$MeshFormat
2.2 0 8
$EndMeshFormat
$PhysicalNames
7
2 991 "boundary_xm"
2 992 "boundary_xp"
2 993 "boundary_ym"
2 994 "boundary_yp"
2 995 "boundary_zm"
2 996 "boundary_zp"
3 99991 "matrix"
$EndPhysicalNames
$Nodes
1688
1 0 0 0
2 1 0 0
3 1 7 0
4 0 7 0
5 0 7 1
6 0 0 1
7 1 0 1
8 1 7 1
9 0.333333333332501 0 0
10 0.6666666666657874 0 0
11 1 6.966666666666683 0
12 1 6.933333333333365 0
13 1 6.900000000000047 0
14 1 6.866666666666729 0
15 1 6.833333333333412 0
16 1 6.800000000000094 0
17 1 6.766666666666777 0
18 1 6.733333333333459 0
19 1 6.700000000000141 0
20 1 6.666666666666824 0
21 1 6.633333333333506 0
22 1 6.600000000000189 0
23 1 6.566666666666871 0
24 1 6.533333333333553 0
25 1 6.500000000000236 0
26 1 6.466666666666918 0
27 1 6.433333333333601 0
28 1 6.400000000000283 0
29 1 6.366666666666966 0
30 1 6.333333333333647 0
31 1 6.30000000000033 0
32 1 6.266666666667013 0
33 1 6.233333333333695 0
34 1 6.200000000000378 0
35 1 6.16666666666706 0
36 1 6.133333333333742 0
37 1 6.100000000000424 0
38 1 6.066666666667107 0
39 1 6.033333333333789 0
40 1 6.000000000000472 0
41 1 5.966666666667154 0
42 1 5.933333333333836 0
43 1 5.900000000000519 0
44 1 5.866666666667201 0
45 1 5.833333333333883 0
46 1 5.800000000000566 0
47 1 5.766666666667248 0
48 1 5.73333333333393 0
49 1 5.700000000000612 0
50 1 5.666666666667295 0
51 1 5.633333333333978 0
52 1 5.60000000000066 0
53 1 5.566666666667342 0
54 1 5.533333333334024 0
55 1 5.500000000000707 0
56 1 5.466666666667389 0
57 1 5.433333333334072 0
58 1 5.400000000000754 0
59 1 5.366666666667436 0
60 1 5.333333333334118 0
61 1 5.300000000000801 0
62 1 5.266666666667483 0
63 1 5.233333333334166 0
64 1 5.200000000000847 0
65 1 5.16666666666753 0
66 1 5.133333333334212 0
67 1 5.100000000000895 0
68 1 5.066666666667577 0
69 1 5.03333333333426 0
70 1 5.000000000000941 0
71 1 4.966666666667624 0
72 1 4.933333333334306 0
73 1 4.900000000000988 0
74 1 4.866666666667671 0
75 1 4.833333333334354 0
76 1 4.800000000001036 0
77 1 4.766666666667717 0
78 1 4.7333333333344 0
79 1 4.700000000001083 0
80 1 4.666666666667766 0
81 1 4.633333333334448 0
82 1 4.600000000001129 0
83 1 4.566666666667812 0
84 1 4.533333333334495 0
85 1 4.500000000001177 0
86 1 4.466666666667859 0
87 1 4.433333333334541 0
88 1 4.400000000001224 0
89 1 4.366666666667906 0
90 1 4.333333333334588 0
91 1 4.300000000001271 0
92 1 4.266666666667954 0
93 1 4.233333333334635 0
94 1 4.200000000001317 0
95 1 4.166666666668 0
96 1 4.133333333334683 0
97 1 4.100000000001366 0
98 1 4.066666666668048 0
99 1 4.033333333334729 0
100 1 4.000000000001412 0
101 1 3.966666666668095 0
102 1 3.933333333334777 0
103 1 3.900000000001459 0
104 1 3.866666666668141 0
105 1 3.833333333334824 0
106 1 3.800000000001506 0
107 1 3.766666666668189 0
108 1 3.733333333334871 0
109 1 3.700000000001553 0
110 1 3.666666666668235 0
111 1 3.633333333334918 0
112 1 3.6000000000016 0
113 1 3.566666666668283 0
114 1 3.533333333334931 0
115 1 3.500000000001561 0
116 1 3.466666666668084 0
117 1 3.433333333334589 0
118 1 3.40000000000106 0
119 1 3.366666666667531 0
120 1 3.333333333334002 0
121 1 3.300000000000474 0
122 1 3.266666666666945 0
123 1 3.233333333333415 0
124 1 3.199999999999886 0
125 1 3.166666666666358 0
126 1 3.133333333332829 0
127 1 3.0999999999993 0
128 1 3.066666666665771 0
129 1 3.033333333332243 0
130 1 2.999999999998738 0
131 1 2.966666666665315 0
132 1 2.933333333331954 0
133 1 2.899999999998636 0
134 1 2.866666666665318 0
135 1 2.833333333332001 0
136 1 2.799999999998683 0
137 1 2.766666666665366 0
138 1 2.733333333332048 0
139 1 2.699999999998731 0
140 1 2.666666666665413 0
141 1 2.633333333332096 0
142 1 2.599999999998778 0
143 1 2.56666666666546 0
144 1 2.533333333332141 0
145 1 2.499999999998824 0
146 1 2.466666666665507 0
147 1 2.43333333333219 0
148 1 2.399999999998871 0
149 1 2.366666666665554 0
150 1 2.333333333332236 0
151 1 2.299999999998919 0
152 1 2.266666666665601 0
153 1 2.233333333332284 0
154 1 2.199999999998965 0
155 1 2.166666666665648 0
156 1 2.13333333333233 0
157 1 2.099999999999013 0
158 1 2.066666666665695 0
159 1 2.033333333332378 0
160 1 1.999999999999059 0
161 1 1.966666666665742 0
162 1 1.933333333332424 0
163 1 1.899999999999107 0
164 1 1.86666666666579 0
165 1 1.833333333332472 0
166 1 1.799999999999153 0
167 1 1.766666666665836 0
168 1 1.733333333332518 0
169 1 1.699999999999201 0
170 1 1.666666666665883 0
171 1 1.633333333332565 0
172 1 1.599999999999248 0
173 1 1.566666666665931 0
174 1 1.533333333332613 0
175 1 1.499999999999295 0
176 1 1.466666666665977 0
177 1 1.433333333332659 0
178 1 1.399999999999341 0
179 1 1.366666666666024 0
180 1 1.333333333332706 0
181 1 1.29999999999939 0
182 1 1.266666666666072 0
183 1 1.233333333332753 0
184 1 1.199999999999436 0
185 1 1.166666666666119 0
186 1 1.133333333332801 0
187 1 1.099999999999483 0
188 1 1.066666666666165 0
189 1 1.033333333332847 0
190 1 0.9999999999995302 0
191 1 0.966666666666212 0
192 1 0.9333333333328948 0
193 1 0.8999999999995776 0
194 1 0.8666666666662595 0
195 1 0.8333333333329414 0
196 1 0.7999999999996241 0
197 1 0.766666666666306 0
198 1 0.7333333333329879 0
199 1 0.6999999999996707 0
200 1 0.6666666666663534 0
201 1 0.6333333333330362 0
202 1 0.5999999999997181 0
203 1 0.5666666666664 0
204 1 0.5333333333330827 0
205 1 0.4999999999997655 0
206 1 0.4666666666664474 0
207 1 0.4333333333331302 0
208 1 0.3999999999998121 0
209 1 0.3666666666664948 0
210 1 0.3333333333331767 0
211 1 0.2999999999998586 0
212 1 0.2666666666665414 0
213 1 0.2333333333332241 0
214 1 0.199999999999906 0
215 1 0.1666666666665879 0
216 1 0.1333333333332716 0
217 1 0.09999999999995346 0
218 1 0.06666666666663534 0
219 1 0.03333333333331723 0
220 0.6666666666675918 7 0
221 0.3333333333347207 7 0
222 0 6.966666666666683 0
223 0 6.933333333333365 0
224 0 6.900000000000047 0
225 0 6.866666666666729 0
226 0 6.833333333333412 0
227 0 6.800000000000094 0
228 0 6.766666666666777 0
229 0 6.733333333333459 0
230 0 6.700000000000141 0
231 0 6.666666666666824 0
232 0 6.633333333333506 0
233 0 6.600000000000189 0
234 0 6.566666666666871 0
235 0 6.533333333333553 0
236 0 6.500000000000236 0
237 0 6.466666666666918 0
238 0 6.433333333333601 0
239 0 6.400000000000283 0
240 0 6.366666666666966 0
241 0 6.333333333333647 0
242 0 6.30000000000033 0
243 0 6.266666666667013 0
244 0 6.233333333333695 0
245 0 6.200000000000378 0
246 0 6.16666666666706 0
247 0 6.133333333333742 0
248 0 6.100000000000424 0
249 0 6.066666666667107 0
250 0 6.033333333333789 0
251 0 6.000000000000472 0
252 0 5.966666666667154 0
253 0 5.933333333333836 0
254 0 5.900000000000519 0
255 0 5.866666666667201 0
256 0 5.833333333333883 0
257 0 5.800000000000566 0
258 0 5.766666666667248 0
259 0 5.73333333333393 0
260 0 5.700000000000612 0
261 0 5.666666666667295 0
262 0 5.633333333333978 0
263 0 5.60000000000066 0
264 0 5.566666666667342 0
265 0 5.533333333334024 0
266 0 5.500000000000707 0
267 0 5.466666666667389 0
268 0 5.433333333334072 0
269 0 5.400000000000754 0
270 0 5.366666666667436 0
271 0 5.333333333334118 0
272 0 5.300000000000801 0
273 0 5.266666666667483 0
274 0 5.233333333334166 0
275 0 5.200000000000847 0
276 0 5.16666666666753 0
277 0 5.133333333334212 0
278 0 5.100000000000895 0
279 0 5.066666666667577 0
280 0 5.03333333333426 0
281 0 5.000000000000941 0
282 0 4.966666666667624 0
283 0 4.933333333334306 0
284 0 4.900000000000988 0
285 0 4.866666666667671 0
286 0 4.833333333334354 0
287 0 4.800000000001036 0
288 0 4.766666666667717 0
289 0 4.7333333333344 0
290 0 4.700000000001083 0
291 0 4.666666666667766 0
292 0 4.633333333334448 0
293 0 4.600000000001129 0
294 0 4.566666666667812 0
295 0 4.533333333334495 0
296 0 4.500000000001177 0
297 0 4.466666666667859 0
298 0 4.433333333334541 0
299 0 4.400000000001224 0
300 0 4.366666666667906 0
301 0 4.333333333334588 0
302 0 4.300000000001271 0
303 0 4.266666666667954 0
304 0 4.233333333334635 0
305 0 4.200000000001317 0
306 0 4.166666666668 0
307 0 4.133333333334683 0
308 0 4.100000000001366 0
309 0 4.066666666668048 0
310 0 4.033333333334729 0
311 0 4.000000000001412 0
312 0 3.966666666668095 0
313 0 3.933333333334777 0
314 0 3.900000000001459 0
315 0 3.866666666668141 0
316 0 3.833333333334824 0
317 0 3.800000000001506 0
318 0 3.766666666668189 0
319 0 3.733333333334871 0
320 0 3.700000000001553 0
321 0 3.666666666668235 0
322 0 3.633333333334918 0
323 0 3.6000000000016 0
324 0 3.566666666668283 0
325 0 3.533333333334931 0
326 0 3.500000000001561 0
327 0 3.466666666668084 0
328 0 3.433333333334589 0
329 0 3.40000000000106 0
330 0 3.366666666667531 0
331 0 3.333333333334002 0
332 0 3.300000000000474 0
333 0 3.266666666666945 0
334 0 3.233333333333415 0
335 0 3.199999999999886 0
336 0 3.166666666666358 0
337 0 3.133333333332829 0
338 0 3.0999999999993 0
339 0 3.066666666665771 0
340 0 3.033333333332243 0
341 0 2.999999999998738 0
342 0 2.966666666665315 0
343 0 2.933333333331954 0
344 0 2.899999999998636 0
345 0 2.866666666665318 0
346 0 2.833333333332001 0
347 0 2.799999999998683 0
348 0 2.766666666665366 0
349 0 2.733333333332048 0
350 0 2.699999999998731 0
351 0 2.666666666665413 0
352 0 2.633333333332096 0
353 0 2.599999999998778 0
354 0 2.56666666666546 0
355 0 2.533333333332141 0
356 0 2.499999999998824 0
357 0 2.466666666665507 0
358 0 2.43333333333219 0
359 0 2.399999999998871 0
360 0 2.366666666665554 0
361 0 2.333333333332236 0
362 0 2.299999999998919 0
363 0 2.266666666665601 0
364 0 2.233333333332284 0
365 0 2.199999999998965 0
366 0 2.166666666665648 0
367 0 2.13333333333233 0
368 0 2.099999999999013 0
369 0 2.066666666665695 0
370 0 2.033333333332378 0
371 0 1.999999999999059 0
372 0 1.966666666665742 0
373 0 1.933333333332424 0
374 0 1.899999999999107 0
375 0 1.86666666666579 0
376 0 1.833333333332472 0
377 0 1.799999999999153 0
378 0 1.766666666665836 0
379 0 1.733333333332518 0
380 0 1.699999999999201 0
381 0 1.666666666665883 0
382 0 1.633333333332565 0
383 0 1.599999999999248 0
384 0 1.566666666665931 0
385 0 1.533333333332613 0
386 0 1.499999999999295 0
387 0 1.466666666665977 0
388 0 1.433333333332659 0
389 0 1.399999999999341 0
390 0 1.366666666666024 0
391 0 1.333333333332706 0
392 0 1.29999999999939 0
393 0 1.266666666666072 0
394 0 1.233333333332753 0
395 0 1.199999999999436 0
396 0 1.166666666666119 0
397 0 1.133333333332801 0
398 0 1.099999999999483 0
399 0 1.066666666666165 0
400 0 1.033333333332847 0
401 0 0.9999999999995302 0
402 0 0.966666666666212 0
403 0 0.9333333333328948 0
404 0 0.8999999999995776 0
405 0 0.8666666666662595 0
406 0 0.8333333333329414 0
407 0 0.7999999999996241 0
408 0 0.766666666666306 0
409 0 0.7333333333329879 0
410 0 0.6999999999996707 0
411 0 0.6666666666663534 0
412 0 0.6333333333330362 0
413 0 0.5999999999997181 0
414 0 0.5666666666664 0
415 0 0.5333333333330827 0
416 0 0.4999999999997655 0
417 0 0.4666666666664474 0
418 0 0.4333333333331302 0
419 0 0.3999999999998121 0
420 0 0.3666666666664948 0
421 0 0.3333333333331767 0
422 0 0.2999999999998586 0
423 0 0.2666666666665414 0
424 0 0.2333333333332241 0
425 0 0.199999999999906 0
426 0 0.1666666666665879 0
427 0 0.1333333333332716 0
428 0 0.09999999999995346 0
429 0 0.06666666666663534 0
430 0 0.03333333333331723 0
431 0 6.966666666666683 1
432 0 6.933333333333365 1
433 0 6.900000000000047 1
434 0 6.866666666666729 1
435 0 6.833333333333412 1
436 0 6.800000000000094 1
437 0 6.766666666666777 1
438 0 6.733333333333459 1
439 0 6.700000000000141 1
440 0 6.666666666666824 1
441 0 6.633333333333506 1
442 0 6.600000000000189 1
443 0 6.566666666666871 1
444 0 6.533333333333553 1
445 0 6.500000000000236 1
446 0 6.466666666666918 1
447 0 6.433333333333601 1
448 0 6.400000000000283 1
449 0 6.366666666666966 1
450 0 6.333333333333647 1
451 0 6.30000000000033 1
452 0 6.266666666667013 1
453 0 6.233333333333695 1
454 0 6.200000000000378 1
455 0 6.16666666666706 1
456 0 6.133333333333742 1
457 0 6.100000000000424 1
458 0 6.066666666667107 1
459 0 6.033333333333789 1
460 0 6.000000000000472 1
461 0 5.966666666667154 1
462 0 5.933333333333836 1
463 0 5.900000000000519 1
464 0 5.866666666667201 1
465 0 5.833333333333883 1
466 0 5.800000000000566 1
467 0 5.766666666667248 1
468 0 5.73333333333393 1
469 0 5.700000000000612 1
470 0 5.666666666667295 1
471 0 5.633333333333978 1
472 0 5.60000000000066 1
473 0 5.566666666667342 1
474 0 5.533333333334024 1
475 0 5.500000000000707 1
476 0 5.466666666667389 1
477 0 5.433333333334072 1
478 0 5.400000000000754 1
479 0 5.366666666667436 1
480 0 5.333333333334118 1
481 0 5.300000000000801 1
482 0 5.266666666667483 1
483 0 5.233333333334166 1
484 0 5.200000000000847 1
485 0 5.16666666666753 1
486 0 5.133333333334212 1
487 0 5.100000000000895 1
488 0 5.066666666667577 1
489 0 5.03333333333426 1
490 0 5.000000000000941 1
491 0 4.966666666667624 1
492 0 4.933333333334306 1
493 0 4.900000000000988 1
494 0 4.866666666667671 1
495 0 4.833333333334354 1
496 0 4.800000000001036 1
497 0 4.766666666667717 1
498 0 4.7333333333344 1
499 0 4.700000000001083 1
500 0 4.666666666667766 1
501 0 4.633333333334448 1
502 0 4.600000000001129 1
503 0 4.566666666667812 1
504 0 4.533333333334495 1
505 0 4.500000000001177 1
506 0 4.466666666667859 1
507 0 4.433333333334541 1
508 0 4.400000000001224 1
509 0 4.366666666667906 1
510 0 4.333333333334588 1
511 0 4.300000000001271 1
512 0 4.266666666667954 1
513 0 4.233333333334635 1
514 0 4.200000000001317 1
515 0 4.166666666668 1
516 0 4.133333333334683 1
517 0 4.100000000001366 1
518 0 4.066666666668048 1
519 0 4.033333333334729 1
520 0 4.000000000001412 1
521 0 3.966666666668095 1
522 0 3.933333333334777 1
523 0 3.900000000001459 1
524 0 3.866666666668141 1
525 0 3.833333333334824 1
526 0 3.800000000001506 1
527 0 3.766666666668189 1
528 0 3.733333333334871 1
529 0 3.700000000001553 1
530 0 3.666666666668235 1
531 0 3.633333333334918 1
532 0 3.6000000000016 1
533 0 3.566666666668283 1
534 0 3.533333333334931 1
535 0 3.500000000001561 1
536 0 3.466666666668084 1
537 0 3.433333333334589 1
538 0 3.40000000000106 1
539 0 3.366666666667531 1
540 0 3.333333333334002 1
541 0 3.300000000000474 1
542 0 3.266666666666945 1
543 0 3.233333333333415 1
544 0 3.199999999999886 1
545 0 3.166666666666358 1
546 0 3.133333333332829 1
547 0 3.0999999999993 1
548 0 3.066666666665771 1
549 0 3.033333333332243 1
550 0 2.999999999998738 1
551 0 2.966666666665315 1
552 0 2.933333333331954 1
553 0 2.899999999998636 1
554 0 2.866666666665318 1
555 0 2.833333333332001 1
556 0 2.799999999998683 1
557 0 2.766666666665366 1
558 0 2.733333333332048 1
559 0 2.699999999998731 1
560 0 2.666666666665413 1
561 0 2.633333333332096 1
562 0 2.599999999998778 1
563 0 2.56666666666546 1
564 0 2.533333333332141 1
565 0 2.499999999998824 1
566 0 2.466666666665507 1
567 0 2.43333333333219 1
568 0 2.399999999998871 1
569 0 2.366666666665554 1
570 0 2.333333333332236 1
571 0 2.299999999998919 1
572 0 2.266666666665601 1
573 0 2.233333333332284 1
574 0 2.199999999998965 1
575 0 2.166666666665648 1
576 0 2.13333333333233 1
577 0 2.099999999999013 1
578 0 2.066666666665695 1
579 0 2.033333333332378 1
580 0 1.999999999999059 1
581 0 1.966666666665742 1
582 0 1.933333333332424 1
583 0 1.899999999999107 1
584 0 1.86666666666579 1
585 0 1.833333333332472 1
586 0 1.799999999999153 1
587 0 1.766666666665836 1
588 0 1.733333333332518 1
589 0 1.699999999999201 1
590 0 1.666666666665883 1
591 0 1.633333333332565 1
592 0 1.599999999999248 1
593 0 1.566666666665931 1
594 0 1.533333333332613 1
595 0 1.499999999999295 1
596 0 1.466666666665977 1
597 0 1.433333333332659 1
598 0 1.399999999999341 1
599 0 1.366666666666024 1
600 0 1.333333333332706 1
601 0 1.29999999999939 1
602 0 1.266666666666072 1
603 0 1.233333333332753 1
604 0 1.199999999999436 1
605 0 1.166666666666119 1
606 0 1.133333333332801 1
607 0 1.099999999999483 1
608 0 1.066666666666165 1
609 0 1.033333333332847 1
610 0 0.9999999999995302 1
611 0 0.966666666666212 1
612 0 0.9333333333328948 1
613 0 0.8999999999995776 1
614 0 0.8666666666662595 1
615 0 0.8333333333329414 1
616 0 0.7999999999996241 1
617 0 0.766666666666306 1
618 0 0.7333333333329879 1
619 0 0.6999999999996707 1
620 0 0.6666666666663534 1
621 0 0.6333333333330362 1
622 0 0.5999999999997181 1
623 0 0.5666666666664 1
624 0 0.5333333333330827 1
625 0 0.4999999999997655 1
626 0 0.4666666666664474 1
627 0 0.4333333333331302 1
628 0 0.3999999999998121 1
629 0 0.3666666666664948 1
630 0 0.3333333333331767 1
631 0 0.2999999999998586 1
632 0 0.2666666666665414 1
633 0 0.2333333333332241 1
634 0 0.199999999999906 1
635 0 0.1666666666665879 1
636 0 0.1333333333332716 1
637 0 0.09999999999995346 1
638 0 0.06666666666663534 1
639 0 0.03333333333331723 1
640 0.333333333332501 0 1
641 0.6666666666657874 0 1
642 1 0.03333333333331723 1
643 1 0.06666666666663534 1
644 1 0.09999999999995346 1
645 1 0.1333333333332716 1
646 1 0.1666666666665879 1
647 1 0.199999999999906 1
648 1 0.2333333333332241 1
649 1 0.2666666666665414 1
650 1 0.2999999999998586 1
651 1 0.3333333333331767 1
652 1 0.3666666666664948 1
653 1 0.3999999999998121 1
654 1 0.4333333333331302 1
655 1 0.4666666666664474 1
656 1 0.4999999999997655 1
657 1 0.5333333333330827 1
658 1 0.5666666666664 1
659 1 0.5999999999997181 1
660 1 0.6333333333330362 1
661 1 0.6666666666663534 1
662 1 0.6999999999996707 1
663 1 0.7333333333329879 1
664 1 0.766666666666306 1
665 1 0.7999999999996241 1
666 1 0.8333333333329414 1
667 1 0.8666666666662595 1
668 1 0.8999999999995776 1
669 1 0.9333333333328948 1
670 1 0.966666666666212 1
671 1 0.9999999999995302 1
672 1 1.033333333332847 1
673 1 1.066666666666165 1
674 1 1.099999999999483 1
675 1 1.133333333332801 1
676 1 1.166666666666119 1
677 1 1.199999999999436 1
678 1 1.233333333332753 1
679 1 1.266666666666072 1
680 1 1.29999999999939 1
681 1 1.333333333332706 1
682 1 1.366666666666024 1
683 1 1.399999999999341 1
684 1 1.433333333332659 1
685 1 1.466666666665977 1
686 1 1.499999999999295 1
687 1 1.533333333332613 1
688 1 1.566666666665931 1
689 1 1.599999999999248 1
690 1 1.633333333332565 1
691 1 1.666666666665883 1
692 1 1.699999999999201 1
693 1 1.733333333332518 1
694 1 1.766666666665836 1
695 1 1.799999999999153 1
696 1 1.833333333332472 1
697 1 1.86666666666579 1
698 1 1.899999999999107 1
699 1 1.933333333332424 1
700 1 1.966666666665742 1
701 1 1.999999999999059 1
702 1 2.033333333332378 1
703 1 2.066666666665695 1
704 1 2.099999999999013 1
705 1 2.13333333333233 1
706 1 2.166666666665648 1
707 1 2.199999999998965 1
708 1 2.233333333332284 1
709 1 2.266666666665601 1
710 1 2.299999999998919 1
711 1 2.333333333332236 1
712 1 2.366666666665554 1
713 1 2.399999999998871 1
714 1 2.43333333333219 1
715 1 2.466666666665507 1
716 1 2.499999999998824 1
717 1 2.533333333332141 1
718 1 2.56666666666546 1
719 1 2.599999999998778 1
720 1 2.633333333332096 1
721 1 2.666666666665413 1
722 1 2.699999999998731 1
723 1 2.733333333332048 1
724 1 2.766666666665366 1
725 1 2.799999999998683 1
726 1 2.833333333332001 1
727 1 2.866666666665318 1
728 1 2.899999999998636 1
729 1 2.933333333331954 1
730 1 2.966666666665315 1
731 1 2.999999999998738 1
732 1 3.033333333332243 1
733 1 3.066666666665771 1
734 1 3.0999999999993 1
735 1 3.133333333332829 1
736 1 3.166666666666358 1
737 1 3.199999999999886 1
738 1 3.233333333333415 1
739 1 3.266666666666945 1
740 1 3.300000000000474 1
741 1 3.333333333334002 1
742 1 3.366666666667531 1
743 1 3.40000000000106 1
744 1 3.433333333334589 1
745 1 3.466666666668084 1
746 1 3.500000000001561 1
747 1 3.533333333334931 1
748 1 3.566666666668283 1
749 1 3.6000000000016 1
750 1 3.633333333334918 1
751 1 3.666666666668235 1
752 1 3.700000000001553 1
753 1 3.733333333334871 1
754 1 3.766666666668189 1
755 1 3.800000000001506 1
756 1 3.833333333334824 1
757 1 3.866666666668141 1
758 1 3.900000000001459 1
759 1 3.933333333334777 1
760 1 3.966666666668095 1
761 1 4.000000000001412 1
762 1 4.033333333334729 1
763 1 4.066666666668048 1
764 1 4.100000000001366 1
765 1 4.133333333334683 1
766 1 4.166666666668 1
767 1 4.200000000001317 1
768 1 4.233333333334635 1
769 1 4.266666666667954 1
770 1 4.300000000001271 1
771 1 4.333333333334588 1
772 1 4.366666666667906 1
773 1 4.400000000001224 1
774 1 4.433333333334541 1
775 1 4.466666666667859 1
776 1 4.500000000001177 1
777 1 4.533333333334495 1
778 1 4.566666666667812 1
779 1 4.600000000001129 1
780 1 4.633333333334448 1
781 1 4.666666666667766 1
782 1 4.700000000001083 1
783 1 4.7333333333344 1
784 1 4.766666666667717 1
785 1 4.800000000001036 1
786 1 4.833333333334354 1
787 1 4.866666666667671 1
788 1 4.900000000000988 1
789 1 4.933333333334306 1
790 1 4.966666666667624 1
791 1 5.000000000000941 1
792 1 5.03333333333426 1
793 1 5.066666666667577 1
794 1 5.100000000000895 1
795 1 5.133333333334212 1
796 1 5.16666666666753 1
797 1 5.200000000000847 1
798 1 5.233333333334166 1
799 1 5.266666666667483 1
800 1 5.300000000000801 1
801 1 5.333333333334118 1
802 1 5.366666666667436 1
803 1 5.400000000000754 1
804 1 5.433333333334072 1
805 1 5.466666666667389 1
806 1 5.500000000000707 1
807 1 5.533333333334024 1
808 1 5.566666666667342 1
809 1 5.60000000000066 1
810 1 5.633333333333978 1
811 1 5.666666666667295 1
812 1 5.700000000000612 1
813 1 5.73333333333393 1
814 1 5.766666666667248 1
815 1 5.800000000000566 1
816 1 5.833333333333883 1
817 1 5.866666666667201 1
818 1 5.900000000000519 1
819 1 5.933333333333836 1
820 1 5.966666666667154 1
821 1 6.000000000000472 1
822 1 6.033333333333789 1
823 1 6.066666666667107 1
824 1 6.100000000000424 1
825 1 6.133333333333742 1
826 1 6.16666666666706 1
827 1 6.200000000000378 1
828 1 6.233333333333695 1
829 1 6.266666666667013 1
830 1 6.30000000000033 1
831 1 6.333333333333647 1
832 1 6.366666666666966 1
833 1 6.400000000000283 1
834 1 6.433333333333601 1
835 1 6.466666666666918 1
836 1 6.500000000000236 1
837 1 6.533333333333553 1
838 1 6.566666666666871 1
839 1 6.600000000000189 1
840 1 6.633333333333506 1
841 1 6.666666666666824 1
842 1 6.700000000000141 1
843 1 6.733333333333459 1
844 1 6.766666666666777 1
845 1 6.800000000000094 1
846 1 6.833333333333412 1
847 1 6.866666666666729 1
848 1 6.900000000000047 1
849 1 6.933333333333365 1
850 1 6.966666666666683 1
851 0.6666666666675918 7 1
852 0.3333333333347207 7 1
853 0.3333333333325116 0.03333333333331722 0
854 0.3333333333325222 0.06666666666663534 0
855 0.3333333333325328 0.09999999999995345 0
856 0.3333333333325434 0.1333333333332716 0
857 0.3333333333325538 0.1666666666665879 0
858 0.3333333333325644 0.199999999999906 0
859 0.3333333333325749 0.2333333333332241 0
860 0.3333333333325857 0.2666666666665414 0
861 0.3333333333325961 0.2999999999998586 0
862 0.3333333333326067 0.3333333333331767 0
863 0.3333333333326172 0.3666666666664948 0
864 0.3333333333326279 0.399999999999812 0
865 0.3333333333326384 0.4333333333331302 0
866 0.3333333333326491 0.4666666666664474 0
867 0.3333333333326596 0.4999999999997655 0
868 0.3333333333326701 0.5333333333330827 0
869 0.3333333333326807 0.5666666666664 0
870 0.3333333333326913 0.5999999999997181 0
871 0.3333333333327019 0.6333333333330362 0
872 0.3333333333327124 0.6666666666663534 0
873 0.3333333333327229 0.6999999999996707 0
874 0.3333333333327336 0.7333333333329878 0
875 0.3333333333327441 0.766666666666306 0
876 0.3333333333327548 0.799999999999624 0
877 0.3333333333327653 0.8333333333329414 0
878 0.3333333333327759 0.8666666666662595 0
879 0.3333333333327864 0.8999999999995776 0
880 0.333333333332797 0.9333333333328948 0
881 0.3333333333328076 0.9666666666662119 0
882 0.3333333333328182 0.99999999999953 0
883 0.3333333333328288 1.033333333332847 0
884 0.3333333333328392 1.066666666666165 0
885 0.3333333333328499 1.099999999999483 0
886 0.3333333333328605 1.133333333332801 0
887 0.3333333333328711 1.166666666666119 0
888 0.3333333333328816 1.199999999999436 0
889 0.3333333333328922 1.233333333332753 0
890 0.3333333333329027 1.266666666666072 0
891 0.3333333333329132 1.29999999999939 0
892 0.3333333333329239 1.333333333332706 0
893 0.3333333333329344 1.366666666666024 0
894 0.333333333332945 1.399999999999341 0
895 0.3333333333329555 1.433333333332659 0
896 0.3333333333329662 1.466666666665977 0
897 0.3333333333329767 1.499999999999295 0
898 0.3333333333329874 1.533333333332613 0
899 0.3333333333329979 1.566666666665931 0
900 0.3333333333330084 1.599999999999248 0
901 0.3333333333330189 1.633333333332565 0
902 0.3333333333330296 1.666666666665883 0
903 0.3333333333330401 1.699999999999201 0
904 0.3333333333330507 1.733333333332518 0
905 0.3333333333330612 1.766666666665836 0
906 0.3333333333330717 1.799999999999153 0
907 0.3333333333330823 1.833333333332472 0
908 0.333333333333093 1.86666666666579 0
909 0.3333333333331035 1.899999999999107 0
910 0.333333333333114 1.933333333332424 0
911 0.3333333333331246 1.966666666665742 0
912 0.3333333333331353 1.999999999999059 0
913 0.3333333333331459 2.033333333332378 0
914 0.3333333333331565 2.066666666665694 0
915 0.3333333333331671 2.099999999999013 0
916 0.3333333333331774 2.13333333333233 0
917 0.333333333333188 2.166666666665648 0
918 0.3333333333331986 2.199999999998965 0
919 0.3333333333332092 2.233333333332283 0
920 0.3333333333332199 2.266666666665601 0
921 0.3333333333332304 2.299999999998918 0
922 0.3333333333332408 2.333333333332236 0
923 0.3333333333332515 2.366666666665554 0
924 0.333333333333262 2.399999999998871 0
925 0.3333333333332726 2.43333333333219 0
926 0.3333333333332832 2.466666666665506 0
927 0.3333333333332937 2.499999999998824 0
928 0.3333333333333043 2.533333333332141 0
929 0.3333333333333148 2.56666666666546 0
930 0.3333333333333254 2.599999999998778 0
931 0.333333333333336 2.633333333332096 0
932 0.3333333333333466 2.666666666665412 0
933 0.3333333333333572 2.699999999998731 0
934 0.3333333333333678 2.733333333332048 0
935 0.3333333333333783 2.766666666665366 0
936 0.333333333333389 2.799999999998683 0
937 0.3333333333333994 2.833333333332 0
938 0.3333333333334101 2.866666666665318 0
939 0.3333333333334206 2.899999999998636 0
940 0.3333333333334311 2.933333333331954 0
941 0.3333333333334417 2.966666666665315 0
942 0.3333333333334524 2.999999999998738 0
943 0.3333333333334629 3.033333333332243 0
944 0.3333333333334734 3.066666666665771 0
945 0.333333333333484 3.0999999999993 0
946 0.3333333333334946 3.133333333332829 0
947 0.3333333333335053 3.166666666666358 0
948 0.3333333333335157 3.199999999999886 0
949 0.3333333333335263 3.233333333333415 0
950 0.3333333333335368 3.266666666666945 0
951 0.3333333333335475 3.300000000000474 0
952 0.333333333333558 3.333333333334002 0
953 0.3333333333335686 3.366666666667531 0
954 0.3333333333335792 3.400000000001061 0
955 0.3333333333335898 3.433333333334589 0
956 0.3333333333336003 3.466666666668084 0
957 0.3333333333336109 3.500000000001561 0
958 0.3333333333336214 3.533333333334931 0
959 0.333333333333632 3.566666666668282 0
960 0.3333333333336425 3.6000000000016 0
961 0.3333333333336532 3.633333333334918 0
962 0.3333333333336637 3.666666666668235 0
963 0.3333333333336743 3.700000000001552 0
964 0.3333333333336849 3.733333333334871 0
965 0.3333333333336954 3.766666666668189 0
966 0.333333333333706 3.800000000001506 0
967 0.3333333333337166 3.833333333334823 0
968 0.3333333333337271 3.866666666668142 0
969 0.3333333333337378 3.900000000001458 0
970 0.3333333333337483 3.933333333334777 0
971 0.3333333333337589 3.966666666668095 0
972 0.3333333333337695 4.000000000001412 0
973 0.33333333333378 4.033333333334729 0
974 0.3333333333337905 4.066666666668049 0
975 0.3333333333338012 4.100000000001366 0
976 0.3333333333338117 4.133333333334683 0
977 0.3333333333338223 4.166666666668 0
978 0.3333333333338328 4.200000000001317 0
979 0.3333333333338434 4.233333333334635 0
980 0.333333333333854 4.266666666667954 0
981 0.3333333333338646 4.300000000001271 0
982 0.3333333333338752 4.333333333334588 0
983 0.3333333333338858 4.366666666667907 0
984 0.3333333333338963 4.400000000001224 0
985 0.3333333333339069 4.433333333334541 0
986 0.3333333333339174 4.466666666667859 0
987 0.333333333333928 4.500000000001176 0
988 0.3333333333339385 4.533333333334495 0
989 0.3333333333339492 4.566666666667812 0
990 0.3333333333339597 4.600000000001129 0
991 0.3333333333339702 4.633333333334448 0
992 0.3333333333339808 4.666666666667766 0
993 0.3333333333339913 4.700000000001083 0
994 0.333333333334002 4.7333333333344 0
995 0.3333333333340125 4.766666666667717 0
996 0.3333333333340231 4.800000000001036 0
997 0.3333333333340338 4.833333333334354 0
998 0.3333333333340442 4.866666666667671 0
999 0.3333333333340548 4.900000000000988 0
1000 0.3333333333340653 4.933333333334306 0
1001 0.3333333333340759 4.966666666667624 0
1002 0.3333333333340865 5.000000000000941 0
1003 0.333333333334097 5.033333333334259 0
1004 0.3333333333341077 5.066666666667579 0
1005 0.3333333333341182 5.100000000000895 0
1006 0.3333333333341288 5.133333333334212 0
1007 0.3333333333341393 5.166666666667531 0
1008 0.3333333333341499 5.200000000000849 0
1009 0.3333333333341605 5.233333333334165 0
1010 0.3333333333341711 5.266666666667483 0
1011 0.3333333333341816 5.3000000000008 0
1012 0.3333333333341921 5.333333333334118 0
1013 0.3333333333342027 5.366666666667435 0
1014 0.3333333333342133 5.400000000000754 0
1015 0.3333333333342239 5.433333333334072 0
1016 0.3333333333342344 5.466666666667391 0
1017 0.333333333334245 5.500000000000706 0
1018 0.3333333333342556 5.533333333334024 0
1019 0.3333333333342662 5.566666666667343 0
1020 0.3333333333342768 5.600000000000662 0
1021 0.3333333333342873 5.633333333333977 0
1022 0.3333333333342979 5.666666666667295 0
1023 0.3333333333343084 5.700000000000612 0
1024 0.3333333333343191 5.73333333333393 0
1025 0.3333333333343297 5.766666666667247 0
1026 0.3333333333343402 5.800000000000566 0
1027 0.3333333333343508 5.833333333333882 0
1028 0.3333333333343613 5.866666666667203 0
1029 0.3333333333343719 5.900000000000518 0
1030 0.3333333333343825 5.933333333333836 0
1031 0.333333333334393 5.966666666667152 0
1032 0.3333333333344037 6.000000000000473 0
1033 0.3333333333344141 6.03333333333379 0
1034 0.3333333333344248 6.066666666667107 0
1035 0.3333333333344353 6.100000000000423 0
1036 0.3333333333344459 6.133333333333742 0
1037 0.3333333333344565 6.16666666666706 0
1038 0.333333333334467 6.200000000000378 0
1039 0.3333333333344776 6.233333333333695 0
1040 0.3333333333344882 6.266666666667014 0
1041 0.3333333333344987 6.30000000000033 0
1042 0.3333333333345094 6.333333333333649 0
1043 0.3333333333345198 6.366666666666965 0
1044 0.3333333333345305 6.400000000000283 0
1045 0.333333333334541 6.433333333333603 0
1046 0.3333333333345516 6.466666666666921 0
1047 0.3333333333345622 6.500000000000236 0
1048 0.3333333333345727 6.533333333333553 0
1049 0.3333333333345834 6.56666666666687 0
1050 0.333333333334594 6.600000000000189 0
1051 0.3333333333346044 6.633333333333507 0
1052 0.3333333333346151 6.666666666666824 0
1053 0.3333333333346256 6.700000000000141 0
1054 0.3333333333346362 6.733333333333459 0
1055 0.3333333333346467 6.766666666666778 0
1056 0.3333333333346573 6.800000000000094 0
1057 0.3333333333346679 6.833333333333411 0
1058 0.3333333333346784 6.866666666666729 0
1059 0.333333333334689 6.900000000000047 0
1060 0.3333333333346997 6.933333333333366 0
1061 0.3333333333347101 6.966666666666683 0
1062 0.6666666666657961 0.03333333333331723 0
1063 0.6666666666658045 0.06666666666663534 0
1064 0.6666666666658133 0.09999999999995346 0
1065 0.6666666666658219 0.1333333333332716 0
1066 0.6666666666658305 0.1666666666665879 0
1067 0.666666666665839 0.199999999999906 0
1068 0.6666666666658476 0.2333333333332241 0
1069 0.6666666666658561 0.2666666666665414 0
1070 0.6666666666658647 0.2999999999998586 0
1071 0.6666666666658734 0.3333333333331767 0
1072 0.666666666665882 0.3666666666664948 0
1073 0.6666666666658907 0.3999999999998121 0
1074 0.6666666666658989 0.4333333333331302 0
1075 0.6666666666659076 0.4666666666664474 0
1076 0.6666666666659165 0.4999999999997655 0
1077 0.6666666666659251 0.5333333333330827 0
1078 0.6666666666659334 0.5666666666664 0
1079 0.666666666665942 0.5999999999997181 0
1080 0.6666666666659506 0.6333333333330362 0
1081 0.6666666666659593 0.6666666666663534 0
1082 0.666666666665968 0.6999999999996707 0
1083 0.6666666666659764 0.7333333333329878 0
1084 0.6666666666659851 0.7666666666663062 0
1085 0.6666666666659937 0.7999999999996241 0
1086 0.6666666666660024 0.8333333333329414 0
1087 0.6666666666660106 0.8666666666662595 0
1088 0.6666666666660195 0.8999999999995776 0
1089 0.6666666666660281 0.9333333333328948 0
1090 0.6666666666660366 0.966666666666212 0
1091 0.666666666666045 0.9999999999995302 0
1092 0.6666666666660537 1.033333333332847 0
1093 0.6666666666660623 1.066666666666165 0
1094 0.666666666666071 1.099999999999483 0
1095 0.6666666666660797 1.133333333332801 0
1096 0.6666666666660881 1.166666666666119 0
1097 0.6666666666660968 1.199999999999436 0
1098 0.6666666666661054 1.233333333332753 0
1099 0.6666666666661141 1.266666666666072 0
1100 0.6666666666661224 1.29999999999939 0
1101 0.6666666666661309 1.333333333332706 0
1102 0.6666666666661399 1.366666666666024 0
1103 0.6666666666661485 1.399999999999341 0
1104 0.6666666666661567 1.433333333332659 0
1105 0.6666666666661654 1.466666666665977 0
1106 0.6666666666661742 1.499999999999295 0
1107 0.6666666666661827 1.533333333332613 0
1108 0.6666666666661911 1.566666666665931 0
1109 0.6666666666661998 1.599999999999248 0
1110 0.6666666666662084 1.633333333332565 0
1111 0.6666666666662171 1.666666666665883 0
1112 0.6666666666662255 1.699999999999201 0
1113 0.6666666666662342 1.733333333332518 0
1114 0.6666666666662429 1.766666666665836 0
1115 0.6666666666662515 1.799999999999153 0
1116 0.66666666666626 1.833333333332472 0
1117 0.6666666666662686 1.86666666666579 0
1118 0.6666666666662773 1.899999999999107 0
1119 0.6666666666662859 1.933333333332424 0
1120 0.6666666666662944 1.966666666665742 0
1121 0.666666666666303 1.999999999999059 0
1122 0.6666666666663115 2.033333333332378 0
1123 0.6666666666663201 2.066666666665695 0
1124 0.6666666666663288 2.099999999999013 0
1125 0.6666666666663374 2.13333333333233 0
1126 0.6666666666663459 2.166666666665648 0
1127 0.6666666666663545 2.199999999998965 0
1128 0.666666666666363 2.233333333332284 0
1129 0.6666666666663716 2.266666666665601 0
1130 0.6666666666663803 2.299999999998919 0
1131 0.666666666666389 2.333333333332236 0
1132 0.6666666666663974 2.366666666665554 0
1133 0.6666666666664061 2.399999999998871 0
1134 0.6666666666664147 2.43333333333219 0
1135 0.6666666666664232 2.466666666665507 0
1136 0.666666666666432 2.499999999998824 0
1137 0.6666666666664403 2.533333333332141 0
1138 0.6666666666664489 2.56666666666546 0
1139 0.6666666666664576 2.599999999998778 0
1140 0.6666666666664662 2.633333333332096 0
1141 0.6666666666664747 2.666666666665413 0
1142 0.6666666666664833 2.699999999998731 0
1143 0.666666666666492 2.733333333332048 0
1144 0.6666666666665004 2.766666666665366 0
1145 0.6666666666665093 2.799999999998683 0
1146 0.6666666666665177 2.833333333332 0
1147 0.6666666666665262 2.866666666665318 0
1148 0.6666666666665351 2.899999999998636 0
1149 0.6666666666665435 2.933333333331954 0
1150 0.6666666666665519 2.966666666665315 0
1151 0.6666666666665608 2.999999999998738 0
1152 0.6666666666665693 3.033333333332243 0
1153 0.6666666666665781 3.066666666665771 0
1154 0.6666666666665866 3.0999999999993 0
1155 0.666666666666595 3.133333333332829 0
1156 0.6666666666666037 3.166666666666358 0
1157 0.6666666666666123 3.199999999999886 0
1158 0.6666666666666208 3.233333333333415 0
1159 0.6666666666666292 3.266666666666945 0
1160 0.6666666666666381 3.300000000000474 0
1161 0.6666666666666465 3.333333333334003 0
1162 0.6666666666666554 3.366666666667531 0
1163 0.6666666666666639 3.400000000001061 0
1164 0.6666666666666723 3.433333333334589 0
1165 0.6666666666666812 3.466666666668084 0
1166 0.6666666666666896 3.500000000001561 0
1167 0.6666666666666983 3.533333333334931 0
1168 0.6666666666667069 3.566666666668283 0
1169 0.6666666666667154 3.6000000000016 0
1170 0.6666666666667238 3.633333333334918 0
1171 0.6666666666667327 3.666666666668235 0
1172 0.6666666666667411 3.700000000001554 0
1173 0.6666666666667498 3.733333333334871 0
1174 0.6666666666667582 3.766666666668188 0
1175 0.6666666666667669 3.800000000001507 0
1176 0.6666666666667755 3.833333333334823 0
1177 0.6666666666667842 3.866666666668141 0
1178 0.6666666666667926 3.900000000001459 0
1179 0.6666666666668013 3.933333333334778 0
1180 0.66666666666681 3.966666666668095 0
1181 0.6666666666668184 4.000000000001412 0
1182 0.6666666666668271 4.033333333334729 0
1183 0.6666666666668357 4.066666666668048 0
1184 0.6666666666668442 4.100000000001366 0
1185 0.6666666666668528 4.133333333334683 0
1186 0.6666666666668615 4.166666666668 0
1187 0.6666666666668701 4.200000000001318 0
1188 0.6666666666668788 4.233333333334635 0
1189 0.6666666666668872 4.266666666667954 0
1190 0.6666666666668959 4.300000000001271 0
1191 0.6666666666669043 4.333333333334588 0
1192 0.666666666666913 4.366666666667906 0
1193 0.6666666666669214 4.400000000001224 0
1194 0.6666666666669303 4.433333333334541 0
1195 0.6666666666669387 4.466666666667859 0
1196 0.6666666666669474 4.500000000001177 0
1197 0.6666666666669561 4.533333333334495 0
1198 0.6666666666669645 4.566666666667812 0
1199 0.6666666666669732 4.600000000001129 0
1200 0.6666666666669818 4.633333333334448 0
1201 0.6666666666669903 4.666666666667766 0
1202 0.6666666666669989 4.700000000001083 0
1203 0.6666666666670076 4.7333333333344 0
1204 0.666666666667016 4.766666666667717 0
1205 0.6666666666670247 4.800000000001036 0
1206 0.6666666666670333 4.833333333334354 0
1207 0.6666666666670418 4.866666666667671 0
1208 0.6666666666670504 4.900000000000988 0
1209 0.6666666666670591 4.933333333334307 0
1210 0.6666666666670675 4.966666666667624 0
1211 0.6666666666670762 5.000000000000941 0
1212 0.6666666666670849 5.03333333333426 0
1213 0.6666666666670935 5.066666666667577 0
1214 0.6666666666671019 5.100000000000895 0
1215 0.6666666666671106 5.133333333334212 0
1216 0.666666666667119 5.16666666666753 0
1217 0.6666666666671277 5.200000000000848 0
1218 0.6666666666671364 5.233333333334166 0
1219 0.6666666666671448 5.266666666667484 0
1220 0.6666666666671537 5.300000000000801 0
1221 0.6666666666671621 5.333333333334119 0
1222 0.6666666666671708 5.366666666667436 0
1223 0.6666666666671794 5.400000000000754 0
1224 0.6666666666671879 5.433333333334072 0
1225 0.6666666666671963 5.46666666666739 0
1226 0.6666666666672052 5.500000000000706 0
1227 0.6666666666672136 5.533333333334024 0
1228 0.6666666666672223 5.566666666667342 0
1229 0.666666666667231 5.60000000000066 0
1230 0.6666666666672394 5.633333333333978 0
1231 0.6666666666672481 5.666666666667296 0
1232 0.6666666666672567 5.700000000000612 0
1233 0.6666666666672652 5.73333333333393 0
1234 0.6666666666672738 5.766666666667248 0
1235 0.6666666666672825 5.800000000000566 0
1236 0.6666666666672909 5.833333333333883 0
1237 0.6666666666672998 5.866666666667201 0
1238 0.6666666666673082 5.900000000000519 0
1239 0.6666666666673167 5.933333333333836 0
1240 0.6666666666673255 5.966666666667154 0
1241 0.666666666667334 6.000000000000472 0
1242 0.6666666666673424 6.033333333333789 0
1243 0.6666666666673513 6.066666666667107 0
1244 0.6666666666673597 6.100000000000424 0
1245 0.6666666666673684 6.133333333333743 0
1246 0.6666666666673771 6.16666666666706 0
1247 0.6666666666673855 6.200000000000378 0
1248 0.6666666666673942 6.233333333333695 0
1249 0.6666666666674028 6.266666666667016 0
1250 0.6666666666674113 6.300000000000328 0
1251 0.6666666666674199 6.333333333333646 0
1252 0.6666666666674286 6.366666666666966 0
1253 0.666666666667437 6.400000000000283 0
1254 0.6666666666674457 6.433333333333602 0
1255 0.6666666666674543 6.466666666666919 0
1256 0.6666666666674628 6.500000000000236 0
1257 0.6666666666674717 6.533333333333553 0
1258 0.6666666666674801 6.566666666666871 0
1259 0.6666666666674887 6.600000000000189 0
1260 0.6666666666674974 6.633333333333507 0
1261 0.6666666666675058 6.666666666666824 0
1262 0.6666666666675145 6.700000000000141 0
1263 0.6666666666675232 6.733333333333459 0
1264 0.6666666666675316 6.766666666666774 0
1265 0.6666666666675403 6.800000000000092 0
1266 0.6666666666675489 6.833333333333412 0
1267 0.6666666666675574 6.86666666666673 0
1268 0.666666666667566 6.900000000000045 0
1269 0.6666666666675747 6.933333333333365 0
1270 0.6666666666675831 6.966666666666683 0
1271 0.3333333333325116 0.03333333333331722 1
1272 0.3333333333325222 0.06666666666663534 1
1273 0.3333333333325328 0.09999999999995345 1
1274 0.3333333333325434 0.1333333333332716 1
1275 0.3333333333325538 0.1666666666665879 1
1276 0.3333333333325644 0.199999999999906 1
1277 0.3333333333325749 0.2333333333332241 1
1278 0.3333333333325857 0.2666666666665414 1
1279 0.3333333333325961 0.2999999999998586 1
1280 0.3333333333326067 0.3333333333331767 1
1281 0.3333333333326172 0.3666666666664948 1
1282 0.3333333333326279 0.399999999999812 1
1283 0.3333333333326384 0.4333333333331302 1
1284 0.3333333333326491 0.4666666666664474 1
1285 0.3333333333326596 0.4999999999997655 1
1286 0.3333333333326701 0.5333333333330827 1
1287 0.3333333333326807 0.5666666666664 1
1288 0.3333333333326913 0.5999999999997181 1
1289 0.3333333333327019 0.6333333333330362 1
1290 0.3333333333327124 0.6666666666663534 1
1291 0.3333333333327229 0.6999999999996707 1
1292 0.3333333333327336 0.7333333333329878 1
1293 0.3333333333327441 0.766666666666306 1
1294 0.3333333333327548 0.799999999999624 1
1295 0.3333333333327653 0.8333333333329414 1
1296 0.3333333333327759 0.8666666666662595 1
1297 0.3333333333327864 0.8999999999995776 1
1298 0.333333333332797 0.9333333333328948 1
1299 0.3333333333328076 0.9666666666662119 1
1300 0.3333333333328182 0.99999999999953 1
1301 0.3333333333328288 1.033333333332847 1
1302 0.3333333333328392 1.066666666666165 1
1303 0.3333333333328499 1.099999999999483 1
1304 0.3333333333328605 1.133333333332801 1
1305 0.3333333333328711 1.166666666666119 1
1306 0.3333333333328816 1.199999999999436 1
1307 0.3333333333328922 1.233333333332753 1
1308 0.3333333333329027 1.266666666666072 1
1309 0.3333333333329132 1.29999999999939 1
1310 0.3333333333329239 1.333333333332706 1
1311 0.3333333333329344 1.366666666666024 1
1312 0.333333333332945 1.399999999999341 1
1313 0.3333333333329555 1.433333333332659 1
1314 0.3333333333329662 1.466666666665977 1
1315 0.3333333333329767 1.499999999999295 1
1316 0.3333333333329874 1.533333333332613 1
1317 0.3333333333329979 1.566666666665931 1
1318 0.3333333333330084 1.599999999999248 1
1319 0.3333333333330189 1.633333333332565 1
1320 0.3333333333330296 1.666666666665883 1
1321 0.3333333333330401 1.699999999999201 1
1322 0.3333333333330507 1.733333333332518 1
1323 0.3333333333330612 1.766666666665836 1
1324 0.3333333333330717 1.799999999999153 1
1325 0.3333333333330823 1.833333333332472 1
1326 0.333333333333093 1.86666666666579 1
1327 0.3333333333331035 1.899999999999107 1
1328 0.333333333333114 1.933333333332424 1
1329 0.3333333333331246 1.966666666665742 1
1330 0.3333333333331353 1.999999999999059 1
1331 0.3333333333331459 2.033333333332378 1
1332 0.3333333333331565 2.066666666665694 1
1333 0.3333333333331671 2.099999999999013 1
1334 0.3333333333331774 2.13333333333233 1
1335 0.333333333333188 2.166666666665648 1
1336 0.3333333333331986 2.199999999998965 1
1337 0.3333333333332092 2.233333333332283 1
1338 0.3333333333332199 2.266666666665601 1
1339 0.3333333333332304 2.299999999998918 1
1340 0.3333333333332408 2.333333333332236 1
1341 0.3333333333332515 2.366666666665554 1
1342 0.333333333333262 2.399999999998871 1
1343 0.3333333333332726 2.43333333333219 1
1344 0.3333333333332832 2.466666666665506 1
1345 0.3333333333332937 2.499999999998824 1
1346 0.3333333333333043 2.533333333332141 1
1347 0.3333333333333148 2.56666666666546 1
1348 0.3333333333333254 2.599999999998778 1
1349 0.333333333333336 2.633333333332096 1
1350 0.3333333333333466 2.666666666665412 1
1351 0.3333333333333572 2.699999999998731 1
1352 0.3333333333333678 2.733333333332048 1
1353 0.3333333333333783 2.766666666665366 1
1354 0.333333333333389 2.799999999998683 1
1355 0.3333333333333994 2.833333333332 1
1356 0.3333333333334101 2.866666666665318 1
1357 0.3333333333334206 2.899999999998636 1
1358 0.3333333333334311 2.933333333331954 1
1359 0.3333333333334417 2.966666666665315 1
1360 0.3333333333334524 2.999999999998738 1
1361 0.3333333333334629 3.033333333332243 1
1362 0.3333333333334734 3.066666666665771 1
1363 0.333333333333484 3.0999999999993 1
1364 0.3333333333334946 3.133333333332829 1
1365 0.3333333333335053 3.166666666666358 1
1366 0.3333333333335157 3.199999999999886 1
1367 0.3333333333335263 3.233333333333415 1
1368 0.3333333333335368 3.266666666666945 1
1369 0.3333333333335475 3.300000000000474 1
1370 0.333333333333558 3.333333333334002 1
1371 0.3333333333335686 3.366666666667531 1
1372 0.3333333333335792 3.400000000001061 1
1373 0.3333333333335898 3.433333333334589 1
1374 0.3333333333336003 3.466666666668084 1
1375 0.3333333333336109 3.500000000001561 1
1376 0.3333333333336214 3.533333333334931 1
1377 0.333333333333632 3.566666666668282 1
1378 0.3333333333336425 3.6000000000016 1
1379 0.3333333333336532 3.633333333334918 1
1380 0.3333333333336637 3.666666666668235 1
1381 0.3333333333336743 3.700000000001552 1
1382 0.3333333333336849 3.733333333334871 1
1383 0.3333333333336954 3.766666666668189 1
1384 0.333333333333706 3.800000000001506 1
1385 0.3333333333337166 3.833333333334823 1
1386 0.3333333333337271 3.866666666668142 1
1387 0.3333333333337378 3.900000000001458 1
1388 0.3333333333337483 3.933333333334777 1
1389 0.3333333333337589 3.966666666668095 1
1390 0.3333333333337695 4.000000000001412 1
1391 0.33333333333378 4.033333333334729 1
1392 0.3333333333337905 4.066666666668049 1
1393 0.3333333333338012 4.100000000001366 1
1394 0.3333333333338117 4.133333333334683 1
1395 0.3333333333338223 4.166666666668 1
1396 0.3333333333338328 4.200000000001317 1
1397 0.3333333333338434 4.233333333334635 1
1398 0.333333333333854 4.266666666667954 1
1399 0.3333333333338646 4.300000000001271 1
1400 0.3333333333338752 4.333333333334588 1
1401 0.3333333333338858 4.366666666667907 1
1402 0.3333333333338963 4.400000000001224 1
1403 0.3333333333339069 4.433333333334541 1
1404 0.3333333333339174 4.466666666667859 1
1405 0.333333333333928 4.500000000001176 1
1406 0.3333333333339385 4.533333333334495 1
1407 0.3333333333339492 4.566666666667812 1
1408 0.3333333333339597 4.600000000001129 1
1409 0.3333333333339702 4.633333333334448 1
1410 0.3333333333339808 4.666666666667766 1
1411 0.3333333333339913 4.700000000001083 1
1412 0.333333333334002 4.7333333333344 1
1413 0.3333333333340125 4.766666666667717 1
1414 0.3333333333340231 4.800000000001036 1
1415 0.3333333333340338 4.833333333334354 1
1416 0.3333333333340442 4.866666666667671 1
1417 0.3333333333340548 4.900000000000988 1
1418 0.3333333333340653 4.933333333334306 1
1419 0.3333333333340759 4.966666666667624 1
1420 0.3333333333340865 5.000000000000941 1
1421 0.333333333334097 5.033333333334259 1
1422 0.3333333333341077 5.066666666667579 1
1423 0.3333333333341182 5.100000000000895 1
1424 0.3333333333341288 5.133333333334212 1
1425 0.3333333333341393 5.166666666667531 1
1426 0.3333333333341499 5.200000000000849 1
1427 0.3333333333341605 5.233333333334165 1
1428 0.3333333333341711 5.266666666667483 1
1429 0.3333333333341816 5.3000000000008 1
1430 0.3333333333341921 5.333333333334118 1
1431 0.3333333333342027 5.366666666667435 1
1432 0.3333333333342133 5.400000000000754 1
1433 0.3333333333342239 5.433333333334072 1
1434 0.3333333333342344 5.466666666667391 1
1435 0.333333333334245 5.500000000000706 1
1436 0.3333333333342556 5.533333333334024 1
1437 0.3333333333342662 5.566666666667343 1
1438 0.3333333333342768 5.600000000000662 1
1439 0.3333333333342873 5.633333333333977 1
1440 0.3333333333342979 5.666666666667295 1
1441 0.3333333333343084 5.700000000000612 1
1442 0.3333333333343191 5.73333333333393 1
1443 0.3333333333343297 5.766666666667247 1
1444 0.3333333333343402 5.800000000000566 1
1445 0.3333333333343508 5.833333333333882 1
1446 0.3333333333343613 5.866666666667203 1
1447 0.3333333333343719 5.900000000000518 1
1448 0.3333333333343825 5.933333333333836 1
1449 0.333333333334393 5.966666666667152 1
1450 0.3333333333344037 6.000000000000473 1
1451 0.3333333333344141 6.03333333333379 1
1452 0.3333333333344248 6.066666666667107 1
1453 0.3333333333344353 6.100000000000423 1
1454 0.3333333333344459 6.133333333333742 1
1455 0.3333333333344565 6.16666666666706 1
1456 0.333333333334467 6.200000000000378 1
1457 0.3333333333344776 6.233333333333695 1
1458 0.3333333333344882 6.266666666667014 1
1459 0.3333333333344987 6.30000000000033 1
1460 0.3333333333345094 6.333333333333649 1
1461 0.3333333333345198 6.366666666666965 1
1462 0.3333333333345305 6.400000000000283 1
1463 0.333333333334541 6.433333333333603 1
1464 0.3333333333345516 6.466666666666921 1
1465 0.3333333333345622 6.500000000000236 1
1466 0.3333333333345727 6.533333333333553 1
1467 0.3333333333345834 6.56666666666687 1
1468 0.333333333334594 6.600000000000189 1
1469 0.3333333333346044 6.633333333333507 1
1470 0.3333333333346151 6.666666666666824 1
1471 0.3333333333346256 6.700000000000141 1
1472 0.3333333333346362 6.733333333333459 1
1473 0.3333333333346467 6.766666666666778 1
1474 0.3333333333346573 6.800000000000094 1
1475 0.3333333333346679 6.833333333333411 1
1476 0.3333333333346784 6.866666666666729 1
1477 0.333333333334689 6.900000000000047 1
1478 0.3333333333346997 6.933333333333366 1
1479 0.3333333333347101 6.966666666666683 1
1480 0.6666666666657961 0.03333333333331723 1
1481 0.6666666666658045 0.06666666666663534 1
1482 0.6666666666658133 0.09999999999995346 1
1483 0.6666666666658219 0.1333333333332716 1
1484 0.6666666666658305 0.1666666666665879 1
1485 0.666666666665839 0.199999999999906 1
1486 0.6666666666658476 0.2333333333332241 1
1487 0.6666666666658561 0.2666666666665414 1
1488 0.6666666666658647 0.2999999999998586 1
1489 0.6666666666658734 0.3333333333331767 1
1490 0.666666666665882 0.3666666666664948 1
1491 0.6666666666658907 0.3999999999998121 1
1492 0.6666666666658989 0.4333333333331302 1
1493 0.6666666666659076 0.4666666666664474 1
1494 0.6666666666659165 0.4999999999997655 1
1495 0.6666666666659251 0.5333333333330827 1
1496 0.6666666666659334 0.5666666666664 1
1497 0.666666666665942 0.5999999999997181 1
1498 0.6666666666659506 0.6333333333330362 1
1499 0.6666666666659593 0.6666666666663534 1
1500 0.666666666665968 0.6999999999996707 1
1501 0.6666666666659764 0.7333333333329878 1
1502 0.6666666666659851 0.7666666666663062 1
1503 0.6666666666659937 0.7999999999996241 1
1504 0.6666666666660024 0.8333333333329414 1
1505 0.6666666666660106 0.8666666666662595 1
1506 0.6666666666660195 0.8999999999995776 1
1507 0.6666666666660281 0.9333333333328948 1
1508 0.6666666666660366 0.966666666666212 1
1509 0.666666666666045 0.9999999999995302 1
1510 0.6666666666660537 1.033333333332847 1
1511 0.6666666666660623 1.066666666666165 1
1512 0.666666666666071 1.099999999999483 1
1513 0.6666666666660797 1.133333333332801 1
1514 0.6666666666660881 1.166666666666119 1
1515 0.6666666666660968 1.199999999999436 1
1516 0.6666666666661054 1.233333333332753 1
1517 0.6666666666661141 1.266666666666072 1
1518 0.6666666666661224 1.29999999999939 1
1519 0.6666666666661309 1.333333333332706 1
1520 0.6666666666661399 1.366666666666024 1
1521 0.6666666666661485 1.399999999999341 1
1522 0.6666666666661567 1.433333333332659 1
1523 0.6666666666661654 1.466666666665977 1
1524 0.6666666666661742 1.499999999999295 1
1525 0.6666666666661827 1.533333333332613 1
1526 0.6666666666661911 1.566666666665931 1
1527 0.6666666666661998 1.599999999999248 1
1528 0.6666666666662084 1.633333333332565 1
1529 0.6666666666662171 1.666666666665883 1
1530 0.6666666666662255 1.699999999999201 1
1531 0.6666666666662342 1.733333333332518 1
1532 0.6666666666662429 1.766666666665836 1
1533 0.6666666666662515 1.799999999999153 1
1534 0.66666666666626 1.833333333332472 1
1535 0.6666666666662686 1.86666666666579 1
1536 0.6666666666662773 1.899999999999107 1
1537 0.6666666666662859 1.933333333332424 1
1538 0.6666666666662944 1.966666666665742 1
1539 0.666666666666303 1.999999999999059 1
1540 0.6666666666663115 2.033333333332378 1
1541 0.6666666666663201 2.066666666665695 1
1542 0.6666666666663288 2.099999999999013 1
1543 0.6666666666663374 2.13333333333233 1
1544 0.6666666666663459 2.166666666665648 1
1545 0.6666666666663545 2.199999999998965 1
1546 0.666666666666363 2.233333333332284 1
1547 0.6666666666663716 2.266666666665601 1
1548 0.6666666666663803 2.299999999998919 1
1549 0.666666666666389 2.333333333332236 1
1550 0.6666666666663974 2.366666666665554 1
1551 0.6666666666664061 2.399999999998871 1
1552 0.6666666666664147 2.43333333333219 1
1553 0.6666666666664232 2.466666666665507 1
1554 0.666666666666432 2.499999999998824 1
1555 0.6666666666664403 2.533333333332141 1
1556 0.6666666666664489 2.56666666666546 1
1557 0.6666666666664576 2.599999999998778 1
1558 0.6666666666664662 2.633333333332096 1
1559 0.6666666666664747 2.666666666665413 1
1560 0.6666666666664833 2.699999999998731 1
1561 0.666666666666492 2.733333333332048 1
1562 0.6666666666665004 2.766666666665366 1
1563 0.6666666666665093 2.799999999998683 1
1564 0.6666666666665177 2.833333333332 1
1565 0.6666666666665262 2.866666666665318 1
1566 0.6666666666665351 2.899999999998636 1
1567 0.6666666666665435 2.933333333331954 1
1568 0.6666666666665519 2.966666666665315 1
1569 0.6666666666665608 2.999999999998738 1
1570 0.6666666666665693 3.033333333332243 1
1571 0.6666666666665781 3.066666666665771 1
1572 0.6666666666665866 3.0999999999993 1
1573 0.666666666666595 3.133333333332829 1
1574 0.6666666666666037 3.166666666666358 1
1575 0.6666666666666123 3.199999999999886 1
1576 0.6666666666666208 3.233333333333415 1
1577 0.6666666666666292 3.266666666666945 1
1578 0.6666666666666381 3.300000000000474 1
1579 0.6666666666666465 3.333333333334003 1
1580 0.6666666666666554 3.366666666667531 1
1581 0.6666666666666639 3.400000000001061 1
1582 0.6666666666666723 3.433333333334589 1
1583 0.6666666666666812 3.466666666668084 1
1584 0.6666666666666896 3.500000000001561 1
1585 0.6666666666666983 3.533333333334931 1
1586 0.6666666666667069 3.566666666668283 1
1587 0.6666666666667154 3.6000000000016 1
1588 0.6666666666667238 3.633333333334918 1
1589 0.6666666666667327 3.666666666668235 1
1590 0.6666666666667411 3.700000000001554 1
1591 0.6666666666667498 3.733333333334871 1
1592 0.6666666666667582 3.766666666668188 1
1593 0.6666666666667669 3.800000000001507 1
1594 0.6666666666667755 3.833333333334823 1
1595 0.6666666666667842 3.866666666668141 1
1596 0.6666666666667926 3.900000000001459 1
1597 0.6666666666668013 3.933333333334778 1
1598 0.66666666666681 3.966666666668095 1
1599 0.6666666666668184 4.000000000001412 1
1600 0.6666666666668271 4.033333333334729 1
1601 0.6666666666668357 4.066666666668048 1
1602 0.6666666666668442 4.100000000001366 1
1603 0.6666666666668528 4.133333333334683 1
1604 0.6666666666668615 4.166666666668 1
1605 0.6666666666668701 4.200000000001318 1
1606 0.6666666666668788 4.233333333334635 1
1607 0.6666666666668872 4.266666666667954 1
1608 0.6666666666668959 4.300000000001271 1
1609 0.6666666666669043 4.333333333334588 1
1610 0.666666666666913 4.366666666667906 1
1611 0.6666666666669214 4.400000000001224 1
1612 0.6666666666669303 4.433333333334541 1
1613 0.6666666666669387 4.466666666667859 1
1614 0.6666666666669474 4.500000000001177 1
1615 0.6666666666669561 4.533333333334495 1
1616 0.6666666666669645 4.566666666667812 1
1617 0.6666666666669732 4.600000000001129 1
1618 0.6666666666669818 4.633333333334448 1
1619 0.6666666666669903 4.666666666667766 1
1620 0.6666666666669989 4.700000000001083 1
1621 0.6666666666670076 4.7333333333344 1
1622 0.666666666667016 4.766666666667717 1
1623 0.6666666666670247 4.800000000001036 1
1624 0.6666666666670333 4.833333333334354 1
1625 0.6666666666670418 4.866666666667671 1
1626 0.6666666666670504 4.900000000000988 1
1627 0.6666666666670591 4.933333333334307 1
1628 0.6666666666670675 4.966666666667624 1
1629 0.6666666666670762 5.000000000000941 1
1630 0.6666666666670849 5.03333333333426 1
1631 0.6666666666670935 5.066666666667577 1
1632 0.6666666666671019 5.100000000000895 1
1633 0.6666666666671106 5.133333333334212 1
1634 0.666666666667119 5.16666666666753 1
1635 0.6666666666671277 5.200000000000848 1
1636 0.6666666666671364 5.233333333334166 1
1637 0.6666666666671448 5.266666666667484 1
1638 0.6666666666671537 5.300000000000801 1
1639 0.6666666666671621 5.333333333334119 1
1640 0.6666666666671708 5.366666666667436 1
1641 0.6666666666671794 5.400000000000754 1
1642 0.6666666666671879 5.433333333334072 1
1643 0.6666666666671963 5.46666666666739 1
1644 0.6666666666672052 5.500000000000706 1
1645 0.6666666666672136 5.533333333334024 1
1646 0.6666666666672223 5.566666666667342 1
1647 0.666666666667231 5.60000000000066 1
1648 0.6666666666672394 5.633333333333978 1
1649 0.6666666666672481 5.666666666667296 1
1650 0.6666666666672567 5.700000000000612 1
1651 0.6666666666672652 5.73333333333393 1
1652 0.6666666666672738 5.766666666667248 1
1653 0.6666666666672825 5.800000000000566 1
1654 0.6666666666672909 5.833333333333883 1
1655 0.6666666666672998 5.866666666667201 1
1656 0.6666666666673082 5.900000000000519 1
1657 0.6666666666673167 5.933333333333836 1
1658 0.6666666666673255 5.966666666667154 1
1659 0.666666666667334 6.000000000000472 1
1660 0.6666666666673424 6.033333333333789 1
1661 0.6666666666673513 6.066666666667107 1
1662 0.6666666666673597 6.100000000000424 1
1663 0.6666666666673684 6.133333333333743 1
1664 0.6666666666673771 6.16666666666706 1
1665 0.6666666666673855 6.200000000000378 1
1666 0.6666666666673942 6.233333333333695 1
1667 0.6666666666674028 6.266666666667016 1
1668 0.6666666666674113 6.300000000000328 1
1669 0.6666666666674199 6.333333333333646 1
1670 0.6666666666674286 6.366666666666966 1
1671 0.666666666667437 6.400000000000283 1
1672 0.6666666666674457 6.433333333333602 1
1673 0.6666666666674543 6.466666666666919 1
1674 0.6666666666674628 6.500000000000236 1
1675 0.6666666666674717 6.533333333333553 1
1676 0.6666666666674801 6.566666666666871 1
1677 0.6666666666674887 6.600000000000189 1
1678 0.6666666666674974 6.633333333333507 1
1679 0.6666666666675058 6.666666666666824 1
1680 0.6666666666675145 6.700000000000141 1
1681 0.6666666666675232 6.733333333333459 1
1682 0.6666666666675316 6.766666666666774 1
1683 0.6666666666675403 6.800000000000092 1
1684 0.6666666666675489 6.833333333333412 1
1685 0.6666666666675574 6.86666666666673 1
1686 0.666666666667566 6.900000000000045 1
1687 0.6666666666675747 6.933333333333365 1
1688 0.6666666666675831 6.966666666666683 1
$EndNodes
$Elements
2316
1 3 2 995 1 1 9 853 430
2 3 2 995 1 430 853 854 429
3 3 2 995 1 429 854 855 428
4 3 2 995 1 428 855 856 427
5 3 2 995 1 427 856 857 426
6 3 2 995 1 426 857 858 425
7 3 2 995 1 425 858 859 424
8 3 2 995 1 424 859 860 423
9 3 2 995 1 423 860 861 422
10 3 2 995 1 422 861 862 421
11 3 2 995 1 421 862 863 420
12 3 2 995 1 420 863 864 419
13 3 2 995 1 419 864 865 418
14 3 2 995 1 418 865 866 417
15 3 2 995 1 417 866 867 416
16 3 2 995 1 416 867 868 415
17 3 2 995 1 415 868 869 414
18 3 2 995 1 414 869 870 413
19 3 2 995 1 413 870 871 412
20 3 2 995 1 412 871 872 411
21 3 2 995 1 411 872 873 410
22 3 2 995 1 410 873 874 409
23 3 2 995 1 409 874 875 408
24 3 2 995 1 408 875 876 407
25 3 2 995 1 407 876 877 406
26 3 2 995 1 406 877 878 405
27 3 2 995 1 405 878 879 404
28 3 2 995 1 404 879 880 403
29 3 2 995 1 403 880 881 402
30 3 2 995 1 402 881 882 401
31 3 2 995 1 401 882 883 400
32 3 2 995 1 400 883 884 399
33 3 2 995 1 399 884 885 398
34 3 2 995 1 398 885 886 397
35 3 2 995 1 397 886 887 396
36 3 2 995 1 396 887 888 395
37 3 2 995 1 395 888 889 394
38 3 2 995 1 394 889 890 393
39 3 2 995 1 393 890 891 392
40 3 2 995 1 392 891 892 391
41 3 2 995 1 391 892 893 390
42 3 2 995 1 390 893 894 389
43 3 2 995 1 389 894 895 388
44 3 2 995 1 388 895 896 387
45 3 2 995 1 387 896 897 386
46 3 2 995 1 386 897 898 385
47 3 2 995 1 385 898 899 384
48 3 2 995 1 384 899 900 383
49 3 2 995 1 383 900 901 382
50 3 2 995 1 382 901 902 381
51 3 2 995 1 381 902 903 380
52 3 2 995 1 380 903 904 379
53 3 2 995 1 379 904 905 378
54 3 2 995 1 378 905 906 377
55 3 2 995 1 377 906 907 376
56 3 2 995 1 376 907 908 375
57 3 2 995 1 375 908 909 374
58 3 2 995 1 374 909 910 373
59 3 2 995 1 373 910 911 372
60 3 2 995 1 372 911 912 371
61 3 2 995 1 371 912 913 370
62 3 2 995 1 370 913 914 369
63 3 2 995 1 369 914 915 368
64 3 2 995 1 368 915 916 367
65 3 2 995 1 367 916 917 366
66 3 2 995 1 366 917 918 365
67 3 2 995 1 365 918 919 364
68 3 2 995 1 364 919 920 363
69 3 2 995 1 363 920 921 362
70 3 2 995 1 362 921 922 361
71 3 2 995 1 361 922 923 360
72 3 2 995 1 360 923 924 359
73 3 2 995 1 359 924 925 358
74 3 2 995 1 358 925 926 357
75 3 2 995 1 357 926 927 356
76 3 2 995 1 356 927 928 355
77 3 2 995 1 355 928 929 354
78 3 2 995 1 354 929 930 353
79 3 2 995 1 353 930 931 352
80 3 2 995 1 352 931 932 351
81 3 2 995 1 351 932 933 350
82 3 2 995 1 350 933 934 349
83 3 2 995 1 349 934 935 348
84 3 2 995 1 348 935 936 347
85 3 2 995 1 347 936 937 346
86 3 2 995 1 346 937 938 345
87 3 2 995 1 345 938 939 344
88 3 2 995 1 344 939 940 343
89 3 2 995 1 343 940 941 342
90 3 2 995 1 342 941 942 341
91 3 2 995 1 341 942 943 340
92 3 2 995 1 340 943 944 339
93 3 2 995 1 339 944 945 338
94 3 2 995 1 338 945 946 337
95 3 2 995 1 337 946 947 336
96 3 2 995 1 336 947 948 335
97 3 2 995 1 335 948 949 334
98 3 2 995 1 334 949 950 333
99 3 2 995 1 333 950 951 332
100 3 2 995 1 332 951 952 331
101 3 2 995 1 331 952 953 330
102 3 2 995 1 330 953 954 329
103 3 2 995 1 329 954 955 328
104 3 2 995 1 328 955 956 327
105 3 2 995 1 327 956 957 326
106 3 2 995 1 326 957 958 325
107 3 2 995 1 325 958 959 324
108 3 2 995 1 324 959 960 323
109 3 2 995 1 323 960 961 322
110 3 2 995 1 322 961 962 321
111 3 2 995 1 321 962 963 320
112 3 2 995 1 320 963 964 319
113 3 2 995 1 319 964 965 318
114 3 2 995 1 318 965 966 317
115 3 2 995 1 317 966 967 316
116 3 2 995 1 316 967 968 315
117 3 2 995 1 315 968 969 314
118 3 2 995 1 314 969 970 313
119 3 2 995 1 313 970 971 312
120 3 2 995 1 312 971 972 311
121 3 2 995 1 311 972 973 310
122 3 2 995 1 310 973 974 309
123 3 2 995 1 309 974 975 308
124 3 2 995 1 308 975 976 307
125 3 2 995 1 307 976 977 306
126 3 2 995 1 306 977 978 305
127 3 2 995 1 305 978 979 304
128 3 2 995 1 304 979 980 303
129 3 2 995 1 303 980 981 302
130 3 2 995 1 302 981 982 301
131 3 2 995 1 301 982 983 300
132 3 2 995 1 300 983 984 299
133 3 2 995 1 299 984 985 298
134 3 2 995 1 298 985 986 297
135 3 2 995 1 297 986 987 296
136 3 2 995 1 296 987 988 295
137 3 2 995 1 295 988 989 294
138 3 2 995 1 294 989 990 293
139 3 2 995 1 293 990 991 292
140 3 2 995 1 292 991 992 291
141 3 2 995 1 291 992 993 290
142 3 2 995 1 290 993 994 289
143 3 2 995 1 289 994 995 288
144 3 2 995 1 288 995 996 287
145 3 2 995 1 287 996 997 286
146 3 2 995 1 286 997 998 285
147 3 2 995 1 285 998 999 284
148 3 2 995 1 284 999 1000 283
149 3 2 995 1 283 1000 1001 282
150 3 2 995 1 282 1001 1002 281
151 3 2 995 1 281 1002 1003 280
152 3 2 995 1 280 1003 1004 279
153 3 2 995 1 279 1004 1005 278
154 3 2 995 1 278 1005 1006 277
155 3 2 995 1 277 1006 1007 276
156 3 2 995 1 276 1007 1008 275
157 3 2 995 1 275 1008 1009 274
158 3 2 995 1 274 1009 1010 273
159 3 2 995 1 273 1010 1011 272
160 3 2 995 1 272 1011 1012 271
161 3 2 995 1 271 1012 1013 270
162 3 2 995 1 270 1013 1014 269
163 3 2 995 1 269 1014 1015 268
164 3 2 995 1 268 1015 1016 267
165 3 2 995 1 267 1016 1017 266
166 3 2 995 1 266 1017 1018 265
167 3 2 995 1 265 1018 1019 264
168 3 2 995 1 264 1019 1020 263
169 3 2 995 1 263 1020 1021 262
170 3 2 995 1 262 1021 1022 261
171 3 2 995 1 261 1022 1023 260
172 3 2 995 1 260 1023 1024 259
173 3 2 995 1 259 1024 1025 258
174 3 2 995 1 258 1025 1026 257
175 3 2 995 1 257 1026 1027 256
176 3 2 995 1 256 1027 1028 255
177 3 2 995 1 255 1028 1029 254
178 3 2 995 1 254 1029 1030 253
179 3 2 995 1 253 1030 1031 252
180 3 2 995 1 252 1031 1032 251
181 3 2 995 1 251 1032 1033 250
182 3 2 995 1 250 1033 1034 249
183 3 2 995 1 249 1034 1035 248
184 3 2 995 1 248 1035 1036 247
185 3 2 995 1 247 1036 1037 246
186 3 2 995 1 246 1037 1038 245
187 3 2 995 1 245 1038 1039 244
188 3 2 995 1 244 1039 1040 243
189 3 2 995 1 243 1040 1041 242
190 3 2 995 1 242 1041 1042 241
191 3 2 995 1 241 1042 1043 240
192 3 2 995 1 240 1043 1044 239
193 3 2 995 1 239 1044 1045 238
194 3 2 995 1 238 1045 1046 237
195 3 2 995 1 237 1046 1047 236
196 3 2 995 1 236 1047 1048 235
197 3 2 995 1 235 1048 1049 234
198 3 2 995 1 234 1049 1050 233
199 3 2 995 1 233 1050 1051 232
200 3 2 995 1 232 1051 1052 231
201 3 2 995 1 231 1052 1053 230
202 3 2 995 1 230 1053 1054 229
203 3 2 995 1 229 1054 1055 228
204 3 2 995 1 228 1055 1056 227
205 3 2 995 1 227 1056 1057 226
206 3 2 995 1 226 1057 1058 225
207 3 2 995 1 225 1058 1059 224
208 3 2 995 1 224 1059 1060 223
209 3 2 995 1 223 1060 1061 222
210 3 2 995 1 222 1061 221 4
211 3 2 995 1 9 10 1062 853
212 3 2 995 1 853 1062 1063 854
213 3 2 995 1 854 1063 1064 855
214 3 2 995 1 855 1064 1065 856
215 3 2 995 1 856 1065 1066 857
216 3 2 995 1 857 1066 1067 858
217 3 2 995 1 858 1067 1068 859
218 3 2 995 1 859 1068 1069 860
219 3 2 995 1 860 1069 1070 861
220 3 2 995 1 861 1070 1071 862
221 3 2 995 1 862 1071 1072 863
222 3 2 995 1 863 1072 1073 864
223 3 2 995 1 864 1073 1074 865
224 3 2 995 1 865 1074 1075 866
225 3 2 995 1 866 1075 1076 867
226 3 2 995 1 867 1076 1077 868
227 3 2 995 1 868 1077 1078 869
228 3 2 995 1 869 1078 1079 870
229 3 2 995 1 870 1079 1080 871
230 3 2 995 1 871 1080 1081 872
231 3 2 995 1 872 1081 1082 873
232 3 2 995 1 873 1082 1083 874
233 3 2 995 1 874 1083 1084 875
234 3 2 995 1 875 1084 1085 876
235 3 2 995 1 876 1085 1086 877
236 3 2 995 1 877 1086 1087 878
237 3 2 995 1 878 1087 1088 879
238 3 2 995 1 879 1088 1089 880
239 3 2 995 1 880 1089 1090 881
240 3 2 995 1 881 1090 1091 882
241 3 2 995 1 882 1091 1092 883
242 3 2 995 1 883 1092 1093 884
243 3 2 995 1 884 1093 1094 885
244 3 2 995 1 885 1094 1095 886
245 3 2 995 1 886 1095 1096 887
246 3 2 995 1 887 1096 1097 888
247 3 2 995 1 888 1097 1098 889
248 3 2 995 1 889 1098 1099 890
249 3 2 995 1 890 1099 1100 891
250 3 2 995 1 891 1100 1101 892
251 3 2 995 1 892 1101 1102 893
252 3 2 995 1 893 1102 1103 894
253 3 2 995 1 894 1103 1104 895
254 3 2 995 1 895 1104 1105 896
255 3 2 995 1 896 1105 1106 897
256 3 2 995 1 897 1106 1107 898
257 3 2 995 1 898 1107 1108 899
258 3 2 995 1 899 1108 1109 900
259 3 2 995 1 900 1109 1110 901
260 3 2 995 1 901 1110 1111 902
261 3 2 995 1 902 1111 1112 903
262 3 2 995 1 903 1112 1113 904
263 3 2 995 1 904 1113 1114 905
264 3 2 995 1 905 1114 1115 906
265 3 2 995 1 906 1115 1116 907
266 3 2 995 1 907 1116 1117 908
267 3 2 995 1 908 1117 1118 909
268 3 2 995 1 909 1118 1119 910
269 3 2 995 1 910 1119 1120 911
270 3 2 995 1 911 1120 1121 912
271 3 2 995 1 912 1121 1122 913
272 3 2 995 1 913 1122 1123 914
273 3 2 995 1 914 1123 1124 915
274 3 2 995 1 915 1124 1125 916
275 3 2 995 1 916 1125 1126 917
276 3 2 995 1 917 1126 1127 918
277 3 2 995 1 918 1127 1128 919
278 3 2 995 1 919 1128 1129 920
279 3 2 995 1 920 1129 1130 921
280 3 2 995 1 921 1130 1131 922
281 3 2 995 1 922 1131 1132 923
282 3 2 995 1 923 1132 1133 924
283 3 2 995 1 924 1133 1134 925
284 3 2 995 1 925 1134 1135 926
285 3 2 995 1 926 1135 1136 927
286 3 2 995 1 927 1136 1137 928
287 3 2 995 1 928 1137 1138 929
288 3 2 995 1 929 1138 1139 930
289 3 2 995 1 930 1139 1140 931
290 3 2 995 1 931 1140 1141 932
291 3 2 995 1 932 1141 1142 933
292 3 2 995 1 933 1142 1143 934
293 3 2 995 1 934 1143 1144 935
294 3 2 995 1 935 1144 1145 936
295 3 2 995 1 936 1145 1146 937
296 3 2 995 1 937 1146 1147 938
297 3 2 995 1 938 1147 1148 939
298 3 2 995 1 939 1148 1149 940
299 3 2 995 1 940 1149 1150 941
300 3 2 995 1 941 1150 1151 942
301 3 2 995 1 942 1151 1152 943
302 3 2 995 1 943 1152 1153 944
303 3 2 995 1 944 1153 1154 945
304 3 2 995 1 945 1154 1155 946
305 3 2 995 1 946 1155 1156 947
306 3 2 995 1 947 1156 1157 948
307 3 2 995 1 948 1157 1158 949
308 3 2 995 1 949 1158 1159 950
309 3 2 995 1 950 1159 1160 951
310 3 2 995 1 951 1160 1161 952
311 3 2 995 1 952 1161 1162 953
312 3 2 995 1 953 1162 1163 954
313 3 2 995 1 954 1163 1164 955
314 3 2 995 1 955 1164 1165 956
315 3 2 995 1 956 1165 1166 957
316 3 2 995 1 957 1166 1167 958
317 3 2 995 1 958 1167 1168 959
318 3 2 995 1 959 1168 1169 960
319 3 2 995 1 960 1169 1170 961
320 3 2 995 1 961 1170 1171 962
321 3 2 995 1 962 1171 1172 963
322 3 2 995 1 963 1172 1173 964
323 3 2 995 1 964 1173 1174 965
324 3 2 995 1 965 1174 1175 966
325 3 2 995 1 966 1175 1176 967
326 3 2 995 1 967 1176 1177 968
327 3 2 995 1 968 1177 1178 969
328 3 2 995 1 969 1178 1179 970
329 3 2 995 1 970 1179 1180 971
330 3 2 995 1 971 1180 1181 972
331 3 2 995 1 972 1181 1182 973
332 3 2 995 1 973 1182 1183 974
333 3 2 995 1 974 1183 1184 975
334 3 2 995 1 975 1184 1185 976
335 3 2 995 1 976 1185 1186 977
336 3 2 995 1 977 1186 1187 978
337 3 2 995 1 978 1187 1188 979
338 3 2 995 1 979 1188 1189 980
339 3 2 995 1 980 1189 1190 981
340 3 2 995 1 981 1190 1191 982
341 3 2 995 1 982 1191 1192 983
342 3 2 995 1 983 1192 1193 984
343 3 2 995 1 984 1193 1194 985
344 3 2 995 1 985 1194 1195 986
345 3 2 995 1 986 1195 1196 987
346 3 2 995 1 987 1196 1197 988
347 3 2 995 1 988 1197 1198 989
348 3 2 995 1 989 1198 1199 990
349 3 2 995 1 990 1199 1200 991
350 3 2 995 1 991 1200 1201 992
351 3 2 995 1 992 1201 1202 993
352 3 2 995 1 993 1202 1203 994
353 3 2 995 1 994 1203 1204 995
354 3 2 995 1 995 1204 1205 996
355 3 2 995 1 996 1205 1206 997
356 3 2 995 1 997 1206 1207 998
357 3 2 995 1 998 1207 1208 999
358 3 2 995 1 999 1208 1209 1000
359 3 2 995 1 1000 1209 1210 1001
360 3 2 995 1 1001 1210 1211 1002
361 3 2 995 1 1002 1211 1212 1003
362 3 2 995 1 1003 1212 1213 1004
363 3 2 995 1 1004 1213 1214 1005
364 3 2 995 1 1005 1214 1215 1006
365 3 2 995 1 1006 1215 1216 1007
366 3 2 995 1 1007 1216 1217 1008
367 3 2 995 1 1008 1217 1218 1009
368 3 2 995 1 1009 1218 1219 1010
369 3 2 995 1 1010 1219 1220 1011
370 3 2 995 1 1011 1220 1221 1012
371 3 2 995 1 1012 1221 1222 1013
372 3 2 995 1 1013 1222 1223 1014
373 3 2 995 1 1014 1223 1224 1015
374 3 2 995 1 1015 1224 1225 1016
375 3 2 995 1 1016 1225 1226 1017
376 3 2 995 1 1017 1226 1227 1018
377 3 2 995 1 1018 1227 1228 1019
378 3 2 995 1 1019 1228 1229 1020
379 3 2 995 1 1020 1229 1230 1021
380 3 2 995 1 1021 1230 1231 1022
381 3 2 995 1 1022 1231 1232 1023
382 3 2 995 1 1023 1232 1233 1024
383 3 2 995 1 1024 1233 1234 1025
384 3 2 995 1 1025 1234 1235 1026
385 3 2 995 1 1026 1235 1236 1027
386 3 2 995 1 1027 1236 1237 1028
387 3 2 995 1 1028 1237 1238 1029
388 3 2 995 1 1029 1238 1239 1030
389 3 2 995 1 1030 1239 1240 1031
390 3 2 995 1 1031 1240 1241 1032
391 3 2 995 1 1032 1241 1242 1033
392 3 2 995 1 1033 1242 1243 1034
393 3 2 995 1 1034 1243 1244 1035
394 3 2 995 1 1035 1244 1245 1036
395 3 2 995 1 1036 1245 1246 1037
396 3 2 995 1 1037 1246 1247 1038
397 3 2 995 1 1038 1247 1248 1039
398 3 2 995 1 1039 1248 1249 1040
399 3 2 995 1 1040 1249 1250 1041
400 3 2 995 1 1041 1250 1251 1042
401 3 2 995 1 1042 1251 1252 1043
402 3 2 995 1 1043 1252 1253 1044
403 3 2 995 1 1044 1253 1254 1045
404 3 2 995 1 1045 1254 1255 1046
405 3 2 995 1 1046 1255 1256 1047
406 3 2 995 1 1047 1256 1257 1048
407 3 2 995 1 1048 1257 1258 1049
408 3 2 995 1 1049 1258 1259 1050
409 3 2 995 1 1050 1259 1260 1051
410 3 2 995 1 1051 1260 1261 1052
411 3 2 995 1 1052 1261 1262 1053
412 3 2 995 1 1053 1262 1263 1054
413 3 2 995 1 1054 1263 1264 1055
414 3 2 995 1 1055 1264 1265 1056
415 3 2 995 1 1056 1265 1266 1057
416 3 2 995 1 1057 1266 1267 1058
417 3 2 995 1 1058 1267 1268 1059
418 3 2 995 1 1059 1268 1269 1060
419 3 2 995 1 1060 1269 1270 1061
420 3 2 995 1 1061 1270 220 221
421 3 2 995 1 10 2 219 1062
422 3 2 995 1 1062 219 218 1063
423 3 2 995 1 1063 218 217 1064
424 3 2 995 1 1064 217 216 1065
425 3 2 995 1 1065 216 215 1066
426 3 2 995 1 1066 215 214 1067
427 3 2 995 1 1067 214 213 1068
428 3 2 995 1 1068 213 212 1069
429 3 2 995 1 1069 212 211 1070
430 3 2 995 1 1070 211 210 1071
431 3 2 995 1 1071 210 209 1072
432 3 2 995 1 1072 209 208 1073
433 3 2 995 1 1073 208 207 1074
434 3 2 995 1 1074 207 206 1075
435 3 2 995 1 1075 206 205 1076
436 3 2 995 1 1076 205 204 1077
437 3 2 995 1 1077 204 203 1078
438 3 2 995 1 1078 203 202 1079
439 3 2 995 1 1079 202 201 1080
440 3 2 995 1 1080 201 200 1081
441 3 2 995 1 1081 200 199 1082
442 3 2 995 1 1082 199 198 1083
443 3 2 995 1 1083 198 197 1084
444 3 2 995 1 1084 197 196 1085
445 3 2 995 1 1085 196 195 1086
446 3 2 995 1 1086 195 194 1087
447 3 2 995 1 1087 194 193 1088
448 3 2 995 1 1088 193 192 1089
449 3 2 995 1 1089 192 191 1090
450 3 2 995 1 1090 191 190 1091
451 3 2 995 1 1091 190 189 1092
452 3 2 995 1 1092 189 188 1093
453 3 2 995 1 1093 188 187 1094
454 3 2 995 1 1094 187 186 1095
455 3 2 995 1 1095 186 185 1096
456 3 2 995 1 1096 185 184 1097
457 3 2 995 1 1097 184 183 1098
458 3 2 995 1 1098 183 182 1099
459 3 2 995 1 1099 182 181 1100
460 3 2 995 1 1100 181 180 1101
461 3 2 995 1 1101 180 179 1102
462 3 2 995 1 1102 179 178 1103
463 3 2 995 1 1103 178 177 1104
464 3 2 995 1 1104 177 176 1105
465 3 2 995 1 1105 176 175 1106
466 3 2 995 1 1106 175 174 1107
467 3 2 995 1 1107 174 173 1108
468 3 2 995 1 1108 173 172 1109
469 3 2 995 1 1109 172 171 1110
470 3 2 995 1 1110 171 170 1111
471 3 2 995 1 1111 170 169 1112
472 3 2 995 1 1112 169 168 1113
473 3 2 995 1 1113 168 167 1114
474 3 2 995 1 1114 167 166 1115
475 3 2 995 1 1115 166 165 1116
476 3 2 995 1 1116 165 164 1117
477 3 2 995 1 1117 164 163 1118
478 3 2 995 1 1118 163 162 1119
479 3 2 995 1 1119 162 161 1120
480 3 2 995 1 1120 161 160 1121
481 3 2 995 1 1121 160 159 1122
482 3 2 995 1 1122 159 158 1123
483 3 2 995 1 1123 158 157 1124
484 3 2 995 1 1124 157 156 1125
485 3 2 995 1 1125 156 155 1126
486 3 2 995 1 1126 155 154 1127
487 3 2 995 1 1127 154 153 1128
488 3 2 995 1 1128 153 152 1129
489 3 2 995 1 1129 152 151 1130
490 3 2 995 1 1130 151 150 1131
491 3 2 995 1 1131 150 149 1132
492 3 2 995 1 1132 149 148 1133
493 3 2 995 1 1133 148 147 1134
494 3 2 995 1 1134 147 146 1135
495 3 2 995 1 1135 146 145 1136
496 3 2 995 1 1136 145 144 1137
497 3 2 995 1 1137 144 143 1138
498 3 2 995 1 1138 143 142 1139
499 3 2 995 1 1139 142 141 1140
500 3 2 995 1 1140 141 140 1141
501 3 2 995 1 1141 140 139 1142
502 3 2 995 1 1142 139 138 1143
503 3 2 995 1 1143 138 137 1144
504 3 2 995 1 1144 137 136 1145
505 3 2 995 1 1145 136 135 1146
506 3 2 995 1 1146 135 134 1147
507 3 2 995 1 1147 134 133 1148
508 3 2 995 1 1148 133 132 1149
509 3 2 995 1 1149 132 131 1150
510 3 2 995 1 1150 131 130 1151
511 3 2 995 1 1151 130 129 1152
512 3 2 995 1 1152 129 128 1153
513 3 2 995 1 1153 128 127 1154
514 3 2 995 1 1154 127 126 1155
515 3 2 995 1 1155 126 125 1156
516 3 2 995 1 1156 125 124 1157
517 3 2 995 1 1157 124 123 1158
518 3 2 995 1 1158 123 122 1159
519 3 2 995 1 1159 122 121 1160
520 3 2 995 1 1160 121 120 1161
521 3 2 995 1 1161 120 119 1162
522 3 2 995 1 1162 119 118 1163
523 3 2 995 1 1163 118 117 1164
524 3 2 995 1 1164 117 116 1165
525 3 2 995 1 1165 116 115 1166
526 3 2 995 1 1166 115 114 1167
527 3 2 995 1 1167 114 113 1168
528 3 2 995 1 1168 113 112 1169
529 3 2 995 1 1169 112 111 1170
530 3 2 995 1 1170 111 110 1171
531 3 2 995 1 1171 110 109 1172
532 3 2 995 1 1172 109 108 1173
533 3 2 995 1 1173 108 107 1174
534 3 2 995 1 1174 107 106 1175
535 3 2 995 1 1175 106 105 1176
536 3 2 995 1 1176 105 104 1177
537 3 2 995 1 1177 104 103 1178
538 3 2 995 1 1178 103 102 1179
539 3 2 995 1 1179 102 101 1180
540 3 2 995 1 1180 101 100 1181
541 3 2 995 1 1181 100 99 1182
542 3 2 995 1 1182 99 98 1183
543 3 2 995 1 1183 98 97 1184
544 3 2 995 1 1184 97 96 1185
545 3 2 995 1 1185 96 95 1186
546 3 2 995 1 1186 95 94 1187
547 3 2 995 1 1187 94 93 1188
548 3 2 995 1 1188 93 92 1189
549 3 2 995 1 1189 92 91 1190
550 3 2 995 1 1190 91 90 1191
551 3 2 995 1 1191 90 89 1192
552 3 2 995 1 1192 89 88 1193
553 3 2 995 1 1193 88 87 1194
554 3 2 995 1 1194 87 86 1195
555 3 2 995 1 1195 86 85 1196
556 3 2 995 1 1196 85 84 1197
557 3 2 995 1 1197 84 83 1198
558 3 2 995 1 1198 83 82 1199
559 3 2 995 1 1199 82 81 1200
560 3 2 995 1 1200 81 80 1201
561 3 2 995 1 1201 80 79 1202
562 3 2 995 1 1202 79 78 1203
563 3 2 995 1 1203 78 77 1204
564 3 2 995 1 1204 77 76 1205
565 3 2 995 1 1205 76 75 1206
566 3 2 995 1 1206 75 74 1207
567 3 2 995 1 1207 74 73 1208
568 3 2 995 1 1208 73 72 1209
569 3 2 995 1 1209 72 71 1210
570 3 2 995 1 1210 71 70 1211
571 3 2 995 1 1211 70 69 1212
572 3 2 995 1 1212 69 68 1213
573 3 2 995 1 1213 68 67 1214
574 3 2 995 1 1214 67 66 1215
575 3 2 995 1 1215 66 65 1216
576 3 2 995 1 1216 65 64 1217
577 3 2 995 1 1217 64 63 1218
578 3 2 995 1 1218 63 62 1219
579 3 2 995 1 1219 62 61 1220
580 3 2 995 1 1220 61 60 1221
581 3 2 995 1 1221 60 59 1222
582 3 2 995 1 1222 59 58 1223
583 3 2 995 1 1223 58 57 1224
584 3 2 995 1 1224 57 56 1225
585 3 2 995 1 1225 56 55 1226
586 3 2 995 1 1226 55 54 1227
587 3 2 995 1 1227 54 53 1228
588 3 2 995 1 1228 53 52 1229
589 3 2 995 1 1229 52 51 1230
590 3 2 995 1 1230 51 50 1231
591 3 2 995 1 1231 50 49 1232
592 3 2 995 1 1232 49 48 1233
593 3 2 995 1 1233 48 47 1234
594 3 2 995 1 1234 47 46 1235
595 3 2 995 1 1235 46 45 1236
596 3 2 995 1 1236 45 44 1237
597 3 2 995 1 1237 44 43 1238
598 3 2 995 1 1238 43 42 1239
599 3 2 995 1 1239 42 41 1240
600 3 2 995 1 1240 41 40 1241
601 3 2 995 1 1241 40 39 1242
602 3 2 995 1 1242 39 38 1243
603 3 2 995 1 1243 38 37 1244
604 3 2 995 1 1244 37 36 1245
605 3 2 995 1 1245 36 35 1246
606 3 2 995 1 1246 35 34 1247
607 3 2 995 1 1247 34 33 1248
608 3 2 995 1 1248 33 32 1249
609 3 2 995 1 1249 32 31 1250
610 3 2 995 1 1250 31 30 1251
611 3 2 995 1 1251 30 29 1252
612 3 2 995 1 1252 29 28 1253
613 3 2 995 1 1253 28 27 1254
614 3 2 995 1 1254 27 26 1255
615 3 2 995 1 1255 26 25 1256
616 3 2 995 1 1256 25 24 1257
617 3 2 995 1 1257 24 23 1258
618 3 2 995 1 1258 23 22 1259
619 3 2 995 1 1259 22 21 1260
620 3 2 995 1 1260 21 20 1261
621 3 2 995 1 1261 20 19 1262
622 3 2 995 1 1262 19 18 1263
623 3 2 995 1 1263 18 17 1264
624 3 2 995 1 1264 17 16 1265
625 3 2 995 1 1265 16 15 1266
626 3 2 995 1 1266 15 14 1267
627 3 2 995 1 1267 14 13 1268
628 3 2 995 1 1268 13 12 1269
629 3 2 995 1 1269 12 11 1270
630 3 2 995 1 1270 11 3 220
631 3 2 991 13 4 222 431 5
632 3 2 991 13 222 223 432 431
633 3 2 991 13 223 224 433 432
634 3 2 991 13 224 225 434 433
635 3 2 991 13 225 226 435 434
636 3 2 991 13 226 227 436 435
637 3 2 991 13 227 228 437 436
638 3 2 991 13 228 229 438 437
639 3 2 991 13 229 230 439 438
640 3 2 991 13 230 231 440 439
641 3 2 991 13 231 232 441 440
642 3 2 991 13 232 233 442 441
643 3 2 991 13 233 234 443 442
644 3 2 991 13 234 235 444 443
645 3 2 991 13 235 236 445 444
646 3 2 991 13 236 237 446 445
647 3 2 991 13 237 238 447 446
648 3 2 991 13 238 239 448 447
649 3 2 991 13 239 240 449 448
650 3 2 991 13 240 241 450 449
651 3 2 991 13 241 242 451 450
652 3 2 991 13 242 243 452 451
653 3 2 991 13 243 244 453 452
654 3 2 991 13 244 245 454 453
655 3 2 991 13 245 246 455 454
656 3 2 991 13 246 247 456 455
657 3 2 991 13 247 248 457 456
658 3 2 991 13 248 249 458 457
659 3 2 991 13 249 250 459 458
660 3 2 991 13 250 251 460 459
661 3 2 991 13 251 252 461 460
662 3 2 991 13 252 253 462 461
663 3 2 991 13 253 254 463 462
664 3 2 991 13 254 255 464 463
665 3 2 991 13 255 256 465 464
666 3 2 991 13 256 257 466 465
667 3 2 991 13 257 258 467 466
668 3 2 991 13 258 259 468 467
669 3 2 991 13 259 260 469 468
670 3 2 991 13 260 261 470 469
671 3 2 991 13 261 262 471 470
672 3 2 991 13 262 263 472 471
673 3 2 991 13 263 264 473 472
674 3 2 991 13 264 265 474 473
675 3 2 991 13 265 266 475 474
676 3 2 991 13 266 267 476 475
677 3 2 991 13 267 268 477 476
678 3 2 991 13 268 269 478 477
679 3 2 991 13 269 270 479 478
680 3 2 991 13 270 271 480 479
681 3 2 991 13 271 272 481 480
682 3 2 991 13 272 273 482 481
683 3 2 991 13 273 274 483 482
684 3 2 991 13 274 275 484 483
685 3 2 991 13 275 276 485 484
686 3 2 991 13 276 277 486 485
687 3 2 991 13 277 278 487 486
688 3 2 991 13 278 279 488 487
689 3 2 991 13 279 280 489 488
690 3 2 991 13 280 281 490 489
691 3 2 991 13 281 282 491 490
692 3 2 991 13 282 283 492 491
693 3 2 991 13 283 284 493 492
694 3 2 991 13 284 285 494 493
695 3 2 991 13 285 286 495 494
696 3 2 991 13 286 287 496 495
697 3 2 991 13 287 288 497 496
698 3 2 991 13 288 289 498 497
699 3 2 991 13 289 290 499 498
700 3 2 991 13 290 291 500 499
701 3 2 991 13 291 292 501 500
702 3 2 991 13 292 293 502 501
703 3 2 991 13 293 294 503 502
704 3 2 991 13 294 295 504 503
705 3 2 991 13 295 296 505 504
706 3 2 991 13 296 297 506 505
707 3 2 991 13 297 298 507 506
708 3 2 991 13 298 299 508 507
709 3 2 991 13 299 300 509 508
710 3 2 991 13 300 301 510 509
711 3 2 991 13 301 302 511 510
712 3 2 991 13 302 303 512 511
713 3 2 991 13 303 304 513 512
714 3 2 991 13 304 305 514 513
715 3 2 991 13 305 306 515 514
716 3 2 991 13 306 307 516 515
717 3 2 991 13 307 308 517 516
718 3 2 991 13 308 309 518 517
719 3 2 991 13 309 310 519 518
720 3 2 991 13 310 311 520 519
721 3 2 991 13 311 312 521 520
722 3 2 991 13 312 313 522 521
723 3 2 991 13 313 314 523 522
724 3 2 991 13 314 315 524 523
725 3 2 991 13 315 316 525 524
726 3 2 991 13 316 317 526 525
727 3 2 991 13 317 318 527 526
728 3 2 991 13 318 319 528 527
729 3 2 991 13 319 320 529 528
730 3 2 991 13 320 321 530 529
731 3 2 991 13 321 322 531 530
732 3 2 991 13 322 323 532 531
733 3 2 991 13 323 324 533 532
734 3 2 991 13 324 325 534 533
735 3 2 991 13 325 326 535 534
736 3 2 991 13 326 327 536 535
737 3 2 991 13 327 328 537 536
738 3 2 991 13 328 329 538 537
739 3 2 991 13 329 330 539 538
740 3 2 991 13 330 331 540 539
741 3 2 991 13 331 332 541 540
742 3 2 991 13 332 333 542 541
743 3 2 991 13 333 334 543 542
744 3 2 991 13 334 335 544 543
745 3 2 991 13 335 336 545 544
746 3 2 991 13 336 337 546 545
747 3 2 991 13 337 338 547 546
748 3 2 991 13 338 339 548 547
749 3 2 991 13 339 340 549 548
750 3 2 991 13 340 341 550 549
751 3 2 991 13 341 342 551 550
752 3 2 991 13 342 343 552 551
753 3 2 991 13 343 344 553 552
754 3 2 991 13 344 345 554 553
755 3 2 991 13 345 346 555 554
756 3 2 991 13 346 347 556 555
757 3 2 991 13 347 348 557 556
758 3 2 991 13 348 349 558 557
759 3 2 991 13 349 350 559 558
760 3 2 991 13 350 351 560 559
761 3 2 991 13 351 352 561 560
762 3 2 991 13 352 353 562 561
763 3 2 991 13 353 354 563 562
764 3 2 991 13 354 355 564 563
765 3 2 991 13 355 356 565 564
766 3 2 991 13 356 357 566 565
767 3 2 991 13 357 358 567 566
768 3 2 991 13 358 359 568 567
769 3 2 991 13 359 360 569 568
770 3 2 991 13 360 361 570 569
771 3 2 991 13 361 362 571 570
772 3 2 991 13 362 363 572 571
773 3 2 991 13 363 364 573 572
774 3 2 991 13 364 365 574 573
775 3 2 991 13 365 366 575 574
776 3 2 991 13 366 367 576 575
777 3 2 991 13 367 368 577 576
778 3 2 991 13 368 369 578 577
779 3 2 991 13 369 370 579 578
780 3 2 991 13 370 371 580 579
781 3 2 991 13 371 372 581 580
782 3 2 991 13 372 373 582 581
783 3 2 991 13 373 374 583 582
784 3 2 991 13 374 375 584 583
785 3 2 991 13 375 376 585 584
786 3 2 991 13 376 377 586 585
787 3 2 991 13 377 378 587 586
788 3 2 991 13 378 379 588 587
789 3 2 991 13 379 380 589 588
790 3 2 991 13 380 381 590 589
791 3 2 991 13 381 382 591 590
792 3 2 991 13 382 383 592 591
793 3 2 991 13 383 384 593 592
794 3 2 991 13 384 385 594 593
795 3 2 991 13 385 386 595 594
796 3 2 991 13 386 387 596 595
797 3 2 991 13 387 388 597 596
798 3 2 991 13 388 389 598 597
799 3 2 991 13 389 390 599 598
800 3 2 991 13 390 391 600 599
801 3 2 991 13 391 392 601 600
802 3 2 991 13 392 393 602 601
803 3 2 991 13 393 394 603 602
804 3 2 991 13 394 395 604 603
805 3 2 991 13 395 396 605 604
806 3 2 991 13 396 397 606 605
807 3 2 991 13 397 398 607 606
808 3 2 991 13 398 399 608 607
809 3 2 991 13 399 400 609 608
810 3 2 991 13 400 401 610 609
811 3 2 991 13 401 402 611 610
812 3 2 991 13 402 403 612 611
813 3 2 991 13 403 404 613 612
814 3 2 991 13 404 405 614 613
815 3 2 991 13 405 406 615 614
816 3 2 991 13 406 407 616 615
817 3 2 991 13 407 408 617 616
818 3 2 991 13 408 409 618 617
819 3 2 991 13 409 410 619 618
820 3 2 991 13 410 411 620 619
821 3 2 991 13 411 412 621 620
822 3 2 991 13 412 413 622 621
823 3 2 991 13 413 414 623 622
824 3 2 991 13 414 415 624 623
825 3 2 991 13 415 416 625 624
826 3 2 991 13 416 417 626 625
827 3 2 991 13 417 418 627 626
828 3 2 991 13 418 419 628 627
829 3 2 991 13 419 420 629 628
830 3 2 991 13 420 421 630 629
831 3 2 991 13 421 422 631 630
832 3 2 991 13 422 423 632 631
833 3 2 991 13 423 424 633 632
834 3 2 991 13 424 425 634 633
835 3 2 991 13 425 426 635 634
836 3 2 991 13 426 427 636 635
837 3 2 991 13 427 428 637 636
838 3 2 991 13 428 429 638 637
839 3 2 991 13 429 430 639 638
840 3 2 991 13 430 1 6 639
841 3 2 993 17 1 9 640 6
842 3 2 993 17 9 10 641 640
843 3 2 993 17 10 2 7 641
844 3 2 992 21 3 8 850 11
845 3 2 992 21 11 850 849 12
846 3 2 992 21 12 849 848 13
847 3 2 992 21 13 848 847 14
848 3 2 992 21 14 847 846 15
849 3 2 992 21 15 846 845 16
850 3 2 992 21 16 845 844 17
851 3 2 992 21 17 844 843 18
852 3 2 992 21 18 843 842 19
853 3 2 992 21 19 842 841 20
854 3 2 992 21 20 841 840 21
855 3 2 992 21 21 840 839 22
856 3 2 992 21 22 839 838 23
857 3 2 992 21 23 838 837 24
858 3 2 992 21 24 837 836 25
859 3 2 992 21 25 836 835 26
860 3 2 992 21 26 835 834 27
861 3 2 992 21 27 834 833 28
862 3 2 992 21 28 833 832 29
863 3 2 992 21 29 832 831 30
864 3 2 992 21 30 831 830 31
865 3 2 992 21 31 830 829 32
866 3 2 992 21 32 829 828 33
867 3 2 992 21 33 828 827 34
868 3 2 992 21 34 827 826 35
869 3 2 992 21 35 826 825 36
870 3 2 992 21 36 825 824 37
871 3 2 992 21 37 824 823 38
872 3 2 992 21 38 823 822 39
873 3 2 992 21 39 822 821 40
874 3 2 992 21 40 821 820 41
875 3 2 992 21 41 820 819 42
876 3 2 992 21 42 819 818 43
877 3 2 992 21 43 818 817 44
878 3 2 992 21 44 817 816 45
879 3 2 992 21 45 816 815 46
880 3 2 992 21 46 815 814 47
881 3 2 992 21 47 814 813 48
882 3 2 992 21 48 813 812 49
883 3 2 992 21 49 812 811 50
884 3 2 992 21 50 811 810 51
885 3 2 992 21 51 810 809 52
886 3 2 992 21 52 809 808 53
887 3 2 992 21 53 808 807 54
888 3 2 992 21 54 807 806 55
889 3 2 992 21 55 806 805 56
890 3 2 992 21 56 805 804 57
891 3 2 992 21 57 804 803 58
892 3 2 992 21 58 803 802 59
893 3 2 992 21 59 802 801 60
894 3 2 992 21 60 801 800 61
895 3 2 992 21 61 800 799 62
896 3 2 992 21 62 799 798 63
897 3 2 992 21 63 798 797 64
898 3 2 992 21 64 797 796 65
899 3 2 992 21 65 796 795 66
900 3 2 992 21 66 795 794 67
901 3 2 992 21 67 794 793 68
902 3 2 992 21 68 793 792 69
903 3 2 992 21 69 792 791 70
904 3 2 992 21 70 791 790 71
905 3 2 992 21 71 790 789 72
906 3 2 992 21 72 789 788 73
907 3 2 992 21 73 788 787 74
908 3 2 992 21 74 787 786 75
909 3 2 992 21 75 786 785 76
910 3 2 992 21 76 785 784 77
911 3 2 992 21 77 784 783 78
912 3 2 992 21 78 783 782 79
913 3 2 992 21 79 782 781 80
914 3 2 992 21 80 781 780 81
915 3 2 992 21 81 780 779 82
916 3 2 992 21 82 779 778 83
917 3 2 992 21 83 778 777 84
918 3 2 992 21 84 777 776 85
919 3 2 992 21 85 776 775 86
920 3 2 992 21 86 775 774 87
921 3 2 992 21 87 774 773 88
922 3 2 992 21 88 773 772 89
923 3 2 992 21 89 772 771 90
924 3 2 992 21 90 771 770 91
925 3 2 992 21 91 770 769 92
926 3 2 992 21 92 769 768 93
927 3 2 992 21 93 768 767 94
928 3 2 992 21 94 767 766 95
929 3 2 992 21 95 766 765 96
930 3 2 992 21 96 765 764 97
931 3 2 992 21 97 764 763 98
932 3 2 992 21 98 763 762 99
933 3 2 992 21 99 762 761 100
934 3 2 992 21 100 761 760 101
935 3 2 992 21 101 760 759 102
936 3 2 992 21 102 759 758 103
937 3 2 992 21 103 758 757 104
938 3 2 992 21 104 757 756 105
939 3 2 992 21 105 756 755 106
940 3 2 992 21 106 755 754 107
941 3 2 992 21 107 754 753 108
942 3 2 992 21 108 753 752 109
943 3 2 992 21 109 752 751 110
944 3 2 992 21 110 751 750 111
945 3 2 992 21 111 750 749 112
946 3 2 992 21 112 749 748 113
947 3 2 992 21 113 748 747 114
948 3 2 992 21 114 747 746 115
949 3 2 992 21 115 746 745 116
950 3 2 992 21 116 745 744 117
951 3 2 992 21 117 744 743 118
952 3 2 992 21 118 743 742 119
953 3 2 992 21 119 742 741 120
954 3 2 992 21 120 741 740 121
955 3 2 992 21 121 740 739 122
956 3 2 992 21 122 739 738 123
957 3 2 992 21 123 738 737 124
958 3 2 992 21 124 737 736 125
959 3 2 992 21 125 736 735 126
960 3 2 992 21 126 735 734 127
961 3 2 992 21 127 734 733 128
962 3 2 992 21 128 733 732 129
963 3 2 992 21 129 732 731 130
964 3 2 992 21 130 731 730 131
965 3 2 992 21 131 730 729 132
966 3 2 992 21 132 729 728 133
967 3 2 992 21 133 728 727 134
968 3 2 992 21 134 727 726 135
969 3 2 992 21 135 726 725 136
970 3 2 992 21 136 725 724 137
971 3 2 992 21 137 724 723 138
972 3 2 992 21 138 723 722 139
973 3 2 992 21 139 722 721 140
974 3 2 992 21 140 721 720 141
975 3 2 992 21 141 720 719 142
976 3 2 992 21 142 719 718 143
977 3 2 992 21 143 718 717 144
978 3 2 992 21 144 717 716 145
979 3 2 992 21 145 716 715 146
980 3 2 992 21 146 715 714 147
981 3 2 992 21 147 714 713 148
982 3 2 992 21 148 713 712 149
983 3 2 992 21 149 712 711 150
984 3 2 992 21 150 711 710 151
985 3 2 992 21 151 710 709 152
986 3 2 992 21 152 709 708 153
987 3 2 992 21 153 708 707 154
988 3 2 992 21 154 707 706 155
989 3 2 992 21 155 706 705 156
990 3 2 992 21 156 705 704 157
991 3 2 992 21 157 704 703 158
992 3 2 992 21 158 703 702 159
993 3 2 992 21 159 702 701 160
994 3 2 992 21 160 701 700 161
995 3 2 992 21 161 700 699 162
996 3 2 992 21 162 699 698 163
997 3 2 992 21 163 698 697 164
998 3 2 992 21 164 697 696 165
999 3 2 992 21 165 696 695 166
1000 3 2 992 21 166 695 694 167
1001 3 2 992 21 167 694 693 168
1002 3 2 992 21 168 693 692 169
1003 3 2 992 21 169 692 691 170
1004 3 2 992 21 170 691 690 171
1005 3 2 992 21 171 690 689 172
1006 3 2 992 21 172 689 688 173
1007 3 2 992 21 173 688 687 174
1008 3 2 992 21 174 687 686 175
1009 3 2 992 21 175 686 685 176
1010 3 2 992 21 176 685 684 177
1011 3 2 992 21 177 684 683 178
1012 3 2 992 21 178 683 682 179
1013 3 2 992 21 179 682 681 180
1014 3 2 992 21 180 681 680 181
1015 3 2 992 21 181 680 679 182
1016 3 2 992 21 182 679 678 183
1017 3 2 992 21 183 678 677 184
1018 3 2 992 21 184 677 676 185
1019 3 2 992 21 185 676 675 186
1020 3 2 992 21 186 675 674 187
1021 3 2 992 21 187 674 673 188
1022 3 2 992 21 188 673 672 189
1023 3 2 992 21 189 672 671 190
1024 3 2 992 21 190 671 670 191
1025 3 2 992 21 191 670 669 192
1026 3 2 992 21 192 669 668 193
1027 3 2 992 21 193 668 667 194
1028 3 2 992 21 194 667 666 195
1029 3 2 992 21 195 666 665 196
1030 3 2 992 21 196 665 664 197
1031 3 2 992 21 197 664 663 198
1032 3 2 992 21 198 663 662 199
1033 3 2 992 21 199 662 661 200
1034 3 2 992 21 200 661 660 201
1035 3 2 992 21 201 660 659 202
1036 3 2 992 21 202 659 658 203
1037 3 2 992 21 203 658 657 204
1038 3 2 992 21 204 657 656 205
1039 3 2 992 21 205 656 655 206
1040 3 2 992 21 206 655 654 207
1041 3 2 992 21 207 654 653 208
1042 3 2 992 21 208 653 652 209
1043 3 2 992 21 209 652 651 210
1044 3 2 992 21 210 651 650 211
1045 3 2 992 21 211 650 649 212
1046 3 2 992 21 212 649 648 213
1047 3 2 992 21 213 648 647 214
1048 3 2 992 21 214 647 646 215
1049 3 2 992 21 215 646 645 216
1050 3 2 992 21 216 645 644 217
1051 3 2 992 21 217 644 643 218
1052 3 2 992 21 218 643 642 219
1053 3 2 992 21 219 642 7 2
1054 3 2 994 25 3 220 851 8
1055 3 2 994 25 220 221 852 851
1056 3 2 994 25 221 4 5 852
1057 3 2 996 26 6 640 1271 639
1058 3 2 996 26 639 1271 1272 638
1059 3 2 996 26 638 1272 1273 637
1060 3 2 996 26 637 1273 1274 636
1061 3 2 996 26 636 1274 1275 635
1062 3 2 996 26 635 1275 1276 634
1063 3 2 996 26 634 1276 1277 633
1064 3 2 996 26 633 1277 1278 632
1065 3 2 996 26 632 1278 1279 631
1066 3 2 996 26 631 1279 1280 630
1067 3 2 996 26 630 1280 1281 629
1068 3 2 996 26 629 1281 1282 628
1069 3 2 996 26 628 1282 1283 627
1070 3 2 996 26 627 1283 1284 626
1071 3 2 996 26 626 1284 1285 625
1072 3 2 996 26 625 1285 1286 624
1073 3 2 996 26 624 1286 1287 623
1074 3 2 996 26 623 1287 1288 622
1075 3 2 996 26 622 1288 1289 621
1076 3 2 996 26 621 1289 1290 620
1077 3 2 996 26 620 1290 1291 619
1078 3 2 996 26 619 1291 1292 618
1079 3 2 996 26 618 1292 1293 617
1080 3 2 996 26 617 1293 1294 616
1081 3 2 996 26 616 1294 1295 615
1082 3 2 996 26 615 1295 1296 614
1083 3 2 996 26 614 1296 1297 613
1084 3 2 996 26 613 1297 1298 612
1085 3 2 996 26 612 1298 1299 611
1086 3 2 996 26 611 1299 1300 610
1087 3 2 996 26 610 1300 1301 609
1088 3 2 996 26 609 1301 1302 608
1089 3 2 996 26 608 1302 1303 607
1090 3 2 996 26 607 1303 1304 606
1091 3 2 996 26 606 1304 1305 605
1092 3 2 996 26 605 1305 1306 604
1093 3 2 996 26 604 1306 1307 603
1094 3 2 996 26 603 1307 1308 602
1095 3 2 996 26 602 1308 1309 601
1096 3 2 996 26 601 1309 1310 600
1097 3 2 996 26 600 1310 1311 599
1098 3 2 996 26 599 1311 1312 598
1099 3 2 996 26 598 1312 1313 597
1100 3 2 996 26 597 1313 1314 596
1101 3 2 996 26 596 1314 1315 595
1102 3 2 996 26 595 1315 1316 594
1103 3 2 996 26 594 1316 1317 593
1104 3 2 996 26 593 1317 1318 592
1105 3 2 996 26 592 1318 1319 591
1106 3 2 996 26 591 1319 1320 590
1107 3 2 996 26 590 1320 1321 589
1108 3 2 996 26 589 1321 1322 588
1109 3 2 996 26 588 1322 1323 587
1110 3 2 996 26 587 1323 1324 586
1111 3 2 996 26 586 1324 1325 585
1112 3 2 996 26 585 1325 1326 584
1113 3 2 996 26 584 1326 1327 583
1114 3 2 996 26 583 1327 1328 582
1115 3 2 996 26 582 1328 1329 581
1116 3 2 996 26 581 1329 1330 580
1117 3 2 996 26 580 1330 1331 579
1118 3 2 996 26 579 1331 1332 578
1119 3 2 996 26 578 1332 1333 577
1120 3 2 996 26 577 1333 1334 576
1121 3 2 996 26 576 1334 1335 575
1122 3 2 996 26 575 1335 1336 574
1123 3 2 996 26 574 1336 1337 573
1124 3 2 996 26 573 1337 1338 572
1125 3 2 996 26 572 1338 1339 571
1126 3 2 996 26 571 1339 1340 570
1127 3 2 996 26 570 1340 1341 569
1128 3 2 996 26 569 1341 1342 568
1129 3 2 996 26 568 1342 1343 567
1130 3 2 996 26 567 1343 1344 566
1131 3 2 996 26 566 1344 1345 565
1132 3 2 996 26 565 1345 1346 564
1133 3 2 996 26 564 1346 1347 563
1134 3 2 996 26 563 1347 1348 562
1135 3 2 996 26 562 1348 1349 561
1136 3 2 996 26 561 1349 1350 560
1137 3 2 996 26 560 1350 1351 559
1138 3 2 996 26 559 1351 1352 558
1139 3 2 996 26 558 1352 1353 557
1140 3 2 996 26 557 1353 1354 556
1141 3 2 996 26 556 1354 1355 555
1142 3 2 996 26 555 1355 1356 554
1143 3 2 996 26 554 1356 1357 553
1144 3 2 996 26 553 1357 1358 552
1145 3 2 996 26 552 1358 1359 551
1146 3 2 996 26 551 1359 1360 550
1147 3 2 996 26 550 1360 1361 549
1148 3 2 996 26 549 1361 1362 548
1149 3 2 996 26 548 1362 1363 547
1150 3 2 996 26 547 1363 1364 546
1151 3 2 996 26 546 1364 1365 545
1152 3 2 996 26 545 1365 1366 544
1153 3 2 996 26 544 1366 1367 543
1154 3 2 996 26 543 1367 1368 542
1155 3 2 996 26 542 1368 1369 541
1156 3 2 996 26 541 1369 1370 540
1157 3 2 996 26 540 1370 1371 539
1158 3 2 996 26 539 1371 1372 538
1159 3 2 996 26 538 1372 1373 537
1160 3 2 996 26 537 1373 1374 536
1161 3 2 996 26 536 1374 1375 535
1162 3 2 996 26 535 1375 1376 534
1163 3 2 996 26 534 1376 1377 533
1164 3 2 996 26 533 1377 1378 532
1165 3 2 996 26 532 1378 1379 531
1166 3 2 996 26 531 1379 1380 530
1167 3 2 996 26 530 1380 1381 529
1168 3 2 996 26 529 1381 1382 528
1169 3 2 996 26 528 1382 1383 527
1170 3 2 996 26 527 1383 1384 526
1171 3 2 996 26 526 1384 1385 525
1172 3 2 996 26 525 1385 1386 524
1173 3 2 996 26 524 1386 1387 523
1174 3 2 996 26 523 1387 1388 522
1175 3 2 996 26 522 1388 1389 521
1176 3 2 996 26 521 1389 1390 520
1177 3 2 996 26 520 1390 1391 519
1178 3 2 996 26 519 1391 1392 518
1179 3 2 996 26 518 1392 1393 517
1180 3 2 996 26 517 1393 1394 516
1181 3 2 996 26 516 1394 1395 515
1182 3 2 996 26 515 1395 1396 514
1183 3 2 996 26 514 1396 1397 513
1184 3 2 996 26 513 1397 1398 512
1185 3 2 996 26 512 1398 1399 511
1186 3 2 996 26 511 1399 1400 510
1187 3 2 996 26 510 1400 1401 509
1188 3 2 996 26 509 1401 1402 508
1189 3 2 996 26 508 1402 1403 507
1190 3 2 996 26 507 1403 1404 506
1191 3 2 996 26 506 1404 1405 505
1192 3 2 996 26 505 1405 1406 504
1193 3 2 996 26 504 1406 1407 503
1194 3 2 996 26 503 1407 1408 502
1195 3 2 996 26 502 1408 1409 501
1196 3 2 996 26 501 1409 1410 500
1197 3 2 996 26 500 1410 1411 499
1198 3 2 996 26 499 1411 1412 498
1199 3 2 996 26 498 1412 1413 497
1200 3 2 996 26 497 1413 1414 496
1201 3 2 996 26 496 1414 1415 495
1202 3 2 996 26 495 1415 1416 494
1203 3 2 996 26 494 1416 1417 493
1204 3 2 996 26 493 1417 1418 492
1205 3 2 996 26 492 1418 1419 491
1206 3 2 996 26 491 1419 1420 490
1207 3 2 996 26 490 1420 1421 489
1208 3 2 996 26 489 1421 1422 488
1209 3 2 996 26 488 1422 1423 487
1210 3 2 996 26 487 1423 1424 486
1211 3 2 996 26 486 1424 1425 485
1212 3 2 996 26 485 1425 1426 484
1213 3 2 996 26 484 1426 1427 483
1214 3 2 996 26 483 1427 1428 482
1215 3 2 996 26 482 1428 1429 481
1216 3 2 996 26 481 1429 1430 480
1217 3 2 996 26 480 1430 1431 479
1218 3 2 996 26 479 1431 1432 478
1219 3 2 996 26 478 1432 1433 477
1220 3 2 996 26 477 1433 1434 476
1221 3 2 996 26 476 1434 1435 475
1222 3 2 996 26 475 1435 1436 474
1223 3 2 996 26 474 1436 1437 473
1224 3 2 996 26 473 1437 1438 472
1225 3 2 996 26 472 1438 1439 471
1226 3 2 996 26 471 1439 1440 470
1227 3 2 996 26 470 1440 1441 469
1228 3 2 996 26 469 1441 1442 468
1229 3 2 996 26 468 1442 1443 467
1230 3 2 996 26 467 1443 1444 466
1231 3 2 996 26 466 1444 1445 465
1232 3 2 996 26 465 1445 1446 464
1233 3 2 996 26 464 1446 1447 463
1234 3 2 996 26 463 1447 1448 462
1235 3 2 996 26 462 1448 1449 461
1236 3 2 996 26 461 1449 1450 460
1237 3 2 996 26 460 1450 1451 459
1238 3 2 996 26 459 1451 1452 458
1239 3 2 996 26 458 1452 1453 457
1240 3 2 996 26 457 1453 1454 456
1241 3 2 996 26 456 1454 1455 455
1242 3 2 996 26 455 1455 1456 454
1243 3 2 996 26 454 1456 1457 453
1244 3 2 996 26 453 1457 1458 452
1245 3 2 996 26 452 1458 1459 451
1246 3 2 996 26 451 1459 1460 450
1247 3 2 996 26 450 1460 1461 449
1248 3 2 996 26 449 1461 1462 448
1249 3 2 996 26 448 1462 1463 447
1250 3 2 996 26 447 1463 1464 446
1251 3 2 996 26 446 1464 1465 445
1252 3 2 996 26 445 1465 1466 444
1253 3 2 996 26 444 1466 1467 443
1254 3 2 996 26 443 1467 1468 442
1255 3 2 996 26 442 1468 1469 441
1256 3 2 996 26 441 1469 1470 440
1257 3 2 996 26 440 1470 1471 439
1258 3 2 996 26 439 1471 1472 438
1259 3 2 996 26 438 1472 1473 437
1260 3 2 996 26 437 1473 1474 436
1261 3 2 996 26 436 1474 1475 435
1262 3 2 996 26 435 1475 1476 434
1263 3 2 996 26 434 1476 1477 433
1264 3 2 996 26 433 1477 1478 432
1265 3 2 996 26 432 1478 1479 431
1266 3 2 996 26 431 1479 852 5
1267 3 2 996 26 640 641 1480 1271
1268 3 2 996 26 1271 1480 1481 1272
1269 3 2 996 26 1272 1481 1482 1273
1270 3 2 996 26 1273 1482 1483 1274
1271 3 2 996 26 1274 1483 1484 1275
1272 3 2 996 26 1275 1484 1485 1276
1273 3 2 996 26 1276 1485 1486 1277
1274 3 2 996 26 1277 1486 1487 1278
1275 3 2 996 26 1278 1487 1488 1279
1276 3 2 996 26 1279 1488 1489 1280
1277 3 2 996 26 1280 1489 1490 1281
1278 3 2 996 26 1281 1490 1491 1282
1279 3 2 996 26 1282 1491 1492 1283
1280 3 2 996 26 1283 1492 1493 1284
1281 3 2 996 26 1284 1493 1494 1285
1282 3 2 996 26 1285 1494 1495 1286
1283 3 2 996 26 1286 1495 1496 1287
1284 3 2 996 26 1287 1496 1497 1288
1285 3 2 996 26 1288 1497 1498 1289
1286 3 2 996 26 1289 1498 1499 1290
1287 3 2 996 26 1290 1499 1500 1291
1288 3 2 996 26 1291 1500 1501 1292
1289 3 2 996 26 1292 1501 1502 1293
1290 3 2 996 26 1293 1502 1503 1294
1291 3 2 996 26 1294 1503 1504 1295
1292 3 2 996 26 1295 1504 1505 1296
1293 3 2 996 26 1296 1505 1506 1297
1294 3 2 996 26 1297 1506 1507 1298
1295 3 2 996 26 1298 1507 1508 1299
1296 3 2 996 26 1299 1508 1509 1300
1297 3 2 996 26 1300 1509 1510 1301
1298 3 2 996 26 1301 1510 1511 1302
1299 3 2 996 26 1302 1511 1512 1303
1300 3 2 996 26 1303 1512 1513 1304
1301 3 2 996 26 1304 1513 1514 1305
1302 3 2 996 26 1305 1514 1515 1306
1303 3 2 996 26 1306 1515 1516 1307
1304 3 2 996 26 1307 1516 1517 1308
1305 3 2 996 26 1308 1517 1518 1309
1306 3 2 996 26 1309 1518 1519 1310
1307 3 2 996 26 1310 1519 1520 1311
1308 3 2 996 26 1311 1520 1521 1312
1309 3 2 996 26 1312 1521 1522 1313
1310 3 2 996 26 1313 1522 1523 1314
1311 3 2 996 26 1314 1523 1524 1315
1312 3 2 996 26 1315 1524 1525 1316
1313 3 2 996 26 1316 1525 1526 1317
1314 3 2 996 26 1317 1526 1527 1318
1315 3 2 996 26 1318 1527 1528 1319
1316 3 2 996 26 1319 1528 1529 1320
1317 3 2 996 26 1320 1529 1530 1321
1318 3 2 996 26 1321 1530 1531 1322
1319 3 2 996 26 1322 1531 1532 1323
1320 3 2 996 26 1323 1532 1533 1324
1321 3 2 996 26 1324 1533 1534 1325
1322 3 2 996 26 1325 1534 1535 1326
1323 3 2 996 26 1326 1535 1536 1327
1324 3 2 996 26 1327 1536 1537 1328
1325 3 2 996 26 1328 1537 1538 1329
1326 3 2 996 26 1329 1538 1539 1330
1327 3 2 996 26 1330 1539 1540 1331
1328 3 2 996 26 1331 1540 1541 1332
1329 3 2 996 26 1332 1541 1542 1333
1330 3 2 996 26 1333 1542 1543 1334
1331 3 2 996 26 1334 1543 1544 1335
1332 3 2 996 26 1335 1544 1545 1336
1333 3 2 996 26 1336 1545 1546 1337
1334 3 2 996 26 1337 1546 1547 1338
1335 3 2 996 26 1338 1547 1548 1339
1336 3 2 996 26 1339 1548 1549 1340
1337 3 2 996 26 1340 1549 1550 1341
1338 3 2 996 26 1341 1550 1551 1342
1339 3 2 996 26 1342 1551 1552 1343
1340 3 2 996 26 1343 1552 1553 1344
1341 3 2 996 26 1344 1553 1554 1345
1342 3 2 996 26 1345 1554 1555 1346
1343 3 2 996 26 1346 1555 1556 1347
1344 3 2 996 26 1347 1556 1557 1348
1345 3 2 996 26 1348 1557 1558 1349
1346 3 2 996 26 1349 1558 1559 1350
1347 3 2 996 26 1350 1559 1560 1351
1348 3 2 996 26 1351 1560 1561 1352
1349 3 2 996 26 1352 1561 1562 1353
1350 3 2 996 26 1353 1562 1563 1354
1351 3 2 996 26 1354 1563 1564 1355
1352 3 2 996 26 1355 1564 1565 1356
1353 3 2 996 26 1356 1565 1566 1357
1354 3 2 996 26 1357 1566 1567 1358
1355 3 2 996 26 1358 1567 1568 1359
1356 3 2 996 26 1359 1568 1569 1360
1357 3 2 996 26 1360 1569 1570 1361
1358 3 2 996 26 1361 1570 1571 1362
1359 3 2 996 26 1362 1571 1572 1363
1360 3 2 996 26 1363 1572 1573 1364
1361 3 2 996 26 1364 1573 1574 1365
1362 3 2 996 26 1365 1574 1575 1366
1363 3 2 996 26 1366 1575 1576 1367
1364 3 2 996 26 1367 1576 1577 1368
1365 3 2 996 26 1368 1577 1578 1369
1366 3 2 996 26 1369 1578 1579 1370
1367 3 2 996 26 1370 1579 1580 1371
1368 3 2 996 26 1371 1580 1581 1372
1369 3 2 996 26 1372 1581 1582 1373
1370 3 2 996 26 1373 1582 1583 1374
1371 3 2 996 26 1374 1583 1584 1375
1372 3 2 996 26 1375 1584 1585 1376
1373 3 2 996 26 1376 1585 1586 1377
1374 3 2 996 26 1377 1586 1587 1378
1375 3 2 996 26 1378 1587 1588 1379
1376 3 2 996 26 1379 1588 1589 1380
1377 3 2 996 26 1380 1589 1590 1381
1378 3 2 996 26 1381 1590 1591 1382
1379 3 2 996 26 1382 1591 1592 1383
1380 3 2 996 26 1383 1592 1593 1384
1381 3 2 996 26 1384 1593 1594 1385
1382 3 2 996 26 1385 1594 1595 1386
1383 3 2 996 26 1386 1595 1596 1387
1384 3 2 996 26 1387 1596 1597 1388
1385 3 2 996 26 1388 1597 1598 1389
1386 3 2 996 26 1389 1598 1599 1390
1387 3 2 996 26 1390 1599 1600 1391
1388 3 2 996 26 1391 1600 1601 1392
1389 3 2 996 26 1392 1601 1602 1393
1390 3 2 996 26 1393 1602 1603 1394
1391 3 2 996 26 1394 1603 1604 1395
1392 3 2 996 26 1395 1604 1605 1396
1393 3 2 996 26 1396 1605 1606 1397
1394 3 2 996 26 1397 1606 1607 1398
1395 3 2 996 26 1398 1607 1608 1399
1396 3 2 996 26 1399 1608 1609 1400
1397 3 2 996 26 1400 1609 1610 1401
1398 3 2 996 26 1401 1610 1611 1402
1399 3 2 996 26 1402 1611 1612 1403
1400 3 2 996 26 1403 1612 1613 1404
1401 3 2 996 26 1404 1613 1614 1405
1402 3 2 996 26 1405 1614 1615 1406
1403 3 2 996 26 1406 1615 1616 1407
1404 3 2 996 26 1407 1616 1617 1408
1405 3 2 996 26 1408 1617 1618 1409
1406 3 2 996 26 1409 1618 1619 1410
1407 3 2 996 26 1410 1619 1620 1411
1408 3 2 996 26 1411 1620 1621 1412
1409 3 2 996 26 1412 1621 1622 1413
1410 3 2 996 26 1413 1622 1623 1414
1411 3 2 996 26 1414 1623 1624 1415
1412 3 2 996 26 1415 1624 1625 1416
1413 3 2 996 26 1416 1625 1626 1417
1414 3 2 996 26 1417 1626 1627 1418
1415 3 2 996 26 1418 1627 1628 1419
1416 3 2 996 26 1419 1628 1629 1420
1417 3 2 996 26 1420 1629 1630 1421
1418 3 2 996 26 1421 1630 1631 1422
1419 3 2 996 26 1422 1631 1632 1423
1420 3 2 996 26 1423 1632 1633 1424
1421 3 2 996 26 1424 1633 1634 1425
1422 3 2 996 26 1425 1634 1635 1426
1423 3 2 996 26 1426 1635 1636 1427
1424 3 2 996 26 1427 1636 1637 1428
1425 3 2 996 26 1428 1637 1638 1429
1426 3 2 996 26 1429 1638 1639 1430
1427 3 2 996 26 1430 1639 1640 1431
1428 3 2 996 26 1431 1640 1641 1432
1429 3 2 996 26 1432 1641 1642 1433
1430 3 2 996 26 1433 1642 1643 1434
1431 3 2 996 26 1434 1643 1644 1435
1432 3 2 996 26 1435 1644 1645 1436
1433 3 2 996 26 1436 1645 1646 1437
1434 3 2 996 26 1437 1646 1647 1438
1435 3 2 996 26 1438 1647 1648 1439
1436 3 2 996 26 1439 1648 1649 1440
1437 3 2 996 26 1440 1649 1650 1441
1438 3 2 996 26 1441 1650 1651 1442
1439 3 2 996 26 1442 1651 1652 1443
1440 3 2 996 26 1443 1652 1653 1444
1441 3 2 996 26 1444 1653 1654 1445
1442 3 2 996 26 1445 1654 1655 1446
1443 3 2 996 26 1446 1655 1656 1447
1444 3 2 996 26 1447 1656 1657 1448
1445 3 2 996 26 1448 1657 1658 1449
1446 3 2 996 26 1449 1658 1659 1450
1447 3 2 996 26 1450 1659 1660 1451
1448 3 2 996 26 1451 1660 1661 1452
1449 3 2 996 26 1452 1661 1662 1453
1450 3 2 996 26 1453 1662 1663 1454
1451 3 2 996 26 1454 1663 1664 1455
1452 3 2 996 26 1455 1664 1665 1456
1453 3 2 996 26 1456 1665 1666 1457
1454 3 2 996 26 1457 1666 1667 1458
1455 3 2 996 26 1458 1667 1668 1459
1456 3 2 996 26 1459 1668 1669 1460
1457 3 2 996 26 1460 1669 1670 1461
1458 3 2 996 26 1461 1670 1671 1462
1459 3 2 996 26 1462 1671 1672 1463
1460 3 2 996 26 1463 1672 1673 1464
1461 3 2 996 26 1464 1673 1674 1465
1462 3 2 996 26 1465 1674 1675 1466
1463 3 2 996 26 1466 1675 1676 1467
1464 3 2 996 26 1467 1676 1677 1468
1465 3 2 996 26 1468 1677 1678 1469
1466 3 2 996 26 1469 1678 1679 1470
1467 3 2 996 26 1470 1679 1680 1471
1468 3 2 996 26 1471 1680 1681 1472
1469 3 2 996 26 1472 1681 1682 1473
1470 3 2 996 26 1473 1682 1683 1474
1471 3 2 996 26 1474 1683 1684 1475
1472 3 2 996 26 1475 1684 1685 1476
1473 3 2 996 26 1476 1685 1686 1477
1474 3 2 996 26 1477 1686 1687 1478
1475 3 2 996 26 1478 1687 1688 1479
1476 3 2 996 26 1479 1688 851 852
1477 3 2 996 26 641 7 642 1480
1478 3 2 996 26 1480 642 643 1481
1479 3 2 996 26 1481 643 644 1482
1480 3 2 996 26 1482 644 645 1483
1481 3 2 996 26 1483 645 646 1484
1482 3 2 996 26 1484 646 647 1485
1483 3 2 996 26 1485 647 648 1486
1484 3 2 996 26 1486 648 649 1487
1485 3 2 996 26 1487 649 650 1488
1486 3 2 996 26 1488 650 651 1489
1487 3 2 996 26 1489 651 652 1490
1488 3 2 996 26 1490 652 653 1491
1489 3 2 996 26 1491 653 654 1492
1490 3 2 996 26 1492 654 655 1493
1491 3 2 996 26 1493 655 656 1494
1492 3 2 996 26 1494 656 657 1495
1493 3 2 996 26 1495 657 658 1496
1494 3 2 996 26 1496 658 659 1497
1495 3 2 996 26 1497 659 660 1498
1496 3 2 996 26 1498 660 661 1499
1497 3 2 996 26 1499 661 662 1500
1498 3 2 996 26 1500 662 663 1501
1499 3 2 996 26 1501 663 664 1502
1500 3 2 996 26 1502 664 665 1503
1501 3 2 996 26 1503 665 666 1504
1502 3 2 996 26 1504 666 667 1505
1503 3 2 996 26 1505 667 668 1506
1504 3 2 996 26 1506 668 669 1507
1505 3 2 996 26 1507 669 670 1508
1506 3 2 996 26 1508 670 671 1509
1507 3 2 996 26 1509 671 672 1510
1508 3 2 996 26 1510 672 673 1511
1509 3 2 996 26 1511 673 674 1512
1510 3 2 996 26 1512 674 675 1513
1511 3 2 996 26 1513 675 676 1514
1512 3 2 996 26 1514 676 677 1515
1513 3 2 996 26 1515 677 678 1516
1514 3 2 996 26 1516 678 679 1517
1515 3 2 996 26 1517 679 680 1518
1516 3 2 996 26 1518 680 681 1519
1517 3 2 996 26 1519 681 682 1520
1518 3 2 996 26 1520 682 683 1521
1519 3 2 996 26 1521 683 684 1522
1520 3 2 996 26 1522 684 685 1523
1521 3 2 996 26 1523 685 686 1524
1522 3 2 996 26 1524 686 687 1525
1523 3 2 996 26 1525 687 688 1526
1524 3 2 996 26 1526 688 689 1527
1525 3 2 996 26 1527 689 690 1528
1526 3 2 996 26 1528 690 691 1529
1527 3 2 996 26 1529 691 692 1530
1528 3 2 996 26 1530 692 693 1531
1529 3 2 996 26 1531 693 694 1532
1530 3 2 996 26 1532 694 695 1533
1531 3 2 996 26 1533 695 696 1534
1532 3 2 996 26 1534 696 697 1535
1533 3 2 996 26 1535 697 698 1536
1534 3 2 996 26 1536 698 699 1537
1535 3 2 996 26 1537 699 700 1538
1536 3 2 996 26 1538 700 701 1539
1537 3 2 996 26 1539 701 702 1540
1538 3 2 996 26 1540 702 703 1541
1539 3 2 996 26 1541 703 704 1542
1540 3 2 996 26 1542 704 705 1543
1541 3 2 996 26 1543 705 706 1544
1542 3 2 996 26 1544 706 707 1545
1543 3 2 996 26 1545 707 708 1546
1544 3 2 996 26 1546 708 709 1547
1545 3 2 996 26 1547 709 710 1548
1546 3 2 996 26 1548 710 711 1549
1547 3 2 996 26 1549 711 712 1550
1548 3 2 996 26 1550 712 713 1551
1549 3 2 996 26 1551 713 714 1552
1550 3 2 996 26 1552 714 715 1553
1551 3 2 996 26 1553 715 716 1554
1552 3 2 996 26 1554 716 717 1555
1553 3 2 996 26 1555 717 718 1556
1554 3 2 996 26 1556 718 719 1557
1555 3 2 996 26 1557 719 720 1558
1556 3 2 996 26 1558 720 721 1559
1557 3 2 996 26 1559 721 722 1560
1558 3 2 996 26 1560 722 723 1561
1559 3 2 996 26 1561 723 724 1562
1560 3 2 996 26 1562 724 725 1563
1561 3 2 996 26 1563 725 726 1564
1562 3 2 996 26 1564 726 727 1565
1563 3 2 996 26 1565 727 728 1566
1564 3 2 996 26 1566 728 729 1567
1565 3 2 996 26 1567 729 730 1568
1566 3 2 996 26 1568 730 731 1569
1567 3 2 996 26 1569 731 732 1570
1568 3 2 996 26 1570 732 733 1571
1569 3 2 996 26 1571 733 734 1572
1570 3 2 996 26 1572 734 735 1573
1571 3 2 996 26 1573 735 736 1574
1572 3 2 996 26 1574 736 737 1575
1573 3 2 996 26 1575 737 738 1576
1574 3 2 996 26 1576 738 739 1577
1575 3 2 996 26 1577 739 740 1578
1576 3 2 996 26 1578 740 741 1579
1577 3 2 996 26 1579 741 742 1580
1578 3 2 996 26 1580 742 743 1581
1579 3 2 996 26 1581 743 744 1582
1580 3 2 996 26 1582 744 745 1583
1581 3 2 996 26 1583 745 746 1584
1582 3 2 996 26 1584 746 747 1585
1583 3 2 996 26 1585 747 748 1586
1584 3 2 996 26 1586 748 749 1587
1585 3 2 996 26 1587 749 750 1588
1586 3 2 996 26 1588 750 751 1589
1587 3 2 996 26 1589 751 752 1590
1588 3 2 996 26 1590 752 753 1591
1589 3 2 996 26 1591 753 754 1592
1590 3 2 996 26 1592 754 755 1593
1591 3 2 996 26 1593 755 756 1594
1592 3 2 996 26 1594 756 757 1595
1593 3 2 996 26 1595 757 758 1596
1594 3 2 996 26 1596 758 759 1597
1595 3 2 996 26 1597 759 760 1598
1596 3 2 996 26 1598 760 761 1599
1597 3 2 996 26 1599 761 762 1600
1598 3 2 996 26 1600 762 763 1601
1599 3 2 996 26 1601 763 764 1602
1600 3 2 996 26 1602 764 765 1603
1601 3 2 996 26 1603 765 766 1604
1602 3 2 996 26 1604 766 767 1605
1603 3 2 996 26 1605 767 768 1606
1604 3 2 996 26 1606 768 769 1607
1605 3 2 996 26 1607 769 770 1608
1606 3 2 996 26 1608 770 771 1609
1607 3 2 996 26 1609 771 772 1610
1608 3 2 996 26 1610 772 773 1611
1609 3 2 996 26 1611 773 774 1612
1610 3 2 996 26 1612 774 775 1613
1611 3 2 996 26 1613 775 776 1614
1612 3 2 996 26 1614 776 777 1615
1613 3 2 996 26 1615 777 778 1616
1614 3 2 996 26 1616 778 779 1617
1615 3 2 996 26 1617 779 780 1618
1616 3 2 996 26 1618 780 781 1619
1617 3 2 996 26 1619 781 782 1620
1618 3 2 996 26 1620 782 783 1621
1619 3 2 996 26 1621 783 784 1622
1620 3 2 996 26 1622 784 785 1623
1621 3 2 996 26 1623 785 786 1624
1622 3 2 996 26 1624 786 787 1625
1623 3 2 996 26 1625 787 788 1626
1624 3 2 996 26 1626 788 789 1627
1625 3 2 996 26 1627 789 790 1628
1626 3 2 996 26 1628 790 791 1629
1627 3 2 996 26 1629 791 792 1630
1628 3 2 996 26 1630 792 793 1631
1629 3 2 996 26 1631 793 794 1632
1630 3 2 996 26 1632 794 795 1633
1631 3 2 996 26 1633 795 796 1634
1632 3 2 996 26 1634 796 797 1635
1633 3 2 996 26 1635 797 798 1636
1634 3 2 996 26 1636 798 799 1637
1635 3 2 996 26 1637 799 800 1638
1636 3 2 996 26 1638 800 801 1639
1637 3 2 996 26 1639 801 802 1640
1638 3 2 996 26 1640 802 803 1641
1639 3 2 996 26 1641 803 804 1642
1640 3 2 996 26 1642 804 805 1643
1641 3 2 996 26 1643 805 806 1644
1642 3 2 996 26 1644 806 807 1645
1643 3 2 996 26 1645 807 808 1646
1644 3 2 996 26 1646 808 809 1647
1645 3 2 996 26 1647 809 810 1648
1646 3 2 996 26 1648 810 811 1649
1647 3 2 996 26 1649 811 812 1650
1648 3 2 996 26 1650 812 813 1651
1649 3 2 996 26 1651 813 814 1652
1650 3 2 996 26 1652 814 815 1653
1651 3 2 996 26 1653 815 816 1654
1652 3 2 996 26 1654 816 817 1655
1653 3 2 996 26 1655 817 818 1656
1654 3 2 996 26 1656 818 819 1657
1655 3 2 996 26 1657 819 820 1658
1656 3 2 996 26 1658 820 821 1659
1657 3 2 996 26 1659 821 822 1660
1658 3 2 996 26 1660 822 823 1661
1659 3 2 996 26 1661 823 824 1662
1660 3 2 996 26 1662 824 825 1663
1661 3 2 996 26 1663 825 826 1664
1662 3 2 996 26 1664 826 827 1665
1663 3 2 996 26 1665 827 828 1666
1664 3 2 996 26 1666 828 829 1667
1665 3 2 996 26 1667 829 830 1668
1666 3 2 996 26 1668 830 831 1669
1667 3 2 996 26 1669 831 832 1670
1668 3 2 996 26 1670 832 833 1671
1669 3 2 996 26 1671 833 834 1672
1670 3 2 996 26 1672 834 835 1673
1671 3 2 996 26 1673 835 836 1674
1672 3 2 996 26 1674 836 837 1675
1673 3 2 996 26 1675 837 838 1676
1674 3 2 996 26 1676 838 839 1677
1675 3 2 996 26 1677 839 840 1678
1676 3 2 996 26 1678 840 841 1679
1677 3 2 996 26 1679 841 842 1680
1678 3 2 996 26 1680 842 843 1681
1679 3 2 996 26 1681 843 844 1682
1680 3 2 996 26 1682 844 845 1683
1681 3 2 996 26 1683 845 846 1684
1682 3 2 996 26 1684 846 847 1685
1683 3 2 996 26 1685 847 848 1686
1684 3 2 996 26 1686 848 849 1687
1685 3 2 996 26 1687 849 850 1688
1686 3 2 996 26 1688 850 8 851
1687 5 2 99991 1 1 9 853 430 6 640 1271 639
1688 5 2 99991 1 430 853 854 429 639 1271 1272 638
1689 5 2 99991 1 429 854 855 428 638 1272 1273 637
1690 5 2 99991 1 428 855 856 427 637 1273 1274 636
1691 5 2 99991 1 427 856 857 426 636 1274 1275 635
1692 5 2 99991 1 426 857 858 425 635 1275 1276 634
1693 5 2 99991 1 425 858 859 424 634 1276 1277 633
1694 5 2 99991 1 424 859 860 423 633 1277 1278 632
1695 5 2 99991 1 423 860 861 422 632 1278 1279 631
1696 5 2 99991 1 422 861 862 421 631 1279 1280 630
1697 5 2 99991 1 421 862 863 420 630 1280 1281 629
1698 5 2 99991 1 420 863 864 419 629 1281 1282 628
1699 5 2 99991 1 419 864 865 418 628 1282 1283 627
1700 5 2 99991 1 418 865 866 417 627 1283 1284 626
1701 5 2 99991 1 417 866 867 416 626 1284 1285 625
1702 5 2 99991 1 416 867 868 415 625 1285 1286 624
1703 5 2 99991 1 415 868 869 414 624 1286 1287 623
1704 5 2 99991 1 414 869 870 413 623 1287 1288 622
1705 5 2 99991 1 413 870 871 412 622 1288 1289 621
1706 5 2 99991 1 412 871 872 411 621 1289 1290 620
1707 5 2 99991 1 411 872 873 410 620 1290 1291 619
1708 5 2 99991 1 410 873 874 409 619 1291 1292 618
1709 5 2 99991 1 409 874 875 408 618 1292 1293 617
1710 5 2 99991 1 408 875 876 407 617 1293 1294 616
1711 5 2 99991 1 407 876 877 406 616 1294 1295 615
1712 5 2 99991 1 406 877 878 405 615 1295 1296 614
1713 5 2 99991 1 405 878 879 404 614 1296 1297 613
1714 5 2 99991 1 404 879 880 403 613 1297 1298 612
1715 5 2 99991 1 403 880 881 402 612 1298 1299 611
1716 5 2 99991 1 402 881 882 401 611 1299 1300 610
1717 5 2 99991 1 401 882 883 400 610 1300 1301 609
1718 5 2 99991 1 400 883 884 399 609 1301 1302 608
1719 5 2 99991 1 399 884 885 398 608 1302 1303 607
1720 5 2 99991 1 398 885 886 397 607 1303 1304 606
1721 5 2 99991 1 397 886 887 396 606 1304 1305 605
1722 5 2 99991 1 396 887 888 395 605 1305 1306 604
1723 5 2 99991 1 395 888 889 394 604 1306 1307 603
1724 5 2 99991 1 394 889 890 393 603 1307 1308 602
1725 5 2 99991 1 393 890 891 392 602 1308 1309 601
1726 5 2 99991 1 392 891 892 391 601 1309 1310 600
1727 5 2 99991 1 391 892 893 390 600 1310 1311 599
1728 5 2 99991 1 390 893 894 389 599 1311 1312 598
1729 5 2 99991 1 389 894 895 388 598 1312 1313 597
1730 5 2 99991 1 388 895 896 387 597 1313 1314 596
1731 5 2 99991 1 387 896 897 386 596 1314 1315 595
1732 5 2 99991 1 386 897 898 385 595 1315 1316 594
1733 5 2 99991 1 385 898 899 384 594 1316 1317 593
1734 5 2 99991 1 384 899 900 383 593 1317 1318 592
1735 5 2 99991 1 383 900 901 382 592 1318 1319 591
1736 5 2 99991 1 382 901 902 381 591 1319 1320 590
1737 5 2 99991 1 381 902 903 380 590 1320 1321 589
1738 5 2 99991 1 380 903 904 379 589 1321 1322 588
1739 5 2 99991 1 379 904 905 378 588 1322 1323 587
1740 5 2 99991 1 378 905 906 377 587 1323 1324 586
1741 5 2 99991 1 377 906 907 376 586 1324 1325 585
1742 5 2 99991 1 376 907 908 375 585 1325 1326 584
1743 5 2 99991 1 375 908 909 374 584 1326 1327 583
1744 5 2 99991 1 374 909 910 373 583 1327 1328 582
1745 5 2 99991 1 373 910 911 372 582 1328 1329 581
1746 5 2 99991 1 372 911 912 371 581 1329 1330 580
1747 5 2 99991 1 371 912 913 370 580 1330 1331 579
1748 5 2 99991 1 370 913 914 369 579 1331 1332 578
1749 5 2 99991 1 369 914 915 368 578 1332 1333 577
1750 5 2 99991 1 368 915 916 367 577 1333 1334 576
1751 5 2 99991 1 367 916 917 366 576 1334 1335 575
1752 5 2 99991 1 366 917 918 365 575 1335 1336 574
1753 5 2 99991 1 365 918 919 364 574 1336 1337 573
1754 5 2 99991 1 364 919 920 363 573 1337 1338 572
1755 5 2 99991 1 363 920 921 362 572 1338 1339 571
1756 5 2 99991 1 362 921 922 361 571 1339 1340 570
1757 5 2 99991 1 361 922 923 360 570 1340 1341 569
1758 5 2 99991 1 360 923 924 359 569 1341 1342 568
1759 5 2 99991 1 359 924 925 358 568 1342 1343 567
1760 5 2 99991 1 358 925 926 357 567 1343 1344 566
1761 5 2 99991 1 357 926 927 356 566 1344 1345 565
1762 5 2 99991 1 356 927 928 355 565 1345 1346 564
1763 5 2 99991 1 355 928 929 354 564 1346 1347 563
1764 5 2 99991 1 354 929 930 353 563 1347 1348 562
1765 5 2 99991 1 353 930 931 352 562 1348 1349 561
1766 5 2 99991 1 352 931 932 351 561 1349 1350 560
1767 5 2 99991 1 351 932 933 350 560 1350 1351 559
1768 5 2 99991 1 350 933 934 349 559 1351 1352 558
1769 5 2 99991 1 349 934 935 348 558 1352 1353 557
1770 5 2 99991 1 348 935 936 347 557 1353 1354 556
1771 5 2 99991 1 347 936 937 346 556 1354 1355 555
1772 5 2 99991 1 346 937 938 345 555 1355 1356 554
1773 5 2 99991 1 345 938 939 344 554 1356 1357 553
1774 5 2 99991 1 344 939 940 343 553 1357 1358 552
1775 5 2 99991 1 343 940 941 342 552 1358 1359 551
1776 5 2 99991 1 342 941 942 341 551 1359 1360 550
1777 5 2 99991 1 341 942 943 340 550 1360 1361 549
1778 5 2 99991 1 340 943 944 339 549 1361 1362 548
1779 5 2 99991 1 339 944 945 338 548 1362 1363 547
1780 5 2 99991 1 338 945 946 337 547 1363 1364 546
1781 5 2 99991 1 337 946 947 336 546 1364 1365 545
1782 5 2 99991 1 336 947 948 335 545 1365 1366 544
1783 5 2 99991 1 335 948 949 334 544 1366 1367 543
1784 5 2 99991 1 334 949 950 333 543 1367 1368 542
1785 5 2 99991 1 333 950 951 332 542 1368 1369 541
1786 5 2 99991 1 332 951 952 331 541 1369 1370 540
1787 5 2 99991 1 331 952 953 330 540 1370 1371 539
1788 5 2 99991 1 330 953 954 329 539 1371 1372 538
1789 5 2 99991 1 329 954 955 328 538 1372 1373 537
1790 5 2 99991 1 328 955 956 327 537 1373 1374 536
1791 5 2 99991 1 327 956 957 326 536 1374 1375 535
1792 5 2 99991 1 326 957 958 325 535 1375 1376 534
1793 5 2 99991 1 325 958 959 324 534 1376 1377 533
1794 5 2 99991 1 324 959 960 323 533 1377 1378 532
1795 5 2 99991 1 323 960 961 322 532 1378 1379 531
1796 5 2 99991 1 322 961 962 321 531 1379 1380 530
1797 5 2 99991 1 321 962 963 320 530 1380 1381 529
1798 5 2 99991 1 320 963 964 319 529 1381 1382 528
1799 5 2 99991 1 319 964 965 318 528 1382 1383 527
1800 5 2 99991 1 318 965 966 317 527 1383 1384 526
1801 5 2 99991 1 317 966 967 316 526 1384 1385 525
1802 5 2 99991 1 316 967 968 315 525 1385 1386 524
1803 5 2 99991 1 315 968 969 314 524 1386 1387 523
1804 5 2 99991 1 314 969 970 313 523 1387 1388 522
1805 5 2 99991 1 313 970 971 312 522 1388 1389 521
1806 5 2 99991 1 312 971 972 311 521 1389 1390 520
1807 5 2 99991 1 311 972 973 310 520 1390 1391 519
1808 5 2 99991 1 310 973 974 309 519 1391 1392 518
1809 5 2 99991 1 309 974 975 308 518 1392 1393 517
1810 5 2 99991 1 308 975 976 307 517 1393 1394 516
1811 5 2 99991 1 307 976 977 306 516 1394 1395 515
1812 5 2 99991 1 306 977 978 305 515 1395 1396 514
1813 5 2 99991 1 305 978 979 304 514 1396 1397 513
1814 5 2 99991 1 304 979 980 303 513 1397 1398 512
1815 5 2 99991 1 303 980 981 302 512 1398 1399 511
1816 5 2 99991 1 302 981 982 301 511 1399 1400 510
1817 5 2 99991 1 301 982 983 300 510 1400 1401 509
1818 5 2 99991 1 300 983 984 299 509 1401 1402 508
1819 5 2 99991 1 299 984 985 298 508 1402 1403 507
1820 5 2 99991 1 298 985 986 297 507 1403 1404 506
1821 5 2 99991 1 297 986 987 296 506 1404 1405 505
1822 5 2 99991 1 296 987 988 295 505 1405 1406 504
1823 5 2 99991 1 295 988 989 294 504 1406 1407 503
1824 5 2 99991 1 294 989 990 293 503 1407 1408 502
1825 5 2 99991 1 293 990 991 292 502 1408 1409 501
1826 5 2 99991 1 292 991 992 291 501 1409 1410 500
1827 5 2 99991 1 291 992 993 290 500 1410 1411 499
1828 5 2 99991 1 290 993 994 289 499 1411 1412 498
1829 5 2 99991 1 289 994 995 288 498 1412 1413 497
1830 5 2 99991 1 288 995 996 287 497 1413 1414 496
1831 5 2 99991 1 287 996 997 286 496 1414 1415 495
1832 5 2 99991 1 286 997 998 285 495 1415 1416 494
1833 5 2 99991 1 285 998 999 284 494 1416 1417 493
1834 5 2 99991 1 284 999 1000 283 493 1417 1418 492
1835 5 2 99991 1 283 1000 1001 282 492 1418 1419 491
1836 5 2 99991 1 282 1001 1002 281 491 1419 1420 490
1837 5 2 99991 1 281 1002 1003 280 490 1420 1421 489
1838 5 2 99991 1 280 1003 1004 279 489 1421 1422 488
1839 5 2 99991 1 279 1004 1005 278 488 1422 1423 487
1840 5 2 99991 1 278 1005 1006 277 487 1423 1424 486
1841 5 2 99991 1 277 1006 1007 276 486 1424 1425 485
1842 5 2 99991 1 276 1007 1008 275 485 1425 1426 484
1843 5 2 99991 1 275 1008 1009 274 484 1426 1427 483
1844 5 2 99991 1 274 1009 1010 273 483 1427 1428 482
1845 5 2 99991 1 273 1010 1011 272 482 1428 1429 481
1846 5 2 99991 1 272 1011 1012 271 481 1429 1430 480
1847 5 2 99991 1 271 1012 1013 270 480 1430 1431 479
1848 5 2 99991 1 270 1013 1014 269 479 1431 1432 478
1849 5 2 99991 1 269 1014 1015 268 478 1432 1433 477
1850 5 2 99991 1 268 1015 1016 267 477 1433 1434 476
1851 5 2 99991 1 267 1016 1017 266 476 1434 1435 475
1852 5 2 99991 1 266 1017 1018 265 475 1435 1436 474
1853 5 2 99991 1 265 1018 1019 264 474 1436 1437 473
1854 5 2 99991 1 264 1019 1020 263 473 1437 1438 472
1855 5 2 99991 1 263 1020 1021 262 472 1438 1439 471
1856 5 2 99991 1 262 1021 1022 261 471 1439 1440 470
1857 5 2 99991 1 261 1022 1023 260 470 1440 1441 469
1858 5 2 99991 1 260 1023 1024 259 469 1441 1442 468
1859 5 2 99991 1 259 1024 1025 258 468 1442 1443 467
1860 5 2 99991 1 258 1025 1026 257 467 1443 1444 466
1861 5 2 99991 1 257 1026 1027 256 466 1444 1445 465
1862 5 2 99991 1 256 1027 1028 255 465 1445 1446 464
1863 5 2 99991 1 255 1028 1029 254 464 1446 1447 463
1864 5 2 99991 1 254 1029 1030 253 463 1447 1448 462
1865 5 2 99991 1 253 1030 1031 252 462 1448 1449 461
1866 5 2 99991 1 252 1031 1032 251 461 1449 1450 460
1867 5 2 99991 1 251 1032 1033 250 460 1450 1451 459
1868 5 2 99991 1 250 1033 1034 249 459 1451 1452 458
1869 5 2 99991 1 249 1034 1035 248 458 1452 1453 457
1870 5 2 99991 1 248 1035 1036 247 457 1453 1454 456
1871 5 2 99991 1 247 1036 1037 246 456 1454 1455 455
1872 5 2 99991 1 246 1037 1038 245 455 1455 1456 454
1873 5 2 99991 1 245 1038 1039 244 454 1456 1457 453
1874 5 2 99991 1 244 1039 1040 243 453 1457 1458 452
1875 5 2 99991 1 243 1040 1041 242 452 1458 1459 451
1876 5 2 99991 1 242 1041 1042 241 451 1459 1460 450
1877 5 2 99991 1 241 1042 1043 240 450 1460 1461 449
1878 5 2 99991 1 240 1043 1044 239 449 1461 1462 448
1879 5 2 99991 1 239 1044 1045 238 448 1462 1463 447
1880 5 2 99991 1 238 1045 1046 237 447 1463 1464 446
1881 5 2 99991 1 237 1046 1047 236 446 1464 1465 445
1882 5 2 99991 1 236 1047 1048 235 445 1465 1466 444
1883 5 2 99991 1 235 1048 1049 234 444 1466 1467 443
1884 5 2 99991 1 234 1049 1050 233 443 1467 1468 442
1885 5 2 99991 1 233 1050 1051 232 442 1468 1469 441
1886 5 2 99991 1 232 1051 1052 231 441 1469 1470 440
1887 5 2 99991 1 231 1052 1053 230 440 1470 1471 439
1888 5 2 99991 1 230 1053 1054 229 439 1471 1472 438
1889 5 2 99991 1 229 1054 1055 228 438 1472 1473 437
1890 5 2 99991 1 228 1055 1056 227 437 1473 1474 436
1891 5 2 99991 1 227 1056 1057 226 436 1474 1475 435
1892 5 2 99991 1 226 1057 1058 225 435 1475 1476 434
1893 5 2 99991 1 225 1058 1059 224 434 1476 1477 433
1894 5 2 99991 1 224 1059 1060 223 433 1477 1478 432
1895 5 2 99991 1 223 1060 1061 222 432 1478 1479 431
1896 5 2 99991 1 222 1061 221 4 431 1479 852 5
1897 5 2 99991 1 9 10 1062 853 640 641 1480 1271
1898 5 2 99991 1 853 1062 1063 854 1271 1480 1481 1272
1899 5 2 99991 1 854 1063 1064 855 1272 1481 1482 1273
1900 5 2 99991 1 855 1064 1065 856 1273 1482 1483 1274
1901 5 2 99991 1 856 1065 1066 857 1274 1483 1484 1275
1902 5 2 99991 1 857 1066 1067 858 1275 1484 1485 1276
1903 5 2 99991 1 858 1067 1068 859 1276 1485 1486 1277
1904 5 2 99991 1 859 1068 1069 860 1277 1486 1487 1278
1905 5 2 99991 1 860 1069 1070 861 1278 1487 1488 1279
1906 5 2 99991 1 861 1070 1071 862 1279 1488 1489 1280
1907 5 2 99991 1 862 1071 1072 863 1280 1489 1490 1281
1908 5 2 99991 1 863 1072 1073 864 1281 1490 1491 1282
1909 5 2 99991 1 864 1073 1074 865 1282 1491 1492 1283
1910 5 2 99991 1 865 1074 1075 866 1283 1492 1493 1284
1911 5 2 99991 1 866 1075 1076 867 1284 1493 1494 1285
1912 5 2 99991 1 867 1076 1077 868 1285 1494 1495 1286
1913 5 2 99991 1 868 1077 1078 869 1286 1495 1496 1287
1914 5 2 99991 1 869 1078 1079 870 1287 1496 1497 1288
1915 5 2 99991 1 870 1079 1080 871 1288 1497 1498 1289
1916 5 2 99991 1 871 1080 1081 872 1289 1498 1499 1290
1917 5 2 99991 1 872 1081 1082 873 1290 1499 1500 1291
1918 5 2 99991 1 873 1082 1083 874 1291 1500 1501 1292
1919 5 2 99991 1 874 1083 1084 875 1292 1501 1502 1293
1920 5 2 99991 1 875 1084 1085 876 1293 1502 1503 1294
1921 5 2 99991 1 876 1085 1086 877 1294 1503 1504 1295
1922 5 2 99991 1 877 1086 1087 878 1295 1504 1505 1296
1923 5 2 99991 1 878 1087 1088 879 1296 1505 1506 1297
1924 5 2 99991 1 879 1088 1089 880 1297 1506 1507 1298
1925 5 2 99991 1 880 1089 1090 881 1298 1507 1508 1299
1926 5 2 99991 1 881 1090 1091 882 1299 1508 1509 1300
1927 5 2 99991 1 882 1091 1092 883 1300 1509 1510 1301
1928 5 2 99991 1 883 1092 1093 884 1301 1510 1511 1302
1929 5 2 99991 1 884 1093 1094 885 1302 1511 1512 1303
1930 5 2 99991 1 885 1094 1095 886 1303 1512 1513 1304
1931 5 2 99991 1 886 1095 1096 887 1304 1513 1514 1305
1932 5 2 99991 1 887 1096 1097 888 1305 1514 1515 1306
1933 5 2 99991 1 888 1097 1098 889 1306 1515 1516 1307
1934 5 2 99991 1 889 1098 1099 890 1307 1516 1517 1308
1935 5 2 99991 1 890 1099 1100 891 1308 1517 1518 1309
1936 5 2 99991 1 891 1100 1101 892 1309 1518 1519 1310
1937 5 2 99991 1 892 1101 1102 893 1310 1519 1520 1311
1938 5 2 99991 1 893 1102 1103 894 1311 1520 1521 1312
1939 5 2 99991 1 894 1103 1104 895 1312 1521 1522 1313
1940 5 2 99991 1 895 1104 1105 896 1313 1522 1523 1314
1941 5 2 99991 1 896 1105 1106 897 1314 1523 1524 1315
1942 5 2 99991 1 897 1106 1107 898 1315 1524 1525 1316
1943 5 2 99991 1 898 1107 1108 899 1316 1525 1526 1317
1944 5 2 99991 1 899 1108 1109 900 1317 1526 1527 1318
1945 5 2 99991 1 900 1109 1110 901 1318 1527 1528 1319
1946 5 2 99991 1 901 1110 1111 902 1319 1528 1529 1320
1947 5 2 99991 1 902 1111 1112 903 1320 1529 1530 1321
1948 5 2 99991 1 903 1112 1113 904 1321 1530 1531 1322
1949 5 2 99991 1 904 1113 1114 905 1322 1531 1532 1323
1950 5 2 99991 1 905 1114 1115 906 1323 1532 1533 1324
1951 5 2 99991 1 906 1115 1116 907 1324 1533 1534 1325
1952 5 2 99991 1 907 1116 1117 908 1325 1534 1535 1326
1953 5 2 99991 1 908 1117 1118 909 1326 1535 1536 1327
1954 5 2 99991 1 909 1118 1119 910 1327 1536 1537 1328
1955 5 2 99991 1 910 1119 1120 911 1328 1537 1538 1329
1956 5 2 99991 1 911 1120 1121 912 1329 1538 1539 1330
1957 5 2 99991 1 912 1121 1122 913 1330 1539 1540 1331
1958 5 2 99991 1 913 1122 1123 914 1331 1540 1541 1332
1959 5 2 99991 1 914 1123 1124 915 1332 1541 1542 1333
1960 5 2 99991 1 915 1124 1125 916 1333 1542 1543 1334
1961 5 2 99991 1 916 1125 1126 917 1334 1543 1544 1335
1962 5 2 99991 1 917 1126 1127 918 1335 1544 1545 1336
1963 5 2 99991 1 918 1127 1128 919 1336 1545 1546 1337
1964 5 2 99991 1 919 1128 1129 920 1337 1546 1547 1338
1965 5 2 99991 1 920 1129 1130 921 1338 1547 1548 1339
1966 5 2 99991 1 921 1130 1131 922 1339 1548 1549 1340
1967 5 2 99991 1 922 1131 1132 923 1340 1549 1550 1341
1968 5 2 99991 1 923 1132 1133 924 1341 1550 1551 1342
1969 5 2 99991 1 924 1133 1134 925 1342 1551 1552 1343
1970 5 2 99991 1 925 1134 1135 926 1343 1552 1553 1344
1971 5 2 99991 1 926 1135 1136 927 1344 1553 1554 1345
1972 5 2 99991 1 927 1136 1137 928 1345 1554 1555 1346
1973 5 2 99991 1 928 1137 1138 929 1346 1555 1556 1347
1974 5 2 99991 1 929 1138 1139 930 1347 1556 1557 1348
1975 5 2 99991 1 930 1139 1140 931 1348 1557 1558 1349
1976 5 2 99991 1 931 1140 1141 932 1349 1558 1559 1350
1977 5 2 99991 1 932 1141 1142 933 1350 1559 1560 1351
1978 5 2 99991 1 933 1142 1143 934 1351 1560 1561 1352
1979 5 2 99991 1 934 1143 1144 935 1352 1561 1562 1353
1980 5 2 99991 1 935 1144 1145 936 1353 1562 1563 1354
1981 5 2 99991 1 936 1145 1146 937 1354 1563 1564 1355
1982 5 2 99991 1 937 1146 1147 938 1355 1564 1565 1356
1983 5 2 99991 1 938 1147 1148 939 1356 1565 1566 1357
1984 5 2 99991 1 939 1148 1149 940 1357 1566 1567 1358
1985 5 2 99991 1 940 1149 1150 941 1358 1567 1568 1359
1986 5 2 99991 1 941 1150 1151 942 1359 1568 1569 1360
1987 5 2 99991 1 942 1151 1152 943 1360 1569 1570 1361
1988 5 2 99991 1 943 1152 1153 944 1361 1570 1571 1362
1989 5 2 99991 1 944 1153 1154 945 1362 1571 1572 1363
1990 5 2 99991 1 945 1154 1155 946 1363 1572 1573 1364
1991 5 2 99991 1 946 1155 1156 947 1364 1573 1574 1365
1992 5 2 99991 1 947 1156 1157 948 1365 1574 1575 1366
1993 5 2 99991 1 948 1157 1158 949 1366 1575 1576 1367
1994 5 2 99991 1 949 1158 1159 950 1367 1576 1577 1368
1995 5 2 99991 1 950 1159 1160 951 1368 1577 1578 1369
1996 5 2 99991 1 951 1160 1161 952 1369 1578 1579 1370
1997 5 2 99991 1 952 1161 1162 953 1370 1579 1580 1371
1998 5 2 99991 1 953 1162 1163 954 1371 1580 1581 1372
1999 5 2 99991 1 954 1163 1164 955 1372 1581 1582 1373
2000 5 2 99991 1 955 1164 1165 956 1373 1582 1583 1374
2001 5 2 99991 1 956 1165 1166 957 1374 1583 1584 1375
2002 5 2 99991 1 957 1166 1167 958 1375 1584 1585 1376
2003 5 2 99991 1 958 1167 1168 959 1376 1585 1586 1377
2004 5 2 99991 1 959 1168 1169 960 1377 1586 1587 1378
2005 5 2 99991 1 960 1169 1170 961 1378 1587 1588 1379
2006 5 2 99991 1 961 1170 1171 962 1379 1588 1589 1380
2007 5 2 99991 1 962 1171 1172 963 1380 1589 1590 1381
2008 5 2 99991 1 963 1172 1173 964 1381 1590 1591 1382
2009 5 2 99991 1 964 1173 1174 965 1382 1591 1592 1383
2010 5 2 99991 1 965 1174 1175 966 1383 1592 1593 1384
2011 5 2 99991 1 966 1175 1176 967 1384 1593 1594 1385
2012 5 2 99991 1 967 1176 1177 968 1385 1594 1595 1386
2013 5 2 99991 1 968 1177 1178 969 1386 1595 1596 1387
2014 5 2 99991 1 969 1178 1179 970 1387 1596 1597 1388
2015 5 2 99991 1 970 1179 1180 971 1388 1597 1598 1389
2016 5 2 99991 1 971 1180 1181 972 1389 1598 1599 1390
2017 5 2 99991 1 972 1181 1182 973 1390 1599 1600 1391
2018 5 2 99991 1 973 1182 1183 974 1391 1600 1601 1392
2019 5 2 99991 1 974 1183 1184 975 1392 1601 1602 1393
2020 5 2 99991 1 975 1184 1185 976 1393 1602 1603 1394
2021 5 2 99991 1 976 1185 1186 977 1394 1603 1604 1395
2022 5 2 99991 1 977 1186 1187 978 1395 1604 1605 1396
2023 5 2 99991 1 978 1187 1188 979 1396 1605 1606 1397
2024 5 2 99991 1 979 1188 1189 980 1397 1606 1607 1398
2025 5 2 99991 1 980 1189 1190 981 1398 1607 1608 1399
2026 5 2 99991 1 981 1190 1191 982 1399 1608 1609 1400
2027 5 2 99991 1 982 1191 1192 983 1400 1609 1610 1401
2028 5 2 99991 1 983 1192 1193 984 1401 1610 1611 1402
2029 5 2 99991 1 984 1193 1194 985 1402 1611 1612 1403
2030 5 2 99991 1 985 1194 1195 986 1403 1612 1613 1404
2031 5 2 99991 1 986 1195 1196 987 1404 1613 1614 1405
2032 5 2 99991 1 987 1196 1197 988 1405 1614 1615 1406
2033 5 2 99991 1 988 1197 1198 989 1406 1615 1616 1407
2034 5 2 99991 1 989 1198 1199 990 1407 1616 1617 1408
2035 5 2 99991 1 990 1199 1200 991 1408 1617 1618 1409
2036 5 2 99991 1 991 1200 1201 992 1409 1618 1619 1410
2037 5 2 99991 1 992 1201 1202 993 1410 1619 1620 1411
2038 5 2 99991 1 993 1202 1203 994 1411 1620 1621 1412
2039 5 2 99991 1 994 1203 1204 995 1412 1621 1622 1413
2040 5 2 99991 1 995 1204 1205 996 1413 1622 1623 1414
2041 5 2 99991 1 996 1205 1206 997 1414 1623 1624 1415
2042 5 2 99991 1 997 1206 1207 998 1415 1624 1625 1416
2043 5 2 99991 1 998 1207 1208 999 1416 1625 1626 1417
2044 5 2 99991 1 999 1208 1209 1000 1417 1626 1627 1418
2045 5 2 99991 1 1000 1209 1210 1001 1418 1627 1628 1419
2046 5 2 99991 1 1001 1210 1211 1002 1419 1628 1629 1420
2047 5 2 99991 1 1002 1211 1212 1003 1420 1629 1630 1421
2048 5 2 99991 1 1003 1212 1213 1004 1421 1630 1631 1422
2049 5 2 99991 1 1004 1213 1214 1005 1422 1631 1632 1423
2050 5 2 99991 1 1005 1214 1215 1006 1423 1632 1633 1424
2051 5 2 99991 1 1006 1215 1216 1007 1424 1633 1634 1425
2052 5 2 99991 1 1007 1216 1217 1008 1425 1634 1635 1426
2053 5 2 99991 1 1008 1217 1218 1009 1426 1635 1636 1427
2054 5 2 99991 1 1009 1218 1219 1010 1427 1636 1637 1428
2055 5 2 99991 1 1010 1219 1220 1011 1428 1637 1638 1429
2056 5 2 99991 1 1011 1220 1221 1012 1429 1638 1639 1430
2057 5 2 99991 1 1012 1221 1222 1013 1430 1639 1640 1431
2058 5 2 99991 1 1013 1222 1223 1014 1431 1640 1641 1432
2059 5 2 99991 1 1014 1223 1224 1015 1432 1641 1642 1433
2060 5 2 99991 1 1015 1224 1225 1016 1433 1642 1643 1434
2061 5 2 99991 1 1016 1225 1226 1017 1434 1643 1644 1435
2062 5 2 99991 1 1017 1226 1227 1018 1435 1644 1645 1436
2063 5 2 99991 1 1018 1227 1228 1019 1436 1645 1646 1437
2064 5 2 99991 1 1019 1228 1229 1020 1437 1646 1647 1438
2065 5 2 99991 1 1020 1229 1230 1021 1438 1647 1648 1439
2066 5 2 99991 1 1021 1230 1231 1022 1439 1648 1649 1440
2067 5 2 99991 1 1022 1231 1232 1023 1440 1649 1650 1441
2068 5 2 99991 1 1023 1232 1233 1024 1441 1650 1651 1442
2069 5 2 99991 1 1024 1233 1234 1025 1442 1651 1652 1443
2070 5 2 99991 1 1025 1234 1235 1026 1443 1652 1653 1444
2071 5 2 99991 1 1026 1235 1236 1027 1444 1653 1654 1445
2072 5 2 99991 1 1027 1236 1237 1028 1445 1654 1655 1446
2073 5 2 99991 1 1028 1237 1238 1029 1446 1655 1656 1447
2074 5 2 99991 1 1029 1238 1239 1030 1447 1656 1657 1448
2075 5 2 99991 1 1030 1239 1240 1031 1448 1657 1658 1449
2076 5 2 99991 1 1031 1240 1241 1032 1449 1658 1659 1450
2077 5 2 99991 1 1032 1241 1242 1033 1450 1659 1660 1451
2078 5 2 99991 1 1033 1242 1243 1034 1451 1660 1661 1452
2079 5 2 99991 1 1034 1243 1244 1035 1452 1661 1662 1453
2080 5 2 99991 1 1035 1244 1245 1036 1453 1662 1663 1454
2081 5 2 99991 1 1036 1245 1246 1037 1454 1663 1664 1455
2082 5 2 99991 1 1037 1246 1247 1038 1455 1664 1665 1456
2083 5 2 99991 1 1038 1247 1248 1039 1456 1665 1666 1457
2084 5 2 99991 1 1039 1248 1249 1040 1457 1666 1667 1458
2085 5 2 99991 1 1040 1249 1250 1041 1458 1667 1668 1459
2086 5 2 99991 1 1041 1250 1251 1042 1459 1668 1669 1460
2087 5 2 99991 1 1042 1251 1252 1043 1460 1669 1670 1461
2088 5 2 99991 1 1043 1252 1253 1044 1461 1670 1671 1462
2089 5 2 99991 1 1044 1253 1254 1045 1462 1671 1672 1463
2090 5 2 99991 1 1045 1254 1255 1046 1463 1672 1673 1464
2091 5 2 99991 1 1046 1255 1256 1047 1464 1673 1674 1465
2092 5 2 99991 1 1047 1256 1257 1048 1465 1674 1675 1466
2093 5 2 99991 1 1048 1257 1258 1049 1466 1675 1676 1467
2094 5 2 99991 1 1049 1258 1259 1050 1467 1676 1677 1468
2095 5 2 99991 1 1050 1259 1260 1051 1468 1677 1678 1469
2096 5 2 99991 1 1051 1260 1261 1052 1469 1678 1679 1470
2097 5 2 99991 1 1052 1261 1262 1053 1470 1679 1680 1471
2098 5 2 99991 1 1053 1262 1263 1054 1471 1680 1681 1472
2099 5 2 99991 1 1054 1263 1264 1055 1472 1681 1682 1473
2100 5 2 99991 1 1055 1264 1265 1056 1473 1682 1683 1474
2101 5 2 99991 1 1056 1265 1266 1057 1474 1683 1684 1475
2102 5 2 99991 1 1057 1266 1267 1058 1475 1684 1685 1476
2103 5 2 99991 1 1058 1267 1268 1059 1476 1685 1686 1477
2104 5 2 99991 1 1059 1268 1269 1060 1477 1686 1687 1478
2105 5 2 99991 1 1060 1269 1270 1061 1478 1687 1688 1479
2106 5 2 99991 1 1061 1270 220 221 1479 1688 851 852
2107 5 2 99991 1 10 2 219 1062 641 7 642 1480
2108 5 2 99991 1 1062 219 218 1063 1480 642 643 1481
2109 5 2 99991 1 1063 218 217 1064 1481 643 644 1482
2110 5 2 99991 1 1064 217 216 1065 1482 644 645 1483
2111 5 2 99991 1 1065 216 215 1066 1483 645 646 1484
2112 5 2 99991 1 1066 215 214 1067 1484 646 647 1485
2113 5 2 99991 1 1067 214 213 1068 1485 647 648 1486
2114 5 2 99991 1 1068 213 212 1069 1486 648 649 1487
2115 5 2 99991 1 1069 212 211 1070 1487 649 650 1488
2116 5 2 99991 1 1070 211 210 1071 1488 650 651 1489
2117 5 2 99991 1 1071 210 209 1072 1489 651 652 1490
2118 5 2 99991 1 1072 209 208 1073 1490 652 653 1491
2119 5 2 99991 1 1073 208 207 1074 1491 653 654 1492
2120 5 2 99991 1 1074 207 206 1075 1492 654 655 1493
2121 5 2 99991 1 1075 206 205 1076 1493 655 656 1494
2122 5 2 99991 1 1076 205 204 1077 1494 656 657 1495
2123 5 2 99991 1 1077 204 203 1078 1495 657 658 1496
2124 5 2 99991 1 1078 203 202 1079 1496 658 659 1497
2125 5 2 99991 1 1079 202 201 1080 1497 659 660 1498
2126 5 2 99991 1 1080 201 200 1081 1498 660 661 1499
2127 5 2 99991 1 1081 200 199 1082 1499 661 662 1500
2128 5 2 99991 1 1082 199 198 1083 1500 662 663 1501
2129 5 2 99991 1 1083 198 197 1084 1501 663 664 1502
2130 5 2 99991 1 1084 197 196 1085 1502 664 665 1503
2131 5 2 99991 1 1085 196 195 1086 1503 665 666 1504
2132 5 2 99991 1 1086 195 194 1087 1504 666 667 1505
2133 5 2 99991 1 1087 194 193 1088 1505 667 668 1506
2134 5 2 99991 1 1088 193 192 1089 1506 668 669 1507
2135 5 2 99991 1 1089 192 191 1090 1507 669 670 1508
2136 5 2 99991 1 1090 191 190 1091 1508 670 671 1509
2137 5 2 99991 1 1091 190 189 1092 1509 671 672 1510
2138 5 2 99991 1 1092 189 188 1093 1510 672 673 1511
2139 5 2 99991 1 1093 188 187 1094 1511 673 674 1512
2140 5 2 99991 1 1094 187 186 1095 1512 674 675 1513
2141 5 2 99991 1 1095 186 185 1096 1513 675 676 1514
2142 5 2 99991 1 1096 185 184 1097 1514 676 677 1515
2143 5 2 99991 1 1097 184 183 1098 1515 677 678 1516
2144 5 2 99991 1 1098 183 182 1099 1516 678 679 1517
2145 5 2 99991 1 1099 182 181 1100 1517 679 680 1518
2146 5 2 99991 1 1100 181 180 1101 1518 680 681 1519
2147 5 2 99991 1 1101 180 179 1102 1519 681 682 1520
2148 5 2 99991 1 1102 179 178 1103 1520 682 683 1521
2149 5 2 99991 1 1103 178 177 1104 1521 683 684 1522
2150 5 2 99991 1 1104 177 176 1105 1522 684 685 1523
2151 5 2 99991 1 1105 176 175 1106 1523 685 686 1524
2152 5 2 99991 1 1106 175 174 1107 1524 686 687 1525
2153 5 2 99991 1 1107 174 173 1108 1525 687 688 1526
2154 5 2 99991 1 1108 173 172 1109 1526 688 689 1527
2155 5 2 99991 1 1109 172 171 1110 1527 689 690 1528
2156 5 2 99991 1 1110 171 170 1111 1528 690 691 1529
2157 5 2 99991 1 1111 170 169 1112 1529 691 692 1530
2158 5 2 99991 1 1112 169 168 1113 1530 692 693 1531
2159 5 2 99991 1 1113 168 167 1114 1531 693 694 1532
2160 5 2 99991 1 1114 167 166 1115 1532 694 695 1533
2161 5 2 99991 1 1115 166 165 1116 1533 695 696 1534
2162 5 2 99991 1 1116 165 164 1117 1534 696 697 1535
2163 5 2 99991 1 1117 164 163 1118 1535 697 698 1536
2164 5 2 99991 1 1118 163 162 1119 1536 698 699 1537
2165 5 2 99991 1 1119 162 161 1120 1537 699 700 1538
2166 5 2 99991 1 1120 161 160 1121 1538 700 701 1539
2167 5 2 99991 1 1121 160 159 1122 1539 701 702 1540
2168 5 2 99991 1 1122 159 158 1123 1540 702 703 1541
2169 5 2 99991 1 1123 158 157 1124 1541 703 704 1542
2170 5 2 99991 1 1124 157 156 1125 1542 704 705 1543
2171 5 2 99991 1 1125 156 155 1126 1543 705 706 1544
2172 5 2 99991 1 1126 155 154 1127 1544 706 707 1545
2173 5 2 99991 1 1127 154 153 1128 1545 707 708 1546
2174 5 2 99991 1 1128 153 152 1129 1546 708 709 1547
2175 5 2 99991 1 1129 152 151 1130 1547 709 710 1548
2176 5 2 99991 1 1130 151 150 1131 1548 710 711 1549
2177 5 2 99991 1 1131 150 149 1132 1549 711 712 1550
2178 5 2 99991 1 1132 149 148 1133 1550 712 713 1551
2179 5 2 99991 1 1133 148 147 1134 1551 713 714 1552
2180 5 2 99991 1 1134 147 146 1135 1552 714 715 1553
2181 5 2 99991 1 1135 146 145 1136 1553 715 716 1554
2182 5 2 99991 1 1136 145 144 1137 1554 716 717 1555
2183 5 2 99991 1 1137 144 143 1138 1555 717 718 1556
2184 5 2 99991 1 1138 143 142 1139 1556 718 719 1557
2185 5 2 99991 1 1139 142 141 1140 1557 719 720 1558
2186 5 2 99991 1 1140 141 140 1141 1558 720 721 1559
2187 5 2 99991 1 1141 140 139 1142 1559 721 722 1560
2188 5 2 99991 1 1142 139 138 1143 1560 722 723 1561
2189 5 2 99991 1 1143 138 137 1144 1561 723 724 1562
2190 5 2 99991 1 1144 137 136 1145 1562 724 725 1563
2191 5 2 99991 1 1145 136 135 1146 1563 725 726 1564
2192 5 2 99991 1 1146 135 134 1147 1564 726 727 1565
2193 5 2 99991 1 1147 134 133 1148 1565 727 728 1566
2194 5 2 99991 1 1148 133 132 1149 1566 728 729 1567
2195 5 2 99991 1 1149 132 131 1150 1567 729 730 1568
2196 5 2 99991 1 1150 131 130 1151 1568 730 731 1569
2197 5 2 99991 1 1151 130 129 1152 1569 731 732 1570
2198 5 2 99991 1 1152 129 128 1153 1570 732 733 1571
2199 5 2 99991 1 1153 128 127 1154 1571 733 734 1572
2200 5 2 99991 1 1154 127 126 1155 1572 734 735 1573
2201 5 2 99991 1 1155 126 125 1156 1573 735 736 1574
2202 5 2 99991 1 1156 125 124 1157 1574 736 737 1575
2203 5 2 99991 1 1157 124 123 1158 1575 737 738 1576
2204 5 2 99991 1 1158 123 122 1159 1576 738 739 1577
2205 5 2 99991 1 1159 122 121 1160 1577 739 740 1578
2206 5 2 99991 1 1160 121 120 1161 1578 740 741 1579
2207 5 2 99991 1 1161 120 119 1162 1579 741 742 1580
2208 5 2 99991 1 1162 119 118 1163 1580 742 743 1581
2209 5 2 99991 1 1163 118 117 1164 1581 743 744 1582
2210 5 2 99991 1 1164 117 116 1165 1582 744 745 1583
2211 5 2 99991 1 1165 116 115 1166 1583 745 746 1584
2212 5 2 99991 1 1166 115 114 1167 1584 746 747 1585
2213 5 2 99991 1 1167 114 113 1168 1585 747 748 1586
2214 5 2 99991 1 1168 113 112 1169 1586 748 749 1587
2215 5 2 99991 1 1169 112 111 1170 1587 749 750 1588
2216 5 2 99991 1 1170 111 110 1171 1588 750 751 1589
2217 5 2 99991 1 1171 110 109 1172 1589 751 752 1590
2218 5 2 99991 1 1172 109 108 1173 1590 752 753 1591
2219 5 2 99991 1 1173 108 107 1174 1591 753 754 1592
2220 5 2 99991 1 1174 107 106 1175 1592 754 755 1593
2221 5 2 99991 1 1175 106 105 1176 1593 755 756 1594
2222 5 2 99991 1 1176 105 104 1177 1594 756 757 1595
2223 5 2 99991 1 1177 104 103 1178 1595 757 758 1596
2224 5 2 99991 1 1178 103 102 1179 1596 758 759 1597
2225 5 2 99991 1 1179 102 101 1180 1597 759 760 1598
2226 5 2 99991 1 1180 101 100 1181 1598 760 761 1599
2227 5 2 99991 1 1181 100 99 1182 1599 761 762 1600
2228 5 2 99991 1 1182 99 98 1183 1600 762 763 1601
2229 5 2 99991 1 1183 98 97 1184 1601 763 764 1602
2230 5 2 99991 1 1184 97 96 1185 1602 764 765 1603
2231 5 2 99991 1 1185 96 95 1186 1603 765 766 1604
2232 5 2 99991 1 1186 95 94 1187 1604 766 767 1605
2233 5 2 99991 1 1187 94 93 1188 1605 767 768 1606
2234 5 2 99991 1 1188 93 92 1189 1606 768 769 1607
2235 5 2 99991 1 1189 92 91 1190 1607 769 770 1608
2236 5 2 99991 1 1190 91 90 1191 1608 770 771 1609
2237 5 2 99991 1 1191 90 89 1192 1609 771 772 1610
2238 5 2 99991 1 1192 89 88 1193 1610 772 773 1611
2239 5 2 99991 1 1193 88 87 1194 1611 773 774 1612
2240 5 2 99991 1 1194 87 86 1195 1612 774 775 1613
2241 5 2 99991 1 1195 86 85 1196 1613 775 776 1614
2242 5 2 99991 1 1196 85 84 1197 1614 776 777 1615
2243 5 2 99991 1 1197 84 83 1198 1615 777 778 1616
2244 5 2 99991 1 1198 83 82 1199 1616 778 779 1617
2245 5 2 99991 1 1199 82 81 1200 1617 779 780 1618
2246 5 2 99991 1 1200 81 80 1201 1618 780 781 1619
2247 5 2 99991 1 1201 80 79 1202 1619 781 782 1620
2248 5 2 99991 1 1202 79 78 1203 1620 782 783 1621
2249 5 2 99991 1 1203 78 77 1204 1621 783 784 1622
2250 5 2 99991 1 1204 77 76 1205 1622 784 785 1623
2251 5 2 99991 1 1205 76 75 1206 1623 785 786 1624
2252 5 2 99991 1 1206 75 74 1207 1624 786 787 1625
2253 5 2 99991 1 1207 74 73 1208 1625 787 788 1626
2254 5 2 99991 1 1208 73 72 1209 1626 788 789 1627
2255 5 2 99991 1 1209 72 71 1210 1627 789 790 1628
2256 5 2 99991 1 1210 71 70 1211 1628 790 791 1629
2257 5 2 99991 1 1211 70 69 1212 1629 791 792 1630
2258 5 2 99991 1 1212 69 68 1213 1630 792 793 1631
2259 5 2 99991 1 1213 68 67 1214 1631 793 794 1632
2260 5 2 99991 1 1214 67 66 1215 1632 794 795 1633
2261 5 2 99991 1 1215 66 65 1216 1633 795 796 1634
2262 5 2 99991 1 1216 65 64 1217 1634 796 797 1635
2263 5 2 99991 1 1217 64 63 1218 1635 797 798 1636
2264 5 2 99991 1 1218 63 62 1219 1636 798 799 1637
2265 5 2 99991 1 1219 62 61 1220 1637 799 800 1638
2266 5 2 99991 1 1220 61 60 1221 1638 800 801 1639
2267 5 2 99991 1 1221 60 59 1222 1639 801 802 1640
2268 5 2 99991 1 1222 59 58 1223 1640 802 803 1641
2269 5 2 99991 1 1223 58 57 1224 1641 803 804 1642
2270 5 2 99991 1 1224 57 56 1225 1642 804 805 1643
2271 5 2 99991 1 1225 56 55 1226 1643 805 806 1644
2272 5 2 99991 1 1226 55 54 1227 1644 806 807 1645
2273 5 2 99991 1 1227 54 53 1228 1645 807 808 1646
2274 5 2 99991 1 1228 53 52 1229 1646 808 809 1647
2275 5 2 99991 1 1229 52 51 1230 1647 809 810 1648
2276 5 2 99991 1 1230 51 50 1231 1648 810 811 1649
2277 5 2 99991 1 1231 50 49 1232 1649 811 812 1650
2278 5 2 99991 1 1232 49 48 1233 1650 812 813 1651
2279 5 2 99991 1 1233 48 47 1234 1651 813 814 1652
2280 5 2 99991 1 1234 47 46 1235 1652 814 815 1653
2281 5 2 99991 1 1235 46 45 1236 1653 815 816 1654
2282 5 2 99991 1 1236 45 44 1237 1654 816 817 1655
2283 5 2 99991 1 1237 44 43 1238 1655 817 818 1656
2284 5 2 99991 1 1238 43 42 1239 1656 818 819 1657
2285 5 2 99991 1 1239 42 41 1240 1657 819 820 1658
2286 5 2 99991 1 1240 41 40 1241 1658 820 821 1659
2287 5 2 99991 1 1241 40 39 1242 1659 821 822 1660
2288 5 2 99991 1 1242 39 38 1243 1660 822 823 1661
2289 5 2 99991 1 1243 38 37 1244 1661 823 824 1662
2290 5 2 99991 1 1244 37 36 1245 1662 824 825 1663
2291 5 2 99991 1 1245 36 35 1246 1663 825 826 1664
2292 5 2 99991 1 1246 35 34 1247 1664 826 827 1665
2293 5 2 99991 1 1247 34 33 1248 1665 827 828 1666
2294 5 2 99991 1 1248 33 32 1249 1666 828 829 1667
2295 5 2 99991 1 1249 32 31 1250 1667 829 830 1668
2296 5 2 99991 1 1250 31 30 1251 1668 830 831 1669
2297 5 2 99991 1 1251 30 29 1252 1669 831 832 1670
2298 5 2 99991 1 1252 29 28 1253 1670 832 833 1671
2299 5 2 99991 1 1253 28 27 1254 1671 833 834 1672
2300 5 2 99991 1 1254 27 26 1255 1672 834 835 1673
2301 5 2 99991 1 1255 26 25 1256 1673 835 836 1674
2302 5 2 99991 1 1256 25 24 1257 1674 836 837 1675
2303 5 2 99991 1 1257 24 23 1258 1675 837 838 1676
2304 5 2 99991 1 1258 23 22 1259 1676 838 839 1677
2305 5 2 99991 1 1259 22 21 1260 1677 839 840 1678
2306 5 2 99991 1 1260 21 20 1261 1678 840 841 1679
2307 5 2 99991 1 1261 20 19 1262 1679 841 842 1680
2308 5 2 99991 1 1262 19 18 1263 1680 842 843 1681
2309 5 2 99991 1 1263 18 17 1264 1681 843 844 1682
2310 5 2 99991 1 1264 17 16 1265 1682 844 845 1683
2311 5 2 99991 1 1265 16 15 1266 1683 845 846 1684
2312 5 2 99991 1 1266 15 14 1267 1684 846 847 1685
2313 5 2 99991 1 1267 14 13 1268 1685 847 848 1686
2314 5 2 99991 1 1268 13 12 1269 1686 848 849 1687
2315 5 2 99991 1 1269 12 11 1270 1687 849 850 1688
2316 5 2 99991 1 1270 11 3 220 1688 850 8 851
$EndElements
