$MeshFormat
2.2 0 8
$EndMeshFormat
$Nodes
1922
1 0 0 0
2 100 0 0
3 0 100 0
4 100 100 0
5 0 0 10
6 100 0 10
7 0 100 10
8 100 100 10
9 3.333333333320185 0 0
10 6.666666666639692 0 0
11 9.99999999996156 0 0
12 13.33333333328203 0 0
13 16.66666666659806 0 0
14 19.99999999991408 0 0
15 23.33333333323011 0 0
16 26.66666666654615 0 0
17 29.99999999986218 0 0
18 33.33333333318424 0 0
19 36.66666666651211 0 0
20 39.99999999984 0 0
21 43.33333333316789 0 0
22 46.66666666649576 0 0
23 49.99999999982364 0 0
24 53.33333333315152 0 0
25 56.66666666647941 0 0
26 59.99999999980729 0 0
27 63.33333333313536 0 0
28 66.66666666648433 0 0
29 69.99999999983589 0 0
30 73.33333333318747 0 0
31 76.66666666653903 0 0
32 79.99999999989059 0 0
33 83.33333333324217 0 0
34 86.66666666659373 0 0
35 89.9999999999453 0 0
36 93.33333333329686 0 0
37 96.66666666664842 0 0
38 3.333333333320185 100 0
39 6.666666666639692 100 0
40 9.99999999996156 100 0
41 13.33333333328203 100 0
42 16.66666666659806 100 0
43 19.99999999991408 100 0
44 23.33333333323011 100 0
45 26.66666666654615 100 0
46 29.99999999986218 100 0
47 33.33333333318424 100 0
48 36.66666666651211 100 0
49 39.99999999984 100 0
50 43.33333333316789 100 0
51 46.66666666649576 100 0
52 49.99999999982364 100 0
53 53.33333333315152 100 0
54 56.66666666647941 100 0
55 59.99999999980729 100 0
56 63.33333333313536 100 0
57 66.66666666648433 100 0
58 69.99999999983589 100 0
59 73.33333333318747 100 0
60 76.66666666653903 100 0
61 79.99999999989059 100 0
62 83.33333333324217 100 0
63 86.66666666659373 100 0
64 89.9999999999453 100 0
65 93.33333333329686 100 0
66 96.66666666664842 100 0
67 3.333333333320185 0 10
68 6.666666666639692 0 10
69 9.99999999996156 0 10
70 13.33333333328203 0 10
71 16.66666666659806 0 10
72 19.99999999991408 0 10
73 23.33333333323011 0 10
74 26.66666666654615 0 10
75 29.99999999986218 0 10
76 33.33333333318424 0 10
77 36.66666666651211 0 10
78 39.99999999984 0 10
79 43.33333333316789 0 10
80 46.66666666649576 0 10
81 49.99999999982364 0 10
82 53.33333333315152 0 10
83 56.66666666647941 0 10
84 59.99999999980729 0 10
85 63.33333333313536 0 10
86 66.66666666648433 0 10
87 69.99999999983589 0 10
88 73.33333333318747 0 10
89 76.66666666653903 0 10
90 79.99999999989059 0 10
91 83.33333333324217 0 10
92 86.66666666659373 0 10
93 89.9999999999453 0 10
94 93.33333333329686 0 10
95 96.66666666664842 0 10
96 3.333333333320185 100 10
97 6.666666666639692 100 10
98 9.99999999996156 100 10
99 13.33333333328203 100 10
100 16.66666666659806 100 10
101 19.99999999991408 100 10
102 23.33333333323011 100 10
103 26.66666666654615 100 10
104 29.99999999986218 100 10
105 33.33333333318424 100 10
106 36.66666666651211 100 10
107 39.99999999984 100 10
108 43.33333333316789 100 10
109 46.66666666649576 100 10
110 49.99999999982364 100 10
111 53.33333333315152 100 10
112 56.66666666647941 100 10
113 59.99999999980729 100 10
114 63.33333333313536 100 10
115 66.66666666648433 100 10
116 69.99999999983589 100 10
117 73.33333333318747 100 10
118 76.66666666653903 100 10
119 79.99999999989059 100 10
120 83.33333333324217 100 10
121 86.66666666659373 100 10
122 89.9999999999453 100 10
123 93.33333333329686 100 10
124 96.66666666664842 100 10
125 0 3.333333333320185 0
126 0 6.666666666639692 0
127 0 9.99999999996156 0
128 0 13.33333333328203 0
129 0 16.66666666659806 0
130 0 19.99999999991408 0
131 0 23.33333333323011 0
132 0 26.66666666654615 0
133 0 29.99999999986218 0
134 0 33.33333333318424 0
135 0 36.66666666651211 0
136 0 39.99999999984 0
137 0 43.33333333316789 0
138 0 46.66666666649576 0
139 0 49.99999999982364 0
140 0 53.33333333315152 0
141 0 56.66666666647941 0
142 0 59.99999999980729 0
143 0 63.33333333313536 0
144 0 66.66666666648433 0
145 0 69.99999999983589 0
146 0 73.33333333318747 0
147 0 76.66666666653903 0
148 0 79.99999999989059 0
149 0 83.33333333324217 0
150 0 86.66666666659373 0
151 0 89.9999999999453 0
152 0 93.33333333329686 0
153 0 96.66666666664842 0
154 100 3.333333333320185 0
155 100 6.666666666639692 0
156 100 9.99999999996156 0
157 100 13.33333333328203 0
158 100 16.66666666659806 0
159 100 19.99999999991408 0
160 100 23.33333333323011 0
161 100 26.66666666654615 0
162 100 29.99999999986218 0
163 100 33.33333333318424 0
164 100 36.66666666651211 0
165 100 39.99999999984 0
166 100 43.33333333316789 0
167 100 46.66666666649576 0
168 100 49.99999999982364 0
169 100 53.33333333315152 0
170 100 56.66666666647941 0
171 100 59.99999999980729 0
172 100 63.33333333313536 0
173 100 66.66666666648433 0
174 100 69.99999999983589 0
175 100 73.33333333318747 0
176 100 76.66666666653903 0
177 100 79.99999999989059 0
178 100 83.33333333324217 0
179 100 86.66666666659373 0
180 100 89.9999999999453 0
181 100 93.33333333329686 0
182 100 96.66666666664842 0
183 0 3.333333333320185 10
184 0 6.666666666639692 10
185 0 9.99999999996156 10
186 0 13.33333333328203 10
187 0 16.66666666659806 10
188 0 19.99999999991408 10
189 0 23.33333333323011 10
190 0 26.66666666654615 10
191 0 29.99999999986218 10
192 0 33.33333333318424 10
193 0 36.66666666651211 10
194 0 39.99999999984 10
195 0 43.33333333316789 10
196 0 46.66666666649576 10
197 0 49.99999999982364 10
198 0 53.33333333315152 10
199 0 56.66666666647941 10
200 0 59.99999999980729 10
201 0 63.33333333313536 10
202 0 66.66666666648433 10
203 0 69.99999999983589 10
204 0 73.33333333318747 10
205 0 76.66666666653903 10
206 0 79.99999999989059 10
207 0 83.33333333324217 10
208 0 86.66666666659373 10
209 0 89.9999999999453 10
210 0 93.33333333329686 10
211 0 96.66666666664842 10
212 100 3.333333333320185 10
213 100 6.666666666639692 10
214 100 9.99999999996156 10
215 100 13.33333333328203 10
216 100 16.66666666659806 10
217 100 19.99999999991408 10
218 100 23.33333333323011 10
219 100 26.66666666654615 10
220 100 29.99999999986218 10
221 100 33.33333333318424 10
222 100 36.66666666651211 10
223 100 39.99999999984 10
224 100 43.33333333316789 10
225 100 46.66666666649576 10
226 100 49.99999999982364 10
227 100 53.33333333315152 10
228 100 56.66666666647941 10
229 100 59.99999999980729 10
230 100 63.33333333313536 10
231 100 66.66666666648433 10
232 100 69.99999999983589 10
233 100 73.33333333318747 10
234 100 76.66666666653903 10
235 100 79.99999999989059 10
236 100 83.33333333324217 10
237 100 86.66666666659373 10
238 100 89.9999999999453 10
239 100 93.33333333329686 10
240 100 96.66666666664842 10
241 3.333333333320185 3.333333333320185 0
242 3.333333333320185 6.666666666639692 0
243 3.333333333320185 9.999999999961561 0
244 3.333333333320186 13.33333333328203 0
245 3.333333333320185 16.66666666659806 0
246 3.333333333320185 19.99999999991408 0
247 3.333333333320185 23.33333333323011 0
248 3.333333333320185 26.66666666654615 0
249 3.333333333320186 29.99999999986219 0
250 3.333333333320186 33.33333333318424 0
251 3.333333333320186 36.66666666651211 0
252 3.333333333320184 39.99999999983999 0
253 3.333333333320185 43.33333333316789 0
254 3.333333333320185 46.66666666649576 0
255 3.333333333320185 49.99999999982364 0
256 3.333333333320185 53.33333333315153 0
257 3.333333333320185 56.66666666647941 0
258 3.333333333320185 59.99999999980729 0
259 3.333333333320185 63.33333333313536 0
260 3.333333333320185 66.66666666648433 0
261 3.333333333320185 69.99999999983589 0
262 3.333333333320185 73.33333333318743 0
263 3.333333333320185 76.66666666653903 0
264 3.333333333320185 79.99999999989059 0
265 3.333333333320185 83.33333333324215 0
266 3.333333333320185 86.66666666659373 0
267 3.333333333320185 89.9999999999453 0
268 3.333333333320185 93.33333333329686 0
269 3.333333333320185 96.6666666666484 0
270 6.666666666639692 3.333333333320185 0
271 6.666666666639692 6.666666666639692 0
272 6.666666666639692 9.99999999996156 0
273 6.666666666639692 13.33333333328203 0
274 6.666666666639692 16.66666666659806 0
275 6.666666666639691 19.99999999991408 0
276 6.666666666639692 23.33333333323011 0
277 6.666666666639692 26.66666666654615 0
278 6.666666666639692 29.99999999986218 0
279 6.666666666639691 33.33333333318424 0
280 6.666666666639694 36.66666666651211 0
281 6.666666666639692 39.99999999983999 0
282 6.666666666639692 43.33333333316789 0
283 6.666666666639692 46.66666666649576 0
284 6.666666666639692 49.99999999982364 0
285 6.666666666639692 53.33333333315152 0
286 6.666666666639691 56.66666666647941 0
287 6.666666666639692 59.99999999980728 0
288 6.666666666639692 63.33333333313536 0
289 6.666666666639692 66.66666666648433 0
290 6.666666666639692 69.99999999983589 0
291 6.666666666639691 73.33333333318747 0
292 6.666666666639692 76.66666666653904 0
293 6.666666666639692 79.9999999998906 0
294 6.666666666639692 83.33333333324217 0
295 6.666666666639691 86.66666666659373 0
296 6.666666666639692 89.9999999999453 0
297 6.666666666639692 93.33333333329688 0
298 6.666666666639691 96.66666666664844 0
299 9.999999999961565 3.333333333320185 0
300 9.99999999996156 6.666666666639692 0
301 9.999999999961561 9.999999999961561 0
302 9.999999999961565 13.33333333328203 0
303 9.999999999961561 16.66666666659806 0
304 9.99999999996156 19.99999999991408 0
305 9.99999999996156 23.33333333323011 0
306 9.99999999996156 26.66666666654615 0
307 9.99999999996156 29.99999999986218 0
308 9.99999999996156 33.33333333318424 0
309 9.99999999996156 36.66666666651211 0
310 9.999999999961561 39.99999999984 0
311 9.99999999996156 43.33333333316789 0
312 9.99999999996156 46.66666666649576 0
313 9.99999999996156 49.99999999982364 0
314 9.99999999996156 53.33333333315151 0
315 9.99999999996156 56.66666666647942 0
316 9.99999999996156 59.99999999980729 0
317 9.99999999996156 63.33333333313536 0
318 9.99999999996156 66.66666666648433 0
319 9.99999999996156 69.99999999983589 0
320 9.99999999996156 73.33333333318747 0
321 9.99999999996156 76.66666666653903 0
322 9.99999999996156 79.99999999989059 0
323 9.99999999996156 83.33333333324217 0
324 9.99999999996156 86.66666666659373 0
325 9.999999999961561 89.99999999994532 0
326 9.99999999996156 93.33333333329686 0
327 9.99999999996156 96.66666666664841 0
328 13.33333333328203 3.333333333320185 0
329 13.33333333328203 6.666666666639692 0
330 13.33333333328203 9.999999999961561 0
331 13.33333333328203 13.33333333328203 0
332 13.33333333328203 16.66666666659806 0
333 13.33333333328203 19.99999999991408 0
334 13.33333333328203 23.33333333323011 0
335 13.33333333328203 26.66666666654615 0
336 13.33333333328203 29.99999999986218 0
337 13.33333333328203 33.33333333318424 0
338 13.33333333328203 36.66666666651211 0
339 13.33333333328202 39.99999999984 0
340 13.33333333328203 43.33333333316789 0
341 13.33333333328203 46.66666666649576 0
342 13.33333333328203 49.99999999982364 0
343 13.33333333328203 53.33333333315151 0
344 13.33333333328203 56.66666666647941 0
345 13.33333333328203 59.99999999980728 0
346 13.33333333328203 63.33333333313536 0
347 13.33333333328203 66.66666666648433 0
348 13.33333333328203 69.99999999983589 0
349 13.33333333328203 73.33333333318747 0
350 13.33333333328203 76.66666666653903 0
351 13.33333333328203 79.99999999989059 0
352 13.33333333328203 83.33333333324217 0
353 13.33333333328203 86.66666666659371 0
354 13.33333333328203 89.99999999994533 0
355 13.33333333328203 93.33333333329691 0
356 13.33333333328203 96.66666666664842 0
357 16.66666666659806 3.333333333320185 0
358 16.66666666659806 6.666666666639692 0
359 16.66666666659806 9.999999999961561 0
360 16.66666666659806 13.33333333328203 0
361 16.66666666659806 16.66666666659805 0
362 16.66666666659806 19.99999999991408 0
363 16.66666666659806 23.33333333323011 0
364 16.66666666659806 26.66666666654615 0
365 16.66666666659806 29.99999999986219 0
366 16.66666666659806 33.33333333318424 0
367 16.66666666659806 36.66666666651211 0
368 16.66666666659806 39.99999999984 0
369 16.66666666659806 43.33333333316789 0
370 16.66666666659806 46.66666666649576 0
371 16.66666666659806 49.99999999982365 0
372 16.66666666659806 53.33333333315153 0
373 16.66666666659806 56.66666666647942 0
374 16.66666666659806 59.99999999980729 0
375 16.66666666659806 63.33333333313537 0
376 16.66666666659806 66.66666666648433 0
377 16.66666666659806 69.99999999983591 0
378 16.66666666659806 73.33333333318748 0
379 16.66666666659806 76.666666666539 0
380 16.66666666659806 79.99999999989059 0
381 16.66666666659806 83.33333333324217 0
382 16.66666666659806 86.66666666659374 0
383 16.66666666659806 89.99999999994527 0
384 16.66666666659806 93.33333333329686 0
385 16.66666666659806 96.66666666664842 0
386 19.99999999991408 3.333333333320185 0
387 19.99999999991408 6.666666666639693 0
388 19.99999999991408 9.99999999996156 0
389 19.99999999991408 13.33333333328203 0
390 19.99999999991408 16.66666666659806 0
391 19.99999999991408 19.99999999991408 0
392 19.99999999991408 23.33333333323012 0
393 19.99999999991408 26.66666666654614 0
394 19.99999999991408 29.99999999986219 0
395 19.99999999991408 33.33333333318424 0
396 19.99999999991408 36.66666666651211 0
397 19.99999999991408 39.99999999983999 0
398 19.99999999991408 43.33333333316789 0
399 19.99999999991408 46.66666666649576 0
400 19.99999999991408 49.99999999982365 0
401 19.99999999991408 53.33333333315152 0
402 19.99999999991408 56.66666666647941 0
403 19.99999999991408 59.99999999980729 0
404 19.99999999991408 63.33333333313536 0
405 19.99999999991408 66.66666666648433 0
406 19.99999999991408 69.99999999983589 0
407 19.99999999991408 73.33333333318745 0
408 19.99999999991408 76.66666666653903 0
409 19.99999999991408 79.99999999989059 0
410 19.99999999991408 83.33333333324217 0
411 19.99999999991408 86.66666666659373 0
412 19.99999999991408 89.9999999999453 0
413 19.99999999991408 93.33333333329685 0
414 19.99999999991408 96.66666666664844 0
415 23.33333333323011 3.333333333320185 0
416 23.33333333323012 6.666666666639692 0
417 23.33333333323012 9.99999999996156 0
418 23.33333333323011 13.33333333328203 0
419 23.33333333323011 16.66666666659806 0
420 23.33333333323011 19.99999999991408 0
421 23.33333333323012 23.33333333323012 0
422 23.33333333323012 26.66666666654614 0
423 23.33333333323011 29.99999999986219 0
424 23.33333333323011 33.33333333318424 0
425 23.33333333323012 36.66666666651211 0
426 23.33333333323011 39.99999999984 0
427 23.33333333323012 43.33333333316789 0
428 23.33333333323012 46.66666666649575 0
429 23.33333333323012 49.99999999982365 0
430 23.33333333323012 53.33333333315152 0
431 23.33333333323012 56.66666666647941 0
432 23.33333333323011 59.99999999980729 0
433 23.33333333323011 63.33333333313536 0
434 23.33333333323011 66.66666666648433 0
435 23.33333333323011 69.99999999983589 0
436 23.33333333323012 73.33333333318747 0
437 23.33333333323011 76.66666666653903 0
438 23.33333333323012 79.99999999989059 0
439 23.33333333323011 83.33333333324217 0
440 23.33333333323011 86.66666666659373 0
441 23.33333333323012 89.99999999994529 0
442 23.33333333323011 93.33333333329686 0
443 23.33333333323012 96.66666666664842 0
444 26.66666666654616 3.333333333320185 0
445 26.66666666654615 6.666666666639692 0
446 26.66666666654614 9.99999999996156 0
447 26.66666666654614 13.33333333328203 0
448 26.66666666654614 16.66666666659806 0
449 26.66666666654615 19.99999999991408 0
450 26.66666666654614 23.33333333323011 0
451 26.66666666654614 26.66666666654613 0
452 26.66666666654615 29.99999999986219 0
453 26.66666666654614 33.33333333318424 0
454 26.66666666654614 36.66666666651211 0
455 26.66666666654615 39.99999999984 0
456 26.66666666654614 43.33333333316789 0
457 26.66666666654613 46.66666666649576 0
458 26.66666666654615 49.99999999982364 0
459 26.66666666654615 53.33333333315153 0
460 26.66666666654614 56.66666666647941 0
461 26.66666666654615 59.99999999980729 0
462 26.66666666654614 63.33333333313536 0
463 26.66666666654615 66.66666666648433 0
464 26.66666666654615 69.99999999983589 0
465 26.66666666654614 73.33333333318747 0
466 26.66666666654615 76.66666666653903 0
467 26.66666666654615 79.99999999989058 0
468 26.66666666654614 83.33333333324217 0
469 26.66666666654615 86.66666666659373 0
470 26.66666666654615 89.9999999999453 0
471 26.66666666654615 93.33333333329688 0
472 26.66666666654614 96.66666666664842 0
473 29.99999999986219 3.333333333320185 0
474 29.99999999986218 6.666666666639692 0
475 29.99999999986218 9.99999999996156 0
476 29.99999999986218 13.33333333328203 0
477 29.99999999986219 16.66666666659806 0
478 29.99999999986218 19.99999999991408 0
479 29.99999999986219 23.33333333323011 0
480 29.99999999986219 26.66666666654615 0
481 29.99999999986218 29.99999999986218 0
482 29.99999999986218 33.33333333318424 0
483 29.99999999986218 36.66666666651211 0
484 29.99999999986218 39.99999999983999 0
485 29.99999999986219 43.33333333316789 0
486 29.99999999986218 46.66666666649576 0
487 29.99999999986218 49.99999999982364 0
488 29.99999999986218 53.33333333315152 0
489 29.99999999986218 56.66666666647941 0
490 29.99999999986219 59.99999999980729 0
491 29.99999999986219 63.33333333313536 0
492 29.99999999986218 66.66666666648433 0
493 29.99999999986218 69.99999999983589 0
494 29.99999999986218 73.33333333318747 0
495 29.99999999986219 76.66666666653903 0
496 29.99999999986219 79.99999999989059 0
497 29.99999999986219 83.33333333324217 0
498 29.99999999986218 86.66666666659373 0
499 29.99999999986218 89.99999999994532 0
500 29.99999999986218 93.33333333329682 0
501 29.99999999986219 96.66666666664842 0
502 33.33333333318424 3.333333333320185 0
503 33.33333333318424 6.666666666639691 0
504 33.33333333318424 9.99999999996156 0
505 33.33333333318424 13.33333333328203 0
506 33.33333333318424 16.66666666659806 0
507 33.33333333318424 19.99999999991408 0
508 33.33333333318424 23.33333333323011 0
509 33.33333333318424 26.66666666654615 0
510 33.33333333318424 29.99999999986218 0
511 33.33333333318424 33.33333333318424 0
512 33.33333333318424 36.66666666651211 0
513 33.33333333318424 39.99999999984 0
514 33.33333333318424 43.33333333316789 0
515 33.33333333318424 46.66666666649576 0
516 33.33333333318424 49.99999999982364 0
517 33.33333333318424 53.33333333315152 0
518 33.33333333318424 56.66666666647941 0
519 33.33333333318424 59.99999999980729 0
520 33.33333333318424 63.33333333313536 0
521 33.33333333318424 66.66666666648433 0
522 33.33333333318424 69.99999999983589 0
523 33.33333333318424 73.33333333318747 0
524 33.33333333318424 76.66666666653903 0
525 33.33333333318424 79.99999999989059 0
526 33.33333333318424 83.33333333324217 0
527 33.33333333318424 86.66666666659373 0
528 33.33333333318424 89.99999999994532 0
529 33.33333333318424 93.33333333329688 0
530 33.33333333318424 96.66666666664842 0
531 36.66666666651211 3.333333333320185 0
532 36.66666666651211 6.666666666639692 0
533 36.6666666665121 9.99999999996156 0
534 36.66666666651211 13.33333333328203 0
535 36.66666666651211 16.66666666659806 0
536 36.6666666665121 19.99999999991408 0
537 36.66666666651211 23.33333333323012 0
538 36.66666666651211 26.66666666654615 0
539 36.66666666651211 29.99999999986218 0
540 36.66666666651211 33.33333333318424 0
541 36.66666666651211 36.66666666651211 0
542 36.66666666651211 39.99999999984 0
543 36.66666666651211 43.33333333316789 0
544 36.66666666651211 46.66666666649576 0
545 36.66666666651211 49.99999999982364 0
546 36.66666666651211 53.33333333315152 0
547 36.66666666651211 56.66666666647941 0
548 36.66666666651211 59.99999999980729 0
549 36.66666666651211 63.33333333313536 0
550 36.66666666651211 66.66666666648433 0
551 36.66666666651211 69.99999999983589 0
552 36.66666666651211 73.33333333318747 0
553 36.66666666651211 76.66666666653903 0
554 36.66666666651211 79.99999999989059 0
555 36.66666666651211 83.33333333324217 0
556 36.66666666651211 86.66666666659373 0
557 36.66666666651211 89.9999999999453 0
558 36.66666666651211 93.33333333329686 0
559 36.66666666651211 96.66666666664842 0
560 39.99999999983999 3.333333333320185 0
561 39.99999999984001 6.666666666639692 0
562 39.99999999984 9.999999999961561 0
563 39.99999999984 13.33333333328202 0
564 39.99999999984 16.66666666659805 0
565 39.99999999983999 19.99999999991408 0
566 39.99999999984 23.33333333323011 0
567 39.99999999984 26.66666666654615 0
568 39.99999999983999 29.99999999986218 0
569 39.99999999984 33.33333333318424 0
570 39.99999999984 36.66666666651211 0
571 39.99999999984 39.99999999984 0
572 39.99999999984 43.33333333316789 0
573 39.99999999984 46.66666666649576 0
574 39.99999999984 49.99999999982365 0
575 39.99999999984 53.33333333315151 0
576 39.99999999984 56.66666666647942 0
577 39.99999999984 59.99999999980729 0
578 39.99999999984 63.33333333313536 0
579 39.99999999984 66.66666666648435 0
580 39.99999999983999 69.99999999983589 0
581 39.99999999984 73.33333333318747 0
582 39.99999999984 76.66666666653903 0
583 39.99999999984 79.99999999989059 0
584 39.99999999983999 83.33333333324217 0
585 39.99999999984 86.66666666659373 0
586 39.99999999984 89.99999999994529 0
587 39.99999999984 93.33333333329684 0
588 39.99999999984 96.66666666664841 0
589 43.33333333316789 3.333333333320185 0
590 43.33333333316789 6.666666666639692 0
591 43.33333333316789 9.99999999996156 0
592 43.33333333316789 13.33333333328202 0
593 43.33333333316789 16.66666666659806 0
594 43.33333333316789 19.99999999991408 0
595 43.33333333316789 23.33333333323011 0
596 43.33333333316789 26.66666666654614 0
597 43.33333333316789 29.99999999986219 0
598 43.33333333316789 33.33333333318424 0
599 43.33333333316791 36.66666666651211 0
600 43.33333333316789 39.99999999984 0
601 43.33333333316789 43.33333333316789 0
602 43.33333333316789 46.66666666649576 0
603 43.33333333316789 49.99999999982364 0
604 43.33333333316789 53.33333333315151 0
605 43.33333333316789 56.66666666647941 0
606 43.33333333316789 59.99999999980729 0
607 43.33333333316789 63.33333333313536 0
608 43.33333333316789 66.66666666648433 0
609 43.33333333316789 69.99999999983589 0
610 43.33333333316789 73.33333333318747 0
611 43.33333333316789 76.666666666539 0
612 43.33333333316789 79.99999999989056 0
613 43.33333333316789 83.33333333324217 0
614 43.33333333316789 86.66666666659373 0
615 43.33333333316789 89.9999999999453 0
616 43.33333333316789 93.33333333329685 0
617 43.33333333316789 96.66666666664841 0
618 46.66666666649576 3.333333333320185 0
619 46.66666666649576 6.666666666639692 0
620 46.66666666649576 9.99999999996156 0
621 46.66666666649576 13.33333333328203 0
622 46.66666666649576 16.66666666659806 0
623 46.66666666649576 19.99999999991408 0
624 46.66666666649575 23.33333333323012 0
625 46.66666666649576 26.66666666654614 0
626 46.66666666649576 29.99999999986218 0
627 46.66666666649576 33.33333333318424 0
628 46.66666666649576 36.66666666651211 0
629 46.66666666649576 39.99999999984 0
630 46.66666666649576 43.33333333316789 0
631 46.66666666649576 46.66666666649576 0
632 46.66666666649576 49.99999999982364 0
633 46.66666666649576 53.33333333315153 0
634 46.66666666649576 56.66666666647941 0
635 46.66666666649576 59.99999999980729 0
636 46.66666666649576 63.33333333313536 0
637 46.66666666649576 66.66666666648433 0
638 46.66666666649576 69.99999999983589 0
639 46.66666666649576 73.33333333318747 0
640 46.66666666649576 76.66666666653903 0
641 46.66666666649575 79.99999999989059 0
642 46.66666666649576 83.33333333324217 0
643 46.66666666649576 86.66666666659373 0
644 46.66666666649576 89.9999999999453 0
645 46.66666666649576 93.33333333329686 0
646 46.66666666649575 96.66666666664841 0
647 49.99999999982364 3.333333333320185 0
648 49.99999999982366 6.666666666639692 0
649 49.99999999982364 9.99999999996156 0
650 49.99999999982364 13.33333333328203 0
651 49.99999999982365 16.66666666659806 0
652 49.99999999982365 19.99999999991408 0
653 49.99999999982365 23.33333333323012 0
654 49.99999999982364 26.66666666654615 0
655 49.99999999982364 29.99999999986218 0
656 49.99999999982364 33.33333333318424 0
657 49.99999999982364 36.66666666651211 0
658 49.99999999982365 39.99999999984 0
659 49.99999999982364 43.33333333316789 0
660 49.99999999982364 46.66666666649576 0
661 49.99999999982364 49.99999999982364 0
662 49.99999999982364 53.33333333315152 0
663 49.99999999982364 56.66666666647941 0
664 49.99999999982364 59.99999999980729 0
665 49.99999999982364 63.33333333313536 0
666 49.99999999982364 66.66666666648433 0
667 49.99999999982364 69.99999999983589 0
668 49.99999999982365 73.33333333318748 0
669 49.99999999982364 76.66666666653903 0
670 49.99999999982364 79.99999999989059 0
671 49.99999999982365 83.33333333324217 0
672 49.99999999982364 86.66666666659373 0
673 49.99999999982364 89.9999999999453 0
674 49.99999999982365 93.33333333329686 0
675 49.99999999982364 96.66666666664842 0
676 53.33333333315153 3.333333333320185 0
677 53.33333333315154 6.666666666639692 0
678 53.33333333315152 9.99999999996156 0
679 53.3333333331515 13.33333333328203 0
680 53.33333333315153 16.66666666659806 0
681 53.33333333315152 19.99999999991408 0
682 53.33333333315152 23.33333333323012 0
683 53.33333333315151 26.66666666654614 0
684 53.33333333315154 29.99999999986218 0
685 53.33333333315151 33.33333333318424 0
686 53.33333333315154 36.66666666651211 0
687 53.33333333315152 39.99999999984 0
688 53.33333333315151 43.33333333316789 0
689 53.33333333315153 46.66666666649576 0
690 53.33333333315152 49.99999999982364 0
691 53.33333333315153 53.33333333315153 0
692 53.33333333315152 56.66666666647941 0
693 53.33333333315152 59.99999999980729 0
694 53.33333333315154 63.33333333313536 0
695 53.33333333315151 66.66666666648433 0
696 53.33333333315151 69.99999999983589 0
697 53.33333333315153 73.33333333318747 0
698 53.33333333315154 76.66666666653903 0
699 53.33333333315152 79.99999999989059 0
700 53.33333333315152 83.33333333324217 0
701 53.33333333315152 86.66666666659373 0
702 53.33333333315152 89.99999999994532 0
703 53.33333333315152 93.33333333329686 0
704 53.33333333315152 96.66666666664841 0
705 56.66666666647941 3.333333333320185 0
706 56.66666666647941 6.666666666639691 0
707 56.66666666647942 9.99999999996156 0
708 56.66666666647941 13.33333333328203 0
709 56.66666666647941 16.66666666659806 0
710 56.66666666647941 19.99999999991408 0
711 56.66666666647941 23.33333333323012 0
712 56.66666666647941 26.66666666654614 0
713 56.66666666647941 29.99999999986218 0
714 56.66666666647941 33.33333333318424 0
715 56.66666666647941 36.66666666651211 0
716 56.66666666647942 39.99999999984 0
717 56.66666666647941 43.33333333316789 0
718 56.66666666647941 46.66666666649576 0
719 56.66666666647941 49.99999999982364 0
720 56.66666666647941 53.33333333315152 0
721 56.66666666647941 56.66666666647941 0
722 56.66666666647941 59.99999999980729 0
723 56.66666666647941 63.33333333313536 0
724 56.66666666647941 66.66666666648433 0
725 56.66666666647941 69.99999999983589 0
726 56.66666666647941 73.33333333318747 0
727 56.66666666647941 76.66666666653903 0
728 56.66666666647941 79.99999999989058 0
729 56.66666666647941 83.33333333324217 0
730 56.66666666647941 86.66666666659373 0
731 56.66666666647941 89.9999999999453 0
732 56.66666666647942 93.33333333329686 0
733 56.66666666647941 96.66666666664841 0
734 59.99999999980729 3.333333333320185 0
735 59.99999999980728 6.666666666639692 0
736 59.99999999980729 9.99999999996156 0
737 59.99999999980728 13.33333333328203 0
738 59.99999999980728 16.66666666659806 0
739 59.99999999980729 19.99999999991408 0
740 59.99999999980729 23.33333333323011 0
741 59.99999999980729 26.66666666654615 0
742 59.99999999980729 29.99999999986219 0
743 59.99999999980729 33.33333333318424 0
744 59.99999999980729 36.66666666651211 0
745 59.99999999980729 39.99999999984 0
746 59.99999999980729 43.33333333316789 0
747 59.99999999980729 46.66666666649576 0
748 59.99999999980729 49.99999999982364 0
749 59.99999999980729 53.33333333315152 0
750 59.99999999980729 56.66666666647941 0
751 59.99999999980729 59.99999999980729 0
752 59.99999999980729 63.33333333313536 0
753 59.99999999980729 66.66666666648433 0
754 59.99999999980729 69.99999999983589 0
755 59.99999999980729 73.33333333318747 0
756 59.99999999980729 76.66666666653903 0
757 59.99999999980729 79.99999999989059 0
758 59.99999999980729 83.33333333324217 0
759 59.99999999980729 86.66666666659373 0
760 59.99999999980729 89.9999999999453 0
761 59.99999999980729 93.33333333329685 0
762 59.99999999980729 96.66666666664841 0
763 63.33333333313534 3.333333333320185 0
764 63.33333333313538 6.666666666639692 0
765 63.33333333313536 9.99999999996156 0
766 63.33333333313536 13.33333333328203 0
767 63.33333333313536 16.66666666659806 0
768 63.33333333313534 19.99999999991408 0
769 63.33333333313536 23.33333333323011 0
770 63.33333333313536 26.66666666654615 0
771 63.33333333313536 29.99999999986219 0
772 63.33333333313536 33.33333333318424 0
773 63.33333333313536 36.66666666651211 0
774 63.33333333313536 39.99999999984 0
775 63.33333333313536 43.33333333316789 0
776 63.33333333313536 46.66666666649576 0
777 63.33333333313536 49.99999999982364 0
778 63.33333333313536 53.33333333315152 0
779 63.33333333313536 56.66666666647941 0
780 63.33333333313536 59.99999999980729 0
781 63.33333333313536 63.33333333313536 0
782 63.33333333313536 66.66666666648433 0
783 63.33333333313536 69.99999999983589 0
784 63.33333333313536 73.33333333318747 0
785 63.33333333313536 76.66666666653903 0
786 63.33333333313535 79.99999999989058 0
787 63.33333333313536 83.33333333324217 0
788 63.33333333313536 86.66666666659373 0
789 63.33333333313536 89.9999999999453 0
790 63.33333333313536 93.33333333329686 0
791 63.33333333313535 96.66666666664841 0
792 66.66666666648433 3.333333333320185 0
793 66.66666666648433 6.666666666639692 0
794 66.66666666648433 9.99999999996156 0
795 66.66666666648433 13.33333333328203 0
796 66.66666666648433 16.66666666659806 0
797 66.66666666648433 19.99999999991408 0
798 66.66666666648433 23.33333333323011 0
799 66.66666666648433 26.66666666654615 0
800 66.66666666648433 29.99999999986218 0
801 66.66666666648433 33.33333333318424 0
802 66.66666666648433 36.66666666651211 0
803 66.66666666648435 39.99999999984 0
804 66.66666666648433 43.33333333316789 0
805 66.66666666648433 46.66666666649576 0
806 66.66666666648433 49.99999999982364 0
807 66.66666666648433 53.33333333315153 0
808 66.66666666648433 56.66666666647941 0
809 66.66666666648433 59.99999999980729 0
810 66.66666666648433 63.33333333313536 0
811 66.66666666648433 66.66666666648433 0
812 66.66666666648433 69.99999999983589 0
813 66.66666666648433 73.33333333318747 0
814 66.66666666648433 76.66666666653903 0
815 66.66666666648433 79.99999999989058 0
816 66.66666666648433 83.33333333324217 0
817 66.66666666648433 86.66666666659373 0
818 66.66666666648433 89.9999999999453 0
819 66.66666666648433 93.33333333329686 0
820 66.66666666648433 96.66666666664841 0
821 69.99999999983589 3.333333333320185 0
822 69.99999999983589 6.666666666639692 0
823 69.99999999983589 9.99999999996156 0
824 69.99999999983589 13.33333333328203 0
825 69.99999999983591 16.66666666659806 0
826 69.99999999983589 19.99999999991408 0
827 69.99999999983589 23.33333333323011 0
828 69.99999999983589 26.66666666654614 0
829 69.99999999983589 29.99999999986218 0
830 69.99999999983589 33.33333333318424 0
831 69.99999999983589 36.66666666651211 0
832 69.99999999983589 39.99999999983999 0
833 69.99999999983589 43.33333333316789 0
834 69.99999999983589 46.66666666649576 0
835 69.99999999983589 49.99999999982364 0
836 69.99999999983589 53.33333333315151 0
837 69.99999999983589 56.66666666647941 0
838 69.99999999983589 59.99999999980729 0
839 69.99999999983589 63.33333333313536 0
840 69.99999999983589 66.66666666648433 0
841 69.99999999983589 69.99999999983589 0
842 69.99999999983589 73.33333333318747 0
843 69.99999999983589 76.66666666653903 0
844 69.99999999983589 79.99999999989059 0
845 69.99999999983589 83.33333333324217 0
846 69.99999999983591 86.66666666659373 0
847 69.99999999983589 89.9999999999453 0
848 69.99999999983589 93.33333333329685 0
849 69.99999999983588 96.66666666664841 0
850 73.33333333318745 3.333333333320185 0
851 73.33333333318747 6.666666666639691 0
852 73.3333333331875 9.99999999996156 0
853 73.33333333318747 13.33333333328203 0
854 73.33333333318748 16.66666666659806 0
855 73.33333333318748 19.99999999991408 0
856 73.33333333318747 23.33333333323011 0
857 73.33333333318747 26.66666666654614 0
858 73.33333333318747 29.99999999986218 0
859 73.33333333318747 33.33333333318424 0
860 73.33333333318747 36.66666666651211 0
861 73.33333333318747 39.99999999984 0
862 73.33333333318747 43.33333333316789 0
863 73.33333333318747 46.66666666649576 0
864 73.33333333318748 49.99999999982365 0
865 73.33333333318747 53.33333333315153 0
866 73.33333333318747 56.66666666647941 0
867 73.33333333318747 59.99999999980729 0
868 73.33333333318747 63.33333333313536 0
869 73.33333333318747 66.66666666648433 0
870 73.33333333318747 69.99999999983589 0
871 73.33333333318747 73.33333333318747 0
872 73.33333333318747 76.66666666653902 0
873 73.33333333318747 79.99999999989059 0
874 73.33333333318747 83.33333333324217 0
875 73.33333333318747 86.66666666659373 0
876 73.33333333318748 89.99999999994527 0
877 73.33333333318747 93.33333333329686 0
878 73.33333333318747 96.66666666664844 0
879 76.66666666653903 3.333333333320185 0
880 76.66666666653904 6.666666666639692 0
881 76.66666666653903 9.99999999996156 0
882 76.66666666653903 13.33333333328203 0
883 76.66666666653903 16.66666666659806 0
884 76.66666666653903 19.99999999991408 0
885 76.66666666653903 23.33333333323011 0
886 76.66666666653903 26.66666666654615 0
887 76.66666666653903 29.99999999986219 0
888 76.66666666653903 33.33333333318424 0
889 76.66666666653903 36.66666666651211 0
890 76.66666666653903 39.99999999984 0
891 76.66666666653903 43.33333333316789 0
892 76.66666666653903 46.66666666649576 0
893 76.66666666653903 49.99999999982364 0
894 76.66666666653903 53.33333333315152 0
895 76.66666666653903 56.66666666647941 0
896 76.66666666653903 59.99999999980729 0
897 76.66666666653903 63.33333333313536 0
898 76.66666666653903 66.66666666648433 0
899 76.66666666653903 69.99999999983589 0
900 76.66666666653902 73.33333333318747 0
901 76.66666666653904 76.66666666653904 0
902 76.66666666653903 79.99999999989059 0
903 76.66666666653903 83.33333333324217 0
904 76.66666666653903 86.66666666659373 0
905 76.66666666653904 89.99999999994535 0
906 76.66666666653907 93.33333333329685 0
907 76.66666666653902 96.66666666664841 0
908 79.99999999989059 3.333333333320185 0
909 79.99999999989058 6.666666666639692 0
910 79.99999999989059 9.99999999996156 0
911 79.99999999989059 13.33333333328203 0
912 79.99999999989059 16.66666666659806 0
913 79.99999999989059 19.99999999991408 0
914 79.99999999989059 23.33333333323012 0
915 79.99999999989058 26.66666666654615 0
916 79.99999999989059 29.99999999986219 0
917 79.99999999989059 33.33333333318424 0
918 79.99999999989059 36.66666666651211 0
919 79.99999999989059 39.99999999984 0
920 79.99999999989059 43.33333333316789 0
921 79.99999999989059 46.66666666649575 0
922 79.99999999989059 49.99999999982364 0
923 79.99999999989059 53.33333333315152 0
924 79.99999999989058 56.66666666647941 0
925 79.99999999989059 59.99999999980729 0
926 79.99999999989058 63.33333333313535 0
927 79.99999999989058 66.66666666648433 0
928 79.99999999989059 69.99999999983589 0
929 79.99999999989059 73.33333333318747 0
930 79.99999999989059 76.66666666653903 0
931 79.99999999989059 79.99999999989059 0
932 79.9999999998906 83.33333333324217 0
933 79.99999999989059 86.66666666659373 0
934 79.99999999989059 89.9999999999453 0
935 79.99999999989059 93.33333333329686 0
936 79.99999999989059 96.66666666664842 0
937 83.33333333324215 3.333333333320185 0
938 83.33333333324217 6.666666666639692 0
939 83.33333333324217 9.99999999996156 0
940 83.33333333324217 13.33333333328203 0
941 83.33333333324217 16.66666666659806 0
942 83.33333333324217 19.99999999991408 0
943 83.33333333324219 23.33333333323011 0
944 83.33333333324217 26.66666666654614 0
945 83.33333333324217 29.99999999986219 0
946 83.33333333324217 33.33333333318424 0
947 83.33333333324217 36.66666666651211 0
948 83.33333333324217 39.99999999983999 0
949 83.33333333324217 43.33333333316789 0
950 83.33333333324217 46.66666666649576 0
951 83.33333333324217 49.99999999982365 0
952 83.33333333324217 53.33333333315152 0
953 83.33333333324217 56.66666666647941 0
954 83.33333333324217 59.99999999980729 0
955 83.33333333324217 63.33333333313536 0
956 83.33333333324217 66.66666666648433 0
957 83.33333333324217 69.99999999983589 0
958 83.33333333324217 73.33333333318747 0
959 83.33333333324217 76.66666666653903 0
960 83.33333333324217 79.9999999998906 0
961 83.33333333324217 83.33333333324217 0
962 83.33333333324215 86.66666666659371 0
963 83.33333333324217 89.9999999999453 0
964 83.33333333324217 93.33333333329686 0
965 83.33333333324217 96.66666666664842 0
966 86.66666666659376 3.333333333320185 0
967 86.66666666659376 6.666666666639691 0
968 86.66666666659373 9.99999999996156 0
969 86.66666666659371 13.33333333328203 0
970 86.66666666659374 16.66666666659806 0
971 86.66666666659373 19.99999999991408 0
972 86.6666666665937 23.33333333323011 0
973 86.66666666659373 26.66666666654615 0
974 86.66666666659373 29.99999999986218 0
975 86.66666666659373 33.33333333318424 0
976 86.66666666659373 36.66666666651211 0
977 86.66666666659373 39.99999999984 0
978 86.6666666665937 43.33333333316789 0
979 86.66666666659373 46.66666666649576 0
980 86.66666666659373 49.99999999982364 0
981 86.66666666659373 53.33333333315152 0
982 86.66666666659373 56.66666666647941 0
983 86.66666666659373 59.99999999980729 0
984 86.66666666659373 63.33333333313536 0
985 86.66666666659373 66.66666666648433 0
986 86.66666666659373 69.99999999983591 0
987 86.66666666659373 73.33333333318747 0
988 86.66666666659373 76.66666666653903 0
989 86.66666666659373 79.99999999989059 0
990 86.66666666659371 83.33333333324215 0
991 86.66666666659373 86.66666666659373 0
992 86.66666666659373 89.9999999999453 0
993 86.66666666659374 93.33333333329688 0
994 86.66666666659371 96.66666666664841 0
995 89.99999999994533 3.333333333320185 0
996 89.99999999994533 6.666666666639692 0
997 89.99999999994529 9.999999999961561 0
998 89.9999999999453 13.33333333328203 0
999 89.9999999999453 16.66666666659806 0
1000 89.99999999994527 19.99999999991408 0
1001 89.99999999994529 23.33333333323012 0
1002 89.99999999994527 26.66666666654615 0
1003 89.99999999994529 29.99999999986218 0
1004 89.99999999994535 33.33333333318424 0
1005 89.9999999999453 36.66666666651211 0
1006 89.99999999994532 39.99999999984 0
1007 89.9999999999453 43.33333333316789 0
1008 89.9999999999453 46.66666666649576 0
1009 89.9999999999453 49.99999999982364 0
1010 89.99999999994529 53.33333333315152 0
1011 89.9999999999453 56.66666666647941 0
1012 89.9999999999453 59.99999999980729 0
1013 89.9999999999453 63.33333333313536 0
1014 89.9999999999453 66.66666666648433 0
1015 89.9999999999453 69.99999999983589 0
1016 89.99999999994527 73.33333333318748 0
1017 89.99999999994532 76.66666666653904 0
1018 89.9999999999453 79.99999999989059 0
1019 89.9999999999453 83.33333333324217 0
1020 89.9999999999453 86.66666666659373 0
1021 89.99999999994532 89.99999999994532 0
1022 89.9999999999453 93.33333333329686 0
1023 89.9999999999453 96.66666666664842 0
1024 93.33333333329684 3.333333333320185 0
1025 93.33333333329685 6.666666666639692 0
1026 93.33333333329686 9.99999999996156 0
1027 93.33333333329691 13.33333333328203 0
1028 93.33333333329689 16.66666666659806 0
1029 93.33333333329688 19.99999999991408 0
1030 93.33333333329686 23.33333333323011 0
1031 93.33333333329688 26.66666666654615 0
1032 93.33333333329685 29.99999999986218 0
1033 93.33333333329688 33.33333333318424 0
1034 93.33333333329686 36.66666666651211 0
1035 93.33333333329686 39.99999999984 0
1036 93.33333333329685 43.33333333316789 0
1037 93.33333333329686 46.66666666649576 0
1038 93.33333333329686 49.99999999982365 0
1039 93.33333333329689 53.33333333315152 0
1040 93.33333333329686 56.66666666647942 0
1041 93.33333333329688 59.99999999980729 0
1042 93.33333333329686 63.33333333313536 0
1043 93.33333333329686 66.66666666648433 0
1044 93.33333333329685 69.99999999983589 0
1045 93.33333333329686 73.33333333318747 0
1046 93.33333333329688 76.66666666653907 0
1047 93.33333333329686 79.99999999989059 0
1048 93.33333333329686 83.33333333324217 0
1049 93.33333333329688 86.66666666659374 0
1050 93.33333333329686 89.9999999999453 0
1051 93.33333333329685 93.33333333329685 0
1052 93.33333333329686 96.66666666664842 0
1053 96.66666666664842 3.333333333320185 0
1054 96.66666666664841 6.666666666639691 0
1055 96.66666666664844 9.99999999996156 0
1056 96.66666666664842 13.33333333328203 0
1057 96.6666666666484 16.66666666659806 0
1058 96.66666666664844 19.99999999991408 0
1059 96.66666666664842 23.33333333323012 0
1060 96.66666666664842 26.66666666654614 0
1061 96.66666666664842 29.99999999986219 0
1062 96.66666666664842 33.33333333318424 0
1063 96.66666666664842 36.66666666651211 0
1064 96.66666666664844 39.99999999984 0
1065 96.66666666664844 43.33333333316789 0
1066 96.66666666664838 46.66666666649575 0
1067 96.66666666664845 49.99999999982364 0
1068 96.66666666664838 53.33333333315152 0
1069 96.66666666664841 56.66666666647941 0
1070 96.66666666664841 59.99999999980729 0
1071 96.66666666664841 63.33333333313535 0
1072 96.66666666664844 66.66666666648433 0
1073 96.66666666664841 69.99999999983588 0
1074 96.66666666664844 73.33333333318747 0
1075 96.66666666664841 76.66666666653902 0
1076 96.66666666664842 79.99999999989059 0
1077 96.66666666664842 83.33333333324217 0
1078 96.66666666664841 86.66666666659371 0
1079 96.66666666664842 89.9999999999453 0
1080 96.66666666664842 93.33333333329686 0
1081 96.66666666664841 96.66666666664841 0
1082 3.333333333320185 3.333333333320185 10
1083 3.333333333320185 6.666666666639692 10
1084 3.333333333320185 9.999999999961561 10
1085 3.333333333320186 13.33333333328203 10
1086 3.333333333320185 16.66666666659806 10
1087 3.333333333320185 19.99999999991408 10
1088 3.333333333320185 23.33333333323011 10
1089 3.333333333320185 26.66666666654615 10
1090 3.333333333320186 29.99999999986219 10
1091 3.333333333320186 33.33333333318424 10
1092 3.333333333320186 36.66666666651211 10
1093 3.333333333320184 39.99999999983999 10
1094 3.333333333320185 43.33333333316789 10
1095 3.333333333320185 46.66666666649576 10
1096 3.333333333320185 49.99999999982364 10
1097 3.333333333320185 53.33333333315153 10
1098 3.333333333320185 56.66666666647941 10
1099 3.333333333320185 59.99999999980729 10
1100 3.333333333320185 63.33333333313536 10
1101 3.333333333320185 66.66666666648433 10
1102 3.333333333320185 69.99999999983589 10
1103 3.333333333320185 73.33333333318743 10
1104 3.333333333320185 76.66666666653903 10
1105 3.333333333320185 79.99999999989059 10
1106 3.333333333320185 83.33333333324215 10
1107 3.333333333320185 86.66666666659373 10
1108 3.333333333320185 89.9999999999453 10
1109 3.333333333320185 93.33333333329686 10
1110 3.333333333320185 96.6666666666484 10
1111 6.666666666639692 3.333333333320185 10
1112 6.666666666639692 6.666666666639692 10
1113 6.666666666639692 9.99999999996156 10
1114 6.666666666639692 13.33333333328203 10
1115 6.666666666639692 16.66666666659806 10
1116 6.666666666639691 19.99999999991408 10
1117 6.666666666639692 23.33333333323011 10
1118 6.666666666639692 26.66666666654615 10
1119 6.666666666639692 29.99999999986218 10
1120 6.666666666639691 33.33333333318424 10
1121 6.666666666639694 36.66666666651211 10
1122 6.666666666639692 39.99999999983999 10
1123 6.666666666639692 43.33333333316789 10
1124 6.666666666639692 46.66666666649576 10
1125 6.666666666639692 49.99999999982364 10
1126 6.666666666639692 53.33333333315152 10
1127 6.666666666639691 56.66666666647941 10
1128 6.666666666639692 59.99999999980728 10
1129 6.666666666639692 63.33333333313536 10
1130 6.666666666639692 66.66666666648433 10
1131 6.666666666639692 69.99999999983589 10
1132 6.666666666639691 73.33333333318747 10
1133 6.666666666639692 76.66666666653904 10
1134 6.666666666639692 79.9999999998906 10
1135 6.666666666639692 83.33333333324217 10
1136 6.666666666639691 86.66666666659373 10
1137 6.666666666639692 89.9999999999453 10
1138 6.666666666639692 93.33333333329688 10
1139 6.666666666639691 96.66666666664844 10
1140 9.999999999961565 3.333333333320185 10
1141 9.99999999996156 6.666666666639692 10
1142 9.999999999961561 9.999999999961561 10
1143 9.999999999961565 13.33333333328203 10
1144 9.999999999961561 16.66666666659806 10
1145 9.99999999996156 19.99999999991408 10
1146 9.99999999996156 23.33333333323011 10
1147 9.99999999996156 26.66666666654615 10
1148 9.99999999996156 29.99999999986218 10
1149 9.99999999996156 33.33333333318424 10
1150 9.99999999996156 36.66666666651211 10
1151 9.999999999961561 39.99999999984 10
1152 9.99999999996156 43.33333333316789 10
1153 9.99999999996156 46.66666666649576 10
1154 9.99999999996156 49.99999999982364 10
1155 9.99999999996156 53.33333333315151 10
1156 9.99999999996156 56.66666666647942 10
1157 9.99999999996156 59.99999999980729 10
1158 9.99999999996156 63.33333333313536 10
1159 9.99999999996156 66.66666666648433 10
1160 9.99999999996156 69.99999999983589 10
1161 9.99999999996156 73.33333333318747 10
1162 9.99999999996156 76.66666666653903 10
1163 9.99999999996156 79.99999999989059 10
1164 9.99999999996156 83.33333333324217 10
1165 9.99999999996156 86.66666666659373 10
1166 9.999999999961561 89.99999999994532 10
1167 9.99999999996156 93.33333333329686 10
1168 9.99999999996156 96.66666666664841 10
1169 13.33333333328203 3.333333333320185 10
1170 13.33333333328203 6.666666666639692 10
1171 13.33333333328203 9.999999999961561 10
1172 13.33333333328203 13.33333333328203 10
1173 13.33333333328203 16.66666666659806 10
1174 13.33333333328203 19.99999999991408 10
1175 13.33333333328203 23.33333333323011 10
1176 13.33333333328203 26.66666666654615 10
1177 13.33333333328203 29.99999999986218 10
1178 13.33333333328203 33.33333333318424 10
1179 13.33333333328203 36.66666666651211 10
1180 13.33333333328202 39.99999999984 10
1181 13.33333333328203 43.33333333316789 10
1182 13.33333333328203 46.66666666649576 10
1183 13.33333333328203 49.99999999982364 10
1184 13.33333333328203 53.33333333315151 10
1185 13.33333333328203 56.66666666647941 10
1186 13.33333333328203 59.99999999980728 10
1187 13.33333333328203 63.33333333313536 10
1188 13.33333333328203 66.66666666648433 10
1189 13.33333333328203 69.99999999983589 10
1190 13.33333333328203 73.33333333318747 10
1191 13.33333333328203 76.66666666653903 10
1192 13.33333333328203 79.99999999989059 10
1193 13.33333333328203 83.33333333324217 10
1194 13.33333333328203 86.66666666659371 10
1195 13.33333333328203 89.99999999994533 10
1196 13.33333333328203 93.33333333329691 10
1197 13.33333333328203 96.66666666664842 10
1198 16.66666666659806 3.333333333320185 10
1199 16.66666666659806 6.666666666639692 10
1200 16.66666666659806 9.999999999961561 10
1201 16.66666666659806 13.33333333328203 10
1202 16.66666666659806 16.66666666659805 10
1203 16.66666666659806 19.99999999991408 10
1204 16.66666666659806 23.33333333323011 10
1205 16.66666666659806 26.66666666654615 10
1206 16.66666666659806 29.99999999986219 10
1207 16.66666666659806 33.33333333318424 10
1208 16.66666666659806 36.66666666651211 10
1209 16.66666666659806 39.99999999984 10
1210 16.66666666659806 43.33333333316789 10
1211 16.66666666659806 46.66666666649576 10
1212 16.66666666659806 49.99999999982365 10
1213 16.66666666659806 53.33333333315153 10
1214 16.66666666659806 56.66666666647942 10
1215 16.66666666659806 59.99999999980729 10
1216 16.66666666659806 63.33333333313537 10
1217 16.66666666659806 66.66666666648433 10
1218 16.66666666659806 69.99999999983591 10
1219 16.66666666659806 73.33333333318748 10
1220 16.66666666659806 76.666666666539 10
1221 16.66666666659806 79.99999999989059 10
1222 16.66666666659806 83.33333333324217 10
1223 16.66666666659806 86.66666666659374 10
1224 16.66666666659806 89.99999999994527 10
1225 16.66666666659806 93.33333333329686 10
1226 16.66666666659806 96.66666666664842 10
1227 19.99999999991408 3.333333333320185 10
1228 19.99999999991408 6.666666666639693 10
1229 19.99999999991408 9.99999999996156 10
1230 19.99999999991408 13.33333333328203 10
1231 19.99999999991408 16.66666666659806 10
1232 19.99999999991408 19.99999999991408 10
1233 19.99999999991408 23.33333333323012 10
1234 19.99999999991408 26.66666666654614 10
1235 19.99999999991408 29.99999999986219 10
1236 19.99999999991408 33.33333333318424 10
1237 19.99999999991408 36.66666666651211 10
1238 19.99999999991408 39.99999999983999 10
1239 19.99999999991408 43.33333333316789 10
1240 19.99999999991408 46.66666666649576 10
1241 19.99999999991408 49.99999999982365 10
1242 19.99999999991408 53.33333333315152 10
1243 19.99999999991408 56.66666666647941 10
1244 19.99999999991408 59.99999999980729 10
1245 19.99999999991408 63.33333333313536 10
1246 19.99999999991408 66.66666666648433 10
1247 19.99999999991408 69.99999999983589 10
1248 19.99999999991408 73.33333333318745 10
1249 19.99999999991408 76.66666666653903 10
1250 19.99999999991408 79.99999999989059 10
1251 19.99999999991408 83.33333333324217 10
1252 19.99999999991408 86.66666666659373 10
1253 19.99999999991408 89.9999999999453 10
1254 19.99999999991408 93.33333333329685 10
1255 19.99999999991408 96.66666666664844 10
1256 23.33333333323011 3.333333333320185 10
1257 23.33333333323012 6.666666666639692 10
1258 23.33333333323012 9.99999999996156 10
1259 23.33333333323011 13.33333333328203 10
1260 23.33333333323011 16.66666666659806 10
1261 23.33333333323011 19.99999999991408 10
1262 23.33333333323012 23.33333333323012 10
1263 23.33333333323012 26.66666666654614 10
1264 23.33333333323011 29.99999999986219 10
1265 23.33333333323011 33.33333333318424 10
1266 23.33333333323012 36.66666666651211 10
1267 23.33333333323011 39.99999999984 10
1268 23.33333333323012 43.33333333316789 10
1269 23.33333333323012 46.66666666649575 10
1270 23.33333333323012 49.99999999982365 10
1271 23.33333333323012 53.33333333315152 10
1272 23.33333333323012 56.66666666647941 10
1273 23.33333333323011 59.99999999980729 10
1274 23.33333333323011 63.33333333313536 10
1275 23.33333333323011 66.66666666648433 10
1276 23.33333333323011 69.99999999983589 10
1277 23.33333333323012 73.33333333318747 10
1278 23.33333333323011 76.66666666653903 10
1279 23.33333333323012 79.99999999989059 10
1280 23.33333333323011 83.33333333324217 10
1281 23.33333333323011 86.66666666659373 10
1282 23.33333333323012 89.99999999994529 10
1283 23.33333333323011 93.33333333329686 10
1284 23.33333333323012 96.66666666664842 10
1285 26.66666666654616 3.333333333320185 10
1286 26.66666666654615 6.666666666639692 10
1287 26.66666666654614 9.99999999996156 10
1288 26.66666666654614 13.33333333328203 10
1289 26.66666666654614 16.66666666659806 10
1290 26.66666666654615 19.99999999991408 10
1291 26.66666666654614 23.33333333323011 10
1292 26.66666666654614 26.66666666654613 10
1293 26.66666666654615 29.99999999986219 10
1294 26.66666666654614 33.33333333318424 10
1295 26.66666666654614 36.66666666651211 10
1296 26.66666666654615 39.99999999984 10
1297 26.66666666654614 43.33333333316789 10
1298 26.66666666654613 46.66666666649576 10
1299 26.66666666654615 49.99999999982364 10
1300 26.66666666654615 53.33333333315153 10
1301 26.66666666654614 56.66666666647941 10
1302 26.66666666654615 59.99999999980729 10
1303 26.66666666654614 63.33333333313536 10
1304 26.66666666654615 66.66666666648433 10
1305 26.66666666654615 69.99999999983589 10
1306 26.66666666654614 73.33333333318747 10
1307 26.66666666654615 76.66666666653903 10
1308 26.66666666654615 79.99999999989058 10
1309 26.66666666654614 83.33333333324217 10
1310 26.66666666654615 86.66666666659373 10
1311 26.66666666654615 89.9999999999453 10
1312 26.66666666654615 93.33333333329688 10
1313 26.66666666654614 96.66666666664842 10
1314 29.99999999986219 3.333333333320185 10
1315 29.99999999986218 6.666666666639692 10
1316 29.99999999986218 9.99999999996156 10
1317 29.99999999986218 13.33333333328203 10
1318 29.99999999986219 16.66666666659806 10
1319 29.99999999986218 19.99999999991408 10
1320 29.99999999986219 23.33333333323011 10
1321 29.99999999986219 26.66666666654615 10
1322 29.99999999986218 29.99999999986218 10
1323 29.99999999986218 33.33333333318424 10
1324 29.99999999986218 36.66666666651211 10
1325 29.99999999986218 39.99999999983999 10
1326 29.99999999986219 43.33333333316789 10
1327 29.99999999986218 46.66666666649576 10
1328 29.99999999986218 49.99999999982364 10
1329 29.99999999986218 53.33333333315152 10
1330 29.99999999986218 56.66666666647941 10
1331 29.99999999986219 59.99999999980729 10
1332 29.99999999986219 63.33333333313536 10
1333 29.99999999986218 66.66666666648433 10
1334 29.99999999986218 69.99999999983589 10
1335 29.99999999986218 73.33333333318747 10
1336 29.99999999986219 76.66666666653903 10
1337 29.99999999986219 79.99999999989059 10
1338 29.99999999986219 83.33333333324217 10
1339 29.99999999986218 86.66666666659373 10
1340 29.99999999986218 89.99999999994532 10
1341 29.99999999986218 93.33333333329682 10
1342 29.99999999986219 96.66666666664842 10
1343 33.33333333318424 3.333333333320185 10
1344 33.33333333318424 6.666666666639691 10
1345 33.33333333318424 9.99999999996156 10
1346 33.33333333318424 13.33333333328203 10
1347 33.33333333318424 16.66666666659806 10
1348 33.33333333318424 19.99999999991408 10
1349 33.33333333318424 23.33333333323011 10
1350 33.33333333318424 26.66666666654615 10
1351 33.33333333318424 29.99999999986218 10
1352 33.33333333318424 33.33333333318424 10
1353 33.33333333318424 36.66666666651211 10
1354 33.33333333318424 39.99999999984 10
1355 33.33333333318424 43.33333333316789 10
1356 33.33333333318424 46.66666666649576 10
1357 33.33333333318424 49.99999999982364 10
1358 33.33333333318424 53.33333333315152 10
1359 33.33333333318424 56.66666666647941 10
1360 33.33333333318424 59.99999999980729 10
1361 33.33333333318424 63.33333333313536 10
1362 33.33333333318424 66.66666666648433 10
1363 33.33333333318424 69.99999999983589 10
1364 33.33333333318424 73.33333333318747 10
1365 33.33333333318424 76.66666666653903 10
1366 33.33333333318424 79.99999999989059 10
1367 33.33333333318424 83.33333333324217 10
1368 33.33333333318424 86.66666666659373 10
1369 33.33333333318424 89.99999999994532 10
1370 33.33333333318424 93.33333333329688 10
1371 33.33333333318424 96.66666666664842 10
1372 36.66666666651211 3.333333333320185 10
1373 36.66666666651211 6.666666666639692 10
1374 36.6666666665121 9.99999999996156 10
1375 36.66666666651211 13.33333333328203 10
1376 36.66666666651211 16.66666666659806 10
1377 36.6666666665121 19.99999999991408 10
1378 36.66666666651211 23.33333333323012 10
1379 36.66666666651211 26.66666666654615 10
1380 36.66666666651211 29.99999999986218 10
1381 36.66666666651211 33.33333333318424 10
1382 36.66666666651211 36.66666666651211 10
1383 36.66666666651211 39.99999999984 10
1384 36.66666666651211 43.33333333316789 10
1385 36.66666666651211 46.66666666649576 10
1386 36.66666666651211 49.99999999982364 10
1387 36.66666666651211 53.33333333315152 10
1388 36.66666666651211 56.66666666647941 10
1389 36.66666666651211 59.99999999980729 10
1390 36.66666666651211 63.33333333313536 10
1391 36.66666666651211 66.66666666648433 10
1392 36.66666666651211 69.99999999983589 10
1393 36.66666666651211 73.33333333318747 10
1394 36.66666666651211 76.66666666653903 10
1395 36.66666666651211 79.99999999989059 10
1396 36.66666666651211 83.33333333324217 10
1397 36.66666666651211 86.66666666659373 10
1398 36.66666666651211 89.9999999999453 10
1399 36.66666666651211 93.33333333329686 10
1400 36.66666666651211 96.66666666664842 10
1401 39.99999999983999 3.333333333320185 10
1402 39.99999999984001 6.666666666639692 10
1403 39.99999999984 9.999999999961561 10
1404 39.99999999984 13.33333333328202 10
1405 39.99999999984 16.66666666659805 10
1406 39.99999999983999 19.99999999991408 10
1407 39.99999999984 23.33333333323011 10
1408 39.99999999984 26.66666666654615 10
1409 39.99999999983999 29.99999999986218 10
1410 39.99999999984 33.33333333318424 10
1411 39.99999999984 36.66666666651211 10
1412 39.99999999984 39.99999999984 10
1413 39.99999999984 43.33333333316789 10
1414 39.99999999984 46.66666666649576 10
1415 39.99999999984 49.99999999982365 10
1416 39.99999999984 53.33333333315151 10
1417 39.99999999984 56.66666666647942 10
1418 39.99999999984 59.99999999980729 10
1419 39.99999999984 63.33333333313536 10
1420 39.99999999984 66.66666666648435 10
1421 39.99999999983999 69.99999999983589 10
1422 39.99999999984 73.33333333318747 10
1423 39.99999999984 76.66666666653903 10
1424 39.99999999984 79.99999999989059 10
1425 39.99999999983999 83.33333333324217 10
1426 39.99999999984 86.66666666659373 10
1427 39.99999999984 89.99999999994529 10
1428 39.99999999984 93.33333333329684 10
1429 39.99999999984 96.66666666664841 10
1430 43.33333333316789 3.333333333320185 10
1431 43.33333333316789 6.666666666639692 10
1432 43.33333333316789 9.99999999996156 10
1433 43.33333333316789 13.33333333328202 10
1434 43.33333333316789 16.66666666659806 10
1435 43.33333333316789 19.99999999991408 10
1436 43.33333333316789 23.33333333323011 10
1437 43.33333333316789 26.66666666654614 10
1438 43.33333333316789 29.99999999986219 10
1439 43.33333333316789 33.33333333318424 10
1440 43.33333333316791 36.66666666651211 10
1441 43.33333333316789 39.99999999984 10
1442 43.33333333316789 43.33333333316789 10
1443 43.33333333316789 46.66666666649576 10
1444 43.33333333316789 49.99999999982364 10
1445 43.33333333316789 53.33333333315151 10
1446 43.33333333316789 56.66666666647941 10
1447 43.33333333316789 59.99999999980729 10
1448 43.33333333316789 63.33333333313536 10
1449 43.33333333316789 66.66666666648433 10
1450 43.33333333316789 69.99999999983589 10
1451 43.33333333316789 73.33333333318747 10
1452 43.33333333316789 76.666666666539 10
1453 43.33333333316789 79.99999999989056 10
1454 43.33333333316789 83.33333333324217 10
1455 43.33333333316789 86.66666666659373 10
1456 43.33333333316789 89.9999999999453 10
1457 43.33333333316789 93.33333333329685 10
1458 43.33333333316789 96.66666666664841 10
1459 46.66666666649576 3.333333333320185 10
1460 46.66666666649576 6.666666666639692 10
1461 46.66666666649576 9.99999999996156 10
1462 46.66666666649576 13.33333333328203 10
1463 46.66666666649576 16.66666666659806 10
1464 46.66666666649576 19.99999999991408 10
1465 46.66666666649575 23.33333333323012 10
1466 46.66666666649576 26.66666666654614 10
1467 46.66666666649576 29.99999999986218 10
1468 46.66666666649576 33.33333333318424 10
1469 46.66666666649576 36.66666666651211 10
1470 46.66666666649576 39.99999999984 10
1471 46.66666666649576 43.33333333316789 10
1472 46.66666666649576 46.66666666649576 10
1473 46.66666666649576 49.99999999982364 10
1474 46.66666666649576 53.33333333315153 10
1475 46.66666666649576 56.66666666647941 10
1476 46.66666666649576 59.99999999980729 10
1477 46.66666666649576 63.33333333313536 10
1478 46.66666666649576 66.66666666648433 10
1479 46.66666666649576 69.99999999983589 10
1480 46.66666666649576 73.33333333318747 10
1481 46.66666666649576 76.66666666653903 10
1482 46.66666666649575 79.99999999989059 10
1483 46.66666666649576 83.33333333324217 10
1484 46.66666666649576 86.66666666659373 10
1485 46.66666666649576 89.9999999999453 10
1486 46.66666666649576 93.33333333329686 10
1487 46.66666666649575 96.66666666664841 10
1488 49.99999999982364 3.333333333320185 10
1489 49.99999999982366 6.666666666639692 10
1490 49.99999999982364 9.99999999996156 10
1491 49.99999999982364 13.33333333328203 10
1492 49.99999999982365 16.66666666659806 10
1493 49.99999999982365 19.99999999991408 10
1494 49.99999999982365 23.33333333323012 10
1495 49.99999999982364 26.66666666654615 10
1496 49.99999999982364 29.99999999986218 10
1497 49.99999999982364 33.33333333318424 10
1498 49.99999999982364 36.66666666651211 10
1499 49.99999999982365 39.99999999984 10
1500 49.99999999982364 43.33333333316789 10
1501 49.99999999982364 46.66666666649576 10
1502 49.99999999982364 49.99999999982364 10
1503 49.99999999982364 53.33333333315152 10
1504 49.99999999982364 56.66666666647941 10
1505 49.99999999982364 59.99999999980729 10
1506 49.99999999982364 63.33333333313536 10
1507 49.99999999982364 66.66666666648433 10
1508 49.99999999982364 69.99999999983589 10
1509 49.99999999982365 73.33333333318748 10
1510 49.99999999982364 76.66666666653903 10
1511 49.99999999982364 79.99999999989059 10
1512 49.99999999982365 83.33333333324217 10
1513 49.99999999982364 86.66666666659373 10
1514 49.99999999982364 89.9999999999453 10
1515 49.99999999982365 93.33333333329686 10
1516 49.99999999982364 96.66666666664842 10
1517 53.33333333315153 3.333333333320185 10
1518 53.33333333315154 6.666666666639692 10
1519 53.33333333315152 9.99999999996156 10
1520 53.3333333331515 13.33333333328203 10
1521 53.33333333315153 16.66666666659806 10
1522 53.33333333315152 19.99999999991408 10
1523 53.33333333315152 23.33333333323012 10
1524 53.33333333315151 26.66666666654614 10
1525 53.33333333315154 29.99999999986218 10
1526 53.33333333315151 33.33333333318424 10
1527 53.33333333315154 36.66666666651211 10
1528 53.33333333315152 39.99999999984 10
1529 53.33333333315151 43.33333333316789 10
1530 53.33333333315153 46.66666666649576 10
1531 53.33333333315152 49.99999999982364 10
1532 53.33333333315153 53.33333333315153 10
1533 53.33333333315152 56.66666666647941 10
1534 53.33333333315152 59.99999999980729 10
1535 53.33333333315154 63.33333333313536 10
1536 53.33333333315151 66.66666666648433 10
1537 53.33333333315151 69.99999999983589 10
1538 53.33333333315153 73.33333333318747 10
1539 53.33333333315154 76.66666666653903 10
1540 53.33333333315152 79.99999999989059 10
1541 53.33333333315152 83.33333333324217 10
1542 53.33333333315152 86.66666666659373 10
1543 53.33333333315152 89.99999999994532 10
1544 53.33333333315152 93.33333333329686 10
1545 53.33333333315152 96.66666666664841 10
1546 56.66666666647941 3.333333333320185 10
1547 56.66666666647941 6.666666666639691 10
1548 56.66666666647942 9.99999999996156 10
1549 56.66666666647941 13.33333333328203 10
1550 56.66666666647941 16.66666666659806 10
1551 56.66666666647941 19.99999999991408 10
1552 56.66666666647941 23.33333333323012 10
1553 56.66666666647941 26.66666666654614 10
1554 56.66666666647941 29.99999999986218 10
1555 56.66666666647941 33.33333333318424 10
1556 56.66666666647941 36.66666666651211 10
1557 56.66666666647942 39.99999999984 10
1558 56.66666666647941 43.33333333316789 10
1559 56.66666666647941 46.66666666649576 10
1560 56.66666666647941 49.99999999982364 10
1561 56.66666666647941 53.33333333315152 10
1562 56.66666666647941 56.66666666647941 10
1563 56.66666666647941 59.99999999980729 10
1564 56.66666666647941 63.33333333313536 10
1565 56.66666666647941 66.66666666648433 10
1566 56.66666666647941 69.99999999983589 10
1567 56.66666666647941 73.33333333318747 10
1568 56.66666666647941 76.66666666653903 10
1569 56.66666666647941 79.99999999989058 10
1570 56.66666666647941 83.33333333324217 10
1571 56.66666666647941 86.66666666659373 10
1572 56.66666666647941 89.9999999999453 10
1573 56.66666666647942 93.33333333329686 10
1574 56.66666666647941 96.66666666664841 10
1575 59.99999999980729 3.333333333320185 10
1576 59.99999999980728 6.666666666639692 10
1577 59.99999999980729 9.99999999996156 10
1578 59.99999999980728 13.33333333328203 10
1579 59.99999999980728 16.66666666659806 10
1580 59.99999999980729 19.99999999991408 10
1581 59.99999999980729 23.33333333323011 10
1582 59.99999999980729 26.66666666654615 10
1583 59.99999999980729 29.99999999986219 10
1584 59.99999999980729 33.33333333318424 10
1585 59.99999999980729 36.66666666651211 10
1586 59.99999999980729 39.99999999984 10
1587 59.99999999980729 43.33333333316789 10
1588 59.99999999980729 46.66666666649576 10
1589 59.99999999980729 49.99999999982364 10
1590 59.99999999980729 53.33333333315152 10
1591 59.99999999980729 56.66666666647941 10
1592 59.99999999980729 59.99999999980729 10
1593 59.99999999980729 63.33333333313536 10
1594 59.99999999980729 66.66666666648433 10
1595 59.99999999980729 69.99999999983589 10
1596 59.99999999980729 73.33333333318747 10
1597 59.99999999980729 76.66666666653903 10
1598 59.99999999980729 79.99999999989059 10
1599 59.99999999980729 83.33333333324217 10
1600 59.99999999980729 86.66666666659373 10
1601 59.99999999980729 89.9999999999453 10
1602 59.99999999980729 93.33333333329685 10
1603 59.99999999980729 96.66666666664841 10
1604 63.33333333313534 3.333333333320185 10
1605 63.33333333313538 6.666666666639692 10
1606 63.33333333313536 9.99999999996156 10
1607 63.33333333313536 13.33333333328203 10
1608 63.33333333313536 16.66666666659806 10
1609 63.33333333313534 19.99999999991408 10
1610 63.33333333313536 23.33333333323011 10
1611 63.33333333313536 26.66666666654615 10
1612 63.33333333313536 29.99999999986219 10
1613 63.33333333313536 33.33333333318424 10
1614 63.33333333313536 36.66666666651211 10
1615 63.33333333313536 39.99999999984 10
1616 63.33333333313536 43.33333333316789 10
1617 63.33333333313536 46.66666666649576 10
1618 63.33333333313536 49.99999999982364 10
1619 63.33333333313536 53.33333333315152 10
1620 63.33333333313536 56.66666666647941 10
1621 63.33333333313536 59.99999999980729 10
1622 63.33333333313536 63.33333333313536 10
1623 63.33333333313536 66.66666666648433 10
1624 63.33333333313536 69.99999999983589 10
1625 63.33333333313536 73.33333333318747 10
1626 63.33333333313536 76.66666666653903 10
1627 63.33333333313535 79.99999999989058 10
1628 63.33333333313536 83.33333333324217 10
1629 63.33333333313536 86.66666666659373 10
1630 63.33333333313536 89.9999999999453 10
1631 63.33333333313536 93.33333333329686 10
1632 63.33333333313535 96.66666666664841 10
1633 66.66666666648433 3.333333333320185 10
1634 66.66666666648433 6.666666666639692 10
1635 66.66666666648433 9.99999999996156 10
1636 66.66666666648433 13.33333333328203 10
1637 66.66666666648433 16.66666666659806 10
1638 66.66666666648433 19.99999999991408 10
1639 66.66666666648433 23.33333333323011 10
1640 66.66666666648433 26.66666666654615 10
1641 66.66666666648433 29.99999999986218 10
1642 66.66666666648433 33.33333333318424 10
1643 66.66666666648433 36.66666666651211 10
1644 66.66666666648435 39.99999999984 10
1645 66.66666666648433 43.33333333316789 10
1646 66.66666666648433 46.66666666649576 10
1647 66.66666666648433 49.99999999982364 10
1648 66.66666666648433 53.33333333315153 10
1649 66.66666666648433 56.66666666647941 10
1650 66.66666666648433 59.99999999980729 10
1651 66.66666666648433 63.33333333313536 10
1652 66.66666666648433 66.66666666648433 10
1653 66.66666666648433 69.99999999983589 10
1654 66.66666666648433 73.33333333318747 10
1655 66.66666666648433 76.66666666653903 10
1656 66.66666666648433 79.99999999989058 10
1657 66.66666666648433 83.33333333324217 10
1658 66.66666666648433 86.66666666659373 10
1659 66.66666666648433 89.9999999999453 10
1660 66.66666666648433 93.33333333329686 10
1661 66.66666666648433 96.66666666664841 10
1662 69.99999999983589 3.333333333320185 10
1663 69.99999999983589 6.666666666639692 10
1664 69.99999999983589 9.99999999996156 10
1665 69.99999999983589 13.33333333328203 10
1666 69.99999999983591 16.66666666659806 10
1667 69.99999999983589 19.99999999991408 10
1668 69.99999999983589 23.33333333323011 10
1669 69.99999999983589 26.66666666654614 10
1670 69.99999999983589 29.99999999986218 10
1671 69.99999999983589 33.33333333318424 10
1672 69.99999999983589 36.66666666651211 10
1673 69.99999999983589 39.99999999983999 10
1674 69.99999999983589 43.33333333316789 10
1675 69.99999999983589 46.66666666649576 10
1676 69.99999999983589 49.99999999982364 10
1677 69.99999999983589 53.33333333315151 10
1678 69.99999999983589 56.66666666647941 10
1679 69.99999999983589 59.99999999980729 10
1680 69.99999999983589 63.33333333313536 10
1681 69.99999999983589 66.66666666648433 10
1682 69.99999999983589 69.99999999983589 10
1683 69.99999999983589 73.33333333318747 10
1684 69.99999999983589 76.66666666653903 10
1685 69.99999999983589 79.99999999989059 10
1686 69.99999999983589 83.33333333324217 10
1687 69.99999999983591 86.66666666659373 10
1688 69.99999999983589 89.9999999999453 10
1689 69.99999999983589 93.33333333329685 10
1690 69.99999999983588 96.66666666664841 10
1691 73.33333333318745 3.333333333320185 10
1692 73.33333333318747 6.666666666639691 10
1693 73.3333333331875 9.99999999996156 10
1694 73.33333333318747 13.33333333328203 10
1695 73.33333333318748 16.66666666659806 10
1696 73.33333333318748 19.99999999991408 10
1697 73.33333333318747 23.33333333323011 10
1698 73.33333333318747 26.66666666654614 10
1699 73.33333333318747 29.99999999986218 10
1700 73.33333333318747 33.33333333318424 10
1701 73.33333333318747 36.66666666651211 10
1702 73.33333333318747 39.99999999984 10
1703 73.33333333318747 43.33333333316789 10
1704 73.33333333318747 46.66666666649576 10
1705 73.33333333318748 49.99999999982365 10
1706 73.33333333318747 53.33333333315153 10
1707 73.33333333318747 56.66666666647941 10
1708 73.33333333318747 59.99999999980729 10
1709 73.33333333318747 63.33333333313536 10
1710 73.33333333318747 66.66666666648433 10
1711 73.33333333318747 69.99999999983589 10
1712 73.33333333318747 73.33333333318747 10
1713 73.33333333318747 76.66666666653902 10
1714 73.33333333318747 79.99999999989059 10
1715 73.33333333318747 83.33333333324217 10
1716 73.33333333318747 86.66666666659373 10
1717 73.33333333318748 89.99999999994527 10
1718 73.33333333318747 93.33333333329686 10
1719 73.33333333318747 96.66666666664844 10
1720 76.66666666653903 3.333333333320185 10
1721 76.66666666653904 6.666666666639692 10
1722 76.66666666653903 9.99999999996156 10
1723 76.66666666653903 13.33333333328203 10
1724 76.66666666653903 16.66666666659806 10
1725 76.66666666653903 19.99999999991408 10
1726 76.66666666653903 23.33333333323011 10
1727 76.66666666653903 26.66666666654615 10
1728 76.66666666653903 29.99999999986219 10
1729 76.66666666653903 33.33333333318424 10
1730 76.66666666653903 36.66666666651211 10
1731 76.66666666653903 39.99999999984 10
1732 76.66666666653903 43.33333333316789 10
1733 76.66666666653903 46.66666666649576 10
1734 76.66666666653903 49.99999999982364 10
1735 76.66666666653903 53.33333333315152 10
1736 76.66666666653903 56.66666666647941 10
1737 76.66666666653903 59.99999999980729 10
1738 76.66666666653903 63.33333333313536 10
1739 76.66666666653903 66.66666666648433 10
1740 76.66666666653903 69.99999999983589 10
1741 76.66666666653902 73.33333333318747 10
1742 76.66666666653904 76.66666666653904 10
1743 76.66666666653903 79.99999999989059 10
1744 76.66666666653903 83.33333333324217 10
1745 76.66666666653903 86.66666666659373 10
1746 76.66666666653904 89.99999999994535 10
1747 76.66666666653907 93.33333333329685 10
1748 76.66666666653902 96.66666666664841 10
1749 79.99999999989059 3.333333333320185 10
1750 79.99999999989058 6.666666666639692 10
1751 79.99999999989059 9.99999999996156 10
1752 79.99999999989059 13.33333333328203 10
1753 79.99999999989059 16.66666666659806 10
1754 79.99999999989059 19.99999999991408 10
1755 79.99999999989059 23.33333333323012 10
1756 79.99999999989058 26.66666666654615 10
1757 79.99999999989059 29.99999999986219 10
1758 79.99999999989059 33.33333333318424 10
1759 79.99999999989059 36.66666666651211 10
1760 79.99999999989059 39.99999999984 10
1761 79.99999999989059 43.33333333316789 10
1762 79.99999999989059 46.66666666649575 10
1763 79.99999999989059 49.99999999982364 10
1764 79.99999999989059 53.33333333315152 10
1765 79.99999999989058 56.66666666647941 10
1766 79.99999999989059 59.99999999980729 10
1767 79.99999999989058 63.33333333313535 10
1768 79.99999999989058 66.66666666648433 10
1769 79.99999999989059 69.99999999983589 10
1770 79.99999999989059 73.33333333318747 10
1771 79.99999999989059 76.66666666653903 10
1772 79.99999999989059 79.99999999989059 10
1773 79.9999999998906 83.33333333324217 10
1774 79.99999999989059 86.66666666659373 10
1775 79.99999999989059 89.9999999999453 10
1776 79.99999999989059 93.33333333329686 10
1777 79.99999999989059 96.66666666664842 10
1778 83.33333333324215 3.333333333320185 10
1779 83.33333333324217 6.666666666639692 10
1780 83.33333333324217 9.99999999996156 10
1781 83.33333333324217 13.33333333328203 10
1782 83.33333333324217 16.66666666659806 10
1783 83.33333333324217 19.99999999991408 10
1784 83.33333333324219 23.33333333323011 10
1785 83.33333333324217 26.66666666654614 10
1786 83.33333333324217 29.99999999986219 10
1787 83.33333333324217 33.33333333318424 10
1788 83.33333333324217 36.66666666651211 10
1789 83.33333333324217 39.99999999983999 10
1790 83.33333333324217 43.33333333316789 10
1791 83.33333333324217 46.66666666649576 10
1792 83.33333333324217 49.99999999982365 10
1793 83.33333333324217 53.33333333315152 10
1794 83.33333333324217 56.66666666647941 10
1795 83.33333333324217 59.99999999980729 10
1796 83.33333333324217 63.33333333313536 10
1797 83.33333333324217 66.66666666648433 10
1798 83.33333333324217 69.99999999983589 10
1799 83.33333333324217 73.33333333318747 10
1800 83.33333333324217 76.66666666653903 10
1801 83.33333333324217 79.9999999998906 10
1802 83.33333333324217 83.33333333324217 10
1803 83.33333333324215 86.66666666659371 10
1804 83.33333333324217 89.9999999999453 10
1805 83.33333333324217 93.33333333329686 10
1806 83.33333333324217 96.66666666664842 10
1807 86.66666666659376 3.333333333320185 10
1808 86.66666666659376 6.666666666639691 10
1809 86.66666666659373 9.99999999996156 10
1810 86.66666666659371 13.33333333328203 10
1811 86.66666666659374 16.66666666659806 10
1812 86.66666666659373 19.99999999991408 10
1813 86.6666666665937 23.33333333323011 10
1814 86.66666666659373 26.66666666654615 10
1815 86.66666666659373 29.99999999986218 10
1816 86.66666666659373 33.33333333318424 10
1817 86.66666666659373 36.66666666651211 10
1818 86.66666666659373 39.99999999984 10
1819 86.6666666665937 43.33333333316789 10
1820 86.66666666659373 46.66666666649576 10
1821 86.66666666659373 49.99999999982364 10
1822 86.66666666659373 53.33333333315152 10
1823 86.66666666659373 56.66666666647941 10
1824 86.66666666659373 59.99999999980729 10
1825 86.66666666659373 63.33333333313536 10
1826 86.66666666659373 66.66666666648433 10
1827 86.66666666659373 69.99999999983591 10
1828 86.66666666659373 73.33333333318747 10
1829 86.66666666659373 76.66666666653903 10
1830 86.66666666659373 79.99999999989059 10
1831 86.66666666659371 83.33333333324215 10
1832 86.66666666659373 86.66666666659373 10
1833 86.66666666659373 89.9999999999453 10
1834 86.66666666659374 93.33333333329688 10
1835 86.66666666659371 96.66666666664841 10
1836 89.99999999994533 3.333333333320185 10
1837 89.99999999994533 6.666666666639692 10
1838 89.99999999994529 9.999999999961561 10
1839 89.9999999999453 13.33333333328203 10
1840 89.9999999999453 16.66666666659806 10
1841 89.99999999994527 19.99999999991408 10
1842 89.99999999994529 23.33333333323012 10
1843 89.99999999994527 26.66666666654615 10
1844 89.99999999994529 29.99999999986218 10
1845 89.99999999994535 33.33333333318424 10
1846 89.9999999999453 36.66666666651211 10
1847 89.99999999994532 39.99999999984 10
1848 89.9999999999453 43.33333333316789 10
1849 89.9999999999453 46.66666666649576 10
1850 89.9999999999453 49.99999999982364 10
1851 89.99999999994529 53.33333333315152 10
1852 89.9999999999453 56.66666666647941 10
1853 89.9999999999453 59.99999999980729 10
1854 89.9999999999453 63.33333333313536 10
1855 89.9999999999453 66.66666666648433 10
1856 89.9999999999453 69.99999999983589 10
1857 89.99999999994527 73.33333333318748 10
1858 89.99999999994532 76.66666666653904 10
1859 89.9999999999453 79.99999999989059 10
1860 89.9999999999453 83.33333333324217 10
1861 89.9999999999453 86.66666666659373 10
1862 89.99999999994532 89.99999999994532 10
1863 89.9999999999453 93.33333333329686 10
1864 89.9999999999453 96.66666666664842 10
1865 93.33333333329684 3.333333333320185 10
1866 93.33333333329685 6.666666666639692 10
1867 93.33333333329686 9.99999999996156 10
1868 93.33333333329691 13.33333333328203 10
1869 93.33333333329689 16.66666666659806 10
1870 93.33333333329688 19.99999999991408 10
1871 93.33333333329686 23.33333333323011 10
1872 93.33333333329688 26.66666666654615 10
1873 93.33333333329685 29.99999999986218 10
1874 93.33333333329688 33.33333333318424 10
1875 93.33333333329686 36.66666666651211 10
1876 93.33333333329686 39.99999999984 10
1877 93.33333333329685 43.33333333316789 10
1878 93.33333333329686 46.66666666649576 10
1879 93.33333333329686 49.99999999982365 10
1880 93.33333333329689 53.33333333315152 10
1881 93.33333333329686 56.66666666647942 10
1882 93.33333333329688 59.99999999980729 10
1883 93.33333333329686 63.33333333313536 10
1884 93.33333333329686 66.66666666648433 10
1885 93.33333333329685 69.99999999983589 10
1886 93.33333333329686 73.33333333318747 10
1887 93.33333333329688 76.66666666653907 10
1888 93.33333333329686 79.99999999989059 10
1889 93.33333333329686 83.33333333324217 10
1890 93.33333333329688 86.66666666659374 10
1891 93.33333333329686 89.9999999999453 10
1892 93.33333333329685 93.33333333329685 10
1893 93.33333333329686 96.66666666664842 10
1894 96.66666666664842 3.333333333320185 10
1895 96.66666666664841 6.666666666639691 10
1896 96.66666666664844 9.99999999996156 10
1897 96.66666666664842 13.33333333328203 10
1898 96.6666666666484 16.66666666659806 10
1899 96.66666666664844 19.99999999991408 10
1900 96.66666666664842 23.33333333323012 10
1901 96.66666666664842 26.66666666654614 10
1902 96.66666666664842 29.99999999986219 10
1903 96.66666666664842 33.33333333318424 10
1904 96.66666666664842 36.66666666651211 10
1905 96.66666666664844 39.99999999984 10
1906 96.66666666664844 43.33333333316789 10
1907 96.66666666664838 46.66666666649575 10
1908 96.66666666664845 49.99999999982364 10
1909 96.66666666664838 53.33333333315152 10
1910 96.66666666664841 56.66666666647941 10
1911 96.66666666664841 59.99999999980729 10
1912 96.66666666664841 63.33333333313535 10
1913 96.66666666664844 66.66666666648433 10
1914 96.66666666664841 69.99999999983588 10
1915 96.66666666664844 73.33333333318747 10
1916 96.66666666664841 76.66666666653902 10
1917 96.66666666664842 79.99999999989059 10
1918 96.66666666664842 83.33333333324217 10
1919 96.66666666664841 86.66666666659371 10
1920 96.66666666664842 89.9999999999453 10
1921 96.66666666664842 93.33333333329686 10
1922 96.66666666664841 96.66666666664841 10
$EndNodes
$Elements
2820
1 3 2 995 1 1 9 241 125
2 3 2 995 1 125 241 242 126
3 3 2 995 1 126 242 243 127
4 3 2 995 1 127 243 244 128
5 3 2 995 1 128 244 245 129
6 3 2 995 1 129 245 246 130
7 3 2 995 1 130 246 247 131
8 3 2 995 1 131 247 248 132
9 3 2 995 1 132 248 249 133
10 3 2 995 1 133 249 250 134
11 3 2 995 1 134 250 251 135
12 3 2 995 1 135 251 252 136
13 3 2 995 1 136 252 253 137
14 3 2 995 1 137 253 254 138
15 3 2 995 1 138 254 255 139
16 3 2 995 1 139 255 256 140
17 3 2 995 1 140 256 257 141
18 3 2 995 1 141 257 258 142
19 3 2 995 1 142 258 259 143
20 3 2 995 1 143 259 260 144
21 3 2 995 1 144 260 261 145
22 3 2 995 1 145 261 262 146
23 3 2 995 1 146 262 263 147
24 3 2 995 1 147 263 264 148
25 3 2 995 1 148 264 265 149
26 3 2 995 1 149 265 266 150
27 3 2 995 1 150 266 267 151
28 3 2 995 1 151 267 268 152
29 3 2 995 1 152 268 269 153
30 3 2 995 1 153 269 38 3
31 3 2 995 1 9 10 270 241
32 3 2 995 1 241 270 271 242
33 3 2 995 1 242 271 272 243
34 3 2 995 1 243 272 273 244
35 3 2 995 1 244 273 274 245
36 3 2 995 1 245 274 275 246
37 3 2 995 1 246 275 276 247
38 3 2 995 1 247 276 277 248
39 3 2 995 1 248 277 278 249
40 3 2 995 1 249 278 279 250
41 3 2 995 1 250 279 280 251
42 3 2 995 1 251 280 281 252
43 3 2 995 1 252 281 282 253
44 3 2 995 1 253 282 283 254
45 3 2 995 1 254 283 284 255
46 3 2 995 1 255 284 285 256
47 3 2 995 1 256 285 286 257
48 3 2 995 1 257 286 287 258
49 3 2 995 1 258 287 288 259
50 3 2 995 1 259 288 289 260
51 3 2 995 1 260 289 290 261
52 3 2 995 1 261 290 291 262
53 3 2 995 1 262 291 292 263
54 3 2 995 1 263 292 293 264
55 3 2 995 1 264 293 294 265
56 3 2 995 1 265 294 295 266
57 3 2 995 1 266 295 296 267
58 3 2 995 1 267 296 297 268
59 3 2 995 1 268 297 298 269
60 3 2 995 1 269 298 39 38
61 3 2 995 1 10 11 299 270
62 3 2 995 1 270 299 300 271
63 3 2 995 1 271 300 301 272
64 3 2 995 1 272 301 302 273
65 3 2 995 1 273 302 303 274
66 3 2 995 1 274 303 304 275
67 3 2 995 1 275 304 305 276
68 3 2 995 1 276 305 306 277
69 3 2 995 1 277 306 307 278
70 3 2 995 1 278 307 308 279
71 3 2 995 1 279 308 309 280
72 3 2 995 1 280 309 310 281
73 3 2 995 1 281 310 311 282
74 3 2 995 1 282 311 312 283
75 3 2 995 1 283 312 313 284
76 3 2 995 1 284 313 314 285
77 3 2 995 1 285 314 315 286
78 3 2 995 1 286 315 316 287
79 3 2 995 1 287 316 317 288
80 3 2 995 1 288 317 318 289
81 3 2 995 1 289 318 319 290
82 3 2 995 1 290 319 320 291
83 3 2 995 1 291 320 321 292
84 3 2 995 1 292 321 322 293
85 3 2 995 1 293 322 323 294
86 3 2 995 1 294 323 324 295
87 3 2 995 1 295 324 325 296
88 3 2 995 1 296 325 326 297
89 3 2 995 1 297 326 327 298
90 3 2 995 1 298 327 40 39
91 3 2 995 1 11 12 328 299
92 3 2 995 1 299 328 329 300
93 3 2 995 1 300 329 330 301
94 3 2 995 1 301 330 331 302
95 3 2 995 1 302 331 332 303
96 3 2 995 1 303 332 333 304
97 3 2 995 1 304 333 334 305
98 3 2 995 1 305 334 335 306
99 3 2 995 1 306 335 336 307
100 3 2 995 1 307 336 337 308
101 3 2 995 1 308 337 338 309
102 3 2 995 1 309 338 339 310
103 3 2 995 1 310 339 340 311
104 3 2 995 1 311 340 341 312
105 3 2 995 1 312 341 342 313
106 3 2 995 1 313 342 343 314
107 3 2 995 1 314 343 344 315
108 3 2 995 1 315 344 345 316
109 3 2 995 1 316 345 346 317
110 3 2 995 1 317 346 347 318
111 3 2 995 1 318 347 348 319
112 3 2 995 1 319 348 349 320
113 3 2 995 1 320 349 350 321
114 3 2 995 1 321 350 351 322
115 3 2 995 1 322 351 352 323
116 3 2 995 1 323 352 353 324
117 3 2 995 1 324 353 354 325
118 3 2 995 1 325 354 355 326
119 3 2 995 1 326 355 356 327
120 3 2 995 1 327 356 41 40
121 3 2 995 1 12 13 357 328
122 3 2 995 1 328 357 358 329
123 3 2 995 1 329 358 359 330
124 3 2 995 1 330 359 360 331
125 3 2 995 1 331 360 361 332
126 3 2 995 1 332 361 362 333
127 3 2 995 1 333 362 363 334
128 3 2 995 1 334 363 364 335
129 3 2 995 1 335 364 365 336
130 3 2 995 1 336 365 366 337
131 3 2 995 1 337 366 367 338
132 3 2 995 1 338 367 368 339
133 3 2 995 1 339 368 369 340
134 3 2 995 1 340 369 370 341
135 3 2 995 1 341 370 371 342
136 3 2 995 1 342 371 372 343
137 3 2 995 1 343 372 373 344
138 3 2 995 1 344 373 374 345
139 3 2 995 1 345 374 375 346
140 3 2 995 1 346 375 376 347
141 3 2 995 1 347 376 377 348
142 3 2 995 1 348 377 378 349
143 3 2 995 1 349 378 379 350
144 3 2 995 1 350 379 380 351
145 3 2 995 1 351 380 381 352
146 3 2 995 1 352 381 382 353
147 3 2 995 1 353 382 383 354
148 3 2 995 1 354 383 384 355
149 3 2 995 1 355 384 385 356
150 3 2 995 1 356 385 42 41
151 3 2 995 1 13 14 386 357
152 3 2 995 1 357 386 387 358
153 3 2 995 1 358 387 388 359
154 3 2 995 1 359 388 389 360
155 3 2 995 1 360 389 390 361
156 3 2 995 1 361 390 391 362
157 3 2 995 1 362 391 392 363
158 3 2 995 1 363 392 393 364
159 3 2 995 1 364 393 394 365
160 3 2 995 1 365 394 395 366
161 3 2 995 1 366 395 396 367
162 3 2 995 1 367 396 397 368
163 3 2 995 1 368 397 398 369
164 3 2 995 1 369 398 399 370
165 3 2 995 1 370 399 400 371
166 3 2 995 1 371 400 401 372
167 3 2 995 1 372 401 402 373
168 3 2 995 1 373 402 403 374
169 3 2 995 1 374 403 404 375
170 3 2 995 1 375 404 405 376
171 3 2 995 1 376 405 406 377
172 3 2 995 1 377 406 407 378
173 3 2 995 1 378 407 408 379
174 3 2 995 1 379 408 409 380
175 3 2 995 1 380 409 410 381
176 3 2 995 1 381 410 411 382
177 3 2 995 1 382 411 412 383
178 3 2 995 1 383 412 413 384
179 3 2 995 1 384 413 414 385
180 3 2 995 1 385 414 43 42
181 3 2 995 1 14 15 415 386
182 3 2 995 1 386 415 416 387
183 3 2 995 1 387 416 417 388
184 3 2 995 1 388 417 418 389
185 3 2 995 1 389 418 419 390
186 3 2 995 1 390 419 420 391
187 3 2 995 1 391 420 421 392
188 3 2 995 1 392 421 422 393
189 3 2 995 1 393 422 423 394
190 3 2 995 1 394 423 424 395
191 3 2 995 1 395 424 425 396
192 3 2 995 1 396 425 426 397
193 3 2 995 1 397 426 427 398
194 3 2 995 1 398 427 428 399
195 3 2 995 1 399 428 429 400
196 3 2 995 1 400 429 430 401
197 3 2 995 1 401 430 431 402
198 3 2 995 1 402 431 432 403
199 3 2 995 1 403 432 433 404
200 3 2 995 1 404 433 434 405
201 3 2 995 1 405 434 435 406
202 3 2 995 1 406 435 436 407
203 3 2 995 1 407 436 437 408
204 3 2 995 1 408 437 438 409
205 3 2 995 1 409 438 439 410
206 3 2 995 1 410 439 440 411
207 3 2 995 1 411 440 441 412
208 3 2 995 1 412 441 442 413
209 3 2 995 1 413 442 443 414
210 3 2 995 1 414 443 44 43
211 3 2 995 1 15 16 444 415
212 3 2 995 1 415 444 445 416
213 3 2 995 1 416 445 446 417
214 3 2 995 1 417 446 447 418
215 3 2 995 1 418 447 448 419
216 3 2 995 1 419 448 449 420
217 3 2 995 1 420 449 450 421
218 3 2 995 1 421 450 451 422
219 3 2 995 1 422 451 452 423
220 3 2 995 1 423 452 453 424
221 3 2 995 1 424 453 454 425
222 3 2 995 1 425 454 455 426
223 3 2 995 1 426 455 456 427
224 3 2 995 1 427 456 457 428
225 3 2 995 1 428 457 458 429
226 3 2 995 1 429 458 459 430
227 3 2 995 1 430 459 460 431
228 3 2 995 1 431 460 461 432
229 3 2 995 1 432 461 462 433
230 3 2 995 1 433 462 463 434
231 3 2 995 1 434 463 464 435
232 3 2 995 1 435 464 465 436
233 3 2 995 1 436 465 466 437
234 3 2 995 1 437 466 467 438
235 3 2 995 1 438 467 468 439
236 3 2 995 1 439 468 469 440
237 3 2 995 1 440 469 470 441
238 3 2 995 1 441 470 471 442
239 3 2 995 1 442 471 472 443
240 3 2 995 1 443 472 45 44
241 3 2 995 1 16 17 473 444
242 3 2 995 1 444 473 474 445
243 3 2 995 1 445 474 475 446
244 3 2 995 1 446 475 476 447
245 3 2 995 1 447 476 477 448
246 3 2 995 1 448 477 478 449
247 3 2 995 1 449 478 479 450
248 3 2 995 1 450 479 480 451
249 3 2 995 1 451 480 481 452
250 3 2 995 1 452 481 482 453
251 3 2 995 1 453 482 483 454
252 3 2 995 1 454 483 484 455
253 3 2 995 1 455 484 485 456
254 3 2 995 1 456 485 486 457
255 3 2 995 1 457 486 487 458
256 3 2 995 1 458 487 488 459
257 3 2 995 1 459 488 489 460
258 3 2 995 1 460 489 490 461
259 3 2 995 1 461 490 491 462
260 3 2 995 1 462 491 492 463
261 3 2 995 1 463 492 493 464
262 3 2 995 1 464 493 494 465
263 3 2 995 1 465 494 495 466
264 3 2 995 1 466 495 496 467
265 3 2 995 1 467 496 497 468
266 3 2 995 1 468 497 498 469
267 3 2 995 1 469 498 499 470
268 3 2 995 1 470 499 500 471
269 3 2 995 1 471 500 501 472
270 3 2 995 1 472 501 46 45
271 3 2 995 1 17 18 502 473
272 3 2 995 1 473 502 503 474
273 3 2 995 1 474 503 504 475
274 3 2 995 1 475 504 505 476
275 3 2 995 1 476 505 506 477
276 3 2 995 1 477 506 507 478
277 3 2 995 1 478 507 508 479
278 3 2 995 1 479 508 509 480
279 3 2 995 1 480 509 510 481
280 3 2 995 1 481 510 511 482
281 3 2 995 1 482 511 512 483
282 3 2 995 1 483 512 513 484
283 3 2 995 1 484 513 514 485
284 3 2 995 1 485 514 515 486
285 3 2 995 1 486 515 516 487
286 3 2 995 1 487 516 517 488
287 3 2 995 1 488 517 518 489
288 3 2 995 1 489 518 519 490
289 3 2 995 1 490 519 520 491
290 3 2 995 1 491 520 521 492
291 3 2 995 1 492 521 522 493
292 3 2 995 1 493 522 523 494
293 3 2 995 1 494 523 524 495
294 3 2 995 1 495 524 525 496
295 3 2 995 1 496 525 526 497
296 3 2 995 1 497 526 527 498
297 3 2 995 1 498 527 528 499
298 3 2 995 1 499 528 529 500
299 3 2 995 1 500 529 530 501
300 3 2 995 1 501 530 47 46
301 3 2 995 1 18 19 531 502
302 3 2 995 1 502 531 532 503
303 3 2 995 1 503 532 533 504
304 3 2 995 1 504 533 534 505
305 3 2 995 1 505 534 535 506
306 3 2 995 1 506 535 536 507
307 3 2 995 1 507 536 537 508
308 3 2 995 1 508 537 538 509
309 3 2 995 1 509 538 539 510
310 3 2 995 1 510 539 540 511
311 3 2 995 1 511 540 541 512
312 3 2 995 1 512 541 542 513
313 3 2 995 1 513 542 543 514
314 3 2 995 1 514 543 544 515
315 3 2 995 1 515 544 545 516
316 3 2 995 1 516 545 546 517
317 3 2 995 1 517 546 547 518
318 3 2 995 1 518 547 548 519
319 3 2 995 1 519 548 549 520
320 3 2 995 1 520 549 550 521
321 3 2 995 1 521 550 551 522
322 3 2 995 1 522 551 552 523
323 3 2 995 1 523 552 553 524
324 3 2 995 1 524 553 554 525
325 3 2 995 1 525 554 555 526
326 3 2 995 1 526 555 556 527
327 3 2 995 1 527 556 557 528
328 3 2 995 1 528 557 558 529
329 3 2 995 1 529 558 559 530
330 3 2 995 1 530 559 48 47
331 3 2 995 1 19 20 560 531
332 3 2 995 1 531 560 561 532
333 3 2 995 1 532 561 562 533
334 3 2 995 1 533 562 563 534
335 3 2 995 1 534 563 564 535
336 3 2 995 1 535 564 565 536
337 3 2 995 1 536 565 566 537
338 3 2 995 1 537 566 567 538
339 3 2 995 1 538 567 568 539
340 3 2 995 1 539 568 569 540
341 3 2 995 1 540 569 570 541
342 3 2 995 1 541 570 571 542
343 3 2 995 1 542 571 572 543
344 3 2 995 1 543 572 573 544
345 3 2 995 1 544 573 574 545
346 3 2 995 1 545 574 575 546
347 3 2 995 1 546 575 576 547
348 3 2 995 1 547 576 577 548
349 3 2 995 1 548 577 578 549
350 3 2 995 1 549 578 579 550
351 3 2 995 1 550 579 580 551
352 3 2 995 1 551 580 581 552
353 3 2 995 1 552 581 582 553
354 3 2 995 1 553 582 583 554
355 3 2 995 1 554 583 584 555
356 3 2 995 1 555 584 585 556
357 3 2 995 1 556 585 586 557
358 3 2 995 1 557 586 587 558
359 3 2 995 1 558 587 588 559
360 3 2 995 1 559 588 49 48
361 3 2 995 1 20 21 589 560
362 3 2 995 1 560 589 590 561
363 3 2 995 1 561 590 591 562
364 3 2 995 1 562 591 592 563
365 3 2 995 1 563 592 593 564
366 3 2 995 1 564 593 594 565
367 3 2 995 1 565 594 595 566
368 3 2 995 1 566 595 596 567
369 3 2 995 1 567 596 597 568
370 3 2 995 1 568 597 598 569
371 3 2 995 1 569 598 599 570
372 3 2 995 1 570 599 600 571
373 3 2 995 1 571 600 601 572
374 3 2 995 1 572 601 602 573
375 3 2 995 1 573 602 603 574
376 3 2 995 1 574 603 604 575
377 3 2 995 1 575 604 605 576
378 3 2 995 1 576 605 606 577
379 3 2 995 1 577 606 607 578
380 3 2 995 1 578 607 608 579
381 3 2 995 1 579 608 609 580
382 3 2 995 1 580 609 610 581
383 3 2 995 1 581 610 611 582
384 3 2 995 1 582 611 612 583
385 3 2 995 1 583 612 613 584
386 3 2 995 1 584 613 614 585
387 3 2 995 1 585 614 615 586
388 3 2 995 1 586 615 616 587
389 3 2 995 1 587 616 617 588
390 3 2 995 1 588 617 50 49
391 3 2 995 1 21 22 618 589
392 3 2 995 1 589 618 619 590
393 3 2 995 1 590 619 620 591
394 3 2 995 1 591 620 621 592
395 3 2 995 1 592 621 622 593
396 3 2 995 1 593 622 623 594
397 3 2 995 1 594 623 624 595
398 3 2 995 1 595 624 625 596
399 3 2 995 1 596 625 626 597
400 3 2 995 1 597 626 627 598
401 3 2 995 1 598 627 628 599
402 3 2 995 1 599 628 629 600
403 3 2 995 1 600 629 630 601
404 3 2 995 1 601 630 631 602
405 3 2 995 1 602 631 632 603
406 3 2 995 1 603 632 633 604
407 3 2 995 1 604 633 634 605
408 3 2 995 1 605 634 635 606
409 3 2 995 1 606 635 636 607
410 3 2 995 1 607 636 637 608
411 3 2 995 1 608 637 638 609
412 3 2 995 1 609 638 639 610
413 3 2 995 1 610 639 640 611
414 3 2 995 1 611 640 641 612
415 3 2 995 1 612 641 642 613
416 3 2 995 1 613 642 643 614
417 3 2 995 1 614 643 644 615
418 3 2 995 1 615 644 645 616
419 3 2 995 1 616 645 646 617
420 3 2 995 1 617 646 51 50
421 3 2 995 1 22 23 647 618
422 3 2 995 1 618 647 648 619
423 3 2 995 1 619 648 649 620
424 3 2 995 1 620 649 650 621
425 3 2 995 1 621 650 651 622
426 3 2 995 1 622 651 652 623
427 3 2 995 1 623 652 653 624
428 3 2 995 1 624 653 654 625
429 3 2 995 1 625 654 655 626
430 3 2 995 1 626 655 656 627
431 3 2 995 1 627 656 657 628
432 3 2 995 1 628 657 658 629
433 3 2 995 1 629 658 659 630
434 3 2 995 1 630 659 660 631
435 3 2 995 1 631 660 661 632
436 3 2 995 1 632 661 662 633
437 3 2 995 1 633 662 663 634
438 3 2 995 1 634 663 664 635
439 3 2 995 1 635 664 665 636
440 3 2 995 1 636 665 666 637
441 3 2 995 1 637 666 667 638
442 3 2 995 1 638 667 668 639
443 3 2 995 1 639 668 669 640
444 3 2 995 1 640 669 670 641
445 3 2 995 1 641 670 671 642
446 3 2 995 1 642 671 672 643
447 3 2 995 1 643 672 673 644
448 3 2 995 1 644 673 674 645
449 3 2 995 1 645 674 675 646
450 3 2 995 1 646 675 52 51
451 3 2 995 1 23 24 676 647
452 3 2 995 1 647 676 677 648
453 3 2 995 1 648 677 678 649
454 3 2 995 1 649 678 679 650
455 3 2 995 1 650 679 680 651
456 3 2 995 1 651 680 681 652
457 3 2 995 1 652 681 682 653
458 3 2 995 1 653 682 683 654
459 3 2 995 1 654 683 684 655
460 3 2 995 1 655 684 685 656
461 3 2 995 1 656 685 686 657
462 3 2 995 1 657 686 687 658
463 3 2 995 1 658 687 688 659
464 3 2 995 1 659 688 689 660
465 3 2 995 1 660 689 690 661
466 3 2 995 1 661 690 691 662
467 3 2 995 1 662 691 692 663
468 3 2 995 1 663 692 693 664
469 3 2 995 1 664 693 694 665
470 3 2 995 1 665 694 695 666
471 3 2 995 1 666 695 696 667
472 3 2 995 1 667 696 697 668
473 3 2 995 1 668 697 698 669
474 3 2 995 1 669 698 699 670
475 3 2 995 1 670 699 700 671
476 3 2 995 1 671 700 701 672
477 3 2 995 1 672 701 702 673
478 3 2 995 1 673 702 703 674
479 3 2 995 1 674 703 704 675
480 3 2 995 1 675 704 53 52
481 3 2 995 1 24 25 705 676
482 3 2 995 1 676 705 706 677
483 3 2 995 1 677 706 707 678
484 3 2 995 1 678 707 708 679
485 3 2 995 1 679 708 709 680
486 3 2 995 1 680 709 710 681
487 3 2 995 1 681 710 711 682
488 3 2 995 1 682 711 712 683
489 3 2 995 1 683 712 713 684
490 3 2 995 1 684 713 714 685
491 3 2 995 1 685 714 715 686
492 3 2 995 1 686 715 716 687
493 3 2 995 1 687 716 717 688
494 3 2 995 1 688 717 718 689
495 3 2 995 1 689 718 719 690
496 3 2 995 1 690 719 720 691
497 3 2 995 1 691 720 721 692
498 3 2 995 1 692 721 722 693
499 3 2 995 1 693 722 723 694
500 3 2 995 1 694 723 724 695
501 3 2 995 1 695 724 725 696
502 3 2 995 1 696 725 726 697
503 3 2 995 1 697 726 727 698
504 3 2 995 1 698 727 728 699
505 3 2 995 1 699 728 729 700
506 3 2 995 1 700 729 730 701
507 3 2 995 1 701 730 731 702
508 3 2 995 1 702 731 732 703
509 3 2 995 1 703 732 733 704
510 3 2 995 1 704 733 54 53
511 3 2 995 1 25 26 734 705
512 3 2 995 1 705 734 735 706
513 3 2 995 1 706 735 736 707
514 3 2 995 1 707 736 737 708
515 3 2 995 1 708 737 738 709
516 3 2 995 1 709 738 739 710
517 3 2 995 1 710 739 740 711
518 3 2 995 1 711 740 741 712
519 3 2 995 1 712 741 742 713
520 3 2 995 1 713 742 743 714
521 3 2 995 1 714 743 744 715
522 3 2 995 1 715 744 745 716
523 3 2 995 1 716 745 746 717
524 3 2 995 1 717 746 747 718
525 3 2 995 1 718 747 748 719
526 3 2 995 1 719 748 749 720
527 3 2 995 1 720 749 750 721
528 3 2 995 1 721 750 751 722
529 3 2 995 1 722 751 752 723
530 3 2 995 1 723 752 753 724
531 3 2 995 1 724 753 754 725
532 3 2 995 1 725 754 755 726
533 3 2 995 1 726 755 756 727
534 3 2 995 1 727 756 757 728
535 3 2 995 1 728 757 758 729
536 3 2 995 1 729 758 759 730
537 3 2 995 1 730 759 760 731
538 3 2 995 1 731 760 761 732
539 3 2 995 1 732 761 762 733
540 3 2 995 1 733 762 55 54
541 3 2 995 1 26 27 763 734
542 3 2 995 1 734 763 764 735
543 3 2 995 1 735 764 765 736
544 3 2 995 1 736 765 766 737
545 3 2 995 1 737 766 767 738
546 3 2 995 1 738 767 768 739
547 3 2 995 1 739 768 769 740
548 3 2 995 1 740 769 770 741
549 3 2 995 1 741 770 771 742
550 3 2 995 1 742 771 772 743
551 3 2 995 1 743 772 773 744
552 3 2 995 1 744 773 774 745
553 3 2 995 1 745 774 775 746
554 3 2 995 1 746 775 776 747
555 3 2 995 1 747 776 777 748
556 3 2 995 1 748 777 778 749
557 3 2 995 1 749 778 779 750
558 3 2 995 1 750 779 780 751
559 3 2 995 1 751 780 781 752
560 3 2 995 1 752 781 782 753
561 3 2 995 1 753 782 783 754
562 3 2 995 1 754 783 784 755
563 3 2 995 1 755 784 785 756
564 3 2 995 1 756 785 786 757
565 3 2 995 1 757 786 787 758
566 3 2 995 1 758 787 788 759
567 3 2 995 1 759 788 789 760
568 3 2 995 1 760 789 790 761
569 3 2 995 1 761 790 791 762
570 3 2 995 1 762 791 56 55
571 3 2 995 1 27 28 792 763
572 3 2 995 1 763 792 793 764
573 3 2 995 1 764 793 794 765
574 3 2 995 1 765 794 795 766
575 3 2 995 1 766 795 796 767
576 3 2 995 1 767 796 797 768
577 3 2 995 1 768 797 798 769
578 3 2 995 1 769 798 799 770
579 3 2 995 1 770 799 800 771
580 3 2 995 1 771 800 801 772
581 3 2 995 1 772 801 802 773
582 3 2 995 1 773 802 803 774
583 3 2 995 1 774 803 804 775
584 3 2 995 1 775 804 805 776
585 3 2 995 1 776 805 806 777
586 3 2 995 1 777 806 807 778
587 3 2 995 1 778 807 808 779
588 3 2 995 1 779 808 809 780
589 3 2 995 1 780 809 810 781
590 3 2 995 1 781 810 811 782
591 3 2 995 1 782 811 812 783
592 3 2 995 1 783 812 813 784
593 3 2 995 1 784 813 814 785
594 3 2 995 1 785 814 815 786
595 3 2 995 1 786 815 816 787
596 3 2 995 1 787 816 817 788
597 3 2 995 1 788 817 818 789
598 3 2 995 1 789 818 819 790
599 3 2 995 1 790 819 820 791
600 3 2 995 1 791 820 57 56
601 3 2 995 1 28 29 821 792
602 3 2 995 1 792 821 822 793
603 3 2 995 1 793 822 823 794
604 3 2 995 1 794 823 824 795
605 3 2 995 1 795 824 825 796
606 3 2 995 1 796 825 826 797
607 3 2 995 1 797 826 827 798
608 3 2 995 1 798 827 828 799
609 3 2 995 1 799 828 829 800
610 3 2 995 1 800 829 830 801
611 3 2 995 1 801 830 831 802
612 3 2 995 1 802 831 832 803
613 3 2 995 1 803 832 833 804
614 3 2 995 1 804 833 834 805
615 3 2 995 1 805 834 835 806
616 3 2 995 1 806 835 836 807
617 3 2 995 1 807 836 837 808
618 3 2 995 1 808 837 838 809
619 3 2 995 1 809 838 839 810
620 3 2 995 1 810 839 840 811
621 3 2 995 1 811 840 841 812
622 3 2 995 1 812 841 842 813
623 3 2 995 1 813 842 843 814
624 3 2 995 1 814 843 844 815
625 3 2 995 1 815 844 845 816
626 3 2 995 1 816 845 846 817
627 3 2 995 1 817 846 847 818
628 3 2 995 1 818 847 848 819
629 3 2 995 1 819 848 849 820
630 3 2 995 1 820 849 58 57
631 3 2 995 1 29 30 850 821
632 3 2 995 1 821 850 851 822
633 3 2 995 1 822 851 852 823
634 3 2 995 1 823 852 853 824
635 3 2 995 1 824 853 854 825
636 3 2 995 1 825 854 855 826
637 3 2 995 1 826 855 856 827
638 3 2 995 1 827 856 857 828
639 3 2 995 1 828 857 858 829
640 3 2 995 1 829 858 859 830
641 3 2 995 1 830 859 860 831
642 3 2 995 1 831 860 861 832
643 3 2 995 1 832 861 862 833
644 3 2 995 1 833 862 863 834
645 3 2 995 1 834 863 864 835
646 3 2 995 1 835 864 865 836
647 3 2 995 1 836 865 866 837
648 3 2 995 1 837 866 867 838
649 3 2 995 1 838 867 868 839
650 3 2 995 1 839 868 869 840
651 3 2 995 1 840 869 870 841
652 3 2 995 1 841 870 871 842
653 3 2 995 1 842 871 872 843
654 3 2 995 1 843 872 873 844
655 3 2 995 1 844 873 874 845
656 3 2 995 1 845 874 875 846
657 3 2 995 1 846 875 876 847
658 3 2 995 1 847 876 877 848
659 3 2 995 1 848 877 878 849
660 3 2 995 1 849 878 59 58
661 3 2 995 1 30 31 879 850
662 3 2 995 1 850 879 880 851
663 3 2 995 1 851 880 881 852
664 3 2 995 1 852 881 882 853
665 3 2 995 1 853 882 883 854
666 3 2 995 1 854 883 884 855
667 3 2 995 1 855 884 885 856
668 3 2 995 1 856 885 886 857
669 3 2 995 1 857 886 887 858
670 3 2 995 1 858 887 888 859
671 3 2 995 1 859 888 889 860
672 3 2 995 1 860 889 890 861
673 3 2 995 1 861 890 891 862
674 3 2 995 1 862 891 892 863
675 3 2 995 1 863 892 893 864
676 3 2 995 1 864 893 894 865
677 3 2 995 1 865 894 895 866
678 3 2 995 1 866 895 896 867
679 3 2 995 1 867 896 897 868
680 3 2 995 1 868 897 898 869
681 3 2 995 1 869 898 899 870
682 3 2 995 1 870 899 900 871
683 3 2 995 1 871 900 901 872
684 3 2 995 1 872 901 902 873
685 3 2 995 1 873 902 903 874
686 3 2 995 1 874 903 904 875
687 3 2 995 1 875 904 905 876
688 3 2 995 1 876 905 906 877
689 3 2 995 1 877 906 907 878
690 3 2 995 1 878 907 60 59
691 3 2 995 1 31 32 908 879
692 3 2 995 1 879 908 909 880
693 3 2 995 1 880 909 910 881
694 3 2 995 1 881 910 911 882
695 3 2 995 1 882 911 912 883
696 3 2 995 1 883 912 913 884
697 3 2 995 1 884 913 914 885
698 3 2 995 1 885 914 915 886
699 3 2 995 1 886 915 916 887
700 3 2 995 1 887 916 917 888
701 3 2 995 1 888 917 918 889
702 3 2 995 1 889 918 919 890
703 3 2 995 1 890 919 920 891
704 3 2 995 1 891 920 921 892
705 3 2 995 1 892 921 922 893
706 3 2 995 1 893 922 923 894
707 3 2 995 1 894 923 924 895
708 3 2 995 1 895 924 925 896
709 3 2 995 1 896 925 926 897
710 3 2 995 1 897 926 927 898
711 3 2 995 1 898 927 928 899
712 3 2 995 1 899 928 929 900
713 3 2 995 1 900 929 930 901
714 3 2 995 1 901 930 931 902
715 3 2 995 1 902 931 932 903
716 3 2 995 1 903 932 933 904
717 3 2 995 1 904 933 934 905
718 3 2 995 1 905 934 935 906
719 3 2 995 1 906 935 936 907
720 3 2 995 1 907 936 61 60
721 3 2 995 1 32 33 937 908
722 3 2 995 1 908 937 938 909
723 3 2 995 1 909 938 939 910
724 3 2 995 1 910 939 940 911
725 3 2 995 1 911 940 941 912
726 3 2 995 1 912 941 942 913
727 3 2 995 1 913 942 943 914
728 3 2 995 1 914 943 944 915
729 3 2 995 1 915 944 945 916
730 3 2 995 1 916 945 946 917
731 3 2 995 1 917 946 947 918
732 3 2 995 1 918 947 948 919
733 3 2 995 1 919 948 949 920
734 3 2 995 1 920 949 950 921
735 3 2 995 1 921 950 951 922
736 3 2 995 1 922 951 952 923
737 3 2 995 1 923 952 953 924
738 3 2 995 1 924 953 954 925
739 3 2 995 1 925 954 955 926
740 3 2 995 1 926 955 956 927
741 3 2 995 1 927 956 957 928
742 3 2 995 1 928 957 958 929
743 3 2 995 1 929 958 959 930
744 3 2 995 1 930 959 960 931
745 3 2 995 1 931 960 961 932
746 3 2 995 1 932 961 962 933
747 3 2 995 1 933 962 963 934
748 3 2 995 1 934 963 964 935
749 3 2 995 1 935 964 965 936
750 3 2 995 1 936 965 62 61
751 3 2 995 1 33 34 966 937
752 3 2 995 1 937 966 967 938
753 3 2 995 1 938 967 968 939
754 3 2 995 1 939 968 969 940
755 3 2 995 1 940 969 970 941
756 3 2 995 1 941 970 971 942
757 3 2 995 1 942 971 972 943
758 3 2 995 1 943 972 973 944
759 3 2 995 1 944 973 974 945
760 3 2 995 1 945 974 975 946
761 3 2 995 1 946 975 976 947
762 3 2 995 1 947 976 977 948
763 3 2 995 1 948 977 978 949
764 3 2 995 1 949 978 979 950
765 3 2 995 1 950 979 980 951
766 3 2 995 1 951 980 981 952
767 3 2 995 1 952 981 982 953
768 3 2 995 1 953 982 983 954
769 3 2 995 1 954 983 984 955
770 3 2 995 1 955 984 985 956
771 3 2 995 1 956 985 986 957
772 3 2 995 1 957 986 987 958
773 3 2 995 1 958 987 988 959
774 3 2 995 1 959 988 989 960
775 3 2 995 1 960 989 990 961
776 3 2 995 1 961 990 991 962
777 3 2 995 1 962 991 992 963
778 3 2 995 1 963 992 993 964
779 3 2 995 1 964 993 994 965
780 3 2 995 1 965 994 63 62
781 3 2 995 1 34 35 995 966
782 3 2 995 1 966 995 996 967
783 3 2 995 1 967 996 997 968
784 3 2 995 1 968 997 998 969
785 3 2 995 1 969 998 999 970
786 3 2 995 1 970 999 1000 971
787 3 2 995 1 971 1000 1001 972
788 3 2 995 1 972 1001 1002 973
789 3 2 995 1 973 1002 1003 974
790 3 2 995 1 974 1003 1004 975
791 3 2 995 1 975 1004 1005 976
792 3 2 995 1 976 1005 1006 977
793 3 2 995 1 977 1006 1007 978
794 3 2 995 1 978 1007 1008 979
795 3 2 995 1 979 1008 1009 980
796 3 2 995 1 980 1009 1010 981
797 3 2 995 1 981 1010 1011 982
798 3 2 995 1 982 1011 1012 983
799 3 2 995 1 983 1012 1013 984
800 3 2 995 1 984 1013 1014 985
801 3 2 995 1 985 1014 1015 986
802 3 2 995 1 986 1015 1016 987
803 3 2 995 1 987 1016 1017 988
804 3 2 995 1 988 1017 1018 989
805 3 2 995 1 989 1018 1019 990
806 3 2 995 1 990 1019 1020 991
807 3 2 995 1 991 1020 1021 992
808 3 2 995 1 992 1021 1022 993
809 3 2 995 1 993 1022 1023 994
810 3 2 995 1 994 1023 64 63
811 3 2 995 1 35 36 1024 995
812 3 2 995 1 995 1024 1025 996
813 3 2 995 1 996 1025 1026 997
814 3 2 995 1 997 1026 1027 998
815 3 2 995 1 998 1027 1028 999
816 3 2 995 1 999 1028 1029 1000
817 3 2 995 1 1000 1029 1030 1001
818 3 2 995 1 1001 1030 1031 1002
819 3 2 995 1 1002 1031 1032 1003
820 3 2 995 1 1003 1032 1033 1004
821 3 2 995 1 1004 1033 1034 1005
822 3 2 995 1 1005 1034 1035 1006
823 3 2 995 1 1006 1035 1036 1007
824 3 2 995 1 1007 1036 1037 1008
825 3 2 995 1 1008 1037 1038 1009
826 3 2 995 1 1009 1038 1039 1010
827 3 2 995 1 1010 1039 1040 1011
828 3 2 995 1 1011 1040 1041 1012
829 3 2 995 1 1012 1041 1042 1013
830 3 2 995 1 1013 1042 1043 1014
831 3 2 995 1 1014 1043 1044 1015
832 3 2 995 1 1015 1044 1045 1016
833 3 2 995 1 1016 1045 1046 1017
834 3 2 995 1 1017 1046 1047 1018
835 3 2 995 1 1018 1047 1048 1019
836 3 2 995 1 1019 1048 1049 1020
837 3 2 995 1 1020 1049 1050 1021
838 3 2 995 1 1021 1050 1051 1022
839 3 2 995 1 1022 1051 1052 1023
840 3 2 995 1 1023 1052 65 64
841 3 2 995 1 36 37 1053 1024
842 3 2 995 1 1024 1053 1054 1025
843 3 2 995 1 1025 1054 1055 1026
844 3 2 995 1 1026 1055 1056 1027
845 3 2 995 1 1027 1056 1057 1028
846 3 2 995 1 1028 1057 1058 1029
847 3 2 995 1 1029 1058 1059 1030
848 3 2 995 1 1030 1059 1060 1031
849 3 2 995 1 1031 1060 1061 1032
850 3 2 995 1 1032 1061 1062 1033
851 3 2 995 1 1033 1062 1063 1034
852 3 2 995 1 1034 1063 1064 1035
853 3 2 995 1 1035 1064 1065 1036
854 3 2 995 1 1036 1065 1066 1037
855 3 2 995 1 1037 1066 1067 1038
856 3 2 995 1 1038 1067 1068 1039
857 3 2 995 1 1039 1068 1069 1040
858 3 2 995 1 1040 1069 1070 1041
859 3 2 995 1 1041 1070 1071 1042
860 3 2 995 1 1042 1071 1072 1043
861 3 2 995 1 1043 1072 1073 1044
862 3 2 995 1 1044 1073 1074 1045
863 3 2 995 1 1045 1074 1075 1046
864 3 2 995 1 1046 1075 1076 1047
865 3 2 995 1 1047 1076 1077 1048
866 3 2 995 1 1048 1077 1078 1049
867 3 2 995 1 1049 1078 1079 1050
868 3 2 995 1 1050 1079 1080 1051
869 3 2 995 1 1051 1080 1081 1052
870 3 2 995 1 1052 1081 66 65
871 3 2 995 1 37 2 154 1053
872 3 2 995 1 1053 154 155 1054
873 3 2 995 1 1054 155 156 1055
874 3 2 995 1 1055 156 157 1056
875 3 2 995 1 1056 157 158 1057
876 3 2 995 1 1057 158 159 1058
877 3 2 995 1 1058 159 160 1059
878 3 2 995 1 1059 160 161 1060
879 3 2 995 1 1060 161 162 1061
880 3 2 995 1 1061 162 163 1062
881 3 2 995 1 1062 163 164 1063
882 3 2 995 1 1063 164 165 1064
883 3 2 995 1 1064 165 166 1065
884 3 2 995 1 1065 166 167 1066
885 3 2 995 1 1066 167 168 1067
886 3 2 995 1 1067 168 169 1068
887 3 2 995 1 1068 169 170 1069
888 3 2 995 1 1069 170 171 1070
889 3 2 995 1 1070 171 172 1071
890 3 2 995 1 1071 172 173 1072
891 3 2 995 1 1072 173 174 1073
892 3 2 995 1 1073 174 175 1074
893 3 2 995 1 1074 175 176 1075
894 3 2 995 1 1075 176 177 1076
895 3 2 995 1 1076 177 178 1077
896 3 2 995 1 1077 178 179 1078
897 3 2 995 1 1078 179 180 1079
898 3 2 995 1 1079 180 181 1080
899 3 2 995 1 1080 181 182 1081
900 3 2 995 1 1081 182 4 66
901 3 2 996 5 5 67 1082 183
902 3 2 996 5 183 1082 1083 184
903 3 2 996 5 184 1083 1084 185
904 3 2 996 5 185 1084 1085 186
905 3 2 996 5 186 1085 1086 187
906 3 2 996 5 187 1086 1087 188
907 3 2 996 5 188 1087 1088 189
908 3 2 996 5 189 1088 1089 190
909 3 2 996 5 190 1089 1090 191
910 3 2 996 5 191 1090 1091 192
911 3 2 996 5 192 1091 1092 193
912 3 2 996 5 193 1092 1093 194
913 3 2 996 5 194 1093 1094 195
914 3 2 996 5 195 1094 1095 196
915 3 2 996 5 196 1095 1096 197
916 3 2 996 5 197 1096 1097 198
917 3 2 996 5 198 1097 1098 199
918 3 2 996 5 199 1098 1099 200
919 3 2 996 5 200 1099 1100 201
920 3 2 996 5 201 1100 1101 202
921 3 2 996 5 202 1101 1102 203
922 3 2 996 5 203 1102 1103 204
923 3 2 996 5 204 1103 1104 205
924 3 2 996 5 205 1104 1105 206
925 3 2 996 5 206 1105 1106 207
926 3 2 996 5 207 1106 1107 208
927 3 2 996 5 208 1107 1108 209
928 3 2 996 5 209 1108 1109 210
929 3 2 996 5 210 1109 1110 211
930 3 2 996 5 211 1110 96 7
931 3 2 996 5 67 68 1111 1082
932 3 2 996 5 1082 1111 1112 1083
933 3 2 996 5 1083 1112 1113 1084
934 3 2 996 5 1084 1113 1114 1085
935 3 2 996 5 1085 1114 1115 1086
936 3 2 996 5 1086 1115 1116 1087
937 3 2 996 5 1087 1116 1117 1088
938 3 2 996 5 1088 1117 1118 1089
939 3 2 996 5 1089 1118 1119 1090
940 3 2 996 5 1090 1119 1120 1091
941 3 2 996 5 1091 1120 1121 1092
942 3 2 996 5 1092 1121 1122 1093
943 3 2 996 5 1093 1122 1123 1094
944 3 2 996 5 1094 1123 1124 1095
945 3 2 996 5 1095 1124 1125 1096
946 3 2 996 5 1096 1125 1126 1097
947 3 2 996 5 1097 1126 1127 1098
948 3 2 996 5 1098 1127 1128 1099
949 3 2 996 5 1099 1128 1129 1100
950 3 2 996 5 1100 1129 1130 1101
951 3 2 996 5 1101 1130 1131 1102
952 3 2 996 5 1102 1131 1132 1103
953 3 2 996 5 1103 1132 1133 1104
954 3 2 996 5 1104 1133 1134 1105
955 3 2 996 5 1105 1134 1135 1106
956 3 2 996 5 1106 1135 1136 1107
957 3 2 996 5 1107 1136 1137 1108
958 3 2 996 5 1108 1137 1138 1109
959 3 2 996 5 1109 1138 1139 1110
960 3 2 996 5 1110 1139 97 96
961 3 2 996 5 68 69 1140 1111
962 3 2 996 5 1111 1140 1141 1112
963 3 2 996 5 1112 1141 1142 1113
964 3 2 996 5 1113 1142 1143 1114
965 3 2 996 5 1114 1143 1144 1115
966 3 2 996 5 1115 1144 1145 1116
967 3 2 996 5 1116 1145 1146 1117
968 3 2 996 5 1117 1146 1147 1118
969 3 2 996 5 1118 1147 1148 1119
970 3 2 996 5 1119 1148 1149 1120
971 3 2 996 5 1120 1149 1150 1121
972 3 2 996 5 1121 1150 1151 1122
973 3 2 996 5 1122 1151 1152 1123
974 3 2 996 5 1123 1152 1153 1124
975 3 2 996 5 1124 1153 1154 1125
976 3 2 996 5 1125 1154 1155 1126
977 3 2 996 5 1126 1155 1156 1127
978 3 2 996 5 1127 1156 1157 1128
979 3 2 996 5 1128 1157 1158 1129
980 3 2 996 5 1129 1158 1159 1130
981 3 2 996 5 1130 1159 1160 1131
982 3 2 996 5 1131 1160 1161 1132
983 3 2 996 5 1132 1161 1162 1133
984 3 2 996 5 1133 1162 1163 1134
985 3 2 996 5 1134 1163 1164 1135
986 3 2 996 5 1135 1164 1165 1136
987 3 2 996 5 1136 1165 1166 1137
988 3 2 996 5 1137 1166 1167 1138
989 3 2 996 5 1138 1167 1168 1139
990 3 2 996 5 1139 1168 98 97
991 3 2 996 5 69 70 1169 1140
992 3 2 996 5 1140 1169 1170 1141
993 3 2 996 5 1141 1170 1171 1142
994 3 2 996 5 1142 1171 1172 1143
995 3 2 996 5 1143 1172 1173 1144
996 3 2 996 5 1144 1173 1174 1145
997 3 2 996 5 1145 1174 1175 1146
998 3 2 996 5 1146 1175 1176 1147
999 3 2 996 5 1147 1176 1177 1148
1000 3 2 996 5 1148 1177 1178 1149
1001 3 2 996 5 1149 1178 1179 1150
1002 3 2 996 5 1150 1179 1180 1151
1003 3 2 996 5 1151 1180 1181 1152
1004 3 2 996 5 1152 1181 1182 1153
1005 3 2 996 5 1153 1182 1183 1154
1006 3 2 996 5 1154 1183 1184 1155
1007 3 2 996 5 1155 1184 1185 1156
1008 3 2 996 5 1156 1185 1186 1157
1009 3 2 996 5 1157 1186 1187 1158
1010 3 2 996 5 1158 1187 1188 1159
1011 3 2 996 5 1159 1188 1189 1160
1012 3 2 996 5 1160 1189 1190 1161
1013 3 2 996 5 1161 1190 1191 1162
1014 3 2 996 5 1162 1191 1192 1163
1015 3 2 996 5 1163 1192 1193 1164
1016 3 2 996 5 1164 1193 1194 1165
1017 3 2 996 5 1165 1194 1195 1166
1018 3 2 996 5 1166 1195 1196 1167
1019 3 2 996 5 1167 1196 1197 1168
1020 3 2 996 5 1168 1197 99 98
1021 3 2 996 5 70 71 1198 1169
1022 3 2 996 5 1169 1198 1199 1170
1023 3 2 996 5 1170 1199 1200 1171
1024 3 2 996 5 1171 1200 1201 1172
1025 3 2 996 5 1172 1201 1202 1173
1026 3 2 996 5 1173 1202 1203 1174
1027 3 2 996 5 1174 1203 1204 1175
1028 3 2 996 5 1175 1204 1205 1176
1029 3 2 996 5 1176 1205 1206 1177
1030 3 2 996 5 1177 1206 1207 1178
1031 3 2 996 5 1178 1207 1208 1179
1032 3 2 996 5 1179 1208 1209 1180
1033 3 2 996 5 1180 1209 1210 1181
1034 3 2 996 5 1181 1210 1211 1182
1035 3 2 996 5 1182 1211 1212 1183
1036 3 2 996 5 1183 1212 1213 1184
1037 3 2 996 5 1184 1213 1214 1185
1038 3 2 996 5 1185 1214 1215 1186
1039 3 2 996 5 1186 1215 1216 1187
1040 3 2 996 5 1187 1216 1217 1188
1041 3 2 996 5 1188 1217 1218 1189
1042 3 2 996 5 1189 1218 1219 1190
1043 3 2 996 5 1190 1219 1220 1191
1044 3 2 996 5 1191 1220 1221 1192
1045 3 2 996 5 1192 1221 1222 1193
1046 3 2 996 5 1193 1222 1223 1194
1047 3 2 996 5 1194 1223 1224 1195
1048 3 2 996 5 1195 1224 1225 1196
1049 3 2 996 5 1196 1225 1226 1197
1050 3 2 996 5 1197 1226 100 99
1051 3 2 996 5 71 72 1227 1198
1052 3 2 996 5 1198 1227 1228 1199
1053 3 2 996 5 1199 1228 1229 1200
1054 3 2 996 5 1200 1229 1230 1201
1055 3 2 996 5 1201 1230 1231 1202
1056 3 2 996 5 1202 1231 1232 1203
1057 3 2 996 5 1203 1232 1233 1204
1058 3 2 996 5 1204 1233 1234 1205
1059 3 2 996 5 1205 1234 1235 1206
1060 3 2 996 5 1206 1235 1236 1207
1061 3 2 996 5 1207 1236 1237 1208
1062 3 2 996 5 1208 1237 1238 1209
1063 3 2 996 5 1209 1238 1239 1210
1064 3 2 996 5 1210 1239 1240 1211
1065 3 2 996 5 1211 1240 1241 1212
1066 3 2 996 5 1212 1241 1242 1213
1067 3 2 996 5 1213 1242 1243 1214
1068 3 2 996 5 1214 1243 1244 1215
1069 3 2 996 5 1215 1244 1245 1216
1070 3 2 996 5 1216 1245 1246 1217
1071 3 2 996 5 1217 1246 1247 1218
1072 3 2 996 5 1218 1247 1248 1219
1073 3 2 996 5 1219 1248 1249 1220
1074 3 2 996 5 1220 1249 1250 1221
1075 3 2 996 5 1221 1250 1251 1222
1076 3 2 996 5 1222 1251 1252 1223
1077 3 2 996 5 1223 1252 1253 1224
1078 3 2 996 5 1224 1253 1254 1225
1079 3 2 996 5 1225 1254 1255 1226
1080 3 2 996 5 1226 1255 101 100
1081 3 2 996 5 72 73 1256 1227
1082 3 2 996 5 1227 1256 1257 1228
1083 3 2 996 5 1228 1257 1258 1229
1084 3 2 996 5 1229 1258 1259 1230
1085 3 2 996 5 1230 1259 1260 1231
1086 3 2 996 5 1231 1260 1261 1232
1087 3 2 996 5 1232 1261 1262 1233
1088 3 2 996 5 1233 1262 1263 1234
1089 3 2 996 5 1234 1263 1264 1235
1090 3 2 996 5 1235 1264 1265 1236
1091 3 2 996 5 1236 1265 1266 1237
1092 3 2 996 5 1237 1266 1267 1238
1093 3 2 996 5 1238 1267 1268 1239
1094 3 2 996 5 1239 1268 1269 1240
1095 3 2 996 5 1240 1269 1270 1241
1096 3 2 996 5 1241 1270 1271 1242
1097 3 2 996 5 1242 1271 1272 1243
1098 3 2 996 5 1243 1272 1273 1244
1099 3 2 996 5 1244 1273 1274 1245
1100 3 2 996 5 1245 1274 1275 1246
1101 3 2 996 5 1246 1275 1276 1247
1102 3 2 996 5 1247 1276 1277 1248
1103 3 2 996 5 1248 1277 1278 1249
1104 3 2 996 5 1249 1278 1279 1250
1105 3 2 996 5 1250 1279 1280 1251
1106 3 2 996 5 1251 1280 1281 1252
1107 3 2 996 5 1252 1281 1282 1253
1108 3 2 996 5 1253 1282 1283 1254
1109 3 2 996 5 1254 1283 1284 1255
1110 3 2 996 5 1255 1284 102 101
1111 3 2 996 5 73 74 1285 1256
1112 3 2 996 5 1256 1285 1286 1257
1113 3 2 996 5 1257 1286 1287 1258
1114 3 2 996 5 1258 1287 1288 1259
1115 3 2 996 5 1259 1288 1289 1260
1116 3 2 996 5 1260 1289 1290 1261
1117 3 2 996 5 1261 1290 1291 1262
1118 3 2 996 5 1262 1291 1292 1263
1119 3 2 996 5 1263 1292 1293 1264
1120 3 2 996 5 1264 1293 1294 1265
1121 3 2 996 5 1265 1294 1295 1266
1122 3 2 996 5 1266 1295 1296 1267
1123 3 2 996 5 1267 1296 1297 1268
1124 3 2 996 5 1268 1297 1298 1269
1125 3 2 996 5 1269 1298 1299 1270
1126 3 2 996 5 1270 1299 1300 1271
1127 3 2 996 5 1271 1300 1301 1272
1128 3 2 996 5 1272 1301 1302 1273
1129 3 2 996 5 1273 1302 1303 1274
1130 3 2 996 5 1274 1303 1304 1275
1131 3 2 996 5 1275 1304 1305 1276
1132 3 2 996 5 1276 1305 1306 1277
1133 3 2 996 5 1277 1306 1307 1278
1134 3 2 996 5 1278 1307 1308 1279
1135 3 2 996 5 1279 1308 1309 1280
1136 3 2 996 5 1280 1309 1310 1281
1137 3 2 996 5 1281 1310 1311 1282
1138 3 2 996 5 1282 1311 1312 1283
1139 3 2 996 5 1283 1312 1313 1284
1140 3 2 996 5 1284 1313 103 102
1141 3 2 996 5 74 75 1314 1285
1142 3 2 996 5 1285 1314 1315 1286
1143 3 2 996 5 1286 1315 1316 1287
1144 3 2 996 5 1287 1316 1317 1288
1145 3 2 996 5 1288 1317 1318 1289
1146 3 2 996 5 1289 1318 1319 1290
1147 3 2 996 5 1290 1319 1320 1291
1148 3 2 996 5 1291 1320 1321 1292
1149 3 2 996 5 1292 1321 1322 1293
1150 3 2 996 5 1293 1322 1323 1294
1151 3 2 996 5 1294 1323 1324 1295
1152 3 2 996 5 1295 1324 1325 1296
1153 3 2 996 5 1296 1325 1326 1297
1154 3 2 996 5 1297 1326 1327 1298
1155 3 2 996 5 1298 1327 1328 1299
1156 3 2 996 5 1299 1328 1329 1300
1157 3 2 996 5 1300 1329 1330 1301
1158 3 2 996 5 1301 1330 1331 1302
1159 3 2 996 5 1302 1331 1332 1303
1160 3 2 996 5 1303 1332 1333 1304
1161 3 2 996 5 1304 1333 1334 1305
1162 3 2 996 5 1305 1334 1335 1306
1163 3 2 996 5 1306 1335 1336 1307
1164 3 2 996 5 1307 1336 1337 1308
1165 3 2 996 5 1308 1337 1338 1309
1166 3 2 996 5 1309 1338 1339 1310
1167 3 2 996 5 1310 1339 1340 1311
1168 3 2 996 5 1311 1340 1341 1312
1169 3 2 996 5 1312 1341 1342 1313
1170 3 2 996 5 1313 1342 104 103
1171 3 2 996 5 75 76 1343 1314
1172 3 2 996 5 1314 1343 1344 1315
1173 3 2 996 5 1315 1344 1345 1316
1174 3 2 996 5 1316 1345 1346 1317
1175 3 2 996 5 1317 1346 1347 1318
1176 3 2 996 5 1318 1347 1348 1319
1177 3 2 996 5 1319 1348 1349 1320
1178 3 2 996 5 1320 1349 1350 1321
1179 3 2 996 5 1321 1350 1351 1322
1180 3 2 996 5 1322 1351 1352 1323
1181 3 2 996 5 1323 1352 1353 1324
1182 3 2 996 5 1324 1353 1354 1325
1183 3 2 996 5 1325 1354 1355 1326
1184 3 2 996 5 1326 1355 1356 1327
1185 3 2 996 5 1327 1356 1357 1328
1186 3 2 996 5 1328 1357 1358 1329
1187 3 2 996 5 1329 1358 1359 1330
1188 3 2 996 5 1330 1359 1360 1331
1189 3 2 996 5 1331 1360 1361 1332
1190 3 2 996 5 1332 1361 1362 1333
1191 3 2 996 5 1333 1362 1363 1334
1192 3 2 996 5 1334 1363 1364 1335
1193 3 2 996 5 1335 1364 1365 1336
1194 3 2 996 5 1336 1365 1366 1337
1195 3 2 996 5 1337 1366 1367 1338
1196 3 2 996 5 1338 1367 1368 1339
1197 3 2 996 5 1339 1368 1369 1340
1198 3 2 996 5 1340 1369 1370 1341
1199 3 2 996 5 1341 1370 1371 1342
1200 3 2 996 5 1342 1371 105 104
1201 3 2 996 5 76 77 1372 1343
1202 3 2 996 5 1343 1372 1373 1344
1203 3 2 996 5 1344 1373 1374 1345
1204 3 2 996 5 1345 1374 1375 1346
1205 3 2 996 5 1346 1375 1376 1347
1206 3 2 996 5 1347 1376 1377 1348
1207 3 2 996 5 1348 1377 1378 1349
1208 3 2 996 5 1349 1378 1379 1350
1209 3 2 996 5 1350 1379 1380 1351
1210 3 2 996 5 1351 1380 1381 1352
1211 3 2 996 5 1352 1381 1382 1353
1212 3 2 996 5 1353 1382 1383 1354
1213 3 2 996 5 1354 1383 1384 1355
1214 3 2 996 5 1355 1384 1385 1356
1215 3 2 996 5 1356 1385 1386 1357
1216 3 2 996 5 1357 1386 1387 1358
1217 3 2 996 5 1358 1387 1388 1359
1218 3 2 996 5 1359 1388 1389 1360
1219 3 2 996 5 1360 1389 1390 1361
1220 3 2 996 5 1361 1390 1391 1362
1221 3 2 996 5 1362 1391 1392 1363
1222 3 2 996 5 1363 1392 1393 1364
1223 3 2 996 5 1364 1393 1394 1365
1224 3 2 996 5 1365 1394 1395 1366
1225 3 2 996 5 1366 1395 1396 1367
1226 3 2 996 5 1367 1396 1397 1368
1227 3 2 996 5 1368 1397 1398 1369
1228 3 2 996 5 1369 1398 1399 1370
1229 3 2 996 5 1370 1399 1400 1371
1230 3 2 996 5 1371 1400 106 105
1231 3 2 996 5 77 78 1401 1372
1232 3 2 996 5 1372 1401 1402 1373
1233 3 2 996 5 1373 1402 1403 1374
1234 3 2 996 5 1374 1403 1404 1375
1235 3 2 996 5 1375 1404 1405 1376
1236 3 2 996 5 1376 1405 1406 1377
1237 3 2 996 5 1377 1406 1407 1378
1238 3 2 996 5 1378 1407 1408 1379
1239 3 2 996 5 1379 1408 1409 1380
1240 3 2 996 5 1380 1409 1410 1381
1241 3 2 996 5 1381 1410 1411 1382
1242 3 2 996 5 1382 1411 1412 1383
1243 3 2 996 5 1383 1412 1413 1384
1244 3 2 996 5 1384 1413 1414 1385
1245 3 2 996 5 1385 1414 1415 1386
1246 3 2 996 5 1386 1415 1416 1387
1247 3 2 996 5 1387 1416 1417 1388
1248 3 2 996 5 1388 1417 1418 1389
1249 3 2 996 5 1389 1418 1419 1390
1250 3 2 996 5 1390 1419 1420 1391
1251 3 2 996 5 1391 1420 1421 1392
1252 3 2 996 5 1392 1421 1422 1393
1253 3 2 996 5 1393 1422 1423 1394
1254 3 2 996 5 1394 1423 1424 1395
1255 3 2 996 5 1395 1424 1425 1396
1256 3 2 996 5 1396 1425 1426 1397
1257 3 2 996 5 1397 1426 1427 1398
1258 3 2 996 5 1398 1427 1428 1399
1259 3 2 996 5 1399 1428 1429 1400
1260 3 2 996 5 1400 1429 107 106
1261 3 2 996 5 78 79 1430 1401
1262 3 2 996 5 1401 1430 1431 1402
1263 3 2 996 5 1402 1431 1432 1403
1264 3 2 996 5 1403 1432 1433 1404
1265 3 2 996 5 1404 1433 1434 1405
1266 3 2 996 5 1405 1434 1435 1406
1267 3 2 996 5 1406 1435 1436 1407
1268 3 2 996 5 1407 1436 1437 1408
1269 3 2 996 5 1408 1437 1438 1409
1270 3 2 996 5 1409 1438 1439 1410
1271 3 2 996 5 1410 1439 1440 1411
1272 3 2 996 5 1411 1440 1441 1412
1273 3 2 996 5 1412 1441 1442 1413
1274 3 2 996 5 1413 1442 1443 1414
1275 3 2 996 5 1414 1443 1444 1415
1276 3 2 996 5 1415 1444 1445 1416
1277 3 2 996 5 1416 1445 1446 1417
1278 3 2 996 5 1417 1446 1447 1418
1279 3 2 996 5 1418 1447 1448 1419
1280 3 2 996 5 1419 1448 1449 1420
1281 3 2 996 5 1420 1449 1450 1421
1282 3 2 996 5 1421 1450 1451 1422
1283 3 2 996 5 1422 1451 1452 1423
1284 3 2 996 5 1423 1452 1453 1424
1285 3 2 996 5 1424 1453 1454 1425
1286 3 2 996 5 1425 1454 1455 1426
1287 3 2 996 5 1426 1455 1456 1427
1288 3 2 996 5 1427 1456 1457 1428
1289 3 2 996 5 1428 1457 1458 1429
1290 3 2 996 5 1429 1458 108 107
1291 3 2 996 5 79 80 1459 1430
1292 3 2 996 5 1430 1459 1460 1431
1293 3 2 996 5 1431 1460 1461 1432
1294 3 2 996 5 1432 1461 1462 1433
1295 3 2 996 5 1433 1462 1463 1434
1296 3 2 996 5 1434 1463 1464 1435
1297 3 2 996 5 1435 1464 1465 1436
1298 3 2 996 5 1436 1465 1466 1437
1299 3 2 996 5 1437 1466 1467 1438
1300 3 2 996 5 1438 1467 1468 1439
1301 3 2 996 5 1439 1468 1469 1440
1302 3 2 996 5 1440 1469 1470 1441
1303 3 2 996 5 1441 1470 1471 1442
1304 3 2 996 5 1442 1471 1472 1443
1305 3 2 996 5 1443 1472 1473 1444
1306 3 2 996 5 1444 1473 1474 1445
1307 3 2 996 5 1445 1474 1475 1446
1308 3 2 996 5 1446 1475 1476 1447
1309 3 2 996 5 1447 1476 1477 1448
1310 3 2 996 5 1448 1477 1478 1449
1311 3 2 996 5 1449 1478 1479 1450
1312 3 2 996 5 1450 1479 1480 1451
1313 3 2 996 5 1451 1480 1481 1452
1314 3 2 996 5 1452 1481 1482 1453
1315 3 2 996 5 1453 1482 1483 1454
1316 3 2 996 5 1454 1483 1484 1455
1317 3 2 996 5 1455 1484 1485 1456
1318 3 2 996 5 1456 1485 1486 1457
1319 3 2 996 5 1457 1486 1487 1458
1320 3 2 996 5 1458 1487 109 108
1321 3 2 996 5 80 81 1488 1459
1322 3 2 996 5 1459 1488 1489 1460
1323 3 2 996 5 1460 1489 1490 1461
1324 3 2 996 5 1461 1490 1491 1462
1325 3 2 996 5 1462 1491 1492 1463
1326 3 2 996 5 1463 1492 1493 1464
1327 3 2 996 5 1464 1493 1494 1465
1328 3 2 996 5 1465 1494 1495 1466
1329 3 2 996 5 1466 1495 1496 1467
1330 3 2 996 5 1467 1496 1497 1468
1331 3 2 996 5 1468 1497 1498 1469
1332 3 2 996 5 1469 1498 1499 1470
1333 3 2 996 5 1470 1499 1500 1471
1334 3 2 996 5 1471 1500 1501 1472
1335 3 2 996 5 1472 1501 1502 1473
1336 3 2 996 5 1473 1502 1503 1474
1337 3 2 996 5 1474 1503 1504 1475
1338 3 2 996 5 1475 1504 1505 1476
1339 3 2 996 5 1476 1505 1506 1477
1340 3 2 996 5 1477 1506 1507 1478
1341 3 2 996 5 1478 1507 1508 1479
1342 3 2 996 5 1479 1508 1509 1480
1343 3 2 996 5 1480 1509 1510 1481
1344 3 2 996 5 1481 1510 1511 1482
1345 3 2 996 5 1482 1511 1512 1483
1346 3 2 996 5 1483 1512 1513 1484
1347 3 2 996 5 1484 1513 1514 1485
1348 3 2 996 5 1485 1514 1515 1486
1349 3 2 996 5 1486 1515 1516 1487
1350 3 2 996 5 1487 1516 110 109
1351 3 2 996 5 81 82 1517 1488
1352 3 2 996 5 1488 1517 1518 1489
1353 3 2 996 5 1489 1518 1519 1490
1354 3 2 996 5 1490 1519 1520 1491
1355 3 2 996 5 1491 1520 1521 1492
1356 3 2 996 5 1492 1521 1522 1493
1357 3 2 996 5 1493 1522 1523 1494
1358 3 2 996 5 1494 1523 1524 1495
1359 3 2 996 5 1495 1524 1525 1496
1360 3 2 996 5 1496 1525 1526 1497
1361 3 2 996 5 1497 1526 1527 1498
1362 3 2 996 5 1498 1527 1528 1499
1363 3 2 996 5 1499 1528 1529 1500
1364 3 2 996 5 1500 1529 1530 1501
1365 3 2 996 5 1501 1530 1531 1502
1366 3 2 996 5 1502 1531 1532 1503
1367 3 2 996 5 1503 1532 1533 1504
1368 3 2 996 5 1504 1533 1534 1505
1369 3 2 996 5 1505 1534 1535 1506
1370 3 2 996 5 1506 1535 1536 1507
1371 3 2 996 5 1507 1536 1537 1508
1372 3 2 996 5 1508 1537 1538 1509
1373 3 2 996 5 1509 1538 1539 1510
1374 3 2 996 5 1510 1539 1540 1511
1375 3 2 996 5 1511 1540 1541 1512
1376 3 2 996 5 1512 1541 1542 1513
1377 3 2 996 5 1513 1542 1543 1514
1378 3 2 996 5 1514 1543 1544 1515
1379 3 2 996 5 1515 1544 1545 1516
1380 3 2 996 5 1516 1545 111 110
1381 3 2 996 5 82 83 1546 1517
1382 3 2 996 5 1517 1546 1547 1518
1383 3 2 996 5 1518 1547 1548 1519
1384 3 2 996 5 1519 1548 1549 1520
1385 3 2 996 5 1520 1549 1550 1521
1386 3 2 996 5 1521 1550 1551 1522
1387 3 2 996 5 1522 1551 1552 1523
1388 3 2 996 5 1523 1552 1553 1524
1389 3 2 996 5 1524 1553 1554 1525
1390 3 2 996 5 1525 1554 1555 1526
1391 3 2 996 5 1526 1555 1556 1527
1392 3 2 996 5 1527 1556 1557 1528
1393 3 2 996 5 1528 1557 1558 1529
1394 3 2 996 5 1529 1558 1559 1530
1395 3 2 996 5 1530 1559 1560 1531
1396 3 2 996 5 1531 1560 1561 1532
1397 3 2 996 5 1532 1561 1562 1533
1398 3 2 996 5 1533 1562 1563 1534
1399 3 2 996 5 1534 1563 1564 1535
1400 3 2 996 5 1535 1564 1565 1536
1401 3 2 996 5 1536 1565 1566 1537
1402 3 2 996 5 1537 1566 1567 1538
1403 3 2 996 5 1538 1567 1568 1539
1404 3 2 996 5 1539 1568 1569 1540
1405 3 2 996 5 1540 1569 1570 1541
1406 3 2 996 5 1541 1570 1571 1542
1407 3 2 996 5 1542 1571 1572 1543
1408 3 2 996 5 1543 1572 1573 1544
1409 3 2 996 5 1544 1573 1574 1545
1410 3 2 996 5 1545 1574 112 111
1411 3 2 996 5 83 84 1575 1546
1412 3 2 996 5 1546 1575 1576 1547
1413 3 2 996 5 1547 1576 1577 1548
1414 3 2 996 5 1548 1577 1578 1549
1415 3 2 996 5 1549 1578 1579 1550
1416 3 2 996 5 1550 1579 1580 1551
1417 3 2 996 5 1551 1580 1581 1552
1418 3 2 996 5 1552 1581 1582 1553
1419 3 2 996 5 1553 1582 1583 1554
1420 3 2 996 5 1554 1583 1584 1555
1421 3 2 996 5 1555 1584 1585 1556
1422 3 2 996 5 1556 1585 1586 1557
1423 3 2 996 5 1557 1586 1587 1558
1424 3 2 996 5 1558 1587 1588 1559
1425 3 2 996 5 1559 1588 1589 1560
1426 3 2 996 5 1560 1589 1590 1561
1427 3 2 996 5 1561 1590 1591 1562
1428 3 2 996 5 1562 1591 1592 1563
1429 3 2 996 5 1563 1592 1593 1564
1430 3 2 996 5 1564 1593 1594 1565
1431 3 2 996 5 1565 1594 1595 1566
1432 3 2 996 5 1566 1595 1596 1567
1433 3 2 996 5 1567 1596 1597 1568
1434 3 2 996 5 1568 1597 1598 1569
1435 3 2 996 5 1569 1598 1599 1570
1436 3 2 996 5 1570 1599 1600 1571
1437 3 2 996 5 1571 1600 1601 1572
1438 3 2 996 5 1572 1601 1602 1573
1439 3 2 996 5 1573 1602 1603 1574
1440 3 2 996 5 1574 1603 113 112
1441 3 2 996 5 84 85 1604 1575
1442 3 2 996 5 1575 1604 1605 1576
1443 3 2 996 5 1576 1605 1606 1577
1444 3 2 996 5 1577 1606 1607 1578
1445 3 2 996 5 1578 1607 1608 1579
1446 3 2 996 5 1579 1608 1609 1580
1447 3 2 996 5 1580 1609 1610 1581
1448 3 2 996 5 1581 1610 1611 1582
1449 3 2 996 5 1582 1611 1612 1583
1450 3 2 996 5 1583 1612 1613 1584
1451 3 2 996 5 1584 1613 1614 1585
1452 3 2 996 5 1585 1614 1615 1586
1453 3 2 996 5 1586 1615 1616 1587
1454 3 2 996 5 1587 1616 1617 1588
1455 3 2 996 5 1588 1617 1618 1589
1456 3 2 996 5 1589 1618 1619 1590
1457 3 2 996 5 1590 1619 1620 1591
1458 3 2 996 5 1591 1620 1621 1592
1459 3 2 996 5 1592 1621 1622 1593
1460 3 2 996 5 1593 1622 1623 1594
1461 3 2 996 5 1594 1623 1624 1595
1462 3 2 996 5 1595 1624 1625 1596
1463 3 2 996 5 1596 1625 1626 1597
1464 3 2 996 5 1597 1626 1627 1598
1465 3 2 996 5 1598 1627 1628 1599
1466 3 2 996 5 1599 1628 1629 1600
1467 3 2 996 5 1600 1629 1630 1601
1468 3 2 996 5 1601 1630 1631 1602
1469 3 2 996 5 1602 1631 1632 1603
1470 3 2 996 5 1603 1632 114 113
1471 3 2 996 5 85 86 1633 1604
1472 3 2 996 5 1604 1633 1634 1605
1473 3 2 996 5 1605 1634 1635 1606
1474 3 2 996 5 1606 1635 1636 1607
1475 3 2 996 5 1607 1636 1637 1608
1476 3 2 996 5 1608 1637 1638 1609
1477 3 2 996 5 1609 1638 1639 1610
1478 3 2 996 5 1610 1639 1640 1611
1479 3 2 996 5 1611 1640 1641 1612
1480 3 2 996 5 1612 1641 1642 1613
1481 3 2 996 5 1613 1642 1643 1614
1482 3 2 996 5 1614 1643 1644 1615
1483 3 2 996 5 1615 1644 1645 1616
1484 3 2 996 5 1616 1645 1646 1617
1485 3 2 996 5 1617 1646 1647 1618
1486 3 2 996 5 1618 1647 1648 1619
1487 3 2 996 5 1619 1648 1649 1620
1488 3 2 996 5 1620 1649 1650 1621
1489 3 2 996 5 1621 1650 1651 1622
1490 3 2 996 5 1622 1651 1652 1623
1491 3 2 996 5 1623 1652 1653 1624
1492 3 2 996 5 1624 1653 1654 1625
1493 3 2 996 5 1625 1654 1655 1626
1494 3 2 996 5 1626 1655 1656 1627
1495 3 2 996 5 1627 1656 1657 1628
1496 3 2 996 5 1628 1657 1658 1629
1497 3 2 996 5 1629 1658 1659 1630
1498 3 2 996 5 1630 1659 1660 1631
1499 3 2 996 5 1631 1660 1661 1632
1500 3 2 996 5 1632 1661 115 114
1501 3 2 996 5 86 87 1662 1633
1502 3 2 996 5 1633 1662 1663 1634
1503 3 2 996 5 1634 1663 1664 1635
1504 3 2 996 5 1635 1664 1665 1636
1505 3 2 996 5 1636 1665 1666 1637
1506 3 2 996 5 1637 1666 1667 1638
1507 3 2 996 5 1638 1667 1668 1639
1508 3 2 996 5 1639 1668 1669 1640
1509 3 2 996 5 1640 1669 1670 1641
1510 3 2 996 5 1641 1670 1671 1642
1511 3 2 996 5 1642 1671 1672 1643
1512 3 2 996 5 1643 1672 1673 1644
1513 3 2 996 5 1644 1673 1674 1645
1514 3 2 996 5 1645 1674 1675 1646
1515 3 2 996 5 1646 1675 1676 1647
1516 3 2 996 5 1647 1676 1677 1648
1517 3 2 996 5 1648 1677 1678 1649
1518 3 2 996 5 1649 1678 1679 1650
1519 3 2 996 5 1650 1679 1680 1651
1520 3 2 996 5 1651 1680 1681 1652
1521 3 2 996 5 1652 1681 1682 1653
1522 3 2 996 5 1653 1682 1683 1654
1523 3 2 996 5 1654 1683 1684 1655
1524 3 2 996 5 1655 1684 1685 1656
1525 3 2 996 5 1656 1685 1686 1657
1526 3 2 996 5 1657 1686 1687 1658
1527 3 2 996 5 1658 1687 1688 1659
1528 3 2 996 5 1659 1688 1689 1660
1529 3 2 996 5 1660 1689 1690 1661
1530 3 2 996 5 1661 1690 116 115
1531 3 2 996 5 87 88 1691 1662
1532 3 2 996 5 1662 1691 1692 1663
1533 3 2 996 5 1663 1692 1693 1664
1534 3 2 996 5 1664 1693 1694 1665
1535 3 2 996 5 1665 1694 1695 1666
1536 3 2 996 5 1666 1695 1696 1667
1537 3 2 996 5 1667 1696 1697 1668
1538 3 2 996 5 1668 1697 1698 1669
1539 3 2 996 5 1669 1698 1699 1670
1540 3 2 996 5 1670 1699 1700 1671
1541 3 2 996 5 1671 1700 1701 1672
1542 3 2 996 5 1672 1701 1702 1673
1543 3 2 996 5 1673 1702 1703 1674
1544 3 2 996 5 1674 1703 1704 1675
1545 3 2 996 5 1675 1704 1705 1676
1546 3 2 996 5 1676 1705 1706 1677
1547 3 2 996 5 1677 1706 1707 1678
1548 3 2 996 5 1678 1707 1708 1679
1549 3 2 996 5 1679 1708 1709 1680
1550 3 2 996 5 1680 1709 1710 1681
1551 3 2 996 5 1681 1710 1711 1682
1552 3 2 996 5 1682 1711 1712 1683
1553 3 2 996 5 1683 1712 1713 1684
1554 3 2 996 5 1684 1713 1714 1685
1555 3 2 996 5 1685 1714 1715 1686
1556 3 2 996 5 1686 1715 1716 1687
1557 3 2 996 5 1687 1716 1717 1688
1558 3 2 996 5 1688 1717 1718 1689
1559 3 2 996 5 1689 1718 1719 1690
1560 3 2 996 5 1690 1719 117 116
1561 3 2 996 5 88 89 1720 1691
1562 3 2 996 5 1691 1720 1721 1692
1563 3 2 996 5 1692 1721 1722 1693
1564 3 2 996 5 1693 1722 1723 1694
1565 3 2 996 5 1694 1723 1724 1695
1566 3 2 996 5 1695 1724 1725 1696
1567 3 2 996 5 1696 1725 1726 1697
1568 3 2 996 5 1697 1726 1727 1698
1569 3 2 996 5 1698 1727 1728 1699
1570 3 2 996 5 1699 1728 1729 1700
1571 3 2 996 5 1700 1729 1730 1701
1572 3 2 996 5 1701 1730 1731 1702
1573 3 2 996 5 1702 1731 1732 1703
1574 3 2 996 5 1703 1732 1733 1704
1575 3 2 996 5 1704 1733 1734 1705
1576 3 2 996 5 1705 1734 1735 1706
1577 3 2 996 5 1706 1735 1736 1707
1578 3 2 996 5 1707 1736 1737 1708
1579 3 2 996 5 1708 1737 1738 1709
1580 3 2 996 5 1709 1738 1739 1710
1581 3 2 996 5 1710 1739 1740 1711
1582 3 2 996 5 1711 1740 1741 1712
1583 3 2 996 5 1712 1741 1742 1713
1584 3 2 996 5 1713 1742 1743 1714
1585 3 2 996 5 1714 1743 1744 1715
1586 3 2 996 5 1715 1744 1745 1716
1587 3 2 996 5 1716 1745 1746 1717
1588 3 2 996 5 1717 1746 1747 1718
1589 3 2 996 5 1718 1747 1748 1719
1590 3 2 996 5 1719 1748 118 117
1591 3 2 996 5 89 90 1749 1720
1592 3 2 996 5 1720 1749 1750 1721
1593 3 2 996 5 1721 1750 1751 1722
1594 3 2 996 5 1722 1751 1752 1723
1595 3 2 996 5 1723 1752 1753 1724
1596 3 2 996 5 1724 1753 1754 1725
1597 3 2 996 5 1725 1754 1755 1726
1598 3 2 996 5 1726 1755 1756 1727
1599 3 2 996 5 1727 1756 1757 1728
1600 3 2 996 5 1728 1757 1758 1729
1601 3 2 996 5 1729 1758 1759 1730
1602 3 2 996 5 1730 1759 1760 1731
1603 3 2 996 5 1731 1760 1761 1732
1604 3 2 996 5 1732 1761 1762 1733
1605 3 2 996 5 1733 1762 1763 1734
1606 3 2 996 5 1734 1763 1764 1735
1607 3 2 996 5 1735 1764 1765 1736
1608 3 2 996 5 1736 1765 1766 1737
1609 3 2 996 5 1737 1766 1767 1738
1610 3 2 996 5 1738 1767 1768 1739
1611 3 2 996 5 1739 1768 1769 1740
1612 3 2 996 5 1740 1769 1770 1741
1613 3 2 996 5 1741 1770 1771 1742
1614 3 2 996 5 1742 1771 1772 1743
1615 3 2 996 5 1743 1772 1773 1744
1616 3 2 996 5 1744 1773 1774 1745
1617 3 2 996 5 1745 1774 1775 1746
1618 3 2 996 5 1746 1775 1776 1747
1619 3 2 996 5 1747 1776 1777 1748
1620 3 2 996 5 1748 1777 119 118
1621 3 2 996 5 90 91 1778 1749
1622 3 2 996 5 1749 1778 1779 1750
1623 3 2 996 5 1750 1779 1780 1751
1624 3 2 996 5 1751 1780 1781 1752
1625 3 2 996 5 1752 1781 1782 1753
1626 3 2 996 5 1753 1782 1783 1754
1627 3 2 996 5 1754 1783 1784 1755
1628 3 2 996 5 1755 1784 1785 1756
1629 3 2 996 5 1756 1785 1786 1757
1630 3 2 996 5 1757 1786 1787 1758
1631 3 2 996 5 1758 1787 1788 1759
1632 3 2 996 5 1759 1788 1789 1760
1633 3 2 996 5 1760 1789 1790 1761
1634 3 2 996 5 1761 1790 1791 1762
1635 3 2 996 5 1762 1791 1792 1763
1636 3 2 996 5 1763 1792 1793 1764
1637 3 2 996 5 1764 1793 1794 1765
1638 3 2 996 5 1765 1794 1795 1766
1639 3 2 996 5 1766 1795 1796 1767
1640 3 2 996 5 1767 1796 1797 1768
1641 3 2 996 5 1768 1797 1798 1769
1642 3 2 996 5 1769 1798 1799 1770
1643 3 2 996 5 1770 1799 1800 1771
1644 3 2 996 5 1771 1800 1801 1772
1645 3 2 996 5 1772 1801 1802 1773
1646 3 2 996 5 1773 1802 1803 1774
1647 3 2 996 5 1774 1803 1804 1775
1648 3 2 996 5 1775 1804 1805 1776
1649 3 2 996 5 1776 1805 1806 1777
1650 3 2 996 5 1777 1806 120 119
1651 3 2 996 5 91 92 1807 1778
1652 3 2 996 5 1778 1807 1808 1779
1653 3 2 996 5 1779 1808 1809 1780
1654 3 2 996 5 1780 1809 1810 1781
1655 3 2 996 5 1781 1810 1811 1782
1656 3 2 996 5 1782 1811 1812 1783
1657 3 2 996 5 1783 1812 1813 1784
1658 3 2 996 5 1784 1813 1814 1785
1659 3 2 996 5 1785 1814 1815 1786
1660 3 2 996 5 1786 1815 1816 1787
1661 3 2 996 5 1787 1816 1817 1788
1662 3 2 996 5 1788 1817 1818 1789
1663 3 2 996 5 1789 1818 1819 1790
1664 3 2 996 5 1790 1819 1820 1791
1665 3 2 996 5 1791 1820 1821 1792
1666 3 2 996 5 1792 1821 1822 1793
1667 3 2 996 5 1793 1822 1823 1794
1668 3 2 996 5 1794 1823 1824 1795
1669 3 2 996 5 1795 1824 1825 1796
1670 3 2 996 5 1796 1825 1826 1797
1671 3 2 996 5 1797 1826 1827 1798
1672 3 2 996 5 1798 1827 1828 1799
1673 3 2 996 5 1799 1828 1829 1800
1674 3 2 996 5 1800 1829 1830 1801
1675 3 2 996 5 1801 1830 1831 1802
1676 3 2 996 5 1802 1831 1832 1803
1677 3 2 996 5 1803 1832 1833 1804
1678 3 2 996 5 1804 1833 1834 1805
1679 3 2 996 5 1805 1834 1835 1806
1680 3 2 996 5 1806 1835 121 120
1681 3 2 996 5 92 93 1836 1807
1682 3 2 996 5 1807 1836 1837 1808
1683 3 2 996 5 1808 1837 1838 1809
1684 3 2 996 5 1809 1838 1839 1810
1685 3 2 996 5 1810 1839 1840 1811
1686 3 2 996 5 1811 1840 1841 1812
1687 3 2 996 5 1812 1841 1842 1813
1688 3 2 996 5 1813 1842 1843 1814
1689 3 2 996 5 1814 1843 1844 1815
1690 3 2 996 5 1815 1844 1845 1816
1691 3 2 996 5 1816 1845 1846 1817
1692 3 2 996 5 1817 1846 1847 1818
1693 3 2 996 5 1818 1847 1848 1819
1694 3 2 996 5 1819 1848 1849 1820
1695 3 2 996 5 1820 1849 1850 1821
1696 3 2 996 5 1821 1850 1851 1822
1697 3 2 996 5 1822 1851 1852 1823
1698 3 2 996 5 1823 1852 1853 1824
1699 3 2 996 5 1824 1853 1854 1825
1700 3 2 996 5 1825 1854 1855 1826
1701 3 2 996 5 1826 1855 1856 1827
1702 3 2 996 5 1827 1856 1857 1828
1703 3 2 996 5 1828 1857 1858 1829
1704 3 2 996 5 1829 1858 1859 1830
1705 3 2 996 5 1830 1859 1860 1831
1706 3 2 996 5 1831 1860 1861 1832
1707 3 2 996 5 1832 1861 1862 1833
1708 3 2 996 5 1833 1862 1863 1834
1709 3 2 996 5 1834 1863 1864 1835
1710 3 2 996 5 1835 1864 122 121
1711 3 2 996 5 93 94 1865 1836
1712 3 2 996 5 1836 1865 1866 1837
1713 3 2 996 5 1837 1866 1867 1838
1714 3 2 996 5 1838 1867 1868 1839
1715 3 2 996 5 1839 1868 1869 1840
1716 3 2 996 5 1840 1869 1870 1841
1717 3 2 996 5 1841 1870 1871 1842
1718 3 2 996 5 1842 1871 1872 1843
1719 3 2 996 5 1843 1872 1873 1844
1720 3 2 996 5 1844 1873 1874 1845
1721 3 2 996 5 1845 1874 1875 1846
1722 3 2 996 5 1846 1875 1876 1847
1723 3 2 996 5 1847 1876 1877 1848
1724 3 2 996 5 1848 1877 1878 1849
1725 3 2 996 5 1849 1878 1879 1850
1726 3 2 996 5 1850 1879 1880 1851
1727 3 2 996 5 1851 1880 1881 1852
1728 3 2 996 5 1852 1881 1882 1853
1729 3 2 996 5 1853 1882 1883 1854
1730 3 2 996 5 1854 1883 1884 1855
1731 3 2 996 5 1855 1884 1885 1856
1732 3 2 996 5 1856 1885 1886 1857
1733 3 2 996 5 1857 1886 1887 1858
1734 3 2 996 5 1858 1887 1888 1859
1735 3 2 996 5 1859 1888 1889 1860
1736 3 2 996 5 1860 1889 1890 1861
1737 3 2 996 5 1861 1890 1891 1862
1738 3 2 996 5 1862 1891 1892 1863
1739 3 2 996 5 1863 1892 1893 1864
1740 3 2 996 5 1864 1893 123 122
1741 3 2 996 5 94 95 1894 1865
1742 3 2 996 5 1865 1894 1895 1866
1743 3 2 996 5 1866 1895 1896 1867
1744 3 2 996 5 1867 1896 1897 1868
1745 3 2 996 5 1868 1897 1898 1869
1746 3 2 996 5 1869 1898 1899 1870
1747 3 2 996 5 1870 1899 1900 1871
1748 3 2 996 5 1871 1900 1901 1872
1749 3 2 996 5 1872 1901 1902 1873
1750 3 2 996 5 1873 1902 1903 1874
1751 3 2 996 5 1874 1903 1904 1875
1752 3 2 996 5 1875 1904 1905 1876
1753 3 2 996 5 1876 1905 1906 1877
1754 3 2 996 5 1877 1906 1907 1878
1755 3 2 996 5 1878 1907 1908 1879
1756 3 2 996 5 1879 1908 1909 1880
1757 3 2 996 5 1880 1909 1910 1881
1758 3 2 996 5 1881 1910 1911 1882
1759 3 2 996 5 1882 1911 1912 1883
1760 3 2 996 5 1883 1912 1913 1884
1761 3 2 996 5 1884 1913 1914 1885
1762 3 2 996 5 1885 1914 1915 1886
1763 3 2 996 5 1886 1915 1916 1887
1764 3 2 996 5 1887 1916 1917 1888
1765 3 2 996 5 1888 1917 1918 1889
1766 3 2 996 5 1889 1918 1919 1890
1767 3 2 996 5 1890 1919 1920 1891
1768 3 2 996 5 1891 1920 1921 1892
1769 3 2 996 5 1892 1921 1922 1893
1770 3 2 996 5 1893 1922 124 123
1771 3 2 996 5 95 6 212 1894
1772 3 2 996 5 1894 212 213 1895
1773 3 2 996 5 1895 213 214 1896
1774 3 2 996 5 1896 214 215 1897
1775 3 2 996 5 1897 215 216 1898
1776 3 2 996 5 1898 216 217 1899
1777 3 2 996 5 1899 217 218 1900
1778 3 2 996 5 1900 218 219 1901
1779 3 2 996 5 1901 219 220 1902
1780 3 2 996 5 1902 220 221 1903
1781 3 2 996 5 1903 221 222 1904
1782 3 2 996 5 1904 222 223 1905
1783 3 2 996 5 1905 223 224 1906
1784 3 2 996 5 1906 224 225 1907
1785 3 2 996 5 1907 225 226 1908
1786 3 2 996 5 1908 226 227 1909
1787 3 2 996 5 1909 227 228 1910
1788 3 2 996 5 1910 228 229 1911
1789 3 2 996 5 1911 229 230 1912
1790 3 2 996 5 1912 230 231 1913
1791 3 2 996 5 1913 231 232 1914
1792 3 2 996 5 1914 232 233 1915
1793 3 2 996 5 1915 233 234 1916
1794 3 2 996 5 1916 234 235 1917
1795 3 2 996 5 1917 235 236 1918
1796 3 2 996 5 1918 236 237 1919
1797 3 2 996 5 1919 237 238 1920
1798 3 2 996 5 1920 238 239 1921
1799 3 2 996 5 1921 239 240 1922
1800 3 2 996 5 1922 240 8 124
1801 3 2 991 9 1 125 183 5
1802 3 2 991 9 125 126 184 183
1803 3 2 991 9 126 127 185 184
1804 3 2 991 9 127 128 186 185
1805 3 2 991 9 128 129 187 186
1806 3 2 991 9 129 130 188 187
1807 3 2 991 9 130 131 189 188
1808 3 2 991 9 131 132 190 189
1809 3 2 991 9 132 133 191 190
1810 3 2 991 9 133 134 192 191
1811 3 2 991 9 134 135 193 192
1812 3 2 991 9 135 136 194 193
1813 3 2 991 9 136 137 195 194
1814 3 2 991 9 137 138 196 195
1815 3 2 991 9 138 139 197 196
1816 3 2 991 9 139 140 198 197
1817 3 2 991 9 140 141 199 198
1818 3 2 991 9 141 142 200 199
1819 3 2 991 9 142 143 201 200
1820 3 2 991 9 143 144 202 201
1821 3 2 991 9 144 145 203 202
1822 3 2 991 9 145 146 204 203
1823 3 2 991 9 146 147 205 204
1824 3 2 991 9 147 148 206 205
1825 3 2 991 9 148 149 207 206
1826 3 2 991 9 149 150 208 207
1827 3 2 991 9 150 151 209 208
1828 3 2 991 9 151 152 210 209
1829 3 2 991 9 152 153 211 210
1830 3 2 991 9 153 3 7 211
1831 3 2 992 10 2 154 212 6
1832 3 2 992 10 154 155 213 212
1833 3 2 992 10 155 156 214 213
1834 3 2 992 10 156 157 215 214
1835 3 2 992 10 157 158 216 215
1836 3 2 992 10 158 159 217 216
1837 3 2 992 10 159 160 218 217
1838 3 2 992 10 160 161 219 218
1839 3 2 992 10 161 162 220 219
1840 3 2 992 10 162 163 221 220
1841 3 2 992 10 163 164 222 221
1842 3 2 992 10 164 165 223 222
1843 3 2 992 10 165 166 224 223
1844 3 2 992 10 166 167 225 224
1845 3 2 992 10 167 168 226 225
1846 3 2 992 10 168 169 227 226
1847 3 2 992 10 169 170 228 227
1848 3 2 992 10 170 171 229 228
1849 3 2 992 10 171 172 230 229
1850 3 2 992 10 172 173 231 230
1851 3 2 992 10 173 174 232 231
1852 3 2 992 10 174 175 233 232
1853 3 2 992 10 175 176 234 233
1854 3 2 992 10 176 177 235 234
1855 3 2 992 10 177 178 236 235
1856 3 2 992 10 178 179 237 236
1857 3 2 992 10 179 180 238 237
1858 3 2 992 10 180 181 239 238
1859 3 2 992 10 181 182 240 239
1860 3 2 992 10 182 4 8 240
1861 3 2 993 17 1 9 67 5
1862 3 2 993 17 9 10 68 67
1863 3 2 993 17 10 11 69 68
1864 3 2 993 17 11 12 70 69
1865 3 2 993 17 12 13 71 70
1866 3 2 993 17 13 14 72 71
1867 3 2 993 17 14 15 73 72
1868 3 2 993 17 15 16 74 73
1869 3 2 993 17 16 17 75 74
1870 3 2 993 17 17 18 76 75
1871 3 2 993 17 18 19 77 76
1872 3 2 993 17 19 20 78 77
1873 3 2 993 17 20 21 79 78
1874 3 2 993 17 21 22 80 79
1875 3 2 993 17 22 23 81 80
1876 3 2 993 17 23 24 82 81
1877 3 2 993 17 24 25 83 82
1878 3 2 993 17 25 26 84 83
1879 3 2 993 17 26 27 85 84
1880 3 2 993 17 27 28 86 85
1881 3 2 993 17 28 29 87 86
1882 3 2 993 17 29 30 88 87
1883 3 2 993 17 30 31 89 88
1884 3 2 993 17 31 32 90 89
1885 3 2 993 17 32 33 91 90
1886 3 2 993 17 33 34 92 91
1887 3 2 993 17 34 35 93 92
1888 3 2 993 17 35 36 94 93
1889 3 2 993 17 36 37 95 94
1890 3 2 993 17 37 2 6 95
1891 3 2 994 19 3 38 96 7
1892 3 2 994 19 38 39 97 96
1893 3 2 994 19 39 40 98 97
1894 3 2 994 19 40 41 99 98
1895 3 2 994 19 41 42 100 99
1896 3 2 994 19 42 43 101 100
1897 3 2 994 19 43 44 102 101
1898 3 2 994 19 44 45 103 102
1899 3 2 994 19 45 46 104 103
1900 3 2 994 19 46 47 105 104
1901 3 2 994 19 47 48 106 105
1902 3 2 994 19 48 49 107 106
1903 3 2 994 19 49 50 108 107
1904 3 2 994 19 50 51 109 108
1905 3 2 994 19 51 52 110 109
1906 3 2 994 19 52 53 111 110
1907 3 2 994 19 53 54 112 111
1908 3 2 994 19 54 55 113 112
1909 3 2 994 19 55 56 114 113
1910 3 2 994 19 56 57 115 114
1911 3 2 994 19 57 58 116 115
1912 3 2 994 19 58 59 117 116
1913 3 2 994 19 59 60 118 117
1914 3 2 994 19 60 61 119 118
1915 3 2 994 19 61 62 120 119
1916 3 2 994 19 62 63 121 120
1917 3 2 994 19 63 64 122 121
1918 3 2 994 19 64 65 123 122
1919 3 2 994 19 65 66 124 123
1920 3 2 994 19 66 4 8 124
1921 5 2 99991 0 241 9 1 125 1082 67 5 183
1922 5 2 99991 0 242 241 125 126 1083 1082 183 184
1923 5 2 99991 0 243 242 126 127 1084 1083 184 185
1924 5 2 99991 0 244 243 127 128 1085 1084 185 186
1925 5 2 99991 0 245 244 128 129 1086 1085 186 187
1926 5 2 99991 0 246 245 129 130 1087 1086 187 188
1927 5 2 99991 0 247 246 130 131 1088 1087 188 189
1928 5 2 99991 0 248 247 131 132 1089 1088 189 190
1929 5 2 99991 0 249 248 132 133 1090 1089 190 191
1930 5 2 99991 0 250 249 133 134 1091 1090 191 192
1931 5 2 99991 0 251 250 134 135 1092 1091 192 193
1932 5 2 99991 0 252 251 135 136 1093 1092 193 194
1933 5 2 99991 0 253 252 136 137 1094 1093 194 195
1934 5 2 99991 0 254 253 137 138 1095 1094 195 196
1935 5 2 99991 0 255 254 138 139 1096 1095 196 197
1936 5 2 99991 0 256 255 139 140 1097 1096 197 198
1937 5 2 99991 0 257 256 140 141 1098 1097 198 199
1938 5 2 99991 0 258 257 141 142 1099 1098 199 200
1939 5 2 99991 0 259 258 142 143 1100 1099 200 201
1940 5 2 99991 0 260 259 143 144 1101 1100 201 202
1941 5 2 99991 0 261 260 144 145 1102 1101 202 203
1942 5 2 99991 0 262 261 145 146 1103 1102 203 204
1943 5 2 99991 0 263 262 146 147 1104 1103 204 205
1944 5 2 99991 0 264 263 147 148 1105 1104 205 206
1945 5 2 99991 0 265 264 148 149 1106 1105 206 207
1946 5 2 99991 0 266 265 149 150 1107 1106 207 208
1947 5 2 99991 0 267 266 150 151 1108 1107 208 209
1948 5 2 99991 0 268 267 151 152 1109 1108 209 210
1949 5 2 99991 0 269 268 152 153 1110 1109 210 211
1950 5 2 99991 0 38 269 153 3 96 1110 211 7
1951 5 2 99991 0 270 10 9 241 1111 68 67 1082
1952 5 2 99991 0 271 270 241 242 1112 1111 1082 1083
1953 5 2 99991 0 272 271 242 243 1113 1112 1083 1084
1954 5 2 99991 0 273 272 243 244 1114 1113 1084 1085
1955 5 2 99991 0 274 273 244 245 1115 1114 1085 1086
1956 5 2 99991 0 275 274 245 246 1116 1115 1086 1087
1957 5 2 99991 0 276 275 246 247 1117 1116 1087 1088
1958 5 2 99991 0 277 276 247 248 1118 1117 1088 1089
1959 5 2 99991 0 278 277 248 249 1119 1118 1089 1090
1960 5 2 99991 0 279 278 249 250 1120 1119 1090 1091
1961 5 2 99991 0 280 279 250 251 1121 1120 1091 1092
1962 5 2 99991 0 281 280 251 252 1122 1121 1092 1093
1963 5 2 99991 0 282 281 252 253 1123 1122 1093 1094
1964 5 2 99991 0 283 282 253 254 1124 1123 1094 1095
1965 5 2 99991 0 284 283 254 255 1125 1124 1095 1096
1966 5 2 99991 0 285 284 255 256 1126 1125 1096 1097
1967 5 2 99991 0 286 285 256 257 1127 1126 1097 1098
1968 5 2 99991 0 287 286 257 258 1128 1127 1098 1099
1969 5 2 99991 0 288 287 258 259 1129 1128 1099 1100
1970 5 2 99991 0 289 288 259 260 1130 1129 1100 1101
1971 5 2 99991 0 290 289 260 261 1131 1130 1101 1102
1972 5 2 99991 0 291 290 261 262 1132 1131 1102 1103
1973 5 2 99991 0 292 291 262 263 1133 1132 1103 1104
1974 5 2 99991 0 293 292 263 264 1134 1133 1104 1105
1975 5 2 99991 0 294 293 264 265 1135 1134 1105 1106
1976 5 2 99991 0 295 294 265 266 1136 1135 1106 1107
1977 5 2 99991 0 296 295 266 267 1137 1136 1107 1108
1978 5 2 99991 0 297 296 267 268 1138 1137 1108 1109
1979 5 2 99991 0 298 297 268 269 1139 1138 1109 1110
1980 5 2 99991 0 39 298 269 38 97 1139 1110 96
1981 5 2 99991 0 299 11 10 270 1140 69 68 1111
1982 5 2 99991 0 300 299 270 271 1141 1140 1111 1112
1983 5 2 99991 0 301 300 271 272 1142 1141 1112 1113
1984 5 2 99991 0 302 301 272 273 1143 1142 1113 1114
1985 5 2 99991 0 303 302 273 274 1144 1143 1114 1115
1986 5 2 99991 0 304 303 274 275 1145 1144 1115 1116
1987 5 2 99991 0 305 304 275 276 1146 1145 1116 1117
1988 5 2 99991 0 306 305 276 277 1147 1146 1117 1118
1989 5 2 99991 0 307 306 277 278 1148 1147 1118 1119
1990 5 2 99991 0 308 307 278 279 1149 1148 1119 1120
1991 5 2 99991 0 309 308 279 280 1150 1149 1120 1121
1992 5 2 99991 0 310 309 280 281 1151 1150 1121 1122
1993 5 2 99991 0 311 310 281 282 1152 1151 1122 1123
1994 5 2 99991 0 312 311 282 283 1153 1152 1123 1124
1995 5 2 99991 0 313 312 283 284 1154 1153 1124 1125
1996 5 2 99991 0 314 313 284 285 1155 1154 1125 1126
1997 5 2 99991 0 315 314 285 286 1156 1155 1126 1127
1998 5 2 99991 0 316 315 286 287 1157 1156 1127 1128
1999 5 2 99991 0 317 316 287 288 1158 1157 1128 1129
2000 5 2 99991 0 318 317 288 289 1159 1158 1129 1130
2001 5 2 99991 0 319 318 289 290 1160 1159 1130 1131
2002 5 2 99991 0 320 319 290 291 1161 1160 1131 1132
2003 5 2 99991 0 321 320 291 292 1162 1161 1132 1133
2004 5 2 99991 0 322 321 292 293 1163 1162 1133 1134
2005 5 2 99991 0 323 322 293 294 1164 1163 1134 1135
2006 5 2 99991 0 324 323 294 295 1165 1164 1135 1136
2007 5 2 99991 0 325 324 295 296 1166 1165 1136 1137
2008 5 2 99991 0 326 325 296 297 1167 1166 1137 1138
2009 5 2 99991 0 327 326 297 298 1168 1167 1138 1139
2010 5 2 99991 0 40 327 298 39 98 1168 1139 97
2011 5 2 99991 0 328 12 11 299 1169 70 69 1140
2012 5 2 99991 0 329 328 299 300 1170 1169 1140 1141
2013 5 2 99991 0 330 329 300 301 1171 1170 1141 1142
2014 5 2 99991 0 331 330 301 302 1172 1171 1142 1143
2015 5 2 99991 0 332 331 302 303 1173 1172 1143 1144
2016 5 2 99991 0 333 332 303 304 1174 1173 1144 1145
2017 5 2 99991 0 334 333 304 305 1175 1174 1145 1146
2018 5 2 99991 0 335 334 305 306 1176 1175 1146 1147
2019 5 2 99991 0 336 335 306 307 1177 1176 1147 1148
2020 5 2 99991 0 337 336 307 308 1178 1177 1148 1149
2021 5 2 99991 0 338 337 308 309 1179 1178 1149 1150
2022 5 2 99991 0 339 338 309 310 1180 1179 1150 1151
2023 5 2 99991 0 340 339 310 311 1181 1180 1151 1152
2024 5 2 99991 0 341 340 311 312 1182 1181 1152 1153
2025 5 2 99991 0 342 341 312 313 1183 1182 1153 1154
2026 5 2 99991 0 343 342 313 314 1184 1183 1154 1155
2027 5 2 99991 0 344 343 314 315 1185 1184 1155 1156
2028 5 2 99991 0 345 344 315 316 1186 1185 1156 1157
2029 5 2 99991 0 346 345 316 317 1187 1186 1157 1158
2030 5 2 99991 0 347 346 317 318 1188 1187 1158 1159
2031 5 2 99991 0 348 347 318 319 1189 1188 1159 1160
2032 5 2 99991 0 349 348 319 320 1190 1189 1160 1161
2033 5 2 99991 0 350 349 320 321 1191 1190 1161 1162
2034 5 2 99991 0 351 350 321 322 1192 1191 1162 1163
2035 5 2 99991 0 352 351 322 323 1193 1192 1163 1164
2036 5 2 99991 0 353 352 323 324 1194 1193 1164 1165
2037 5 2 99991 0 354 353 324 325 1195 1194 1165 1166
2038 5 2 99991 0 355 354 325 326 1196 1195 1166 1167
2039 5 2 99991 0 356 355 326 327 1197 1196 1167 1168
2040 5 2 99991 0 41 356 327 40 99 1197 1168 98
2041 5 2 99991 0 357 13 12 328 1198 71 70 1169
2042 5 2 99991 0 358 357 328 329 1199 1198 1169 1170
2043 5 2 99991 0 359 358 329 330 1200 1199 1170 1171
2044 5 2 99991 0 360 359 330 331 1201 1200 1171 1172
2045 5 2 99991 0 361 360 331 332 1202 1201 1172 1173
2046 5 2 99991 0 362 361 332 333 1203 1202 1173 1174
2047 5 2 99991 0 363 362 333 334 1204 1203 1174 1175
2048 5 2 99991 0 364 363 334 335 1205 1204 1175 1176
2049 5 2 99991 0 365 364 335 336 1206 1205 1176 1177
2050 5 2 99991 0 366 365 336 337 1207 1206 1177 1178
2051 5 2 99991 0 367 366 337 338 1208 1207 1178 1179
2052 5 2 99991 0 368 367 338 339 1209 1208 1179 1180
2053 5 2 99991 0 369 368 339 340 1210 1209 1180 1181
2054 5 2 99991 0 370 369 340 341 1211 1210 1181 1182
2055 5 2 99991 0 371 370 341 342 1212 1211 1182 1183
2056 5 2 99991 0 372 371 342 343 1213 1212 1183 1184
2057 5 2 99991 0 373 372 343 344 1214 1213 1184 1185
2058 5 2 99991 0 374 373 344 345 1215 1214 1185 1186
2059 5 2 99991 0 375 374 345 346 1216 1215 1186 1187
2060 5 2 99991 0 376 375 346 347 1217 1216 1187 1188
2061 5 2 99991 0 377 376 347 348 1218 1217 1188 1189
2062 5 2 99991 0 378 377 348 349 1219 1218 1189 1190
2063 5 2 99991 0 379 378 349 350 1220 1219 1190 1191
2064 5 2 99991 0 380 379 350 351 1221 1220 1191 1192
2065 5 2 99991 0 381 380 351 352 1222 1221 1192 1193
2066 5 2 99991 0 382 381 352 353 1223 1222 1193 1194
2067 5 2 99991 0 383 382 353 354 1224 1223 1194 1195
2068 5 2 99991 0 384 383 354 355 1225 1224 1195 1196
2069 5 2 99991 0 385 384 355 356 1226 1225 1196 1197
2070 5 2 99991 0 42 385 356 41 100 1226 1197 99
2071 5 2 99991 0 386 14 13 357 1227 72 71 1198
2072 5 2 99991 0 387 386 357 358 1228 1227 1198 1199
2073 5 2 99991 0 388 387 358 359 1229 1228 1199 1200
2074 5 2 99991 0 389 388 359 360 1230 1229 1200 1201
2075 5 2 99991 0 390 389 360 361 1231 1230 1201 1202
2076 5 2 99991 0 391 390 361 362 1232 1231 1202 1203
2077 5 2 99991 0 392 391 362 363 1233 1232 1203 1204
2078 5 2 99991 0 393 392 363 364 1234 1233 1204 1205
2079 5 2 99991 0 394 393 364 365 1235 1234 1205 1206
2080 5 2 99991 0 395 394 365 366 1236 1235 1206 1207
2081 5 2 99991 0 396 395 366 367 1237 1236 1207 1208
2082 5 2 99991 0 397 396 367 368 1238 1237 1208 1209
2083 5 2 99991 0 398 397 368 369 1239 1238 1209 1210
2084 5 2 99991 0 399 398 369 370 1240 1239 1210 1211
2085 5 2 99991 0 400 399 370 371 1241 1240 1211 1212
2086 5 2 99991 0 401 400 371 372 1242 1241 1212 1213
2087 5 2 99991 0 402 401 372 373 1243 1242 1213 1214
2088 5 2 99991 0 403 402 373 374 1244 1243 1214 1215
2089 5 2 99991 0 404 403 374 375 1245 1244 1215 1216
2090 5 2 99991 0 405 404 375 376 1246 1245 1216 1217
2091 5 2 99991 0 406 405 376 377 1247 1246 1217 1218
2092 5 2 99991 0 407 406 377 378 1248 1247 1218 1219
2093 5 2 99991 0 408 407 378 379 1249 1248 1219 1220
2094 5 2 99991 0 409 408 379 380 1250 1249 1220 1221
2095 5 2 99991 0 410 409 380 381 1251 1250 1221 1222
2096 5 2 99991 0 411 410 381 382 1252 1251 1222 1223
2097 5 2 99991 0 412 411 382 383 1253 1252 1223 1224
2098 5 2 99991 0 413 412 383 384 1254 1253 1224 1225
2099 5 2 99991 0 414 413 384 385 1255 1254 1225 1226
2100 5 2 99991 0 43 414 385 42 101 1255 1226 100
2101 5 2 99991 0 415 15 14 386 1256 73 72 1227
2102 5 2 99991 0 416 415 386 387 1257 1256 1227 1228
2103 5 2 99991 0 417 416 387 388 1258 1257 1228 1229
2104 5 2 99991 0 418 417 388 389 1259 1258 1229 1230
2105 5 2 99991 0 419 418 389 390 1260 1259 1230 1231
2106 5 2 99991 0 420 419 390 391 1261 1260 1231 1232
2107 5 2 99991 0 421 420 391 392 1262 1261 1232 1233
2108 5 2 99991 0 422 421 392 393 1263 1262 1233 1234
2109 5 2 99991 0 423 422 393 394 1264 1263 1234 1235
2110 5 2 99991 0 424 423 394 395 1265 1264 1235 1236
2111 5 2 99991 0 425 424 395 396 1266 1265 1236 1237
2112 5 2 99991 0 426 425 396 397 1267 1266 1237 1238
2113 5 2 99991 0 427 426 397 398 1268 1267 1238 1239
2114 5 2 99991 0 428 427 398 399 1269 1268 1239 1240
2115 5 2 99991 0 429 428 399 400 1270 1269 1240 1241
2116 5 2 99991 0 430 429 400 401 1271 1270 1241 1242
2117 5 2 99991 0 431 430 401 402 1272 1271 1242 1243
2118 5 2 99991 0 432 431 402 403 1273 1272 1243 1244
2119 5 2 99991 0 433 432 403 404 1274 1273 1244 1245
2120 5 2 99991 0 434 433 404 405 1275 1274 1245 1246
2121 5 2 99991 0 435 434 405 406 1276 1275 1246 1247
2122 5 2 99991 0 436 435 406 407 1277 1276 1247 1248
2123 5 2 99991 0 437 436 407 408 1278 1277 1248 1249
2124 5 2 99991 0 438 437 408 409 1279 1278 1249 1250
2125 5 2 99991 0 439 438 409 410 1280 1279 1250 1251
2126 5 2 99991 0 440 439 410 411 1281 1280 1251 1252
2127 5 2 99991 0 441 440 411 412 1282 1281 1252 1253
2128 5 2 99991 0 442 441 412 413 1283 1282 1253 1254
2129 5 2 99991 0 443 442 413 414 1284 1283 1254 1255
2130 5 2 99991 0 44 443 414 43 102 1284 1255 101
2131 5 2 99991 0 444 16 15 415 1285 74 73 1256
2132 5 2 99991 0 445 444 415 416 1286 1285 1256 1257
2133 5 2 99991 0 446 445 416 417 1287 1286 1257 1258
2134 5 2 99991 0 447 446 417 418 1288 1287 1258 1259
2135 5 2 99991 0 448 447 418 419 1289 1288 1259 1260
2136 5 2 99991 0 449 448 419 420 1290 1289 1260 1261
2137 5 2 99991 0 450 449 420 421 1291 1290 1261 1262
2138 5 2 99991 0 451 450 421 422 1292 1291 1262 1263
2139 5 2 99991 0 452 451 422 423 1293 1292 1263 1264
2140 5 2 99991 0 453 452 423 424 1294 1293 1264 1265
2141 5 2 99991 0 454 453 424 425 1295 1294 1265 1266
2142 5 2 99991 0 455 454 425 426 1296 1295 1266 1267
2143 5 2 99991 0 456 455 426 427 1297 1296 1267 1268
2144 5 2 99991 0 457 456 427 428 1298 1297 1268 1269
2145 5 2 99991 0 458 457 428 429 1299 1298 1269 1270
2146 5 2 99991 0 459 458 429 430 1300 1299 1270 1271
2147 5 2 99991 0 460 459 430 431 1301 1300 1271 1272
2148 5 2 99991 0 461 460 431 432 1302 1301 1272 1273
2149 5 2 99991 0 462 461 432 433 1303 1302 1273 1274
2150 5 2 99991 0 463 462 433 434 1304 1303 1274 1275
2151 5 2 99991 0 464 463 434 435 1305 1304 1275 1276
2152 5 2 99991 0 465 464 435 436 1306 1305 1276 1277
2153 5 2 99991 0 466 465 436 437 1307 1306 1277 1278
2154 5 2 99991 0 467 466 437 438 1308 1307 1278 1279
2155 5 2 99991 0 468 467 438 439 1309 1308 1279 1280
2156 5 2 99991 0 469 468 439 440 1310 1309 1280 1281
2157 5 2 99991 0 470 469 440 441 1311 1310 1281 1282
2158 5 2 99991 0 471 470 441 442 1312 1311 1282 1283
2159 5 2 99991 0 472 471 442 443 1313 1312 1283 1284
2160 5 2 99991 0 45 472 443 44 103 1313 1284 102
2161 5 2 99991 0 473 17 16 444 1314 75 74 1285
2162 5 2 99991 0 474 473 444 445 1315 1314 1285 1286
2163 5 2 99991 0 475 474 445 446 1316 1315 1286 1287
2164 5 2 99991 0 476 475 446 447 1317 1316 1287 1288
2165 5 2 99991 0 477 476 447 448 1318 1317 1288 1289
2166 5 2 99991 0 478 477 448 449 1319 1318 1289 1290
2167 5 2 99991 0 479 478 449 450 1320 1319 1290 1291
2168 5 2 99991 0 480 479 450 451 1321 1320 1291 1292
2169 5 2 99991 0 481 480 451 452 1322 1321 1292 1293
2170 5 2 99991 0 482 481 452 453 1323 1322 1293 1294
2171 5 2 99991 0 483 482 453 454 1324 1323 1294 1295
2172 5 2 99991 0 484 483 454 455 1325 1324 1295 1296
2173 5 2 99991 0 485 484 455 456 1326 1325 1296 1297
2174 5 2 99991 0 486 485 456 457 1327 1326 1297 1298
2175 5 2 99991 0 487 486 457 458 1328 1327 1298 1299
2176 5 2 99991 0 488 487 458 459 1329 1328 1299 1300
2177 5 2 99991 0 489 488 459 460 1330 1329 1300 1301
2178 5 2 99991 0 490 489 460 461 1331 1330 1301 1302
2179 5 2 99991 0 491 490 461 462 1332 1331 1302 1303
2180 5 2 99991 0 492 491 462 463 1333 1332 1303 1304
2181 5 2 99991 0 493 492 463 464 1334 1333 1304 1305
2182 5 2 99991 0 494 493 464 465 1335 1334 1305 1306
2183 5 2 99991 0 495 494 465 466 1336 1335 1306 1307
2184 5 2 99991 0 496 495 466 467 1337 1336 1307 1308
2185 5 2 99991 0 497 496 467 468 1338 1337 1308 1309
2186 5 2 99991 0 498 497 468 469 1339 1338 1309 1310
2187 5 2 99991 0 499 498 469 470 1340 1339 1310 1311
2188 5 2 99991 0 500 499 470 471 1341 1340 1311 1312
2189 5 2 99991 0 501 500 471 472 1342 1341 1312 1313
2190 5 2 99991 0 46 501 472 45 104 1342 1313 103
2191 5 2 99991 0 502 18 17 473 1343 76 75 1314
2192 5 2 99991 0 503 502 473 474 1344 1343 1314 1315
2193 5 2 99991 0 504 503 474 475 1345 1344 1315 1316
2194 5 2 99991 0 505 504 475 476 1346 1345 1316 1317
2195 5 2 99991 0 506 505 476 477 1347 1346 1317 1318
2196 5 2 99991 0 507 506 477 478 1348 1347 1318 1319
2197 5 2 99991 0 508 507 478 479 1349 1348 1319 1320
2198 5 2 99991 0 509 508 479 480 1350 1349 1320 1321
2199 5 2 99991 0 510 509 480 481 1351 1350 1321 1322
2200 5 2 99991 0 511 510 481 482 1352 1351 1322 1323
2201 5 2 99991 0 512 511 482 483 1353 1352 1323 1324
2202 5 2 99991 0 513 512 483 484 1354 1353 1324 1325
2203 5 2 99991 0 514 513 484 485 1355 1354 1325 1326
2204 5 2 99991 0 515 514 485 486 1356 1355 1326 1327
2205 5 2 99991 0 516 515 486 487 1357 1356 1327 1328
2206 5 2 99991 0 517 516 487 488 1358 1357 1328 1329
2207 5 2 99991 0 518 517 488 489 1359 1358 1329 1330
2208 5 2 99991 0 519 518 489 490 1360 1359 1330 1331
2209 5 2 99991 0 520 519 490 491 1361 1360 1331 1332
2210 5 2 99991 0 521 520 491 492 1362 1361 1332 1333
2211 5 2 99991 0 522 521 492 493 1363 1362 1333 1334
2212 5 2 99991 0 523 522 493 494 1364 1363 1334 1335
2213 5 2 99991 0 524 523 494 495 1365 1364 1335 1336
2214 5 2 99991 0 525 524 495 496 1366 1365 1336 1337
2215 5 2 99991 0 526 525 496 497 1367 1366 1337 1338
2216 5 2 99991 0 527 526 497 498 1368 1367 1338 1339
2217 5 2 99991 0 528 527 498 499 1369 1368 1339 1340
2218 5 2 99991 0 529 528 499 500 1370 1369 1340 1341
2219 5 2 99991 0 530 529 500 501 1371 1370 1341 1342
2220 5 2 99991 0 47 530 501 46 105 1371 1342 104
2221 5 2 99991 0 531 19 18 502 1372 77 76 1343
2222 5 2 99991 0 532 531 502 503 1373 1372 1343 1344
2223 5 2 99991 0 533 532 503 504 1374 1373 1344 1345
2224 5 2 99991 0 534 533 504 505 1375 1374 1345 1346
2225 5 2 99991 0 535 534 505 506 1376 1375 1346 1347
2226 5 2 99991 0 536 535 506 507 1377 1376 1347 1348
2227 5 2 99991 0 537 536 507 508 1378 1377 1348 1349
2228 5 2 99991 0 538 537 508 509 1379 1378 1349 1350
2229 5 2 99991 0 539 538 509 510 1380 1379 1350 1351
2230 5 2 99991 0 540 539 510 511 1381 1380 1351 1352
2231 5 2 99991 0 541 540 511 512 1382 1381 1352 1353
2232 5 2 99991 0 542 541 512 513 1383 1382 1353 1354
2233 5 2 99991 0 543 542 513 514 1384 1383 1354 1355
2234 5 2 99991 0 544 543 514 515 1385 1384 1355 1356
2235 5 2 99991 0 545 544 515 516 1386 1385 1356 1357
2236 5 2 99991 0 546 545 516 517 1387 1386 1357 1358
2237 5 2 99991 0 547 546 517 518 1388 1387 1358 1359
2238 5 2 99991 0 548 547 518 519 1389 1388 1359 1360
2239 5 2 99991 0 549 548 519 520 1390 1389 1360 1361
2240 5 2 99991 0 550 549 520 521 1391 1390 1361 1362
2241 5 2 99991 0 551 550 521 522 1392 1391 1362 1363
2242 5 2 99991 0 552 551 522 523 1393 1392 1363 1364
2243 5 2 99991 0 553 552 523 524 1394 1393 1364 1365
2244 5 2 99991 0 554 553 524 525 1395 1394 1365 1366
2245 5 2 99991 0 555 554 525 526 1396 1395 1366 1367
2246 5 2 99991 0 556 555 526 527 1397 1396 1367 1368
2247 5 2 99991 0 557 556 527 528 1398 1397 1368 1369
2248 5 2 99991 0 558 557 528 529 1399 1398 1369 1370
2249 5 2 99991 0 559 558 529 530 1400 1399 1370 1371
2250 5 2 99991 0 48 559 530 47 106 1400 1371 105
2251 5 2 99991 0 560 20 19 531 1401 78 77 1372
2252 5 2 99991 0 561 560 531 532 1402 1401 1372 1373
2253 5 2 99991 0 562 561 532 533 1403 1402 1373 1374
2254 5 2 99991 0 563 562 533 534 1404 1403 1374 1375
2255 5 2 99991 0 564 563 534 535 1405 1404 1375 1376
2256 5 2 99991 0 565 564 535 536 1406 1405 1376 1377
2257 5 2 99991 0 566 565 536 537 1407 1406 1377 1378
2258 5 2 99991 0 567 566 537 538 1408 1407 1378 1379
2259 5 2 99991 0 568 567 538 539 1409 1408 1379 1380
2260 5 2 99991 0 569 568 539 540 1410 1409 1380 1381
2261 5 2 99991 0 570 569 540 541 1411 1410 1381 1382
2262 5 2 99991 0 571 570 541 542 1412 1411 1382 1383
2263 5 2 99991 0 572 571 542 543 1413 1412 1383 1384
2264 5 2 99991 0 573 572 543 544 1414 1413 1384 1385
2265 5 2 99991 0 574 573 544 545 1415 1414 1385 1386
2266 5 2 99991 0 575 574 545 546 1416 1415 1386 1387
2267 5 2 99991 0 576 575 546 547 1417 1416 1387 1388
2268 5 2 99991 0 577 576 547 548 1418 1417 1388 1389
2269 5 2 99991 0 578 577 548 549 1419 1418 1389 1390
2270 5 2 99991 0 579 578 549 550 1420 1419 1390 1391
2271 5 2 99991 0 580 579 550 551 1421 1420 1391 1392
2272 5 2 99991 0 581 580 551 552 1422 1421 1392 1393
2273 5 2 99991 0 582 581 552 553 1423 1422 1393 1394
2274 5 2 99991 0 583 582 553 554 1424 1423 1394 1395
2275 5 2 99991 0 584 583 554 555 1425 1424 1395 1396
2276 5 2 99991 0 585 584 555 556 1426 1425 1396 1397
2277 5 2 99991 0 586 585 556 557 1427 1426 1397 1398
2278 5 2 99991 0 587 586 557 558 1428 1427 1398 1399
2279 5 2 99991 0 588 587 558 559 1429 1428 1399 1400
2280 5 2 99991 0 49 588 559 48 107 1429 1400 106
2281 5 2 99991 0 589 21 20 560 1430 79 78 1401
2282 5 2 99991 0 590 589 560 561 1431 1430 1401 1402
2283 5 2 99991 0 591 590 561 562 1432 1431 1402 1403
2284 5 2 99991 0 592 591 562 563 1433 1432 1403 1404
2285 5 2 99991 0 593 592 563 564 1434 1433 1404 1405
2286 5 2 99991 0 594 593 564 565 1435 1434 1405 1406
2287 5 2 99991 0 595 594 565 566 1436 1435 1406 1407
2288 5 2 99991 0 596 595 566 567 1437 1436 1407 1408
2289 5 2 99991 0 597 596 567 568 1438 1437 1408 1409
2290 5 2 99991 0 598 597 568 569 1439 1438 1409 1410
2291 5 2 99991 0 599 598 569 570 1440 1439 1410 1411
2292 5 2 99991 0 600 599 570 571 1441 1440 1411 1412
2293 5 2 99991 0 601 600 571 572 1442 1441 1412 1413
2294 5 2 99991 0 602 601 572 573 1443 1442 1413 1414
2295 5 2 99991 0 603 602 573 574 1444 1443 1414 1415
2296 5 2 99991 0 604 603 574 575 1445 1444 1415 1416
2297 5 2 99991 0 605 604 575 576 1446 1445 1416 1417
2298 5 2 99991 0 606 605 576 577 1447 1446 1417 1418
2299 5 2 99991 0 607 606 577 578 1448 1447 1418 1419
2300 5 2 99991 0 608 607 578 579 1449 1448 1419 1420
2301 5 2 99991 0 609 608 579 580 1450 1449 1420 1421
2302 5 2 99991 0 610 609 580 581 1451 1450 1421 1422
2303 5 2 99991 0 611 610 581 582 1452 1451 1422 1423
2304 5 2 99991 0 612 611 582 583 1453 1452 1423 1424
2305 5 2 99991 0 613 612 583 584 1454 1453 1424 1425
2306 5 2 99991 0 614 613 584 585 1455 1454 1425 1426
2307 5 2 99991 0 615 614 585 586 1456 1455 1426 1427
2308 5 2 99991 0 616 615 586 587 1457 1456 1427 1428
2309 5 2 99991 0 617 616 587 588 1458 1457 1428 1429
2310 5 2 99991 0 50 617 588 49 108 1458 1429 107
2311 5 2 99991 0 618 22 21 589 1459 80 79 1430
2312 5 2 99991 0 619 618 589 590 1460 1459 1430 1431
2313 5 2 99991 0 620 619 590 591 1461 1460 1431 1432
2314 5 2 99991 0 621 620 591 592 1462 1461 1432 1433
2315 5 2 99991 0 622 621 592 593 1463 1462 1433 1434
2316 5 2 99991 0 623 622 593 594 1464 1463 1434 1435
2317 5 2 99991 0 624 623 594 595 1465 1464 1435 1436
2318 5 2 99991 0 625 624 595 596 1466 1465 1436 1437
2319 5 2 99991 0 626 625 596 597 1467 1466 1437 1438
2320 5 2 99991 0 627 626 597 598 1468 1467 1438 1439
2321 5 2 99991 0 628 627 598 599 1469 1468 1439 1440
2322 5 2 99991 0 629 628 599 600 1470 1469 1440 1441
2323 5 2 99991 0 630 629 600 601 1471 1470 1441 1442
2324 5 2 99991 0 631 630 601 602 1472 1471 1442 1443
2325 5 2 99991 0 632 631 602 603 1473 1472 1443 1444
2326 5 2 99991 0 633 632 603 604 1474 1473 1444 1445
2327 5 2 99991 0 634 633 604 605 1475 1474 1445 1446
2328 5 2 99991 0 635 634 605 606 1476 1475 1446 1447
2329 5 2 99991 0 636 635 606 607 1477 1476 1447 1448
2330 5 2 99991 0 637 636 607 608 1478 1477 1448 1449
2331 5 2 99991 0 638 637 608 609 1479 1478 1449 1450
2332 5 2 99991 0 639 638 609 610 1480 1479 1450 1451
2333 5 2 99991 0 640 639 610 611 1481 1480 1451 1452
2334 5 2 99991 0 641 640 611 612 1482 1481 1452 1453
2335 5 2 99991 0 642 641 612 613 1483 1482 1453 1454
2336 5 2 99991 0 643 642 613 614 1484 1483 1454 1455
2337 5 2 99991 0 644 643 614 615 1485 1484 1455 1456
2338 5 2 99991 0 645 644 615 616 1486 1485 1456 1457
2339 5 2 99991 0 646 645 616 617 1487 1486 1457 1458
2340 5 2 99991 0 51 646 617 50 109 1487 1458 108
2341 5 2 99991 0 647 23 22 618 1488 81 80 1459
2342 5 2 99991 0 648 647 618 619 1489 1488 1459 1460
2343 5 2 99991 0 649 648 619 620 1490 1489 1460 1461
2344 5 2 99991 0 650 649 620 621 1491 1490 1461 1462
2345 5 2 99991 0 651 650 621 622 1492 1491 1462 1463
2346 5 2 99991 0 652 651 622 623 1493 1492 1463 1464
2347 5 2 99991 0 653 652 623 624 1494 1493 1464 1465
2348 5 2 99991 0 654 653 624 625 1495 1494 1465 1466
2349 5 2 99991 0 655 654 625 626 1496 1495 1466 1467
2350 5 2 99991 0 656 655 626 627 1497 1496 1467 1468
2351 5 2 99991 0 657 656 627 628 1498 1497 1468 1469
2352 5 2 99991 0 658 657 628 629 1499 1498 1469 1470
2353 5 2 99991 0 659 658 629 630 1500 1499 1470 1471
2354 5 2 99991 0 660 659 630 631 1501 1500 1471 1472
2355 5 2 99991 0 661 660 631 632 1502 1501 1472 1473
2356 5 2 99991 0 662 661 632 633 1503 1502 1473 1474
2357 5 2 99991 0 663 662 633 634 1504 1503 1474 1475
2358 5 2 99991 0 664 663 634 635 1505 1504 1475 1476
2359 5 2 99991 0 665 664 635 636 1506 1505 1476 1477
2360 5 2 99991 0 666 665 636 637 1507 1506 1477 1478
2361 5 2 99991 0 667 666 637 638 1508 1507 1478 1479
2362 5 2 99991 0 668 667 638 639 1509 1508 1479 1480
2363 5 2 99991 0 669 668 639 640 1510 1509 1480 1481
2364 5 2 99991 0 670 669 640 641 1511 1510 1481 1482
2365 5 2 99991 0 671 670 641 642 1512 1511 1482 1483
2366 5 2 99991 0 672 671 642 643 1513 1512 1483 1484
2367 5 2 99991 0 673 672 643 644 1514 1513 1484 1485
2368 5 2 99991 0 674 673 644 645 1515 1514 1485 1486
2369 5 2 99991 0 675 674 645 646 1516 1515 1486 1487
2370 5 2 99991 0 52 675 646 51 110 1516 1487 109
2371 5 2 99991 0 676 24 23 647 1517 82 81 1488
2372 5 2 99991 0 677 676 647 648 1518 1517 1488 1489
2373 5 2 99991 0 678 677 648 649 1519 1518 1489 1490
2374 5 2 99991 0 679 678 649 650 1520 1519 1490 1491
2375 5 2 99991 0 680 679 650 651 1521 1520 1491 1492
2376 5 2 99991 0 681 680 651 652 1522 1521 1492 1493
2377 5 2 99991 0 682 681 652 653 1523 1522 1493 1494
2378 5 2 99991 0 683 682 653 654 1524 1523 1494 1495
2379 5 2 99991 0 684 683 654 655 1525 1524 1495 1496
2380 5 2 99991 0 685 684 655 656 1526 1525 1496 1497
2381 5 2 99991 0 686 685 656 657 1527 1526 1497 1498
2382 5 2 99991 0 687 686 657 658 1528 1527 1498 1499
2383 5 2 99991 0 688 687 658 659 1529 1528 1499 1500
2384 5 2 99991 0 689 688 659 660 1530 1529 1500 1501
2385 5 2 99991 0 690 689 660 661 1531 1530 1501 1502
2386 5 2 99991 0 691 690 661 662 1532 1531 1502 1503
2387 5 2 99991 0 692 691 662 663 1533 1532 1503 1504
2388 5 2 99991 0 693 692 663 664 1534 1533 1504 1505
2389 5 2 99991 0 694 693 664 665 1535 1534 1505 1506
2390 5 2 99991 0 695 694 665 666 1536 1535 1506 1507
2391 5 2 99991 0 696 695 666 667 1537 1536 1507 1508
2392 5 2 99991 0 697 696 667 668 1538 1537 1508 1509
2393 5 2 99991 0 698 697 668 669 1539 1538 1509 1510
2394 5 2 99991 0 699 698 669 670 1540 1539 1510 1511
2395 5 2 99991 0 700 699 670 671 1541 1540 1511 1512
2396 5 2 99991 0 701 700 671 672 1542 1541 1512 1513
2397 5 2 99991 0 702 701 672 673 1543 1542 1513 1514
2398 5 2 99991 0 703 702 673 674 1544 1543 1514 1515
2399 5 2 99991 0 704 703 674 675 1545 1544 1515 1516
2400 5 2 99991 0 53 704 675 52 111 1545 1516 110
2401 5 2 99991 0 705 25 24 676 1546 83 82 1517
2402 5 2 99991 0 706 705 676 677 1547 1546 1517 1518
2403 5 2 99991 0 707 706 677 678 1548 1547 1518 1519
2404 5 2 99991 0 708 707 678 679 1549 1548 1519 1520
2405 5 2 99991 0 709 708 679 680 1550 1549 1520 1521
2406 5 2 99991 0 710 709 680 681 1551 1550 1521 1522
2407 5 2 99991 0 711 710 681 682 1552 1551 1522 1523
2408 5 2 99991 0 712 711 682 683 1553 1552 1523 1524
2409 5 2 99991 0 713 712 683 684 1554 1553 1524 1525
2410 5 2 99991 0 714 713 684 685 1555 1554 1525 1526
2411 5 2 99991 0 715 714 685 686 1556 1555 1526 1527
2412 5 2 99991 0 716 715 686 687 1557 1556 1527 1528
2413 5 2 99991 0 717 716 687 688 1558 1557 1528 1529
2414 5 2 99991 0 718 717 688 689 1559 1558 1529 1530
2415 5 2 99991 0 719 718 689 690 1560 1559 1530 1531
2416 5 2 99991 0 720 719 690 691 1561 1560 1531 1532
2417 5 2 99991 0 721 720 691 692 1562 1561 1532 1533
2418 5 2 99991 0 722 721 692 693 1563 1562 1533 1534
2419 5 2 99991 0 723 722 693 694 1564 1563 1534 1535
2420 5 2 99991 0 724 723 694 695 1565 1564 1535 1536
2421 5 2 99991 0 725 724 695 696 1566 1565 1536 1537
2422 5 2 99991 0 726 725 696 697 1567 1566 1537 1538
2423 5 2 99991 0 727 726 697 698 1568 1567 1538 1539
2424 5 2 99991 0 728 727 698 699 1569 1568 1539 1540
2425 5 2 99991 0 729 728 699 700 1570 1569 1540 1541
2426 5 2 99991 0 730 729 700 701 1571 1570 1541 1542
2427 5 2 99991 0 731 730 701 702 1572 1571 1542 1543
2428 5 2 99991 0 732 731 702 703 1573 1572 1543 1544
2429 5 2 99991 0 733 732 703 704 1574 1573 1544 1545
2430 5 2 99991 0 54 733 704 53 112 1574 1545 111
2431 5 2 99991 0 734 26 25 705 1575 84 83 1546
2432 5 2 99991 0 735 734 705 706 1576 1575 1546 1547
2433 5 2 99991 0 736 735 706 707 1577 1576 1547 1548
2434 5 2 99991 0 737 736 707 708 1578 1577 1548 1549
2435 5 2 99991 0 738 737 708 709 1579 1578 1549 1550
2436 5 2 99991 0 739 738 709 710 1580 1579 1550 1551
2437 5 2 99991 0 740 739 710 711 1581 1580 1551 1552
2438 5 2 99991 0 741 740 711 712 1582 1581 1552 1553
2439 5 2 99991 0 742 741 712 713 1583 1582 1553 1554
2440 5 2 99991 0 743 742 713 714 1584 1583 1554 1555
2441 5 2 99991 0 744 743 714 715 1585 1584 1555 1556
2442 5 2 99991 0 745 744 715 716 1586 1585 1556 1557
2443 5 2 99991 0 746 745 716 717 1587 1586 1557 1558
2444 5 2 99991 0 747 746 717 718 1588 1587 1558 1559
2445 5 2 99991 0 748 747 718 719 1589 1588 1559 1560
2446 5 2 99991 0 749 748 719 720 1590 1589 1560 1561
2447 5 2 99991 0 750 749 720 721 1591 1590 1561 1562
2448 5 2 99991 0 751 750 721 722 1592 1591 1562 1563
2449 5 2 99991 0 752 751 722 723 1593 1592 1563 1564
2450 5 2 99991 0 753 752 723 724 1594 1593 1564 1565
2451 5 2 99991 0 754 753 724 725 1595 1594 1565 1566
2452 5 2 99991 0 755 754 725 726 1596 1595 1566 1567
2453 5 2 99991 0 756 755 726 727 1597 1596 1567 1568
2454 5 2 99991 0 757 756 727 728 1598 1597 1568 1569
2455 5 2 99991 0 758 757 728 729 1599 1598 1569 1570
2456 5 2 99991 0 759 758 729 730 1600 1599 1570 1571
2457 5 2 99991 0 760 759 730 731 1601 1600 1571 1572
2458 5 2 99991 0 761 760 731 732 1602 1601 1572 1573
2459 5 2 99991 0 762 761 732 733 1603 1602 1573 1574
2460 5 2 99991 0 55 762 733 54 113 1603 1574 112
2461 5 2 99991 0 763 27 26 734 1604 85 84 1575
2462 5 2 99991 0 764 763 734 735 1605 1604 1575 1576
2463 5 2 99991 0 765 764 735 736 1606 1605 1576 1577
2464 5 2 99991 0 766 765 736 737 1607 1606 1577 1578
2465 5 2 99991 0 767 766 737 738 1608 1607 1578 1579
2466 5 2 99991 0 768 767 738 739 1609 1608 1579 1580
2467 5 2 99991 0 769 768 739 740 1610 1609 1580 1581
2468 5 2 99991 0 770 769 740 741 1611 1610 1581 1582
2469 5 2 99991 0 771 770 741 742 1612 1611 1582 1583
2470 5 2 99991 0 772 771 742 743 1613 1612 1583 1584
2471 5 2 99991 0 773 772 743 744 1614 1613 1584 1585
2472 5 2 99991 0 774 773 744 745 1615 1614 1585 1586
2473 5 2 99991 0 775 774 745 746 1616 1615 1586 1587
2474 5 2 99991 0 776 775 746 747 1617 1616 1587 1588
2475 5 2 99991 0 777 776 747 748 1618 1617 1588 1589
2476 5 2 99991 0 778 777 748 749 1619 1618 1589 1590
2477 5 2 99991 0 779 778 749 750 1620 1619 1590 1591
2478 5 2 99991 0 780 779 750 751 1621 1620 1591 1592
2479 5 2 99991 0 781 780 751 752 1622 1621 1592 1593
2480 5 2 99991 0 782 781 752 753 1623 1622 1593 1594
2481 5 2 99991 0 783 782 753 754 1624 1623 1594 1595
2482 5 2 99991 0 784 783 754 755 1625 1624 1595 1596
2483 5 2 99991 0 785 784 755 756 1626 1625 1596 1597
2484 5 2 99991 0 786 785 756 757 1627 1626 1597 1598
2485 5 2 99991 0 787 786 757 758 1628 1627 1598 1599
2486 5 2 99991 0 788 787 758 759 1629 1628 1599 1600
2487 5 2 99991 0 789 788 759 760 1630 1629 1600 1601
2488 5 2 99991 0 790 789 760 761 1631 1630 1601 1602
2489 5 2 99991 0 791 790 761 762 1632 1631 1602 1603
2490 5 2 99991 0 56 791 762 55 114 1632 1603 113
2491 5 2 99991 0 792 28 27 763 1633 86 85 1604
2492 5 2 99991 0 793 792 763 764 1634 1633 1604 1605
2493 5 2 99991 0 794 793 764 765 1635 1634 1605 1606
2494 5 2 99991 0 795 794 765 766 1636 1635 1606 1607
2495 5 2 99991 0 796 795 766 767 1637 1636 1607 1608
2496 5 2 99991 0 797 796 767 768 1638 1637 1608 1609
2497 5 2 99991 0 798 797 768 769 1639 1638 1609 1610
2498 5 2 99991 0 799 798 769 770 1640 1639 1610 1611
2499 5 2 99991 0 800 799 770 771 1641 1640 1611 1612
2500 5 2 99991 0 801 800 771 772 1642 1641 1612 1613
2501 5 2 99991 0 802 801 772 773 1643 1642 1613 1614
2502 5 2 99991 0 803 802 773 774 1644 1643 1614 1615
2503 5 2 99991 0 804 803 774 775 1645 1644 1615 1616
2504 5 2 99991 0 805 804 775 776 1646 1645 1616 1617
2505 5 2 99991 0 806 805 776 777 1647 1646 1617 1618
2506 5 2 99991 0 807 806 777 778 1648 1647 1618 1619
2507 5 2 99991 0 808 807 778 779 1649 1648 1619 1620
2508 5 2 99991 0 809 808 779 780 1650 1649 1620 1621
2509 5 2 99991 0 810 809 780 781 1651 1650 1621 1622
2510 5 2 99991 0 811 810 781 782 1652 1651 1622 1623
2511 5 2 99991 0 812 811 782 783 1653 1652 1623 1624
2512 5 2 99991 0 813 812 783 784 1654 1653 1624 1625
2513 5 2 99991 0 814 813 784 785 1655 1654 1625 1626
2514 5 2 99991 0 815 814 785 786 1656 1655 1626 1627
2515 5 2 99991 0 816 815 786 787 1657 1656 1627 1628
2516 5 2 99991 0 817 816 787 788 1658 1657 1628 1629
2517 5 2 99991 0 818 817 788 789 1659 1658 1629 1630
2518 5 2 99991 0 819 818 789 790 1660 1659 1630 1631
2519 5 2 99991 0 820 819 790 791 1661 1660 1631 1632
2520 5 2 99991 0 57 820 791 56 115 1661 1632 114
2521 5 2 99991 0 821 29 28 792 1662 87 86 1633
2522 5 2 99991 0 822 821 792 793 1663 1662 1633 1634
2523 5 2 99991 0 823 822 793 794 1664 1663 1634 1635
2524 5 2 99991 0 824 823 794 795 1665 1664 1635 1636
2525 5 2 99991 0 825 824 795 796 1666 1665 1636 1637
2526 5 2 99991 0 826 825 796 797 1667 1666 1637 1638
2527 5 2 99991 0 827 826 797 798 1668 1667 1638 1639
2528 5 2 99991 0 828 827 798 799 1669 1668 1639 1640
2529 5 2 99991 0 829 828 799 800 1670 1669 1640 1641
2530 5 2 99991 0 830 829 800 801 1671 1670 1641 1642
2531 5 2 99991 0 831 830 801 802 1672 1671 1642 1643
2532 5 2 99991 0 832 831 802 803 1673 1672 1643 1644
2533 5 2 99991 0 833 832 803 804 1674 1673 1644 1645
2534 5 2 99991 0 834 833 804 805 1675 1674 1645 1646
2535 5 2 99991 0 835 834 805 806 1676 1675 1646 1647
2536 5 2 99991 0 836 835 806 807 1677 1676 1647 1648
2537 5 2 99991 0 837 836 807 808 1678 1677 1648 1649
2538 5 2 99991 0 838 837 808 809 1679 1678 1649 1650
2539 5 2 99991 0 839 838 809 810 1680 1679 1650 1651
2540 5 2 99991 0 840 839 810 811 1681 1680 1651 1652
2541 5 2 99991 0 841 840 811 812 1682 1681 1652 1653
2542 5 2 99991 0 842 841 812 813 1683 1682 1653 1654
2543 5 2 99991 0 843 842 813 814 1684 1683 1654 1655
2544 5 2 99991 0 844 843 814 815 1685 1684 1655 1656
2545 5 2 99991 0 845 844 815 816 1686 1685 1656 1657
2546 5 2 99991 0 846 845 816 817 1687 1686 1657 1658
2547 5 2 99991 0 847 846 817 818 1688 1687 1658 1659
2548 5 2 99991 0 848 847 818 819 1689 1688 1659 1660
2549 5 2 99991 0 849 848 819 820 1690 1689 1660 1661
2550 5 2 99991 0 58 849 820 57 116 1690 1661 115
2551 5 2 99991 0 850 30 29 821 1691 88 87 1662
2552 5 2 99991 0 851 850 821 822 1692 1691 1662 1663
2553 5 2 99991 0 852 851 822 823 1693 1692 1663 1664
2554 5 2 99991 0 853 852 823 824 1694 1693 1664 1665
2555 5 2 99991 0 854 853 824 825 1695 1694 1665 1666
2556 5 2 99991 0 855 854 825 826 1696 1695 1666 1667
2557 5 2 99991 0 856 855 826 827 1697 1696 1667 1668
2558 5 2 99991 0 857 856 827 828 1698 1697 1668 1669
2559 5 2 99991 0 858 857 828 829 1699 1698 1669 1670
2560 5 2 99991 0 859 858 829 830 1700 1699 1670 1671
2561 5 2 99991 0 860 859 830 831 1701 1700 1671 1672
2562 5 2 99991 0 861 860 831 832 1702 1701 1672 1673
2563 5 2 99991 0 862 861 832 833 1703 1702 1673 1674
2564 5 2 99991 0 863 862 833 834 1704 1703 1674 1675
2565 5 2 99991 0 864 863 834 835 1705 1704 1675 1676
2566 5 2 99991 0 865 864 835 836 1706 1705 1676 1677
2567 5 2 99991 0 866 865 836 837 1707 1706 1677 1678
2568 5 2 99991 0 867 866 837 838 1708 1707 1678 1679
2569 5 2 99991 0 868 867 838 839 1709 1708 1679 1680
2570 5 2 99991 0 869 868 839 840 1710 1709 1680 1681
2571 5 2 99991 0 870 869 840 841 1711 1710 1681 1682
2572 5 2 99991 0 871 870 841 842 1712 1711 1682 1683
2573 5 2 99991 0 872 871 842 843 1713 1712 1683 1684
2574 5 2 99991 0 873 872 843 844 1714 1713 1684 1685
2575 5 2 99991 0 874 873 844 845 1715 1714 1685 1686
2576 5 2 99991 0 875 874 845 846 1716 1715 1686 1687
2577 5 2 99991 0 876 875 846 847 1717 1716 1687 1688
2578 5 2 99991 0 877 876 847 848 1718 1717 1688 1689
2579 5 2 99991 0 878 877 848 849 1719 1718 1689 1690
2580 5 2 99991 0 59 878 849 58 117 1719 1690 116
2581 5 2 99991 0 879 31 30 850 1720 89 88 1691
2582 5 2 99991 0 880 879 850 851 1721 1720 1691 1692
2583 5 2 99991 0 881 880 851 852 1722 1721 1692 1693
2584 5 2 99991 0 882 881 852 853 1723 1722 1693 1694
2585 5 2 99991 0 883 882 853 854 1724 1723 1694 1695
2586 5 2 99991 0 884 883 854 855 1725 1724 1695 1696
2587 5 2 99991 0 885 884 855 856 1726 1725 1696 1697
2588 5 2 99991 0 886 885 856 857 1727 1726 1697 1698
2589 5 2 99991 0 887 886 857 858 1728 1727 1698 1699
2590 5 2 99991 0 888 887 858 859 1729 1728 1699 1700
2591 5 2 99991 0 889 888 859 860 1730 1729 1700 1701
2592 5 2 99991 0 890 889 860 861 1731 1730 1701 1702
2593 5 2 99991 0 891 890 861 862 1732 1731 1702 1703
2594 5 2 99991 0 892 891 862 863 1733 1732 1703 1704
2595 5 2 99991 0 893 892 863 864 1734 1733 1704 1705
2596 5 2 99991 0 894 893 864 865 1735 1734 1705 1706
2597 5 2 99991 0 895 894 865 866 1736 1735 1706 1707
2598 5 2 99991 0 896 895 866 867 1737 1736 1707 1708
2599 5 2 99991 0 897 896 867 868 1738 1737 1708 1709
2600 5 2 99991 0 898 897 868 869 1739 1738 1709 1710
2601 5 2 99991 0 899 898 869 870 1740 1739 1710 1711
2602 5 2 99991 0 900 899 870 871 1741 1740 1711 1712
2603 5 2 99991 0 901 900 871 872 1742 1741 1712 1713
2604 5 2 99991 0 902 901 872 873 1743 1742 1713 1714
2605 5 2 99991 0 903 902 873 874 1744 1743 1714 1715
2606 5 2 99991 0 904 903 874 875 1745 1744 1715 1716
2607 5 2 99991 0 905 904 875 876 1746 1745 1716 1717
2608 5 2 99991 0 906 905 876 877 1747 1746 1717 1718
2609 5 2 99991 0 907 906 877 878 1748 1747 1718 1719
2610 5 2 99991 0 60 907 878 59 118 1748 1719 117
2611 5 2 99991 0 908 32 31 879 1749 90 89 1720
2612 5 2 99991 0 909 908 879 880 1750 1749 1720 1721
2613 5 2 99991 0 910 909 880 881 1751 1750 1721 1722
2614 5 2 99991 0 911 910 881 882 1752 1751 1722 1723
2615 5 2 99991 0 912 911 882 883 1753 1752 1723 1724
2616 5 2 99991 0 913 912 883 884 1754 1753 1724 1725
2617 5 2 99991 0 914 913 884 885 1755 1754 1725 1726
2618 5 2 99991 0 915 914 885 886 1756 1755 1726 1727
2619 5 2 99991 0 916 915 886 887 1757 1756 1727 1728
2620 5 2 99991 0 917 916 887 888 1758 1757 1728 1729
2621 5 2 99991 0 918 917 888 889 1759 1758 1729 1730
2622 5 2 99991 0 919 918 889 890 1760 1759 1730 1731
2623 5 2 99991 0 920 919 890 891 1761 1760 1731 1732
2624 5 2 99991 0 921 920 891 892 1762 1761 1732 1733
2625 5 2 99991 0 922 921 892 893 1763 1762 1733 1734
2626 5 2 99991 0 923 922 893 894 1764 1763 1734 1735
2627 5 2 99991 0 924 923 894 895 1765 1764 1735 1736
2628 5 2 99991 0 925 924 895 896 1766 1765 1736 1737
2629 5 2 99991 0 926 925 896 897 1767 1766 1737 1738
2630 5 2 99991 0 927 926 897 898 1768 1767 1738 1739
2631 5 2 99991 0 928 927 898 899 1769 1768 1739 1740
2632 5 2 99991 0 929 928 899 900 1770 1769 1740 1741
2633 5 2 99991 0 930 929 900 901 1771 1770 1741 1742
2634 5 2 99991 0 931 930 901 902 1772 1771 1742 1743
2635 5 2 99991 0 932 931 902 903 1773 1772 1743 1744
2636 5 2 99991 0 933 932 903 904 1774 1773 1744 1745
2637 5 2 99991 0 934 933 904 905 1775 1774 1745 1746
2638 5 2 99991 0 935 934 905 906 1776 1775 1746 1747
2639 5 2 99991 0 936 935 906 907 1777 1776 1747 1748
2640 5 2 99991 0 61 936 907 60 119 1777 1748 118
2641 5 2 99991 0 937 33 32 908 1778 91 90 1749
2642 5 2 99991 0 938 937 908 909 1779 1778 1749 1750
2643 5 2 99991 0 939 938 909 910 1780 1779 1750 1751
2644 5 2 99991 0 940 939 910 911 1781 1780 1751 1752
2645 5 2 99991 0 941 940 911 912 1782 1781 1752 1753
2646 5 2 99991 0 942 941 912 913 1783 1782 1753 1754
2647 5 2 99991 0 943 942 913 914 1784 1783 1754 1755
2648 5 2 99991 0 944 943 914 915 1785 1784 1755 1756
2649 5 2 99991 0 945 944 915 916 1786 1785 1756 1757
2650 5 2 99991 0 946 945 916 917 1787 1786 1757 1758
2651 5 2 99991 0 947 946 917 918 1788 1787 1758 1759
2652 5 2 99991 0 948 947 918 919 1789 1788 1759 1760
2653 5 2 99991 0 949 948 919 920 1790 1789 1760 1761
2654 5 2 99991 0 950 949 920 921 1791 1790 1761 1762
2655 5 2 99991 0 951 950 921 922 1792 1791 1762 1763
2656 5 2 99991 0 952 951 922 923 1793 1792 1763 1764
2657 5 2 99991 0 953 952 923 924 1794 1793 1764 1765
2658 5 2 99991 0 954 953 924 925 1795 1794 1765 1766
2659 5 2 99991 0 955 954 925 926 1796 1795 1766 1767
2660 5 2 99991 0 956 955 926 927 1797 1796 1767 1768
2661 5 2 99991 0 957 956 927 928 1798 1797 1768 1769
2662 5 2 99991 0 958 957 928 929 1799 1798 1769 1770
2663 5 2 99991 0 959 958 929 930 1800 1799 1770 1771
2664 5 2 99991 0 960 959 930 931 1801 1800 1771 1772
2665 5 2 99991 0 961 960 931 932 1802 1801 1772 1773
2666 5 2 99991 0 962 961 932 933 1803 1802 1773 1774
2667 5 2 99991 0 963 962 933 934 1804 1803 1774 1775
2668 5 2 99991 0 964 963 934 935 1805 1804 1775 1776
2669 5 2 99991 0 965 964 935 936 1806 1805 1776 1777
2670 5 2 99991 0 62 965 936 61 120 1806 1777 119
2671 5 2 99991 0 966 34 33 937 1807 92 91 1778
2672 5 2 99991 0 967 966 937 938 1808 1807 1778 1779
2673 5 2 99991 0 968 967 938 939 1809 1808 1779 1780
2674 5 2 99991 0 969 968 939 940 1810 1809 1780 1781
2675 5 2 99991 0 970 969 940 941 1811 1810 1781 1782
2676 5 2 99991 0 971 970 941 942 1812 1811 1782 1783
2677 5 2 99991 0 972 971 942 943 1813 1812 1783 1784
2678 5 2 99991 0 973 972 943 944 1814 1813 1784 1785
2679 5 2 99991 0 974 973 944 945 1815 1814 1785 1786
2680 5 2 99991 0 975 974 945 946 1816 1815 1786 1787
2681 5 2 99991 0 976 975 946 947 1817 1816 1787 1788
2682 5 2 99991 0 977 976 947 948 1818 1817 1788 1789
2683 5 2 99991 0 978 977 948 949 1819 1818 1789 1790
2684 5 2 99991 0 979 978 949 950 1820 1819 1790 1791
2685 5 2 99991 0 980 979 950 951 1821 1820 1791 1792
2686 5 2 99991 0 981 980 951 952 1822 1821 1792 1793
2687 5 2 99991 0 982 981 952 953 1823 1822 1793 1794
2688 5 2 99991 0 983 982 953 954 1824 1823 1794 1795
2689 5 2 99991 0 984 983 954 955 1825 1824 1795 1796
2690 5 2 99991 0 985 984 955 956 1826 1825 1796 1797
2691 5 2 99991 0 986 985 956 957 1827 1826 1797 1798
2692 5 2 99991 0 987 986 957 958 1828 1827 1798 1799
2693 5 2 99991 0 988 987 958 959 1829 1828 1799 1800
2694 5 2 99991 0 989 988 959 960 1830 1829 1800 1801
2695 5 2 99991 0 990 989 960 961 1831 1830 1801 1802
2696 5 2 99991 0 991 990 961 962 1832 1831 1802 1803
2697 5 2 99991 0 992 991 962 963 1833 1832 1803 1804
2698 5 2 99991 0 993 992 963 964 1834 1833 1804 1805
2699 5 2 99991 0 994 993 964 965 1835 1834 1805 1806
2700 5 2 99991 0 63 994 965 62 121 1835 1806 120
2701 5 2 99991 0 995 35 34 966 1836 93 92 1807
2702 5 2 99991 0 996 995 966 967 1837 1836 1807 1808
2703 5 2 99991 0 997 996 967 968 1838 1837 1808 1809
2704 5 2 99991 0 998 997 968 969 1839 1838 1809 1810
2705 5 2 99991 0 999 998 969 970 1840 1839 1810 1811
2706 5 2 99991 0 1000 999 970 971 1841 1840 1811 1812
2707 5 2 99991 0 1001 1000 971 972 1842 1841 1812 1813
2708 5 2 99991 0 1002 1001 972 973 1843 1842 1813 1814
2709 5 2 99991 0 1003 1002 973 974 1844 1843 1814 1815
2710 5 2 99991 0 1004 1003 974 975 1845 1844 1815 1816
2711 5 2 99991 0 1005 1004 975 976 1846 1845 1816 1817
2712 5 2 99991 0 1006 1005 976 977 1847 1846 1817 1818
2713 5 2 99991 0 1007 1006 977 978 1848 1847 1818 1819
2714 5 2 99991 0 1008 1007 978 979 1849 1848 1819 1820
2715 5 2 99991 0 1009 1008 979 980 1850 1849 1820 1821
2716 5 2 99991 0 1010 1009 980 981 1851 1850 1821 1822
2717 5 2 99991 0 1011 1010 981 982 1852 1851 1822 1823
2718 5 2 99991 0 1012 1011 982 983 1853 1852 1823 1824
2719 5 2 99991 0 1013 1012 983 984 1854 1853 1824 1825
2720 5 2 99991 0 1014 1013 984 985 1855 1854 1825 1826
2721 5 2 99991 0 1015 1014 985 986 1856 1855 1826 1827
2722 5 2 99991 0 1016 1015 986 987 1857 1856 1827 1828
2723 5 2 99991 0 1017 1016 987 988 1858 1857 1828 1829
2724 5 2 99991 0 1018 1017 988 989 1859 1858 1829 1830
2725 5 2 99991 0 1019 1018 989 990 1860 1859 1830 1831
2726 5 2 99991 0 1020 1019 990 991 1861 1860 1831 1832
2727 5 2 99991 0 1021 1020 991 992 1862 1861 1832 1833
2728 5 2 99991 0 1022 1021 992 993 1863 1862 1833 1834
2729 5 2 99991 0 1023 1022 993 994 1864 1863 1834 1835
2730 5 2 99991 0 64 1023 994 63 122 1864 1835 121
2731 5 2 99991 0 1024 36 35 995 1865 94 93 1836
2732 5 2 99991 0 1025 1024 995 996 1866 1865 1836 1837
2733 5 2 99991 0 1026 1025 996 997 1867 1866 1837 1838
2734 5 2 99991 0 1027 1026 997 998 1868 1867 1838 1839
2735 5 2 99991 0 1028 1027 998 999 1869 1868 1839 1840
2736 5 2 99991 0 1029 1028 999 1000 1870 1869 1840 1841
2737 5 2 99991 0 1030 1029 1000 1001 1871 1870 1841 1842
2738 5 2 99991 0 1031 1030 1001 1002 1872 1871 1842 1843
2739 5 2 99991 0 1032 1031 1002 1003 1873 1872 1843 1844
2740 5 2 99991 0 1033 1032 1003 1004 1874 1873 1844 1845
2741 5 2 99991 0 1034 1033 1004 1005 1875 1874 1845 1846
2742 5 2 99991 0 1035 1034 1005 1006 1876 1875 1846 1847
2743 5 2 99991 0 1036 1035 1006 1007 1877 1876 1847 1848
2744 5 2 99991 0 1037 1036 1007 1008 1878 1877 1848 1849
2745 5 2 99991 0 1038 1037 1008 1009 1879 1878 1849 1850
2746 5 2 99991 0 1039 1038 1009 1010 1880 1879 1850 1851
2747 5 2 99991 0 1040 1039 1010 1011 1881 1880 1851 1852
2748 5 2 99991 0 1041 1040 1011 1012 1882 1881 1852 1853
2749 5 2 99991 0 1042 1041 1012 1013 1883 1882 1853 1854
2750 5 2 99991 0 1043 1042 1013 1014 1884 1883 1854 1855
2751 5 2 99991 0 1044 1043 1014 1015 1885 1884 1855 1856
2752 5 2 99991 0 1045 1044 1015 1016 1886 1885 1856 1857
2753 5 2 99991 0 1046 1045 1016 1017 1887 1886 1857 1858
2754 5 2 99991 0 1047 1046 1017 1018 1888 1887 1858 1859
2755 5 2 99991 0 1048 1047 1018 1019 1889 1888 1859 1860
2756 5 2 99991 0 1049 1048 1019 1020 1890 1889 1860 1861
2757 5 2 99991 0 1050 1049 1020 1021 1891 1890 1861 1862
2758 5 2 99991 0 1051 1050 1021 1022 1892 1891 1862 1863
2759 5 2 99991 0 1052 1051 1022 1023 1893 1892 1863 1864
2760 5 2 99991 0 65 1052 1023 64 123 1893 1864 122
2761 5 2 99991 0 1053 37 36 1024 1894 95 94 1865
2762 5 2 99991 0 1054 1053 1024 1025 1895 1894 1865 1866
2763 5 2 99991 0 1055 1054 1025 1026 1896 1895 1866 1867
2764 5 2 99991 0 1056 1055 1026 1027 1897 1896 1867 1868
2765 5 2 99991 0 1057 1056 1027 1028 1898 1897 1868 1869
2766 5 2 99991 0 1058 1057 1028 1029 1899 1898 1869 1870
2767 5 2 99991 0 1059 1058 1029 1030 1900 1899 1870 1871
2768 5 2 99991 0 1060 1059 1030 1031 1901 1900 1871 1872
2769 5 2 99991 0 1061 1060 1031 1032 1902 1901 1872 1873
2770 5 2 99991 0 1062 1061 1032 1033 1903 1902 1873 1874
2771 5 2 99991 0 1063 1062 1033 1034 1904 1903 1874 1875
2772 5 2 99991 0 1064 1063 1034 1035 1905 1904 1875 1876
2773 5 2 99991 0 1065 1064 1035 1036 1906 1905 1876 1877
2774 5 2 99991 0 1066 1065 1036 1037 1907 1906 1877 1878
2775 5 2 99991 0 1067 1066 1037 1038 1908 1907 1878 1879
2776 5 2 99991 0 1068 1067 1038 1039 1909 1908 1879 1880
2777 5 2 99991 0 1069 1068 1039 1040 1910 1909 1880 1881
2778 5 2 99991 0 1070 1069 1040 1041 1911 1910 1881 1882
2779 5 2 99991 0 1071 1070 1041 1042 1912 1911 1882 1883
2780 5 2 99991 0 1072 1071 1042 1043 1913 1912 1883 1884
2781 5 2 99991 0 1073 1072 1043 1044 1914 1913 1884 1885
2782 5 2 99991 0 1074 1073 1044 1045 1915 1914 1885 1886
2783 5 2 99991 0 1075 1074 1045 1046 1916 1915 1886 1887
2784 5 2 99991 0 1076 1075 1046 1047 1917 1916 1887 1888
2785 5 2 99991 0 1077 1076 1047 1048 1918 1917 1888 1889
2786 5 2 99991 0 1078 1077 1048 1049 1919 1918 1889 1890
2787 5 2 99991 0 1079 1078 1049 1050 1920 1919 1890 1891
2788 5 2 99991 0 1080 1079 1050 1051 1921 1920 1891 1892
2789 5 2 99991 0 1081 1080 1051 1052 1922 1921 1892 1893
2790 5 2 99991 0 66 1081 1052 65 124 1922 1893 123
2791 5 2 99991 0 154 2 37 1053 212 6 95 1894
2792 5 2 99991 0 155 154 1053 1054 213 212 1894 1895
2793 5 2 99991 0 156 155 1054 1055 214 213 1895 1896
2794 5 2 99991 0 157 156 1055 1056 215 214 1896 1897
2795 5 2 99991 0 158 157 1056 1057 216 215 1897 1898
2796 5 2 99991 0 159 158 1057 1058 217 216 1898 1899
2797 5 2 99991 0 160 159 1058 1059 218 217 1899 1900
2798 5 2 99991 0 161 160 1059 1060 219 218 1900 1901
2799 5 2 99991 0 162 161 1060 1061 220 219 1901 1902
2800 5 2 99991 0 163 162 1061 1062 221 220 1902 1903
2801 5 2 99991 0 164 163 1062 1063 222 221 1903 1904
2802 5 2 99991 0 165 164 1063 1064 223 222 1904 1905
2803 5 2 99991 0 166 165 1064 1065 224 223 1905 1906
2804 5 2 99991 0 167 166 1065 1066 225 224 1906 1907
2805 5 2 99991 0 168 167 1066 1067 226 225 1907 1908
2806 5 2 99991 0 169 168 1067 1068 227 226 1908 1909
2807 5 2 99991 0 170 169 1068 1069 228 227 1909 1910
2808 5 2 99991 0 171 170 1069 1070 229 228 1910 1911
2809 5 2 99991 0 172 171 1070 1071 230 229 1911 1912
2810 5 2 99991 0 173 172 1071 1072 231 230 1912 1913
2811 5 2 99991 0 174 173 1072 1073 232 231 1913 1914
2812 5 2 99991 0 175 174 1073 1074 233 232 1914 1915
2813 5 2 99991 0 176 175 1074 1075 234 233 1915 1916
2814 5 2 99991 0 177 176 1075 1076 235 234 1916 1917
2815 5 2 99991 0 178 177 1076 1077 236 235 1917 1918
2816 5 2 99991 0 179 178 1077 1078 237 236 1918 1919
2817 5 2 99991 0 180 179 1078 1079 238 237 1919 1920
2818 5 2 99991 0 181 180 1079 1080 239 238 1920 1921
2819 5 2 99991 0 182 181 1080 1081 240 239 1921 1922
2820 5 2 99991 0 4 182 1081 66 8 240 1922 124
$EndElements
