$MeshFormat
2.2 0 8
$EndMeshFormat
$PhysicalNames
7
2 991 "boundary_xm"
2 992 "boundary_xp"
2 993 "boundary_ym"
2 994 "boundary_yp"
2 995 "boundary_zm"
2 996 "boundary_zp"
3 99991 "matrix"
$EndPhysicalNames
$Nodes
1728
1 0 0 0
2 2000 0 0
3 2000 2000 0
4 0 2000 0
5 0 2000 2000
6 0 0 2000
7 2000 0 2000
8 2000 2000 2000
9 181.8181818181058 0 0
10 363.6363636360429 0 0
11 545.4545454538819 0 0
12 727.272727272131 0 0
13 909.0909090903799 0 0
14 1090.909090908761 0 0
15 1272.727272727009 0 0
16 1454.545454545257 0 0
17 1636.363636363504 0 0
18 1818.181818181752 0 0
19 2000 1818.18181818183 0
20 2000 1636.36363636366 0
21 2000 1454.545454545491 0
22 2000 1272.727272727321 0
23 2000 1090.909090909151 0
24 2000 909.0909090908483 0
25 2000 727.2727272726786 0
26 2000 545.4545454545089 0
27 2000 363.6363636363396 0
28 2000 181.8181818181699 0
29 1818.18181818183 2000 0
30 1636.36363636366 2000 0
31 1454.545454545491 2000 0
32 1272.727272727321 2000 0
33 1090.909090909151 2000 0
34 909.0909090908483 2000 0
35 727.2727272726786 2000 0
36 545.4545454545089 2000 0
37 363.6363636363396 2000 0
38 181.8181818181699 2000 0
39 0 1818.18181818183 0
40 0 1636.36363636366 0
41 0 1454.545454545491 0
42 0 1272.727272727321 0
43 0 1090.909090909151 0
44 0 909.0909090908483 0
45 0 727.2727272726786 0
46 0 545.4545454545089 0
47 0 363.6363636363396 0
48 0 181.8181818181699 0
49 0 1818.18181818183 2000
50 0 1636.36363636366 2000
51 0 1454.545454545491 2000
52 0 1272.727272727321 2000
53 0 1090.909090909151 2000
54 0 909.0909090908483 2000
55 0 727.2727272726786 2000
56 0 545.4545454545089 2000
57 0 363.6363636363396 2000
58 0 181.8181818181699 2000
59 181.8181818181058 0 2000
60 363.6363636360429 0 2000
61 545.4545454538819 0 2000
62 727.272727272131 0 2000
63 909.0909090903799 0 2000
64 1090.909090908761 0 2000
65 1272.727272727009 0 2000
66 1454.545454545257 0 2000
67 1636.363636363504 0 2000
68 1818.181818181752 0 2000
69 2000 181.8181818181699 2000
70 2000 363.6363636363396 2000
71 2000 545.4545454545089 2000
72 2000 727.2727272726786 2000
73 2000 909.0909090908483 2000
74 2000 1090.909090909151 2000
75 2000 1272.727272727321 2000
76 2000 1454.545454545491 2000
77 2000 1636.36363636366 2000
78 2000 1818.18181818183 2000
79 1818.18181818183 2000 2000
80 1636.36363636366 2000 2000
81 1454.545454545491 2000 2000
82 1272.727272727321 2000 2000
83 1090.909090909151 2000 2000
84 909.0909090908483 2000 2000
85 727.2727272726786 2000 2000
86 545.4545454545089 2000 2000
87 363.6363636363396 2000 2000
88 181.8181818181699 2000 2000
89 0 2000 181.8181818181818
90 0 2000 363.6363636363636
91 0 2000 545.4545454545454
92 0 2000 727.2727272727273
93 0 2000 909.090909090909
94 0 2000 1090.909090909091
95 0 2000 1272.727272727273
96 0 2000 1454.545454545455
97 0 2000 1636.363636363636
98 0 2000 1818.181818181818
99 0 0 181.8181818181818
100 0 0 363.6363636363636
101 0 0 545.4545454545454
102 0 0 727.2727272727273
103 0 0 909.090909090909
104 0 0 1090.909090909091
105 0 0 1272.727272727273
106 0 0 1454.545454545455
107 0 0 1636.363636363636
108 0 0 1818.181818181818
109 2000 0 181.8181818181818
110 2000 0 363.6363636363636
111 2000 0 545.4545454545454
112 2000 0 727.2727272727273
113 2000 0 909.090909090909
114 2000 0 1090.909090909091
115 2000 0 1272.727272727273
116 2000 0 1454.545454545455
117 2000 0 1636.363636363636
118 2000 0 1818.181818181818
119 2000 2000 181.8181818181818
120 2000 2000 363.6363636363636
121 2000 2000 545.4545454545454
122 2000 2000 727.2727272727273
123 2000 2000 909.090909090909
124 2000 2000 1090.909090909091
125 2000 2000 1272.727272727273
126 2000 2000 1454.545454545455
127 2000 2000 1636.363636363636
128 2000 2000 1818.181818181818
129 181.8181818181116 181.8181818181699 0
130 181.8181818181175 363.6363636363396 0
131 181.8181818181233 545.4545454545089 0
132 181.8181818181291 727.2727272726786 0
133 181.818181818135 909.0909090908483 0
134 181.8181818181408 1090.909090909151 0
135 181.8181818181466 1272.727272727321 0
136 181.8181818181525 1454.54545454549 0
137 181.8181818181583 1636.36363636366 0
138 181.8181818181641 1818.18181818183 0
139 363.6363636360699 181.8181818181699 0
140 363.6363636360969 363.6363636363396 0
141 363.6363636361239 545.4545454545089 0
142 363.6363636361508 727.2727272726786 0
143 363.6363636361777 909.0909090908483 0
144 363.6363636362047 1090.909090909151 0
145 363.6363636362317 1272.727272727321 0
146 363.6363636362588 1454.545454545491 0
147 363.6363636362856 1636.36363636366 0
148 363.6363636363127 1818.18181818183 0
149 545.4545454539389 181.8181818181699 0
150 545.4545454539957 363.6363636363396 0
151 545.4545454540528 545.4545454545089 0
152 545.4545454541098 727.2727272726787 0
153 545.4545454541669 909.0909090908483 0
154 545.454545454224 1090.909090909151 0
155 545.4545454542808 1272.727272727321 0
156 545.4545454543379 1454.54545454549 0
157 545.454545454395 1636.36363636366 0
158 545.4545454544518 1818.18181818183 0
159 727.2727272721806 181.8181818181699 0
160 727.2727272722306 363.6363636363396 0
161 727.2727272722803 545.4545454545089 0
162 727.2727272723299 727.2727272726786 0
163 727.2727272723798 909.0909090908482 0
164 727.2727272724296 1090.909090909151 0
165 727.2727272724794 1272.727272727321 0
166 727.2727272725291 1454.545454545491 0
167 727.272727272579 1636.363636363661 0
168 727.2727272726288 1818.18181818183 0
169 909.0909090904227 181.8181818181699 0
170 909.0909090904649 363.6363636363396 0
171 909.0909090905077 545.4545454545089 0
172 909.0909090905503 727.2727272726786 0
173 909.0909090905927 909.0909090908483 0
174 909.0909090906353 1090.909090909151 0
175 909.090909090678 1272.727272727321 0
176 909.0909090907205 1454.545454545491 0
177 909.090909090763 1636.36363636366 0
178 909.0909090908058 1818.18181818183 0
179 1090.909090908797 181.8181818181699 0
180 1090.909090908832 363.6363636363396 0
181 1090.909090908868 545.4545454545089 0
182 1090.909090908903 727.2727272726786 0
183 1090.909090908939 909.0909090908483 0
184 1090.909090908974 1090.909090909151 0
185 1090.909090909009 1272.727272727321 0
186 1090.909090909045 1454.545454545491 0
187 1090.909090909081 1636.36363636366 0
188 1090.909090909116 1818.18181818183 0
189 1272.727272727038 181.8181818181699 0
190 1272.727272727066 363.6363636363396 0
191 1272.727272727094 545.4545454545089 0
192 1272.727272727122 727.2727272726786 0
193 1272.727272727151 909.0909090908483 0
194 1272.727272727179 1090.909090909151 0
195 1272.727272727207 1272.727272727321 0
196 1272.727272727236 1454.545454545491 0
197 1272.727272727264 1636.36363636366 0
198 1272.727272727293 1818.18181818183 0
199 1454.545454545278 181.8181818181699 0
200 1454.545454545299 363.6363636363396 0
201 1454.545454545321 545.4545454545089 0
202 1454.545454545342 727.2727272726787 0
203 1454.545454545363 909.0909090908483 0
204 1454.545454545384 1090.909090909151 0
205 1454.545454545406 1272.727272727321 0
206 1454.545454545427 1454.545454545491 0
207 1454.545454545448 1636.36363636366 0
208 1454.545454545469 1818.18181818183 0
209 1636.363636363519 181.8181818181699 0
210 1636.363636363533 363.6363636363396 0
211 1636.363636363547 545.4545454545089 0
212 1636.363636363561 727.2727272726786 0
213 1636.363636363576 909.0909090908483 0
214 1636.36363636359 1090.909090909151 0
215 1636.363636363603 1272.727272727321 0
216 1636.363636363618 1454.545454545491 0
217 1636.363636363632 1636.36363636366 0
218 1636.363636363646 1818.18181818183 0
219 1818.181818181759 181.8181818181699 0
220 1818.181818181766 363.6363636363396 0
221 1818.181818181773 545.4545454545089 0
222 1818.18181818178 727.2727272726786 0
223 1818.181818181788 909.0909090908483 0
224 1818.181818181795 1090.909090909151 0
225 1818.181818181802 1272.727272727321 0
226 1818.181818181809 1454.545454545491 0
227 1818.181818181816 1636.36363636366 0
228 1818.181818181823 1818.18181818183 0
229 0 1818.18181818183 181.8181818181818
230 0 1818.18181818183 363.6363636363636
231 0 1818.18181818183 545.4545454545454
232 0 1818.18181818183 727.2727272727273
233 0 1818.18181818183 909.090909090909
234 0 1818.18181818183 1090.909090909091
235 0 1818.18181818183 1272.727272727273
236 0 1818.18181818183 1454.545454545455
237 0 1818.18181818183 1636.363636363636
238 0 1818.18181818183 1818.181818181818
239 0 1636.36363636366 181.8181818181818
240 0 1636.36363636366 363.6363636363636
241 0 1636.36363636366 545.4545454545454
242 0 1636.36363636366 727.2727272727273
243 0 1636.36363636366 909.090909090909
244 0 1636.36363636366 1090.909090909091
245 0 1636.36363636366 1272.727272727273
246 0 1636.36363636366 1454.545454545455
247 0 1636.36363636366 1636.363636363636
248 0 1636.36363636366 1818.181818181818
249 0 1454.545454545491 181.8181818181818
250 0 1454.545454545491 363.6363636363636
251 0 1454.545454545491 545.4545454545454
252 0 1454.545454545491 727.2727272727273
253 0 1454.545454545491 909.090909090909
254 0 1454.545454545491 1090.909090909091
255 0 1454.545454545491 1272.727272727273
256 0 1454.545454545491 1454.545454545455
257 0 1454.545454545491 1636.363636363636
258 0 1454.545454545491 1818.181818181818
259 0 1272.727272727321 181.8181818181818
260 0 1272.727272727321 363.6363636363636
261 0 1272.727272727321 545.4545454545454
262 0 1272.727272727321 727.2727272727273
263 0 1272.727272727321 909.090909090909
264 0 1272.727272727321 1090.909090909091
265 0 1272.727272727321 1272.727272727273
266 0 1272.727272727321 1454.545454545455
267 0 1272.727272727321 1636.363636363636
268 0 1272.727272727321 1818.181818181818
269 0 1090.909090909151 181.8181818181818
270 0 1090.909090909151 363.6363636363636
271 0 1090.909090909151 545.4545454545454
272 0 1090.909090909151 727.2727272727273
273 0 1090.909090909151 909.090909090909
274 0 1090.909090909151 1090.909090909091
275 0 1090.909090909151 1272.727272727273
276 0 1090.909090909151 1454.545454545455
277 0 1090.909090909151 1636.363636363636
278 0 1090.909090909151 1818.181818181818
279 0 909.0909090908483 181.8181818181818
280 0 909.0909090908483 363.6363636363636
281 0 909.0909090908483 545.4545454545454
282 0 909.0909090908483 727.2727272727273
283 0 909.0909090908483 909.090909090909
284 0 909.0909090908483 1090.909090909091
285 0 909.0909090908483 1272.727272727273
286 0 909.0909090908483 1454.545454545455
287 0 909.0909090908483 1636.363636363636
288 0 909.0909090908483 1818.181818181818
289 0 727.2727272726786 181.8181818181818
290 0 727.2727272726786 363.6363636363636
291 0 727.2727272726786 545.4545454545454
292 0 727.2727272726786 727.2727272727273
293 0 727.2727272726786 909.090909090909
294 0 727.2727272726786 1090.909090909091
295 0 727.2727272726786 1272.727272727273
296 0 727.2727272726786 1454.545454545455
297 0 727.2727272726786 1636.363636363636
298 0 727.2727272726786 1818.181818181818
299 0 545.4545454545089 181.8181818181818
300 0 545.4545454545089 363.6363636363636
301 0 545.4545454545089 545.4545454545454
302 0 545.4545454545089 727.2727272727273
303 0 545.4545454545089 909.090909090909
304 0 545.4545454545089 1090.909090909091
305 0 545.4545454545089 1272.727272727273
306 0 545.4545454545089 1454.545454545455
307 0 545.4545454545089 1636.363636363636
308 0 545.4545454545089 1818.181818181818
309 0 363.6363636363396 181.8181818181818
310 0 363.6363636363396 363.6363636363636
311 0 363.6363636363396 545.4545454545454
312 0 363.6363636363396 727.2727272727273
313 0 363.6363636363396 909.090909090909
314 0 363.6363636363396 1090.909090909091
315 0 363.6363636363396 1272.727272727273
316 0 363.6363636363396 1454.545454545455
317 0 363.6363636363396 1636.363636363636
318 0 363.6363636363396 1818.181818181818
319 0 181.8181818181699 181.8181818181818
320 0 181.8181818181699 363.6363636363636
321 0 181.8181818181699 545.4545454545454
322 0 181.8181818181699 727.2727272727273
323 0 181.8181818181699 909.090909090909
324 0 181.8181818181699 1090.909090909091
325 0 181.8181818181699 1272.727272727273
326 0 181.8181818181699 1454.545454545455
327 0 181.8181818181699 1636.363636363636
328 0 181.8181818181699 1818.181818181818
329 181.8181818181058 0 181.8181818181818
330 181.8181818181058 0 363.6363636363636
331 181.8181818181058 0 545.4545454545454
332 181.8181818181058 0 727.2727272727273
333 181.8181818181058 0 909.090909090909
334 181.8181818181058 0 1090.909090909091
335 181.8181818181058 0 1272.727272727273
336 181.8181818181058 0 1454.545454545455
337 181.8181818181058 0 1636.363636363636
338 181.8181818181058 0 1818.181818181818
339 363.6363636360429 0 181.8181818181818
340 363.6363636360429 0 363.6363636363636
341 363.6363636360429 0 545.4545454545454
342 363.6363636360429 0 727.2727272727273
343 363.6363636360429 0 909.090909090909
344 363.6363636360429 0 1090.909090909091
345 363.6363636360429 0 1272.727272727273
346 363.6363636360429 0 1454.545454545455
347 363.6363636360429 0 1636.363636363636
348 363.6363636360429 0 1818.181818181818
349 545.4545454538819 0 181.8181818181818
350 545.4545454538819 0 363.6363636363636
351 545.4545454538819 0 545.4545454545454
352 545.4545454538819 0 727.2727272727273
353 545.4545454538819 0 909.090909090909
354 545.4545454538819 0 1090.909090909091
355 545.4545454538819 0 1272.727272727273
356 545.4545454538819 0 1454.545454545455
357 545.4545454538819 0 1636.363636363636
358 545.4545454538819 0 1818.181818181818
359 727.272727272131 0 181.8181818181818
360 727.272727272131 0 363.6363636363636
361 727.272727272131 0 545.4545454545454
362 727.272727272131 0 727.2727272727273
363 727.272727272131 0 909.090909090909
364 727.272727272131 0 1090.909090909091
365 727.272727272131 0 1272.727272727273
366 727.272727272131 0 1454.545454545455
367 727.272727272131 0 1636.363636363636
368 727.272727272131 0 1818.181818181818
369 909.0909090903799 0 181.8181818181818
370 909.0909090903799 0 363.6363636363636
371 909.0909090903799 0 545.4545454545454
372 909.0909090903799 0 727.2727272727273
373 909.0909090903799 0 909.090909090909
374 909.0909090903799 0 1090.909090909091
375 909.0909090903799 0 1272.727272727273
376 909.0909090903799 0 1454.545454545455
377 909.0909090903799 0 1636.363636363636
378 909.0909090903799 0 1818.181818181818
379 1090.909090908761 0 181.8181818181818
380 1090.909090908761 0 363.6363636363636
381 1090.909090908761 0 545.4545454545454
382 1090.909090908761 0 727.2727272727273
383 1090.909090908761 0 909.090909090909
384 1090.909090908761 0 1090.909090909091
385 1090.909090908761 0 1272.727272727273
386 1090.909090908761 0 1454.545454545455
387 1090.909090908761 0 1636.363636363636
388 1090.909090908761 0 1818.181818181818
389 1272.727272727009 0 181.8181818181818
390 1272.727272727009 0 363.6363636363636
391 1272.727272727009 0 545.4545454545454
392 1272.727272727009 0 727.2727272727273
393 1272.727272727009 0 909.090909090909
394 1272.727272727009 0 1090.909090909091
395 1272.727272727009 0 1272.727272727273
396 1272.727272727009 0 1454.545454545455
397 1272.727272727009 0 1636.363636363636
398 1272.727272727009 0 1818.181818181818
399 1454.545454545257 0 181.8181818181818
400 1454.545454545257 0 363.6363636363636
401 1454.545454545257 0 545.4545454545454
402 1454.545454545257 0 727.2727272727273
403 1454.545454545257 0 909.090909090909
404 1454.545454545257 0 1090.909090909091
405 1454.545454545257 0 1272.727272727273
406 1454.545454545257 0 1454.545454545455
407 1454.545454545257 0 1636.363636363636
408 1454.545454545257 0 1818.181818181818
409 1636.363636363504 0 181.8181818181818
410 1636.363636363504 0 363.6363636363636
411 1636.363636363504 0 545.4545454545454
412 1636.363636363504 0 727.2727272727273
413 1636.363636363504 0 909.090909090909
414 1636.363636363504 0 1090.909090909091
415 1636.363636363504 0 1272.727272727273
416 1636.363636363504 0 1454.545454545455
417 1636.363636363504 0 1636.363636363636
418 1636.363636363504 0 1818.181818181818
419 1818.181818181752 0 181.8181818181818
420 1818.181818181752 0 363.6363636363636
421 1818.181818181752 0 545.4545454545454
422 1818.181818181752 0 727.2727272727273
423 1818.181818181752 0 909.090909090909
424 1818.181818181752 0 1090.909090909091
425 1818.181818181752 0 1272.727272727273
426 1818.181818181752 0 1454.545454545455
427 1818.181818181752 0 1636.363636363636
428 1818.181818181752 0 1818.181818181818
429 2000 1818.18181818183 181.8181818181818
430 2000 1818.18181818183 363.6363636363636
431 2000 1818.18181818183 545.4545454545454
432 2000 1818.18181818183 727.2727272727273
433 2000 1818.18181818183 909.090909090909
434 2000 1818.18181818183 1090.909090909091
435 2000 1818.18181818183 1272.727272727273
436 2000 1818.18181818183 1454.545454545455
437 2000 1818.18181818183 1636.363636363636
438 2000 1818.18181818183 1818.181818181818
439 2000 1636.36363636366 181.8181818181818
440 2000 1636.36363636366 363.6363636363636
441 2000 1636.36363636366 545.4545454545454
442 2000 1636.36363636366 727.2727272727273
443 2000 1636.36363636366 909.090909090909
444 2000 1636.36363636366 1090.909090909091
445 2000 1636.36363636366 1272.727272727273
446 2000 1636.36363636366 1454.545454545455
447 2000 1636.36363636366 1636.363636363636
448 2000 1636.36363636366 1818.181818181818
449 2000 1454.545454545491 181.8181818181818
450 2000 1454.545454545491 363.6363636363636
451 2000 1454.545454545491 545.4545454545454
452 2000 1454.545454545491 727.2727272727273
453 2000 1454.545454545491 909.090909090909
454 2000 1454.545454545491 1090.909090909091
455 2000 1454.545454545491 1272.727272727273
456 2000 1454.545454545491 1454.545454545455
457 2000 1454.545454545491 1636.363636363636
458 2000 1454.545454545491 1818.181818181818
459 2000 1272.727272727321 181.8181818181818
460 2000 1272.727272727321 363.6363636363636
461 2000 1272.727272727321 545.4545454545454
462 2000 1272.727272727321 727.2727272727273
463 2000 1272.727272727321 909.090909090909
464 2000 1272.727272727321 1090.909090909091
465 2000 1272.727272727321 1272.727272727273
466 2000 1272.727272727321 1454.545454545455
467 2000 1272.727272727321 1636.363636363636
468 2000 1272.727272727321 1818.181818181818
469 2000 1090.909090909151 181.8181818181818
470 2000 1090.909090909151 363.6363636363636
471 2000 1090.909090909151 545.4545454545454
472 2000 1090.909090909151 727.2727272727273
473 2000 1090.909090909151 909.090909090909
474 2000 1090.909090909151 1090.909090909091
475 2000 1090.909090909151 1272.727272727273
476 2000 1090.909090909151 1454.545454545455
477 2000 1090.909090909151 1636.363636363636
478 2000 1090.909090909151 1818.181818181818
479 2000 909.0909090908483 181.8181818181818
480 2000 909.0909090908483 363.6363636363636
481 2000 909.0909090908483 545.4545454545454
482 2000 909.0909090908483 727.2727272727273
483 2000 909.0909090908483 909.090909090909
484 2000 909.0909090908483 1090.909090909091
485 2000 909.0909090908483 1272.727272727273
486 2000 909.0909090908483 1454.545454545455
487 2000 909.0909090908483 1636.363636363636
488 2000 909.0909090908483 1818.181818181818
489 2000 727.2727272726786 181.8181818181818
490 2000 727.2727272726786 363.6363636363636
491 2000 727.2727272726786 545.4545454545454
492 2000 727.2727272726786 727.2727272727273
493 2000 727.2727272726786 909.090909090909
494 2000 727.2727272726786 1090.909090909091
495 2000 727.2727272726786 1272.727272727273
496 2000 727.2727272726786 1454.545454545455
497 2000 727.2727272726786 1636.363636363636
498 2000 727.2727272726786 1818.181818181818
499 2000 545.4545454545089 181.8181818181818
500 2000 545.4545454545089 363.6363636363636
501 2000 545.4545454545089 545.4545454545454
502 2000 545.4545454545089 727.2727272727273
503 2000 545.4545454545089 909.090909090909
504 2000 545.4545454545089 1090.909090909091
505 2000 545.4545454545089 1272.727272727273
506 2000 545.4545454545089 1454.545454545455
507 2000 545.4545454545089 1636.363636363636
508 2000 545.4545454545089 1818.181818181818
509 2000 363.6363636363396 181.8181818181818
510 2000 363.6363636363396 363.6363636363636
511 2000 363.6363636363396 545.4545454545454
512 2000 363.6363636363396 727.2727272727273
513 2000 363.6363636363396 909.090909090909
514 2000 363.6363636363396 1090.909090909091
515 2000 363.6363636363396 1272.727272727273
516 2000 363.6363636363396 1454.545454545455
517 2000 363.6363636363396 1636.363636363636
518 2000 363.6363636363396 1818.181818181818
519 2000 181.8181818181699 181.8181818181818
520 2000 181.8181818181699 363.6363636363636
521 2000 181.8181818181699 545.4545454545454
522 2000 181.8181818181699 727.2727272727273
523 2000 181.8181818181699 909.090909090909
524 2000 181.8181818181699 1090.909090909091
525 2000 181.8181818181699 1272.727272727273
526 2000 181.8181818181699 1454.545454545455
527 2000 181.8181818181699 1636.363636363636
528 2000 181.8181818181699 1818.181818181818
529 1818.18181818183 2000 181.8181818181818
530 1818.18181818183 2000 363.6363636363636
531 1818.18181818183 2000 545.4545454545454
532 1818.18181818183 2000 727.2727272727273
533 1818.18181818183 2000 909.090909090909
534 1818.18181818183 2000 1090.909090909091
535 1818.18181818183 2000 1272.727272727273
536 1818.18181818183 2000 1454.545454545455
537 1818.18181818183 2000 1636.363636363636
538 1818.18181818183 2000 1818.181818181818
539 1636.36363636366 2000 181.8181818181818
540 1636.36363636366 2000 363.6363636363636
541 1636.36363636366 2000 545.4545454545454
542 1636.36363636366 2000 727.2727272727273
543 1636.36363636366 2000 909.090909090909
544 1636.36363636366 2000 1090.909090909091
545 1636.36363636366 2000 1272.727272727273
546 1636.36363636366 2000 1454.545454545455
547 1636.36363636366 2000 1636.363636363636
548 1636.36363636366 2000 1818.181818181818
549 1454.545454545491 2000 181.8181818181818
550 1454.545454545491 2000 363.6363636363636
551 1454.545454545491 2000 545.4545454545454
552 1454.545454545491 2000 727.2727272727273
553 1454.545454545491 2000 909.090909090909
554 1454.545454545491 2000 1090.909090909091
555 1454.545454545491 2000 1272.727272727273
556 1454.545454545491 2000 1454.545454545455
557 1454.545454545491 2000 1636.363636363636
558 1454.545454545491 2000 1818.181818181818
559 1272.727272727321 2000 181.8181818181818
560 1272.727272727321 2000 363.6363636363636
561 1272.727272727321 2000 545.4545454545454
562 1272.727272727321 2000 727.2727272727273
563 1272.727272727321 2000 909.090909090909
564 1272.727272727321 2000 1090.909090909091
565 1272.727272727321 2000 1272.727272727273
566 1272.727272727321 2000 1454.545454545455
567 1272.727272727321 2000 1636.363636363636
568 1272.727272727321 2000 1818.181818181818
569 1090.909090909151 2000 181.8181818181818
570 1090.909090909151 2000 363.6363636363636
571 1090.909090909151 2000 545.4545454545454
572 1090.909090909151 2000 727.2727272727273
573 1090.909090909151 2000 909.090909090909
574 1090.909090909151 2000 1090.909090909091
575 1090.909090909151 2000 1272.727272727273
576 1090.909090909151 2000 1454.545454545455
577 1090.909090909151 2000 1636.363636363636
578 1090.909090909151 2000 1818.181818181818
579 909.0909090908483 2000 181.8181818181818
580 909.0909090908483 2000 363.6363636363636
581 909.0909090908483 2000 545.4545454545454
582 909.0909090908483 2000 727.2727272727273
583 909.0909090908483 2000 909.090909090909
584 909.0909090908483 2000 1090.909090909091
585 909.0909090908483 2000 1272.727272727273
586 909.0909090908483 2000 1454.545454545455
587 909.0909090908483 2000 1636.363636363636
588 909.0909090908483 2000 1818.181818181818
589 727.2727272726786 2000 181.8181818181818
590 727.2727272726786 2000 363.6363636363636
591 727.2727272726786 2000 545.4545454545454
592 727.2727272726786 2000 727.2727272727273
593 727.2727272726786 2000 909.090909090909
594 727.2727272726786 2000 1090.909090909091
595 727.2727272726786 2000 1272.727272727273
596 727.2727272726786 2000 1454.545454545455
597 727.2727272726786 2000 1636.363636363636
598 727.2727272726786 2000 1818.181818181818
599 545.4545454545089 2000 181.8181818181818
600 545.4545454545089 2000 363.6363636363636
601 545.4545454545089 2000 545.4545454545454
602 545.4545454545089 2000 727.2727272727273
603 545.4545454545089 2000 909.090909090909
604 545.4545454545089 2000 1090.909090909091
605 545.4545454545089 2000 1272.727272727273
606 545.4545454545089 2000 1454.545454545455
607 545.4545454545089 2000 1636.363636363636
608 545.4545454545089 2000 1818.181818181818
609 363.6363636363396 2000 181.8181818181818
610 363.6363636363396 2000 363.6363636363636
611 363.6363636363396 2000 545.4545454545454
612 363.6363636363396 2000 727.2727272727273
613 363.6363636363396 2000 909.090909090909
614 363.6363636363396 2000 1090.909090909091
615 363.6363636363396 2000 1272.727272727273
616 363.6363636363396 2000 1454.545454545455
617 363.6363636363396 2000 1636.363636363636
618 363.6363636363396 2000 1818.181818181818
619 181.8181818181699 2000 181.8181818181818
620 181.8181818181699 2000 363.6363636363636
621 181.8181818181699 2000 545.4545454545454
622 181.8181818181699 2000 727.2727272727273
623 181.8181818181699 2000 909.090909090909
624 181.8181818181699 2000 1090.909090909091
625 181.8181818181699 2000 1272.727272727273
626 181.8181818181699 2000 1454.545454545455
627 181.8181818181699 2000 1636.363636363636
628 181.8181818181699 2000 1818.181818181818
629 181.8181818181116 181.8181818181699 2000
630 181.8181818181175 363.6363636363396 2000
631 181.8181818181233 545.4545454545089 2000
632 181.8181818181291 727.2727272726786 2000
633 181.818181818135 909.0909090908483 2000
634 181.8181818181408 1090.909090909151 2000
635 181.8181818181466 1272.727272727321 2000
636 181.8181818181525 1454.54545454549 2000
637 181.8181818181583 1636.36363636366 2000
638 181.8181818181641 1818.18181818183 2000
639 363.6363636360699 181.8181818181699 2000
640 363.6363636360969 363.6363636363396 2000
641 363.6363636361239 545.4545454545089 2000
642 363.6363636361508 727.2727272726786 2000
643 363.6363636361777 909.0909090908483 2000
644 363.6363636362047 1090.909090909151 2000
645 363.6363636362317 1272.727272727321 2000
646 363.6363636362588 1454.545454545491 2000
647 363.6363636362856 1636.36363636366 2000
648 363.6363636363127 1818.18181818183 2000
649 545.4545454539389 181.8181818181699 2000
650 545.4545454539957 363.6363636363396 2000
651 545.4545454540528 545.4545454545089 2000
652 545.4545454541098 727.2727272726787 2000
653 545.4545454541669 909.0909090908483 2000
654 545.454545454224 1090.909090909151 2000
655 545.4545454542808 1272.727272727321 2000
656 545.4545454543379 1454.54545454549 2000
657 545.454545454395 1636.36363636366 2000
658 545.4545454544518 1818.18181818183 2000
659 727.2727272721806 181.8181818181699 2000
660 727.2727272722306 363.6363636363396 2000
661 727.2727272722803 545.4545454545089 2000
662 727.2727272723299 727.2727272726786 2000
663 727.2727272723798 909.0909090908482 2000
664 727.2727272724296 1090.909090909151 2000
665 727.2727272724794 1272.727272727321 2000
666 727.2727272725291 1454.545454545491 2000
667 727.272727272579 1636.363636363661 2000
668 727.2727272726288 1818.18181818183 2000
669 909.0909090904227 181.8181818181699 2000
670 909.0909090904649 363.6363636363396 2000
671 909.0909090905077 545.4545454545089 2000
672 909.0909090905503 727.2727272726786 2000
673 909.0909090905927 909.0909090908483 2000
674 909.0909090906353 1090.909090909151 2000
675 909.090909090678 1272.727272727321 2000
676 909.0909090907205 1454.545454545491 2000
677 909.090909090763 1636.36363636366 2000
678 909.0909090908058 1818.18181818183 2000
679 1090.909090908797 181.8181818181699 2000
680 1090.909090908832 363.6363636363396 2000
681 1090.909090908868 545.4545454545089 2000
682 1090.909090908903 727.2727272726786 2000
683 1090.909090908939 909.0909090908483 2000
684 1090.909090908974 1090.909090909151 2000
685 1090.909090909009 1272.727272727321 2000
686 1090.909090909045 1454.545454545491 2000
687 1090.909090909081 1636.36363636366 2000
688 1090.909090909116 1818.18181818183 2000
689 1272.727272727038 181.8181818181699 2000
690 1272.727272727066 363.6363636363396 2000
691 1272.727272727094 545.4545454545089 2000
692 1272.727272727122 727.2727272726786 2000
693 1272.727272727151 909.0909090908483 2000
694 1272.727272727179 1090.909090909151 2000
695 1272.727272727207 1272.727272727321 2000
696 1272.727272727236 1454.545454545491 2000
697 1272.727272727264 1636.36363636366 2000
698 1272.727272727293 1818.18181818183 2000
699 1454.545454545278 181.8181818181699 2000
700 1454.545454545299 363.6363636363396 2000
701 1454.545454545321 545.4545454545089 2000
702 1454.545454545342 727.2727272726787 2000
703 1454.545454545363 909.0909090908483 2000
704 1454.545454545384 1090.909090909151 2000
705 1454.545454545406 1272.727272727321 2000
706 1454.545454545427 1454.545454545491 2000
707 1454.545454545448 1636.36363636366 2000
708 1454.545454545469 1818.18181818183 2000
709 1636.363636363519 181.8181818181699 2000
710 1636.363636363533 363.6363636363396 2000
711 1636.363636363547 545.4545454545089 2000
712 1636.363636363561 727.2727272726786 2000
713 1636.363636363576 909.0909090908483 2000
714 1636.36363636359 1090.909090909151 2000
715 1636.363636363603 1272.727272727321 2000
716 1636.363636363618 1454.545454545491 2000
717 1636.363636363632 1636.36363636366 2000
718 1636.363636363646 1818.18181818183 2000
719 1818.181818181759 181.8181818181699 2000
720 1818.181818181766 363.6363636363396 2000
721 1818.181818181773 545.4545454545089 2000
722 1818.18181818178 727.2727272726786 2000
723 1818.181818181788 909.0909090908483 2000
724 1818.181818181795 1090.909090909151 2000
725 1818.181818181802 1272.727272727321 2000
726 1818.181818181809 1454.545454545491 2000
727 1818.181818181816 1636.36363636366 2000
728 1818.181818181823 1818.18181818183 2000
729 181.8181818181116 181.8181818181699 181.8181818181818
730 181.8181818181116 181.8181818181699 363.6363636363636
731 181.8181818181116 181.8181818181699 545.4545454545454
732 181.8181818181116 181.8181818181699 727.2727272727273
733 181.8181818181116 181.8181818181699 909.090909090909
734 181.8181818181116 181.8181818181699 1090.909090909091
735 181.8181818181116 181.8181818181699 1272.727272727273
736 181.8181818181116 181.8181818181699 1454.545454545455
737 181.8181818181116 181.8181818181699 1636.363636363636
738 181.8181818181116 181.8181818181699 1818.181818181818
739 181.8181818181175 363.6363636363396 181.8181818181818
740 181.8181818181175 363.6363636363396 363.6363636363636
741 181.8181818181175 363.6363636363396 545.4545454545454
742 181.8181818181175 363.6363636363396 727.2727272727273
743 181.8181818181175 363.6363636363396 909.090909090909
744 181.8181818181175 363.6363636363396 1090.909090909091
745 181.8181818181175 363.6363636363396 1272.727272727273
746 181.8181818181175 363.6363636363396 1454.545454545455
747 181.8181818181175 363.6363636363396 1636.363636363636
748 181.8181818181175 363.6363636363396 1818.181818181818
749 181.8181818181233 545.4545454545089 181.8181818181818
750 181.8181818181233 545.4545454545089 363.6363636363636
751 181.8181818181233 545.4545454545089 545.4545454545454
752 181.8181818181233 545.4545454545089 727.2727272727273
753 181.8181818181233 545.4545454545089 909.090909090909
754 181.8181818181233 545.4545454545089 1090.909090909091
755 181.8181818181233 545.4545454545089 1272.727272727273
756 181.8181818181233 545.4545454545089 1454.545454545455
757 181.8181818181233 545.4545454545089 1636.363636363636
758 181.8181818181233 545.4545454545089 1818.181818181818
759 181.8181818181291 727.2727272726786 181.8181818181818
760 181.8181818181291 727.2727272726786 363.6363636363636
761 181.8181818181291 727.2727272726786 545.4545454545454
762 181.8181818181291 727.2727272726786 727.2727272727273
763 181.8181818181291 727.2727272726786 909.090909090909
764 181.8181818181291 727.2727272726786 1090.909090909091
765 181.8181818181291 727.2727272726786 1272.727272727273
766 181.8181818181291 727.2727272726786 1454.545454545455
767 181.8181818181291 727.2727272726786 1636.363636363636
768 181.8181818181291 727.2727272726786 1818.181818181818
769 181.818181818135 909.0909090908483 181.8181818181818
770 181.818181818135 909.0909090908483 363.6363636363636
771 181.818181818135 909.0909090908483 545.4545454545454
772 181.818181818135 909.0909090908483 727.2727272727273
773 181.818181818135 909.0909090908483 909.090909090909
774 181.818181818135 909.0909090908483 1090.909090909091
775 181.818181818135 909.0909090908483 1272.727272727273
776 181.818181818135 909.0909090908483 1454.545454545455
777 181.818181818135 909.0909090908483 1636.363636363636
778 181.818181818135 909.0909090908483 1818.181818181818
779 181.8181818181408 1090.909090909151 181.8181818181818
780 181.8181818181408 1090.909090909151 363.6363636363636
781 181.8181818181408 1090.909090909151 545.4545454545454
782 181.8181818181408 1090.909090909151 727.2727272727273
783 181.8181818181408 1090.909090909151 909.090909090909
784 181.8181818181408 1090.909090909151 1090.909090909091
785 181.8181818181408 1090.909090909151 1272.727272727273
786 181.8181818181408 1090.909090909151 1454.545454545455
787 181.8181818181408 1090.909090909151 1636.363636363636
788 181.8181818181408 1090.909090909151 1818.181818181818
789 181.8181818181466 1272.727272727321 181.8181818181818
790 181.8181818181466 1272.727272727321 363.6363636363636
791 181.8181818181466 1272.727272727321 545.4545454545454
792 181.8181818181466 1272.727272727321 727.2727272727273
793 181.8181818181466 1272.727272727321 909.090909090909
794 181.8181818181466 1272.727272727321 1090.909090909091
795 181.8181818181466 1272.727272727321 1272.727272727273
796 181.8181818181466 1272.727272727321 1454.545454545455
797 181.8181818181466 1272.727272727321 1636.363636363636
798 181.8181818181466 1272.727272727321 1818.181818181818
799 181.8181818181525 1454.54545454549 181.8181818181818
800 181.8181818181525 1454.54545454549 363.6363636363636
801 181.8181818181525 1454.54545454549 545.4545454545454
802 181.8181818181525 1454.54545454549 727.2727272727273
803 181.8181818181525 1454.54545454549 909.090909090909
804 181.8181818181525 1454.54545454549 1090.909090909091
805 181.8181818181525 1454.54545454549 1272.727272727273
806 181.8181818181525 1454.54545454549 1454.545454545455
807 181.8181818181525 1454.54545454549 1636.363636363636
808 181.8181818181525 1454.54545454549 1818.181818181818
809 181.8181818181583 1636.36363636366 181.8181818181818
810 181.8181818181583 1636.36363636366 363.6363636363636
811 181.8181818181583 1636.36363636366 545.4545454545454
812 181.8181818181583 1636.36363636366 727.2727272727273
813 181.8181818181583 1636.36363636366 909.090909090909
814 181.8181818181583 1636.36363636366 1090.909090909091
815 181.8181818181583 1636.36363636366 1272.727272727273
816 181.8181818181583 1636.36363636366 1454.545454545455
817 181.8181818181583 1636.36363636366 1636.363636363636
818 181.8181818181583 1636.36363636366 1818.181818181818
819 181.8181818181641 1818.18181818183 181.8181818181818
820 181.8181818181641 1818.18181818183 363.6363636363636
821 181.8181818181641 1818.18181818183 545.4545454545454
822 181.8181818181641 1818.18181818183 727.2727272727273
823 181.8181818181641 1818.18181818183 909.090909090909
824 181.8181818181641 1818.18181818183 1090.909090909091
825 181.8181818181641 1818.18181818183 1272.727272727273
826 181.8181818181641 1818.18181818183 1454.545454545455
827 181.8181818181641 1818.18181818183 1636.363636363636
828 181.8181818181641 1818.18181818183 1818.181818181818
829 363.6363636360699 181.8181818181699 181.8181818181818
830 363.6363636360699 181.8181818181699 363.6363636363636
831 363.6363636360699 181.8181818181699 545.4545454545454
832 363.6363636360699 181.8181818181699 727.2727272727273
833 363.6363636360699 181.8181818181699 909.090909090909
834 363.6363636360699 181.8181818181699 1090.909090909091
835 363.6363636360699 181.8181818181699 1272.727272727273
836 363.6363636360699 181.8181818181699 1454.545454545455
837 363.6363636360699 181.8181818181699 1636.363636363636
838 363.6363636360699 181.8181818181699 1818.181818181818
839 363.6363636360969 363.6363636363396 181.8181818181818
840 363.6363636360969 363.6363636363396 363.6363636363636
841 363.6363636360969 363.6363636363396 545.4545454545454
842 363.6363636360969 363.6363636363396 727.2727272727273
843 363.6363636360969 363.6363636363396 909.090909090909
844 363.6363636360969 363.6363636363396 1090.909090909091
845 363.6363636360969 363.6363636363396 1272.727272727273
846 363.6363636360969 363.6363636363396 1454.545454545455
847 363.6363636360969 363.6363636363396 1636.363636363636
848 363.6363636360969 363.6363636363396 1818.181818181818
849 363.6363636361239 545.4545454545089 181.8181818181818
850 363.6363636361239 545.4545454545089 363.6363636363636
851 363.6363636361239 545.4545454545089 545.4545454545454
852 363.6363636361239 545.4545454545089 727.2727272727273
853 363.6363636361239 545.4545454545089 909.090909090909
854 363.6363636361239 545.4545454545089 1090.909090909091
855 363.6363636361239 545.4545454545089 1272.727272727273
856 363.6363636361239 545.4545454545089 1454.545454545455
857 363.6363636361239 545.4545454545089 1636.363636363636
858 363.6363636361239 545.4545454545089 1818.181818181818
859 363.6363636361508 727.2727272726786 181.8181818181818
860 363.6363636361508 727.2727272726786 363.6363636363636
861 363.6363636361508 727.2727272726786 545.4545454545454
862 363.6363636361508 727.2727272726786 727.2727272727273
863 363.6363636361508 727.2727272726786 909.090909090909
864 363.6363636361508 727.2727272726786 1090.909090909091
865 363.6363636361508 727.2727272726786 1272.727272727273
866 363.6363636361508 727.2727272726786 1454.545454545455
867 363.6363636361508 727.2727272726786 1636.363636363636
868 363.6363636361508 727.2727272726786 1818.181818181818
869 363.6363636361777 909.0909090908483 181.8181818181818
870 363.6363636361777 909.0909090908483 363.6363636363636
871 363.6363636361777 909.0909090908483 545.4545454545454
872 363.6363636361777 909.0909090908483 727.2727272727273
873 363.6363636361777 909.0909090908483 909.090909090909
874 363.6363636361777 909.0909090908483 1090.909090909091
875 363.6363636361777 909.0909090908483 1272.727272727273
876 363.6363636361777 909.0909090908483 1454.545454545455
877 363.6363636361777 909.0909090908483 1636.363636363636
878 363.6363636361777 909.0909090908483 1818.181818181818
879 363.6363636362047 1090.909090909151 181.8181818181818
880 363.6363636362047 1090.909090909151 363.6363636363636
881 363.6363636362047 1090.909090909151 545.4545454545454
882 363.6363636362047 1090.909090909151 727.2727272727273
883 363.6363636362047 1090.909090909151 909.090909090909
884 363.6363636362047 1090.909090909151 1090.909090909091
885 363.6363636362047 1090.909090909151 1272.727272727273
886 363.6363636362047 1090.909090909151 1454.545454545455
887 363.6363636362047 1090.909090909151 1636.363636363636
888 363.6363636362047 1090.909090909151 1818.181818181818
889 363.6363636362317 1272.727272727321 181.8181818181818
890 363.6363636362317 1272.727272727321 363.6363636363636
891 363.6363636362317 1272.727272727321 545.4545454545454
892 363.6363636362317 1272.727272727321 727.2727272727273
893 363.6363636362317 1272.727272727321 909.090909090909
894 363.6363636362317 1272.727272727321 1090.909090909091
895 363.6363636362317 1272.727272727321 1272.727272727273
896 363.6363636362317 1272.727272727321 1454.545454545455
897 363.6363636362317 1272.727272727321 1636.363636363636
898 363.6363636362317 1272.727272727321 1818.181818181818
899 363.6363636362588 1454.545454545491 181.8181818181818
900 363.6363636362588 1454.545454545491 363.6363636363636
901 363.6363636362588 1454.545454545491 545.4545454545454
902 363.6363636362588 1454.545454545491 727.2727272727273
903 363.6363636362588 1454.545454545491 909.090909090909
904 363.6363636362588 1454.545454545491 1090.909090909091
905 363.6363636362588 1454.545454545491 1272.727272727273
906 363.6363636362588 1454.545454545491 1454.545454545455
907 363.6363636362588 1454.545454545491 1636.363636363636
908 363.6363636362588 1454.545454545491 1818.181818181818
909 363.6363636362856 1636.36363636366 181.8181818181818
910 363.6363636362856 1636.36363636366 363.6363636363636
911 363.6363636362856 1636.36363636366 545.4545454545454
912 363.6363636362856 1636.36363636366 727.2727272727273
913 363.6363636362856 1636.36363636366 909.090909090909
914 363.6363636362856 1636.36363636366 1090.909090909091
915 363.6363636362856 1636.36363636366 1272.727272727273
916 363.6363636362856 1636.36363636366 1454.545454545455
917 363.6363636362856 1636.36363636366 1636.363636363636
918 363.6363636362856 1636.36363636366 1818.181818181818
919 363.6363636363127 1818.18181818183 181.8181818181818
920 363.6363636363127 1818.18181818183 363.6363636363636
921 363.6363636363127 1818.18181818183 545.4545454545454
922 363.6363636363127 1818.18181818183 727.2727272727273
923 363.6363636363127 1818.18181818183 909.090909090909
924 363.6363636363127 1818.18181818183 1090.909090909091
925 363.6363636363127 1818.18181818183 1272.727272727273
926 363.6363636363127 1818.18181818183 1454.545454545455
927 363.6363636363127 1818.18181818183 1636.363636363636
928 363.6363636363127 1818.18181818183 1818.181818181818
929 545.4545454539389 181.8181818181699 181.8181818181818
930 545.4545454539389 181.8181818181699 363.6363636363636
931 545.4545454539389 181.8181818181699 545.4545454545454
932 545.4545454539389 181.8181818181699 727.2727272727273
933 545.4545454539389 181.8181818181699 909.090909090909
934 545.4545454539389 181.8181818181699 1090.909090909091
935 545.4545454539389 181.8181818181699 1272.727272727273
936 545.4545454539389 181.8181818181699 1454.545454545455
937 545.4545454539389 181.8181818181699 1636.363636363636
938 545.4545454539389 181.8181818181699 1818.181818181818
939 545.4545454539957 363.6363636363396 181.8181818181818
940 545.4545454539957 363.6363636363396 363.6363636363636
941 545.4545454539957 363.6363636363396 545.4545454545454
942 545.4545454539957 363.6363636363396 727.2727272727273
943 545.4545454539957 363.6363636363396 909.090909090909
944 545.4545454539957 363.6363636363396 1090.909090909091
945 545.4545454539957 363.6363636363396 1272.727272727273
946 545.4545454539957 363.6363636363396 1454.545454545455
947 545.4545454539957 363.6363636363396 1636.363636363636
948 545.4545454539957 363.6363636363396 1818.181818181818
949 545.4545454540528 545.4545454545089 181.8181818181818
950 545.4545454540528 545.4545454545089 363.6363636363636
951 545.4545454540528 545.4545454545089 545.4545454545454
952 545.4545454540528 545.4545454545089 727.2727272727273
953 545.4545454540528 545.4545454545089 909.090909090909
954 545.4545454540528 545.4545454545089 1090.909090909091
955 545.4545454540528 545.4545454545089 1272.727272727273
956 545.4545454540528 545.4545454545089 1454.545454545455
957 545.4545454540528 545.4545454545089 1636.363636363636
958 545.4545454540528 545.4545454545089 1818.181818181818
959 545.4545454541098 727.2727272726787 181.8181818181818
960 545.4545454541098 727.2727272726787 363.6363636363636
961 545.4545454541098 727.2727272726787 545.4545454545454
962 545.4545454541098 727.2727272726787 727.2727272727273
963 545.4545454541098 727.2727272726787 909.090909090909
964 545.4545454541098 727.2727272726787 1090.909090909091
965 545.4545454541098 727.2727272726787 1272.727272727273
966 545.4545454541098 727.2727272726787 1454.545454545455
967 545.4545454541098 727.2727272726787 1636.363636363636
968 545.4545454541098 727.2727272726787 1818.181818181818
969 545.4545454541669 909.0909090908483 181.8181818181818
970 545.4545454541669 909.0909090908483 363.6363636363636
971 545.4545454541669 909.0909090908483 545.4545454545454
972 545.4545454541669 909.0909090908483 727.2727272727273
973 545.4545454541669 909.0909090908483 909.090909090909
974 545.4545454541669 909.0909090908483 1090.909090909091
975 545.4545454541669 909.0909090908483 1272.727272727273
976 545.4545454541669 909.0909090908483 1454.545454545455
977 545.4545454541669 909.0909090908483 1636.363636363636
978 545.4545454541669 909.0909090908483 1818.181818181818
979 545.454545454224 1090.909090909151 181.8181818181818
980 545.454545454224 1090.909090909151 363.6363636363636
981 545.454545454224 1090.909090909151 545.4545454545454
982 545.454545454224 1090.909090909151 727.2727272727273
983 545.454545454224 1090.909090909151 909.090909090909
984 545.454545454224 1090.909090909151 1090.909090909091
985 545.454545454224 1090.909090909151 1272.727272727273
986 545.454545454224 1090.909090909151 1454.545454545455
987 545.454545454224 1090.909090909151 1636.363636363636
988 545.454545454224 1090.909090909151 1818.181818181818
989 545.4545454542808 1272.727272727321 181.8181818181818
990 545.4545454542808 1272.727272727321 363.6363636363636
991 545.4545454542808 1272.727272727321 545.4545454545454
992 545.4545454542808 1272.727272727321 727.2727272727273
993 545.4545454542808 1272.727272727321 909.090909090909
994 545.4545454542808 1272.727272727321 1090.909090909091
995 545.4545454542808 1272.727272727321 1272.727272727273
996 545.4545454542808 1272.727272727321 1454.545454545455
997 545.4545454542808 1272.727272727321 1636.363636363636
998 545.4545454542808 1272.727272727321 1818.181818181818
999 545.4545454543379 1454.54545454549 181.8181818181818
1000 545.4545454543379 1454.54545454549 363.6363636363636
1001 545.4545454543379 1454.54545454549 545.4545454545454
1002 545.4545454543379 1454.54545454549 727.2727272727273
1003 545.4545454543379 1454.54545454549 909.090909090909
1004 545.4545454543379 1454.54545454549 1090.909090909091
1005 545.4545454543379 1454.54545454549 1272.727272727273
1006 545.4545454543379 1454.54545454549 1454.545454545455
1007 545.4545454543379 1454.54545454549 1636.363636363636
1008 545.4545454543379 1454.54545454549 1818.181818181818
1009 545.454545454395 1636.36363636366 181.8181818181818
1010 545.454545454395 1636.36363636366 363.6363636363636
1011 545.454545454395 1636.36363636366 545.4545454545454
1012 545.454545454395 1636.36363636366 727.2727272727273
1013 545.454545454395 1636.36363636366 909.090909090909
1014 545.454545454395 1636.36363636366 1090.909090909091
1015 545.454545454395 1636.36363636366 1272.727272727273
1016 545.454545454395 1636.36363636366 1454.545454545455
1017 545.454545454395 1636.36363636366 1636.363636363636
1018 545.454545454395 1636.36363636366 1818.181818181818
1019 545.4545454544518 1818.18181818183 181.8181818181818
1020 545.4545454544518 1818.18181818183 363.6363636363636
1021 545.4545454544518 1818.18181818183 545.4545454545454
1022 545.4545454544518 1818.18181818183 727.2727272727273
1023 545.4545454544518 1818.18181818183 909.090909090909
1024 545.4545454544518 1818.18181818183 1090.909090909091
1025 545.4545454544518 1818.18181818183 1272.727272727273
1026 545.4545454544518 1818.18181818183 1454.545454545455
1027 545.4545454544518 1818.18181818183 1636.363636363636
1028 545.4545454544518 1818.18181818183 1818.181818181818
1029 727.2727272721806 181.8181818181699 181.8181818181818
1030 727.2727272721806 181.8181818181699 363.6363636363636
1031 727.2727272721806 181.8181818181699 545.4545454545454
1032 727.2727272721806 181.8181818181699 727.2727272727273
1033 727.2727272721806 181.8181818181699 909.090909090909
1034 727.2727272721806 181.8181818181699 1090.909090909091
1035 727.2727272721806 181.8181818181699 1272.727272727273
1036 727.2727272721806 181.8181818181699 1454.545454545455
1037 727.2727272721806 181.8181818181699 1636.363636363636
1038 727.2727272721806 181.8181818181699 1818.181818181818
1039 727.2727272722306 363.6363636363396 181.8181818181818
1040 727.2727272722306 363.6363636363396 363.6363636363636
1041 727.2727272722306 363.6363636363396 545.4545454545454
1042 727.2727272722306 363.6363636363396 727.2727272727273
1043 727.2727272722306 363.6363636363396 909.090909090909
1044 727.2727272722306 363.6363636363396 1090.909090909091
1045 727.2727272722306 363.6363636363396 1272.727272727273
1046 727.2727272722306 363.6363636363396 1454.545454545455
1047 727.2727272722306 363.6363636363396 1636.363636363636
1048 727.2727272722306 363.6363636363396 1818.181818181818
1049 727.2727272722803 545.4545454545089 181.8181818181818
1050 727.2727272722803 545.4545454545089 363.6363636363636
1051 727.2727272722803 545.4545454545089 545.4545454545454
1052 727.2727272722803 545.4545454545089 727.2727272727273
1053 727.2727272722803 545.4545454545089 909.090909090909
1054 727.2727272722803 545.4545454545089 1090.909090909091
1055 727.2727272722803 545.4545454545089 1272.727272727273
1056 727.2727272722803 545.4545454545089 1454.545454545455
1057 727.2727272722803 545.4545454545089 1636.363636363636
1058 727.2727272722803 545.4545454545089 1818.181818181818
1059 727.2727272723299 727.2727272726786 181.8181818181818
1060 727.2727272723299 727.2727272726786 363.6363636363636
1061 727.2727272723299 727.2727272726786 545.4545454545454
1062 727.2727272723299 727.2727272726786 727.2727272727273
1063 727.2727272723299 727.2727272726786 909.090909090909
1064 727.2727272723299 727.2727272726786 1090.909090909091
1065 727.2727272723299 727.2727272726786 1272.727272727273
1066 727.2727272723299 727.2727272726786 1454.545454545455
1067 727.2727272723299 727.2727272726786 1636.363636363636
1068 727.2727272723299 727.2727272726786 1818.181818181818
1069 727.2727272723798 909.0909090908482 181.8181818181818
1070 727.2727272723798 909.0909090908482 363.6363636363636
1071 727.2727272723798 909.0909090908482 545.4545454545454
1072 727.2727272723798 909.0909090908482 727.2727272727273
1073 727.2727272723798 909.0909090908482 909.090909090909
1074 727.2727272723798 909.0909090908482 1090.909090909091
1075 727.2727272723798 909.0909090908482 1272.727272727273
1076 727.2727272723798 909.0909090908482 1454.545454545455
1077 727.2727272723798 909.0909090908482 1636.363636363636
1078 727.2727272723798 909.0909090908482 1818.181818181818
1079 727.2727272724296 1090.909090909151 181.8181818181818
1080 727.2727272724296 1090.909090909151 363.6363636363636
1081 727.2727272724296 1090.909090909151 545.4545454545454
1082 727.2727272724296 1090.909090909151 727.2727272727273
1083 727.2727272724296 1090.909090909151 909.090909090909
1084 727.2727272724296 1090.909090909151 1090.909090909091
1085 727.2727272724296 1090.909090909151 1272.727272727273
1086 727.2727272724296 1090.909090909151 1454.545454545455
1087 727.2727272724296 1090.909090909151 1636.363636363636
1088 727.2727272724296 1090.909090909151 1818.181818181818
1089 727.2727272724794 1272.727272727321 181.8181818181818
1090 727.2727272724794 1272.727272727321 363.6363636363636
1091 727.2727272724794 1272.727272727321 545.4545454545454
1092 727.2727272724794 1272.727272727321 727.2727272727273
1093 727.2727272724794 1272.727272727321 909.090909090909
1094 727.2727272724794 1272.727272727321 1090.909090909091
1095 727.2727272724794 1272.727272727321 1272.727272727273
1096 727.2727272724794 1272.727272727321 1454.545454545455
1097 727.2727272724794 1272.727272727321 1636.363636363636
1098 727.2727272724794 1272.727272727321 1818.181818181818
1099 727.2727272725291 1454.545454545491 181.8181818181818
1100 727.2727272725291 1454.545454545491 363.6363636363636
1101 727.2727272725291 1454.545454545491 545.4545454545454
1102 727.2727272725291 1454.545454545491 727.2727272727273
1103 727.2727272725291 1454.545454545491 909.090909090909
1104 727.2727272725291 1454.545454545491 1090.909090909091
1105 727.2727272725291 1454.545454545491 1272.727272727273
1106 727.2727272725291 1454.545454545491 1454.545454545455
1107 727.2727272725291 1454.545454545491 1636.363636363636
1108 727.2727272725291 1454.545454545491 1818.181818181818
1109 727.272727272579 1636.363636363661 181.8181818181818
1110 727.272727272579 1636.363636363661 363.6363636363636
1111 727.272727272579 1636.363636363661 545.4545454545454
1112 727.272727272579 1636.363636363661 727.2727272727273
1113 727.272727272579 1636.363636363661 909.090909090909
1114 727.272727272579 1636.363636363661 1090.909090909091
1115 727.272727272579 1636.363636363661 1272.727272727273
1116 727.272727272579 1636.363636363661 1454.545454545455
1117 727.272727272579 1636.363636363661 1636.363636363636
1118 727.272727272579 1636.363636363661 1818.181818181818
1119 727.2727272726288 1818.18181818183 181.8181818181818
1120 727.2727272726288 1818.18181818183 363.6363636363636
1121 727.2727272726288 1818.18181818183 545.4545454545454
1122 727.2727272726288 1818.18181818183 727.2727272727273
1123 727.2727272726288 1818.18181818183 909.090909090909
1124 727.2727272726288 1818.18181818183 1090.909090909091
1125 727.2727272726288 1818.18181818183 1272.727272727273
1126 727.2727272726288 1818.18181818183 1454.545454545455
1127 727.2727272726288 1818.18181818183 1636.363636363636
1128 727.2727272726288 1818.18181818183 1818.181818181818
1129 909.0909090904227 181.8181818181699 181.8181818181818
1130 909.0909090904227 181.8181818181699 363.6363636363636
1131 909.0909090904227 181.8181818181699 545.4545454545454
1132 909.0909090904227 181.8181818181699 727.2727272727273
1133 909.0909090904227 181.8181818181699 909.090909090909
1134 909.0909090904227 181.8181818181699 1090.909090909091
1135 909.0909090904227 181.8181818181699 1272.727272727273
1136 909.0909090904227 181.8181818181699 1454.545454545455
1137 909.0909090904227 181.8181818181699 1636.363636363636
1138 909.0909090904227 181.8181818181699 1818.181818181818
1139 909.0909090904649 363.6363636363396 181.8181818181818
1140 909.0909090904649 363.6363636363396 363.6363636363636
1141 909.0909090904649 363.6363636363396 545.4545454545454
1142 909.0909090904649 363.6363636363396 727.2727272727273
1143 909.0909090904649 363.6363636363396 909.090909090909
1144 909.0909090904649 363.6363636363396 1090.909090909091
1145 909.0909090904649 363.6363636363396 1272.727272727273
1146 909.0909090904649 363.6363636363396 1454.545454545455
1147 909.0909090904649 363.6363636363396 1636.363636363636
1148 909.0909090904649 363.6363636363396 1818.181818181818
1149 909.0909090905077 545.4545454545089 181.8181818181818
1150 909.0909090905077 545.4545454545089 363.6363636363636
1151 909.0909090905077 545.4545454545089 545.4545454545454
1152 909.0909090905077 545.4545454545089 727.2727272727273
1153 909.0909090905077 545.4545454545089 909.090909090909
1154 909.0909090905077 545.4545454545089 1090.909090909091
1155 909.0909090905077 545.4545454545089 1272.727272727273
1156 909.0909090905077 545.4545454545089 1454.545454545455
1157 909.0909090905077 545.4545454545089 1636.363636363636
1158 909.0909090905077 545.4545454545089 1818.181818181818
1159 909.0909090905503 727.2727272726786 181.8181818181818
1160 909.0909090905503 727.2727272726786 363.6363636363636
1161 909.0909090905503 727.2727272726786 545.4545454545454
1162 909.0909090905503 727.2727272726786 727.2727272727273
1163 909.0909090905503 727.2727272726786 909.090909090909
1164 909.0909090905503 727.2727272726786 1090.909090909091
1165 909.0909090905503 727.2727272726786 1272.727272727273
1166 909.0909090905503 727.2727272726786 1454.545454545455
1167 909.0909090905503 727.2727272726786 1636.363636363636
1168 909.0909090905503 727.2727272726786 1818.181818181818
1169 909.0909090905927 909.0909090908483 181.8181818181818
1170 909.0909090905927 909.0909090908483 363.6363636363636
1171 909.0909090905927 909.0909090908483 545.4545454545454
1172 909.0909090905927 909.0909090908483 727.2727272727273
1173 909.0909090905927 909.0909090908483 909.090909090909
1174 909.0909090905927 909.0909090908483 1090.909090909091
1175 909.0909090905927 909.0909090908483 1272.727272727273
1176 909.0909090905927 909.0909090908483 1454.545454545455
1177 909.0909090905927 909.0909090908483 1636.363636363636
1178 909.0909090905927 909.0909090908483 1818.181818181818
1179 909.0909090906353 1090.909090909151 181.8181818181818
1180 909.0909090906353 1090.909090909151 363.6363636363636
1181 909.0909090906353 1090.909090909151 545.4545454545454
1182 909.0909090906353 1090.909090909151 727.2727272727273
1183 909.0909090906353 1090.909090909151 909.090909090909
1184 909.0909090906353 1090.909090909151 1090.909090909091
1185 909.0909090906353 1090.909090909151 1272.727272727273
1186 909.0909090906353 1090.909090909151 1454.545454545455
1187 909.0909090906353 1090.909090909151 1636.363636363636
1188 909.0909090906353 1090.909090909151 1818.181818181818
1189 909.090909090678 1272.727272727321 181.8181818181818
1190 909.090909090678 1272.727272727321 363.6363636363636
1191 909.090909090678 1272.727272727321 545.4545454545454
1192 909.090909090678 1272.727272727321 727.2727272727273
1193 909.090909090678 1272.727272727321 909.090909090909
1194 909.090909090678 1272.727272727321 1090.909090909091
1195 909.090909090678 1272.727272727321 1272.727272727273
1196 909.090909090678 1272.727272727321 1454.545454545455
1197 909.090909090678 1272.727272727321 1636.363636363636
1198 909.090909090678 1272.727272727321 1818.181818181818
1199 909.0909090907205 1454.545454545491 181.8181818181818
1200 909.0909090907205 1454.545454545491 363.6363636363636
1201 909.0909090907205 1454.545454545491 545.4545454545454
1202 909.0909090907205 1454.545454545491 727.2727272727273
1203 909.0909090907205 1454.545454545491 909.090909090909
1204 909.0909090907205 1454.545454545491 1090.909090909091
1205 909.0909090907205 1454.545454545491 1272.727272727273
1206 909.0909090907205 1454.545454545491 1454.545454545455
1207 909.0909090907205 1454.545454545491 1636.363636363636
1208 909.0909090907205 1454.545454545491 1818.181818181818
1209 909.090909090763 1636.36363636366 181.8181818181818
1210 909.090909090763 1636.36363636366 363.6363636363636
1211 909.090909090763 1636.36363636366 545.4545454545454
1212 909.090909090763 1636.36363636366 727.2727272727273
1213 909.090909090763 1636.36363636366 909.090909090909
1214 909.090909090763 1636.36363636366 1090.909090909091
1215 909.090909090763 1636.36363636366 1272.727272727273
1216 909.090909090763 1636.36363636366 1454.545454545455
1217 909.090909090763 1636.36363636366 1636.363636363636
1218 909.090909090763 1636.36363636366 1818.181818181818
1219 909.0909090908058 1818.18181818183 181.8181818181818
1220 909.0909090908058 1818.18181818183 363.6363636363636
1221 909.0909090908058 1818.18181818183 545.4545454545454
1222 909.0909090908058 1818.18181818183 727.2727272727273
1223 909.0909090908058 1818.18181818183 909.090909090909
1224 909.0909090908058 1818.18181818183 1090.909090909091
1225 909.0909090908058 1818.18181818183 1272.727272727273
1226 909.0909090908058 1818.18181818183 1454.545454545455
1227 909.0909090908058 1818.18181818183 1636.363636363636
1228 909.0909090908058 1818.18181818183 1818.181818181818
1229 1090.909090908797 181.8181818181699 181.8181818181818
1230 1090.909090908797 181.8181818181699 363.6363636363636
1231 1090.909090908797 181.8181818181699 545.4545454545454
1232 1090.909090908797 181.8181818181699 727.2727272727273
1233 1090.909090908797 181.8181818181699 909.090909090909
1234 1090.909090908797 181.8181818181699 1090.909090909091
1235 1090.909090908797 181.8181818181699 1272.727272727273
1236 1090.909090908797 181.8181818181699 1454.545454545455
1237 1090.909090908797 181.8181818181699 1636.363636363636
1238 1090.909090908797 181.8181818181699 1818.181818181818
1239 1090.909090908832 363.6363636363396 181.8181818181818
1240 1090.909090908832 363.6363636363396 363.6363636363636
1241 1090.909090908832 363.6363636363396 545.4545454545454
1242 1090.909090908832 363.6363636363396 727.2727272727273
1243 1090.909090908832 363.6363636363396 909.090909090909
1244 1090.909090908832 363.6363636363396 1090.909090909091
1245 1090.909090908832 363.6363636363396 1272.727272727273
1246 1090.909090908832 363.6363636363396 1454.545454545455
1247 1090.909090908832 363.6363636363396 1636.363636363636
1248 1090.909090908832 363.6363636363396 1818.181818181818
1249 1090.909090908868 545.4545454545089 181.8181818181818
1250 1090.909090908868 545.4545454545089 363.6363636363636
1251 1090.909090908868 545.4545454545089 545.4545454545454
1252 1090.909090908868 545.4545454545089 727.2727272727273
1253 1090.909090908868 545.4545454545089 909.090909090909
1254 1090.909090908868 545.4545454545089 1090.909090909091
1255 1090.909090908868 545.4545454545089 1272.727272727273
1256 1090.909090908868 545.4545454545089 1454.545454545455
1257 1090.909090908868 545.4545454545089 1636.363636363636
1258 1090.909090908868 545.4545454545089 1818.181818181818
1259 1090.909090908903 727.2727272726786 181.8181818181818
1260 1090.909090908903 727.2727272726786 363.6363636363636
1261 1090.909090908903 727.2727272726786 545.4545454545454
1262 1090.909090908903 727.2727272726786 727.2727272727273
1263 1090.909090908903 727.2727272726786 909.090909090909
1264 1090.909090908903 727.2727272726786 1090.909090909091
1265 1090.909090908903 727.2727272726786 1272.727272727273
1266 1090.909090908903 727.2727272726786 1454.545454545455
1267 1090.909090908903 727.2727272726786 1636.363636363636
1268 1090.909090908903 727.2727272726786 1818.181818181818
1269 1090.909090908939 909.0909090908483 181.8181818181818
1270 1090.909090908939 909.0909090908483 363.6363636363636
1271 1090.909090908939 909.0909090908483 545.4545454545454
1272 1090.909090908939 909.0909090908483 727.2727272727273
1273 1090.909090908939 909.0909090908483 909.090909090909
1274 1090.909090908939 909.0909090908483 1090.909090909091
1275 1090.909090908939 909.0909090908483 1272.727272727273
1276 1090.909090908939 909.0909090908483 1454.545454545455
1277 1090.909090908939 909.0909090908483 1636.363636363636
1278 1090.909090908939 909.0909090908483 1818.181818181818
1279 1090.909090908974 1090.909090909151 181.8181818181818
1280 1090.909090908974 1090.909090909151 363.6363636363636
1281 1090.909090908974 1090.909090909151 545.4545454545454
1282 1090.909090908974 1090.909090909151 727.2727272727273
1283 1090.909090908974 1090.909090909151 909.090909090909
1284 1090.909090908974 1090.909090909151 1090.909090909091
1285 1090.909090908974 1090.909090909151 1272.727272727273
1286 1090.909090908974 1090.909090909151 1454.545454545455
1287 1090.909090908974 1090.909090909151 1636.363636363636
1288 1090.909090908974 1090.909090909151 1818.181818181818
1289 1090.909090909009 1272.727272727321 181.8181818181818
1290 1090.909090909009 1272.727272727321 363.6363636363636
1291 1090.909090909009 1272.727272727321 545.4545454545454
1292 1090.909090909009 1272.727272727321 727.2727272727273
1293 1090.909090909009 1272.727272727321 909.090909090909
1294 1090.909090909009 1272.727272727321 1090.909090909091
1295 1090.909090909009 1272.727272727321 1272.727272727273
1296 1090.909090909009 1272.727272727321 1454.545454545455
1297 1090.909090909009 1272.727272727321 1636.363636363636
1298 1090.909090909009 1272.727272727321 1818.181818181818
1299 1090.909090909045 1454.545454545491 181.8181818181818
1300 1090.909090909045 1454.545454545491 363.6363636363636
1301 1090.909090909045 1454.545454545491 545.4545454545454
1302 1090.909090909045 1454.545454545491 727.2727272727273
1303 1090.909090909045 1454.545454545491 909.090909090909
1304 1090.909090909045 1454.545454545491 1090.909090909091
1305 1090.909090909045 1454.545454545491 1272.727272727273
1306 1090.909090909045 1454.545454545491 1454.545454545455
1307 1090.909090909045 1454.545454545491 1636.363636363636
1308 1090.909090909045 1454.545454545491 1818.181818181818
1309 1090.909090909081 1636.36363636366 181.8181818181818
1310 1090.909090909081 1636.36363636366 363.6363636363636
1311 1090.909090909081 1636.36363636366 545.4545454545454
1312 1090.909090909081 1636.36363636366 727.2727272727273
1313 1090.909090909081 1636.36363636366 909.090909090909
1314 1090.909090909081 1636.36363636366 1090.909090909091
1315 1090.909090909081 1636.36363636366 1272.727272727273
1316 1090.909090909081 1636.36363636366 1454.545454545455
1317 1090.909090909081 1636.36363636366 1636.363636363636
1318 1090.909090909081 1636.36363636366 1818.181818181818
1319 1090.909090909116 1818.18181818183 181.8181818181818
1320 1090.909090909116 1818.18181818183 363.6363636363636
1321 1090.909090909116 1818.18181818183 545.4545454545454
1322 1090.909090909116 1818.18181818183 727.2727272727273
1323 1090.909090909116 1818.18181818183 909.090909090909
1324 1090.909090909116 1818.18181818183 1090.909090909091
1325 1090.909090909116 1818.18181818183 1272.727272727273
1326 1090.909090909116 1818.18181818183 1454.545454545455
1327 1090.909090909116 1818.18181818183 1636.363636363636
1328 1090.909090909116 1818.18181818183 1818.181818181818
1329 1272.727272727038 181.8181818181699 181.8181818181818
1330 1272.727272727038 181.8181818181699 363.6363636363636
1331 1272.727272727038 181.8181818181699 545.4545454545454
1332 1272.727272727038 181.8181818181699 727.2727272727273
1333 1272.727272727038 181.8181818181699 909.090909090909
1334 1272.727272727038 181.8181818181699 1090.909090909091
1335 1272.727272727038 181.8181818181699 1272.727272727273
1336 1272.727272727038 181.8181818181699 1454.545454545455
1337 1272.727272727038 181.8181818181699 1636.363636363636
1338 1272.727272727038 181.8181818181699 1818.181818181818
1339 1272.727272727066 363.6363636363396 181.8181818181818
1340 1272.727272727066 363.6363636363396 363.6363636363636
1341 1272.727272727066 363.6363636363396 545.4545454545454
1342 1272.727272727066 363.6363636363396 727.2727272727273
1343 1272.727272727066 363.6363636363396 909.090909090909
1344 1272.727272727066 363.6363636363396 1090.909090909091
1345 1272.727272727066 363.6363636363396 1272.727272727273
1346 1272.727272727066 363.6363636363396 1454.545454545455
1347 1272.727272727066 363.6363636363396 1636.363636363636
1348 1272.727272727066 363.6363636363396 1818.181818181818
1349 1272.727272727094 545.4545454545089 181.8181818181818
1350 1272.727272727094 545.4545454545089 363.6363636363636
1351 1272.727272727094 545.4545454545089 545.4545454545454
1352 1272.727272727094 545.4545454545089 727.2727272727273
1353 1272.727272727094 545.4545454545089 909.090909090909
1354 1272.727272727094 545.4545454545089 1090.909090909091
1355 1272.727272727094 545.4545454545089 1272.727272727273
1356 1272.727272727094 545.4545454545089 1454.545454545455
1357 1272.727272727094 545.4545454545089 1636.363636363636
1358 1272.727272727094 545.4545454545089 1818.181818181818
1359 1272.727272727122 727.2727272726786 181.8181818181818
1360 1272.727272727122 727.2727272726786 363.6363636363636
1361 1272.727272727122 727.2727272726786 545.4545454545454
1362 1272.727272727122 727.2727272726786 727.2727272727273
1363 1272.727272727122 727.2727272726786 909.090909090909
1364 1272.727272727122 727.2727272726786 1090.909090909091
1365 1272.727272727122 727.2727272726786 1272.727272727273
1366 1272.727272727122 727.2727272726786 1454.545454545455
1367 1272.727272727122 727.2727272726786 1636.363636363636
1368 1272.727272727122 727.2727272726786 1818.181818181818
1369 1272.727272727151 909.0909090908483 181.8181818181818
1370 1272.727272727151 909.0909090908483 363.6363636363636
1371 1272.727272727151 909.0909090908483 545.4545454545454
1372 1272.727272727151 909.0909090908483 727.2727272727273
1373 1272.727272727151 909.0909090908483 909.090909090909
1374 1272.727272727151 909.0909090908483 1090.909090909091
1375 1272.727272727151 909.0909090908483 1272.727272727273
1376 1272.727272727151 909.0909090908483 1454.545454545455
1377 1272.727272727151 909.0909090908483 1636.363636363636
1378 1272.727272727151 909.0909090908483 1818.181818181818
1379 1272.727272727179 1090.909090909151 181.8181818181818
1380 1272.727272727179 1090.909090909151 363.6363636363636
1381 1272.727272727179 1090.909090909151 545.4545454545454
1382 1272.727272727179 1090.909090909151 727.2727272727273
1383 1272.727272727179 1090.909090909151 909.090909090909
1384 1272.727272727179 1090.909090909151 1090.909090909091
1385 1272.727272727179 1090.909090909151 1272.727272727273
1386 1272.727272727179 1090.909090909151 1454.545454545455
1387 1272.727272727179 1090.909090909151 1636.363636363636
1388 1272.727272727179 1090.909090909151 1818.181818181818
1389 1272.727272727207 1272.727272727321 181.8181818181818
1390 1272.727272727207 1272.727272727321 363.6363636363636
1391 1272.727272727207 1272.727272727321 545.4545454545454
1392 1272.727272727207 1272.727272727321 727.2727272727273
1393 1272.727272727207 1272.727272727321 909.090909090909
1394 1272.727272727207 1272.727272727321 1090.909090909091
1395 1272.727272727207 1272.727272727321 1272.727272727273
1396 1272.727272727207 1272.727272727321 1454.545454545455
1397 1272.727272727207 1272.727272727321 1636.363636363636
1398 1272.727272727207 1272.727272727321 1818.181818181818
1399 1272.727272727236 1454.545454545491 181.8181818181818
1400 1272.727272727236 1454.545454545491 363.6363636363636
1401 1272.727272727236 1454.545454545491 545.4545454545454
1402 1272.727272727236 1454.545454545491 727.2727272727273
1403 1272.727272727236 1454.545454545491 909.090909090909
1404 1272.727272727236 1454.545454545491 1090.909090909091
1405 1272.727272727236 1454.545454545491 1272.727272727273
1406 1272.727272727236 1454.545454545491 1454.545454545455
1407 1272.727272727236 1454.545454545491 1636.363636363636
1408 1272.727272727236 1454.545454545491 1818.181818181818
1409 1272.727272727264 1636.36363636366 181.8181818181818
1410 1272.727272727264 1636.36363636366 363.6363636363636
1411 1272.727272727264 1636.36363636366 545.4545454545454
1412 1272.727272727264 1636.36363636366 727.2727272727273
1413 1272.727272727264 1636.36363636366 909.090909090909
1414 1272.727272727264 1636.36363636366 1090.909090909091
1415 1272.727272727264 1636.36363636366 1272.727272727273
1416 1272.727272727264 1636.36363636366 1454.545454545455
1417 1272.727272727264 1636.36363636366 1636.363636363636
1418 1272.727272727264 1636.36363636366 1818.181818181818
1419 1272.727272727293 1818.18181818183 181.8181818181818
1420 1272.727272727293 1818.18181818183 363.6363636363636
1421 1272.727272727293 1818.18181818183 545.4545454545454
1422 1272.727272727293 1818.18181818183 727.2727272727273
1423 1272.727272727293 1818.18181818183 909.090909090909
1424 1272.727272727293 1818.18181818183 1090.909090909091
1425 1272.727272727293 1818.18181818183 1272.727272727273
1426 1272.727272727293 1818.18181818183 1454.545454545455
1427 1272.727272727293 1818.18181818183 1636.363636363636
1428 1272.727272727293 1818.18181818183 1818.181818181818
1429 1454.545454545278 181.8181818181699 181.8181818181818
1430 1454.545454545278 181.8181818181699 363.6363636363636
1431 1454.545454545278 181.8181818181699 545.4545454545454
1432 1454.545454545278 181.8181818181699 727.2727272727273
1433 1454.545454545278 181.8181818181699 909.090909090909
1434 1454.545454545278 181.8181818181699 1090.909090909091
1435 1454.545454545278 181.8181818181699 1272.727272727273
1436 1454.545454545278 181.8181818181699 1454.545454545455
1437 1454.545454545278 181.8181818181699 1636.363636363636
1438 1454.545454545278 181.8181818181699 1818.181818181818
1439 1454.545454545299 363.6363636363396 181.8181818181818
1440 1454.545454545299 363.6363636363396 363.6363636363636
1441 1454.545454545299 363.6363636363396 545.4545454545454
1442 1454.545454545299 363.6363636363396 727.2727272727273
1443 1454.545454545299 363.6363636363396 909.090909090909
1444 1454.545454545299 363.6363636363396 1090.909090909091
1445 1454.545454545299 363.6363636363396 1272.727272727273
1446 1454.545454545299 363.6363636363396 1454.545454545455
1447 1454.545454545299 363.6363636363396 1636.363636363636
1448 1454.545454545299 363.6363636363396 1818.181818181818
1449 1454.545454545321 545.4545454545089 181.8181818181818
1450 1454.545454545321 545.4545454545089 363.6363636363636
1451 1454.545454545321 545.4545454545089 545.4545454545454
1452 1454.545454545321 545.4545454545089 727.2727272727273
1453 1454.545454545321 545.4545454545089 909.090909090909
1454 1454.545454545321 545.4545454545089 1090.909090909091
1455 1454.545454545321 545.4545454545089 1272.727272727273
1456 1454.545454545321 545.4545454545089 1454.545454545455
1457 1454.545454545321 545.4545454545089 1636.363636363636
1458 1454.545454545321 545.4545454545089 1818.181818181818
1459 1454.545454545342 727.2727272726787 181.8181818181818
1460 1454.545454545342 727.2727272726787 363.6363636363636
1461 1454.545454545342 727.2727272726787 545.4545454545454
1462 1454.545454545342 727.2727272726787 727.2727272727273
1463 1454.545454545342 727.2727272726787 909.090909090909
1464 1454.545454545342 727.2727272726787 1090.909090909091
1465 1454.545454545342 727.2727272726787 1272.727272727273
1466 1454.545454545342 727.2727272726787 1454.545454545455
1467 1454.545454545342 727.2727272726787 1636.363636363636
1468 1454.545454545342 727.2727272726787 1818.181818181818
1469 1454.545454545363 909.0909090908483 181.8181818181818
1470 1454.545454545363 909.0909090908483 363.6363636363636
1471 1454.545454545363 909.0909090908483 545.4545454545454
1472 1454.545454545363 909.0909090908483 727.2727272727273
1473 1454.545454545363 909.0909090908483 909.090909090909
1474 1454.545454545363 909.0909090908483 1090.909090909091
1475 1454.545454545363 909.0909090908483 1272.727272727273
1476 1454.545454545363 909.0909090908483 1454.545454545455
1477 1454.545454545363 909.0909090908483 1636.363636363636
1478 1454.545454545363 909.0909090908483 1818.181818181818
1479 1454.545454545384 1090.909090909151 181.8181818181818
1480 1454.545454545384 1090.909090909151 363.6363636363636
1481 1454.545454545384 1090.909090909151 545.4545454545454
1482 1454.545454545384 1090.909090909151 727.2727272727273
1483 1454.545454545384 1090.909090909151 909.090909090909
1484 1454.545454545384 1090.909090909151 1090.909090909091
1485 1454.545454545384 1090.909090909151 1272.727272727273
1486 1454.545454545384 1090.909090909151 1454.545454545455
1487 1454.545454545384 1090.909090909151 1636.363636363636
1488 1454.545454545384 1090.909090909151 1818.181818181818
1489 1454.545454545406 1272.727272727321 181.8181818181818
1490 1454.545454545406 1272.727272727321 363.6363636363636
1491 1454.545454545406 1272.727272727321 545.4545454545454
1492 1454.545454545406 1272.727272727321 727.2727272727273
1493 1454.545454545406 1272.727272727321 909.090909090909
1494 1454.545454545406 1272.727272727321 1090.909090909091
1495 1454.545454545406 1272.727272727321 1272.727272727273
1496 1454.545454545406 1272.727272727321 1454.545454545455
1497 1454.545454545406 1272.727272727321 1636.363636363636
1498 1454.545454545406 1272.727272727321 1818.181818181818
1499 1454.545454545427 1454.545454545491 181.8181818181818
1500 1454.545454545427 1454.545454545491 363.6363636363636
1501 1454.545454545427 1454.545454545491 545.4545454545454
1502 1454.545454545427 1454.545454545491 727.2727272727273
1503 1454.545454545427 1454.545454545491 909.090909090909
1504 1454.545454545427 1454.545454545491 1090.909090909091
1505 1454.545454545427 1454.545454545491 1272.727272727273
1506 1454.545454545427 1454.545454545491 1454.545454545455
1507 1454.545454545427 1454.545454545491 1636.363636363636
1508 1454.545454545427 1454.545454545491 1818.181818181818
1509 1454.545454545448 1636.36363636366 181.8181818181818
1510 1454.545454545448 1636.36363636366 363.6363636363636
1511 1454.545454545448 1636.36363636366 545.4545454545454
1512 1454.545454545448 1636.36363636366 727.2727272727273
1513 1454.545454545448 1636.36363636366 909.090909090909
1514 1454.545454545448 1636.36363636366 1090.909090909091
1515 1454.545454545448 1636.36363636366 1272.727272727273
1516 1454.545454545448 1636.36363636366 1454.545454545455
1517 1454.545454545448 1636.36363636366 1636.363636363636
1518 1454.545454545448 1636.36363636366 1818.181818181818
1519 1454.545454545469 1818.18181818183 181.8181818181818
1520 1454.545454545469 1818.18181818183 363.6363636363636
1521 1454.545454545469 1818.18181818183 545.4545454545454
1522 1454.545454545469 1818.18181818183 727.2727272727273
1523 1454.545454545469 1818.18181818183 909.090909090909
1524 1454.545454545469 1818.18181818183 1090.909090909091
1525 1454.545454545469 1818.18181818183 1272.727272727273
1526 1454.545454545469 1818.18181818183 1454.545454545455
1527 1454.545454545469 1818.18181818183 1636.363636363636
1528 1454.545454545469 1818.18181818183 1818.181818181818
1529 1636.363636363519 181.8181818181699 181.8181818181818
1530 1636.363636363519 181.8181818181699 363.6363636363636
1531 1636.363636363519 181.8181818181699 545.4545454545454
1532 1636.363636363519 181.8181818181699 727.2727272727273
1533 1636.363636363519 181.8181818181699 909.090909090909
1534 1636.363636363519 181.8181818181699 1090.909090909091
1535 1636.363636363519 181.8181818181699 1272.727272727273
1536 1636.363636363519 181.8181818181699 1454.545454545455
1537 1636.363636363519 181.8181818181699 1636.363636363636
1538 1636.363636363519 181.8181818181699 1818.181818181818
1539 1636.363636363533 363.6363636363396 181.8181818181818
1540 1636.363636363533 363.6363636363396 363.6363636363636
1541 1636.363636363533 363.6363636363396 545.4545454545454
1542 1636.363636363533 363.6363636363396 727.2727272727273
1543 1636.363636363533 363.6363636363396 909.090909090909
1544 1636.363636363533 363.6363636363396 1090.909090909091
1545 1636.363636363533 363.6363636363396 1272.727272727273
1546 1636.363636363533 363.6363636363396 1454.545454545455
1547 1636.363636363533 363.6363636363396 1636.363636363636
1548 1636.363636363533 363.6363636363396 1818.181818181818
1549 1636.363636363547 545.4545454545089 181.8181818181818
1550 1636.363636363547 545.4545454545089 363.6363636363636
1551 1636.363636363547 545.4545454545089 545.4545454545454
1552 1636.363636363547 545.4545454545089 727.2727272727273
1553 1636.363636363547 545.4545454545089 909.090909090909
1554 1636.363636363547 545.4545454545089 1090.909090909091
1555 1636.363636363547 545.4545454545089 1272.727272727273
1556 1636.363636363547 545.4545454545089 1454.545454545455
1557 1636.363636363547 545.4545454545089 1636.363636363636
1558 1636.363636363547 545.4545454545089 1818.181818181818
1559 1636.363636363561 727.2727272726786 181.8181818181818
1560 1636.363636363561 727.2727272726786 363.6363636363636
1561 1636.363636363561 727.2727272726786 545.4545454545454
1562 1636.363636363561 727.2727272726786 727.2727272727273
1563 1636.363636363561 727.2727272726786 909.090909090909
1564 1636.363636363561 727.2727272726786 1090.909090909091
1565 1636.363636363561 727.2727272726786 1272.727272727273
1566 1636.363636363561 727.2727272726786 1454.545454545455
1567 1636.363636363561 727.2727272726786 1636.363636363636
1568 1636.363636363561 727.2727272726786 1818.181818181818
1569 1636.363636363576 909.0909090908483 181.8181818181818
1570 1636.363636363576 909.0909090908483 363.6363636363636
1571 1636.363636363576 909.0909090908483 545.4545454545454
1572 1636.363636363576 909.0909090908483 727.2727272727273
1573 1636.363636363576 909.0909090908483 909.090909090909
1574 1636.363636363576 909.0909090908483 1090.909090909091
1575 1636.363636363576 909.0909090908483 1272.727272727273
1576 1636.363636363576 909.0909090908483 1454.545454545455
1577 1636.363636363576 909.0909090908483 1636.363636363636
1578 1636.363636363576 909.0909090908483 1818.181818181818
1579 1636.36363636359 1090.909090909151 181.8181818181818
1580 1636.36363636359 1090.909090909151 363.6363636363636
1581 1636.36363636359 1090.909090909151 545.4545454545454
1582 1636.36363636359 1090.909090909151 727.2727272727273
1583 1636.36363636359 1090.909090909151 909.090909090909
1584 1636.36363636359 1090.909090909151 1090.909090909091
1585 1636.36363636359 1090.909090909151 1272.727272727273
1586 1636.36363636359 1090.909090909151 1454.545454545455
1587 1636.36363636359 1090.909090909151 1636.363636363636
1588 1636.36363636359 1090.909090909151 1818.181818181818
1589 1636.363636363603 1272.727272727321 181.8181818181818
1590 1636.363636363603 1272.727272727321 363.6363636363636
1591 1636.363636363603 1272.727272727321 545.4545454545454
1592 1636.363636363603 1272.727272727321 727.2727272727273
1593 1636.363636363603 1272.727272727321 909.090909090909
1594 1636.363636363603 1272.727272727321 1090.909090909091
1595 1636.363636363603 1272.727272727321 1272.727272727273
1596 1636.363636363603 1272.727272727321 1454.545454545455
1597 1636.363636363603 1272.727272727321 1636.363636363636
1598 1636.363636363603 1272.727272727321 1818.181818181818
1599 1636.363636363618 1454.545454545491 181.8181818181818
1600 1636.363636363618 1454.545454545491 363.6363636363636
1601 1636.363636363618 1454.545454545491 545.4545454545454
1602 1636.363636363618 1454.545454545491 727.2727272727273
1603 1636.363636363618 1454.545454545491 909.090909090909
1604 1636.363636363618 1454.545454545491 1090.909090909091
1605 1636.363636363618 1454.545454545491 1272.727272727273
1606 1636.363636363618 1454.545454545491 1454.545454545455
1607 1636.363636363618 1454.545454545491 1636.363636363636
1608 1636.363636363618 1454.545454545491 1818.181818181818
1609 1636.363636363632 1636.36363636366 181.8181818181818
1610 1636.363636363632 1636.36363636366 363.6363636363636
1611 1636.363636363632 1636.36363636366 545.4545454545454
1612 1636.363636363632 1636.36363636366 727.2727272727273
1613 1636.363636363632 1636.36363636366 909.090909090909
1614 1636.363636363632 1636.36363636366 1090.909090909091
1615 1636.363636363632 1636.36363636366 1272.727272727273
1616 1636.363636363632 1636.36363636366 1454.545454545455
1617 1636.363636363632 1636.36363636366 1636.363636363636
1618 1636.363636363632 1636.36363636366 1818.181818181818
1619 1636.363636363646 1818.18181818183 181.8181818181818
1620 1636.363636363646 1818.18181818183 363.6363636363636
1621 1636.363636363646 1818.18181818183 545.4545454545454
1622 1636.363636363646 1818.18181818183 727.2727272727273
1623 1636.363636363646 1818.18181818183 909.090909090909
1624 1636.363636363646 1818.18181818183 1090.909090909091
1625 1636.363636363646 1818.18181818183 1272.727272727273
1626 1636.363636363646 1818.18181818183 1454.545454545455
1627 1636.363636363646 1818.18181818183 1636.363636363636
1628 1636.363636363646 1818.18181818183 1818.181818181818
1629 1818.181818181759 181.8181818181699 181.8181818181818
1630 1818.181818181759 181.8181818181699 363.6363636363636
1631 1818.181818181759 181.8181818181699 545.4545454545454
1632 1818.181818181759 181.8181818181699 727.2727272727273
1633 1818.181818181759 181.8181818181699 909.090909090909
1634 1818.181818181759 181.8181818181699 1090.909090909091
1635 1818.181818181759 181.8181818181699 1272.727272727273
1636 1818.181818181759 181.8181818181699 1454.545454545455
1637 1818.181818181759 181.8181818181699 1636.363636363636
1638 1818.181818181759 181.8181818181699 1818.181818181818
1639 1818.181818181766 363.6363636363396 181.8181818181818
1640 1818.181818181766 363.6363636363396 363.6363636363636
1641 1818.181818181766 363.6363636363396 545.4545454545454
1642 1818.181818181766 363.6363636363396 727.2727272727273
1643 1818.181818181766 363.6363636363396 909.090909090909
1644 1818.181818181766 363.6363636363396 1090.909090909091
1645 1818.181818181766 363.6363636363396 1272.727272727273
1646 1818.181818181766 363.6363636363396 1454.545454545455
1647 1818.181818181766 363.6363636363396 1636.363636363636
1648 1818.181818181766 363.6363636363396 1818.181818181818
1649 1818.181818181773 545.4545454545089 181.8181818181818
1650 1818.181818181773 545.4545454545089 363.6363636363636
1651 1818.181818181773 545.4545454545089 545.4545454545454
1652 1818.181818181773 545.4545454545089 727.2727272727273
1653 1818.181818181773 545.4545454545089 909.090909090909
1654 1818.181818181773 545.4545454545089 1090.909090909091
1655 1818.181818181773 545.4545454545089 1272.727272727273
1656 1818.181818181773 545.4545454545089 1454.545454545455
1657 1818.181818181773 545.4545454545089 1636.363636363636
1658 1818.181818181773 545.4545454545089 1818.181818181818
1659 1818.18181818178 727.2727272726786 181.8181818181818
1660 1818.18181818178 727.2727272726786 363.6363636363636
1661 1818.18181818178 727.2727272726786 545.4545454545454
1662 1818.18181818178 727.2727272726786 727.2727272727273
1663 1818.18181818178 727.2727272726786 909.090909090909
1664 1818.18181818178 727.2727272726786 1090.909090909091
1665 1818.18181818178 727.2727272726786 1272.727272727273
1666 1818.18181818178 727.2727272726786 1454.545454545455
1667 1818.18181818178 727.2727272726786 1636.363636363636
1668 1818.18181818178 727.2727272726786 1818.181818181818
1669 1818.181818181788 909.0909090908483 181.8181818181818
1670 1818.181818181788 909.0909090908483 363.6363636363636
1671 1818.181818181788 909.0909090908483 545.4545454545454
1672 1818.181818181788 909.0909090908483 727.2727272727273
1673 1818.181818181788 909.0909090908483 909.090909090909
1674 1818.181818181788 909.0909090908483 1090.909090909091
1675 1818.181818181788 909.0909090908483 1272.727272727273
1676 1818.181818181788 909.0909090908483 1454.545454545455
1677 1818.181818181788 909.0909090908483 1636.363636363636
1678 1818.181818181788 909.0909090908483 1818.181818181818
1679 1818.181818181795 1090.909090909151 181.8181818181818
1680 1818.181818181795 1090.909090909151 363.6363636363636
1681 1818.181818181795 1090.909090909151 545.4545454545454
1682 1818.181818181795 1090.909090909151 727.2727272727273
1683 1818.181818181795 1090.909090909151 909.090909090909
1684 1818.181818181795 1090.909090909151 1090.909090909091
1685 1818.181818181795 1090.909090909151 1272.727272727273
1686 1818.181818181795 1090.909090909151 1454.545454545455
1687 1818.181818181795 1090.909090909151 1636.363636363636
1688 1818.181818181795 1090.909090909151 1818.181818181818
1689 1818.181818181802 1272.727272727321 181.8181818181818
1690 1818.181818181802 1272.727272727321 363.6363636363636
1691 1818.181818181802 1272.727272727321 545.4545454545454
1692 1818.181818181802 1272.727272727321 727.2727272727273
1693 1818.181818181802 1272.727272727321 909.090909090909
1694 1818.181818181802 1272.727272727321 1090.909090909091
1695 1818.181818181802 1272.727272727321 1272.727272727273
1696 1818.181818181802 1272.727272727321 1454.545454545455
1697 1818.181818181802 1272.727272727321 1636.363636363636
1698 1818.181818181802 1272.727272727321 1818.181818181818
1699 1818.181818181809 1454.545454545491 181.8181818181818
1700 1818.181818181809 1454.545454545491 363.6363636363636
1701 1818.181818181809 1454.545454545491 545.4545454545454
1702 1818.181818181809 1454.545454545491 727.2727272727273
1703 1818.181818181809 1454.545454545491 909.090909090909
1704 1818.181818181809 1454.545454545491 1090.909090909091
1705 1818.181818181809 1454.545454545491 1272.727272727273
1706 1818.181818181809 1454.545454545491 1454.545454545455
1707 1818.181818181809 1454.545454545491 1636.363636363636
1708 1818.181818181809 1454.545454545491 1818.181818181818
1709 1818.181818181816 1636.36363636366 181.8181818181818
1710 1818.181818181816 1636.36363636366 363.6363636363636
1711 1818.181818181816 1636.36363636366 545.4545454545454
1712 1818.181818181816 1636.36363636366 727.2727272727273
1713 1818.181818181816 1636.36363636366 909.090909090909
1714 1818.181818181816 1636.36363636366 1090.909090909091
1715 1818.181818181816 1636.36363636366 1272.727272727273
1716 1818.181818181816 1636.36363636366 1454.545454545455
1717 1818.181818181816 1636.36363636366 1636.363636363636
1718 1818.181818181816 1636.36363636366 1818.181818181818
1719 1818.181818181823 1818.18181818183 181.8181818181818
1720 1818.181818181823 1818.18181818183 363.6363636363636
1721 1818.181818181823 1818.18181818183 545.4545454545454
1722 1818.181818181823 1818.18181818183 727.2727272727273
1723 1818.181818181823 1818.18181818183 909.090909090909
1724 1818.181818181823 1818.18181818183 1090.909090909091
1725 1818.181818181823 1818.18181818183 1272.727272727273
1726 1818.181818181823 1818.18181818183 1454.545454545455
1727 1818.181818181823 1818.18181818183 1636.363636363636
1728 1818.181818181823 1818.18181818183 1818.181818181818
$EndNodes
$Elements
2057
1 3 2 995 1 1 9 129 48
2 3 2 995 1 48 129 130 47
3 3 2 995 1 47 130 131 46
4 3 2 995 1 46 131 132 45
5 3 2 995 1 45 132 133 44
6 3 2 995 1 44 133 134 43
7 3 2 995 1 43 134 135 42
8 3 2 995 1 42 135 136 41
9 3 2 995 1 41 136 137 40
10 3 2 995 1 40 137 138 39
11 3 2 995 1 39 138 38 4
12 3 2 995 1 9 10 139 129
13 3 2 995 1 129 139 140 130
14 3 2 995 1 130 140 141 131
15 3 2 995 1 131 141 142 132
16 3 2 995 1 132 142 143 133
17 3 2 995 1 133 143 144 134
18 3 2 995 1 134 144 145 135
19 3 2 995 1 135 145 146 136
20 3 2 995 1 136 146 147 137
21 3 2 995 1 137 147 148 138
22 3 2 995 1 138 148 37 38
23 3 2 995 1 10 11 149 139
24 3 2 995 1 139 149 150 140
25 3 2 995 1 140 150 151 141
26 3 2 995 1 141 151 152 142
27 3 2 995 1 142 152 153 143
28 3 2 995 1 143 153 154 144
29 3 2 995 1 144 154 155 145
30 3 2 995 1 145 155 156 146
31 3 2 995 1 146 156 157 147
32 3 2 995 1 147 157 158 148
33 3 2 995 1 148 158 36 37
34 3 2 995 1 11 12 159 149
35 3 2 995 1 149 159 160 150
36 3 2 995 1 150 160 161 151
37 3 2 995 1 151 161 162 152
38 3 2 995 1 152 162 163 153
39 3 2 995 1 153 163 164 154
40 3 2 995 1 154 164 165 155
41 3 2 995 1 155 165 166 156
42 3 2 995 1 156 166 167 157
43 3 2 995 1 157 167 168 158
44 3 2 995 1 158 168 35 36
45 3 2 995 1 12 13 169 159
46 3 2 995 1 159 169 170 160
47 3 2 995 1 160 170 171 161
48 3 2 995 1 161 171 172 162
49 3 2 995 1 162 172 173 163
50 3 2 995 1 163 173 174 164
51 3 2 995 1 164 174 175 165
52 3 2 995 1 165 175 176 166
53 3 2 995 1 166 176 177 167
54 3 2 995 1 167 177 178 168
55 3 2 995 1 168 178 34 35
56 3 2 995 1 13 14 179 169
57 3 2 995 1 169 179 180 170
58 3 2 995 1 170 180 181 171
59 3 2 995 1 171 181 182 172
60 3 2 995 1 172 182 183 173
61 3 2 995 1 173 183 184 174
62 3 2 995 1 174 184 185 175
63 3 2 995 1 175 185 186 176
64 3 2 995 1 176 186 187 177
65 3 2 995 1 177 187 188 178
66 3 2 995 1 178 188 33 34
67 3 2 995 1 14 15 189 179
68 3 2 995 1 179 189 190 180
69 3 2 995 1 180 190 191 181
70 3 2 995 1 181 191 192 182
71 3 2 995 1 182 192 193 183
72 3 2 995 1 183 193 194 184
73 3 2 995 1 184 194 195 185
74 3 2 995 1 185 195 196 186
75 3 2 995 1 186 196 197 187
76 3 2 995 1 187 197 198 188
77 3 2 995 1 188 198 32 33
78 3 2 995 1 15 16 199 189
79 3 2 995 1 189 199 200 190
80 3 2 995 1 190 200 201 191
81 3 2 995 1 191 201 202 192
82 3 2 995 1 192 202 203 193
83 3 2 995 1 193 203 204 194
84 3 2 995 1 194 204 205 195
85 3 2 995 1 195 205 206 196
86 3 2 995 1 196 206 207 197
87 3 2 995 1 197 207 208 198
88 3 2 995 1 198 208 31 32
89 3 2 995 1 16 17 209 199
90 3 2 995 1 199 209 210 200
91 3 2 995 1 200 210 211 201
92 3 2 995 1 201 211 212 202
93 3 2 995 1 202 212 213 203
94 3 2 995 1 203 213 214 204
95 3 2 995 1 204 214 215 205
96 3 2 995 1 205 215 216 206
97 3 2 995 1 206 216 217 207
98 3 2 995 1 207 217 218 208
99 3 2 995 1 208 218 30 31
100 3 2 995 1 17 18 219 209
101 3 2 995 1 209 219 220 210
102 3 2 995 1 210 220 221 211
103 3 2 995 1 211 221 222 212
104 3 2 995 1 212 222 223 213
105 3 2 995 1 213 223 224 214
106 3 2 995 1 214 224 225 215
107 3 2 995 1 215 225 226 216
108 3 2 995 1 216 226 227 217
109 3 2 995 1 217 227 228 218
110 3 2 995 1 218 228 29 30
111 3 2 995 1 18 2 28 219
112 3 2 995 1 219 28 27 220
113 3 2 995 1 220 27 26 221
114 3 2 995 1 221 26 25 222
115 3 2 995 1 222 25 24 223
116 3 2 995 1 223 24 23 224
117 3 2 995 1 224 23 22 225
118 3 2 995 1 225 22 21 226
119 3 2 995 1 226 21 20 227
120 3 2 995 1 227 20 19 228
121 3 2 995 1 228 19 3 29
122 3 2 991 13 4 39 229 89
123 3 2 991 13 89 229 230 90
124 3 2 991 13 90 230 231 91
125 3 2 991 13 91 231 232 92
126 3 2 991 13 92 232 233 93
127 3 2 991 13 93 233 234 94
128 3 2 991 13 94 234 235 95
129 3 2 991 13 95 235 236 96
130 3 2 991 13 96 236 237 97
131 3 2 991 13 97 237 238 98
132 3 2 991 13 98 238 49 5
133 3 2 991 13 39 40 239 229
134 3 2 991 13 229 239 240 230
135 3 2 991 13 230 240 241 231
136 3 2 991 13 231 241 242 232
137 3 2 991 13 232 242 243 233
138 3 2 991 13 233 243 244 234
139 3 2 991 13 234 244 245 235
140 3 2 991 13 235 245 246 236
141 3 2 991 13 236 246 247 237
142 3 2 991 13 237 247 248 238
143 3 2 991 13 238 248 50 49
144 3 2 991 13 40 41 249 239
145 3 2 991 13 239 249 250 240
146 3 2 991 13 240 250 251 241
147 3 2 991 13 241 251 252 242
148 3 2 991 13 242 252 253 243
149 3 2 991 13 243 253 254 244
150 3 2 991 13 244 254 255 245
151 3 2 991 13 245 255 256 246
152 3 2 991 13 246 256 257 247
153 3 2 991 13 247 257 258 248
154 3 2 991 13 248 258 51 50
155 3 2 991 13 41 42 259 249
156 3 2 991 13 249 259 260 250
157 3 2 991 13 250 260 261 251
158 3 2 991 13 251 261 262 252
159 3 2 991 13 252 262 263 253
160 3 2 991 13 253 263 264 254
161 3 2 991 13 254 264 265 255
162 3 2 991 13 255 265 266 256
163 3 2 991 13 256 266 267 257
164 3 2 991 13 257 267 268 258
165 3 2 991 13 258 268 52 51
166 3 2 991 13 42 43 269 259
167 3 2 991 13 259 269 270 260
168 3 2 991 13 260 270 271 261
169 3 2 991 13 261 271 272 262
170 3 2 991 13 262 272 273 263
171 3 2 991 13 263 273 274 264
172 3 2 991 13 264 274 275 265
173 3 2 991 13 265 275 276 266
174 3 2 991 13 266 276 277 267
175 3 2 991 13 267 277 278 268
176 3 2 991 13 268 278 53 52
177 3 2 991 13 43 44 279 269
178 3 2 991 13 269 279 280 270
179 3 2 991 13 270 280 281 271
180 3 2 991 13 271 281 282 272
181 3 2 991 13 272 282 283 273
182 3 2 991 13 273 283 284 274
183 3 2 991 13 274 284 285 275
184 3 2 991 13 275 285 286 276
185 3 2 991 13 276 286 287 277
186 3 2 991 13 277 287 288 278
187 3 2 991 13 278 288 54 53
188 3 2 991 13 44 45 289 279
189 3 2 991 13 279 289 290 280
190 3 2 991 13 280 290 291 281
191 3 2 991 13 281 291 292 282
192 3 2 991 13 282 292 293 283
193 3 2 991 13 283 293 294 284
194 3 2 991 13 284 294 295 285
195 3 2 991 13 285 295 296 286
196 3 2 991 13 286 296 297 287
197 3 2 991 13 287 297 298 288
198 3 2 991 13 288 298 55 54
199 3 2 991 13 45 46 299 289
200 3 2 991 13 289 299 300 290
201 3 2 991 13 290 300 301 291
202 3 2 991 13 291 301 302 292
203 3 2 991 13 292 302 303 293
204 3 2 991 13 293 303 304 294
205 3 2 991 13 294 304 305 295
206 3 2 991 13 295 305 306 296
207 3 2 991 13 296 306 307 297
208 3 2 991 13 297 307 308 298
209 3 2 991 13 298 308 56 55
210 3 2 991 13 46 47 309 299
211 3 2 991 13 299 309 310 300
212 3 2 991 13 300 310 311 301
213 3 2 991 13 301 311 312 302
214 3 2 991 13 302 312 313 303
215 3 2 991 13 303 313 314 304
216 3 2 991 13 304 314 315 305
217 3 2 991 13 305 315 316 306
218 3 2 991 13 306 316 317 307
219 3 2 991 13 307 317 318 308
220 3 2 991 13 308 318 57 56
221 3 2 991 13 47 48 319 309
222 3 2 991 13 309 319 320 310
223 3 2 991 13 310 320 321 311
224 3 2 991 13 311 321 322 312
225 3 2 991 13 312 322 323 313
226 3 2 991 13 313 323 324 314
227 3 2 991 13 314 324 325 315
228 3 2 991 13 315 325 326 316
229 3 2 991 13 316 326 327 317
230 3 2 991 13 317 327 328 318
231 3 2 991 13 318 328 58 57
232 3 2 991 13 48 1 99 319
233 3 2 991 13 319 99 100 320
234 3 2 991 13 320 100 101 321
235 3 2 991 13 321 101 102 322
236 3 2 991 13 322 102 103 323
237 3 2 991 13 323 103 104 324
238 3 2 991 13 324 104 105 325
239 3 2 991 13 325 105 106 326
240 3 2 991 13 326 106 107 327
241 3 2 991 13 327 107 108 328
242 3 2 991 13 328 108 6 58
243 3 2 993 17 1 9 329 99
244 3 2 993 17 99 329 330 100
245 3 2 993 17 100 330 331 101
246 3 2 993 17 101 331 332 102
247 3 2 993 17 102 332 333 103
248 3 2 993 17 103 333 334 104
249 3 2 993 17 104 334 335 105
250 3 2 993 17 105 335 336 106
251 3 2 993 17 106 336 337 107
252 3 2 993 17 107 337 338 108
253 3 2 993 17 108 338 59 6
254 3 2 993 17 9 10 339 329
255 3 2 993 17 329 339 340 330
256 3 2 993 17 330 340 341 331
257 3 2 993 17 331 341 342 332
258 3 2 993 17 332 342 343 333
259 3 2 993 17 333 343 344 334
260 3 2 993 17 334 344 345 335
261 3 2 993 17 335 345 346 336
262 3 2 993 17 336 346 347 337
263 3 2 993 17 337 347 348 338
264 3 2 993 17 338 348 60 59
265 3 2 993 17 10 11 349 339
266 3 2 993 17 339 349 350 340
267 3 2 993 17 340 350 351 341
268 3 2 993 17 341 351 352 342
269 3 2 993 17 342 352 353 343
270 3 2 993 17 343 353 354 344
271 3 2 993 17 344 354 355 345
272 3 2 993 17 345 355 356 346
273 3 2 993 17 346 356 357 347
274 3 2 993 17 347 357 358 348
275 3 2 993 17 348 358 61 60
276 3 2 993 17 11 12 359 349
277 3 2 993 17 349 359 360 350
278 3 2 993 17 350 360 361 351
279 3 2 993 17 351 361 362 352
280 3 2 993 17 352 362 363 353
281 3 2 993 17 353 363 364 354
282 3 2 993 17 354 364 365 355
283 3 2 993 17 355 365 366 356
284 3 2 993 17 356 366 367 357
285 3 2 993 17 357 367 368 358
286 3 2 993 17 358 368 62 61
287 3 2 993 17 12 13 369 359
288 3 2 993 17 359 369 370 360
289 3 2 993 17 360 370 371 361
290 3 2 993 17 361 371 372 362
291 3 2 993 17 362 372 373 363
292 3 2 993 17 363 373 374 364
293 3 2 993 17 364 374 375 365
294 3 2 993 17 365 375 376 366
295 3 2 993 17 366 376 377 367
296 3 2 993 17 367 377 378 368
297 3 2 993 17 368 378 63 62
298 3 2 993 17 13 14 379 369
299 3 2 993 17 369 379 380 370
300 3 2 993 17 370 380 381 371
301 3 2 993 17 371 381 382 372
302 3 2 993 17 372 382 383 373
303 3 2 993 17 373 383 384 374
304 3 2 993 17 374 384 385 375
305 3 2 993 17 375 385 386 376
306 3 2 993 17 376 386 387 377
307 3 2 993 17 377 387 388 378
308 3 2 993 17 378 388 64 63
309 3 2 993 17 14 15 389 379
310 3 2 993 17 379 389 390 380
311 3 2 993 17 380 390 391 381
312 3 2 993 17 381 391 392 382
313 3 2 993 17 382 392 393 383
314 3 2 993 17 383 393 394 384
315 3 2 993 17 384 394 395 385
316 3 2 993 17 385 395 396 386
317 3 2 993 17 386 396 397 387
318 3 2 993 17 387 397 398 388
319 3 2 993 17 388 398 65 64
320 3 2 993 17 15 16 399 389
321 3 2 993 17 389 399 400 390
322 3 2 993 17 390 400 401 391
323 3 2 993 17 391 401 402 392
324 3 2 993 17 392 402 403 393
325 3 2 993 17 393 403 404 394
326 3 2 993 17 394 404 405 395
327 3 2 993 17 395 405 406 396
328 3 2 993 17 396 406 407 397
329 3 2 993 17 397 407 408 398
330 3 2 993 17 398 408 66 65
331 3 2 993 17 16 17 409 399
332 3 2 993 17 399 409 410 400
333 3 2 993 17 400 410 411 401
334 3 2 993 17 401 411 412 402
335 3 2 993 17 402 412 413 403
336 3 2 993 17 403 413 414 404
337 3 2 993 17 404 414 415 405
338 3 2 993 17 405 415 416 406
339 3 2 993 17 406 416 417 407
340 3 2 993 17 407 417 418 408
341 3 2 993 17 408 418 67 66
342 3 2 993 17 17 18 419 409
343 3 2 993 17 409 419 420 410
344 3 2 993 17 410 420 421 411
345 3 2 993 17 411 421 422 412
346 3 2 993 17 412 422 423 413
347 3 2 993 17 413 423 424 414
348 3 2 993 17 414 424 425 415
349 3 2 993 17 415 425 426 416
350 3 2 993 17 416 426 427 417
351 3 2 993 17 417 427 428 418
352 3 2 993 17 418 428 68 67
353 3 2 993 17 18 2 109 419
354 3 2 993 17 419 109 110 420
355 3 2 993 17 420 110 111 421
356 3 2 993 17 421 111 112 422
357 3 2 993 17 422 112 113 423
358 3 2 993 17 423 113 114 424
359 3 2 993 17 424 114 115 425
360 3 2 993 17 425 115 116 426
361 3 2 993 17 426 116 117 427
362 3 2 993 17 427 117 118 428
363 3 2 993 17 428 118 7 68
364 3 2 992 21 3 119 429 19
365 3 2 992 21 119 120 430 429
366 3 2 992 21 120 121 431 430
367 3 2 992 21 121 122 432 431
368 3 2 992 21 122 123 433 432
369 3 2 992 21 123 124 434 433
370 3 2 992 21 124 125 435 434
371 3 2 992 21 125 126 436 435
372 3 2 992 21 126 127 437 436
373 3 2 992 21 127 128 438 437
374 3 2 992 21 128 8 78 438
375 3 2 992 21 19 429 439 20
376 3 2 992 21 429 430 440 439
377 3 2 992 21 430 431 441 440
378 3 2 992 21 431 432 442 441
379 3 2 992 21 432 433 443 442
380 3 2 992 21 433 434 444 443
381 3 2 992 21 434 435 445 444
382 3 2 992 21 435 436 446 445
383 3 2 992 21 436 437 447 446
384 3 2 992 21 437 438 448 447
385 3 2 992 21 438 78 77 448
386 3 2 992 21 20 439 449 21
387 3 2 992 21 439 440 450 449
388 3 2 992 21 440 441 451 450
389 3 2 992 21 441 442 452 451
390 3 2 992 21 442 443 453 452
391 3 2 992 21 443 444 454 453
392 3 2 992 21 444 445 455 454
393 3 2 992 21 445 446 456 455
394 3 2 992 21 446 447 457 456
395 3 2 992 21 447 448 458 457
396 3 2 992 21 448 77 76 458
397 3 2 992 21 21 449 459 22
398 3 2 992 21 449 450 460 459
399 3 2 992 21 450 451 461 460
400 3 2 992 21 451 452 462 461
401 3 2 992 21 452 453 463 462
402 3 2 992 21 453 454 464 463
403 3 2 992 21 454 455 465 464
404 3 2 992 21 455 456 466 465
405 3 2 992 21 456 457 467 466
406 3 2 992 21 457 458 468 467
407 3 2 992 21 458 76 75 468
408 3 2 992 21 22 459 469 23
409 3 2 992 21 459 460 470 469
410 3 2 992 21 460 461 471 470
411 3 2 992 21 461 462 472 471
412 3 2 992 21 462 463 473 472
413 3 2 992 21 463 464 474 473
414 3 2 992 21 464 465 475 474
415 3 2 992 21 465 466 476 475
416 3 2 992 21 466 467 477 476
417 3 2 992 21 467 468 478 477
418 3 2 992 21 468 75 74 478
419 3 2 992 21 23 469 479 24
420 3 2 992 21 469 470 480 479
421 3 2 992 21 470 471 481 480
422 3 2 992 21 471 472 482 481
423 3 2 992 21 472 473 483 482
424 3 2 992 21 473 474 484 483
425 3 2 992 21 474 475 485 484
426 3 2 992 21 475 476 486 485
427 3 2 992 21 476 477 487 486
428 3 2 992 21 477 478 488 487
429 3 2 992 21 478 74 73 488
430 3 2 992 21 24 479 489 25
431 3 2 992 21 479 480 490 489
432 3 2 992 21 480 481 491 490
433 3 2 992 21 481 482 492 491
434 3 2 992 21 482 483 493 492
435 3 2 992 21 483 484 494 493
436 3 2 992 21 484 485 495 494
437 3 2 992 21 485 486 496 495
438 3 2 992 21 486 487 497 496
439 3 2 992 21 487 488 498 497
440 3 2 992 21 488 73 72 498
441 3 2 992 21 25 489 499 26
442 3 2 992 21 489 490 500 499
443 3 2 992 21 490 491 501 500
444 3 2 992 21 491 492 502 501
445 3 2 992 21 492 493 503 502
446 3 2 992 21 493 494 504 503
447 3 2 992 21 494 495 505 504
448 3 2 992 21 495 496 506 505
449 3 2 992 21 496 497 507 506
450 3 2 992 21 497 498 508 507
451 3 2 992 21 498 72 71 508
452 3 2 992 21 26 499 509 27
453 3 2 992 21 499 500 510 509
454 3 2 992 21 500 501 511 510
455 3 2 992 21 501 502 512 511
456 3 2 992 21 502 503 513 512
457 3 2 992 21 503 504 514 513
458 3 2 992 21 504 505 515 514
459 3 2 992 21 505 506 516 515
460 3 2 992 21 506 507 517 516
461 3 2 992 21 507 508 518 517
462 3 2 992 21 508 71 70 518
463 3 2 992 21 27 509 519 28
464 3 2 992 21 509 510 520 519
465 3 2 992 21 510 511 521 520
466 3 2 992 21 511 512 522 521
467 3 2 992 21 512 513 523 522
468 3 2 992 21 513 514 524 523
469 3 2 992 21 514 515 525 524
470 3 2 992 21 515 516 526 525
471 3 2 992 21 516 517 527 526
472 3 2 992 21 517 518 528 527
473 3 2 992 21 518 70 69 528
474 3 2 992 21 28 519 109 2
475 3 2 992 21 519 520 110 109
476 3 2 992 21 520 521 111 110
477 3 2 992 21 521 522 112 111
478 3 2 992 21 522 523 113 112
479 3 2 992 21 523 524 114 113
480 3 2 992 21 524 525 115 114
481 3 2 992 21 525 526 116 115
482 3 2 992 21 526 527 117 116
483 3 2 992 21 527 528 118 117
484 3 2 992 21 528 69 7 118
485 3 2 994 25 3 29 529 119
486 3 2 994 25 119 529 530 120
487 3 2 994 25 120 530 531 121
488 3 2 994 25 121 531 532 122
489 3 2 994 25 122 532 533 123
490 3 2 994 25 123 533 534 124
491 3 2 994 25 124 534 535 125
492 3 2 994 25 125 535 536 126
493 3 2 994 25 126 536 537 127
494 3 2 994 25 127 537 538 128
495 3 2 994 25 128 538 79 8
496 3 2 994 25 29 30 539 529
497 3 2 994 25 529 539 540 530
498 3 2 994 25 530 540 541 531
499 3 2 994 25 531 541 542 532
500 3 2 994 25 532 542 543 533
501 3 2 994 25 533 543 544 534
502 3 2 994 25 534 544 545 535
503 3 2 994 25 535 545 546 536
504 3 2 994 25 536 546 547 537
505 3 2 994 25 537 547 548 538
506 3 2 994 25 538 548 80 79
507 3 2 994 25 30 31 549 539
508 3 2 994 25 539 549 550 540
509 3 2 994 25 540 550 551 541
510 3 2 994 25 541 551 552 542
511 3 2 994 25 542 552 553 543
512 3 2 994 25 543 553 554 544
513 3 2 994 25 544 554 555 545
514 3 2 994 25 545 555 556 546
515 3 2 994 25 546 556 557 547
516 3 2 994 25 547 557 558 548
517 3 2 994 25 548 558 81 80
518 3 2 994 25 31 32 559 549
519 3 2 994 25 549 559 560 550
520 3 2 994 25 550 560 561 551
521 3 2 994 25 551 561 562 552
522 3 2 994 25 552 562 563 553
523 3 2 994 25 553 563 564 554
524 3 2 994 25 554 564 565 555
525 3 2 994 25 555 565 566 556
526 3 2 994 25 556 566 567 557
527 3 2 994 25 557 567 568 558
528 3 2 994 25 558 568 82 81
529 3 2 994 25 32 33 569 559
530 3 2 994 25 559 569 570 560
531 3 2 994 25 560 570 571 561
532 3 2 994 25 561 571 572 562
533 3 2 994 25 562 572 573 563
534 3 2 994 25 563 573 574 564
535 3 2 994 25 564 574 575 565
536 3 2 994 25 565 575 576 566
537 3 2 994 25 566 576 577 567
538 3 2 994 25 567 577 578 568
539 3 2 994 25 568 578 83 82
540 3 2 994 25 33 34 579 569
541 3 2 994 25 569 579 580 570
542 3 2 994 25 570 580 581 571
543 3 2 994 25 571 581 582 572
544 3 2 994 25 572 582 583 573
545 3 2 994 25 573 583 584 574
546 3 2 994 25 574 584 585 575
547 3 2 994 25 575 585 586 576
548 3 2 994 25 576 586 587 577
549 3 2 994 25 577 587 588 578
550 3 2 994 25 578 588 84 83
551 3 2 994 25 34 35 589 579
552 3 2 994 25 579 589 590 580
553 3 2 994 25 580 590 591 581
554 3 2 994 25 581 591 592 582
555 3 2 994 25 582 592 593 583
556 3 2 994 25 583 593 594 584
557 3 2 994 25 584 594 595 585
558 3 2 994 25 585 595 596 586
559 3 2 994 25 586 596 597 587
560 3 2 994 25 587 597 598 588
561 3 2 994 25 588 598 85 84
562 3 2 994 25 35 36 599 589
563 3 2 994 25 589 599 600 590
564 3 2 994 25 590 600 601 591
565 3 2 994 25 591 601 602 592
566 3 2 994 25 592 602 603 593
567 3 2 994 25 593 603 604 594
568 3 2 994 25 594 604 605 595
569 3 2 994 25 595 605 606 596
570 3 2 994 25 596 606 607 597
571 3 2 994 25 597 607 608 598
572 3 2 994 25 598 608 86 85
573 3 2 994 25 36 37 609 599
574 3 2 994 25 599 609 610 600
575 3 2 994 25 600 610 611 601
576 3 2 994 25 601 611 612 602
577 3 2 994 25 602 612 613 603
578 3 2 994 25 603 613 614 604
579 3 2 994 25 604 614 615 605
580 3 2 994 25 605 615 616 606
581 3 2 994 25 606 616 617 607
582 3 2 994 25 607 617 618 608
583 3 2 994 25 608 618 87 86
584 3 2 994 25 37 38 619 609
585 3 2 994 25 609 619 620 610
586 3 2 994 25 610 620 621 611
587 3 2 994 25 611 621 622 612
588 3 2 994 25 612 622 623 613
589 3 2 994 25 613 623 624 614
590 3 2 994 25 614 624 625 615
591 3 2 994 25 615 625 626 616
592 3 2 994 25 616 626 627 617
593 3 2 994 25 617 627 628 618
594 3 2 994 25 618 628 88 87
595 3 2 994 25 38 4 89 619
596 3 2 994 25 619 89 90 620
597 3 2 994 25 620 90 91 621
598 3 2 994 25 621 91 92 622
599 3 2 994 25 622 92 93 623
600 3 2 994 25 623 93 94 624
601 3 2 994 25 624 94 95 625
602 3 2 994 25 625 95 96 626
603 3 2 994 25 626 96 97 627
604 3 2 994 25 627 97 98 628
605 3 2 994 25 628 98 5 88
606 3 2 996 26 6 59 629 58
607 3 2 996 26 58 629 630 57
608 3 2 996 26 57 630 631 56
609 3 2 996 26 56 631 632 55
610 3 2 996 26 55 632 633 54
611 3 2 996 26 54 633 634 53
612 3 2 996 26 53 634 635 52
613 3 2 996 26 52 635 636 51
614 3 2 996 26 51 636 637 50
615 3 2 996 26 50 637 638 49
616 3 2 996 26 49 638 88 5
617 3 2 996 26 59 60 639 629
618 3 2 996 26 629 639 640 630
619 3 2 996 26 630 640 641 631
620 3 2 996 26 631 641 642 632
621 3 2 996 26 632 642 643 633
622 3 2 996 26 633 643 644 634
623 3 2 996 26 634 644 645 635
624 3 2 996 26 635 645 646 636
625 3 2 996 26 636 646 647 637
626 3 2 996 26 637 647 648 638
627 3 2 996 26 638 648 87 88
628 3 2 996 26 60 61 649 639
629 3 2 996 26 639 649 650 640
630 3 2 996 26 640 650 651 641
631 3 2 996 26 641 651 652 642
632 3 2 996 26 642 652 653 643
633 3 2 996 26 643 653 654 644
634 3 2 996 26 644 654 655 645
635 3 2 996 26 645 655 656 646
636 3 2 996 26 646 656 657 647
637 3 2 996 26 647 657 658 648
638 3 2 996 26 648 658 86 87
639 3 2 996 26 61 62 659 649
640 3 2 996 26 649 659 660 650
641 3 2 996 26 650 660 661 651
642 3 2 996 26 651 661 662 652
643 3 2 996 26 652 662 663 653
644 3 2 996 26 653 663 664 654
645 3 2 996 26 654 664 665 655
646 3 2 996 26 655 665 666 656
647 3 2 996 26 656 666 667 657
648 3 2 996 26 657 667 668 658
649 3 2 996 26 658 668 85 86
650 3 2 996 26 62 63 669 659
651 3 2 996 26 659 669 670 660
652 3 2 996 26 660 670 671 661
653 3 2 996 26 661 671 672 662
654 3 2 996 26 662 672 673 663
655 3 2 996 26 663 673 674 664
656 3 2 996 26 664 674 675 665
657 3 2 996 26 665 675 676 666
658 3 2 996 26 666 676 677 667
659 3 2 996 26 667 677 678 668
660 3 2 996 26 668 678 84 85
661 3 2 996 26 63 64 679 669
662 3 2 996 26 669 679 680 670
663 3 2 996 26 670 680 681 671
664 3 2 996 26 671 681 682 672
665 3 2 996 26 672 682 683 673
666 3 2 996 26 673 683 684 674
667 3 2 996 26 674 684 685 675
668 3 2 996 26 675 685 686 676
669 3 2 996 26 676 686 687 677
670 3 2 996 26 677 687 688 678
671 3 2 996 26 678 688 83 84
672 3 2 996 26 64 65 689 679
673 3 2 996 26 679 689 690 680
674 3 2 996 26 680 690 691 681
675 3 2 996 26 681 691 692 682
676 3 2 996 26 682 692 693 683
677 3 2 996 26 683 693 694 684
678 3 2 996 26 684 694 695 685
679 3 2 996 26 685 695 696 686
680 3 2 996 26 686 696 697 687
681 3 2 996 26 687 697 698 688
682 3 2 996 26 688 698 82 83
683 3 2 996 26 65 66 699 689
684 3 2 996 26 689 699 700 690
685 3 2 996 26 690 700 701 691
686 3 2 996 26 691 701 702 692
687 3 2 996 26 692 702 703 693
688 3 2 996 26 693 703 704 694
689 3 2 996 26 694 704 705 695
690 3 2 996 26 695 705 706 696
691 3 2 996 26 696 706 707 697
692 3 2 996 26 697 707 708 698
693 3 2 996 26 698 708 81 82
694 3 2 996 26 66 67 709 699
695 3 2 996 26 699 709 710 700
696 3 2 996 26 700 710 711 701
697 3 2 996 26 701 711 712 702
698 3 2 996 26 702 712 713 703
699 3 2 996 26 703 713 714 704
700 3 2 996 26 704 714 715 705
701 3 2 996 26 705 715 716 706
702 3 2 996 26 706 716 717 707
703 3 2 996 26 707 717 718 708
704 3 2 996 26 708 718 80 81
705 3 2 996 26 67 68 719 709
706 3 2 996 26 709 719 720 710
707 3 2 996 26 710 720 721 711
708 3 2 996 26 711 721 722 712
709 3 2 996 26 712 722 723 713
710 3 2 996 26 713 723 724 714
711 3 2 996 26 714 724 725 715
712 3 2 996 26 715 725 726 716
713 3 2 996 26 716 726 727 717
714 3 2 996 26 717 727 728 718
715 3 2 996 26 718 728 79 80
716 3 2 996 26 68 7 69 719
717 3 2 996 26 719 69 70 720
718 3 2 996 26 720 70 71 721
719 3 2 996 26 721 71 72 722
720 3 2 996 26 722 72 73 723
721 3 2 996 26 723 73 74 724
722 3 2 996 26 724 74 75 725
723 3 2 996 26 725 75 76 726
724 3 2 996 26 726 76 77 727
725 3 2 996 26 727 77 78 728
726 3 2 996 26 728 78 8 79
727 5 2 99991 1 1 9 129 48 99 329 729 319
728 5 2 99991 1 99 329 729 319 100 330 730 320
729 5 2 99991 1 100 330 730 320 101 331 731 321
730 5 2 99991 1 101 331 731 321 102 332 732 322
731 5 2 99991 1 102 332 732 322 103 333 733 323
732 5 2 99991 1 103 333 733 323 104 334 734 324
733 5 2 99991 1 104 334 734 324 105 335 735 325
734 5 2 99991 1 105 335 735 325 106 336 736 326
735 5 2 99991 1 106 336 736 326 107 337 737 327
736 5 2 99991 1 107 337 737 327 108 338 738 328
737 5 2 99991 1 108 338 738 328 6 59 629 58
738 5 2 99991 1 48 129 130 47 319 729 739 309
739 5 2 99991 1 319 729 739 309 320 730 740 310
740 5 2 99991 1 320 730 740 310 321 731 741 311
741 5 2 99991 1 321 731 741 311 322 732 742 312
742 5 2 99991 1 322 732 742 312 323 733 743 313
743 5 2 99991 1 323 733 743 313 324 734 744 314
744 5 2 99991 1 324 734 744 314 325 735 745 315
745 5 2 99991 1 325 735 745 315 326 736 746 316
746 5 2 99991 1 326 736 746 316 327 737 747 317
747 5 2 99991 1 327 737 747 317 328 738 748 318
748 5 2 99991 1 328 738 748 318 58 629 630 57
749 5 2 99991 1 47 130 131 46 309 739 749 299
750 5 2 99991 1 309 739 749 299 310 740 750 300
751 5 2 99991 1 310 740 750 300 311 741 751 301
752 5 2 99991 1 311 741 751 301 312 742 752 302
753 5 2 99991 1 312 742 752 302 313 743 753 303
754 5 2 99991 1 313 743 753 303 314 744 754 304
755 5 2 99991 1 314 744 754 304 315 745 755 305
756 5 2 99991 1 315 745 755 305 316 746 756 306
757 5 2 99991 1 316 746 756 306 317 747 757 307
758 5 2 99991 1 317 747 757 307 318 748 758 308
759 5 2 99991 1 318 748 758 308 57 630 631 56
760 5 2 99991 1 46 131 132 45 299 749 759 289
761 5 2 99991 1 299 749 759 289 300 750 760 290
762 5 2 99991 1 300 750 760 290 301 751 761 291
763 5 2 99991 1 301 751 761 291 302 752 762 292
764 5 2 99991 1 302 752 762 292 303 753 763 293
765 5 2 99991 1 303 753 763 293 304 754 764 294
766 5 2 99991 1 304 754 764 294 305 755 765 295
767 5 2 99991 1 305 755 765 295 306 756 766 296
768 5 2 99991 1 306 756 766 296 307 757 767 297
769 5 2 99991 1 307 757 767 297 308 758 768 298
770 5 2 99991 1 308 758 768 298 56 631 632 55
771 5 2 99991 1 45 132 133 44 289 759 769 279
772 5 2 99991 1 289 759 769 279 290 760 770 280
773 5 2 99991 1 290 760 770 280 291 761 771 281
774 5 2 99991 1 291 761 771 281 292 762 772 282
775 5 2 99991 1 292 762 772 282 293 763 773 283
776 5 2 99991 1 293 763 773 283 294 764 774 284
777 5 2 99991 1 294 764 774 284 295 765 775 285
778 5 2 99991 1 295 765 775 285 296 766 776 286
779 5 2 99991 1 296 766 776 286 297 767 777 287
780 5 2 99991 1 297 767 777 287 298 768 778 288
781 5 2 99991 1 298 768 778 288 55 632 633 54
782 5 2 99991 1 44 133 134 43 279 769 779 269
783 5 2 99991 1 279 769 779 269 280 770 780 270
784 5 2 99991 1 280 770 780 270 281 771 781 271
785 5 2 99991 1 281 771 781 271 282 772 782 272
786 5 2 99991 1 282 772 782 272 283 773 783 273
787 5 2 99991 1 283 773 783 273 284 774 784 274
788 5 2 99991 1 284 774 784 274 285 775 785 275
789 5 2 99991 1 285 775 785 275 286 776 786 276
790 5 2 99991 1 286 776 786 276 287 777 787 277
791 5 2 99991 1 287 777 787 277 288 778 788 278
792 5 2 99991 1 288 778 788 278 54 633 634 53
793 5 2 99991 1 43 134 135 42 269 779 789 259
794 5 2 99991 1 269 779 789 259 270 780 790 260
795 5 2 99991 1 270 780 790 260 271 781 791 261
796 5 2 99991 1 271 781 791 261 272 782 792 262
797 5 2 99991 1 272 782 792 262 273 783 793 263
798 5 2 99991 1 273 783 793 263 274 784 794 264
799 5 2 99991 1 274 784 794 264 275 785 795 265
800 5 2 99991 1 275 785 795 265 276 786 796 266
801 5 2 99991 1 276 786 796 266 277 787 797 267
802 5 2 99991 1 277 787 797 267 278 788 798 268
803 5 2 99991 1 278 788 798 268 53 634 635 52
804 5 2 99991 1 42 135 136 41 259 789 799 249
805 5 2 99991 1 259 789 799 249 260 790 800 250
806 5 2 99991 1 260 790 800 250 261 791 801 251
807 5 2 99991 1 261 791 801 251 262 792 802 252
808 5 2 99991 1 262 792 802 252 263 793 803 253
809 5 2 99991 1 263 793 803 253 264 794 804 254
810 5 2 99991 1 264 794 804 254 265 795 805 255
811 5 2 99991 1 265 795 805 255 266 796 806 256
812 5 2 99991 1 266 796 806 256 267 797 807 257
813 5 2 99991 1 267 797 807 257 268 798 808 258
814 5 2 99991 1 268 798 808 258 52 635 636 51
815 5 2 99991 1 41 136 137 40 249 799 809 239
816 5 2 99991 1 249 799 809 239 250 800 810 240
817 5 2 99991 1 250 800 810 240 251 801 811 241
818 5 2 99991 1 251 801 811 241 252 802 812 242
819 5 2 99991 1 252 802 812 242 253 803 813 243
820 5 2 99991 1 253 803 813 243 254 804 814 244
821 5 2 99991 1 254 804 814 244 255 805 815 245
822 5 2 99991 1 255 805 815 245 256 806 816 246
823 5 2 99991 1 256 806 816 246 257 807 817 247
824 5 2 99991 1 257 807 817 247 258 808 818 248
825 5 2 99991 1 258 808 818 248 51 636 637 50
826 5 2 99991 1 40 137 138 39 239 809 819 229
827 5 2 99991 1 239 809 819 229 240 810 820 230
828 5 2 99991 1 240 810 820 230 241 811 821 231
829 5 2 99991 1 241 811 821 231 242 812 822 232
830 5 2 99991 1 242 812 822 232 243 813 823 233
831 5 2 99991 1 243 813 823 233 244 814 824 234
832 5 2 99991 1 244 814 824 234 245 815 825 235
833 5 2 99991 1 245 815 825 235 246 816 826 236
834 5 2 99991 1 246 816 826 236 247 817 827 237
835 5 2 99991 1 247 817 827 237 248 818 828 238
836 5 2 99991 1 248 818 828 238 50 637 638 49
837 5 2 99991 1 39 138 38 4 229 819 619 89
838 5 2 99991 1 229 819 619 89 230 820 620 90
839 5 2 99991 1 230 820 620 90 231 821 621 91
840 5 2 99991 1 231 821 621 91 232 822 622 92
841 5 2 99991 1 232 822 622 92 233 823 623 93
842 5 2 99991 1 233 823 623 93 234 824 624 94
843 5 2 99991 1 234 824 624 94 235 825 625 95
844 5 2 99991 1 235 825 625 95 236 826 626 96
845 5 2 99991 1 236 826 626 96 237 827 627 97
846 5 2 99991 1 237 827 627 97 238 828 628 98
847 5 2 99991 1 238 828 628 98 49 638 88 5
848 5 2 99991 1 9 10 139 129 329 339 829 729
849 5 2 99991 1 329 339 829 729 330 340 830 730
850 5 2 99991 1 330 340 830 730 331 341 831 731
851 5 2 99991 1 331 341 831 731 332 342 832 732
852 5 2 99991 1 332 342 832 732 333 343 833 733
853 5 2 99991 1 333 343 833 733 334 344 834 734
854 5 2 99991 1 334 344 834 734 335 345 835 735
855 5 2 99991 1 335 345 835 735 336 346 836 736
856 5 2 99991 1 336 346 836 736 337 347 837 737
857 5 2 99991 1 337 347 837 737 338 348 838 738
858 5 2 99991 1 338 348 838 738 59 60 639 629
859 5 2 99991 1 129 139 140 130 729 829 839 739
860 5 2 99991 1 729 829 839 739 730 830 840 740
861 5 2 99991 1 730 830 840 740 731 831 841 741
862 5 2 99991 1 731 831 841 741 732 832 842 742
863 5 2 99991 1 732 832 842 742 733 833 843 743
864 5 2 99991 1 733 833 843 743 734 834 844 744
865 5 2 99991 1 734 834 844 744 735 835 845 745
866 5 2 99991 1 735 835 845 745 736 836 846 746
867 5 2 99991 1 736 836 846 746 737 837 847 747
868 5 2 99991 1 737 837 847 747 738 838 848 748
869 5 2 99991 1 738 838 848 748 629 639 640 630
870 5 2 99991 1 130 140 141 131 739 839 849 749
871 5 2 99991 1 739 839 849 749 740 840 850 750
872 5 2 99991 1 740 840 850 750 741 841 851 751
873 5 2 99991 1 741 841 851 751 742 842 852 752
874 5 2 99991 1 742 842 852 752 743 843 853 753
875 5 2 99991 1 743 843 853 753 744 844 854 754
876 5 2 99991 1 744 844 854 754 745 845 855 755
877 5 2 99991 1 745 845 855 755 746 846 856 756
878 5 2 99991 1 746 846 856 756 747 847 857 757
879 5 2 99991 1 747 847 857 757 748 848 858 758
880 5 2 99991 1 748 848 858 758 630 640 641 631
881 5 2 99991 1 131 141 142 132 749 849 859 759
882 5 2 99991 1 749 849 859 759 750 850 860 760
883 5 2 99991 1 750 850 860 760 751 851 861 761
884 5 2 99991 1 751 851 861 761 752 852 862 762
885 5 2 99991 1 752 852 862 762 753 853 863 763
886 5 2 99991 1 753 853 863 763 754 854 864 764
887 5 2 99991 1 754 854 864 764 755 855 865 765
888 5 2 99991 1 755 855 865 765 756 856 866 766
889 5 2 99991 1 756 856 866 766 757 857 867 767
890 5 2 99991 1 757 857 867 767 758 858 868 768
891 5 2 99991 1 758 858 868 768 631 641 642 632
892 5 2 99991 1 132 142 143 133 759 859 869 769
893 5 2 99991 1 759 859 869 769 760 860 870 770
894 5 2 99991 1 760 860 870 770 761 861 871 771
895 5 2 99991 1 761 861 871 771 762 862 872 772
896 5 2 99991 1 762 862 872 772 763 863 873 773
897 5 2 99991 1 763 863 873 773 764 864 874 774
898 5 2 99991 1 764 864 874 774 765 865 875 775
899 5 2 99991 1 765 865 875 775 766 866 876 776
900 5 2 99991 1 766 866 876 776 767 867 877 777
901 5 2 99991 1 767 867 877 777 768 868 878 778
902 5 2 99991 1 768 868 878 778 632 642 643 633
903 5 2 99991 1 133 143 144 134 769 869 879 779
904 5 2 99991 1 769 869 879 779 770 870 880 780
905 5 2 99991 1 770 870 880 780 771 871 881 781
906 5 2 99991 1 771 871 881 781 772 872 882 782
907 5 2 99991 1 772 872 882 782 773 873 883 783
908 5 2 99991 1 773 873 883 783 774 874 884 784
909 5 2 99991 1 774 874 884 784 775 875 885 785
910 5 2 99991 1 775 875 885 785 776 876 886 786
911 5 2 99991 1 776 876 886 786 777 877 887 787
912 5 2 99991 1 777 877 887 787 778 878 888 788
913 5 2 99991 1 778 878 888 788 633 643 644 634
914 5 2 99991 1 134 144 145 135 779 879 889 789
915 5 2 99991 1 779 879 889 789 780 880 890 790
916 5 2 99991 1 780 880 890 790 781 881 891 791
917 5 2 99991 1 781 881 891 791 782 882 892 792
918 5 2 99991 1 782 882 892 792 783 883 893 793
919 5 2 99991 1 783 883 893 793 784 884 894 794
920 5 2 99991 1 784 884 894 794 785 885 895 795
921 5 2 99991 1 785 885 895 795 786 886 896 796
922 5 2 99991 1 786 886 896 796 787 887 897 797
923 5 2 99991 1 787 887 897 797 788 888 898 798
924 5 2 99991 1 788 888 898 798 634 644 645 635
925 5 2 99991 1 135 145 146 136 789 889 899 799
926 5 2 99991 1 789 889 899 799 790 890 900 800
927 5 2 99991 1 790 890 900 800 791 891 901 801
928 5 2 99991 1 791 891 901 801 792 892 902 802
929 5 2 99991 1 792 892 902 802 793 893 903 803
930 5 2 99991 1 793 893 903 803 794 894 904 804
931 5 2 99991 1 794 894 904 804 795 895 905 805
932 5 2 99991 1 795 895 905 805 796 896 906 806
933 5 2 99991 1 796 896 906 806 797 897 907 807
934 5 2 99991 1 797 897 907 807 798 898 908 808
935 5 2 99991 1 798 898 908 808 635 645 646 636
936 5 2 99991 1 136 146 147 137 799 899 909 809
937 5 2 99991 1 799 899 909 809 800 900 910 810
938 5 2 99991 1 800 900 910 810 801 901 911 811
939 5 2 99991 1 801 901 911 811 802 902 912 812
940 5 2 99991 1 802 902 912 812 803 903 913 813
941 5 2 99991 1 803 903 913 813 804 904 914 814
942 5 2 99991 1 804 904 914 814 805 905 915 815
943 5 2 99991 1 805 905 915 815 806 906 916 816
944 5 2 99991 1 806 906 916 816 807 907 917 817
945 5 2 99991 1 807 907 917 817 808 908 918 818
946 5 2 99991 1 808 908 918 818 636 646 647 637
947 5 2 99991 1 137 147 148 138 809 909 919 819
948 5 2 99991 1 809 909 919 819 810 910 920 820
949 5 2 99991 1 810 910 920 820 811 911 921 821
950 5 2 99991 1 811 911 921 821 812 912 922 822
951 5 2 99991 1 812 912 922 822 813 913 923 823
952 5 2 99991 1 813 913 923 823 814 914 924 824
953 5 2 99991 1 814 914 924 824 815 915 925 825
954 5 2 99991 1 815 915 925 825 816 916 926 826
955 5 2 99991 1 816 916 926 826 817 917 927 827
956 5 2 99991 1 817 917 927 827 818 918 928 828
957 5 2 99991 1 818 918 928 828 637 647 648 638
958 5 2 99991 1 138 148 37 38 819 919 609 619
959 5 2 99991 1 819 919 609 619 820 920 610 620
960 5 2 99991 1 820 920 610 620 821 921 611 621
961 5 2 99991 1 821 921 611 621 822 922 612 622
962 5 2 99991 1 822 922 612 622 823 923 613 623
963 5 2 99991 1 823 923 613 623 824 924 614 624
964 5 2 99991 1 824 924 614 624 825 925 615 625
965 5 2 99991 1 825 925 615 625 826 926 616 626
966 5 2 99991 1 826 926 616 626 827 927 617 627
967 5 2 99991 1 827 927 617 627 828 928 618 628
968 5 2 99991 1 828 928 618 628 638 648 87 88
969 5 2 99991 1 10 11 149 139 339 349 929 829
970 5 2 99991 1 339 349 929 829 340 350 930 830
971 5 2 99991 1 340 350 930 830 341 351 931 831
972 5 2 99991 1 341 351 931 831 342 352 932 832
973 5 2 99991 1 342 352 932 832 343 353 933 833
974 5 2 99991 1 343 353 933 833 344 354 934 834
975 5 2 99991 1 344 354 934 834 345 355 935 835
976 5 2 99991 1 345 355 935 835 346 356 936 836
977 5 2 99991 1 346 356 936 836 347 357 937 837
978 5 2 99991 1 347 357 937 837 348 358 938 838
979 5 2 99991 1 348 358 938 838 60 61 649 639
980 5 2 99991 1 139 149 150 140 829 929 939 839
981 5 2 99991 1 829 929 939 839 830 930 940 840
982 5 2 99991 1 830 930 940 840 831 931 941 841
983 5 2 99991 1 831 931 941 841 832 932 942 842
984 5 2 99991 1 832 932 942 842 833 933 943 843
985 5 2 99991 1 833 933 943 843 834 934 944 844
986 5 2 99991 1 834 934 944 844 835 935 945 845
987 5 2 99991 1 835 935 945 845 836 936 946 846
988 5 2 99991 1 836 936 946 846 837 937 947 847
989 5 2 99991 1 837 937 947 847 838 938 948 848
990 5 2 99991 1 838 938 948 848 639 649 650 640
991 5 2 99991 1 140 150 151 141 839 939 949 849
992 5 2 99991 1 839 939 949 849 840 940 950 850
993 5 2 99991 1 840 940 950 850 841 941 951 851
994 5 2 99991 1 841 941 951 851 842 942 952 852
995 5 2 99991 1 842 942 952 852 843 943 953 853
996 5 2 99991 1 843 943 953 853 844 944 954 854
997 5 2 99991 1 844 944 954 854 845 945 955 855
998 5 2 99991 1 845 945 955 855 846 946 956 856
999 5 2 99991 1 846 946 956 856 847 947 957 857
1000 5 2 99991 1 847 947 957 857 848 948 958 858
1001 5 2 99991 1 848 948 958 858 640 650 651 641
1002 5 2 99991 1 141 151 152 142 849 949 959 859
1003 5 2 99991 1 849 949 959 859 850 950 960 860
1004 5 2 99991 1 850 950 960 860 851 951 961 861
1005 5 2 99991 1 851 951 961 861 852 952 962 862
1006 5 2 99991 1 852 952 962 862 853 953 963 863
1007 5 2 99991 1 853 953 963 863 854 954 964 864
1008 5 2 99991 1 854 954 964 864 855 955 965 865
1009 5 2 99991 1 855 955 965 865 856 956 966 866
1010 5 2 99991 1 856 956 966 866 857 957 967 867
1011 5 2 99991 1 857 957 967 867 858 958 968 868
1012 5 2 99991 1 858 958 968 868 641 651 652 642
1013 5 2 99991 1 142 152 153 143 859 959 969 869
1014 5 2 99991 1 859 959 969 869 860 960 970 870
1015 5 2 99991 1 860 960 970 870 861 961 971 871
1016 5 2 99991 1 861 961 971 871 862 962 972 872
1017 5 2 99991 1 862 962 972 872 863 963 973 873
1018 5 2 99991 1 863 963 973 873 864 964 974 874
1019 5 2 99991 1 864 964 974 874 865 965 975 875
1020 5 2 99991 1 865 965 975 875 866 966 976 876
1021 5 2 99991 1 866 966 976 876 867 967 977 877
1022 5 2 99991 1 867 967 977 877 868 968 978 878
1023 5 2 99991 1 868 968 978 878 642 652 653 643
1024 5 2 99991 1 143 153 154 144 869 969 979 879
1025 5 2 99991 1 869 969 979 879 870 970 980 880
1026 5 2 99991 1 870 970 980 880 871 971 981 881
1027 5 2 99991 1 871 971 981 881 872 972 982 882
1028 5 2 99991 1 872 972 982 882 873 973 983 883
1029 5 2 99991 1 873 973 983 883 874 974 984 884
1030 5 2 99991 1 874 974 984 884 875 975 985 885
1031 5 2 99991 1 875 975 985 885 876 976 986 886
1032 5 2 99991 1 876 976 986 886 877 977 987 887
1033 5 2 99991 1 877 977 987 887 878 978 988 888
1034 5 2 99991 1 878 978 988 888 643 653 654 644
1035 5 2 99991 1 144 154 155 145 879 979 989 889
1036 5 2 99991 1 879 979 989 889 880 980 990 890
1037 5 2 99991 1 880 980 990 890 881 981 991 891
1038 5 2 99991 1 881 981 991 891 882 982 992 892
1039 5 2 99991 1 882 982 992 892 883 983 993 893
1040 5 2 99991 1 883 983 993 893 884 984 994 894
1041 5 2 99991 1 884 984 994 894 885 985 995 895
1042 5 2 99991 1 885 985 995 895 886 986 996 896
1043 5 2 99991 1 886 986 996 896 887 987 997 897
1044 5 2 99991 1 887 987 997 897 888 988 998 898
1045 5 2 99991 1 888 988 998 898 644 654 655 645
1046 5 2 99991 1 145 155 156 146 889 989 999 899
1047 5 2 99991 1 889 989 999 899 890 990 1000 900
1048 5 2 99991 1 890 990 1000 900 891 991 1001 901
1049 5 2 99991 1 891 991 1001 901 892 992 1002 902
1050 5 2 99991 1 892 992 1002 902 893 993 1003 903
1051 5 2 99991 1 893 993 1003 903 894 994 1004 904
1052 5 2 99991 1 894 994 1004 904 895 995 1005 905
1053 5 2 99991 1 895 995 1005 905 896 996 1006 906
1054 5 2 99991 1 896 996 1006 906 897 997 1007 907
1055 5 2 99991 1 897 997 1007 907 898 998 1008 908
1056 5 2 99991 1 898 998 1008 908 645 655 656 646
1057 5 2 99991 1 146 156 157 147 899 999 1009 909
1058 5 2 99991 1 899 999 1009 909 900 1000 1010 910
1059 5 2 99991 1 900 1000 1010 910 901 1001 1011 911
1060 5 2 99991 1 901 1001 1011 911 902 1002 1012 912
1061 5 2 99991 1 902 1002 1012 912 903 1003 1013 913
1062 5 2 99991 1 903 1003 1013 913 904 1004 1014 914
1063 5 2 99991 1 904 1004 1014 914 905 1005 1015 915
1064 5 2 99991 1 905 1005 1015 915 906 1006 1016 916
1065 5 2 99991 1 906 1006 1016 916 907 1007 1017 917
1066 5 2 99991 1 907 1007 1017 917 908 1008 1018 918
1067 5 2 99991 1 908 1008 1018 918 646 656 657 647
1068 5 2 99991 1 147 157 158 148 909 1009 1019 919
1069 5 2 99991 1 909 1009 1019 919 910 1010 1020 920
1070 5 2 99991 1 910 1010 1020 920 911 1011 1021 921
1071 5 2 99991 1 911 1011 1021 921 912 1012 1022 922
1072 5 2 99991 1 912 1012 1022 922 913 1013 1023 923
1073 5 2 99991 1 913 1013 1023 923 914 1014 1024 924
1074 5 2 99991 1 914 1014 1024 924 915 1015 1025 925
1075 5 2 99991 1 915 1015 1025 925 916 1016 1026 926
1076 5 2 99991 1 916 1016 1026 926 917 1017 1027 927
1077 5 2 99991 1 917 1017 1027 927 918 1018 1028 928
1078 5 2 99991 1 918 1018 1028 928 647 657 658 648
1079 5 2 99991 1 148 158 36 37 919 1019 599 609
1080 5 2 99991 1 919 1019 599 609 920 1020 600 610
1081 5 2 99991 1 920 1020 600 610 921 1021 601 611
1082 5 2 99991 1 921 1021 601 611 922 1022 602 612
1083 5 2 99991 1 922 1022 602 612 923 1023 603 613
1084 5 2 99991 1 923 1023 603 613 924 1024 604 614
1085 5 2 99991 1 924 1024 604 614 925 1025 605 615
1086 5 2 99991 1 925 1025 605 615 926 1026 606 616
1087 5 2 99991 1 926 1026 606 616 927 1027 607 617
1088 5 2 99991 1 927 1027 607 617 928 1028 608 618
1089 5 2 99991 1 928 1028 608 618 648 658 86 87
1090 5 2 99991 1 11 12 159 149 349 359 1029 929
1091 5 2 99991 1 349 359 1029 929 350 360 1030 930
1092 5 2 99991 1 350 360 1030 930 351 361 1031 931
1093 5 2 99991 1 351 361 1031 931 352 362 1032 932
1094 5 2 99991 1 352 362 1032 932 353 363 1033 933
1095 5 2 99991 1 353 363 1033 933 354 364 1034 934
1096 5 2 99991 1 354 364 1034 934 355 365 1035 935
1097 5 2 99991 1 355 365 1035 935 356 366 1036 936
1098 5 2 99991 1 356 366 1036 936 357 367 1037 937
1099 5 2 99991 1 357 367 1037 937 358 368 1038 938
1100 5 2 99991 1 358 368 1038 938 61 62 659 649
1101 5 2 99991 1 149 159 160 150 929 1029 1039 939
1102 5 2 99991 1 929 1029 1039 939 930 1030 1040 940
1103 5 2 99991 1 930 1030 1040 940 931 1031 1041 941
1104 5 2 99991 1 931 1031 1041 941 932 1032 1042 942
1105 5 2 99991 1 932 1032 1042 942 933 1033 1043 943
1106 5 2 99991 1 933 1033 1043 943 934 1034 1044 944
1107 5 2 99991 1 934 1034 1044 944 935 1035 1045 945
1108 5 2 99991 1 935 1035 1045 945 936 1036 1046 946
1109 5 2 99991 1 936 1036 1046 946 937 1037 1047 947
1110 5 2 99991 1 937 1037 1047 947 938 1038 1048 948
1111 5 2 99991 1 938 1038 1048 948 649 659 660 650
1112 5 2 99991 1 150 160 161 151 939 1039 1049 949
1113 5 2 99991 1 939 1039 1049 949 940 1040 1050 950
1114 5 2 99991 1 940 1040 1050 950 941 1041 1051 951
1115 5 2 99991 1 941 1041 1051 951 942 1042 1052 952
1116 5 2 99991 1 942 1042 1052 952 943 1043 1053 953
1117 5 2 99991 1 943 1043 1053 953 944 1044 1054 954
1118 5 2 99991 1 944 1044 1054 954 945 1045 1055 955
1119 5 2 99991 1 945 1045 1055 955 946 1046 1056 956
1120 5 2 99991 1 946 1046 1056 956 947 1047 1057 957
1121 5 2 99991 1 947 1047 1057 957 948 1048 1058 958
1122 5 2 99991 1 948 1048 1058 958 650 660 661 651
1123 5 2 99991 1 151 161 162 152 949 1049 1059 959
1124 5 2 99991 1 949 1049 1059 959 950 1050 1060 960
1125 5 2 99991 1 950 1050 1060 960 951 1051 1061 961
1126 5 2 99991 1 951 1051 1061 961 952 1052 1062 962
1127 5 2 99991 1 952 1052 1062 962 953 1053 1063 963
1128 5 2 99991 1 953 1053 1063 963 954 1054 1064 964
1129 5 2 99991 1 954 1054 1064 964 955 1055 1065 965
1130 5 2 99991 1 955 1055 1065 965 956 1056 1066 966
1131 5 2 99991 1 956 1056 1066 966 957 1057 1067 967
1132 5 2 99991 1 957 1057 1067 967 958 1058 1068 968
1133 5 2 99991 1 958 1058 1068 968 651 661 662 652
1134 5 2 99991 1 152 162 163 153 959 1059 1069 969
1135 5 2 99991 1 959 1059 1069 969 960 1060 1070 970
1136 5 2 99991 1 960 1060 1070 970 961 1061 1071 971
1137 5 2 99991 1 961 1061 1071 971 962 1062 1072 972
1138 5 2 99991 1 962 1062 1072 972 963 1063 1073 973
1139 5 2 99991 1 963 1063 1073 973 964 1064 1074 974
1140 5 2 99991 1 964 1064 1074 974 965 1065 1075 975
1141 5 2 99991 1 965 1065 1075 975 966 1066 1076 976
1142 5 2 99991 1 966 1066 1076 976 967 1067 1077 977
1143 5 2 99991 1 967 1067 1077 977 968 1068 1078 978
1144 5 2 99991 1 968 1068 1078 978 652 662 663 653
1145 5 2 99991 1 153 163 164 154 969 1069 1079 979
1146 5 2 99991 1 969 1069 1079 979 970 1070 1080 980
1147 5 2 99991 1 970 1070 1080 980 971 1071 1081 981
1148 5 2 99991 1 971 1071 1081 981 972 1072 1082 982
1149 5 2 99991 1 972 1072 1082 982 973 1073 1083 983
1150 5 2 99991 1 973 1073 1083 983 974 1074 1084 984
1151 5 2 99991 1 974 1074 1084 984 975 1075 1085 985
1152 5 2 99991 1 975 1075 1085 985 976 1076 1086 986
1153 5 2 99991 1 976 1076 1086 986 977 1077 1087 987
1154 5 2 99991 1 977 1077 1087 987 978 1078 1088 988
1155 5 2 99991 1 978 1078 1088 988 653 663 664 654
1156 5 2 99991 1 154 164 165 155 979 1079 1089 989
1157 5 2 99991 1 979 1079 1089 989 980 1080 1090 990
1158 5 2 99991 1 980 1080 1090 990 981 1081 1091 991
1159 5 2 99991 1 981 1081 1091 991 982 1082 1092 992
1160 5 2 99991 1 982 1082 1092 992 983 1083 1093 993
1161 5 2 99991 1 983 1083 1093 993 984 1084 1094 994
1162 5 2 99991 1 984 1084 1094 994 985 1085 1095 995
1163 5 2 99991 1 985 1085 1095 995 986 1086 1096 996
1164 5 2 99991 1 986 1086 1096 996 987 1087 1097 997
1165 5 2 99991 1 987 1087 1097 997 988 1088 1098 998
1166 5 2 99991 1 988 1088 1098 998 654 664 665 655
1167 5 2 99991 1 155 165 166 156 989 1089 1099 999
1168 5 2 99991 1 989 1089 1099 999 990 1090 1100 1000
1169 5 2 99991 1 990 1090 1100 1000 991 1091 1101 1001
1170 5 2 99991 1 991 1091 1101 1001 992 1092 1102 1002
1171 5 2 99991 1 992 1092 1102 1002 993 1093 1103 1003
1172 5 2 99991 1 993 1093 1103 1003 994 1094 1104 1004
1173 5 2 99991 1 994 1094 1104 1004 995 1095 1105 1005
1174 5 2 99991 1 995 1095 1105 1005 996 1096 1106 1006
1175 5 2 99991 1 996 1096 1106 1006 997 1097 1107 1007
1176 5 2 99991 1 997 1097 1107 1007 998 1098 1108 1008
1177 5 2 99991 1 998 1098 1108 1008 655 665 666 656
1178 5 2 99991 1 156 166 167 157 999 1099 1109 1009
1179 5 2 99991 1 999 1099 1109 1009 1000 1100 1110 1010
1180 5 2 99991 1 1000 1100 1110 1010 1001 1101 1111 1011
1181 5 2 99991 1 1001 1101 1111 1011 1002 1102 1112 1012
1182 5 2 99991 1 1002 1102 1112 1012 1003 1103 1113 1013
1183 5 2 99991 1 1003 1103 1113 1013 1004 1104 1114 1014
1184 5 2 99991 1 1004 1104 1114 1014 1005 1105 1115 1015
1185 5 2 99991 1 1005 1105 1115 1015 1006 1106 1116 1016
1186 5 2 99991 1 1006 1106 1116 1016 1007 1107 1117 1017
1187 5 2 99991 1 1007 1107 1117 1017 1008 1108 1118 1018
1188 5 2 99991 1 1008 1108 1118 1018 656 666 667 657
1189 5 2 99991 1 157 167 168 158 1009 1109 1119 1019
1190 5 2 99991 1 1009 1109 1119 1019 1010 1110 1120 1020
1191 5 2 99991 1 1010 1110 1120 1020 1011 1111 1121 1021
1192 5 2 99991 1 1011 1111 1121 1021 1012 1112 1122 1022
1193 5 2 99991 1 1012 1112 1122 1022 1013 1113 1123 1023
1194 5 2 99991 1 1013 1113 1123 1023 1014 1114 1124 1024
1195 5 2 99991 1 1014 1114 1124 1024 1015 1115 1125 1025
1196 5 2 99991 1 1015 1115 1125 1025 1016 1116 1126 1026
1197 5 2 99991 1 1016 1116 1126 1026 1017 1117 1127 1027
1198 5 2 99991 1 1017 1117 1127 1027 1018 1118 1128 1028
1199 5 2 99991 1 1018 1118 1128 1028 657 667 668 658
1200 5 2 99991 1 158 168 35 36 1019 1119 589 599
1201 5 2 99991 1 1019 1119 589 599 1020 1120 590 600
1202 5 2 99991 1 1020 1120 590 600 1021 1121 591 601
1203 5 2 99991 1 1021 1121 591 601 1022 1122 592 602
1204 5 2 99991 1 1022 1122 592 602 1023 1123 593 603
1205 5 2 99991 1 1023 1123 593 603 1024 1124 594 604
1206 5 2 99991 1 1024 1124 594 604 1025 1125 595 605
1207 5 2 99991 1 1025 1125 595 605 1026 1126 596 606
1208 5 2 99991 1 1026 1126 596 606 1027 1127 597 607
1209 5 2 99991 1 1027 1127 597 607 1028 1128 598 608
1210 5 2 99991 1 1028 1128 598 608 658 668 85 86
1211 5 2 99991 1 12 13 169 159 359 369 1129 1029
1212 5 2 99991 1 359 369 1129 1029 360 370 1130 1030
1213 5 2 99991 1 360 370 1130 1030 361 371 1131 1031
1214 5 2 99991 1 361 371 1131 1031 362 372 1132 1032
1215 5 2 99991 1 362 372 1132 1032 363 373 1133 1033
1216 5 2 99991 1 363 373 1133 1033 364 374 1134 1034
1217 5 2 99991 1 364 374 1134 1034 365 375 1135 1035
1218 5 2 99991 1 365 375 1135 1035 366 376 1136 1036
1219 5 2 99991 1 366 376 1136 1036 367 377 1137 1037
1220 5 2 99991 1 367 377 1137 1037 368 378 1138 1038
1221 5 2 99991 1 368 378 1138 1038 62 63 669 659
1222 5 2 99991 1 159 169 170 160 1029 1129 1139 1039
1223 5 2 99991 1 1029 1129 1139 1039 1030 1130 1140 1040
1224 5 2 99991 1 1030 1130 1140 1040 1031 1131 1141 1041
1225 5 2 99991 1 1031 1131 1141 1041 1032 1132 1142 1042
1226 5 2 99991 1 1032 1132 1142 1042 1033 1133 1143 1043
1227 5 2 99991 1 1033 1133 1143 1043 1034 1134 1144 1044
1228 5 2 99991 1 1034 1134 1144 1044 1035 1135 1145 1045
1229 5 2 99991 1 1035 1135 1145 1045 1036 1136 1146 1046
1230 5 2 99991 1 1036 1136 1146 1046 1037 1137 1147 1047
1231 5 2 99991 1 1037 1137 1147 1047 1038 1138 1148 1048
1232 5 2 99991 1 1038 1138 1148 1048 659 669 670 660
1233 5 2 99991 1 160 170 171 161 1039 1139 1149 1049
1234 5 2 99991 1 1039 1139 1149 1049 1040 1140 1150 1050
1235 5 2 99991 1 1040 1140 1150 1050 1041 1141 1151 1051
1236 5 2 99991 1 1041 1141 1151 1051 1042 1142 1152 1052
1237 5 2 99991 1 1042 1142 1152 1052 1043 1143 1153 1053
1238 5 2 99991 1 1043 1143 1153 1053 1044 1144 1154 1054
1239 5 2 99991 1 1044 1144 1154 1054 1045 1145 1155 1055
1240 5 2 99991 1 1045 1145 1155 1055 1046 1146 1156 1056
1241 5 2 99991 1 1046 1146 1156 1056 1047 1147 1157 1057
1242 5 2 99991 1 1047 1147 1157 1057 1048 1148 1158 1058
1243 5 2 99991 1 1048 1148 1158 1058 660 670 671 661
1244 5 2 99991 1 161 171 172 162 1049 1149 1159 1059
1245 5 2 99991 1 1049 1149 1159 1059 1050 1150 1160 1060
1246 5 2 99991 1 1050 1150 1160 1060 1051 1151 1161 1061
1247 5 2 99991 1 1051 1151 1161 1061 1052 1152 1162 1062
1248 5 2 99991 1 1052 1152 1162 1062 1053 1153 1163 1063
1249 5 2 99991 1 1053 1153 1163 1063 1054 1154 1164 1064
1250 5 2 99991 1 1054 1154 1164 1064 1055 1155 1165 1065
1251 5 2 99991 1 1055 1155 1165 1065 1056 1156 1166 1066
1252 5 2 99991 1 1056 1156 1166 1066 1057 1157 1167 1067
1253 5 2 99991 1 1057 1157 1167 1067 1058 1158 1168 1068
1254 5 2 99991 1 1058 1158 1168 1068 661 671 672 662
1255 5 2 99991 1 162 172 173 163 1059 1159 1169 1069
1256 5 2 99991 1 1059 1159 1169 1069 1060 1160 1170 1070
1257 5 2 99991 1 1060 1160 1170 1070 1061 1161 1171 1071
1258 5 2 99991 1 1061 1161 1171 1071 1062 1162 1172 1072
1259 5 2 99991 1 1062 1162 1172 1072 1063 1163 1173 1073
1260 5 2 99991 1 1063 1163 1173 1073 1064 1164 1174 1074
1261 5 2 99991 1 1064 1164 1174 1074 1065 1165 1175 1075
1262 5 2 99991 1 1065 1165 1175 1075 1066 1166 1176 1076
1263 5 2 99991 1 1066 1166 1176 1076 1067 1167 1177 1077
1264 5 2 99991 1 1067 1167 1177 1077 1068 1168 1178 1078
1265 5 2 99991 1 1068 1168 1178 1078 662 672 673 663
1266 5 2 99991 1 163 173 174 164 1069 1169 1179 1079
1267 5 2 99991 1 1069 1169 1179 1079 1070 1170 1180 1080
1268 5 2 99991 1 1070 1170 1180 1080 1071 1171 1181 1081
1269 5 2 99991 1 1071 1171 1181 1081 1072 1172 1182 1082
1270 5 2 99991 1 1072 1172 1182 1082 1073 1173 1183 1083
1271 5 2 99991 1 1073 1173 1183 1083 1074 1174 1184 1084
1272 5 2 99991 1 1074 1174 1184 1084 1075 1175 1185 1085
1273 5 2 99991 1 1075 1175 1185 1085 1076 1176 1186 1086
1274 5 2 99991 1 1076 1176 1186 1086 1077 1177 1187 1087
1275 5 2 99991 1 1077 1177 1187 1087 1078 1178 1188 1088
1276 5 2 99991 1 1078 1178 1188 1088 663 673 674 664
1277 5 2 99991 1 164 174 175 165 1079 1179 1189 1089
1278 5 2 99991 1 1079 1179 1189 1089 1080 1180 1190 1090
1279 5 2 99991 1 1080 1180 1190 1090 1081 1181 1191 1091
1280 5 2 99991 1 1081 1181 1191 1091 1082 1182 1192 1092
1281 5 2 99991 1 1082 1182 1192 1092 1083 1183 1193 1093
1282 5 2 99991 1 1083 1183 1193 1093 1084 1184 1194 1094
1283 5 2 99991 1 1084 1184 1194 1094 1085 1185 1195 1095
1284 5 2 99991 1 1085 1185 1195 1095 1086 1186 1196 1096
1285 5 2 99991 1 1086 1186 1196 1096 1087 1187 1197 1097
1286 5 2 99991 1 1087 1187 1197 1097 1088 1188 1198 1098
1287 5 2 99991 1 1088 1188 1198 1098 664 674 675 665
1288 5 2 99991 1 165 175 176 166 1089 1189 1199 1099
1289 5 2 99991 1 1089 1189 1199 1099 1090 1190 1200 1100
1290 5 2 99991 1 1090 1190 1200 1100 1091 1191 1201 1101
1291 5 2 99991 1 1091 1191 1201 1101 1092 1192 1202 1102
1292 5 2 99991 1 1092 1192 1202 1102 1093 1193 1203 1103
1293 5 2 99991 1 1093 1193 1203 1103 1094 1194 1204 1104
1294 5 2 99991 1 1094 1194 1204 1104 1095 1195 1205 1105
1295 5 2 99991 1 1095 1195 1205 1105 1096 1196 1206 1106
1296 5 2 99991 1 1096 1196 1206 1106 1097 1197 1207 1107
1297 5 2 99991 1 1097 1197 1207 1107 1098 1198 1208 1108
1298 5 2 99991 1 1098 1198 1208 1108 665 675 676 666
1299 5 2 99991 1 166 176 177 167 1099 1199 1209 1109
1300 5 2 99991 1 1099 1199 1209 1109 1100 1200 1210 1110
1301 5 2 99991 1 1100 1200 1210 1110 1101 1201 1211 1111
1302 5 2 99991 1 1101 1201 1211 1111 1102 1202 1212 1112
1303 5 2 99991 1 1102 1202 1212 1112 1103 1203 1213 1113
1304 5 2 99991 1 1103 1203 1213 1113 1104 1204 1214 1114
1305 5 2 99991 1 1104 1204 1214 1114 1105 1205 1215 1115
1306 5 2 99991 1 1105 1205 1215 1115 1106 1206 1216 1116
1307 5 2 99991 1 1106 1206 1216 1116 1107 1207 1217 1117
1308 5 2 99991 1 1107 1207 1217 1117 1108 1208 1218 1118
1309 5 2 99991 1 1108 1208 1218 1118 666 676 677 667
1310 5 2 99991 1 167 177 178 168 1109 1209 1219 1119
1311 5 2 99991 1 1109 1209 1219 1119 1110 1210 1220 1120
1312 5 2 99991 1 1110 1210 1220 1120 1111 1211 1221 1121
1313 5 2 99991 1 1111 1211 1221 1121 1112 1212 1222 1122
1314 5 2 99991 1 1112 1212 1222 1122 1113 1213 1223 1123
1315 5 2 99991 1 1113 1213 1223 1123 1114 1214 1224 1124
1316 5 2 99991 1 1114 1214 1224 1124 1115 1215 1225 1125
1317 5 2 99991 1 1115 1215 1225 1125 1116 1216 1226 1126
1318 5 2 99991 1 1116 1216 1226 1126 1117 1217 1227 1127
1319 5 2 99991 1 1117 1217 1227 1127 1118 1218 1228 1128
1320 5 2 99991 1 1118 1218 1228 1128 667 677 678 668
1321 5 2 99991 1 168 178 34 35 1119 1219 579 589
1322 5 2 99991 1 1119 1219 579 589 1120 1220 580 590
1323 5 2 99991 1 1120 1220 580 590 1121 1221 581 591
1324 5 2 99991 1 1121 1221 581 591 1122 1222 582 592
1325 5 2 99991 1 1122 1222 582 592 1123 1223 583 593
1326 5 2 99991 1 1123 1223 583 593 1124 1224 584 594
1327 5 2 99991 1 1124 1224 584 594 1125 1225 585 595
1328 5 2 99991 1 1125 1225 585 595 1126 1226 586 596
1329 5 2 99991 1 1126 1226 586 596 1127 1227 587 597
1330 5 2 99991 1 1127 1227 587 597 1128 1228 588 598
1331 5 2 99991 1 1128 1228 588 598 668 678 84 85
1332 5 2 99991 1 13 14 179 169 369 379 1229 1129
1333 5 2 99991 1 369 379 1229 1129 370 380 1230 1130
1334 5 2 99991 1 370 380 1230 1130 371 381 1231 1131
1335 5 2 99991 1 371 381 1231 1131 372 382 1232 1132
1336 5 2 99991 1 372 382 1232 1132 373 383 1233 1133
1337 5 2 99991 1 373 383 1233 1133 374 384 1234 1134
1338 5 2 99991 1 374 384 1234 1134 375 385 1235 1135
1339 5 2 99991 1 375 385 1235 1135 376 386 1236 1136
1340 5 2 99991 1 376 386 1236 1136 377 387 1237 1137
1341 5 2 99991 1 377 387 1237 1137 378 388 1238 1138
1342 5 2 99991 1 378 388 1238 1138 63 64 679 669
1343 5 2 99991 1 169 179 180 170 1129 1229 1239 1139
1344 5 2 99991 1 1129 1229 1239 1139 1130 1230 1240 1140
1345 5 2 99991 1 1130 1230 1240 1140 1131 1231 1241 1141
1346 5 2 99991 1 1131 1231 1241 1141 1132 1232 1242 1142
1347 5 2 99991 1 1132 1232 1242 1142 1133 1233 1243 1143
1348 5 2 99991 1 1133 1233 1243 1143 1134 1234 1244 1144
1349 5 2 99991 1 1134 1234 1244 1144 1135 1235 1245 1145
1350 5 2 99991 1 1135 1235 1245 1145 1136 1236 1246 1146
1351 5 2 99991 1 1136 1236 1246 1146 1137 1237 1247 1147
1352 5 2 99991 1 1137 1237 1247 1147 1138 1238 1248 1148
1353 5 2 99991 1 1138 1238 1248 1148 669 679 680 670
1354 5 2 99991 1 170 180 181 171 1139 1239 1249 1149
1355 5 2 99991 1 1139 1239 1249 1149 1140 1240 1250 1150
1356 5 2 99991 1 1140 1240 1250 1150 1141 1241 1251 1151
1357 5 2 99991 1 1141 1241 1251 1151 1142 1242 1252 1152
1358 5 2 99991 1 1142 1242 1252 1152 1143 1243 1253 1153
1359 5 2 99991 1 1143 1243 1253 1153 1144 1244 1254 1154
1360 5 2 99991 1 1144 1244 1254 1154 1145 1245 1255 1155
1361 5 2 99991 1 1145 1245 1255 1155 1146 1246 1256 1156
1362 5 2 99991 1 1146 1246 1256 1156 1147 1247 1257 1157
1363 5 2 99991 1 1147 1247 1257 1157 1148 1248 1258 1158
1364 5 2 99991 1 1148 1248 1258 1158 670 680 681 671
1365 5 2 99991 1 171 181 182 172 1149 1249 1259 1159
1366 5 2 99991 1 1149 1249 1259 1159 1150 1250 1260 1160
1367 5 2 99991 1 1150 1250 1260 1160 1151 1251 1261 1161
1368 5 2 99991 1 1151 1251 1261 1161 1152 1252 1262 1162
1369 5 2 99991 1 1152 1252 1262 1162 1153 1253 1263 1163
1370 5 2 99991 1 1153 1253 1263 1163 1154 1254 1264 1164
1371 5 2 99991 1 1154 1254 1264 1164 1155 1255 1265 1165
1372 5 2 99991 1 1155 1255 1265 1165 1156 1256 1266 1166
1373 5 2 99991 1 1156 1256 1266 1166 1157 1257 1267 1167
1374 5 2 99991 1 1157 1257 1267 1167 1158 1258 1268 1168
1375 5 2 99991 1 1158 1258 1268 1168 671 681 682 672
1376 5 2 99991 1 172 182 183 173 1159 1259 1269 1169
1377 5 2 99991 1 1159 1259 1269 1169 1160 1260 1270 1170
1378 5 2 99991 1 1160 1260 1270 1170 1161 1261 1271 1171
1379 5 2 99991 1 1161 1261 1271 1171 1162 1262 1272 1172
1380 5 2 99991 1 1162 1262 1272 1172 1163 1263 1273 1173
1381 5 2 99991 1 1163 1263 1273 1173 1164 1264 1274 1174
1382 5 2 99991 1 1164 1264 1274 1174 1165 1265 1275 1175
1383 5 2 99991 1 1165 1265 1275 1175 1166 1266 1276 1176
1384 5 2 99991 1 1166 1266 1276 1176 1167 1267 1277 1177
1385 5 2 99991 1 1167 1267 1277 1177 1168 1268 1278 1178
1386 5 2 99991 1 1168 1268 1278 1178 672 682 683 673
1387 5 2 99991 1 173 183 184 174 1169 1269 1279 1179
1388 5 2 99991 1 1169 1269 1279 1179 1170 1270 1280 1180
1389 5 2 99991 1 1170 1270 1280 1180 1171 1271 1281 1181
1390 5 2 99991 1 1171 1271 1281 1181 1172 1272 1282 1182
1391 5 2 99991 1 1172 1272 1282 1182 1173 1273 1283 1183
1392 5 2 99991 1 1173 1273 1283 1183 1174 1274 1284 1184
1393 5 2 99991 1 1174 1274 1284 1184 1175 1275 1285 1185
1394 5 2 99991 1 1175 1275 1285 1185 1176 1276 1286 1186
1395 5 2 99991 1 1176 1276 1286 1186 1177 1277 1287 1187
1396 5 2 99991 1 1177 1277 1287 1187 1178 1278 1288 1188
1397 5 2 99991 1 1178 1278 1288 1188 673 683 684 674
1398 5 2 99991 1 174 184 185 175 1179 1279 1289 1189
1399 5 2 99991 1 1179 1279 1289 1189 1180 1280 1290 1190
1400 5 2 99991 1 1180 1280 1290 1190 1181 1281 1291 1191
1401 5 2 99991 1 1181 1281 1291 1191 1182 1282 1292 1192
1402 5 2 99991 1 1182 1282 1292 1192 1183 1283 1293 1193
1403 5 2 99991 1 1183 1283 1293 1193 1184 1284 1294 1194
1404 5 2 99991 1 1184 1284 1294 1194 1185 1285 1295 1195
1405 5 2 99991 1 1185 1285 1295 1195 1186 1286 1296 1196
1406 5 2 99991 1 1186 1286 1296 1196 1187 1287 1297 1197
1407 5 2 99991 1 1187 1287 1297 1197 1188 1288 1298 1198
1408 5 2 99991 1 1188 1288 1298 1198 674 684 685 675
1409 5 2 99991 1 175 185 186 176 1189 1289 1299 1199
1410 5 2 99991 1 1189 1289 1299 1199 1190 1290 1300 1200
1411 5 2 99991 1 1190 1290 1300 1200 1191 1291 1301 1201
1412 5 2 99991 1 1191 1291 1301 1201 1192 1292 1302 1202
1413 5 2 99991 1 1192 1292 1302 1202 1193 1293 1303 1203
1414 5 2 99991 1 1193 1293 1303 1203 1194 1294 1304 1204
1415 5 2 99991 1 1194 1294 1304 1204 1195 1295 1305 1205
1416 5 2 99991 1 1195 1295 1305 1205 1196 1296 1306 1206
1417 5 2 99991 1 1196 1296 1306 1206 1197 1297 1307 1207
1418 5 2 99991 1 1197 1297 1307 1207 1198 1298 1308 1208
1419 5 2 99991 1 1198 1298 1308 1208 675 685 686 676
1420 5 2 99991 1 176 186 187 177 1199 1299 1309 1209
1421 5 2 99991 1 1199 1299 1309 1209 1200 1300 1310 1210
1422 5 2 99991 1 1200 1300 1310 1210 1201 1301 1311 1211
1423 5 2 99991 1 1201 1301 1311 1211 1202 1302 1312 1212
1424 5 2 99991 1 1202 1302 1312 1212 1203 1303 1313 1213
1425 5 2 99991 1 1203 1303 1313 1213 1204 1304 1314 1214
1426 5 2 99991 1 1204 1304 1314 1214 1205 1305 1315 1215
1427 5 2 99991 1 1205 1305 1315 1215 1206 1306 1316 1216
1428 5 2 99991 1 1206 1306 1316 1216 1207 1307 1317 1217
1429 5 2 99991 1 1207 1307 1317 1217 1208 1308 1318 1218
1430 5 2 99991 1 1208 1308 1318 1218 676 686 687 677
1431 5 2 99991 1 177 187 188 178 1209 1309 1319 1219
1432 5 2 99991 1 1209 1309 1319 1219 1210 1310 1320 1220
1433 5 2 99991 1 1210 1310 1320 1220 1211 1311 1321 1221
1434 5 2 99991 1 1211 1311 1321 1221 1212 1312 1322 1222
1435 5 2 99991 1 1212 1312 1322 1222 1213 1313 1323 1223
1436 5 2 99991 1 1213 1313 1323 1223 1214 1314 1324 1224
1437 5 2 99991 1 1214 1314 1324 1224 1215 1315 1325 1225
1438 5 2 99991 1 1215 1315 1325 1225 1216 1316 1326 1226
1439 5 2 99991 1 1216 1316 1326 1226 1217 1317 1327 1227
1440 5 2 99991 1 1217 1317 1327 1227 1218 1318 1328 1228
1441 5 2 99991 1 1218 1318 1328 1228 677 687 688 678
1442 5 2 99991 1 178 188 33 34 1219 1319 569 579
1443 5 2 99991 1 1219 1319 569 579 1220 1320 570 580
1444 5 2 99991 1 1220 1320 570 580 1221 1321 571 581
1445 5 2 99991 1 1221 1321 571 581 1222 1322 572 582
1446 5 2 99991 1 1222 1322 572 582 1223 1323 573 583
1447 5 2 99991 1 1223 1323 573 583 1224 1324 574 584
1448 5 2 99991 1 1224 1324 574 584 1225 1325 575 585
1449 5 2 99991 1 1225 1325 575 585 1226 1326 576 586
1450 5 2 99991 1 1226 1326 576 586 1227 1327 577 587
1451 5 2 99991 1 1227 1327 577 587 1228 1328 578 588
1452 5 2 99991 1 1228 1328 578 588 678 688 83 84
1453 5 2 99991 1 14 15 189 179 379 389 1329 1229
1454 5 2 99991 1 379 389 1329 1229 380 390 1330 1230
1455 5 2 99991 1 380 390 1330 1230 381 391 1331 1231
1456 5 2 99991 1 381 391 1331 1231 382 392 1332 1232
1457 5 2 99991 1 382 392 1332 1232 383 393 1333 1233
1458 5 2 99991 1 383 393 1333 1233 384 394 1334 1234
1459 5 2 99991 1 384 394 1334 1234 385 395 1335 1235
1460 5 2 99991 1 385 395 1335 1235 386 396 1336 1236
1461 5 2 99991 1 386 396 1336 1236 387 397 1337 1237
1462 5 2 99991 1 387 397 1337 1237 388 398 1338 1238
1463 5 2 99991 1 388 398 1338 1238 64 65 689 679
1464 5 2 99991 1 179 189 190 180 1229 1329 1339 1239
1465 5 2 99991 1 1229 1329 1339 1239 1230 1330 1340 1240
1466 5 2 99991 1 1230 1330 1340 1240 1231 1331 1341 1241
1467 5 2 99991 1 1231 1331 1341 1241 1232 1332 1342 1242
1468 5 2 99991 1 1232 1332 1342 1242 1233 1333 1343 1243
1469 5 2 99991 1 1233 1333 1343 1243 1234 1334 1344 1244
1470 5 2 99991 1 1234 1334 1344 1244 1235 1335 1345 1245
1471 5 2 99991 1 1235 1335 1345 1245 1236 1336 1346 1246
1472 5 2 99991 1 1236 1336 1346 1246 1237 1337 1347 1247
1473 5 2 99991 1 1237 1337 1347 1247 1238 1338 1348 1248
1474 5 2 99991 1 1238 1338 1348 1248 679 689 690 680
1475 5 2 99991 1 180 190 191 181 1239 1339 1349 1249
1476 5 2 99991 1 1239 1339 1349 1249 1240 1340 1350 1250
1477 5 2 99991 1 1240 1340 1350 1250 1241 1341 1351 1251
1478 5 2 99991 1 1241 1341 1351 1251 1242 1342 1352 1252
1479 5 2 99991 1 1242 1342 1352 1252 1243 1343 1353 1253
1480 5 2 99991 1 1243 1343 1353 1253 1244 1344 1354 1254
1481 5 2 99991 1 1244 1344 1354 1254 1245 1345 1355 1255
1482 5 2 99991 1 1245 1345 1355 1255 1246 1346 1356 1256
1483 5 2 99991 1 1246 1346 1356 1256 1247 1347 1357 1257
1484 5 2 99991 1 1247 1347 1357 1257 1248 1348 1358 1258
1485 5 2 99991 1 1248 1348 1358 1258 680 690 691 681
1486 5 2 99991 1 181 191 192 182 1249 1349 1359 1259
1487 5 2 99991 1 1249 1349 1359 1259 1250 1350 1360 1260
1488 5 2 99991 1 1250 1350 1360 1260 1251 1351 1361 1261
1489 5 2 99991 1 1251 1351 1361 1261 1252 1352 1362 1262
1490 5 2 99991 1 1252 1352 1362 1262 1253 1353 1363 1263
1491 5 2 99991 1 1253 1353 1363 1263 1254 1354 1364 1264
1492 5 2 99991 1 1254 1354 1364 1264 1255 1355 1365 1265
1493 5 2 99991 1 1255 1355 1365 1265 1256 1356 1366 1266
1494 5 2 99991 1 1256 1356 1366 1266 1257 1357 1367 1267
1495 5 2 99991 1 1257 1357 1367 1267 1258 1358 1368 1268
1496 5 2 99991 1 1258 1358 1368 1268 681 691 692 682
1497 5 2 99991 1 182 192 193 183 1259 1359 1369 1269
1498 5 2 99991 1 1259 1359 1369 1269 1260 1360 1370 1270
1499 5 2 99991 1 1260 1360 1370 1270 1261 1361 1371 1271
1500 5 2 99991 1 1261 1361 1371 1271 1262 1362 1372 1272
1501 5 2 99991 1 1262 1362 1372 1272 1263 1363 1373 1273
1502 5 2 99991 1 1263 1363 1373 1273 1264 1364 1374 1274
1503 5 2 99991 1 1264 1364 1374 1274 1265 1365 1375 1275
1504 5 2 99991 1 1265 1365 1375 1275 1266 1366 1376 1276
1505 5 2 99991 1 1266 1366 1376 1276 1267 1367 1377 1277
1506 5 2 99991 1 1267 1367 1377 1277 1268 1368 1378 1278
1507 5 2 99991 1 1268 1368 1378 1278 682 692 693 683
1508 5 2 99991 1 183 193 194 184 1269 1369 1379 1279
1509 5 2 99991 1 1269 1369 1379 1279 1270 1370 1380 1280
1510 5 2 99991 1 1270 1370 1380 1280 1271 1371 1381 1281
1511 5 2 99991 1 1271 1371 1381 1281 1272 1372 1382 1282
1512 5 2 99991 1 1272 1372 1382 1282 1273 1373 1383 1283
1513 5 2 99991 1 1273 1373 1383 1283 1274 1374 1384 1284
1514 5 2 99991 1 1274 1374 1384 1284 1275 1375 1385 1285
1515 5 2 99991 1 1275 1375 1385 1285 1276 1376 1386 1286
1516 5 2 99991 1 1276 1376 1386 1286 1277 1377 1387 1287
1517 5 2 99991 1 1277 1377 1387 1287 1278 1378 1388 1288
1518 5 2 99991 1 1278 1378 1388 1288 683 693 694 684
1519 5 2 99991 1 184 194 195 185 1279 1379 1389 1289
1520 5 2 99991 1 1279 1379 1389 1289 1280 1380 1390 1290
1521 5 2 99991 1 1280 1380 1390 1290 1281 1381 1391 1291
1522 5 2 99991 1 1281 1381 1391 1291 1282 1382 1392 1292
1523 5 2 99991 1 1282 1382 1392 1292 1283 1383 1393 1293
1524 5 2 99991 1 1283 1383 1393 1293 1284 1384 1394 1294
1525 5 2 99991 1 1284 1384 1394 1294 1285 1385 1395 1295
1526 5 2 99991 1 1285 1385 1395 1295 1286 1386 1396 1296
1527 5 2 99991 1 1286 1386 1396 1296 1287 1387 1397 1297
1528 5 2 99991 1 1287 1387 1397 1297 1288 1388 1398 1298
1529 5 2 99991 1 1288 1388 1398 1298 684 694 695 685
1530 5 2 99991 1 185 195 196 186 1289 1389 1399 1299
1531 5 2 99991 1 1289 1389 1399 1299 1290 1390 1400 1300
1532 5 2 99991 1 1290 1390 1400 1300 1291 1391 1401 1301
1533 5 2 99991 1 1291 1391 1401 1301 1292 1392 1402 1302
1534 5 2 99991 1 1292 1392 1402 1302 1293 1393 1403 1303
1535 5 2 99991 1 1293 1393 1403 1303 1294 1394 1404 1304
1536 5 2 99991 1 1294 1394 1404 1304 1295 1395 1405 1305
1537 5 2 99991 1 1295 1395 1405 1305 1296 1396 1406 1306
1538 5 2 99991 1 1296 1396 1406 1306 1297 1397 1407 1307
1539 5 2 99991 1 1297 1397 1407 1307 1298 1398 1408 1308
1540 5 2 99991 1 1298 1398 1408 1308 685 695 696 686
1541 5 2 99991 1 186 196 197 187 1299 1399 1409 1309
1542 5 2 99991 1 1299 1399 1409 1309 1300 1400 1410 1310
1543 5 2 99991 1 1300 1400 1410 1310 1301 1401 1411 1311
1544 5 2 99991 1 1301 1401 1411 1311 1302 1402 1412 1312
1545 5 2 99991 1 1302 1402 1412 1312 1303 1403 1413 1313
1546 5 2 99991 1 1303 1403 1413 1313 1304 1404 1414 1314
1547 5 2 99991 1 1304 1404 1414 1314 1305 1405 1415 1315
1548 5 2 99991 1 1305 1405 1415 1315 1306 1406 1416 1316
1549 5 2 99991 1 1306 1406 1416 1316 1307 1407 1417 1317
1550 5 2 99991 1 1307 1407 1417 1317 1308 1408 1418 1318
1551 5 2 99991 1 1308 1408 1418 1318 686 696 697 687
1552 5 2 99991 1 187 197 198 188 1309 1409 1419 1319
1553 5 2 99991 1 1309 1409 1419 1319 1310 1410 1420 1320
1554 5 2 99991 1 1310 1410 1420 1320 1311 1411 1421 1321
1555 5 2 99991 1 1311 1411 1421 1321 1312 1412 1422 1322
1556 5 2 99991 1 1312 1412 1422 1322 1313 1413 1423 1323
1557 5 2 99991 1 1313 1413 1423 1323 1314 1414 1424 1324
1558 5 2 99991 1 1314 1414 1424 1324 1315 1415 1425 1325
1559 5 2 99991 1 1315 1415 1425 1325 1316 1416 1426 1326
1560 5 2 99991 1 1316 1416 1426 1326 1317 1417 1427 1327
1561 5 2 99991 1 1317 1417 1427 1327 1318 1418 1428 1328
1562 5 2 99991 1 1318 1418 1428 1328 687 697 698 688
1563 5 2 99991 1 188 198 32 33 1319 1419 559 569
1564 5 2 99991 1 1319 1419 559 569 1320 1420 560 570
1565 5 2 99991 1 1320 1420 560 570 1321 1421 561 571
1566 5 2 99991 1 1321 1421 561 571 1322 1422 562 572
1567 5 2 99991 1 1322 1422 562 572 1323 1423 563 573
1568 5 2 99991 1 1323 1423 563 573 1324 1424 564 574
1569 5 2 99991 1 1324 1424 564 574 1325 1425 565 575
1570 5 2 99991 1 1325 1425 565 575 1326 1426 566 576
1571 5 2 99991 1 1326 1426 566 576 1327 1427 567 577
1572 5 2 99991 1 1327 1427 567 577 1328 1428 568 578
1573 5 2 99991 1 1328 1428 568 578 688 698 82 83
1574 5 2 99991 1 15 16 199 189 389 399 1429 1329
1575 5 2 99991 1 389 399 1429 1329 390 400 1430 1330
1576 5 2 99991 1 390 400 1430 1330 391 401 1431 1331
1577 5 2 99991 1 391 401 1431 1331 392 402 1432 1332
1578 5 2 99991 1 392 402 1432 1332 393 403 1433 1333
1579 5 2 99991 1 393 403 1433 1333 394 404 1434 1334
1580 5 2 99991 1 394 404 1434 1334 395 405 1435 1335
1581 5 2 99991 1 395 405 1435 1335 396 406 1436 1336
1582 5 2 99991 1 396 406 1436 1336 397 407 1437 1337
1583 5 2 99991 1 397 407 1437 1337 398 408 1438 1338
1584 5 2 99991 1 398 408 1438 1338 65 66 699 689
1585 5 2 99991 1 189 199 200 190 1329 1429 1439 1339
1586 5 2 99991 1 1329 1429 1439 1339 1330 1430 1440 1340
1587 5 2 99991 1 1330 1430 1440 1340 1331 1431 1441 1341
1588 5 2 99991 1 1331 1431 1441 1341 1332 1432 1442 1342
1589 5 2 99991 1 1332 1432 1442 1342 1333 1433 1443 1343
1590 5 2 99991 1 1333 1433 1443 1343 1334 1434 1444 1344
1591 5 2 99991 1 1334 1434 1444 1344 1335 1435 1445 1345
1592 5 2 99991 1 1335 1435 1445 1345 1336 1436 1446 1346
1593 5 2 99991 1 1336 1436 1446 1346 1337 1437 1447 1347
1594 5 2 99991 1 1337 1437 1447 1347 1338 1438 1448 1348
1595 5 2 99991 1 1338 1438 1448 1348 689 699 700 690
1596 5 2 99991 1 190 200 201 191 1339 1439 1449 1349
1597 5 2 99991 1 1339 1439 1449 1349 1340 1440 1450 1350
1598 5 2 99991 1 1340 1440 1450 1350 1341 1441 1451 1351
1599 5 2 99991 1 1341 1441 1451 1351 1342 1442 1452 1352
1600 5 2 99991 1 1342 1442 1452 1352 1343 1443 1453 1353
1601 5 2 99991 1 1343 1443 1453 1353 1344 1444 1454 1354
1602 5 2 99991 1 1344 1444 1454 1354 1345 1445 1455 1355
1603 5 2 99991 1 1345 1445 1455 1355 1346 1446 1456 1356
1604 5 2 99991 1 1346 1446 1456 1356 1347 1447 1457 1357
1605 5 2 99991 1 1347 1447 1457 1357 1348 1448 1458 1358
1606 5 2 99991 1 1348 1448 1458 1358 690 700 701 691
1607 5 2 99991 1 191 201 202 192 1349 1449 1459 1359
1608 5 2 99991 1 1349 1449 1459 1359 1350 1450 1460 1360
1609 5 2 99991 1 1350 1450 1460 1360 1351 1451 1461 1361
1610 5 2 99991 1 1351 1451 1461 1361 1352 1452 1462 1362
1611 5 2 99991 1 1352 1452 1462 1362 1353 1453 1463 1363
1612 5 2 99991 1 1353 1453 1463 1363 1354 1454 1464 1364
1613 5 2 99991 1 1354 1454 1464 1364 1355 1455 1465 1365
1614 5 2 99991 1 1355 1455 1465 1365 1356 1456 1466 1366
1615 5 2 99991 1 1356 1456 1466 1366 1357 1457 1467 1367
1616 5 2 99991 1 1357 1457 1467 1367 1358 1458 1468 1368
1617 5 2 99991 1 1358 1458 1468 1368 691 701 702 692
1618 5 2 99991 1 192 202 203 193 1359 1459 1469 1369
1619 5 2 99991 1 1359 1459 1469 1369 1360 1460 1470 1370
1620 5 2 99991 1 1360 1460 1470 1370 1361 1461 1471 1371
1621 5 2 99991 1 1361 1461 1471 1371 1362 1462 1472 1372
1622 5 2 99991 1 1362 1462 1472 1372 1363 1463 1473 1373
1623 5 2 99991 1 1363 1463 1473 1373 1364 1464 1474 1374
1624 5 2 99991 1 1364 1464 1474 1374 1365 1465 1475 1375
1625 5 2 99991 1 1365 1465 1475 1375 1366 1466 1476 1376
1626 5 2 99991 1 1366 1466 1476 1376 1367 1467 1477 1377
1627 5 2 99991 1 1367 1467 1477 1377 1368 1468 1478 1378
1628 5 2 99991 1 1368 1468 1478 1378 692 702 703 693
1629 5 2 99991 1 193 203 204 194 1369 1469 1479 1379
1630 5 2 99991 1 1369 1469 1479 1379 1370 1470 1480 1380
1631 5 2 99991 1 1370 1470 1480 1380 1371 1471 1481 1381
1632 5 2 99991 1 1371 1471 1481 1381 1372 1472 1482 1382
1633 5 2 99991 1 1372 1472 1482 1382 1373 1473 1483 1383
1634 5 2 99991 1 1373 1473 1483 1383 1374 1474 1484 1384
1635 5 2 99991 1 1374 1474 1484 1384 1375 1475 1485 1385
1636 5 2 99991 1 1375 1475 1485 1385 1376 1476 1486 1386
1637 5 2 99991 1 1376 1476 1486 1386 1377 1477 1487 1387
1638 5 2 99991 1 1377 1477 1487 1387 1378 1478 1488 1388
1639 5 2 99991 1 1378 1478 1488 1388 693 703 704 694
1640 5 2 99991 1 194 204 205 195 1379 1479 1489 1389
1641 5 2 99991 1 1379 1479 1489 1389 1380 1480 1490 1390
1642 5 2 99991 1 1380 1480 1490 1390 1381 1481 1491 1391
1643 5 2 99991 1 1381 1481 1491 1391 1382 1482 1492 1392
1644 5 2 99991 1 1382 1482 1492 1392 1383 1483 1493 1393
1645 5 2 99991 1 1383 1483 1493 1393 1384 1484 1494 1394
1646 5 2 99991 1 1384 1484 1494 1394 1385 1485 1495 1395
1647 5 2 99991 1 1385 1485 1495 1395 1386 1486 1496 1396
1648 5 2 99991 1 1386 1486 1496 1396 1387 1487 1497 1397
1649 5 2 99991 1 1387 1487 1497 1397 1388 1488 1498 1398
1650 5 2 99991 1 1388 1488 1498 1398 694 704 705 695
1651 5 2 99991 1 195 205 206 196 1389 1489 1499 1399
1652 5 2 99991 1 1389 1489 1499 1399 1390 1490 1500 1400
1653 5 2 99991 1 1390 1490 1500 1400 1391 1491 1501 1401
1654 5 2 99991 1 1391 1491 1501 1401 1392 1492 1502 1402
1655 5 2 99991 1 1392 1492 1502 1402 1393 1493 1503 1403
1656 5 2 99991 1 1393 1493 1503 1403 1394 1494 1504 1404
1657 5 2 99991 1 1394 1494 1504 1404 1395 1495 1505 1405
1658 5 2 99991 1 1395 1495 1505 1405 1396 1496 1506 1406
1659 5 2 99991 1 1396 1496 1506 1406 1397 1497 1507 1407
1660 5 2 99991 1 1397 1497 1507 1407 1398 1498 1508 1408
1661 5 2 99991 1 1398 1498 1508 1408 695 705 706 696
1662 5 2 99991 1 196 206 207 197 1399 1499 1509 1409
1663 5 2 99991 1 1399 1499 1509 1409 1400 1500 1510 1410
1664 5 2 99991 1 1400 1500 1510 1410 1401 1501 1511 1411
1665 5 2 99991 1 1401 1501 1511 1411 1402 1502 1512 1412
1666 5 2 99991 1 1402 1502 1512 1412 1403 1503 1513 1413
1667 5 2 99991 1 1403 1503 1513 1413 1404 1504 1514 1414
1668 5 2 99991 1 1404 1504 1514 1414 1405 1505 1515 1415
1669 5 2 99991 1 1405 1505 1515 1415 1406 1506 1516 1416
1670 5 2 99991 1 1406 1506 1516 1416 1407 1507 1517 1417
1671 5 2 99991 1 1407 1507 1517 1417 1408 1508 1518 1418
1672 5 2 99991 1 1408 1508 1518 1418 696 706 707 697
1673 5 2 99991 1 197 207 208 198 1409 1509 1519 1419
1674 5 2 99991 1 1409 1509 1519 1419 1410 1510 1520 1420
1675 5 2 99991 1 1410 1510 1520 1420 1411 1511 1521 1421
1676 5 2 99991 1 1411 1511 1521 1421 1412 1512 1522 1422
1677 5 2 99991 1 1412 1512 1522 1422 1413 1513 1523 1423
1678 5 2 99991 1 1413 1513 1523 1423 1414 1514 1524 1424
1679 5 2 99991 1 1414 1514 1524 1424 1415 1515 1525 1425
1680 5 2 99991 1 1415 1515 1525 1425 1416 1516 1526 1426
1681 5 2 99991 1 1416 1516 1526 1426 1417 1517 1527 1427
1682 5 2 99991 1 1417 1517 1527 1427 1418 1518 1528 1428
1683 5 2 99991 1 1418 1518 1528 1428 697 707 708 698
1684 5 2 99991 1 198 208 31 32 1419 1519 549 559
1685 5 2 99991 1 1419 1519 549 559 1420 1520 550 560
1686 5 2 99991 1 1420 1520 550 560 1421 1521 551 561
1687 5 2 99991 1 1421 1521 551 561 1422 1522 552 562
1688 5 2 99991 1 1422 1522 552 562 1423 1523 553 563
1689 5 2 99991 1 1423 1523 553 563 1424 1524 554 564
1690 5 2 99991 1 1424 1524 554 564 1425 1525 555 565
1691 5 2 99991 1 1425 1525 555 565 1426 1526 556 566
1692 5 2 99991 1 1426 1526 556 566 1427 1527 557 567
1693 5 2 99991 1 1427 1527 557 567 1428 1528 558 568
1694 5 2 99991 1 1428 1528 558 568 698 708 81 82
1695 5 2 99991 1 16 17 209 199 399 409 1529 1429
1696 5 2 99991 1 399 409 1529 1429 400 410 1530 1430
1697 5 2 99991 1 400 410 1530 1430 401 411 1531 1431
1698 5 2 99991 1 401 411 1531 1431 402 412 1532 1432
1699 5 2 99991 1 402 412 1532 1432 403 413 1533 1433
1700 5 2 99991 1 403 413 1533 1433 404 414 1534 1434
1701 5 2 99991 1 404 414 1534 1434 405 415 1535 1435
1702 5 2 99991 1 405 415 1535 1435 406 416 1536 1436
1703 5 2 99991 1 406 416 1536 1436 407 417 1537 1437
1704 5 2 99991 1 407 417 1537 1437 408 418 1538 1438
1705 5 2 99991 1 408 418 1538 1438 66 67 709 699
1706 5 2 99991 1 199 209 210 200 1429 1529 1539 1439
1707 5 2 99991 1 1429 1529 1539 1439 1430 1530 1540 1440
1708 5 2 99991 1 1430 1530 1540 1440 1431 1531 1541 1441
1709 5 2 99991 1 1431 1531 1541 1441 1432 1532 1542 1442
1710 5 2 99991 1 1432 1532 1542 1442 1433 1533 1543 1443
1711 5 2 99991 1 1433 1533 1543 1443 1434 1534 1544 1444
1712 5 2 99991 1 1434 1534 1544 1444 1435 1535 1545 1445
1713 5 2 99991 1 1435 1535 1545 1445 1436 1536 1546 1446
1714 5 2 99991 1 1436 1536 1546 1446 1437 1537 1547 1447
1715 5 2 99991 1 1437 1537 1547 1447 1438 1538 1548 1448
1716 5 2 99991 1 1438 1538 1548 1448 699 709 710 700
1717 5 2 99991 1 200 210 211 201 1439 1539 1549 1449
1718 5 2 99991 1 1439 1539 1549 1449 1440 1540 1550 1450
1719 5 2 99991 1 1440 1540 1550 1450 1441 1541 1551 1451
1720 5 2 99991 1 1441 1541 1551 1451 1442 1542 1552 1452
1721 5 2 99991 1 1442 1542 1552 1452 1443 1543 1553 1453
1722 5 2 99991 1 1443 1543 1553 1453 1444 1544 1554 1454
1723 5 2 99991 1 1444 1544 1554 1454 1445 1545 1555 1455
1724 5 2 99991 1 1445 1545 1555 1455 1446 1546 1556 1456
1725 5 2 99991 1 1446 1546 1556 1456 1447 1547 1557 1457
1726 5 2 99991 1 1447 1547 1557 1457 1448 1548 1558 1458
1727 5 2 99991 1 1448 1548 1558 1458 700 710 711 701
1728 5 2 99991 1 201 211 212 202 1449 1549 1559 1459
1729 5 2 99991 1 1449 1549 1559 1459 1450 1550 1560 1460
1730 5 2 99991 1 1450 1550 1560 1460 1451 1551 1561 1461
1731 5 2 99991 1 1451 1551 1561 1461 1452 1552 1562 1462
1732 5 2 99991 1 1452 1552 1562 1462 1453 1553 1563 1463
1733 5 2 99991 1 1453 1553 1563 1463 1454 1554 1564 1464
1734 5 2 99991 1 1454 1554 1564 1464 1455 1555 1565 1465
1735 5 2 99991 1 1455 1555 1565 1465 1456 1556 1566 1466
1736 5 2 99991 1 1456 1556 1566 1466 1457 1557 1567 1467
1737 5 2 99991 1 1457 1557 1567 1467 1458 1558 1568 1468
1738 5 2 99991 1 1458 1558 1568 1468 701 711 712 702
1739 5 2 99991 1 202 212 213 203 1459 1559 1569 1469
1740 5 2 99991 1 1459 1559 1569 1469 1460 1560 1570 1470
1741 5 2 99991 1 1460 1560 1570 1470 1461 1561 1571 1471
1742 5 2 99991 1 1461 1561 1571 1471 1462 1562 1572 1472
1743 5 2 99991 1 1462 1562 1572 1472 1463 1563 1573 1473
1744 5 2 99991 1 1463 1563 1573 1473 1464 1564 1574 1474
1745 5 2 99991 1 1464 1564 1574 1474 1465 1565 1575 1475
1746 5 2 99991 1 1465 1565 1575 1475 1466 1566 1576 1476
1747 5 2 99991 1 1466 1566 1576 1476 1467 1567 1577 1477
1748 5 2 99991 1 1467 1567 1577 1477 1468 1568 1578 1478
1749 5 2 99991 1 1468 1568 1578 1478 702 712 713 703
1750 5 2 99991 1 203 213 214 204 1469 1569 1579 1479
1751 5 2 99991 1 1469 1569 1579 1479 1470 1570 1580 1480
1752 5 2 99991 1 1470 1570 1580 1480 1471 1571 1581 1481
1753 5 2 99991 1 1471 1571 1581 1481 1472 1572 1582 1482
1754 5 2 99991 1 1472 1572 1582 1482 1473 1573 1583 1483
1755 5 2 99991 1 1473 1573 1583 1483 1474 1574 1584 1484
1756 5 2 99991 1 1474 1574 1584 1484 1475 1575 1585 1485
1757 5 2 99991 1 1475 1575 1585 1485 1476 1576 1586 1486
1758 5 2 99991 1 1476 1576 1586 1486 1477 1577 1587 1487
1759 5 2 99991 1 1477 1577 1587 1487 1478 1578 1588 1488
1760 5 2 99991 1 1478 1578 1588 1488 703 713 714 704
1761 5 2 99991 1 204 214 215 205 1479 1579 1589 1489
1762 5 2 99991 1 1479 1579 1589 1489 1480 1580 1590 1490
1763 5 2 99991 1 1480 1580 1590 1490 1481 1581 1591 1491
1764 5 2 99991 1 1481 1581 1591 1491 1482 1582 1592 1492
1765 5 2 99991 1 1482 1582 1592 1492 1483 1583 1593 1493
1766 5 2 99991 1 1483 1583 1593 1493 1484 1584 1594 1494
1767 5 2 99991 1 1484 1584 1594 1494 1485 1585 1595 1495
1768 5 2 99991 1 1485 1585 1595 1495 1486 1586 1596 1496
1769 5 2 99991 1 1486 1586 1596 1496 1487 1587 1597 1497
1770 5 2 99991 1 1487 1587 1597 1497 1488 1588 1598 1498
1771 5 2 99991 1 1488 1588 1598 1498 704 714 715 705
1772 5 2 99991 1 205 215 216 206 1489 1589 1599 1499
1773 5 2 99991 1 1489 1589 1599 1499 1490 1590 1600 1500
1774 5 2 99991 1 1490 1590 1600 1500 1491 1591 1601 1501
1775 5 2 99991 1 1491 1591 1601 1501 1492 1592 1602 1502
1776 5 2 99991 1 1492 1592 1602 1502 1493 1593 1603 1503
1777 5 2 99991 1 1493 1593 1603 1503 1494 1594 1604 1504
1778 5 2 99991 1 1494 1594 1604 1504 1495 1595 1605 1505
1779 5 2 99991 1 1495 1595 1605 1505 1496 1596 1606 1506
1780 5 2 99991 1 1496 1596 1606 1506 1497 1597 1607 1507
1781 5 2 99991 1 1497 1597 1607 1507 1498 1598 1608 1508
1782 5 2 99991 1 1498 1598 1608 1508 705 715 716 706
1783 5 2 99991 1 206 216 217 207 1499 1599 1609 1509
1784 5 2 99991 1 1499 1599 1609 1509 1500 1600 1610 1510
1785 5 2 99991 1 1500 1600 1610 1510 1501 1601 1611 1511
1786 5 2 99991 1 1501 1601 1611 1511 1502 1602 1612 1512
1787 5 2 99991 1 1502 1602 1612 1512 1503 1603 1613 1513
1788 5 2 99991 1 1503 1603 1613 1513 1504 1604 1614 1514
1789 5 2 99991 1 1504 1604 1614 1514 1505 1605 1615 1515
1790 5 2 99991 1 1505 1605 1615 1515 1506 1606 1616 1516
1791 5 2 99991 1 1506 1606 1616 1516 1507 1607 1617 1517
1792 5 2 99991 1 1507 1607 1617 1517 1508 1608 1618 1518
1793 5 2 99991 1 1508 1608 1618 1518 706 716 717 707
1794 5 2 99991 1 207 217 218 208 1509 1609 1619 1519
1795 5 2 99991 1 1509 1609 1619 1519 1510 1610 1620 1520
1796 5 2 99991 1 1510 1610 1620 1520 1511 1611 1621 1521
1797 5 2 99991 1 1511 1611 1621 1521 1512 1612 1622 1522
1798 5 2 99991 1 1512 1612 1622 1522 1513 1613 1623 1523
1799 5 2 99991 1 1513 1613 1623 1523 1514 1614 1624 1524
1800 5 2 99991 1 1514 1614 1624 1524 1515 1615 1625 1525
1801 5 2 99991 1 1515 1615 1625 1525 1516 1616 1626 1526
1802 5 2 99991 1 1516 1616 1626 1526 1517 1617 1627 1527
1803 5 2 99991 1 1517 1617 1627 1527 1518 1618 1628 1528
1804 5 2 99991 1 1518 1618 1628 1528 707 717 718 708
1805 5 2 99991 1 208 218 30 31 1519 1619 539 549
1806 5 2 99991 1 1519 1619 539 549 1520 1620 540 550
1807 5 2 99991 1 1520 1620 540 550 1521 1621 541 551
1808 5 2 99991 1 1521 1621 541 551 1522 1622 542 552
1809 5 2 99991 1 1522 1622 542 552 1523 1623 543 553
1810 5 2 99991 1 1523 1623 543 553 1524 1624 544 554
1811 5 2 99991 1 1524 1624 544 554 1525 1625 545 555
1812 5 2 99991 1 1525 1625 545 555 1526 1626 546 556
1813 5 2 99991 1 1526 1626 546 556 1527 1627 547 557
1814 5 2 99991 1 1527 1627 547 557 1528 1628 548 558
1815 5 2 99991 1 1528 1628 548 558 708 718 80 81
1816 5 2 99991 1 17 18 219 209 409 419 1629 1529
1817 5 2 99991 1 409 419 1629 1529 410 420 1630 1530
1818 5 2 99991 1 410 420 1630 1530 411 421 1631 1531
1819 5 2 99991 1 411 421 1631 1531 412 422 1632 1532
1820 5 2 99991 1 412 422 1632 1532 413 423 1633 1533
1821 5 2 99991 1 413 423 1633 1533 414 424 1634 1534
1822 5 2 99991 1 414 424 1634 1534 415 425 1635 1535
1823 5 2 99991 1 415 425 1635 1535 416 426 1636 1536
1824 5 2 99991 1 416 426 1636 1536 417 427 1637 1537
1825 5 2 99991 1 417 427 1637 1537 418 428 1638 1538
1826 5 2 99991 1 418 428 1638 1538 67 68 719 709
1827 5 2 99991 1 209 219 220 210 1529 1629 1639 1539
1828 5 2 99991 1 1529 1629 1639 1539 1530 1630 1640 1540
1829 5 2 99991 1 1530 1630 1640 1540 1531 1631 1641 1541
1830 5 2 99991 1 1531 1631 1641 1541 1532 1632 1642 1542
1831 5 2 99991 1 1532 1632 1642 1542 1533 1633 1643 1543
1832 5 2 99991 1 1533 1633 1643 1543 1534 1634 1644 1544
1833 5 2 99991 1 1534 1634 1644 1544 1535 1635 1645 1545
1834 5 2 99991 1 1535 1635 1645 1545 1536 1636 1646 1546
1835 5 2 99991 1 1536 1636 1646 1546 1537 1637 1647 1547
1836 5 2 99991 1 1537 1637 1647 1547 1538 1638 1648 1548
1837 5 2 99991 1 1538 1638 1648 1548 709 719 720 710
1838 5 2 99991 1 210 220 221 211 1539 1639 1649 1549
1839 5 2 99991 1 1539 1639 1649 1549 1540 1640 1650 1550
1840 5 2 99991 1 1540 1640 1650 1550 1541 1641 1651 1551
1841 5 2 99991 1 1541 1641 1651 1551 1542 1642 1652 1552
1842 5 2 99991 1 1542 1642 1652 1552 1543 1643 1653 1553
1843 5 2 99991 1 1543 1643 1653 1553 1544 1644 1654 1554
1844 5 2 99991 1 1544 1644 1654 1554 1545 1645 1655 1555
1845 5 2 99991 1 1545 1645 1655 1555 1546 1646 1656 1556
1846 5 2 99991 1 1546 1646 1656 1556 1547 1647 1657 1557
1847 5 2 99991 1 1547 1647 1657 1557 1548 1648 1658 1558
1848 5 2 99991 1 1548 1648 1658 1558 710 720 721 711
1849 5 2 99991 1 211 221 222 212 1549 1649 1659 1559
1850 5 2 99991 1 1549 1649 1659 1559 1550 1650 1660 1560
1851 5 2 99991 1 1550 1650 1660 1560 1551 1651 1661 1561
1852 5 2 99991 1 1551 1651 1661 1561 1552 1652 1662 1562
1853 5 2 99991 1 1552 1652 1662 1562 1553 1653 1663 1563
1854 5 2 99991 1 1553 1653 1663 1563 1554 1654 1664 1564
1855 5 2 99991 1 1554 1654 1664 1564 1555 1655 1665 1565
1856 5 2 99991 1 1555 1655 1665 1565 1556 1656 1666 1566
1857 5 2 99991 1 1556 1656 1666 1566 1557 1657 1667 1567
1858 5 2 99991 1 1557 1657 1667 1567 1558 1658 1668 1568
1859 5 2 99991 1 1558 1658 1668 1568 711 721 722 712
1860 5 2 99991 1 212 222 223 213 1559 1659 1669 1569
1861 5 2 99991 1 1559 1659 1669 1569 1560 1660 1670 1570
1862 5 2 99991 1 1560 1660 1670 1570 1561 1661 1671 1571
1863 5 2 99991 1 1561 1661 1671 1571 1562 1662 1672 1572
1864 5 2 99991 1 1562 1662 1672 1572 1563 1663 1673 1573
1865 5 2 99991 1 1563 1663 1673 1573 1564 1664 1674 1574
1866 5 2 99991 1 1564 1664 1674 1574 1565 1665 1675 1575
1867 5 2 99991 1 1565 1665 1675 1575 1566 1666 1676 1576
1868 5 2 99991 1 1566 1666 1676 1576 1567 1667 1677 1577
1869 5 2 99991 1 1567 1667 1677 1577 1568 1668 1678 1578
1870 5 2 99991 1 1568 1668 1678 1578 712 722 723 713
1871 5 2 99991 1 213 223 224 214 1569 1669 1679 1579
1872 5 2 99991 1 1569 1669 1679 1579 1570 1670 1680 1580
1873 5 2 99991 1 1570 1670 1680 1580 1571 1671 1681 1581
1874 5 2 99991 1 1571 1671 1681 1581 1572 1672 1682 1582
1875 5 2 99991 1 1572 1672 1682 1582 1573 1673 1683 1583
1876 5 2 99991 1 1573 1673 1683 1583 1574 1674 1684 1584
1877 5 2 99991 1 1574 1674 1684 1584 1575 1675 1685 1585
1878 5 2 99991 1 1575 1675 1685 1585 1576 1676 1686 1586
1879 5 2 99991 1 1576 1676 1686 1586 1577 1677 1687 1587
1880 5 2 99991 1 1577 1677 1687 1587 1578 1678 1688 1588
1881 5 2 99991 1 1578 1678 1688 1588 713 723 724 714
1882 5 2 99991 1 214 224 225 215 1579 1679 1689 1589
1883 5 2 99991 1 1579 1679 1689 1589 1580 1680 1690 1590
1884 5 2 99991 1 1580 1680 1690 1590 1581 1681 1691 1591
1885 5 2 99991 1 1581 1681 1691 1591 1582 1682 1692 1592
1886 5 2 99991 1 1582 1682 1692 1592 1583 1683 1693 1593
1887 5 2 99991 1 1583 1683 1693 1593 1584 1684 1694 1594
1888 5 2 99991 1 1584 1684 1694 1594 1585 1685 1695 1595
1889 5 2 99991 1 1585 1685 1695 1595 1586 1686 1696 1596
1890 5 2 99991 1 1586 1686 1696 1596 1587 1687 1697 1597
1891 5 2 99991 1 1587 1687 1697 1597 1588 1688 1698 1598
1892 5 2 99991 1 1588 1688 1698 1598 714 724 725 715
1893 5 2 99991 1 215 225 226 216 1589 1689 1699 1599
1894 5 2 99991 1 1589 1689 1699 1599 1590 1690 1700 1600
1895 5 2 99991 1 1590 1690 1700 1600 1591 1691 1701 1601
1896 5 2 99991 1 1591 1691 1701 1601 1592 1692 1702 1602
1897 5 2 99991 1 1592 1692 1702 1602 1593 1693 1703 1603
1898 5 2 99991 1 1593 1693 1703 1603 1594 1694 1704 1604
1899 5 2 99991 1 1594 1694 1704 1604 1595 1695 1705 1605
1900 5 2 99991 1 1595 1695 1705 1605 1596 1696 1706 1606
1901 5 2 99991 1 1596 1696 1706 1606 1597 1697 1707 1607
1902 5 2 99991 1 1597 1697 1707 1607 1598 1698 1708 1608
1903 5 2 99991 1 1598 1698 1708 1608 715 725 726 716
1904 5 2 99991 1 216 226 227 217 1599 1699 1709 1609
1905 5 2 99991 1 1599 1699 1709 1609 1600 1700 1710 1610
1906 5 2 99991 1 1600 1700 1710 1610 1601 1701 1711 1611
1907 5 2 99991 1 1601 1701 1711 1611 1602 1702 1712 1612
1908 5 2 99991 1 1602 1702 1712 1612 1603 1703 1713 1613
1909 5 2 99991 1 1603 1703 1713 1613 1604 1704 1714 1614
1910 5 2 99991 1 1604 1704 1714 1614 1605 1705 1715 1615
1911 5 2 99991 1 1605 1705 1715 1615 1606 1706 1716 1616
1912 5 2 99991 1 1606 1706 1716 1616 1607 1707 1717 1617
1913 5 2 99991 1 1607 1707 1717 1617 1608 1708 1718 1618
1914 5 2 99991 1 1608 1708 1718 1618 716 726 727 717
1915 5 2 99991 1 217 227 228 218 1609 1709 1719 1619
1916 5 2 99991 1 1609 1709 1719 1619 1610 1710 1720 1620
1917 5 2 99991 1 1610 1710 1720 1620 1611 1711 1721 1621
1918 5 2 99991 1 1611 1711 1721 1621 1612 1712 1722 1622
1919 5 2 99991 1 1612 1712 1722 1622 1613 1713 1723 1623
1920 5 2 99991 1 1613 1713 1723 1623 1614 1714 1724 1624
1921 5 2 99991 1 1614 1714 1724 1624 1615 1715 1725 1625
1922 5 2 99991 1 1615 1715 1725 1625 1616 1716 1726 1626
1923 5 2 99991 1 1616 1716 1726 1626 1617 1717 1727 1627
1924 5 2 99991 1 1617 1717 1727 1627 1618 1718 1728 1628
1925 5 2 99991 1 1618 1718 1728 1628 717 727 728 718
1926 5 2 99991 1 218 228 29 30 1619 1719 529 539
1927 5 2 99991 1 1619 1719 529 539 1620 1720 530 540
1928 5 2 99991 1 1620 1720 530 540 1621 1721 531 541
1929 5 2 99991 1 1621 1721 531 541 1622 1722 532 542
1930 5 2 99991 1 1622 1722 532 542 1623 1723 533 543
1931 5 2 99991 1 1623 1723 533 543 1624 1724 534 544
1932 5 2 99991 1 1624 1724 534 544 1625 1725 535 545
1933 5 2 99991 1 1625 1725 535 545 1626 1726 536 546
1934 5 2 99991 1 1626 1726 536 546 1627 1727 537 547
1935 5 2 99991 1 1627 1727 537 547 1628 1728 538 548
1936 5 2 99991 1 1628 1728 538 548 718 728 79 80
1937 5 2 99991 1 18 2 28 219 419 109 519 1629
1938 5 2 99991 1 419 109 519 1629 420 110 520 1630
1939 5 2 99991 1 420 110 520 1630 421 111 521 1631
1940 5 2 99991 1 421 111 521 1631 422 112 522 1632
1941 5 2 99991 1 422 112 522 1632 423 113 523 1633
1942 5 2 99991 1 423 113 523 1633 424 114 524 1634
1943 5 2 99991 1 424 114 524 1634 425 115 525 1635
1944 5 2 99991 1 425 115 525 1635 426 116 526 1636
1945 5 2 99991 1 426 116 526 1636 427 117 527 1637
1946 5 2 99991 1 427 117 527 1637 428 118 528 1638
1947 5 2 99991 1 428 118 528 1638 68 7 69 719
1948 5 2 99991 1 219 28 27 220 1629 519 509 1639
1949 5 2 99991 1 1629 519 509 1639 1630 520 510 1640
1950 5 2 99991 1 1630 520 510 1640 1631 521 511 1641
1951 5 2 99991 1 1631 521 511 1641 1632 522 512 1642
1952 5 2 99991 1 1632 522 512 1642 1633 523 513 1643
1953 5 2 99991 1 1633 523 513 1643 1634 524 514 1644
1954 5 2 99991 1 1634 524 514 1644 1635 525 515 1645
1955 5 2 99991 1 1635 525 515 1645 1636 526 516 1646
1956 5 2 99991 1 1636 526 516 1646 1637 527 517 1647
1957 5 2 99991 1 1637 527 517 1647 1638 528 518 1648
1958 5 2 99991 1 1638 528 518 1648 719 69 70 720
1959 5 2 99991 1 220 27 26 221 1639 509 499 1649
1960 5 2 99991 1 1639 509 499 1649 1640 510 500 1650
1961 5 2 99991 1 1640 510 500 1650 1641 511 501 1651
1962 5 2 99991 1 1641 511 501 1651 1642 512 502 1652
1963 5 2 99991 1 1642 512 502 1652 1643 513 503 1653
1964 5 2 99991 1 1643 513 503 1653 1644 514 504 1654
1965 5 2 99991 1 1644 514 504 1654 1645 515 505 1655
1966 5 2 99991 1 1645 515 505 1655 1646 516 506 1656
1967 5 2 99991 1 1646 516 506 1656 1647 517 507 1657
1968 5 2 99991 1 1647 517 507 1657 1648 518 508 1658
1969 5 2 99991 1 1648 518 508 1658 720 70 71 721
1970 5 2 99991 1 221 26 25 222 1649 499 489 1659
1971 5 2 99991 1 1649 499 489 1659 1650 500 490 1660
1972 5 2 99991 1 1650 500 490 1660 1651 501 491 1661
1973 5 2 99991 1 1651 501 491 1661 1652 502 492 1662
1974 5 2 99991 1 1652 502 492 1662 1653 503 493 1663
1975 5 2 99991 1 1653 503 493 1663 1654 504 494 1664
1976 5 2 99991 1 1654 504 494 1664 1655 505 495 1665
1977 5 2 99991 1 1655 505 495 1665 1656 506 496 1666
1978 5 2 99991 1 1656 506 496 1666 1657 507 497 1667
1979 5 2 99991 1 1657 507 497 1667 1658 508 498 1668
1980 5 2 99991 1 1658 508 498 1668 721 71 72 722
1981 5 2 99991 1 222 25 24 223 1659 489 479 1669
1982 5 2 99991 1 1659 489 479 1669 1660 490 480 1670
1983 5 2 99991 1 1660 490 480 1670 1661 491 481 1671
1984 5 2 99991 1 1661 491 481 1671 1662 492 482 1672
1985 5 2 99991 1 1662 492 482 1672 1663 493 483 1673
1986 5 2 99991 1 1663 493 483 1673 1664 494 484 1674
1987 5 2 99991 1 1664 494 484 1674 1665 495 485 1675
1988 5 2 99991 1 1665 495 485 1675 1666 496 486 1676
1989 5 2 99991 1 1666 496 486 1676 1667 497 487 1677
1990 5 2 99991 1 1667 497 487 1677 1668 498 488 1678
1991 5 2 99991 1 1668 498 488 1678 722 72 73 723
1992 5 2 99991 1 223 24 23 224 1669 479 469 1679
1993 5 2 99991 1 1669 479 469 1679 1670 480 470 1680
1994 5 2 99991 1 1670 480 470 1680 1671 481 471 1681
1995 5 2 99991 1 1671 481 471 1681 1672 482 472 1682
1996 5 2 99991 1 1672 482 472 1682 1673 483 473 1683
1997 5 2 99991 1 1673 483 473 1683 1674 484 474 1684
1998 5 2 99991 1 1674 484 474 1684 1675 485 475 1685
1999 5 2 99991 1 1675 485 475 1685 1676 486 476 1686
2000 5 2 99991 1 1676 486 476 1686 1677 487 477 1687
2001 5 2 99991 1 1677 487 477 1687 1678 488 478 1688
2002 5 2 99991 1 1678 488 478 1688 723 73 74 724
2003 5 2 99991 1 224 23 22 225 1679 469 459 1689
2004 5 2 99991 1 1679 469 459 1689 1680 470 460 1690
2005 5 2 99991 1 1680 470 460 1690 1681 471 461 1691
2006 5 2 99991 1 1681 471 461 1691 1682 472 462 1692
2007 5 2 99991 1 1682 472 462 1692 1683 473 463 1693
2008 5 2 99991 1 1683 473 463 1693 1684 474 464 1694
2009 5 2 99991 1 1684 474 464 1694 1685 475 465 1695
2010 5 2 99991 1 1685 475 465 1695 1686 476 466 1696
2011 5 2 99991 1 1686 476 466 1696 1687 477 467 1697
2012 5 2 99991 1 1687 477 467 1697 1688 478 468 1698
2013 5 2 99991 1 1688 478 468 1698 724 74 75 725
2014 5 2 99991 1 225 22 21 226 1689 459 449 1699
2015 5 2 99991 1 1689 459 449 1699 1690 460 450 1700
2016 5 2 99991 1 1690 460 450 1700 1691 461 451 1701
2017 5 2 99991 1 1691 461 451 1701 1692 462 452 1702
2018 5 2 99991 1 1692 462 452 1702 1693 463 453 1703
2019 5 2 99991 1 1693 463 453 1703 1694 464 454 1704
2020 5 2 99991 1 1694 464 454 1704 1695 465 455 1705
2021 5 2 99991 1 1695 465 455 1705 1696 466 456 1706
2022 5 2 99991 1 1696 466 456 1706 1697 467 457 1707
2023 5 2 99991 1 1697 467 457 1707 1698 468 458 1708
2024 5 2 99991 1 1698 468 458 1708 725 75 76 726
2025 5 2 99991 1 226 21 20 227 1699 449 439 1709
2026 5 2 99991 1 1699 449 439 1709 1700 450 440 1710
2027 5 2 99991 1 1700 450 440 1710 1701 451 441 1711
2028 5 2 99991 1 1701 451 441 1711 1702 452 442 1712
2029 5 2 99991 1 1702 452 442 1712 1703 453 443 1713
2030 5 2 99991 1 1703 453 443 1713 1704 454 444 1714
2031 5 2 99991 1 1704 454 444 1714 1705 455 445 1715
2032 5 2 99991 1 1705 455 445 1715 1706 456 446 1716
2033 5 2 99991 1 1706 456 446 1716 1707 457 447 1717
2034 5 2 99991 1 1707 457 447 1717 1708 458 448 1718
2035 5 2 99991 1 1708 458 448 1718 726 76 77 727
2036 5 2 99991 1 227 20 19 228 1709 439 429 1719
2037 5 2 99991 1 1709 439 429 1719 1710 440 430 1720
2038 5 2 99991 1 1710 440 430 1720 1711 441 431 1721
2039 5 2 99991 1 1711 441 431 1721 1712 442 432 1722
2040 5 2 99991 1 1712 442 432 1722 1713 443 433 1723
2041 5 2 99991 1 1713 443 433 1723 1714 444 434 1724
2042 5 2 99991 1 1714 444 434 1724 1715 445 435 1725
2043 5 2 99991 1 1715 445 435 1725 1716 446 436 1726
2044 5 2 99991 1 1716 446 436 1726 1717 447 437 1727
2045 5 2 99991 1 1717 447 437 1727 1718 448 438 1728
2046 5 2 99991 1 1718 448 438 1728 727 77 78 728
2047 5 2 99991 1 228 19 3 29 1719 429 119 529
2048 5 2 99991 1 1719 429 119 529 1720 430 120 530
2049 5 2 99991 1 1720 430 120 530 1721 431 121 531
2050 5 2 99991 1 1721 431 121 531 1722 432 122 532
2051 5 2 99991 1 1722 432 122 532 1723 433 123 533
2052 5 2 99991 1 1723 433 123 533 1724 434 124 534
2053 5 2 99991 1 1724 434 124 534 1725 435 125 535
2054 5 2 99991 1 1725 435 125 535 1726 436 126 536
2055 5 2 99991 1 1726 436 126 536 1727 437 127 537
2056 5 2 99991 1 1727 437 127 537 1728 438 128 538
2057 5 2 99991 1 1728 438 128 538 728 78 8 79
$EndElements
