$MeshFormat
2.2 0 8
$EndMeshFormat
$PhysicalNames
7
2 991 "boundary_xm"
2 992 "boundary_xp"
2 993 "boundary_ym"
2 994 "boundary_yp"
2 995 "boundary_zm"
2 996 "boundary_zp"
3 99991 "matrix"
$EndPhysicalNames
$Nodes
8000
1 0 0 0
2 2000 0 0
3 2000 2000 0
4 0 2000 0
5 0 2000 2000
6 0 0 2000
7 2000 0 2000
8 2000 2000 2000
9 105.2631578946662 0 0
10 210.5263157894083 0 0
11 315.7894736840081 0 0
12 421.0526315784846 0 0
13 526.3157894730138 0 0
14 631.5789473677894 0 0
15 736.8421052625652 0 0
16 842.1052631573409 0 0
17 947.3684210521166 0 0
18 1052.631578947025 0 0
19 1157.8947368418 0 0
20 1263.157894736575 0 0
21 1368.42105263135 0 0
22 1473.684210526125 0 0
23 1578.9473684209 0 0
24 1684.210526315675 0 0
25 1789.47368421045 0 0
26 1894.736842105225 0 0
27 2000 1894.73684210527 0
28 2000 1789.47368421054 0
29 2000 1684.21052631581 0
30 2000 1578.94736842108 0
31 2000 1473.684210526351 0
32 2000 1368.421052631621 0
33 2000 1263.157894736891 0
34 2000 1157.894736842161 0
35 2000 1052.631578947432 0
36 2000 947.3684210525685 0
37 2000 842.1052631578384 0
38 2000 736.8421052631086 0
39 2000 631.578947368379 0
40 2000 526.3157894736491 0
41 2000 421.0526315789191 0
42 2000 315.7894736841895 0
43 2000 210.5263157894599 0
44 2000 105.2631578947298 0
45 1894.73684210527 2000 0
46 1789.47368421054 2000 0
47 1684.21052631581 2000 0
48 1578.94736842108 2000 0
49 1473.684210526351 2000 0
50 1368.421052631621 2000 0
51 1263.157894736891 2000 0
52 1157.894736842161 2000 0
53 1052.631578947432 2000 0
54 947.3684210525685 2000 0
55 842.1052631578384 2000 0
56 736.8421052631086 2000 0
57 631.578947368379 2000 0
58 526.3157894736491 2000 0
59 421.0526315789191 2000 0
60 315.7894736841895 2000 0
61 210.5263157894599 2000 0
62 105.2631578947298 2000 0
63 0 1894.73684210527 0
64 0 1789.47368421054 0
65 0 1684.21052631581 0
66 0 1578.94736842108 0
67 0 1473.684210526351 0
68 0 1368.421052631621 0
69 0 1263.157894736891 0
70 0 1157.894736842161 0
71 0 1052.631578947432 0
72 0 947.3684210525685 0
73 0 842.1052631578384 0
74 0 736.8421052631086 0
75 0 631.578947368379 0
76 0 526.3157894736491 0
77 0 421.0526315789191 0
78 0 315.7894736841895 0
79 0 210.5263157894599 0
80 0 105.2631578947298 0
81 0 1894.73684210527 2000
82 0 1789.47368421054 2000
83 0 1684.21052631581 2000
84 0 1578.94736842108 2000
85 0 1473.684210526351 2000
86 0 1368.421052631621 2000
87 0 1263.157894736891 2000
88 0 1157.894736842161 2000
89 0 1052.631578947432 2000
90 0 947.3684210525685 2000
91 0 842.1052631578384 2000
92 0 736.8421052631086 2000
93 0 631.578947368379 2000
94 0 526.3157894736491 2000
95 0 421.0526315789191 2000
96 0 315.7894736841895 2000
97 0 210.5263157894599 2000
98 0 105.2631578947298 2000
99 105.2631578946662 0 2000
100 210.5263157894083 0 2000
101 315.7894736840081 0 2000
102 421.0526315784846 0 2000
103 526.3157894730138 0 2000
104 631.5789473677894 0 2000
105 736.8421052625652 0 2000
106 842.1052631573409 0 2000
107 947.3684210521166 0 2000
108 1052.631578947025 0 2000
109 1157.8947368418 0 2000
110 1263.157894736575 0 2000
111 1368.42105263135 0 2000
112 1473.684210526125 0 2000
113 1578.9473684209 0 2000
114 1684.210526315675 0 2000
115 1789.47368421045 0 2000
116 1894.736842105225 0 2000
117 2000 105.2631578947298 2000
118 2000 210.5263157894599 2000
119 2000 315.7894736841895 2000
120 2000 421.0526315789191 2000
121 2000 526.3157894736491 2000
122 2000 631.578947368379 2000
123 2000 736.8421052631086 2000
124 2000 842.1052631578384 2000
125 2000 947.3684210525685 2000
126 2000 1052.631578947432 2000
127 2000 1157.894736842161 2000
128 2000 1263.157894736891 2000
129 2000 1368.421052631621 2000
130 2000 1473.684210526351 2000
131 2000 1578.94736842108 2000
132 2000 1684.21052631581 2000
133 2000 1789.47368421054 2000
134 2000 1894.73684210527 2000
135 1894.73684210527 2000 2000
136 1789.47368421054 2000 2000
137 1684.21052631581 2000 2000
138 1578.94736842108 2000 2000
139 1473.684210526351 2000 2000
140 1368.421052631621 2000 2000
141 1263.157894736891 2000 2000
142 1157.894736842161 2000 2000
143 1052.631578947432 2000 2000
144 947.3684210525685 2000 2000
145 842.1052631578384 2000 2000
146 736.8421052631086 2000 2000
147 631.578947368379 2000 2000
148 526.3157894736491 2000 2000
149 421.0526315789191 2000 2000
150 315.7894736841895 2000 2000
151 210.5263157894599 2000 2000
152 105.2631578947298 2000 2000
153 0 2000 105.2631578947368
154 0 2000 210.5263157894737
155 0 2000 315.7894736842105
156 0 2000 421.0526315789473
157 0 2000 526.3157894736842
158 0 2000 631.578947368421
159 0 2000 736.8421052631578
160 0 2000 842.1052631578947
161 0 2000 947.3684210526316
162 0 2000 1052.631578947368
163 0 2000 1157.894736842105
164 0 2000 1263.157894736842
165 0 2000 1368.421052631579
166 0 2000 1473.684210526316
167 0 2000 1578.947368421053
168 0 2000 1684.210526315789
169 0 2000 1789.473684210526
170 0 2000 1894.736842105263
171 0 0 105.2631578947368
172 0 0 210.5263157894737
173 0 0 315.7894736842105
174 0 0 421.0526315789473
175 0 0 526.3157894736842
176 0 0 631.578947368421
177 0 0 736.8421052631578
178 0 0 842.1052631578947
179 0 0 947.3684210526316
180 0 0 1052.631578947368
181 0 0 1157.894736842105
182 0 0 1263.157894736842
183 0 0 1368.421052631579
184 0 0 1473.684210526316
185 0 0 1578.947368421053
186 0 0 1684.210526315789
187 0 0 1789.473684210526
188 0 0 1894.736842105263
189 2000 0 105.2631578947368
190 2000 0 210.5263157894737
191 2000 0 315.7894736842105
192 2000 0 421.0526315789473
193 2000 0 526.3157894736842
194 2000 0 631.578947368421
195 2000 0 736.8421052631578
196 2000 0 842.1052631578947
197 2000 0 947.3684210526316
198 2000 0 1052.631578947368
199 2000 0 1157.894736842105
200 2000 0 1263.157894736842
201 2000 0 1368.421052631579
202 2000 0 1473.684210526316
203 2000 0 1578.947368421053
204 2000 0 1684.210526315789
205 2000 0 1789.473684210526
206 2000 0 1894.736842105263
207 2000 2000 105.2631578947368
208 2000 2000 210.5263157894737
209 2000 2000 315.7894736842105
210 2000 2000 421.0526315789473
211 2000 2000 526.3157894736842
212 2000 2000 631.578947368421
213 2000 2000 736.8421052631578
214 2000 2000 842.1052631578947
215 2000 2000 947.3684210526316
216 2000 2000 1052.631578947368
217 2000 2000 1157.894736842105
218 2000 2000 1263.157894736842
219 2000 2000 1368.421052631579
220 2000 2000 1473.684210526316
221 2000 2000 1578.947368421053
222 2000 2000 1684.210526315789
223 2000 2000 1789.473684210526
224 2000 2000 1894.736842105263
225 105.2631578946695 105.2631578947298 0
226 105.2631578946729 210.5263157894599 0
227 105.2631578946763 315.7894736841895 0
228 105.2631578946796 421.0526315789191 0
229 105.2631578946829 526.3157894736493 0
230 105.2631578946863 631.5789473683791 0
231 105.2631578946897 736.8421052631086 0
232 105.263157894693 842.1052631578384 0
233 105.2631578946963 947.3684210525685 0
234 105.2631578946997 1052.631578947432 0
235 105.263157894703 1157.894736842162 0
236 105.2631578947064 1263.157894736891 0
237 105.2631578947098 1368.421052631621 0
238 105.2631578947131 1473.684210526351 0
239 105.2631578947165 1578.94736842108 0
240 105.2631578947198 1684.210526315811 0
241 105.2631578947232 1789.47368421054 0
242 105.2631578947265 1894.73684210527 0
243 210.526315789411 105.2631578947298 0
244 210.5263157894138 210.5263157894599 0
245 210.5263157894165 315.7894736841895 0
246 210.5263157894192 421.0526315789191 0
247 210.5263157894219 526.3157894736493 0
248 210.5263157894246 631.578947368379 0
249 210.5263157894273 736.8421052631087 0
250 210.52631578943 842.1052631578384 0
251 210.5263157894328 947.3684210525685 0
252 210.5263157894354 1052.631578947432 0
253 210.5263157894382 1157.894736842162 0
254 210.5263157894409 1263.157894736891 0
255 210.5263157894436 1368.421052631621 0
256 210.5263157894464 1473.684210526351 0
257 210.526315789449 1578.947368421081 0
258 210.5263157894518 1684.210526315811 0
259 210.5263157894545 1789.47368421054 0
260 210.5263157894572 1894.73684210527 0
261 315.7894736840177 105.2631578947298 0
262 315.7894736840271 210.5263157894599 0
263 315.7894736840368 315.7894736841895 0
264 315.7894736840463 421.0526315789191 0
265 315.7894736840558 526.3157894736491 0
266 315.7894736840654 631.5789473683791 0
267 315.789473684075 736.8421052631087 0
268 315.7894736840844 842.1052631578384 0
269 315.789473684094 947.3684210525685 0
270 315.7894736841036 1052.631578947431 0
271 315.7894736841131 1157.894736842161 0
272 315.7894736841227 1263.157894736891 0
273 315.7894736841322 1368.421052631621 0
274 315.7894736841419 1473.684210526351 0
275 315.7894736841514 1578.94736842108 0
276 315.7894736841609 1684.21052631581 0
277 315.7894736841704 1789.47368421054 0
278 315.7894736841801 1894.73684210527 0
279 421.0526315785075 105.2631578947298 0
280 421.0526315785304 210.5263157894599 0
281 421.0526315785533 315.7894736841895 0
282 421.0526315785761 421.0526315789191 0
283 421.0526315785988 526.3157894736493 0
284 421.0526315786219 631.578947368379 0
285 421.0526315786448 736.8421052631086 0
286 421.0526315786676 842.1052631578384 0
287 421.0526315786904 947.3684210525685 0
288 421.0526315787133 1052.631578947432 0
289 421.0526315787362 1157.894736842161 0
290 421.052631578759 1263.157894736891 0
291 421.052631578782 1368.421052631621 0
292 421.0526315788048 1473.684210526351 0
293 421.0526315788276 1578.947368421081 0
294 421.0526315788505 1684.21052631581 0
295 421.0526315788734 1789.47368421054 0
296 421.0526315788963 1894.73684210527 0
297 526.3157894730472 105.2631578947298 0
298 526.3157894730806 210.5263157894599 0
299 526.3157894731141 315.7894736841895 0
300 526.3157894731476 421.0526315789191 0
301 526.3157894731809 526.3157894736491 0
302 526.3157894732144 631.5789473683791 0
303 526.3157894732478 736.8421052631086 0
304 526.3157894732814 842.1052631578384 0
305 526.3157894733148 947.3684210525685 0
306 526.3157894733483 1052.631578947432 0
307 526.3157894733816 1157.894736842161 0
308 526.3157894734152 1263.157894736891 0
309 526.3157894734486 1368.421052631621 0
310 526.3157894734819 1473.68421052635 0
311 526.3157894735153 1578.947368421081 0
312 526.3157894735488 1684.21052631581 0
313 526.3157894735822 1789.47368421054 0
314 526.3157894736158 1894.73684210527 0
315 631.5789473678204 105.2631578947298 0
316 631.5789473678517 210.5263157894599 0
317 631.5789473678825 315.7894736841895 0
318 631.5789473679135 421.0526315789191 0
319 631.5789473679445 526.3157894736491 0
320 631.5789473679756 631.578947368379 0
321 631.5789473680065 736.8421052631086 0
322 631.5789473680378 842.1052631578384 0
323 631.5789473680686 947.3684210525685 0
324 631.5789473680996 1052.631578947431 0
325 631.5789473681308 1157.894736842161 0
326 631.5789473681617 1263.157894736891 0
327 631.5789473681929 1368.421052631621 0
328 631.5789473682238 1473.684210526351 0
329 631.5789473682547 1578.94736842108 0
330 631.578947368286 1684.210526315811 0
331 631.5789473683171 1789.47368421054 0
332 631.5789473683479 1894.73684210527 0
333 736.8421052625938 105.2631578947298 0
334 736.8421052626225 210.5263157894599 0
335 736.842105262651 315.7894736841895 0
336 736.8421052626796 421.0526315789191 0
337 736.8421052627081 526.3157894736491 0
338 736.8421052627366 631.578947368379 0
339 736.8421052627655 736.8421052631086 0
340 736.8421052627939 842.1052631578384 0
341 736.8421052628225 947.3684210525685 0
342 736.8421052628512 1052.631578947432 0
343 736.8421052628798 1157.894736842161 0
344 736.8421052629085 1263.157894736891 0
345 736.8421052629369 1368.421052631621 0
346 736.8421052629656 1473.684210526351 0
347 736.842105262994 1578.947368421081 0
348 736.8421052630227 1684.21052631581 0
349 736.8421052630513 1789.473684210541 0
350 736.8421052630799 1894.73684210527 0
351 842.1052631573671 105.2631578947298 0
352 842.1052631573932 210.5263157894599 0
353 842.1052631574196 315.7894736841895 0
354 842.1052631574454 421.0526315789191 0
355 842.1052631574718 526.3157894736493 0
356 842.105263157498 631.578947368379 0
357 842.105263157524 736.8421052631086 0
358 842.1052631575503 842.1052631578384 0
359 842.1052631575766 947.3684210525686 0
360 842.1052631576026 1052.631578947432 0
361 842.1052631576288 1157.894736842162 0
362 842.1052631576551 1263.157894736891 0
363 842.1052631576813 1368.421052631621 0
364 842.1052631577077 1473.68421052635 0
365 842.1052631577335 1578.94736842108 0
366 842.10526315776 1684.210526315811 0
367 842.1052631577859 1789.47368421054 0
368 842.1052631578123 1894.736842105271 0
369 947.3684210521402 105.2631578947298 0
370 947.3684210521642 210.5263157894599 0
371 947.3684210521881 315.7894736841895 0
372 947.3684210522117 421.0526315789191 0
373 947.3684210522355 526.3157894736491 0
374 947.3684210522592 631.578947368379 0
375 947.3684210522831 736.8421052631086 0
376 947.3684210523068 842.1052631578384 0
377 947.3684210523307 947.3684210525685 0
378 947.3684210523545 1052.631578947431 0
379 947.3684210523779 1157.894736842161 0
380 947.3684210524019 1263.157894736891 0
381 947.3684210524259 1368.421052631621 0
382 947.3684210524493 1473.684210526351 0
383 947.3684210524734 1578.947368421081 0
384 947.3684210524973 1684.210526315811 0
385 947.3684210525209 1789.47368421054 0
386 947.3684210525447 1894.73684210527 0
387 1052.631578947046 105.2631578947298 0
388 1052.631578947068 210.5263157894599 0
389 1052.631578947089 315.7894736841895 0
390 1052.63157894711 421.0526315789191 0
391 1052.631578947132 526.3157894736491 0
392 1052.631578947153 631.578947368379 0
393 1052.631578947175 736.8421052631086 0
394 1052.631578947196 842.1052631578384 0
395 1052.631578947218 947.3684210525685 0
396 1052.631578947239 1052.631578947431 0
397 1052.63157894726 1157.894736842161 0
398 1052.631578947282 1263.157894736891 0
399 1052.631578947303 1368.421052631621 0
400 1052.631578947325 1473.684210526351 0
401 1052.631578947346 1578.94736842108 0
402 1052.631578947367 1684.21052631581 0
403 1052.631578947389 1789.47368421054 0
404 1052.63157894741 1894.73684210527 0
405 1157.89473684182 105.2631578947298 0
406 1157.894736841838 210.5263157894599 0
407 1157.894736841857 315.7894736841895 0
408 1157.894736841876 421.0526315789191 0
409 1157.894736841895 526.3157894736491 0
410 1157.894736841914 631.578947368379 0
411 1157.894736841933 736.8421052631086 0
412 1157.894736841953 842.1052631578384 0
413 1157.894736841972 947.3684210525685 0
414 1157.89473684199 1052.631578947432 0
415 1157.894736842009 1157.894736842161 0
416 1157.894736842028 1263.157894736891 0
417 1157.894736842047 1368.421052631621 0
418 1157.894736842066 1473.684210526351 0
419 1157.894736842086 1578.947368421081 0
420 1157.894736842105 1684.21052631581 0
421 1157.894736842123 1789.47368421054 0
422 1157.894736842142 1894.73684210527 0
423 1263.157894736592 105.2631578947298 0
424 1263.157894736608 210.5263157894599 0
425 1263.157894736625 315.7894736841895 0
426 1263.157894736642 421.0526315789191 0
427 1263.157894736658 526.3157894736491 0
428 1263.157894736675 631.578947368379 0
429 1263.157894736692 736.8421052631086 0
430 1263.157894736708 842.1052631578384 0
431 1263.157894736725 947.3684210525685 0
432 1263.157894736742 1052.631578947431 0
433 1263.157894736758 1157.894736842161 0
434 1263.157894736775 1263.157894736891 0
435 1263.157894736791 1368.421052631621 0
436 1263.157894736808 1473.684210526351 0
437 1263.157894736825 1578.94736842108 0
438 1263.157894736841 1684.21052631581 0
439 1263.157894736858 1789.47368421054 0
440 1263.157894736875 1894.73684210527 0
441 1368.421052631364 105.2631578947298 0
442 1368.421052631378 210.5263157894599 0
443 1368.421052631393 315.7894736841895 0
444 1368.421052631407 421.0526315789191 0
445 1368.421052631421 526.3157894736491 0
446 1368.421052631435 631.578947368379 0
447 1368.421052631449 736.8421052631087 0
448 1368.421052631464 842.1052631578384 0
449 1368.421052631478 947.3684210525685 0
450 1368.421052631493 1052.631578947432 0
451 1368.421052631507 1157.894736842162 0
452 1368.421052631521 1263.157894736891 0
453 1368.421052631535 1368.421052631621 0
454 1368.421052631549 1473.684210526351 0
455 1368.421052631564 1578.94736842108 0
456 1368.421052631578 1684.21052631581 0
457 1368.421052631592 1789.47368421054 0
458 1368.421052631607 1894.73684210527 0
459 1473.684210526137 105.2631578947298 0
460 1473.684210526148 210.5263157894599 0
461 1473.684210526161 315.7894736841895 0
462 1473.684210526173 421.0526315789191 0
463 1473.684210526184 526.3157894736491 0
464 1473.684210526196 631.578947368379 0
465 1473.684210526208 736.8421052631086 0
466 1473.68421052622 842.1052631578384 0
467 1473.684210526232 947.3684210525685 0
468 1473.684210526244 1052.631578947431 0
469 1473.684210526255 1157.894736842162 0
470 1473.684210526268 1263.157894736891 0
471 1473.684210526279 1368.421052631621 0
472 1473.684210526291 1473.684210526351 0
473 1473.684210526303 1578.94736842108 0
474 1473.684210526315 1684.21052631581 0
475 1473.684210526327 1789.47368421054 0
476 1473.684210526339 1894.73684210527 0
477 1578.947368420909 105.2631578947298 0
478 1578.947368420919 210.5263157894599 0
479 1578.947368420929 315.7894736841895 0
480 1578.947368420938 421.0526315789191 0
481 1578.947368420947 526.3157894736493 0
482 1578.947368420957 631.578947368379 0
483 1578.947368420966 736.8421052631086 0
484 1578.947368420976 842.1052631578384 0
485 1578.947368420986 947.3684210525685 0
486 1578.947368420995 1052.631578947432 0
487 1578.947368421005 1157.894736842161 0
488 1578.947368421014 1263.157894736891 0
489 1578.947368421024 1368.421052631621 0
490 1578.947368421033 1473.684210526351 0
491 1578.947368421042 1578.94736842108 0
492 1578.947368421052 1684.21052631581 0
493 1578.947368421061 1789.47368421054 0
494 1578.947368421071 1894.73684210527 0
495 1684.210526315682 105.2631578947298 0
496 1684.210526315689 210.5263157894599 0
497 1684.210526315696 315.7894736841895 0
498 1684.210526315703 421.0526315789191 0
499 1684.21052631571 526.3157894736491 0
500 1684.210526315718 631.578947368379 0
501 1684.210526315725 736.8421052631086 0
502 1684.210526315732 842.1052631578384 0
503 1684.210526315739 947.3684210525684 0
504 1684.210526315746 1052.631578947432 0
505 1684.210526315753 1157.894736842161 0
506 1684.21052631576 1263.157894736891 0
507 1684.210526315768 1368.421052631621 0
508 1684.210526315775 1473.68421052635 0
509 1684.210526315782 1578.94736842108 0
510 1684.210526315789 1684.21052631581 0
511 1684.210526315796 1789.47368421054 0
512 1684.210526315803 1894.73684210527 0
513 1789.473684210455 105.2631578947298 0
514 1789.47368421046 210.5263157894599 0
515 1789.473684210464 315.7894736841894 0
516 1789.473684210469 421.0526315789191 0
517 1789.473684210473 526.3157894736491 0
518 1789.473684210478 631.5789473683789 0
519 1789.473684210483 736.8421052631086 0
520 1789.473684210488 842.1052631578384 0
521 1789.473684210493 947.3684210525685 0
522 1789.473684210497 1052.631578947432 0
523 1789.473684210502 1157.894736842161 0
524 1789.473684210507 1263.157894736891 0
525 1789.473684210512 1368.421052631621 0
526 1789.473684210516 1473.684210526351 0
527 1789.473684210521 1578.94736842108 0
528 1789.473684210526 1684.21052631581 0
529 1789.473684210531 1789.47368421054 0
530 1789.473684210535 1894.73684210527 0
531 1894.736842105228 105.2631578947298 0
532 1894.73684210523 210.5263157894599 0
533 1894.736842105232 315.7894736841895 0
534 1894.736842105235 421.0526315789191 0
535 1894.736842105237 526.3157894736493 0
536 1894.73684210524 631.578947368379 0
537 1894.736842105241 736.8421052631086 0
538 1894.736842105244 842.1052631578384 0
539 1894.736842105246 947.3684210525685 0
540 1894.736842105249 1052.631578947431 0
541 1894.736842105251 1157.894736842161 0
542 1894.736842105253 1263.157894736891 0
543 1894.736842105256 1368.421052631621 0
544 1894.736842105258 1473.684210526351 0
545 1894.73684210526 1578.947368421081 0
546 1894.736842105263 1684.21052631581 0
547 1894.736842105265 1789.47368421054 0
548 1894.736842105268 1894.73684210527 0
549 0 1894.73684210527 105.2631578947368
550 0 1894.73684210527 210.5263157894737
551 0 1894.73684210527 315.7894736842105
552 0 1894.73684210527 421.0526315789473
553 0 1894.73684210527 526.3157894736842
554 0 1894.73684210527 631.578947368421
555 0 1894.73684210527 736.8421052631578
556 0 1894.73684210527 842.1052631578947
557 0 1894.73684210527 947.3684210526316
558 0 1894.73684210527 1052.631578947368
559 0 1894.73684210527 1157.894736842105
560 0 1894.73684210527 1263.157894736842
561 0 1894.73684210527 1368.421052631579
562 0 1894.73684210527 1473.684210526316
563 0 1894.73684210527 1578.947368421053
564 0 1894.73684210527 1684.210526315789
565 0 1894.73684210527 1789.473684210526
566 0 1894.73684210527 1894.736842105263
567 0 1789.47368421054 105.2631578947368
568 0 1789.47368421054 210.5263157894737
569 0 1789.47368421054 315.7894736842105
570 0 1789.47368421054 421.0526315789473
571 0 1789.47368421054 526.3157894736842
572 0 1789.47368421054 631.578947368421
573 0 1789.47368421054 736.8421052631578
574 0 1789.47368421054 842.1052631578947
575 0 1789.47368421054 947.3684210526316
576 0 1789.47368421054 1052.631578947368
577 0 1789.47368421054 1157.894736842105
578 0 1789.47368421054 1263.157894736842
579 0 1789.47368421054 1368.421052631579
580 0 1789.47368421054 1473.684210526316
581 0 1789.47368421054 1578.947368421053
582 0 1789.47368421054 1684.210526315789
583 0 1789.47368421054 1789.473684210526
584 0 1789.47368421054 1894.736842105263
585 0 1684.21052631581 105.2631578947368
586 0 1684.21052631581 210.5263157894737
587 0 1684.21052631581 315.7894736842105
588 0 1684.21052631581 421.0526315789473
589 0 1684.21052631581 526.3157894736842
590 0 1684.21052631581 631.578947368421
591 0 1684.21052631581 736.8421052631578
592 0 1684.21052631581 842.1052631578947
593 0 1684.21052631581 947.3684210526316
594 0 1684.21052631581 1052.631578947368
595 0 1684.21052631581 1157.894736842105
596 0 1684.21052631581 1263.157894736842
597 0 1684.21052631581 1368.421052631579
598 0 1684.21052631581 1473.684210526316
599 0 1684.21052631581 1578.947368421053
600 0 1684.21052631581 1684.210526315789
601 0 1684.21052631581 1789.473684210526
602 0 1684.21052631581 1894.736842105263
603 0 1578.94736842108 105.2631578947368
604 0 1578.94736842108 210.5263157894737
605 0 1578.94736842108 315.7894736842105
606 0 1578.94736842108 421.0526315789473
607 0 1578.94736842108 526.3157894736842
608 0 1578.94736842108 631.578947368421
609 0 1578.94736842108 736.8421052631578
610 0 1578.94736842108 842.1052631578947
611 0 1578.94736842108 947.3684210526316
612 0 1578.94736842108 1052.631578947368
613 0 1578.94736842108 1157.894736842105
614 0 1578.94736842108 1263.157894736842
615 0 1578.94736842108 1368.421052631579
616 0 1578.94736842108 1473.684210526316
617 0 1578.94736842108 1578.947368421053
618 0 1578.94736842108 1684.210526315789
619 0 1578.94736842108 1789.473684210526
620 0 1578.94736842108 1894.736842105263
621 0 1473.684210526351 105.2631578947368
622 0 1473.684210526351 210.5263157894737
623 0 1473.684210526351 315.7894736842105
624 0 1473.684210526351 421.0526315789473
625 0 1473.684210526351 526.3157894736842
626 0 1473.684210526351 631.578947368421
627 0 1473.684210526351 736.8421052631578
628 0 1473.684210526351 842.1052631578947
629 0 1473.684210526351 947.3684210526316
630 0 1473.684210526351 1052.631578947368
631 0 1473.684210526351 1157.894736842105
632 0 1473.684210526351 1263.157894736842
633 0 1473.684210526351 1368.421052631579
634 0 1473.684210526351 1473.684210526316
635 0 1473.684210526351 1578.947368421053
636 0 1473.684210526351 1684.210526315789
637 0 1473.684210526351 1789.473684210526
638 0 1473.684210526351 1894.736842105263
639 0 1368.421052631621 105.2631578947368
640 0 1368.421052631621 210.5263157894737
641 0 1368.421052631621 315.7894736842105
642 0 1368.421052631621 421.0526315789473
643 0 1368.421052631621 526.3157894736842
644 0 1368.421052631621 631.578947368421
645 0 1368.421052631621 736.8421052631578
646 0 1368.421052631621 842.1052631578947
647 0 1368.421052631621 947.3684210526316
648 0 1368.421052631621 1052.631578947368
649 0 1368.421052631621 1157.894736842105
650 0 1368.421052631621 1263.157894736842
651 0 1368.421052631621 1368.421052631579
652 0 1368.421052631621 1473.684210526316
653 0 1368.421052631621 1578.947368421053
654 0 1368.421052631621 1684.210526315789
655 0 1368.421052631621 1789.473684210526
656 0 1368.421052631621 1894.736842105263
657 0 1263.157894736891 105.2631578947368
658 0 1263.157894736891 210.5263157894737
659 0 1263.157894736891 315.7894736842105
660 0 1263.157894736891 421.0526315789473
661 0 1263.157894736891 526.3157894736842
662 0 1263.157894736891 631.578947368421
663 0 1263.157894736891 736.8421052631578
664 0 1263.157894736891 842.1052631578947
665 0 1263.157894736891 947.3684210526316
666 0 1263.157894736891 1052.631578947368
667 0 1263.157894736891 1157.894736842105
668 0 1263.157894736891 1263.157894736842
669 0 1263.157894736891 1368.421052631579
670 0 1263.157894736891 1473.684210526316
671 0 1263.157894736891 1578.947368421053
672 0 1263.157894736891 1684.210526315789
673 0 1263.157894736891 1789.473684210526
674 0 1263.157894736891 1894.736842105263
675 0 1157.894736842161 105.2631578947368
676 0 1157.894736842161 210.5263157894737
677 0 1157.894736842161 315.7894736842105
678 0 1157.894736842161 421.0526315789473
679 0 1157.894736842161 526.3157894736842
680 0 1157.894736842161 631.578947368421
681 0 1157.894736842161 736.8421052631578
682 0 1157.894736842161 842.1052631578947
683 0 1157.894736842161 947.3684210526316
684 0 1157.894736842161 1052.631578947368
685 0 1157.894736842161 1157.894736842105
686 0 1157.894736842161 1263.157894736842
687 0 1157.894736842161 1368.421052631579
688 0 1157.894736842161 1473.684210526316
689 0 1157.894736842161 1578.947368421053
690 0 1157.894736842161 1684.210526315789
691 0 1157.894736842161 1789.473684210526
692 0 1157.894736842161 1894.736842105263
693 0 1052.631578947432 105.2631578947368
694 0 1052.631578947432 210.5263157894737
695 0 1052.631578947432 315.7894736842105
696 0 1052.631578947432 421.0526315789473
697 0 1052.631578947432 526.3157894736842
698 0 1052.631578947432 631.578947368421
699 0 1052.631578947432 736.8421052631578
700 0 1052.631578947432 842.1052631578947
701 0 1052.631578947432 947.3684210526316
702 0 1052.631578947432 1052.631578947368
703 0 1052.631578947432 1157.894736842105
704 0 1052.631578947432 1263.157894736842
705 0 1052.631578947432 1368.421052631579
706 0 1052.631578947432 1473.684210526316
707 0 1052.631578947432 1578.947368421053
708 0 1052.631578947432 1684.210526315789
709 0 1052.631578947432 1789.473684210526
710 0 1052.631578947432 1894.736842105263
711 0 947.3684210525685 105.2631578947368
712 0 947.3684210525685 210.5263157894737
713 0 947.3684210525685 315.7894736842105
714 0 947.3684210525685 421.0526315789473
715 0 947.3684210525685 526.3157894736842
716 0 947.3684210525685 631.578947368421
717 0 947.3684210525685 736.8421052631578
718 0 947.3684210525685 842.1052631578947
719 0 947.3684210525685 947.3684210526316
720 0 947.3684210525685 1052.631578947368
721 0 947.3684210525685 1157.894736842105
722 0 947.3684210525685 1263.157894736842
723 0 947.3684210525685 1368.421052631579
724 0 947.3684210525685 1473.684210526316
725 0 947.3684210525685 1578.947368421053
726 0 947.3684210525685 1684.210526315789
727 0 947.3684210525685 1789.473684210526
728 0 947.3684210525685 1894.736842105263
729 0 842.1052631578384 105.2631578947368
730 0 842.1052631578384 210.5263157894737
731 0 842.1052631578384 315.7894736842105
732 0 842.1052631578384 421.0526315789473
733 0 842.1052631578384 526.3157894736842
734 0 842.1052631578384 631.578947368421
735 0 842.1052631578384 736.8421052631578
736 0 842.1052631578384 842.1052631578947
737 0 842.1052631578384 947.3684210526316
738 0 842.1052631578384 1052.631578947368
739 0 842.1052631578384 1157.894736842105
740 0 842.1052631578384 1263.157894736842
741 0 842.1052631578384 1368.421052631579
742 0 842.1052631578384 1473.684210526316
743 0 842.1052631578384 1578.947368421053
744 0 842.1052631578384 1684.210526315789
745 0 842.1052631578384 1789.473684210526
746 0 842.1052631578384 1894.736842105263
747 0 736.8421052631086 105.2631578947368
748 0 736.8421052631086 210.5263157894737
749 0 736.8421052631086 315.7894736842105
750 0 736.8421052631086 421.0526315789473
751 0 736.8421052631086 526.3157894736842
752 0 736.8421052631086 631.578947368421
753 0 736.8421052631086 736.8421052631578
754 0 736.8421052631086 842.1052631578947
755 0 736.8421052631086 947.3684210526316
756 0 736.8421052631086 1052.631578947368
757 0 736.8421052631086 1157.894736842105
758 0 736.8421052631086 1263.157894736842
759 0 736.8421052631086 1368.421052631579
760 0 736.8421052631086 1473.684210526316
761 0 736.8421052631086 1578.947368421053
762 0 736.8421052631086 1684.210526315789
763 0 736.8421052631086 1789.473684210526
764 0 736.8421052631086 1894.736842105263
765 0 631.578947368379 105.2631578947368
766 0 631.578947368379 210.5263157894737
767 0 631.578947368379 315.7894736842105
768 0 631.578947368379 421.0526315789473
769 0 631.578947368379 526.3157894736842
770 0 631.578947368379 631.578947368421
771 0 631.578947368379 736.8421052631578
772 0 631.578947368379 842.1052631578947
773 0 631.578947368379 947.3684210526316
774 0 631.578947368379 1052.631578947368
775 0 631.578947368379 1157.894736842105
776 0 631.578947368379 1263.157894736842
777 0 631.578947368379 1368.421052631579
778 0 631.578947368379 1473.684210526316
779 0 631.578947368379 1578.947368421053
780 0 631.578947368379 1684.210526315789
781 0 631.578947368379 1789.473684210526
782 0 631.578947368379 1894.736842105263
783 0 526.3157894736491 105.2631578947368
784 0 526.3157894736491 210.5263157894737
785 0 526.3157894736491 315.7894736842105
786 0 526.3157894736491 421.0526315789473
787 0 526.3157894736491 526.3157894736842
788 0 526.3157894736491 631.578947368421
789 0 526.3157894736491 736.8421052631578
790 0 526.3157894736491 842.1052631578947
791 0 526.3157894736491 947.3684210526316
792 0 526.3157894736491 1052.631578947368
793 0 526.3157894736491 1157.894736842105
794 0 526.3157894736491 1263.157894736842
795 0 526.3157894736491 1368.421052631579
796 0 526.3157894736491 1473.684210526316
797 0 526.3157894736491 1578.947368421053
798 0 526.3157894736491 1684.210526315789
799 0 526.3157894736491 1789.473684210526
800 0 526.3157894736491 1894.736842105263
801 0 421.0526315789191 105.2631578947368
802 0 421.0526315789191 210.5263157894737
803 0 421.0526315789191 315.7894736842105
804 0 421.0526315789191 421.0526315789473
805 0 421.0526315789191 526.3157894736842
806 0 421.0526315789191 631.578947368421
807 0 421.0526315789191 736.8421052631578
808 0 421.0526315789191 842.1052631578947
809 0 421.0526315789191 947.3684210526316
810 0 421.0526315789191 1052.631578947368
811 0 421.0526315789191 1157.894736842105
812 0 421.0526315789191 1263.157894736842
813 0 421.0526315789191 1368.421052631579
814 0 421.0526315789191 1473.684210526316
815 0 421.0526315789191 1578.947368421053
816 0 421.0526315789191 1684.210526315789
817 0 421.0526315789191 1789.473684210526
818 0 421.0526315789191 1894.736842105263
819 0 315.7894736841895 105.2631578947368
820 0 315.7894736841895 210.5263157894737
821 0 315.7894736841895 315.7894736842105
822 0 315.7894736841895 421.0526315789473
823 0 315.7894736841895 526.3157894736842
824 0 315.7894736841895 631.578947368421
825 0 315.7894736841895 736.8421052631578
826 0 315.7894736841895 842.1052631578947
827 0 315.7894736841895 947.3684210526316
828 0 315.7894736841895 1052.631578947368
829 0 315.7894736841895 1157.894736842105
830 0 315.7894736841895 1263.157894736842
831 0 315.7894736841895 1368.421052631579
832 0 315.7894736841895 1473.684210526316
833 0 315.7894736841895 1578.947368421053
834 0 315.7894736841895 1684.210526315789
835 0 315.7894736841895 1789.473684210526
836 0 315.7894736841895 1894.736842105263
837 0 210.5263157894599 105.2631578947368
838 0 210.5263157894599 210.5263157894737
839 0 210.5263157894599 315.7894736842105
840 0 210.5263157894599 421.0526315789473
841 0 210.5263157894599 526.3157894736842
842 0 210.5263157894599 631.578947368421
843 0 210.5263157894599 736.8421052631578
844 0 210.5263157894599 842.1052631578947
845 0 210.5263157894599 947.3684210526316
846 0 210.5263157894599 1052.631578947368
847 0 210.5263157894599 1157.894736842105
848 0 210.5263157894599 1263.157894736842
849 0 210.5263157894599 1368.421052631579
850 0 210.5263157894599 1473.684210526316
851 0 210.5263157894599 1578.947368421053
852 0 210.5263157894599 1684.210526315789
853 0 210.5263157894599 1789.473684210526
854 0 210.5263157894599 1894.736842105263
855 0 105.2631578947298 105.2631578947368
856 0 105.2631578947298 210.5263157894737
857 0 105.2631578947298 315.7894736842105
858 0 105.2631578947298 421.0526315789473
859 0 105.2631578947298 526.3157894736842
860 0 105.2631578947298 631.578947368421
861 0 105.2631578947298 736.8421052631578
862 0 105.2631578947298 842.1052631578947
863 0 105.2631578947298 947.3684210526316
864 0 105.2631578947298 1052.631578947368
865 0 105.2631578947298 1157.894736842105
866 0 105.2631578947298 1263.157894736842
867 0 105.2631578947298 1368.421052631579
868 0 105.2631578947298 1473.684210526316
869 0 105.2631578947298 1578.947368421053
870 0 105.2631578947298 1684.210526315789
871 0 105.2631578947298 1789.473684210526
872 0 105.2631578947298 1894.736842105263
873 105.2631578946662 0 105.2631578947368
874 105.2631578946662 0 210.5263157894737
875 105.2631578946662 0 315.7894736842105
876 105.2631578946662 0 421.0526315789473
877 105.2631578946662 0 526.3157894736842
878 105.2631578946662 0 631.578947368421
879 105.2631578946662 0 736.8421052631578
880 105.2631578946662 0 842.1052631578947
881 105.2631578946662 0 947.3684210526316
882 105.2631578946662 0 1052.631578947368
883 105.2631578946662 0 1157.894736842105
884 105.2631578946662 0 1263.157894736842
885 105.2631578946662 0 1368.421052631579
886 105.2631578946662 0 1473.684210526316
887 105.2631578946662 0 1578.947368421053
888 105.2631578946662 0 1684.210526315789
889 105.2631578946662 0 1789.473684210526
890 105.2631578946662 0 1894.736842105263
891 210.5263157894083 0 105.2631578947368
892 210.5263157894083 0 210.5263157894737
893 210.5263157894083 0 315.7894736842105
894 210.5263157894083 0 421.0526315789473
895 210.5263157894083 0 526.3157894736842
896 210.5263157894083 0 631.578947368421
897 210.5263157894083 0 736.8421052631578
898 210.5263157894083 0 842.1052631578947
899 210.5263157894083 0 947.3684210526316
900 210.5263157894083 0 1052.631578947368
901 210.5263157894083 0 1157.894736842105
902 210.5263157894083 0 1263.157894736842
903 210.5263157894083 0 1368.421052631579
904 210.5263157894083 0 1473.684210526316
905 210.5263157894083 0 1578.947368421053
906 210.5263157894083 0 1684.210526315789
907 210.5263157894083 0 1789.473684210526
908 210.5263157894083 0 1894.736842105263
909 315.7894736840081 0 105.2631578947368
910 315.7894736840081 0 210.5263157894737
911 315.7894736840081 0 315.7894736842105
912 315.7894736840081 0 421.0526315789473
913 315.7894736840081 0 526.3157894736842
914 315.7894736840081 0 631.578947368421
915 315.7894736840081 0 736.8421052631578
916 315.7894736840081 0 842.1052631578947
917 315.7894736840081 0 947.3684210526316
918 315.7894736840081 0 1052.631578947368
919 315.7894736840081 0 1157.894736842105
920 315.7894736840081 0 1263.157894736842
921 315.7894736840081 0 1368.421052631579
922 315.7894736840081 0 1473.684210526316
923 315.7894736840081 0 1578.947368421053
924 315.7894736840081 0 1684.210526315789
925 315.7894736840081 0 1789.473684210526
926 315.7894736840081 0 1894.736842105263
927 421.0526315784846 0 105.2631578947368
928 421.0526315784846 0 210.5263157894737
929 421.0526315784846 0 315.7894736842105
930 421.0526315784846 0 421.0526315789473
931 421.0526315784846 0 526.3157894736842
932 421.0526315784846 0 631.578947368421
933 421.0526315784846 0 736.8421052631578
934 421.0526315784846 0 842.1052631578947
935 421.0526315784846 0 947.3684210526316
936 421.0526315784846 0 1052.631578947368
937 421.0526315784846 0 1157.894736842105
938 421.0526315784846 0 1263.157894736842
939 421.0526315784846 0 1368.421052631579
940 421.0526315784846 0 1473.684210526316
941 421.0526315784846 0 1578.947368421053
942 421.0526315784846 0 1684.210526315789
943 421.0526315784846 0 1789.473684210526
944 421.0526315784846 0 1894.736842105263
945 526.3157894730138 0 105.2631578947368
946 526.3157894730138 0 210.5263157894737
947 526.3157894730138 0 315.7894736842105
948 526.3157894730138 0 421.0526315789473
949 526.3157894730138 0 526.3157894736842
950 526.3157894730138 0 631.578947368421
951 526.3157894730138 0 736.8421052631578
952 526.3157894730138 0 842.1052631578947
953 526.3157894730138 0 947.3684210526316
954 526.3157894730138 0 1052.631578947368
955 526.3157894730138 0 1157.894736842105
956 526.3157894730138 0 1263.157894736842
957 526.3157894730138 0 1368.421052631579
958 526.3157894730138 0 1473.684210526316
959 526.3157894730138 0 1578.947368421053
960 526.3157894730138 0 1684.210526315789
961 526.3157894730138 0 1789.473684210526
962 526.3157894730138 0 1894.736842105263
963 631.5789473677894 0 105.2631578947368
964 631.5789473677894 0 210.5263157894737
965 631.5789473677894 0 315.7894736842105
966 631.5789473677894 0 421.0526315789473
967 631.5789473677894 0 526.3157894736842
968 631.5789473677894 0 631.578947368421
969 631.5789473677894 0 736.8421052631578
970 631.5789473677894 0 842.1052631578947
971 631.5789473677894 0 947.3684210526316
972 631.5789473677894 0 1052.631578947368
973 631.5789473677894 0 1157.894736842105
974 631.5789473677894 0 1263.157894736842
975 631.5789473677894 0 1368.421052631579
976 631.5789473677894 0 1473.684210526316
977 631.5789473677894 0 1578.947368421053
978 631.5789473677894 0 1684.210526315789
979 631.5789473677894 0 1789.473684210526
980 631.5789473677894 0 1894.736842105263
981 736.8421052625652 0 105.2631578947368
982 736.8421052625652 0 210.5263157894737
983 736.8421052625652 0 315.7894736842105
984 736.8421052625652 0 421.0526315789473
985 736.8421052625652 0 526.3157894736842
986 736.8421052625652 0 631.578947368421
987 736.8421052625652 0 736.8421052631578
988 736.8421052625652 0 842.1052631578947
989 736.8421052625652 0 947.3684210526316
990 736.8421052625652 0 1052.631578947368
991 736.8421052625652 0 1157.894736842105
992 736.8421052625652 0 1263.157894736842
993 736.8421052625652 0 1368.421052631579
994 736.8421052625652 0 1473.684210526316
995 736.8421052625652 0 1578.947368421053
996 736.8421052625652 0 1684.210526315789
997 736.8421052625652 0 1789.473684210526
998 736.8421052625652 0 1894.736842105263
999 842.1052631573409 0 105.2631578947368
1000 842.1052631573409 0 210.5263157894737
1001 842.1052631573409 0 315.7894736842105
1002 842.1052631573409 0 421.0526315789473
1003 842.1052631573409 0 526.3157894736842
1004 842.1052631573409 0 631.578947368421
1005 842.1052631573409 0 736.8421052631578
1006 842.1052631573409 0 842.1052631578947
1007 842.1052631573409 0 947.3684210526316
1008 842.1052631573409 0 1052.631578947368
1009 842.1052631573409 0 1157.894736842105
1010 842.1052631573409 0 1263.157894736842
1011 842.1052631573409 0 1368.421052631579
1012 842.1052631573409 0 1473.684210526316
1013 842.1052631573409 0 1578.947368421053
1014 842.1052631573409 0 1684.210526315789
1015 842.1052631573409 0 1789.473684210526
1016 842.1052631573409 0 1894.736842105263
1017 947.3684210521166 0 105.2631578947368
1018 947.3684210521166 0 210.5263157894737
1019 947.3684210521166 0 315.7894736842105
1020 947.3684210521166 0 421.0526315789473
1021 947.3684210521166 0 526.3157894736842
1022 947.3684210521166 0 631.578947368421
1023 947.3684210521166 0 736.8421052631578
1024 947.3684210521166 0 842.1052631578947
1025 947.3684210521166 0 947.3684210526316
1026 947.3684210521166 0 1052.631578947368
1027 947.3684210521166 0 1157.894736842105
1028 947.3684210521166 0 1263.157894736842
1029 947.3684210521166 0 1368.421052631579
1030 947.3684210521166 0 1473.684210526316
1031 947.3684210521166 0 1578.947368421053
1032 947.3684210521166 0 1684.210526315789
1033 947.3684210521166 0 1789.473684210526
1034 947.3684210521166 0 1894.736842105263
1035 1052.631578947025 0 105.2631578947368
1036 1052.631578947025 0 210.5263157894737
1037 1052.631578947025 0 315.7894736842105
1038 1052.631578947025 0 421.0526315789473
1039 1052.631578947025 0 526.3157894736842
1040 1052.631578947025 0 631.578947368421
1041 1052.631578947025 0 736.8421052631578
1042 1052.631578947025 0 842.1052631578947
1043 1052.631578947025 0 947.3684210526316
1044 1052.631578947025 0 1052.631578947368
1045 1052.631578947025 0 1157.894736842105
1046 1052.631578947025 0 1263.157894736842
1047 1052.631578947025 0 1368.421052631579
1048 1052.631578947025 0 1473.684210526316
1049 1052.631578947025 0 1578.947368421053
1050 1052.631578947025 0 1684.210526315789
1051 1052.631578947025 0 1789.473684210526
1052 1052.631578947025 0 1894.736842105263
1053 1157.8947368418 0 105.2631578947368
1054 1157.8947368418 0 210.5263157894737
1055 1157.8947368418 0 315.7894736842105
1056 1157.8947368418 0 421.0526315789473
1057 1157.8947368418 0 526.3157894736842
1058 1157.8947368418 0 631.578947368421
1059 1157.8947368418 0 736.8421052631578
1060 1157.8947368418 0 842.1052631578947
1061 1157.8947368418 0 947.3684210526316
1062 1157.8947368418 0 1052.631578947368
1063 1157.8947368418 0 1157.894736842105
1064 1157.8947368418 0 1263.157894736842
1065 1157.8947368418 0 1368.421052631579
1066 1157.8947368418 0 1473.684210526316
1067 1157.8947368418 0 1578.947368421053
1068 1157.8947368418 0 1684.210526315789
1069 1157.8947368418 0 1789.473684210526
1070 1157.8947368418 0 1894.736842105263
1071 1263.157894736575 0 105.2631578947368
1072 1263.157894736575 0 210.5263157894737
1073 1263.157894736575 0 315.7894736842105
1074 1263.157894736575 0 421.0526315789473
1075 1263.157894736575 0 526.3157894736842
1076 1263.157894736575 0 631.578947368421
1077 1263.157894736575 0 736.8421052631578
1078 1263.157894736575 0 842.1052631578947
1079 1263.157894736575 0 947.3684210526316
1080 1263.157894736575 0 1052.631578947368
1081 1263.157894736575 0 1157.894736842105
1082 1263.157894736575 0 1263.157894736842
1083 1263.157894736575 0 1368.421052631579
1084 1263.157894736575 0 1473.684210526316
1085 1263.157894736575 0 1578.947368421053
1086 1263.157894736575 0 1684.210526315789
1087 1263.157894736575 0 1789.473684210526
1088 1263.157894736575 0 1894.736842105263
1089 1368.42105263135 0 105.2631578947368
1090 1368.42105263135 0 210.5263157894737
1091 1368.42105263135 0 315.7894736842105
1092 1368.42105263135 0 421.0526315789473
1093 1368.42105263135 0 526.3157894736842
1094 1368.42105263135 0 631.578947368421
1095 1368.42105263135 0 736.8421052631578
1096 1368.42105263135 0 842.1052631578947
1097 1368.42105263135 0 947.3684210526316
1098 1368.42105263135 0 1052.631578947368
1099 1368.42105263135 0 1157.894736842105
1100 1368.42105263135 0 1263.157894736842
1101 1368.42105263135 0 1368.421052631579
1102 1368.42105263135 0 1473.684210526316
1103 1368.42105263135 0 1578.947368421053
1104 1368.42105263135 0 1684.210526315789
1105 1368.42105263135 0 1789.473684210526
1106 1368.42105263135 0 1894.736842105263
1107 1473.684210526125 0 105.2631578947368
1108 1473.684210526125 0 210.5263157894737
1109 1473.684210526125 0 315.7894736842105
1110 1473.684210526125 0 421.0526315789473
1111 1473.684210526125 0 526.3157894736842
1112 1473.684210526125 0 631.578947368421
1113 1473.684210526125 0 736.8421052631578
1114 1473.684210526125 0 842.1052631578947
1115 1473.684210526125 0 947.3684210526316
1116 1473.684210526125 0 1052.631578947368
1117 1473.684210526125 0 1157.894736842105
1118 1473.684210526125 0 1263.157894736842
1119 1473.684210526125 0 1368.421052631579
1120 1473.684210526125 0 1473.684210526316
1121 1473.684210526125 0 1578.947368421053
1122 1473.684210526125 0 1684.210526315789
1123 1473.684210526125 0 1789.473684210526
1124 1473.684210526125 0 1894.736842105263
1125 1578.9473684209 0 105.2631578947368
1126 1578.9473684209 0 210.5263157894737
1127 1578.9473684209 0 315.7894736842105
1128 1578.9473684209 0 421.0526315789473
1129 1578.9473684209 0 526.3157894736842
1130 1578.9473684209 0 631.578947368421
1131 1578.9473684209 0 736.8421052631578
1132 1578.9473684209 0 842.1052631578947
1133 1578.9473684209 0 947.3684210526316
1134 1578.9473684209 0 1052.631578947368
1135 1578.9473684209 0 1157.894736842105
1136 1578.9473684209 0 1263.157894736842
1137 1578.9473684209 0 1368.421052631579
1138 1578.9473684209 0 1473.684210526316
1139 1578.9473684209 0 1578.947368421053
1140 1578.9473684209 0 1684.210526315789
1141 1578.9473684209 0 1789.473684210526
1142 1578.9473684209 0 1894.736842105263
1143 1684.210526315675 0 105.2631578947368
1144 1684.210526315675 0 210.5263157894737
1145 1684.210526315675 0 315.7894736842105
1146 1684.210526315675 0 421.0526315789473
1147 1684.210526315675 0 526.3157894736842
1148 1684.210526315675 0 631.578947368421
1149 1684.210526315675 0 736.8421052631578
1150 1684.210526315675 0 842.1052631578947
1151 1684.210526315675 0 947.3684210526316
1152 1684.210526315675 0 1052.631578947368
1153 1684.210526315675 0 1157.894736842105
1154 1684.210526315675 0 1263.157894736842
1155 1684.210526315675 0 1368.421052631579
1156 1684.210526315675 0 1473.684210526316
1157 1684.210526315675 0 1578.947368421053
1158 1684.210526315675 0 1684.210526315789
1159 1684.210526315675 0 1789.473684210526
1160 1684.210526315675 0 1894.736842105263
1161 1789.47368421045 0 105.2631578947368
1162 1789.47368421045 0 210.5263157894737
1163 1789.47368421045 0 315.7894736842105
1164 1789.47368421045 0 421.0526315789473
1165 1789.47368421045 0 526.3157894736842
1166 1789.47368421045 0 631.578947368421
1167 1789.47368421045 0 736.8421052631578
1168 1789.47368421045 0 842.1052631578947
1169 1789.47368421045 0 947.3684210526316
1170 1789.47368421045 0 1052.631578947368
1171 1789.47368421045 0 1157.894736842105
1172 1789.47368421045 0 1263.157894736842
1173 1789.47368421045 0 1368.421052631579
1174 1789.47368421045 0 1473.684210526316
1175 1789.47368421045 0 1578.947368421053
1176 1789.47368421045 0 1684.210526315789
1177 1789.47368421045 0 1789.473684210526
1178 1789.47368421045 0 1894.736842105263
1179 1894.736842105225 0 105.2631578947368
1180 1894.736842105225 0 210.5263157894737
1181 1894.736842105225 0 315.7894736842105
1182 1894.736842105225 0 421.0526315789473
1183 1894.736842105225 0 526.3157894736842
1184 1894.736842105225 0 631.578947368421
1185 1894.736842105225 0 736.8421052631578
1186 1894.736842105225 0 842.1052631578947
1187 1894.736842105225 0 947.3684210526316
1188 1894.736842105225 0 1052.631578947368
1189 1894.736842105225 0 1157.894736842105
1190 1894.736842105225 0 1263.157894736842
1191 1894.736842105225 0 1368.421052631579
1192 1894.736842105225 0 1473.684210526316
1193 1894.736842105225 0 1578.947368421053
1194 1894.736842105225 0 1684.210526315789
1195 1894.736842105225 0 1789.473684210526
1196 1894.736842105225 0 1894.736842105263
1197 2000 1894.73684210527 105.2631578947368
1198 2000 1894.73684210527 210.5263157894737
1199 2000 1894.73684210527 315.7894736842105
1200 2000 1894.73684210527 421.0526315789473
1201 2000 1894.73684210527 526.3157894736842
1202 2000 1894.73684210527 631.578947368421
1203 2000 1894.73684210527 736.8421052631578
1204 2000 1894.73684210527 842.1052631578947
1205 2000 1894.73684210527 947.3684210526316
1206 2000 1894.73684210527 1052.631578947368
1207 2000 1894.73684210527 1157.894736842105
1208 2000 1894.73684210527 1263.157894736842
1209 2000 1894.73684210527 1368.421052631579
1210 2000 1894.73684210527 1473.684210526316
1211 2000 1894.73684210527 1578.947368421053
1212 2000 1894.73684210527 1684.210526315789
1213 2000 1894.73684210527 1789.473684210526
1214 2000 1894.73684210527 1894.736842105263
1215 2000 1789.47368421054 105.2631578947368
1216 2000 1789.47368421054 210.5263157894737
1217 2000 1789.47368421054 315.7894736842105
1218 2000 1789.47368421054 421.0526315789473
1219 2000 1789.47368421054 526.3157894736842
1220 2000 1789.47368421054 631.578947368421
1221 2000 1789.47368421054 736.8421052631578
1222 2000 1789.47368421054 842.1052631578947
1223 2000 1789.47368421054 947.3684210526316
1224 2000 1789.47368421054 1052.631578947368
1225 2000 1789.47368421054 1157.894736842105
1226 2000 1789.47368421054 1263.157894736842
1227 2000 1789.47368421054 1368.421052631579
1228 2000 1789.47368421054 1473.684210526316
1229 2000 1789.47368421054 1578.947368421053
1230 2000 1789.47368421054 1684.210526315789
1231 2000 1789.47368421054 1789.473684210526
1232 2000 1789.47368421054 1894.736842105263
1233 2000 1684.21052631581 105.2631578947368
1234 2000 1684.21052631581 210.5263157894737
1235 2000 1684.21052631581 315.7894736842105
1236 2000 1684.21052631581 421.0526315789473
1237 2000 1684.21052631581 526.3157894736842
1238 2000 1684.21052631581 631.578947368421
1239 2000 1684.21052631581 736.8421052631578
1240 2000 1684.21052631581 842.1052631578947
1241 2000 1684.21052631581 947.3684210526316
1242 2000 1684.21052631581 1052.631578947368
1243 2000 1684.21052631581 1157.894736842105
1244 2000 1684.21052631581 1263.157894736842
1245 2000 1684.21052631581 1368.421052631579
1246 2000 1684.21052631581 1473.684210526316
1247 2000 1684.21052631581 1578.947368421053
1248 2000 1684.21052631581 1684.210526315789
1249 2000 1684.21052631581 1789.473684210526
1250 2000 1684.21052631581 1894.736842105263
1251 2000 1578.94736842108 105.2631578947368
1252 2000 1578.94736842108 210.5263157894737
1253 2000 1578.94736842108 315.7894736842105
1254 2000 1578.94736842108 421.0526315789473
1255 2000 1578.94736842108 526.3157894736842
1256 2000 1578.94736842108 631.578947368421
1257 2000 1578.94736842108 736.8421052631578
1258 2000 1578.94736842108 842.1052631578947
1259 2000 1578.94736842108 947.3684210526316
1260 2000 1578.94736842108 1052.631578947368
1261 2000 1578.94736842108 1157.894736842105
1262 2000 1578.94736842108 1263.157894736842
1263 2000 1578.94736842108 1368.421052631579
1264 2000 1578.94736842108 1473.684210526316
1265 2000 1578.94736842108 1578.947368421053
1266 2000 1578.94736842108 1684.210526315789
1267 2000 1578.94736842108 1789.473684210526
1268 2000 1578.94736842108 1894.736842105263
1269 2000 1473.684210526351 105.2631578947368
1270 2000 1473.684210526351 210.5263157894737
1271 2000 1473.684210526351 315.7894736842105
1272 2000 1473.684210526351 421.0526315789473
1273 2000 1473.684210526351 526.3157894736842
1274 2000 1473.684210526351 631.578947368421
1275 2000 1473.684210526351 736.8421052631578
1276 2000 1473.684210526351 842.1052631578947
1277 2000 1473.684210526351 947.3684210526316
1278 2000 1473.684210526351 1052.631578947368
1279 2000 1473.684210526351 1157.894736842105
1280 2000 1473.684210526351 1263.157894736842
1281 2000 1473.684210526351 1368.421052631579
1282 2000 1473.684210526351 1473.684210526316
1283 2000 1473.684210526351 1578.947368421053
1284 2000 1473.684210526351 1684.210526315789
1285 2000 1473.684210526351 1789.473684210526
1286 2000 1473.684210526351 1894.736842105263
1287 2000 1368.421052631621 105.2631578947368
1288 2000 1368.421052631621 210.5263157894737
1289 2000 1368.421052631621 315.7894736842105
1290 2000 1368.421052631621 421.0526315789473
1291 2000 1368.421052631621 526.3157894736842
1292 2000 1368.421052631621 631.578947368421
1293 2000 1368.421052631621 736.8421052631578
1294 2000 1368.421052631621 842.1052631578947
1295 2000 1368.421052631621 947.3684210526316
1296 2000 1368.421052631621 1052.631578947368
1297 2000 1368.421052631621 1157.894736842105
1298 2000 1368.421052631621 1263.157894736842
1299 2000 1368.421052631621 1368.421052631579
1300 2000 1368.421052631621 1473.684210526316
1301 2000 1368.421052631621 1578.947368421053
1302 2000 1368.421052631621 1684.210526315789
1303 2000 1368.421052631621 1789.473684210526
1304 2000 1368.421052631621 1894.736842105263
1305 2000 1263.157894736891 105.2631578947368
1306 2000 1263.157894736891 210.5263157894737
1307 2000 1263.157894736891 315.7894736842105
1308 2000 1263.157894736891 421.0526315789473
1309 2000 1263.157894736891 526.3157894736842
1310 2000 1263.157894736891 631.578947368421
1311 2000 1263.157894736891 736.8421052631578
1312 2000 1263.157894736891 842.1052631578947
1313 2000 1263.157894736891 947.3684210526316
1314 2000 1263.157894736891 1052.631578947368
1315 2000 1263.157894736891 1157.894736842105
1316 2000 1263.157894736891 1263.157894736842
1317 2000 1263.157894736891 1368.421052631579
1318 2000 1263.157894736891 1473.684210526316
1319 2000 1263.157894736891 1578.947368421053
1320 2000 1263.157894736891 1684.210526315789
1321 2000 1263.157894736891 1789.473684210526
1322 2000 1263.157894736891 1894.736842105263
1323 2000 1157.894736842161 105.2631578947368
1324 2000 1157.894736842161 210.5263157894737
1325 2000 1157.894736842161 315.7894736842105
1326 2000 1157.894736842161 421.0526315789473
1327 2000 1157.894736842161 526.3157894736842
1328 2000 1157.894736842161 631.578947368421
1329 2000 1157.894736842161 736.8421052631578
1330 2000 1157.894736842161 842.1052631578947
1331 2000 1157.894736842161 947.3684210526316
1332 2000 1157.894736842161 1052.631578947368
1333 2000 1157.894736842161 1157.894736842105
1334 2000 1157.894736842161 1263.157894736842
1335 2000 1157.894736842161 1368.421052631579
1336 2000 1157.894736842161 1473.684210526316
1337 2000 1157.894736842161 1578.947368421053
1338 2000 1157.894736842161 1684.210526315789
1339 2000 1157.894736842161 1789.473684210526
1340 2000 1157.894736842161 1894.736842105263
1341 2000 1052.631578947432 105.2631578947368
1342 2000 1052.631578947432 210.5263157894737
1343 2000 1052.631578947432 315.7894736842105
1344 2000 1052.631578947432 421.0526315789473
1345 2000 1052.631578947432 526.3157894736842
1346 2000 1052.631578947432 631.578947368421
1347 2000 1052.631578947432 736.8421052631578
1348 2000 1052.631578947432 842.1052631578947
1349 2000 1052.631578947432 947.3684210526316
1350 2000 1052.631578947432 1052.631578947368
1351 2000 1052.631578947432 1157.894736842105
1352 2000 1052.631578947432 1263.157894736842
1353 2000 1052.631578947432 1368.421052631579
1354 2000 1052.631578947432 1473.684210526316
1355 2000 1052.631578947432 1578.947368421053
1356 2000 1052.631578947432 1684.210526315789
1357 2000 1052.631578947432 1789.473684210526
1358 2000 1052.631578947432 1894.736842105263
1359 2000 947.3684210525685 105.2631578947368
1360 2000 947.3684210525685 210.5263157894737
1361 2000 947.3684210525685 315.7894736842105
1362 2000 947.3684210525685 421.0526315789473
1363 2000 947.3684210525685 526.3157894736842
1364 2000 947.3684210525685 631.578947368421
1365 2000 947.3684210525685 736.8421052631578
1366 2000 947.3684210525685 842.1052631578947
1367 2000 947.3684210525685 947.3684210526316
1368 2000 947.3684210525685 1052.631578947368
1369 2000 947.3684210525685 1157.894736842105
1370 2000 947.3684210525685 1263.157894736842
1371 2000 947.3684210525685 1368.421052631579
1372 2000 947.3684210525685 1473.684210526316
1373 2000 947.3684210525685 1578.947368421053
1374 2000 947.3684210525685 1684.210526315789
1375 2000 947.3684210525685 1789.473684210526
1376 2000 947.3684210525685 1894.736842105263
1377 2000 842.1052631578384 105.2631578947368
1378 2000 842.1052631578384 210.5263157894737
1379 2000 842.1052631578384 315.7894736842105
1380 2000 842.1052631578384 421.0526315789473
1381 2000 842.1052631578384 526.3157894736842
1382 2000 842.1052631578384 631.578947368421
1383 2000 842.1052631578384 736.8421052631578
1384 2000 842.1052631578384 842.1052631578947
1385 2000 842.1052631578384 947.3684210526316
1386 2000 842.1052631578384 1052.631578947368
1387 2000 842.1052631578384 1157.894736842105
1388 2000 842.1052631578384 1263.157894736842
1389 2000 842.1052631578384 1368.421052631579
1390 2000 842.1052631578384 1473.684210526316
1391 2000 842.1052631578384 1578.947368421053
1392 2000 842.1052631578384 1684.210526315789
1393 2000 842.1052631578384 1789.473684210526
1394 2000 842.1052631578384 1894.736842105263
1395 2000 736.8421052631086 105.2631578947368
1396 2000 736.8421052631086 210.5263157894737
1397 2000 736.8421052631086 315.7894736842105
1398 2000 736.8421052631086 421.0526315789473
1399 2000 736.8421052631086 526.3157894736842
1400 2000 736.8421052631086 631.578947368421
1401 2000 736.8421052631086 736.8421052631578
1402 2000 736.8421052631086 842.1052631578947
1403 2000 736.8421052631086 947.3684210526316
1404 2000 736.8421052631086 1052.631578947368
1405 2000 736.8421052631086 1157.894736842105
1406 2000 736.8421052631086 1263.157894736842
1407 2000 736.8421052631086 1368.421052631579
1408 2000 736.8421052631086 1473.684210526316
1409 2000 736.8421052631086 1578.947368421053
1410 2000 736.8421052631086 1684.210526315789
1411 2000 736.8421052631086 1789.473684210526
1412 2000 736.8421052631086 1894.736842105263
1413 2000 631.578947368379 105.2631578947368
1414 2000 631.578947368379 210.5263157894737
1415 2000 631.578947368379 315.7894736842105
1416 2000 631.578947368379 421.0526315789473
1417 2000 631.578947368379 526.3157894736842
1418 2000 631.578947368379 631.578947368421
1419 2000 631.578947368379 736.8421052631578
1420 2000 631.578947368379 842.1052631578947
1421 2000 631.578947368379 947.3684210526316
1422 2000 631.578947368379 1052.631578947368
1423 2000 631.578947368379 1157.894736842105
1424 2000 631.578947368379 1263.157894736842
1425 2000 631.578947368379 1368.421052631579
1426 2000 631.578947368379 1473.684210526316
1427 2000 631.578947368379 1578.947368421053
1428 2000 631.578947368379 1684.210526315789
1429 2000 631.578947368379 1789.473684210526
1430 2000 631.578947368379 1894.736842105263
1431 2000 526.3157894736491 105.2631578947368
1432 2000 526.3157894736491 210.5263157894737
1433 2000 526.3157894736491 315.7894736842105
1434 2000 526.3157894736491 421.0526315789473
1435 2000 526.3157894736491 526.3157894736842
1436 2000 526.3157894736491 631.578947368421
1437 2000 526.3157894736491 736.8421052631578
1438 2000 526.3157894736491 842.1052631578947
1439 2000 526.3157894736491 947.3684210526316
1440 2000 526.3157894736491 1052.631578947368
1441 2000 526.3157894736491 1157.894736842105
1442 2000 526.3157894736491 1263.157894736842
1443 2000 526.3157894736491 1368.421052631579
1444 2000 526.3157894736491 1473.684210526316
1445 2000 526.3157894736491 1578.947368421053
1446 2000 526.3157894736491 1684.210526315789
1447 2000 526.3157894736491 1789.473684210526
1448 2000 526.3157894736491 1894.736842105263
1449 2000 421.0526315789191 105.2631578947368
1450 2000 421.0526315789191 210.5263157894737
1451 2000 421.0526315789191 315.7894736842105
1452 2000 421.0526315789191 421.0526315789473
1453 2000 421.0526315789191 526.3157894736842
1454 2000 421.0526315789191 631.578947368421
1455 2000 421.0526315789191 736.8421052631578
1456 2000 421.0526315789191 842.1052631578947
1457 2000 421.0526315789191 947.3684210526316
1458 2000 421.0526315789191 1052.631578947368
1459 2000 421.0526315789191 1157.894736842105
1460 2000 421.0526315789191 1263.157894736842
1461 2000 421.0526315789191 1368.421052631579
1462 2000 421.0526315789191 1473.684210526316
1463 2000 421.0526315789191 1578.947368421053
1464 2000 421.0526315789191 1684.210526315789
1465 2000 421.0526315789191 1789.473684210526
1466 2000 421.0526315789191 1894.736842105263
1467 2000 315.7894736841895 105.2631578947368
1468 2000 315.7894736841895 210.5263157894737
1469 2000 315.7894736841895 315.7894736842105
1470 2000 315.7894736841895 421.0526315789473
1471 2000 315.7894736841895 526.3157894736842
1472 2000 315.7894736841895 631.578947368421
1473 2000 315.7894736841895 736.8421052631578
1474 2000 315.7894736841895 842.1052631578947
1475 2000 315.7894736841895 947.3684210526316
1476 2000 315.7894736841895 1052.631578947368
1477 2000 315.7894736841895 1157.894736842105
1478 2000 315.7894736841895 1263.157894736842
1479 2000 315.7894736841895 1368.421052631579
1480 2000 315.7894736841895 1473.684210526316
1481 2000 315.7894736841895 1578.947368421053
1482 2000 315.7894736841895 1684.210526315789
1483 2000 315.7894736841895 1789.473684210526
1484 2000 315.7894736841895 1894.736842105263
1485 2000 210.5263157894599 105.2631578947368
1486 2000 210.5263157894599 210.5263157894737
1487 2000 210.5263157894599 315.7894736842105
1488 2000 210.5263157894599 421.0526315789473
1489 2000 210.5263157894599 526.3157894736842
1490 2000 210.5263157894599 631.578947368421
1491 2000 210.5263157894599 736.8421052631578
1492 2000 210.5263157894599 842.1052631578947
1493 2000 210.5263157894599 947.3684210526316
1494 2000 210.5263157894599 1052.631578947368
1495 2000 210.5263157894599 1157.894736842105
1496 2000 210.5263157894599 1263.157894736842
1497 2000 210.5263157894599 1368.421052631579
1498 2000 210.5263157894599 1473.684210526316
1499 2000 210.5263157894599 1578.947368421053
1500 2000 210.5263157894599 1684.210526315789
1501 2000 210.5263157894599 1789.473684210526
1502 2000 210.5263157894599 1894.736842105263
1503 2000 105.2631578947298 105.2631578947368
1504 2000 105.2631578947298 210.5263157894737
1505 2000 105.2631578947298 315.7894736842105
1506 2000 105.2631578947298 421.0526315789473
1507 2000 105.2631578947298 526.3157894736842
1508 2000 105.2631578947298 631.578947368421
1509 2000 105.2631578947298 736.8421052631578
1510 2000 105.2631578947298 842.1052631578947
1511 2000 105.2631578947298 947.3684210526316
1512 2000 105.2631578947298 1052.631578947368
1513 2000 105.2631578947298 1157.894736842105
1514 2000 105.2631578947298 1263.157894736842
1515 2000 105.2631578947298 1368.421052631579
1516 2000 105.2631578947298 1473.684210526316
1517 2000 105.2631578947298 1578.947368421053
1518 2000 105.2631578947298 1684.210526315789
1519 2000 105.2631578947298 1789.473684210526
1520 2000 105.2631578947298 1894.736842105263
1521 1894.73684210527 2000 105.2631578947368
1522 1894.73684210527 2000 210.5263157894737
1523 1894.73684210527 2000 315.7894736842105
1524 1894.73684210527 2000 421.0526315789473
1525 1894.73684210527 2000 526.3157894736842
1526 1894.73684210527 2000 631.578947368421
1527 1894.73684210527 2000 736.8421052631578
1528 1894.73684210527 2000 842.1052631578947
1529 1894.73684210527 2000 947.3684210526316
1530 1894.73684210527 2000 1052.631578947368
1531 1894.73684210527 2000 1157.894736842105
1532 1894.73684210527 2000 1263.157894736842
1533 1894.73684210527 2000 1368.421052631579
1534 1894.73684210527 2000 1473.684210526316
1535 1894.73684210527 2000 1578.947368421053
1536 1894.73684210527 2000 1684.210526315789
1537 1894.73684210527 2000 1789.473684210526
1538 1894.73684210527 2000 1894.736842105263
1539 1789.47368421054 2000 105.2631578947368
1540 1789.47368421054 2000 210.5263157894737
1541 1789.47368421054 2000 315.7894736842105
1542 1789.47368421054 2000 421.0526315789473
1543 1789.47368421054 2000 526.3157894736842
1544 1789.47368421054 2000 631.578947368421
1545 1789.47368421054 2000 736.8421052631578
1546 1789.47368421054 2000 842.1052631578947
1547 1789.47368421054 2000 947.3684210526316
1548 1789.47368421054 2000 1052.631578947368
1549 1789.47368421054 2000 1157.894736842105
1550 1789.47368421054 2000 1263.157894736842
1551 1789.47368421054 2000 1368.421052631579
1552 1789.47368421054 2000 1473.684210526316
1553 1789.47368421054 2000 1578.947368421053
1554 1789.47368421054 2000 1684.210526315789
1555 1789.47368421054 2000 1789.473684210526
1556 1789.47368421054 2000 1894.736842105263
1557 1684.21052631581 2000 105.2631578947368
1558 1684.21052631581 2000 210.5263157894737
1559 1684.21052631581 2000 315.7894736842105
1560 1684.21052631581 2000 421.0526315789473
1561 1684.21052631581 2000 526.3157894736842
1562 1684.21052631581 2000 631.578947368421
1563 1684.21052631581 2000 736.8421052631578
1564 1684.21052631581 2000 842.1052631578947
1565 1684.21052631581 2000 947.3684210526316
1566 1684.21052631581 2000 1052.631578947368
1567 1684.21052631581 2000 1157.894736842105
1568 1684.21052631581 2000 1263.157894736842
1569 1684.21052631581 2000 1368.421052631579
1570 1684.21052631581 2000 1473.684210526316
1571 1684.21052631581 2000 1578.947368421053
1572 1684.21052631581 2000 1684.210526315789
1573 1684.21052631581 2000 1789.473684210526
1574 1684.21052631581 2000 1894.736842105263
1575 1578.94736842108 2000 105.2631578947368
1576 1578.94736842108 2000 210.5263157894737
1577 1578.94736842108 2000 315.7894736842105
1578 1578.94736842108 2000 421.0526315789473
1579 1578.94736842108 2000 526.3157894736842
1580 1578.94736842108 2000 631.578947368421
1581 1578.94736842108 2000 736.8421052631578
1582 1578.94736842108 2000 842.1052631578947
1583 1578.94736842108 2000 947.3684210526316
1584 1578.94736842108 2000 1052.631578947368
1585 1578.94736842108 2000 1157.894736842105
1586 1578.94736842108 2000 1263.157894736842
1587 1578.94736842108 2000 1368.421052631579
1588 1578.94736842108 2000 1473.684210526316
1589 1578.94736842108 2000 1578.947368421053
1590 1578.94736842108 2000 1684.210526315789
1591 1578.94736842108 2000 1789.473684210526
1592 1578.94736842108 2000 1894.736842105263
1593 1473.684210526351 2000 105.2631578947368
1594 1473.684210526351 2000 210.5263157894737
1595 1473.684210526351 2000 315.7894736842105
1596 1473.684210526351 2000 421.0526315789473
1597 1473.684210526351 2000 526.3157894736842
1598 1473.684210526351 2000 631.578947368421
1599 1473.684210526351 2000 736.8421052631578
1600 1473.684210526351 2000 842.1052631578947
1601 1473.684210526351 2000 947.3684210526316
1602 1473.684210526351 2000 1052.631578947368
1603 1473.684210526351 2000 1157.894736842105
1604 1473.684210526351 2000 1263.157894736842
1605 1473.684210526351 2000 1368.421052631579
1606 1473.684210526351 2000 1473.684210526316
1607 1473.684210526351 2000 1578.947368421053
1608 1473.684210526351 2000 1684.210526315789
1609 1473.684210526351 2000 1789.473684210526
1610 1473.684210526351 2000 1894.736842105263
1611 1368.421052631621 2000 105.2631578947368
1612 1368.421052631621 2000 210.5263157894737
1613 1368.421052631621 2000 315.7894736842105
1614 1368.421052631621 2000 421.0526315789473
1615 1368.421052631621 2000 526.3157894736842
1616 1368.421052631621 2000 631.578947368421
1617 1368.421052631621 2000 736.8421052631578
1618 1368.421052631621 2000 842.1052631578947
1619 1368.421052631621 2000 947.3684210526316
1620 1368.421052631621 2000 1052.631578947368
1621 1368.421052631621 2000 1157.894736842105
1622 1368.421052631621 2000 1263.157894736842
1623 1368.421052631621 2000 1368.421052631579
1624 1368.421052631621 2000 1473.684210526316
1625 1368.421052631621 2000 1578.947368421053
1626 1368.421052631621 2000 1684.210526315789
1627 1368.421052631621 2000 1789.473684210526
1628 1368.421052631621 2000 1894.736842105263
1629 1263.157894736891 2000 105.2631578947368
1630 1263.157894736891 2000 210.5263157894737
1631 1263.157894736891 2000 315.7894736842105
1632 1263.157894736891 2000 421.0526315789473
1633 1263.157894736891 2000 526.3157894736842
1634 1263.157894736891 2000 631.578947368421
1635 1263.157894736891 2000 736.8421052631578
1636 1263.157894736891 2000 842.1052631578947
1637 1263.157894736891 2000 947.3684210526316
1638 1263.157894736891 2000 1052.631578947368
1639 1263.157894736891 2000 1157.894736842105
1640 1263.157894736891 2000 1263.157894736842
1641 1263.157894736891 2000 1368.421052631579
1642 1263.157894736891 2000 1473.684210526316
1643 1263.157894736891 2000 1578.947368421053
1644 1263.157894736891 2000 1684.210526315789
1645 1263.157894736891 2000 1789.473684210526
1646 1263.157894736891 2000 1894.736842105263
1647 1157.894736842161 2000 105.2631578947368
1648 1157.894736842161 2000 210.5263157894737
1649 1157.894736842161 2000 315.7894736842105
1650 1157.894736842161 2000 421.0526315789473
1651 1157.894736842161 2000 526.3157894736842
1652 1157.894736842161 2000 631.578947368421
1653 1157.894736842161 2000 736.8421052631578
1654 1157.894736842161 2000 842.1052631578947
1655 1157.894736842161 2000 947.3684210526316
1656 1157.894736842161 2000 1052.631578947368
1657 1157.894736842161 2000 1157.894736842105
1658 1157.894736842161 2000 1263.157894736842
1659 1157.894736842161 2000 1368.421052631579
1660 1157.894736842161 2000 1473.684210526316
1661 1157.894736842161 2000 1578.947368421053
1662 1157.894736842161 2000 1684.210526315789
1663 1157.894736842161 2000 1789.473684210526
1664 1157.894736842161 2000 1894.736842105263
1665 1052.631578947432 2000 105.2631578947368
1666 1052.631578947432 2000 210.5263157894737
1667 1052.631578947432 2000 315.7894736842105
1668 1052.631578947432 2000 421.0526315789473
1669 1052.631578947432 2000 526.3157894736842
1670 1052.631578947432 2000 631.578947368421
1671 1052.631578947432 2000 736.8421052631578
1672 1052.631578947432 2000 842.1052631578947
1673 1052.631578947432 2000 947.3684210526316
1674 1052.631578947432 2000 1052.631578947368
1675 1052.631578947432 2000 1157.894736842105
1676 1052.631578947432 2000 1263.157894736842
1677 1052.631578947432 2000 1368.421052631579
1678 1052.631578947432 2000 1473.684210526316
1679 1052.631578947432 2000 1578.947368421053
1680 1052.631578947432 2000 1684.210526315789
1681 1052.631578947432 2000 1789.473684210526
1682 1052.631578947432 2000 1894.736842105263
1683 947.3684210525685 2000 105.2631578947368
1684 947.3684210525685 2000 210.5263157894737
1685 947.3684210525685 2000 315.7894736842105
1686 947.3684210525685 2000 421.0526315789473
1687 947.3684210525685 2000 526.3157894736842
1688 947.3684210525685 2000 631.578947368421
1689 947.3684210525685 2000 736.8421052631578
1690 947.3684210525685 2000 842.1052631578947
1691 947.3684210525685 2000 947.3684210526316
1692 947.3684210525685 2000 1052.631578947368
1693 947.3684210525685 2000 1157.894736842105
1694 947.3684210525685 2000 1263.157894736842
1695 947.3684210525685 2000 1368.421052631579
1696 947.3684210525685 2000 1473.684210526316
1697 947.3684210525685 2000 1578.947368421053
1698 947.3684210525685 2000 1684.210526315789
1699 947.3684210525685 2000 1789.473684210526
1700 947.3684210525685 2000 1894.736842105263
1701 842.1052631578384 2000 105.2631578947368
1702 842.1052631578384 2000 210.5263157894737
1703 842.1052631578384 2000 315.7894736842105
1704 842.1052631578384 2000 421.0526315789473
1705 842.1052631578384 2000 526.3157894736842
1706 842.1052631578384 2000 631.578947368421
1707 842.1052631578384 2000 736.8421052631578
1708 842.1052631578384 2000 842.1052631578947
1709 842.1052631578384 2000 947.3684210526316
1710 842.1052631578384 2000 1052.631578947368
1711 842.1052631578384 2000 1157.894736842105
1712 842.1052631578384 2000 1263.157894736842
1713 842.1052631578384 2000 1368.421052631579
1714 842.1052631578384 2000 1473.684210526316
1715 842.1052631578384 2000 1578.947368421053
1716 842.1052631578384 2000 1684.210526315789
1717 842.1052631578384 2000 1789.473684210526
1718 842.1052631578384 2000 1894.736842105263
1719 736.8421052631086 2000 105.2631578947368
1720 736.8421052631086 2000 210.5263157894737
1721 736.8421052631086 2000 315.7894736842105
1722 736.8421052631086 2000 421.0526315789473
1723 736.8421052631086 2000 526.3157894736842
1724 736.8421052631086 2000 631.578947368421
1725 736.8421052631086 2000 736.8421052631578
1726 736.8421052631086 2000 842.1052631578947
1727 736.8421052631086 2000 947.3684210526316
1728 736.8421052631086 2000 1052.631578947368
1729 736.8421052631086 2000 1157.894736842105
1730 736.8421052631086 2000 1263.157894736842
1731 736.8421052631086 2000 1368.421052631579
1732 736.8421052631086 2000 1473.684210526316
1733 736.8421052631086 2000 1578.947368421053
1734 736.8421052631086 2000 1684.210526315789
1735 736.8421052631086 2000 1789.473684210526
1736 736.8421052631086 2000 1894.736842105263
1737 631.578947368379 2000 105.2631578947368
1738 631.578947368379 2000 210.5263157894737
1739 631.578947368379 2000 315.7894736842105
1740 631.578947368379 2000 421.0526315789473
1741 631.578947368379 2000 526.3157894736842
1742 631.578947368379 2000 631.578947368421
1743 631.578947368379 2000 736.8421052631578
1744 631.578947368379 2000 842.1052631578947
1745 631.578947368379 2000 947.3684210526316
1746 631.578947368379 2000 1052.631578947368
1747 631.578947368379 2000 1157.894736842105
1748 631.578947368379 2000 1263.157894736842
1749 631.578947368379 2000 1368.421052631579
1750 631.578947368379 2000 1473.684210526316
1751 631.578947368379 2000 1578.947368421053
1752 631.578947368379 2000 1684.210526315789
1753 631.578947368379 2000 1789.473684210526
1754 631.578947368379 2000 1894.736842105263
1755 526.3157894736491 2000 105.2631578947368
1756 526.3157894736491 2000 210.5263157894737
1757 526.3157894736491 2000 315.7894736842105
1758 526.3157894736491 2000 421.0526315789473
1759 526.3157894736491 2000 526.3157894736842
1760 526.3157894736491 2000 631.578947368421
1761 526.3157894736491 2000 736.8421052631578
1762 526.3157894736491 2000 842.1052631578947
1763 526.3157894736491 2000 947.3684210526316
1764 526.3157894736491 2000 1052.631578947368
1765 526.3157894736491 2000 1157.894736842105
1766 526.3157894736491 2000 1263.157894736842
1767 526.3157894736491 2000 1368.421052631579
1768 526.3157894736491 2000 1473.684210526316
1769 526.3157894736491 2000 1578.947368421053
1770 526.3157894736491 2000 1684.210526315789
1771 526.3157894736491 2000 1789.473684210526
1772 526.3157894736491 2000 1894.736842105263
1773 421.0526315789191 2000 105.2631578947368
1774 421.0526315789191 2000 210.5263157894737
1775 421.0526315789191 2000 315.7894736842105
1776 421.0526315789191 2000 421.0526315789473
1777 421.0526315789191 2000 526.3157894736842
1778 421.0526315789191 2000 631.578947368421
1779 421.0526315789191 2000 736.8421052631578
1780 421.0526315789191 2000 842.1052631578947
1781 421.0526315789191 2000 947.3684210526316
1782 421.0526315789191 2000 1052.631578947368
1783 421.0526315789191 2000 1157.894736842105
1784 421.0526315789191 2000 1263.157894736842
1785 421.0526315789191 2000 1368.421052631579
1786 421.0526315789191 2000 1473.684210526316
1787 421.0526315789191 2000 1578.947368421053
1788 421.0526315789191 2000 1684.210526315789
1789 421.0526315789191 2000 1789.473684210526
1790 421.0526315789191 2000 1894.736842105263
1791 315.7894736841895 2000 105.2631578947368
1792 315.7894736841895 2000 210.5263157894737
1793 315.7894736841895 2000 315.7894736842105
1794 315.7894736841895 2000 421.0526315789473
1795 315.7894736841895 2000 526.3157894736842
1796 315.7894736841895 2000 631.578947368421
1797 315.7894736841895 2000 736.8421052631578
1798 315.7894736841895 2000 842.1052631578947
1799 315.7894736841895 2000 947.3684210526316
1800 315.7894736841895 2000 1052.631578947368
1801 315.7894736841895 2000 1157.894736842105
1802 315.7894736841895 2000 1263.157894736842
1803 315.7894736841895 2000 1368.421052631579
1804 315.7894736841895 2000 1473.684210526316
1805 315.7894736841895 2000 1578.947368421053
1806 315.7894736841895 2000 1684.210526315789
1807 315.7894736841895 2000 1789.473684210526
1808 315.7894736841895 2000 1894.736842105263
1809 210.5263157894599 2000 105.2631578947368
1810 210.5263157894599 2000 210.5263157894737
1811 210.5263157894599 2000 315.7894736842105
1812 210.5263157894599 2000 421.0526315789473
1813 210.5263157894599 2000 526.3157894736842
1814 210.5263157894599 2000 631.578947368421
1815 210.5263157894599 2000 736.8421052631578
1816 210.5263157894599 2000 842.1052631578947
1817 210.5263157894599 2000 947.3684210526316
1818 210.5263157894599 2000 1052.631578947368
1819 210.5263157894599 2000 1157.894736842105
1820 210.5263157894599 2000 1263.157894736842
1821 210.5263157894599 2000 1368.421052631579
1822 210.5263157894599 2000 1473.684210526316
1823 210.5263157894599 2000 1578.947368421053
1824 210.5263157894599 2000 1684.210526315789
1825 210.5263157894599 2000 1789.473684210526
1826 210.5263157894599 2000 1894.736842105263
1827 105.2631578947298 2000 105.2631578947368
1828 105.2631578947298 2000 210.5263157894737
1829 105.2631578947298 2000 315.7894736842105
1830 105.2631578947298 2000 421.0526315789473
1831 105.2631578947298 2000 526.3157894736842
1832 105.2631578947298 2000 631.578947368421
1833 105.2631578947298 2000 736.8421052631578
1834 105.2631578947298 2000 842.1052631578947
1835 105.2631578947298 2000 947.3684210526316
1836 105.2631578947298 2000 1052.631578947368
1837 105.2631578947298 2000 1157.894736842105
1838 105.2631578947298 2000 1263.157894736842
1839 105.2631578947298 2000 1368.421052631579
1840 105.2631578947298 2000 1473.684210526316
1841 105.2631578947298 2000 1578.947368421053
1842 105.2631578947298 2000 1684.210526315789
1843 105.2631578947298 2000 1789.473684210526
1844 105.2631578947298 2000 1894.736842105263
1845 105.2631578946695 105.2631578947298 2000
1846 105.2631578946729 210.5263157894599 2000
1847 105.2631578946763 315.7894736841895 2000
1848 105.2631578946796 421.0526315789191 2000
1849 105.2631578946829 526.3157894736493 2000
1850 105.2631578946863 631.5789473683791 2000
1851 105.2631578946897 736.8421052631086 2000
1852 105.263157894693 842.1052631578384 2000
1853 105.2631578946963 947.3684210525685 2000
1854 105.2631578946997 1052.631578947432 2000
1855 105.263157894703 1157.894736842162 2000
1856 105.2631578947064 1263.157894736891 2000
1857 105.2631578947098 1368.421052631621 2000
1858 105.2631578947131 1473.684210526351 2000
1859 105.2631578947165 1578.94736842108 2000
1860 105.2631578947198 1684.210526315811 2000
1861 105.2631578947232 1789.47368421054 2000
1862 105.2631578947265 1894.73684210527 2000
1863 210.526315789411 105.2631578947298 2000
1864 210.5263157894138 210.5263157894599 2000
1865 210.5263157894165 315.7894736841895 2000
1866 210.5263157894192 421.0526315789191 2000
1867 210.5263157894219 526.3157894736493 2000
1868 210.5263157894246 631.578947368379 2000
1869 210.5263157894273 736.8421052631087 2000
1870 210.52631578943 842.1052631578384 2000
1871 210.5263157894328 947.3684210525685 2000
1872 210.5263157894354 1052.631578947432 2000
1873 210.5263157894382 1157.894736842162 2000
1874 210.5263157894409 1263.157894736891 2000
1875 210.5263157894436 1368.421052631621 2000
1876 210.5263157894464 1473.684210526351 2000
1877 210.526315789449 1578.947368421081 2000
1878 210.5263157894518 1684.210526315811 2000
1879 210.5263157894545 1789.47368421054 2000
1880 210.5263157894572 1894.73684210527 2000
1881 315.7894736840177 105.2631578947298 2000
1882 315.7894736840271 210.5263157894599 2000
1883 315.7894736840368 315.7894736841895 2000
1884 315.7894736840463 421.0526315789191 2000
1885 315.7894736840558 526.3157894736491 2000
1886 315.7894736840654 631.5789473683791 2000
1887 315.789473684075 736.8421052631087 2000
1888 315.7894736840844 842.1052631578384 2000
1889 315.789473684094 947.3684210525685 2000
1890 315.7894736841036 1052.631578947431 2000
1891 315.7894736841131 1157.894736842161 2000
1892 315.7894736841227 1263.157894736891 2000
1893 315.7894736841322 1368.421052631621 2000
1894 315.7894736841419 1473.684210526351 2000
1895 315.7894736841514 1578.94736842108 2000
1896 315.7894736841609 1684.21052631581 2000
1897 315.7894736841704 1789.47368421054 2000
1898 315.7894736841801 1894.73684210527 2000
1899 421.0526315785075 105.2631578947298 2000
1900 421.0526315785304 210.5263157894599 2000
1901 421.0526315785533 315.7894736841895 2000
1902 421.0526315785761 421.0526315789191 2000
1903 421.0526315785988 526.3157894736493 2000
1904 421.0526315786219 631.578947368379 2000
1905 421.0526315786448 736.8421052631086 2000
1906 421.0526315786676 842.1052631578384 2000
1907 421.0526315786904 947.3684210525685 2000
1908 421.0526315787133 1052.631578947432 2000
1909 421.0526315787362 1157.894736842161 2000
1910 421.052631578759 1263.157894736891 2000
1911 421.052631578782 1368.421052631621 2000
1912 421.0526315788048 1473.684210526351 2000
1913 421.0526315788276 1578.947368421081 2000
1914 421.0526315788505 1684.21052631581 2000
1915 421.0526315788734 1789.47368421054 2000
1916 421.0526315788963 1894.73684210527 2000
1917 526.3157894730472 105.2631578947298 2000
1918 526.3157894730806 210.5263157894599 2000
1919 526.3157894731141 315.7894736841895 2000
1920 526.3157894731476 421.0526315789191 2000
1921 526.3157894731809 526.3157894736491 2000
1922 526.3157894732144 631.5789473683791 2000
1923 526.3157894732478 736.8421052631086 2000
1924 526.3157894732814 842.1052631578384 2000
1925 526.3157894733148 947.3684210525685 2000
1926 526.3157894733483 1052.631578947432 2000
1927 526.3157894733816 1157.894736842161 2000
1928 526.3157894734152 1263.157894736891 2000
1929 526.3157894734486 1368.421052631621 2000
1930 526.3157894734819 1473.68421052635 2000
1931 526.3157894735153 1578.947368421081 2000
1932 526.3157894735488 1684.21052631581 2000
1933 526.3157894735822 1789.47368421054 2000
1934 526.3157894736158 1894.73684210527 2000
1935 631.5789473678204 105.2631578947298 2000
1936 631.5789473678517 210.5263157894599 2000
1937 631.5789473678825 315.7894736841895 2000
1938 631.5789473679135 421.0526315789191 2000
1939 631.5789473679445 526.3157894736491 2000
1940 631.5789473679756 631.578947368379 2000
1941 631.5789473680065 736.8421052631086 2000
1942 631.5789473680378 842.1052631578384 2000
1943 631.5789473680686 947.3684210525685 2000
1944 631.5789473680996 1052.631578947431 2000
1945 631.5789473681308 1157.894736842161 2000
1946 631.5789473681617 1263.157894736891 2000
1947 631.5789473681929 1368.421052631621 2000
1948 631.5789473682238 1473.684210526351 2000
1949 631.5789473682547 1578.94736842108 2000
1950 631.578947368286 1684.210526315811 2000
1951 631.5789473683171 1789.47368421054 2000
1952 631.5789473683479 1894.73684210527 2000
1953 736.8421052625938 105.2631578947298 2000
1954 736.8421052626225 210.5263157894599 2000
1955 736.842105262651 315.7894736841895 2000
1956 736.8421052626796 421.0526315789191 2000
1957 736.8421052627081 526.3157894736491 2000
1958 736.8421052627366 631.578947368379 2000
1959 736.8421052627655 736.8421052631086 2000
1960 736.8421052627939 842.1052631578384 2000
1961 736.8421052628225 947.3684210525685 2000
1962 736.8421052628512 1052.631578947432 2000
1963 736.8421052628798 1157.894736842161 2000
1964 736.8421052629085 1263.157894736891 2000
1965 736.8421052629369 1368.421052631621 2000
1966 736.8421052629656 1473.684210526351 2000
1967 736.842105262994 1578.947368421081 2000
1968 736.8421052630227 1684.21052631581 2000
1969 736.8421052630513 1789.473684210541 2000
1970 736.8421052630799 1894.73684210527 2000
1971 842.1052631573671 105.2631578947298 2000
1972 842.1052631573932 210.5263157894599 2000
1973 842.1052631574196 315.7894736841895 2000
1974 842.1052631574454 421.0526315789191 2000
1975 842.1052631574718 526.3157894736493 2000
1976 842.105263157498 631.578947368379 2000
1977 842.105263157524 736.8421052631086 2000
1978 842.1052631575503 842.1052631578384 2000
1979 842.1052631575766 947.3684210525686 2000
1980 842.1052631576026 1052.631578947432 2000
1981 842.1052631576288 1157.894736842162 2000
1982 842.1052631576551 1263.157894736891 2000
1983 842.1052631576813 1368.421052631621 2000
1984 842.1052631577077 1473.68421052635 2000
1985 842.1052631577335 1578.94736842108 2000
1986 842.10526315776 1684.210526315811 2000
1987 842.1052631577859 1789.47368421054 2000
1988 842.1052631578123 1894.736842105271 2000
1989 947.3684210521402 105.2631578947298 2000
1990 947.3684210521642 210.5263157894599 2000
1991 947.3684210521881 315.7894736841895 2000
1992 947.3684210522117 421.0526315789191 2000
1993 947.3684210522355 526.3157894736491 2000
1994 947.3684210522592 631.578947368379 2000
1995 947.3684210522831 736.8421052631086 2000
1996 947.3684210523068 842.1052631578384 2000
1997 947.3684210523307 947.3684210525685 2000
1998 947.3684210523545 1052.631578947431 2000
1999 947.3684210523779 1157.894736842161 2000
2000 947.3684210524019 1263.157894736891 2000
2001 947.3684210524259 1368.421052631621 2000
2002 947.3684210524493 1473.684210526351 2000
2003 947.3684210524734 1578.947368421081 2000
2004 947.3684210524973 1684.210526315811 2000
2005 947.3684210525209 1789.47368421054 2000
2006 947.3684210525447 1894.73684210527 2000
2007 1052.631578947046 105.2631578947298 2000
2008 1052.631578947068 210.5263157894599 2000
2009 1052.631578947089 315.7894736841895 2000
2010 1052.63157894711 421.0526315789191 2000
2011 1052.631578947132 526.3157894736491 2000
2012 1052.631578947153 631.578947368379 2000
2013 1052.631578947175 736.8421052631086 2000
2014 1052.631578947196 842.1052631578384 2000
2015 1052.631578947218 947.3684210525685 2000
2016 1052.631578947239 1052.631578947431 2000
2017 1052.63157894726 1157.894736842161 2000
2018 1052.631578947282 1263.157894736891 2000
2019 1052.631578947303 1368.421052631621 2000
2020 1052.631578947325 1473.684210526351 2000
2021 1052.631578947346 1578.94736842108 2000
2022 1052.631578947367 1684.21052631581 2000
2023 1052.631578947389 1789.47368421054 2000
2024 1052.63157894741 1894.73684210527 2000
2025 1157.89473684182 105.2631578947298 2000
2026 1157.894736841838 210.5263157894599 2000
2027 1157.894736841857 315.7894736841895 2000
2028 1157.894736841876 421.0526315789191 2000
2029 1157.894736841895 526.3157894736491 2000
2030 1157.894736841914 631.578947368379 2000
2031 1157.894736841933 736.8421052631086 2000
2032 1157.894736841953 842.1052631578384 2000
2033 1157.894736841972 947.3684210525685 2000
2034 1157.89473684199 1052.631578947432 2000
2035 1157.894736842009 1157.894736842161 2000
2036 1157.894736842028 1263.157894736891 2000
2037 1157.894736842047 1368.421052631621 2000
2038 1157.894736842066 1473.684210526351 2000
2039 1157.894736842086 1578.947368421081 2000
2040 1157.894736842105 1684.21052631581 2000
2041 1157.894736842123 1789.47368421054 2000
2042 1157.894736842142 1894.73684210527 2000
2043 1263.157894736592 105.2631578947298 2000
2044 1263.157894736608 210.5263157894599 2000
2045 1263.157894736625 315.7894736841895 2000
2046 1263.157894736642 421.0526315789191 2000
2047 1263.157894736658 526.3157894736491 2000
2048 1263.157894736675 631.578947368379 2000
2049 1263.157894736692 736.8421052631086 2000
2050 1263.157894736708 842.1052631578384 2000
2051 1263.157894736725 947.3684210525685 2000
2052 1263.157894736742 1052.631578947431 2000
2053 1263.157894736758 1157.894736842161 2000
2054 1263.157894736775 1263.157894736891 2000
2055 1263.157894736791 1368.421052631621 2000
2056 1263.157894736808 1473.684210526351 2000
2057 1263.157894736825 1578.94736842108 2000
2058 1263.157894736841 1684.21052631581 2000
2059 1263.157894736858 1789.47368421054 2000
2060 1263.157894736875 1894.73684210527 2000
2061 1368.421052631364 105.2631578947298 2000
2062 1368.421052631378 210.5263157894599 2000
2063 1368.421052631393 315.7894736841895 2000
2064 1368.421052631407 421.0526315789191 2000
2065 1368.421052631421 526.3157894736491 2000
2066 1368.421052631435 631.578947368379 2000
2067 1368.421052631449 736.8421052631087 2000
2068 1368.421052631464 842.1052631578384 2000
2069 1368.421052631478 947.3684210525685 2000
2070 1368.421052631493 1052.631578947432 2000
2071 1368.421052631507 1157.894736842162 2000
2072 1368.421052631521 1263.157894736891 2000
2073 1368.421052631535 1368.421052631621 2000
2074 1368.421052631549 1473.684210526351 2000
2075 1368.421052631564 1578.94736842108 2000
2076 1368.421052631578 1684.21052631581 2000
2077 1368.421052631592 1789.47368421054 2000
2078 1368.421052631607 1894.73684210527 2000
2079 1473.684210526137 105.2631578947298 2000
2080 1473.684210526148 210.5263157894599 2000
2081 1473.684210526161 315.7894736841895 2000
2082 1473.684210526173 421.0526315789191 2000
2083 1473.684210526184 526.3157894736491 2000
2084 1473.684210526196 631.578947368379 2000
2085 1473.684210526208 736.8421052631086 2000
2086 1473.68421052622 842.1052631578384 2000
2087 1473.684210526232 947.3684210525685 2000
2088 1473.684210526244 1052.631578947431 2000
2089 1473.684210526255 1157.894736842162 2000
2090 1473.684210526268 1263.157894736891 2000
2091 1473.684210526279 1368.421052631621 2000
2092 1473.684210526291 1473.684210526351 2000
2093 1473.684210526303 1578.94736842108 2000
2094 1473.684210526315 1684.21052631581 2000
2095 1473.684210526327 1789.47368421054 2000
2096 1473.684210526339 1894.73684210527 2000
2097 1578.947368420909 105.2631578947298 2000
2098 1578.947368420919 210.5263157894599 2000
2099 1578.947368420929 315.7894736841895 2000
2100 1578.947368420938 421.0526315789191 2000
2101 1578.947368420947 526.3157894736493 2000
2102 1578.947368420957 631.578947368379 2000
2103 1578.947368420966 736.8421052631086 2000
2104 1578.947368420976 842.1052631578384 2000
2105 1578.947368420986 947.3684210525685 2000
2106 1578.947368420995 1052.631578947432 2000
2107 1578.947368421005 1157.894736842161 2000
2108 1578.947368421014 1263.157894736891 2000
2109 1578.947368421024 1368.421052631621 2000
2110 1578.947368421033 1473.684210526351 2000
2111 1578.947368421042 1578.94736842108 2000
2112 1578.947368421052 1684.21052631581 2000
2113 1578.947368421061 1789.47368421054 2000
2114 1578.947368421071 1894.73684210527 2000
2115 1684.210526315682 105.2631578947298 2000
2116 1684.210526315689 210.5263157894599 2000
2117 1684.210526315696 315.7894736841895 2000
2118 1684.210526315703 421.0526315789191 2000
2119 1684.21052631571 526.3157894736491 2000
2120 1684.210526315718 631.578947368379 2000
2121 1684.210526315725 736.8421052631086 2000
2122 1684.210526315732 842.1052631578384 2000
2123 1684.210526315739 947.3684210525684 2000
2124 1684.210526315746 1052.631578947432 2000
2125 1684.210526315753 1157.894736842161 2000
2126 1684.21052631576 1263.157894736891 2000
2127 1684.210526315768 1368.421052631621 2000
2128 1684.210526315775 1473.68421052635 2000
2129 1684.210526315782 1578.94736842108 2000
2130 1684.210526315789 1684.21052631581 2000
2131 1684.210526315796 1789.47368421054 2000
2132 1684.210526315803 1894.73684210527 2000
2133 1789.473684210455 105.2631578947298 2000
2134 1789.47368421046 210.5263157894599 2000
2135 1789.473684210464 315.7894736841894 2000
2136 1789.473684210469 421.0526315789191 2000
2137 1789.473684210473 526.3157894736491 2000
2138 1789.473684210478 631.5789473683789 2000
2139 1789.473684210483 736.8421052631086 2000
2140 1789.473684210488 842.1052631578384 2000
2141 1789.473684210493 947.3684210525685 2000
2142 1789.473684210497 1052.631578947432 2000
2143 1789.473684210502 1157.894736842161 2000
2144 1789.473684210507 1263.157894736891 2000
2145 1789.473684210512 1368.421052631621 2000
2146 1789.473684210516 1473.684210526351 2000
2147 1789.473684210521 1578.94736842108 2000
2148 1789.473684210526 1684.21052631581 2000
2149 1789.473684210531 1789.47368421054 2000
2150 1789.473684210535 1894.73684210527 2000
2151 1894.736842105228 105.2631578947298 2000
2152 1894.73684210523 210.5263157894599 2000
2153 1894.736842105232 315.7894736841895 2000
2154 1894.736842105235 421.0526315789191 2000
2155 1894.736842105237 526.3157894736493 2000
2156 1894.73684210524 631.578947368379 2000
2157 1894.736842105241 736.8421052631086 2000
2158 1894.736842105244 842.1052631578384 2000
2159 1894.736842105246 947.3684210525685 2000
2160 1894.736842105249 1052.631578947431 2000
2161 1894.736842105251 1157.894736842161 2000
2162 1894.736842105253 1263.157894736891 2000
2163 1894.736842105256 1368.421052631621 2000
2164 1894.736842105258 1473.684210526351 2000
2165 1894.73684210526 1578.947368421081 2000
2166 1894.736842105263 1684.21052631581 2000
2167 1894.736842105265 1789.47368421054 2000
2168 1894.736842105268 1894.73684210527 2000
2169 105.2631578946695 105.2631578947298 105.2631578947368
2170 105.2631578946695 105.2631578947298 210.5263157894737
2171 105.2631578946695 105.2631578947298 315.7894736842105
2172 105.2631578946695 105.2631578947298 421.0526315789473
2173 105.2631578946695 105.2631578947298 526.3157894736842
2174 105.2631578946695 105.2631578947298 631.578947368421
2175 105.2631578946695 105.2631578947298 736.8421052631578
2176 105.2631578946695 105.2631578947298 842.1052631578947
2177 105.2631578946695 105.2631578947298 947.3684210526316
2178 105.2631578946695 105.2631578947298 1052.631578947368
2179 105.2631578946695 105.2631578947298 1157.894736842105
2180 105.2631578946695 105.2631578947298 1263.157894736842
2181 105.2631578946695 105.2631578947298 1368.421052631579
2182 105.2631578946695 105.2631578947298 1473.684210526316
2183 105.2631578946695 105.2631578947298 1578.947368421053
2184 105.2631578946695 105.2631578947298 1684.210526315789
2185 105.2631578946695 105.2631578947298 1789.473684210526
2186 105.2631578946695 105.2631578947298 1894.736842105263
2187 105.2631578946729 210.5263157894599 105.2631578947368
2188 105.2631578946729 210.5263157894599 210.5263157894737
2189 105.2631578946729 210.5263157894599 315.7894736842105
2190 105.2631578946729 210.5263157894599 421.0526315789473
2191 105.2631578946729 210.5263157894599 526.3157894736842
2192 105.2631578946729 210.5263157894599 631.578947368421
2193 105.2631578946729 210.5263157894599 736.8421052631578
2194 105.2631578946729 210.5263157894599 842.1052631578947
2195 105.2631578946729 210.5263157894599 947.3684210526316
2196 105.2631578946729 210.5263157894599 1052.631578947368
2197 105.2631578946729 210.5263157894599 1157.894736842105
2198 105.2631578946729 210.5263157894599 1263.157894736842
2199 105.2631578946729 210.5263157894599 1368.421052631579
2200 105.2631578946729 210.5263157894599 1473.684210526316
2201 105.2631578946729 210.5263157894599 1578.947368421053
2202 105.2631578946729 210.5263157894599 1684.210526315789
2203 105.2631578946729 210.5263157894599 1789.473684210526
2204 105.2631578946729 210.5263157894599 1894.736842105263
2205 105.2631578946763 315.7894736841895 105.2631578947368
2206 105.2631578946763 315.7894736841895 210.5263157894737
2207 105.2631578946763 315.7894736841895 315.7894736842105
2208 105.2631578946763 315.7894736841895 421.0526315789473
2209 105.2631578946763 315.7894736841895 526.3157894736842
2210 105.2631578946763 315.7894736841895 631.578947368421
2211 105.2631578946763 315.7894736841895 736.8421052631578
2212 105.2631578946763 315.7894736841895 842.1052631578947
2213 105.2631578946763 315.7894736841895 947.3684210526316
2214 105.2631578946763 315.7894736841895 1052.631578947368
2215 105.2631578946763 315.7894736841895 1157.894736842105
2216 105.2631578946763 315.7894736841895 1263.157894736842
2217 105.2631578946763 315.7894736841895 1368.421052631579
2218 105.2631578946763 315.7894736841895 1473.684210526316
2219 105.2631578946763 315.7894736841895 1578.947368421053
2220 105.2631578946763 315.7894736841895 1684.210526315789
2221 105.2631578946763 315.7894736841895 1789.473684210526
2222 105.2631578946763 315.7894736841895 1894.736842105263
2223 105.2631578946796 421.0526315789191 105.2631578947368
2224 105.2631578946796 421.0526315789191 210.5263157894737
2225 105.2631578946796 421.0526315789191 315.7894736842105
2226 105.2631578946796 421.0526315789191 421.0526315789473
2227 105.2631578946796 421.0526315789191 526.3157894736842
2228 105.2631578946796 421.0526315789191 631.578947368421
2229 105.2631578946796 421.0526315789191 736.8421052631578
2230 105.2631578946796 421.0526315789191 842.1052631578947
2231 105.2631578946796 421.0526315789191 947.3684210526316
2232 105.2631578946796 421.0526315789191 1052.631578947368
2233 105.2631578946796 421.0526315789191 1157.894736842105
2234 105.2631578946796 421.0526315789191 1263.157894736842
2235 105.2631578946796 421.0526315789191 1368.421052631579
2236 105.2631578946796 421.0526315789191 1473.684210526316
2237 105.2631578946796 421.0526315789191 1578.947368421053
2238 105.2631578946796 421.0526315789191 1684.210526315789
2239 105.2631578946796 421.0526315789191 1789.473684210526
2240 105.2631578946796 421.0526315789191 1894.736842105263
2241 105.2631578946829 526.3157894736493 105.2631578947368
2242 105.2631578946829 526.3157894736493 210.5263157894737
2243 105.2631578946829 526.3157894736493 315.7894736842105
2244 105.2631578946829 526.3157894736493 421.0526315789473
2245 105.2631578946829 526.3157894736493 526.3157894736842
2246 105.2631578946829 526.3157894736493 631.578947368421
2247 105.2631578946829 526.3157894736493 736.8421052631578
2248 105.2631578946829 526.3157894736493 842.1052631578947
2249 105.2631578946829 526.3157894736493 947.3684210526316
2250 105.2631578946829 526.3157894736493 1052.631578947368
2251 105.2631578946829 526.3157894736493 1157.894736842105
2252 105.2631578946829 526.3157894736493 1263.157894736842
2253 105.2631578946829 526.3157894736493 1368.421052631579
2254 105.2631578946829 526.3157894736493 1473.684210526316
2255 105.2631578946829 526.3157894736493 1578.947368421053
2256 105.2631578946829 526.3157894736493 1684.210526315789
2257 105.2631578946829 526.3157894736493 1789.473684210526
2258 105.2631578946829 526.3157894736493 1894.736842105263
2259 105.2631578946863 631.5789473683791 105.2631578947368
2260 105.2631578946863 631.5789473683791 210.5263157894737
2261 105.2631578946863 631.5789473683791 315.7894736842105
2262 105.2631578946863 631.5789473683791 421.0526315789473
2263 105.2631578946863 631.5789473683791 526.3157894736842
2264 105.2631578946863 631.5789473683791 631.578947368421
2265 105.2631578946863 631.5789473683791 736.8421052631578
2266 105.2631578946863 631.5789473683791 842.1052631578947
2267 105.2631578946863 631.5789473683791 947.3684210526316
2268 105.2631578946863 631.5789473683791 1052.631578947368
2269 105.2631578946863 631.5789473683791 1157.894736842105
2270 105.2631578946863 631.5789473683791 1263.157894736842
2271 105.2631578946863 631.5789473683791 1368.421052631579
2272 105.2631578946863 631.5789473683791 1473.684210526316
2273 105.2631578946863 631.5789473683791 1578.947368421053
2274 105.2631578946863 631.5789473683791 1684.210526315789
2275 105.2631578946863 631.5789473683791 1789.473684210526
2276 105.2631578946863 631.5789473683791 1894.736842105263
2277 105.2631578946897 736.8421052631086 105.2631578947368
2278 105.2631578946897 736.8421052631086 210.5263157894737
2279 105.2631578946897 736.8421052631086 315.7894736842105
2280 105.2631578946897 736.8421052631086 421.0526315789473
2281 105.2631578946897 736.8421052631086 526.3157894736842
2282 105.2631578946897 736.8421052631086 631.578947368421
2283 105.2631578946897 736.8421052631086 736.8421052631578
2284 105.2631578946897 736.8421052631086 842.1052631578947
2285 105.2631578946897 736.8421052631086 947.3684210526316
2286 105.2631578946897 736.8421052631086 1052.631578947368
2287 105.2631578946897 736.8421052631086 1157.894736842105
2288 105.2631578946897 736.8421052631086 1263.157894736842
2289 105.2631578946897 736.8421052631086 1368.421052631579
2290 105.2631578946897 736.8421052631086 1473.684210526316
2291 105.2631578946897 736.8421052631086 1578.947368421053
2292 105.2631578946897 736.8421052631086 1684.210526315789
2293 105.2631578946897 736.8421052631086 1789.473684210526
2294 105.2631578946897 736.8421052631086 1894.736842105263
2295 105.263157894693 842.1052631578384 105.2631578947368
2296 105.263157894693 842.1052631578384 210.5263157894737
2297 105.263157894693 842.1052631578384 315.7894736842105
2298 105.263157894693 842.1052631578384 421.0526315789473
2299 105.263157894693 842.1052631578384 526.3157894736842
2300 105.263157894693 842.1052631578384 631.578947368421
2301 105.263157894693 842.1052631578384 736.8421052631578
2302 105.263157894693 842.1052631578384 842.1052631578947
2303 105.263157894693 842.1052631578384 947.3684210526316
2304 105.263157894693 842.1052631578384 1052.631578947368
2305 105.263157894693 842.1052631578384 1157.894736842105
2306 105.263157894693 842.1052631578384 1263.157894736842
2307 105.263157894693 842.1052631578384 1368.421052631579
2308 105.263157894693 842.1052631578384 1473.684210526316
2309 105.263157894693 842.1052631578384 1578.947368421053
2310 105.263157894693 842.1052631578384 1684.210526315789
2311 105.263157894693 842.1052631578384 1789.473684210526
2312 105.263157894693 842.1052631578384 1894.736842105263
2313 105.2631578946963 947.3684210525685 105.2631578947368
2314 105.2631578946963 947.3684210525685 210.5263157894737
2315 105.2631578946963 947.3684210525685 315.7894736842105
2316 105.2631578946963 947.3684210525685 421.0526315789473
2317 105.2631578946963 947.3684210525685 526.3157894736842
2318 105.2631578946963 947.3684210525685 631.578947368421
2319 105.2631578946963 947.3684210525685 736.8421052631578
2320 105.2631578946963 947.3684210525685 842.1052631578947
2321 105.2631578946963 947.3684210525685 947.3684210526316
2322 105.2631578946963 947.3684210525685 1052.631578947368
2323 105.2631578946963 947.3684210525685 1157.894736842105
2324 105.2631578946963 947.3684210525685 1263.157894736842
2325 105.2631578946963 947.3684210525685 1368.421052631579
2326 105.2631578946963 947.3684210525685 1473.684210526316
2327 105.2631578946963 947.3684210525685 1578.947368421053
2328 105.2631578946963 947.3684210525685 1684.210526315789
2329 105.2631578946963 947.3684210525685 1789.473684210526
2330 105.2631578946963 947.3684210525685 1894.736842105263
2331 105.2631578946997 1052.631578947432 105.2631578947368
2332 105.2631578946997 1052.631578947432 210.5263157894737
2333 105.2631578946997 1052.631578947432 315.7894736842105
2334 105.2631578946997 1052.631578947432 421.0526315789473
2335 105.2631578946997 1052.631578947432 526.3157894736842
2336 105.2631578946997 1052.631578947432 631.578947368421
2337 105.2631578946997 1052.631578947432 736.8421052631578
2338 105.2631578946997 1052.631578947432 842.1052631578947
2339 105.2631578946997 1052.631578947432 947.3684210526316
2340 105.2631578946997 1052.631578947432 1052.631578947368
2341 105.2631578946997 1052.631578947432 1157.894736842105
2342 105.2631578946997 1052.631578947432 1263.157894736842
2343 105.2631578946997 1052.631578947432 1368.421052631579
2344 105.2631578946997 1052.631578947432 1473.684210526316
2345 105.2631578946997 1052.631578947432 1578.947368421053
2346 105.2631578946997 1052.631578947432 1684.210526315789
2347 105.2631578946997 1052.631578947432 1789.473684210526
2348 105.2631578946997 1052.631578947432 1894.736842105263
2349 105.263157894703 1157.894736842162 105.2631578947368
2350 105.263157894703 1157.894736842162 210.5263157894737
2351 105.263157894703 1157.894736842162 315.7894736842105
2352 105.263157894703 1157.894736842162 421.0526315789473
2353 105.263157894703 1157.894736842162 526.3157894736842
2354 105.263157894703 1157.894736842162 631.578947368421
2355 105.263157894703 1157.894736842162 736.8421052631578
2356 105.263157894703 1157.894736842162 842.1052631578947
2357 105.263157894703 1157.894736842162 947.3684210526316
2358 105.263157894703 1157.894736842162 1052.631578947368
2359 105.263157894703 1157.894736842162 1157.894736842105
2360 105.263157894703 1157.894736842162 1263.157894736842
2361 105.263157894703 1157.894736842162 1368.421052631579
2362 105.263157894703 1157.894736842162 1473.684210526316
2363 105.263157894703 1157.894736842162 1578.947368421053
2364 105.263157894703 1157.894736842162 1684.210526315789
2365 105.263157894703 1157.894736842162 1789.473684210526
2366 105.263157894703 1157.894736842162 1894.736842105263
2367 105.2631578947064 1263.157894736891 105.2631578947368
2368 105.2631578947064 1263.157894736891 210.5263157894737
2369 105.2631578947064 1263.157894736891 315.7894736842105
2370 105.2631578947064 1263.157894736891 421.0526315789473
2371 105.2631578947064 1263.157894736891 526.3157894736842
2372 105.2631578947064 1263.157894736891 631.578947368421
2373 105.2631578947064 1263.157894736891 736.8421052631578
2374 105.2631578947064 1263.157894736891 842.1052631578947
2375 105.2631578947064 1263.157894736891 947.3684210526316
2376 105.2631578947064 1263.157894736891 1052.631578947368
2377 105.2631578947064 1263.157894736891 1157.894736842105
2378 105.2631578947064 1263.157894736891 1263.157894736842
2379 105.2631578947064 1263.157894736891 1368.421052631579
2380 105.2631578947064 1263.157894736891 1473.684210526316
2381 105.2631578947064 1263.157894736891 1578.947368421053
2382 105.2631578947064 1263.157894736891 1684.210526315789
2383 105.2631578947064 1263.157894736891 1789.473684210526
2384 105.2631578947064 1263.157894736891 1894.736842105263
2385 105.2631578947098 1368.421052631621 105.2631578947368
2386 105.2631578947098 1368.421052631621 210.5263157894737
2387 105.2631578947098 1368.421052631621 315.7894736842105
2388 105.2631578947098 1368.421052631621 421.0526315789473
2389 105.2631578947098 1368.421052631621 526.3157894736842
2390 105.2631578947098 1368.421052631621 631.578947368421
2391 105.2631578947098 1368.421052631621 736.8421052631578
2392 105.2631578947098 1368.421052631621 842.1052631578947
2393 105.2631578947098 1368.421052631621 947.3684210526316
2394 105.2631578947098 1368.421052631621 1052.631578947368
2395 105.2631578947098 1368.421052631621 1157.894736842105
2396 105.2631578947098 1368.421052631621 1263.157894736842
2397 105.2631578947098 1368.421052631621 1368.421052631579
2398 105.2631578947098 1368.421052631621 1473.684210526316
2399 105.2631578947098 1368.421052631621 1578.947368421053
2400 105.2631578947098 1368.421052631621 1684.210526315789
2401 105.2631578947098 1368.421052631621 1789.473684210526
2402 105.2631578947098 1368.421052631621 1894.736842105263
2403 105.2631578947131 1473.684210526351 105.2631578947368
2404 105.2631578947131 1473.684210526351 210.5263157894737
2405 105.2631578947131 1473.684210526351 315.7894736842105
2406 105.2631578947131 1473.684210526351 421.0526315789473
2407 105.2631578947131 1473.684210526351 526.3157894736842
2408 105.2631578947131 1473.684210526351 631.578947368421
2409 105.2631578947131 1473.684210526351 736.8421052631578
2410 105.2631578947131 1473.684210526351 842.1052631578947
2411 105.2631578947131 1473.684210526351 947.3684210526316
2412 105.2631578947131 1473.684210526351 1052.631578947368
2413 105.2631578947131 1473.684210526351 1157.894736842105
2414 105.2631578947131 1473.684210526351 1263.157894736842
2415 105.2631578947131 1473.684210526351 1368.421052631579
2416 105.2631578947131 1473.684210526351 1473.684210526316
2417 105.2631578947131 1473.684210526351 1578.947368421053
2418 105.2631578947131 1473.684210526351 1684.210526315789
2419 105.2631578947131 1473.684210526351 1789.473684210526
2420 105.2631578947131 1473.684210526351 1894.736842105263
2421 105.2631578947165 1578.94736842108 105.2631578947368
2422 105.2631578947165 1578.94736842108 210.5263157894737
2423 105.2631578947165 1578.94736842108 315.7894736842105
2424 105.2631578947165 1578.94736842108 421.0526315789473
2425 105.2631578947165 1578.94736842108 526.3157894736842
2426 105.2631578947165 1578.94736842108 631.578947368421
2427 105.2631578947165 1578.94736842108 736.8421052631578
2428 105.2631578947165 1578.94736842108 842.1052631578947
2429 105.2631578947165 1578.94736842108 947.3684210526316
2430 105.2631578947165 1578.94736842108 1052.631578947368
2431 105.2631578947165 1578.94736842108 1157.894736842105
2432 105.2631578947165 1578.94736842108 1263.157894736842
2433 105.2631578947165 1578.94736842108 1368.421052631579
2434 105.2631578947165 1578.94736842108 1473.684210526316
2435 105.2631578947165 1578.94736842108 1578.947368421053
2436 105.2631578947165 1578.94736842108 1684.210526315789
2437 105.2631578947165 1578.94736842108 1789.473684210526
2438 105.2631578947165 1578.94736842108 1894.736842105263
2439 105.2631578947198 1684.210526315811 105.2631578947368
2440 105.2631578947198 1684.210526315811 210.5263157894737
2441 105.2631578947198 1684.210526315811 315.7894736842105
2442 105.2631578947198 1684.210526315811 421.0526315789473
2443 105.2631578947198 1684.210526315811 526.3157894736842
2444 105.2631578947198 1684.210526315811 631.578947368421
2445 105.2631578947198 1684.210526315811 736.8421052631578
2446 105.2631578947198 1684.210526315811 842.1052631578947
2447 105.2631578947198 1684.210526315811 947.3684210526316
2448 105.2631578947198 1684.210526315811 1052.631578947368
2449 105.2631578947198 1684.210526315811 1157.894736842105
2450 105.2631578947198 1684.210526315811 1263.157894736842
2451 105.2631578947198 1684.210526315811 1368.421052631579
2452 105.2631578947198 1684.210526315811 1473.684210526316
2453 105.2631578947198 1684.210526315811 1578.947368421053
2454 105.2631578947198 1684.210526315811 1684.210526315789
2455 105.2631578947198 1684.210526315811 1789.473684210526
2456 105.2631578947198 1684.210526315811 1894.736842105263
2457 105.2631578947232 1789.47368421054 105.2631578947368
2458 105.2631578947232 1789.47368421054 210.5263157894737
2459 105.2631578947232 1789.47368421054 315.7894736842105
2460 105.2631578947232 1789.47368421054 421.0526315789473
2461 105.2631578947232 1789.47368421054 526.3157894736842
2462 105.2631578947232 1789.47368421054 631.578947368421
2463 105.2631578947232 1789.47368421054 736.8421052631578
2464 105.2631578947232 1789.47368421054 842.1052631578947
2465 105.2631578947232 1789.47368421054 947.3684210526316
2466 105.2631578947232 1789.47368421054 1052.631578947368
2467 105.2631578947232 1789.47368421054 1157.894736842105
2468 105.2631578947232 1789.47368421054 1263.157894736842
2469 105.2631578947232 1789.47368421054 1368.421052631579
2470 105.2631578947232 1789.47368421054 1473.684210526316
2471 105.2631578947232 1789.47368421054 1578.947368421053
2472 105.2631578947232 1789.47368421054 1684.210526315789
2473 105.2631578947232 1789.47368421054 1789.473684210526
2474 105.2631578947232 1789.47368421054 1894.736842105263
2475 105.2631578947265 1894.73684210527 105.2631578947368
2476 105.2631578947265 1894.73684210527 210.5263157894737
2477 105.2631578947265 1894.73684210527 315.7894736842105
2478 105.2631578947265 1894.73684210527 421.0526315789473
2479 105.2631578947265 1894.73684210527 526.3157894736842
2480 105.2631578947265 1894.73684210527 631.578947368421
2481 105.2631578947265 1894.73684210527 736.8421052631578
2482 105.2631578947265 1894.73684210527 842.1052631578947
2483 105.2631578947265 1894.73684210527 947.3684210526316
2484 105.2631578947265 1894.73684210527 1052.631578947368
2485 105.2631578947265 1894.73684210527 1157.894736842105
2486 105.2631578947265 1894.73684210527 1263.157894736842
2487 105.2631578947265 1894.73684210527 1368.421052631579
2488 105.2631578947265 1894.73684210527 1473.684210526316
2489 105.2631578947265 1894.73684210527 1578.947368421053
2490 105.2631578947265 1894.73684210527 1684.210526315789
2491 105.2631578947265 1894.73684210527 1789.473684210526
2492 105.2631578947265 1894.73684210527 1894.736842105263
2493 210.526315789411 105.2631578947298 105.2631578947368
2494 210.526315789411 105.2631578947298 210.5263157894737
2495 210.526315789411 105.2631578947298 315.7894736842105
2496 210.526315789411 105.2631578947298 421.0526315789473
2497 210.526315789411 105.2631578947298 526.3157894736842
2498 210.526315789411 105.2631578947298 631.578947368421
2499 210.526315789411 105.2631578947298 736.8421052631578
2500 210.526315789411 105.2631578947298 842.1052631578947
2501 210.526315789411 105.2631578947298 947.3684210526316
2502 210.526315789411 105.2631578947298 1052.631578947368
2503 210.526315789411 105.2631578947298 1157.894736842105
2504 210.526315789411 105.2631578947298 1263.157894736842
2505 210.526315789411 105.2631578947298 1368.421052631579
2506 210.526315789411 105.2631578947298 1473.684210526316
2507 210.526315789411 105.2631578947298 1578.947368421053
2508 210.526315789411 105.2631578947298 1684.210526315789
2509 210.526315789411 105.2631578947298 1789.473684210526
2510 210.526315789411 105.2631578947298 1894.736842105263
2511 210.5263157894138 210.5263157894599 105.2631578947368
2512 210.5263157894138 210.5263157894599 210.5263157894737
2513 210.5263157894138 210.5263157894599 315.7894736842105
2514 210.5263157894138 210.5263157894599 421.0526315789473
2515 210.5263157894138 210.5263157894599 526.3157894736842
2516 210.5263157894138 210.5263157894599 631.578947368421
2517 210.5263157894138 210.5263157894599 736.8421052631578
2518 210.5263157894138 210.5263157894599 842.1052631578947
2519 210.5263157894138 210.5263157894599 947.3684210526316
2520 210.5263157894138 210.5263157894599 1052.631578947368
2521 210.5263157894138 210.5263157894599 1157.894736842105
2522 210.5263157894138 210.5263157894599 1263.157894736842
2523 210.5263157894138 210.5263157894599 1368.421052631579
2524 210.5263157894138 210.5263157894599 1473.684210526316
2525 210.5263157894138 210.5263157894599 1578.947368421053
2526 210.5263157894138 210.5263157894599 1684.210526315789
2527 210.5263157894138 210.5263157894599 1789.473684210526
2528 210.5263157894138 210.5263157894599 1894.736842105263
2529 210.5263157894165 315.7894736841895 105.2631578947368
2530 210.5263157894165 315.7894736841895 210.5263157894737
2531 210.5263157894165 315.7894736841895 315.7894736842105
2532 210.5263157894165 315.7894736841895 421.0526315789473
2533 210.5263157894165 315.7894736841895 526.3157894736842
2534 210.5263157894165 315.7894736841895 631.578947368421
2535 210.5263157894165 315.7894736841895 736.8421052631578
2536 210.5263157894165 315.7894736841895 842.1052631578947
2537 210.5263157894165 315.7894736841895 947.3684210526316
2538 210.5263157894165 315.7894736841895 1052.631578947368
2539 210.5263157894165 315.7894736841895 1157.894736842105
2540 210.5263157894165 315.7894736841895 1263.157894736842
2541 210.5263157894165 315.7894736841895 1368.421052631579
2542 210.5263157894165 315.7894736841895 1473.684210526316
2543 210.5263157894165 315.7894736841895 1578.947368421053
2544 210.5263157894165 315.7894736841895 1684.210526315789
2545 210.5263157894165 315.7894736841895 1789.473684210526
2546 210.5263157894165 315.7894736841895 1894.736842105263
2547 210.5263157894192 421.0526315789191 105.2631578947368
2548 210.5263157894192 421.0526315789191 210.5263157894737
2549 210.5263157894192 421.0526315789191 315.7894736842105
2550 210.5263157894192 421.0526315789191 421.0526315789473
2551 210.5263157894192 421.0526315789191 526.3157894736842
2552 210.5263157894192 421.0526315789191 631.578947368421
2553 210.5263157894192 421.0526315789191 736.8421052631578
2554 210.5263157894192 421.0526315789191 842.1052631578947
2555 210.5263157894192 421.0526315789191 947.3684210526316
2556 210.5263157894192 421.0526315789191 1052.631578947368
2557 210.5263157894192 421.0526315789191 1157.894736842105
2558 210.5263157894192 421.0526315789191 1263.157894736842
2559 210.5263157894192 421.0526315789191 1368.421052631579
2560 210.5263157894192 421.0526315789191 1473.684210526316
2561 210.5263157894192 421.0526315789191 1578.947368421053
2562 210.5263157894192 421.0526315789191 1684.210526315789
2563 210.5263157894192 421.0526315789191 1789.473684210526
2564 210.5263157894192 421.0526315789191 1894.736842105263
2565 210.5263157894219 526.3157894736493 105.2631578947368
2566 210.5263157894219 526.3157894736493 210.5263157894737
2567 210.5263157894219 526.3157894736493 315.7894736842105
2568 210.5263157894219 526.3157894736493 421.0526315789473
2569 210.5263157894219 526.3157894736493 526.3157894736842
2570 210.5263157894219 526.3157894736493 631.578947368421
2571 210.5263157894219 526.3157894736493 736.8421052631578
2572 210.5263157894219 526.3157894736493 842.1052631578947
2573 210.5263157894219 526.3157894736493 947.3684210526316
2574 210.5263157894219 526.3157894736493 1052.631578947368
2575 210.5263157894219 526.3157894736493 1157.894736842105
2576 210.5263157894219 526.3157894736493 1263.157894736842
2577 210.5263157894219 526.3157894736493 1368.421052631579
2578 210.5263157894219 526.3157894736493 1473.684210526316
2579 210.5263157894219 526.3157894736493 1578.947368421053
2580 210.5263157894219 526.3157894736493 1684.210526315789
2581 210.5263157894219 526.3157894736493 1789.473684210526
2582 210.5263157894219 526.3157894736493 1894.736842105263
2583 210.5263157894246 631.578947368379 105.2631578947368
2584 210.5263157894246 631.578947368379 210.5263157894737
2585 210.5263157894246 631.578947368379 315.7894736842105
2586 210.5263157894246 631.578947368379 421.0526315789473
2587 210.5263157894246 631.578947368379 526.3157894736842
2588 210.5263157894246 631.578947368379 631.578947368421
2589 210.5263157894246 631.578947368379 736.8421052631578
2590 210.5263157894246 631.578947368379 842.1052631578947
2591 210.5263157894246 631.578947368379 947.3684210526316
2592 210.5263157894246 631.578947368379 1052.631578947368
2593 210.5263157894246 631.578947368379 1157.894736842105
2594 210.5263157894246 631.578947368379 1263.157894736842
2595 210.5263157894246 631.578947368379 1368.421052631579
2596 210.5263157894246 631.578947368379 1473.684210526316
2597 210.5263157894246 631.578947368379 1578.947368421053
2598 210.5263157894246 631.578947368379 1684.210526315789
2599 210.5263157894246 631.578947368379 1789.473684210526
2600 210.5263157894246 631.578947368379 1894.736842105263
2601 210.5263157894273 736.8421052631087 105.2631578947368
2602 210.5263157894273 736.8421052631087 210.5263157894737
2603 210.5263157894273 736.8421052631087 315.7894736842105
2604 210.5263157894273 736.8421052631087 421.0526315789473
2605 210.5263157894273 736.8421052631087 526.3157894736842
2606 210.5263157894273 736.8421052631087 631.578947368421
2607 210.5263157894273 736.8421052631087 736.8421052631578
2608 210.5263157894273 736.8421052631087 842.1052631578947
2609 210.5263157894273 736.8421052631087 947.3684210526316
2610 210.5263157894273 736.8421052631087 1052.631578947368
2611 210.5263157894273 736.8421052631087 1157.894736842105
2612 210.5263157894273 736.8421052631087 1263.157894736842
2613 210.5263157894273 736.8421052631087 1368.421052631579
2614 210.5263157894273 736.8421052631087 1473.684210526316
2615 210.5263157894273 736.8421052631087 1578.947368421053
2616 210.5263157894273 736.8421052631087 1684.210526315789
2617 210.5263157894273 736.8421052631087 1789.473684210526
2618 210.5263157894273 736.8421052631087 1894.736842105263
2619 210.52631578943 842.1052631578384 105.2631578947368
2620 210.52631578943 842.1052631578384 210.5263157894737
2621 210.52631578943 842.1052631578384 315.7894736842105
2622 210.52631578943 842.1052631578384 421.0526315789473
2623 210.52631578943 842.1052631578384 526.3157894736842
2624 210.52631578943 842.1052631578384 631.578947368421
2625 210.52631578943 842.1052631578384 736.8421052631578
2626 210.52631578943 842.1052631578384 842.1052631578947
2627 210.52631578943 842.1052631578384 947.3684210526316
2628 210.52631578943 842.1052631578384 1052.631578947368
2629 210.52631578943 842.1052631578384 1157.894736842105
2630 210.52631578943 842.1052631578384 1263.157894736842
2631 210.52631578943 842.1052631578384 1368.421052631579
2632 210.52631578943 842.1052631578384 1473.684210526316
2633 210.52631578943 842.1052631578384 1578.947368421053
2634 210.52631578943 842.1052631578384 1684.210526315789
2635 210.52631578943 842.1052631578384 1789.473684210526
2636 210.52631578943 842.1052631578384 1894.736842105263
2637 210.5263157894328 947.3684210525685 105.2631578947368
2638 210.5263157894328 947.3684210525685 210.5263157894737
2639 210.5263157894328 947.3684210525685 315.7894736842105
2640 210.5263157894328 947.3684210525685 421.0526315789473
2641 210.5263157894328 947.3684210525685 526.3157894736842
2642 210.5263157894328 947.3684210525685 631.578947368421
2643 210.5263157894328 947.3684210525685 736.8421052631578
2644 210.5263157894328 947.3684210525685 842.1052631578947
2645 210.5263157894328 947.3684210525685 947.3684210526316
2646 210.5263157894328 947.3684210525685 1052.631578947368
2647 210.5263157894328 947.3684210525685 1157.894736842105
2648 210.5263157894328 947.3684210525685 1263.157894736842
2649 210.5263157894328 947.3684210525685 1368.421052631579
2650 210.5263157894328 947.3684210525685 1473.684210526316
2651 210.5263157894328 947.3684210525685 1578.947368421053
2652 210.5263157894328 947.3684210525685 1684.210526315789
2653 210.5263157894328 947.3684210525685 1789.473684210526
2654 210.5263157894328 947.3684210525685 1894.736842105263
2655 210.5263157894354 1052.631578947432 105.2631578947368
2656 210.5263157894354 1052.631578947432 210.5263157894737
2657 210.5263157894354 1052.631578947432 315.7894736842105
2658 210.5263157894354 1052.631578947432 421.0526315789473
2659 210.5263157894354 1052.631578947432 526.3157894736842
2660 210.5263157894354 1052.631578947432 631.578947368421
2661 210.5263157894354 1052.631578947432 736.8421052631578
2662 210.5263157894354 1052.631578947432 842.1052631578947
2663 210.5263157894354 1052.631578947432 947.3684210526316
2664 210.5263157894354 1052.631578947432 1052.631578947368
2665 210.5263157894354 1052.631578947432 1157.894736842105
2666 210.5263157894354 1052.631578947432 1263.157894736842
2667 210.5263157894354 1052.631578947432 1368.421052631579
2668 210.5263157894354 1052.631578947432 1473.684210526316
2669 210.5263157894354 1052.631578947432 1578.947368421053
2670 210.5263157894354 1052.631578947432 1684.210526315789
2671 210.5263157894354 1052.631578947432 1789.473684210526
2672 210.5263157894354 1052.631578947432 1894.736842105263
2673 210.5263157894382 1157.894736842162 105.2631578947368
2674 210.5263157894382 1157.894736842162 210.5263157894737
2675 210.5263157894382 1157.894736842162 315.7894736842105
2676 210.5263157894382 1157.894736842162 421.0526315789473
2677 210.5263157894382 1157.894736842162 526.3157894736842
2678 210.5263157894382 1157.894736842162 631.578947368421
2679 210.5263157894382 1157.894736842162 736.8421052631578
2680 210.5263157894382 1157.894736842162 842.1052631578947
2681 210.5263157894382 1157.894736842162 947.3684210526316
2682 210.5263157894382 1157.894736842162 1052.631578947368
2683 210.5263157894382 1157.894736842162 1157.894736842105
2684 210.5263157894382 1157.894736842162 1263.157894736842
2685 210.5263157894382 1157.894736842162 1368.421052631579
2686 210.5263157894382 1157.894736842162 1473.684210526316
2687 210.5263157894382 1157.894736842162 1578.947368421053
2688 210.5263157894382 1157.894736842162 1684.210526315789
2689 210.5263157894382 1157.894736842162 1789.473684210526
2690 210.5263157894382 1157.894736842162 1894.736842105263
2691 210.5263157894409 1263.157894736891 105.2631578947368
2692 210.5263157894409 1263.157894736891 210.5263157894737
2693 210.5263157894409 1263.157894736891 315.7894736842105
2694 210.5263157894409 1263.157894736891 421.0526315789473
2695 210.5263157894409 1263.157894736891 526.3157894736842
2696 210.5263157894409 1263.157894736891 631.578947368421
2697 210.5263157894409 1263.157894736891 736.8421052631578
2698 210.5263157894409 1263.157894736891 842.1052631578947
2699 210.5263157894409 1263.157894736891 947.3684210526316
2700 210.5263157894409 1263.157894736891 1052.631578947368
2701 210.5263157894409 1263.157894736891 1157.894736842105
2702 210.5263157894409 1263.157894736891 1263.157894736842
2703 210.5263157894409 1263.157894736891 1368.421052631579
2704 210.5263157894409 1263.157894736891 1473.684210526316
2705 210.5263157894409 1263.157894736891 1578.947368421053
2706 210.5263157894409 1263.157894736891 1684.210526315789
2707 210.5263157894409 1263.157894736891 1789.473684210526
2708 210.5263157894409 1263.157894736891 1894.736842105263
2709 210.5263157894436 1368.421052631621 105.2631578947368
2710 210.5263157894436 1368.421052631621 210.5263157894737
2711 210.5263157894436 1368.421052631621 315.7894736842105
2712 210.5263157894436 1368.421052631621 421.0526315789473
2713 210.5263157894436 1368.421052631621 526.3157894736842
2714 210.5263157894436 1368.421052631621 631.578947368421
2715 210.5263157894436 1368.421052631621 736.8421052631578
2716 210.5263157894436 1368.421052631621 842.1052631578947
2717 210.5263157894436 1368.421052631621 947.3684210526316
2718 210.5263157894436 1368.421052631621 1052.631578947368
2719 210.5263157894436 1368.421052631621 1157.894736842105
2720 210.5263157894436 1368.421052631621 1263.157894736842
2721 210.5263157894436 1368.421052631621 1368.421052631579
2722 210.5263157894436 1368.421052631621 1473.684210526316
2723 210.5263157894436 1368.421052631621 1578.947368421053
2724 210.5263157894436 1368.421052631621 1684.210526315789
2725 210.5263157894436 1368.421052631621 1789.473684210526
2726 210.5263157894436 1368.421052631621 1894.736842105263
2727 210.5263157894464 1473.684210526351 105.2631578947368
2728 210.5263157894464 1473.684210526351 210.5263157894737
2729 210.5263157894464 1473.684210526351 315.7894736842105
2730 210.5263157894464 1473.684210526351 421.0526315789473
2731 210.5263157894464 1473.684210526351 526.3157894736842
2732 210.5263157894464 1473.684210526351 631.578947368421
2733 210.5263157894464 1473.684210526351 736.8421052631578
2734 210.5263157894464 1473.684210526351 842.1052631578947
2735 210.5263157894464 1473.684210526351 947.3684210526316
2736 210.5263157894464 1473.684210526351 1052.631578947368
2737 210.5263157894464 1473.684210526351 1157.894736842105
2738 210.5263157894464 1473.684210526351 1263.157894736842
2739 210.5263157894464 1473.684210526351 1368.421052631579
2740 210.5263157894464 1473.684210526351 1473.684210526316
2741 210.5263157894464 1473.684210526351 1578.947368421053
2742 210.5263157894464 1473.684210526351 1684.210526315789
2743 210.5263157894464 1473.684210526351 1789.473684210526
2744 210.5263157894464 1473.684210526351 1894.736842105263
2745 210.526315789449 1578.947368421081 105.2631578947368
2746 210.526315789449 1578.947368421081 210.5263157894737
2747 210.526315789449 1578.947368421081 315.7894736842105
2748 210.526315789449 1578.947368421081 421.0526315789473
2749 210.526315789449 1578.947368421081 526.3157894736842
2750 210.526315789449 1578.947368421081 631.578947368421
2751 210.526315789449 1578.947368421081 736.8421052631578
2752 210.526315789449 1578.947368421081 842.1052631578947
2753 210.526315789449 1578.947368421081 947.3684210526316
2754 210.526315789449 1578.947368421081 1052.631578947368
2755 210.526315789449 1578.947368421081 1157.894736842105
2756 210.526315789449 1578.947368421081 1263.157894736842
2757 210.526315789449 1578.947368421081 1368.421052631579
2758 210.526315789449 1578.947368421081 1473.684210526316
2759 210.526315789449 1578.947368421081 1578.947368421053
2760 210.526315789449 1578.947368421081 1684.210526315789
2761 210.526315789449 1578.947368421081 1789.473684210526
2762 210.526315789449 1578.947368421081 1894.736842105263
2763 210.5263157894518 1684.210526315811 105.2631578947368
2764 210.5263157894518 1684.210526315811 210.5263157894737
2765 210.5263157894518 1684.210526315811 315.7894736842105
2766 210.5263157894518 1684.210526315811 421.0526315789473
2767 210.5263157894518 1684.210526315811 526.3157894736842
2768 210.5263157894518 1684.210526315811 631.578947368421
2769 210.5263157894518 1684.210526315811 736.8421052631578
2770 210.5263157894518 1684.210526315811 842.1052631578947
2771 210.5263157894518 1684.210526315811 947.3684210526316
2772 210.5263157894518 1684.210526315811 1052.631578947368
2773 210.5263157894518 1684.210526315811 1157.894736842105
2774 210.5263157894518 1684.210526315811 1263.157894736842
2775 210.5263157894518 1684.210526315811 1368.421052631579
2776 210.5263157894518 1684.210526315811 1473.684210526316
2777 210.5263157894518 1684.210526315811 1578.947368421053
2778 210.5263157894518 1684.210526315811 1684.210526315789
2779 210.5263157894518 1684.210526315811 1789.473684210526
2780 210.5263157894518 1684.210526315811 1894.736842105263
2781 210.5263157894545 1789.47368421054 105.2631578947368
2782 210.5263157894545 1789.47368421054 210.5263157894737
2783 210.5263157894545 1789.47368421054 315.7894736842105
2784 210.5263157894545 1789.47368421054 421.0526315789473
2785 210.5263157894545 1789.47368421054 526.3157894736842
2786 210.5263157894545 1789.47368421054 631.578947368421
2787 210.5263157894545 1789.47368421054 736.8421052631578
2788 210.5263157894545 1789.47368421054 842.1052631578947
2789 210.5263157894545 1789.47368421054 947.3684210526316
2790 210.5263157894545 1789.47368421054 1052.631578947368
2791 210.5263157894545 1789.47368421054 1157.894736842105
2792 210.5263157894545 1789.47368421054 1263.157894736842
2793 210.5263157894545 1789.47368421054 1368.421052631579
2794 210.5263157894545 1789.47368421054 1473.684210526316
2795 210.5263157894545 1789.47368421054 1578.947368421053
2796 210.5263157894545 1789.47368421054 1684.210526315789
2797 210.5263157894545 1789.47368421054 1789.473684210526
2798 210.5263157894545 1789.47368421054 1894.736842105263
2799 210.5263157894572 1894.73684210527 105.2631578947368
2800 210.5263157894572 1894.73684210527 210.5263157894737
2801 210.5263157894572 1894.73684210527 315.7894736842105
2802 210.5263157894572 1894.73684210527 421.0526315789473
2803 210.5263157894572 1894.73684210527 526.3157894736842
2804 210.5263157894572 1894.73684210527 631.578947368421
2805 210.5263157894572 1894.73684210527 736.8421052631578
2806 210.5263157894572 1894.73684210527 842.1052631578947
2807 210.5263157894572 1894.73684210527 947.3684210526316
2808 210.5263157894572 1894.73684210527 1052.631578947368
2809 210.5263157894572 1894.73684210527 1157.894736842105
2810 210.5263157894572 1894.73684210527 1263.157894736842
2811 210.5263157894572 1894.73684210527 1368.421052631579
2812 210.5263157894572 1894.73684210527 1473.684210526316
2813 210.5263157894572 1894.73684210527 1578.947368421053
2814 210.5263157894572 1894.73684210527 1684.210526315789
2815 210.5263157894572 1894.73684210527 1789.473684210526
2816 210.5263157894572 1894.73684210527 1894.736842105263
2817 315.7894736840177 105.2631578947298 105.2631578947368
2818 315.7894736840177 105.2631578947298 210.5263157894737
2819 315.7894736840177 105.2631578947298 315.7894736842105
2820 315.7894736840177 105.2631578947298 421.0526315789473
2821 315.7894736840177 105.2631578947298 526.3157894736842
2822 315.7894736840177 105.2631578947298 631.578947368421
2823 315.7894736840177 105.2631578947298 736.8421052631578
2824 315.7894736840177 105.2631578947298 842.1052631578947
2825 315.7894736840177 105.2631578947298 947.3684210526316
2826 315.7894736840177 105.2631578947298 1052.631578947368
2827 315.7894736840177 105.2631578947298 1157.894736842105
2828 315.7894736840177 105.2631578947298 1263.157894736842
2829 315.7894736840177 105.2631578947298 1368.421052631579
2830 315.7894736840177 105.2631578947298 1473.684210526316
2831 315.7894736840177 105.2631578947298 1578.947368421053
2832 315.7894736840177 105.2631578947298 1684.210526315789
2833 315.7894736840177 105.2631578947298 1789.473684210526
2834 315.7894736840177 105.2631578947298 1894.736842105263
2835 315.7894736840271 210.5263157894599 105.2631578947368
2836 315.7894736840271 210.5263157894599 210.5263157894737
2837 315.7894736840271 210.5263157894599 315.7894736842105
2838 315.7894736840271 210.5263157894599 421.0526315789473
2839 315.7894736840271 210.5263157894599 526.3157894736842
2840 315.7894736840271 210.5263157894599 631.578947368421
2841 315.7894736840271 210.5263157894599 736.8421052631578
2842 315.7894736840271 210.5263157894599 842.1052631578947
2843 315.7894736840271 210.5263157894599 947.3684210526316
2844 315.7894736840271 210.5263157894599 1052.631578947368
2845 315.7894736840271 210.5263157894599 1157.894736842105
2846 315.7894736840271 210.5263157894599 1263.157894736842
2847 315.7894736840271 210.5263157894599 1368.421052631579
2848 315.7894736840271 210.5263157894599 1473.684210526316
2849 315.7894736840271 210.5263157894599 1578.947368421053
2850 315.7894736840271 210.5263157894599 1684.210526315789
2851 315.7894736840271 210.5263157894599 1789.473684210526
2852 315.7894736840271 210.5263157894599 1894.736842105263
2853 315.7894736840368 315.7894736841895 105.2631578947368
2854 315.7894736840368 315.7894736841895 210.5263157894737
2855 315.7894736840368 315.7894736841895 315.7894736842105
2856 315.7894736840368 315.7894736841895 421.0526315789473
2857 315.7894736840368 315.7894736841895 526.3157894736842
2858 315.7894736840368 315.7894736841895 631.578947368421
2859 315.7894736840368 315.7894736841895 736.8421052631578
2860 315.7894736840368 315.7894736841895 842.1052631578947
2861 315.7894736840368 315.7894736841895 947.3684210526316
2862 315.7894736840368 315.7894736841895 1052.631578947368
2863 315.7894736840368 315.7894736841895 1157.894736842105
2864 315.7894736840368 315.7894736841895 1263.157894736842
2865 315.7894736840368 315.7894736841895 1368.421052631579
2866 315.7894736840368 315.7894736841895 1473.684210526316
2867 315.7894736840368 315.7894736841895 1578.947368421053
2868 315.7894736840368 315.7894736841895 1684.210526315789
2869 315.7894736840368 315.7894736841895 1789.473684210526
2870 315.7894736840368 315.7894736841895 1894.736842105263
2871 315.7894736840463 421.0526315789191 105.2631578947368
2872 315.7894736840463 421.0526315789191 210.5263157894737
2873 315.7894736840463 421.0526315789191 315.7894736842105
2874 315.7894736840463 421.0526315789191 421.0526315789473
2875 315.7894736840463 421.0526315789191 526.3157894736842
2876 315.7894736840463 421.0526315789191 631.578947368421
2877 315.7894736840463 421.0526315789191 736.8421052631578
2878 315.7894736840463 421.0526315789191 842.1052631578947
2879 315.7894736840463 421.0526315789191 947.3684210526316
2880 315.7894736840463 421.0526315789191 1052.631578947368
2881 315.7894736840463 421.0526315789191 1157.894736842105
2882 315.7894736840463 421.0526315789191 1263.157894736842
2883 315.7894736840463 421.0526315789191 1368.421052631579
2884 315.7894736840463 421.0526315789191 1473.684210526316
2885 315.7894736840463 421.0526315789191 1578.947368421053
2886 315.7894736840463 421.0526315789191 1684.210526315789
2887 315.7894736840463 421.0526315789191 1789.473684210526
2888 315.7894736840463 421.0526315789191 1894.736842105263
2889 315.7894736840558 526.3157894736491 105.2631578947368
2890 315.7894736840558 526.3157894736491 210.5263157894737
2891 315.7894736840558 526.3157894736491 315.7894736842105
2892 315.7894736840558 526.3157894736491 421.0526315789473
2893 315.7894736840558 526.3157894736491 526.3157894736842
2894 315.7894736840558 526.3157894736491 631.578947368421
2895 315.7894736840558 526.3157894736491 736.8421052631578
2896 315.7894736840558 526.3157894736491 842.1052631578947
2897 315.7894736840558 526.3157894736491 947.3684210526316
2898 315.7894736840558 526.3157894736491 1052.631578947368
2899 315.7894736840558 526.3157894736491 1157.894736842105
2900 315.7894736840558 526.3157894736491 1263.157894736842
2901 315.7894736840558 526.3157894736491 1368.421052631579
2902 315.7894736840558 526.3157894736491 1473.684210526316
2903 315.7894736840558 526.3157894736491 1578.947368421053
2904 315.7894736840558 526.3157894736491 1684.210526315789
2905 315.7894736840558 526.3157894736491 1789.473684210526
2906 315.7894736840558 526.3157894736491 1894.736842105263
2907 315.7894736840654 631.5789473683791 105.2631578947368
2908 315.7894736840654 631.5789473683791 210.5263157894737
2909 315.7894736840654 631.5789473683791 315.7894736842105
2910 315.7894736840654 631.5789473683791 421.0526315789473
2911 315.7894736840654 631.5789473683791 526.3157894736842
2912 315.7894736840654 631.5789473683791 631.578947368421
2913 315.7894736840654 631.5789473683791 736.8421052631578
2914 315.7894736840654 631.5789473683791 842.1052631578947
2915 315.7894736840654 631.5789473683791 947.3684210526316
2916 315.7894736840654 631.5789473683791 1052.631578947368
2917 315.7894736840654 631.5789473683791 1157.894736842105
2918 315.7894736840654 631.5789473683791 1263.157894736842
2919 315.7894736840654 631.5789473683791 1368.421052631579
2920 315.7894736840654 631.5789473683791 1473.684210526316
2921 315.7894736840654 631.5789473683791 1578.947368421053
2922 315.7894736840654 631.5789473683791 1684.210526315789
2923 315.7894736840654 631.5789473683791 1789.473684210526
2924 315.7894736840654 631.5789473683791 1894.736842105263
2925 315.789473684075 736.8421052631087 105.2631578947368
2926 315.789473684075 736.8421052631087 210.5263157894737
2927 315.789473684075 736.8421052631087 315.7894736842105
2928 315.789473684075 736.8421052631087 421.0526315789473
2929 315.789473684075 736.8421052631087 526.3157894736842
2930 315.789473684075 736.8421052631087 631.578947368421
2931 315.789473684075 736.8421052631087 736.8421052631578
2932 315.789473684075 736.8421052631087 842.1052631578947
2933 315.789473684075 736.8421052631087 947.3684210526316
2934 315.789473684075 736.8421052631087 1052.631578947368
2935 315.789473684075 736.8421052631087 1157.894736842105
2936 315.789473684075 736.8421052631087 1263.157894736842
2937 315.789473684075 736.8421052631087 1368.421052631579
2938 315.789473684075 736.8421052631087 1473.684210526316
2939 315.789473684075 736.8421052631087 1578.947368421053
2940 315.789473684075 736.8421052631087 1684.210526315789
2941 315.789473684075 736.8421052631087 1789.473684210526
2942 315.789473684075 736.8421052631087 1894.736842105263
2943 315.7894736840844 842.1052631578384 105.2631578947368
2944 315.7894736840844 842.1052631578384 210.5263157894737
2945 315.7894736840844 842.1052631578384 315.7894736842105
2946 315.7894736840844 842.1052631578384 421.0526315789473
2947 315.7894736840844 842.1052631578384 526.3157894736842
2948 315.7894736840844 842.1052631578384 631.578947368421
2949 315.7894736840844 842.1052631578384 736.8421052631578
2950 315.7894736840844 842.1052631578384 842.1052631578947
2951 315.7894736840844 842.1052631578384 947.3684210526316
2952 315.7894736840844 842.1052631578384 1052.631578947368
2953 315.7894736840844 842.1052631578384 1157.894736842105
2954 315.7894736840844 842.1052631578384 1263.157894736842
2955 315.7894736840844 842.1052631578384 1368.421052631579
2956 315.7894736840844 842.1052631578384 1473.684210526316
2957 315.7894736840844 842.1052631578384 1578.947368421053
2958 315.7894736840844 842.1052631578384 1684.210526315789
2959 315.7894736840844 842.1052631578384 1789.473684210526
2960 315.7894736840844 842.1052631578384 1894.736842105263
2961 315.789473684094 947.3684210525685 105.2631578947368
2962 315.789473684094 947.3684210525685 210.5263157894737
2963 315.789473684094 947.3684210525685 315.7894736842105
2964 315.789473684094 947.3684210525685 421.0526315789473
2965 315.789473684094 947.3684210525685 526.3157894736842
2966 315.789473684094 947.3684210525685 631.578947368421
2967 315.789473684094 947.3684210525685 736.8421052631578
2968 315.789473684094 947.3684210525685 842.1052631578947
2969 315.789473684094 947.3684210525685 947.3684210526316
2970 315.789473684094 947.3684210525685 1052.631578947368
2971 315.789473684094 947.3684210525685 1157.894736842105
2972 315.789473684094 947.3684210525685 1263.157894736842
2973 315.789473684094 947.3684210525685 1368.421052631579
2974 315.789473684094 947.3684210525685 1473.684210526316
2975 315.789473684094 947.3684210525685 1578.947368421053
2976 315.789473684094 947.3684210525685 1684.210526315789
2977 315.789473684094 947.3684210525685 1789.473684210526
2978 315.789473684094 947.3684210525685 1894.736842105263
2979 315.7894736841036 1052.631578947431 105.2631578947368
2980 315.7894736841036 1052.631578947431 210.5263157894737
2981 315.7894736841036 1052.631578947431 315.7894736842105
2982 315.7894736841036 1052.631578947431 421.0526315789473
2983 315.7894736841036 1052.631578947431 526.3157894736842
2984 315.7894736841036 1052.631578947431 631.578947368421
2985 315.7894736841036 1052.631578947431 736.8421052631578
2986 315.7894736841036 1052.631578947431 842.1052631578947
2987 315.7894736841036 1052.631578947431 947.3684210526316
2988 315.7894736841036 1052.631578947431 1052.631578947368
2989 315.7894736841036 1052.631578947431 1157.894736842105
2990 315.7894736841036 1052.631578947431 1263.157894736842
2991 315.7894736841036 1052.631578947431 1368.421052631579
2992 315.7894736841036 1052.631578947431 1473.684210526316
2993 315.7894736841036 1052.631578947431 1578.947368421053
2994 315.7894736841036 1052.631578947431 1684.210526315789
2995 315.7894736841036 1052.631578947431 1789.473684210526
2996 315.7894736841036 1052.631578947431 1894.736842105263
2997 315.7894736841131 1157.894736842161 105.2631578947368
2998 315.7894736841131 1157.894736842161 210.5263157894737
2999 315.7894736841131 1157.894736842161 315.7894736842105
3000 315.7894736841131 1157.894736842161 421.0526315789473
3001 315.7894736841131 1157.894736842161 526.3157894736842
3002 315.7894736841131 1157.894736842161 631.578947368421
3003 315.7894736841131 1157.894736842161 736.8421052631578
3004 315.7894736841131 1157.894736842161 842.1052631578947
3005 315.7894736841131 1157.894736842161 947.3684210526316
3006 315.7894736841131 1157.894736842161 1052.631578947368
3007 315.7894736841131 1157.894736842161 1157.894736842105
3008 315.7894736841131 1157.894736842161 1263.157894736842
3009 315.7894736841131 1157.894736842161 1368.421052631579
3010 315.7894736841131 1157.894736842161 1473.684210526316
3011 315.7894736841131 1157.894736842161 1578.947368421053
3012 315.7894736841131 1157.894736842161 1684.210526315789
3013 315.7894736841131 1157.894736842161 1789.473684210526
3014 315.7894736841131 1157.894736842161 1894.736842105263
3015 315.7894736841227 1263.157894736891 105.2631578947368
3016 315.7894736841227 1263.157894736891 210.5263157894737
3017 315.7894736841227 1263.157894736891 315.7894736842105
3018 315.7894736841227 1263.157894736891 421.0526315789473
3019 315.7894736841227 1263.157894736891 526.3157894736842
3020 315.7894736841227 1263.157894736891 631.578947368421
3021 315.7894736841227 1263.157894736891 736.8421052631578
3022 315.7894736841227 1263.157894736891 842.1052631578947
3023 315.7894736841227 1263.157894736891 947.3684210526316
3024 315.7894736841227 1263.157894736891 1052.631578947368
3025 315.7894736841227 1263.157894736891 1157.894736842105
3026 315.7894736841227 1263.157894736891 1263.157894736842
3027 315.7894736841227 1263.157894736891 1368.421052631579
3028 315.7894736841227 1263.157894736891 1473.684210526316
3029 315.7894736841227 1263.157894736891 1578.947368421053
3030 315.7894736841227 1263.157894736891 1684.210526315789
3031 315.7894736841227 1263.157894736891 1789.473684210526
3032 315.7894736841227 1263.157894736891 1894.736842105263
3033 315.7894736841322 1368.421052631621 105.2631578947368
3034 315.7894736841322 1368.421052631621 210.5263157894737
3035 315.7894736841322 1368.421052631621 315.7894736842105
3036 315.7894736841322 1368.421052631621 421.0526315789473
3037 315.7894736841322 1368.421052631621 526.3157894736842
3038 315.7894736841322 1368.421052631621 631.578947368421
3039 315.7894736841322 1368.421052631621 736.8421052631578
3040 315.7894736841322 1368.421052631621 842.1052631578947
3041 315.7894736841322 1368.421052631621 947.3684210526316
3042 315.7894736841322 1368.421052631621 1052.631578947368
3043 315.7894736841322 1368.421052631621 1157.894736842105
3044 315.7894736841322 1368.421052631621 1263.157894736842
3045 315.7894736841322 1368.421052631621 1368.421052631579
3046 315.7894736841322 1368.421052631621 1473.684210526316
3047 315.7894736841322 1368.421052631621 1578.947368421053
3048 315.7894736841322 1368.421052631621 1684.210526315789
3049 315.7894736841322 1368.421052631621 1789.473684210526
3050 315.7894736841322 1368.421052631621 1894.736842105263
3051 315.7894736841419 1473.684210526351 105.2631578947368
3052 315.7894736841419 1473.684210526351 210.5263157894737
3053 315.7894736841419 1473.684210526351 315.7894736842105
3054 315.7894736841419 1473.684210526351 421.0526315789473
3055 315.7894736841419 1473.684210526351 526.3157894736842
3056 315.7894736841419 1473.684210526351 631.578947368421
3057 315.7894736841419 1473.684210526351 736.8421052631578
3058 315.7894736841419 1473.684210526351 842.1052631578947
3059 315.7894736841419 1473.684210526351 947.3684210526316
3060 315.7894736841419 1473.684210526351 1052.631578947368
3061 315.7894736841419 1473.684210526351 1157.894736842105
3062 315.7894736841419 1473.684210526351 1263.157894736842
3063 315.7894736841419 1473.684210526351 1368.421052631579
3064 315.7894736841419 1473.684210526351 1473.684210526316
3065 315.7894736841419 1473.684210526351 1578.947368421053
3066 315.7894736841419 1473.684210526351 1684.210526315789
3067 315.7894736841419 1473.684210526351 1789.473684210526
3068 315.7894736841419 1473.684210526351 1894.736842105263
3069 315.7894736841514 1578.94736842108 105.2631578947368
3070 315.7894736841514 1578.94736842108 210.5263157894737
3071 315.7894736841514 1578.94736842108 315.7894736842105
3072 315.7894736841514 1578.94736842108 421.0526315789473
3073 315.7894736841514 1578.94736842108 526.3157894736842
3074 315.7894736841514 1578.94736842108 631.578947368421
3075 315.7894736841514 1578.94736842108 736.8421052631578
3076 315.7894736841514 1578.94736842108 842.1052631578947
3077 315.7894736841514 1578.94736842108 947.3684210526316
3078 315.7894736841514 1578.94736842108 1052.631578947368
3079 315.7894736841514 1578.94736842108 1157.894736842105
3080 315.7894736841514 1578.94736842108 1263.157894736842
3081 315.7894736841514 1578.94736842108 1368.421052631579
3082 315.7894736841514 1578.94736842108 1473.684210526316
3083 315.7894736841514 1578.94736842108 1578.947368421053
3084 315.7894736841514 1578.94736842108 1684.210526315789
3085 315.7894736841514 1578.94736842108 1789.473684210526
3086 315.7894736841514 1578.94736842108 1894.736842105263
3087 315.7894736841609 1684.21052631581 105.2631578947368
3088 315.7894736841609 1684.21052631581 210.5263157894737
3089 315.7894736841609 1684.21052631581 315.7894736842105
3090 315.7894736841609 1684.21052631581 421.0526315789473
3091 315.7894736841609 1684.21052631581 526.3157894736842
3092 315.7894736841609 1684.21052631581 631.578947368421
3093 315.7894736841609 1684.21052631581 736.8421052631578
3094 315.7894736841609 1684.21052631581 842.1052631578947
3095 315.7894736841609 1684.21052631581 947.3684210526316
3096 315.7894736841609 1684.21052631581 1052.631578947368
3097 315.7894736841609 1684.21052631581 1157.894736842105
3098 315.7894736841609 1684.21052631581 1263.157894736842
3099 315.7894736841609 1684.21052631581 1368.421052631579
3100 315.7894736841609 1684.21052631581 1473.684210526316
3101 315.7894736841609 1684.21052631581 1578.947368421053
3102 315.7894736841609 1684.21052631581 1684.210526315789
3103 315.7894736841609 1684.21052631581 1789.473684210526
3104 315.7894736841609 1684.21052631581 1894.736842105263
3105 315.7894736841704 1789.47368421054 105.2631578947368
3106 315.7894736841704 1789.47368421054 210.5263157894737
3107 315.7894736841704 1789.47368421054 315.7894736842105
3108 315.7894736841704 1789.47368421054 421.0526315789473
3109 315.7894736841704 1789.47368421054 526.3157894736842
3110 315.7894736841704 1789.47368421054 631.578947368421
3111 315.7894736841704 1789.47368421054 736.8421052631578
3112 315.7894736841704 1789.47368421054 842.1052631578947
3113 315.7894736841704 1789.47368421054 947.3684210526316
3114 315.7894736841704 1789.47368421054 1052.631578947368
3115 315.7894736841704 1789.47368421054 1157.894736842105
3116 315.7894736841704 1789.47368421054 1263.157894736842
3117 315.7894736841704 1789.47368421054 1368.421052631579
3118 315.7894736841704 1789.47368421054 1473.684210526316
3119 315.7894736841704 1789.47368421054 1578.947368421053
3120 315.7894736841704 1789.47368421054 1684.210526315789
3121 315.7894736841704 1789.47368421054 1789.473684210526
3122 315.7894736841704 1789.47368421054 1894.736842105263
3123 315.7894736841801 1894.73684210527 105.2631578947368
3124 315.7894736841801 1894.73684210527 210.5263157894737
3125 315.7894736841801 1894.73684210527 315.7894736842105
3126 315.7894736841801 1894.73684210527 421.0526315789473
3127 315.7894736841801 1894.73684210527 526.3157894736842
3128 315.7894736841801 1894.73684210527 631.578947368421
3129 315.7894736841801 1894.73684210527 736.8421052631578
3130 315.7894736841801 1894.73684210527 842.1052631578947
3131 315.7894736841801 1894.73684210527 947.3684210526316
3132 315.7894736841801 1894.73684210527 1052.631578947368
3133 315.7894736841801 1894.73684210527 1157.894736842105
3134 315.7894736841801 1894.73684210527 1263.157894736842
3135 315.7894736841801 1894.73684210527 1368.421052631579
3136 315.7894736841801 1894.73684210527 1473.684210526316
3137 315.7894736841801 1894.73684210527 1578.947368421053
3138 315.7894736841801 1894.73684210527 1684.210526315789
3139 315.7894736841801 1894.73684210527 1789.473684210526
3140 315.7894736841801 1894.73684210527 1894.736842105263
3141 421.0526315785075 105.2631578947298 105.2631578947368
3142 421.0526315785075 105.2631578947298 210.5263157894737
3143 421.0526315785075 105.2631578947298 315.7894736842105
3144 421.0526315785075 105.2631578947298 421.0526315789473
3145 421.0526315785075 105.2631578947298 526.3157894736842
3146 421.0526315785075 105.2631578947298 631.578947368421
3147 421.0526315785075 105.2631578947298 736.8421052631578
3148 421.0526315785075 105.2631578947298 842.1052631578947
3149 421.0526315785075 105.2631578947298 947.3684210526316
3150 421.0526315785075 105.2631578947298 1052.631578947368
3151 421.0526315785075 105.2631578947298 1157.894736842105
3152 421.0526315785075 105.2631578947298 1263.157894736842
3153 421.0526315785075 105.2631578947298 1368.421052631579
3154 421.0526315785075 105.2631578947298 1473.684210526316
3155 421.0526315785075 105.2631578947298 1578.947368421053
3156 421.0526315785075 105.2631578947298 1684.210526315789
3157 421.0526315785075 105.2631578947298 1789.473684210526
3158 421.0526315785075 105.2631578947298 1894.736842105263
3159 421.0526315785304 210.5263157894599 105.2631578947368
3160 421.0526315785304 210.5263157894599 210.5263157894737
3161 421.0526315785304 210.5263157894599 315.7894736842105
3162 421.0526315785304 210.5263157894599 421.0526315789473
3163 421.0526315785304 210.5263157894599 526.3157894736842
3164 421.0526315785304 210.5263157894599 631.578947368421
3165 421.0526315785304 210.5263157894599 736.8421052631578
3166 421.0526315785304 210.5263157894599 842.1052631578947
3167 421.0526315785304 210.5263157894599 947.3684210526316
3168 421.0526315785304 210.5263157894599 1052.631578947368
3169 421.0526315785304 210.5263157894599 1157.894736842105
3170 421.0526315785304 210.5263157894599 1263.157894736842
3171 421.0526315785304 210.5263157894599 1368.421052631579
3172 421.0526315785304 210.5263157894599 1473.684210526316
3173 421.0526315785304 210.5263157894599 1578.947368421053
3174 421.0526315785304 210.5263157894599 1684.210526315789
3175 421.0526315785304 210.5263157894599 1789.473684210526
3176 421.0526315785304 210.5263157894599 1894.736842105263
3177 421.0526315785533 315.7894736841895 105.2631578947368
3178 421.0526315785533 315.7894736841895 210.5263157894737
3179 421.0526315785533 315.7894736841895 315.7894736842105
3180 421.0526315785533 315.7894736841895 421.0526315789473
3181 421.0526315785533 315.7894736841895 526.3157894736842
3182 421.0526315785533 315.7894736841895 631.578947368421
3183 421.0526315785533 315.7894736841895 736.8421052631578
3184 421.0526315785533 315.7894736841895 842.1052631578947
3185 421.0526315785533 315.7894736841895 947.3684210526316
3186 421.0526315785533 315.7894736841895 1052.631578947368
3187 421.0526315785533 315.7894736841895 1157.894736842105
3188 421.0526315785533 315.7894736841895 1263.157894736842
3189 421.0526315785533 315.7894736841895 1368.421052631579
3190 421.0526315785533 315.7894736841895 1473.684210526316
3191 421.0526315785533 315.7894736841895 1578.947368421053
3192 421.0526315785533 315.7894736841895 1684.210526315789
3193 421.0526315785533 315.7894736841895 1789.473684210526
3194 421.0526315785533 315.7894736841895 1894.736842105263
3195 421.0526315785761 421.0526315789191 105.2631578947368
3196 421.0526315785761 421.0526315789191 210.5263157894737
3197 421.0526315785761 421.0526315789191 315.7894736842105
3198 421.0526315785761 421.0526315789191 421.0526315789473
3199 421.0526315785761 421.0526315789191 526.3157894736842
3200 421.0526315785761 421.0526315789191 631.578947368421
3201 421.0526315785761 421.0526315789191 736.8421052631578
3202 421.0526315785761 421.0526315789191 842.1052631578947
3203 421.0526315785761 421.0526315789191 947.3684210526316
3204 421.0526315785761 421.0526315789191 1052.631578947368
3205 421.0526315785761 421.0526315789191 1157.894736842105
3206 421.0526315785761 421.0526315789191 1263.157894736842
3207 421.0526315785761 421.0526315789191 1368.421052631579
3208 421.0526315785761 421.0526315789191 1473.684210526316
3209 421.0526315785761 421.0526315789191 1578.947368421053
3210 421.0526315785761 421.0526315789191 1684.210526315789
3211 421.0526315785761 421.0526315789191 1789.473684210526
3212 421.0526315785761 421.0526315789191 1894.736842105263
3213 421.0526315785988 526.3157894736493 105.2631578947368
3214 421.0526315785988 526.3157894736493 210.5263157894737
3215 421.0526315785988 526.3157894736493 315.7894736842105
3216 421.0526315785988 526.3157894736493 421.0526315789473
3217 421.0526315785988 526.3157894736493 526.3157894736842
3218 421.0526315785988 526.3157894736493 631.578947368421
3219 421.0526315785988 526.3157894736493 736.8421052631578
3220 421.0526315785988 526.3157894736493 842.1052631578947
3221 421.0526315785988 526.3157894736493 947.3684210526316
3222 421.0526315785988 526.3157894736493 1052.631578947368
3223 421.0526315785988 526.3157894736493 1157.894736842105
3224 421.0526315785988 526.3157894736493 1263.157894736842
3225 421.0526315785988 526.3157894736493 1368.421052631579
3226 421.0526315785988 526.3157894736493 1473.684210526316
3227 421.0526315785988 526.3157894736493 1578.947368421053
3228 421.0526315785988 526.3157894736493 1684.210526315789
3229 421.0526315785988 526.3157894736493 1789.473684210526
3230 421.0526315785988 526.3157894736493 1894.736842105263
3231 421.0526315786219 631.578947368379 105.2631578947368
3232 421.0526315786219 631.578947368379 210.5263157894737
3233 421.0526315786219 631.578947368379 315.7894736842105
3234 421.0526315786219 631.578947368379 421.0526315789473
3235 421.0526315786219 631.578947368379 526.3157894736842
3236 421.0526315786219 631.578947368379 631.578947368421
3237 421.0526315786219 631.578947368379 736.8421052631578
3238 421.0526315786219 631.578947368379 842.1052631578947
3239 421.0526315786219 631.578947368379 947.3684210526316
3240 421.0526315786219 631.578947368379 1052.631578947368
3241 421.0526315786219 631.578947368379 1157.894736842105
3242 421.0526315786219 631.578947368379 1263.157894736842
3243 421.0526315786219 631.578947368379 1368.421052631579
3244 421.0526315786219 631.578947368379 1473.684210526316
3245 421.0526315786219 631.578947368379 1578.947368421053
3246 421.0526315786219 631.578947368379 1684.210526315789
3247 421.0526315786219 631.578947368379 1789.473684210526
3248 421.0526315786219 631.578947368379 1894.736842105263
3249 421.0526315786448 736.8421052631086 105.2631578947368
3250 421.0526315786448 736.8421052631086 210.5263157894737
3251 421.0526315786448 736.8421052631086 315.7894736842105
3252 421.0526315786448 736.8421052631086 421.0526315789473
3253 421.0526315786448 736.8421052631086 526.3157894736842
3254 421.0526315786448 736.8421052631086 631.578947368421
3255 421.0526315786448 736.8421052631086 736.8421052631578
3256 421.0526315786448 736.8421052631086 842.1052631578947
3257 421.0526315786448 736.8421052631086 947.3684210526316
3258 421.0526315786448 736.8421052631086 1052.631578947368
3259 421.0526315786448 736.8421052631086 1157.894736842105
3260 421.0526315786448 736.8421052631086 1263.157894736842
3261 421.0526315786448 736.8421052631086 1368.421052631579
3262 421.0526315786448 736.8421052631086 1473.684210526316
3263 421.0526315786448 736.8421052631086 1578.947368421053
3264 421.0526315786448 736.8421052631086 1684.210526315789
3265 421.0526315786448 736.8421052631086 1789.473684210526
3266 421.0526315786448 736.8421052631086 1894.736842105263
3267 421.0526315786676 842.1052631578384 105.2631578947368
3268 421.0526315786676 842.1052631578384 210.5263157894737
3269 421.0526315786676 842.1052631578384 315.7894736842105
3270 421.0526315786676 842.1052631578384 421.0526315789473
3271 421.0526315786676 842.1052631578384 526.3157894736842
3272 421.0526315786676 842.1052631578384 631.578947368421
3273 421.0526315786676 842.1052631578384 736.8421052631578
3274 421.0526315786676 842.1052631578384 842.1052631578947
3275 421.0526315786676 842.1052631578384 947.3684210526316
3276 421.0526315786676 842.1052631578384 1052.631578947368
3277 421.0526315786676 842.1052631578384 1157.894736842105
3278 421.0526315786676 842.1052631578384 1263.157894736842
3279 421.0526315786676 842.1052631578384 1368.421052631579
3280 421.0526315786676 842.1052631578384 1473.684210526316
3281 421.0526315786676 842.1052631578384 1578.947368421053
3282 421.0526315786676 842.1052631578384 1684.210526315789
3283 421.0526315786676 842.1052631578384 1789.473684210526
3284 421.0526315786676 842.1052631578384 1894.736842105263
3285 421.0526315786904 947.3684210525685 105.2631578947368
3286 421.0526315786904 947.3684210525685 210.5263157894737
3287 421.0526315786904 947.3684210525685 315.7894736842105
3288 421.0526315786904 947.3684210525685 421.0526315789473
3289 421.0526315786904 947.3684210525685 526.3157894736842
3290 421.0526315786904 947.3684210525685 631.578947368421
3291 421.0526315786904 947.3684210525685 736.8421052631578
3292 421.0526315786904 947.3684210525685 842.1052631578947
3293 421.0526315786904 947.3684210525685 947.3684210526316
3294 421.0526315786904 947.3684210525685 1052.631578947368
3295 421.0526315786904 947.3684210525685 1157.894736842105
3296 421.0526315786904 947.3684210525685 1263.157894736842
3297 421.0526315786904 947.3684210525685 1368.421052631579
3298 421.0526315786904 947.3684210525685 1473.684210526316
3299 421.0526315786904 947.3684210525685 1578.947368421053
3300 421.0526315786904 947.3684210525685 1684.210526315789
3301 421.0526315786904 947.3684210525685 1789.473684210526
3302 421.0526315786904 947.3684210525685 1894.736842105263
3303 421.0526315787133 1052.631578947432 105.2631578947368
3304 421.0526315787133 1052.631578947432 210.5263157894737
3305 421.0526315787133 1052.631578947432 315.7894736842105
3306 421.0526315787133 1052.631578947432 421.0526315789473
3307 421.0526315787133 1052.631578947432 526.3157894736842
3308 421.0526315787133 1052.631578947432 631.578947368421
3309 421.0526315787133 1052.631578947432 736.8421052631578
3310 421.0526315787133 1052.631578947432 842.1052631578947
3311 421.0526315787133 1052.631578947432 947.3684210526316
3312 421.0526315787133 1052.631578947432 1052.631578947368
3313 421.0526315787133 1052.631578947432 1157.894736842105
3314 421.0526315787133 1052.631578947432 1263.157894736842
3315 421.0526315787133 1052.631578947432 1368.421052631579
3316 421.0526315787133 1052.631578947432 1473.684210526316
3317 421.0526315787133 1052.631578947432 1578.947368421053
3318 421.0526315787133 1052.631578947432 1684.210526315789
3319 421.0526315787133 1052.631578947432 1789.473684210526
3320 421.0526315787133 1052.631578947432 1894.736842105263
3321 421.0526315787362 1157.894736842161 105.2631578947368
3322 421.0526315787362 1157.894736842161 210.5263157894737
3323 421.0526315787362 1157.894736842161 315.7894736842105
3324 421.0526315787362 1157.894736842161 421.0526315789473
3325 421.0526315787362 1157.894736842161 526.3157894736842
3326 421.0526315787362 1157.894736842161 631.578947368421
3327 421.0526315787362 1157.894736842161 736.8421052631578
3328 421.0526315787362 1157.894736842161 842.1052631578947
3329 421.0526315787362 1157.894736842161 947.3684210526316
3330 421.0526315787362 1157.894736842161 1052.631578947368
3331 421.0526315787362 1157.894736842161 1157.894736842105
3332 421.0526315787362 1157.894736842161 1263.157894736842
3333 421.0526315787362 1157.894736842161 1368.421052631579
3334 421.0526315787362 1157.894736842161 1473.684210526316
3335 421.0526315787362 1157.894736842161 1578.947368421053
3336 421.0526315787362 1157.894736842161 1684.210526315789
3337 421.0526315787362 1157.894736842161 1789.473684210526
3338 421.0526315787362 1157.894736842161 1894.736842105263
3339 421.052631578759 1263.157894736891 105.2631578947368
3340 421.052631578759 1263.157894736891 210.5263157894737
3341 421.052631578759 1263.157894736891 315.7894736842105
3342 421.052631578759 1263.157894736891 421.0526315789473
3343 421.052631578759 1263.157894736891 526.3157894736842
3344 421.052631578759 1263.157894736891 631.578947368421
3345 421.052631578759 1263.157894736891 736.8421052631578
3346 421.052631578759 1263.157894736891 842.1052631578947
3347 421.052631578759 1263.157894736891 947.3684210526316
3348 421.052631578759 1263.157894736891 1052.631578947368
3349 421.052631578759 1263.157894736891 1157.894736842105
3350 421.052631578759 1263.157894736891 1263.157894736842
3351 421.052631578759 1263.157894736891 1368.421052631579
3352 421.052631578759 1263.157894736891 1473.684210526316
3353 421.052631578759 1263.157894736891 1578.947368421053
3354 421.052631578759 1263.157894736891 1684.210526315789
3355 421.052631578759 1263.157894736891 1789.473684210526
3356 421.052631578759 1263.157894736891 1894.736842105263
3357 421.052631578782 1368.421052631621 105.2631578947368
3358 421.052631578782 1368.421052631621 210.5263157894737
3359 421.052631578782 1368.421052631621 315.7894736842105
3360 421.052631578782 1368.421052631621 421.0526315789473
3361 421.052631578782 1368.421052631621 526.3157894736842
3362 421.052631578782 1368.421052631621 631.578947368421
3363 421.052631578782 1368.421052631621 736.8421052631578
3364 421.052631578782 1368.421052631621 842.1052631578947
3365 421.052631578782 1368.421052631621 947.3684210526316
3366 421.052631578782 1368.421052631621 1052.631578947368
3367 421.052631578782 1368.421052631621 1157.894736842105
3368 421.052631578782 1368.421052631621 1263.157894736842
3369 421.052631578782 1368.421052631621 1368.421052631579
3370 421.052631578782 1368.421052631621 1473.684210526316
3371 421.052631578782 1368.421052631621 1578.947368421053
3372 421.052631578782 1368.421052631621 1684.210526315789
3373 421.052631578782 1368.421052631621 1789.473684210526
3374 421.052631578782 1368.421052631621 1894.736842105263
3375 421.0526315788048 1473.684210526351 105.2631578947368
3376 421.0526315788048 1473.684210526351 210.5263157894737
3377 421.0526315788048 1473.684210526351 315.7894736842105
3378 421.0526315788048 1473.684210526351 421.0526315789473
3379 421.0526315788048 1473.684210526351 526.3157894736842
3380 421.0526315788048 1473.684210526351 631.578947368421
3381 421.0526315788048 1473.684210526351 736.8421052631578
3382 421.0526315788048 1473.684210526351 842.1052631578947
3383 421.0526315788048 1473.684210526351 947.3684210526316
3384 421.0526315788048 1473.684210526351 1052.631578947368
3385 421.0526315788048 1473.684210526351 1157.894736842105
3386 421.0526315788048 1473.684210526351 1263.157894736842
3387 421.0526315788048 1473.684210526351 1368.421052631579
3388 421.0526315788048 1473.684210526351 1473.684210526316
3389 421.0526315788048 1473.684210526351 1578.947368421053
3390 421.0526315788048 1473.684210526351 1684.210526315789
3391 421.0526315788048 1473.684210526351 1789.473684210526
3392 421.0526315788048 1473.684210526351 1894.736842105263
3393 421.0526315788276 1578.947368421081 105.2631578947368
3394 421.0526315788276 1578.947368421081 210.5263157894737
3395 421.0526315788276 1578.947368421081 315.7894736842105
3396 421.0526315788276 1578.947368421081 421.0526315789473
3397 421.0526315788276 1578.947368421081 526.3157894736842
3398 421.0526315788276 1578.947368421081 631.578947368421
3399 421.0526315788276 1578.947368421081 736.8421052631578
3400 421.0526315788276 1578.947368421081 842.1052631578947
3401 421.0526315788276 1578.947368421081 947.3684210526316
3402 421.0526315788276 1578.947368421081 1052.631578947368
3403 421.0526315788276 1578.947368421081 1157.894736842105
3404 421.0526315788276 1578.947368421081 1263.157894736842
3405 421.0526315788276 1578.947368421081 1368.421052631579
3406 421.0526315788276 1578.947368421081 1473.684210526316
3407 421.0526315788276 1578.947368421081 1578.947368421053
3408 421.0526315788276 1578.947368421081 1684.210526315789
3409 421.0526315788276 1578.947368421081 1789.473684210526
3410 421.0526315788276 1578.947368421081 1894.736842105263
3411 421.0526315788505 1684.21052631581 105.2631578947368
3412 421.0526315788505 1684.21052631581 210.5263157894737
3413 421.0526315788505 1684.21052631581 315.7894736842105
3414 421.0526315788505 1684.21052631581 421.0526315789473
3415 421.0526315788505 1684.21052631581 526.3157894736842
3416 421.0526315788505 1684.21052631581 631.578947368421
3417 421.0526315788505 1684.21052631581 736.8421052631578
3418 421.0526315788505 1684.21052631581 842.1052631578947
3419 421.0526315788505 1684.21052631581 947.3684210526316
3420 421.0526315788505 1684.21052631581 1052.631578947368
3421 421.0526315788505 1684.21052631581 1157.894736842105
3422 421.0526315788505 1684.21052631581 1263.157894736842
3423 421.0526315788505 1684.21052631581 1368.421052631579
3424 421.0526315788505 1684.21052631581 1473.684210526316
3425 421.0526315788505 1684.21052631581 1578.947368421053
3426 421.0526315788505 1684.21052631581 1684.210526315789
3427 421.0526315788505 1684.21052631581 1789.473684210526
3428 421.0526315788505 1684.21052631581 1894.736842105263
3429 421.0526315788734 1789.47368421054 105.2631578947368
3430 421.0526315788734 1789.47368421054 210.5263157894737
3431 421.0526315788734 1789.47368421054 315.7894736842105
3432 421.0526315788734 1789.47368421054 421.0526315789473
3433 421.0526315788734 1789.47368421054 526.3157894736842
3434 421.0526315788734 1789.47368421054 631.578947368421
3435 421.0526315788734 1789.47368421054 736.8421052631578
3436 421.0526315788734 1789.47368421054 842.1052631578947
3437 421.0526315788734 1789.47368421054 947.3684210526316
3438 421.0526315788734 1789.47368421054 1052.631578947368
3439 421.0526315788734 1789.47368421054 1157.894736842105
3440 421.0526315788734 1789.47368421054 1263.157894736842
3441 421.0526315788734 1789.47368421054 1368.421052631579
3442 421.0526315788734 1789.47368421054 1473.684210526316
3443 421.0526315788734 1789.47368421054 1578.947368421053
3444 421.0526315788734 1789.47368421054 1684.210526315789
3445 421.0526315788734 1789.47368421054 1789.473684210526
3446 421.0526315788734 1789.47368421054 1894.736842105263
3447 421.0526315788963 1894.73684210527 105.2631578947368
3448 421.0526315788963 1894.73684210527 210.5263157894737
3449 421.0526315788963 1894.73684210527 315.7894736842105
3450 421.0526315788963 1894.73684210527 421.0526315789473
3451 421.0526315788963 1894.73684210527 526.3157894736842
3452 421.0526315788963 1894.73684210527 631.578947368421
3453 421.0526315788963 1894.73684210527 736.8421052631578
3454 421.0526315788963 1894.73684210527 842.1052631578947
3455 421.0526315788963 1894.73684210527 947.3684210526316
3456 421.0526315788963 1894.73684210527 1052.631578947368
3457 421.0526315788963 1894.73684210527 1157.894736842105
3458 421.0526315788963 1894.73684210527 1263.157894736842
3459 421.0526315788963 1894.73684210527 1368.421052631579
3460 421.0526315788963 1894.73684210527 1473.684210526316
3461 421.0526315788963 1894.73684210527 1578.947368421053
3462 421.0526315788963 1894.73684210527 1684.210526315789
3463 421.0526315788963 1894.73684210527 1789.473684210526
3464 421.0526315788963 1894.73684210527 1894.736842105263
3465 526.3157894730472 105.2631578947298 105.2631578947368
3466 526.3157894730472 105.2631578947298 210.5263157894737
3467 526.3157894730472 105.2631578947298 315.7894736842105
3468 526.3157894730472 105.2631578947298 421.0526315789473
3469 526.3157894730472 105.2631578947298 526.3157894736842
3470 526.3157894730472 105.2631578947298 631.578947368421
3471 526.3157894730472 105.2631578947298 736.8421052631578
3472 526.3157894730472 105.2631578947298 842.1052631578947
3473 526.3157894730472 105.2631578947298 947.3684210526316
3474 526.3157894730472 105.2631578947298 1052.631578947368
3475 526.3157894730472 105.2631578947298 1157.894736842105
3476 526.3157894730472 105.2631578947298 1263.157894736842
3477 526.3157894730472 105.2631578947298 1368.421052631579
3478 526.3157894730472 105.2631578947298 1473.684210526316
3479 526.3157894730472 105.2631578947298 1578.947368421053
3480 526.3157894730472 105.2631578947298 1684.210526315789
3481 526.3157894730472 105.2631578947298 1789.473684210526
3482 526.3157894730472 105.2631578947298 1894.736842105263
3483 526.3157894730806 210.5263157894599 105.2631578947368
3484 526.3157894730806 210.5263157894599 210.5263157894737
3485 526.3157894730806 210.5263157894599 315.7894736842105
3486 526.3157894730806 210.5263157894599 421.0526315789473
3487 526.3157894730806 210.5263157894599 526.3157894736842
3488 526.3157894730806 210.5263157894599 631.578947368421
3489 526.3157894730806 210.5263157894599 736.8421052631578
3490 526.3157894730806 210.5263157894599 842.1052631578947
3491 526.3157894730806 210.5263157894599 947.3684210526316
3492 526.3157894730806 210.5263157894599 1052.631578947368
3493 526.3157894730806 210.5263157894599 1157.894736842105
3494 526.3157894730806 210.5263157894599 1263.157894736842
3495 526.3157894730806 210.5263157894599 1368.421052631579
3496 526.3157894730806 210.5263157894599 1473.684210526316
3497 526.3157894730806 210.5263157894599 1578.947368421053
3498 526.3157894730806 210.5263157894599 1684.210526315789
3499 526.3157894730806 210.5263157894599 1789.473684210526
3500 526.3157894730806 210.5263157894599 1894.736842105263
3501 526.3157894731141 315.7894736841895 105.2631578947368
3502 526.3157894731141 315.7894736841895 210.5263157894737
3503 526.3157894731141 315.7894736841895 315.7894736842105
3504 526.3157894731141 315.7894736841895 421.0526315789473
3505 526.3157894731141 315.7894736841895 526.3157894736842
3506 526.3157894731141 315.7894736841895 631.578947368421
3507 526.3157894731141 315.7894736841895 736.8421052631578
3508 526.3157894731141 315.7894736841895 842.1052631578947
3509 526.3157894731141 315.7894736841895 947.3684210526316
3510 526.3157894731141 315.7894736841895 1052.631578947368
3511 526.3157894731141 315.7894736841895 1157.894736842105
3512 526.3157894731141 315.7894736841895 1263.157894736842
3513 526.3157894731141 315.7894736841895 1368.421052631579
3514 526.3157894731141 315.7894736841895 1473.684210526316
3515 526.3157894731141 315.7894736841895 1578.947368421053
3516 526.3157894731141 315.7894736841895 1684.210526315789
3517 526.3157894731141 315.7894736841895 1789.473684210526
3518 526.3157894731141 315.7894736841895 1894.736842105263
3519 526.3157894731476 421.0526315789191 105.2631578947368
3520 526.3157894731476 421.0526315789191 210.5263157894737
3521 526.3157894731476 421.0526315789191 315.7894736842105
3522 526.3157894731476 421.0526315789191 421.0526315789473
3523 526.3157894731476 421.0526315789191 526.3157894736842
3524 526.3157894731476 421.0526315789191 631.578947368421
3525 526.3157894731476 421.0526315789191 736.8421052631578
3526 526.3157894731476 421.0526315789191 842.1052631578947
3527 526.3157894731476 421.0526315789191 947.3684210526316
3528 526.3157894731476 421.0526315789191 1052.631578947368
3529 526.3157894731476 421.0526315789191 1157.894736842105
3530 526.3157894731476 421.0526315789191 1263.157894736842
3531 526.3157894731476 421.0526315789191 1368.421052631579
3532 526.3157894731476 421.0526315789191 1473.684210526316
3533 526.3157894731476 421.0526315789191 1578.947368421053
3534 526.3157894731476 421.0526315789191 1684.210526315789
3535 526.3157894731476 421.0526315789191 1789.473684210526
3536 526.3157894731476 421.0526315789191 1894.736842105263
3537 526.3157894731809 526.3157894736491 105.2631578947368
3538 526.3157894731809 526.3157894736491 210.5263157894737
3539 526.3157894731809 526.3157894736491 315.7894736842105
3540 526.3157894731809 526.3157894736491 421.0526315789473
3541 526.3157894731809 526.3157894736491 526.3157894736842
3542 526.3157894731809 526.3157894736491 631.578947368421
3543 526.3157894731809 526.3157894736491 736.8421052631578
3544 526.3157894731809 526.3157894736491 842.1052631578947
3545 526.3157894731809 526.3157894736491 947.3684210526316
3546 526.3157894731809 526.3157894736491 1052.631578947368
3547 526.3157894731809 526.3157894736491 1157.894736842105
3548 526.3157894731809 526.3157894736491 1263.157894736842
3549 526.3157894731809 526.3157894736491 1368.421052631579
3550 526.3157894731809 526.3157894736491 1473.684210526316
3551 526.3157894731809 526.3157894736491 1578.947368421053
3552 526.3157894731809 526.3157894736491 1684.210526315789
3553 526.3157894731809 526.3157894736491 1789.473684210526
3554 526.3157894731809 526.3157894736491 1894.736842105263
3555 526.3157894732144 631.5789473683791 105.2631578947368
3556 526.3157894732144 631.5789473683791 210.5263157894737
3557 526.3157894732144 631.5789473683791 315.7894736842105
3558 526.3157894732144 631.5789473683791 421.0526315789473
3559 526.3157894732144 631.5789473683791 526.3157894736842
3560 526.3157894732144 631.5789473683791 631.578947368421
3561 526.3157894732144 631.5789473683791 736.8421052631578
3562 526.3157894732144 631.5789473683791 842.1052631578947
3563 526.3157894732144 631.5789473683791 947.3684210526316
3564 526.3157894732144 631.5789473683791 1052.631578947368
3565 526.3157894732144 631.5789473683791 1157.894736842105
3566 526.3157894732144 631.5789473683791 1263.157894736842
3567 526.3157894732144 631.5789473683791 1368.421052631579
3568 526.3157894732144 631.5789473683791 1473.684210526316
3569 526.3157894732144 631.5789473683791 1578.947368421053
3570 526.3157894732144 631.5789473683791 1684.210526315789
3571 526.3157894732144 631.5789473683791 1789.473684210526
3572 526.3157894732144 631.5789473683791 1894.736842105263
3573 526.3157894732478 736.8421052631086 105.2631578947368
3574 526.3157894732478 736.8421052631086 210.5263157894737
3575 526.3157894732478 736.8421052631086 315.7894736842105
3576 526.3157894732478 736.8421052631086 421.0526315789473
3577 526.3157894732478 736.8421052631086 526.3157894736842
3578 526.3157894732478 736.8421052631086 631.578947368421
3579 526.3157894732478 736.8421052631086 736.8421052631578
3580 526.3157894732478 736.8421052631086 842.1052631578947
3581 526.3157894732478 736.8421052631086 947.3684210526316
3582 526.3157894732478 736.8421052631086 1052.631578947368
3583 526.3157894732478 736.8421052631086 1157.894736842105
3584 526.3157894732478 736.8421052631086 1263.157894736842
3585 526.3157894732478 736.8421052631086 1368.421052631579
3586 526.3157894732478 736.8421052631086 1473.684210526316
3587 526.3157894732478 736.8421052631086 1578.947368421053
3588 526.3157894732478 736.8421052631086 1684.210526315789
3589 526.3157894732478 736.8421052631086 1789.473684210526
3590 526.3157894732478 736.8421052631086 1894.736842105263
3591 526.3157894732814 842.1052631578384 105.2631578947368
3592 526.3157894732814 842.1052631578384 210.5263157894737
3593 526.3157894732814 842.1052631578384 315.7894736842105
3594 526.3157894732814 842.1052631578384 421.0526315789473
3595 526.3157894732814 842.1052631578384 526.3157894736842
3596 526.3157894732814 842.1052631578384 631.578947368421
3597 526.3157894732814 842.1052631578384 736.8421052631578
3598 526.3157894732814 842.1052631578384 842.1052631578947
3599 526.3157894732814 842.1052631578384 947.3684210526316
3600 526.3157894732814 842.1052631578384 1052.631578947368
3601 526.3157894732814 842.1052631578384 1157.894736842105
3602 526.3157894732814 842.1052631578384 1263.157894736842
3603 526.3157894732814 842.1052631578384 1368.421052631579
3604 526.3157894732814 842.1052631578384 1473.684210526316
3605 526.3157894732814 842.1052631578384 1578.947368421053
3606 526.3157894732814 842.1052631578384 1684.210526315789
3607 526.3157894732814 842.1052631578384 1789.473684210526
3608 526.3157894732814 842.1052631578384 1894.736842105263
3609 526.3157894733148 947.3684210525685 105.2631578947368
3610 526.3157894733148 947.3684210525685 210.5263157894737
3611 526.3157894733148 947.3684210525685 315.7894736842105
3612 526.3157894733148 947.3684210525685 421.0526315789473
3613 526.3157894733148 947.3684210525685 526.3157894736842
3614 526.3157894733148 947.3684210525685 631.578947368421
3615 526.3157894733148 947.3684210525685 736.8421052631578
3616 526.3157894733148 947.3684210525685 842.1052631578947
3617 526.3157894733148 947.3684210525685 947.3684210526316
3618 526.3157894733148 947.3684210525685 1052.631578947368
3619 526.3157894733148 947.3684210525685 1157.894736842105
3620 526.3157894733148 947.3684210525685 1263.157894736842
3621 526.3157894733148 947.3684210525685 1368.421052631579
3622 526.3157894733148 947.3684210525685 1473.684210526316
3623 526.3157894733148 947.3684210525685 1578.947368421053
3624 526.3157894733148 947.3684210525685 1684.210526315789
3625 526.3157894733148 947.3684210525685 1789.473684210526
3626 526.3157894733148 947.3684210525685 1894.736842105263
3627 526.3157894733483 1052.631578947432 105.2631578947368
3628 526.3157894733483 1052.631578947432 210.5263157894737
3629 526.3157894733483 1052.631578947432 315.7894736842105
3630 526.3157894733483 1052.631578947432 421.0526315789473
3631 526.3157894733483 1052.631578947432 526.3157894736842
3632 526.3157894733483 1052.631578947432 631.578947368421
3633 526.3157894733483 1052.631578947432 736.8421052631578
3634 526.3157894733483 1052.631578947432 842.1052631578947
3635 526.3157894733483 1052.631578947432 947.3684210526316
3636 526.3157894733483 1052.631578947432 1052.631578947368
3637 526.3157894733483 1052.631578947432 1157.894736842105
3638 526.3157894733483 1052.631578947432 1263.157894736842
3639 526.3157894733483 1052.631578947432 1368.421052631579
3640 526.3157894733483 1052.631578947432 1473.684210526316
3641 526.3157894733483 1052.631578947432 1578.947368421053
3642 526.3157894733483 1052.631578947432 1684.210526315789
3643 526.3157894733483 1052.631578947432 1789.473684210526
3644 526.3157894733483 1052.631578947432 1894.736842105263
3645 526.3157894733816 1157.894736842161 105.2631578947368
3646 526.3157894733816 1157.894736842161 210.5263157894737
3647 526.3157894733816 1157.894736842161 315.7894736842105
3648 526.3157894733816 1157.894736842161 421.0526315789473
3649 526.3157894733816 1157.894736842161 526.3157894736842
3650 526.3157894733816 1157.894736842161 631.578947368421
3651 526.3157894733816 1157.894736842161 736.8421052631578
3652 526.3157894733816 1157.894736842161 842.1052631578947
3653 526.3157894733816 1157.894736842161 947.3684210526316
3654 526.3157894733816 1157.894736842161 1052.631578947368
3655 526.3157894733816 1157.894736842161 1157.894736842105
3656 526.3157894733816 1157.894736842161 1263.157894736842
3657 526.3157894733816 1157.894736842161 1368.421052631579
3658 526.3157894733816 1157.894736842161 1473.684210526316
3659 526.3157894733816 1157.894736842161 1578.947368421053
3660 526.3157894733816 1157.894736842161 1684.210526315789
3661 526.3157894733816 1157.894736842161 1789.473684210526
3662 526.3157894733816 1157.894736842161 1894.736842105263
3663 526.3157894734152 1263.157894736891 105.2631578947368
3664 526.3157894734152 1263.157894736891 210.5263157894737
3665 526.3157894734152 1263.157894736891 315.7894736842105
3666 526.3157894734152 1263.157894736891 421.0526315789473
3667 526.3157894734152 1263.157894736891 526.3157894736842
3668 526.3157894734152 1263.157894736891 631.578947368421
3669 526.3157894734152 1263.157894736891 736.8421052631578
3670 526.3157894734152 1263.157894736891 842.1052631578947
3671 526.3157894734152 1263.157894736891 947.3684210526316
3672 526.3157894734152 1263.157894736891 1052.631578947368
3673 526.3157894734152 1263.157894736891 1157.894736842105
3674 526.3157894734152 1263.157894736891 1263.157894736842
3675 526.3157894734152 1263.157894736891 1368.421052631579
3676 526.3157894734152 1263.157894736891 1473.684210526316
3677 526.3157894734152 1263.157894736891 1578.947368421053
3678 526.3157894734152 1263.157894736891 1684.210526315789
3679 526.3157894734152 1263.157894736891 1789.473684210526
3680 526.3157894734152 1263.157894736891 1894.736842105263
3681 526.3157894734486 1368.421052631621 105.2631578947368
3682 526.3157894734486 1368.421052631621 210.5263157894737
3683 526.3157894734486 1368.421052631621 315.7894736842105
3684 526.3157894734486 1368.421052631621 421.0526315789473
3685 526.3157894734486 1368.421052631621 526.3157894736842
3686 526.3157894734486 1368.421052631621 631.578947368421
3687 526.3157894734486 1368.421052631621 736.8421052631578
3688 526.3157894734486 1368.421052631621 842.1052631578947
3689 526.3157894734486 1368.421052631621 947.3684210526316
3690 526.3157894734486 1368.421052631621 1052.631578947368
3691 526.3157894734486 1368.421052631621 1157.894736842105
3692 526.3157894734486 1368.421052631621 1263.157894736842
3693 526.3157894734486 1368.421052631621 1368.421052631579
3694 526.3157894734486 1368.421052631621 1473.684210526316
3695 526.3157894734486 1368.421052631621 1578.947368421053
3696 526.3157894734486 1368.421052631621 1684.210526315789
3697 526.3157894734486 1368.421052631621 1789.473684210526
3698 526.3157894734486 1368.421052631621 1894.736842105263
3699 526.3157894734819 1473.68421052635 105.2631578947368
3700 526.3157894734819 1473.68421052635 210.5263157894737
3701 526.3157894734819 1473.68421052635 315.7894736842105
3702 526.3157894734819 1473.68421052635 421.0526315789473
3703 526.3157894734819 1473.68421052635 526.3157894736842
3704 526.3157894734819 1473.68421052635 631.578947368421
3705 526.3157894734819 1473.68421052635 736.8421052631578
3706 526.3157894734819 1473.68421052635 842.1052631578947
3707 526.3157894734819 1473.68421052635 947.3684210526316
3708 526.3157894734819 1473.68421052635 1052.631578947368
3709 526.3157894734819 1473.68421052635 1157.894736842105
3710 526.3157894734819 1473.68421052635 1263.157894736842
3711 526.3157894734819 1473.68421052635 1368.421052631579
3712 526.3157894734819 1473.68421052635 1473.684210526316
3713 526.3157894734819 1473.68421052635 1578.947368421053
3714 526.3157894734819 1473.68421052635 1684.210526315789
3715 526.3157894734819 1473.68421052635 1789.473684210526
3716 526.3157894734819 1473.68421052635 1894.736842105263
3717 526.3157894735153 1578.947368421081 105.2631578947368
3718 526.3157894735153 1578.947368421081 210.5263157894737
3719 526.3157894735153 1578.947368421081 315.7894736842105
3720 526.3157894735153 1578.947368421081 421.0526315789473
3721 526.3157894735153 1578.947368421081 526.3157894736842
3722 526.3157894735153 1578.947368421081 631.578947368421
3723 526.3157894735153 1578.947368421081 736.8421052631578
3724 526.3157894735153 1578.947368421081 842.1052631578947
3725 526.3157894735153 1578.947368421081 947.3684210526316
3726 526.3157894735153 1578.947368421081 1052.631578947368
3727 526.3157894735153 1578.947368421081 1157.894736842105
3728 526.3157894735153 1578.947368421081 1263.157894736842
3729 526.3157894735153 1578.947368421081 1368.421052631579
3730 526.3157894735153 1578.947368421081 1473.684210526316
3731 526.3157894735153 1578.947368421081 1578.947368421053
3732 526.3157894735153 1578.947368421081 1684.210526315789
3733 526.3157894735153 1578.947368421081 1789.473684210526
3734 526.3157894735153 1578.947368421081 1894.736842105263
3735 526.3157894735488 1684.21052631581 105.2631578947368
3736 526.3157894735488 1684.21052631581 210.5263157894737
3737 526.3157894735488 1684.21052631581 315.7894736842105
3738 526.3157894735488 1684.21052631581 421.0526315789473
3739 526.3157894735488 1684.21052631581 526.3157894736842
3740 526.3157894735488 1684.21052631581 631.578947368421
3741 526.3157894735488 1684.21052631581 736.8421052631578
3742 526.3157894735488 1684.21052631581 842.1052631578947
3743 526.3157894735488 1684.21052631581 947.3684210526316
3744 526.3157894735488 1684.21052631581 1052.631578947368
3745 526.3157894735488 1684.21052631581 1157.894736842105
3746 526.3157894735488 1684.21052631581 1263.157894736842
3747 526.3157894735488 1684.21052631581 1368.421052631579
3748 526.3157894735488 1684.21052631581 1473.684210526316
3749 526.3157894735488 1684.21052631581 1578.947368421053
3750 526.3157894735488 1684.21052631581 1684.210526315789
3751 526.3157894735488 1684.21052631581 1789.473684210526
3752 526.3157894735488 1684.21052631581 1894.736842105263
3753 526.3157894735822 1789.47368421054 105.2631578947368
3754 526.3157894735822 1789.47368421054 210.5263157894737
3755 526.3157894735822 1789.47368421054 315.7894736842105
3756 526.3157894735822 1789.47368421054 421.0526315789473
3757 526.3157894735822 1789.47368421054 526.3157894736842
3758 526.3157894735822 1789.47368421054 631.578947368421
3759 526.3157894735822 1789.47368421054 736.8421052631578
3760 526.3157894735822 1789.47368421054 842.1052631578947
3761 526.3157894735822 1789.47368421054 947.3684210526316
3762 526.3157894735822 1789.47368421054 1052.631578947368
3763 526.3157894735822 1789.47368421054 1157.894736842105
3764 526.3157894735822 1789.47368421054 1263.157894736842
3765 526.3157894735822 1789.47368421054 1368.421052631579
3766 526.3157894735822 1789.47368421054 1473.684210526316
3767 526.3157894735822 1789.47368421054 1578.947368421053
3768 526.3157894735822 1789.47368421054 1684.210526315789
3769 526.3157894735822 1789.47368421054 1789.473684210526
3770 526.3157894735822 1789.47368421054 1894.736842105263
3771 526.3157894736158 1894.73684210527 105.2631578947368
3772 526.3157894736158 1894.73684210527 210.5263157894737
3773 526.3157894736158 1894.73684210527 315.7894736842105
3774 526.3157894736158 1894.73684210527 421.0526315789473
3775 526.3157894736158 1894.73684210527 526.3157894736842
3776 526.3157894736158 1894.73684210527 631.578947368421
3777 526.3157894736158 1894.73684210527 736.8421052631578
3778 526.3157894736158 1894.73684210527 842.1052631578947
3779 526.3157894736158 1894.73684210527 947.3684210526316
3780 526.3157894736158 1894.73684210527 1052.631578947368
3781 526.3157894736158 1894.73684210527 1157.894736842105
3782 526.3157894736158 1894.73684210527 1263.157894736842
3783 526.3157894736158 1894.73684210527 1368.421052631579
3784 526.3157894736158 1894.73684210527 1473.684210526316
3785 526.3157894736158 1894.73684210527 1578.947368421053
3786 526.3157894736158 1894.73684210527 1684.210526315789
3787 526.3157894736158 1894.73684210527 1789.473684210526
3788 526.3157894736158 1894.73684210527 1894.736842105263
3789 631.5789473678204 105.2631578947298 105.2631578947368
3790 631.5789473678204 105.2631578947298 210.5263157894737
3791 631.5789473678204 105.2631578947298 315.7894736842105
3792 631.5789473678204 105.2631578947298 421.0526315789473
3793 631.5789473678204 105.2631578947298 526.3157894736842
3794 631.5789473678204 105.2631578947298 631.578947368421
3795 631.5789473678204 105.2631578947298 736.8421052631578
3796 631.5789473678204 105.2631578947298 842.1052631578947
3797 631.5789473678204 105.2631578947298 947.3684210526316
3798 631.5789473678204 105.2631578947298 1052.631578947368
3799 631.5789473678204 105.2631578947298 1157.894736842105
3800 631.5789473678204 105.2631578947298 1263.157894736842
3801 631.5789473678204 105.2631578947298 1368.421052631579
3802 631.5789473678204 105.2631578947298 1473.684210526316
3803 631.5789473678204 105.2631578947298 1578.947368421053
3804 631.5789473678204 105.2631578947298 1684.210526315789
3805 631.5789473678204 105.2631578947298 1789.473684210526
3806 631.5789473678204 105.2631578947298 1894.736842105263
3807 631.5789473678517 210.5263157894599 105.2631578947368
3808 631.5789473678517 210.5263157894599 210.5263157894737
3809 631.5789473678517 210.5263157894599 315.7894736842105
3810 631.5789473678517 210.5263157894599 421.0526315789473
3811 631.5789473678517 210.5263157894599 526.3157894736842
3812 631.5789473678517 210.5263157894599 631.578947368421
3813 631.5789473678517 210.5263157894599 736.8421052631578
3814 631.5789473678517 210.5263157894599 842.1052631578947
3815 631.5789473678517 210.5263157894599 947.3684210526316
3816 631.5789473678517 210.5263157894599 1052.631578947368
3817 631.5789473678517 210.5263157894599 1157.894736842105
3818 631.5789473678517 210.5263157894599 1263.157894736842
3819 631.5789473678517 210.5263157894599 1368.421052631579
3820 631.5789473678517 210.5263157894599 1473.684210526316
3821 631.5789473678517 210.5263157894599 1578.947368421053
3822 631.5789473678517 210.5263157894599 1684.210526315789
3823 631.5789473678517 210.5263157894599 1789.473684210526
3824 631.5789473678517 210.5263157894599 1894.736842105263
3825 631.5789473678825 315.7894736841895 105.2631578947368
3826 631.5789473678825 315.7894736841895 210.5263157894737
3827 631.5789473678825 315.7894736841895 315.7894736842105
3828 631.5789473678825 315.7894736841895 421.0526315789473
3829 631.5789473678825 315.7894736841895 526.3157894736842
3830 631.5789473678825 315.7894736841895 631.578947368421
3831 631.5789473678825 315.7894736841895 736.8421052631578
3832 631.5789473678825 315.7894736841895 842.1052631578947
3833 631.5789473678825 315.7894736841895 947.3684210526316
3834 631.5789473678825 315.7894736841895 1052.631578947368
3835 631.5789473678825 315.7894736841895 1157.894736842105
3836 631.5789473678825 315.7894736841895 1263.157894736842
3837 631.5789473678825 315.7894736841895 1368.421052631579
3838 631.5789473678825 315.7894736841895 1473.684210526316
3839 631.5789473678825 315.7894736841895 1578.947368421053
3840 631.5789473678825 315.7894736841895 1684.210526315789
3841 631.5789473678825 315.7894736841895 1789.473684210526
3842 631.5789473678825 315.7894736841895 1894.736842105263
3843 631.5789473679135 421.0526315789191 105.2631578947368
3844 631.5789473679135 421.0526315789191 210.5263157894737
3845 631.5789473679135 421.0526315789191 315.7894736842105
3846 631.5789473679135 421.0526315789191 421.0526315789473
3847 631.5789473679135 421.0526315789191 526.3157894736842
3848 631.5789473679135 421.0526315789191 631.578947368421
3849 631.5789473679135 421.0526315789191 736.8421052631578
3850 631.5789473679135 421.0526315789191 842.1052631578947
3851 631.5789473679135 421.0526315789191 947.3684210526316
3852 631.5789473679135 421.0526315789191 1052.631578947368
3853 631.5789473679135 421.0526315789191 1157.894736842105
3854 631.5789473679135 421.0526315789191 1263.157894736842
3855 631.5789473679135 421.0526315789191 1368.421052631579
3856 631.5789473679135 421.0526315789191 1473.684210526316
3857 631.5789473679135 421.0526315789191 1578.947368421053
3858 631.5789473679135 421.0526315789191 1684.210526315789
3859 631.5789473679135 421.0526315789191 1789.473684210526
3860 631.5789473679135 421.0526315789191 1894.736842105263
3861 631.5789473679445 526.3157894736491 105.2631578947368
3862 631.5789473679445 526.3157894736491 210.5263157894737
3863 631.5789473679445 526.3157894736491 315.7894736842105
3864 631.5789473679445 526.3157894736491 421.0526315789473
3865 631.5789473679445 526.3157894736491 526.3157894736842
3866 631.5789473679445 526.3157894736491 631.578947368421
3867 631.5789473679445 526.3157894736491 736.8421052631578
3868 631.5789473679445 526.3157894736491 842.1052631578947
3869 631.5789473679445 526.3157894736491 947.3684210526316
3870 631.5789473679445 526.3157894736491 1052.631578947368
3871 631.5789473679445 526.3157894736491 1157.894736842105
3872 631.5789473679445 526.3157894736491 1263.157894736842
3873 631.5789473679445 526.3157894736491 1368.421052631579
3874 631.5789473679445 526.3157894736491 1473.684210526316
3875 631.5789473679445 526.3157894736491 1578.947368421053
3876 631.5789473679445 526.3157894736491 1684.210526315789
3877 631.5789473679445 526.3157894736491 1789.473684210526
3878 631.5789473679445 526.3157894736491 1894.736842105263
3879 631.5789473679756 631.578947368379 105.2631578947368
3880 631.5789473679756 631.578947368379 210.5263157894737
3881 631.5789473679756 631.578947368379 315.7894736842105
3882 631.5789473679756 631.578947368379 421.0526315789473
3883 631.5789473679756 631.578947368379 526.3157894736842
3884 631.5789473679756 631.578947368379 631.578947368421
3885 631.5789473679756 631.578947368379 736.8421052631578
3886 631.5789473679756 631.578947368379 842.1052631578947
3887 631.5789473679756 631.578947368379 947.3684210526316
3888 631.5789473679756 631.578947368379 1052.631578947368
3889 631.5789473679756 631.578947368379 1157.894736842105
3890 631.5789473679756 631.578947368379 1263.157894736842
3891 631.5789473679756 631.578947368379 1368.421052631579
3892 631.5789473679756 631.578947368379 1473.684210526316
3893 631.5789473679756 631.578947368379 1578.947368421053
3894 631.5789473679756 631.578947368379 1684.210526315789
3895 631.5789473679756 631.578947368379 1789.473684210526
3896 631.5789473679756 631.578947368379 1894.736842105263
3897 631.5789473680065 736.8421052631086 105.2631578947368
3898 631.5789473680065 736.8421052631086 210.5263157894737
3899 631.5789473680065 736.8421052631086 315.7894736842105
3900 631.5789473680065 736.8421052631086 421.0526315789473
3901 631.5789473680065 736.8421052631086 526.3157894736842
3902 631.5789473680065 736.8421052631086 631.578947368421
3903 631.5789473680065 736.8421052631086 736.8421052631578
3904 631.5789473680065 736.8421052631086 842.1052631578947
3905 631.5789473680065 736.8421052631086 947.3684210526316
3906 631.5789473680065 736.8421052631086 1052.631578947368
3907 631.5789473680065 736.8421052631086 1157.894736842105
3908 631.5789473680065 736.8421052631086 1263.157894736842
3909 631.5789473680065 736.8421052631086 1368.421052631579
3910 631.5789473680065 736.8421052631086 1473.684210526316
3911 631.5789473680065 736.8421052631086 1578.947368421053
3912 631.5789473680065 736.8421052631086 1684.210526315789
3913 631.5789473680065 736.8421052631086 1789.473684210526
3914 631.5789473680065 736.8421052631086 1894.736842105263
3915 631.5789473680378 842.1052631578384 105.2631578947368
3916 631.5789473680378 842.1052631578384 210.5263157894737
3917 631.5789473680378 842.1052631578384 315.7894736842105
3918 631.5789473680378 842.1052631578384 421.0526315789473
3919 631.5789473680378 842.1052631578384 526.3157894736842
3920 631.5789473680378 842.1052631578384 631.578947368421
3921 631.5789473680378 842.1052631578384 736.8421052631578
3922 631.5789473680378 842.1052631578384 842.1052631578947
3923 631.5789473680378 842.1052631578384 947.3684210526316
3924 631.5789473680378 842.1052631578384 1052.631578947368
3925 631.5789473680378 842.1052631578384 1157.894736842105
3926 631.5789473680378 842.1052631578384 1263.157894736842
3927 631.5789473680378 842.1052631578384 1368.421052631579
3928 631.5789473680378 842.1052631578384 1473.684210526316
3929 631.5789473680378 842.1052631578384 1578.947368421053
3930 631.5789473680378 842.1052631578384 1684.210526315789
3931 631.5789473680378 842.1052631578384 1789.473684210526
3932 631.5789473680378 842.1052631578384 1894.736842105263
3933 631.5789473680686 947.3684210525685 105.2631578947368
3934 631.5789473680686 947.3684210525685 210.5263157894737
3935 631.5789473680686 947.3684210525685 315.7894736842105
3936 631.5789473680686 947.3684210525685 421.0526315789473
3937 631.5789473680686 947.3684210525685 526.3157894736842
3938 631.5789473680686 947.3684210525685 631.578947368421
3939 631.5789473680686 947.3684210525685 736.8421052631578
3940 631.5789473680686 947.3684210525685 842.1052631578947
3941 631.5789473680686 947.3684210525685 947.3684210526316
3942 631.5789473680686 947.3684210525685 1052.631578947368
3943 631.5789473680686 947.3684210525685 1157.894736842105
3944 631.5789473680686 947.3684210525685 1263.157894736842
3945 631.5789473680686 947.3684210525685 1368.421052631579
3946 631.5789473680686 947.3684210525685 1473.684210526316
3947 631.5789473680686 947.3684210525685 1578.947368421053
3948 631.5789473680686 947.3684210525685 1684.210526315789
3949 631.5789473680686 947.3684210525685 1789.473684210526
3950 631.5789473680686 947.3684210525685 1894.736842105263
3951 631.5789473680996 1052.631578947431 105.2631578947368
3952 631.5789473680996 1052.631578947431 210.5263157894737
3953 631.5789473680996 1052.631578947431 315.7894736842105
3954 631.5789473680996 1052.631578947431 421.0526315789473
3955 631.5789473680996 1052.631578947431 526.3157894736842
3956 631.5789473680996 1052.631578947431 631.578947368421
3957 631.5789473680996 1052.631578947431 736.8421052631578
3958 631.5789473680996 1052.631578947431 842.1052631578947
3959 631.5789473680996 1052.631578947431 947.3684210526316
3960 631.5789473680996 1052.631578947431 1052.631578947368
3961 631.5789473680996 1052.631578947431 1157.894736842105
3962 631.5789473680996 1052.631578947431 1263.157894736842
3963 631.5789473680996 1052.631578947431 1368.421052631579
3964 631.5789473680996 1052.631578947431 1473.684210526316
3965 631.5789473680996 1052.631578947431 1578.947368421053
3966 631.5789473680996 1052.631578947431 1684.210526315789
3967 631.5789473680996 1052.631578947431 1789.473684210526
3968 631.5789473680996 1052.631578947431 1894.736842105263
3969 631.5789473681308 1157.894736842161 105.2631578947368
3970 631.5789473681308 1157.894736842161 210.5263157894737
3971 631.5789473681308 1157.894736842161 315.7894736842105
3972 631.5789473681308 1157.894736842161 421.0526315789473
3973 631.5789473681308 1157.894736842161 526.3157894736842
3974 631.5789473681308 1157.894736842161 631.578947368421
3975 631.5789473681308 1157.894736842161 736.8421052631578
3976 631.5789473681308 1157.894736842161 842.1052631578947
3977 631.5789473681308 1157.894736842161 947.3684210526316
3978 631.5789473681308 1157.894736842161 1052.631578947368
3979 631.5789473681308 1157.894736842161 1157.894736842105
3980 631.5789473681308 1157.894736842161 1263.157894736842
3981 631.5789473681308 1157.894736842161 1368.421052631579
3982 631.5789473681308 1157.894736842161 1473.684210526316
3983 631.5789473681308 1157.894736842161 1578.947368421053
3984 631.5789473681308 1157.894736842161 1684.210526315789
3985 631.5789473681308 1157.894736842161 1789.473684210526
3986 631.5789473681308 1157.894736842161 1894.736842105263
3987 631.5789473681617 1263.157894736891 105.2631578947368
3988 631.5789473681617 1263.157894736891 210.5263157894737
3989 631.5789473681617 1263.157894736891 315.7894736842105
3990 631.5789473681617 1263.157894736891 421.0526315789473
3991 631.5789473681617 1263.157894736891 526.3157894736842
3992 631.5789473681617 1263.157894736891 631.578947368421
3993 631.5789473681617 1263.157894736891 736.8421052631578
3994 631.5789473681617 1263.157894736891 842.1052631578947
3995 631.5789473681617 1263.157894736891 947.3684210526316
3996 631.5789473681617 1263.157894736891 1052.631578947368
3997 631.5789473681617 1263.157894736891 1157.894736842105
3998 631.5789473681617 1263.157894736891 1263.157894736842
3999 631.5789473681617 1263.157894736891 1368.421052631579
4000 631.5789473681617 1263.157894736891 1473.684210526316
4001 631.5789473681617 1263.157894736891 1578.947368421053
4002 631.5789473681617 1263.157894736891 1684.210526315789
4003 631.5789473681617 1263.157894736891 1789.473684210526
4004 631.5789473681617 1263.157894736891 1894.736842105263
4005 631.5789473681929 1368.421052631621 105.2631578947368
4006 631.5789473681929 1368.421052631621 210.5263157894737
4007 631.5789473681929 1368.421052631621 315.7894736842105
4008 631.5789473681929 1368.421052631621 421.0526315789473
4009 631.5789473681929 1368.421052631621 526.3157894736842
4010 631.5789473681929 1368.421052631621 631.578947368421
4011 631.5789473681929 1368.421052631621 736.8421052631578
4012 631.5789473681929 1368.421052631621 842.1052631578947
4013 631.5789473681929 1368.421052631621 947.3684210526316
4014 631.5789473681929 1368.421052631621 1052.631578947368
4015 631.5789473681929 1368.421052631621 1157.894736842105
4016 631.5789473681929 1368.421052631621 1263.157894736842
4017 631.5789473681929 1368.421052631621 1368.421052631579
4018 631.5789473681929 1368.421052631621 1473.684210526316
4019 631.5789473681929 1368.421052631621 1578.947368421053
4020 631.5789473681929 1368.421052631621 1684.210526315789
4021 631.5789473681929 1368.421052631621 1789.473684210526
4022 631.5789473681929 1368.421052631621 1894.736842105263
4023 631.5789473682238 1473.684210526351 105.2631578947368
4024 631.5789473682238 1473.684210526351 210.5263157894737
4025 631.5789473682238 1473.684210526351 315.7894736842105
4026 631.5789473682238 1473.684210526351 421.0526315789473
4027 631.5789473682238 1473.684210526351 526.3157894736842
4028 631.5789473682238 1473.684210526351 631.578947368421
4029 631.5789473682238 1473.684210526351 736.8421052631578
4030 631.5789473682238 1473.684210526351 842.1052631578947
4031 631.5789473682238 1473.684210526351 947.3684210526316
4032 631.5789473682238 1473.684210526351 1052.631578947368
4033 631.5789473682238 1473.684210526351 1157.894736842105
4034 631.5789473682238 1473.684210526351 1263.157894736842
4035 631.5789473682238 1473.684210526351 1368.421052631579
4036 631.5789473682238 1473.684210526351 1473.684210526316
4037 631.5789473682238 1473.684210526351 1578.947368421053
4038 631.5789473682238 1473.684210526351 1684.210526315789
4039 631.5789473682238 1473.684210526351 1789.473684210526
4040 631.5789473682238 1473.684210526351 1894.736842105263
4041 631.5789473682547 1578.94736842108 105.2631578947368
4042 631.5789473682547 1578.94736842108 210.5263157894737
4043 631.5789473682547 1578.94736842108 315.7894736842105
4044 631.5789473682547 1578.94736842108 421.0526315789473
4045 631.5789473682547 1578.94736842108 526.3157894736842
4046 631.5789473682547 1578.94736842108 631.578947368421
4047 631.5789473682547 1578.94736842108 736.8421052631578
4048 631.5789473682547 1578.94736842108 842.1052631578947
4049 631.5789473682547 1578.94736842108 947.3684210526316
4050 631.5789473682547 1578.94736842108 1052.631578947368
4051 631.5789473682547 1578.94736842108 1157.894736842105
4052 631.5789473682547 1578.94736842108 1263.157894736842
4053 631.5789473682547 1578.94736842108 1368.421052631579
4054 631.5789473682547 1578.94736842108 1473.684210526316
4055 631.5789473682547 1578.94736842108 1578.947368421053
4056 631.5789473682547 1578.94736842108 1684.210526315789
4057 631.5789473682547 1578.94736842108 1789.473684210526
4058 631.5789473682547 1578.94736842108 1894.736842105263
4059 631.578947368286 1684.210526315811 105.2631578947368
4060 631.578947368286 1684.210526315811 210.5263157894737
4061 631.578947368286 1684.210526315811 315.7894736842105
4062 631.578947368286 1684.210526315811 421.0526315789473
4063 631.578947368286 1684.210526315811 526.3157894736842
4064 631.578947368286 1684.210526315811 631.578947368421
4065 631.578947368286 1684.210526315811 736.8421052631578
4066 631.578947368286 1684.210526315811 842.1052631578947
4067 631.578947368286 1684.210526315811 947.3684210526316
4068 631.578947368286 1684.210526315811 1052.631578947368
4069 631.578947368286 1684.210526315811 1157.894736842105
4070 631.578947368286 1684.210526315811 1263.157894736842
4071 631.578947368286 1684.210526315811 1368.421052631579
4072 631.578947368286 1684.210526315811 1473.684210526316
4073 631.578947368286 1684.210526315811 1578.947368421053
4074 631.578947368286 1684.210526315811 1684.210526315789
4075 631.578947368286 1684.210526315811 1789.473684210526
4076 631.578947368286 1684.210526315811 1894.736842105263
4077 631.5789473683171 1789.47368421054 105.2631578947368
4078 631.5789473683171 1789.47368421054 210.5263157894737
4079 631.5789473683171 1789.47368421054 315.7894736842105
4080 631.5789473683171 1789.47368421054 421.0526315789473
4081 631.5789473683171 1789.47368421054 526.3157894736842
4082 631.5789473683171 1789.47368421054 631.578947368421
4083 631.5789473683171 1789.47368421054 736.8421052631578
4084 631.5789473683171 1789.47368421054 842.1052631578947
4085 631.5789473683171 1789.47368421054 947.3684210526316
4086 631.5789473683171 1789.47368421054 1052.631578947368
4087 631.5789473683171 1789.47368421054 1157.894736842105
4088 631.5789473683171 1789.47368421054 1263.157894736842
4089 631.5789473683171 1789.47368421054 1368.421052631579
4090 631.5789473683171 1789.47368421054 1473.684210526316
4091 631.5789473683171 1789.47368421054 1578.947368421053
4092 631.5789473683171 1789.47368421054 1684.210526315789
4093 631.5789473683171 1789.47368421054 1789.473684210526
4094 631.5789473683171 1789.47368421054 1894.736842105263
4095 631.5789473683479 1894.73684210527 105.2631578947368
4096 631.5789473683479 1894.73684210527 210.5263157894737
4097 631.5789473683479 1894.73684210527 315.7894736842105
4098 631.5789473683479 1894.73684210527 421.0526315789473
4099 631.5789473683479 1894.73684210527 526.3157894736842
4100 631.5789473683479 1894.73684210527 631.578947368421
4101 631.5789473683479 1894.73684210527 736.8421052631578
4102 631.5789473683479 1894.73684210527 842.1052631578947
4103 631.5789473683479 1894.73684210527 947.3684210526316
4104 631.5789473683479 1894.73684210527 1052.631578947368
4105 631.5789473683479 1894.73684210527 1157.894736842105
4106 631.5789473683479 1894.73684210527 1263.157894736842
4107 631.5789473683479 1894.73684210527 1368.421052631579
4108 631.5789473683479 1894.73684210527 1473.684210526316
4109 631.5789473683479 1894.73684210527 1578.947368421053
4110 631.5789473683479 1894.73684210527 1684.210526315789
4111 631.5789473683479 1894.73684210527 1789.473684210526
4112 631.5789473683479 1894.73684210527 1894.736842105263
4113 736.8421052625938 105.2631578947298 105.2631578947368
4114 736.8421052625938 105.2631578947298 210.5263157894737
4115 736.8421052625938 105.2631578947298 315.7894736842105
4116 736.8421052625938 105.2631578947298 421.0526315789473
4117 736.8421052625938 105.2631578947298 526.3157894736842
4118 736.8421052625938 105.2631578947298 631.578947368421
4119 736.8421052625938 105.2631578947298 736.8421052631578
4120 736.8421052625938 105.2631578947298 842.1052631578947
4121 736.8421052625938 105.2631578947298 947.3684210526316
4122 736.8421052625938 105.2631578947298 1052.631578947368
4123 736.8421052625938 105.2631578947298 1157.894736842105
4124 736.8421052625938 105.2631578947298 1263.157894736842
4125 736.8421052625938 105.2631578947298 1368.421052631579
4126 736.8421052625938 105.2631578947298 1473.684210526316
4127 736.8421052625938 105.2631578947298 1578.947368421053
4128 736.8421052625938 105.2631578947298 1684.210526315789
4129 736.8421052625938 105.2631578947298 1789.473684210526
4130 736.8421052625938 105.2631578947298 1894.736842105263
4131 736.8421052626225 210.5263157894599 105.2631578947368
4132 736.8421052626225 210.5263157894599 210.5263157894737
4133 736.8421052626225 210.5263157894599 315.7894736842105
4134 736.8421052626225 210.5263157894599 421.0526315789473
4135 736.8421052626225 210.5263157894599 526.3157894736842
4136 736.8421052626225 210.5263157894599 631.578947368421
4137 736.8421052626225 210.5263157894599 736.8421052631578
4138 736.8421052626225 210.5263157894599 842.1052631578947
4139 736.8421052626225 210.5263157894599 947.3684210526316
4140 736.8421052626225 210.5263157894599 1052.631578947368
4141 736.8421052626225 210.5263157894599 1157.894736842105
4142 736.8421052626225 210.5263157894599 1263.157894736842
4143 736.8421052626225 210.5263157894599 1368.421052631579
4144 736.8421052626225 210.5263157894599 1473.684210526316
4145 736.8421052626225 210.5263157894599 1578.947368421053
4146 736.8421052626225 210.5263157894599 1684.210526315789
4147 736.8421052626225 210.5263157894599 1789.473684210526
4148 736.8421052626225 210.5263157894599 1894.736842105263
4149 736.842105262651 315.7894736841895 105.2631578947368
4150 736.842105262651 315.7894736841895 210.5263157894737
4151 736.842105262651 315.7894736841895 315.7894736842105
4152 736.842105262651 315.7894736841895 421.0526315789473
4153 736.842105262651 315.7894736841895 526.3157894736842
4154 736.842105262651 315.7894736841895 631.578947368421
4155 736.842105262651 315.7894736841895 736.8421052631578
4156 736.842105262651 315.7894736841895 842.1052631578947
4157 736.842105262651 315.7894736841895 947.3684210526316
4158 736.842105262651 315.7894736841895 1052.631578947368
4159 736.842105262651 315.7894736841895 1157.894736842105
4160 736.842105262651 315.7894736841895 1263.157894736842
4161 736.842105262651 315.7894736841895 1368.421052631579
4162 736.842105262651 315.7894736841895 1473.684210526316
4163 736.842105262651 315.7894736841895 1578.947368421053
4164 736.842105262651 315.7894736841895 1684.210526315789
4165 736.842105262651 315.7894736841895 1789.473684210526
4166 736.842105262651 315.7894736841895 1894.736842105263
4167 736.8421052626796 421.0526315789191 105.2631578947368
4168 736.8421052626796 421.0526315789191 210.5263157894737
4169 736.8421052626796 421.0526315789191 315.7894736842105
4170 736.8421052626796 421.0526315789191 421.0526315789473
4171 736.8421052626796 421.0526315789191 526.3157894736842
4172 736.8421052626796 421.0526315789191 631.578947368421
4173 736.8421052626796 421.0526315789191 736.8421052631578
4174 736.8421052626796 421.0526315789191 842.1052631578947
4175 736.8421052626796 421.0526315789191 947.3684210526316
4176 736.8421052626796 421.0526315789191 1052.631578947368
4177 736.8421052626796 421.0526315789191 1157.894736842105
4178 736.8421052626796 421.0526315789191 1263.157894736842
4179 736.8421052626796 421.0526315789191 1368.421052631579
4180 736.8421052626796 421.0526315789191 1473.684210526316
4181 736.8421052626796 421.0526315789191 1578.947368421053
4182 736.8421052626796 421.0526315789191 1684.210526315789
4183 736.8421052626796 421.0526315789191 1789.473684210526
4184 736.8421052626796 421.0526315789191 1894.736842105263
4185 736.8421052627081 526.3157894736491 105.2631578947368
4186 736.8421052627081 526.3157894736491 210.5263157894737
4187 736.8421052627081 526.3157894736491 315.7894736842105
4188 736.8421052627081 526.3157894736491 421.0526315789473
4189 736.8421052627081 526.3157894736491 526.3157894736842
4190 736.8421052627081 526.3157894736491 631.578947368421
4191 736.8421052627081 526.3157894736491 736.8421052631578
4192 736.8421052627081 526.3157894736491 842.1052631578947
4193 736.8421052627081 526.3157894736491 947.3684210526316
4194 736.8421052627081 526.3157894736491 1052.631578947368
4195 736.8421052627081 526.3157894736491 1157.894736842105
4196 736.8421052627081 526.3157894736491 1263.157894736842
4197 736.8421052627081 526.3157894736491 1368.421052631579
4198 736.8421052627081 526.3157894736491 1473.684210526316
4199 736.8421052627081 526.3157894736491 1578.947368421053
4200 736.8421052627081 526.3157894736491 1684.210526315789
4201 736.8421052627081 526.3157894736491 1789.473684210526
4202 736.8421052627081 526.3157894736491 1894.736842105263
4203 736.8421052627366 631.578947368379 105.2631578947368
4204 736.8421052627366 631.578947368379 210.5263157894737
4205 736.8421052627366 631.578947368379 315.7894736842105
4206 736.8421052627366 631.578947368379 421.0526315789473
4207 736.8421052627366 631.578947368379 526.3157894736842
4208 736.8421052627366 631.578947368379 631.578947368421
4209 736.8421052627366 631.578947368379 736.8421052631578
4210 736.8421052627366 631.578947368379 842.1052631578947
4211 736.8421052627366 631.578947368379 947.3684210526316
4212 736.8421052627366 631.578947368379 1052.631578947368
4213 736.8421052627366 631.578947368379 1157.894736842105
4214 736.8421052627366 631.578947368379 1263.157894736842
4215 736.8421052627366 631.578947368379 1368.421052631579
4216 736.8421052627366 631.578947368379 1473.684210526316
4217 736.8421052627366 631.578947368379 1578.947368421053
4218 736.8421052627366 631.578947368379 1684.210526315789
4219 736.8421052627366 631.578947368379 1789.473684210526
4220 736.8421052627366 631.578947368379 1894.736842105263
4221 736.8421052627655 736.8421052631086 105.2631578947368
4222 736.8421052627655 736.8421052631086 210.5263157894737
4223 736.8421052627655 736.8421052631086 315.7894736842105
4224 736.8421052627655 736.8421052631086 421.0526315789473
4225 736.8421052627655 736.8421052631086 526.3157894736842
4226 736.8421052627655 736.8421052631086 631.578947368421
4227 736.8421052627655 736.8421052631086 736.8421052631578
4228 736.8421052627655 736.8421052631086 842.1052631578947
4229 736.8421052627655 736.8421052631086 947.3684210526316
4230 736.8421052627655 736.8421052631086 1052.631578947368
4231 736.8421052627655 736.8421052631086 1157.894736842105
4232 736.8421052627655 736.8421052631086 1263.157894736842
4233 736.8421052627655 736.8421052631086 1368.421052631579
4234 736.8421052627655 736.8421052631086 1473.684210526316
4235 736.8421052627655 736.8421052631086 1578.947368421053
4236 736.8421052627655 736.8421052631086 1684.210526315789
4237 736.8421052627655 736.8421052631086 1789.473684210526
4238 736.8421052627655 736.8421052631086 1894.736842105263
4239 736.8421052627939 842.1052631578384 105.2631578947368
4240 736.8421052627939 842.1052631578384 210.5263157894737
4241 736.8421052627939 842.1052631578384 315.7894736842105
4242 736.8421052627939 842.1052631578384 421.0526315789473
4243 736.8421052627939 842.1052631578384 526.3157894736842
4244 736.8421052627939 842.1052631578384 631.578947368421
4245 736.8421052627939 842.1052631578384 736.8421052631578
4246 736.8421052627939 842.1052631578384 842.1052631578947
4247 736.8421052627939 842.1052631578384 947.3684210526316
4248 736.8421052627939 842.1052631578384 1052.631578947368
4249 736.8421052627939 842.1052631578384 1157.894736842105
4250 736.8421052627939 842.1052631578384 1263.157894736842
4251 736.8421052627939 842.1052631578384 1368.421052631579
4252 736.8421052627939 842.1052631578384 1473.684210526316
4253 736.8421052627939 842.1052631578384 1578.947368421053
4254 736.8421052627939 842.1052631578384 1684.210526315789
4255 736.8421052627939 842.1052631578384 1789.473684210526
4256 736.8421052627939 842.1052631578384 1894.736842105263
4257 736.8421052628225 947.3684210525685 105.2631578947368
4258 736.8421052628225 947.3684210525685 210.5263157894737
4259 736.8421052628225 947.3684210525685 315.7894736842105
4260 736.8421052628225 947.3684210525685 421.0526315789473
4261 736.8421052628225 947.3684210525685 526.3157894736842
4262 736.8421052628225 947.3684210525685 631.578947368421
4263 736.8421052628225 947.3684210525685 736.8421052631578
4264 736.8421052628225 947.3684210525685 842.1052631578947
4265 736.8421052628225 947.3684210525685 947.3684210526316
4266 736.8421052628225 947.3684210525685 1052.631578947368
4267 736.8421052628225 947.3684210525685 1157.894736842105
4268 736.8421052628225 947.3684210525685 1263.157894736842
4269 736.8421052628225 947.3684210525685 1368.421052631579
4270 736.8421052628225 947.3684210525685 1473.684210526316
4271 736.8421052628225 947.3684210525685 1578.947368421053
4272 736.8421052628225 947.3684210525685 1684.210526315789
4273 736.8421052628225 947.3684210525685 1789.473684210526
4274 736.8421052628225 947.3684210525685 1894.736842105263
4275 736.8421052628512 1052.631578947432 105.2631578947368
4276 736.8421052628512 1052.631578947432 210.5263157894737
4277 736.8421052628512 1052.631578947432 315.7894736842105
4278 736.8421052628512 1052.631578947432 421.0526315789473
4279 736.8421052628512 1052.631578947432 526.3157894736842
4280 736.8421052628512 1052.631578947432 631.578947368421
4281 736.8421052628512 1052.631578947432 736.8421052631578
4282 736.8421052628512 1052.631578947432 842.1052631578947
4283 736.8421052628512 1052.631578947432 947.3684210526316
4284 736.8421052628512 1052.631578947432 1052.631578947368
4285 736.8421052628512 1052.631578947432 1157.894736842105
4286 736.8421052628512 1052.631578947432 1263.157894736842
4287 736.8421052628512 1052.631578947432 1368.421052631579
4288 736.8421052628512 1052.631578947432 1473.684210526316
4289 736.8421052628512 1052.631578947432 1578.947368421053
4290 736.8421052628512 1052.631578947432 1684.210526315789
4291 736.8421052628512 1052.631578947432 1789.473684210526
4292 736.8421052628512 1052.631578947432 1894.736842105263
4293 736.8421052628798 1157.894736842161 105.2631578947368
4294 736.8421052628798 1157.894736842161 210.5263157894737
4295 736.8421052628798 1157.894736842161 315.7894736842105
4296 736.8421052628798 1157.894736842161 421.0526315789473
4297 736.8421052628798 1157.894736842161 526.3157894736842
4298 736.8421052628798 1157.894736842161 631.578947368421
4299 736.8421052628798 1157.894736842161 736.8421052631578
4300 736.8421052628798 1157.894736842161 842.1052631578947
4301 736.8421052628798 1157.894736842161 947.3684210526316
4302 736.8421052628798 1157.894736842161 1052.631578947368
4303 736.8421052628798 1157.894736842161 1157.894736842105
4304 736.8421052628798 1157.894736842161 1263.157894736842
4305 736.8421052628798 1157.894736842161 1368.421052631579
4306 736.8421052628798 1157.894736842161 1473.684210526316
4307 736.8421052628798 1157.894736842161 1578.947368421053
4308 736.8421052628798 1157.894736842161 1684.210526315789
4309 736.8421052628798 1157.894736842161 1789.473684210526
4310 736.8421052628798 1157.894736842161 1894.736842105263
4311 736.8421052629085 1263.157894736891 105.2631578947368
4312 736.8421052629085 1263.157894736891 210.5263157894737
4313 736.8421052629085 1263.157894736891 315.7894736842105
4314 736.8421052629085 1263.157894736891 421.0526315789473
4315 736.8421052629085 1263.157894736891 526.3157894736842
4316 736.8421052629085 1263.157894736891 631.578947368421
4317 736.8421052629085 1263.157894736891 736.8421052631578
4318 736.8421052629085 1263.157894736891 842.1052631578947
4319 736.8421052629085 1263.157894736891 947.3684210526316
4320 736.8421052629085 1263.157894736891 1052.631578947368
4321 736.8421052629085 1263.157894736891 1157.894736842105
4322 736.8421052629085 1263.157894736891 1263.157894736842
4323 736.8421052629085 1263.157894736891 1368.421052631579
4324 736.8421052629085 1263.157894736891 1473.684210526316
4325 736.8421052629085 1263.157894736891 1578.947368421053
4326 736.8421052629085 1263.157894736891 1684.210526315789
4327 736.8421052629085 1263.157894736891 1789.473684210526
4328 736.8421052629085 1263.157894736891 1894.736842105263
4329 736.8421052629369 1368.421052631621 105.2631578947368
4330 736.8421052629369 1368.421052631621 210.5263157894737
4331 736.8421052629369 1368.421052631621 315.7894736842105
4332 736.8421052629369 1368.421052631621 421.0526315789473
4333 736.8421052629369 1368.421052631621 526.3157894736842
4334 736.8421052629369 1368.421052631621 631.578947368421
4335 736.8421052629369 1368.421052631621 736.8421052631578
4336 736.8421052629369 1368.421052631621 842.1052631578947
4337 736.8421052629369 1368.421052631621 947.3684210526316
4338 736.8421052629369 1368.421052631621 1052.631578947368
4339 736.8421052629369 1368.421052631621 1157.894736842105
4340 736.8421052629369 1368.421052631621 1263.157894736842
4341 736.8421052629369 1368.421052631621 1368.421052631579
4342 736.8421052629369 1368.421052631621 1473.684210526316
4343 736.8421052629369 1368.421052631621 1578.947368421053
4344 736.8421052629369 1368.421052631621 1684.210526315789
4345 736.8421052629369 1368.421052631621 1789.473684210526
4346 736.8421052629369 1368.421052631621 1894.736842105263
4347 736.8421052629656 1473.684210526351 105.2631578947368
4348 736.8421052629656 1473.684210526351 210.5263157894737
4349 736.8421052629656 1473.684210526351 315.7894736842105
4350 736.8421052629656 1473.684210526351 421.0526315789473
4351 736.8421052629656 1473.684210526351 526.3157894736842
4352 736.8421052629656 1473.684210526351 631.578947368421
4353 736.8421052629656 1473.684210526351 736.8421052631578
4354 736.8421052629656 1473.684210526351 842.1052631578947
4355 736.8421052629656 1473.684210526351 947.3684210526316
4356 736.8421052629656 1473.684210526351 1052.631578947368
4357 736.8421052629656 1473.684210526351 1157.894736842105
4358 736.8421052629656 1473.684210526351 1263.157894736842
4359 736.8421052629656 1473.684210526351 1368.421052631579
4360 736.8421052629656 1473.684210526351 1473.684210526316
4361 736.8421052629656 1473.684210526351 1578.947368421053
4362 736.8421052629656 1473.684210526351 1684.210526315789
4363 736.8421052629656 1473.684210526351 1789.473684210526
4364 736.8421052629656 1473.684210526351 1894.736842105263
4365 736.842105262994 1578.947368421081 105.2631578947368
4366 736.842105262994 1578.947368421081 210.5263157894737
4367 736.842105262994 1578.947368421081 315.7894736842105
4368 736.842105262994 1578.947368421081 421.0526315789473
4369 736.842105262994 1578.947368421081 526.3157894736842
4370 736.842105262994 1578.947368421081 631.578947368421
4371 736.842105262994 1578.947368421081 736.8421052631578
4372 736.842105262994 1578.947368421081 842.1052631578947
4373 736.842105262994 1578.947368421081 947.3684210526316
4374 736.842105262994 1578.947368421081 1052.631578947368
4375 736.842105262994 1578.947368421081 1157.894736842105
4376 736.842105262994 1578.947368421081 1263.157894736842
4377 736.842105262994 1578.947368421081 1368.421052631579
4378 736.842105262994 1578.947368421081 1473.684210526316
4379 736.842105262994 1578.947368421081 1578.947368421053
4380 736.842105262994 1578.947368421081 1684.210526315789
4381 736.842105262994 1578.947368421081 1789.473684210526
4382 736.842105262994 1578.947368421081 1894.736842105263
4383 736.8421052630227 1684.21052631581 105.2631578947368
4384 736.8421052630227 1684.21052631581 210.5263157894737
4385 736.8421052630227 1684.21052631581 315.7894736842105
4386 736.8421052630227 1684.21052631581 421.0526315789473
4387 736.8421052630227 1684.21052631581 526.3157894736842
4388 736.8421052630227 1684.21052631581 631.578947368421
4389 736.8421052630227 1684.21052631581 736.8421052631578
4390 736.8421052630227 1684.21052631581 842.1052631578947
4391 736.8421052630227 1684.21052631581 947.3684210526316
4392 736.8421052630227 1684.21052631581 1052.631578947368
4393 736.8421052630227 1684.21052631581 1157.894736842105
4394 736.8421052630227 1684.21052631581 1263.157894736842
4395 736.8421052630227 1684.21052631581 1368.421052631579
4396 736.8421052630227 1684.21052631581 1473.684210526316
4397 736.8421052630227 1684.21052631581 1578.947368421053
4398 736.8421052630227 1684.21052631581 1684.210526315789
4399 736.8421052630227 1684.21052631581 1789.473684210526
4400 736.8421052630227 1684.21052631581 1894.736842105263
4401 736.8421052630513 1789.473684210541 105.2631578947368
4402 736.8421052630513 1789.473684210541 210.5263157894737
4403 736.8421052630513 1789.473684210541 315.7894736842105
4404 736.8421052630513 1789.473684210541 421.0526315789473
4405 736.8421052630513 1789.473684210541 526.3157894736842
4406 736.8421052630513 1789.473684210541 631.578947368421
4407 736.8421052630513 1789.473684210541 736.8421052631578
4408 736.8421052630513 1789.473684210541 842.1052631578947
4409 736.8421052630513 1789.473684210541 947.3684210526316
4410 736.8421052630513 1789.473684210541 1052.631578947368
4411 736.8421052630513 1789.473684210541 1157.894736842105
4412 736.8421052630513 1789.473684210541 1263.157894736842
4413 736.8421052630513 1789.473684210541 1368.421052631579
4414 736.8421052630513 1789.473684210541 1473.684210526316
4415 736.8421052630513 1789.473684210541 1578.947368421053
4416 736.8421052630513 1789.473684210541 1684.210526315789
4417 736.8421052630513 1789.473684210541 1789.473684210526
4418 736.8421052630513 1789.473684210541 1894.736842105263
4419 736.8421052630799 1894.73684210527 105.2631578947368
4420 736.8421052630799 1894.73684210527 210.5263157894737
4421 736.8421052630799 1894.73684210527 315.7894736842105
4422 736.8421052630799 1894.73684210527 421.0526315789473
4423 736.8421052630799 1894.73684210527 526.3157894736842
4424 736.8421052630799 1894.73684210527 631.578947368421
4425 736.8421052630799 1894.73684210527 736.8421052631578
4426 736.8421052630799 1894.73684210527 842.1052631578947
4427 736.8421052630799 1894.73684210527 947.3684210526316
4428 736.8421052630799 1894.73684210527 1052.631578947368
4429 736.8421052630799 1894.73684210527 1157.894736842105
4430 736.8421052630799 1894.73684210527 1263.157894736842
4431 736.8421052630799 1894.73684210527 1368.421052631579
4432 736.8421052630799 1894.73684210527 1473.684210526316
4433 736.8421052630799 1894.73684210527 1578.947368421053
4434 736.8421052630799 1894.73684210527 1684.210526315789
4435 736.8421052630799 1894.73684210527 1789.473684210526
4436 736.8421052630799 1894.73684210527 1894.736842105263
4437 842.1052631573671 105.2631578947298 105.2631578947368
4438 842.1052631573671 105.2631578947298 210.5263157894737
4439 842.1052631573671 105.2631578947298 315.7894736842105
4440 842.1052631573671 105.2631578947298 421.0526315789473
4441 842.1052631573671 105.2631578947298 526.3157894736842
4442 842.1052631573671 105.2631578947298 631.578947368421
4443 842.1052631573671 105.2631578947298 736.8421052631578
4444 842.1052631573671 105.2631578947298 842.1052631578947
4445 842.1052631573671 105.2631578947298 947.3684210526316
4446 842.1052631573671 105.2631578947298 1052.631578947368
4447 842.1052631573671 105.2631578947298 1157.894736842105
4448 842.1052631573671 105.2631578947298 1263.157894736842
4449 842.1052631573671 105.2631578947298 1368.421052631579
4450 842.1052631573671 105.2631578947298 1473.684210526316
4451 842.1052631573671 105.2631578947298 1578.947368421053
4452 842.1052631573671 105.2631578947298 1684.210526315789
4453 842.1052631573671 105.2631578947298 1789.473684210526
4454 842.1052631573671 105.2631578947298 1894.736842105263
4455 842.1052631573932 210.5263157894599 105.2631578947368
4456 842.1052631573932 210.5263157894599 210.5263157894737
4457 842.1052631573932 210.5263157894599 315.7894736842105
4458 842.1052631573932 210.5263157894599 421.0526315789473
4459 842.1052631573932 210.5263157894599 526.3157894736842
4460 842.1052631573932 210.5263157894599 631.578947368421
4461 842.1052631573932 210.5263157894599 736.8421052631578
4462 842.1052631573932 210.5263157894599 842.1052631578947
4463 842.1052631573932 210.5263157894599 947.3684210526316
4464 842.1052631573932 210.5263157894599 1052.631578947368
4465 842.1052631573932 210.5263157894599 1157.894736842105
4466 842.1052631573932 210.5263157894599 1263.157894736842
4467 842.1052631573932 210.5263157894599 1368.421052631579
4468 842.1052631573932 210.5263157894599 1473.684210526316
4469 842.1052631573932 210.5263157894599 1578.947368421053
4470 842.1052631573932 210.5263157894599 1684.210526315789
4471 842.1052631573932 210.5263157894599 1789.473684210526
4472 842.1052631573932 210.5263157894599 1894.736842105263
4473 842.1052631574196 315.7894736841895 105.2631578947368
4474 842.1052631574196 315.7894736841895 210.5263157894737
4475 842.1052631574196 315.7894736841895 315.7894736842105
4476 842.1052631574196 315.7894736841895 421.0526315789473
4477 842.1052631574196 315.7894736841895 526.3157894736842
4478 842.1052631574196 315.7894736841895 631.578947368421
4479 842.1052631574196 315.7894736841895 736.8421052631578
4480 842.1052631574196 315.7894736841895 842.1052631578947
4481 842.1052631574196 315.7894736841895 947.3684210526316
4482 842.1052631574196 315.7894736841895 1052.631578947368
4483 842.1052631574196 315.7894736841895 1157.894736842105
4484 842.1052631574196 315.7894736841895 1263.157894736842
4485 842.1052631574196 315.7894736841895 1368.421052631579
4486 842.1052631574196 315.7894736841895 1473.684210526316
4487 842.1052631574196 315.7894736841895 1578.947368421053
4488 842.1052631574196 315.7894736841895 1684.210526315789
4489 842.1052631574196 315.7894736841895 1789.473684210526
4490 842.1052631574196 315.7894736841895 1894.736842105263
4491 842.1052631574454 421.0526315789191 105.2631578947368
4492 842.1052631574454 421.0526315789191 210.5263157894737
4493 842.1052631574454 421.0526315789191 315.7894736842105
4494 842.1052631574454 421.0526315789191 421.0526315789473
4495 842.1052631574454 421.0526315789191 526.3157894736842
4496 842.1052631574454 421.0526315789191 631.578947368421
4497 842.1052631574454 421.0526315789191 736.8421052631578
4498 842.1052631574454 421.0526315789191 842.1052631578947
4499 842.1052631574454 421.0526315789191 947.3684210526316
4500 842.1052631574454 421.0526315789191 1052.631578947368
4501 842.1052631574454 421.0526315789191 1157.894736842105
4502 842.1052631574454 421.0526315789191 1263.157894736842
4503 842.1052631574454 421.0526315789191 1368.421052631579
4504 842.1052631574454 421.0526315789191 1473.684210526316
4505 842.1052631574454 421.0526315789191 1578.947368421053
4506 842.1052631574454 421.0526315789191 1684.210526315789
4507 842.1052631574454 421.0526315789191 1789.473684210526
4508 842.1052631574454 421.0526315789191 1894.736842105263
4509 842.1052631574718 526.3157894736493 105.2631578947368
4510 842.1052631574718 526.3157894736493 210.5263157894737
4511 842.1052631574718 526.3157894736493 315.7894736842105
4512 842.1052631574718 526.3157894736493 421.0526315789473
4513 842.1052631574718 526.3157894736493 526.3157894736842
4514 842.1052631574718 526.3157894736493 631.578947368421
4515 842.1052631574718 526.3157894736493 736.8421052631578
4516 842.1052631574718 526.3157894736493 842.1052631578947
4517 842.1052631574718 526.3157894736493 947.3684210526316
4518 842.1052631574718 526.3157894736493 1052.631578947368
4519 842.1052631574718 526.3157894736493 1157.894736842105
4520 842.1052631574718 526.3157894736493 1263.157894736842
4521 842.1052631574718 526.3157894736493 1368.421052631579
4522 842.1052631574718 526.3157894736493 1473.684210526316
4523 842.1052631574718 526.3157894736493 1578.947368421053
4524 842.1052631574718 526.3157894736493 1684.210526315789
4525 842.1052631574718 526.3157894736493 1789.473684210526
4526 842.1052631574718 526.3157894736493 1894.736842105263
4527 842.105263157498 631.578947368379 105.2631578947368
4528 842.105263157498 631.578947368379 210.5263157894737
4529 842.105263157498 631.578947368379 315.7894736842105
4530 842.105263157498 631.578947368379 421.0526315789473
4531 842.105263157498 631.578947368379 526.3157894736842
4532 842.105263157498 631.578947368379 631.578947368421
4533 842.105263157498 631.578947368379 736.8421052631578
4534 842.105263157498 631.578947368379 842.1052631578947
4535 842.105263157498 631.578947368379 947.3684210526316
4536 842.105263157498 631.578947368379 1052.631578947368
4537 842.105263157498 631.578947368379 1157.894736842105
4538 842.105263157498 631.578947368379 1263.157894736842
4539 842.105263157498 631.578947368379 1368.421052631579
4540 842.105263157498 631.578947368379 1473.684210526316
4541 842.105263157498 631.578947368379 1578.947368421053
4542 842.105263157498 631.578947368379 1684.210526315789
4543 842.105263157498 631.578947368379 1789.473684210526
4544 842.105263157498 631.578947368379 1894.736842105263
4545 842.105263157524 736.8421052631086 105.2631578947368
4546 842.105263157524 736.8421052631086 210.5263157894737
4547 842.105263157524 736.8421052631086 315.7894736842105
4548 842.105263157524 736.8421052631086 421.0526315789473
4549 842.105263157524 736.8421052631086 526.3157894736842
4550 842.105263157524 736.8421052631086 631.578947368421
4551 842.105263157524 736.8421052631086 736.8421052631578
4552 842.105263157524 736.8421052631086 842.1052631578947
4553 842.105263157524 736.8421052631086 947.3684210526316
4554 842.105263157524 736.8421052631086 1052.631578947368
4555 842.105263157524 736.8421052631086 1157.894736842105
4556 842.105263157524 736.8421052631086 1263.157894736842
4557 842.105263157524 736.8421052631086 1368.421052631579
4558 842.105263157524 736.8421052631086 1473.684210526316
4559 842.105263157524 736.8421052631086 1578.947368421053
4560 842.105263157524 736.8421052631086 1684.210526315789
4561 842.105263157524 736.8421052631086 1789.473684210526
4562 842.105263157524 736.8421052631086 1894.736842105263
4563 842.1052631575503 842.1052631578384 105.2631578947368
4564 842.1052631575503 842.1052631578384 210.5263157894737
4565 842.1052631575503 842.1052631578384 315.7894736842105
4566 842.1052631575503 842.1052631578384 421.0526315789473
4567 842.1052631575503 842.1052631578384 526.3157894736842
4568 842.1052631575503 842.1052631578384 631.578947368421
4569 842.1052631575503 842.1052631578384 736.8421052631578
4570 842.1052631575503 842.1052631578384 842.1052631578947
4571 842.1052631575503 842.1052631578384 947.3684210526316
4572 842.1052631575503 842.1052631578384 1052.631578947368
4573 842.1052631575503 842.1052631578384 1157.894736842105
4574 842.1052631575503 842.1052631578384 1263.157894736842
4575 842.1052631575503 842.1052631578384 1368.421052631579
4576 842.1052631575503 842.1052631578384 1473.684210526316
4577 842.1052631575503 842.1052631578384 1578.947368421053
4578 842.1052631575503 842.1052631578384 1684.210526315789
4579 842.1052631575503 842.1052631578384 1789.473684210526
4580 842.1052631575503 842.1052631578384 1894.736842105263
4581 842.1052631575766 947.3684210525686 105.2631578947368
4582 842.1052631575766 947.3684210525686 210.5263157894737
4583 842.1052631575766 947.3684210525686 315.7894736842105
4584 842.1052631575766 947.3684210525686 421.0526315789473
4585 842.1052631575766 947.3684210525686 526.3157894736842
4586 842.1052631575766 947.3684210525686 631.578947368421
4587 842.1052631575766 947.3684210525686 736.8421052631578
4588 842.1052631575766 947.3684210525686 842.1052631578947
4589 842.1052631575766 947.3684210525686 947.3684210526316
4590 842.1052631575766 947.3684210525686 1052.631578947368
4591 842.1052631575766 947.3684210525686 1157.894736842105
4592 842.1052631575766 947.3684210525686 1263.157894736842
4593 842.1052631575766 947.3684210525686 1368.421052631579
4594 842.1052631575766 947.3684210525686 1473.684210526316
4595 842.1052631575766 947.3684210525686 1578.947368421053
4596 842.1052631575766 947.3684210525686 1684.210526315789
4597 842.1052631575766 947.3684210525686 1789.473684210526
4598 842.1052631575766 947.3684210525686 1894.736842105263
4599 842.1052631576026 1052.631578947432 105.2631578947368
4600 842.1052631576026 1052.631578947432 210.5263157894737
4601 842.1052631576026 1052.631578947432 315.7894736842105
4602 842.1052631576026 1052.631578947432 421.0526315789473
4603 842.1052631576026 1052.631578947432 526.3157894736842
4604 842.1052631576026 1052.631578947432 631.578947368421
4605 842.1052631576026 1052.631578947432 736.8421052631578
4606 842.1052631576026 1052.631578947432 842.1052631578947
4607 842.1052631576026 1052.631578947432 947.3684210526316
4608 842.1052631576026 1052.631578947432 1052.631578947368
4609 842.1052631576026 1052.631578947432 1157.894736842105
4610 842.1052631576026 1052.631578947432 1263.157894736842
4611 842.1052631576026 1052.631578947432 1368.421052631579
4612 842.1052631576026 1052.631578947432 1473.684210526316
4613 842.1052631576026 1052.631578947432 1578.947368421053
4614 842.1052631576026 1052.631578947432 1684.210526315789
4615 842.1052631576026 1052.631578947432 1789.473684210526
4616 842.1052631576026 1052.631578947432 1894.736842105263
4617 842.1052631576288 1157.894736842162 105.2631578947368
4618 842.1052631576288 1157.894736842162 210.5263157894737
4619 842.1052631576288 1157.894736842162 315.7894736842105
4620 842.1052631576288 1157.894736842162 421.0526315789473
4621 842.1052631576288 1157.894736842162 526.3157894736842
4622 842.1052631576288 1157.894736842162 631.578947368421
4623 842.1052631576288 1157.894736842162 736.8421052631578
4624 842.1052631576288 1157.894736842162 842.1052631578947
4625 842.1052631576288 1157.894736842162 947.3684210526316
4626 842.1052631576288 1157.894736842162 1052.631578947368
4627 842.1052631576288 1157.894736842162 1157.894736842105
4628 842.1052631576288 1157.894736842162 1263.157894736842
4629 842.1052631576288 1157.894736842162 1368.421052631579
4630 842.1052631576288 1157.894736842162 1473.684210526316
4631 842.1052631576288 1157.894736842162 1578.947368421053
4632 842.1052631576288 1157.894736842162 1684.210526315789
4633 842.1052631576288 1157.894736842162 1789.473684210526
4634 842.1052631576288 1157.894736842162 1894.736842105263
4635 842.1052631576551 1263.157894736891 105.2631578947368
4636 842.1052631576551 1263.157894736891 210.5263157894737
4637 842.1052631576551 1263.157894736891 315.7894736842105
4638 842.1052631576551 1263.157894736891 421.0526315789473
4639 842.1052631576551 1263.157894736891 526.3157894736842
4640 842.1052631576551 1263.157894736891 631.578947368421
4641 842.1052631576551 1263.157894736891 736.8421052631578
4642 842.1052631576551 1263.157894736891 842.1052631578947
4643 842.1052631576551 1263.157894736891 947.3684210526316
4644 842.1052631576551 1263.157894736891 1052.631578947368
4645 842.1052631576551 1263.157894736891 1157.894736842105
4646 842.1052631576551 1263.157894736891 1263.157894736842
4647 842.1052631576551 1263.157894736891 1368.421052631579
4648 842.1052631576551 1263.157894736891 1473.684210526316
4649 842.1052631576551 1263.157894736891 1578.947368421053
4650 842.1052631576551 1263.157894736891 1684.210526315789
4651 842.1052631576551 1263.157894736891 1789.473684210526
4652 842.1052631576551 1263.157894736891 1894.736842105263
4653 842.1052631576813 1368.421052631621 105.2631578947368
4654 842.1052631576813 1368.421052631621 210.5263157894737
4655 842.1052631576813 1368.421052631621 315.7894736842105
4656 842.1052631576813 1368.421052631621 421.0526315789473
4657 842.1052631576813 1368.421052631621 526.3157894736842
4658 842.1052631576813 1368.421052631621 631.578947368421
4659 842.1052631576813 1368.421052631621 736.8421052631578
4660 842.1052631576813 1368.421052631621 842.1052631578947
4661 842.1052631576813 1368.421052631621 947.3684210526316
4662 842.1052631576813 1368.421052631621 1052.631578947368
4663 842.1052631576813 1368.421052631621 1157.894736842105
4664 842.1052631576813 1368.421052631621 1263.157894736842
4665 842.1052631576813 1368.421052631621 1368.421052631579
4666 842.1052631576813 1368.421052631621 1473.684210526316
4667 842.1052631576813 1368.421052631621 1578.947368421053
4668 842.1052631576813 1368.421052631621 1684.210526315789
4669 842.1052631576813 1368.421052631621 1789.473684210526
4670 842.1052631576813 1368.421052631621 1894.736842105263
4671 842.1052631577077 1473.68421052635 105.2631578947368
4672 842.1052631577077 1473.68421052635 210.5263157894737
4673 842.1052631577077 1473.68421052635 315.7894736842105
4674 842.1052631577077 1473.68421052635 421.0526315789473
4675 842.1052631577077 1473.68421052635 526.3157894736842
4676 842.1052631577077 1473.68421052635 631.578947368421
4677 842.1052631577077 1473.68421052635 736.8421052631578
4678 842.1052631577077 1473.68421052635 842.1052631578947
4679 842.1052631577077 1473.68421052635 947.3684210526316
4680 842.1052631577077 1473.68421052635 1052.631578947368
4681 842.1052631577077 1473.68421052635 1157.894736842105
4682 842.1052631577077 1473.68421052635 1263.157894736842
4683 842.1052631577077 1473.68421052635 1368.421052631579
4684 842.1052631577077 1473.68421052635 1473.684210526316
4685 842.1052631577077 1473.68421052635 1578.947368421053
4686 842.1052631577077 1473.68421052635 1684.210526315789
4687 842.1052631577077 1473.68421052635 1789.473684210526
4688 842.1052631577077 1473.68421052635 1894.736842105263
4689 842.1052631577335 1578.94736842108 105.2631578947368
4690 842.1052631577335 1578.94736842108 210.5263157894737
4691 842.1052631577335 1578.94736842108 315.7894736842105
4692 842.1052631577335 1578.94736842108 421.0526315789473
4693 842.1052631577335 1578.94736842108 526.3157894736842
4694 842.1052631577335 1578.94736842108 631.578947368421
4695 842.1052631577335 1578.94736842108 736.8421052631578
4696 842.1052631577335 1578.94736842108 842.1052631578947
4697 842.1052631577335 1578.94736842108 947.3684210526316
4698 842.1052631577335 1578.94736842108 1052.631578947368
4699 842.1052631577335 1578.94736842108 1157.894736842105
4700 842.1052631577335 1578.94736842108 1263.157894736842
4701 842.1052631577335 1578.94736842108 1368.421052631579
4702 842.1052631577335 1578.94736842108 1473.684210526316
4703 842.1052631577335 1578.94736842108 1578.947368421053
4704 842.1052631577335 1578.94736842108 1684.210526315789
4705 842.1052631577335 1578.94736842108 1789.473684210526
4706 842.1052631577335 1578.94736842108 1894.736842105263
4707 842.10526315776 1684.210526315811 105.2631578947368
4708 842.10526315776 1684.210526315811 210.5263157894737
4709 842.10526315776 1684.210526315811 315.7894736842105
4710 842.10526315776 1684.210526315811 421.0526315789473
4711 842.10526315776 1684.210526315811 526.3157894736842
4712 842.10526315776 1684.210526315811 631.578947368421
4713 842.10526315776 1684.210526315811 736.8421052631578
4714 842.10526315776 1684.210526315811 842.1052631578947
4715 842.10526315776 1684.210526315811 947.3684210526316
4716 842.10526315776 1684.210526315811 1052.631578947368
4717 842.10526315776 1684.210526315811 1157.894736842105
4718 842.10526315776 1684.210526315811 1263.157894736842
4719 842.10526315776 1684.210526315811 1368.421052631579
4720 842.10526315776 1684.210526315811 1473.684210526316
4721 842.10526315776 1684.210526315811 1578.947368421053
4722 842.10526315776 1684.210526315811 1684.210526315789
4723 842.10526315776 1684.210526315811 1789.473684210526
4724 842.10526315776 1684.210526315811 1894.736842105263
4725 842.1052631577859 1789.47368421054 105.2631578947368
4726 842.1052631577859 1789.47368421054 210.5263157894737
4727 842.1052631577859 1789.47368421054 315.7894736842105
4728 842.1052631577859 1789.47368421054 421.0526315789473
4729 842.1052631577859 1789.47368421054 526.3157894736842
4730 842.1052631577859 1789.47368421054 631.578947368421
4731 842.1052631577859 1789.47368421054 736.8421052631578
4732 842.1052631577859 1789.47368421054 842.1052631578947
4733 842.1052631577859 1789.47368421054 947.3684210526316
4734 842.1052631577859 1789.47368421054 1052.631578947368
4735 842.1052631577859 1789.47368421054 1157.894736842105
4736 842.1052631577859 1789.47368421054 1263.157894736842
4737 842.1052631577859 1789.47368421054 1368.421052631579
4738 842.1052631577859 1789.47368421054 1473.684210526316
4739 842.1052631577859 1789.47368421054 1578.947368421053
4740 842.1052631577859 1789.47368421054 1684.210526315789
4741 842.1052631577859 1789.47368421054 1789.473684210526
4742 842.1052631577859 1789.47368421054 1894.736842105263
4743 842.1052631578123 1894.736842105271 105.2631578947368
4744 842.1052631578123 1894.736842105271 210.5263157894737
4745 842.1052631578123 1894.736842105271 315.7894736842105
4746 842.1052631578123 1894.736842105271 421.0526315789473
4747 842.1052631578123 1894.736842105271 526.3157894736842
4748 842.1052631578123 1894.736842105271 631.578947368421
4749 842.1052631578123 1894.736842105271 736.8421052631578
4750 842.1052631578123 1894.736842105271 842.1052631578947
4751 842.1052631578123 1894.736842105271 947.3684210526316
4752 842.1052631578123 1894.736842105271 1052.631578947368
4753 842.1052631578123 1894.736842105271 1157.894736842105
4754 842.1052631578123 1894.736842105271 1263.157894736842
4755 842.1052631578123 1894.736842105271 1368.421052631579
4756 842.1052631578123 1894.736842105271 1473.684210526316
4757 842.1052631578123 1894.736842105271 1578.947368421053
4758 842.1052631578123 1894.736842105271 1684.210526315789
4759 842.1052631578123 1894.736842105271 1789.473684210526
4760 842.1052631578123 1894.736842105271 1894.736842105263
4761 947.3684210521402 105.2631578947298 105.2631578947368
4762 947.3684210521402 105.2631578947298 210.5263157894737
4763 947.3684210521402 105.2631578947298 315.7894736842105
4764 947.3684210521402 105.2631578947298 421.0526315789473
4765 947.3684210521402 105.2631578947298 526.3157894736842
4766 947.3684210521402 105.2631578947298 631.578947368421
4767 947.3684210521402 105.2631578947298 736.8421052631578
4768 947.3684210521402 105.2631578947298 842.1052631578947
4769 947.3684210521402 105.2631578947298 947.3684210526316
4770 947.3684210521402 105.2631578947298 1052.631578947368
4771 947.3684210521402 105.2631578947298 1157.894736842105
4772 947.3684210521402 105.2631578947298 1263.157894736842
4773 947.3684210521402 105.2631578947298 1368.421052631579
4774 947.3684210521402 105.2631578947298 1473.684210526316
4775 947.3684210521402 105.2631578947298 1578.947368421053
4776 947.3684210521402 105.2631578947298 1684.210526315789
4777 947.3684210521402 105.2631578947298 1789.473684210526
4778 947.3684210521402 105.2631578947298 1894.736842105263
4779 947.3684210521642 210.5263157894599 105.2631578947368
4780 947.3684210521642 210.5263157894599 210.5263157894737
4781 947.3684210521642 210.5263157894599 315.7894736842105
4782 947.3684210521642 210.5263157894599 421.0526315789473
4783 947.3684210521642 210.5263157894599 526.3157894736842
4784 947.3684210521642 210.5263157894599 631.578947368421
4785 947.3684210521642 210.5263157894599 736.8421052631578
4786 947.3684210521642 210.5263157894599 842.1052631578947
4787 947.3684210521642 210.5263157894599 947.3684210526316
4788 947.3684210521642 210.5263157894599 1052.631578947368
4789 947.3684210521642 210.5263157894599 1157.894736842105
4790 947.3684210521642 210.5263157894599 1263.157894736842
4791 947.3684210521642 210.5263157894599 1368.421052631579
4792 947.3684210521642 210.5263157894599 1473.684210526316
4793 947.3684210521642 210.5263157894599 1578.947368421053
4794 947.3684210521642 210.5263157894599 1684.210526315789
4795 947.3684210521642 210.5263157894599 1789.473684210526
4796 947.3684210521642 210.5263157894599 1894.736842105263
4797 947.3684210521881 315.7894736841895 105.2631578947368
4798 947.3684210521881 315.7894736841895 210.5263157894737
4799 947.3684210521881 315.7894736841895 315.7894736842105
4800 947.3684210521881 315.7894736841895 421.0526315789473
4801 947.3684210521881 315.7894736841895 526.3157894736842
4802 947.3684210521881 315.7894736841895 631.578947368421
4803 947.3684210521881 315.7894736841895 736.8421052631578
4804 947.3684210521881 315.7894736841895 842.1052631578947
4805 947.3684210521881 315.7894736841895 947.3684210526316
4806 947.3684210521881 315.7894736841895 1052.631578947368
4807 947.3684210521881 315.7894736841895 1157.894736842105
4808 947.3684210521881 315.7894736841895 1263.157894736842
4809 947.3684210521881 315.7894736841895 1368.421052631579
4810 947.3684210521881 315.7894736841895 1473.684210526316
4811 947.3684210521881 315.7894736841895 1578.947368421053
4812 947.3684210521881 315.7894736841895 1684.210526315789
4813 947.3684210521881 315.7894736841895 1789.473684210526
4814 947.3684210521881 315.7894736841895 1894.736842105263
4815 947.3684210522117 421.0526315789191 105.2631578947368
4816 947.3684210522117 421.0526315789191 210.5263157894737
4817 947.3684210522117 421.0526315789191 315.7894736842105
4818 947.3684210522117 421.0526315789191 421.0526315789473
4819 947.3684210522117 421.0526315789191 526.3157894736842
4820 947.3684210522117 421.0526315789191 631.578947368421
4821 947.3684210522117 421.0526315789191 736.8421052631578
4822 947.3684210522117 421.0526315789191 842.1052631578947
4823 947.3684210522117 421.0526315789191 947.3684210526316
4824 947.3684210522117 421.0526315789191 1052.631578947368
4825 947.3684210522117 421.0526315789191 1157.894736842105
4826 947.3684210522117 421.0526315789191 1263.157894736842
4827 947.3684210522117 421.0526315789191 1368.421052631579
4828 947.3684210522117 421.0526315789191 1473.684210526316
4829 947.3684210522117 421.0526315789191 1578.947368421053
4830 947.3684210522117 421.0526315789191 1684.210526315789
4831 947.3684210522117 421.0526315789191 1789.473684210526
4832 947.3684210522117 421.0526315789191 1894.736842105263
4833 947.3684210522355 526.3157894736491 105.2631578947368
4834 947.3684210522355 526.3157894736491 210.5263157894737
4835 947.3684210522355 526.3157894736491 315.7894736842105
4836 947.3684210522355 526.3157894736491 421.0526315789473
4837 947.3684210522355 526.3157894736491 526.3157894736842
4838 947.3684210522355 526.3157894736491 631.578947368421
4839 947.3684210522355 526.3157894736491 736.8421052631578
4840 947.3684210522355 526.3157894736491 842.1052631578947
4841 947.3684210522355 526.3157894736491 947.3684210526316
4842 947.3684210522355 526.3157894736491 1052.631578947368
4843 947.3684210522355 526.3157894736491 1157.894736842105
4844 947.3684210522355 526.3157894736491 1263.157894736842
4845 947.3684210522355 526.3157894736491 1368.421052631579
4846 947.3684210522355 526.3157894736491 1473.684210526316
4847 947.3684210522355 526.3157894736491 1578.947368421053
4848 947.3684210522355 526.3157894736491 1684.210526315789
4849 947.3684210522355 526.3157894736491 1789.473684210526
4850 947.3684210522355 526.3157894736491 1894.736842105263
4851 947.3684210522592 631.578947368379 105.2631578947368
4852 947.3684210522592 631.578947368379 210.5263157894737
4853 947.3684210522592 631.578947368379 315.7894736842105
4854 947.3684210522592 631.578947368379 421.0526315789473
4855 947.3684210522592 631.578947368379 526.3157894736842
4856 947.3684210522592 631.578947368379 631.578947368421
4857 947.3684210522592 631.578947368379 736.8421052631578
4858 947.3684210522592 631.578947368379 842.1052631578947
4859 947.3684210522592 631.578947368379 947.3684210526316
4860 947.3684210522592 631.578947368379 1052.631578947368
4861 947.3684210522592 631.578947368379 1157.894736842105
4862 947.3684210522592 631.578947368379 1263.157894736842
4863 947.3684210522592 631.578947368379 1368.421052631579
4864 947.3684210522592 631.578947368379 1473.684210526316
4865 947.3684210522592 631.578947368379 1578.947368421053
4866 947.3684210522592 631.578947368379 1684.210526315789
4867 947.3684210522592 631.578947368379 1789.473684210526
4868 947.3684210522592 631.578947368379 1894.736842105263
4869 947.3684210522831 736.8421052631086 105.2631578947368
4870 947.3684210522831 736.8421052631086 210.5263157894737
4871 947.3684210522831 736.8421052631086 315.7894736842105
4872 947.3684210522831 736.8421052631086 421.0526315789473
4873 947.3684210522831 736.8421052631086 526.3157894736842
4874 947.3684210522831 736.8421052631086 631.578947368421
4875 947.3684210522831 736.8421052631086 736.8421052631578
4876 947.3684210522831 736.8421052631086 842.1052631578947
4877 947.3684210522831 736.8421052631086 947.3684210526316
4878 947.3684210522831 736.8421052631086 1052.631578947368
4879 947.3684210522831 736.8421052631086 1157.894736842105
4880 947.3684210522831 736.8421052631086 1263.157894736842
4881 947.3684210522831 736.8421052631086 1368.421052631579
4882 947.3684210522831 736.8421052631086 1473.684210526316
4883 947.3684210522831 736.8421052631086 1578.947368421053
4884 947.3684210522831 736.8421052631086 1684.210526315789
4885 947.3684210522831 736.8421052631086 1789.473684210526
4886 947.3684210522831 736.8421052631086 1894.736842105263
4887 947.3684210523068 842.1052631578384 105.2631578947368
4888 947.3684210523068 842.1052631578384 210.5263157894737
4889 947.3684210523068 842.1052631578384 315.7894736842105
4890 947.3684210523068 842.1052631578384 421.0526315789473
4891 947.3684210523068 842.1052631578384 526.3157894736842
4892 947.3684210523068 842.1052631578384 631.578947368421
4893 947.3684210523068 842.1052631578384 736.8421052631578
4894 947.3684210523068 842.1052631578384 842.1052631578947
4895 947.3684210523068 842.1052631578384 947.3684210526316
4896 947.3684210523068 842.1052631578384 1052.631578947368
4897 947.3684210523068 842.1052631578384 1157.894736842105
4898 947.3684210523068 842.1052631578384 1263.157894736842
4899 947.3684210523068 842.1052631578384 1368.421052631579
4900 947.3684210523068 842.1052631578384 1473.684210526316
4901 947.3684210523068 842.1052631578384 1578.947368421053
4902 947.3684210523068 842.1052631578384 1684.210526315789
4903 947.3684210523068 842.1052631578384 1789.473684210526
4904 947.3684210523068 842.1052631578384 1894.736842105263
4905 947.3684210523307 947.3684210525685 105.2631578947368
4906 947.3684210523307 947.3684210525685 210.5263157894737
4907 947.3684210523307 947.3684210525685 315.7894736842105
4908 947.3684210523307 947.3684210525685 421.0526315789473
4909 947.3684210523307 947.3684210525685 526.3157894736842
4910 947.3684210523307 947.3684210525685 631.578947368421
4911 947.3684210523307 947.3684210525685 736.8421052631578
4912 947.3684210523307 947.3684210525685 842.1052631578947
4913 947.3684210523307 947.3684210525685 947.3684210526316
4914 947.3684210523307 947.3684210525685 1052.631578947368
4915 947.3684210523307 947.3684210525685 1157.894736842105
4916 947.3684210523307 947.3684210525685 1263.157894736842
4917 947.3684210523307 947.3684210525685 1368.421052631579
4918 947.3684210523307 947.3684210525685 1473.684210526316
4919 947.3684210523307 947.3684210525685 1578.947368421053
4920 947.3684210523307 947.3684210525685 1684.210526315789
4921 947.3684210523307 947.3684210525685 1789.473684210526
4922 947.3684210523307 947.3684210525685 1894.736842105263
4923 947.3684210523545 1052.631578947431 105.2631578947368
4924 947.3684210523545 1052.631578947431 210.5263157894737
4925 947.3684210523545 1052.631578947431 315.7894736842105
4926 947.3684210523545 1052.631578947431 421.0526315789473
4927 947.3684210523545 1052.631578947431 526.3157894736842
4928 947.3684210523545 1052.631578947431 631.578947368421
4929 947.3684210523545 1052.631578947431 736.8421052631578
4930 947.3684210523545 1052.631578947431 842.1052631578947
4931 947.3684210523545 1052.631578947431 947.3684210526316
4932 947.3684210523545 1052.631578947431 1052.631578947368
4933 947.3684210523545 1052.631578947431 1157.894736842105
4934 947.3684210523545 1052.631578947431 1263.157894736842
4935 947.3684210523545 1052.631578947431 1368.421052631579
4936 947.3684210523545 1052.631578947431 1473.684210526316
4937 947.3684210523545 1052.631578947431 1578.947368421053
4938 947.3684210523545 1052.631578947431 1684.210526315789
4939 947.3684210523545 1052.631578947431 1789.473684210526
4940 947.3684210523545 1052.631578947431 1894.736842105263
4941 947.3684210523779 1157.894736842161 105.2631578947368
4942 947.3684210523779 1157.894736842161 210.5263157894737
4943 947.3684210523779 1157.894736842161 315.7894736842105
4944 947.3684210523779 1157.894736842161 421.0526315789473
4945 947.3684210523779 1157.894736842161 526.3157894736842
4946 947.3684210523779 1157.894736842161 631.578947368421
4947 947.3684210523779 1157.894736842161 736.8421052631578
4948 947.3684210523779 1157.894736842161 842.1052631578947
4949 947.3684210523779 1157.894736842161 947.3684210526316
4950 947.3684210523779 1157.894736842161 1052.631578947368
4951 947.3684210523779 1157.894736842161 1157.894736842105
4952 947.3684210523779 1157.894736842161 1263.157894736842
4953 947.3684210523779 1157.894736842161 1368.421052631579
4954 947.3684210523779 1157.894736842161 1473.684210526316
4955 947.3684210523779 1157.894736842161 1578.947368421053
4956 947.3684210523779 1157.894736842161 1684.210526315789
4957 947.3684210523779 1157.894736842161 1789.473684210526
4958 947.3684210523779 1157.894736842161 1894.736842105263
4959 947.3684210524019 1263.157894736891 105.2631578947368
4960 947.3684210524019 1263.157894736891 210.5263157894737
4961 947.3684210524019 1263.157894736891 315.7894736842105
4962 947.3684210524019 1263.157894736891 421.0526315789473
4963 947.3684210524019 1263.157894736891 526.3157894736842
4964 947.3684210524019 1263.157894736891 631.578947368421
4965 947.3684210524019 1263.157894736891 736.8421052631578
4966 947.3684210524019 1263.157894736891 842.1052631578947
4967 947.3684210524019 1263.157894736891 947.3684210526316
4968 947.3684210524019 1263.157894736891 1052.631578947368
4969 947.3684210524019 1263.157894736891 1157.894736842105
4970 947.3684210524019 1263.157894736891 1263.157894736842
4971 947.3684210524019 1263.157894736891 1368.421052631579
4972 947.3684210524019 1263.157894736891 1473.684210526316
4973 947.3684210524019 1263.157894736891 1578.947368421053
4974 947.3684210524019 1263.157894736891 1684.210526315789
4975 947.3684210524019 1263.157894736891 1789.473684210526
4976 947.3684210524019 1263.157894736891 1894.736842105263
4977 947.3684210524259 1368.421052631621 105.2631578947368
4978 947.3684210524259 1368.421052631621 210.5263157894737
4979 947.3684210524259 1368.421052631621 315.7894736842105
4980 947.3684210524259 1368.421052631621 421.0526315789473
4981 947.3684210524259 1368.421052631621 526.3157894736842
4982 947.3684210524259 1368.421052631621 631.578947368421
4983 947.3684210524259 1368.421052631621 736.8421052631578
4984 947.3684210524259 1368.421052631621 842.1052631578947
4985 947.3684210524259 1368.421052631621 947.3684210526316
4986 947.3684210524259 1368.421052631621 1052.631578947368
4987 947.3684210524259 1368.421052631621 1157.894736842105
4988 947.3684210524259 1368.421052631621 1263.157894736842
4989 947.3684210524259 1368.421052631621 1368.421052631579
4990 947.3684210524259 1368.421052631621 1473.684210526316
4991 947.3684210524259 1368.421052631621 1578.947368421053
4992 947.3684210524259 1368.421052631621 1684.210526315789
4993 947.3684210524259 1368.421052631621 1789.473684210526
4994 947.3684210524259 1368.421052631621 1894.736842105263
4995 947.3684210524493 1473.684210526351 105.2631578947368
4996 947.3684210524493 1473.684210526351 210.5263157894737
4997 947.3684210524493 1473.684210526351 315.7894736842105
4998 947.3684210524493 1473.684210526351 421.0526315789473
4999 947.3684210524493 1473.684210526351 526.3157894736842
5000 947.3684210524493 1473.684210526351 631.578947368421
5001 947.3684210524493 1473.684210526351 736.8421052631578
5002 947.3684210524493 1473.684210526351 842.1052631578947
5003 947.3684210524493 1473.684210526351 947.3684210526316
5004 947.3684210524493 1473.684210526351 1052.631578947368
5005 947.3684210524493 1473.684210526351 1157.894736842105
5006 947.3684210524493 1473.684210526351 1263.157894736842
5007 947.3684210524493 1473.684210526351 1368.421052631579
5008 947.3684210524493 1473.684210526351 1473.684210526316
5009 947.3684210524493 1473.684210526351 1578.947368421053
5010 947.3684210524493 1473.684210526351 1684.210526315789
5011 947.3684210524493 1473.684210526351 1789.473684210526
5012 947.3684210524493 1473.684210526351 1894.736842105263
5013 947.3684210524734 1578.947368421081 105.2631578947368
5014 947.3684210524734 1578.947368421081 210.5263157894737
5015 947.3684210524734 1578.947368421081 315.7894736842105
5016 947.3684210524734 1578.947368421081 421.0526315789473
5017 947.3684210524734 1578.947368421081 526.3157894736842
5018 947.3684210524734 1578.947368421081 631.578947368421
5019 947.3684210524734 1578.947368421081 736.8421052631578
5020 947.3684210524734 1578.947368421081 842.1052631578947
5021 947.3684210524734 1578.947368421081 947.3684210526316
5022 947.3684210524734 1578.947368421081 1052.631578947368
5023 947.3684210524734 1578.947368421081 1157.894736842105
5024 947.3684210524734 1578.947368421081 1263.157894736842
5025 947.3684210524734 1578.947368421081 1368.421052631579
5026 947.3684210524734 1578.947368421081 1473.684210526316
5027 947.3684210524734 1578.947368421081 1578.947368421053
5028 947.3684210524734 1578.947368421081 1684.210526315789
5029 947.3684210524734 1578.947368421081 1789.473684210526
5030 947.3684210524734 1578.947368421081 1894.736842105263
5031 947.3684210524973 1684.210526315811 105.2631578947368
5032 947.3684210524973 1684.210526315811 210.5263157894737
5033 947.3684210524973 1684.210526315811 315.7894736842105
5034 947.3684210524973 1684.210526315811 421.0526315789473
5035 947.3684210524973 1684.210526315811 526.3157894736842
5036 947.3684210524973 1684.210526315811 631.578947368421
5037 947.3684210524973 1684.210526315811 736.8421052631578
5038 947.3684210524973 1684.210526315811 842.1052631578947
5039 947.3684210524973 1684.210526315811 947.3684210526316
5040 947.3684210524973 1684.210526315811 1052.631578947368
5041 947.3684210524973 1684.210526315811 1157.894736842105
5042 947.3684210524973 1684.210526315811 1263.157894736842
5043 947.3684210524973 1684.210526315811 1368.421052631579
5044 947.3684210524973 1684.210526315811 1473.684210526316
5045 947.3684210524973 1684.210526315811 1578.947368421053
5046 947.3684210524973 1684.210526315811 1684.210526315789
5047 947.3684210524973 1684.210526315811 1789.473684210526
5048 947.3684210524973 1684.210526315811 1894.736842105263
5049 947.3684210525209 1789.47368421054 105.2631578947368
5050 947.3684210525209 1789.47368421054 210.5263157894737
5051 947.3684210525209 1789.47368421054 315.7894736842105
5052 947.3684210525209 1789.47368421054 421.0526315789473
5053 947.3684210525209 1789.47368421054 526.3157894736842
5054 947.3684210525209 1789.47368421054 631.578947368421
5055 947.3684210525209 1789.47368421054 736.8421052631578
5056 947.3684210525209 1789.47368421054 842.1052631578947
5057 947.3684210525209 1789.47368421054 947.3684210526316
5058 947.3684210525209 1789.47368421054 1052.631578947368
5059 947.3684210525209 1789.47368421054 1157.894736842105
5060 947.3684210525209 1789.47368421054 1263.157894736842
5061 947.3684210525209 1789.47368421054 1368.421052631579
5062 947.3684210525209 1789.47368421054 1473.684210526316
5063 947.3684210525209 1789.47368421054 1578.947368421053
5064 947.3684210525209 1789.47368421054 1684.210526315789
5065 947.3684210525209 1789.47368421054 1789.473684210526
5066 947.3684210525209 1789.47368421054 1894.736842105263
5067 947.3684210525447 1894.73684210527 105.2631578947368
5068 947.3684210525447 1894.73684210527 210.5263157894737
5069 947.3684210525447 1894.73684210527 315.7894736842105
5070 947.3684210525447 1894.73684210527 421.0526315789473
5071 947.3684210525447 1894.73684210527 526.3157894736842
5072 947.3684210525447 1894.73684210527 631.578947368421
5073 947.3684210525447 1894.73684210527 736.8421052631578
5074 947.3684210525447 1894.73684210527 842.1052631578947
5075 947.3684210525447 1894.73684210527 947.3684210526316
5076 947.3684210525447 1894.73684210527 1052.631578947368
5077 947.3684210525447 1894.73684210527 1157.894736842105
5078 947.3684210525447 1894.73684210527 1263.157894736842
5079 947.3684210525447 1894.73684210527 1368.421052631579
5080 947.3684210525447 1894.73684210527 1473.684210526316
5081 947.3684210525447 1894.73684210527 1578.947368421053
5082 947.3684210525447 1894.73684210527 1684.210526315789
5083 947.3684210525447 1894.73684210527 1789.473684210526
5084 947.3684210525447 1894.73684210527 1894.736842105263
5085 1052.631578947046 105.2631578947298 105.2631578947368
5086 1052.631578947046 105.2631578947298 210.5263157894737
5087 1052.631578947046 105.2631578947298 315.7894736842105
5088 1052.631578947046 105.2631578947298 421.0526315789473
5089 1052.631578947046 105.2631578947298 526.3157894736842
5090 1052.631578947046 105.2631578947298 631.578947368421
5091 1052.631578947046 105.2631578947298 736.8421052631578
5092 1052.631578947046 105.2631578947298 842.1052631578947
5093 1052.631578947046 105.2631578947298 947.3684210526316
5094 1052.631578947046 105.2631578947298 1052.631578947368
5095 1052.631578947046 105.2631578947298 1157.894736842105
5096 1052.631578947046 105.2631578947298 1263.157894736842
5097 1052.631578947046 105.2631578947298 1368.421052631579
5098 1052.631578947046 105.2631578947298 1473.684210526316
5099 1052.631578947046 105.2631578947298 1578.947368421053
5100 1052.631578947046 105.2631578947298 1684.210526315789
5101 1052.631578947046 105.2631578947298 1789.473684210526
5102 1052.631578947046 105.2631578947298 1894.736842105263
5103 1052.631578947068 210.5263157894599 105.2631578947368
5104 1052.631578947068 210.5263157894599 210.5263157894737
5105 1052.631578947068 210.5263157894599 315.7894736842105
5106 1052.631578947068 210.5263157894599 421.0526315789473
5107 1052.631578947068 210.5263157894599 526.3157894736842
5108 1052.631578947068 210.5263157894599 631.578947368421
5109 1052.631578947068 210.5263157894599 736.8421052631578
5110 1052.631578947068 210.5263157894599 842.1052631578947
5111 1052.631578947068 210.5263157894599 947.3684210526316
5112 1052.631578947068 210.5263157894599 1052.631578947368
5113 1052.631578947068 210.5263157894599 1157.894736842105
5114 1052.631578947068 210.5263157894599 1263.157894736842
5115 1052.631578947068 210.5263157894599 1368.421052631579
5116 1052.631578947068 210.5263157894599 1473.684210526316
5117 1052.631578947068 210.5263157894599 1578.947368421053
5118 1052.631578947068 210.5263157894599 1684.210526315789
5119 1052.631578947068 210.5263157894599 1789.473684210526
5120 1052.631578947068 210.5263157894599 1894.736842105263
5121 1052.631578947089 315.7894736841895 105.2631578947368
5122 1052.631578947089 315.7894736841895 210.5263157894737
5123 1052.631578947089 315.7894736841895 315.7894736842105
5124 1052.631578947089 315.7894736841895 421.0526315789473
5125 1052.631578947089 315.7894736841895 526.3157894736842
5126 1052.631578947089 315.7894736841895 631.578947368421
5127 1052.631578947089 315.7894736841895 736.8421052631578
5128 1052.631578947089 315.7894736841895 842.1052631578947
5129 1052.631578947089 315.7894736841895 947.3684210526316
5130 1052.631578947089 315.7894736841895 1052.631578947368
5131 1052.631578947089 315.7894736841895 1157.894736842105
5132 1052.631578947089 315.7894736841895 1263.157894736842
5133 1052.631578947089 315.7894736841895 1368.421052631579
5134 1052.631578947089 315.7894736841895 1473.684210526316
5135 1052.631578947089 315.7894736841895 1578.947368421053
5136 1052.631578947089 315.7894736841895 1684.210526315789
5137 1052.631578947089 315.7894736841895 1789.473684210526
5138 1052.631578947089 315.7894736841895 1894.736842105263
5139 1052.63157894711 421.0526315789191 105.2631578947368
5140 1052.63157894711 421.0526315789191 210.5263157894737
5141 1052.63157894711 421.0526315789191 315.7894736842105
5142 1052.63157894711 421.0526315789191 421.0526315789473
5143 1052.63157894711 421.0526315789191 526.3157894736842
5144 1052.63157894711 421.0526315789191 631.578947368421
5145 1052.63157894711 421.0526315789191 736.8421052631578
5146 1052.63157894711 421.0526315789191 842.1052631578947
5147 1052.63157894711 421.0526315789191 947.3684210526316
5148 1052.63157894711 421.0526315789191 1052.631578947368
5149 1052.63157894711 421.0526315789191 1157.894736842105
5150 1052.63157894711 421.0526315789191 1263.157894736842
5151 1052.63157894711 421.0526315789191 1368.421052631579
5152 1052.63157894711 421.0526315789191 1473.684210526316
5153 1052.63157894711 421.0526315789191 1578.947368421053
5154 1052.63157894711 421.0526315789191 1684.210526315789
5155 1052.63157894711 421.0526315789191 1789.473684210526
5156 1052.63157894711 421.0526315789191 1894.736842105263
5157 1052.631578947132 526.3157894736491 105.2631578947368
5158 1052.631578947132 526.3157894736491 210.5263157894737
5159 1052.631578947132 526.3157894736491 315.7894736842105
5160 1052.631578947132 526.3157894736491 421.0526315789473
5161 1052.631578947132 526.3157894736491 526.3157894736842
5162 1052.631578947132 526.3157894736491 631.578947368421
5163 1052.631578947132 526.3157894736491 736.8421052631578
5164 1052.631578947132 526.3157894736491 842.1052631578947
5165 1052.631578947132 526.3157894736491 947.3684210526316
5166 1052.631578947132 526.3157894736491 1052.631578947368
5167 1052.631578947132 526.3157894736491 1157.894736842105
5168 1052.631578947132 526.3157894736491 1263.157894736842
5169 1052.631578947132 526.3157894736491 1368.421052631579
5170 1052.631578947132 526.3157894736491 1473.684210526316
5171 1052.631578947132 526.3157894736491 1578.947368421053
5172 1052.631578947132 526.3157894736491 1684.210526315789
5173 1052.631578947132 526.3157894736491 1789.473684210526
5174 1052.631578947132 526.3157894736491 1894.736842105263
5175 1052.631578947153 631.578947368379 105.2631578947368
5176 1052.631578947153 631.578947368379 210.5263157894737
5177 1052.631578947153 631.578947368379 315.7894736842105
5178 1052.631578947153 631.578947368379 421.0526315789473
5179 1052.631578947153 631.578947368379 526.3157894736842
5180 1052.631578947153 631.578947368379 631.578947368421
5181 1052.631578947153 631.578947368379 736.8421052631578
5182 1052.631578947153 631.578947368379 842.1052631578947
5183 1052.631578947153 631.578947368379 947.3684210526316
5184 1052.631578947153 631.578947368379 1052.631578947368
5185 1052.631578947153 631.578947368379 1157.894736842105
5186 1052.631578947153 631.578947368379 1263.157894736842
5187 1052.631578947153 631.578947368379 1368.421052631579
5188 1052.631578947153 631.578947368379 1473.684210526316
5189 1052.631578947153 631.578947368379 1578.947368421053
5190 1052.631578947153 631.578947368379 1684.210526315789
5191 1052.631578947153 631.578947368379 1789.473684210526
5192 1052.631578947153 631.578947368379 1894.736842105263
5193 1052.631578947175 736.8421052631086 105.2631578947368
5194 1052.631578947175 736.8421052631086 210.5263157894737
5195 1052.631578947175 736.8421052631086 315.7894736842105
5196 1052.631578947175 736.8421052631086 421.0526315789473
5197 1052.631578947175 736.8421052631086 526.3157894736842
5198 1052.631578947175 736.8421052631086 631.578947368421
5199 1052.631578947175 736.8421052631086 736.8421052631578
5200 1052.631578947175 736.8421052631086 842.1052631578947
5201 1052.631578947175 736.8421052631086 947.3684210526316
5202 1052.631578947175 736.8421052631086 1052.631578947368
5203 1052.631578947175 736.8421052631086 1157.894736842105
5204 1052.631578947175 736.8421052631086 1263.157894736842
5205 1052.631578947175 736.8421052631086 1368.421052631579
5206 1052.631578947175 736.8421052631086 1473.684210526316
5207 1052.631578947175 736.8421052631086 1578.947368421053
5208 1052.631578947175 736.8421052631086 1684.210526315789
5209 1052.631578947175 736.8421052631086 1789.473684210526
5210 1052.631578947175 736.8421052631086 1894.736842105263
5211 1052.631578947196 842.1052631578384 105.2631578947368
5212 1052.631578947196 842.1052631578384 210.5263157894737
5213 1052.631578947196 842.1052631578384 315.7894736842105
5214 1052.631578947196 842.1052631578384 421.0526315789473
5215 1052.631578947196 842.1052631578384 526.3157894736842
5216 1052.631578947196 842.1052631578384 631.578947368421
5217 1052.631578947196 842.1052631578384 736.8421052631578
5218 1052.631578947196 842.1052631578384 842.1052631578947
5219 1052.631578947196 842.1052631578384 947.3684210526316
5220 1052.631578947196 842.1052631578384 1052.631578947368
5221 1052.631578947196 842.1052631578384 1157.894736842105
5222 1052.631578947196 842.1052631578384 1263.157894736842
5223 1052.631578947196 842.1052631578384 1368.421052631579
5224 1052.631578947196 842.1052631578384 1473.684210526316
5225 1052.631578947196 842.1052631578384 1578.947368421053
5226 1052.631578947196 842.1052631578384 1684.210526315789
5227 1052.631578947196 842.1052631578384 1789.473684210526
5228 1052.631578947196 842.1052631578384 1894.736842105263
5229 1052.631578947218 947.3684210525685 105.2631578947368
5230 1052.631578947218 947.3684210525685 210.5263157894737
5231 1052.631578947218 947.3684210525685 315.7894736842105
5232 1052.631578947218 947.3684210525685 421.0526315789473
5233 1052.631578947218 947.3684210525685 526.3157894736842
5234 1052.631578947218 947.3684210525685 631.578947368421
5235 1052.631578947218 947.3684210525685 736.8421052631578
5236 1052.631578947218 947.3684210525685 842.1052631578947
5237 1052.631578947218 947.3684210525685 947.3684210526316
5238 1052.631578947218 947.3684210525685 1052.631578947368
5239 1052.631578947218 947.3684210525685 1157.894736842105
5240 1052.631578947218 947.3684210525685 1263.157894736842
5241 1052.631578947218 947.3684210525685 1368.421052631579
5242 1052.631578947218 947.3684210525685 1473.684210526316
5243 1052.631578947218 947.3684210525685 1578.947368421053
5244 1052.631578947218 947.3684210525685 1684.210526315789
5245 1052.631578947218 947.3684210525685 1789.473684210526
5246 1052.631578947218 947.3684210525685 1894.736842105263
5247 1052.631578947239 1052.631578947431 105.2631578947368
5248 1052.631578947239 1052.631578947431 210.5263157894737
5249 1052.631578947239 1052.631578947431 315.7894736842105
5250 1052.631578947239 1052.631578947431 421.0526315789473
5251 1052.631578947239 1052.631578947431 526.3157894736842
5252 1052.631578947239 1052.631578947431 631.578947368421
5253 1052.631578947239 1052.631578947431 736.8421052631578
5254 1052.631578947239 1052.631578947431 842.1052631578947
5255 1052.631578947239 1052.631578947431 947.3684210526316
5256 1052.631578947239 1052.631578947431 1052.631578947368
5257 1052.631578947239 1052.631578947431 1157.894736842105
5258 1052.631578947239 1052.631578947431 1263.157894736842
5259 1052.631578947239 1052.631578947431 1368.421052631579
5260 1052.631578947239 1052.631578947431 1473.684210526316
5261 1052.631578947239 1052.631578947431 1578.947368421053
5262 1052.631578947239 1052.631578947431 1684.210526315789
5263 1052.631578947239 1052.631578947431 1789.473684210526
5264 1052.631578947239 1052.631578947431 1894.736842105263
5265 1052.63157894726 1157.894736842161 105.2631578947368
5266 1052.63157894726 1157.894736842161 210.5263157894737
5267 1052.63157894726 1157.894736842161 315.7894736842105
5268 1052.63157894726 1157.894736842161 421.0526315789473
5269 1052.63157894726 1157.894736842161 526.3157894736842
5270 1052.63157894726 1157.894736842161 631.578947368421
5271 1052.63157894726 1157.894736842161 736.8421052631578
5272 1052.63157894726 1157.894736842161 842.1052631578947
5273 1052.63157894726 1157.894736842161 947.3684210526316
5274 1052.63157894726 1157.894736842161 1052.631578947368
5275 1052.63157894726 1157.894736842161 1157.894736842105
5276 1052.63157894726 1157.894736842161 1263.157894736842
5277 1052.63157894726 1157.894736842161 1368.421052631579
5278 1052.63157894726 1157.894736842161 1473.684210526316
5279 1052.63157894726 1157.894736842161 1578.947368421053
5280 1052.63157894726 1157.894736842161 1684.210526315789
5281 1052.63157894726 1157.894736842161 1789.473684210526
5282 1052.63157894726 1157.894736842161 1894.736842105263
5283 1052.631578947282 1263.157894736891 105.2631578947368
5284 1052.631578947282 1263.157894736891 210.5263157894737
5285 1052.631578947282 1263.157894736891 315.7894736842105
5286 1052.631578947282 1263.157894736891 421.0526315789473
5287 1052.631578947282 1263.157894736891 526.3157894736842
5288 1052.631578947282 1263.157894736891 631.578947368421
5289 1052.631578947282 1263.157894736891 736.8421052631578
5290 1052.631578947282 1263.157894736891 842.1052631578947
5291 1052.631578947282 1263.157894736891 947.3684210526316
5292 1052.631578947282 1263.157894736891 1052.631578947368
5293 1052.631578947282 1263.157894736891 1157.894736842105
5294 1052.631578947282 1263.157894736891 1263.157894736842
5295 1052.631578947282 1263.157894736891 1368.421052631579
5296 1052.631578947282 1263.157894736891 1473.684210526316
5297 1052.631578947282 1263.157894736891 1578.947368421053
5298 1052.631578947282 1263.157894736891 1684.210526315789
5299 1052.631578947282 1263.157894736891 1789.473684210526
5300 1052.631578947282 1263.157894736891 1894.736842105263
5301 1052.631578947303 1368.421052631621 105.2631578947368
5302 1052.631578947303 1368.421052631621 210.5263157894737
5303 1052.631578947303 1368.421052631621 315.7894736842105
5304 1052.631578947303 1368.421052631621 421.0526315789473
5305 1052.631578947303 1368.421052631621 526.3157894736842
5306 1052.631578947303 1368.421052631621 631.578947368421
5307 1052.631578947303 1368.421052631621 736.8421052631578
5308 1052.631578947303 1368.421052631621 842.1052631578947
5309 1052.631578947303 1368.421052631621 947.3684210526316
5310 1052.631578947303 1368.421052631621 1052.631578947368
5311 1052.631578947303 1368.421052631621 1157.894736842105
5312 1052.631578947303 1368.421052631621 1263.157894736842
5313 1052.631578947303 1368.421052631621 1368.421052631579
5314 1052.631578947303 1368.421052631621 1473.684210526316
5315 1052.631578947303 1368.421052631621 1578.947368421053
5316 1052.631578947303 1368.421052631621 1684.210526315789
5317 1052.631578947303 1368.421052631621 1789.473684210526
5318 1052.631578947303 1368.421052631621 1894.736842105263
5319 1052.631578947325 1473.684210526351 105.2631578947368
5320 1052.631578947325 1473.684210526351 210.5263157894737
5321 1052.631578947325 1473.684210526351 315.7894736842105
5322 1052.631578947325 1473.684210526351 421.0526315789473
5323 1052.631578947325 1473.684210526351 526.3157894736842
5324 1052.631578947325 1473.684210526351 631.578947368421
5325 1052.631578947325 1473.684210526351 736.8421052631578
5326 1052.631578947325 1473.684210526351 842.1052631578947
5327 1052.631578947325 1473.684210526351 947.3684210526316
5328 1052.631578947325 1473.684210526351 1052.631578947368
5329 1052.631578947325 1473.684210526351 1157.894736842105
5330 1052.631578947325 1473.684210526351 1263.157894736842
5331 1052.631578947325 1473.684210526351 1368.421052631579
5332 1052.631578947325 1473.684210526351 1473.684210526316
5333 1052.631578947325 1473.684210526351 1578.947368421053
5334 1052.631578947325 1473.684210526351 1684.210526315789
5335 1052.631578947325 1473.684210526351 1789.473684210526
5336 1052.631578947325 1473.684210526351 1894.736842105263
5337 1052.631578947346 1578.94736842108 105.2631578947368
5338 1052.631578947346 1578.94736842108 210.5263157894737
5339 1052.631578947346 1578.94736842108 315.7894736842105
5340 1052.631578947346 1578.94736842108 421.0526315789473
5341 1052.631578947346 1578.94736842108 526.3157894736842
5342 1052.631578947346 1578.94736842108 631.578947368421
5343 1052.631578947346 1578.94736842108 736.8421052631578
5344 1052.631578947346 1578.94736842108 842.1052631578947
5345 1052.631578947346 1578.94736842108 947.3684210526316
5346 1052.631578947346 1578.94736842108 1052.631578947368
5347 1052.631578947346 1578.94736842108 1157.894736842105
5348 1052.631578947346 1578.94736842108 1263.157894736842
5349 1052.631578947346 1578.94736842108 1368.421052631579
5350 1052.631578947346 1578.94736842108 1473.684210526316
5351 1052.631578947346 1578.94736842108 1578.947368421053
5352 1052.631578947346 1578.94736842108 1684.210526315789
5353 1052.631578947346 1578.94736842108 1789.473684210526
5354 1052.631578947346 1578.94736842108 1894.736842105263
5355 1052.631578947367 1684.21052631581 105.2631578947368
5356 1052.631578947367 1684.21052631581 210.5263157894737
5357 1052.631578947367 1684.21052631581 315.7894736842105
5358 1052.631578947367 1684.21052631581 421.0526315789473
5359 1052.631578947367 1684.21052631581 526.3157894736842
5360 1052.631578947367 1684.21052631581 631.578947368421
5361 1052.631578947367 1684.21052631581 736.8421052631578
5362 1052.631578947367 1684.21052631581 842.1052631578947
5363 1052.631578947367 1684.21052631581 947.3684210526316
5364 1052.631578947367 1684.21052631581 1052.631578947368
5365 1052.631578947367 1684.21052631581 1157.894736842105
5366 1052.631578947367 1684.21052631581 1263.157894736842
5367 1052.631578947367 1684.21052631581 1368.421052631579
5368 1052.631578947367 1684.21052631581 1473.684210526316
5369 1052.631578947367 1684.21052631581 1578.947368421053
5370 1052.631578947367 1684.21052631581 1684.210526315789
5371 1052.631578947367 1684.21052631581 1789.473684210526
5372 1052.631578947367 1684.21052631581 1894.736842105263
5373 1052.631578947389 1789.47368421054 105.2631578947368
5374 1052.631578947389 1789.47368421054 210.5263157894737
5375 1052.631578947389 1789.47368421054 315.7894736842105
5376 1052.631578947389 1789.47368421054 421.0526315789473
5377 1052.631578947389 1789.47368421054 526.3157894736842
5378 1052.631578947389 1789.47368421054 631.578947368421
5379 1052.631578947389 1789.47368421054 736.8421052631578
5380 1052.631578947389 1789.47368421054 842.1052631578947
5381 1052.631578947389 1789.47368421054 947.3684210526316
5382 1052.631578947389 1789.47368421054 1052.631578947368
5383 1052.631578947389 1789.47368421054 1157.894736842105
5384 1052.631578947389 1789.47368421054 1263.157894736842
5385 1052.631578947389 1789.47368421054 1368.421052631579
5386 1052.631578947389 1789.47368421054 1473.684210526316
5387 1052.631578947389 1789.47368421054 1578.947368421053
5388 1052.631578947389 1789.47368421054 1684.210526315789
5389 1052.631578947389 1789.47368421054 1789.473684210526
5390 1052.631578947389 1789.47368421054 1894.736842105263
5391 1052.63157894741 1894.73684210527 105.2631578947368
5392 1052.63157894741 1894.73684210527 210.5263157894737
5393 1052.63157894741 1894.73684210527 315.7894736842105
5394 1052.63157894741 1894.73684210527 421.0526315789473
5395 1052.63157894741 1894.73684210527 526.3157894736842
5396 1052.63157894741 1894.73684210527 631.578947368421
5397 1052.63157894741 1894.73684210527 736.8421052631578
5398 1052.63157894741 1894.73684210527 842.1052631578947
5399 1052.63157894741 1894.73684210527 947.3684210526316
5400 1052.63157894741 1894.73684210527 1052.631578947368
5401 1052.63157894741 1894.73684210527 1157.894736842105
5402 1052.63157894741 1894.73684210527 1263.157894736842
5403 1052.63157894741 1894.73684210527 1368.421052631579
5404 1052.63157894741 1894.73684210527 1473.684210526316
5405 1052.63157894741 1894.73684210527 1578.947368421053
5406 1052.63157894741 1894.73684210527 1684.210526315789
5407 1052.63157894741 1894.73684210527 1789.473684210526
5408 1052.63157894741 1894.73684210527 1894.736842105263
5409 1157.89473684182 105.2631578947298 105.2631578947368
5410 1157.89473684182 105.2631578947298 210.5263157894737
5411 1157.89473684182 105.2631578947298 315.7894736842105
5412 1157.89473684182 105.2631578947298 421.0526315789473
5413 1157.89473684182 105.2631578947298 526.3157894736842
5414 1157.89473684182 105.2631578947298 631.578947368421
5415 1157.89473684182 105.2631578947298 736.8421052631578
5416 1157.89473684182 105.2631578947298 842.1052631578947
5417 1157.89473684182 105.2631578947298 947.3684210526316
5418 1157.89473684182 105.2631578947298 1052.631578947368
5419 1157.89473684182 105.2631578947298 1157.894736842105
5420 1157.89473684182 105.2631578947298 1263.157894736842
5421 1157.89473684182 105.2631578947298 1368.421052631579
5422 1157.89473684182 105.2631578947298 1473.684210526316
5423 1157.89473684182 105.2631578947298 1578.947368421053
5424 1157.89473684182 105.2631578947298 1684.210526315789
5425 1157.89473684182 105.2631578947298 1789.473684210526
5426 1157.89473684182 105.2631578947298 1894.736842105263
5427 1157.894736841838 210.5263157894599 105.2631578947368
5428 1157.894736841838 210.5263157894599 210.5263157894737
5429 1157.894736841838 210.5263157894599 315.7894736842105
5430 1157.894736841838 210.5263157894599 421.0526315789473
5431 1157.894736841838 210.5263157894599 526.3157894736842
5432 1157.894736841838 210.5263157894599 631.578947368421
5433 1157.894736841838 210.5263157894599 736.8421052631578
5434 1157.894736841838 210.5263157894599 842.1052631578947
5435 1157.894736841838 210.5263157894599 947.3684210526316
5436 1157.894736841838 210.5263157894599 1052.631578947368
5437 1157.894736841838 210.5263157894599 1157.894736842105
5438 1157.894736841838 210.5263157894599 1263.157894736842
5439 1157.894736841838 210.5263157894599 1368.421052631579
5440 1157.894736841838 210.5263157894599 1473.684210526316
5441 1157.894736841838 210.5263157894599 1578.947368421053
5442 1157.894736841838 210.5263157894599 1684.210526315789
5443 1157.894736841838 210.5263157894599 1789.473684210526
5444 1157.894736841838 210.5263157894599 1894.736842105263
5445 1157.894736841857 315.7894736841895 105.2631578947368
5446 1157.894736841857 315.7894736841895 210.5263157894737
5447 1157.894736841857 315.7894736841895 315.7894736842105
5448 1157.894736841857 315.7894736841895 421.0526315789473
5449 1157.894736841857 315.7894736841895 526.3157894736842
5450 1157.894736841857 315.7894736841895 631.578947368421
5451 1157.894736841857 315.7894736841895 736.8421052631578
5452 1157.894736841857 315.7894736841895 842.1052631578947
5453 1157.894736841857 315.7894736841895 947.3684210526316
5454 1157.894736841857 315.7894736841895 1052.631578947368
5455 1157.894736841857 315.7894736841895 1157.894736842105
5456 1157.894736841857 315.7894736841895 1263.157894736842
5457 1157.894736841857 315.7894736841895 1368.421052631579
5458 1157.894736841857 315.7894736841895 1473.684210526316
5459 1157.894736841857 315.7894736841895 1578.947368421053
5460 1157.894736841857 315.7894736841895 1684.210526315789
5461 1157.894736841857 315.7894736841895 1789.473684210526
5462 1157.894736841857 315.7894736841895 1894.736842105263
5463 1157.894736841876 421.0526315789191 105.2631578947368
5464 1157.894736841876 421.0526315789191 210.5263157894737
5465 1157.894736841876 421.0526315789191 315.7894736842105
5466 1157.894736841876 421.0526315789191 421.0526315789473
5467 1157.894736841876 421.0526315789191 526.3157894736842
5468 1157.894736841876 421.0526315789191 631.578947368421
5469 1157.894736841876 421.0526315789191 736.8421052631578
5470 1157.894736841876 421.0526315789191 842.1052631578947
5471 1157.894736841876 421.0526315789191 947.3684210526316
5472 1157.894736841876 421.0526315789191 1052.631578947368
5473 1157.894736841876 421.0526315789191 1157.894736842105
5474 1157.894736841876 421.0526315789191 1263.157894736842
5475 1157.894736841876 421.0526315789191 1368.421052631579
5476 1157.894736841876 421.0526315789191 1473.684210526316
5477 1157.894736841876 421.0526315789191 1578.947368421053
5478 1157.894736841876 421.0526315789191 1684.210526315789
5479 1157.894736841876 421.0526315789191 1789.473684210526
5480 1157.894736841876 421.0526315789191 1894.736842105263
5481 1157.894736841895 526.3157894736491 105.2631578947368
5482 1157.894736841895 526.3157894736491 210.5263157894737
5483 1157.894736841895 526.3157894736491 315.7894736842105
5484 1157.894736841895 526.3157894736491 421.0526315789473
5485 1157.894736841895 526.3157894736491 526.3157894736842
5486 1157.894736841895 526.3157894736491 631.578947368421
5487 1157.894736841895 526.3157894736491 736.8421052631578
5488 1157.894736841895 526.3157894736491 842.1052631578947
5489 1157.894736841895 526.3157894736491 947.3684210526316
5490 1157.894736841895 526.3157894736491 1052.631578947368
5491 1157.894736841895 526.3157894736491 1157.894736842105
5492 1157.894736841895 526.3157894736491 1263.157894736842
5493 1157.894736841895 526.3157894736491 1368.421052631579
5494 1157.894736841895 526.3157894736491 1473.684210526316
5495 1157.894736841895 526.3157894736491 1578.947368421053
5496 1157.894736841895 526.3157894736491 1684.210526315789
5497 1157.894736841895 526.3157894736491 1789.473684210526
5498 1157.894736841895 526.3157894736491 1894.736842105263
5499 1157.894736841914 631.578947368379 105.2631578947368
5500 1157.894736841914 631.578947368379 210.5263157894737
5501 1157.894736841914 631.578947368379 315.7894736842105
5502 1157.894736841914 631.578947368379 421.0526315789473
5503 1157.894736841914 631.578947368379 526.3157894736842
5504 1157.894736841914 631.578947368379 631.578947368421
5505 1157.894736841914 631.578947368379 736.8421052631578
5506 1157.894736841914 631.578947368379 842.1052631578947
5507 1157.894736841914 631.578947368379 947.3684210526316
5508 1157.894736841914 631.578947368379 1052.631578947368
5509 1157.894736841914 631.578947368379 1157.894736842105
5510 1157.894736841914 631.578947368379 1263.157894736842
5511 1157.894736841914 631.578947368379 1368.421052631579
5512 1157.894736841914 631.578947368379 1473.684210526316
5513 1157.894736841914 631.578947368379 1578.947368421053
5514 1157.894736841914 631.578947368379 1684.210526315789
5515 1157.894736841914 631.578947368379 1789.473684210526
5516 1157.894736841914 631.578947368379 1894.736842105263
5517 1157.894736841933 736.8421052631086 105.2631578947368
5518 1157.894736841933 736.8421052631086 210.5263157894737
5519 1157.894736841933 736.8421052631086 315.7894736842105
5520 1157.894736841933 736.8421052631086 421.0526315789473
5521 1157.894736841933 736.8421052631086 526.3157894736842
5522 1157.894736841933 736.8421052631086 631.578947368421
5523 1157.894736841933 736.8421052631086 736.8421052631578
5524 1157.894736841933 736.8421052631086 842.1052631578947
5525 1157.894736841933 736.8421052631086 947.3684210526316
5526 1157.894736841933 736.8421052631086 1052.631578947368
5527 1157.894736841933 736.8421052631086 1157.894736842105
5528 1157.894736841933 736.8421052631086 1263.157894736842
5529 1157.894736841933 736.8421052631086 1368.421052631579
5530 1157.894736841933 736.8421052631086 1473.684210526316
5531 1157.894736841933 736.8421052631086 1578.947368421053
5532 1157.894736841933 736.8421052631086 1684.210526315789
5533 1157.894736841933 736.8421052631086 1789.473684210526
5534 1157.894736841933 736.8421052631086 1894.736842105263
5535 1157.894736841953 842.1052631578384 105.2631578947368
5536 1157.894736841953 842.1052631578384 210.5263157894737
5537 1157.894736841953 842.1052631578384 315.7894736842105
5538 1157.894736841953 842.1052631578384 421.0526315789473
5539 1157.894736841953 842.1052631578384 526.3157894736842
5540 1157.894736841953 842.1052631578384 631.578947368421
5541 1157.894736841953 842.1052631578384 736.8421052631578
5542 1157.894736841953 842.1052631578384 842.1052631578947
5543 1157.894736841953 842.1052631578384 947.3684210526316
5544 1157.894736841953 842.1052631578384 1052.631578947368
5545 1157.894736841953 842.1052631578384 1157.894736842105
5546 1157.894736841953 842.1052631578384 1263.157894736842
5547 1157.894736841953 842.1052631578384 1368.421052631579
5548 1157.894736841953 842.1052631578384 1473.684210526316
5549 1157.894736841953 842.1052631578384 1578.947368421053
5550 1157.894736841953 842.1052631578384 1684.210526315789
5551 1157.894736841953 842.1052631578384 1789.473684210526
5552 1157.894736841953 842.1052631578384 1894.736842105263
5553 1157.894736841972 947.3684210525685 105.2631578947368
5554 1157.894736841972 947.3684210525685 210.5263157894737
5555 1157.894736841972 947.3684210525685 315.7894736842105
5556 1157.894736841972 947.3684210525685 421.0526315789473
5557 1157.894736841972 947.3684210525685 526.3157894736842
5558 1157.894736841972 947.3684210525685 631.578947368421
5559 1157.894736841972 947.3684210525685 736.8421052631578
5560 1157.894736841972 947.3684210525685 842.1052631578947
5561 1157.894736841972 947.3684210525685 947.3684210526316
5562 1157.894736841972 947.3684210525685 1052.631578947368
5563 1157.894736841972 947.3684210525685 1157.894736842105
5564 1157.894736841972 947.3684210525685 1263.157894736842
5565 1157.894736841972 947.3684210525685 1368.421052631579
5566 1157.894736841972 947.3684210525685 1473.684210526316
5567 1157.894736841972 947.3684210525685 1578.947368421053
5568 1157.894736841972 947.3684210525685 1684.210526315789
5569 1157.894736841972 947.3684210525685 1789.473684210526
5570 1157.894736841972 947.3684210525685 1894.736842105263
5571 1157.89473684199 1052.631578947432 105.2631578947368
5572 1157.89473684199 1052.631578947432 210.5263157894737
5573 1157.89473684199 1052.631578947432 315.7894736842105
5574 1157.89473684199 1052.631578947432 421.0526315789473
5575 1157.89473684199 1052.631578947432 526.3157894736842
5576 1157.89473684199 1052.631578947432 631.578947368421
5577 1157.89473684199 1052.631578947432 736.8421052631578
5578 1157.89473684199 1052.631578947432 842.1052631578947
5579 1157.89473684199 1052.631578947432 947.3684210526316
5580 1157.89473684199 1052.631578947432 1052.631578947368
5581 1157.89473684199 1052.631578947432 1157.894736842105
5582 1157.89473684199 1052.631578947432 1263.157894736842
5583 1157.89473684199 1052.631578947432 1368.421052631579
5584 1157.89473684199 1052.631578947432 1473.684210526316
5585 1157.89473684199 1052.631578947432 1578.947368421053
5586 1157.89473684199 1052.631578947432 1684.210526315789
5587 1157.89473684199 1052.631578947432 1789.473684210526
5588 1157.89473684199 1052.631578947432 1894.736842105263
5589 1157.894736842009 1157.894736842161 105.2631578947368
5590 1157.894736842009 1157.894736842161 210.5263157894737
5591 1157.894736842009 1157.894736842161 315.7894736842105
5592 1157.894736842009 1157.894736842161 421.0526315789473
5593 1157.894736842009 1157.894736842161 526.3157894736842
5594 1157.894736842009 1157.894736842161 631.578947368421
5595 1157.894736842009 1157.894736842161 736.8421052631578
5596 1157.894736842009 1157.894736842161 842.1052631578947
5597 1157.894736842009 1157.894736842161 947.3684210526316
5598 1157.894736842009 1157.894736842161 1052.631578947368
5599 1157.894736842009 1157.894736842161 1157.894736842105
5600 1157.894736842009 1157.894736842161 1263.157894736842
5601 1157.894736842009 1157.894736842161 1368.421052631579
5602 1157.894736842009 1157.894736842161 1473.684210526316
5603 1157.894736842009 1157.894736842161 1578.947368421053
5604 1157.894736842009 1157.894736842161 1684.210526315789
5605 1157.894736842009 1157.894736842161 1789.473684210526
5606 1157.894736842009 1157.894736842161 1894.736842105263
5607 1157.894736842028 1263.157894736891 105.2631578947368
5608 1157.894736842028 1263.157894736891 210.5263157894737
5609 1157.894736842028 1263.157894736891 315.7894736842105
5610 1157.894736842028 1263.157894736891 421.0526315789473
5611 1157.894736842028 1263.157894736891 526.3157894736842
5612 1157.894736842028 1263.157894736891 631.578947368421
5613 1157.894736842028 1263.157894736891 736.8421052631578
5614 1157.894736842028 1263.157894736891 842.1052631578947
5615 1157.894736842028 1263.157894736891 947.3684210526316
5616 1157.894736842028 1263.157894736891 1052.631578947368
5617 1157.894736842028 1263.157894736891 1157.894736842105
5618 1157.894736842028 1263.157894736891 1263.157894736842
5619 1157.894736842028 1263.157894736891 1368.421052631579
5620 1157.894736842028 1263.157894736891 1473.684210526316
5621 1157.894736842028 1263.157894736891 1578.947368421053
5622 1157.894736842028 1263.157894736891 1684.210526315789
5623 1157.894736842028 1263.157894736891 1789.473684210526
5624 1157.894736842028 1263.157894736891 1894.736842105263
5625 1157.894736842047 1368.421052631621 105.2631578947368
5626 1157.894736842047 1368.421052631621 210.5263157894737
5627 1157.894736842047 1368.421052631621 315.7894736842105
5628 1157.894736842047 1368.421052631621 421.0526315789473
5629 1157.894736842047 1368.421052631621 526.3157894736842
5630 1157.894736842047 1368.421052631621 631.578947368421
5631 1157.894736842047 1368.421052631621 736.8421052631578
5632 1157.894736842047 1368.421052631621 842.1052631578947
5633 1157.894736842047 1368.421052631621 947.3684210526316
5634 1157.894736842047 1368.421052631621 1052.631578947368
5635 1157.894736842047 1368.421052631621 1157.894736842105
5636 1157.894736842047 1368.421052631621 1263.157894736842
5637 1157.894736842047 1368.421052631621 1368.421052631579
5638 1157.894736842047 1368.421052631621 1473.684210526316
5639 1157.894736842047 1368.421052631621 1578.947368421053
5640 1157.894736842047 1368.421052631621 1684.210526315789
5641 1157.894736842047 1368.421052631621 1789.473684210526
5642 1157.894736842047 1368.421052631621 1894.736842105263
5643 1157.894736842066 1473.684210526351 105.2631578947368
5644 1157.894736842066 1473.684210526351 210.5263157894737
5645 1157.894736842066 1473.684210526351 315.7894736842105
5646 1157.894736842066 1473.684210526351 421.0526315789473
5647 1157.894736842066 1473.684210526351 526.3157894736842
5648 1157.894736842066 1473.684210526351 631.578947368421
5649 1157.894736842066 1473.684210526351 736.8421052631578
5650 1157.894736842066 1473.684210526351 842.1052631578947
5651 1157.894736842066 1473.684210526351 947.3684210526316
5652 1157.894736842066 1473.684210526351 1052.631578947368
5653 1157.894736842066 1473.684210526351 1157.894736842105
5654 1157.894736842066 1473.684210526351 1263.157894736842
5655 1157.894736842066 1473.684210526351 1368.421052631579
5656 1157.894736842066 1473.684210526351 1473.684210526316
5657 1157.894736842066 1473.684210526351 1578.947368421053
5658 1157.894736842066 1473.684210526351 1684.210526315789
5659 1157.894736842066 1473.684210526351 1789.473684210526
5660 1157.894736842066 1473.684210526351 1894.736842105263
5661 1157.894736842086 1578.947368421081 105.2631578947368
5662 1157.894736842086 1578.947368421081 210.5263157894737
5663 1157.894736842086 1578.947368421081 315.7894736842105
5664 1157.894736842086 1578.947368421081 421.0526315789473
5665 1157.894736842086 1578.947368421081 526.3157894736842
5666 1157.894736842086 1578.947368421081 631.578947368421
5667 1157.894736842086 1578.947368421081 736.8421052631578
5668 1157.894736842086 1578.947368421081 842.1052631578947
5669 1157.894736842086 1578.947368421081 947.3684210526316
5670 1157.894736842086 1578.947368421081 1052.631578947368
5671 1157.894736842086 1578.947368421081 1157.894736842105
5672 1157.894736842086 1578.947368421081 1263.157894736842
5673 1157.894736842086 1578.947368421081 1368.421052631579
5674 1157.894736842086 1578.947368421081 1473.684210526316
5675 1157.894736842086 1578.947368421081 1578.947368421053
5676 1157.894736842086 1578.947368421081 1684.210526315789
5677 1157.894736842086 1578.947368421081 1789.473684210526
5678 1157.894736842086 1578.947368421081 1894.736842105263
5679 1157.894736842105 1684.21052631581 105.2631578947368
5680 1157.894736842105 1684.21052631581 210.5263157894737
5681 1157.894736842105 1684.21052631581 315.7894736842105
5682 1157.894736842105 1684.21052631581 421.0526315789473
5683 1157.894736842105 1684.21052631581 526.3157894736842
5684 1157.894736842105 1684.21052631581 631.578947368421
5685 1157.894736842105 1684.21052631581 736.8421052631578
5686 1157.894736842105 1684.21052631581 842.1052631578947
5687 1157.894736842105 1684.21052631581 947.3684210526316
5688 1157.894736842105 1684.21052631581 1052.631578947368
5689 1157.894736842105 1684.21052631581 1157.894736842105
5690 1157.894736842105 1684.21052631581 1263.157894736842
5691 1157.894736842105 1684.21052631581 1368.421052631579
5692 1157.894736842105 1684.21052631581 1473.684210526316
5693 1157.894736842105 1684.21052631581 1578.947368421053
5694 1157.894736842105 1684.21052631581 1684.210526315789
5695 1157.894736842105 1684.21052631581 1789.473684210526
5696 1157.894736842105 1684.21052631581 1894.736842105263
5697 1157.894736842123 1789.47368421054 105.2631578947368
5698 1157.894736842123 1789.47368421054 210.5263157894737
5699 1157.894736842123 1789.47368421054 315.7894736842105
5700 1157.894736842123 1789.47368421054 421.0526315789473
5701 1157.894736842123 1789.47368421054 526.3157894736842
5702 1157.894736842123 1789.47368421054 631.578947368421
5703 1157.894736842123 1789.47368421054 736.8421052631578
5704 1157.894736842123 1789.47368421054 842.1052631578947
5705 1157.894736842123 1789.47368421054 947.3684210526316
5706 1157.894736842123 1789.47368421054 1052.631578947368
5707 1157.894736842123 1789.47368421054 1157.894736842105
5708 1157.894736842123 1789.47368421054 1263.157894736842
5709 1157.894736842123 1789.47368421054 1368.421052631579
5710 1157.894736842123 1789.47368421054 1473.684210526316
5711 1157.894736842123 1789.47368421054 1578.947368421053
5712 1157.894736842123 1789.47368421054 1684.210526315789
5713 1157.894736842123 1789.47368421054 1789.473684210526
5714 1157.894736842123 1789.47368421054 1894.736842105263
5715 1157.894736842142 1894.73684210527 105.2631578947368
5716 1157.894736842142 1894.73684210527 210.5263157894737
5717 1157.894736842142 1894.73684210527 315.7894736842105
5718 1157.894736842142 1894.73684210527 421.0526315789473
5719 1157.894736842142 1894.73684210527 526.3157894736842
5720 1157.894736842142 1894.73684210527 631.578947368421
5721 1157.894736842142 1894.73684210527 736.8421052631578
5722 1157.894736842142 1894.73684210527 842.1052631578947
5723 1157.894736842142 1894.73684210527 947.3684210526316
5724 1157.894736842142 1894.73684210527 1052.631578947368
5725 1157.894736842142 1894.73684210527 1157.894736842105
5726 1157.894736842142 1894.73684210527 1263.157894736842
5727 1157.894736842142 1894.73684210527 1368.421052631579
5728 1157.894736842142 1894.73684210527 1473.684210526316
5729 1157.894736842142 1894.73684210527 1578.947368421053
5730 1157.894736842142 1894.73684210527 1684.210526315789
5731 1157.894736842142 1894.73684210527 1789.473684210526
5732 1157.894736842142 1894.73684210527 1894.736842105263
5733 1263.157894736592 105.2631578947298 105.2631578947368
5734 1263.157894736592 105.2631578947298 210.5263157894737
5735 1263.157894736592 105.2631578947298 315.7894736842105
5736 1263.157894736592 105.2631578947298 421.0526315789473
5737 1263.157894736592 105.2631578947298 526.3157894736842
5738 1263.157894736592 105.2631578947298 631.578947368421
5739 1263.157894736592 105.2631578947298 736.8421052631578
5740 1263.157894736592 105.2631578947298 842.1052631578947
5741 1263.157894736592 105.2631578947298 947.3684210526316
5742 1263.157894736592 105.2631578947298 1052.631578947368
5743 1263.157894736592 105.2631578947298 1157.894736842105
5744 1263.157894736592 105.2631578947298 1263.157894736842
5745 1263.157894736592 105.2631578947298 1368.421052631579
5746 1263.157894736592 105.2631578947298 1473.684210526316
5747 1263.157894736592 105.2631578947298 1578.947368421053
5748 1263.157894736592 105.2631578947298 1684.210526315789
5749 1263.157894736592 105.2631578947298 1789.473684210526
5750 1263.157894736592 105.2631578947298 1894.736842105263
5751 1263.157894736608 210.5263157894599 105.2631578947368
5752 1263.157894736608 210.5263157894599 210.5263157894737
5753 1263.157894736608 210.5263157894599 315.7894736842105
5754 1263.157894736608 210.5263157894599 421.0526315789473
5755 1263.157894736608 210.5263157894599 526.3157894736842
5756 1263.157894736608 210.5263157894599 631.578947368421
5757 1263.157894736608 210.5263157894599 736.8421052631578
5758 1263.157894736608 210.5263157894599 842.1052631578947
5759 1263.157894736608 210.5263157894599 947.3684210526316
5760 1263.157894736608 210.5263157894599 1052.631578947368
5761 1263.157894736608 210.5263157894599 1157.894736842105
5762 1263.157894736608 210.5263157894599 1263.157894736842
5763 1263.157894736608 210.5263157894599 1368.421052631579
5764 1263.157894736608 210.5263157894599 1473.684210526316
5765 1263.157894736608 210.5263157894599 1578.947368421053
5766 1263.157894736608 210.5263157894599 1684.210526315789
5767 1263.157894736608 210.5263157894599 1789.473684210526
5768 1263.157894736608 210.5263157894599 1894.736842105263
5769 1263.157894736625 315.7894736841895 105.2631578947368
5770 1263.157894736625 315.7894736841895 210.5263157894737
5771 1263.157894736625 315.7894736841895 315.7894736842105
5772 1263.157894736625 315.7894736841895 421.0526315789473
5773 1263.157894736625 315.7894736841895 526.3157894736842
5774 1263.157894736625 315.7894736841895 631.578947368421
5775 1263.157894736625 315.7894736841895 736.8421052631578
5776 1263.157894736625 315.7894736841895 842.1052631578947
5777 1263.157894736625 315.7894736841895 947.3684210526316
5778 1263.157894736625 315.7894736841895 1052.631578947368
5779 1263.157894736625 315.7894736841895 1157.894736842105
5780 1263.157894736625 315.7894736841895 1263.157894736842
5781 1263.157894736625 315.7894736841895 1368.421052631579
5782 1263.157894736625 315.7894736841895 1473.684210526316
5783 1263.157894736625 315.7894736841895 1578.947368421053
5784 1263.157894736625 315.7894736841895 1684.210526315789
5785 1263.157894736625 315.7894736841895 1789.473684210526
5786 1263.157894736625 315.7894736841895 1894.736842105263
5787 1263.157894736642 421.0526315789191 105.2631578947368
5788 1263.157894736642 421.0526315789191 210.5263157894737
5789 1263.157894736642 421.0526315789191 315.7894736842105
5790 1263.157894736642 421.0526315789191 421.0526315789473
5791 1263.157894736642 421.0526315789191 526.3157894736842
5792 1263.157894736642 421.0526315789191 631.578947368421
5793 1263.157894736642 421.0526315789191 736.8421052631578
5794 1263.157894736642 421.0526315789191 842.1052631578947
5795 1263.157894736642 421.0526315789191 947.3684210526316
5796 1263.157894736642 421.0526315789191 1052.631578947368
5797 1263.157894736642 421.0526315789191 1157.894736842105
5798 1263.157894736642 421.0526315789191 1263.157894736842
5799 1263.157894736642 421.0526315789191 1368.421052631579
5800 1263.157894736642 421.0526315789191 1473.684210526316
5801 1263.157894736642 421.0526315789191 1578.947368421053
5802 1263.157894736642 421.0526315789191 1684.210526315789
5803 1263.157894736642 421.0526315789191 1789.473684210526
5804 1263.157894736642 421.0526315789191 1894.736842105263
5805 1263.157894736658 526.3157894736491 105.2631578947368
5806 1263.157894736658 526.3157894736491 210.5263157894737
5807 1263.157894736658 526.3157894736491 315.7894736842105
5808 1263.157894736658 526.3157894736491 421.0526315789473
5809 1263.157894736658 526.3157894736491 526.3157894736842
5810 1263.157894736658 526.3157894736491 631.578947368421
5811 1263.157894736658 526.3157894736491 736.8421052631578
5812 1263.157894736658 526.3157894736491 842.1052631578947
5813 1263.157894736658 526.3157894736491 947.3684210526316
5814 1263.157894736658 526.3157894736491 1052.631578947368
5815 1263.157894736658 526.3157894736491 1157.894736842105
5816 1263.157894736658 526.3157894736491 1263.157894736842
5817 1263.157894736658 526.3157894736491 1368.421052631579
5818 1263.157894736658 526.3157894736491 1473.684210526316
5819 1263.157894736658 526.3157894736491 1578.947368421053
5820 1263.157894736658 526.3157894736491 1684.210526315789
5821 1263.157894736658 526.3157894736491 1789.473684210526
5822 1263.157894736658 526.3157894736491 1894.736842105263
5823 1263.157894736675 631.578947368379 105.2631578947368
5824 1263.157894736675 631.578947368379 210.5263157894737
5825 1263.157894736675 631.578947368379 315.7894736842105
5826 1263.157894736675 631.578947368379 421.0526315789473
5827 1263.157894736675 631.578947368379 526.3157894736842
5828 1263.157894736675 631.578947368379 631.578947368421
5829 1263.157894736675 631.578947368379 736.8421052631578
5830 1263.157894736675 631.578947368379 842.1052631578947
5831 1263.157894736675 631.578947368379 947.3684210526316
5832 1263.157894736675 631.578947368379 1052.631578947368
5833 1263.157894736675 631.578947368379 1157.894736842105
5834 1263.157894736675 631.578947368379 1263.157894736842
5835 1263.157894736675 631.578947368379 1368.421052631579
5836 1263.157894736675 631.578947368379 1473.684210526316
5837 1263.157894736675 631.578947368379 1578.947368421053
5838 1263.157894736675 631.578947368379 1684.210526315789
5839 1263.157894736675 631.578947368379 1789.473684210526
5840 1263.157894736675 631.578947368379 1894.736842105263
5841 1263.157894736692 736.8421052631086 105.2631578947368
5842 1263.157894736692 736.8421052631086 210.5263157894737
5843 1263.157894736692 736.8421052631086 315.7894736842105
5844 1263.157894736692 736.8421052631086 421.0526315789473
5845 1263.157894736692 736.8421052631086 526.3157894736842
5846 1263.157894736692 736.8421052631086 631.578947368421
5847 1263.157894736692 736.8421052631086 736.8421052631578
5848 1263.157894736692 736.8421052631086 842.1052631578947
5849 1263.157894736692 736.8421052631086 947.3684210526316
5850 1263.157894736692 736.8421052631086 1052.631578947368
5851 1263.157894736692 736.8421052631086 1157.894736842105
5852 1263.157894736692 736.8421052631086 1263.157894736842
5853 1263.157894736692 736.8421052631086 1368.421052631579
5854 1263.157894736692 736.8421052631086 1473.684210526316
5855 1263.157894736692 736.8421052631086 1578.947368421053
5856 1263.157894736692 736.8421052631086 1684.210526315789
5857 1263.157894736692 736.8421052631086 1789.473684210526
5858 1263.157894736692 736.8421052631086 1894.736842105263
5859 1263.157894736708 842.1052631578384 105.2631578947368
5860 1263.157894736708 842.1052631578384 210.5263157894737
5861 1263.157894736708 842.1052631578384 315.7894736842105
5862 1263.157894736708 842.1052631578384 421.0526315789473
5863 1263.157894736708 842.1052631578384 526.3157894736842
5864 1263.157894736708 842.1052631578384 631.578947368421
5865 1263.157894736708 842.1052631578384 736.8421052631578
5866 1263.157894736708 842.1052631578384 842.1052631578947
5867 1263.157894736708 842.1052631578384 947.3684210526316
5868 1263.157894736708 842.1052631578384 1052.631578947368
5869 1263.157894736708 842.1052631578384 1157.894736842105
5870 1263.157894736708 842.1052631578384 1263.157894736842
5871 1263.157894736708 842.1052631578384 1368.421052631579
5872 1263.157894736708 842.1052631578384 1473.684210526316
5873 1263.157894736708 842.1052631578384 1578.947368421053
5874 1263.157894736708 842.1052631578384 1684.210526315789
5875 1263.157894736708 842.1052631578384 1789.473684210526
5876 1263.157894736708 842.1052631578384 1894.736842105263
5877 1263.157894736725 947.3684210525685 105.2631578947368
5878 1263.157894736725 947.3684210525685 210.5263157894737
5879 1263.157894736725 947.3684210525685 315.7894736842105
5880 1263.157894736725 947.3684210525685 421.0526315789473
5881 1263.157894736725 947.3684210525685 526.3157894736842
5882 1263.157894736725 947.3684210525685 631.578947368421
5883 1263.157894736725 947.3684210525685 736.8421052631578
5884 1263.157894736725 947.3684210525685 842.1052631578947
5885 1263.157894736725 947.3684210525685 947.3684210526316
5886 1263.157894736725 947.3684210525685 1052.631578947368
5887 1263.157894736725 947.3684210525685 1157.894736842105
5888 1263.157894736725 947.3684210525685 1263.157894736842
5889 1263.157894736725 947.3684210525685 1368.421052631579
5890 1263.157894736725 947.3684210525685 1473.684210526316
5891 1263.157894736725 947.3684210525685 1578.947368421053
5892 1263.157894736725 947.3684210525685 1684.210526315789
5893 1263.157894736725 947.3684210525685 1789.473684210526
5894 1263.157894736725 947.3684210525685 1894.736842105263
5895 1263.157894736742 1052.631578947431 105.2631578947368
5896 1263.157894736742 1052.631578947431 210.5263157894737
5897 1263.157894736742 1052.631578947431 315.7894736842105
5898 1263.157894736742 1052.631578947431 421.0526315789473
5899 1263.157894736742 1052.631578947431 526.3157894736842
5900 1263.157894736742 1052.631578947431 631.578947368421
5901 1263.157894736742 1052.631578947431 736.8421052631578
5902 1263.157894736742 1052.631578947431 842.1052631578947
5903 1263.157894736742 1052.631578947431 947.3684210526316
5904 1263.157894736742 1052.631578947431 1052.631578947368
5905 1263.157894736742 1052.631578947431 1157.894736842105
5906 1263.157894736742 1052.631578947431 1263.157894736842
5907 1263.157894736742 1052.631578947431 1368.421052631579
5908 1263.157894736742 1052.631578947431 1473.684210526316
5909 1263.157894736742 1052.631578947431 1578.947368421053
5910 1263.157894736742 1052.631578947431 1684.210526315789
5911 1263.157894736742 1052.631578947431 1789.473684210526
5912 1263.157894736742 1052.631578947431 1894.736842105263
5913 1263.157894736758 1157.894736842161 105.2631578947368
5914 1263.157894736758 1157.894736842161 210.5263157894737
5915 1263.157894736758 1157.894736842161 315.7894736842105
5916 1263.157894736758 1157.894736842161 421.0526315789473
5917 1263.157894736758 1157.894736842161 526.3157894736842
5918 1263.157894736758 1157.894736842161 631.578947368421
5919 1263.157894736758 1157.894736842161 736.8421052631578
5920 1263.157894736758 1157.894736842161 842.1052631578947
5921 1263.157894736758 1157.894736842161 947.3684210526316
5922 1263.157894736758 1157.894736842161 1052.631578947368
5923 1263.157894736758 1157.894736842161 1157.894736842105
5924 1263.157894736758 1157.894736842161 1263.157894736842
5925 1263.157894736758 1157.894736842161 1368.421052631579
5926 1263.157894736758 1157.894736842161 1473.684210526316
5927 1263.157894736758 1157.894736842161 1578.947368421053
5928 1263.157894736758 1157.894736842161 1684.210526315789
5929 1263.157894736758 1157.894736842161 1789.473684210526
5930 1263.157894736758 1157.894736842161 1894.736842105263
5931 1263.157894736775 1263.157894736891 105.2631578947368
5932 1263.157894736775 1263.157894736891 210.5263157894737
5933 1263.157894736775 1263.157894736891 315.7894736842105
5934 1263.157894736775 1263.157894736891 421.0526315789473
5935 1263.157894736775 1263.157894736891 526.3157894736842
5936 1263.157894736775 1263.157894736891 631.578947368421
5937 1263.157894736775 1263.157894736891 736.8421052631578
5938 1263.157894736775 1263.157894736891 842.1052631578947
5939 1263.157894736775 1263.157894736891 947.3684210526316
5940 1263.157894736775 1263.157894736891 1052.631578947368
5941 1263.157894736775 1263.157894736891 1157.894736842105
5942 1263.157894736775 1263.157894736891 1263.157894736842
5943 1263.157894736775 1263.157894736891 1368.421052631579
5944 1263.157894736775 1263.157894736891 1473.684210526316
5945 1263.157894736775 1263.157894736891 1578.947368421053
5946 1263.157894736775 1263.157894736891 1684.210526315789
5947 1263.157894736775 1263.157894736891 1789.473684210526
5948 1263.157894736775 1263.157894736891 1894.736842105263
5949 1263.157894736791 1368.421052631621 105.2631578947368
5950 1263.157894736791 1368.421052631621 210.5263157894737
5951 1263.157894736791 1368.421052631621 315.7894736842105
5952 1263.157894736791 1368.421052631621 421.0526315789473
5953 1263.157894736791 1368.421052631621 526.3157894736842
5954 1263.157894736791 1368.421052631621 631.578947368421
5955 1263.157894736791 1368.421052631621 736.8421052631578
5956 1263.157894736791 1368.421052631621 842.1052631578947
5957 1263.157894736791 1368.421052631621 947.3684210526316
5958 1263.157894736791 1368.421052631621 1052.631578947368
5959 1263.157894736791 1368.421052631621 1157.894736842105
5960 1263.157894736791 1368.421052631621 1263.157894736842
5961 1263.157894736791 1368.421052631621 1368.421052631579
5962 1263.157894736791 1368.421052631621 1473.684210526316
5963 1263.157894736791 1368.421052631621 1578.947368421053
5964 1263.157894736791 1368.421052631621 1684.210526315789
5965 1263.157894736791 1368.421052631621 1789.473684210526
5966 1263.157894736791 1368.421052631621 1894.736842105263
5967 1263.157894736808 1473.684210526351 105.2631578947368
5968 1263.157894736808 1473.684210526351 210.5263157894737
5969 1263.157894736808 1473.684210526351 315.7894736842105
5970 1263.157894736808 1473.684210526351 421.0526315789473
5971 1263.157894736808 1473.684210526351 526.3157894736842
5972 1263.157894736808 1473.684210526351 631.578947368421
5973 1263.157894736808 1473.684210526351 736.8421052631578
5974 1263.157894736808 1473.684210526351 842.1052631578947
5975 1263.157894736808 1473.684210526351 947.3684210526316
5976 1263.157894736808 1473.684210526351 1052.631578947368
5977 1263.157894736808 1473.684210526351 1157.894736842105
5978 1263.157894736808 1473.684210526351 1263.157894736842
5979 1263.157894736808 1473.684210526351 1368.421052631579
5980 1263.157894736808 1473.684210526351 1473.684210526316
5981 1263.157894736808 1473.684210526351 1578.947368421053
5982 1263.157894736808 1473.684210526351 1684.210526315789
5983 1263.157894736808 1473.684210526351 1789.473684210526
5984 1263.157894736808 1473.684210526351 1894.736842105263
5985 1263.157894736825 1578.94736842108 105.2631578947368
5986 1263.157894736825 1578.94736842108 210.5263157894737
5987 1263.157894736825 1578.94736842108 315.7894736842105
5988 1263.157894736825 1578.94736842108 421.0526315789473
5989 1263.157894736825 1578.94736842108 526.3157894736842
5990 1263.157894736825 1578.94736842108 631.578947368421
5991 1263.157894736825 1578.94736842108 736.8421052631578
5992 1263.157894736825 1578.94736842108 842.1052631578947
5993 1263.157894736825 1578.94736842108 947.3684210526316
5994 1263.157894736825 1578.94736842108 1052.631578947368
5995 1263.157894736825 1578.94736842108 1157.894736842105
5996 1263.157894736825 1578.94736842108 1263.157894736842
5997 1263.157894736825 1578.94736842108 1368.421052631579
5998 1263.157894736825 1578.94736842108 1473.684210526316
5999 1263.157894736825 1578.94736842108 1578.947368421053
6000 1263.157894736825 1578.94736842108 1684.210526315789
6001 1263.157894736825 1578.94736842108 1789.473684210526
6002 1263.157894736825 1578.94736842108 1894.736842105263
6003 1263.157894736841 1684.21052631581 105.2631578947368
6004 1263.157894736841 1684.21052631581 210.5263157894737
6005 1263.157894736841 1684.21052631581 315.7894736842105
6006 1263.157894736841 1684.21052631581 421.0526315789473
6007 1263.157894736841 1684.21052631581 526.3157894736842
6008 1263.157894736841 1684.21052631581 631.578947368421
6009 1263.157894736841 1684.21052631581 736.8421052631578
6010 1263.157894736841 1684.21052631581 842.1052631578947
6011 1263.157894736841 1684.21052631581 947.3684210526316
6012 1263.157894736841 1684.21052631581 1052.631578947368
6013 1263.157894736841 1684.21052631581 1157.894736842105
6014 1263.157894736841 1684.21052631581 1263.157894736842
6015 1263.157894736841 1684.21052631581 1368.421052631579
6016 1263.157894736841 1684.21052631581 1473.684210526316
6017 1263.157894736841 1684.21052631581 1578.947368421053
6018 1263.157894736841 1684.21052631581 1684.210526315789
6019 1263.157894736841 1684.21052631581 1789.473684210526
6020 1263.157894736841 1684.21052631581 1894.736842105263
6021 1263.157894736858 1789.47368421054 105.2631578947368
6022 1263.157894736858 1789.47368421054 210.5263157894737
6023 1263.157894736858 1789.47368421054 315.7894736842105
6024 1263.157894736858 1789.47368421054 421.0526315789473
6025 1263.157894736858 1789.47368421054 526.3157894736842
6026 1263.157894736858 1789.47368421054 631.578947368421
6027 1263.157894736858 1789.47368421054 736.8421052631578
6028 1263.157894736858 1789.47368421054 842.1052631578947
6029 1263.157894736858 1789.47368421054 947.3684210526316
6030 1263.157894736858 1789.47368421054 1052.631578947368
6031 1263.157894736858 1789.47368421054 1157.894736842105
6032 1263.157894736858 1789.47368421054 1263.157894736842
6033 1263.157894736858 1789.47368421054 1368.421052631579
6034 1263.157894736858 1789.47368421054 1473.684210526316
6035 1263.157894736858 1789.47368421054 1578.947368421053
6036 1263.157894736858 1789.47368421054 1684.210526315789
6037 1263.157894736858 1789.47368421054 1789.473684210526
6038 1263.157894736858 1789.47368421054 1894.736842105263
6039 1263.157894736875 1894.73684210527 105.2631578947368
6040 1263.157894736875 1894.73684210527 210.5263157894737
6041 1263.157894736875 1894.73684210527 315.7894736842105
6042 1263.157894736875 1894.73684210527 421.0526315789473
6043 1263.157894736875 1894.73684210527 526.3157894736842
6044 1263.157894736875 1894.73684210527 631.578947368421
6045 1263.157894736875 1894.73684210527 736.8421052631578
6046 1263.157894736875 1894.73684210527 842.1052631578947
6047 1263.157894736875 1894.73684210527 947.3684210526316
6048 1263.157894736875 1894.73684210527 1052.631578947368
6049 1263.157894736875 1894.73684210527 1157.894736842105
6050 1263.157894736875 1894.73684210527 1263.157894736842
6051 1263.157894736875 1894.73684210527 1368.421052631579
6052 1263.157894736875 1894.73684210527 1473.684210526316
6053 1263.157894736875 1894.73684210527 1578.947368421053
6054 1263.157894736875 1894.73684210527 1684.210526315789
6055 1263.157894736875 1894.73684210527 1789.473684210526
6056 1263.157894736875 1894.73684210527 1894.736842105263
6057 1368.421052631364 105.2631578947298 105.2631578947368
6058 1368.421052631364 105.2631578947298 210.5263157894737
6059 1368.421052631364 105.2631578947298 315.7894736842105
6060 1368.421052631364 105.2631578947298 421.0526315789473
6061 1368.421052631364 105.2631578947298 526.3157894736842
6062 1368.421052631364 105.2631578947298 631.578947368421
6063 1368.421052631364 105.2631578947298 736.8421052631578
6064 1368.421052631364 105.2631578947298 842.1052631578947
6065 1368.421052631364 105.2631578947298 947.3684210526316
6066 1368.421052631364 105.2631578947298 1052.631578947368
6067 1368.421052631364 105.2631578947298 1157.894736842105
6068 1368.421052631364 105.2631578947298 1263.157894736842
6069 1368.421052631364 105.2631578947298 1368.421052631579
6070 1368.421052631364 105.2631578947298 1473.684210526316
6071 1368.421052631364 105.2631578947298 1578.947368421053
6072 1368.421052631364 105.2631578947298 1684.210526315789
6073 1368.421052631364 105.2631578947298 1789.473684210526
6074 1368.421052631364 105.2631578947298 1894.736842105263
6075 1368.421052631378 210.5263157894599 105.2631578947368
6076 1368.421052631378 210.5263157894599 210.5263157894737
6077 1368.421052631378 210.5263157894599 315.7894736842105
6078 1368.421052631378 210.5263157894599 421.0526315789473
6079 1368.421052631378 210.5263157894599 526.3157894736842
6080 1368.421052631378 210.5263157894599 631.578947368421
6081 1368.421052631378 210.5263157894599 736.8421052631578
6082 1368.421052631378 210.5263157894599 842.1052631578947
6083 1368.421052631378 210.5263157894599 947.3684210526316
6084 1368.421052631378 210.5263157894599 1052.631578947368
6085 1368.421052631378 210.5263157894599 1157.894736842105
6086 1368.421052631378 210.5263157894599 1263.157894736842
6087 1368.421052631378 210.5263157894599 1368.421052631579
6088 1368.421052631378 210.5263157894599 1473.684210526316
6089 1368.421052631378 210.5263157894599 1578.947368421053
6090 1368.421052631378 210.5263157894599 1684.210526315789
6091 1368.421052631378 210.5263157894599 1789.473684210526
6092 1368.421052631378 210.5263157894599 1894.736842105263
6093 1368.421052631393 315.7894736841895 105.2631578947368
6094 1368.421052631393 315.7894736841895 210.5263157894737
6095 1368.421052631393 315.7894736841895 315.7894736842105
6096 1368.421052631393 315.7894736841895 421.0526315789473
6097 1368.421052631393 315.7894736841895 526.3157894736842
6098 1368.421052631393 315.7894736841895 631.578947368421
6099 1368.421052631393 315.7894736841895 736.8421052631578
6100 1368.421052631393 315.7894736841895 842.1052631578947
6101 1368.421052631393 315.7894736841895 947.3684210526316
6102 1368.421052631393 315.7894736841895 1052.631578947368
6103 1368.421052631393 315.7894736841895 1157.894736842105
6104 1368.421052631393 315.7894736841895 1263.157894736842
6105 1368.421052631393 315.7894736841895 1368.421052631579
6106 1368.421052631393 315.7894736841895 1473.684210526316
6107 1368.421052631393 315.7894736841895 1578.947368421053
6108 1368.421052631393 315.7894736841895 1684.210526315789
6109 1368.421052631393 315.7894736841895 1789.473684210526
6110 1368.421052631393 315.7894736841895 1894.736842105263
6111 1368.421052631407 421.0526315789191 105.2631578947368
6112 1368.421052631407 421.0526315789191 210.5263157894737
6113 1368.421052631407 421.0526315789191 315.7894736842105
6114 1368.421052631407 421.0526315789191 421.0526315789473
6115 1368.421052631407 421.0526315789191 526.3157894736842
6116 1368.421052631407 421.0526315789191 631.578947368421
6117 1368.421052631407 421.0526315789191 736.8421052631578
6118 1368.421052631407 421.0526315789191 842.1052631578947
6119 1368.421052631407 421.0526315789191 947.3684210526316
6120 1368.421052631407 421.0526315789191 1052.631578947368
6121 1368.421052631407 421.0526315789191 1157.894736842105
6122 1368.421052631407 421.0526315789191 1263.157894736842
6123 1368.421052631407 421.0526315789191 1368.421052631579
6124 1368.421052631407 421.0526315789191 1473.684210526316
6125 1368.421052631407 421.0526315789191 1578.947368421053
6126 1368.421052631407 421.0526315789191 1684.210526315789
6127 1368.421052631407 421.0526315789191 1789.473684210526
6128 1368.421052631407 421.0526315789191 1894.736842105263
6129 1368.421052631421 526.3157894736491 105.2631578947368
6130 1368.421052631421 526.3157894736491 210.5263157894737
6131 1368.421052631421 526.3157894736491 315.7894736842105
6132 1368.421052631421 526.3157894736491 421.0526315789473
6133 1368.421052631421 526.3157894736491 526.3157894736842
6134 1368.421052631421 526.3157894736491 631.578947368421
6135 1368.421052631421 526.3157894736491 736.8421052631578
6136 1368.421052631421 526.3157894736491 842.1052631578947
6137 1368.421052631421 526.3157894736491 947.3684210526316
6138 1368.421052631421 526.3157894736491 1052.631578947368
6139 1368.421052631421 526.3157894736491 1157.894736842105
6140 1368.421052631421 526.3157894736491 1263.157894736842
6141 1368.421052631421 526.3157894736491 1368.421052631579
6142 1368.421052631421 526.3157894736491 1473.684210526316
6143 1368.421052631421 526.3157894736491 1578.947368421053
6144 1368.421052631421 526.3157894736491 1684.210526315789
6145 1368.421052631421 526.3157894736491 1789.473684210526
6146 1368.421052631421 526.3157894736491 1894.736842105263
6147 1368.421052631435 631.578947368379 105.2631578947368
6148 1368.421052631435 631.578947368379 210.5263157894737
6149 1368.421052631435 631.578947368379 315.7894736842105
6150 1368.421052631435 631.578947368379 421.0526315789473
6151 1368.421052631435 631.578947368379 526.3157894736842
6152 1368.421052631435 631.578947368379 631.578947368421
6153 1368.421052631435 631.578947368379 736.8421052631578
6154 1368.421052631435 631.578947368379 842.1052631578947
6155 1368.421052631435 631.578947368379 947.3684210526316
6156 1368.421052631435 631.578947368379 1052.631578947368
6157 1368.421052631435 631.578947368379 1157.894736842105
6158 1368.421052631435 631.578947368379 1263.157894736842
6159 1368.421052631435 631.578947368379 1368.421052631579
6160 1368.421052631435 631.578947368379 1473.684210526316
6161 1368.421052631435 631.578947368379 1578.947368421053
6162 1368.421052631435 631.578947368379 1684.210526315789
6163 1368.421052631435 631.578947368379 1789.473684210526
6164 1368.421052631435 631.578947368379 1894.736842105263
6165 1368.421052631449 736.8421052631087 105.2631578947368
6166 1368.421052631449 736.8421052631087 210.5263157894737
6167 1368.421052631449 736.8421052631087 315.7894736842105
6168 1368.421052631449 736.8421052631087 421.0526315789473
6169 1368.421052631449 736.8421052631087 526.3157894736842
6170 1368.421052631449 736.8421052631087 631.578947368421
6171 1368.421052631449 736.8421052631087 736.8421052631578
6172 1368.421052631449 736.8421052631087 842.1052631578947
6173 1368.421052631449 736.8421052631087 947.3684210526316
6174 1368.421052631449 736.8421052631087 1052.631578947368
6175 1368.421052631449 736.8421052631087 1157.894736842105
6176 1368.421052631449 736.8421052631087 1263.157894736842
6177 1368.421052631449 736.8421052631087 1368.421052631579
6178 1368.421052631449 736.8421052631087 1473.684210526316
6179 1368.421052631449 736.8421052631087 1578.947368421053
6180 1368.421052631449 736.8421052631087 1684.210526315789
6181 1368.421052631449 736.8421052631087 1789.473684210526
6182 1368.421052631449 736.8421052631087 1894.736842105263
6183 1368.421052631464 842.1052631578384 105.2631578947368
6184 1368.421052631464 842.1052631578384 210.5263157894737
6185 1368.421052631464 842.1052631578384 315.7894736842105
6186 1368.421052631464 842.1052631578384 421.0526315789473
6187 1368.421052631464 842.1052631578384 526.3157894736842
6188 1368.421052631464 842.1052631578384 631.578947368421
6189 1368.421052631464 842.1052631578384 736.8421052631578
6190 1368.421052631464 842.1052631578384 842.1052631578947
6191 1368.421052631464 842.1052631578384 947.3684210526316
6192 1368.421052631464 842.1052631578384 1052.631578947368
6193 1368.421052631464 842.1052631578384 1157.894736842105
6194 1368.421052631464 842.1052631578384 1263.157894736842
6195 1368.421052631464 842.1052631578384 1368.421052631579
6196 1368.421052631464 842.1052631578384 1473.684210526316
6197 1368.421052631464 842.1052631578384 1578.947368421053
6198 1368.421052631464 842.1052631578384 1684.210526315789
6199 1368.421052631464 842.1052631578384 1789.473684210526
6200 1368.421052631464 842.1052631578384 1894.736842105263
6201 1368.421052631478 947.3684210525685 105.2631578947368
6202 1368.421052631478 947.3684210525685 210.5263157894737
6203 1368.421052631478 947.3684210525685 315.7894736842105
6204 1368.421052631478 947.3684210525685 421.0526315789473
6205 1368.421052631478 947.3684210525685 526.3157894736842
6206 1368.421052631478 947.3684210525685 631.578947368421
6207 1368.421052631478 947.3684210525685 736.8421052631578
6208 1368.421052631478 947.3684210525685 842.1052631578947
6209 1368.421052631478 947.3684210525685 947.3684210526316
6210 1368.421052631478 947.3684210525685 1052.631578947368
6211 1368.421052631478 947.3684210525685 1157.894736842105
6212 1368.421052631478 947.3684210525685 1263.157894736842
6213 1368.421052631478 947.3684210525685 1368.421052631579
6214 1368.421052631478 947.3684210525685 1473.684210526316
6215 1368.421052631478 947.3684210525685 1578.947368421053
6216 1368.421052631478 947.3684210525685 1684.210526315789
6217 1368.421052631478 947.3684210525685 1789.473684210526
6218 1368.421052631478 947.3684210525685 1894.736842105263
6219 1368.421052631493 1052.631578947432 105.2631578947368
6220 1368.421052631493 1052.631578947432 210.5263157894737
6221 1368.421052631493 1052.631578947432 315.7894736842105
6222 1368.421052631493 1052.631578947432 421.0526315789473
6223 1368.421052631493 1052.631578947432 526.3157894736842
6224 1368.421052631493 1052.631578947432 631.578947368421
6225 1368.421052631493 1052.631578947432 736.8421052631578
6226 1368.421052631493 1052.631578947432 842.1052631578947
6227 1368.421052631493 1052.631578947432 947.3684210526316
6228 1368.421052631493 1052.631578947432 1052.631578947368
6229 1368.421052631493 1052.631578947432 1157.894736842105
6230 1368.421052631493 1052.631578947432 1263.157894736842
6231 1368.421052631493 1052.631578947432 1368.421052631579
6232 1368.421052631493 1052.631578947432 1473.684210526316
6233 1368.421052631493 1052.631578947432 1578.947368421053
6234 1368.421052631493 1052.631578947432 1684.210526315789
6235 1368.421052631493 1052.631578947432 1789.473684210526
6236 1368.421052631493 1052.631578947432 1894.736842105263
6237 1368.421052631507 1157.894736842162 105.2631578947368
6238 1368.421052631507 1157.894736842162 210.5263157894737
6239 1368.421052631507 1157.894736842162 315.7894736842105
6240 1368.421052631507 1157.894736842162 421.0526315789473
6241 1368.421052631507 1157.894736842162 526.3157894736842
6242 1368.421052631507 1157.894736842162 631.578947368421
6243 1368.421052631507 1157.894736842162 736.8421052631578
6244 1368.421052631507 1157.894736842162 842.1052631578947
6245 1368.421052631507 1157.894736842162 947.3684210526316
6246 1368.421052631507 1157.894736842162 1052.631578947368
6247 1368.421052631507 1157.894736842162 1157.894736842105
6248 1368.421052631507 1157.894736842162 1263.157894736842
6249 1368.421052631507 1157.894736842162 1368.421052631579
6250 1368.421052631507 1157.894736842162 1473.684210526316
6251 1368.421052631507 1157.894736842162 1578.947368421053
6252 1368.421052631507 1157.894736842162 1684.210526315789
6253 1368.421052631507 1157.894736842162 1789.473684210526
6254 1368.421052631507 1157.894736842162 1894.736842105263
6255 1368.421052631521 1263.157894736891 105.2631578947368
6256 1368.421052631521 1263.157894736891 210.5263157894737
6257 1368.421052631521 1263.157894736891 315.7894736842105
6258 1368.421052631521 1263.157894736891 421.0526315789473
6259 1368.421052631521 1263.157894736891 526.3157894736842
6260 1368.421052631521 1263.157894736891 631.578947368421
6261 1368.421052631521 1263.157894736891 736.8421052631578
6262 1368.421052631521 1263.157894736891 842.1052631578947
6263 1368.421052631521 1263.157894736891 947.3684210526316
6264 1368.421052631521 1263.157894736891 1052.631578947368
6265 1368.421052631521 1263.157894736891 1157.894736842105
6266 1368.421052631521 1263.157894736891 1263.157894736842
6267 1368.421052631521 1263.157894736891 1368.421052631579
6268 1368.421052631521 1263.157894736891 1473.684210526316
6269 1368.421052631521 1263.157894736891 1578.947368421053
6270 1368.421052631521 1263.157894736891 1684.210526315789
6271 1368.421052631521 1263.157894736891 1789.473684210526
6272 1368.421052631521 1263.157894736891 1894.736842105263
6273 1368.421052631535 1368.421052631621 105.2631578947368
6274 1368.421052631535 1368.421052631621 210.5263157894737
6275 1368.421052631535 1368.421052631621 315.7894736842105
6276 1368.421052631535 1368.421052631621 421.0526315789473
6277 1368.421052631535 1368.421052631621 526.3157894736842
6278 1368.421052631535 1368.421052631621 631.578947368421
6279 1368.421052631535 1368.421052631621 736.8421052631578
6280 1368.421052631535 1368.421052631621 842.1052631578947
6281 1368.421052631535 1368.421052631621 947.3684210526316
6282 1368.421052631535 1368.421052631621 1052.631578947368
6283 1368.421052631535 1368.421052631621 1157.894736842105
6284 1368.421052631535 1368.421052631621 1263.157894736842
6285 1368.421052631535 1368.421052631621 1368.421052631579
6286 1368.421052631535 1368.421052631621 1473.684210526316
6287 1368.421052631535 1368.421052631621 1578.947368421053
6288 1368.421052631535 1368.421052631621 1684.210526315789
6289 1368.421052631535 1368.421052631621 1789.473684210526
6290 1368.421052631535 1368.421052631621 1894.736842105263
6291 1368.421052631549 1473.684210526351 105.2631578947368
6292 1368.421052631549 1473.684210526351 210.5263157894737
6293 1368.421052631549 1473.684210526351 315.7894736842105
6294 1368.421052631549 1473.684210526351 421.0526315789473
6295 1368.421052631549 1473.684210526351 526.3157894736842
6296 1368.421052631549 1473.684210526351 631.578947368421
6297 1368.421052631549 1473.684210526351 736.8421052631578
6298 1368.421052631549 1473.684210526351 842.1052631578947
6299 1368.421052631549 1473.684210526351 947.3684210526316
6300 1368.421052631549 1473.684210526351 1052.631578947368
6301 1368.421052631549 1473.684210526351 1157.894736842105
6302 1368.421052631549 1473.684210526351 1263.157894736842
6303 1368.421052631549 1473.684210526351 1368.421052631579
6304 1368.421052631549 1473.684210526351 1473.684210526316
6305 1368.421052631549 1473.684210526351 1578.947368421053
6306 1368.421052631549 1473.684210526351 1684.210526315789
6307 1368.421052631549 1473.684210526351 1789.473684210526
6308 1368.421052631549 1473.684210526351 1894.736842105263
6309 1368.421052631564 1578.94736842108 105.2631578947368
6310 1368.421052631564 1578.94736842108 210.5263157894737
6311 1368.421052631564 1578.94736842108 315.7894736842105
6312 1368.421052631564 1578.94736842108 421.0526315789473
6313 1368.421052631564 1578.94736842108 526.3157894736842
6314 1368.421052631564 1578.94736842108 631.578947368421
6315 1368.421052631564 1578.94736842108 736.8421052631578
6316 1368.421052631564 1578.94736842108 842.1052631578947
6317 1368.421052631564 1578.94736842108 947.3684210526316
6318 1368.421052631564 1578.94736842108 1052.631578947368
6319 1368.421052631564 1578.94736842108 1157.894736842105
6320 1368.421052631564 1578.94736842108 1263.157894736842
6321 1368.421052631564 1578.94736842108 1368.421052631579
6322 1368.421052631564 1578.94736842108 1473.684210526316
6323 1368.421052631564 1578.94736842108 1578.947368421053
6324 1368.421052631564 1578.94736842108 1684.210526315789
6325 1368.421052631564 1578.94736842108 1789.473684210526
6326 1368.421052631564 1578.94736842108 1894.736842105263
6327 1368.421052631578 1684.21052631581 105.2631578947368
6328 1368.421052631578 1684.21052631581 210.5263157894737
6329 1368.421052631578 1684.21052631581 315.7894736842105
6330 1368.421052631578 1684.21052631581 421.0526315789473
6331 1368.421052631578 1684.21052631581 526.3157894736842
6332 1368.421052631578 1684.21052631581 631.578947368421
6333 1368.421052631578 1684.21052631581 736.8421052631578
6334 1368.421052631578 1684.21052631581 842.1052631578947
6335 1368.421052631578 1684.21052631581 947.3684210526316
6336 1368.421052631578 1684.21052631581 1052.631578947368
6337 1368.421052631578 1684.21052631581 1157.894736842105
6338 1368.421052631578 1684.21052631581 1263.157894736842
6339 1368.421052631578 1684.21052631581 1368.421052631579
6340 1368.421052631578 1684.21052631581 1473.684210526316
6341 1368.421052631578 1684.21052631581 1578.947368421053
6342 1368.421052631578 1684.21052631581 1684.210526315789
6343 1368.421052631578 1684.21052631581 1789.473684210526
6344 1368.421052631578 1684.21052631581 1894.736842105263
6345 1368.421052631592 1789.47368421054 105.2631578947368
6346 1368.421052631592 1789.47368421054 210.5263157894737
6347 1368.421052631592 1789.47368421054 315.7894736842105
6348 1368.421052631592 1789.47368421054 421.0526315789473
6349 1368.421052631592 1789.47368421054 526.3157894736842
6350 1368.421052631592 1789.47368421054 631.578947368421
6351 1368.421052631592 1789.47368421054 736.8421052631578
6352 1368.421052631592 1789.47368421054 842.1052631578947
6353 1368.421052631592 1789.47368421054 947.3684210526316
6354 1368.421052631592 1789.47368421054 1052.631578947368
6355 1368.421052631592 1789.47368421054 1157.894736842105
6356 1368.421052631592 1789.47368421054 1263.157894736842
6357 1368.421052631592 1789.47368421054 1368.421052631579
6358 1368.421052631592 1789.47368421054 1473.684210526316
6359 1368.421052631592 1789.47368421054 1578.947368421053
6360 1368.421052631592 1789.47368421054 1684.210526315789
6361 1368.421052631592 1789.47368421054 1789.473684210526
6362 1368.421052631592 1789.47368421054 1894.736842105263
6363 1368.421052631607 1894.73684210527 105.2631578947368
6364 1368.421052631607 1894.73684210527 210.5263157894737
6365 1368.421052631607 1894.73684210527 315.7894736842105
6366 1368.421052631607 1894.73684210527 421.0526315789473
6367 1368.421052631607 1894.73684210527 526.3157894736842
6368 1368.421052631607 1894.73684210527 631.578947368421
6369 1368.421052631607 1894.73684210527 736.8421052631578
6370 1368.421052631607 1894.73684210527 842.1052631578947
6371 1368.421052631607 1894.73684210527 947.3684210526316
6372 1368.421052631607 1894.73684210527 1052.631578947368
6373 1368.421052631607 1894.73684210527 1157.894736842105
6374 1368.421052631607 1894.73684210527 1263.157894736842
6375 1368.421052631607 1894.73684210527 1368.421052631579
6376 1368.421052631607 1894.73684210527 1473.684210526316
6377 1368.421052631607 1894.73684210527 1578.947368421053
6378 1368.421052631607 1894.73684210527 1684.210526315789
6379 1368.421052631607 1894.73684210527 1789.473684210526
6380 1368.421052631607 1894.73684210527 1894.736842105263
6381 1473.684210526137 105.2631578947298 105.2631578947368
6382 1473.684210526137 105.2631578947298 210.5263157894737
6383 1473.684210526137 105.2631578947298 315.7894736842105
6384 1473.684210526137 105.2631578947298 421.0526315789473
6385 1473.684210526137 105.2631578947298 526.3157894736842
6386 1473.684210526137 105.2631578947298 631.578947368421
6387 1473.684210526137 105.2631578947298 736.8421052631578
6388 1473.684210526137 105.2631578947298 842.1052631578947
6389 1473.684210526137 105.2631578947298 947.3684210526316
6390 1473.684210526137 105.2631578947298 1052.631578947368
6391 1473.684210526137 105.2631578947298 1157.894736842105
6392 1473.684210526137 105.2631578947298 1263.157894736842
6393 1473.684210526137 105.2631578947298 1368.421052631579
6394 1473.684210526137 105.2631578947298 1473.684210526316
6395 1473.684210526137 105.2631578947298 1578.947368421053
6396 1473.684210526137 105.2631578947298 1684.210526315789
6397 1473.684210526137 105.2631578947298 1789.473684210526
6398 1473.684210526137 105.2631578947298 1894.736842105263
6399 1473.684210526148 210.5263157894599 105.2631578947368
6400 1473.684210526148 210.5263157894599 210.5263157894737
6401 1473.684210526148 210.5263157894599 315.7894736842105
6402 1473.684210526148 210.5263157894599 421.0526315789473
6403 1473.684210526148 210.5263157894599 526.3157894736842
6404 1473.684210526148 210.5263157894599 631.578947368421
6405 1473.684210526148 210.5263157894599 736.8421052631578
6406 1473.684210526148 210.5263157894599 842.1052631578947
6407 1473.684210526148 210.5263157894599 947.3684210526316
6408 1473.684210526148 210.5263157894599 1052.631578947368
6409 1473.684210526148 210.5263157894599 1157.894736842105
6410 1473.684210526148 210.5263157894599 1263.157894736842
6411 1473.684210526148 210.5263157894599 1368.421052631579
6412 1473.684210526148 210.5263157894599 1473.684210526316
6413 1473.684210526148 210.5263157894599 1578.947368421053
6414 1473.684210526148 210.5263157894599 1684.210526315789
6415 1473.684210526148 210.5263157894599 1789.473684210526
6416 1473.684210526148 210.5263157894599 1894.736842105263
6417 1473.684210526161 315.7894736841895 105.2631578947368
6418 1473.684210526161 315.7894736841895 210.5263157894737
6419 1473.684210526161 315.7894736841895 315.7894736842105
6420 1473.684210526161 315.7894736841895 421.0526315789473
6421 1473.684210526161 315.7894736841895 526.3157894736842
6422 1473.684210526161 315.7894736841895 631.578947368421
6423 1473.684210526161 315.7894736841895 736.8421052631578
6424 1473.684210526161 315.7894736841895 842.1052631578947
6425 1473.684210526161 315.7894736841895 947.3684210526316
6426 1473.684210526161 315.7894736841895 1052.631578947368
6427 1473.684210526161 315.7894736841895 1157.894736842105
6428 1473.684210526161 315.7894736841895 1263.157894736842
6429 1473.684210526161 315.7894736841895 1368.421052631579
6430 1473.684210526161 315.7894736841895 1473.684210526316
6431 1473.684210526161 315.7894736841895 1578.947368421053
6432 1473.684210526161 315.7894736841895 1684.210526315789
6433 1473.684210526161 315.7894736841895 1789.473684210526
6434 1473.684210526161 315.7894736841895 1894.736842105263
6435 1473.684210526173 421.0526315789191 105.2631578947368
6436 1473.684210526173 421.0526315789191 210.5263157894737
6437 1473.684210526173 421.0526315789191 315.7894736842105
6438 1473.684210526173 421.0526315789191 421.0526315789473
6439 1473.684210526173 421.0526315789191 526.3157894736842
6440 1473.684210526173 421.0526315789191 631.578947368421
6441 1473.684210526173 421.0526315789191 736.8421052631578
6442 1473.684210526173 421.0526315789191 842.1052631578947
6443 1473.684210526173 421.0526315789191 947.3684210526316
6444 1473.684210526173 421.0526315789191 1052.631578947368
6445 1473.684210526173 421.0526315789191 1157.894736842105
6446 1473.684210526173 421.0526315789191 1263.157894736842
6447 1473.684210526173 421.0526315789191 1368.421052631579
6448 1473.684210526173 421.0526315789191 1473.684210526316
6449 1473.684210526173 421.0526315789191 1578.947368421053
6450 1473.684210526173 421.0526315789191 1684.210526315789
6451 1473.684210526173 421.0526315789191 1789.473684210526
6452 1473.684210526173 421.0526315789191 1894.736842105263
6453 1473.684210526184 526.3157894736491 105.2631578947368
6454 1473.684210526184 526.3157894736491 210.5263157894737
6455 1473.684210526184 526.3157894736491 315.7894736842105
6456 1473.684210526184 526.3157894736491 421.0526315789473
6457 1473.684210526184 526.3157894736491 526.3157894736842
6458 1473.684210526184 526.3157894736491 631.578947368421
6459 1473.684210526184 526.3157894736491 736.8421052631578
6460 1473.684210526184 526.3157894736491 842.1052631578947
6461 1473.684210526184 526.3157894736491 947.3684210526316
6462 1473.684210526184 526.3157894736491 1052.631578947368
6463 1473.684210526184 526.3157894736491 1157.894736842105
6464 1473.684210526184 526.3157894736491 1263.157894736842
6465 1473.684210526184 526.3157894736491 1368.421052631579
6466 1473.684210526184 526.3157894736491 1473.684210526316
6467 1473.684210526184 526.3157894736491 1578.947368421053
6468 1473.684210526184 526.3157894736491 1684.210526315789
6469 1473.684210526184 526.3157894736491 1789.473684210526
6470 1473.684210526184 526.3157894736491 1894.736842105263
6471 1473.684210526196 631.578947368379 105.2631578947368
6472 1473.684210526196 631.578947368379 210.5263157894737
6473 1473.684210526196 631.578947368379 315.7894736842105
6474 1473.684210526196 631.578947368379 421.0526315789473
6475 1473.684210526196 631.578947368379 526.3157894736842
6476 1473.684210526196 631.578947368379 631.578947368421
6477 1473.684210526196 631.578947368379 736.8421052631578
6478 1473.684210526196 631.578947368379 842.1052631578947
6479 1473.684210526196 631.578947368379 947.3684210526316
6480 1473.684210526196 631.578947368379 1052.631578947368
6481 1473.684210526196 631.578947368379 1157.894736842105
6482 1473.684210526196 631.578947368379 1263.157894736842
6483 1473.684210526196 631.578947368379 1368.421052631579
6484 1473.684210526196 631.578947368379 1473.684210526316
6485 1473.684210526196 631.578947368379 1578.947368421053
6486 1473.684210526196 631.578947368379 1684.210526315789
6487 1473.684210526196 631.578947368379 1789.473684210526
6488 1473.684210526196 631.578947368379 1894.736842105263
6489 1473.684210526208 736.8421052631086 105.2631578947368
6490 1473.684210526208 736.8421052631086 210.5263157894737
6491 1473.684210526208 736.8421052631086 315.7894736842105
6492 1473.684210526208 736.8421052631086 421.0526315789473
6493 1473.684210526208 736.8421052631086 526.3157894736842
6494 1473.684210526208 736.8421052631086 631.578947368421
6495 1473.684210526208 736.8421052631086 736.8421052631578
6496 1473.684210526208 736.8421052631086 842.1052631578947
6497 1473.684210526208 736.8421052631086 947.3684210526316
6498 1473.684210526208 736.8421052631086 1052.631578947368
6499 1473.684210526208 736.8421052631086 1157.894736842105
6500 1473.684210526208 736.8421052631086 1263.157894736842
6501 1473.684210526208 736.8421052631086 1368.421052631579
6502 1473.684210526208 736.8421052631086 1473.684210526316
6503 1473.684210526208 736.8421052631086 1578.947368421053
6504 1473.684210526208 736.8421052631086 1684.210526315789
6505 1473.684210526208 736.8421052631086 1789.473684210526
6506 1473.684210526208 736.8421052631086 1894.736842105263
6507 1473.68421052622 842.1052631578384 105.2631578947368
6508 1473.68421052622 842.1052631578384 210.5263157894737
6509 1473.68421052622 842.1052631578384 315.7894736842105
6510 1473.68421052622 842.1052631578384 421.0526315789473
6511 1473.68421052622 842.1052631578384 526.3157894736842
6512 1473.68421052622 842.1052631578384 631.578947368421
6513 1473.68421052622 842.1052631578384 736.8421052631578
6514 1473.68421052622 842.1052631578384 842.1052631578947
6515 1473.68421052622 842.1052631578384 947.3684210526316
6516 1473.68421052622 842.1052631578384 1052.631578947368
6517 1473.68421052622 842.1052631578384 1157.894736842105
6518 1473.68421052622 842.1052631578384 1263.157894736842
6519 1473.68421052622 842.1052631578384 1368.421052631579
6520 1473.68421052622 842.1052631578384 1473.684210526316
6521 1473.68421052622 842.1052631578384 1578.947368421053
6522 1473.68421052622 842.1052631578384 1684.210526315789
6523 1473.68421052622 842.1052631578384 1789.473684210526
6524 1473.68421052622 842.1052631578384 1894.736842105263
6525 1473.684210526232 947.3684210525685 105.2631578947368
6526 1473.684210526232 947.3684210525685 210.5263157894737
6527 1473.684210526232 947.3684210525685 315.7894736842105
6528 1473.684210526232 947.3684210525685 421.0526315789473
6529 1473.684210526232 947.3684210525685 526.3157894736842
6530 1473.684210526232 947.3684210525685 631.578947368421
6531 1473.684210526232 947.3684210525685 736.8421052631578
6532 1473.684210526232 947.3684210525685 842.1052631578947
6533 1473.684210526232 947.3684210525685 947.3684210526316
6534 1473.684210526232 947.3684210525685 1052.631578947368
6535 1473.684210526232 947.3684210525685 1157.894736842105
6536 1473.684210526232 947.3684210525685 1263.157894736842
6537 1473.684210526232 947.3684210525685 1368.421052631579
6538 1473.684210526232 947.3684210525685 1473.684210526316
6539 1473.684210526232 947.3684210525685 1578.947368421053
6540 1473.684210526232 947.3684210525685 1684.210526315789
6541 1473.684210526232 947.3684210525685 1789.473684210526
6542 1473.684210526232 947.3684210525685 1894.736842105263
6543 1473.684210526244 1052.631578947431 105.2631578947368
6544 1473.684210526244 1052.631578947431 210.5263157894737
6545 1473.684210526244 1052.631578947431 315.7894736842105
6546 1473.684210526244 1052.631578947431 421.0526315789473
6547 1473.684210526244 1052.631578947431 526.3157894736842
6548 1473.684210526244 1052.631578947431 631.578947368421
6549 1473.684210526244 1052.631578947431 736.8421052631578
6550 1473.684210526244 1052.631578947431 842.1052631578947
6551 1473.684210526244 1052.631578947431 947.3684210526316
6552 1473.684210526244 1052.631578947431 1052.631578947368
6553 1473.684210526244 1052.631578947431 1157.894736842105
6554 1473.684210526244 1052.631578947431 1263.157894736842
6555 1473.684210526244 1052.631578947431 1368.421052631579
6556 1473.684210526244 1052.631578947431 1473.684210526316
6557 1473.684210526244 1052.631578947431 1578.947368421053
6558 1473.684210526244 1052.631578947431 1684.210526315789
6559 1473.684210526244 1052.631578947431 1789.473684210526
6560 1473.684210526244 1052.631578947431 1894.736842105263
6561 1473.684210526255 1157.894736842162 105.2631578947368
6562 1473.684210526255 1157.894736842162 210.5263157894737
6563 1473.684210526255 1157.894736842162 315.7894736842105
6564 1473.684210526255 1157.894736842162 421.0526315789473
6565 1473.684210526255 1157.894736842162 526.3157894736842
6566 1473.684210526255 1157.894736842162 631.578947368421
6567 1473.684210526255 1157.894736842162 736.8421052631578
6568 1473.684210526255 1157.894736842162 842.1052631578947
6569 1473.684210526255 1157.894736842162 947.3684210526316
6570 1473.684210526255 1157.894736842162 1052.631578947368
6571 1473.684210526255 1157.894736842162 1157.894736842105
6572 1473.684210526255 1157.894736842162 1263.157894736842
6573 1473.684210526255 1157.894736842162 1368.421052631579
6574 1473.684210526255 1157.894736842162 1473.684210526316
6575 1473.684210526255 1157.894736842162 1578.947368421053
6576 1473.684210526255 1157.894736842162 1684.210526315789
6577 1473.684210526255 1157.894736842162 1789.473684210526
6578 1473.684210526255 1157.894736842162 1894.736842105263
6579 1473.684210526268 1263.157894736891 105.2631578947368
6580 1473.684210526268 1263.157894736891 210.5263157894737
6581 1473.684210526268 1263.157894736891 315.7894736842105
6582 1473.684210526268 1263.157894736891 421.0526315789473
6583 1473.684210526268 1263.157894736891 526.3157894736842
6584 1473.684210526268 1263.157894736891 631.578947368421
6585 1473.684210526268 1263.157894736891 736.8421052631578
6586 1473.684210526268 1263.157894736891 842.1052631578947
6587 1473.684210526268 1263.157894736891 947.3684210526316
6588 1473.684210526268 1263.157894736891 1052.631578947368
6589 1473.684210526268 1263.157894736891 1157.894736842105
6590 1473.684210526268 1263.157894736891 1263.157894736842
6591 1473.684210526268 1263.157894736891 1368.421052631579
6592 1473.684210526268 1263.157894736891 1473.684210526316
6593 1473.684210526268 1263.157894736891 1578.947368421053
6594 1473.684210526268 1263.157894736891 1684.210526315789
6595 1473.684210526268 1263.157894736891 1789.473684210526
6596 1473.684210526268 1263.157894736891 1894.736842105263
6597 1473.684210526279 1368.421052631621 105.2631578947368
6598 1473.684210526279 1368.421052631621 210.5263157894737
6599 1473.684210526279 1368.421052631621 315.7894736842105
6600 1473.684210526279 1368.421052631621 421.0526315789473
6601 1473.684210526279 1368.421052631621 526.3157894736842
6602 1473.684210526279 1368.421052631621 631.578947368421
6603 1473.684210526279 1368.421052631621 736.8421052631578
6604 1473.684210526279 1368.421052631621 842.1052631578947
6605 1473.684210526279 1368.421052631621 947.3684210526316
6606 1473.684210526279 1368.421052631621 1052.631578947368
6607 1473.684210526279 1368.421052631621 1157.894736842105
6608 1473.684210526279 1368.421052631621 1263.157894736842
6609 1473.684210526279 1368.421052631621 1368.421052631579
6610 1473.684210526279 1368.421052631621 1473.684210526316
6611 1473.684210526279 1368.421052631621 1578.947368421053
6612 1473.684210526279 1368.421052631621 1684.210526315789
6613 1473.684210526279 1368.421052631621 1789.473684210526
6614 1473.684210526279 1368.421052631621 1894.736842105263
6615 1473.684210526291 1473.684210526351 105.2631578947368
6616 1473.684210526291 1473.684210526351 210.5263157894737
6617 1473.684210526291 1473.684210526351 315.7894736842105
6618 1473.684210526291 1473.684210526351 421.0526315789473
6619 1473.684210526291 1473.684210526351 526.3157894736842
6620 1473.684210526291 1473.684210526351 631.578947368421
6621 1473.684210526291 1473.684210526351 736.8421052631578
6622 1473.684210526291 1473.684210526351 842.1052631578947
6623 1473.684210526291 1473.684210526351 947.3684210526316
6624 1473.684210526291 1473.684210526351 1052.631578947368
6625 1473.684210526291 1473.684210526351 1157.894736842105
6626 1473.684210526291 1473.684210526351 1263.157894736842
6627 1473.684210526291 1473.684210526351 1368.421052631579
6628 1473.684210526291 1473.684210526351 1473.684210526316
6629 1473.684210526291 1473.684210526351 1578.947368421053
6630 1473.684210526291 1473.684210526351 1684.210526315789
6631 1473.684210526291 1473.684210526351 1789.473684210526
6632 1473.684210526291 1473.684210526351 1894.736842105263
6633 1473.684210526303 1578.94736842108 105.2631578947368
6634 1473.684210526303 1578.94736842108 210.5263157894737
6635 1473.684210526303 1578.94736842108 315.7894736842105
6636 1473.684210526303 1578.94736842108 421.0526315789473
6637 1473.684210526303 1578.94736842108 526.3157894736842
6638 1473.684210526303 1578.94736842108 631.578947368421
6639 1473.684210526303 1578.94736842108 736.8421052631578
6640 1473.684210526303 1578.94736842108 842.1052631578947
6641 1473.684210526303 1578.94736842108 947.3684210526316
6642 1473.684210526303 1578.94736842108 1052.631578947368
6643 1473.684210526303 1578.94736842108 1157.894736842105
6644 1473.684210526303 1578.94736842108 1263.157894736842
6645 1473.684210526303 1578.94736842108 1368.421052631579
6646 1473.684210526303 1578.94736842108 1473.684210526316
6647 1473.684210526303 1578.94736842108 1578.947368421053
6648 1473.684210526303 1578.94736842108 1684.210526315789
6649 1473.684210526303 1578.94736842108 1789.473684210526
6650 1473.684210526303 1578.94736842108 1894.736842105263
6651 1473.684210526315 1684.21052631581 105.2631578947368
6652 1473.684210526315 1684.21052631581 210.5263157894737
6653 1473.684210526315 1684.21052631581 315.7894736842105
6654 1473.684210526315 1684.21052631581 421.0526315789473
6655 1473.684210526315 1684.21052631581 526.3157894736842
6656 1473.684210526315 1684.21052631581 631.578947368421
6657 1473.684210526315 1684.21052631581 736.8421052631578
6658 1473.684210526315 1684.21052631581 842.1052631578947
6659 1473.684210526315 1684.21052631581 947.3684210526316
6660 1473.684210526315 1684.21052631581 1052.631578947368
6661 1473.684210526315 1684.21052631581 1157.894736842105
6662 1473.684210526315 1684.21052631581 1263.157894736842
6663 1473.684210526315 1684.21052631581 1368.421052631579
6664 1473.684210526315 1684.21052631581 1473.684210526316
6665 1473.684210526315 1684.21052631581 1578.947368421053
6666 1473.684210526315 1684.21052631581 1684.210526315789
6667 1473.684210526315 1684.21052631581 1789.473684210526
6668 1473.684210526315 1684.21052631581 1894.736842105263
6669 1473.684210526327 1789.47368421054 105.2631578947368
6670 1473.684210526327 1789.47368421054 210.5263157894737
6671 1473.684210526327 1789.47368421054 315.7894736842105
6672 1473.684210526327 1789.47368421054 421.0526315789473
6673 1473.684210526327 1789.47368421054 526.3157894736842
6674 1473.684210526327 1789.47368421054 631.578947368421
6675 1473.684210526327 1789.47368421054 736.8421052631578
6676 1473.684210526327 1789.47368421054 842.1052631578947
6677 1473.684210526327 1789.47368421054 947.3684210526316
6678 1473.684210526327 1789.47368421054 1052.631578947368
6679 1473.684210526327 1789.47368421054 1157.894736842105
6680 1473.684210526327 1789.47368421054 1263.157894736842
6681 1473.684210526327 1789.47368421054 1368.421052631579
6682 1473.684210526327 1789.47368421054 1473.684210526316
6683 1473.684210526327 1789.47368421054 1578.947368421053
6684 1473.684210526327 1789.47368421054 1684.210526315789
6685 1473.684210526327 1789.47368421054 1789.473684210526
6686 1473.684210526327 1789.47368421054 1894.736842105263
6687 1473.684210526339 1894.73684210527 105.2631578947368
6688 1473.684210526339 1894.73684210527 210.5263157894737
6689 1473.684210526339 1894.73684210527 315.7894736842105
6690 1473.684210526339 1894.73684210527 421.0526315789473
6691 1473.684210526339 1894.73684210527 526.3157894736842
6692 1473.684210526339 1894.73684210527 631.578947368421
6693 1473.684210526339 1894.73684210527 736.8421052631578
6694 1473.684210526339 1894.73684210527 842.1052631578947
6695 1473.684210526339 1894.73684210527 947.3684210526316
6696 1473.684210526339 1894.73684210527 1052.631578947368
6697 1473.684210526339 1894.73684210527 1157.894736842105
6698 1473.684210526339 1894.73684210527 1263.157894736842
6699 1473.684210526339 1894.73684210527 1368.421052631579
6700 1473.684210526339 1894.73684210527 1473.684210526316
6701 1473.684210526339 1894.73684210527 1578.947368421053
6702 1473.684210526339 1894.73684210527 1684.210526315789
6703 1473.684210526339 1894.73684210527 1789.473684210526
6704 1473.684210526339 1894.73684210527 1894.736842105263
6705 1578.947368420909 105.2631578947298 105.2631578947368
6706 1578.947368420909 105.2631578947298 210.5263157894737
6707 1578.947368420909 105.2631578947298 315.7894736842105
6708 1578.947368420909 105.2631578947298 421.0526315789473
6709 1578.947368420909 105.2631578947298 526.3157894736842
6710 1578.947368420909 105.2631578947298 631.578947368421
6711 1578.947368420909 105.2631578947298 736.8421052631578
6712 1578.947368420909 105.2631578947298 842.1052631578947
6713 1578.947368420909 105.2631578947298 947.3684210526316
6714 1578.947368420909 105.2631578947298 1052.631578947368
6715 1578.947368420909 105.2631578947298 1157.894736842105
6716 1578.947368420909 105.2631578947298 1263.157894736842
6717 1578.947368420909 105.2631578947298 1368.421052631579
6718 1578.947368420909 105.2631578947298 1473.684210526316
6719 1578.947368420909 105.2631578947298 1578.947368421053
6720 1578.947368420909 105.2631578947298 1684.210526315789
6721 1578.947368420909 105.2631578947298 1789.473684210526
6722 1578.947368420909 105.2631578947298 1894.736842105263
6723 1578.947368420919 210.5263157894599 105.2631578947368
6724 1578.947368420919 210.5263157894599 210.5263157894737
6725 1578.947368420919 210.5263157894599 315.7894736842105
6726 1578.947368420919 210.5263157894599 421.0526315789473
6727 1578.947368420919 210.5263157894599 526.3157894736842
6728 1578.947368420919 210.5263157894599 631.578947368421
6729 1578.947368420919 210.5263157894599 736.8421052631578
6730 1578.947368420919 210.5263157894599 842.1052631578947
6731 1578.947368420919 210.5263157894599 947.3684210526316
6732 1578.947368420919 210.5263157894599 1052.631578947368
6733 1578.947368420919 210.5263157894599 1157.894736842105
6734 1578.947368420919 210.5263157894599 1263.157894736842
6735 1578.947368420919 210.5263157894599 1368.421052631579
6736 1578.947368420919 210.5263157894599 1473.684210526316
6737 1578.947368420919 210.5263157894599 1578.947368421053
6738 1578.947368420919 210.5263157894599 1684.210526315789
6739 1578.947368420919 210.5263157894599 1789.473684210526
6740 1578.947368420919 210.5263157894599 1894.736842105263
6741 1578.947368420929 315.7894736841895 105.2631578947368
6742 1578.947368420929 315.7894736841895 210.5263157894737
6743 1578.947368420929 315.7894736841895 315.7894736842105
6744 1578.947368420929 315.7894736841895 421.0526315789473
6745 1578.947368420929 315.7894736841895 526.3157894736842
6746 1578.947368420929 315.7894736841895 631.578947368421
6747 1578.947368420929 315.7894736841895 736.8421052631578
6748 1578.947368420929 315.7894736841895 842.1052631578947
6749 1578.947368420929 315.7894736841895 947.3684210526316
6750 1578.947368420929 315.7894736841895 1052.631578947368
6751 1578.947368420929 315.7894736841895 1157.894736842105
6752 1578.947368420929 315.7894736841895 1263.157894736842
6753 1578.947368420929 315.7894736841895 1368.421052631579
6754 1578.947368420929 315.7894736841895 1473.684210526316
6755 1578.947368420929 315.7894736841895 1578.947368421053
6756 1578.947368420929 315.7894736841895 1684.210526315789
6757 1578.947368420929 315.7894736841895 1789.473684210526
6758 1578.947368420929 315.7894736841895 1894.736842105263
6759 1578.947368420938 421.0526315789191 105.2631578947368
6760 1578.947368420938 421.0526315789191 210.5263157894737
6761 1578.947368420938 421.0526315789191 315.7894736842105
6762 1578.947368420938 421.0526315789191 421.0526315789473
6763 1578.947368420938 421.0526315789191 526.3157894736842
6764 1578.947368420938 421.0526315789191 631.578947368421
6765 1578.947368420938 421.0526315789191 736.8421052631578
6766 1578.947368420938 421.0526315789191 842.1052631578947
6767 1578.947368420938 421.0526315789191 947.3684210526316
6768 1578.947368420938 421.0526315789191 1052.631578947368
6769 1578.947368420938 421.0526315789191 1157.894736842105
6770 1578.947368420938 421.0526315789191 1263.157894736842
6771 1578.947368420938 421.0526315789191 1368.421052631579
6772 1578.947368420938 421.0526315789191 1473.684210526316
6773 1578.947368420938 421.0526315789191 1578.947368421053
6774 1578.947368420938 421.0526315789191 1684.210526315789
6775 1578.947368420938 421.0526315789191 1789.473684210526
6776 1578.947368420938 421.0526315789191 1894.736842105263
6777 1578.947368420947 526.3157894736493 105.2631578947368
6778 1578.947368420947 526.3157894736493 210.5263157894737
6779 1578.947368420947 526.3157894736493 315.7894736842105
6780 1578.947368420947 526.3157894736493 421.0526315789473
6781 1578.947368420947 526.3157894736493 526.3157894736842
6782 1578.947368420947 526.3157894736493 631.578947368421
6783 1578.947368420947 526.3157894736493 736.8421052631578
6784 1578.947368420947 526.3157894736493 842.1052631578947
6785 1578.947368420947 526.3157894736493 947.3684210526316
6786 1578.947368420947 526.3157894736493 1052.631578947368
6787 1578.947368420947 526.3157894736493 1157.894736842105
6788 1578.947368420947 526.3157894736493 1263.157894736842
6789 1578.947368420947 526.3157894736493 1368.421052631579
6790 1578.947368420947 526.3157894736493 1473.684210526316
6791 1578.947368420947 526.3157894736493 1578.947368421053
6792 1578.947368420947 526.3157894736493 1684.210526315789
6793 1578.947368420947 526.3157894736493 1789.473684210526
6794 1578.947368420947 526.3157894736493 1894.736842105263
6795 1578.947368420957 631.578947368379 105.2631578947368
6796 1578.947368420957 631.578947368379 210.5263157894737
6797 1578.947368420957 631.578947368379 315.7894736842105
6798 1578.947368420957 631.578947368379 421.0526315789473
6799 1578.947368420957 631.578947368379 526.3157894736842
6800 1578.947368420957 631.578947368379 631.578947368421
6801 1578.947368420957 631.578947368379 736.8421052631578
6802 1578.947368420957 631.578947368379 842.1052631578947
6803 1578.947368420957 631.578947368379 947.3684210526316
6804 1578.947368420957 631.578947368379 1052.631578947368
6805 1578.947368420957 631.578947368379 1157.894736842105
6806 1578.947368420957 631.578947368379 1263.157894736842
6807 1578.947368420957 631.578947368379 1368.421052631579
6808 1578.947368420957 631.578947368379 1473.684210526316
6809 1578.947368420957 631.578947368379 1578.947368421053
6810 1578.947368420957 631.578947368379 1684.210526315789
6811 1578.947368420957 631.578947368379 1789.473684210526
6812 1578.947368420957 631.578947368379 1894.736842105263
6813 1578.947368420966 736.8421052631086 105.2631578947368
6814 1578.947368420966 736.8421052631086 210.5263157894737
6815 1578.947368420966 736.8421052631086 315.7894736842105
6816 1578.947368420966 736.8421052631086 421.0526315789473
6817 1578.947368420966 736.8421052631086 526.3157894736842
6818 1578.947368420966 736.8421052631086 631.578947368421
6819 1578.947368420966 736.8421052631086 736.8421052631578
6820 1578.947368420966 736.8421052631086 842.1052631578947
6821 1578.947368420966 736.8421052631086 947.3684210526316
6822 1578.947368420966 736.8421052631086 1052.631578947368
6823 1578.947368420966 736.8421052631086 1157.894736842105
6824 1578.947368420966 736.8421052631086 1263.157894736842
6825 1578.947368420966 736.8421052631086 1368.421052631579
6826 1578.947368420966 736.8421052631086 1473.684210526316
6827 1578.947368420966 736.8421052631086 1578.947368421053
6828 1578.947368420966 736.8421052631086 1684.210526315789
6829 1578.947368420966 736.8421052631086 1789.473684210526
6830 1578.947368420966 736.8421052631086 1894.736842105263
6831 1578.947368420976 842.1052631578384 105.2631578947368
6832 1578.947368420976 842.1052631578384 210.5263157894737
6833 1578.947368420976 842.1052631578384 315.7894736842105
6834 1578.947368420976 842.1052631578384 421.0526315789473
6835 1578.947368420976 842.1052631578384 526.3157894736842
6836 1578.947368420976 842.1052631578384 631.578947368421
6837 1578.947368420976 842.1052631578384 736.8421052631578
6838 1578.947368420976 842.1052631578384 842.1052631578947
6839 1578.947368420976 842.1052631578384 947.3684210526316
6840 1578.947368420976 842.1052631578384 1052.631578947368
6841 1578.947368420976 842.1052631578384 1157.894736842105
6842 1578.947368420976 842.1052631578384 1263.157894736842
6843 1578.947368420976 842.1052631578384 1368.421052631579
6844 1578.947368420976 842.1052631578384 1473.684210526316
6845 1578.947368420976 842.1052631578384 1578.947368421053
6846 1578.947368420976 842.1052631578384 1684.210526315789
6847 1578.947368420976 842.1052631578384 1789.473684210526
6848 1578.947368420976 842.1052631578384 1894.736842105263
6849 1578.947368420986 947.3684210525685 105.2631578947368
6850 1578.947368420986 947.3684210525685 210.5263157894737
6851 1578.947368420986 947.3684210525685 315.7894736842105
6852 1578.947368420986 947.3684210525685 421.0526315789473
6853 1578.947368420986 947.3684210525685 526.3157894736842
6854 1578.947368420986 947.3684210525685 631.578947368421
6855 1578.947368420986 947.3684210525685 736.8421052631578
6856 1578.947368420986 947.3684210525685 842.1052631578947
6857 1578.947368420986 947.3684210525685 947.3684210526316
6858 1578.947368420986 947.3684210525685 1052.631578947368
6859 1578.947368420986 947.3684210525685 1157.894736842105
6860 1578.947368420986 947.3684210525685 1263.157894736842
6861 1578.947368420986 947.3684210525685 1368.421052631579
6862 1578.947368420986 947.3684210525685 1473.684210526316
6863 1578.947368420986 947.3684210525685 1578.947368421053
6864 1578.947368420986 947.3684210525685 1684.210526315789
6865 1578.947368420986 947.3684210525685 1789.473684210526
6866 1578.947368420986 947.3684210525685 1894.736842105263
6867 1578.947368420995 1052.631578947432 105.2631578947368
6868 1578.947368420995 1052.631578947432 210.5263157894737
6869 1578.947368420995 1052.631578947432 315.7894736842105
6870 1578.947368420995 1052.631578947432 421.0526315789473
6871 1578.947368420995 1052.631578947432 526.3157894736842
6872 1578.947368420995 1052.631578947432 631.578947368421
6873 1578.947368420995 1052.631578947432 736.8421052631578
6874 1578.947368420995 1052.631578947432 842.1052631578947
6875 1578.947368420995 1052.631578947432 947.3684210526316
6876 1578.947368420995 1052.631578947432 1052.631578947368
6877 1578.947368420995 1052.631578947432 1157.894736842105
6878 1578.947368420995 1052.631578947432 1263.157894736842
6879 1578.947368420995 1052.631578947432 1368.421052631579
6880 1578.947368420995 1052.631578947432 1473.684210526316
6881 1578.947368420995 1052.631578947432 1578.947368421053
6882 1578.947368420995 1052.631578947432 1684.210526315789
6883 1578.947368420995 1052.631578947432 1789.473684210526
6884 1578.947368420995 1052.631578947432 1894.736842105263
6885 1578.947368421005 1157.894736842161 105.2631578947368
6886 1578.947368421005 1157.894736842161 210.5263157894737
6887 1578.947368421005 1157.894736842161 315.7894736842105
6888 1578.947368421005 1157.894736842161 421.0526315789473
6889 1578.947368421005 1157.894736842161 526.3157894736842
6890 1578.947368421005 1157.894736842161 631.578947368421
6891 1578.947368421005 1157.894736842161 736.8421052631578
6892 1578.947368421005 1157.894736842161 842.1052631578947
6893 1578.947368421005 1157.894736842161 947.3684210526316
6894 1578.947368421005 1157.894736842161 1052.631578947368
6895 1578.947368421005 1157.894736842161 1157.894736842105
6896 1578.947368421005 1157.894736842161 1263.157894736842
6897 1578.947368421005 1157.894736842161 1368.421052631579
6898 1578.947368421005 1157.894736842161 1473.684210526316
6899 1578.947368421005 1157.894736842161 1578.947368421053
6900 1578.947368421005 1157.894736842161 1684.210526315789
6901 1578.947368421005 1157.894736842161 1789.473684210526
6902 1578.947368421005 1157.894736842161 1894.736842105263
6903 1578.947368421014 1263.157894736891 105.2631578947368
6904 1578.947368421014 1263.157894736891 210.5263157894737
6905 1578.947368421014 1263.157894736891 315.7894736842105
6906 1578.947368421014 1263.157894736891 421.0526315789473
6907 1578.947368421014 1263.157894736891 526.3157894736842
6908 1578.947368421014 1263.157894736891 631.578947368421
6909 1578.947368421014 1263.157894736891 736.8421052631578
6910 1578.947368421014 1263.157894736891 842.1052631578947
6911 1578.947368421014 1263.157894736891 947.3684210526316
6912 1578.947368421014 1263.157894736891 1052.631578947368
6913 1578.947368421014 1263.157894736891 1157.894736842105
6914 1578.947368421014 1263.157894736891 1263.157894736842
6915 1578.947368421014 1263.157894736891 1368.421052631579
6916 1578.947368421014 1263.157894736891 1473.684210526316
6917 1578.947368421014 1263.157894736891 1578.947368421053
6918 1578.947368421014 1263.157894736891 1684.210526315789
6919 1578.947368421014 1263.157894736891 1789.473684210526
6920 1578.947368421014 1263.157894736891 1894.736842105263
6921 1578.947368421024 1368.421052631621 105.2631578947368
6922 1578.947368421024 1368.421052631621 210.5263157894737
6923 1578.947368421024 1368.421052631621 315.7894736842105
6924 1578.947368421024 1368.421052631621 421.0526315789473
6925 1578.947368421024 1368.421052631621 526.3157894736842
6926 1578.947368421024 1368.421052631621 631.578947368421
6927 1578.947368421024 1368.421052631621 736.8421052631578
6928 1578.947368421024 1368.421052631621 842.1052631578947
6929 1578.947368421024 1368.421052631621 947.3684210526316
6930 1578.947368421024 1368.421052631621 1052.631578947368
6931 1578.947368421024 1368.421052631621 1157.894736842105
6932 1578.947368421024 1368.421052631621 1263.157894736842
6933 1578.947368421024 1368.421052631621 1368.421052631579
6934 1578.947368421024 1368.421052631621 1473.684210526316
6935 1578.947368421024 1368.421052631621 1578.947368421053
6936 1578.947368421024 1368.421052631621 1684.210526315789
6937 1578.947368421024 1368.421052631621 1789.473684210526
6938 1578.947368421024 1368.421052631621 1894.736842105263
6939 1578.947368421033 1473.684210526351 105.2631578947368
6940 1578.947368421033 1473.684210526351 210.5263157894737
6941 1578.947368421033 1473.684210526351 315.7894736842105
6942 1578.947368421033 1473.684210526351 421.0526315789473
6943 1578.947368421033 1473.684210526351 526.3157894736842
6944 1578.947368421033 1473.684210526351 631.578947368421
6945 1578.947368421033 1473.684210526351 736.8421052631578
6946 1578.947368421033 1473.684210526351 842.1052631578947
6947 1578.947368421033 1473.684210526351 947.3684210526316
6948 1578.947368421033 1473.684210526351 1052.631578947368
6949 1578.947368421033 1473.684210526351 1157.894736842105
6950 1578.947368421033 1473.684210526351 1263.157894736842
6951 1578.947368421033 1473.684210526351 1368.421052631579
6952 1578.947368421033 1473.684210526351 1473.684210526316
6953 1578.947368421033 1473.684210526351 1578.947368421053
6954 1578.947368421033 1473.684210526351 1684.210526315789
6955 1578.947368421033 1473.684210526351 1789.473684210526
6956 1578.947368421033 1473.684210526351 1894.736842105263
6957 1578.947368421042 1578.94736842108 105.2631578947368
6958 1578.947368421042 1578.94736842108 210.5263157894737
6959 1578.947368421042 1578.94736842108 315.7894736842105
6960 1578.947368421042 1578.94736842108 421.0526315789473
6961 1578.947368421042 1578.94736842108 526.3157894736842
6962 1578.947368421042 1578.94736842108 631.578947368421
6963 1578.947368421042 1578.94736842108 736.8421052631578
6964 1578.947368421042 1578.94736842108 842.1052631578947
6965 1578.947368421042 1578.94736842108 947.3684210526316
6966 1578.947368421042 1578.94736842108 1052.631578947368
6967 1578.947368421042 1578.94736842108 1157.894736842105
6968 1578.947368421042 1578.94736842108 1263.157894736842
6969 1578.947368421042 1578.94736842108 1368.421052631579
6970 1578.947368421042 1578.94736842108 1473.684210526316
6971 1578.947368421042 1578.94736842108 1578.947368421053
6972 1578.947368421042 1578.94736842108 1684.210526315789
6973 1578.947368421042 1578.94736842108 1789.473684210526
6974 1578.947368421042 1578.94736842108 1894.736842105263
6975 1578.947368421052 1684.21052631581 105.2631578947368
6976 1578.947368421052 1684.21052631581 210.5263157894737
6977 1578.947368421052 1684.21052631581 315.7894736842105
6978 1578.947368421052 1684.21052631581 421.0526315789473
6979 1578.947368421052 1684.21052631581 526.3157894736842
6980 1578.947368421052 1684.21052631581 631.578947368421
6981 1578.947368421052 1684.21052631581 736.8421052631578
6982 1578.947368421052 1684.21052631581 842.1052631578947
6983 1578.947368421052 1684.21052631581 947.3684210526316
6984 1578.947368421052 1684.21052631581 1052.631578947368
6985 1578.947368421052 1684.21052631581 1157.894736842105
6986 1578.947368421052 1684.21052631581 1263.157894736842
6987 1578.947368421052 1684.21052631581 1368.421052631579
6988 1578.947368421052 1684.21052631581 1473.684210526316
6989 1578.947368421052 1684.21052631581 1578.947368421053
6990 1578.947368421052 1684.21052631581 1684.210526315789
6991 1578.947368421052 1684.21052631581 1789.473684210526
6992 1578.947368421052 1684.21052631581 1894.736842105263
6993 1578.947368421061 1789.47368421054 105.2631578947368
6994 1578.947368421061 1789.47368421054 210.5263157894737
6995 1578.947368421061 1789.47368421054 315.7894736842105
6996 1578.947368421061 1789.47368421054 421.0526315789473
6997 1578.947368421061 1789.47368421054 526.3157894736842
6998 1578.947368421061 1789.47368421054 631.578947368421
6999 1578.947368421061 1789.47368421054 736.8421052631578
7000 1578.947368421061 1789.47368421054 842.1052631578947
7001 1578.947368421061 1789.47368421054 947.3684210526316
7002 1578.947368421061 1789.47368421054 1052.631578947368
7003 1578.947368421061 1789.47368421054 1157.894736842105
7004 1578.947368421061 1789.47368421054 1263.157894736842
7005 1578.947368421061 1789.47368421054 1368.421052631579
7006 1578.947368421061 1789.47368421054 1473.684210526316
7007 1578.947368421061 1789.47368421054 1578.947368421053
7008 1578.947368421061 1789.47368421054 1684.210526315789
7009 1578.947368421061 1789.47368421054 1789.473684210526
7010 1578.947368421061 1789.47368421054 1894.736842105263
7011 1578.947368421071 1894.73684210527 105.2631578947368
7012 1578.947368421071 1894.73684210527 210.5263157894737
7013 1578.947368421071 1894.73684210527 315.7894736842105
7014 1578.947368421071 1894.73684210527 421.0526315789473
7015 1578.947368421071 1894.73684210527 526.3157894736842
7016 1578.947368421071 1894.73684210527 631.578947368421
7017 1578.947368421071 1894.73684210527 736.8421052631578
7018 1578.947368421071 1894.73684210527 842.1052631578947
7019 1578.947368421071 1894.73684210527 947.3684210526316
7020 1578.947368421071 1894.73684210527 1052.631578947368
7021 1578.947368421071 1894.73684210527 1157.894736842105
7022 1578.947368421071 1894.73684210527 1263.157894736842
7023 1578.947368421071 1894.73684210527 1368.421052631579
7024 1578.947368421071 1894.73684210527 1473.684210526316
7025 1578.947368421071 1894.73684210527 1578.947368421053
7026 1578.947368421071 1894.73684210527 1684.210526315789
7027 1578.947368421071 1894.73684210527 1789.473684210526
7028 1578.947368421071 1894.73684210527 1894.736842105263
7029 1684.210526315682 105.2631578947298 105.2631578947368
7030 1684.210526315682 105.2631578947298 210.5263157894737
7031 1684.210526315682 105.2631578947298 315.7894736842105
7032 1684.210526315682 105.2631578947298 421.0526315789473
7033 1684.210526315682 105.2631578947298 526.3157894736842
7034 1684.210526315682 105.2631578947298 631.578947368421
7035 1684.210526315682 105.2631578947298 736.8421052631578
7036 1684.210526315682 105.2631578947298 842.1052631578947
7037 1684.210526315682 105.2631578947298 947.3684210526316
7038 1684.210526315682 105.2631578947298 1052.631578947368
7039 1684.210526315682 105.2631578947298 1157.894736842105
7040 1684.210526315682 105.2631578947298 1263.157894736842
7041 1684.210526315682 105.2631578947298 1368.421052631579
7042 1684.210526315682 105.2631578947298 1473.684210526316
7043 1684.210526315682 105.2631578947298 1578.947368421053
7044 1684.210526315682 105.2631578947298 1684.210526315789
7045 1684.210526315682 105.2631578947298 1789.473684210526
7046 1684.210526315682 105.2631578947298 1894.736842105263
7047 1684.210526315689 210.5263157894599 105.2631578947368
7048 1684.210526315689 210.5263157894599 210.5263157894737
7049 1684.210526315689 210.5263157894599 315.7894736842105
7050 1684.210526315689 210.5263157894599 421.0526315789473
7051 1684.210526315689 210.5263157894599 526.3157894736842
7052 1684.210526315689 210.5263157894599 631.578947368421
7053 1684.210526315689 210.5263157894599 736.8421052631578
7054 1684.210526315689 210.5263157894599 842.1052631578947
7055 1684.210526315689 210.5263157894599 947.3684210526316
7056 1684.210526315689 210.5263157894599 1052.631578947368
7057 1684.210526315689 210.5263157894599 1157.894736842105
7058 1684.210526315689 210.5263157894599 1263.157894736842
7059 1684.210526315689 210.5263157894599 1368.421052631579
7060 1684.210526315689 210.5263157894599 1473.684210526316
7061 1684.210526315689 210.5263157894599 1578.947368421053
7062 1684.210526315689 210.5263157894599 1684.210526315789
7063 1684.210526315689 210.5263157894599 1789.473684210526
7064 1684.210526315689 210.5263157894599 1894.736842105263
7065 1684.210526315696 315.7894736841895 105.2631578947368
7066 1684.210526315696 315.7894736841895 210.5263157894737
7067 1684.210526315696 315.7894736841895 315.7894736842105
7068 1684.210526315696 315.7894736841895 421.0526315789473
7069 1684.210526315696 315.7894736841895 526.3157894736842
7070 1684.210526315696 315.7894736841895 631.578947368421
7071 1684.210526315696 315.7894736841895 736.8421052631578
7072 1684.210526315696 315.7894736841895 842.1052631578947
7073 1684.210526315696 315.7894736841895 947.3684210526316
7074 1684.210526315696 315.7894736841895 1052.631578947368
7075 1684.210526315696 315.7894736841895 1157.894736842105
7076 1684.210526315696 315.7894736841895 1263.157894736842
7077 1684.210526315696 315.7894736841895 1368.421052631579
7078 1684.210526315696 315.7894736841895 1473.684210526316
7079 1684.210526315696 315.7894736841895 1578.947368421053
7080 1684.210526315696 315.7894736841895 1684.210526315789
7081 1684.210526315696 315.7894736841895 1789.473684210526
7082 1684.210526315696 315.7894736841895 1894.736842105263
7083 1684.210526315703 421.0526315789191 105.2631578947368
7084 1684.210526315703 421.0526315789191 210.5263157894737
7085 1684.210526315703 421.0526315789191 315.7894736842105
7086 1684.210526315703 421.0526315789191 421.0526315789473
7087 1684.210526315703 421.0526315789191 526.3157894736842
7088 1684.210526315703 421.0526315789191 631.578947368421
7089 1684.210526315703 421.0526315789191 736.8421052631578
7090 1684.210526315703 421.0526315789191 842.1052631578947
7091 1684.210526315703 421.0526315789191 947.3684210526316
7092 1684.210526315703 421.0526315789191 1052.631578947368
7093 1684.210526315703 421.0526315789191 1157.894736842105
7094 1684.210526315703 421.0526315789191 1263.157894736842
7095 1684.210526315703 421.0526315789191 1368.421052631579
7096 1684.210526315703 421.0526315789191 1473.684210526316
7097 1684.210526315703 421.0526315789191 1578.947368421053
7098 1684.210526315703 421.0526315789191 1684.210526315789
7099 1684.210526315703 421.0526315789191 1789.473684210526
7100 1684.210526315703 421.0526315789191 1894.736842105263
7101 1684.21052631571 526.3157894736491 105.2631578947368
7102 1684.21052631571 526.3157894736491 210.5263157894737
7103 1684.21052631571 526.3157894736491 315.7894736842105
7104 1684.21052631571 526.3157894736491 421.0526315789473
7105 1684.21052631571 526.3157894736491 526.3157894736842
7106 1684.21052631571 526.3157894736491 631.578947368421
7107 1684.21052631571 526.3157894736491 736.8421052631578
7108 1684.21052631571 526.3157894736491 842.1052631578947
7109 1684.21052631571 526.3157894736491 947.3684210526316
7110 1684.21052631571 526.3157894736491 1052.631578947368
7111 1684.21052631571 526.3157894736491 1157.894736842105
7112 1684.21052631571 526.3157894736491 1263.157894736842
7113 1684.21052631571 526.3157894736491 1368.421052631579
7114 1684.21052631571 526.3157894736491 1473.684210526316
7115 1684.21052631571 526.3157894736491 1578.947368421053
7116 1684.21052631571 526.3157894736491 1684.210526315789
7117 1684.21052631571 526.3157894736491 1789.473684210526
7118 1684.21052631571 526.3157894736491 1894.736842105263
7119 1684.210526315718 631.578947368379 105.2631578947368
7120 1684.210526315718 631.578947368379 210.5263157894737
7121 1684.210526315718 631.578947368379 315.7894736842105
7122 1684.210526315718 631.578947368379 421.0526315789473
7123 1684.210526315718 631.578947368379 526.3157894736842
7124 1684.210526315718 631.578947368379 631.578947368421
7125 1684.210526315718 631.578947368379 736.8421052631578
7126 1684.210526315718 631.578947368379 842.1052631578947
7127 1684.210526315718 631.578947368379 947.3684210526316
7128 1684.210526315718 631.578947368379 1052.631578947368
7129 1684.210526315718 631.578947368379 1157.894736842105
7130 1684.210526315718 631.578947368379 1263.157894736842
7131 1684.210526315718 631.578947368379 1368.421052631579
7132 1684.210526315718 631.578947368379 1473.684210526316
7133 1684.210526315718 631.578947368379 1578.947368421053
7134 1684.210526315718 631.578947368379 1684.210526315789
7135 1684.210526315718 631.578947368379 1789.473684210526
7136 1684.210526315718 631.578947368379 1894.736842105263
7137 1684.210526315725 736.8421052631086 105.2631578947368
7138 1684.210526315725 736.8421052631086 210.5263157894737
7139 1684.210526315725 736.8421052631086 315.7894736842105
7140 1684.210526315725 736.8421052631086 421.0526315789473
7141 1684.210526315725 736.8421052631086 526.3157894736842
7142 1684.210526315725 736.8421052631086 631.578947368421
7143 1684.210526315725 736.8421052631086 736.8421052631578
7144 1684.210526315725 736.8421052631086 842.1052631578947
7145 1684.210526315725 736.8421052631086 947.3684210526316
7146 1684.210526315725 736.8421052631086 1052.631578947368
7147 1684.210526315725 736.8421052631086 1157.894736842105
7148 1684.210526315725 736.8421052631086 1263.157894736842
7149 1684.210526315725 736.8421052631086 1368.421052631579
7150 1684.210526315725 736.8421052631086 1473.684210526316
7151 1684.210526315725 736.8421052631086 1578.947368421053
7152 1684.210526315725 736.8421052631086 1684.210526315789
7153 1684.210526315725 736.8421052631086 1789.473684210526
7154 1684.210526315725 736.8421052631086 1894.736842105263
7155 1684.210526315732 842.1052631578384 105.2631578947368
7156 1684.210526315732 842.1052631578384 210.5263157894737
7157 1684.210526315732 842.1052631578384 315.7894736842105
7158 1684.210526315732 842.1052631578384 421.0526315789473
7159 1684.210526315732 842.1052631578384 526.3157894736842
7160 1684.210526315732 842.1052631578384 631.578947368421
7161 1684.210526315732 842.1052631578384 736.8421052631578
7162 1684.210526315732 842.1052631578384 842.1052631578947
7163 1684.210526315732 842.1052631578384 947.3684210526316
7164 1684.210526315732 842.1052631578384 1052.631578947368
7165 1684.210526315732 842.1052631578384 1157.894736842105
7166 1684.210526315732 842.1052631578384 1263.157894736842
7167 1684.210526315732 842.1052631578384 1368.421052631579
7168 1684.210526315732 842.1052631578384 1473.684210526316
7169 1684.210526315732 842.1052631578384 1578.947368421053
7170 1684.210526315732 842.1052631578384 1684.210526315789
7171 1684.210526315732 842.1052631578384 1789.473684210526
7172 1684.210526315732 842.1052631578384 1894.736842105263
7173 1684.210526315739 947.3684210525684 105.2631578947368
7174 1684.210526315739 947.3684210525684 210.5263157894737
7175 1684.210526315739 947.3684210525684 315.7894736842105
7176 1684.210526315739 947.3684210525684 421.0526315789473
7177 1684.210526315739 947.3684210525684 526.3157894736842
7178 1684.210526315739 947.3684210525684 631.578947368421
7179 1684.210526315739 947.3684210525684 736.8421052631578
7180 1684.210526315739 947.3684210525684 842.1052631578947
7181 1684.210526315739 947.3684210525684 947.3684210526316
7182 1684.210526315739 947.3684210525684 1052.631578947368
7183 1684.210526315739 947.3684210525684 1157.894736842105
7184 1684.210526315739 947.3684210525684 1263.157894736842
7185 1684.210526315739 947.3684210525684 1368.421052631579
7186 1684.210526315739 947.3684210525684 1473.684210526316
7187 1684.210526315739 947.3684210525684 1578.947368421053
7188 1684.210526315739 947.3684210525684 1684.210526315789
7189 1684.210526315739 947.3684210525684 1789.473684210526
7190 1684.210526315739 947.3684210525684 1894.736842105263
7191 1684.210526315746 1052.631578947432 105.2631578947368
7192 1684.210526315746 1052.631578947432 210.5263157894737
7193 1684.210526315746 1052.631578947432 315.7894736842105
7194 1684.210526315746 1052.631578947432 421.0526315789473
7195 1684.210526315746 1052.631578947432 526.3157894736842
7196 1684.210526315746 1052.631578947432 631.578947368421
7197 1684.210526315746 1052.631578947432 736.8421052631578
7198 1684.210526315746 1052.631578947432 842.1052631578947
7199 1684.210526315746 1052.631578947432 947.3684210526316
7200 1684.210526315746 1052.631578947432 1052.631578947368
7201 1684.210526315746 1052.631578947432 1157.894736842105
7202 1684.210526315746 1052.631578947432 1263.157894736842
7203 1684.210526315746 1052.631578947432 1368.421052631579
7204 1684.210526315746 1052.631578947432 1473.684210526316
7205 1684.210526315746 1052.631578947432 1578.947368421053
7206 1684.210526315746 1052.631578947432 1684.210526315789
7207 1684.210526315746 1052.631578947432 1789.473684210526
7208 1684.210526315746 1052.631578947432 1894.736842105263
7209 1684.210526315753 1157.894736842161 105.2631578947368
7210 1684.210526315753 1157.894736842161 210.5263157894737
7211 1684.210526315753 1157.894736842161 315.7894736842105
7212 1684.210526315753 1157.894736842161 421.0526315789473
7213 1684.210526315753 1157.894736842161 526.3157894736842
7214 1684.210526315753 1157.894736842161 631.578947368421
7215 1684.210526315753 1157.894736842161 736.8421052631578
7216 1684.210526315753 1157.894736842161 842.1052631578947
7217 1684.210526315753 1157.894736842161 947.3684210526316
7218 1684.210526315753 1157.894736842161 1052.631578947368
7219 1684.210526315753 1157.894736842161 1157.894736842105
7220 1684.210526315753 1157.894736842161 1263.157894736842
7221 1684.210526315753 1157.894736842161 1368.421052631579
7222 1684.210526315753 1157.894736842161 1473.684210526316
7223 1684.210526315753 1157.894736842161 1578.947368421053
7224 1684.210526315753 1157.894736842161 1684.210526315789
7225 1684.210526315753 1157.894736842161 1789.473684210526
7226 1684.210526315753 1157.894736842161 1894.736842105263
7227 1684.21052631576 1263.157894736891 105.2631578947368
7228 1684.21052631576 1263.157894736891 210.5263157894737
7229 1684.21052631576 1263.157894736891 315.7894736842105
7230 1684.21052631576 1263.157894736891 421.0526315789473
7231 1684.21052631576 1263.157894736891 526.3157894736842
7232 1684.21052631576 1263.157894736891 631.578947368421
7233 1684.21052631576 1263.157894736891 736.8421052631578
7234 1684.21052631576 1263.157894736891 842.1052631578947
7235 1684.21052631576 1263.157894736891 947.3684210526316
7236 1684.21052631576 1263.157894736891 1052.631578947368
7237 1684.21052631576 1263.157894736891 1157.894736842105
7238 1684.21052631576 1263.157894736891 1263.157894736842
7239 1684.21052631576 1263.157894736891 1368.421052631579
7240 1684.21052631576 1263.157894736891 1473.684210526316
7241 1684.21052631576 1263.157894736891 1578.947368421053
7242 1684.21052631576 1263.157894736891 1684.210526315789
7243 1684.21052631576 1263.157894736891 1789.473684210526
7244 1684.21052631576 1263.157894736891 1894.736842105263
7245 1684.210526315768 1368.421052631621 105.2631578947368
7246 1684.210526315768 1368.421052631621 210.5263157894737
7247 1684.210526315768 1368.421052631621 315.7894736842105
7248 1684.210526315768 1368.421052631621 421.0526315789473
7249 1684.210526315768 1368.421052631621 526.3157894736842
7250 1684.210526315768 1368.421052631621 631.578947368421
7251 1684.210526315768 1368.421052631621 736.8421052631578
7252 1684.210526315768 1368.421052631621 842.1052631578947
7253 1684.210526315768 1368.421052631621 947.3684210526316
7254 1684.210526315768 1368.421052631621 1052.631578947368
7255 1684.210526315768 1368.421052631621 1157.894736842105
7256 1684.210526315768 1368.421052631621 1263.157894736842
7257 1684.210526315768 1368.421052631621 1368.421052631579
7258 1684.210526315768 1368.421052631621 1473.684210526316
7259 1684.210526315768 1368.421052631621 1578.947368421053
7260 1684.210526315768 1368.421052631621 1684.210526315789
7261 1684.210526315768 1368.421052631621 1789.473684210526
7262 1684.210526315768 1368.421052631621 1894.736842105263
7263 1684.210526315775 1473.68421052635 105.2631578947368
7264 1684.210526315775 1473.68421052635 210.5263157894737
7265 1684.210526315775 1473.68421052635 315.7894736842105
7266 1684.210526315775 1473.68421052635 421.0526315789473
7267 1684.210526315775 1473.68421052635 526.3157894736842
7268 1684.210526315775 1473.68421052635 631.578947368421
7269 1684.210526315775 1473.68421052635 736.8421052631578
7270 1684.210526315775 1473.68421052635 842.1052631578947
7271 1684.210526315775 1473.68421052635 947.3684210526316
7272 1684.210526315775 1473.68421052635 1052.631578947368
7273 1684.210526315775 1473.68421052635 1157.894736842105
7274 1684.210526315775 1473.68421052635 1263.157894736842
7275 1684.210526315775 1473.68421052635 1368.421052631579
7276 1684.210526315775 1473.68421052635 1473.684210526316
7277 1684.210526315775 1473.68421052635 1578.947368421053
7278 1684.210526315775 1473.68421052635 1684.210526315789
7279 1684.210526315775 1473.68421052635 1789.473684210526
7280 1684.210526315775 1473.68421052635 1894.736842105263
7281 1684.210526315782 1578.94736842108 105.2631578947368
7282 1684.210526315782 1578.94736842108 210.5263157894737
7283 1684.210526315782 1578.94736842108 315.7894736842105
7284 1684.210526315782 1578.94736842108 421.0526315789473
7285 1684.210526315782 1578.94736842108 526.3157894736842
7286 1684.210526315782 1578.94736842108 631.578947368421
7287 1684.210526315782 1578.94736842108 736.8421052631578
7288 1684.210526315782 1578.94736842108 842.1052631578947
7289 1684.210526315782 1578.94736842108 947.3684210526316
7290 1684.210526315782 1578.94736842108 1052.631578947368
7291 1684.210526315782 1578.94736842108 1157.894736842105
7292 1684.210526315782 1578.94736842108 1263.157894736842
7293 1684.210526315782 1578.94736842108 1368.421052631579
7294 1684.210526315782 1578.94736842108 1473.684210526316
7295 1684.210526315782 1578.94736842108 1578.947368421053
7296 1684.210526315782 1578.94736842108 1684.210526315789
7297 1684.210526315782 1578.94736842108 1789.473684210526
7298 1684.210526315782 1578.94736842108 1894.736842105263
7299 1684.210526315789 1684.21052631581 105.2631578947368
7300 1684.210526315789 1684.21052631581 210.5263157894737
7301 1684.210526315789 1684.21052631581 315.7894736842105
7302 1684.210526315789 1684.21052631581 421.0526315789473
7303 1684.210526315789 1684.21052631581 526.3157894736842
7304 1684.210526315789 1684.21052631581 631.578947368421
7305 1684.210526315789 1684.21052631581 736.8421052631578
7306 1684.210526315789 1684.21052631581 842.1052631578947
7307 1684.210526315789 1684.21052631581 947.3684210526316
7308 1684.210526315789 1684.21052631581 1052.631578947368
7309 1684.210526315789 1684.21052631581 1157.894736842105
7310 1684.210526315789 1684.21052631581 1263.157894736842
7311 1684.210526315789 1684.21052631581 1368.421052631579
7312 1684.210526315789 1684.21052631581 1473.684210526316
7313 1684.210526315789 1684.21052631581 1578.947368421053
7314 1684.210526315789 1684.21052631581 1684.210526315789
7315 1684.210526315789 1684.21052631581 1789.473684210526
7316 1684.210526315789 1684.21052631581 1894.736842105263
7317 1684.210526315796 1789.47368421054 105.2631578947368
7318 1684.210526315796 1789.47368421054 210.5263157894737
7319 1684.210526315796 1789.47368421054 315.7894736842105
7320 1684.210526315796 1789.47368421054 421.0526315789473
7321 1684.210526315796 1789.47368421054 526.3157894736842
7322 1684.210526315796 1789.47368421054 631.578947368421
7323 1684.210526315796 1789.47368421054 736.8421052631578
7324 1684.210526315796 1789.47368421054 842.1052631578947
7325 1684.210526315796 1789.47368421054 947.3684210526316
7326 1684.210526315796 1789.47368421054 1052.631578947368
7327 1684.210526315796 1789.47368421054 1157.894736842105
7328 1684.210526315796 1789.47368421054 1263.157894736842
7329 1684.210526315796 1789.47368421054 1368.421052631579
7330 1684.210526315796 1789.47368421054 1473.684210526316
7331 1684.210526315796 1789.47368421054 1578.947368421053
7332 1684.210526315796 1789.47368421054 1684.210526315789
7333 1684.210526315796 1789.47368421054 1789.473684210526
7334 1684.210526315796 1789.47368421054 1894.736842105263
7335 1684.210526315803 1894.73684210527 105.2631578947368
7336 1684.210526315803 1894.73684210527 210.5263157894737
7337 1684.210526315803 1894.73684210527 315.7894736842105
7338 1684.210526315803 1894.73684210527 421.0526315789473
7339 1684.210526315803 1894.73684210527 526.3157894736842
7340 1684.210526315803 1894.73684210527 631.578947368421
7341 1684.210526315803 1894.73684210527 736.8421052631578
7342 1684.210526315803 1894.73684210527 842.1052631578947
7343 1684.210526315803 1894.73684210527 947.3684210526316
7344 1684.210526315803 1894.73684210527 1052.631578947368
7345 1684.210526315803 1894.73684210527 1157.894736842105
7346 1684.210526315803 1894.73684210527 1263.157894736842
7347 1684.210526315803 1894.73684210527 1368.421052631579
7348 1684.210526315803 1894.73684210527 1473.684210526316
7349 1684.210526315803 1894.73684210527 1578.947368421053
7350 1684.210526315803 1894.73684210527 1684.210526315789
7351 1684.210526315803 1894.73684210527 1789.473684210526
7352 1684.210526315803 1894.73684210527 1894.736842105263
7353 1789.473684210455 105.2631578947298 105.2631578947368
7354 1789.473684210455 105.2631578947298 210.5263157894737
7355 1789.473684210455 105.2631578947298 315.7894736842105
7356 1789.473684210455 105.2631578947298 421.0526315789473
7357 1789.473684210455 105.2631578947298 526.3157894736842
7358 1789.473684210455 105.2631578947298 631.578947368421
7359 1789.473684210455 105.2631578947298 736.8421052631578
7360 1789.473684210455 105.2631578947298 842.1052631578947
7361 1789.473684210455 105.2631578947298 947.3684210526316
7362 1789.473684210455 105.2631578947298 1052.631578947368
7363 1789.473684210455 105.2631578947298 1157.894736842105
7364 1789.473684210455 105.2631578947298 1263.157894736842
7365 1789.473684210455 105.2631578947298 1368.421052631579
7366 1789.473684210455 105.2631578947298 1473.684210526316
7367 1789.473684210455 105.2631578947298 1578.947368421053
7368 1789.473684210455 105.2631578947298 1684.210526315789
7369 1789.473684210455 105.2631578947298 1789.473684210526
7370 1789.473684210455 105.2631578947298 1894.736842105263
7371 1789.47368421046 210.5263157894599 105.2631578947368
7372 1789.47368421046 210.5263157894599 210.5263157894737
7373 1789.47368421046 210.5263157894599 315.7894736842105
7374 1789.47368421046 210.5263157894599 421.0526315789473
7375 1789.47368421046 210.5263157894599 526.3157894736842
7376 1789.47368421046 210.5263157894599 631.578947368421
7377 1789.47368421046 210.5263157894599 736.8421052631578
7378 1789.47368421046 210.5263157894599 842.1052631578947
7379 1789.47368421046 210.5263157894599 947.3684210526316
7380 1789.47368421046 210.5263157894599 1052.631578947368
7381 1789.47368421046 210.5263157894599 1157.894736842105
7382 1789.47368421046 210.5263157894599 1263.157894736842
7383 1789.47368421046 210.5263157894599 1368.421052631579
7384 1789.47368421046 210.5263157894599 1473.684210526316
7385 1789.47368421046 210.5263157894599 1578.947368421053
7386 1789.47368421046 210.5263157894599 1684.210526315789
7387 1789.47368421046 210.5263157894599 1789.473684210526
7388 1789.47368421046 210.5263157894599 1894.736842105263
7389 1789.473684210464 315.7894736841894 105.2631578947368
7390 1789.473684210464 315.7894736841894 210.5263157894737
7391 1789.473684210464 315.7894736841894 315.7894736842105
7392 1789.473684210464 315.7894736841894 421.0526315789473
7393 1789.473684210464 315.7894736841894 526.3157894736842
7394 1789.473684210464 315.7894736841894 631.578947368421
7395 1789.473684210464 315.7894736841894 736.8421052631578
7396 1789.473684210464 315.7894736841894 842.1052631578947
7397 1789.473684210464 315.7894736841894 947.3684210526316
7398 1789.473684210464 315.7894736841894 1052.631578947368
7399 1789.473684210464 315.7894736841894 1157.894736842105
7400 1789.473684210464 315.7894736841894 1263.157894736842
7401 1789.473684210464 315.7894736841894 1368.421052631579
7402 1789.473684210464 315.7894736841894 1473.684210526316
7403 1789.473684210464 315.7894736841894 1578.947368421053
7404 1789.473684210464 315.7894736841894 1684.210526315789
7405 1789.473684210464 315.7894736841894 1789.473684210526
7406 1789.473684210464 315.7894736841894 1894.736842105263
7407 1789.473684210469 421.0526315789191 105.2631578947368
7408 1789.473684210469 421.0526315789191 210.5263157894737
7409 1789.473684210469 421.0526315789191 315.7894736842105
7410 1789.473684210469 421.0526315789191 421.0526315789473
7411 1789.473684210469 421.0526315789191 526.3157894736842
7412 1789.473684210469 421.0526315789191 631.578947368421
7413 1789.473684210469 421.0526315789191 736.8421052631578
7414 1789.473684210469 421.0526315789191 842.1052631578947
7415 1789.473684210469 421.0526315789191 947.3684210526316
7416 1789.473684210469 421.0526315789191 1052.631578947368
7417 1789.473684210469 421.0526315789191 1157.894736842105
7418 1789.473684210469 421.0526315789191 1263.157894736842
7419 1789.473684210469 421.0526315789191 1368.421052631579
7420 1789.473684210469 421.0526315789191 1473.684210526316
7421 1789.473684210469 421.0526315789191 1578.947368421053
7422 1789.473684210469 421.0526315789191 1684.210526315789
7423 1789.473684210469 421.0526315789191 1789.473684210526
7424 1789.473684210469 421.0526315789191 1894.736842105263
7425 1789.473684210473 526.3157894736491 105.2631578947368
7426 1789.473684210473 526.3157894736491 210.5263157894737
7427 1789.473684210473 526.3157894736491 315.7894736842105
7428 1789.473684210473 526.3157894736491 421.0526315789473
7429 1789.473684210473 526.3157894736491 526.3157894736842
7430 1789.473684210473 526.3157894736491 631.578947368421
7431 1789.473684210473 526.3157894736491 736.8421052631578
7432 1789.473684210473 526.3157894736491 842.1052631578947
7433 1789.473684210473 526.3157894736491 947.3684210526316
7434 1789.473684210473 526.3157894736491 1052.631578947368
7435 1789.473684210473 526.3157894736491 1157.894736842105
7436 1789.473684210473 526.3157894736491 1263.157894736842
7437 1789.473684210473 526.3157894736491 1368.421052631579
7438 1789.473684210473 526.3157894736491 1473.684210526316
7439 1789.473684210473 526.3157894736491 1578.947368421053
7440 1789.473684210473 526.3157894736491 1684.210526315789
7441 1789.473684210473 526.3157894736491 1789.473684210526
7442 1789.473684210473 526.3157894736491 1894.736842105263
7443 1789.473684210478 631.5789473683789 105.2631578947368
7444 1789.473684210478 631.5789473683789 210.5263157894737
7445 1789.473684210478 631.5789473683789 315.7894736842105
7446 1789.473684210478 631.5789473683789 421.0526315789473
7447 1789.473684210478 631.5789473683789 526.3157894736842
7448 1789.473684210478 631.5789473683789 631.578947368421
7449 1789.473684210478 631.5789473683789 736.8421052631578
7450 1789.473684210478 631.5789473683789 842.1052631578947
7451 1789.473684210478 631.5789473683789 947.3684210526316
7452 1789.473684210478 631.5789473683789 1052.631578947368
7453 1789.473684210478 631.5789473683789 1157.894736842105
7454 1789.473684210478 631.5789473683789 1263.157894736842
7455 1789.473684210478 631.5789473683789 1368.421052631579
7456 1789.473684210478 631.5789473683789 1473.684210526316
7457 1789.473684210478 631.5789473683789 1578.947368421053
7458 1789.473684210478 631.5789473683789 1684.210526315789
7459 1789.473684210478 631.5789473683789 1789.473684210526
7460 1789.473684210478 631.5789473683789 1894.736842105263
7461 1789.473684210483 736.8421052631086 105.2631578947368
7462 1789.473684210483 736.8421052631086 210.5263157894737
7463 1789.473684210483 736.8421052631086 315.7894736842105
7464 1789.473684210483 736.8421052631086 421.0526315789473
7465 1789.473684210483 736.8421052631086 526.3157894736842
7466 1789.473684210483 736.8421052631086 631.578947368421
7467 1789.473684210483 736.8421052631086 736.8421052631578
7468 1789.473684210483 736.8421052631086 842.1052631578947
7469 1789.473684210483 736.8421052631086 947.3684210526316
7470 1789.473684210483 736.8421052631086 1052.631578947368
7471 1789.473684210483 736.8421052631086 1157.894736842105
7472 1789.473684210483 736.8421052631086 1263.157894736842
7473 1789.473684210483 736.8421052631086 1368.421052631579
7474 1789.473684210483 736.8421052631086 1473.684210526316
7475 1789.473684210483 736.8421052631086 1578.947368421053
7476 1789.473684210483 736.8421052631086 1684.210526315789
7477 1789.473684210483 736.8421052631086 1789.473684210526
7478 1789.473684210483 736.8421052631086 1894.736842105263
7479 1789.473684210488 842.1052631578384 105.2631578947368
7480 1789.473684210488 842.1052631578384 210.5263157894737
7481 1789.473684210488 842.1052631578384 315.7894736842105
7482 1789.473684210488 842.1052631578384 421.0526315789473
7483 1789.473684210488 842.1052631578384 526.3157894736842
7484 1789.473684210488 842.1052631578384 631.578947368421
7485 1789.473684210488 842.1052631578384 736.8421052631578
7486 1789.473684210488 842.1052631578384 842.1052631578947
7487 1789.473684210488 842.1052631578384 947.3684210526316
7488 1789.473684210488 842.1052631578384 1052.631578947368
7489 1789.473684210488 842.1052631578384 1157.894736842105
7490 1789.473684210488 842.1052631578384 1263.157894736842
7491 1789.473684210488 842.1052631578384 1368.421052631579
7492 1789.473684210488 842.1052631578384 1473.684210526316
7493 1789.473684210488 842.1052631578384 1578.947368421053
7494 1789.473684210488 842.1052631578384 1684.210526315789
7495 1789.473684210488 842.1052631578384 1789.473684210526
7496 1789.473684210488 842.1052631578384 1894.736842105263
7497 1789.473684210493 947.3684210525685 105.2631578947368
7498 1789.473684210493 947.3684210525685 210.5263157894737
7499 1789.473684210493 947.3684210525685 315.7894736842105
7500 1789.473684210493 947.3684210525685 421.0526315789473
7501 1789.473684210493 947.3684210525685 526.3157894736842
7502 1789.473684210493 947.3684210525685 631.578947368421
7503 1789.473684210493 947.3684210525685 736.8421052631578
7504 1789.473684210493 947.3684210525685 842.1052631578947
7505 1789.473684210493 947.3684210525685 947.3684210526316
7506 1789.473684210493 947.3684210525685 1052.631578947368
7507 1789.473684210493 947.3684210525685 1157.894736842105
7508 1789.473684210493 947.3684210525685 1263.157894736842
7509 1789.473684210493 947.3684210525685 1368.421052631579
7510 1789.473684210493 947.3684210525685 1473.684210526316
7511 1789.473684210493 947.3684210525685 1578.947368421053
7512 1789.473684210493 947.3684210525685 1684.210526315789
7513 1789.473684210493 947.3684210525685 1789.473684210526
7514 1789.473684210493 947.3684210525685 1894.736842105263
7515 1789.473684210497 1052.631578947432 105.2631578947368
7516 1789.473684210497 1052.631578947432 210.5263157894737
7517 1789.473684210497 1052.631578947432 315.7894736842105
7518 1789.473684210497 1052.631578947432 421.0526315789473
7519 1789.473684210497 1052.631578947432 526.3157894736842
7520 1789.473684210497 1052.631578947432 631.578947368421
7521 1789.473684210497 1052.631578947432 736.8421052631578
7522 1789.473684210497 1052.631578947432 842.1052631578947
7523 1789.473684210497 1052.631578947432 947.3684210526316
7524 1789.473684210497 1052.631578947432 1052.631578947368
7525 1789.473684210497 1052.631578947432 1157.894736842105
7526 1789.473684210497 1052.631578947432 1263.157894736842
7527 1789.473684210497 1052.631578947432 1368.421052631579
7528 1789.473684210497 1052.631578947432 1473.684210526316
7529 1789.473684210497 1052.631578947432 1578.947368421053
7530 1789.473684210497 1052.631578947432 1684.210526315789
7531 1789.473684210497 1052.631578947432 1789.473684210526
7532 1789.473684210497 1052.631578947432 1894.736842105263
7533 1789.473684210502 1157.894736842161 105.2631578947368
7534 1789.473684210502 1157.894736842161 210.5263157894737
7535 1789.473684210502 1157.894736842161 315.7894736842105
7536 1789.473684210502 1157.894736842161 421.0526315789473
7537 1789.473684210502 1157.894736842161 526.3157894736842
7538 1789.473684210502 1157.894736842161 631.578947368421
7539 1789.473684210502 1157.894736842161 736.8421052631578
7540 1789.473684210502 1157.894736842161 842.1052631578947
7541 1789.473684210502 1157.894736842161 947.3684210526316
7542 1789.473684210502 1157.894736842161 1052.631578947368
7543 1789.473684210502 1157.894736842161 1157.894736842105
7544 1789.473684210502 1157.894736842161 1263.157894736842
7545 1789.473684210502 1157.894736842161 1368.421052631579
7546 1789.473684210502 1157.894736842161 1473.684210526316
7547 1789.473684210502 1157.894736842161 1578.947368421053
7548 1789.473684210502 1157.894736842161 1684.210526315789
7549 1789.473684210502 1157.894736842161 1789.473684210526
7550 1789.473684210502 1157.894736842161 1894.736842105263
7551 1789.473684210507 1263.157894736891 105.2631578947368
7552 1789.473684210507 1263.157894736891 210.5263157894737
7553 1789.473684210507 1263.157894736891 315.7894736842105
7554 1789.473684210507 1263.157894736891 421.0526315789473
7555 1789.473684210507 1263.157894736891 526.3157894736842
7556 1789.473684210507 1263.157894736891 631.578947368421
7557 1789.473684210507 1263.157894736891 736.8421052631578
7558 1789.473684210507 1263.157894736891 842.1052631578947
7559 1789.473684210507 1263.157894736891 947.3684210526316
7560 1789.473684210507 1263.157894736891 1052.631578947368
7561 1789.473684210507 1263.157894736891 1157.894736842105
7562 1789.473684210507 1263.157894736891 1263.157894736842
7563 1789.473684210507 1263.157894736891 1368.421052631579
7564 1789.473684210507 1263.157894736891 1473.684210526316
7565 1789.473684210507 1263.157894736891 1578.947368421053
7566 1789.473684210507 1263.157894736891 1684.210526315789
7567 1789.473684210507 1263.157894736891 1789.473684210526
7568 1789.473684210507 1263.157894736891 1894.736842105263
7569 1789.473684210512 1368.421052631621 105.2631578947368
7570 1789.473684210512 1368.421052631621 210.5263157894737
7571 1789.473684210512 1368.421052631621 315.7894736842105
7572 1789.473684210512 1368.421052631621 421.0526315789473
7573 1789.473684210512 1368.421052631621 526.3157894736842
7574 1789.473684210512 1368.421052631621 631.578947368421
7575 1789.473684210512 1368.421052631621 736.8421052631578
7576 1789.473684210512 1368.421052631621 842.1052631578947
7577 1789.473684210512 1368.421052631621 947.3684210526316
7578 1789.473684210512 1368.421052631621 1052.631578947368
7579 1789.473684210512 1368.421052631621 1157.894736842105
7580 1789.473684210512 1368.421052631621 1263.157894736842
7581 1789.473684210512 1368.421052631621 1368.421052631579
7582 1789.473684210512 1368.421052631621 1473.684210526316
7583 1789.473684210512 1368.421052631621 1578.947368421053
7584 1789.473684210512 1368.421052631621 1684.210526315789
7585 1789.473684210512 1368.421052631621 1789.473684210526
7586 1789.473684210512 1368.421052631621 1894.736842105263
7587 1789.473684210516 1473.684210526351 105.2631578947368
7588 1789.473684210516 1473.684210526351 210.5263157894737
7589 1789.473684210516 1473.684210526351 315.7894736842105
7590 1789.473684210516 1473.684210526351 421.0526315789473
7591 1789.473684210516 1473.684210526351 526.3157894736842
7592 1789.473684210516 1473.684210526351 631.578947368421
7593 1789.473684210516 1473.684210526351 736.8421052631578
7594 1789.473684210516 1473.684210526351 842.1052631578947
7595 1789.473684210516 1473.684210526351 947.3684210526316
7596 1789.473684210516 1473.684210526351 1052.631578947368
7597 1789.473684210516 1473.684210526351 1157.894736842105
7598 1789.473684210516 1473.684210526351 1263.157894736842
7599 1789.473684210516 1473.684210526351 1368.421052631579
7600 1789.473684210516 1473.684210526351 1473.684210526316
7601 1789.473684210516 1473.684210526351 1578.947368421053
7602 1789.473684210516 1473.684210526351 1684.210526315789
7603 1789.473684210516 1473.684210526351 1789.473684210526
7604 1789.473684210516 1473.684210526351 1894.736842105263
7605 1789.473684210521 1578.94736842108 105.2631578947368
7606 1789.473684210521 1578.94736842108 210.5263157894737
7607 1789.473684210521 1578.94736842108 315.7894736842105
7608 1789.473684210521 1578.94736842108 421.0526315789473
7609 1789.473684210521 1578.94736842108 526.3157894736842
7610 1789.473684210521 1578.94736842108 631.578947368421
7611 1789.473684210521 1578.94736842108 736.8421052631578
7612 1789.473684210521 1578.94736842108 842.1052631578947
7613 1789.473684210521 1578.94736842108 947.3684210526316
7614 1789.473684210521 1578.94736842108 1052.631578947368
7615 1789.473684210521 1578.94736842108 1157.894736842105
7616 1789.473684210521 1578.94736842108 1263.157894736842
7617 1789.473684210521 1578.94736842108 1368.421052631579
7618 1789.473684210521 1578.94736842108 1473.684210526316
7619 1789.473684210521 1578.94736842108 1578.947368421053
7620 1789.473684210521 1578.94736842108 1684.210526315789
7621 1789.473684210521 1578.94736842108 1789.473684210526
7622 1789.473684210521 1578.94736842108 1894.736842105263
7623 1789.473684210526 1684.21052631581 105.2631578947368
7624 1789.473684210526 1684.21052631581 210.5263157894737
7625 1789.473684210526 1684.21052631581 315.7894736842105
7626 1789.473684210526 1684.21052631581 421.0526315789473
7627 1789.473684210526 1684.21052631581 526.3157894736842
7628 1789.473684210526 1684.21052631581 631.578947368421
7629 1789.473684210526 1684.21052631581 736.8421052631578
7630 1789.473684210526 1684.21052631581 842.1052631578947
7631 1789.473684210526 1684.21052631581 947.3684210526316
7632 1789.473684210526 1684.21052631581 1052.631578947368
7633 1789.473684210526 1684.21052631581 1157.894736842105
7634 1789.473684210526 1684.21052631581 1263.157894736842
7635 1789.473684210526 1684.21052631581 1368.421052631579
7636 1789.473684210526 1684.21052631581 1473.684210526316
7637 1789.473684210526 1684.21052631581 1578.947368421053
7638 1789.473684210526 1684.21052631581 1684.210526315789
7639 1789.473684210526 1684.21052631581 1789.473684210526
7640 1789.473684210526 1684.21052631581 1894.736842105263
7641 1789.473684210531 1789.47368421054 105.2631578947368
7642 1789.473684210531 1789.47368421054 210.5263157894737
7643 1789.473684210531 1789.47368421054 315.7894736842105
7644 1789.473684210531 1789.47368421054 421.0526315789473
7645 1789.473684210531 1789.47368421054 526.3157894736842
7646 1789.473684210531 1789.47368421054 631.578947368421
7647 1789.473684210531 1789.47368421054 736.8421052631578
7648 1789.473684210531 1789.47368421054 842.1052631578947
7649 1789.473684210531 1789.47368421054 947.3684210526316
7650 1789.473684210531 1789.47368421054 1052.631578947368
7651 1789.473684210531 1789.47368421054 1157.894736842105
7652 1789.473684210531 1789.47368421054 1263.157894736842
7653 1789.473684210531 1789.47368421054 1368.421052631579
7654 1789.473684210531 1789.47368421054 1473.684210526316
7655 1789.473684210531 1789.47368421054 1578.947368421053
7656 1789.473684210531 1789.47368421054 1684.210526315789
7657 1789.473684210531 1789.47368421054 1789.473684210526
7658 1789.473684210531 1789.47368421054 1894.736842105263
7659 1789.473684210535 1894.73684210527 105.2631578947368
7660 1789.473684210535 1894.73684210527 210.5263157894737
7661 1789.473684210535 1894.73684210527 315.7894736842105
7662 1789.473684210535 1894.73684210527 421.0526315789473
7663 1789.473684210535 1894.73684210527 526.3157894736842
7664 1789.473684210535 1894.73684210527 631.578947368421
7665 1789.473684210535 1894.73684210527 736.8421052631578
7666 1789.473684210535 1894.73684210527 842.1052631578947
7667 1789.473684210535 1894.73684210527 947.3684210526316
7668 1789.473684210535 1894.73684210527 1052.631578947368
7669 1789.473684210535 1894.73684210527 1157.894736842105
7670 1789.473684210535 1894.73684210527 1263.157894736842
7671 1789.473684210535 1894.73684210527 1368.421052631579
7672 1789.473684210535 1894.73684210527 1473.684210526316
7673 1789.473684210535 1894.73684210527 1578.947368421053
7674 1789.473684210535 1894.73684210527 1684.210526315789
7675 1789.473684210535 1894.73684210527 1789.473684210526
7676 1789.473684210535 1894.73684210527 1894.736842105263
7677 1894.736842105228 105.2631578947298 105.2631578947368
7678 1894.736842105228 105.2631578947298 210.5263157894737
7679 1894.736842105228 105.2631578947298 315.7894736842105
7680 1894.736842105228 105.2631578947298 421.0526315789473
7681 1894.736842105228 105.2631578947298 526.3157894736842
7682 1894.736842105228 105.2631578947298 631.578947368421
7683 1894.736842105228 105.2631578947298 736.8421052631578
7684 1894.736842105228 105.2631578947298 842.1052631578947
7685 1894.736842105228 105.2631578947298 947.3684210526316
7686 1894.736842105228 105.2631578947298 1052.631578947368
7687 1894.736842105228 105.2631578947298 1157.894736842105
7688 1894.736842105228 105.2631578947298 1263.157894736842
7689 1894.736842105228 105.2631578947298 1368.421052631579
7690 1894.736842105228 105.2631578947298 1473.684210526316
7691 1894.736842105228 105.2631578947298 1578.947368421053
7692 1894.736842105228 105.2631578947298 1684.210526315789
7693 1894.736842105228 105.2631578947298 1789.473684210526
7694 1894.736842105228 105.2631578947298 1894.736842105263
7695 1894.73684210523 210.5263157894599 105.2631578947368
7696 1894.73684210523 210.5263157894599 210.5263157894737
7697 1894.73684210523 210.5263157894599 315.7894736842105
7698 1894.73684210523 210.5263157894599 421.0526315789473
7699 1894.73684210523 210.5263157894599 526.3157894736842
7700 1894.73684210523 210.5263157894599 631.578947368421
7701 1894.73684210523 210.5263157894599 736.8421052631578
7702 1894.73684210523 210.5263157894599 842.1052631578947
7703 1894.73684210523 210.5263157894599 947.3684210526316
7704 1894.73684210523 210.5263157894599 1052.631578947368
7705 1894.73684210523 210.5263157894599 1157.894736842105
7706 1894.73684210523 210.5263157894599 1263.157894736842
7707 1894.73684210523 210.5263157894599 1368.421052631579
7708 1894.73684210523 210.5263157894599 1473.684210526316
7709 1894.73684210523 210.5263157894599 1578.947368421053
7710 1894.73684210523 210.5263157894599 1684.210526315789
7711 1894.73684210523 210.5263157894599 1789.473684210526
7712 1894.73684210523 210.5263157894599 1894.736842105263
7713 1894.736842105232 315.7894736841895 105.2631578947368
7714 1894.736842105232 315.7894736841895 210.5263157894737
7715 1894.736842105232 315.7894736841895 315.7894736842105
7716 1894.736842105232 315.7894736841895 421.0526315789473
7717 1894.736842105232 315.7894736841895 526.3157894736842
7718 1894.736842105232 315.7894736841895 631.578947368421
7719 1894.736842105232 315.7894736841895 736.8421052631578
7720 1894.736842105232 315.7894736841895 842.1052631578947
7721 1894.736842105232 315.7894736841895 947.3684210526316
7722 1894.736842105232 315.7894736841895 1052.631578947368
7723 1894.736842105232 315.7894736841895 1157.894736842105
7724 1894.736842105232 315.7894736841895 1263.157894736842
7725 1894.736842105232 315.7894736841895 1368.421052631579
7726 1894.736842105232 315.7894736841895 1473.684210526316
7727 1894.736842105232 315.7894736841895 1578.947368421053
7728 1894.736842105232 315.7894736841895 1684.210526315789
7729 1894.736842105232 315.7894736841895 1789.473684210526
7730 1894.736842105232 315.7894736841895 1894.736842105263
7731 1894.736842105235 421.0526315789191 105.2631578947368
7732 1894.736842105235 421.0526315789191 210.5263157894737
7733 1894.736842105235 421.0526315789191 315.7894736842105
7734 1894.736842105235 421.0526315789191 421.0526315789473
7735 1894.736842105235 421.0526315789191 526.3157894736842
7736 1894.736842105235 421.0526315789191 631.578947368421
7737 1894.736842105235 421.0526315789191 736.8421052631578
7738 1894.736842105235 421.0526315789191 842.1052631578947
7739 1894.736842105235 421.0526315789191 947.3684210526316
7740 1894.736842105235 421.0526315789191 1052.631578947368
7741 1894.736842105235 421.0526315789191 1157.894736842105
7742 1894.736842105235 421.0526315789191 1263.157894736842
7743 1894.736842105235 421.0526315789191 1368.421052631579
7744 1894.736842105235 421.0526315789191 1473.684210526316
7745 1894.736842105235 421.0526315789191 1578.947368421053
7746 1894.736842105235 421.0526315789191 1684.210526315789
7747 1894.736842105235 421.0526315789191 1789.473684210526
7748 1894.736842105235 421.0526315789191 1894.736842105263
7749 1894.736842105237 526.3157894736493 105.2631578947368
7750 1894.736842105237 526.3157894736493 210.5263157894737
7751 1894.736842105237 526.3157894736493 315.7894736842105
7752 1894.736842105237 526.3157894736493 421.0526315789473
7753 1894.736842105237 526.3157894736493 526.3157894736842
7754 1894.736842105237 526.3157894736493 631.578947368421
7755 1894.736842105237 526.3157894736493 736.8421052631578
7756 1894.736842105237 526.3157894736493 842.1052631578947
7757 1894.736842105237 526.3157894736493 947.3684210526316
7758 1894.736842105237 526.3157894736493 1052.631578947368
7759 1894.736842105237 526.3157894736493 1157.894736842105
7760 1894.736842105237 526.3157894736493 1263.157894736842
7761 1894.736842105237 526.3157894736493 1368.421052631579
7762 1894.736842105237 526.3157894736493 1473.684210526316
7763 1894.736842105237 526.3157894736493 1578.947368421053
7764 1894.736842105237 526.3157894736493 1684.210526315789
7765 1894.736842105237 526.3157894736493 1789.473684210526
7766 1894.736842105237 526.3157894736493 1894.736842105263
7767 1894.73684210524 631.578947368379 105.2631578947368
7768 1894.73684210524 631.578947368379 210.5263157894737
7769 1894.73684210524 631.578947368379 315.7894736842105
7770 1894.73684210524 631.578947368379 421.0526315789473
7771 1894.73684210524 631.578947368379 526.3157894736842
7772 1894.73684210524 631.578947368379 631.578947368421
7773 1894.73684210524 631.578947368379 736.8421052631578
7774 1894.73684210524 631.578947368379 842.1052631578947
7775 1894.73684210524 631.578947368379 947.3684210526316
7776 1894.73684210524 631.578947368379 1052.631578947368
7777 1894.73684210524 631.578947368379 1157.894736842105
7778 1894.73684210524 631.578947368379 1263.157894736842
7779 1894.73684210524 631.578947368379 1368.421052631579
7780 1894.73684210524 631.578947368379 1473.684210526316
7781 1894.73684210524 631.578947368379 1578.947368421053
7782 1894.73684210524 631.578947368379 1684.210526315789
7783 1894.73684210524 631.578947368379 1789.473684210526
7784 1894.73684210524 631.578947368379 1894.736842105263
7785 1894.736842105241 736.8421052631086 105.2631578947368
7786 1894.736842105241 736.8421052631086 210.5263157894737
7787 1894.736842105241 736.8421052631086 315.7894736842105
7788 1894.736842105241 736.8421052631086 421.0526315789473
7789 1894.736842105241 736.8421052631086 526.3157894736842
7790 1894.736842105241 736.8421052631086 631.578947368421
7791 1894.736842105241 736.8421052631086 736.8421052631578
7792 1894.736842105241 736.8421052631086 842.1052631578947
7793 1894.736842105241 736.8421052631086 947.3684210526316
7794 1894.736842105241 736.8421052631086 1052.631578947368
7795 1894.736842105241 736.8421052631086 1157.894736842105
7796 1894.736842105241 736.8421052631086 1263.157894736842
7797 1894.736842105241 736.8421052631086 1368.421052631579
7798 1894.736842105241 736.8421052631086 1473.684210526316
7799 1894.736842105241 736.8421052631086 1578.947368421053
7800 1894.736842105241 736.8421052631086 1684.210526315789
7801 1894.736842105241 736.8421052631086 1789.473684210526
7802 1894.736842105241 736.8421052631086 1894.736842105263
7803 1894.736842105244 842.1052631578384 105.2631578947368
7804 1894.736842105244 842.1052631578384 210.5263157894737
7805 1894.736842105244 842.1052631578384 315.7894736842105
7806 1894.736842105244 842.1052631578384 421.0526315789473
7807 1894.736842105244 842.1052631578384 526.3157894736842
7808 1894.736842105244 842.1052631578384 631.578947368421
7809 1894.736842105244 842.1052631578384 736.8421052631578
7810 1894.736842105244 842.1052631578384 842.1052631578947
7811 1894.736842105244 842.1052631578384 947.3684210526316
7812 1894.736842105244 842.1052631578384 1052.631578947368
7813 1894.736842105244 842.1052631578384 1157.894736842105
7814 1894.736842105244 842.1052631578384 1263.157894736842
7815 1894.736842105244 842.1052631578384 1368.421052631579
7816 1894.736842105244 842.1052631578384 1473.684210526316
7817 1894.736842105244 842.1052631578384 1578.947368421053
7818 1894.736842105244 842.1052631578384 1684.210526315789
7819 1894.736842105244 842.1052631578384 1789.473684210526
7820 1894.736842105244 842.1052631578384 1894.736842105263
7821 1894.736842105246 947.3684210525685 105.2631578947368
7822 1894.736842105246 947.3684210525685 210.5263157894737
7823 1894.736842105246 947.3684210525685 315.7894736842105
7824 1894.736842105246 947.3684210525685 421.0526315789473
7825 1894.736842105246 947.3684210525685 526.3157894736842
7826 1894.736842105246 947.3684210525685 631.578947368421
7827 1894.736842105246 947.3684210525685 736.8421052631578
7828 1894.736842105246 947.3684210525685 842.1052631578947
7829 1894.736842105246 947.3684210525685 947.3684210526316
7830 1894.736842105246 947.3684210525685 1052.631578947368
7831 1894.736842105246 947.3684210525685 1157.894736842105
7832 1894.736842105246 947.3684210525685 1263.157894736842
7833 1894.736842105246 947.3684210525685 1368.421052631579
7834 1894.736842105246 947.3684210525685 1473.684210526316
7835 1894.736842105246 947.3684210525685 1578.947368421053
7836 1894.736842105246 947.3684210525685 1684.210526315789
7837 1894.736842105246 947.3684210525685 1789.473684210526
7838 1894.736842105246 947.3684210525685 1894.736842105263
7839 1894.736842105249 1052.631578947431 105.2631578947368
7840 1894.736842105249 1052.631578947431 210.5263157894737
7841 1894.736842105249 1052.631578947431 315.7894736842105
7842 1894.736842105249 1052.631578947431 421.0526315789473
7843 1894.736842105249 1052.631578947431 526.3157894736842
7844 1894.736842105249 1052.631578947431 631.578947368421
7845 1894.736842105249 1052.631578947431 736.8421052631578
7846 1894.736842105249 1052.631578947431 842.1052631578947
7847 1894.736842105249 1052.631578947431 947.3684210526316
7848 1894.736842105249 1052.631578947431 1052.631578947368
7849 1894.736842105249 1052.631578947431 1157.894736842105
7850 1894.736842105249 1052.631578947431 1263.157894736842
7851 1894.736842105249 1052.631578947431 1368.421052631579
7852 1894.736842105249 1052.631578947431 1473.684210526316
7853 1894.736842105249 1052.631578947431 1578.947368421053
7854 1894.736842105249 1052.631578947431 1684.210526315789
7855 1894.736842105249 1052.631578947431 1789.473684210526
7856 1894.736842105249 1052.631578947431 1894.736842105263
7857 1894.736842105251 1157.894736842161 105.2631578947368
7858 1894.736842105251 1157.894736842161 210.5263157894737
7859 1894.736842105251 1157.894736842161 315.7894736842105
7860 1894.736842105251 1157.894736842161 421.0526315789473
7861 1894.736842105251 1157.894736842161 526.3157894736842
7862 1894.736842105251 1157.894736842161 631.578947368421
7863 1894.736842105251 1157.894736842161 736.8421052631578
7864 1894.736842105251 1157.894736842161 842.1052631578947
7865 1894.736842105251 1157.894736842161 947.3684210526316
7866 1894.736842105251 1157.894736842161 1052.631578947368
7867 1894.736842105251 1157.894736842161 1157.894736842105
7868 1894.736842105251 1157.894736842161 1263.157894736842
7869 1894.736842105251 1157.894736842161 1368.421052631579
7870 1894.736842105251 1157.894736842161 1473.684210526316
7871 1894.736842105251 1157.894736842161 1578.947368421053
7872 1894.736842105251 1157.894736842161 1684.210526315789
7873 1894.736842105251 1157.894736842161 1789.473684210526
7874 1894.736842105251 1157.894736842161 1894.736842105263
7875 1894.736842105253 1263.157894736891 105.2631578947368
7876 1894.736842105253 1263.157894736891 210.5263157894737
7877 1894.736842105253 1263.157894736891 315.7894736842105
7878 1894.736842105253 1263.157894736891 421.0526315789473
7879 1894.736842105253 1263.157894736891 526.3157894736842
7880 1894.736842105253 1263.157894736891 631.578947368421
7881 1894.736842105253 1263.157894736891 736.8421052631578
7882 1894.736842105253 1263.157894736891 842.1052631578947
7883 1894.736842105253 1263.157894736891 947.3684210526316
7884 1894.736842105253 1263.157894736891 1052.631578947368
7885 1894.736842105253 1263.157894736891 1157.894736842105
7886 1894.736842105253 1263.157894736891 1263.157894736842
7887 1894.736842105253 1263.157894736891 1368.421052631579
7888 1894.736842105253 1263.157894736891 1473.684210526316
7889 1894.736842105253 1263.157894736891 1578.947368421053
7890 1894.736842105253 1263.157894736891 1684.210526315789
7891 1894.736842105253 1263.157894736891 1789.473684210526
7892 1894.736842105253 1263.157894736891 1894.736842105263
7893 1894.736842105256 1368.421052631621 105.2631578947368
7894 1894.736842105256 1368.421052631621 210.5263157894737
7895 1894.736842105256 1368.421052631621 315.7894736842105
7896 1894.736842105256 1368.421052631621 421.0526315789473
7897 1894.736842105256 1368.421052631621 526.3157894736842
7898 1894.736842105256 1368.421052631621 631.578947368421
7899 1894.736842105256 1368.421052631621 736.8421052631578
7900 1894.736842105256 1368.421052631621 842.1052631578947
7901 1894.736842105256 1368.421052631621 947.3684210526316
7902 1894.736842105256 1368.421052631621 1052.631578947368
7903 1894.736842105256 1368.421052631621 1157.894736842105
7904 1894.736842105256 1368.421052631621 1263.157894736842
7905 1894.736842105256 1368.421052631621 1368.421052631579
7906 1894.736842105256 1368.421052631621 1473.684210526316
7907 1894.736842105256 1368.421052631621 1578.947368421053
7908 1894.736842105256 1368.421052631621 1684.210526315789
7909 1894.736842105256 1368.421052631621 1789.473684210526
7910 1894.736842105256 1368.421052631621 1894.736842105263
7911 1894.736842105258 1473.684210526351 105.2631578947368
7912 1894.736842105258 1473.684210526351 210.5263157894737
7913 1894.736842105258 1473.684210526351 315.7894736842105
7914 1894.736842105258 1473.684210526351 421.0526315789473
7915 1894.736842105258 1473.684210526351 526.3157894736842
7916 1894.736842105258 1473.684210526351 631.578947368421
7917 1894.736842105258 1473.684210526351 736.8421052631578
7918 1894.736842105258 1473.684210526351 842.1052631578947
7919 1894.736842105258 1473.684210526351 947.3684210526316
7920 1894.736842105258 1473.684210526351 1052.631578947368
7921 1894.736842105258 1473.684210526351 1157.894736842105
7922 1894.736842105258 1473.684210526351 1263.157894736842
7923 1894.736842105258 1473.684210526351 1368.421052631579
7924 1894.736842105258 1473.684210526351 1473.684210526316
7925 1894.736842105258 1473.684210526351 1578.947368421053
7926 1894.736842105258 1473.684210526351 1684.210526315789
7927 1894.736842105258 1473.684210526351 1789.473684210526
7928 1894.736842105258 1473.684210526351 1894.736842105263
7929 1894.73684210526 1578.947368421081 105.2631578947368
7930 1894.73684210526 1578.947368421081 210.5263157894737
7931 1894.73684210526 1578.947368421081 315.7894736842105
7932 1894.73684210526 1578.947368421081 421.0526315789473
7933 1894.73684210526 1578.947368421081 526.3157894736842
7934 1894.73684210526 1578.947368421081 631.578947368421
7935 1894.73684210526 1578.947368421081 736.8421052631578
7936 1894.73684210526 1578.947368421081 842.1052631578947
7937 1894.73684210526 1578.947368421081 947.3684210526316
7938 1894.73684210526 1578.947368421081 1052.631578947368
7939 1894.73684210526 1578.947368421081 1157.894736842105
7940 1894.73684210526 1578.947368421081 1263.157894736842
7941 1894.73684210526 1578.947368421081 1368.421052631579
7942 1894.73684210526 1578.947368421081 1473.684210526316
7943 1894.73684210526 1578.947368421081 1578.947368421053
7944 1894.73684210526 1578.947368421081 1684.210526315789
7945 1894.73684210526 1578.947368421081 1789.473684210526
7946 1894.73684210526 1578.947368421081 1894.736842105263
7947 1894.736842105263 1684.21052631581 105.2631578947368
7948 1894.736842105263 1684.21052631581 210.5263157894737
7949 1894.736842105263 1684.21052631581 315.7894736842105
7950 1894.736842105263 1684.21052631581 421.0526315789473
7951 1894.736842105263 1684.21052631581 526.3157894736842
7952 1894.736842105263 1684.21052631581 631.578947368421
7953 1894.736842105263 1684.21052631581 736.8421052631578
7954 1894.736842105263 1684.21052631581 842.1052631578947
7955 1894.736842105263 1684.21052631581 947.3684210526316
7956 1894.736842105263 1684.21052631581 1052.631578947368
7957 1894.736842105263 1684.21052631581 1157.894736842105
7958 1894.736842105263 1684.21052631581 1263.157894736842
7959 1894.736842105263 1684.21052631581 1368.421052631579
7960 1894.736842105263 1684.21052631581 1473.684210526316
7961 1894.736842105263 1684.21052631581 1578.947368421053
7962 1894.736842105263 1684.21052631581 1684.210526315789
7963 1894.736842105263 1684.21052631581 1789.473684210526
7964 1894.736842105263 1684.21052631581 1894.736842105263
7965 1894.736842105265 1789.47368421054 105.2631578947368
7966 1894.736842105265 1789.47368421054 210.5263157894737
7967 1894.736842105265 1789.47368421054 315.7894736842105
7968 1894.736842105265 1789.47368421054 421.0526315789473
7969 1894.736842105265 1789.47368421054 526.3157894736842
7970 1894.736842105265 1789.47368421054 631.578947368421
7971 1894.736842105265 1789.47368421054 736.8421052631578
7972 1894.736842105265 1789.47368421054 842.1052631578947
7973 1894.736842105265 1789.47368421054 947.3684210526316
7974 1894.736842105265 1789.47368421054 1052.631578947368
7975 1894.736842105265 1789.47368421054 1157.894736842105
7976 1894.736842105265 1789.47368421054 1263.157894736842
7977 1894.736842105265 1789.47368421054 1368.421052631579
7978 1894.736842105265 1789.47368421054 1473.684210526316
7979 1894.736842105265 1789.47368421054 1578.947368421053
7980 1894.736842105265 1789.47368421054 1684.210526315789
7981 1894.736842105265 1789.47368421054 1789.473684210526
7982 1894.736842105265 1789.47368421054 1894.736842105263
7983 1894.736842105268 1894.73684210527 105.2631578947368
7984 1894.736842105268 1894.73684210527 210.5263157894737
7985 1894.736842105268 1894.73684210527 315.7894736842105
7986 1894.736842105268 1894.73684210527 421.0526315789473
7987 1894.736842105268 1894.73684210527 526.3157894736842
7988 1894.736842105268 1894.73684210527 631.578947368421
7989 1894.736842105268 1894.73684210527 736.8421052631578
7990 1894.736842105268 1894.73684210527 842.1052631578947
7991 1894.736842105268 1894.73684210527 947.3684210526316
7992 1894.736842105268 1894.73684210527 1052.631578947368
7993 1894.736842105268 1894.73684210527 1157.894736842105
7994 1894.736842105268 1894.73684210527 1263.157894736842
7995 1894.736842105268 1894.73684210527 1368.421052631579
7996 1894.736842105268 1894.73684210527 1473.684210526316
7997 1894.736842105268 1894.73684210527 1578.947368421053
7998 1894.736842105268 1894.73684210527 1684.210526315789
7999 1894.736842105268 1894.73684210527 1789.473684210526
8000 1894.736842105268 1894.73684210527 1894.736842105263
$EndNodes
$Elements
9025
1 3 2 995 1 1 9 225 80
2 3 2 995 1 80 225 226 79
3 3 2 995 1 79 226 227 78
4 3 2 995 1 78 227 228 77
5 3 2 995 1 77 228 229 76
6 3 2 995 1 76 229 230 75
7 3 2 995 1 75 230 231 74
8 3 2 995 1 74 231 232 73
9 3 2 995 1 73 232 233 72
10 3 2 995 1 72 233 234 71
11 3 2 995 1 71 234 235 70
12 3 2 995 1 70 235 236 69
13 3 2 995 1 69 236 237 68
14 3 2 995 1 68 237 238 67
15 3 2 995 1 67 238 239 66
16 3 2 995 1 66 239 240 65
17 3 2 995 1 65 240 241 64
18 3 2 995 1 64 241 242 63
19 3 2 995 1 63 242 62 4
20 3 2 995 1 9 10 243 225
21 3 2 995 1 225 243 244 226
22 3 2 995 1 226 244 245 227
23 3 2 995 1 227 245 246 228
24 3 2 995 1 228 246 247 229
25 3 2 995 1 229 247 248 230
26 3 2 995 1 230 248 249 231
27 3 2 995 1 231 249 250 232
28 3 2 995 1 232 250 251 233
29 3 2 995 1 233 251 252 234
30 3 2 995 1 234 252 253 235
31 3 2 995 1 235 253 254 236
32 3 2 995 1 236 254 255 237
33 3 2 995 1 237 255 256 238
34 3 2 995 1 238 256 257 239
35 3 2 995 1 239 257 258 240
36 3 2 995 1 240 258 259 241
37 3 2 995 1 241 259 260 242
38 3 2 995 1 242 260 61 62
39 3 2 995 1 10 11 261 243
40 3 2 995 1 243 261 262 244
41 3 2 995 1 244 262 263 245
42 3 2 995 1 245 263 264 246
43 3 2 995 1 246 264 265 247
44 3 2 995 1 247 265 266 248
45 3 2 995 1 248 266 267 249
46 3 2 995 1 249 267 268 250
47 3 2 995 1 250 268 269 251
48 3 2 995 1 251 269 270 252
49 3 2 995 1 252 270 271 253
50 3 2 995 1 253 271 272 254
51 3 2 995 1 254 272 273 255
52 3 2 995 1 255 273 274 256
53 3 2 995 1 256 274 275 257
54 3 2 995 1 257 275 276 258
55 3 2 995 1 258 276 277 259
56 3 2 995 1 259 277 278 260
57 3 2 995 1 260 278 60 61
58 3 2 995 1 11 12 279 261
59 3 2 995 1 261 279 280 262
60 3 2 995 1 262 280 281 263
61 3 2 995 1 263 281 282 264
62 3 2 995 1 264 282 283 265
63 3 2 995 1 265 283 284 266
64 3 2 995 1 266 284 285 267
65 3 2 995 1 267 285 286 268
66 3 2 995 1 268 286 287 269
67 3 2 995 1 269 287 288 270
68 3 2 995 1 270 288 289 271
69 3 2 995 1 271 289 290 272
70 3 2 995 1 272 290 291 273
71 3 2 995 1 273 291 292 274
72 3 2 995 1 274 292 293 275
73 3 2 995 1 275 293 294 276
74 3 2 995 1 276 294 295 277
75 3 2 995 1 277 295 296 278
76 3 2 995 1 278 296 59 60
77 3 2 995 1 12 13 297 279
78 3 2 995 1 279 297 298 280
79 3 2 995 1 280 298 299 281
80 3 2 995 1 281 299 300 282
81 3 2 995 1 282 300 301 283
82 3 2 995 1 283 301 302 284
83 3 2 995 1 284 302 303 285
84 3 2 995 1 285 303 304 286
85 3 2 995 1 286 304 305 287
86 3 2 995 1 287 305 306 288
87 3 2 995 1 288 306 307 289
88 3 2 995 1 289 307 308 290
89 3 2 995 1 290 308 309 291
90 3 2 995 1 291 309 310 292
91 3 2 995 1 292 310 311 293
92 3 2 995 1 293 311 312 294
93 3 2 995 1 294 312 313 295
94 3 2 995 1 295 313 314 296
95 3 2 995 1 296 314 58 59
96 3 2 995 1 13 14 315 297
97 3 2 995 1 297 315 316 298
98 3 2 995 1 298 316 317 299
99 3 2 995 1 299 317 318 300
100 3 2 995 1 300 318 319 301
101 3 2 995 1 301 319 320 302
102 3 2 995 1 302 320 321 303
103 3 2 995 1 303 321 322 304
104 3 2 995 1 304 322 323 305
105 3 2 995 1 305 323 324 306
106 3 2 995 1 306 324 325 307
107 3 2 995 1 307 325 326 308
108 3 2 995 1 308 326 327 309
109 3 2 995 1 309 327 328 310
110 3 2 995 1 310 328 329 311
111 3 2 995 1 311 329 330 312
112 3 2 995 1 312 330 331 313
113 3 2 995 1 313 331 332 314
114 3 2 995 1 314 332 57 58
115 3 2 995 1 14 15 333 315
116 3 2 995 1 315 333 334 316
117 3 2 995 1 316 334 335 317
118 3 2 995 1 317 335 336 318
119 3 2 995 1 318 336 337 319
120 3 2 995 1 319 337 338 320
121 3 2 995 1 320 338 339 321
122 3 2 995 1 321 339 340 322
123 3 2 995 1 322 340 341 323
124 3 2 995 1 323 341 342 324
125 3 2 995 1 324 342 343 325
126 3 2 995 1 325 343 344 326
127 3 2 995 1 326 344 345 327
128 3 2 995 1 327 345 346 328
129 3 2 995 1 328 346 347 329
130 3 2 995 1 329 347 348 330
131 3 2 995 1 330 348 349 331
132 3 2 995 1 331 349 350 332
133 3 2 995 1 332 350 56 57
134 3 2 995 1 15 16 351 333
135 3 2 995 1 333 351 352 334
136 3 2 995 1 334 352 353 335
137 3 2 995 1 335 353 354 336
138 3 2 995 1 336 354 355 337
139 3 2 995 1 337 355 356 338
140 3 2 995 1 338 356 357 339
141 3 2 995 1 339 357 358 340
142 3 2 995 1 340 358 359 341
143 3 2 995 1 341 359 360 342
144 3 2 995 1 342 360 361 343
145 3 2 995 1 343 361 362 344
146 3 2 995 1 344 362 363 345
147 3 2 995 1 345 363 364 346
148 3 2 995 1 346 364 365 347
149 3 2 995 1 347 365 366 348
150 3 2 995 1 348 366 367 349
151 3 2 995 1 349 367 368 350
152 3 2 995 1 350 368 55 56
153 3 2 995 1 16 17 369 351
154 3 2 995 1 351 369 370 352
155 3 2 995 1 352 370 371 353
156 3 2 995 1 353 371 372 354
157 3 2 995 1 354 372 373 355
158 3 2 995 1 355 373 374 356
159 3 2 995 1 356 374 375 357
160 3 2 995 1 357 375 376 358
161 3 2 995 1 358 376 377 359
162 3 2 995 1 359 377 378 360
163 3 2 995 1 360 378 379 361
164 3 2 995 1 361 379 380 362
165 3 2 995 1 362 380 381 363
166 3 2 995 1 363 381 382 364
167 3 2 995 1 364 382 383 365
168 3 2 995 1 365 383 384 366
169 3 2 995 1 366 384 385 367
170 3 2 995 1 367 385 386 368
171 3 2 995 1 368 386 54 55
172 3 2 995 1 17 18 387 369
173 3 2 995 1 369 387 388 370
174 3 2 995 1 370 388 389 371
175 3 2 995 1 371 389 390 372
176 3 2 995 1 372 390 391 373
177 3 2 995 1 373 391 392 374
178 3 2 995 1 374 392 393 375
179 3 2 995 1 375 393 394 376
180 3 2 995 1 376 394 395 377
181 3 2 995 1 377 395 396 378
182 3 2 995 1 378 396 397 379
183 3 2 995 1 379 397 398 380
184 3 2 995 1 380 398 399 381
185 3 2 995 1 381 399 400 382
186 3 2 995 1 382 400 401 383
187 3 2 995 1 383 401 402 384
188 3 2 995 1 384 402 403 385
189 3 2 995 1 385 403 404 386
190 3 2 995 1 386 404 53 54
191 3 2 995 1 18 19 405 387
192 3 2 995 1 387 405 406 388
193 3 2 995 1 388 406 407 389
194 3 2 995 1 389 407 408 390
195 3 2 995 1 390 408 409 391
196 3 2 995 1 391 409 410 392
197 3 2 995 1 392 410 411 393
198 3 2 995 1 393 411 412 394
199 3 2 995 1 394 412 413 395
200 3 2 995 1 395 413 414 396
201 3 2 995 1 396 414 415 397
202 3 2 995 1 397 415 416 398
203 3 2 995 1 398 416 417 399
204 3 2 995 1 399 417 418 400
205 3 2 995 1 400 418 419 401
206 3 2 995 1 401 419 420 402
207 3 2 995 1 402 420 421 403
208 3 2 995 1 403 421 422 404
209 3 2 995 1 404 422 52 53
210 3 2 995 1 19 20 423 405
211 3 2 995 1 405 423 424 406
212 3 2 995 1 406 424 425 407
213 3 2 995 1 407 425 426 408
214 3 2 995 1 408 426 427 409
215 3 2 995 1 409 427 428 410
216 3 2 995 1 410 428 429 411
217 3 2 995 1 411 429 430 412
218 3 2 995 1 412 430 431 413
219 3 2 995 1 413 431 432 414
220 3 2 995 1 414 432 433 415
221 3 2 995 1 415 433 434 416
222 3 2 995 1 416 434 435 417
223 3 2 995 1 417 435 436 418
224 3 2 995 1 418 436 437 419
225 3 2 995 1 419 437 438 420
226 3 2 995 1 420 438 439 421
227 3 2 995 1 421 439 440 422
228 3 2 995 1 422 440 51 52
229 3 2 995 1 20 21 441 423
230 3 2 995 1 423 441 442 424
231 3 2 995 1 424 442 443 425
232 3 2 995 1 425 443 444 426
233 3 2 995 1 426 444 445 427
234 3 2 995 1 427 445 446 428
235 3 2 995 1 428 446 447 429
236 3 2 995 1 429 447 448 430
237 3 2 995 1 430 448 449 431
238 3 2 995 1 431 449 450 432
239 3 2 995 1 432 450 451 433
240 3 2 995 1 433 451 452 434
241 3 2 995 1 434 452 453 435
242 3 2 995 1 435 453 454 436
243 3 2 995 1 436 454 455 437
244 3 2 995 1 437 455 456 438
245 3 2 995 1 438 456 457 439
246 3 2 995 1 439 457 458 440
247 3 2 995 1 440 458 50 51
248 3 2 995 1 21 22 459 441
249 3 2 995 1 441 459 460 442
250 3 2 995 1 442 460 461 443
251 3 2 995 1 443 461 462 444
252 3 2 995 1 444 462 463 445
253 3 2 995 1 445 463 464 446
254 3 2 995 1 446 464 465 447
255 3 2 995 1 447 465 466 448
256 3 2 995 1 448 466 467 449
257 3 2 995 1 449 467 468 450
258 3 2 995 1 450 468 469 451
259 3 2 995 1 451 469 470 452
260 3 2 995 1 452 470 471 453
261 3 2 995 1 453 471 472 454
262 3 2 995 1 454 472 473 455
263 3 2 995 1 455 473 474 456
264 3 2 995 1 456 474 475 457
265 3 2 995 1 457 475 476 458
266 3 2 995 1 458 476 49 50
267 3 2 995 1 22 23 477 459
268 3 2 995 1 459 477 478 460
269 3 2 995 1 460 478 479 461
270 3 2 995 1 461 479 480 462
271 3 2 995 1 462 480 481 463
272 3 2 995 1 463 481 482 464
273 3 2 995 1 464 482 483 465
274 3 2 995 1 465 483 484 466
275 3 2 995 1 466 484 485 467
276 3 2 995 1 467 485 486 468
277 3 2 995 1 468 486 487 469
278 3 2 995 1 469 487 488 470
279 3 2 995 1 470 488 489 471
280 3 2 995 1 471 489 490 472
281 3 2 995 1 472 490 491 473
282 3 2 995 1 473 491 492 474
283 3 2 995 1 474 492 493 475
284 3 2 995 1 475 493 494 476
285 3 2 995 1 476 494 48 49
286 3 2 995 1 23 24 495 477
287 3 2 995 1 477 495 496 478
288 3 2 995 1 478 496 497 479
289 3 2 995 1 479 497 498 480
290 3 2 995 1 480 498 499 481
291 3 2 995 1 481 499 500 482
292 3 2 995 1 482 500 501 483
293 3 2 995 1 483 501 502 484
294 3 2 995 1 484 502 503 485
295 3 2 995 1 485 503 504 486
296 3 2 995 1 486 504 505 487
297 3 2 995 1 487 505 506 488
298 3 2 995 1 488 506 507 489
299 3 2 995 1 489 507 508 490
300 3 2 995 1 490 508 509 491
301 3 2 995 1 491 509 510 492
302 3 2 995 1 492 510 511 493
303 3 2 995 1 493 511 512 494
304 3 2 995 1 494 512 47 48
305 3 2 995 1 24 25 513 495
306 3 2 995 1 495 513 514 496
307 3 2 995 1 496 514 515 497
308 3 2 995 1 497 515 516 498
309 3 2 995 1 498 516 517 499
310 3 2 995 1 499 517 518 500
311 3 2 995 1 500 518 519 501
312 3 2 995 1 501 519 520 502
313 3 2 995 1 502 520 521 503
314 3 2 995 1 503 521 522 504
315 3 2 995 1 504 522 523 505
316 3 2 995 1 505 523 524 506
317 3 2 995 1 506 524 525 507
318 3 2 995 1 507 525 526 508
319 3 2 995 1 508 526 527 509
320 3 2 995 1 509 527 528 510
321 3 2 995 1 510 528 529 511
322 3 2 995 1 511 529 530 512
323 3 2 995 1 512 530 46 47
324 3 2 995 1 25 26 531 513
325 3 2 995 1 513 531 532 514
326 3 2 995 1 514 532 533 515
327 3 2 995 1 515 533 534 516
328 3 2 995 1 516 534 535 517
329 3 2 995 1 517 535 536 518
330 3 2 995 1 518 536 537 519
331 3 2 995 1 519 537 538 520
332 3 2 995 1 520 538 539 521
333 3 2 995 1 521 539 540 522
334 3 2 995 1 522 540 541 523
335 3 2 995 1 523 541 542 524
336 3 2 995 1 524 542 543 525
337 3 2 995 1 525 543 544 526
338 3 2 995 1 526 544 545 527
339 3 2 995 1 527 545 546 528
340 3 2 995 1 528 546 547 529
341 3 2 995 1 529 547 548 530
342 3 2 995 1 530 548 45 46
343 3 2 995 1 26 2 44 531
344 3 2 995 1 531 44 43 532
345 3 2 995 1 532 43 42 533
346 3 2 995 1 533 42 41 534
347 3 2 995 1 534 41 40 535
348 3 2 995 1 535 40 39 536
349 3 2 995 1 536 39 38 537
350 3 2 995 1 537 38 37 538
351 3 2 995 1 538 37 36 539
352 3 2 995 1 539 36 35 540
353 3 2 995 1 540 35 34 541
354 3 2 995 1 541 34 33 542
355 3 2 995 1 542 33 32 543
356 3 2 995 1 543 32 31 544
357 3 2 995 1 544 31 30 545
358 3 2 995 1 545 30 29 546
359 3 2 995 1 546 29 28 547
360 3 2 995 1 547 28 27 548
361 3 2 995 1 548 27 3 45
362 3 2 991 13 4 63 549 153
363 3 2 991 13 153 549 550 154
364 3 2 991 13 154 550 551 155
365 3 2 991 13 155 551 552 156
366 3 2 991 13 156 552 553 157
367 3 2 991 13 157 553 554 158
368 3 2 991 13 158 554 555 159
369 3 2 991 13 159 555 556 160
370 3 2 991 13 160 556 557 161
371 3 2 991 13 161 557 558 162
372 3 2 991 13 162 558 559 163
373 3 2 991 13 163 559 560 164
374 3 2 991 13 164 560 561 165
375 3 2 991 13 165 561 562 166
376 3 2 991 13 166 562 563 167
377 3 2 991 13 167 563 564 168
378 3 2 991 13 168 564 565 169
379 3 2 991 13 169 565 566 170
380 3 2 991 13 170 566 81 5
381 3 2 991 13 63 64 567 549
382 3 2 991 13 549 567 568 550
383 3 2 991 13 550 568 569 551
384 3 2 991 13 551 569 570 552
385 3 2 991 13 552 570 571 553
386 3 2 991 13 553 571 572 554
387 3 2 991 13 554 572 573 555
388 3 2 991 13 555 573 574 556
389 3 2 991 13 556 574 575 557
390 3 2 991 13 557 575 576 558
391 3 2 991 13 558 576 577 559
392 3 2 991 13 559 577 578 560
393 3 2 991 13 560 578 579 561
394 3 2 991 13 561 579 580 562
395 3 2 991 13 562 580 581 563
396 3 2 991 13 563 581 582 564
397 3 2 991 13 564 582 583 565
398 3 2 991 13 565 583 584 566
399 3 2 991 13 566 584 82 81
400 3 2 991 13 64 65 585 567
401 3 2 991 13 567 585 586 568
402 3 2 991 13 568 586 587 569
403 3 2 991 13 569 587 588 570
404 3 2 991 13 570 588 589 571
405 3 2 991 13 571 589 590 572
406 3 2 991 13 572 590 591 573
407 3 2 991 13 573 591 592 574
408 3 2 991 13 574 592 593 575
409 3 2 991 13 575 593 594 576
410 3 2 991 13 576 594 595 577
411 3 2 991 13 577 595 596 578
412 3 2 991 13 578 596 597 579
413 3 2 991 13 579 597 598 580
414 3 2 991 13 580 598 599 581
415 3 2 991 13 581 599 600 582
416 3 2 991 13 582 600 601 583
417 3 2 991 13 583 601 602 584
418 3 2 991 13 584 602 83 82
419 3 2 991 13 65 66 603 585
420 3 2 991 13 585 603 604 586
421 3 2 991 13 586 604 605 587
422 3 2 991 13 587 605 606 588
423 3 2 991 13 588 606 607 589
424 3 2 991 13 589 607 608 590
425 3 2 991 13 590 608 609 591
426 3 2 991 13 591 609 610 592
427 3 2 991 13 592 610 611 593
428 3 2 991 13 593 611 612 594
429 3 2 991 13 594 612 613 595
430 3 2 991 13 595 613 614 596
431 3 2 991 13 596 614 615 597
432 3 2 991 13 597 615 616 598
433 3 2 991 13 598 616 617 599
434 3 2 991 13 599 617 618 600
435 3 2 991 13 600 618 619 601
436 3 2 991 13 601 619 620 602
437 3 2 991 13 602 620 84 83
438 3 2 991 13 66 67 621 603
439 3 2 991 13 603 621 622 604
440 3 2 991 13 604 622 623 605
441 3 2 991 13 605 623 624 606
442 3 2 991 13 606 624 625 607
443 3 2 991 13 607 625 626 608
444 3 2 991 13 608 626 627 609
445 3 2 991 13 609 627 628 610
446 3 2 991 13 610 628 629 611
447 3 2 991 13 611 629 630 612
448 3 2 991 13 612 630 631 613
449 3 2 991 13 613 631 632 614
450 3 2 991 13 614 632 633 615
451 3 2 991 13 615 633 634 616
452 3 2 991 13 616 634 635 617
453 3 2 991 13 617 635 636 618
454 3 2 991 13 618 636 637 619
455 3 2 991 13 619 637 638 620
456 3 2 991 13 620 638 85 84
457 3 2 991 13 67 68 639 621
458 3 2 991 13 621 639 640 622
459 3 2 991 13 622 640 641 623
460 3 2 991 13 623 641 642 624
461 3 2 991 13 624 642 643 625
462 3 2 991 13 625 643 644 626
463 3 2 991 13 626 644 645 627
464 3 2 991 13 627 645 646 628
465 3 2 991 13 628 646 647 629
466 3 2 991 13 629 647 648 630
467 3 2 991 13 630 648 649 631
468 3 2 991 13 631 649 650 632
469 3 2 991 13 632 650 651 633
470 3 2 991 13 633 651 652 634
471 3 2 991 13 634 652 653 635
472 3 2 991 13 635 653 654 636
473 3 2 991 13 636 654 655 637
474 3 2 991 13 637 655 656 638
475 3 2 991 13 638 656 86 85
476 3 2 991 13 68 69 657 639
477 3 2 991 13 639 657 658 640
478 3 2 991 13 640 658 659 641
479 3 2 991 13 641 659 660 642
480 3 2 991 13 642 660 661 643
481 3 2 991 13 643 661 662 644
482 3 2 991 13 644 662 663 645
483 3 2 991 13 645 663 664 646
484 3 2 991 13 646 664 665 647
485 3 2 991 13 647 665 666 648
486 3 2 991 13 648 666 667 649
487 3 2 991 13 649 667 668 650
488 3 2 991 13 650 668 669 651
489 3 2 991 13 651 669 670 652
490 3 2 991 13 652 670 671 653
491 3 2 991 13 653 671 672 654
492 3 2 991 13 654 672 673 655
493 3 2 991 13 655 673 674 656
494 3 2 991 13 656 674 87 86
495 3 2 991 13 69 70 675 657
496 3 2 991 13 657 675 676 658
497 3 2 991 13 658 676 677 659
498 3 2 991 13 659 677 678 660
499 3 2 991 13 660 678 679 661
500 3 2 991 13 661 679 680 662
501 3 2 991 13 662 680 681 663
502 3 2 991 13 663 681 682 664
503 3 2 991 13 664 682 683 665
504 3 2 991 13 665 683 684 666
505 3 2 991 13 666 684 685 667
506 3 2 991 13 667 685 686 668
507 3 2 991 13 668 686 687 669
508 3 2 991 13 669 687 688 670
509 3 2 991 13 670 688 689 671
510 3 2 991 13 671 689 690 672
511 3 2 991 13 672 690 691 673
512 3 2 991 13 673 691 692 674
513 3 2 991 13 674 692 88 87
514 3 2 991 13 70 71 693 675
515 3 2 991 13 675 693 694 676
516 3 2 991 13 676 694 695 677
517 3 2 991 13 677 695 696 678
518 3 2 991 13 678 696 697 679
519 3 2 991 13 679 697 698 680
520 3 2 991 13 680 698 699 681
521 3 2 991 13 681 699 700 682
522 3 2 991 13 682 700 701 683
523 3 2 991 13 683 701 702 684
524 3 2 991 13 684 702 703 685
525 3 2 991 13 685 703 704 686
526 3 2 991 13 686 704 705 687
527 3 2 991 13 687 705 706 688
528 3 2 991 13 688 706 707 689
529 3 2 991 13 689 707 708 690
530 3 2 991 13 690 708 709 691
531 3 2 991 13 691 709 710 692
532 3 2 991 13 692 710 89 88
533 3 2 991 13 71 72 711 693
534 3 2 991 13 693 711 712 694
535 3 2 991 13 694 712 713 695
536 3 2 991 13 695 713 714 696
537 3 2 991 13 696 714 715 697
538 3 2 991 13 697 715 716 698
539 3 2 991 13 698 716 717 699
540 3 2 991 13 699 717 718 700
541 3 2 991 13 700 718 719 701
542 3 2 991 13 701 719 720 702
543 3 2 991 13 702 720 721 703
544 3 2 991 13 703 721 722 704
545 3 2 991 13 704 722 723 705
546 3 2 991 13 705 723 724 706
547 3 2 991 13 706 724 725 707
548 3 2 991 13 707 725 726 708
549 3 2 991 13 708 726 727 709
550 3 2 991 13 709 727 728 710
551 3 2 991 13 710 728 90 89
552 3 2 991 13 72 73 729 711
553 3 2 991 13 711 729 730 712
554 3 2 991 13 712 730 731 713
555 3 2 991 13 713 731 732 714
556 3 2 991 13 714 732 733 715
557 3 2 991 13 715 733 734 716
558 3 2 991 13 716 734 735 717
559 3 2 991 13 717 735 736 718
560 3 2 991 13 718 736 737 719
561 3 2 991 13 719 737 738 720
562 3 2 991 13 720 738 739 721
563 3 2 991 13 721 739 740 722
564 3 2 991 13 722 740 741 723
565 3 2 991 13 723 741 742 724
566 3 2 991 13 724 742 743 725
567 3 2 991 13 725 743 744 726
568 3 2 991 13 726 744 745 727
569 3 2 991 13 727 745 746 728
570 3 2 991 13 728 746 91 90
571 3 2 991 13 73 74 747 729
572 3 2 991 13 729 747 748 730
573 3 2 991 13 730 748 749 731
574 3 2 991 13 731 749 750 732
575 3 2 991 13 732 750 751 733
576 3 2 991 13 733 751 752 734
577 3 2 991 13 734 752 753 735
578 3 2 991 13 735 753 754 736
579 3 2 991 13 736 754 755 737
580 3 2 991 13 737 755 756 738
581 3 2 991 13 738 756 757 739
582 3 2 991 13 739 757 758 740
583 3 2 991 13 740 758 759 741
584 3 2 991 13 741 759 760 742
585 3 2 991 13 742 760 761 743
586 3 2 991 13 743 761 762 744
587 3 2 991 13 744 762 763 745
588 3 2 991 13 745 763 764 746
589 3 2 991 13 746 764 92 91
590 3 2 991 13 74 75 765 747
591 3 2 991 13 747 765 766 748
592 3 2 991 13 748 766 767 749
593 3 2 991 13 749 767 768 750
594 3 2 991 13 750 768 769 751
595 3 2 991 13 751 769 770 752
596 3 2 991 13 752 770 771 753
597 3 2 991 13 753 771 772 754
598 3 2 991 13 754 772 773 755
599 3 2 991 13 755 773 774 756
600 3 2 991 13 756 774 775 757
601 3 2 991 13 757 775 776 758
602 3 2 991 13 758 776 777 759
603 3 2 991 13 759 777 778 760
604 3 2 991 13 760 778 779 761
605 3 2 991 13 761 779 780 762
606 3 2 991 13 762 780 781 763
607 3 2 991 13 763 781 782 764
608 3 2 991 13 764 782 93 92
609 3 2 991 13 75 76 783 765
610 3 2 991 13 765 783 784 766
611 3 2 991 13 766 784 785 767
612 3 2 991 13 767 785 786 768
613 3 2 991 13 768 786 787 769
614 3 2 991 13 769 787 788 770
615 3 2 991 13 770 788 789 771
616 3 2 991 13 771 789 790 772
617 3 2 991 13 772 790 791 773
618 3 2 991 13 773 791 792 774
619 3 2 991 13 774 792 793 775
620 3 2 991 13 775 793 794 776
621 3 2 991 13 776 794 795 777
622 3 2 991 13 777 795 796 778
623 3 2 991 13 778 796 797 779
624 3 2 991 13 779 797 798 780
625 3 2 991 13 780 798 799 781
626 3 2 991 13 781 799 800 782
627 3 2 991 13 782 800 94 93
628 3 2 991 13 76 77 801 783
629 3 2 991 13 783 801 802 784
630 3 2 991 13 784 802 803 785
631 3 2 991 13 785 803 804 786
632 3 2 991 13 786 804 805 787
633 3 2 991 13 787 805 806 788
634 3 2 991 13 788 806 807 789
635 3 2 991 13 789 807 808 790
636 3 2 991 13 790 808 809 791
637 3 2 991 13 791 809 810 792
638 3 2 991 13 792 810 811 793
639 3 2 991 13 793 811 812 794
640 3 2 991 13 794 812 813 795
641 3 2 991 13 795 813 814 796
642 3 2 991 13 796 814 815 797
643 3 2 991 13 797 815 816 798
644 3 2 991 13 798 816 817 799
645 3 2 991 13 799 817 818 800
646 3 2 991 13 800 818 95 94
647 3 2 991 13 77 78 819 801
648 3 2 991 13 801 819 820 802
649 3 2 991 13 802 820 821 803
650 3 2 991 13 803 821 822 804
651 3 2 991 13 804 822 823 805
652 3 2 991 13 805 823 824 806
653 3 2 991 13 806 824 825 807
654 3 2 991 13 807 825 826 808
655 3 2 991 13 808 826 827 809
656 3 2 991 13 809 827 828 810
657 3 2 991 13 810 828 829 811
658 3 2 991 13 811 829 830 812
659 3 2 991 13 812 830 831 813
660 3 2 991 13 813 831 832 814
661 3 2 991 13 814 832 833 815
662 3 2 991 13 815 833 834 816
663 3 2 991 13 816 834 835 817
664 3 2 991 13 817 835 836 818
665 3 2 991 13 818 836 96 95
666 3 2 991 13 78 79 837 819
667 3 2 991 13 819 837 838 820
668 3 2 991 13 820 838 839 821
669 3 2 991 13 821 839 840 822
670 3 2 991 13 822 840 841 823
671 3 2 991 13 823 841 842 824
672 3 2 991 13 824 842 843 825
673 3 2 991 13 825 843 844 826
674 3 2 991 13 826 844 845 827
675 3 2 991 13 827 845 846 828
676 3 2 991 13 828 846 847 829
677 3 2 991 13 829 847 848 830
678 3 2 991 13 830 848 849 831
679 3 2 991 13 831 849 850 832
680 3 2 991 13 832 850 851 833
681 3 2 991 13 833 851 852 834
682 3 2 991 13 834 852 853 835
683 3 2 991 13 835 853 854 836
684 3 2 991 13 836 854 97 96
685 3 2 991 13 79 80 855 837
686 3 2 991 13 837 855 856 838
687 3 2 991 13 838 856 857 839
688 3 2 991 13 839 857 858 840
689 3 2 991 13 840 858 859 841
690 3 2 991 13 841 859 860 842
691 3 2 991 13 842 860 861 843
692 3 2 991 13 843 861 862 844
693 3 2 991 13 844 862 863 845
694 3 2 991 13 845 863 864 846
695 3 2 991 13 846 864 865 847
696 3 2 991 13 847 865 866 848
697 3 2 991 13 848 866 867 849
698 3 2 991 13 849 867 868 850
699 3 2 991 13 850 868 869 851
700 3 2 991 13 851 869 870 852
701 3 2 991 13 852 870 871 853
702 3 2 991 13 853 871 872 854
703 3 2 991 13 854 872 98 97
704 3 2 991 13 80 1 171 855
705 3 2 991 13 855 171 172 856
706 3 2 991 13 856 172 173 857
707 3 2 991 13 857 173 174 858
708 3 2 991 13 858 174 175 859
709 3 2 991 13 859 175 176 860
710 3 2 991 13 860 176 177 861
711 3 2 991 13 861 177 178 862
712 3 2 991 13 862 178 179 863
713 3 2 991 13 863 179 180 864
714 3 2 991 13 864 180 181 865
715 3 2 991 13 865 181 182 866
716 3 2 991 13 866 182 183 867
717 3 2 991 13 867 183 184 868
718 3 2 991 13 868 184 185 869
719 3 2 991 13 869 185 186 870
720 3 2 991 13 870 186 187 871
721 3 2 991 13 871 187 188 872
722 3 2 991 13 872 188 6 98
723 3 2 993 17 1 9 873 171
724 3 2 993 17 171 873 874 172
725 3 2 993 17 172 874 875 173
726 3 2 993 17 173 875 876 174
727 3 2 993 17 174 876 877 175
728 3 2 993 17 175 877 878 176
729 3 2 993 17 176 878 879 177
730 3 2 993 17 177 879 880 178
731 3 2 993 17 178 880 881 179
732 3 2 993 17 179 881 882 180
733 3 2 993 17 180 882 883 181
734 3 2 993 17 181 883 884 182
735 3 2 993 17 182 884 885 183
736 3 2 993 17 183 885 886 184
737 3 2 993 17 184 886 887 185
738 3 2 993 17 185 887 888 186
739 3 2 993 17 186 888 889 187
740 3 2 993 17 187 889 890 188
741 3 2 993 17 188 890 99 6
742 3 2 993 17 9 10 891 873
743 3 2 993 17 873 891 892 874
744 3 2 993 17 874 892 893 875
745 3 2 993 17 875 893 894 876
746 3 2 993 17 876 894 895 877
747 3 2 993 17 877 895 896 878
748 3 2 993 17 878 896 897 879
749 3 2 993 17 879 897 898 880
750 3 2 993 17 880 898 899 881
751 3 2 993 17 881 899 900 882
752 3 2 993 17 882 900 901 883
753 3 2 993 17 883 901 902 884
754 3 2 993 17 884 902 903 885
755 3 2 993 17 885 903 904 886
756 3 2 993 17 886 904 905 887
757 3 2 993 17 887 905 906 888
758 3 2 993 17 888 906 907 889
759 3 2 993 17 889 907 908 890
760 3 2 993 17 890 908 100 99
761 3 2 993 17 10 11 909 891
762 3 2 993 17 891 909 910 892
763 3 2 993 17 892 910 911 893
764 3 2 993 17 893 911 912 894
765 3 2 993 17 894 912 913 895
766 3 2 993 17 895 913 914 896
767 3 2 993 17 896 914 915 897
768 3 2 993 17 897 915 916 898
769 3 2 993 17 898 916 917 899
770 3 2 993 17 899 917 918 900
771 3 2 993 17 900 918 919 901
772 3 2 993 17 901 919 920 902
773 3 2 993 17 902 920 921 903
774 3 2 993 17 903 921 922 904
775 3 2 993 17 904 922 923 905
776 3 2 993 17 905 923 924 906
777 3 2 993 17 906 924 925 907
778 3 2 993 17 907 925 926 908
779 3 2 993 17 908 926 101 100
780 3 2 993 17 11 12 927 909
781 3 2 993 17 909 927 928 910
782 3 2 993 17 910 928 929 911
783 3 2 993 17 911 929 930 912
784 3 2 993 17 912 930 931 913
785 3 2 993 17 913 931 932 914
786 3 2 993 17 914 932 933 915
787 3 2 993 17 915 933 934 916
788 3 2 993 17 916 934 935 917
789 3 2 993 17 917 935 936 918
790 3 2 993 17 918 936 937 919
791 3 2 993 17 919 937 938 920
792 3 2 993 17 920 938 939 921
793 3 2 993 17 921 939 940 922
794 3 2 993 17 922 940 941 923
795 3 2 993 17 923 941 942 924
796 3 2 993 17 924 942 943 925
797 3 2 993 17 925 943 944 926
798 3 2 993 17 926 944 102 101
799 3 2 993 17 12 13 945 927
800 3 2 993 17 927 945 946 928
801 3 2 993 17 928 946 947 929
802 3 2 993 17 929 947 948 930
803 3 2 993 17 930 948 949 931
804 3 2 993 17 931 949 950 932
805 3 2 993 17 932 950 951 933
806 3 2 993 17 933 951 952 934
807 3 2 993 17 934 952 953 935
808 3 2 993 17 935 953 954 936
809 3 2 993 17 936 954 955 937
810 3 2 993 17 937 955 956 938
811 3 2 993 17 938 956 957 939
812 3 2 993 17 939 957 958 940
813 3 2 993 17 940 958 959 941
814 3 2 993 17 941 959 960 942
815 3 2 993 17 942 960 961 943
816 3 2 993 17 943 961 962 944
817 3 2 993 17 944 962 103 102
818 3 2 993 17 13 14 963 945
819 3 2 993 17 945 963 964 946
820 3 2 993 17 946 964 965 947
821 3 2 993 17 947 965 966 948
822 3 2 993 17 948 966 967 949
823 3 2 993 17 949 967 968 950
824 3 2 993 17 950 968 969 951
825 3 2 993 17 951 969 970 952
826 3 2 993 17 952 970 971 953
827 3 2 993 17 953 971 972 954
828 3 2 993 17 954 972 973 955
829 3 2 993 17 955 973 974 956
830 3 2 993 17 956 974 975 957
831 3 2 993 17 957 975 976 958
832 3 2 993 17 958 976 977 959
833 3 2 993 17 959 977 978 960
834 3 2 993 17 960 978 979 961
835 3 2 993 17 961 979 980 962
836 3 2 993 17 962 980 104 103
837 3 2 993 17 14 15 981 963
838 3 2 993 17 963 981 982 964
839 3 2 993 17 964 982 983 965
840 3 2 993 17 965 983 984 966
841 3 2 993 17 966 984 985 967
842 3 2 993 17 967 985 986 968
843 3 2 993 17 968 986 987 969
844 3 2 993 17 969 987 988 970
845 3 2 993 17 970 988 989 971
846 3 2 993 17 971 989 990 972
847 3 2 993 17 972 990 991 973
848 3 2 993 17 973 991 992 974
849 3 2 993 17 974 992 993 975
850 3 2 993 17 975 993 994 976
851 3 2 993 17 976 994 995 977
852 3 2 993 17 977 995 996 978
853 3 2 993 17 978 996 997 979
854 3 2 993 17 979 997 998 980
855 3 2 993 17 980 998 105 104
856 3 2 993 17 15 16 999 981
857 3 2 993 17 981 999 1000 982
858 3 2 993 17 982 1000 1001 983
859 3 2 993 17 983 1001 1002 984
860 3 2 993 17 984 1002 1003 985
861 3 2 993 17 985 1003 1004 986
862 3 2 993 17 986 1004 1005 987
863 3 2 993 17 987 1005 1006 988
864 3 2 993 17 988 1006 1007 989
865 3 2 993 17 989 1007 1008 990
866 3 2 993 17 990 1008 1009 991
867 3 2 993 17 991 1009 1010 992
868 3 2 993 17 992 1010 1011 993
869 3 2 993 17 993 1011 1012 994
870 3 2 993 17 994 1012 1013 995
871 3 2 993 17 995 1013 1014 996
872 3 2 993 17 996 1014 1015 997
873 3 2 993 17 997 1015 1016 998
874 3 2 993 17 998 1016 106 105
875 3 2 993 17 16 17 1017 999
876 3 2 993 17 999 1017 1018 1000
877 3 2 993 17 1000 1018 1019 1001
878 3 2 993 17 1001 1019 1020 1002
879 3 2 993 17 1002 1020 1021 1003
880 3 2 993 17 1003 1021 1022 1004
881 3 2 993 17 1004 1022 1023 1005
882 3 2 993 17 1005 1023 1024 1006
883 3 2 993 17 1006 1024 1025 1007
884 3 2 993 17 1007 1025 1026 1008
885 3 2 993 17 1008 1026 1027 1009
886 3 2 993 17 1009 1027 1028 1010
887 3 2 993 17 1010 1028 1029 1011
888 3 2 993 17 1011 1029 1030 1012
889 3 2 993 17 1012 1030 1031 1013
890 3 2 993 17 1013 1031 1032 1014
891 3 2 993 17 1014 1032 1033 1015
892 3 2 993 17 1015 1033 1034 1016
893 3 2 993 17 1016 1034 107 106
894 3 2 993 17 17 18 1035 1017
895 3 2 993 17 1017 1035 1036 1018
896 3 2 993 17 1018 1036 1037 1019
897 3 2 993 17 1019 1037 1038 1020
898 3 2 993 17 1020 1038 1039 1021
899 3 2 993 17 1021 1039 1040 1022
900 3 2 993 17 1022 1040 1041 1023
901 3 2 993 17 1023 1041 1042 1024
902 3 2 993 17 1024 1042 1043 1025
903 3 2 993 17 1025 1043 1044 1026
904 3 2 993 17 1026 1044 1045 1027
905 3 2 993 17 1027 1045 1046 1028
906 3 2 993 17 1028 1046 1047 1029
907 3 2 993 17 1029 1047 1048 1030
908 3 2 993 17 1030 1048 1049 1031
909 3 2 993 17 1031 1049 1050 1032
910 3 2 993 17 1032 1050 1051 1033
911 3 2 993 17 1033 1051 1052 1034
912 3 2 993 17 1034 1052 108 107
913 3 2 993 17 18 19 1053 1035
914 3 2 993 17 1035 1053 1054 1036
915 3 2 993 17 1036 1054 1055 1037
916 3 2 993 17 1037 1055 1056 1038
917 3 2 993 17 1038 1056 1057 1039
918 3 2 993 17 1039 1057 1058 1040
919 3 2 993 17 1040 1058 1059 1041
920 3 2 993 17 1041 1059 1060 1042
921 3 2 993 17 1042 1060 1061 1043
922 3 2 993 17 1043 1061 1062 1044
923 3 2 993 17 1044 1062 1063 1045
924 3 2 993 17 1045 1063 1064 1046
925 3 2 993 17 1046 1064 1065 1047
926 3 2 993 17 1047 1065 1066 1048
927 3 2 993 17 1048 1066 1067 1049
928 3 2 993 17 1049 1067 1068 1050
929 3 2 993 17 1050 1068 1069 1051
930 3 2 993 17 1051 1069 1070 1052
931 3 2 993 17 1052 1070 109 108
932 3 2 993 17 19 20 1071 1053
933 3 2 993 17 1053 1071 1072 1054
934 3 2 993 17 1054 1072 1073 1055
935 3 2 993 17 1055 1073 1074 1056
936 3 2 993 17 1056 1074 1075 1057
937 3 2 993 17 1057 1075 1076 1058
938 3 2 993 17 1058 1076 1077 1059
939 3 2 993 17 1059 1077 1078 1060
940 3 2 993 17 1060 1078 1079 1061
941 3 2 993 17 1061 1079 1080 1062
942 3 2 993 17 1062 1080 1081 1063
943 3 2 993 17 1063 1081 1082 1064
944 3 2 993 17 1064 1082 1083 1065
945 3 2 993 17 1065 1083 1084 1066
946 3 2 993 17 1066 1084 1085 1067
947 3 2 993 17 1067 1085 1086 1068
948 3 2 993 17 1068 1086 1087 1069
949 3 2 993 17 1069 1087 1088 1070
950 3 2 993 17 1070 1088 110 109
951 3 2 993 17 20 21 1089 1071
952 3 2 993 17 1071 1089 1090 1072
953 3 2 993 17 1072 1090 1091 1073
954 3 2 993 17 1073 1091 1092 1074
955 3 2 993 17 1074 1092 1093 1075
956 3 2 993 17 1075 1093 1094 1076
957 3 2 993 17 1076 1094 1095 1077
958 3 2 993 17 1077 1095 1096 1078
959 3 2 993 17 1078 1096 1097 1079
960 3 2 993 17 1079 1097 1098 1080
961 3 2 993 17 1080 1098 1099 1081
962 3 2 993 17 1081 1099 1100 1082
963 3 2 993 17 1082 1100 1101 1083
964 3 2 993 17 1083 1101 1102 1084
965 3 2 993 17 1084 1102 1103 1085
966 3 2 993 17 1085 1103 1104 1086
967 3 2 993 17 1086 1104 1105 1087
968 3 2 993 17 1087 1105 1106 1088
969 3 2 993 17 1088 1106 111 110
970 3 2 993 17 21 22 1107 1089
971 3 2 993 17 1089 1107 1108 1090
972 3 2 993 17 1090 1108 1109 1091
973 3 2 993 17 1091 1109 1110 1092
974 3 2 993 17 1092 1110 1111 1093
975 3 2 993 17 1093 1111 1112 1094
976 3 2 993 17 1094 1112 1113 1095
977 3 2 993 17 1095 1113 1114 1096
978 3 2 993 17 1096 1114 1115 1097
979 3 2 993 17 1097 1115 1116 1098
980 3 2 993 17 1098 1116 1117 1099
981 3 2 993 17 1099 1117 1118 1100
982 3 2 993 17 1100 1118 1119 1101
983 3 2 993 17 1101 1119 1120 1102
984 3 2 993 17 1102 1120 1121 1103
985 3 2 993 17 1103 1121 1122 1104
986 3 2 993 17 1104 1122 1123 1105
987 3 2 993 17 1105 1123 1124 1106
988 3 2 993 17 1106 1124 112 111
989 3 2 993 17 22 23 1125 1107
990 3 2 993 17 1107 1125 1126 1108
991 3 2 993 17 1108 1126 1127 1109
992 3 2 993 17 1109 1127 1128 1110
993 3 2 993 17 1110 1128 1129 1111
994 3 2 993 17 1111 1129 1130 1112
995 3 2 993 17 1112 1130 1131 1113
996 3 2 993 17 1113 1131 1132 1114
997 3 2 993 17 1114 1132 1133 1115
998 3 2 993 17 1115 1133 1134 1116
999 3 2 993 17 1116 1134 1135 1117
1000 3 2 993 17 1117 1135 1136 1118
1001 3 2 993 17 1118 1136 1137 1119
1002 3 2 993 17 1119 1137 1138 1120
1003 3 2 993 17 1120 1138 1139 1121
1004 3 2 993 17 1121 1139 1140 1122
1005 3 2 993 17 1122 1140 1141 1123
1006 3 2 993 17 1123 1141 1142 1124
1007 3 2 993 17 1124 1142 113 112
1008 3 2 993 17 23 24 1143 1125
1009 3 2 993 17 1125 1143 1144 1126
1010 3 2 993 17 1126 1144 1145 1127
1011 3 2 993 17 1127 1145 1146 1128
1012 3 2 993 17 1128 1146 1147 1129
1013 3 2 993 17 1129 1147 1148 1130
1014 3 2 993 17 1130 1148 1149 1131
1015 3 2 993 17 1131 1149 1150 1132
1016 3 2 993 17 1132 1150 1151 1133
1017 3 2 993 17 1133 1151 1152 1134
1018 3 2 993 17 1134 1152 1153 1135
1019 3 2 993 17 1135 1153 1154 1136
1020 3 2 993 17 1136 1154 1155 1137
1021 3 2 993 17 1137 1155 1156 1138
1022 3 2 993 17 1138 1156 1157 1139
1023 3 2 993 17 1139 1157 1158 1140
1024 3 2 993 17 1140 1158 1159 1141
1025 3 2 993 17 1141 1159 1160 1142
1026 3 2 993 17 1142 1160 114 113
1027 3 2 993 17 24 25 1161 1143
1028 3 2 993 17 1143 1161 1162 1144
1029 3 2 993 17 1144 1162 1163 1145
1030 3 2 993 17 1145 1163 1164 1146
1031 3 2 993 17 1146 1164 1165 1147
1032 3 2 993 17 1147 1165 1166 1148
1033 3 2 993 17 1148 1166 1167 1149
1034 3 2 993 17 1149 1167 1168 1150
1035 3 2 993 17 1150 1168 1169 1151
1036 3 2 993 17 1151 1169 1170 1152
1037 3 2 993 17 1152 1170 1171 1153
1038 3 2 993 17 1153 1171 1172 1154
1039 3 2 993 17 1154 1172 1173 1155
1040 3 2 993 17 1155 1173 1174 1156
1041 3 2 993 17 1156 1174 1175 1157
1042 3 2 993 17 1157 1175 1176 1158
1043 3 2 993 17 1158 1176 1177 1159
1044 3 2 993 17 1159 1177 1178 1160
1045 3 2 993 17 1160 1178 115 114
1046 3 2 993 17 25 26 1179 1161
1047 3 2 993 17 1161 1179 1180 1162
1048 3 2 993 17 1162 1180 1181 1163
1049 3 2 993 17 1163 1181 1182 1164
1050 3 2 993 17 1164 1182 1183 1165
1051 3 2 993 17 1165 1183 1184 1166
1052 3 2 993 17 1166 1184 1185 1167
1053 3 2 993 17 1167 1185 1186 1168
1054 3 2 993 17 1168 1186 1187 1169
1055 3 2 993 17 1169 1187 1188 1170
1056 3 2 993 17 1170 1188 1189 1171
1057 3 2 993 17 1171 1189 1190 1172
1058 3 2 993 17 1172 1190 1191 1173
1059 3 2 993 17 1173 1191 1192 1174
1060 3 2 993 17 1174 1192 1193 1175
1061 3 2 993 17 1175 1193 1194 1176
1062 3 2 993 17 1176 1194 1195 1177
1063 3 2 993 17 1177 1195 1196 1178
1064 3 2 993 17 1178 1196 116 115
1065 3 2 993 17 26 2 189 1179
1066 3 2 993 17 1179 189 190 1180
1067 3 2 993 17 1180 190 191 1181
1068 3 2 993 17 1181 191 192 1182
1069 3 2 993 17 1182 192 193 1183
1070 3 2 993 17 1183 193 194 1184
1071 3 2 993 17 1184 194 195 1185
1072 3 2 993 17 1185 195 196 1186
1073 3 2 993 17 1186 196 197 1187
1074 3 2 993 17 1187 197 198 1188
1075 3 2 993 17 1188 198 199 1189
1076 3 2 993 17 1189 199 200 1190
1077 3 2 993 17 1190 200 201 1191
1078 3 2 993 17 1191 201 202 1192
1079 3 2 993 17 1192 202 203 1193
1080 3 2 993 17 1193 203 204 1194
1081 3 2 993 17 1194 204 205 1195
1082 3 2 993 17 1195 205 206 1196
1083 3 2 993 17 1196 206 7 116
1084 3 2 992 21 3 207 1197 27
1085 3 2 992 21 207 208 1198 1197
1086 3 2 992 21 208 209 1199 1198
1087 3 2 992 21 209 210 1200 1199
1088 3 2 992 21 210 211 1201 1200
1089 3 2 992 21 211 212 1202 1201
1090 3 2 992 21 212 213 1203 1202
1091 3 2 992 21 213 214 1204 1203
1092 3 2 992 21 214 215 1205 1204
1093 3 2 992 21 215 216 1206 1205
1094 3 2 992 21 216 217 1207 1206
1095 3 2 992 21 217 218 1208 1207
1096 3 2 992 21 218 219 1209 1208
1097 3 2 992 21 219 220 1210 1209
1098 3 2 992 21 220 221 1211 1210
1099 3 2 992 21 221 222 1212 1211
1100 3 2 992 21 222 223 1213 1212
1101 3 2 992 21 223 224 1214 1213
1102 3 2 992 21 224 8 134 1214
1103 3 2 992 21 27 1197 1215 28
1104 3 2 992 21 1197 1198 1216 1215
1105 3 2 992 21 1198 1199 1217 1216
1106 3 2 992 21 1199 1200 1218 1217
1107 3 2 992 21 1200 1201 1219 1218
1108 3 2 992 21 1201 1202 1220 1219
1109 3 2 992 21 1202 1203 1221 1220
1110 3 2 992 21 1203 1204 1222 1221
1111 3 2 992 21 1204 1205 1223 1222
1112 3 2 992 21 1205 1206 1224 1223
1113 3 2 992 21 1206 1207 1225 1224
1114 3 2 992 21 1207 1208 1226 1225
1115 3 2 992 21 1208 1209 1227 1226
1116 3 2 992 21 1209 1210 1228 1227
1117 3 2 992 21 1210 1211 1229 1228
1118 3 2 992 21 1211 1212 1230 1229
1119 3 2 992 21 1212 1213 1231 1230
1120 3 2 992 21 1213 1214 1232 1231
1121 3 2 992 21 1214 134 133 1232
1122 3 2 992 21 28 1215 1233 29
1123 3 2 992 21 1215 1216 1234 1233
1124 3 2 992 21 1216 1217 1235 1234
1125 3 2 992 21 1217 1218 1236 1235
1126 3 2 992 21 1218 1219 1237 1236
1127 3 2 992 21 1219 1220 1238 1237
1128 3 2 992 21 1220 1221 1239 1238
1129 3 2 992 21 1221 1222 1240 1239
1130 3 2 992 21 1222 1223 1241 1240
1131 3 2 992 21 1223 1224 1242 1241
1132 3 2 992 21 1224 1225 1243 1242
1133 3 2 992 21 1225 1226 1244 1243
1134 3 2 992 21 1226 1227 1245 1244
1135 3 2 992 21 1227 1228 1246 1245
1136 3 2 992 21 1228 1229 1247 1246
1137 3 2 992 21 1229 1230 1248 1247
1138 3 2 992 21 1230 1231 1249 1248
1139 3 2 992 21 1231 1232 1250 1249
1140 3 2 992 21 1232 133 132 1250
1141 3 2 992 21 29 1233 1251 30
1142 3 2 992 21 1233 1234 1252 1251
1143 3 2 992 21 1234 1235 1253 1252
1144 3 2 992 21 1235 1236 1254 1253
1145 3 2 992 21 1236 1237 1255 1254
1146 3 2 992 21 1237 1238 1256 1255
1147 3 2 992 21 1238 1239 1257 1256
1148 3 2 992 21 1239 1240 1258 1257
1149 3 2 992 21 1240 1241 1259 1258
1150 3 2 992 21 1241 1242 1260 1259
1151 3 2 992 21 1242 1243 1261 1260
1152 3 2 992 21 1243 1244 1262 1261
1153 3 2 992 21 1244 1245 1263 1262
1154 3 2 992 21 1245 1246 1264 1263
1155 3 2 992 21 1246 1247 1265 1264
1156 3 2 992 21 1247 1248 1266 1265
1157 3 2 992 21 1248 1249 1267 1266
1158 3 2 992 21 1249 1250 1268 1267
1159 3 2 992 21 1250 132 131 1268
1160 3 2 992 21 30 1251 1269 31
1161 3 2 992 21 1251 1252 1270 1269
1162 3 2 992 21 1252 1253 1271 1270
1163 3 2 992 21 1253 1254 1272 1271
1164 3 2 992 21 1254 1255 1273 1272
1165 3 2 992 21 1255 1256 1274 1273
1166 3 2 992 21 1256 1257 1275 1274
1167 3 2 992 21 1257 1258 1276 1275
1168 3 2 992 21 1258 1259 1277 1276
1169 3 2 992 21 1259 1260 1278 1277
1170 3 2 992 21 1260 1261 1279 1278
1171 3 2 992 21 1261 1262 1280 1279
1172 3 2 992 21 1262 1263 1281 1280
1173 3 2 992 21 1263 1264 1282 1281
1174 3 2 992 21 1264 1265 1283 1282
1175 3 2 992 21 1265 1266 1284 1283
1176 3 2 992 21 1266 1267 1285 1284
1177 3 2 992 21 1267 1268 1286 1285
1178 3 2 992 21 1268 131 130 1286
1179 3 2 992 21 31 1269 1287 32
1180 3 2 992 21 1269 1270 1288 1287
1181 3 2 992 21 1270 1271 1289 1288
1182 3 2 992 21 1271 1272 1290 1289
1183 3 2 992 21 1272 1273 1291 1290
1184 3 2 992 21 1273 1274 1292 1291
1185 3 2 992 21 1274 1275 1293 1292
1186 3 2 992 21 1275 1276 1294 1293
1187 3 2 992 21 1276 1277 1295 1294
1188 3 2 992 21 1277 1278 1296 1295
1189 3 2 992 21 1278 1279 1297 1296
1190 3 2 992 21 1279 1280 1298 1297
1191 3 2 992 21 1280 1281 1299 1298
1192 3 2 992 21 1281 1282 1300 1299
1193 3 2 992 21 1282 1283 1301 1300
1194 3 2 992 21 1283 1284 1302 1301
1195 3 2 992 21 1284 1285 1303 1302
1196 3 2 992 21 1285 1286 1304 1303
1197 3 2 992 21 1286 130 129 1304
1198 3 2 992 21 32 1287 1305 33
1199 3 2 992 21 1287 1288 1306 1305
1200 3 2 992 21 1288 1289 1307 1306
1201 3 2 992 21 1289 1290 1308 1307
1202 3 2 992 21 1290 1291 1309 1308
1203 3 2 992 21 1291 1292 1310 1309
1204 3 2 992 21 1292 1293 1311 1310
1205 3 2 992 21 1293 1294 1312 1311
1206 3 2 992 21 1294 1295 1313 1312
1207 3 2 992 21 1295 1296 1314 1313
1208 3 2 992 21 1296 1297 1315 1314
1209 3 2 992 21 1297 1298 1316 1315
1210 3 2 992 21 1298 1299 1317 1316
1211 3 2 992 21 1299 1300 1318 1317
1212 3 2 992 21 1300 1301 1319 1318
1213 3 2 992 21 1301 1302 1320 1319
1214 3 2 992 21 1302 1303 1321 1320
1215 3 2 992 21 1303 1304 1322 1321
1216 3 2 992 21 1304 129 128 1322
1217 3 2 992 21 33 1305 1323 34
1218 3 2 992 21 1305 1306 1324 1323
1219 3 2 992 21 1306 1307 1325 1324
1220 3 2 992 21 1307 1308 1326 1325
1221 3 2 992 21 1308 1309 1327 1326
1222 3 2 992 21 1309 1310 1328 1327
1223 3 2 992 21 1310 1311 1329 1328
1224 3 2 992 21 1311 1312 1330 1329
1225 3 2 992 21 1312 1313 1331 1330
1226 3 2 992 21 1313 1314 1332 1331
1227 3 2 992 21 1314 1315 1333 1332
1228 3 2 992 21 1315 1316 1334 1333
1229 3 2 992 21 1316 1317 1335 1334
1230 3 2 992 21 1317 1318 1336 1335
1231 3 2 992 21 1318 1319 1337 1336
1232 3 2 992 21 1319 1320 1338 1337
1233 3 2 992 21 1320 1321 1339 1338
1234 3 2 992 21 1321 1322 1340 1339
1235 3 2 992 21 1322 128 127 1340
1236 3 2 992 21 34 1323 1341 35
1237 3 2 992 21 1323 1324 1342 1341
1238 3 2 992 21 1324 1325 1343 1342
1239 3 2 992 21 1325 1326 1344 1343
1240 3 2 992 21 1326 1327 1345 1344
1241 3 2 992 21 1327 1328 1346 1345
1242 3 2 992 21 1328 1329 1347 1346
1243 3 2 992 21 1329 1330 1348 1347
1244 3 2 992 21 1330 1331 1349 1348
1245 3 2 992 21 1331 1332 1350 1349
1246 3 2 992 21 1332 1333 1351 1350
1247 3 2 992 21 1333 1334 1352 1351
1248 3 2 992 21 1334 1335 1353 1352
1249 3 2 992 21 1335 1336 1354 1353
1250 3 2 992 21 1336 1337 1355 1354
1251 3 2 992 21 1337 1338 1356 1355
1252 3 2 992 21 1338 1339 1357 1356
1253 3 2 992 21 1339 1340 1358 1357
1254 3 2 992 21 1340 127 126 1358
1255 3 2 992 21 35 1341 1359 36
1256 3 2 992 21 1341 1342 1360 1359
1257 3 2 992 21 1342 1343 1361 1360
1258 3 2 992 21 1343 1344 1362 1361
1259 3 2 992 21 1344 1345 1363 1362
1260 3 2 992 21 1345 1346 1364 1363
1261 3 2 992 21 1346 1347 1365 1364
1262 3 2 992 21 1347 1348 1366 1365
1263 3 2 992 21 1348 1349 1367 1366
1264 3 2 992 21 1349 1350 1368 1367
1265 3 2 992 21 1350 1351 1369 1368
1266 3 2 992 21 1351 1352 1370 1369
1267 3 2 992 21 1352 1353 1371 1370
1268 3 2 992 21 1353 1354 1372 1371
1269 3 2 992 21 1354 1355 1373 1372
1270 3 2 992 21 1355 1356 1374 1373
1271 3 2 992 21 1356 1357 1375 1374
1272 3 2 992 21 1357 1358 1376 1375
1273 3 2 992 21 1358 126 125 1376
1274 3 2 992 21 36 1359 1377 37
1275 3 2 992 21 1359 1360 1378 1377
1276 3 2 992 21 1360 1361 1379 1378
1277 3 2 992 21 1361 1362 1380 1379
1278 3 2 992 21 1362 1363 1381 1380
1279 3 2 992 21 1363 1364 1382 1381
1280 3 2 992 21 1364 1365 1383 1382
1281 3 2 992 21 1365 1366 1384 1383
1282 3 2 992 21 1366 1367 1385 1384
1283 3 2 992 21 1367 1368 1386 1385
1284 3 2 992 21 1368 1369 1387 1386
1285 3 2 992 21 1369 1370 1388 1387
1286 3 2 992 21 1370 1371 1389 1388
1287 3 2 992 21 1371 1372 1390 1389
1288 3 2 992 21 1372 1373 1391 1390
1289 3 2 992 21 1373 1374 1392 1391
1290 3 2 992 21 1374 1375 1393 1392
1291 3 2 992 21 1375 1376 1394 1393
1292 3 2 992 21 1376 125 124 1394
1293 3 2 992 21 37 1377 1395 38
1294 3 2 992 21 1377 1378 1396 1395
1295 3 2 992 21 1378 1379 1397 1396
1296 3 2 992 21 1379 1380 1398 1397
1297 3 2 992 21 1380 1381 1399 1398
1298 3 2 992 21 1381 1382 1400 1399
1299 3 2 992 21 1382 1383 1401 1400
1300 3 2 992 21 1383 1384 1402 1401
1301 3 2 992 21 1384 1385 1403 1402
1302 3 2 992 21 1385 1386 1404 1403
1303 3 2 992 21 1386 1387 1405 1404
1304 3 2 992 21 1387 1388 1406 1405
1305 3 2 992 21 1388 1389 1407 1406
1306 3 2 992 21 1389 1390 1408 1407
1307 3 2 992 21 1390 1391 1409 1408
1308 3 2 992 21 1391 1392 1410 1409
1309 3 2 992 21 1392 1393 1411 1410
1310 3 2 992 21 1393 1394 1412 1411
1311 3 2 992 21 1394 124 123 1412
1312 3 2 992 21 38 1395 1413 39
1313 3 2 992 21 1395 1396 1414 1413
1314 3 2 992 21 1396 1397 1415 1414
1315 3 2 992 21 1397 1398 1416 1415
1316 3 2 992 21 1398 1399 1417 1416
1317 3 2 992 21 1399 1400 1418 1417
1318 3 2 992 21 1400 1401 1419 1418
1319 3 2 992 21 1401 1402 1420 1419
1320 3 2 992 21 1402 1403 1421 1420
1321 3 2 992 21 1403 1404 1422 1421
1322 3 2 992 21 1404 1405 1423 1422
1323 3 2 992 21 1405 1406 1424 1423
1324 3 2 992 21 1406 1407 1425 1424
1325 3 2 992 21 1407 1408 1426 1425
1326 3 2 992 21 1408 1409 1427 1426
1327 3 2 992 21 1409 1410 1428 1427
1328 3 2 992 21 1410 1411 1429 1428
1329 3 2 992 21 1411 1412 1430 1429
1330 3 2 992 21 1412 123 122 1430
1331 3 2 992 21 39 1413 1431 40
1332 3 2 992 21 1413 1414 1432 1431
1333 3 2 992 21 1414 1415 1433 1432
1334 3 2 992 21 1415 1416 1434 1433
1335 3 2 992 21 1416 1417 1435 1434
1336 3 2 992 21 1417 1418 1436 1435
1337 3 2 992 21 1418 1419 1437 1436
1338 3 2 992 21 1419 1420 1438 1437
1339 3 2 992 21 1420 1421 1439 1438
1340 3 2 992 21 1421 1422 1440 1439
1341 3 2 992 21 1422 1423 1441 1440
1342 3 2 992 21 1423 1424 1442 1441
1343 3 2 992 21 1424 1425 1443 1442
1344 3 2 992 21 1425 1426 1444 1443
1345 3 2 992 21 1426 1427 1445 1444
1346 3 2 992 21 1427 1428 1446 1445
1347 3 2 992 21 1428 1429 1447 1446
1348 3 2 992 21 1429 1430 1448 1447
1349 3 2 992 21 1430 122 121 1448
1350 3 2 992 21 40 1431 1449 41
1351 3 2 992 21 1431 1432 1450 1449
1352 3 2 992 21 1432 1433 1451 1450
1353 3 2 992 21 1433 1434 1452 1451
1354 3 2 992 21 1434 1435 1453 1452
1355 3 2 992 21 1435 1436 1454 1453
1356 3 2 992 21 1436 1437 1455 1454
1357 3 2 992 21 1437 1438 1456 1455
1358 3 2 992 21 1438 1439 1457 1456
1359 3 2 992 21 1439 1440 1458 1457
1360 3 2 992 21 1440 1441 1459 1458
1361 3 2 992 21 1441 1442 1460 1459
1362 3 2 992 21 1442 1443 1461 1460
1363 3 2 992 21 1443 1444 1462 1461
1364 3 2 992 21 1444 1445 1463 1462
1365 3 2 992 21 1445 1446 1464 1463
1366 3 2 992 21 1446 1447 1465 1464
1367 3 2 992 21 1447 1448 1466 1465
1368 3 2 992 21 1448 121 120 1466
1369 3 2 992 21 41 1449 1467 42
1370 3 2 992 21 1449 1450 1468 1467
1371 3 2 992 21 1450 1451 1469 1468
1372 3 2 992 21 1451 1452 1470 1469
1373 3 2 992 21 1452 1453 1471 1470
1374 3 2 992 21 1453 1454 1472 1471
1375 3 2 992 21 1454 1455 1473 1472
1376 3 2 992 21 1455 1456 1474 1473
1377 3 2 992 21 1456 1457 1475 1474
1378 3 2 992 21 1457 1458 1476 1475
1379 3 2 992 21 1458 1459 1477 1476
1380 3 2 992 21 1459 1460 1478 1477
1381 3 2 992 21 1460 1461 1479 1478
1382 3 2 992 21 1461 1462 1480 1479
1383 3 2 992 21 1462 1463 1481 1480
1384 3 2 992 21 1463 1464 1482 1481
1385 3 2 992 21 1464 1465 1483 1482
1386 3 2 992 21 1465 1466 1484 1483
1387 3 2 992 21 1466 120 119 1484
1388 3 2 992 21 42 1467 1485 43
1389 3 2 992 21 1467 1468 1486 1485
1390 3 2 992 21 1468 1469 1487 1486
1391 3 2 992 21 1469 1470 1488 1487
1392 3 2 992 21 1470 1471 1489 1488
1393 3 2 992 21 1471 1472 1490 1489
1394 3 2 992 21 1472 1473 1491 1490
1395 3 2 992 21 1473 1474 1492 1491
1396 3 2 992 21 1474 1475 1493 1492
1397 3 2 992 21 1475 1476 1494 1493
1398 3 2 992 21 1476 1477 1495 1494
1399 3 2 992 21 1477 1478 1496 1495
1400 3 2 992 21 1478 1479 1497 1496
1401 3 2 992 21 1479 1480 1498 1497
1402 3 2 992 21 1480 1481 1499 1498
1403 3 2 992 21 1481 1482 1500 1499
1404 3 2 992 21 1482 1483 1501 1500
1405 3 2 992 21 1483 1484 1502 1501
1406 3 2 992 21 1484 119 118 1502
1407 3 2 992 21 43 1485 1503 44
1408 3 2 992 21 1485 1486 1504 1503
1409 3 2 992 21 1486 1487 1505 1504
1410 3 2 992 21 1487 1488 1506 1505
1411 3 2 992 21 1488 1489 1507 1506
1412 3 2 992 21 1489 1490 1508 1507
1413 3 2 992 21 1490 1491 1509 1508
1414 3 2 992 21 1491 1492 1510 1509
1415 3 2 992 21 1492 1493 1511 1510
1416 3 2 992 21 1493 1494 1512 1511
1417 3 2 992 21 1494 1495 1513 1512
1418 3 2 992 21 1495 1496 1514 1513
1419 3 2 992 21 1496 1497 1515 1514
1420 3 2 992 21 1497 1498 1516 1515
1421 3 2 992 21 1498 1499 1517 1516
1422 3 2 992 21 1499 1500 1518 1517
1423 3 2 992 21 1500 1501 1519 1518
1424 3 2 992 21 1501 1502 1520 1519
1425 3 2 992 21 1502 118 117 1520
1426 3 2 992 21 44 1503 189 2
1427 3 2 992 21 1503 1504 190 189
1428 3 2 992 21 1504 1505 191 190
1429 3 2 992 21 1505 1506 192 191
1430 3 2 992 21 1506 1507 193 192
1431 3 2 992 21 1507 1508 194 193
1432 3 2 992 21 1508 1509 195 194
1433 3 2 992 21 1509 1510 196 195
1434 3 2 992 21 1510 1511 197 196
1435 3 2 992 21 1511 1512 198 197
1436 3 2 992 21 1512 1513 199 198
1437 3 2 992 21 1513 1514 200 199
1438 3 2 992 21 1514 1515 201 200
1439 3 2 992 21 1515 1516 202 201
1440 3 2 992 21 1516 1517 203 202
1441 3 2 992 21 1517 1518 204 203
1442 3 2 992 21 1518 1519 205 204
1443 3 2 992 21 1519 1520 206 205
1444 3 2 992 21 1520 117 7 206
1445 3 2 994 25 3 45 1521 207
1446 3 2 994 25 207 1521 1522 208
1447 3 2 994 25 208 1522 1523 209
1448 3 2 994 25 209 1523 1524 210
1449 3 2 994 25 210 1524 1525 211
1450 3 2 994 25 211 1525 1526 212
1451 3 2 994 25 212 1526 1527 213
1452 3 2 994 25 213 1527 1528 214
1453 3 2 994 25 214 1528 1529 215
1454 3 2 994 25 215 1529 1530 216
1455 3 2 994 25 216 1530 1531 217
1456 3 2 994 25 217 1531 1532 218
1457 3 2 994 25 218 1532 1533 219
1458 3 2 994 25 219 1533 1534 220
1459 3 2 994 25 220 1534 1535 221
1460 3 2 994 25 221 1535 1536 222
1461 3 2 994 25 222 1536 1537 223
1462 3 2 994 25 223 1537 1538 224
1463 3 2 994 25 224 1538 135 8
1464 3 2 994 25 45 46 1539 1521
1465 3 2 994 25 1521 1539 1540 1522
1466 3 2 994 25 1522 1540 1541 1523
1467 3 2 994 25 1523 1541 1542 1524
1468 3 2 994 25 1524 1542 1543 1525
1469 3 2 994 25 1525 1543 1544 1526
1470 3 2 994 25 1526 1544 1545 1527
1471 3 2 994 25 1527 1545 1546 1528
1472 3 2 994 25 1528 1546 1547 1529
1473 3 2 994 25 1529 1547 1548 1530
1474 3 2 994 25 1530 1548 1549 1531
1475 3 2 994 25 1531 1549 1550 1532
1476 3 2 994 25 1532 1550 1551 1533
1477 3 2 994 25 1533 1551 1552 1534
1478 3 2 994 25 1534 1552 1553 1535
1479 3 2 994 25 1535 1553 1554 1536
1480 3 2 994 25 1536 1554 1555 1537
1481 3 2 994 25 1537 1555 1556 1538
1482 3 2 994 25 1538 1556 136 135
1483 3 2 994 25 46 47 1557 1539
1484 3 2 994 25 1539 1557 1558 1540
1485 3 2 994 25 1540 1558 1559 1541
1486 3 2 994 25 1541 1559 1560 1542
1487 3 2 994 25 1542 1560 1561 1543
1488 3 2 994 25 1543 1561 1562 1544
1489 3 2 994 25 1544 1562 1563 1545
1490 3 2 994 25 1545 1563 1564 1546
1491 3 2 994 25 1546 1564 1565 1547
1492 3 2 994 25 1547 1565 1566 1548
1493 3 2 994 25 1548 1566 1567 1549
1494 3 2 994 25 1549 1567 1568 1550
1495 3 2 994 25 1550 1568 1569 1551
1496 3 2 994 25 1551 1569 1570 1552
1497 3 2 994 25 1552 1570 1571 1553
1498 3 2 994 25 1553 1571 1572 1554
1499 3 2 994 25 1554 1572 1573 1555
1500 3 2 994 25 1555 1573 1574 1556
1501 3 2 994 25 1556 1574 137 136
1502 3 2 994 25 47 48 1575 1557
1503 3 2 994 25 1557 1575 1576 1558
1504 3 2 994 25 1558 1576 1577 1559
1505 3 2 994 25 1559 1577 1578 1560
1506 3 2 994 25 1560 1578 1579 1561
1507 3 2 994 25 1561 1579 1580 1562
1508 3 2 994 25 1562 1580 1581 1563
1509 3 2 994 25 1563 1581 1582 1564
1510 3 2 994 25 1564 1582 1583 1565
1511 3 2 994 25 1565 1583 1584 1566
1512 3 2 994 25 1566 1584 1585 1567
1513 3 2 994 25 1567 1585 1586 1568
1514 3 2 994 25 1568 1586 1587 1569
1515 3 2 994 25 1569 1587 1588 1570
1516 3 2 994 25 1570 1588 1589 1571
1517 3 2 994 25 1571 1589 1590 1572
1518 3 2 994 25 1572 1590 1591 1573
1519 3 2 994 25 1573 1591 1592 1574
1520 3 2 994 25 1574 1592 138 137
1521 3 2 994 25 48 49 1593 1575
1522 3 2 994 25 1575 1593 1594 1576
1523 3 2 994 25 1576 1594 1595 1577
1524 3 2 994 25 1577 1595 1596 1578
1525 3 2 994 25 1578 1596 1597 1579
1526 3 2 994 25 1579 1597 1598 1580
1527 3 2 994 25 1580 1598 1599 1581
1528 3 2 994 25 1581 1599 1600 1582
1529 3 2 994 25 1582 1600 1601 1583
1530 3 2 994 25 1583 1601 1602 1584
1531 3 2 994 25 1584 1602 1603 1585
1532 3 2 994 25 1585 1603 1604 1586
1533 3 2 994 25 1586 1604 1605 1587
1534 3 2 994 25 1587 1605 1606 1588
1535 3 2 994 25 1588 1606 1607 1589
1536 3 2 994 25 1589 1607 1608 1590
1537 3 2 994 25 1590 1608 1609 1591
1538 3 2 994 25 1591 1609 1610 1592
1539 3 2 994 25 1592 1610 139 138
1540 3 2 994 25 49 50 1611 1593
1541 3 2 994 25 1593 1611 1612 1594
1542 3 2 994 25 1594 1612 1613 1595
1543 3 2 994 25 1595 1613 1614 1596
1544 3 2 994 25 1596 1614 1615 1597
1545 3 2 994 25 1597 1615 1616 1598
1546 3 2 994 25 1598 1616 1617 1599
1547 3 2 994 25 1599 1617 1618 1600
1548 3 2 994 25 1600 1618 1619 1601
1549 3 2 994 25 1601 1619 1620 1602
1550 3 2 994 25 1602 1620 1621 1603
1551 3 2 994 25 1603 1621 1622 1604
1552 3 2 994 25 1604 1622 1623 1605
1553 3 2 994 25 1605 1623 1624 1606
1554 3 2 994 25 1606 1624 1625 1607
1555 3 2 994 25 1607 1625 1626 1608
1556 3 2 994 25 1608 1626 1627 1609
1557 3 2 994 25 1609 1627 1628 1610
1558 3 2 994 25 1610 1628 140 139
1559 3 2 994 25 50 51 1629 1611
1560 3 2 994 25 1611 1629 1630 1612
1561 3 2 994 25 1612 1630 1631 1613
1562 3 2 994 25 1613 1631 1632 1614
1563 3 2 994 25 1614 1632 1633 1615
1564 3 2 994 25 1615 1633 1634 1616
1565 3 2 994 25 1616 1634 1635 1617
1566 3 2 994 25 1617 1635 1636 1618
1567 3 2 994 25 1618 1636 1637 1619
1568 3 2 994 25 1619 1637 1638 1620
1569 3 2 994 25 1620 1638 1639 1621
1570 3 2 994 25 1621 1639 1640 1622
1571 3 2 994 25 1622 1640 1641 1623
1572 3 2 994 25 1623 1641 1642 1624
1573 3 2 994 25 1624 1642 1643 1625
1574 3 2 994 25 1625 1643 1644 1626
1575 3 2 994 25 1626 1644 1645 1627
1576 3 2 994 25 1627 1645 1646 1628
1577 3 2 994 25 1628 1646 141 140
1578 3 2 994 25 51 52 1647 1629
1579 3 2 994 25 1629 1647 1648 1630
1580 3 2 994 25 1630 1648 1649 1631
1581 3 2 994 25 1631 1649 1650 1632
1582 3 2 994 25 1632 1650 1651 1633
1583 3 2 994 25 1633 1651 1652 1634
1584 3 2 994 25 1634 1652 1653 1635
1585 3 2 994 25 1635 1653 1654 1636
1586 3 2 994 25 1636 1654 1655 1637
1587 3 2 994 25 1637 1655 1656 1638
1588 3 2 994 25 1638 1656 1657 1639
1589 3 2 994 25 1639 1657 1658 1640
1590 3 2 994 25 1640 1658 1659 1641
1591 3 2 994 25 1641 1659 1660 1642
1592 3 2 994 25 1642 1660 1661 1643
1593 3 2 994 25 1643 1661 1662 1644
1594 3 2 994 25 1644 1662 1663 1645
1595 3 2 994 25 1645 1663 1664 1646
1596 3 2 994 25 1646 1664 142 141
1597 3 2 994 25 52 53 1665 1647
1598 3 2 994 25 1647 1665 1666 1648
1599 3 2 994 25 1648 1666 1667 1649
1600 3 2 994 25 1649 1667 1668 1650
1601 3 2 994 25 1650 1668 1669 1651
1602 3 2 994 25 1651 1669 1670 1652
1603 3 2 994 25 1652 1670 1671 1653
1604 3 2 994 25 1653 1671 1672 1654
1605 3 2 994 25 1654 1672 1673 1655
1606 3 2 994 25 1655 1673 1674 1656
1607 3 2 994 25 1656 1674 1675 1657
1608 3 2 994 25 1657 1675 1676 1658
1609 3 2 994 25 1658 1676 1677 1659
1610 3 2 994 25 1659 1677 1678 1660
1611 3 2 994 25 1660 1678 1679 1661
1612 3 2 994 25 1661 1679 1680 1662
1613 3 2 994 25 1662 1680 1681 1663
1614 3 2 994 25 1663 1681 1682 1664
1615 3 2 994 25 1664 1682 143 142
1616 3 2 994 25 53 54 1683 1665
1617 3 2 994 25 1665 1683 1684 1666
1618 3 2 994 25 1666 1684 1685 1667
1619 3 2 994 25 1667 1685 1686 1668
1620 3 2 994 25 1668 1686 1687 1669
1621 3 2 994 25 1669 1687 1688 1670
1622 3 2 994 25 1670 1688 1689 1671
1623 3 2 994 25 1671 1689 1690 1672
1624 3 2 994 25 1672 1690 1691 1673
1625 3 2 994 25 1673 1691 1692 1674
1626 3 2 994 25 1674 1692 1693 1675
1627 3 2 994 25 1675 1693 1694 1676
1628 3 2 994 25 1676 1694 1695 1677
1629 3 2 994 25 1677 1695 1696 1678
1630 3 2 994 25 1678 1696 1697 1679
1631 3 2 994 25 1679 1697 1698 1680
1632 3 2 994 25 1680 1698 1699 1681
1633 3 2 994 25 1681 1699 1700 1682
1634 3 2 994 25 1682 1700 144 143
1635 3 2 994 25 54 55 1701 1683
1636 3 2 994 25 1683 1701 1702 1684
1637 3 2 994 25 1684 1702 1703 1685
1638 3 2 994 25 1685 1703 1704 1686
1639 3 2 994 25 1686 1704 1705 1687
1640 3 2 994 25 1687 1705 1706 1688
1641 3 2 994 25 1688 1706 1707 1689
1642 3 2 994 25 1689 1707 1708 1690
1643 3 2 994 25 1690 1708 1709 1691
1644 3 2 994 25 1691 1709 1710 1692
1645 3 2 994 25 1692 1710 1711 1693
1646 3 2 994 25 1693 1711 1712 1694
1647 3 2 994 25 1694 1712 1713 1695
1648 3 2 994 25 1695 1713 1714 1696
1649 3 2 994 25 1696 1714 1715 1697
1650 3 2 994 25 1697 1715 1716 1698
1651 3 2 994 25 1698 1716 1717 1699
1652 3 2 994 25 1699 1717 1718 1700
1653 3 2 994 25 1700 1718 145 144
1654 3 2 994 25 55 56 1719 1701
1655 3 2 994 25 1701 1719 1720 1702
1656 3 2 994 25 1702 1720 1721 1703
1657 3 2 994 25 1703 1721 1722 1704
1658 3 2 994 25 1704 1722 1723 1705
1659 3 2 994 25 1705 1723 1724 1706
1660 3 2 994 25 1706 1724 1725 1707
1661 3 2 994 25 1707 1725 1726 1708
1662 3 2 994 25 1708 1726 1727 1709
1663 3 2 994 25 1709 1727 1728 1710
1664 3 2 994 25 1710 1728 1729 1711
1665 3 2 994 25 1711 1729 1730 1712
1666 3 2 994 25 1712 1730 1731 1713
1667 3 2 994 25 1713 1731 1732 1714
1668 3 2 994 25 1714 1732 1733 1715
1669 3 2 994 25 1715 1733 1734 1716
1670 3 2 994 25 1716 1734 1735 1717
1671 3 2 994 25 1717 1735 1736 1718
1672 3 2 994 25 1718 1736 146 145
1673 3 2 994 25 56 57 1737 1719
1674 3 2 994 25 1719 1737 1738 1720
1675 3 2 994 25 1720 1738 1739 1721
1676 3 2 994 25 1721 1739 1740 1722
1677 3 2 994 25 1722 1740 1741 1723
1678 3 2 994 25 1723 1741 1742 1724
1679 3 2 994 25 1724 1742 1743 1725
1680 3 2 994 25 1725 1743 1744 1726
1681 3 2 994 25 1726 1744 1745 1727
1682 3 2 994 25 1727 1745 1746 1728
1683 3 2 994 25 1728 1746 1747 1729
1684 3 2 994 25 1729 1747 1748 1730
1685 3 2 994 25 1730 1748 1749 1731
1686 3 2 994 25 1731 1749 1750 1732
1687 3 2 994 25 1732 1750 1751 1733
1688 3 2 994 25 1733 1751 1752 1734
1689 3 2 994 25 1734 1752 1753 1735
1690 3 2 994 25 1735 1753 1754 1736
1691 3 2 994 25 1736 1754 147 146
1692 3 2 994 25 57 58 1755 1737
1693 3 2 994 25 1737 1755 1756 1738
1694 3 2 994 25 1738 1756 1757 1739
1695 3 2 994 25 1739 1757 1758 1740
1696 3 2 994 25 1740 1758 1759 1741
1697 3 2 994 25 1741 1759 1760 1742
1698 3 2 994 25 1742 1760 1761 1743
1699 3 2 994 25 1743 1761 1762 1744
1700 3 2 994 25 1744 1762 1763 1745
1701 3 2 994 25 1745 1763 1764 1746
1702 3 2 994 25 1746 1764 1765 1747
1703 3 2 994 25 1747 1765 1766 1748
1704 3 2 994 25 1748 1766 1767 1749
1705 3 2 994 25 1749 1767 1768 1750
1706 3 2 994 25 1750 1768 1769 1751
1707 3 2 994 25 1751 1769 1770 1752
1708 3 2 994 25 1752 1770 1771 1753
1709 3 2 994 25 1753 1771 1772 1754
1710 3 2 994 25 1754 1772 148 147
1711 3 2 994 25 58 59 1773 1755
1712 3 2 994 25 1755 1773 1774 1756
1713 3 2 994 25 1756 1774 1775 1757
1714 3 2 994 25 1757 1775 1776 1758
1715 3 2 994 25 1758 1776 1777 1759
1716 3 2 994 25 1759 1777 1778 1760
1717 3 2 994 25 1760 1778 1779 1761
1718 3 2 994 25 1761 1779 1780 1762
1719 3 2 994 25 1762 1780 1781 1763
1720 3 2 994 25 1763 1781 1782 1764
1721 3 2 994 25 1764 1782 1783 1765
1722 3 2 994 25 1765 1783 1784 1766
1723 3 2 994 25 1766 1784 1785 1767
1724 3 2 994 25 1767 1785 1786 1768
1725 3 2 994 25 1768 1786 1787 1769
1726 3 2 994 25 1769 1787 1788 1770
1727 3 2 994 25 1770 1788 1789 1771
1728 3 2 994 25 1771 1789 1790 1772
1729 3 2 994 25 1772 1790 149 148
1730 3 2 994 25 59 60 1791 1773
1731 3 2 994 25 1773 1791 1792 1774
1732 3 2 994 25 1774 1792 1793 1775
1733 3 2 994 25 1775 1793 1794 1776
1734 3 2 994 25 1776 1794 1795 1777
1735 3 2 994 25 1777 1795 1796 1778
1736 3 2 994 25 1778 1796 1797 1779
1737 3 2 994 25 1779 1797 1798 1780
1738 3 2 994 25 1780 1798 1799 1781
1739 3 2 994 25 1781 1799 1800 1782
1740 3 2 994 25 1782 1800 1801 1783
1741 3 2 994 25 1783 1801 1802 1784
1742 3 2 994 25 1784 1802 1803 1785
1743 3 2 994 25 1785 1803 1804 1786
1744 3 2 994 25 1786 1804 1805 1787
1745 3 2 994 25 1787 1805 1806 1788
1746 3 2 994 25 1788 1806 1807 1789
1747 3 2 994 25 1789 1807 1808 1790
1748 3 2 994 25 1790 1808 150 149
1749 3 2 994 25 60 61 1809 1791
1750 3 2 994 25 1791 1809 1810 1792
1751 3 2 994 25 1792 1810 1811 1793
1752 3 2 994 25 1793 1811 1812 1794
1753 3 2 994 25 1794 1812 1813 1795
1754 3 2 994 25 1795 1813 1814 1796
1755 3 2 994 25 1796 1814 1815 1797
1756 3 2 994 25 1797 1815 1816 1798
1757 3 2 994 25 1798 1816 1817 1799
1758 3 2 994 25 1799 1817 1818 1800
1759 3 2 994 25 1800 1818 1819 1801
1760 3 2 994 25 1801 1819 1820 1802
1761 3 2 994 25 1802 1820 1821 1803
1762 3 2 994 25 1803 1821 1822 1804
1763 3 2 994 25 1804 1822 1823 1805
1764 3 2 994 25 1805 1823 1824 1806
1765 3 2 994 25 1806 1824 1825 1807
1766 3 2 994 25 1807 1825 1826 1808
1767 3 2 994 25 1808 1826 151 150
1768 3 2 994 25 61 62 1827 1809
1769 3 2 994 25 1809 1827 1828 1810
1770 3 2 994 25 1810 1828 1829 1811
1771 3 2 994 25 1811 1829 1830 1812
1772 3 2 994 25 1812 1830 1831 1813
1773 3 2 994 25 1813 1831 1832 1814
1774 3 2 994 25 1814 1832 1833 1815
1775 3 2 994 25 1815 1833 1834 1816
1776 3 2 994 25 1816 1834 1835 1817
1777 3 2 994 25 1817 1835 1836 1818
1778 3 2 994 25 1818 1836 1837 1819
1779 3 2 994 25 1819 1837 1838 1820
1780 3 2 994 25 1820 1838 1839 1821
1781 3 2 994 25 1821 1839 1840 1822
1782 3 2 994 25 1822 1840 1841 1823
1783 3 2 994 25 1823 1841 1842 1824
1784 3 2 994 25 1824 1842 1843 1825
1785 3 2 994 25 1825 1843 1844 1826
1786 3 2 994 25 1826 1844 152 151
1787 3 2 994 25 62 4 153 1827
1788 3 2 994 25 1827 153 154 1828
1789 3 2 994 25 1828 154 155 1829
1790 3 2 994 25 1829 155 156 1830
1791 3 2 994 25 1830 156 157 1831
1792 3 2 994 25 1831 157 158 1832
1793 3 2 994 25 1832 158 159 1833
1794 3 2 994 25 1833 159 160 1834
1795 3 2 994 25 1834 160 161 1835
1796 3 2 994 25 1835 161 162 1836
1797 3 2 994 25 1836 162 163 1837
1798 3 2 994 25 1837 163 164 1838
1799 3 2 994 25 1838 164 165 1839
1800 3 2 994 25 1839 165 166 1840
1801 3 2 994 25 1840 166 167 1841
1802 3 2 994 25 1841 167 168 1842
1803 3 2 994 25 1842 168 169 1843
1804 3 2 994 25 1843 169 170 1844
1805 3 2 994 25 1844 170 5 152
1806 3 2 996 26 6 99 1845 98
1807 3 2 996 26 98 1845 1846 97
1808 3 2 996 26 97 1846 1847 96
1809 3 2 996 26 96 1847 1848 95
1810 3 2 996 26 95 1848 1849 94
1811 3 2 996 26 94 1849 1850 93
1812 3 2 996 26 93 1850 1851 92
1813 3 2 996 26 92 1851 1852 91
1814 3 2 996 26 91 1852 1853 90
1815 3 2 996 26 90 1853 1854 89
1816 3 2 996 26 89 1854 1855 88
1817 3 2 996 26 88 1855 1856 87
1818 3 2 996 26 87 1856 1857 86
1819 3 2 996 26 86 1857 1858 85
1820 3 2 996 26 85 1858 1859 84
1821 3 2 996 26 84 1859 1860 83
1822 3 2 996 26 83 1860 1861 82
1823 3 2 996 26 82 1861 1862 81
1824 3 2 996 26 81 1862 152 5
1825 3 2 996 26 99 100 1863 1845
1826 3 2 996 26 1845 1863 1864 1846
1827 3 2 996 26 1846 1864 1865 1847
1828 3 2 996 26 1847 1865 1866 1848
1829 3 2 996 26 1848 1866 1867 1849
1830 3 2 996 26 1849 1867 1868 1850
1831 3 2 996 26 1850 1868 1869 1851
1832 3 2 996 26 1851 1869 1870 1852
1833 3 2 996 26 1852 1870 1871 1853
1834 3 2 996 26 1853 1871 1872 1854
1835 3 2 996 26 1854 1872 1873 1855
1836 3 2 996 26 1855 1873 1874 1856
1837 3 2 996 26 1856 1874 1875 1857
1838 3 2 996 26 1857 1875 1876 1858
1839 3 2 996 26 1858 1876 1877 1859
1840 3 2 996 26 1859 1877 1878 1860
1841 3 2 996 26 1860 1878 1879 1861
1842 3 2 996 26 1861 1879 1880 1862
1843 3 2 996 26 1862 1880 151 152
1844 3 2 996 26 100 101 1881 1863
1845 3 2 996 26 1863 1881 1882 1864
1846 3 2 996 26 1864 1882 1883 1865
1847 3 2 996 26 1865 1883 1884 1866
1848 3 2 996 26 1866 1884 1885 1867
1849 3 2 996 26 1867 1885 1886 1868
1850 3 2 996 26 1868 1886 1887 1869
1851 3 2 996 26 1869 1887 1888 1870
1852 3 2 996 26 1870 1888 1889 1871
1853 3 2 996 26 1871 1889 1890 1872
1854 3 2 996 26 1872 1890 1891 1873
1855 3 2 996 26 1873 1891 1892 1874
1856 3 2 996 26 1874 1892 1893 1875
1857 3 2 996 26 1875 1893 1894 1876
1858 3 2 996 26 1876 1894 1895 1877
1859 3 2 996 26 1877 1895 1896 1878
1860 3 2 996 26 1878 1896 1897 1879
1861 3 2 996 26 1879 1897 1898 1880
1862 3 2 996 26 1880 1898 150 151
1863 3 2 996 26 101 102 1899 1881
1864 3 2 996 26 1881 1899 1900 1882
1865 3 2 996 26 1882 1900 1901 1883
1866 3 2 996 26 1883 1901 1902 1884
1867 3 2 996 26 1884 1902 1903 1885
1868 3 2 996 26 1885 1903 1904 1886
1869 3 2 996 26 1886 1904 1905 1887
1870 3 2 996 26 1887 1905 1906 1888
1871 3 2 996 26 1888 1906 1907 1889
1872 3 2 996 26 1889 1907 1908 1890
1873 3 2 996 26 1890 1908 1909 1891
1874 3 2 996 26 1891 1909 1910 1892
1875 3 2 996 26 1892 1910 1911 1893
1876 3 2 996 26 1893 1911 1912 1894
1877 3 2 996 26 1894 1912 1913 1895
1878 3 2 996 26 1895 1913 1914 1896
1879 3 2 996 26 1896 1914 1915 1897
1880 3 2 996 26 1897 1915 1916 1898
1881 3 2 996 26 1898 1916 149 150
1882 3 2 996 26 102 103 1917 1899
1883 3 2 996 26 1899 1917 1918 1900
1884 3 2 996 26 1900 1918 1919 1901
1885 3 2 996 26 1901 1919 1920 1902
1886 3 2 996 26 1902 1920 1921 1903
1887 3 2 996 26 1903 1921 1922 1904
1888 3 2 996 26 1904 1922 1923 1905
1889 3 2 996 26 1905 1923 1924 1906
1890 3 2 996 26 1906 1924 1925 1907
1891 3 2 996 26 1907 1925 1926 1908
1892 3 2 996 26 1908 1926 1927 1909
1893 3 2 996 26 1909 1927 1928 1910
1894 3 2 996 26 1910 1928 1929 1911
1895 3 2 996 26 1911 1929 1930 1912
1896 3 2 996 26 1912 1930 1931 1913
1897 3 2 996 26 1913 1931 1932 1914
1898 3 2 996 26 1914 1932 1933 1915
1899 3 2 996 26 1915 1933 1934 1916
1900 3 2 996 26 1916 1934 148 149
1901 3 2 996 26 103 104 1935 1917
1902 3 2 996 26 1917 1935 1936 1918
1903 3 2 996 26 1918 1936 1937 1919
1904 3 2 996 26 1919 1937 1938 1920
1905 3 2 996 26 1920 1938 1939 1921
1906 3 2 996 26 1921 1939 1940 1922
1907 3 2 996 26 1922 1940 1941 1923
1908 3 2 996 26 1923 1941 1942 1924
1909 3 2 996 26 1924 1942 1943 1925
1910 3 2 996 26 1925 1943 1944 1926
1911 3 2 996 26 1926 1944 1945 1927
1912 3 2 996 26 1927 1945 1946 1928
1913 3 2 996 26 1928 1946 1947 1929
1914 3 2 996 26 1929 1947 1948 1930
1915 3 2 996 26 1930 1948 1949 1931
1916 3 2 996 26 1931 1949 1950 1932
1917 3 2 996 26 1932 1950 1951 1933
1918 3 2 996 26 1933 1951 1952 1934
1919 3 2 996 26 1934 1952 147 148
1920 3 2 996 26 104 105 1953 1935
1921 3 2 996 26 1935 1953 1954 1936
1922 3 2 996 26 1936 1954 1955 1937
1923 3 2 996 26 1937 1955 1956 1938
1924 3 2 996 26 1938 1956 1957 1939
1925 3 2 996 26 1939 1957 1958 1940
1926 3 2 996 26 1940 1958 1959 1941
1927 3 2 996 26 1941 1959 1960 1942
1928 3 2 996 26 1942 1960 1961 1943
1929 3 2 996 26 1943 1961 1962 1944
1930 3 2 996 26 1944 1962 1963 1945
1931 3 2 996 26 1945 1963 1964 1946
1932 3 2 996 26 1946 1964 1965 1947
1933 3 2 996 26 1947 1965 1966 1948
1934 3 2 996 26 1948 1966 1967 1949
1935 3 2 996 26 1949 1967 1968 1950
1936 3 2 996 26 1950 1968 1969 1951
1937 3 2 996 26 1951 1969 1970 1952
1938 3 2 996 26 1952 1970 146 147
1939 3 2 996 26 105 106 1971 1953
1940 3 2 996 26 1953 1971 1972 1954
1941 3 2 996 26 1954 1972 1973 1955
1942 3 2 996 26 1955 1973 1974 1956
1943 3 2 996 26 1956 1974 1975 1957
1944 3 2 996 26 1957 1975 1976 1958
1945 3 2 996 26 1958 1976 1977 1959
1946 3 2 996 26 1959 1977 1978 1960
1947 3 2 996 26 1960 1978 1979 1961
1948 3 2 996 26 1961 1979 1980 1962
1949 3 2 996 26 1962 1980 1981 1963
1950 3 2 996 26 1963 1981 1982 1964
1951 3 2 996 26 1964 1982 1983 1965
1952 3 2 996 26 1965 1983 1984 1966
1953 3 2 996 26 1966 1984 1985 1967
1954 3 2 996 26 1967 1985 1986 1968
1955 3 2 996 26 1968 1986 1987 1969
1956 3 2 996 26 1969 1987 1988 1970
1957 3 2 996 26 1970 1988 145 146
1958 3 2 996 26 106 107 1989 1971
1959 3 2 996 26 1971 1989 1990 1972
1960 3 2 996 26 1972 1990 1991 1973
1961 3 2 996 26 1973 1991 1992 1974
1962 3 2 996 26 1974 1992 1993 1975
1963 3 2 996 26 1975 1993 1994 1976
1964 3 2 996 26 1976 1994 1995 1977
1965 3 2 996 26 1977 1995 1996 1978
1966 3 2 996 26 1978 1996 1997 1979
1967 3 2 996 26 1979 1997 1998 1980
1968 3 2 996 26 1980 1998 1999 1981
1969 3 2 996 26 1981 1999 2000 1982
1970 3 2 996 26 1982 2000 2001 1983
1971 3 2 996 26 1983 2001 2002 1984
1972 3 2 996 26 1984 2002 2003 1985
1973 3 2 996 26 1985 2003 2004 1986
1974 3 2 996 26 1986 2004 2005 1987
1975 3 2 996 26 1987 2005 2006 1988
1976 3 2 996 26 1988 2006 144 145
1977 3 2 996 26 107 108 2007 1989
1978 3 2 996 26 1989 2007 2008 1990
1979 3 2 996 26 1990 2008 2009 1991
1980 3 2 996 26 1991 2009 2010 1992
1981 3 2 996 26 1992 2010 2011 1993
1982 3 2 996 26 1993 2011 2012 1994
1983 3 2 996 26 1994 2012 2013 1995
1984 3 2 996 26 1995 2013 2014 1996
1985 3 2 996 26 1996 2014 2015 1997
1986 3 2 996 26 1997 2015 2016 1998
1987 3 2 996 26 1998 2016 2017 1999
1988 3 2 996 26 1999 2017 2018 2000
1989 3 2 996 26 2000 2018 2019 2001
1990 3 2 996 26 2001 2019 2020 2002
1991 3 2 996 26 2002 2020 2021 2003
1992 3 2 996 26 2003 2021 2022 2004
1993 3 2 996 26 2004 2022 2023 2005
1994 3 2 996 26 2005 2023 2024 2006
1995 3 2 996 26 2006 2024 143 144
1996 3 2 996 26 108 109 2025 2007
1997 3 2 996 26 2007 2025 2026 2008
1998 3 2 996 26 2008 2026 2027 2009
1999 3 2 996 26 2009 2027 2028 2010
2000 3 2 996 26 2010 2028 2029 2011
2001 3 2 996 26 2011 2029 2030 2012
2002 3 2 996 26 2012 2030 2031 2013
2003 3 2 996 26 2013 2031 2032 2014
2004 3 2 996 26 2014 2032 2033 2015
2005 3 2 996 26 2015 2033 2034 2016
2006 3 2 996 26 2016 2034 2035 2017
2007 3 2 996 26 2017 2035 2036 2018
2008 3 2 996 26 2018 2036 2037 2019
2009 3 2 996 26 2019 2037 2038 2020
2010 3 2 996 26 2020 2038 2039 2021
2011 3 2 996 26 2021 2039 2040 2022
2012 3 2 996 26 2022 2040 2041 2023
2013 3 2 996 26 2023 2041 2042 2024
2014 3 2 996 26 2024 2042 142 143
2015 3 2 996 26 109 110 2043 2025
2016 3 2 996 26 2025 2043 2044 2026
2017 3 2 996 26 2026 2044 2045 2027
2018 3 2 996 26 2027 2045 2046 2028
2019 3 2 996 26 2028 2046 2047 2029
2020 3 2 996 26 2029 2047 2048 2030
2021 3 2 996 26 2030 2048 2049 2031
2022 3 2 996 26 2031 2049 2050 2032
2023 3 2 996 26 2032 2050 2051 2033
2024 3 2 996 26 2033 2051 2052 2034
2025 3 2 996 26 2034 2052 2053 2035
2026 3 2 996 26 2035 2053 2054 2036
2027 3 2 996 26 2036 2054 2055 2037
2028 3 2 996 26 2037 2055 2056 2038
2029 3 2 996 26 2038 2056 2057 2039
2030 3 2 996 26 2039 2057 2058 2040
2031 3 2 996 26 2040 2058 2059 2041
2032 3 2 996 26 2041 2059 2060 2042
2033 3 2 996 26 2042 2060 141 142
2034 3 2 996 26 110 111 2061 2043
2035 3 2 996 26 2043 2061 2062 2044
2036 3 2 996 26 2044 2062 2063 2045
2037 3 2 996 26 2045 2063 2064 2046
2038 3 2 996 26 2046 2064 2065 2047
2039 3 2 996 26 2047 2065 2066 2048
2040 3 2 996 26 2048 2066 2067 2049
2041 3 2 996 26 2049 2067 2068 2050
2042 3 2 996 26 2050 2068 2069 2051
2043 3 2 996 26 2051 2069 2070 2052
2044 3 2 996 26 2052 2070 2071 2053
2045 3 2 996 26 2053 2071 2072 2054
2046 3 2 996 26 2054 2072 2073 2055
2047 3 2 996 26 2055 2073 2074 2056
2048 3 2 996 26 2056 2074 2075 2057
2049 3 2 996 26 2057 2075 2076 2058
2050 3 2 996 26 2058 2076 2077 2059
2051 3 2 996 26 2059 2077 2078 2060
2052 3 2 996 26 2060 2078 140 141
2053 3 2 996 26 111 112 2079 2061
2054 3 2 996 26 2061 2079 2080 2062
2055 3 2 996 26 2062 2080 2081 2063
2056 3 2 996 26 2063 2081 2082 2064
2057 3 2 996 26 2064 2082 2083 2065
2058 3 2 996 26 2065 2083 2084 2066
2059 3 2 996 26 2066 2084 2085 2067
2060 3 2 996 26 2067 2085 2086 2068
2061 3 2 996 26 2068 2086 2087 2069
2062 3 2 996 26 2069 2087 2088 2070
2063 3 2 996 26 2070 2088 2089 2071
2064 3 2 996 26 2071 2089 2090 2072
2065 3 2 996 26 2072 2090 2091 2073
2066 3 2 996 26 2073 2091 2092 2074
2067 3 2 996 26 2074 2092 2093 2075
2068 3 2 996 26 2075 2093 2094 2076
2069 3 2 996 26 2076 2094 2095 2077
2070 3 2 996 26 2077 2095 2096 2078
2071 3 2 996 26 2078 2096 139 140
2072 3 2 996 26 112 113 2097 2079
2073 3 2 996 26 2079 2097 2098 2080
2074 3 2 996 26 2080 2098 2099 2081
2075 3 2 996 26 2081 2099 2100 2082
2076 3 2 996 26 2082 2100 2101 2083
2077 3 2 996 26 2083 2101 2102 2084
2078 3 2 996 26 2084 2102 2103 2085
2079 3 2 996 26 2085 2103 2104 2086
2080 3 2 996 26 2086 2104 2105 2087
2081 3 2 996 26 2087 2105 2106 2088
2082 3 2 996 26 2088 2106 2107 2089
2083 3 2 996 26 2089 2107 2108 2090
2084 3 2 996 26 2090 2108 2109 2091
2085 3 2 996 26 2091 2109 2110 2092
2086 3 2 996 26 2092 2110 2111 2093
2087 3 2 996 26 2093 2111 2112 2094
2088 3 2 996 26 2094 2112 2113 2095
2089 3 2 996 26 2095 2113 2114 2096
2090 3 2 996 26 2096 2114 138 139
2091 3 2 996 26 113 114 2115 2097
2092 3 2 996 26 2097 2115 2116 2098
2093 3 2 996 26 2098 2116 2117 2099
2094 3 2 996 26 2099 2117 2118 2100
2095 3 2 996 26 2100 2118 2119 2101
2096 3 2 996 26 2101 2119 2120 2102
2097 3 2 996 26 2102 2120 2121 2103
2098 3 2 996 26 2103 2121 2122 2104
2099 3 2 996 26 2104 2122 2123 2105
2100 3 2 996 26 2105 2123 2124 2106
2101 3 2 996 26 2106 2124 2125 2107
2102 3 2 996 26 2107 2125 2126 2108
2103 3 2 996 26 2108 2126 2127 2109
2104 3 2 996 26 2109 2127 2128 2110
2105 3 2 996 26 2110 2128 2129 2111
2106 3 2 996 26 2111 2129 2130 2112
2107 3 2 996 26 2112 2130 2131 2113
2108 3 2 996 26 2113 2131 2132 2114
2109 3 2 996 26 2114 2132 137 138
2110 3 2 996 26 114 115 2133 2115
2111 3 2 996 26 2115 2133 2134 2116
2112 3 2 996 26 2116 2134 2135 2117
2113 3 2 996 26 2117 2135 2136 2118
2114 3 2 996 26 2118 2136 2137 2119
2115 3 2 996 26 2119 2137 2138 2120
2116 3 2 996 26 2120 2138 2139 2121
2117 3 2 996 26 2121 2139 2140 2122
2118 3 2 996 26 2122 2140 2141 2123
2119 3 2 996 26 2123 2141 2142 2124
2120 3 2 996 26 2124 2142 2143 2125
2121 3 2 996 26 2125 2143 2144 2126
2122 3 2 996 26 2126 2144 2145 2127
2123 3 2 996 26 2127 2145 2146 2128
2124 3 2 996 26 2128 2146 2147 2129
2125 3 2 996 26 2129 2147 2148 2130
2126 3 2 996 26 2130 2148 2149 2131
2127 3 2 996 26 2131 2149 2150 2132
2128 3 2 996 26 2132 2150 136 137
2129 3 2 996 26 115 116 2151 2133
2130 3 2 996 26 2133 2151 2152 2134
2131 3 2 996 26 2134 2152 2153 2135
2132 3 2 996 26 2135 2153 2154 2136
2133 3 2 996 26 2136 2154 2155 2137
2134 3 2 996 26 2137 2155 2156 2138
2135 3 2 996 26 2138 2156 2157 2139
2136 3 2 996 26 2139 2157 2158 2140
2137 3 2 996 26 2140 2158 2159 2141
2138 3 2 996 26 2141 2159 2160 2142
2139 3 2 996 26 2142 2160 2161 2143
2140 3 2 996 26 2143 2161 2162 2144
2141 3 2 996 26 2144 2162 2163 2145
2142 3 2 996 26 2145 2163 2164 2146
2143 3 2 996 26 2146 2164 2165 2147
2144 3 2 996 26 2147 2165 2166 2148
2145 3 2 996 26 2148 2166 2167 2149
2146 3 2 996 26 2149 2167 2168 2150
2147 3 2 996 26 2150 2168 135 136
2148 3 2 996 26 116 7 117 2151
2149 3 2 996 26 2151 117 118 2152
2150 3 2 996 26 2152 118 119 2153
2151 3 2 996 26 2153 119 120 2154
2152 3 2 996 26 2154 120 121 2155
2153 3 2 996 26 2155 121 122 2156
2154 3 2 996 26 2156 122 123 2157
2155 3 2 996 26 2157 123 124 2158
2156 3 2 996 26 2158 124 125 2159
2157 3 2 996 26 2159 125 126 2160
2158 3 2 996 26 2160 126 127 2161
2159 3 2 996 26 2161 127 128 2162
2160 3 2 996 26 2162 128 129 2163
2161 3 2 996 26 2163 129 130 2164
2162 3 2 996 26 2164 130 131 2165
2163 3 2 996 26 2165 131 132 2166
2164 3 2 996 26 2166 132 133 2167
2165 3 2 996 26 2167 133 134 2168
2166 3 2 996 26 2168 134 8 135
2167 5 2 99991 1 1 9 225 80 171 873 2169 855
2168 5 2 99991 1 171 873 2169 855 172 874 2170 856
2169 5 2 99991 1 172 874 2170 856 173 875 2171 857
2170 5 2 99991 1 173 875 2171 857 174 876 2172 858
2171 5 2 99991 1 174 876 2172 858 175 877 2173 859
2172 5 2 99991 1 175 877 2173 859 176 878 2174 860
2173 5 2 99991 1 176 878 2174 860 177 879 2175 861
2174 5 2 99991 1 177 879 2175 861 178 880 2176 862
2175 5 2 99991 1 178 880 2176 862 179 881 2177 863
2176 5 2 99991 1 179 881 2177 863 180 882 2178 864
2177 5 2 99991 1 180 882 2178 864 181 883 2179 865
2178 5 2 99991 1 181 883 2179 865 182 884 2180 866
2179 5 2 99991 1 182 884 2180 866 183 885 2181 867
2180 5 2 99991 1 183 885 2181 867 184 886 2182 868
2181 5 2 99991 1 184 886 2182 868 185 887 2183 869
2182 5 2 99991 1 185 887 2183 869 186 888 2184 870
2183 5 2 99991 1 186 888 2184 870 187 889 2185 871
2184 5 2 99991 1 187 889 2185 871 188 890 2186 872
2185 5 2 99991 1 188 890 2186 872 6 99 1845 98
2186 5 2 99991 1 80 225 226 79 855 2169 2187 837
2187 5 2 99991 1 855 2169 2187 837 856 2170 2188 838
2188 5 2 99991 1 856 2170 2188 838 857 2171 2189 839
2189 5 2 99991 1 857 2171 2189 839 858 2172 2190 840
2190 5 2 99991 1 858 2172 2190 840 859 2173 2191 841
2191 5 2 99991 1 859 2173 2191 841 860 2174 2192 842
2192 5 2 99991 1 860 2174 2192 842 861 2175 2193 843
2193 5 2 99991 1 861 2175 2193 843 862 2176 2194 844
2194 5 2 99991 1 862 2176 2194 844 863 2177 2195 845
2195 5 2 99991 1 863 2177 2195 845 864 2178 2196 846
2196 5 2 99991 1 864 2178 2196 846 865 2179 2197 847
2197 5 2 99991 1 865 2179 2197 847 866 2180 2198 848
2198 5 2 99991 1 866 2180 2198 848 867 2181 2199 849
2199 5 2 99991 1 867 2181 2199 849 868 2182 2200 850
2200 5 2 99991 1 868 2182 2200 850 869 2183 2201 851
2201 5 2 99991 1 869 2183 2201 851 870 2184 2202 852
2202 5 2 99991 1 870 2184 2202 852 871 2185 2203 853
2203 5 2 99991 1 871 2185 2203 853 872 2186 2204 854
2204 5 2 99991 1 872 2186 2204 854 98 1845 1846 97
2205 5 2 99991 1 79 226 227 78 837 2187 2205 819
2206 5 2 99991 1 837 2187 2205 819 838 2188 2206 820
2207 5 2 99991 1 838 2188 2206 820 839 2189 2207 821
2208 5 2 99991 1 839 2189 2207 821 840 2190 2208 822
2209 5 2 99991 1 840 2190 2208 822 841 2191 2209 823
2210 5 2 99991 1 841 2191 2209 823 842 2192 2210 824
2211 5 2 99991 1 842 2192 2210 824 843 2193 2211 825
2212 5 2 99991 1 843 2193 2211 825 844 2194 2212 826
2213 5 2 99991 1 844 2194 2212 826 845 2195 2213 827
2214 5 2 99991 1 845 2195 2213 827 846 2196 2214 828
2215 5 2 99991 1 846 2196 2214 828 847 2197 2215 829
2216 5 2 99991 1 847 2197 2215 829 848 2198 2216 830
2217 5 2 99991 1 848 2198 2216 830 849 2199 2217 831
2218 5 2 99991 1 849 2199 2217 831 850 2200 2218 832
2219 5 2 99991 1 850 2200 2218 832 851 2201 2219 833
2220 5 2 99991 1 851 2201 2219 833 852 2202 2220 834
2221 5 2 99991 1 852 2202 2220 834 853 2203 2221 835
2222 5 2 99991 1 853 2203 2221 835 854 2204 2222 836
2223 5 2 99991 1 854 2204 2222 836 97 1846 1847 96
2224 5 2 99991 1 78 227 228 77 819 2205 2223 801
2225 5 2 99991 1 819 2205 2223 801 820 2206 2224 802
2226 5 2 99991 1 820 2206 2224 802 821 2207 2225 803
2227 5 2 99991 1 821 2207 2225 803 822 2208 2226 804
2228 5 2 99991 1 822 2208 2226 804 823 2209 2227 805
2229 5 2 99991 1 823 2209 2227 805 824 2210 2228 806
2230 5 2 99991 1 824 2210 2228 806 825 2211 2229 807
2231 5 2 99991 1 825 2211 2229 807 826 2212 2230 808
2232 5 2 99991 1 826 2212 2230 808 827 2213 2231 809
2233 5 2 99991 1 827 2213 2231 809 828 2214 2232 810
2234 5 2 99991 1 828 2214 2232 810 829 2215 2233 811
2235 5 2 99991 1 829 2215 2233 811 830 2216 2234 812
2236 5 2 99991 1 830 2216 2234 812 831 2217 2235 813
2237 5 2 99991 1 831 2217 2235 813 832 2218 2236 814
2238 5 2 99991 1 832 2218 2236 814 833 2219 2237 815
2239 5 2 99991 1 833 2219 2237 815 834 2220 2238 816
2240 5 2 99991 1 834 2220 2238 816 835 2221 2239 817
2241 5 2 99991 1 835 2221 2239 817 836 2222 2240 818
2242 5 2 99991 1 836 2222 2240 818 96 1847 1848 95
2243 5 2 99991 1 77 228 229 76 801 2223 2241 783
2244 5 2 99991 1 801 2223 2241 783 802 2224 2242 784
2245 5 2 99991 1 802 2224 2242 784 803 2225 2243 785
2246 5 2 99991 1 803 2225 2243 785 804 2226 2244 786
2247 5 2 99991 1 804 2226 2244 786 805 2227 2245 787
2248 5 2 99991 1 805 2227 2245 787 806 2228 2246 788
2249 5 2 99991 1 806 2228 2246 788 807 2229 2247 789
2250 5 2 99991 1 807 2229 2247 789 808 2230 2248 790
2251 5 2 99991 1 808 2230 2248 790 809 2231 2249 791
2252 5 2 99991 1 809 2231 2249 791 810 2232 2250 792
2253 5 2 99991 1 810 2232 2250 792 811 2233 2251 793
2254 5 2 99991 1 811 2233 2251 793 812 2234 2252 794
2255 5 2 99991 1 812 2234 2252 794 813 2235 2253 795
2256 5 2 99991 1 813 2235 2253 795 814 2236 2254 796
2257 5 2 99991 1 814 2236 2254 796 815 2237 2255 797
2258 5 2 99991 1 815 2237 2255 797 816 2238 2256 798
2259 5 2 99991 1 816 2238 2256 798 817 2239 2257 799
2260 5 2 99991 1 817 2239 2257 799 818 2240 2258 800
2261 5 2 99991 1 818 2240 2258 800 95 1848 1849 94
2262 5 2 99991 1 76 229 230 75 783 2241 2259 765
2263 5 2 99991 1 783 2241 2259 765 784 2242 2260 766
2264 5 2 99991 1 784 2242 2260 766 785 2243 2261 767
2265 5 2 99991 1 785 2243 2261 767 786 2244 2262 768
2266 5 2 99991 1 786 2244 2262 768 787 2245 2263 769
2267 5 2 99991 1 787 2245 2263 769 788 2246 2264 770
2268 5 2 99991 1 788 2246 2264 770 789 2247 2265 771
2269 5 2 99991 1 789 2247 2265 771 790 2248 2266 772
2270 5 2 99991 1 790 2248 2266 772 791 2249 2267 773
2271 5 2 99991 1 791 2249 2267 773 792 2250 2268 774
2272 5 2 99991 1 792 2250 2268 774 793 2251 2269 775
2273 5 2 99991 1 793 2251 2269 775 794 2252 2270 776
2274 5 2 99991 1 794 2252 2270 776 795 2253 2271 777
2275 5 2 99991 1 795 2253 2271 777 796 2254 2272 778
2276 5 2 99991 1 796 2254 2272 778 797 2255 2273 779
2277 5 2 99991 1 797 2255 2273 779 798 2256 2274 780
2278 5 2 99991 1 798 2256 2274 780 799 2257 2275 781
2279 5 2 99991 1 799 2257 2275 781 800 2258 2276 782
2280 5 2 99991 1 800 2258 2276 782 94 1849 1850 93
2281 5 2 99991 1 75 230 231 74 765 2259 2277 747
2282 5 2 99991 1 765 2259 2277 747 766 2260 2278 748
2283 5 2 99991 1 766 2260 2278 748 767 2261 2279 749
2284 5 2 99991 1 767 2261 2279 749 768 2262 2280 750
2285 5 2 99991 1 768 2262 2280 750 769 2263 2281 751
2286 5 2 99991 1 769 2263 2281 751 770 2264 2282 752
2287 5 2 99991 1 770 2264 2282 752 771 2265 2283 753
2288 5 2 99991 1 771 2265 2283 753 772 2266 2284 754
2289 5 2 99991 1 772 2266 2284 754 773 2267 2285 755
2290 5 2 99991 1 773 2267 2285 755 774 2268 2286 756
2291 5 2 99991 1 774 2268 2286 756 775 2269 2287 757
2292 5 2 99991 1 775 2269 2287 757 776 2270 2288 758
2293 5 2 99991 1 776 2270 2288 758 777 2271 2289 759
2294 5 2 99991 1 777 2271 2289 759 778 2272 2290 760
2295 5 2 99991 1 778 2272 2290 760 779 2273 2291 761
2296 5 2 99991 1 779 2273 2291 761 780 2274 2292 762
2297 5 2 99991 1 780 2274 2292 762 781 2275 2293 763
2298 5 2 99991 1 781 2275 2293 763 782 2276 2294 764
2299 5 2 99991 1 782 2276 2294 764 93 1850 1851 92
2300 5 2 99991 1 74 231 232 73 747 2277 2295 729
2301 5 2 99991 1 747 2277 2295 729 748 2278 2296 730
2302 5 2 99991 1 748 2278 2296 730 749 2279 2297 731
2303 5 2 99991 1 749 2279 2297 731 750 2280 2298 732
2304 5 2 99991 1 750 2280 2298 732 751 2281 2299 733
2305 5 2 99991 1 751 2281 2299 733 752 2282 2300 734
2306 5 2 99991 1 752 2282 2300 734 753 2283 2301 735
2307 5 2 99991 1 753 2283 2301 735 754 2284 2302 736
2308 5 2 99991 1 754 2284 2302 736 755 2285 2303 737
2309 5 2 99991 1 755 2285 2303 737 756 2286 2304 738
2310 5 2 99991 1 756 2286 2304 738 757 2287 2305 739
2311 5 2 99991 1 757 2287 2305 739 758 2288 2306 740
2312 5 2 99991 1 758 2288 2306 740 759 2289 2307 741
2313 5 2 99991 1 759 2289 2307 741 760 2290 2308 742
2314 5 2 99991 1 760 2290 2308 742 761 2291 2309 743
2315 5 2 99991 1 761 2291 2309 743 762 2292 2310 744
2316 5 2 99991 1 762 2292 2310 744 763 2293 2311 745
2317 5 2 99991 1 763 2293 2311 745 764 2294 2312 746
2318 5 2 99991 1 764 2294 2312 746 92 1851 1852 91
2319 5 2 99991 1 73 232 233 72 729 2295 2313 711
2320 5 2 99991 1 729 2295 2313 711 730 2296 2314 712
2321 5 2 99991 1 730 2296 2314 712 731 2297 2315 713
2322 5 2 99991 1 731 2297 2315 713 732 2298 2316 714
2323 5 2 99991 1 732 2298 2316 714 733 2299 2317 715
2324 5 2 99991 1 733 2299 2317 715 734 2300 2318 716
2325 5 2 99991 1 734 2300 2318 716 735 2301 2319 717
2326 5 2 99991 1 735 2301 2319 717 736 2302 2320 718
2327 5 2 99991 1 736 2302 2320 718 737 2303 2321 719
2328 5 2 99991 1 737 2303 2321 719 738 2304 2322 720
2329 5 2 99991 1 738 2304 2322 720 739 2305 2323 721
2330 5 2 99991 1 739 2305 2323 721 740 2306 2324 722
2331 5 2 99991 1 740 2306 2324 722 741 2307 2325 723
2332 5 2 99991 1 741 2307 2325 723 742 2308 2326 724
2333 5 2 99991 1 742 2308 2326 724 743 2309 2327 725
2334 5 2 99991 1 743 2309 2327 725 744 2310 2328 726
2335 5 2 99991 1 744 2310 2328 726 745 2311 2329 727
2336 5 2 99991 1 745 2311 2329 727 746 2312 2330 728
2337 5 2 99991 1 746 2312 2330 728 91 1852 1853 90
2338 5 2 99991 1 72 233 234 71 711 2313 2331 693
2339 5 2 99991 1 711 2313 2331 693 712 2314 2332 694
2340 5 2 99991 1 712 2314 2332 694 713 2315 2333 695
2341 5 2 99991 1 713 2315 2333 695 714 2316 2334 696
2342 5 2 99991 1 714 2316 2334 696 715 2317 2335 697
2343 5 2 99991 1 715 2317 2335 697 716 2318 2336 698
2344 5 2 99991 1 716 2318 2336 698 717 2319 2337 699
2345 5 2 99991 1 717 2319 2337 699 718 2320 2338 700
2346 5 2 99991 1 718 2320 2338 700 719 2321 2339 701
2347 5 2 99991 1 719 2321 2339 701 720 2322 2340 702
2348 5 2 99991 1 720 2322 2340 702 721 2323 2341 703
2349 5 2 99991 1 721 2323 2341 703 722 2324 2342 704
2350 5 2 99991 1 722 2324 2342 704 723 2325 2343 705
2351 5 2 99991 1 723 2325 2343 705 724 2326 2344 706
2352 5 2 99991 1 724 2326 2344 706 725 2327 2345 707
2353 5 2 99991 1 725 2327 2345 707 726 2328 2346 708
2354 5 2 99991 1 726 2328 2346 708 727 2329 2347 709
2355 5 2 99991 1 727 2329 2347 709 728 2330 2348 710
2356 5 2 99991 1 728 2330 2348 710 90 1853 1854 89
2357 5 2 99991 1 71 234 235 70 693 2331 2349 675
2358 5 2 99991 1 693 2331 2349 675 694 2332 2350 676
2359 5 2 99991 1 694 2332 2350 676 695 2333 2351 677
2360 5 2 99991 1 695 2333 2351 677 696 2334 2352 678
2361 5 2 99991 1 696 2334 2352 678 697 2335 2353 679
2362 5 2 99991 1 697 2335 2353 679 698 2336 2354 680
2363 5 2 99991 1 698 2336 2354 680 699 2337 2355 681
2364 5 2 99991 1 699 2337 2355 681 700 2338 2356 682
2365 5 2 99991 1 700 2338 2356 682 701 2339 2357 683
2366 5 2 99991 1 701 2339 2357 683 702 2340 2358 684
2367 5 2 99991 1 702 2340 2358 684 703 2341 2359 685
2368 5 2 99991 1 703 2341 2359 685 704 2342 2360 686
2369 5 2 99991 1 704 2342 2360 686 705 2343 2361 687
2370 5 2 99991 1 705 2343 2361 687 706 2344 2362 688
2371 5 2 99991 1 706 2344 2362 688 707 2345 2363 689
2372 5 2 99991 1 707 2345 2363 689 708 2346 2364 690
2373 5 2 99991 1 708 2346 2364 690 709 2347 2365 691
2374 5 2 99991 1 709 2347 2365 691 710 2348 2366 692
2375 5 2 99991 1 710 2348 2366 692 89 1854 1855 88
2376 5 2 99991 1 70 235 236 69 675 2349 2367 657
2377 5 2 99991 1 675 2349 2367 657 676 2350 2368 658
2378 5 2 99991 1 676 2350 2368 658 677 2351 2369 659
2379 5 2 99991 1 677 2351 2369 659 678 2352 2370 660
2380 5 2 99991 1 678 2352 2370 660 679 2353 2371 661
2381 5 2 99991 1 679 2353 2371 661 680 2354 2372 662
2382 5 2 99991 1 680 2354 2372 662 681 2355 2373 663
2383 5 2 99991 1 681 2355 2373 663 682 2356 2374 664
2384 5 2 99991 1 682 2356 2374 664 683 2357 2375 665
2385 5 2 99991 1 683 2357 2375 665 684 2358 2376 666
2386 5 2 99991 1 684 2358 2376 666 685 2359 2377 667
2387 5 2 99991 1 685 2359 2377 667 686 2360 2378 668
2388 5 2 99991 1 686 2360 2378 668 687 2361 2379 669
2389 5 2 99991 1 687 2361 2379 669 688 2362 2380 670
2390 5 2 99991 1 688 2362 2380 670 689 2363 2381 671
2391 5 2 99991 1 689 2363 2381 671 690 2364 2382 672
2392 5 2 99991 1 690 2364 2382 672 691 2365 2383 673
2393 5 2 99991 1 691 2365 2383 673 692 2366 2384 674
2394 5 2 99991 1 692 2366 2384 674 88 1855 1856 87
2395 5 2 99991 1 69 236 237 68 657 2367 2385 639
2396 5 2 99991 1 657 2367 2385 639 658 2368 2386 640
2397 5 2 99991 1 658 2368 2386 640 659 2369 2387 641
2398 5 2 99991 1 659 2369 2387 641 660 2370 2388 642
2399 5 2 99991 1 660 2370 2388 642 661 2371 2389 643
2400 5 2 99991 1 661 2371 2389 643 662 2372 2390 644
2401 5 2 99991 1 662 2372 2390 644 663 2373 2391 645
2402 5 2 99991 1 663 2373 2391 645 664 2374 2392 646
2403 5 2 99991 1 664 2374 2392 646 665 2375 2393 647
2404 5 2 99991 1 665 2375 2393 647 666 2376 2394 648
2405 5 2 99991 1 666 2376 2394 648 667 2377 2395 649
2406 5 2 99991 1 667 2377 2395 649 668 2378 2396 650
2407 5 2 99991 1 668 2378 2396 650 669 2379 2397 651
2408 5 2 99991 1 669 2379 2397 651 670 2380 2398 652
2409 5 2 99991 1 670 2380 2398 652 671 2381 2399 653
2410 5 2 99991 1 671 2381 2399 653 672 2382 2400 654
2411 5 2 99991 1 672 2382 2400 654 673 2383 2401 655
2412 5 2 99991 1 673 2383 2401 655 674 2384 2402 656
2413 5 2 99991 1 674 2384 2402 656 87 1856 1857 86
2414 5 2 99991 1 68 237 238 67 639 2385 2403 621
2415 5 2 99991 1 639 2385 2403 621 640 2386 2404 622
2416 5 2 99991 1 640 2386 2404 622 641 2387 2405 623
2417 5 2 99991 1 641 2387 2405 623 642 2388 2406 624
2418 5 2 99991 1 642 2388 2406 624 643 2389 2407 625
2419 5 2 99991 1 643 2389 2407 625 644 2390 2408 626
2420 5 2 99991 1 644 2390 2408 626 645 2391 2409 627
2421 5 2 99991 1 645 2391 2409 627 646 2392 2410 628
2422 5 2 99991 1 646 2392 2410 628 647 2393 2411 629
2423 5 2 99991 1 647 2393 2411 629 648 2394 2412 630
2424 5 2 99991 1 648 2394 2412 630 649 2395 2413 631
2425 5 2 99991 1 649 2395 2413 631 650 2396 2414 632
2426 5 2 99991 1 650 2396 2414 632 651 2397 2415 633
2427 5 2 99991 1 651 2397 2415 633 652 2398 2416 634
2428 5 2 99991 1 652 2398 2416 634 653 2399 2417 635
2429 5 2 99991 1 653 2399 2417 635 654 2400 2418 636
2430 5 2 99991 1 654 2400 2418 636 655 2401 2419 637
2431 5 2 99991 1 655 2401 2419 637 656 2402 2420 638
2432 5 2 99991 1 656 2402 2420 638 86 1857 1858 85
2433 5 2 99991 1 67 238 239 66 621 2403 2421 603
2434 5 2 99991 1 621 2403 2421 603 622 2404 2422 604
2435 5 2 99991 1 622 2404 2422 604 623 2405 2423 605
2436 5 2 99991 1 623 2405 2423 605 624 2406 2424 606
2437 5 2 99991 1 624 2406 2424 606 625 2407 2425 607
2438 5 2 99991 1 625 2407 2425 607 626 2408 2426 608
2439 5 2 99991 1 626 2408 2426 608 627 2409 2427 609
2440 5 2 99991 1 627 2409 2427 609 628 2410 2428 610
2441 5 2 99991 1 628 2410 2428 610 629 2411 2429 611
2442 5 2 99991 1 629 2411 2429 611 630 2412 2430 612
2443 5 2 99991 1 630 2412 2430 612 631 2413 2431 613
2444 5 2 99991 1 631 2413 2431 613 632 2414 2432 614
2445 5 2 99991 1 632 2414 2432 614 633 2415 2433 615
2446 5 2 99991 1 633 2415 2433 615 634 2416 2434 616
2447 5 2 99991 1 634 2416 2434 616 635 2417 2435 617
2448 5 2 99991 1 635 2417 2435 617 636 2418 2436 618
2449 5 2 99991 1 636 2418 2436 618 637 2419 2437 619
2450 5 2 99991 1 637 2419 2437 619 638 2420 2438 620
2451 5 2 99991 1 638 2420 2438 620 85 1858 1859 84
2452 5 2 99991 1 66 239 240 65 603 2421 2439 585
2453 5 2 99991 1 603 2421 2439 585 604 2422 2440 586
2454 5 2 99991 1 604 2422 2440 586 605 2423 2441 587
2455 5 2 99991 1 605 2423 2441 587 606 2424 2442 588
2456 5 2 99991 1 606 2424 2442 588 607 2425 2443 589
2457 5 2 99991 1 607 2425 2443 589 608 2426 2444 590
2458 5 2 99991 1 608 2426 2444 590 609 2427 2445 591
2459 5 2 99991 1 609 2427 2445 591 610 2428 2446 592
2460 5 2 99991 1 610 2428 2446 592 611 2429 2447 593
2461 5 2 99991 1 611 2429 2447 593 612 2430 2448 594
2462 5 2 99991 1 612 2430 2448 594 613 2431 2449 595
2463 5 2 99991 1 613 2431 2449 595 614 2432 2450 596
2464 5 2 99991 1 614 2432 2450 596 615 2433 2451 597
2465 5 2 99991 1 615 2433 2451 597 616 2434 2452 598
2466 5 2 99991 1 616 2434 2452 598 617 2435 2453 599
2467 5 2 99991 1 617 2435 2453 599 618 2436 2454 600
2468 5 2 99991 1 618 2436 2454 600 619 2437 2455 601
2469 5 2 99991 1 619 2437 2455 601 620 2438 2456 602
2470 5 2 99991 1 620 2438 2456 602 84 1859 1860 83
2471 5 2 99991 1 65 240 241 64 585 2439 2457 567
2472 5 2 99991 1 585 2439 2457 567 586 2440 2458 568
2473 5 2 99991 1 586 2440 2458 568 587 2441 2459 569
2474 5 2 99991 1 587 2441 2459 569 588 2442 2460 570
2475 5 2 99991 1 588 2442 2460 570 589 2443 2461 571
2476 5 2 99991 1 589 2443 2461 571 590 2444 2462 572
2477 5 2 99991 1 590 2444 2462 572 591 2445 2463 573
2478 5 2 99991 1 591 2445 2463 573 592 2446 2464 574
2479 5 2 99991 1 592 2446 2464 574 593 2447 2465 575
2480 5 2 99991 1 593 2447 2465 575 594 2448 2466 576
2481 5 2 99991 1 594 2448 2466 576 595 2449 2467 577
2482 5 2 99991 1 595 2449 2467 577 596 2450 2468 578
2483 5 2 99991 1 596 2450 2468 578 597 2451 2469 579
2484 5 2 99991 1 597 2451 2469 579 598 2452 2470 580
2485 5 2 99991 1 598 2452 2470 580 599 2453 2471 581
2486 5 2 99991 1 599 2453 2471 581 600 2454 2472 582
2487 5 2 99991 1 600 2454 2472 582 601 2455 2473 583
2488 5 2 99991 1 601 2455 2473 583 602 2456 2474 584
2489 5 2 99991 1 602 2456 2474 584 83 1860 1861 82
2490 5 2 99991 1 64 241 242 63 567 2457 2475 549
2491 5 2 99991 1 567 2457 2475 549 568 2458 2476 550
2492 5 2 99991 1 568 2458 2476 550 569 2459 2477 551
2493 5 2 99991 1 569 2459 2477 551 570 2460 2478 552
2494 5 2 99991 1 570 2460 2478 552 571 2461 2479 553
2495 5 2 99991 1 571 2461 2479 553 572 2462 2480 554
2496 5 2 99991 1 572 2462 2480 554 573 2463 2481 555
2497 5 2 99991 1 573 2463 2481 555 574 2464 2482 556
2498 5 2 99991 1 574 2464 2482 556 575 2465 2483 557
2499 5 2 99991 1 575 2465 2483 557 576 2466 2484 558
2500 5 2 99991 1 576 2466 2484 558 577 2467 2485 559
2501 5 2 99991 1 577 2467 2485 559 578 2468 2486 560
2502 5 2 99991 1 578 2468 2486 560 579 2469 2487 561
2503 5 2 99991 1 579 2469 2487 561 580 2470 2488 562
2504 5 2 99991 1 580 2470 2488 562 581 2471 2489 563
2505 5 2 99991 1 581 2471 2489 563 582 2472 2490 564
2506 5 2 99991 1 582 2472 2490 564 583 2473 2491 565
2507 5 2 99991 1 583 2473 2491 565 584 2474 2492 566
2508 5 2 99991 1 584 2474 2492 566 82 1861 1862 81
2509 5 2 99991 1 63 242 62 4 549 2475 1827 153
2510 5 2 99991 1 549 2475 1827 153 550 2476 1828 154
2511 5 2 99991 1 550 2476 1828 154 551 2477 1829 155
2512 5 2 99991 1 551 2477 1829 155 552 2478 1830 156
2513 5 2 99991 1 552 2478 1830 156 553 2479 1831 157
2514 5 2 99991 1 553 2479 1831 157 554 2480 1832 158
2515 5 2 99991 1 554 2480 1832 158 555 2481 1833 159
2516 5 2 99991 1 555 2481 1833 159 556 2482 1834 160
2517 5 2 99991 1 556 2482 1834 160 557 2483 1835 161
2518 5 2 99991 1 557 2483 1835 161 558 2484 1836 162
2519 5 2 99991 1 558 2484 1836 162 559 2485 1837 163
2520 5 2 99991 1 559 2485 1837 163 560 2486 1838 164
2521 5 2 99991 1 560 2486 1838 164 561 2487 1839 165
2522 5 2 99991 1 561 2487 1839 165 562 2488 1840 166
2523 5 2 99991 1 562 2488 1840 166 563 2489 1841 167
2524 5 2 99991 1 563 2489 1841 167 564 2490 1842 168
2525 5 2 99991 1 564 2490 1842 168 565 2491 1843 169
2526 5 2 99991 1 565 2491 1843 169 566 2492 1844 170
2527 5 2 99991 1 566 2492 1844 170 81 1862 152 5
2528 5 2 99991 1 9 10 243 225 873 891 2493 2169
2529 5 2 99991 1 873 891 2493 2169 874 892 2494 2170
2530 5 2 99991 1 874 892 2494 2170 875 893 2495 2171
2531 5 2 99991 1 875 893 2495 2171 876 894 2496 2172
2532 5 2 99991 1 876 894 2496 2172 877 895 2497 2173
2533 5 2 99991 1 877 895 2497 2173 878 896 2498 2174
2534 5 2 99991 1 878 896 2498 2174 879 897 2499 2175
2535 5 2 99991 1 879 897 2499 2175 880 898 2500 2176
2536 5 2 99991 1 880 898 2500 2176 881 899 2501 2177
2537 5 2 99991 1 881 899 2501 2177 882 900 2502 2178
2538 5 2 99991 1 882 900 2502 2178 883 901 2503 2179
2539 5 2 99991 1 883 901 2503 2179 884 902 2504 2180
2540 5 2 99991 1 884 902 2504 2180 885 903 2505 2181
2541 5 2 99991 1 885 903 2505 2181 886 904 2506 2182
2542 5 2 99991 1 886 904 2506 2182 887 905 2507 2183
2543 5 2 99991 1 887 905 2507 2183 888 906 2508 2184
2544 5 2 99991 1 888 906 2508 2184 889 907 2509 2185
2545 5 2 99991 1 889 907 2509 2185 890 908 2510 2186
2546 5 2 99991 1 890 908 2510 2186 99 100 1863 1845
2547 5 2 99991 1 225 243 244 226 2169 2493 2511 2187
2548 5 2 99991 1 2169 2493 2511 2187 2170 2494 2512 2188
2549 5 2 99991 1 2170 2494 2512 2188 2171 2495 2513 2189
2550 5 2 99991 1 2171 2495 2513 2189 2172 2496 2514 2190
2551 5 2 99991 1 2172 2496 2514 2190 2173 2497 2515 2191
2552 5 2 99991 1 2173 2497 2515 2191 2174 2498 2516 2192
2553 5 2 99991 1 2174 2498 2516 2192 2175 2499 2517 2193
2554 5 2 99991 1 2175 2499 2517 2193 2176 2500 2518 2194
2555 5 2 99991 1 2176 2500 2518 2194 2177 2501 2519 2195
2556 5 2 99991 1 2177 2501 2519 2195 2178 2502 2520 2196
2557 5 2 99991 1 2178 2502 2520 2196 2179 2503 2521 2197
2558 5 2 99991 1 2179 2503 2521 2197 2180 2504 2522 2198
2559 5 2 99991 1 2180 2504 2522 2198 2181 2505 2523 2199
2560 5 2 99991 1 2181 2505 2523 2199 2182 2506 2524 2200
2561 5 2 99991 1 2182 2506 2524 2200 2183 2507 2525 2201
2562 5 2 99991 1 2183 2507 2525 2201 2184 2508 2526 2202
2563 5 2 99991 1 2184 2508 2526 2202 2185 2509 2527 2203
2564 5 2 99991 1 2185 2509 2527 2203 2186 2510 2528 2204
2565 5 2 99991 1 2186 2510 2528 2204 1845 1863 1864 1846
2566 5 2 99991 1 226 244 245 227 2187 2511 2529 2205
2567 5 2 99991 1 2187 2511 2529 2205 2188 2512 2530 2206
2568 5 2 99991 1 2188 2512 2530 2206 2189 2513 2531 2207
2569 5 2 99991 1 2189 2513 2531 2207 2190 2514 2532 2208
2570 5 2 99991 1 2190 2514 2532 2208 2191 2515 2533 2209
2571 5 2 99991 1 2191 2515 2533 2209 2192 2516 2534 2210
2572 5 2 99991 1 2192 2516 2534 2210 2193 2517 2535 2211
2573 5 2 99991 1 2193 2517 2535 2211 2194 2518 2536 2212
2574 5 2 99991 1 2194 2518 2536 2212 2195 2519 2537 2213
2575 5 2 99991 1 2195 2519 2537 2213 2196 2520 2538 2214
2576 5 2 99991 1 2196 2520 2538 2214 2197 2521 2539 2215
2577 5 2 99991 1 2197 2521 2539 2215 2198 2522 2540 2216
2578 5 2 99991 1 2198 2522 2540 2216 2199 2523 2541 2217
2579 5 2 99991 1 2199 2523 2541 2217 2200 2524 2542 2218
2580 5 2 99991 1 2200 2524 2542 2218 2201 2525 2543 2219
2581 5 2 99991 1 2201 2525 2543 2219 2202 2526 2544 2220
2582 5 2 99991 1 2202 2526 2544 2220 2203 2527 2545 2221
2583 5 2 99991 1 2203 2527 2545 2221 2204 2528 2546 2222
2584 5 2 99991 1 2204 2528 2546 2222 1846 1864 1865 1847
2585 5 2 99991 1 227 245 246 228 2205 2529 2547 2223
2586 5 2 99991 1 2205 2529 2547 2223 2206 2530 2548 2224
2587 5 2 99991 1 2206 2530 2548 2224 2207 2531 2549 2225
2588 5 2 99991 1 2207 2531 2549 2225 2208 2532 2550 2226
2589 5 2 99991 1 2208 2532 2550 2226 2209 2533 2551 2227
2590 5 2 99991 1 2209 2533 2551 2227 2210 2534 2552 2228
2591 5 2 99991 1 2210 2534 2552 2228 2211 2535 2553 2229
2592 5 2 99991 1 2211 2535 2553 2229 2212 2536 2554 2230
2593 5 2 99991 1 2212 2536 2554 2230 2213 2537 2555 2231
2594 5 2 99991 1 2213 2537 2555 2231 2214 2538 2556 2232
2595 5 2 99991 1 2214 2538 2556 2232 2215 2539 2557 2233
2596 5 2 99991 1 2215 2539 2557 2233 2216 2540 2558 2234
2597 5 2 99991 1 2216 2540 2558 2234 2217 2541 2559 2235
2598 5 2 99991 1 2217 2541 2559 2235 2218 2542 2560 2236
2599 5 2 99991 1 2218 2542 2560 2236 2219 2543 2561 2237
2600 5 2 99991 1 2219 2543 2561 2237 2220 2544 2562 2238
2601 5 2 99991 1 2220 2544 2562 2238 2221 2545 2563 2239
2602 5 2 99991 1 2221 2545 2563 2239 2222 2546 2564 2240
2603 5 2 99991 1 2222 2546 2564 2240 1847 1865 1866 1848
2604 5 2 99991 1 228 246 247 229 2223 2547 2565 2241
2605 5 2 99991 1 2223 2547 2565 2241 2224 2548 2566 2242
2606 5 2 99991 1 2224 2548 2566 2242 2225 2549 2567 2243
2607 5 2 99991 1 2225 2549 2567 2243 2226 2550 2568 2244
2608 5 2 99991 1 2226 2550 2568 2244 2227 2551 2569 2245
2609 5 2 99991 1 2227 2551 2569 2245 2228 2552 2570 2246
2610 5 2 99991 1 2228 2552 2570 2246 2229 2553 2571 2247
2611 5 2 99991 1 2229 2553 2571 2247 2230 2554 2572 2248
2612 5 2 99991 1 2230 2554 2572 2248 2231 2555 2573 2249
2613 5 2 99991 1 2231 2555 2573 2249 2232 2556 2574 2250
2614 5 2 99991 1 2232 2556 2574 2250 2233 2557 2575 2251
2615 5 2 99991 1 2233 2557 2575 2251 2234 2558 2576 2252
2616 5 2 99991 1 2234 2558 2576 2252 2235 2559 2577 2253
2617 5 2 99991 1 2235 2559 2577 2253 2236 2560 2578 2254
2618 5 2 99991 1 2236 2560 2578 2254 2237 2561 2579 2255
2619 5 2 99991 1 2237 2561 2579 2255 2238 2562 2580 2256
2620 5 2 99991 1 2238 2562 2580 2256 2239 2563 2581 2257
2621 5 2 99991 1 2239 2563 2581 2257 2240 2564 2582 2258
2622 5 2 99991 1 2240 2564 2582 2258 1848 1866 1867 1849
2623 5 2 99991 1 229 247 248 230 2241 2565 2583 2259
2624 5 2 99991 1 2241 2565 2583 2259 2242 2566 2584 2260
2625 5 2 99991 1 2242 2566 2584 2260 2243 2567 2585 2261
2626 5 2 99991 1 2243 2567 2585 2261 2244 2568 2586 2262
2627 5 2 99991 1 2244 2568 2586 2262 2245 2569 2587 2263
2628 5 2 99991 1 2245 2569 2587 2263 2246 2570 2588 2264
2629 5 2 99991 1 2246 2570 2588 2264 2247 2571 2589 2265
2630 5 2 99991 1 2247 2571 2589 2265 2248 2572 2590 2266
2631 5 2 99991 1 2248 2572 2590 2266 2249 2573 2591 2267
2632 5 2 99991 1 2249 2573 2591 2267 2250 2574 2592 2268
2633 5 2 99991 1 2250 2574 2592 2268 2251 2575 2593 2269
2634 5 2 99991 1 2251 2575 2593 2269 2252 2576 2594 2270
2635 5 2 99991 1 2252 2576 2594 2270 2253 2577 2595 2271
2636 5 2 99991 1 2253 2577 2595 2271 2254 2578 2596 2272
2637 5 2 99991 1 2254 2578 2596 2272 2255 2579 2597 2273
2638 5 2 99991 1 2255 2579 2597 2273 2256 2580 2598 2274
2639 5 2 99991 1 2256 2580 2598 2274 2257 2581 2599 2275
2640 5 2 99991 1 2257 2581 2599 2275 2258 2582 2600 2276
2641 5 2 99991 1 2258 2582 2600 2276 1849 1867 1868 1850
2642 5 2 99991 1 230 248 249 231 2259 2583 2601 2277
2643 5 2 99991 1 2259 2583 2601 2277 2260 2584 2602 2278
2644 5 2 99991 1 2260 2584 2602 2278 2261 2585 2603 2279
2645 5 2 99991 1 2261 2585 2603 2279 2262 2586 2604 2280
2646 5 2 99991 1 2262 2586 2604 2280 2263 2587 2605 2281
2647 5 2 99991 1 2263 2587 2605 2281 2264 2588 2606 2282
2648 5 2 99991 1 2264 2588 2606 2282 2265 2589 2607 2283
2649 5 2 99991 1 2265 2589 2607 2283 2266 2590 2608 2284
2650 5 2 99991 1 2266 2590 2608 2284 2267 2591 2609 2285
2651 5 2 99991 1 2267 2591 2609 2285 2268 2592 2610 2286
2652 5 2 99991 1 2268 2592 2610 2286 2269 2593 2611 2287
2653 5 2 99991 1 2269 2593 2611 2287 2270 2594 2612 2288
2654 5 2 99991 1 2270 2594 2612 2288 2271 2595 2613 2289
2655 5 2 99991 1 2271 2595 2613 2289 2272 2596 2614 2290
2656 5 2 99991 1 2272 2596 2614 2290 2273 2597 2615 2291
2657 5 2 99991 1 2273 2597 2615 2291 2274 2598 2616 2292
2658 5 2 99991 1 2274 2598 2616 2292 2275 2599 2617 2293
2659 5 2 99991 1 2275 2599 2617 2293 2276 2600 2618 2294
2660 5 2 99991 1 2276 2600 2618 2294 1850 1868 1869 1851
2661 5 2 99991 1 231 249 250 232 2277 2601 2619 2295
2662 5 2 99991 1 2277 2601 2619 2295 2278 2602 2620 2296
2663 5 2 99991 1 2278 2602 2620 2296 2279 2603 2621 2297
2664 5 2 99991 1 2279 2603 2621 2297 2280 2604 2622 2298
2665 5 2 99991 1 2280 2604 2622 2298 2281 2605 2623 2299
2666 5 2 99991 1 2281 2605 2623 2299 2282 2606 2624 2300
2667 5 2 99991 1 2282 2606 2624 2300 2283 2607 2625 2301
2668 5 2 99991 1 2283 2607 2625 2301 2284 2608 2626 2302
2669 5 2 99991 1 2284 2608 2626 2302 2285 2609 2627 2303
2670 5 2 99991 1 2285 2609 2627 2303 2286 2610 2628 2304
2671 5 2 99991 1 2286 2610 2628 2304 2287 2611 2629 2305
2672 5 2 99991 1 2287 2611 2629 2305 2288 2612 2630 2306
2673 5 2 99991 1 2288 2612 2630 2306 2289 2613 2631 2307
2674 5 2 99991 1 2289 2613 2631 2307 2290 2614 2632 2308
2675 5 2 99991 1 2290 2614 2632 2308 2291 2615 2633 2309
2676 5 2 99991 1 2291 2615 2633 2309 2292 2616 2634 2310
2677 5 2 99991 1 2292 2616 2634 2310 2293 2617 2635 2311
2678 5 2 99991 1 2293 2617 2635 2311 2294 2618 2636 2312
2679 5 2 99991 1 2294 2618 2636 2312 1851 1869 1870 1852
2680 5 2 99991 1 232 250 251 233 2295 2619 2637 2313
2681 5 2 99991 1 2295 2619 2637 2313 2296 2620 2638 2314
2682 5 2 99991 1 2296 2620 2638 2314 2297 2621 2639 2315
2683 5 2 99991 1 2297 2621 2639 2315 2298 2622 2640 2316
2684 5 2 99991 1 2298 2622 2640 2316 2299 2623 2641 2317
2685 5 2 99991 1 2299 2623 2641 2317 2300 2624 2642 2318
2686 5 2 99991 1 2300 2624 2642 2318 2301 2625 2643 2319
2687 5 2 99991 1 2301 2625 2643 2319 2302 2626 2644 2320
2688 5 2 99991 1 2302 2626 2644 2320 2303 2627 2645 2321
2689 5 2 99991 1 2303 2627 2645 2321 2304 2628 2646 2322
2690 5 2 99991 1 2304 2628 2646 2322 2305 2629 2647 2323
2691 5 2 99991 1 2305 2629 2647 2323 2306 2630 2648 2324
2692 5 2 99991 1 2306 2630 2648 2324 2307 2631 2649 2325
2693 5 2 99991 1 2307 2631 2649 2325 2308 2632 2650 2326
2694 5 2 99991 1 2308 2632 2650 2326 2309 2633 2651 2327
2695 5 2 99991 1 2309 2633 2651 2327 2310 2634 2652 2328
2696 5 2 99991 1 2310 2634 2652 2328 2311 2635 2653 2329
2697 5 2 99991 1 2311 2635 2653 2329 2312 2636 2654 2330
2698 5 2 99991 1 2312 2636 2654 2330 1852 1870 1871 1853
2699 5 2 99991 1 233 251 252 234 2313 2637 2655 2331
2700 5 2 99991 1 2313 2637 2655 2331 2314 2638 2656 2332
2701 5 2 99991 1 2314 2638 2656 2332 2315 2639 2657 2333
2702 5 2 99991 1 2315 2639 2657 2333 2316 2640 2658 2334
2703 5 2 99991 1 2316 2640 2658 2334 2317 2641 2659 2335
2704 5 2 99991 1 2317 2641 2659 2335 2318 2642 2660 2336
2705 5 2 99991 1 2318 2642 2660 2336 2319 2643 2661 2337
2706 5 2 99991 1 2319 2643 2661 2337 2320 2644 2662 2338
2707 5 2 99991 1 2320 2644 2662 2338 2321 2645 2663 2339
2708 5 2 99991 1 2321 2645 2663 2339 2322 2646 2664 2340
2709 5 2 99991 1 2322 2646 2664 2340 2323 2647 2665 2341
2710 5 2 99991 1 2323 2647 2665 2341 2324 2648 2666 2342
2711 5 2 99991 1 2324 2648 2666 2342 2325 2649 2667 2343
2712 5 2 99991 1 2325 2649 2667 2343 2326 2650 2668 2344
2713 5 2 99991 1 2326 2650 2668 2344 2327 2651 2669 2345
2714 5 2 99991 1 2327 2651 2669 2345 2328 2652 2670 2346
2715 5 2 99991 1 2328 2652 2670 2346 2329 2653 2671 2347
2716 5 2 99991 1 2329 2653 2671 2347 2330 2654 2672 2348
2717 5 2 99991 1 2330 2654 2672 2348 1853 1871 1872 1854
2718 5 2 99991 1 234 252 253 235 2331 2655 2673 2349
2719 5 2 99991 1 2331 2655 2673 2349 2332 2656 2674 2350
2720 5 2 99991 1 2332 2656 2674 2350 2333 2657 2675 2351
2721 5 2 99991 1 2333 2657 2675 2351 2334 2658 2676 2352
2722 5 2 99991 1 2334 2658 2676 2352 2335 2659 2677 2353
2723 5 2 99991 1 2335 2659 2677 2353 2336 2660 2678 2354
2724 5 2 99991 1 2336 2660 2678 2354 2337 2661 2679 2355
2725 5 2 99991 1 2337 2661 2679 2355 2338 2662 2680 2356
2726 5 2 99991 1 2338 2662 2680 2356 2339 2663 2681 2357
2727 5 2 99991 1 2339 2663 2681 2357 2340 2664 2682 2358
2728 5 2 99991 1 2340 2664 2682 2358 2341 2665 2683 2359
2729 5 2 99991 1 2341 2665 2683 2359 2342 2666 2684 2360
2730 5 2 99991 1 2342 2666 2684 2360 2343 2667 2685 2361
2731 5 2 99991 1 2343 2667 2685 2361 2344 2668 2686 2362
2732 5 2 99991 1 2344 2668 2686 2362 2345 2669 2687 2363
2733 5 2 99991 1 2345 2669 2687 2363 2346 2670 2688 2364
2734 5 2 99991 1 2346 2670 2688 2364 2347 2671 2689 2365
2735 5 2 99991 1 2347 2671 2689 2365 2348 2672 2690 2366
2736 5 2 99991 1 2348 2672 2690 2366 1854 1872 1873 1855
2737 5 2 99991 1 235 253 254 236 2349 2673 2691 2367
2738 5 2 99991 1 2349 2673 2691 2367 2350 2674 2692 2368
2739 5 2 99991 1 2350 2674 2692 2368 2351 2675 2693 2369
2740 5 2 99991 1 2351 2675 2693 2369 2352 2676 2694 2370
2741 5 2 99991 1 2352 2676 2694 2370 2353 2677 2695 2371
2742 5 2 99991 1 2353 2677 2695 2371 2354 2678 2696 2372
2743 5 2 99991 1 2354 2678 2696 2372 2355 2679 2697 2373
2744 5 2 99991 1 2355 2679 2697 2373 2356 2680 2698 2374
2745 5 2 99991 1 2356 2680 2698 2374 2357 2681 2699 2375
2746 5 2 99991 1 2357 2681 2699 2375 2358 2682 2700 2376
2747 5 2 99991 1 2358 2682 2700 2376 2359 2683 2701 2377
2748 5 2 99991 1 2359 2683 2701 2377 2360 2684 2702 2378
2749 5 2 99991 1 2360 2684 2702 2378 2361 2685 2703 2379
2750 5 2 99991 1 2361 2685 2703 2379 2362 2686 2704 2380
2751 5 2 99991 1 2362 2686 2704 2380 2363 2687 2705 2381
2752 5 2 99991 1 2363 2687 2705 2381 2364 2688 2706 2382
2753 5 2 99991 1 2364 2688 2706 2382 2365 2689 2707 2383
2754 5 2 99991 1 2365 2689 2707 2383 2366 2690 2708 2384
2755 5 2 99991 1 2366 2690 2708 2384 1855 1873 1874 1856
2756 5 2 99991 1 236 254 255 237 2367 2691 2709 2385
2757 5 2 99991 1 2367 2691 2709 2385 2368 2692 2710 2386
2758 5 2 99991 1 2368 2692 2710 2386 2369 2693 2711 2387
2759 5 2 99991 1 2369 2693 2711 2387 2370 2694 2712 2388
2760 5 2 99991 1 2370 2694 2712 2388 2371 2695 2713 2389
2761 5 2 99991 1 2371 2695 2713 2389 2372 2696 2714 2390
2762 5 2 99991 1 2372 2696 2714 2390 2373 2697 2715 2391
2763 5 2 99991 1 2373 2697 2715 2391 2374 2698 2716 2392
2764 5 2 99991 1 2374 2698 2716 2392 2375 2699 2717 2393
2765 5 2 99991 1 2375 2699 2717 2393 2376 2700 2718 2394
2766 5 2 99991 1 2376 2700 2718 2394 2377 2701 2719 2395
2767 5 2 99991 1 2377 2701 2719 2395 2378 2702 2720 2396
2768 5 2 99991 1 2378 2702 2720 2396 2379 2703 2721 2397
2769 5 2 99991 1 2379 2703 2721 2397 2380 2704 2722 2398
2770 5 2 99991 1 2380 2704 2722 2398 2381 2705 2723 2399
2771 5 2 99991 1 2381 2705 2723 2399 2382 2706 2724 2400
2772 5 2 99991 1 2382 2706 2724 2400 2383 2707 2725 2401
2773 5 2 99991 1 2383 2707 2725 2401 2384 2708 2726 2402
2774 5 2 99991 1 2384 2708 2726 2402 1856 1874 1875 1857
2775 5 2 99991 1 237 255 256 238 2385 2709 2727 2403
2776 5 2 99991 1 2385 2709 2727 2403 2386 2710 2728 2404
2777 5 2 99991 1 2386 2710 2728 2404 2387 2711 2729 2405
2778 5 2 99991 1 2387 2711 2729 2405 2388 2712 2730 2406
2779 5 2 99991 1 2388 2712 2730 2406 2389 2713 2731 2407
2780 5 2 99991 1 2389 2713 2731 2407 2390 2714 2732 2408
2781 5 2 99991 1 2390 2714 2732 2408 2391 2715 2733 2409
2782 5 2 99991 1 2391 2715 2733 2409 2392 2716 2734 2410
2783 5 2 99991 1 2392 2716 2734 2410 2393 2717 2735 2411
2784 5 2 99991 1 2393 2717 2735 2411 2394 2718 2736 2412
2785 5 2 99991 1 2394 2718 2736 2412 2395 2719 2737 2413
2786 5 2 99991 1 2395 2719 2737 2413 2396 2720 2738 2414
2787 5 2 99991 1 2396 2720 2738 2414 2397 2721 2739 2415
2788 5 2 99991 1 2397 2721 2739 2415 2398 2722 2740 2416
2789 5 2 99991 1 2398 2722 2740 2416 2399 2723 2741 2417
2790 5 2 99991 1 2399 2723 2741 2417 2400 2724 2742 2418
2791 5 2 99991 1 2400 2724 2742 2418 2401 2725 2743 2419
2792 5 2 99991 1 2401 2725 2743 2419 2402 2726 2744 2420
2793 5 2 99991 1 2402 2726 2744 2420 1857 1875 1876 1858
2794 5 2 99991 1 238 256 257 239 2403 2727 2745 2421
2795 5 2 99991 1 2403 2727 2745 2421 2404 2728 2746 2422
2796 5 2 99991 1 2404 2728 2746 2422 2405 2729 2747 2423
2797 5 2 99991 1 2405 2729 2747 2423 2406 2730 2748 2424
2798 5 2 99991 1 2406 2730 2748 2424 2407 2731 2749 2425
2799 5 2 99991 1 2407 2731 2749 2425 2408 2732 2750 2426
2800 5 2 99991 1 2408 2732 2750 2426 2409 2733 2751 2427
2801 5 2 99991 1 2409 2733 2751 2427 2410 2734 2752 2428
2802 5 2 99991 1 2410 2734 2752 2428 2411 2735 2753 2429
2803 5 2 99991 1 2411 2735 2753 2429 2412 2736 2754 2430
2804 5 2 99991 1 2412 2736 2754 2430 2413 2737 2755 2431
2805 5 2 99991 1 2413 2737 2755 2431 2414 2738 2756 2432
2806 5 2 99991 1 2414 2738 2756 2432 2415 2739 2757 2433
2807 5 2 99991 1 2415 2739 2757 2433 2416 2740 2758 2434
2808 5 2 99991 1 2416 2740 2758 2434 2417 2741 2759 2435
2809 5 2 99991 1 2417 2741 2759 2435 2418 2742 2760 2436
2810 5 2 99991 1 2418 2742 2760 2436 2419 2743 2761 2437
2811 5 2 99991 1 2419 2743 2761 2437 2420 2744 2762 2438
2812 5 2 99991 1 2420 2744 2762 2438 1858 1876 1877 1859
2813 5 2 99991 1 239 257 258 240 2421 2745 2763 2439
2814 5 2 99991 1 2421 2745 2763 2439 2422 2746 2764 2440
2815 5 2 99991 1 2422 2746 2764 2440 2423 2747 2765 2441
2816 5 2 99991 1 2423 2747 2765 2441 2424 2748 2766 2442
2817 5 2 99991 1 2424 2748 2766 2442 2425 2749 2767 2443
2818 5 2 99991 1 2425 2749 2767 2443 2426 2750 2768 2444
2819 5 2 99991 1 2426 2750 2768 2444 2427 2751 2769 2445
2820 5 2 99991 1 2427 2751 2769 2445 2428 2752 2770 2446
2821 5 2 99991 1 2428 2752 2770 2446 2429 2753 2771 2447
2822 5 2 99991 1 2429 2753 2771 2447 2430 2754 2772 2448
2823 5 2 99991 1 2430 2754 2772 2448 2431 2755 2773 2449
2824 5 2 99991 1 2431 2755 2773 2449 2432 2756 2774 2450
2825 5 2 99991 1 2432 2756 2774 2450 2433 2757 2775 2451
2826 5 2 99991 1 2433 2757 2775 2451 2434 2758 2776 2452
2827 5 2 99991 1 2434 2758 2776 2452 2435 2759 2777 2453
2828 5 2 99991 1 2435 2759 2777 2453 2436 2760 2778 2454
2829 5 2 99991 1 2436 2760 2778 2454 2437 2761 2779 2455
2830 5 2 99991 1 2437 2761 2779 2455 2438 2762 2780 2456
2831 5 2 99991 1 2438 2762 2780 2456 1859 1877 1878 1860
2832 5 2 99991 1 240 258 259 241 2439 2763 2781 2457
2833 5 2 99991 1 2439 2763 2781 2457 2440 2764 2782 2458
2834 5 2 99991 1 2440 2764 2782 2458 2441 2765 2783 2459
2835 5 2 99991 1 2441 2765 2783 2459 2442 2766 2784 2460
2836 5 2 99991 1 2442 2766 2784 2460 2443 2767 2785 2461
2837 5 2 99991 1 2443 2767 2785 2461 2444 2768 2786 2462
2838 5 2 99991 1 2444 2768 2786 2462 2445 2769 2787 2463
2839 5 2 99991 1 2445 2769 2787 2463 2446 2770 2788 2464
2840 5 2 99991 1 2446 2770 2788 2464 2447 2771 2789 2465
2841 5 2 99991 1 2447 2771 2789 2465 2448 2772 2790 2466
2842 5 2 99991 1 2448 2772 2790 2466 2449 2773 2791 2467
2843 5 2 99991 1 2449 2773 2791 2467 2450 2774 2792 2468
2844 5 2 99991 1 2450 2774 2792 2468 2451 2775 2793 2469
2845 5 2 99991 1 2451 2775 2793 2469 2452 2776 2794 2470
2846 5 2 99991 1 2452 2776 2794 2470 2453 2777 2795 2471
2847 5 2 99991 1 2453 2777 2795 2471 2454 2778 2796 2472
2848 5 2 99991 1 2454 2778 2796 2472 2455 2779 2797 2473
2849 5 2 99991 1 2455 2779 2797 2473 2456 2780 2798 2474
2850 5 2 99991 1 2456 2780 2798 2474 1860 1878 1879 1861
2851 5 2 99991 1 241 259 260 242 2457 2781 2799 2475
2852 5 2 99991 1 2457 2781 2799 2475 2458 2782 2800 2476
2853 5 2 99991 1 2458 2782 2800 2476 2459 2783 2801 2477
2854 5 2 99991 1 2459 2783 2801 2477 2460 2784 2802 2478
2855 5 2 99991 1 2460 2784 2802 2478 2461 2785 2803 2479
2856 5 2 99991 1 2461 2785 2803 2479 2462 2786 2804 2480
2857 5 2 99991 1 2462 2786 2804 2480 2463 2787 2805 2481
2858 5 2 99991 1 2463 2787 2805 2481 2464 2788 2806 2482
2859 5 2 99991 1 2464 2788 2806 2482 2465 2789 2807 2483
2860 5 2 99991 1 2465 2789 2807 2483 2466 2790 2808 2484
2861 5 2 99991 1 2466 2790 2808 2484 2467 2791 2809 2485
2862 5 2 99991 1 2467 2791 2809 2485 2468 2792 2810 2486
2863 5 2 99991 1 2468 2792 2810 2486 2469 2793 2811 2487
2864 5 2 99991 1 2469 2793 2811 2487 2470 2794 2812 2488
2865 5 2 99991 1 2470 2794 2812 2488 2471 2795 2813 2489
2866 5 2 99991 1 2471 2795 2813 2489 2472 2796 2814 2490
2867 5 2 99991 1 2472 2796 2814 2490 2473 2797 2815 2491
2868 5 2 99991 1 2473 2797 2815 2491 2474 2798 2816 2492
2869 5 2 99991 1 2474 2798 2816 2492 1861 1879 1880 1862
2870 5 2 99991 1 242 260 61 62 2475 2799 1809 1827
2871 5 2 99991 1 2475 2799 1809 1827 2476 2800 1810 1828
2872 5 2 99991 1 2476 2800 1810 1828 2477 2801 1811 1829
2873 5 2 99991 1 2477 2801 1811 1829 2478 2802 1812 1830
2874 5 2 99991 1 2478 2802 1812 1830 2479 2803 1813 1831
2875 5 2 99991 1 2479 2803 1813 1831 2480 2804 1814 1832
2876 5 2 99991 1 2480 2804 1814 1832 2481 2805 1815 1833
2877 5 2 99991 1 2481 2805 1815 1833 2482 2806 1816 1834
2878 5 2 99991 1 2482 2806 1816 1834 2483 2807 1817 1835
2879 5 2 99991 1 2483 2807 1817 1835 2484 2808 1818 1836
2880 5 2 99991 1 2484 2808 1818 1836 2485 2809 1819 1837
2881 5 2 99991 1 2485 2809 1819 1837 2486 2810 1820 1838
2882 5 2 99991 1 2486 2810 1820 1838 2487 2811 1821 1839
2883 5 2 99991 1 2487 2811 1821 1839 2488 2812 1822 1840
2884 5 2 99991 1 2488 2812 1822 1840 2489 2813 1823 1841
2885 5 2 99991 1 2489 2813 1823 1841 2490 2814 1824 1842
2886 5 2 99991 1 2490 2814 1824 1842 2491 2815 1825 1843
2887 5 2 99991 1 2491 2815 1825 1843 2492 2816 1826 1844
2888 5 2 99991 1 2492 2816 1826 1844 1862 1880 151 152
2889 5 2 99991 1 10 11 261 243 891 909 2817 2493
2890 5 2 99991 1 891 909 2817 2493 892 910 2818 2494
2891 5 2 99991 1 892 910 2818 2494 893 911 2819 2495
2892 5 2 99991 1 893 911 2819 2495 894 912 2820 2496
2893 5 2 99991 1 894 912 2820 2496 895 913 2821 2497
2894 5 2 99991 1 895 913 2821 2497 896 914 2822 2498
2895 5 2 99991 1 896 914 2822 2498 897 915 2823 2499
2896 5 2 99991 1 897 915 2823 2499 898 916 2824 2500
2897 5 2 99991 1 898 916 2824 2500 899 917 2825 2501
2898 5 2 99991 1 899 917 2825 2501 900 918 2826 2502
2899 5 2 99991 1 900 918 2826 2502 901 919 2827 2503
2900 5 2 99991 1 901 919 2827 2503 902 920 2828 2504
2901 5 2 99991 1 902 920 2828 2504 903 921 2829 2505
2902 5 2 99991 1 903 921 2829 2505 904 922 2830 2506
2903 5 2 99991 1 904 922 2830 2506 905 923 2831 2507
2904 5 2 99991 1 905 923 2831 2507 906 924 2832 2508
2905 5 2 99991 1 906 924 2832 2508 907 925 2833 2509
2906 5 2 99991 1 907 925 2833 2509 908 926 2834 2510
2907 5 2 99991 1 908 926 2834 2510 100 101 1881 1863
2908 5 2 99991 1 243 261 262 244 2493 2817 2835 2511
2909 5 2 99991 1 2493 2817 2835 2511 2494 2818 2836 2512
2910 5 2 99991 1 2494 2818 2836 2512 2495 2819 2837 2513
2911 5 2 99991 1 2495 2819 2837 2513 2496 2820 2838 2514
2912 5 2 99991 1 2496 2820 2838 2514 2497 2821 2839 2515
2913 5 2 99991 1 2497 2821 2839 2515 2498 2822 2840 2516
2914 5 2 99991 1 2498 2822 2840 2516 2499 2823 2841 2517
2915 5 2 99991 1 2499 2823 2841 2517 2500 2824 2842 2518
2916 5 2 99991 1 2500 2824 2842 2518 2501 2825 2843 2519
2917 5 2 99991 1 2501 2825 2843 2519 2502 2826 2844 2520
2918 5 2 99991 1 2502 2826 2844 2520 2503 2827 2845 2521
2919 5 2 99991 1 2503 2827 2845 2521 2504 2828 2846 2522
2920 5 2 99991 1 2504 2828 2846 2522 2505 2829 2847 2523
2921 5 2 99991 1 2505 2829 2847 2523 2506 2830 2848 2524
2922 5 2 99991 1 2506 2830 2848 2524 2507 2831 2849 2525
2923 5 2 99991 1 2507 2831 2849 2525 2508 2832 2850 2526
2924 5 2 99991 1 2508 2832 2850 2526 2509 2833 2851 2527
2925 5 2 99991 1 2509 2833 2851 2527 2510 2834 2852 2528
2926 5 2 99991 1 2510 2834 2852 2528 1863 1881 1882 1864
2927 5 2 99991 1 244 262 263 245 2511 2835 2853 2529
2928 5 2 99991 1 2511 2835 2853 2529 2512 2836 2854 2530
2929 5 2 99991 1 2512 2836 2854 2530 2513 2837 2855 2531
2930 5 2 99991 1 2513 2837 2855 2531 2514 2838 2856 2532
2931 5 2 99991 1 2514 2838 2856 2532 2515 2839 2857 2533
2932 5 2 99991 1 2515 2839 2857 2533 2516 2840 2858 2534
2933 5 2 99991 1 2516 2840 2858 2534 2517 2841 2859 2535
2934 5 2 99991 1 2517 2841 2859 2535 2518 2842 2860 2536
2935 5 2 99991 1 2518 2842 2860 2536 2519 2843 2861 2537
2936 5 2 99991 1 2519 2843 2861 2537 2520 2844 2862 2538
2937 5 2 99991 1 2520 2844 2862 2538 2521 2845 2863 2539
2938 5 2 99991 1 2521 2845 2863 2539 2522 2846 2864 2540
2939 5 2 99991 1 2522 2846 2864 2540 2523 2847 2865 2541
2940 5 2 99991 1 2523 2847 2865 2541 2524 2848 2866 2542
2941 5 2 99991 1 2524 2848 2866 2542 2525 2849 2867 2543
2942 5 2 99991 1 2525 2849 2867 2543 2526 2850 2868 2544
2943 5 2 99991 1 2526 2850 2868 2544 2527 2851 2869 2545
2944 5 2 99991 1 2527 2851 2869 2545 2528 2852 2870 2546
2945 5 2 99991 1 2528 2852 2870 2546 1864 1882 1883 1865
2946 5 2 99991 1 245 263 264 246 2529 2853 2871 2547
2947 5 2 99991 1 2529 2853 2871 2547 2530 2854 2872 2548
2948 5 2 99991 1 2530 2854 2872 2548 2531 2855 2873 2549
2949 5 2 99991 1 2531 2855 2873 2549 2532 2856 2874 2550
2950 5 2 99991 1 2532 2856 2874 2550 2533 2857 2875 2551
2951 5 2 99991 1 2533 2857 2875 2551 2534 2858 2876 2552
2952 5 2 99991 1 2534 2858 2876 2552 2535 2859 2877 2553
2953 5 2 99991 1 2535 2859 2877 2553 2536 2860 2878 2554
2954 5 2 99991 1 2536 2860 2878 2554 2537 2861 2879 2555
2955 5 2 99991 1 2537 2861 2879 2555 2538 2862 2880 2556
2956 5 2 99991 1 2538 2862 2880 2556 2539 2863 2881 2557
2957 5 2 99991 1 2539 2863 2881 2557 2540 2864 2882 2558
2958 5 2 99991 1 2540 2864 2882 2558 2541 2865 2883 2559
2959 5 2 99991 1 2541 2865 2883 2559 2542 2866 2884 2560
2960 5 2 99991 1 2542 2866 2884 2560 2543 2867 2885 2561
2961 5 2 99991 1 2543 2867 2885 2561 2544 2868 2886 2562
2962 5 2 99991 1 2544 2868 2886 2562 2545 2869 2887 2563
2963 5 2 99991 1 2545 2869 2887 2563 2546 2870 2888 2564
2964 5 2 99991 1 2546 2870 2888 2564 1865 1883 1884 1866
2965 5 2 99991 1 246 264 265 247 2547 2871 2889 2565
2966 5 2 99991 1 2547 2871 2889 2565 2548 2872 2890 2566
2967 5 2 99991 1 2548 2872 2890 2566 2549 2873 2891 2567
2968 5 2 99991 1 2549 2873 2891 2567 2550 2874 2892 2568
2969 5 2 99991 1 2550 2874 2892 2568 2551 2875 2893 2569
2970 5 2 99991 1 2551 2875 2893 2569 2552 2876 2894 2570
2971 5 2 99991 1 2552 2876 2894 2570 2553 2877 2895 2571
2972 5 2 99991 1 2553 2877 2895 2571 2554 2878 2896 2572
2973 5 2 99991 1 2554 2878 2896 2572 2555 2879 2897 2573
2974 5 2 99991 1 2555 2879 2897 2573 2556 2880 2898 2574
2975 5 2 99991 1 2556 2880 2898 2574 2557 2881 2899 2575
2976 5 2 99991 1 2557 2881 2899 2575 2558 2882 2900 2576
2977 5 2 99991 1 2558 2882 2900 2576 2559 2883 2901 2577
2978 5 2 99991 1 2559 2883 2901 2577 2560 2884 2902 2578
2979 5 2 99991 1 2560 2884 2902 2578 2561 2885 2903 2579
2980 5 2 99991 1 2561 2885 2903 2579 2562 2886 2904 2580
2981 5 2 99991 1 2562 2886 2904 2580 2563 2887 2905 2581
2982 5 2 99991 1 2563 2887 2905 2581 2564 2888 2906 2582
2983 5 2 99991 1 2564 2888 2906 2582 1866 1884 1885 1867
2984 5 2 99991 1 247 265 266 248 2565 2889 2907 2583
2985 5 2 99991 1 2565 2889 2907 2583 2566 2890 2908 2584
2986 5 2 99991 1 2566 2890 2908 2584 2567 2891 2909 2585
2987 5 2 99991 1 2567 2891 2909 2585 2568 2892 2910 2586
2988 5 2 99991 1 2568 2892 2910 2586 2569 2893 2911 2587
2989 5 2 99991 1 2569 2893 2911 2587 2570 2894 2912 2588
2990 5 2 99991 1 2570 2894 2912 2588 2571 2895 2913 2589
2991 5 2 99991 1 2571 2895 2913 2589 2572 2896 2914 2590
2992 5 2 99991 1 2572 2896 2914 2590 2573 2897 2915 2591
2993 5 2 99991 1 2573 2897 2915 2591 2574 2898 2916 2592
2994 5 2 99991 1 2574 2898 2916 2592 2575 2899 2917 2593
2995 5 2 99991 1 2575 2899 2917 2593 2576 2900 2918 2594
2996 5 2 99991 1 2576 2900 2918 2594 2577 2901 2919 2595
2997 5 2 99991 1 2577 2901 2919 2595 2578 2902 2920 2596
2998 5 2 99991 1 2578 2902 2920 2596 2579 2903 2921 2597
2999 5 2 99991 1 2579 2903 2921 2597 2580 2904 2922 2598
3000 5 2 99991 1 2580 2904 2922 2598 2581 2905 2923 2599
3001 5 2 99991 1 2581 2905 2923 2599 2582 2906 2924 2600
3002 5 2 99991 1 2582 2906 2924 2600 1867 1885 1886 1868
3003 5 2 99991 1 248 266 267 249 2583 2907 2925 2601
3004 5 2 99991 1 2583 2907 2925 2601 2584 2908 2926 2602
3005 5 2 99991 1 2584 2908 2926 2602 2585 2909 2927 2603
3006 5 2 99991 1 2585 2909 2927 2603 2586 2910 2928 2604
3007 5 2 99991 1 2586 2910 2928 2604 2587 2911 2929 2605
3008 5 2 99991 1 2587 2911 2929 2605 2588 2912 2930 2606
3009 5 2 99991 1 2588 2912 2930 2606 2589 2913 2931 2607
3010 5 2 99991 1 2589 2913 2931 2607 2590 2914 2932 2608
3011 5 2 99991 1 2590 2914 2932 2608 2591 2915 2933 2609
3012 5 2 99991 1 2591 2915 2933 2609 2592 2916 2934 2610
3013 5 2 99991 1 2592 2916 2934 2610 2593 2917 2935 2611
3014 5 2 99991 1 2593 2917 2935 2611 2594 2918 2936 2612
3015 5 2 99991 1 2594 2918 2936 2612 2595 2919 2937 2613
3016 5 2 99991 1 2595 2919 2937 2613 2596 2920 2938 2614
3017 5 2 99991 1 2596 2920 2938 2614 2597 2921 2939 2615
3018 5 2 99991 1 2597 2921 2939 2615 2598 2922 2940 2616
3019 5 2 99991 1 2598 2922 2940 2616 2599 2923 2941 2617
3020 5 2 99991 1 2599 2923 2941 2617 2600 2924 2942 2618
3021 5 2 99991 1 2600 2924 2942 2618 1868 1886 1887 1869
3022 5 2 99991 1 249 267 268 250 2601 2925 2943 2619
3023 5 2 99991 1 2601 2925 2943 2619 2602 2926 2944 2620
3024 5 2 99991 1 2602 2926 2944 2620 2603 2927 2945 2621
3025 5 2 99991 1 2603 2927 2945 2621 2604 2928 2946 2622
3026 5 2 99991 1 2604 2928 2946 2622 2605 2929 2947 2623
3027 5 2 99991 1 2605 2929 2947 2623 2606 2930 2948 2624
3028 5 2 99991 1 2606 2930 2948 2624 2607 2931 2949 2625
3029 5 2 99991 1 2607 2931 2949 2625 2608 2932 2950 2626
3030 5 2 99991 1 2608 2932 2950 2626 2609 2933 2951 2627
3031 5 2 99991 1 2609 2933 2951 2627 2610 2934 2952 2628
3032 5 2 99991 1 2610 2934 2952 2628 2611 2935 2953 2629
3033 5 2 99991 1 2611 2935 2953 2629 2612 2936 2954 2630
3034 5 2 99991 1 2612 2936 2954 2630 2613 2937 2955 2631
3035 5 2 99991 1 2613 2937 2955 2631 2614 2938 2956 2632
3036 5 2 99991 1 2614 2938 2956 2632 2615 2939 2957 2633
3037 5 2 99991 1 2615 2939 2957 2633 2616 2940 2958 2634
3038 5 2 99991 1 2616 2940 2958 2634 2617 2941 2959 2635
3039 5 2 99991 1 2617 2941 2959 2635 2618 2942 2960 2636
3040 5 2 99991 1 2618 2942 2960 2636 1869 1887 1888 1870
3041 5 2 99991 1 250 268 269 251 2619 2943 2961 2637
3042 5 2 99991 1 2619 2943 2961 2637 2620 2944 2962 2638
3043 5 2 99991 1 2620 2944 2962 2638 2621 2945 2963 2639
3044 5 2 99991 1 2621 2945 2963 2639 2622 2946 2964 2640
3045 5 2 99991 1 2622 2946 2964 2640 2623 2947 2965 2641
3046 5 2 99991 1 2623 2947 2965 2641 2624 2948 2966 2642
3047 5 2 99991 1 2624 2948 2966 2642 2625 2949 2967 2643
3048 5 2 99991 1 2625 2949 2967 2643 2626 2950 2968 2644
3049 5 2 99991 1 2626 2950 2968 2644 2627 2951 2969 2645
3050 5 2 99991 1 2627 2951 2969 2645 2628 2952 2970 2646
3051 5 2 99991 1 2628 2952 2970 2646 2629 2953 2971 2647
3052 5 2 99991 1 2629 2953 2971 2647 2630 2954 2972 2648
3053 5 2 99991 1 2630 2954 2972 2648 2631 2955 2973 2649
3054 5 2 99991 1 2631 2955 2973 2649 2632 2956 2974 2650
3055 5 2 99991 1 2632 2956 2974 2650 2633 2957 2975 2651
3056 5 2 99991 1 2633 2957 2975 2651 2634 2958 2976 2652
3057 5 2 99991 1 2634 2958 2976 2652 2635 2959 2977 2653
3058 5 2 99991 1 2635 2959 2977 2653 2636 2960 2978 2654
3059 5 2 99991 1 2636 2960 2978 2654 1870 1888 1889 1871
3060 5 2 99991 1 251 269 270 252 2637 2961 2979 2655
3061 5 2 99991 1 2637 2961 2979 2655 2638 2962 2980 2656
3062 5 2 99991 1 2638 2962 2980 2656 2639 2963 2981 2657
3063 5 2 99991 1 2639 2963 2981 2657 2640 2964 2982 2658
3064 5 2 99991 1 2640 2964 2982 2658 2641 2965 2983 2659
3065 5 2 99991 1 2641 2965 2983 2659 2642 2966 2984 2660
3066 5 2 99991 1 2642 2966 2984 2660 2643 2967 2985 2661
3067 5 2 99991 1 2643 2967 2985 2661 2644 2968 2986 2662
3068 5 2 99991 1 2644 2968 2986 2662 2645 2969 2987 2663
3069 5 2 99991 1 2645 2969 2987 2663 2646 2970 2988 2664
3070 5 2 99991 1 2646 2970 2988 2664 2647 2971 2989 2665
3071 5 2 99991 1 2647 2971 2989 2665 2648 2972 2990 2666
3072 5 2 99991 1 2648 2972 2990 2666 2649 2973 2991 2667
3073 5 2 99991 1 2649 2973 2991 2667 2650 2974 2992 2668
3074 5 2 99991 1 2650 2974 2992 2668 2651 2975 2993 2669
3075 5 2 99991 1 2651 2975 2993 2669 2652 2976 2994 2670
3076 5 2 99991 1 2652 2976 2994 2670 2653 2977 2995 2671
3077 5 2 99991 1 2653 2977 2995 2671 2654 2978 2996 2672
3078 5 2 99991 1 2654 2978 2996 2672 1871 1889 1890 1872
3079 5 2 99991 1 252 270 271 253 2655 2979 2997 2673
3080 5 2 99991 1 2655 2979 2997 2673 2656 2980 2998 2674
3081 5 2 99991 1 2656 2980 2998 2674 2657 2981 2999 2675
3082 5 2 99991 1 2657 2981 2999 2675 2658 2982 3000 2676
3083 5 2 99991 1 2658 2982 3000 2676 2659 2983 3001 2677
3084 5 2 99991 1 2659 2983 3001 2677 2660 2984 3002 2678
3085 5 2 99991 1 2660 2984 3002 2678 2661 2985 3003 2679
3086 5 2 99991 1 2661 2985 3003 2679 2662 2986 3004 2680
3087 5 2 99991 1 2662 2986 3004 2680 2663 2987 3005 2681
3088 5 2 99991 1 2663 2987 3005 2681 2664 2988 3006 2682
3089 5 2 99991 1 2664 2988 3006 2682 2665 2989 3007 2683
3090 5 2 99991 1 2665 2989 3007 2683 2666 2990 3008 2684
3091 5 2 99991 1 2666 2990 3008 2684 2667 2991 3009 2685
3092 5 2 99991 1 2667 2991 3009 2685 2668 2992 3010 2686
3093 5 2 99991 1 2668 2992 3010 2686 2669 2993 3011 2687
3094 5 2 99991 1 2669 2993 3011 2687 2670 2994 3012 2688
3095 5 2 99991 1 2670 2994 3012 2688 2671 2995 3013 2689
3096 5 2 99991 1 2671 2995 3013 2689 2672 2996 3014 2690
3097 5 2 99991 1 2672 2996 3014 2690 1872 1890 1891 1873
3098 5 2 99991 1 253 271 272 254 2673 2997 3015 2691
3099 5 2 99991 1 2673 2997 3015 2691 2674 2998 3016 2692
3100 5 2 99991 1 2674 2998 3016 2692 2675 2999 3017 2693
3101 5 2 99991 1 2675 2999 3017 2693 2676 3000 3018 2694
3102 5 2 99991 1 2676 3000 3018 2694 2677 3001 3019 2695
3103 5 2 99991 1 2677 3001 3019 2695 2678 3002 3020 2696
3104 5 2 99991 1 2678 3002 3020 2696 2679 3003 3021 2697
3105 5 2 99991 1 2679 3003 3021 2697 2680 3004 3022 2698
3106 5 2 99991 1 2680 3004 3022 2698 2681 3005 3023 2699
3107 5 2 99991 1 2681 3005 3023 2699 2682 3006 3024 2700
3108 5 2 99991 1 2682 3006 3024 2700 2683 3007 3025 2701
3109 5 2 99991 1 2683 3007 3025 2701 2684 3008 3026 2702
3110 5 2 99991 1 2684 3008 3026 2702 2685 3009 3027 2703
3111 5 2 99991 1 2685 3009 3027 2703 2686 3010 3028 2704
3112 5 2 99991 1 2686 3010 3028 2704 2687 3011 3029 2705
3113 5 2 99991 1 2687 3011 3029 2705 2688 3012 3030 2706
3114 5 2 99991 1 2688 3012 3030 2706 2689 3013 3031 2707
3115 5 2 99991 1 2689 3013 3031 2707 2690 3014 3032 2708
3116 5 2 99991 1 2690 3014 3032 2708 1873 1891 1892 1874
3117 5 2 99991 1 254 272 273 255 2691 3015 3033 2709
3118 5 2 99991 1 2691 3015 3033 2709 2692 3016 3034 2710
3119 5 2 99991 1 2692 3016 3034 2710 2693 3017 3035 2711
3120 5 2 99991 1 2693 3017 3035 2711 2694 3018 3036 2712
3121 5 2 99991 1 2694 3018 3036 2712 2695 3019 3037 2713
3122 5 2 99991 1 2695 3019 3037 2713 2696 3020 3038 2714
3123 5 2 99991 1 2696 3020 3038 2714 2697 3021 3039 2715
3124 5 2 99991 1 2697 3021 3039 2715 2698 3022 3040 2716
3125 5 2 99991 1 2698 3022 3040 2716 2699 3023 3041 2717
3126 5 2 99991 1 2699 3023 3041 2717 2700 3024 3042 2718
3127 5 2 99991 1 2700 3024 3042 2718 2701 3025 3043 2719
3128 5 2 99991 1 2701 3025 3043 2719 2702 3026 3044 2720
3129 5 2 99991 1 2702 3026 3044 2720 2703 3027 3045 2721
3130 5 2 99991 1 2703 3027 3045 2721 2704 3028 3046 2722
3131 5 2 99991 1 2704 3028 3046 2722 2705 3029 3047 2723
3132 5 2 99991 1 2705 3029 3047 2723 2706 3030 3048 2724
3133 5 2 99991 1 2706 3030 3048 2724 2707 3031 3049 2725
3134 5 2 99991 1 2707 3031 3049 2725 2708 3032 3050 2726
3135 5 2 99991 1 2708 3032 3050 2726 1874 1892 1893 1875
3136 5 2 99991 1 255 273 274 256 2709 3033 3051 2727
3137 5 2 99991 1 2709 3033 3051 2727 2710 3034 3052 2728
3138 5 2 99991 1 2710 3034 3052 2728 2711 3035 3053 2729
3139 5 2 99991 1 2711 3035 3053 2729 2712 3036 3054 2730
3140 5 2 99991 1 2712 3036 3054 2730 2713 3037 3055 2731
3141 5 2 99991 1 2713 3037 3055 2731 2714 3038 3056 2732
3142 5 2 99991 1 2714 3038 3056 2732 2715 3039 3057 2733
3143 5 2 99991 1 2715 3039 3057 2733 2716 3040 3058 2734
3144 5 2 99991 1 2716 3040 3058 2734 2717 3041 3059 2735
3145 5 2 99991 1 2717 3041 3059 2735 2718 3042 3060 2736
3146 5 2 99991 1 2718 3042 3060 2736 2719 3043 3061 2737
3147 5 2 99991 1 2719 3043 3061 2737 2720 3044 3062 2738
3148 5 2 99991 1 2720 3044 3062 2738 2721 3045 3063 2739
3149 5 2 99991 1 2721 3045 3063 2739 2722 3046 3064 2740
3150 5 2 99991 1 2722 3046 3064 2740 2723 3047 3065 2741
3151 5 2 99991 1 2723 3047 3065 2741 2724 3048 3066 2742
3152 5 2 99991 1 2724 3048 3066 2742 2725 3049 3067 2743
3153 5 2 99991 1 2725 3049 3067 2743 2726 3050 3068 2744
3154 5 2 99991 1 2726 3050 3068 2744 1875 1893 1894 1876
3155 5 2 99991 1 256 274 275 257 2727 3051 3069 2745
3156 5 2 99991 1 2727 3051 3069 2745 2728 3052 3070 2746
3157 5 2 99991 1 2728 3052 3070 2746 2729 3053 3071 2747
3158 5 2 99991 1 2729 3053 3071 2747 2730 3054 3072 2748
3159 5 2 99991 1 2730 3054 3072 2748 2731 3055 3073 2749
3160 5 2 99991 1 2731 3055 3073 2749 2732 3056 3074 2750
3161 5 2 99991 1 2732 3056 3074 2750 2733 3057 3075 2751
3162 5 2 99991 1 2733 3057 3075 2751 2734 3058 3076 2752
3163 5 2 99991 1 2734 3058 3076 2752 2735 3059 3077 2753
3164 5 2 99991 1 2735 3059 3077 2753 2736 3060 3078 2754
3165 5 2 99991 1 2736 3060 3078 2754 2737 3061 3079 2755
3166 5 2 99991 1 2737 3061 3079 2755 2738 3062 3080 2756
3167 5 2 99991 1 2738 3062 3080 2756 2739 3063 3081 2757
3168 5 2 99991 1 2739 3063 3081 2757 2740 3064 3082 2758
3169 5 2 99991 1 2740 3064 3082 2758 2741 3065 3083 2759
3170 5 2 99991 1 2741 3065 3083 2759 2742 3066 3084 2760
3171 5 2 99991 1 2742 3066 3084 2760 2743 3067 3085 2761
3172 5 2 99991 1 2743 3067 3085 2761 2744 3068 3086 2762
3173 5 2 99991 1 2744 3068 3086 2762 1876 1894 1895 1877
3174 5 2 99991 1 257 275 276 258 2745 3069 3087 2763
3175 5 2 99991 1 2745 3069 3087 2763 2746 3070 3088 2764
3176 5 2 99991 1 2746 3070 3088 2764 2747 3071 3089 2765
3177 5 2 99991 1 2747 3071 3089 2765 2748 3072 3090 2766
3178 5 2 99991 1 2748 3072 3090 2766 2749 3073 3091 2767
3179 5 2 99991 1 2749 3073 3091 2767 2750 3074 3092 2768
3180 5 2 99991 1 2750 3074 3092 2768 2751 3075 3093 2769
3181 5 2 99991 1 2751 3075 3093 2769 2752 3076 3094 2770
3182 5 2 99991 1 2752 3076 3094 2770 2753 3077 3095 2771
3183 5 2 99991 1 2753 3077 3095 2771 2754 3078 3096 2772
3184 5 2 99991 1 2754 3078 3096 2772 2755 3079 3097 2773
3185 5 2 99991 1 2755 3079 3097 2773 2756 3080 3098 2774
3186 5 2 99991 1 2756 3080 3098 2774 2757 3081 3099 2775
3187 5 2 99991 1 2757 3081 3099 2775 2758 3082 3100 2776
3188 5 2 99991 1 2758 3082 3100 2776 2759 3083 3101 2777
3189 5 2 99991 1 2759 3083 3101 2777 2760 3084 3102 2778
3190 5 2 99991 1 2760 3084 3102 2778 2761 3085 3103 2779
3191 5 2 99991 1 2761 3085 3103 2779 2762 3086 3104 2780
3192 5 2 99991 1 2762 3086 3104 2780 1877 1895 1896 1878
3193 5 2 99991 1 258 276 277 259 2763 3087 3105 2781
3194 5 2 99991 1 2763 3087 3105 2781 2764 3088 3106 2782
3195 5 2 99991 1 2764 3088 3106 2782 2765 3089 3107 2783
3196 5 2 99991 1 2765 3089 3107 2783 2766 3090 3108 2784
3197 5 2 99991 1 2766 3090 3108 2784 2767 3091 3109 2785
3198 5 2 99991 1 2767 3091 3109 2785 2768 3092 3110 2786
3199 5 2 99991 1 2768 3092 3110 2786 2769 3093 3111 2787
3200 5 2 99991 1 2769 3093 3111 2787 2770 3094 3112 2788
3201 5 2 99991 1 2770 3094 3112 2788 2771 3095 3113 2789
3202 5 2 99991 1 2771 3095 3113 2789 2772 3096 3114 2790
3203 5 2 99991 1 2772 3096 3114 2790 2773 3097 3115 2791
3204 5 2 99991 1 2773 3097 3115 2791 2774 3098 3116 2792
3205 5 2 99991 1 2774 3098 3116 2792 2775 3099 3117 2793
3206 5 2 99991 1 2775 3099 3117 2793 2776 3100 3118 2794
3207 5 2 99991 1 2776 3100 3118 2794 2777 3101 3119 2795
3208 5 2 99991 1 2777 3101 3119 2795 2778 3102 3120 2796
3209 5 2 99991 1 2778 3102 3120 2796 2779 3103 3121 2797
3210 5 2 99991 1 2779 3103 3121 2797 2780 3104 3122 2798
3211 5 2 99991 1 2780 3104 3122 2798 1878 1896 1897 1879
3212 5 2 99991 1 259 277 278 260 2781 3105 3123 2799
3213 5 2 99991 1 2781 3105 3123 2799 2782 3106 3124 2800
3214 5 2 99991 1 2782 3106 3124 2800 2783 3107 3125 2801
3215 5 2 99991 1 2783 3107 3125 2801 2784 3108 3126 2802
3216 5 2 99991 1 2784 3108 3126 2802 2785 3109 3127 2803
3217 5 2 99991 1 2785 3109 3127 2803 2786 3110 3128 2804
3218 5 2 99991 1 2786 3110 3128 2804 2787 3111 3129 2805
3219 5 2 99991 1 2787 3111 3129 2805 2788 3112 3130 2806
3220 5 2 99991 1 2788 3112 3130 2806 2789 3113 3131 2807
3221 5 2 99991 1 2789 3113 3131 2807 2790 3114 3132 2808
3222 5 2 99991 1 2790 3114 3132 2808 2791 3115 3133 2809
3223 5 2 99991 1 2791 3115 3133 2809 2792 3116 3134 2810
3224 5 2 99991 1 2792 3116 3134 2810 2793 3117 3135 2811
3225 5 2 99991 1 2793 3117 3135 2811 2794 3118 3136 2812
3226 5 2 99991 1 2794 3118 3136 2812 2795 3119 3137 2813
3227 5 2 99991 1 2795 3119 3137 2813 2796 3120 3138 2814
3228 5 2 99991 1 2796 3120 3138 2814 2797 3121 3139 2815
3229 5 2 99991 1 2797 3121 3139 2815 2798 3122 3140 2816
3230 5 2 99991 1 2798 3122 3140 2816 1879 1897 1898 1880
3231 5 2 99991 1 260 278 60 61 2799 3123 1791 1809
3232 5 2 99991 1 2799 3123 1791 1809 2800 3124 1792 1810
3233 5 2 99991 1 2800 3124 1792 1810 2801 3125 1793 1811
3234 5 2 99991 1 2801 3125 1793 1811 2802 3126 1794 1812
3235 5 2 99991 1 2802 3126 1794 1812 2803 3127 1795 1813
3236 5 2 99991 1 2803 3127 1795 1813 2804 3128 1796 1814
3237 5 2 99991 1 2804 3128 1796 1814 2805 3129 1797 1815
3238 5 2 99991 1 2805 3129 1797 1815 2806 3130 1798 1816
3239 5 2 99991 1 2806 3130 1798 1816 2807 3131 1799 1817
3240 5 2 99991 1 2807 3131 1799 1817 2808 3132 1800 1818
3241 5 2 99991 1 2808 3132 1800 1818 2809 3133 1801 1819
3242 5 2 99991 1 2809 3133 1801 1819 2810 3134 1802 1820
3243 5 2 99991 1 2810 3134 1802 1820 2811 3135 1803 1821
3244 5 2 99991 1 2811 3135 1803 1821 2812 3136 1804 1822
3245 5 2 99991 1 2812 3136 1804 1822 2813 3137 1805 1823
3246 5 2 99991 1 2813 3137 1805 1823 2814 3138 1806 1824
3247 5 2 99991 1 2814 3138 1806 1824 2815 3139 1807 1825
3248 5 2 99991 1 2815 3139 1807 1825 2816 3140 1808 1826
3249 5 2 99991 1 2816 3140 1808 1826 1880 1898 150 151
3250 5 2 99991 1 11 12 279 261 909 927 3141 2817
3251 5 2 99991 1 909 927 3141 2817 910 928 3142 2818
3252 5 2 99991 1 910 928 3142 2818 911 929 3143 2819
3253 5 2 99991 1 911 929 3143 2819 912 930 3144 2820
3254 5 2 99991 1 912 930 3144 2820 913 931 3145 2821
3255 5 2 99991 1 913 931 3145 2821 914 932 3146 2822
3256 5 2 99991 1 914 932 3146 2822 915 933 3147 2823
3257 5 2 99991 1 915 933 3147 2823 916 934 3148 2824
3258 5 2 99991 1 916 934 3148 2824 917 935 3149 2825
3259 5 2 99991 1 917 935 3149 2825 918 936 3150 2826
3260 5 2 99991 1 918 936 3150 2826 919 937 3151 2827
3261 5 2 99991 1 919 937 3151 2827 920 938 3152 2828
3262 5 2 99991 1 920 938 3152 2828 921 939 3153 2829
3263 5 2 99991 1 921 939 3153 2829 922 940 3154 2830
3264 5 2 99991 1 922 940 3154 2830 923 941 3155 2831
3265 5 2 99991 1 923 941 3155 2831 924 942 3156 2832
3266 5 2 99991 1 924 942 3156 2832 925 943 3157 2833
3267 5 2 99991 1 925 943 3157 2833 926 944 3158 2834
3268 5 2 99991 1 926 944 3158 2834 101 102 1899 1881
3269 5 2 99991 1 261 279 280 262 2817 3141 3159 2835
3270 5 2 99991 1 2817 3141 3159 2835 2818 3142 3160 2836
3271 5 2 99991 1 2818 3142 3160 2836 2819 3143 3161 2837
3272 5 2 99991 1 2819 3143 3161 2837 2820 3144 3162 2838
3273 5 2 99991 1 2820 3144 3162 2838 2821 3145 3163 2839
3274 5 2 99991 1 2821 3145 3163 2839 2822 3146 3164 2840
3275 5 2 99991 1 2822 3146 3164 2840 2823 3147 3165 2841
3276 5 2 99991 1 2823 3147 3165 2841 2824 3148 3166 2842
3277 5 2 99991 1 2824 3148 3166 2842 2825 3149 3167 2843
3278 5 2 99991 1 2825 3149 3167 2843 2826 3150 3168 2844
3279 5 2 99991 1 2826 3150 3168 2844 2827 3151 3169 2845
3280 5 2 99991 1 2827 3151 3169 2845 2828 3152 3170 2846
3281 5 2 99991 1 2828 3152 3170 2846 2829 3153 3171 2847
3282 5 2 99991 1 2829 3153 3171 2847 2830 3154 3172 2848
3283 5 2 99991 1 2830 3154 3172 2848 2831 3155 3173 2849
3284 5 2 99991 1 2831 3155 3173 2849 2832 3156 3174 2850
3285 5 2 99991 1 2832 3156 3174 2850 2833 3157 3175 2851
3286 5 2 99991 1 2833 3157 3175 2851 2834 3158 3176 2852
3287 5 2 99991 1 2834 3158 3176 2852 1881 1899 1900 1882
3288 5 2 99991 1 262 280 281 263 2835 3159 3177 2853
3289 5 2 99991 1 2835 3159 3177 2853 2836 3160 3178 2854
3290 5 2 99991 1 2836 3160 3178 2854 2837 3161 3179 2855
3291 5 2 99991 1 2837 3161 3179 2855 2838 3162 3180 2856
3292 5 2 99991 1 2838 3162 3180 2856 2839 3163 3181 2857
3293 5 2 99991 1 2839 3163 3181 2857 2840 3164 3182 2858
3294 5 2 99991 1 2840 3164 3182 2858 2841 3165 3183 2859
3295 5 2 99991 1 2841 3165 3183 2859 2842 3166 3184 2860
3296 5 2 99991 1 2842 3166 3184 2860 2843 3167 3185 2861
3297 5 2 99991 1 2843 3167 3185 2861 2844 3168 3186 2862
3298 5 2 99991 1 2844 3168 3186 2862 2845 3169 3187 2863
3299 5 2 99991 1 2845 3169 3187 2863 2846 3170 3188 2864
3300 5 2 99991 1 2846 3170 3188 2864 2847 3171 3189 2865
3301 5 2 99991 1 2847 3171 3189 2865 2848 3172 3190 2866
3302 5 2 99991 1 2848 3172 3190 2866 2849 3173 3191 2867
3303 5 2 99991 1 2849 3173 3191 2867 2850 3174 3192 2868
3304 5 2 99991 1 2850 3174 3192 2868 2851 3175 3193 2869
3305 5 2 99991 1 2851 3175 3193 2869 2852 3176 3194 2870
3306 5 2 99991 1 2852 3176 3194 2870 1882 1900 1901 1883
3307 5 2 99991 1 263 281 282 264 2853 3177 3195 2871
3308 5 2 99991 1 2853 3177 3195 2871 2854 3178 3196 2872
3309 5 2 99991 1 2854 3178 3196 2872 2855 3179 3197 2873
3310 5 2 99991 1 2855 3179 3197 2873 2856 3180 3198 2874
3311 5 2 99991 1 2856 3180 3198 2874 2857 3181 3199 2875
3312 5 2 99991 1 2857 3181 3199 2875 2858 3182 3200 2876
3313 5 2 99991 1 2858 3182 3200 2876 2859 3183 3201 2877
3314 5 2 99991 1 2859 3183 3201 2877 2860 3184 3202 2878
3315 5 2 99991 1 2860 3184 3202 2878 2861 3185 3203 2879
3316 5 2 99991 1 2861 3185 3203 2879 2862 3186 3204 2880
3317 5 2 99991 1 2862 3186 3204 2880 2863 3187 3205 2881
3318 5 2 99991 1 2863 3187 3205 2881 2864 3188 3206 2882
3319 5 2 99991 1 2864 3188 3206 2882 2865 3189 3207 2883
3320 5 2 99991 1 2865 3189 3207 2883 2866 3190 3208 2884
3321 5 2 99991 1 2866 3190 3208 2884 2867 3191 3209 2885
3322 5 2 99991 1 2867 3191 3209 2885 2868 3192 3210 2886
3323 5 2 99991 1 2868 3192 3210 2886 2869 3193 3211 2887
3324 5 2 99991 1 2869 3193 3211 2887 2870 3194 3212 2888
3325 5 2 99991 1 2870 3194 3212 2888 1883 1901 1902 1884
3326 5 2 99991 1 264 282 283 265 2871 3195 3213 2889
3327 5 2 99991 1 2871 3195 3213 2889 2872 3196 3214 2890
3328 5 2 99991 1 2872 3196 3214 2890 2873 3197 3215 2891
3329 5 2 99991 1 2873 3197 3215 2891 2874 3198 3216 2892
3330 5 2 99991 1 2874 3198 3216 2892 2875 3199 3217 2893
3331 5 2 99991 1 2875 3199 3217 2893 2876 3200 3218 2894
3332 5 2 99991 1 2876 3200 3218 2894 2877 3201 3219 2895
3333 5 2 99991 1 2877 3201 3219 2895 2878 3202 3220 2896
3334 5 2 99991 1 2878 3202 3220 2896 2879 3203 3221 2897
3335 5 2 99991 1 2879 3203 3221 2897 2880 3204 3222 2898
3336 5 2 99991 1 2880 3204 3222 2898 2881 3205 3223 2899
3337 5 2 99991 1 2881 3205 3223 2899 2882 3206 3224 2900
3338 5 2 99991 1 2882 3206 3224 2900 2883 3207 3225 2901
3339 5 2 99991 1 2883 3207 3225 2901 2884 3208 3226 2902
3340 5 2 99991 1 2884 3208 3226 2902 2885 3209 3227 2903
3341 5 2 99991 1 2885 3209 3227 2903 2886 3210 3228 2904
3342 5 2 99991 1 2886 3210 3228 2904 2887 3211 3229 2905
3343 5 2 99991 1 2887 3211 3229 2905 2888 3212 3230 2906
3344 5 2 99991 1 2888 3212 3230 2906 1884 1902 1903 1885
3345 5 2 99991 1 265 283 284 266 2889 3213 3231 2907
3346 5 2 99991 1 2889 3213 3231 2907 2890 3214 3232 2908
3347 5 2 99991 1 2890 3214 3232 2908 2891 3215 3233 2909
3348 5 2 99991 1 2891 3215 3233 2909 2892 3216 3234 2910
3349 5 2 99991 1 2892 3216 3234 2910 2893 3217 3235 2911
3350 5 2 99991 1 2893 3217 3235 2911 2894 3218 3236 2912
3351 5 2 99991 1 2894 3218 3236 2912 2895 3219 3237 2913
3352 5 2 99991 1 2895 3219 3237 2913 2896 3220 3238 2914
3353 5 2 99991 1 2896 3220 3238 2914 2897 3221 3239 2915
3354 5 2 99991 1 2897 3221 3239 2915 2898 3222 3240 2916
3355 5 2 99991 1 2898 3222 3240 2916 2899 3223 3241 2917
3356 5 2 99991 1 2899 3223 3241 2917 2900 3224 3242 2918
3357 5 2 99991 1 2900 3224 3242 2918 2901 3225 3243 2919
3358 5 2 99991 1 2901 3225 3243 2919 2902 3226 3244 2920
3359 5 2 99991 1 2902 3226 3244 2920 2903 3227 3245 2921
3360 5 2 99991 1 2903 3227 3245 2921 2904 3228 3246 2922
3361 5 2 99991 1 2904 3228 3246 2922 2905 3229 3247 2923
3362 5 2 99991 1 2905 3229 3247 2923 2906 3230 3248 2924
3363 5 2 99991 1 2906 3230 3248 2924 1885 1903 1904 1886
3364 5 2 99991 1 266 284 285 267 2907 3231 3249 2925
3365 5 2 99991 1 2907 3231 3249 2925 2908 3232 3250 2926
3366 5 2 99991 1 2908 3232 3250 2926 2909 3233 3251 2927
3367 5 2 99991 1 2909 3233 3251 2927 2910 3234 3252 2928
3368 5 2 99991 1 2910 3234 3252 2928 2911 3235 3253 2929
3369 5 2 99991 1 2911 3235 3253 2929 2912 3236 3254 2930
3370 5 2 99991 1 2912 3236 3254 2930 2913 3237 3255 2931
3371 5 2 99991 1 2913 3237 3255 2931 2914 3238 3256 2932
3372 5 2 99991 1 2914 3238 3256 2932 2915 3239 3257 2933
3373 5 2 99991 1 2915 3239 3257 2933 2916 3240 3258 2934
3374 5 2 99991 1 2916 3240 3258 2934 2917 3241 3259 2935
3375 5 2 99991 1 2917 3241 3259 2935 2918 3242 3260 2936
3376 5 2 99991 1 2918 3242 3260 2936 2919 3243 3261 2937
3377 5 2 99991 1 2919 3243 3261 2937 2920 3244 3262 2938
3378 5 2 99991 1 2920 3244 3262 2938 2921 3245 3263 2939
3379 5 2 99991 1 2921 3245 3263 2939 2922 3246 3264 2940
3380 5 2 99991 1 2922 3246 3264 2940 2923 3247 3265 2941
3381 5 2 99991 1 2923 3247 3265 2941 2924 3248 3266 2942
3382 5 2 99991 1 2924 3248 3266 2942 1886 1904 1905 1887
3383 5 2 99991 1 267 285 286 268 2925 3249 3267 2943
3384 5 2 99991 1 2925 3249 3267 2943 2926 3250 3268 2944
3385 5 2 99991 1 2926 3250 3268 2944 2927 3251 3269 2945
3386 5 2 99991 1 2927 3251 3269 2945 2928 3252 3270 2946
3387 5 2 99991 1 2928 3252 3270 2946 2929 3253 3271 2947
3388 5 2 99991 1 2929 3253 3271 2947 2930 3254 3272 2948
3389 5 2 99991 1 2930 3254 3272 2948 2931 3255 3273 2949
3390 5 2 99991 1 2931 3255 3273 2949 2932 3256 3274 2950
3391 5 2 99991 1 2932 3256 3274 2950 2933 3257 3275 2951
3392 5 2 99991 1 2933 3257 3275 2951 2934 3258 3276 2952
3393 5 2 99991 1 2934 3258 3276 2952 2935 3259 3277 2953
3394 5 2 99991 1 2935 3259 3277 2953 2936 3260 3278 2954
3395 5 2 99991 1 2936 3260 3278 2954 2937 3261 3279 2955
3396 5 2 99991 1 2937 3261 3279 2955 2938 3262 3280 2956
3397 5 2 99991 1 2938 3262 3280 2956 2939 3263 3281 2957
3398 5 2 99991 1 2939 3263 3281 2957 2940 3264 3282 2958
3399 5 2 99991 1 2940 3264 3282 2958 2941 3265 3283 2959
3400 5 2 99991 1 2941 3265 3283 2959 2942 3266 3284 2960
3401 5 2 99991 1 2942 3266 3284 2960 1887 1905 1906 1888
3402 5 2 99991 1 268 286 287 269 2943 3267 3285 2961
3403 5 2 99991 1 2943 3267 3285 2961 2944 3268 3286 2962
3404 5 2 99991 1 2944 3268 3286 2962 2945 3269 3287 2963
3405 5 2 99991 1 2945 3269 3287 2963 2946 3270 3288 2964
3406 5 2 99991 1 2946 3270 3288 2964 2947 3271 3289 2965
3407 5 2 99991 1 2947 3271 3289 2965 2948 3272 3290 2966
3408 5 2 99991 1 2948 3272 3290 2966 2949 3273 3291 2967
3409 5 2 99991 1 2949 3273 3291 2967 2950 3274 3292 2968
3410 5 2 99991 1 2950 3274 3292 2968 2951 3275 3293 2969
3411 5 2 99991 1 2951 3275 3293 2969 2952 3276 3294 2970
3412 5 2 99991 1 2952 3276 3294 2970 2953 3277 3295 2971
3413 5 2 99991 1 2953 3277 3295 2971 2954 3278 3296 2972
3414 5 2 99991 1 2954 3278 3296 2972 2955 3279 3297 2973
3415 5 2 99991 1 2955 3279 3297 2973 2956 3280 3298 2974
3416 5 2 99991 1 2956 3280 3298 2974 2957 3281 3299 2975
3417 5 2 99991 1 2957 3281 3299 2975 2958 3282 3300 2976
3418 5 2 99991 1 2958 3282 3300 2976 2959 3283 3301 2977
3419 5 2 99991 1 2959 3283 3301 2977 2960 3284 3302 2978
3420 5 2 99991 1 2960 3284 3302 2978 1888 1906 1907 1889
3421 5 2 99991 1 269 287 288 270 2961 3285 3303 2979
3422 5 2 99991 1 2961 3285 3303 2979 2962 3286 3304 2980
3423 5 2 99991 1 2962 3286 3304 2980 2963 3287 3305 2981
3424 5 2 99991 1 2963 3287 3305 2981 2964 3288 3306 2982
3425 5 2 99991 1 2964 3288 3306 2982 2965 3289 3307 2983
3426 5 2 99991 1 2965 3289 3307 2983 2966 3290 3308 2984
3427 5 2 99991 1 2966 3290 3308 2984 2967 3291 3309 2985
3428 5 2 99991 1 2967 3291 3309 2985 2968 3292 3310 2986
3429 5 2 99991 1 2968 3292 3310 2986 2969 3293 3311 2987
3430 5 2 99991 1 2969 3293 3311 2987 2970 3294 3312 2988
3431 5 2 99991 1 2970 3294 3312 2988 2971 3295 3313 2989
3432 5 2 99991 1 2971 3295 3313 2989 2972 3296 3314 2990
3433 5 2 99991 1 2972 3296 3314 2990 2973 3297 3315 2991
3434 5 2 99991 1 2973 3297 3315 2991 2974 3298 3316 2992
3435 5 2 99991 1 2974 3298 3316 2992 2975 3299 3317 2993
3436 5 2 99991 1 2975 3299 3317 2993 2976 3300 3318 2994
3437 5 2 99991 1 2976 3300 3318 2994 2977 3301 3319 2995
3438 5 2 99991 1 2977 3301 3319 2995 2978 3302 3320 2996
3439 5 2 99991 1 2978 3302 3320 2996 1889 1907 1908 1890
3440 5 2 99991 1 270 288 289 271 2979 3303 3321 2997
3441 5 2 99991 1 2979 3303 3321 2997 2980 3304 3322 2998
3442 5 2 99991 1 2980 3304 3322 2998 2981 3305 3323 2999
3443 5 2 99991 1 2981 3305 3323 2999 2982 3306 3324 3000
3444 5 2 99991 1 2982 3306 3324 3000 2983 3307 3325 3001
3445 5 2 99991 1 2983 3307 3325 3001 2984 3308 3326 3002
3446 5 2 99991 1 2984 3308 3326 3002 2985 3309 3327 3003
3447 5 2 99991 1 2985 3309 3327 3003 2986 3310 3328 3004
3448 5 2 99991 1 2986 3310 3328 3004 2987 3311 3329 3005
3449 5 2 99991 1 2987 3311 3329 3005 2988 3312 3330 3006
3450 5 2 99991 1 2988 3312 3330 3006 2989 3313 3331 3007
3451 5 2 99991 1 2989 3313 3331 3007 2990 3314 3332 3008
3452 5 2 99991 1 2990 3314 3332 3008 2991 3315 3333 3009
3453 5 2 99991 1 2991 3315 3333 3009 2992 3316 3334 3010
3454 5 2 99991 1 2992 3316 3334 3010 2993 3317 3335 3011
3455 5 2 99991 1 2993 3317 3335 3011 2994 3318 3336 3012
3456 5 2 99991 1 2994 3318 3336 3012 2995 3319 3337 3013
3457 5 2 99991 1 2995 3319 3337 3013 2996 3320 3338 3014
3458 5 2 99991 1 2996 3320 3338 3014 1890 1908 1909 1891
3459 5 2 99991 1 271 289 290 272 2997 3321 3339 3015
3460 5 2 99991 1 2997 3321 3339 3015 2998 3322 3340 3016
3461 5 2 99991 1 2998 3322 3340 3016 2999 3323 3341 3017
3462 5 2 99991 1 2999 3323 3341 3017 3000 3324 3342 3018
3463 5 2 99991 1 3000 3324 3342 3018 3001 3325 3343 3019
3464 5 2 99991 1 3001 3325 3343 3019 3002 3326 3344 3020
3465 5 2 99991 1 3002 3326 3344 3020 3003 3327 3345 3021
3466 5 2 99991 1 3003 3327 3345 3021 3004 3328 3346 3022
3467 5 2 99991 1 3004 3328 3346 3022 3005 3329 3347 3023
3468 5 2 99991 1 3005 3329 3347 3023 3006 3330 3348 3024
3469 5 2 99991 1 3006 3330 3348 3024 3007 3331 3349 3025
3470 5 2 99991 1 3007 3331 3349 3025 3008 3332 3350 3026
3471 5 2 99991 1 3008 3332 3350 3026 3009 3333 3351 3027
3472 5 2 99991 1 3009 3333 3351 3027 3010 3334 3352 3028
3473 5 2 99991 1 3010 3334 3352 3028 3011 3335 3353 3029
3474 5 2 99991 1 3011 3335 3353 3029 3012 3336 3354 3030
3475 5 2 99991 1 3012 3336 3354 3030 3013 3337 3355 3031
3476 5 2 99991 1 3013 3337 3355 3031 3014 3338 3356 3032
3477 5 2 99991 1 3014 3338 3356 3032 1891 1909 1910 1892
3478 5 2 99991 1 272 290 291 273 3015 3339 3357 3033
3479 5 2 99991 1 3015 3339 3357 3033 3016 3340 3358 3034
3480 5 2 99991 1 3016 3340 3358 3034 3017 3341 3359 3035
3481 5 2 99991 1 3017 3341 3359 3035 3018 3342 3360 3036
3482 5 2 99991 1 3018 3342 3360 3036 3019 3343 3361 3037
3483 5 2 99991 1 3019 3343 3361 3037 3020 3344 3362 3038
3484 5 2 99991 1 3020 3344 3362 3038 3021 3345 3363 3039
3485 5 2 99991 1 3021 3345 3363 3039 3022 3346 3364 3040
3486 5 2 99991 1 3022 3346 3364 3040 3023 3347 3365 3041
3487 5 2 99991 1 3023 3347 3365 3041 3024 3348 3366 3042
3488 5 2 99991 1 3024 3348 3366 3042 3025 3349 3367 3043
3489 5 2 99991 1 3025 3349 3367 3043 3026 3350 3368 3044
3490 5 2 99991 1 3026 3350 3368 3044 3027 3351 3369 3045
3491 5 2 99991 1 3027 3351 3369 3045 3028 3352 3370 3046
3492 5 2 99991 1 3028 3352 3370 3046 3029 3353 3371 3047
3493 5 2 99991 1 3029 3353 3371 3047 3030 3354 3372 3048
3494 5 2 99991 1 3030 3354 3372 3048 3031 3355 3373 3049
3495 5 2 99991 1 3031 3355 3373 3049 3032 3356 3374 3050
3496 5 2 99991 1 3032 3356 3374 3050 1892 1910 1911 1893
3497 5 2 99991 1 273 291 292 274 3033 3357 3375 3051
3498 5 2 99991 1 3033 3357 3375 3051 3034 3358 3376 3052
3499 5 2 99991 1 3034 3358 3376 3052 3035 3359 3377 3053
3500 5 2 99991 1 3035 3359 3377 3053 3036 3360 3378 3054
3501 5 2 99991 1 3036 3360 3378 3054 3037 3361 3379 3055
3502 5 2 99991 1 3037 3361 3379 3055 3038 3362 3380 3056
3503 5 2 99991 1 3038 3362 3380 3056 3039 3363 3381 3057
3504 5 2 99991 1 3039 3363 3381 3057 3040 3364 3382 3058
3505 5 2 99991 1 3040 3364 3382 3058 3041 3365 3383 3059
3506 5 2 99991 1 3041 3365 3383 3059 3042 3366 3384 3060
3507 5 2 99991 1 3042 3366 3384 3060 3043 3367 3385 3061
3508 5 2 99991 1 3043 3367 3385 3061 3044 3368 3386 3062
3509 5 2 99991 1 3044 3368 3386 3062 3045 3369 3387 3063
3510 5 2 99991 1 3045 3369 3387 3063 3046 3370 3388 3064
3511 5 2 99991 1 3046 3370 3388 3064 3047 3371 3389 3065
3512 5 2 99991 1 3047 3371 3389 3065 3048 3372 3390 3066
3513 5 2 99991 1 3048 3372 3390 3066 3049 3373 3391 3067
3514 5 2 99991 1 3049 3373 3391 3067 3050 3374 3392 3068
3515 5 2 99991 1 3050 3374 3392 3068 1893 1911 1912 1894
3516 5 2 99991 1 274 292 293 275 3051 3375 3393 3069
3517 5 2 99991 1 3051 3375 3393 3069 3052 3376 3394 3070
3518 5 2 99991 1 3052 3376 3394 3070 3053 3377 3395 3071
3519 5 2 99991 1 3053 3377 3395 3071 3054 3378 3396 3072
3520 5 2 99991 1 3054 3378 3396 3072 3055 3379 3397 3073
3521 5 2 99991 1 3055 3379 3397 3073 3056 3380 3398 3074
3522 5 2 99991 1 3056 3380 3398 3074 3057 3381 3399 3075
3523 5 2 99991 1 3057 3381 3399 3075 3058 3382 3400 3076
3524 5 2 99991 1 3058 3382 3400 3076 3059 3383 3401 3077
3525 5 2 99991 1 3059 3383 3401 3077 3060 3384 3402 3078
3526 5 2 99991 1 3060 3384 3402 3078 3061 3385 3403 3079
3527 5 2 99991 1 3061 3385 3403 3079 3062 3386 3404 3080
3528 5 2 99991 1 3062 3386 3404 3080 3063 3387 3405 3081
3529 5 2 99991 1 3063 3387 3405 3081 3064 3388 3406 3082
3530 5 2 99991 1 3064 3388 3406 3082 3065 3389 3407 3083
3531 5 2 99991 1 3065 3389 3407 3083 3066 3390 3408 3084
3532 5 2 99991 1 3066 3390 3408 3084 3067 3391 3409 3085
3533 5 2 99991 1 3067 3391 3409 3085 3068 3392 3410 3086
3534 5 2 99991 1 3068 3392 3410 3086 1894 1912 1913 1895
3535 5 2 99991 1 275 293 294 276 3069 3393 3411 3087
3536 5 2 99991 1 3069 3393 3411 3087 3070 3394 3412 3088
3537 5 2 99991 1 3070 3394 3412 3088 3071 3395 3413 3089
3538 5 2 99991 1 3071 3395 3413 3089 3072 3396 3414 3090
3539 5 2 99991 1 3072 3396 3414 3090 3073 3397 3415 3091
3540 5 2 99991 1 3073 3397 3415 3091 3074 3398 3416 3092
3541 5 2 99991 1 3074 3398 3416 3092 3075 3399 3417 3093
3542 5 2 99991 1 3075 3399 3417 3093 3076 3400 3418 3094
3543 5 2 99991 1 3076 3400 3418 3094 3077 3401 3419 3095
3544 5 2 99991 1 3077 3401 3419 3095 3078 3402 3420 3096
3545 5 2 99991 1 3078 3402 3420 3096 3079 3403 3421 3097
3546 5 2 99991 1 3079 3403 3421 3097 3080 3404 3422 3098
3547 5 2 99991 1 3080 3404 3422 3098 3081 3405 3423 3099
3548 5 2 99991 1 3081 3405 3423 3099 3082 3406 3424 3100
3549 5 2 99991 1 3082 3406 3424 3100 3083 3407 3425 3101
3550 5 2 99991 1 3083 3407 3425 3101 3084 3408 3426 3102
3551 5 2 99991 1 3084 3408 3426 3102 3085 3409 3427 3103
3552 5 2 99991 1 3085 3409 3427 3103 3086 3410 3428 3104
3553 5 2 99991 1 3086 3410 3428 3104 1895 1913 1914 1896
3554 5 2 99991 1 276 294 295 277 3087 3411 3429 3105
3555 5 2 99991 1 3087 3411 3429 3105 3088 3412 3430 3106
3556 5 2 99991 1 3088 3412 3430 3106 3089 3413 3431 3107
3557 5 2 99991 1 3089 3413 3431 3107 3090 3414 3432 3108
3558 5 2 99991 1 3090 3414 3432 3108 3091 3415 3433 3109
3559 5 2 99991 1 3091 3415 3433 3109 3092 3416 3434 3110
3560 5 2 99991 1 3092 3416 3434 3110 3093 3417 3435 3111
3561 5 2 99991 1 3093 3417 3435 3111 3094 3418 3436 3112
3562 5 2 99991 1 3094 3418 3436 3112 3095 3419 3437 3113
3563 5 2 99991 1 3095 3419 3437 3113 3096 3420 3438 3114
3564 5 2 99991 1 3096 3420 3438 3114 3097 3421 3439 3115
3565 5 2 99991 1 3097 3421 3439 3115 3098 3422 3440 3116
3566 5 2 99991 1 3098 3422 3440 3116 3099 3423 3441 3117
3567 5 2 99991 1 3099 3423 3441 3117 3100 3424 3442 3118
3568 5 2 99991 1 3100 3424 3442 3118 3101 3425 3443 3119
3569 5 2 99991 1 3101 3425 3443 3119 3102 3426 3444 3120
3570 5 2 99991 1 3102 3426 3444 3120 3103 3427 3445 3121
3571 5 2 99991 1 3103 3427 3445 3121 3104 3428 3446 3122
3572 5 2 99991 1 3104 3428 3446 3122 1896 1914 1915 1897
3573 5 2 99991 1 277 295 296 278 3105 3429 3447 3123
3574 5 2 99991 1 3105 3429 3447 3123 3106 3430 3448 3124
3575 5 2 99991 1 3106 3430 3448 3124 3107 3431 3449 3125
3576 5 2 99991 1 3107 3431 3449 3125 3108 3432 3450 3126
3577 5 2 99991 1 3108 3432 3450 3126 3109 3433 3451 3127
3578 5 2 99991 1 3109 3433 3451 3127 3110 3434 3452 3128
3579 5 2 99991 1 3110 3434 3452 3128 3111 3435 3453 3129
3580 5 2 99991 1 3111 3435 3453 3129 3112 3436 3454 3130
3581 5 2 99991 1 3112 3436 3454 3130 3113 3437 3455 3131
3582 5 2 99991 1 3113 3437 3455 3131 3114 3438 3456 3132
3583 5 2 99991 1 3114 3438 3456 3132 3115 3439 3457 3133
3584 5 2 99991 1 3115 3439 3457 3133 3116 3440 3458 3134
3585 5 2 99991 1 3116 3440 3458 3134 3117 3441 3459 3135
3586 5 2 99991 1 3117 3441 3459 3135 3118 3442 3460 3136
3587 5 2 99991 1 3118 3442 3460 3136 3119 3443 3461 3137
3588 5 2 99991 1 3119 3443 3461 3137 3120 3444 3462 3138
3589 5 2 99991 1 3120 3444 3462 3138 3121 3445 3463 3139
3590 5 2 99991 1 3121 3445 3463 3139 3122 3446 3464 3140
3591 5 2 99991 1 3122 3446 3464 3140 1897 1915 1916 1898
3592 5 2 99991 1 278 296 59 60 3123 3447 1773 1791
3593 5 2 99991 1 3123 3447 1773 1791 3124 3448 1774 1792
3594 5 2 99991 1 3124 3448 1774 1792 3125 3449 1775 1793
3595 5 2 99991 1 3125 3449 1775 1793 3126 3450 1776 1794
3596 5 2 99991 1 3126 3450 1776 1794 3127 3451 1777 1795
3597 5 2 99991 1 3127 3451 1777 1795 3128 3452 1778 1796
3598 5 2 99991 1 3128 3452 1778 1796 3129 3453 1779 1797
3599 5 2 99991 1 3129 3453 1779 1797 3130 3454 1780 1798
3600 5 2 99991 1 3130 3454 1780 1798 3131 3455 1781 1799
3601 5 2 99991 1 3131 3455 1781 1799 3132 3456 1782 1800
3602 5 2 99991 1 3132 3456 1782 1800 3133 3457 1783 1801
3603 5 2 99991 1 3133 3457 1783 1801 3134 3458 1784 1802
3604 5 2 99991 1 3134 3458 1784 1802 3135 3459 1785 1803
3605 5 2 99991 1 3135 3459 1785 1803 3136 3460 1786 1804
3606 5 2 99991 1 3136 3460 1786 1804 3137 3461 1787 1805
3607 5 2 99991 1 3137 3461 1787 1805 3138 3462 1788 1806
3608 5 2 99991 1 3138 3462 1788 1806 3139 3463 1789 1807
3609 5 2 99991 1 3139 3463 1789 1807 3140 3464 1790 1808
3610 5 2 99991 1 3140 3464 1790 1808 1898 1916 149 150
3611 5 2 99991 1 12 13 297 279 927 945 3465 3141
3612 5 2 99991 1 927 945 3465 3141 928 946 3466 3142
3613 5 2 99991 1 928 946 3466 3142 929 947 3467 3143
3614 5 2 99991 1 929 947 3467 3143 930 948 3468 3144
3615 5 2 99991 1 930 948 3468 3144 931 949 3469 3145
3616 5 2 99991 1 931 949 3469 3145 932 950 3470 3146
3617 5 2 99991 1 932 950 3470 3146 933 951 3471 3147
3618 5 2 99991 1 933 951 3471 3147 934 952 3472 3148
3619 5 2 99991 1 934 952 3472 3148 935 953 3473 3149
3620 5 2 99991 1 935 953 3473 3149 936 954 3474 3150
3621 5 2 99991 1 936 954 3474 3150 937 955 3475 3151
3622 5 2 99991 1 937 955 3475 3151 938 956 3476 3152
3623 5 2 99991 1 938 956 3476 3152 939 957 3477 3153
3624 5 2 99991 1 939 957 3477 3153 940 958 3478 3154
3625 5 2 99991 1 940 958 3478 3154 941 959 3479 3155
3626 5 2 99991 1 941 959 3479 3155 942 960 3480 3156
3627 5 2 99991 1 942 960 3480 3156 943 961 3481 3157
3628 5 2 99991 1 943 961 3481 3157 944 962 3482 3158
3629 5 2 99991 1 944 962 3482 3158 102 103 1917 1899
3630 5 2 99991 1 279 297 298 280 3141 3465 3483 3159
3631 5 2 99991 1 3141 3465 3483 3159 3142 3466 3484 3160
3632 5 2 99991 1 3142 3466 3484 3160 3143 3467 3485 3161
3633 5 2 99991 1 3143 3467 3485 3161 3144 3468 3486 3162
3634 5 2 99991 1 3144 3468 3486 3162 3145 3469 3487 3163
3635 5 2 99991 1 3145 3469 3487 3163 3146 3470 3488 3164
3636 5 2 99991 1 3146 3470 3488 3164 3147 3471 3489 3165
3637 5 2 99991 1 3147 3471 3489 3165 3148 3472 3490 3166
3638 5 2 99991 1 3148 3472 3490 3166 3149 3473 3491 3167
3639 5 2 99991 1 3149 3473 3491 3167 3150 3474 3492 3168
3640 5 2 99991 1 3150 3474 3492 3168 3151 3475 3493 3169
3641 5 2 99991 1 3151 3475 3493 3169 3152 3476 3494 3170
3642 5 2 99991 1 3152 3476 3494 3170 3153 3477 3495 3171
3643 5 2 99991 1 3153 3477 3495 3171 3154 3478 3496 3172
3644 5 2 99991 1 3154 3478 3496 3172 3155 3479 3497 3173
3645 5 2 99991 1 3155 3479 3497 3173 3156 3480 3498 3174
3646 5 2 99991 1 3156 3480 3498 3174 3157 3481 3499 3175
3647 5 2 99991 1 3157 3481 3499 3175 3158 3482 3500 3176
3648 5 2 99991 1 3158 3482 3500 3176 1899 1917 1918 1900
3649 5 2 99991 1 280 298 299 281 3159 3483 3501 3177
3650 5 2 99991 1 3159 3483 3501 3177 3160 3484 3502 3178
3651 5 2 99991 1 3160 3484 3502 3178 3161 3485 3503 3179
3652 5 2 99991 1 3161 3485 3503 3179 3162 3486 3504 3180
3653 5 2 99991 1 3162 3486 3504 3180 3163 3487 3505 3181
3654 5 2 99991 1 3163 3487 3505 3181 3164 3488 3506 3182
3655 5 2 99991 1 3164 3488 3506 3182 3165 3489 3507 3183
3656 5 2 99991 1 3165 3489 3507 3183 3166 3490 3508 3184
3657 5 2 99991 1 3166 3490 3508 3184 3167 3491 3509 3185
3658 5 2 99991 1 3167 3491 3509 3185 3168 3492 3510 3186
3659 5 2 99991 1 3168 3492 3510 3186 3169 3493 3511 3187
3660 5 2 99991 1 3169 3493 3511 3187 3170 3494 3512 3188
3661 5 2 99991 1 3170 3494 3512 3188 3171 3495 3513 3189
3662 5 2 99991 1 3171 3495 3513 3189 3172 3496 3514 3190
3663 5 2 99991 1 3172 3496 3514 3190 3173 3497 3515 3191
3664 5 2 99991 1 3173 3497 3515 3191 3174 3498 3516 3192
3665 5 2 99991 1 3174 3498 3516 3192 3175 3499 3517 3193
3666 5 2 99991 1 3175 3499 3517 3193 3176 3500 3518 3194
3667 5 2 99991 1 3176 3500 3518 3194 1900 1918 1919 1901
3668 5 2 99991 1 281 299 300 282 3177 3501 3519 3195
3669 5 2 99991 1 3177 3501 3519 3195 3178 3502 3520 3196
3670 5 2 99991 1 3178 3502 3520 3196 3179 3503 3521 3197
3671 5 2 99991 1 3179 3503 3521 3197 3180 3504 3522 3198
3672 5 2 99991 1 3180 3504 3522 3198 3181 3505 3523 3199
3673 5 2 99991 1 3181 3505 3523 3199 3182 3506 3524 3200
3674 5 2 99991 1 3182 3506 3524 3200 3183 3507 3525 3201
3675 5 2 99991 1 3183 3507 3525 3201 3184 3508 3526 3202
3676 5 2 99991 1 3184 3508 3526 3202 3185 3509 3527 3203
3677 5 2 99991 1 3185 3509 3527 3203 3186 3510 3528 3204
3678 5 2 99991 1 3186 3510 3528 3204 3187 3511 3529 3205
3679 5 2 99991 1 3187 3511 3529 3205 3188 3512 3530 3206
3680 5 2 99991 1 3188 3512 3530 3206 3189 3513 3531 3207
3681 5 2 99991 1 3189 3513 3531 3207 3190 3514 3532 3208
3682 5 2 99991 1 3190 3514 3532 3208 3191 3515 3533 3209
3683 5 2 99991 1 3191 3515 3533 3209 3192 3516 3534 3210
3684 5 2 99991 1 3192 3516 3534 3210 3193 3517 3535 3211
3685 5 2 99991 1 3193 3517 3535 3211 3194 3518 3536 3212
3686 5 2 99991 1 3194 3518 3536 3212 1901 1919 1920 1902
3687 5 2 99991 1 282 300 301 283 3195 3519 3537 3213
3688 5 2 99991 1 3195 3519 3537 3213 3196 3520 3538 3214
3689 5 2 99991 1 3196 3520 3538 3214 3197 3521 3539 3215
3690 5 2 99991 1 3197 3521 3539 3215 3198 3522 3540 3216
3691 5 2 99991 1 3198 3522 3540 3216 3199 3523 3541 3217
3692 5 2 99991 1 3199 3523 3541 3217 3200 3524 3542 3218
3693 5 2 99991 1 3200 3524 3542 3218 3201 3525 3543 3219
3694 5 2 99991 1 3201 3525 3543 3219 3202 3526 3544 3220
3695 5 2 99991 1 3202 3526 3544 3220 3203 3527 3545 3221
3696 5 2 99991 1 3203 3527 3545 3221 3204 3528 3546 3222
3697 5 2 99991 1 3204 3528 3546 3222 3205 3529 3547 3223
3698 5 2 99991 1 3205 3529 3547 3223 3206 3530 3548 3224
3699 5 2 99991 1 3206 3530 3548 3224 3207 3531 3549 3225
3700 5 2 99991 1 3207 3531 3549 3225 3208 3532 3550 3226
3701 5 2 99991 1 3208 3532 3550 3226 3209 3533 3551 3227
3702 5 2 99991 1 3209 3533 3551 3227 3210 3534 3552 3228
3703 5 2 99991 1 3210 3534 3552 3228 3211 3535 3553 3229
3704 5 2 99991 1 3211 3535 3553 3229 3212 3536 3554 3230
3705 5 2 99991 1 3212 3536 3554 3230 1902 1920 1921 1903
3706 5 2 99991 1 283 301 302 284 3213 3537 3555 3231
3707 5 2 99991 1 3213 3537 3555 3231 3214 3538 3556 3232
3708 5 2 99991 1 3214 3538 3556 3232 3215 3539 3557 3233
3709 5 2 99991 1 3215 3539 3557 3233 3216 3540 3558 3234
3710 5 2 99991 1 3216 3540 3558 3234 3217 3541 3559 3235
3711 5 2 99991 1 3217 3541 3559 3235 3218 3542 3560 3236
3712 5 2 99991 1 3218 3542 3560 3236 3219 3543 3561 3237
3713 5 2 99991 1 3219 3543 3561 3237 3220 3544 3562 3238
3714 5 2 99991 1 3220 3544 3562 3238 3221 3545 3563 3239
3715 5 2 99991 1 3221 3545 3563 3239 3222 3546 3564 3240
3716 5 2 99991 1 3222 3546 3564 3240 3223 3547 3565 3241
3717 5 2 99991 1 3223 3547 3565 3241 3224 3548 3566 3242
3718 5 2 99991 1 3224 3548 3566 3242 3225 3549 3567 3243
3719 5 2 99991 1 3225 3549 3567 3243 3226 3550 3568 3244
3720 5 2 99991 1 3226 3550 3568 3244 3227 3551 3569 3245
3721 5 2 99991 1 3227 3551 3569 3245 3228 3552 3570 3246
3722 5 2 99991 1 3228 3552 3570 3246 3229 3553 3571 3247
3723 5 2 99991 1 3229 3553 3571 3247 3230 3554 3572 3248
3724 5 2 99991 1 3230 3554 3572 3248 1903 1921 1922 1904
3725 5 2 99991 1 284 302 303 285 3231 3555 3573 3249
3726 5 2 99991 1 3231 3555 3573 3249 3232 3556 3574 3250
3727 5 2 99991 1 3232 3556 3574 3250 3233 3557 3575 3251
3728 5 2 99991 1 3233 3557 3575 3251 3234 3558 3576 3252
3729 5 2 99991 1 3234 3558 3576 3252 3235 3559 3577 3253
3730 5 2 99991 1 3235 3559 3577 3253 3236 3560 3578 3254
3731 5 2 99991 1 3236 3560 3578 3254 3237 3561 3579 3255
3732 5 2 99991 1 3237 3561 3579 3255 3238 3562 3580 3256
3733 5 2 99991 1 3238 3562 3580 3256 3239 3563 3581 3257
3734 5 2 99991 1 3239 3563 3581 3257 3240 3564 3582 3258
3735 5 2 99991 1 3240 3564 3582 3258 3241 3565 3583 3259
3736 5 2 99991 1 3241 3565 3583 3259 3242 3566 3584 3260
3737 5 2 99991 1 3242 3566 3584 3260 3243 3567 3585 3261
3738 5 2 99991 1 3243 3567 3585 3261 3244 3568 3586 3262
3739 5 2 99991 1 3244 3568 3586 3262 3245 3569 3587 3263
3740 5 2 99991 1 3245 3569 3587 3263 3246 3570 3588 3264
3741 5 2 99991 1 3246 3570 3588 3264 3247 3571 3589 3265
3742 5 2 99991 1 3247 3571 3589 3265 3248 3572 3590 3266
3743 5 2 99991 1 3248 3572 3590 3266 1904 1922 1923 1905
3744 5 2 99991 1 285 303 304 286 3249 3573 3591 3267
3745 5 2 99991 1 3249 3573 3591 3267 3250 3574 3592 3268
3746 5 2 99991 1 3250 3574 3592 3268 3251 3575 3593 3269
3747 5 2 99991 1 3251 3575 3593 3269 3252 3576 3594 3270
3748 5 2 99991 1 3252 3576 3594 3270 3253 3577 3595 3271
3749 5 2 99991 1 3253 3577 3595 3271 3254 3578 3596 3272
3750 5 2 99991 1 3254 3578 3596 3272 3255 3579 3597 3273
3751 5 2 99991 1 3255 3579 3597 3273 3256 3580 3598 3274
3752 5 2 99991 1 3256 3580 3598 3274 3257 3581 3599 3275
3753 5 2 99991 1 3257 3581 3599 3275 3258 3582 3600 3276
3754 5 2 99991 1 3258 3582 3600 3276 3259 3583 3601 3277
3755 5 2 99991 1 3259 3583 3601 3277 3260 3584 3602 3278
3756 5 2 99991 1 3260 3584 3602 3278 3261 3585 3603 3279
3757 5 2 99991 1 3261 3585 3603 3279 3262 3586 3604 3280
3758 5 2 99991 1 3262 3586 3604 3280 3263 3587 3605 3281
3759 5 2 99991 1 3263 3587 3605 3281 3264 3588 3606 3282
3760 5 2 99991 1 3264 3588 3606 3282 3265 3589 3607 3283
3761 5 2 99991 1 3265 3589 3607 3283 3266 3590 3608 3284
3762 5 2 99991 1 3266 3590 3608 3284 1905 1923 1924 1906
3763 5 2 99991 1 286 304 305 287 3267 3591 3609 3285
3764 5 2 99991 1 3267 3591 3609 3285 3268 3592 3610 3286
3765 5 2 99991 1 3268 3592 3610 3286 3269 3593 3611 3287
3766 5 2 99991 1 3269 3593 3611 3287 3270 3594 3612 3288
3767 5 2 99991 1 3270 3594 3612 3288 3271 3595 3613 3289
3768 5 2 99991 1 3271 3595 3613 3289 3272 3596 3614 3290
3769 5 2 99991 1 3272 3596 3614 3290 3273 3597 3615 3291
3770 5 2 99991 1 3273 3597 3615 3291 3274 3598 3616 3292
3771 5 2 99991 1 3274 3598 3616 3292 3275 3599 3617 3293
3772 5 2 99991 1 3275 3599 3617 3293 3276 3600 3618 3294
3773 5 2 99991 1 3276 3600 3618 3294 3277 3601 3619 3295
3774 5 2 99991 1 3277 3601 3619 3295 3278 3602 3620 3296
3775 5 2 99991 1 3278 3602 3620 3296 3279 3603 3621 3297
3776 5 2 99991 1 3279 3603 3621 3297 3280 3604 3622 3298
3777 5 2 99991 1 3280 3604 3622 3298 3281 3605 3623 3299
3778 5 2 99991 1 3281 3605 3623 3299 3282 3606 3624 3300
3779 5 2 99991 1 3282 3606 3624 3300 3283 3607 3625 3301
3780 5 2 99991 1 3283 3607 3625 3301 3284 3608 3626 3302
3781 5 2 99991 1 3284 3608 3626 3302 1906 1924 1925 1907
3782 5 2 99991 1 287 305 306 288 3285 3609 3627 3303
3783 5 2 99991 1 3285 3609 3627 3303 3286 3610 3628 3304
3784 5 2 99991 1 3286 3610 3628 3304 3287 3611 3629 3305
3785 5 2 99991 1 3287 3611 3629 3305 3288 3612 3630 3306
3786 5 2 99991 1 3288 3612 3630 3306 3289 3613 3631 3307
3787 5 2 99991 1 3289 3613 3631 3307 3290 3614 3632 3308
3788 5 2 99991 1 3290 3614 3632 3308 3291 3615 3633 3309
3789 5 2 99991 1 3291 3615 3633 3309 3292 3616 3634 3310
3790 5 2 99991 1 3292 3616 3634 3310 3293 3617 3635 3311
3791 5 2 99991 1 3293 3617 3635 3311 3294 3618 3636 3312
3792 5 2 99991 1 3294 3618 3636 3312 3295 3619 3637 3313
3793 5 2 99991 1 3295 3619 3637 3313 3296 3620 3638 3314
3794 5 2 99991 1 3296 3620 3638 3314 3297 3621 3639 3315
3795 5 2 99991 1 3297 3621 3639 3315 3298 3622 3640 3316
3796 5 2 99991 1 3298 3622 3640 3316 3299 3623 3641 3317
3797 5 2 99991 1 3299 3623 3641 3317 3300 3624 3642 3318
3798 5 2 99991 1 3300 3624 3642 3318 3301 3625 3643 3319
3799 5 2 99991 1 3301 3625 3643 3319 3302 3626 3644 3320
3800 5 2 99991 1 3302 3626 3644 3320 1907 1925 1926 1908
3801 5 2 99991 1 288 306 307 289 3303 3627 3645 3321
3802 5 2 99991 1 3303 3627 3645 3321 3304 3628 3646 3322
3803 5 2 99991 1 3304 3628 3646 3322 3305 3629 3647 3323
3804 5 2 99991 1 3305 3629 3647 3323 3306 3630 3648 3324
3805 5 2 99991 1 3306 3630 3648 3324 3307 3631 3649 3325
3806 5 2 99991 1 3307 3631 3649 3325 3308 3632 3650 3326
3807 5 2 99991 1 3308 3632 3650 3326 3309 3633 3651 3327
3808 5 2 99991 1 3309 3633 3651 3327 3310 3634 3652 3328
3809 5 2 99991 1 3310 3634 3652 3328 3311 3635 3653 3329
3810 5 2 99991 1 3311 3635 3653 3329 3312 3636 3654 3330
3811 5 2 99991 1 3312 3636 3654 3330 3313 3637 3655 3331
3812 5 2 99991 1 3313 3637 3655 3331 3314 3638 3656 3332
3813 5 2 99991 1 3314 3638 3656 3332 3315 3639 3657 3333
3814 5 2 99991 1 3315 3639 3657 3333 3316 3640 3658 3334
3815 5 2 99991 1 3316 3640 3658 3334 3317 3641 3659 3335
3816 5 2 99991 1 3317 3641 3659 3335 3318 3642 3660 3336
3817 5 2 99991 1 3318 3642 3660 3336 3319 3643 3661 3337
3818 5 2 99991 1 3319 3643 3661 3337 3320 3644 3662 3338
3819 5 2 99991 1 3320 3644 3662 3338 1908 1926 1927 1909
3820 5 2 99991 1 289 307 308 290 3321 3645 3663 3339
3821 5 2 99991 1 3321 3645 3663 3339 3322 3646 3664 3340
3822 5 2 99991 1 3322 3646 3664 3340 3323 3647 3665 3341
3823 5 2 99991 1 3323 3647 3665 3341 3324 3648 3666 3342
3824 5 2 99991 1 3324 3648 3666 3342 3325 3649 3667 3343
3825 5 2 99991 1 3325 3649 3667 3343 3326 3650 3668 3344
3826 5 2 99991 1 3326 3650 3668 3344 3327 3651 3669 3345
3827 5 2 99991 1 3327 3651 3669 3345 3328 3652 3670 3346
3828 5 2 99991 1 3328 3652 3670 3346 3329 3653 3671 3347
3829 5 2 99991 1 3329 3653 3671 3347 3330 3654 3672 3348
3830 5 2 99991 1 3330 3654 3672 3348 3331 3655 3673 3349
3831 5 2 99991 1 3331 3655 3673 3349 3332 3656 3674 3350
3832 5 2 99991 1 3332 3656 3674 3350 3333 3657 3675 3351
3833 5 2 99991 1 3333 3657 3675 3351 3334 3658 3676 3352
3834 5 2 99991 1 3334 3658 3676 3352 3335 3659 3677 3353
3835 5 2 99991 1 3335 3659 3677 3353 3336 3660 3678 3354
3836 5 2 99991 1 3336 3660 3678 3354 3337 3661 3679 3355
3837 5 2 99991 1 3337 3661 3679 3355 3338 3662 3680 3356
3838 5 2 99991 1 3338 3662 3680 3356 1909 1927 1928 1910
3839 5 2 99991 1 290 308 309 291 3339 3663 3681 3357
3840 5 2 99991 1 3339 3663 3681 3357 3340 3664 3682 3358
3841 5 2 99991 1 3340 3664 3682 3358 3341 3665 3683 3359
3842 5 2 99991 1 3341 3665 3683 3359 3342 3666 3684 3360
3843 5 2 99991 1 3342 3666 3684 3360 3343 3667 3685 3361
3844 5 2 99991 1 3343 3667 3685 3361 3344 3668 3686 3362
3845 5 2 99991 1 3344 3668 3686 3362 3345 3669 3687 3363
3846 5 2 99991 1 3345 3669 3687 3363 3346 3670 3688 3364
3847 5 2 99991 1 3346 3670 3688 3364 3347 3671 3689 3365
3848 5 2 99991 1 3347 3671 3689 3365 3348 3672 3690 3366
3849 5 2 99991 1 3348 3672 3690 3366 3349 3673 3691 3367
3850 5 2 99991 1 3349 3673 3691 3367 3350 3674 3692 3368
3851 5 2 99991 1 3350 3674 3692 3368 3351 3675 3693 3369
3852 5 2 99991 1 3351 3675 3693 3369 3352 3676 3694 3370
3853 5 2 99991 1 3352 3676 3694 3370 3353 3677 3695 3371
3854 5 2 99991 1 3353 3677 3695 3371 3354 3678 3696 3372
3855 5 2 99991 1 3354 3678 3696 3372 3355 3679 3697 3373
3856 5 2 99991 1 3355 3679 3697 3373 3356 3680 3698 3374
3857 5 2 99991 1 3356 3680 3698 3374 1910 1928 1929 1911
3858 5 2 99991 1 291 309 310 292 3357 3681 3699 3375
3859 5 2 99991 1 3357 3681 3699 3375 3358 3682 3700 3376
3860 5 2 99991 1 3358 3682 3700 3376 3359 3683 3701 3377
3861 5 2 99991 1 3359 3683 3701 3377 3360 3684 3702 3378
3862 5 2 99991 1 3360 3684 3702 3378 3361 3685 3703 3379
3863 5 2 99991 1 3361 3685 3703 3379 3362 3686 3704 3380
3864 5 2 99991 1 3362 3686 3704 3380 3363 3687 3705 3381
3865 5 2 99991 1 3363 3687 3705 3381 3364 3688 3706 3382
3866 5 2 99991 1 3364 3688 3706 3382 3365 3689 3707 3383
3867 5 2 99991 1 3365 3689 3707 3383 3366 3690 3708 3384
3868 5 2 99991 1 3366 3690 3708 3384 3367 3691 3709 3385
3869 5 2 99991 1 3367 3691 3709 3385 3368 3692 3710 3386
3870 5 2 99991 1 3368 3692 3710 3386 3369 3693 3711 3387
3871 5 2 99991 1 3369 3693 3711 3387 3370 3694 3712 3388
3872 5 2 99991 1 3370 3694 3712 3388 3371 3695 3713 3389
3873 5 2 99991 1 3371 3695 3713 3389 3372 3696 3714 3390
3874 5 2 99991 1 3372 3696 3714 3390 3373 3697 3715 3391
3875 5 2 99991 1 3373 3697 3715 3391 3374 3698 3716 3392
3876 5 2 99991 1 3374 3698 3716 3392 1911 1929 1930 1912
3877 5 2 99991 1 292 310 311 293 3375 3699 3717 3393
3878 5 2 99991 1 3375 3699 3717 3393 3376 3700 3718 3394
3879 5 2 99991 1 3376 3700 3718 3394 3377 3701 3719 3395
3880 5 2 99991 1 3377 3701 3719 3395 3378 3702 3720 3396
3881 5 2 99991 1 3378 3702 3720 3396 3379 3703 3721 3397
3882 5 2 99991 1 3379 3703 3721 3397 3380 3704 3722 3398
3883 5 2 99991 1 3380 3704 3722 3398 3381 3705 3723 3399
3884 5 2 99991 1 3381 3705 3723 3399 3382 3706 3724 3400
3885 5 2 99991 1 3382 3706 3724 3400 3383 3707 3725 3401
3886 5 2 99991 1 3383 3707 3725 3401 3384 3708 3726 3402
3887 5 2 99991 1 3384 3708 3726 3402 3385 3709 3727 3403
3888 5 2 99991 1 3385 3709 3727 3403 3386 3710 3728 3404
3889 5 2 99991 1 3386 3710 3728 3404 3387 3711 3729 3405
3890 5 2 99991 1 3387 3711 3729 3405 3388 3712 3730 3406
3891 5 2 99991 1 3388 3712 3730 3406 3389 3713 3731 3407
3892 5 2 99991 1 3389 3713 3731 3407 3390 3714 3732 3408
3893 5 2 99991 1 3390 3714 3732 3408 3391 3715 3733 3409
3894 5 2 99991 1 3391 3715 3733 3409 3392 3716 3734 3410
3895 5 2 99991 1 3392 3716 3734 3410 1912 1930 1931 1913
3896 5 2 99991 1 293 311 312 294 3393 3717 3735 3411
3897 5 2 99991 1 3393 3717 3735 3411 3394 3718 3736 3412
3898 5 2 99991 1 3394 3718 3736 3412 3395 3719 3737 3413
3899 5 2 99991 1 3395 3719 3737 3413 3396 3720 3738 3414
3900 5 2 99991 1 3396 3720 3738 3414 3397 3721 3739 3415
3901 5 2 99991 1 3397 3721 3739 3415 3398 3722 3740 3416
3902 5 2 99991 1 3398 3722 3740 3416 3399 3723 3741 3417
3903 5 2 99991 1 3399 3723 3741 3417 3400 3724 3742 3418
3904 5 2 99991 1 3400 3724 3742 3418 3401 3725 3743 3419
3905 5 2 99991 1 3401 3725 3743 3419 3402 3726 3744 3420
3906 5 2 99991 1 3402 3726 3744 3420 3403 3727 3745 3421
3907 5 2 99991 1 3403 3727 3745 3421 3404 3728 3746 3422
3908 5 2 99991 1 3404 3728 3746 3422 3405 3729 3747 3423
3909 5 2 99991 1 3405 3729 3747 3423 3406 3730 3748 3424
3910 5 2 99991 1 3406 3730 3748 3424 3407 3731 3749 3425
3911 5 2 99991 1 3407 3731 3749 3425 3408 3732 3750 3426
3912 5 2 99991 1 3408 3732 3750 3426 3409 3733 3751 3427
3913 5 2 99991 1 3409 3733 3751 3427 3410 3734 3752 3428
3914 5 2 99991 1 3410 3734 3752 3428 1913 1931 1932 1914
3915 5 2 99991 1 294 312 313 295 3411 3735 3753 3429
3916 5 2 99991 1 3411 3735 3753 3429 3412 3736 3754 3430
3917 5 2 99991 1 3412 3736 3754 3430 3413 3737 3755 3431
3918 5 2 99991 1 3413 3737 3755 3431 3414 3738 3756 3432
3919 5 2 99991 1 3414 3738 3756 3432 3415 3739 3757 3433
3920 5 2 99991 1 3415 3739 3757 3433 3416 3740 3758 3434
3921 5 2 99991 1 3416 3740 3758 3434 3417 3741 3759 3435
3922 5 2 99991 1 3417 3741 3759 3435 3418 3742 3760 3436
3923 5 2 99991 1 3418 3742 3760 3436 3419 3743 3761 3437
3924 5 2 99991 1 3419 3743 3761 3437 3420 3744 3762 3438
3925 5 2 99991 1 3420 3744 3762 3438 3421 3745 3763 3439
3926 5 2 99991 1 3421 3745 3763 3439 3422 3746 3764 3440
3927 5 2 99991 1 3422 3746 3764 3440 3423 3747 3765 3441
3928 5 2 99991 1 3423 3747 3765 3441 3424 3748 3766 3442
3929 5 2 99991 1 3424 3748 3766 3442 3425 3749 3767 3443
3930 5 2 99991 1 3425 3749 3767 3443 3426 3750 3768 3444
3931 5 2 99991 1 3426 3750 3768 3444 3427 3751 3769 3445
3932 5 2 99991 1 3427 3751 3769 3445 3428 3752 3770 3446
3933 5 2 99991 1 3428 3752 3770 3446 1914 1932 1933 1915
3934 5 2 99991 1 295 313 314 296 3429 3753 3771 3447
3935 5 2 99991 1 3429 3753 3771 3447 3430 3754 3772 3448
3936 5 2 99991 1 3430 3754 3772 3448 3431 3755 3773 3449
3937 5 2 99991 1 3431 3755 3773 3449 3432 3756 3774 3450
3938 5 2 99991 1 3432 3756 3774 3450 3433 3757 3775 3451
3939 5 2 99991 1 3433 3757 3775 3451 3434 3758 3776 3452
3940 5 2 99991 1 3434 3758 3776 3452 3435 3759 3777 3453
3941 5 2 99991 1 3435 3759 3777 3453 3436 3760 3778 3454
3942 5 2 99991 1 3436 3760 3778 3454 3437 3761 3779 3455
3943 5 2 99991 1 3437 3761 3779 3455 3438 3762 3780 3456
3944 5 2 99991 1 3438 3762 3780 3456 3439 3763 3781 3457
3945 5 2 99991 1 3439 3763 3781 3457 3440 3764 3782 3458
3946 5 2 99991 1 3440 3764 3782 3458 3441 3765 3783 3459
3947 5 2 99991 1 3441 3765 3783 3459 3442 3766 3784 3460
3948 5 2 99991 1 3442 3766 3784 3460 3443 3767 3785 3461
3949 5 2 99991 1 3443 3767 3785 3461 3444 3768 3786 3462
3950 5 2 99991 1 3444 3768 3786 3462 3445 3769 3787 3463
3951 5 2 99991 1 3445 3769 3787 3463 3446 3770 3788 3464
3952 5 2 99991 1 3446 3770 3788 3464 1915 1933 1934 1916
3953 5 2 99991 1 296 314 58 59 3447 3771 1755 1773
3954 5 2 99991 1 3447 3771 1755 1773 3448 3772 1756 1774
3955 5 2 99991 1 3448 3772 1756 1774 3449 3773 1757 1775
3956 5 2 99991 1 3449 3773 1757 1775 3450 3774 1758 1776
3957 5 2 99991 1 3450 3774 1758 1776 3451 3775 1759 1777
3958 5 2 99991 1 3451 3775 1759 1777 3452 3776 1760 1778
3959 5 2 99991 1 3452 3776 1760 1778 3453 3777 1761 1779
3960 5 2 99991 1 3453 3777 1761 1779 3454 3778 1762 1780
3961 5 2 99991 1 3454 3778 1762 1780 3455 3779 1763 1781
3962 5 2 99991 1 3455 3779 1763 1781 3456 3780 1764 1782
3963 5 2 99991 1 3456 3780 1764 1782 3457 3781 1765 1783
3964 5 2 99991 1 3457 3781 1765 1783 3458 3782 1766 1784
3965 5 2 99991 1 3458 3782 1766 1784 3459 3783 1767 1785
3966 5 2 99991 1 3459 3783 1767 1785 3460 3784 1768 1786
3967 5 2 99991 1 3460 3784 1768 1786 3461 3785 1769 1787
3968 5 2 99991 1 3461 3785 1769 1787 3462 3786 1770 1788
3969 5 2 99991 1 3462 3786 1770 1788 3463 3787 1771 1789
3970 5 2 99991 1 3463 3787 1771 1789 3464 3788 1772 1790
3971 5 2 99991 1 3464 3788 1772 1790 1916 1934 148 149
3972 5 2 99991 1 13 14 315 297 945 963 3789 3465
3973 5 2 99991 1 945 963 3789 3465 946 964 3790 3466
3974 5 2 99991 1 946 964 3790 3466 947 965 3791 3467
3975 5 2 99991 1 947 965 3791 3467 948 966 3792 3468
3976 5 2 99991 1 948 966 3792 3468 949 967 3793 3469
3977 5 2 99991 1 949 967 3793 3469 950 968 3794 3470
3978 5 2 99991 1 950 968 3794 3470 951 969 3795 3471
3979 5 2 99991 1 951 969 3795 3471 952 970 3796 3472
3980 5 2 99991 1 952 970 3796 3472 953 971 3797 3473
3981 5 2 99991 1 953 971 3797 3473 954 972 3798 3474
3982 5 2 99991 1 954 972 3798 3474 955 973 3799 3475
3983 5 2 99991 1 955 973 3799 3475 956 974 3800 3476
3984 5 2 99991 1 956 974 3800 3476 957 975 3801 3477
3985 5 2 99991 1 957 975 3801 3477 958 976 3802 3478
3986 5 2 99991 1 958 976 3802 3478 959 977 3803 3479
3987 5 2 99991 1 959 977 3803 3479 960 978 3804 3480
3988 5 2 99991 1 960 978 3804 3480 961 979 3805 3481
3989 5 2 99991 1 961 979 3805 3481 962 980 3806 3482
3990 5 2 99991 1 962 980 3806 3482 103 104 1935 1917
3991 5 2 99991 1 297 315 316 298 3465 3789 3807 3483
3992 5 2 99991 1 3465 3789 3807 3483 3466 3790 3808 3484
3993 5 2 99991 1 3466 3790 3808 3484 3467 3791 3809 3485
3994 5 2 99991 1 3467 3791 3809 3485 3468 3792 3810 3486
3995 5 2 99991 1 3468 3792 3810 3486 3469 3793 3811 3487
3996 5 2 99991 1 3469 3793 3811 3487 3470 3794 3812 3488
3997 5 2 99991 1 3470 3794 3812 3488 3471 3795 3813 3489
3998 5 2 99991 1 3471 3795 3813 3489 3472 3796 3814 3490
3999 5 2 99991 1 3472 3796 3814 3490 3473 3797 3815 3491
4000 5 2 99991 1 3473 3797 3815 3491 3474 3798 3816 3492
4001 5 2 99991 1 3474 3798 3816 3492 3475 3799 3817 3493
4002 5 2 99991 1 3475 3799 3817 3493 3476 3800 3818 3494
4003 5 2 99991 1 3476 3800 3818 3494 3477 3801 3819 3495
4004 5 2 99991 1 3477 3801 3819 3495 3478 3802 3820 3496
4005 5 2 99991 1 3478 3802 3820 3496 3479 3803 3821 3497
4006 5 2 99991 1 3479 3803 3821 3497 3480 3804 3822 3498
4007 5 2 99991 1 3480 3804 3822 3498 3481 3805 3823 3499
4008 5 2 99991 1 3481 3805 3823 3499 3482 3806 3824 3500
4009 5 2 99991 1 3482 3806 3824 3500 1917 1935 1936 1918
4010 5 2 99991 1 298 316 317 299 3483 3807 3825 3501
4011 5 2 99991 1 3483 3807 3825 3501 3484 3808 3826 3502
4012 5 2 99991 1 3484 3808 3826 3502 3485 3809 3827 3503
4013 5 2 99991 1 3485 3809 3827 3503 3486 3810 3828 3504
4014 5 2 99991 1 3486 3810 3828 3504 3487 3811 3829 3505
4015 5 2 99991 1 3487 3811 3829 3505 3488 3812 3830 3506
4016 5 2 99991 1 3488 3812 3830 3506 3489 3813 3831 3507
4017 5 2 99991 1 3489 3813 3831 3507 3490 3814 3832 3508
4018 5 2 99991 1 3490 3814 3832 3508 3491 3815 3833 3509
4019 5 2 99991 1 3491 3815 3833 3509 3492 3816 3834 3510
4020 5 2 99991 1 3492 3816 3834 3510 3493 3817 3835 3511
4021 5 2 99991 1 3493 3817 3835 3511 3494 3818 3836 3512
4022 5 2 99991 1 3494 3818 3836 3512 3495 3819 3837 3513
4023 5 2 99991 1 3495 3819 3837 3513 3496 3820 3838 3514
4024 5 2 99991 1 3496 3820 3838 3514 3497 3821 3839 3515
4025 5 2 99991 1 3497 3821 3839 3515 3498 3822 3840 3516
4026 5 2 99991 1 3498 3822 3840 3516 3499 3823 3841 3517
4027 5 2 99991 1 3499 3823 3841 3517 3500 3824 3842 3518
4028 5 2 99991 1 3500 3824 3842 3518 1918 1936 1937 1919
4029 5 2 99991 1 299 317 318 300 3501 3825 3843 3519
4030 5 2 99991 1 3501 3825 3843 3519 3502 3826 3844 3520
4031 5 2 99991 1 3502 3826 3844 3520 3503 3827 3845 3521
4032 5 2 99991 1 3503 3827 3845 3521 3504 3828 3846 3522
4033 5 2 99991 1 3504 3828 3846 3522 3505 3829 3847 3523
4034 5 2 99991 1 3505 3829 3847 3523 3506 3830 3848 3524
4035 5 2 99991 1 3506 3830 3848 3524 3507 3831 3849 3525
4036 5 2 99991 1 3507 3831 3849 3525 3508 3832 3850 3526
4037 5 2 99991 1 3508 3832 3850 3526 3509 3833 3851 3527
4038 5 2 99991 1 3509 3833 3851 3527 3510 3834 3852 3528
4039 5 2 99991 1 3510 3834 3852 3528 3511 3835 3853 3529
4040 5 2 99991 1 3511 3835 3853 3529 3512 3836 3854 3530
4041 5 2 99991 1 3512 3836 3854 3530 3513 3837 3855 3531
4042 5 2 99991 1 3513 3837 3855 3531 3514 3838 3856 3532
4043 5 2 99991 1 3514 3838 3856 3532 3515 3839 3857 3533
4044 5 2 99991 1 3515 3839 3857 3533 3516 3840 3858 3534
4045 5 2 99991 1 3516 3840 3858 3534 3517 3841 3859 3535
4046 5 2 99991 1 3517 3841 3859 3535 3518 3842 3860 3536
4047 5 2 99991 1 3518 3842 3860 3536 1919 1937 1938 1920
4048 5 2 99991 1 300 318 319 301 3519 3843 3861 3537
4049 5 2 99991 1 3519 3843 3861 3537 3520 3844 3862 3538
4050 5 2 99991 1 3520 3844 3862 3538 3521 3845 3863 3539
4051 5 2 99991 1 3521 3845 3863 3539 3522 3846 3864 3540
4052 5 2 99991 1 3522 3846 3864 3540 3523 3847 3865 3541
4053 5 2 99991 1 3523 3847 3865 3541 3524 3848 3866 3542
4054 5 2 99991 1 3524 3848 3866 3542 3525 3849 3867 3543
4055 5 2 99991 1 3525 3849 3867 3543 3526 3850 3868 3544
4056 5 2 99991 1 3526 3850 3868 3544 3527 3851 3869 3545
4057 5 2 99991 1 3527 3851 3869 3545 3528 3852 3870 3546
4058 5 2 99991 1 3528 3852 3870 3546 3529 3853 3871 3547
4059 5 2 99991 1 3529 3853 3871 3547 3530 3854 3872 3548
4060 5 2 99991 1 3530 3854 3872 3548 3531 3855 3873 3549
4061 5 2 99991 1 3531 3855 3873 3549 3532 3856 3874 3550
4062 5 2 99991 1 3532 3856 3874 3550 3533 3857 3875 3551
4063 5 2 99991 1 3533 3857 3875 3551 3534 3858 3876 3552
4064 5 2 99991 1 3534 3858 3876 3552 3535 3859 3877 3553
4065 5 2 99991 1 3535 3859 3877 3553 3536 3860 3878 3554
4066 5 2 99991 1 3536 3860 3878 3554 1920 1938 1939 1921
4067 5 2 99991 1 301 319 320 302 3537 3861 3879 3555
4068 5 2 99991 1 3537 3861 3879 3555 3538 3862 3880 3556
4069 5 2 99991 1 3538 3862 3880 3556 3539 3863 3881 3557
4070 5 2 99991 1 3539 3863 3881 3557 3540 3864 3882 3558
4071 5 2 99991 1 3540 3864 3882 3558 3541 3865 3883 3559
4072 5 2 99991 1 3541 3865 3883 3559 3542 3866 3884 3560
4073 5 2 99991 1 3542 3866 3884 3560 3543 3867 3885 3561
4074 5 2 99991 1 3543 3867 3885 3561 3544 3868 3886 3562
4075 5 2 99991 1 3544 3868 3886 3562 3545 3869 3887 3563
4076 5 2 99991 1 3545 3869 3887 3563 3546 3870 3888 3564
4077 5 2 99991 1 3546 3870 3888 3564 3547 3871 3889 3565
4078 5 2 99991 1 3547 3871 3889 3565 3548 3872 3890 3566
4079 5 2 99991 1 3548 3872 3890 3566 3549 3873 3891 3567
4080 5 2 99991 1 3549 3873 3891 3567 3550 3874 3892 3568
4081 5 2 99991 1 3550 3874 3892 3568 3551 3875 3893 3569
4082 5 2 99991 1 3551 3875 3893 3569 3552 3876 3894 3570
4083 5 2 99991 1 3552 3876 3894 3570 3553 3877 3895 3571
4084 5 2 99991 1 3553 3877 3895 3571 3554 3878 3896 3572
4085 5 2 99991 1 3554 3878 3896 3572 1921 1939 1940 1922
4086 5 2 99991 1 302 320 321 303 3555 3879 3897 3573
4087 5 2 99991 1 3555 3879 3897 3573 3556 3880 3898 3574
4088 5 2 99991 1 3556 3880 3898 3574 3557 3881 3899 3575
4089 5 2 99991 1 3557 3881 3899 3575 3558 3882 3900 3576
4090 5 2 99991 1 3558 3882 3900 3576 3559 3883 3901 3577
4091 5 2 99991 1 3559 3883 3901 3577 3560 3884 3902 3578
4092 5 2 99991 1 3560 3884 3902 3578 3561 3885 3903 3579
4093 5 2 99991 1 3561 3885 3903 3579 3562 3886 3904 3580
4094 5 2 99991 1 3562 3886 3904 3580 3563 3887 3905 3581
4095 5 2 99991 1 3563 3887 3905 3581 3564 3888 3906 3582
4096 5 2 99991 1 3564 3888 3906 3582 3565 3889 3907 3583
4097 5 2 99991 1 3565 3889 3907 3583 3566 3890 3908 3584
4098 5 2 99991 1 3566 3890 3908 3584 3567 3891 3909 3585
4099 5 2 99991 1 3567 3891 3909 3585 3568 3892 3910 3586
4100 5 2 99991 1 3568 3892 3910 3586 3569 3893 3911 3587
4101 5 2 99991 1 3569 3893 3911 3587 3570 3894 3912 3588
4102 5 2 99991 1 3570 3894 3912 3588 3571 3895 3913 3589
4103 5 2 99991 1 3571 3895 3913 3589 3572 3896 3914 3590
4104 5 2 99991 1 3572 3896 3914 3590 1922 1940 1941 1923
4105 5 2 99991 1 303 321 322 304 3573 3897 3915 3591
4106 5 2 99991 1 3573 3897 3915 3591 3574 3898 3916 3592
4107 5 2 99991 1 3574 3898 3916 3592 3575 3899 3917 3593
4108 5 2 99991 1 3575 3899 3917 3593 3576 3900 3918 3594
4109 5 2 99991 1 3576 3900 3918 3594 3577 3901 3919 3595
4110 5 2 99991 1 3577 3901 3919 3595 3578 3902 3920 3596
4111 5 2 99991 1 3578 3902 3920 3596 3579 3903 3921 3597
4112 5 2 99991 1 3579 3903 3921 3597 3580 3904 3922 3598
4113 5 2 99991 1 3580 3904 3922 3598 3581 3905 3923 3599
4114 5 2 99991 1 3581 3905 3923 3599 3582 3906 3924 3600
4115 5 2 99991 1 3582 3906 3924 3600 3583 3907 3925 3601
4116 5 2 99991 1 3583 3907 3925 3601 3584 3908 3926 3602
4117 5 2 99991 1 3584 3908 3926 3602 3585 3909 3927 3603
4118 5 2 99991 1 3585 3909 3927 3603 3586 3910 3928 3604
4119 5 2 99991 1 3586 3910 3928 3604 3587 3911 3929 3605
4120 5 2 99991 1 3587 3911 3929 3605 3588 3912 3930 3606
4121 5 2 99991 1 3588 3912 3930 3606 3589 3913 3931 3607
4122 5 2 99991 1 3589 3913 3931 3607 3590 3914 3932 3608
4123 5 2 99991 1 3590 3914 3932 3608 1923 1941 1942 1924
4124 5 2 99991 1 304 322 323 305 3591 3915 3933 3609
4125 5 2 99991 1 3591 3915 3933 3609 3592 3916 3934 3610
4126 5 2 99991 1 3592 3916 3934 3610 3593 3917 3935 3611
4127 5 2 99991 1 3593 3917 3935 3611 3594 3918 3936 3612
4128 5 2 99991 1 3594 3918 3936 3612 3595 3919 3937 3613
4129 5 2 99991 1 3595 3919 3937 3613 3596 3920 3938 3614
4130 5 2 99991 1 3596 3920 3938 3614 3597 3921 3939 3615
4131 5 2 99991 1 3597 3921 3939 3615 3598 3922 3940 3616
4132 5 2 99991 1 3598 3922 3940 3616 3599 3923 3941 3617
4133 5 2 99991 1 3599 3923 3941 3617 3600 3924 3942 3618
4134 5 2 99991 1 3600 3924 3942 3618 3601 3925 3943 3619
4135 5 2 99991 1 3601 3925 3943 3619 3602 3926 3944 3620
4136 5 2 99991 1 3602 3926 3944 3620 3603 3927 3945 3621
4137 5 2 99991 1 3603 3927 3945 3621 3604 3928 3946 3622
4138 5 2 99991 1 3604 3928 3946 3622 3605 3929 3947 3623
4139 5 2 99991 1 3605 3929 3947 3623 3606 3930 3948 3624
4140 5 2 99991 1 3606 3930 3948 3624 3607 3931 3949 3625
4141 5 2 99991 1 3607 3931 3949 3625 3608 3932 3950 3626
4142 5 2 99991 1 3608 3932 3950 3626 1924 1942 1943 1925
4143 5 2 99991 1 305 323 324 306 3609 3933 3951 3627
4144 5 2 99991 1 3609 3933 3951 3627 3610 3934 3952 3628
4145 5 2 99991 1 3610 3934 3952 3628 3611 3935 3953 3629
4146 5 2 99991 1 3611 3935 3953 3629 3612 3936 3954 3630
4147 5 2 99991 1 3612 3936 3954 3630 3613 3937 3955 3631
4148 5 2 99991 1 3613 3937 3955 3631 3614 3938 3956 3632
4149 5 2 99991 1 3614 3938 3956 3632 3615 3939 3957 3633
4150 5 2 99991 1 3615 3939 3957 3633 3616 3940 3958 3634
4151 5 2 99991 1 3616 3940 3958 3634 3617 3941 3959 3635
4152 5 2 99991 1 3617 3941 3959 3635 3618 3942 3960 3636
4153 5 2 99991 1 3618 3942 3960 3636 3619 3943 3961 3637
4154 5 2 99991 1 3619 3943 3961 3637 3620 3944 3962 3638
4155 5 2 99991 1 3620 3944 3962 3638 3621 3945 3963 3639
4156 5 2 99991 1 3621 3945 3963 3639 3622 3946 3964 3640
4157 5 2 99991 1 3622 3946 3964 3640 3623 3947 3965 3641
4158 5 2 99991 1 3623 3947 3965 3641 3624 3948 3966 3642
4159 5 2 99991 1 3624 3948 3966 3642 3625 3949 3967 3643
4160 5 2 99991 1 3625 3949 3967 3643 3626 3950 3968 3644
4161 5 2 99991 1 3626 3950 3968 3644 1925 1943 1944 1926
4162 5 2 99991 1 306 324 325 307 3627 3951 3969 3645
4163 5 2 99991 1 3627 3951 3969 3645 3628 3952 3970 3646
4164 5 2 99991 1 3628 3952 3970 3646 3629 3953 3971 3647
4165 5 2 99991 1 3629 3953 3971 3647 3630 3954 3972 3648
4166 5 2 99991 1 3630 3954 3972 3648 3631 3955 3973 3649
4167 5 2 99991 1 3631 3955 3973 3649 3632 3956 3974 3650
4168 5 2 99991 1 3632 3956 3974 3650 3633 3957 3975 3651
4169 5 2 99991 1 3633 3957 3975 3651 3634 3958 3976 3652
4170 5 2 99991 1 3634 3958 3976 3652 3635 3959 3977 3653
4171 5 2 99991 1 3635 3959 3977 3653 3636 3960 3978 3654
4172 5 2 99991 1 3636 3960 3978 3654 3637 3961 3979 3655
4173 5 2 99991 1 3637 3961 3979 3655 3638 3962 3980 3656
4174 5 2 99991 1 3638 3962 3980 3656 3639 3963 3981 3657
4175 5 2 99991 1 3639 3963 3981 3657 3640 3964 3982 3658
4176 5 2 99991 1 3640 3964 3982 3658 3641 3965 3983 3659
4177 5 2 99991 1 3641 3965 3983 3659 3642 3966 3984 3660
4178 5 2 99991 1 3642 3966 3984 3660 3643 3967 3985 3661
4179 5 2 99991 1 3643 3967 3985 3661 3644 3968 3986 3662
4180 5 2 99991 1 3644 3968 3986 3662 1926 1944 1945 1927
4181 5 2 99991 1 307 325 326 308 3645 3969 3987 3663
4182 5 2 99991 1 3645 3969 3987 3663 3646 3970 3988 3664
4183 5 2 99991 1 3646 3970 3988 3664 3647 3971 3989 3665
4184 5 2 99991 1 3647 3971 3989 3665 3648 3972 3990 3666
4185 5 2 99991 1 3648 3972 3990 3666 3649 3973 3991 3667
4186 5 2 99991 1 3649 3973 3991 3667 3650 3974 3992 3668
4187 5 2 99991 1 3650 3974 3992 3668 3651 3975 3993 3669
4188 5 2 99991 1 3651 3975 3993 3669 3652 3976 3994 3670
4189 5 2 99991 1 3652 3976 3994 3670 3653 3977 3995 3671
4190 5 2 99991 1 3653 3977 3995 3671 3654 3978 3996 3672
4191 5 2 99991 1 3654 3978 3996 3672 3655 3979 3997 3673
4192 5 2 99991 1 3655 3979 3997 3673 3656 3980 3998 3674
4193 5 2 99991 1 3656 3980 3998 3674 3657 3981 3999 3675
4194 5 2 99991 1 3657 3981 3999 3675 3658 3982 4000 3676
4195 5 2 99991 1 3658 3982 4000 3676 3659 3983 4001 3677
4196 5 2 99991 1 3659 3983 4001 3677 3660 3984 4002 3678
4197 5 2 99991 1 3660 3984 4002 3678 3661 3985 4003 3679
4198 5 2 99991 1 3661 3985 4003 3679 3662 3986 4004 3680
4199 5 2 99991 1 3662 3986 4004 3680 1927 1945 1946 1928
4200 5 2 99991 1 308 326 327 309 3663 3987 4005 3681
4201 5 2 99991 1 3663 3987 4005 3681 3664 3988 4006 3682
4202 5 2 99991 1 3664 3988 4006 3682 3665 3989 4007 3683
4203 5 2 99991 1 3665 3989 4007 3683 3666 3990 4008 3684
4204 5 2 99991 1 3666 3990 4008 3684 3667 3991 4009 3685
4205 5 2 99991 1 3667 3991 4009 3685 3668 3992 4010 3686
4206 5 2 99991 1 3668 3992 4010 3686 3669 3993 4011 3687
4207 5 2 99991 1 3669 3993 4011 3687 3670 3994 4012 3688
4208 5 2 99991 1 3670 3994 4012 3688 3671 3995 4013 3689
4209 5 2 99991 1 3671 3995 4013 3689 3672 3996 4014 3690
4210 5 2 99991 1 3672 3996 4014 3690 3673 3997 4015 3691
4211 5 2 99991 1 3673 3997 4015 3691 3674 3998 4016 3692
4212 5 2 99991 1 3674 3998 4016 3692 3675 3999 4017 3693
4213 5 2 99991 1 3675 3999 4017 3693 3676 4000 4018 3694
4214 5 2 99991 1 3676 4000 4018 3694 3677 4001 4019 3695
4215 5 2 99991 1 3677 4001 4019 3695 3678 4002 4020 3696
4216 5 2 99991 1 3678 4002 4020 3696 3679 4003 4021 3697
4217 5 2 99991 1 3679 4003 4021 3697 3680 4004 4022 3698
4218 5 2 99991 1 3680 4004 4022 3698 1928 1946 1947 1929
4219 5 2 99991 1 309 327 328 310 3681 4005 4023 3699
4220 5 2 99991 1 3681 4005 4023 3699 3682 4006 4024 3700
4221 5 2 99991 1 3682 4006 4024 3700 3683 4007 4025 3701
4222 5 2 99991 1 3683 4007 4025 3701 3684 4008 4026 3702
4223 5 2 99991 1 3684 4008 4026 3702 3685 4009 4027 3703
4224 5 2 99991 1 3685 4009 4027 3703 3686 4010 4028 3704
4225 5 2 99991 1 3686 4010 4028 3704 3687 4011 4029 3705
4226 5 2 99991 1 3687 4011 4029 3705 3688 4012 4030 3706
4227 5 2 99991 1 3688 4012 4030 3706 3689 4013 4031 3707
4228 5 2 99991 1 3689 4013 4031 3707 3690 4014 4032 3708
4229 5 2 99991 1 3690 4014 4032 3708 3691 4015 4033 3709
4230 5 2 99991 1 3691 4015 4033 3709 3692 4016 4034 3710
4231 5 2 99991 1 3692 4016 4034 3710 3693 4017 4035 3711
4232 5 2 99991 1 3693 4017 4035 3711 3694 4018 4036 3712
4233 5 2 99991 1 3694 4018 4036 3712 3695 4019 4037 3713
4234 5 2 99991 1 3695 4019 4037 3713 3696 4020 4038 3714
4235 5 2 99991 1 3696 4020 4038 3714 3697 4021 4039 3715
4236 5 2 99991 1 3697 4021 4039 3715 3698 4022 4040 3716
4237 5 2 99991 1 3698 4022 4040 3716 1929 1947 1948 1930
4238 5 2 99991 1 310 328 329 311 3699 4023 4041 3717
4239 5 2 99991 1 3699 4023 4041 3717 3700 4024 4042 3718
4240 5 2 99991 1 3700 4024 4042 3718 3701 4025 4043 3719
4241 5 2 99991 1 3701 4025 4043 3719 3702 4026 4044 3720
4242 5 2 99991 1 3702 4026 4044 3720 3703 4027 4045 3721
4243 5 2 99991 1 3703 4027 4045 3721 3704 4028 4046 3722
4244 5 2 99991 1 3704 4028 4046 3722 3705 4029 4047 3723
4245 5 2 99991 1 3705 4029 4047 3723 3706 4030 4048 3724
4246 5 2 99991 1 3706 4030 4048 3724 3707 4031 4049 3725
4247 5 2 99991 1 3707 4031 4049 3725 3708 4032 4050 3726
4248 5 2 99991 1 3708 4032 4050 3726 3709 4033 4051 3727
4249 5 2 99991 1 3709 4033 4051 3727 3710 4034 4052 3728
4250 5 2 99991 1 3710 4034 4052 3728 3711 4035 4053 3729
4251 5 2 99991 1 3711 4035 4053 3729 3712 4036 4054 3730
4252 5 2 99991 1 3712 4036 4054 3730 3713 4037 4055 3731
4253 5 2 99991 1 3713 4037 4055 3731 3714 4038 4056 3732
4254 5 2 99991 1 3714 4038 4056 3732 3715 4039 4057 3733
4255 5 2 99991 1 3715 4039 4057 3733 3716 4040 4058 3734
4256 5 2 99991 1 3716 4040 4058 3734 1930 1948 1949 1931
4257 5 2 99991 1 311 329 330 312 3717 4041 4059 3735
4258 5 2 99991 1 3717 4041 4059 3735 3718 4042 4060 3736
4259 5 2 99991 1 3718 4042 4060 3736 3719 4043 4061 3737
4260 5 2 99991 1 3719 4043 4061 3737 3720 4044 4062 3738
4261 5 2 99991 1 3720 4044 4062 3738 3721 4045 4063 3739
4262 5 2 99991 1 3721 4045 4063 3739 3722 4046 4064 3740
4263 5 2 99991 1 3722 4046 4064 3740 3723 4047 4065 3741
4264 5 2 99991 1 3723 4047 4065 3741 3724 4048 4066 3742
4265 5 2 99991 1 3724 4048 4066 3742 3725 4049 4067 3743
4266 5 2 99991 1 3725 4049 4067 3743 3726 4050 4068 3744
4267 5 2 99991 1 3726 4050 4068 3744 3727 4051 4069 3745
4268 5 2 99991 1 3727 4051 4069 3745 3728 4052 4070 3746
4269 5 2 99991 1 3728 4052 4070 3746 3729 4053 4071 3747
4270 5 2 99991 1 3729 4053 4071 3747 3730 4054 4072 3748
4271 5 2 99991 1 3730 4054 4072 3748 3731 4055 4073 3749
4272 5 2 99991 1 3731 4055 4073 3749 3732 4056 4074 3750
4273 5 2 99991 1 3732 4056 4074 3750 3733 4057 4075 3751
4274 5 2 99991 1 3733 4057 4075 3751 3734 4058 4076 3752
4275 5 2 99991 1 3734 4058 4076 3752 1931 1949 1950 1932
4276 5 2 99991 1 312 330 331 313 3735 4059 4077 3753
4277 5 2 99991 1 3735 4059 4077 3753 3736 4060 4078 3754
4278 5 2 99991 1 3736 4060 4078 3754 3737 4061 4079 3755
4279 5 2 99991 1 3737 4061 4079 3755 3738 4062 4080 3756
4280 5 2 99991 1 3738 4062 4080 3756 3739 4063 4081 3757
4281 5 2 99991 1 3739 4063 4081 3757 3740 4064 4082 3758
4282 5 2 99991 1 3740 4064 4082 3758 3741 4065 4083 3759
4283 5 2 99991 1 3741 4065 4083 3759 3742 4066 4084 3760
4284 5 2 99991 1 3742 4066 4084 3760 3743 4067 4085 3761
4285 5 2 99991 1 3743 4067 4085 3761 3744 4068 4086 3762
4286 5 2 99991 1 3744 4068 4086 3762 3745 4069 4087 3763
4287 5 2 99991 1 3745 4069 4087 3763 3746 4070 4088 3764
4288 5 2 99991 1 3746 4070 4088 3764 3747 4071 4089 3765
4289 5 2 99991 1 3747 4071 4089 3765 3748 4072 4090 3766
4290 5 2 99991 1 3748 4072 4090 3766 3749 4073 4091 3767
4291 5 2 99991 1 3749 4073 4091 3767 3750 4074 4092 3768
4292 5 2 99991 1 3750 4074 4092 3768 3751 4075 4093 3769
4293 5 2 99991 1 3751 4075 4093 3769 3752 4076 4094 3770
4294 5 2 99991 1 3752 4076 4094 3770 1932 1950 1951 1933
4295 5 2 99991 1 313 331 332 314 3753 4077 4095 3771
4296 5 2 99991 1 3753 4077 4095 3771 3754 4078 4096 3772
4297 5 2 99991 1 3754 4078 4096 3772 3755 4079 4097 3773
4298 5 2 99991 1 3755 4079 4097 3773 3756 4080 4098 3774
4299 5 2 99991 1 3756 4080 4098 3774 3757 4081 4099 3775
4300 5 2 99991 1 3757 4081 4099 3775 3758 4082 4100 3776
4301 5 2 99991 1 3758 4082 4100 3776 3759 4083 4101 3777
4302 5 2 99991 1 3759 4083 4101 3777 3760 4084 4102 3778
4303 5 2 99991 1 3760 4084 4102 3778 3761 4085 4103 3779
4304 5 2 99991 1 3761 4085 4103 3779 3762 4086 4104 3780
4305 5 2 99991 1 3762 4086 4104 3780 3763 4087 4105 3781
4306 5 2 99991 1 3763 4087 4105 3781 3764 4088 4106 3782
4307 5 2 99991 1 3764 4088 4106 3782 3765 4089 4107 3783
4308 5 2 99991 1 3765 4089 4107 3783 3766 4090 4108 3784
4309 5 2 99991 1 3766 4090 4108 3784 3767 4091 4109 3785
4310 5 2 99991 1 3767 4091 4109 3785 3768 4092 4110 3786
4311 5 2 99991 1 3768 4092 4110 3786 3769 4093 4111 3787
4312 5 2 99991 1 3769 4093 4111 3787 3770 4094 4112 3788
4313 5 2 99991 1 3770 4094 4112 3788 1933 1951 1952 1934
4314 5 2 99991 1 314 332 57 58 3771 4095 1737 1755
4315 5 2 99991 1 3771 4095 1737 1755 3772 4096 1738 1756
4316 5 2 99991 1 3772 4096 1738 1756 3773 4097 1739 1757
4317 5 2 99991 1 3773 4097 1739 1757 3774 4098 1740 1758
4318 5 2 99991 1 3774 4098 1740 1758 3775 4099 1741 1759
4319 5 2 99991 1 3775 4099 1741 1759 3776 4100 1742 1760
4320 5 2 99991 1 3776 4100 1742 1760 3777 4101 1743 1761
4321 5 2 99991 1 3777 4101 1743 1761 3778 4102 1744 1762
4322 5 2 99991 1 3778 4102 1744 1762 3779 4103 1745 1763
4323 5 2 99991 1 3779 4103 1745 1763 3780 4104 1746 1764
4324 5 2 99991 1 3780 4104 1746 1764 3781 4105 1747 1765
4325 5 2 99991 1 3781 4105 1747 1765 3782 4106 1748 1766
4326 5 2 99991 1 3782 4106 1748 1766 3783 4107 1749 1767
4327 5 2 99991 1 3783 4107 1749 1767 3784 4108 1750 1768
4328 5 2 99991 1 3784 4108 1750 1768 3785 4109 1751 1769
4329 5 2 99991 1 3785 4109 1751 1769 3786 4110 1752 1770
4330 5 2 99991 1 3786 4110 1752 1770 3787 4111 1753 1771
4331 5 2 99991 1 3787 4111 1753 1771 3788 4112 1754 1772
4332 5 2 99991 1 3788 4112 1754 1772 1934 1952 147 148
4333 5 2 99991 1 14 15 333 315 963 981 4113 3789
4334 5 2 99991 1 963 981 4113 3789 964 982 4114 3790
4335 5 2 99991 1 964 982 4114 3790 965 983 4115 3791
4336 5 2 99991 1 965 983 4115 3791 966 984 4116 3792
4337 5 2 99991 1 966 984 4116 3792 967 985 4117 3793
4338 5 2 99991 1 967 985 4117 3793 968 986 4118 3794
4339 5 2 99991 1 968 986 4118 3794 969 987 4119 3795
4340 5 2 99991 1 969 987 4119 3795 970 988 4120 3796
4341 5 2 99991 1 970 988 4120 3796 971 989 4121 3797
4342 5 2 99991 1 971 989 4121 3797 972 990 4122 3798
4343 5 2 99991 1 972 990 4122 3798 973 991 4123 3799
4344 5 2 99991 1 973 991 4123 3799 974 992 4124 3800
4345 5 2 99991 1 974 992 4124 3800 975 993 4125 3801
4346 5 2 99991 1 975 993 4125 3801 976 994 4126 3802
4347 5 2 99991 1 976 994 4126 3802 977 995 4127 3803
4348 5 2 99991 1 977 995 4127 3803 978 996 4128 3804
4349 5 2 99991 1 978 996 4128 3804 979 997 4129 3805
4350 5 2 99991 1 979 997 4129 3805 980 998 4130 3806
4351 5 2 99991 1 980 998 4130 3806 104 105 1953 1935
4352 5 2 99991 1 315 333 334 316 3789 4113 4131 3807
4353 5 2 99991 1 3789 4113 4131 3807 3790 4114 4132 3808
4354 5 2 99991 1 3790 4114 4132 3808 3791 4115 4133 3809
4355 5 2 99991 1 3791 4115 4133 3809 3792 4116 4134 3810
4356 5 2 99991 1 3792 4116 4134 3810 3793 4117 4135 3811
4357 5 2 99991 1 3793 4117 4135 3811 3794 4118 4136 3812
4358 5 2 99991 1 3794 4118 4136 3812 3795 4119 4137 3813
4359 5 2 99991 1 3795 4119 4137 3813 3796 4120 4138 3814
4360 5 2 99991 1 3796 4120 4138 3814 3797 4121 4139 3815
4361 5 2 99991 1 3797 4121 4139 3815 3798 4122 4140 3816
4362 5 2 99991 1 3798 4122 4140 3816 3799 4123 4141 3817
4363 5 2 99991 1 3799 4123 4141 3817 3800 4124 4142 3818
4364 5 2 99991 1 3800 4124 4142 3818 3801 4125 4143 3819
4365 5 2 99991 1 3801 4125 4143 3819 3802 4126 4144 3820
4366 5 2 99991 1 3802 4126 4144 3820 3803 4127 4145 3821
4367 5 2 99991 1 3803 4127 4145 3821 3804 4128 4146 3822
4368 5 2 99991 1 3804 4128 4146 3822 3805 4129 4147 3823
4369 5 2 99991 1 3805 4129 4147 3823 3806 4130 4148 3824
4370 5 2 99991 1 3806 4130 4148 3824 1935 1953 1954 1936
4371 5 2 99991 1 316 334 335 317 3807 4131 4149 3825
4372 5 2 99991 1 3807 4131 4149 3825 3808 4132 4150 3826
4373 5 2 99991 1 3808 4132 4150 3826 3809 4133 4151 3827
4374 5 2 99991 1 3809 4133 4151 3827 3810 4134 4152 3828
4375 5 2 99991 1 3810 4134 4152 3828 3811 4135 4153 3829
4376 5 2 99991 1 3811 4135 4153 3829 3812 4136 4154 3830
4377 5 2 99991 1 3812 4136 4154 3830 3813 4137 4155 3831
4378 5 2 99991 1 3813 4137 4155 3831 3814 4138 4156 3832
4379 5 2 99991 1 3814 4138 4156 3832 3815 4139 4157 3833
4380 5 2 99991 1 3815 4139 4157 3833 3816 4140 4158 3834
4381 5 2 99991 1 3816 4140 4158 3834 3817 4141 4159 3835
4382 5 2 99991 1 3817 4141 4159 3835 3818 4142 4160 3836
4383 5 2 99991 1 3818 4142 4160 3836 3819 4143 4161 3837
4384 5 2 99991 1 3819 4143 4161 3837 3820 4144 4162 3838
4385 5 2 99991 1 3820 4144 4162 3838 3821 4145 4163 3839
4386 5 2 99991 1 3821 4145 4163 3839 3822 4146 4164 3840
4387 5 2 99991 1 3822 4146 4164 3840 3823 4147 4165 3841
4388 5 2 99991 1 3823 4147 4165 3841 3824 4148 4166 3842
4389 5 2 99991 1 3824 4148 4166 3842 1936 1954 1955 1937
4390 5 2 99991 1 317 335 336 318 3825 4149 4167 3843
4391 5 2 99991 1 3825 4149 4167 3843 3826 4150 4168 3844
4392 5 2 99991 1 3826 4150 4168 3844 3827 4151 4169 3845
4393 5 2 99991 1 3827 4151 4169 3845 3828 4152 4170 3846
4394 5 2 99991 1 3828 4152 4170 3846 3829 4153 4171 3847
4395 5 2 99991 1 3829 4153 4171 3847 3830 4154 4172 3848
4396 5 2 99991 1 3830 4154 4172 3848 3831 4155 4173 3849
4397 5 2 99991 1 3831 4155 4173 3849 3832 4156 4174 3850
4398 5 2 99991 1 3832 4156 4174 3850 3833 4157 4175 3851
4399 5 2 99991 1 3833 4157 4175 3851 3834 4158 4176 3852
4400 5 2 99991 1 3834 4158 4176 3852 3835 4159 4177 3853
4401 5 2 99991 1 3835 4159 4177 3853 3836 4160 4178 3854
4402 5 2 99991 1 3836 4160 4178 3854 3837 4161 4179 3855
4403 5 2 99991 1 3837 4161 4179 3855 3838 4162 4180 3856
4404 5 2 99991 1 3838 4162 4180 3856 3839 4163 4181 3857
4405 5 2 99991 1 3839 4163 4181 3857 3840 4164 4182 3858
4406 5 2 99991 1 3840 4164 4182 3858 3841 4165 4183 3859
4407 5 2 99991 1 3841 4165 4183 3859 3842 4166 4184 3860
4408 5 2 99991 1 3842 4166 4184 3860 1937 1955 1956 1938
4409 5 2 99991 1 318 336 337 319 3843 4167 4185 3861
4410 5 2 99991 1 3843 4167 4185 3861 3844 4168 4186 3862
4411 5 2 99991 1 3844 4168 4186 3862 3845 4169 4187 3863
4412 5 2 99991 1 3845 4169 4187 3863 3846 4170 4188 3864
4413 5 2 99991 1 3846 4170 4188 3864 3847 4171 4189 3865
4414 5 2 99991 1 3847 4171 4189 3865 3848 4172 4190 3866
4415 5 2 99991 1 3848 4172 4190 3866 3849 4173 4191 3867
4416 5 2 99991 1 3849 4173 4191 3867 3850 4174 4192 3868
4417 5 2 99991 1 3850 4174 4192 3868 3851 4175 4193 3869
4418 5 2 99991 1 3851 4175 4193 3869 3852 4176 4194 3870
4419 5 2 99991 1 3852 4176 4194 3870 3853 4177 4195 3871
4420 5 2 99991 1 3853 4177 4195 3871 3854 4178 4196 3872
4421 5 2 99991 1 3854 4178 4196 3872 3855 4179 4197 3873
4422 5 2 99991 1 3855 4179 4197 3873 3856 4180 4198 3874
4423 5 2 99991 1 3856 4180 4198 3874 3857 4181 4199 3875
4424 5 2 99991 1 3857 4181 4199 3875 3858 4182 4200 3876
4425 5 2 99991 1 3858 4182 4200 3876 3859 4183 4201 3877
4426 5 2 99991 1 3859 4183 4201 3877 3860 4184 4202 3878
4427 5 2 99991 1 3860 4184 4202 3878 1938 1956 1957 1939
4428 5 2 99991 1 319 337 338 320 3861 4185 4203 3879
4429 5 2 99991 1 3861 4185 4203 3879 3862 4186 4204 3880
4430 5 2 99991 1 3862 4186 4204 3880 3863 4187 4205 3881
4431 5 2 99991 1 3863 4187 4205 3881 3864 4188 4206 3882
4432 5 2 99991 1 3864 4188 4206 3882 3865 4189 4207 3883
4433 5 2 99991 1 3865 4189 4207 3883 3866 4190 4208 3884
4434 5 2 99991 1 3866 4190 4208 3884 3867 4191 4209 3885
4435 5 2 99991 1 3867 4191 4209 3885 3868 4192 4210 3886
4436 5 2 99991 1 3868 4192 4210 3886 3869 4193 4211 3887
4437 5 2 99991 1 3869 4193 4211 3887 3870 4194 4212 3888
4438 5 2 99991 1 3870 4194 4212 3888 3871 4195 4213 3889
4439 5 2 99991 1 3871 4195 4213 3889 3872 4196 4214 3890
4440 5 2 99991 1 3872 4196 4214 3890 3873 4197 4215 3891
4441 5 2 99991 1 3873 4197 4215 3891 3874 4198 4216 3892
4442 5 2 99991 1 3874 4198 4216 3892 3875 4199 4217 3893
4443 5 2 99991 1 3875 4199 4217 3893 3876 4200 4218 3894
4444 5 2 99991 1 3876 4200 4218 3894 3877 4201 4219 3895
4445 5 2 99991 1 3877 4201 4219 3895 3878 4202 4220 3896
4446 5 2 99991 1 3878 4202 4220 3896 1939 1957 1958 1940
4447 5 2 99991 1 320 338 339 321 3879 4203 4221 3897
4448 5 2 99991 1 3879 4203 4221 3897 3880 4204 4222 3898
4449 5 2 99991 1 3880 4204 4222 3898 3881 4205 4223 3899
4450 5 2 99991 1 3881 4205 4223 3899 3882 4206 4224 3900
4451 5 2 99991 1 3882 4206 4224 3900 3883 4207 4225 3901
4452 5 2 99991 1 3883 4207 4225 3901 3884 4208 4226 3902
4453 5 2 99991 1 3884 4208 4226 3902 3885 4209 4227 3903
4454 5 2 99991 1 3885 4209 4227 3903 3886 4210 4228 3904
4455 5 2 99991 1 3886 4210 4228 3904 3887 4211 4229 3905
4456 5 2 99991 1 3887 4211 4229 3905 3888 4212 4230 3906
4457 5 2 99991 1 3888 4212 4230 3906 3889 4213 4231 3907
4458 5 2 99991 1 3889 4213 4231 3907 3890 4214 4232 3908
4459 5 2 99991 1 3890 4214 4232 3908 3891 4215 4233 3909
4460 5 2 99991 1 3891 4215 4233 3909 3892 4216 4234 3910
4461 5 2 99991 1 3892 4216 4234 3910 3893 4217 4235 3911
4462 5 2 99991 1 3893 4217 4235 3911 3894 4218 4236 3912
4463 5 2 99991 1 3894 4218 4236 3912 3895 4219 4237 3913
4464 5 2 99991 1 3895 4219 4237 3913 3896 4220 4238 3914
4465 5 2 99991 1 3896 4220 4238 3914 1940 1958 1959 1941
4466 5 2 99991 1 321 339 340 322 3897 4221 4239 3915
4467 5 2 99991 1 3897 4221 4239 3915 3898 4222 4240 3916
4468 5 2 99991 1 3898 4222 4240 3916 3899 4223 4241 3917
4469 5 2 99991 1 3899 4223 4241 3917 3900 4224 4242 3918
4470 5 2 99991 1 3900 4224 4242 3918 3901 4225 4243 3919
4471 5 2 99991 1 3901 4225 4243 3919 3902 4226 4244 3920
4472 5 2 99991 1 3902 4226 4244 3920 3903 4227 4245 3921
4473 5 2 99991 1 3903 4227 4245 3921 3904 4228 4246 3922
4474 5 2 99991 1 3904 4228 4246 3922 3905 4229 4247 3923
4475 5 2 99991 1 3905 4229 4247 3923 3906 4230 4248 3924
4476 5 2 99991 1 3906 4230 4248 3924 3907 4231 4249 3925
4477 5 2 99991 1 3907 4231 4249 3925 3908 4232 4250 3926
4478 5 2 99991 1 3908 4232 4250 3926 3909 4233 4251 3927
4479 5 2 99991 1 3909 4233 4251 3927 3910 4234 4252 3928
4480 5 2 99991 1 3910 4234 4252 3928 3911 4235 4253 3929
4481 5 2 99991 1 3911 4235 4253 3929 3912 4236 4254 3930
4482 5 2 99991 1 3912 4236 4254 3930 3913 4237 4255 3931
4483 5 2 99991 1 3913 4237 4255 3931 3914 4238 4256 3932
4484 5 2 99991 1 3914 4238 4256 3932 1941 1959 1960 1942
4485 5 2 99991 1 322 340 341 323 3915 4239 4257 3933
4486 5 2 99991 1 3915 4239 4257 3933 3916 4240 4258 3934
4487 5 2 99991 1 3916 4240 4258 3934 3917 4241 4259 3935
4488 5 2 99991 1 3917 4241 4259 3935 3918 4242 4260 3936
4489 5 2 99991 1 3918 4242 4260 3936 3919 4243 4261 3937
4490 5 2 99991 1 3919 4243 4261 3937 3920 4244 4262 3938
4491 5 2 99991 1 3920 4244 4262 3938 3921 4245 4263 3939
4492 5 2 99991 1 3921 4245 4263 3939 3922 4246 4264 3940
4493 5 2 99991 1 3922 4246 4264 3940 3923 4247 4265 3941
4494 5 2 99991 1 3923 4247 4265 3941 3924 4248 4266 3942
4495 5 2 99991 1 3924 4248 4266 3942 3925 4249 4267 3943
4496 5 2 99991 1 3925 4249 4267 3943 3926 4250 4268 3944
4497 5 2 99991 1 3926 4250 4268 3944 3927 4251 4269 3945
4498 5 2 99991 1 3927 4251 4269 3945 3928 4252 4270 3946
4499 5 2 99991 1 3928 4252 4270 3946 3929 4253 4271 3947
4500 5 2 99991 1 3929 4253 4271 3947 3930 4254 4272 3948
4501 5 2 99991 1 3930 4254 4272 3948 3931 4255 4273 3949
4502 5 2 99991 1 3931 4255 4273 3949 3932 4256 4274 3950
4503 5 2 99991 1 3932 4256 4274 3950 1942 1960 1961 1943
4504 5 2 99991 1 323 341 342 324 3933 4257 4275 3951
4505 5 2 99991 1 3933 4257 4275 3951 3934 4258 4276 3952
4506 5 2 99991 1 3934 4258 4276 3952 3935 4259 4277 3953
4507 5 2 99991 1 3935 4259 4277 3953 3936 4260 4278 3954
4508 5 2 99991 1 3936 4260 4278 3954 3937 4261 4279 3955
4509 5 2 99991 1 3937 4261 4279 3955 3938 4262 4280 3956
4510 5 2 99991 1 3938 4262 4280 3956 3939 4263 4281 3957
4511 5 2 99991 1 3939 4263 4281 3957 3940 4264 4282 3958
4512 5 2 99991 1 3940 4264 4282 3958 3941 4265 4283 3959
4513 5 2 99991 1 3941 4265 4283 3959 3942 4266 4284 3960
4514 5 2 99991 1 3942 4266 4284 3960 3943 4267 4285 3961
4515 5 2 99991 1 3943 4267 4285 3961 3944 4268 4286 3962
4516 5 2 99991 1 3944 4268 4286 3962 3945 4269 4287 3963
4517 5 2 99991 1 3945 4269 4287 3963 3946 4270 4288 3964
4518 5 2 99991 1 3946 4270 4288 3964 3947 4271 4289 3965
4519 5 2 99991 1 3947 4271 4289 3965 3948 4272 4290 3966
4520 5 2 99991 1 3948 4272 4290 3966 3949 4273 4291 3967
4521 5 2 99991 1 3949 4273 4291 3967 3950 4274 4292 3968
4522 5 2 99991 1 3950 4274 4292 3968 1943 1961 1962 1944
4523 5 2 99991 1 324 342 343 325 3951 4275 4293 3969
4524 5 2 99991 1 3951 4275 4293 3969 3952 4276 4294 3970
4525 5 2 99991 1 3952 4276 4294 3970 3953 4277 4295 3971
4526 5 2 99991 1 3953 4277 4295 3971 3954 4278 4296 3972
4527 5 2 99991 1 3954 4278 4296 3972 3955 4279 4297 3973
4528 5 2 99991 1 3955 4279 4297 3973 3956 4280 4298 3974
4529 5 2 99991 1 3956 4280 4298 3974 3957 4281 4299 3975
4530 5 2 99991 1 3957 4281 4299 3975 3958 4282 4300 3976
4531 5 2 99991 1 3958 4282 4300 3976 3959 4283 4301 3977
4532 5 2 99991 1 3959 4283 4301 3977 3960 4284 4302 3978
4533 5 2 99991 1 3960 4284 4302 3978 3961 4285 4303 3979
4534 5 2 99991 1 3961 4285 4303 3979 3962 4286 4304 3980
4535 5 2 99991 1 3962 4286 4304 3980 3963 4287 4305 3981
4536 5 2 99991 1 3963 4287 4305 3981 3964 4288 4306 3982
4537 5 2 99991 1 3964 4288 4306 3982 3965 4289 4307 3983
4538 5 2 99991 1 3965 4289 4307 3983 3966 4290 4308 3984
4539 5 2 99991 1 3966 4290 4308 3984 3967 4291 4309 3985
4540 5 2 99991 1 3967 4291 4309 3985 3968 4292 4310 3986
4541 5 2 99991 1 3968 4292 4310 3986 1944 1962 1963 1945
4542 5 2 99991 1 325 343 344 326 3969 4293 4311 3987
4543 5 2 99991 1 3969 4293 4311 3987 3970 4294 4312 3988
4544 5 2 99991 1 3970 4294 4312 3988 3971 4295 4313 3989
4545 5 2 99991 1 3971 4295 4313 3989 3972 4296 4314 3990
4546 5 2 99991 1 3972 4296 4314 3990 3973 4297 4315 3991
4547 5 2 99991 1 3973 4297 4315 3991 3974 4298 4316 3992
4548 5 2 99991 1 3974 4298 4316 3992 3975 4299 4317 3993
4549 5 2 99991 1 3975 4299 4317 3993 3976 4300 4318 3994
4550 5 2 99991 1 3976 4300 4318 3994 3977 4301 4319 3995
4551 5 2 99991 1 3977 4301 4319 3995 3978 4302 4320 3996
4552 5 2 99991 1 3978 4302 4320 3996 3979 4303 4321 3997
4553 5 2 99991 1 3979 4303 4321 3997 3980 4304 4322 3998
4554 5 2 99991 1 3980 4304 4322 3998 3981 4305 4323 3999
4555 5 2 99991 1 3981 4305 4323 3999 3982 4306 4324 4000
4556 5 2 99991 1 3982 4306 4324 4000 3983 4307 4325 4001
4557 5 2 99991 1 3983 4307 4325 4001 3984 4308 4326 4002
4558 5 2 99991 1 3984 4308 4326 4002 3985 4309 4327 4003
4559 5 2 99991 1 3985 4309 4327 4003 3986 4310 4328 4004
4560 5 2 99991 1 3986 4310 4328 4004 1945 1963 1964 1946
4561 5 2 99991 1 326 344 345 327 3987 4311 4329 4005
4562 5 2 99991 1 3987 4311 4329 4005 3988 4312 4330 4006
4563 5 2 99991 1 3988 4312 4330 4006 3989 4313 4331 4007
4564 5 2 99991 1 3989 4313 4331 4007 3990 4314 4332 4008
4565 5 2 99991 1 3990 4314 4332 4008 3991 4315 4333 4009
4566 5 2 99991 1 3991 4315 4333 4009 3992 4316 4334 4010
4567 5 2 99991 1 3992 4316 4334 4010 3993 4317 4335 4011
4568 5 2 99991 1 3993 4317 4335 4011 3994 4318 4336 4012
4569 5 2 99991 1 3994 4318 4336 4012 3995 4319 4337 4013
4570 5 2 99991 1 3995 4319 4337 4013 3996 4320 4338 4014
4571 5 2 99991 1 3996 4320 4338 4014 3997 4321 4339 4015
4572 5 2 99991 1 3997 4321 4339 4015 3998 4322 4340 4016
4573 5 2 99991 1 3998 4322 4340 4016 3999 4323 4341 4017
4574 5 2 99991 1 3999 4323 4341 4017 4000 4324 4342 4018
4575 5 2 99991 1 4000 4324 4342 4018 4001 4325 4343 4019
4576 5 2 99991 1 4001 4325 4343 4019 4002 4326 4344 4020
4577 5 2 99991 1 4002 4326 4344 4020 4003 4327 4345 4021
4578 5 2 99991 1 4003 4327 4345 4021 4004 4328 4346 4022
4579 5 2 99991 1 4004 4328 4346 4022 1946 1964 1965 1947
4580 5 2 99991 1 327 345 346 328 4005 4329 4347 4023
4581 5 2 99991 1 4005 4329 4347 4023 4006 4330 4348 4024
4582 5 2 99991 1 4006 4330 4348 4024 4007 4331 4349 4025
4583 5 2 99991 1 4007 4331 4349 4025 4008 4332 4350 4026
4584 5 2 99991 1 4008 4332 4350 4026 4009 4333 4351 4027
4585 5 2 99991 1 4009 4333 4351 4027 4010 4334 4352 4028
4586 5 2 99991 1 4010 4334 4352 4028 4011 4335 4353 4029
4587 5 2 99991 1 4011 4335 4353 4029 4012 4336 4354 4030
4588 5 2 99991 1 4012 4336 4354 4030 4013 4337 4355 4031
4589 5 2 99991 1 4013 4337 4355 4031 4014 4338 4356 4032
4590 5 2 99991 1 4014 4338 4356 4032 4015 4339 4357 4033
4591 5 2 99991 1 4015 4339 4357 4033 4016 4340 4358 4034
4592 5 2 99991 1 4016 4340 4358 4034 4017 4341 4359 4035
4593 5 2 99991 1 4017 4341 4359 4035 4018 4342 4360 4036
4594 5 2 99991 1 4018 4342 4360 4036 4019 4343 4361 4037
4595 5 2 99991 1 4019 4343 4361 4037 4020 4344 4362 4038
4596 5 2 99991 1 4020 4344 4362 4038 4021 4345 4363 4039
4597 5 2 99991 1 4021 4345 4363 4039 4022 4346 4364 4040
4598 5 2 99991 1 4022 4346 4364 4040 1947 1965 1966 1948
4599 5 2 99991 1 328 346 347 329 4023 4347 4365 4041
4600 5 2 99991 1 4023 4347 4365 4041 4024 4348 4366 4042
4601 5 2 99991 1 4024 4348 4366 4042 4025 4349 4367 4043
4602 5 2 99991 1 4025 4349 4367 4043 4026 4350 4368 4044
4603 5 2 99991 1 4026 4350 4368 4044 4027 4351 4369 4045
4604 5 2 99991 1 4027 4351 4369 4045 4028 4352 4370 4046
4605 5 2 99991 1 4028 4352 4370 4046 4029 4353 4371 4047
4606 5 2 99991 1 4029 4353 4371 4047 4030 4354 4372 4048
4607 5 2 99991 1 4030 4354 4372 4048 4031 4355 4373 4049
4608 5 2 99991 1 4031 4355 4373 4049 4032 4356 4374 4050
4609 5 2 99991 1 4032 4356 4374 4050 4033 4357 4375 4051
4610 5 2 99991 1 4033 4357 4375 4051 4034 4358 4376 4052
4611 5 2 99991 1 4034 4358 4376 4052 4035 4359 4377 4053
4612 5 2 99991 1 4035 4359 4377 4053 4036 4360 4378 4054
4613 5 2 99991 1 4036 4360 4378 4054 4037 4361 4379 4055
4614 5 2 99991 1 4037 4361 4379 4055 4038 4362 4380 4056
4615 5 2 99991 1 4038 4362 4380 4056 4039 4363 4381 4057
4616 5 2 99991 1 4039 4363 4381 4057 4040 4364 4382 4058
4617 5 2 99991 1 4040 4364 4382 4058 1948 1966 1967 1949
4618 5 2 99991 1 329 347 348 330 4041 4365 4383 4059
4619 5 2 99991 1 4041 4365 4383 4059 4042 4366 4384 4060
4620 5 2 99991 1 4042 4366 4384 4060 4043 4367 4385 4061
4621 5 2 99991 1 4043 4367 4385 4061 4044 4368 4386 4062
4622 5 2 99991 1 4044 4368 4386 4062 4045 4369 4387 4063
4623 5 2 99991 1 4045 4369 4387 4063 4046 4370 4388 4064
4624 5 2 99991 1 4046 4370 4388 4064 4047 4371 4389 4065
4625 5 2 99991 1 4047 4371 4389 4065 4048 4372 4390 4066
4626 5 2 99991 1 4048 4372 4390 4066 4049 4373 4391 4067
4627 5 2 99991 1 4049 4373 4391 4067 4050 4374 4392 4068
4628 5 2 99991 1 4050 4374 4392 4068 4051 4375 4393 4069
4629 5 2 99991 1 4051 4375 4393 4069 4052 4376 4394 4070
4630 5 2 99991 1 4052 4376 4394 4070 4053 4377 4395 4071
4631 5 2 99991 1 4053 4377 4395 4071 4054 4378 4396 4072
4632 5 2 99991 1 4054 4378 4396 4072 4055 4379 4397 4073
4633 5 2 99991 1 4055 4379 4397 4073 4056 4380 4398 4074
4634 5 2 99991 1 4056 4380 4398 4074 4057 4381 4399 4075
4635 5 2 99991 1 4057 4381 4399 4075 4058 4382 4400 4076
4636 5 2 99991 1 4058 4382 4400 4076 1949 1967 1968 1950
4637 5 2 99991 1 330 348 349 331 4059 4383 4401 4077
4638 5 2 99991 1 4059 4383 4401 4077 4060 4384 4402 4078
4639 5 2 99991 1 4060 4384 4402 4078 4061 4385 4403 4079
4640 5 2 99991 1 4061 4385 4403 4079 4062 4386 4404 4080
4641 5 2 99991 1 4062 4386 4404 4080 4063 4387 4405 4081
4642 5 2 99991 1 4063 4387 4405 4081 4064 4388 4406 4082
4643 5 2 99991 1 4064 4388 4406 4082 4065 4389 4407 4083
4644 5 2 99991 1 4065 4389 4407 4083 4066 4390 4408 4084
4645 5 2 99991 1 4066 4390 4408 4084 4067 4391 4409 4085
4646 5 2 99991 1 4067 4391 4409 4085 4068 4392 4410 4086
4647 5 2 99991 1 4068 4392 4410 4086 4069 4393 4411 4087
4648 5 2 99991 1 4069 4393 4411 4087 4070 4394 4412 4088
4649 5 2 99991 1 4070 4394 4412 4088 4071 4395 4413 4089
4650 5 2 99991 1 4071 4395 4413 4089 4072 4396 4414 4090
4651 5 2 99991 1 4072 4396 4414 4090 4073 4397 4415 4091
4652 5 2 99991 1 4073 4397 4415 4091 4074 4398 4416 4092
4653 5 2 99991 1 4074 4398 4416 4092 4075 4399 4417 4093
4654 5 2 99991 1 4075 4399 4417 4093 4076 4400 4418 4094
4655 5 2 99991 1 4076 4400 4418 4094 1950 1968 1969 1951
4656 5 2 99991 1 331 349 350 332 4077 4401 4419 4095
4657 5 2 99991 1 4077 4401 4419 4095 4078 4402 4420 4096
4658 5 2 99991 1 4078 4402 4420 4096 4079 4403 4421 4097
4659 5 2 99991 1 4079 4403 4421 4097 4080 4404 4422 4098
4660 5 2 99991 1 4080 4404 4422 4098 4081 4405 4423 4099
4661 5 2 99991 1 4081 4405 4423 4099 4082 4406 4424 4100
4662 5 2 99991 1 4082 4406 4424 4100 4083 4407 4425 4101
4663 5 2 99991 1 4083 4407 4425 4101 4084 4408 4426 4102
4664 5 2 99991 1 4084 4408 4426 4102 4085 4409 4427 4103
4665 5 2 99991 1 4085 4409 4427 4103 4086 4410 4428 4104
4666 5 2 99991 1 4086 4410 4428 4104 4087 4411 4429 4105
4667 5 2 99991 1 4087 4411 4429 4105 4088 4412 4430 4106
4668 5 2 99991 1 4088 4412 4430 4106 4089 4413 4431 4107
4669 5 2 99991 1 4089 4413 4431 4107 4090 4414 4432 4108
4670 5 2 99991 1 4090 4414 4432 4108 4091 4415 4433 4109
4671 5 2 99991 1 4091 4415 4433 4109 4092 4416 4434 4110
4672 5 2 99991 1 4092 4416 4434 4110 4093 4417 4435 4111
4673 5 2 99991 1 4093 4417 4435 4111 4094 4418 4436 4112
4674 5 2 99991 1 4094 4418 4436 4112 1951 1969 1970 1952
4675 5 2 99991 1 332 350 56 57 4095 4419 1719 1737
4676 5 2 99991 1 4095 4419 1719 1737 4096 4420 1720 1738
4677 5 2 99991 1 4096 4420 1720 1738 4097 4421 1721 1739
4678 5 2 99991 1 4097 4421 1721 1739 4098 4422 1722 1740
4679 5 2 99991 1 4098 4422 1722 1740 4099 4423 1723 1741
4680 5 2 99991 1 4099 4423 1723 1741 4100 4424 1724 1742
4681 5 2 99991 1 4100 4424 1724 1742 4101 4425 1725 1743
4682 5 2 99991 1 4101 4425 1725 1743 4102 4426 1726 1744
4683 5 2 99991 1 4102 4426 1726 1744 4103 4427 1727 1745
4684 5 2 99991 1 4103 4427 1727 1745 4104 4428 1728 1746
4685 5 2 99991 1 4104 4428 1728 1746 4105 4429 1729 1747
4686 5 2 99991 1 4105 4429 1729 1747 4106 4430 1730 1748
4687 5 2 99991 1 4106 4430 1730 1748 4107 4431 1731 1749
4688 5 2 99991 1 4107 4431 1731 1749 4108 4432 1732 1750
4689 5 2 99991 1 4108 4432 1732 1750 4109 4433 1733 1751
4690 5 2 99991 1 4109 4433 1733 1751 4110 4434 1734 1752
4691 5 2 99991 1 4110 4434 1734 1752 4111 4435 1735 1753
4692 5 2 99991 1 4111 4435 1735 1753 4112 4436 1736 1754
4693 5 2 99991 1 4112 4436 1736 1754 1952 1970 146 147
4694 5 2 99991 1 15 16 351 333 981 999 4437 4113
4695 5 2 99991 1 981 999 4437 4113 982 1000 4438 4114
4696 5 2 99991 1 982 1000 4438 4114 983 1001 4439 4115
4697 5 2 99991 1 983 1001 4439 4115 984 1002 4440 4116
4698 5 2 99991 1 984 1002 4440 4116 985 1003 4441 4117
4699 5 2 99991 1 985 1003 4441 4117 986 1004 4442 4118
4700 5 2 99991 1 986 1004 4442 4118 987 1005 4443 4119
4701 5 2 99991 1 987 1005 4443 4119 988 1006 4444 4120
4702 5 2 99991 1 988 1006 4444 4120 989 1007 4445 4121
4703 5 2 99991 1 989 1007 4445 4121 990 1008 4446 4122
4704 5 2 99991 1 990 1008 4446 4122 991 1009 4447 4123
4705 5 2 99991 1 991 1009 4447 4123 992 1010 4448 4124
4706 5 2 99991 1 992 1010 4448 4124 993 1011 4449 4125
4707 5 2 99991 1 993 1011 4449 4125 994 1012 4450 4126
4708 5 2 99991 1 994 1012 4450 4126 995 1013 4451 4127
4709 5 2 99991 1 995 1013 4451 4127 996 1014 4452 4128
4710 5 2 99991 1 996 1014 4452 4128 997 1015 4453 4129
4711 5 2 99991 1 997 1015 4453 4129 998 1016 4454 4130
4712 5 2 99991 1 998 1016 4454 4130 105 106 1971 1953
4713 5 2 99991 1 333 351 352 334 4113 4437 4455 4131
4714 5 2 99991 1 4113 4437 4455 4131 4114 4438 4456 4132
4715 5 2 99991 1 4114 4438 4456 4132 4115 4439 4457 4133
4716 5 2 99991 1 4115 4439 4457 4133 4116 4440 4458 4134
4717 5 2 99991 1 4116 4440 4458 4134 4117 4441 4459 4135
4718 5 2 99991 1 4117 4441 4459 4135 4118 4442 4460 4136
4719 5 2 99991 1 4118 4442 4460 4136 4119 4443 4461 4137
4720 5 2 99991 1 4119 4443 4461 4137 4120 4444 4462 4138
4721 5 2 99991 1 4120 4444 4462 4138 4121 4445 4463 4139
4722 5 2 99991 1 4121 4445 4463 4139 4122 4446 4464 4140
4723 5 2 99991 1 4122 4446 4464 4140 4123 4447 4465 4141
4724 5 2 99991 1 4123 4447 4465 4141 4124 4448 4466 4142
4725 5 2 99991 1 4124 4448 4466 4142 4125 4449 4467 4143
4726 5 2 99991 1 4125 4449 4467 4143 4126 4450 4468 4144
4727 5 2 99991 1 4126 4450 4468 4144 4127 4451 4469 4145
4728 5 2 99991 1 4127 4451 4469 4145 4128 4452 4470 4146
4729 5 2 99991 1 4128 4452 4470 4146 4129 4453 4471 4147
4730 5 2 99991 1 4129 4453 4471 4147 4130 4454 4472 4148
4731 5 2 99991 1 4130 4454 4472 4148 1953 1971 1972 1954
4732 5 2 99991 1 334 352 353 335 4131 4455 4473 4149
4733 5 2 99991 1 4131 4455 4473 4149 4132 4456 4474 4150
4734 5 2 99991 1 4132 4456 4474 4150 4133 4457 4475 4151
4735 5 2 99991 1 4133 4457 4475 4151 4134 4458 4476 4152
4736 5 2 99991 1 4134 4458 4476 4152 4135 4459 4477 4153
4737 5 2 99991 1 4135 4459 4477 4153 4136 4460 4478 4154
4738 5 2 99991 1 4136 4460 4478 4154 4137 4461 4479 4155
4739 5 2 99991 1 4137 4461 4479 4155 4138 4462 4480 4156
4740 5 2 99991 1 4138 4462 4480 4156 4139 4463 4481 4157
4741 5 2 99991 1 4139 4463 4481 4157 4140 4464 4482 4158
4742 5 2 99991 1 4140 4464 4482 4158 4141 4465 4483 4159
4743 5 2 99991 1 4141 4465 4483 4159 4142 4466 4484 4160
4744 5 2 99991 1 4142 4466 4484 4160 4143 4467 4485 4161
4745 5 2 99991 1 4143 4467 4485 4161 4144 4468 4486 4162
4746 5 2 99991 1 4144 4468 4486 4162 4145 4469 4487 4163
4747 5 2 99991 1 4145 4469 4487 4163 4146 4470 4488 4164
4748 5 2 99991 1 4146 4470 4488 4164 4147 4471 4489 4165
4749 5 2 99991 1 4147 4471 4489 4165 4148 4472 4490 4166
4750 5 2 99991 1 4148 4472 4490 4166 1954 1972 1973 1955
4751 5 2 99991 1 335 353 354 336 4149 4473 4491 4167
4752 5 2 99991 1 4149 4473 4491 4167 4150 4474 4492 4168
4753 5 2 99991 1 4150 4474 4492 4168 4151 4475 4493 4169
4754 5 2 99991 1 4151 4475 4493 4169 4152 4476 4494 4170
4755 5 2 99991 1 4152 4476 4494 4170 4153 4477 4495 4171
4756 5 2 99991 1 4153 4477 4495 4171 4154 4478 4496 4172
4757 5 2 99991 1 4154 4478 4496 4172 4155 4479 4497 4173
4758 5 2 99991 1 4155 4479 4497 4173 4156 4480 4498 4174
4759 5 2 99991 1 4156 4480 4498 4174 4157 4481 4499 4175
4760 5 2 99991 1 4157 4481 4499 4175 4158 4482 4500 4176
4761 5 2 99991 1 4158 4482 4500 4176 4159 4483 4501 4177
4762 5 2 99991 1 4159 4483 4501 4177 4160 4484 4502 4178
4763 5 2 99991 1 4160 4484 4502 4178 4161 4485 4503 4179
4764 5 2 99991 1 4161 4485 4503 4179 4162 4486 4504 4180
4765 5 2 99991 1 4162 4486 4504 4180 4163 4487 4505 4181
4766 5 2 99991 1 4163 4487 4505 4181 4164 4488 4506 4182
4767 5 2 99991 1 4164 4488 4506 4182 4165 4489 4507 4183
4768 5 2 99991 1 4165 4489 4507 4183 4166 4490 4508 4184
4769 5 2 99991 1 4166 4490 4508 4184 1955 1973 1974 1956
4770 5 2 99991 1 336 354 355 337 4167 4491 4509 4185
4771 5 2 99991 1 4167 4491 4509 4185 4168 4492 4510 4186
4772 5 2 99991 1 4168 4492 4510 4186 4169 4493 4511 4187
4773 5 2 99991 1 4169 4493 4511 4187 4170 4494 4512 4188
4774 5 2 99991 1 4170 4494 4512 4188 4171 4495 4513 4189
4775 5 2 99991 1 4171 4495 4513 4189 4172 4496 4514 4190
4776 5 2 99991 1 4172 4496 4514 4190 4173 4497 4515 4191
4777 5 2 99991 1 4173 4497 4515 4191 4174 4498 4516 4192
4778 5 2 99991 1 4174 4498 4516 4192 4175 4499 4517 4193
4779 5 2 99991 1 4175 4499 4517 4193 4176 4500 4518 4194
4780 5 2 99991 1 4176 4500 4518 4194 4177 4501 4519 4195
4781 5 2 99991 1 4177 4501 4519 4195 4178 4502 4520 4196
4782 5 2 99991 1 4178 4502 4520 4196 4179 4503 4521 4197
4783 5 2 99991 1 4179 4503 4521 4197 4180 4504 4522 4198
4784 5 2 99991 1 4180 4504 4522 4198 4181 4505 4523 4199
4785 5 2 99991 1 4181 4505 4523 4199 4182 4506 4524 4200
4786 5 2 99991 1 4182 4506 4524 4200 4183 4507 4525 4201
4787 5 2 99991 1 4183 4507 4525 4201 4184 4508 4526 4202
4788 5 2 99991 1 4184 4508 4526 4202 1956 1974 1975 1957
4789 5 2 99991 1 337 355 356 338 4185 4509 4527 4203
4790 5 2 99991 1 4185 4509 4527 4203 4186 4510 4528 4204
4791 5 2 99991 1 4186 4510 4528 4204 4187 4511 4529 4205
4792 5 2 99991 1 4187 4511 4529 4205 4188 4512 4530 4206
4793 5 2 99991 1 4188 4512 4530 4206 4189 4513 4531 4207
4794 5 2 99991 1 4189 4513 4531 4207 4190 4514 4532 4208
4795 5 2 99991 1 4190 4514 4532 4208 4191 4515 4533 4209
4796 5 2 99991 1 4191 4515 4533 4209 4192 4516 4534 4210
4797 5 2 99991 1 4192 4516 4534 4210 4193 4517 4535 4211
4798 5 2 99991 1 4193 4517 4535 4211 4194 4518 4536 4212
4799 5 2 99991 1 4194 4518 4536 4212 4195 4519 4537 4213
4800 5 2 99991 1 4195 4519 4537 4213 4196 4520 4538 4214
4801 5 2 99991 1 4196 4520 4538 4214 4197 4521 4539 4215
4802 5 2 99991 1 4197 4521 4539 4215 4198 4522 4540 4216
4803 5 2 99991 1 4198 4522 4540 4216 4199 4523 4541 4217
4804 5 2 99991 1 4199 4523 4541 4217 4200 4524 4542 4218
4805 5 2 99991 1 4200 4524 4542 4218 4201 4525 4543 4219
4806 5 2 99991 1 4201 4525 4543 4219 4202 4526 4544 4220
4807 5 2 99991 1 4202 4526 4544 4220 1957 1975 1976 1958
4808 5 2 99991 1 338 356 357 339 4203 4527 4545 4221
4809 5 2 99991 1 4203 4527 4545 4221 4204 4528 4546 4222
4810 5 2 99991 1 4204 4528 4546 4222 4205 4529 4547 4223
4811 5 2 99991 1 4205 4529 4547 4223 4206 4530 4548 4224
4812 5 2 99991 1 4206 4530 4548 4224 4207 4531 4549 4225
4813 5 2 99991 1 4207 4531 4549 4225 4208 4532 4550 4226
4814 5 2 99991 1 4208 4532 4550 4226 4209 4533 4551 4227
4815 5 2 99991 1 4209 4533 4551 4227 4210 4534 4552 4228
4816 5 2 99991 1 4210 4534 4552 4228 4211 4535 4553 4229
4817 5 2 99991 1 4211 4535 4553 4229 4212 4536 4554 4230
4818 5 2 99991 1 4212 4536 4554 4230 4213 4537 4555 4231
4819 5 2 99991 1 4213 4537 4555 4231 4214 4538 4556 4232
4820 5 2 99991 1 4214 4538 4556 4232 4215 4539 4557 4233
4821 5 2 99991 1 4215 4539 4557 4233 4216 4540 4558 4234
4822 5 2 99991 1 4216 4540 4558 4234 4217 4541 4559 4235
4823 5 2 99991 1 4217 4541 4559 4235 4218 4542 4560 4236
4824 5 2 99991 1 4218 4542 4560 4236 4219 4543 4561 4237
4825 5 2 99991 1 4219 4543 4561 4237 4220 4544 4562 4238
4826 5 2 99991 1 4220 4544 4562 4238 1958 1976 1977 1959
4827 5 2 99991 1 339 357 358 340 4221 4545 4563 4239
4828 5 2 99991 1 4221 4545 4563 4239 4222 4546 4564 4240
4829 5 2 99991 1 4222 4546 4564 4240 4223 4547 4565 4241
4830 5 2 99991 1 4223 4547 4565 4241 4224 4548 4566 4242
4831 5 2 99991 1 4224 4548 4566 4242 4225 4549 4567 4243
4832 5 2 99991 1 4225 4549 4567 4243 4226 4550 4568 4244
4833 5 2 99991 1 4226 4550 4568 4244 4227 4551 4569 4245
4834 5 2 99991 1 4227 4551 4569 4245 4228 4552 4570 4246
4835 5 2 99991 1 4228 4552 4570 4246 4229 4553 4571 4247
4836 5 2 99991 1 4229 4553 4571 4247 4230 4554 4572 4248
4837 5 2 99991 1 4230 4554 4572 4248 4231 4555 4573 4249
4838 5 2 99991 1 4231 4555 4573 4249 4232 4556 4574 4250
4839 5 2 99991 1 4232 4556 4574 4250 4233 4557 4575 4251
4840 5 2 99991 1 4233 4557 4575 4251 4234 4558 4576 4252
4841 5 2 99991 1 4234 4558 4576 4252 4235 4559 4577 4253
4842 5 2 99991 1 4235 4559 4577 4253 4236 4560 4578 4254
4843 5 2 99991 1 4236 4560 4578 4254 4237 4561 4579 4255
4844 5 2 99991 1 4237 4561 4579 4255 4238 4562 4580 4256
4845 5 2 99991 1 4238 4562 4580 4256 1959 1977 1978 1960
4846 5 2 99991 1 340 358 359 341 4239 4563 4581 4257
4847 5 2 99991 1 4239 4563 4581 4257 4240 4564 4582 4258
4848 5 2 99991 1 4240 4564 4582 4258 4241 4565 4583 4259
4849 5 2 99991 1 4241 4565 4583 4259 4242 4566 4584 4260
4850 5 2 99991 1 4242 4566 4584 4260 4243 4567 4585 4261
4851 5 2 99991 1 4243 4567 4585 4261 4244 4568 4586 4262
4852 5 2 99991 1 4244 4568 4586 4262 4245 4569 4587 4263
4853 5 2 99991 1 4245 4569 4587 4263 4246 4570 4588 4264
4854 5 2 99991 1 4246 4570 4588 4264 4247 4571 4589 4265
4855 5 2 99991 1 4247 4571 4589 4265 4248 4572 4590 4266
4856 5 2 99991 1 4248 4572 4590 4266 4249 4573 4591 4267
4857 5 2 99991 1 4249 4573 4591 4267 4250 4574 4592 4268
4858 5 2 99991 1 4250 4574 4592 4268 4251 4575 4593 4269
4859 5 2 99991 1 4251 4575 4593 4269 4252 4576 4594 4270
4860 5 2 99991 1 4252 4576 4594 4270 4253 4577 4595 4271
4861 5 2 99991 1 4253 4577 4595 4271 4254 4578 4596 4272
4862 5 2 99991 1 4254 4578 4596 4272 4255 4579 4597 4273
4863 5 2 99991 1 4255 4579 4597 4273 4256 4580 4598 4274
4864 5 2 99991 1 4256 4580 4598 4274 1960 1978 1979 1961
4865 5 2 99991 1 341 359 360 342 4257 4581 4599 4275
4866 5 2 99991 1 4257 4581 4599 4275 4258 4582 4600 4276
4867 5 2 99991 1 4258 4582 4600 4276 4259 4583 4601 4277
4868 5 2 99991 1 4259 4583 4601 4277 4260 4584 4602 4278
4869 5 2 99991 1 4260 4584 4602 4278 4261 4585 4603 4279
4870 5 2 99991 1 4261 4585 4603 4279 4262 4586 4604 4280
4871 5 2 99991 1 4262 4586 4604 4280 4263 4587 4605 4281
4872 5 2 99991 1 4263 4587 4605 4281 4264 4588 4606 4282
4873 5 2 99991 1 4264 4588 4606 4282 4265 4589 4607 4283
4874 5 2 99991 1 4265 4589 4607 4283 4266 4590 4608 4284
4875 5 2 99991 1 4266 4590 4608 4284 4267 4591 4609 4285
4876 5 2 99991 1 4267 4591 4609 4285 4268 4592 4610 4286
4877 5 2 99991 1 4268 4592 4610 4286 4269 4593 4611 4287
4878 5 2 99991 1 4269 4593 4611 4287 4270 4594 4612 4288
4879 5 2 99991 1 4270 4594 4612 4288 4271 4595 4613 4289
4880 5 2 99991 1 4271 4595 4613 4289 4272 4596 4614 4290
4881 5 2 99991 1 4272 4596 4614 4290 4273 4597 4615 4291
4882 5 2 99991 1 4273 4597 4615 4291 4274 4598 4616 4292
4883 5 2 99991 1 4274 4598 4616 4292 1961 1979 1980 1962
4884 5 2 99991 1 342 360 361 343 4275 4599 4617 4293
4885 5 2 99991 1 4275 4599 4617 4293 4276 4600 4618 4294
4886 5 2 99991 1 4276 4600 4618 4294 4277 4601 4619 4295
4887 5 2 99991 1 4277 4601 4619 4295 4278 4602 4620 4296
4888 5 2 99991 1 4278 4602 4620 4296 4279 4603 4621 4297
4889 5 2 99991 1 4279 4603 4621 4297 4280 4604 4622 4298
4890 5 2 99991 1 4280 4604 4622 4298 4281 4605 4623 4299
4891 5 2 99991 1 4281 4605 4623 4299 4282 4606 4624 4300
4892 5 2 99991 1 4282 4606 4624 4300 4283 4607 4625 4301
4893 5 2 99991 1 4283 4607 4625 4301 4284 4608 4626 4302
4894 5 2 99991 1 4284 4608 4626 4302 4285 4609 4627 4303
4895 5 2 99991 1 4285 4609 4627 4303 4286 4610 4628 4304
4896 5 2 99991 1 4286 4610 4628 4304 4287 4611 4629 4305
4897 5 2 99991 1 4287 4611 4629 4305 4288 4612 4630 4306
4898 5 2 99991 1 4288 4612 4630 4306 4289 4613 4631 4307
4899 5 2 99991 1 4289 4613 4631 4307 4290 4614 4632 4308
4900 5 2 99991 1 4290 4614 4632 4308 4291 4615 4633 4309
4901 5 2 99991 1 4291 4615 4633 4309 4292 4616 4634 4310
4902 5 2 99991 1 4292 4616 4634 4310 1962 1980 1981 1963
4903 5 2 99991 1 343 361 362 344 4293 4617 4635 4311
4904 5 2 99991 1 4293 4617 4635 4311 4294 4618 4636 4312
4905 5 2 99991 1 4294 4618 4636 4312 4295 4619 4637 4313
4906 5 2 99991 1 4295 4619 4637 4313 4296 4620 4638 4314
4907 5 2 99991 1 4296 4620 4638 4314 4297 4621 4639 4315
4908 5 2 99991 1 4297 4621 4639 4315 4298 4622 4640 4316
4909 5 2 99991 1 4298 4622 4640 4316 4299 4623 4641 4317
4910 5 2 99991 1 4299 4623 4641 4317 4300 4624 4642 4318
4911 5 2 99991 1 4300 4624 4642 4318 4301 4625 4643 4319
4912 5 2 99991 1 4301 4625 4643 4319 4302 4626 4644 4320
4913 5 2 99991 1 4302 4626 4644 4320 4303 4627 4645 4321
4914 5 2 99991 1 4303 4627 4645 4321 4304 4628 4646 4322
4915 5 2 99991 1 4304 4628 4646 4322 4305 4629 4647 4323
4916 5 2 99991 1 4305 4629 4647 4323 4306 4630 4648 4324
4917 5 2 99991 1 4306 4630 4648 4324 4307 4631 4649 4325
4918 5 2 99991 1 4307 4631 4649 4325 4308 4632 4650 4326
4919 5 2 99991 1 4308 4632 4650 4326 4309 4633 4651 4327
4920 5 2 99991 1 4309 4633 4651 4327 4310 4634 4652 4328
4921 5 2 99991 1 4310 4634 4652 4328 1963 1981 1982 1964
4922 5 2 99991 1 344 362 363 345 4311 4635 4653 4329
4923 5 2 99991 1 4311 4635 4653 4329 4312 4636 4654 4330
4924 5 2 99991 1 4312 4636 4654 4330 4313 4637 4655 4331
4925 5 2 99991 1 4313 4637 4655 4331 4314 4638 4656 4332
4926 5 2 99991 1 4314 4638 4656 4332 4315 4639 4657 4333
4927 5 2 99991 1 4315 4639 4657 4333 4316 4640 4658 4334
4928 5 2 99991 1 4316 4640 4658 4334 4317 4641 4659 4335
4929 5 2 99991 1 4317 4641 4659 4335 4318 4642 4660 4336
4930 5 2 99991 1 4318 4642 4660 4336 4319 4643 4661 4337
4931 5 2 99991 1 4319 4643 4661 4337 4320 4644 4662 4338
4932 5 2 99991 1 4320 4644 4662 4338 4321 4645 4663 4339
4933 5 2 99991 1 4321 4645 4663 4339 4322 4646 4664 4340
4934 5 2 99991 1 4322 4646 4664 4340 4323 4647 4665 4341
4935 5 2 99991 1 4323 4647 4665 4341 4324 4648 4666 4342
4936 5 2 99991 1 4324 4648 4666 4342 4325 4649 4667 4343
4937 5 2 99991 1 4325 4649 4667 4343 4326 4650 4668 4344
4938 5 2 99991 1 4326 4650 4668 4344 4327 4651 4669 4345
4939 5 2 99991 1 4327 4651 4669 4345 4328 4652 4670 4346
4940 5 2 99991 1 4328 4652 4670 4346 1964 1982 1983 1965
4941 5 2 99991 1 345 363 364 346 4329 4653 4671 4347
4942 5 2 99991 1 4329 4653 4671 4347 4330 4654 4672 4348
4943 5 2 99991 1 4330 4654 4672 4348 4331 4655 4673 4349
4944 5 2 99991 1 4331 4655 4673 4349 4332 4656 4674 4350
4945 5 2 99991 1 4332 4656 4674 4350 4333 4657 4675 4351
4946 5 2 99991 1 4333 4657 4675 4351 4334 4658 4676 4352
4947 5 2 99991 1 4334 4658 4676 4352 4335 4659 4677 4353
4948 5 2 99991 1 4335 4659 4677 4353 4336 4660 4678 4354
4949 5 2 99991 1 4336 4660 4678 4354 4337 4661 4679 4355
4950 5 2 99991 1 4337 4661 4679 4355 4338 4662 4680 4356
4951 5 2 99991 1 4338 4662 4680 4356 4339 4663 4681 4357
4952 5 2 99991 1 4339 4663 4681 4357 4340 4664 4682 4358
4953 5 2 99991 1 4340 4664 4682 4358 4341 4665 4683 4359
4954 5 2 99991 1 4341 4665 4683 4359 4342 4666 4684 4360
4955 5 2 99991 1 4342 4666 4684 4360 4343 4667 4685 4361
4956 5 2 99991 1 4343 4667 4685 4361 4344 4668 4686 4362
4957 5 2 99991 1 4344 4668 4686 4362 4345 4669 4687 4363
4958 5 2 99991 1 4345 4669 4687 4363 4346 4670 4688 4364
4959 5 2 99991 1 4346 4670 4688 4364 1965 1983 1984 1966
4960 5 2 99991 1 346 364 365 347 4347 4671 4689 4365
4961 5 2 99991 1 4347 4671 4689 4365 4348 4672 4690 4366
4962 5 2 99991 1 4348 4672 4690 4366 4349 4673 4691 4367
4963 5 2 99991 1 4349 4673 4691 4367 4350 4674 4692 4368
4964 5 2 99991 1 4350 4674 4692 4368 4351 4675 4693 4369
4965 5 2 99991 1 4351 4675 4693 4369 4352 4676 4694 4370
4966 5 2 99991 1 4352 4676 4694 4370 4353 4677 4695 4371
4967 5 2 99991 1 4353 4677 4695 4371 4354 4678 4696 4372
4968 5 2 99991 1 4354 4678 4696 4372 4355 4679 4697 4373
4969 5 2 99991 1 4355 4679 4697 4373 4356 4680 4698 4374
4970 5 2 99991 1 4356 4680 4698 4374 4357 4681 4699 4375
4971 5 2 99991 1 4357 4681 4699 4375 4358 4682 4700 4376
4972 5 2 99991 1 4358 4682 4700 4376 4359 4683 4701 4377
4973 5 2 99991 1 4359 4683 4701 4377 4360 4684 4702 4378
4974 5 2 99991 1 4360 4684 4702 4378 4361 4685 4703 4379
4975 5 2 99991 1 4361 4685 4703 4379 4362 4686 4704 4380
4976 5 2 99991 1 4362 4686 4704 4380 4363 4687 4705 4381
4977 5 2 99991 1 4363 4687 4705 4381 4364 4688 4706 4382
4978 5 2 99991 1 4364 4688 4706 4382 1966 1984 1985 1967
4979 5 2 99991 1 347 365 366 348 4365 4689 4707 4383
4980 5 2 99991 1 4365 4689 4707 4383 4366 4690 4708 4384
4981 5 2 99991 1 4366 4690 4708 4384 4367 4691 4709 4385
4982 5 2 99991 1 4367 4691 4709 4385 4368 4692 4710 4386
4983 5 2 99991 1 4368 4692 4710 4386 4369 4693 4711 4387
4984 5 2 99991 1 4369 4693 4711 4387 4370 4694 4712 4388
4985 5 2 99991 1 4370 4694 4712 4388 4371 4695 4713 4389
4986 5 2 99991 1 4371 4695 4713 4389 4372 4696 4714 4390
4987 5 2 99991 1 4372 4696 4714 4390 4373 4697 4715 4391
4988 5 2 99991 1 4373 4697 4715 4391 4374 4698 4716 4392
4989 5 2 99991 1 4374 4698 4716 4392 4375 4699 4717 4393
4990 5 2 99991 1 4375 4699 4717 4393 4376 4700 4718 4394
4991 5 2 99991 1 4376 4700 4718 4394 4377 4701 4719 4395
4992 5 2 99991 1 4377 4701 4719 4395 4378 4702 4720 4396
4993 5 2 99991 1 4378 4702 4720 4396 4379 4703 4721 4397
4994 5 2 99991 1 4379 4703 4721 4397 4380 4704 4722 4398
4995 5 2 99991 1 4380 4704 4722 4398 4381 4705 4723 4399
4996 5 2 99991 1 4381 4705 4723 4399 4382 4706 4724 4400
4997 5 2 99991 1 4382 4706 4724 4400 1967 1985 1986 1968
4998 5 2 99991 1 348 366 367 349 4383 4707 4725 4401
4999 5 2 99991 1 4383 4707 4725 4401 4384 4708 4726 4402
5000 5 2 99991 1 4384 4708 4726 4402 4385 4709 4727 4403
5001 5 2 99991 1 4385 4709 4727 4403 4386 4710 4728 4404
5002 5 2 99991 1 4386 4710 4728 4404 4387 4711 4729 4405
5003 5 2 99991 1 4387 4711 4729 4405 4388 4712 4730 4406
5004 5 2 99991 1 4388 4712 4730 4406 4389 4713 4731 4407
5005 5 2 99991 1 4389 4713 4731 4407 4390 4714 4732 4408
5006 5 2 99991 1 4390 4714 4732 4408 4391 4715 4733 4409
5007 5 2 99991 1 4391 4715 4733 4409 4392 4716 4734 4410
5008 5 2 99991 1 4392 4716 4734 4410 4393 4717 4735 4411
5009 5 2 99991 1 4393 4717 4735 4411 4394 4718 4736 4412
5010 5 2 99991 1 4394 4718 4736 4412 4395 4719 4737 4413
5011 5 2 99991 1 4395 4719 4737 4413 4396 4720 4738 4414
5012 5 2 99991 1 4396 4720 4738 4414 4397 4721 4739 4415
5013 5 2 99991 1 4397 4721 4739 4415 4398 4722 4740 4416
5014 5 2 99991 1 4398 4722 4740 4416 4399 4723 4741 4417
5015 5 2 99991 1 4399 4723 4741 4417 4400 4724 4742 4418
5016 5 2 99991 1 4400 4724 4742 4418 1968 1986 1987 1969
5017 5 2 99991 1 349 367 368 350 4401 4725 4743 4419
5018 5 2 99991 1 4401 4725 4743 4419 4402 4726 4744 4420
5019 5 2 99991 1 4402 4726 4744 4420 4403 4727 4745 4421
5020 5 2 99991 1 4403 4727 4745 4421 4404 4728 4746 4422
5021 5 2 99991 1 4404 4728 4746 4422 4405 4729 4747 4423
5022 5 2 99991 1 4405 4729 4747 4423 4406 4730 4748 4424
5023 5 2 99991 1 4406 4730 4748 4424 4407 4731 4749 4425
5024 5 2 99991 1 4407 4731 4749 4425 4408 4732 4750 4426
5025 5 2 99991 1 4408 4732 4750 4426 4409 4733 4751 4427
5026 5 2 99991 1 4409 4733 4751 4427 4410 4734 4752 4428
5027 5 2 99991 1 4410 4734 4752 4428 4411 4735 4753 4429
5028 5 2 99991 1 4411 4735 4753 4429 4412 4736 4754 4430
5029 5 2 99991 1 4412 4736 4754 4430 4413 4737 4755 4431
5030 5 2 99991 1 4413 4737 4755 4431 4414 4738 4756 4432
5031 5 2 99991 1 4414 4738 4756 4432 4415 4739 4757 4433
5032 5 2 99991 1 4415 4739 4757 4433 4416 4740 4758 4434
5033 5 2 99991 1 4416 4740 4758 4434 4417 4741 4759 4435
5034 5 2 99991 1 4417 4741 4759 4435 4418 4742 4760 4436
5035 5 2 99991 1 4418 4742 4760 4436 1969 1987 1988 1970
5036 5 2 99991 1 350 368 55 56 4419 4743 1701 1719
5037 5 2 99991 1 4419 4743 1701 1719 4420 4744 1702 1720
5038 5 2 99991 1 4420 4744 1702 1720 4421 4745 1703 1721
5039 5 2 99991 1 4421 4745 1703 1721 4422 4746 1704 1722
5040 5 2 99991 1 4422 4746 1704 1722 4423 4747 1705 1723
5041 5 2 99991 1 4423 4747 1705 1723 4424 4748 1706 1724
5042 5 2 99991 1 4424 4748 1706 1724 4425 4749 1707 1725
5043 5 2 99991 1 4425 4749 1707 1725 4426 4750 1708 1726
5044 5 2 99991 1 4426 4750 1708 1726 4427 4751 1709 1727
5045 5 2 99991 1 4427 4751 1709 1727 4428 4752 1710 1728
5046 5 2 99991 1 4428 4752 1710 1728 4429 4753 1711 1729
5047 5 2 99991 1 4429 4753 1711 1729 4430 4754 1712 1730
5048 5 2 99991 1 4430 4754 1712 1730 4431 4755 1713 1731
5049 5 2 99991 1 4431 4755 1713 1731 4432 4756 1714 1732
5050 5 2 99991 1 4432 4756 1714 1732 4433 4757 1715 1733
5051 5 2 99991 1 4433 4757 1715 1733 4434 4758 1716 1734
5052 5 2 99991 1 4434 4758 1716 1734 4435 4759 1717 1735
5053 5 2 99991 1 4435 4759 1717 1735 4436 4760 1718 1736
5054 5 2 99991 1 4436 4760 1718 1736 1970 1988 145 146
5055 5 2 99991 1 16 17 369 351 999 1017 4761 4437
5056 5 2 99991 1 999 1017 4761 4437 1000 1018 4762 4438
5057 5 2 99991 1 1000 1018 4762 4438 1001 1019 4763 4439
5058 5 2 99991 1 1001 1019 4763 4439 1002 1020 4764 4440
5059 5 2 99991 1 1002 1020 4764 4440 1003 1021 4765 4441
5060 5 2 99991 1 1003 1021 4765 4441 1004 1022 4766 4442
5061 5 2 99991 1 1004 1022 4766 4442 1005 1023 4767 4443
5062 5 2 99991 1 1005 1023 4767 4443 1006 1024 4768 4444
5063 5 2 99991 1 1006 1024 4768 4444 1007 1025 4769 4445
5064 5 2 99991 1 1007 1025 4769 4445 1008 1026 4770 4446
5065 5 2 99991 1 1008 1026 4770 4446 1009 1027 4771 4447
5066 5 2 99991 1 1009 1027 4771 4447 1010 1028 4772 4448
5067 5 2 99991 1 1010 1028 4772 4448 1011 1029 4773 4449
5068 5 2 99991 1 1011 1029 4773 4449 1012 1030 4774 4450
5069 5 2 99991 1 1012 1030 4774 4450 1013 1031 4775 4451
5070 5 2 99991 1 1013 1031 4775 4451 1014 1032 4776 4452
5071 5 2 99991 1 1014 1032 4776 4452 1015 1033 4777 4453
5072 5 2 99991 1 1015 1033 4777 4453 1016 1034 4778 4454
5073 5 2 99991 1 1016 1034 4778 4454 106 107 1989 1971
5074 5 2 99991 1 351 369 370 352 4437 4761 4779 4455
5075 5 2 99991 1 4437 4761 4779 4455 4438 4762 4780 4456
5076 5 2 99991 1 4438 4762 4780 4456 4439 4763 4781 4457
5077 5 2 99991 1 4439 4763 4781 4457 4440 4764 4782 4458
5078 5 2 99991 1 4440 4764 4782 4458 4441 4765 4783 4459
5079 5 2 99991 1 4441 4765 4783 4459 4442 4766 4784 4460
5080 5 2 99991 1 4442 4766 4784 4460 4443 4767 4785 4461
5081 5 2 99991 1 4443 4767 4785 4461 4444 4768 4786 4462
5082 5 2 99991 1 4444 4768 4786 4462 4445 4769 4787 4463
5083 5 2 99991 1 4445 4769 4787 4463 4446 4770 4788 4464
5084 5 2 99991 1 4446 4770 4788 4464 4447 4771 4789 4465
5085 5 2 99991 1 4447 4771 4789 4465 4448 4772 4790 4466
5086 5 2 99991 1 4448 4772 4790 4466 4449 4773 4791 4467
5087 5 2 99991 1 4449 4773 4791 4467 4450 4774 4792 4468
5088 5 2 99991 1 4450 4774 4792 4468 4451 4775 4793 4469
5089 5 2 99991 1 4451 4775 4793 4469 4452 4776 4794 4470
5090 5 2 99991 1 4452 4776 4794 4470 4453 4777 4795 4471
5091 5 2 99991 1 4453 4777 4795 4471 4454 4778 4796 4472
5092 5 2 99991 1 4454 4778 4796 4472 1971 1989 1990 1972
5093 5 2 99991 1 352 370 371 353 4455 4779 4797 4473
5094 5 2 99991 1 4455 4779 4797 4473 4456 4780 4798 4474
5095 5 2 99991 1 4456 4780 4798 4474 4457 4781 4799 4475
5096 5 2 99991 1 4457 4781 4799 4475 4458 4782 4800 4476
5097 5 2 99991 1 4458 4782 4800 4476 4459 4783 4801 4477
5098 5 2 99991 1 4459 4783 4801 4477 4460 4784 4802 4478
5099 5 2 99991 1 4460 4784 4802 4478 4461 4785 4803 4479
5100 5 2 99991 1 4461 4785 4803 4479 4462 4786 4804 4480
5101 5 2 99991 1 4462 4786 4804 4480 4463 4787 4805 4481
5102 5 2 99991 1 4463 4787 4805 4481 4464 4788 4806 4482
5103 5 2 99991 1 4464 4788 4806 4482 4465 4789 4807 4483
5104 5 2 99991 1 4465 4789 4807 4483 4466 4790 4808 4484
5105 5 2 99991 1 4466 4790 4808 4484 4467 4791 4809 4485
5106 5 2 99991 1 4467 4791 4809 4485 4468 4792 4810 4486
5107 5 2 99991 1 4468 4792 4810 4486 4469 4793 4811 4487
5108 5 2 99991 1 4469 4793 4811 4487 4470 4794 4812 4488
5109 5 2 99991 1 4470 4794 4812 4488 4471 4795 4813 4489
5110 5 2 99991 1 4471 4795 4813 4489 4472 4796 4814 4490
5111 5 2 99991 1 4472 4796 4814 4490 1972 1990 1991 1973
5112 5 2 99991 1 353 371 372 354 4473 4797 4815 4491
5113 5 2 99991 1 4473 4797 4815 4491 4474 4798 4816 4492
5114 5 2 99991 1 4474 4798 4816 4492 4475 4799 4817 4493
5115 5 2 99991 1 4475 4799 4817 4493 4476 4800 4818 4494
5116 5 2 99991 1 4476 4800 4818 4494 4477 4801 4819 4495
5117 5 2 99991 1 4477 4801 4819 4495 4478 4802 4820 4496
5118 5 2 99991 1 4478 4802 4820 4496 4479 4803 4821 4497
5119 5 2 99991 1 4479 4803 4821 4497 4480 4804 4822 4498
5120 5 2 99991 1 4480 4804 4822 4498 4481 4805 4823 4499
5121 5 2 99991 1 4481 4805 4823 4499 4482 4806 4824 4500
5122 5 2 99991 1 4482 4806 4824 4500 4483 4807 4825 4501
5123 5 2 99991 1 4483 4807 4825 4501 4484 4808 4826 4502
5124 5 2 99991 1 4484 4808 4826 4502 4485 4809 4827 4503
5125 5 2 99991 1 4485 4809 4827 4503 4486 4810 4828 4504
5126 5 2 99991 1 4486 4810 4828 4504 4487 4811 4829 4505
5127 5 2 99991 1 4487 4811 4829 4505 4488 4812 4830 4506
5128 5 2 99991 1 4488 4812 4830 4506 4489 4813 4831 4507
5129 5 2 99991 1 4489 4813 4831 4507 4490 4814 4832 4508
5130 5 2 99991 1 4490 4814 4832 4508 1973 1991 1992 1974
5131 5 2 99991 1 354 372 373 355 4491 4815 4833 4509
5132 5 2 99991 1 4491 4815 4833 4509 4492 4816 4834 4510
5133 5 2 99991 1 4492 4816 4834 4510 4493 4817 4835 4511
5134 5 2 99991 1 4493 4817 4835 4511 4494 4818 4836 4512
5135 5 2 99991 1 4494 4818 4836 4512 4495 4819 4837 4513
5136 5 2 99991 1 4495 4819 4837 4513 4496 4820 4838 4514
5137 5 2 99991 1 4496 4820 4838 4514 4497 4821 4839 4515
5138 5 2 99991 1 4497 4821 4839 4515 4498 4822 4840 4516
5139 5 2 99991 1 4498 4822 4840 4516 4499 4823 4841 4517
5140 5 2 99991 1 4499 4823 4841 4517 4500 4824 4842 4518
5141 5 2 99991 1 4500 4824 4842 4518 4501 4825 4843 4519
5142 5 2 99991 1 4501 4825 4843 4519 4502 4826 4844 4520
5143 5 2 99991 1 4502 4826 4844 4520 4503 4827 4845 4521
5144 5 2 99991 1 4503 4827 4845 4521 4504 4828 4846 4522
5145 5 2 99991 1 4504 4828 4846 4522 4505 4829 4847 4523
5146 5 2 99991 1 4505 4829 4847 4523 4506 4830 4848 4524
5147 5 2 99991 1 4506 4830 4848 4524 4507 4831 4849 4525
5148 5 2 99991 1 4507 4831 4849 4525 4508 4832 4850 4526
5149 5 2 99991 1 4508 4832 4850 4526 1974 1992 1993 1975
5150 5 2 99991 1 355 373 374 356 4509 4833 4851 4527
5151 5 2 99991 1 4509 4833 4851 4527 4510 4834 4852 4528
5152 5 2 99991 1 4510 4834 4852 4528 4511 4835 4853 4529
5153 5 2 99991 1 4511 4835 4853 4529 4512 4836 4854 4530
5154 5 2 99991 1 4512 4836 4854 4530 4513 4837 4855 4531
5155 5 2 99991 1 4513 4837 4855 4531 4514 4838 4856 4532
5156 5 2 99991 1 4514 4838 4856 4532 4515 4839 4857 4533
5157 5 2 99991 1 4515 4839 4857 4533 4516 4840 4858 4534
5158 5 2 99991 1 4516 4840 4858 4534 4517 4841 4859 4535
5159 5 2 99991 1 4517 4841 4859 4535 4518 4842 4860 4536
5160 5 2 99991 1 4518 4842 4860 4536 4519 4843 4861 4537
5161 5 2 99991 1 4519 4843 4861 4537 4520 4844 4862 4538
5162 5 2 99991 1 4520 4844 4862 4538 4521 4845 4863 4539
5163 5 2 99991 1 4521 4845 4863 4539 4522 4846 4864 4540
5164 5 2 99991 1 4522 4846 4864 4540 4523 4847 4865 4541
5165 5 2 99991 1 4523 4847 4865 4541 4524 4848 4866 4542
5166 5 2 99991 1 4524 4848 4866 4542 4525 4849 4867 4543
5167 5 2 99991 1 4525 4849 4867 4543 4526 4850 4868 4544
5168 5 2 99991 1 4526 4850 4868 4544 1975 1993 1994 1976
5169 5 2 99991 1 356 374 375 357 4527 4851 4869 4545
5170 5 2 99991 1 4527 4851 4869 4545 4528 4852 4870 4546
5171 5 2 99991 1 4528 4852 4870 4546 4529 4853 4871 4547
5172 5 2 99991 1 4529 4853 4871 4547 4530 4854 4872 4548
5173 5 2 99991 1 4530 4854 4872 4548 4531 4855 4873 4549
5174 5 2 99991 1 4531 4855 4873 4549 4532 4856 4874 4550
5175 5 2 99991 1 4532 4856 4874 4550 4533 4857 4875 4551
5176 5 2 99991 1 4533 4857 4875 4551 4534 4858 4876 4552
5177 5 2 99991 1 4534 4858 4876 4552 4535 4859 4877 4553
5178 5 2 99991 1 4535 4859 4877 4553 4536 4860 4878 4554
5179 5 2 99991 1 4536 4860 4878 4554 4537 4861 4879 4555
5180 5 2 99991 1 4537 4861 4879 4555 4538 4862 4880 4556
5181 5 2 99991 1 4538 4862 4880 4556 4539 4863 4881 4557
5182 5 2 99991 1 4539 4863 4881 4557 4540 4864 4882 4558
5183 5 2 99991 1 4540 4864 4882 4558 4541 4865 4883 4559
5184 5 2 99991 1 4541 4865 4883 4559 4542 4866 4884 4560
5185 5 2 99991 1 4542 4866 4884 4560 4543 4867 4885 4561
5186 5 2 99991 1 4543 4867 4885 4561 4544 4868 4886 4562
5187 5 2 99991 1 4544 4868 4886 4562 1976 1994 1995 1977
5188 5 2 99991 1 357 375 376 358 4545 4869 4887 4563
5189 5 2 99991 1 4545 4869 4887 4563 4546 4870 4888 4564
5190 5 2 99991 1 4546 4870 4888 4564 4547 4871 4889 4565
5191 5 2 99991 1 4547 4871 4889 4565 4548 4872 4890 4566
5192 5 2 99991 1 4548 4872 4890 4566 4549 4873 4891 4567
5193 5 2 99991 1 4549 4873 4891 4567 4550 4874 4892 4568
5194 5 2 99991 1 4550 4874 4892 4568 4551 4875 4893 4569
5195 5 2 99991 1 4551 4875 4893 4569 4552 4876 4894 4570
5196 5 2 99991 1 4552 4876 4894 4570 4553 4877 4895 4571
5197 5 2 99991 1 4553 4877 4895 4571 4554 4878 4896 4572
5198 5 2 99991 1 4554 4878 4896 4572 4555 4879 4897 4573
5199 5 2 99991 1 4555 4879 4897 4573 4556 4880 4898 4574
5200 5 2 99991 1 4556 4880 4898 4574 4557 4881 4899 4575
5201 5 2 99991 1 4557 4881 4899 4575 4558 4882 4900 4576
5202 5 2 99991 1 4558 4882 4900 4576 4559 4883 4901 4577
5203 5 2 99991 1 4559 4883 4901 4577 4560 4884 4902 4578
5204 5 2 99991 1 4560 4884 4902 4578 4561 4885 4903 4579
5205 5 2 99991 1 4561 4885 4903 4579 4562 4886 4904 4580
5206 5 2 99991 1 4562 4886 4904 4580 1977 1995 1996 1978
5207 5 2 99991 1 358 376 377 359 4563 4887 4905 4581
5208 5 2 99991 1 4563 4887 4905 4581 4564 4888 4906 4582
5209 5 2 99991 1 4564 4888 4906 4582 4565 4889 4907 4583
5210 5 2 99991 1 4565 4889 4907 4583 4566 4890 4908 4584
5211 5 2 99991 1 4566 4890 4908 4584 4567 4891 4909 4585
5212 5 2 99991 1 4567 4891 4909 4585 4568 4892 4910 4586
5213 5 2 99991 1 4568 4892 4910 4586 4569 4893 4911 4587
5214 5 2 99991 1 4569 4893 4911 4587 4570 4894 4912 4588
5215 5 2 99991 1 4570 4894 4912 4588 4571 4895 4913 4589
5216 5 2 99991 1 4571 4895 4913 4589 4572 4896 4914 4590
5217 5 2 99991 1 4572 4896 4914 4590 4573 4897 4915 4591
5218 5 2 99991 1 4573 4897 4915 4591 4574 4898 4916 4592
5219 5 2 99991 1 4574 4898 4916 4592 4575 4899 4917 4593
5220 5 2 99991 1 4575 4899 4917 4593 4576 4900 4918 4594
5221 5 2 99991 1 4576 4900 4918 4594 4577 4901 4919 4595
5222 5 2 99991 1 4577 4901 4919 4595 4578 4902 4920 4596
5223 5 2 99991 1 4578 4902 4920 4596 4579 4903 4921 4597
5224 5 2 99991 1 4579 4903 4921 4597 4580 4904 4922 4598
5225 5 2 99991 1 4580 4904 4922 4598 1978 1996 1997 1979
5226 5 2 99991 1 359 377 378 360 4581 4905 4923 4599
5227 5 2 99991 1 4581 4905 4923 4599 4582 4906 4924 4600
5228 5 2 99991 1 4582 4906 4924 4600 4583 4907 4925 4601
5229 5 2 99991 1 4583 4907 4925 4601 4584 4908 4926 4602
5230 5 2 99991 1 4584 4908 4926 4602 4585 4909 4927 4603
5231 5 2 99991 1 4585 4909 4927 4603 4586 4910 4928 4604
5232 5 2 99991 1 4586 4910 4928 4604 4587 4911 4929 4605
5233 5 2 99991 1 4587 4911 4929 4605 4588 4912 4930 4606
5234 5 2 99991 1 4588 4912 4930 4606 4589 4913 4931 4607
5235 5 2 99991 1 4589 4913 4931 4607 4590 4914 4932 4608
5236 5 2 99991 1 4590 4914 4932 4608 4591 4915 4933 4609
5237 5 2 99991 1 4591 4915 4933 4609 4592 4916 4934 4610
5238 5 2 99991 1 4592 4916 4934 4610 4593 4917 4935 4611
5239 5 2 99991 1 4593 4917 4935 4611 4594 4918 4936 4612
5240 5 2 99991 1 4594 4918 4936 4612 4595 4919 4937 4613
5241 5 2 99991 1 4595 4919 4937 4613 4596 4920 4938 4614
5242 5 2 99991 1 4596 4920 4938 4614 4597 4921 4939 4615
5243 5 2 99991 1 4597 4921 4939 4615 4598 4922 4940 4616
5244 5 2 99991 1 4598 4922 4940 4616 1979 1997 1998 1980
5245 5 2 99991 1 360 378 379 361 4599 4923 4941 4617
5246 5 2 99991 1 4599 4923 4941 4617 4600 4924 4942 4618
5247 5 2 99991 1 4600 4924 4942 4618 4601 4925 4943 4619
5248 5 2 99991 1 4601 4925 4943 4619 4602 4926 4944 4620
5249 5 2 99991 1 4602 4926 4944 4620 4603 4927 4945 4621
5250 5 2 99991 1 4603 4927 4945 4621 4604 4928 4946 4622
5251 5 2 99991 1 4604 4928 4946 4622 4605 4929 4947 4623
5252 5 2 99991 1 4605 4929 4947 4623 4606 4930 4948 4624
5253 5 2 99991 1 4606 4930 4948 4624 4607 4931 4949 4625
5254 5 2 99991 1 4607 4931 4949 4625 4608 4932 4950 4626
5255 5 2 99991 1 4608 4932 4950 4626 4609 4933 4951 4627
5256 5 2 99991 1 4609 4933 4951 4627 4610 4934 4952 4628
5257 5 2 99991 1 4610 4934 4952 4628 4611 4935 4953 4629
5258 5 2 99991 1 4611 4935 4953 4629 4612 4936 4954 4630
5259 5 2 99991 1 4612 4936 4954 4630 4613 4937 4955 4631
5260 5 2 99991 1 4613 4937 4955 4631 4614 4938 4956 4632
5261 5 2 99991 1 4614 4938 4956 4632 4615 4939 4957 4633
5262 5 2 99991 1 4615 4939 4957 4633 4616 4940 4958 4634
5263 5 2 99991 1 4616 4940 4958 4634 1980 1998 1999 1981
5264 5 2 99991 1 361 379 380 362 4617 4941 4959 4635
5265 5 2 99991 1 4617 4941 4959 4635 4618 4942 4960 4636
5266 5 2 99991 1 4618 4942 4960 4636 4619 4943 4961 4637
5267 5 2 99991 1 4619 4943 4961 4637 4620 4944 4962 4638
5268 5 2 99991 1 4620 4944 4962 4638 4621 4945 4963 4639
5269 5 2 99991 1 4621 4945 4963 4639 4622 4946 4964 4640
5270 5 2 99991 1 4622 4946 4964 4640 4623 4947 4965 4641
5271 5 2 99991 1 4623 4947 4965 4641 4624 4948 4966 4642
5272 5 2 99991 1 4624 4948 4966 4642 4625 4949 4967 4643
5273 5 2 99991 1 4625 4949 4967 4643 4626 4950 4968 4644
5274 5 2 99991 1 4626 4950 4968 4644 4627 4951 4969 4645
5275 5 2 99991 1 4627 4951 4969 4645 4628 4952 4970 4646
5276 5 2 99991 1 4628 4952 4970 4646 4629 4953 4971 4647
5277 5 2 99991 1 4629 4953 4971 4647 4630 4954 4972 4648
5278 5 2 99991 1 4630 4954 4972 4648 4631 4955 4973 4649
5279 5 2 99991 1 4631 4955 4973 4649 4632 4956 4974 4650
5280 5 2 99991 1 4632 4956 4974 4650 4633 4957 4975 4651
5281 5 2 99991 1 4633 4957 4975 4651 4634 4958 4976 4652
5282 5 2 99991 1 4634 4958 4976 4652 1981 1999 2000 1982
5283 5 2 99991 1 362 380 381 363 4635 4959 4977 4653
5284 5 2 99991 1 4635 4959 4977 4653 4636 4960 4978 4654
5285 5 2 99991 1 4636 4960 4978 4654 4637 4961 4979 4655
5286 5 2 99991 1 4637 4961 4979 4655 4638 4962 4980 4656
5287 5 2 99991 1 4638 4962 4980 4656 4639 4963 4981 4657
5288 5 2 99991 1 4639 4963 4981 4657 4640 4964 4982 4658
5289 5 2 99991 1 4640 4964 4982 4658 4641 4965 4983 4659
5290 5 2 99991 1 4641 4965 4983 4659 4642 4966 4984 4660
5291 5 2 99991 1 4642 4966 4984 4660 4643 4967 4985 4661
5292 5 2 99991 1 4643 4967 4985 4661 4644 4968 4986 4662
5293 5 2 99991 1 4644 4968 4986 4662 4645 4969 4987 4663
5294 5 2 99991 1 4645 4969 4987 4663 4646 4970 4988 4664
5295 5 2 99991 1 4646 4970 4988 4664 4647 4971 4989 4665
5296 5 2 99991 1 4647 4971 4989 4665 4648 4972 4990 4666
5297 5 2 99991 1 4648 4972 4990 4666 4649 4973 4991 4667
5298 5 2 99991 1 4649 4973 4991 4667 4650 4974 4992 4668
5299 5 2 99991 1 4650 4974 4992 4668 4651 4975 4993 4669
5300 5 2 99991 1 4651 4975 4993 4669 4652 4976 4994 4670
5301 5 2 99991 1 4652 4976 4994 4670 1982 2000 2001 1983
5302 5 2 99991 1 363 381 382 364 4653 4977 4995 4671
5303 5 2 99991 1 4653 4977 4995 4671 4654 4978 4996 4672
5304 5 2 99991 1 4654 4978 4996 4672 4655 4979 4997 4673
5305 5 2 99991 1 4655 4979 4997 4673 4656 4980 4998 4674
5306 5 2 99991 1 4656 4980 4998 4674 4657 4981 4999 4675
5307 5 2 99991 1 4657 4981 4999 4675 4658 4982 5000 4676
5308 5 2 99991 1 4658 4982 5000 4676 4659 4983 5001 4677
5309 5 2 99991 1 4659 4983 5001 4677 4660 4984 5002 4678
5310 5 2 99991 1 4660 4984 5002 4678 4661 4985 5003 4679
5311 5 2 99991 1 4661 4985 5003 4679 4662 4986 5004 4680
5312 5 2 99991 1 4662 4986 5004 4680 4663 4987 5005 4681
5313 5 2 99991 1 4663 4987 5005 4681 4664 4988 5006 4682
5314 5 2 99991 1 4664 4988 5006 4682 4665 4989 5007 4683
5315 5 2 99991 1 4665 4989 5007 4683 4666 4990 5008 4684
5316 5 2 99991 1 4666 4990 5008 4684 4667 4991 5009 4685
5317 5 2 99991 1 4667 4991 5009 4685 4668 4992 5010 4686
5318 5 2 99991 1 4668 4992 5010 4686 4669 4993 5011 4687
5319 5 2 99991 1 4669 4993 5011 4687 4670 4994 5012 4688
5320 5 2 99991 1 4670 4994 5012 4688 1983 2001 2002 1984
5321 5 2 99991 1 364 382 383 365 4671 4995 5013 4689
5322 5 2 99991 1 4671 4995 5013 4689 4672 4996 5014 4690
5323 5 2 99991 1 4672 4996 5014 4690 4673 4997 5015 4691
5324 5 2 99991 1 4673 4997 5015 4691 4674 4998 5016 4692
5325 5 2 99991 1 4674 4998 5016 4692 4675 4999 5017 4693
5326 5 2 99991 1 4675 4999 5017 4693 4676 5000 5018 4694
5327 5 2 99991 1 4676 5000 5018 4694 4677 5001 5019 4695
5328 5 2 99991 1 4677 5001 5019 4695 4678 5002 5020 4696
5329 5 2 99991 1 4678 5002 5020 4696 4679 5003 5021 4697
5330 5 2 99991 1 4679 5003 5021 4697 4680 5004 5022 4698
5331 5 2 99991 1 4680 5004 5022 4698 4681 5005 5023 4699
5332 5 2 99991 1 4681 5005 5023 4699 4682 5006 5024 4700
5333 5 2 99991 1 4682 5006 5024 4700 4683 5007 5025 4701
5334 5 2 99991 1 4683 5007 5025 4701 4684 5008 5026 4702
5335 5 2 99991 1 4684 5008 5026 4702 4685 5009 5027 4703
5336 5 2 99991 1 4685 5009 5027 4703 4686 5010 5028 4704
5337 5 2 99991 1 4686 5010 5028 4704 4687 5011 5029 4705
5338 5 2 99991 1 4687 5011 5029 4705 4688 5012 5030 4706
5339 5 2 99991 1 4688 5012 5030 4706 1984 2002 2003 1985
5340 5 2 99991 1 365 383 384 366 4689 5013 5031 4707
5341 5 2 99991 1 4689 5013 5031 4707 4690 5014 5032 4708
5342 5 2 99991 1 4690 5014 5032 4708 4691 5015 5033 4709
5343 5 2 99991 1 4691 5015 5033 4709 4692 5016 5034 4710
5344 5 2 99991 1 4692 5016 5034 4710 4693 5017 5035 4711
5345 5 2 99991 1 4693 5017 5035 4711 4694 5018 5036 4712
5346 5 2 99991 1 4694 5018 5036 4712 4695 5019 5037 4713
5347 5 2 99991 1 4695 5019 5037 4713 4696 5020 5038 4714
5348 5 2 99991 1 4696 5020 5038 4714 4697 5021 5039 4715
5349 5 2 99991 1 4697 5021 5039 4715 4698 5022 5040 4716
5350 5 2 99991 1 4698 5022 5040 4716 4699 5023 5041 4717
5351 5 2 99991 1 4699 5023 5041 4717 4700 5024 5042 4718
5352 5 2 99991 1 4700 5024 5042 4718 4701 5025 5043 4719
5353 5 2 99991 1 4701 5025 5043 4719 4702 5026 5044 4720
5354 5 2 99991 1 4702 5026 5044 4720 4703 5027 5045 4721
5355 5 2 99991 1 4703 5027 5045 4721 4704 5028 5046 4722
5356 5 2 99991 1 4704 5028 5046 4722 4705 5029 5047 4723
5357 5 2 99991 1 4705 5029 5047 4723 4706 5030 5048 4724
5358 5 2 99991 1 4706 5030 5048 4724 1985 2003 2004 1986
5359 5 2 99991 1 366 384 385 367 4707 5031 5049 4725
5360 5 2 99991 1 4707 5031 5049 4725 4708 5032 5050 4726
5361 5 2 99991 1 4708 5032 5050 4726 4709 5033 5051 4727
5362 5 2 99991 1 4709 5033 5051 4727 4710 5034 5052 4728
5363 5 2 99991 1 4710 5034 5052 4728 4711 5035 5053 4729
5364 5 2 99991 1 4711 5035 5053 4729 4712 5036 5054 4730
5365 5 2 99991 1 4712 5036 5054 4730 4713 5037 5055 4731
5366 5 2 99991 1 4713 5037 5055 4731 4714 5038 5056 4732
5367 5 2 99991 1 4714 5038 5056 4732 4715 5039 5057 4733
5368 5 2 99991 1 4715 5039 5057 4733 4716 5040 5058 4734
5369 5 2 99991 1 4716 5040 5058 4734 4717 5041 5059 4735
5370 5 2 99991 1 4717 5041 5059 4735 4718 5042 5060 4736
5371 5 2 99991 1 4718 5042 5060 4736 4719 5043 5061 4737
5372 5 2 99991 1 4719 5043 5061 4737 4720 5044 5062 4738
5373 5 2 99991 1 4720 5044 5062 4738 4721 5045 5063 4739
5374 5 2 99991 1 4721 5045 5063 4739 4722 5046 5064 4740
5375 5 2 99991 1 4722 5046 5064 4740 4723 5047 5065 4741
5376 5 2 99991 1 4723 5047 5065 4741 4724 5048 5066 4742
5377 5 2 99991 1 4724 5048 5066 4742 1986 2004 2005 1987
5378 5 2 99991 1 367 385 386 368 4725 5049 5067 4743
5379 5 2 99991 1 4725 5049 5067 4743 4726 5050 5068 4744
5380 5 2 99991 1 4726 5050 5068 4744 4727 5051 5069 4745
5381 5 2 99991 1 4727 5051 5069 4745 4728 5052 5070 4746
5382 5 2 99991 1 4728 5052 5070 4746 4729 5053 5071 4747
5383 5 2 99991 1 4729 5053 5071 4747 4730 5054 5072 4748
5384 5 2 99991 1 4730 5054 5072 4748 4731 5055 5073 4749
5385 5 2 99991 1 4731 5055 5073 4749 4732 5056 5074 4750
5386 5 2 99991 1 4732 5056 5074 4750 4733 5057 5075 4751
5387 5 2 99991 1 4733 5057 5075 4751 4734 5058 5076 4752
5388 5 2 99991 1 4734 5058 5076 4752 4735 5059 5077 4753
5389 5 2 99991 1 4735 5059 5077 4753 4736 5060 5078 4754
5390 5 2 99991 1 4736 5060 5078 4754 4737 5061 5079 4755
5391 5 2 99991 1 4737 5061 5079 4755 4738 5062 5080 4756
5392 5 2 99991 1 4738 5062 5080 4756 4739 5063 5081 4757
5393 5 2 99991 1 4739 5063 5081 4757 4740 5064 5082 4758
5394 5 2 99991 1 4740 5064 5082 4758 4741 5065 5083 4759
5395 5 2 99991 1 4741 5065 5083 4759 4742 5066 5084 4760
5396 5 2 99991 1 4742 5066 5084 4760 1987 2005 2006 1988
5397 5 2 99991 1 368 386 54 55 4743 5067 1683 1701
5398 5 2 99991 1 4743 5067 1683 1701 4744 5068 1684 1702
5399 5 2 99991 1 4744 5068 1684 1702 4745 5069 1685 1703
5400 5 2 99991 1 4745 5069 1685 1703 4746 5070 1686 1704
5401 5 2 99991 1 4746 5070 1686 1704 4747 5071 1687 1705
5402 5 2 99991 1 4747 5071 1687 1705 4748 5072 1688 1706
5403 5 2 99991 1 4748 5072 1688 1706 4749 5073 1689 1707
5404 5 2 99991 1 4749 5073 1689 1707 4750 5074 1690 1708
5405 5 2 99991 1 4750 5074 1690 1708 4751 5075 1691 1709
5406 5 2 99991 1 4751 5075 1691 1709 4752 5076 1692 1710
5407 5 2 99991 1 4752 5076 1692 1710 4753 5077 1693 1711
5408 5 2 99991 1 4753 5077 1693 1711 4754 5078 1694 1712
5409 5 2 99991 1 4754 5078 1694 1712 4755 5079 1695 1713
5410 5 2 99991 1 4755 5079 1695 1713 4756 5080 1696 1714
5411 5 2 99991 1 4756 5080 1696 1714 4757 5081 1697 1715
5412 5 2 99991 1 4757 5081 1697 1715 4758 5082 1698 1716
5413 5 2 99991 1 4758 5082 1698 1716 4759 5083 1699 1717
5414 5 2 99991 1 4759 5083 1699 1717 4760 5084 1700 1718
5415 5 2 99991 1 4760 5084 1700 1718 1988 2006 144 145
5416 5 2 99991 1 17 18 387 369 1017 1035 5085 4761
5417 5 2 99991 1 1017 1035 5085 4761 1018 1036 5086 4762
5418 5 2 99991 1 1018 1036 5086 4762 1019 1037 5087 4763
5419 5 2 99991 1 1019 1037 5087 4763 1020 1038 5088 4764
5420 5 2 99991 1 1020 1038 5088 4764 1021 1039 5089 4765
5421 5 2 99991 1 1021 1039 5089 4765 1022 1040 5090 4766
5422 5 2 99991 1 1022 1040 5090 4766 1023 1041 5091 4767
5423 5 2 99991 1 1023 1041 5091 4767 1024 1042 5092 4768
5424 5 2 99991 1 1024 1042 5092 4768 1025 1043 5093 4769
5425 5 2 99991 1 1025 1043 5093 4769 1026 1044 5094 4770
5426 5 2 99991 1 1026 1044 5094 4770 1027 1045 5095 4771
5427 5 2 99991 1 1027 1045 5095 4771 1028 1046 5096 4772
5428 5 2 99991 1 1028 1046 5096 4772 1029 1047 5097 4773
5429 5 2 99991 1 1029 1047 5097 4773 1030 1048 5098 4774
5430 5 2 99991 1 1030 1048 5098 4774 1031 1049 5099 4775
5431 5 2 99991 1 1031 1049 5099 4775 1032 1050 5100 4776
5432 5 2 99991 1 1032 1050 5100 4776 1033 1051 5101 4777
5433 5 2 99991 1 1033 1051 5101 4777 1034 1052 5102 4778
5434 5 2 99991 1 1034 1052 5102 4778 107 108 2007 1989
5435 5 2 99991 1 369 387 388 370 4761 5085 5103 4779
5436 5 2 99991 1 4761 5085 5103 4779 4762 5086 5104 4780
5437 5 2 99991 1 4762 5086 5104 4780 4763 5087 5105 4781
5438 5 2 99991 1 4763 5087 5105 4781 4764 5088 5106 4782
5439 5 2 99991 1 4764 5088 5106 4782 4765 5089 5107 4783
5440 5 2 99991 1 4765 5089 5107 4783 4766 5090 5108 4784
5441 5 2 99991 1 4766 5090 5108 4784 4767 5091 5109 4785
5442 5 2 99991 1 4767 5091 5109 4785 4768 5092 5110 4786
5443 5 2 99991 1 4768 5092 5110 4786 4769 5093 5111 4787
5444 5 2 99991 1 4769 5093 5111 4787 4770 5094 5112 4788
5445 5 2 99991 1 4770 5094 5112 4788 4771 5095 5113 4789
5446 5 2 99991 1 4771 5095 5113 4789 4772 5096 5114 4790
5447 5 2 99991 1 4772 5096 5114 4790 4773 5097 5115 4791
5448 5 2 99991 1 4773 5097 5115 4791 4774 5098 5116 4792
5449 5 2 99991 1 4774 5098 5116 4792 4775 5099 5117 4793
5450 5 2 99991 1 4775 5099 5117 4793 4776 5100 5118 4794
5451 5 2 99991 1 4776 5100 5118 4794 4777 5101 5119 4795
5452 5 2 99991 1 4777 5101 5119 4795 4778 5102 5120 4796
5453 5 2 99991 1 4778 5102 5120 4796 1989 2007 2008 1990
5454 5 2 99991 1 370 388 389 371 4779 5103 5121 4797
5455 5 2 99991 1 4779 5103 5121 4797 4780 5104 5122 4798
5456 5 2 99991 1 4780 5104 5122 4798 4781 5105 5123 4799
5457 5 2 99991 1 4781 5105 5123 4799 4782 5106 5124 4800
5458 5 2 99991 1 4782 5106 5124 4800 4783 5107 5125 4801
5459 5 2 99991 1 4783 5107 5125 4801 4784 5108 5126 4802
5460 5 2 99991 1 4784 5108 5126 4802 4785 5109 5127 4803
5461 5 2 99991 1 4785 5109 5127 4803 4786 5110 5128 4804
5462 5 2 99991 1 4786 5110 5128 4804 4787 5111 5129 4805
5463 5 2 99991 1 4787 5111 5129 4805 4788 5112 5130 4806
5464 5 2 99991 1 4788 5112 5130 4806 4789 5113 5131 4807
5465 5 2 99991 1 4789 5113 5131 4807 4790 5114 5132 4808
5466 5 2 99991 1 4790 5114 5132 4808 4791 5115 5133 4809
5467 5 2 99991 1 4791 5115 5133 4809 4792 5116 5134 4810
5468 5 2 99991 1 4792 5116 5134 4810 4793 5117 5135 4811
5469 5 2 99991 1 4793 5117 5135 4811 4794 5118 5136 4812
5470 5 2 99991 1 4794 5118 5136 4812 4795 5119 5137 4813
5471 5 2 99991 1 4795 5119 5137 4813 4796 5120 5138 4814
5472 5 2 99991 1 4796 5120 5138 4814 1990 2008 2009 1991
5473 5 2 99991 1 371 389 390 372 4797 5121 5139 4815
5474 5 2 99991 1 4797 5121 5139 4815 4798 5122 5140 4816
5475 5 2 99991 1 4798 5122 5140 4816 4799 5123 5141 4817
5476 5 2 99991 1 4799 5123 5141 4817 4800 5124 5142 4818
5477 5 2 99991 1 4800 5124 5142 4818 4801 5125 5143 4819
5478 5 2 99991 1 4801 5125 5143 4819 4802 5126 5144 4820
5479 5 2 99991 1 4802 5126 5144 4820 4803 5127 5145 4821
5480 5 2 99991 1 4803 5127 5145 4821 4804 5128 5146 4822
5481 5 2 99991 1 4804 5128 5146 4822 4805 5129 5147 4823
5482 5 2 99991 1 4805 5129 5147 4823 4806 5130 5148 4824
5483 5 2 99991 1 4806 5130 5148 4824 4807 5131 5149 4825
5484 5 2 99991 1 4807 5131 5149 4825 4808 5132 5150 4826
5485 5 2 99991 1 4808 5132 5150 4826 4809 5133 5151 4827
5486 5 2 99991 1 4809 5133 5151 4827 4810 5134 5152 4828
5487 5 2 99991 1 4810 5134 5152 4828 4811 5135 5153 4829
5488 5 2 99991 1 4811 5135 5153 4829 4812 5136 5154 4830
5489 5 2 99991 1 4812 5136 5154 4830 4813 5137 5155 4831
5490 5 2 99991 1 4813 5137 5155 4831 4814 5138 5156 4832
5491 5 2 99991 1 4814 5138 5156 4832 1991 2009 2010 1992
5492 5 2 99991 1 372 390 391 373 4815 5139 5157 4833
5493 5 2 99991 1 4815 5139 5157 4833 4816 5140 5158 4834
5494 5 2 99991 1 4816 5140 5158 4834 4817 5141 5159 4835
5495 5 2 99991 1 4817 5141 5159 4835 4818 5142 5160 4836
5496 5 2 99991 1 4818 5142 5160 4836 4819 5143 5161 4837
5497 5 2 99991 1 4819 5143 5161 4837 4820 5144 5162 4838
5498 5 2 99991 1 4820 5144 5162 4838 4821 5145 5163 4839
5499 5 2 99991 1 4821 5145 5163 4839 4822 5146 5164 4840
5500 5 2 99991 1 4822 5146 5164 4840 4823 5147 5165 4841
5501 5 2 99991 1 4823 5147 5165 4841 4824 5148 5166 4842
5502 5 2 99991 1 4824 5148 5166 4842 4825 5149 5167 4843
5503 5 2 99991 1 4825 5149 5167 4843 4826 5150 5168 4844
5504 5 2 99991 1 4826 5150 5168 4844 4827 5151 5169 4845
5505 5 2 99991 1 4827 5151 5169 4845 4828 5152 5170 4846
5506 5 2 99991 1 4828 5152 5170 4846 4829 5153 5171 4847
5507 5 2 99991 1 4829 5153 5171 4847 4830 5154 5172 4848
5508 5 2 99991 1 4830 5154 5172 4848 4831 5155 5173 4849
5509 5 2 99991 1 4831 5155 5173 4849 4832 5156 5174 4850
5510 5 2 99991 1 4832 5156 5174 4850 1992 2010 2011 1993
5511 5 2 99991 1 373 391 392 374 4833 5157 5175 4851
5512 5 2 99991 1 4833 5157 5175 4851 4834 5158 5176 4852
5513 5 2 99991 1 4834 5158 5176 4852 4835 5159 5177 4853
5514 5 2 99991 1 4835 5159 5177 4853 4836 5160 5178 4854
5515 5 2 99991 1 4836 5160 5178 4854 4837 5161 5179 4855
5516 5 2 99991 1 4837 5161 5179 4855 4838 5162 5180 4856
5517 5 2 99991 1 4838 5162 5180 4856 4839 5163 5181 4857
5518 5 2 99991 1 4839 5163 5181 4857 4840 5164 5182 4858
5519 5 2 99991 1 4840 5164 5182 4858 4841 5165 5183 4859
5520 5 2 99991 1 4841 5165 5183 4859 4842 5166 5184 4860
5521 5 2 99991 1 4842 5166 5184 4860 4843 5167 5185 4861
5522 5 2 99991 1 4843 5167 5185 4861 4844 5168 5186 4862
5523 5 2 99991 1 4844 5168 5186 4862 4845 5169 5187 4863
5524 5 2 99991 1 4845 5169 5187 4863 4846 5170 5188 4864
5525 5 2 99991 1 4846 5170 5188 4864 4847 5171 5189 4865
5526 5 2 99991 1 4847 5171 5189 4865 4848 5172 5190 4866
5527 5 2 99991 1 4848 5172 5190 4866 4849 5173 5191 4867
5528 5 2 99991 1 4849 5173 5191 4867 4850 5174 5192 4868
5529 5 2 99991 1 4850 5174 5192 4868 1993 2011 2012 1994
5530 5 2 99991 1 374 392 393 375 4851 5175 5193 4869
5531 5 2 99991 1 4851 5175 5193 4869 4852 5176 5194 4870
5532 5 2 99991 1 4852 5176 5194 4870 4853 5177 5195 4871
5533 5 2 99991 1 4853 5177 5195 4871 4854 5178 5196 4872
5534 5 2 99991 1 4854 5178 5196 4872 4855 5179 5197 4873
5535 5 2 99991 1 4855 5179 5197 4873 4856 5180 5198 4874
5536 5 2 99991 1 4856 5180 5198 4874 4857 5181 5199 4875
5537 5 2 99991 1 4857 5181 5199 4875 4858 5182 5200 4876
5538 5 2 99991 1 4858 5182 5200 4876 4859 5183 5201 4877
5539 5 2 99991 1 4859 5183 5201 4877 4860 5184 5202 4878
5540 5 2 99991 1 4860 5184 5202 4878 4861 5185 5203 4879
5541 5 2 99991 1 4861 5185 5203 4879 4862 5186 5204 4880
5542 5 2 99991 1 4862 5186 5204 4880 4863 5187 5205 4881
5543 5 2 99991 1 4863 5187 5205 4881 4864 5188 5206 4882
5544 5 2 99991 1 4864 5188 5206 4882 4865 5189 5207 4883
5545 5 2 99991 1 4865 5189 5207 4883 4866 5190 5208 4884
5546 5 2 99991 1 4866 5190 5208 4884 4867 5191 5209 4885
5547 5 2 99991 1 4867 5191 5209 4885 4868 5192 5210 4886
5548 5 2 99991 1 4868 5192 5210 4886 1994 2012 2013 1995
5549 5 2 99991 1 375 393 394 376 4869 5193 5211 4887
5550 5 2 99991 1 4869 5193 5211 4887 4870 5194 5212 4888
5551 5 2 99991 1 4870 5194 5212 4888 4871 5195 5213 4889
5552 5 2 99991 1 4871 5195 5213 4889 4872 5196 5214 4890
5553 5 2 99991 1 4872 5196 5214 4890 4873 5197 5215 4891
5554 5 2 99991 1 4873 5197 5215 4891 4874 5198 5216 4892
5555 5 2 99991 1 4874 5198 5216 4892 4875 5199 5217 4893
5556 5 2 99991 1 4875 5199 5217 4893 4876 5200 5218 4894
5557 5 2 99991 1 4876 5200 5218 4894 4877 5201 5219 4895
5558 5 2 99991 1 4877 5201 5219 4895 4878 5202 5220 4896
5559 5 2 99991 1 4878 5202 5220 4896 4879 5203 5221 4897
5560 5 2 99991 1 4879 5203 5221 4897 4880 5204 5222 4898
5561 5 2 99991 1 4880 5204 5222 4898 4881 5205 5223 4899
5562 5 2 99991 1 4881 5205 5223 4899 4882 5206 5224 4900
5563 5 2 99991 1 4882 5206 5224 4900 4883 5207 5225 4901
5564 5 2 99991 1 4883 5207 5225 4901 4884 5208 5226 4902
5565 5 2 99991 1 4884 5208 5226 4902 4885 5209 5227 4903
5566 5 2 99991 1 4885 5209 5227 4903 4886 5210 5228 4904
5567 5 2 99991 1 4886 5210 5228 4904 1995 2013 2014 1996
5568 5 2 99991 1 376 394 395 377 4887 5211 5229 4905
5569 5 2 99991 1 4887 5211 5229 4905 4888 5212 5230 4906
5570 5 2 99991 1 4888 5212 5230 4906 4889 5213 5231 4907
5571 5 2 99991 1 4889 5213 5231 4907 4890 5214 5232 4908
5572 5 2 99991 1 4890 5214 5232 4908 4891 5215 5233 4909
5573 5 2 99991 1 4891 5215 5233 4909 4892 5216 5234 4910
5574 5 2 99991 1 4892 5216 5234 4910 4893 5217 5235 4911
5575 5 2 99991 1 4893 5217 5235 4911 4894 5218 5236 4912
5576 5 2 99991 1 4894 5218 5236 4912 4895 5219 5237 4913
5577 5 2 99991 1 4895 5219 5237 4913 4896 5220 5238 4914
5578 5 2 99991 1 4896 5220 5238 4914 4897 5221 5239 4915
5579 5 2 99991 1 4897 5221 5239 4915 4898 5222 5240 4916
5580 5 2 99991 1 4898 5222 5240 4916 4899 5223 5241 4917
5581 5 2 99991 1 4899 5223 5241 4917 4900 5224 5242 4918
5582 5 2 99991 1 4900 5224 5242 4918 4901 5225 5243 4919
5583 5 2 99991 1 4901 5225 5243 4919 4902 5226 5244 4920
5584 5 2 99991 1 4902 5226 5244 4920 4903 5227 5245 4921
5585 5 2 99991 1 4903 5227 5245 4921 4904 5228 5246 4922
5586 5 2 99991 1 4904 5228 5246 4922 1996 2014 2015 1997
5587 5 2 99991 1 377 395 396 378 4905 5229 5247 4923
5588 5 2 99991 1 4905 5229 5247 4923 4906 5230 5248 4924
5589 5 2 99991 1 4906 5230 5248 4924 4907 5231 5249 4925
5590 5 2 99991 1 4907 5231 5249 4925 4908 5232 5250 4926
5591 5 2 99991 1 4908 5232 5250 4926 4909 5233 5251 4927
5592 5 2 99991 1 4909 5233 5251 4927 4910 5234 5252 4928
5593 5 2 99991 1 4910 5234 5252 4928 4911 5235 5253 4929
5594 5 2 99991 1 4911 5235 5253 4929 4912 5236 5254 4930
5595 5 2 99991 1 4912 5236 5254 4930 4913 5237 5255 4931
5596 5 2 99991 1 4913 5237 5255 4931 4914 5238 5256 4932
5597 5 2 99991 1 4914 5238 5256 4932 4915 5239 5257 4933
5598 5 2 99991 1 4915 5239 5257 4933 4916 5240 5258 4934
5599 5 2 99991 1 4916 5240 5258 4934 4917 5241 5259 4935
5600 5 2 99991 1 4917 5241 5259 4935 4918 5242 5260 4936
5601 5 2 99991 1 4918 5242 5260 4936 4919 5243 5261 4937
5602 5 2 99991 1 4919 5243 5261 4937 4920 5244 5262 4938
5603 5 2 99991 1 4920 5244 5262 4938 4921 5245 5263 4939
5604 5 2 99991 1 4921 5245 5263 4939 4922 5246 5264 4940
5605 5 2 99991 1 4922 5246 5264 4940 1997 2015 2016 1998
5606 5 2 99991 1 378 396 397 379 4923 5247 5265 4941
5607 5 2 99991 1 4923 5247 5265 4941 4924 5248 5266 4942
5608 5 2 99991 1 4924 5248 5266 4942 4925 5249 5267 4943
5609 5 2 99991 1 4925 5249 5267 4943 4926 5250 5268 4944
5610 5 2 99991 1 4926 5250 5268 4944 4927 5251 5269 4945
5611 5 2 99991 1 4927 5251 5269 4945 4928 5252 5270 4946
5612 5 2 99991 1 4928 5252 5270 4946 4929 5253 5271 4947
5613 5 2 99991 1 4929 5253 5271 4947 4930 5254 5272 4948
5614 5 2 99991 1 4930 5254 5272 4948 4931 5255 5273 4949
5615 5 2 99991 1 4931 5255 5273 4949 4932 5256 5274 4950
5616 5 2 99991 1 4932 5256 5274 4950 4933 5257 5275 4951
5617 5 2 99991 1 4933 5257 5275 4951 4934 5258 5276 4952
5618 5 2 99991 1 4934 5258 5276 4952 4935 5259 5277 4953
5619 5 2 99991 1 4935 5259 5277 4953 4936 5260 5278 4954
5620 5 2 99991 1 4936 5260 5278 4954 4937 5261 5279 4955
5621 5 2 99991 1 4937 5261 5279 4955 4938 5262 5280 4956
5622 5 2 99991 1 4938 5262 5280 4956 4939 5263 5281 4957
5623 5 2 99991 1 4939 5263 5281 4957 4940 5264 5282 4958
5624 5 2 99991 1 4940 5264 5282 4958 1998 2016 2017 1999
5625 5 2 99991 1 379 397 398 380 4941 5265 5283 4959
5626 5 2 99991 1 4941 5265 5283 4959 4942 5266 5284 4960
5627 5 2 99991 1 4942 5266 5284 4960 4943 5267 5285 4961
5628 5 2 99991 1 4943 5267 5285 4961 4944 5268 5286 4962
5629 5 2 99991 1 4944 5268 5286 4962 4945 5269 5287 4963
5630 5 2 99991 1 4945 5269 5287 4963 4946 5270 5288 4964
5631 5 2 99991 1 4946 5270 5288 4964 4947 5271 5289 4965
5632 5 2 99991 1 4947 5271 5289 4965 4948 5272 5290 4966
5633 5 2 99991 1 4948 5272 5290 4966 4949 5273 5291 4967
5634 5 2 99991 1 4949 5273 5291 4967 4950 5274 5292 4968
5635 5 2 99991 1 4950 5274 5292 4968 4951 5275 5293 4969
5636 5 2 99991 1 4951 5275 5293 4969 4952 5276 5294 4970
5637 5 2 99991 1 4952 5276 5294 4970 4953 5277 5295 4971
5638 5 2 99991 1 4953 5277 5295 4971 4954 5278 5296 4972
5639 5 2 99991 1 4954 5278 5296 4972 4955 5279 5297 4973
5640 5 2 99991 1 4955 5279 5297 4973 4956 5280 5298 4974
5641 5 2 99991 1 4956 5280 5298 4974 4957 5281 5299 4975
5642 5 2 99991 1 4957 5281 5299 4975 4958 5282 5300 4976
5643 5 2 99991 1 4958 5282 5300 4976 1999 2017 2018 2000
5644 5 2 99991 1 380 398 399 381 4959 5283 5301 4977
5645 5 2 99991 1 4959 5283 5301 4977 4960 5284 5302 4978
5646 5 2 99991 1 4960 5284 5302 4978 4961 5285 5303 4979
5647 5 2 99991 1 4961 5285 5303 4979 4962 5286 5304 4980
5648 5 2 99991 1 4962 5286 5304 4980 4963 5287 5305 4981
5649 5 2 99991 1 4963 5287 5305 4981 4964 5288 5306 4982
5650 5 2 99991 1 4964 5288 5306 4982 4965 5289 5307 4983
5651 5 2 99991 1 4965 5289 5307 4983 4966 5290 5308 4984
5652 5 2 99991 1 4966 5290 5308 4984 4967 5291 5309 4985
5653 5 2 99991 1 4967 5291 5309 4985 4968 5292 5310 4986
5654 5 2 99991 1 4968 5292 5310 4986 4969 5293 5311 4987
5655 5 2 99991 1 4969 5293 5311 4987 4970 5294 5312 4988
5656 5 2 99991 1 4970 5294 5312 4988 4971 5295 5313 4989
5657 5 2 99991 1 4971 5295 5313 4989 4972 5296 5314 4990
5658 5 2 99991 1 4972 5296 5314 4990 4973 5297 5315 4991
5659 5 2 99991 1 4973 5297 5315 4991 4974 5298 5316 4992
5660 5 2 99991 1 4974 5298 5316 4992 4975 5299 5317 4993
5661 5 2 99991 1 4975 5299 5317 4993 4976 5300 5318 4994
5662 5 2 99991 1 4976 5300 5318 4994 2000 2018 2019 2001
5663 5 2 99991 1 381 399 400 382 4977 5301 5319 4995
5664 5 2 99991 1 4977 5301 5319 4995 4978 5302 5320 4996
5665 5 2 99991 1 4978 5302 5320 4996 4979 5303 5321 4997
5666 5 2 99991 1 4979 5303 5321 4997 4980 5304 5322 4998
5667 5 2 99991 1 4980 5304 5322 4998 4981 5305 5323 4999
5668 5 2 99991 1 4981 5305 5323 4999 4982 5306 5324 5000
5669 5 2 99991 1 4982 5306 5324 5000 4983 5307 5325 5001
5670 5 2 99991 1 4983 5307 5325 5001 4984 5308 5326 5002
5671 5 2 99991 1 4984 5308 5326 5002 4985 5309 5327 5003
5672 5 2 99991 1 4985 5309 5327 5003 4986 5310 5328 5004
5673 5 2 99991 1 4986 5310 5328 5004 4987 5311 5329 5005
5674 5 2 99991 1 4987 5311 5329 5005 4988 5312 5330 5006
5675 5 2 99991 1 4988 5312 5330 5006 4989 5313 5331 5007
5676 5 2 99991 1 4989 5313 5331 5007 4990 5314 5332 5008
5677 5 2 99991 1 4990 5314 5332 5008 4991 5315 5333 5009
5678 5 2 99991 1 4991 5315 5333 5009 4992 5316 5334 5010
5679 5 2 99991 1 4992 5316 5334 5010 4993 5317 5335 5011
5680 5 2 99991 1 4993 5317 5335 5011 4994 5318 5336 5012
5681 5 2 99991 1 4994 5318 5336 5012 2001 2019 2020 2002
5682 5 2 99991 1 382 400 401 383 4995 5319 5337 5013
5683 5 2 99991 1 4995 5319 5337 5013 4996 5320 5338 5014
5684 5 2 99991 1 4996 5320 5338 5014 4997 5321 5339 5015
5685 5 2 99991 1 4997 5321 5339 5015 4998 5322 5340 5016
5686 5 2 99991 1 4998 5322 5340 5016 4999 5323 5341 5017
5687 5 2 99991 1 4999 5323 5341 5017 5000 5324 5342 5018
5688 5 2 99991 1 5000 5324 5342 5018 5001 5325 5343 5019
5689 5 2 99991 1 5001 5325 5343 5019 5002 5326 5344 5020
5690 5 2 99991 1 5002 5326 5344 5020 5003 5327 5345 5021
5691 5 2 99991 1 5003 5327 5345 5021 5004 5328 5346 5022
5692 5 2 99991 1 5004 5328 5346 5022 5005 5329 5347 5023
5693 5 2 99991 1 5005 5329 5347 5023 5006 5330 5348 5024
5694 5 2 99991 1 5006 5330 5348 5024 5007 5331 5349 5025
5695 5 2 99991 1 5007 5331 5349 5025 5008 5332 5350 5026
5696 5 2 99991 1 5008 5332 5350 5026 5009 5333 5351 5027
5697 5 2 99991 1 5009 5333 5351 5027 5010 5334 5352 5028
5698 5 2 99991 1 5010 5334 5352 5028 5011 5335 5353 5029
5699 5 2 99991 1 5011 5335 5353 5029 5012 5336 5354 5030
5700 5 2 99991 1 5012 5336 5354 5030 2002 2020 2021 2003
5701 5 2 99991 1 383 401 402 384 5013 5337 5355 5031
5702 5 2 99991 1 5013 5337 5355 5031 5014 5338 5356 5032
5703 5 2 99991 1 5014 5338 5356 5032 5015 5339 5357 5033
5704 5 2 99991 1 5015 5339 5357 5033 5016 5340 5358 5034
5705 5 2 99991 1 5016 5340 5358 5034 5017 5341 5359 5035
5706 5 2 99991 1 5017 5341 5359 5035 5018 5342 5360 5036
5707 5 2 99991 1 5018 5342 5360 5036 5019 5343 5361 5037
5708 5 2 99991 1 5019 5343 5361 5037 5020 5344 5362 5038
5709 5 2 99991 1 5020 5344 5362 5038 5021 5345 5363 5039
5710 5 2 99991 1 5021 5345 5363 5039 5022 5346 5364 5040
5711 5 2 99991 1 5022 5346 5364 5040 5023 5347 5365 5041
5712 5 2 99991 1 5023 5347 5365 5041 5024 5348 5366 5042
5713 5 2 99991 1 5024 5348 5366 5042 5025 5349 5367 5043
5714 5 2 99991 1 5025 5349 5367 5043 5026 5350 5368 5044
5715 5 2 99991 1 5026 5350 5368 5044 5027 5351 5369 5045
5716 5 2 99991 1 5027 5351 5369 5045 5028 5352 5370 5046
5717 5 2 99991 1 5028 5352 5370 5046 5029 5353 5371 5047
5718 5 2 99991 1 5029 5353 5371 5047 5030 5354 5372 5048
5719 5 2 99991 1 5030 5354 5372 5048 2003 2021 2022 2004
5720 5 2 99991 1 384 402 403 385 5031 5355 5373 5049
5721 5 2 99991 1 5031 5355 5373 5049 5032 5356 5374 5050
5722 5 2 99991 1 5032 5356 5374 5050 5033 5357 5375 5051
5723 5 2 99991 1 5033 5357 5375 5051 5034 5358 5376 5052
5724 5 2 99991 1 5034 5358 5376 5052 5035 5359 5377 5053
5725 5 2 99991 1 5035 5359 5377 5053 5036 5360 5378 5054
5726 5 2 99991 1 5036 5360 5378 5054 5037 5361 5379 5055
5727 5 2 99991 1 5037 5361 5379 5055 5038 5362 5380 5056
5728 5 2 99991 1 5038 5362 5380 5056 5039 5363 5381 5057
5729 5 2 99991 1 5039 5363 5381 5057 5040 5364 5382 5058
5730 5 2 99991 1 5040 5364 5382 5058 5041 5365 5383 5059
5731 5 2 99991 1 5041 5365 5383 5059 5042 5366 5384 5060
5732 5 2 99991 1 5042 5366 5384 5060 5043 5367 5385 5061
5733 5 2 99991 1 5043 5367 5385 5061 5044 5368 5386 5062
5734 5 2 99991 1 5044 5368 5386 5062 5045 5369 5387 5063
5735 5 2 99991 1 5045 5369 5387 5063 5046 5370 5388 5064
5736 5 2 99991 1 5046 5370 5388 5064 5047 5371 5389 5065
5737 5 2 99991 1 5047 5371 5389 5065 5048 5372 5390 5066
5738 5 2 99991 1 5048 5372 5390 5066 2004 2022 2023 2005
5739 5 2 99991 1 385 403 404 386 5049 5373 5391 5067
5740 5 2 99991 1 5049 5373 5391 5067 5050 5374 5392 5068
5741 5 2 99991 1 5050 5374 5392 5068 5051 5375 5393 5069
5742 5 2 99991 1 5051 5375 5393 5069 5052 5376 5394 5070
5743 5 2 99991 1 5052 5376 5394 5070 5053 5377 5395 5071
5744 5 2 99991 1 5053 5377 5395 5071 5054 5378 5396 5072
5745 5 2 99991 1 5054 5378 5396 5072 5055 5379 5397 5073
5746 5 2 99991 1 5055 5379 5397 5073 5056 5380 5398 5074
5747 5 2 99991 1 5056 5380 5398 5074 5057 5381 5399 5075
5748 5 2 99991 1 5057 5381 5399 5075 5058 5382 5400 5076
5749 5 2 99991 1 5058 5382 5400 5076 5059 5383 5401 5077
5750 5 2 99991 1 5059 5383 5401 5077 5060 5384 5402 5078
5751 5 2 99991 1 5060 5384 5402 5078 5061 5385 5403 5079
5752 5 2 99991 1 5061 5385 5403 5079 5062 5386 5404 5080
5753 5 2 99991 1 5062 5386 5404 5080 5063 5387 5405 5081
5754 5 2 99991 1 5063 5387 5405 5081 5064 5388 5406 5082
5755 5 2 99991 1 5064 5388 5406 5082 5065 5389 5407 5083
5756 5 2 99991 1 5065 5389 5407 5083 5066 5390 5408 5084
5757 5 2 99991 1 5066 5390 5408 5084 2005 2023 2024 2006
5758 5 2 99991 1 386 404 53 54 5067 5391 1665 1683
5759 5 2 99991 1 5067 5391 1665 1683 5068 5392 1666 1684
5760 5 2 99991 1 5068 5392 1666 1684 5069 5393 1667 1685
5761 5 2 99991 1 5069 5393 1667 1685 5070 5394 1668 1686
5762 5 2 99991 1 5070 5394 1668 1686 5071 5395 1669 1687
5763 5 2 99991 1 5071 5395 1669 1687 5072 5396 1670 1688
5764 5 2 99991 1 5072 5396 1670 1688 5073 5397 1671 1689
5765 5 2 99991 1 5073 5397 1671 1689 5074 5398 1672 1690
5766 5 2 99991 1 5074 5398 1672 1690 5075 5399 1673 1691
5767 5 2 99991 1 5075 5399 1673 1691 5076 5400 1674 1692
5768 5 2 99991 1 5076 5400 1674 1692 5077 5401 1675 1693
5769 5 2 99991 1 5077 5401 1675 1693 5078 5402 1676 1694
5770 5 2 99991 1 5078 5402 1676 1694 5079 5403 1677 1695
5771 5 2 99991 1 5079 5403 1677 1695 5080 5404 1678 1696
5772 5 2 99991 1 5080 5404 1678 1696 5081 5405 1679 1697
5773 5 2 99991 1 5081 5405 1679 1697 5082 5406 1680 1698
5774 5 2 99991 1 5082 5406 1680 1698 5083 5407 1681 1699
5775 5 2 99991 1 5083 5407 1681 1699 5084 5408 1682 1700
5776 5 2 99991 1 5084 5408 1682 1700 2006 2024 143 144
5777 5 2 99991 1 18 19 405 387 1035 1053 5409 5085
5778 5 2 99991 1 1035 1053 5409 5085 1036 1054 5410 5086
5779 5 2 99991 1 1036 1054 5410 5086 1037 1055 5411 5087
5780 5 2 99991 1 1037 1055 5411 5087 1038 1056 5412 5088
5781 5 2 99991 1 1038 1056 5412 5088 1039 1057 5413 5089
5782 5 2 99991 1 1039 1057 5413 5089 1040 1058 5414 5090
5783 5 2 99991 1 1040 1058 5414 5090 1041 1059 5415 5091
5784 5 2 99991 1 1041 1059 5415 5091 1042 1060 5416 5092
5785 5 2 99991 1 1042 1060 5416 5092 1043 1061 5417 5093
5786 5 2 99991 1 1043 1061 5417 5093 1044 1062 5418 5094
5787 5 2 99991 1 1044 1062 5418 5094 1045 1063 5419 5095
5788 5 2 99991 1 1045 1063 5419 5095 1046 1064 5420 5096
5789 5 2 99991 1 1046 1064 5420 5096 1047 1065 5421 5097
5790 5 2 99991 1 1047 1065 5421 5097 1048 1066 5422 5098
5791 5 2 99991 1 1048 1066 5422 5098 1049 1067 5423 5099
5792 5 2 99991 1 1049 1067 5423 5099 1050 1068 5424 5100
5793 5 2 99991 1 1050 1068 5424 5100 1051 1069 5425 5101
5794 5 2 99991 1 1051 1069 5425 5101 1052 1070 5426 5102
5795 5 2 99991 1 1052 1070 5426 5102 108 109 2025 2007
5796 5 2 99991 1 387 405 406 388 5085 5409 5427 5103
5797 5 2 99991 1 5085 5409 5427 5103 5086 5410 5428 5104
5798 5 2 99991 1 5086 5410 5428 5104 5087 5411 5429 5105
5799 5 2 99991 1 5087 5411 5429 5105 5088 5412 5430 5106
5800 5 2 99991 1 5088 5412 5430 5106 5089 5413 5431 5107
5801 5 2 99991 1 5089 5413 5431 5107 5090 5414 5432 5108
5802 5 2 99991 1 5090 5414 5432 5108 5091 5415 5433 5109
5803 5 2 99991 1 5091 5415 5433 5109 5092 5416 5434 5110
5804 5 2 99991 1 5092 5416 5434 5110 5093 5417 5435 5111
5805 5 2 99991 1 5093 5417 5435 5111 5094 5418 5436 5112
5806 5 2 99991 1 5094 5418 5436 5112 5095 5419 5437 5113
5807 5 2 99991 1 5095 5419 5437 5113 5096 5420 5438 5114
5808 5 2 99991 1 5096 5420 5438 5114 5097 5421 5439 5115
5809 5 2 99991 1 5097 5421 5439 5115 5098 5422 5440 5116
5810 5 2 99991 1 5098 5422 5440 5116 5099 5423 5441 5117
5811 5 2 99991 1 5099 5423 5441 5117 5100 5424 5442 5118
5812 5 2 99991 1 5100 5424 5442 5118 5101 5425 5443 5119
5813 5 2 99991 1 5101 5425 5443 5119 5102 5426 5444 5120
5814 5 2 99991 1 5102 5426 5444 5120 2007 2025 2026 2008
5815 5 2 99991 1 388 406 407 389 5103 5427 5445 5121
5816 5 2 99991 1 5103 5427 5445 5121 5104 5428 5446 5122
5817 5 2 99991 1 5104 5428 5446 5122 5105 5429 5447 5123
5818 5 2 99991 1 5105 5429 5447 5123 5106 5430 5448 5124
5819 5 2 99991 1 5106 5430 5448 5124 5107 5431 5449 5125
5820 5 2 99991 1 5107 5431 5449 5125 5108 5432 5450 5126
5821 5 2 99991 1 5108 5432 5450 5126 5109 5433 5451 5127
5822 5 2 99991 1 5109 5433 5451 5127 5110 5434 5452 5128
5823 5 2 99991 1 5110 5434 5452 5128 5111 5435 5453 5129
5824 5 2 99991 1 5111 5435 5453 5129 5112 5436 5454 5130
5825 5 2 99991 1 5112 5436 5454 5130 5113 5437 5455 5131
5826 5 2 99991 1 5113 5437 5455 5131 5114 5438 5456 5132
5827 5 2 99991 1 5114 5438 5456 5132 5115 5439 5457 5133
5828 5 2 99991 1 5115 5439 5457 5133 5116 5440 5458 5134
5829 5 2 99991 1 5116 5440 5458 5134 5117 5441 5459 5135
5830 5 2 99991 1 5117 5441 5459 5135 5118 5442 5460 5136
5831 5 2 99991 1 5118 5442 5460 5136 5119 5443 5461 5137
5832 5 2 99991 1 5119 5443 5461 5137 5120 5444 5462 5138
5833 5 2 99991 1 5120 5444 5462 5138 2008 2026 2027 2009
5834 5 2 99991 1 389 407 408 390 5121 5445 5463 5139
5835 5 2 99991 1 5121 5445 5463 5139 5122 5446 5464 5140
5836 5 2 99991 1 5122 5446 5464 5140 5123 5447 5465 5141
5837 5 2 99991 1 5123 5447 5465 5141 5124 5448 5466 5142
5838 5 2 99991 1 5124 5448 5466 5142 5125 5449 5467 5143
5839 5 2 99991 1 5125 5449 5467 5143 5126 5450 5468 5144
5840 5 2 99991 1 5126 5450 5468 5144 5127 5451 5469 5145
5841 5 2 99991 1 5127 5451 5469 5145 5128 5452 5470 5146
5842 5 2 99991 1 5128 5452 5470 5146 5129 5453 5471 5147
5843 5 2 99991 1 5129 5453 5471 5147 5130 5454 5472 5148
5844 5 2 99991 1 5130 5454 5472 5148 5131 5455 5473 5149
5845 5 2 99991 1 5131 5455 5473 5149 5132 5456 5474 5150
5846 5 2 99991 1 5132 5456 5474 5150 5133 5457 5475 5151
5847 5 2 99991 1 5133 5457 5475 5151 5134 5458 5476 5152
5848 5 2 99991 1 5134 5458 5476 5152 5135 5459 5477 5153
5849 5 2 99991 1 5135 5459 5477 5153 5136 5460 5478 5154
5850 5 2 99991 1 5136 5460 5478 5154 5137 5461 5479 5155
5851 5 2 99991 1 5137 5461 5479 5155 5138 5462 5480 5156
5852 5 2 99991 1 5138 5462 5480 5156 2009 2027 2028 2010
5853 5 2 99991 1 390 408 409 391 5139 5463 5481 5157
5854 5 2 99991 1 5139 5463 5481 5157 5140 5464 5482 5158
5855 5 2 99991 1 5140 5464 5482 5158 5141 5465 5483 5159
5856 5 2 99991 1 5141 5465 5483 5159 5142 5466 5484 5160
5857 5 2 99991 1 5142 5466 5484 5160 5143 5467 5485 5161
5858 5 2 99991 1 5143 5467 5485 5161 5144 5468 5486 5162
5859 5 2 99991 1 5144 5468 5486 5162 5145 5469 5487 5163
5860 5 2 99991 1 5145 5469 5487 5163 5146 5470 5488 5164
5861 5 2 99991 1 5146 5470 5488 5164 5147 5471 5489 5165
5862 5 2 99991 1 5147 5471 5489 5165 5148 5472 5490 5166
5863 5 2 99991 1 5148 5472 5490 5166 5149 5473 5491 5167
5864 5 2 99991 1 5149 5473 5491 5167 5150 5474 5492 5168
5865 5 2 99991 1 5150 5474 5492 5168 5151 5475 5493 5169
5866 5 2 99991 1 5151 5475 5493 5169 5152 5476 5494 5170
5867 5 2 99991 1 5152 5476 5494 5170 5153 5477 5495 5171
5868 5 2 99991 1 5153 5477 5495 5171 5154 5478 5496 5172
5869 5 2 99991 1 5154 5478 5496 5172 5155 5479 5497 5173
5870 5 2 99991 1 5155 5479 5497 5173 5156 5480 5498 5174
5871 5 2 99991 1 5156 5480 5498 5174 2010 2028 2029 2011
5872 5 2 99991 1 391 409 410 392 5157 5481 5499 5175
5873 5 2 99991 1 5157 5481 5499 5175 5158 5482 5500 5176
5874 5 2 99991 1 5158 5482 5500 5176 5159 5483 5501 5177
5875 5 2 99991 1 5159 5483 5501 5177 5160 5484 5502 5178
5876 5 2 99991 1 5160 5484 5502 5178 5161 5485 5503 5179
5877 5 2 99991 1 5161 5485 5503 5179 5162 5486 5504 5180
5878 5 2 99991 1 5162 5486 5504 5180 5163 5487 5505 5181
5879 5 2 99991 1 5163 5487 5505 5181 5164 5488 5506 5182
5880 5 2 99991 1 5164 5488 5506 5182 5165 5489 5507 5183
5881 5 2 99991 1 5165 5489 5507 5183 5166 5490 5508 5184
5882 5 2 99991 1 5166 5490 5508 5184 5167 5491 5509 5185
5883 5 2 99991 1 5167 5491 5509 5185 5168 5492 5510 5186
5884 5 2 99991 1 5168 5492 5510 5186 5169 5493 5511 5187
5885 5 2 99991 1 5169 5493 5511 5187 5170 5494 5512 5188
5886 5 2 99991 1 5170 5494 5512 5188 5171 5495 5513 5189
5887 5 2 99991 1 5171 5495 5513 5189 5172 5496 5514 5190
5888 5 2 99991 1 5172 5496 5514 5190 5173 5497 5515 5191
5889 5 2 99991 1 5173 5497 5515 5191 5174 5498 5516 5192
5890 5 2 99991 1 5174 5498 5516 5192 2011 2029 2030 2012
5891 5 2 99991 1 392 410 411 393 5175 5499 5517 5193
5892 5 2 99991 1 5175 5499 5517 5193 5176 5500 5518 5194
5893 5 2 99991 1 5176 5500 5518 5194 5177 5501 5519 5195
5894 5 2 99991 1 5177 5501 5519 5195 5178 5502 5520 5196
5895 5 2 99991 1 5178 5502 5520 5196 5179 5503 5521 5197
5896 5 2 99991 1 5179 5503 5521 5197 5180 5504 5522 5198
5897 5 2 99991 1 5180 5504 5522 5198 5181 5505 5523 5199
5898 5 2 99991 1 5181 5505 5523 5199 5182 5506 5524 5200
5899 5 2 99991 1 5182 5506 5524 5200 5183 5507 5525 5201
5900 5 2 99991 1 5183 5507 5525 5201 5184 5508 5526 5202
5901 5 2 99991 1 5184 5508 5526 5202 5185 5509 5527 5203
5902 5 2 99991 1 5185 5509 5527 5203 5186 5510 5528 5204
5903 5 2 99991 1 5186 5510 5528 5204 5187 5511 5529 5205
5904 5 2 99991 1 5187 5511 5529 5205 5188 5512 5530 5206
5905 5 2 99991 1 5188 5512 5530 5206 5189 5513 5531 5207
5906 5 2 99991 1 5189 5513 5531 5207 5190 5514 5532 5208
5907 5 2 99991 1 5190 5514 5532 5208 5191 5515 5533 5209
5908 5 2 99991 1 5191 5515 5533 5209 5192 5516 5534 5210
5909 5 2 99991 1 5192 5516 5534 5210 2012 2030 2031 2013
5910 5 2 99991 1 393 411 412 394 5193 5517 5535 5211
5911 5 2 99991 1 5193 5517 5535 5211 5194 5518 5536 5212
5912 5 2 99991 1 5194 5518 5536 5212 5195 5519 5537 5213
5913 5 2 99991 1 5195 5519 5537 5213 5196 5520 5538 5214
5914 5 2 99991 1 5196 5520 5538 5214 5197 5521 5539 5215
5915 5 2 99991 1 5197 5521 5539 5215 5198 5522 5540 5216
5916 5 2 99991 1 5198 5522 5540 5216 5199 5523 5541 5217
5917 5 2 99991 1 5199 5523 5541 5217 5200 5524 5542 5218
5918 5 2 99991 1 5200 5524 5542 5218 5201 5525 5543 5219
5919 5 2 99991 1 5201 5525 5543 5219 5202 5526 5544 5220
5920 5 2 99991 1 5202 5526 5544 5220 5203 5527 5545 5221
5921 5 2 99991 1 5203 5527 5545 5221 5204 5528 5546 5222
5922 5 2 99991 1 5204 5528 5546 5222 5205 5529 5547 5223
5923 5 2 99991 1 5205 5529 5547 5223 5206 5530 5548 5224
5924 5 2 99991 1 5206 5530 5548 5224 5207 5531 5549 5225
5925 5 2 99991 1 5207 5531 5549 5225 5208 5532 5550 5226
5926 5 2 99991 1 5208 5532 5550 5226 5209 5533 5551 5227
5927 5 2 99991 1 5209 5533 5551 5227 5210 5534 5552 5228
5928 5 2 99991 1 5210 5534 5552 5228 2013 2031 2032 2014
5929 5 2 99991 1 394 412 413 395 5211 5535 5553 5229
5930 5 2 99991 1 5211 5535 5553 5229 5212 5536 5554 5230
5931 5 2 99991 1 5212 5536 5554 5230 5213 5537 5555 5231
5932 5 2 99991 1 5213 5537 5555 5231 5214 5538 5556 5232
5933 5 2 99991 1 5214 5538 5556 5232 5215 5539 5557 5233
5934 5 2 99991 1 5215 5539 5557 5233 5216 5540 5558 5234
5935 5 2 99991 1 5216 5540 5558 5234 5217 5541 5559 5235
5936 5 2 99991 1 5217 5541 5559 5235 5218 5542 5560 5236
5937 5 2 99991 1 5218 5542 5560 5236 5219 5543 5561 5237
5938 5 2 99991 1 5219 5543 5561 5237 5220 5544 5562 5238
5939 5 2 99991 1 5220 5544 5562 5238 5221 5545 5563 5239
5940 5 2 99991 1 5221 5545 5563 5239 5222 5546 5564 5240
5941 5 2 99991 1 5222 5546 5564 5240 5223 5547 5565 5241
5942 5 2 99991 1 5223 5547 5565 5241 5224 5548 5566 5242
5943 5 2 99991 1 5224 5548 5566 5242 5225 5549 5567 5243
5944 5 2 99991 1 5225 5549 5567 5243 5226 5550 5568 5244
5945 5 2 99991 1 5226 5550 5568 5244 5227 5551 5569 5245
5946 5 2 99991 1 5227 5551 5569 5245 5228 5552 5570 5246
5947 5 2 99991 1 5228 5552 5570 5246 2014 2032 2033 2015
5948 5 2 99991 1 395 413 414 396 5229 5553 5571 5247
5949 5 2 99991 1 5229 5553 5571 5247 5230 5554 5572 5248
5950 5 2 99991 1 5230 5554 5572 5248 5231 5555 5573 5249
5951 5 2 99991 1 5231 5555 5573 5249 5232 5556 5574 5250
5952 5 2 99991 1 5232 5556 5574 5250 5233 5557 5575 5251
5953 5 2 99991 1 5233 5557 5575 5251 5234 5558 5576 5252
5954 5 2 99991 1 5234 5558 5576 5252 5235 5559 5577 5253
5955 5 2 99991 1 5235 5559 5577 5253 5236 5560 5578 5254
5956 5 2 99991 1 5236 5560 5578 5254 5237 5561 5579 5255
5957 5 2 99991 1 5237 5561 5579 5255 5238 5562 5580 5256
5958 5 2 99991 1 5238 5562 5580 5256 5239 5563 5581 5257
5959 5 2 99991 1 5239 5563 5581 5257 5240 5564 5582 5258
5960 5 2 99991 1 5240 5564 5582 5258 5241 5565 5583 5259
5961 5 2 99991 1 5241 5565 5583 5259 5242 5566 5584 5260
5962 5 2 99991 1 5242 5566 5584 5260 5243 5567 5585 5261
5963 5 2 99991 1 5243 5567 5585 5261 5244 5568 5586 5262
5964 5 2 99991 1 5244 5568 5586 5262 5245 5569 5587 5263
5965 5 2 99991 1 5245 5569 5587 5263 5246 5570 5588 5264
5966 5 2 99991 1 5246 5570 5588 5264 2015 2033 2034 2016
5967 5 2 99991 1 396 414 415 397 5247 5571 5589 5265
5968 5 2 99991 1 5247 5571 5589 5265 5248 5572 5590 5266
5969 5 2 99991 1 5248 5572 5590 5266 5249 5573 5591 5267
5970 5 2 99991 1 5249 5573 5591 5267 5250 5574 5592 5268
5971 5 2 99991 1 5250 5574 5592 5268 5251 5575 5593 5269
5972 5 2 99991 1 5251 5575 5593 5269 5252 5576 5594 5270
5973 5 2 99991 1 5252 5576 5594 5270 5253 5577 5595 5271
5974 5 2 99991 1 5253 5577 5595 5271 5254 5578 5596 5272
5975 5 2 99991 1 5254 5578 5596 5272 5255 5579 5597 5273
5976 5 2 99991 1 5255 5579 5597 5273 5256 5580 5598 5274
5977 5 2 99991 1 5256 5580 5598 5274 5257 5581 5599 5275
5978 5 2 99991 1 5257 5581 5599 5275 5258 5582 5600 5276
5979 5 2 99991 1 5258 5582 5600 5276 5259 5583 5601 5277
5980 5 2 99991 1 5259 5583 5601 5277 5260 5584 5602 5278
5981 5 2 99991 1 5260 5584 5602 5278 5261 5585 5603 5279
5982 5 2 99991 1 5261 5585 5603 5279 5262 5586 5604 5280
5983 5 2 99991 1 5262 5586 5604 5280 5263 5587 5605 5281
5984 5 2 99991 1 5263 5587 5605 5281 5264 5588 5606 5282
5985 5 2 99991 1 5264 5588 5606 5282 2016 2034 2035 2017
5986 5 2 99991 1 397 415 416 398 5265 5589 5607 5283
5987 5 2 99991 1 5265 5589 5607 5283 5266 5590 5608 5284
5988 5 2 99991 1 5266 5590 5608 5284 5267 5591 5609 5285
5989 5 2 99991 1 5267 5591 5609 5285 5268 5592 5610 5286
5990 5 2 99991 1 5268 5592 5610 5286 5269 5593 5611 5287
5991 5 2 99991 1 5269 5593 5611 5287 5270 5594 5612 5288
5992 5 2 99991 1 5270 5594 5612 5288 5271 5595 5613 5289
5993 5 2 99991 1 5271 5595 5613 5289 5272 5596 5614 5290
5994 5 2 99991 1 5272 5596 5614 5290 5273 5597 5615 5291
5995 5 2 99991 1 5273 5597 5615 5291 5274 5598 5616 5292
5996 5 2 99991 1 5274 5598 5616 5292 5275 5599 5617 5293
5997 5 2 99991 1 5275 5599 5617 5293 5276 5600 5618 5294
5998 5 2 99991 1 5276 5600 5618 5294 5277 5601 5619 5295
5999 5 2 99991 1 5277 5601 5619 5295 5278 5602 5620 5296
6000 5 2 99991 1 5278 5602 5620 5296 5279 5603 5621 5297
6001 5 2 99991 1 5279 5603 5621 5297 5280 5604 5622 5298
6002 5 2 99991 1 5280 5604 5622 5298 5281 5605 5623 5299
6003 5 2 99991 1 5281 5605 5623 5299 5282 5606 5624 5300
6004 5 2 99991 1 5282 5606 5624 5300 2017 2035 2036 2018
6005 5 2 99991 1 398 416 417 399 5283 5607 5625 5301
6006 5 2 99991 1 5283 5607 5625 5301 5284 5608 5626 5302
6007 5 2 99991 1 5284 5608 5626 5302 5285 5609 5627 5303
6008 5 2 99991 1 5285 5609 5627 5303 5286 5610 5628 5304
6009 5 2 99991 1 5286 5610 5628 5304 5287 5611 5629 5305
6010 5 2 99991 1 5287 5611 5629 5305 5288 5612 5630 5306
6011 5 2 99991 1 5288 5612 5630 5306 5289 5613 5631 5307
6012 5 2 99991 1 5289 5613 5631 5307 5290 5614 5632 5308
6013 5 2 99991 1 5290 5614 5632 5308 5291 5615 5633 5309
6014 5 2 99991 1 5291 5615 5633 5309 5292 5616 5634 5310
6015 5 2 99991 1 5292 5616 5634 5310 5293 5617 5635 5311
6016 5 2 99991 1 5293 5617 5635 5311 5294 5618 5636 5312
6017 5 2 99991 1 5294 5618 5636 5312 5295 5619 5637 5313
6018 5 2 99991 1 5295 5619 5637 5313 5296 5620 5638 5314
6019 5 2 99991 1 5296 5620 5638 5314 5297 5621 5639 5315
6020 5 2 99991 1 5297 5621 5639 5315 5298 5622 5640 5316
6021 5 2 99991 1 5298 5622 5640 5316 5299 5623 5641 5317
6022 5 2 99991 1 5299 5623 5641 5317 5300 5624 5642 5318
6023 5 2 99991 1 5300 5624 5642 5318 2018 2036 2037 2019
6024 5 2 99991 1 399 417 418 400 5301 5625 5643 5319
6025 5 2 99991 1 5301 5625 5643 5319 5302 5626 5644 5320
6026 5 2 99991 1 5302 5626 5644 5320 5303 5627 5645 5321
6027 5 2 99991 1 5303 5627 5645 5321 5304 5628 5646 5322
6028 5 2 99991 1 5304 5628 5646 5322 5305 5629 5647 5323
6029 5 2 99991 1 5305 5629 5647 5323 5306 5630 5648 5324
6030 5 2 99991 1 5306 5630 5648 5324 5307 5631 5649 5325
6031 5 2 99991 1 5307 5631 5649 5325 5308 5632 5650 5326
6032 5 2 99991 1 5308 5632 5650 5326 5309 5633 5651 5327
6033 5 2 99991 1 5309 5633 5651 5327 5310 5634 5652 5328
6034 5 2 99991 1 5310 5634 5652 5328 5311 5635 5653 5329
6035 5 2 99991 1 5311 5635 5653 5329 5312 5636 5654 5330
6036 5 2 99991 1 5312 5636 5654 5330 5313 5637 5655 5331
6037 5 2 99991 1 5313 5637 5655 5331 5314 5638 5656 5332
6038 5 2 99991 1 5314 5638 5656 5332 5315 5639 5657 5333
6039 5 2 99991 1 5315 5639 5657 5333 5316 5640 5658 5334
6040 5 2 99991 1 5316 5640 5658 5334 5317 5641 5659 5335
6041 5 2 99991 1 5317 5641 5659 5335 5318 5642 5660 5336
6042 5 2 99991 1 5318 5642 5660 5336 2019 2037 2038 2020
6043 5 2 99991 1 400 418 419 401 5319 5643 5661 5337
6044 5 2 99991 1 5319 5643 5661 5337 5320 5644 5662 5338
6045 5 2 99991 1 5320 5644 5662 5338 5321 5645 5663 5339
6046 5 2 99991 1 5321 5645 5663 5339 5322 5646 5664 5340
6047 5 2 99991 1 5322 5646 5664 5340 5323 5647 5665 5341
6048 5 2 99991 1 5323 5647 5665 5341 5324 5648 5666 5342
6049 5 2 99991 1 5324 5648 5666 5342 5325 5649 5667 5343
6050 5 2 99991 1 5325 5649 5667 5343 5326 5650 5668 5344
6051 5 2 99991 1 5326 5650 5668 5344 5327 5651 5669 5345
6052 5 2 99991 1 5327 5651 5669 5345 5328 5652 5670 5346
6053 5 2 99991 1 5328 5652 5670 5346 5329 5653 5671 5347
6054 5 2 99991 1 5329 5653 5671 5347 5330 5654 5672 5348
6055 5 2 99991 1 5330 5654 5672 5348 5331 5655 5673 5349
6056 5 2 99991 1 5331 5655 5673 5349 5332 5656 5674 5350
6057 5 2 99991 1 5332 5656 5674 5350 5333 5657 5675 5351
6058 5 2 99991 1 5333 5657 5675 5351 5334 5658 5676 5352
6059 5 2 99991 1 5334 5658 5676 5352 5335 5659 5677 5353
6060 5 2 99991 1 5335 5659 5677 5353 5336 5660 5678 5354
6061 5 2 99991 1 5336 5660 5678 5354 2020 2038 2039 2021
6062 5 2 99991 1 401 419 420 402 5337 5661 5679 5355
6063 5 2 99991 1 5337 5661 5679 5355 5338 5662 5680 5356
6064 5 2 99991 1 5338 5662 5680 5356 5339 5663 5681 5357
6065 5 2 99991 1 5339 5663 5681 5357 5340 5664 5682 5358
6066 5 2 99991 1 5340 5664 5682 5358 5341 5665 5683 5359
6067 5 2 99991 1 5341 5665 5683 5359 5342 5666 5684 5360
6068 5 2 99991 1 5342 5666 5684 5360 5343 5667 5685 5361
6069 5 2 99991 1 5343 5667 5685 5361 5344 5668 5686 5362
6070 5 2 99991 1 5344 5668 5686 5362 5345 5669 5687 5363
6071 5 2 99991 1 5345 5669 5687 5363 5346 5670 5688 5364
6072 5 2 99991 1 5346 5670 5688 5364 5347 5671 5689 5365
6073 5 2 99991 1 5347 5671 5689 5365 5348 5672 5690 5366
6074 5 2 99991 1 5348 5672 5690 5366 5349 5673 5691 5367
6075 5 2 99991 1 5349 5673 5691 5367 5350 5674 5692 5368
6076 5 2 99991 1 5350 5674 5692 5368 5351 5675 5693 5369
6077 5 2 99991 1 5351 5675 5693 5369 5352 5676 5694 5370
6078 5 2 99991 1 5352 5676 5694 5370 5353 5677 5695 5371
6079 5 2 99991 1 5353 5677 5695 5371 5354 5678 5696 5372
6080 5 2 99991 1 5354 5678 5696 5372 2021 2039 2040 2022
6081 5 2 99991 1 402 420 421 403 5355 5679 5697 5373
6082 5 2 99991 1 5355 5679 5697 5373 5356 5680 5698 5374
6083 5 2 99991 1 5356 5680 5698 5374 5357 5681 5699 5375
6084 5 2 99991 1 5357 5681 5699 5375 5358 5682 5700 5376
6085 5 2 99991 1 5358 5682 5700 5376 5359 5683 5701 5377
6086 5 2 99991 1 5359 5683 5701 5377 5360 5684 5702 5378
6087 5 2 99991 1 5360 5684 5702 5378 5361 5685 5703 5379
6088 5 2 99991 1 5361 5685 5703 5379 5362 5686 5704 5380
6089 5 2 99991 1 5362 5686 5704 5380 5363 5687 5705 5381
6090 5 2 99991 1 5363 5687 5705 5381 5364 5688 5706 5382
6091 5 2 99991 1 5364 5688 5706 5382 5365 5689 5707 5383
6092 5 2 99991 1 5365 5689 5707 5383 5366 5690 5708 5384
6093 5 2 99991 1 5366 5690 5708 5384 5367 5691 5709 5385
6094 5 2 99991 1 5367 5691 5709 5385 5368 5692 5710 5386
6095 5 2 99991 1 5368 5692 5710 5386 5369 5693 5711 5387
6096 5 2 99991 1 5369 5693 5711 5387 5370 5694 5712 5388
6097 5 2 99991 1 5370 5694 5712 5388 5371 5695 5713 5389
6098 5 2 99991 1 5371 5695 5713 5389 5372 5696 5714 5390
6099 5 2 99991 1 5372 5696 5714 5390 2022 2040 2041 2023
6100 5 2 99991 1 403 421 422 404 5373 5697 5715 5391
6101 5 2 99991 1 5373 5697 5715 5391 5374 5698 5716 5392
6102 5 2 99991 1 5374 5698 5716 5392 5375 5699 5717 5393
6103 5 2 99991 1 5375 5699 5717 5393 5376 5700 5718 5394
6104 5 2 99991 1 5376 5700 5718 5394 5377 5701 5719 5395
6105 5 2 99991 1 5377 5701 5719 5395 5378 5702 5720 5396
6106 5 2 99991 1 5378 5702 5720 5396 5379 5703 5721 5397
6107 5 2 99991 1 5379 5703 5721 5397 5380 5704 5722 5398
6108 5 2 99991 1 5380 5704 5722 5398 5381 5705 5723 5399
6109 5 2 99991 1 5381 5705 5723 5399 5382 5706 5724 5400
6110 5 2 99991 1 5382 5706 5724 5400 5383 5707 5725 5401
6111 5 2 99991 1 5383 5707 5725 5401 5384 5708 5726 5402
6112 5 2 99991 1 5384 5708 5726 5402 5385 5709 5727 5403
6113 5 2 99991 1 5385 5709 5727 5403 5386 5710 5728 5404
6114 5 2 99991 1 5386 5710 5728 5404 5387 5711 5729 5405
6115 5 2 99991 1 5387 5711 5729 5405 5388 5712 5730 5406
6116 5 2 99991 1 5388 5712 5730 5406 5389 5713 5731 5407
6117 5 2 99991 1 5389 5713 5731 5407 5390 5714 5732 5408
6118 5 2 99991 1 5390 5714 5732 5408 2023 2041 2042 2024
6119 5 2 99991 1 404 422 52 53 5391 5715 1647 1665
6120 5 2 99991 1 5391 5715 1647 1665 5392 5716 1648 1666
6121 5 2 99991 1 5392 5716 1648 1666 5393 5717 1649 1667
6122 5 2 99991 1 5393 5717 1649 1667 5394 5718 1650 1668
6123 5 2 99991 1 5394 5718 1650 1668 5395 5719 1651 1669
6124 5 2 99991 1 5395 5719 1651 1669 5396 5720 1652 1670
6125 5 2 99991 1 5396 5720 1652 1670 5397 5721 1653 1671
6126 5 2 99991 1 5397 5721 1653 1671 5398 5722 1654 1672
6127 5 2 99991 1 5398 5722 1654 1672 5399 5723 1655 1673
6128 5 2 99991 1 5399 5723 1655 1673 5400 5724 1656 1674
6129 5 2 99991 1 5400 5724 1656 1674 5401 5725 1657 1675
6130 5 2 99991 1 5401 5725 1657 1675 5402 5726 1658 1676
6131 5 2 99991 1 5402 5726 1658 1676 5403 5727 1659 1677
6132 5 2 99991 1 5403 5727 1659 1677 5404 5728 1660 1678
6133 5 2 99991 1 5404 5728 1660 1678 5405 5729 1661 1679
6134 5 2 99991 1 5405 5729 1661 1679 5406 5730 1662 1680
6135 5 2 99991 1 5406 5730 1662 1680 5407 5731 1663 1681
6136 5 2 99991 1 5407 5731 1663 1681 5408 5732 1664 1682
6137 5 2 99991 1 5408 5732 1664 1682 2024 2042 142 143
6138 5 2 99991 1 19 20 423 405 1053 1071 5733 5409
6139 5 2 99991 1 1053 1071 5733 5409 1054 1072 5734 5410
6140 5 2 99991 1 1054 1072 5734 5410 1055 1073 5735 5411
6141 5 2 99991 1 1055 1073 5735 5411 1056 1074 5736 5412
6142 5 2 99991 1 1056 1074 5736 5412 1057 1075 5737 5413
6143 5 2 99991 1 1057 1075 5737 5413 1058 1076 5738 5414
6144 5 2 99991 1 1058 1076 5738 5414 1059 1077 5739 5415
6145 5 2 99991 1 1059 1077 5739 5415 1060 1078 5740 5416
6146 5 2 99991 1 1060 1078 5740 5416 1061 1079 5741 5417
6147 5 2 99991 1 1061 1079 5741 5417 1062 1080 5742 5418
6148 5 2 99991 1 1062 1080 5742 5418 1063 1081 5743 5419
6149 5 2 99991 1 1063 1081 5743 5419 1064 1082 5744 5420
6150 5 2 99991 1 1064 1082 5744 5420 1065 1083 5745 5421
6151 5 2 99991 1 1065 1083 5745 5421 1066 1084 5746 5422
6152 5 2 99991 1 1066 1084 5746 5422 1067 1085 5747 5423
6153 5 2 99991 1 1067 1085 5747 5423 1068 1086 5748 5424
6154 5 2 99991 1 1068 1086 5748 5424 1069 1087 5749 5425
6155 5 2 99991 1 1069 1087 5749 5425 1070 1088 5750 5426
6156 5 2 99991 1 1070 1088 5750 5426 109 110 2043 2025
6157 5 2 99991 1 405 423 424 406 5409 5733 5751 5427
6158 5 2 99991 1 5409 5733 5751 5427 5410 5734 5752 5428
6159 5 2 99991 1 5410 5734 5752 5428 5411 5735 5753 5429
6160 5 2 99991 1 5411 5735 5753 5429 5412 5736 5754 5430
6161 5 2 99991 1 5412 5736 5754 5430 5413 5737 5755 5431
6162 5 2 99991 1 5413 5737 5755 5431 5414 5738 5756 5432
6163 5 2 99991 1 5414 5738 5756 5432 5415 5739 5757 5433
6164 5 2 99991 1 5415 5739 5757 5433 5416 5740 5758 5434
6165 5 2 99991 1 5416 5740 5758 5434 5417 5741 5759 5435
6166 5 2 99991 1 5417 5741 5759 5435 5418 5742 5760 5436
6167 5 2 99991 1 5418 5742 5760 5436 5419 5743 5761 5437
6168 5 2 99991 1 5419 5743 5761 5437 5420 5744 5762 5438
6169 5 2 99991 1 5420 5744 5762 5438 5421 5745 5763 5439
6170 5 2 99991 1 5421 5745 5763 5439 5422 5746 5764 5440
6171 5 2 99991 1 5422 5746 5764 5440 5423 5747 5765 5441
6172 5 2 99991 1 5423 5747 5765 5441 5424 5748 5766 5442
6173 5 2 99991 1 5424 5748 5766 5442 5425 5749 5767 5443
6174 5 2 99991 1 5425 5749 5767 5443 5426 5750 5768 5444
6175 5 2 99991 1 5426 5750 5768 5444 2025 2043 2044 2026
6176 5 2 99991 1 406 424 425 407 5427 5751 5769 5445
6177 5 2 99991 1 5427 5751 5769 5445 5428 5752 5770 5446
6178 5 2 99991 1 5428 5752 5770 5446 5429 5753 5771 5447
6179 5 2 99991 1 5429 5753 5771 5447 5430 5754 5772 5448
6180 5 2 99991 1 5430 5754 5772 5448 5431 5755 5773 5449
6181 5 2 99991 1 5431 5755 5773 5449 5432 5756 5774 5450
6182 5 2 99991 1 5432 5756 5774 5450 5433 5757 5775 5451
6183 5 2 99991 1 5433 5757 5775 5451 5434 5758 5776 5452
6184 5 2 99991 1 5434 5758 5776 5452 5435 5759 5777 5453
6185 5 2 99991 1 5435 5759 5777 5453 5436 5760 5778 5454
6186 5 2 99991 1 5436 5760 5778 5454 5437 5761 5779 5455
6187 5 2 99991 1 5437 5761 5779 5455 5438 5762 5780 5456
6188 5 2 99991 1 5438 5762 5780 5456 5439 5763 5781 5457
6189 5 2 99991 1 5439 5763 5781 5457 5440 5764 5782 5458
6190 5 2 99991 1 5440 5764 5782 5458 5441 5765 5783 5459
6191 5 2 99991 1 5441 5765 5783 5459 5442 5766 5784 5460
6192 5 2 99991 1 5442 5766 5784 5460 5443 5767 5785 5461
6193 5 2 99991 1 5443 5767 5785 5461 5444 5768 5786 5462
6194 5 2 99991 1 5444 5768 5786 5462 2026 2044 2045 2027
6195 5 2 99991 1 407 425 426 408 5445 5769 5787 5463
6196 5 2 99991 1 5445 5769 5787 5463 5446 5770 5788 5464
6197 5 2 99991 1 5446 5770 5788 5464 5447 5771 5789 5465
6198 5 2 99991 1 5447 5771 5789 5465 5448 5772 5790 5466
6199 5 2 99991 1 5448 5772 5790 5466 5449 5773 5791 5467
6200 5 2 99991 1 5449 5773 5791 5467 5450 5774 5792 5468
6201 5 2 99991 1 5450 5774 5792 5468 5451 5775 5793 5469
6202 5 2 99991 1 5451 5775 5793 5469 5452 5776 5794 5470
6203 5 2 99991 1 5452 5776 5794 5470 5453 5777 5795 5471
6204 5 2 99991 1 5453 5777 5795 5471 5454 5778 5796 5472
6205 5 2 99991 1 5454 5778 5796 5472 5455 5779 5797 5473
6206 5 2 99991 1 5455 5779 5797 5473 5456 5780 5798 5474
6207 5 2 99991 1 5456 5780 5798 5474 5457 5781 5799 5475
6208 5 2 99991 1 5457 5781 5799 5475 5458 5782 5800 5476
6209 5 2 99991 1 5458 5782 5800 5476 5459 5783 5801 5477
6210 5 2 99991 1 5459 5783 5801 5477 5460 5784 5802 5478
6211 5 2 99991 1 5460 5784 5802 5478 5461 5785 5803 5479
6212 5 2 99991 1 5461 5785 5803 5479 5462 5786 5804 5480
6213 5 2 99991 1 5462 5786 5804 5480 2027 2045 2046 2028
6214 5 2 99991 1 408 426 427 409 5463 5787 5805 5481
6215 5 2 99991 1 5463 5787 5805 5481 5464 5788 5806 5482
6216 5 2 99991 1 5464 5788 5806 5482 5465 5789 5807 5483
6217 5 2 99991 1 5465 5789 5807 5483 5466 5790 5808 5484
6218 5 2 99991 1 5466 5790 5808 5484 5467 5791 5809 5485
6219 5 2 99991 1 5467 5791 5809 5485 5468 5792 5810 5486
6220 5 2 99991 1 5468 5792 5810 5486 5469 5793 5811 5487
6221 5 2 99991 1 5469 5793 5811 5487 5470 5794 5812 5488
6222 5 2 99991 1 5470 5794 5812 5488 5471 5795 5813 5489
6223 5 2 99991 1 5471 5795 5813 5489 5472 5796 5814 5490
6224 5 2 99991 1 5472 5796 5814 5490 5473 5797 5815 5491
6225 5 2 99991 1 5473 5797 5815 5491 5474 5798 5816 5492
6226 5 2 99991 1 5474 5798 5816 5492 5475 5799 5817 5493
6227 5 2 99991 1 5475 5799 5817 5493 5476 5800 5818 5494
6228 5 2 99991 1 5476 5800 5818 5494 5477 5801 5819 5495
6229 5 2 99991 1 5477 5801 5819 5495 5478 5802 5820 5496
6230 5 2 99991 1 5478 5802 5820 5496 5479 5803 5821 5497
6231 5 2 99991 1 5479 5803 5821 5497 5480 5804 5822 5498
6232 5 2 99991 1 5480 5804 5822 5498 2028 2046 2047 2029
6233 5 2 99991 1 409 427 428 410 5481 5805 5823 5499
6234 5 2 99991 1 5481 5805 5823 5499 5482 5806 5824 5500
6235 5 2 99991 1 5482 5806 5824 5500 5483 5807 5825 5501
6236 5 2 99991 1 5483 5807 5825 5501 5484 5808 5826 5502
6237 5 2 99991 1 5484 5808 5826 5502 5485 5809 5827 5503
6238 5 2 99991 1 5485 5809 5827 5503 5486 5810 5828 5504
6239 5 2 99991 1 5486 5810 5828 5504 5487 5811 5829 5505
6240 5 2 99991 1 5487 5811 5829 5505 5488 5812 5830 5506
6241 5 2 99991 1 5488 5812 5830 5506 5489 5813 5831 5507
6242 5 2 99991 1 5489 5813 5831 5507 5490 5814 5832 5508
6243 5 2 99991 1 5490 5814 5832 5508 5491 5815 5833 5509
6244 5 2 99991 1 5491 5815 5833 5509 5492 5816 5834 5510
6245 5 2 99991 1 5492 5816 5834 5510 5493 5817 5835 5511
6246 5 2 99991 1 5493 5817 5835 5511 5494 5818 5836 5512
6247 5 2 99991 1 5494 5818 5836 5512 5495 5819 5837 5513
6248 5 2 99991 1 5495 5819 5837 5513 5496 5820 5838 5514
6249 5 2 99991 1 5496 5820 5838 5514 5497 5821 5839 5515
6250 5 2 99991 1 5497 5821 5839 5515 5498 5822 5840 5516
6251 5 2 99991 1 5498 5822 5840 5516 2029 2047 2048 2030
6252 5 2 99991 1 410 428 429 411 5499 5823 5841 5517
6253 5 2 99991 1 5499 5823 5841 5517 5500 5824 5842 5518
6254 5 2 99991 1 5500 5824 5842 5518 5501 5825 5843 5519
6255 5 2 99991 1 5501 5825 5843 5519 5502 5826 5844 5520
6256 5 2 99991 1 5502 5826 5844 5520 5503 5827 5845 5521
6257 5 2 99991 1 5503 5827 5845 5521 5504 5828 5846 5522
6258 5 2 99991 1 5504 5828 5846 5522 5505 5829 5847 5523
6259 5 2 99991 1 5505 5829 5847 5523 5506 5830 5848 5524
6260 5 2 99991 1 5506 5830 5848 5524 5507 5831 5849 5525
6261 5 2 99991 1 5507 5831 5849 5525 5508 5832 5850 5526
6262 5 2 99991 1 5508 5832 5850 5526 5509 5833 5851 5527
6263 5 2 99991 1 5509 5833 5851 5527 5510 5834 5852 5528
6264 5 2 99991 1 5510 5834 5852 5528 5511 5835 5853 5529
6265 5 2 99991 1 5511 5835 5853 5529 5512 5836 5854 5530
6266 5 2 99991 1 5512 5836 5854 5530 5513 5837 5855 5531
6267 5 2 99991 1 5513 5837 5855 5531 5514 5838 5856 5532
6268 5 2 99991 1 5514 5838 5856 5532 5515 5839 5857 5533
6269 5 2 99991 1 5515 5839 5857 5533 5516 5840 5858 5534
6270 5 2 99991 1 5516 5840 5858 5534 2030 2048 2049 2031
6271 5 2 99991 1 411 429 430 412 5517 5841 5859 5535
6272 5 2 99991 1 5517 5841 5859 5535 5518 5842 5860 5536
6273 5 2 99991 1 5518 5842 5860 5536 5519 5843 5861 5537
6274 5 2 99991 1 5519 5843 5861 5537 5520 5844 5862 5538
6275 5 2 99991 1 5520 5844 5862 5538 5521 5845 5863 5539
6276 5 2 99991 1 5521 5845 5863 5539 5522 5846 5864 5540
6277 5 2 99991 1 5522 5846 5864 5540 5523 5847 5865 5541
6278 5 2 99991 1 5523 5847 5865 5541 5524 5848 5866 5542
6279 5 2 99991 1 5524 5848 5866 5542 5525 5849 5867 5543
6280 5 2 99991 1 5525 5849 5867 5543 5526 5850 5868 5544
6281 5 2 99991 1 5526 5850 5868 5544 5527 5851 5869 5545
6282 5 2 99991 1 5527 5851 5869 5545 5528 5852 5870 5546
6283 5 2 99991 1 5528 5852 5870 5546 5529 5853 5871 5547
6284 5 2 99991 1 5529 5853 5871 5547 5530 5854 5872 5548
6285 5 2 99991 1 5530 5854 5872 5548 5531 5855 5873 5549
6286 5 2 99991 1 5531 5855 5873 5549 5532 5856 5874 5550
6287 5 2 99991 1 5532 5856 5874 5550 5533 5857 5875 5551
6288 5 2 99991 1 5533 5857 5875 5551 5534 5858 5876 5552
6289 5 2 99991 1 5534 5858 5876 5552 2031 2049 2050 2032
6290 5 2 99991 1 412 430 431 413 5535 5859 5877 5553
6291 5 2 99991 1 5535 5859 5877 5553 5536 5860 5878 5554
6292 5 2 99991 1 5536 5860 5878 5554 5537 5861 5879 5555
6293 5 2 99991 1 5537 5861 5879 5555 5538 5862 5880 5556
6294 5 2 99991 1 5538 5862 5880 5556 5539 5863 5881 5557
6295 5 2 99991 1 5539 5863 5881 5557 5540 5864 5882 5558
6296 5 2 99991 1 5540 5864 5882 5558 5541 5865 5883 5559
6297 5 2 99991 1 5541 5865 5883 5559 5542 5866 5884 5560
6298 5 2 99991 1 5542 5866 5884 5560 5543 5867 5885 5561
6299 5 2 99991 1 5543 5867 5885 5561 5544 5868 5886 5562
6300 5 2 99991 1 5544 5868 5886 5562 5545 5869 5887 5563
6301 5 2 99991 1 5545 5869 5887 5563 5546 5870 5888 5564
6302 5 2 99991 1 5546 5870 5888 5564 5547 5871 5889 5565
6303 5 2 99991 1 5547 5871 5889 5565 5548 5872 5890 5566
6304 5 2 99991 1 5548 5872 5890 5566 5549 5873 5891 5567
6305 5 2 99991 1 5549 5873 5891 5567 5550 5874 5892 5568
6306 5 2 99991 1 5550 5874 5892 5568 5551 5875 5893 5569
6307 5 2 99991 1 5551 5875 5893 5569 5552 5876 5894 5570
6308 5 2 99991 1 5552 5876 5894 5570 2032 2050 2051 2033
6309 5 2 99991 1 413 431 432 414 5553 5877 5895 5571
6310 5 2 99991 1 5553 5877 5895 5571 5554 5878 5896 5572
6311 5 2 99991 1 5554 5878 5896 5572 5555 5879 5897 5573
6312 5 2 99991 1 5555 5879 5897 5573 5556 5880 5898 5574
6313 5 2 99991 1 5556 5880 5898 5574 5557 5881 5899 5575
6314 5 2 99991 1 5557 5881 5899 5575 5558 5882 5900 5576
6315 5 2 99991 1 5558 5882 5900 5576 5559 5883 5901 5577
6316 5 2 99991 1 5559 5883 5901 5577 5560 5884 5902 5578
6317 5 2 99991 1 5560 5884 5902 5578 5561 5885 5903 5579
6318 5 2 99991 1 5561 5885 5903 5579 5562 5886 5904 5580
6319 5 2 99991 1 5562 5886 5904 5580 5563 5887 5905 5581
6320 5 2 99991 1 5563 5887 5905 5581 5564 5888 5906 5582
6321 5 2 99991 1 5564 5888 5906 5582 5565 5889 5907 5583
6322 5 2 99991 1 5565 5889 5907 5583 5566 5890 5908 5584
6323 5 2 99991 1 5566 5890 5908 5584 5567 5891 5909 5585
6324 5 2 99991 1 5567 5891 5909 5585 5568 5892 5910 5586
6325 5 2 99991 1 5568 5892 5910 5586 5569 5893 5911 5587
6326 5 2 99991 1 5569 5893 5911 5587 5570 5894 5912 5588
6327 5 2 99991 1 5570 5894 5912 5588 2033 2051 2052 2034
6328 5 2 99991 1 414 432 433 415 5571 5895 5913 5589
6329 5 2 99991 1 5571 5895 5913 5589 5572 5896 5914 5590
6330 5 2 99991 1 5572 5896 5914 5590 5573 5897 5915 5591
6331 5 2 99991 1 5573 5897 5915 5591 5574 5898 5916 5592
6332 5 2 99991 1 5574 5898 5916 5592 5575 5899 5917 5593
6333 5 2 99991 1 5575 5899 5917 5593 5576 5900 5918 5594
6334 5 2 99991 1 5576 5900 5918 5594 5577 5901 5919 5595
6335 5 2 99991 1 5577 5901 5919 5595 5578 5902 5920 5596
6336 5 2 99991 1 5578 5902 5920 5596 5579 5903 5921 5597
6337 5 2 99991 1 5579 5903 5921 5597 5580 5904 5922 5598
6338 5 2 99991 1 5580 5904 5922 5598 5581 5905 5923 5599
6339 5 2 99991 1 5581 5905 5923 5599 5582 5906 5924 5600
6340 5 2 99991 1 5582 5906 5924 5600 5583 5907 5925 5601
6341 5 2 99991 1 5583 5907 5925 5601 5584 5908 5926 5602
6342 5 2 99991 1 5584 5908 5926 5602 5585 5909 5927 5603
6343 5 2 99991 1 5585 5909 5927 5603 5586 5910 5928 5604
6344 5 2 99991 1 5586 5910 5928 5604 5587 5911 5929 5605
6345 5 2 99991 1 5587 5911 5929 5605 5588 5912 5930 5606
6346 5 2 99991 1 5588 5912 5930 5606 2034 2052 2053 2035
6347 5 2 99991 1 415 433 434 416 5589 5913 5931 5607
6348 5 2 99991 1 5589 5913 5931 5607 5590 5914 5932 5608
6349 5 2 99991 1 5590 5914 5932 5608 5591 5915 5933 5609
6350 5 2 99991 1 5591 5915 5933 5609 5592 5916 5934 5610
6351 5 2 99991 1 5592 5916 5934 5610 5593 5917 5935 5611
6352 5 2 99991 1 5593 5917 5935 5611 5594 5918 5936 5612
6353 5 2 99991 1 5594 5918 5936 5612 5595 5919 5937 5613
6354 5 2 99991 1 5595 5919 5937 5613 5596 5920 5938 5614
6355 5 2 99991 1 5596 5920 5938 5614 5597 5921 5939 5615
6356 5 2 99991 1 5597 5921 5939 5615 5598 5922 5940 5616
6357 5 2 99991 1 5598 5922 5940 5616 5599 5923 5941 5617
6358 5 2 99991 1 5599 5923 5941 5617 5600 5924 5942 5618
6359 5 2 99991 1 5600 5924 5942 5618 5601 5925 5943 5619
6360 5 2 99991 1 5601 5925 5943 5619 5602 5926 5944 5620
6361 5 2 99991 1 5602 5926 5944 5620 5603 5927 5945 5621
6362 5 2 99991 1 5603 5927 5945 5621 5604 5928 5946 5622
6363 5 2 99991 1 5604 5928 5946 5622 5605 5929 5947 5623
6364 5 2 99991 1 5605 5929 5947 5623 5606 5930 5948 5624
6365 5 2 99991 1 5606 5930 5948 5624 2035 2053 2054 2036
6366 5 2 99991 1 416 434 435 417 5607 5931 5949 5625
6367 5 2 99991 1 5607 5931 5949 5625 5608 5932 5950 5626
6368 5 2 99991 1 5608 5932 5950 5626 5609 5933 5951 5627
6369 5 2 99991 1 5609 5933 5951 5627 5610 5934 5952 5628
6370 5 2 99991 1 5610 5934 5952 5628 5611 5935 5953 5629
6371 5 2 99991 1 5611 5935 5953 5629 5612 5936 5954 5630
6372 5 2 99991 1 5612 5936 5954 5630 5613 5937 5955 5631
6373 5 2 99991 1 5613 5937 5955 5631 5614 5938 5956 5632
6374 5 2 99991 1 5614 5938 5956 5632 5615 5939 5957 5633
6375 5 2 99991 1 5615 5939 5957 5633 5616 5940 5958 5634
6376 5 2 99991 1 5616 5940 5958 5634 5617 5941 5959 5635
6377 5 2 99991 1 5617 5941 5959 5635 5618 5942 5960 5636
6378 5 2 99991 1 5618 5942 5960 5636 5619 5943 5961 5637
6379 5 2 99991 1 5619 5943 5961 5637 5620 5944 5962 5638
6380 5 2 99991 1 5620 5944 5962 5638 5621 5945 5963 5639
6381 5 2 99991 1 5621 5945 5963 5639 5622 5946 5964 5640
6382 5 2 99991 1 5622 5946 5964 5640 5623 5947 5965 5641
6383 5 2 99991 1 5623 5947 5965 5641 5624 5948 5966 5642
6384 5 2 99991 1 5624 5948 5966 5642 2036 2054 2055 2037
6385 5 2 99991 1 417 435 436 418 5625 5949 5967 5643
6386 5 2 99991 1 5625 5949 5967 5643 5626 5950 5968 5644
6387 5 2 99991 1 5626 5950 5968 5644 5627 5951 5969 5645
6388 5 2 99991 1 5627 5951 5969 5645 5628 5952 5970 5646
6389 5 2 99991 1 5628 5952 5970 5646 5629 5953 5971 5647
6390 5 2 99991 1 5629 5953 5971 5647 5630 5954 5972 5648
6391 5 2 99991 1 5630 5954 5972 5648 5631 5955 5973 5649
6392 5 2 99991 1 5631 5955 5973 5649 5632 5956 5974 5650
6393 5 2 99991 1 5632 5956 5974 5650 5633 5957 5975 5651
6394 5 2 99991 1 5633 5957 5975 5651 5634 5958 5976 5652
6395 5 2 99991 1 5634 5958 5976 5652 5635 5959 5977 5653
6396 5 2 99991 1 5635 5959 5977 5653 5636 5960 5978 5654
6397 5 2 99991 1 5636 5960 5978 5654 5637 5961 5979 5655
6398 5 2 99991 1 5637 5961 5979 5655 5638 5962 5980 5656
6399 5 2 99991 1 5638 5962 5980 5656 5639 5963 5981 5657
6400 5 2 99991 1 5639 5963 5981 5657 5640 5964 5982 5658
6401 5 2 99991 1 5640 5964 5982 5658 5641 5965 5983 5659
6402 5 2 99991 1 5641 5965 5983 5659 5642 5966 5984 5660
6403 5 2 99991 1 5642 5966 5984 5660 2037 2055 2056 2038
6404 5 2 99991 1 418 436 437 419 5643 5967 5985 5661
6405 5 2 99991 1 5643 5967 5985 5661 5644 5968 5986 5662
6406 5 2 99991 1 5644 5968 5986 5662 5645 5969 5987 5663
6407 5 2 99991 1 5645 5969 5987 5663 5646 5970 5988 5664
6408 5 2 99991 1 5646 5970 5988 5664 5647 5971 5989 5665
6409 5 2 99991 1 5647 5971 5989 5665 5648 5972 5990 5666
6410 5 2 99991 1 5648 5972 5990 5666 5649 5973 5991 5667
6411 5 2 99991 1 5649 5973 5991 5667 5650 5974 5992 5668
6412 5 2 99991 1 5650 5974 5992 5668 5651 5975 5993 5669
6413 5 2 99991 1 5651 5975 5993 5669 5652 5976 5994 5670
6414 5 2 99991 1 5652 5976 5994 5670 5653 5977 5995 5671
6415 5 2 99991 1 5653 5977 5995 5671 5654 5978 5996 5672
6416 5 2 99991 1 5654 5978 5996 5672 5655 5979 5997 5673
6417 5 2 99991 1 5655 5979 5997 5673 5656 5980 5998 5674
6418 5 2 99991 1 5656 5980 5998 5674 5657 5981 5999 5675
6419 5 2 99991 1 5657 5981 5999 5675 5658 5982 6000 5676
6420 5 2 99991 1 5658 5982 6000 5676 5659 5983 6001 5677
6421 5 2 99991 1 5659 5983 6001 5677 5660 5984 6002 5678
6422 5 2 99991 1 5660 5984 6002 5678 2038 2056 2057 2039
6423 5 2 99991 1 419 437 438 420 5661 5985 6003 5679
6424 5 2 99991 1 5661 5985 6003 5679 5662 5986 6004 5680
6425 5 2 99991 1 5662 5986 6004 5680 5663 5987 6005 5681
6426 5 2 99991 1 5663 5987 6005 5681 5664 5988 6006 5682
6427 5 2 99991 1 5664 5988 6006 5682 5665 5989 6007 5683
6428 5 2 99991 1 5665 5989 6007 5683 5666 5990 6008 5684
6429 5 2 99991 1 5666 5990 6008 5684 5667 5991 6009 5685
6430 5 2 99991 1 5667 5991 6009 5685 5668 5992 6010 5686
6431 5 2 99991 1 5668 5992 6010 5686 5669 5993 6011 5687
6432 5 2 99991 1 5669 5993 6011 5687 5670 5994 6012 5688
6433 5 2 99991 1 5670 5994 6012 5688 5671 5995 6013 5689
6434 5 2 99991 1 5671 5995 6013 5689 5672 5996 6014 5690
6435 5 2 99991 1 5672 5996 6014 5690 5673 5997 6015 5691
6436 5 2 99991 1 5673 5997 6015 5691 5674 5998 6016 5692
6437 5 2 99991 1 5674 5998 6016 5692 5675 5999 6017 5693
6438 5 2 99991 1 5675 5999 6017 5693 5676 6000 6018 5694
6439 5 2 99991 1 5676 6000 6018 5694 5677 6001 6019 5695
6440 5 2 99991 1 5677 6001 6019 5695 5678 6002 6020 5696
6441 5 2 99991 1 5678 6002 6020 5696 2039 2057 2058 2040
6442 5 2 99991 1 420 438 439 421 5679 6003 6021 5697
6443 5 2 99991 1 5679 6003 6021 5697 5680 6004 6022 5698
6444 5 2 99991 1 5680 6004 6022 5698 5681 6005 6023 5699
6445 5 2 99991 1 5681 6005 6023 5699 5682 6006 6024 5700
6446 5 2 99991 1 5682 6006 6024 5700 5683 6007 6025 5701
6447 5 2 99991 1 5683 6007 6025 5701 5684 6008 6026 5702
6448 5 2 99991 1 5684 6008 6026 5702 5685 6009 6027 5703
6449 5 2 99991 1 5685 6009 6027 5703 5686 6010 6028 5704
6450 5 2 99991 1 5686 6010 6028 5704 5687 6011 6029 5705
6451 5 2 99991 1 5687 6011 6029 5705 5688 6012 6030 5706
6452 5 2 99991 1 5688 6012 6030 5706 5689 6013 6031 5707
6453 5 2 99991 1 5689 6013 6031 5707 5690 6014 6032 5708
6454 5 2 99991 1 5690 6014 6032 5708 5691 6015 6033 5709
6455 5 2 99991 1 5691 6015 6033 5709 5692 6016 6034 5710
6456 5 2 99991 1 5692 6016 6034 5710 5693 6017 6035 5711
6457 5 2 99991 1 5693 6017 6035 5711 5694 6018 6036 5712
6458 5 2 99991 1 5694 6018 6036 5712 5695 6019 6037 5713
6459 5 2 99991 1 5695 6019 6037 5713 5696 6020 6038 5714
6460 5 2 99991 1 5696 6020 6038 5714 2040 2058 2059 2041
6461 5 2 99991 1 421 439 440 422 5697 6021 6039 5715
6462 5 2 99991 1 5697 6021 6039 5715 5698 6022 6040 5716
6463 5 2 99991 1 5698 6022 6040 5716 5699 6023 6041 5717
6464 5 2 99991 1 5699 6023 6041 5717 5700 6024 6042 5718
6465 5 2 99991 1 5700 6024 6042 5718 5701 6025 6043 5719
6466 5 2 99991 1 5701 6025 6043 5719 5702 6026 6044 5720
6467 5 2 99991 1 5702 6026 6044 5720 5703 6027 6045 5721
6468 5 2 99991 1 5703 6027 6045 5721 5704 6028 6046 5722
6469 5 2 99991 1 5704 6028 6046 5722 5705 6029 6047 5723
6470 5 2 99991 1 5705 6029 6047 5723 5706 6030 6048 5724
6471 5 2 99991 1 5706 6030 6048 5724 5707 6031 6049 5725
6472 5 2 99991 1 5707 6031 6049 5725 5708 6032 6050 5726
6473 5 2 99991 1 5708 6032 6050 5726 5709 6033 6051 5727
6474 5 2 99991 1 5709 6033 6051 5727 5710 6034 6052 5728
6475 5 2 99991 1 5710 6034 6052 5728 5711 6035 6053 5729
6476 5 2 99991 1 5711 6035 6053 5729 5712 6036 6054 5730
6477 5 2 99991 1 5712 6036 6054 5730 5713 6037 6055 5731
6478 5 2 99991 1 5713 6037 6055 5731 5714 6038 6056 5732
6479 5 2 99991 1 5714 6038 6056 5732 2041 2059 2060 2042
6480 5 2 99991 1 422 440 51 52 5715 6039 1629 1647
6481 5 2 99991 1 5715 6039 1629 1647 5716 6040 1630 1648
6482 5 2 99991 1 5716 6040 1630 1648 5717 6041 1631 1649
6483 5 2 99991 1 5717 6041 1631 1649 5718 6042 1632 1650
6484 5 2 99991 1 5718 6042 1632 1650 5719 6043 1633 1651
6485 5 2 99991 1 5719 6043 1633 1651 5720 6044 1634 1652
6486 5 2 99991 1 5720 6044 1634 1652 5721 6045 1635 1653
6487 5 2 99991 1 5721 6045 1635 1653 5722 6046 1636 1654
6488 5 2 99991 1 5722 6046 1636 1654 5723 6047 1637 1655
6489 5 2 99991 1 5723 6047 1637 1655 5724 6048 1638 1656
6490 5 2 99991 1 5724 6048 1638 1656 5725 6049 1639 1657
6491 5 2 99991 1 5725 6049 1639 1657 5726 6050 1640 1658
6492 5 2 99991 1 5726 6050 1640 1658 5727 6051 1641 1659
6493 5 2 99991 1 5727 6051 1641 1659 5728 6052 1642 1660
6494 5 2 99991 1 5728 6052 1642 1660 5729 6053 1643 1661
6495 5 2 99991 1 5729 6053 1643 1661 5730 6054 1644 1662
6496 5 2 99991 1 5730 6054 1644 1662 5731 6055 1645 1663
6497 5 2 99991 1 5731 6055 1645 1663 5732 6056 1646 1664
6498 5 2 99991 1 5732 6056 1646 1664 2042 2060 141 142
6499 5 2 99991 1 20 21 441 423 1071 1089 6057 5733
6500 5 2 99991 1 1071 1089 6057 5733 1072 1090 6058 5734
6501 5 2 99991 1 1072 1090 6058 5734 1073 1091 6059 5735
6502 5 2 99991 1 1073 1091 6059 5735 1074 1092 6060 5736
6503 5 2 99991 1 1074 1092 6060 5736 1075 1093 6061 5737
6504 5 2 99991 1 1075 1093 6061 5737 1076 1094 6062 5738
6505 5 2 99991 1 1076 1094 6062 5738 1077 1095 6063 5739
6506 5 2 99991 1 1077 1095 6063 5739 1078 1096 6064 5740
6507 5 2 99991 1 1078 1096 6064 5740 1079 1097 6065 5741
6508 5 2 99991 1 1079 1097 6065 5741 1080 1098 6066 5742
6509 5 2 99991 1 1080 1098 6066 5742 1081 1099 6067 5743
6510 5 2 99991 1 1081 1099 6067 5743 1082 1100 6068 5744
6511 5 2 99991 1 1082 1100 6068 5744 1083 1101 6069 5745
6512 5 2 99991 1 1083 1101 6069 5745 1084 1102 6070 5746
6513 5 2 99991 1 1084 1102 6070 5746 1085 1103 6071 5747
6514 5 2 99991 1 1085 1103 6071 5747 1086 1104 6072 5748
6515 5 2 99991 1 1086 1104 6072 5748 1087 1105 6073 5749
6516 5 2 99991 1 1087 1105 6073 5749 1088 1106 6074 5750
6517 5 2 99991 1 1088 1106 6074 5750 110 111 2061 2043
6518 5 2 99991 1 423 441 442 424 5733 6057 6075 5751
6519 5 2 99991 1 5733 6057 6075 5751 5734 6058 6076 5752
6520 5 2 99991 1 5734 6058 6076 5752 5735 6059 6077 5753
6521 5 2 99991 1 5735 6059 6077 5753 5736 6060 6078 5754
6522 5 2 99991 1 5736 6060 6078 5754 5737 6061 6079 5755
6523 5 2 99991 1 5737 6061 6079 5755 5738 6062 6080 5756
6524 5 2 99991 1 5738 6062 6080 5756 5739 6063 6081 5757
6525 5 2 99991 1 5739 6063 6081 5757 5740 6064 6082 5758
6526 5 2 99991 1 5740 6064 6082 5758 5741 6065 6083 5759
6527 5 2 99991 1 5741 6065 6083 5759 5742 6066 6084 5760
6528 5 2 99991 1 5742 6066 6084 5760 5743 6067 6085 5761
6529 5 2 99991 1 5743 6067 6085 5761 5744 6068 6086 5762
6530 5 2 99991 1 5744 6068 6086 5762 5745 6069 6087 5763
6531 5 2 99991 1 5745 6069 6087 5763 5746 6070 6088 5764
6532 5 2 99991 1 5746 6070 6088 5764 5747 6071 6089 5765
6533 5 2 99991 1 5747 6071 6089 5765 5748 6072 6090 5766
6534 5 2 99991 1 5748 6072 6090 5766 5749 6073 6091 5767
6535 5 2 99991 1 5749 6073 6091 5767 5750 6074 6092 5768
6536 5 2 99991 1 5750 6074 6092 5768 2043 2061 2062 2044
6537 5 2 99991 1 424 442 443 425 5751 6075 6093 5769
6538 5 2 99991 1 5751 6075 6093 5769 5752 6076 6094 5770
6539 5 2 99991 1 5752 6076 6094 5770 5753 6077 6095 5771
6540 5 2 99991 1 5753 6077 6095 5771 5754 6078 6096 5772
6541 5 2 99991 1 5754 6078 6096 5772 5755 6079 6097 5773
6542 5 2 99991 1 5755 6079 6097 5773 5756 6080 6098 5774
6543 5 2 99991 1 5756 6080 6098 5774 5757 6081 6099 5775
6544 5 2 99991 1 5757 6081 6099 5775 5758 6082 6100 5776
6545 5 2 99991 1 5758 6082 6100 5776 5759 6083 6101 5777
6546 5 2 99991 1 5759 6083 6101 5777 5760 6084 6102 5778
6547 5 2 99991 1 5760 6084 6102 5778 5761 6085 6103 5779
6548 5 2 99991 1 5761 6085 6103 5779 5762 6086 6104 5780
6549 5 2 99991 1 5762 6086 6104 5780 5763 6087 6105 5781
6550 5 2 99991 1 5763 6087 6105 5781 5764 6088 6106 5782
6551 5 2 99991 1 5764 6088 6106 5782 5765 6089 6107 5783
6552 5 2 99991 1 5765 6089 6107 5783 5766 6090 6108 5784
6553 5 2 99991 1 5766 6090 6108 5784 5767 6091 6109 5785
6554 5 2 99991 1 5767 6091 6109 5785 5768 6092 6110 5786
6555 5 2 99991 1 5768 6092 6110 5786 2044 2062 2063 2045
6556 5 2 99991 1 425 443 444 426 5769 6093 6111 5787
6557 5 2 99991 1 5769 6093 6111 5787 5770 6094 6112 5788
6558 5 2 99991 1 5770 6094 6112 5788 5771 6095 6113 5789
6559 5 2 99991 1 5771 6095 6113 5789 5772 6096 6114 5790
6560 5 2 99991 1 5772 6096 6114 5790 5773 6097 6115 5791
6561 5 2 99991 1 5773 6097 6115 5791 5774 6098 6116 5792
6562 5 2 99991 1 5774 6098 6116 5792 5775 6099 6117 5793
6563 5 2 99991 1 5775 6099 6117 5793 5776 6100 6118 5794
6564 5 2 99991 1 5776 6100 6118 5794 5777 6101 6119 5795
6565 5 2 99991 1 5777 6101 6119 5795 5778 6102 6120 5796
6566 5 2 99991 1 5778 6102 6120 5796 5779 6103 6121 5797
6567 5 2 99991 1 5779 6103 6121 5797 5780 6104 6122 5798
6568 5 2 99991 1 5780 6104 6122 5798 5781 6105 6123 5799
6569 5 2 99991 1 5781 6105 6123 5799 5782 6106 6124 5800
6570 5 2 99991 1 5782 6106 6124 5800 5783 6107 6125 5801
6571 5 2 99991 1 5783 6107 6125 5801 5784 6108 6126 5802
6572 5 2 99991 1 5784 6108 6126 5802 5785 6109 6127 5803
6573 5 2 99991 1 5785 6109 6127 5803 5786 6110 6128 5804
6574 5 2 99991 1 5786 6110 6128 5804 2045 2063 2064 2046
6575 5 2 99991 1 426 444 445 427 5787 6111 6129 5805
6576 5 2 99991 1 5787 6111 6129 5805 5788 6112 6130 5806
6577 5 2 99991 1 5788 6112 6130 5806 5789 6113 6131 5807
6578 5 2 99991 1 5789 6113 6131 5807 5790 6114 6132 5808
6579 5 2 99991 1 5790 6114 6132 5808 5791 6115 6133 5809
6580 5 2 99991 1 5791 6115 6133 5809 5792 6116 6134 5810
6581 5 2 99991 1 5792 6116 6134 5810 5793 6117 6135 5811
6582 5 2 99991 1 5793 6117 6135 5811 5794 6118 6136 5812
6583 5 2 99991 1 5794 6118 6136 5812 5795 6119 6137 5813
6584 5 2 99991 1 5795 6119 6137 5813 5796 6120 6138 5814
6585 5 2 99991 1 5796 6120 6138 5814 5797 6121 6139 5815
6586 5 2 99991 1 5797 6121 6139 5815 5798 6122 6140 5816
6587 5 2 99991 1 5798 6122 6140 5816 5799 6123 6141 5817
6588 5 2 99991 1 5799 6123 6141 5817 5800 6124 6142 5818
6589 5 2 99991 1 5800 6124 6142 5818 5801 6125 6143 5819
6590 5 2 99991 1 5801 6125 6143 5819 5802 6126 6144 5820
6591 5 2 99991 1 5802 6126 6144 5820 5803 6127 6145 5821
6592 5 2 99991 1 5803 6127 6145 5821 5804 6128 6146 5822
6593 5 2 99991 1 5804 6128 6146 5822 2046 2064 2065 2047
6594 5 2 99991 1 427 445 446 428 5805 6129 6147 5823
6595 5 2 99991 1 5805 6129 6147 5823 5806 6130 6148 5824
6596 5 2 99991 1 5806 6130 6148 5824 5807 6131 6149 5825
6597 5 2 99991 1 5807 6131 6149 5825 5808 6132 6150 5826
6598 5 2 99991 1 5808 6132 6150 5826 5809 6133 6151 5827
6599 5 2 99991 1 5809 6133 6151 5827 5810 6134 6152 5828
6600 5 2 99991 1 5810 6134 6152 5828 5811 6135 6153 5829
6601 5 2 99991 1 5811 6135 6153 5829 5812 6136 6154 5830
6602 5 2 99991 1 5812 6136 6154 5830 5813 6137 6155 5831
6603 5 2 99991 1 5813 6137 6155 5831 5814 6138 6156 5832
6604 5 2 99991 1 5814 6138 6156 5832 5815 6139 6157 5833
6605 5 2 99991 1 5815 6139 6157 5833 5816 6140 6158 5834
6606 5 2 99991 1 5816 6140 6158 5834 5817 6141 6159 5835
6607 5 2 99991 1 5817 6141 6159 5835 5818 6142 6160 5836
6608 5 2 99991 1 5818 6142 6160 5836 5819 6143 6161 5837
6609 5 2 99991 1 5819 6143 6161 5837 5820 6144 6162 5838
6610 5 2 99991 1 5820 6144 6162 5838 5821 6145 6163 5839
6611 5 2 99991 1 5821 6145 6163 5839 5822 6146 6164 5840
6612 5 2 99991 1 5822 6146 6164 5840 2047 2065 2066 2048
6613 5 2 99991 1 428 446 447 429 5823 6147 6165 5841
6614 5 2 99991 1 5823 6147 6165 5841 5824 6148 6166 5842
6615 5 2 99991 1 5824 6148 6166 5842 5825 6149 6167 5843
6616 5 2 99991 1 5825 6149 6167 5843 5826 6150 6168 5844
6617 5 2 99991 1 5826 6150 6168 5844 5827 6151 6169 5845
6618 5 2 99991 1 5827 6151 6169 5845 5828 6152 6170 5846
6619 5 2 99991 1 5828 6152 6170 5846 5829 6153 6171 5847
6620 5 2 99991 1 5829 6153 6171 5847 5830 6154 6172 5848
6621 5 2 99991 1 5830 6154 6172 5848 5831 6155 6173 5849
6622 5 2 99991 1 5831 6155 6173 5849 5832 6156 6174 5850
6623 5 2 99991 1 5832 6156 6174 5850 5833 6157 6175 5851
6624 5 2 99991 1 5833 6157 6175 5851 5834 6158 6176 5852
6625 5 2 99991 1 5834 6158 6176 5852 5835 6159 6177 5853
6626 5 2 99991 1 5835 6159 6177 5853 5836 6160 6178 5854
6627 5 2 99991 1 5836 6160 6178 5854 5837 6161 6179 5855
6628 5 2 99991 1 5837 6161 6179 5855 5838 6162 6180 5856
6629 5 2 99991 1 5838 6162 6180 5856 5839 6163 6181 5857
6630 5 2 99991 1 5839 6163 6181 5857 5840 6164 6182 5858
6631 5 2 99991 1 5840 6164 6182 5858 2048 2066 2067 2049
6632 5 2 99991 1 429 447 448 430 5841 6165 6183 5859
6633 5 2 99991 1 5841 6165 6183 5859 5842 6166 6184 5860
6634 5 2 99991 1 5842 6166 6184 5860 5843 6167 6185 5861
6635 5 2 99991 1 5843 6167 6185 5861 5844 6168 6186 5862
6636 5 2 99991 1 5844 6168 6186 5862 5845 6169 6187 5863
6637 5 2 99991 1 5845 6169 6187 5863 5846 6170 6188 5864
6638 5 2 99991 1 5846 6170 6188 5864 5847 6171 6189 5865
6639 5 2 99991 1 5847 6171 6189 5865 5848 6172 6190 5866
6640 5 2 99991 1 5848 6172 6190 5866 5849 6173 6191 5867
6641 5 2 99991 1 5849 6173 6191 5867 5850 6174 6192 5868
6642 5 2 99991 1 5850 6174 6192 5868 5851 6175 6193 5869
6643 5 2 99991 1 5851 6175 6193 5869 5852 6176 6194 5870
6644 5 2 99991 1 5852 6176 6194 5870 5853 6177 6195 5871
6645 5 2 99991 1 5853 6177 6195 5871 5854 6178 6196 5872
6646 5 2 99991 1 5854 6178 6196 5872 5855 6179 6197 5873
6647 5 2 99991 1 5855 6179 6197 5873 5856 6180 6198 5874
6648 5 2 99991 1 5856 6180 6198 5874 5857 6181 6199 5875
6649 5 2 99991 1 5857 6181 6199 5875 5858 6182 6200 5876
6650 5 2 99991 1 5858 6182 6200 5876 2049 2067 2068 2050
6651 5 2 99991 1 430 448 449 431 5859 6183 6201 5877
6652 5 2 99991 1 5859 6183 6201 5877 5860 6184 6202 5878
6653 5 2 99991 1 5860 6184 6202 5878 5861 6185 6203 5879
6654 5 2 99991 1 5861 6185 6203 5879 5862 6186 6204 5880
6655 5 2 99991 1 5862 6186 6204 5880 5863 6187 6205 5881
6656 5 2 99991 1 5863 6187 6205 5881 5864 6188 6206 5882
6657 5 2 99991 1 5864 6188 6206 5882 5865 6189 6207 5883
6658 5 2 99991 1 5865 6189 6207 5883 5866 6190 6208 5884
6659 5 2 99991 1 5866 6190 6208 5884 5867 6191 6209 5885
6660 5 2 99991 1 5867 6191 6209 5885 5868 6192 6210 5886
6661 5 2 99991 1 5868 6192 6210 5886 5869 6193 6211 5887
6662 5 2 99991 1 5869 6193 6211 5887 5870 6194 6212 5888
6663 5 2 99991 1 5870 6194 6212 5888 5871 6195 6213 5889
6664 5 2 99991 1 5871 6195 6213 5889 5872 6196 6214 5890
6665 5 2 99991 1 5872 6196 6214 5890 5873 6197 6215 5891
6666 5 2 99991 1 5873 6197 6215 5891 5874 6198 6216 5892
6667 5 2 99991 1 5874 6198 6216 5892 5875 6199 6217 5893
6668 5 2 99991 1 5875 6199 6217 5893 5876 6200 6218 5894
6669 5 2 99991 1 5876 6200 6218 5894 2050 2068 2069 2051
6670 5 2 99991 1 431 449 450 432 5877 6201 6219 5895
6671 5 2 99991 1 5877 6201 6219 5895 5878 6202 6220 5896
6672 5 2 99991 1 5878 6202 6220 5896 5879 6203 6221 5897
6673 5 2 99991 1 5879 6203 6221 5897 5880 6204 6222 5898
6674 5 2 99991 1 5880 6204 6222 5898 5881 6205 6223 5899
6675 5 2 99991 1 5881 6205 6223 5899 5882 6206 6224 5900
6676 5 2 99991 1 5882 6206 6224 5900 5883 6207 6225 5901
6677 5 2 99991 1 5883 6207 6225 5901 5884 6208 6226 5902
6678 5 2 99991 1 5884 6208 6226 5902 5885 6209 6227 5903
6679 5 2 99991 1 5885 6209 6227 5903 5886 6210 6228 5904
6680 5 2 99991 1 5886 6210 6228 5904 5887 6211 6229 5905
6681 5 2 99991 1 5887 6211 6229 5905 5888 6212 6230 5906
6682 5 2 99991 1 5888 6212 6230 5906 5889 6213 6231 5907
6683 5 2 99991 1 5889 6213 6231 5907 5890 6214 6232 5908
6684 5 2 99991 1 5890 6214 6232 5908 5891 6215 6233 5909
6685 5 2 99991 1 5891 6215 6233 5909 5892 6216 6234 5910
6686 5 2 99991 1 5892 6216 6234 5910 5893 6217 6235 5911
6687 5 2 99991 1 5893 6217 6235 5911 5894 6218 6236 5912
6688 5 2 99991 1 5894 6218 6236 5912 2051 2069 2070 2052
6689 5 2 99991 1 432 450 451 433 5895 6219 6237 5913
6690 5 2 99991 1 5895 6219 6237 5913 5896 6220 6238 5914
6691 5 2 99991 1 5896 6220 6238 5914 5897 6221 6239 5915
6692 5 2 99991 1 5897 6221 6239 5915 5898 6222 6240 5916
6693 5 2 99991 1 5898 6222 6240 5916 5899 6223 6241 5917
6694 5 2 99991 1 5899 6223 6241 5917 5900 6224 6242 5918
6695 5 2 99991 1 5900 6224 6242 5918 5901 6225 6243 5919
6696 5 2 99991 1 5901 6225 6243 5919 5902 6226 6244 5920
6697 5 2 99991 1 5902 6226 6244 5920 5903 6227 6245 5921
6698 5 2 99991 1 5903 6227 6245 5921 5904 6228 6246 5922
6699 5 2 99991 1 5904 6228 6246 5922 5905 6229 6247 5923
6700 5 2 99991 1 5905 6229 6247 5923 5906 6230 6248 5924
6701 5 2 99991 1 5906 6230 6248 5924 5907 6231 6249 5925
6702 5 2 99991 1 5907 6231 6249 5925 5908 6232 6250 5926
6703 5 2 99991 1 5908 6232 6250 5926 5909 6233 6251 5927
6704 5 2 99991 1 5909 6233 6251 5927 5910 6234 6252 5928
6705 5 2 99991 1 5910 6234 6252 5928 5911 6235 6253 5929
6706 5 2 99991 1 5911 6235 6253 5929 5912 6236 6254 5930
6707 5 2 99991 1 5912 6236 6254 5930 2052 2070 2071 2053
6708 5 2 99991 1 433 451 452 434 5913 6237 6255 5931
6709 5 2 99991 1 5913 6237 6255 5931 5914 6238 6256 5932
6710 5 2 99991 1 5914 6238 6256 5932 5915 6239 6257 5933
6711 5 2 99991 1 5915 6239 6257 5933 5916 6240 6258 5934
6712 5 2 99991 1 5916 6240 6258 5934 5917 6241 6259 5935
6713 5 2 99991 1 5917 6241 6259 5935 5918 6242 6260 5936
6714 5 2 99991 1 5918 6242 6260 5936 5919 6243 6261 5937
6715 5 2 99991 1 5919 6243 6261 5937 5920 6244 6262 5938
6716 5 2 99991 1 5920 6244 6262 5938 5921 6245 6263 5939
6717 5 2 99991 1 5921 6245 6263 5939 5922 6246 6264 5940
6718 5 2 99991 1 5922 6246 6264 5940 5923 6247 6265 5941
6719 5 2 99991 1 5923 6247 6265 5941 5924 6248 6266 5942
6720 5 2 99991 1 5924 6248 6266 5942 5925 6249 6267 5943
6721 5 2 99991 1 5925 6249 6267 5943 5926 6250 6268 5944
6722 5 2 99991 1 5926 6250 6268 5944 5927 6251 6269 5945
6723 5 2 99991 1 5927 6251 6269 5945 5928 6252 6270 5946
6724 5 2 99991 1 5928 6252 6270 5946 5929 6253 6271 5947
6725 5 2 99991 1 5929 6253 6271 5947 5930 6254 6272 5948
6726 5 2 99991 1 5930 6254 6272 5948 2053 2071 2072 2054
6727 5 2 99991 1 434 452 453 435 5931 6255 6273 5949
6728 5 2 99991 1 5931 6255 6273 5949 5932 6256 6274 5950
6729 5 2 99991 1 5932 6256 6274 5950 5933 6257 6275 5951
6730 5 2 99991 1 5933 6257 6275 5951 5934 6258 6276 5952
6731 5 2 99991 1 5934 6258 6276 5952 5935 6259 6277 5953
6732 5 2 99991 1 5935 6259 6277 5953 5936 6260 6278 5954
6733 5 2 99991 1 5936 6260 6278 5954 5937 6261 6279 5955
6734 5 2 99991 1 5937 6261 6279 5955 5938 6262 6280 5956
6735 5 2 99991 1 5938 6262 6280 5956 5939 6263 6281 5957
6736 5 2 99991 1 5939 6263 6281 5957 5940 6264 6282 5958
6737 5 2 99991 1 5940 6264 6282 5958 5941 6265 6283 5959
6738 5 2 99991 1 5941 6265 6283 5959 5942 6266 6284 5960
6739 5 2 99991 1 5942 6266 6284 5960 5943 6267 6285 5961
6740 5 2 99991 1 5943 6267 6285 5961 5944 6268 6286 5962
6741 5 2 99991 1 5944 6268 6286 5962 5945 6269 6287 5963
6742 5 2 99991 1 5945 6269 6287 5963 5946 6270 6288 5964
6743 5 2 99991 1 5946 6270 6288 5964 5947 6271 6289 5965
6744 5 2 99991 1 5947 6271 6289 5965 5948 6272 6290 5966
6745 5 2 99991 1 5948 6272 6290 5966 2054 2072 2073 2055
6746 5 2 99991 1 435 453 454 436 5949 6273 6291 5967
6747 5 2 99991 1 5949 6273 6291 5967 5950 6274 6292 5968
6748 5 2 99991 1 5950 6274 6292 5968 5951 6275 6293 5969
6749 5 2 99991 1 5951 6275 6293 5969 5952 6276 6294 5970
6750 5 2 99991 1 5952 6276 6294 5970 5953 6277 6295 5971
6751 5 2 99991 1 5953 6277 6295 5971 5954 6278 6296 5972
6752 5 2 99991 1 5954 6278 6296 5972 5955 6279 6297 5973
6753 5 2 99991 1 5955 6279 6297 5973 5956 6280 6298 5974
6754 5 2 99991 1 5956 6280 6298 5974 5957 6281 6299 5975
6755 5 2 99991 1 5957 6281 6299 5975 5958 6282 6300 5976
6756 5 2 99991 1 5958 6282 6300 5976 5959 6283 6301 5977
6757 5 2 99991 1 5959 6283 6301 5977 5960 6284 6302 5978
6758 5 2 99991 1 5960 6284 6302 5978 5961 6285 6303 5979
6759 5 2 99991 1 5961 6285 6303 5979 5962 6286 6304 5980
6760 5 2 99991 1 5962 6286 6304 5980 5963 6287 6305 5981
6761 5 2 99991 1 5963 6287 6305 5981 5964 6288 6306 5982
6762 5 2 99991 1 5964 6288 6306 5982 5965 6289 6307 5983
6763 5 2 99991 1 5965 6289 6307 5983 5966 6290 6308 5984
6764 5 2 99991 1 5966 6290 6308 5984 2055 2073 2074 2056
6765 5 2 99991 1 436 454 455 437 5967 6291 6309 5985
6766 5 2 99991 1 5967 6291 6309 5985 5968 6292 6310 5986
6767 5 2 99991 1 5968 6292 6310 5986 5969 6293 6311 5987
6768 5 2 99991 1 5969 6293 6311 5987 5970 6294 6312 5988
6769 5 2 99991 1 5970 6294 6312 5988 5971 6295 6313 5989
6770 5 2 99991 1 5971 6295 6313 5989 5972 6296 6314 5990
6771 5 2 99991 1 5972 6296 6314 5990 5973 6297 6315 5991
6772 5 2 99991 1 5973 6297 6315 5991 5974 6298 6316 5992
6773 5 2 99991 1 5974 6298 6316 5992 5975 6299 6317 5993
6774 5 2 99991 1 5975 6299 6317 5993 5976 6300 6318 5994
6775 5 2 99991 1 5976 6300 6318 5994 5977 6301 6319 5995
6776 5 2 99991 1 5977 6301 6319 5995 5978 6302 6320 5996
6777 5 2 99991 1 5978 6302 6320 5996 5979 6303 6321 5997
6778 5 2 99991 1 5979 6303 6321 5997 5980 6304 6322 5998
6779 5 2 99991 1 5980 6304 6322 5998 5981 6305 6323 5999
6780 5 2 99991 1 5981 6305 6323 5999 5982 6306 6324 6000
6781 5 2 99991 1 5982 6306 6324 6000 5983 6307 6325 6001
6782 5 2 99991 1 5983 6307 6325 6001 5984 6308 6326 6002
6783 5 2 99991 1 5984 6308 6326 6002 2056 2074 2075 2057
6784 5 2 99991 1 437 455 456 438 5985 6309 6327 6003
6785 5 2 99991 1 5985 6309 6327 6003 5986 6310 6328 6004
6786 5 2 99991 1 5986 6310 6328 6004 5987 6311 6329 6005
6787 5 2 99991 1 5987 6311 6329 6005 5988 6312 6330 6006
6788 5 2 99991 1 5988 6312 6330 6006 5989 6313 6331 6007
6789 5 2 99991 1 5989 6313 6331 6007 5990 6314 6332 6008
6790 5 2 99991 1 5990 6314 6332 6008 5991 6315 6333 6009
6791 5 2 99991 1 5991 6315 6333 6009 5992 6316 6334 6010
6792 5 2 99991 1 5992 6316 6334 6010 5993 6317 6335 6011
6793 5 2 99991 1 5993 6317 6335 6011 5994 6318 6336 6012
6794 5 2 99991 1 5994 6318 6336 6012 5995 6319 6337 6013
6795 5 2 99991 1 5995 6319 6337 6013 5996 6320 6338 6014
6796 5 2 99991 1 5996 6320 6338 6014 5997 6321 6339 6015
6797 5 2 99991 1 5997 6321 6339 6015 5998 6322 6340 6016
6798 5 2 99991 1 5998 6322 6340 6016 5999 6323 6341 6017
6799 5 2 99991 1 5999 6323 6341 6017 6000 6324 6342 6018
6800 5 2 99991 1 6000 6324 6342 6018 6001 6325 6343 6019
6801 5 2 99991 1 6001 6325 6343 6019 6002 6326 6344 6020
6802 5 2 99991 1 6002 6326 6344 6020 2057 2075 2076 2058
6803 5 2 99991 1 438 456 457 439 6003 6327 6345 6021
6804 5 2 99991 1 6003 6327 6345 6021 6004 6328 6346 6022
6805 5 2 99991 1 6004 6328 6346 6022 6005 6329 6347 6023
6806 5 2 99991 1 6005 6329 6347 6023 6006 6330 6348 6024
6807 5 2 99991 1 6006 6330 6348 6024 6007 6331 6349 6025
6808 5 2 99991 1 6007 6331 6349 6025 6008 6332 6350 6026
6809 5 2 99991 1 6008 6332 6350 6026 6009 6333 6351 6027
6810 5 2 99991 1 6009 6333 6351 6027 6010 6334 6352 6028
6811 5 2 99991 1 6010 6334 6352 6028 6011 6335 6353 6029
6812 5 2 99991 1 6011 6335 6353 6029 6012 6336 6354 6030
6813 5 2 99991 1 6012 6336 6354 6030 6013 6337 6355 6031
6814 5 2 99991 1 6013 6337 6355 6031 6014 6338 6356 6032
6815 5 2 99991 1 6014 6338 6356 6032 6015 6339 6357 6033
6816 5 2 99991 1 6015 6339 6357 6033 6016 6340 6358 6034
6817 5 2 99991 1 6016 6340 6358 6034 6017 6341 6359 6035
6818 5 2 99991 1 6017 6341 6359 6035 6018 6342 6360 6036
6819 5 2 99991 1 6018 6342 6360 6036 6019 6343 6361 6037
6820 5 2 99991 1 6019 6343 6361 6037 6020 6344 6362 6038
6821 5 2 99991 1 6020 6344 6362 6038 2058 2076 2077 2059
6822 5 2 99991 1 439 457 458 440 6021 6345 6363 6039
6823 5 2 99991 1 6021 6345 6363 6039 6022 6346 6364 6040
6824 5 2 99991 1 6022 6346 6364 6040 6023 6347 6365 6041
6825 5 2 99991 1 6023 6347 6365 6041 6024 6348 6366 6042
6826 5 2 99991 1 6024 6348 6366 6042 6025 6349 6367 6043
6827 5 2 99991 1 6025 6349 6367 6043 6026 6350 6368 6044
6828 5 2 99991 1 6026 6350 6368 6044 6027 6351 6369 6045
6829 5 2 99991 1 6027 6351 6369 6045 6028 6352 6370 6046
6830 5 2 99991 1 6028 6352 6370 6046 6029 6353 6371 6047
6831 5 2 99991 1 6029 6353 6371 6047 6030 6354 6372 6048
6832 5 2 99991 1 6030 6354 6372 6048 6031 6355 6373 6049
6833 5 2 99991 1 6031 6355 6373 6049 6032 6356 6374 6050
6834 5 2 99991 1 6032 6356 6374 6050 6033 6357 6375 6051
6835 5 2 99991 1 6033 6357 6375 6051 6034 6358 6376 6052
6836 5 2 99991 1 6034 6358 6376 6052 6035 6359 6377 6053
6837 5 2 99991 1 6035 6359 6377 6053 6036 6360 6378 6054
6838 5 2 99991 1 6036 6360 6378 6054 6037 6361 6379 6055
6839 5 2 99991 1 6037 6361 6379 6055 6038 6362 6380 6056
6840 5 2 99991 1 6038 6362 6380 6056 2059 2077 2078 2060
6841 5 2 99991 1 440 458 50 51 6039 6363 1611 1629
6842 5 2 99991 1 6039 6363 1611 1629 6040 6364 1612 1630
6843 5 2 99991 1 6040 6364 1612 1630 6041 6365 1613 1631
6844 5 2 99991 1 6041 6365 1613 1631 6042 6366 1614 1632
6845 5 2 99991 1 6042 6366 1614 1632 6043 6367 1615 1633
6846 5 2 99991 1 6043 6367 1615 1633 6044 6368 1616 1634
6847 5 2 99991 1 6044 6368 1616 1634 6045 6369 1617 1635
6848 5 2 99991 1 6045 6369 1617 1635 6046 6370 1618 1636
6849 5 2 99991 1 6046 6370 1618 1636 6047 6371 1619 1637
6850 5 2 99991 1 6047 6371 1619 1637 6048 6372 1620 1638
6851 5 2 99991 1 6048 6372 1620 1638 6049 6373 1621 1639
6852 5 2 99991 1 6049 6373 1621 1639 6050 6374 1622 1640
6853 5 2 99991 1 6050 6374 1622 1640 6051 6375 1623 1641
6854 5 2 99991 1 6051 6375 1623 1641 6052 6376 1624 1642
6855 5 2 99991 1 6052 6376 1624 1642 6053 6377 1625 1643
6856 5 2 99991 1 6053 6377 1625 1643 6054 6378 1626 1644
6857 5 2 99991 1 6054 6378 1626 1644 6055 6379 1627 1645
6858 5 2 99991 1 6055 6379 1627 1645 6056 6380 1628 1646
6859 5 2 99991 1 6056 6380 1628 1646 2060 2078 140 141
6860 5 2 99991 1 21 22 459 441 1089 1107 6381 6057
6861 5 2 99991 1 1089 1107 6381 6057 1090 1108 6382 6058
6862 5 2 99991 1 1090 1108 6382 6058 1091 1109 6383 6059
6863 5 2 99991 1 1091 1109 6383 6059 1092 1110 6384 6060
6864 5 2 99991 1 1092 1110 6384 6060 1093 1111 6385 6061
6865 5 2 99991 1 1093 1111 6385 6061 1094 1112 6386 6062
6866 5 2 99991 1 1094 1112 6386 6062 1095 1113 6387 6063
6867 5 2 99991 1 1095 1113 6387 6063 1096 1114 6388 6064
6868 5 2 99991 1 1096 1114 6388 6064 1097 1115 6389 6065
6869 5 2 99991 1 1097 1115 6389 6065 1098 1116 6390 6066
6870 5 2 99991 1 1098 1116 6390 6066 1099 1117 6391 6067
6871 5 2 99991 1 1099 1117 6391 6067 1100 1118 6392 6068
6872 5 2 99991 1 1100 1118 6392 6068 1101 1119 6393 6069
6873 5 2 99991 1 1101 1119 6393 6069 1102 1120 6394 6070
6874 5 2 99991 1 1102 1120 6394 6070 1103 1121 6395 6071
6875 5 2 99991 1 1103 1121 6395 6071 1104 1122 6396 6072
6876 5 2 99991 1 1104 1122 6396 6072 1105 1123 6397 6073
6877 5 2 99991 1 1105 1123 6397 6073 1106 1124 6398 6074
6878 5 2 99991 1 1106 1124 6398 6074 111 112 2079 2061
6879 5 2 99991 1 441 459 460 442 6057 6381 6399 6075
6880 5 2 99991 1 6057 6381 6399 6075 6058 6382 6400 6076
6881 5 2 99991 1 6058 6382 6400 6076 6059 6383 6401 6077
6882 5 2 99991 1 6059 6383 6401 6077 6060 6384 6402 6078
6883 5 2 99991 1 6060 6384 6402 6078 6061 6385 6403 6079
6884 5 2 99991 1 6061 6385 6403 6079 6062 6386 6404 6080
6885 5 2 99991 1 6062 6386 6404 6080 6063 6387 6405 6081
6886 5 2 99991 1 6063 6387 6405 6081 6064 6388 6406 6082
6887 5 2 99991 1 6064 6388 6406 6082 6065 6389 6407 6083
6888 5 2 99991 1 6065 6389 6407 6083 6066 6390 6408 6084
6889 5 2 99991 1 6066 6390 6408 6084 6067 6391 6409 6085
6890 5 2 99991 1 6067 6391 6409 6085 6068 6392 6410 6086
6891 5 2 99991 1 6068 6392 6410 6086 6069 6393 6411 6087
6892 5 2 99991 1 6069 6393 6411 6087 6070 6394 6412 6088
6893 5 2 99991 1 6070 6394 6412 6088 6071 6395 6413 6089
6894 5 2 99991 1 6071 6395 6413 6089 6072 6396 6414 6090
6895 5 2 99991 1 6072 6396 6414 6090 6073 6397 6415 6091
6896 5 2 99991 1 6073 6397 6415 6091 6074 6398 6416 6092
6897 5 2 99991 1 6074 6398 6416 6092 2061 2079 2080 2062
6898 5 2 99991 1 442 460 461 443 6075 6399 6417 6093
6899 5 2 99991 1 6075 6399 6417 6093 6076 6400 6418 6094
6900 5 2 99991 1 6076 6400 6418 6094 6077 6401 6419 6095
6901 5 2 99991 1 6077 6401 6419 6095 6078 6402 6420 6096
6902 5 2 99991 1 6078 6402 6420 6096 6079 6403 6421 6097
6903 5 2 99991 1 6079 6403 6421 6097 6080 6404 6422 6098
6904 5 2 99991 1 6080 6404 6422 6098 6081 6405 6423 6099
6905 5 2 99991 1 6081 6405 6423 6099 6082 6406 6424 6100
6906 5 2 99991 1 6082 6406 6424 6100 6083 6407 6425 6101
6907 5 2 99991 1 6083 6407 6425 6101 6084 6408 6426 6102
6908 5 2 99991 1 6084 6408 6426 6102 6085 6409 6427 6103
6909 5 2 99991 1 6085 6409 6427 6103 6086 6410 6428 6104
6910 5 2 99991 1 6086 6410 6428 6104 6087 6411 6429 6105
6911 5 2 99991 1 6087 6411 6429 6105 6088 6412 6430 6106
6912 5 2 99991 1 6088 6412 6430 6106 6089 6413 6431 6107
6913 5 2 99991 1 6089 6413 6431 6107 6090 6414 6432 6108
6914 5 2 99991 1 6090 6414 6432 6108 6091 6415 6433 6109
6915 5 2 99991 1 6091 6415 6433 6109 6092 6416 6434 6110
6916 5 2 99991 1 6092 6416 6434 6110 2062 2080 2081 2063
6917 5 2 99991 1 443 461 462 444 6093 6417 6435 6111
6918 5 2 99991 1 6093 6417 6435 6111 6094 6418 6436 6112
6919 5 2 99991 1 6094 6418 6436 6112 6095 6419 6437 6113
6920 5 2 99991 1 6095 6419 6437 6113 6096 6420 6438 6114
6921 5 2 99991 1 6096 6420 6438 6114 6097 6421 6439 6115
6922 5 2 99991 1 6097 6421 6439 6115 6098 6422 6440 6116
6923 5 2 99991 1 6098 6422 6440 6116 6099 6423 6441 6117
6924 5 2 99991 1 6099 6423 6441 6117 6100 6424 6442 6118
6925 5 2 99991 1 6100 6424 6442 6118 6101 6425 6443 6119
6926 5 2 99991 1 6101 6425 6443 6119 6102 6426 6444 6120
6927 5 2 99991 1 6102 6426 6444 6120 6103 6427 6445 6121
6928 5 2 99991 1 6103 6427 6445 6121 6104 6428 6446 6122
6929 5 2 99991 1 6104 6428 6446 6122 6105 6429 6447 6123
6930 5 2 99991 1 6105 6429 6447 6123 6106 6430 6448 6124
6931 5 2 99991 1 6106 6430 6448 6124 6107 6431 6449 6125
6932 5 2 99991 1 6107 6431 6449 6125 6108 6432 6450 6126
6933 5 2 99991 1 6108 6432 6450 6126 6109 6433 6451 6127
6934 5 2 99991 1 6109 6433 6451 6127 6110 6434 6452 6128
6935 5 2 99991 1 6110 6434 6452 6128 2063 2081 2082 2064
6936 5 2 99991 1 444 462 463 445 6111 6435 6453 6129
6937 5 2 99991 1 6111 6435 6453 6129 6112 6436 6454 6130
6938 5 2 99991 1 6112 6436 6454 6130 6113 6437 6455 6131
6939 5 2 99991 1 6113 6437 6455 6131 6114 6438 6456 6132
6940 5 2 99991 1 6114 6438 6456 6132 6115 6439 6457 6133
6941 5 2 99991 1 6115 6439 6457 6133 6116 6440 6458 6134
6942 5 2 99991 1 6116 6440 6458 6134 6117 6441 6459 6135
6943 5 2 99991 1 6117 6441 6459 6135 6118 6442 6460 6136
6944 5 2 99991 1 6118 6442 6460 6136 6119 6443 6461 6137
6945 5 2 99991 1 6119 6443 6461 6137 6120 6444 6462 6138
6946 5 2 99991 1 6120 6444 6462 6138 6121 6445 6463 6139
6947 5 2 99991 1 6121 6445 6463 6139 6122 6446 6464 6140
6948 5 2 99991 1 6122 6446 6464 6140 6123 6447 6465 6141
6949 5 2 99991 1 6123 6447 6465 6141 6124 6448 6466 6142
6950 5 2 99991 1 6124 6448 6466 6142 6125 6449 6467 6143
6951 5 2 99991 1 6125 6449 6467 6143 6126 6450 6468 6144
6952 5 2 99991 1 6126 6450 6468 6144 6127 6451 6469 6145
6953 5 2 99991 1 6127 6451 6469 6145 6128 6452 6470 6146
6954 5 2 99991 1 6128 6452 6470 6146 2064 2082 2083 2065
6955 5 2 99991 1 445 463 464 446 6129 6453 6471 6147
6956 5 2 99991 1 6129 6453 6471 6147 6130 6454 6472 6148
6957 5 2 99991 1 6130 6454 6472 6148 6131 6455 6473 6149
6958 5 2 99991 1 6131 6455 6473 6149 6132 6456 6474 6150
6959 5 2 99991 1 6132 6456 6474 6150 6133 6457 6475 6151
6960 5 2 99991 1 6133 6457 6475 6151 6134 6458 6476 6152
6961 5 2 99991 1 6134 6458 6476 6152 6135 6459 6477 6153
6962 5 2 99991 1 6135 6459 6477 6153 6136 6460 6478 6154
6963 5 2 99991 1 6136 6460 6478 6154 6137 6461 6479 6155
6964 5 2 99991 1 6137 6461 6479 6155 6138 6462 6480 6156
6965 5 2 99991 1 6138 6462 6480 6156 6139 6463 6481 6157
6966 5 2 99991 1 6139 6463 6481 6157 6140 6464 6482 6158
6967 5 2 99991 1 6140 6464 6482 6158 6141 6465 6483 6159
6968 5 2 99991 1 6141 6465 6483 6159 6142 6466 6484 6160
6969 5 2 99991 1 6142 6466 6484 6160 6143 6467 6485 6161
6970 5 2 99991 1 6143 6467 6485 6161 6144 6468 6486 6162
6971 5 2 99991 1 6144 6468 6486 6162 6145 6469 6487 6163
6972 5 2 99991 1 6145 6469 6487 6163 6146 6470 6488 6164
6973 5 2 99991 1 6146 6470 6488 6164 2065 2083 2084 2066
6974 5 2 99991 1 446 464 465 447 6147 6471 6489 6165
6975 5 2 99991 1 6147 6471 6489 6165 6148 6472 6490 6166
6976 5 2 99991 1 6148 6472 6490 6166 6149 6473 6491 6167
6977 5 2 99991 1 6149 6473 6491 6167 6150 6474 6492 6168
6978 5 2 99991 1 6150 6474 6492 6168 6151 6475 6493 6169
6979 5 2 99991 1 6151 6475 6493 6169 6152 6476 6494 6170
6980 5 2 99991 1 6152 6476 6494 6170 6153 6477 6495 6171
6981 5 2 99991 1 6153 6477 6495 6171 6154 6478 6496 6172
6982 5 2 99991 1 6154 6478 6496 6172 6155 6479 6497 6173
6983 5 2 99991 1 6155 6479 6497 6173 6156 6480 6498 6174
6984 5 2 99991 1 6156 6480 6498 6174 6157 6481 6499 6175
6985 5 2 99991 1 6157 6481 6499 6175 6158 6482 6500 6176
6986 5 2 99991 1 6158 6482 6500 6176 6159 6483 6501 6177
6987 5 2 99991 1 6159 6483 6501 6177 6160 6484 6502 6178
6988 5 2 99991 1 6160 6484 6502 6178 6161 6485 6503 6179
6989 5 2 99991 1 6161 6485 6503 6179 6162 6486 6504 6180
6990 5 2 99991 1 6162 6486 6504 6180 6163 6487 6505 6181
6991 5 2 99991 1 6163 6487 6505 6181 6164 6488 6506 6182
6992 5 2 99991 1 6164 6488 6506 6182 2066 2084 2085 2067
6993 5 2 99991 1 447 465 466 448 6165 6489 6507 6183
6994 5 2 99991 1 6165 6489 6507 6183 6166 6490 6508 6184
6995 5 2 99991 1 6166 6490 6508 6184 6167 6491 6509 6185
6996 5 2 99991 1 6167 6491 6509 6185 6168 6492 6510 6186
6997 5 2 99991 1 6168 6492 6510 6186 6169 6493 6511 6187
6998 5 2 99991 1 6169 6493 6511 6187 6170 6494 6512 6188
6999 5 2 99991 1 6170 6494 6512 6188 6171 6495 6513 6189
7000 5 2 99991 1 6171 6495 6513 6189 6172 6496 6514 6190
7001 5 2 99991 1 6172 6496 6514 6190 6173 6497 6515 6191
7002 5 2 99991 1 6173 6497 6515 6191 6174 6498 6516 6192
7003 5 2 99991 1 6174 6498 6516 6192 6175 6499 6517 6193
7004 5 2 99991 1 6175 6499 6517 6193 6176 6500 6518 6194
7005 5 2 99991 1 6176 6500 6518 6194 6177 6501 6519 6195
7006 5 2 99991 1 6177 6501 6519 6195 6178 6502 6520 6196
7007 5 2 99991 1 6178 6502 6520 6196 6179 6503 6521 6197
7008 5 2 99991 1 6179 6503 6521 6197 6180 6504 6522 6198
7009 5 2 99991 1 6180 6504 6522 6198 6181 6505 6523 6199
7010 5 2 99991 1 6181 6505 6523 6199 6182 6506 6524 6200
7011 5 2 99991 1 6182 6506 6524 6200 2067 2085 2086 2068
7012 5 2 99991 1 448 466 467 449 6183 6507 6525 6201
7013 5 2 99991 1 6183 6507 6525 6201 6184 6508 6526 6202
7014 5 2 99991 1 6184 6508 6526 6202 6185 6509 6527 6203
7015 5 2 99991 1 6185 6509 6527 6203 6186 6510 6528 6204
7016 5 2 99991 1 6186 6510 6528 6204 6187 6511 6529 6205
7017 5 2 99991 1 6187 6511 6529 6205 6188 6512 6530 6206
7018 5 2 99991 1 6188 6512 6530 6206 6189 6513 6531 6207
7019 5 2 99991 1 6189 6513 6531 6207 6190 6514 6532 6208
7020 5 2 99991 1 6190 6514 6532 6208 6191 6515 6533 6209
7021 5 2 99991 1 6191 6515 6533 6209 6192 6516 6534 6210
7022 5 2 99991 1 6192 6516 6534 6210 6193 6517 6535 6211
7023 5 2 99991 1 6193 6517 6535 6211 6194 6518 6536 6212
7024 5 2 99991 1 6194 6518 6536 6212 6195 6519 6537 6213
7025 5 2 99991 1 6195 6519 6537 6213 6196 6520 6538 6214
7026 5 2 99991 1 6196 6520 6538 6214 6197 6521 6539 6215
7027 5 2 99991 1 6197 6521 6539 6215 6198 6522 6540 6216
7028 5 2 99991 1 6198 6522 6540 6216 6199 6523 6541 6217
7029 5 2 99991 1 6199 6523 6541 6217 6200 6524 6542 6218
7030 5 2 99991 1 6200 6524 6542 6218 2068 2086 2087 2069
7031 5 2 99991 1 449 467 468 450 6201 6525 6543 6219
7032 5 2 99991 1 6201 6525 6543 6219 6202 6526 6544 6220
7033 5 2 99991 1 6202 6526 6544 6220 6203 6527 6545 6221
7034 5 2 99991 1 6203 6527 6545 6221 6204 6528 6546 6222
7035 5 2 99991 1 6204 6528 6546 6222 6205 6529 6547 6223
7036 5 2 99991 1 6205 6529 6547 6223 6206 6530 6548 6224
7037 5 2 99991 1 6206 6530 6548 6224 6207 6531 6549 6225
7038 5 2 99991 1 6207 6531 6549 6225 6208 6532 6550 6226
7039 5 2 99991 1 6208 6532 6550 6226 6209 6533 6551 6227
7040 5 2 99991 1 6209 6533 6551 6227 6210 6534 6552 6228
7041 5 2 99991 1 6210 6534 6552 6228 6211 6535 6553 6229
7042 5 2 99991 1 6211 6535 6553 6229 6212 6536 6554 6230
7043 5 2 99991 1 6212 6536 6554 6230 6213 6537 6555 6231
7044 5 2 99991 1 6213 6537 6555 6231 6214 6538 6556 6232
7045 5 2 99991 1 6214 6538 6556 6232 6215 6539 6557 6233
7046 5 2 99991 1 6215 6539 6557 6233 6216 6540 6558 6234
7047 5 2 99991 1 6216 6540 6558 6234 6217 6541 6559 6235
7048 5 2 99991 1 6217 6541 6559 6235 6218 6542 6560 6236
7049 5 2 99991 1 6218 6542 6560 6236 2069 2087 2088 2070
7050 5 2 99991 1 450 468 469 451 6219 6543 6561 6237
7051 5 2 99991 1 6219 6543 6561 6237 6220 6544 6562 6238
7052 5 2 99991 1 6220 6544 6562 6238 6221 6545 6563 6239
7053 5 2 99991 1 6221 6545 6563 6239 6222 6546 6564 6240
7054 5 2 99991 1 6222 6546 6564 6240 6223 6547 6565 6241
7055 5 2 99991 1 6223 6547 6565 6241 6224 6548 6566 6242
7056 5 2 99991 1 6224 6548 6566 6242 6225 6549 6567 6243
7057 5 2 99991 1 6225 6549 6567 6243 6226 6550 6568 6244
7058 5 2 99991 1 6226 6550 6568 6244 6227 6551 6569 6245
7059 5 2 99991 1 6227 6551 6569 6245 6228 6552 6570 6246
7060 5 2 99991 1 6228 6552 6570 6246 6229 6553 6571 6247
7061 5 2 99991 1 6229 6553 6571 6247 6230 6554 6572 6248
7062 5 2 99991 1 6230 6554 6572 6248 6231 6555 6573 6249
7063 5 2 99991 1 6231 6555 6573 6249 6232 6556 6574 6250
7064 5 2 99991 1 6232 6556 6574 6250 6233 6557 6575 6251
7065 5 2 99991 1 6233 6557 6575 6251 6234 6558 6576 6252
7066 5 2 99991 1 6234 6558 6576 6252 6235 6559 6577 6253
7067 5 2 99991 1 6235 6559 6577 6253 6236 6560 6578 6254
7068 5 2 99991 1 6236 6560 6578 6254 2070 2088 2089 2071
7069 5 2 99991 1 451 469 470 452 6237 6561 6579 6255
7070 5 2 99991 1 6237 6561 6579 6255 6238 6562 6580 6256
7071 5 2 99991 1 6238 6562 6580 6256 6239 6563 6581 6257
7072 5 2 99991 1 6239 6563 6581 6257 6240 6564 6582 6258
7073 5 2 99991 1 6240 6564 6582 6258 6241 6565 6583 6259
7074 5 2 99991 1 6241 6565 6583 6259 6242 6566 6584 6260
7075 5 2 99991 1 6242 6566 6584 6260 6243 6567 6585 6261
7076 5 2 99991 1 6243 6567 6585 6261 6244 6568 6586 6262
7077 5 2 99991 1 6244 6568 6586 6262 6245 6569 6587 6263
7078 5 2 99991 1 6245 6569 6587 6263 6246 6570 6588 6264
7079 5 2 99991 1 6246 6570 6588 6264 6247 6571 6589 6265
7080 5 2 99991 1 6247 6571 6589 6265 6248 6572 6590 6266
7081 5 2 99991 1 6248 6572 6590 6266 6249 6573 6591 6267
7082 5 2 99991 1 6249 6573 6591 6267 6250 6574 6592 6268
7083 5 2 99991 1 6250 6574 6592 6268 6251 6575 6593 6269
7084 5 2 99991 1 6251 6575 6593 6269 6252 6576 6594 6270
7085 5 2 99991 1 6252 6576 6594 6270 6253 6577 6595 6271
7086 5 2 99991 1 6253 6577 6595 6271 6254 6578 6596 6272
7087 5 2 99991 1 6254 6578 6596 6272 2071 2089 2090 2072
7088 5 2 99991 1 452 470 471 453 6255 6579 6597 6273
7089 5 2 99991 1 6255 6579 6597 6273 6256 6580 6598 6274
7090 5 2 99991 1 6256 6580 6598 6274 6257 6581 6599 6275
7091 5 2 99991 1 6257 6581 6599 6275 6258 6582 6600 6276
7092 5 2 99991 1 6258 6582 6600 6276 6259 6583 6601 6277
7093 5 2 99991 1 6259 6583 6601 6277 6260 6584 6602 6278
7094 5 2 99991 1 6260 6584 6602 6278 6261 6585 6603 6279
7095 5 2 99991 1 6261 6585 6603 6279 6262 6586 6604 6280
7096 5 2 99991 1 6262 6586 6604 6280 6263 6587 6605 6281
7097 5 2 99991 1 6263 6587 6605 6281 6264 6588 6606 6282
7098 5 2 99991 1 6264 6588 6606 6282 6265 6589 6607 6283
7099 5 2 99991 1 6265 6589 6607 6283 6266 6590 6608 6284
7100 5 2 99991 1 6266 6590 6608 6284 6267 6591 6609 6285
7101 5 2 99991 1 6267 6591 6609 6285 6268 6592 6610 6286
7102 5 2 99991 1 6268 6592 6610 6286 6269 6593 6611 6287
7103 5 2 99991 1 6269 6593 6611 6287 6270 6594 6612 6288
7104 5 2 99991 1 6270 6594 6612 6288 6271 6595 6613 6289
7105 5 2 99991 1 6271 6595 6613 6289 6272 6596 6614 6290
7106 5 2 99991 1 6272 6596 6614 6290 2072 2090 2091 2073
7107 5 2 99991 1 453 471 472 454 6273 6597 6615 6291
7108 5 2 99991 1 6273 6597 6615 6291 6274 6598 6616 6292
7109 5 2 99991 1 6274 6598 6616 6292 6275 6599 6617 6293
7110 5 2 99991 1 6275 6599 6617 6293 6276 6600 6618 6294
7111 5 2 99991 1 6276 6600 6618 6294 6277 6601 6619 6295
7112 5 2 99991 1 6277 6601 6619 6295 6278 6602 6620 6296
7113 5 2 99991 1 6278 6602 6620 6296 6279 6603 6621 6297
7114 5 2 99991 1 6279 6603 6621 6297 6280 6604 6622 6298
7115 5 2 99991 1 6280 6604 6622 6298 6281 6605 6623 6299
7116 5 2 99991 1 6281 6605 6623 6299 6282 6606 6624 6300
7117 5 2 99991 1 6282 6606 6624 6300 6283 6607 6625 6301
7118 5 2 99991 1 6283 6607 6625 6301 6284 6608 6626 6302
7119 5 2 99991 1 6284 6608 6626 6302 6285 6609 6627 6303
7120 5 2 99991 1 6285 6609 6627 6303 6286 6610 6628 6304
7121 5 2 99991 1 6286 6610 6628 6304 6287 6611 6629 6305
7122 5 2 99991 1 6287 6611 6629 6305 6288 6612 6630 6306
7123 5 2 99991 1 6288 6612 6630 6306 6289 6613 6631 6307
7124 5 2 99991 1 6289 6613 6631 6307 6290 6614 6632 6308
7125 5 2 99991 1 6290 6614 6632 6308 2073 2091 2092 2074
7126 5 2 99991 1 454 472 473 455 6291 6615 6633 6309
7127 5 2 99991 1 6291 6615 6633 6309 6292 6616 6634 6310
7128 5 2 99991 1 6292 6616 6634 6310 6293 6617 6635 6311
7129 5 2 99991 1 6293 6617 6635 6311 6294 6618 6636 6312
7130 5 2 99991 1 6294 6618 6636 6312 6295 6619 6637 6313
7131 5 2 99991 1 6295 6619 6637 6313 6296 6620 6638 6314
7132 5 2 99991 1 6296 6620 6638 6314 6297 6621 6639 6315
7133 5 2 99991 1 6297 6621 6639 6315 6298 6622 6640 6316
7134 5 2 99991 1 6298 6622 6640 6316 6299 6623 6641 6317
7135 5 2 99991 1 6299 6623 6641 6317 6300 6624 6642 6318
7136 5 2 99991 1 6300 6624 6642 6318 6301 6625 6643 6319
7137 5 2 99991 1 6301 6625 6643 6319 6302 6626 6644 6320
7138 5 2 99991 1 6302 6626 6644 6320 6303 6627 6645 6321
7139 5 2 99991 1 6303 6627 6645 6321 6304 6628 6646 6322
7140 5 2 99991 1 6304 6628 6646 6322 6305 6629 6647 6323
7141 5 2 99991 1 6305 6629 6647 6323 6306 6630 6648 6324
7142 5 2 99991 1 6306 6630 6648 6324 6307 6631 6649 6325
7143 5 2 99991 1 6307 6631 6649 6325 6308 6632 6650 6326
7144 5 2 99991 1 6308 6632 6650 6326 2074 2092 2093 2075
7145 5 2 99991 1 455 473 474 456 6309 6633 6651 6327
7146 5 2 99991 1 6309 6633 6651 6327 6310 6634 6652 6328
7147 5 2 99991 1 6310 6634 6652 6328 6311 6635 6653 6329
7148 5 2 99991 1 6311 6635 6653 6329 6312 6636 6654 6330
7149 5 2 99991 1 6312 6636 6654 6330 6313 6637 6655 6331
7150 5 2 99991 1 6313 6637 6655 6331 6314 6638 6656 6332
7151 5 2 99991 1 6314 6638 6656 6332 6315 6639 6657 6333
7152 5 2 99991 1 6315 6639 6657 6333 6316 6640 6658 6334
7153 5 2 99991 1 6316 6640 6658 6334 6317 6641 6659 6335
7154 5 2 99991 1 6317 6641 6659 6335 6318 6642 6660 6336
7155 5 2 99991 1 6318 6642 6660 6336 6319 6643 6661 6337
7156 5 2 99991 1 6319 6643 6661 6337 6320 6644 6662 6338
7157 5 2 99991 1 6320 6644 6662 6338 6321 6645 6663 6339
7158 5 2 99991 1 6321 6645 6663 6339 6322 6646 6664 6340
7159 5 2 99991 1 6322 6646 6664 6340 6323 6647 6665 6341
7160 5 2 99991 1 6323 6647 6665 6341 6324 6648 6666 6342
7161 5 2 99991 1 6324 6648 6666 6342 6325 6649 6667 6343
7162 5 2 99991 1 6325 6649 6667 6343 6326 6650 6668 6344
7163 5 2 99991 1 6326 6650 6668 6344 2075 2093 2094 2076
7164 5 2 99991 1 456 474 475 457 6327 6651 6669 6345
7165 5 2 99991 1 6327 6651 6669 6345 6328 6652 6670 6346
7166 5 2 99991 1 6328 6652 6670 6346 6329 6653 6671 6347
7167 5 2 99991 1 6329 6653 6671 6347 6330 6654 6672 6348
7168 5 2 99991 1 6330 6654 6672 6348 6331 6655 6673 6349
7169 5 2 99991 1 6331 6655 6673 6349 6332 6656 6674 6350
7170 5 2 99991 1 6332 6656 6674 6350 6333 6657 6675 6351
7171 5 2 99991 1 6333 6657 6675 6351 6334 6658 6676 6352
7172 5 2 99991 1 6334 6658 6676 6352 6335 6659 6677 6353
7173 5 2 99991 1 6335 6659 6677 6353 6336 6660 6678 6354
7174 5 2 99991 1 6336 6660 6678 6354 6337 6661 6679 6355
7175 5 2 99991 1 6337 6661 6679 6355 6338 6662 6680 6356
7176 5 2 99991 1 6338 6662 6680 6356 6339 6663 6681 6357
7177 5 2 99991 1 6339 6663 6681 6357 6340 6664 6682 6358
7178 5 2 99991 1 6340 6664 6682 6358 6341 6665 6683 6359
7179 5 2 99991 1 6341 6665 6683 6359 6342 6666 6684 6360
7180 5 2 99991 1 6342 6666 6684 6360 6343 6667 6685 6361
7181 5 2 99991 1 6343 6667 6685 6361 6344 6668 6686 6362
7182 5 2 99991 1 6344 6668 6686 6362 2076 2094 2095 2077
7183 5 2 99991 1 457 475 476 458 6345 6669 6687 6363
7184 5 2 99991 1 6345 6669 6687 6363 6346 6670 6688 6364
7185 5 2 99991 1 6346 6670 6688 6364 6347 6671 6689 6365
7186 5 2 99991 1 6347 6671 6689 6365 6348 6672 6690 6366
7187 5 2 99991 1 6348 6672 6690 6366 6349 6673 6691 6367
7188 5 2 99991 1 6349 6673 6691 6367 6350 6674 6692 6368
7189 5 2 99991 1 6350 6674 6692 6368 6351 6675 6693 6369
7190 5 2 99991 1 6351 6675 6693 6369 6352 6676 6694 6370
7191 5 2 99991 1 6352 6676 6694 6370 6353 6677 6695 6371
7192 5 2 99991 1 6353 6677 6695 6371 6354 6678 6696 6372
7193 5 2 99991 1 6354 6678 6696 6372 6355 6679 6697 6373
7194 5 2 99991 1 6355 6679 6697 6373 6356 6680 6698 6374
7195 5 2 99991 1 6356 6680 6698 6374 6357 6681 6699 6375
7196 5 2 99991 1 6357 6681 6699 6375 6358 6682 6700 6376
7197 5 2 99991 1 6358 6682 6700 6376 6359 6683 6701 6377
7198 5 2 99991 1 6359 6683 6701 6377 6360 6684 6702 6378
7199 5 2 99991 1 6360 6684 6702 6378 6361 6685 6703 6379
7200 5 2 99991 1 6361 6685 6703 6379 6362 6686 6704 6380
7201 5 2 99991 1 6362 6686 6704 6380 2077 2095 2096 2078
7202 5 2 99991 1 458 476 49 50 6363 6687 1593 1611
7203 5 2 99991 1 6363 6687 1593 1611 6364 6688 1594 1612
7204 5 2 99991 1 6364 6688 1594 1612 6365 6689 1595 1613
7205 5 2 99991 1 6365 6689 1595 1613 6366 6690 1596 1614
7206 5 2 99991 1 6366 6690 1596 1614 6367 6691 1597 1615
7207 5 2 99991 1 6367 6691 1597 1615 6368 6692 1598 1616
7208 5 2 99991 1 6368 6692 1598 1616 6369 6693 1599 1617
7209 5 2 99991 1 6369 6693 1599 1617 6370 6694 1600 1618
7210 5 2 99991 1 6370 6694 1600 1618 6371 6695 1601 1619
7211 5 2 99991 1 6371 6695 1601 1619 6372 6696 1602 1620
7212 5 2 99991 1 6372 6696 1602 1620 6373 6697 1603 1621
7213 5 2 99991 1 6373 6697 1603 1621 6374 6698 1604 1622
7214 5 2 99991 1 6374 6698 1604 1622 6375 6699 1605 1623
7215 5 2 99991 1 6375 6699 1605 1623 6376 6700 1606 1624
7216 5 2 99991 1 6376 6700 1606 1624 6377 6701 1607 1625
7217 5 2 99991 1 6377 6701 1607 1625 6378 6702 1608 1626
7218 5 2 99991 1 6378 6702 1608 1626 6379 6703 1609 1627
7219 5 2 99991 1 6379 6703 1609 1627 6380 6704 1610 1628
7220 5 2 99991 1 6380 6704 1610 1628 2078 2096 139 140
7221 5 2 99991 1 22 23 477 459 1107 1125 6705 6381
7222 5 2 99991 1 1107 1125 6705 6381 1108 1126 6706 6382
7223 5 2 99991 1 1108 1126 6706 6382 1109 1127 6707 6383
7224 5 2 99991 1 1109 1127 6707 6383 1110 1128 6708 6384
7225 5 2 99991 1 1110 1128 6708 6384 1111 1129 6709 6385
7226 5 2 99991 1 1111 1129 6709 6385 1112 1130 6710 6386
7227 5 2 99991 1 1112 1130 6710 6386 1113 1131 6711 6387
7228 5 2 99991 1 1113 1131 6711 6387 1114 1132 6712 6388
7229 5 2 99991 1 1114 1132 6712 6388 1115 1133 6713 6389
7230 5 2 99991 1 1115 1133 6713 6389 1116 1134 6714 6390
7231 5 2 99991 1 1116 1134 6714 6390 1117 1135 6715 6391
7232 5 2 99991 1 1117 1135 6715 6391 1118 1136 6716 6392
7233 5 2 99991 1 1118 1136 6716 6392 1119 1137 6717 6393
7234 5 2 99991 1 1119 1137 6717 6393 1120 1138 6718 6394
7235 5 2 99991 1 1120 1138 6718 6394 1121 1139 6719 6395
7236 5 2 99991 1 1121 1139 6719 6395 1122 1140 6720 6396
7237 5 2 99991 1 1122 1140 6720 6396 1123 1141 6721 6397
7238 5 2 99991 1 1123 1141 6721 6397 1124 1142 6722 6398
7239 5 2 99991 1 1124 1142 6722 6398 112 113 2097 2079
7240 5 2 99991 1 459 477 478 460 6381 6705 6723 6399
7241 5 2 99991 1 6381 6705 6723 6399 6382 6706 6724 6400
7242 5 2 99991 1 6382 6706 6724 6400 6383 6707 6725 6401
7243 5 2 99991 1 6383 6707 6725 6401 6384 6708 6726 6402
7244 5 2 99991 1 6384 6708 6726 6402 6385 6709 6727 6403
7245 5 2 99991 1 6385 6709 6727 6403 6386 6710 6728 6404
7246 5 2 99991 1 6386 6710 6728 6404 6387 6711 6729 6405
7247 5 2 99991 1 6387 6711 6729 6405 6388 6712 6730 6406
7248 5 2 99991 1 6388 6712 6730 6406 6389 6713 6731 6407
7249 5 2 99991 1 6389 6713 6731 6407 6390 6714 6732 6408
7250 5 2 99991 1 6390 6714 6732 6408 6391 6715 6733 6409
7251 5 2 99991 1 6391 6715 6733 6409 6392 6716 6734 6410
7252 5 2 99991 1 6392 6716 6734 6410 6393 6717 6735 6411
7253 5 2 99991 1 6393 6717 6735 6411 6394 6718 6736 6412
7254 5 2 99991 1 6394 6718 6736 6412 6395 6719 6737 6413
7255 5 2 99991 1 6395 6719 6737 6413 6396 6720 6738 6414
7256 5 2 99991 1 6396 6720 6738 6414 6397 6721 6739 6415
7257 5 2 99991 1 6397 6721 6739 6415 6398 6722 6740 6416
7258 5 2 99991 1 6398 6722 6740 6416 2079 2097 2098 2080
7259 5 2 99991 1 460 478 479 461 6399 6723 6741 6417
7260 5 2 99991 1 6399 6723 6741 6417 6400 6724 6742 6418
7261 5 2 99991 1 6400 6724 6742 6418 6401 6725 6743 6419
7262 5 2 99991 1 6401 6725 6743 6419 6402 6726 6744 6420
7263 5 2 99991 1 6402 6726 6744 6420 6403 6727 6745 6421
7264 5 2 99991 1 6403 6727 6745 6421 6404 6728 6746 6422
7265 5 2 99991 1 6404 6728 6746 6422 6405 6729 6747 6423
7266 5 2 99991 1 6405 6729 6747 6423 6406 6730 6748 6424
7267 5 2 99991 1 6406 6730 6748 6424 6407 6731 6749 6425
7268 5 2 99991 1 6407 6731 6749 6425 6408 6732 6750 6426
7269 5 2 99991 1 6408 6732 6750 6426 6409 6733 6751 6427
7270 5 2 99991 1 6409 6733 6751 6427 6410 6734 6752 6428
7271 5 2 99991 1 6410 6734 6752 6428 6411 6735 6753 6429
7272 5 2 99991 1 6411 6735 6753 6429 6412 6736 6754 6430
7273 5 2 99991 1 6412 6736 6754 6430 6413 6737 6755 6431
7274 5 2 99991 1 6413 6737 6755 6431 6414 6738 6756 6432
7275 5 2 99991 1 6414 6738 6756 6432 6415 6739 6757 6433
7276 5 2 99991 1 6415 6739 6757 6433 6416 6740 6758 6434
7277 5 2 99991 1 6416 6740 6758 6434 2080 2098 2099 2081
7278 5 2 99991 1 461 479 480 462 6417 6741 6759 6435
7279 5 2 99991 1 6417 6741 6759 6435 6418 6742 6760 6436
7280 5 2 99991 1 6418 6742 6760 6436 6419 6743 6761 6437
7281 5 2 99991 1 6419 6743 6761 6437 6420 6744 6762 6438
7282 5 2 99991 1 6420 6744 6762 6438 6421 6745 6763 6439
7283 5 2 99991 1 6421 6745 6763 6439 6422 6746 6764 6440
7284 5 2 99991 1 6422 6746 6764 6440 6423 6747 6765 6441
7285 5 2 99991 1 6423 6747 6765 6441 6424 6748 6766 6442
7286 5 2 99991 1 6424 6748 6766 6442 6425 6749 6767 6443
7287 5 2 99991 1 6425 6749 6767 6443 6426 6750 6768 6444
7288 5 2 99991 1 6426 6750 6768 6444 6427 6751 6769 6445
7289 5 2 99991 1 6427 6751 6769 6445 6428 6752 6770 6446
7290 5 2 99991 1 6428 6752 6770 6446 6429 6753 6771 6447
7291 5 2 99991 1 6429 6753 6771 6447 6430 6754 6772 6448
7292 5 2 99991 1 6430 6754 6772 6448 6431 6755 6773 6449
7293 5 2 99991 1 6431 6755 6773 6449 6432 6756 6774 6450
7294 5 2 99991 1 6432 6756 6774 6450 6433 6757 6775 6451
7295 5 2 99991 1 6433 6757 6775 6451 6434 6758 6776 6452
7296 5 2 99991 1 6434 6758 6776 6452 2081 2099 2100 2082
7297 5 2 99991 1 462 480 481 463 6435 6759 6777 6453
7298 5 2 99991 1 6435 6759 6777 6453 6436 6760 6778 6454
7299 5 2 99991 1 6436 6760 6778 6454 6437 6761 6779 6455
7300 5 2 99991 1 6437 6761 6779 6455 6438 6762 6780 6456
7301 5 2 99991 1 6438 6762 6780 6456 6439 6763 6781 6457
7302 5 2 99991 1 6439 6763 6781 6457 6440 6764 6782 6458
7303 5 2 99991 1 6440 6764 6782 6458 6441 6765 6783 6459
7304 5 2 99991 1 6441 6765 6783 6459 6442 6766 6784 6460
7305 5 2 99991 1 6442 6766 6784 6460 6443 6767 6785 6461
7306 5 2 99991 1 6443 6767 6785 6461 6444 6768 6786 6462
7307 5 2 99991 1 6444 6768 6786 6462 6445 6769 6787 6463
7308 5 2 99991 1 6445 6769 6787 6463 6446 6770 6788 6464
7309 5 2 99991 1 6446 6770 6788 6464 6447 6771 6789 6465
7310 5 2 99991 1 6447 6771 6789 6465 6448 6772 6790 6466
7311 5 2 99991 1 6448 6772 6790 6466 6449 6773 6791 6467
7312 5 2 99991 1 6449 6773 6791 6467 6450 6774 6792 6468
7313 5 2 99991 1 6450 6774 6792 6468 6451 6775 6793 6469
7314 5 2 99991 1 6451 6775 6793 6469 6452 6776 6794 6470
7315 5 2 99991 1 6452 6776 6794 6470 2082 2100 2101 2083
7316 5 2 99991 1 463 481 482 464 6453 6777 6795 6471
7317 5 2 99991 1 6453 6777 6795 6471 6454 6778 6796 6472
7318 5 2 99991 1 6454 6778 6796 6472 6455 6779 6797 6473
7319 5 2 99991 1 6455 6779 6797 6473 6456 6780 6798 6474
7320 5 2 99991 1 6456 6780 6798 6474 6457 6781 6799 6475
7321 5 2 99991 1 6457 6781 6799 6475 6458 6782 6800 6476
7322 5 2 99991 1 6458 6782 6800 6476 6459 6783 6801 6477
7323 5 2 99991 1 6459 6783 6801 6477 6460 6784 6802 6478
7324 5 2 99991 1 6460 6784 6802 6478 6461 6785 6803 6479
7325 5 2 99991 1 6461 6785 6803 6479 6462 6786 6804 6480
7326 5 2 99991 1 6462 6786 6804 6480 6463 6787 6805 6481
7327 5 2 99991 1 6463 6787 6805 6481 6464 6788 6806 6482
7328 5 2 99991 1 6464 6788 6806 6482 6465 6789 6807 6483
7329 5 2 99991 1 6465 6789 6807 6483 6466 6790 6808 6484
7330 5 2 99991 1 6466 6790 6808 6484 6467 6791 6809 6485
7331 5 2 99991 1 6467 6791 6809 6485 6468 6792 6810 6486
7332 5 2 99991 1 6468 6792 6810 6486 6469 6793 6811 6487
7333 5 2 99991 1 6469 6793 6811 6487 6470 6794 6812 6488
7334 5 2 99991 1 6470 6794 6812 6488 2083 2101 2102 2084
7335 5 2 99991 1 464 482 483 465 6471 6795 6813 6489
7336 5 2 99991 1 6471 6795 6813 6489 6472 6796 6814 6490
7337 5 2 99991 1 6472 6796 6814 6490 6473 6797 6815 6491
7338 5 2 99991 1 6473 6797 6815 6491 6474 6798 6816 6492
7339 5 2 99991 1 6474 6798 6816 6492 6475 6799 6817 6493
7340 5 2 99991 1 6475 6799 6817 6493 6476 6800 6818 6494
7341 5 2 99991 1 6476 6800 6818 6494 6477 6801 6819 6495
7342 5 2 99991 1 6477 6801 6819 6495 6478 6802 6820 6496
7343 5 2 99991 1 6478 6802 6820 6496 6479 6803 6821 6497
7344 5 2 99991 1 6479 6803 6821 6497 6480 6804 6822 6498
7345 5 2 99991 1 6480 6804 6822 6498 6481 6805 6823 6499
7346 5 2 99991 1 6481 6805 6823 6499 6482 6806 6824 6500
7347 5 2 99991 1 6482 6806 6824 6500 6483 6807 6825 6501
7348 5 2 99991 1 6483 6807 6825 6501 6484 6808 6826 6502
7349 5 2 99991 1 6484 6808 6826 6502 6485 6809 6827 6503
7350 5 2 99991 1 6485 6809 6827 6503 6486 6810 6828 6504
7351 5 2 99991 1 6486 6810 6828 6504 6487 6811 6829 6505
7352 5 2 99991 1 6487 6811 6829 6505 6488 6812 6830 6506
7353 5 2 99991 1 6488 6812 6830 6506 2084 2102 2103 2085
7354 5 2 99991 1 465 483 484 466 6489 6813 6831 6507
7355 5 2 99991 1 6489 6813 6831 6507 6490 6814 6832 6508
7356 5 2 99991 1 6490 6814 6832 6508 6491 6815 6833 6509
7357 5 2 99991 1 6491 6815 6833 6509 6492 6816 6834 6510
7358 5 2 99991 1 6492 6816 6834 6510 6493 6817 6835 6511
7359 5 2 99991 1 6493 6817 6835 6511 6494 6818 6836 6512
7360 5 2 99991 1 6494 6818 6836 6512 6495 6819 6837 6513
7361 5 2 99991 1 6495 6819 6837 6513 6496 6820 6838 6514
7362 5 2 99991 1 6496 6820 6838 6514 6497 6821 6839 6515
7363 5 2 99991 1 6497 6821 6839 6515 6498 6822 6840 6516
7364 5 2 99991 1 6498 6822 6840 6516 6499 6823 6841 6517
7365 5 2 99991 1 6499 6823 6841 6517 6500 6824 6842 6518
7366 5 2 99991 1 6500 6824 6842 6518 6501 6825 6843 6519
7367 5 2 99991 1 6501 6825 6843 6519 6502 6826 6844 6520
7368 5 2 99991 1 6502 6826 6844 6520 6503 6827 6845 6521
7369 5 2 99991 1 6503 6827 6845 6521 6504 6828 6846 6522
7370 5 2 99991 1 6504 6828 6846 6522 6505 6829 6847 6523
7371 5 2 99991 1 6505 6829 6847 6523 6506 6830 6848 6524
7372 5 2 99991 1 6506 6830 6848 6524 2085 2103 2104 2086
7373 5 2 99991 1 466 484 485 467 6507 6831 6849 6525
7374 5 2 99991 1 6507 6831 6849 6525 6508 6832 6850 6526
7375 5 2 99991 1 6508 6832 6850 6526 6509 6833 6851 6527
7376 5 2 99991 1 6509 6833 6851 6527 6510 6834 6852 6528
7377 5 2 99991 1 6510 6834 6852 6528 6511 6835 6853 6529
7378 5 2 99991 1 6511 6835 6853 6529 6512 6836 6854 6530
7379 5 2 99991 1 6512 6836 6854 6530 6513 6837 6855 6531
7380 5 2 99991 1 6513 6837 6855 6531 6514 6838 6856 6532
7381 5 2 99991 1 6514 6838 6856 6532 6515 6839 6857 6533
7382 5 2 99991 1 6515 6839 6857 6533 6516 6840 6858 6534
7383 5 2 99991 1 6516 6840 6858 6534 6517 6841 6859 6535
7384 5 2 99991 1 6517 6841 6859 6535 6518 6842 6860 6536
7385 5 2 99991 1 6518 6842 6860 6536 6519 6843 6861 6537
7386 5 2 99991 1 6519 6843 6861 6537 6520 6844 6862 6538
7387 5 2 99991 1 6520 6844 6862 6538 6521 6845 6863 6539
7388 5 2 99991 1 6521 6845 6863 6539 6522 6846 6864 6540
7389 5 2 99991 1 6522 6846 6864 6540 6523 6847 6865 6541
7390 5 2 99991 1 6523 6847 6865 6541 6524 6848 6866 6542
7391 5 2 99991 1 6524 6848 6866 6542 2086 2104 2105 2087
7392 5 2 99991 1 467 485 486 468 6525 6849 6867 6543
7393 5 2 99991 1 6525 6849 6867 6543 6526 6850 6868 6544
7394 5 2 99991 1 6526 6850 6868 6544 6527 6851 6869 6545
7395 5 2 99991 1 6527 6851 6869 6545 6528 6852 6870 6546
7396 5 2 99991 1 6528 6852 6870 6546 6529 6853 6871 6547
7397 5 2 99991 1 6529 6853 6871 6547 6530 6854 6872 6548
7398 5 2 99991 1 6530 6854 6872 6548 6531 6855 6873 6549
7399 5 2 99991 1 6531 6855 6873 6549 6532 6856 6874 6550
7400 5 2 99991 1 6532 6856 6874 6550 6533 6857 6875 6551
7401 5 2 99991 1 6533 6857 6875 6551 6534 6858 6876 6552
7402 5 2 99991 1 6534 6858 6876 6552 6535 6859 6877 6553
7403 5 2 99991 1 6535 6859 6877 6553 6536 6860 6878 6554
7404 5 2 99991 1 6536 6860 6878 6554 6537 6861 6879 6555
7405 5 2 99991 1 6537 6861 6879 6555 6538 6862 6880 6556
7406 5 2 99991 1 6538 6862 6880 6556 6539 6863 6881 6557
7407 5 2 99991 1 6539 6863 6881 6557 6540 6864 6882 6558
7408 5 2 99991 1 6540 6864 6882 6558 6541 6865 6883 6559
7409 5 2 99991 1 6541 6865 6883 6559 6542 6866 6884 6560
7410 5 2 99991 1 6542 6866 6884 6560 2087 2105 2106 2088
7411 5 2 99991 1 468 486 487 469 6543 6867 6885 6561
7412 5 2 99991 1 6543 6867 6885 6561 6544 6868 6886 6562
7413 5 2 99991 1 6544 6868 6886 6562 6545 6869 6887 6563
7414 5 2 99991 1 6545 6869 6887 6563 6546 6870 6888 6564
7415 5 2 99991 1 6546 6870 6888 6564 6547 6871 6889 6565
7416 5 2 99991 1 6547 6871 6889 6565 6548 6872 6890 6566
7417 5 2 99991 1 6548 6872 6890 6566 6549 6873 6891 6567
7418 5 2 99991 1 6549 6873 6891 6567 6550 6874 6892 6568
7419 5 2 99991 1 6550 6874 6892 6568 6551 6875 6893 6569
7420 5 2 99991 1 6551 6875 6893 6569 6552 6876 6894 6570
7421 5 2 99991 1 6552 6876 6894 6570 6553 6877 6895 6571
7422 5 2 99991 1 6553 6877 6895 6571 6554 6878 6896 6572
7423 5 2 99991 1 6554 6878 6896 6572 6555 6879 6897 6573
7424 5 2 99991 1 6555 6879 6897 6573 6556 6880 6898 6574
7425 5 2 99991 1 6556 6880 6898 6574 6557 6881 6899 6575
7426 5 2 99991 1 6557 6881 6899 6575 6558 6882 6900 6576
7427 5 2 99991 1 6558 6882 6900 6576 6559 6883 6901 6577
7428 5 2 99991 1 6559 6883 6901 6577 6560 6884 6902 6578
7429 5 2 99991 1 6560 6884 6902 6578 2088 2106 2107 2089
7430 5 2 99991 1 469 487 488 470 6561 6885 6903 6579
7431 5 2 99991 1 6561 6885 6903 6579 6562 6886 6904 6580
7432 5 2 99991 1 6562 6886 6904 6580 6563 6887 6905 6581
7433 5 2 99991 1 6563 6887 6905 6581 6564 6888 6906 6582
7434 5 2 99991 1 6564 6888 6906 6582 6565 6889 6907 6583
7435 5 2 99991 1 6565 6889 6907 6583 6566 6890 6908 6584
7436 5 2 99991 1 6566 6890 6908 6584 6567 6891 6909 6585
7437 5 2 99991 1 6567 6891 6909 6585 6568 6892 6910 6586
7438 5 2 99991 1 6568 6892 6910 6586 6569 6893 6911 6587
7439 5 2 99991 1 6569 6893 6911 6587 6570 6894 6912 6588
7440 5 2 99991 1 6570 6894 6912 6588 6571 6895 6913 6589
7441 5 2 99991 1 6571 6895 6913 6589 6572 6896 6914 6590
7442 5 2 99991 1 6572 6896 6914 6590 6573 6897 6915 6591
7443 5 2 99991 1 6573 6897 6915 6591 6574 6898 6916 6592
7444 5 2 99991 1 6574 6898 6916 6592 6575 6899 6917 6593
7445 5 2 99991 1 6575 6899 6917 6593 6576 6900 6918 6594
7446 5 2 99991 1 6576 6900 6918 6594 6577 6901 6919 6595
7447 5 2 99991 1 6577 6901 6919 6595 6578 6902 6920 6596
7448 5 2 99991 1 6578 6902 6920 6596 2089 2107 2108 2090
7449 5 2 99991 1 470 488 489 471 6579 6903 6921 6597
7450 5 2 99991 1 6579 6903 6921 6597 6580 6904 6922 6598
7451 5 2 99991 1 6580 6904 6922 6598 6581 6905 6923 6599
7452 5 2 99991 1 6581 6905 6923 6599 6582 6906 6924 6600
7453 5 2 99991 1 6582 6906 6924 6600 6583 6907 6925 6601
7454 5 2 99991 1 6583 6907 6925 6601 6584 6908 6926 6602
7455 5 2 99991 1 6584 6908 6926 6602 6585 6909 6927 6603
7456 5 2 99991 1 6585 6909 6927 6603 6586 6910 6928 6604
7457 5 2 99991 1 6586 6910 6928 6604 6587 6911 6929 6605
7458 5 2 99991 1 6587 6911 6929 6605 6588 6912 6930 6606
7459 5 2 99991 1 6588 6912 6930 6606 6589 6913 6931 6607
7460 5 2 99991 1 6589 6913 6931 6607 6590 6914 6932 6608
7461 5 2 99991 1 6590 6914 6932 6608 6591 6915 6933 6609
7462 5 2 99991 1 6591 6915 6933 6609 6592 6916 6934 6610
7463 5 2 99991 1 6592 6916 6934 6610 6593 6917 6935 6611
7464 5 2 99991 1 6593 6917 6935 6611 6594 6918 6936 6612
7465 5 2 99991 1 6594 6918 6936 6612 6595 6919 6937 6613
7466 5 2 99991 1 6595 6919 6937 6613 6596 6920 6938 6614
7467 5 2 99991 1 6596 6920 6938 6614 2090 2108 2109 2091
7468 5 2 99991 1 471 489 490 472 6597 6921 6939 6615
7469 5 2 99991 1 6597 6921 6939 6615 6598 6922 6940 6616
7470 5 2 99991 1 6598 6922 6940 6616 6599 6923 6941 6617
7471 5 2 99991 1 6599 6923 6941 6617 6600 6924 6942 6618
7472 5 2 99991 1 6600 6924 6942 6618 6601 6925 6943 6619
7473 5 2 99991 1 6601 6925 6943 6619 6602 6926 6944 6620
7474 5 2 99991 1 6602 6926 6944 6620 6603 6927 6945 6621
7475 5 2 99991 1 6603 6927 6945 6621 6604 6928 6946 6622
7476 5 2 99991 1 6604 6928 6946 6622 6605 6929 6947 6623
7477 5 2 99991 1 6605 6929 6947 6623 6606 6930 6948 6624
7478 5 2 99991 1 6606 6930 6948 6624 6607 6931 6949 6625
7479 5 2 99991 1 6607 6931 6949 6625 6608 6932 6950 6626
7480 5 2 99991 1 6608 6932 6950 6626 6609 6933 6951 6627
7481 5 2 99991 1 6609 6933 6951 6627 6610 6934 6952 6628
7482 5 2 99991 1 6610 6934 6952 6628 6611 6935 6953 6629
7483 5 2 99991 1 6611 6935 6953 6629 6612 6936 6954 6630
7484 5 2 99991 1 6612 6936 6954 6630 6613 6937 6955 6631
7485 5 2 99991 1 6613 6937 6955 6631 6614 6938 6956 6632
7486 5 2 99991 1 6614 6938 6956 6632 2091 2109 2110 2092
7487 5 2 99991 1 472 490 491 473 6615 6939 6957 6633
7488 5 2 99991 1 6615 6939 6957 6633 6616 6940 6958 6634
7489 5 2 99991 1 6616 6940 6958 6634 6617 6941 6959 6635
7490 5 2 99991 1 6617 6941 6959 6635 6618 6942 6960 6636
7491 5 2 99991 1 6618 6942 6960 6636 6619 6943 6961 6637
7492 5 2 99991 1 6619 6943 6961 6637 6620 6944 6962 6638
7493 5 2 99991 1 6620 6944 6962 6638 6621 6945 6963 6639
7494 5 2 99991 1 6621 6945 6963 6639 6622 6946 6964 6640
7495 5 2 99991 1 6622 6946 6964 6640 6623 6947 6965 6641
7496 5 2 99991 1 6623 6947 6965 6641 6624 6948 6966 6642
7497 5 2 99991 1 6624 6948 6966 6642 6625 6949 6967 6643
7498 5 2 99991 1 6625 6949 6967 6643 6626 6950 6968 6644
7499 5 2 99991 1 6626 6950 6968 6644 6627 6951 6969 6645
7500 5 2 99991 1 6627 6951 6969 6645 6628 6952 6970 6646
7501 5 2 99991 1 6628 6952 6970 6646 6629 6953 6971 6647
7502 5 2 99991 1 6629 6953 6971 6647 6630 6954 6972 6648
7503 5 2 99991 1 6630 6954 6972 6648 6631 6955 6973 6649
7504 5 2 99991 1 6631 6955 6973 6649 6632 6956 6974 6650
7505 5 2 99991 1 6632 6956 6974 6650 2092 2110 2111 2093
7506 5 2 99991 1 473 491 492 474 6633 6957 6975 6651
7507 5 2 99991 1 6633 6957 6975 6651 6634 6958 6976 6652
7508 5 2 99991 1 6634 6958 6976 6652 6635 6959 6977 6653
7509 5 2 99991 1 6635 6959 6977 6653 6636 6960 6978 6654
7510 5 2 99991 1 6636 6960 6978 6654 6637 6961 6979 6655
7511 5 2 99991 1 6637 6961 6979 6655 6638 6962 6980 6656
7512 5 2 99991 1 6638 6962 6980 6656 6639 6963 6981 6657
7513 5 2 99991 1 6639 6963 6981 6657 6640 6964 6982 6658
7514 5 2 99991 1 6640 6964 6982 6658 6641 6965 6983 6659
7515 5 2 99991 1 6641 6965 6983 6659 6642 6966 6984 6660
7516 5 2 99991 1 6642 6966 6984 6660 6643 6967 6985 6661
7517 5 2 99991 1 6643 6967 6985 6661 6644 6968 6986 6662
7518 5 2 99991 1 6644 6968 6986 6662 6645 6969 6987 6663
7519 5 2 99991 1 6645 6969 6987 6663 6646 6970 6988 6664
7520 5 2 99991 1 6646 6970 6988 6664 6647 6971 6989 6665
7521 5 2 99991 1 6647 6971 6989 6665 6648 6972 6990 6666
7522 5 2 99991 1 6648 6972 6990 6666 6649 6973 6991 6667
7523 5 2 99991 1 6649 6973 6991 6667 6650 6974 6992 6668
7524 5 2 99991 1 6650 6974 6992 6668 2093 2111 2112 2094
7525 5 2 99991 1 474 492 493 475 6651 6975 6993 6669
7526 5 2 99991 1 6651 6975 6993 6669 6652 6976 6994 6670
7527 5 2 99991 1 6652 6976 6994 6670 6653 6977 6995 6671
7528 5 2 99991 1 6653 6977 6995 6671 6654 6978 6996 6672
7529 5 2 99991 1 6654 6978 6996 6672 6655 6979 6997 6673
7530 5 2 99991 1 6655 6979 6997 6673 6656 6980 6998 6674
7531 5 2 99991 1 6656 6980 6998 6674 6657 6981 6999 6675
7532 5 2 99991 1 6657 6981 6999 6675 6658 6982 7000 6676
7533 5 2 99991 1 6658 6982 7000 6676 6659 6983 7001 6677
7534 5 2 99991 1 6659 6983 7001 6677 6660 6984 7002 6678
7535 5 2 99991 1 6660 6984 7002 6678 6661 6985 7003 6679
7536 5 2 99991 1 6661 6985 7003 6679 6662 6986 7004 6680
7537 5 2 99991 1 6662 6986 7004 6680 6663 6987 7005 6681
7538 5 2 99991 1 6663 6987 7005 6681 6664 6988 7006 6682
7539 5 2 99991 1 6664 6988 7006 6682 6665 6989 7007 6683
7540 5 2 99991 1 6665 6989 7007 6683 6666 6990 7008 6684
7541 5 2 99991 1 6666 6990 7008 6684 6667 6991 7009 6685
7542 5 2 99991 1 6667 6991 7009 6685 6668 6992 7010 6686
7543 5 2 99991 1 6668 6992 7010 6686 2094 2112 2113 2095
7544 5 2 99991 1 475 493 494 476 6669 6993 7011 6687
7545 5 2 99991 1 6669 6993 7011 6687 6670 6994 7012 6688
7546 5 2 99991 1 6670 6994 7012 6688 6671 6995 7013 6689
7547 5 2 99991 1 6671 6995 7013 6689 6672 6996 7014 6690
7548 5 2 99991 1 6672 6996 7014 6690 6673 6997 7015 6691
7549 5 2 99991 1 6673 6997 7015 6691 6674 6998 7016 6692
7550 5 2 99991 1 6674 6998 7016 6692 6675 6999 7017 6693
7551 5 2 99991 1 6675 6999 7017 6693 6676 7000 7018 6694
7552 5 2 99991 1 6676 7000 7018 6694 6677 7001 7019 6695
7553 5 2 99991 1 6677 7001 7019 6695 6678 7002 7020 6696
7554 5 2 99991 1 6678 7002 7020 6696 6679 7003 7021 6697
7555 5 2 99991 1 6679 7003 7021 6697 6680 7004 7022 6698
7556 5 2 99991 1 6680 7004 7022 6698 6681 7005 7023 6699
7557 5 2 99991 1 6681 7005 7023 6699 6682 7006 7024 6700
7558 5 2 99991 1 6682 7006 7024 6700 6683 7007 7025 6701
7559 5 2 99991 1 6683 7007 7025 6701 6684 7008 7026 6702
7560 5 2 99991 1 6684 7008 7026 6702 6685 7009 7027 6703
7561 5 2 99991 1 6685 7009 7027 6703 6686 7010 7028 6704
7562 5 2 99991 1 6686 7010 7028 6704 2095 2113 2114 2096
7563 5 2 99991 1 476 494 48 49 6687 7011 1575 1593
7564 5 2 99991 1 6687 7011 1575 1593 6688 7012 1576 1594
7565 5 2 99991 1 6688 7012 1576 1594 6689 7013 1577 1595
7566 5 2 99991 1 6689 7013 1577 1595 6690 7014 1578 1596
7567 5 2 99991 1 6690 7014 1578 1596 6691 7015 1579 1597
7568 5 2 99991 1 6691 7015 1579 1597 6692 7016 1580 1598
7569 5 2 99991 1 6692 7016 1580 1598 6693 7017 1581 1599
7570 5 2 99991 1 6693 7017 1581 1599 6694 7018 1582 1600
7571 5 2 99991 1 6694 7018 1582 1600 6695 7019 1583 1601
7572 5 2 99991 1 6695 7019 1583 1601 6696 7020 1584 1602
7573 5 2 99991 1 6696 7020 1584 1602 6697 7021 1585 1603
7574 5 2 99991 1 6697 7021 1585 1603 6698 7022 1586 1604
7575 5 2 99991 1 6698 7022 1586 1604 6699 7023 1587 1605
7576 5 2 99991 1 6699 7023 1587 1605 6700 7024 1588 1606
7577 5 2 99991 1 6700 7024 1588 1606 6701 7025 1589 1607
7578 5 2 99991 1 6701 7025 1589 1607 6702 7026 1590 1608
7579 5 2 99991 1 6702 7026 1590 1608 6703 7027 1591 1609
7580 5 2 99991 1 6703 7027 1591 1609 6704 7028 1592 1610
7581 5 2 99991 1 6704 7028 1592 1610 2096 2114 138 139
7582 5 2 99991 1 23 24 495 477 1125 1143 7029 6705
7583 5 2 99991 1 1125 1143 7029 6705 1126 1144 7030 6706
7584 5 2 99991 1 1126 1144 7030 6706 1127 1145 7031 6707
7585 5 2 99991 1 1127 1145 7031 6707 1128 1146 7032 6708
7586 5 2 99991 1 1128 1146 7032 6708 1129 1147 7033 6709
7587 5 2 99991 1 1129 1147 7033 6709 1130 1148 7034 6710
7588 5 2 99991 1 1130 1148 7034 6710 1131 1149 7035 6711
7589 5 2 99991 1 1131 1149 7035 6711 1132 1150 7036 6712
7590 5 2 99991 1 1132 1150 7036 6712 1133 1151 7037 6713
7591 5 2 99991 1 1133 1151 7037 6713 1134 1152 7038 6714
7592 5 2 99991 1 1134 1152 7038 6714 1135 1153 7039 6715
7593 5 2 99991 1 1135 1153 7039 6715 1136 1154 7040 6716
7594 5 2 99991 1 1136 1154 7040 6716 1137 1155 7041 6717
7595 5 2 99991 1 1137 1155 7041 6717 1138 1156 7042 6718
7596 5 2 99991 1 1138 1156 7042 6718 1139 1157 7043 6719
7597 5 2 99991 1 1139 1157 7043 6719 1140 1158 7044 6720
7598 5 2 99991 1 1140 1158 7044 6720 1141 1159 7045 6721
7599 5 2 99991 1 1141 1159 7045 6721 1142 1160 7046 6722
7600 5 2 99991 1 1142 1160 7046 6722 113 114 2115 2097
7601 5 2 99991 1 477 495 496 478 6705 7029 7047 6723
7602 5 2 99991 1 6705 7029 7047 6723 6706 7030 7048 6724
7603 5 2 99991 1 6706 7030 7048 6724 6707 7031 7049 6725
7604 5 2 99991 1 6707 7031 7049 6725 6708 7032 7050 6726
7605 5 2 99991 1 6708 7032 7050 6726 6709 7033 7051 6727
7606 5 2 99991 1 6709 7033 7051 6727 6710 7034 7052 6728
7607 5 2 99991 1 6710 7034 7052 6728 6711 7035 7053 6729
7608 5 2 99991 1 6711 7035 7053 6729 6712 7036 7054 6730
7609 5 2 99991 1 6712 7036 7054 6730 6713 7037 7055 6731
7610 5 2 99991 1 6713 7037 7055 6731 6714 7038 7056 6732
7611 5 2 99991 1 6714 7038 7056 6732 6715 7039 7057 6733
7612 5 2 99991 1 6715 7039 7057 6733 6716 7040 7058 6734
7613 5 2 99991 1 6716 7040 7058 6734 6717 7041 7059 6735
7614 5 2 99991 1 6717 7041 7059 6735 6718 7042 7060 6736
7615 5 2 99991 1 6718 7042 7060 6736 6719 7043 7061 6737
7616 5 2 99991 1 6719 7043 7061 6737 6720 7044 7062 6738
7617 5 2 99991 1 6720 7044 7062 6738 6721 7045 7063 6739
7618 5 2 99991 1 6721 7045 7063 6739 6722 7046 7064 6740
7619 5 2 99991 1 6722 7046 7064 6740 2097 2115 2116 2098
7620 5 2 99991 1 478 496 497 479 6723 7047 7065 6741
7621 5 2 99991 1 6723 7047 7065 6741 6724 7048 7066 6742
7622 5 2 99991 1 6724 7048 7066 6742 6725 7049 7067 6743
7623 5 2 99991 1 6725 7049 7067 6743 6726 7050 7068 6744
7624 5 2 99991 1 6726 7050 7068 6744 6727 7051 7069 6745
7625 5 2 99991 1 6727 7051 7069 6745 6728 7052 7070 6746
7626 5 2 99991 1 6728 7052 7070 6746 6729 7053 7071 6747
7627 5 2 99991 1 6729 7053 7071 6747 6730 7054 7072 6748
7628 5 2 99991 1 6730 7054 7072 6748 6731 7055 7073 6749
7629 5 2 99991 1 6731 7055 7073 6749 6732 7056 7074 6750
7630 5 2 99991 1 6732 7056 7074 6750 6733 7057 7075 6751
7631 5 2 99991 1 6733 7057 7075 6751 6734 7058 7076 6752
7632 5 2 99991 1 6734 7058 7076 6752 6735 7059 7077 6753
7633 5 2 99991 1 6735 7059 7077 6753 6736 7060 7078 6754
7634 5 2 99991 1 6736 7060 7078 6754 6737 7061 7079 6755
7635 5 2 99991 1 6737 7061 7079 6755 6738 7062 7080 6756
7636 5 2 99991 1 6738 7062 7080 6756 6739 7063 7081 6757
7637 5 2 99991 1 6739 7063 7081 6757 6740 7064 7082 6758
7638 5 2 99991 1 6740 7064 7082 6758 2098 2116 2117 2099
7639 5 2 99991 1 479 497 498 480 6741 7065 7083 6759
7640 5 2 99991 1 6741 7065 7083 6759 6742 7066 7084 6760
7641 5 2 99991 1 6742 7066 7084 6760 6743 7067 7085 6761
7642 5 2 99991 1 6743 7067 7085 6761 6744 7068 7086 6762
7643 5 2 99991 1 6744 7068 7086 6762 6745 7069 7087 6763
7644 5 2 99991 1 6745 7069 7087 6763 6746 7070 7088 6764
7645 5 2 99991 1 6746 7070 7088 6764 6747 7071 7089 6765
7646 5 2 99991 1 6747 7071 7089 6765 6748 7072 7090 6766
7647 5 2 99991 1 6748 7072 7090 6766 6749 7073 7091 6767
7648 5 2 99991 1 6749 7073 7091 6767 6750 7074 7092 6768
7649 5 2 99991 1 6750 7074 7092 6768 6751 7075 7093 6769
7650 5 2 99991 1 6751 7075 7093 6769 6752 7076 7094 6770
7651 5 2 99991 1 6752 7076 7094 6770 6753 7077 7095 6771
7652 5 2 99991 1 6753 7077 7095 6771 6754 7078 7096 6772
7653 5 2 99991 1 6754 7078 7096 6772 6755 7079 7097 6773
7654 5 2 99991 1 6755 7079 7097 6773 6756 7080 7098 6774
7655 5 2 99991 1 6756 7080 7098 6774 6757 7081 7099 6775
7656 5 2 99991 1 6757 7081 7099 6775 6758 7082 7100 6776
7657 5 2 99991 1 6758 7082 7100 6776 2099 2117 2118 2100
7658 5 2 99991 1 480 498 499 481 6759 7083 7101 6777
7659 5 2 99991 1 6759 7083 7101 6777 6760 7084 7102 6778
7660 5 2 99991 1 6760 7084 7102 6778 6761 7085 7103 6779
7661 5 2 99991 1 6761 7085 7103 6779 6762 7086 7104 6780
7662 5 2 99991 1 6762 7086 7104 6780 6763 7087 7105 6781
7663 5 2 99991 1 6763 7087 7105 6781 6764 7088 7106 6782
7664 5 2 99991 1 6764 7088 7106 6782 6765 7089 7107 6783
7665 5 2 99991 1 6765 7089 7107 6783 6766 7090 7108 6784
7666 5 2 99991 1 6766 7090 7108 6784 6767 7091 7109 6785
7667 5 2 99991 1 6767 7091 7109 6785 6768 7092 7110 6786
7668 5 2 99991 1 6768 7092 7110 6786 6769 7093 7111 6787
7669 5 2 99991 1 6769 7093 7111 6787 6770 7094 7112 6788
7670 5 2 99991 1 6770 7094 7112 6788 6771 7095 7113 6789
7671 5 2 99991 1 6771 7095 7113 6789 6772 7096 7114 6790
7672 5 2 99991 1 6772 7096 7114 6790 6773 7097 7115 6791
7673 5 2 99991 1 6773 7097 7115 6791 6774 7098 7116 6792
7674 5 2 99991 1 6774 7098 7116 6792 6775 7099 7117 6793
7675 5 2 99991 1 6775 7099 7117 6793 6776 7100 7118 6794
7676 5 2 99991 1 6776 7100 7118 6794 2100 2118 2119 2101
7677 5 2 99991 1 481 499 500 482 6777 7101 7119 6795
7678 5 2 99991 1 6777 7101 7119 6795 6778 7102 7120 6796
7679 5 2 99991 1 6778 7102 7120 6796 6779 7103 7121 6797
7680 5 2 99991 1 6779 7103 7121 6797 6780 7104 7122 6798
7681 5 2 99991 1 6780 7104 7122 6798 6781 7105 7123 6799
7682 5 2 99991 1 6781 7105 7123 6799 6782 7106 7124 6800
7683 5 2 99991 1 6782 7106 7124 6800 6783 7107 7125 6801
7684 5 2 99991 1 6783 7107 7125 6801 6784 7108 7126 6802
7685 5 2 99991 1 6784 7108 7126 6802 6785 7109 7127 6803
7686 5 2 99991 1 6785 7109 7127 6803 6786 7110 7128 6804
7687 5 2 99991 1 6786 7110 7128 6804 6787 7111 7129 6805
7688 5 2 99991 1 6787 7111 7129 6805 6788 7112 7130 6806
7689 5 2 99991 1 6788 7112 7130 6806 6789 7113 7131 6807
7690 5 2 99991 1 6789 7113 7131 6807 6790 7114 7132 6808
7691 5 2 99991 1 6790 7114 7132 6808 6791 7115 7133 6809
7692 5 2 99991 1 6791 7115 7133 6809 6792 7116 7134 6810
7693 5 2 99991 1 6792 7116 7134 6810 6793 7117 7135 6811
7694 5 2 99991 1 6793 7117 7135 6811 6794 7118 7136 6812
7695 5 2 99991 1 6794 7118 7136 6812 2101 2119 2120 2102
7696 5 2 99991 1 482 500 501 483 6795 7119 7137 6813
7697 5 2 99991 1 6795 7119 7137 6813 6796 7120 7138 6814
7698 5 2 99991 1 6796 7120 7138 6814 6797 7121 7139 6815
7699 5 2 99991 1 6797 7121 7139 6815 6798 7122 7140 6816
7700 5 2 99991 1 6798 7122 7140 6816 6799 7123 7141 6817
7701 5 2 99991 1 6799 7123 7141 6817 6800 7124 7142 6818
7702 5 2 99991 1 6800 7124 7142 6818 6801 7125 7143 6819
7703 5 2 99991 1 6801 7125 7143 6819 6802 7126 7144 6820
7704 5 2 99991 1 6802 7126 7144 6820 6803 7127 7145 6821
7705 5 2 99991 1 6803 7127 7145 6821 6804 7128 7146 6822
7706 5 2 99991 1 6804 7128 7146 6822 6805 7129 7147 6823
7707 5 2 99991 1 6805 7129 7147 6823 6806 7130 7148 6824
7708 5 2 99991 1 6806 7130 7148 6824 6807 7131 7149 6825
7709 5 2 99991 1 6807 7131 7149 6825 6808 7132 7150 6826
7710 5 2 99991 1 6808 7132 7150 6826 6809 7133 7151 6827
7711 5 2 99991 1 6809 7133 7151 6827 6810 7134 7152 6828
7712 5 2 99991 1 6810 7134 7152 6828 6811 7135 7153 6829
7713 5 2 99991 1 6811 7135 7153 6829 6812 7136 7154 6830
7714 5 2 99991 1 6812 7136 7154 6830 2102 2120 2121 2103
7715 5 2 99991 1 483 501 502 484 6813 7137 7155 6831
7716 5 2 99991 1 6813 7137 7155 6831 6814 7138 7156 6832
7717 5 2 99991 1 6814 7138 7156 6832 6815 7139 7157 6833
7718 5 2 99991 1 6815 7139 7157 6833 6816 7140 7158 6834
7719 5 2 99991 1 6816 7140 7158 6834 6817 7141 7159 6835
7720 5 2 99991 1 6817 7141 7159 6835 6818 7142 7160 6836
7721 5 2 99991 1 6818 7142 7160 6836 6819 7143 7161 6837
7722 5 2 99991 1 6819 7143 7161 6837 6820 7144 7162 6838
7723 5 2 99991 1 6820 7144 7162 6838 6821 7145 7163 6839
7724 5 2 99991 1 6821 7145 7163 6839 6822 7146 7164 6840
7725 5 2 99991 1 6822 7146 7164 6840 6823 7147 7165 6841
7726 5 2 99991 1 6823 7147 7165 6841 6824 7148 7166 6842
7727 5 2 99991 1 6824 7148 7166 6842 6825 7149 7167 6843
7728 5 2 99991 1 6825 7149 7167 6843 6826 7150 7168 6844
7729 5 2 99991 1 6826 7150 7168 6844 6827 7151 7169 6845
7730 5 2 99991 1 6827 7151 7169 6845 6828 7152 7170 6846
7731 5 2 99991 1 6828 7152 7170 6846 6829 7153 7171 6847
7732 5 2 99991 1 6829 7153 7171 6847 6830 7154 7172 6848
7733 5 2 99991 1 6830 7154 7172 6848 2103 2121 2122 2104
7734 5 2 99991 1 484 502 503 485 6831 7155 7173 6849
7735 5 2 99991 1 6831 7155 7173 6849 6832 7156 7174 6850
7736 5 2 99991 1 6832 7156 7174 6850 6833 7157 7175 6851
7737 5 2 99991 1 6833 7157 7175 6851 6834 7158 7176 6852
7738 5 2 99991 1 6834 7158 7176 6852 6835 7159 7177 6853
7739 5 2 99991 1 6835 7159 7177 6853 6836 7160 7178 6854
7740 5 2 99991 1 6836 7160 7178 6854 6837 7161 7179 6855
7741 5 2 99991 1 6837 7161 7179 6855 6838 7162 7180 6856
7742 5 2 99991 1 6838 7162 7180 6856 6839 7163 7181 6857
7743 5 2 99991 1 6839 7163 7181 6857 6840 7164 7182 6858
7744 5 2 99991 1 6840 7164 7182 6858 6841 7165 7183 6859
7745 5 2 99991 1 6841 7165 7183 6859 6842 7166 7184 6860
7746 5 2 99991 1 6842 7166 7184 6860 6843 7167 7185 6861
7747 5 2 99991 1 6843 7167 7185 6861 6844 7168 7186 6862
7748 5 2 99991 1 6844 7168 7186 6862 6845 7169 7187 6863
7749 5 2 99991 1 6845 7169 7187 6863 6846 7170 7188 6864
7750 5 2 99991 1 6846 7170 7188 6864 6847 7171 7189 6865
7751 5 2 99991 1 6847 7171 7189 6865 6848 7172 7190 6866
7752 5 2 99991 1 6848 7172 7190 6866 2104 2122 2123 2105
7753 5 2 99991 1 485 503 504 486 6849 7173 7191 6867
7754 5 2 99991 1 6849 7173 7191 6867 6850 7174 7192 6868
7755 5 2 99991 1 6850 7174 7192 6868 6851 7175 7193 6869
7756 5 2 99991 1 6851 7175 7193 6869 6852 7176 7194 6870
7757 5 2 99991 1 6852 7176 7194 6870 6853 7177 7195 6871
7758 5 2 99991 1 6853 7177 7195 6871 6854 7178 7196 6872
7759 5 2 99991 1 6854 7178 7196 6872 6855 7179 7197 6873
7760 5 2 99991 1 6855 7179 7197 6873 6856 7180 7198 6874
7761 5 2 99991 1 6856 7180 7198 6874 6857 7181 7199 6875
7762 5 2 99991 1 6857 7181 7199 6875 6858 7182 7200 6876
7763 5 2 99991 1 6858 7182 7200 6876 6859 7183 7201 6877
7764 5 2 99991 1 6859 7183 7201 6877 6860 7184 7202 6878
7765 5 2 99991 1 6860 7184 7202 6878 6861 7185 7203 6879
7766 5 2 99991 1 6861 7185 7203 6879 6862 7186 7204 6880
7767 5 2 99991 1 6862 7186 7204 6880 6863 7187 7205 6881
7768 5 2 99991 1 6863 7187 7205 6881 6864 7188 7206 6882
7769 5 2 99991 1 6864 7188 7206 6882 6865 7189 7207 6883
7770 5 2 99991 1 6865 7189 7207 6883 6866 7190 7208 6884
7771 5 2 99991 1 6866 7190 7208 6884 2105 2123 2124 2106
7772 5 2 99991 1 486 504 505 487 6867 7191 7209 6885
7773 5 2 99991 1 6867 7191 7209 6885 6868 7192 7210 6886
7774 5 2 99991 1 6868 7192 7210 6886 6869 7193 7211 6887
7775 5 2 99991 1 6869 7193 7211 6887 6870 7194 7212 6888
7776 5 2 99991 1 6870 7194 7212 6888 6871 7195 7213 6889
7777 5 2 99991 1 6871 7195 7213 6889 6872 7196 7214 6890
7778 5 2 99991 1 6872 7196 7214 6890 6873 7197 7215 6891
7779 5 2 99991 1 6873 7197 7215 6891 6874 7198 7216 6892
7780 5 2 99991 1 6874 7198 7216 6892 6875 7199 7217 6893
7781 5 2 99991 1 6875 7199 7217 6893 6876 7200 7218 6894
7782 5 2 99991 1 6876 7200 7218 6894 6877 7201 7219 6895
7783 5 2 99991 1 6877 7201 7219 6895 6878 7202 7220 6896
7784 5 2 99991 1 6878 7202 7220 6896 6879 7203 7221 6897
7785 5 2 99991 1 6879 7203 7221 6897 6880 7204 7222 6898
7786 5 2 99991 1 6880 7204 7222 6898 6881 7205 7223 6899
7787 5 2 99991 1 6881 7205 7223 6899 6882 7206 7224 6900
7788 5 2 99991 1 6882 7206 7224 6900 6883 7207 7225 6901
7789 5 2 99991 1 6883 7207 7225 6901 6884 7208 7226 6902
7790 5 2 99991 1 6884 7208 7226 6902 2106 2124 2125 2107
7791 5 2 99991 1 487 505 506 488 6885 7209 7227 6903
7792 5 2 99991 1 6885 7209 7227 6903 6886 7210 7228 6904
7793 5 2 99991 1 6886 7210 7228 6904 6887 7211 7229 6905
7794 5 2 99991 1 6887 7211 7229 6905 6888 7212 7230 6906
7795 5 2 99991 1 6888 7212 7230 6906 6889 7213 7231 6907
7796 5 2 99991 1 6889 7213 7231 6907 6890 7214 7232 6908
7797 5 2 99991 1 6890 7214 7232 6908 6891 7215 7233 6909
7798 5 2 99991 1 6891 7215 7233 6909 6892 7216 7234 6910
7799 5 2 99991 1 6892 7216 7234 6910 6893 7217 7235 6911
7800 5 2 99991 1 6893 7217 7235 6911 6894 7218 7236 6912
7801 5 2 99991 1 6894 7218 7236 6912 6895 7219 7237 6913
7802 5 2 99991 1 6895 7219 7237 6913 6896 7220 7238 6914
7803 5 2 99991 1 6896 7220 7238 6914 6897 7221 7239 6915
7804 5 2 99991 1 6897 7221 7239 6915 6898 7222 7240 6916
7805 5 2 99991 1 6898 7222 7240 6916 6899 7223 7241 6917
7806 5 2 99991 1 6899 7223 7241 6917 6900 7224 7242 6918
7807 5 2 99991 1 6900 7224 7242 6918 6901 7225 7243 6919
7808 5 2 99991 1 6901 7225 7243 6919 6902 7226 7244 6920
7809 5 2 99991 1 6902 7226 7244 6920 2107 2125 2126 2108
7810 5 2 99991 1 488 506 507 489 6903 7227 7245 6921
7811 5 2 99991 1 6903 7227 7245 6921 6904 7228 7246 6922
7812 5 2 99991 1 6904 7228 7246 6922 6905 7229 7247 6923
7813 5 2 99991 1 6905 7229 7247 6923 6906 7230 7248 6924
7814 5 2 99991 1 6906 7230 7248 6924 6907 7231 7249 6925
7815 5 2 99991 1 6907 7231 7249 6925 6908 7232 7250 6926
7816 5 2 99991 1 6908 7232 7250 6926 6909 7233 7251 6927
7817 5 2 99991 1 6909 7233 7251 6927 6910 7234 7252 6928
7818 5 2 99991 1 6910 7234 7252 6928 6911 7235 7253 6929
7819 5 2 99991 1 6911 7235 7253 6929 6912 7236 7254 6930
7820 5 2 99991 1 6912 7236 7254 6930 6913 7237 7255 6931
7821 5 2 99991 1 6913 7237 7255 6931 6914 7238 7256 6932
7822 5 2 99991 1 6914 7238 7256 6932 6915 7239 7257 6933
7823 5 2 99991 1 6915 7239 7257 6933 6916 7240 7258 6934
7824 5 2 99991 1 6916 7240 7258 6934 6917 7241 7259 6935
7825 5 2 99991 1 6917 7241 7259 6935 6918 7242 7260 6936
7826 5 2 99991 1 6918 7242 7260 6936 6919 7243 7261 6937
7827 5 2 99991 1 6919 7243 7261 6937 6920 7244 7262 6938
7828 5 2 99991 1 6920 7244 7262 6938 2108 2126 2127 2109
7829 5 2 99991 1 489 507 508 490 6921 7245 7263 6939
7830 5 2 99991 1 6921 7245 7263 6939 6922 7246 7264 6940
7831 5 2 99991 1 6922 7246 7264 6940 6923 7247 7265 6941
7832 5 2 99991 1 6923 7247 7265 6941 6924 7248 7266 6942
7833 5 2 99991 1 6924 7248 7266 6942 6925 7249 7267 6943
7834 5 2 99991 1 6925 7249 7267 6943 6926 7250 7268 6944
7835 5 2 99991 1 6926 7250 7268 6944 6927 7251 7269 6945
7836 5 2 99991 1 6927 7251 7269 6945 6928 7252 7270 6946
7837 5 2 99991 1 6928 7252 7270 6946 6929 7253 7271 6947
7838 5 2 99991 1 6929 7253 7271 6947 6930 7254 7272 6948
7839 5 2 99991 1 6930 7254 7272 6948 6931 7255 7273 6949
7840 5 2 99991 1 6931 7255 7273 6949 6932 7256 7274 6950
7841 5 2 99991 1 6932 7256 7274 6950 6933 7257 7275 6951
7842 5 2 99991 1 6933 7257 7275 6951 6934 7258 7276 6952
7843 5 2 99991 1 6934 7258 7276 6952 6935 7259 7277 6953
7844 5 2 99991 1 6935 7259 7277 6953 6936 7260 7278 6954
7845 5 2 99991 1 6936 7260 7278 6954 6937 7261 7279 6955
7846 5 2 99991 1 6937 7261 7279 6955 6938 7262 7280 6956
7847 5 2 99991 1 6938 7262 7280 6956 2109 2127 2128 2110
7848 5 2 99991 1 490 508 509 491 6939 7263 7281 6957
7849 5 2 99991 1 6939 7263 7281 6957 6940 7264 7282 6958
7850 5 2 99991 1 6940 7264 7282 6958 6941 7265 7283 6959
7851 5 2 99991 1 6941 7265 7283 6959 6942 7266 7284 6960
7852 5 2 99991 1 6942 7266 7284 6960 6943 7267 7285 6961
7853 5 2 99991 1 6943 7267 7285 6961 6944 7268 7286 6962
7854 5 2 99991 1 6944 7268 7286 6962 6945 7269 7287 6963
7855 5 2 99991 1 6945 7269 7287 6963 6946 7270 7288 6964
7856 5 2 99991 1 6946 7270 7288 6964 6947 7271 7289 6965
7857 5 2 99991 1 6947 7271 7289 6965 6948 7272 7290 6966
7858 5 2 99991 1 6948 7272 7290 6966 6949 7273 7291 6967
7859 5 2 99991 1 6949 7273 7291 6967 6950 7274 7292 6968
7860 5 2 99991 1 6950 7274 7292 6968 6951 7275 7293 6969
7861 5 2 99991 1 6951 7275 7293 6969 6952 7276 7294 6970
7862 5 2 99991 1 6952 7276 7294 6970 6953 7277 7295 6971
7863 5 2 99991 1 6953 7277 7295 6971 6954 7278 7296 6972
7864 5 2 99991 1 6954 7278 7296 6972 6955 7279 7297 6973
7865 5 2 99991 1 6955 7279 7297 6973 6956 7280 7298 6974
7866 5 2 99991 1 6956 7280 7298 6974 2110 2128 2129 2111
7867 5 2 99991 1 491 509 510 492 6957 7281 7299 6975
7868 5 2 99991 1 6957 7281 7299 6975 6958 7282 7300 6976
7869 5 2 99991 1 6958 7282 7300 6976 6959 7283 7301 6977
7870 5 2 99991 1 6959 7283 7301 6977 6960 7284 7302 6978
7871 5 2 99991 1 6960 7284 7302 6978 6961 7285 7303 6979
7872 5 2 99991 1 6961 7285 7303 6979 6962 7286 7304 6980
7873 5 2 99991 1 6962 7286 7304 6980 6963 7287 7305 6981
7874 5 2 99991 1 6963 7287 7305 6981 6964 7288 7306 6982
7875 5 2 99991 1 6964 7288 7306 6982 6965 7289 7307 6983
7876 5 2 99991 1 6965 7289 7307 6983 6966 7290 7308 6984
7877 5 2 99991 1 6966 7290 7308 6984 6967 7291 7309 6985
7878 5 2 99991 1 6967 7291 7309 6985 6968 7292 7310 6986
7879 5 2 99991 1 6968 7292 7310 6986 6969 7293 7311 6987
7880 5 2 99991 1 6969 7293 7311 6987 6970 7294 7312 6988
7881 5 2 99991 1 6970 7294 7312 6988 6971 7295 7313 6989
7882 5 2 99991 1 6971 7295 7313 6989 6972 7296 7314 6990
7883 5 2 99991 1 6972 7296 7314 6990 6973 7297 7315 6991
7884 5 2 99991 1 6973 7297 7315 6991 6974 7298 7316 6992
7885 5 2 99991 1 6974 7298 7316 6992 2111 2129 2130 2112
7886 5 2 99991 1 492 510 511 493 6975 7299 7317 6993
7887 5 2 99991 1 6975 7299 7317 6993 6976 7300 7318 6994
7888 5 2 99991 1 6976 7300 7318 6994 6977 7301 7319 6995
7889 5 2 99991 1 6977 7301 7319 6995 6978 7302 7320 6996
7890 5 2 99991 1 6978 7302 7320 6996 6979 7303 7321 6997
7891 5 2 99991 1 6979 7303 7321 6997 6980 7304 7322 6998
7892 5 2 99991 1 6980 7304 7322 6998 6981 7305 7323 6999
7893 5 2 99991 1 6981 7305 7323 6999 6982 7306 7324 7000
7894 5 2 99991 1 6982 7306 7324 7000 6983 7307 7325 7001
7895 5 2 99991 1 6983 7307 7325 7001 6984 7308 7326 7002
7896 5 2 99991 1 6984 7308 7326 7002 6985 7309 7327 7003
7897 5 2 99991 1 6985 7309 7327 7003 6986 7310 7328 7004
7898 5 2 99991 1 6986 7310 7328 7004 6987 7311 7329 7005
7899 5 2 99991 1 6987 7311 7329 7005 6988 7312 7330 7006
7900 5 2 99991 1 6988 7312 7330 7006 6989 7313 7331 7007
7901 5 2 99991 1 6989 7313 7331 7007 6990 7314 7332 7008
7902 5 2 99991 1 6990 7314 7332 7008 6991 7315 7333 7009
7903 5 2 99991 1 6991 7315 7333 7009 6992 7316 7334 7010
7904 5 2 99991 1 6992 7316 7334 7010 2112 2130 2131 2113
7905 5 2 99991 1 493 511 512 494 6993 7317 7335 7011
7906 5 2 99991 1 6993 7317 7335 7011 6994 7318 7336 7012
7907 5 2 99991 1 6994 7318 7336 7012 6995 7319 7337 7013
7908 5 2 99991 1 6995 7319 7337 7013 6996 7320 7338 7014
7909 5 2 99991 1 6996 7320 7338 7014 6997 7321 7339 7015
7910 5 2 99991 1 6997 7321 7339 7015 6998 7322 7340 7016
7911 5 2 99991 1 6998 7322 7340 7016 6999 7323 7341 7017
7912 5 2 99991 1 6999 7323 7341 7017 7000 7324 7342 7018
7913 5 2 99991 1 7000 7324 7342 7018 7001 7325 7343 7019
7914 5 2 99991 1 7001 7325 7343 7019 7002 7326 7344 7020
7915 5 2 99991 1 7002 7326 7344 7020 7003 7327 7345 7021
7916 5 2 99991 1 7003 7327 7345 7021 7004 7328 7346 7022
7917 5 2 99991 1 7004 7328 7346 7022 7005 7329 7347 7023
7918 5 2 99991 1 7005 7329 7347 7023 7006 7330 7348 7024
7919 5 2 99991 1 7006 7330 7348 7024 7007 7331 7349 7025
7920 5 2 99991 1 7007 7331 7349 7025 7008 7332 7350 7026
7921 5 2 99991 1 7008 7332 7350 7026 7009 7333 7351 7027
7922 5 2 99991 1 7009 7333 7351 7027 7010 7334 7352 7028
7923 5 2 99991 1 7010 7334 7352 7028 2113 2131 2132 2114
7924 5 2 99991 1 494 512 47 48 7011 7335 1557 1575
7925 5 2 99991 1 7011 7335 1557 1575 7012 7336 1558 1576
7926 5 2 99991 1 7012 7336 1558 1576 7013 7337 1559 1577
7927 5 2 99991 1 7013 7337 1559 1577 7014 7338 1560 1578
7928 5 2 99991 1 7014 7338 1560 1578 7015 7339 1561 1579
7929 5 2 99991 1 7015 7339 1561 1579 7016 7340 1562 1580
7930 5 2 99991 1 7016 7340 1562 1580 7017 7341 1563 1581
7931 5 2 99991 1 7017 7341 1563 1581 7018 7342 1564 1582
7932 5 2 99991 1 7018 7342 1564 1582 7019 7343 1565 1583
7933 5 2 99991 1 7019 7343 1565 1583 7020 7344 1566 1584
7934 5 2 99991 1 7020 7344 1566 1584 7021 7345 1567 1585
7935 5 2 99991 1 7021 7345 1567 1585 7022 7346 1568 1586
7936 5 2 99991 1 7022 7346 1568 1586 7023 7347 1569 1587
7937 5 2 99991 1 7023 7347 1569 1587 7024 7348 1570 1588
7938 5 2 99991 1 7024 7348 1570 1588 7025 7349 1571 1589
7939 5 2 99991 1 7025 7349 1571 1589 7026 7350 1572 1590
7940 5 2 99991 1 7026 7350 1572 1590 7027 7351 1573 1591
7941 5 2 99991 1 7027 7351 1573 1591 7028 7352 1574 1592
7942 5 2 99991 1 7028 7352 1574 1592 2114 2132 137 138
7943 5 2 99991 1 24 25 513 495 1143 1161 7353 7029
7944 5 2 99991 1 1143 1161 7353 7029 1144 1162 7354 7030
7945 5 2 99991 1 1144 1162 7354 7030 1145 1163 7355 7031
7946 5 2 99991 1 1145 1163 7355 7031 1146 1164 7356 7032
7947 5 2 99991 1 1146 1164 7356 7032 1147 1165 7357 7033
7948 5 2 99991 1 1147 1165 7357 7033 1148 1166 7358 7034
7949 5 2 99991 1 1148 1166 7358 7034 1149 1167 7359 7035
7950 5 2 99991 1 1149 1167 7359 7035 1150 1168 7360 7036
7951 5 2 99991 1 1150 1168 7360 7036 1151 1169 7361 7037
7952 5 2 99991 1 1151 1169 7361 7037 1152 1170 7362 7038
7953 5 2 99991 1 1152 1170 7362 7038 1153 1171 7363 7039
7954 5 2 99991 1 1153 1171 7363 7039 1154 1172 7364 7040
7955 5 2 99991 1 1154 1172 7364 7040 1155 1173 7365 7041
7956 5 2 99991 1 1155 1173 7365 7041 1156 1174 7366 7042
7957 5 2 99991 1 1156 1174 7366 7042 1157 1175 7367 7043
7958 5 2 99991 1 1157 1175 7367 7043 1158 1176 7368 7044
7959 5 2 99991 1 1158 1176 7368 7044 1159 1177 7369 7045
7960 5 2 99991 1 1159 1177 7369 7045 1160 1178 7370 7046
7961 5 2 99991 1 1160 1178 7370 7046 114 115 2133 2115
7962 5 2 99991 1 495 513 514 496 7029 7353 7371 7047
7963 5 2 99991 1 7029 7353 7371 7047 7030 7354 7372 7048
7964 5 2 99991 1 7030 7354 7372 7048 7031 7355 7373 7049
7965 5 2 99991 1 7031 7355 7373 7049 7032 7356 7374 7050
7966 5 2 99991 1 7032 7356 7374 7050 7033 7357 7375 7051
7967 5 2 99991 1 7033 7357 7375 7051 7034 7358 7376 7052
7968 5 2 99991 1 7034 7358 7376 7052 7035 7359 7377 7053
7969 5 2 99991 1 7035 7359 7377 7053 7036 7360 7378 7054
7970 5 2 99991 1 7036 7360 7378 7054 7037 7361 7379 7055
7971 5 2 99991 1 7037 7361 7379 7055 7038 7362 7380 7056
7972 5 2 99991 1 7038 7362 7380 7056 7039 7363 7381 7057
7973 5 2 99991 1 7039 7363 7381 7057 7040 7364 7382 7058
7974 5 2 99991 1 7040 7364 7382 7058 7041 7365 7383 7059
7975 5 2 99991 1 7041 7365 7383 7059 7042 7366 7384 7060
7976 5 2 99991 1 7042 7366 7384 7060 7043 7367 7385 7061
7977 5 2 99991 1 7043 7367 7385 7061 7044 7368 7386 7062
7978 5 2 99991 1 7044 7368 7386 7062 7045 7369 7387 7063
7979 5 2 99991 1 7045 7369 7387 7063 7046 7370 7388 7064
7980 5 2 99991 1 7046 7370 7388 7064 2115 2133 2134 2116
7981 5 2 99991 1 496 514 515 497 7047 7371 7389 7065
7982 5 2 99991 1 7047 7371 7389 7065 7048 7372 7390 7066
7983 5 2 99991 1 7048 7372 7390 7066 7049 7373 7391 7067
7984 5 2 99991 1 7049 7373 7391 7067 7050 7374 7392 7068
7985 5 2 99991 1 7050 7374 7392 7068 7051 7375 7393 7069
7986 5 2 99991 1 7051 7375 7393 7069 7052 7376 7394 7070
7987 5 2 99991 1 7052 7376 7394 7070 7053 7377 7395 7071
7988 5 2 99991 1 7053 7377 7395 7071 7054 7378 7396 7072
7989 5 2 99991 1 7054 7378 7396 7072 7055 7379 7397 7073
7990 5 2 99991 1 7055 7379 7397 7073 7056 7380 7398 7074
7991 5 2 99991 1 7056 7380 7398 7074 7057 7381 7399 7075
7992 5 2 99991 1 7057 7381 7399 7075 7058 7382 7400 7076
7993 5 2 99991 1 7058 7382 7400 7076 7059 7383 7401 7077
7994 5 2 99991 1 7059 7383 7401 7077 7060 7384 7402 7078
7995 5 2 99991 1 7060 7384 7402 7078 7061 7385 7403 7079
7996 5 2 99991 1 7061 7385 7403 7079 7062 7386 7404 7080
7997 5 2 99991 1 7062 7386 7404 7080 7063 7387 7405 7081
7998 5 2 99991 1 7063 7387 7405 7081 7064 7388 7406 7082
7999 5 2 99991 1 7064 7388 7406 7082 2116 2134 2135 2117
8000 5 2 99991 1 497 515 516 498 7065 7389 7407 7083
8001 5 2 99991 1 7065 7389 7407 7083 7066 7390 7408 7084
8002 5 2 99991 1 7066 7390 7408 7084 7067 7391 7409 7085
8003 5 2 99991 1 7067 7391 7409 7085 7068 7392 7410 7086
8004 5 2 99991 1 7068 7392 7410 7086 7069 7393 7411 7087
8005 5 2 99991 1 7069 7393 7411 7087 7070 7394 7412 7088
8006 5 2 99991 1 7070 7394 7412 7088 7071 7395 7413 7089
8007 5 2 99991 1 7071 7395 7413 7089 7072 7396 7414 7090
8008 5 2 99991 1 7072 7396 7414 7090 7073 7397 7415 7091
8009 5 2 99991 1 7073 7397 7415 7091 7074 7398 7416 7092
8010 5 2 99991 1 7074 7398 7416 7092 7075 7399 7417 7093
8011 5 2 99991 1 7075 7399 7417 7093 7076 7400 7418 7094
8012 5 2 99991 1 7076 7400 7418 7094 7077 7401 7419 7095
8013 5 2 99991 1 7077 7401 7419 7095 7078 7402 7420 7096
8014 5 2 99991 1 7078 7402 7420 7096 7079 7403 7421 7097
8015 5 2 99991 1 7079 7403 7421 7097 7080 7404 7422 7098
8016 5 2 99991 1 7080 7404 7422 7098 7081 7405 7423 7099
8017 5 2 99991 1 7081 7405 7423 7099 7082 7406 7424 7100
8018 5 2 99991 1 7082 7406 7424 7100 2117 2135 2136 2118
8019 5 2 99991 1 498 516 517 499 7083 7407 7425 7101
8020 5 2 99991 1 7083 7407 7425 7101 7084 7408 7426 7102
8021 5 2 99991 1 7084 7408 7426 7102 7085 7409 7427 7103
8022 5 2 99991 1 7085 7409 7427 7103 7086 7410 7428 7104
8023 5 2 99991 1 7086 7410 7428 7104 7087 7411 7429 7105
8024 5 2 99991 1 7087 7411 7429 7105 7088 7412 7430 7106
8025 5 2 99991 1 7088 7412 7430 7106 7089 7413 7431 7107
8026 5 2 99991 1 7089 7413 7431 7107 7090 7414 7432 7108
8027 5 2 99991 1 7090 7414 7432 7108 7091 7415 7433 7109
8028 5 2 99991 1 7091 7415 7433 7109 7092 7416 7434 7110
8029 5 2 99991 1 7092 7416 7434 7110 7093 7417 7435 7111
8030 5 2 99991 1 7093 7417 7435 7111 7094 7418 7436 7112
8031 5 2 99991 1 7094 7418 7436 7112 7095 7419 7437 7113
8032 5 2 99991 1 7095 7419 7437 7113 7096 7420 7438 7114
8033 5 2 99991 1 7096 7420 7438 7114 7097 7421 7439 7115
8034 5 2 99991 1 7097 7421 7439 7115 7098 7422 7440 7116
8035 5 2 99991 1 7098 7422 7440 7116 7099 7423 7441 7117
8036 5 2 99991 1 7099 7423 7441 7117 7100 7424 7442 7118
8037 5 2 99991 1 7100 7424 7442 7118 2118 2136 2137 2119
8038 5 2 99991 1 499 517 518 500 7101 7425 7443 7119
8039 5 2 99991 1 7101 7425 7443 7119 7102 7426 7444 7120
8040 5 2 99991 1 7102 7426 7444 7120 7103 7427 7445 7121
8041 5 2 99991 1 7103 7427 7445 7121 7104 7428 7446 7122
8042 5 2 99991 1 7104 7428 7446 7122 7105 7429 7447 7123
8043 5 2 99991 1 7105 7429 7447 7123 7106 7430 7448 7124
8044 5 2 99991 1 7106 7430 7448 7124 7107 7431 7449 7125
8045 5 2 99991 1 7107 7431 7449 7125 7108 7432 7450 7126
8046 5 2 99991 1 7108 7432 7450 7126 7109 7433 7451 7127
8047 5 2 99991 1 7109 7433 7451 7127 7110 7434 7452 7128
8048 5 2 99991 1 7110 7434 7452 7128 7111 7435 7453 7129
8049 5 2 99991 1 7111 7435 7453 7129 7112 7436 7454 7130
8050 5 2 99991 1 7112 7436 7454 7130 7113 7437 7455 7131
8051 5 2 99991 1 7113 7437 7455 7131 7114 7438 7456 7132
8052 5 2 99991 1 7114 7438 7456 7132 7115 7439 7457 7133
8053 5 2 99991 1 7115 7439 7457 7133 7116 7440 7458 7134
8054 5 2 99991 1 7116 7440 7458 7134 7117 7441 7459 7135
8055 5 2 99991 1 7117 7441 7459 7135 7118 7442 7460 7136
8056 5 2 99991 1 7118 7442 7460 7136 2119 2137 2138 2120
8057 5 2 99991 1 500 518 519 501 7119 7443 7461 7137
8058 5 2 99991 1 7119 7443 7461 7137 7120 7444 7462 7138
8059 5 2 99991 1 7120 7444 7462 7138 7121 7445 7463 7139
8060 5 2 99991 1 7121 7445 7463 7139 7122 7446 7464 7140
8061 5 2 99991 1 7122 7446 7464 7140 7123 7447 7465 7141
8062 5 2 99991 1 7123 7447 7465 7141 7124 7448 7466 7142
8063 5 2 99991 1 7124 7448 7466 7142 7125 7449 7467 7143
8064 5 2 99991 1 7125 7449 7467 7143 7126 7450 7468 7144
8065 5 2 99991 1 7126 7450 7468 7144 7127 7451 7469 7145
8066 5 2 99991 1 7127 7451 7469 7145 7128 7452 7470 7146
8067 5 2 99991 1 7128 7452 7470 7146 7129 7453 7471 7147
8068 5 2 99991 1 7129 7453 7471 7147 7130 7454 7472 7148
8069 5 2 99991 1 7130 7454 7472 7148 7131 7455 7473 7149
8070 5 2 99991 1 7131 7455 7473 7149 7132 7456 7474 7150
8071 5 2 99991 1 7132 7456 7474 7150 7133 7457 7475 7151
8072 5 2 99991 1 7133 7457 7475 7151 7134 7458 7476 7152
8073 5 2 99991 1 7134 7458 7476 7152 7135 7459 7477 7153
8074 5 2 99991 1 7135 7459 7477 7153 7136 7460 7478 7154
8075 5 2 99991 1 7136 7460 7478 7154 2120 2138 2139 2121
8076 5 2 99991 1 501 519 520 502 7137 7461 7479 7155
8077 5 2 99991 1 7137 7461 7479 7155 7138 7462 7480 7156
8078 5 2 99991 1 7138 7462 7480 7156 7139 7463 7481 7157
8079 5 2 99991 1 7139 7463 7481 7157 7140 7464 7482 7158
8080 5 2 99991 1 7140 7464 7482 7158 7141 7465 7483 7159
8081 5 2 99991 1 7141 7465 7483 7159 7142 7466 7484 7160
8082 5 2 99991 1 7142 7466 7484 7160 7143 7467 7485 7161
8083 5 2 99991 1 7143 7467 7485 7161 7144 7468 7486 7162
8084 5 2 99991 1 7144 7468 7486 7162 7145 7469 7487 7163
8085 5 2 99991 1 7145 7469 7487 7163 7146 7470 7488 7164
8086 5 2 99991 1 7146 7470 7488 7164 7147 7471 7489 7165
8087 5 2 99991 1 7147 7471 7489 7165 7148 7472 7490 7166
8088 5 2 99991 1 7148 7472 7490 7166 7149 7473 7491 7167
8089 5 2 99991 1 7149 7473 7491 7167 7150 7474 7492 7168
8090 5 2 99991 1 7150 7474 7492 7168 7151 7475 7493 7169
8091 5 2 99991 1 7151 7475 7493 7169 7152 7476 7494 7170
8092 5 2 99991 1 7152 7476 7494 7170 7153 7477 7495 7171
8093 5 2 99991 1 7153 7477 7495 7171 7154 7478 7496 7172
8094 5 2 99991 1 7154 7478 7496 7172 2121 2139 2140 2122
8095 5 2 99991 1 502 520 521 503 7155 7479 7497 7173
8096 5 2 99991 1 7155 7479 7497 7173 7156 7480 7498 7174
8097 5 2 99991 1 7156 7480 7498 7174 7157 7481 7499 7175
8098 5 2 99991 1 7157 7481 7499 7175 7158 7482 7500 7176
8099 5 2 99991 1 7158 7482 7500 7176 7159 7483 7501 7177
8100 5 2 99991 1 7159 7483 7501 7177 7160 7484 7502 7178
8101 5 2 99991 1 7160 7484 7502 7178 7161 7485 7503 7179
8102 5 2 99991 1 7161 7485 7503 7179 7162 7486 7504 7180
8103 5 2 99991 1 7162 7486 7504 7180 7163 7487 7505 7181
8104 5 2 99991 1 7163 7487 7505 7181 7164 7488 7506 7182
8105 5 2 99991 1 7164 7488 7506 7182 7165 7489 7507 7183
8106 5 2 99991 1 7165 7489 7507 7183 7166 7490 7508 7184
8107 5 2 99991 1 7166 7490 7508 7184 7167 7491 7509 7185
8108 5 2 99991 1 7167 7491 7509 7185 7168 7492 7510 7186
8109 5 2 99991 1 7168 7492 7510 7186 7169 7493 7511 7187
8110 5 2 99991 1 7169 7493 7511 7187 7170 7494 7512 7188
8111 5 2 99991 1 7170 7494 7512 7188 7171 7495 7513 7189
8112 5 2 99991 1 7171 7495 7513 7189 7172 7496 7514 7190
8113 5 2 99991 1 7172 7496 7514 7190 2122 2140 2141 2123
8114 5 2 99991 1 503 521 522 504 7173 7497 7515 7191
8115 5 2 99991 1 7173 7497 7515 7191 7174 7498 7516 7192
8116 5 2 99991 1 7174 7498 7516 7192 7175 7499 7517 7193
8117 5 2 99991 1 7175 7499 7517 7193 7176 7500 7518 7194
8118 5 2 99991 1 7176 7500 7518 7194 7177 7501 7519 7195
8119 5 2 99991 1 7177 7501 7519 7195 7178 7502 7520 7196
8120 5 2 99991 1 7178 7502 7520 7196 7179 7503 7521 7197
8121 5 2 99991 1 7179 7503 7521 7197 7180 7504 7522 7198
8122 5 2 99991 1 7180 7504 7522 7198 7181 7505 7523 7199
8123 5 2 99991 1 7181 7505 7523 7199 7182 7506 7524 7200
8124 5 2 99991 1 7182 7506 7524 7200 7183 7507 7525 7201
8125 5 2 99991 1 7183 7507 7525 7201 7184 7508 7526 7202
8126 5 2 99991 1 7184 7508 7526 7202 7185 7509 7527 7203
8127 5 2 99991 1 7185 7509 7527 7203 7186 7510 7528 7204
8128 5 2 99991 1 7186 7510 7528 7204 7187 7511 7529 7205
8129 5 2 99991 1 7187 7511 7529 7205 7188 7512 7530 7206
8130 5 2 99991 1 7188 7512 7530 7206 7189 7513 7531 7207
8131 5 2 99991 1 7189 7513 7531 7207 7190 7514 7532 7208
8132 5 2 99991 1 7190 7514 7532 7208 2123 2141 2142 2124
8133 5 2 99991 1 504 522 523 505 7191 7515 7533 7209
8134 5 2 99991 1 7191 7515 7533 7209 7192 7516 7534 7210
8135 5 2 99991 1 7192 7516 7534 7210 7193 7517 7535 7211
8136 5 2 99991 1 7193 7517 7535 7211 7194 7518 7536 7212
8137 5 2 99991 1 7194 7518 7536 7212 7195 7519 7537 7213
8138 5 2 99991 1 7195 7519 7537 7213 7196 7520 7538 7214
8139 5 2 99991 1 7196 7520 7538 7214 7197 7521 7539 7215
8140 5 2 99991 1 7197 7521 7539 7215 7198 7522 7540 7216
8141 5 2 99991 1 7198 7522 7540 7216 7199 7523 7541 7217
8142 5 2 99991 1 7199 7523 7541 7217 7200 7524 7542 7218
8143 5 2 99991 1 7200 7524 7542 7218 7201 7525 7543 7219
8144 5 2 99991 1 7201 7525 7543 7219 7202 7526 7544 7220
8145 5 2 99991 1 7202 7526 7544 7220 7203 7527 7545 7221
8146 5 2 99991 1 7203 7527 7545 7221 7204 7528 7546 7222
8147 5 2 99991 1 7204 7528 7546 7222 7205 7529 7547 7223
8148 5 2 99991 1 7205 7529 7547 7223 7206 7530 7548 7224
8149 5 2 99991 1 7206 7530 7548 7224 7207 7531 7549 7225
8150 5 2 99991 1 7207 7531 7549 7225 7208 7532 7550 7226
8151 5 2 99991 1 7208 7532 7550 7226 2124 2142 2143 2125
8152 5 2 99991 1 505 523 524 506 7209 7533 7551 7227
8153 5 2 99991 1 7209 7533 7551 7227 7210 7534 7552 7228
8154 5 2 99991 1 7210 7534 7552 7228 7211 7535 7553 7229
8155 5 2 99991 1 7211 7535 7553 7229 7212 7536 7554 7230
8156 5 2 99991 1 7212 7536 7554 7230 7213 7537 7555 7231
8157 5 2 99991 1 7213 7537 7555 7231 7214 7538 7556 7232
8158 5 2 99991 1 7214 7538 7556 7232 7215 7539 7557 7233
8159 5 2 99991 1 7215 7539 7557 7233 7216 7540 7558 7234
8160 5 2 99991 1 7216 7540 7558 7234 7217 7541 7559 7235
8161 5 2 99991 1 7217 7541 7559 7235 7218 7542 7560 7236
8162 5 2 99991 1 7218 7542 7560 7236 7219 7543 7561 7237
8163 5 2 99991 1 7219 7543 7561 7237 7220 7544 7562 7238
8164 5 2 99991 1 7220 7544 7562 7238 7221 7545 7563 7239
8165 5 2 99991 1 7221 7545 7563 7239 7222 7546 7564 7240
8166 5 2 99991 1 7222 7546 7564 7240 7223 7547 7565 7241
8167 5 2 99991 1 7223 7547 7565 7241 7224 7548 7566 7242
8168 5 2 99991 1 7224 7548 7566 7242 7225 7549 7567 7243
8169 5 2 99991 1 7225 7549 7567 7243 7226 7550 7568 7244
8170 5 2 99991 1 7226 7550 7568 7244 2125 2143 2144 2126
8171 5 2 99991 1 506 524 525 507 7227 7551 7569 7245
8172 5 2 99991 1 7227 7551 7569 7245 7228 7552 7570 7246
8173 5 2 99991 1 7228 7552 7570 7246 7229 7553 7571 7247
8174 5 2 99991 1 7229 7553 7571 7247 7230 7554 7572 7248
8175 5 2 99991 1 7230 7554 7572 7248 7231 7555 7573 7249
8176 5 2 99991 1 7231 7555 7573 7249 7232 7556 7574 7250
8177 5 2 99991 1 7232 7556 7574 7250 7233 7557 7575 7251
8178 5 2 99991 1 7233 7557 7575 7251 7234 7558 7576 7252
8179 5 2 99991 1 7234 7558 7576 7252 7235 7559 7577 7253
8180 5 2 99991 1 7235 7559 7577 7253 7236 7560 7578 7254
8181 5 2 99991 1 7236 7560 7578 7254 7237 7561 7579 7255
8182 5 2 99991 1 7237 7561 7579 7255 7238 7562 7580 7256
8183 5 2 99991 1 7238 7562 7580 7256 7239 7563 7581 7257
8184 5 2 99991 1 7239 7563 7581 7257 7240 7564 7582 7258
8185 5 2 99991 1 7240 7564 7582 7258 7241 7565 7583 7259
8186 5 2 99991 1 7241 7565 7583 7259 7242 7566 7584 7260
8187 5 2 99991 1 7242 7566 7584 7260 7243 7567 7585 7261
8188 5 2 99991 1 7243 7567 7585 7261 7244 7568 7586 7262
8189 5 2 99991 1 7244 7568 7586 7262 2126 2144 2145 2127
8190 5 2 99991 1 507 525 526 508 7245 7569 7587 7263
8191 5 2 99991 1 7245 7569 7587 7263 7246 7570 7588 7264
8192 5 2 99991 1 7246 7570 7588 7264 7247 7571 7589 7265
8193 5 2 99991 1 7247 7571 7589 7265 7248 7572 7590 7266
8194 5 2 99991 1 7248 7572 7590 7266 7249 7573 7591 7267
8195 5 2 99991 1 7249 7573 7591 7267 7250 7574 7592 7268
8196 5 2 99991 1 7250 7574 7592 7268 7251 7575 7593 7269
8197 5 2 99991 1 7251 7575 7593 7269 7252 7576 7594 7270
8198 5 2 99991 1 7252 7576 7594 7270 7253 7577 7595 7271
8199 5 2 99991 1 7253 7577 7595 7271 7254 7578 7596 7272
8200 5 2 99991 1 7254 7578 7596 7272 7255 7579 7597 7273
8201 5 2 99991 1 7255 7579 7597 7273 7256 7580 7598 7274
8202 5 2 99991 1 7256 7580 7598 7274 7257 7581 7599 7275
8203 5 2 99991 1 7257 7581 7599 7275 7258 7582 7600 7276
8204 5 2 99991 1 7258 7582 7600 7276 7259 7583 7601 7277
8205 5 2 99991 1 7259 7583 7601 7277 7260 7584 7602 7278
8206 5 2 99991 1 7260 7584 7602 7278 7261 7585 7603 7279
8207 5 2 99991 1 7261 7585 7603 7279 7262 7586 7604 7280
8208 5 2 99991 1 7262 7586 7604 7280 2127 2145 2146 2128
8209 5 2 99991 1 508 526 527 509 7263 7587 7605 7281
8210 5 2 99991 1 7263 7587 7605 7281 7264 7588 7606 7282
8211 5 2 99991 1 7264 7588 7606 7282 7265 7589 7607 7283
8212 5 2 99991 1 7265 7589 7607 7283 7266 7590 7608 7284
8213 5 2 99991 1 7266 7590 7608 7284 7267 7591 7609 7285
8214 5 2 99991 1 7267 7591 7609 7285 7268 7592 7610 7286
8215 5 2 99991 1 7268 7592 7610 7286 7269 7593 7611 7287
8216 5 2 99991 1 7269 7593 7611 7287 7270 7594 7612 7288
8217 5 2 99991 1 7270 7594 7612 7288 7271 7595 7613 7289
8218 5 2 99991 1 7271 7595 7613 7289 7272 7596 7614 7290
8219 5 2 99991 1 7272 7596 7614 7290 7273 7597 7615 7291
8220 5 2 99991 1 7273 7597 7615 7291 7274 7598 7616 7292
8221 5 2 99991 1 7274 7598 7616 7292 7275 7599 7617 7293
8222 5 2 99991 1 7275 7599 7617 7293 7276 7600 7618 7294
8223 5 2 99991 1 7276 7600 7618 7294 7277 7601 7619 7295
8224 5 2 99991 1 7277 7601 7619 7295 7278 7602 7620 7296
8225 5 2 99991 1 7278 7602 7620 7296 7279 7603 7621 7297
8226 5 2 99991 1 7279 7603 7621 7297 7280 7604 7622 7298
8227 5 2 99991 1 7280 7604 7622 7298 2128 2146 2147 2129
8228 5 2 99991 1 509 527 528 510 7281 7605 7623 7299
8229 5 2 99991 1 7281 7605 7623 7299 7282 7606 7624 7300
8230 5 2 99991 1 7282 7606 7624 7300 7283 7607 7625 7301
8231 5 2 99991 1 7283 7607 7625 7301 7284 7608 7626 7302
8232 5 2 99991 1 7284 7608 7626 7302 7285 7609 7627 7303
8233 5 2 99991 1 7285 7609 7627 7303 7286 7610 7628 7304
8234 5 2 99991 1 7286 7610 7628 7304 7287 7611 7629 7305
8235 5 2 99991 1 7287 7611 7629 7305 7288 7612 7630 7306
8236 5 2 99991 1 7288 7612 7630 7306 7289 7613 7631 7307
8237 5 2 99991 1 7289 7613 7631 7307 7290 7614 7632 7308
8238 5 2 99991 1 7290 7614 7632 7308 7291 7615 7633 7309
8239 5 2 99991 1 7291 7615 7633 7309 7292 7616 7634 7310
8240 5 2 99991 1 7292 7616 7634 7310 7293 7617 7635 7311
8241 5 2 99991 1 7293 7617 7635 7311 7294 7618 7636 7312
8242 5 2 99991 1 7294 7618 7636 7312 7295 7619 7637 7313
8243 5 2 99991 1 7295 7619 7637 7313 7296 7620 7638 7314
8244 5 2 99991 1 7296 7620 7638 7314 7297 7621 7639 7315
8245 5 2 99991 1 7297 7621 7639 7315 7298 7622 7640 7316
8246 5 2 99991 1 7298 7622 7640 7316 2129 2147 2148 2130
8247 5 2 99991 1 510 528 529 511 7299 7623 7641 7317
8248 5 2 99991 1 7299 7623 7641 7317 7300 7624 7642 7318
8249 5 2 99991 1 7300 7624 7642 7318 7301 7625 7643 7319
8250 5 2 99991 1 7301 7625 7643 7319 7302 7626 7644 7320
8251 5 2 99991 1 7302 7626 7644 7320 7303 7627 7645 7321
8252 5 2 99991 1 7303 7627 7645 7321 7304 7628 7646 7322
8253 5 2 99991 1 7304 7628 7646 7322 7305 7629 7647 7323
8254 5 2 99991 1 7305 7629 7647 7323 7306 7630 7648 7324
8255 5 2 99991 1 7306 7630 7648 7324 7307 7631 7649 7325
8256 5 2 99991 1 7307 7631 7649 7325 7308 7632 7650 7326
8257 5 2 99991 1 7308 7632 7650 7326 7309 7633 7651 7327
8258 5 2 99991 1 7309 7633 7651 7327 7310 7634 7652 7328
8259 5 2 99991 1 7310 7634 7652 7328 7311 7635 7653 7329
8260 5 2 99991 1 7311 7635 7653 7329 7312 7636 7654 7330
8261 5 2 99991 1 7312 7636 7654 7330 7313 7637 7655 7331
8262 5 2 99991 1 7313 7637 7655 7331 7314 7638 7656 7332
8263 5 2 99991 1 7314 7638 7656 7332 7315 7639 7657 7333
8264 5 2 99991 1 7315 7639 7657 7333 7316 7640 7658 7334
8265 5 2 99991 1 7316 7640 7658 7334 2130 2148 2149 2131
8266 5 2 99991 1 511 529 530 512 7317 7641 7659 7335
8267 5 2 99991 1 7317 7641 7659 7335 7318 7642 7660 7336
8268 5 2 99991 1 7318 7642 7660 7336 7319 7643 7661 7337
8269 5 2 99991 1 7319 7643 7661 7337 7320 7644 7662 7338
8270 5 2 99991 1 7320 7644 7662 7338 7321 7645 7663 7339
8271 5 2 99991 1 7321 7645 7663 7339 7322 7646 7664 7340
8272 5 2 99991 1 7322 7646 7664 7340 7323 7647 7665 7341
8273 5 2 99991 1 7323 7647 7665 7341 7324 7648 7666 7342
8274 5 2 99991 1 7324 7648 7666 7342 7325 7649 7667 7343
8275 5 2 99991 1 7325 7649 7667 7343 7326 7650 7668 7344
8276 5 2 99991 1 7326 7650 7668 7344 7327 7651 7669 7345
8277 5 2 99991 1 7327 7651 7669 7345 7328 7652 7670 7346
8278 5 2 99991 1 7328 7652 7670 7346 7329 7653 7671 7347
8279 5 2 99991 1 7329 7653 7671 7347 7330 7654 7672 7348
8280 5 2 99991 1 7330 7654 7672 7348 7331 7655 7673 7349
8281 5 2 99991 1 7331 7655 7673 7349 7332 7656 7674 7350
8282 5 2 99991 1 7332 7656 7674 7350 7333 7657 7675 7351
8283 5 2 99991 1 7333 7657 7675 7351 7334 7658 7676 7352
8284 5 2 99991 1 7334 7658 7676 7352 2131 2149 2150 2132
8285 5 2 99991 1 512 530 46 47 7335 7659 1539 1557
8286 5 2 99991 1 7335 7659 1539 1557 7336 7660 1540 1558
8287 5 2 99991 1 7336 7660 1540 1558 7337 7661 1541 1559
8288 5 2 99991 1 7337 7661 1541 1559 7338 7662 1542 1560
8289 5 2 99991 1 7338 7662 1542 1560 7339 7663 1543 1561
8290 5 2 99991 1 7339 7663 1543 1561 7340 7664 1544 1562
8291 5 2 99991 1 7340 7664 1544 1562 7341 7665 1545 1563
8292 5 2 99991 1 7341 7665 1545 1563 7342 7666 1546 1564
8293 5 2 99991 1 7342 7666 1546 1564 7343 7667 1547 1565
8294 5 2 99991 1 7343 7667 1547 1565 7344 7668 1548 1566
8295 5 2 99991 1 7344 7668 1548 1566 7345 7669 1549 1567
8296 5 2 99991 1 7345 7669 1549 1567 7346 7670 1550 1568
8297 5 2 99991 1 7346 7670 1550 1568 7347 7671 1551 1569
8298 5 2 99991 1 7347 7671 1551 1569 7348 7672 1552 1570
8299 5 2 99991 1 7348 7672 1552 1570 7349 7673 1553 1571
8300 5 2 99991 1 7349 7673 1553 1571 7350 7674 1554 1572
8301 5 2 99991 1 7350 7674 1554 1572 7351 7675 1555 1573
8302 5 2 99991 1 7351 7675 1555 1573 7352 7676 1556 1574
8303 5 2 99991 1 7352 7676 1556 1574 2132 2150 136 137
8304 5 2 99991 1 25 26 531 513 1161 1179 7677 7353
8305 5 2 99991 1 1161 1179 7677 7353 1162 1180 7678 7354
8306 5 2 99991 1 1162 1180 7678 7354 1163 1181 7679 7355
8307 5 2 99991 1 1163 1181 7679 7355 1164 1182 7680 7356
8308 5 2 99991 1 1164 1182 7680 7356 1165 1183 7681 7357
8309 5 2 99991 1 1165 1183 7681 7357 1166 1184 7682 7358
8310 5 2 99991 1 1166 1184 7682 7358 1167 1185 7683 7359
8311 5 2 99991 1 1167 1185 7683 7359 1168 1186 7684 7360
8312 5 2 99991 1 1168 1186 7684 7360 1169 1187 7685 7361
8313 5 2 99991 1 1169 1187 7685 7361 1170 1188 7686 7362
8314 5 2 99991 1 1170 1188 7686 7362 1171 1189 7687 7363
8315 5 2 99991 1 1171 1189 7687 7363 1172 1190 7688 7364
8316 5 2 99991 1 1172 1190 7688 7364 1173 1191 7689 7365
8317 5 2 99991 1 1173 1191 7689 7365 1174 1192 7690 7366
8318 5 2 99991 1 1174 1192 7690 7366 1175 1193 7691 7367
8319 5 2 99991 1 1175 1193 7691 7367 1176 1194 7692 7368
8320 5 2 99991 1 1176 1194 7692 7368 1177 1195 7693 7369
8321 5 2 99991 1 1177 1195 7693 7369 1178 1196 7694 7370
8322 5 2 99991 1 1178 1196 7694 7370 115 116 2151 2133
8323 5 2 99991 1 513 531 532 514 7353 7677 7695 7371
8324 5 2 99991 1 7353 7677 7695 7371 7354 7678 7696 7372
8325 5 2 99991 1 7354 7678 7696 7372 7355 7679 7697 7373
8326 5 2 99991 1 7355 7679 7697 7373 7356 7680 7698 7374
8327 5 2 99991 1 7356 7680 7698 7374 7357 7681 7699 7375
8328 5 2 99991 1 7357 7681 7699 7375 7358 7682 7700 7376
8329 5 2 99991 1 7358 7682 7700 7376 7359 7683 7701 7377
8330 5 2 99991 1 7359 7683 7701 7377 7360 7684 7702 7378
8331 5 2 99991 1 7360 7684 7702 7378 7361 7685 7703 7379
8332 5 2 99991 1 7361 7685 7703 7379 7362 7686 7704 7380
8333 5 2 99991 1 7362 7686 7704 7380 7363 7687 7705 7381
8334 5 2 99991 1 7363 7687 7705 7381 7364 7688 7706 7382
8335 5 2 99991 1 7364 7688 7706 7382 7365 7689 7707 7383
8336 5 2 99991 1 7365 7689 7707 7383 7366 7690 7708 7384
8337 5 2 99991 1 7366 7690 7708 7384 7367 7691 7709 7385
8338 5 2 99991 1 7367 7691 7709 7385 7368 7692 7710 7386
8339 5 2 99991 1 7368 7692 7710 7386 7369 7693 7711 7387
8340 5 2 99991 1 7369 7693 7711 7387 7370 7694 7712 7388
8341 5 2 99991 1 7370 7694 7712 7388 2133 2151 2152 2134
8342 5 2 99991 1 514 532 533 515 7371 7695 7713 7389
8343 5 2 99991 1 7371 7695 7713 7389 7372 7696 7714 7390
8344 5 2 99991 1 7372 7696 7714 7390 7373 7697 7715 7391
8345 5 2 99991 1 7373 7697 7715 7391 7374 7698 7716 7392
8346 5 2 99991 1 7374 7698 7716 7392 7375 7699 7717 7393
8347 5 2 99991 1 7375 7699 7717 7393 7376 7700 7718 7394
8348 5 2 99991 1 7376 7700 7718 7394 7377 7701 7719 7395
8349 5 2 99991 1 7377 7701 7719 7395 7378 7702 7720 7396
8350 5 2 99991 1 7378 7702 7720 7396 7379 7703 7721 7397
8351 5 2 99991 1 7379 7703 7721 7397 7380 7704 7722 7398
8352 5 2 99991 1 7380 7704 7722 7398 7381 7705 7723 7399
8353 5 2 99991 1 7381 7705 7723 7399 7382 7706 7724 7400
8354 5 2 99991 1 7382 7706 7724 7400 7383 7707 7725 7401
8355 5 2 99991 1 7383 7707 7725 7401 7384 7708 7726 7402
8356 5 2 99991 1 7384 7708 7726 7402 7385 7709 7727 7403
8357 5 2 99991 1 7385 7709 7727 7403 7386 7710 7728 7404
8358 5 2 99991 1 7386 7710 7728 7404 7387 7711 7729 7405
8359 5 2 99991 1 7387 7711 7729 7405 7388 7712 7730 7406
8360 5 2 99991 1 7388 7712 7730 7406 2134 2152 2153 2135
8361 5 2 99991 1 515 533 534 516 7389 7713 7731 7407
8362 5 2 99991 1 7389 7713 7731 7407 7390 7714 7732 7408
8363 5 2 99991 1 7390 7714 7732 7408 7391 7715 7733 7409
8364 5 2 99991 1 7391 7715 7733 7409 7392 7716 7734 7410
8365 5 2 99991 1 7392 7716 7734 7410 7393 7717 7735 7411
8366 5 2 99991 1 7393 7717 7735 7411 7394 7718 7736 7412
8367 5 2 99991 1 7394 7718 7736 7412 7395 7719 7737 7413
8368 5 2 99991 1 7395 7719 7737 7413 7396 7720 7738 7414
8369 5 2 99991 1 7396 7720 7738 7414 7397 7721 7739 7415
8370 5 2 99991 1 7397 7721 7739 7415 7398 7722 7740 7416
8371 5 2 99991 1 7398 7722 7740 7416 7399 7723 7741 7417
8372 5 2 99991 1 7399 7723 7741 7417 7400 7724 7742 7418
8373 5 2 99991 1 7400 7724 7742 7418 7401 7725 7743 7419
8374 5 2 99991 1 7401 7725 7743 7419 7402 7726 7744 7420
8375 5 2 99991 1 7402 7726 7744 7420 7403 7727 7745 7421
8376 5 2 99991 1 7403 7727 7745 7421 7404 7728 7746 7422
8377 5 2 99991 1 7404 7728 7746 7422 7405 7729 7747 7423
8378 5 2 99991 1 7405 7729 7747 7423 7406 7730 7748 7424
8379 5 2 99991 1 7406 7730 7748 7424 2135 2153 2154 2136
8380 5 2 99991 1 516 534 535 517 7407 7731 7749 7425
8381 5 2 99991 1 7407 7731 7749 7425 7408 7732 7750 7426
8382 5 2 99991 1 7408 7732 7750 7426 7409 7733 7751 7427
8383 5 2 99991 1 7409 7733 7751 7427 7410 7734 7752 7428
8384 5 2 99991 1 7410 7734 7752 7428 7411 7735 7753 7429
8385 5 2 99991 1 7411 7735 7753 7429 7412 7736 7754 7430
8386 5 2 99991 1 7412 7736 7754 7430 7413 7737 7755 7431
8387 5 2 99991 1 7413 7737 7755 7431 7414 7738 7756 7432
8388 5 2 99991 1 7414 7738 7756 7432 7415 7739 7757 7433
8389 5 2 99991 1 7415 7739 7757 7433 7416 7740 7758 7434
8390 5 2 99991 1 7416 7740 7758 7434 7417 7741 7759 7435
8391 5 2 99991 1 7417 7741 7759 7435 7418 7742 7760 7436
8392 5 2 99991 1 7418 7742 7760 7436 7419 7743 7761 7437
8393 5 2 99991 1 7419 7743 7761 7437 7420 7744 7762 7438
8394 5 2 99991 1 7420 7744 7762 7438 7421 7745 7763 7439
8395 5 2 99991 1 7421 7745 7763 7439 7422 7746 7764 7440
8396 5 2 99991 1 7422 7746 7764 7440 7423 7747 7765 7441
8397 5 2 99991 1 7423 7747 7765 7441 7424 7748 7766 7442
8398 5 2 99991 1 7424 7748 7766 7442 2136 2154 2155 2137
8399 5 2 99991 1 517 535 536 518 7425 7749 7767 7443
8400 5 2 99991 1 7425 7749 7767 7443 7426 7750 7768 7444
8401 5 2 99991 1 7426 7750 7768 7444 7427 7751 7769 7445
8402 5 2 99991 1 7427 7751 7769 7445 7428 7752 7770 7446
8403 5 2 99991 1 7428 7752 7770 7446 7429 7753 7771 7447
8404 5 2 99991 1 7429 7753 7771 7447 7430 7754 7772 7448
8405 5 2 99991 1 7430 7754 7772 7448 7431 7755 7773 7449
8406 5 2 99991 1 7431 7755 7773 7449 7432 7756 7774 7450
8407 5 2 99991 1 7432 7756 7774 7450 7433 7757 7775 7451
8408 5 2 99991 1 7433 7757 7775 7451 7434 7758 7776 7452
8409 5 2 99991 1 7434 7758 7776 7452 7435 7759 7777 7453
8410 5 2 99991 1 7435 7759 7777 7453 7436 7760 7778 7454
8411 5 2 99991 1 7436 7760 7778 7454 7437 7761 7779 7455
8412 5 2 99991 1 7437 7761 7779 7455 7438 7762 7780 7456
8413 5 2 99991 1 7438 7762 7780 7456 7439 7763 7781 7457
8414 5 2 99991 1 7439 7763 7781 7457 7440 7764 7782 7458
8415 5 2 99991 1 7440 7764 7782 7458 7441 7765 7783 7459
8416 5 2 99991 1 7441 7765 7783 7459 7442 7766 7784 7460
8417 5 2 99991 1 7442 7766 7784 7460 2137 2155 2156 2138
8418 5 2 99991 1 518 536 537 519 7443 7767 7785 7461
8419 5 2 99991 1 7443 7767 7785 7461 7444 7768 7786 7462
8420 5 2 99991 1 7444 7768 7786 7462 7445 7769 7787 7463
8421 5 2 99991 1 7445 7769 7787 7463 7446 7770 7788 7464
8422 5 2 99991 1 7446 7770 7788 7464 7447 7771 7789 7465
8423 5 2 99991 1 7447 7771 7789 7465 7448 7772 7790 7466
8424 5 2 99991 1 7448 7772 7790 7466 7449 7773 7791 7467
8425 5 2 99991 1 7449 7773 7791 7467 7450 7774 7792 7468
8426 5 2 99991 1 7450 7774 7792 7468 7451 7775 7793 7469
8427 5 2 99991 1 7451 7775 7793 7469 7452 7776 7794 7470
8428 5 2 99991 1 7452 7776 7794 7470 7453 7777 7795 7471
8429 5 2 99991 1 7453 7777 7795 7471 7454 7778 7796 7472
8430 5 2 99991 1 7454 7778 7796 7472 7455 7779 7797 7473
8431 5 2 99991 1 7455 7779 7797 7473 7456 7780 7798 7474
8432 5 2 99991 1 7456 7780 7798 7474 7457 7781 7799 7475
8433 5 2 99991 1 7457 7781 7799 7475 7458 7782 7800 7476
8434 5 2 99991 1 7458 7782 7800 7476 7459 7783 7801 7477
8435 5 2 99991 1 7459 7783 7801 7477 7460 7784 7802 7478
8436 5 2 99991 1 7460 7784 7802 7478 2138 2156 2157 2139
8437 5 2 99991 1 519 537 538 520 7461 7785 7803 7479
8438 5 2 99991 1 7461 7785 7803 7479 7462 7786 7804 7480
8439 5 2 99991 1 7462 7786 7804 7480 7463 7787 7805 7481
8440 5 2 99991 1 7463 7787 7805 7481 7464 7788 7806 7482
8441 5 2 99991 1 7464 7788 7806 7482 7465 7789 7807 7483
8442 5 2 99991 1 7465 7789 7807 7483 7466 7790 7808 7484
8443 5 2 99991 1 7466 7790 7808 7484 7467 7791 7809 7485
8444 5 2 99991 1 7467 7791 7809 7485 7468 7792 7810 7486
8445 5 2 99991 1 7468 7792 7810 7486 7469 7793 7811 7487
8446 5 2 99991 1 7469 7793 7811 7487 7470 7794 7812 7488
8447 5 2 99991 1 7470 7794 7812 7488 7471 7795 7813 7489
8448 5 2 99991 1 7471 7795 7813 7489 7472 7796 7814 7490
8449 5 2 99991 1 7472 7796 7814 7490 7473 7797 7815 7491
8450 5 2 99991 1 7473 7797 7815 7491 7474 7798 7816 7492
8451 5 2 99991 1 7474 7798 7816 7492 7475 7799 7817 7493
8452 5 2 99991 1 7475 7799 7817 7493 7476 7800 7818 7494
8453 5 2 99991 1 7476 7800 7818 7494 7477 7801 7819 7495
8454 5 2 99991 1 7477 7801 7819 7495 7478 7802 7820 7496
8455 5 2 99991 1 7478 7802 7820 7496 2139 2157 2158 2140
8456 5 2 99991 1 520 538 539 521 7479 7803 7821 7497
8457 5 2 99991 1 7479 7803 7821 7497 7480 7804 7822 7498
8458 5 2 99991 1 7480 7804 7822 7498 7481 7805 7823 7499
8459 5 2 99991 1 7481 7805 7823 7499 7482 7806 7824 7500
8460 5 2 99991 1 7482 7806 7824 7500 7483 7807 7825 7501
8461 5 2 99991 1 7483 7807 7825 7501 7484 7808 7826 7502
8462 5 2 99991 1 7484 7808 7826 7502 7485 7809 7827 7503
8463 5 2 99991 1 7485 7809 7827 7503 7486 7810 7828 7504
8464 5 2 99991 1 7486 7810 7828 7504 7487 7811 7829 7505
8465 5 2 99991 1 7487 7811 7829 7505 7488 7812 7830 7506
8466 5 2 99991 1 7488 7812 7830 7506 7489 7813 7831 7507
8467 5 2 99991 1 7489 7813 7831 7507 7490 7814 7832 7508
8468 5 2 99991 1 7490 7814 7832 7508 7491 7815 7833 7509
8469 5 2 99991 1 7491 7815 7833 7509 7492 7816 7834 7510
8470 5 2 99991 1 7492 7816 7834 7510 7493 7817 7835 7511
8471 5 2 99991 1 7493 7817 7835 7511 7494 7818 7836 7512
8472 5 2 99991 1 7494 7818 7836 7512 7495 7819 7837 7513
8473 5 2 99991 1 7495 7819 7837 7513 7496 7820 7838 7514
8474 5 2 99991 1 7496 7820 7838 7514 2140 2158 2159 2141
8475 5 2 99991 1 521 539 540 522 7497 7821 7839 7515
8476 5 2 99991 1 7497 7821 7839 7515 7498 7822 7840 7516
8477 5 2 99991 1 7498 7822 7840 7516 7499 7823 7841 7517
8478 5 2 99991 1 7499 7823 7841 7517 7500 7824 7842 7518
8479 5 2 99991 1 7500 7824 7842 7518 7501 7825 7843 7519
8480 5 2 99991 1 7501 7825 7843 7519 7502 7826 7844 7520
8481 5 2 99991 1 7502 7826 7844 7520 7503 7827 7845 7521
8482 5 2 99991 1 7503 7827 7845 7521 7504 7828 7846 7522
8483 5 2 99991 1 7504 7828 7846 7522 7505 7829 7847 7523
8484 5 2 99991 1 7505 7829 7847 7523 7506 7830 7848 7524
8485 5 2 99991 1 7506 7830 7848 7524 7507 7831 7849 7525
8486 5 2 99991 1 7507 7831 7849 7525 7508 7832 7850 7526
8487 5 2 99991 1 7508 7832 7850 7526 7509 7833 7851 7527
8488 5 2 99991 1 7509 7833 7851 7527 7510 7834 7852 7528
8489 5 2 99991 1 7510 7834 7852 7528 7511 7835 7853 7529
8490 5 2 99991 1 7511 7835 7853 7529 7512 7836 7854 7530
8491 5 2 99991 1 7512 7836 7854 7530 7513 7837 7855 7531
8492 5 2 99991 1 7513 7837 7855 7531 7514 7838 7856 7532
8493 5 2 99991 1 7514 7838 7856 7532 2141 2159 2160 2142
8494 5 2 99991 1 522 540 541 523 7515 7839 7857 7533
8495 5 2 99991 1 7515 7839 7857 7533 7516 7840 7858 7534
8496 5 2 99991 1 7516 7840 7858 7534 7517 7841 7859 7535
8497 5 2 99991 1 7517 7841 7859 7535 7518 7842 7860 7536
8498 5 2 99991 1 7518 7842 7860 7536 7519 7843 7861 7537
8499 5 2 99991 1 7519 7843 7861 7537 7520 7844 7862 7538
8500 5 2 99991 1 7520 7844 7862 7538 7521 7845 7863 7539
8501 5 2 99991 1 7521 7845 7863 7539 7522 7846 7864 7540
8502 5 2 99991 1 7522 7846 7864 7540 7523 7847 7865 7541
8503 5 2 99991 1 7523 7847 7865 7541 7524 7848 7866 7542
8504 5 2 99991 1 7524 7848 7866 7542 7525 7849 7867 7543
8505 5 2 99991 1 7525 7849 7867 7543 7526 7850 7868 7544
8506 5 2 99991 1 7526 7850 7868 7544 7527 7851 7869 7545
8507 5 2 99991 1 7527 7851 7869 7545 7528 7852 7870 7546
8508 5 2 99991 1 7528 7852 7870 7546 7529 7853 7871 7547
8509 5 2 99991 1 7529 7853 7871 7547 7530 7854 7872 7548
8510 5 2 99991 1 7530 7854 7872 7548 7531 7855 7873 7549
8511 5 2 99991 1 7531 7855 7873 7549 7532 7856 7874 7550
8512 5 2 99991 1 7532 7856 7874 7550 2142 2160 2161 2143
8513 5 2 99991 1 523 541 542 524 7533 7857 7875 7551
8514 5 2 99991 1 7533 7857 7875 7551 7534 7858 7876 7552
8515 5 2 99991 1 7534 7858 7876 7552 7535 7859 7877 7553
8516 5 2 99991 1 7535 7859 7877 7553 7536 7860 7878 7554
8517 5 2 99991 1 7536 7860 7878 7554 7537 7861 7879 7555
8518 5 2 99991 1 7537 7861 7879 7555 7538 7862 7880 7556
8519 5 2 99991 1 7538 7862 7880 7556 7539 7863 7881 7557
8520 5 2 99991 1 7539 7863 7881 7557 7540 7864 7882 7558
8521 5 2 99991 1 7540 7864 7882 7558 7541 7865 7883 7559
8522 5 2 99991 1 7541 7865 7883 7559 7542 7866 7884 7560
8523 5 2 99991 1 7542 7866 7884 7560 7543 7867 7885 7561
8524 5 2 99991 1 7543 7867 7885 7561 7544 7868 7886 7562
8525 5 2 99991 1 7544 7868 7886 7562 7545 7869 7887 7563
8526 5 2 99991 1 7545 7869 7887 7563 7546 7870 7888 7564
8527 5 2 99991 1 7546 7870 7888 7564 7547 7871 7889 7565
8528 5 2 99991 1 7547 7871 7889 7565 7548 7872 7890 7566
8529 5 2 99991 1 7548 7872 7890 7566 7549 7873 7891 7567
8530 5 2 99991 1 7549 7873 7891 7567 7550 7874 7892 7568
8531 5 2 99991 1 7550 7874 7892 7568 2143 2161 2162 2144
8532 5 2 99991 1 524 542 543 525 7551 7875 7893 7569
8533 5 2 99991 1 7551 7875 7893 7569 7552 7876 7894 7570
8534 5 2 99991 1 7552 7876 7894 7570 7553 7877 7895 7571
8535 5 2 99991 1 7553 7877 7895 7571 7554 7878 7896 7572
8536 5 2 99991 1 7554 7878 7896 7572 7555 7879 7897 7573
8537 5 2 99991 1 7555 7879 7897 7573 7556 7880 7898 7574
8538 5 2 99991 1 7556 7880 7898 7574 7557 7881 7899 7575
8539 5 2 99991 1 7557 7881 7899 7575 7558 7882 7900 7576
8540 5 2 99991 1 7558 7882 7900 7576 7559 7883 7901 7577
8541 5 2 99991 1 7559 7883 7901 7577 7560 7884 7902 7578
8542 5 2 99991 1 7560 7884 7902 7578 7561 7885 7903 7579
8543 5 2 99991 1 7561 7885 7903 7579 7562 7886 7904 7580
8544 5 2 99991 1 7562 7886 7904 7580 7563 7887 7905 7581
8545 5 2 99991 1 7563 7887 7905 7581 7564 7888 7906 7582
8546 5 2 99991 1 7564 7888 7906 7582 7565 7889 7907 7583
8547 5 2 99991 1 7565 7889 7907 7583 7566 7890 7908 7584
8548 5 2 99991 1 7566 7890 7908 7584 7567 7891 7909 7585
8549 5 2 99991 1 7567 7891 7909 7585 7568 7892 7910 7586
8550 5 2 99991 1 7568 7892 7910 7586 2144 2162 2163 2145
8551 5 2 99991 1 525 543 544 526 7569 7893 7911 7587
8552 5 2 99991 1 7569 7893 7911 7587 7570 7894 7912 7588
8553 5 2 99991 1 7570 7894 7912 7588 7571 7895 7913 7589
8554 5 2 99991 1 7571 7895 7913 7589 7572 7896 7914 7590
8555 5 2 99991 1 7572 7896 7914 7590 7573 7897 7915 7591
8556 5 2 99991 1 7573 7897 7915 7591 7574 7898 7916 7592
8557 5 2 99991 1 7574 7898 7916 7592 7575 7899 7917 7593
8558 5 2 99991 1 7575 7899 7917 7593 7576 7900 7918 7594
8559 5 2 99991 1 7576 7900 7918 7594 7577 7901 7919 7595
8560 5 2 99991 1 7577 7901 7919 7595 7578 7902 7920 7596
8561 5 2 99991 1 7578 7902 7920 7596 7579 7903 7921 7597
8562 5 2 99991 1 7579 7903 7921 7597 7580 7904 7922 7598
8563 5 2 99991 1 7580 7904 7922 7598 7581 7905 7923 7599
8564 5 2 99991 1 7581 7905 7923 7599 7582 7906 7924 7600
8565 5 2 99991 1 7582 7906 7924 7600 7583 7907 7925 7601
8566 5 2 99991 1 7583 7907 7925 7601 7584 7908 7926 7602
8567 5 2 99991 1 7584 7908 7926 7602 7585 7909 7927 7603
8568 5 2 99991 1 7585 7909 7927 7603 7586 7910 7928 7604
8569 5 2 99991 1 7586 7910 7928 7604 2145 2163 2164 2146
8570 5 2 99991 1 526 544 545 527 7587 7911 7929 7605
8571 5 2 99991 1 7587 7911 7929 7605 7588 7912 7930 7606
8572 5 2 99991 1 7588 7912 7930 7606 7589 7913 7931 7607
8573 5 2 99991 1 7589 7913 7931 7607 7590 7914 7932 7608
8574 5 2 99991 1 7590 7914 7932 7608 7591 7915 7933 7609
8575 5 2 99991 1 7591 7915 7933 7609 7592 7916 7934 7610
8576 5 2 99991 1 7592 7916 7934 7610 7593 7917 7935 7611
8577 5 2 99991 1 7593 7917 7935 7611 7594 7918 7936 7612
8578 5 2 99991 1 7594 7918 7936 7612 7595 7919 7937 7613
8579 5 2 99991 1 7595 7919 7937 7613 7596 7920 7938 7614
8580 5 2 99991 1 7596 7920 7938 7614 7597 7921 7939 7615
8581 5 2 99991 1 7597 7921 7939 7615 7598 7922 7940 7616
8582 5 2 99991 1 7598 7922 7940 7616 7599 7923 7941 7617
8583 5 2 99991 1 7599 7923 7941 7617 7600 7924 7942 7618
8584 5 2 99991 1 7600 7924 7942 7618 7601 7925 7943 7619
8585 5 2 99991 1 7601 7925 7943 7619 7602 7926 7944 7620
8586 5 2 99991 1 7602 7926 7944 7620 7603 7927 7945 7621
8587 5 2 99991 1 7603 7927 7945 7621 7604 7928 7946 7622
8588 5 2 99991 1 7604 7928 7946 7622 2146 2164 2165 2147
8589 5 2 99991 1 527 545 546 528 7605 7929 7947 7623
8590 5 2 99991 1 7605 7929 7947 7623 7606 7930 7948 7624
8591 5 2 99991 1 7606 7930 7948 7624 7607 7931 7949 7625
8592 5 2 99991 1 7607 7931 7949 7625 7608 7932 7950 7626
8593 5 2 99991 1 7608 7932 7950 7626 7609 7933 7951 7627
8594 5 2 99991 1 7609 7933 7951 7627 7610 7934 7952 7628
8595 5 2 99991 1 7610 7934 7952 7628 7611 7935 7953 7629
8596 5 2 99991 1 7611 7935 7953 7629 7612 7936 7954 7630
8597 5 2 99991 1 7612 7936 7954 7630 7613 7937 7955 7631
8598 5 2 99991 1 7613 7937 7955 7631 7614 7938 7956 7632
8599 5 2 99991 1 7614 7938 7956 7632 7615 7939 7957 7633
8600 5 2 99991 1 7615 7939 7957 7633 7616 7940 7958 7634
8601 5 2 99991 1 7616 7940 7958 7634 7617 7941 7959 7635
8602 5 2 99991 1 7617 7941 7959 7635 7618 7942 7960 7636
8603 5 2 99991 1 7618 7942 7960 7636 7619 7943 7961 7637
8604 5 2 99991 1 7619 7943 7961 7637 7620 7944 7962 7638
8605 5 2 99991 1 7620 7944 7962 7638 7621 7945 7963 7639
8606 5 2 99991 1 7621 7945 7963 7639 7622 7946 7964 7640
8607 5 2 99991 1 7622 7946 7964 7640 2147 2165 2166 2148
8608 5 2 99991 1 528 546 547 529 7623 7947 7965 7641
8609 5 2 99991 1 7623 7947 7965 7641 7624 7948 7966 7642
8610 5 2 99991 1 7624 7948 7966 7642 7625 7949 7967 7643
8611 5 2 99991 1 7625 7949 7967 7643 7626 7950 7968 7644
8612 5 2 99991 1 7626 7950 7968 7644 7627 7951 7969 7645
8613 5 2 99991 1 7627 7951 7969 7645 7628 7952 7970 7646
8614 5 2 99991 1 7628 7952 7970 7646 7629 7953 7971 7647
8615 5 2 99991 1 7629 7953 7971 7647 7630 7954 7972 7648
8616 5 2 99991 1 7630 7954 7972 7648 7631 7955 7973 7649
8617 5 2 99991 1 7631 7955 7973 7649 7632 7956 7974 7650
8618 5 2 99991 1 7632 7956 7974 7650 7633 7957 7975 7651
8619 5 2 99991 1 7633 7957 7975 7651 7634 7958 7976 7652
8620 5 2 99991 1 7634 7958 7976 7652 7635 7959 7977 7653
8621 5 2 99991 1 7635 7959 7977 7653 7636 7960 7978 7654
8622 5 2 99991 1 7636 7960 7978 7654 7637 7961 7979 7655
8623 5 2 99991 1 7637 7961 7979 7655 7638 7962 7980 7656
8624 5 2 99991 1 7638 7962 7980 7656 7639 7963 7981 7657
8625 5 2 99991 1 7639 7963 7981 7657 7640 7964 7982 7658
8626 5 2 99991 1 7640 7964 7982 7658 2148 2166 2167 2149
8627 5 2 99991 1 529 547 548 530 7641 7965 7983 7659
8628 5 2 99991 1 7641 7965 7983 7659 7642 7966 7984 7660
8629 5 2 99991 1 7642 7966 7984 7660 7643 7967 7985 7661
8630 5 2 99991 1 7643 7967 7985 7661 7644 7968 7986 7662
8631 5 2 99991 1 7644 7968 7986 7662 7645 7969 7987 7663
8632 5 2 99991 1 7645 7969 7987 7663 7646 7970 7988 7664
8633 5 2 99991 1 7646 7970 7988 7664 7647 7971 7989 7665
8634 5 2 99991 1 7647 7971 7989 7665 7648 7972 7990 7666
8635 5 2 99991 1 7648 7972 7990 7666 7649 7973 7991 7667
8636 5 2 99991 1 7649 7973 7991 7667 7650 7974 7992 7668
8637 5 2 99991 1 7650 7974 7992 7668 7651 7975 7993 7669
8638 5 2 99991 1 7651 7975 7993 7669 7652 7976 7994 7670
8639 5 2 99991 1 7652 7976 7994 7670 7653 7977 7995 7671
8640 5 2 99991 1 7653 7977 7995 7671 7654 7978 7996 7672
8641 5 2 99991 1 7654 7978 7996 7672 7655 7979 7997 7673
8642 5 2 99991 1 7655 7979 7997 7673 7656 7980 7998 7674
8643 5 2 99991 1 7656 7980 7998 7674 7657 7981 7999 7675
8644 5 2 99991 1 7657 7981 7999 7675 7658 7982 8000 7676
8645 5 2 99991 1 7658 7982 8000 7676 2149 2167 2168 2150
8646 5 2 99991 1 530 548 45 46 7659 7983 1521 1539
8647 5 2 99991 1 7659 7983 1521 1539 7660 7984 1522 1540
8648 5 2 99991 1 7660 7984 1522 1540 7661 7985 1523 1541
8649 5 2 99991 1 7661 7985 1523 1541 7662 7986 1524 1542
8650 5 2 99991 1 7662 7986 1524 1542 7663 7987 1525 1543
8651 5 2 99991 1 7663 7987 1525 1543 7664 7988 1526 1544
8652 5 2 99991 1 7664 7988 1526 1544 7665 7989 1527 1545
8653 5 2 99991 1 7665 7989 1527 1545 7666 7990 1528 1546
8654 5 2 99991 1 7666 7990 1528 1546 7667 7991 1529 1547
8655 5 2 99991 1 7667 7991 1529 1547 7668 7992 1530 1548
8656 5 2 99991 1 7668 7992 1530 1548 7669 7993 1531 1549
8657 5 2 99991 1 7669 7993 1531 1549 7670 7994 1532 1550
8658 5 2 99991 1 7670 7994 1532 1550 7671 7995 1533 1551
8659 5 2 99991 1 7671 7995 1533 1551 7672 7996 1534 1552
8660 5 2 99991 1 7672 7996 1534 1552 7673 7997 1535 1553
8661 5 2 99991 1 7673 7997 1535 1553 7674 7998 1536 1554
8662 5 2 99991 1 7674 7998 1536 1554 7675 7999 1537 1555
8663 5 2 99991 1 7675 7999 1537 1555 7676 8000 1538 1556
8664 5 2 99991 1 7676 8000 1538 1556 2150 2168 135 136
8665 5 2 99991 1 26 2 44 531 1179 189 1503 7677
8666 5 2 99991 1 1179 189 1503 7677 1180 190 1504 7678
8667 5 2 99991 1 1180 190 1504 7678 1181 191 1505 7679
8668 5 2 99991 1 1181 191 1505 7679 1182 192 1506 7680
8669 5 2 99991 1 1182 192 1506 7680 1183 193 1507 7681
8670 5 2 99991 1 1183 193 1507 7681 1184 194 1508 7682
8671 5 2 99991 1 1184 194 1508 7682 1185 195 1509 7683
8672 5 2 99991 1 1185 195 1509 7683 1186 196 1510 7684
8673 5 2 99991 1 1186 196 1510 7684 1187 197 1511 7685
8674 5 2 99991 1 1187 197 1511 7685 1188 198 1512 7686
8675 5 2 99991 1 1188 198 1512 7686 1189 199 1513 7687
8676 5 2 99991 1 1189 199 1513 7687 1190 200 1514 7688
8677 5 2 99991 1 1190 200 1514 7688 1191 201 1515 7689
8678 5 2 99991 1 1191 201 1515 7689 1192 202 1516 7690
8679 5 2 99991 1 1192 202 1516 7690 1193 203 1517 7691
8680 5 2 99991 1 1193 203 1517 7691 1194 204 1518 7692
8681 5 2 99991 1 1194 204 1518 7692 1195 205 1519 7693
8682 5 2 99991 1 1195 205 1519 7693 1196 206 1520 7694
8683 5 2 99991 1 1196 206 1520 7694 116 7 117 2151
8684 5 2 99991 1 531 44 43 532 7677 1503 1485 7695
8685 5 2 99991 1 7677 1503 1485 7695 7678 1504 1486 7696
8686 5 2 99991 1 7678 1504 1486 7696 7679 1505 1487 7697
8687 5 2 99991 1 7679 1505 1487 7697 7680 1506 1488 7698
8688 5 2 99991 1 7680 1506 1488 7698 7681 1507 1489 7699
8689 5 2 99991 1 7681 1507 1489 7699 7682 1508 1490 7700
8690 5 2 99991 1 7682 1508 1490 7700 7683 1509 1491 7701
8691 5 2 99991 1 7683 1509 1491 7701 7684 1510 1492 7702
8692 5 2 99991 1 7684 1510 1492 7702 7685 1511 1493 7703
8693 5 2 99991 1 7685 1511 1493 7703 7686 1512 1494 7704
8694 5 2 99991 1 7686 1512 1494 7704 7687 1513 1495 7705
8695 5 2 99991 1 7687 1513 1495 7705 7688 1514 1496 7706
8696 5 2 99991 1 7688 1514 1496 7706 7689 1515 1497 7707
8697 5 2 99991 1 7689 1515 1497 7707 7690 1516 1498 7708
8698 5 2 99991 1 7690 1516 1498 7708 7691 1517 1499 7709
8699 5 2 99991 1 7691 1517 1499 7709 7692 1518 1500 7710
8700 5 2 99991 1 7692 1518 1500 7710 7693 1519 1501 7711
8701 5 2 99991 1 7693 1519 1501 7711 7694 1520 1502 7712
8702 5 2 99991 1 7694 1520 1502 7712 2151 117 118 2152
8703 5 2 99991 1 532 43 42 533 7695 1485 1467 7713
8704 5 2 99991 1 7695 1485 1467 7713 7696 1486 1468 7714
8705 5 2 99991 1 7696 1486 1468 7714 7697 1487 1469 7715
8706 5 2 99991 1 7697 1487 1469 7715 7698 1488 1470 7716
8707 5 2 99991 1 7698 1488 1470 7716 7699 1489 1471 7717
8708 5 2 99991 1 7699 1489 1471 7717 7700 1490 1472 7718
8709 5 2 99991 1 7700 1490 1472 7718 7701 1491 1473 7719
8710 5 2 99991 1 7701 1491 1473 7719 7702 1492 1474 7720
8711 5 2 99991 1 7702 1492 1474 7720 7703 1493 1475 7721
8712 5 2 99991 1 7703 1493 1475 7721 7704 1494 1476 7722
8713 5 2 99991 1 7704 1494 1476 7722 7705 1495 1477 7723
8714 5 2 99991 1 7705 1495 1477 7723 7706 1496 1478 7724
8715 5 2 99991 1 7706 1496 1478 7724 7707 1497 1479 7725
8716 5 2 99991 1 7707 1497 1479 7725 7708 1498 1480 7726
8717 5 2 99991 1 7708 1498 1480 7726 7709 1499 1481 7727
8718 5 2 99991 1 7709 1499 1481 7727 7710 1500 1482 7728
8719 5 2 99991 1 7710 1500 1482 7728 7711 1501 1483 7729
8720 5 2 99991 1 7711 1501 1483 7729 7712 1502 1484 7730
8721 5 2 99991 1 7712 1502 1484 7730 2152 118 119 2153
8722 5 2 99991 1 533 42 41 534 7713 1467 1449 7731
8723 5 2 99991 1 7713 1467 1449 7731 7714 1468 1450 7732
8724 5 2 99991 1 7714 1468 1450 7732 7715 1469 1451 7733
8725 5 2 99991 1 7715 1469 1451 7733 7716 1470 1452 7734
8726 5 2 99991 1 7716 1470 1452 7734 7717 1471 1453 7735
8727 5 2 99991 1 7717 1471 1453 7735 7718 1472 1454 7736
8728 5 2 99991 1 7718 1472 1454 7736 7719 1473 1455 7737
8729 5 2 99991 1 7719 1473 1455 7737 7720 1474 1456 7738
8730 5 2 99991 1 7720 1474 1456 7738 7721 1475 1457 7739
8731 5 2 99991 1 7721 1475 1457 7739 7722 1476 1458 7740
8732 5 2 99991 1 7722 1476 1458 7740 7723 1477 1459 7741
8733 5 2 99991 1 7723 1477 1459 7741 7724 1478 1460 7742
8734 5 2 99991 1 7724 1478 1460 7742 7725 1479 1461 7743
8735 5 2 99991 1 7725 1479 1461 7743 7726 1480 1462 7744
8736 5 2 99991 1 7726 1480 1462 7744 7727 1481 1463 7745
8737 5 2 99991 1 7727 1481 1463 7745 7728 1482 1464 7746
8738 5 2 99991 1 7728 1482 1464 7746 7729 1483 1465 7747
8739 5 2 99991 1 7729 1483 1465 7747 7730 1484 1466 7748
8740 5 2 99991 1 7730 1484 1466 7748 2153 119 120 2154
8741 5 2 99991 1 534 41 40 535 7731 1449 1431 7749
8742 5 2 99991 1 7731 1449 1431 7749 7732 1450 1432 7750
8743 5 2 99991 1 7732 1450 1432 7750 7733 1451 1433 7751
8744 5 2 99991 1 7733 1451 1433 7751 7734 1452 1434 7752
8745 5 2 99991 1 7734 1452 1434 7752 7735 1453 1435 7753
8746 5 2 99991 1 7735 1453 1435 7753 7736 1454 1436 7754
8747 5 2 99991 1 7736 1454 1436 7754 7737 1455 1437 7755
8748 5 2 99991 1 7737 1455 1437 7755 7738 1456 1438 7756
8749 5 2 99991 1 7738 1456 1438 7756 7739 1457 1439 7757
8750 5 2 99991 1 7739 1457 1439 7757 7740 1458 1440 7758
8751 5 2 99991 1 7740 1458 1440 7758 7741 1459 1441 7759
8752 5 2 99991 1 7741 1459 1441 7759 7742 1460 1442 7760
8753 5 2 99991 1 7742 1460 1442 7760 7743 1461 1443 7761
8754 5 2 99991 1 7743 1461 1443 7761 7744 1462 1444 7762
8755 5 2 99991 1 7744 1462 1444 7762 7745 1463 1445 7763
8756 5 2 99991 1 7745 1463 1445 7763 7746 1464 1446 7764
8757 5 2 99991 1 7746 1464 1446 7764 7747 1465 1447 7765
8758 5 2 99991 1 7747 1465 1447 7765 7748 1466 1448 7766
8759 5 2 99991 1 7748 1466 1448 7766 2154 120 121 2155
8760 5 2 99991 1 535 40 39 536 7749 1431 1413 7767
8761 5 2 99991 1 7749 1431 1413 7767 7750 1432 1414 7768
8762 5 2 99991 1 7750 1432 1414 7768 7751 1433 1415 7769
8763 5 2 99991 1 7751 1433 1415 7769 7752 1434 1416 7770
8764 5 2 99991 1 7752 1434 1416 7770 7753 1435 1417 7771
8765 5 2 99991 1 7753 1435 1417 7771 7754 1436 1418 7772
8766 5 2 99991 1 7754 1436 1418 7772 7755 1437 1419 7773
8767 5 2 99991 1 7755 1437 1419 7773 7756 1438 1420 7774
8768 5 2 99991 1 7756 1438 1420 7774 7757 1439 1421 7775
8769 5 2 99991 1 7757 1439 1421 7775 7758 1440 1422 7776
8770 5 2 99991 1 7758 1440 1422 7776 7759 1441 1423 7777
8771 5 2 99991 1 7759 1441 1423 7777 7760 1442 1424 7778
8772 5 2 99991 1 7760 1442 1424 7778 7761 1443 1425 7779
8773 5 2 99991 1 7761 1443 1425 7779 7762 1444 1426 7780
8774 5 2 99991 1 7762 1444 1426 7780 7763 1445 1427 7781
8775 5 2 99991 1 7763 1445 1427 7781 7764 1446 1428 7782
8776 5 2 99991 1 7764 1446 1428 7782 7765 1447 1429 7783
8777 5 2 99991 1 7765 1447 1429 7783 7766 1448 1430 7784
8778 5 2 99991 1 7766 1448 1430 7784 2155 121 122 2156
8779 5 2 99991 1 536 39 38 537 7767 1413 1395 7785
8780 5 2 99991 1 7767 1413 1395 7785 7768 1414 1396 7786
8781 5 2 99991 1 7768 1414 1396 7786 7769 1415 1397 7787
8782 5 2 99991 1 7769 1415 1397 7787 7770 1416 1398 7788
8783 5 2 99991 1 7770 1416 1398 7788 7771 1417 1399 7789
8784 5 2 99991 1 7771 1417 1399 7789 7772 1418 1400 7790
8785 5 2 99991 1 7772 1418 1400 7790 7773 1419 1401 7791
8786 5 2 99991 1 7773 1419 1401 7791 7774 1420 1402 7792
8787 5 2 99991 1 7774 1420 1402 7792 7775 1421 1403 7793
8788 5 2 99991 1 7775 1421 1403 7793 7776 1422 1404 7794
8789 5 2 99991 1 7776 1422 1404 7794 7777 1423 1405 7795
8790 5 2 99991 1 7777 1423 1405 7795 7778 1424 1406 7796
8791 5 2 99991 1 7778 1424 1406 7796 7779 1425 1407 7797
8792 5 2 99991 1 7779 1425 1407 7797 7780 1426 1408 7798
8793 5 2 99991 1 7780 1426 1408 7798 7781 1427 1409 7799
8794 5 2 99991 1 7781 1427 1409 7799 7782 1428 1410 7800
8795 5 2 99991 1 7782 1428 1410 7800 7783 1429 1411 7801
8796 5 2 99991 1 7783 1429 1411 7801 7784 1430 1412 7802
8797 5 2 99991 1 7784 1430 1412 7802 2156 122 123 2157
8798 5 2 99991 1 537 38 37 538 7785 1395 1377 7803
8799 5 2 99991 1 7785 1395 1377 7803 7786 1396 1378 7804
8800 5 2 99991 1 7786 1396 1378 7804 7787 1397 1379 7805
8801 5 2 99991 1 7787 1397 1379 7805 7788 1398 1380 7806
8802 5 2 99991 1 7788 1398 1380 7806 7789 1399 1381 7807
8803 5 2 99991 1 7789 1399 1381 7807 7790 1400 1382 7808
8804 5 2 99991 1 7790 1400 1382 7808 7791 1401 1383 7809
8805 5 2 99991 1 7791 1401 1383 7809 7792 1402 1384 7810
8806 5 2 99991 1 7792 1402 1384 7810 7793 1403 1385 7811
8807 5 2 99991 1 7793 1403 1385 7811 7794 1404 1386 7812
8808 5 2 99991 1 7794 1404 1386 7812 7795 1405 1387 7813
8809 5 2 99991 1 7795 1405 1387 7813 7796 1406 1388 7814
8810 5 2 99991 1 7796 1406 1388 7814 7797 1407 1389 7815
8811 5 2 99991 1 7797 1407 1389 7815 7798 1408 1390 7816
8812 5 2 99991 1 7798 1408 1390 7816 7799 1409 1391 7817
8813 5 2 99991 1 7799 1409 1391 7817 7800 1410 1392 7818
8814 5 2 99991 1 7800 1410 1392 7818 7801 1411 1393 7819
8815 5 2 99991 1 7801 1411 1393 7819 7802 1412 1394 7820
8816 5 2 99991 1 7802 1412 1394 7820 2157 123 124 2158
8817 5 2 99991 1 538 37 36 539 7803 1377 1359 7821
8818 5 2 99991 1 7803 1377 1359 7821 7804 1378 1360 7822
8819 5 2 99991 1 7804 1378 1360 7822 7805 1379 1361 7823
8820 5 2 99991 1 7805 1379 1361 7823 7806 1380 1362 7824
8821 5 2 99991 1 7806 1380 1362 7824 7807 1381 1363 7825
8822 5 2 99991 1 7807 1381 1363 7825 7808 1382 1364 7826
8823 5 2 99991 1 7808 1382 1364 7826 7809 1383 1365 7827
8824 5 2 99991 1 7809 1383 1365 7827 7810 1384 1366 7828
8825 5 2 99991 1 7810 1384 1366 7828 7811 1385 1367 7829
8826 5 2 99991 1 7811 1385 1367 7829 7812 1386 1368 7830
8827 5 2 99991 1 7812 1386 1368 7830 7813 1387 1369 7831
8828 5 2 99991 1 7813 1387 1369 7831 7814 1388 1370 7832
8829 5 2 99991 1 7814 1388 1370 7832 7815 1389 1371 7833
8830 5 2 99991 1 7815 1389 1371 7833 7816 1390 1372 7834
8831 5 2 99991 1 7816 1390 1372 7834 7817 1391 1373 7835
8832 5 2 99991 1 7817 1391 1373 7835 7818 1392 1374 7836
8833 5 2 99991 1 7818 1392 1374 7836 7819 1393 1375 7837
8834 5 2 99991 1 7819 1393 1375 7837 7820 1394 1376 7838
8835 5 2 99991 1 7820 1394 1376 7838 2158 124 125 2159
8836 5 2 99991 1 539 36 35 540 7821 1359 1341 7839
8837 5 2 99991 1 7821 1359 1341 7839 7822 1360 1342 7840
8838 5 2 99991 1 7822 1360 1342 7840 7823 1361 1343 7841
8839 5 2 99991 1 7823 1361 1343 7841 7824 1362 1344 7842
8840 5 2 99991 1 7824 1362 1344 7842 7825 1363 1345 7843
8841 5 2 99991 1 7825 1363 1345 7843 7826 1364 1346 7844
8842 5 2 99991 1 7826 1364 1346 7844 7827 1365 1347 7845
8843 5 2 99991 1 7827 1365 1347 7845 7828 1366 1348 7846
8844 5 2 99991 1 7828 1366 1348 7846 7829 1367 1349 7847
8845 5 2 99991 1 7829 1367 1349 7847 7830 1368 1350 7848
8846 5 2 99991 1 7830 1368 1350 7848 7831 1369 1351 7849
8847 5 2 99991 1 7831 1369 1351 7849 7832 1370 1352 7850
8848 5 2 99991 1 7832 1370 1352 7850 7833 1371 1353 7851
8849 5 2 99991 1 7833 1371 1353 7851 7834 1372 1354 7852
8850 5 2 99991 1 7834 1372 1354 7852 7835 1373 1355 7853
8851 5 2 99991 1 7835 1373 1355 7853 7836 1374 1356 7854
8852 5 2 99991 1 7836 1374 1356 7854 7837 1375 1357 7855
8853 5 2 99991 1 7837 1375 1357 7855 7838 1376 1358 7856
8854 5 2 99991 1 7838 1376 1358 7856 2159 125 126 2160
8855 5 2 99991 1 540 35 34 541 7839 1341 1323 7857
8856 5 2 99991 1 7839 1341 1323 7857 7840 1342 1324 7858
8857 5 2 99991 1 7840 1342 1324 7858 7841 1343 1325 7859
8858 5 2 99991 1 7841 1343 1325 7859 7842 1344 1326 7860
8859 5 2 99991 1 7842 1344 1326 7860 7843 1345 1327 7861
8860 5 2 99991 1 7843 1345 1327 7861 7844 1346 1328 7862
8861 5 2 99991 1 7844 1346 1328 7862 7845 1347 1329 7863
8862 5 2 99991 1 7845 1347 1329 7863 7846 1348 1330 7864
8863 5 2 99991 1 7846 1348 1330 7864 7847 1349 1331 7865
8864 5 2 99991 1 7847 1349 1331 7865 7848 1350 1332 7866
8865 5 2 99991 1 7848 1350 1332 7866 7849 1351 1333 7867
8866 5 2 99991 1 7849 1351 1333 7867 7850 1352 1334 7868
8867 5 2 99991 1 7850 1352 1334 7868 7851 1353 1335 7869
8868 5 2 99991 1 7851 1353 1335 7869 7852 1354 1336 7870
8869 5 2 99991 1 7852 1354 1336 7870 7853 1355 1337 7871
8870 5 2 99991 1 7853 1355 1337 7871 7854 1356 1338 7872
8871 5 2 99991 1 7854 1356 1338 7872 7855 1357 1339 7873
8872 5 2 99991 1 7855 1357 1339 7873 7856 1358 1340 7874
8873 5 2 99991 1 7856 1358 1340 7874 2160 126 127 2161
8874 5 2 99991 1 541 34 33 542 7857 1323 1305 7875
8875 5 2 99991 1 7857 1323 1305 7875 7858 1324 1306 7876
8876 5 2 99991 1 7858 1324 1306 7876 7859 1325 1307 7877
8877 5 2 99991 1 7859 1325 1307 7877 7860 1326 1308 7878
8878 5 2 99991 1 7860 1326 1308 7878 7861 1327 1309 7879
8879 5 2 99991 1 7861 1327 1309 7879 7862 1328 1310 7880
8880 5 2 99991 1 7862 1328 1310 7880 7863 1329 1311 7881
8881 5 2 99991 1 7863 1329 1311 7881 7864 1330 1312 7882
8882 5 2 99991 1 7864 1330 1312 7882 7865 1331 1313 7883
8883 5 2 99991 1 7865 1331 1313 7883 7866 1332 1314 7884
8884 5 2 99991 1 7866 1332 1314 7884 7867 1333 1315 7885
8885 5 2 99991 1 7867 1333 1315 7885 7868 1334 1316 7886
8886 5 2 99991 1 7868 1334 1316 7886 7869 1335 1317 7887
8887 5 2 99991 1 7869 1335 1317 7887 7870 1336 1318 7888
8888 5 2 99991 1 7870 1336 1318 7888 7871 1337 1319 7889
8889 5 2 99991 1 7871 1337 1319 7889 7872 1338 1320 7890
8890 5 2 99991 1 7872 1338 1320 7890 7873 1339 1321 7891
8891 5 2 99991 1 7873 1339 1321 7891 7874 1340 1322 7892
8892 5 2 99991 1 7874 1340 1322 7892 2161 127 128 2162
8893 5 2 99991 1 542 33 32 543 7875 1305 1287 7893
8894 5 2 99991 1 7875 1305 1287 7893 7876 1306 1288 7894
8895 5 2 99991 1 7876 1306 1288 7894 7877 1307 1289 7895
8896 5 2 99991 1 7877 1307 1289 7895 7878 1308 1290 7896
8897 5 2 99991 1 7878 1308 1290 7896 7879 1309 1291 7897
8898 5 2 99991 1 7879 1309 1291 7897 7880 1310 1292 7898
8899 5 2 99991 1 7880 1310 1292 7898 7881 1311 1293 7899
8900 5 2 99991 1 7881 1311 1293 7899 7882 1312 1294 7900
8901 5 2 99991 1 7882 1312 1294 7900 7883 1313 1295 7901
8902 5 2 99991 1 7883 1313 1295 7901 7884 1314 1296 7902
8903 5 2 99991 1 7884 1314 1296 7902 7885 1315 1297 7903
8904 5 2 99991 1 7885 1315 1297 7903 7886 1316 1298 7904
8905 5 2 99991 1 7886 1316 1298 7904 7887 1317 1299 7905
8906 5 2 99991 1 7887 1317 1299 7905 7888 1318 1300 7906
8907 5 2 99991 1 7888 1318 1300 7906 7889 1319 1301 7907
8908 5 2 99991 1 7889 1319 1301 7907 7890 1320 1302 7908
8909 5 2 99991 1 7890 1320 1302 7908 7891 1321 1303 7909
8910 5 2 99991 1 7891 1321 1303 7909 7892 1322 1304 7910
8911 5 2 99991 1 7892 1322 1304 7910 2162 128 129 2163
8912 5 2 99991 1 543 32 31 544 7893 1287 1269 7911
8913 5 2 99991 1 7893 1287 1269 7911 7894 1288 1270 7912
8914 5 2 99991 1 7894 1288 1270 7912 7895 1289 1271 7913
8915 5 2 99991 1 7895 1289 1271 7913 7896 1290 1272 7914
8916 5 2 99991 1 7896 1290 1272 7914 7897 1291 1273 7915
8917 5 2 99991 1 7897 1291 1273 7915 7898 1292 1274 7916
8918 5 2 99991 1 7898 1292 1274 7916 7899 1293 1275 7917
8919 5 2 99991 1 7899 1293 1275 7917 7900 1294 1276 7918
8920 5 2 99991 1 7900 1294 1276 7918 7901 1295 1277 7919
8921 5 2 99991 1 7901 1295 1277 7919 7902 1296 1278 7920
8922 5 2 99991 1 7902 1296 1278 7920 7903 1297 1279 7921
8923 5 2 99991 1 7903 1297 1279 7921 7904 1298 1280 7922
8924 5 2 99991 1 7904 1298 1280 7922 7905 1299 1281 7923
8925 5 2 99991 1 7905 1299 1281 7923 7906 1300 1282 7924
8926 5 2 99991 1 7906 1300 1282 7924 7907 1301 1283 7925
8927 5 2 99991 1 7907 1301 1283 7925 7908 1302 1284 7926
8928 5 2 99991 1 7908 1302 1284 7926 7909 1303 1285 7927
8929 5 2 99991 1 7909 1303 1285 7927 7910 1304 1286 7928
8930 5 2 99991 1 7910 1304 1286 7928 2163 129 130 2164
8931 5 2 99991 1 544 31 30 545 7911 1269 1251 7929
8932 5 2 99991 1 7911 1269 1251 7929 7912 1270 1252 7930
8933 5 2 99991 1 7912 1270 1252 7930 7913 1271 1253 7931
8934 5 2 99991 1 7913 1271 1253 7931 7914 1272 1254 7932
8935 5 2 99991 1 7914 1272 1254 7932 7915 1273 1255 7933
8936 5 2 99991 1 7915 1273 1255 7933 7916 1274 1256 7934
8937 5 2 99991 1 7916 1274 1256 7934 7917 1275 1257 7935
8938 5 2 99991 1 7917 1275 1257 7935 7918 1276 1258 7936
8939 5 2 99991 1 7918 1276 1258 7936 7919 1277 1259 7937
8940 5 2 99991 1 7919 1277 1259 7937 7920 1278 1260 7938
8941 5 2 99991 1 7920 1278 1260 7938 7921 1279 1261 7939
8942 5 2 99991 1 7921 1279 1261 7939 7922 1280 1262 7940
8943 5 2 99991 1 7922 1280 1262 7940 7923 1281 1263 7941
8944 5 2 99991 1 7923 1281 1263 7941 7924 1282 1264 7942
8945 5 2 99991 1 7924 1282 1264 7942 7925 1283 1265 7943
8946 5 2 99991 1 7925 1283 1265 7943 7926 1284 1266 7944
8947 5 2 99991 1 7926 1284 1266 7944 7927 1285 1267 7945
8948 5 2 99991 1 7927 1285 1267 7945 7928 1286 1268 7946
8949 5 2 99991 1 7928 1286 1268 7946 2164 130 131 2165
8950 5 2 99991 1 545 30 29 546 7929 1251 1233 7947
8951 5 2 99991 1 7929 1251 1233 7947 7930 1252 1234 7948
8952 5 2 99991 1 7930 1252 1234 7948 7931 1253 1235 7949
8953 5 2 99991 1 7931 1253 1235 7949 7932 1254 1236 7950
8954 5 2 99991 1 7932 1254 1236 7950 7933 1255 1237 7951
8955 5 2 99991 1 7933 1255 1237 7951 7934 1256 1238 7952
8956 5 2 99991 1 7934 1256 1238 7952 7935 1257 1239 7953
8957 5 2 99991 1 7935 1257 1239 7953 7936 1258 1240 7954
8958 5 2 99991 1 7936 1258 1240 7954 7937 1259 1241 7955
8959 5 2 99991 1 7937 1259 1241 7955 7938 1260 1242 7956
8960 5 2 99991 1 7938 1260 1242 7956 7939 1261 1243 7957
8961 5 2 99991 1 7939 1261 1243 7957 7940 1262 1244 7958
8962 5 2 99991 1 7940 1262 1244 7958 7941 1263 1245 7959
8963 5 2 99991 1 7941 1263 1245 7959 7942 1264 1246 7960
8964 5 2 99991 1 7942 1264 1246 7960 7943 1265 1247 7961
8965 5 2 99991 1 7943 1265 1247 7961 7944 1266 1248 7962
8966 5 2 99991 1 7944 1266 1248 7962 7945 1267 1249 7963
8967 5 2 99991 1 7945 1267 1249 7963 7946 1268 1250 7964
8968 5 2 99991 1 7946 1268 1250 7964 2165 131 132 2166
8969 5 2 99991 1 546 29 28 547 7947 1233 1215 7965
8970 5 2 99991 1 7947 1233 1215 7965 7948 1234 1216 7966
8971 5 2 99991 1 7948 1234 1216 7966 7949 1235 1217 7967
8972 5 2 99991 1 7949 1235 1217 7967 7950 1236 1218 7968
8973 5 2 99991 1 7950 1236 1218 7968 7951 1237 1219 7969
8974 5 2 99991 1 7951 1237 1219 7969 7952 1238 1220 7970
8975 5 2 99991 1 7952 1238 1220 7970 7953 1239 1221 7971
8976 5 2 99991 1 7953 1239 1221 7971 7954 1240 1222 7972
8977 5 2 99991 1 7954 1240 1222 7972 7955 1241 1223 7973
8978 5 2 99991 1 7955 1241 1223 7973 7956 1242 1224 7974
8979 5 2 99991 1 7956 1242 1224 7974 7957 1243 1225 7975
8980 5 2 99991 1 7957 1243 1225 7975 7958 1244 1226 7976
8981 5 2 99991 1 7958 1244 1226 7976 7959 1245 1227 7977
8982 5 2 99991 1 7959 1245 1227 7977 7960 1246 1228 7978
8983 5 2 99991 1 7960 1246 1228 7978 7961 1247 1229 7979
8984 5 2 99991 1 7961 1247 1229 7979 7962 1248 1230 7980
8985 5 2 99991 1 7962 1248 1230 7980 7963 1249 1231 7981
8986 5 2 99991 1 7963 1249 1231 7981 7964 1250 1232 7982
8987 5 2 99991 1 7964 1250 1232 7982 2166 132 133 2167
8988 5 2 99991 1 547 28 27 548 7965 1215 1197 7983
8989 5 2 99991 1 7965 1215 1197 7983 7966 1216 1198 7984
8990 5 2 99991 1 7966 1216 1198 7984 7967 1217 1199 7985
8991 5 2 99991 1 7967 1217 1199 7985 7968 1218 1200 7986
8992 5 2 99991 1 7968 1218 1200 7986 7969 1219 1201 7987
8993 5 2 99991 1 7969 1219 1201 7987 7970 1220 1202 7988
8994 5 2 99991 1 7970 1220 1202 7988 7971 1221 1203 7989
8995 5 2 99991 1 7971 1221 1203 7989 7972 1222 1204 7990
8996 5 2 99991 1 7972 1222 1204 7990 7973 1223 1205 7991
8997 5 2 99991 1 7973 1223 1205 7991 7974 1224 1206 7992
8998 5 2 99991 1 7974 1224 1206 7992 7975 1225 1207 7993
8999 5 2 99991 1 7975 1225 1207 7993 7976 1226 1208 7994
9000 5 2 99991 1 7976 1226 1208 7994 7977 1227 1209 7995
9001 5 2 99991 1 7977 1227 1209 7995 7978 1228 1210 7996
9002 5 2 99991 1 7978 1228 1210 7996 7979 1229 1211 7997
9003 5 2 99991 1 7979 1229 1211 7997 7980 1230 1212 7998
9004 5 2 99991 1 7980 1230 1212 7998 7981 1231 1213 7999
9005 5 2 99991 1 7981 1231 1213 7999 7982 1232 1214 8000
9006 5 2 99991 1 7982 1232 1214 8000 2167 133 134 2168
9007 5 2 99991 1 548 27 3 45 7983 1197 207 1521
9008 5 2 99991 1 7983 1197 207 1521 7984 1198 208 1522
9009 5 2 99991 1 7984 1198 208 1522 7985 1199 209 1523
9010 5 2 99991 1 7985 1199 209 1523 7986 1200 210 1524
9011 5 2 99991 1 7986 1200 210 1524 7987 1201 211 1525
9012 5 2 99991 1 7987 1201 211 1525 7988 1202 212 1526
9013 5 2 99991 1 7988 1202 212 1526 7989 1203 213 1527
9014 5 2 99991 1 7989 1203 213 1527 7990 1204 214 1528
9015 5 2 99991 1 7990 1204 214 1528 7991 1205 215 1529
9016 5 2 99991 1 7991 1205 215 1529 7992 1206 216 1530
9017 5 2 99991 1 7992 1206 216 1530 7993 1207 217 1531
9018 5 2 99991 1 7993 1207 217 1531 7994 1208 218 1532
9019 5 2 99991 1 7994 1208 218 1532 7995 1209 219 1533
9020 5 2 99991 1 7995 1209 219 1533 7996 1210 220 1534
9021 5 2 99991 1 7996 1210 220 1534 7997 1211 221 1535
9022 5 2 99991 1 7997 1211 221 1535 7998 1212 222 1536
9023 5 2 99991 1 7998 1212 222 1536 7999 1213 223 1537
9024 5 2 99991 1 7999 1213 223 1537 8000 1214 224 1538
9025 5 2 99991 1 8000 1214 224 1538 2168 134 8 135
$EndElements
