$MeshFormat
2.2 0 8
$EndMeshFormat
$PhysicalNames
7
2 991 "boundary_xm"
2 992 "boundary_xp"
2 993 "boundary_ym"
2 994 "boundary_yp"
2 995 "boundary_zm"
2 996 "boundary_zp"
3 99991 "matrix"
$EndPhysicalNames
$Nodes
3844
1 500 500 2100
2 1500 500 2100
3 1500 1500 2100
4 500 1500 2100
5 500 1500 2500
6 500 500 2500
7 1500 500 2500
8 1500 1500 2500
9 533.3333333333333 500 2100
10 566.6666666666665 500 2100
11 599.9999999999998 500 2100
12 633.333333333333 500 2100
13 666.6666666666662 500 2100
14 699.9999999999994 500 2100
15 733.3333333333327 500 2100
16 766.6666666666661 500 2100
17 799.9999999999993 500 2100
18 833.3333333333327 500 2100
19 866.6666666666661 500 2100
20 899.9999999999995 500 2100
21 933.3333333333328 500 2100
22 966.6666666666662 500 2100
23 999.9999999999995 500 2100
24 1033.333333333333 500 2100
25 1066.666666666666 500 2100
26 1100 500 2100
27 1133.333333333333 500 2100
28 1166.666666666666 500 2100
29 1200 500 2100
30 1233.333333333333 500 2100
31 1266.666666666667 500 2100
32 1300 500 2100
33 1333.333333333333 500 2100
34 1366.666666666667 500 2100
35 1400 500 2100
36 1433.333333333333 500 2100
37 1466.666666666667 500 2100
38 1500 1466.666666666667 2100
39 1500 1433.333333333333 2100
40 1500 1400 2100
41 1500 1366.666666666667 2100
42 1500 1333.333333333334 2100
43 1500 1300 2100
44 1500 1266.666666666667 2100
45 1500 1233.333333333334 2100
46 1500 1200.000000000001 2100
47 1500 1166.666666666667 2100
48 1500 1133.333333333334 2100
49 1500 1100 2100
50 1500 1066.666666666667 2100
51 1500 1033.333333333334 2100
52 1500 1000 2100
53 1500 966.6666666666671 2100
54 1500 933.3333333333338 2100
55 1500 900.0000000000003 2100
56 1500 866.6666666666671 2100
57 1500 833.3333333333337 2100
58 1500 800.0000000000002 2100
59 1500 766.666666666667 2100
60 1500 733.3333333333336 2100
61 1500 700.0000000000002 2100
62 1500 666.6666666666669 2100
63 1500 633.3333333333335 2100
64 1500 600.0000000000002 2100
65 1500 566.6666666666667 2100
66 1500 533.3333333333335 2100
67 1466.666666666667 1500 2100
68 1433.333333333333 1500 2100
69 1400 1500 2100
70 1366.666666666667 1500 2100
71 1333.333333333334 1500 2100
72 1300 1500 2100
73 1266.666666666667 1500 2100
74 1233.333333333334 1500 2100
75 1200.000000000001 1500 2100
76 1166.666666666667 1500 2100
77 1133.333333333334 1500 2100
78 1100 1500 2100
79 1066.666666666667 1500 2100
80 1033.333333333334 1500 2100
81 1000 1500 2100
82 966.6666666666671 1500 2100
83 933.3333333333338 1500 2100
84 900.0000000000003 1500 2100
85 866.6666666666671 1500 2100
86 833.3333333333337 1500 2100
87 800.0000000000002 1500 2100
88 766.666666666667 1500 2100
89 733.3333333333336 1500 2100
90 700.0000000000002 1500 2100
91 666.6666666666669 1500 2100
92 633.3333333333335 1500 2100
93 600.0000000000002 1500 2100
94 566.6666666666667 1500 2100
95 533.3333333333335 1500 2100
96 500 1466.666666666667 2100
97 500 1433.333333333333 2100
98 500 1400 2100
99 500 1366.666666666667 2100
100 500 1333.333333333334 2100
101 500 1300 2100
102 500 1266.666666666667 2100
103 500 1233.333333333334 2100
104 500 1200.000000000001 2100
105 500 1166.666666666667 2100
106 500 1133.333333333334 2100
107 500 1100 2100
108 500 1066.666666666667 2100
109 500 1033.333333333334 2100
110 500 1000 2100
111 500 966.6666666666671 2100
112 500 933.3333333333338 2100
113 500 900.0000000000003 2100
114 500 866.6666666666671 2100
115 500 833.3333333333337 2100
116 500 800.0000000000002 2100
117 500 766.666666666667 2100
118 500 733.3333333333336 2100
119 500 700.0000000000002 2100
120 500 666.6666666666669 2100
121 500 633.3333333333335 2100
122 500 600.0000000000002 2100
123 500 566.6666666666667 2100
124 500 533.3333333333335 2100
125 500 1466.666666666667 2500
126 500 1433.333333333333 2500
127 500 1400 2500
128 500 1366.666666666667 2500
129 500 1333.333333333334 2500
130 500 1300 2500
131 500 1266.666666666667 2500
132 500 1233.333333333334 2500
133 500 1200.000000000001 2500
134 500 1166.666666666667 2500
135 500 1133.333333333334 2500
136 500 1100 2500
137 500 1066.666666666667 2500
138 500 1033.333333333334 2500
139 500 1000 2500
140 500 966.6666666666671 2500
141 500 933.3333333333338 2500
142 500 900.0000000000003 2500
143 500 866.6666666666671 2500
144 500 833.3333333333337 2500
145 500 800.0000000000002 2500
146 500 766.666666666667 2500
147 500 733.3333333333336 2500
148 500 700.0000000000002 2500
149 500 666.6666666666669 2500
150 500 633.3333333333335 2500
151 500 600.0000000000002 2500
152 500 566.6666666666667 2500
153 500 533.3333333333335 2500
154 533.3333333333333 500 2500
155 566.6666666666665 500 2500
156 599.9999999999998 500 2500
157 633.333333333333 500 2500
158 666.6666666666662 500 2500
159 699.9999999999994 500 2500
160 733.3333333333327 500 2500
161 766.6666666666661 500 2500
162 799.9999999999993 500 2500
163 833.3333333333327 500 2500
164 866.6666666666661 500 2500
165 899.9999999999995 500 2500
166 933.3333333333328 500 2500
167 966.6666666666662 500 2500
168 999.9999999999995 500 2500
169 1033.333333333333 500 2500
170 1066.666666666666 500 2500
171 1100 500 2500
172 1133.333333333333 500 2500
173 1166.666666666666 500 2500
174 1200 500 2500
175 1233.333333333333 500 2500
176 1266.666666666667 500 2500
177 1300 500 2500
178 1333.333333333333 500 2500
179 1366.666666666667 500 2500
180 1400 500 2500
181 1433.333333333333 500 2500
182 1466.666666666667 500 2500
183 1500 533.3333333333335 2500
184 1500 566.6666666666667 2500
185 1500 600.0000000000002 2500
186 1500 633.3333333333335 2500
187 1500 666.6666666666669 2500
188 1500 700.0000000000002 2500
189 1500 733.3333333333336 2500
190 1500 766.666666666667 2500
191 1500 800.0000000000002 2500
192 1500 833.3333333333337 2500
193 1500 866.6666666666671 2500
194 1500 900.0000000000003 2500
195 1500 933.3333333333338 2500
196 1500 966.6666666666671 2500
197 1500 1000 2500
198 1500 1033.333333333334 2500
199 1500 1066.666666666667 2500
200 1500 1100 2500
201 1500 1133.333333333334 2500
202 1500 1166.666666666667 2500
203 1500 1200.000000000001 2500
204 1500 1233.333333333334 2500
205 1500 1266.666666666667 2500
206 1500 1300 2500
207 1500 1333.333333333334 2500
208 1500 1366.666666666667 2500
209 1500 1400 2500
210 1500 1433.333333333333 2500
211 1500 1466.666666666667 2500
212 1466.666666666667 1500 2500
213 1433.333333333333 1500 2500
214 1400 1500 2500
215 1366.666666666667 1500 2500
216 1333.333333333334 1500 2500
217 1300 1500 2500
218 1266.666666666667 1500 2500
219 1233.333333333334 1500 2500
220 1200.000000000001 1500 2500
221 1166.666666666667 1500 2500
222 1133.333333333334 1500 2500
223 1100 1500 2500
224 1066.666666666667 1500 2500
225 1033.333333333334 1500 2500
226 1000 1500 2500
227 966.6666666666671 1500 2500
228 933.3333333333338 1500 2500
229 900.0000000000003 1500 2500
230 866.6666666666671 1500 2500
231 833.3333333333337 1500 2500
232 800.0000000000002 1500 2500
233 766.666666666667 1500 2500
234 733.3333333333336 1500 2500
235 700.0000000000002 1500 2500
236 666.6666666666669 1500 2500
237 633.3333333333335 1500 2500
238 600.0000000000002 1500 2500
239 566.6666666666667 1500 2500
240 533.3333333333335 1500 2500
241 500 1500 2233.333333333333
242 500 1500 2366.666666666667
243 500 500 2233.333333333333
244 500 500 2366.666666666667
245 1500 500 2233.333333333333
246 1500 500 2366.666666666667
247 1500 1500 2233.333333333333
248 1500 1500 2366.666666666667
249 533.3333333333331 533.3333333333334 2100
250 533.3333333333334 566.666666666667 2100
251 533.3333333333334 600.0000000000002 2100
252 533.3333333333334 633.3333333333335 2100
253 533.3333333333331 666.6666666666669 2100
254 533.3333333333333 700.0000000000001 2100
255 533.3333333333334 733.3333333333336 2100
256 533.3333333333334 766.666666666667 2100
257 533.3333333333334 800.0000000000002 2100
258 533.3333333333334 833.3333333333337 2100
259 533.3333333333334 866.666666666667 2100
260 533.3333333333334 900.0000000000006 2100
261 533.3333333333333 933.3333333333339 2100
262 533.3333333333333 966.6666666666667 2100
263 533.3333333333334 1000 2100
264 533.3333333333333 1033.333333333334 2100
265 533.3333333333334 1066.666666666667 2100
266 533.3333333333335 1100 2100
267 533.3333333333334 1133.333333333334 2100
268 533.3333333333333 1166.666666666667 2100
269 533.3333333333333 1200 2100
270 533.3333333333334 1233.333333333334 2100
271 533.3333333333333 1266.666666666667 2100
272 533.3333333333334 1300 2100
273 533.3333333333334 1333.333333333333 2100
274 533.3333333333336 1366.666666666667 2100
275 533.3333333333334 1400 2100
276 533.3333333333335 1433.333333333333 2100
277 533.3333333333336 1466.666666666667 2100
278 566.6666666666665 533.3333333333335 2100
279 566.6666666666664 566.6666666666667 2100
280 566.6666666666666 600.0000000000002 2100
281 566.6666666666664 633.3333333333335 2100
282 566.6666666666666 666.6666666666669 2100
283 566.6666666666666 700.0000000000002 2100
284 566.6666666666666 733.3333333333337 2100
285 566.6666666666664 766.666666666667 2100
286 566.6666666666666 800.0000000000002 2100
287 566.6666666666666 833.3333333333337 2100
288 566.6666666666666 866.6666666666671 2100
289 566.6666666666666 900.0000000000005 2100
290 566.6666666666665 933.3333333333335 2100
291 566.6666666666666 966.666666666667 2100
292 566.6666666666666 1000.000000000001 2100
293 566.6666666666666 1033.333333333334 2100
294 566.6666666666666 1066.666666666667 2100
295 566.6666666666667 1100 2100
296 566.6666666666667 1133.333333333334 2100
297 566.6666666666667 1166.666666666667 2100
298 566.6666666666667 1200.000000000001 2100
299 566.6666666666666 1233.333333333334 2100
300 566.6666666666669 1266.666666666667 2100
301 566.6666666666666 1300 2100
302 566.6666666666669 1333.333333333334 2100
303 566.6666666666669 1366.666666666667 2100
304 566.6666666666669 1400 2100
305 566.6666666666669 1433.333333333333 2100
306 566.6666666666669 1466.666666666666 2100
307 599.9999999999997 533.3333333333335 2100
308 599.9999999999998 566.666666666667 2100
309 599.9999999999998 600.0000000000001 2100
310 599.9999999999998 633.3333333333335 2100
311 600 666.6666666666667 2100
312 599.9999999999999 700.0000000000001 2100
313 599.9999999999997 733.3333333333336 2100
314 599.9999999999998 766.666666666667 2100
315 599.9999999999998 800.0000000000002 2100
316 599.9999999999998 833.3333333333337 2100
317 600 866.666666666667 2100
318 600 900.0000000000006 2100
319 600 933.3333333333341 2100
320 599.9999999999999 966.6666666666667 2100
321 600 1000 2100
322 600 1033.333333333334 2100
323 600 1066.666666666667 2100
324 600 1100 2100
325 600 1133.333333333334 2100
326 600 1166.666666666667 2100
327 600.0000000000002 1200 2100
328 600 1233.333333333334 2100
329 600.0000000000002 1266.666666666667 2100
330 600 1300 2100
331 600.0000000000002 1333.333333333334 2100
332 600 1366.666666666667 2100
333 600 1400 2100
334 600.0000000000002 1433.333333333333 2100
335 600.0000000000002 1466.666666666667 2100
336 633.3333333333333 533.3333333333335 2100
337 633.3333333333328 566.666666666667 2100
338 633.333333333333 600.0000000000002 2100
339 633.3333333333331 633.3333333333335 2100
340 633.333333333333 666.6666666666667 2100
341 633.333333333333 700.0000000000002 2100
342 633.3333333333334 733.3333333333337 2100
343 633.3333333333334 766.6666666666669 2100
344 633.3333333333333 800.0000000000002 2100
345 633.333333333333 833.3333333333338 2100
346 633.3333333333333 866.6666666666671 2100
347 633.3333333333334 900.0000000000006 2100
348 633.3333333333331 933.3333333333341 2100
349 633.3333333333333 966.666666666667 2100
350 633.3333333333333 1000.000000000001 2100
351 633.3333333333333 1033.333333333334 2100
352 633.3333333333333 1066.666666666667 2100
353 633.3333333333333 1100 2100
354 633.3333333333334 1133.333333333334 2100
355 633.3333333333333 1166.666666666668 2100
356 633.3333333333333 1200.000000000001 2100
357 633.3333333333335 1233.333333333334 2100
358 633.3333333333334 1266.666666666668 2100
359 633.3333333333333 1300 2100
360 633.3333333333335 1333.333333333333 2100
361 633.3333333333333 1366.666666666667 2100
362 633.3333333333335 1400 2100
363 633.3333333333335 1433.333333333334 2100
364 633.3333333333333 1466.666666666667 2100
365 666.6666666666663 533.3333333333335 2100
366 666.6666666666664 566.666666666667 2100
367 666.6666666666663 600.0000000000002 2100
368 666.6666666666665 633.3333333333335 2100
369 666.6666666666663 666.6666666666669 2100
370 666.6666666666662 700.0000000000002 2100
371 666.6666666666665 733.3333333333337 2100
372 666.6666666666663 766.666666666667 2100
373 666.6666666666663 800.0000000000002 2100
374 666.6666666666665 833.3333333333337 2100
375 666.6666666666665 866.6666666666671 2100
376 666.6666666666665 900.0000000000005 2100
377 666.6666666666665 933.3333333333335 2100
378 666.6666666666665 966.6666666666667 2100
379 666.6666666666665 1000 2100
380 666.6666666666665 1033.333333333334 2100
381 666.6666666666665 1066.666666666667 2100
382 666.6666666666665 1100 2100
383 666.6666666666665 1133.333333333334 2100
384 666.6666666666667 1166.666666666667 2100
385 666.6666666666665 1200.000000000001 2100
386 666.6666666666667 1233.333333333334 2100
387 666.6666666666667 1266.666666666667 2100
388 666.6666666666667 1300 2100
389 666.6666666666667 1333.333333333334 2100
390 666.6666666666667 1366.666666666667 2100
391 666.666666666667 1400 2100
392 666.666666666667 1433.333333333333 2100
393 666.666666666667 1466.666666666666 2100
394 699.9999999999994 533.3333333333334 2100
395 699.9999999999995 566.666666666667 2100
396 699.9999999999994 600.0000000000002 2100
397 699.9999999999995 633.3333333333335 2100
398 699.9999999999995 666.6666666666669 2100
399 699.9999999999994 700.0000000000002 2100
400 699.9999999999995 733.3333333333337 2100
401 699.9999999999999 766.6666666666671 2100
402 699.9999999999995 800.0000000000002 2100
403 699.9999999999998 833.3333333333337 2100
404 699.9999999999995 866.6666666666672 2100
405 699.9999999999998 900.0000000000006 2100
406 699.9999999999998 933.3333333333341 2100
407 699.9999999999997 966.666666666667 2100
408 699.9999999999997 1000.000000000001 2100
409 699.9999999999997 1033.333333333334 2100
410 699.9999999999998 1066.666666666667 2100
411 700 1100 2100
412 700 1133.333333333334 2100
413 699.9999999999998 1166.666666666667 2100
414 700 1200.000000000001 2100
415 700 1233.333333333334 2100
416 700 1266.666666666667 2100
417 700.0000000000002 1300 2100
418 700.0000000000002 1333.333333333334 2100
419 700.0000000000002 1366.666666666667 2100
420 700.0000000000002 1400 2100
421 700.0000000000002 1433.333333333333 2100
422 700.0000000000002 1466.666666666667 2100
423 733.3333333333326 533.3333333333335 2100
424 733.3333333333328 566.666666666667 2100
425 733.3333333333328 600.0000000000002 2100
426 733.3333333333327 633.3333333333335 2100
427 733.3333333333327 666.666666666667 2100
428 733.333333333333 700.0000000000002 2100
429 733.3333333333328 733.3333333333336 2100
430 733.3333333333329 766.666666666667 2100
431 733.3333333333329 800.0000000000002 2100
432 733.3333333333329 833.3333333333337 2100
433 733.3333333333331 866.6666666666672 2100
434 733.3333333333333 900.0000000000006 2100
435 733.3333333333331 933.3333333333341 2100
436 733.3333333333331 966.666666666667 2100
437 733.3333333333331 1000.000000000001 2100
438 733.333333333333 1033.333333333334 2100
439 733.3333333333331 1066.666666666667 2100
440 733.3333333333331 1100 2100
441 733.3333333333331 1133.333333333334 2100
442 733.3333333333334 1166.666666666667 2100
443 733.3333333333335 1200.000000000001 2100
444 733.3333333333335 1233.333333333334 2100
445 733.3333333333335 1266.666666666667 2100
446 733.3333333333334 1300 2100
447 733.3333333333335 1333.333333333334 2100
448 733.3333333333335 1366.666666666667 2100
449 733.3333333333337 1400 2100
450 733.3333333333335 1433.333333333333 2100
451 733.3333333333336 1466.666666666667 2100
452 766.6666666666661 533.3333333333335 2100
453 766.6666666666658 566.666666666667 2100
454 766.6666666666662 600.0000000000002 2100
455 766.6666666666664 633.3333333333335 2100
456 766.6666666666662 666.6666666666669 2100
457 766.6666666666661 700.0000000000002 2100
458 766.6666666666664 733.3333333333337 2100
459 766.6666666666664 766.666666666667 2100
460 766.6666666666664 800.0000000000002 2100
461 766.6666666666663 833.3333333333337 2100
462 766.6666666666663 866.6666666666672 2100
463 766.6666666666665 900.0000000000005 2100
464 766.6666666666665 933.3333333333336 2100
465 766.6666666666665 966.6666666666667 2100
466 766.6666666666665 1000 2100
467 766.6666666666665 1033.333333333334 2100
468 766.6666666666665 1066.666666666667 2100
469 766.6666666666665 1100 2100
470 766.6666666666665 1133.333333333334 2100
471 766.6666666666665 1166.666666666667 2100
472 766.6666666666667 1200.000000000001 2100
473 766.6666666666667 1233.333333333334 2100
474 766.6666666666667 1266.666666666667 2100
475 766.6666666666667 1300 2100
476 766.6666666666667 1333.333333333334 2100
477 766.666666666667 1366.666666666667 2100
478 766.666666666667 1400 2100
479 766.666666666667 1433.333333333333 2100
480 766.666666666667 1466.666666666667 2100
481 799.9999999999993 533.3333333333335 2100
482 799.9999999999994 566.666666666667 2100
483 799.9999999999995 600.0000000000002 2100
484 799.9999999999993 633.3333333333335 2100
485 799.9999999999994 666.6666666666669 2100
486 799.9999999999995 700.0000000000002 2100
487 799.9999999999997 733.3333333333336 2100
488 799.9999999999995 766.6666666666667 2100
489 799.9999999999995 800.0000000000002 2100
490 799.9999999999997 833.3333333333337 2100
491 799.9999999999997 866.6666666666672 2100
492 799.9999999999999 900.0000000000007 2100
493 799.9999999999998 933.3333333333336 2100
494 799.9999999999998 966.6666666666669 2100
495 799.9999999999998 1000 2100
496 799.9999999999998 1033.333333333334 2100
497 799.9999999999998 1066.666666666667 2100
498 799.9999999999998 1100 2100
499 799.9999999999998 1133.333333333334 2100
500 799.9999999999998 1166.666666666667 2100
501 800.0000000000003 1200.000000000001 2100
502 800 1233.333333333334 2100
503 800 1266.666666666668 2100
504 800 1300 2100
505 800.0000000000002 1333.333333333334 2100
506 800.0000000000002 1366.666666666667 2100
507 800.0000000000002 1400 2100
508 800.0000000000002 1433.333333333334 2100
509 800.0000000000002 1466.666666666666 2100
510 833.3333333333328 533.3333333333335 2100
511 833.3333333333328 566.666666666667 2100
512 833.3333333333328 600.0000000000002 2100
513 833.3333333333329 633.3333333333335 2100
514 833.3333333333329 666.666666666667 2100
515 833.3333333333327 700.0000000000002 2100
516 833.333333333333 733.3333333333337 2100
517 833.3333333333329 766.666666666667 2100
518 833.3333333333331 800.0000000000002 2100
519 833.3333333333334 833.3333333333338 2100
520 833.3333333333331 866.6666666666672 2100
521 833.3333333333331 900.0000000000007 2100
522 833.3333333333333 933.3333333333336 2100
523 833.3333333333333 966.666666666667 2100
524 833.3333333333331 1000.000000000001 2100
525 833.3333333333333 1033.333333333334 2100
526 833.3333333333333 1066.666666666667 2100
527 833.3333333333334 1100 2100
528 833.3333333333333 1133.333333333334 2100
529 833.3333333333334 1166.666666666668 2100
530 833.3333333333336 1200.000000000001 2100
531 833.3333333333334 1233.333333333334 2100
532 833.3333333333335 1266.666666666668 2100
533 833.3333333333335 1300 2100
534 833.3333333333336 1333.333333333334 2100
535 833.3333333333337 1366.666666666667 2100
536 833.3333333333337 1400 2100
537 833.3333333333338 1433.333333333334 2100
538 833.3333333333338 1466.666666666667 2100
539 866.6666666666662 533.3333333333335 2100
540 866.6666666666661 566.666666666667 2100
541 866.6666666666662 600.0000000000002 2100
542 866.6666666666659 633.3333333333335 2100
543 866.6666666666665 666.6666666666669 2100
544 866.6666666666662 700.0000000000002 2100
545 866.6666666666665 733.3333333333336 2100
546 866.6666666666662 766.6666666666669 2100
547 866.6666666666663 800.0000000000002 2100
548 866.6666666666663 833.3333333333337 2100
549 866.6666666666665 866.6666666666672 2100
550 866.6666666666665 900.0000000000006 2100
551 866.6666666666664 933.3333333333339 2100
552 866.6666666666666 966.666666666667 2100
553 866.6666666666665 1000 2100
554 866.6666666666666 1033.333333333334 2100
555 866.6666666666665 1066.666666666667 2100
556 866.6666666666663 1100 2100
557 866.6666666666664 1133.333333333334 2100
558 866.6666666666667 1166.666666666667 2100
559 866.6666666666664 1200 2100
560 866.6666666666667 1233.333333333334 2100
561 866.6666666666669 1266.666666666667 2100
562 866.666666666667 1300 2100
563 866.6666666666667 1333.333333333334 2100
564 866.6666666666669 1366.666666666667 2100
565 866.6666666666669 1400 2100
566 866.666666666667 1433.333333333333 2100
567 866.666666666667 1466.666666666667 2100
568 899.9999999999997 533.3333333333334 2100
569 899.9999999999997 566.666666666667 2100
570 899.9999999999998 600.0000000000002 2100
571 899.9999999999998 633.3333333333335 2100
572 899.9999999999997 666.6666666666667 2100
573 899.9999999999998 700.0000000000001 2100
574 899.9999999999998 733.3333333333338 2100
575 899.9999999999999 766.6666666666669 2100
576 899.9999999999998 800.0000000000002 2100
577 899.9999999999998 833.3333333333337 2100
578 899.9999999999999 866.666666666667 2100
579 900 900.0000000000006 2100
580 899.9999999999998 933.3333333333339 2100
581 900 966.6666666666672 2100
582 900 1000 2100
583 900 1033.333333333334 2100
584 900 1066.666666666668 2100
585 900 1100 2100
586 900 1133.333333333334 2100
587 900 1166.666666666667 2100
588 900 1200.000000000001 2100
589 900 1233.333333333334 2100
590 900.0000000000002 1266.666666666667 2100
591 900.0000000000002 1300 2100
592 900 1333.333333333334 2100
593 900.0000000000005 1366.666666666667 2100
594 900.0000000000005 1400 2100
595 900.0000000000005 1433.333333333333 2100
596 900.0000000000005 1466.666666666667 2100
597 933.3333333333327 533.3333333333335 2100
598 933.3333333333329 566.666666666667 2100
599 933.3333333333328 600.0000000000002 2100
600 933.3333333333328 633.3333333333335 2100
601 933.3333333333329 666.6666666666669 2100
602 933.3333333333329 700.0000000000002 2100
603 933.3333333333329 733.3333333333337 2100
604 933.333333333333 766.666666666667 2100
605 933.3333333333333 800.0000000000002 2100
606 933.333333333333 833.3333333333337 2100
607 933.333333333333 866.6666666666672 2100
608 933.3333333333333 900.0000000000002 2100
609 933.3333333333331 933.3333333333337 2100
610 933.3333333333333 966.666666666667 2100
611 933.3333333333333 1000 2100
612 933.3333333333335 1033.333333333334 2100
613 933.3333333333333 1066.666666666667 2100
614 933.3333333333334 1100 2100
615 933.3333333333335 1133.333333333334 2100
616 933.3333333333333 1166.666666666667 2100
617 933.3333333333335 1200 2100
618 933.3333333333338 1233.333333333334 2100
619 933.3333333333335 1266.666666666667 2100
620 933.3333333333337 1300 2100
621 933.3333333333337 1333.333333333334 2100
622 933.3333333333337 1366.666666666667 2100
623 933.3333333333337 1400 2100
624 933.3333333333338 1433.333333333333 2100
625 933.3333333333337 1466.666666666666 2100
626 966.6666666666661 533.3333333333334 2100
627 966.6666666666661 566.666666666667 2100
628 966.6666666666664 600.0000000000001 2100
629 966.6666666666663 633.3333333333334 2100
630 966.6666666666664 666.6666666666667 2100
631 966.6666666666665 700.0000000000001 2100
632 966.6666666666664 733.3333333333335 2100
633 966.6666666666665 766.666666666667 2100
634 966.6666666666665 800.0000000000002 2100
635 966.6666666666663 833.3333333333337 2100
636 966.6666666666666 866.6666666666671 2100
637 966.6666666666666 900.0000000000005 2100
638 966.6666666666665 933.3333333333339 2100
639 966.6666666666667 966.6666666666672 2100
640 966.6666666666666 1000.000000000001 2100
641 966.666666666667 1033.333333333334 2100
642 966.6666666666666 1066.666666666667 2100
643 966.6666666666666 1100 2100
644 966.6666666666667 1133.333333333334 2100
645 966.6666666666667 1166.666666666667 2100
646 966.6666666666669 1200 2100
647 966.6666666666669 1233.333333333334 2100
648 966.6666666666669 1266.666666666667 2100
649 966.666666666667 1300 2100
650 966.6666666666669 1333.333333333334 2100
651 966.6666666666669 1366.666666666667 2100
652 966.6666666666669 1400 2100
653 966.6666666666667 1433.333333333333 2100
654 966.6666666666667 1466.666666666667 2100
655 999.9999999999995 533.3333333333335 2100
656 999.9999999999995 566.6666666666669 2100
657 999.9999999999998 600.0000000000002 2100
658 999.9999999999995 633.3333333333335 2100
659 999.9999999999998 666.6666666666669 2100
660 999.9999999999998 700.0000000000002 2100
661 999.9999999999998 733.3333333333336 2100
662 999.9999999999999 766.666666666667 2100
663 1000 800.0000000000002 2100
664 1000 833.3333333333337 2100
665 999.9999999999999 866.6666666666671 2100
666 999.9999999999997 900.0000000000005 2100
667 1000 933.3333333333339 2100
668 1000 966.666666666667 2100
669 1000 1000 2100
670 1000 1033.333333333334 2100
671 1000 1066.666666666667 2100
672 1000 1100 2100
673 1000 1133.333333333334 2100
674 1000 1166.666666666667 2100
675 1000 1200 2100
676 1000 1233.333333333334 2100
677 1000 1266.666666666667 2100
678 1000 1300 2100
679 1000 1333.333333333334 2100
680 1000 1366.666666666667 2100
681 1000 1400 2100
682 1000 1433.333333333333 2100
683 1000 1466.666666666667 2100
684 1033.333333333333 533.3333333333334 2100
685 1033.333333333333 566.666666666667 2100
686 1033.333333333333 600.0000000000002 2100
687 1033.333333333333 633.3333333333335 2100
688 1033.333333333333 666.6666666666669 2100
689 1033.333333333333 700.0000000000002 2100
690 1033.333333333333 733.3333333333336 2100
691 1033.333333333333 766.666666666667 2100
692 1033.333333333333 800.0000000000002 2100
693 1033.333333333333 833.3333333333337 2100
694 1033.333333333334 866.6666666666672 2100
695 1033.333333333333 900.0000000000005 2100
696 1033.333333333333 933.3333333333341 2100
697 1033.333333333333 966.6666666666669 2100
698 1033.333333333333 1000 2100
699 1033.333333333333 1033.333333333334 2100
700 1033.333333333333 1066.666666666667 2100
701 1033.333333333333 1100 2100
702 1033.333333333333 1133.333333333334 2100
703 1033.333333333333 1166.666666666667 2100
704 1033.333333333333 1200.000000000001 2100
705 1033.333333333333 1233.333333333334 2100
706 1033.333333333334 1266.666666666667 2100
707 1033.333333333333 1300 2100
708 1033.333333333333 1333.333333333334 2100
709 1033.333333333334 1366.666666666667 2100
710 1033.333333333334 1400 2100
711 1033.333333333334 1433.333333333333 2100
712 1033.333333333334 1466.666666666667 2100
713 1066.666666666667 533.3333333333335 2100
714 1066.666666666666 566.666666666667 2100
715 1066.666666666666 600.0000000000002 2100
716 1066.666666666666 633.3333333333335 2100
717 1066.666666666667 666.6666666666669 2100
718 1066.666666666666 700.0000000000002 2100
719 1066.666666666667 733.3333333333336 2100
720 1066.666666666666 766.666666666667 2100
721 1066.666666666666 800.0000000000002 2100
722 1066.666666666666 833.3333333333338 2100
723 1066.666666666666 866.6666666666671 2100
724 1066.666666666667 900.0000000000005 2100
725 1066.666666666667 933.3333333333339 2100
726 1066.666666666667 966.6666666666673 2100
727 1066.666666666667 1000 2100
728 1066.666666666666 1033.333333333334 2100
729 1066.666666666667 1066.666666666667 2100
730 1066.666666666667 1100 2100
731 1066.666666666667 1133.333333333334 2100
732 1066.666666666667 1166.666666666667 2100
733 1066.666666666667 1200.000000000001 2100
734 1066.666666666667 1233.333333333334 2100
735 1066.666666666667 1266.666666666667 2100
736 1066.666666666667 1300 2100
737 1066.666666666667 1333.333333333334 2100
738 1066.666666666667 1366.666666666667 2100
739 1066.666666666667 1400 2100
740 1066.666666666667 1433.333333333333 2100
741 1066.666666666667 1466.666666666667 2100
742 1100 533.3333333333334 2100
743 1100 566.666666666667 2100
744 1100 600.0000000000002 2100
745 1099.999999999999 633.3333333333335 2100
746 1100 666.6666666666669 2100
747 1100 700.0000000000002 2100
748 1100 733.3333333333337 2100
749 1100 766.666666666667 2100
750 1100 800.0000000000003 2100
751 1100 833.3333333333337 2100
752 1100 866.6666666666672 2100
753 1100 900.0000000000005 2100
754 1100 933.3333333333336 2100
755 1100 966.6666666666667 2100
756 1100 1000 2100
757 1100 1033.333333333334 2100
758 1100 1066.666666666667 2100
759 1100 1100 2100
760 1100 1133.333333333334 2100
761 1100 1166.666666666667 2100
762 1100 1200 2100
763 1100 1233.333333333334 2100
764 1100 1266.666666666667 2100
765 1100 1300 2100
766 1100 1333.333333333334 2100
767 1100 1366.666666666667 2100
768 1100 1400 2100
769 1100 1433.333333333333 2100
770 1100 1466.666666666667 2100
771 1133.333333333333 533.3333333333335 2100
772 1133.333333333333 566.666666666667 2100
773 1133.333333333333 600.0000000000002 2100
774 1133.333333333333 633.3333333333335 2100
775 1133.333333333333 666.6666666666669 2100
776 1133.333333333333 700.0000000000002 2100
777 1133.333333333333 733.3333333333336 2100
778 1133.333333333333 766.666666666667 2100
779 1133.333333333333 800.0000000000002 2100
780 1133.333333333333 833.3333333333337 2100
781 1133.333333333333 866.6666666666672 2100
782 1133.333333333333 900.0000000000001 2100
783 1133.333333333333 933.3333333333339 2100
784 1133.333333333333 966.6666666666667 2100
785 1133.333333333333 1000 2100
786 1133.333333333333 1033.333333333334 2100
787 1133.333333333333 1066.666666666667 2100
788 1133.333333333333 1100 2100
789 1133.333333333333 1133.333333333334 2100
790 1133.333333333333 1166.666666666667 2100
791 1133.333333333333 1200 2100
792 1133.333333333333 1233.333333333334 2100
793 1133.333333333333 1266.666666666667 2100
794 1133.333333333333 1300 2100
795 1133.333333333334 1333.333333333334 2100
796 1133.333333333334 1366.666666666667 2100
797 1133.333333333334 1400 2100
798 1133.333333333334 1433.333333333333 2100
799 1133.333333333334 1466.666666666667 2100
800 1166.666666666667 533.3333333333335 2100
801 1166.666666666666 566.666666666667 2100
802 1166.666666666666 600.0000000000002 2100
803 1166.666666666666 633.3333333333335 2100
804 1166.666666666667 666.6666666666669 2100
805 1166.666666666667 700.0000000000002 2100
806 1166.666666666666 733.3333333333336 2100
807 1166.666666666667 766.666666666667 2100
808 1166.666666666666 800.0000000000002 2100
809 1166.666666666667 833.3333333333337 2100
810 1166.666666666667 866.6666666666672 2100
811 1166.666666666667 900.0000000000001 2100
812 1166.666666666667 933.3333333333339 2100
813 1166.666666666667 966.6666666666667 2100
814 1166.666666666667 1000 2100
815 1166.666666666667 1033.333333333334 2100
816 1166.666666666667 1066.666666666667 2100
817 1166.666666666667 1100 2100
818 1166.666666666667 1133.333333333334 2100
819 1166.666666666667 1166.666666666667 2100
820 1166.666666666667 1200.000000000001 2100
821 1166.666666666667 1233.333333333334 2100
822 1166.666666666667 1266.666666666667 2100
823 1166.666666666667 1300 2100
824 1166.666666666667 1333.333333333334 2100
825 1166.666666666667 1366.666666666667 2100
826 1166.666666666667 1400 2100
827 1166.666666666667 1433.333333333333 2100
828 1166.666666666667 1466.666666666667 2100
829 1200 533.3333333333334 2100
830 1200 566.666666666667 2100
831 1200 600.0000000000002 2100
832 1200 633.3333333333335 2100
833 1200 666.666666666667 2100
834 1200 700.0000000000002 2100
835 1200 733.3333333333337 2100
836 1200 766.6666666666669 2100
837 1200 800.0000000000002 2100
838 1200 833.3333333333337 2100
839 1200 866.6666666666671 2100
840 1200 900.0000000000007 2100
841 1200 933.3333333333339 2100
842 1200 966.6666666666667 2100
843 1200 1000 2100
844 1200 1033.333333333334 2100
845 1200 1066.666666666667 2100
846 1200 1100 2100
847 1200 1133.333333333334 2100
848 1200.000000000001 1166.666666666667 2100
849 1200.000000000001 1200 2100
850 1200.000000000001 1233.333333333334 2100
851 1200.000000000001 1266.666666666667 2100
852 1200.000000000001 1300 2100
853 1200.000000000001 1333.333333333334 2100
854 1200.000000000001 1366.666666666667 2100
855 1200.000000000001 1400 2100
856 1200.000000000001 1433.333333333333 2100
857 1200.000000000001 1466.666666666667 2100
858 1233.333333333333 533.3333333333335 2100
859 1233.333333333333 566.666666666667 2100
860 1233.333333333333 600.0000000000002 2100
861 1233.333333333333 633.3333333333335 2100
862 1233.333333333333 666.6666666666667 2100
863 1233.333333333333 700.0000000000002 2100
864 1233.333333333333 733.3333333333336 2100
865 1233.333333333333 766.666666666667 2100
866 1233.333333333333 800.0000000000002 2100
867 1233.333333333333 833.3333333333338 2100
868 1233.333333333334 866.6666666666672 2100
869 1233.333333333333 900.0000000000006 2100
870 1233.333333333333 933.3333333333335 2100
871 1233.333333333333 966.6666666666667 2100
872 1233.333333333333 1000 2100
873 1233.333333333334 1033.333333333334 2100
874 1233.333333333333 1066.666666666667 2100
875 1233.333333333333 1100 2100
876 1233.333333333333 1133.333333333334 2100
877 1233.333333333333 1166.666666666667 2100
878 1233.333333333333 1200.000000000001 2100
879 1233.333333333333 1233.333333333334 2100
880 1233.333333333334 1266.666666666667 2100
881 1233.333333333334 1300 2100
882 1233.333333333333 1333.333333333334 2100
883 1233.333333333334 1366.666666666667 2100
884 1233.333333333334 1400 2100
885 1233.333333333333 1433.333333333333 2100
886 1233.333333333333 1466.666666666667 2100
887 1266.666666666667 533.3333333333335 2100
888 1266.666666666667 566.666666666667 2100
889 1266.666666666667 600.0000000000002 2100
890 1266.666666666667 633.3333333333336 2100
891 1266.666666666667 666.6666666666669 2100
892 1266.666666666667 700.0000000000002 2100
893 1266.666666666667 733.3333333333337 2100
894 1266.666666666667 766.6666666666669 2100
895 1266.666666666667 800.0000000000002 2100
896 1266.666666666667 833.3333333333338 2100
897 1266.666666666667 866.6666666666672 2100
898 1266.666666666667 900 2100
899 1266.666666666667 933.3333333333341 2100
900 1266.666666666667 966.666666666667 2100
901 1266.666666666667 1000 2100
902 1266.666666666667 1033.333333333334 2100
903 1266.666666666667 1066.666666666667 2100
904 1266.666666666667 1100 2100
905 1266.666666666667 1133.333333333334 2100
906 1266.666666666667 1166.666666666667 2100
907 1266.666666666667 1200.000000000001 2100
908 1266.666666666667 1233.333333333334 2100
909 1266.666666666667 1266.666666666667 2100
910 1266.666666666667 1300 2100
911 1266.666666666667 1333.333333333334 2100
912 1266.666666666667 1366.666666666667 2100
913 1266.666666666667 1400 2100
914 1266.666666666667 1433.333333333333 2100
915 1266.666666666667 1466.666666666666 2100
916 1300 533.3333333333335 2100
917 1300 566.666666666667 2100
918 1300 600.0000000000002 2100
919 1300 633.3333333333335 2100
920 1300 666.6666666666669 2100
921 1300 700.0000000000002 2100
922 1300.000000000001 733.3333333333337 2100
923 1300 766.666666666667 2100
924 1300 800.0000000000002 2100
925 1300 833.3333333333337 2100
926 1300 866.6666666666672 2100
927 1300 900.0000000000006 2100
928 1300 933.3333333333342 2100
929 1300 966.6666666666669 2100
930 1300 1000.000000000001 2100
931 1300 1033.333333333334 2100
932 1300 1066.666666666667 2100
933 1300 1100 2100
934 1300 1133.333333333334 2100
935 1300 1166.666666666667 2100
936 1300 1200.000000000001 2100
937 1300 1233.333333333334 2100
938 1300 1266.666666666667 2100
939 1300 1300 2100
940 1300 1333.333333333334 2100
941 1300.000000000001 1366.666666666667 2100
942 1300.000000000001 1400 2100
943 1300.000000000001 1433.333333333333 2100
944 1300.000000000001 1466.666666666667 2100
945 1333.333333333333 533.3333333333335 2100
946 1333.333333333333 566.666666666667 2100
947 1333.333333333333 600.0000000000002 2100
948 1333.333333333333 633.3333333333335 2100
949 1333.333333333333 666.6666666666667 2100
950 1333.333333333333 700.0000000000002 2100
951 1333.333333333333 733.3333333333336 2100
952 1333.333333333333 766.666666666667 2100
953 1333.333333333333 800.0000000000003 2100
954 1333.333333333333 833.3333333333338 2100
955 1333.333333333333 866.6666666666671 2100
956 1333.333333333333 900.0000000000007 2100
957 1333.333333333333 933.3333333333335 2100
958 1333.333333333333 966.6666666666669 2100
959 1333.333333333333 1000 2100
960 1333.333333333333 1033.333333333334 2100
961 1333.333333333333 1066.666666666667 2100
962 1333.333333333334 1100.000000000001 2100
963 1333.333333333333 1133.333333333334 2100
964 1333.333333333333 1166.666666666667 2100
965 1333.333333333333 1200.000000000001 2100
966 1333.333333333333 1233.333333333334 2100
967 1333.333333333334 1266.666666666667 2100
968 1333.333333333334 1300.000000000001 2100
969 1333.333333333333 1333.333333333333 2100
970 1333.333333333334 1366.666666666667 2100
971 1333.333333333334 1400 2100
972 1333.333333333334 1433.333333333334 2100
973 1333.333333333333 1466.666666666667 2100
974 1366.666666666667 533.3333333333335 2100
975 1366.666666666667 566.666666666667 2100
976 1366.666666666666 600.0000000000002 2100
977 1366.666666666667 633.3333333333335 2100
978 1366.666666666667 666.6666666666669 2100
979 1366.666666666667 700.0000000000002 2100
980 1366.666666666667 733.3333333333337 2100
981 1366.666666666667 766.6666666666671 2100
982 1366.666666666667 800.0000000000002 2100
983 1366.666666666667 833.3333333333337 2100
984 1366.666666666667 866.6666666666671 2100
985 1366.666666666667 900.0000000000005 2100
986 1366.666666666667 933.3333333333339 2100
987 1366.666666666667 966.6666666666669 2100
988 1366.666666666667 1000 2100
989 1366.666666666667 1033.333333333334 2100
990 1366.666666666667 1066.666666666667 2100
991 1366.666666666667 1100 2100
992 1366.666666666667 1133.333333333334 2100
993 1366.666666666667 1166.666666666667 2100
994 1366.666666666667 1200 2100
995 1366.666666666667 1233.333333333334 2100
996 1366.666666666667 1266.666666666667 2100
997 1366.666666666667 1300 2100
998 1366.666666666667 1333.333333333334 2100
999 1366.666666666667 1366.666666666667 2100
1000 1366.666666666667 1400 2100
1001 1366.666666666667 1433.333333333333 2100
1002 1366.666666666667 1466.666666666667 2100
1003 1400 533.3333333333335 2100
1004 1399.999999999999 566.666666666667 2100
1005 1400 600.0000000000002 2100
1006 1400 633.3333333333335 2100
1007 1400 666.666666666667 2100
1008 1400 700.0000000000002 2100
1009 1400 733.3333333333337 2100
1010 1400 766.666666666667 2100
1011 1400 800.0000000000002 2100
1012 1400 833.3333333333338 2100
1013 1400 866.6666666666671 2100
1014 1400 900.0000000000007 2100
1015 1400 933.3333333333341 2100
1016 1400 966.6666666666669 2100
1017 1400 1000.000000000001 2100
1018 1400 1033.333333333334 2100
1019 1400 1066.666666666667 2100
1020 1400 1100 2100
1021 1400 1133.333333333334 2100
1022 1400 1166.666666666668 2100
1023 1400 1200.000000000001 2100
1024 1400 1233.333333333334 2100
1025 1400 1266.666666666668 2100
1026 1400 1300 2100
1027 1400 1333.333333333334 2100
1028 1400 1366.666666666667 2100
1029 1400 1400 2100
1030 1400 1433.333333333333 2100
1031 1400 1466.666666666666 2100
1032 1433.333333333333 533.3333333333334 2100
1033 1433.333333333333 566.666666666667 2100
1034 1433.333333333333 600.0000000000002 2100
1035 1433.333333333333 633.3333333333335 2100
1036 1433.333333333333 666.6666666666669 2100
1037 1433.333333333333 700.0000000000002 2100
1038 1433.333333333333 733.3333333333336 2100
1039 1433.333333333333 766.666666666667 2100
1040 1433.333333333333 800.0000000000002 2100
1041 1433.333333333333 833.3333333333336 2100
1042 1433.333333333333 866.666666666667 2100
1043 1433.333333333333 900.0000000000005 2100
1044 1433.333333333333 933.3333333333339 2100
1045 1433.333333333333 966.6666666666669 2100
1046 1433.333333333333 1000.000000000001 2100
1047 1433.333333333333 1033.333333333334 2100
1048 1433.333333333333 1066.666666666667 2100
1049 1433.333333333333 1100 2100
1050 1433.333333333333 1133.333333333334 2100
1051 1433.333333333333 1166.666666666667 2100
1052 1433.333333333333 1200.000000000001 2100
1053 1433.333333333333 1233.333333333334 2100
1054 1433.333333333333 1266.666666666667 2100
1055 1433.333333333333 1300 2100
1056 1433.333333333333 1333.333333333334 2100
1057 1433.333333333333 1366.666666666667 2100
1058 1433.333333333334 1400 2100
1059 1433.333333333333 1433.333333333333 2100
1060 1433.333333333334 1466.666666666667 2100
1061 1466.666666666667 533.3333333333335 2100
1062 1466.666666666667 566.666666666667 2100
1063 1466.666666666666 600.0000000000002 2100
1064 1466.666666666667 633.3333333333335 2100
1065 1466.666666666667 666.6666666666669 2100
1066 1466.666666666667 700.0000000000002 2100
1067 1466.666666666666 733.3333333333336 2100
1068 1466.666666666667 766.6666666666669 2100
1069 1466.666666666667 800.0000000000002 2100
1070 1466.666666666667 833.3333333333338 2100
1071 1466.666666666666 866.6666666666671 2100
1072 1466.666666666666 900.0000000000007 2100
1073 1466.666666666667 933.3333333333339 2100
1074 1466.666666666666 966.6666666666669 2100
1075 1466.666666666666 1000 2100
1076 1466.666666666667 1033.333333333334 2100
1077 1466.666666666667 1066.666666666667 2100
1078 1466.666666666667 1100 2100
1079 1466.666666666666 1133.333333333334 2100
1080 1466.666666666667 1166.666666666667 2100
1081 1466.666666666667 1200 2100
1082 1466.666666666667 1233.333333333334 2100
1083 1466.666666666667 1266.666666666668 2100
1084 1466.666666666667 1300 2100
1085 1466.666666666667 1333.333333333333 2100
1086 1466.666666666667 1366.666666666667 2100
1087 1466.666666666667 1400 2100
1088 1466.666666666667 1433.333333333333 2100
1089 1466.666666666667 1466.666666666667 2100
1090 500 1466.666666666667 2233.333333333333
1091 500 1466.666666666667 2366.666666666667
1092 500 1433.333333333333 2233.333333333333
1093 500 1433.333333333333 2366.666666666667
1094 500 1400 2233.333333333333
1095 500 1400 2366.666666666667
1096 500 1366.666666666667 2233.333333333333
1097 500 1366.666666666667 2366.666666666667
1098 500 1333.333333333334 2233.333333333333
1099 500 1333.333333333334 2366.666666666667
1100 500 1300 2233.333333333333
1101 500 1300 2366.666666666667
1102 500 1266.666666666667 2233.333333333333
1103 500 1266.666666666667 2366.666666666667
1104 500 1233.333333333334 2233.333333333333
1105 500 1233.333333333334 2366.666666666667
1106 500 1200.000000000001 2233.333333333333
1107 500 1200.000000000001 2366.666666666667
1108 500 1166.666666666667 2233.333333333333
1109 500 1166.666666666667 2366.666666666667
1110 500 1133.333333333334 2233.333333333333
1111 500 1133.333333333334 2366.666666666667
1112 500 1100 2233.333333333333
1113 500 1100 2366.666666666667
1114 500 1066.666666666667 2233.333333333333
1115 500 1066.666666666667 2366.666666666667
1116 500 1033.333333333334 2233.333333333333
1117 500 1033.333333333334 2366.666666666667
1118 500 1000 2233.333333333333
1119 500 1000 2366.666666666667
1120 500 966.6666666666671 2233.333333333333
1121 500 966.6666666666671 2366.666666666667
1122 500 933.3333333333338 2233.333333333333
1123 500 933.3333333333338 2366.666666666667
1124 500 900.0000000000003 2233.333333333333
1125 500 900.0000000000003 2366.666666666667
1126 500 866.6666666666671 2233.333333333333
1127 500 866.6666666666671 2366.666666666667
1128 500 833.3333333333337 2233.333333333333
1129 500 833.3333333333337 2366.666666666667
1130 500 800.0000000000002 2233.333333333333
1131 500 800.0000000000002 2366.666666666667
1132 500 766.666666666667 2233.333333333333
1133 500 766.666666666667 2366.666666666667
1134 500 733.3333333333336 2233.333333333333
1135 500 733.3333333333336 2366.666666666667
1136 500 700.0000000000002 2233.333333333333
1137 500 700.0000000000002 2366.666666666667
1138 500 666.6666666666669 2233.333333333333
1139 500 666.6666666666669 2366.666666666667
1140 500 633.3333333333335 2233.333333333333
1141 500 633.3333333333335 2366.666666666667
1142 500 600.0000000000002 2233.333333333333
1143 500 600.0000000000002 2366.666666666667
1144 500 566.6666666666667 2233.333333333333
1145 500 566.6666666666667 2366.666666666667
1146 500 533.3333333333335 2233.333333333333
1147 500 533.3333333333335 2366.666666666667
1148 533.3333333333333 500 2233.333333333333
1149 533.3333333333333 500 2366.666666666667
1150 566.6666666666665 500 2233.333333333333
1151 566.6666666666665 500 2366.666666666667
1152 599.9999999999998 500 2233.333333333333
1153 599.9999999999998 500 2366.666666666667
1154 633.333333333333 500 2233.333333333333
1155 633.333333333333 500 2366.666666666667
1156 666.6666666666662 500 2233.333333333333
1157 666.6666666666662 500 2366.666666666667
1158 699.9999999999994 500 2233.333333333333
1159 699.9999999999994 500 2366.666666666667
1160 733.3333333333327 500 2233.333333333333
1161 733.3333333333327 500 2366.666666666667
1162 766.6666666666661 500 2233.333333333333
1163 766.6666666666661 500 2366.666666666667
1164 799.9999999999993 500 2233.333333333333
1165 799.9999999999993 500 2366.666666666667
1166 833.3333333333327 500 2233.333333333333
1167 833.3333333333327 500 2366.666666666667
1168 866.6666666666661 500 2233.333333333333
1169 866.6666666666661 500 2366.666666666667
1170 899.9999999999995 500 2233.333333333333
1171 899.9999999999995 500 2366.666666666667
1172 933.3333333333328 500 2233.333333333333
1173 933.3333333333328 500 2366.666666666667
1174 966.6666666666662 500 2233.333333333333
1175 966.6666666666662 500 2366.666666666667
1176 999.9999999999995 500 2233.333333333333
1177 999.9999999999995 500 2366.666666666667
1178 1033.333333333333 500 2233.333333333333
1179 1033.333333333333 500 2366.666666666667
1180 1066.666666666666 500 2233.333333333333
1181 1066.666666666666 500 2366.666666666667
1182 1100 500 2233.333333333333
1183 1100 500 2366.666666666667
1184 1133.333333333333 500 2233.333333333333
1185 1133.333333333333 500 2366.666666666667
1186 1166.666666666666 500 2233.333333333333
1187 1166.666666666666 500 2366.666666666667
1188 1200 500 2233.333333333333
1189 1200 500 2366.666666666667
1190 1233.333333333333 500 2233.333333333333
1191 1233.333333333333 500 2366.666666666667
1192 1266.666666666667 500 2233.333333333333
1193 1266.666666666667 500 2366.666666666667
1194 1300 500 2233.333333333333
1195 1300 500 2366.666666666667
1196 1333.333333333333 500 2233.333333333333
1197 1333.333333333333 500 2366.666666666667
1198 1366.666666666667 500 2233.333333333333
1199 1366.666666666667 500 2366.666666666667
1200 1400 500 2233.333333333333
1201 1400 500 2366.666666666667
1202 1433.333333333333 500 2233.333333333333
1203 1433.333333333333 500 2366.666666666667
1204 1466.666666666667 500 2233.333333333333
1205 1466.666666666667 500 2366.666666666667
1206 1500 1466.666666666667 2233.333333333333
1207 1500 1466.666666666667 2366.666666666667
1208 1500 1433.333333333333 2233.333333333333
1209 1500 1433.333333333333 2366.666666666667
1210 1500 1400 2233.333333333333
1211 1500 1400 2366.666666666667
1212 1500 1366.666666666667 2233.333333333333
1213 1500 1366.666666666667 2366.666666666667
1214 1500 1333.333333333334 2233.333333333333
1215 1500 1333.333333333334 2366.666666666667
1216 1500 1300 2233.333333333333
1217 1500 1300 2366.666666666667
1218 1500 1266.666666666667 2233.333333333333
1219 1500 1266.666666666667 2366.666666666667
1220 1500 1233.333333333334 2233.333333333333
1221 1500 1233.333333333334 2366.666666666667
1222 1500 1200.000000000001 2233.333333333333
1223 1500 1200.000000000001 2366.666666666667
1224 1500 1166.666666666667 2233.333333333333
1225 1500 1166.666666666667 2366.666666666667
1226 1500 1133.333333333334 2233.333333333333
1227 1500 1133.333333333334 2366.666666666667
1228 1500 1100 2233.333333333333
1229 1500 1100 2366.666666666667
1230 1500 1066.666666666667 2233.333333333333
1231 1500 1066.666666666667 2366.666666666667
1232 1500 1033.333333333334 2233.333333333333
1233 1500 1033.333333333334 2366.666666666667
1234 1500 1000 2233.333333333333
1235 1500 1000 2366.666666666667
1236 1500 966.6666666666671 2233.333333333333
1237 1500 966.6666666666671 2366.666666666667
1238 1500 933.3333333333338 2233.333333333333
1239 1500 933.3333333333338 2366.666666666667
1240 1500 900.0000000000003 2233.333333333333
1241 1500 900.0000000000003 2366.666666666667
1242 1500 866.6666666666671 2233.333333333333
1243 1500 866.6666666666671 2366.666666666667
1244 1500 833.3333333333337 2233.333333333333
1245 1500 833.3333333333337 2366.666666666667
1246 1500 800.0000000000002 2233.333333333333
1247 1500 800.0000000000002 2366.666666666667
1248 1500 766.666666666667 2233.333333333333
1249 1500 766.666666666667 2366.666666666667
1250 1500 733.3333333333336 2233.333333333333
1251 1500 733.3333333333336 2366.666666666667
1252 1500 700.0000000000002 2233.333333333333
1253 1500 700.0000000000002 2366.666666666667
1254 1500 666.6666666666669 2233.333333333333
1255 1500 666.6666666666669 2366.666666666667
1256 1500 633.3333333333335 2233.333333333333
1257 1500 633.3333333333335 2366.666666666667
1258 1500 600.0000000000002 2233.333333333333
1259 1500 600.0000000000002 2366.666666666667
1260 1500 566.6666666666667 2233.333333333333
1261 1500 566.6666666666667 2366.666666666667
1262 1500 533.3333333333335 2233.333333333333
1263 1500 533.3333333333335 2366.666666666667
1264 1466.666666666667 1500 2233.333333333333
1265 1466.666666666667 1500 2366.666666666667
1266 1433.333333333333 1500 2233.333333333333
1267 1433.333333333333 1500 2366.666666666667
1268 1400 1500 2233.333333333333
1269 1400 1500 2366.666666666667
1270 1366.666666666667 1500 2233.333333333333
1271 1366.666666666667 1500 2366.666666666667
1272 1333.333333333334 1500 2233.333333333333
1273 1333.333333333334 1500 2366.666666666667
1274 1300 1500 2233.333333333333
1275 1300 1500 2366.666666666667
1276 1266.666666666667 1500 2233.333333333333
1277 1266.666666666667 1500 2366.666666666667
1278 1233.333333333334 1500 2233.333333333333
1279 1233.333333333334 1500 2366.666666666667
1280 1200.000000000001 1500 2233.333333333333
1281 1200.000000000001 1500 2366.666666666667
1282 1166.666666666667 1500 2233.333333333333
1283 1166.666666666667 1500 2366.666666666667
1284 1133.333333333334 1500 2233.333333333333
1285 1133.333333333334 1500 2366.666666666667
1286 1100 1500 2233.333333333333
1287 1100 1500 2366.666666666667
1288 1066.666666666667 1500 2233.333333333333
1289 1066.666666666667 1500 2366.666666666667
1290 1033.333333333334 1500 2233.333333333333
1291 1033.333333333334 1500 2366.666666666667
1292 1000 1500 2233.333333333333
1293 1000 1500 2366.666666666667
1294 966.6666666666671 1500 2233.333333333333
1295 966.6666666666671 1500 2366.666666666667
1296 933.3333333333338 1500 2233.333333333333
1297 933.3333333333338 1500 2366.666666666667
1298 900.0000000000003 1500 2233.333333333333
1299 900.0000000000003 1500 2366.666666666667
1300 866.6666666666671 1500 2233.333333333333
1301 866.6666666666671 1500 2366.666666666667
1302 833.3333333333337 1500 2233.333333333333
1303 833.3333333333337 1500 2366.666666666667
1304 800.0000000000002 1500 2233.333333333333
1305 800.0000000000002 1500 2366.666666666667
1306 766.666666666667 1500 2233.333333333333
1307 766.666666666667 1500 2366.666666666667
1308 733.3333333333336 1500 2233.333333333333
1309 733.3333333333336 1500 2366.666666666667
1310 700.0000000000002 1500 2233.333333333333
1311 700.0000000000002 1500 2366.666666666667
1312 666.6666666666669 1500 2233.333333333333
1313 666.6666666666669 1500 2366.666666666667
1314 633.3333333333335 1500 2233.333333333333
1315 633.3333333333335 1500 2366.666666666667
1316 600.0000000000002 1500 2233.333333333333
1317 600.0000000000002 1500 2366.666666666667
1318 566.6666666666667 1500 2233.333333333333
1319 566.6666666666667 1500 2366.666666666667
1320 533.3333333333335 1500 2233.333333333333
1321 533.3333333333335 1500 2366.666666666667
1322 533.3333333333331 533.3333333333334 2500
1323 533.3333333333334 566.666666666667 2500
1324 533.3333333333334 600.0000000000002 2500
1325 533.3333333333334 633.3333333333335 2500
1326 533.3333333333331 666.6666666666669 2500
1327 533.3333333333333 700.0000000000001 2500
1328 533.3333333333334 733.3333333333336 2500
1329 533.3333333333334 766.666666666667 2500
1330 533.3333333333334 800.0000000000002 2500
1331 533.3333333333334 833.3333333333337 2500
1332 533.3333333333334 866.666666666667 2500
1333 533.3333333333334 900.0000000000006 2500
1334 533.3333333333333 933.3333333333339 2500
1335 533.3333333333333 966.6666666666667 2500
1336 533.3333333333334 1000 2500
1337 533.3333333333333 1033.333333333334 2500
1338 533.3333333333334 1066.666666666667 2500
1339 533.3333333333335 1100 2500
1340 533.3333333333334 1133.333333333334 2500
1341 533.3333333333333 1166.666666666667 2500
1342 533.3333333333333 1200 2500
1343 533.3333333333334 1233.333333333334 2500
1344 533.3333333333333 1266.666666666667 2500
1345 533.3333333333334 1300 2500
1346 533.3333333333334 1333.333333333333 2500
1347 533.3333333333336 1366.666666666667 2500
1348 533.3333333333334 1400 2500
1349 533.3333333333335 1433.333333333333 2500
1350 533.3333333333336 1466.666666666667 2500
1351 566.6666666666665 533.3333333333335 2500
1352 566.6666666666664 566.6666666666667 2500
1353 566.6666666666666 600.0000000000002 2500
1354 566.6666666666664 633.3333333333335 2500
1355 566.6666666666666 666.6666666666669 2500
1356 566.6666666666666 700.0000000000002 2500
1357 566.6666666666666 733.3333333333337 2500
1358 566.6666666666664 766.666666666667 2500
1359 566.6666666666666 800.0000000000002 2500
1360 566.6666666666666 833.3333333333337 2500
1361 566.6666666666666 866.6666666666671 2500
1362 566.6666666666666 900.0000000000005 2500
1363 566.6666666666665 933.3333333333335 2500
1364 566.6666666666666 966.666666666667 2500
1365 566.6666666666666 1000.000000000001 2500
1366 566.6666666666666 1033.333333333334 2500
1367 566.6666666666666 1066.666666666667 2500
1368 566.6666666666667 1100 2500
1369 566.6666666666667 1133.333333333334 2500
1370 566.6666666666667 1166.666666666667 2500
1371 566.6666666666667 1200.000000000001 2500
1372 566.6666666666666 1233.333333333334 2500
1373 566.6666666666669 1266.666666666667 2500
1374 566.6666666666666 1300 2500
1375 566.6666666666669 1333.333333333334 2500
1376 566.6666666666669 1366.666666666667 2500
1377 566.6666666666669 1400 2500
1378 566.6666666666669 1433.333333333333 2500
1379 566.6666666666669 1466.666666666666 2500
1380 599.9999999999997 533.3333333333335 2500
1381 599.9999999999998 566.666666666667 2500
1382 599.9999999999998 600.0000000000001 2500
1383 599.9999999999998 633.3333333333335 2500
1384 600 666.6666666666667 2500
1385 599.9999999999999 700.0000000000001 2500
1386 599.9999999999997 733.3333333333336 2500
1387 599.9999999999998 766.666666666667 2500
1388 599.9999999999998 800.0000000000002 2500
1389 599.9999999999998 833.3333333333337 2500
1390 600 866.666666666667 2500
1391 600 900.0000000000006 2500
1392 600 933.3333333333341 2500
1393 599.9999999999999 966.6666666666667 2500
1394 600 1000 2500
1395 600 1033.333333333334 2500
1396 600 1066.666666666667 2500
1397 600 1100 2500
1398 600 1133.333333333334 2500
1399 600 1166.666666666667 2500
1400 600.0000000000002 1200 2500
1401 600 1233.333333333334 2500
1402 600.0000000000002 1266.666666666667 2500
1403 600 1300 2500
1404 600.0000000000002 1333.333333333334 2500
1405 600 1366.666666666667 2500
1406 600 1400 2500
1407 600.0000000000002 1433.333333333333 2500
1408 600.0000000000002 1466.666666666667 2500
1409 633.3333333333333 533.3333333333335 2500
1410 633.3333333333328 566.666666666667 2500
1411 633.333333333333 600.0000000000002 2500
1412 633.3333333333331 633.3333333333335 2500
1413 633.333333333333 666.6666666666667 2500
1414 633.333333333333 700.0000000000002 2500
1415 633.3333333333334 733.3333333333337 2500
1416 633.3333333333334 766.6666666666669 2500
1417 633.3333333333333 800.0000000000002 2500
1418 633.333333333333 833.3333333333338 2500
1419 633.3333333333333 866.6666666666671 2500
1420 633.3333333333334 900.0000000000006 2500
1421 633.3333333333331 933.3333333333341 2500
1422 633.3333333333333 966.666666666667 2500
1423 633.3333333333333 1000.000000000001 2500
1424 633.3333333333333 1033.333333333334 2500
1425 633.3333333333333 1066.666666666667 2500
1426 633.3333333333333 1100 2500
1427 633.3333333333334 1133.333333333334 2500
1428 633.3333333333333 1166.666666666668 2500
1429 633.3333333333333 1200.000000000001 2500
1430 633.3333333333335 1233.333333333334 2500
1431 633.3333333333334 1266.666666666668 2500
1432 633.3333333333333 1300 2500
1433 633.3333333333335 1333.333333333333 2500
1434 633.3333333333333 1366.666666666667 2500
1435 633.3333333333335 1400 2500
1436 633.3333333333335 1433.333333333334 2500
1437 633.3333333333333 1466.666666666667 2500
1438 666.6666666666663 533.3333333333335 2500
1439 666.6666666666664 566.666666666667 2500
1440 666.6666666666663 600.0000000000002 2500
1441 666.6666666666665 633.3333333333335 2500
1442 666.6666666666663 666.6666666666669 2500
1443 666.6666666666662 700.0000000000002 2500
1444 666.6666666666665 733.3333333333337 2500
1445 666.6666666666663 766.666666666667 2500
1446 666.6666666666663 800.0000000000002 2500
1447 666.6666666666665 833.3333333333337 2500
1448 666.6666666666665 866.6666666666671 2500
1449 666.6666666666665 900.0000000000005 2500
1450 666.6666666666665 933.3333333333335 2500
1451 666.6666666666665 966.6666666666667 2500
1452 666.6666666666665 1000 2500
1453 666.6666666666665 1033.333333333334 2500
1454 666.6666666666665 1066.666666666667 2500
1455 666.6666666666665 1100 2500
1456 666.6666666666665 1133.333333333334 2500
1457 666.6666666666667 1166.666666666667 2500
1458 666.6666666666665 1200.000000000001 2500
1459 666.6666666666667 1233.333333333334 2500
1460 666.6666666666667 1266.666666666667 2500
1461 666.6666666666667 1300 2500
1462 666.6666666666667 1333.333333333334 2500
1463 666.6666666666667 1366.666666666667 2500
1464 666.666666666667 1400 2500
1465 666.666666666667 1433.333333333333 2500
1466 666.666666666667 1466.666666666666 2500
1467 699.9999999999994 533.3333333333334 2500
1468 699.9999999999995 566.666666666667 2500
1469 699.9999999999994 600.0000000000002 2500
1470 699.9999999999995 633.3333333333335 2500
1471 699.9999999999995 666.6666666666669 2500
1472 699.9999999999994 700.0000000000002 2500
1473 699.9999999999995 733.3333333333337 2500
1474 699.9999999999999 766.6666666666671 2500
1475 699.9999999999995 800.0000000000002 2500
1476 699.9999999999998 833.3333333333337 2500
1477 699.9999999999995 866.6666666666672 2500
1478 699.9999999999998 900.0000000000006 2500
1479 699.9999999999998 933.3333333333341 2500
1480 699.9999999999997 966.666666666667 2500
1481 699.9999999999997 1000.000000000001 2500
1482 699.9999999999997 1033.333333333334 2500
1483 699.9999999999998 1066.666666666667 2500
1484 700 1100 2500
1485 700 1133.333333333334 2500
1486 699.9999999999998 1166.666666666667 2500
1487 700 1200.000000000001 2500
1488 700 1233.333333333334 2500
1489 700 1266.666666666667 2500
1490 700.0000000000002 1300 2500
1491 700.0000000000002 1333.333333333334 2500
1492 700.0000000000002 1366.666666666667 2500
1493 700.0000000000002 1400 2500
1494 700.0000000000002 1433.333333333333 2500
1495 700.0000000000002 1466.666666666667 2500
1496 733.3333333333326 533.3333333333335 2500
1497 733.3333333333328 566.666666666667 2500
1498 733.3333333333328 600.0000000000002 2500
1499 733.3333333333327 633.3333333333335 2500
1500 733.3333333333327 666.666666666667 2500
1501 733.333333333333 700.0000000000002 2500
1502 733.3333333333328 733.3333333333336 2500
1503 733.3333333333329 766.666666666667 2500
1504 733.3333333333329 800.0000000000002 2500
1505 733.3333333333329 833.3333333333337 2500
1506 733.3333333333331 866.6666666666672 2500
1507 733.3333333333333 900.0000000000006 2500
1508 733.3333333333331 933.3333333333341 2500
1509 733.3333333333331 966.666666666667 2500
1510 733.3333333333331 1000.000000000001 2500
1511 733.333333333333 1033.333333333334 2500
1512 733.3333333333331 1066.666666666667 2500
1513 733.3333333333331 1100 2500
1514 733.3333333333331 1133.333333333334 2500
1515 733.3333333333334 1166.666666666667 2500
1516 733.3333333333335 1200.000000000001 2500
1517 733.3333333333335 1233.333333333334 2500
1518 733.3333333333335 1266.666666666667 2500
1519 733.3333333333334 1300 2500
1520 733.3333333333335 1333.333333333334 2500
1521 733.3333333333335 1366.666666666667 2500
1522 733.3333333333337 1400 2500
1523 733.3333333333335 1433.333333333333 2500
1524 733.3333333333336 1466.666666666667 2500
1525 766.6666666666661 533.3333333333335 2500
1526 766.6666666666658 566.666666666667 2500
1527 766.6666666666662 600.0000000000002 2500
1528 766.6666666666664 633.3333333333335 2500
1529 766.6666666666662 666.6666666666669 2500
1530 766.6666666666661 700.0000000000002 2500
1531 766.6666666666664 733.3333333333337 2500
1532 766.6666666666664 766.666666666667 2500
1533 766.6666666666664 800.0000000000002 2500
1534 766.6666666666663 833.3333333333337 2500
1535 766.6666666666663 866.6666666666672 2500
1536 766.6666666666665 900.0000000000005 2500
1537 766.6666666666665 933.3333333333336 2500
1538 766.6666666666665 966.6666666666667 2500
1539 766.6666666666665 1000 2500
1540 766.6666666666665 1033.333333333334 2500
1541 766.6666666666665 1066.666666666667 2500
1542 766.6666666666665 1100 2500
1543 766.6666666666665 1133.333333333334 2500
1544 766.6666666666665 1166.666666666667 2500
1545 766.6666666666667 1200.000000000001 2500
1546 766.6666666666667 1233.333333333334 2500
1547 766.6666666666667 1266.666666666667 2500
1548 766.6666666666667 1300 2500
1549 766.6666666666667 1333.333333333334 2500
1550 766.666666666667 1366.666666666667 2500
1551 766.666666666667 1400 2500
1552 766.666666666667 1433.333333333333 2500
1553 766.666666666667 1466.666666666667 2500
1554 799.9999999999993 533.3333333333335 2500
1555 799.9999999999994 566.666666666667 2500
1556 799.9999999999995 600.0000000000002 2500
1557 799.9999999999993 633.3333333333335 2500
1558 799.9999999999994 666.6666666666669 2500
1559 799.9999999999995 700.0000000000002 2500
1560 799.9999999999997 733.3333333333336 2500
1561 799.9999999999995 766.6666666666667 2500
1562 799.9999999999995 800.0000000000002 2500
1563 799.9999999999997 833.3333333333337 2500
1564 799.9999999999997 866.6666666666672 2500
1565 799.9999999999999 900.0000000000007 2500
1566 799.9999999999998 933.3333333333336 2500
1567 799.9999999999998 966.6666666666669 2500
1568 799.9999999999998 1000 2500
1569 799.9999999999998 1033.333333333334 2500
1570 799.9999999999998 1066.666666666667 2500
1571 799.9999999999998 1100 2500
1572 799.9999999999998 1133.333333333334 2500
1573 799.9999999999998 1166.666666666667 2500
1574 800.0000000000003 1200.000000000001 2500
1575 800 1233.333333333334 2500
1576 800 1266.666666666668 2500
1577 800 1300 2500
1578 800.0000000000002 1333.333333333334 2500
1579 800.0000000000002 1366.666666666667 2500
1580 800.0000000000002 1400 2500
1581 800.0000000000002 1433.333333333334 2500
1582 800.0000000000002 1466.666666666666 2500
1583 833.3333333333328 533.3333333333335 2500
1584 833.3333333333328 566.666666666667 2500
1585 833.3333333333328 600.0000000000002 2500
1586 833.3333333333329 633.3333333333335 2500
1587 833.3333333333329 666.666666666667 2500
1588 833.3333333333327 700.0000000000002 2500
1589 833.333333333333 733.3333333333337 2500
1590 833.3333333333329 766.666666666667 2500
1591 833.3333333333331 800.0000000000002 2500
1592 833.3333333333334 833.3333333333338 2500
1593 833.3333333333331 866.6666666666672 2500
1594 833.3333333333331 900.0000000000007 2500
1595 833.3333333333333 933.3333333333336 2500
1596 833.3333333333333 966.666666666667 2500
1597 833.3333333333331 1000.000000000001 2500
1598 833.3333333333333 1033.333333333334 2500
1599 833.3333333333333 1066.666666666667 2500
1600 833.3333333333334 1100 2500
1601 833.3333333333333 1133.333333333334 2500
1602 833.3333333333334 1166.666666666668 2500
1603 833.3333333333336 1200.000000000001 2500
1604 833.3333333333334 1233.333333333334 2500
1605 833.3333333333335 1266.666666666668 2500
1606 833.3333333333335 1300 2500
1607 833.3333333333336 1333.333333333334 2500
1608 833.3333333333337 1366.666666666667 2500
1609 833.3333333333337 1400 2500
1610 833.3333333333338 1433.333333333334 2500
1611 833.3333333333338 1466.666666666667 2500
1612 866.6666666666662 533.3333333333335 2500
1613 866.6666666666661 566.666666666667 2500
1614 866.6666666666662 600.0000000000002 2500
1615 866.6666666666659 633.3333333333335 2500
1616 866.6666666666665 666.6666666666669 2500
1617 866.6666666666662 700.0000000000002 2500
1618 866.6666666666665 733.3333333333336 2500
1619 866.6666666666662 766.6666666666669 2500
1620 866.6666666666663 800.0000000000002 2500
1621 866.6666666666663 833.3333333333337 2500
1622 866.6666666666665 866.6666666666672 2500
1623 866.6666666666665 900.0000000000006 2500
1624 866.6666666666664 933.3333333333339 2500
1625 866.6666666666666 966.666666666667 2500
1626 866.6666666666665 1000 2500
1627 866.6666666666666 1033.333333333334 2500
1628 866.6666666666665 1066.666666666667 2500
1629 866.6666666666663 1100 2500
1630 866.6666666666664 1133.333333333334 2500
1631 866.6666666666667 1166.666666666667 2500
1632 866.6666666666664 1200 2500
1633 866.6666666666667 1233.333333333334 2500
1634 866.6666666666669 1266.666666666667 2500
1635 866.666666666667 1300 2500
1636 866.6666666666667 1333.333333333334 2500
1637 866.6666666666669 1366.666666666667 2500
1638 866.6666666666669 1400 2500
1639 866.666666666667 1433.333333333333 2500
1640 866.666666666667 1466.666666666667 2500
1641 899.9999999999997 533.3333333333334 2500
1642 899.9999999999997 566.666666666667 2500
1643 899.9999999999998 600.0000000000002 2500
1644 899.9999999999998 633.3333333333335 2500
1645 899.9999999999997 666.6666666666667 2500
1646 899.9999999999998 700.0000000000001 2500
1647 899.9999999999998 733.3333333333338 2500
1648 899.9999999999999 766.6666666666669 2500
1649 899.9999999999998 800.0000000000002 2500
1650 899.9999999999998 833.3333333333337 2500
1651 899.9999999999999 866.666666666667 2500
1652 900 900.0000000000006 2500
1653 899.9999999999998 933.3333333333339 2500
1654 900 966.6666666666672 2500
1655 900 1000 2500
1656 900 1033.333333333334 2500
1657 900 1066.666666666668 2500
1658 900 1100 2500
1659 900 1133.333333333334 2500
1660 900 1166.666666666667 2500
1661 900 1200.000000000001 2500
1662 900 1233.333333333334 2500
1663 900.0000000000002 1266.666666666667 2500
1664 900.0000000000002 1300 2500
1665 900 1333.333333333334 2500
1666 900.0000000000005 1366.666666666667 2500
1667 900.0000000000005 1400 2500
1668 900.0000000000005 1433.333333333333 2500
1669 900.0000000000005 1466.666666666667 2500
1670 933.3333333333327 533.3333333333335 2500
1671 933.3333333333329 566.666666666667 2500
1672 933.3333333333328 600.0000000000002 2500
1673 933.3333333333328 633.3333333333335 2500
1674 933.3333333333329 666.6666666666669 2500
1675 933.3333333333329 700.0000000000002 2500
1676 933.3333333333329 733.3333333333337 2500
1677 933.333333333333 766.666666666667 2500
1678 933.3333333333333 800.0000000000002 2500
1679 933.333333333333 833.3333333333337 2500
1680 933.333333333333 866.6666666666672 2500
1681 933.3333333333333 900.0000000000002 2500
1682 933.3333333333331 933.3333333333337 2500
1683 933.3333333333333 966.666666666667 2500
1684 933.3333333333333 1000 2500
1685 933.3333333333335 1033.333333333334 2500
1686 933.3333333333333 1066.666666666667 2500
1687 933.3333333333334 1100 2500
1688 933.3333333333335 1133.333333333334 2500
1689 933.3333333333333 1166.666666666667 2500
1690 933.3333333333335 1200 2500
1691 933.3333333333338 1233.333333333334 2500
1692 933.3333333333335 1266.666666666667 2500
1693 933.3333333333337 1300 2500
1694 933.3333333333337 1333.333333333334 2500
1695 933.3333333333337 1366.666666666667 2500
1696 933.3333333333337 1400 2500
1697 933.3333333333338 1433.333333333333 2500
1698 933.3333333333337 1466.666666666666 2500
1699 966.6666666666661 533.3333333333334 2500
1700 966.6666666666661 566.666666666667 2500
1701 966.6666666666664 600.0000000000001 2500
1702 966.6666666666663 633.3333333333334 2500
1703 966.6666666666664 666.6666666666667 2500
1704 966.6666666666665 700.0000000000001 2500
1705 966.6666666666664 733.3333333333335 2500
1706 966.6666666666665 766.666666666667 2500
1707 966.6666666666665 800.0000000000002 2500
1708 966.6666666666663 833.3333333333337 2500
1709 966.6666666666666 866.6666666666671 2500
1710 966.6666666666666 900.0000000000005 2500
1711 966.6666666666665 933.3333333333339 2500
1712 966.6666666666667 966.6666666666672 2500
1713 966.6666666666666 1000.000000000001 2500
1714 966.666666666667 1033.333333333334 2500
1715 966.6666666666666 1066.666666666667 2500
1716 966.6666666666666 1100 2500
1717 966.6666666666667 1133.333333333334 2500
1718 966.6666666666667 1166.666666666667 2500
1719 966.6666666666669 1200 2500
1720 966.6666666666669 1233.333333333334 2500
1721 966.6666666666669 1266.666666666667 2500
1722 966.666666666667 1300 2500
1723 966.6666666666669 1333.333333333334 2500
1724 966.6666666666669 1366.666666666667 2500
1725 966.6666666666669 1400 2500
1726 966.6666666666667 1433.333333333333 2500
1727 966.6666666666667 1466.666666666667 2500
1728 999.9999999999995 533.3333333333335 2500
1729 999.9999999999995 566.6666666666669 2500
1730 999.9999999999998 600.0000000000002 2500
1731 999.9999999999995 633.3333333333335 2500
1732 999.9999999999998 666.6666666666669 2500
1733 999.9999999999998 700.0000000000002 2500
1734 999.9999999999998 733.3333333333336 2500
1735 999.9999999999999 766.666666666667 2500
1736 1000 800.0000000000002 2500
1737 1000 833.3333333333337 2500
1738 999.9999999999999 866.6666666666671 2500
1739 999.9999999999997 900.0000000000005 2500
1740 1000 933.3333333333339 2500
1741 1000 966.666666666667 2500
1742 1000 1000 2500
1743 1000 1033.333333333334 2500
1744 1000 1066.666666666667 2500
1745 1000 1100 2500
1746 1000 1133.333333333334 2500
1747 1000 1166.666666666667 2500
1748 1000 1200 2500
1749 1000 1233.333333333334 2500
1750 1000 1266.666666666667 2500
1751 1000 1300 2500
1752 1000 1333.333333333334 2500
1753 1000 1366.666666666667 2500
1754 1000 1400 2500
1755 1000 1433.333333333333 2500
1756 1000 1466.666666666667 2500
1757 1033.333333333333 533.3333333333334 2500
1758 1033.333333333333 566.666666666667 2500
1759 1033.333333333333 600.0000000000002 2500
1760 1033.333333333333 633.3333333333335 2500
1761 1033.333333333333 666.6666666666669 2500
1762 1033.333333333333 700.0000000000002 2500
1763 1033.333333333333 733.3333333333336 2500
1764 1033.333333333333 766.666666666667 2500
1765 1033.333333333333 800.0000000000002 2500
1766 1033.333333333333 833.3333333333337 2500
1767 1033.333333333334 866.6666666666672 2500
1768 1033.333333333333 900.0000000000005 2500
1769 1033.333333333333 933.3333333333341 2500
1770 1033.333333333333 966.6666666666669 2500
1771 1033.333333333333 1000 2500
1772 1033.333333333333 1033.333333333334 2500
1773 1033.333333333333 1066.666666666667 2500
1774 1033.333333333333 1100 2500
1775 1033.333333333333 1133.333333333334 2500
1776 1033.333333333333 1166.666666666667 2500
1777 1033.333333333333 1200.000000000001 2500
1778 1033.333333333333 1233.333333333334 2500
1779 1033.333333333334 1266.666666666667 2500
1780 1033.333333333333 1300 2500
1781 1033.333333333333 1333.333333333334 2500
1782 1033.333333333334 1366.666666666667 2500
1783 1033.333333333334 1400 2500
1784 1033.333333333334 1433.333333333333 2500
1785 1033.333333333334 1466.666666666667 2500
1786 1066.666666666667 533.3333333333335 2500
1787 1066.666666666666 566.666666666667 2500
1788 1066.666666666666 600.0000000000002 2500
1789 1066.666666666666 633.3333333333335 2500
1790 1066.666666666667 666.6666666666669 2500
1791 1066.666666666666 700.0000000000002 2500
1792 1066.666666666667 733.3333333333336 2500
1793 1066.666666666666 766.666666666667 2500
1794 1066.666666666666 800.0000000000002 2500
1795 1066.666666666666 833.3333333333338 2500
1796 1066.666666666666 866.6666666666671 2500
1797 1066.666666666667 900.0000000000005 2500
1798 1066.666666666667 933.3333333333339 2500
1799 1066.666666666667 966.6666666666673 2500
1800 1066.666666666667 1000 2500
1801 1066.666666666666 1033.333333333334 2500
1802 1066.666666666667 1066.666666666667 2500
1803 1066.666666666667 1100 2500
1804 1066.666666666667 1133.333333333334 2500
1805 1066.666666666667 1166.666666666667 2500
1806 1066.666666666667 1200.000000000001 2500
1807 1066.666666666667 1233.333333333334 2500
1808 1066.666666666667 1266.666666666667 2500
1809 1066.666666666667 1300 2500
1810 1066.666666666667 1333.333333333334 2500
1811 1066.666666666667 1366.666666666667 2500
1812 1066.666666666667 1400 2500
1813 1066.666666666667 1433.333333333333 2500
1814 1066.666666666667 1466.666666666667 2500
1815 1100 533.3333333333334 2500
1816 1100 566.666666666667 2500
1817 1100 600.0000000000002 2500
1818 1099.999999999999 633.3333333333335 2500
1819 1100 666.6666666666669 2500
1820 1100 700.0000000000002 2500
1821 1100 733.3333333333337 2500
1822 1100 766.666666666667 2500
1823 1100 800.0000000000003 2500
1824 1100 833.3333333333337 2500
1825 1100 866.6666666666672 2500
1826 1100 900.0000000000005 2500
1827 1100 933.3333333333336 2500
1828 1100 966.6666666666667 2500
1829 1100 1000 2500
1830 1100 1033.333333333334 2500
1831 1100 1066.666666666667 2500
1832 1100 1100 2500
1833 1100 1133.333333333334 2500
1834 1100 1166.666666666667 2500
1835 1100 1200 2500
1836 1100 1233.333333333334 2500
1837 1100 1266.666666666667 2500
1838 1100 1300 2500
1839 1100 1333.333333333334 2500
1840 1100 1366.666666666667 2500
1841 1100 1400 2500
1842 1100 1433.333333333333 2500
1843 1100 1466.666666666667 2500
1844 1133.333333333333 533.3333333333335 2500
1845 1133.333333333333 566.666666666667 2500
1846 1133.333333333333 600.0000000000002 2500
1847 1133.333333333333 633.3333333333335 2500
1848 1133.333333333333 666.6666666666669 2500
1849 1133.333333333333 700.0000000000002 2500
1850 1133.333333333333 733.3333333333336 2500
1851 1133.333333333333 766.666666666667 2500
1852 1133.333333333333 800.0000000000002 2500
1853 1133.333333333333 833.3333333333337 2500
1854 1133.333333333333 866.6666666666672 2500
1855 1133.333333333333 900.0000000000001 2500
1856 1133.333333333333 933.3333333333339 2500
1857 1133.333333333333 966.6666666666667 2500
1858 1133.333333333333 1000 2500
1859 1133.333333333333 1033.333333333334 2500
1860 1133.333333333333 1066.666666666667 2500
1861 1133.333333333333 1100 2500
1862 1133.333333333333 1133.333333333334 2500
1863 1133.333333333333 1166.666666666667 2500
1864 1133.333333333333 1200 2500
1865 1133.333333333333 1233.333333333334 2500
1866 1133.333333333333 1266.666666666667 2500
1867 1133.333333333333 1300 2500
1868 1133.333333333334 1333.333333333334 2500
1869 1133.333333333334 1366.666666666667 2500
1870 1133.333333333334 1400 2500
1871 1133.333333333334 1433.333333333333 2500
1872 1133.333333333334 1466.666666666667 2500
1873 1166.666666666667 533.3333333333335 2500
1874 1166.666666666666 566.666666666667 2500
1875 1166.666666666666 600.0000000000002 2500
1876 1166.666666666666 633.3333333333335 2500
1877 1166.666666666667 666.6666666666669 2500
1878 1166.666666666667 700.0000000000002 2500
1879 1166.666666666666 733.3333333333336 2500
1880 1166.666666666667 766.666666666667 2500
1881 1166.666666666666 800.0000000000002 2500
1882 1166.666666666667 833.3333333333337 2500
1883 1166.666666666667 866.6666666666672 2500
1884 1166.666666666667 900.0000000000001 2500
1885 1166.666666666667 933.3333333333339 2500
1886 1166.666666666667 966.6666666666667 2500
1887 1166.666666666667 1000 2500
1888 1166.666666666667 1033.333333333334 2500
1889 1166.666666666667 1066.666666666667 2500
1890 1166.666666666667 1100 2500
1891 1166.666666666667 1133.333333333334 2500
1892 1166.666666666667 1166.666666666667 2500
1893 1166.666666666667 1200.000000000001 2500
1894 1166.666666666667 1233.333333333334 2500
1895 1166.666666666667 1266.666666666667 2500
1896 1166.666666666667 1300 2500
1897 1166.666666666667 1333.333333333334 2500
1898 1166.666666666667 1366.666666666667 2500
1899 1166.666666666667 1400 2500
1900 1166.666666666667 1433.333333333333 2500
1901 1166.666666666667 1466.666666666667 2500
1902 1200 533.3333333333334 2500
1903 1200 566.666666666667 2500
1904 1200 600.0000000000002 2500
1905 1200 633.3333333333335 2500
1906 1200 666.666666666667 2500
1907 1200 700.0000000000002 2500
1908 1200 733.3333333333337 2500
1909 1200 766.6666666666669 2500
1910 1200 800.0000000000002 2500
1911 1200 833.3333333333337 2500
1912 1200 866.6666666666671 2500
1913 1200 900.0000000000007 2500
1914 1200 933.3333333333339 2500
1915 1200 966.6666666666667 2500
1916 1200 1000 2500
1917 1200 1033.333333333334 2500
1918 1200 1066.666666666667 2500
1919 1200 1100 2500
1920 1200 1133.333333333334 2500
1921 1200.000000000001 1166.666666666667 2500
1922 1200.000000000001 1200 2500
1923 1200.000000000001 1233.333333333334 2500
1924 1200.000000000001 1266.666666666667 2500
1925 1200.000000000001 1300 2500
1926 1200.000000000001 1333.333333333334 2500
1927 1200.000000000001 1366.666666666667 2500
1928 1200.000000000001 1400 2500
1929 1200.000000000001 1433.333333333333 2500
1930 1200.000000000001 1466.666666666667 2500
1931 1233.333333333333 533.3333333333335 2500
1932 1233.333333333333 566.666666666667 2500
1933 1233.333333333333 600.0000000000002 2500
1934 1233.333333333333 633.3333333333335 2500
1935 1233.333333333333 666.6666666666667 2500
1936 1233.333333333333 700.0000000000002 2500
1937 1233.333333333333 733.3333333333336 2500
1938 1233.333333333333 766.666666666667 2500
1939 1233.333333333333 800.0000000000002 2500
1940 1233.333333333333 833.3333333333338 2500
1941 1233.333333333334 866.6666666666672 2500
1942 1233.333333333333 900.0000000000006 2500
1943 1233.333333333333 933.3333333333335 2500
1944 1233.333333333333 966.6666666666667 2500
1945 1233.333333333333 1000 2500
1946 1233.333333333334 1033.333333333334 2500
1947 1233.333333333333 1066.666666666667 2500
1948 1233.333333333333 1100 2500
1949 1233.333333333333 1133.333333333334 2500
1950 1233.333333333333 1166.666666666667 2500
1951 1233.333333333333 1200.000000000001 2500
1952 1233.333333333333 1233.333333333334 2500
1953 1233.333333333334 1266.666666666667 2500
1954 1233.333333333334 1300 2500
1955 1233.333333333333 1333.333333333334 2500
1956 1233.333333333334 1366.666666666667 2500
1957 1233.333333333334 1400 2500
1958 1233.333333333333 1433.333333333333 2500
1959 1233.333333333333 1466.666666666667 2500
1960 1266.666666666667 533.3333333333335 2500
1961 1266.666666666667 566.666666666667 2500
1962 1266.666666666667 600.0000000000002 2500
1963 1266.666666666667 633.3333333333336 2500
1964 1266.666666666667 666.6666666666669 2500
1965 1266.666666666667 700.0000000000002 2500
1966 1266.666666666667 733.3333333333337 2500
1967 1266.666666666667 766.6666666666669 2500
1968 1266.666666666667 800.0000000000002 2500
1969 1266.666666666667 833.3333333333338 2500
1970 1266.666666666667 866.6666666666672 2500
1971 1266.666666666667 900 2500
1972 1266.666666666667 933.3333333333341 2500
1973 1266.666666666667 966.666666666667 2500
1974 1266.666666666667 1000 2500
1975 1266.666666666667 1033.333333333334 2500
1976 1266.666666666667 1066.666666666667 2500
1977 1266.666666666667 1100 2500
1978 1266.666666666667 1133.333333333334 2500
1979 1266.666666666667 1166.666666666667 2500
1980 1266.666666666667 1200.000000000001 2500
1981 1266.666666666667 1233.333333333334 2500
1982 1266.666666666667 1266.666666666667 2500
1983 1266.666666666667 1300 2500
1984 1266.666666666667 1333.333333333334 2500
1985 1266.666666666667 1366.666666666667 2500
1986 1266.666666666667 1400 2500
1987 1266.666666666667 1433.333333333333 2500
1988 1266.666666666667 1466.666666666666 2500
1989 1300 533.3333333333335 2500
1990 1300 566.666666666667 2500
1991 1300 600.0000000000002 2500
1992 1300 633.3333333333335 2500
1993 1300 666.6666666666669 2500
1994 1300 700.0000000000002 2500
1995 1300.000000000001 733.3333333333337 2500
1996 1300 766.666666666667 2500
1997 1300 800.0000000000002 2500
1998 1300 833.3333333333337 2500
1999 1300 866.6666666666672 2500
2000 1300 900.0000000000006 2500
2001 1300 933.3333333333342 2500
2002 1300 966.6666666666669 2500
2003 1300 1000.000000000001 2500
2004 1300 1033.333333333334 2500
2005 1300 1066.666666666667 2500
2006 1300 1100 2500
2007 1300 1133.333333333334 2500
2008 1300 1166.666666666667 2500
2009 1300 1200.000000000001 2500
2010 1300 1233.333333333334 2500
2011 1300 1266.666666666667 2500
2012 1300 1300 2500
2013 1300 1333.333333333334 2500
2014 1300.000000000001 1366.666666666667 2500
2015 1300.000000000001 1400 2500
2016 1300.000000000001 1433.333333333333 2500
2017 1300.000000000001 1466.666666666667 2500
2018 1333.333333333333 533.3333333333335 2500
2019 1333.333333333333 566.666666666667 2500
2020 1333.333333333333 600.0000000000002 2500
2021 1333.333333333333 633.3333333333335 2500
2022 1333.333333333333 666.6666666666667 2500
2023 1333.333333333333 700.0000000000002 2500
2024 1333.333333333333 733.3333333333336 2500
2025 1333.333333333333 766.666666666667 2500
2026 1333.333333333333 800.0000000000003 2500
2027 1333.333333333333 833.3333333333338 2500
2028 1333.333333333333 866.6666666666671 2500
2029 1333.333333333333 900.0000000000007 2500
2030 1333.333333333333 933.3333333333335 2500
2031 1333.333333333333 966.6666666666669 2500
2032 1333.333333333333 1000 2500
2033 1333.333333333333 1033.333333333334 2500
2034 1333.333333333333 1066.666666666667 2500
2035 1333.333333333334 1100.000000000001 2500
2036 1333.333333333333 1133.333333333334 2500
2037 1333.333333333333 1166.666666666667 2500
2038 1333.333333333333 1200.000000000001 2500
2039 1333.333333333333 1233.333333333334 2500
2040 1333.333333333334 1266.666666666667 2500
2041 1333.333333333334 1300.000000000001 2500
2042 1333.333333333333 1333.333333333333 2500
2043 1333.333333333334 1366.666666666667 2500
2044 1333.333333333334 1400 2500
2045 1333.333333333334 1433.333333333334 2500
2046 1333.333333333333 1466.666666666667 2500
2047 1366.666666666667 533.3333333333335 2500
2048 1366.666666666667 566.666666666667 2500
2049 1366.666666666666 600.0000000000002 2500
2050 1366.666666666667 633.3333333333335 2500
2051 1366.666666666667 666.6666666666669 2500
2052 1366.666666666667 700.0000000000002 2500
2053 1366.666666666667 733.3333333333337 2500
2054 1366.666666666667 766.6666666666671 2500
2055 1366.666666666667 800.0000000000002 2500
2056 1366.666666666667 833.3333333333337 2500
2057 1366.666666666667 866.6666666666671 2500
2058 1366.666666666667 900.0000000000005 2500
2059 1366.666666666667 933.3333333333339 2500
2060 1366.666666666667 966.6666666666669 2500
2061 1366.666666666667 1000 2500
2062 1366.666666666667 1033.333333333334 2500
2063 1366.666666666667 1066.666666666667 2500
2064 1366.666666666667 1100 2500
2065 1366.666666666667 1133.333333333334 2500
2066 1366.666666666667 1166.666666666667 2500
2067 1366.666666666667 1200 2500
2068 1366.666666666667 1233.333333333334 2500
2069 1366.666666666667 1266.666666666667 2500
2070 1366.666666666667 1300 2500
2071 1366.666666666667 1333.333333333334 2500
2072 1366.666666666667 1366.666666666667 2500
2073 1366.666666666667 1400 2500
2074 1366.666666666667 1433.333333333333 2500
2075 1366.666666666667 1466.666666666667 2500
2076 1400 533.3333333333335 2500
2077 1399.999999999999 566.666666666667 2500
2078 1400 600.0000000000002 2500
2079 1400 633.3333333333335 2500
2080 1400 666.666666666667 2500
2081 1400 700.0000000000002 2500
2082 1400 733.3333333333337 2500
2083 1400 766.666666666667 2500
2084 1400 800.0000000000002 2500
2085 1400 833.3333333333338 2500
2086 1400 866.6666666666671 2500
2087 1400 900.0000000000007 2500
2088 1400 933.3333333333341 2500
2089 1400 966.6666666666669 2500
2090 1400 1000.000000000001 2500
2091 1400 1033.333333333334 2500
2092 1400 1066.666666666667 2500
2093 1400 1100 2500
2094 1400 1133.333333333334 2500
2095 1400 1166.666666666668 2500
2096 1400 1200.000000000001 2500
2097 1400 1233.333333333334 2500
2098 1400 1266.666666666668 2500
2099 1400 1300 2500
2100 1400 1333.333333333334 2500
2101 1400 1366.666666666667 2500
2102 1400 1400 2500
2103 1400 1433.333333333333 2500
2104 1400 1466.666666666666 2500
2105 1433.333333333333 533.3333333333334 2500
2106 1433.333333333333 566.666666666667 2500
2107 1433.333333333333 600.0000000000002 2500
2108 1433.333333333333 633.3333333333335 2500
2109 1433.333333333333 666.6666666666669 2500
2110 1433.333333333333 700.0000000000002 2500
2111 1433.333333333333 733.3333333333336 2500
2112 1433.333333333333 766.666666666667 2500
2113 1433.333333333333 800.0000000000002 2500
2114 1433.333333333333 833.3333333333336 2500
2115 1433.333333333333 866.666666666667 2500
2116 1433.333333333333 900.0000000000005 2500
2117 1433.333333333333 933.3333333333339 2500
2118 1433.333333333333 966.6666666666669 2500
2119 1433.333333333333 1000.000000000001 2500
2120 1433.333333333333 1033.333333333334 2500
2121 1433.333333333333 1066.666666666667 2500
2122 1433.333333333333 1100 2500
2123 1433.333333333333 1133.333333333334 2500
2124 1433.333333333333 1166.666666666667 2500
2125 1433.333333333333 1200.000000000001 2500
2126 1433.333333333333 1233.333333333334 2500
2127 1433.333333333333 1266.666666666667 2500
2128 1433.333333333333 1300 2500
2129 1433.333333333333 1333.333333333334 2500
2130 1433.333333333333 1366.666666666667 2500
2131 1433.333333333334 1400 2500
2132 1433.333333333333 1433.333333333333 2500
2133 1433.333333333334 1466.666666666667 2500
2134 1466.666666666667 533.3333333333335 2500
2135 1466.666666666667 566.666666666667 2500
2136 1466.666666666666 600.0000000000002 2500
2137 1466.666666666667 633.3333333333335 2500
2138 1466.666666666667 666.6666666666669 2500
2139 1466.666666666667 700.0000000000002 2500
2140 1466.666666666666 733.3333333333336 2500
2141 1466.666666666667 766.6666666666669 2500
2142 1466.666666666667 800.0000000000002 2500
2143 1466.666666666667 833.3333333333338 2500
2144 1466.666666666666 866.6666666666671 2500
2145 1466.666666666666 900.0000000000007 2500
2146 1466.666666666667 933.3333333333339 2500
2147 1466.666666666666 966.6666666666669 2500
2148 1466.666666666666 1000 2500
2149 1466.666666666667 1033.333333333334 2500
2150 1466.666666666667 1066.666666666667 2500
2151 1466.666666666667 1100 2500
2152 1466.666666666666 1133.333333333334 2500
2153 1466.666666666667 1166.666666666667 2500
2154 1466.666666666667 1200 2500
2155 1466.666666666667 1233.333333333334 2500
2156 1466.666666666667 1266.666666666668 2500
2157 1466.666666666667 1300 2500
2158 1466.666666666667 1333.333333333333 2500
2159 1466.666666666667 1366.666666666667 2500
2160 1466.666666666667 1400 2500
2161 1466.666666666667 1433.333333333333 2500
2162 1466.666666666667 1466.666666666667 2500
2163 533.3333333333331 533.3333333333334 2233.333333333333
2164 533.3333333333331 533.3333333333334 2366.666666666667
2165 533.3333333333334 566.666666666667 2233.333333333333
2166 533.3333333333334 566.666666666667 2366.666666666667
2167 533.3333333333334 600.0000000000002 2233.333333333333
2168 533.3333333333334 600.0000000000002 2366.666666666667
2169 533.3333333333334 633.3333333333335 2233.333333333333
2170 533.3333333333334 633.3333333333335 2366.666666666667
2171 533.3333333333331 666.6666666666669 2233.333333333333
2172 533.3333333333331 666.6666666666669 2366.666666666667
2173 533.3333333333333 700.0000000000001 2233.333333333333
2174 533.3333333333333 700.0000000000001 2366.666666666667
2175 533.3333333333334 733.3333333333336 2233.333333333333
2176 533.3333333333334 733.3333333333336 2366.666666666667
2177 533.3333333333334 766.666666666667 2233.333333333333
2178 533.3333333333334 766.666666666667 2366.666666666667
2179 533.3333333333334 800.0000000000002 2233.333333333333
2180 533.3333333333334 800.0000000000002 2366.666666666667
2181 533.3333333333334 833.3333333333337 2233.333333333333
2182 533.3333333333334 833.3333333333337 2366.666666666667
2183 533.3333333333334 866.666666666667 2233.333333333333
2184 533.3333333333334 866.666666666667 2366.666666666667
2185 533.3333333333334 900.0000000000006 2233.333333333333
2186 533.3333333333334 900.0000000000006 2366.666666666667
2187 533.3333333333333 933.3333333333339 2233.333333333333
2188 533.3333333333333 933.3333333333339 2366.666666666667
2189 533.3333333333333 966.6666666666667 2233.333333333333
2190 533.3333333333333 966.6666666666667 2366.666666666667
2191 533.3333333333334 1000 2233.333333333333
2192 533.3333333333334 1000 2366.666666666667
2193 533.3333333333333 1033.333333333334 2233.333333333333
2194 533.3333333333333 1033.333333333334 2366.666666666667
2195 533.3333333333334 1066.666666666667 2233.333333333333
2196 533.3333333333334 1066.666666666667 2366.666666666667
2197 533.3333333333335 1100 2233.333333333333
2198 533.3333333333335 1100 2366.666666666667
2199 533.3333333333334 1133.333333333334 2233.333333333333
2200 533.3333333333334 1133.333333333334 2366.666666666667
2201 533.3333333333333 1166.666666666667 2233.333333333333
2202 533.3333333333333 1166.666666666667 2366.666666666667
2203 533.3333333333333 1200 2233.333333333333
2204 533.3333333333333 1200 2366.666666666667
2205 533.3333333333334 1233.333333333334 2233.333333333333
2206 533.3333333333334 1233.333333333334 2366.666666666667
2207 533.3333333333333 1266.666666666667 2233.333333333333
2208 533.3333333333333 1266.666666666667 2366.666666666667
2209 533.3333333333334 1300 2233.333333333333
2210 533.3333333333334 1300 2366.666666666667
2211 533.3333333333334 1333.333333333333 2233.333333333333
2212 533.3333333333334 1333.333333333333 2366.666666666667
2213 533.3333333333336 1366.666666666667 2233.333333333333
2214 533.3333333333336 1366.666666666667 2366.666666666667
2215 533.3333333333334 1400 2233.333333333333
2216 533.3333333333334 1400 2366.666666666667
2217 533.3333333333335 1433.333333333333 2233.333333333333
2218 533.3333333333335 1433.333333333333 2366.666666666667
2219 533.3333333333336 1466.666666666667 2233.333333333333
2220 533.3333333333336 1466.666666666667 2366.666666666667
2221 566.6666666666665 533.3333333333335 2233.333333333333
2222 566.6666666666665 533.3333333333335 2366.666666666667
2223 566.6666666666664 566.6666666666667 2233.333333333333
2224 566.6666666666664 566.6666666666667 2366.666666666667
2225 566.6666666666666 600.0000000000002 2233.333333333333
2226 566.6666666666666 600.0000000000002 2366.666666666667
2227 566.6666666666664 633.3333333333335 2233.333333333333
2228 566.6666666666664 633.3333333333335 2366.666666666667
2229 566.6666666666666 666.6666666666669 2233.333333333333
2230 566.6666666666666 666.6666666666669 2366.666666666667
2231 566.6666666666666 700.0000000000002 2233.333333333333
2232 566.6666666666666 700.0000000000002 2366.666666666667
2233 566.6666666666666 733.3333333333337 2233.333333333333
2234 566.6666666666666 733.3333333333337 2366.666666666667
2235 566.6666666666664 766.666666666667 2233.333333333333
2236 566.6666666666664 766.666666666667 2366.666666666667
2237 566.6666666666666 800.0000000000002 2233.333333333333
2238 566.6666666666666 800.0000000000002 2366.666666666667
2239 566.6666666666666 833.3333333333337 2233.333333333333
2240 566.6666666666666 833.3333333333337 2366.666666666667
2241 566.6666666666666 866.6666666666671 2233.333333333333
2242 566.6666666666666 866.6666666666671 2366.666666666667
2243 566.6666666666666 900.0000000000005 2233.333333333333
2244 566.6666666666666 900.0000000000005 2366.666666666667
2245 566.6666666666665 933.3333333333335 2233.333333333333
2246 566.6666666666665 933.3333333333335 2366.666666666667
2247 566.6666666666666 966.666666666667 2233.333333333333
2248 566.6666666666666 966.666666666667 2366.666666666667
2249 566.6666666666666 1000.000000000001 2233.333333333333
2250 566.6666666666666 1000.000000000001 2366.666666666667
2251 566.6666666666666 1033.333333333334 2233.333333333333
2252 566.6666666666666 1033.333333333334 2366.666666666667
2253 566.6666666666666 1066.666666666667 2233.333333333333
2254 566.6666666666666 1066.666666666667 2366.666666666667
2255 566.6666666666667 1100 2233.333333333333
2256 566.6666666666667 1100 2366.666666666667
2257 566.6666666666667 1133.333333333334 2233.333333333333
2258 566.6666666666667 1133.333333333334 2366.666666666667
2259 566.6666666666667 1166.666666666667 2233.333333333333
2260 566.6666666666667 1166.666666666667 2366.666666666667
2261 566.6666666666667 1200.000000000001 2233.333333333333
2262 566.6666666666667 1200.000000000001 2366.666666666667
2263 566.6666666666666 1233.333333333334 2233.333333333333
2264 566.6666666666666 1233.333333333334 2366.666666666667
2265 566.6666666666669 1266.666666666667 2233.333333333333
2266 566.6666666666669 1266.666666666667 2366.666666666667
2267 566.6666666666666 1300 2233.333333333333
2268 566.6666666666666 1300 2366.666666666667
2269 566.6666666666669 1333.333333333334 2233.333333333333
2270 566.6666666666669 1333.333333333334 2366.666666666667
2271 566.6666666666669 1366.666666666667 2233.333333333333
2272 566.6666666666669 1366.666666666667 2366.666666666667
2273 566.6666666666669 1400 2233.333333333333
2274 566.6666666666669 1400 2366.666666666667
2275 566.6666666666669 1433.333333333333 2233.333333333333
2276 566.6666666666669 1433.333333333333 2366.666666666667
2277 566.6666666666669 1466.666666666666 2233.333333333333
2278 566.6666666666669 1466.666666666666 2366.666666666667
2279 599.9999999999997 533.3333333333335 2233.333333333333
2280 599.9999999999997 533.3333333333335 2366.666666666667
2281 599.9999999999998 566.666666666667 2233.333333333333
2282 599.9999999999998 566.666666666667 2366.666666666667
2283 599.9999999999998 600.0000000000001 2233.333333333333
2284 599.9999999999998 600.0000000000001 2366.666666666667
2285 599.9999999999998 633.3333333333335 2233.333333333333
2286 599.9999999999998 633.3333333333335 2366.666666666667
2287 600 666.6666666666667 2233.333333333333
2288 600 666.6666666666667 2366.666666666667
2289 599.9999999999999 700.0000000000001 2233.333333333333
2290 599.9999999999999 700.0000000000001 2366.666666666667
2291 599.9999999999997 733.3333333333336 2233.333333333333
2292 599.9999999999997 733.3333333333336 2366.666666666667
2293 599.9999999999998 766.666666666667 2233.333333333333
2294 599.9999999999998 766.666666666667 2366.666666666667
2295 599.9999999999998 800.0000000000002 2233.333333333333
2296 599.9999999999998 800.0000000000002 2366.666666666667
2297 599.9999999999998 833.3333333333337 2233.333333333333
2298 599.9999999999998 833.3333333333337 2366.666666666667
2299 600 866.666666666667 2233.333333333333
2300 600 866.666666666667 2366.666666666667
2301 600 900.0000000000006 2233.333333333333
2302 600 900.0000000000006 2366.666666666667
2303 600 933.3333333333341 2233.333333333333
2304 600 933.3333333333341 2366.666666666667
2305 599.9999999999999 966.6666666666667 2233.333333333333
2306 599.9999999999999 966.6666666666667 2366.666666666667
2307 600 1000 2233.333333333333
2308 600 1000 2366.666666666667
2309 600 1033.333333333334 2233.333333333333
2310 600 1033.333333333334 2366.666666666667
2311 600 1066.666666666667 2233.333333333333
2312 600 1066.666666666667 2366.666666666667
2313 600 1100 2233.333333333333
2314 600 1100 2366.666666666667
2315 600 1133.333333333334 2233.333333333333
2316 600 1133.333333333334 2366.666666666667
2317 600 1166.666666666667 2233.333333333333
2318 600 1166.666666666667 2366.666666666667
2319 600.0000000000002 1200 2233.333333333333
2320 600.0000000000002 1200 2366.666666666667
2321 600 1233.333333333334 2233.333333333333
2322 600 1233.333333333334 2366.666666666667
2323 600.0000000000002 1266.666666666667 2233.333333333333
2324 600.0000000000002 1266.666666666667 2366.666666666667
2325 600 1300 2233.333333333333
2326 600 1300 2366.666666666667
2327 600.0000000000002 1333.333333333334 2233.333333333333
2328 600.0000000000002 1333.333333333334 2366.666666666667
2329 600 1366.666666666667 2233.333333333333
2330 600 1366.666666666667 2366.666666666667
2331 600 1400 2233.333333333333
2332 600 1400 2366.666666666667
2333 600.0000000000002 1433.333333333333 2233.333333333333
2334 600.0000000000002 1433.333333333333 2366.666666666667
2335 600.0000000000002 1466.666666666667 2233.333333333333
2336 600.0000000000002 1466.666666666667 2366.666666666667
2337 633.3333333333333 533.3333333333335 2233.333333333333
2338 633.3333333333333 533.3333333333335 2366.666666666667
2339 633.3333333333328 566.666666666667 2233.333333333333
2340 633.3333333333328 566.666666666667 2366.666666666667
2341 633.333333333333 600.0000000000002 2233.333333333333
2342 633.333333333333 600.0000000000002 2366.666666666667
2343 633.3333333333331 633.3333333333335 2233.333333333333
2344 633.3333333333331 633.3333333333335 2366.666666666667
2345 633.333333333333 666.6666666666667 2233.333333333333
2346 633.333333333333 666.6666666666667 2366.666666666667
2347 633.333333333333 700.0000000000002 2233.333333333333
2348 633.333333333333 700.0000000000002 2366.666666666667
2349 633.3333333333334 733.3333333333337 2233.333333333333
2350 633.3333333333334 733.3333333333337 2366.666666666667
2351 633.3333333333334 766.6666666666669 2233.333333333333
2352 633.3333333333334 766.6666666666669 2366.666666666667
2353 633.3333333333333 800.0000000000002 2233.333333333333
2354 633.3333333333333 800.0000000000002 2366.666666666667
2355 633.333333333333 833.3333333333338 2233.333333333333
2356 633.333333333333 833.3333333333338 2366.666666666667
2357 633.3333333333333 866.6666666666671 2233.333333333333
2358 633.3333333333333 866.6666666666671 2366.666666666667
2359 633.3333333333334 900.0000000000006 2233.333333333333
2360 633.3333333333334 900.0000000000006 2366.666666666667
2361 633.3333333333331 933.3333333333341 2233.333333333333
2362 633.3333333333331 933.3333333333341 2366.666666666667
2363 633.3333333333333 966.666666666667 2233.333333333333
2364 633.3333333333333 966.666666666667 2366.666666666667
2365 633.3333333333333 1000.000000000001 2233.333333333333
2366 633.3333333333333 1000.000000000001 2366.666666666667
2367 633.3333333333333 1033.333333333334 2233.333333333333
2368 633.3333333333333 1033.333333333334 2366.666666666667
2369 633.3333333333333 1066.666666666667 2233.333333333333
2370 633.3333333333333 1066.666666666667 2366.666666666667
2371 633.3333333333333 1100 2233.333333333333
2372 633.3333333333333 1100 2366.666666666667
2373 633.3333333333334 1133.333333333334 2233.333333333333
2374 633.3333333333334 1133.333333333334 2366.666666666667
2375 633.3333333333333 1166.666666666668 2233.333333333333
2376 633.3333333333333 1166.666666666668 2366.666666666667
2377 633.3333333333333 1200.000000000001 2233.333333333333
2378 633.3333333333333 1200.000000000001 2366.666666666667
2379 633.3333333333335 1233.333333333334 2233.333333333333
2380 633.3333333333335 1233.333333333334 2366.666666666667
2381 633.3333333333334 1266.666666666668 2233.333333333333
2382 633.3333333333334 1266.666666666668 2366.666666666667
2383 633.3333333333333 1300 2233.333333333333
2384 633.3333333333333 1300 2366.666666666667
2385 633.3333333333335 1333.333333333333 2233.333333333333
2386 633.3333333333335 1333.333333333333 2366.666666666667
2387 633.3333333333333 1366.666666666667 2233.333333333333
2388 633.3333333333333 1366.666666666667 2366.666666666667
2389 633.3333333333335 1400 2233.333333333333
2390 633.3333333333335 1400 2366.666666666667
2391 633.3333333333335 1433.333333333334 2233.333333333333
2392 633.3333333333335 1433.333333333334 2366.666666666667
2393 633.3333333333333 1466.666666666667 2233.333333333333
2394 633.3333333333333 1466.666666666667 2366.666666666667
2395 666.6666666666663 533.3333333333335 2233.333333333333
2396 666.6666666666663 533.3333333333335 2366.666666666667
2397 666.6666666666664 566.666666666667 2233.333333333333
2398 666.6666666666664 566.666666666667 2366.666666666667
2399 666.6666666666663 600.0000000000002 2233.333333333333
2400 666.6666666666663 600.0000000000002 2366.666666666667
2401 666.6666666666665 633.3333333333335 2233.333333333333
2402 666.6666666666665 633.3333333333335 2366.666666666667
2403 666.6666666666663 666.6666666666669 2233.333333333333
2404 666.6666666666663 666.6666666666669 2366.666666666667
2405 666.6666666666662 700.0000000000002 2233.333333333333
2406 666.6666666666662 700.0000000000002 2366.666666666667
2407 666.6666666666665 733.3333333333337 2233.333333333333
2408 666.6666666666665 733.3333333333337 2366.666666666667
2409 666.6666666666663 766.666666666667 2233.333333333333
2410 666.6666666666663 766.666666666667 2366.666666666667
2411 666.6666666666663 800.0000000000002 2233.333333333333
2412 666.6666666666663 800.0000000000002 2366.666666666667
2413 666.6666666666665 833.3333333333337 2233.333333333333
2414 666.6666666666665 833.3333333333337 2366.666666666667
2415 666.6666666666665 866.6666666666671 2233.333333333333
2416 666.6666666666665 866.6666666666671 2366.666666666667
2417 666.6666666666665 900.0000000000005 2233.333333333333
2418 666.6666666666665 900.0000000000005 2366.666666666667
2419 666.6666666666665 933.3333333333335 2233.333333333333
2420 666.6666666666665 933.3333333333335 2366.666666666667
2421 666.6666666666665 966.6666666666667 2233.333333333333
2422 666.6666666666665 966.6666666666667 2366.666666666667
2423 666.6666666666665 1000 2233.333333333333
2424 666.6666666666665 1000 2366.666666666667
2425 666.6666666666665 1033.333333333334 2233.333333333333
2426 666.6666666666665 1033.333333333334 2366.666666666667
2427 666.6666666666665 1066.666666666667 2233.333333333333
2428 666.6666666666665 1066.666666666667 2366.666666666667
2429 666.6666666666665 1100 2233.333333333333
2430 666.6666666666665 1100 2366.666666666667
2431 666.6666666666665 1133.333333333334 2233.333333333333
2432 666.6666666666665 1133.333333333334 2366.666666666667
2433 666.6666666666667 1166.666666666667 2233.333333333333
2434 666.6666666666667 1166.666666666667 2366.666666666667
2435 666.6666666666665 1200.000000000001 2233.333333333333
2436 666.6666666666665 1200.000000000001 2366.666666666667
2437 666.6666666666667 1233.333333333334 2233.333333333333
2438 666.6666666666667 1233.333333333334 2366.666666666667
2439 666.6666666666667 1266.666666666667 2233.333333333333
2440 666.6666666666667 1266.666666666667 2366.666666666667
2441 666.6666666666667 1300 2233.333333333333
2442 666.6666666666667 1300 2366.666666666667
2443 666.6666666666667 1333.333333333334 2233.333333333333
2444 666.6666666666667 1333.333333333334 2366.666666666667
2445 666.6666666666667 1366.666666666667 2233.333333333333
2446 666.6666666666667 1366.666666666667 2366.666666666667
2447 666.666666666667 1400 2233.333333333333
2448 666.666666666667 1400 2366.666666666667
2449 666.666666666667 1433.333333333333 2233.333333333333
2450 666.666666666667 1433.333333333333 2366.666666666667
2451 666.666666666667 1466.666666666666 2233.333333333333
2452 666.666666666667 1466.666666666666 2366.666666666667
2453 699.9999999999994 533.3333333333334 2233.333333333333
2454 699.9999999999994 533.3333333333334 2366.666666666667
2455 699.9999999999995 566.666666666667 2233.333333333333
2456 699.9999999999995 566.666666666667 2366.666666666667
2457 699.9999999999994 600.0000000000002 2233.333333333333
2458 699.9999999999994 600.0000000000002 2366.666666666667
2459 699.9999999999995 633.3333333333335 2233.333333333333
2460 699.9999999999995 633.3333333333335 2366.666666666667
2461 699.9999999999995 666.6666666666669 2233.333333333333
2462 699.9999999999995 666.6666666666669 2366.666666666667
2463 699.9999999999994 700.0000000000002 2233.333333333333
2464 699.9999999999994 700.0000000000002 2366.666666666667
2465 699.9999999999995 733.3333333333337 2233.333333333333
2466 699.9999999999995 733.3333333333337 2366.666666666667
2467 699.9999999999999 766.6666666666671 2233.333333333333
2468 699.9999999999999 766.6666666666671 2366.666666666667
2469 699.9999999999995 800.0000000000002 2233.333333333333
2470 699.9999999999995 800.0000000000002 2366.666666666667
2471 699.9999999999998 833.3333333333337 2233.333333333333
2472 699.9999999999998 833.3333333333337 2366.666666666667
2473 699.9999999999995 866.6666666666672 2233.333333333333
2474 699.9999999999995 866.6666666666672 2366.666666666667
2475 699.9999999999998 900.0000000000006 2233.333333333333
2476 699.9999999999998 900.0000000000006 2366.666666666667
2477 699.9999999999998 933.3333333333341 2233.333333333333
2478 699.9999999999998 933.3333333333341 2366.666666666667
2479 699.9999999999997 966.666666666667 2233.333333333333
2480 699.9999999999997 966.666666666667 2366.666666666667
2481 699.9999999999997 1000.000000000001 2233.333333333333
2482 699.9999999999997 1000.000000000001 2366.666666666667
2483 699.9999999999997 1033.333333333334 2233.333333333333
2484 699.9999999999997 1033.333333333334 2366.666666666667
2485 699.9999999999998 1066.666666666667 2233.333333333333
2486 699.9999999999998 1066.666666666667 2366.666666666667
2487 700 1100 2233.333333333333
2488 700 1100 2366.666666666667
2489 700 1133.333333333334 2233.333333333333
2490 700 1133.333333333334 2366.666666666667
2491 699.9999999999998 1166.666666666667 2233.333333333333
2492 699.9999999999998 1166.666666666667 2366.666666666667
2493 700 1200.000000000001 2233.333333333333
2494 700 1200.000000000001 2366.666666666667
2495 700 1233.333333333334 2233.333333333333
2496 700 1233.333333333334 2366.666666666667
2497 700 1266.666666666667 2233.333333333333
2498 700 1266.666666666667 2366.666666666667
2499 700.0000000000002 1300 2233.333333333333
2500 700.0000000000002 1300 2366.666666666667
2501 700.0000000000002 1333.333333333334 2233.333333333333
2502 700.0000000000002 1333.333333333334 2366.666666666667
2503 700.0000000000002 1366.666666666667 2233.333333333333
2504 700.0000000000002 1366.666666666667 2366.666666666667
2505 700.0000000000002 1400 2233.333333333333
2506 700.0000000000002 1400 2366.666666666667
2507 700.0000000000002 1433.333333333333 2233.333333333333
2508 700.0000000000002 1433.333333333333 2366.666666666667
2509 700.0000000000002 1466.666666666667 2233.333333333333
2510 700.0000000000002 1466.666666666667 2366.666666666667
2511 733.3333333333326 533.3333333333335 2233.333333333333
2512 733.3333333333326 533.3333333333335 2366.666666666667
2513 733.3333333333328 566.666666666667 2233.333333333333
2514 733.3333333333328 566.666666666667 2366.666666666667
2515 733.3333333333328 600.0000000000002 2233.333333333333
2516 733.3333333333328 600.0000000000002 2366.666666666667
2517 733.3333333333327 633.3333333333335 2233.333333333333
2518 733.3333333333327 633.3333333333335 2366.666666666667
2519 733.3333333333327 666.666666666667 2233.333333333333
2520 733.3333333333327 666.666666666667 2366.666666666667
2521 733.333333333333 700.0000000000002 2233.333333333333
2522 733.333333333333 700.0000000000002 2366.666666666667
2523 733.3333333333328 733.3333333333336 2233.333333333333
2524 733.3333333333328 733.3333333333336 2366.666666666667
2525 733.3333333333329 766.666666666667 2233.333333333333
2526 733.3333333333329 766.666666666667 2366.666666666667
2527 733.3333333333329 800.0000000000002 2233.333333333333
2528 733.3333333333329 800.0000000000002 2366.666666666667
2529 733.3333333333329 833.3333333333337 2233.333333333333
2530 733.3333333333329 833.3333333333337 2366.666666666667
2531 733.3333333333331 866.6666666666672 2233.333333333333
2532 733.3333333333331 866.6666666666672 2366.666666666667
2533 733.3333333333333 900.0000000000006 2233.333333333333
2534 733.3333333333333 900.0000000000006 2366.666666666667
2535 733.3333333333331 933.3333333333341 2233.333333333333
2536 733.3333333333331 933.3333333333341 2366.666666666667
2537 733.3333333333331 966.666666666667 2233.333333333333
2538 733.3333333333331 966.666666666667 2366.666666666667
2539 733.3333333333331 1000.000000000001 2233.333333333333
2540 733.3333333333331 1000.000000000001 2366.666666666667
2541 733.333333333333 1033.333333333334 2233.333333333333
2542 733.333333333333 1033.333333333334 2366.666666666667
2543 733.3333333333331 1066.666666666667 2233.333333333333
2544 733.3333333333331 1066.666666666667 2366.666666666667
2545 733.3333333333331 1100 2233.333333333333
2546 733.3333333333331 1100 2366.666666666667
2547 733.3333333333331 1133.333333333334 2233.333333333333
2548 733.3333333333331 1133.333333333334 2366.666666666667
2549 733.3333333333334 1166.666666666667 2233.333333333333
2550 733.3333333333334 1166.666666666667 2366.666666666667
2551 733.3333333333335 1200.000000000001 2233.333333333333
2552 733.3333333333335 1200.000000000001 2366.666666666667
2553 733.3333333333335 1233.333333333334 2233.333333333333
2554 733.3333333333335 1233.333333333334 2366.666666666667
2555 733.3333333333335 1266.666666666667 2233.333333333333
2556 733.3333333333335 1266.666666666667 2366.666666666667
2557 733.3333333333334 1300 2233.333333333333
2558 733.3333333333334 1300 2366.666666666667
2559 733.3333333333335 1333.333333333334 2233.333333333333
2560 733.3333333333335 1333.333333333334 2366.666666666667
2561 733.3333333333335 1366.666666666667 2233.333333333333
2562 733.3333333333335 1366.666666666667 2366.666666666667
2563 733.3333333333337 1400 2233.333333333333
2564 733.3333333333337 1400 2366.666666666667
2565 733.3333333333335 1433.333333333333 2233.333333333333
2566 733.3333333333335 1433.333333333333 2366.666666666667
2567 733.3333333333336 1466.666666666667 2233.333333333333
2568 733.3333333333336 1466.666666666667 2366.666666666667
2569 766.6666666666661 533.3333333333335 2233.333333333333
2570 766.6666666666661 533.3333333333335 2366.666666666667
2571 766.6666666666658 566.666666666667 2233.333333333333
2572 766.6666666666658 566.666666666667 2366.666666666667
2573 766.6666666666662 600.0000000000002 2233.333333333333
2574 766.6666666666662 600.0000000000002 2366.666666666667
2575 766.6666666666664 633.3333333333335 2233.333333333333
2576 766.6666666666664 633.3333333333335 2366.666666666667
2577 766.6666666666662 666.6666666666669 2233.333333333333
2578 766.6666666666662 666.6666666666669 2366.666666666667
2579 766.6666666666661 700.0000000000002 2233.333333333333
2580 766.6666666666661 700.0000000000002 2366.666666666667
2581 766.6666666666664 733.3333333333337 2233.333333333333
2582 766.6666666666664 733.3333333333337 2366.666666666667
2583 766.6666666666664 766.666666666667 2233.333333333333
2584 766.6666666666664 766.666666666667 2366.666666666667
2585 766.6666666666664 800.0000000000002 2233.333333333333
2586 766.6666666666664 800.0000000000002 2366.666666666667
2587 766.6666666666663 833.3333333333337 2233.333333333333
2588 766.6666666666663 833.3333333333337 2366.666666666667
2589 766.6666666666663 866.6666666666672 2233.333333333333
2590 766.6666666666663 866.6666666666672 2366.666666666667
2591 766.6666666666665 900.0000000000005 2233.333333333333
2592 766.6666666666665 900.0000000000005 2366.666666666667
2593 766.6666666666665 933.3333333333336 2233.333333333333
2594 766.6666666666665 933.3333333333336 2366.666666666667
2595 766.6666666666665 966.6666666666667 2233.333333333333
2596 766.6666666666665 966.6666666666667 2366.666666666667
2597 766.6666666666665 1000 2233.333333333333
2598 766.6666666666665 1000 2366.666666666667
2599 766.6666666666665 1033.333333333334 2233.333333333333
2600 766.6666666666665 1033.333333333334 2366.666666666667
2601 766.6666666666665 1066.666666666667 2233.333333333333
2602 766.6666666666665 1066.666666666667 2366.666666666667
2603 766.6666666666665 1100 2233.333333333333
2604 766.6666666666665 1100 2366.666666666667
2605 766.6666666666665 1133.333333333334 2233.333333333333
2606 766.6666666666665 1133.333333333334 2366.666666666667
2607 766.6666666666665 1166.666666666667 2233.333333333333
2608 766.6666666666665 1166.666666666667 2366.666666666667
2609 766.6666666666667 1200.000000000001 2233.333333333333
2610 766.6666666666667 1200.000000000001 2366.666666666667
2611 766.6666666666667 1233.333333333334 2233.333333333333
2612 766.6666666666667 1233.333333333334 2366.666666666667
2613 766.6666666666667 1266.666666666667 2233.333333333333
2614 766.6666666666667 1266.666666666667 2366.666666666667
2615 766.6666666666667 1300 2233.333333333333
2616 766.6666666666667 1300 2366.666666666667
2617 766.6666666666667 1333.333333333334 2233.333333333333
2618 766.6666666666667 1333.333333333334 2366.666666666667
2619 766.666666666667 1366.666666666667 2233.333333333333
2620 766.666666666667 1366.666666666667 2366.666666666667
2621 766.666666666667 1400 2233.333333333333
2622 766.666666666667 1400 2366.666666666667
2623 766.666666666667 1433.333333333333 2233.333333333333
2624 766.666666666667 1433.333333333333 2366.666666666667
2625 766.666666666667 1466.666666666667 2233.333333333333
2626 766.666666666667 1466.666666666667 2366.666666666667
2627 799.9999999999993 533.3333333333335 2233.333333333333
2628 799.9999999999993 533.3333333333335 2366.666666666667
2629 799.9999999999994 566.666666666667 2233.333333333333
2630 799.9999999999994 566.666666666667 2366.666666666667
2631 799.9999999999995 600.0000000000002 2233.333333333333
2632 799.9999999999995 600.0000000000002 2366.666666666667
2633 799.9999999999993 633.3333333333335 2233.333333333333
2634 799.9999999999993 633.3333333333335 2366.666666666667
2635 799.9999999999994 666.6666666666669 2233.333333333333
2636 799.9999999999994 666.6666666666669 2366.666666666667
2637 799.9999999999995 700.0000000000002 2233.333333333333
2638 799.9999999999995 700.0000000000002 2366.666666666667
2639 799.9999999999997 733.3333333333336 2233.333333333333
2640 799.9999999999997 733.3333333333336 2366.666666666667
2641 799.9999999999995 766.6666666666667 2233.333333333333
2642 799.9999999999995 766.6666666666667 2366.666666666667
2643 799.9999999999995 800.0000000000002 2233.333333333333
2644 799.9999999999995 800.0000000000002 2366.666666666667
2645 799.9999999999997 833.3333333333337 2233.333333333333
2646 799.9999999999997 833.3333333333337 2366.666666666667
2647 799.9999999999997 866.6666666666672 2233.333333333333
2648 799.9999999999997 866.6666666666672 2366.666666666667
2649 799.9999999999999 900.0000000000007 2233.333333333333
2650 799.9999999999999 900.0000000000007 2366.666666666667
2651 799.9999999999998 933.3333333333336 2233.333333333333
2652 799.9999999999998 933.3333333333336 2366.666666666667
2653 799.9999999999998 966.6666666666669 2233.333333333333
2654 799.9999999999998 966.6666666666669 2366.666666666667
2655 799.9999999999998 1000 2233.333333333333
2656 799.9999999999998 1000 2366.666666666667
2657 799.9999999999998 1033.333333333334 2233.333333333333
2658 799.9999999999998 1033.333333333334 2366.666666666667
2659 799.9999999999998 1066.666666666667 2233.333333333333
2660 799.9999999999998 1066.666666666667 2366.666666666667
2661 799.9999999999998 1100 2233.333333333333
2662 799.9999999999998 1100 2366.666666666667
2663 799.9999999999998 1133.333333333334 2233.333333333333
2664 799.9999999999998 1133.333333333334 2366.666666666667
2665 799.9999999999998 1166.666666666667 2233.333333333333
2666 799.9999999999998 1166.666666666667 2366.666666666667
2667 800.0000000000003 1200.000000000001 2233.333333333333
2668 800.0000000000003 1200.000000000001 2366.666666666667
2669 800 1233.333333333334 2233.333333333333
2670 800 1233.333333333334 2366.666666666667
2671 800 1266.666666666668 2233.333333333333
2672 800 1266.666666666668 2366.666666666667
2673 800 1300 2233.333333333333
2674 800 1300 2366.666666666667
2675 800.0000000000002 1333.333333333334 2233.333333333333
2676 800.0000000000002 1333.333333333334 2366.666666666667
2677 800.0000000000002 1366.666666666667 2233.333333333333
2678 800.0000000000002 1366.666666666667 2366.666666666667
2679 800.0000000000002 1400 2233.333333333333
2680 800.0000000000002 1400 2366.666666666667
2681 800.0000000000002 1433.333333333334 2233.333333333333
2682 800.0000000000002 1433.333333333334 2366.666666666667
2683 800.0000000000002 1466.666666666666 2233.333333333333
2684 800.0000000000002 1466.666666666666 2366.666666666667
2685 833.3333333333328 533.3333333333335 2233.333333333333
2686 833.3333333333328 533.3333333333335 2366.666666666667
2687 833.3333333333328 566.666666666667 2233.333333333333
2688 833.3333333333328 566.666666666667 2366.666666666667
2689 833.3333333333328 600.0000000000002 2233.333333333333
2690 833.3333333333328 600.0000000000002 2366.666666666667
2691 833.3333333333329 633.3333333333335 2233.333333333333
2692 833.3333333333329 633.3333333333335 2366.666666666667
2693 833.3333333333329 666.666666666667 2233.333333333333
2694 833.3333333333329 666.666666666667 2366.666666666667
2695 833.3333333333327 700.0000000000002 2233.333333333333
2696 833.3333333333327 700.0000000000002 2366.666666666667
2697 833.333333333333 733.3333333333337 2233.333333333333
2698 833.333333333333 733.3333333333337 2366.666666666667
2699 833.3333333333329 766.666666666667 2233.333333333333
2700 833.3333333333329 766.666666666667 2366.666666666667
2701 833.3333333333331 800.0000000000002 2233.333333333333
2702 833.3333333333331 800.0000000000002 2366.666666666667
2703 833.3333333333334 833.3333333333338 2233.333333333333
2704 833.3333333333334 833.3333333333338 2366.666666666667
2705 833.3333333333331 866.6666666666672 2233.333333333333
2706 833.3333333333331 866.6666666666672 2366.666666666667
2707 833.3333333333331 900.0000000000007 2233.333333333333
2708 833.3333333333331 900.0000000000007 2366.666666666667
2709 833.3333333333333 933.3333333333336 2233.333333333333
2710 833.3333333333333 933.3333333333336 2366.666666666667
2711 833.3333333333333 966.666666666667 2233.333333333333
2712 833.3333333333333 966.666666666667 2366.666666666667
2713 833.3333333333331 1000.000000000001 2233.333333333333
2714 833.3333333333331 1000.000000000001 2366.666666666667
2715 833.3333333333333 1033.333333333334 2233.333333333333
2716 833.3333333333333 1033.333333333334 2366.666666666667
2717 833.3333333333333 1066.666666666667 2233.333333333333
2718 833.3333333333333 1066.666666666667 2366.666666666667
2719 833.3333333333334 1100 2233.333333333333
2720 833.3333333333334 1100 2366.666666666667
2721 833.3333333333333 1133.333333333334 2233.333333333333
2722 833.3333333333333 1133.333333333334 2366.666666666667
2723 833.3333333333334 1166.666666666668 2233.333333333333
2724 833.3333333333334 1166.666666666668 2366.666666666667
2725 833.3333333333336 1200.000000000001 2233.333333333333
2726 833.3333333333336 1200.000000000001 2366.666666666667
2727 833.3333333333334 1233.333333333334 2233.333333333333
2728 833.3333333333334 1233.333333333334 2366.666666666667
2729 833.3333333333335 1266.666666666668 2233.333333333333
2730 833.3333333333335 1266.666666666668 2366.666666666667
2731 833.3333333333335 1300 2233.333333333333
2732 833.3333333333335 1300 2366.666666666667
2733 833.3333333333336 1333.333333333334 2233.333333333333
2734 833.3333333333336 1333.333333333334 2366.666666666667
2735 833.3333333333337 1366.666666666667 2233.333333333333
2736 833.3333333333337 1366.666666666667 2366.666666666667
2737 833.3333333333337 1400 2233.333333333333
2738 833.3333333333337 1400 2366.666666666667
2739 833.3333333333338 1433.333333333334 2233.333333333333
2740 833.3333333333338 1433.333333333334 2366.666666666667
2741 833.3333333333338 1466.666666666667 2233.333333333333
2742 833.3333333333338 1466.666666666667 2366.666666666667
2743 866.6666666666662 533.3333333333335 2233.333333333333
2744 866.6666666666662 533.3333333333335 2366.666666666667
2745 866.6666666666661 566.666666666667 2233.333333333333
2746 866.6666666666661 566.666666666667 2366.666666666667
2747 866.6666666666662 600.0000000000002 2233.333333333333
2748 866.6666666666662 600.0000000000002 2366.666666666667
2749 866.6666666666659 633.3333333333335 2233.333333333333
2750 866.6666666666659 633.3333333333335 2366.666666666667
2751 866.6666666666665 666.6666666666669 2233.333333333333
2752 866.6666666666665 666.6666666666669 2366.666666666667
2753 866.6666666666662 700.0000000000002 2233.333333333333
2754 866.6666666666662 700.0000000000002 2366.666666666667
2755 866.6666666666665 733.3333333333336 2233.333333333333
2756 866.6666666666665 733.3333333333336 2366.666666666667
2757 866.6666666666662 766.6666666666669 2233.333333333333
2758 866.6666666666662 766.6666666666669 2366.666666666667
2759 866.6666666666663 800.0000000000002 2233.333333333333
2760 866.6666666666663 800.0000000000002 2366.666666666667
2761 866.6666666666663 833.3333333333337 2233.333333333333
2762 866.6666666666663 833.3333333333337 2366.666666666667
2763 866.6666666666665 866.6666666666672 2233.333333333333
2764 866.6666666666665 866.6666666666672 2366.666666666667
2765 866.6666666666665 900.0000000000006 2233.333333333333
2766 866.6666666666665 900.0000000000006 2366.666666666667
2767 866.6666666666664 933.3333333333339 2233.333333333333
2768 866.6666666666664 933.3333333333339 2366.666666666667
2769 866.6666666666666 966.666666666667 2233.333333333333
2770 866.6666666666666 966.666666666667 2366.666666666667
2771 866.6666666666665 1000 2233.333333333333
2772 866.6666666666665 1000 2366.666666666667
2773 866.6666666666666 1033.333333333334 2233.333333333333
2774 866.6666666666666 1033.333333333334 2366.666666666667
2775 866.6666666666665 1066.666666666667 2233.333333333333
2776 866.6666666666665 1066.666666666667 2366.666666666667
2777 866.6666666666663 1100 2233.333333333333
2778 866.6666666666663 1100 2366.666666666667
2779 866.6666666666664 1133.333333333334 2233.333333333333
2780 866.6666666666664 1133.333333333334 2366.666666666667
2781 866.6666666666667 1166.666666666667 2233.333333333333
2782 866.6666666666667 1166.666666666667 2366.666666666667
2783 866.6666666666664 1200 2233.333333333333
2784 866.6666666666664 1200 2366.666666666667
2785 866.6666666666667 1233.333333333334 2233.333333333333
2786 866.6666666666667 1233.333333333334 2366.666666666667
2787 866.6666666666669 1266.666666666667 2233.333333333333
2788 866.6666666666669 1266.666666666667 2366.666666666667
2789 866.666666666667 1300 2233.333333333333
2790 866.666666666667 1300 2366.666666666667
2791 866.6666666666667 1333.333333333334 2233.333333333333
2792 866.6666666666667 1333.333333333334 2366.666666666667
2793 866.6666666666669 1366.666666666667 2233.333333333333
2794 866.6666666666669 1366.666666666667 2366.666666666667
2795 866.6666666666669 1400 2233.333333333333
2796 866.6666666666669 1400 2366.666666666667
2797 866.666666666667 1433.333333333333 2233.333333333333
2798 866.666666666667 1433.333333333333 2366.666666666667
2799 866.666666666667 1466.666666666667 2233.333333333333
2800 866.666666666667 1466.666666666667 2366.666666666667
2801 899.9999999999997 533.3333333333334 2233.333333333333
2802 899.9999999999997 533.3333333333334 2366.666666666667
2803 899.9999999999997 566.666666666667 2233.333333333333
2804 899.9999999999997 566.666666666667 2366.666666666667
2805 899.9999999999998 600.0000000000002 2233.333333333333
2806 899.9999999999998 600.0000000000002 2366.666666666667
2807 899.9999999999998 633.3333333333335 2233.333333333333
2808 899.9999999999998 633.3333333333335 2366.666666666667
2809 899.9999999999997 666.6666666666667 2233.333333333333
2810 899.9999999999997 666.6666666666667 2366.666666666667
2811 899.9999999999998 700.0000000000001 2233.333333333333
2812 899.9999999999998 700.0000000000001 2366.666666666667
2813 899.9999999999998 733.3333333333338 2233.333333333333
2814 899.9999999999998 733.3333333333338 2366.666666666667
2815 899.9999999999999 766.6666666666669 2233.333333333333
2816 899.9999999999999 766.6666666666669 2366.666666666667
2817 899.9999999999998 800.0000000000002 2233.333333333333
2818 899.9999999999998 800.0000000000002 2366.666666666667
2819 899.9999999999998 833.3333333333337 2233.333333333333
2820 899.9999999999998 833.3333333333337 2366.666666666667
2821 899.9999999999999 866.666666666667 2233.333333333333
2822 899.9999999999999 866.666666666667 2366.666666666667
2823 900 900.0000000000006 2233.333333333333
2824 900 900.0000000000006 2366.666666666667
2825 899.9999999999998 933.3333333333339 2233.333333333333
2826 899.9999999999998 933.3333333333339 2366.666666666667
2827 900 966.6666666666672 2233.333333333333
2828 900 966.6666666666672 2366.666666666667
2829 900 1000 2233.333333333333
2830 900 1000 2366.666666666667
2831 900 1033.333333333334 2233.333333333333
2832 900 1033.333333333334 2366.666666666667
2833 900 1066.666666666668 2233.333333333333
2834 900 1066.666666666668 2366.666666666667
2835 900 1100 2233.333333333333
2836 900 1100 2366.666666666667
2837 900 1133.333333333334 2233.333333333333
2838 900 1133.333333333334 2366.666666666667
2839 900 1166.666666666667 2233.333333333333
2840 900 1166.666666666667 2366.666666666667
2841 900 1200.000000000001 2233.333333333333
2842 900 1200.000000000001 2366.666666666667
2843 900 1233.333333333334 2233.333333333333
2844 900 1233.333333333334 2366.666666666667
2845 900.0000000000002 1266.666666666667 2233.333333333333
2846 900.0000000000002 1266.666666666667 2366.666666666667
2847 900.0000000000002 1300 2233.333333333333
2848 900.0000000000002 1300 2366.666666666667
2849 900 1333.333333333334 2233.333333333333
2850 900 1333.333333333334 2366.666666666667
2851 900.0000000000005 1366.666666666667 2233.333333333333
2852 900.0000000000005 1366.666666666667 2366.666666666667
2853 900.0000000000005 1400 2233.333333333333
2854 900.0000000000005 1400 2366.666666666667
2855 900.0000000000005 1433.333333333333 2233.333333333333
2856 900.0000000000005 1433.333333333333 2366.666666666667
2857 900.0000000000005 1466.666666666667 2233.333333333333
2858 900.0000000000005 1466.666666666667 2366.666666666667
2859 933.3333333333327 533.3333333333335 2233.333333333333
2860 933.3333333333327 533.3333333333335 2366.666666666667
2861 933.3333333333329 566.666666666667 2233.333333333333
2862 933.3333333333329 566.666666666667 2366.666666666667
2863 933.3333333333328 600.0000000000002 2233.333333333333
2864 933.3333333333328 600.0000000000002 2366.666666666667
2865 933.3333333333328 633.3333333333335 2233.333333333333
2866 933.3333333333328 633.3333333333335 2366.666666666667
2867 933.3333333333329 666.6666666666669 2233.333333333333
2868 933.3333333333329 666.6666666666669 2366.666666666667
2869 933.3333333333329 700.0000000000002 2233.333333333333
2870 933.3333333333329 700.0000000000002 2366.666666666667
2871 933.3333333333329 733.3333333333337 2233.333333333333
2872 933.3333333333329 733.3333333333337 2366.666666666667
2873 933.333333333333 766.666666666667 2233.333333333333
2874 933.333333333333 766.666666666667 2366.666666666667
2875 933.3333333333333 800.0000000000002 2233.333333333333
2876 933.3333333333333 800.0000000000002 2366.666666666667
2877 933.333333333333 833.3333333333337 2233.333333333333
2878 933.333333333333 833.3333333333337 2366.666666666667
2879 933.333333333333 866.6666666666672 2233.333333333333
2880 933.333333333333 866.6666666666672 2366.666666666667
2881 933.3333333333333 900.0000000000002 2233.333333333333
2882 933.3333333333333 900.0000000000002 2366.666666666667
2883 933.3333333333331 933.3333333333337 2233.333333333333
2884 933.3333333333331 933.3333333333337 2366.666666666667
2885 933.3333333333333 966.666666666667 2233.333333333333
2886 933.3333333333333 966.666666666667 2366.666666666667
2887 933.3333333333333 1000 2233.333333333333
2888 933.3333333333333 1000 2366.666666666667
2889 933.3333333333335 1033.333333333334 2233.333333333333
2890 933.3333333333335 1033.333333333334 2366.666666666667
2891 933.3333333333333 1066.666666666667 2233.333333333333
2892 933.3333333333333 1066.666666666667 2366.666666666667
2893 933.3333333333334 1100 2233.333333333333
2894 933.3333333333334 1100 2366.666666666667
2895 933.3333333333335 1133.333333333334 2233.333333333333
2896 933.3333333333335 1133.333333333334 2366.666666666667
2897 933.3333333333333 1166.666666666667 2233.333333333333
2898 933.3333333333333 1166.666666666667 2366.666666666667
2899 933.3333333333335 1200 2233.333333333333
2900 933.3333333333335 1200 2366.666666666667
2901 933.3333333333338 1233.333333333334 2233.333333333333
2902 933.3333333333338 1233.333333333334 2366.666666666667
2903 933.3333333333335 1266.666666666667 2233.333333333333
2904 933.3333333333335 1266.666666666667 2366.666666666667
2905 933.3333333333337 1300 2233.333333333333
2906 933.3333333333337 1300 2366.666666666667
2907 933.3333333333337 1333.333333333334 2233.333333333333
2908 933.3333333333337 1333.333333333334 2366.666666666667
2909 933.3333333333337 1366.666666666667 2233.333333333333
2910 933.3333333333337 1366.666666666667 2366.666666666667
2911 933.3333333333337 1400 2233.333333333333
2912 933.3333333333337 1400 2366.666666666667
2913 933.3333333333338 1433.333333333333 2233.333333333333
2914 933.3333333333338 1433.333333333333 2366.666666666667
2915 933.3333333333337 1466.666666666666 2233.333333333333
2916 933.3333333333337 1466.666666666666 2366.666666666667
2917 966.6666666666661 533.3333333333334 2233.333333333333
2918 966.6666666666661 533.3333333333334 2366.666666666667
2919 966.6666666666661 566.666666666667 2233.333333333333
2920 966.6666666666661 566.666666666667 2366.666666666667
2921 966.6666666666664 600.0000000000001 2233.333333333333
2922 966.6666666666664 600.0000000000001 2366.666666666667
2923 966.6666666666663 633.3333333333334 2233.333333333333
2924 966.6666666666663 633.3333333333334 2366.666666666667
2925 966.6666666666664 666.6666666666667 2233.333333333333
2926 966.6666666666664 666.6666666666667 2366.666666666667
2927 966.6666666666665 700.0000000000001 2233.333333333333
2928 966.6666666666665 700.0000000000001 2366.666666666667
2929 966.6666666666664 733.3333333333335 2233.333333333333
2930 966.6666666666664 733.3333333333335 2366.666666666667
2931 966.6666666666665 766.666666666667 2233.333333333333
2932 966.6666666666665 766.666666666667 2366.666666666667
2933 966.6666666666665 800.0000000000002 2233.333333333333
2934 966.6666666666665 800.0000000000002 2366.666666666667
2935 966.6666666666663 833.3333333333337 2233.333333333333
2936 966.6666666666663 833.3333333333337 2366.666666666667
2937 966.6666666666666 866.6666666666671 2233.333333333333
2938 966.6666666666666 866.6666666666671 2366.666666666667
2939 966.6666666666666 900.0000000000005 2233.333333333333
2940 966.6666666666666 900.0000000000005 2366.666666666667
2941 966.6666666666665 933.3333333333339 2233.333333333333
2942 966.6666666666665 933.3333333333339 2366.666666666667
2943 966.6666666666667 966.6666666666672 2233.333333333333
2944 966.6666666666667 966.6666666666672 2366.666666666667
2945 966.6666666666666 1000.000000000001 2233.333333333333
2946 966.6666666666666 1000.000000000001 2366.666666666667
2947 966.666666666667 1033.333333333334 2233.333333333333
2948 966.666666666667 1033.333333333334 2366.666666666667
2949 966.6666666666666 1066.666666666667 2233.333333333333
2950 966.6666666666666 1066.666666666667 2366.666666666667
2951 966.6666666666666 1100 2233.333333333333
2952 966.6666666666666 1100 2366.666666666667
2953 966.6666666666667 1133.333333333334 2233.333333333333
2954 966.6666666666667 1133.333333333334 2366.666666666667
2955 966.6666666666667 1166.666666666667 2233.333333333333
2956 966.6666666666667 1166.666666666667 2366.666666666667
2957 966.6666666666669 1200 2233.333333333333
2958 966.6666666666669 1200 2366.666666666667
2959 966.6666666666669 1233.333333333334 2233.333333333333
2960 966.6666666666669 1233.333333333334 2366.666666666667
2961 966.6666666666669 1266.666666666667 2233.333333333333
2962 966.6666666666669 1266.666666666667 2366.666666666667
2963 966.666666666667 1300 2233.333333333333
2964 966.666666666667 1300 2366.666666666667
2965 966.6666666666669 1333.333333333334 2233.333333333333
2966 966.6666666666669 1333.333333333334 2366.666666666667
2967 966.6666666666669 1366.666666666667 2233.333333333333
2968 966.6666666666669 1366.666666666667 2366.666666666667
2969 966.6666666666669 1400 2233.333333333333
2970 966.6666666666669 1400 2366.666666666667
2971 966.6666666666667 1433.333333333333 2233.333333333333
2972 966.6666666666667 1433.333333333333 2366.666666666667
2973 966.6666666666667 1466.666666666667 2233.333333333333
2974 966.6666666666667 1466.666666666667 2366.666666666667
2975 999.9999999999995 533.3333333333335 2233.333333333333
2976 999.9999999999995 533.3333333333335 2366.666666666667
2977 999.9999999999995 566.6666666666669 2233.333333333333
2978 999.9999999999995 566.6666666666669 2366.666666666667
2979 999.9999999999998 600.0000000000002 2233.333333333333
2980 999.9999999999998 600.0000000000002 2366.666666666667
2981 999.9999999999995 633.3333333333335 2233.333333333333
2982 999.9999999999995 633.3333333333335 2366.666666666667
2983 999.9999999999998 666.6666666666669 2233.333333333333
2984 999.9999999999998 666.6666666666669 2366.666666666667
2985 999.9999999999998 700.0000000000002 2233.333333333333
2986 999.9999999999998 700.0000000000002 2366.666666666667
2987 999.9999999999998 733.3333333333336 2233.333333333333
2988 999.9999999999998 733.3333333333336 2366.666666666667
2989 999.9999999999999 766.666666666667 2233.333333333333
2990 999.9999999999999 766.666666666667 2366.666666666667
2991 1000 800.0000000000002 2233.333333333333
2992 1000 800.0000000000002 2366.666666666667
2993 1000 833.3333333333337 2233.333333333333
2994 1000 833.3333333333337 2366.666666666667
2995 999.9999999999999 866.6666666666671 2233.333333333333
2996 999.9999999999999 866.6666666666671 2366.666666666667
2997 999.9999999999997 900.0000000000005 2233.333333333333
2998 999.9999999999997 900.0000000000005 2366.666666666667
2999 1000 933.3333333333339 2233.333333333333
3000 1000 933.3333333333339 2366.666666666667
3001 1000 966.666666666667 2233.333333333333
3002 1000 966.666666666667 2366.666666666667
3003 1000 1000 2233.333333333333
3004 1000 1000 2366.666666666667
3005 1000 1033.333333333334 2233.333333333333
3006 1000 1033.333333333334 2366.666666666667
3007 1000 1066.666666666667 2233.333333333333
3008 1000 1066.666666666667 2366.666666666667
3009 1000 1100 2233.333333333333
3010 1000 1100 2366.666666666667
3011 1000 1133.333333333334 2233.333333333333
3012 1000 1133.333333333334 2366.666666666667
3013 1000 1166.666666666667 2233.333333333333
3014 1000 1166.666666666667 2366.666666666667
3015 1000 1200 2233.333333333333
3016 1000 1200 2366.666666666667
3017 1000 1233.333333333334 2233.333333333333
3018 1000 1233.333333333334 2366.666666666667
3019 1000 1266.666666666667 2233.333333333333
3020 1000 1266.666666666667 2366.666666666667
3021 1000 1300 2233.333333333333
3022 1000 1300 2366.666666666667
3023 1000 1333.333333333334 2233.333333333333
3024 1000 1333.333333333334 2366.666666666667
3025 1000 1366.666666666667 2233.333333333333
3026 1000 1366.666666666667 2366.666666666667
3027 1000 1400 2233.333333333333
3028 1000 1400 2366.666666666667
3029 1000 1433.333333333333 2233.333333333333
3030 1000 1433.333333333333 2366.666666666667
3031 1000 1466.666666666667 2233.333333333333
3032 1000 1466.666666666667 2366.666666666667
3033 1033.333333333333 533.3333333333334 2233.333333333333
3034 1033.333333333333 533.3333333333334 2366.666666666667
3035 1033.333333333333 566.666666666667 2233.333333333333
3036 1033.333333333333 566.666666666667 2366.666666666667
3037 1033.333333333333 600.0000000000002 2233.333333333333
3038 1033.333333333333 600.0000000000002 2366.666666666667
3039 1033.333333333333 633.3333333333335 2233.333333333333
3040 1033.333333333333 633.3333333333335 2366.666666666667
3041 1033.333333333333 666.6666666666669 2233.333333333333
3042 1033.333333333333 666.6666666666669 2366.666666666667
3043 1033.333333333333 700.0000000000002 2233.333333333333
3044 1033.333333333333 700.0000000000002 2366.666666666667
3045 1033.333333333333 733.3333333333336 2233.333333333333
3046 1033.333333333333 733.3333333333336 2366.666666666667
3047 1033.333333333333 766.666666666667 2233.333333333333
3048 1033.333333333333 766.666666666667 2366.666666666667
3049 1033.333333333333 800.0000000000002 2233.333333333333
3050 1033.333333333333 800.0000000000002 2366.666666666667
3051 1033.333333333333 833.3333333333337 2233.333333333333
3052 1033.333333333333 833.3333333333337 2366.666666666667
3053 1033.333333333334 866.6666666666672 2233.333333333333
3054 1033.333333333334 866.6666666666672 2366.666666666667
3055 1033.333333333333 900.0000000000005 2233.333333333333
3056 1033.333333333333 900.0000000000005 2366.666666666667
3057 1033.333333333333 933.3333333333341 2233.333333333333
3058 1033.333333333333 933.3333333333341 2366.666666666667
3059 1033.333333333333 966.6666666666669 2233.333333333333
3060 1033.333333333333 966.6666666666669 2366.666666666667
3061 1033.333333333333 1000 2233.333333333333
3062 1033.333333333333 1000 2366.666666666667
3063 1033.333333333333 1033.333333333334 2233.333333333333
3064 1033.333333333333 1033.333333333334 2366.666666666667
3065 1033.333333333333 1066.666666666667 2233.333333333333
3066 1033.333333333333 1066.666666666667 2366.666666666667
3067 1033.333333333333 1100 2233.333333333333
3068 1033.333333333333 1100 2366.666666666667
3069 1033.333333333333 1133.333333333334 2233.333333333333
3070 1033.333333333333 1133.333333333334 2366.666666666667
3071 1033.333333333333 1166.666666666667 2233.333333333333
3072 1033.333333333333 1166.666666666667 2366.666666666667
3073 1033.333333333333 1200.000000000001 2233.333333333333
3074 1033.333333333333 1200.000000000001 2366.666666666667
3075 1033.333333333333 1233.333333333334 2233.333333333333
3076 1033.333333333333 1233.333333333334 2366.666666666667
3077 1033.333333333334 1266.666666666667 2233.333333333333
3078 1033.333333333334 1266.666666666667 2366.666666666667
3079 1033.333333333333 1300 2233.333333333333
3080 1033.333333333333 1300 2366.666666666667
3081 1033.333333333333 1333.333333333334 2233.333333333333
3082 1033.333333333333 1333.333333333334 2366.666666666667
3083 1033.333333333334 1366.666666666667 2233.333333333333
3084 1033.333333333334 1366.666666666667 2366.666666666667
3085 1033.333333333334 1400 2233.333333333333
3086 1033.333333333334 1400 2366.666666666667
3087 1033.333333333334 1433.333333333333 2233.333333333333
3088 1033.333333333334 1433.333333333333 2366.666666666667
3089 1033.333333333334 1466.666666666667 2233.333333333333
3090 1033.333333333334 1466.666666666667 2366.666666666667
3091 1066.666666666667 533.3333333333335 2233.333333333333
3092 1066.666666666667 533.3333333333335 2366.666666666667
3093 1066.666666666666 566.666666666667 2233.333333333333
3094 1066.666666666666 566.666666666667 2366.666666666667
3095 1066.666666666666 600.0000000000002 2233.333333333333
3096 1066.666666666666 600.0000000000002 2366.666666666667
3097 1066.666666666666 633.3333333333335 2233.333333333333
3098 1066.666666666666 633.3333333333335 2366.666666666667
3099 1066.666666666667 666.6666666666669 2233.333333333333
3100 1066.666666666667 666.6666666666669 2366.666666666667
3101 1066.666666666666 700.0000000000002 2233.333333333333
3102 1066.666666666666 700.0000000000002 2366.666666666667
3103 1066.666666666667 733.3333333333336 2233.333333333333
3104 1066.666666666667 733.3333333333336 2366.666666666667
3105 1066.666666666666 766.666666666667 2233.333333333333
3106 1066.666666666666 766.666666666667 2366.666666666667
3107 1066.666666666666 800.0000000000002 2233.333333333333
3108 1066.666666666666 800.0000000000002 2366.666666666667
3109 1066.666666666666 833.3333333333338 2233.333333333333
3110 1066.666666666666 833.3333333333338 2366.666666666667
3111 1066.666666666666 866.6666666666671 2233.333333333333
3112 1066.666666666666 866.6666666666671 2366.666666666667
3113 1066.666666666667 900.0000000000005 2233.333333333333
3114 1066.666666666667 900.0000000000005 2366.666666666667
3115 1066.666666666667 933.3333333333339 2233.333333333333
3116 1066.666666666667 933.3333333333339 2366.666666666667
3117 1066.666666666667 966.6666666666673 2233.333333333333
3118 1066.666666666667 966.6666666666673 2366.666666666667
3119 1066.666666666667 1000 2233.333333333333
3120 1066.666666666667 1000 2366.666666666667
3121 1066.666666666666 1033.333333333334 2233.333333333333
3122 1066.666666666666 1033.333333333334 2366.666666666667
3123 1066.666666666667 1066.666666666667 2233.333333333333
3124 1066.666666666667 1066.666666666667 2366.666666666667
3125 1066.666666666667 1100 2233.333333333333
3126 1066.666666666667 1100 2366.666666666667
3127 1066.666666666667 1133.333333333334 2233.333333333333
3128 1066.666666666667 1133.333333333334 2366.666666666667
3129 1066.666666666667 1166.666666666667 2233.333333333333
3130 1066.666666666667 1166.666666666667 2366.666666666667
3131 1066.666666666667 1200.000000000001 2233.333333333333
3132 1066.666666666667 1200.000000000001 2366.666666666667
3133 1066.666666666667 1233.333333333334 2233.333333333333
3134 1066.666666666667 1233.333333333334 2366.666666666667
3135 1066.666666666667 1266.666666666667 2233.333333333333
3136 1066.666666666667 1266.666666666667 2366.666666666667
3137 1066.666666666667 1300 2233.333333333333
3138 1066.666666666667 1300 2366.666666666667
3139 1066.666666666667 1333.333333333334 2233.333333333333
3140 1066.666666666667 1333.333333333334 2366.666666666667
3141 1066.666666666667 1366.666666666667 2233.333333333333
3142 1066.666666666667 1366.666666666667 2366.666666666667
3143 1066.666666666667 1400 2233.333333333333
3144 1066.666666666667 1400 2366.666666666667
3145 1066.666666666667 1433.333333333333 2233.333333333333
3146 1066.666666666667 1433.333333333333 2366.666666666667
3147 1066.666666666667 1466.666666666667 2233.333333333333
3148 1066.666666666667 1466.666666666667 2366.666666666667
3149 1100 533.3333333333334 2233.333333333333
3150 1100 533.3333333333334 2366.666666666667
3151 1100 566.666666666667 2233.333333333333
3152 1100 566.666666666667 2366.666666666667
3153 1100 600.0000000000002 2233.333333333333
3154 1100 600.0000000000002 2366.666666666667
3155 1099.999999999999 633.3333333333335 2233.333333333333
3156 1099.999999999999 633.3333333333335 2366.666666666667
3157 1100 666.6666666666669 2233.333333333333
3158 1100 666.6666666666669 2366.666666666667
3159 1100 700.0000000000002 2233.333333333333
3160 1100 700.0000000000002 2366.666666666667
3161 1100 733.3333333333337 2233.333333333333
3162 1100 733.3333333333337 2366.666666666667
3163 1100 766.666666666667 2233.333333333333
3164 1100 766.666666666667 2366.666666666667
3165 1100 800.0000000000003 2233.333333333333
3166 1100 800.0000000000003 2366.666666666667
3167 1100 833.3333333333337 2233.333333333333
3168 1100 833.3333333333337 2366.666666666667
3169 1100 866.6666666666672 2233.333333333333
3170 1100 866.6666666666672 2366.666666666667
3171 1100 900.0000000000005 2233.333333333333
3172 1100 900.0000000000005 2366.666666666667
3173 1100 933.3333333333336 2233.333333333333
3174 1100 933.3333333333336 2366.666666666667
3175 1100 966.6666666666667 2233.333333333333
3176 1100 966.6666666666667 2366.666666666667
3177 1100 1000 2233.333333333333
3178 1100 1000 2366.666666666667
3179 1100 1033.333333333334 2233.333333333333
3180 1100 1033.333333333334 2366.666666666667
3181 1100 1066.666666666667 2233.333333333333
3182 1100 1066.666666666667 2366.666666666667
3183 1100 1100 2233.333333333333
3184 1100 1100 2366.666666666667
3185 1100 1133.333333333334 2233.333333333333
3186 1100 1133.333333333334 2366.666666666667
3187 1100 1166.666666666667 2233.333333333333
3188 1100 1166.666666666667 2366.666666666667
3189 1100 1200 2233.333333333333
3190 1100 1200 2366.666666666667
3191 1100 1233.333333333334 2233.333333333333
3192 1100 1233.333333333334 2366.666666666667
3193 1100 1266.666666666667 2233.333333333333
3194 1100 1266.666666666667 2366.666666666667
3195 1100 1300 2233.333333333333
3196 1100 1300 2366.666666666667
3197 1100 1333.333333333334 2233.333333333333
3198 1100 1333.333333333334 2366.666666666667
3199 1100 1366.666666666667 2233.333333333333
3200 1100 1366.666666666667 2366.666666666667
3201 1100 1400 2233.333333333333
3202 1100 1400 2366.666666666667
3203 1100 1433.333333333333 2233.333333333333
3204 1100 1433.333333333333 2366.666666666667
3205 1100 1466.666666666667 2233.333333333333
3206 1100 1466.666666666667 2366.666666666667
3207 1133.333333333333 533.3333333333335 2233.333333333333
3208 1133.333333333333 533.3333333333335 2366.666666666667
3209 1133.333333333333 566.666666666667 2233.333333333333
3210 1133.333333333333 566.666666666667 2366.666666666667
3211 1133.333333333333 600.0000000000002 2233.333333333333
3212 1133.333333333333 600.0000000000002 2366.666666666667
3213 1133.333333333333 633.3333333333335 2233.333333333333
3214 1133.333333333333 633.3333333333335 2366.666666666667
3215 1133.333333333333 666.6666666666669 2233.333333333333
3216 1133.333333333333 666.6666666666669 2366.666666666667
3217 1133.333333333333 700.0000000000002 2233.333333333333
3218 1133.333333333333 700.0000000000002 2366.666666666667
3219 1133.333333333333 733.3333333333336 2233.333333333333
3220 1133.333333333333 733.3333333333336 2366.666666666667
3221 1133.333333333333 766.666666666667 2233.333333333333
3222 1133.333333333333 766.666666666667 2366.666666666667
3223 1133.333333333333 800.0000000000002 2233.333333333333
3224 1133.333333333333 800.0000000000002 2366.666666666667
3225 1133.333333333333 833.3333333333337 2233.333333333333
3226 1133.333333333333 833.3333333333337 2366.666666666667
3227 1133.333333333333 866.6666666666672 2233.333333333333
3228 1133.333333333333 866.6666666666672 2366.666666666667
3229 1133.333333333333 900.0000000000001 2233.333333333333
3230 1133.333333333333 900.0000000000001 2366.666666666667
3231 1133.333333333333 933.3333333333339 2233.333333333333
3232 1133.333333333333 933.3333333333339 2366.666666666667
3233 1133.333333333333 966.6666666666667 2233.333333333333
3234 1133.333333333333 966.6666666666667 2366.666666666667
3235 1133.333333333333 1000 2233.333333333333
3236 1133.333333333333 1000 2366.666666666667
3237 1133.333333333333 1033.333333333334 2233.333333333333
3238 1133.333333333333 1033.333333333334 2366.666666666667
3239 1133.333333333333 1066.666666666667 2233.333333333333
3240 1133.333333333333 1066.666666666667 2366.666666666667
3241 1133.333333333333 1100 2233.333333333333
3242 1133.333333333333 1100 2366.666666666667
3243 1133.333333333333 1133.333333333334 2233.333333333333
3244 1133.333333333333 1133.333333333334 2366.666666666667
3245 1133.333333333333 1166.666666666667 2233.333333333333
3246 1133.333333333333 1166.666666666667 2366.666666666667
3247 1133.333333333333 1200 2233.333333333333
3248 1133.333333333333 1200 2366.666666666667
3249 1133.333333333333 1233.333333333334 2233.333333333333
3250 1133.333333333333 1233.333333333334 2366.666666666667
3251 1133.333333333333 1266.666666666667 2233.333333333333
3252 1133.333333333333 1266.666666666667 2366.666666666667
3253 1133.333333333333 1300 2233.333333333333
3254 1133.333333333333 1300 2366.666666666667
3255 1133.333333333334 1333.333333333334 2233.333333333333
3256 1133.333333333334 1333.333333333334 2366.666666666667
3257 1133.333333333334 1366.666666666667 2233.333333333333
3258 1133.333333333334 1366.666666666667 2366.666666666667
3259 1133.333333333334 1400 2233.333333333333
3260 1133.333333333334 1400 2366.666666666667
3261 1133.333333333334 1433.333333333333 2233.333333333333
3262 1133.333333333334 1433.333333333333 2366.666666666667
3263 1133.333333333334 1466.666666666667 2233.333333333333
3264 1133.333333333334 1466.666666666667 2366.666666666667
3265 1166.666666666667 533.3333333333335 2233.333333333333
3266 1166.666666666667 533.3333333333335 2366.666666666667
3267 1166.666666666666 566.666666666667 2233.333333333333
3268 1166.666666666666 566.666666666667 2366.666666666667
3269 1166.666666666666 600.0000000000002 2233.333333333333
3270 1166.666666666666 600.0000000000002 2366.666666666667
3271 1166.666666666666 633.3333333333335 2233.333333333333
3272 1166.666666666666 633.3333333333335 2366.666666666667
3273 1166.666666666667 666.6666666666669 2233.333333333333
3274 1166.666666666667 666.6666666666669 2366.666666666667
3275 1166.666666666667 700.0000000000002 2233.333333333333
3276 1166.666666666667 700.0000000000002 2366.666666666667
3277 1166.666666666666 733.3333333333336 2233.333333333333
3278 1166.666666666666 733.3333333333336 2366.666666666667
3279 1166.666666666667 766.666666666667 2233.333333333333
3280 1166.666666666667 766.666666666667 2366.666666666667
3281 1166.666666666666 800.0000000000002 2233.333333333333
3282 1166.666666666666 800.0000000000002 2366.666666666667
3283 1166.666666666667 833.3333333333337 2233.333333333333
3284 1166.666666666667 833.3333333333337 2366.666666666667
3285 1166.666666666667 866.6666666666672 2233.333333333333
3286 1166.666666666667 866.6666666666672 2366.666666666667
3287 1166.666666666667 900.0000000000001 2233.333333333333
3288 1166.666666666667 900.0000000000001 2366.666666666667
3289 1166.666666666667 933.3333333333339 2233.333333333333
3290 1166.666666666667 933.3333333333339 2366.666666666667
3291 1166.666666666667 966.6666666666667 2233.333333333333
3292 1166.666666666667 966.6666666666667 2366.666666666667
3293 1166.666666666667 1000 2233.333333333333
3294 1166.666666666667 1000 2366.666666666667
3295 1166.666666666667 1033.333333333334 2233.333333333333
3296 1166.666666666667 1033.333333333334 2366.666666666667
3297 1166.666666666667 1066.666666666667 2233.333333333333
3298 1166.666666666667 1066.666666666667 2366.666666666667
3299 1166.666666666667 1100 2233.333333333333
3300 1166.666666666667 1100 2366.666666666667
3301 1166.666666666667 1133.333333333334 2233.333333333333
3302 1166.666666666667 1133.333333333334 2366.666666666667
3303 1166.666666666667 1166.666666666667 2233.333333333333
3304 1166.666666666667 1166.666666666667 2366.666666666667
3305 1166.666666666667 1200.000000000001 2233.333333333333
3306 1166.666666666667 1200.000000000001 2366.666666666667
3307 1166.666666666667 1233.333333333334 2233.333333333333
3308 1166.666666666667 1233.333333333334 2366.666666666667
3309 1166.666666666667 1266.666666666667 2233.333333333333
3310 1166.666666666667 1266.666666666667 2366.666666666667
3311 1166.666666666667 1300 2233.333333333333
3312 1166.666666666667 1300 2366.666666666667
3313 1166.666666666667 1333.333333333334 2233.333333333333
3314 1166.666666666667 1333.333333333334 2366.666666666667
3315 1166.666666666667 1366.666666666667 2233.333333333333
3316 1166.666666666667 1366.666666666667 2366.666666666667
3317 1166.666666666667 1400 2233.333333333333
3318 1166.666666666667 1400 2366.666666666667
3319 1166.666666666667 1433.333333333333 2233.333333333333
3320 1166.666666666667 1433.333333333333 2366.666666666667
3321 1166.666666666667 1466.666666666667 2233.333333333333
3322 1166.666666666667 1466.666666666667 2366.666666666667
3323 1200 533.3333333333334 2233.333333333333
3324 1200 533.3333333333334 2366.666666666667
3325 1200 566.666666666667 2233.333333333333
3326 1200 566.666666666667 2366.666666666667
3327 1200 600.0000000000002 2233.333333333333
3328 1200 600.0000000000002 2366.666666666667
3329 1200 633.3333333333335 2233.333333333333
3330 1200 633.3333333333335 2366.666666666667
3331 1200 666.666666666667 2233.333333333333
3332 1200 666.666666666667 2366.666666666667
3333 1200 700.0000000000002 2233.333333333333
3334 1200 700.0000000000002 2366.666666666667
3335 1200 733.3333333333337 2233.333333333333
3336 1200 733.3333333333337 2366.666666666667
3337 1200 766.6666666666669 2233.333333333333
3338 1200 766.6666666666669 2366.666666666667
3339 1200 800.0000000000002 2233.333333333333
3340 1200 800.0000000000002 2366.666666666667
3341 1200 833.3333333333337 2233.333333333333
3342 1200 833.3333333333337 2366.666666666667
3343 1200 866.6666666666671 2233.333333333333
3344 1200 866.6666666666671 2366.666666666667
3345 1200 900.0000000000007 2233.333333333333
3346 1200 900.0000000000007 2366.666666666667
3347 1200 933.3333333333339 2233.333333333333
3348 1200 933.3333333333339 2366.666666666667
3349 1200 966.6666666666667 2233.333333333333
3350 1200 966.6666666666667 2366.666666666667
3351 1200 1000 2233.333333333333
3352 1200 1000 2366.666666666667
3353 1200 1033.333333333334 2233.333333333333
3354 1200 1033.333333333334 2366.666666666667
3355 1200 1066.666666666667 2233.333333333333
3356 1200 1066.666666666667 2366.666666666667
3357 1200 1100 2233.333333333333
3358 1200 1100 2366.666666666667
3359 1200 1133.333333333334 2233.333333333333
3360 1200 1133.333333333334 2366.666666666667
3361 1200.000000000001 1166.666666666667 2233.333333333333
3362 1200.000000000001 1166.666666666667 2366.666666666667
3363 1200.000000000001 1200 2233.333333333333
3364 1200.000000000001 1200 2366.666666666667
3365 1200.000000000001 1233.333333333334 2233.333333333333
3366 1200.000000000001 1233.333333333334 2366.666666666667
3367 1200.000000000001 1266.666666666667 2233.333333333333
3368 1200.000000000001 1266.666666666667 2366.666666666667
3369 1200.000000000001 1300 2233.333333333333
3370 1200.000000000001 1300 2366.666666666667
3371 1200.000000000001 1333.333333333334 2233.333333333333
3372 1200.000000000001 1333.333333333334 2366.666666666667
3373 1200.000000000001 1366.666666666667 2233.333333333333
3374 1200.000000000001 1366.666666666667 2366.666666666667
3375 1200.000000000001 1400 2233.333333333333
3376 1200.000000000001 1400 2366.666666666667
3377 1200.000000000001 1433.333333333333 2233.333333333333
3378 1200.000000000001 1433.333333333333 2366.666666666667
3379 1200.000000000001 1466.666666666667 2233.333333333333
3380 1200.000000000001 1466.666666666667 2366.666666666667
3381 1233.333333333333 533.3333333333335 2233.333333333333
3382 1233.333333333333 533.3333333333335 2366.666666666667
3383 1233.333333333333 566.666666666667 2233.333333333333
3384 1233.333333333333 566.666666666667 2366.666666666667
3385 1233.333333333333 600.0000000000002 2233.333333333333
3386 1233.333333333333 600.0000000000002 2366.666666666667
3387 1233.333333333333 633.3333333333335 2233.333333333333
3388 1233.333333333333 633.3333333333335 2366.666666666667
3389 1233.333333333333 666.6666666666667 2233.333333333333
3390 1233.333333333333 666.6666666666667 2366.666666666667
3391 1233.333333333333 700.0000000000002 2233.333333333333
3392 1233.333333333333 700.0000000000002 2366.666666666667
3393 1233.333333333333 733.3333333333336 2233.333333333333
3394 1233.333333333333 733.3333333333336 2366.666666666667
3395 1233.333333333333 766.666666666667 2233.333333333333
3396 1233.333333333333 766.666666666667 2366.666666666667
3397 1233.333333333333 800.0000000000002 2233.333333333333
3398 1233.333333333333 800.0000000000002 2366.666666666667
3399 1233.333333333333 833.3333333333338 2233.333333333333
3400 1233.333333333333 833.3333333333338 2366.666666666667
3401 1233.333333333334 866.6666666666672 2233.333333333333
3402 1233.333333333334 866.6666666666672 2366.666666666667
3403 1233.333333333333 900.0000000000006 2233.333333333333
3404 1233.333333333333 900.0000000000006 2366.666666666667
3405 1233.333333333333 933.3333333333335 2233.333333333333
3406 1233.333333333333 933.3333333333335 2366.666666666667
3407 1233.333333333333 966.6666666666667 2233.333333333333
3408 1233.333333333333 966.6666666666667 2366.666666666667
3409 1233.333333333333 1000 2233.333333333333
3410 1233.333333333333 1000 2366.666666666667
3411 1233.333333333334 1033.333333333334 2233.333333333333
3412 1233.333333333334 1033.333333333334 2366.666666666667
3413 1233.333333333333 1066.666666666667 2233.333333333333
3414 1233.333333333333 1066.666666666667 2366.666666666667
3415 1233.333333333333 1100 2233.333333333333
3416 1233.333333333333 1100 2366.666666666667
3417 1233.333333333333 1133.333333333334 2233.333333333333
3418 1233.333333333333 1133.333333333334 2366.666666666667
3419 1233.333333333333 1166.666666666667 2233.333333333333
3420 1233.333333333333 1166.666666666667 2366.666666666667
3421 1233.333333333333 1200.000000000001 2233.333333333333
3422 1233.333333333333 1200.000000000001 2366.666666666667
3423 1233.333333333333 1233.333333333334 2233.333333333333
3424 1233.333333333333 1233.333333333334 2366.666666666667
3425 1233.333333333334 1266.666666666667 2233.333333333333
3426 1233.333333333334 1266.666666666667 2366.666666666667
3427 1233.333333333334 1300 2233.333333333333
3428 1233.333333333334 1300 2366.666666666667
3429 1233.333333333333 1333.333333333334 2233.333333333333
3430 1233.333333333333 1333.333333333334 2366.666666666667
3431 1233.333333333334 1366.666666666667 2233.333333333333
3432 1233.333333333334 1366.666666666667 2366.666666666667
3433 1233.333333333334 1400 2233.333333333333
3434 1233.333333333334 1400 2366.666666666667
3435 1233.333333333333 1433.333333333333 2233.333333333333
3436 1233.333333333333 1433.333333333333 2366.666666666667
3437 1233.333333333333 1466.666666666667 2233.333333333333
3438 1233.333333333333 1466.666666666667 2366.666666666667
3439 1266.666666666667 533.3333333333335 2233.333333333333
3440 1266.666666666667 533.3333333333335 2366.666666666667
3441 1266.666666666667 566.666666666667 2233.333333333333
3442 1266.666666666667 566.666666666667 2366.666666666667
3443 1266.666666666667 600.0000000000002 2233.333333333333
3444 1266.666666666667 600.0000000000002 2366.666666666667
3445 1266.666666666667 633.3333333333336 2233.333333333333
3446 1266.666666666667 633.3333333333336 2366.666666666667
3447 1266.666666666667 666.6666666666669 2233.333333333333
3448 1266.666666666667 666.6666666666669 2366.666666666667
3449 1266.666666666667 700.0000000000002 2233.333333333333
3450 1266.666666666667 700.0000000000002 2366.666666666667
3451 1266.666666666667 733.3333333333337 2233.333333333333
3452 1266.666666666667 733.3333333333337 2366.666666666667
3453 1266.666666666667 766.6666666666669 2233.333333333333
3454 1266.666666666667 766.6666666666669 2366.666666666667
3455 1266.666666666667 800.0000000000002 2233.333333333333
3456 1266.666666666667 800.0000000000002 2366.666666666667
3457 1266.666666666667 833.3333333333338 2233.333333333333
3458 1266.666666666667 833.3333333333338 2366.666666666667
3459 1266.666666666667 866.6666666666672 2233.333333333333
3460 1266.666666666667 866.6666666666672 2366.666666666667
3461 1266.666666666667 900 2233.333333333333
3462 1266.666666666667 900 2366.666666666667
3463 1266.666666666667 933.3333333333341 2233.333333333333
3464 1266.666666666667 933.3333333333341 2366.666666666667
3465 1266.666666666667 966.666666666667 2233.333333333333
3466 1266.666666666667 966.666666666667 2366.666666666667
3467 1266.666666666667 1000 2233.333333333333
3468 1266.666666666667 1000 2366.666666666667
3469 1266.666666666667 1033.333333333334 2233.333333333333
3470 1266.666666666667 1033.333333333334 2366.666666666667
3471 1266.666666666667 1066.666666666667 2233.333333333333
3472 1266.666666666667 1066.666666666667 2366.666666666667
3473 1266.666666666667 1100 2233.333333333333
3474 1266.666666666667 1100 2366.666666666667
3475 1266.666666666667 1133.333333333334 2233.333333333333
3476 1266.666666666667 1133.333333333334 2366.666666666667
3477 1266.666666666667 1166.666666666667 2233.333333333333
3478 1266.666666666667 1166.666666666667 2366.666666666667
3479 1266.666666666667 1200.000000000001 2233.333333333333
3480 1266.666666666667 1200.000000000001 2366.666666666667
3481 1266.666666666667 1233.333333333334 2233.333333333333
3482 1266.666666666667 1233.333333333334 2366.666666666667
3483 1266.666666666667 1266.666666666667 2233.333333333333
3484 1266.666666666667 1266.666666666667 2366.666666666667
3485 1266.666666666667 1300 2233.333333333333
3486 1266.666666666667 1300 2366.666666666667
3487 1266.666666666667 1333.333333333334 2233.333333333333
3488 1266.666666666667 1333.333333333334 2366.666666666667
3489 1266.666666666667 1366.666666666667 2233.333333333333
3490 1266.666666666667 1366.666666666667 2366.666666666667
3491 1266.666666666667 1400 2233.333333333333
3492 1266.666666666667 1400 2366.666666666667
3493 1266.666666666667 1433.333333333333 2233.333333333333
3494 1266.666666666667 1433.333333333333 2366.666666666667
3495 1266.666666666667 1466.666666666666 2233.333333333333
3496 1266.666666666667 1466.666666666666 2366.666666666667
3497 1300 533.3333333333335 2233.333333333333
3498 1300 533.3333333333335 2366.666666666667
3499 1300 566.666666666667 2233.333333333333
3500 1300 566.666666666667 2366.666666666667
3501 1300 600.0000000000002 2233.333333333333
3502 1300 600.0000000000002 2366.666666666667
3503 1300 633.3333333333335 2233.333333333333
3504 1300 633.3333333333335 2366.666666666667
3505 1300 666.6666666666669 2233.333333333333
3506 1300 666.6666666666669 2366.666666666667
3507 1300 700.0000000000002 2233.333333333333
3508 1300 700.0000000000002 2366.666666666667
3509 1300.000000000001 733.3333333333337 2233.333333333333
3510 1300.000000000001 733.3333333333337 2366.666666666667
3511 1300 766.666666666667 2233.333333333333
3512 1300 766.666666666667 2366.666666666667
3513 1300 800.0000000000002 2233.333333333333
3514 1300 800.0000000000002 2366.666666666667
3515 1300 833.3333333333337 2233.333333333333
3516 1300 833.3333333333337 2366.666666666667
3517 1300 866.6666666666672 2233.333333333333
3518 1300 866.6666666666672 2366.666666666667
3519 1300 900.0000000000006 2233.333333333333
3520 1300 900.0000000000006 2366.666666666667
3521 1300 933.3333333333342 2233.333333333333
3522 1300 933.3333333333342 2366.666666666667
3523 1300 966.6666666666669 2233.333333333333
3524 1300 966.6666666666669 2366.666666666667
3525 1300 1000.000000000001 2233.333333333333
3526 1300 1000.000000000001 2366.666666666667
3527 1300 1033.333333333334 2233.333333333333
3528 1300 1033.333333333334 2366.666666666667
3529 1300 1066.666666666667 2233.333333333333
3530 1300 1066.666666666667 2366.666666666667
3531 1300 1100 2233.333333333333
3532 1300 1100 2366.666666666667
3533 1300 1133.333333333334 2233.333333333333
3534 1300 1133.333333333334 2366.666666666667
3535 1300 1166.666666666667 2233.333333333333
3536 1300 1166.666666666667 2366.666666666667
3537 1300 1200.000000000001 2233.333333333333
3538 1300 1200.000000000001 2366.666666666667
3539 1300 1233.333333333334 2233.333333333333
3540 1300 1233.333333333334 2366.666666666667
3541 1300 1266.666666666667 2233.333333333333
3542 1300 1266.666666666667 2366.666666666667
3543 1300 1300 2233.333333333333
3544 1300 1300 2366.666666666667
3545 1300 1333.333333333334 2233.333333333333
3546 1300 1333.333333333334 2366.666666666667
3547 1300.000000000001 1366.666666666667 2233.333333333333
3548 1300.000000000001 1366.666666666667 2366.666666666667
3549 1300.000000000001 1400 2233.333333333333
3550 1300.000000000001 1400 2366.666666666667
3551 1300.000000000001 1433.333333333333 2233.333333333333
3552 1300.000000000001 1433.333333333333 2366.666666666667
3553 1300.000000000001 1466.666666666667 2233.333333333333
3554 1300.000000000001 1466.666666666667 2366.666666666667
3555 1333.333333333333 533.3333333333335 2233.333333333333
3556 1333.333333333333 533.3333333333335 2366.666666666667
3557 1333.333333333333 566.666666666667 2233.333333333333
3558 1333.333333333333 566.666666666667 2366.666666666667
3559 1333.333333333333 600.0000000000002 2233.333333333333
3560 1333.333333333333 600.0000000000002 2366.666666666667
3561 1333.333333333333 633.3333333333335 2233.333333333333
3562 1333.333333333333 633.3333333333335 2366.666666666667
3563 1333.333333333333 666.6666666666667 2233.333333333333
3564 1333.333333333333 666.6666666666667 2366.666666666667
3565 1333.333333333333 700.0000000000002 2233.333333333333
3566 1333.333333333333 700.0000000000002 2366.666666666667
3567 1333.333333333333 733.3333333333336 2233.333333333333
3568 1333.333333333333 733.3333333333336 2366.666666666667
3569 1333.333333333333 766.666666666667 2233.333333333333
3570 1333.333333333333 766.666666666667 2366.666666666667
3571 1333.333333333333 800.0000000000003 2233.333333333333
3572 1333.333333333333 800.0000000000003 2366.666666666667
3573 1333.333333333333 833.3333333333338 2233.333333333333
3574 1333.333333333333 833.3333333333338 2366.666666666667
3575 1333.333333333333 866.6666666666671 2233.333333333333
3576 1333.333333333333 866.6666666666671 2366.666666666667
3577 1333.333333333333 900.0000000000007 2233.333333333333
3578 1333.333333333333 900.0000000000007 2366.666666666667
3579 1333.333333333333 933.3333333333335 2233.333333333333
3580 1333.333333333333 933.3333333333335 2366.666666666667
3581 1333.333333333333 966.6666666666669 2233.333333333333
3582 1333.333333333333 966.6666666666669 2366.666666666667
3583 1333.333333333333 1000 2233.333333333333
3584 1333.333333333333 1000 2366.666666666667
3585 1333.333333333333 1033.333333333334 2233.333333333333
3586 1333.333333333333 1033.333333333334 2366.666666666667
3587 1333.333333333333 1066.666666666667 2233.333333333333
3588 1333.333333333333 1066.666666666667 2366.666666666667
3589 1333.333333333334 1100.000000000001 2233.333333333333
3590 1333.333333333334 1100.000000000001 2366.666666666667
3591 1333.333333333333 1133.333333333334 2233.333333333333
3592 1333.333333333333 1133.333333333334 2366.666666666667
3593 1333.333333333333 1166.666666666667 2233.333333333333
3594 1333.333333333333 1166.666666666667 2366.666666666667
3595 1333.333333333333 1200.000000000001 2233.333333333333
3596 1333.333333333333 1200.000000000001 2366.666666666667
3597 1333.333333333333 1233.333333333334 2233.333333333333
3598 1333.333333333333 1233.333333333334 2366.666666666667
3599 1333.333333333334 1266.666666666667 2233.333333333333
3600 1333.333333333334 1266.666666666667 2366.666666666667
3601 1333.333333333334 1300.000000000001 2233.333333333333
3602 1333.333333333334 1300.000000000001 2366.666666666667
3603 1333.333333333333 1333.333333333333 2233.333333333333
3604 1333.333333333333 1333.333333333333 2366.666666666667
3605 1333.333333333334 1366.666666666667 2233.333333333333
3606 1333.333333333334 1366.666666666667 2366.666666666667
3607 1333.333333333334 1400 2233.333333333333
3608 1333.333333333334 1400 2366.666666666667
3609 1333.333333333334 1433.333333333334 2233.333333333333
3610 1333.333333333334 1433.333333333334 2366.666666666667
3611 1333.333333333333 1466.666666666667 2233.333333333333
3612 1333.333333333333 1466.666666666667 2366.666666666667
3613 1366.666666666667 533.3333333333335 2233.333333333333
3614 1366.666666666667 533.3333333333335 2366.666666666667
3615 1366.666666666667 566.666666666667 2233.333333333333
3616 1366.666666666667 566.666666666667 2366.666666666667
3617 1366.666666666666 600.0000000000002 2233.333333333333
3618 1366.666666666666 600.0000000000002 2366.666666666667
3619 1366.666666666667 633.3333333333335 2233.333333333333
3620 1366.666666666667 633.3333333333335 2366.666666666667
3621 1366.666666666667 666.6666666666669 2233.333333333333
3622 1366.666666666667 666.6666666666669 2366.666666666667
3623 1366.666666666667 700.0000000000002 2233.333333333333
3624 1366.666666666667 700.0000000000002 2366.666666666667
3625 1366.666666666667 733.3333333333337 2233.333333333333
3626 1366.666666666667 733.3333333333337 2366.666666666667
3627 1366.666666666667 766.6666666666671 2233.333333333333
3628 1366.666666666667 766.6666666666671 2366.666666666667
3629 1366.666666666667 800.0000000000002 2233.333333333333
3630 1366.666666666667 800.0000000000002 2366.666666666667
3631 1366.666666666667 833.3333333333337 2233.333333333333
3632 1366.666666666667 833.3333333333337 2366.666666666667
3633 1366.666666666667 866.6666666666671 2233.333333333333
3634 1366.666666666667 866.6666666666671 2366.666666666667
3635 1366.666666666667 900.0000000000005 2233.333333333333
3636 1366.666666666667 900.0000000000005 2366.666666666667
3637 1366.666666666667 933.3333333333339 2233.333333333333
3638 1366.666666666667 933.3333333333339 2366.666666666667
3639 1366.666666666667 966.6666666666669 2233.333333333333
3640 1366.666666666667 966.6666666666669 2366.666666666667
3641 1366.666666666667 1000 2233.333333333333
3642 1366.666666666667 1000 2366.666666666667
3643 1366.666666666667 1033.333333333334 2233.333333333333
3644 1366.666666666667 1033.333333333334 2366.666666666667
3645 1366.666666666667 1066.666666666667 2233.333333333333
3646 1366.666666666667 1066.666666666667 2366.666666666667
3647 1366.666666666667 1100 2233.333333333333
3648 1366.666666666667 1100 2366.666666666667
3649 1366.666666666667 1133.333333333334 2233.333333333333
3650 1366.666666666667 1133.333333333334 2366.666666666667
3651 1366.666666666667 1166.666666666667 2233.333333333333
3652 1366.666666666667 1166.666666666667 2366.666666666667
3653 1366.666666666667 1200 2233.333333333333
3654 1366.666666666667 1200 2366.666666666667
3655 1366.666666666667 1233.333333333334 2233.333333333333
3656 1366.666666666667 1233.333333333334 2366.666666666667
3657 1366.666666666667 1266.666666666667 2233.333333333333
3658 1366.666666666667 1266.666666666667 2366.666666666667
3659 1366.666666666667 1300 2233.333333333333
3660 1366.666666666667 1300 2366.666666666667
3661 1366.666666666667 1333.333333333334 2233.333333333333
3662 1366.666666666667 1333.333333333334 2366.666666666667
3663 1366.666666666667 1366.666666666667 2233.333333333333
3664 1366.666666666667 1366.666666666667 2366.666666666667
3665 1366.666666666667 1400 2233.333333333333
3666 1366.666666666667 1400 2366.666666666667
3667 1366.666666666667 1433.333333333333 2233.333333333333
3668 1366.666666666667 1433.333333333333 2366.666666666667
3669 1366.666666666667 1466.666666666667 2233.333333333333
3670 1366.666666666667 1466.666666666667 2366.666666666667
3671 1400 533.3333333333335 2233.333333333333
3672 1400 533.3333333333335 2366.666666666667
3673 1399.999999999999 566.666666666667 2233.333333333333
3674 1399.999999999999 566.666666666667 2366.666666666667
3675 1400 600.0000000000002 2233.333333333333
3676 1400 600.0000000000002 2366.666666666667
3677 1400 633.3333333333335 2233.333333333333
3678 1400 633.3333333333335 2366.666666666667
3679 1400 666.666666666667 2233.333333333333
3680 1400 666.666666666667 2366.666666666667
3681 1400 700.0000000000002 2233.333333333333
3682 1400 700.0000000000002 2366.666666666667
3683 1400 733.3333333333337 2233.333333333333
3684 1400 733.3333333333337 2366.666666666667
3685 1400 766.666666666667 2233.333333333333
3686 1400 766.666666666667 2366.666666666667
3687 1400 800.0000000000002 2233.333333333333
3688 1400 800.0000000000002 2366.666666666667
3689 1400 833.3333333333338 2233.333333333333
3690 1400 833.3333333333338 2366.666666666667
3691 1400 866.6666666666671 2233.333333333333
3692 1400 866.6666666666671 2366.666666666667
3693 1400 900.0000000000007 2233.333333333333
3694 1400 900.0000000000007 2366.666666666667
3695 1400 933.3333333333341 2233.333333333333
3696 1400 933.3333333333341 2366.666666666667
3697 1400 966.6666666666669 2233.333333333333
3698 1400 966.6666666666669 2366.666666666667
3699 1400 1000.000000000001 2233.333333333333
3700 1400 1000.000000000001 2366.666666666667
3701 1400 1033.333333333334 2233.333333333333
3702 1400 1033.333333333334 2366.666666666667
3703 1400 1066.666666666667 2233.333333333333
3704 1400 1066.666666666667 2366.666666666667
3705 1400 1100 2233.333333333333
3706 1400 1100 2366.666666666667
3707 1400 1133.333333333334 2233.333333333333
3708 1400 1133.333333333334 2366.666666666667
3709 1400 1166.666666666668 2233.333333333333
3710 1400 1166.666666666668 2366.666666666667
3711 1400 1200.000000000001 2233.333333333333
3712 1400 1200.000000000001 2366.666666666667
3713 1400 1233.333333333334 2233.333333333333
3714 1400 1233.333333333334 2366.666666666667
3715 1400 1266.666666666668 2233.333333333333
3716 1400 1266.666666666668 2366.666666666667
3717 1400 1300 2233.333333333333
3718 1400 1300 2366.666666666667
3719 1400 1333.333333333334 2233.333333333333
3720 1400 1333.333333333334 2366.666666666667
3721 1400 1366.666666666667 2233.333333333333
3722 1400 1366.666666666667 2366.666666666667
3723 1400 1400 2233.333333333333
3724 1400 1400 2366.666666666667
3725 1400 1433.333333333333 2233.333333333333
3726 1400 1433.333333333333 2366.666666666667
3727 1400 1466.666666666666 2233.333333333333
3728 1400 1466.666666666666 2366.666666666667
3729 1433.333333333333 533.3333333333334 2233.333333333333
3730 1433.333333333333 533.3333333333334 2366.666666666667
3731 1433.333333333333 566.666666666667 2233.333333333333
3732 1433.333333333333 566.666666666667 2366.666666666667
3733 1433.333333333333 600.0000000000002 2233.333333333333
3734 1433.333333333333 600.0000000000002 2366.666666666667
3735 1433.333333333333 633.3333333333335 2233.333333333333
3736 1433.333333333333 633.3333333333335 2366.666666666667
3737 1433.333333333333 666.6666666666669 2233.333333333333
3738 1433.333333333333 666.6666666666669 2366.666666666667
3739 1433.333333333333 700.0000000000002 2233.333333333333
3740 1433.333333333333 700.0000000000002 2366.666666666667
3741 1433.333333333333 733.3333333333336 2233.333333333333
3742 1433.333333333333 733.3333333333336 2366.666666666667
3743 1433.333333333333 766.666666666667 2233.333333333333
3744 1433.333333333333 766.666666666667 2366.666666666667
3745 1433.333333333333 800.0000000000002 2233.333333333333
3746 1433.333333333333 800.0000000000002 2366.666666666667
3747 1433.333333333333 833.3333333333336 2233.333333333333
3748 1433.333333333333 833.3333333333336 2366.666666666667
3749 1433.333333333333 866.666666666667 2233.333333333333
3750 1433.333333333333 866.666666666667 2366.666666666667
3751 1433.333333333333 900.0000000000005 2233.333333333333
3752 1433.333333333333 900.0000000000005 2366.666666666667
3753 1433.333333333333 933.3333333333339 2233.333333333333
3754 1433.333333333333 933.3333333333339 2366.666666666667
3755 1433.333333333333 966.6666666666669 2233.333333333333
3756 1433.333333333333 966.6666666666669 2366.666666666667
3757 1433.333333333333 1000.000000000001 2233.333333333333
3758 1433.333333333333 1000.000000000001 2366.666666666667
3759 1433.333333333333 1033.333333333334 2233.333333333333
3760 1433.333333333333 1033.333333333334 2366.666666666667
3761 1433.333333333333 1066.666666666667 2233.333333333333
3762 1433.333333333333 1066.666666666667 2366.666666666667
3763 1433.333333333333 1100 2233.333333333333
3764 1433.333333333333 1100 2366.666666666667
3765 1433.333333333333 1133.333333333334 2233.333333333333
3766 1433.333333333333 1133.333333333334 2366.666666666667
3767 1433.333333333333 1166.666666666667 2233.333333333333
3768 1433.333333333333 1166.666666666667 2366.666666666667
3769 1433.333333333333 1200.000000000001 2233.333333333333
3770 1433.333333333333 1200.000000000001 2366.666666666667
3771 1433.333333333333 1233.333333333334 2233.333333333333
3772 1433.333333333333 1233.333333333334 2366.666666666667
3773 1433.333333333333 1266.666666666667 2233.333333333333
3774 1433.333333333333 1266.666666666667 2366.666666666667
3775 1433.333333333333 1300 2233.333333333333
3776 1433.333333333333 1300 2366.666666666667
3777 1433.333333333333 1333.333333333334 2233.333333333333
3778 1433.333333333333 1333.333333333334 2366.666666666667
3779 1433.333333333333 1366.666666666667 2233.333333333333
3780 1433.333333333333 1366.666666666667 2366.666666666667
3781 1433.333333333334 1400 2233.333333333333
3782 1433.333333333334 1400 2366.666666666667
3783 1433.333333333333 1433.333333333333 2233.333333333333
3784 1433.333333333333 1433.333333333333 2366.666666666667
3785 1433.333333333334 1466.666666666667 2233.333333333333
3786 1433.333333333334 1466.666666666667 2366.666666666667
3787 1466.666666666667 533.3333333333335 2233.333333333333
3788 1466.666666666667 533.3333333333335 2366.666666666667
3789 1466.666666666667 566.666666666667 2233.333333333333
3790 1466.666666666667 566.666666666667 2366.666666666667
3791 1466.666666666666 600.0000000000002 2233.333333333333
3792 1466.666666666666 600.0000000000002 2366.666666666667
3793 1466.666666666667 633.3333333333335 2233.333333333333
3794 1466.666666666667 633.3333333333335 2366.666666666667
3795 1466.666666666667 666.6666666666669 2233.333333333333
3796 1466.666666666667 666.6666666666669 2366.666666666667
3797 1466.666666666667 700.0000000000002 2233.333333333333
3798 1466.666666666667 700.0000000000002 2366.666666666667
3799 1466.666666666666 733.3333333333336 2233.333333333333
3800 1466.666666666666 733.3333333333336 2366.666666666667
3801 1466.666666666667 766.6666666666669 2233.333333333333
3802 1466.666666666667 766.6666666666669 2366.666666666667
3803 1466.666666666667 800.0000000000002 2233.333333333333
3804 1466.666666666667 800.0000000000002 2366.666666666667
3805 1466.666666666667 833.3333333333338 2233.333333333333
3806 1466.666666666667 833.3333333333338 2366.666666666667
3807 1466.666666666666 866.6666666666671 2233.333333333333
3808 1466.666666666666 866.6666666666671 2366.666666666667
3809 1466.666666666666 900.0000000000007 2233.333333333333
3810 1466.666666666666 900.0000000000007 2366.666666666667
3811 1466.666666666667 933.3333333333339 2233.333333333333
3812 1466.666666666667 933.3333333333339 2366.666666666667
3813 1466.666666666666 966.6666666666669 2233.333333333333
3814 1466.666666666666 966.6666666666669 2366.666666666667
3815 1466.666666666666 1000 2233.333333333333
3816 1466.666666666666 1000 2366.666666666667
3817 1466.666666666667 1033.333333333334 2233.333333333333
3818 1466.666666666667 1033.333333333334 2366.666666666667
3819 1466.666666666667 1066.666666666667 2233.333333333333
3820 1466.666666666667 1066.666666666667 2366.666666666667
3821 1466.666666666667 1100 2233.333333333333
3822 1466.666666666667 1100 2366.666666666667
3823 1466.666666666666 1133.333333333334 2233.333333333333
3824 1466.666666666666 1133.333333333334 2366.666666666667
3825 1466.666666666667 1166.666666666667 2233.333333333333
3826 1466.666666666667 1166.666666666667 2366.666666666667
3827 1466.666666666667 1200 2233.333333333333
3828 1466.666666666667 1200 2366.666666666667
3829 1466.666666666667 1233.333333333334 2233.333333333333
3830 1466.666666666667 1233.333333333334 2366.666666666667
3831 1466.666666666667 1266.666666666668 2233.333333333333
3832 1466.666666666667 1266.666666666668 2366.666666666667
3833 1466.666666666667 1300 2233.333333333333
3834 1466.666666666667 1300 2366.666666666667
3835 1466.666666666667 1333.333333333333 2233.333333333333
3836 1466.666666666667 1333.333333333333 2366.666666666667
3837 1466.666666666667 1366.666666666667 2233.333333333333
3838 1466.666666666667 1366.666666666667 2366.666666666667
3839 1466.666666666667 1400 2233.333333333333
3840 1466.666666666667 1400 2366.666666666667
3841 1466.666666666667 1433.333333333333 2233.333333333333
3842 1466.666666666667 1433.333333333333 2366.666666666667
3843 1466.666666666667 1466.666666666667 2233.333333333333
3844 1466.666666666667 1466.666666666667 2366.666666666667
$EndNodes
$Elements
4860
1 3 2 995 1 1 9 249 124
2 3 2 995 1 124 249 250 123
3 3 2 995 1 123 250 251 122
4 3 2 995 1 122 251 252 121
5 3 2 995 1 121 252 253 120
6 3 2 995 1 120 253 254 119
7 3 2 995 1 119 254 255 118
8 3 2 995 1 118 255 256 117
9 3 2 995 1 117 256 257 116
10 3 2 995 1 116 257 258 115
11 3 2 995 1 115 258 259 114
12 3 2 995 1 114 259 260 113
13 3 2 995 1 113 260 261 112
14 3 2 995 1 112 261 262 111
15 3 2 995 1 111 262 263 110
16 3 2 995 1 110 263 264 109
17 3 2 995 1 109 264 265 108
18 3 2 995 1 108 265 266 107
19 3 2 995 1 107 266 267 106
20 3 2 995 1 106 267 268 105
21 3 2 995 1 105 268 269 104
22 3 2 995 1 104 269 270 103
23 3 2 995 1 103 270 271 102
24 3 2 995 1 102 271 272 101
25 3 2 995 1 101 272 273 100
26 3 2 995 1 100 273 274 99
27 3 2 995 1 99 274 275 98
28 3 2 995 1 98 275 276 97
29 3 2 995 1 97 276 277 96
30 3 2 995 1 96 277 95 4
31 3 2 995 1 9 10 278 249
32 3 2 995 1 249 278 279 250
33 3 2 995 1 250 279 280 251
34 3 2 995 1 251 280 281 252
35 3 2 995 1 252 281 282 253
36 3 2 995 1 253 282 283 254
37 3 2 995 1 254 283 284 255
38 3 2 995 1 255 284 285 256
39 3 2 995 1 256 285 286 257
40 3 2 995 1 257 286 287 258
41 3 2 995 1 258 287 288 259
42 3 2 995 1 259 288 289 260
43 3 2 995 1 260 289 290 261
44 3 2 995 1 261 290 291 262
45 3 2 995 1 262 291 292 263
46 3 2 995 1 263 292 293 264
47 3 2 995 1 264 293 294 265
48 3 2 995 1 265 294 295 266
49 3 2 995 1 266 295 296 267
50 3 2 995 1 267 296 297 268
51 3 2 995 1 268 297 298 269
52 3 2 995 1 269 298 299 270
53 3 2 995 1 270 299 300 271
54 3 2 995 1 271 300 301 272
55 3 2 995 1 272 301 302 273
56 3 2 995 1 273 302 303 274
57 3 2 995 1 274 303 304 275
58 3 2 995 1 275 304 305 276
59 3 2 995 1 276 305 306 277
60 3 2 995 1 277 306 94 95
61 3 2 995 1 10 11 307 278
62 3 2 995 1 278 307 308 279
63 3 2 995 1 279 308 309 280
64 3 2 995 1 280 309 310 281
65 3 2 995 1 281 310 311 282
66 3 2 995 1 282 311 312 283
67 3 2 995 1 283 312 313 284
68 3 2 995 1 284 313 314 285
69 3 2 995 1 285 314 315 286
70 3 2 995 1 286 315 316 287
71 3 2 995 1 287 316 317 288
72 3 2 995 1 288 317 318 289
73 3 2 995 1 289 318 319 290
74 3 2 995 1 290 319 320 291
75 3 2 995 1 291 320 321 292
76 3 2 995 1 292 321 322 293
77 3 2 995 1 293 322 323 294
78 3 2 995 1 294 323 324 295
79 3 2 995 1 295 324 325 296
80 3 2 995 1 296 325 326 297
81 3 2 995 1 297 326 327 298
82 3 2 995 1 298 327 328 299
83 3 2 995 1 299 328 329 300
84 3 2 995 1 300 329 330 301
85 3 2 995 1 301 330 331 302
86 3 2 995 1 302 331 332 303
87 3 2 995 1 303 332 333 304
88 3 2 995 1 304 333 334 305
89 3 2 995 1 305 334 335 306
90 3 2 995 1 306 335 93 94
91 3 2 995 1 11 12 336 307
92 3 2 995 1 307 336 337 308
93 3 2 995 1 308 337 338 309
94 3 2 995 1 309 338 339 310
95 3 2 995 1 310 339 340 311
96 3 2 995 1 311 340 341 312
97 3 2 995 1 312 341 342 313
98 3 2 995 1 313 342 343 314
99 3 2 995 1 314 343 344 315
100 3 2 995 1 315 344 345 316
101 3 2 995 1 316 345 346 317
102 3 2 995 1 317 346 347 318
103 3 2 995 1 318 347 348 319
104 3 2 995 1 319 348 349 320
105 3 2 995 1 320 349 350 321
106 3 2 995 1 321 350 351 322
107 3 2 995 1 322 351 352 323
108 3 2 995 1 323 352 353 324
109 3 2 995 1 324 353 354 325
110 3 2 995 1 325 354 355 326
111 3 2 995 1 326 355 356 327
112 3 2 995 1 327 356 357 328
113 3 2 995 1 328 357 358 329
114 3 2 995 1 329 358 359 330
115 3 2 995 1 330 359 360 331
116 3 2 995 1 331 360 361 332
117 3 2 995 1 332 361 362 333
118 3 2 995 1 333 362 363 334
119 3 2 995 1 334 363 364 335
120 3 2 995 1 335 364 92 93
121 3 2 995 1 12 13 365 336
122 3 2 995 1 336 365 366 337
123 3 2 995 1 337 366 367 338
124 3 2 995 1 338 367 368 339
125 3 2 995 1 339 368 369 340
126 3 2 995 1 340 369 370 341
127 3 2 995 1 341 370 371 342
128 3 2 995 1 342 371 372 343
129 3 2 995 1 343 372 373 344
130 3 2 995 1 344 373 374 345
131 3 2 995 1 345 374 375 346
132 3 2 995 1 346 375 376 347
133 3 2 995 1 347 376 377 348
134 3 2 995 1 348 377 378 349
135 3 2 995 1 349 378 379 350
136 3 2 995 1 350 379 380 351
137 3 2 995 1 351 380 381 352
138 3 2 995 1 352 381 382 353
139 3 2 995 1 353 382 383 354
140 3 2 995 1 354 383 384 355
141 3 2 995 1 355 384 385 356
142 3 2 995 1 356 385 386 357
143 3 2 995 1 357 386 387 358
144 3 2 995 1 358 387 388 359
145 3 2 995 1 359 388 389 360
146 3 2 995 1 360 389 390 361
147 3 2 995 1 361 390 391 362
148 3 2 995 1 362 391 392 363
149 3 2 995 1 363 392 393 364
150 3 2 995 1 364 393 91 92
151 3 2 995 1 13 14 394 365
152 3 2 995 1 365 394 395 366
153 3 2 995 1 366 395 396 367
154 3 2 995 1 367 396 397 368
155 3 2 995 1 368 397 398 369
156 3 2 995 1 369 398 399 370
157 3 2 995 1 370 399 400 371
158 3 2 995 1 371 400 401 372
159 3 2 995 1 372 401 402 373
160 3 2 995 1 373 402 403 374
161 3 2 995 1 374 403 404 375
162 3 2 995 1 375 404 405 376
163 3 2 995 1 376 405 406 377
164 3 2 995 1 377 406 407 378
165 3 2 995 1 378 407 408 379
166 3 2 995 1 379 408 409 380
167 3 2 995 1 380 409 410 381
168 3 2 995 1 381 410 411 382
169 3 2 995 1 382 411 412 383
170 3 2 995 1 383 412 413 384
171 3 2 995 1 384 413 414 385
172 3 2 995 1 385 414 415 386
173 3 2 995 1 386 415 416 387
174 3 2 995 1 387 416 417 388
175 3 2 995 1 388 417 418 389
176 3 2 995 1 389 418 419 390
177 3 2 995 1 390 419 420 391
178 3 2 995 1 391 420 421 392
179 3 2 995 1 392 421 422 393
180 3 2 995 1 393 422 90 91
181 3 2 995 1 14 15 423 394
182 3 2 995 1 394 423 424 395
183 3 2 995 1 395 424 425 396
184 3 2 995 1 396 425 426 397
185 3 2 995 1 397 426 427 398
186 3 2 995 1 398 427 428 399
187 3 2 995 1 399 428 429 400
188 3 2 995 1 400 429 430 401
189 3 2 995 1 401 430 431 402
190 3 2 995 1 402 431 432 403
191 3 2 995 1 403 432 433 404
192 3 2 995 1 404 433 434 405
193 3 2 995 1 405 434 435 406
194 3 2 995 1 406 435 436 407
195 3 2 995 1 407 436 437 408
196 3 2 995 1 408 437 438 409
197 3 2 995 1 409 438 439 410
198 3 2 995 1 410 439 440 411
199 3 2 995 1 411 440 441 412
200 3 2 995 1 412 441 442 413
201 3 2 995 1 413 442 443 414
202 3 2 995 1 414 443 444 415
203 3 2 995 1 415 444 445 416
204 3 2 995 1 416 445 446 417
205 3 2 995 1 417 446 447 418
206 3 2 995 1 418 447 448 419
207 3 2 995 1 419 448 449 420
208 3 2 995 1 420 449 450 421
209 3 2 995 1 421 450 451 422
210 3 2 995 1 422 451 89 90
211 3 2 995 1 15 16 452 423
212 3 2 995 1 423 452 453 424
213 3 2 995 1 424 453 454 425
214 3 2 995 1 425 454 455 426
215 3 2 995 1 426 455 456 427
216 3 2 995 1 427 456 457 428
217 3 2 995 1 428 457 458 429
218 3 2 995 1 429 458 459 430
219 3 2 995 1 430 459 460 431
220 3 2 995 1 431 460 461 432
221 3 2 995 1 432 461 462 433
222 3 2 995 1 433 462 463 434
223 3 2 995 1 434 463 464 435
224 3 2 995 1 435 464 465 436
225 3 2 995 1 436 465 466 437
226 3 2 995 1 437 466 467 438
227 3 2 995 1 438 467 468 439
228 3 2 995 1 439 468 469 440
229 3 2 995 1 440 469 470 441
230 3 2 995 1 441 470 471 442
231 3 2 995 1 442 471 472 443
232 3 2 995 1 443 472 473 444
233 3 2 995 1 444 473 474 445
234 3 2 995 1 445 474 475 446
235 3 2 995 1 446 475 476 447
236 3 2 995 1 447 476 477 448
237 3 2 995 1 448 477 478 449
238 3 2 995 1 449 478 479 450
239 3 2 995 1 450 479 480 451
240 3 2 995 1 451 480 88 89
241 3 2 995 1 16 17 481 452
242 3 2 995 1 452 481 482 453
243 3 2 995 1 453 482 483 454
244 3 2 995 1 454 483 484 455
245 3 2 995 1 455 484 485 456
246 3 2 995 1 456 485 486 457
247 3 2 995 1 457 486 487 458
248 3 2 995 1 458 487 488 459
249 3 2 995 1 459 488 489 460
250 3 2 995 1 460 489 490 461
251 3 2 995 1 461 490 491 462
252 3 2 995 1 462 491 492 463
253 3 2 995 1 463 492 493 464
254 3 2 995 1 464 493 494 465
255 3 2 995 1 465 494 495 466
256 3 2 995 1 466 495 496 467
257 3 2 995 1 467 496 497 468
258 3 2 995 1 468 497 498 469
259 3 2 995 1 469 498 499 470
260 3 2 995 1 470 499 500 471
261 3 2 995 1 471 500 501 472
262 3 2 995 1 472 501 502 473
263 3 2 995 1 473 502 503 474
264 3 2 995 1 474 503 504 475
265 3 2 995 1 475 504 505 476
266 3 2 995 1 476 505 506 477
267 3 2 995 1 477 506 507 478
268 3 2 995 1 478 507 508 479
269 3 2 995 1 479 508 509 480
270 3 2 995 1 480 509 87 88
271 3 2 995 1 17 18 510 481
272 3 2 995 1 481 510 511 482
273 3 2 995 1 482 511 512 483
274 3 2 995 1 483 512 513 484
275 3 2 995 1 484 513 514 485
276 3 2 995 1 485 514 515 486
277 3 2 995 1 486 515 516 487
278 3 2 995 1 487 516 517 488
279 3 2 995 1 488 517 518 489
280 3 2 995 1 489 518 519 490
281 3 2 995 1 490 519 520 491
282 3 2 995 1 491 520 521 492
283 3 2 995 1 492 521 522 493
284 3 2 995 1 493 522 523 494
285 3 2 995 1 494 523 524 495
286 3 2 995 1 495 524 525 496
287 3 2 995 1 496 525 526 497
288 3 2 995 1 497 526 527 498
289 3 2 995 1 498 527 528 499
290 3 2 995 1 499 528 529 500
291 3 2 995 1 500 529 530 501
292 3 2 995 1 501 530 531 502
293 3 2 995 1 502 531 532 503
294 3 2 995 1 503 532 533 504
295 3 2 995 1 504 533 534 505
296 3 2 995 1 505 534 535 506
297 3 2 995 1 506 535 536 507
298 3 2 995 1 507 536 537 508
299 3 2 995 1 508 537 538 509
300 3 2 995 1 509 538 86 87
301 3 2 995 1 18 19 539 510
302 3 2 995 1 510 539 540 511
303 3 2 995 1 511 540 541 512
304 3 2 995 1 512 541 542 513
305 3 2 995 1 513 542 543 514
306 3 2 995 1 514 543 544 515
307 3 2 995 1 515 544 545 516
308 3 2 995 1 516 545 546 517
309 3 2 995 1 517 546 547 518
310 3 2 995 1 518 547 548 519
311 3 2 995 1 519 548 549 520
312 3 2 995 1 520 549 550 521
313 3 2 995 1 521 550 551 522
314 3 2 995 1 522 551 552 523
315 3 2 995 1 523 552 553 524
316 3 2 995 1 524 553 554 525
317 3 2 995 1 525 554 555 526
318 3 2 995 1 526 555 556 527
319 3 2 995 1 527 556 557 528
320 3 2 995 1 528 557 558 529
321 3 2 995 1 529 558 559 530
322 3 2 995 1 530 559 560 531
323 3 2 995 1 531 560 561 532
324 3 2 995 1 532 561 562 533
325 3 2 995 1 533 562 563 534
326 3 2 995 1 534 563 564 535
327 3 2 995 1 535 564 565 536
328 3 2 995 1 536 565 566 537
329 3 2 995 1 537 566 567 538
330 3 2 995 1 538 567 85 86
331 3 2 995 1 19 20 568 539
332 3 2 995 1 539 568 569 540
333 3 2 995 1 540 569 570 541
334 3 2 995 1 541 570 571 542
335 3 2 995 1 542 571 572 543
336 3 2 995 1 543 572 573 544
337 3 2 995 1 544 573 574 545
338 3 2 995 1 545 574 575 546
339 3 2 995 1 546 575 576 547
340 3 2 995 1 547 576 577 548
341 3 2 995 1 548 577 578 549
342 3 2 995 1 549 578 579 550
343 3 2 995 1 550 579 580 551
344 3 2 995 1 551 580 581 552
345 3 2 995 1 552 581 582 553
346 3 2 995 1 553 582 583 554
347 3 2 995 1 554 583 584 555
348 3 2 995 1 555 584 585 556
349 3 2 995 1 556 585 586 557
350 3 2 995 1 557 586 587 558
351 3 2 995 1 558 587 588 559
352 3 2 995 1 559 588 589 560
353 3 2 995 1 560 589 590 561
354 3 2 995 1 561 590 591 562
355 3 2 995 1 562 591 592 563
356 3 2 995 1 563 592 593 564
357 3 2 995 1 564 593 594 565
358 3 2 995 1 565 594 595 566
359 3 2 995 1 566 595 596 567
360 3 2 995 1 567 596 84 85
361 3 2 995 1 20 21 597 568
362 3 2 995 1 568 597 598 569
363 3 2 995 1 569 598 599 570
364 3 2 995 1 570 599 600 571
365 3 2 995 1 571 600 601 572
366 3 2 995 1 572 601 602 573
367 3 2 995 1 573 602 603 574
368 3 2 995 1 574 603 604 575
369 3 2 995 1 575 604 605 576
370 3 2 995 1 576 605 606 577
371 3 2 995 1 577 606 607 578
372 3 2 995 1 578 607 608 579
373 3 2 995 1 579 608 609 580
374 3 2 995 1 580 609 610 581
375 3 2 995 1 581 610 611 582
376 3 2 995 1 582 611 612 583
377 3 2 995 1 583 612 613 584
378 3 2 995 1 584 613 614 585
379 3 2 995 1 585 614 615 586
380 3 2 995 1 586 615 616 587
381 3 2 995 1 587 616 617 588
382 3 2 995 1 588 617 618 589
383 3 2 995 1 589 618 619 590
384 3 2 995 1 590 619 620 591
385 3 2 995 1 591 620 621 592
386 3 2 995 1 592 621 622 593
387 3 2 995 1 593 622 623 594
388 3 2 995 1 594 623 624 595
389 3 2 995 1 595 624 625 596
390 3 2 995 1 596 625 83 84
391 3 2 995 1 21 22 626 597
392 3 2 995 1 597 626 627 598
393 3 2 995 1 598 627 628 599
394 3 2 995 1 599 628 629 600
395 3 2 995 1 600 629 630 601
396 3 2 995 1 601 630 631 602
397 3 2 995 1 602 631 632 603
398 3 2 995 1 603 632 633 604
399 3 2 995 1 604 633 634 605
400 3 2 995 1 605 634 635 606
401 3 2 995 1 606 635 636 607
402 3 2 995 1 607 636 637 608
403 3 2 995 1 608 637 638 609
404 3 2 995 1 609 638 639 610
405 3 2 995 1 610 639 640 611
406 3 2 995 1 611 640 641 612
407 3 2 995 1 612 641 642 613
408 3 2 995 1 613 642 643 614
409 3 2 995 1 614 643 644 615
410 3 2 995 1 615 644 645 616
411 3 2 995 1 616 645 646 617
412 3 2 995 1 617 646 647 618
413 3 2 995 1 618 647 648 619
414 3 2 995 1 619 648 649 620
415 3 2 995 1 620 649 650 621
416 3 2 995 1 621 650 651 622
417 3 2 995 1 622 651 652 623
418 3 2 995 1 623 652 653 624
419 3 2 995 1 624 653 654 625
420 3 2 995 1 625 654 82 83
421 3 2 995 1 22 23 655 626
422 3 2 995 1 626 655 656 627
423 3 2 995 1 627 656 657 628
424 3 2 995 1 628 657 658 629
425 3 2 995 1 629 658 659 630
426 3 2 995 1 630 659 660 631
427 3 2 995 1 631 660 661 632
428 3 2 995 1 632 661 662 633
429 3 2 995 1 633 662 663 634
430 3 2 995 1 634 663 664 635
431 3 2 995 1 635 664 665 636
432 3 2 995 1 636 665 666 637
433 3 2 995 1 637 666 667 638
434 3 2 995 1 638 667 668 639
435 3 2 995 1 639 668 669 640
436 3 2 995 1 640 669 670 641
437 3 2 995 1 641 670 671 642
438 3 2 995 1 642 671 672 643
439 3 2 995 1 643 672 673 644
440 3 2 995 1 644 673 674 645
441 3 2 995 1 645 674 675 646
442 3 2 995 1 646 675 676 647
443 3 2 995 1 647 676 677 648
444 3 2 995 1 648 677 678 649
445 3 2 995 1 649 678 679 650
446 3 2 995 1 650 679 680 651
447 3 2 995 1 651 680 681 652
448 3 2 995 1 652 681 682 653
449 3 2 995 1 653 682 683 654
450 3 2 995 1 654 683 81 82
451 3 2 995 1 23 24 684 655
452 3 2 995 1 655 684 685 656
453 3 2 995 1 656 685 686 657
454 3 2 995 1 657 686 687 658
455 3 2 995 1 658 687 688 659
456 3 2 995 1 659 688 689 660
457 3 2 995 1 660 689 690 661
458 3 2 995 1 661 690 691 662
459 3 2 995 1 662 691 692 663
460 3 2 995 1 663 692 693 664
461 3 2 995 1 664 693 694 665
462 3 2 995 1 665 694 695 666
463 3 2 995 1 666 695 696 667
464 3 2 995 1 667 696 697 668
465 3 2 995 1 668 697 698 669
466 3 2 995 1 669 698 699 670
467 3 2 995 1 670 699 700 671
468 3 2 995 1 671 700 701 672
469 3 2 995 1 672 701 702 673
470 3 2 995 1 673 702 703 674
471 3 2 995 1 674 703 704 675
472 3 2 995 1 675 704 705 676
473 3 2 995 1 676 705 706 677
474 3 2 995 1 677 706 707 678
475 3 2 995 1 678 707 708 679
476 3 2 995 1 679 708 709 680
477 3 2 995 1 680 709 710 681
478 3 2 995 1 681 710 711 682
479 3 2 995 1 682 711 712 683
480 3 2 995 1 683 712 80 81
481 3 2 995 1 24 25 713 684
482 3 2 995 1 684 713 714 685
483 3 2 995 1 685 714 715 686
484 3 2 995 1 686 715 716 687
485 3 2 995 1 687 716 717 688
486 3 2 995 1 688 717 718 689
487 3 2 995 1 689 718 719 690
488 3 2 995 1 690 719 720 691
489 3 2 995 1 691 720 721 692
490 3 2 995 1 692 721 722 693
491 3 2 995 1 693 722 723 694
492 3 2 995 1 694 723 724 695
493 3 2 995 1 695 724 725 696
494 3 2 995 1 696 725 726 697
495 3 2 995 1 697 726 727 698
496 3 2 995 1 698 727 728 699
497 3 2 995 1 699 728 729 700
498 3 2 995 1 700 729 730 701
499 3 2 995 1 701 730 731 702
500 3 2 995 1 702 731 732 703
501 3 2 995 1 703 732 733 704
502 3 2 995 1 704 733 734 705
503 3 2 995 1 705 734 735 706
504 3 2 995 1 706 735 736 707
505 3 2 995 1 707 736 737 708
506 3 2 995 1 708 737 738 709
507 3 2 995 1 709 738 739 710
508 3 2 995 1 710 739 740 711
509 3 2 995 1 711 740 741 712
510 3 2 995 1 712 741 79 80
511 3 2 995 1 25 26 742 713
512 3 2 995 1 713 742 743 714
513 3 2 995 1 714 743 744 715
514 3 2 995 1 715 744 745 716
515 3 2 995 1 716 745 746 717
516 3 2 995 1 717 746 747 718
517 3 2 995 1 718 747 748 719
518 3 2 995 1 719 748 749 720
519 3 2 995 1 720 749 750 721
520 3 2 995 1 721 750 751 722
521 3 2 995 1 722 751 752 723
522 3 2 995 1 723 752 753 724
523 3 2 995 1 724 753 754 725
524 3 2 995 1 725 754 755 726
525 3 2 995 1 726 755 756 727
526 3 2 995 1 727 756 757 728
527 3 2 995 1 728 757 758 729
528 3 2 995 1 729 758 759 730
529 3 2 995 1 730 759 760 731
530 3 2 995 1 731 760 761 732
531 3 2 995 1 732 761 762 733
532 3 2 995 1 733 762 763 734
533 3 2 995 1 734 763 764 735
534 3 2 995 1 735 764 765 736
535 3 2 995 1 736 765 766 737
536 3 2 995 1 737 766 767 738
537 3 2 995 1 738 767 768 739
538 3 2 995 1 739 768 769 740
539 3 2 995 1 740 769 770 741
540 3 2 995 1 741 770 78 79
541 3 2 995 1 26 27 771 742
542 3 2 995 1 742 771 772 743
543 3 2 995 1 743 772 773 744
544 3 2 995 1 744 773 774 745
545 3 2 995 1 745 774 775 746
546 3 2 995 1 746 775 776 747
547 3 2 995 1 747 776 777 748
548 3 2 995 1 748 777 778 749
549 3 2 995 1 749 778 779 750
550 3 2 995 1 750 779 780 751
551 3 2 995 1 751 780 781 752
552 3 2 995 1 752 781 782 753
553 3 2 995 1 753 782 783 754
554 3 2 995 1 754 783 784 755
555 3 2 995 1 755 784 785 756
556 3 2 995 1 756 785 786 757
557 3 2 995 1 757 786 787 758
558 3 2 995 1 758 787 788 759
559 3 2 995 1 759 788 789 760
560 3 2 995 1 760 789 790 761
561 3 2 995 1 761 790 791 762
562 3 2 995 1 762 791 792 763
563 3 2 995 1 763 792 793 764
564 3 2 995 1 764 793 794 765
565 3 2 995 1 765 794 795 766
566 3 2 995 1 766 795 796 767
567 3 2 995 1 767 796 797 768
568 3 2 995 1 768 797 798 769
569 3 2 995 1 769 798 799 770
570 3 2 995 1 770 799 77 78
571 3 2 995 1 27 28 800 771
572 3 2 995 1 771 800 801 772
573 3 2 995 1 772 801 802 773
574 3 2 995 1 773 802 803 774
575 3 2 995 1 774 803 804 775
576 3 2 995 1 775 804 805 776
577 3 2 995 1 776 805 806 777
578 3 2 995 1 777 806 807 778
579 3 2 995 1 778 807 808 779
580 3 2 995 1 779 808 809 780
581 3 2 995 1 780 809 810 781
582 3 2 995 1 781 810 811 782
583 3 2 995 1 782 811 812 783
584 3 2 995 1 783 812 813 784
585 3 2 995 1 784 813 814 785
586 3 2 995 1 785 814 815 786
587 3 2 995 1 786 815 816 787
588 3 2 995 1 787 816 817 788
589 3 2 995 1 788 817 818 789
590 3 2 995 1 789 818 819 790
591 3 2 995 1 790 819 820 791
592 3 2 995 1 791 820 821 792
593 3 2 995 1 792 821 822 793
594 3 2 995 1 793 822 823 794
595 3 2 995 1 794 823 824 795
596 3 2 995 1 795 824 825 796
597 3 2 995 1 796 825 826 797
598 3 2 995 1 797 826 827 798
599 3 2 995 1 798 827 828 799
600 3 2 995 1 799 828 76 77
601 3 2 995 1 28 29 829 800
602 3 2 995 1 800 829 830 801
603 3 2 995 1 801 830 831 802
604 3 2 995 1 802 831 832 803
605 3 2 995 1 803 832 833 804
606 3 2 995 1 804 833 834 805
607 3 2 995 1 805 834 835 806
608 3 2 995 1 806 835 836 807
609 3 2 995 1 807 836 837 808
610 3 2 995 1 808 837 838 809
611 3 2 995 1 809 838 839 810
612 3 2 995 1 810 839 840 811
613 3 2 995 1 811 840 841 812
614 3 2 995 1 812 841 842 813
615 3 2 995 1 813 842 843 814
616 3 2 995 1 814 843 844 815
617 3 2 995 1 815 844 845 816
618 3 2 995 1 816 845 846 817
619 3 2 995 1 817 846 847 818
620 3 2 995 1 818 847 848 819
621 3 2 995 1 819 848 849 820
622 3 2 995 1 820 849 850 821
623 3 2 995 1 821 850 851 822
624 3 2 995 1 822 851 852 823
625 3 2 995 1 823 852 853 824
626 3 2 995 1 824 853 854 825
627 3 2 995 1 825 854 855 826
628 3 2 995 1 826 855 856 827
629 3 2 995 1 827 856 857 828
630 3 2 995 1 828 857 75 76
631 3 2 995 1 29 30 858 829
632 3 2 995 1 829 858 859 830
633 3 2 995 1 830 859 860 831
634 3 2 995 1 831 860 861 832
635 3 2 995 1 832 861 862 833
636 3 2 995 1 833 862 863 834
637 3 2 995 1 834 863 864 835
638 3 2 995 1 835 864 865 836
639 3 2 995 1 836 865 866 837
640 3 2 995 1 837 866 867 838
641 3 2 995 1 838 867 868 839
642 3 2 995 1 839 868 869 840
643 3 2 995 1 840 869 870 841
644 3 2 995 1 841 870 871 842
645 3 2 995 1 842 871 872 843
646 3 2 995 1 843 872 873 844
647 3 2 995 1 844 873 874 845
648 3 2 995 1 845 874 875 846
649 3 2 995 1 846 875 876 847
650 3 2 995 1 847 876 877 848
651 3 2 995 1 848 877 878 849
652 3 2 995 1 849 878 879 850
653 3 2 995 1 850 879 880 851
654 3 2 995 1 851 880 881 852
655 3 2 995 1 852 881 882 853
656 3 2 995 1 853 882 883 854
657 3 2 995 1 854 883 884 855
658 3 2 995 1 855 884 885 856
659 3 2 995 1 856 885 886 857
660 3 2 995 1 857 886 74 75
661 3 2 995 1 30 31 887 858
662 3 2 995 1 858 887 888 859
663 3 2 995 1 859 888 889 860
664 3 2 995 1 860 889 890 861
665 3 2 995 1 861 890 891 862
666 3 2 995 1 862 891 892 863
667 3 2 995 1 863 892 893 864
668 3 2 995 1 864 893 894 865
669 3 2 995 1 865 894 895 866
670 3 2 995 1 866 895 896 867
671 3 2 995 1 867 896 897 868
672 3 2 995 1 868 897 898 869
673 3 2 995 1 869 898 899 870
674 3 2 995 1 870 899 900 871
675 3 2 995 1 871 900 901 872
676 3 2 995 1 872 901 902 873
677 3 2 995 1 873 902 903 874
678 3 2 995 1 874 903 904 875
679 3 2 995 1 875 904 905 876
680 3 2 995 1 876 905 906 877
681 3 2 995 1 877 906 907 878
682 3 2 995 1 878 907 908 879
683 3 2 995 1 879 908 909 880
684 3 2 995 1 880 909 910 881
685 3 2 995 1 881 910 911 882
686 3 2 995 1 882 911 912 883
687 3 2 995 1 883 912 913 884
688 3 2 995 1 884 913 914 885
689 3 2 995 1 885 914 915 886
690 3 2 995 1 886 915 73 74
691 3 2 995 1 31 32 916 887
692 3 2 995 1 887 916 917 888
693 3 2 995 1 888 917 918 889
694 3 2 995 1 889 918 919 890
695 3 2 995 1 890 919 920 891
696 3 2 995 1 891 920 921 892
697 3 2 995 1 892 921 922 893
698 3 2 995 1 893 922 923 894
699 3 2 995 1 894 923 924 895
700 3 2 995 1 895 924 925 896
701 3 2 995 1 896 925 926 897
702 3 2 995 1 897 926 927 898
703 3 2 995 1 898 927 928 899
704 3 2 995 1 899 928 929 900
705 3 2 995 1 900 929 930 901
706 3 2 995 1 901 930 931 902
707 3 2 995 1 902 931 932 903
708 3 2 995 1 903 932 933 904
709 3 2 995 1 904 933 934 905
710 3 2 995 1 905 934 935 906
711 3 2 995 1 906 935 936 907
712 3 2 995 1 907 936 937 908
713 3 2 995 1 908 937 938 909
714 3 2 995 1 909 938 939 910
715 3 2 995 1 910 939 940 911
716 3 2 995 1 911 940 941 912
717 3 2 995 1 912 941 942 913
718 3 2 995 1 913 942 943 914
719 3 2 995 1 914 943 944 915
720 3 2 995 1 915 944 72 73
721 3 2 995 1 32 33 945 916
722 3 2 995 1 916 945 946 917
723 3 2 995 1 917 946 947 918
724 3 2 995 1 918 947 948 919
725 3 2 995 1 919 948 949 920
726 3 2 995 1 920 949 950 921
727 3 2 995 1 921 950 951 922
728 3 2 995 1 922 951 952 923
729 3 2 995 1 923 952 953 924
730 3 2 995 1 924 953 954 925
731 3 2 995 1 925 954 955 926
732 3 2 995 1 926 955 956 927
733 3 2 995 1 927 956 957 928
734 3 2 995 1 928 957 958 929
735 3 2 995 1 929 958 959 930
736 3 2 995 1 930 959 960 931
737 3 2 995 1 931 960 961 932
738 3 2 995 1 932 961 962 933
739 3 2 995 1 933 962 963 934
740 3 2 995 1 934 963 964 935
741 3 2 995 1 935 964 965 936
742 3 2 995 1 936 965 966 937
743 3 2 995 1 937 966 967 938
744 3 2 995 1 938 967 968 939
745 3 2 995 1 939 968 969 940
746 3 2 995 1 940 969 970 941
747 3 2 995 1 941 970 971 942
748 3 2 995 1 942 971 972 943
749 3 2 995 1 943 972 973 944
750 3 2 995 1 944 973 71 72
751 3 2 995 1 33 34 974 945
752 3 2 995 1 945 974 975 946
753 3 2 995 1 946 975 976 947
754 3 2 995 1 947 976 977 948
755 3 2 995 1 948 977 978 949
756 3 2 995 1 949 978 979 950
757 3 2 995 1 950 979 980 951
758 3 2 995 1 951 980 981 952
759 3 2 995 1 952 981 982 953
760 3 2 995 1 953 982 983 954
761 3 2 995 1 954 983 984 955
762 3 2 995 1 955 984 985 956
763 3 2 995 1 956 985 986 957
764 3 2 995 1 957 986 987 958
765 3 2 995 1 958 987 988 959
766 3 2 995 1 959 988 989 960
767 3 2 995 1 960 989 990 961
768 3 2 995 1 961 990 991 962
769 3 2 995 1 962 991 992 963
770 3 2 995 1 963 992 993 964
771 3 2 995 1 964 993 994 965
772 3 2 995 1 965 994 995 966
773 3 2 995 1 966 995 996 967
774 3 2 995 1 967 996 997 968
775 3 2 995 1 968 997 998 969
776 3 2 995 1 969 998 999 970
777 3 2 995 1 970 999 1000 971
778 3 2 995 1 971 1000 1001 972
779 3 2 995 1 972 1001 1002 973
780 3 2 995 1 973 1002 70 71
781 3 2 995 1 34 35 1003 974
782 3 2 995 1 974 1003 1004 975
783 3 2 995 1 975 1004 1005 976
784 3 2 995 1 976 1005 1006 977
785 3 2 995 1 977 1006 1007 978
786 3 2 995 1 978 1007 1008 979
787 3 2 995 1 979 1008 1009 980
788 3 2 995 1 980 1009 1010 981
789 3 2 995 1 981 1010 1011 982
790 3 2 995 1 982 1011 1012 983
791 3 2 995 1 983 1012 1013 984
792 3 2 995 1 984 1013 1014 985
793 3 2 995 1 985 1014 1015 986
794 3 2 995 1 986 1015 1016 987
795 3 2 995 1 987 1016 1017 988
796 3 2 995 1 988 1017 1018 989
797 3 2 995 1 989 1018 1019 990
798 3 2 995 1 990 1019 1020 991
799 3 2 995 1 991 1020 1021 992
800 3 2 995 1 992 1021 1022 993
801 3 2 995 1 993 1022 1023 994
802 3 2 995 1 994 1023 1024 995
803 3 2 995 1 995 1024 1025 996
804 3 2 995 1 996 1025 1026 997
805 3 2 995 1 997 1026 1027 998
806 3 2 995 1 998 1027 1028 999
807 3 2 995 1 999 1028 1029 1000
808 3 2 995 1 1000 1029 1030 1001
809 3 2 995 1 1001 1030 1031 1002
810 3 2 995 1 1002 1031 69 70
811 3 2 995 1 35 36 1032 1003
812 3 2 995 1 1003 1032 1033 1004
813 3 2 995 1 1004 1033 1034 1005
814 3 2 995 1 1005 1034 1035 1006
815 3 2 995 1 1006 1035 1036 1007
816 3 2 995 1 1007 1036 1037 1008
817 3 2 995 1 1008 1037 1038 1009
818 3 2 995 1 1009 1038 1039 1010
819 3 2 995 1 1010 1039 1040 1011
820 3 2 995 1 1011 1040 1041 1012
821 3 2 995 1 1012 1041 1042 1013
822 3 2 995 1 1013 1042 1043 1014
823 3 2 995 1 1014 1043 1044 1015
824 3 2 995 1 1015 1044 1045 1016
825 3 2 995 1 1016 1045 1046 1017
826 3 2 995 1 1017 1046 1047 1018
827 3 2 995 1 1018 1047 1048 1019
828 3 2 995 1 1019 1048 1049 1020
829 3 2 995 1 1020 1049 1050 1021
830 3 2 995 1 1021 1050 1051 1022
831 3 2 995 1 1022 1051 1052 1023
832 3 2 995 1 1023 1052 1053 1024
833 3 2 995 1 1024 1053 1054 1025
834 3 2 995 1 1025 1054 1055 1026
835 3 2 995 1 1026 1055 1056 1027
836 3 2 995 1 1027 1056 1057 1028
837 3 2 995 1 1028 1057 1058 1029
838 3 2 995 1 1029 1058 1059 1030
839 3 2 995 1 1030 1059 1060 1031
840 3 2 995 1 1031 1060 68 69
841 3 2 995 1 36 37 1061 1032
842 3 2 995 1 1032 1061 1062 1033
843 3 2 995 1 1033 1062 1063 1034
844 3 2 995 1 1034 1063 1064 1035
845 3 2 995 1 1035 1064 1065 1036
846 3 2 995 1 1036 1065 1066 1037
847 3 2 995 1 1037 1066 1067 1038
848 3 2 995 1 1038 1067 1068 1039
849 3 2 995 1 1039 1068 1069 1040
850 3 2 995 1 1040 1069 1070 1041
851 3 2 995 1 1041 1070 1071 1042
852 3 2 995 1 1042 1071 1072 1043
853 3 2 995 1 1043 1072 1073 1044
854 3 2 995 1 1044 1073 1074 1045
855 3 2 995 1 1045 1074 1075 1046
856 3 2 995 1 1046 1075 1076 1047
857 3 2 995 1 1047 1076 1077 1048
858 3 2 995 1 1048 1077 1078 1049
859 3 2 995 1 1049 1078 1079 1050
860 3 2 995 1 1050 1079 1080 1051
861 3 2 995 1 1051 1080 1081 1052
862 3 2 995 1 1052 1081 1082 1053
863 3 2 995 1 1053 1082 1083 1054
864 3 2 995 1 1054 1083 1084 1055
865 3 2 995 1 1055 1084 1085 1056
866 3 2 995 1 1056 1085 1086 1057
867 3 2 995 1 1057 1086 1087 1058
868 3 2 995 1 1058 1087 1088 1059
869 3 2 995 1 1059 1088 1089 1060
870 3 2 995 1 1060 1089 67 68
871 3 2 995 1 37 2 66 1061
872 3 2 995 1 1061 66 65 1062
873 3 2 995 1 1062 65 64 1063
874 3 2 995 1 1063 64 63 1064
875 3 2 995 1 1064 63 62 1065
876 3 2 995 1 1065 62 61 1066
877 3 2 995 1 1066 61 60 1067
878 3 2 995 1 1067 60 59 1068
879 3 2 995 1 1068 59 58 1069
880 3 2 995 1 1069 58 57 1070
881 3 2 995 1 1070 57 56 1071
882 3 2 995 1 1071 56 55 1072
883 3 2 995 1 1072 55 54 1073
884 3 2 995 1 1073 54 53 1074
885 3 2 995 1 1074 53 52 1075
886 3 2 995 1 1075 52 51 1076
887 3 2 995 1 1076 51 50 1077
888 3 2 995 1 1077 50 49 1078
889 3 2 995 1 1078 49 48 1079
890 3 2 995 1 1079 48 47 1080
891 3 2 995 1 1080 47 46 1081
892 3 2 995 1 1081 46 45 1082
893 3 2 995 1 1082 45 44 1083
894 3 2 995 1 1083 44 43 1084
895 3 2 995 1 1084 43 42 1085
896 3 2 995 1 1085 42 41 1086
897 3 2 995 1 1086 41 40 1087
898 3 2 995 1 1087 40 39 1088
899 3 2 995 1 1088 39 38 1089
900 3 2 995 1 1089 38 3 67
901 3 2 991 13 4 96 1090 241
902 3 2 991 13 241 1090 1091 242
903 3 2 991 13 242 1091 125 5
904 3 2 991 13 96 97 1092 1090
905 3 2 991 13 1090 1092 1093 1091
906 3 2 991 13 1091 1093 126 125
907 3 2 991 13 97 98 1094 1092
908 3 2 991 13 1092 1094 1095 1093
909 3 2 991 13 1093 1095 127 126
910 3 2 991 13 98 99 1096 1094
911 3 2 991 13 1094 1096 1097 1095
912 3 2 991 13 1095 1097 128 127
913 3 2 991 13 99 100 1098 1096
914 3 2 991 13 1096 1098 1099 1097
915 3 2 991 13 1097 1099 129 128
916 3 2 991 13 100 101 1100 1098
917 3 2 991 13 1098 1100 1101 1099
918 3 2 991 13 1099 1101 130 129
919 3 2 991 13 101 102 1102 1100
920 3 2 991 13 1100 1102 1103 1101
921 3 2 991 13 1101 1103 131 130
922 3 2 991 13 102 103 1104 1102
923 3 2 991 13 1102 1104 1105 1103
924 3 2 991 13 1103 1105 132 131
925 3 2 991 13 103 104 1106 1104
926 3 2 991 13 1104 1106 1107 1105
927 3 2 991 13 1105 1107 133 132
928 3 2 991 13 104 105 1108 1106
929 3 2 991 13 1106 1108 1109 1107
930 3 2 991 13 1107 1109 134 133
931 3 2 991 13 105 106 1110 1108
932 3 2 991 13 1108 1110 1111 1109
933 3 2 991 13 1109 1111 135 134
934 3 2 991 13 106 107 1112 1110
935 3 2 991 13 1110 1112 1113 1111
936 3 2 991 13 1111 1113 136 135
937 3 2 991 13 107 108 1114 1112
938 3 2 991 13 1112 1114 1115 1113
939 3 2 991 13 1113 1115 137 136
940 3 2 991 13 108 109 1116 1114
941 3 2 991 13 1114 1116 1117 1115
942 3 2 991 13 1115 1117 138 137
943 3 2 991 13 109 110 1118 1116
944 3 2 991 13 1116 1118 1119 1117
945 3 2 991 13 1117 1119 139 138
946 3 2 991 13 110 111 1120 1118
947 3 2 991 13 1118 1120 1121 1119
948 3 2 991 13 1119 1121 140 139
949 3 2 991 13 111 112 1122 1120
950 3 2 991 13 1120 1122 1123 1121
951 3 2 991 13 1121 1123 141 140
952 3 2 991 13 112 113 1124 1122
953 3 2 991 13 1122 1124 1125 1123
954 3 2 991 13 1123 1125 142 141
955 3 2 991 13 113 114 1126 1124
956 3 2 991 13 1124 1126 1127 1125
957 3 2 991 13 1125 1127 143 142
958 3 2 991 13 114 115 1128 1126
959 3 2 991 13 1126 1128 1129 1127
960 3 2 991 13 1127 1129 144 143
961 3 2 991 13 115 116 1130 1128
962 3 2 991 13 1128 1130 1131 1129
963 3 2 991 13 1129 1131 145 144
964 3 2 991 13 116 117 1132 1130
965 3 2 991 13 1130 1132 1133 1131
966 3 2 991 13 1131 1133 146 145
967 3 2 991 13 117 118 1134 1132
968 3 2 991 13 1132 1134 1135 1133
969 3 2 991 13 1133 1135 147 146
970 3 2 991 13 118 119 1136 1134
971 3 2 991 13 1134 1136 1137 1135
972 3 2 991 13 1135 1137 148 147
973 3 2 991 13 119 120 1138 1136
974 3 2 991 13 1136 1138 1139 1137
975 3 2 991 13 1137 1139 149 148
976 3 2 991 13 120 121 1140 1138
977 3 2 991 13 1138 1140 1141 1139
978 3 2 991 13 1139 1141 150 149
979 3 2 991 13 121 122 1142 1140
980 3 2 991 13 1140 1142 1143 1141
981 3 2 991 13 1141 1143 151 150
982 3 2 991 13 122 123 1144 1142
983 3 2 991 13 1142 1144 1145 1143
984 3 2 991 13 1143 1145 152 151
985 3 2 991 13 123 124 1146 1144
986 3 2 991 13 1144 1146 1147 1145
987 3 2 991 13 1145 1147 153 152
988 3 2 991 13 124 1 243 1146
989 3 2 991 13 1146 243 244 1147
990 3 2 991 13 1147 244 6 153
991 3 2 993 17 1 9 1148 243
992 3 2 993 17 243 1148 1149 244
993 3 2 993 17 244 1149 154 6
994 3 2 993 17 9 10 1150 1148
995 3 2 993 17 1148 1150 1151 1149
996 3 2 993 17 1149 1151 155 154
997 3 2 993 17 10 11 1152 1150
998 3 2 993 17 1150 1152 1153 1151
999 3 2 993 17 1151 1153 156 155
1000 3 2 993 17 11 12 1154 1152
1001 3 2 993 17 1152 1154 1155 1153
1002 3 2 993 17 1153 1155 157 156
1003 3 2 993 17 12 13 1156 1154
1004 3 2 993 17 1154 1156 1157 1155
1005 3 2 993 17 1155 1157 158 157
1006 3 2 993 17 13 14 1158 1156
1007 3 2 993 17 1156 1158 1159 1157
1008 3 2 993 17 1157 1159 159 158
1009 3 2 993 17 14 15 1160 1158
1010 3 2 993 17 1158 1160 1161 1159
1011 3 2 993 17 1159 1161 160 159
1012 3 2 993 17 15 16 1162 1160
1013 3 2 993 17 1160 1162 1163 1161
1014 3 2 993 17 1161 1163 161 160
1015 3 2 993 17 16 17 1164 1162
1016 3 2 993 17 1162 1164 1165 1163
1017 3 2 993 17 1163 1165 162 161
1018 3 2 993 17 17 18 1166 1164
1019 3 2 993 17 1164 1166 1167 1165
1020 3 2 993 17 1165 1167 163 162
1021 3 2 993 17 18 19 1168 1166
1022 3 2 993 17 1166 1168 1169 1167
1023 3 2 993 17 1167 1169 164 163
1024 3 2 993 17 19 20 1170 1168
1025 3 2 993 17 1168 1170 1171 1169
1026 3 2 993 17 1169 1171 165 164
1027 3 2 993 17 20 21 1172 1170
1028 3 2 993 17 1170 1172 1173 1171
1029 3 2 993 17 1171 1173 166 165
1030 3 2 993 17 21 22 1174 1172
1031 3 2 993 17 1172 1174 1175 1173
1032 3 2 993 17 1173 1175 167 166
1033 3 2 993 17 22 23 1176 1174
1034 3 2 993 17 1174 1176 1177 1175
1035 3 2 993 17 1175 1177 168 167
1036 3 2 993 17 23 24 1178 1176
1037 3 2 993 17 1176 1178 1179 1177
1038 3 2 993 17 1177 1179 169 168
1039 3 2 993 17 24 25 1180 1178
1040 3 2 993 17 1178 1180 1181 1179
1041 3 2 993 17 1179 1181 170 169
1042 3 2 993 17 25 26 1182 1180
1043 3 2 993 17 1180 1182 1183 1181
1044 3 2 993 17 1181 1183 171 170
1045 3 2 993 17 26 27 1184 1182
1046 3 2 993 17 1182 1184 1185 1183
1047 3 2 993 17 1183 1185 172 171
1048 3 2 993 17 27 28 1186 1184
1049 3 2 993 17 1184 1186 1187 1185
1050 3 2 993 17 1185 1187 173 172
1051 3 2 993 17 28 29 1188 1186
1052 3 2 993 17 1186 1188 1189 1187
1053 3 2 993 17 1187 1189 174 173
1054 3 2 993 17 29 30 1190 1188
1055 3 2 993 17 1188 1190 1191 1189
1056 3 2 993 17 1189 1191 175 174
1057 3 2 993 17 30 31 1192 1190
1058 3 2 993 17 1190 1192 1193 1191
1059 3 2 993 17 1191 1193 176 175
1060 3 2 993 17 31 32 1194 1192
1061 3 2 993 17 1192 1194 1195 1193
1062 3 2 993 17 1193 1195 177 176
1063 3 2 993 17 32 33 1196 1194
1064 3 2 993 17 1194 1196 1197 1195
1065 3 2 993 17 1195 1197 178 177
1066 3 2 993 17 33 34 1198 1196
1067 3 2 993 17 1196 1198 1199 1197
1068 3 2 993 17 1197 1199 179 178
1069 3 2 993 17 34 35 1200 1198
1070 3 2 993 17 1198 1200 1201 1199
1071 3 2 993 17 1199 1201 180 179
1072 3 2 993 17 35 36 1202 1200
1073 3 2 993 17 1200 1202 1203 1201
1074 3 2 993 17 1201 1203 181 180
1075 3 2 993 17 36 37 1204 1202
1076 3 2 993 17 1202 1204 1205 1203
1077 3 2 993 17 1203 1205 182 181
1078 3 2 993 17 37 2 245 1204
1079 3 2 993 17 1204 245 246 1205
1080 3 2 993 17 1205 246 7 182
1081 3 2 992 21 3 247 1206 38
1082 3 2 992 21 247 248 1207 1206
1083 3 2 992 21 248 8 211 1207
1084 3 2 992 21 38 1206 1208 39
1085 3 2 992 21 1206 1207 1209 1208
1086 3 2 992 21 1207 211 210 1209
1087 3 2 992 21 39 1208 1210 40
1088 3 2 992 21 1208 1209 1211 1210
1089 3 2 992 21 1209 210 209 1211
1090 3 2 992 21 40 1210 1212 41
1091 3 2 992 21 1210 1211 1213 1212
1092 3 2 992 21 1211 209 208 1213
1093 3 2 992 21 41 1212 1214 42
1094 3 2 992 21 1212 1213 1215 1214
1095 3 2 992 21 1213 208 207 1215
1096 3 2 992 21 42 1214 1216 43
1097 3 2 992 21 1214 1215 1217 1216
1098 3 2 992 21 1215 207 206 1217
1099 3 2 992 21 43 1216 1218 44
1100 3 2 992 21 1216 1217 1219 1218
1101 3 2 992 21 1217 206 205 1219
1102 3 2 992 21 44 1218 1220 45
1103 3 2 992 21 1218 1219 1221 1220
1104 3 2 992 21 1219 205 204 1221
1105 3 2 992 21 45 1220 1222 46
1106 3 2 992 21 1220 1221 1223 1222
1107 3 2 992 21 1221 204 203 1223
1108 3 2 992 21 46 1222 1224 47
1109 3 2 992 21 1222 1223 1225 1224
1110 3 2 992 21 1223 203 202 1225
1111 3 2 992 21 47 1224 1226 48
1112 3 2 992 21 1224 1225 1227 1226
1113 3 2 992 21 1225 202 201 1227
1114 3 2 992 21 48 1226 1228 49
1115 3 2 992 21 1226 1227 1229 1228
1116 3 2 992 21 1227 201 200 1229
1117 3 2 992 21 49 1228 1230 50
1118 3 2 992 21 1228 1229 1231 1230
1119 3 2 992 21 1229 200 199 1231
1120 3 2 992 21 50 1230 1232 51
1121 3 2 992 21 1230 1231 1233 1232
1122 3 2 992 21 1231 199 198 1233
1123 3 2 992 21 51 1232 1234 52
1124 3 2 992 21 1232 1233 1235 1234
1125 3 2 992 21 1233 198 197 1235
1126 3 2 992 21 52 1234 1236 53
1127 3 2 992 21 1234 1235 1237 1236
1128 3 2 992 21 1235 197 196 1237
1129 3 2 992 21 53 1236 1238 54
1130 3 2 992 21 1236 1237 1239 1238
1131 3 2 992 21 1237 196 195 1239
1132 3 2 992 21 54 1238 1240 55
1133 3 2 992 21 1238 1239 1241 1240
1134 3 2 992 21 1239 195 194 1241
1135 3 2 992 21 55 1240 1242 56
1136 3 2 992 21 1240 1241 1243 1242
1137 3 2 992 21 1241 194 193 1243
1138 3 2 992 21 56 1242 1244 57
1139 3 2 992 21 1242 1243 1245 1244
1140 3 2 992 21 1243 193 192 1245
1141 3 2 992 21 57 1244 1246 58
1142 3 2 992 21 1244 1245 1247 1246
1143 3 2 992 21 1245 192 191 1247
1144 3 2 992 21 58 1246 1248 59
1145 3 2 992 21 1246 1247 1249 1248
1146 3 2 992 21 1247 191 190 1249
1147 3 2 992 21 59 1248 1250 60
1148 3 2 992 21 1248 1249 1251 1250
1149 3 2 992 21 1249 190 189 1251
1150 3 2 992 21 60 1250 1252 61
1151 3 2 992 21 1250 1251 1253 1252
1152 3 2 992 21 1251 189 188 1253
1153 3 2 992 21 61 1252 1254 62
1154 3 2 992 21 1252 1253 1255 1254
1155 3 2 992 21 1253 188 187 1255
1156 3 2 992 21 62 1254 1256 63
1157 3 2 992 21 1254 1255 1257 1256
1158 3 2 992 21 1255 187 186 1257
1159 3 2 992 21 63 1256 1258 64
1160 3 2 992 21 1256 1257 1259 1258
1161 3 2 992 21 1257 186 185 1259
1162 3 2 992 21 64 1258 1260 65
1163 3 2 992 21 1258 1259 1261 1260
1164 3 2 992 21 1259 185 184 1261
1165 3 2 992 21 65 1260 1262 66
1166 3 2 992 21 1260 1261 1263 1262
1167 3 2 992 21 1261 184 183 1263
1168 3 2 992 21 66 1262 245 2
1169 3 2 992 21 1262 1263 246 245
1170 3 2 992 21 1263 183 7 246
1171 3 2 994 25 3 67 1264 247
1172 3 2 994 25 247 1264 1265 248
1173 3 2 994 25 248 1265 212 8
1174 3 2 994 25 67 68 1266 1264
1175 3 2 994 25 1264 1266 1267 1265
1176 3 2 994 25 1265 1267 213 212
1177 3 2 994 25 68 69 1268 1266
1178 3 2 994 25 1266 1268 1269 1267
1179 3 2 994 25 1267 1269 214 213
1180 3 2 994 25 69 70 1270 1268
1181 3 2 994 25 1268 1270 1271 1269
1182 3 2 994 25 1269 1271 215 214
1183 3 2 994 25 70 71 1272 1270
1184 3 2 994 25 1270 1272 1273 1271
1185 3 2 994 25 1271 1273 216 215
1186 3 2 994 25 71 72 1274 1272
1187 3 2 994 25 1272 1274 1275 1273
1188 3 2 994 25 1273 1275 217 216
1189 3 2 994 25 72 73 1276 1274
1190 3 2 994 25 1274 1276 1277 1275
1191 3 2 994 25 1275 1277 218 217
1192 3 2 994 25 73 74 1278 1276
1193 3 2 994 25 1276 1278 1279 1277
1194 3 2 994 25 1277 1279 219 218
1195 3 2 994 25 74 75 1280 1278
1196 3 2 994 25 1278 1280 1281 1279
1197 3 2 994 25 1279 1281 220 219
1198 3 2 994 25 75 76 1282 1280
1199 3 2 994 25 1280 1282 1283 1281
1200 3 2 994 25 1281 1283 221 220
1201 3 2 994 25 76 77 1284 1282
1202 3 2 994 25 1282 1284 1285 1283
1203 3 2 994 25 1283 1285 222 221
1204 3 2 994 25 77 78 1286 1284
1205 3 2 994 25 1284 1286 1287 1285
1206 3 2 994 25 1285 1287 223 222
1207 3 2 994 25 78 79 1288 1286
1208 3 2 994 25 1286 1288 1289 1287
1209 3 2 994 25 1287 1289 224 223
1210 3 2 994 25 79 80 1290 1288
1211 3 2 994 25 1288 1290 1291 1289
1212 3 2 994 25 1289 1291 225 224
1213 3 2 994 25 80 81 1292 1290
1214 3 2 994 25 1290 1292 1293 1291
1215 3 2 994 25 1291 1293 226 225
1216 3 2 994 25 81 82 1294 1292
1217 3 2 994 25 1292 1294 1295 1293
1218 3 2 994 25 1293 1295 227 226
1219 3 2 994 25 82 83 1296 1294
1220 3 2 994 25 1294 1296 1297 1295
1221 3 2 994 25 1295 1297 228 227
1222 3 2 994 25 83 84 1298 1296
1223 3 2 994 25 1296 1298 1299 1297
1224 3 2 994 25 1297 1299 229 228
1225 3 2 994 25 84 85 1300 1298
1226 3 2 994 25 1298 1300 1301 1299
1227 3 2 994 25 1299 1301 230 229
1228 3 2 994 25 85 86 1302 1300
1229 3 2 994 25 1300 1302 1303 1301
1230 3 2 994 25 1301 1303 231 230
1231 3 2 994 25 86 87 1304 1302
1232 3 2 994 25 1302 1304 1305 1303
1233 3 2 994 25 1303 1305 232 231
1234 3 2 994 25 87 88 1306 1304
1235 3 2 994 25 1304 1306 1307 1305
1236 3 2 994 25 1305 1307 233 232
1237 3 2 994 25 88 89 1308 1306
1238 3 2 994 25 1306 1308 1309 1307
1239 3 2 994 25 1307 1309 234 233
1240 3 2 994 25 89 90 1310 1308
1241 3 2 994 25 1308 1310 1311 1309
1242 3 2 994 25 1309 1311 235 234
1243 3 2 994 25 90 91 1312 1310
1244 3 2 994 25 1310 1312 1313 1311
1245 3 2 994 25 1311 1313 236 235
1246 3 2 994 25 91 92 1314 1312
1247 3 2 994 25 1312 1314 1315 1313
1248 3 2 994 25 1313 1315 237 236
1249 3 2 994 25 92 93 1316 1314
1250 3 2 994 25 1314 1316 1317 1315
1251 3 2 994 25 1315 1317 238 237
1252 3 2 994 25 93 94 1318 1316
1253 3 2 994 25 1316 1318 1319 1317
1254 3 2 994 25 1317 1319 239 238
1255 3 2 994 25 94 95 1320 1318
1256 3 2 994 25 1318 1320 1321 1319
1257 3 2 994 25 1319 1321 240 239
1258 3 2 994 25 95 4 241 1320
1259 3 2 994 25 1320 241 242 1321
1260 3 2 994 25 1321 242 5 240
1261 3 2 996 26 6 154 1322 153
1262 3 2 996 26 153 1322 1323 152
1263 3 2 996 26 152 1323 1324 151
1264 3 2 996 26 151 1324 1325 150
1265 3 2 996 26 150 1325 1326 149
1266 3 2 996 26 149 1326 1327 148
1267 3 2 996 26 148 1327 1328 147
1268 3 2 996 26 147 1328 1329 146
1269 3 2 996 26 146 1329 1330 145
1270 3 2 996 26 145 1330 1331 144
1271 3 2 996 26 144 1331 1332 143
1272 3 2 996 26 143 1332 1333 142
1273 3 2 996 26 142 1333 1334 141
1274 3 2 996 26 141 1334 1335 140
1275 3 2 996 26 140 1335 1336 139
1276 3 2 996 26 139 1336 1337 138
1277 3 2 996 26 138 1337 1338 137
1278 3 2 996 26 137 1338 1339 136
1279 3 2 996 26 136 1339 1340 135
1280 3 2 996 26 135 1340 1341 134
1281 3 2 996 26 134 1341 1342 133
1282 3 2 996 26 133 1342 1343 132
1283 3 2 996 26 132 1343 1344 131
1284 3 2 996 26 131 1344 1345 130
1285 3 2 996 26 130 1345 1346 129
1286 3 2 996 26 129 1346 1347 128
1287 3 2 996 26 128 1347 1348 127
1288 3 2 996 26 127 1348 1349 126
1289 3 2 996 26 126 1349 1350 125
1290 3 2 996 26 125 1350 240 5
1291 3 2 996 26 154 155 1351 1322
1292 3 2 996 26 1322 1351 1352 1323
1293 3 2 996 26 1323 1352 1353 1324
1294 3 2 996 26 1324 1353 1354 1325
1295 3 2 996 26 1325 1354 1355 1326
1296 3 2 996 26 1326 1355 1356 1327
1297 3 2 996 26 1327 1356 1357 1328
1298 3 2 996 26 1328 1357 1358 1329
1299 3 2 996 26 1329 1358 1359 1330
1300 3 2 996 26 1330 1359 1360 1331
1301 3 2 996 26 1331 1360 1361 1332
1302 3 2 996 26 1332 1361 1362 1333
1303 3 2 996 26 1333 1362 1363 1334
1304 3 2 996 26 1334 1363 1364 1335
1305 3 2 996 26 1335 1364 1365 1336
1306 3 2 996 26 1336 1365 1366 1337
1307 3 2 996 26 1337 1366 1367 1338
1308 3 2 996 26 1338 1367 1368 1339
1309 3 2 996 26 1339 1368 1369 1340
1310 3 2 996 26 1340 1369 1370 1341
1311 3 2 996 26 1341 1370 1371 1342
1312 3 2 996 26 1342 1371 1372 1343
1313 3 2 996 26 1343 1372 1373 1344
1314 3 2 996 26 1344 1373 1374 1345
1315 3 2 996 26 1345 1374 1375 1346
1316 3 2 996 26 1346 1375 1376 1347
1317 3 2 996 26 1347 1376 1377 1348
1318 3 2 996 26 1348 1377 1378 1349
1319 3 2 996 26 1349 1378 1379 1350
1320 3 2 996 26 1350 1379 239 240
1321 3 2 996 26 155 156 1380 1351
1322 3 2 996 26 1351 1380 1381 1352
1323 3 2 996 26 1352 1381 1382 1353
1324 3 2 996 26 1353 1382 1383 1354
1325 3 2 996 26 1354 1383 1384 1355
1326 3 2 996 26 1355 1384 1385 1356
1327 3 2 996 26 1356 1385 1386 1357
1328 3 2 996 26 1357 1386 1387 1358
1329 3 2 996 26 1358 1387 1388 1359
1330 3 2 996 26 1359 1388 1389 1360
1331 3 2 996 26 1360 1389 1390 1361
1332 3 2 996 26 1361 1390 1391 1362
1333 3 2 996 26 1362 1391 1392 1363
1334 3 2 996 26 1363 1392 1393 1364
1335 3 2 996 26 1364 1393 1394 1365
1336 3 2 996 26 1365 1394 1395 1366
1337 3 2 996 26 1366 1395 1396 1367
1338 3 2 996 26 1367 1396 1397 1368
1339 3 2 996 26 1368 1397 1398 1369
1340 3 2 996 26 1369 1398 1399 1370
1341 3 2 996 26 1370 1399 1400 1371
1342 3 2 996 26 1371 1400 1401 1372
1343 3 2 996 26 1372 1401 1402 1373
1344 3 2 996 26 1373 1402 1403 1374
1345 3 2 996 26 1374 1403 1404 1375
1346 3 2 996 26 1375 1404 1405 1376
1347 3 2 996 26 1376 1405 1406 1377
1348 3 2 996 26 1377 1406 1407 1378
1349 3 2 996 26 1378 1407 1408 1379
1350 3 2 996 26 1379 1408 238 239
1351 3 2 996 26 156 157 1409 1380
1352 3 2 996 26 1380 1409 1410 1381
1353 3 2 996 26 1381 1410 1411 1382
1354 3 2 996 26 1382 1411 1412 1383
1355 3 2 996 26 1383 1412 1413 1384
1356 3 2 996 26 1384 1413 1414 1385
1357 3 2 996 26 1385 1414 1415 1386
1358 3 2 996 26 1386 1415 1416 1387
1359 3 2 996 26 1387 1416 1417 1388
1360 3 2 996 26 1388 1417 1418 1389
1361 3 2 996 26 1389 1418 1419 1390
1362 3 2 996 26 1390 1419 1420 1391
1363 3 2 996 26 1391 1420 1421 1392
1364 3 2 996 26 1392 1421 1422 1393
1365 3 2 996 26 1393 1422 1423 1394
1366 3 2 996 26 1394 1423 1424 1395
1367 3 2 996 26 1395 1424 1425 1396
1368 3 2 996 26 1396 1425 1426 1397
1369 3 2 996 26 1397 1426 1427 1398
1370 3 2 996 26 1398 1427 1428 1399
1371 3 2 996 26 1399 1428 1429 1400
1372 3 2 996 26 1400 1429 1430 1401
1373 3 2 996 26 1401 1430 1431 1402
1374 3 2 996 26 1402 1431 1432 1403
1375 3 2 996 26 1403 1432 1433 1404
1376 3 2 996 26 1404 1433 1434 1405
1377 3 2 996 26 1405 1434 1435 1406
1378 3 2 996 26 1406 1435 1436 1407
1379 3 2 996 26 1407 1436 1437 1408
1380 3 2 996 26 1408 1437 237 238
1381 3 2 996 26 157 158 1438 1409
1382 3 2 996 26 1409 1438 1439 1410
1383 3 2 996 26 1410 1439 1440 1411
1384 3 2 996 26 1411 1440 1441 1412
1385 3 2 996 26 1412 1441 1442 1413
1386 3 2 996 26 1413 1442 1443 1414
1387 3 2 996 26 1414 1443 1444 1415
1388 3 2 996 26 1415 1444 1445 1416
1389 3 2 996 26 1416 1445 1446 1417
1390 3 2 996 26 1417 1446 1447 1418
1391 3 2 996 26 1418 1447 1448 1419
1392 3 2 996 26 1419 1448 1449 1420
1393 3 2 996 26 1420 1449 1450 1421
1394 3 2 996 26 1421 1450 1451 1422
1395 3 2 996 26 1422 1451 1452 1423
1396 3 2 996 26 1423 1452 1453 1424
1397 3 2 996 26 1424 1453 1454 1425
1398 3 2 996 26 1425 1454 1455 1426
1399 3 2 996 26 1426 1455 1456 1427
1400 3 2 996 26 1427 1456 1457 1428
1401 3 2 996 26 1428 1457 1458 1429
1402 3 2 996 26 1429 1458 1459 1430
1403 3 2 996 26 1430 1459 1460 1431
1404 3 2 996 26 1431 1460 1461 1432
1405 3 2 996 26 1432 1461 1462 1433
1406 3 2 996 26 1433 1462 1463 1434
1407 3 2 996 26 1434 1463 1464 1435
1408 3 2 996 26 1435 1464 1465 1436
1409 3 2 996 26 1436 1465 1466 1437
1410 3 2 996 26 1437 1466 236 237
1411 3 2 996 26 158 159 1467 1438
1412 3 2 996 26 1438 1467 1468 1439
1413 3 2 996 26 1439 1468 1469 1440
1414 3 2 996 26 1440 1469 1470 1441
1415 3 2 996 26 1441 1470 1471 1442
1416 3 2 996 26 1442 1471 1472 1443
1417 3 2 996 26 1443 1472 1473 1444
1418 3 2 996 26 1444 1473 1474 1445
1419 3 2 996 26 1445 1474 1475 1446
1420 3 2 996 26 1446 1475 1476 1447
1421 3 2 996 26 1447 1476 1477 1448
1422 3 2 996 26 1448 1477 1478 1449
1423 3 2 996 26 1449 1478 1479 1450
1424 3 2 996 26 1450 1479 1480 1451
1425 3 2 996 26 1451 1480 1481 1452
1426 3 2 996 26 1452 1481 1482 1453
1427 3 2 996 26 1453 1482 1483 1454
1428 3 2 996 26 1454 1483 1484 1455
1429 3 2 996 26 1455 1484 1485 1456
1430 3 2 996 26 1456 1485 1486 1457
1431 3 2 996 26 1457 1486 1487 1458
1432 3 2 996 26 1458 1487 1488 1459
1433 3 2 996 26 1459 1488 1489 1460
1434 3 2 996 26 1460 1489 1490 1461
1435 3 2 996 26 1461 1490 1491 1462
1436 3 2 996 26 1462 1491 1492 1463
1437 3 2 996 26 1463 1492 1493 1464
1438 3 2 996 26 1464 1493 1494 1465
1439 3 2 996 26 1465 1494 1495 1466
1440 3 2 996 26 1466 1495 235 236
1441 3 2 996 26 159 160 1496 1467
1442 3 2 996 26 1467 1496 1497 1468
1443 3 2 996 26 1468 1497 1498 1469
1444 3 2 996 26 1469 1498 1499 1470
1445 3 2 996 26 1470 1499 1500 1471
1446 3 2 996 26 1471 1500 1501 1472
1447 3 2 996 26 1472 1501 1502 1473
1448 3 2 996 26 1473 1502 1503 1474
1449 3 2 996 26 1474 1503 1504 1475
1450 3 2 996 26 1475 1504 1505 1476
1451 3 2 996 26 1476 1505 1506 1477
1452 3 2 996 26 1477 1506 1507 1478
1453 3 2 996 26 1478 1507 1508 1479
1454 3 2 996 26 1479 1508 1509 1480
1455 3 2 996 26 1480 1509 1510 1481
1456 3 2 996 26 1481 1510 1511 1482
1457 3 2 996 26 1482 1511 1512 1483
1458 3 2 996 26 1483 1512 1513 1484
1459 3 2 996 26 1484 1513 1514 1485
1460 3 2 996 26 1485 1514 1515 1486
1461 3 2 996 26 1486 1515 1516 1487
1462 3 2 996 26 1487 1516 1517 1488
1463 3 2 996 26 1488 1517 1518 1489
1464 3 2 996 26 1489 1518 1519 1490
1465 3 2 996 26 1490 1519 1520 1491
1466 3 2 996 26 1491 1520 1521 1492
1467 3 2 996 26 1492 1521 1522 1493
1468 3 2 996 26 1493 1522 1523 1494
1469 3 2 996 26 1494 1523 1524 1495
1470 3 2 996 26 1495 1524 234 235
1471 3 2 996 26 160 161 1525 1496
1472 3 2 996 26 1496 1525 1526 1497
1473 3 2 996 26 1497 1526 1527 1498
1474 3 2 996 26 1498 1527 1528 1499
1475 3 2 996 26 1499 1528 1529 1500
1476 3 2 996 26 1500 1529 1530 1501
1477 3 2 996 26 1501 1530 1531 1502
1478 3 2 996 26 1502 1531 1532 1503
1479 3 2 996 26 1503 1532 1533 1504
1480 3 2 996 26 1504 1533 1534 1505
1481 3 2 996 26 1505 1534 1535 1506
1482 3 2 996 26 1506 1535 1536 1507
1483 3 2 996 26 1507 1536 1537 1508
1484 3 2 996 26 1508 1537 1538 1509
1485 3 2 996 26 1509 1538 1539 1510
1486 3 2 996 26 1510 1539 1540 1511
1487 3 2 996 26 1511 1540 1541 1512
1488 3 2 996 26 1512 1541 1542 1513
1489 3 2 996 26 1513 1542 1543 1514
1490 3 2 996 26 1514 1543 1544 1515
1491 3 2 996 26 1515 1544 1545 1516
1492 3 2 996 26 1516 1545 1546 1517
1493 3 2 996 26 1517 1546 1547 1518
1494 3 2 996 26 1518 1547 1548 1519
1495 3 2 996 26 1519 1548 1549 1520
1496 3 2 996 26 1520 1549 1550 1521
1497 3 2 996 26 1521 1550 1551 1522
1498 3 2 996 26 1522 1551 1552 1523
1499 3 2 996 26 1523 1552 1553 1524
1500 3 2 996 26 1524 1553 233 234
1501 3 2 996 26 161 162 1554 1525
1502 3 2 996 26 1525 1554 1555 1526
1503 3 2 996 26 1526 1555 1556 1527
1504 3 2 996 26 1527 1556 1557 1528
1505 3 2 996 26 1528 1557 1558 1529
1506 3 2 996 26 1529 1558 1559 1530
1507 3 2 996 26 1530 1559 1560 1531
1508 3 2 996 26 1531 1560 1561 1532
1509 3 2 996 26 1532 1561 1562 1533
1510 3 2 996 26 1533 1562 1563 1534
1511 3 2 996 26 1534 1563 1564 1535
1512 3 2 996 26 1535 1564 1565 1536
1513 3 2 996 26 1536 1565 1566 1537
1514 3 2 996 26 1537 1566 1567 1538
1515 3 2 996 26 1538 1567 1568 1539
1516 3 2 996 26 1539 1568 1569 1540
1517 3 2 996 26 1540 1569 1570 1541
1518 3 2 996 26 1541 1570 1571 1542
1519 3 2 996 26 1542 1571 1572 1543
1520 3 2 996 26 1543 1572 1573 1544
1521 3 2 996 26 1544 1573 1574 1545
1522 3 2 996 26 1545 1574 1575 1546
1523 3 2 996 26 1546 1575 1576 1547
1524 3 2 996 26 1547 1576 1577 1548
1525 3 2 996 26 1548 1577 1578 1549
1526 3 2 996 26 1549 1578 1579 1550
1527 3 2 996 26 1550 1579 1580 1551
1528 3 2 996 26 1551 1580 1581 1552
1529 3 2 996 26 1552 1581 1582 1553
1530 3 2 996 26 1553 1582 232 233
1531 3 2 996 26 162 163 1583 1554
1532 3 2 996 26 1554 1583 1584 1555
1533 3 2 996 26 1555 1584 1585 1556
1534 3 2 996 26 1556 1585 1586 1557
1535 3 2 996 26 1557 1586 1587 1558
1536 3 2 996 26 1558 1587 1588 1559
1537 3 2 996 26 1559 1588 1589 1560
1538 3 2 996 26 1560 1589 1590 1561
1539 3 2 996 26 1561 1590 1591 1562
1540 3 2 996 26 1562 1591 1592 1563
1541 3 2 996 26 1563 1592 1593 1564
1542 3 2 996 26 1564 1593 1594 1565
1543 3 2 996 26 1565 1594 1595 1566
1544 3 2 996 26 1566 1595 1596 1567
1545 3 2 996 26 1567 1596 1597 1568
1546 3 2 996 26 1568 1597 1598 1569
1547 3 2 996 26 1569 1598 1599 1570
1548 3 2 996 26 1570 1599 1600 1571
1549 3 2 996 26 1571 1600 1601 1572
1550 3 2 996 26 1572 1601 1602 1573
1551 3 2 996 26 1573 1602 1603 1574
1552 3 2 996 26 1574 1603 1604 1575
1553 3 2 996 26 1575 1604 1605 1576
1554 3 2 996 26 1576 1605 1606 1577
1555 3 2 996 26 1577 1606 1607 1578
1556 3 2 996 26 1578 1607 1608 1579
1557 3 2 996 26 1579 1608 1609 1580
1558 3 2 996 26 1580 1609 1610 1581
1559 3 2 996 26 1581 1610 1611 1582
1560 3 2 996 26 1582 1611 231 232
1561 3 2 996 26 163 164 1612 1583
1562 3 2 996 26 1583 1612 1613 1584
1563 3 2 996 26 1584 1613 1614 1585
1564 3 2 996 26 1585 1614 1615 1586
1565 3 2 996 26 1586 1615 1616 1587
1566 3 2 996 26 1587 1616 1617 1588
1567 3 2 996 26 1588 1617 1618 1589
1568 3 2 996 26 1589 1618 1619 1590
1569 3 2 996 26 1590 1619 1620 1591
1570 3 2 996 26 1591 1620 1621 1592
1571 3 2 996 26 1592 1621 1622 1593
1572 3 2 996 26 1593 1622 1623 1594
1573 3 2 996 26 1594 1623 1624 1595
1574 3 2 996 26 1595 1624 1625 1596
1575 3 2 996 26 1596 1625 1626 1597
1576 3 2 996 26 1597 1626 1627 1598
1577 3 2 996 26 1598 1627 1628 1599
1578 3 2 996 26 1599 1628 1629 1600
1579 3 2 996 26 1600 1629 1630 1601
1580 3 2 996 26 1601 1630 1631 1602
1581 3 2 996 26 1602 1631 1632 1603
1582 3 2 996 26 1603 1632 1633 1604
1583 3 2 996 26 1604 1633 1634 1605
1584 3 2 996 26 1605 1634 1635 1606
1585 3 2 996 26 1606 1635 1636 1607
1586 3 2 996 26 1607 1636 1637 1608
1587 3 2 996 26 1608 1637 1638 1609
1588 3 2 996 26 1609 1638 1639 1610
1589 3 2 996 26 1610 1639 1640 1611
1590 3 2 996 26 1611 1640 230 231
1591 3 2 996 26 164 165 1641 1612
1592 3 2 996 26 1612 1641 1642 1613
1593 3 2 996 26 1613 1642 1643 1614
1594 3 2 996 26 1614 1643 1644 1615
1595 3 2 996 26 1615 1644 1645 1616
1596 3 2 996 26 1616 1645 1646 1617
1597 3 2 996 26 1617 1646 1647 1618
1598 3 2 996 26 1618 1647 1648 1619
1599 3 2 996 26 1619 1648 1649 1620
1600 3 2 996 26 1620 1649 1650 1621
1601 3 2 996 26 1621 1650 1651 1622
1602 3 2 996 26 1622 1651 1652 1623
1603 3 2 996 26 1623 1652 1653 1624
1604 3 2 996 26 1624 1653 1654 1625
1605 3 2 996 26 1625 1654 1655 1626
1606 3 2 996 26 1626 1655 1656 1627
1607 3 2 996 26 1627 1656 1657 1628
1608 3 2 996 26 1628 1657 1658 1629
1609 3 2 996 26 1629 1658 1659 1630
1610 3 2 996 26 1630 1659 1660 1631
1611 3 2 996 26 1631 1660 1661 1632
1612 3 2 996 26 1632 1661 1662 1633
1613 3 2 996 26 1633 1662 1663 1634
1614 3 2 996 26 1634 1663 1664 1635
1615 3 2 996 26 1635 1664 1665 1636
1616 3 2 996 26 1636 1665 1666 1637
1617 3 2 996 26 1637 1666 1667 1638
1618 3 2 996 26 1638 1667 1668 1639
1619 3 2 996 26 1639 1668 1669 1640
1620 3 2 996 26 1640 1669 229 230
1621 3 2 996 26 165 166 1670 1641
1622 3 2 996 26 1641 1670 1671 1642
1623 3 2 996 26 1642 1671 1672 1643
1624 3 2 996 26 1643 1672 1673 1644
1625 3 2 996 26 1644 1673 1674 1645
1626 3 2 996 26 1645 1674 1675 1646
1627 3 2 996 26 1646 1675 1676 1647
1628 3 2 996 26 1647 1676 1677 1648
1629 3 2 996 26 1648 1677 1678 1649
1630 3 2 996 26 1649 1678 1679 1650
1631 3 2 996 26 1650 1679 1680 1651
1632 3 2 996 26 1651 1680 1681 1652
1633 3 2 996 26 1652 1681 1682 1653
1634 3 2 996 26 1653 1682 1683 1654
1635 3 2 996 26 1654 1683 1684 1655
1636 3 2 996 26 1655 1684 1685 1656
1637 3 2 996 26 1656 1685 1686 1657
1638 3 2 996 26 1657 1686 1687 1658
1639 3 2 996 26 1658 1687 1688 1659
1640 3 2 996 26 1659 1688 1689 1660
1641 3 2 996 26 1660 1689 1690 1661
1642 3 2 996 26 1661 1690 1691 1662
1643 3 2 996 26 1662 1691 1692 1663
1644 3 2 996 26 1663 1692 1693 1664
1645 3 2 996 26 1664 1693 1694 1665
1646 3 2 996 26 1665 1694 1695 1666
1647 3 2 996 26 1666 1695 1696 1667
1648 3 2 996 26 1667 1696 1697 1668
1649 3 2 996 26 1668 1697 1698 1669
1650 3 2 996 26 1669 1698 228 229
1651 3 2 996 26 166 167 1699 1670
1652 3 2 996 26 1670 1699 1700 1671
1653 3 2 996 26 1671 1700 1701 1672
1654 3 2 996 26 1672 1701 1702 1673
1655 3 2 996 26 1673 1702 1703 1674
1656 3 2 996 26 1674 1703 1704 1675
1657 3 2 996 26 1675 1704 1705 1676
1658 3 2 996 26 1676 1705 1706 1677
1659 3 2 996 26 1677 1706 1707 1678
1660 3 2 996 26 1678 1707 1708 1679
1661 3 2 996 26 1679 1708 1709 1680
1662 3 2 996 26 1680 1709 1710 1681
1663 3 2 996 26 1681 1710 1711 1682
1664 3 2 996 26 1682 1711 1712 1683
1665 3 2 996 26 1683 1712 1713 1684
1666 3 2 996 26 1684 1713 1714 1685
1667 3 2 996 26 1685 1714 1715 1686
1668 3 2 996 26 1686 1715 1716 1687
1669 3 2 996 26 1687 1716 1717 1688
1670 3 2 996 26 1688 1717 1718 1689
1671 3 2 996 26 1689 1718 1719 1690
1672 3 2 996 26 1690 1719 1720 1691
1673 3 2 996 26 1691 1720 1721 1692
1674 3 2 996 26 1692 1721 1722 1693
1675 3 2 996 26 1693 1722 1723 1694
1676 3 2 996 26 1694 1723 1724 1695
1677 3 2 996 26 1695 1724 1725 1696
1678 3 2 996 26 1696 1725 1726 1697
1679 3 2 996 26 1697 1726 1727 1698
1680 3 2 996 26 1698 1727 227 228
1681 3 2 996 26 167 168 1728 1699
1682 3 2 996 26 1699 1728 1729 1700
1683 3 2 996 26 1700 1729 1730 1701
1684 3 2 996 26 1701 1730 1731 1702
1685 3 2 996 26 1702 1731 1732 1703
1686 3 2 996 26 1703 1732 1733 1704
1687 3 2 996 26 1704 1733 1734 1705
1688 3 2 996 26 1705 1734 1735 1706
1689 3 2 996 26 1706 1735 1736 1707
1690 3 2 996 26 1707 1736 1737 1708
1691 3 2 996 26 1708 1737 1738 1709
1692 3 2 996 26 1709 1738 1739 1710
1693 3 2 996 26 1710 1739 1740 1711
1694 3 2 996 26 1711 1740 1741 1712
1695 3 2 996 26 1712 1741 1742 1713
1696 3 2 996 26 1713 1742 1743 1714
1697 3 2 996 26 1714 1743 1744 1715
1698 3 2 996 26 1715 1744 1745 1716
1699 3 2 996 26 1716 1745 1746 1717
1700 3 2 996 26 1717 1746 1747 1718
1701 3 2 996 26 1718 1747 1748 1719
1702 3 2 996 26 1719 1748 1749 1720
1703 3 2 996 26 1720 1749 1750 1721
1704 3 2 996 26 1721 1750 1751 1722
1705 3 2 996 26 1722 1751 1752 1723
1706 3 2 996 26 1723 1752 1753 1724
1707 3 2 996 26 1724 1753 1754 1725
1708 3 2 996 26 1725 1754 1755 1726
1709 3 2 996 26 1726 1755 1756 1727
1710 3 2 996 26 1727 1756 226 227
1711 3 2 996 26 168 169 1757 1728
1712 3 2 996 26 1728 1757 1758 1729
1713 3 2 996 26 1729 1758 1759 1730
1714 3 2 996 26 1730 1759 1760 1731
1715 3 2 996 26 1731 1760 1761 1732
1716 3 2 996 26 1732 1761 1762 1733
1717 3 2 996 26 1733 1762 1763 1734
1718 3 2 996 26 1734 1763 1764 1735
1719 3 2 996 26 1735 1764 1765 1736
1720 3 2 996 26 1736 1765 1766 1737
1721 3 2 996 26 1737 1766 1767 1738
1722 3 2 996 26 1738 1767 1768 1739
1723 3 2 996 26 1739 1768 1769 1740
1724 3 2 996 26 1740 1769 1770 1741
1725 3 2 996 26 1741 1770 1771 1742
1726 3 2 996 26 1742 1771 1772 1743
1727 3 2 996 26 1743 1772 1773 1744
1728 3 2 996 26 1744 1773 1774 1745
1729 3 2 996 26 1745 1774 1775 1746
1730 3 2 996 26 1746 1775 1776 1747
1731 3 2 996 26 1747 1776 1777 1748
1732 3 2 996 26 1748 1777 1778 1749
1733 3 2 996 26 1749 1778 1779 1750
1734 3 2 996 26 1750 1779 1780 1751
1735 3 2 996 26 1751 1780 1781 1752
1736 3 2 996 26 1752 1781 1782 1753
1737 3 2 996 26 1753 1782 1783 1754
1738 3 2 996 26 1754 1783 1784 1755
1739 3 2 996 26 1755 1784 1785 1756
1740 3 2 996 26 1756 1785 225 226
1741 3 2 996 26 169 170 1786 1757
1742 3 2 996 26 1757 1786 1787 1758
1743 3 2 996 26 1758 1787 1788 1759
1744 3 2 996 26 1759 1788 1789 1760
1745 3 2 996 26 1760 1789 1790 1761
1746 3 2 996 26 1761 1790 1791 1762
1747 3 2 996 26 1762 1791 1792 1763
1748 3 2 996 26 1763 1792 1793 1764
1749 3 2 996 26 1764 1793 1794 1765
1750 3 2 996 26 1765 1794 1795 1766
1751 3 2 996 26 1766 1795 1796 1767
1752 3 2 996 26 1767 1796 1797 1768
1753 3 2 996 26 1768 1797 1798 1769
1754 3 2 996 26 1769 1798 1799 1770
1755 3 2 996 26 1770 1799 1800 1771
1756 3 2 996 26 1771 1800 1801 1772
1757 3 2 996 26 1772 1801 1802 1773
1758 3 2 996 26 1773 1802 1803 1774
1759 3 2 996 26 1774 1803 1804 1775
1760 3 2 996 26 1775 1804 1805 1776
1761 3 2 996 26 1776 1805 1806 1777
1762 3 2 996 26 1777 1806 1807 1778
1763 3 2 996 26 1778 1807 1808 1779
1764 3 2 996 26 1779 1808 1809 1780
1765 3 2 996 26 1780 1809 1810 1781
1766 3 2 996 26 1781 1810 1811 1782
1767 3 2 996 26 1782 1811 1812 1783
1768 3 2 996 26 1783 1812 1813 1784
1769 3 2 996 26 1784 1813 1814 1785
1770 3 2 996 26 1785 1814 224 225
1771 3 2 996 26 170 171 1815 1786
1772 3 2 996 26 1786 1815 1816 1787
1773 3 2 996 26 1787 1816 1817 1788
1774 3 2 996 26 1788 1817 1818 1789
1775 3 2 996 26 1789 1818 1819 1790
1776 3 2 996 26 1790 1819 1820 1791
1777 3 2 996 26 1791 1820 1821 1792
1778 3 2 996 26 1792 1821 1822 1793
1779 3 2 996 26 1793 1822 1823 1794
1780 3 2 996 26 1794 1823 1824 1795
1781 3 2 996 26 1795 1824 1825 1796
1782 3 2 996 26 1796 1825 1826 1797
1783 3 2 996 26 1797 1826 1827 1798
1784 3 2 996 26 1798 1827 1828 1799
1785 3 2 996 26 1799 1828 1829 1800
1786 3 2 996 26 1800 1829 1830 1801
1787 3 2 996 26 1801 1830 1831 1802
1788 3 2 996 26 1802 1831 1832 1803
1789 3 2 996 26 1803 1832 1833 1804
1790 3 2 996 26 1804 1833 1834 1805
1791 3 2 996 26 1805 1834 1835 1806
1792 3 2 996 26 1806 1835 1836 1807
1793 3 2 996 26 1807 1836 1837 1808
1794 3 2 996 26 1808 1837 1838 1809
1795 3 2 996 26 1809 1838 1839 1810
1796 3 2 996 26 1810 1839 1840 1811
1797 3 2 996 26 1811 1840 1841 1812
1798 3 2 996 26 1812 1841 1842 1813
1799 3 2 996 26 1813 1842 1843 1814
1800 3 2 996 26 1814 1843 223 224
1801 3 2 996 26 171 172 1844 1815
1802 3 2 996 26 1815 1844 1845 1816
1803 3 2 996 26 1816 1845 1846 1817
1804 3 2 996 26 1817 1846 1847 1818
1805 3 2 996 26 1818 1847 1848 1819
1806 3 2 996 26 1819 1848 1849 1820
1807 3 2 996 26 1820 1849 1850 1821
1808 3 2 996 26 1821 1850 1851 1822
1809 3 2 996 26 1822 1851 1852 1823
1810 3 2 996 26 1823 1852 1853 1824
1811 3 2 996 26 1824 1853 1854 1825
1812 3 2 996 26 1825 1854 1855 1826
1813 3 2 996 26 1826 1855 1856 1827
1814 3 2 996 26 1827 1856 1857 1828
1815 3 2 996 26 1828 1857 1858 1829
1816 3 2 996 26 1829 1858 1859 1830
1817 3 2 996 26 1830 1859 1860 1831
1818 3 2 996 26 1831 1860 1861 1832
1819 3 2 996 26 1832 1861 1862 1833
1820 3 2 996 26 1833 1862 1863 1834
1821 3 2 996 26 1834 1863 1864 1835
1822 3 2 996 26 1835 1864 1865 1836
1823 3 2 996 26 1836 1865 1866 1837
1824 3 2 996 26 1837 1866 1867 1838
1825 3 2 996 26 1838 1867 1868 1839
1826 3 2 996 26 1839 1868 1869 1840
1827 3 2 996 26 1840 1869 1870 1841
1828 3 2 996 26 1841 1870 1871 1842
1829 3 2 996 26 1842 1871 1872 1843
1830 3 2 996 26 1843 1872 222 223
1831 3 2 996 26 172 173 1873 1844
1832 3 2 996 26 1844 1873 1874 1845
1833 3 2 996 26 1845 1874 1875 1846
1834 3 2 996 26 1846 1875 1876 1847
1835 3 2 996 26 1847 1876 1877 1848
1836 3 2 996 26 1848 1877 1878 1849
1837 3 2 996 26 1849 1878 1879 1850
1838 3 2 996 26 1850 1879 1880 1851
1839 3 2 996 26 1851 1880 1881 1852
1840 3 2 996 26 1852 1881 1882 1853
1841 3 2 996 26 1853 1882 1883 1854
1842 3 2 996 26 1854 1883 1884 1855
1843 3 2 996 26 1855 1884 1885 1856
1844 3 2 996 26 1856 1885 1886 1857
1845 3 2 996 26 1857 1886 1887 1858
1846 3 2 996 26 1858 1887 1888 1859
1847 3 2 996 26 1859 1888 1889 1860
1848 3 2 996 26 1860 1889 1890 1861
1849 3 2 996 26 1861 1890 1891 1862
1850 3 2 996 26 1862 1891 1892 1863
1851 3 2 996 26 1863 1892 1893 1864
1852 3 2 996 26 1864 1893 1894 1865
1853 3 2 996 26 1865 1894 1895 1866
1854 3 2 996 26 1866 1895 1896 1867
1855 3 2 996 26 1867 1896 1897 1868
1856 3 2 996 26 1868 1897 1898 1869
1857 3 2 996 26 1869 1898 1899 1870
1858 3 2 996 26 1870 1899 1900 1871
1859 3 2 996 26 1871 1900 1901 1872
1860 3 2 996 26 1872 1901 221 222
1861 3 2 996 26 173 174 1902 1873
1862 3 2 996 26 1873 1902 1903 1874
1863 3 2 996 26 1874 1903 1904 1875
1864 3 2 996 26 1875 1904 1905 1876
1865 3 2 996 26 1876 1905 1906 1877
1866 3 2 996 26 1877 1906 1907 1878
1867 3 2 996 26 1878 1907 1908 1879
1868 3 2 996 26 1879 1908 1909 1880
1869 3 2 996 26 1880 1909 1910 1881
1870 3 2 996 26 1881 1910 1911 1882
1871 3 2 996 26 1882 1911 1912 1883
1872 3 2 996 26 1883 1912 1913 1884
1873 3 2 996 26 1884 1913 1914 1885
1874 3 2 996 26 1885 1914 1915 1886
1875 3 2 996 26 1886 1915 1916 1887
1876 3 2 996 26 1887 1916 1917 1888
1877 3 2 996 26 1888 1917 1918 1889
1878 3 2 996 26 1889 1918 1919 1890
1879 3 2 996 26 1890 1919 1920 1891
1880 3 2 996 26 1891 1920 1921 1892
1881 3 2 996 26 1892 1921 1922 1893
1882 3 2 996 26 1893 1922 1923 1894
1883 3 2 996 26 1894 1923 1924 1895
1884 3 2 996 26 1895 1924 1925 1896
1885 3 2 996 26 1896 1925 1926 1897
1886 3 2 996 26 1897 1926 1927 1898
1887 3 2 996 26 1898 1927 1928 1899
1888 3 2 996 26 1899 1928 1929 1900
1889 3 2 996 26 1900 1929 1930 1901
1890 3 2 996 26 1901 1930 220 221
1891 3 2 996 26 174 175 1931 1902
1892 3 2 996 26 1902 1931 1932 1903
1893 3 2 996 26 1903 1932 1933 1904
1894 3 2 996 26 1904 1933 1934 1905
1895 3 2 996 26 1905 1934 1935 1906
1896 3 2 996 26 1906 1935 1936 1907
1897 3 2 996 26 1907 1936 1937 1908
1898 3 2 996 26 1908 1937 1938 1909
1899 3 2 996 26 1909 1938 1939 1910
1900 3 2 996 26 1910 1939 1940 1911
1901 3 2 996 26 1911 1940 1941 1912
1902 3 2 996 26 1912 1941 1942 1913
1903 3 2 996 26 1913 1942 1943 1914
1904 3 2 996 26 1914 1943 1944 1915
1905 3 2 996 26 1915 1944 1945 1916
1906 3 2 996 26 1916 1945 1946 1917
1907 3 2 996 26 1917 1946 1947 1918
1908 3 2 996 26 1918 1947 1948 1919
1909 3 2 996 26 1919 1948 1949 1920
1910 3 2 996 26 1920 1949 1950 1921
1911 3 2 996 26 1921 1950 1951 1922
1912 3 2 996 26 1922 1951 1952 1923
1913 3 2 996 26 1923 1952 1953 1924
1914 3 2 996 26 1924 1953 1954 1925
1915 3 2 996 26 1925 1954 1955 1926
1916 3 2 996 26 1926 1955 1956 1927
1917 3 2 996 26 1927 1956 1957 1928
1918 3 2 996 26 1928 1957 1958 1929
1919 3 2 996 26 1929 1958 1959 1930
1920 3 2 996 26 1930 1959 219 220
1921 3 2 996 26 175 176 1960 1931
1922 3 2 996 26 1931 1960 1961 1932
1923 3 2 996 26 1932 1961 1962 1933
1924 3 2 996 26 1933 1962 1963 1934
1925 3 2 996 26 1934 1963 1964 1935
1926 3 2 996 26 1935 1964 1965 1936
1927 3 2 996 26 1936 1965 1966 1937
1928 3 2 996 26 1937 1966 1967 1938
1929 3 2 996 26 1938 1967 1968 1939
1930 3 2 996 26 1939 1968 1969 1940
1931 3 2 996 26 1940 1969 1970 1941
1932 3 2 996 26 1941 1970 1971 1942
1933 3 2 996 26 1942 1971 1972 1943
1934 3 2 996 26 1943 1972 1973 1944
1935 3 2 996 26 1944 1973 1974 1945
1936 3 2 996 26 1945 1974 1975 1946
1937 3 2 996 26 1946 1975 1976 1947
1938 3 2 996 26 1947 1976 1977 1948
1939 3 2 996 26 1948 1977 1978 1949
1940 3 2 996 26 1949 1978 1979 1950
1941 3 2 996 26 1950 1979 1980 1951
1942 3 2 996 26 1951 1980 1981 1952
1943 3 2 996 26 1952 1981 1982 1953
1944 3 2 996 26 1953 1982 1983 1954
1945 3 2 996 26 1954 1983 1984 1955
1946 3 2 996 26 1955 1984 1985 1956
1947 3 2 996 26 1956 1985 1986 1957
1948 3 2 996 26 1957 1986 1987 1958
1949 3 2 996 26 1958 1987 1988 1959
1950 3 2 996 26 1959 1988 218 219
1951 3 2 996 26 176 177 1989 1960
1952 3 2 996 26 1960 1989 1990 1961
1953 3 2 996 26 1961 1990 1991 1962
1954 3 2 996 26 1962 1991 1992 1963
1955 3 2 996 26 1963 1992 1993 1964
1956 3 2 996 26 1964 1993 1994 1965
1957 3 2 996 26 1965 1994 1995 1966
1958 3 2 996 26 1966 1995 1996 1967
1959 3 2 996 26 1967 1996 1997 1968
1960 3 2 996 26 1968 1997 1998 1969
1961 3 2 996 26 1969 1998 1999 1970
1962 3 2 996 26 1970 1999 2000 1971
1963 3 2 996 26 1971 2000 2001 1972
1964 3 2 996 26 1972 2001 2002 1973
1965 3 2 996 26 1973 2002 2003 1974
1966 3 2 996 26 1974 2003 2004 1975
1967 3 2 996 26 1975 2004 2005 1976
1968 3 2 996 26 1976 2005 2006 1977
1969 3 2 996 26 1977 2006 2007 1978
1970 3 2 996 26 1978 2007 2008 1979
1971 3 2 996 26 1979 2008 2009 1980
1972 3 2 996 26 1980 2009 2010 1981
1973 3 2 996 26 1981 2010 2011 1982
1974 3 2 996 26 1982 2011 2012 1983
1975 3 2 996 26 1983 2012 2013 1984
1976 3 2 996 26 1984 2013 2014 1985
1977 3 2 996 26 1985 2014 2015 1986
1978 3 2 996 26 1986 2015 2016 1987
1979 3 2 996 26 1987 2016 2017 1988
1980 3 2 996 26 1988 2017 217 218
1981 3 2 996 26 177 178 2018 1989
1982 3 2 996 26 1989 2018 2019 1990
1983 3 2 996 26 1990 2019 2020 1991
1984 3 2 996 26 1991 2020 2021 1992
1985 3 2 996 26 1992 2021 2022 1993
1986 3 2 996 26 1993 2022 2023 1994
1987 3 2 996 26 1994 2023 2024 1995
1988 3 2 996 26 1995 2024 2025 1996
1989 3 2 996 26 1996 2025 2026 1997
1990 3 2 996 26 1997 2026 2027 1998
1991 3 2 996 26 1998 2027 2028 1999
1992 3 2 996 26 1999 2028 2029 2000
1993 3 2 996 26 2000 2029 2030 2001
1994 3 2 996 26 2001 2030 2031 2002
1995 3 2 996 26 2002 2031 2032 2003
1996 3 2 996 26 2003 2032 2033 2004
1997 3 2 996 26 2004 2033 2034 2005
1998 3 2 996 26 2005 2034 2035 2006
1999 3 2 996 26 2006 2035 2036 2007
2000 3 2 996 26 2007 2036 2037 2008
2001 3 2 996 26 2008 2037 2038 2009
2002 3 2 996 26 2009 2038 2039 2010
2003 3 2 996 26 2010 2039 2040 2011
2004 3 2 996 26 2011 2040 2041 2012
2005 3 2 996 26 2012 2041 2042 2013
2006 3 2 996 26 2013 2042 2043 2014
2007 3 2 996 26 2014 2043 2044 2015
2008 3 2 996 26 2015 2044 2045 2016
2009 3 2 996 26 2016 2045 2046 2017
2010 3 2 996 26 2017 2046 216 217
2011 3 2 996 26 178 179 2047 2018
2012 3 2 996 26 2018 2047 2048 2019
2013 3 2 996 26 2019 2048 2049 2020
2014 3 2 996 26 2020 2049 2050 2021
2015 3 2 996 26 2021 2050 2051 2022
2016 3 2 996 26 2022 2051 2052 2023
2017 3 2 996 26 2023 2052 2053 2024
2018 3 2 996 26 2024 2053 2054 2025
2019 3 2 996 26 2025 2054 2055 2026
2020 3 2 996 26 2026 2055 2056 2027
2021 3 2 996 26 2027 2056 2057 2028
2022 3 2 996 26 2028 2057 2058 2029
2023 3 2 996 26 2029 2058 2059 2030
2024 3 2 996 26 2030 2059 2060 2031
2025 3 2 996 26 2031 2060 2061 2032
2026 3 2 996 26 2032 2061 2062 2033
2027 3 2 996 26 2033 2062 2063 2034
2028 3 2 996 26 2034 2063 2064 2035
2029 3 2 996 26 2035 2064 2065 2036
2030 3 2 996 26 2036 2065 2066 2037
2031 3 2 996 26 2037 2066 2067 2038
2032 3 2 996 26 2038 2067 2068 2039
2033 3 2 996 26 2039 2068 2069 2040
2034 3 2 996 26 2040 2069 2070 2041
2035 3 2 996 26 2041 2070 2071 2042
2036 3 2 996 26 2042 2071 2072 2043
2037 3 2 996 26 2043 2072 2073 2044
2038 3 2 996 26 2044 2073 2074 2045
2039 3 2 996 26 2045 2074 2075 2046
2040 3 2 996 26 2046 2075 215 216
2041 3 2 996 26 179 180 2076 2047
2042 3 2 996 26 2047 2076 2077 2048
2043 3 2 996 26 2048 2077 2078 2049
2044 3 2 996 26 2049 2078 2079 2050
2045 3 2 996 26 2050 2079 2080 2051
2046 3 2 996 26 2051 2080 2081 2052
2047 3 2 996 26 2052 2081 2082 2053
2048 3 2 996 26 2053 2082 2083 2054
2049 3 2 996 26 2054 2083 2084 2055
2050 3 2 996 26 2055 2084 2085 2056
2051 3 2 996 26 2056 2085 2086 2057
2052 3 2 996 26 2057 2086 2087 2058
2053 3 2 996 26 2058 2087 2088 2059
2054 3 2 996 26 2059 2088 2089 2060
2055 3 2 996 26 2060 2089 2090 2061
2056 3 2 996 26 2061 2090 2091 2062
2057 3 2 996 26 2062 2091 2092 2063
2058 3 2 996 26 2063 2092 2093 2064
2059 3 2 996 26 2064 2093 2094 2065
2060 3 2 996 26 2065 2094 2095 2066
2061 3 2 996 26 2066 2095 2096 2067
2062 3 2 996 26 2067 2096 2097 2068
2063 3 2 996 26 2068 2097 2098 2069
2064 3 2 996 26 2069 2098 2099 2070
2065 3 2 996 26 2070 2099 2100 2071
2066 3 2 996 26 2071 2100 2101 2072
2067 3 2 996 26 2072 2101 2102 2073
2068 3 2 996 26 2073 2102 2103 2074
2069 3 2 996 26 2074 2103 2104 2075
2070 3 2 996 26 2075 2104 214 215
2071 3 2 996 26 180 181 2105 2076
2072 3 2 996 26 2076 2105 2106 2077
2073 3 2 996 26 2077 2106 2107 2078
2074 3 2 996 26 2078 2107 2108 2079
2075 3 2 996 26 2079 2108 2109 2080
2076 3 2 996 26 2080 2109 2110 2081
2077 3 2 996 26 2081 2110 2111 2082
2078 3 2 996 26 2082 2111 2112 2083
2079 3 2 996 26 2083 2112 2113 2084
2080 3 2 996 26 2084 2113 2114 2085
2081 3 2 996 26 2085 2114 2115 2086
2082 3 2 996 26 2086 2115 2116 2087
2083 3 2 996 26 2087 2116 2117 2088
2084 3 2 996 26 2088 2117 2118 2089
2085 3 2 996 26 2089 2118 2119 2090
2086 3 2 996 26 2090 2119 2120 2091
2087 3 2 996 26 2091 2120 2121 2092
2088 3 2 996 26 2092 2121 2122 2093
2089 3 2 996 26 2093 2122 2123 2094
2090 3 2 996 26 2094 2123 2124 2095
2091 3 2 996 26 2095 2124 2125 2096
2092 3 2 996 26 2096 2125 2126 2097
2093 3 2 996 26 2097 2126 2127 2098
2094 3 2 996 26 2098 2127 2128 2099
2095 3 2 996 26 2099 2128 2129 2100
2096 3 2 996 26 2100 2129 2130 2101
2097 3 2 996 26 2101 2130 2131 2102
2098 3 2 996 26 2102 2131 2132 2103
2099 3 2 996 26 2103 2132 2133 2104
2100 3 2 996 26 2104 2133 213 214
2101 3 2 996 26 181 182 2134 2105
2102 3 2 996 26 2105 2134 2135 2106
2103 3 2 996 26 2106 2135 2136 2107
2104 3 2 996 26 2107 2136 2137 2108
2105 3 2 996 26 2108 2137 2138 2109
2106 3 2 996 26 2109 2138 2139 2110
2107 3 2 996 26 2110 2139 2140 2111
2108 3 2 996 26 2111 2140 2141 2112
2109 3 2 996 26 2112 2141 2142 2113
2110 3 2 996 26 2113 2142 2143 2114
2111 3 2 996 26 2114 2143 2144 2115
2112 3 2 996 26 2115 2144 2145 2116
2113 3 2 996 26 2116 2145 2146 2117
2114 3 2 996 26 2117 2146 2147 2118
2115 3 2 996 26 2118 2147 2148 2119
2116 3 2 996 26 2119 2148 2149 2120
2117 3 2 996 26 2120 2149 2150 2121
2118 3 2 996 26 2121 2150 2151 2122
2119 3 2 996 26 2122 2151 2152 2123
2120 3 2 996 26 2123 2152 2153 2124
2121 3 2 996 26 2124 2153 2154 2125
2122 3 2 996 26 2125 2154 2155 2126
2123 3 2 996 26 2126 2155 2156 2127
2124 3 2 996 26 2127 2156 2157 2128
2125 3 2 996 26 2128 2157 2158 2129
2126 3 2 996 26 2129 2158 2159 2130
2127 3 2 996 26 2130 2159 2160 2131
2128 3 2 996 26 2131 2160 2161 2132
2129 3 2 996 26 2132 2161 2162 2133
2130 3 2 996 26 2133 2162 212 213
2131 3 2 996 26 182 7 183 2134
2132 3 2 996 26 2134 183 184 2135
2133 3 2 996 26 2135 184 185 2136
2134 3 2 996 26 2136 185 186 2137
2135 3 2 996 26 2137 186 187 2138
2136 3 2 996 26 2138 187 188 2139
2137 3 2 996 26 2139 188 189 2140
2138 3 2 996 26 2140 189 190 2141
2139 3 2 996 26 2141 190 191 2142
2140 3 2 996 26 2142 191 192 2143
2141 3 2 996 26 2143 192 193 2144
2142 3 2 996 26 2144 193 194 2145
2143 3 2 996 26 2145 194 195 2146
2144 3 2 996 26 2146 195 196 2147
2145 3 2 996 26 2147 196 197 2148
2146 3 2 996 26 2148 197 198 2149
2147 3 2 996 26 2149 198 199 2150
2148 3 2 996 26 2150 199 200 2151
2149 3 2 996 26 2151 200 201 2152
2150 3 2 996 26 2152 201 202 2153
2151 3 2 996 26 2153 202 203 2154
2152 3 2 996 26 2154 203 204 2155
2153 3 2 996 26 2155 204 205 2156
2154 3 2 996 26 2156 205 206 2157
2155 3 2 996 26 2157 206 207 2158
2156 3 2 996 26 2158 207 208 2159
2157 3 2 996 26 2159 208 209 2160
2158 3 2 996 26 2160 209 210 2161
2159 3 2 996 26 2161 210 211 2162
2160 3 2 996 26 2162 211 8 212
2161 5 2 99991 1 1 9 249 124 243 1148 2163 1146
2162 5 2 99991 1 243 1148 2163 1146 244 1149 2164 1147
2163 5 2 99991 1 244 1149 2164 1147 6 154 1322 153
2164 5 2 99991 1 124 249 250 123 1146 2163 2165 1144
2165 5 2 99991 1 1146 2163 2165 1144 1147 2164 2166 1145
2166 5 2 99991 1 1147 2164 2166 1145 153 1322 1323 152
2167 5 2 99991 1 123 250 251 122 1144 2165 2167 1142
2168 5 2 99991 1 1144 2165 2167 1142 1145 2166 2168 1143
2169 5 2 99991 1 1145 2166 2168 1143 152 1323 1324 151
2170 5 2 99991 1 122 251 252 121 1142 2167 2169 1140
2171 5 2 99991 1 1142 2167 2169 1140 1143 2168 2170 1141
2172 5 2 99991 1 1143 2168 2170 1141 151 1324 1325 150
2173 5 2 99991 1 121 252 253 120 1140 2169 2171 1138
2174 5 2 99991 1 1140 2169 2171 1138 1141 2170 2172 1139
2175 5 2 99991 1 1141 2170 2172 1139 150 1325 1326 149
2176 5 2 99991 1 120 253 254 119 1138 2171 2173 1136
2177 5 2 99991 1 1138 2171 2173 1136 1139 2172 2174 1137
2178 5 2 99991 1 1139 2172 2174 1137 149 1326 1327 148
2179 5 2 99991 1 119 254 255 118 1136 2173 2175 1134
2180 5 2 99991 1 1136 2173 2175 1134 1137 2174 2176 1135
2181 5 2 99991 1 1137 2174 2176 1135 148 1327 1328 147
2182 5 2 99991 1 118 255 256 117 1134 2175 2177 1132
2183 5 2 99991 1 1134 2175 2177 1132 1135 2176 2178 1133
2184 5 2 99991 1 1135 2176 2178 1133 147 1328 1329 146
2185 5 2 99991 1 117 256 257 116 1132 2177 2179 1130
2186 5 2 99991 1 1132 2177 2179 1130 1133 2178 2180 1131
2187 5 2 99991 1 1133 2178 2180 1131 146 1329 1330 145
2188 5 2 99991 1 116 257 258 115 1130 2179 2181 1128
2189 5 2 99991 1 1130 2179 2181 1128 1131 2180 2182 1129
2190 5 2 99991 1 1131 2180 2182 1129 145 1330 1331 144
2191 5 2 99991 1 115 258 259 114 1128 2181 2183 1126
2192 5 2 99991 1 1128 2181 2183 1126 1129 2182 2184 1127
2193 5 2 99991 1 1129 2182 2184 1127 144 1331 1332 143
2194 5 2 99991 1 114 259 260 113 1126 2183 2185 1124
2195 5 2 99991 1 1126 2183 2185 1124 1127 2184 2186 1125
2196 5 2 99991 1 1127 2184 2186 1125 143 1332 1333 142
2197 5 2 99991 1 113 260 261 112 1124 2185 2187 1122
2198 5 2 99991 1 1124 2185 2187 1122 1125 2186 2188 1123
2199 5 2 99991 1 1125 2186 2188 1123 142 1333 1334 141
2200 5 2 99991 1 112 261 262 111 1122 2187 2189 1120
2201 5 2 99991 1 1122 2187 2189 1120 1123 2188 2190 1121
2202 5 2 99991 1 1123 2188 2190 1121 141 1334 1335 140
2203 5 2 99991 1 111 262 263 110 1120 2189 2191 1118
2204 5 2 99991 1 1120 2189 2191 1118 1121 2190 2192 1119
2205 5 2 99991 1 1121 2190 2192 1119 140 1335 1336 139
2206 5 2 99991 1 110 263 264 109 1118 2191 2193 1116
2207 5 2 99991 1 1118 2191 2193 1116 1119 2192 2194 1117
2208 5 2 99991 1 1119 2192 2194 1117 139 1336 1337 138
2209 5 2 99991 1 109 264 265 108 1116 2193 2195 1114
2210 5 2 99991 1 1116 2193 2195 1114 1117 2194 2196 1115
2211 5 2 99991 1 1117 2194 2196 1115 138 1337 1338 137
2212 5 2 99991 1 108 265 266 107 1114 2195 2197 1112
2213 5 2 99991 1 1114 2195 2197 1112 1115 2196 2198 1113
2214 5 2 99991 1 1115 2196 2198 1113 137 1338 1339 136
2215 5 2 99991 1 107 266 267 106 1112 2197 2199 1110
2216 5 2 99991 1 1112 2197 2199 1110 1113 2198 2200 1111
2217 5 2 99991 1 1113 2198 2200 1111 136 1339 1340 135
2218 5 2 99991 1 106 267 268 105 1110 2199 2201 1108
2219 5 2 99991 1 1110 2199 2201 1108 1111 2200 2202 1109
2220 5 2 99991 1 1111 2200 2202 1109 135 1340 1341 134
2221 5 2 99991 1 105 268 269 104 1108 2201 2203 1106
2222 5 2 99991 1 1108 2201 2203 1106 1109 2202 2204 1107
2223 5 2 99991 1 1109 2202 2204 1107 134 1341 1342 133
2224 5 2 99991 1 104 269 270 103 1106 2203 2205 1104
2225 5 2 99991 1 1106 2203 2205 1104 1107 2204 2206 1105
2226 5 2 99991 1 1107 2204 2206 1105 133 1342 1343 132
2227 5 2 99991 1 103 270 271 102 1104 2205 2207 1102
2228 5 2 99991 1 1104 2205 2207 1102 1105 2206 2208 1103
2229 5 2 99991 1 1105 2206 2208 1103 132 1343 1344 131
2230 5 2 99991 1 102 271 272 101 1102 2207 2209 1100
2231 5 2 99991 1 1102 2207 2209 1100 1103 2208 2210 1101
2232 5 2 99991 1 1103 2208 2210 1101 131 1344 1345 130
2233 5 2 99991 1 101 272 273 100 1100 2209 2211 1098
2234 5 2 99991 1 1100 2209 2211 1098 1101 2210 2212 1099
2235 5 2 99991 1 1101 2210 2212 1099 130 1345 1346 129
2236 5 2 99991 1 100 273 274 99 1098 2211 2213 1096
2237 5 2 99991 1 1098 2211 2213 1096 1099 2212 2214 1097
2238 5 2 99991 1 1099 2212 2214 1097 129 1346 1347 128
2239 5 2 99991 1 99 274 275 98 1096 2213 2215 1094
2240 5 2 99991 1 1096 2213 2215 1094 1097 2214 2216 1095
2241 5 2 99991 1 1097 2214 2216 1095 128 1347 1348 127
2242 5 2 99991 1 98 275 276 97 1094 2215 2217 1092
2243 5 2 99991 1 1094 2215 2217 1092 1095 2216 2218 1093
2244 5 2 99991 1 1095 2216 2218 1093 127 1348 1349 126
2245 5 2 99991 1 97 276 277 96 1092 2217 2219 1090
2246 5 2 99991 1 1092 2217 2219 1090 1093 2218 2220 1091
2247 5 2 99991 1 1093 2218 2220 1091 126 1349 1350 125
2248 5 2 99991 1 96 277 95 4 1090 2219 1320 241
2249 5 2 99991 1 1090 2219 1320 241 1091 2220 1321 242
2250 5 2 99991 1 1091 2220 1321 242 125 1350 240 5
2251 5 2 99991 1 9 10 278 249 1148 1150 2221 2163
2252 5 2 99991 1 1148 1150 2221 2163 1149 1151 2222 2164
2253 5 2 99991 1 1149 1151 2222 2164 154 155 1351 1322
2254 5 2 99991 1 249 278 279 250 2163 2221 2223 2165
2255 5 2 99991 1 2163 2221 2223 2165 2164 2222 2224 2166
2256 5 2 99991 1 2164 2222 2224 2166 1322 1351 1352 1323
2257 5 2 99991 1 250 279 280 251 2165 2223 2225 2167
2258 5 2 99991 1 2165 2223 2225 2167 2166 2224 2226 2168
2259 5 2 99991 1 2166 2224 2226 2168 1323 1352 1353 1324
2260 5 2 99991 1 251 280 281 252 2167 2225 2227 2169
2261 5 2 99991 1 2167 2225 2227 2169 2168 2226 2228 2170
2262 5 2 99991 1 2168 2226 2228 2170 1324 1353 1354 1325
2263 5 2 99991 1 252 281 282 253 2169 2227 2229 2171
2264 5 2 99991 1 2169 2227 2229 2171 2170 2228 2230 2172
2265 5 2 99991 1 2170 2228 2230 2172 1325 1354 1355 1326
2266 5 2 99991 1 253 282 283 254 2171 2229 2231 2173
2267 5 2 99991 1 2171 2229 2231 2173 2172 2230 2232 2174
2268 5 2 99991 1 2172 2230 2232 2174 1326 1355 1356 1327
2269 5 2 99991 1 254 283 284 255 2173 2231 2233 2175
2270 5 2 99991 1 2173 2231 2233 2175 2174 2232 2234 2176
2271 5 2 99991 1 2174 2232 2234 2176 1327 1356 1357 1328
2272 5 2 99991 1 255 284 285 256 2175 2233 2235 2177
2273 5 2 99991 1 2175 2233 2235 2177 2176 2234 2236 2178
2274 5 2 99991 1 2176 2234 2236 2178 1328 1357 1358 1329
2275 5 2 99991 1 256 285 286 257 2177 2235 2237 2179
2276 5 2 99991 1 2177 2235 2237 2179 2178 2236 2238 2180
2277 5 2 99991 1 2178 2236 2238 2180 1329 1358 1359 1330
2278 5 2 99991 1 257 286 287 258 2179 2237 2239 2181
2279 5 2 99991 1 2179 2237 2239 2181 2180 2238 2240 2182
2280 5 2 99991 1 2180 2238 2240 2182 1330 1359 1360 1331
2281 5 2 99991 1 258 287 288 259 2181 2239 2241 2183
2282 5 2 99991 1 2181 2239 2241 2183 2182 2240 2242 2184
2283 5 2 99991 1 2182 2240 2242 2184 1331 1360 1361 1332
2284 5 2 99991 1 259 288 289 260 2183 2241 2243 2185
2285 5 2 99991 1 2183 2241 2243 2185 2184 2242 2244 2186
2286 5 2 99991 1 2184 2242 2244 2186 1332 1361 1362 1333
2287 5 2 99991 1 260 289 290 261 2185 2243 2245 2187
2288 5 2 99991 1 2185 2243 2245 2187 2186 2244 2246 2188
2289 5 2 99991 1 2186 2244 2246 2188 1333 1362 1363 1334
2290 5 2 99991 1 261 290 291 262 2187 2245 2247 2189
2291 5 2 99991 1 2187 2245 2247 2189 2188 2246 2248 2190
2292 5 2 99991 1 2188 2246 2248 2190 1334 1363 1364 1335
2293 5 2 99991 1 262 291 292 263 2189 2247 2249 2191
2294 5 2 99991 1 2189 2247 2249 2191 2190 2248 2250 2192
2295 5 2 99991 1 2190 2248 2250 2192 1335 1364 1365 1336
2296 5 2 99991 1 263 292 293 264 2191 2249 2251 2193
2297 5 2 99991 1 2191 2249 2251 2193 2192 2250 2252 2194
2298 5 2 99991 1 2192 2250 2252 2194 1336 1365 1366 1337
2299 5 2 99991 1 264 293 294 265 2193 2251 2253 2195
2300 5 2 99991 1 2193 2251 2253 2195 2194 2252 2254 2196
2301 5 2 99991 1 2194 2252 2254 2196 1337 1366 1367 1338
2302 5 2 99991 1 265 294 295 266 2195 2253 2255 2197
2303 5 2 99991 1 2195 2253 2255 2197 2196 2254 2256 2198
2304 5 2 99991 1 2196 2254 2256 2198 1338 1367 1368 1339
2305 5 2 99991 1 266 295 296 267 2197 2255 2257 2199
2306 5 2 99991 1 2197 2255 2257 2199 2198 2256 2258 2200
2307 5 2 99991 1 2198 2256 2258 2200 1339 1368 1369 1340
2308 5 2 99991 1 267 296 297 268 2199 2257 2259 2201
2309 5 2 99991 1 2199 2257 2259 2201 2200 2258 2260 2202
2310 5 2 99991 1 2200 2258 2260 2202 1340 1369 1370 1341
2311 5 2 99991 1 268 297 298 269 2201 2259 2261 2203
2312 5 2 99991 1 2201 2259 2261 2203 2202 2260 2262 2204
2313 5 2 99991 1 2202 2260 2262 2204 1341 1370 1371 1342
2314 5 2 99991 1 269 298 299 270 2203 2261 2263 2205
2315 5 2 99991 1 2203 2261 2263 2205 2204 2262 2264 2206
2316 5 2 99991 1 2204 2262 2264 2206 1342 1371 1372 1343
2317 5 2 99991 1 270 299 300 271 2205 2263 2265 2207
2318 5 2 99991 1 2205 2263 2265 2207 2206 2264 2266 2208
2319 5 2 99991 1 2206 2264 2266 2208 1343 1372 1373 1344
2320 5 2 99991 1 271 300 301 272 2207 2265 2267 2209
2321 5 2 99991 1 2207 2265 2267 2209 2208 2266 2268 2210
2322 5 2 99991 1 2208 2266 2268 2210 1344 1373 1374 1345
2323 5 2 99991 1 272 301 302 273 2209 2267 2269 2211
2324 5 2 99991 1 2209 2267 2269 2211 2210 2268 2270 2212
2325 5 2 99991 1 2210 2268 2270 2212 1345 1374 1375 1346
2326 5 2 99991 1 273 302 303 274 2211 2269 2271 2213
2327 5 2 99991 1 2211 2269 2271 2213 2212 2270 2272 2214
2328 5 2 99991 1 2212 2270 2272 2214 1346 1375 1376 1347
2329 5 2 99991 1 274 303 304 275 2213 2271 2273 2215
2330 5 2 99991 1 2213 2271 2273 2215 2214 2272 2274 2216
2331 5 2 99991 1 2214 2272 2274 2216 1347 1376 1377 1348
2332 5 2 99991 1 275 304 305 276 2215 2273 2275 2217
2333 5 2 99991 1 2215 2273 2275 2217 2216 2274 2276 2218
2334 5 2 99991 1 2216 2274 2276 2218 1348 1377 1378 1349
2335 5 2 99991 1 276 305 306 277 2217 2275 2277 2219
2336 5 2 99991 1 2217 2275 2277 2219 2218 2276 2278 2220
2337 5 2 99991 1 2218 2276 2278 2220 1349 1378 1379 1350
2338 5 2 99991 1 277 306 94 95 2219 2277 1318 1320
2339 5 2 99991 1 2219 2277 1318 1320 2220 2278 1319 1321
2340 5 2 99991 1 2220 2278 1319 1321 1350 1379 239 240
2341 5 2 99991 1 10 11 307 278 1150 1152 2279 2221
2342 5 2 99991 1 1150 1152 2279 2221 1151 1153 2280 2222
2343 5 2 99991 1 1151 1153 2280 2222 155 156 1380 1351
2344 5 2 99991 1 278 307 308 279 2221 2279 2281 2223
2345 5 2 99991 1 2221 2279 2281 2223 2222 2280 2282 2224
2346 5 2 99991 1 2222 2280 2282 2224 1351 1380 1381 1352
2347 5 2 99991 1 279 308 309 280 2223 2281 2283 2225
2348 5 2 99991 1 2223 2281 2283 2225 2224 2282 2284 2226
2349 5 2 99991 1 2224 2282 2284 2226 1352 1381 1382 1353
2350 5 2 99991 1 280 309 310 281 2225 2283 2285 2227
2351 5 2 99991 1 2225 2283 2285 2227 2226 2284 2286 2228
2352 5 2 99991 1 2226 2284 2286 2228 1353 1382 1383 1354
2353 5 2 99991 1 281 310 311 282 2227 2285 2287 2229
2354 5 2 99991 1 2227 2285 2287 2229 2228 2286 2288 2230
2355 5 2 99991 1 2228 2286 2288 2230 1354 1383 1384 1355
2356 5 2 99991 1 282 311 312 283 2229 2287 2289 2231
2357 5 2 99991 1 2229 2287 2289 2231 2230 2288 2290 2232
2358 5 2 99991 1 2230 2288 2290 2232 1355 1384 1385 1356
2359 5 2 99991 1 283 312 313 284 2231 2289 2291 2233
2360 5 2 99991 1 2231 2289 2291 2233 2232 2290 2292 2234
2361 5 2 99991 1 2232 2290 2292 2234 1356 1385 1386 1357
2362 5 2 99991 1 284 313 314 285 2233 2291 2293 2235
2363 5 2 99991 1 2233 2291 2293 2235 2234 2292 2294 2236
2364 5 2 99991 1 2234 2292 2294 2236 1357 1386 1387 1358
2365 5 2 99991 1 285 314 315 286 2235 2293 2295 2237
2366 5 2 99991 1 2235 2293 2295 2237 2236 2294 2296 2238
2367 5 2 99991 1 2236 2294 2296 2238 1358 1387 1388 1359
2368 5 2 99991 1 286 315 316 287 2237 2295 2297 2239
2369 5 2 99991 1 2237 2295 2297 2239 2238 2296 2298 2240
2370 5 2 99991 1 2238 2296 2298 2240 1359 1388 1389 1360
2371 5 2 99991 1 287 316 317 288 2239 2297 2299 2241
2372 5 2 99991 1 2239 2297 2299 2241 2240 2298 2300 2242
2373 5 2 99991 1 2240 2298 2300 2242 1360 1389 1390 1361
2374 5 2 99991 1 288 317 318 289 2241 2299 2301 2243
2375 5 2 99991 1 2241 2299 2301 2243 2242 2300 2302 2244
2376 5 2 99991 1 2242 2300 2302 2244 1361 1390 1391 1362
2377 5 2 99991 1 289 318 319 290 2243 2301 2303 2245
2378 5 2 99991 1 2243 2301 2303 2245 2244 2302 2304 2246
2379 5 2 99991 1 2244 2302 2304 2246 1362 1391 1392 1363
2380 5 2 99991 1 290 319 320 291 2245 2303 2305 2247
2381 5 2 99991 1 2245 2303 2305 2247 2246 2304 2306 2248
2382 5 2 99991 1 2246 2304 2306 2248 1363 1392 1393 1364
2383 5 2 99991 1 291 320 321 292 2247 2305 2307 2249
2384 5 2 99991 1 2247 2305 2307 2249 2248 2306 2308 2250
2385 5 2 99991 1 2248 2306 2308 2250 1364 1393 1394 1365
2386 5 2 99991 1 292 321 322 293 2249 2307 2309 2251
2387 5 2 99991 1 2249 2307 2309 2251 2250 2308 2310 2252
2388 5 2 99991 1 2250 2308 2310 2252 1365 1394 1395 1366
2389 5 2 99991 1 293 322 323 294 2251 2309 2311 2253
2390 5 2 99991 1 2251 2309 2311 2253 2252 2310 2312 2254
2391 5 2 99991 1 2252 2310 2312 2254 1366 1395 1396 1367
2392 5 2 99991 1 294 323 324 295 2253 2311 2313 2255
2393 5 2 99991 1 2253 2311 2313 2255 2254 2312 2314 2256
2394 5 2 99991 1 2254 2312 2314 2256 1367 1396 1397 1368
2395 5 2 99991 1 295 324 325 296 2255 2313 2315 2257
2396 5 2 99991 1 2255 2313 2315 2257 2256 2314 2316 2258
2397 5 2 99991 1 2256 2314 2316 2258 1368 1397 1398 1369
2398 5 2 99991 1 296 325 326 297 2257 2315 2317 2259
2399 5 2 99991 1 2257 2315 2317 2259 2258 2316 2318 2260
2400 5 2 99991 1 2258 2316 2318 2260 1369 1398 1399 1370
2401 5 2 99991 1 297 326 327 298 2259 2317 2319 2261
2402 5 2 99991 1 2259 2317 2319 2261 2260 2318 2320 2262
2403 5 2 99991 1 2260 2318 2320 2262 1370 1399 1400 1371
2404 5 2 99991 1 298 327 328 299 2261 2319 2321 2263
2405 5 2 99991 1 2261 2319 2321 2263 2262 2320 2322 2264
2406 5 2 99991 1 2262 2320 2322 2264 1371 1400 1401 1372
2407 5 2 99991 1 299 328 329 300 2263 2321 2323 2265
2408 5 2 99991 1 2263 2321 2323 2265 2264 2322 2324 2266
2409 5 2 99991 1 2264 2322 2324 2266 1372 1401 1402 1373
2410 5 2 99991 1 300 329 330 301 2265 2323 2325 2267
2411 5 2 99991 1 2265 2323 2325 2267 2266 2324 2326 2268
2412 5 2 99991 1 2266 2324 2326 2268 1373 1402 1403 1374
2413 5 2 99991 1 301 330 331 302 2267 2325 2327 2269
2414 5 2 99991 1 2267 2325 2327 2269 2268 2326 2328 2270
2415 5 2 99991 1 2268 2326 2328 2270 1374 1403 1404 1375
2416 5 2 99991 1 302 331 332 303 2269 2327 2329 2271
2417 5 2 99991 1 2269 2327 2329 2271 2270 2328 2330 2272
2418 5 2 99991 1 2270 2328 2330 2272 1375 1404 1405 1376
2419 5 2 99991 1 303 332 333 304 2271 2329 2331 2273
2420 5 2 99991 1 2271 2329 2331 2273 2272 2330 2332 2274
2421 5 2 99991 1 2272 2330 2332 2274 1376 1405 1406 1377
2422 5 2 99991 1 304 333 334 305 2273 2331 2333 2275
2423 5 2 99991 1 2273 2331 2333 2275 2274 2332 2334 2276
2424 5 2 99991 1 2274 2332 2334 2276 1377 1406 1407 1378
2425 5 2 99991 1 305 334 335 306 2275 2333 2335 2277
2426 5 2 99991 1 2275 2333 2335 2277 2276 2334 2336 2278
2427 5 2 99991 1 2276 2334 2336 2278 1378 1407 1408 1379
2428 5 2 99991 1 306 335 93 94 2277 2335 1316 1318
2429 5 2 99991 1 2277 2335 1316 1318 2278 2336 1317 1319
2430 5 2 99991 1 2278 2336 1317 1319 1379 1408 238 239
2431 5 2 99991 1 11 12 336 307 1152 1154 2337 2279
2432 5 2 99991 1 1152 1154 2337 2279 1153 1155 2338 2280
2433 5 2 99991 1 1153 1155 2338 2280 156 157 1409 1380
2434 5 2 99991 1 307 336 337 308 2279 2337 2339 2281
2435 5 2 99991 1 2279 2337 2339 2281 2280 2338 2340 2282
2436 5 2 99991 1 2280 2338 2340 2282 1380 1409 1410 1381
2437 5 2 99991 1 308 337 338 309 2281 2339 2341 2283
2438 5 2 99991 1 2281 2339 2341 2283 2282 2340 2342 2284
2439 5 2 99991 1 2282 2340 2342 2284 1381 1410 1411 1382
2440 5 2 99991 1 309 338 339 310 2283 2341 2343 2285
2441 5 2 99991 1 2283 2341 2343 2285 2284 2342 2344 2286
2442 5 2 99991 1 2284 2342 2344 2286 1382 1411 1412 1383
2443 5 2 99991 1 310 339 340 311 2285 2343 2345 2287
2444 5 2 99991 1 2285 2343 2345 2287 2286 2344 2346 2288
2445 5 2 99991 1 2286 2344 2346 2288 1383 1412 1413 1384
2446 5 2 99991 1 311 340 341 312 2287 2345 2347 2289
2447 5 2 99991 1 2287 2345 2347 2289 2288 2346 2348 2290
2448 5 2 99991 1 2288 2346 2348 2290 1384 1413 1414 1385
2449 5 2 99991 1 312 341 342 313 2289 2347 2349 2291
2450 5 2 99991 1 2289 2347 2349 2291 2290 2348 2350 2292
2451 5 2 99991 1 2290 2348 2350 2292 1385 1414 1415 1386
2452 5 2 99991 1 313 342 343 314 2291 2349 2351 2293
2453 5 2 99991 1 2291 2349 2351 2293 2292 2350 2352 2294
2454 5 2 99991 1 2292 2350 2352 2294 1386 1415 1416 1387
2455 5 2 99991 1 314 343 344 315 2293 2351 2353 2295
2456 5 2 99991 1 2293 2351 2353 2295 2294 2352 2354 2296
2457 5 2 99991 1 2294 2352 2354 2296 1387 1416 1417 1388
2458 5 2 99991 1 315 344 345 316 2295 2353 2355 2297
2459 5 2 99991 1 2295 2353 2355 2297 2296 2354 2356 2298
2460 5 2 99991 1 2296 2354 2356 2298 1388 1417 1418 1389
2461 5 2 99991 1 316 345 346 317 2297 2355 2357 2299
2462 5 2 99991 1 2297 2355 2357 2299 2298 2356 2358 2300
2463 5 2 99991 1 2298 2356 2358 2300 1389 1418 1419 1390
2464 5 2 99991 1 317 346 347 318 2299 2357 2359 2301
2465 5 2 99991 1 2299 2357 2359 2301 2300 2358 2360 2302
2466 5 2 99991 1 2300 2358 2360 2302 1390 1419 1420 1391
2467 5 2 99991 1 318 347 348 319 2301 2359 2361 2303
2468 5 2 99991 1 2301 2359 2361 2303 2302 2360 2362 2304
2469 5 2 99991 1 2302 2360 2362 2304 1391 1420 1421 1392
2470 5 2 99991 1 319 348 349 320 2303 2361 2363 2305
2471 5 2 99991 1 2303 2361 2363 2305 2304 2362 2364 2306
2472 5 2 99991 1 2304 2362 2364 2306 1392 1421 1422 1393
2473 5 2 99991 1 320 349 350 321 2305 2363 2365 2307
2474 5 2 99991 1 2305 2363 2365 2307 2306 2364 2366 2308
2475 5 2 99991 1 2306 2364 2366 2308 1393 1422 1423 1394
2476 5 2 99991 1 321 350 351 322 2307 2365 2367 2309
2477 5 2 99991 1 2307 2365 2367 2309 2308 2366 2368 2310
2478 5 2 99991 1 2308 2366 2368 2310 1394 1423 1424 1395
2479 5 2 99991 1 322 351 352 323 2309 2367 2369 2311
2480 5 2 99991 1 2309 2367 2369 2311 2310 2368 2370 2312
2481 5 2 99991 1 2310 2368 2370 2312 1395 1424 1425 1396
2482 5 2 99991 1 323 352 353 324 2311 2369 2371 2313
2483 5 2 99991 1 2311 2369 2371 2313 2312 2370 2372 2314
2484 5 2 99991 1 2312 2370 2372 2314 1396 1425 1426 1397
2485 5 2 99991 1 324 353 354 325 2313 2371 2373 2315
2486 5 2 99991 1 2313 2371 2373 2315 2314 2372 2374 2316
2487 5 2 99991 1 2314 2372 2374 2316 1397 1426 1427 1398
2488 5 2 99991 1 325 354 355 326 2315 2373 2375 2317
2489 5 2 99991 1 2315 2373 2375 2317 2316 2374 2376 2318
2490 5 2 99991 1 2316 2374 2376 2318 1398 1427 1428 1399
2491 5 2 99991 1 326 355 356 327 2317 2375 2377 2319
2492 5 2 99991 1 2317 2375 2377 2319 2318 2376 2378 2320
2493 5 2 99991 1 2318 2376 2378 2320 1399 1428 1429 1400
2494 5 2 99991 1 327 356 357 328 2319 2377 2379 2321
2495 5 2 99991 1 2319 2377 2379 2321 2320 2378 2380 2322
2496 5 2 99991 1 2320 2378 2380 2322 1400 1429 1430 1401
2497 5 2 99991 1 328 357 358 329 2321 2379 2381 2323
2498 5 2 99991 1 2321 2379 2381 2323 2322 2380 2382 2324
2499 5 2 99991 1 2322 2380 2382 2324 1401 1430 1431 1402
2500 5 2 99991 1 329 358 359 330 2323 2381 2383 2325
2501 5 2 99991 1 2323 2381 2383 2325 2324 2382 2384 2326
2502 5 2 99991 1 2324 2382 2384 2326 1402 1431 1432 1403
2503 5 2 99991 1 330 359 360 331 2325 2383 2385 2327
2504 5 2 99991 1 2325 2383 2385 2327 2326 2384 2386 2328
2505 5 2 99991 1 2326 2384 2386 2328 1403 1432 1433 1404
2506 5 2 99991 1 331 360 361 332 2327 2385 2387 2329
2507 5 2 99991 1 2327 2385 2387 2329 2328 2386 2388 2330
2508 5 2 99991 1 2328 2386 2388 2330 1404 1433 1434 1405
2509 5 2 99991 1 332 361 362 333 2329 2387 2389 2331
2510 5 2 99991 1 2329 2387 2389 2331 2330 2388 2390 2332
2511 5 2 99991 1 2330 2388 2390 2332 1405 1434 1435 1406
2512 5 2 99991 1 333 362 363 334 2331 2389 2391 2333
2513 5 2 99991 1 2331 2389 2391 2333 2332 2390 2392 2334
2514 5 2 99991 1 2332 2390 2392 2334 1406 1435 1436 1407
2515 5 2 99991 1 334 363 364 335 2333 2391 2393 2335
2516 5 2 99991 1 2333 2391 2393 2335 2334 2392 2394 2336
2517 5 2 99991 1 2334 2392 2394 2336 1407 1436 1437 1408
2518 5 2 99991 1 335 364 92 93 2335 2393 1314 1316
2519 5 2 99991 1 2335 2393 1314 1316 2336 2394 1315 1317
2520 5 2 99991 1 2336 2394 1315 1317 1408 1437 237 238
2521 5 2 99991 1 12 13 365 336 1154 1156 2395 2337
2522 5 2 99991 1 1154 1156 2395 2337 1155 1157 2396 2338
2523 5 2 99991 1 1155 1157 2396 2338 157 158 1438 1409
2524 5 2 99991 1 336 365 366 337 2337 2395 2397 2339
2525 5 2 99991 1 2337 2395 2397 2339 2338 2396 2398 2340
2526 5 2 99991 1 2338 2396 2398 2340 1409 1438 1439 1410
2527 5 2 99991 1 337 366 367 338 2339 2397 2399 2341
2528 5 2 99991 1 2339 2397 2399 2341 2340 2398 2400 2342
2529 5 2 99991 1 2340 2398 2400 2342 1410 1439 1440 1411
2530 5 2 99991 1 338 367 368 339 2341 2399 2401 2343
2531 5 2 99991 1 2341 2399 2401 2343 2342 2400 2402 2344
2532 5 2 99991 1 2342 2400 2402 2344 1411 1440 1441 1412
2533 5 2 99991 1 339 368 369 340 2343 2401 2403 2345
2534 5 2 99991 1 2343 2401 2403 2345 2344 2402 2404 2346
2535 5 2 99991 1 2344 2402 2404 2346 1412 1441 1442 1413
2536 5 2 99991 1 340 369 370 341 2345 2403 2405 2347
2537 5 2 99991 1 2345 2403 2405 2347 2346 2404 2406 2348
2538 5 2 99991 1 2346 2404 2406 2348 1413 1442 1443 1414
2539 5 2 99991 1 341 370 371 342 2347 2405 2407 2349
2540 5 2 99991 1 2347 2405 2407 2349 2348 2406 2408 2350
2541 5 2 99991 1 2348 2406 2408 2350 1414 1443 1444 1415
2542 5 2 99991 1 342 371 372 343 2349 2407 2409 2351
2543 5 2 99991 1 2349 2407 2409 2351 2350 2408 2410 2352
2544 5 2 99991 1 2350 2408 2410 2352 1415 1444 1445 1416
2545 5 2 99991 1 343 372 373 344 2351 2409 2411 2353
2546 5 2 99991 1 2351 2409 2411 2353 2352 2410 2412 2354
2547 5 2 99991 1 2352 2410 2412 2354 1416 1445 1446 1417
2548 5 2 99991 1 344 373 374 345 2353 2411 2413 2355
2549 5 2 99991 1 2353 2411 2413 2355 2354 2412 2414 2356
2550 5 2 99991 1 2354 2412 2414 2356 1417 1446 1447 1418
2551 5 2 99991 1 345 374 375 346 2355 2413 2415 2357
2552 5 2 99991 1 2355 2413 2415 2357 2356 2414 2416 2358
2553 5 2 99991 1 2356 2414 2416 2358 1418 1447 1448 1419
2554 5 2 99991 1 346 375 376 347 2357 2415 2417 2359
2555 5 2 99991 1 2357 2415 2417 2359 2358 2416 2418 2360
2556 5 2 99991 1 2358 2416 2418 2360 1419 1448 1449 1420
2557 5 2 99991 1 347 376 377 348 2359 2417 2419 2361
2558 5 2 99991 1 2359 2417 2419 2361 2360 2418 2420 2362
2559 5 2 99991 1 2360 2418 2420 2362 1420 1449 1450 1421
2560 5 2 99991 1 348 377 378 349 2361 2419 2421 2363
2561 5 2 99991 1 2361 2419 2421 2363 2362 2420 2422 2364
2562 5 2 99991 1 2362 2420 2422 2364 1421 1450 1451 1422
2563 5 2 99991 1 349 378 379 350 2363 2421 2423 2365
2564 5 2 99991 1 2363 2421 2423 2365 2364 2422 2424 2366
2565 5 2 99991 1 2364 2422 2424 2366 1422 1451 1452 1423
2566 5 2 99991 1 350 379 380 351 2365 2423 2425 2367
2567 5 2 99991 1 2365 2423 2425 2367 2366 2424 2426 2368
2568 5 2 99991 1 2366 2424 2426 2368 1423 1452 1453 1424
2569 5 2 99991 1 351 380 381 352 2367 2425 2427 2369
2570 5 2 99991 1 2367 2425 2427 2369 2368 2426 2428 2370
2571 5 2 99991 1 2368 2426 2428 2370 1424 1453 1454 1425
2572 5 2 99991 1 352 381 382 353 2369 2427 2429 2371
2573 5 2 99991 1 2369 2427 2429 2371 2370 2428 2430 2372
2574 5 2 99991 1 2370 2428 2430 2372 1425 1454 1455 1426
2575 5 2 99991 1 353 382 383 354 2371 2429 2431 2373
2576 5 2 99991 1 2371 2429 2431 2373 2372 2430 2432 2374
2577 5 2 99991 1 2372 2430 2432 2374 1426 1455 1456 1427
2578 5 2 99991 1 354 383 384 355 2373 2431 2433 2375
2579 5 2 99991 1 2373 2431 2433 2375 2374 2432 2434 2376
2580 5 2 99991 1 2374 2432 2434 2376 1427 1456 1457 1428
2581 5 2 99991 1 355 384 385 356 2375 2433 2435 2377
2582 5 2 99991 1 2375 2433 2435 2377 2376 2434 2436 2378
2583 5 2 99991 1 2376 2434 2436 2378 1428 1457 1458 1429
2584 5 2 99991 1 356 385 386 357 2377 2435 2437 2379
2585 5 2 99991 1 2377 2435 2437 2379 2378 2436 2438 2380
2586 5 2 99991 1 2378 2436 2438 2380 1429 1458 1459 1430
2587 5 2 99991 1 357 386 387 358 2379 2437 2439 2381
2588 5 2 99991 1 2379 2437 2439 2381 2380 2438 2440 2382
2589 5 2 99991 1 2380 2438 2440 2382 1430 1459 1460 1431
2590 5 2 99991 1 358 387 388 359 2381 2439 2441 2383
2591 5 2 99991 1 2381 2439 2441 2383 2382 2440 2442 2384
2592 5 2 99991 1 2382 2440 2442 2384 1431 1460 1461 1432
2593 5 2 99991 1 359 388 389 360 2383 2441 2443 2385
2594 5 2 99991 1 2383 2441 2443 2385 2384 2442 2444 2386
2595 5 2 99991 1 2384 2442 2444 2386 1432 1461 1462 1433
2596 5 2 99991 1 360 389 390 361 2385 2443 2445 2387
2597 5 2 99991 1 2385 2443 2445 2387 2386 2444 2446 2388
2598 5 2 99991 1 2386 2444 2446 2388 1433 1462 1463 1434
2599 5 2 99991 1 361 390 391 362 2387 2445 2447 2389
2600 5 2 99991 1 2387 2445 2447 2389 2388 2446 2448 2390
2601 5 2 99991 1 2388 2446 2448 2390 1434 1463 1464 1435
2602 5 2 99991 1 362 391 392 363 2389 2447 2449 2391
2603 5 2 99991 1 2389 2447 2449 2391 2390 2448 2450 2392
2604 5 2 99991 1 2390 2448 2450 2392 1435 1464 1465 1436
2605 5 2 99991 1 363 392 393 364 2391 2449 2451 2393
2606 5 2 99991 1 2391 2449 2451 2393 2392 2450 2452 2394
2607 5 2 99991 1 2392 2450 2452 2394 1436 1465 1466 1437
2608 5 2 99991 1 364 393 91 92 2393 2451 1312 1314
2609 5 2 99991 1 2393 2451 1312 1314 2394 2452 1313 1315
2610 5 2 99991 1 2394 2452 1313 1315 1437 1466 236 237
2611 5 2 99991 1 13 14 394 365 1156 1158 2453 2395
2612 5 2 99991 1 1156 1158 2453 2395 1157 1159 2454 2396
2613 5 2 99991 1 1157 1159 2454 2396 158 159 1467 1438
2614 5 2 99991 1 365 394 395 366 2395 2453 2455 2397
2615 5 2 99991 1 2395 2453 2455 2397 2396 2454 2456 2398
2616 5 2 99991 1 2396 2454 2456 2398 1438 1467 1468 1439
2617 5 2 99991 1 366 395 396 367 2397 2455 2457 2399
2618 5 2 99991 1 2397 2455 2457 2399 2398 2456 2458 2400
2619 5 2 99991 1 2398 2456 2458 2400 1439 1468 1469 1440
2620 5 2 99991 1 367 396 397 368 2399 2457 2459 2401
2621 5 2 99991 1 2399 2457 2459 2401 2400 2458 2460 2402
2622 5 2 99991 1 2400 2458 2460 2402 1440 1469 1470 1441
2623 5 2 99991 1 368 397 398 369 2401 2459 2461 2403
2624 5 2 99991 1 2401 2459 2461 2403 2402 2460 2462 2404
2625 5 2 99991 1 2402 2460 2462 2404 1441 1470 1471 1442
2626 5 2 99991 1 369 398 399 370 2403 2461 2463 2405
2627 5 2 99991 1 2403 2461 2463 2405 2404 2462 2464 2406
2628 5 2 99991 1 2404 2462 2464 2406 1442 1471 1472 1443
2629 5 2 99991 1 370 399 400 371 2405 2463 2465 2407
2630 5 2 99991 1 2405 2463 2465 2407 2406 2464 2466 2408
2631 5 2 99991 1 2406 2464 2466 2408 1443 1472 1473 1444
2632 5 2 99991 1 371 400 401 372 2407 2465 2467 2409
2633 5 2 99991 1 2407 2465 2467 2409 2408 2466 2468 2410
2634 5 2 99991 1 2408 2466 2468 2410 1444 1473 1474 1445
2635 5 2 99991 1 372 401 402 373 2409 2467 2469 2411
2636 5 2 99991 1 2409 2467 2469 2411 2410 2468 2470 2412
2637 5 2 99991 1 2410 2468 2470 2412 1445 1474 1475 1446
2638 5 2 99991 1 373 402 403 374 2411 2469 2471 2413
2639 5 2 99991 1 2411 2469 2471 2413 2412 2470 2472 2414
2640 5 2 99991 1 2412 2470 2472 2414 1446 1475 1476 1447
2641 5 2 99991 1 374 403 404 375 2413 2471 2473 2415
2642 5 2 99991 1 2413 2471 2473 2415 2414 2472 2474 2416
2643 5 2 99991 1 2414 2472 2474 2416 1447 1476 1477 1448
2644 5 2 99991 1 375 404 405 376 2415 2473 2475 2417
2645 5 2 99991 1 2415 2473 2475 2417 2416 2474 2476 2418
2646 5 2 99991 1 2416 2474 2476 2418 1448 1477 1478 1449
2647 5 2 99991 1 376 405 406 377 2417 2475 2477 2419
2648 5 2 99991 1 2417 2475 2477 2419 2418 2476 2478 2420
2649 5 2 99991 1 2418 2476 2478 2420 1449 1478 1479 1450
2650 5 2 99991 1 377 406 407 378 2419 2477 2479 2421
2651 5 2 99991 1 2419 2477 2479 2421 2420 2478 2480 2422
2652 5 2 99991 1 2420 2478 2480 2422 1450 1479 1480 1451
2653 5 2 99991 1 378 407 408 379 2421 2479 2481 2423
2654 5 2 99991 1 2421 2479 2481 2423 2422 2480 2482 2424
2655 5 2 99991 1 2422 2480 2482 2424 1451 1480 1481 1452
2656 5 2 99991 1 379 408 409 380 2423 2481 2483 2425
2657 5 2 99991 1 2423 2481 2483 2425 2424 2482 2484 2426
2658 5 2 99991 1 2424 2482 2484 2426 1452 1481 1482 1453
2659 5 2 99991 1 380 409 410 381 2425 2483 2485 2427
2660 5 2 99991 1 2425 2483 2485 2427 2426 2484 2486 2428
2661 5 2 99991 1 2426 2484 2486 2428 1453 1482 1483 1454
2662 5 2 99991 1 381 410 411 382 2427 2485 2487 2429
2663 5 2 99991 1 2427 2485 2487 2429 2428 2486 2488 2430
2664 5 2 99991 1 2428 2486 2488 2430 1454 1483 1484 1455
2665 5 2 99991 1 382 411 412 383 2429 2487 2489 2431
2666 5 2 99991 1 2429 2487 2489 2431 2430 2488 2490 2432
2667 5 2 99991 1 2430 2488 2490 2432 1455 1484 1485 1456
2668 5 2 99991 1 383 412 413 384 2431 2489 2491 2433
2669 5 2 99991 1 2431 2489 2491 2433 2432 2490 2492 2434
2670 5 2 99991 1 2432 2490 2492 2434 1456 1485 1486 1457
2671 5 2 99991 1 384 413 414 385 2433 2491 2493 2435
2672 5 2 99991 1 2433 2491 2493 2435 2434 2492 2494 2436
2673 5 2 99991 1 2434 2492 2494 2436 1457 1486 1487 1458
2674 5 2 99991 1 385 414 415 386 2435 2493 2495 2437
2675 5 2 99991 1 2435 2493 2495 2437 2436 2494 2496 2438
2676 5 2 99991 1 2436 2494 2496 2438 1458 1487 1488 1459
2677 5 2 99991 1 386 415 416 387 2437 2495 2497 2439
2678 5 2 99991 1 2437 2495 2497 2439 2438 2496 2498 2440
2679 5 2 99991 1 2438 2496 2498 2440 1459 1488 1489 1460
2680 5 2 99991 1 387 416 417 388 2439 2497 2499 2441
2681 5 2 99991 1 2439 2497 2499 2441 2440 2498 2500 2442
2682 5 2 99991 1 2440 2498 2500 2442 1460 1489 1490 1461
2683 5 2 99991 1 388 417 418 389 2441 2499 2501 2443
2684 5 2 99991 1 2441 2499 2501 2443 2442 2500 2502 2444
2685 5 2 99991 1 2442 2500 2502 2444 1461 1490 1491 1462
2686 5 2 99991 1 389 418 419 390 2443 2501 2503 2445
2687 5 2 99991 1 2443 2501 2503 2445 2444 2502 2504 2446
2688 5 2 99991 1 2444 2502 2504 2446 1462 1491 1492 1463
2689 5 2 99991 1 390 419 420 391 2445 2503 2505 2447
2690 5 2 99991 1 2445 2503 2505 2447 2446 2504 2506 2448
2691 5 2 99991 1 2446 2504 2506 2448 1463 1492 1493 1464
2692 5 2 99991 1 391 420 421 392 2447 2505 2507 2449
2693 5 2 99991 1 2447 2505 2507 2449 2448 2506 2508 2450
2694 5 2 99991 1 2448 2506 2508 2450 1464 1493 1494 1465
2695 5 2 99991 1 392 421 422 393 2449 2507 2509 2451
2696 5 2 99991 1 2449 2507 2509 2451 2450 2508 2510 2452
2697 5 2 99991 1 2450 2508 2510 2452 1465 1494 1495 1466
2698 5 2 99991 1 393 422 90 91 2451 2509 1310 1312
2699 5 2 99991 1 2451 2509 1310 1312 2452 2510 1311 1313
2700 5 2 99991 1 2452 2510 1311 1313 1466 1495 235 236
2701 5 2 99991 1 14 15 423 394 1158 1160 2511 2453
2702 5 2 99991 1 1158 1160 2511 2453 1159 1161 2512 2454
2703 5 2 99991 1 1159 1161 2512 2454 159 160 1496 1467
2704 5 2 99991 1 394 423 424 395 2453 2511 2513 2455
2705 5 2 99991 1 2453 2511 2513 2455 2454 2512 2514 2456
2706 5 2 99991 1 2454 2512 2514 2456 1467 1496 1497 1468
2707 5 2 99991 1 395 424 425 396 2455 2513 2515 2457
2708 5 2 99991 1 2455 2513 2515 2457 2456 2514 2516 2458
2709 5 2 99991 1 2456 2514 2516 2458 1468 1497 1498 1469
2710 5 2 99991 1 396 425 426 397 2457 2515 2517 2459
2711 5 2 99991 1 2457 2515 2517 2459 2458 2516 2518 2460
2712 5 2 99991 1 2458 2516 2518 2460 1469 1498 1499 1470
2713 5 2 99991 1 397 426 427 398 2459 2517 2519 2461
2714 5 2 99991 1 2459 2517 2519 2461 2460 2518 2520 2462
2715 5 2 99991 1 2460 2518 2520 2462 1470 1499 1500 1471
2716 5 2 99991 1 398 427 428 399 2461 2519 2521 2463
2717 5 2 99991 1 2461 2519 2521 2463 2462 2520 2522 2464
2718 5 2 99991 1 2462 2520 2522 2464 1471 1500 1501 1472
2719 5 2 99991 1 399 428 429 400 2463 2521 2523 2465
2720 5 2 99991 1 2463 2521 2523 2465 2464 2522 2524 2466
2721 5 2 99991 1 2464 2522 2524 2466 1472 1501 1502 1473
2722 5 2 99991 1 400 429 430 401 2465 2523 2525 2467
2723 5 2 99991 1 2465 2523 2525 2467 2466 2524 2526 2468
2724 5 2 99991 1 2466 2524 2526 2468 1473 1502 1503 1474
2725 5 2 99991 1 401 430 431 402 2467 2525 2527 2469
2726 5 2 99991 1 2467 2525 2527 2469 2468 2526 2528 2470
2727 5 2 99991 1 2468 2526 2528 2470 1474 1503 1504 1475
2728 5 2 99991 1 402 431 432 403 2469 2527 2529 2471
2729 5 2 99991 1 2469 2527 2529 2471 2470 2528 2530 2472
2730 5 2 99991 1 2470 2528 2530 2472 1475 1504 1505 1476
2731 5 2 99991 1 403 432 433 404 2471 2529 2531 2473
2732 5 2 99991 1 2471 2529 2531 2473 2472 2530 2532 2474
2733 5 2 99991 1 2472 2530 2532 2474 1476 1505 1506 1477
2734 5 2 99991 1 404 433 434 405 2473 2531 2533 2475
2735 5 2 99991 1 2473 2531 2533 2475 2474 2532 2534 2476
2736 5 2 99991 1 2474 2532 2534 2476 1477 1506 1507 1478
2737 5 2 99991 1 405 434 435 406 2475 2533 2535 2477
2738 5 2 99991 1 2475 2533 2535 2477 2476 2534 2536 2478
2739 5 2 99991 1 2476 2534 2536 2478 1478 1507 1508 1479
2740 5 2 99991 1 406 435 436 407 2477 2535 2537 2479
2741 5 2 99991 1 2477 2535 2537 2479 2478 2536 2538 2480
2742 5 2 99991 1 2478 2536 2538 2480 1479 1508 1509 1480
2743 5 2 99991 1 407 436 437 408 2479 2537 2539 2481
2744 5 2 99991 1 2479 2537 2539 2481 2480 2538 2540 2482
2745 5 2 99991 1 2480 2538 2540 2482 1480 1509 1510 1481
2746 5 2 99991 1 408 437 438 409 2481 2539 2541 2483
2747 5 2 99991 1 2481 2539 2541 2483 2482 2540 2542 2484
2748 5 2 99991 1 2482 2540 2542 2484 1481 1510 1511 1482
2749 5 2 99991 1 409 438 439 410 2483 2541 2543 2485
2750 5 2 99991 1 2483 2541 2543 2485 2484 2542 2544 2486
2751 5 2 99991 1 2484 2542 2544 2486 1482 1511 1512 1483
2752 5 2 99991 1 410 439 440 411 2485 2543 2545 2487
2753 5 2 99991 1 2485 2543 2545 2487 2486 2544 2546 2488
2754 5 2 99991 1 2486 2544 2546 2488 1483 1512 1513 1484
2755 5 2 99991 1 411 440 441 412 2487 2545 2547 2489
2756 5 2 99991 1 2487 2545 2547 2489 2488 2546 2548 2490
2757 5 2 99991 1 2488 2546 2548 2490 1484 1513 1514 1485
2758 5 2 99991 1 412 441 442 413 2489 2547 2549 2491
2759 5 2 99991 1 2489 2547 2549 2491 2490 2548 2550 2492
2760 5 2 99991 1 2490 2548 2550 2492 1485 1514 1515 1486
2761 5 2 99991 1 413 442 443 414 2491 2549 2551 2493
2762 5 2 99991 1 2491 2549 2551 2493 2492 2550 2552 2494
2763 5 2 99991 1 2492 2550 2552 2494 1486 1515 1516 1487
2764 5 2 99991 1 414 443 444 415 2493 2551 2553 2495
2765 5 2 99991 1 2493 2551 2553 2495 2494 2552 2554 2496
2766 5 2 99991 1 2494 2552 2554 2496 1487 1516 1517 1488
2767 5 2 99991 1 415 444 445 416 2495 2553 2555 2497
2768 5 2 99991 1 2495 2553 2555 2497 2496 2554 2556 2498
2769 5 2 99991 1 2496 2554 2556 2498 1488 1517 1518 1489
2770 5 2 99991 1 416 445 446 417 2497 2555 2557 2499
2771 5 2 99991 1 2497 2555 2557 2499 2498 2556 2558 2500
2772 5 2 99991 1 2498 2556 2558 2500 1489 1518 1519 1490
2773 5 2 99991 1 417 446 447 418 2499 2557 2559 2501
2774 5 2 99991 1 2499 2557 2559 2501 2500 2558 2560 2502
2775 5 2 99991 1 2500 2558 2560 2502 1490 1519 1520 1491
2776 5 2 99991 1 418 447 448 419 2501 2559 2561 2503
2777 5 2 99991 1 2501 2559 2561 2503 2502 2560 2562 2504
2778 5 2 99991 1 2502 2560 2562 2504 1491 1520 1521 1492
2779 5 2 99991 1 419 448 449 420 2503 2561 2563 2505
2780 5 2 99991 1 2503 2561 2563 2505 2504 2562 2564 2506
2781 5 2 99991 1 2504 2562 2564 2506 1492 1521 1522 1493
2782 5 2 99991 1 420 449 450 421 2505 2563 2565 2507
2783 5 2 99991 1 2505 2563 2565 2507 2506 2564 2566 2508
2784 5 2 99991 1 2506 2564 2566 2508 1493 1522 1523 1494
2785 5 2 99991 1 421 450 451 422 2507 2565 2567 2509
2786 5 2 99991 1 2507 2565 2567 2509 2508 2566 2568 2510
2787 5 2 99991 1 2508 2566 2568 2510 1494 1523 1524 1495
2788 5 2 99991 1 422 451 89 90 2509 2567 1308 1310
2789 5 2 99991 1 2509 2567 1308 1310 2510 2568 1309 1311
2790 5 2 99991 1 2510 2568 1309 1311 1495 1524 234 235
2791 5 2 99991 1 15 16 452 423 1160 1162 2569 2511
2792 5 2 99991 1 1160 1162 2569 2511 1161 1163 2570 2512
2793 5 2 99991 1 1161 1163 2570 2512 160 161 1525 1496
2794 5 2 99991 1 423 452 453 424 2511 2569 2571 2513
2795 5 2 99991 1 2511 2569 2571 2513 2512 2570 2572 2514
2796 5 2 99991 1 2512 2570 2572 2514 1496 1525 1526 1497
2797 5 2 99991 1 424 453 454 425 2513 2571 2573 2515
2798 5 2 99991 1 2513 2571 2573 2515 2514 2572 2574 2516
2799 5 2 99991 1 2514 2572 2574 2516 1497 1526 1527 1498
2800 5 2 99991 1 425 454 455 426 2515 2573 2575 2517
2801 5 2 99991 1 2515 2573 2575 2517 2516 2574 2576 2518
2802 5 2 99991 1 2516 2574 2576 2518 1498 1527 1528 1499
2803 5 2 99991 1 426 455 456 427 2517 2575 2577 2519
2804 5 2 99991 1 2517 2575 2577 2519 2518 2576 2578 2520
2805 5 2 99991 1 2518 2576 2578 2520 1499 1528 1529 1500
2806 5 2 99991 1 427 456 457 428 2519 2577 2579 2521
2807 5 2 99991 1 2519 2577 2579 2521 2520 2578 2580 2522
2808 5 2 99991 1 2520 2578 2580 2522 1500 1529 1530 1501
2809 5 2 99991 1 428 457 458 429 2521 2579 2581 2523
2810 5 2 99991 1 2521 2579 2581 2523 2522 2580 2582 2524
2811 5 2 99991 1 2522 2580 2582 2524 1501 1530 1531 1502
2812 5 2 99991 1 429 458 459 430 2523 2581 2583 2525
2813 5 2 99991 1 2523 2581 2583 2525 2524 2582 2584 2526
2814 5 2 99991 1 2524 2582 2584 2526 1502 1531 1532 1503
2815 5 2 99991 1 430 459 460 431 2525 2583 2585 2527
2816 5 2 99991 1 2525 2583 2585 2527 2526 2584 2586 2528
2817 5 2 99991 1 2526 2584 2586 2528 1503 1532 1533 1504
2818 5 2 99991 1 431 460 461 432 2527 2585 2587 2529
2819 5 2 99991 1 2527 2585 2587 2529 2528 2586 2588 2530
2820 5 2 99991 1 2528 2586 2588 2530 1504 1533 1534 1505
2821 5 2 99991 1 432 461 462 433 2529 2587 2589 2531
2822 5 2 99991 1 2529 2587 2589 2531 2530 2588 2590 2532
2823 5 2 99991 1 2530 2588 2590 2532 1505 1534 1535 1506
2824 5 2 99991 1 433 462 463 434 2531 2589 2591 2533
2825 5 2 99991 1 2531 2589 2591 2533 2532 2590 2592 2534
2826 5 2 99991 1 2532 2590 2592 2534 1506 1535 1536 1507
2827 5 2 99991 1 434 463 464 435 2533 2591 2593 2535
2828 5 2 99991 1 2533 2591 2593 2535 2534 2592 2594 2536
2829 5 2 99991 1 2534 2592 2594 2536 1507 1536 1537 1508
2830 5 2 99991 1 435 464 465 436 2535 2593 2595 2537
2831 5 2 99991 1 2535 2593 2595 2537 2536 2594 2596 2538
2832 5 2 99991 1 2536 2594 2596 2538 1508 1537 1538 1509
2833 5 2 99991 1 436 465 466 437 2537 2595 2597 2539
2834 5 2 99991 1 2537 2595 2597 2539 2538 2596 2598 2540
2835 5 2 99991 1 2538 2596 2598 2540 1509 1538 1539 1510
2836 5 2 99991 1 437 466 467 438 2539 2597 2599 2541
2837 5 2 99991 1 2539 2597 2599 2541 2540 2598 2600 2542
2838 5 2 99991 1 2540 2598 2600 2542 1510 1539 1540 1511
2839 5 2 99991 1 438 467 468 439 2541 2599 2601 2543
2840 5 2 99991 1 2541 2599 2601 2543 2542 2600 2602 2544
2841 5 2 99991 1 2542 2600 2602 2544 1511 1540 1541 1512
2842 5 2 99991 1 439 468 469 440 2543 2601 2603 2545
2843 5 2 99991 1 2543 2601 2603 2545 2544 2602 2604 2546
2844 5 2 99991 1 2544 2602 2604 2546 1512 1541 1542 1513
2845 5 2 99991 1 440 469 470 441 2545 2603 2605 2547
2846 5 2 99991 1 2545 2603 2605 2547 2546 2604 2606 2548
2847 5 2 99991 1 2546 2604 2606 2548 1513 1542 1543 1514
2848 5 2 99991 1 441 470 471 442 2547 2605 2607 2549
2849 5 2 99991 1 2547 2605 2607 2549 2548 2606 2608 2550
2850 5 2 99991 1 2548 2606 2608 2550 1514 1543 1544 1515
2851 5 2 99991 1 442 471 472 443 2549 2607 2609 2551
2852 5 2 99991 1 2549 2607 2609 2551 2550 2608 2610 2552
2853 5 2 99991 1 2550 2608 2610 2552 1515 1544 1545 1516
2854 5 2 99991 1 443 472 473 444 2551 2609 2611 2553
2855 5 2 99991 1 2551 2609 2611 2553 2552 2610 2612 2554
2856 5 2 99991 1 2552 2610 2612 2554 1516 1545 1546 1517
2857 5 2 99991 1 444 473 474 445 2553 2611 2613 2555
2858 5 2 99991 1 2553 2611 2613 2555 2554 2612 2614 2556
2859 5 2 99991 1 2554 2612 2614 2556 1517 1546 1547 1518
2860 5 2 99991 1 445 474 475 446 2555 2613 2615 2557
2861 5 2 99991 1 2555 2613 2615 2557 2556 2614 2616 2558
2862 5 2 99991 1 2556 2614 2616 2558 1518 1547 1548 1519
2863 5 2 99991 1 446 475 476 447 2557 2615 2617 2559
2864 5 2 99991 1 2557 2615 2617 2559 2558 2616 2618 2560
2865 5 2 99991 1 2558 2616 2618 2560 1519 1548 1549 1520
2866 5 2 99991 1 447 476 477 448 2559 2617 2619 2561
2867 5 2 99991 1 2559 2617 2619 2561 2560 2618 2620 2562
2868 5 2 99991 1 2560 2618 2620 2562 1520 1549 1550 1521
2869 5 2 99991 1 448 477 478 449 2561 2619 2621 2563
2870 5 2 99991 1 2561 2619 2621 2563 2562 2620 2622 2564
2871 5 2 99991 1 2562 2620 2622 2564 1521 1550 1551 1522
2872 5 2 99991 1 449 478 479 450 2563 2621 2623 2565
2873 5 2 99991 1 2563 2621 2623 2565 2564 2622 2624 2566
2874 5 2 99991 1 2564 2622 2624 2566 1522 1551 1552 1523
2875 5 2 99991 1 450 479 480 451 2565 2623 2625 2567
2876 5 2 99991 1 2565 2623 2625 2567 2566 2624 2626 2568
2877 5 2 99991 1 2566 2624 2626 2568 1523 1552 1553 1524
2878 5 2 99991 1 451 480 88 89 2567 2625 1306 1308
2879 5 2 99991 1 2567 2625 1306 1308 2568 2626 1307 1309
2880 5 2 99991 1 2568 2626 1307 1309 1524 1553 233 234
2881 5 2 99991 1 16 17 481 452 1162 1164 2627 2569
2882 5 2 99991 1 1162 1164 2627 2569 1163 1165 2628 2570
2883 5 2 99991 1 1163 1165 2628 2570 161 162 1554 1525
2884 5 2 99991 1 452 481 482 453 2569 2627 2629 2571
2885 5 2 99991 1 2569 2627 2629 2571 2570 2628 2630 2572
2886 5 2 99991 1 2570 2628 2630 2572 1525 1554 1555 1526
2887 5 2 99991 1 453 482 483 454 2571 2629 2631 2573
2888 5 2 99991 1 2571 2629 2631 2573 2572 2630 2632 2574
2889 5 2 99991 1 2572 2630 2632 2574 1526 1555 1556 1527
2890 5 2 99991 1 454 483 484 455 2573 2631 2633 2575
2891 5 2 99991 1 2573 2631 2633 2575 2574 2632 2634 2576
2892 5 2 99991 1 2574 2632 2634 2576 1527 1556 1557 1528
2893 5 2 99991 1 455 484 485 456 2575 2633 2635 2577
2894 5 2 99991 1 2575 2633 2635 2577 2576 2634 2636 2578
2895 5 2 99991 1 2576 2634 2636 2578 1528 1557 1558 1529
2896 5 2 99991 1 456 485 486 457 2577 2635 2637 2579
2897 5 2 99991 1 2577 2635 2637 2579 2578 2636 2638 2580
2898 5 2 99991 1 2578 2636 2638 2580 1529 1558 1559 1530
2899 5 2 99991 1 457 486 487 458 2579 2637 2639 2581
2900 5 2 99991 1 2579 2637 2639 2581 2580 2638 2640 2582
2901 5 2 99991 1 2580 2638 2640 2582 1530 1559 1560 1531
2902 5 2 99991 1 458 487 488 459 2581 2639 2641 2583
2903 5 2 99991 1 2581 2639 2641 2583 2582 2640 2642 2584
2904 5 2 99991 1 2582 2640 2642 2584 1531 1560 1561 1532
2905 5 2 99991 1 459 488 489 460 2583 2641 2643 2585
2906 5 2 99991 1 2583 2641 2643 2585 2584 2642 2644 2586
2907 5 2 99991 1 2584 2642 2644 2586 1532 1561 1562 1533
2908 5 2 99991 1 460 489 490 461 2585 2643 2645 2587
2909 5 2 99991 1 2585 2643 2645 2587 2586 2644 2646 2588
2910 5 2 99991 1 2586 2644 2646 2588 1533 1562 1563 1534
2911 5 2 99991 1 461 490 491 462 2587 2645 2647 2589
2912 5 2 99991 1 2587 2645 2647 2589 2588 2646 2648 2590
2913 5 2 99991 1 2588 2646 2648 2590 1534 1563 1564 1535
2914 5 2 99991 1 462 491 492 463 2589 2647 2649 2591
2915 5 2 99991 1 2589 2647 2649 2591 2590 2648 2650 2592
2916 5 2 99991 1 2590 2648 2650 2592 1535 1564 1565 1536
2917 5 2 99991 1 463 492 493 464 2591 2649 2651 2593
2918 5 2 99991 1 2591 2649 2651 2593 2592 2650 2652 2594
2919 5 2 99991 1 2592 2650 2652 2594 1536 1565 1566 1537
2920 5 2 99991 1 464 493 494 465 2593 2651 2653 2595
2921 5 2 99991 1 2593 2651 2653 2595 2594 2652 2654 2596
2922 5 2 99991 1 2594 2652 2654 2596 1537 1566 1567 1538
2923 5 2 99991 1 465 494 495 466 2595 2653 2655 2597
2924 5 2 99991 1 2595 2653 2655 2597 2596 2654 2656 2598
2925 5 2 99991 1 2596 2654 2656 2598 1538 1567 1568 1539
2926 5 2 99991 1 466 495 496 467 2597 2655 2657 2599
2927 5 2 99991 1 2597 2655 2657 2599 2598 2656 2658 2600
2928 5 2 99991 1 2598 2656 2658 2600 1539 1568 1569 1540
2929 5 2 99991 1 467 496 497 468 2599 2657 2659 2601
2930 5 2 99991 1 2599 2657 2659 2601 2600 2658 2660 2602
2931 5 2 99991 1 2600 2658 2660 2602 1540 1569 1570 1541
2932 5 2 99991 1 468 497 498 469 2601 2659 2661 2603
2933 5 2 99991 1 2601 2659 2661 2603 2602 2660 2662 2604
2934 5 2 99991 1 2602 2660 2662 2604 1541 1570 1571 1542
2935 5 2 99991 1 469 498 499 470 2603 2661 2663 2605
2936 5 2 99991 1 2603 2661 2663 2605 2604 2662 2664 2606
2937 5 2 99991 1 2604 2662 2664 2606 1542 1571 1572 1543
2938 5 2 99991 1 470 499 500 471 2605 2663 2665 2607
2939 5 2 99991 1 2605 2663 2665 2607 2606 2664 2666 2608
2940 5 2 99991 1 2606 2664 2666 2608 1543 1572 1573 1544
2941 5 2 99991 1 471 500 501 472 2607 2665 2667 2609
2942 5 2 99991 1 2607 2665 2667 2609 2608 2666 2668 2610
2943 5 2 99991 1 2608 2666 2668 2610 1544 1573 1574 1545
2944 5 2 99991 1 472 501 502 473 2609 2667 2669 2611
2945 5 2 99991 1 2609 2667 2669 2611 2610 2668 2670 2612
2946 5 2 99991 1 2610 2668 2670 2612 1545 1574 1575 1546
2947 5 2 99991 1 473 502 503 474 2611 2669 2671 2613
2948 5 2 99991 1 2611 2669 2671 2613 2612 2670 2672 2614
2949 5 2 99991 1 2612 2670 2672 2614 1546 1575 1576 1547
2950 5 2 99991 1 474 503 504 475 2613 2671 2673 2615
2951 5 2 99991 1 2613 2671 2673 2615 2614 2672 2674 2616
2952 5 2 99991 1 2614 2672 2674 2616 1547 1576 1577 1548
2953 5 2 99991 1 475 504 505 476 2615 2673 2675 2617
2954 5 2 99991 1 2615 2673 2675 2617 2616 2674 2676 2618
2955 5 2 99991 1 2616 2674 2676 2618 1548 1577 1578 1549
2956 5 2 99991 1 476 505 506 477 2617 2675 2677 2619
2957 5 2 99991 1 2617 2675 2677 2619 2618 2676 2678 2620
2958 5 2 99991 1 2618 2676 2678 2620 1549 1578 1579 1550
2959 5 2 99991 1 477 506 507 478 2619 2677 2679 2621
2960 5 2 99991 1 2619 2677 2679 2621 2620 2678 2680 2622
2961 5 2 99991 1 2620 2678 2680 2622 1550 1579 1580 1551
2962 5 2 99991 1 478 507 508 479 2621 2679 2681 2623
2963 5 2 99991 1 2621 2679 2681 2623 2622 2680 2682 2624
2964 5 2 99991 1 2622 2680 2682 2624 1551 1580 1581 1552
2965 5 2 99991 1 479 508 509 480 2623 2681 2683 2625
2966 5 2 99991 1 2623 2681 2683 2625 2624 2682 2684 2626
2967 5 2 99991 1 2624 2682 2684 2626 1552 1581 1582 1553
2968 5 2 99991 1 480 509 87 88 2625 2683 1304 1306
2969 5 2 99991 1 2625 2683 1304 1306 2626 2684 1305 1307
2970 5 2 99991 1 2626 2684 1305 1307 1553 1582 232 233
2971 5 2 99991 1 17 18 510 481 1164 1166 2685 2627
2972 5 2 99991 1 1164 1166 2685 2627 1165 1167 2686 2628
2973 5 2 99991 1 1165 1167 2686 2628 162 163 1583 1554
2974 5 2 99991 1 481 510 511 482 2627 2685 2687 2629
2975 5 2 99991 1 2627 2685 2687 2629 2628 2686 2688 2630
2976 5 2 99991 1 2628 2686 2688 2630 1554 1583 1584 1555
2977 5 2 99991 1 482 511 512 483 2629 2687 2689 2631
2978 5 2 99991 1 2629 2687 2689 2631 2630 2688 2690 2632
2979 5 2 99991 1 2630 2688 2690 2632 1555 1584 1585 1556
2980 5 2 99991 1 483 512 513 484 2631 2689 2691 2633
2981 5 2 99991 1 2631 2689 2691 2633 2632 2690 2692 2634
2982 5 2 99991 1 2632 2690 2692 2634 1556 1585 1586 1557
2983 5 2 99991 1 484 513 514 485 2633 2691 2693 2635
2984 5 2 99991 1 2633 2691 2693 2635 2634 2692 2694 2636
2985 5 2 99991 1 2634 2692 2694 2636 1557 1586 1587 1558
2986 5 2 99991 1 485 514 515 486 2635 2693 2695 2637
2987 5 2 99991 1 2635 2693 2695 2637 2636 2694 2696 2638
2988 5 2 99991 1 2636 2694 2696 2638 1558 1587 1588 1559
2989 5 2 99991 1 486 515 516 487 2637 2695 2697 2639
2990 5 2 99991 1 2637 2695 2697 2639 2638 2696 2698 2640
2991 5 2 99991 1 2638 2696 2698 2640 1559 1588 1589 1560
2992 5 2 99991 1 487 516 517 488 2639 2697 2699 2641
2993 5 2 99991 1 2639 2697 2699 2641 2640 2698 2700 2642
2994 5 2 99991 1 2640 2698 2700 2642 1560 1589 1590 1561
2995 5 2 99991 1 488 517 518 489 2641 2699 2701 2643
2996 5 2 99991 1 2641 2699 2701 2643 2642 2700 2702 2644
2997 5 2 99991 1 2642 2700 2702 2644 1561 1590 1591 1562
2998 5 2 99991 1 489 518 519 490 2643 2701 2703 2645
2999 5 2 99991 1 2643 2701 2703 2645 2644 2702 2704 2646
3000 5 2 99991 1 2644 2702 2704 2646 1562 1591 1592 1563
3001 5 2 99991 1 490 519 520 491 2645 2703 2705 2647
3002 5 2 99991 1 2645 2703 2705 2647 2646 2704 2706 2648
3003 5 2 99991 1 2646 2704 2706 2648 1563 1592 1593 1564
3004 5 2 99991 1 491 520 521 492 2647 2705 2707 2649
3005 5 2 99991 1 2647 2705 2707 2649 2648 2706 2708 2650
3006 5 2 99991 1 2648 2706 2708 2650 1564 1593 1594 1565
3007 5 2 99991 1 492 521 522 493 2649 2707 2709 2651
3008 5 2 99991 1 2649 2707 2709 2651 2650 2708 2710 2652
3009 5 2 99991 1 2650 2708 2710 2652 1565 1594 1595 1566
3010 5 2 99991 1 493 522 523 494 2651 2709 2711 2653
3011 5 2 99991 1 2651 2709 2711 2653 2652 2710 2712 2654
3012 5 2 99991 1 2652 2710 2712 2654 1566 1595 1596 1567
3013 5 2 99991 1 494 523 524 495 2653 2711 2713 2655
3014 5 2 99991 1 2653 2711 2713 2655 2654 2712 2714 2656
3015 5 2 99991 1 2654 2712 2714 2656 1567 1596 1597 1568
3016 5 2 99991 1 495 524 525 496 2655 2713 2715 2657
3017 5 2 99991 1 2655 2713 2715 2657 2656 2714 2716 2658
3018 5 2 99991 1 2656 2714 2716 2658 1568 1597 1598 1569
3019 5 2 99991 1 496 525 526 497 2657 2715 2717 2659
3020 5 2 99991 1 2657 2715 2717 2659 2658 2716 2718 2660
3021 5 2 99991 1 2658 2716 2718 2660 1569 1598 1599 1570
3022 5 2 99991 1 497 526 527 498 2659 2717 2719 2661
3023 5 2 99991 1 2659 2717 2719 2661 2660 2718 2720 2662
3024 5 2 99991 1 2660 2718 2720 2662 1570 1599 1600 1571
3025 5 2 99991 1 498 527 528 499 2661 2719 2721 2663
3026 5 2 99991 1 2661 2719 2721 2663 2662 2720 2722 2664
3027 5 2 99991 1 2662 2720 2722 2664 1571 1600 1601 1572
3028 5 2 99991 1 499 528 529 500 2663 2721 2723 2665
3029 5 2 99991 1 2663 2721 2723 2665 2664 2722 2724 2666
3030 5 2 99991 1 2664 2722 2724 2666 1572 1601 1602 1573
3031 5 2 99991 1 500 529 530 501 2665 2723 2725 2667
3032 5 2 99991 1 2665 2723 2725 2667 2666 2724 2726 2668
3033 5 2 99991 1 2666 2724 2726 2668 1573 1602 1603 1574
3034 5 2 99991 1 501 530 531 502 2667 2725 2727 2669
3035 5 2 99991 1 2667 2725 2727 2669 2668 2726 2728 2670
3036 5 2 99991 1 2668 2726 2728 2670 1574 1603 1604 1575
3037 5 2 99991 1 502 531 532 503 2669 2727 2729 2671
3038 5 2 99991 1 2669 2727 2729 2671 2670 2728 2730 2672
3039 5 2 99991 1 2670 2728 2730 2672 1575 1604 1605 1576
3040 5 2 99991 1 503 532 533 504 2671 2729 2731 2673
3041 5 2 99991 1 2671 2729 2731 2673 2672 2730 2732 2674
3042 5 2 99991 1 2672 2730 2732 2674 1576 1605 1606 1577
3043 5 2 99991 1 504 533 534 505 2673 2731 2733 2675
3044 5 2 99991 1 2673 2731 2733 2675 2674 2732 2734 2676
3045 5 2 99991 1 2674 2732 2734 2676 1577 1606 1607 1578
3046 5 2 99991 1 505 534 535 506 2675 2733 2735 2677
3047 5 2 99991 1 2675 2733 2735 2677 2676 2734 2736 2678
3048 5 2 99991 1 2676 2734 2736 2678 1578 1607 1608 1579
3049 5 2 99991 1 506 535 536 507 2677 2735 2737 2679
3050 5 2 99991 1 2677 2735 2737 2679 2678 2736 2738 2680
3051 5 2 99991 1 2678 2736 2738 2680 1579 1608 1609 1580
3052 5 2 99991 1 507 536 537 508 2679 2737 2739 2681
3053 5 2 99991 1 2679 2737 2739 2681 2680 2738 2740 2682
3054 5 2 99991 1 2680 2738 2740 2682 1580 1609 1610 1581
3055 5 2 99991 1 508 537 538 509 2681 2739 2741 2683
3056 5 2 99991 1 2681 2739 2741 2683 2682 2740 2742 2684
3057 5 2 99991 1 2682 2740 2742 2684 1581 1610 1611 1582
3058 5 2 99991 1 509 538 86 87 2683 2741 1302 1304
3059 5 2 99991 1 2683 2741 1302 1304 2684 2742 1303 1305
3060 5 2 99991 1 2684 2742 1303 1305 1582 1611 231 232
3061 5 2 99991 1 18 19 539 510 1166 1168 2743 2685
3062 5 2 99991 1 1166 1168 2743 2685 1167 1169 2744 2686
3063 5 2 99991 1 1167 1169 2744 2686 163 164 1612 1583
3064 5 2 99991 1 510 539 540 511 2685 2743 2745 2687
3065 5 2 99991 1 2685 2743 2745 2687 2686 2744 2746 2688
3066 5 2 99991 1 2686 2744 2746 2688 1583 1612 1613 1584
3067 5 2 99991 1 511 540 541 512 2687 2745 2747 2689
3068 5 2 99991 1 2687 2745 2747 2689 2688 2746 2748 2690
3069 5 2 99991 1 2688 2746 2748 2690 1584 1613 1614 1585
3070 5 2 99991 1 512 541 542 513 2689 2747 2749 2691
3071 5 2 99991 1 2689 2747 2749 2691 2690 2748 2750 2692
3072 5 2 99991 1 2690 2748 2750 2692 1585 1614 1615 1586
3073 5 2 99991 1 513 542 543 514 2691 2749 2751 2693
3074 5 2 99991 1 2691 2749 2751 2693 2692 2750 2752 2694
3075 5 2 99991 1 2692 2750 2752 2694 1586 1615 1616 1587
3076 5 2 99991 1 514 543 544 515 2693 2751 2753 2695
3077 5 2 99991 1 2693 2751 2753 2695 2694 2752 2754 2696
3078 5 2 99991 1 2694 2752 2754 2696 1587 1616 1617 1588
3079 5 2 99991 1 515 544 545 516 2695 2753 2755 2697
3080 5 2 99991 1 2695 2753 2755 2697 2696 2754 2756 2698
3081 5 2 99991 1 2696 2754 2756 2698 1588 1617 1618 1589
3082 5 2 99991 1 516 545 546 517 2697 2755 2757 2699
3083 5 2 99991 1 2697 2755 2757 2699 2698 2756 2758 2700
3084 5 2 99991 1 2698 2756 2758 2700 1589 1618 1619 1590
3085 5 2 99991 1 517 546 547 518 2699 2757 2759 2701
3086 5 2 99991 1 2699 2757 2759 2701 2700 2758 2760 2702
3087 5 2 99991 1 2700 2758 2760 2702 1590 1619 1620 1591
3088 5 2 99991 1 518 547 548 519 2701 2759 2761 2703
3089 5 2 99991 1 2701 2759 2761 2703 2702 2760 2762 2704
3090 5 2 99991 1 2702 2760 2762 2704 1591 1620 1621 1592
3091 5 2 99991 1 519 548 549 520 2703 2761 2763 2705
3092 5 2 99991 1 2703 2761 2763 2705 2704 2762 2764 2706
3093 5 2 99991 1 2704 2762 2764 2706 1592 1621 1622 1593
3094 5 2 99991 1 520 549 550 521 2705 2763 2765 2707
3095 5 2 99991 1 2705 2763 2765 2707 2706 2764 2766 2708
3096 5 2 99991 1 2706 2764 2766 2708 1593 1622 1623 1594
3097 5 2 99991 1 521 550 551 522 2707 2765 2767 2709
3098 5 2 99991 1 2707 2765 2767 2709 2708 2766 2768 2710
3099 5 2 99991 1 2708 2766 2768 2710 1594 1623 1624 1595
3100 5 2 99991 1 522 551 552 523 2709 2767 2769 2711
3101 5 2 99991 1 2709 2767 2769 2711 2710 2768 2770 2712
3102 5 2 99991 1 2710 2768 2770 2712 1595 1624 1625 1596
3103 5 2 99991 1 523 552 553 524 2711 2769 2771 2713
3104 5 2 99991 1 2711 2769 2771 2713 2712 2770 2772 2714
3105 5 2 99991 1 2712 2770 2772 2714 1596 1625 1626 1597
3106 5 2 99991 1 524 553 554 525 2713 2771 2773 2715
3107 5 2 99991 1 2713 2771 2773 2715 2714 2772 2774 2716
3108 5 2 99991 1 2714 2772 2774 2716 1597 1626 1627 1598
3109 5 2 99991 1 525 554 555 526 2715 2773 2775 2717
3110 5 2 99991 1 2715 2773 2775 2717 2716 2774 2776 2718
3111 5 2 99991 1 2716 2774 2776 2718 1598 1627 1628 1599
3112 5 2 99991 1 526 555 556 527 2717 2775 2777 2719
3113 5 2 99991 1 2717 2775 2777 2719 2718 2776 2778 2720
3114 5 2 99991 1 2718 2776 2778 2720 1599 1628 1629 1600
3115 5 2 99991 1 527 556 557 528 2719 2777 2779 2721
3116 5 2 99991 1 2719 2777 2779 2721 2720 2778 2780 2722
3117 5 2 99991 1 2720 2778 2780 2722 1600 1629 1630 1601
3118 5 2 99991 1 528 557 558 529 2721 2779 2781 2723
3119 5 2 99991 1 2721 2779 2781 2723 2722 2780 2782 2724
3120 5 2 99991 1 2722 2780 2782 2724 1601 1630 1631 1602
3121 5 2 99991 1 529 558 559 530 2723 2781 2783 2725
3122 5 2 99991 1 2723 2781 2783 2725 2724 2782 2784 2726
3123 5 2 99991 1 2724 2782 2784 2726 1602 1631 1632 1603
3124 5 2 99991 1 530 559 560 531 2725 2783 2785 2727
3125 5 2 99991 1 2725 2783 2785 2727 2726 2784 2786 2728
3126 5 2 99991 1 2726 2784 2786 2728 1603 1632 1633 1604
3127 5 2 99991 1 531 560 561 532 2727 2785 2787 2729
3128 5 2 99991 1 2727 2785 2787 2729 2728 2786 2788 2730
3129 5 2 99991 1 2728 2786 2788 2730 1604 1633 1634 1605
3130 5 2 99991 1 532 561 562 533 2729 2787 2789 2731
3131 5 2 99991 1 2729 2787 2789 2731 2730 2788 2790 2732
3132 5 2 99991 1 2730 2788 2790 2732 1605 1634 1635 1606
3133 5 2 99991 1 533 562 563 534 2731 2789 2791 2733
3134 5 2 99991 1 2731 2789 2791 2733 2732 2790 2792 2734
3135 5 2 99991 1 2732 2790 2792 2734 1606 1635 1636 1607
3136 5 2 99991 1 534 563 564 535 2733 2791 2793 2735
3137 5 2 99991 1 2733 2791 2793 2735 2734 2792 2794 2736
3138 5 2 99991 1 2734 2792 2794 2736 1607 1636 1637 1608
3139 5 2 99991 1 535 564 565 536 2735 2793 2795 2737
3140 5 2 99991 1 2735 2793 2795 2737 2736 2794 2796 2738
3141 5 2 99991 1 2736 2794 2796 2738 1608 1637 1638 1609
3142 5 2 99991 1 536 565 566 537 2737 2795 2797 2739
3143 5 2 99991 1 2737 2795 2797 2739 2738 2796 2798 2740
3144 5 2 99991 1 2738 2796 2798 2740 1609 1638 1639 1610
3145 5 2 99991 1 537 566 567 538 2739 2797 2799 2741
3146 5 2 99991 1 2739 2797 2799 2741 2740 2798 2800 2742
3147 5 2 99991 1 2740 2798 2800 2742 1610 1639 1640 1611
3148 5 2 99991 1 538 567 85 86 2741 2799 1300 1302
3149 5 2 99991 1 2741 2799 1300 1302 2742 2800 1301 1303
3150 5 2 99991 1 2742 2800 1301 1303 1611 1640 230 231
3151 5 2 99991 1 19 20 568 539 1168 1170 2801 2743
3152 5 2 99991 1 1168 1170 2801 2743 1169 1171 2802 2744
3153 5 2 99991 1 1169 1171 2802 2744 164 165 1641 1612
3154 5 2 99991 1 539 568 569 540 2743 2801 2803 2745
3155 5 2 99991 1 2743 2801 2803 2745 2744 2802 2804 2746
3156 5 2 99991 1 2744 2802 2804 2746 1612 1641 1642 1613
3157 5 2 99991 1 540 569 570 541 2745 2803 2805 2747
3158 5 2 99991 1 2745 2803 2805 2747 2746 2804 2806 2748
3159 5 2 99991 1 2746 2804 2806 2748 1613 1642 1643 1614
3160 5 2 99991 1 541 570 571 542 2747 2805 2807 2749
3161 5 2 99991 1 2747 2805 2807 2749 2748 2806 2808 2750
3162 5 2 99991 1 2748 2806 2808 2750 1614 1643 1644 1615
3163 5 2 99991 1 542 571 572 543 2749 2807 2809 2751
3164 5 2 99991 1 2749 2807 2809 2751 2750 2808 2810 2752
3165 5 2 99991 1 2750 2808 2810 2752 1615 1644 1645 1616
3166 5 2 99991 1 543 572 573 544 2751 2809 2811 2753
3167 5 2 99991 1 2751 2809 2811 2753 2752 2810 2812 2754
3168 5 2 99991 1 2752 2810 2812 2754 1616 1645 1646 1617
3169 5 2 99991 1 544 573 574 545 2753 2811 2813 2755
3170 5 2 99991 1 2753 2811 2813 2755 2754 2812 2814 2756
3171 5 2 99991 1 2754 2812 2814 2756 1617 1646 1647 1618
3172 5 2 99991 1 545 574 575 546 2755 2813 2815 2757
3173 5 2 99991 1 2755 2813 2815 2757 2756 2814 2816 2758
3174 5 2 99991 1 2756 2814 2816 2758 1618 1647 1648 1619
3175 5 2 99991 1 546 575 576 547 2757 2815 2817 2759
3176 5 2 99991 1 2757 2815 2817 2759 2758 2816 2818 2760
3177 5 2 99991 1 2758 2816 2818 2760 1619 1648 1649 1620
3178 5 2 99991 1 547 576 577 548 2759 2817 2819 2761
3179 5 2 99991 1 2759 2817 2819 2761 2760 2818 2820 2762
3180 5 2 99991 1 2760 2818 2820 2762 1620 1649 1650 1621
3181 5 2 99991 1 548 577 578 549 2761 2819 2821 2763
3182 5 2 99991 1 2761 2819 2821 2763 2762 2820 2822 2764
3183 5 2 99991 1 2762 2820 2822 2764 1621 1650 1651 1622
3184 5 2 99991 1 549 578 579 550 2763 2821 2823 2765
3185 5 2 99991 1 2763 2821 2823 2765 2764 2822 2824 2766
3186 5 2 99991 1 2764 2822 2824 2766 1622 1651 1652 1623
3187 5 2 99991 1 550 579 580 551 2765 2823 2825 2767
3188 5 2 99991 1 2765 2823 2825 2767 2766 2824 2826 2768
3189 5 2 99991 1 2766 2824 2826 2768 1623 1652 1653 1624
3190 5 2 99991 1 551 580 581 552 2767 2825 2827 2769
3191 5 2 99991 1 2767 2825 2827 2769 2768 2826 2828 2770
3192 5 2 99991 1 2768 2826 2828 2770 1624 1653 1654 1625
3193 5 2 99991 1 552 581 582 553 2769 2827 2829 2771
3194 5 2 99991 1 2769 2827 2829 2771 2770 2828 2830 2772
3195 5 2 99991 1 2770 2828 2830 2772 1625 1654 1655 1626
3196 5 2 99991 1 553 582 583 554 2771 2829 2831 2773
3197 5 2 99991 1 2771 2829 2831 2773 2772 2830 2832 2774
3198 5 2 99991 1 2772 2830 2832 2774 1626 1655 1656 1627
3199 5 2 99991 1 554 583 584 555 2773 2831 2833 2775
3200 5 2 99991 1 2773 2831 2833 2775 2774 2832 2834 2776
3201 5 2 99991 1 2774 2832 2834 2776 1627 1656 1657 1628
3202 5 2 99991 1 555 584 585 556 2775 2833 2835 2777
3203 5 2 99991 1 2775 2833 2835 2777 2776 2834 2836 2778
3204 5 2 99991 1 2776 2834 2836 2778 1628 1657 1658 1629
3205 5 2 99991 1 556 585 586 557 2777 2835 2837 2779
3206 5 2 99991 1 2777 2835 2837 2779 2778 2836 2838 2780
3207 5 2 99991 1 2778 2836 2838 2780 1629 1658 1659 1630
3208 5 2 99991 1 557 586 587 558 2779 2837 2839 2781
3209 5 2 99991 1 2779 2837 2839 2781 2780 2838 2840 2782
3210 5 2 99991 1 2780 2838 2840 2782 1630 1659 1660 1631
3211 5 2 99991 1 558 587 588 559 2781 2839 2841 2783
3212 5 2 99991 1 2781 2839 2841 2783 2782 2840 2842 2784
3213 5 2 99991 1 2782 2840 2842 2784 1631 1660 1661 1632
3214 5 2 99991 1 559 588 589 560 2783 2841 2843 2785
3215 5 2 99991 1 2783 2841 2843 2785 2784 2842 2844 2786
3216 5 2 99991 1 2784 2842 2844 2786 1632 1661 1662 1633
3217 5 2 99991 1 560 589 590 561 2785 2843 2845 2787
3218 5 2 99991 1 2785 2843 2845 2787 2786 2844 2846 2788
3219 5 2 99991 1 2786 2844 2846 2788 1633 1662 1663 1634
3220 5 2 99991 1 561 590 591 562 2787 2845 2847 2789
3221 5 2 99991 1 2787 2845 2847 2789 2788 2846 2848 2790
3222 5 2 99991 1 2788 2846 2848 2790 1634 1663 1664 1635
3223 5 2 99991 1 562 591 592 563 2789 2847 2849 2791
3224 5 2 99991 1 2789 2847 2849 2791 2790 2848 2850 2792
3225 5 2 99991 1 2790 2848 2850 2792 1635 1664 1665 1636
3226 5 2 99991 1 563 592 593 564 2791 2849 2851 2793
3227 5 2 99991 1 2791 2849 2851 2793 2792 2850 2852 2794
3228 5 2 99991 1 2792 2850 2852 2794 1636 1665 1666 1637
3229 5 2 99991 1 564 593 594 565 2793 2851 2853 2795
3230 5 2 99991 1 2793 2851 2853 2795 2794 2852 2854 2796
3231 5 2 99991 1 2794 2852 2854 2796 1637 1666 1667 1638
3232 5 2 99991 1 565 594 595 566 2795 2853 2855 2797
3233 5 2 99991 1 2795 2853 2855 2797 2796 2854 2856 2798
3234 5 2 99991 1 2796 2854 2856 2798 1638 1667 1668 1639
3235 5 2 99991 1 566 595 596 567 2797 2855 2857 2799
3236 5 2 99991 1 2797 2855 2857 2799 2798 2856 2858 2800
3237 5 2 99991 1 2798 2856 2858 2800 1639 1668 1669 1640
3238 5 2 99991 1 567 596 84 85 2799 2857 1298 1300
3239 5 2 99991 1 2799 2857 1298 1300 2800 2858 1299 1301
3240 5 2 99991 1 2800 2858 1299 1301 1640 1669 229 230
3241 5 2 99991 1 20 21 597 568 1170 1172 2859 2801
3242 5 2 99991 1 1170 1172 2859 2801 1171 1173 2860 2802
3243 5 2 99991 1 1171 1173 2860 2802 165 166 1670 1641
3244 5 2 99991 1 568 597 598 569 2801 2859 2861 2803
3245 5 2 99991 1 2801 2859 2861 2803 2802 2860 2862 2804
3246 5 2 99991 1 2802 2860 2862 2804 1641 1670 1671 1642
3247 5 2 99991 1 569 598 599 570 2803 2861 2863 2805
3248 5 2 99991 1 2803 2861 2863 2805 2804 2862 2864 2806
3249 5 2 99991 1 2804 2862 2864 2806 1642 1671 1672 1643
3250 5 2 99991 1 570 599 600 571 2805 2863 2865 2807
3251 5 2 99991 1 2805 2863 2865 2807 2806 2864 2866 2808
3252 5 2 99991 1 2806 2864 2866 2808 1643 1672 1673 1644
3253 5 2 99991 1 571 600 601 572 2807 2865 2867 2809
3254 5 2 99991 1 2807 2865 2867 2809 2808 2866 2868 2810
3255 5 2 99991 1 2808 2866 2868 2810 1644 1673 1674 1645
3256 5 2 99991 1 572 601 602 573 2809 2867 2869 2811
3257 5 2 99991 1 2809 2867 2869 2811 2810 2868 2870 2812
3258 5 2 99991 1 2810 2868 2870 2812 1645 1674 1675 1646
3259 5 2 99991 1 573 602 603 574 2811 2869 2871 2813
3260 5 2 99991 1 2811 2869 2871 2813 2812 2870 2872 2814
3261 5 2 99991 1 2812 2870 2872 2814 1646 1675 1676 1647
3262 5 2 99991 1 574 603 604 575 2813 2871 2873 2815
3263 5 2 99991 1 2813 2871 2873 2815 2814 2872 2874 2816
3264 5 2 99991 1 2814 2872 2874 2816 1647 1676 1677 1648
3265 5 2 99991 1 575 604 605 576 2815 2873 2875 2817
3266 5 2 99991 1 2815 2873 2875 2817 2816 2874 2876 2818
3267 5 2 99991 1 2816 2874 2876 2818 1648 1677 1678 1649
3268 5 2 99991 1 576 605 606 577 2817 2875 2877 2819
3269 5 2 99991 1 2817 2875 2877 2819 2818 2876 2878 2820
3270 5 2 99991 1 2818 2876 2878 2820 1649 1678 1679 1650
3271 5 2 99991 1 577 606 607 578 2819 2877 2879 2821
3272 5 2 99991 1 2819 2877 2879 2821 2820 2878 2880 2822
3273 5 2 99991 1 2820 2878 2880 2822 1650 1679 1680 1651
3274 5 2 99991 1 578 607 608 579 2821 2879 2881 2823
3275 5 2 99991 1 2821 2879 2881 2823 2822 2880 2882 2824
3276 5 2 99991 1 2822 2880 2882 2824 1651 1680 1681 1652
3277 5 2 99991 1 579 608 609 580 2823 2881 2883 2825
3278 5 2 99991 1 2823 2881 2883 2825 2824 2882 2884 2826
3279 5 2 99991 1 2824 2882 2884 2826 1652 1681 1682 1653
3280 5 2 99991 1 580 609 610 581 2825 2883 2885 2827
3281 5 2 99991 1 2825 2883 2885 2827 2826 2884 2886 2828
3282 5 2 99991 1 2826 2884 2886 2828 1653 1682 1683 1654
3283 5 2 99991 1 581 610 611 582 2827 2885 2887 2829
3284 5 2 99991 1 2827 2885 2887 2829 2828 2886 2888 2830
3285 5 2 99991 1 2828 2886 2888 2830 1654 1683 1684 1655
3286 5 2 99991 1 582 611 612 583 2829 2887 2889 2831
3287 5 2 99991 1 2829 2887 2889 2831 2830 2888 2890 2832
3288 5 2 99991 1 2830 2888 2890 2832 1655 1684 1685 1656
3289 5 2 99991 1 583 612 613 584 2831 2889 2891 2833
3290 5 2 99991 1 2831 2889 2891 2833 2832 2890 2892 2834
3291 5 2 99991 1 2832 2890 2892 2834 1656 1685 1686 1657
3292 5 2 99991 1 584 613 614 585 2833 2891 2893 2835
3293 5 2 99991 1 2833 2891 2893 2835 2834 2892 2894 2836
3294 5 2 99991 1 2834 2892 2894 2836 1657 1686 1687 1658
3295 5 2 99991 1 585 614 615 586 2835 2893 2895 2837
3296 5 2 99991 1 2835 2893 2895 2837 2836 2894 2896 2838
3297 5 2 99991 1 2836 2894 2896 2838 1658 1687 1688 1659
3298 5 2 99991 1 586 615 616 587 2837 2895 2897 2839
3299 5 2 99991 1 2837 2895 2897 2839 2838 2896 2898 2840
3300 5 2 99991 1 2838 2896 2898 2840 1659 1688 1689 1660
3301 5 2 99991 1 587 616 617 588 2839 2897 2899 2841
3302 5 2 99991 1 2839 2897 2899 2841 2840 2898 2900 2842
3303 5 2 99991 1 2840 2898 2900 2842 1660 1689 1690 1661
3304 5 2 99991 1 588 617 618 589 2841 2899 2901 2843
3305 5 2 99991 1 2841 2899 2901 2843 2842 2900 2902 2844
3306 5 2 99991 1 2842 2900 2902 2844 1661 1690 1691 1662
3307 5 2 99991 1 589 618 619 590 2843 2901 2903 2845
3308 5 2 99991 1 2843 2901 2903 2845 2844 2902 2904 2846
3309 5 2 99991 1 2844 2902 2904 2846 1662 1691 1692 1663
3310 5 2 99991 1 590 619 620 591 2845 2903 2905 2847
3311 5 2 99991 1 2845 2903 2905 2847 2846 2904 2906 2848
3312 5 2 99991 1 2846 2904 2906 2848 1663 1692 1693 1664
3313 5 2 99991 1 591 620 621 592 2847 2905 2907 2849
3314 5 2 99991 1 2847 2905 2907 2849 2848 2906 2908 2850
3315 5 2 99991 1 2848 2906 2908 2850 1664 1693 1694 1665
3316 5 2 99991 1 592 621 622 593 2849 2907 2909 2851
3317 5 2 99991 1 2849 2907 2909 2851 2850 2908 2910 2852
3318 5 2 99991 1 2850 2908 2910 2852 1665 1694 1695 1666
3319 5 2 99991 1 593 622 623 594 2851 2909 2911 2853
3320 5 2 99991 1 2851 2909 2911 2853 2852 2910 2912 2854
3321 5 2 99991 1 2852 2910 2912 2854 1666 1695 1696 1667
3322 5 2 99991 1 594 623 624 595 2853 2911 2913 2855
3323 5 2 99991 1 2853 2911 2913 2855 2854 2912 2914 2856
3324 5 2 99991 1 2854 2912 2914 2856 1667 1696 1697 1668
3325 5 2 99991 1 595 624 625 596 2855 2913 2915 2857
3326 5 2 99991 1 2855 2913 2915 2857 2856 2914 2916 2858
3327 5 2 99991 1 2856 2914 2916 2858 1668 1697 1698 1669
3328 5 2 99991 1 596 625 83 84 2857 2915 1296 1298
3329 5 2 99991 1 2857 2915 1296 1298 2858 2916 1297 1299
3330 5 2 99991 1 2858 2916 1297 1299 1669 1698 228 229
3331 5 2 99991 1 21 22 626 597 1172 1174 2917 2859
3332 5 2 99991 1 1172 1174 2917 2859 1173 1175 2918 2860
3333 5 2 99991 1 1173 1175 2918 2860 166 167 1699 1670
3334 5 2 99991 1 597 626 627 598 2859 2917 2919 2861
3335 5 2 99991 1 2859 2917 2919 2861 2860 2918 2920 2862
3336 5 2 99991 1 2860 2918 2920 2862 1670 1699 1700 1671
3337 5 2 99991 1 598 627 628 599 2861 2919 2921 2863
3338 5 2 99991 1 2861 2919 2921 2863 2862 2920 2922 2864
3339 5 2 99991 1 2862 2920 2922 2864 1671 1700 1701 1672
3340 5 2 99991 1 599 628 629 600 2863 2921 2923 2865
3341 5 2 99991 1 2863 2921 2923 2865 2864 2922 2924 2866
3342 5 2 99991 1 2864 2922 2924 2866 1672 1701 1702 1673
3343 5 2 99991 1 600 629 630 601 2865 2923 2925 2867
3344 5 2 99991 1 2865 2923 2925 2867 2866 2924 2926 2868
3345 5 2 99991 1 2866 2924 2926 2868 1673 1702 1703 1674
3346 5 2 99991 1 601 630 631 602 2867 2925 2927 2869
3347 5 2 99991 1 2867 2925 2927 2869 2868 2926 2928 2870
3348 5 2 99991 1 2868 2926 2928 2870 1674 1703 1704 1675
3349 5 2 99991 1 602 631 632 603 2869 2927 2929 2871
3350 5 2 99991 1 2869 2927 2929 2871 2870 2928 2930 2872
3351 5 2 99991 1 2870 2928 2930 2872 1675 1704 1705 1676
3352 5 2 99991 1 603 632 633 604 2871 2929 2931 2873
3353 5 2 99991 1 2871 2929 2931 2873 2872 2930 2932 2874
3354 5 2 99991 1 2872 2930 2932 2874 1676 1705 1706 1677
3355 5 2 99991 1 604 633 634 605 2873 2931 2933 2875
3356 5 2 99991 1 2873 2931 2933 2875 2874 2932 2934 2876
3357 5 2 99991 1 2874 2932 2934 2876 1677 1706 1707 1678
3358 5 2 99991 1 605 634 635 606 2875 2933 2935 2877
3359 5 2 99991 1 2875 2933 2935 2877 2876 2934 2936 2878
3360 5 2 99991 1 2876 2934 2936 2878 1678 1707 1708 1679
3361 5 2 99991 1 606 635 636 607 2877 2935 2937 2879
3362 5 2 99991 1 2877 2935 2937 2879 2878 2936 2938 2880
3363 5 2 99991 1 2878 2936 2938 2880 1679 1708 1709 1680
3364 5 2 99991 1 607 636 637 608 2879 2937 2939 2881
3365 5 2 99991 1 2879 2937 2939 2881 2880 2938 2940 2882
3366 5 2 99991 1 2880 2938 2940 2882 1680 1709 1710 1681
3367 5 2 99991 1 608 637 638 609 2881 2939 2941 2883
3368 5 2 99991 1 2881 2939 2941 2883 2882 2940 2942 2884
3369 5 2 99991 1 2882 2940 2942 2884 1681 1710 1711 1682
3370 5 2 99991 1 609 638 639 610 2883 2941 2943 2885
3371 5 2 99991 1 2883 2941 2943 2885 2884 2942 2944 2886
3372 5 2 99991 1 2884 2942 2944 2886 1682 1711 1712 1683
3373 5 2 99991 1 610 639 640 611 2885 2943 2945 2887
3374 5 2 99991 1 2885 2943 2945 2887 2886 2944 2946 2888
3375 5 2 99991 1 2886 2944 2946 2888 1683 1712 1713 1684
3376 5 2 99991 1 611 640 641 612 2887 2945 2947 2889
3377 5 2 99991 1 2887 2945 2947 2889 2888 2946 2948 2890
3378 5 2 99991 1 2888 2946 2948 2890 1684 1713 1714 1685
3379 5 2 99991 1 612 641 642 613 2889 2947 2949 2891
3380 5 2 99991 1 2889 2947 2949 2891 2890 2948 2950 2892
3381 5 2 99991 1 2890 2948 2950 2892 1685 1714 1715 1686
3382 5 2 99991 1 613 642 643 614 2891 2949 2951 2893
3383 5 2 99991 1 2891 2949 2951 2893 2892 2950 2952 2894
3384 5 2 99991 1 2892 2950 2952 2894 1686 1715 1716 1687
3385 5 2 99991 1 614 643 644 615 2893 2951 2953 2895
3386 5 2 99991 1 2893 2951 2953 2895 2894 2952 2954 2896
3387 5 2 99991 1 2894 2952 2954 2896 1687 1716 1717 1688
3388 5 2 99991 1 615 644 645 616 2895 2953 2955 2897
3389 5 2 99991 1 2895 2953 2955 2897 2896 2954 2956 2898
3390 5 2 99991 1 2896 2954 2956 2898 1688 1717 1718 1689
3391 5 2 99991 1 616 645 646 617 2897 2955 2957 2899
3392 5 2 99991 1 2897 2955 2957 2899 2898 2956 2958 2900
3393 5 2 99991 1 2898 2956 2958 2900 1689 1718 1719 1690
3394 5 2 99991 1 617 646 647 618 2899 2957 2959 2901
3395 5 2 99991 1 2899 2957 2959 2901 2900 2958 2960 2902
3396 5 2 99991 1 2900 2958 2960 2902 1690 1719 1720 1691
3397 5 2 99991 1 618 647 648 619 2901 2959 2961 2903
3398 5 2 99991 1 2901 2959 2961 2903 2902 2960 2962 2904
3399 5 2 99991 1 2902 2960 2962 2904 1691 1720 1721 1692
3400 5 2 99991 1 619 648 649 620 2903 2961 2963 2905
3401 5 2 99991 1 2903 2961 2963 2905 2904 2962 2964 2906
3402 5 2 99991 1 2904 2962 2964 2906 1692 1721 1722 1693
3403 5 2 99991 1 620 649 650 621 2905 2963 2965 2907
3404 5 2 99991 1 2905 2963 2965 2907 2906 2964 2966 2908
3405 5 2 99991 1 2906 2964 2966 2908 1693 1722 1723 1694
3406 5 2 99991 1 621 650 651 622 2907 2965 2967 2909
3407 5 2 99991 1 2907 2965 2967 2909 2908 2966 2968 2910
3408 5 2 99991 1 2908 2966 2968 2910 1694 1723 1724 1695
3409 5 2 99991 1 622 651 652 623 2909 2967 2969 2911
3410 5 2 99991 1 2909 2967 2969 2911 2910 2968 2970 2912
3411 5 2 99991 1 2910 2968 2970 2912 1695 1724 1725 1696
3412 5 2 99991 1 623 652 653 624 2911 2969 2971 2913
3413 5 2 99991 1 2911 2969 2971 2913 2912 2970 2972 2914
3414 5 2 99991 1 2912 2970 2972 2914 1696 1725 1726 1697
3415 5 2 99991 1 624 653 654 625 2913 2971 2973 2915
3416 5 2 99991 1 2913 2971 2973 2915 2914 2972 2974 2916
3417 5 2 99991 1 2914 2972 2974 2916 1697 1726 1727 1698
3418 5 2 99991 1 625 654 82 83 2915 2973 1294 1296
3419 5 2 99991 1 2915 2973 1294 1296 2916 2974 1295 1297
3420 5 2 99991 1 2916 2974 1295 1297 1698 1727 227 228
3421 5 2 99991 1 22 23 655 626 1174 1176 2975 2917
3422 5 2 99991 1 1174 1176 2975 2917 1175 1177 2976 2918
3423 5 2 99991 1 1175 1177 2976 2918 167 168 1728 1699
3424 5 2 99991 1 626 655 656 627 2917 2975 2977 2919
3425 5 2 99991 1 2917 2975 2977 2919 2918 2976 2978 2920
3426 5 2 99991 1 2918 2976 2978 2920 1699 1728 1729 1700
3427 5 2 99991 1 627 656 657 628 2919 2977 2979 2921
3428 5 2 99991 1 2919 2977 2979 2921 2920 2978 2980 2922
3429 5 2 99991 1 2920 2978 2980 2922 1700 1729 1730 1701
3430 5 2 99991 1 628 657 658 629 2921 2979 2981 2923
3431 5 2 99991 1 2921 2979 2981 2923 2922 2980 2982 2924
3432 5 2 99991 1 2922 2980 2982 2924 1701 1730 1731 1702
3433 5 2 99991 1 629 658 659 630 2923 2981 2983 2925
3434 5 2 99991 1 2923 2981 2983 2925 2924 2982 2984 2926
3435 5 2 99991 1 2924 2982 2984 2926 1702 1731 1732 1703
3436 5 2 99991 1 630 659 660 631 2925 2983 2985 2927
3437 5 2 99991 1 2925 2983 2985 2927 2926 2984 2986 2928
3438 5 2 99991 1 2926 2984 2986 2928 1703 1732 1733 1704
3439 5 2 99991 1 631 660 661 632 2927 2985 2987 2929
3440 5 2 99991 1 2927 2985 2987 2929 2928 2986 2988 2930
3441 5 2 99991 1 2928 2986 2988 2930 1704 1733 1734 1705
3442 5 2 99991 1 632 661 662 633 2929 2987 2989 2931
3443 5 2 99991 1 2929 2987 2989 2931 2930 2988 2990 2932
3444 5 2 99991 1 2930 2988 2990 2932 1705 1734 1735 1706
3445 5 2 99991 1 633 662 663 634 2931 2989 2991 2933
3446 5 2 99991 1 2931 2989 2991 2933 2932 2990 2992 2934
3447 5 2 99991 1 2932 2990 2992 2934 1706 1735 1736 1707
3448 5 2 99991 1 634 663 664 635 2933 2991 2993 2935
3449 5 2 99991 1 2933 2991 2993 2935 2934 2992 2994 2936
3450 5 2 99991 1 2934 2992 2994 2936 1707 1736 1737 1708
3451 5 2 99991 1 635 664 665 636 2935 2993 2995 2937
3452 5 2 99991 1 2935 2993 2995 2937 2936 2994 2996 2938
3453 5 2 99991 1 2936 2994 2996 2938 1708 1737 1738 1709
3454 5 2 99991 1 636 665 666 637 2937 2995 2997 2939
3455 5 2 99991 1 2937 2995 2997 2939 2938 2996 2998 2940
3456 5 2 99991 1 2938 2996 2998 2940 1709 1738 1739 1710
3457 5 2 99991 1 637 666 667 638 2939 2997 2999 2941
3458 5 2 99991 1 2939 2997 2999 2941 2940 2998 3000 2942
3459 5 2 99991 1 2940 2998 3000 2942 1710 1739 1740 1711
3460 5 2 99991 1 638 667 668 639 2941 2999 3001 2943
3461 5 2 99991 1 2941 2999 3001 2943 2942 3000 3002 2944
3462 5 2 99991 1 2942 3000 3002 2944 1711 1740 1741 1712
3463 5 2 99991 1 639 668 669 640 2943 3001 3003 2945
3464 5 2 99991 1 2943 3001 3003 2945 2944 3002 3004 2946
3465 5 2 99991 1 2944 3002 3004 2946 1712 1741 1742 1713
3466 5 2 99991 1 640 669 670 641 2945 3003 3005 2947
3467 5 2 99991 1 2945 3003 3005 2947 2946 3004 3006 2948
3468 5 2 99991 1 2946 3004 3006 2948 1713 1742 1743 1714
3469 5 2 99991 1 641 670 671 642 2947 3005 3007 2949
3470 5 2 99991 1 2947 3005 3007 2949 2948 3006 3008 2950
3471 5 2 99991 1 2948 3006 3008 2950 1714 1743 1744 1715
3472 5 2 99991 1 642 671 672 643 2949 3007 3009 2951
3473 5 2 99991 1 2949 3007 3009 2951 2950 3008 3010 2952
3474 5 2 99991 1 2950 3008 3010 2952 1715 1744 1745 1716
3475 5 2 99991 1 643 672 673 644 2951 3009 3011 2953
3476 5 2 99991 1 2951 3009 3011 2953 2952 3010 3012 2954
3477 5 2 99991 1 2952 3010 3012 2954 1716 1745 1746 1717
3478 5 2 99991 1 644 673 674 645 2953 3011 3013 2955
3479 5 2 99991 1 2953 3011 3013 2955 2954 3012 3014 2956
3480 5 2 99991 1 2954 3012 3014 2956 1717 1746 1747 1718
3481 5 2 99991 1 645 674 675 646 2955 3013 3015 2957
3482 5 2 99991 1 2955 3013 3015 2957 2956 3014 3016 2958
3483 5 2 99991 1 2956 3014 3016 2958 1718 1747 1748 1719
3484 5 2 99991 1 646 675 676 647 2957 3015 3017 2959
3485 5 2 99991 1 2957 3015 3017 2959 2958 3016 3018 2960
3486 5 2 99991 1 2958 3016 3018 2960 1719 1748 1749 1720
3487 5 2 99991 1 647 676 677 648 2959 3017 3019 2961
3488 5 2 99991 1 2959 3017 3019 2961 2960 3018 3020 2962
3489 5 2 99991 1 2960 3018 3020 2962 1720 1749 1750 1721
3490 5 2 99991 1 648 677 678 649 2961 3019 3021 2963
3491 5 2 99991 1 2961 3019 3021 2963 2962 3020 3022 2964
3492 5 2 99991 1 2962 3020 3022 2964 1721 1750 1751 1722
3493 5 2 99991 1 649 678 679 650 2963 3021 3023 2965
3494 5 2 99991 1 2963 3021 3023 2965 2964 3022 3024 2966
3495 5 2 99991 1 2964 3022 3024 2966 1722 1751 1752 1723
3496 5 2 99991 1 650 679 680 651 2965 3023 3025 2967
3497 5 2 99991 1 2965 3023 3025 2967 2966 3024 3026 2968
3498 5 2 99991 1 2966 3024 3026 2968 1723 1752 1753 1724
3499 5 2 99991 1 651 680 681 652 2967 3025 3027 2969
3500 5 2 99991 1 2967 3025 3027 2969 2968 3026 3028 2970
3501 5 2 99991 1 2968 3026 3028 2970 1724 1753 1754 1725
3502 5 2 99991 1 652 681 682 653 2969 3027 3029 2971
3503 5 2 99991 1 2969 3027 3029 2971 2970 3028 3030 2972
3504 5 2 99991 1 2970 3028 3030 2972 1725 1754 1755 1726
3505 5 2 99991 1 653 682 683 654 2971 3029 3031 2973
3506 5 2 99991 1 2971 3029 3031 2973 2972 3030 3032 2974
3507 5 2 99991 1 2972 3030 3032 2974 1726 1755 1756 1727
3508 5 2 99991 1 654 683 81 82 2973 3031 1292 1294
3509 5 2 99991 1 2973 3031 1292 1294 2974 3032 1293 1295
3510 5 2 99991 1 2974 3032 1293 1295 1727 1756 226 227
3511 5 2 99991 1 23 24 684 655 1176 1178 3033 2975
3512 5 2 99991 1 1176 1178 3033 2975 1177 1179 3034 2976
3513 5 2 99991 1 1177 1179 3034 2976 168 169 1757 1728
3514 5 2 99991 1 655 684 685 656 2975 3033 3035 2977
3515 5 2 99991 1 2975 3033 3035 2977 2976 3034 3036 2978
3516 5 2 99991 1 2976 3034 3036 2978 1728 1757 1758 1729
3517 5 2 99991 1 656 685 686 657 2977 3035 3037 2979
3518 5 2 99991 1 2977 3035 3037 2979 2978 3036 3038 2980
3519 5 2 99991 1 2978 3036 3038 2980 1729 1758 1759 1730
3520 5 2 99991 1 657 686 687 658 2979 3037 3039 2981
3521 5 2 99991 1 2979 3037 3039 2981 2980 3038 3040 2982
3522 5 2 99991 1 2980 3038 3040 2982 1730 1759 1760 1731
3523 5 2 99991 1 658 687 688 659 2981 3039 3041 2983
3524 5 2 99991 1 2981 3039 3041 2983 2982 3040 3042 2984
3525 5 2 99991 1 2982 3040 3042 2984 1731 1760 1761 1732
3526 5 2 99991 1 659 688 689 660 2983 3041 3043 2985
3527 5 2 99991 1 2983 3041 3043 2985 2984 3042 3044 2986
3528 5 2 99991 1 2984 3042 3044 2986 1732 1761 1762 1733
3529 5 2 99991 1 660 689 690 661 2985 3043 3045 2987
3530 5 2 99991 1 2985 3043 3045 2987 2986 3044 3046 2988
3531 5 2 99991 1 2986 3044 3046 2988 1733 1762 1763 1734
3532 5 2 99991 1 661 690 691 662 2987 3045 3047 2989
3533 5 2 99991 1 2987 3045 3047 2989 2988 3046 3048 2990
3534 5 2 99991 1 2988 3046 3048 2990 1734 1763 1764 1735
3535 5 2 99991 1 662 691 692 663 2989 3047 3049 2991
3536 5 2 99991 1 2989 3047 3049 2991 2990 3048 3050 2992
3537 5 2 99991 1 2990 3048 3050 2992 1735 1764 1765 1736
3538 5 2 99991 1 663 692 693 664 2991 3049 3051 2993
3539 5 2 99991 1 2991 3049 3051 2993 2992 3050 3052 2994
3540 5 2 99991 1 2992 3050 3052 2994 1736 1765 1766 1737
3541 5 2 99991 1 664 693 694 665 2993 3051 3053 2995
3542 5 2 99991 1 2993 3051 3053 2995 2994 3052 3054 2996
3543 5 2 99991 1 2994 3052 3054 2996 1737 1766 1767 1738
3544 5 2 99991 1 665 694 695 666 2995 3053 3055 2997
3545 5 2 99991 1 2995 3053 3055 2997 2996 3054 3056 2998
3546 5 2 99991 1 2996 3054 3056 2998 1738 1767 1768 1739
3547 5 2 99991 1 666 695 696 667 2997 3055 3057 2999
3548 5 2 99991 1 2997 3055 3057 2999 2998 3056 3058 3000
3549 5 2 99991 1 2998 3056 3058 3000 1739 1768 1769 1740
3550 5 2 99991 1 667 696 697 668 2999 3057 3059 3001
3551 5 2 99991 1 2999 3057 3059 3001 3000 3058 3060 3002
3552 5 2 99991 1 3000 3058 3060 3002 1740 1769 1770 1741
3553 5 2 99991 1 668 697 698 669 3001 3059 3061 3003
3554 5 2 99991 1 3001 3059 3061 3003 3002 3060 3062 3004
3555 5 2 99991 1 3002 3060 3062 3004 1741 1770 1771 1742
3556 5 2 99991 1 669 698 699 670 3003 3061 3063 3005
3557 5 2 99991 1 3003 3061 3063 3005 3004 3062 3064 3006
3558 5 2 99991 1 3004 3062 3064 3006 1742 1771 1772 1743
3559 5 2 99991 1 670 699 700 671 3005 3063 3065 3007
3560 5 2 99991 1 3005 3063 3065 3007 3006 3064 3066 3008
3561 5 2 99991 1 3006 3064 3066 3008 1743 1772 1773 1744
3562 5 2 99991 1 671 700 701 672 3007 3065 3067 3009
3563 5 2 99991 1 3007 3065 3067 3009 3008 3066 3068 3010
3564 5 2 99991 1 3008 3066 3068 3010 1744 1773 1774 1745
3565 5 2 99991 1 672 701 702 673 3009 3067 3069 3011
3566 5 2 99991 1 3009 3067 3069 3011 3010 3068 3070 3012
3567 5 2 99991 1 3010 3068 3070 3012 1745 1774 1775 1746
3568 5 2 99991 1 673 702 703 674 3011 3069 3071 3013
3569 5 2 99991 1 3011 3069 3071 3013 3012 3070 3072 3014
3570 5 2 99991 1 3012 3070 3072 3014 1746 1775 1776 1747
3571 5 2 99991 1 674 703 704 675 3013 3071 3073 3015
3572 5 2 99991 1 3013 3071 3073 3015 3014 3072 3074 3016
3573 5 2 99991 1 3014 3072 3074 3016 1747 1776 1777 1748
3574 5 2 99991 1 675 704 705 676 3015 3073 3075 3017
3575 5 2 99991 1 3015 3073 3075 3017 3016 3074 3076 3018
3576 5 2 99991 1 3016 3074 3076 3018 1748 1777 1778 1749
3577 5 2 99991 1 676 705 706 677 3017 3075 3077 3019
3578 5 2 99991 1 3017 3075 3077 3019 3018 3076 3078 3020
3579 5 2 99991 1 3018 3076 3078 3020 1749 1778 1779 1750
3580 5 2 99991 1 677 706 707 678 3019 3077 3079 3021
3581 5 2 99991 1 3019 3077 3079 3021 3020 3078 3080 3022
3582 5 2 99991 1 3020 3078 3080 3022 1750 1779 1780 1751
3583 5 2 99991 1 678 707 708 679 3021 3079 3081 3023
3584 5 2 99991 1 3021 3079 3081 3023 3022 3080 3082 3024
3585 5 2 99991 1 3022 3080 3082 3024 1751 1780 1781 1752
3586 5 2 99991 1 679 708 709 680 3023 3081 3083 3025
3587 5 2 99991 1 3023 3081 3083 3025 3024 3082 3084 3026
3588 5 2 99991 1 3024 3082 3084 3026 1752 1781 1782 1753
3589 5 2 99991 1 680 709 710 681 3025 3083 3085 3027
3590 5 2 99991 1 3025 3083 3085 3027 3026 3084 3086 3028
3591 5 2 99991 1 3026 3084 3086 3028 1753 1782 1783 1754
3592 5 2 99991 1 681 710 711 682 3027 3085 3087 3029
3593 5 2 99991 1 3027 3085 3087 3029 3028 3086 3088 3030
3594 5 2 99991 1 3028 3086 3088 3030 1754 1783 1784 1755
3595 5 2 99991 1 682 711 712 683 3029 3087 3089 3031
3596 5 2 99991 1 3029 3087 3089 3031 3030 3088 3090 3032
3597 5 2 99991 1 3030 3088 3090 3032 1755 1784 1785 1756
3598 5 2 99991 1 683 712 80 81 3031 3089 1290 1292
3599 5 2 99991 1 3031 3089 1290 1292 3032 3090 1291 1293
3600 5 2 99991 1 3032 3090 1291 1293 1756 1785 225 226
3601 5 2 99991 1 24 25 713 684 1178 1180 3091 3033
3602 5 2 99991 1 1178 1180 3091 3033 1179 1181 3092 3034
3603 5 2 99991 1 1179 1181 3092 3034 169 170 1786 1757
3604 5 2 99991 1 684 713 714 685 3033 3091 3093 3035
3605 5 2 99991 1 3033 3091 3093 3035 3034 3092 3094 3036
3606 5 2 99991 1 3034 3092 3094 3036 1757 1786 1787 1758
3607 5 2 99991 1 685 714 715 686 3035 3093 3095 3037
3608 5 2 99991 1 3035 3093 3095 3037 3036 3094 3096 3038
3609 5 2 99991 1 3036 3094 3096 3038 1758 1787 1788 1759
3610 5 2 99991 1 686 715 716 687 3037 3095 3097 3039
3611 5 2 99991 1 3037 3095 3097 3039 3038 3096 3098 3040
3612 5 2 99991 1 3038 3096 3098 3040 1759 1788 1789 1760
3613 5 2 99991 1 687 716 717 688 3039 3097 3099 3041
3614 5 2 99991 1 3039 3097 3099 3041 3040 3098 3100 3042
3615 5 2 99991 1 3040 3098 3100 3042 1760 1789 1790 1761
3616 5 2 99991 1 688 717 718 689 3041 3099 3101 3043
3617 5 2 99991 1 3041 3099 3101 3043 3042 3100 3102 3044
3618 5 2 99991 1 3042 3100 3102 3044 1761 1790 1791 1762
3619 5 2 99991 1 689 718 719 690 3043 3101 3103 3045
3620 5 2 99991 1 3043 3101 3103 3045 3044 3102 3104 3046
3621 5 2 99991 1 3044 3102 3104 3046 1762 1791 1792 1763
3622 5 2 99991 1 690 719 720 691 3045 3103 3105 3047
3623 5 2 99991 1 3045 3103 3105 3047 3046 3104 3106 3048
3624 5 2 99991 1 3046 3104 3106 3048 1763 1792 1793 1764
3625 5 2 99991 1 691 720 721 692 3047 3105 3107 3049
3626 5 2 99991 1 3047 3105 3107 3049 3048 3106 3108 3050
3627 5 2 99991 1 3048 3106 3108 3050 1764 1793 1794 1765
3628 5 2 99991 1 692 721 722 693 3049 3107 3109 3051
3629 5 2 99991 1 3049 3107 3109 3051 3050 3108 3110 3052
3630 5 2 99991 1 3050 3108 3110 3052 1765 1794 1795 1766
3631 5 2 99991 1 693 722 723 694 3051 3109 3111 3053
3632 5 2 99991 1 3051 3109 3111 3053 3052 3110 3112 3054
3633 5 2 99991 1 3052 3110 3112 3054 1766 1795 1796 1767
3634 5 2 99991 1 694 723 724 695 3053 3111 3113 3055
3635 5 2 99991 1 3053 3111 3113 3055 3054 3112 3114 3056
3636 5 2 99991 1 3054 3112 3114 3056 1767 1796 1797 1768
3637 5 2 99991 1 695 724 725 696 3055 3113 3115 3057
3638 5 2 99991 1 3055 3113 3115 3057 3056 3114 3116 3058
3639 5 2 99991 1 3056 3114 3116 3058 1768 1797 1798 1769
3640 5 2 99991 1 696 725 726 697 3057 3115 3117 3059
3641 5 2 99991 1 3057 3115 3117 3059 3058 3116 3118 3060
3642 5 2 99991 1 3058 3116 3118 3060 1769 1798 1799 1770
3643 5 2 99991 1 697 726 727 698 3059 3117 3119 3061
3644 5 2 99991 1 3059 3117 3119 3061 3060 3118 3120 3062
3645 5 2 99991 1 3060 3118 3120 3062 1770 1799 1800 1771
3646 5 2 99991 1 698 727 728 699 3061 3119 3121 3063
3647 5 2 99991 1 3061 3119 3121 3063 3062 3120 3122 3064
3648 5 2 99991 1 3062 3120 3122 3064 1771 1800 1801 1772
3649 5 2 99991 1 699 728 729 700 3063 3121 3123 3065
3650 5 2 99991 1 3063 3121 3123 3065 3064 3122 3124 3066
3651 5 2 99991 1 3064 3122 3124 3066 1772 1801 1802 1773
3652 5 2 99991 1 700 729 730 701 3065 3123 3125 3067
3653 5 2 99991 1 3065 3123 3125 3067 3066 3124 3126 3068
3654 5 2 99991 1 3066 3124 3126 3068 1773 1802 1803 1774
3655 5 2 99991 1 701 730 731 702 3067 3125 3127 3069
3656 5 2 99991 1 3067 3125 3127 3069 3068 3126 3128 3070
3657 5 2 99991 1 3068 3126 3128 3070 1774 1803 1804 1775
3658 5 2 99991 1 702 731 732 703 3069 3127 3129 3071
3659 5 2 99991 1 3069 3127 3129 3071 3070 3128 3130 3072
3660 5 2 99991 1 3070 3128 3130 3072 1775 1804 1805 1776
3661 5 2 99991 1 703 732 733 704 3071 3129 3131 3073
3662 5 2 99991 1 3071 3129 3131 3073 3072 3130 3132 3074
3663 5 2 99991 1 3072 3130 3132 3074 1776 1805 1806 1777
3664 5 2 99991 1 704 733 734 705 3073 3131 3133 3075
3665 5 2 99991 1 3073 3131 3133 3075 3074 3132 3134 3076
3666 5 2 99991 1 3074 3132 3134 3076 1777 1806 1807 1778
3667 5 2 99991 1 705 734 735 706 3075 3133 3135 3077
3668 5 2 99991 1 3075 3133 3135 3077 3076 3134 3136 3078
3669 5 2 99991 1 3076 3134 3136 3078 1778 1807 1808 1779
3670 5 2 99991 1 706 735 736 707 3077 3135 3137 3079
3671 5 2 99991 1 3077 3135 3137 3079 3078 3136 3138 3080
3672 5 2 99991 1 3078 3136 3138 3080 1779 1808 1809 1780
3673 5 2 99991 1 707 736 737 708 3079 3137 3139 3081
3674 5 2 99991 1 3079 3137 3139 3081 3080 3138 3140 3082
3675 5 2 99991 1 3080 3138 3140 3082 1780 1809 1810 1781
3676 5 2 99991 1 708 737 738 709 3081 3139 3141 3083
3677 5 2 99991 1 3081 3139 3141 3083 3082 3140 3142 3084
3678 5 2 99991 1 3082 3140 3142 3084 1781 1810 1811 1782
3679 5 2 99991 1 709 738 739 710 3083 3141 3143 3085
3680 5 2 99991 1 3083 3141 3143 3085 3084 3142 3144 3086
3681 5 2 99991 1 3084 3142 3144 3086 1782 1811 1812 1783
3682 5 2 99991 1 710 739 740 711 3085 3143 3145 3087
3683 5 2 99991 1 3085 3143 3145 3087 3086 3144 3146 3088
3684 5 2 99991 1 3086 3144 3146 3088 1783 1812 1813 1784
3685 5 2 99991 1 711 740 741 712 3087 3145 3147 3089
3686 5 2 99991 1 3087 3145 3147 3089 3088 3146 3148 3090
3687 5 2 99991 1 3088 3146 3148 3090 1784 1813 1814 1785
3688 5 2 99991 1 712 741 79 80 3089 3147 1288 1290
3689 5 2 99991 1 3089 3147 1288 1290 3090 3148 1289 1291
3690 5 2 99991 1 3090 3148 1289 1291 1785 1814 224 225
3691 5 2 99991 1 25 26 742 713 1180 1182 3149 3091
3692 5 2 99991 1 1180 1182 3149 3091 1181 1183 3150 3092
3693 5 2 99991 1 1181 1183 3150 3092 170 171 1815 1786
3694 5 2 99991 1 713 742 743 714 3091 3149 3151 3093
3695 5 2 99991 1 3091 3149 3151 3093 3092 3150 3152 3094
3696 5 2 99991 1 3092 3150 3152 3094 1786 1815 1816 1787
3697 5 2 99991 1 714 743 744 715 3093 3151 3153 3095
3698 5 2 99991 1 3093 3151 3153 3095 3094 3152 3154 3096
3699 5 2 99991 1 3094 3152 3154 3096 1787 1816 1817 1788
3700 5 2 99991 1 715 744 745 716 3095 3153 3155 3097
3701 5 2 99991 1 3095 3153 3155 3097 3096 3154 3156 3098
3702 5 2 99991 1 3096 3154 3156 3098 1788 1817 1818 1789
3703 5 2 99991 1 716 745 746 717 3097 3155 3157 3099
3704 5 2 99991 1 3097 3155 3157 3099 3098 3156 3158 3100
3705 5 2 99991 1 3098 3156 3158 3100 1789 1818 1819 1790
3706 5 2 99991 1 717 746 747 718 3099 3157 3159 3101
3707 5 2 99991 1 3099 3157 3159 3101 3100 3158 3160 3102
3708 5 2 99991 1 3100 3158 3160 3102 1790 1819 1820 1791
3709 5 2 99991 1 718 747 748 719 3101 3159 3161 3103
3710 5 2 99991 1 3101 3159 3161 3103 3102 3160 3162 3104
3711 5 2 99991 1 3102 3160 3162 3104 1791 1820 1821 1792
3712 5 2 99991 1 719 748 749 720 3103 3161 3163 3105
3713 5 2 99991 1 3103 3161 3163 3105 3104 3162 3164 3106
3714 5 2 99991 1 3104 3162 3164 3106 1792 1821 1822 1793
3715 5 2 99991 1 720 749 750 721 3105 3163 3165 3107
3716 5 2 99991 1 3105 3163 3165 3107 3106 3164 3166 3108
3717 5 2 99991 1 3106 3164 3166 3108 1793 1822 1823 1794
3718 5 2 99991 1 721 750 751 722 3107 3165 3167 3109
3719 5 2 99991 1 3107 3165 3167 3109 3108 3166 3168 3110
3720 5 2 99991 1 3108 3166 3168 3110 1794 1823 1824 1795
3721 5 2 99991 1 722 751 752 723 3109 3167 3169 3111
3722 5 2 99991 1 3109 3167 3169 3111 3110 3168 3170 3112
3723 5 2 99991 1 3110 3168 3170 3112 1795 1824 1825 1796
3724 5 2 99991 1 723 752 753 724 3111 3169 3171 3113
3725 5 2 99991 1 3111 3169 3171 3113 3112 3170 3172 3114
3726 5 2 99991 1 3112 3170 3172 3114 1796 1825 1826 1797
3727 5 2 99991 1 724 753 754 725 3113 3171 3173 3115
3728 5 2 99991 1 3113 3171 3173 3115 3114 3172 3174 3116
3729 5 2 99991 1 3114 3172 3174 3116 1797 1826 1827 1798
3730 5 2 99991 1 725 754 755 726 3115 3173 3175 3117
3731 5 2 99991 1 3115 3173 3175 3117 3116 3174 3176 3118
3732 5 2 99991 1 3116 3174 3176 3118 1798 1827 1828 1799
3733 5 2 99991 1 726 755 756 727 3117 3175 3177 3119
3734 5 2 99991 1 3117 3175 3177 3119 3118 3176 3178 3120
3735 5 2 99991 1 3118 3176 3178 3120 1799 1828 1829 1800
3736 5 2 99991 1 727 756 757 728 3119 3177 3179 3121
3737 5 2 99991 1 3119 3177 3179 3121 3120 3178 3180 3122
3738 5 2 99991 1 3120 3178 3180 3122 1800 1829 1830 1801
3739 5 2 99991 1 728 757 758 729 3121 3179 3181 3123
3740 5 2 99991 1 3121 3179 3181 3123 3122 3180 3182 3124
3741 5 2 99991 1 3122 3180 3182 3124 1801 1830 1831 1802
3742 5 2 99991 1 729 758 759 730 3123 3181 3183 3125
3743 5 2 99991 1 3123 3181 3183 3125 3124 3182 3184 3126
3744 5 2 99991 1 3124 3182 3184 3126 1802 1831 1832 1803
3745 5 2 99991 1 730 759 760 731 3125 3183 3185 3127
3746 5 2 99991 1 3125 3183 3185 3127 3126 3184 3186 3128
3747 5 2 99991 1 3126 3184 3186 3128 1803 1832 1833 1804
3748 5 2 99991 1 731 760 761 732 3127 3185 3187 3129
3749 5 2 99991 1 3127 3185 3187 3129 3128 3186 3188 3130
3750 5 2 99991 1 3128 3186 3188 3130 1804 1833 1834 1805
3751 5 2 99991 1 732 761 762 733 3129 3187 3189 3131
3752 5 2 99991 1 3129 3187 3189 3131 3130 3188 3190 3132
3753 5 2 99991 1 3130 3188 3190 3132 1805 1834 1835 1806
3754 5 2 99991 1 733 762 763 734 3131 3189 3191 3133
3755 5 2 99991 1 3131 3189 3191 3133 3132 3190 3192 3134
3756 5 2 99991 1 3132 3190 3192 3134 1806 1835 1836 1807
3757 5 2 99991 1 734 763 764 735 3133 3191 3193 3135
3758 5 2 99991 1 3133 3191 3193 3135 3134 3192 3194 3136
3759 5 2 99991 1 3134 3192 3194 3136 1807 1836 1837 1808
3760 5 2 99991 1 735 764 765 736 3135 3193 3195 3137
3761 5 2 99991 1 3135 3193 3195 3137 3136 3194 3196 3138
3762 5 2 99991 1 3136 3194 3196 3138 1808 1837 1838 1809
3763 5 2 99991 1 736 765 766 737 3137 3195 3197 3139
3764 5 2 99991 1 3137 3195 3197 3139 3138 3196 3198 3140
3765 5 2 99991 1 3138 3196 3198 3140 1809 1838 1839 1810
3766 5 2 99991 1 737 766 767 738 3139 3197 3199 3141
3767 5 2 99991 1 3139 3197 3199 3141 3140 3198 3200 3142
3768 5 2 99991 1 3140 3198 3200 3142 1810 1839 1840 1811
3769 5 2 99991 1 738 767 768 739 3141 3199 3201 3143
3770 5 2 99991 1 3141 3199 3201 3143 3142 3200 3202 3144
3771 5 2 99991 1 3142 3200 3202 3144 1811 1840 1841 1812
3772 5 2 99991 1 739 768 769 740 3143 3201 3203 3145
3773 5 2 99991 1 3143 3201 3203 3145 3144 3202 3204 3146
3774 5 2 99991 1 3144 3202 3204 3146 1812 1841 1842 1813
3775 5 2 99991 1 740 769 770 741 3145 3203 3205 3147
3776 5 2 99991 1 3145 3203 3205 3147 3146 3204 3206 3148
3777 5 2 99991 1 3146 3204 3206 3148 1813 1842 1843 1814
3778 5 2 99991 1 741 770 78 79 3147 3205 1286 1288
3779 5 2 99991 1 3147 3205 1286 1288 3148 3206 1287 1289
3780 5 2 99991 1 3148 3206 1287 1289 1814 1843 223 224
3781 5 2 99991 1 26 27 771 742 1182 1184 3207 3149
3782 5 2 99991 1 1182 1184 3207 3149 1183 1185 3208 3150
3783 5 2 99991 1 1183 1185 3208 3150 171 172 1844 1815
3784 5 2 99991 1 742 771 772 743 3149 3207 3209 3151
3785 5 2 99991 1 3149 3207 3209 3151 3150 3208 3210 3152
3786 5 2 99991 1 3150 3208 3210 3152 1815 1844 1845 1816
3787 5 2 99991 1 743 772 773 744 3151 3209 3211 3153
3788 5 2 99991 1 3151 3209 3211 3153 3152 3210 3212 3154
3789 5 2 99991 1 3152 3210 3212 3154 1816 1845 1846 1817
3790 5 2 99991 1 744 773 774 745 3153 3211 3213 3155
3791 5 2 99991 1 3153 3211 3213 3155 3154 3212 3214 3156
3792 5 2 99991 1 3154 3212 3214 3156 1817 1846 1847 1818
3793 5 2 99991 1 745 774 775 746 3155 3213 3215 3157
3794 5 2 99991 1 3155 3213 3215 3157 3156 3214 3216 3158
3795 5 2 99991 1 3156 3214 3216 3158 1818 1847 1848 1819
3796 5 2 99991 1 746 775 776 747 3157 3215 3217 3159
3797 5 2 99991 1 3157 3215 3217 3159 3158 3216 3218 3160
3798 5 2 99991 1 3158 3216 3218 3160 1819 1848 1849 1820
3799 5 2 99991 1 747 776 777 748 3159 3217 3219 3161
3800 5 2 99991 1 3159 3217 3219 3161 3160 3218 3220 3162
3801 5 2 99991 1 3160 3218 3220 3162 1820 1849 1850 1821
3802 5 2 99991 1 748 777 778 749 3161 3219 3221 3163
3803 5 2 99991 1 3161 3219 3221 3163 3162 3220 3222 3164
3804 5 2 99991 1 3162 3220 3222 3164 1821 1850 1851 1822
3805 5 2 99991 1 749 778 779 750 3163 3221 3223 3165
3806 5 2 99991 1 3163 3221 3223 3165 3164 3222 3224 3166
3807 5 2 99991 1 3164 3222 3224 3166 1822 1851 1852 1823
3808 5 2 99991 1 750 779 780 751 3165 3223 3225 3167
3809 5 2 99991 1 3165 3223 3225 3167 3166 3224 3226 3168
3810 5 2 99991 1 3166 3224 3226 3168 1823 1852 1853 1824
3811 5 2 99991 1 751 780 781 752 3167 3225 3227 3169
3812 5 2 99991 1 3167 3225 3227 3169 3168 3226 3228 3170
3813 5 2 99991 1 3168 3226 3228 3170 1824 1853 1854 1825
3814 5 2 99991 1 752 781 782 753 3169 3227 3229 3171
3815 5 2 99991 1 3169 3227 3229 3171 3170 3228 3230 3172
3816 5 2 99991 1 3170 3228 3230 3172 1825 1854 1855 1826
3817 5 2 99991 1 753 782 783 754 3171 3229 3231 3173
3818 5 2 99991 1 3171 3229 3231 3173 3172 3230 3232 3174
3819 5 2 99991 1 3172 3230 3232 3174 1826 1855 1856 1827
3820 5 2 99991 1 754 783 784 755 3173 3231 3233 3175
3821 5 2 99991 1 3173 3231 3233 3175 3174 3232 3234 3176
3822 5 2 99991 1 3174 3232 3234 3176 1827 1856 1857 1828
3823 5 2 99991 1 755 784 785 756 3175 3233 3235 3177
3824 5 2 99991 1 3175 3233 3235 3177 3176 3234 3236 3178
3825 5 2 99991 1 3176 3234 3236 3178 1828 1857 1858 1829
3826 5 2 99991 1 756 785 786 757 3177 3235 3237 3179
3827 5 2 99991 1 3177 3235 3237 3179 3178 3236 3238 3180
3828 5 2 99991 1 3178 3236 3238 3180 1829 1858 1859 1830
3829 5 2 99991 1 757 786 787 758 3179 3237 3239 3181
3830 5 2 99991 1 3179 3237 3239 3181 3180 3238 3240 3182
3831 5 2 99991 1 3180 3238 3240 3182 1830 1859 1860 1831
3832 5 2 99991 1 758 787 788 759 3181 3239 3241 3183
3833 5 2 99991 1 3181 3239 3241 3183 3182 3240 3242 3184
3834 5 2 99991 1 3182 3240 3242 3184 1831 1860 1861 1832
3835 5 2 99991 1 759 788 789 760 3183 3241 3243 3185
3836 5 2 99991 1 3183 3241 3243 3185 3184 3242 3244 3186
3837 5 2 99991 1 3184 3242 3244 3186 1832 1861 1862 1833
3838 5 2 99991 1 760 789 790 761 3185 3243 3245 3187
3839 5 2 99991 1 3185 3243 3245 3187 3186 3244 3246 3188
3840 5 2 99991 1 3186 3244 3246 3188 1833 1862 1863 1834
3841 5 2 99991 1 761 790 791 762 3187 3245 3247 3189
3842 5 2 99991 1 3187 3245 3247 3189 3188 3246 3248 3190
3843 5 2 99991 1 3188 3246 3248 3190 1834 1863 1864 1835
3844 5 2 99991 1 762 791 792 763 3189 3247 3249 3191
3845 5 2 99991 1 3189 3247 3249 3191 3190 3248 3250 3192
3846 5 2 99991 1 3190 3248 3250 3192 1835 1864 1865 1836
3847 5 2 99991 1 763 792 793 764 3191 3249 3251 3193
3848 5 2 99991 1 3191 3249 3251 3193 3192 3250 3252 3194
3849 5 2 99991 1 3192 3250 3252 3194 1836 1865 1866 1837
3850 5 2 99991 1 764 793 794 765 3193 3251 3253 3195
3851 5 2 99991 1 3193 3251 3253 3195 3194 3252 3254 3196
3852 5 2 99991 1 3194 3252 3254 3196 1837 1866 1867 1838
3853 5 2 99991 1 765 794 795 766 3195 3253 3255 3197
3854 5 2 99991 1 3195 3253 3255 3197 3196 3254 3256 3198
3855 5 2 99991 1 3196 3254 3256 3198 1838 1867 1868 1839
3856 5 2 99991 1 766 795 796 767 3197 3255 3257 3199
3857 5 2 99991 1 3197 3255 3257 3199 3198 3256 3258 3200
3858 5 2 99991 1 3198 3256 3258 3200 1839 1868 1869 1840
3859 5 2 99991 1 767 796 797 768 3199 3257 3259 3201
3860 5 2 99991 1 3199 3257 3259 3201 3200 3258 3260 3202
3861 5 2 99991 1 3200 3258 3260 3202 1840 1869 1870 1841
3862 5 2 99991 1 768 797 798 769 3201 3259 3261 3203
3863 5 2 99991 1 3201 3259 3261 3203 3202 3260 3262 3204
3864 5 2 99991 1 3202 3260 3262 3204 1841 1870 1871 1842
3865 5 2 99991 1 769 798 799 770 3203 3261 3263 3205
3866 5 2 99991 1 3203 3261 3263 3205 3204 3262 3264 3206
3867 5 2 99991 1 3204 3262 3264 3206 1842 1871 1872 1843
3868 5 2 99991 1 770 799 77 78 3205 3263 1284 1286
3869 5 2 99991 1 3205 3263 1284 1286 3206 3264 1285 1287
3870 5 2 99991 1 3206 3264 1285 1287 1843 1872 222 223
3871 5 2 99991 1 27 28 800 771 1184 1186 3265 3207
3872 5 2 99991 1 1184 1186 3265 3207 1185 1187 3266 3208
3873 5 2 99991 1 1185 1187 3266 3208 172 173 1873 1844
3874 5 2 99991 1 771 800 801 772 3207 3265 3267 3209
3875 5 2 99991 1 3207 3265 3267 3209 3208 3266 3268 3210
3876 5 2 99991 1 3208 3266 3268 3210 1844 1873 1874 1845
3877 5 2 99991 1 772 801 802 773 3209 3267 3269 3211
3878 5 2 99991 1 3209 3267 3269 3211 3210 3268 3270 3212
3879 5 2 99991 1 3210 3268 3270 3212 1845 1874 1875 1846
3880 5 2 99991 1 773 802 803 774 3211 3269 3271 3213
3881 5 2 99991 1 3211 3269 3271 3213 3212 3270 3272 3214
3882 5 2 99991 1 3212 3270 3272 3214 1846 1875 1876 1847
3883 5 2 99991 1 774 803 804 775 3213 3271 3273 3215
3884 5 2 99991 1 3213 3271 3273 3215 3214 3272 3274 3216
3885 5 2 99991 1 3214 3272 3274 3216 1847 1876 1877 1848
3886 5 2 99991 1 775 804 805 776 3215 3273 3275 3217
3887 5 2 99991 1 3215 3273 3275 3217 3216 3274 3276 3218
3888 5 2 99991 1 3216 3274 3276 3218 1848 1877 1878 1849
3889 5 2 99991 1 776 805 806 777 3217 3275 3277 3219
3890 5 2 99991 1 3217 3275 3277 3219 3218 3276 3278 3220
3891 5 2 99991 1 3218 3276 3278 3220 1849 1878 1879 1850
3892 5 2 99991 1 777 806 807 778 3219 3277 3279 3221
3893 5 2 99991 1 3219 3277 3279 3221 3220 3278 3280 3222
3894 5 2 99991 1 3220 3278 3280 3222 1850 1879 1880 1851
3895 5 2 99991 1 778 807 808 779 3221 3279 3281 3223
3896 5 2 99991 1 3221 3279 3281 3223 3222 3280 3282 3224
3897 5 2 99991 1 3222 3280 3282 3224 1851 1880 1881 1852
3898 5 2 99991 1 779 808 809 780 3223 3281 3283 3225
3899 5 2 99991 1 3223 3281 3283 3225 3224 3282 3284 3226
3900 5 2 99991 1 3224 3282 3284 3226 1852 1881 1882 1853
3901 5 2 99991 1 780 809 810 781 3225 3283 3285 3227
3902 5 2 99991 1 3225 3283 3285 3227 3226 3284 3286 3228
3903 5 2 99991 1 3226 3284 3286 3228 1853 1882 1883 1854
3904 5 2 99991 1 781 810 811 782 3227 3285 3287 3229
3905 5 2 99991 1 3227 3285 3287 3229 3228 3286 3288 3230
3906 5 2 99991 1 3228 3286 3288 3230 1854 1883 1884 1855
3907 5 2 99991 1 782 811 812 783 3229 3287 3289 3231
3908 5 2 99991 1 3229 3287 3289 3231 3230 3288 3290 3232
3909 5 2 99991 1 3230 3288 3290 3232 1855 1884 1885 1856
3910 5 2 99991 1 783 812 813 784 3231 3289 3291 3233
3911 5 2 99991 1 3231 3289 3291 3233 3232 3290 3292 3234
3912 5 2 99991 1 3232 3290 3292 3234 1856 1885 1886 1857
3913 5 2 99991 1 784 813 814 785 3233 3291 3293 3235
3914 5 2 99991 1 3233 3291 3293 3235 3234 3292 3294 3236
3915 5 2 99991 1 3234 3292 3294 3236 1857 1886 1887 1858
3916 5 2 99991 1 785 814 815 786 3235 3293 3295 3237
3917 5 2 99991 1 3235 3293 3295 3237 3236 3294 3296 3238
3918 5 2 99991 1 3236 3294 3296 3238 1858 1887 1888 1859
3919 5 2 99991 1 786 815 816 787 3237 3295 3297 3239
3920 5 2 99991 1 3237 3295 3297 3239 3238 3296 3298 3240
3921 5 2 99991 1 3238 3296 3298 3240 1859 1888 1889 1860
3922 5 2 99991 1 787 816 817 788 3239 3297 3299 3241
3923 5 2 99991 1 3239 3297 3299 3241 3240 3298 3300 3242
3924 5 2 99991 1 3240 3298 3300 3242 1860 1889 1890 1861
3925 5 2 99991 1 788 817 818 789 3241 3299 3301 3243
3926 5 2 99991 1 3241 3299 3301 3243 3242 3300 3302 3244
3927 5 2 99991 1 3242 3300 3302 3244 1861 1890 1891 1862
3928 5 2 99991 1 789 818 819 790 3243 3301 3303 3245
3929 5 2 99991 1 3243 3301 3303 3245 3244 3302 3304 3246
3930 5 2 99991 1 3244 3302 3304 3246 1862 1891 1892 1863
3931 5 2 99991 1 790 819 820 791 3245 3303 3305 3247
3932 5 2 99991 1 3245 3303 3305 3247 3246 3304 3306 3248
3933 5 2 99991 1 3246 3304 3306 3248 1863 1892 1893 1864
3934 5 2 99991 1 791 820 821 792 3247 3305 3307 3249
3935 5 2 99991 1 3247 3305 3307 3249 3248 3306 3308 3250
3936 5 2 99991 1 3248 3306 3308 3250 1864 1893 1894 1865
3937 5 2 99991 1 792 821 822 793 3249 3307 3309 3251
3938 5 2 99991 1 3249 3307 3309 3251 3250 3308 3310 3252
3939 5 2 99991 1 3250 3308 3310 3252 1865 1894 1895 1866
3940 5 2 99991 1 793 822 823 794 3251 3309 3311 3253
3941 5 2 99991 1 3251 3309 3311 3253 3252 3310 3312 3254
3942 5 2 99991 1 3252 3310 3312 3254 1866 1895 1896 1867
3943 5 2 99991 1 794 823 824 795 3253 3311 3313 3255
3944 5 2 99991 1 3253 3311 3313 3255 3254 3312 3314 3256
3945 5 2 99991 1 3254 3312 3314 3256 1867 1896 1897 1868
3946 5 2 99991 1 795 824 825 796 3255 3313 3315 3257
3947 5 2 99991 1 3255 3313 3315 3257 3256 3314 3316 3258
3948 5 2 99991 1 3256 3314 3316 3258 1868 1897 1898 1869
3949 5 2 99991 1 796 825 826 797 3257 3315 3317 3259
3950 5 2 99991 1 3257 3315 3317 3259 3258 3316 3318 3260
3951 5 2 99991 1 3258 3316 3318 3260 1869 1898 1899 1870
3952 5 2 99991 1 797 826 827 798 3259 3317 3319 3261
3953 5 2 99991 1 3259 3317 3319 3261 3260 3318 3320 3262
3954 5 2 99991 1 3260 3318 3320 3262 1870 1899 1900 1871
3955 5 2 99991 1 798 827 828 799 3261 3319 3321 3263
3956 5 2 99991 1 3261 3319 3321 3263 3262 3320 3322 3264
3957 5 2 99991 1 3262 3320 3322 3264 1871 1900 1901 1872
3958 5 2 99991 1 799 828 76 77 3263 3321 1282 1284
3959 5 2 99991 1 3263 3321 1282 1284 3264 3322 1283 1285
3960 5 2 99991 1 3264 3322 1283 1285 1872 1901 221 222
3961 5 2 99991 1 28 29 829 800 1186 1188 3323 3265
3962 5 2 99991 1 1186 1188 3323 3265 1187 1189 3324 3266
3963 5 2 99991 1 1187 1189 3324 3266 173 174 1902 1873
3964 5 2 99991 1 800 829 830 801 3265 3323 3325 3267
3965 5 2 99991 1 3265 3323 3325 3267 3266 3324 3326 3268
3966 5 2 99991 1 3266 3324 3326 3268 1873 1902 1903 1874
3967 5 2 99991 1 801 830 831 802 3267 3325 3327 3269
3968 5 2 99991 1 3267 3325 3327 3269 3268 3326 3328 3270
3969 5 2 99991 1 3268 3326 3328 3270 1874 1903 1904 1875
3970 5 2 99991 1 802 831 832 803 3269 3327 3329 3271
3971 5 2 99991 1 3269 3327 3329 3271 3270 3328 3330 3272
3972 5 2 99991 1 3270 3328 3330 3272 1875 1904 1905 1876
3973 5 2 99991 1 803 832 833 804 3271 3329 3331 3273
3974 5 2 99991 1 3271 3329 3331 3273 3272 3330 3332 3274
3975 5 2 99991 1 3272 3330 3332 3274 1876 1905 1906 1877
3976 5 2 99991 1 804 833 834 805 3273 3331 3333 3275
3977 5 2 99991 1 3273 3331 3333 3275 3274 3332 3334 3276
3978 5 2 99991 1 3274 3332 3334 3276 1877 1906 1907 1878
3979 5 2 99991 1 805 834 835 806 3275 3333 3335 3277
3980 5 2 99991 1 3275 3333 3335 3277 3276 3334 3336 3278
3981 5 2 99991 1 3276 3334 3336 3278 1878 1907 1908 1879
3982 5 2 99991 1 806 835 836 807 3277 3335 3337 3279
3983 5 2 99991 1 3277 3335 3337 3279 3278 3336 3338 3280
3984 5 2 99991 1 3278 3336 3338 3280 1879 1908 1909 1880
3985 5 2 99991 1 807 836 837 808 3279 3337 3339 3281
3986 5 2 99991 1 3279 3337 3339 3281 3280 3338 3340 3282
3987 5 2 99991 1 3280 3338 3340 3282 1880 1909 1910 1881
3988 5 2 99991 1 808 837 838 809 3281 3339 3341 3283
3989 5 2 99991 1 3281 3339 3341 3283 3282 3340 3342 3284
3990 5 2 99991 1 3282 3340 3342 3284 1881 1910 1911 1882
3991 5 2 99991 1 809 838 839 810 3283 3341 3343 3285
3992 5 2 99991 1 3283 3341 3343 3285 3284 3342 3344 3286
3993 5 2 99991 1 3284 3342 3344 3286 1882 1911 1912 1883
3994 5 2 99991 1 810 839 840 811 3285 3343 3345 3287
3995 5 2 99991 1 3285 3343 3345 3287 3286 3344 3346 3288
3996 5 2 99991 1 3286 3344 3346 3288 1883 1912 1913 1884
3997 5 2 99991 1 811 840 841 812 3287 3345 3347 3289
3998 5 2 99991 1 3287 3345 3347 3289 3288 3346 3348 3290
3999 5 2 99991 1 3288 3346 3348 3290 1884 1913 1914 1885
4000 5 2 99991 1 812 841 842 813 3289 3347 3349 3291
4001 5 2 99991 1 3289 3347 3349 3291 3290 3348 3350 3292
4002 5 2 99991 1 3290 3348 3350 3292 1885 1914 1915 1886
4003 5 2 99991 1 813 842 843 814 3291 3349 3351 3293
4004 5 2 99991 1 3291 3349 3351 3293 3292 3350 3352 3294
4005 5 2 99991 1 3292 3350 3352 3294 1886 1915 1916 1887
4006 5 2 99991 1 814 843 844 815 3293 3351 3353 3295
4007 5 2 99991 1 3293 3351 3353 3295 3294 3352 3354 3296
4008 5 2 99991 1 3294 3352 3354 3296 1887 1916 1917 1888
4009 5 2 99991 1 815 844 845 816 3295 3353 3355 3297
4010 5 2 99991 1 3295 3353 3355 3297 3296 3354 3356 3298
4011 5 2 99991 1 3296 3354 3356 3298 1888 1917 1918 1889
4012 5 2 99991 1 816 845 846 817 3297 3355 3357 3299
4013 5 2 99991 1 3297 3355 3357 3299 3298 3356 3358 3300
4014 5 2 99991 1 3298 3356 3358 3300 1889 1918 1919 1890
4015 5 2 99991 1 817 846 847 818 3299 3357 3359 3301
4016 5 2 99991 1 3299 3357 3359 3301 3300 3358 3360 3302
4017 5 2 99991 1 3300 3358 3360 3302 1890 1919 1920 1891
4018 5 2 99991 1 818 847 848 819 3301 3359 3361 3303
4019 5 2 99991 1 3301 3359 3361 3303 3302 3360 3362 3304
4020 5 2 99991 1 3302 3360 3362 3304 1891 1920 1921 1892
4021 5 2 99991 1 819 848 849 820 3303 3361 3363 3305
4022 5 2 99991 1 3303 3361 3363 3305 3304 3362 3364 3306
4023 5 2 99991 1 3304 3362 3364 3306 1892 1921 1922 1893
4024 5 2 99991 1 820 849 850 821 3305 3363 3365 3307
4025 5 2 99991 1 3305 3363 3365 3307 3306 3364 3366 3308
4026 5 2 99991 1 3306 3364 3366 3308 1893 1922 1923 1894
4027 5 2 99991 1 821 850 851 822 3307 3365 3367 3309
4028 5 2 99991 1 3307 3365 3367 3309 3308 3366 3368 3310
4029 5 2 99991 1 3308 3366 3368 3310 1894 1923 1924 1895
4030 5 2 99991 1 822 851 852 823 3309 3367 3369 3311
4031 5 2 99991 1 3309 3367 3369 3311 3310 3368 3370 3312
4032 5 2 99991 1 3310 3368 3370 3312 1895 1924 1925 1896
4033 5 2 99991 1 823 852 853 824 3311 3369 3371 3313
4034 5 2 99991 1 3311 3369 3371 3313 3312 3370 3372 3314
4035 5 2 99991 1 3312 3370 3372 3314 1896 1925 1926 1897
4036 5 2 99991 1 824 853 854 825 3313 3371 3373 3315
4037 5 2 99991 1 3313 3371 3373 3315 3314 3372 3374 3316
4038 5 2 99991 1 3314 3372 3374 3316 1897 1926 1927 1898
4039 5 2 99991 1 825 854 855 826 3315 3373 3375 3317
4040 5 2 99991 1 3315 3373 3375 3317 3316 3374 3376 3318
4041 5 2 99991 1 3316 3374 3376 3318 1898 1927 1928 1899
4042 5 2 99991 1 826 855 856 827 3317 3375 3377 3319
4043 5 2 99991 1 3317 3375 3377 3319 3318 3376 3378 3320
4044 5 2 99991 1 3318 3376 3378 3320 1899 1928 1929 1900
4045 5 2 99991 1 827 856 857 828 3319 3377 3379 3321
4046 5 2 99991 1 3319 3377 3379 3321 3320 3378 3380 3322
4047 5 2 99991 1 3320 3378 3380 3322 1900 1929 1930 1901
4048 5 2 99991 1 828 857 75 76 3321 3379 1280 1282
4049 5 2 99991 1 3321 3379 1280 1282 3322 3380 1281 1283
4050 5 2 99991 1 3322 3380 1281 1283 1901 1930 220 221
4051 5 2 99991 1 29 30 858 829 1188 1190 3381 3323
4052 5 2 99991 1 1188 1190 3381 3323 1189 1191 3382 3324
4053 5 2 99991 1 1189 1191 3382 3324 174 175 1931 1902
4054 5 2 99991 1 829 858 859 830 3323 3381 3383 3325
4055 5 2 99991 1 3323 3381 3383 3325 3324 3382 3384 3326
4056 5 2 99991 1 3324 3382 3384 3326 1902 1931 1932 1903
4057 5 2 99991 1 830 859 860 831 3325 3383 3385 3327
4058 5 2 99991 1 3325 3383 3385 3327 3326 3384 3386 3328
4059 5 2 99991 1 3326 3384 3386 3328 1903 1932 1933 1904
4060 5 2 99991 1 831 860 861 832 3327 3385 3387 3329
4061 5 2 99991 1 3327 3385 3387 3329 3328 3386 3388 3330
4062 5 2 99991 1 3328 3386 3388 3330 1904 1933 1934 1905
4063 5 2 99991 1 832 861 862 833 3329 3387 3389 3331
4064 5 2 99991 1 3329 3387 3389 3331 3330 3388 3390 3332
4065 5 2 99991 1 3330 3388 3390 3332 1905 1934 1935 1906
4066 5 2 99991 1 833 862 863 834 3331 3389 3391 3333
4067 5 2 99991 1 3331 3389 3391 3333 3332 3390 3392 3334
4068 5 2 99991 1 3332 3390 3392 3334 1906 1935 1936 1907
4069 5 2 99991 1 834 863 864 835 3333 3391 3393 3335
4070 5 2 99991 1 3333 3391 3393 3335 3334 3392 3394 3336
4071 5 2 99991 1 3334 3392 3394 3336 1907 1936 1937 1908
4072 5 2 99991 1 835 864 865 836 3335 3393 3395 3337
4073 5 2 99991 1 3335 3393 3395 3337 3336 3394 3396 3338
4074 5 2 99991 1 3336 3394 3396 3338 1908 1937 1938 1909
4075 5 2 99991 1 836 865 866 837 3337 3395 3397 3339
4076 5 2 99991 1 3337 3395 3397 3339 3338 3396 3398 3340
4077 5 2 99991 1 3338 3396 3398 3340 1909 1938 1939 1910
4078 5 2 99991 1 837 866 867 838 3339 3397 3399 3341
4079 5 2 99991 1 3339 3397 3399 3341 3340 3398 3400 3342
4080 5 2 99991 1 3340 3398 3400 3342 1910 1939 1940 1911
4081 5 2 99991 1 838 867 868 839 3341 3399 3401 3343
4082 5 2 99991 1 3341 3399 3401 3343 3342 3400 3402 3344
4083 5 2 99991 1 3342 3400 3402 3344 1911 1940 1941 1912
4084 5 2 99991 1 839 868 869 840 3343 3401 3403 3345
4085 5 2 99991 1 3343 3401 3403 3345 3344 3402 3404 3346
4086 5 2 99991 1 3344 3402 3404 3346 1912 1941 1942 1913
4087 5 2 99991 1 840 869 870 841 3345 3403 3405 3347
4088 5 2 99991 1 3345 3403 3405 3347 3346 3404 3406 3348
4089 5 2 99991 1 3346 3404 3406 3348 1913 1942 1943 1914
4090 5 2 99991 1 841 870 871 842 3347 3405 3407 3349
4091 5 2 99991 1 3347 3405 3407 3349 3348 3406 3408 3350
4092 5 2 99991 1 3348 3406 3408 3350 1914 1943 1944 1915
4093 5 2 99991 1 842 871 872 843 3349 3407 3409 3351
4094 5 2 99991 1 3349 3407 3409 3351 3350 3408 3410 3352
4095 5 2 99991 1 3350 3408 3410 3352 1915 1944 1945 1916
4096 5 2 99991 1 843 872 873 844 3351 3409 3411 3353
4097 5 2 99991 1 3351 3409 3411 3353 3352 3410 3412 3354
4098 5 2 99991 1 3352 3410 3412 3354 1916 1945 1946 1917
4099 5 2 99991 1 844 873 874 845 3353 3411 3413 3355
4100 5 2 99991 1 3353 3411 3413 3355 3354 3412 3414 3356
4101 5 2 99991 1 3354 3412 3414 3356 1917 1946 1947 1918
4102 5 2 99991 1 845 874 875 846 3355 3413 3415 3357
4103 5 2 99991 1 3355 3413 3415 3357 3356 3414 3416 3358
4104 5 2 99991 1 3356 3414 3416 3358 1918 1947 1948 1919
4105 5 2 99991 1 846 875 876 847 3357 3415 3417 3359
4106 5 2 99991 1 3357 3415 3417 3359 3358 3416 3418 3360
4107 5 2 99991 1 3358 3416 3418 3360 1919 1948 1949 1920
4108 5 2 99991 1 847 876 877 848 3359 3417 3419 3361
4109 5 2 99991 1 3359 3417 3419 3361 3360 3418 3420 3362
4110 5 2 99991 1 3360 3418 3420 3362 1920 1949 1950 1921
4111 5 2 99991 1 848 877 878 849 3361 3419 3421 3363
4112 5 2 99991 1 3361 3419 3421 3363 3362 3420 3422 3364
4113 5 2 99991 1 3362 3420 3422 3364 1921 1950 1951 1922
4114 5 2 99991 1 849 878 879 850 3363 3421 3423 3365
4115 5 2 99991 1 3363 3421 3423 3365 3364 3422 3424 3366
4116 5 2 99991 1 3364 3422 3424 3366 1922 1951 1952 1923
4117 5 2 99991 1 850 879 880 851 3365 3423 3425 3367
4118 5 2 99991 1 3365 3423 3425 3367 3366 3424 3426 3368
4119 5 2 99991 1 3366 3424 3426 3368 1923 1952 1953 1924
4120 5 2 99991 1 851 880 881 852 3367 3425 3427 3369
4121 5 2 99991 1 3367 3425 3427 3369 3368 3426 3428 3370
4122 5 2 99991 1 3368 3426 3428 3370 1924 1953 1954 1925
4123 5 2 99991 1 852 881 882 853 3369 3427 3429 3371
4124 5 2 99991 1 3369 3427 3429 3371 3370 3428 3430 3372
4125 5 2 99991 1 3370 3428 3430 3372 1925 1954 1955 1926
4126 5 2 99991 1 853 882 883 854 3371 3429 3431 3373
4127 5 2 99991 1 3371 3429 3431 3373 3372 3430 3432 3374
4128 5 2 99991 1 3372 3430 3432 3374 1926 1955 1956 1927
4129 5 2 99991 1 854 883 884 855 3373 3431 3433 3375
4130 5 2 99991 1 3373 3431 3433 3375 3374 3432 3434 3376
4131 5 2 99991 1 3374 3432 3434 3376 1927 1956 1957 1928
4132 5 2 99991 1 855 884 885 856 3375 3433 3435 3377
4133 5 2 99991 1 3375 3433 3435 3377 3376 3434 3436 3378
4134 5 2 99991 1 3376 3434 3436 3378 1928 1957 1958 1929
4135 5 2 99991 1 856 885 886 857 3377 3435 3437 3379
4136 5 2 99991 1 3377 3435 3437 3379 3378 3436 3438 3380
4137 5 2 99991 1 3378 3436 3438 3380 1929 1958 1959 1930
4138 5 2 99991 1 857 886 74 75 3379 3437 1278 1280
4139 5 2 99991 1 3379 3437 1278 1280 3380 3438 1279 1281
4140 5 2 99991 1 3380 3438 1279 1281 1930 1959 219 220
4141 5 2 99991 1 30 31 887 858 1190 1192 3439 3381
4142 5 2 99991 1 1190 1192 3439 3381 1191 1193 3440 3382
4143 5 2 99991 1 1191 1193 3440 3382 175 176 1960 1931
4144 5 2 99991 1 858 887 888 859 3381 3439 3441 3383
4145 5 2 99991 1 3381 3439 3441 3383 3382 3440 3442 3384
4146 5 2 99991 1 3382 3440 3442 3384 1931 1960 1961 1932
4147 5 2 99991 1 859 888 889 860 3383 3441 3443 3385
4148 5 2 99991 1 3383 3441 3443 3385 3384 3442 3444 3386
4149 5 2 99991 1 3384 3442 3444 3386 1932 1961 1962 1933
4150 5 2 99991 1 860 889 890 861 3385 3443 3445 3387
4151 5 2 99991 1 3385 3443 3445 3387 3386 3444 3446 3388
4152 5 2 99991 1 3386 3444 3446 3388 1933 1962 1963 1934
4153 5 2 99991 1 861 890 891 862 3387 3445 3447 3389
4154 5 2 99991 1 3387 3445 3447 3389 3388 3446 3448 3390
4155 5 2 99991 1 3388 3446 3448 3390 1934 1963 1964 1935
4156 5 2 99991 1 862 891 892 863 3389 3447 3449 3391
4157 5 2 99991 1 3389 3447 3449 3391 3390 3448 3450 3392
4158 5 2 99991 1 3390 3448 3450 3392 1935 1964 1965 1936
4159 5 2 99991 1 863 892 893 864 3391 3449 3451 3393
4160 5 2 99991 1 3391 3449 3451 3393 3392 3450 3452 3394
4161 5 2 99991 1 3392 3450 3452 3394 1936 1965 1966 1937
4162 5 2 99991 1 864 893 894 865 3393 3451 3453 3395
4163 5 2 99991 1 3393 3451 3453 3395 3394 3452 3454 3396
4164 5 2 99991 1 3394 3452 3454 3396 1937 1966 1967 1938
4165 5 2 99991 1 865 894 895 866 3395 3453 3455 3397
4166 5 2 99991 1 3395 3453 3455 3397 3396 3454 3456 3398
4167 5 2 99991 1 3396 3454 3456 3398 1938 1967 1968 1939
4168 5 2 99991 1 866 895 896 867 3397 3455 3457 3399
4169 5 2 99991 1 3397 3455 3457 3399 3398 3456 3458 3400
4170 5 2 99991 1 3398 3456 3458 3400 1939 1968 1969 1940
4171 5 2 99991 1 867 896 897 868 3399 3457 3459 3401
4172 5 2 99991 1 3399 3457 3459 3401 3400 3458 3460 3402
4173 5 2 99991 1 3400 3458 3460 3402 1940 1969 1970 1941
4174 5 2 99991 1 868 897 898 869 3401 3459 3461 3403
4175 5 2 99991 1 3401 3459 3461 3403 3402 3460 3462 3404
4176 5 2 99991 1 3402 3460 3462 3404 1941 1970 1971 1942
4177 5 2 99991 1 869 898 899 870 3403 3461 3463 3405
4178 5 2 99991 1 3403 3461 3463 3405 3404 3462 3464 3406
4179 5 2 99991 1 3404 3462 3464 3406 1942 1971 1972 1943
4180 5 2 99991 1 870 899 900 871 3405 3463 3465 3407
4181 5 2 99991 1 3405 3463 3465 3407 3406 3464 3466 3408
4182 5 2 99991 1 3406 3464 3466 3408 1943 1972 1973 1944
4183 5 2 99991 1 871 900 901 872 3407 3465 3467 3409
4184 5 2 99991 1 3407 3465 3467 3409 3408 3466 3468 3410
4185 5 2 99991 1 3408 3466 3468 3410 1944 1973 1974 1945
4186 5 2 99991 1 872 901 902 873 3409 3467 3469 3411
4187 5 2 99991 1 3409 3467 3469 3411 3410 3468 3470 3412
4188 5 2 99991 1 3410 3468 3470 3412 1945 1974 1975 1946
4189 5 2 99991 1 873 902 903 874 3411 3469 3471 3413
4190 5 2 99991 1 3411 3469 3471 3413 3412 3470 3472 3414
4191 5 2 99991 1 3412 3470 3472 3414 1946 1975 1976 1947
4192 5 2 99991 1 874 903 904 875 3413 3471 3473 3415
4193 5 2 99991 1 3413 3471 3473 3415 3414 3472 3474 3416
4194 5 2 99991 1 3414 3472 3474 3416 1947 1976 1977 1948
4195 5 2 99991 1 875 904 905 876 3415 3473 3475 3417
4196 5 2 99991 1 3415 3473 3475 3417 3416 3474 3476 3418
4197 5 2 99991 1 3416 3474 3476 3418 1948 1977 1978 1949
4198 5 2 99991 1 876 905 906 877 3417 3475 3477 3419
4199 5 2 99991 1 3417 3475 3477 3419 3418 3476 3478 3420
4200 5 2 99991 1 3418 3476 3478 3420 1949 1978 1979 1950
4201 5 2 99991 1 877 906 907 878 3419 3477 3479 3421
4202 5 2 99991 1 3419 3477 3479 3421 3420 3478 3480 3422
4203 5 2 99991 1 3420 3478 3480 3422 1950 1979 1980 1951
4204 5 2 99991 1 878 907 908 879 3421 3479 3481 3423
4205 5 2 99991 1 3421 3479 3481 3423 3422 3480 3482 3424
4206 5 2 99991 1 3422 3480 3482 3424 1951 1980 1981 1952
4207 5 2 99991 1 879 908 909 880 3423 3481 3483 3425
4208 5 2 99991 1 3423 3481 3483 3425 3424 3482 3484 3426
4209 5 2 99991 1 3424 3482 3484 3426 1952 1981 1982 1953
4210 5 2 99991 1 880 909 910 881 3425 3483 3485 3427
4211 5 2 99991 1 3425 3483 3485 3427 3426 3484 3486 3428
4212 5 2 99991 1 3426 3484 3486 3428 1953 1982 1983 1954
4213 5 2 99991 1 881 910 911 882 3427 3485 3487 3429
4214 5 2 99991 1 3427 3485 3487 3429 3428 3486 3488 3430
4215 5 2 99991 1 3428 3486 3488 3430 1954 1983 1984 1955
4216 5 2 99991 1 882 911 912 883 3429 3487 3489 3431
4217 5 2 99991 1 3429 3487 3489 3431 3430 3488 3490 3432
4218 5 2 99991 1 3430 3488 3490 3432 1955 1984 1985 1956
4219 5 2 99991 1 883 912 913 884 3431 3489 3491 3433
4220 5 2 99991 1 3431 3489 3491 3433 3432 3490 3492 3434
4221 5 2 99991 1 3432 3490 3492 3434 1956 1985 1986 1957
4222 5 2 99991 1 884 913 914 885 3433 3491 3493 3435
4223 5 2 99991 1 3433 3491 3493 3435 3434 3492 3494 3436
4224 5 2 99991 1 3434 3492 3494 3436 1957 1986 1987 1958
4225 5 2 99991 1 885 914 915 886 3435 3493 3495 3437
4226 5 2 99991 1 3435 3493 3495 3437 3436 3494 3496 3438
4227 5 2 99991 1 3436 3494 3496 3438 1958 1987 1988 1959
4228 5 2 99991 1 886 915 73 74 3437 3495 1276 1278
4229 5 2 99991 1 3437 3495 1276 1278 3438 3496 1277 1279
4230 5 2 99991 1 3438 3496 1277 1279 1959 1988 218 219
4231 5 2 99991 1 31 32 916 887 1192 1194 3497 3439
4232 5 2 99991 1 1192 1194 3497 3439 1193 1195 3498 3440
4233 5 2 99991 1 1193 1195 3498 3440 176 177 1989 1960
4234 5 2 99991 1 887 916 917 888 3439 3497 3499 3441
4235 5 2 99991 1 3439 3497 3499 3441 3440 3498 3500 3442
4236 5 2 99991 1 3440 3498 3500 3442 1960 1989 1990 1961
4237 5 2 99991 1 888 917 918 889 3441 3499 3501 3443
4238 5 2 99991 1 3441 3499 3501 3443 3442 3500 3502 3444
4239 5 2 99991 1 3442 3500 3502 3444 1961 1990 1991 1962
4240 5 2 99991 1 889 918 919 890 3443 3501 3503 3445
4241 5 2 99991 1 3443 3501 3503 3445 3444 3502 3504 3446
4242 5 2 99991 1 3444 3502 3504 3446 1962 1991 1992 1963
4243 5 2 99991 1 890 919 920 891 3445 3503 3505 3447
4244 5 2 99991 1 3445 3503 3505 3447 3446 3504 3506 3448
4245 5 2 99991 1 3446 3504 3506 3448 1963 1992 1993 1964
4246 5 2 99991 1 891 920 921 892 3447 3505 3507 3449
4247 5 2 99991 1 3447 3505 3507 3449 3448 3506 3508 3450
4248 5 2 99991 1 3448 3506 3508 3450 1964 1993 1994 1965
4249 5 2 99991 1 892 921 922 893 3449 3507 3509 3451
4250 5 2 99991 1 3449 3507 3509 3451 3450 3508 3510 3452
4251 5 2 99991 1 3450 3508 3510 3452 1965 1994 1995 1966
4252 5 2 99991 1 893 922 923 894 3451 3509 3511 3453
4253 5 2 99991 1 3451 3509 3511 3453 3452 3510 3512 3454
4254 5 2 99991 1 3452 3510 3512 3454 1966 1995 1996 1967
4255 5 2 99991 1 894 923 924 895 3453 3511 3513 3455
4256 5 2 99991 1 3453 3511 3513 3455 3454 3512 3514 3456
4257 5 2 99991 1 3454 3512 3514 3456 1967 1996 1997 1968
4258 5 2 99991 1 895 924 925 896 3455 3513 3515 3457
4259 5 2 99991 1 3455 3513 3515 3457 3456 3514 3516 3458
4260 5 2 99991 1 3456 3514 3516 3458 1968 1997 1998 1969
4261 5 2 99991 1 896 925 926 897 3457 3515 3517 3459
4262 5 2 99991 1 3457 3515 3517 3459 3458 3516 3518 3460
4263 5 2 99991 1 3458 3516 3518 3460 1969 1998 1999 1970
4264 5 2 99991 1 897 926 927 898 3459 3517 3519 3461
4265 5 2 99991 1 3459 3517 3519 3461 3460 3518 3520 3462
4266 5 2 99991 1 3460 3518 3520 3462 1970 1999 2000 1971
4267 5 2 99991 1 898 927 928 899 3461 3519 3521 3463
4268 5 2 99991 1 3461 3519 3521 3463 3462 3520 3522 3464
4269 5 2 99991 1 3462 3520 3522 3464 1971 2000 2001 1972
4270 5 2 99991 1 899 928 929 900 3463 3521 3523 3465
4271 5 2 99991 1 3463 3521 3523 3465 3464 3522 3524 3466
4272 5 2 99991 1 3464 3522 3524 3466 1972 2001 2002 1973
4273 5 2 99991 1 900 929 930 901 3465 3523 3525 3467
4274 5 2 99991 1 3465 3523 3525 3467 3466 3524 3526 3468
4275 5 2 99991 1 3466 3524 3526 3468 1973 2002 2003 1974
4276 5 2 99991 1 901 930 931 902 3467 3525 3527 3469
4277 5 2 99991 1 3467 3525 3527 3469 3468 3526 3528 3470
4278 5 2 99991 1 3468 3526 3528 3470 1974 2003 2004 1975
4279 5 2 99991 1 902 931 932 903 3469 3527 3529 3471
4280 5 2 99991 1 3469 3527 3529 3471 3470 3528 3530 3472
4281 5 2 99991 1 3470 3528 3530 3472 1975 2004 2005 1976
4282 5 2 99991 1 903 932 933 904 3471 3529 3531 3473
4283 5 2 99991 1 3471 3529 3531 3473 3472 3530 3532 3474
4284 5 2 99991 1 3472 3530 3532 3474 1976 2005 2006 1977
4285 5 2 99991 1 904 933 934 905 3473 3531 3533 3475
4286 5 2 99991 1 3473 3531 3533 3475 3474 3532 3534 3476
4287 5 2 99991 1 3474 3532 3534 3476 1977 2006 2007 1978
4288 5 2 99991 1 905 934 935 906 3475 3533 3535 3477
4289 5 2 99991 1 3475 3533 3535 3477 3476 3534 3536 3478
4290 5 2 99991 1 3476 3534 3536 3478 1978 2007 2008 1979
4291 5 2 99991 1 906 935 936 907 3477 3535 3537 3479
4292 5 2 99991 1 3477 3535 3537 3479 3478 3536 3538 3480
4293 5 2 99991 1 3478 3536 3538 3480 1979 2008 2009 1980
4294 5 2 99991 1 907 936 937 908 3479 3537 3539 3481
4295 5 2 99991 1 3479 3537 3539 3481 3480 3538 3540 3482
4296 5 2 99991 1 3480 3538 3540 3482 1980 2009 2010 1981
4297 5 2 99991 1 908 937 938 909 3481 3539 3541 3483
4298 5 2 99991 1 3481 3539 3541 3483 3482 3540 3542 3484
4299 5 2 99991 1 3482 3540 3542 3484 1981 2010 2011 1982
4300 5 2 99991 1 909 938 939 910 3483 3541 3543 3485
4301 5 2 99991 1 3483 3541 3543 3485 3484 3542 3544 3486
4302 5 2 99991 1 3484 3542 3544 3486 1982 2011 2012 1983
4303 5 2 99991 1 910 939 940 911 3485 3543 3545 3487
4304 5 2 99991 1 3485 3543 3545 3487 3486 3544 3546 3488
4305 5 2 99991 1 3486 3544 3546 3488 1983 2012 2013 1984
4306 5 2 99991 1 911 940 941 912 3487 3545 3547 3489
4307 5 2 99991 1 3487 3545 3547 3489 3488 3546 3548 3490
4308 5 2 99991 1 3488 3546 3548 3490 1984 2013 2014 1985
4309 5 2 99991 1 912 941 942 913 3489 3547 3549 3491
4310 5 2 99991 1 3489 3547 3549 3491 3490 3548 3550 3492
4311 5 2 99991 1 3490 3548 3550 3492 1985 2014 2015 1986
4312 5 2 99991 1 913 942 943 914 3491 3549 3551 3493
4313 5 2 99991 1 3491 3549 3551 3493 3492 3550 3552 3494
4314 5 2 99991 1 3492 3550 3552 3494 1986 2015 2016 1987
4315 5 2 99991 1 914 943 944 915 3493 3551 3553 3495
4316 5 2 99991 1 3493 3551 3553 3495 3494 3552 3554 3496
4317 5 2 99991 1 3494 3552 3554 3496 1987 2016 2017 1988
4318 5 2 99991 1 915 944 72 73 3495 3553 1274 1276
4319 5 2 99991 1 3495 3553 1274 1276 3496 3554 1275 1277
4320 5 2 99991 1 3496 3554 1275 1277 1988 2017 217 218
4321 5 2 99991 1 32 33 945 916 1194 1196 3555 3497
4322 5 2 99991 1 1194 1196 3555 3497 1195 1197 3556 3498
4323 5 2 99991 1 1195 1197 3556 3498 177 178 2018 1989
4324 5 2 99991 1 916 945 946 917 3497 3555 3557 3499
4325 5 2 99991 1 3497 3555 3557 3499 3498 3556 3558 3500
4326 5 2 99991 1 3498 3556 3558 3500 1989 2018 2019 1990
4327 5 2 99991 1 917 946 947 918 3499 3557 3559 3501
4328 5 2 99991 1 3499 3557 3559 3501 3500 3558 3560 3502
4329 5 2 99991 1 3500 3558 3560 3502 1990 2019 2020 1991
4330 5 2 99991 1 918 947 948 919 3501 3559 3561 3503
4331 5 2 99991 1 3501 3559 3561 3503 3502 3560 3562 3504
4332 5 2 99991 1 3502 3560 3562 3504 1991 2020 2021 1992
4333 5 2 99991 1 919 948 949 920 3503 3561 3563 3505
4334 5 2 99991 1 3503 3561 3563 3505 3504 3562 3564 3506
4335 5 2 99991 1 3504 3562 3564 3506 1992 2021 2022 1993
4336 5 2 99991 1 920 949 950 921 3505 3563 3565 3507
4337 5 2 99991 1 3505 3563 3565 3507 3506 3564 3566 3508
4338 5 2 99991 1 3506 3564 3566 3508 1993 2022 2023 1994
4339 5 2 99991 1 921 950 951 922 3507 3565 3567 3509
4340 5 2 99991 1 3507 3565 3567 3509 3508 3566 3568 3510
4341 5 2 99991 1 3508 3566 3568 3510 1994 2023 2024 1995
4342 5 2 99991 1 922 951 952 923 3509 3567 3569 3511
4343 5 2 99991 1 3509 3567 3569 3511 3510 3568 3570 3512
4344 5 2 99991 1 3510 3568 3570 3512 1995 2024 2025 1996
4345 5 2 99991 1 923 952 953 924 3511 3569 3571 3513
4346 5 2 99991 1 3511 3569 3571 3513 3512 3570 3572 3514
4347 5 2 99991 1 3512 3570 3572 3514 1996 2025 2026 1997
4348 5 2 99991 1 924 953 954 925 3513 3571 3573 3515
4349 5 2 99991 1 3513 3571 3573 3515 3514 3572 3574 3516
4350 5 2 99991 1 3514 3572 3574 3516 1997 2026 2027 1998
4351 5 2 99991 1 925 954 955 926 3515 3573 3575 3517
4352 5 2 99991 1 3515 3573 3575 3517 3516 3574 3576 3518
4353 5 2 99991 1 3516 3574 3576 3518 1998 2027 2028 1999
4354 5 2 99991 1 926 955 956 927 3517 3575 3577 3519
4355 5 2 99991 1 3517 3575 3577 3519 3518 3576 3578 3520
4356 5 2 99991 1 3518 3576 3578 3520 1999 2028 2029 2000
4357 5 2 99991 1 927 956 957 928 3519 3577 3579 3521
4358 5 2 99991 1 3519 3577 3579 3521 3520 3578 3580 3522
4359 5 2 99991 1 3520 3578 3580 3522 2000 2029 2030 2001
4360 5 2 99991 1 928 957 958 929 3521 3579 3581 3523
4361 5 2 99991 1 3521 3579 3581 3523 3522 3580 3582 3524
4362 5 2 99991 1 3522 3580 3582 3524 2001 2030 2031 2002
4363 5 2 99991 1 929 958 959 930 3523 3581 3583 3525
4364 5 2 99991 1 3523 3581 3583 3525 3524 3582 3584 3526
4365 5 2 99991 1 3524 3582 3584 3526 2002 2031 2032 2003
4366 5 2 99991 1 930 959 960 931 3525 3583 3585 3527
4367 5 2 99991 1 3525 3583 3585 3527 3526 3584 3586 3528
4368 5 2 99991 1 3526 3584 3586 3528 2003 2032 2033 2004
4369 5 2 99991 1 931 960 961 932 3527 3585 3587 3529
4370 5 2 99991 1 3527 3585 3587 3529 3528 3586 3588 3530
4371 5 2 99991 1 3528 3586 3588 3530 2004 2033 2034 2005
4372 5 2 99991 1 932 961 962 933 3529 3587 3589 3531
4373 5 2 99991 1 3529 3587 3589 3531 3530 3588 3590 3532
4374 5 2 99991 1 3530 3588 3590 3532 2005 2034 2035 2006
4375 5 2 99991 1 933 962 963 934 3531 3589 3591 3533
4376 5 2 99991 1 3531 3589 3591 3533 3532 3590 3592 3534
4377 5 2 99991 1 3532 3590 3592 3534 2006 2035 2036 2007
4378 5 2 99991 1 934 963 964 935 3533 3591 3593 3535
4379 5 2 99991 1 3533 3591 3593 3535 3534 3592 3594 3536
4380 5 2 99991 1 3534 3592 3594 3536 2007 2036 2037 2008
4381 5 2 99991 1 935 964 965 936 3535 3593 3595 3537
4382 5 2 99991 1 3535 3593 3595 3537 3536 3594 3596 3538
4383 5 2 99991 1 3536 3594 3596 3538 2008 2037 2038 2009
4384 5 2 99991 1 936 965 966 937 3537 3595 3597 3539
4385 5 2 99991 1 3537 3595 3597 3539 3538 3596 3598 3540
4386 5 2 99991 1 3538 3596 3598 3540 2009 2038 2039 2010
4387 5 2 99991 1 937 966 967 938 3539 3597 3599 3541
4388 5 2 99991 1 3539 3597 3599 3541 3540 3598 3600 3542
4389 5 2 99991 1 3540 3598 3600 3542 2010 2039 2040 2011
4390 5 2 99991 1 938 967 968 939 3541 3599 3601 3543
4391 5 2 99991 1 3541 3599 3601 3543 3542 3600 3602 3544
4392 5 2 99991 1 3542 3600 3602 3544 2011 2040 2041 2012
4393 5 2 99991 1 939 968 969 940 3543 3601 3603 3545
4394 5 2 99991 1 3543 3601 3603 3545 3544 3602 3604 3546
4395 5 2 99991 1 3544 3602 3604 3546 2012 2041 2042 2013
4396 5 2 99991 1 940 969 970 941 3545 3603 3605 3547
4397 5 2 99991 1 3545 3603 3605 3547 3546 3604 3606 3548
4398 5 2 99991 1 3546 3604 3606 3548 2013 2042 2043 2014
4399 5 2 99991 1 941 970 971 942 3547 3605 3607 3549
4400 5 2 99991 1 3547 3605 3607 3549 3548 3606 3608 3550
4401 5 2 99991 1 3548 3606 3608 3550 2014 2043 2044 2015
4402 5 2 99991 1 942 971 972 943 3549 3607 3609 3551
4403 5 2 99991 1 3549 3607 3609 3551 3550 3608 3610 3552
4404 5 2 99991 1 3550 3608 3610 3552 2015 2044 2045 2016
4405 5 2 99991 1 943 972 973 944 3551 3609 3611 3553
4406 5 2 99991 1 3551 3609 3611 3553 3552 3610 3612 3554
4407 5 2 99991 1 3552 3610 3612 3554 2016 2045 2046 2017
4408 5 2 99991 1 944 973 71 72 3553 3611 1272 1274
4409 5 2 99991 1 3553 3611 1272 1274 3554 3612 1273 1275
4410 5 2 99991 1 3554 3612 1273 1275 2017 2046 216 217
4411 5 2 99991 1 33 34 974 945 1196 1198 3613 3555
4412 5 2 99991 1 1196 1198 3613 3555 1197 1199 3614 3556
4413 5 2 99991 1 1197 1199 3614 3556 178 179 2047 2018
4414 5 2 99991 1 945 974 975 946 3555 3613 3615 3557
4415 5 2 99991 1 3555 3613 3615 3557 3556 3614 3616 3558
4416 5 2 99991 1 3556 3614 3616 3558 2018 2047 2048 2019
4417 5 2 99991 1 946 975 976 947 3557 3615 3617 3559
4418 5 2 99991 1 3557 3615 3617 3559 3558 3616 3618 3560
4419 5 2 99991 1 3558 3616 3618 3560 2019 2048 2049 2020
4420 5 2 99991 1 947 976 977 948 3559 3617 3619 3561
4421 5 2 99991 1 3559 3617 3619 3561 3560 3618 3620 3562
4422 5 2 99991 1 3560 3618 3620 3562 2020 2049 2050 2021
4423 5 2 99991 1 948 977 978 949 3561 3619 3621 3563
4424 5 2 99991 1 3561 3619 3621 3563 3562 3620 3622 3564
4425 5 2 99991 1 3562 3620 3622 3564 2021 2050 2051 2022
4426 5 2 99991 1 949 978 979 950 3563 3621 3623 3565
4427 5 2 99991 1 3563 3621 3623 3565 3564 3622 3624 3566
4428 5 2 99991 1 3564 3622 3624 3566 2022 2051 2052 2023
4429 5 2 99991 1 950 979 980 951 3565 3623 3625 3567
4430 5 2 99991 1 3565 3623 3625 3567 3566 3624 3626 3568
4431 5 2 99991 1 3566 3624 3626 3568 2023 2052 2053 2024
4432 5 2 99991 1 951 980 981 952 3567 3625 3627 3569
4433 5 2 99991 1 3567 3625 3627 3569 3568 3626 3628 3570
4434 5 2 99991 1 3568 3626 3628 3570 2024 2053 2054 2025
4435 5 2 99991 1 952 981 982 953 3569 3627 3629 3571
4436 5 2 99991 1 3569 3627 3629 3571 3570 3628 3630 3572
4437 5 2 99991 1 3570 3628 3630 3572 2025 2054 2055 2026
4438 5 2 99991 1 953 982 983 954 3571 3629 3631 3573
4439 5 2 99991 1 3571 3629 3631 3573 3572 3630 3632 3574
4440 5 2 99991 1 3572 3630 3632 3574 2026 2055 2056 2027
4441 5 2 99991 1 954 983 984 955 3573 3631 3633 3575
4442 5 2 99991 1 3573 3631 3633 3575 3574 3632 3634 3576
4443 5 2 99991 1 3574 3632 3634 3576 2027 2056 2057 2028
4444 5 2 99991 1 955 984 985 956 3575 3633 3635 3577
4445 5 2 99991 1 3575 3633 3635 3577 3576 3634 3636 3578
4446 5 2 99991 1 3576 3634 3636 3578 2028 2057 2058 2029
4447 5 2 99991 1 956 985 986 957 3577 3635 3637 3579
4448 5 2 99991 1 3577 3635 3637 3579 3578 3636 3638 3580
4449 5 2 99991 1 3578 3636 3638 3580 2029 2058 2059 2030
4450 5 2 99991 1 957 986 987 958 3579 3637 3639 3581
4451 5 2 99991 1 3579 3637 3639 3581 3580 3638 3640 3582
4452 5 2 99991 1 3580 3638 3640 3582 2030 2059 2060 2031
4453 5 2 99991 1 958 987 988 959 3581 3639 3641 3583
4454 5 2 99991 1 3581 3639 3641 3583 3582 3640 3642 3584
4455 5 2 99991 1 3582 3640 3642 3584 2031 2060 2061 2032
4456 5 2 99991 1 959 988 989 960 3583 3641 3643 3585
4457 5 2 99991 1 3583 3641 3643 3585 3584 3642 3644 3586
4458 5 2 99991 1 3584 3642 3644 3586 2032 2061 2062 2033
4459 5 2 99991 1 960 989 990 961 3585 3643 3645 3587
4460 5 2 99991 1 3585 3643 3645 3587 3586 3644 3646 3588
4461 5 2 99991 1 3586 3644 3646 3588 2033 2062 2063 2034
4462 5 2 99991 1 961 990 991 962 3587 3645 3647 3589
4463 5 2 99991 1 3587 3645 3647 3589 3588 3646 3648 3590
4464 5 2 99991 1 3588 3646 3648 3590 2034 2063 2064 2035
4465 5 2 99991 1 962 991 992 963 3589 3647 3649 3591
4466 5 2 99991 1 3589 3647 3649 3591 3590 3648 3650 3592
4467 5 2 99991 1 3590 3648 3650 3592 2035 2064 2065 2036
4468 5 2 99991 1 963 992 993 964 3591 3649 3651 3593
4469 5 2 99991 1 3591 3649 3651 3593 3592 3650 3652 3594
4470 5 2 99991 1 3592 3650 3652 3594 2036 2065 2066 2037
4471 5 2 99991 1 964 993 994 965 3593 3651 3653 3595
4472 5 2 99991 1 3593 3651 3653 3595 3594 3652 3654 3596
4473 5 2 99991 1 3594 3652 3654 3596 2037 2066 2067 2038
4474 5 2 99991 1 965 994 995 966 3595 3653 3655 3597
4475 5 2 99991 1 3595 3653 3655 3597 3596 3654 3656 3598
4476 5 2 99991 1 3596 3654 3656 3598 2038 2067 2068 2039
4477 5 2 99991 1 966 995 996 967 3597 3655 3657 3599
4478 5 2 99991 1 3597 3655 3657 3599 3598 3656 3658 3600
4479 5 2 99991 1 3598 3656 3658 3600 2039 2068 2069 2040
4480 5 2 99991 1 967 996 997 968 3599 3657 3659 3601
4481 5 2 99991 1 3599 3657 3659 3601 3600 3658 3660 3602
4482 5 2 99991 1 3600 3658 3660 3602 2040 2069 2070 2041
4483 5 2 99991 1 968 997 998 969 3601 3659 3661 3603
4484 5 2 99991 1 3601 3659 3661 3603 3602 3660 3662 3604
4485 5 2 99991 1 3602 3660 3662 3604 2041 2070 2071 2042
4486 5 2 99991 1 969 998 999 970 3603 3661 3663 3605
4487 5 2 99991 1 3603 3661 3663 3605 3604 3662 3664 3606
4488 5 2 99991 1 3604 3662 3664 3606 2042 2071 2072 2043
4489 5 2 99991 1 970 999 1000 971 3605 3663 3665 3607
4490 5 2 99991 1 3605 3663 3665 3607 3606 3664 3666 3608
4491 5 2 99991 1 3606 3664 3666 3608 2043 2072 2073 2044
4492 5 2 99991 1 971 1000 1001 972 3607 3665 3667 3609
4493 5 2 99991 1 3607 3665 3667 3609 3608 3666 3668 3610
4494 5 2 99991 1 3608 3666 3668 3610 2044 2073 2074 2045
4495 5 2 99991 1 972 1001 1002 973 3609 3667 3669 3611
4496 5 2 99991 1 3609 3667 3669 3611 3610 3668 3670 3612
4497 5 2 99991 1 3610 3668 3670 3612 2045 2074 2075 2046
4498 5 2 99991 1 973 1002 70 71 3611 3669 1270 1272
4499 5 2 99991 1 3611 3669 1270 1272 3612 3670 1271 1273
4500 5 2 99991 1 3612 3670 1271 1273 2046 2075 215 216
4501 5 2 99991 1 34 35 1003 974 1198 1200 3671 3613
4502 5 2 99991 1 1198 1200 3671 3613 1199 1201 3672 3614
4503 5 2 99991 1 1199 1201 3672 3614 179 180 2076 2047
4504 5 2 99991 1 974 1003 1004 975 3613 3671 3673 3615
4505 5 2 99991 1 3613 3671 3673 3615 3614 3672 3674 3616
4506 5 2 99991 1 3614 3672 3674 3616 2047 2076 2077 2048
4507 5 2 99991 1 975 1004 1005 976 3615 3673 3675 3617
4508 5 2 99991 1 3615 3673 3675 3617 3616 3674 3676 3618
4509 5 2 99991 1 3616 3674 3676 3618 2048 2077 2078 2049
4510 5 2 99991 1 976 1005 1006 977 3617 3675 3677 3619
4511 5 2 99991 1 3617 3675 3677 3619 3618 3676 3678 3620
4512 5 2 99991 1 3618 3676 3678 3620 2049 2078 2079 2050
4513 5 2 99991 1 977 1006 1007 978 3619 3677 3679 3621
4514 5 2 99991 1 3619 3677 3679 3621 3620 3678 3680 3622
4515 5 2 99991 1 3620 3678 3680 3622 2050 2079 2080 2051
4516 5 2 99991 1 978 1007 1008 979 3621 3679 3681 3623
4517 5 2 99991 1 3621 3679 3681 3623 3622 3680 3682 3624
4518 5 2 99991 1 3622 3680 3682 3624 2051 2080 2081 2052
4519 5 2 99991 1 979 1008 1009 980 3623 3681 3683 3625
4520 5 2 99991 1 3623 3681 3683 3625 3624 3682 3684 3626
4521 5 2 99991 1 3624 3682 3684 3626 2052 2081 2082 2053
4522 5 2 99991 1 980 1009 1010 981 3625 3683 3685 3627
4523 5 2 99991 1 3625 3683 3685 3627 3626 3684 3686 3628
4524 5 2 99991 1 3626 3684 3686 3628 2053 2082 2083 2054
4525 5 2 99991 1 981 1010 1011 982 3627 3685 3687 3629
4526 5 2 99991 1 3627 3685 3687 3629 3628 3686 3688 3630
4527 5 2 99991 1 3628 3686 3688 3630 2054 2083 2084 2055
4528 5 2 99991 1 982 1011 1012 983 3629 3687 3689 3631
4529 5 2 99991 1 3629 3687 3689 3631 3630 3688 3690 3632
4530 5 2 99991 1 3630 3688 3690 3632 2055 2084 2085 2056
4531 5 2 99991 1 983 1012 1013 984 3631 3689 3691 3633
4532 5 2 99991 1 3631 3689 3691 3633 3632 3690 3692 3634
4533 5 2 99991 1 3632 3690 3692 3634 2056 2085 2086 2057
4534 5 2 99991 1 984 1013 1014 985 3633 3691 3693 3635
4535 5 2 99991 1 3633 3691 3693 3635 3634 3692 3694 3636
4536 5 2 99991 1 3634 3692 3694 3636 2057 2086 2087 2058
4537 5 2 99991 1 985 1014 1015 986 3635 3693 3695 3637
4538 5 2 99991 1 3635 3693 3695 3637 3636 3694 3696 3638
4539 5 2 99991 1 3636 3694 3696 3638 2058 2087 2088 2059
4540 5 2 99991 1 986 1015 1016 987 3637 3695 3697 3639
4541 5 2 99991 1 3637 3695 3697 3639 3638 3696 3698 3640
4542 5 2 99991 1 3638 3696 3698 3640 2059 2088 2089 2060
4543 5 2 99991 1 987 1016 1017 988 3639 3697 3699 3641
4544 5 2 99991 1 3639 3697 3699 3641 3640 3698 3700 3642
4545 5 2 99991 1 3640 3698 3700 3642 2060 2089 2090 2061
4546 5 2 99991 1 988 1017 1018 989 3641 3699 3701 3643
4547 5 2 99991 1 3641 3699 3701 3643 3642 3700 3702 3644
4548 5 2 99991 1 3642 3700 3702 3644 2061 2090 2091 2062
4549 5 2 99991 1 989 1018 1019 990 3643 3701 3703 3645
4550 5 2 99991 1 3643 3701 3703 3645 3644 3702 3704 3646
4551 5 2 99991 1 3644 3702 3704 3646 2062 2091 2092 2063
4552 5 2 99991 1 990 1019 1020 991 3645 3703 3705 3647
4553 5 2 99991 1 3645 3703 3705 3647 3646 3704 3706 3648
4554 5 2 99991 1 3646 3704 3706 3648 2063 2092 2093 2064
4555 5 2 99991 1 991 1020 1021 992 3647 3705 3707 3649
4556 5 2 99991 1 3647 3705 3707 3649 3648 3706 3708 3650
4557 5 2 99991 1 3648 3706 3708 3650 2064 2093 2094 2065
4558 5 2 99991 1 992 1021 1022 993 3649 3707 3709 3651
4559 5 2 99991 1 3649 3707 3709 3651 3650 3708 3710 3652
4560 5 2 99991 1 3650 3708 3710 3652 2065 2094 2095 2066
4561 5 2 99991 1 993 1022 1023 994 3651 3709 3711 3653
4562 5 2 99991 1 3651 3709 3711 3653 3652 3710 3712 3654
4563 5 2 99991 1 3652 3710 3712 3654 2066 2095 2096 2067
4564 5 2 99991 1 994 1023 1024 995 3653 3711 3713 3655
4565 5 2 99991 1 3653 3711 3713 3655 3654 3712 3714 3656
4566 5 2 99991 1 3654 3712 3714 3656 2067 2096 2097 2068
4567 5 2 99991 1 995 1024 1025 996 3655 3713 3715 3657
4568 5 2 99991 1 3655 3713 3715 3657 3656 3714 3716 3658
4569 5 2 99991 1 3656 3714 3716 3658 2068 2097 2098 2069
4570 5 2 99991 1 996 1025 1026 997 3657 3715 3717 3659
4571 5 2 99991 1 3657 3715 3717 3659 3658 3716 3718 3660
4572 5 2 99991 1 3658 3716 3718 3660 2069 2098 2099 2070
4573 5 2 99991 1 997 1026 1027 998 3659 3717 3719 3661
4574 5 2 99991 1 3659 3717 3719 3661 3660 3718 3720 3662
4575 5 2 99991 1 3660 3718 3720 3662 2070 2099 2100 2071
4576 5 2 99991 1 998 1027 1028 999 3661 3719 3721 3663
4577 5 2 99991 1 3661 3719 3721 3663 3662 3720 3722 3664
4578 5 2 99991 1 3662 3720 3722 3664 2071 2100 2101 2072
4579 5 2 99991 1 999 1028 1029 1000 3663 3721 3723 3665
4580 5 2 99991 1 3663 3721 3723 3665 3664 3722 3724 3666
4581 5 2 99991 1 3664 3722 3724 3666 2072 2101 2102 2073
4582 5 2 99991 1 1000 1029 1030 1001 3665 3723 3725 3667
4583 5 2 99991 1 3665 3723 3725 3667 3666 3724 3726 3668
4584 5 2 99991 1 3666 3724 3726 3668 2073 2102 2103 2074
4585 5 2 99991 1 1001 1030 1031 1002 3667 3725 3727 3669
4586 5 2 99991 1 3667 3725 3727 3669 3668 3726 3728 3670
4587 5 2 99991 1 3668 3726 3728 3670 2074 2103 2104 2075
4588 5 2 99991 1 1002 1031 69 70 3669 3727 1268 1270
4589 5 2 99991 1 3669 3727 1268 1270 3670 3728 1269 1271
4590 5 2 99991 1 3670 3728 1269 1271 2075 2104 214 215
4591 5 2 99991 1 35 36 1032 1003 1200 1202 3729 3671
4592 5 2 99991 1 1200 1202 3729 3671 1201 1203 3730 3672
4593 5 2 99991 1 1201 1203 3730 3672 180 181 2105 2076
4594 5 2 99991 1 1003 1032 1033 1004 3671 3729 3731 3673
4595 5 2 99991 1 3671 3729 3731 3673 3672 3730 3732 3674
4596 5 2 99991 1 3672 3730 3732 3674 2076 2105 2106 2077
4597 5 2 99991 1 1004 1033 1034 1005 3673 3731 3733 3675
4598 5 2 99991 1 3673 3731 3733 3675 3674 3732 3734 3676
4599 5 2 99991 1 3674 3732 3734 3676 2077 2106 2107 2078
4600 5 2 99991 1 1005 1034 1035 1006 3675 3733 3735 3677
4601 5 2 99991 1 3675 3733 3735 3677 3676 3734 3736 3678
4602 5 2 99991 1 3676 3734 3736 3678 2078 2107 2108 2079
4603 5 2 99991 1 1006 1035 1036 1007 3677 3735 3737 3679
4604 5 2 99991 1 3677 3735 3737 3679 3678 3736 3738 3680
4605 5 2 99991 1 3678 3736 3738 3680 2079 2108 2109 2080
4606 5 2 99991 1 1007 1036 1037 1008 3679 3737 3739 3681
4607 5 2 99991 1 3679 3737 3739 3681 3680 3738 3740 3682
4608 5 2 99991 1 3680 3738 3740 3682 2080 2109 2110 2081
4609 5 2 99991 1 1008 1037 1038 1009 3681 3739 3741 3683
4610 5 2 99991 1 3681 3739 3741 3683 3682 3740 3742 3684
4611 5 2 99991 1 3682 3740 3742 3684 2081 2110 2111 2082
4612 5 2 99991 1 1009 1038 1039 1010 3683 3741 3743 3685
4613 5 2 99991 1 3683 3741 3743 3685 3684 3742 3744 3686
4614 5 2 99991 1 3684 3742 3744 3686 2082 2111 2112 2083
4615 5 2 99991 1 1010 1039 1040 1011 3685 3743 3745 3687
4616 5 2 99991 1 3685 3743 3745 3687 3686 3744 3746 3688
4617 5 2 99991 1 3686 3744 3746 3688 2083 2112 2113 2084
4618 5 2 99991 1 1011 1040 1041 1012 3687 3745 3747 3689
4619 5 2 99991 1 3687 3745 3747 3689 3688 3746 3748 3690
4620 5 2 99991 1 3688 3746 3748 3690 2084 2113 2114 2085
4621 5 2 99991 1 1012 1041 1042 1013 3689 3747 3749 3691
4622 5 2 99991 1 3689 3747 3749 3691 3690 3748 3750 3692
4623 5 2 99991 1 3690 3748 3750 3692 2085 2114 2115 2086
4624 5 2 99991 1 1013 1042 1043 1014 3691 3749 3751 3693
4625 5 2 99991 1 3691 3749 3751 3693 3692 3750 3752 3694
4626 5 2 99991 1 3692 3750 3752 3694 2086 2115 2116 2087
4627 5 2 99991 1 1014 1043 1044 1015 3693 3751 3753 3695
4628 5 2 99991 1 3693 3751 3753 3695 3694 3752 3754 3696
4629 5 2 99991 1 3694 3752 3754 3696 2087 2116 2117 2088
4630 5 2 99991 1 1015 1044 1045 1016 3695 3753 3755 3697
4631 5 2 99991 1 3695 3753 3755 3697 3696 3754 3756 3698
4632 5 2 99991 1 3696 3754 3756 3698 2088 2117 2118 2089
4633 5 2 99991 1 1016 1045 1046 1017 3697 3755 3757 3699
4634 5 2 99991 1 3697 3755 3757 3699 3698 3756 3758 3700
4635 5 2 99991 1 3698 3756 3758 3700 2089 2118 2119 2090
4636 5 2 99991 1 1017 1046 1047 1018 3699 3757 3759 3701
4637 5 2 99991 1 3699 3757 3759 3701 3700 3758 3760 3702
4638 5 2 99991 1 3700 3758 3760 3702 2090 2119 2120 2091
4639 5 2 99991 1 1018 1047 1048 1019 3701 3759 3761 3703
4640 5 2 99991 1 3701 3759 3761 3703 3702 3760 3762 3704
4641 5 2 99991 1 3702 3760 3762 3704 2091 2120 2121 2092
4642 5 2 99991 1 1019 1048 1049 1020 3703 3761 3763 3705
4643 5 2 99991 1 3703 3761 3763 3705 3704 3762 3764 3706
4644 5 2 99991 1 3704 3762 3764 3706 2092 2121 2122 2093
4645 5 2 99991 1 1020 1049 1050 1021 3705 3763 3765 3707
4646 5 2 99991 1 3705 3763 3765 3707 3706 3764 3766 3708
4647 5 2 99991 1 3706 3764 3766 3708 2093 2122 2123 2094
4648 5 2 99991 1 1021 1050 1051 1022 3707 3765 3767 3709
4649 5 2 99991 1 3707 3765 3767 3709 3708 3766 3768 3710
4650 5 2 99991 1 3708 3766 3768 3710 2094 2123 2124 2095
4651 5 2 99991 1 1022 1051 1052 1023 3709 3767 3769 3711
4652 5 2 99991 1 3709 3767 3769 3711 3710 3768 3770 3712
4653 5 2 99991 1 3710 3768 3770 3712 2095 2124 2125 2096
4654 5 2 99991 1 1023 1052 1053 1024 3711 3769 3771 3713
4655 5 2 99991 1 3711 3769 3771 3713 3712 3770 3772 3714
4656 5 2 99991 1 3712 3770 3772 3714 2096 2125 2126 2097
4657 5 2 99991 1 1024 1053 1054 1025 3713 3771 3773 3715
4658 5 2 99991 1 3713 3771 3773 3715 3714 3772 3774 3716
4659 5 2 99991 1 3714 3772 3774 3716 2097 2126 2127 2098
4660 5 2 99991 1 1025 1054 1055 1026 3715 3773 3775 3717
4661 5 2 99991 1 3715 3773 3775 3717 3716 3774 3776 3718
4662 5 2 99991 1 3716 3774 3776 3718 2098 2127 2128 2099
4663 5 2 99991 1 1026 1055 1056 1027 3717 3775 3777 3719
4664 5 2 99991 1 3717 3775 3777 3719 3718 3776 3778 3720
4665 5 2 99991 1 3718 3776 3778 3720 2099 2128 2129 2100
4666 5 2 99991 1 1027 1056 1057 1028 3719 3777 3779 3721
4667 5 2 99991 1 3719 3777 3779 3721 3720 3778 3780 3722
4668 5 2 99991 1 3720 3778 3780 3722 2100 2129 2130 2101
4669 5 2 99991 1 1028 1057 1058 1029 3721 3779 3781 3723
4670 5 2 99991 1 3721 3779 3781 3723 3722 3780 3782 3724
4671 5 2 99991 1 3722 3780 3782 3724 2101 2130 2131 2102
4672 5 2 99991 1 1029 1058 1059 1030 3723 3781 3783 3725
4673 5 2 99991 1 3723 3781 3783 3725 3724 3782 3784 3726
4674 5 2 99991 1 3724 3782 3784 3726 2102 2131 2132 2103
4675 5 2 99991 1 1030 1059 1060 1031 3725 3783 3785 3727
4676 5 2 99991 1 3725 3783 3785 3727 3726 3784 3786 3728
4677 5 2 99991 1 3726 3784 3786 3728 2103 2132 2133 2104
4678 5 2 99991 1 1031 1060 68 69 3727 3785 1266 1268
4679 5 2 99991 1 3727 3785 1266 1268 3728 3786 1267 1269
4680 5 2 99991 1 3728 3786 1267 1269 2104 2133 213 214
4681 5 2 99991 1 36 37 1061 1032 1202 1204 3787 3729
4682 5 2 99991 1 1202 1204 3787 3729 1203 1205 3788 3730
4683 5 2 99991 1 1203 1205 3788 3730 181 182 2134 2105
4684 5 2 99991 1 1032 1061 1062 1033 3729 3787 3789 3731
4685 5 2 99991 1 3729 3787 3789 3731 3730 3788 3790 3732
4686 5 2 99991 1 3730 3788 3790 3732 2105 2134 2135 2106
4687 5 2 99991 1 1033 1062 1063 1034 3731 3789 3791 3733
4688 5 2 99991 1 3731 3789 3791 3733 3732 3790 3792 3734
4689 5 2 99991 1 3732 3790 3792 3734 2106 2135 2136 2107
4690 5 2 99991 1 1034 1063 1064 1035 3733 3791 3793 3735
4691 5 2 99991 1 3733 3791 3793 3735 3734 3792 3794 3736
4692 5 2 99991 1 3734 3792 3794 3736 2107 2136 2137 2108
4693 5 2 99991 1 1035 1064 1065 1036 3735 3793 3795 3737
4694 5 2 99991 1 3735 3793 3795 3737 3736 3794 3796 3738
4695 5 2 99991 1 3736 3794 3796 3738 2108 2137 2138 2109
4696 5 2 99991 1 1036 1065 1066 1037 3737 3795 3797 3739
4697 5 2 99991 1 3737 3795 3797 3739 3738 3796 3798 3740
4698 5 2 99991 1 3738 3796 3798 3740 2109 2138 2139 2110
4699 5 2 99991 1 1037 1066 1067 1038 3739 3797 3799 3741
4700 5 2 99991 1 3739 3797 3799 3741 3740 3798 3800 3742
4701 5 2 99991 1 3740 3798 3800 3742 2110 2139 2140 2111
4702 5 2 99991 1 1038 1067 1068 1039 3741 3799 3801 3743
4703 5 2 99991 1 3741 3799 3801 3743 3742 3800 3802 3744
4704 5 2 99991 1 3742 3800 3802 3744 2111 2140 2141 2112
4705 5 2 99991 1 1039 1068 1069 1040 3743 3801 3803 3745
4706 5 2 99991 1 3743 3801 3803 3745 3744 3802 3804 3746
4707 5 2 99991 1 3744 3802 3804 3746 2112 2141 2142 2113
4708 5 2 99991 1 1040 1069 1070 1041 3745 3803 3805 3747
4709 5 2 99991 1 3745 3803 3805 3747 3746 3804 3806 3748
4710 5 2 99991 1 3746 3804 3806 3748 2113 2142 2143 2114
4711 5 2 99991 1 1041 1070 1071 1042 3747 3805 3807 3749
4712 5 2 99991 1 3747 3805 3807 3749 3748 3806 3808 3750
4713 5 2 99991 1 3748 3806 3808 3750 2114 2143 2144 2115
4714 5 2 99991 1 1042 1071 1072 1043 3749 3807 3809 3751
4715 5 2 99991 1 3749 3807 3809 3751 3750 3808 3810 3752
4716 5 2 99991 1 3750 3808 3810 3752 2115 2144 2145 2116
4717 5 2 99991 1 1043 1072 1073 1044 3751 3809 3811 3753
4718 5 2 99991 1 3751 3809 3811 3753 3752 3810 3812 3754
4719 5 2 99991 1 3752 3810 3812 3754 2116 2145 2146 2117
4720 5 2 99991 1 1044 1073 1074 1045 3753 3811 3813 3755
4721 5 2 99991 1 3753 3811 3813 3755 3754 3812 3814 3756
4722 5 2 99991 1 3754 3812 3814 3756 2117 2146 2147 2118
4723 5 2 99991 1 1045 1074 1075 1046 3755 3813 3815 3757
4724 5 2 99991 1 3755 3813 3815 3757 3756 3814 3816 3758
4725 5 2 99991 1 3756 3814 3816 3758 2118 2147 2148 2119
4726 5 2 99991 1 1046 1075 1076 1047 3757 3815 3817 3759
4727 5 2 99991 1 3757 3815 3817 3759 3758 3816 3818 3760
4728 5 2 99991 1 3758 3816 3818 3760 2119 2148 2149 2120
4729 5 2 99991 1 1047 1076 1077 1048 3759 3817 3819 3761
4730 5 2 99991 1 3759 3817 3819 3761 3760 3818 3820 3762
4731 5 2 99991 1 3760 3818 3820 3762 2120 2149 2150 2121
4732 5 2 99991 1 1048 1077 1078 1049 3761 3819 3821 3763
4733 5 2 99991 1 3761 3819 3821 3763 3762 3820 3822 3764
4734 5 2 99991 1 3762 3820 3822 3764 2121 2150 2151 2122
4735 5 2 99991 1 1049 1078 1079 1050 3763 3821 3823 3765
4736 5 2 99991 1 3763 3821 3823 3765 3764 3822 3824 3766
4737 5 2 99991 1 3764 3822 3824 3766 2122 2151 2152 2123
4738 5 2 99991 1 1050 1079 1080 1051 3765 3823 3825 3767
4739 5 2 99991 1 3765 3823 3825 3767 3766 3824 3826 3768
4740 5 2 99991 1 3766 3824 3826 3768 2123 2152 2153 2124
4741 5 2 99991 1 1051 1080 1081 1052 3767 3825 3827 3769
4742 5 2 99991 1 3767 3825 3827 3769 3768 3826 3828 3770
4743 5 2 99991 1 3768 3826 3828 3770 2124 2153 2154 2125
4744 5 2 99991 1 1052 1081 1082 1053 3769 3827 3829 3771
4745 5 2 99991 1 3769 3827 3829 3771 3770 3828 3830 3772
4746 5 2 99991 1 3770 3828 3830 3772 2125 2154 2155 2126
4747 5 2 99991 1 1053 1082 1083 1054 3771 3829 3831 3773
4748 5 2 99991 1 3771 3829 3831 3773 3772 3830 3832 3774
4749 5 2 99991 1 3772 3830 3832 3774 2126 2155 2156 2127
4750 5 2 99991 1 1054 1083 1084 1055 3773 3831 3833 3775
4751 5 2 99991 1 3773 3831 3833 3775 3774 3832 3834 3776
4752 5 2 99991 1 3774 3832 3834 3776 2127 2156 2157 2128
4753 5 2 99991 1 1055 1084 1085 1056 3775 3833 3835 3777
4754 5 2 99991 1 3775 3833 3835 3777 3776 3834 3836 3778
4755 5 2 99991 1 3776 3834 3836 3778 2128 2157 2158 2129
4756 5 2 99991 1 1056 1085 1086 1057 3777 3835 3837 3779
4757 5 2 99991 1 3777 3835 3837 3779 3778 3836 3838 3780
4758 5 2 99991 1 3778 3836 3838 3780 2129 2158 2159 2130
4759 5 2 99991 1 1057 1086 1087 1058 3779 3837 3839 3781
4760 5 2 99991 1 3779 3837 3839 3781 3780 3838 3840 3782
4761 5 2 99991 1 3780 3838 3840 3782 2130 2159 2160 2131
4762 5 2 99991 1 1058 1087 1088 1059 3781 3839 3841 3783
4763 5 2 99991 1 3781 3839 3841 3783 3782 3840 3842 3784
4764 5 2 99991 1 3782 3840 3842 3784 2131 2160 2161 2132
4765 5 2 99991 1 1059 1088 1089 1060 3783 3841 3843 3785
4766 5 2 99991 1 3783 3841 3843 3785 3784 3842 3844 3786
4767 5 2 99991 1 3784 3842 3844 3786 2132 2161 2162 2133
4768 5 2 99991 1 1060 1089 67 68 3785 3843 1264 1266
4769 5 2 99991 1 3785 3843 1264 1266 3786 3844 1265 1267
4770 5 2 99991 1 3786 3844 1265 1267 2133 2162 212 213
4771 5 2 99991 1 37 2 66 1061 1204 245 1262 3787
4772 5 2 99991 1 1204 245 1262 3787 1205 246 1263 3788
4773 5 2 99991 1 1205 246 1263 3788 182 7 183 2134
4774 5 2 99991 1 1061 66 65 1062 3787 1262 1260 3789
4775 5 2 99991 1 3787 1262 1260 3789 3788 1263 1261 3790
4776 5 2 99991 1 3788 1263 1261 3790 2134 183 184 2135
4777 5 2 99991 1 1062 65 64 1063 3789 1260 1258 3791
4778 5 2 99991 1 3789 1260 1258 3791 3790 1261 1259 3792
4779 5 2 99991 1 3790 1261 1259 3792 2135 184 185 2136
4780 5 2 99991 1 1063 64 63 1064 3791 1258 1256 3793
4781 5 2 99991 1 3791 1258 1256 3793 3792 1259 1257 3794
4782 5 2 99991 1 3792 1259 1257 3794 2136 185 186 2137
4783 5 2 99991 1 1064 63 62 1065 3793 1256 1254 3795
4784 5 2 99991 1 3793 1256 1254 3795 3794 1257 1255 3796
4785 5 2 99991 1 3794 1257 1255 3796 2137 186 187 2138
4786 5 2 99991 1 1065 62 61 1066 3795 1254 1252 3797
4787 5 2 99991 1 3795 1254 1252 3797 3796 1255 1253 3798
4788 5 2 99991 1 3796 1255 1253 3798 2138 187 188 2139
4789 5 2 99991 1 1066 61 60 1067 3797 1252 1250 3799
4790 5 2 99991 1 3797 1252 1250 3799 3798 1253 1251 3800
4791 5 2 99991 1 3798 1253 1251 3800 2139 188 189 2140
4792 5 2 99991 1 1067 60 59 1068 3799 1250 1248 3801
4793 5 2 99991 1 3799 1250 1248 3801 3800 1251 1249 3802
4794 5 2 99991 1 3800 1251 1249 3802 2140 189 190 2141
4795 5 2 99991 1 1068 59 58 1069 3801 1248 1246 3803
4796 5 2 99991 1 3801 1248 1246 3803 3802 1249 1247 3804
4797 5 2 99991 1 3802 1249 1247 3804 2141 190 191 2142
4798 5 2 99991 1 1069 58 57 1070 3803 1246 1244 3805
4799 5 2 99991 1 3803 1246 1244 3805 3804 1247 1245 3806
4800 5 2 99991 1 3804 1247 1245 3806 2142 191 192 2143
4801 5 2 99991 1 1070 57 56 1071 3805 1244 1242 3807
4802 5 2 99991 1 3805 1244 1242 3807 3806 1245 1243 3808
4803 5 2 99991 1 3806 1245 1243 3808 2143 192 193 2144
4804 5 2 99991 1 1071 56 55 1072 3807 1242 1240 3809
4805 5 2 99991 1 3807 1242 1240 3809 3808 1243 1241 3810
4806 5 2 99991 1 3808 1243 1241 3810 2144 193 194 2145
4807 5 2 99991 1 1072 55 54 1073 3809 1240 1238 3811
4808 5 2 99991 1 3809 1240 1238 3811 3810 1241 1239 3812
4809 5 2 99991 1 3810 1241 1239 3812 2145 194 195 2146
4810 5 2 99991 1 1073 54 53 1074 3811 1238 1236 3813
4811 5 2 99991 1 3811 1238 1236 3813 3812 1239 1237 3814
4812 5 2 99991 1 3812 1239 1237 3814 2146 195 196 2147
4813 5 2 99991 1 1074 53 52 1075 3813 1236 1234 3815
4814 5 2 99991 1 3813 1236 1234 3815 3814 1237 1235 3816
4815 5 2 99991 1 3814 1237 1235 3816 2147 196 197 2148
4816 5 2 99991 1 1075 52 51 1076 3815 1234 1232 3817
4817 5 2 99991 1 3815 1234 1232 3817 3816 1235 1233 3818
4818 5 2 99991 1 3816 1235 1233 3818 2148 197 198 2149
4819 5 2 99991 1 1076 51 50 1077 3817 1232 1230 3819
4820 5 2 99991 1 3817 1232 1230 3819 3818 1233 1231 3820
4821 5 2 99991 1 3818 1233 1231 3820 2149 198 199 2150
4822 5 2 99991 1 1077 50 49 1078 3819 1230 1228 3821
4823 5 2 99991 1 3819 1230 1228 3821 3820 1231 1229 3822
4824 5 2 99991 1 3820 1231 1229 3822 2150 199 200 2151
4825 5 2 99991 1 1078 49 48 1079 3821 1228 1226 3823
4826 5 2 99991 1 3821 1228 1226 3823 3822 1229 1227 3824
4827 5 2 99991 1 3822 1229 1227 3824 2151 200 201 2152
4828 5 2 99991 1 1079 48 47 1080 3823 1226 1224 3825
4829 5 2 99991 1 3823 1226 1224 3825 3824 1227 1225 3826
4830 5 2 99991 1 3824 1227 1225 3826 2152 201 202 2153
4831 5 2 99991 1 1080 47 46 1081 3825 1224 1222 3827
4832 5 2 99991 1 3825 1224 1222 3827 3826 1225 1223 3828
4833 5 2 99991 1 3826 1225 1223 3828 2153 202 203 2154
4834 5 2 99991 1 1081 46 45 1082 3827 1222 1220 3829
4835 5 2 99991 1 3827 1222 1220 3829 3828 1223 1221 3830
4836 5 2 99991 1 3828 1223 1221 3830 2154 203 204 2155
4837 5 2 99991 1 1082 45 44 1083 3829 1220 1218 3831
4838 5 2 99991 1 3829 1220 1218 3831 3830 1221 1219 3832
4839 5 2 99991 1 3830 1221 1219 3832 2155 204 205 2156
4840 5 2 99991 1 1083 44 43 1084 3831 1218 1216 3833
4841 5 2 99991 1 3831 1218 1216 3833 3832 1219 1217 3834
4842 5 2 99991 1 3832 1219 1217 3834 2156 205 206 2157
4843 5 2 99991 1 1084 43 42 1085 3833 1216 1214 3835
4844 5 2 99991 1 3833 1216 1214 3835 3834 1217 1215 3836
4845 5 2 99991 1 3834 1217 1215 3836 2157 206 207 2158
4846 5 2 99991 1 1085 42 41 1086 3835 1214 1212 3837
4847 5 2 99991 1 3835 1214 1212 3837 3836 1215 1213 3838
4848 5 2 99991 1 3836 1215 1213 3838 2158 207 208 2159
4849 5 2 99991 1 1086 41 40 1087 3837 1212 1210 3839
4850 5 2 99991 1 3837 1212 1210 3839 3838 1213 1211 3840
4851 5 2 99991 1 3838 1213 1211 3840 2159 208 209 2160
4852 5 2 99991 1 1087 40 39 1088 3839 1210 1208 3841
4853 5 2 99991 1 3839 1210 1208 3841 3840 1211 1209 3842
4854 5 2 99991 1 3840 1211 1209 3842 2160 209 210 2161
4855 5 2 99991 1 1088 39 38 1089 3841 1208 1206 3843
4856 5 2 99991 1 3841 1208 1206 3843 3842 1209 1207 3844
4857 5 2 99991 1 3842 1209 1207 3844 2161 210 211 2162
4858 5 2 99991 1 1089 38 3 67 3843 1206 247 1264
4859 5 2 99991 1 3843 1206 247 1264 3844 1207 248 1265
4860 5 2 99991 1 3844 1207 248 1265 2162 211 8 212
$EndElements
