darts-linear-solvers built on Mar 13 2024 02:54:05 by shahr@Calmking from c26b952291cc866ce710f5c368c9678002aef645
darts-engines built on Mar 13 2024 02:54:04 by shahr@Calmking from c26b952291cc866ce710f5c368c9678002aef645
darts-discretizer built on Mar 13 2024 02:54:05 by shahr@Calmking from c26b952291cc866ce710f5c368c9678002aef645
Processing mesh: 1000 reservoir blocks, 4 well blocks, 1003 connections
2-phase 4-component isothermal flow with kinetic reaction and diffusion CPU engine
Sim params: 
	First ts: 	0.001
	Max ts: 	1
	Mult ts: 	2
	Max i newton: 	10
	Max i linear: 	50
	Tol newton: 	1e-05
	Tol linear: 	1e-06

START SIMULATION
-------------------------------------------------------------------------------------------------------------
Well I1 initialized with gas rate injector
Well P1 initialized with BHP producer
	 #1 (4.8407e+08, 3.0217e+15): lin 1 (0.0e+00)
Composition correction applied in 387 block(s)
	 #2 (9.3137e-02, 5.9873e+07): lin 1 (0.0e+00)
Composition correction applied in 385 block(s)
	 #3 (3.4187e-10, 1.0151e+00): lin 1 (0.0e+00)
Composition correction applied in 385 block(s)
-------------------------------------------------------------------------------------------------------------
 T = 0.001, DT = 0.001, NI = 3, LI = 3, RES = 1.3e-11 (9.5e-05), CFL=0.002 (ELAPSED 00:00:00 )
-------------------------------------------------------------------------------------------------------------
	 #1 (2.0000e+00, 6.7848e+02): lin 1 (0.0e+00)
Composition correction applied in 348 block(s)
	 #2 (3.4198e-07, 1.7621e-02): lin 1 (0.0e+00)
Composition correction applied in 348 block(s)
	 #3 (9.6473e-12, 1.3148e-03): lin 1 (0.0e+00)
Composition correction applied in 348 block(s)
	 #4 (8.7640e-12, 1.3148e-03): lin 1 (0.0e+00)
Composition correction applied in 348 block(s)
	 #5 (1.0195e-11, 1.3148e-03): lin 1 (0.0e+00)
Composition correction applied in 348 block(s)
	 #6 (1.0106e-11, 1.3148e-03): lin 1 (0.0e+00)
Composition correction applied in 348 block(s)
	 #7 (8.7763e-12, 1.3148e-03): lin 1 (0.0e+00)
Composition correction applied in 348 block(s)
	 #8 (1.2041e-11, 3.0337e-03): lin 1 (0.0e+00)
Composition correction applied in 348 block(s)
	 #9 (1.0117e-11, 1.3148e-03): lin 1 (0.0e+00)
Composition correction applied in 348 block(s)
	 #10 (1.3469e-11, 3.0338e-03): lin 1 (0.0e+00)
Composition correction applied in 348 block(s)
FAILED TO CONVERGE WITH DT = 0.002 (newton residual wells) 
	 #1 (1.0000e+00, 3.3924e+02): lin 1 (0.0e+00)
Composition correction applied in 375 block(s)
	 #2 (1.6173e-07, 8.7263e-03): lin 1 (0.0e+00)
Composition correction applied in 375 block(s)
	 #3 (4.4207e-12, 1.7310e-03): lin 1 (0.0e+00)
Composition correction applied in 375 block(s)
	 #4 (1.2299e-11, 1.7317e-03): lin 1 (0.0e+00)
Composition correction applied in 375 block(s)
	 #5 (4.3946e-12, 1.5240e-03): lin 1 (0.0e+00)
Composition correction applied in 375 block(s)
	 #6 (4.3605e-12, 1.5240e-03): lin 1 (0.0e+00)
Composition correction applied in 375 block(s)
	 #7 (4.4541e-12, 1.5240e-03): lin 1 (0.0e+00)
Composition correction applied in 375 block(s)
	 #8 (4.4289e-12, 1.5240e-03): lin 1 (0.0e+00)
Composition correction applied in 375 block(s)
	 #9 (1.2258e-11, 1.7317e-03): lin 1 (0.0e+00)
Composition correction applied in 375 block(s)
	 #10 (1.2176e-11, 1.7317e-03): lin 1 (0.0e+00)
Composition correction applied in 375 block(s)
FAILED TO CONVERGE WITH DT = 0.001 (newton residual wells) 
	 #1 (5.0000e-01, 1.6962e+02): lin 1 (0.0e+00)
Composition correction applied in 384 block(s)
	 #2 (6.7181e-08, 2.8507e-03): lin 1 (0.0e+00)
Composition correction applied in 384 block(s)
-------------------------------------------------------------------------------------------------------------
 T = 0.0015, DT = 0.0005, NI = 2, LI = 2, RES = 5.6e-13 (1.7e-05), CFL=0.001 (ELAPSED 00:00:00 )
-------------------------------------------------------------------------------------------------------------
	 #1 (6.6021e-01, 1.5988e+02): lin 1 (0.0e+00)
Composition correction applied in 373 block(s)
-------------------------------------------------------------------------------------------------------------
 T = 0.0025, DT = 0.001, NI = 1, LI = 1, RES = 7.2e-08 (3.8e-04), CFL=0.001 (ELAPSED 00:00:00 )
-------------------------------------------------------------------------------------------------------------
	 #1 (7.9613e-01, 1.3866e+02): lin 1 (0.0e+00)
Composition correction applied in 339 block(s)
-------------------------------------------------------------------------------------------------------------
 T = 0.0045, DT = 0.002, NI = 1, LI = 1, RES = 9.4e-08 (6.9e-04), CFL=0.002 (ELAPSED 00:00:00 )
-------------------------------------------------------------------------------------------------------------
	 #1 (8.8705e-01, 1.1208e+02): lin 1 (0.0e+00)
Composition correction applied in 281 block(s)
	 #2 (1.8110e-07, 2.6835e-03): lin 1 (0.0e+00)
Composition correction applied in 281 block(s)
	 #3 (5.3185e-12, 1.9350e-03): lin 1 (0.0e+00)
Composition correction applied in 281 block(s)
	 #4 (5.2151e-12, 1.9350e-03): lin 1 (0.0e+00)
Composition correction applied in 281 block(s)
	 #5 (4.9066e-12, 1.9350e-03): lin 1 (0.0e+00)
Composition correction applied in 281 block(s)
	 #6 (5.3363e-12, 1.1391e-03): lin 1 (0.0e+00)
Composition correction applied in 281 block(s)
	 #7 (5.2242e-12, 1.9350e-03): lin 1 (0.0e+00)
Composition correction applied in 281 block(s)
	 #8 (1.0822e-11, 1.1398e-03): lin 1 (0.0e+00)
Composition correction applied in 281 block(s)
	 #9 (1.0398e-11, 1.1397e-03): lin 1 (0.0e+00)
Composition correction applied in 281 block(s)
	 #10 (5.2218e-12, 1.1391e-03): lin 1 (0.0e+00)
Composition correction applied in 281 block(s)
FAILED TO CONVERGE WITH DT = 0.004 (newton residual wells) 
	 #1 (4.4353e-01, 5.6041e+01): lin 1 (0.0e+00)
Composition correction applied in 314 block(s)
-------------------------------------------------------------------------------------------------------------
 T = 0.0065, DT = 0.002, NI = 1, LI = 1, RES = 4.4e-08 (6.0e-05), CFL=0.001 (ELAPSED 00:00:01 )
-------------------------------------------------------------------------------------------------------------
	 #1 (6.1474e-01, 6.2660e+01): lin 1 (0.0e+00)
Composition correction applied in 258 block(s)
	 #2 (1.5427e-07, 1.1720e-03): lin 1 (0.0e+00)
Composition correction applied in 258 block(s)
	 #3 (6.9983e-12, 1.5341e-03): lin 1 (0.0e+00)
Composition correction applied in 258 block(s)
-------------------------------------------------------------------------------------------------------------
 T = 0.0105, DT = 0.004, NI = 3, LI = 3, RES = 5.9e-12 (9.6e-04), CFL=0.002 (ELAPSED 00:00:01 )
-------------------------------------------------------------------------------------------------------------
	 #1 (7.6169e-01, 5.6172e+01): lin 1 (0.0e+00)
Composition correction applied in 146 block(s)
	 #2 (5.3912e-07, 2.1204e-03): lin 1 (0.0e+00)
Composition correction applied in 146 block(s)
	 #3 (2.8618e-12, 1.2191e-03): lin 1 (0.0e+00)
Composition correction applied in 146 block(s)
	 #4 (2.7128e-12, 1.6048e-03): lin 1 (0.0e+00)
Composition correction applied in 146 block(s)
	 #5 (2.6280e-12, 1.6048e-03): lin 1 (0.0e+00)
Composition correction applied in 146 block(s)
	 #6 (2.8600e-12, 1.2191e-03): lin 1 (0.0e+00)
Composition correction applied in 146 block(s)
	 #7 (2.7121e-12, 1.6048e-03): lin 1 (0.0e+00)
Composition correction applied in 146 block(s)
	 #8 (1.1823e-11, 1.2197e-03): lin 1 (0.0e+00)
Composition correction applied in 146 block(s)
	 #9 (2.8600e-12, 1.6048e-03): lin 1 (0.0e+00)
Composition correction applied in 146 block(s)
	 #10 (2.7089e-12, 1.6048e-03): lin 1 (0.0e+00)
Composition correction applied in 146 block(s)
FAILED TO CONVERGE WITH DT = 0.008 (newton residual wells) 
	 #1 (3.8084e-01, 2.8086e+01): lin 1 (0.0e+00)
Composition correction applied in 205 block(s)
-------------------------------------------------------------------------------------------------------------
 T = 0.0145, DT = 0.004, NI = 1, LI = 1, RES = 1.5e-07 (3.0e-05), CFL=0.002 (ELAPSED 00:00:01 )
-------------------------------------------------------------------------------------------------------------
	 #1 (5.5181e-01, 2.7322e+01): lin 1 (0.0e+00)
Composition correction applied in 35 block(s)
-------------------------------------------------------------------------------------------------------------
 T = 0.0225, DT = 0.008, NI = 1, LI = 1, RES = 5.1e-07 (5.1e-04), CFL=0.003 (ELAPSED 00:00:01 )
-------------------------------------------------------------------------------------------------------------
	 #1 (7.1162e-01, 1.2618e+00): lin 1 (0.0e+00)
Composition correction applied in 2 block(s)
	 #2 (1.6891e-06, 4.3231e-03): lin 1 (0.0e+00)
Composition correction applied in 2 block(s)
-------------------------------------------------------------------------------------------------------------
 T = 0.0385, DT = 0.016, NI = 2, LI = 2, RES = 2.3e-12 (2.1e-04), CFL=0.004 (ELAPSED 00:00:01 )
-------------------------------------------------------------------------------------------------------------
	 #1 (8.3213e-01, 5.5928e+01): lin 1 (0.0e+00)
Composition correction applied in 1 block(s)
	 #2 (4.8539e-06, 8.2730e-03): lin 1 (0.0e+00)
Composition correction applied in 1 block(s)
	 #3 (1.4136e-11, 1.1232e-03): lin 1 (0.0e+00)
Composition correction applied in 1 block(s)
	 #4 (1.2864e-12, 1.8322e-03): lin 1 (0.0e+00)
Composition correction applied in 1 block(s)
	 #5 (1.2902e-12, 1.1226e-03): lin 1 (0.0e+00)
Composition correction applied in 1 block(s)
	 #6 (1.2911e-12, 1.8322e-03): lin 1 (0.0e+00)
Composition correction applied in 1 block(s)
	 #7 (1.2926e-12, 1.1226e-03): lin 1 (0.0e+00)
Composition correction applied in 1 block(s)
	 #8 (1.3843e-11, 1.1232e-03): lin 1 (0.0e+00)
Composition correction applied in 1 block(s)
	 #9 (1.3844e-11, 1.1232e-03): lin 1 (0.0e+00)
Composition correction applied in 1 block(s)
	 #10 (1.2940e-12, 1.8322e-03): lin 1 (0.0e+00)
Composition correction applied in 1 block(s)
FAILED TO CONVERGE WITH DT = 0.032 (newton residual wells) 
	 #1 (4.1607e-01, 2.7964e+01): lin 1 (0.0e+00)
Composition correction applied in 1 block(s)
	 #2 (1.5743e-06, 3.6489e-03): lin 1 (0.0e+00)
Composition correction applied in 1 block(s)
-------------------------------------------------------------------------------------------------------------
 T = 0.0545, DT = 0.016, NI = 2, LI = 2, RES = 3.6e-12 (7.5e-04), CFL=0.003 (ELAPSED 00:00:01 )
-------------------------------------------------------------------------------------------------------------
	 #1 (5.8785e-01, 6.2258e+01): lin 1 (0.0e+00)
Composition correction applied in 1 block(s)
	 #2 (4.7768e-06, 3.0137e-03): lin 1 (0.0e+00)
Composition correction applied in 1 block(s)
	 #3 (7.7292e-12, 1.5984e-03): lin 1 (0.0e+00)
Composition correction applied in 1 block(s)
-------------------------------------------------------------------------------------------------------------
 T = 0.0865, DT = 0.032, NI = 3, LI = 3, RES = 4.9e-12 (8.1e-04), CFL=0.005 (ELAPSED 00:00:02 )
-------------------------------------------------------------------------------------------------------------
	 #1 (7.4018e-01, 8.9852e+01): lin 1 (0.0e+00)
Composition correction applied in 1 block(s)
	 #2 (1.2671e-05, 8.6040e-03): lin 1 (0.0e+00)
Composition correction applied in 1 block(s)
-------------------------------------------------------------------------------------------------------------
 T = 0.1505, DT = 0.064, NI = 2, LI = 2, RES = 6.4e-12 (1.0e-03), CFL=0.008 (ELAPSED 00:00:02 )
-------------------------------------------------------------------------------------------------------------
	 #1 (8.4951e-01, 8.4395e+01): lin 1 (0.0e+00)
Composition correction applied in 2 block(s)
	 #2 (3.0638e-05, 1.8856e-02): lin 1 (0.0e+00)
Composition correction applied in 2 block(s)
-------------------------------------------------------------------------------------------------------------
 T = 0.2785, DT = 0.128, NI = 2, LI = 2, RES = 2.8e-11 (7.1e-04), CFL=0.720 (ELAPSED 00:00:02 )
-------------------------------------------------------------------------------------------------------------
	 #1 (9.1624e-01, 5.2296e+01): lin 1 (0.0e+00)
Composition correction applied in 2 block(s)
	 #2 (9.1501e-05, 1.0445e-02): lin 1 (0.0e+00)
Composition correction applied in 2 block(s)
-------------------------------------------------------------------------------------------------------------
 T = 0.5345, DT = 0.256, NI = 2, LI = 2, RES = 2.3e-10 (7.5e-04), CFL=0.743 (ELAPSED 00:00:02 )
-------------------------------------------------------------------------------------------------------------
	 #1 (9.5200e-01, 2.0549e+01): lin 1 (0.0e+00)
Composition correction applied in 2 block(s)
	 #2 (3.3238e-04, 2.7424e-03): lin 1 (0.0e+00)
Composition correction applied in 2 block(s)
-------------------------------------------------------------------------------------------------------------
 T = 1.0465, DT = 0.512, NI = 2, LI = 2, RES = 5.8e-09 (1.0e-03), CFL=0.762 (ELAPSED 00:00:02 )
-------------------------------------------------------------------------------------------------------------
	 #1 (9.4446e-01, 4.3599e+00): lin 1 (0.0e+00)
Composition correction applied in 2 block(s)
	 #2 (5.5881e-03, 1.7071e-04): lin 1 (0.0e+00)
Composition correction applied in 2 block(s)
-------------------------------------------------------------------------------------------------------------
 T = 2.0465, DT = 1, NI = 2, LI = 2, RES = 9.7e-08 (8.6e-04), CFL=0.906 (ELAPSED 00:00:02 )
-------------------------------------------------------------------------------------------------------------
	 #1 (4.7761e-01, 7.2672e-02): lin 1 (0.0e+00)
Composition correction applied in 2 block(s)
	 #2 (8.1303e-04, 3.3458e-04): lin 1 (0.0e+00)
Composition correction applied in 2 block(s)
-------------------------------------------------------------------------------------------------------------
 T = 3.0465, DT = 1, NI = 2, LI = 2, RES = 3.2e-08 (3.6e-04), CFL=0.691 (ELAPSED 00:00:02 )
-------------------------------------------------------------------------------------------------------------
	 #1 (3.1592e-01, 1.2927e-01): lin 1 (0.0e+00)
Composition correction applied in 2 block(s)
	 #2 (2.2179e-02, 2.8542e-04): lin 1 (0.0e+00)
Composition correction applied in 2 block(s)
	 #3 (1.8070e-04, 1.2114e-03): lin 1 (0.0e+00)
Composition correction applied in 2 block(s)
-------------------------------------------------------------------------------------------------------------
 T = 4.0465, DT = 1, NI = 3, LI = 3, RES = 5.9e-09 (8.3e-04), CFL=0.796 (ELAPSED 00:00:02 )
-------------------------------------------------------------------------------------------------------------
	 #1 (2.2566e-01, 9.8810e-01): lin 1 (0.0e+00)
Composition correction applied in 2 block(s)
	 #2 (8.6607e-02, 5.0057e-04): lin 1 (0.0e+00)
Composition correction applied in 2 block(s)
	 #3 (6.3391e-03, 5.6932e-03): lin 1 (0.0e+00)
Composition correction applied in 2 block(s)
-------------------------------------------------------------------------------------------------------------
 T = 5.0465, DT = 1, NI = 3, LI = 3, RES = 3.0e-06 (3.8e-04), CFL=1.064 (ELAPSED 00:00:02 )
-------------------------------------------------------------------------------------------------------------
	 #1 (1.5540e-01, 3.7491e+00): lin 1 (0.0e+00)
Composition correction applied in 200 block(s)
	 #2 (2.2462e-02, 7.8978e-04): lin 1 (0.0e+00)
Composition correction applied in 104 block(s)
	 #3 (6.0426e-04, 6.7474e-04): lin 1 (0.0e+00)
Composition correction applied in 102 block(s)
-------------------------------------------------------------------------------------------------------------
 T = 6.0465, DT = 1, NI = 3, LI = 3, RES = 3.2e-07 (5.0e-04), CFL=1.008 (ELAPSED 00:00:02 )
-------------------------------------------------------------------------------------------------------------
	 #1 (1.9455e-01, 1.5457e+00): lin 1 (0.0e+00)
Composition correction applied in 2 block(s)
	 #2 (6.5216e-03, 2.9921e-03): lin 1 (0.0e+00)
Composition correction applied in 2 block(s)
	 #3 (2.4650e-05, 1.6463e-04): lin 1 (0.0e+00)
Composition correction applied in 2 block(s)
-------------------------------------------------------------------------------------------------------------
 T = 7.0465, DT = 1, NI = 3, LI = 3, RES = 2.4e-10 (3.8e-04), CFL=0.697 (ELAPSED 00:00:03 )
-------------------------------------------------------------------------------------------------------------
	 #1 (1.7170e-01, 1.1467e+00): lin 1 (0.0e+00)
Composition correction applied in 2 block(s)
	 #2 (2.4091e-02, 3.1179e-05): lin 1 (0.0e+00)
Composition correction applied in 2 block(s)
	 #3 (2.3696e-03, 4.8207e-04): lin 1 (0.0e+00)
Composition correction applied in 2 block(s)
-------------------------------------------------------------------------------------------------------------
 T = 8.0465, DT = 1, NI = 3, LI = 3, RES = 5.2e-06 (2.6e-04), CFL=0.570 (ELAPSED 00:00:03 )
-------------------------------------------------------------------------------------------------------------
	 #1 (1.5112e-01, 7.3931e-01): lin 1 (0.0e+00)
Composition correction applied in 2 block(s)
	 #2 (4.0658e-03, 3.2254e-05): lin 1 (0.0e+00)
Composition correction applied in 2 block(s)
	 #3 (2.8957e-05, 1.8457e-04): lin 1 (0.0e+00)
Composition correction applied in 2 block(s)
-------------------------------------------------------------------------------------------------------------
 T = 9.0465, DT = 1, NI = 3, LI = 3, RES = 4.1e-10 (7.2e-05), CFL=0.532 (ELAPSED 00:00:03 )
-------------------------------------------------------------------------------------------------------------
	 #1 (1.2933e-01, 1.0531e-01): lin 1 (0.0e+00)
Composition correction applied in 2 block(s)
	 #2 (6.7602e-02, 3.2316e-05): lin 1 (0.0e+00)
Composition correction applied in 125 block(s)
	 #3 (3.7798e-03, 3.6507e-03): lin 1 (0.0e+00)
Composition correction applied in 126 block(s)
-------------------------------------------------------------------------------------------------------------
 T = 10.0465, DT = 1, NI = 3, LI = 3, RES = 2.2e-06 (3.4e-05), CFL=0.828 (ELAPSED 00:00:03 )
-------------------------------------------------------------------------------------------------------------
	 #1 (1.0667e-01, 1.6186e+00): lin 1 (0.0e+00)
Composition correction applied in 202 block(s)
	 #2 (7.6701e-03, 1.3188e-05): lin 1 (0.0e+00)
Composition correction applied in 172 block(s)
	 #3 (6.2996e-05, 2.1168e-04): lin 1 (0.0e+00)
Composition correction applied in 171 block(s)
-------------------------------------------------------------------------------------------------------------
 T = 11.0465, DT = 1, NI = 3, LI = 3, RES = 4.9e-09 (4.3e-05), CFL=0.752 (ELAPSED 00:00:03 )
-------------------------------------------------------------------------------------------------------------
	 #1 (1.2578e-01, 1.7334e-01): lin 1 (0.0e+00)
Composition correction applied in 2 block(s)
	 #2 (5.1613e-03, 8.8993e-04): lin 1 (0.0e+00)
Composition correction applied in 2 block(s)
	 #3 (6.2293e-05, 3.2277e-04): lin 1 (0.0e+00)
Composition correction applied in 2 block(s)
-------------------------------------------------------------------------------------------------------------
 T = 12.0465, DT = 1, NI = 3, LI = 3, RES = 3.9e-09 (5.6e-05), CFL=0.603 (ELAPSED 00:00:03 )
-------------------------------------------------------------------------------------------------------------
	 #1 (1.1549e-01, 6.2693e-01): lin 1 (0.0e+00)
Composition correction applied in 2 block(s)
	 #2 (9.4375e-03, 1.8161e-04): lin 1 (0.0e+00)
Composition correction applied in 2 block(s)
	 #3 (3.3272e-04, 2.1880e-04): lin 1 (0.0e+00)
Composition correction applied in 2 block(s)
-------------------------------------------------------------------------------------------------------------
 T = 13.0465, DT = 1, NI = 3, LI = 3, RES = 1.4e-07 (4.0e-04), CFL=0.523 (ELAPSED 00:00:03 )
-------------------------------------------------------------------------------------------------------------
	 #1 (1.0371e-01, 2.9432e-01): lin 1 (0.0e+00)
Composition correction applied in 2 block(s)
	 #2 (1.4544e-02, 3.5562e-04): lin 1 (0.0e+00)
Composition correction applied in 2 block(s)
	 #3 (2.7642e-04, 3.6386e-04): lin 1 (0.0e+00)
Composition correction applied in 2 block(s)
-------------------------------------------------------------------------------------------------------------
 T = 14.0465, DT = 1, NI = 3, LI = 3, RES = 4.9e-08 (7.1e-05), CFL=0.546 (ELAPSED 00:00:03 )
-------------------------------------------------------------------------------------------------------------
	 #1 (8.7168e-02, 1.8094e-01): lin 1 (0.0e+00)
Composition correction applied in 334 block(s)
	 #2 (1.4675e-02, 2.7575e-03): lin 1 (0.0e+00)
Composition correction applied in 267 block(s)
	 #3 (5.0285e-04, 2.1430e-04): lin 1 (0.0e+00)
Composition correction applied in 265 block(s)
-------------------------------------------------------------------------------------------------------------
 T = 15.0465, DT = 1, NI = 3, LI = 3, RES = 3.8e-07 (2.6e-04), CFL=0.762 (ELAPSED 00:00:04 )
-------------------------------------------------------------------------------------------------------------
	 #1 (1.0206e-01, 9.8857e-01): lin 1 (0.0e+00)
Composition correction applied in 2 block(s)
	 #2 (3.9138e-03, 1.6691e-03): lin 1 (0.0e+00)
Composition correction applied in 2 block(s)
-------------------------------------------------------------------------------------------------------------
 T = 16.0465, DT = 1, NI = 2, LI = 2, RES = 8.9e-06 (4.9e-06), CFL=0.578 (ELAPSED 00:00:04 )
-------------------------------------------------------------------------------------------------------------
	 #1 (9.6153e-02, 4.9755e-01): lin 1 (0.0e+00)
Composition correction applied in 2 block(s)
	 #2 (3.6469e-03, 1.3960e-04): lin 1 (0.0e+00)
Composition correction applied in 2 block(s)
-------------------------------------------------------------------------------------------------------------
 T = 17.0465, DT = 1, NI = 2, LI = 2, RES = 7.2e-06 (1.9e-04), CFL=0.522 (ELAPSED 00:00:04 )
-------------------------------------------------------------------------------------------------------------
	 #1 (8.7729e-02, 2.7887e-01): lin 1 (0.0e+00)
Composition correction applied in 2 block(s)
	 #2 (7.8393e-03, 1.3722e-05): lin 1 (0.0e+00)
Composition correction applied in 2 block(s)
	 #3 (3.1102e-04, 6.2444e-05): lin 1 (0.0e+00)
Composition correction applied in 2 block(s)
-------------------------------------------------------------------------------------------------------------
 T = 18.0465, DT = 1, NI = 3, LI = 3, RES = 1.4e-07 (1.7e-07), CFL=0.463 (ELAPSED 00:00:04 )
-------------------------------------------------------------------------------------------------------------
	 #1 (8.0466e-02, 1.8706e-01): lin 1 (0.0e+00)
Composition correction applied in 2 block(s)
	 #2 (6.3855e-02, 2.8947e-05): lin 1 (0.0e+00)
Composition correction applied in 276 block(s)
	 #3 (5.0395e-03, 2.5328e-03): lin 1 (0.0e+00)
Composition correction applied in 284 block(s)
	 #4 (1.9145e-05, 4.8629e-05): lin 1 (0.0e+00)
Composition correction applied in 284 block(s)
-------------------------------------------------------------------------------------------------------------
 T = 19.0465, DT = 1, NI = 4, LI = 4, RES = 2.3e-10 (2.0e-04), CFL=0.720 (ELAPSED 00:00:04 )
-------------------------------------------------------------------------------------------------------------
	 #1 (8.2905e-02, 9.3634e-01): lin 1 (0.0e+00)
Composition correction applied in 2 block(s)
	 #2 (3.2851e-03, 9.7051e-04): lin 1 (0.0e+00)
Composition correction applied in 2 block(s)
	 #3 (1.2594e-04, 1.0259e-04): lin 1 (0.0e+00)
Composition correction applied in 2 block(s)
-------------------------------------------------------------------------------------------------------------
 T = 20.0465, DT = 1, NI = 3, LI = 3, RES = 8.7e-09 (2.0e-04), CFL=0.575 (ELAPSED 00:00:04 )
-------------------------------------------------------------------------------------------------------------
	 #1 (8.3460e-02, 3.1836e-01): lin 1 (0.0e+00)
Composition correction applied in 2 block(s)
	 #2 (3.2909e-03, 1.2695e-04): lin 1 (0.0e+00)
Composition correction applied in 2 block(s)
-------------------------------------------------------------------------------------------------------------
 T = 21.0465, DT = 1, NI = 2, LI = 2, RES = 5.3e-06 (1.2e-04), CFL=0.493 (ELAPSED 00:00:04 )
-------------------------------------------------------------------------------------------------------------
	 #1 (7.7044e-02, 2.5249e-01): lin 1 (0.0e+00)
Composition correction applied in 2 block(s)
	 #2 (2.8622e-03, 3.3117e-05): lin 1 (0.0e+00)
Composition correction applied in 2 block(s)
-------------------------------------------------------------------------------------------------------------
 T = 22.0465, DT = 1, NI = 2, LI = 2, RES = 8.2e-06 (1.3e-04), CFL=0.458 (ELAPSED 00:00:04 )
-------------------------------------------------------------------------------------------------------------
	 #1 (7.1202e-02, 1.6262e-01): lin 1 (0.0e+00)
Composition correction applied in 2 block(s)
	 #2 (4.8423e-02, 2.1631e-05): lin 1 (0.0e+00)
Composition correction applied in 2 block(s)
	 #3 (3.0938e-03, 1.6740e-03): lin 1 (0.0e+00)
Composition correction applied in 2 block(s)
-------------------------------------------------------------------------------------------------------------
 T = 23.0465, DT = 1, NI = 3, LI = 3, RES = 6.7e-06 (1.6e-04), CFL=0.633 (ELAPSED 00:00:04 )
-------------------------------------------------------------------------------------------------------------
	 #1 (6.8650e-02, 6.2779e-01): lin 1 (0.0e+00)
Composition correction applied in 2 block(s)
	 #2 (3.2191e-03, 3.3937e-04): lin 1 (0.0e+00)
Composition correction applied in 2 block(s)
-------------------------------------------------------------------------------------------------------------
 T = 24.0465, DT = 1, NI = 2, LI = 2, RES = 3.1e-06 (2.1e-05), CFL=0.565 (ELAPSED 00:00:04 )
-------------------------------------------------------------------------------------------------------------
	 #1 (7.4294e-02, 1.5867e-01): lin 1 (0.0e+00)
Composition correction applied in 2 block(s)
	 #2 (2.9806e-03, 1.5306e-04): lin 1 (0.0e+00)
Composition correction applied in 2 block(s)
-------------------------------------------------------------------------------------------------------------
 T = 25.0465, DT = 1, NI = 2, LI = 2, RES = 4.7e-06 (4.2e-05), CFL=0.486 (ELAPSED 00:00:05 )
-------------------------------------------------------------------------------------------------------------
	 #1 (6.9216e-02, 2.1353e-01): lin 1 (0.0e+00)
Composition correction applied in 2 block(s)
	 #2 (2.3674e-03, 5.1785e-05): lin 1 (0.0e+00)
Composition correction applied in 2 block(s)
-------------------------------------------------------------------------------------------------------------
 T = 26.0465, DT = 1, NI = 2, LI = 2, RES = 7.9e-06 (1.0e-04), CFL=0.434 (ELAPSED 00:00:05 )
-------------------------------------------------------------------------------------------------------------
	 #1 (6.4376e-02, 1.4571e-01): lin 1 (0.0e+00)
Composition correction applied in 2 block(s)
	 #2 (4.4725e-02, 1.4785e-05): lin 1 (0.0e+00)
Composition correction applied in 2 block(s)
	 #3 (2.2200e-03, 1.1753e-03): lin 1 (0.0e+00)
Composition correction applied in 2 block(s)
-------------------------------------------------------------------------------------------------------------
 T = 27.0465, DT = 1, NI = 3, LI = 3, RES = 3.1e-06 (4.1e-05), CFL=0.605 (ELAPSED 00:00:05 )
-------------------------------------------------------------------------------------------------------------
	 #1 (6.1099e-02, 4.8704e-01): lin 1 (0.0e+00)
Composition correction applied in 2 block(s)
	 #2 (3.3204e-03, 1.4501e-04): lin 1 (0.0e+00)
Composition correction applied in 2 block(s)
-------------------------------------------------------------------------------------------------------------
 T = 28.0465, DT = 1, NI = 2, LI = 2, RES = 3.9e-06 (2.1e-05), CFL=0.533 (ELAPSED 00:00:05 )
-------------------------------------------------------------------------------------------------------------
	 #1 (6.7384e-02, 1.0738e-01): lin 1 (0.0e+00)
Composition correction applied in 2 block(s)
	 #2 (2.6670e-03, 7.4380e-05): lin 1 (0.0e+00)
Composition correction applied in 2 block(s)
-------------------------------------------------------------------------------------------------------------
 T = 29.0465, DT = 1, NI = 2, LI = 2, RES = 4.4e-06 (4.6e-05), CFL=0.461 (ELAPSED 00:00:05 )
-------------------------------------------------------------------------------------------------------------
	 #1 (6.3145e-02, 1.8327e-01): lin 1 (0.0e+00)
Composition correction applied in 2 block(s)
	 #2 (2.3368e-03, 6.9268e-05): lin 1 (0.0e+00)
Composition correction applied in 2 block(s)
-------------------------------------------------------------------------------------------------------------
 T = 30.0465, DT = 1, NI = 2, LI = 2, RES = 2.4e-06 (1.1e-04), CFL=0.428 (ELAPSED 00:00:05 )
-------------------------------------------------------------------------------------------------------------
	 #1 (5.8887e-02, 1.2699e-01): lin 1 (0.0e+00)
Composition correction applied in 2 block(s)
	 #2 (3.9431e-02, 1.1890e-04): lin 1 (0.0e+00)
Composition correction applied in 146 block(s)
	 #3 (1.9699e-03, 8.9129e-04): lin 1 (0.0e+00)
Composition correction applied in 283 block(s)
-------------------------------------------------------------------------------------------------------------
 T = 31.0465, DT = 1, NI = 3, LI = 3, RES = 3.4e-06 (1.6e-04), CFL=0.572 (ELAPSED 00:00:05 )
-------------------------------------------------------------------------------------------------------------
	 #1 (5.6626e-02, 4.1581e-01): lin 1 (0.0e+00)
Composition correction applied in 2 block(s)
	 #2 (3.4130e-03, 2.0622e-04): lin 1 (0.0e+00)
Composition correction applied in 2 block(s)
-------------------------------------------------------------------------------------------------------------
 T = 32.0465, DT = 1, NI = 2, LI = 2, RES = 2.7e-06 (5.3e-05), CFL=0.521 (ELAPSED 00:00:05 )
-------------------------------------------------------------------------------------------------------------
	 #1 (6.1936e-02, 1.0203e-01): lin 1 (0.0e+00)
Composition correction applied in 2 block(s)
	 #2 (2.4207e-03, 2.3573e-04): lin 1 (0.0e+00)
Composition correction applied in 2 block(s)
-------------------------------------------------------------------------------------------------------------
 T = 33.0465, DT = 1, NI = 2, LI = 2, RES = 4.3e-06 (4.8e-05), CFL=0.453 (ELAPSED 00:00:05 )
-------------------------------------------------------------------------------------------------------------
	 #1 (5.8238e-02, 1.5939e-01): lin 1 (0.0e+00)
Composition correction applied in 2 block(s)
	 #2 (2.3699e-03, 3.2254e-05): lin 1 (0.0e+00)
Composition correction applied in 2 block(s)
-------------------------------------------------------------------------------------------------------------
 T = 34.0465, DT = 1, NI = 2, LI = 2, RES = 2.8e-06 (6.0e-05), CFL=0.410 (ELAPSED 00:00:05 )
-------------------------------------------------------------------------------------------------------------
	 #1 (5.4370e-02, 1.0834e-01): lin 1 (0.0e+00)
Composition correction applied in 2 block(s)
	 #2 (3.8392e-02, 3.6202e-05): lin 1 (0.0e+00)
Composition correction applied in 290 block(s)
	 #3 (2.0874e-03, 6.5946e-04): lin 1 (0.0e+00)
Composition correction applied in 295 block(s)
-------------------------------------------------------------------------------------------------------------
 T = 35.0465, DT = 1, NI = 3, LI = 3, RES = 4.8e-06 (6.0e-05), CFL=0.568 (ELAPSED 00:00:05 )
-------------------------------------------------------------------------------------------------------------
	 #1 (5.4099e-02, 3.8003e-01): lin 1 (0.0e+00)
Composition correction applied in 2 block(s)
	 #2 (3.6427e-03, 3.4570e-04): lin 1 (0.0e+00)
Composition correction applied in 2 block(s)
-------------------------------------------------------------------------------------------------------------
 T = 36.0465, DT = 1, NI = 2, LI = 2, RES = 4.3e-06 (4.0e-05), CFL=0.494 (ELAPSED 00:00:05 )
-------------------------------------------------------------------------------------------------------------
	 #1 (5.7550e-02, 1.1585e-01): lin 1 (0.0e+00)
Composition correction applied in 2 block(s)
	 #2 (2.2250e-03, 1.0977e-06): lin 1 (0.0e+00)
Composition correction applied in 2 block(s)
-------------------------------------------------------------------------------------------------------------
 T = 37.0465, DT = 1, NI = 2, LI = 2, RES = 4.7e-06 (1.1e-04), CFL=0.432 (ELAPSED 00:00:06 )
-------------------------------------------------------------------------------------------------------------
	 #1 (5.4195e-02, 1.4108e-01): lin 1 (0.0e+00)
Composition correction applied in 2 block(s)
	 #2 (2.4327e-03, 1.1949e-04): lin 1 (0.0e+00)
Composition correction applied in 2 block(s)
-------------------------------------------------------------------------------------------------------------
 T = 38.0465, DT = 1, NI = 2, LI = 2, RES = 3.7e-06 (2.7e-05), CFL=0.406 (ELAPSED 00:00:06 )
-------------------------------------------------------------------------------------------------------------
	 #1 (5.0579e-02, 9.1617e-02): lin 1 (0.0e+00)
Composition correction applied in 2 block(s)
	 #2 (3.9051e-02, 7.4854e-05): lin 1 (0.0e+00)
Composition correction applied in 303 block(s)
	 #3 (2.3804e-03, 8.8721e-04): lin 1 (0.0e+00)
Composition correction applied in 309 block(s)
-------------------------------------------------------------------------------------------------------------
 T = 39.0465, DT = 1, NI = 3, LI = 3, RES = 7.6e-06 (7.9e-05), CFL=0.554 (ELAPSED 00:00:06 )
-------------------------------------------------------------------------------------------------------------
	 #1 (5.3049e-02, 3.6291e-01): lin 1 (0.0e+00)
Composition correction applied in 2 block(s)
	 #2 (4.0647e-03, 4.8998e-04): lin 1 (0.0e+00)
Composition correction applied in 2 block(s)
-------------------------------------------------------------------------------------------------------------
 T = 40.0465, DT = 1, NI = 2, LI = 2, RES = 9.7e-06 (3.6e-05), CFL=0.470 (ELAPSED 00:00:06 )
-------------------------------------------------------------------------------------------------------------
	 #1 (5.3941e-02, 1.3611e-01): lin 1 (0.0e+00)
Composition correction applied in 2 block(s)
	 #2 (2.0677e-03, 1.0978e-04): lin 1 (0.0e+00)
Composition correction applied in 2 block(s)
-------------------------------------------------------------------------------------------------------------
 T = 41.0465, DT = 1, NI = 2, LI = 2, RES = 2.3e-06 (7.8e-06), CFL=0.425 (ELAPSED 00:00:06 )
-------------------------------------------------------------------------------------------------------------
	 #1 (5.0791e-02, 1.2714e-01): lin 1 (0.0e+00)
Composition correction applied in 2 block(s)
	 #2 (5.3042e-03, 1.0970e-04): lin 1 (0.0e+00)
Composition correction applied in 2 block(s)
	 #3 (3.1536e-05, 2.2045e-05): lin 1 (0.0e+00)
Composition correction applied in 2 block(s)
-------------------------------------------------------------------------------------------------------------
 T = 42.0465, DT = 1, NI = 3, LI = 3, RES = 1.3e-09 (3.1e-05), CFL=0.409 (ELAPSED 00:00:06 )
-------------------------------------------------------------------------------------------------------------
	 #1 (4.5886e-02, 3.5217e-02): lin 1 (0.0e+00)
Composition correction applied in 351 block(s)
	 #2 (5.9538e-03, 8.2009e-04): lin 1 (0.0e+00)
Composition correction applied in 307 block(s)
	 #3 (1.5574e-04, 7.0069e-05): lin 1 (0.0e+00)
Composition correction applied in 128 block(s)
-------------------------------------------------------------------------------------------------------------
 T = 43.0465, DT = 1, NI = 3, LI = 3, RES = 6.3e-08 (4.1e-05), CFL=0.528 (ELAPSED 00:00:06 )
-------------------------------------------------------------------------------------------------------------
	 #1 (5.1218e-02, 2.8063e-01): lin 1 (0.0e+00)
Composition correction applied in 2 block(s)
	 #2 (4.5805e-03, 3.9758e-04): lin 1 (0.0e+00)
Composition correction applied in 2 block(s)
	 #3 (1.4064e-05, 1.8740e-05): lin 1 (0.0e+00)
Composition correction applied in 2 block(s)
-------------------------------------------------------------------------------------------------------------
 T = 44.0465, DT = 1, NI = 3, LI = 3, RES = 5.2e-10 (5.9e-05), CFL=0.460 (ELAPSED 00:00:06 )
-------------------------------------------------------------------------------------------------------------
	 #1 (5.0746e-02, 1.3035e-01): lin 1 (0.0e+00)
Composition correction applied in 2 block(s)
	 #2 (1.8998e-03, 6.6820e-05): lin 1 (0.0e+00)
Composition correction applied in 2 block(s)
-------------------------------------------------------------------------------------------------------------
 T = 45.0465, DT = 1, NI = 2, LI = 2, RES = 1.9e-06 (4.4e-05), CFL=0.407 (ELAPSED 00:00:06 )
-------------------------------------------------------------------------------------------------------------
	 #1 (4.7831e-02, 1.1231e-01): lin 1 (0.0e+00)
Composition correction applied in 2 block(s)
	 #2 (1.0832e-02, 2.0181e-05): lin 1 (0.0e+00)
Composition correction applied in 2 block(s)
	 #3 (1.5253e-04, 1.2810e-04): lin 1 (0.0e+00)
Composition correction applied in 2 block(s)
-------------------------------------------------------------------------------------------------------------
 T = 46.0465, DT = 1, NI = 3, LI = 3, RES = 6.4e-09 (9.9e-05), CFL=0.424 (ELAPSED 00:00:06 )
-------------------------------------------------------------------------------------------------------------
	 #1 (4.1473e-02, 3.8298e-02): lin 1 (0.0e+00)
Composition correction applied in 328 block(s)
	 #2 (4.1986e-03, 2.1315e-04): lin 1 (0.0e+00)
Composition correction applied in 2 block(s)
	 #3 (7.6249e-05, 1.4983e-04): lin 1 (0.0e+00)
Composition correction applied in 2 block(s)
-------------------------------------------------------------------------------------------------------------
 T = 47.0465, DT = 1, NI = 3, LI = 3, RES = 1.5e-08 (1.6e-05), CFL=0.508 (ELAPSED 00:00:07 )
-------------------------------------------------------------------------------------------------------------
	 #1 (4.8712e-02, 1.7003e-01): lin 1 (0.0e+00)
Composition correction applied in 2 block(s)
	 #2 (5.1578e-03, 2.6304e-04): lin 1 (0.0e+00)
Composition correction applied in 2 block(s)
	 #3 (1.7337e-05, 1.2269e-05): lin 1 (0.0e+00)
Composition correction applied in 2 block(s)
-------------------------------------------------------------------------------------------------------------
 T = 48.0465, DT = 1, NI = 3, LI = 3, RES = 9.4e-10 (1.2e-05), CFL=0.439 (ELAPSED 00:00:07 )
-------------------------------------------------------------------------------------------------------------
	 #1 (4.7851e-02, 1.1002e-01): lin 1 (0.0e+00)
Composition correction applied in 2 block(s)
	 #2 (1.8543e-03, 5.9941e-05): lin 1 (0.0e+00)
Composition correction applied in 2 block(s)
-------------------------------------------------------------------------------------------------------------
 T = 49.0465, DT = 1, NI = 2, LI = 2, RES = 1.6e-06 (1.2e-04), CFL=0.391 (ELAPSED 00:00:07 )
-------------------------------------------------------------------------------------------------------------
	 #1 (4.5174e-02, 9.6822e-02): lin 1 (0.0e+00)
Composition correction applied in 2 block(s)
	 #2 (1.5294e-02, 5.9412e-05): lin 1 (0.0e+00)
Composition correction applied in 2 block(s)
	 #3 (3.4498e-04, 2.0642e-04): lin 1 (0.0e+00)
Composition correction applied in 2 block(s)
-------------------------------------------------------------------------------------------------------------
 T = 50.0465, DT = 1, NI = 3, LI = 3, RES = 6.8e-08 (3.0e-05), CFL=0.449 (ELAPSED 00:00:07 )
-------------------------------------------------------------------------------------------------------------
	 #1 (3.8764e-02, 9.6348e-02): lin 1 (0.0e+00)
Composition correction applied in 2 block(s)
	 #2 (2.8419e-03, 6.0593e-05): lin 1 (0.0e+00)
Composition correction applied in 2 block(s)
	 #3 (3.3916e-05, 2.1527e-05): lin 1 (0.0e+00)
Composition correction applied in 2 block(s)
-------------------------------------------------------------------------------------------------------------
 T = 51.0465, DT = 1, NI = 3, LI = 3, RES = 2.8e-09 (5.7e-05), CFL=0.479 (ELAPSED 00:00:07 )
-------------------------------------------------------------------------------------------------------------
	 #1 (4.6594e-02, 8.2152e-02): lin 1 (0.0e+00)
Composition correction applied in 2 block(s)
	 #2 (2.0052e-03, 1.9416e-04): lin 1 (0.0e+00)
Composition correction applied in 2 block(s)
-------------------------------------------------------------------------------------------------------------
 T = 52.0465, DT = 1, NI = 2, LI = 2, RES = 3.6e-06 (4.2e-05), CFL=0.420 (ELAPSED 00:00:07 )
-------------------------------------------------------------------------------------------------------------
	 #1 (4.5278e-02, 9.4100e-02): lin 1 (0.0e+00)
Composition correction applied in 2 block(s)
	 #2 (1.9497e-03, 4.4003e-05): lin 1 (0.0e+00)
Composition correction applied in 2 block(s)
-------------------------------------------------------------------------------------------------------------
 T = 53.0465, DT = 1, NI = 2, LI = 2, RES = 1.7e-06 (2.7e-05), CFL=0.378 (ELAPSED 00:00:07 )
-------------------------------------------------------------------------------------------------------------
	 #1 (4.2759e-02, 8.2654e-02): lin 1 (0.0e+00)
Composition correction applied in 2 block(s)
	 #2 (2.0282e-02, 2.1270e-05): lin 1 (0.0e+00)
Composition correction applied in 2 block(s)
	 #3 (6.6456e-04, 3.5706e-04): lin 1 (0.0e+00)
Composition correction applied in 2 block(s)
-------------------------------------------------------------------------------------------------------------
 T = 54.0465, DT = 1, NI = 3, LI = 3, RES = 4.9e-07 (4.8e-05), CFL=0.460 (ELAPSED 00:00:07 )
-------------------------------------------------------------------------------------------------------------
	 #1 (3.7814e-02, 1.4022e-01): lin 1 (0.0e+00)
Composition correction applied in 2 block(s)
	 #2 (2.5074e-03, 6.8288e-06): lin 1 (0.0e+00)
Composition correction applied in 2 block(s)
	 #3 (1.7488e-05, 3.3338e-05): lin 1 (0.0e+00)
Composition correction applied in 2 block(s)
-------------------------------------------------------------------------------------------------------------
 T = 55.0465, DT = 1, NI = 3, LI = 3, RES = 3.3e-10 (1.1e-04), CFL=0.455 (ELAPSED 00:00:07 )
-------------------------------------------------------------------------------------------------------------
	 #1 (4.4680e-02, 1.6889e-02): lin 1 (0.0e+00)
Composition correction applied in 2 block(s)
	 #2 (1.8567e-03, 1.6969e-05): lin 1 (0.0e+00)
Composition correction applied in 2 block(s)
-------------------------------------------------------------------------------------------------------------
 T = 56.0465, DT = 1, NI = 2, LI = 2, RES = 2.3e-06 (1.9e-05), CFL=0.402 (ELAPSED 00:00:07 )
-------------------------------------------------------------------------------------------------------------
	 #1 (4.3109e-02, 8.7310e-02): lin 1 (0.0e+00)
Composition correction applied in 2 block(s)
	 #2 (2.0547e-03, 5.7735e-05): lin 1 (0.0e+00)
Composition correction applied in 2 block(s)
-------------------------------------------------------------------------------------------------------------
 T = 57.0465, DT = 1, NI = 2, LI = 2, RES = 2.2e-06 (4.0e-05), CFL=0.374 (ELAPSED 00:00:07 )
-------------------------------------------------------------------------------------------------------------
	 #1 (4.0559e-02, 6.8649e-02): lin 1 (0.0e+00)
Composition correction applied in 2 block(s)
	 #2 (2.5051e-02, 3.9093e-05): lin 1 (0.0e+00)
Composition correction applied in 2 block(s)
	 #3 (1.1121e-03, 2.5671e-04): lin 1 (0.0e+00)
Composition correction applied in 2 block(s)
-------------------------------------------------------------------------------------------------------------
 T = 58.0465, DT = 1, NI = 3, LI = 3, RES = 1.9e-06 (1.6e-05), CFL=0.470 (ELAPSED 00:00:08 )
-------------------------------------------------------------------------------------------------------------
	 #1 (3.8478e-02, 1.7461e-01): lin 1 (0.0e+00)
Composition correction applied in 2 block(s)
	 #2 (3.0228e-03, 1.3505e-04): lin 1 (0.0e+00)
Composition correction applied in 2 block(s)
	 #3 (2.0031e-05, 4.3345e-05): lin 1 (0.0e+00)
Composition correction applied in 2 block(s)
-------------------------------------------------------------------------------------------------------------
 T = 59.0465, DT = 1, NI = 3, LI = 3, RES = 9.7e-10 (4.7e-05), CFL=0.435 (ELAPSED 00:00:08 )
-------------------------------------------------------------------------------------------------------------
	 #1 (4.2987e-02, 3.3536e-02): lin 1 (0.0e+00)
Composition correction applied in 2 block(s)
	 #2 (1.7079e-03, 6.0549e-05): lin 1 (0.0e+00)
Composition correction applied in 2 block(s)
-------------------------------------------------------------------------------------------------------------
 T = 60.0465, DT = 1, NI = 2, LI = 2, RES = 1.8e-06 (5.6e-05), CFL=0.394 (ELAPSED 00:00:08 )
-------------------------------------------------------------------------------------------------------------
	 #1 (4.1171e-02, 8.2748e-02): lin 1 (0.0e+00)
Composition correction applied in 2 block(s)
	 #2 (2.1916e-03, 4.1051e-06): lin 1 (0.0e+00)
Composition correction applied in 2 block(s)
-------------------------------------------------------------------------------------------------------------
 T = 61.0465, DT = 1, NI = 2, LI = 2, RES = 3.5e-06 (9.4e-05), CFL=0.363 (ELAPSED 00:00:08 )
-------------------------------------------------------------------------------------------------------------
	 #1 (3.8562e-02, 5.6803e-02): lin 1 (0.0e+00)
Composition correction applied in 2 block(s)
	 #2 (2.9531e-02, 5.9671e-05): lin 1 (0.0e+00)
Composition correction applied in 301 block(s)
	 #3 (1.6936e-03, 5.1909e-04): lin 1 (0.0e+00)
Composition correction applied in 309 block(s)
-------------------------------------------------------------------------------------------------------------
 T = 62.0465, DT = 1, NI = 3, LI = 3, RES = 5.5e-06 (7.5e-05), CFL=0.478 (ELAPSED 00:00:08 )
-------------------------------------------------------------------------------------------------------------
	 #1 (4.0396e-02, 2.0009e-01): lin 1 (0.0e+00)
Composition correction applied in 2 block(s)
	 #2 (3.9575e-03, 1.7812e-04): lin 1 (0.0e+00)
Composition correction applied in 2 block(s)
	 #3 (3.4879e-05, 5.3820e-05): lin 1 (0.0e+00)
Composition correction applied in 2 block(s)
-------------------------------------------------------------------------------------------------------------
 T = 63.0465, DT = 1, NI = 3, LI = 3, RES = 3.0e-09 (5.1e-05), CFL=0.427 (ELAPSED 00:00:08 )
-------------------------------------------------------------------------------------------------------------
	 #1 (4.1438e-02, 7.1827e-02): lin 1 (0.0e+00)
Composition correction applied in 2 block(s)
	 #2 (1.6093e-03, 8.6045e-06): lin 1 (0.0e+00)
Composition correction applied in 2 block(s)
-------------------------------------------------------------------------------------------------------------
 T = 64.0465, DT = 1, NI = 2, LI = 2, RES = 1.4e-06 (5.1e-05), CFL=0.380 (ELAPSED 00:00:08 )
-------------------------------------------------------------------------------------------------------------
	 #1 (3.9404e-02, 7.9309e-02): lin 1 (0.0e+00)
Composition correction applied in 2 block(s)
	 #2 (7.2100e-03, 4.2919e-06): lin 1 (0.0e+00)
Composition correction applied in 2 block(s)
	 #3 (7.5386e-05, 1.5006e-05): lin 1 (0.0e+00)
Composition correction applied in 2 block(s)
-------------------------------------------------------------------------------------------------------------
 T = 65.0465, DT = 1, NI = 3, LI = 3, RES = 9.0e-10 (5.7e-05), CFL=0.386 (ELAPSED 00:00:08 )
-------------------------------------------------------------------------------------------------------------
	 #1 (3.4457e-02, 7.8344e-03): lin 1 (0.0e+00)
Composition correction applied in 325 block(s)
	 #2 (3.5789e-03, 2.1166e-04): lin 1 (0.0e+00)
Composition correction applied in 2 block(s)
	 #3 (5.6677e-05, 6.4802e-05): lin 1 (0.0e+00)
Composition correction applied in 2 block(s)
-------------------------------------------------------------------------------------------------------------
 T = 66.0465, DT = 1, NI = 3, LI = 3, RES = 9.3e-09 (1.7e-05), CFL=0.463 (ELAPSED 00:00:08 )
-------------------------------------------------------------------------------------------------------------
	 #1 (3.9661e-02, 1.2075e-01): lin 1 (0.0e+00)
Composition correction applied in 2 block(s)
	 #2 (4.7812e-03, 1.6703e-04): lin 1 (0.0e+00)
Composition correction applied in 2 block(s)
	 #3 (5.4037e-05, 7.7519e-06): lin 1 (0.0e+00)
Composition correction applied in 2 block(s)
-------------------------------------------------------------------------------------------------------------
 T = 67.0465, DT = 1, NI = 3, LI = 3, RES = 7.4e-09 (3.7e-05), CFL=0.409 (ELAPSED 00:00:08 )
-------------------------------------------------------------------------------------------------------------
	 #1 (3.9639e-02, 6.7043e-02): lin 1 (0.0e+00)
Composition correction applied in 2 block(s)
	 #2 (1.6987e-03, 1.6376e-05): lin 1 (0.0e+00)
Composition correction applied in 2 block(s)
-------------------------------------------------------------------------------------------------------------
 T = 68.0465, DT = 1, NI = 2, LI = 2, RES = 1.3e-06 (5.8e-05), CFL=0.367 (ELAPSED 00:00:08 )
-------------------------------------------------------------------------------------------------------------
	 #1 (3.7643e-02, 6.8503e-02): lin 1 (0.0e+00)
Composition correction applied in 2 block(s)
	 #2 (1.3111e-02, 1.6356e-06): lin 1 (0.0e+00)
Composition correction applied in 2 block(s)
	 #3 (2.8285e-04, 3.9233e-05): lin 1 (0.0e+00)
Composition correction applied in 2 block(s)
-------------------------------------------------------------------------------------------------------------
 T = 69.0465, DT = 1, NI = 3, LI = 3, RES = 8.2e-08 (6.2e-06), CFL=0.414 (ELAPSED 00:00:09 )
-------------------------------------------------------------------------------------------------------------
	 #1 (3.2284e-02, 6.1682e-02): lin 1 (0.0e+00)
Composition correction applied in 2 block(s)
	 #2 (2.5904e-03, 3.4979e-06): lin 1 (0.0e+00)
Composition correction applied in 2 block(s)
	 #3 (2.2221e-05, 1.7816e-05): lin 1 (0.0e+00)
Composition correction applied in 2 block(s)
-------------------------------------------------------------------------------------------------------------
 T = 70.0465, DT = 1, NI = 3, LI = 3, RES = 1.4e-09 (1.6e-05), CFL=0.441 (ELAPSED 00:00:09 )
-------------------------------------------------------------------------------------------------------------
	 #1 (3.8683e-02, 5.3900e-02): lin 1 (0.0e+00)
Composition correction applied in 2 block(s)
	 #2 (2.4648e-03, 7.1788e-05): lin 1 (0.0e+00)
Composition correction applied in 2 block(s)
	 #3 (6.7239e-05, 2.1274e-05): lin 1 (0.0e+00)
Composition correction applied in 2 block(s)
-------------------------------------------------------------------------------------------------------------
 T = 71.0465, DT = 1, NI = 3, LI = 3, RES = 1.3e-08 (2.2e-05), CFL=0.393 (ELAPSED 00:00:09 )
-------------------------------------------------------------------------------------------------------------
	 #1 (3.8038e-02, 6.2609e-02): lin 1 (0.0e+00)
Composition correction applied in 2 block(s)
	 #2 (1.8152e-03, 7.4824e-06): lin 1 (0.0e+00)
Composition correction applied in 2 block(s)
-------------------------------------------------------------------------------------------------------------
 T = 72.0465, DT = 1, NI = 2, LI = 2, RES = 1.8e-06 (2.0e-05), CFL=0.357 (ELAPSED 00:00:09 )
-------------------------------------------------------------------------------------------------------------
	 #1 (3.6000e-02, 5.7899e-02): lin 1 (0.0e+00)
Composition correction applied in 2 block(s)
	 #2 (1.8610e-02, 5.5372e-05): lin 1 (0.0e+00)
Composition correction applied in 2 block(s)
	 #3 (6.3363e-04, 1.7973e-04): lin 1 (0.0e+00)
Composition correction applied in 2 block(s)
-------------------------------------------------------------------------------------------------------------
 T = 73.0465, DT = 1, NI = 3, LI = 3, RES = 6.6e-07 (2.0e-05), CFL=0.432 (ELAPSED 00:00:09 )
-------------------------------------------------------------------------------------------------------------
	 #1 (3.2232e-02, 1.0290e-01): lin 1 (0.0e+00)
Composition correction applied in 2 block(s)
	 #2 (2.5238e-03, 5.6700e-05): lin 1 (0.0e+00)
Composition correction applied in 2 block(s)
-------------------------------------------------------------------------------------------------------------
 T = 74.0465, DT = 1, NI = 2, LI = 2, RES = 6.4e-06 (5.1e-05), CFL=0.423 (ELAPSED 00:00:09 )
-------------------------------------------------------------------------------------------------------------
	 #1 (3.7709e-02, 3.4231e-03): lin 1 (0.0e+00)
Composition correction applied in 2 block(s)
	 #2 (2.5905e-03, 6.4656e-05): lin 1 (0.0e+00)
Composition correction applied in 2 block(s)
	 #3 (8.9620e-05, 1.3364e-05): lin 1 (0.0e+00)
Composition correction applied in 2 block(s)
-------------------------------------------------------------------------------------------------------------
 T = 75.0465, DT = 1, NI = 3, LI = 3, RES = 2.3e-08 (1.9e-05), CFL=0.378 (ELAPSED 00:00:09 )
-------------------------------------------------------------------------------------------------------------
	 #1 (3.6622e-02, 6.1848e-02): lin 1 (0.0e+00)
Composition correction applied in 2 block(s)
	 #2 (1.9522e-03, 2.8227e-05): lin 1 (0.0e+00)
Composition correction applied in 2 block(s)
-------------------------------------------------------------------------------------------------------------
 T = 76.0465, DT = 1, NI = 2, LI = 2, RES = 2.5e-06 (4.3e-05), CFL=0.353 (ELAPSED 00:00:09 )
-------------------------------------------------------------------------------------------------------------
	 #1 (3.4442e-02, 4.8317e-02): lin 1 (0.0e+00)
Composition correction applied in 2 block(s)
	 #2 (2.3662e-02, 1.3982e-06): lin 1 (0.0e+00)
Composition correction applied in 2 block(s)
	 #3 (1.1331e-03, 3.0409e-04): lin 1 (0.0e+00)
Composition correction applied in 2 block(s)
-------------------------------------------------------------------------------------------------------------
 T = 77.0465, DT = 1, NI = 3, LI = 3, RES = 2.7e-06 (4.5e-05), CFL=0.445 (ELAPSED 00:00:09 )
-------------------------------------------------------------------------------------------------------------
	 #1 (3.3896e-02, 1.3415e-01): lin 1 (0.0e+00)
Composition correction applied in 2 block(s)
	 #2 (3.1084e-03, 1.3667e-04): lin 1 (0.0e+00)
Composition correction applied in 2 block(s)
-------------------------------------------------------------------------------------------------------------
 T = 78.0465, DT = 1, NI = 2, LI = 2, RES = 5.1e-06 (7.7e-06), CFL=0.408 (ELAPSED 00:00:09 )
-------------------------------------------------------------------------------------------------------------
	 #1 (3.6758e-02, 3.4914e-02): lin 1 (0.0e+00)
Composition correction applied in 2 block(s)
	 #2 (1.4575e-03, 2.6182e-05): lin 1 (0.0e+00)
Composition correction applied in 2 block(s)
-------------------------------------------------------------------------------------------------------------
 T = 79.0465, DT = 1, NI = 2, LI = 2, RES = 1.2e-06 (4.4e-06), CFL=0.371 (ELAPSED 00:00:09 )
-------------------------------------------------------------------------------------------------------------
	 #1 (3.5305e-02, 6.1187e-02): lin 1 (0.0e+00)
Composition correction applied in 2 block(s)
	 #2 (4.4731e-03, 4.5427e-05): lin 1 (0.0e+00)
Composition correction applied in 2 block(s)
	 #3 (2.8638e-05, 6.1499e-05): lin 1 (0.0e+00)
Composition correction applied in 2 block(s)
-------------------------------------------------------------------------------------------------------------
 T = 80.0465, DT = 1, NI = 3, LI = 3, RES = 3.6e-11 (2.7e-06), CFL=0.363 (ELAPSED 00:00:10 )
-------------------------------------------------------------------------------------------------------------
	 #1 (3.1558e-02, 1.3888e-02): lin 1 (0.0e+00)
Composition correction applied in 326 block(s)
	 #2 (3.4243e-03, 2.5825e-04): lin 1 (0.0e+00)
Composition correction applied in 2 block(s)
	 #3 (5.5647e-05, 4.2881e-05): lin 1 (0.0e+00)
Composition correction applied in 2 block(s)
-------------------------------------------------------------------------------------------------------------
 T = 81.0465, DT = 1, NI = 3, LI = 3, RES = 9.2e-09 (3.2e-05), CFL=0.440 (ELAPSED 00:00:10 )
-------------------------------------------------------------------------------------------------------------
	 #1 (3.4988e-02, 1.1068e-01): lin 1 (0.0e+00)
Composition correction applied in 2 block(s)
	 #2 (4.1107e-03, 8.7079e-05): lin 1 (0.0e+00)
Composition correction applied in 2 block(s)
	 #3 (1.7965e-05, 1.9214e-07): lin 1 (0.0e+00)
Composition correction applied in 2 block(s)
-------------------------------------------------------------------------------------------------------------
 T = 82.0465, DT = 1, NI = 3, LI = 3, RES = 8.9e-10 (3.7e-06), CFL=0.394 (ELAPSED 00:00:10 )
-------------------------------------------------------------------------------------------------------------
	 #1 (3.5610e-02, 4.8580e-02): lin 1 (0.0e+00)
Composition correction applied in 2 block(s)
	 #2 (1.5582e-03, 3.8806e-05): lin 1 (0.0e+00)
Composition correction applied in 2 block(s)
-------------------------------------------------------------------------------------------------------------
 T = 83.0465, DT = 1, NI = 2, LI = 2, RES = 1.5e-06 (3.0e-05), CFL=0.359 (ELAPSED 00:00:10 )
-------------------------------------------------------------------------------------------------------------
	 #1 (3.3963e-02, 5.6095e-02): lin 1 (0.0e+00)
Composition correction applied in 2 block(s)
	 #2 (1.0468e-02, 2.8019e-05): lin 1 (0.0e+00)
Composition correction applied in 2 block(s)
	 #3 (1.8655e-04, 3.4573e-05): lin 1 (0.0e+00)
Composition correction applied in 2 block(s)
-------------------------------------------------------------------------------------------------------------
 T = 84.0465, DT = 1, NI = 3, LI = 3, RES = 4.2e-08 (2.6e-05), CFL=0.387 (ELAPSED 00:00:10 )
-------------------------------------------------------------------------------------------------------------
	 #1 (2.9029e-02, 3.5005e-02): lin 1 (0.0e+00)
Composition correction applied in 2 block(s)
	 #2 (2.4379e-03, 6.5483e-05): lin 1 (0.0e+00)
Composition correction applied in 2 block(s)
	 #3 (2.2347e-05, 2.8731e-05): lin 1 (0.0e+00)
Composition correction applied in 2 block(s)
-------------------------------------------------------------------------------------------------------------
 T = 85.0465, DT = 1, NI = 3, LI = 3, RES = 1.5e-09 (7.9e-06), CFL=0.421 (ELAPSED 00:00:10 )
-------------------------------------------------------------------------------------------------------------
	 #1 (3.4524e-02, 5.3028e-02): lin 1 (0.0e+00)
Composition correction applied in 2 block(s)
	 #2 (1.8321e-03, 5.2255e-05): lin 1 (0.0e+00)
Composition correction applied in 2 block(s)
	 #3 (2.6717e-05, 3.3650e-05): lin 1 (0.0e+00)
Composition correction applied in 2 block(s)
-------------------------------------------------------------------------------------------------------------
 T = 86.0465, DT = 1, NI = 3, LI = 3, RES = 2.2e-09 (3.8e-05), CFL=0.384 (ELAPSED 00:00:10 )
-------------------------------------------------------------------------------------------------------------
	 #1 (3.4356e-02, 4.7183e-02): lin 1 (0.0e+00)
Composition correction applied in 2 block(s)
	 #2 (1.6755e-03, 1.8821e-05): lin 1 (0.0e+00)
Composition correction applied in 2 block(s)
-------------------------------------------------------------------------------------------------------------
 T = 87.0465, DT = 1, NI = 2, LI = 2, RES = 1.4e-06 (4.0e-05), CFL=0.349 (ELAPSED 00:00:10 )
-------------------------------------------------------------------------------------------------------------
	 #1 (3.2625e-02, 4.7916e-02): lin 1 (0.0e+00)
Composition correction applied in 2 block(s)
	 #2 (1.6001e-02, 5.2118e-05): lin 1 (0.0e+00)
Composition correction applied in 2 block(s)
	 #3 (4.9021e-04, 1.6660e-04): lin 1 (0.0e+00)
Composition correction applied in 2 block(s)
-------------------------------------------------------------------------------------------------------------
 T = 88.0465, DT = 1, NI = 3, LI = 3, RES = 4.5e-07 (3.0e-05), CFL=0.406 (ELAPSED 00:00:10 )
-------------------------------------------------------------------------------------------------------------
	 #1 (2.8737e-02, 7.3405e-02): lin 1 (0.0e+00)
Composition correction applied in 2 block(s)
	 #2 (2.3203e-03, 4.6460e-05): lin 1 (0.0e+00)
Composition correction applied in 2 block(s)
-------------------------------------------------------------------------------------------------------------
 T = 89.0465, DT = 1, NI = 2, LI = 2, RES = 7.2e-06 (2.4e-05), CFL=0.411 (ELAPSED 00:00:10 )
-------------------------------------------------------------------------------------------------------------
	 #1 (3.3965e-02, 1.0032e-02): lin 1 (0.0e+00)
Composition correction applied in 2 block(s)
	 #2 (1.9816e-03, 4.9705e-05): lin 1 (0.0e+00)
Composition correction applied in 2 block(s)
	 #3 (4.6148e-05, 1.4841e-05): lin 1 (0.0e+00)
Composition correction applied in 2 block(s)
-------------------------------------------------------------------------------------------------------------
 T = 90.0465, DT = 1, NI = 3, LI = 3, RES = 6.6e-09 (1.0e-05), CFL=0.370 (ELAPSED 00:00:11 )
-------------------------------------------------------------------------------------------------------------
	 #1 (3.3269e-02, 4.8327e-02): lin 1 (0.0e+00)
Composition correction applied in 2 block(s)
	 #2 (1.8172e-03, 3.9342e-05): lin 1 (0.0e+00)
Composition correction applied in 2 block(s)
-------------------------------------------------------------------------------------------------------------
 T = 91.0465, DT = 1, NI = 2, LI = 2, RES = 2.2e-06 (4.2e-05), CFL=0.340 (ELAPSED 00:00:11 )
-------------------------------------------------------------------------------------------------------------
	 #1 (3.1351e-02, 4.0193e-02): lin 1 (0.0e+00)
Composition correction applied in 2 block(s)
	 #2 (2.1088e-02, 2.4929e-05): lin 1 (0.0e+00)
Composition correction applied in 2 block(s)
	 #3 (9.4756e-04, 2.4423e-04): lin 1 (0.0e+00)
Composition correction applied in 2 block(s)
-------------------------------------------------------------------------------------------------------------
 T = 92.0465, DT = 1, NI = 3, LI = 3, RES = 2.1e-06 (3.5e-05), CFL=0.422 (ELAPSED 00:00:11 )
-------------------------------------------------------------------------------------------------------------
	 #1 (3.0341e-02, 1.0283e-01): lin 1 (0.0e+00)
Composition correction applied in 2 block(s)
	 #2 (2.8740e-03, 2.9463e-06): lin 1 (0.0e+00)
Composition correction applied in 2 block(s)
-------------------------------------------------------------------------------------------------------------
 T = 93.0465, DT = 1, NI = 2, LI = 2, RES = 3.5e-06 (2.6e-05), CFL=0.398 (ELAPSED 00:00:11 )
-------------------------------------------------------------------------------------------------------------
	 #1 (3.3380e-02, 2.2970e-02): lin 1 (0.0e+00)
Composition correction applied in 2 block(s)
	 #2 (2.2077e-03, 4.6304e-05): lin 1 (0.0e+00)
Composition correction applied in 2 block(s)
	 #3 (7.1165e-05, 2.3780e-05): lin 1 (0.0e+00)
Composition correction applied in 2 block(s)
-------------------------------------------------------------------------------------------------------------
 T = 94.0465, DT = 1, NI = 3, LI = 3, RES = 1.6e-08 (6.7e-06), CFL=0.358 (ELAPSED 00:00:11 )
-------------------------------------------------------------------------------------------------------------
	 #1 (3.2229e-02, 4.9278e-02): lin 1 (0.0e+00)
Composition correction applied in 2 block(s)
	 #2 (4.1221e-03, 3.2007e-05): lin 1 (0.0e+00)
Composition correction applied in 2 block(s)
	 #3 (2.5265e-05, 7.1445e-06): lin 1 (0.0e+00)
Composition correction applied in 2 block(s)
-------------------------------------------------------------------------------------------------------------
 T = 95.0465, DT = 1, NI = 3, LI = 3, RES = 2.5e-10 (2.7e-05), CFL=0.350 (ELAPSED 00:00:11 )
-------------------------------------------------------------------------------------------------------------
	 #1 (2.8811e-02, 1.3126e-02): lin 1 (0.0e+00)
Composition correction applied in 320 block(s)
	 #2 (3.0004e-03, 1.5346e-04): lin 1 (0.0e+00)
Composition correction applied in 2 block(s)
	 #3 (4.3572e-05, 1.2505e-05): lin 1 (0.0e+00)
Composition correction applied in 2 block(s)
-------------------------------------------------------------------------------------------------------------
 T = 96.0465, DT = 1, NI = 3, LI = 3, RES = 5.8e-09 (1.7e-05), CFL=0.425 (ELAPSED 00:00:11 )
-------------------------------------------------------------------------------------------------------------
	 #1 (3.1672e-02, 8.7751e-02): lin 1 (0.0e+00)
Composition correction applied in 2 block(s)
	 #2 (3.8027e-03, 8.4112e-05): lin 1 (0.0e+00)
Composition correction applied in 2 block(s)
	 #3 (1.1379e-05, 4.3940e-05): lin 1 (0.0e+00)
Composition correction applied in 2 block(s)
-------------------------------------------------------------------------------------------------------------
 T = 97.0465, DT = 1, NI = 3, LI = 3, RES = 5.6e-10 (5.5e-06), CFL=0.385 (ELAPSED 00:00:11 )
-------------------------------------------------------------------------------------------------------------
	 #1 (3.2512e-02, 3.6478e-02): lin 1 (0.0e+00)
Composition correction applied in 2 block(s)
	 #2 (1.4724e-03, 1.4711e-05): lin 1 (0.0e+00)
Composition correction applied in 2 block(s)
-------------------------------------------------------------------------------------------------------------
 T = 98.0465, DT = 1, NI = 2, LI = 2, RES = 1.0e-06 (4.4e-05), CFL=0.348 (ELAPSED 00:00:11 )
-------------------------------------------------------------------------------------------------------------
	 #1 (3.1127e-02, 4.5849e-02): lin 1 (0.0e+00)
Composition correction applied in 2 block(s)
	 #2 (9.9071e-03, 3.2855e-05): lin 1 (0.0e+00)
Composition correction applied in 2 block(s)
	 #3 (1.7586e-04, 1.3156e-05): lin 1 (0.0e+00)
Composition correction applied in 2 block(s)
-------------------------------------------------------------------------------------------------------------
 T = 99.0465, DT = 1, NI = 3, LI = 3, RES = 4.9e-08 (2.5e-05), CFL=0.374 (ELAPSED 00:00:11 )
-------------------------------------------------------------------------------------------------------------
	 #1 (2.6522e-02, 2.8356e-02): lin 1 (0.0e+00)
Composition correction applied in 2 block(s)
	 #2 (2.2093e-03, 1.9368e-06): lin 1 (0.0e+00)
Composition correction applied in 2 block(s)
	 #3 (1.7882e-05, 3.0662e-05): lin 1 (0.0e+00)
Composition correction applied in 2 block(s)
-------------------------------------------------------------------------------------------------------------
 T = 100.047, DT = 1, NI = 3, LI = 3, RES = 1.0e-09 (1.0e-05), CFL=0.409 (ELAPSED 00:00:12 )
-------------------------------------------------------------------------------------------------------------
	 #1 (3.1499e-02, 4.1557e-02): lin 1 (0.0e+00)
Composition correction applied in 2 block(s)
	 #2 (1.5231e-03, 4.2549e-05): lin 1 (0.0e+00)
Composition correction applied in 2 block(s)
	 #3 (1.3489e-05, 4.5672e-05): lin 1 (0.0e+00)
Composition correction applied in 2 block(s)
-------------------------------------------------------------------------------------------------------------
 T = 101.047, DT = 1, NI = 3, LI = 3, RES = 5.9e-10 (6.8e-06), CFL=0.371 (ELAPSED 00:00:12 )
-------------------------------------------------------------------------------------------------------------
	 #1 (3.1534e-02, 3.7504e-02): lin 1 (0.0e+00)
Composition correction applied in 2 block(s)
	 #2 (1.5934e-03, 3.7512e-05): lin 1 (0.0e+00)
Composition correction applied in 2 block(s)
-------------------------------------------------------------------------------------------------------------
 T = 102.047, DT = 1, NI = 2, LI = 2, RES = 1.3e-06 (2.8e-05), CFL=0.339 (ELAPSED 00:00:12 )
-------------------------------------------------------------------------------------------------------------
	 #1 (2.9984e-02, 3.9586e-02): lin 1 (0.0e+00)
Composition correction applied in 2 block(s)
	 #2 (1.5245e-02, 2.2914e-05): lin 1 (0.0e+00)
Composition correction applied in 2 block(s)
	 #3 (4.7090e-04, 1.0363e-04): lin 1 (0.0e+00)
Composition correction applied in 2 block(s)
-------------------------------------------------------------------------------------------------------------
 T = 103.047, DT = 1, NI = 3, LI = 3, RES = 4.9e-07 (1.0e-05), CFL=0.398 (ELAPSED 00:00:12 )
-------------------------------------------------------------------------------------------------------------
	 #1 (2.6439e-02, 6.1312e-02): lin 1 (0.0e+00)
Composition correction applied in 2 block(s)
	 #2 (2.2197e-03, 2.7460e-05): lin 1 (0.0e+00)
Composition correction applied in 2 block(s)
-------------------------------------------------------------------------------------------------------------
 T = 104.047, DT = 1, NI = 2, LI = 2, RES = 5.7e-06 (1.6e-05), CFL=0.396 (ELAPSED 00:00:12 )
-------------------------------------------------------------------------------------------------------------
	 #1 (3.1200e-02, 6.7833e-03): lin 1 (0.0e+00)
Composition correction applied in 2 block(s)
	 #2 (1.6688e-03, 5.1822e-05): lin 1 (0.0e+00)
Composition correction applied in 2 block(s)
	 #3 (3.0227e-05, 2.6997e-05): lin 1 (0.0e+00)
Composition correction applied in 2 block(s)
-------------------------------------------------------------------------------------------------------------
 T = 105.047, DT = 1, NI = 3, LI = 3, RES = 3.0e-09 (2.7e-05), CFL=0.359 (ELAPSED 00:00:12 )
-------------------------------------------------------------------------------------------------------------
	 #1 (3.0677e-02, 3.9750e-02): lin 1 (0.0e+00)
Composition correction applied in 2 block(s)
	 #2 (1.7413e-03, 1.7205e-05): lin 1 (0.0e+00)
Composition correction applied in 2 block(s)
-------------------------------------------------------------------------------------------------------------
 T = 106.047, DT = 1, NI = 2, LI = 2, RES = 2.2e-06 (1.7e-06), CFL=0.335 (ELAPSED 00:00:12 )
-------------------------------------------------------------------------------------------------------------
	 #1 (2.8899e-02, 3.3622e-02): lin 1 (0.0e+00)
Composition correction applied in 2 block(s)
	 #2 (2.0165e-02, 2.1733e-05): lin 1 (0.0e+00)
Composition correction applied in 2 block(s)
	 #3 (9.1796e-04, 1.7582e-04): lin 1 (0.0e+00)
Composition correction applied in 2 block(s)
-------------------------------------------------------------------------------------------------------------
 T = 107.047, DT = 1, NI = 3, LI = 3, RES = 2.2e-06 (1.3e-06), CFL=0.414 (ELAPSED 00:00:12 )
-------------------------------------------------------------------------------------------------------------
	 #1 (2.8210e-02, 8.6680e-02): lin 1 (0.0e+00)
Composition correction applied in 2 block(s)
	 #2 (2.8147e-03, 5.7693e-05): lin 1 (0.0e+00)
Composition correction applied in 2 block(s)
-------------------------------------------------------------------------------------------------------------
 T = 108.047, DT = 1, NI = 2, LI = 2, RES = 4.0e-06 (5.8e-06), CFL=0.385 (ELAPSED 00:00:12 )
-------------------------------------------------------------------------------------------------------------
	 #1 (3.0810e-02, 2.0442e-02): lin 1 (0.0e+00)
Composition correction applied in 2 block(s)
	 #2 (1.9335e-03, 9.2284e-06): lin 1 (0.0e+00)
Composition correction applied in 2 block(s)
	 #3 (5.2875e-05, 2.7222e-05): lin 1 (0.0e+00)
Composition correction applied in 2 block(s)
-------------------------------------------------------------------------------------------------------------
 T = 109.047, DT = 1, NI = 3, LI = 3, RES = 9.4e-09 (1.1e-05), CFL=0.348 (ELAPSED 00:00:12 )
-------------------------------------------------------------------------------------------------------------
	 #1 (2.9812e-02, 4.0880e-02): lin 1 (0.0e+00)
Composition correction applied in 2 block(s)
	 #2 (4.9188e-03, 3.8724e-05): lin 1 (0.0e+00)
Composition correction applied in 2 block(s)
	 #3 (3.8913e-05, 2.1681e-06): lin 1 (0.0e+00)
Composition correction applied in 2 block(s)
-------------------------------------------------------------------------------------------------------------
 T = 110.047, DT = 1, NI = 3, LI = 3, RES = 1.7e-09 (1.5e-05), CFL=0.350 (ELAPSED 00:00:12 )
-------------------------------------------------------------------------------------------------------------
	 #1 (2.6245e-02, 5.2484e-03): lin 1 (0.0e+00)
Composition correction applied in 309 block(s)
	 #2 (2.5190e-03, 5.3078e-05): lin 1 (0.0e+00)
Composition correction applied in 2 block(s)
	 #3 (3.0418e-05, 1.7531e-05): lin 1 (0.0e+00)
Composition correction applied in 2 block(s)
-------------------------------------------------------------------------------------------------------------
 T = 111.047, DT = 1, NI = 3, LI = 3, RES = 2.9e-09 (6.2e-06), CFL=0.408 (ELAPSED 00:00:13 )
-------------------------------------------------------------------------------------------------------------
	 #1 (2.9245e-02, 6.4251e-02): lin 1 (0.0e+00)
Composition correction applied in 2 block(s)
	 #2 (3.7263e-03, 2.3581e-05): lin 1 (0.0e+00)
Composition correction applied in 2 block(s)
	 #3 (2.0390e-04, 1.8206e-05): lin 1 (0.0e+00)
Composition correction applied in 2 block(s)
-------------------------------------------------------------------------------------------------------------
 T = 112.047, DT = 1, NI = 3, LI = 3, RES = 6.4e-07 (1.1e-05), CFL=0.373 (ELAPSED 00:00:13 )
-------------------------------------------------------------------------------------------------------------
	 #1 (3.0068e-02, 2.8323e-02): lin 1 (0.0e+00)
Composition correction applied in 2 block(s)
	 #2 (1.4435e-03, 2.3553e-05): lin 1 (0.0e+00)
Composition correction applied in 2 block(s)
-------------------------------------------------------------------------------------------------------------
 T = 113.047, DT = 1, NI = 2, LI = 2, RES = 2.5e-06 (1.2e-05), CFL=0.342 (ELAPSED 00:00:13 )
-------------------------------------------------------------------------------------------------------------
	 #1 (2.8810e-02, 3.8550e-02): lin 1 (0.0e+00)
Composition correction applied in 2 block(s)
	 #2 (1.0264e-02, 1.0762e-05): lin 1 (0.0e+00)
Composition correction applied in 2 block(s)
	 #3 (1.9836e-04, 7.2095e-05): lin 1 (0.0e+00)
Composition correction applied in 2 block(s)
-------------------------------------------------------------------------------------------------------------
 T = 114.047, DT = 1, NI = 3, LI = 3, RES = 8.1e-08 (5.0e-05), CFL=0.370 (ELAPSED 00:00:13 )
-------------------------------------------------------------------------------------------------------------
	 #1 (2.4339e-02, 2.6645e-02): lin 1 (0.0e+00)
Composition correction applied in 2 block(s)
	 #2 (1.9578e-03, 1.1856e-07): lin 1 (0.0e+00)
Composition correction applied in 2 block(s)
	 #3 (1.2973e-05, 5.5739e-07): lin 1 (0.0e+00)
Composition correction applied in 2 block(s)
-------------------------------------------------------------------------------------------------------------
 T = 115.047, DT = 1, NI = 3, LI = 3, RES = 5.6e-10 (8.3e-06), CFL=0.392 (ELAPSED 00:00:13 )
-------------------------------------------------------------------------------------------------------------
	 #1 (2.8942e-02, 2.7957e-02): lin 1 (0.0e+00)
Composition correction applied in 2 block(s)
	 #2 (1.3112e-03, 7.8047e-05): lin 1 (0.0e+00)
Composition correction applied in 2 block(s)
-------------------------------------------------------------------------------------------------------------
 T = 116.047, DT = 1, NI = 2, LI = 2, RES = 8.2e-06 (6.4e-06), CFL=0.358 (ELAPSED 00:00:13 )
-------------------------------------------------------------------------------------------------------------
	 #1 (2.9024e-02, 3.1153e-02): lin 1 (0.0e+00)
Composition correction applied in 2 block(s)
	 #2 (1.5037e-03, 2.7541e-06): lin 1 (0.0e+00)
Composition correction applied in 2 block(s)
-------------------------------------------------------------------------------------------------------------
 T = 117.047, DT = 1, NI = 2, LI = 2, RES = 1.2e-06 (3.8e-05), CFL=0.331 (ELAPSED 00:00:13 )
-------------------------------------------------------------------------------------------------------------
	 #1 (2.7635e-02, 3.2498e-02): lin 1 (0.0e+00)
Composition correction applied in 2 block(s)
	 #2 (1.4655e-02, 1.1073e-05): lin 1 (0.0e+00)
Composition correction applied in 2 block(s)
	 #3 (4.5451e-04, 8.6165e-05): lin 1 (0.0e+00)
Composition correction applied in 2 block(s)
-------------------------------------------------------------------------------------------------------------
 T = 118.047, DT = 1, NI = 3, LI = 3, RES = 5.2e-07 (1.3e-05), CFL=0.385 (ELAPSED 00:00:13 )
-------------------------------------------------------------------------------------------------------------
	 #1 (2.4454e-02, 5.3389e-02): lin 1 (0.0e+00)
Composition correction applied in 2 block(s)
	 #2 (2.0905e-03, 5.1105e-06): lin 1 (0.0e+00)
Composition correction applied in 2 block(s)
-------------------------------------------------------------------------------------------------------------
 T = 119.047, DT = 1, NI = 2, LI = 2, RES = 4.6e-06 (3.1e-06), CFL=0.383 (ELAPSED 00:00:13 )
-------------------------------------------------------------------------------------------------------------
	 #1 (2.8825e-02, 4.8151e-03): lin 1 (0.0e+00)
Composition correction applied in 2 block(s)
	 #2 (1.4397e-03, 2.1787e-05): lin 1 (0.0e+00)
Composition correction applied in 2 block(s)
	 #3 (2.0732e-05, 2.2401e-05): lin 1 (0.0e+00)
Composition correction applied in 2 block(s)
-------------------------------------------------------------------------------------------------------------
 T = 120.047, DT = 1, NI = 3, LI = 3, RES = 1.5e-09 (4.5e-05), CFL=0.352 (ELAPSED 00:00:13 )
-------------------------------------------------------------------------------------------------------------
	 #1 (2.8472e-02, 3.2769e-02): lin 1 (0.0e+00)
Composition correction applied in 2 block(s)
	 #2 (1.6557e-03, 9.6793e-06): lin 1 (0.0e+00)
Composition correction applied in 2 block(s)
-------------------------------------------------------------------------------------------------------------
 T = 121.047, DT = 1, NI = 2, LI = 2, RES = 2.1e-06 (2.2e-06), CFL=0.326 (ELAPSED 00:00:14 )
-------------------------------------------------------------------------------------------------------------
	 #1 (2.6865e-02, 2.8175e-02): lin 1 (0.0e+00)
Composition correction applied in 2 block(s)
	 #2 (1.9023e-02, 2.4122e-05): lin 1 (0.0e+00)
Composition correction applied in 2 block(s)
	 #3 (8.5110e-04, 1.4994e-04): lin 1 (0.0e+00)
Composition correction applied in 2 block(s)
-------------------------------------------------------------------------------------------------------------
 T = 122.047, DT = 1, NI = 3, LI = 3, RES = 2.1e-06 (7.2e-06), CFL=0.401 (ELAPSED 00:00:14 )
-------------------------------------------------------------------------------------------------------------
	 #1 (2.6216e-02, 7.3492e-02): lin 1 (0.0e+00)
Composition correction applied in 2 block(s)
	 #2 (2.6772e-03, 3.2749e-05): lin 1 (0.0e+00)
Composition correction applied in 2 block(s)
-------------------------------------------------------------------------------------------------------------
 T = 123.047, DT = 1, NI = 2, LI = 2, RES = 3.6e-06 (2.5e-05), CFL=0.376 (ELAPSED 00:00:14 )
-------------------------------------------------------------------------------------------------------------
	 #1 (2.8690e-02, 1.6294e-02): lin 1 (0.0e+00)
Composition correction applied in 2 block(s)
	 #2 (1.7161e-03, 4.3863e-05): lin 1 (0.0e+00)
Composition correction applied in 2 block(s)
	 #3 (4.0104e-05, 4.5253e-05): lin 1 (0.0e+00)
Composition correction applied in 2 block(s)
-------------------------------------------------------------------------------------------------------------
 T = 124.047, DT = 1, NI = 3, LI = 3, RES = 5.7e-09 (2.2e-05), CFL=0.344 (ELAPSED 00:00:14 )
-------------------------------------------------------------------------------------------------------------
	 #1 (2.7837e-02, 3.4575e-02): lin 1 (0.0e+00)
Composition correction applied in 2 block(s)
	 #2 (4.8607e-03, 1.5731e-05): lin 1 (0.0e+00)
Composition correction applied in 2 block(s)
	 #3 (3.9725e-05, 1.7555e-05): lin 1 (0.0e+00)
Composition correction applied in 2 block(s)
-------------------------------------------------------------------------------------------------------------
 T = 125.047, DT = 1, NI = 3, LI = 3, RES = 2.3e-09 (2.5e-05), CFL=0.343 (ELAPSED 00:00:14 )
-------------------------------------------------------------------------------------------------------------
	 #1 (2.4419e-02, 3.7746e-03): lin 1 (0.0e+00)
Composition correction applied in 301 block(s)
	 #2 (2.2568e-03, 3.9628e-05): lin 1 (0.0e+00)
Composition correction applied in 2 block(s)
	 #3 (2.4039e-05, 1.3761e-05): lin 1 (0.0e+00)
Composition correction applied in 2 block(s)
-------------------------------------------------------------------------------------------------------------
 T = 126.047, DT = 1, NI = 3, LI = 3, RES = 1.8e-09 (2.4e-05), CFL=0.396 (ELAPSED 00:00:14 )
-------------------------------------------------------------------------------------------------------------
	 #1 (2.7213e-02, 5.2792e-02): lin 1 (0.0e+00)
Composition correction applied in 2 block(s)
	 #2 (3.5523e-03, 5.9468e-05): lin 1 (0.0e+00)
Composition correction applied in 2 block(s)
-------------------------------------------------------------------------------------------------------------
 T = 127.047, DT = 1, NI = 2, LI = 2, RES = 9.6e-06 (1.6e-05), CFL=0.369 (ELAPSED 00:00:14 )
-------------------------------------------------------------------------------------------------------------
	 #1 (2.8096e-02, 2.2792e-02): lin 1 (0.0e+00)
Composition correction applied in 2 block(s)
	 #2 (2.0278e-03, 7.0494e-06): lin 1 (0.0e+00)
Composition correction applied in 2 block(s)
	 #3 (6.4986e-05, 1.2591e-05): lin 1 (0.0e+00)
Composition correction applied in 2 block(s)
-------------------------------------------------------------------------------------------------------------
 T = 128.047, DT = 1, NI = 3, LI = 3, RES = 1.5e-08 (1.9e-05), CFL=0.336 (ELAPSED 00:00:14 )
-------------------------------------------------------------------------------------------------------------
	 #1 (2.7034e-02, 3.2389e-02): lin 1 (0.0e+00)
Composition correction applied in 2 block(s)
	 #2 (1.0034e-02, 4.2281e-06): lin 1 (0.0e+00)
Composition correction applied in 2 block(s)
	 #3 (1.9997e-04, 8.9608e-05): lin 1 (0.0e+00)
Composition correction applied in 2 block(s)
-------------------------------------------------------------------------------------------------------------
 T = 129.047, DT = 1, NI = 3, LI = 3, RES = 9.3e-08 (2.3e-05), CFL=0.364 (ELAPSED 00:00:14 )
-------------------------------------------------------------------------------------------------------------
	 #1 (2.2896e-02, 2.5112e-02): lin 1 (0.0e+00)
Composition correction applied in 2 block(s)
	 #2 (1.8741e-03, 1.4459e-05): lin 1 (0.0e+00)
Composition correction applied in 2 block(s)
	 #3 (1.0743e-05, 2.3456e-05): lin 1 (0.0e+00)
Composition correction applied in 2 block(s)
-------------------------------------------------------------------------------------------------------------
 T = 130.047, DT = 1, NI = 3, LI = 3, RES = 3.7e-10 (3.6e-05), CFL=0.385 (ELAPSED 00:00:14 )
-------------------------------------------------------------------------------------------------------------
	 #1 (2.7306e-02, 2.3413e-02): lin 1 (0.0e+00)
Composition correction applied in 2 block(s)
	 #2 (1.2191e-03, 3.7327e-05): lin 1 (0.0e+00)
Composition correction applied in 2 block(s)
-------------------------------------------------------------------------------------------------------------
 T = 131.047, DT = 1, NI = 2, LI = 2, RES = 5.6e-06 (4.0e-06), CFL=0.356 (ELAPSED 00:00:14 )
-------------------------------------------------------------------------------------------------------------
	 #1 (2.7493e-02, 2.6239e-02): lin 1 (0.0e+00)
Composition correction applied in 2 block(s)
	 #2 (1.4865e-03, 3.7053e-05): lin 1 (0.0e+00)
Composition correction applied in 2 block(s)
-------------------------------------------------------------------------------------------------------------
 T = 132.047, DT = 1, NI = 2, LI = 2, RES = 1.3e-06 (3.5e-06), CFL=0.328 (ELAPSED 00:00:14 )
-------------------------------------------------------------------------------------------------------------
	 #1 (2.6154e-02, 2.8231e-02): lin 1 (0.0e+00)
Composition correction applied in 2 block(s)
	 #2 (1.4866e-02, 1.3352e-06): lin 1 (0.0e+00)
Composition correction applied in 2 block(s)
	 #3 (4.9650e-04, 1.1573e-04): lin 1 (0.0e+00)
Composition correction applied in 2 block(s)
-------------------------------------------------------------------------------------------------------------
 T = 133.047, DT = 1, NI = 3, LI = 3, RES = 7.0e-07 (1.6e-05), CFL=0.383 (ELAPSED 00:00:15 )
-------------------------------------------------------------------------------------------------------------
	 #1 (2.3383e-02, 4.8953e-02): lin 1 (0.0e+00)
Composition correction applied in 2 block(s)
	 #2 (2.1254e-03, 1.3257e-05): lin 1 (0.0e+00)
Composition correction applied in 2 block(s)
-------------------------------------------------------------------------------------------------------------
 T = 134.047, DT = 1, NI = 2, LI = 2, RES = 3.2e-06 (2.6e-05), CFL=0.379 (ELAPSED 00:00:15 )
-------------------------------------------------------------------------------------------------------------
	 #1 (2.7272e-02, 7.8248e-05): lin 1 (0.0e+00)
Composition correction applied in 2 block(s)
	 #2 (1.3491e-03, 4.0571e-05): lin 1 (0.0e+00)
Composition correction applied in 2 block(s)
	 #3 (1.8485e-05, 4.4829e-06): lin 1 (0.0e+00)
Composition correction applied in 2 block(s)
-------------------------------------------------------------------------------------------------------------
 T = 135.047, DT = 1, NI = 3, LI = 3, RES = 1.3e-09 (2.1e-05), CFL=0.346 (ELAPSED 00:00:15 )
-------------------------------------------------------------------------------------------------------------
	 #1 (2.6902e-02, 2.9063e-02): lin 1 (0.0e+00)
Composition correction applied in 2 block(s)
	 #2 (1.1258e-03, 2.7745e-05): lin 1 (0.0e+00)
Composition correction applied in 2 block(s)
-------------------------------------------------------------------------------------------------------------
 T = 136.047, DT = 1, NI = 2, LI = 2, RES = 1.2e-06 (2.6e-05), CFL=0.321 (ELAPSED 00:00:15 )
-------------------------------------------------------------------------------------------------------------
	 #1 (2.5274e-02, 2.4147e-02): lin 1 (0.0e+00)
Composition correction applied in 311 block(s)
	 #2 (2.6307e-03, 1.3076e-04): lin 1 (0.0e+00)
Composition correction applied in 2 block(s)
	 #3 (3.4825e-05, 1.9870e-05): lin 1 (0.0e+00)
Composition correction applied in 2 block(s)
-------------------------------------------------------------------------------------------------------------
 T = 137.047, DT = 1, NI = 3, LI = 3, RES = 3.7e-09 (3.5e-05), CFL=0.397 (ELAPSED 00:00:15 )
-------------------------------------------------------------------------------------------------------------
	 #1 (2.5452e-02, 6.6935e-02): lin 1 (0.0e+00)
Composition correction applied in 2 block(s)
	 #2 (2.8896e-03, 3.7381e-05): lin 1 (0.0e+00)
Composition correction applied in 2 block(s)
-------------------------------------------------------------------------------------------------------------
 T = 138.047, DT = 1, NI = 2, LI = 2, RES = 5.8e-06 (3.0e-05), CFL=0.371 (ELAPSED 00:00:15 )
-------------------------------------------------------------------------------------------------------------
	 #1 (2.7125e-02, 1.8032e-02): lin 1 (0.0e+00)
Composition correction applied in 2 block(s)
	 #2 (1.6629e-03, 3.5469e-05): lin 1 (0.0e+00)
Composition correction applied in 2 block(s)
	 #3 (3.8250e-05, 1.6429e-05): lin 1 (0.0e+00)
Composition correction applied in 2 block(s)
-------------------------------------------------------------------------------------------------------------
 T = 139.047, DT = 1, NI = 3, LI = 3, RES = 5.5e-09 (5.5e-07), CFL=0.338 (ELAPSED 00:00:15 )
-------------------------------------------------------------------------------------------------------------
	 #1 (2.6240e-02, 3.0631e-02): lin 1 (0.0e+00)
Composition correction applied in 2 block(s)
	 #2 (6.4258e-03, 2.4161e-05): lin 1 (0.0e+00)
Composition correction applied in 2 block(s)
	 #3 (7.6361e-05, 2.7623e-06): lin 1 (0.0e+00)
Composition correction applied in 2 block(s)
-------------------------------------------------------------------------------------------------------------
 T = 140.047, DT = 1, NI = 3, LI = 3, RES = 1.2e-08 (2.4e-05), CFL=0.346 (ELAPSED 00:00:15 )
-------------------------------------------------------------------------------------------------------------
	 #1 (2.2457e-02, 5.0497e-03): lin 1 (0.0e+00)
Composition correction applied in 2 block(s)
	 #2 (1.9113e-03, 1.4576e-06): lin 1 (0.0e+00)
Composition correction applied in 2 block(s)
	 #3 (1.5847e-05, 2.3772e-05): lin 1 (0.0e+00)
Composition correction applied in 2 block(s)
-------------------------------------------------------------------------------------------------------------
 T = 141.047, DT = 1, NI = 3, LI = 3, RES = 8.3e-10 (1.3e-06), CFL=0.385 (ELAPSED 00:00:15 )
-------------------------------------------------------------------------------------------------------------
	 #1 (2.5782e-02, 3.6022e-02): lin 1 (0.0e+00)
Composition correction applied in 2 block(s)
	 #2 (1.1367e-03, 3.1765e-05): lin 1 (0.0e+00)
Composition correction applied in 2 block(s)
-------------------------------------------------------------------------------------------------------------
 T = 142.047, DT = 1, NI = 2, LI = 2, RES = 1.1e-06 (2.5e-05), CFL=0.359 (ELAPSED 00:00:15 )
-------------------------------------------------------------------------------------------------------------
	 #1 (2.6480e-02, 2.0386e-02): lin 1 (0.0e+00)
Composition correction applied in 2 block(s)
	 #2 (1.3508e-03, 3.9777e-06): lin 1 (0.0e+00)
Composition correction applied in 2 block(s)
-------------------------------------------------------------------------------------------------------------
 T = 143.047, DT = 1, NI = 2, LI = 2, RES = 9.1e-07 (4.0e-06), CFL=0.329 (ELAPSED 00:00:15 )
-------------------------------------------------------------------------------------------------------------
	 #1 (2.5428e-02, 2.7341e-02): lin 1 (0.0e+00)
Composition correction applied in 2 block(s)
	 #2 (1.1339e-02, 2.4673e-06): lin 1 (0.0e+00)
Composition correction applied in 2 block(s)
	 #3 (2.7495e-04, 3.0402e-05): lin 1 (0.0e+00)
Composition correction applied in 2 block(s)
-------------------------------------------------------------------------------------------------------------
 T = 144.047, DT = 1, NI = 3, LI = 3, RES = 2.1e-07 (9.8e-06), CFL=0.366 (ELAPSED 00:00:16 )
-------------------------------------------------------------------------------------------------------------
	 #1 (2.1671e-02, 2.9653e-02): lin 1 (0.0e+00)
Composition correction applied in 2 block(s)
	 #2 (1.8128e-03, 8.6078e-06): lin 1 (0.0e+00)
Composition correction applied in 2 block(s)
-------------------------------------------------------------------------------------------------------------
 T = 145.047, DT = 1, NI = 2, LI = 2, RES = 6.9e-06 (2.3e-05), CFL=0.378 (ELAPSED 00:00:16 )
-------------------------------------------------------------------------------------------------------------
	 #1 (2.5900e-02, 1.2726e-02): lin 1 (0.0e+00)
Composition correction applied in 2 block(s)
	 #2 (1.1540e-03, 4.1497e-06): lin 1 (0.0e+00)
Composition correction applied in 2 block(s)
-------------------------------------------------------------------------------------------------------------
 T = 146.047, DT = 1, NI = 2, LI = 2, RES = 6.6e-06 (8.7e-06), CFL=0.348 (ELAPSED 00:00:16 )
-------------------------------------------------------------------------------------------------------------
	 #1 (2.5971e-02, 2.3707e-02): lin 1 (0.0e+00)
Composition correction applied in 2 block(s)
	 #2 (1.4850e-03, 1.6510e-05): lin 1 (0.0e+00)
Composition correction applied in 2 block(s)
-------------------------------------------------------------------------------------------------------------
 T = 147.047, DT = 1, NI = 2, LI = 2, RES = 1.6e-06 (2.4e-05), CFL=0.322 (ELAPSED 00:00:16 )
-------------------------------------------------------------------------------------------------------------
	 #1 (2.4624e-02, 2.3865e-02): lin 1 (0.0e+00)
Composition correction applied in 2 block(s)
	 #2 (1.5894e-02, 1.2426e-05): lin 1 (0.0e+00)
Composition correction applied in 2 block(s)
	 #3 (6.0794e-04, 6.2163e-05): lin 1 (0.0e+00)
Composition correction applied in 2 block(s)
-------------------------------------------------------------------------------------------------------------
 T = 148.047, DT = 1, NI = 3, LI = 3, RES = 1.2e-06 (8.7e-06), CFL=0.382 (ELAPSED 00:00:16 )
-------------------------------------------------------------------------------------------------------------
	 #1 (2.2800e-02, 4.9346e-02): lin 1 (0.0e+00)
Composition correction applied in 2 block(s)
	 #2 (2.2571e-03, 8.7867e-06): lin 1 (0.0e+00)
Composition correction applied in 2 block(s)
-------------------------------------------------------------------------------------------------------------
 T = 149.047, DT = 1, NI = 2, LI = 2, RES = 2.2e-06 (9.3e-06), CFL=0.370 (ELAPSED 00:00:16 )
-------------------------------------------------------------------------------------------------------------
	 #1 (2.5905e-02, 5.9935e-03): lin 1 (0.0e+00)
Composition correction applied in 2 block(s)
	 #2 (1.3553e-03, 3.1383e-05): lin 1 (0.0e+00)
Composition correction applied in 2 block(s)
	 #3 (2.0372e-05, 8.0381e-06): lin 1 (0.0e+00)
Composition correction applied in 2 block(s)
-------------------------------------------------------------------------------------------------------------
 T = 150.047, DT = 1, NI = 3, LI = 3, RES = 1.6e-09 (8.7e-06), CFL=0.339 (ELAPSED 00:00:16 )
-------------------------------------------------------------------------------------------------------------
	 #1 (2.5421e-02, 2.6155e-02): lin 1 (0.0e+00)
Composition correction applied in 2 block(s)
	 #2 (3.2182e-03, 9.1991e-06): lin 1 (0.0e+00)
Composition correction applied in 2 block(s)
	 #3 (1.6806e-05, 7.7856e-06): lin 1 (0.0e+00)
Composition correction applied in 2 block(s)
-------------------------------------------------------------------------------------------------------------
 T = 151.047, DT = 1, NI = 3, LI = 3, RES = 4.6e-10 (3.2e-05), CFL=0.328 (ELAPSED 00:00:16 )
-------------------------------------------------------------------------------------------------------------
	 #1 (2.2787e-02, 1.0509e-02): lin 1 (0.0e+00)
Composition correction applied in 297 block(s)
	 #2 (2.1313e-03, 5.7529e-05): lin 1 (0.0e+00)
Composition correction applied in 2 block(s)
	 #3 (2.1667e-05, 1.4502e-05): lin 1 (0.0e+00)
Composition correction applied in 2 block(s)
-------------------------------------------------------------------------------------------------------------
 T = 152.047, DT = 1, NI = 3, LI = 3, RES = 1.4e-09 (1.4e-05), CFL=0.388 (ELAPSED 00:00:16 )
-------------------------------------------------------------------------------------------------------------
	 #1 (2.4307e-02, 4.6559e-02): lin 1 (0.0e+00)
Composition correction applied in 2 block(s)
	 #2 (3.0677e-03, 3.6866e-05): lin 1 (0.0e+00)
Composition correction applied in 2 block(s)
-------------------------------------------------------------------------------------------------------------
 T = 153.047, DT = 1, NI = 2, LI = 2, RES = 7.0e-06 (1.2e-05), CFL=0.362 (ELAPSED 00:00:16 )
-------------------------------------------------------------------------------------------------------------
	 #1 (2.5592e-02, 1.5778e-02): lin 1 (0.0e+00)
Composition correction applied in 2 block(s)
	 #2 (1.6606e-03, 2.4592e-05): lin 1 (0.0e+00)
Composition correction applied in 2 block(s)
	 #3 (4.0690e-05, 3.2152e-05): lin 1 (0.0e+00)
Composition correction applied in 2 block(s)
-------------------------------------------------------------------------------------------------------------
 T = 154.047, DT = 1, NI = 3, LI = 3, RES = 6.5e-09 (2.5e-05), CFL=0.331 (ELAPSED 00:00:16 )
-------------------------------------------------------------------------------------------------------------
	 #1 (2.4762e-02, 2.5984e-02): lin 1 (0.0e+00)
Composition correction applied in 2 block(s)
	 #2 (8.1777e-03, 3.1450e-05): lin 1 (0.0e+00)
Composition correction applied in 2 block(s)
	 #3 (1.3507e-04, 4.6536e-05): lin 1 (0.0e+00)
Composition correction applied in 2 block(s)
-------------------------------------------------------------------------------------------------------------
 T = 155.047, DT = 1, NI = 3, LI = 3, RES = 4.8e-08 (5.8e-06), CFL=0.350 (ELAPSED 00:00:16 )
-------------------------------------------------------------------------------------------------------------
	 #1 (2.0867e-02, 1.3645e-02): lin 1 (0.0e+00)
Composition correction applied in 2 block(s)
	 #2 (1.7056e-03, 1.3801e-05): lin 1 (0.0e+00)
Composition correction applied in 2 block(s)
	 #3 (1.0456e-05, 3.1453e-05): lin 1 (0.0e+00)
Composition correction applied in 2 block(s)
-------------------------------------------------------------------------------------------------------------
 T = 156.047, DT = 1, NI = 3, LI = 3, RES = 3.6e-10 (1.3e-05), CFL=0.378 (ELAPSED 00:00:17 )
-------------------------------------------------------------------------------------------------------------
	 #1 (2.4607e-02, 2.2873e-02): lin 1 (0.0e+00)
Composition correction applied in 2 block(s)
	 #2 (1.0619e-03, 1.8393e-05): lin 1 (0.0e+00)
Composition correction applied in 2 block(s)
-------------------------------------------------------------------------------------------------------------
 T = 157.047, DT = 1, NI = 2, LI = 2, RES = 1.2e-06 (1.6e-05), CFL=0.351 (ELAPSED 00:00:17 )
-------------------------------------------------------------------------------------------------------------
	 #1 (2.5109e-02, 1.8876e-02): lin 1 (0.0e+00)
Composition correction applied in 2 block(s)
	 #2 (1.3559e-03, 2.6196e-05): lin 1 (0.0e+00)
Composition correction applied in 2 block(s)
-------------------------------------------------------------------------------------------------------------
 T = 158.047, DT = 1, NI = 2, LI = 2, RES = 1.1e-06 (6.1e-06), CFL=0.323 (ELAPSED 00:00:17 )
-------------------------------------------------------------------------------------------------------------
	 #1 (2.4017e-02, 2.3161e-02): lin 1 (0.0e+00)
Composition correction applied in 2 block(s)
	 #2 (1.2792e-02, 4.4772e-06): lin 1 (0.0e+00)
Composition correction applied in 2 block(s)
	 #3 (3.7697e-04, 6.0198e-05): lin 1 (0.0e+00)
Composition correction applied in 2 block(s)
-------------------------------------------------------------------------------------------------------------
 T = 159.047, DT = 1, NI = 3, LI = 3, RES = 4.4e-07 (9.1e-06), CFL=0.370 (ELAPSED 00:00:17 )
-------------------------------------------------------------------------------------------------------------
	 #1 (2.0920e-02, 3.3728e-02): lin 1 (0.0e+00)
Composition correction applied in 2 block(s)
	 #2 (1.8705e-03, 4.3652e-06): lin 1 (0.0e+00)
Composition correction applied in 2 block(s)
-------------------------------------------------------------------------------------------------------------
 T = 160.047, DT = 1, NI = 2, LI = 2, RES = 4.0e-06 (4.1e-06), CFL=0.370 (ELAPSED 00:00:17 )
-------------------------------------------------------------------------------------------------------------
	 #1 (2.4738e-02, 4.1216e-03): lin 1 (0.0e+00)
Composition correction applied in 2 block(s)
	 #2 (1.1189e-03, 1.7420e-05): lin 1 (0.0e+00)
Composition correction applied in 2 block(s)
-------------------------------------------------------------------------------------------------------------
 T = 161.047, DT = 1, NI = 2, LI = 2, RES = 8.9e-06 (6.2e-06), CFL=0.340 (ELAPSED 00:00:17 )
-------------------------------------------------------------------------------------------------------------
	 #1 (2.4658e-02, 2.2054e-02): lin 1 (0.0e+00)
Composition correction applied in 2 block(s)
	 #2 (1.4988e-03, 1.3435e-06): lin 1 (0.0e+00)
Composition correction applied in 2 block(s)
-------------------------------------------------------------------------------------------------------------
 T = 162.047, DT = 1, NI = 2, LI = 2, RES = 2.0e-06 (2.0e-05), CFL=0.317 (ELAPSED 00:00:17 )
-------------------------------------------------------------------------------------------------------------
	 #1 (2.3280e-02, 2.0322e-02): lin 1 (0.0e+00)
Composition correction applied in 2 block(s)
	 #2 (1.7041e-02, 2.0737e-05): lin 1 (0.0e+00)
Composition correction applied in 2 block(s)
	 #3 (7.5637e-04, 7.1880e-05): lin 1 (0.0e+00)
Composition correction applied in 2 block(s)
-------------------------------------------------------------------------------------------------------------
 T = 163.047, DT = 1, NI = 3, LI = 3, RES = 1.9e-06 (4.4e-06), CFL=0.385 (ELAPSED 00:00:17 )
-------------------------------------------------------------------------------------------------------------
	 #1 (2.2643e-02, 4.9885e-02): lin 1 (0.0e+00)
Composition correction applied in 2 block(s)
	 #2 (2.5341e-03, 1.9923e-06): lin 1 (0.0e+00)
Composition correction applied in 2 block(s)
-------------------------------------------------------------------------------------------------------------
 T = 164.047, DT = 1, NI = 2, LI = 2, RES = 4.0e-06 (1.1e-05), CFL=0.364 (ELAPSED 00:00:17 )
-------------------------------------------------------------------------------------------------------------
	 #1 (2.4754e-02, 1.0694e-02): lin 1 (0.0e+00)
Composition correction applied in 2 block(s)
	 #2 (1.3964e-03, 1.5144e-05): lin 1 (0.0e+00)
Composition correction applied in 2 block(s)
	 #3 (2.4193e-05, 8.5992e-06): lin 1 (0.0e+00)
Composition correction applied in 2 block(s)
-------------------------------------------------------------------------------------------------------------
 T = 165.047, DT = 1, NI = 3, LI = 3, RES = 2.3e-09 (3.6e-06), CFL=0.333 (ELAPSED 00:00:17 )
-------------------------------------------------------------------------------------------------------------
	 #1 (2.4139e-02, 2.3959e-02): lin 1 (0.0e+00)
Composition correction applied in 2 block(s)
	 #2 (5.2976e-03, 6.6767e-06): lin 1 (0.0e+00)
Composition correction applied in 2 block(s)
	 #3 (5.2545e-05, 2.6471e-05): lin 1 (0.0e+00)
Composition correction applied in 2 block(s)
-------------------------------------------------------------------------------------------------------------
 T = 166.047, DT = 1, NI = 3, LI = 3, RES = 6.7e-09 (1.2e-05), CFL=0.336 (ELAPSED 00:00:17 )
-------------------------------------------------------------------------------------------------------------
	 #1 (2.0786e-02, 1.3678e-04): lin 1 (0.0e+00)
Composition correction applied in 2 block(s)
	 #2 (1.7492e-03, 1.9408e-05): lin 1 (0.0e+00)
Composition correction applied in 2 block(s)
	 #3 (1.3587e-05, 4.6826e-07): lin 1 (0.0e+00)
Composition correction applied in 2 block(s)
-------------------------------------------------------------------------------------------------------------
 T = 167.047, DT = 1, NI = 3, LI = 3, RES = 6.1e-10 (1.0e-05), CFL=0.378 (ELAPSED 00:00:17 )
-------------------------------------------------------------------------------------------------------------
	 #1 (2.3372e-02, 3.1053e-02): lin 1 (0.0e+00)
Composition correction applied in 2 block(s)
	 #2 (1.0477e-03, 6.5242e-06): lin 1 (0.0e+00)
Composition correction applied in 2 block(s)
-------------------------------------------------------------------------------------------------------------
 T = 168.047, DT = 1, NI = 2, LI = 2, RES = 8.6e-07 (3.6e-07), CFL=0.353 (ELAPSED 00:00:17 )
-------------------------------------------------------------------------------------------------------------
	 #1 (2.4310e-02, 1.4545e-02): lin 1 (0.0e+00)
Composition correction applied in 2 block(s)
	 #2 (1.6922e-03, 2.0288e-05): lin 1 (0.0e+00)
Composition correction applied in 2 block(s)
	 #3 (4.5685e-05, 1.3821e-05): lin 1 (0.0e+00)
Composition correction applied in 2 block(s)
-------------------------------------------------------------------------------------------------------------
 T = 169.047, DT = 1, NI = 3, LI = 3, RES = 8.5e-09 (3.2e-05), CFL=0.325 (ELAPSED 00:00:18 )
-------------------------------------------------------------------------------------------------------------
	 #1 (2.3475e-02, 2.2211e-02): lin 1 (0.0e+00)
Composition correction applied in 2 block(s)
	 #2 (9.9453e-03, 1.3996e-05): lin 1 (0.0e+00)
Composition correction applied in 2 block(s)
	 #3 (2.1693e-04, 6.1863e-05): lin 1 (0.0e+00)
Composition correction applied in 2 block(s)
-------------------------------------------------------------------------------------------------------------
 T = 170.047, DT = 1, NI = 3, LI = 3, RES = 1.4e-07 (2.2e-06), CFL=0.357 (ELAPSED 00:00:18 )
-------------------------------------------------------------------------------------------------------------
	 #1 (1.9781e-02, 2.0374e-02): lin 1 (0.0e+00)
Composition correction applied in 2 block(s)
	 #2 (1.6415e-03, 3.3494e-06): lin 1 (0.0e+00)
Composition correction applied in 2 block(s)
-------------------------------------------------------------------------------------------------------------
 T = 171.047, DT = 1, NI = 2, LI = 2, RES = 6.7e-06 (1.4e-05), CFL=0.370 (ELAPSED 00:00:18 )
-------------------------------------------------------------------------------------------------------------
	 #1 (2.3626e-02, 1.2540e-02): lin 1 (0.0e+00)
Composition correction applied in 2 block(s)
	 #2 (1.0121e-03, 1.3996e-05): lin 1 (0.0e+00)
Composition correction applied in 2 block(s)
-------------------------------------------------------------------------------------------------------------
 T = 172.047, DT = 1, NI = 2, LI = 2, RES = 2.4e-06 (3.0e-05), CFL=0.343 (ELAPSED 00:00:18 )
-------------------------------------------------------------------------------------------------------------
	 #1 (2.3922e-02, 1.8007e-02): lin 1 (0.0e+00)
Composition correction applied in 2 block(s)
	 #2 (1.3749e-03, 5.9424e-06): lin 1 (0.0e+00)
Composition correction applied in 2 block(s)
-------------------------------------------------------------------------------------------------------------
 T = 173.047, DT = 1, NI = 2, LI = 2, RES = 1.3e-06 (1.8e-05), CFL=0.318 (ELAPSED 00:00:18 )
-------------------------------------------------------------------------------------------------------------
	 #1 (2.2779e-02, 1.9694e-02): lin 1 (0.0e+00)
Composition correction applied in 2 block(s)
	 #2 (1.4263e-02, 1.1874e-06): lin 1 (0.0e+00)
Composition correction applied in 2 block(s)
	 #3 (5.0376e-04, 4.9299e-05): lin 1 (0.0e+00)
Composition correction applied in 2 block(s)
-------------------------------------------------------------------------------------------------------------
 T = 174.047, DT = 1, NI = 3, LI = 3, RES = 8.6e-07 (1.5e-05), CFL=0.373 (ELAPSED 00:00:18 )
-------------------------------------------------------------------------------------------------------------
	 #1 (2.0629e-02, 3.6957e-02): lin 1 (0.0e+00)
Composition correction applied in 2 block(s)
	 #2 (2.0277e-03, 3.9361e-06): lin 1 (0.0e+00)
Composition correction applied in 2 block(s)
-------------------------------------------------------------------------------------------------------------
 T = 175.047, DT = 1, NI = 2, LI = 2, RES = 2.2e-06 (2.6e-06), CFL=0.363 (ELAPSED 00:00:18 )
-------------------------------------------------------------------------------------------------------------
	 #1 (2.3750e-02, 2.5040e-03): lin 1 (0.0e+00)
Composition correction applied in 2 block(s)
	 #2 (1.1644e-03, 9.4096e-06): lin 1 (0.0e+00)
Composition correction applied in 2 block(s)
	 #3 (1.2083e-05, 3.2454e-06): lin 1 (0.0e+00)
Composition correction applied in 2 block(s)
-------------------------------------------------------------------------------------------------------------
 T = 176.047, DT = 1, NI = 3, LI = 3, RES = 4.7e-10 (1.0e-05), CFL=0.335 (ELAPSED 00:00:18 )
-------------------------------------------------------------------------------------------------------------
	 #1 (2.3512e-02, 2.0314e-02): lin 1 (0.0e+00)
Composition correction applied in 2 block(s)
	 #2 (2.6496e-03, 3.5212e-06): lin 1 (0.0e+00)
Composition correction applied in 2 block(s)
	 #3 (1.0691e-05, 3.4964e-07): lin 1 (0.0e+00)
Composition correction applied in 2 block(s)
-------------------------------------------------------------------------------------------------------------
 T = 177.047, DT = 1, NI = 3, LI = 3, RES = 2.2e-10 (2.7e-06), CFL=0.321 (ELAPSED 00:00:18 )
-------------------------------------------------------------------------------------------------------------
	 #1 (2.1219e-02, 1.1632e-02): lin 1 (0.0e+00)
Composition correction applied in 282 block(s)
	 #2 (1.9127e-03, 8.7500e-05): lin 1 (0.0e+00)
Composition correction applied in 2 block(s)
	 #3 (1.8054e-05, 8.1902e-06): lin 1 (0.0e+00)
Composition correction applied in 2 block(s)
-------------------------------------------------------------------------------------------------------------
 T = 178.047, DT = 1, NI = 3, LI = 3, RES = 1.0e-09 (1.6e-05), CFL=0.376 (ELAPSED 00:00:18 )
-------------------------------------------------------------------------------------------------------------
	 #1 (2.2001e-02, 3.7416e-02): lin 1 (0.0e+00)
Composition correction applied in 2 block(s)
	 #2 (2.7139e-03, 2.4323e-05): lin 1 (0.0e+00)
Composition correction applied in 2 block(s)
-------------------------------------------------------------------------------------------------------------
 T = 179.047, DT = 1, NI = 2, LI = 2, RES = 5.2e-06 (5.1e-06), CFL=0.354 (ELAPSED 00:00:18 )
-------------------------------------------------------------------------------------------------------------
	 #1 (2.3415e-02, 1.1709e-02): lin 1 (0.0e+00)
Composition correction applied in 2 block(s)
	 #2 (1.4054e-03, 4.8377e-06): lin 1 (0.0e+00)
Composition correction applied in 2 block(s)
	 #3 (2.7897e-05, 1.8696e-05): lin 1 (0.0e+00)
Composition correction applied in 2 block(s)
-------------------------------------------------------------------------------------------------------------
 T = 180.047, DT = 1, NI = 3, LI = 3, RES = 3.3e-09 (1.3e-05), CFL=0.325 (ELAPSED 00:00:18 )
-------------------------------------------------------------------------------------------------------------
	 #1 (2.2779e-02, 2.1098e-02): lin 1 (0.0e+00)
Composition correction applied in 2 block(s)
	 #2 (6.7406e-03, 1.8924e-05): lin 1 (0.0e+00)
Composition correction applied in 2 block(s)
	 #3 (9.2021e-05, 2.4742e-05): lin 1 (0.0e+00)
Composition correction applied in 2 block(s)
-------------------------------------------------------------------------------------------------------------
 T = 181.047, DT = 1, NI = 3, LI = 3, RES = 2.4e-08 (1.2e-05), CFL=0.339 (ELAPSED 00:00:19 )
-------------------------------------------------------------------------------------------------------------
	 #1 (1.9222e-02, 7.0023e-03): lin 1 (0.0e+00)
Composition correction applied in 2 block(s)
	 #2 (1.5397e-03, 2.8206e-06): lin 1 (0.0e+00)
Composition correction applied in 2 block(s)
-------------------------------------------------------------------------------------------------------------
 T = 182.047, DT = 1, NI = 2, LI = 2, RES = 9.5e-06 (2.1e-05), CFL=0.369 (ELAPSED 00:00:19 )
-------------------------------------------------------------------------------------------------------------
	 #1 (2.2332e-02, 2.1783e-02): lin 1 (0.0e+00)
Composition correction applied in 2 block(s)
	 #2 (9.6873e-04, 2.7517e-05): lin 1 (0.0e+00)
Composition correction applied in 2 block(s)
-------------------------------------------------------------------------------------------------------------
 T = 183.047, DT = 1, NI = 2, LI = 2, RES = 7.6e-07 (8.2e-06), CFL=0.345 (ELAPSED 00:00:19 )
-------------------------------------------------------------------------------------------------------------
	 #1 (2.3102e-02, 1.3399e-02): lin 1 (0.0e+00)
Composition correction applied in 2 block(s)
	 #2 (1.6711e-03, 1.6830e-05): lin 1 (0.0e+00)
Composition correction applied in 2 block(s)
	 #3 (4.7466e-05, 1.9659e-05): lin 1 (0.0e+00)
Composition correction applied in 2 block(s)
-------------------------------------------------------------------------------------------------------------
 T = 184.047, DT = 1, NI = 3, LI = 3, RES = 9.5e-09 (3.0e-05), CFL=0.319 (ELAPSED 00:00:19 )
-------------------------------------------------------------------------------------------------------------
	 #1 (2.2271e-02, 1.8935e-02): lin 1 (0.0e+00)
Composition correction applied in 2 block(s)
	 #2 (1.0786e-02, 9.6727e-06): lin 1 (0.0e+00)
Composition correction applied in 2 block(s)
	 #3 (2.6899e-04, 5.4580e-05): lin 1 (0.0e+00)
Composition correction applied in 2 block(s)
-------------------------------------------------------------------------------------------------------------
 T = 185.047, DT = 1, NI = 3, LI = 3, RES = 2.4e-07 (1.6e-05), CFL=0.357 (ELAPSED 00:00:19 )
-------------------------------------------------------------------------------------------------------------
	 #1 (1.8945e-02, 2.2795e-02): lin 1 (0.0e+00)
Composition correction applied in 2 block(s)
	 #2 (1.6239e-03, 5.7177e-06): lin 1 (0.0e+00)
Composition correction applied in 2 block(s)
-------------------------------------------------------------------------------------------------------------
 T = 186.047, DT = 1, NI = 2, LI = 2, RES = 4.8e-06 (1.0e-05), CFL=0.364 (ELAPSED 00:00:19 )
-------------------------------------------------------------------------------------------------------------
	 #1 (2.2642e-02, 7.7318e-03): lin 1 (0.0e+00)
Composition correction applied in 2 block(s)
	 #2 (9.7017e-04, 1.1730e-05): lin 1 (0.0e+00)
Composition correction applied in 2 block(s)
-------------------------------------------------------------------------------------------------------------
 T = 187.047, DT = 1, NI = 2, LI = 2, RES = 3.3e-06 (2.1e-05), CFL=0.338 (ELAPSED 00:00:19 )
-------------------------------------------------------------------------------------------------------------
	 #1 (2.2860e-02, 1.6453e-02): lin 1 (0.0e+00)
Composition correction applied in 2 block(s)
	 #2 (1.3655e-03, 2.7166e-05): lin 1 (0.0e+00)
Composition correction applied in 2 block(s)
-------------------------------------------------------------------------------------------------------------
 T = 188.047, DT = 1, NI = 2, LI = 2, RES = 1.5e-06 (1.3e-05), CFL=0.316 (ELAPSED 00:00:19 )
-------------------------------------------------------------------------------------------------------------
	 #1 (2.1710e-02, 1.7282e-02): lin 1 (0.0e+00)
Composition correction applied in 2 block(s)
	 #2 (1.4727e-02, 1.5998e-05): lin 1 (0.0e+00)
Composition correction applied in 2 block(s)
	 #3 (5.6563e-04, 8.8343e-05): lin 1 (0.0e+00)
Composition correction applied in 2 block(s)
-------------------------------------------------------------------------------------------------------------
 T = 189.047, DT = 1, NI = 3, LI = 3, RES = 1.1e-06 (1.9e-06), CFL=0.372 (ELAPSED 00:00:19 )
-------------------------------------------------------------------------------------------------------------
	 #1 (2.0159e-02, 3.6201e-02): lin 1 (0.0e+00)
Composition correction applied in 2 block(s)
	 #2 (2.1482e-03, 9.1249e-06): lin 1 (0.0e+00)
Composition correction applied in 2 block(s)
-------------------------------------------------------------------------------------------------------------
 T = 190.047, DT = 1, NI = 2, LI = 2, RES = 2.5e-06 (5.9e-06), CFL=0.359 (ELAPSED 00:00:19 )
-------------------------------------------------------------------------------------------------------------
	 #1 (2.2809e-02, 4.4385e-03): lin 1 (0.0e+00)
Composition correction applied in 2 block(s)
	 #2 (1.1711e-03, 1.3974e-05): lin 1 (0.0e+00)
Composition correction applied in 2 block(s)
	 #3 (1.4019e-05, 6.7482e-06): lin 1 (0.0e+00)
Composition correction applied in 2 block(s)
-------------------------------------------------------------------------------------------------------------
 T = 191.047, DT = 1, NI = 3, LI = 3, RES = 8.3e-10 (8.8e-07), CFL=0.331 (ELAPSED 00:00:19 )
-------------------------------------------------------------------------------------------------------------
	 #1 (2.2496e-02, 1.8699e-02): lin 1 (0.0e+00)
Composition correction applied in 2 block(s)
	 #2 (3.7024e-03, 7.8120e-06): lin 1 (0.0e+00)
Composition correction applied in 2 block(s)
	 #3 (2.4748e-05, 4.4931e-06): lin 1 (0.0e+00)
Composition correction applied in 2 block(s)
-------------------------------------------------------------------------------------------------------------
 T = 192.047, DT = 1, NI = 3, LI = 3, RES = 1.6e-09 (4.4e-06), CFL=0.327 (ELAPSED 00:00:19 )
-------------------------------------------------------------------------------------------------------------
	 #1 (1.9820e-02, 5.3561e-03): lin 1 (0.0e+00)
Composition correction applied in 2 block(s)
	 #2 (1.6900e-03, 4.3076e-05): lin 1 (0.0e+00)
Composition correction applied in 2 block(s)
	 #3 (1.2794e-05, 6.6561e-06): lin 1 (0.0e+00)
Composition correction applied in 2 block(s)
-------------------------------------------------------------------------------------------------------------
 T = 193.047, DT = 1, NI = 3, LI = 3, RES = 4.9e-10 (5.3e-06), CFL=0.372 (ELAPSED 00:00:20 )
-------------------------------------------------------------------------------------------------------------
	 #1 (2.1360e-02, 2.9626e-02): lin 1 (0.0e+00)
Composition correction applied in 2 block(s)
	 #2 (2.8477e-03, 1.2500e-05): lin 1 (0.0e+00)
Composition correction applied in 2 block(s)
-------------------------------------------------------------------------------------------------------------
 T = 194.047, DT = 1, NI = 2, LI = 2, RES = 5.9e-06 (2.7e-05), CFL=0.351 (ELAPSED 00:00:20 )
-------------------------------------------------------------------------------------------------------------
	 #1 (2.2596e-02, 1.0057e-02): lin 1 (0.0e+00)
Composition correction applied in 2 block(s)
	 #2 (1.4478e-03, 1.3702e-05): lin 1 (0.0e+00)
Composition correction applied in 2 block(s)
	 #3 (3.1230e-05, 3.0194e-05): lin 1 (0.0e+00)
Composition correction applied in 2 block(s)
-------------------------------------------------------------------------------------------------------------
 T = 195.047, DT = 1, NI = 3, LI = 3, RES = 4.2e-09 (1.5e-05), CFL=0.324 (ELAPSED 00:00:20 )
-------------------------------------------------------------------------------------------------------------
	 #1 (2.1989e-02, 1.8585e-02): lin 1 (0.0e+00)
Composition correction applied in 2 block(s)
	 #2 (8.1269e-03, 8.3387e-07): lin 1 (0.0e+00)
Composition correction applied in 2 block(s)
	 #3 (1.4440e-04, 1.4571e-05): lin 1 (0.0e+00)
Composition correction applied in 2 block(s)
-------------------------------------------------------------------------------------------------------------
 T = 196.047, DT = 1, NI = 3, LI = 3, RES = 6.8e-08 (9.6e-06), CFL=0.346 (ELAPSED 00:00:20 )
-------------------------------------------------------------------------------------------------------------
	 #1 (1.8370e-02, 1.1658e-02): lin 1 (0.0e+00)
Composition correction applied in 2 block(s)
	 #2 (1.4862e-03, 9.4630e-06): lin 1 (0.0e+00)
Composition correction applied in 2 block(s)
-------------------------------------------------------------------------------------------------------------
 T = 197.047, DT = 1, NI = 2, LI = 2, RES = 7.1e-06 (1.3e-05), CFL=0.366 (ELAPSED 00:00:20 )
-------------------------------------------------------------------------------------------------------------
	 #1 (2.1749e-02, 1.4294e-02): lin 1 (0.0e+00)
Composition correction applied in 2 block(s)
	 #2 (9.2983e-04, 1.4032e-07): lin 1 (0.0e+00)
Composition correction applied in 2 block(s)
-------------------------------------------------------------------------------------------------------------
 T = 198.047, DT = 1, NI = 2, LI = 2, RES = 7.0e-07 (2.1e-05), CFL=0.342 (ELAPSED 00:00:20 )
-------------------------------------------------------------------------------------------------------------
	 #1 (2.2309e-02, 1.3368e-02): lin 1 (0.0e+00)
Composition correction applied in 2 block(s)
	 #2 (1.2588e-03, 2.6372e-06): lin 1 (0.0e+00)
Composition correction applied in 2 block(s)
-------------------------------------------------------------------------------------------------------------
 T = 199.047, DT = 1, NI = 2, LI = 2, RES = 1.0e-06 (1.6e-05), CFL=0.318 (ELAPSED 00:00:20 )
-------------------------------------------------------------------------------------------------------------
	 #1 (2.1376e-02, 1.6977e-02): lin 1 (0.0e+00)
Composition correction applied in 2 block(s)
	 #2 (1.2259e-02, 2.9415e-05): lin 1 (0.0e+00)
Composition correction applied in 2 block(s)
	 #3 (3.7355e-04, 5.2883e-05): lin 1 (0.0e+00)
Composition correction applied in 2 block(s)
-------------------------------------------------------------------------------------------------------------
 T = 200.047, DT = 1, NI = 3, LI = 3, RES = 5.0e-07 (2.5e-07), CFL=0.362 (ELAPSED 00:00:20 )
-------------------------------------------------------------------------------------------------------------
	 #1 (1.8681e-02, 2.6084e-02): lin 1 (0.0e+00)
Composition correction applied in 2 block(s)
	 #2 (1.7529e-03, 1.4523e-05): lin 1 (0.0e+00)
Composition correction applied in 2 block(s)
-------------------------------------------------------------------------------------------------------------
 T = 201.047, DT = 1, NI = 2, LI = 2, RES = 2.9e-06 (2.5e-05), CFL=0.360 (ELAPSED 00:00:20 )
-------------------------------------------------------------------------------------------------------------
	 #1 (2.1983e-02, 1.7405e-03): lin 1 (0.0e+00)
Composition correction applied in 2 block(s)
	 #2 (9.9487e-04, 3.7868e-06): lin 1 (0.0e+00)
Composition correction applied in 2 block(s)
-------------------------------------------------------------------------------------------------------------
 T = 202.047, DT = 1, NI = 2, LI = 2, RES = 6.2e-06 (7.7e-06), CFL=0.333 (ELAPSED 00:00:20 )
-------------------------------------------------------------------------------------------------------------
	 #1 (2.1995e-02, 1.6058e-02): lin 1 (0.0e+00)
Composition correction applied in 2 block(s)
	 #2 (1.3355e-03, 8.3794e-06): lin 1 (0.0e+00)
Composition correction applied in 2 block(s)
-------------------------------------------------------------------------------------------------------------
 T = 203.047, DT = 1, NI = 2, LI = 2, RES = 2.2e-06 (2.0e-06), CFL=0.315 (ELAPSED 00:00:20 )
-------------------------------------------------------------------------------------------------------------
	 #1 (2.0552e-02, 1.3912e-02): lin 1 (0.0e+00)
Composition correction applied in 283 block(s)
	 #2 (1.8755e-03, 4.0256e-05): lin 1 (0.0e+00)
Composition correction applied in 2 block(s)
	 #3 (1.6188e-05, 1.1777e-05): lin 1 (0.0e+00)
Composition correction applied in 2 block(s)
-------------------------------------------------------------------------------------------------------------
 T = 204.047, DT = 1, NI = 3, LI = 3, RES = 7.6e-10 (4.9e-06), CFL=0.373 (ELAPSED 00:00:20 )
-------------------------------------------------------------------------------------------------------------
	 #1 (2.0306e-02, 3.5287e-02): lin 1 (0.0e+00)
Composition correction applied in 2 block(s)
	 #2 (2.4119e-03, 1.0451e-05): lin 1 (0.0e+00)
Composition correction applied in 2 block(s)
-------------------------------------------------------------------------------------------------------------
 T = 205.047, DT = 1, NI = 2, LI = 2, RES = 3.8e-06 (2.3e-05), CFL=0.354 (ELAPSED 00:00:20 )
-------------------------------------------------------------------------------------------------------------
	 #1 (2.2059e-02, 7.6942e-03): lin 1 (0.0e+00)
Composition correction applied in 2 block(s)
	 #2 (1.2522e-03, 1.1825e-05): lin 1 (0.0e+00)
Composition correction applied in 2 block(s)
	 #3 (1.9519e-05, 1.8349e-05): lin 1 (0.0e+00)
Composition correction applied in 2 block(s)
-------------------------------------------------------------------------------------------------------------
 T = 206.047, DT = 1, NI = 3, LI = 3, RES = 1.7e-09 (5.7e-06), CFL=0.327 (ELAPSED 00:00:21 )
-------------------------------------------------------------------------------------------------------------
	 #1 (2.1595e-02, 1.7573e-02): lin 1 (0.0e+00)
Composition correction applied in 2 block(s)
	 #2 (5.8252e-03, 2.9879e-06): lin 1 (0.0e+00)
Composition correction applied in 2 block(s)
	 #3 (6.9643e-05, 1.5431e-05): lin 1 (0.0e+00)
Composition correction applied in 2 block(s)
-------------------------------------------------------------------------------------------------------------
 T = 207.047, DT = 1, NI = 3, LI = 3, RES = 1.5e-08 (8.3e-06), CFL=0.335 (ELAPSED 00:00:21 )
-------------------------------------------------------------------------------------------------------------
	 #1 (1.8271e-02, 2.8544e-03): lin 1 (0.0e+00)
Composition correction applied in 2 block(s)
	 #2 (1.4601e-03, 2.1262e-05): lin 1 (0.0e+00)
Composition correction applied in 2 block(s)
-------------------------------------------------------------------------------------------------------------
 T = 208.047, DT = 1, NI = 2, LI = 2, RES = 8.7e-06 (3.1e-06), CFL=0.366 (ELAPSED 00:00:21 )
-------------------------------------------------------------------------------------------------------------
	 #1 (2.0843e-02, 1.9415e-02): lin 1 (0.0e+00)
Composition correction applied in 2 block(s)
	 #2 (9.2392e-04, 1.2254e-05): lin 1 (0.0e+00)
Composition correction applied in 2 block(s)
-------------------------------------------------------------------------------------------------------------
 T = 209.047, DT = 1, NI = 2, LI = 2, RES = 6.6e-07 (1.7e-05), CFL=0.345 (ELAPSED 00:00:21 )
-------------------------------------------------------------------------------------------------------------
	 #1 (2.1739e-02, 1.0586e-02): lin 1 (0.0e+00)
Composition correction applied in 2 block(s)
	 #2 (1.5226e-03, 1.9739e-05): lin 1 (0.0e+00)
Composition correction applied in 2 block(s)
	 #3 (3.8849e-05, 2.8248e-06): lin 1 (0.0e+00)
Composition correction applied in 2 block(s)
-------------------------------------------------------------------------------------------------------------
 T = 210.047, DT = 1, NI = 3, LI = 3, RES = 6.7e-09 (8.6e-06), CFL=0.321 (ELAPSED 00:00:21 )
-------------------------------------------------------------------------------------------------------------
	 #1 (2.1022e-02, 1.6339e-02): lin 1 (0.0e+00)
Composition correction applied in 2 block(s)
	 #2 (1.0002e-02, 1.0289e-05): lin 1 (0.0e+00)
Composition correction applied in 2 block(s)
	 #3 (2.3771e-04, 2.7267e-05): lin 1 (0.0e+00)
Composition correction applied in 2 block(s)
-------------------------------------------------------------------------------------------------------------
 T = 211.047, DT = 1, NI = 3, LI = 3, RES = 2.0e-07 (3.7e-06), CFL=0.352 (ELAPSED 00:00:21 )
-------------------------------------------------------------------------------------------------------------
	 #1 (1.7709e-02, 1.7463e-02): lin 1 (0.0e+00)
Composition correction applied in 2 block(s)
	 #2 (1.5190e-03, 5.3553e-06): lin 1 (0.0e+00)
Composition correction applied in 2 block(s)
-------------------------------------------------------------------------------------------------------------
 T = 212.047, DT = 1, NI = 2, LI = 2, RES = 4.5e-06 (2.1e-05), CFL=0.360 (ELAPSED 00:00:21 )
-------------------------------------------------------------------------------------------------------------
	 #1 (2.1159e-02, 7.0264e-03): lin 1 (0.0e+00)
Composition correction applied in 2 block(s)
	 #2 (8.9534e-04, 7.1400e-06): lin 1 (0.0e+00)
Composition correction applied in 2 block(s)
-------------------------------------------------------------------------------------------------------------
 T = 213.047, DT = 1, NI = 2, LI = 2, RES = 1.7e-06 (1.7e-05), CFL=0.336 (ELAPSED 00:00:21 )
-------------------------------------------------------------------------------------------------------------
	 #1 (2.1477e-02, 1.3439e-02): lin 1 (0.0e+00)
Composition correction applied in 2 block(s)
	 #2 (1.2950e-03, 2.8693e-05): lin 1 (0.0e+00)
Composition correction applied in 2 block(s)
-------------------------------------------------------------------------------------------------------------
 T = 214.047, DT = 1, NI = 2, LI = 2, RES = 1.4e-06 (1.5e-05), CFL=0.314 (ELAPSED 00:00:21 )
-------------------------------------------------------------------------------------------------------------
	 #1 (2.0438e-02, 1.4819e-02): lin 1 (0.0e+00)
Composition correction applied in 3 block(s)
	 #2 (1.3868e-02, 6.6899e-06): lin 1 (0.0e+00)
Composition correction applied in 3 block(s)
	 #3 (5.1856e-04, 6.5460e-05): lin 1 (0.0e+00)
Composition correction applied in 3 block(s)
-------------------------------------------------------------------------------------------------------------
 T = 215.047, DT = 1, NI = 3, LI = 3, RES = 1.0e-06 (1.8e-05), CFL=0.366 (ELAPSED 00:00:21 )
-------------------------------------------------------------------------------------------------------------
	 #1 (1.8797e-02, 2.9460e-02): lin 1 (0.0e+00)
Composition correction applied in 3 block(s)
	 #2 (2.0225e-03, 1.2342e-05): lin 1 (0.0e+00)
Composition correction applied in 3 block(s)
-------------------------------------------------------------------------------------------------------------
 T = 216.047, DT = 1, NI = 2, LI = 2, RES = 2.3e-06 (7.8e-07), CFL=0.355 (ELAPSED 00:00:21 )
-------------------------------------------------------------------------------------------------------------
	 #1 (2.1360e-02, 3.0897e-03): lin 1 (0.0e+00)
Composition correction applied in 3 block(s)
	 #2 (1.0772e-03, 1.1550e-05): lin 1 (0.0e+00)
Composition correction applied in 3 block(s)
	 #3 (1.0919e-05, 2.5572e-05): lin 1 (0.0e+00)
Composition correction applied in 3 block(s)
-------------------------------------------------------------------------------------------------------------
 T = 217.047, DT = 1, NI = 3, LI = 3, RES = 5.3e-10 (5.0e-06), CFL=0.329 (ELAPSED 00:00:21 )
-------------------------------------------------------------------------------------------------------------
	 #1 (2.1154e-02, 1.5536e-02): lin 1 (0.0e+00)
Composition correction applied in 3 block(s)
	 #2 (3.6430e-03, 8.8576e-06): lin 1 (0.0e+00)
Composition correction applied in 3 block(s)
	 #3 (2.4763e-05, 3.0804e-06): lin 1 (0.0e+00)
Composition correction applied in 3 block(s)
-------------------------------------------------------------------------------------------------------------
 T = 218.047, DT = 1, NI = 3, LI = 3, RES = 1.8e-09 (2.3e-06), CFL=0.325 (ELAPSED 00:00:21 )
-------------------------------------------------------------------------------------------------------------
	 #1 (1.8575e-02, 4.5677e-03): lin 1 (0.0e+00)
Composition correction applied in 3 block(s)
	 #2 (1.5295e-03, 1.5150e-05): lin 1 (0.0e+00)
Composition correction applied in 3 block(s)
	 #3 (1.0139e-05, 1.4645e-05): lin 1 (0.0e+00)
Composition correction applied in 3 block(s)
-------------------------------------------------------------------------------------------------------------
 T = 219.047, DT = 1, NI = 3, LI = 3, RES = 3.0e-10 (7.2e-06), CFL=0.367 (ELAPSED 00:00:22 )
-------------------------------------------------------------------------------------------------------------
	 #1 (1.9942e-02, 2.3919e-02): lin 1 (0.0e+00)
Composition correction applied in 3 block(s)
	 #2 (2.6956e-03, 2.8059e-05): lin 1 (0.0e+00)
Composition correction applied in 3 block(s)
-------------------------------------------------------------------------------------------------------------
 T = 220.047, DT = 1, NI = 2, LI = 2, RES = 5.3e-06 (1.8e-06), CFL=0.348 (ELAPSED 00:00:22 )
-------------------------------------------------------------------------------------------------------------
	 #1 (2.1184e-02, 7.8916e-03): lin 1 (0.0e+00)
Composition correction applied in 3 block(s)
	 #2 (1.3399e-03, 8.7348e-06): lin 1 (0.0e+00)
Composition correction applied in 3 block(s)
	 #3 (2.6691e-05, 5.4213e-06): lin 1 (0.0e+00)
Composition correction applied in 3 block(s)
-------------------------------------------------------------------------------------------------------------
 T = 221.047, DT = 1, NI = 3, LI = 3, RES = 3.2e-09 (3.5e-06), CFL=0.323 (ELAPSED 00:00:22 )
-------------------------------------------------------------------------------------------------------------
	 #1 (2.0690e-02, 1.5555e-02): lin 1 (0.0e+00)
Composition correction applied in 3 block(s)
	 #2 (7.8484e-03, 1.2130e-06): lin 1 (0.0e+00)
Composition correction applied in 3 block(s)
	 #3 (1.3902e-04, 3.3382e-05): lin 1 (0.0e+00)
Composition correction applied in 3 block(s)
-------------------------------------------------------------------------------------------------------------
 T = 222.047, DT = 1, NI = 3, LI = 3, RES = 6.8e-08 (6.6e-06), CFL=0.343 (ELAPSED 00:00:22 )
-------------------------------------------------------------------------------------------------------------
	 #1 (1.7210e-02, 9.7285e-03): lin 1 (0.0e+00)
Composition correction applied in 3 block(s)
	 #2 (1.3864e-03, 3.3157e-06): lin 1 (0.0e+00)
Composition correction applied in 3 block(s)
-------------------------------------------------------------------------------------------------------------
 T = 223.047, DT = 1, NI = 2, LI = 2, RES = 6.0e-06 (5.3e-06), CFL=0.361 (ELAPSED 00:00:22 )
-------------------------------------------------------------------------------------------------------------
	 #1 (2.0359e-02, 1.1628e-02): lin 1 (0.0e+00)
Composition correction applied in 3 block(s)
	 #2 (8.7249e-04, 9.2716e-06): lin 1 (0.0e+00)
Composition correction applied in 3 block(s)
-------------------------------------------------------------------------------------------------------------
 T = 224.047, DT = 1, NI = 2, LI = 2, RES = 6.2e-07 (3.0e-06), CFL=0.339 (ELAPSED 00:00:22 )
-------------------------------------------------------------------------------------------------------------
	 #1 (2.0969e-02, 1.0950e-02): lin 1 (0.0e+00)
Composition correction applied in 3 block(s)
	 #2 (1.5999e-03, 2.3722e-05): lin 1 (0.0e+00)
Composition correction applied in 3 block(s)
	 #3 (4.7184e-05, 1.5255e-05): lin 1 (0.0e+00)
Composition correction applied in 3 block(s)
-------------------------------------------------------------------------------------------------------------
 T = 225.047, DT = 1, NI = 3, LI = 3, RES = 1.0e-08 (4.3e-06), CFL=0.316 (ELAPSED 00:00:22 )
-------------------------------------------------------------------------------------------------------------
	 #1 (2.0130e-02, 1.4387e-02): lin 1 (0.0e+00)
Composition correction applied in 3 block(s)
	 #2 (1.1758e-02, 2.3190e-06): lin 1 (0.0e+00)
Composition correction applied in 3 block(s)
	 #3 (3.5492e-04, 2.7909e-05): lin 1 (0.0e+00)
Composition correction applied in 3 block(s)
-------------------------------------------------------------------------------------------------------------
 T = 226.047, DT = 1, NI = 3, LI = 3, RES = 4.7e-07 (1.8e-06), CFL=0.358 (ELAPSED 00:00:22 )
-------------------------------------------------------------------------------------------------------------
	 #1 (1.7534e-02, 2.1899e-02): lin 1 (0.0e+00)
Composition correction applied in 3 block(s)
	 #2 (1.6691e-03, 1.3666e-05): lin 1 (0.0e+00)
Composition correction applied in 3 block(s)
-------------------------------------------------------------------------------------------------------------
 T = 227.047, DT = 1, NI = 2, LI = 2, RES = 2.7e-06 (3.8e-06), CFL=0.356 (ELAPSED 00:00:22 )
-------------------------------------------------------------------------------------------------------------
	 #1 (2.0638e-02, 1.5517e-03): lin 1 (0.0e+00)
Composition correction applied in 3 block(s)
	 #2 (9.3216e-04, 4.9943e-06): lin 1 (0.0e+00)
Composition correction applied in 3 block(s)
-------------------------------------------------------------------------------------------------------------
 T = 228.047, DT = 1, NI = 2, LI = 2, RES = 4.9e-06 (1.0e-05), CFL=0.331 (ELAPSED 00:00:22 )
-------------------------------------------------------------------------------------------------------------
	 #1 (2.0721e-02, 1.3373e-02): lin 1 (0.0e+00)
Composition correction applied in 3 block(s)
	 #2 (1.5591e-03, 1.0008e-05): lin 1 (0.0e+00)
Composition correction applied in 3 block(s)
-------------------------------------------------------------------------------------------------------------
 T = 229.047, DT = 1, NI = 2, LI = 2, RES = 3.5e-06 (3.0e-06), CFL=0.315 (ELAPSED 00:00:22 )
-------------------------------------------------------------------------------------------------------------
	 #1 (1.9228e-02, 1.1105e-02): lin 1 (0.0e+00)
Composition correction applied in 3 block(s)
	 #2 (1.6804e-03, 4.5327e-05): lin 1 (0.0e+00)
Composition correction applied in 3 block(s)
	 #3 (1.2528e-05, 1.2403e-05): lin 1 (0.0e+00)
Composition correction applied in 3 block(s)
-------------------------------------------------------------------------------------------------------------
 T = 230.047, DT = 1, NI = 3, LI = 3, RES = 4.4e-10 (1.4e-05), CFL=0.368 (ELAPSED 00:00:22 )
-------------------------------------------------------------------------------------------------------------
	 #1 (1.9023e-02, 2.8256e-02): lin 1 (0.0e+00)
Composition correction applied in 3 block(s)
	 #2 (2.3040e-03, 2.2169e-05): lin 1 (0.0e+00)
Composition correction applied in 3 block(s)
-------------------------------------------------------------------------------------------------------------
 T = 231.047, DT = 1, NI = 2, LI = 2, RES = 3.6e-06 (1.7e-05), CFL=0.351 (ELAPSED 00:00:23 )
-------------------------------------------------------------------------------------------------------------
	 #1 (2.0731e-02, 5.9334e-03): lin 1 (0.0e+00)
Composition correction applied in 3 block(s)
	 #2 (1.1745e-03, 1.5470e-06): lin 1 (0.0e+00)
Composition correction applied in 3 block(s)
	 #3 (1.7102e-05, 2.7884e-06): lin 1 (0.0e+00)
Composition correction applied in 3 block(s)
-------------------------------------------------------------------------------------------------------------
 T = 232.047, DT = 1, NI = 3, LI = 3, RES = 1.3e-09 (1.6e-05), CFL=0.326 (ELAPSED 00:00:23 )
-------------------------------------------------------------------------------------------------------------
	 #1 (2.0371e-02, 1.4633e-02): lin 1 (0.0e+00)
Composition correction applied in 3 block(s)
	 #2 (5.8161e-03, 5.2996e-07): lin 1 (0.0e+00)
Composition correction applied in 3 block(s)
	 #3 (7.1899e-05, 4.5463e-06): lin 1 (0.0e+00)
Composition correction applied in 3 block(s)
-------------------------------------------------------------------------------------------------------------
 T = 233.047, DT = 1, NI = 3, LI = 3, RES = 1.8e-08 (3.2e-06), CFL=0.334 (ELAPSED 00:00:23 )
-------------------------------------------------------------------------------------------------------------
	 #1 (1.7136e-02, 2.8343e-03): lin 1 (0.0e+00)
Composition correction applied in 3 block(s)
	 #2 (1.3438e-03, 1.5055e-06): lin 1 (0.0e+00)
Composition correction applied in 3 block(s)
-------------------------------------------------------------------------------------------------------------
 T = 234.047, DT = 1, NI = 2, LI = 2, RES = 7.2e-06 (3.6e-06), CFL=0.361 (ELAPSED 00:00:23 )
-------------------------------------------------------------------------------------------------------------
	 #1 (1.9571e-02, 1.5451e-02): lin 1 (0.0e+00)
Composition correction applied in 3 block(s)
	 #2 (8.6677e-04, 3.1072e-06): lin 1 (0.0e+00)
Composition correction applied in 3 block(s)
-------------------------------------------------------------------------------------------------------------
 T = 235.047, DT = 1, NI = 2, LI = 2, RES = 3.2e-06 (4.4e-06), CFL=0.342 (ELAPSED 00:00:23 )
-------------------------------------------------------------------------------------------------------------
	 #1 (2.0498e-02, 8.5141e-03): lin 1 (0.0e+00)
Composition correction applied in 3 block(s)
	 #2 (1.4330e-03, 5.1418e-06): lin 1 (0.0e+00)
Composition correction applied in 3 block(s)
	 #3 (3.6491e-05, 1.5828e-05): lin 1 (0.0e+00)
Composition correction applied in 3 block(s)
-------------------------------------------------------------------------------------------------------------
 T = 236.047, DT = 1, NI = 3, LI = 3, RES = 5.9e-09 (3.7e-06), CFL=0.318 (ELAPSED 00:00:23 )
-------------------------------------------------------------------------------------------------------------
	 #1 (1.9787e-02, 1.4413e-02): lin 1 (0.0e+00)
Composition correction applied in 3 block(s)
	 #2 (9.6450e-03, 1.3213e-05): lin 1 (0.0e+00)
Composition correction applied in 3 block(s)
	 #3 (2.2626e-04, 3.0397e-05): lin 1 (0.0e+00)
Composition correction applied in 3 block(s)
-------------------------------------------------------------------------------------------------------------
 T = 237.047, DT = 1, NI = 3, LI = 3, RES = 1.9e-07 (1.2e-05), CFL=0.347 (ELAPSED 00:00:23 )
-------------------------------------------------------------------------------------------------------------
	 #1 (1.6555e-02, 1.4184e-02): lin 1 (0.0e+00)
Composition correction applied in 3 block(s)
	 #2 (1.4063e-03, 2.0533e-05): lin 1 (0.0e+00)
Composition correction applied in 3 block(s)
-------------------------------------------------------------------------------------------------------------
 T = 238.047, DT = 1, NI = 2, LI = 2, RES = 4.0e-06 (5.1e-06), CFL=0.354 (ELAPSED 00:00:23 )
-------------------------------------------------------------------------------------------------------------
	 #1 (1.9744e-02, 5.3967e-03): lin 1 (0.0e+00)
Composition correction applied in 3 block(s)
	 #2 (8.1891e-04, 8.4237e-07): lin 1 (0.0e+00)
Composition correction applied in 3 block(s)
-------------------------------------------------------------------------------------------------------------
 T = 239.047, DT = 1, NI = 2, LI = 2, RES = 9.4e-07 (8.2e-07), CFL=0.332 (ELAPSED 00:00:23 )
-------------------------------------------------------------------------------------------------------------
	 #1 (2.0110e-02, 1.1187e-02): lin 1 (0.0e+00)
Composition correction applied in 3 block(s)
	 #2 (1.2139e-03, 9.0826e-06): lin 1 (0.0e+00)
Composition correction applied in 3 block(s)
-------------------------------------------------------------------------------------------------------------
 T = 240.047, DT = 1, NI = 2, LI = 2, RES = 1.3e-06 (2.3e-07), CFL=0.311 (ELAPSED 00:00:23 )
-------------------------------------------------------------------------------------------------------------
	 #1 (1.9190e-02, 1.2601e-02): lin 1 (0.0e+00)
Composition correction applied in 3 block(s)
	 #2 (1.2901e-02, 1.1465e-05): lin 1 (0.0e+00)
Composition correction applied in 3 block(s)
	 #3 (4.5469e-04, 3.7070e-05): lin 1 (0.0e+00)
Composition correction applied in 3 block(s)
-------------------------------------------------------------------------------------------------------------
 T = 241.047, DT = 1, NI = 3, LI = 3, RES = 8.0e-07 (7.4e-06), CFL=0.359 (ELAPSED 00:00:23 )
-------------------------------------------------------------------------------------------------------------
	 #1 (1.7422e-02, 2.4229e-02): lin 1 (0.0e+00)
Composition correction applied in 3 block(s)
	 #2 (1.8361e-03, 1.8971e-05): lin 1 (0.0e+00)
Composition correction applied in 3 block(s)
-------------------------------------------------------------------------------------------------------------
 T = 242.047, DT = 1, NI = 2, LI = 2, RES = 2.1e-06 (6.1e-06), CFL=0.351 (ELAPSED 00:00:23 )
-------------------------------------------------------------------------------------------------------------
	 #1 (1.9985e-02, 1.4097e-03): lin 1 (0.0e+00)
Composition correction applied in 3 block(s)
	 #2 (9.7029e-04, 1.7982e-05): lin 1 (0.0e+00)
Composition correction applied in 3 block(s)
-------------------------------------------------------------------------------------------------------------
 T = 243.047, DT = 1, NI = 2, LI = 2, RES = 7.8e-06 (5.3e-06), CFL=0.328 (ELAPSED 00:00:23 )
-------------------------------------------------------------------------------------------------------------
	 #1 (1.9933e-02, 1.2633e-02): lin 1 (0.0e+00)
Composition correction applied in 3 block(s)
	 #2 (3.0034e-03, 3.3486e-06): lin 1 (0.0e+00)
Composition correction applied in 3 block(s)
	 #3 (1.6586e-05, 1.2012e-06): lin 1 (0.0e+00)
Composition correction applied in 3 block(s)
-------------------------------------------------------------------------------------------------------------
 T = 244.047, DT = 1, NI = 3, LI = 3, RES = 8.9e-10 (4.6e-06), CFL=0.320 (ELAPSED 00:00:24 )
-------------------------------------------------------------------------------------------------------------
	 #1 (1.7727e-02, 5.3831e-03): lin 1 (0.0e+00)
Composition correction applied in 3 block(s)
	 #2 (1.4477e-03, 3.5648e-05): lin 1 (0.0e+00)
Composition correction applied in 3 block(s)
-------------------------------------------------------------------------------------------------------------
 T = 245.047, DT = 1, NI = 2, LI = 2, RES = 8.9e-06 (1.2e-05), CFL=0.362 (ELAPSED 00:00:24 )
-------------------------------------------------------------------------------------------------------------
	 #1 (1.8588e-02, 2.1558e-02): lin 1 (0.0e+00)
Composition correction applied in 3 block(s)
	 #2 (2.4448e-03, 2.2077e-06): lin 1 (0.0e+00)
Composition correction applied in 3 block(s)
-------------------------------------------------------------------------------------------------------------
 T = 246.047, DT = 1, NI = 2, LI = 2, RES = 4.2e-06 (6.2e-06), CFL=0.346 (ELAPSED 00:00:24 )
-------------------------------------------------------------------------------------------------------------
	 #1 (1.9975e-02, 5.8131e-03): lin 1 (0.0e+00)
Composition correction applied in 3 block(s)
	 #2 (1.2121e-03, 1.6992e-05): lin 1 (0.0e+00)
Composition correction applied in 3 block(s)
	 #3 (2.1040e-05, 2.0552e-05): lin 1 (0.0e+00)
Composition correction applied in 3 block(s)
-------------------------------------------------------------------------------------------------------------
 T = 247.047, DT = 1, NI = 3, LI = 3, RES = 2.1e-09 (1.4e-05), CFL=0.322 (ELAPSED 00:00:24 )
-------------------------------------------------------------------------------------------------------------
	 #1 (1.9606e-02, 1.3170e-02): lin 1 (0.0e+00)
Composition correction applied in 3 block(s)
	 #2 (6.9028e-03, 9.5761e-06): lin 1 (0.0e+00)
Composition correction applied in 3 block(s)
	 #3 (1.0792e-04, 9.2998e-06): lin 1 (0.0e+00)
Composition correction applied in 3 block(s)
-------------------------------------------------------------------------------------------------------------
 T = 248.047, DT = 1, NI = 3, LI = 3, RES = 4.2e-08 (6.5e-06), CFL=0.337 (ELAPSED 00:00:24 )
-------------------------------------------------------------------------------------------------------------
	 #1 (1.6288e-02, 6.3344e-03): lin 1 (0.0e+00)
Composition correction applied in 3 block(s)
	 #2 (1.2828e-03, 1.0806e-05): lin 1 (0.0e+00)
Composition correction applied in 3 block(s)
-------------------------------------------------------------------------------------------------------------
 T = 249.047, DT = 1, NI = 2, LI = 2, RES = 5.7e-06 (1.1e-05), CFL=0.358 (ELAPSED 00:00:24 )
-------------------------------------------------------------------------------------------------------------
	 #1 (1.9077e-02, 1.1359e-02): lin 1 (0.0e+00)
Composition correction applied in 3 block(s)
	 #2 (8.2832e-04, 5.9015e-06): lin 1 (0.0e+00)
Composition correction applied in 3 block(s)
-------------------------------------------------------------------------------------------------------------
 T = 250.047, DT = 1, NI = 2, LI = 2, RES = 5.2e-07 (1.2e-05), CFL=0.338 (ELAPSED 00:00:24 )
-------------------------------------------------------------------------------------------------------------
	 #1 (1.9831e-02, 8.5110e-03): lin 1 (0.0e+00)
Composition correction applied in 3 block(s)
	 #2 (1.4584e-03, 3.0130e-06): lin 1 (0.0e+00)
Composition correction applied in 3 block(s)
	 #3 (3.9168e-05, 1.1577e-05): lin 1 (0.0e+00)
Composition correction applied in 3 block(s)
-------------------------------------------------------------------------------------------------------------
 T = 251.047, DT = 1, NI = 3, LI = 3, RES = 7.3e-09 (7.6e-06), CFL=0.316 (ELAPSED 00:00:24 )
-------------------------------------------------------------------------------------------------------------
	 #1 (1.9141e-02, 1.2388e-02): lin 1 (0.0e+00)
Composition correction applied in 3 block(s)
	 #2 (1.0621e-02, 8.6935e-06): lin 1 (0.0e+00)
Composition correction applied in 3 block(s)
	 #3 (2.9129e-04, 2.2490e-05): lin 1 (0.0e+00)
Composition correction applied in 3 block(s)
-------------------------------------------------------------------------------------------------------------
 T = 252.047, DT = 1, NI = 3, LI = 3, RES = 3.3e-07 (1.2e-05), CFL=0.352 (ELAPSED 00:00:24 )
-------------------------------------------------------------------------------------------------------------
	 #1 (1.6357e-02, 1.6791e-02): lin 1 (0.0e+00)
Composition correction applied in 3 block(s)
	 #2 (1.5087e-03, 2.7334e-06): lin 1 (0.0e+00)
Composition correction applied in 3 block(s)
-------------------------------------------------------------------------------------------------------------
 T = 253.047, DT = 1, NI = 2, LI = 2, RES = 3.0e-06 (9.6e-07), CFL=0.354 (ELAPSED 00:00:24 )
-------------------------------------------------------------------------------------------------------------
	 #1 (1.9418e-02, 2.8403e-03): lin 1 (0.0e+00)
Composition correction applied in 3 block(s)
	 #2 (8.4501e-04, 2.4385e-05): lin 1 (0.0e+00)
Composition correction applied in 3 block(s)
-------------------------------------------------------------------------------------------------------------
 T = 254.047, DT = 1, NI = 2, LI = 2, RES = 2.6e-06 (1.5e-06), CFL=0.332 (ELAPSED 00:00:24 )
-------------------------------------------------------------------------------------------------------------
	 #1 (1.9656e-02, 1.0892e-02): lin 1 (0.0e+00)
Composition correction applied in 3 block(s)
	 #2 (8.8132e-04, 1.3148e-05): lin 1 (0.0e+00)
Composition correction applied in 3 block(s)
-------------------------------------------------------------------------------------------------------------
 T = 255.047, DT = 1, NI = 2, LI = 2, RES = 7.8e-07 (6.7e-07), CFL=0.311 (ELAPSED 00:00:24 )
-------------------------------------------------------------------------------------------------------------
	 #1 (1.8654e-02, 1.1590e-02): lin 1 (0.0e+00)
Composition correction applied in 3 block(s)
	 #2 (1.6098e-03, 3.9772e-05): lin 1 (0.0e+00)
Composition correction applied in 3 block(s)
	 #3 (1.1125e-05, 4.9562e-06): lin 1 (0.0e+00)
Composition correction applied in 3 block(s)
-------------------------------------------------------------------------------------------------------------
 T = 256.047, DT = 1, NI = 3, LI = 3, RES = 3.3e-10 (5.6e-06), CFL=0.365 (ELAPSED 00:00:24 )
-------------------------------------------------------------------------------------------------------------
	 #1 (1.7788e-02, 2.5445e-02): lin 1 (0.0e+00)
Composition correction applied in 3 block(s)
	 #2 (2.0792e-03, 5.9152e-06): lin 1 (0.0e+00)
Composition correction applied in 3 block(s)
-------------------------------------------------------------------------------------------------------------
 T = 257.047, DT = 1, NI = 2, LI = 2, RES = 2.7e-06 (1.4e-05), CFL=0.350 (ELAPSED 00:00:25 )
-------------------------------------------------------------------------------------------------------------
	 #1 (1.9623e-02, 4.1780e-03): lin 1 (0.0e+00)
Composition correction applied in 3 block(s)
	 #2 (1.0603e-03, 3.3238e-06): lin 1 (0.0e+00)
Composition correction applied in 3 block(s)
	 #3 (1.2483e-05, 8.6853e-06): lin 1 (0.0e+00)
Composition correction applied in 3 block(s)
-------------------------------------------------------------------------------------------------------------
 T = 258.047, DT = 1, NI = 3, LI = 3, RES = 7.4e-10 (1.2e-05), CFL=0.326 (ELAPSED 00:00:25 )
-------------------------------------------------------------------------------------------------------------
	 #1 (1.9384e-02, 1.2510e-02): lin 1 (0.0e+00)
Composition correction applied in 3 block(s)
	 #2 (4.9490e-03, 1.9561e-05): lin 1 (0.0e+00)
Composition correction applied in 3 block(s)
	 #3 (5.1885e-05, 1.4324e-05): lin 1 (0.0e+00)
Composition correction applied in 3 block(s)
-------------------------------------------------------------------------------------------------------------
 T = 259.047, DT = 1, NI = 3, LI = 3, RES = 9.6e-09 (1.0e-05), CFL=0.329 (ELAPSED 00:00:25 )
-------------------------------------------------------------------------------------------------------------
	 #1 (1.6437e-02, 3.7857e-04): lin 1 (0.0e+00)
Composition correction applied in 3 block(s)
	 #2 (1.2702e-03, 1.3158e-05): lin 1 (0.0e+00)
Composition correction applied in 3 block(s)
-------------------------------------------------------------------------------------------------------------
 T = 260.047, DT = 1, NI = 2, LI = 2, RES = 6.5e-06 (9.8e-06), CFL=0.360 (ELAPSED 00:00:25 )
-------------------------------------------------------------------------------------------------------------
	 #1 (1.8395e-02, 1.4620e-02): lin 1 (0.0e+00)
Composition correction applied in 3 block(s)
	 #2 (8.2666e-04, 1.6571e-06): lin 1 (0.0e+00)
Composition correction applied in 3 block(s)
-------------------------------------------------------------------------------------------------------------
 T = 261.047, DT = 1, NI = 2, LI = 2, RES = 4.7e-07 (8.3e-06), CFL=0.342 (ELAPSED 00:00:25 )
-------------------------------------------------------------------------------------------------------------
	 #1 (1.9425e-02, 6.6652e-03): lin 1 (0.0e+00)
Composition correction applied in 3 block(s)
	 #2 (1.3052e-03, 7.4791e-06): lin 1 (0.0e+00)
Composition correction applied in 3 block(s)
	 #3 (2.8606e-05, 4.5279e-06): lin 1 (0.0e+00)
Composition correction applied in 3 block(s)
-------------------------------------------------------------------------------------------------------------
 T = 262.047, DT = 1, NI = 3, LI = 3, RES = 3.9e-09 (2.8e-08), CFL=0.319 (ELAPSED 00:00:25 )
-------------------------------------------------------------------------------------------------------------
	 #1 (1.8926e-02, 1.1976e-02): lin 1 (0.0e+00)
Composition correction applied in 3 block(s)
	 #2 (8.7557e-03, 3.6204e-06): lin 1 (0.0e+00)
Composition correction applied in 3 block(s)
	 #3 (1.8918e-04, 2.7912e-05): lin 1 (0.0e+00)
Composition correction applied in 3 block(s)
-------------------------------------------------------------------------------------------------------------
 T = 263.047, DT = 1, NI = 3, LI = 3, RES = 1.4e-07 (1.0e-05), CFL=0.345 (ELAPSED 00:00:25 )
-------------------------------------------------------------------------------------------------------------
	 #1 (1.5733e-02, 1.1112e-02): lin 1 (0.0e+00)
Composition correction applied in 3 block(s)
	 #2 (1.3274e-03, 7.1279e-06): lin 1 (0.0e+00)
Composition correction applied in 3 block(s)
-------------------------------------------------------------------------------------------------------------
 T = 264.047, DT = 1, NI = 2, LI = 2, RES = 4.0e-06 (1.5e-05), CFL=0.355 (ELAPSED 00:00:25 )
-------------------------------------------------------------------------------------------------------------
	 #1 (1.8787e-02, 6.1245e-03): lin 1 (0.0e+00)
Composition correction applied in 3 block(s)
	 #2 (7.9252e-04, 1.8924e-05): lin 1 (0.0e+00)
Composition correction applied in 3 block(s)
-------------------------------------------------------------------------------------------------------------
 T = 265.047, DT = 1, NI = 2, LI = 2, RES = 4.9e-07 (2.1e-06), CFL=0.335 (ELAPSED 00:00:25 )
-------------------------------------------------------------------------------------------------------------
	 #1 (1.9276e-02, 9.1223e-03): lin 1 (0.0e+00)
Composition correction applied in 3 block(s)
	 #2 (1.1728e-03, 8.3410e-07): lin 1 (0.0e+00)
Composition correction applied in 3 block(s)
-------------------------------------------------------------------------------------------------------------
 T = 266.047, DT = 1, NI = 2, LI = 2, RES = 1.2e-06 (1.0e-05), CFL=0.313 (ELAPSED 00:00:25 )
-------------------------------------------------------------------------------------------------------------
	 #1 (1.8442e-02, 1.1208e-02): lin 1 (0.0e+00)
Composition correction applied in 3 block(s)
	 #2 (1.2290e-02, 9.0823e-06): lin 1 (0.0e+00)
Composition correction applied in 3 block(s)
	 #3 (4.2375e-04, 2.9400e-05): lin 1 (0.0e+00)
Composition correction applied in 3 block(s)
-------------------------------------------------------------------------------------------------------------
 T = 267.047, DT = 1, NI = 3, LI = 3, RES = 7.2e-07 (6.6e-06), CFL=0.358 (ELAPSED 00:00:25 )
-------------------------------------------------------------------------------------------------------------
	 #1 (1.6562e-02, 2.0088e-02): lin 1 (0.0e+00)
Composition correction applied in 3 block(s)
	 #2 (1.7657e-03, 1.6618e-05): lin 1 (0.0e+00)
Composition correction applied in 3 block(s)
-------------------------------------------------------------------------------------------------------------
 T = 268.047, DT = 1, NI = 2, LI = 2, RES = 2.1e-06 (3.6e-06), CFL=0.351 (ELAPSED 00:00:25 )
-------------------------------------------------------------------------------------------------------------
	 #1 (1.9057e-02, 9.9879e-04): lin 1 (0.0e+00)
Composition correction applied in 3 block(s)
	 #2 (9.2597e-04, 1.9002e-05): lin 1 (0.0e+00)
Composition correction applied in 3 block(s)
-------------------------------------------------------------------------------------------------------------
 T = 269.047, DT = 1, NI = 2, LI = 2, RES = 6.6e-06 (8.1e-07), CFL=0.328 (ELAPSED 00:00:25 )
-------------------------------------------------------------------------------------------------------------
	 #1 (1.9054e-02, 1.0987e-02): lin 1 (0.0e+00)
Composition correction applied in 3 block(s)
	 #2 (3.1172e-03, 7.8980e-06): lin 1 (0.0e+00)
Composition correction applied in 3 block(s)
	 #3 (1.8665e-05, 5.5840e-06): lin 1 (0.0e+00)
Composition correction applied in 3 block(s)
-------------------------------------------------------------------------------------------------------------
 T = 270.047, DT = 1, NI = 3, LI = 3, RES = 1.2e-09 (5.5e-06), CFL=0.321 (ELAPSED 00:00:26 )
-------------------------------------------------------------------------------------------------------------
	 #1 (1.6836e-02, 4.4203e-03): lin 1 (0.0e+00)
Composition correction applied in 3 block(s)
	 #2 (1.3344e-03, 1.1357e-05): lin 1 (0.0e+00)
Composition correction applied in 3 block(s)
-------------------------------------------------------------------------------------------------------------
 T = 271.047, DT = 1, NI = 2, LI = 2, RES = 7.3e-06 (1.4e-05), CFL=0.362 (ELAPSED 00:00:26 )
-------------------------------------------------------------------------------------------------------------
	 #1 (1.7689e-02, 1.7655e-02): lin 1 (0.0e+00)
Composition correction applied in 3 block(s)
	 #2 (2.3795e-03, 5.1877e-07): lin 1 (0.0e+00)
Composition correction applied in 3 block(s)
-------------------------------------------------------------------------------------------------------------
 T = 272.047, DT = 1, NI = 2, LI = 2, RES = 4.0e-06 (1.2e-05), CFL=0.345 (ELAPSED 00:00:26 )
-------------------------------------------------------------------------------------------------------------
	 #1 (1.9018e-02, 4.8648e-03): lin 1 (0.0e+00)
Composition correction applied in 3 block(s)
	 #2 (1.1612e-03, 4.2646e-06): lin 1 (0.0e+00)
Composition correction applied in 3 block(s)
	 #3 (1.9604e-05, 2.6060e-06): lin 1 (0.0e+00)
Composition correction applied in 3 block(s)
-------------------------------------------------------------------------------------------------------------
 T = 273.047, DT = 1, NI = 3, LI = 3, RES = 1.9e-09 (1.1e-05), CFL=0.322 (ELAPSED 00:00:26 )
-------------------------------------------------------------------------------------------------------------
	 #1 (1.8702e-02, 1.1411e-02): lin 1 (0.0e+00)
Composition correction applied in 3 block(s)
	 #2 (6.9640e-03, 8.0416e-06): lin 1 (0.0e+00)
Composition correction applied in 3 block(s)
	 #3 (1.1377e-04, 2.2004e-05): lin 1 (0.0e+00)
Composition correction applied in 3 block(s)
-------------------------------------------------------------------------------------------------------------
 T = 274.047, DT = 1, NI = 3, LI = 3, RES = 4.9e-08 (8.1e-06), CFL=0.338 (ELAPSED 00:00:26 )
-------------------------------------------------------------------------------------------------------------
	 #1 (1.5460e-02, 5.9826e-03): lin 1 (0.0e+00)
Composition correction applied in 3 block(s)
	 #2 (1.2204e-03, 4.6342e-06): lin 1 (0.0e+00)
Composition correction applied in 3 block(s)
-------------------------------------------------------------------------------------------------------------
 T = 275.047, DT = 1, NI = 2, LI = 2, RES = 4.8e-06 (1.1e-05), CFL=0.356 (ELAPSED 00:00:26 )
-------------------------------------------------------------------------------------------------------------
	 #1 (1.8157e-02, 9.0102e-03): lin 1 (0.0e+00)
Composition correction applied in 3 block(s)
	 #2 (7.8688e-04, 1.3682e-05): lin 1 (0.0e+00)
Composition correction applied in 3 block(s)
-------------------------------------------------------------------------------------------------------------
 T = 276.047, DT = 1, NI = 2, LI = 2, RES = 4.6e-07 (4.1e-06), CFL=0.337 (ELAPSED 00:00:26 )
-------------------------------------------------------------------------------------------------------------
	 #1 (1.8889e-02, 7.4241e-03): lin 1 (0.0e+00)
Composition correction applied in 3 block(s)
	 #2 (1.4008e-03, 2.1445e-05): lin 1 (0.0e+00)
Composition correction applied in 3 block(s)
	 #3 (3.7295e-05, 1.4256e-05): lin 1 (0.0e+00)
Composition correction applied in 3 block(s)
-------------------------------------------------------------------------------------------------------------
 T = 277.047, DT = 1, NI = 3, LI = 3, RES = 6.9e-09 (7.9e-06), CFL=0.315 (ELAPSED 00:00:26 )
-------------------------------------------------------------------------------------------------------------
	 #1 (1.8240e-02, 1.0768e-02): lin 1 (0.0e+00)
Composition correction applied in 3 block(s)
	 #2 (1.0547e-02, 6.1833e-06): lin 1 (0.0e+00)
Composition correction applied in 3 block(s)
	 #3 (2.9685e-04, 6.0819e-06): lin 1 (0.0e+00)
Composition correction applied in 3 block(s)
-------------------------------------------------------------------------------------------------------------
 T = 278.047, DT = 1, NI = 3, LI = 3, RES = 3.5e-07 (1.6e-06), CFL=0.351 (ELAPSED 00:00:26 )
-------------------------------------------------------------------------------------------------------------
	 #1 (1.5632e-02, 1.5126e-02): lin 1 (0.0e+00)
Composition correction applied in 3 block(s)
	 #2 (1.4787e-03, 1.3826e-05): lin 1 (0.0e+00)
Composition correction applied in 3 block(s)
-------------------------------------------------------------------------------------------------------------
 T = 279.047, DT = 1, NI = 2, LI = 2, RES = 2.6e-06 (8.8e-06), CFL=0.352 (ELAPSED 00:00:26 )
-------------------------------------------------------------------------------------------------------------
	 #1 (1.8495e-02, 1.9354e-03): lin 1 (0.0e+00)
Composition correction applied in 3 block(s)
	 #2 (8.1868e-04, 1.0247e-05): lin 1 (0.0e+00)
Composition correction applied in 3 block(s)
-------------------------------------------------------------------------------------------------------------
 T = 280.047, DT = 1, NI = 2, LI = 2, RES = 2.6e-06 (1.5e-05), CFL=0.330 (ELAPSED 00:00:26 )
-------------------------------------------------------------------------------------------------------------
	 #1 (1.8732e-02, 9.4806e-03): lin 1 (0.0e+00)
Composition correction applied in 3 block(s)
	 #2 (1.3502e-03, 5.9232e-06): lin 1 (0.0e+00)
Composition correction applied in 3 block(s)
-------------------------------------------------------------------------------------------------------------
 T = 281.047, DT = 1, NI = 2, LI = 2, RES = 2.6e-06 (6.3e-06), CFL=0.313 (ELAPSED 00:00:26 )
-------------------------------------------------------------------------------------------------------------
	 #1 (1.7495e-02, 8.8564e-03): lin 1 (0.0e+00)
Composition correction applied in 3 block(s)
	 #2 (1.4509e-03, 2.0068e-05): lin 1 (0.0e+00)
Composition correction applied in 3 block(s)
-------------------------------------------------------------------------------------------------------------
 T = 282.047, DT = 1, NI = 2, LI = 2, RES = 8.7e-06 (7.1e-06), CFL=0.363 (ELAPSED 00:00:26 )
-------------------------------------------------------------------------------------------------------------
	 #1 (1.6955e-02, 2.0496e-02): lin 1 (0.0e+00)
Composition correction applied in 3 block(s)
	 #2 (2.0493e-03, 8.2173e-06): lin 1 (0.0e+00)
Composition correction applied in 3 block(s)
-------------------------------------------------------------------------------------------------------------
 T = 283.047, DT = 1, NI = 2, LI = 2, RES = 2.8e-06 (5.4e-06), CFL=0.348 (ELAPSED 00:00:26 )
-------------------------------------------------------------------------------------------------------------
	 #1 (1.8667e-02, 3.4936e-03): lin 1 (0.0e+00)
Composition correction applied in 3 block(s)
	 #2 (1.0286e-03, 4.8868e-06): lin 1 (0.0e+00)
Composition correction applied in 3 block(s)
	 #3 (1.2360e-05, 1.1547e-06): lin 1 (0.0e+00)
Composition correction applied in 3 block(s)
-------------------------------------------------------------------------------------------------------------
 T = 284.047, DT = 1, NI = 3, LI = 3, RES = 7.5e-10 (3.3e-06), CFL=0.325 (ELAPSED 00:00:27 )
-------------------------------------------------------------------------------------------------------------
	 #1 (1.8477e-02, 1.0748e-02): lin 1 (0.0e+00)
Composition correction applied in 3 block(s)
	 #2 (5.2379e-03, 1.9810e-05): lin 1 (0.0e+00)
Composition correction applied in 3 block(s)
	 #3 (6.0682e-05, 5.4495e-06): lin 1 (0.0e+00)
Composition correction applied in 3 block(s)
-------------------------------------------------------------------------------------------------------------
 T = 285.047, DT = 1, NI = 3, LI = 3, RES = 1.4e-08 (3.5e-06), CFL=0.330 (ELAPSED 00:00:27 )
-------------------------------------------------------------------------------------------------------------
	 #1 (1.5519e-02, 1.3498e-03): lin 1 (0.0e+00)
Composition correction applied in 3 block(s)
	 #2 (1.1834e-03, 4.0788e-06): lin 1 (0.0e+00)
Composition correction applied in 3 block(s)
-------------------------------------------------------------------------------------------------------------
 T = 286.047, DT = 1, NI = 2, LI = 2, RES = 5.4e-06 (6.7e-06), CFL=0.358 (ELAPSED 00:00:27 )
-------------------------------------------------------------------------------------------------------------
	 #1 (1.7541e-02, 1.1592e-02): lin 1 (0.0e+00)
Composition correction applied in 3 block(s)
	 #2 (7.8278e-04, 3.6069e-06): lin 1 (0.0e+00)
Composition correction applied in 3 block(s)
-------------------------------------------------------------------------------------------------------------
 T = 287.047, DT = 1, NI = 2, LI = 2, RES = 4.2e-07 (5.2e-06), CFL=0.340 (ELAPSED 00:00:27 )
-------------------------------------------------------------------------------------------------------------
	 #1 (1.8516e-02, 5.8511e-03): lin 1 (0.0e+00)
Composition correction applied in 4 block(s)
	 #2 (1.2652e-03, 4.2062e-06): lin 1 (0.0e+00)
Composition correction applied in 4 block(s)
	 #3 (2.8116e-05, 2.9023e-06): lin 1 (0.0e+00)
Composition correction applied in 4 block(s)
-------------------------------------------------------------------------------------------------------------
 T = 288.047, DT = 1, NI = 3, LI = 3, RES = 3.9e-09 (2.6e-07), CFL=0.318 (ELAPSED 00:00:27 )
-------------------------------------------------------------------------------------------------------------
	 #1 (1.8051e-02, 1.0311e-02): lin 1 (0.0e+00)
Composition correction applied in 4 block(s)
	 #2 (8.8718e-03, 8.2988e-06): lin 1 (0.0e+00)
Composition correction applied in 4 block(s)
	 #3 (2.0115e-04, 1.5728e-05): lin 1 (0.0e+00)
Composition correction applied in 4 block(s)
-------------------------------------------------------------------------------------------------------------
 T = 289.047, DT = 1, NI = 3, LI = 3, RES = 1.6e-07 (1.8e-05), CFL=0.345 (ELAPSED 00:00:27 )
-------------------------------------------------------------------------------------------------------------
	 #1 (1.5018e-02, 1.0519e-02): lin 1 (0.0e+00)
Composition correction applied in 4 block(s)
	 #2 (1.2967e-03, 6.6174e-06): lin 1 (0.0e+00)
Composition correction applied in 4 block(s)
-------------------------------------------------------------------------------------------------------------
 T = 290.047, DT = 1, NI = 2, LI = 2, RES = 3.5e-06 (5.0e-06), CFL=0.352 (ELAPSED 00:00:27 )
-------------------------------------------------------------------------------------------------------------
	 #1 (1.7930e-02, 4.4931e-03): lin 1 (0.0e+00)
Composition correction applied in 4 block(s)
	 #2 (7.5492e-04, 4.9934e-06): lin 1 (0.0e+00)
Composition correction applied in 4 block(s)
	 #3 (2.8721e-04, 1.9396e-06): lin 1 (0.0e+00)
Composition correction applied in 4 block(s)
-------------------------------------------------------------------------------------------------------------
 T = 291.047, DT = 1, NI = 3, LI = 3, RES = 1.5e-06 (4.2e-06), CFL=0.333 (ELAPSED 00:00:27 )
-------------------------------------------------------------------------------------------------------------
	 #1 (1.8407e-02, 7.9856e-03): lin 1 (0.0e+00)
Composition correction applied in 4 block(s)
	 #2 (1.1543e-03, 1.4720e-05): lin 1 (0.0e+00)
Composition correction applied in 4 block(s)
-------------------------------------------------------------------------------------------------------------
 T = 292.047, DT = 1, NI = 2, LI = 2, RES = 3.1e-06 (4.0e-06), CFL=0.312 (ELAPSED 00:00:27 )
-------------------------------------------------------------------------------------------------------------
	 #1 (1.7580e-02, 9.9544e-03): lin 1 (0.0e+00)
Composition correction applied in 4 block(s)
	 #2 (1.2172e-02, 6.0240e-06): lin 1 (0.0e+00)
Composition correction applied in 4 block(s)
	 #3 (4.2854e-04, 1.9487e-05): lin 1 (0.0e+00)
Composition correction applied in 4 block(s)
-------------------------------------------------------------------------------------------------------------
 T = 293.047, DT = 1, NI = 3, LI = 3, RES = 7.5e-07 (7.6e-06), CFL=0.356 (ELAPSED 00:00:27 )
-------------------------------------------------------------------------------------------------------------
	 #1 (1.5866e-02, 1.7562e-02): lin 1 (0.0e+00)
Composition correction applied in 4 block(s)
	 #2 (1.7195e-03, 7.0027e-07): lin 1 (0.0e+00)
Composition correction applied in 4 block(s)
-------------------------------------------------------------------------------------------------------------
 T = 294.047, DT = 1, NI = 2, LI = 2, RES = 1.9e-06 (1.1e-06), CFL=0.347 (ELAPSED 00:00:27 )
-------------------------------------------------------------------------------------------------------------
	 #1 (1.8067e-02, 1.6485e-03): lin 1 (0.0e+00)
Composition correction applied in 4 block(s)
	 #2 (8.7785e-04, 2.8664e-06): lin 1 (0.0e+00)
Composition correction applied in 4 block(s)
-------------------------------------------------------------------------------------------------------------
 T = 295.047, DT = 1, NI = 2, LI = 2, RES = 6.2e-06 (1.9e-05), CFL=0.325 (ELAPSED 00:00:27 )
-------------------------------------------------------------------------------------------------------------
	 #1 (1.8061e-02, 9.7677e-03): lin 1 (0.0e+00)
Composition correction applied in 4 block(s)
	 #2 (3.1478e-03, 8.5159e-06): lin 1 (0.0e+00)
Composition correction applied in 4 block(s)
	 #3 (1.9555e-05, 1.5417e-05): lin 1 (0.0e+00)
Composition correction applied in 4 block(s)
-------------------------------------------------------------------------------------------------------------
 T = 296.047, DT = 1, NI = 3, LI = 3, RES = 1.4e-09 (1.0e-05), CFL=0.319 (ELAPSED 00:00:28 )
-------------------------------------------------------------------------------------------------------------
	 #1 (1.5878e-02, 3.5954e-03): lin 1 (0.0e+00)
Composition correction applied in 4 block(s)
	 #2 (1.2162e-03, 2.9645e-06): lin 1 (0.0e+00)
Composition correction applied in 4 block(s)
-------------------------------------------------------------------------------------------------------------
 T = 297.047, DT = 1, NI = 2, LI = 2, RES = 5.9e-06 (1.5e-06), CFL=0.358 (ELAPSED 00:00:28 )
-------------------------------------------------------------------------------------------------------------
	 #1 (1.6710e-02, 1.4909e-02): lin 1 (0.0e+00)
Composition correction applied in 4 block(s)
	 #2 (2.2450e-03, 1.6821e-05): lin 1 (0.0e+00)
Composition correction applied in 4 block(s)
-------------------------------------------------------------------------------------------------------------
 T = 298.047, DT = 1, NI = 2, LI = 2, RES = 3.5e-06 (2.0e-06), CFL=0.342 (ELAPSED 00:00:28 )
-------------------------------------------------------------------------------------------------------------
	 #1 (1.8024e-02, 3.8027e-03): lin 1 (0.0e+00)
Composition correction applied in 4 block(s)
	 #2 (1.0859e-03, 4.7674e-06): lin 1 (0.0e+00)
Composition correction applied in 4 block(s)
	 #3 (1.7342e-05, 5.9778e-06): lin 1 (0.0e+00)
Composition correction applied in 4 block(s)
-------------------------------------------------------------------------------------------------------------
 T = 299.047, DT = 1, NI = 3, LI = 3, RES = 1.5e-09 (6.8e-06), CFL=0.320 (ELAPSED 00:00:28 )
-------------------------------------------------------------------------------------------------------------
	 #1 (1.7801e-02, 9.6996e-03): lin 1 (0.0e+00)
Composition correction applied in 4 block(s)
	 #2 (6.5288e-03, 1.3388e-06): lin 1 (0.0e+00)
Composition correction applied in 4 block(s)
	 #3 (1.0106e-04, 5.7346e-06): lin 1 (0.0e+00)
Composition correction applied in 4 block(s)
-------------------------------------------------------------------------------------------------------------
 T = 300.047, DT = 1, NI = 3, LI = 3, RES = 4.0e-08 (3.9e-06), CFL=0.334 (ELAPSED 00:00:28 )
-------------------------------------------------------------------------------------------------------------
	 #1 (1.4703e-02, 4.8567e-03): lin 1 (0.0e+00)
Composition correction applied in 4 block(s)
	 #2 (1.1392e-03, 4.4127e-06): lin 1 (0.0e+00)
Composition correction applied in 4 block(s)
-------------------------------------------------------------------------------------------------------------
 T = 301.047, DT = 1, NI = 2, LI = 2, RES = 4.4e-06 (1.4e-06), CFL=0.354 (ELAPSED 00:00:28 )
-------------------------------------------------------------------------------------------------------------
	 #1 (1.7206e-02, 8.3279e-03): lin 1 (0.0e+00)
Composition correction applied in 4 block(s)
	 #2 (7.4797e-04, 5.8724e-06): lin 1 (0.0e+00)
Composition correction applied in 4 block(s)
-------------------------------------------------------------------------------------------------------------
 T = 302.047, DT = 1, NI = 2, LI = 2, RES = 3.9e-07 (3.8e-06), CFL=0.336 (ELAPSED 00:00:28 )
-------------------------------------------------------------------------------------------------------------
	 #1 (1.8003e-02, 6.0042e-03): lin 1 (0.0e+00)
Composition correction applied in 4 block(s)
	 #2 (1.3124e-03, 1.1649e-06): lin 1 (0.0e+00)
Composition correction applied in 4 block(s)
	 #3 (3.3350e-05, 2.0570e-06): lin 1 (0.0e+00)
Composition correction applied in 4 block(s)
-------------------------------------------------------------------------------------------------------------
 T = 303.047, DT = 1, NI = 3, LI = 3, RES = 5.7e-09 (8.1e-06), CFL=0.315 (ELAPSED 00:00:28 )
-------------------------------------------------------------------------------------------------------------
	 #1 (1.7452e-02, 9.3740e-03): lin 1 (0.0e+00)
Composition correction applied in 4 block(s)
	 #2 (9.8472e-03, 1.0211e-05): lin 1 (0.0e+00)
Composition correction applied in 4 block(s)
	 #3 (2.6092e-04, 1.3672e-05): lin 1 (0.0e+00)
Composition correction applied in 4 block(s)
-------------------------------------------------------------------------------------------------------------
 T = 304.047, DT = 1, NI = 3, LI = 3, RES = 2.8e-07 (6.1e-06), CFL=0.348 (ELAPSED 00:00:28 )
-------------------------------------------------------------------------------------------------------------
	 #1 (1.4793e-02, 1.2426e-02): lin 1 (0.0e+00)
Composition correction applied in 4 block(s)
	 #2 (1.3701e-03, 1.4545e-05): lin 1 (0.0e+00)
Composition correction applied in 4 block(s)
-------------------------------------------------------------------------------------------------------------
 T = 305.047, DT = 1, NI = 2, LI = 2, RES = 2.6e-06 (1.1e-06), CFL=0.350 (ELAPSED 00:00:28 )
-------------------------------------------------------------------------------------------------------------
	 #1 (1.7585e-02, 2.4227e-03): lin 1 (0.0e+00)
Composition correction applied in 4 block(s)
	 #2 (7.6518e-04, 1.2626e-05): lin 1 (0.0e+00)
Composition correction applied in 4 block(s)
-------------------------------------------------------------------------------------------------------------
 T = 306.047, DT = 1, NI = 2, LI = 2, RES = 1.6e-06 (7.2e-06), CFL=0.330 (ELAPSED 00:00:28 )
-------------------------------------------------------------------------------------------------------------
	 #1 (1.7918e-02, 7.9423e-03): lin 1 (0.0e+00)
Composition correction applied in 4 block(s)
	 #2 (9.6430e-04, 1.3054e-05): lin 1 (0.0e+00)
Composition correction applied in 4 block(s)
-------------------------------------------------------------------------------------------------------------
 T = 307.047, DT = 1, NI = 2, LI = 2, RES = 1.1e-06 (1.8e-06), CFL=0.311 (ELAPSED 00:00:28 )
-------------------------------------------------------------------------------------------------------------
	 #1 (1.6985e-02, 8.6638e-03): lin 1 (0.0e+00)
Composition correction applied in 4 block(s)
	 #2 (1.3882e-03, 1.5249e-05): lin 1 (0.0e+00)
Composition correction applied in 4 block(s)
-------------------------------------------------------------------------------------------------------------
 T = 308.047, DT = 1, NI = 2, LI = 2, RES = 7.7e-06 (6.6e-07), CFL=0.361 (ELAPSED 00:00:28 )
-------------------------------------------------------------------------------------------------------------
	 #1 (1.6063e-02, 1.8419e-02): lin 1 (0.0e+00)
Composition correction applied in 4 block(s)
	 #2 (1.8965e-03, 3.7774e-06): lin 1 (0.0e+00)
Composition correction applied in 4 block(s)
-------------------------------------------------------------------------------------------------------------
 T = 309.047, DT = 1, NI = 2, LI = 2, RES = 2.3e-06 (9.1e-06), CFL=0.347 (ELAPSED 00:00:29 )
-------------------------------------------------------------------------------------------------------------
	 #1 (1.7828e-02, 2.5544e-03): lin 1 (0.0e+00)
Composition correction applied in 4 block(s)
	 #2 (9.5602e-04, 1.4853e-06): lin 1 (0.0e+00)
Composition correction applied in 4 block(s)
-------------------------------------------------------------------------------------------------------------
 T = 310.047, DT = 1, NI = 2, LI = 2, RES = 9.9e-06 (1.5e-05), CFL=0.325 (ELAPSED 00:00:29 )
-------------------------------------------------------------------------------------------------------------
	 #1 (1.7726e-02, 9.3127e-03): lin 1 (0.0e+00)
Composition correction applied in 4 block(s)
	 #2 (4.6884e-03, 7.0724e-07): lin 1 (0.0e+00)
Composition correction applied in 4 block(s)
	 #3 (4.8675e-05, 8.8857e-06): lin 1 (0.0e+00)
Composition correction applied in 4 block(s)
-------------------------------------------------------------------------------------------------------------
 T = 311.047, DT = 1, NI = 3, LI = 3, RES = 9.1e-09 (8.2e-06), CFL=0.328 (ELAPSED 00:00:29 )
-------------------------------------------------------------------------------------------------------------
	 #1 (1.4971e-02, 1.4507e-04): lin 1 (0.0e+00)
Composition correction applied in 4 block(s)
	 #2 (1.1234e-03, 5.8117e-06): lin 1 (0.0e+00)
Composition correction applied in 4 block(s)
-------------------------------------------------------------------------------------------------------------
 T = 312.047, DT = 1, NI = 2, LI = 2, RES = 4.9e-06 (4.2e-06), CFL=0.358 (ELAPSED 00:00:29 )
-------------------------------------------------------------------------------------------------------------
	 #1 (1.6675e-02, 1.0748e-02): lin 1 (0.0e+00)
Composition correction applied in 4 block(s)
	 #2 (7.5175e-04, 3.2772e-06): lin 1 (0.0e+00)
Composition correction applied in 4 block(s)
-------------------------------------------------------------------------------------------------------------
 T = 313.047, DT = 1, NI = 2, LI = 2, RES = 3.5e-07 (3.8e-07), CFL=0.340 (ELAPSED 00:00:29 )
-------------------------------------------------------------------------------------------------------------
	 #1 (1.7716e-02, 4.6657e-03): lin 1 (0.0e+00)
Composition correction applied in 4 block(s)
	 #2 (1.1802e-03, 7.2655e-06): lin 1 (0.0e+00)
Composition correction applied in 4 block(s)
	 #3 (2.4193e-05, 8.8445e-06): lin 1 (0.0e+00)
Composition correction applied in 4 block(s)
-------------------------------------------------------------------------------------------------------------
 T = 314.047, DT = 1, NI = 3, LI = 3, RES = 3.0e-09 (1.1e-05), CFL=0.318 (ELAPSED 00:00:29 )
-------------------------------------------------------------------------------------------------------------
	 #1 (1.7341e-02, 9.1412e-03): lin 1 (0.0e+00)
Composition correction applied in 4 block(s)
	 #2 (8.1820e-03, 4.6144e-06): lin 1 (0.0e+00)
Composition correction applied in 4 block(s)
	 #3 (1.7215e-04, 1.7619e-05): lin 1 (0.0e+00)
Composition correction applied in 4 block(s)
-------------------------------------------------------------------------------------------------------------
 T = 315.047, DT = 1, NI = 3, LI = 3, RES = 1.2e-07 (6.7e-06), CFL=0.342 (ELAPSED 00:00:29 )
-------------------------------------------------------------------------------------------------------------
	 #1 (1.4317e-02, 8.2289e-03): lin 1 (0.0e+00)
Composition correction applied in 4 block(s)
	 #2 (1.2073e-03, 3.6011e-06): lin 1 (0.0e+00)
Composition correction applied in 4 block(s)
-------------------------------------------------------------------------------------------------------------
 T = 316.047, DT = 1, NI = 2, LI = 2, RES = 3.4e-06 (7.2e-06), CFL=0.352 (ELAPSED 00:00:29 )
-------------------------------------------------------------------------------------------------------------
	 #1 (1.7086e-02, 4.6892e-03): lin 1 (0.0e+00)
Composition correction applied in 4 block(s)
	 #2 (7.2399e-04, 9.8209e-06): lin 1 (0.0e+00)
Composition correction applied in 4 block(s)
-------------------------------------------------------------------------------------------------------------
 T = 317.047, DT = 1, NI = 2, LI = 2, RES = 4.3e-07 (8.1e-06), CFL=0.333 (ELAPSED 00:00:29 )
-------------------------------------------------------------------------------------------------------------
	 #1 (1.7637e-02, 6.6801e-03): lin 1 (0.0e+00)
Composition correction applied in 4 block(s)
	 #2 (1.0919e-03, 5.6422e-06): lin 1 (0.0e+00)
Composition correction applied in 4 block(s)
-------------------------------------------------------------------------------------------------------------
 T = 318.047, DT = 1, NI = 2, LI = 2, RES = 1.2e-06 (1.3e-06), CFL=0.313 (ELAPSED 00:00:29 )
-------------------------------------------------------------------------------------------------------------
	 #1 (1.6931e-02, 8.7095e-03): lin 1 (0.0e+00)
Composition correction applied in 4 block(s)
	 #2 (1.1432e-02, 5.2426e-06): lin 1 (0.0e+00)
Composition correction applied in 4 block(s)
	 #3 (3.8281e-04, 2.3551e-05): lin 1 (0.0e+00)
Composition correction applied in 4 block(s)
-------------------------------------------------------------------------------------------------------------
 T = 319.047, DT = 1, NI = 3, LI = 3, RES = 6.0e-07 (8.6e-07), CFL=0.355 (ELAPSED 00:00:29 )
-------------------------------------------------------------------------------------------------------------
	 #1 (1.5079e-02, 1.5076e-02): lin 1 (0.0e+00)
Composition correction applied in 4 block(s)
	 #2 (1.6235e-03, 6.0978e-06): lin 1 (0.0e+00)
Composition correction applied in 4 block(s)
-------------------------------------------------------------------------------------------------------------
 T = 320.047, DT = 1, NI = 2, LI = 2, RES = 1.9e-06 (4.1e-06), CFL=0.348 (ELAPSED 00:00:29 )
-------------------------------------------------------------------------------------------------------------
	 #1 (1.7385e-02, 4.3659e-04): lin 1 (0.0e+00)
Composition correction applied in 4 block(s)
	 #2 (8.4377e-04, 8.7838e-07): lin 1 (0.0e+00)
Composition correction applied in 4 block(s)
-------------------------------------------------------------------------------------------------------------
 T = 321.047, DT = 1, NI = 2, LI = 2, RES = 5.1e-06 (7.4e-06), CFL=0.327 (ELAPSED 00:00:29 )
-------------------------------------------------------------------------------------------------------------
	 #1 (1.7482e-02, 8.2429e-03): lin 1 (0.0e+00)
Composition correction applied in 4 block(s)
	 #2 (3.0765e-03, 8.8346e-06): lin 1 (0.0e+00)
Composition correction applied in 4 block(s)
	 #3 (1.9112e-05, 6.7585e-06): lin 1 (0.0e+00)
Composition correction applied in 4 block(s)
-------------------------------------------------------------------------------------------------------------
 T = 322.047, DT = 1, NI = 3, LI = 3, RES = 1.4e-09 (1.6e-05), CFL=0.321 (ELAPSED 00:00:29 )
-------------------------------------------------------------------------------------------------------------
	 #1 (1.5377e-02, 3.3500e-03): lin 1 (0.0e+00)
Composition correction applied in 4 block(s)
	 #2 (1.1654e-03, 7.4651e-06): lin 1 (0.0e+00)
Composition correction applied in 4 block(s)
-------------------------------------------------------------------------------------------------------------
 T = 323.047, DT = 1, NI = 2, LI = 2, RES = 5.2e-06 (9.7e-06), CFL=0.359 (ELAPSED 00:00:30 )
-------------------------------------------------------------------------------------------------------------
	 #1 (1.6099e-02, 1.2827e-02): lin 1 (0.0e+00)
Composition correction applied in 4 block(s)
	 #2 (2.1973e-03, 9.2149e-06): lin 1 (0.0e+00)
Composition correction applied in 4 block(s)
-------------------------------------------------------------------------------------------------------------
 T = 324.047, DT = 1, NI = 2, LI = 2, RES = 3.4e-06 (9.0e-06), CFL=0.343 (ELAPSED 00:00:30 )
-------------------------------------------------------------------------------------------------------------
	 #1 (1.7380e-02, 3.3483e-03): lin 1 (0.0e+00)
Composition correction applied in 4 block(s)
	 #2 (1.0577e-03, 3.0303e-06): lin 1 (0.0e+00)
Composition correction applied in 4 block(s)
	 #3 (1.6573e-05, 7.2295e-06): lin 1 (0.0e+00)
Composition correction applied in 4 block(s)
-------------------------------------------------------------------------------------------------------------
 T = 325.047, DT = 1, NI = 3, LI = 3, RES = 1.4e-09 (1.7e-07), CFL=0.321 (ELAPSED 00:00:30 )
-------------------------------------------------------------------------------------------------------------
	 #1 (1.7184e-02, 8.6907e-03): lin 1 (0.0e+00)
Composition correction applied in 4 block(s)
	 #2 (6.6137e-03, 6.6651e-07): lin 1 (0.0e+00)
Composition correction applied in 4 block(s)
	 #3 (1.0712e-04, 1.1194e-05): lin 1 (0.0e+00)
Composition correction applied in 4 block(s)
-------------------------------------------------------------------------------------------------------------
 T = 326.047, DT = 1, NI = 3, LI = 3, RES = 4.6e-08 (4.9e-06), CFL=0.336 (ELAPSED 00:00:30 )
-------------------------------------------------------------------------------------------------------------
	 #1 (1.4129e-02, 4.5727e-03): lin 1 (0.0e+00)
Composition correction applied in 4 block(s)
	 #2 (1.1069e-03, 1.8680e-06): lin 1 (0.0e+00)
Composition correction applied in 4 block(s)
-------------------------------------------------------------------------------------------------------------
 T = 327.047, DT = 1, NI = 2, LI = 2, RES = 3.9e-06 (5.7e-06), CFL=0.354 (ELAPSED 00:00:30 )
-------------------------------------------------------------------------------------------------------------
	 #1 (1.6575e-02, 6.7420e-03): lin 1 (0.0e+00)
Composition correction applied in 4 block(s)
	 #2 (7.2127e-04, 6.4657e-06): lin 1 (0.0e+00)
Composition correction applied in 4 block(s)
-------------------------------------------------------------------------------------------------------------
 T = 328.047, DT = 1, NI = 2, LI = 2, RES = 3.6e-07 (9.4e-07), CFL=0.336 (ELAPSED 00:00:30 )
-------------------------------------------------------------------------------------------------------------
	 #1 (1.7334e-02, 5.4594e-03): lin 1 (0.0e+00)
Composition correction applied in 4 block(s)
	 #2 (1.2830e-03, 5.1841e-06): lin 1 (0.0e+00)
Composition correction applied in 4 block(s)
	 #3 (3.3056e-05, 1.7990e-06): lin 1 (0.0e+00)
Composition correction applied in 4 block(s)
-------------------------------------------------------------------------------------------------------------
 T = 329.047, DT = 1, NI = 3, LI = 3, RES = 5.7e-09 (9.4e-06), CFL=0.315 (ELAPSED 00:00:30 )
-------------------------------------------------------------------------------------------------------------
	 #1 (1.6790e-02, 8.4191e-03): lin 1 (0.0e+00)
Composition correction applied in 4 block(s)
	 #2 (9.9220e-03, 9.4971e-06): lin 1 (0.0e+00)
Composition correction applied in 4 block(s)
	 #3 (2.7362e-04, 1.4055e-05): lin 1 (0.0e+00)
Composition correction applied in 4 block(s)
-------------------------------------------------------------------------------------------------------------
 T = 330.047, DT = 1, NI = 3, LI = 3, RES = 3.1e-07 (1.4e-05), CFL=0.349 (ELAPSED 00:00:30 )
-------------------------------------------------------------------------------------------------------------
	 #1 (1.4303e-02, 1.1497e-02): lin 1 (0.0e+00)
Composition correction applied in 4 block(s)
	 #2 (1.3676e-03, 1.1837e-05): lin 1 (0.0e+00)
Composition correction applied in 4 block(s)
-------------------------------------------------------------------------------------------------------------
 T = 331.047, DT = 1, NI = 2, LI = 2, RES = 2.3e-06 (5.2e-06), CFL=0.349 (ELAPSED 00:00:30 )
-------------------------------------------------------------------------------------------------------------
	 #1 (1.6921e-02, 1.5647e-03): lin 1 (0.0e+00)
Composition correction applied in 4 block(s)
	 #2 (7.5339e-04, 2.9198e-06): lin 1 (0.0e+00)
Composition correction applied in 4 block(s)
-------------------------------------------------------------------------------------------------------------
 T = 332.047, DT = 1, NI = 2, LI = 2, RES = 1.8e-06 (8.6e-07), CFL=0.330 (ELAPSED 00:00:30 )
-------------------------------------------------------------------------------------------------------------
	 #1 (1.7226e-02, 7.1419e-03): lin 1 (0.0e+00)
Composition correction applied in 4 block(s)
	 #2 (1.5087e-03, 1.1210e-06): lin 1 (0.0e+00)
Composition correction applied in 4 block(s)
-------------------------------------------------------------------------------------------------------------
 T = 333.047, DT = 1, NI = 2, LI = 2, RES = 3.7e-06 (1.7e-05), CFL=0.314 (ELAPSED 00:00:30 )
-------------------------------------------------------------------------------------------------------------
	 #1 (1.5995e-02, 6.5011e-03): lin 1 (0.0e+00)
Composition correction applied in 4 block(s)
	 #2 (1.2630e-03, 1.6866e-05): lin 1 (0.0e+00)
Composition correction applied in 4 block(s)
-------------------------------------------------------------------------------------------------------------
 T = 334.047, DT = 1, NI = 2, LI = 2, RES = 6.1e-06 (2.0e-06), CFL=0.360 (ELAPSED 00:00:30 )
-------------------------------------------------------------------------------------------------------------
	 #1 (1.5490e-02, 1.4937e-02): lin 1 (0.0e+00)
Composition correction applied in 4 block(s)
	 #2 (1.9078e-03, 1.8649e-05): lin 1 (0.0e+00)
Composition correction applied in 4 block(s)
-------------------------------------------------------------------------------------------------------------
 T = 335.047, DT = 1, NI = 2, LI = 2, RES = 2.4e-06 (1.3e-05), CFL=0.346 (ELAPSED 00:00:30 )
-------------------------------------------------------------------------------------------------------------
	 #1 (1.7105e-02, 2.3416e-03): lin 1 (0.0e+00)
Composition correction applied in 4 block(s)
	 #2 (9.4455e-04, 5.3368e-06): lin 1 (0.0e+00)
Composition correction applied in 4 block(s)
	 #3 (1.0555e-05, 7.6137e-06): lin 1 (0.0e+00)
Composition correction applied in 4 block(s)
-------------------------------------------------------------------------------------------------------------
 T = 336.047, DT = 1, NI = 3, LI = 3, RES = 5.8e-10 (6.1e-06), CFL=0.324 (ELAPSED 00:00:31 )
-------------------------------------------------------------------------------------------------------------
	 #1 (1.7017e-02, 8.2091e-03): lin 1 (0.0e+00)
Composition correction applied in 4 block(s)
	 #2 (5.0923e-03, 3.0246e-06): lin 1 (0.0e+00)
Composition correction applied in 4 block(s)
	 #3 (6.0030e-05, 8.8725e-06): lin 1 (0.0e+00)
Composition correction applied in 4 block(s)
-------------------------------------------------------------------------------------------------------------
 T = 337.047, DT = 1, NI = 3, LI = 3, RES = 1.4e-08 (7.3e-06), CFL=0.330 (ELAPSED 00:00:31 )
-------------------------------------------------------------------------------------------------------------
	 #1 (1.4206e-02, 1.1847e-03): lin 1 (0.0e+00)
Composition correction applied in 4 block(s)
	 #2 (1.0626e-03, 1.7349e-05): lin 1 (0.0e+00)
Composition correction applied in 4 block(s)
-------------------------------------------------------------------------------------------------------------
 T = 338.047, DT = 1, NI = 2, LI = 2, RES = 4.2e-06 (6.3e-06), CFL=0.356 (ELAPSED 00:00:31 )
-------------------------------------------------------------------------------------------------------------
	 #1 (1.6065e-02, 8.5898e-03): lin 1 (0.0e+00)
Composition correction applied in 4 block(s)
	 #2 (7.1812e-04, 4.3801e-06): lin 1 (0.0e+00)
Composition correction applied in 4 block(s)
-------------------------------------------------------------------------------------------------------------
 T = 339.047, DT = 1, NI = 2, LI = 2, RES = 3.1e-07 (3.2e-06), CFL=0.339 (ELAPSED 00:00:31 )
-------------------------------------------------------------------------------------------------------------
	 #1 (1.7032e-02, 4.2774e-03): lin 1 (0.0e+00)
Composition correction applied in 4 block(s)
	 #2 (1.1651e-03, 5.2010e-06): lin 1 (0.0e+00)
Composition correction applied in 4 block(s)
	 #3 (2.5003e-05, 1.1639e-05): lin 1 (0.0e+00)
Composition correction applied in 4 block(s)
-------------------------------------------------------------------------------------------------------------
 T = 340.047, DT = 1, NI = 3, LI = 3, RES = 3.3e-09 (5.9e-06), CFL=0.318 (ELAPSED 00:00:31 )
-------------------------------------------------------------------------------------------------------------
	 #1 (1.6653e-02, 8.0597e-03): lin 1 (0.0e+00)
Composition correction applied in 4 block(s)
	 #2 (8.4468e-03, 7.3193e-06): lin 1 (0.0e+00)
Composition correction applied in 4 block(s)
	 #3 (1.9024e-04, 1.0360e-05): lin 1 (0.0e+00)
Composition correction applied in 4 block(s)
-------------------------------------------------------------------------------------------------------------
 T = 341.047, DT = 1, NI = 3, LI = 3, RES = 1.5e-07 (5.8e-06), CFL=0.343 (ELAPSED 00:00:31 )
-------------------------------------------------------------------------------------------------------------
	 #1 (1.3785e-02, 8.1744e-03): lin 1 (0.0e+00)
Composition correction applied in 4 block(s)
	 #2 (1.2004e-03, 2.9541e-06): lin 1 (0.0e+00)
Composition correction applied in 4 block(s)
-------------------------------------------------------------------------------------------------------------
 T = 342.047, DT = 1, NI = 2, LI = 2, RES = 2.9e-06 (7.1e-06), CFL=0.350 (ELAPSED 00:00:31 )
-------------------------------------------------------------------------------------------------------------
	 #1 (1.6460e-02, 3.4253e-03): lin 1 (0.0e+00)
Composition correction applied in 4 block(s)
	 #2 (6.9460e-04, 1.2226e-05): lin 1 (0.0e+00)
Composition correction applied in 4 block(s)
-------------------------------------------------------------------------------------------------------------
 T = 343.047, DT = 1, NI = 2, LI = 2, RES = 3.3e-07 (1.5e-05), CFL=0.332 (ELAPSED 00:00:31 )
-------------------------------------------------------------------------------------------------------------
	 #1 (1.6973e-02, 6.0790e-03): lin 1 (0.0e+00)
Composition correction applied in 4 block(s)
	 #2 (1.0825e-03, 9.9848e-06): lin 1 (0.0e+00)
Composition correction applied in 4 block(s)
-------------------------------------------------------------------------------------------------------------
 T = 344.047, DT = 1, NI = 2, LI = 2, RES = 1.3e-06 (8.0e-06), CFL=0.312 (ELAPSED 00:00:31 )
-------------------------------------------------------------------------------------------------------------
	 #1 (1.6268e-02, 7.7308e-03): lin 1 (0.0e+00)
Composition correction applied in 4 block(s)
	 #2 (1.1555e-02, 4.2241e-06): lin 1 (0.0e+00)
Composition correction applied in 4 block(s)
	 #3 (4.0671e-04, 2.3357e-05): lin 1 (0.0e+00)
Composition correction applied in 4 block(s)
-------------------------------------------------------------------------------------------------------------
 T = 345.047, DT = 1, NI = 3, LI = 3, RES = 6.9e-07 (3.3e-06), CFL=0.357 (ELAPSED 00:00:31 )
-------------------------------------------------------------------------------------------------------------
	 #1 (1.4704e-02, 1.4079e-02): lin 1 (0.0e+00)
Composition correction applied in 4 block(s)
	 #2 (1.6442e-03, 1.3022e-05): lin 1 (0.0e+00)
Composition correction applied in 4 block(s)
	 #3 (3.3539e-04, 4.0558e-06): lin 1 (0.0e+00)
Composition correction applied in 4 block(s)
-------------------------------------------------------------------------------------------------------------
 T = 346.047, DT = 1, NI = 3, LI = 3, RES = 1.9e-06 (9.2e-06), CFL=0.347 (ELAPSED 00:00:31 )
-------------------------------------------------------------------------------------------------------------
	 #1 (1.6753e-02, 8.3758e-04): lin 1 (0.0e+00)
Composition correction applied in 4 block(s)
	 #2 (8.5001e-04, 8.4095e-07): lin 1 (0.0e+00)
Composition correction applied in 4 block(s)
-------------------------------------------------------------------------------------------------------------
 T = 347.047, DT = 1, NI = 2, LI = 2, RES = 6.4e-06 (5.5e-06), CFL=0.326 (ELAPSED 00:00:31 )
-------------------------------------------------------------------------------------------------------------
	 #1 (1.6801e-02, 7.6064e-03): lin 1 (0.0e+00)
Composition correction applied in 4 block(s)
	 #2 (3.5436e-03, 1.4715e-05): lin 1 (0.0e+00)
Composition correction applied in 4 block(s)
	 #3 (2.6573e-05, 1.0623e-05): lin 1 (0.0e+00)
Composition correction applied in 4 block(s)
-------------------------------------------------------------------------------------------------------------
 T = 348.047, DT = 1, NI = 3, LI = 3, RES = 2.8e-09 (3.8e-06), CFL=0.322 (ELAPSED 00:00:31 )
-------------------------------------------------------------------------------------------------------------
	 #1 (1.4472e-02, 2.3843e-03): lin 1 (0.0e+00)
Composition correction applied in 4 block(s)
	 #2 (1.0459e-03, 1.1292e-05): lin 1 (0.0e+00)
Composition correction applied in 4 block(s)
-------------------------------------------------------------------------------------------------------------
 T = 349.047, DT = 1, NI = 2, LI = 2, RES = 4.4e-06 (1.4e-05), CFL=0.355 (ELAPSED 00:00:32 )
-------------------------------------------------------------------------------------------------------------
	 #1 (1.5422e-02, 1.0010e-02): lin 1 (0.0e+00)
Composition correction applied in 4 block(s)
	 #2 (7.0244e-04, 8.5986e-06): lin 1 (0.0e+00)
Composition correction applied in 4 block(s)
-------------------------------------------------------------------------------------------------------------
 T = 350.047, DT = 1, NI = 2, LI = 2, RES = 2.4e-07 (3.8e-06), CFL=0.339 (ELAPSED 00:00:32 )
-------------------------------------------------------------------------------------------------------------
	 #1 (1.6579e-02, 3.2007e-03): lin 1 (0.0e+00)
Composition correction applied in 4 block(s)
	 #2 (1.0169e-03, 4.6866e-06): lin 1 (0.0e+00)
Composition correction applied in 4 block(s)
	 #3 (1.6454e-05, 1.3459e-05): lin 1 (0.0e+00)
Composition correction applied in 4 block(s)
-------------------------------------------------------------------------------------------------------------
 T = 351.047, DT = 1, NI = 3, LI = 3, RES = 1.5e-09 (6.9e-07), CFL=0.318 (ELAPSED 00:00:32 )
-------------------------------------------------------------------------------------------------------------
	 #1 (1.6395e-02, 7.6529e-03): lin 1 (0.0e+00)
Composition correction applied in 4 block(s)
	 #2 (6.5633e-03, 2.4627e-06): lin 1 (0.0e+00)
Composition correction applied in 4 block(s)
	 #3 (1.0759e-04, 1.5895e-05): lin 1 (0.0e+00)
Composition correction applied in 4 block(s)
-------------------------------------------------------------------------------------------------------------
 T = 352.047, DT = 1, NI = 3, LI = 3, RES = 4.7e-08 (2.0e-06), CFL=0.334 (ELAPSED 00:00:32 )
-------------------------------------------------------------------------------------------------------------
	 #1 (1.3443e-02, 4.4295e-03): lin 1 (0.0e+00)
Composition correction applied in 5 block(s)
	 #2 (1.0419e-03, 4.2993e-07): lin 1 (0.0e+00)
Composition correction applied in 5 block(s)
-------------------------------------------------------------------------------------------------------------
 T = 353.047, DT = 1, NI = 2, LI = 2, RES = 3.4e-06 (1.7e-06), CFL=0.351 (ELAPSED 00:00:32 )
-------------------------------------------------------------------------------------------------------------
	 #1 (1.5823e-02, 5.8488e-03): lin 1 (0.0e+00)
Composition correction applied in 5 block(s)
	 #2 (6.8285e-04, 3.2171e-06): lin 1 (0.0e+00)
Composition correction applied in 5 block(s)
-------------------------------------------------------------------------------------------------------------
 T = 354.047, DT = 1, NI = 2, LI = 2, RES = 3.0e-07 (1.1e-06), CFL=0.333 (ELAPSED 00:00:32 )
-------------------------------------------------------------------------------------------------------------
	 #1 (1.6588e-02, 4.6133e-03): lin 1 (0.0e+00)
Composition correction applied in 5 block(s)
	 #2 (1.2228e-03, 5.3726e-07): lin 1 (0.0e+00)
Composition correction applied in 5 block(s)
	 #3 (3.0969e-05, 2.7169e-06): lin 1 (0.0e+00)
Composition correction applied in 5 block(s)
-------------------------------------------------------------------------------------------------------------
 T = 355.047, DT = 1, NI = 3, LI = 3, RES = 5.2e-09 (7.9e-06), CFL=0.314 (ELAPSED 00:00:32 )
-------------------------------------------------------------------------------------------------------------
	 #1 (1.6111e-02, 7.3107e-03): lin 1 (0.0e+00)
Composition correction applied in 5 block(s)
	 #2 (9.5217e-03, 1.4417e-05): lin 1 (0.0e+00)
Composition correction applied in 5 block(s)
	 #3 (2.5477e-04, 1.5215e-05): lin 1 (0.0e+00)
Composition correction applied in 5 block(s)
-------------------------------------------------------------------------------------------------------------
 T = 356.047, DT = 1, NI = 3, LI = 3, RES = 2.7e-07 (2.2e-06), CFL=0.346 (ELAPSED 00:00:32 )
-------------------------------------------------------------------------------------------------------------
	 #1 (1.3665e-02, 1.0114e-02): lin 1 (0.0e+00)
Composition correction applied in 5 block(s)
	 #2 (1.2924e-03, 3.4182e-06): lin 1 (0.0e+00)
Composition correction applied in 5 block(s)
-------------------------------------------------------------------------------------------------------------
 T = 357.047, DT = 1, NI = 2, LI = 2, RES = 2.3e-06 (3.9e-07), CFL=0.347 (ELAPSED 00:00:32 )
-------------------------------------------------------------------------------------------------------------
	 #1 (1.6204e-02, 1.7104e-03): lin 1 (0.0e+00)
Composition correction applied in 5 block(s)
	 #2 (7.1610e-04, 6.2304e-06): lin 1 (0.0e+00)
Composition correction applied in 5 block(s)
-------------------------------------------------------------------------------------------------------------
 T = 358.047, DT = 1, NI = 2, LI = 2, RES = 1.4e-06 (1.4e-06), CFL=0.329 (ELAPSED 00:00:32 )
-------------------------------------------------------------------------------------------------------------
	 #1 (1.6560e-02, 6.1337e-03): lin 1 (0.0e+00)
Composition correction applied in 5 block(s)
	 #2 (1.3010e-03, 1.1564e-05): lin 1 (0.0e+00)
Composition correction applied in 5 block(s)
-------------------------------------------------------------------------------------------------------------
 T = 359.047, DT = 1, NI = 2, LI = 2, RES = 2.6e-06 (1.6e-06), CFL=0.313 (ELAPSED 00:00:32 )
-------------------------------------------------------------------------------------------------------------
	 #1 (1.5502e-02, 6.1285e-03): lin 1 (0.0e+00)
Composition correction applied in 5 block(s)
	 #2 (1.2064e-03, 1.4713e-05): lin 1 (0.0e+00)
Composition correction applied in 5 block(s)
-------------------------------------------------------------------------------------------------------------
 T = 360.047, DT = 1, NI = 2, LI = 2, RES = 5.5e-06 (2.7e-07), CFL=0.359 (ELAPSED 00:00:32 )
-------------------------------------------------------------------------------------------------------------
	 #1 (1.4804e-02, 1.3443e-02): lin 1 (0.0e+00)
Composition correction applied in 5 block(s)
	 #2 (1.7966e-03, 2.0989e-06): lin 1 (0.0e+00)
Composition correction applied in 5 block(s)
-------------------------------------------------------------------------------------------------------------
 T = 361.047, DT = 1, NI = 2, LI = 2, RES = 2.2e-06 (8.1e-06), CFL=0.345 (ELAPSED 00:00:32 )
-------------------------------------------------------------------------------------------------------------
	 #1 (1.6437e-02, 1.7111e-03): lin 1 (0.0e+00)
Composition correction applied in 5 block(s)
	 #2 (8.9429e-04, 3.3938e-06): lin 1 (0.0e+00)
Composition correction applied in 5 block(s)
-------------------------------------------------------------------------------------------------------------
 T = 362.047, DT = 1, NI = 2, LI = 2, RES = 9.1e-06 (1.2e-05), CFL=0.324 (ELAPSED 00:00:33 )
-------------------------------------------------------------------------------------------------------------
	 #1 (1.6414e-02, 7.1793e-03): lin 1 (0.0e+00)
Composition correction applied in 5 block(s)
	 #2 (4.7262e-03, 1.5425e-06): lin 1 (0.0e+00)
Composition correction applied in 5 block(s)
	 #3 (5.2046e-05, 8.2447e-06): lin 1 (0.0e+00)
Composition correction applied in 5 block(s)
-------------------------------------------------------------------------------------------------------------
 T = 363.047, DT = 1, NI = 3, LI = 3, RES = 1.1e-08 (7.8e-07), CFL=0.329 (ELAPSED 00:00:33 )
-------------------------------------------------------------------------------------------------------------
	 #1 (1.3749e-02, 5.5949e-04): lin 1 (0.0e+00)
Composition correction applied in 5 block(s)
	 #2 (1.0124e-03, 1.2475e-05): lin 1 (0.0e+00)
Composition correction applied in 5 block(s)
-------------------------------------------------------------------------------------------------------------
 T = 364.047, DT = 1, NI = 2, LI = 2, RES = 3.8e-06 (3.3e-07), CFL=0.355 (ELAPSED 00:00:33 )
-------------------------------------------------------------------------------------------------------------
	 #1 (1.5395e-02, 7.8787e-03): lin 1 (0.0e+00)
Composition correction applied in 5 block(s)
	 #2 (6.9195e-04, 3.8782e-06): lin 1 (0.0e+00)
Composition correction applied in 5 block(s)
-------------------------------------------------------------------------------------------------------------
 T = 365.047, DT = 1, NI = 2, LI = 2, RES = 2.7e-07 (3.0e-06), CFL=0.338 (ELAPSED 00:00:33 )
-------------------------------------------------------------------------------------------------------------
	 #1 (1.6393e-02, 3.5456e-03): lin 1 (0.0e+00)
Composition correction applied in 5 block(s)
	 #2 (1.1039e-03, 1.9145e-06): lin 1 (0.0e+00)
Composition correction applied in 5 block(s)
	 #3 (2.2441e-05, 1.2220e-06): lin 1 (0.0e+00)
Composition correction applied in 5 block(s)
-------------------------------------------------------------------------------------------------------------
 T = 366.047, DT = 1, NI = 3, LI = 3, RES = 2.7e-09 (1.2e-05), CFL=0.318 (ELAPSED 00:00:33 )
-------------------------------------------------------------------------------------------------------------
	 #1 (1.6086e-02, 7.1680e-03): lin 1 (0.0e+00)
Composition correction applied in 5 block(s)
	 #2 (7.9571e-03, 7.3408e-06): lin 1 (0.0e+00)
Composition correction applied in 5 block(s)
	 #3 (1.7007e-04, 1.0281e-05): lin 1 (0.0e+00)
Composition correction applied in 5 block(s)
-------------------------------------------------------------------------------------------------------------
 T = 367.047, DT = 1, NI = 3, LI = 3, RES = 1.2e-07 (3.5e-06), CFL=0.341 (ELAPSED 00:00:33 )
-------------------------------------------------------------------------------------------------------------
	 #1 (1.3241e-02, 6.7730e-03): lin 1 (0.0e+00)
Composition correction applied in 5 block(s)
	 #2 (1.1333e-03, 5.4130e-06): lin 1 (0.0e+00)
Composition correction applied in 5 block(s)
-------------------------------------------------------------------------------------------------------------
 T = 368.047, DT = 1, NI = 2, LI = 2, RES = 2.9e-06 (6.8e-06), CFL=0.350 (ELAPSED 00:00:33 )
-------------------------------------------------------------------------------------------------------------
	 #1 (1.5803e-02, 3.4197e-03): lin 1 (0.0e+00)
Composition correction applied in 5 block(s)
	 #2 (6.7025e-04, 5.2594e-06): lin 1 (0.0e+00)
Composition correction applied in 5 block(s)
-------------------------------------------------------------------------------------------------------------
 T = 369.047, DT = 1, NI = 2, LI = 2, RES = 4.0e-06 (1.5e-05), CFL=0.332 (ELAPSED 00:00:33 )
-------------------------------------------------------------------------------------------------------------
	 #1 (1.6358e-02, 5.2132e-03): lin 1 (0.0e+00)
Composition correction applied in 5 block(s)
	 #2 (1.3197e-03, 5.8690e-06): lin 1 (0.0e+00)
Composition correction applied in 5 block(s)
	 #3 (3.9467e-05, 3.6726e-06): lin 1 (0.0e+00)
Composition correction applied in 5 block(s)
-------------------------------------------------------------------------------------------------------------
 T = 370.047, DT = 1, NI = 3, LI = 3, RES = 8.6e-09 (3.2e-07), CFL=0.313 (ELAPSED 00:00:33 )
-------------------------------------------------------------------------------------------------------------
	 #1 (1.5729e-02, 6.9543e-03): lin 1 (0.0e+00)
Composition correction applied in 5 block(s)
	 #2 (1.0963e-02, 1.3644e-06): lin 1 (0.0e+00)
Composition correction applied in 5 block(s)
	 #3 (3.6824e-04, 1.0558e-05): lin 1 (0.0e+00)
Composition correction applied in 5 block(s)
-------------------------------------------------------------------------------------------------------------
 T = 371.047, DT = 1, NI = 3, LI = 3, RES = 5.7e-07 (7.9e-06), CFL=0.355 (ELAPSED 00:00:33 )
-------------------------------------------------------------------------------------------------------------
	 #1 (1.4032e-02, 1.2090e-02): lin 1 (0.0e+00)
Composition correction applied in 5 block(s)
	 #2 (1.5451e-03, 3.8312e-06): lin 1 (0.0e+00)
Composition correction applied in 5 block(s)
-------------------------------------------------------------------------------------------------------------
 T = 372.047, DT = 1, NI = 2, LI = 2, RES = 1.8e-06 (4.7e-06), CFL=0.347 (ELAPSED 00:00:33 )
-------------------------------------------------------------------------------------------------------------
	 #1 (1.6106e-02, 3.7422e-04): lin 1 (0.0e+00)
Composition correction applied in 5 block(s)
	 #2 (7.9483e-04, 6.4403e-06): lin 1 (0.0e+00)
Composition correction applied in 5 block(s)
-------------------------------------------------------------------------------------------------------------
 T = 373.047, DT = 1, NI = 2, LI = 2, RES = 4.7e-06 (6.8e-06), CFL=0.327 (ELAPSED 00:00:33 )
-------------------------------------------------------------------------------------------------------------
	 #1 (1.6242e-02, 6.4931e-03): lin 1 (0.0e+00)
Composition correction applied in 5 block(s)
	 #2 (3.2589e-03, 2.6907e-06): lin 1 (0.0e+00)
Composition correction applied in 5 block(s)
	 #3 (2.2847e-05, 3.3418e-06): lin 1 (0.0e+00)
Composition correction applied in 5 block(s)
-------------------------------------------------------------------------------------------------------------
 T = 374.047, DT = 1, NI = 3, LI = 3, RES = 2.1e-09 (3.8e-08), CFL=0.323 (ELAPSED 00:00:33 )
-------------------------------------------------------------------------------------------------------------
	 #1 (1.4129e-02, 2.1615e-03): lin 1 (0.0e+00)
Composition correction applied in 5 block(s)
	 #2 (1.0251e-03, 4.4504e-06): lin 1 (0.0e+00)
Composition correction applied in 5 block(s)
	 #3 (3.3795e-05, 5.9181e-06): lin 1 (0.0e+00)
Composition correction applied in 5 block(s)
-------------------------------------------------------------------------------------------------------------
 T = 375.047, DT = 1, NI = 3, LI = 3, RES = 1.1e-09 (5.6e-06), CFL=0.357 (ELAPSED 00:00:34 )
-------------------------------------------------------------------------------------------------------------
	 #1 (1.4915e-02, 9.4135e-03): lin 1 (0.0e+00)
Composition correction applied in 5 block(s)
	 #2 (6.9175e-04, 1.4878e-05): lin 1 (0.0e+00)
Composition correction applied in 5 block(s)
-------------------------------------------------------------------------------------------------------------
 T = 376.047, DT = 1, NI = 2, LI = 2, RES = 2.3e-07 (5.0e-06), CFL=0.341 (ELAPSED 00:00:34 )
-------------------------------------------------------------------------------------------------------------
	 #1 (1.6115e-02, 2.5171e-03): lin 1 (0.0e+00)
Composition correction applied in 5 block(s)
	 #2 (9.9597e-04, 1.4163e-05): lin 1 (0.0e+00)
Composition correction applied in 5 block(s)
	 #3 (1.5710e-05, 7.3588e-06): lin 1 (0.0e+00)
Composition correction applied in 5 block(s)
-------------------------------------------------------------------------------------------------------------
 T = 377.047, DT = 1, NI = 3, LI = 3, RES = 1.4e-09 (5.5e-06), CFL=0.321 (ELAPSED 00:00:34 )
-------------------------------------------------------------------------------------------------------------
	 #1 (1.5975e-02, 6.8708e-03): lin 1 (0.0e+00)
Composition correction applied in 5 block(s)
	 #2 (6.5462e-03, 6.4911e-06): lin 1 (0.0e+00)
Composition correction applied in 5 block(s)
	 #3 (1.0987e-04, 9.2735e-06): lin 1 (0.0e+00)
Composition correction applied in 5 block(s)
-------------------------------------------------------------------------------------------------------------
 T = 378.047, DT = 1, NI = 3, LI = 3, RES = 4.9e-08 (1.1e-06), CFL=0.336 (ELAPSED 00:00:34 )
-------------------------------------------------------------------------------------------------------------
	 #1 (1.3060e-02, 3.9860e-03): lin 1 (0.0e+00)
Composition correction applied in 5 block(s)
	 #2 (1.0285e-03, 7.0765e-06): lin 1 (0.0e+00)
Composition correction applied in 5 block(s)
-------------------------------------------------------------------------------------------------------------
 T = 379.047, DT = 1, NI = 2, LI = 2, RES = 3.2e-06 (1.2e-05), CFL=0.352 (ELAPSED 00:00:34 )
-------------------------------------------------------------------------------------------------------------
	 #1 (1.5371e-02, 4.9342e-03): lin 1 (0.0e+00)
Composition correction applied in 5 block(s)
	 #2 (6.6792e-04, 3.9403e-06): lin 1 (0.0e+00)
Composition correction applied in 5 block(s)
-------------------------------------------------------------------------------------------------------------
 T = 380.047, DT = 1, NI = 2, LI = 2, RES = 2.8e-07 (8.9e-06), CFL=0.335 (ELAPSED 00:00:34 )
-------------------------------------------------------------------------------------------------------------
	 #1 (1.6109e-02, 4.2669e-03): lin 1 (0.0e+00)
Composition correction applied in 5 block(s)
	 #2 (1.2079e-03, 3.0012e-06): lin 1 (0.0e+00)
Composition correction applied in 5 block(s)
	 #3 (3.1177e-05, 6.6846e-06): lin 1 (0.0e+00)
Composition correction applied in 5 block(s)
-------------------------------------------------------------------------------------------------------------
 T = 381.047, DT = 1, NI = 3, LI = 3, RES = 5.4e-09 (1.8e-06), CFL=0.315 (ELAPSED 00:00:34 )
-------------------------------------------------------------------------------------------------------------
	 #1 (1.5630e-02, 6.7101e-03): lin 1 (0.0e+00)
Composition correction applied in 5 block(s)
	 #2 (9.6193e-03, 1.9222e-06): lin 1 (0.0e+00)
Composition correction applied in 5 block(s)
	 #3 (2.6880e-04, 1.6391e-05): lin 1 (0.0e+00)
Composition correction applied in 5 block(s)
-------------------------------------------------------------------------------------------------------------
 T = 382.047, DT = 1, NI = 3, LI = 3, RES = 3.0e-07 (5.6e-06), CFL=0.349 (ELAPSED 00:00:34 )
-------------------------------------------------------------------------------------------------------------
	 #1 (1.3334e-02, 9.4165e-03): lin 1 (0.0e+00)
Composition correction applied in 5 block(s)
	 #2 (1.3349e-03, 1.2443e-06): lin 1 (0.0e+00)
Composition correction applied in 5 block(s)
-------------------------------------------------------------------------------------------------------------
 T = 383.047, DT = 1, NI = 2, LI = 2, RES = 2.1e-06 (1.1e-07), CFL=0.347 (ELAPSED 00:00:34 )
-------------------------------------------------------------------------------------------------------------
	 #1 (1.5719e-02, 1.0688e-03): lin 1 (0.0e+00)
Composition correction applied in 5 block(s)
	 #2 (7.1378e-04, 2.0032e-06): lin 1 (0.0e+00)
Composition correction applied in 5 block(s)
-------------------------------------------------------------------------------------------------------------
 T = 384.047, DT = 1, NI = 2, LI = 2, RES = 1.8e-06 (5.4e-06), CFL=0.329 (ELAPSED 00:00:34 )
-------------------------------------------------------------------------------------------------------------
	 #1 (1.6033e-02, 5.6859e-03): lin 1 (0.0e+00)
Composition correction applied in 5 block(s)
	 #2 (1.8393e-03, 6.2849e-08): lin 1 (0.0e+00)
Composition correction applied in 5 block(s)
-------------------------------------------------------------------------------------------------------------
 T = 385.047, DT = 1, NI = 2, LI = 2, RES = 6.3e-06 (7.5e-06), CFL=0.317 (ELAPSED 00:00:34 )
-------------------------------------------------------------------------------------------------------------
	 #1 (1.4675e-02, 4.6105e-03): lin 1 (0.0e+00)
Composition correction applied in 5 block(s)
	 #2 (1.1082e-03, 1.6290e-05): lin 1 (0.0e+00)
Composition correction applied in 5 block(s)
-------------------------------------------------------------------------------------------------------------
 T = 386.047, DT = 1, NI = 2, LI = 2, RES = 4.4e-06 (7.0e-06), CFL=0.358 (ELAPSED 00:00:34 )
-------------------------------------------------------------------------------------------------------------
	 #1 (1.4396e-02, 1.1007e-02): lin 1 (0.0e+00)
Composition correction applied in 5 block(s)
	 #2 (1.8299e-03, 2.2329e-06): lin 1 (0.0e+00)
Composition correction applied in 5 block(s)
-------------------------------------------------------------------------------------------------------------
 T = 387.047, DT = 1, NI = 2, LI = 2, RES = 2.3e-06 (2.2e-06), CFL=0.344 (ELAPSED 00:00:34 )
-------------------------------------------------------------------------------------------------------------
	 #1 (1.5877e-02, 1.6916e-03): lin 1 (0.0e+00)
Composition correction applied in 5 block(s)
	 #2 (8.9435e-04, 4.9166e-06): lin 1 (0.0e+00)
Composition correction applied in 5 block(s)
	 #3 (1.0133e-05, 1.0905e-05): lin 1 (0.0e+00)
Composition correction applied in 5 block(s)
-------------------------------------------------------------------------------------------------------------
 T = 388.047, DT = 1, NI = 3, LI = 3, RES = 5.6e-10 (3.5e-06), CFL=0.324 (ELAPSED 00:00:35 )
-------------------------------------------------------------------------------------------------------------
	 #1 (1.5850e-02, 6.4694e-03): lin 1 (0.0e+00)
Composition correction applied in 5 block(s)
	 #2 (5.1753e-03, 1.3889e-06): lin 1 (0.0e+00)
Composition correction applied in 5 block(s)
	 #3 (6.5226e-05, 2.2671e-06): lin 1 (0.0e+00)
Composition correction applied in 5 block(s)
-------------------------------------------------------------------------------------------------------------
 T = 389.047, DT = 1, NI = 3, LI = 3, RES = 1.7e-08 (1.2e-05), CFL=0.331 (ELAPSED 00:00:35 )
-------------------------------------------------------------------------------------------------------------
	 #1 (1.3119e-02, 1.4428e-03): lin 1 (0.0e+00)
Composition correction applied in 5 block(s)
	 #2 (9.7334e-04, 4.7021e-06): lin 1 (0.0e+00)
Composition correction applied in 5 block(s)
-------------------------------------------------------------------------------------------------------------
 T = 390.047, DT = 1, NI = 2, LI = 2, RES = 3.4e-06 (1.4e-06), CFL=0.354 (ELAPSED 00:00:35 )
-------------------------------------------------------------------------------------------------------------
	 #1 (1.4940e-02, 6.2674e-03): lin 1 (0.0e+00)
Composition correction applied in 5 block(s)
	 #2 (6.6558e-04, 9.0613e-06): lin 1 (0.0e+00)
Composition correction applied in 5 block(s)
-------------------------------------------------------------------------------------------------------------
 T = 391.047, DT = 1, NI = 2, LI = 2, RES = 1.4e-06 (2.6e-06), CFL=0.337 (ELAPSED 00:00:35 )
-------------------------------------------------------------------------------------------------------------
	 #1 (1.5852e-02, 3.4077e-03): lin 1 (0.0e+00)
Composition correction applied in 5 block(s)
	 #2 (1.1018e-03, 8.7269e-07): lin 1 (0.0e+00)
Composition correction applied in 5 block(s)
	 #3 (2.3863e-05, 3.3981e-07): lin 1 (0.0e+00)
Composition correction applied in 5 block(s)
-------------------------------------------------------------------------------------------------------------
 T = 392.047, DT = 1, NI = 3, LI = 3, RES = 3.2e-09 (3.1e-06), CFL=0.318 (ELAPSED 00:00:35 )
-------------------------------------------------------------------------------------------------------------
	 #1 (1.5527e-02, 6.4302e-03): lin 1 (0.0e+00)
Composition correction applied in 5 block(s)
	 #2 (8.2929e-03, 6.6199e-06): lin 1 (0.0e+00)
Composition correction applied in 5 block(s)
	 #3 (1.9153e-04, 1.9693e-05): lin 1 (0.0e+00)
Composition correction applied in 5 block(s)
-------------------------------------------------------------------------------------------------------------
 T = 393.047, DT = 1, NI = 3, LI = 3, RES = 1.5e-07 (9.6e-07), CFL=0.343 (ELAPSED 00:00:35 )
-------------------------------------------------------------------------------------------------------------
	 #1 (1.2850e-02, 6.9258e-03): lin 1 (0.0e+00)
Composition correction applied in 5 block(s)
	 #2 (1.1465e-03, 1.0479e-05): lin 1 (0.0e+00)
Composition correction applied in 5 block(s)
-------------------------------------------------------------------------------------------------------------
 T = 394.047, DT = 1, NI = 2, LI = 2, RES = 2.5e-06 (4.3e-06), CFL=0.349 (ELAPSED 00:00:35 )
-------------------------------------------------------------------------------------------------------------
	 #1 (1.5331e-02, 2.4474e-03): lin 1 (0.0e+00)
Composition correction applied in 5 block(s)
	 #2 (6.5537e-04, 5.1023e-06): lin 1 (0.0e+00)
Composition correction applied in 5 block(s)
-------------------------------------------------------------------------------------------------------------
 T = 395.047, DT = 1, NI = 2, LI = 2, RES = 2.6e-07 (1.4e-05), CFL=0.331 (ELAPSED 00:00:35 )
-------------------------------------------------------------------------------------------------------------
	 #1 (1.5822e-02, 4.8901e-03): lin 1 (0.0e+00)
Composition correction applied in 5 block(s)
	 #2 (6.9286e-04, 5.2690e-06): lin 1 (0.0e+00)
Composition correction applied in 5 block(s)
-------------------------------------------------------------------------------------------------------------
 T = 396.047, DT = 1, NI = 2, LI = 2, RES = 5.3e-07 (4.9e-06), CFL=0.312 (ELAPSED 00:00:35 )
-------------------------------------------------------------------------------------------------------------
	 #1 (1.5188e-02, 6.3228e-03): lin 1 (0.0e+00)
Composition correction applied in 5 block(s)
	 #2 (1.1181e-02, 5.4472e-06): lin 1 (0.0e+00)
Composition correction applied in 5 block(s)
	 #3 (3.9856e-04, 2.8592e-05): lin 1 (0.0e+00)
Composition correction applied in 5 block(s)
-------------------------------------------------------------------------------------------------------------
 T = 397.047, DT = 1, NI = 3, LI = 3, RES = 6.7e-07 (9.7e-06), CFL=0.357 (ELAPSED 00:00:35 )
-------------------------------------------------------------------------------------------------------------
	 #1 (1.3813e-02, 1.1603e-02): lin 1 (0.0e+00)
Composition correction applied in 5 block(s)
	 #2 (1.5900e-03, 1.7523e-06): lin 1 (0.0e+00)
Composition correction applied in 5 block(s)
-------------------------------------------------------------------------------------------------------------
 T = 398.047, DT = 1, NI = 2, LI = 2, RES = 1.8e-06 (1.3e-05), CFL=0.346 (ELAPSED 00:00:35 )
-------------------------------------------------------------------------------------------------------------
	 #1 (1.5617e-02, 7.8624e-04): lin 1 (0.0e+00)
Composition correction applied in 5 block(s)
	 #2 (8.0285e-04, 5.5172e-06): lin 1 (0.0e+00)
Composition correction applied in 5 block(s)
-------------------------------------------------------------------------------------------------------------
 T = 399.047, DT = 1, NI = 2, LI = 2, RES = 5.8e-06 (5.2e-06), CFL=0.326 (ELAPSED 00:00:35 )
-------------------------------------------------------------------------------------------------------------
	 #1 (1.5705e-02, 6.0397e-03): lin 1 (0.0e+00)
Composition correction applied in 5 block(s)
	 #2 (3.8151e-03, 7.7666e-06): lin 1 (0.0e+00)
Composition correction applied in 5 block(s)
	 #3 (3.2695e-04, 5.1094e-06): lin 1 (0.0e+00)
Composition correction applied in 5 block(s)
-------------------------------------------------------------------------------------------------------------
 T = 400.047, DT = 1, NI = 3, LI = 3, RES = 1.8e-06 (9.4e-06), CFL=0.326 (ELAPSED 00:00:35 )
-------------------------------------------------------------------------------------------------------------
	 #1 (1.3392e-02, 8.8512e-04): lin 1 (0.0e+00)
Composition correction applied in 5 block(s)
	 #2 (9.7075e-04, 1.1528e-05): lin 1 (0.0e+00)
Composition correction applied in 5 block(s)
-------------------------------------------------------------------------------------------------------------
 T = 401.047, DT = 1, NI = 2, LI = 2, RES = 4.2e-06 (6.8e-06), CFL=0.355 (ELAPSED 00:00:36 )
-------------------------------------------------------------------------------------------------------------
	 #1 (1.4492e-02, 7.4355e-03): lin 1 (0.0e+00)
Composition correction applied in 5 block(s)
	 #2 (6.6021e-04, 6.0518e-06): lin 1 (0.0e+00)
Composition correction applied in 5 block(s)
-------------------------------------------------------------------------------------------------------------
 T = 402.047, DT = 1, NI = 2, LI = 2, RES = 8.1e-07 (2.9e-06), CFL=0.338 (ELAPSED 00:00:36 )
-------------------------------------------------------------------------------------------------------------
	 #1 (1.5531e-02, 2.8839e-03): lin 1 (0.0e+00)
Composition correction applied in 5 block(s)
	 #2 (9.8468e-04, 6.5002e-06): lin 1 (0.0e+00)
Composition correction applied in 5 block(s)
	 #3 (1.7055e-05, 7.1631e-06): lin 1 (0.0e+00)
Composition correction applied in 5 block(s)
-------------------------------------------------------------------------------------------------------------
 T = 403.047, DT = 1, NI = 3, LI = 3, RES = 1.6e-09 (4.1e-06), CFL=0.318 (ELAPSED 00:00:36 )
-------------------------------------------------------------------------------------------------------------
	 #1 (1.5324e-02, 6.4305e-03): lin 1 (0.0e+00)
Composition correction applied in 5 block(s)
	 #2 (6.7666e-03, 2.2841e-06): lin 1 (0.0e+00)
Composition correction applied in 5 block(s)
	 #3 (1.2063e-04, 1.7594e-06): lin 1 (0.0e+00)
Composition correction applied in 5 block(s)
-------------------------------------------------------------------------------------------------------------
 T = 404.047, DT = 1, NI = 3, LI = 3, RES = 6.0e-08 (4.3e-06), CFL=0.335 (ELAPSED 00:00:36 )
-------------------------------------------------------------------------------------------------------------
	 #1 (1.2482e-02, 4.1100e-03): lin 1 (0.0e+00)
Composition correction applied in 5 block(s)
	 #2 (9.8760e-04, 1.1359e-05): lin 1 (0.0e+00)
Composition correction applied in 5 block(s)
-------------------------------------------------------------------------------------------------------------
 T = 405.047, DT = 1, NI = 2, LI = 2, RES = 2.8e-06 (2.3e-06), CFL=0.349 (ELAPSED 00:00:36 )
-------------------------------------------------------------------------------------------------------------
	 #1 (1.4777e-02, 3.9128e-03): lin 1 (0.0e+00)
Composition correction applied in 5 block(s)
	 #2 (6.3152e-04, 2.9146e-06): lin 1 (0.0e+00)
Composition correction applied in 5 block(s)
-------------------------------------------------------------------------------------------------------------
 T = 406.047, DT = 1, NI = 2, LI = 2, RES = 2.5e-07 (6.1e-06), CFL=0.331 (ELAPSED 00:00:36 )
-------------------------------------------------------------------------------------------------------------
	 #1 (1.5472e-02, 3.8617e-03): lin 1 (0.0e+00)
Composition correction applied in 5 block(s)
	 #2 (1.1682e-03, 6.3890e-06): lin 1 (0.0e+00)
Composition correction applied in 5 block(s)
	 #3 (3.0532e-05, 1.2922e-05): lin 1 (0.0e+00)
Composition correction applied in 5 block(s)
-------------------------------------------------------------------------------------------------------------
 T = 407.047, DT = 1, NI = 3, LI = 3, RES = 5.3e-09 (6.4e-06), CFL=0.313 (ELAPSED 00:00:36 )
-------------------------------------------------------------------------------------------------------------
	 #1 (1.5021e-02, 5.9160e-03): lin 1 (0.0e+00)
Composition correction applied in 5 block(s)
	 #2 (9.4394e-03, 3.8325e-06): lin 1 (0.0e+00)
Composition correction applied in 5 block(s)
	 #3 (2.6304e-04, 1.0789e-05): lin 1 (0.0e+00)
Composition correction applied in 5 block(s)
-------------------------------------------------------------------------------------------------------------
 T = 408.047, DT = 1, NI = 3, LI = 3, RES = 2.9e-07 (3.0e-06), CFL=0.347 (ELAPSED 00:00:36 )
-------------------------------------------------------------------------------------------------------------
	 #1 (1.2836e-02, 8.6962e-03): lin 1 (0.0e+00)
Composition correction applied in 5 block(s)
	 #2 (1.2841e-03, 6.3027e-06): lin 1 (0.0e+00)
Composition correction applied in 5 block(s)
-------------------------------------------------------------------------------------------------------------
 T = 409.047, DT = 1, NI = 2, LI = 2, RES = 2.0e-06 (7.9e-06), CFL=0.345 (ELAPSED 00:00:36 )
-------------------------------------------------------------------------------------------------------------
	 #1 (1.5126e-02, 1.0458e-03): lin 1 (0.0e+00)
Composition correction applied in 5 block(s)
	 #2 (6.8593e-04, 1.1470e-05): lin 1 (0.0e+00)
Composition correction applied in 5 block(s)
-------------------------------------------------------------------------------------------------------------
 T = 410.047, DT = 1, NI = 2, LI = 2, RES = 1.6e-06 (6.4e-06), CFL=0.328 (ELAPSED 00:00:36 )
-------------------------------------------------------------------------------------------------------------
	 #1 (1.5466e-02, 4.9712e-03): lin 1 (0.0e+00)
Composition correction applied in 5 block(s)
	 #2 (1.7716e-03, 1.2157e-05): lin 1 (0.0e+00)
Composition correction applied in 5 block(s)
-------------------------------------------------------------------------------------------------------------
 T = 411.047, DT = 1, NI = 2, LI = 2, RES = 5.9e-06 (2.2e-06), CFL=0.316 (ELAPSED 00:00:36 )
-------------------------------------------------------------------------------------------------------------
	 #1 (1.4187e-02, 4.1232e-03): lin 1 (0.0e+00)
Composition correction applied in 5 block(s)
	 #2 (1.0560e-03, 6.5009e-07): lin 1 (0.0e+00)
Composition correction applied in 5 block(s)
-------------------------------------------------------------------------------------------------------------
 T = 412.047, DT = 1, NI = 2, LI = 2, RES = 4.0e-06 (8.5e-06), CFL=0.356 (ELAPSED 00:00:36 )
-------------------------------------------------------------------------------------------------------------
	 #1 (1.3850e-02, 9.8880e-03): lin 1 (0.0e+00)
Composition correction applied in 5 block(s)
	 #2 (1.7494e-03, 6.7626e-06): lin 1 (0.0e+00)
Composition correction applied in 5 block(s)
-------------------------------------------------------------------------------------------------------------
 T = 413.047, DT = 1, NI = 2, LI = 2, RES = 2.1e-06 (1.3e-05), CFL=0.343 (ELAPSED 00:00:36 )
-------------------------------------------------------------------------------------------------------------
	 #1 (1.5320e-02, 1.3010e-03): lin 1 (0.0e+00)
Composition correction applied in 5 block(s)
	 #2 (8.5764e-04, 4.2027e-06): lin 1 (0.0e+00)
Composition correction applied in 5 block(s)
-------------------------------------------------------------------------------------------------------------
 T = 414.047, DT = 1, NI = 2, LI = 2, RES = 9.3e-06 (6.4e-06), CFL=0.324 (ELAPSED 00:00:36 )
-------------------------------------------------------------------------------------------------------------
	 #1 (1.5340e-02, 5.7160e-03): lin 1 (0.0e+00)
Composition correction applied in 6 block(s)
	 #2 (4.9293e-03, 2.6681e-06): lin 1 (0.0e+00)
Composition correction applied in 6 block(s)
	 #3 (5.9724e-05, 3.5946e-06): lin 1 (0.0e+00)
Composition correction applied in 6 block(s)
-------------------------------------------------------------------------------------------------------------
 T = 415.047, DT = 1, NI = 3, LI = 3, RES = 1.5e-08 (7.3e-08), CFL=0.330 (ELAPSED 00:00:37 )
-------------------------------------------------------------------------------------------------------------
	 #1 (1.2714e-02, 1.0953e-03): lin 1 (0.0e+00)
Composition correction applied in 6 block(s)
	 #2 (9.3162e-04, 4.2425e-06): lin 1 (0.0e+00)
Composition correction applied in 6 block(s)
-------------------------------------------------------------------------------------------------------------
 T = 416.047, DT = 1, NI = 2, LI = 2, RES = 3.1e-06 (5.6e-06), CFL=0.353 (ELAPSED 00:00:37 )
-------------------------------------------------------------------------------------------------------------
	 #1 (1.4404e-02, 5.7768e-03): lin 1 (0.0e+00)
Composition correction applied in 6 block(s)
	 #2 (6.4378e-04, 2.6895e-06): lin 1 (0.0e+00)
Composition correction applied in 6 block(s)
-------------------------------------------------------------------------------------------------------------
 T = 417.047, DT = 1, NI = 2, LI = 2, RES = 2.2e-07 (6.1e-06), CFL=0.337 (ELAPSED 00:00:37 )
-------------------------------------------------------------------------------------------------------------
	 #1 (1.5333e-02, 2.8898e-03): lin 1 (0.0e+00)
Composition correction applied in 6 block(s)
	 #2 (1.0565e-03, 7.1053e-06): lin 1 (0.0e+00)
Composition correction applied in 6 block(s)
	 #3 (2.2152e-05, 7.6756e-06): lin 1 (0.0e+00)
Composition correction applied in 6 block(s)
-------------------------------------------------------------------------------------------------------------
 T = 418.047, DT = 1, NI = 3, LI = 3, RES = 2.8e-09 (2.6e-06), CFL=0.318 (ELAPSED 00:00:37 )
-------------------------------------------------------------------------------------------------------------
	 #1 (1.5057e-02, 5.7942e-03): lin 1 (0.0e+00)
Composition correction applied in 6 block(s)
	 #2 (7.9300e-03, 4.7050e-06): lin 1 (0.0e+00)
Composition correction applied in 6 block(s)
	 #3 (1.7662e-04, 8.0836e-06): lin 1 (0.0e+00)
Composition correction applied in 6 block(s)
-------------------------------------------------------------------------------------------------------------
 T = 419.047, DT = 1, NI = 3, LI = 3, RES = 1.3e-07 (5.6e-06), CFL=0.342 (ELAPSED 00:00:37 )
-------------------------------------------------------------------------------------------------------------
	 #1 (1.2401e-02, 5.9391e-03): lin 1 (0.0e+00)
Composition correction applied in 6 block(s)
	 #2 (1.0917e-03, 2.7643e-06): lin 1 (0.0e+00)
Composition correction applied in 6 block(s)
-------------------------------------------------------------------------------------------------------------
 T = 420.047, DT = 1, NI = 2, LI = 2, RES = 2.4e-06 (5.9e-06), CFL=0.349 (ELAPSED 00:00:37 )
-------------------------------------------------------------------------------------------------------------
	 #1 (1.4798e-02, 2.3957e-03): lin 1 (0.0e+00)
Composition correction applied in 6 block(s)
	 #2 (6.3117e-04, 5.6831e-06): lin 1 (0.0e+00)
Composition correction applied in 6 block(s)
-------------------------------------------------------------------------------------------------------------
 T = 421.047, DT = 1, NI = 2, LI = 2, RES = 2.6e-07 (6.1e-07), CFL=0.331 (ELAPSED 00:00:37 )
-------------------------------------------------------------------------------------------------------------
	 #1 (1.5327e-02, 4.2695e-03): lin 1 (0.0e+00)
Composition correction applied in 6 block(s)
	 #2 (6.7682e-04, 5.7244e-06): lin 1 (0.0e+00)
Composition correction applied in 6 block(s)
-------------------------------------------------------------------------------------------------------------
 T = 422.047, DT = 1, NI = 2, LI = 2, RES = 5.1e-07 (6.0e-06), CFL=0.313 (ELAPSED 00:00:37 )
-------------------------------------------------------------------------------------------------------------
	 #1 (1.4744e-02, 5.7217e-03): lin 1 (0.0e+00)
Composition correction applied in 6 block(s)
	 #2 (1.0725e-02, 4.2256e-06): lin 1 (0.0e+00)
Composition correction applied in 6 block(s)
	 #3 (3.6920e-04, 2.7501e-05): lin 1 (0.0e+00)
Composition correction applied in 6 block(s)
-------------------------------------------------------------------------------------------------------------
 T = 423.047, DT = 1, NI = 3, LI = 3, RES = 5.7e-07 (6.6e-06), CFL=0.355 (ELAPSED 00:00:37 )
-------------------------------------------------------------------------------------------------------------
	 #1 (1.3273e-02, 1.0137e-02): lin 1 (0.0e+00)
Composition correction applied in 6 block(s)
	 #2 (1.5082e-03, 4.5802e-06): lin 1 (0.0e+00)
Composition correction applied in 6 block(s)
-------------------------------------------------------------------------------------------------------------
 T = 424.047, DT = 1, NI = 2, LI = 2, RES = 1.7e-06 (6.5e-06), CFL=0.345 (ELAPSED 00:00:37 )
-------------------------------------------------------------------------------------------------------------
	 #1 (1.5091e-02, 4.7927e-04): lin 1 (0.0e+00)
Composition correction applied in 6 block(s)
	 #2 (7.6652e-04, 1.0778e-05): lin 1 (0.0e+00)
Composition correction applied in 6 block(s)
-------------------------------------------------------------------------------------------------------------
 T = 425.047, DT = 1, NI = 2, LI = 2, RES = 4.9e-06 (1.2e-05), CFL=0.327 (ELAPSED 00:00:37 )
-------------------------------------------------------------------------------------------------------------
	 #1 (1.5234e-02, 5.3246e-03): lin 1 (0.0e+00)
Composition correction applied in 6 block(s)
	 #2 (3.5664e-03, 7.3120e-06): lin 1 (0.0e+00)
Composition correction applied in 6 block(s)
	 #3 (2.9203e-05, 6.0872e-06): lin 1 (0.0e+00)
Composition correction applied in 6 block(s)
-------------------------------------------------------------------------------------------------------------
 T = 426.047, DT = 1, NI = 3, LI = 3, RES = 3.5e-09 (2.2e-06), CFL=0.325 (ELAPSED 00:00:37 )
-------------------------------------------------------------------------------------------------------------
	 #1 (1.3049e-02, 1.1439e-03): lin 1 (0.0e+00)
Composition correction applied in 6 block(s)
	 #2 (9.2665e-04, 1.2376e-05): lin 1 (0.0e+00)
Composition correction applied in 6 block(s)
-------------------------------------------------------------------------------------------------------------
 T = 427.047, DT = 1, NI = 2, LI = 2, RES = 3.2e-06 (4.7e-06), CFL=0.355 (ELAPSED 00:00:37 )
-------------------------------------------------------------------------------------------------------------
	 #1 (1.3999e-02, 6.9487e-03): lin 1 (0.0e+00)
Composition correction applied in 6 block(s)
	 #2 (6.4359e-04, 7.3288e-06): lin 1 (0.0e+00)
Composition correction applied in 6 block(s)
-------------------------------------------------------------------------------------------------------------
 T = 428.047, DT = 1, NI = 2, LI = 2, RES = 2.0e-07 (5.8e-06), CFL=0.340 (ELAPSED 00:00:37 )
-------------------------------------------------------------------------------------------------------------
	 #1 (1.5104e-02, 2.0915e-03): lin 1 (0.0e+00)
Composition correction applied in 6 block(s)
	 #2 (9.5842e-04, 1.2858e-05): lin 1 (0.0e+00)
Composition correction applied in 6 block(s)
	 #3 (1.5875e-05, 1.4712e-06): lin 1 (0.0e+00)
Composition correction applied in 6 block(s)
-------------------------------------------------------------------------------------------------------------
 T = 429.047, DT = 1, NI = 3, LI = 3, RES = 1.4e-09 (1.9e-06), CFL=0.321 (ELAPSED 00:00:37 )
-------------------------------------------------------------------------------------------------------------
	 #1 (1.4981e-02, 5.5533e-03): lin 1 (0.0e+00)
Composition correction applied in 6 block(s)
	 #2 (6.6440e-03, 1.9962e-06): lin 1 (0.0e+00)
Composition correction applied in 6 block(s)
	 #3 (1.1867e-04, 7.8385e-06): lin 1 (0.0e+00)
Composition correction applied in 6 block(s)
-------------------------------------------------------------------------------------------------------------
 T = 430.047, DT = 1, NI = 3, LI = 3, RES = 5.8e-08 (5.1e-06), CFL=0.337 (ELAPSED 00:00:38 )
-------------------------------------------------------------------------------------------------------------
	 #1 (1.2198e-02, 3.7759e-03): lin 1 (0.0e+00)
Composition correction applied in 6 block(s)
	 #2 (9.8090e-04, 8.5412e-07): lin 1 (0.0e+00)
Composition correction applied in 6 block(s)
-------------------------------------------------------------------------------------------------------------
 T = 431.047, DT = 1, NI = 2, LI = 2, RES = 2.7e-06 (2.9e-06), CFL=0.351 (ELAPSED 00:00:38 )
-------------------------------------------------------------------------------------------------------------
	 #1 (1.4429e-02, 3.5312e-03): lin 1 (0.0e+00)
Composition correction applied in 6 block(s)
	 #2 (6.2413e-04, 5.1296e-06): lin 1 (0.0e+00)
Composition correction applied in 6 block(s)
-------------------------------------------------------------------------------------------------------------
 T = 432.047, DT = 1, NI = 2, LI = 2, RES = 2.4e-07 (1.1e-05), CFL=0.334 (ELAPSED 00:00:38 )
-------------------------------------------------------------------------------------------------------------
	 #1 (1.5118e-02, 3.5299e-03): lin 1 (0.0e+00)
Composition correction applied in 6 block(s)
	 #2 (1.1601e-03, 1.0122e-05): lin 1 (0.0e+00)
Composition correction applied in 6 block(s)
	 #3 (3.0858e-05, 8.0224e-07): lin 1 (0.0e+00)
Composition correction applied in 6 block(s)
-------------------------------------------------------------------------------------------------------------
 T = 433.047, DT = 1, NI = 3, LI = 3, RES = 5.5e-09 (2.4e-06), CFL=0.315 (ELAPSED 00:00:38 )
-------------------------------------------------------------------------------------------------------------
	 #1 (1.4669e-02, 5.4892e-03): lin 1 (0.0e+00)
Composition correction applied in 6 block(s)
	 #2 (9.5070e-03, 2.2518e-06): lin 1 (0.0e+00)
Composition correction applied in 6 block(s)
	 #3 (2.7597e-04, 1.5959e-05): lin 1 (0.0e+00)
Composition correction applied in 6 block(s)
-------------------------------------------------------------------------------------------------------------
 T = 434.047, DT = 1, NI = 3, LI = 3, RES = 3.2e-07 (1.3e-06), CFL=0.350 (ELAPSED 00:00:38 )
-------------------------------------------------------------------------------------------------------------
	 #1 (1.2607e-02, 8.0866e-03): lin 1 (0.0e+00)
Composition correction applied in 6 block(s)
	 #2 (1.3086e-03, 1.0449e-05): lin 1 (0.0e+00)
Composition correction applied in 6 block(s)
-------------------------------------------------------------------------------------------------------------
 T = 435.047, DT = 1, NI = 2, LI = 2, RES = 1.9e-06 (4.7e-07), CFL=0.346 (ELAPSED 00:00:38 )
-------------------------------------------------------------------------------------------------------------
	 #1 (1.4764e-02, 6.2166e-04): lin 1 (0.0e+00)
Composition correction applied in 6 block(s)
	 #2 (6.8982e-04, 1.6977e-07): lin 1 (0.0e+00)
Composition correction applied in 6 block(s)
-------------------------------------------------------------------------------------------------------------
 T = 436.047, DT = 1, NI = 2, LI = 2, RES = 2.0e-06 (1.5e-06), CFL=0.328 (ELAPSED 00:00:38 )
-------------------------------------------------------------------------------------------------------------
	 #1 (1.5062e-02, 4.6823e-03): lin 1 (0.0e+00)
Composition correction applied in 6 block(s)
	 #2 (2.2695e-03, 2.0525e-06): lin 1 (0.0e+00)
Composition correction applied in 6 block(s)
	 #3 (1.0648e-05, 1.1158e-05): lin 1 (0.0e+00)
Composition correction applied in 6 block(s)
-------------------------------------------------------------------------------------------------------------
 T = 437.047, DT = 1, NI = 3, LI = 3, RES = 4.6e-10 (6.0e-06), CFL=0.320 (ELAPSED 00:00:38 )
-------------------------------------------------------------------------------------------------------------
	 #1 (1.3514e-02, 3.0406e-03): lin 1 (0.0e+00)
Composition correction applied in 6 block(s)
	 #2 (9.8031e-04, 1.3757e-05): lin 1 (0.0e+00)
Composition correction applied in 6 block(s)
-------------------------------------------------------------------------------------------------------------
 T = 438.047, DT = 1, NI = 2, LI = 2, RES = 3.4e-06 (3.0e-07), CFL=0.356 (ELAPSED 00:00:38 )
-------------------------------------------------------------------------------------------------------------
	 #1 (1.3557e-02, 8.1055e-03): lin 1 (0.0e+00)
Composition correction applied in 6 block(s)
	 #2 (1.7942e-03, 8.9864e-06): lin 1 (0.0e+00)
Composition correction applied in 6 block(s)
-------------------------------------------------------------------------------------------------------------
 T = 439.047, DT = 1, NI = 2, LI = 2, RES = 2.3e-06 (1.0e-05), CFL=0.342 (ELAPSED 00:00:38 )
-------------------------------------------------------------------------------------------------------------
	 #1 (1.4880e-02, 1.3697e-03): lin 1 (0.0e+00)
Composition correction applied in 6 block(s)
	 #2 (8.6502e-04, 6.8030e-06): lin 1 (0.0e+00)
Composition correction applied in 6 block(s)
	 #3 (1.0545e-05, 9.5331e-06): lin 1 (0.0e+00)
Composition correction applied in 6 block(s)
-------------------------------------------------------------------------------------------------------------
 T = 440.047, DT = 1, NI = 3, LI = 3, RES = 6.4e-10 (3.0e-06), CFL=0.323 (ELAPSED 00:00:38 )
-------------------------------------------------------------------------------------------------------------
	 #1 (1.4885e-02, 5.2363e-03): lin 1 (0.0e+00)
Composition correction applied in 6 block(s)
	 #2 (5.3856e-03, 3.2589e-06): lin 1 (0.0e+00)
Composition correction applied in 6 block(s)
	 #3 (7.4369e-05, 1.1217e-05): lin 1 (0.0e+00)
Composition correction applied in 6 block(s)
-------------------------------------------------------------------------------------------------------------
 T = 441.047, DT = 1, NI = 3, LI = 3, RES = 2.3e-08 (5.6e-06), CFL=0.333 (ELAPSED 00:00:38 )
-------------------------------------------------------------------------------------------------------------
	 #1 (1.2206e-02, 1.7644e-03): lin 1 (0.0e+00)
Composition correction applied in 6 block(s)
	 #2 (9.1275e-04, 4.3475e-06): lin 1 (0.0e+00)
Composition correction applied in 6 block(s)
-------------------------------------------------------------------------------------------------------------
 T = 442.047, DT = 1, NI = 2, LI = 2, RES = 2.8e-06 (4.0e-06), CFL=0.352 (ELAPSED 00:00:38 )
-------------------------------------------------------------------------------------------------------------
	 #1 (1.4056e-02, 4.5936e-03): lin 1 (0.0e+00)
Composition correction applied in 6 block(s)
	 #2 (6.2222e-04, 1.8758e-06): lin 1 (0.0e+00)
Composition correction applied in 6 block(s)
-------------------------------------------------------------------------------------------------------------
 T = 443.047, DT = 1, NI = 2, LI = 2, RES = 2.1e-07 (6.2e-06), CFL=0.336 (ELAPSED 00:00:38 )
-------------------------------------------------------------------------------------------------------------
	 #1 (1.4901e-02, 2.8334e-03): lin 1 (0.0e+00)
Composition correction applied in 6 block(s)
	 #2 (1.0628e-03, 5.4279e-06): lin 1 (0.0e+00)
Composition correction applied in 6 block(s)
	 #3 (2.3979e-05, 3.6823e-06): lin 1 (0.0e+00)
Composition correction applied in 6 block(s)
-------------------------------------------------------------------------------------------------------------
 T = 444.047, DT = 1, NI = 3, LI = 3, RES = 3.4e-09 (7.3e-06), CFL=0.318 (ELAPSED 00:00:39 )
-------------------------------------------------------------------------------------------------------------
	 #1 (1.4591e-02, 5.2984e-03): lin 1 (0.0e+00)
Composition correction applied in 6 block(s)
	 #2 (8.2962e-03, 3.0005e-06): lin 1 (0.0e+00)
Composition correction applied in 6 block(s)
	 #3 (2.0056e-04, 2.0824e-06): lin 1 (0.0e+00)
Composition correction applied in 6 block(s)
-------------------------------------------------------------------------------------------------------------
 T = 445.047, DT = 1, NI = 3, LI = 3, RES = 1.7e-07 (1.2e-06), CFL=0.344 (ELAPSED 00:00:39 )
-------------------------------------------------------------------------------------------------------------
	 #1 (1.2121e-02, 6.1323e-03): lin 1 (0.0e+00)
Composition correction applied in 6 block(s)
	 #2 (1.1198e-03, 2.9061e-06): lin 1 (0.0e+00)
Composition correction applied in 6 block(s)
-------------------------------------------------------------------------------------------------------------
 T = 446.047, DT = 1, NI = 2, LI = 2, RES = 2.2e-06 (7.8e-06), CFL=0.347 (ELAPSED 00:00:39 )
-------------------------------------------------------------------------------------------------------------
	 #1 (1.4427e-02, 1.6756e-03): lin 1 (0.0e+00)
Composition correction applied in 6 block(s)
	 #2 (6.3181e-04, 9.6193e-07): lin 1 (0.0e+00)
Composition correction applied in 6 block(s)
-------------------------------------------------------------------------------------------------------------
 T = 447.047, DT = 1, NI = 2, LI = 2, RES = 3.4e-07 (4.6e-07), CFL=0.330 (ELAPSED 00:00:39 )
-------------------------------------------------------------------------------------------------------------
	 #1 (1.4886e-02, 4.0486e-03): lin 1 (0.0e+00)
Composition correction applied in 6 block(s)
	 #2 (9.8283e-04, 4.8162e-06): lin 1 (0.0e+00)
Composition correction applied in 6 block(s)
-------------------------------------------------------------------------------------------------------------
 T = 448.047, DT = 1, NI = 2, LI = 2, RES = 1.4e-06 (6.2e-06), CFL=0.314 (ELAPSED 00:00:39 )
-------------------------------------------------------------------------------------------------------------
	 #1 (1.4137e-02, 4.8511e-03): lin 1 (0.0e+00)
Composition correction applied in 6 block(s)
	 #2 (1.0524e-03, 1.3365e-05): lin 1 (0.0e+00)
Composition correction applied in 6 block(s)
-------------------------------------------------------------------------------------------------------------
 T = 449.047, DT = 1, NI = 2, LI = 2, RES = 4.0e-06 (1.2e-06), CFL=0.356 (ELAPSED 00:00:39 )
-------------------------------------------------------------------------------------------------------------
	 #1 (1.3098e-02, 9.2282e-03): lin 1 (0.0e+00)
Composition correction applied in 6 block(s)
	 #2 (1.5630e-03, 8.4185e-06): lin 1 (0.0e+00)
Composition correction applied in 6 block(s)
-------------------------------------------------------------------------------------------------------------
 T = 450.047, DT = 1, NI = 2, LI = 2, RES = 1.8e-06 (6.4e-07), CFL=0.344 (ELAPSED 00:00:39 )
-------------------------------------------------------------------------------------------------------------
	 #1 (1.4680e-02, 7.2793e-04): lin 1 (0.0e+00)
Composition correction applied in 6 block(s)
	 #2 (7.8194e-04, 6.6060e-06): lin 1 (0.0e+00)
Composition correction applied in 6 block(s)
-------------------------------------------------------------------------------------------------------------
 T = 451.047, DT = 1, NI = 2, LI = 2, RES = 6.3e-06 (8.6e-06), CFL=0.326 (ELAPSED 00:00:39 )
-------------------------------------------------------------------------------------------------------------
	 #1 (1.4785e-02, 4.9063e-03): lin 1 (0.0e+00)
Composition correction applied in 6 block(s)
	 #2 (4.1420e-03, 5.0810e-06): lin 1 (0.0e+00)
Composition correction applied in 6 block(s)
	 #3 (4.1561e-05, 3.5835e-06): lin 1 (0.0e+00)
Composition correction applied in 6 block(s)
-------------------------------------------------------------------------------------------------------------
 T = 452.047, DT = 1, NI = 3, LI = 3, RES = 7.1e-09 (7.2e-06), CFL=0.328 (ELAPSED 00:00:39 )
-------------------------------------------------------------------------------------------------------------
	 #1 (1.2414e-02, 1.5150e-04): lin 1 (0.0e+00)
Composition correction applied in 6 block(s)
	 #2 (8.8375e-04, 9.5565e-07): lin 1 (0.0e+00)
Composition correction applied in 6 block(s)
-------------------------------------------------------------------------------------------------------------
 T = 453.047, DT = 1, NI = 2, LI = 2, RES = 2.8e-06 (3.2e-06), CFL=0.354 (ELAPSED 00:00:39 )
-------------------------------------------------------------------------------------------------------------
	 #1 (1.3676e-02, 5.5475e-03): lin 1 (0.0e+00)
Composition correction applied in 6 block(s)
	 #2 (1.6286e-03, 3.0082e-06): lin 1 (0.0e+00)
Composition correction applied in 6 block(s)
	 #3 (2.8056e-05, 2.7919e-06): lin 1 (0.0e+00)
Composition correction applied in 6 block(s)
-------------------------------------------------------------------------------------------------------------
 T = 454.047, DT = 1, NI = 3, LI = 3, RES = 8.6e-09 (2.0e-06), CFL=0.338 (ELAPSED 00:00:39 )
-------------------------------------------------------------------------------------------------------------
	 #1 (1.4683e-02, 2.1253e-03): lin 1 (0.0e+00)
Composition correction applied in 6 block(s)
	 #2 (9.6942e-04, 1.6962e-06): lin 1 (0.0e+00)
Composition correction applied in 6 block(s)
	 #3 (1.8298e-05, 4.3507e-06): lin 1 (0.0e+00)
Composition correction applied in 6 block(s)
-------------------------------------------------------------------------------------------------------------
 T = 455.047, DT = 1, NI = 3, LI = 3, RES = 1.9e-09 (2.1e-06), CFL=0.319 (ELAPSED 00:00:39 )
-------------------------------------------------------------------------------------------------------------
	 #1 (1.4472e-02, 5.3350e-03): lin 1 (0.0e+00)
Composition correction applied in 6 block(s)
	 #2 (7.0111e-03, 2.0111e-06): lin 1 (0.0e+00)
Composition correction applied in 6 block(s)
	 #3 (1.3625e-04, 5.9960e-06): lin 1 (0.0e+00)
Composition correction applied in 6 block(s)
-------------------------------------------------------------------------------------------------------------
 T = 456.047, DT = 1, NI = 3, LI = 3, RES = 7.7e-08 (1.2e-05), CFL=0.337 (ELAPSED 00:00:39 )
-------------------------------------------------------------------------------------------------------------
	 #1 (1.1756e-02, 3.8754e-03): lin 1 (0.0e+00)
Composition correction applied in 6 block(s)
	 #2 (9.6688e-04, 9.0966e-06): lin 1 (0.0e+00)
Composition correction applied in 6 block(s)
-------------------------------------------------------------------------------------------------------------
 T = 457.047, DT = 1, NI = 2, LI = 2, RES = 2.4e-06 (6.3e-06), CFL=0.347 (ELAPSED 00:00:39 )
-------------------------------------------------------------------------------------------------------------
	 #1 (1.3965e-02, 2.5269e-03): lin 1 (0.0e+00)
Composition correction applied in 6 block(s)
	 #2 (5.9217e-04, 4.6832e-06): lin 1 (0.0e+00)
Composition correction applied in 6 block(s)
-------------------------------------------------------------------------------------------------------------
 T = 458.047, DT = 1, NI = 2, LI = 2, RES = 2.1e-07 (9.3e-07), CFL=0.330 (ELAPSED 00:00:39 )
-------------------------------------------------------------------------------------------------------------
	 #1 (1.4578e-02, 3.4129e-03): lin 1 (0.0e+00)
Composition correction applied in 6 block(s)
	 #2 (1.1366e-03, 2.3049e-06): lin 1 (0.0e+00)
Composition correction applied in 6 block(s)
	 #3 (3.1302e-05, 1.2631e-05): lin 1 (0.0e+00)
Composition correction applied in 6 block(s)
-------------------------------------------------------------------------------------------------------------
 T = 459.047, DT = 1, NI = 3, LI = 3, RES = 5.9e-09 (9.7e-06), CFL=0.313 (ELAPSED 00:00:40 )
-------------------------------------------------------------------------------------------------------------
	 #1 (1.4125e-02, 4.9730e-03): lin 1 (0.0e+00)
Composition correction applied in 6 block(s)
	 #2 (9.4835e-03, 1.0296e-05): lin 1 (0.0e+00)
Composition correction applied in 6 block(s)
	 #3 (2.8028e-04, 5.0977e-06): lin 1 (0.0e+00)
Composition correction applied in 6 block(s)
-------------------------------------------------------------------------------------------------------------
 T = 460.047, DT = 1, NI = 3, LI = 3, RES = 3.3e-07 (2.7e-06), CFL=0.348 (ELAPSED 00:00:40 )
-------------------------------------------------------------------------------------------------------------
	 #1 (1.2231e-02, 7.6869e-03): lin 1 (0.0e+00)
Composition correction applied in 6 block(s)
	 #2 (1.2806e-03, 2.4400e-06): lin 1 (0.0e+00)
Composition correction applied in 6 block(s)
-------------------------------------------------------------------------------------------------------------
 T = 461.047, DT = 1, NI = 2, LI = 2, RES = 1.7e-06 (1.0e-06), CFL=0.343 (ELAPSED 00:00:40 )
-------------------------------------------------------------------------------------------------------------
	 #1 (1.4261e-02, 5.1711e-04): lin 1 (0.0e+00)
Composition correction applied in 6 block(s)
	 #2 (6.6923e-04, 1.5925e-06): lin 1 (0.0e+00)
Composition correction applied in 6 block(s)
-------------------------------------------------------------------------------------------------------------
 T = 462.047, DT = 1, NI = 2, LI = 2, RES = 2.1e-06 (1.0e-05), CFL=0.327 (ELAPSED 00:00:40 )
-------------------------------------------------------------------------------------------------------------
	 #1 (1.4564e-02, 4.1769e-03): lin 1 (0.0e+00)
Composition correction applied in 6 block(s)
	 #2 (2.2998e-03, 1.3832e-06): lin 1 (0.0e+00)
Composition correction applied in 6 block(s)
	 #3 (1.1220e-05, 4.8543e-06): lin 1 (0.0e+00)
Composition correction applied in 6 block(s)
-------------------------------------------------------------------------------------------------------------
 T = 463.047, DT = 1, NI = 3, LI = 3, RES = 5.2e-10 (1.0e-05), CFL=0.319 (ELAPSED 00:00:40 )
-------------------------------------------------------------------------------------------------------------
	 #1 (1.3032e-02, 2.5859e-03): lin 1 (0.0e+00)
Composition correction applied in 6 block(s)
	 #2 (9.3069e-04, 1.2474e-05): lin 1 (0.0e+00)
Composition correction applied in 6 block(s)
-------------------------------------------------------------------------------------------------------------
 T = 464.047, DT = 1, NI = 2, LI = 2, RES = 3.0e-06 (2.3e-06), CFL=0.354 (ELAPSED 00:00:40 )
-------------------------------------------------------------------------------------------------------------
	 #1 (1.3111e-02, 7.2820e-03): lin 1 (0.0e+00)
Composition correction applied in 6 block(s)
	 #2 (1.7373e-03, 1.1573e-06): lin 1 (0.0e+00)
Composition correction applied in 6 block(s)
-------------------------------------------------------------------------------------------------------------
 T = 465.047, DT = 1, NI = 2, LI = 2, RES = 2.2e-06 (8.5e-06), CFL=0.341 (ELAPSED 00:00:40 )
-------------------------------------------------------------------------------------------------------------
	 #1 (1.4405e-02, 1.1257e-03): lin 1 (0.0e+00)
Composition correction applied in 6 block(s)
	 #2 (8.3798e-04, 7.7641e-06): lin 1 (0.0e+00)
Composition correction applied in 6 block(s)
	 #3 (1.0146e-05, 8.1612e-06): lin 1 (0.0e+00)
Composition correction applied in 6 block(s)
-------------------------------------------------------------------------------------------------------------
 T = 466.047, DT = 1, NI = 3, LI = 3, RES = 6.1e-10 (3.1e-06), CFL=0.323 (ELAPSED 00:00:40 )
-------------------------------------------------------------------------------------------------------------
	 #1 (1.4442e-02, 4.6780e-03): lin 1 (0.0e+00)
Composition correction applied in 6 block(s)
	 #2 (5.2250e-03, 1.2944e-06): lin 1 (0.0e+00)
Composition correction applied in 6 block(s)
	 #3 (7.0810e-05, 6.1432e-06): lin 1 (0.0e+00)
Composition correction applied in 6 block(s)
-------------------------------------------------------------------------------------------------------------
 T = 467.047, DT = 1, NI = 3, LI = 3, RES = 2.1e-08 (4.6e-06), CFL=0.332 (ELAPSED 00:00:40 )
-------------------------------------------------------------------------------------------------------------
	 #1 (1.1840e-02, 1.5703e-03): lin 1 (0.0e+00)
Composition correction applied in 6 block(s)
	 #2 (8.7756e-04, 5.0590e-06): lin 1 (0.0e+00)
Composition correction applied in 6 block(s)
-------------------------------------------------------------------------------------------------------------
 T = 468.047, DT = 1, NI = 2, LI = 2, RES = 2.6e-06 (7.2e-06), CFL=0.352 (ELAPSED 00:00:40 )
-------------------------------------------------------------------------------------------------------------
	 #1 (1.3613e-02, 4.2312e-03): lin 1 (0.0e+00)
Composition correction applied in 6 block(s)
	 #2 (6.0320e-04, 5.7256e-06): lin 1 (0.0e+00)
Composition correction applied in 6 block(s)
-------------------------------------------------------------------------------------------------------------
 T = 469.047, DT = 1, NI = 2, LI = 2, RES = 1.9e-07 (9.4e-06), CFL=0.335 (ELAPSED 00:00:40 )
-------------------------------------------------------------------------------------------------------------
	 #1 (1.4463e-02, 2.4547e-03): lin 1 (0.0e+00)
Composition correction applied in 6 block(s)
	 #2 (1.0281e-03, 2.6888e-06): lin 1 (0.0e+00)
Composition correction applied in 6 block(s)
	 #3 (2.2815e-05, 3.9565e-06): lin 1 (0.0e+00)
Composition correction applied in 6 block(s)
-------------------------------------------------------------------------------------------------------------
 T = 470.047, DT = 1, NI = 3, LI = 3, RES = 3.1e-09 (8.7e-07), CFL=0.318 (ELAPSED 00:00:40 )
-------------------------------------------------------------------------------------------------------------
	 #1 (1.4192e-02, 4.7870e-03): lin 1 (0.0e+00)
Composition correction applied in 6 block(s)
	 #2 (8.0244e-03, 2.2071e-07): lin 1 (0.0e+00)
Composition correction applied in 6 block(s)
	 #3 (1.8922e-04, 9.3082e-06): lin 1 (0.0e+00)
Composition correction applied in 6 block(s)
-------------------------------------------------------------------------------------------------------------
 T = 471.047, DT = 1, NI = 3, LI = 3, RES = 1.5e-07 (4.0e-06), CFL=0.343 (ELAPSED 00:00:40 )
-------------------------------------------------------------------------------------------------------------
	 #1 (1.1745e-02, 5.4353e-03): lin 1 (0.0e+00)
Composition correction applied in 6 block(s)
	 #2 (1.0757e-03, 8.7716e-06): lin 1 (0.0e+00)
Composition correction applied in 6 block(s)
-------------------------------------------------------------------------------------------------------------
 T = 472.047, DT = 1, NI = 2, LI = 2, RES = 2.1e-06 (1.2e-05), CFL=0.347 (ELAPSED 00:00:40 )
-------------------------------------------------------------------------------------------------------------
	 #1 (1.3987e-02, 1.6356e-03): lin 1 (0.0e+00)
Composition correction applied in 6 block(s)
	 #2 (6.1139e-04, 3.9089e-06): lin 1 (0.0e+00)
Composition correction applied in 6 block(s)
-------------------------------------------------------------------------------------------------------------
 T = 473.047, DT = 1, NI = 2, LI = 2, RES = 2.2e-07 (5.6e-06), CFL=0.330 (ELAPSED 00:00:41 )
-------------------------------------------------------------------------------------------------------------
	 #1 (1.4467e-02, 3.5950e-03): lin 1 (0.0e+00)
Composition correction applied in 7 block(s)
	 #2 (8.7442e-04, 6.1659e-06): lin 1 (0.0e+00)
Composition correction applied in 7 block(s)
-------------------------------------------------------------------------------------------------------------
 T = 474.047, DT = 1, NI = 2, LI = 2, RES = 1.1e-06 (5.2e-06), CFL=0.314 (ELAPSED 00:00:41 )
-------------------------------------------------------------------------------------------------------------
	 #1 (1.3818e-02, 4.5602e-03): lin 1 (0.0e+00)
Composition correction applied in 7 block(s)
	 #2 (1.0192e-03, 7.9735e-06): lin 1 (0.0e+00)
Composition correction applied in 7 block(s)
-------------------------------------------------------------------------------------------------------------
 T = 475.047, DT = 1, NI = 2, LI = 2, RES = 3.7e-06 (7.6e-06), CFL=0.356 (ELAPSED 00:00:41 )
-------------------------------------------------------------------------------------------------------------
	 #1 (1.2686e-02, 8.4477e-03): lin 1 (0.0e+00)
Composition correction applied in 7 block(s)
	 #2 (1.5016e-03, 2.3735e-06): lin 1 (0.0e+00)
Composition correction applied in 7 block(s)
-------------------------------------------------------------------------------------------------------------
 T = 476.047, DT = 1, NI = 2, LI = 2, RES = 1.7e-06 (3.8e-06), CFL=0.344 (ELAPSED 00:00:41 )
-------------------------------------------------------------------------------------------------------------
	 #1 (1.4253e-02, 5.5737e-04): lin 1 (0.0e+00)
Composition correction applied in 7 block(s)
	 #2 (7.5152e-04, 4.1948e-07): lin 1 (0.0e+00)
Composition correction applied in 7 block(s)
-------------------------------------------------------------------------------------------------------------
 T = 477.047, DT = 1, NI = 2, LI = 2, RES = 5.6e-06 (1.2e-05), CFL=0.326 (ELAPSED 00:00:41 )
-------------------------------------------------------------------------------------------------------------
	 #1 (1.4386e-02, 4.4519e-03): lin 1 (0.0e+00)
Composition correction applied in 7 block(s)
	 #2 (3.9459e-03, 2.5521e-06): lin 1 (0.0e+00)
Composition correction applied in 7 block(s)
	 #3 (3.8079e-05, 1.2976e-05): lin 1 (0.0e+00)
Composition correction applied in 7 block(s)
-------------------------------------------------------------------------------------------------------------
 T = 478.047, DT = 1, NI = 3, LI = 3, RES = 6.0e-09 (5.4e-06), CFL=0.328 (ELAPSED 00:00:41 )
-------------------------------------------------------------------------------------------------------------
	 #1 (1.2114e-02, 3.0927e-04): lin 1 (0.0e+00)
Composition correction applied in 7 block(s)
	 #2 (8.5489e-04, 7.1941e-06): lin 1 (0.0e+00)
Composition correction applied in 7 block(s)
-------------------------------------------------------------------------------------------------------------
 T = 479.047, DT = 1, NI = 2, LI = 2, RES = 2.7e-06 (2.4e-06), CFL=0.354 (ELAPSED 00:00:41 )
-------------------------------------------------------------------------------------------------------------
	 #1 (1.3265e-02, 5.1480e-03): lin 1 (0.0e+00)
Composition correction applied in 7 block(s)
	 #2 (6.0343e-04, 2.2309e-06): lin 1 (0.0e+00)
Composition correction applied in 7 block(s)
-------------------------------------------------------------------------------------------------------------
 T = 480.047, DT = 1, NI = 2, LI = 2, RES = 1.8e-07 (4.5e-06), CFL=0.338 (ELAPSED 00:00:41 )
-------------------------------------------------------------------------------------------------------------
	 #1 (1.4271e-02, 1.8448e-03): lin 1 (0.0e+00)
Composition correction applied in 7 block(s)
	 #2 (9.3679e-04, 6.0691e-06): lin 1 (0.0e+00)
Composition correction applied in 7 block(s)
	 #3 (1.6762e-05, 7.1464e-07): lin 1 (0.0e+00)
Composition correction applied in 7 block(s)
-------------------------------------------------------------------------------------------------------------
 T = 481.047, DT = 1, NI = 3, LI = 3, RES = 1.7e-09 (2.6e-06), CFL=0.320 (ELAPSED 00:00:41 )
-------------------------------------------------------------------------------------------------------------
	 #1 (1.4141e-02, 4.6011e-03): lin 1 (0.0e+00)
Composition correction applied in 7 block(s)
	 #2 (6.8371e-03, 3.9237e-06): lin 1 (0.0e+00)
Composition correction applied in 7 block(s)
	 #3 (1.3188e-04, 5.2150e-06): lin 1 (0.0e+00)
Composition correction applied in 7 block(s)
-------------------------------------------------------------------------------------------------------------
 T = 482.047, DT = 1, NI = 3, LI = 3, RES = 7.2e-08 (1.3e-06), CFL=0.339 (ELAPSED 00:00:41 )
-------------------------------------------------------------------------------------------------------------
	 #1 (1.1499e-02, 3.6887e-03): lin 1 (0.0e+00)
Composition correction applied in 7 block(s)
	 #2 (9.5771e-04, 4.8807e-06): lin 1 (0.0e+00)
Composition correction applied in 7 block(s)
-------------------------------------------------------------------------------------------------------------
 T = 483.047, DT = 1, NI = 2, LI = 2, RES = 2.4e-06 (1.0e-05), CFL=0.349 (ELAPSED 00:00:41 )
-------------------------------------------------------------------------------------------------------------
	 #1 (1.3669e-02, 2.5103e-03): lin 1 (0.0e+00)
Composition correction applied in 7 block(s)
	 #2 (5.8796e-04, 1.8399e-06): lin 1 (0.0e+00)
Composition correction applied in 7 block(s)
-------------------------------------------------------------------------------------------------------------
 T = 484.047, DT = 1, NI = 2, LI = 2, RES = 2.0e-07 (1.1e-05), CFL=0.333 (ELAPSED 00:00:41 )
-------------------------------------------------------------------------------------------------------------
	 #1 (1.4298e-02, 3.0614e-03): lin 1 (0.0e+00)
Composition correction applied in 7 block(s)
	 #2 (1.1306e-03, 1.1849e-06): lin 1 (0.0e+00)
Composition correction applied in 7 block(s)
	 #3 (3.1484e-05, 1.0939e-05): lin 1 (0.0e+00)
Composition correction applied in 7 block(s)
-------------------------------------------------------------------------------------------------------------
 T = 485.047, DT = 1, NI = 3, LI = 3, RES = 6.0e-09 (5.2e-06), CFL=0.315 (ELAPSED 00:00:41 )
-------------------------------------------------------------------------------------------------------------
	 #1 (1.3856e-02, 4.5861e-03): lin 1 (0.0e+00)
Composition correction applied in 7 block(s)
	 #2 (9.5173e-03, 2.0049e-06): lin 1 (0.0e+00)
Composition correction applied in 7 block(s)
	 #3 (2.9085e-04, 3.9521e-06): lin 1 (0.0e+00)
Composition correction applied in 7 block(s)
-------------------------------------------------------------------------------------------------------------
 T = 486.047, DT = 1, NI = 3, LI = 3, RES = 3.5e-07 (2.7e-06), CFL=0.351 (ELAPSED 00:00:41 )
-------------------------------------------------------------------------------------------------------------
	 #1 (1.2067e-02, 7.1621e-03): lin 1 (0.0e+00)
Composition correction applied in 7 block(s)
	 #2 (1.3073e-03, 4.5172e-06): lin 1 (0.0e+00)
Composition correction applied in 7 block(s)
-------------------------------------------------------------------------------------------------------------
 T = 487.047, DT = 1, NI = 2, LI = 2, RES = 1.7e-06 (3.2e-06), CFL=0.345 (ELAPSED 00:00:41 )
-------------------------------------------------------------------------------------------------------------
	 #1 (1.3981e-02, 2.4363e-04): lin 1 (0.0e+00)
Composition correction applied in 7 block(s)
	 #2 (6.7735e-04, 2.1319e-06): lin 1 (0.0e+00)
Composition correction applied in 7 block(s)
-------------------------------------------------------------------------------------------------------------
 T = 488.047, DT = 1, NI = 2, LI = 2, RES = 2.7e-06 (5.9e-07), CFL=0.328 (ELAPSED 00:00:42 )
-------------------------------------------------------------------------------------------------------------
	 #1 (1.4249e-02, 3.9645e-03): lin 1 (0.0e+00)
Composition correction applied in 7 block(s)
	 #2 (2.7466e-03, 3.4563e-06): lin 1 (0.0e+00)
Composition correction applied in 7 block(s)
	 #3 (1.7067e-05, 1.5183e-06): lin 1 (0.0e+00)
Composition correction applied in 7 block(s)
-------------------------------------------------------------------------------------------------------------
 T = 489.047, DT = 1, NI = 3, LI = 3, RES = 1.2e-09 (4.7e-06), CFL=0.323 (ELAPSED 00:00:42 )
-------------------------------------------------------------------------------------------------------------
	 #1 (1.2497e-02, 1.8388e-03): lin 1 (0.0e+00)
Composition correction applied in 7 block(s)
	 #2 (8.7204e-04, 5.2920e-06): lin 1 (0.0e+00)
Composition correction applied in 7 block(s)
-------------------------------------------------------------------------------------------------------------
 T = 490.047, DT = 1, NI = 2, LI = 2, RES = 6.3e-06 (2.7e-06), CFL=0.355 (ELAPSED 00:00:42 )
-------------------------------------------------------------------------------------------------------------
	 #1 (1.2895e-02, 6.0080e-03): lin 1 (0.0e+00)
Composition correction applied in 7 block(s)
	 #2 (6.0206e-04, 9.5822e-06): lin 1 (0.0e+00)
Composition correction applied in 7 block(s)
-------------------------------------------------------------------------------------------------------------
 T = 491.047, DT = 1, NI = 2, LI = 2, RES = 1.8e-07 (6.4e-06), CFL=0.340 (ELAPSED 00:00:42 )
-------------------------------------------------------------------------------------------------------------
	 #1 (1.4051e-02, 1.2272e-03): lin 1 (0.0e+00)
Composition correction applied in 7 block(s)
	 #2 (8.4995e-04, 1.0826e-05): lin 1 (0.0e+00)
Composition correction applied in 7 block(s)
	 #3 (1.1482e-05, 2.7252e-06): lin 1 (0.0e+00)
Composition correction applied in 7 block(s)
-------------------------------------------------------------------------------------------------------------
 T = 492.047, DT = 1, NI = 3, LI = 3, RES = 7.9e-10 (1.2e-06), CFL=0.323 (ELAPSED 00:00:42 )
-------------------------------------------------------------------------------------------------------------
	 #1 (1.4067e-02, 4.3577e-03): lin 1 (0.0e+00)
Composition correction applied in 7 block(s)
	 #2 (5.6700e-03, 7.6771e-07): lin 1 (0.0e+00)
Composition correction applied in 7 block(s)
	 #3 (8.6754e-05, 6.9413e-06): lin 1 (0.0e+00)
Composition correction applied in 7 block(s)
-------------------------------------------------------------------------------------------------------------
 T = 493.047, DT = 1, NI = 3, LI = 3, RES = 3.1e-08 (3.1e-06), CFL=0.334 (ELAPSED 00:00:42 )
-------------------------------------------------------------------------------------------------------------
	 #1 (1.1443e-02, 2.0786e-03): lin 1 (0.0e+00)
Composition correction applied in 7 block(s)
	 #2 (8.7624e-04, 5.9099e-06): lin 1 (0.0e+00)
Composition correction applied in 7 block(s)
-------------------------------------------------------------------------------------------------------------
 T = 494.047, DT = 1, NI = 2, LI = 2, RES = 2.4e-06 (8.0e-06), CFL=0.351 (ELAPSED 00:00:42 )
-------------------------------------------------------------------------------------------------------------
	 #1 (1.3341e-02, 3.3545e-03): lin 1 (0.0e+00)
Composition correction applied in 7 block(s)
	 #2 (5.8599e-04, 7.7186e-06): lin 1 (0.0e+00)
Composition correction applied in 7 block(s)
-------------------------------------------------------------------------------------------------------------
 T = 495.047, DT = 1, NI = 2, LI = 2, RES = 1.8e-07 (1.2e-05), CFL=0.335 (ELAPSED 00:00:42 )
-------------------------------------------------------------------------------------------------------------
	 #1 (1.4110e-02, 2.4591e-03): lin 1 (0.0e+00)
Composition correction applied in 7 block(s)
	 #2 (1.0400e-03, 2.0192e-06): lin 1 (0.0e+00)
Composition correction applied in 7 block(s)
	 #3 (2.4888e-05, 1.0106e-06): lin 1 (0.0e+00)
Composition correction applied in 7 block(s)
-------------------------------------------------------------------------------------------------------------
 T = 496.047, DT = 1, NI = 3, LI = 3, RES = 3.8e-09 (2.1e-06), CFL=0.317 (ELAPSED 00:00:42 )
-------------------------------------------------------------------------------------------------------------
	 #1 (1.3798e-02, 4.4256e-03): lin 1 (0.0e+00)
Composition correction applied in 7 block(s)
	 #2 (8.4054e-03, 8.1296e-06): lin 1 (0.0e+00)
Composition correction applied in 7 block(s)
	 #3 (2.1543e-04, 1.5462e-05): lin 1 (0.0e+00)
Composition correction applied in 7 block(s)
-------------------------------------------------------------------------------------------------------------
 T = 497.047, DT = 1, NI = 3, LI = 3, RES = 1.9e-07 (1.4e-06), CFL=0.346 (ELAPSED 00:00:42 )
-------------------------------------------------------------------------------------------------------------
	 #1 (1.1563e-02, 5.5860e-03): lin 1 (0.0e+00)
Composition correction applied in 7 block(s)
	 #2 (1.1382e-03, 9.6074e-07): lin 1 (0.0e+00)
Composition correction applied in 7 block(s)
-------------------------------------------------------------------------------------------------------------
 T = 498.047, DT = 1, NI = 2, LI = 2, RES = 1.9e-06 (2.0e-06), CFL=0.346 (ELAPSED 00:00:42 )
-------------------------------------------------------------------------------------------------------------
	 #1 (1.3687e-02, 1.0654e-03): lin 1 (0.0e+00)
Composition correction applied in 7 block(s)
	 #2 (6.1774e-04, 1.2306e-06): lin 1 (0.0e+00)
Composition correction applied in 7 block(s)
-------------------------------------------------------------------------------------------------------------
 T = 499.047, DT = 1, NI = 2, LI = 2, RES = 7.0e-07 (9.7e-06), CFL=0.330 (ELAPSED 00:00:42 )
-------------------------------------------------------------------------------------------------------------
	 #1 (1.4099e-02, 3.4456e-03): lin 1 (0.0e+00)
Composition correction applied in 7 block(s)
	 #2 (1.5490e-03, 9.0604e-06): lin 1 (0.0e+00)
Composition correction applied in 7 block(s)
-------------------------------------------------------------------------------------------------------------
 T = 500.047, DT = 1, NI = 2, LI = 2, RES = 4.6e-06 (9.2e-06), CFL=0.318 (ELAPSED 00:00:42 )
-------------------------------------------------------------------------------------------------------------
	 #1 (1.3032e-02, 3.2886e-03): lin 1 (0.0e+00)
Composition correction applied in 7 block(s)
	 #2 (9.3866e-04, 6.9879e-06): lin 1 (0.0e+00)
Composition correction applied in 7 block(s)
-------------------------------------------------------------------------------------------------------------
 T = 501.047, DT = 1, NI = 2, LI = 2, RES = 3.1e-06 (3.5e-06), CFL=0.355 (ELAPSED 00:00:42 )
-------------------------------------------------------------------------------------------------------------
	 #1 (1.2484e-02, 6.9351e-03): lin 1 (0.0e+00)
Composition correction applied in 7 block(s)
	 #2 (1.5706e-03, 6.5460e-06): lin 1 (0.0e+00)
Composition correction applied in 7 block(s)
-------------------------------------------------------------------------------------------------------------
 T = 502.047, DT = 1, NI = 2, LI = 2, RES = 1.9e-06 (6.2e-06), CFL=0.342 (ELAPSED 00:00:43 )
-------------------------------------------------------------------------------------------------------------
	 #1 (1.3879e-02, 7.3519e-04): lin 1 (0.0e+00)
Composition correction applied in 7 block(s)
	 #2 (7.6843e-04, 4.7126e-06): lin 1 (0.0e+00)
Composition correction applied in 7 block(s)
-------------------------------------------------------------------------------------------------------------
 T = 503.047, DT = 1, NI = 2, LI = 2, RES = 7.2e-06 (4.9e-06), CFL=0.325 (ELAPSED 00:00:43 )
-------------------------------------------------------------------------------------------------------------
	 #1 (1.3986e-02, 4.0825e-03): lin 1 (0.0e+00)
Composition correction applied in 7 block(s)
	 #2 (4.5223e-03, 6.5331e-06): lin 1 (0.0e+00)
Composition correction applied in 7 block(s)
	 #3 (5.2517e-05, 8.6532e-07): lin 1 (0.0e+00)
Composition correction applied in 7 block(s)
-------------------------------------------------------------------------------------------------------------
 T = 504.047, DT = 1, NI = 3, LI = 3, RES = 1.1e-08 (1.1e-05), CFL=0.330 (ELAPSED 00:00:43 )
-------------------------------------------------------------------------------------------------------------
	 #1 (1.1574e-02, 5.4360e-04): lin 1 (0.0e+00)
Composition correction applied in 7 block(s)
	 #2 (8.3112e-04, 2.4188e-06): lin 1 (0.0e+00)
Composition correction applied in 7 block(s)
-------------------------------------------------------------------------------------------------------------
 T = 505.047, DT = 1, NI = 2, LI = 2, RES = 2.5e-06 (8.6e-06), CFL=0.352 (ELAPSED 00:00:43 )
-------------------------------------------------------------------------------------------------------------
	 #1 (1.3008e-02, 4.1061e-03): lin 1 (0.0e+00)
Composition correction applied in 7 block(s)
	 #2 (5.8441e-04, 3.1984e-06): lin 1 (0.0e+00)
Composition correction applied in 7 block(s)
	 #3 (1.3392e-04, 6.6236e-06): lin 1 (0.0e+00)
Composition correction applied in 7 block(s)
-------------------------------------------------------------------------------------------------------------
 T = 506.047, DT = 1, NI = 3, LI = 3, RES = 3.2e-07 (4.1e-06), CFL=0.337 (ELAPSED 00:00:43 )
-------------------------------------------------------------------------------------------------------------
	 #1 (1.3918e-02, 1.9107e-03): lin 1 (0.0e+00)
Composition correction applied in 7 block(s)
	 #2 (9.5999e-04, 9.1083e-08): lin 1 (0.0e+00)
Composition correction applied in 7 block(s)
	 #3 (1.9815e-05, 4.4221e-06): lin 1 (0.0e+00)
Composition correction applied in 7 block(s)
-------------------------------------------------------------------------------------------------------------
 T = 507.047, DT = 1, NI = 3, LI = 3, RES = 2.2e-09 (7.9e-06), CFL=0.319 (ELAPSED 00:00:43 )
-------------------------------------------------------------------------------------------------------------
	 #1 (1.3732e-02, 4.2840e-03): lin 1 (0.0e+00)
Composition correction applied in 7 block(s)
	 #2 (7.2705e-03, 9.9740e-06): lin 1 (0.0e+00)
Composition correction applied in 7 block(s)
	 #3 (1.5372e-04, 1.9283e-06): lin 1 (0.0e+00)
Composition correction applied in 7 block(s)
-------------------------------------------------------------------------------------------------------------
 T = 508.047, DT = 1, NI = 3, LI = 3, RES = 9.8e-08 (5.0e-07), CFL=0.340 (ELAPSED 00:00:43 )
-------------------------------------------------------------------------------------------------------------
	 #1 (1.1189e-02, 3.8160e-03): lin 1 (0.0e+00)
Composition correction applied in 7 block(s)
	 #2 (9.6765e-04, 5.9176e-07): lin 1 (0.0e+00)
Composition correction applied in 7 block(s)
-------------------------------------------------------------------------------------------------------------
 T = 509.047, DT = 1, NI = 2, LI = 2, RES = 2.1e-06 (5.5e-06), CFL=0.346 (ELAPSED 00:00:43 )
-------------------------------------------------------------------------------------------------------------
	 #1 (1.3302e-02, 1.6098e-03): lin 1 (0.0e+00)
Composition correction applied in 7 block(s)
	 #2 (5.6234e-04, 6.0341e-06): lin 1 (0.0e+00)
Composition correction applied in 7 block(s)
-------------------------------------------------------------------------------------------------------------
 T = 510.047, DT = 1, NI = 2, LI = 2, RES = 1.8e-07 (3.8e-07), CFL=0.329 (ELAPSED 00:00:43 )
-------------------------------------------------------------------------------------------------------------
	 #1 (1.3841e-02, 3.0693e-03): lin 1 (0.0e+00)
Composition correction applied in 7 block(s)
	 #2 (9.0744e-04, 6.8586e-06): lin 1 (0.0e+00)
Composition correction applied in 7 block(s)
	 #3 (2.9305e-05, 3.9333e-06): lin 1 (0.0e+00)
Composition correction applied in 7 block(s)
-------------------------------------------------------------------------------------------------------------
 T = 511.047, DT = 1, NI = 3, LI = 3, RES = 5.4e-09 (9.4e-06), CFL=0.313 (ELAPSED 00:00:43 )
-------------------------------------------------------------------------------------------------------------
	 #1 (1.3375e-02, 4.2450e-03): lin 1 (0.0e+00)
Composition correction applied in 7 block(s)
	 #2 (9.5940e-03, 2.8370e-06): lin 1 (0.0e+00)
Composition correction applied in 7 block(s)
	 #3 (3.0254e-04, 6.1708e-06): lin 1 (0.0e+00)
Composition correction applied in 7 block(s)
-------------------------------------------------------------------------------------------------------------
 T = 512.047, DT = 1, NI = 3, LI = 3, RES = 3.8e-07 (7.2e-06), CFL=0.350 (ELAPSED 00:00:43 )
-------------------------------------------------------------------------------------------------------------
	 #1 (1.1800e-02, 6.9067e-03): lin 1 (0.0e+00)
Composition correction applied in 7 block(s)
	 #2 (1.2981e-03, 2.2207e-06): lin 1 (0.0e+00)
Composition correction applied in 7 block(s)
-------------------------------------------------------------------------------------------------------------
 T = 513.047, DT = 1, NI = 2, LI = 2, RES = 1.5e-06 (6.7e-06), CFL=0.342 (ELAPSED 00:00:43 )
-------------------------------------------------------------------------------------------------------------
	 #1 (1.3550e-02, 1.1560e-04): lin 1 (0.0e+00)
Composition correction applied in 7 block(s)
	 #2 (6.6326e-04, 1.6470e-07): lin 1 (0.0e+00)
Composition correction applied in 7 block(s)
-------------------------------------------------------------------------------------------------------------
 T = 514.047, DT = 1, NI = 2, LI = 2, RES = 2.9e-06 (4.2e-06), CFL=0.326 (ELAPSED 00:00:43 )
-------------------------------------------------------------------------------------------------------------
	 #1 (1.3807e-02, 3.5920e-03): lin 1 (0.0e+00)
Composition correction applied in 7 block(s)
	 #2 (2.8448e-03, 7.4732e-06): lin 1 (0.0e+00)
Composition correction applied in 7 block(s)
	 #3 (1.8816e-05, 8.9496e-06): lin 1 (0.0e+00)
Composition correction applied in 7 block(s)
-------------------------------------------------------------------------------------------------------------
 T = 515.047, DT = 1, NI = 3, LI = 3, RES = 1.5e-09 (1.7e-06), CFL=0.322 (ELAPSED 00:00:43 )
-------------------------------------------------------------------------------------------------------------
	 #1 (1.2037e-02, 1.4270e-03): lin 1 (0.0e+00)
Composition correction applied in 7 block(s)
	 #2 (8.2539e-04, 1.4377e-06): lin 1 (0.0e+00)
Composition correction applied in 7 block(s)
	 #3 (1.8213e-05, 7.3089e-07): lin 1 (0.0e+00)
Composition correction applied in 7 block(s)
-------------------------------------------------------------------------------------------------------------
 T = 516.047, DT = 1, NI = 3, LI = 3, RES = 3.5e-10 (5.6e-07), CFL=0.353 (ELAPSED 00:00:44 )
-------------------------------------------------------------------------------------------------------------
	 #1 (1.2516e-02, 5.3925e-03): lin 1 (0.0e+00)
Composition correction applied in 7 block(s)
	 #2 (5.8044e-04, 8.0456e-06): lin 1 (0.0e+00)
Composition correction applied in 7 block(s)
-------------------------------------------------------------------------------------------------------------
 T = 517.047, DT = 1, NI = 2, LI = 2, RES = 1.7e-07 (2.9e-06), CFL=0.339 (ELAPSED 00:00:44 )
-------------------------------------------------------------------------------------------------------------
	 #1 (1.3644e-02, 1.0311e-03): lin 1 (0.0e+00)
Composition correction applied in 7 block(s)
	 #2 (8.3009e-04, 7.7699e-06): lin 1 (0.0e+00)
Composition correction applied in 7 block(s)
	 #3 (1.1453e-05, 4.9237e-07): lin 1 (0.0e+00)
Composition correction applied in 7 block(s)
-------------------------------------------------------------------------------------------------------------
 T = 518.047, DT = 1, NI = 3, LI = 3, RES = 8.1e-10 (1.3e-06), CFL=0.322 (ELAPSED 00:00:44 )
-------------------------------------------------------------------------------------------------------------
	 #1 (1.3676e-02, 3.9205e-03): lin 1 (0.0e+00)
Composition correction applied in 7 block(s)
	 #2 (5.5747e-03, 8.4266e-06): lin 1 (0.0e+00)
Composition correction applied in 7 block(s)
	 #3 (8.4990e-05, 5.9872e-06): lin 1 (0.0e+00)
Composition correction applied in 7 block(s)
-------------------------------------------------------------------------------------------------------------
 T = 519.047, DT = 1, NI = 3, LI = 3, RES = 3.0e-08 (3.0e-06), CFL=0.334 (ELAPSED 00:00:44 )
-------------------------------------------------------------------------------------------------------------
	 #1 (1.1115e-02, 1.9595e-03): lin 1 (0.0e+00)
Composition correction applied in 7 block(s)
	 #2 (8.4726e-04, 1.0575e-05): lin 1 (0.0e+00)
Composition correction applied in 7 block(s)
-------------------------------------------------------------------------------------------------------------
 T = 520.047, DT = 1, NI = 2, LI = 2, RES = 2.3e-06 (7.0e-06), CFL=0.350 (ELAPSED 00:00:44 )
-------------------------------------------------------------------------------------------------------------
	 #1 (1.2966e-02, 3.0797e-03): lin 1 (0.0e+00)
Composition correction applied in 7 block(s)
	 #2 (5.6906e-04, 1.0152e-08): lin 1 (0.0e+00)
Composition correction applied in 7 block(s)
-------------------------------------------------------------------------------------------------------------
 T = 521.047, DT = 1, NI = 2, LI = 2, RES = 1.7e-07 (7.6e-06), CFL=0.334 (ELAPSED 00:00:44 )
-------------------------------------------------------------------------------------------------------------
	 #1 (1.3733e-02, 2.1798e-03): lin 1 (0.0e+00)
Composition correction applied in 7 block(s)
	 #2 (1.0126e-03, 3.5101e-06): lin 1 (0.0e+00)
Composition correction applied in 7 block(s)
	 #3 (2.4107e-05, 1.2739e-06): lin 1 (0.0e+00)
Composition correction applied in 7 block(s)
-------------------------------------------------------------------------------------------------------------
 T = 522.047, DT = 1, NI = 3, LI = 3, RES = 3.6e-09 (7.4e-06), CFL=0.317 (ELAPSED 00:00:44 )
-------------------------------------------------------------------------------------------------------------
	 #1 (1.3450e-02, 4.0201e-03): lin 1 (0.0e+00)
Composition correction applied in 7 block(s)
	 #2 (8.1962e-03, 8.6513e-06): lin 1 (0.0e+00)
Composition correction applied in 7 block(s)
	 #3 (2.0698e-04, 6.8348e-06): lin 1 (0.0e+00)
Composition correction applied in 7 block(s)
-------------------------------------------------------------------------------------------------------------
 T = 523.047, DT = 1, NI = 3, LI = 3, RES = 1.8e-07 (9.7e-06), CFL=0.345 (ELAPSED 00:00:44 )
-------------------------------------------------------------------------------------------------------------
	 #1 (1.1245e-02, 5.0671e-03): lin 1 (0.0e+00)
Composition correction applied in 7 block(s)
	 #2 (1.1029e-03, 3.8374e-07): lin 1 (0.0e+00)
Composition correction applied in 7 block(s)
-------------------------------------------------------------------------------------------------------------
 T = 524.047, DT = 1, NI = 2, LI = 2, RES = 1.9e-06 (3.5e-07), CFL=0.345 (ELAPSED 00:00:44 )
-------------------------------------------------------------------------------------------------------------
	 #1 (1.3317e-02, 1.0331e-03): lin 1 (0.0e+00)
Composition correction applied in 7 block(s)
	 #2 (6.0065e-04, 2.4903e-06): lin 1 (0.0e+00)
Composition correction applied in 7 block(s)
-------------------------------------------------------------------------------------------------------------
 T = 525.047, DT = 1, NI = 2, LI = 2, RES = 5.8e-07 (1.5e-06), CFL=0.330 (ELAPSED 00:00:44 )
-------------------------------------------------------------------------------------------------------------
	 #1 (1.3740e-02, 3.1195e-03): lin 1 (0.0e+00)
Composition correction applied in 7 block(s)
	 #2 (1.4798e-03, 4.0705e-06): lin 1 (0.0e+00)
Composition correction applied in 7 block(s)
-------------------------------------------------------------------------------------------------------------
 T = 526.047, DT = 1, NI = 2, LI = 2, RES = 4.3e-06 (1.5e-06), CFL=0.318 (ELAPSED 00:00:44 )
-------------------------------------------------------------------------------------------------------------
	 #1 (1.2736e-02, 3.0862e-03): lin 1 (0.0e+00)
Composition correction applied in 7 block(s)
	 #2 (9.0951e-04, 2.9480e-06): lin 1 (0.0e+00)
Composition correction applied in 7 block(s)
-------------------------------------------------------------------------------------------------------------
 T = 527.047, DT = 1, NI = 2, LI = 2, RES = 2.9e-06 (3.8e-06), CFL=0.354 (ELAPSED 00:00:44 )
-------------------------------------------------------------------------------------------------------------
	 #1 (1.2139e-02, 6.3612e-03): lin 1 (0.0e+00)
Composition correction applied in 7 block(s)
	 #2 (1.5209e-03, 1.8238e-06): lin 1 (0.0e+00)
Composition correction applied in 7 block(s)
-------------------------------------------------------------------------------------------------------------
 T = 528.047, DT = 1, NI = 2, LI = 2, RES = 1.8e-06 (2.7e-06), CFL=0.342 (ELAPSED 00:00:44 )
-------------------------------------------------------------------------------------------------------------
	 #1 (1.3520e-02, 5.7456e-04): lin 1 (0.0e+00)
Composition correction applied in 8 block(s)
	 #2 (7.4543e-04, 5.7397e-06): lin 1 (0.0e+00)
Composition correction applied in 8 block(s)
-------------------------------------------------------------------------------------------------------------
 T = 529.047, DT = 1, NI = 2, LI = 2, RES = 6.8e-06 (4.9e-06), CFL=0.325 (ELAPSED 00:00:44 )
-------------------------------------------------------------------------------------------------------------
	 #1 (1.3645e-02, 3.7372e-03): lin 1 (0.0e+00)
Composition correction applied in 8 block(s)
	 #2 (4.3727e-03, 5.3991e-08): lin 1 (0.0e+00)
Composition correction applied in 8 block(s)
	 #3 (4.9653e-05, 1.2520e-06): lin 1 (0.0e+00)
Composition correction applied in 8 block(s)
-------------------------------------------------------------------------------------------------------------
 T = 530.047, DT = 1, NI = 3, LI = 3, RES = 1.0e-08 (8.0e-06), CFL=0.330 (ELAPSED 00:00:45 )
-------------------------------------------------------------------------------------------------------------
	 #1 (1.1301e-02, 4.1606e-04): lin 1 (0.0e+00)
Composition correction applied in 8 block(s)
	 #2 (8.0547e-04, 6.3350e-07): lin 1 (0.0e+00)
Composition correction applied in 8 block(s)
-------------------------------------------------------------------------------------------------------------
 T = 531.047, DT = 1, NI = 2, LI = 2, RES = 2.3e-06 (7.4e-07), CFL=0.352 (ELAPSED 00:00:45 )
-------------------------------------------------------------------------------------------------------------
	 #1 (1.2662e-02, 3.8173e-03): lin 1 (0.0e+00)
Composition correction applied in 8 block(s)
	 #2 (5.6990e-04, 7.3582e-06): lin 1 (0.0e+00)
Composition correction applied in 8 block(s)
-------------------------------------------------------------------------------------------------------------
 T = 532.047, DT = 1, NI = 2, LI = 2, RES = 1.6e-07 (6.2e-06), CFL=0.337 (ELAPSED 00:00:45 )
-------------------------------------------------------------------------------------------------------------
	 #1 (1.3569e-02, 1.6814e-03): lin 1 (0.0e+00)
Composition correction applied in 8 block(s)
	 #2 (9.2569e-04, 1.2398e-06): lin 1 (0.0e+00)
Composition correction applied in 8 block(s)
	 #3 (1.8087e-05, 9.0310e-08): lin 1 (0.0e+00)
Composition correction applied in 8 block(s)
-------------------------------------------------------------------------------------------------------------
 T = 533.047, DT = 1, NI = 3, LI = 3, RES = 2.0e-09 (3.5e-06), CFL=0.320 (ELAPSED 00:00:45 )
-------------------------------------------------------------------------------------------------------------
	 #1 (1.3417e-02, 3.8795e-03): lin 1 (0.0e+00)
Composition correction applied in 8 block(s)
	 #2 (7.0923e-03, 7.4625e-07): lin 1 (0.0e+00)
Composition correction applied in 8 block(s)
	 #3 (1.4884e-04, 5.5739e-06): lin 1 (0.0e+00)
Composition correction applied in 8 block(s)
-------------------------------------------------------------------------------------------------------------
 T = 534.047, DT = 1, NI = 3, LI = 3, RES = 9.2e-08 (1.0e-07), CFL=0.340 (ELAPSED 00:00:45 )
-------------------------------------------------------------------------------------------------------------
	 #1 (1.0944e-02, 3.6560e-03): lin 1 (0.0e+00)
Composition correction applied in 8 block(s)
	 #2 (9.5511e-04, 3.6525e-06): lin 1 (0.0e+00)
Composition correction applied in 8 block(s)
-------------------------------------------------------------------------------------------------------------
 T = 535.047, DT = 1, NI = 2, LI = 2, RES = 2.1e-06 (9.3e-07), CFL=0.347 (ELAPSED 00:00:45 )
-------------------------------------------------------------------------------------------------------------
	 #1 (1.3039e-02, 1.7276e-03): lin 1 (0.0e+00)
Composition correction applied in 8 block(s)
	 #2 (5.6161e-04, 2.6840e-06): lin 1 (0.0e+00)
Composition correction applied in 8 block(s)
-------------------------------------------------------------------------------------------------------------
 T = 536.047, DT = 1, NI = 2, LI = 2, RES = 1.7e-07 (1.5e-06), CFL=0.332 (ELAPSED 00:00:45 )
-------------------------------------------------------------------------------------------------------------
	 #1 (1.3602e-02, 2.6865e-03): lin 1 (0.0e+00)
Composition correction applied in 8 block(s)
	 #2 (9.0122e-04, 6.6603e-06): lin 1 (0.0e+00)
Composition correction applied in 8 block(s)
	 #3 (2.9363e-05, 5.5592e-06): lin 1 (0.0e+00)
Composition correction applied in 8 block(s)
-------------------------------------------------------------------------------------------------------------
 T = 537.047, DT = 1, NI = 3, LI = 3, RES = 5.5e-09 (5.9e-06), CFL=0.315 (ELAPSED 00:00:45 )
-------------------------------------------------------------------------------------------------------------
	 #1 (1.3159e-02, 3.9103e-03): lin 1 (0.0e+00)
Composition correction applied in 8 block(s)
	 #2 (9.6095e-03, 2.6117e-06): lin 1 (0.0e+00)
Composition correction applied in 8 block(s)
	 #3 (3.0463e-04, 9.3349e-06): lin 1 (0.0e+00)
Composition correction applied in 8 block(s)
-------------------------------------------------------------------------------------------------------------
 T = 538.047, DT = 1, NI = 3, LI = 3, RES = 3.9e-07 (6.0e-07), CFL=0.353 (ELAPSED 00:00:45 )
-------------------------------------------------------------------------------------------------------------
	 #1 (1.1680e-02, 6.4793e-03): lin 1 (0.0e+00)
Composition correction applied in 8 block(s)
	 #2 (1.3263e-03, 8.9641e-06): lin 1 (0.0e+00)
Composition correction applied in 8 block(s)
-------------------------------------------------------------------------------------------------------------
 T = 539.047, DT = 1, NI = 2, LI = 2, RES = 1.5e-06 (4.6e-06), CFL=0.344 (ELAPSED 00:00:45 )
-------------------------------------------------------------------------------------------------------------
	 #1 (1.3327e-02, 4.3877e-05): lin 1 (0.0e+00)
Composition correction applied in 8 block(s)
	 #2 (6.7437e-04, 1.7995e-06): lin 1 (0.0e+00)
Composition correction applied in 8 block(s)
-------------------------------------------------------------------------------------------------------------
 T = 540.047, DT = 1, NI = 2, LI = 2, RES = 3.5e-06 (9.1e-07), CFL=0.328 (ELAPSED 00:00:45 )
-------------------------------------------------------------------------------------------------------------
	 #1 (1.3555e-02, 3.4369e-03): lin 1 (0.0e+00)
Composition correction applied in 8 block(s)
	 #2 (3.2508e-03, 5.7148e-08): lin 1 (0.0e+00)
Composition correction applied in 8 block(s)
	 #3 (2.5794e-05, 6.8597e-06): lin 1 (0.0e+00)
Composition correction applied in 8 block(s)
-------------------------------------------------------------------------------------------------------------
 T = 541.047, DT = 1, NI = 3, LI = 3, RES = 2.8e-09 (6.7e-06), CFL=0.326 (ELAPSED 00:00:45 )
-------------------------------------------------------------------------------------------------------------
	 #1 (1.1609e-02, 9.0621e-04): lin 1 (0.0e+00)
Composition correction applied in 8 block(s)
	 #2 (7.9619e-04, 6.1628e-06): lin 1 (0.0e+00)
Composition correction applied in 8 block(s)
-------------------------------------------------------------------------------------------------------------
 T = 542.047, DT = 1, NI = 2, LI = 2, RES = 2.3e-06 (7.1e-07), CFL=0.353 (ELAPSED 00:00:45 )
-------------------------------------------------------------------------------------------------------------
	 #1 (1.2339e-02, 4.4895e-03): lin 1 (0.0e+00)
Composition correction applied in 8 block(s)
	 #2 (5.6834e-04, 2.4512e-06): lin 1 (0.0e+00)
Composition correction applied in 8 block(s)
-------------------------------------------------------------------------------------------------------------
 T = 543.047, DT = 1, NI = 2, LI = 2, RES = 1.6e-07 (5.4e-06), CFL=0.339 (ELAPSED 00:00:45 )
-------------------------------------------------------------------------------------------------------------
	 #1 (1.3380e-02, 1.1859e-03): lin 1 (0.0e+00)
Composition correction applied in 8 block(s)
	 #2 (8.4486e-04, 3.8369e-07): lin 1 (0.0e+00)
Composition correction applied in 8 block(s)
	 #3 (1.3011e-05, 6.2998e-06): lin 1 (0.0e+00)
Composition correction applied in 8 block(s)
-------------------------------------------------------------------------------------------------------------
 T = 544.047, DT = 1, NI = 3, LI = 3, RES = 1.1e-09 (6.3e-06), CFL=0.322 (ELAPSED 00:00:45 )
-------------------------------------------------------------------------------------------------------------
	 #1 (1.3360e-02, 3.7055e-03): lin 1 (0.0e+00)
Composition correction applied in 8 block(s)
	 #2 (6.0120e-03, 3.1944e-06): lin 1 (0.0e+00)
Composition correction applied in 8 block(s)
	 #3 (1.0271e-04, 6.3893e-06): lin 1 (0.0e+00)
Composition correction applied in 8 block(s)
-------------------------------------------------------------------------------------------------------------
 T = 545.047, DT = 1, NI = 3, LI = 3, RES = 4.4e-08 (5.2e-06), CFL=0.336 (ELAPSED 00:00:46 )
-------------------------------------------------------------------------------------------------------------
	 #1 (1.0815e-02, 2.3538e-03): lin 1 (0.0e+00)
Composition correction applied in 8 block(s)
	 #2 (8.6119e-04, 2.2243e-06): lin 1 (0.0e+00)
Composition correction applied in 8 block(s)
-------------------------------------------------------------------------------------------------------------
 T = 546.047, DT = 1, NI = 2, LI = 2, RES = 2.2e-06 (3.0e-06), CFL=0.349 (ELAPSED 00:00:46 )
-------------------------------------------------------------------------------------------------------------
	 #1 (1.2751e-02, 2.3987e-03): lin 1 (0.0e+00)
Composition correction applied in 8 block(s)
	 #2 (5.5516e-04, 5.9392e-07): lin 1 (0.0e+00)
Composition correction applied in 8 block(s)
-------------------------------------------------------------------------------------------------------------
 T = 547.047, DT = 1, NI = 2, LI = 2, RES = 1.6e-07 (1.4e-06), CFL=0.334 (ELAPSED 00:00:46 )
-------------------------------------------------------------------------------------------------------------
	 #1 (1.3441e-02, 2.2198e-03): lin 1 (0.0e+00)
Composition correction applied in 8 block(s)
	 #2 (1.0289e-03, 7.8506e-06): lin 1 (0.0e+00)
Composition correction applied in 8 block(s)
	 #3 (2.6433e-05, 6.8556e-06): lin 1 (0.0e+00)
Composition correction applied in 8 block(s)
-------------------------------------------------------------------------------------------------------------
 T = 548.047, DT = 1, NI = 3, LI = 3, RES = 4.4e-09 (7.2e-06), CFL=0.317 (ELAPSED 00:00:46 )
-------------------------------------------------------------------------------------------------------------
	 #1 (1.3112e-02, 3.7702e-03): lin 1 (0.0e+00)
Composition correction applied in 8 block(s)
	 #2 (8.5840e-03, 7.7890e-06): lin 1 (0.0e+00)
Composition correction applied in 8 block(s)
	 #3 (2.3736e-04, 2.0099e-06): lin 1 (0.0e+00)
Composition correction applied in 8 block(s)
-------------------------------------------------------------------------------------------------------------
 T = 549.047, DT = 1, NI = 3, LI = 3, RES = 2.4e-07 (6.0e-06), CFL=0.348 (ELAPSED 00:00:46 )
-------------------------------------------------------------------------------------------------------------
	 #1 (1.1152e-02, 5.2011e-03): lin 1 (0.0e+00)
Composition correction applied in 8 block(s)
	 #2 (1.1586e-03, 4.1134e-06): lin 1 (0.0e+00)
Composition correction applied in 8 block(s)
-------------------------------------------------------------------------------------------------------------
 T = 550.047, DT = 1, NI = 2, LI = 2, RES = 1.7e-06 (6.4e-06), CFL=0.344 (ELAPSED 00:00:46 )
-------------------------------------------------------------------------------------------------------------
	 #1 (1.3070e-02, 5.9527e-04): lin 1 (0.0e+00)
Composition correction applied in 8 block(s)
	 #2 (6.1269e-04, 2.2370e-06): lin 1 (0.0e+00)
Composition correction applied in 8 block(s)
-------------------------------------------------------------------------------------------------------------
 T = 551.047, DT = 1, NI = 2, LI = 2, RES = 1.3e-06 (7.6e-06), CFL=0.329 (ELAPSED 00:00:46 )
-------------------------------------------------------------------------------------------------------------
	 #1 (1.3425e-02, 3.0166e-03): lin 1 (0.0e+00)
Composition correction applied in 8 block(s)
	 #2 (2.1365e-03, 5.6674e-06): lin 1 (0.0e+00)
Composition correction applied in 8 block(s)
	 #3 (1.0152e-05, 3.1952e-06): lin 1 (0.0e+00)
Composition correction applied in 8 block(s)
-------------------------------------------------------------------------------------------------------------
 T = 552.047, DT = 1, NI = 3, LI = 3, RES = 4.3e-10 (7.8e-06), CFL=0.321 (ELAPSED 00:00:46 )
-------------------------------------------------------------------------------------------------------------
	 #1 (1.2044e-02, 2.0850e-03): lin 1 (0.0e+00)
Composition correction applied in 8 block(s)
	 #2 (8.3888e-04, 6.1167e-06): lin 1 (0.0e+00)
Composition correction applied in 8 block(s)
-------------------------------------------------------------------------------------------------------------
 T = 553.047, DT = 1, NI = 2, LI = 2, RES = 2.4e-06 (2.4e-06), CFL=0.354 (ELAPSED 00:00:46 )
-------------------------------------------------------------------------------------------------------------
	 #1 (1.1990e-02, 5.2046e-03): lin 1 (0.0e+00)
Composition correction applied in 8 block(s)
	 #2 (1.5981e-03, 1.7022e-06): lin 1 (0.0e+00)
Composition correction applied in 8 block(s)
-------------------------------------------------------------------------------------------------------------
 T = 554.047, DT = 1, NI = 2, LI = 2, RES = 2.0e-06 (2.4e-06), CFL=0.341 (ELAPSED 00:00:46 )
-------------------------------------------------------------------------------------------------------------
	 #1 (1.3203e-02, 7.3632e-04): lin 1 (0.0e+00)
Composition correction applied in 8 block(s)
	 #2 (7.6654e-04, 5.3490e-06): lin 1 (0.0e+00)
Composition correction applied in 8 block(s)
-------------------------------------------------------------------------------------------------------------
 T = 555.047, DT = 1, NI = 2, LI = 2, RES = 8.5e-06 (3.5e-06), CFL=0.324 (ELAPSED 00:00:46 )
-------------------------------------------------------------------------------------------------------------
	 #1 (1.3298e-02, 3.4769e-03): lin 1 (0.0e+00)
Composition correction applied in 8 block(s)
	 #2 (4.9385e-03, 1.5913e-06): lin 1 (0.0e+00)
Composition correction applied in 8 block(s)
	 #3 (6.6290e-05, 5.3515e-07): lin 1 (0.0e+00)
Composition correction applied in 8 block(s)
-------------------------------------------------------------------------------------------------------------
 T = 556.047, DT = 1, NI = 3, LI = 3, RES = 1.8e-08 (3.2e-06), CFL=0.333 (ELAPSED 00:00:46 )
-------------------------------------------------------------------------------------------------------------
	 #1 (1.0860e-02, 1.0943e-03): lin 1 (0.0e+00)
Composition correction applied in 8 block(s)
	 #2 (7.9999e-04, 4.2079e-06): lin 1 (0.0e+00)
Composition correction applied in 8 block(s)
-------------------------------------------------------------------------------------------------------------
 T = 557.047, DT = 1, NI = 2, LI = 2, RES = 2.2e-06 (1.4e-06), CFL=0.351 (ELAPSED 00:00:46 )
-------------------------------------------------------------------------------------------------------------
	 #1 (1.2456e-02, 3.0217e-03): lin 1 (0.0e+00)
Composition correction applied in 8 block(s)
	 #2 (5.5311e-04, 1.0204e-05): lin 1 (0.0e+00)
Composition correction applied in 8 block(s)
-------------------------------------------------------------------------------------------------------------
 T = 558.047, DT = 1, NI = 2, LI = 2, RES = 1.5e-07 (1.8e-06), CFL=0.335 (ELAPSED 00:00:46 )
-------------------------------------------------------------------------------------------------------------
	 #1 (1.3266e-02, 1.7949e-03): lin 1 (0.0e+00)
Composition correction applied in 8 block(s)
	 #2 (9.4620e-04, 1.0364e-05): lin 1 (0.0e+00)
Composition correction applied in 8 block(s)
	 #3 (2.0180e-05, 8.6264e-06): lin 1 (0.0e+00)
Composition correction applied in 8 block(s)
-------------------------------------------------------------------------------------------------------------
 T = 559.047, DT = 1, NI = 3, LI = 3, RES = 2.4e-09 (9.8e-07), CFL=0.319 (ELAPSED 00:00:47 )
-------------------------------------------------------------------------------------------------------------
	 #1 (1.3068e-02, 3.5624e-03): lin 1 (0.0e+00)
Composition correction applied in 8 block(s)
	 #2 (7.5479e-03, 3.6877e-06): lin 1 (0.0e+00)
Composition correction applied in 8 block(s)
	 #3 (1.7370e-04, 4.1439e-06): lin 1 (0.0e+00)
Composition correction applied in 8 block(s)
-------------------------------------------------------------------------------------------------------------
 T = 560.047, DT = 1, NI = 3, LI = 3, RES = 1.3e-07 (7.5e-06), CFL=0.343 (ELAPSED 00:00:47 )
-------------------------------------------------------------------------------------------------------------
	 #1 (1.0745e-02, 3.7928e-03): lin 1 (0.0e+00)
Composition correction applied in 8 block(s)
	 #2 (9.8385e-04, 7.9387e-06): lin 1 (0.0e+00)
Composition correction applied in 8 block(s)
-------------------------------------------------------------------------------------------------------------
 T = 561.047, DT = 1, NI = 2, LI = 2, RES = 1.9e-06 (1.6e-06), CFL=0.345 (ELAPSED 00:00:47 )
-------------------------------------------------------------------------------------------------------------
	 #1 (1.2741e-02, 9.9446e-04): lin 1 (0.0e+00)
Composition correction applied in 8 block(s)
	 #2 (5.5438e-04, 1.1134e-05): lin 1 (0.0e+00)
Composition correction applied in 8 block(s)
-------------------------------------------------------------------------------------------------------------
 T = 562.047, DT = 1, NI = 2, LI = 2, RES = 1.5e-07 (2.2e-06), CFL=0.329 (ELAPSED 00:00:47 )
-------------------------------------------------------------------------------------------------------------
	 #1 (1.3202e-02, 2.7603e-03): lin 1 (0.0e+00)
Composition correction applied in 8 block(s)
	 #2 (7.9448e-04, 2.2515e-06): lin 1 (0.0e+00)
Composition correction applied in 8 block(s)
-------------------------------------------------------------------------------------------------------------
 T = 563.047, DT = 1, NI = 2, LI = 2, RES = 9.4e-07 (2.4e-06), CFL=0.313 (ELAPSED 00:00:47 )
-------------------------------------------------------------------------------------------------------------
	 #1 (1.2653e-02, 3.5465e-03): lin 1 (0.0e+00)
Composition correction applied in 8 block(s)
	 #2 (8.9533e-04, 2.1330e-06): lin 1 (0.0e+00)
Composition correction applied in 8 block(s)
-------------------------------------------------------------------------------------------------------------
 T = 564.047, DT = 1, NI = 2, LI = 2, RES = 2.9e-06 (2.1e-06), CFL=0.351 (ELAPSED 00:00:47 )
-------------------------------------------------------------------------------------------------------------
	 #1 (1.1474e-02, 6.0786e-03): lin 1 (0.0e+00)
Composition correction applied in 8 block(s)
	 #2 (1.3324e-03, 6.5593e-06): lin 1 (0.0e+00)
Composition correction applied in 8 block(s)
-------------------------------------------------------------------------------------------------------------
 T = 565.047, DT = 1, NI = 2, LI = 2, RES = 1.5e-06 (2.7e-06), CFL=0.341 (ELAPSED 00:00:47 )
-------------------------------------------------------------------------------------------------------------
	 #1 (1.2944e-02, 1.6480e-04): lin 1 (0.0e+00)
Composition correction applied in 8 block(s)
	 #2 (6.6559e-04, 3.3462e-06): lin 1 (0.0e+00)
Composition correction applied in 8 block(s)
-------------------------------------------------------------------------------------------------------------
 T = 566.047, DT = 1, NI = 2, LI = 2, RES = 4.1e-06 (2.8e-06), CFL=0.325 (ELAPSED 00:00:47 )
-------------------------------------------------------------------------------------------------------------
	 #1 (1.3156e-02, 3.1506e-03): lin 1 (0.0e+00)
Composition correction applied in 8 block(s)
	 #2 (3.3928e-03, 2.4351e-06): lin 1 (0.0e+00)
Composition correction applied in 8 block(s)
	 #3 (2.8860e-05, 6.5790e-06): lin 1 (0.0e+00)
Composition correction applied in 8 block(s)
-------------------------------------------------------------------------------------------------------------
 T = 567.047, DT = 1, NI = 3, LI = 3, RES = 3.5e-09 (4.1e-07), CFL=0.325 (ELAPSED 00:00:47 )
-------------------------------------------------------------------------------------------------------------
	 #1 (1.1181e-02, 5.4959e-04): lin 1 (0.0e+00)
Composition correction applied in 8 block(s)
	 #2 (7.6077e-04, 7.7927e-06): lin 1 (0.0e+00)
Composition correction applied in 8 block(s)
-------------------------------------------------------------------------------------------------------------
 T = 568.047, DT = 1, NI = 2, LI = 2, RES = 2.1e-06 (7.0e-06), CFL=0.351 (ELAPSED 00:00:47 )
-------------------------------------------------------------------------------------------------------------
	 #1 (1.2015e-02, 4.0228e-03): lin 1 (0.0e+00)
Composition correction applied in 8 block(s)
	 #2 (5.4853e-04, 9.3873e-07): lin 1 (0.0e+00)
Composition correction applied in 8 block(s)
-------------------------------------------------------------------------------------------------------------
 T = 569.047, DT = 1, NI = 2, LI = 2, RES = 1.5e-07 (6.6e-06), CFL=0.337 (ELAPSED 00:00:47 )
-------------------------------------------------------------------------------------------------------------
	 #1 (1.3024e-02, 1.0535e-03): lin 1 (0.0e+00)
Composition correction applied in 8 block(s)
	 #2 (8.3004e-04, 2.3504e-07): lin 1 (0.0e+00)
Composition correction applied in 8 block(s)
	 #3 (1.3184e-05, 3.2669e-06): lin 1 (0.0e+00)
Composition correction applied in 8 block(s)
-------------------------------------------------------------------------------------------------------------
 T = 570.047, DT = 1, NI = 3, LI = 3, RES = 1.1e-09 (2.6e-06), CFL=0.321 (ELAPSED 00:00:47 )
-------------------------------------------------------------------------------------------------------------
	 #1 (1.3013e-02, 3.3397e-03): lin 1 (0.0e+00)
Composition correction applied in 8 block(s)
	 #2 (5.9622e-03, 6.6107e-07): lin 1 (0.0e+00)
Composition correction applied in 8 block(s)
	 #3 (1.0244e-04, 4.8143e-06): lin 1 (0.0e+00)
Composition correction applied in 8 block(s)
-------------------------------------------------------------------------------------------------------------
 T = 571.047, DT = 1, NI = 3, LI = 3, RES = 4.4e-08 (9.5e-07), CFL=0.336 (ELAPSED 00:00:47 )
-------------------------------------------------------------------------------------------------------------
	 #1 (1.0526e-02, 2.2655e-03): lin 1 (0.0e+00)
Composition correction applied in 8 block(s)
	 #2 (8.3849e-04, 3.8589e-06): lin 1 (0.0e+00)
Composition correction applied in 8 block(s)
-------------------------------------------------------------------------------------------------------------
 T = 572.047, DT = 1, NI = 2, LI = 2, RES = 2.1e-06 (1.7e-06), CFL=0.348 (ELAPSED 00:00:47 )
-------------------------------------------------------------------------------------------------------------
	 #1 (1.2429e-02, 2.2133e-03): lin 1 (0.0e+00)
Composition correction applied in 8 block(s)
	 #2 (5.4014e-04, 3.0599e-06): lin 1 (0.0e+00)
Composition correction applied in 8 block(s)
-------------------------------------------------------------------------------------------------------------
 T = 573.047, DT = 1, NI = 2, LI = 2, RES = 1.5e-07 (1.6e-07), CFL=0.333 (ELAPSED 00:00:47 )
-------------------------------------------------------------------------------------------------------------
	 #1 (1.3113e-02, 1.9982e-03): lin 1 (0.0e+00)
Composition correction applied in 8 block(s)
	 #2 (1.0077e-03, 4.5735e-06): lin 1 (0.0e+00)
Composition correction applied in 8 block(s)
	 #3 (2.6000e-05, 4.2637e-06): lin 1 (0.0e+00)
Composition correction applied in 8 block(s)
-------------------------------------------------------------------------------------------------------------
 T = 574.047, DT = 1, NI = 3, LI = 3, RES = 4.4e-09 (4.4e-06), CFL=0.317 (ELAPSED 00:00:48 )
-------------------------------------------------------------------------------------------------------------
	 #1 (1.2805e-02, 3.4421e-03): lin 1 (0.0e+00)
Composition correction applied in 8 block(s)
	 #2 (8.4235e-03, 3.5061e-06): lin 1 (0.0e+00)
Composition correction applied in 8 block(s)
	 #3 (2.3121e-04, 3.8199e-06): lin 1 (0.0e+00)
Composition correction applied in 8 block(s)
-------------------------------------------------------------------------------------------------------------
 T = 575.047, DT = 1, NI = 3, LI = 3, RES = 2.2e-07 (2.0e-06), CFL=0.348 (ELAPSED 00:00:48 )
-------------------------------------------------------------------------------------------------------------
	 #1 (1.0882e-02, 4.8113e-03): lin 1 (0.0e+00)
Composition correction applied in 8 block(s)
	 #2 (1.1304e-03, 5.5174e-06): lin 1 (0.0e+00)
Composition correction applied in 8 block(s)
-------------------------------------------------------------------------------------------------------------
 T = 576.047, DT = 1, NI = 2, LI = 2, RES = 1.6e-06 (3.4e-06), CFL=0.344 (ELAPSED 00:00:48 )
-------------------------------------------------------------------------------------------------------------
	 #1 (1.2753e-02, 5.7832e-04): lin 1 (0.0e+00)
Composition correction applied in 8 block(s)
	 #2 (5.9869e-04, 6.2327e-06): lin 1 (0.0e+00)
Composition correction applied in 8 block(s)
-------------------------------------------------------------------------------------------------------------
 T = 577.047, DT = 1, NI = 2, LI = 2, RES = 1.3e-06 (4.2e-06), CFL=0.329 (ELAPSED 00:00:48 )
-------------------------------------------------------------------------------------------------------------
	 #1 (1.3114e-02, 2.7682e-03): lin 1 (0.0e+00)
Composition correction applied in 8 block(s)
	 #2 (2.0973e-03, 2.4113e-06): lin 1 (0.0e+00)
Composition correction applied in 8 block(s)
-------------------------------------------------------------------------------------------------------------
 T = 578.047, DT = 1, NI = 2, LI = 2, RES = 9.9e-06 (9.6e-06), CFL=0.321 (ELAPSED 00:00:48 )
-------------------------------------------------------------------------------------------------------------
	 #1 (1.1776e-02, 1.9431e-03): lin 1 (0.0e+00)
Composition correction applied in 8 block(s)
	 #2 (8.1384e-04, 3.3693e-06): lin 1 (0.0e+00)
Composition correction applied in 8 block(s)
-------------------------------------------------------------------------------------------------------------
 T = 579.047, DT = 1, NI = 2, LI = 2, RES = 2.3e-06 (2.6e-06), CFL=0.353 (ELAPSED 00:00:48 )
-------------------------------------------------------------------------------------------------------------
	 #1 (1.1694e-02, 4.7837e-03): lin 1 (0.0e+00)
Composition correction applied in 8 block(s)
	 #2 (1.5583e-03, 5.0321e-06): lin 1 (0.0e+00)
Composition correction applied in 8 block(s)
-------------------------------------------------------------------------------------------------------------
 T = 580.047, DT = 1, NI = 2, LI = 2, RES = 1.9e-06 (2.0e-06), CFL=0.341 (ELAPSED 00:00:48 )
-------------------------------------------------------------------------------------------------------------
	 #1 (1.2893e-02, 6.0588e-04): lin 1 (0.0e+00)
Composition correction applied in 8 block(s)
	 #2 (7.4876e-04, 7.4128e-06): lin 1 (0.0e+00)
Composition correction applied in 8 block(s)
-------------------------------------------------------------------------------------------------------------
 T = 581.047, DT = 1, NI = 2, LI = 2, RES = 8.3e-06 (3.8e-06), CFL=0.324 (ELAPSED 00:00:48 )
-------------------------------------------------------------------------------------------------------------
	 #1 (1.3002e-02, 3.2030e-03): lin 1 (0.0e+00)
Composition correction applied in 8 block(s)
	 #2 (4.8272e-03, 4.6938e-06): lin 1 (0.0e+00)
Composition correction applied in 8 block(s)
	 #3 (6.4087e-05, 6.5860e-07): lin 1 (0.0e+00)
Composition correction applied in 8 block(s)
-------------------------------------------------------------------------------------------------------------
 T = 582.047, DT = 1, NI = 3, LI = 3, RES = 1.7e-08 (5.7e-06), CFL=0.332 (ELAPSED 00:00:48 )
-------------------------------------------------------------------------------------------------------------
	 #1 (1.0614e-02, 9.6706e-04): lin 1 (0.0e+00)
Composition correction applied in 8 block(s)
	 #2 (7.7797e-04, 2.4001e-06): lin 1 (0.0e+00)
Composition correction applied in 8 block(s)
-------------------------------------------------------------------------------------------------------------
 T = 583.047, DT = 1, NI = 2, LI = 2, RES = 2.1e-06 (5.2e-06), CFL=0.350 (ELAPSED 00:00:48 )
-------------------------------------------------------------------------------------------------------------
	 #1 (1.2159e-02, 2.8054e-03): lin 1 (0.0e+00)
Composition correction applied in 9 block(s)
	 #2 (5.4076e-04, 3.0689e-07): lin 1 (0.0e+00)
Composition correction applied in 9 block(s)
-------------------------------------------------------------------------------------------------------------
 T = 584.047, DT = 1, NI = 2, LI = 2, RES = 1.4e-07 (1.5e-06), CFL=0.336 (ELAPSED 00:00:48 )
-------------------------------------------------------------------------------------------------------------
	 #1 (1.2969e-02, 1.5829e-03): lin 1 (0.0e+00)
Composition correction applied in 9 block(s)
	 #2 (9.2398e-04, 2.9094e-07): lin 1 (0.0e+00)
Composition correction applied in 9 block(s)
	 #3 (1.9910e-05, 3.8016e-06): lin 1 (0.0e+00)
Composition correction applied in 9 block(s)
-------------------------------------------------------------------------------------------------------------
 T = 585.047, DT = 1, NI = 3, LI = 3, RES = 2.6e-09 (7.9e-06), CFL=0.319 (ELAPSED 00:00:48 )
-------------------------------------------------------------------------------------------------------------
	 #1 (1.2784e-02, 3.3215e-03): lin 1 (0.0e+00)
Composition correction applied in 9 block(s)
	 #2 (7.3913e-03, 4.4720e-06): lin 1 (0.0e+00)
Composition correction applied in 9 block(s)
	 #3 (1.6958e-04, 7.1042e-06): lin 1 (0.0e+00)
Composition correction applied in 9 block(s)
-------------------------------------------------------------------------------------------------------------
 T = 586.047, DT = 1, NI = 3, LI = 3, RES = 1.2e-07 (4.6e-06), CFL=0.343 (ELAPSED 00:00:48 )
-------------------------------------------------------------------------------------------------------------
	 #1 (1.0520e-02, 3.6391e-03): lin 1 (0.0e+00)
Composition correction applied in 9 block(s)
	 #2 (9.7117e-04, 8.4870e-06): lin 1 (0.0e+00)
Composition correction applied in 9 block(s)
-------------------------------------------------------------------------------------------------------------
 T = 587.047, DT = 1, NI = 2, LI = 2, RES = 1.8e-06 (1.1e-06), CFL=0.346 (ELAPSED 00:00:48 )
-------------------------------------------------------------------------------------------------------------
	 #1 (1.2508e-02, 1.1415e-03): lin 1 (0.0e+00)
Composition correction applied in 9 block(s)
	 #2 (5.5358e-04, 1.4544e-06): lin 1 (0.0e+00)
Composition correction applied in 9 block(s)
-------------------------------------------------------------------------------------------------------------
 T = 588.047, DT = 1, NI = 2, LI = 2, RES = 1.3e-07 (1.4e-06), CFL=0.331 (ELAPSED 00:00:48 )
-------------------------------------------------------------------------------------------------------------
	 #1 (1.2995e-02, 2.4056e-03): lin 1 (0.0e+00)
Composition correction applied in 9 block(s)
	 #2 (9.8946e-04, 4.3403e-07): lin 1 (0.0e+00)
Composition correction applied in 9 block(s)
-------------------------------------------------------------------------------------------------------------
 T = 589.047, DT = 1, NI = 2, LI = 2, RES = 1.7e-06 (1.1e-06), CFL=0.317 (ELAPSED 00:00:49 )
-------------------------------------------------------------------------------------------------------------
	 #1 (1.2347e-02, 3.0347e-03): lin 1 (0.0e+00)
Composition correction applied in 9 block(s)
	 #2 (8.7356e-04, 6.2403e-06): lin 1 (0.0e+00)
Composition correction applied in 9 block(s)
-------------------------------------------------------------------------------------------------------------
 T = 590.047, DT = 1, NI = 2, LI = 2, RES = 2.7e-06 (3.2e-06), CFL=0.354 (ELAPSED 00:00:49 )
-------------------------------------------------------------------------------------------------------------
	 #1 (1.1345e-02, 5.4448e-03): lin 1 (0.0e+00)
Composition correction applied in 9 block(s)
	 #2 (1.3650e-03, 2.7445e-06): lin 1 (0.0e+00)
Composition correction applied in 9 block(s)
-------------------------------------------------------------------------------------------------------------
 T = 591.047, DT = 1, NI = 2, LI = 2, RES = 1.5e-06 (3.4e-06), CFL=0.342 (ELAPSED 00:00:49 )
-------------------------------------------------------------------------------------------------------------
	 #1 (1.2750e-02, 2.2778e-04): lin 1 (0.0e+00)
Composition correction applied in 9 block(s)
	 #2 (6.7849e-04, 1.6944e-06): lin 1 (0.0e+00)
Composition correction applied in 9 block(s)
-------------------------------------------------------------------------------------------------------------
 T = 592.047, DT = 1, NI = 2, LI = 2, RES = 4.8e-06 (8.4e-07), CFL=0.327 (ELAPSED 00:00:49 )
-------------------------------------------------------------------------------------------------------------
	 #1 (1.2940e-02, 2.9979e-03): lin 1 (0.0e+00)
Composition correction applied in 9 block(s)
	 #2 (3.7731e-03, 3.7854e-07): lin 1 (0.0e+00)
Composition correction applied in 9 block(s)
	 #3 (3.7191e-05, 9.2313e-06): lin 1 (0.0e+00)
Composition correction applied in 9 block(s)
-------------------------------------------------------------------------------------------------------------
 T = 593.047, DT = 1, NI = 3, LI = 3, RES = 5.8e-09 (9.2e-08), CFL=0.329 (ELAPSED 00:00:49 )
-------------------------------------------------------------------------------------------------------------
	 #1 (1.0834e-02, 1.6296e-04): lin 1 (0.0e+00)
Composition correction applied in 9 block(s)
	 #2 (7.5021e-04, 3.6992e-08): lin 1 (0.0e+00)
Composition correction applied in 9 block(s)
-------------------------------------------------------------------------------------------------------------
 T = 594.047, DT = 1, NI = 2, LI = 2, RES = 2.0e-06 (2.3e-06), CFL=0.352 (ELAPSED 00:00:49 )
-------------------------------------------------------------------------------------------------------------
	 #1 (1.1874e-02, 3.3517e-03): lin 1 (0.0e+00)
Composition correction applied in 9 block(s)
	 #2 (5.3916e-04, 2.0305e-06): lin 1 (0.0e+00)
Composition correction applied in 9 block(s)
-------------------------------------------------------------------------------------------------------------
 T = 595.047, DT = 1, NI = 2, LI = 2, RES = 1.5e-07 (2.5e-06), CFL=0.337 (ELAPSED 00:00:49 )
-------------------------------------------------------------------------------------------------------------
	 #1 (1.2804e-02, 1.1821e-03): lin 1 (0.0e+00)
Composition correction applied in 9 block(s)
	 #2 (8.4721e-04, 1.0366e-06): lin 1 (0.0e+00)
Composition correction applied in 9 block(s)
	 #3 (1.4866e-05, 2.7200e-06): lin 1 (0.0e+00)
Composition correction applied in 9 block(s)
-------------------------------------------------------------------------------------------------------------
 T = 596.047, DT = 1, NI = 3, LI = 3, RES = 1.4e-09 (2.3e-06), CFL=0.321 (ELAPSED 00:00:49 )
-------------------------------------------------------------------------------------------------------------
	 #1 (1.2742e-02, 3.1848e-03): lin 1 (0.0e+00)
Composition correction applied in 9 block(s)
	 #2 (6.3849e-03, 2.1004e-06): lin 1 (0.0e+00)
Composition correction applied in 9 block(s)
	 #3 (1.2188e-04, 1.2994e-05): lin 1 (0.0e+00)
Composition correction applied in 9 block(s)
-------------------------------------------------------------------------------------------------------------
 T = 597.047, DT = 1, NI = 3, LI = 3, RES = 6.2e-08 (8.5e-06), CFL=0.338 (ELAPSED 00:00:49 )
-------------------------------------------------------------------------------------------------------------
	 #1 (1.0315e-02, 2.5635e-03): lin 1 (0.0e+00)
Composition correction applied in 9 block(s)
	 #2 (8.6602e-04, 6.6731e-06): lin 1 (0.0e+00)
Composition correction applied in 9 block(s)
-------------------------------------------------------------------------------------------------------------
 T = 598.047, DT = 1, NI = 2, LI = 2, RES = 1.9e-06 (2.8e-06), CFL=0.348 (ELAPSED 00:00:49 )
-------------------------------------------------------------------------------------------------------------
	 #1 (1.2253e-02, 1.6901e-03): lin 1 (0.0e+00)
Composition correction applied in 9 block(s)
	 #2 (5.2874e-04, 8.7811e-06): lin 1 (0.0e+00)
Composition correction applied in 9 block(s)
-------------------------------------------------------------------------------------------------------------
 T = 599.047, DT = 1, NI = 2, LI = 2, RES = 1.4e-07 (1.2e-06), CFL=0.332 (ELAPSED 00:00:49 )
-------------------------------------------------------------------------------------------------------------
	 #1 (1.2865e-02, 2.0390e-03): lin 1 (0.0e+00)
Composition correction applied in 9 block(s)
	 #2 (1.0272e-03, 2.6412e-06): lin 1 (0.0e+00)
Composition correction applied in 9 block(s)
	 #3 (2.8557e-05, 2.5577e-06): lin 1 (0.0e+00)
Composition correction applied in 9 block(s)
-------------------------------------------------------------------------------------------------------------
 T = 600.047, DT = 1, NI = 3, LI = 3, RES = 5.4e-09 (3.7e-06), CFL=0.317 (ELAPSED 00:00:49 )
-------------------------------------------------------------------------------------------------------------
	 #1 (1.2509e-02, 3.2518e-03): lin 1 (0.0e+00)
Composition correction applied in 9 block(s)
	 #2 (8.8081e-03, 2.2545e-06): lin 1 (0.0e+00)
Composition correction applied in 9 block(s)
	 #3 (2.6392e-04, 8.7512e-06): lin 1 (0.0e+00)
Composition correction applied in 9 block(s)
-------------------------------------------------------------------------------------------------------------
 T = 601.047, DT = 1, NI = 3, LI = 3, RES = 2.9e-07 (7.9e-06), CFL=0.351 (ELAPSED 00:00:49 )
-------------------------------------------------------------------------------------------------------------
	 #1 (1.0866e-02, 4.9164e-03): lin 1 (0.0e+00)
Composition correction applied in 9 block(s)
	 #2 (1.1947e-03, 1.1147e-06): lin 1 (0.0e+00)
Composition correction applied in 9 block(s)
-------------------------------------------------------------------------------------------------------------
 T = 602.047, DT = 1, NI = 2, LI = 2, RES = 1.5e-06 (1.4e-06), CFL=0.343 (ELAPSED 00:00:49 )
-------------------------------------------------------------------------------------------------------------
	 #1 (1.2545e-02, 2.3809e-04): lin 1 (0.0e+00)
Composition correction applied in 9 block(s)
	 #2 (6.1601e-04, 6.2943e-06): lin 1 (0.0e+00)
Composition correction applied in 9 block(s)
-------------------------------------------------------------------------------------------------------------
 T = 603.047, DT = 1, NI = 2, LI = 2, RES = 2.3e-06 (6.7e-06), CFL=0.328 (ELAPSED 00:00:50 )
-------------------------------------------------------------------------------------------------------------
	 #1 (1.2841e-02, 2.6895e-03): lin 1 (0.0e+00)
Composition correction applied in 9 block(s)
	 #2 (2.7292e-03, 1.8050e-06): lin 1 (0.0e+00)
Composition correction applied in 9 block(s)
	 #3 (1.8215e-05, 3.1446e-06): lin 1 (0.0e+00)
Composition correction applied in 9 block(s)
-------------------------------------------------------------------------------------------------------------
 T = 604.047, DT = 1, NI = 3, LI = 3, RES = 1.4e-09 (4.7e-06), CFL=0.325 (ELAPSED 00:00:50 )
-------------------------------------------------------------------------------------------------------------
	 #1 (1.1179e-02, 1.1639e-03): lin 1 (0.0e+00)
Composition correction applied in 9 block(s)
	 #2 (7.5137e-04, 7.1686e-06): lin 1 (0.0e+00)
Composition correction applied in 9 block(s)
	 #3 (2.7858e-05, 2.5195e-06): lin 1 (0.0e+00)
Composition correction applied in 9 block(s)
-------------------------------------------------------------------------------------------------------------
 T = 605.047, DT = 1, NI = 3, LI = 3, RES = 8.7e-10 (1.6e-06), CFL=0.353 (ELAPSED 00:00:50 )
-------------------------------------------------------------------------------------------------------------
	 #1 (1.1577e-02, 3.9018e-03): lin 1 (0.0e+00)
Composition correction applied in 9 block(s)
	 #2 (5.3822e-04, 6.7232e-06): lin 1 (0.0e+00)
Composition correction applied in 9 block(s)
-------------------------------------------------------------------------------------------------------------
 T = 606.047, DT = 1, NI = 2, LI = 2, RES = 1.6e-07 (1.5e-06), CFL=0.339 (ELAPSED 00:00:50 )
-------------------------------------------------------------------------------------------------------------
	 #1 (1.2629e-02, 7.6711e-04): lin 1 (0.0e+00)
Composition correction applied in 9 block(s)
	 #2 (7.7299e-04, 1.6740e-06): lin 1 (0.0e+00)
Composition correction applied in 9 block(s)
	 #3 (1.0269e-05, 2.5080e-06): lin 1 (0.0e+00)
Composition correction applied in 9 block(s)
-------------------------------------------------------------------------------------------------------------
 T = 607.047, DT = 1, NI = 3, LI = 3, RES = 7.0e-10 (4.8e-06), CFL=0.323 (ELAPSED 00:00:50 )
-------------------------------------------------------------------------------------------------------------
	 #1 (1.2694e-02, 3.0065e-03): lin 1 (0.0e+00)
Composition correction applied in 9 block(s)
	 #2 (5.3797e-03, 1.9658e-06): lin 1 (0.0e+00)
Composition correction applied in 9 block(s)
	 #3 (8.3082e-05, 2.8525e-06): lin 1 (0.0e+00)
Composition correction applied in 9 block(s)
-------------------------------------------------------------------------------------------------------------
 T = 608.047, DT = 1, NI = 3, LI = 3, RES = 2.9e-08 (1.5e-06), CFL=0.335 (ELAPSED 00:00:50 )
-------------------------------------------------------------------------------------------------------------
	 #1 (1.0272e-02, 1.5110e-03): lin 1 (0.0e+00)
Composition correction applied in 9 block(s)
	 #2 (7.8953e-04, 2.4225e-06): lin 1 (0.0e+00)
Composition correction applied in 9 block(s)
-------------------------------------------------------------------------------------------------------------
 T = 609.047, DT = 1, NI = 2, LI = 2, RES = 2.0e-06 (1.2e-06), CFL=0.349 (ELAPSED 00:00:50 )
-------------------------------------------------------------------------------------------------------------
	 #1 (1.1990e-02, 2.1977e-03): lin 1 (0.0e+00)
Composition correction applied in 9 block(s)
	 #2 (5.2655e-04, 2.1311e-06): lin 1 (0.0e+00)
Composition correction applied in 9 block(s)
-------------------------------------------------------------------------------------------------------------
 T = 610.047, DT = 1, NI = 2, LI = 2, RES = 1.3e-07 (2.0e-07), CFL=0.334 (ELAPSED 00:00:50 )
-------------------------------------------------------------------------------------------------------------
	 #1 (1.2709e-02, 1.6835e-03): lin 1 (0.0e+00)
Composition correction applied in 9 block(s)
	 #2 (9.4759e-04, 9.1542e-06): lin 1 (0.0e+00)
Composition correction applied in 9 block(s)
	 #3 (2.2268e-05, 4.9533e-06): lin 1 (0.0e+00)
Composition correction applied in 9 block(s)
-------------------------------------------------------------------------------------------------------------
 T = 611.047, DT = 1, NI = 3, LI = 3, RES = 3.0e-09 (7.9e-06), CFL=0.319 (ELAPSED 00:00:50 )
-------------------------------------------------------------------------------------------------------------
	 #1 (1.2476e-02, 3.0854e-03): lin 1 (0.0e+00)
Composition correction applied in 9 block(s)
	 #2 (7.8457e-03, 5.9804e-06): lin 1 (0.0e+00)
Composition correction applied in 9 block(s)
	 #3 (1.9816e-04, 1.1278e-05): lin 1 (0.0e+00)
Composition correction applied in 9 block(s)
-------------------------------------------------------------------------------------------------------------
 T = 612.047, DT = 1, NI = 3, LI = 3, RES = 1.6e-07 (2.7e-06), CFL=0.345 (ELAPSED 00:00:50 )
-------------------------------------------------------------------------------------------------------------
	 #1 (1.0413e-02, 3.7456e-03): lin 1 (0.0e+00)
Composition correction applied in 9 block(s)
	 #2 (1.0353e-03, 4.6377e-06): lin 1 (0.0e+00)
Composition correction applied in 9 block(s)
-------------------------------------------------------------------------------------------------------------
 T = 613.047, DT = 1, NI = 2, LI = 2, RES = 1.7e-06 (5.2e-06), CFL=0.343 (ELAPSED 00:00:50 )
-------------------------------------------------------------------------------------------------------------
	 #1 (1.2253e-02, 5.4191e-04): lin 1 (0.0e+00)
Composition correction applied in 9 block(s)
	 #2 (5.5303e-04, 7.7490e-06): lin 1 (0.0e+00)
Composition correction applied in 9 block(s)
-------------------------------------------------------------------------------------------------------------
 T = 614.047, DT = 1, NI = 2, LI = 2, RES = 4.6e-07 (2.4e-06), CFL=0.328 (ELAPSED 00:00:50 )
-------------------------------------------------------------------------------------------------------------
	 #1 (1.2644e-02, 2.4951e-03): lin 1 (0.0e+00)
Composition correction applied in 9 block(s)
	 #2 (1.4799e-03, 1.4391e-06): lin 1 (0.0e+00)
Composition correction applied in 9 block(s)
-------------------------------------------------------------------------------------------------------------
 T = 615.047, DT = 1, NI = 2, LI = 2, RES = 4.6e-06 (3.4e-06), CFL=0.317 (ELAPSED 00:00:50 )
-------------------------------------------------------------------------------------------------------------
	 #1 (1.1671e-02, 2.3761e-03): lin 1 (0.0e+00)
Composition correction applied in 9 block(s)
	 #2 (8.0329e-04, 3.1597e-06): lin 1 (0.0e+00)
Composition correction applied in 9 block(s)
-------------------------------------------------------------------------------------------------------------
 T = 616.047, DT = 1, NI = 2, LI = 2, RES = 2.3e-06 (4.9e-06), CFL=0.351 (ELAPSED 00:00:50 )
-------------------------------------------------------------------------------------------------------------
	 #1 (1.1108e-02, 4.6152e-03): lin 1 (0.0e+00)
Composition correction applied in 9 block(s)
	 #2 (1.3839e-03, 4.1825e-06): lin 1 (0.0e+00)
Composition correction applied in 9 block(s)
-------------------------------------------------------------------------------------------------------------
 T = 617.047, DT = 1, NI = 2, LI = 2, RES = 1.6e-06 (1.2e-06), CFL=0.339 (ELAPSED 00:00:50 )
-------------------------------------------------------------------------------------------------------------
	 #1 (1.2389e-02, 2.8333e-04): lin 1 (0.0e+00)
Composition correction applied in 9 block(s)
	 #2 (6.7317e-04, 1.4698e-06): lin 1 (0.0e+00)
Composition correction applied in 9 block(s)
-------------------------------------------------------------------------------------------------------------
 T = 618.047, DT = 1, NI = 2, LI = 2, RES = 5.5e-06 (5.0e-06), CFL=0.324 (ELAPSED 00:00:51 )
-------------------------------------------------------------------------------------------------------------
	 #1 (1.2570e-02, 2.7386e-03): lin 1 (0.0e+00)
Composition correction applied in 9 block(s)
	 #2 (3.9420e-03, 2.2150e-06): lin 1 (0.0e+00)
Composition correction applied in 9 block(s)
	 #3 (4.1625e-05, 5.7242e-06): lin 1 (0.0e+00)
Composition correction applied in 9 block(s)
-------------------------------------------------------------------------------------------------------------
 T = 619.047, DT = 1, NI = 3, LI = 3, RES = 7.4e-09 (2.0e-06), CFL=0.328 (ELAPSED 00:00:51 )
-------------------------------------------------------------------------------------------------------------
	 #1 (1.0444e-02, 1.6204e-04): lin 1 (0.0e+00)
Composition correction applied in 9 block(s)
	 #2 (7.2224e-04, 2.9237e-06): lin 1 (0.0e+00)
Composition correction applied in 9 block(s)
-------------------------------------------------------------------------------------------------------------
 T = 620.047, DT = 1, NI = 2, LI = 2, RES = 1.9e-06 (7.1e-06), CFL=0.350 (ELAPSED 00:00:51 )
-------------------------------------------------------------------------------------------------------------
	 #1 (1.1589e-02, 3.0121e-03): lin 1 (0.0e+00)
Composition correction applied in 9 block(s)
	 #2 (5.2105e-04, 1.4995e-06): lin 1 (0.0e+00)
Composition correction applied in 9 block(s)
-------------------------------------------------------------------------------------------------------------
 T = 621.047, DT = 1, NI = 2, LI = 2, RES = 1.4e-07 (2.0e-06), CFL=0.336 (ELAPSED 00:00:51 )
-------------------------------------------------------------------------------------------------------------
	 #1 (1.2488e-02, 1.0584e-03): lin 1 (0.0e+00)
Composition correction applied in 9 block(s)
	 #2 (8.3544e-04, 7.8446e-06): lin 1 (0.0e+00)
Composition correction applied in 9 block(s)
	 #3 (1.5134e-05, 8.3462e-06): lin 1 (0.0e+00)
Composition correction applied in 9 block(s)
-------------------------------------------------------------------------------------------------------------
 T = 622.047, DT = 1, NI = 3, LI = 3, RES = 1.5e-09 (2.5e-06), CFL=0.320 (ELAPSED 00:00:51 )
-------------------------------------------------------------------------------------------------------------
	 #1 (1.2430e-02, 2.8860e-03): lin 1 (0.0e+00)
Composition correction applied in 9 block(s)
	 #2 (6.3659e-03, 3.8166e-07): lin 1 (0.0e+00)
Composition correction applied in 9 block(s)
	 #3 (1.2292e-04, 5.7504e-07): lin 1 (0.0e+00)
Composition correction applied in 9 block(s)
-------------------------------------------------------------------------------------------------------------
 T = 623.047, DT = 1, NI = 3, LI = 3, RES = 6.4e-08 (7.3e-06), CFL=0.338 (ELAPSED 00:00:51 )
-------------------------------------------------------------------------------------------------------------
	 #1 (1.0067e-02, 2.4990e-03): lin 1 (0.0e+00)
Composition correction applied in 9 block(s)
	 #2 (8.4923e-04, 1.6974e-06): lin 1 (0.0e+00)
Composition correction applied in 9 block(s)
-------------------------------------------------------------------------------------------------------------
 T = 624.047, DT = 1, NI = 2, LI = 2, RES = 1.9e-06 (6.3e-06), CFL=0.346 (ELAPSED 00:00:51 )
-------------------------------------------------------------------------------------------------------------
	 #1 (1.1973e-02, 1.5624e-03): lin 1 (0.0e+00)
Composition correction applied in 9 block(s)
	 #2 (5.1531e-04, 5.0059e-07): lin 1 (0.0e+00)
Composition correction applied in 9 block(s)
-------------------------------------------------------------------------------------------------------------
 T = 625.047, DT = 1, NI = 2, LI = 2, RES = 1.3e-07 (4.5e-06), CFL=0.332 (ELAPSED 00:00:51 )
-------------------------------------------------------------------------------------------------------------
	 #1 (1.2577e-02, 1.8640e-03): lin 1 (0.0e+00)
Composition correction applied in 9 block(s)
	 #2 (1.0107e-03, 3.6100e-06): lin 1 (0.0e+00)
Composition correction applied in 9 block(s)
	 #3 (2.8394e-05, 2.4998e-06): lin 1 (0.0e+00)
Composition correction applied in 9 block(s)
-------------------------------------------------------------------------------------------------------------
 T = 626.047, DT = 1, NI = 3, LI = 3, RES = 5.4e-09 (3.9e-06), CFL=0.316 (ELAPSED 00:00:51 )
-------------------------------------------------------------------------------------------------------------
	 #1 (1.2236e-02, 2.9950e-03): lin 1 (0.0e+00)
Composition correction applied in 9 block(s)
	 #2 (8.6830e-03, 3.4834e-06): lin 1 (0.0e+00)
Composition correction applied in 9 block(s)
	 #3 (2.5968e-04, 1.3218e-05): lin 1 (0.0e+00)
Composition correction applied in 9 block(s)
-------------------------------------------------------------------------------------------------------------
 T = 627.047, DT = 1, NI = 3, LI = 3, RES = 2.8e-07 (3.7e-06), CFL=0.350 (ELAPSED 00:00:51 )
-------------------------------------------------------------------------------------------------------------
	 #1 (1.0639e-02, 4.5892e-03): lin 1 (0.0e+00)
Composition correction applied in 9 block(s)
	 #2 (1.1727e-03, 3.8342e-06): lin 1 (0.0e+00)
Composition correction applied in 9 block(s)
-------------------------------------------------------------------------------------------------------------
 T = 628.047, DT = 1, NI = 2, LI = 2, RES = 1.5e-06 (2.5e-06), CFL=0.343 (ELAPSED 00:00:51 )
-------------------------------------------------------------------------------------------------------------
	 #1 (1.2269e-02, 2.4518e-04): lin 1 (0.0e+00)
Composition correction applied in 9 block(s)
	 #2 (6.0471e-04, 3.8004e-06): lin 1 (0.0e+00)
Composition correction applied in 9 block(s)
-------------------------------------------------------------------------------------------------------------
 T = 629.047, DT = 1, NI = 2, LI = 2, RES = 2.2e-06 (2.1e-07), CFL=0.328 (ELAPSED 00:00:51 )
-------------------------------------------------------------------------------------------------------------
	 #1 (1.2567e-02, 2.4873e-03): lin 1 (0.0e+00)
Composition correction applied in 9 block(s)
	 #2 (2.7106e-03, 4.4010e-06): lin 1 (0.0e+00)
Composition correction applied in 9 block(s)
	 #3 (1.8252e-05, 2.8733e-08): lin 1 (0.0e+00)
Composition correction applied in 9 block(s)
-------------------------------------------------------------------------------------------------------------
 T = 630.047, DT = 1, NI = 3, LI = 3, RES = 1.4e-09 (3.0e-06), CFL=0.325 (ELAPSED 00:00:51 )
-------------------------------------------------------------------------------------------------------------
	 #1 (1.0929e-02, 1.0688e-03): lin 1 (0.0e+00)
Composition correction applied in 9 block(s)
	 #2 (7.2974e-04, 3.8873e-06): lin 1 (0.0e+00)
Composition correction applied in 9 block(s)
-------------------------------------------------------------------------------------------------------------
 T = 631.047, DT = 1, NI = 2, LI = 2, RES = 1.9e-06 (1.1e-06), CFL=0.352 (ELAPSED 00:00:51 )
-------------------------------------------------------------------------------------------------------------
	 #1 (1.1325e-02, 3.5897e-03): lin 1 (0.0e+00)
Composition correction applied in 9 block(s)
	 #2 (5.2622e-04, 3.6862e-06): lin 1 (0.0e+00)
Composition correction applied in 9 block(s)
-------------------------------------------------------------------------------------------------------------
 T = 632.047, DT = 1, NI = 2, LI = 2, RES = 1.6e-07 (6.8e-06), CFL=0.339 (ELAPSED 00:00:52 )
-------------------------------------------------------------------------------------------------------------
	 #1 (1.2362e-02, 6.6123e-04): lin 1 (0.0e+00)
Composition correction applied in 9 block(s)
	 #2 (7.5865e-04, 5.2868e-06): lin 1 (0.0e+00)
Composition correction applied in 9 block(s)
	 #3 (1.0180e-05, 1.7175e-07): lin 1 (0.0e+00)
Composition correction applied in 9 block(s)
-------------------------------------------------------------------------------------------------------------
 T = 633.047, DT = 1, NI = 3, LI = 3, RES = 6.9e-10 (3.2e-06), CFL=0.324 (ELAPSED 00:00:52 )
-------------------------------------------------------------------------------------------------------------
	 #1 (1.2434e-02, 2.7880e-03): lin 1 (0.0e+00)
Composition correction applied in 9 block(s)
	 #2 (5.2965e-03, 7.1752e-06): lin 1 (0.0e+00)
Composition correction applied in 9 block(s)
	 #3 (8.1548e-05, 2.1441e-06): lin 1 (0.0e+00)
Composition correction applied in 9 block(s)
-------------------------------------------------------------------------------------------------------------
 T = 634.047, DT = 1, NI = 3, LI = 3, RES = 2.8e-08 (6.3e-06), CFL=0.335 (ELAPSED 00:00:52 )
-------------------------------------------------------------------------------------------------------------
	 #1 (1.0052e-02, 1.3800e-03): lin 1 (0.0e+00)
Composition correction applied in 9 block(s)
	 #2 (7.7144e-04, 1.6102e-06): lin 1 (0.0e+00)
Composition correction applied in 9 block(s)
-------------------------------------------------------------------------------------------------------------
 T = 635.047, DT = 1, NI = 2, LI = 2, RES = 1.9e-06 (3.5e-06), CFL=0.349 (ELAPSED 00:00:52 )
-------------------------------------------------------------------------------------------------------------
	 #1 (1.1733e-02, 2.0466e-03): lin 1 (0.0e+00)
Composition correction applied in 9 block(s)
	 #2 (5.1571e-04, 6.5964e-06): lin 1 (0.0e+00)
Composition correction applied in 9 block(s)
-------------------------------------------------------------------------------------------------------------
 T = 636.047, DT = 1, NI = 2, LI = 2, RES = 1.3e-07 (2.8e-06), CFL=0.334 (ELAPSED 00:00:52 )
-------------------------------------------------------------------------------------------------------------
	 #1 (1.2450e-02, 1.5118e-03): lin 1 (0.0e+00)
Composition correction applied in 9 block(s)
	 #2 (9.2959e-04, 9.3920e-06): lin 1 (0.0e+00)
Composition correction applied in 9 block(s)
	 #3 (2.2175e-05, 1.9503e-06): lin 1 (0.0e+00)
Composition correction applied in 9 block(s)
-------------------------------------------------------------------------------------------------------------
 T = 637.047, DT = 1, NI = 3, LI = 3, RES = 3.3e-09 (3.5e-06), CFL=0.319 (ELAPSED 00:00:52 )
-------------------------------------------------------------------------------------------------------------
	 #1 (1.2225e-02, 2.8987e-03): lin 1 (0.0e+00)
Composition correction applied in 10 block(s)
	 #2 (7.7189e-03, 5.7004e-07): lin 1 (0.0e+00)
Composition correction applied in 10 block(s)
	 #3 (1.9540e-04, 3.0716e-07): lin 1 (0.0e+00)
Composition correction applied in 10 block(s)
-------------------------------------------------------------------------------------------------------------
 T = 638.047, DT = 1, NI = 3, LI = 3, RES = 1.6e-07 (1.0e-06), CFL=0.346 (ELAPSED 00:00:52 )
-------------------------------------------------------------------------------------------------------------
	 #1 (1.0218e-02, 3.6063e-03): lin 1 (0.0e+00)
Composition correction applied in 10 block(s)
	 #2 (1.0259e-03, 8.7859e-06): lin 1 (0.0e+00)
Composition correction applied in 10 block(s)
-------------------------------------------------------------------------------------------------------------
 T = 639.047, DT = 1, NI = 2, LI = 2, RES = 1.6e-06 (3.6e-06), CFL=0.344 (ELAPSED 00:00:52 )
-------------------------------------------------------------------------------------------------------------
	 #1 (1.2053e-02, 7.0005e-04): lin 1 (0.0e+00)
Composition correction applied in 10 block(s)
	 #2 (5.5367e-04, 9.0237e-06): lin 1 (0.0e+00)
Composition correction applied in 10 block(s)
-------------------------------------------------------------------------------------------------------------
 T = 640.047, DT = 1, NI = 2, LI = 2, RES = 5.4e-07 (4.3e-06), CFL=0.330 (ELAPSED 00:00:52 )
-------------------------------------------------------------------------------------------------------------
	 #1 (1.2465e-02, 2.1968e-03): lin 1 (0.0e+00)
Composition correction applied in 10 block(s)
	 #2 (1.6705e-03, 7.2956e-06): lin 1 (0.0e+00)
Composition correction applied in 10 block(s)
-------------------------------------------------------------------------------------------------------------
 T = 641.047, DT = 1, NI = 2, LI = 2, RES = 6.2e-06 (3.2e-08), CFL=0.320 (ELAPSED 00:00:52 )
-------------------------------------------------------------------------------------------------------------
	 #1 (1.1406e-02, 1.9793e-03): lin 1 (0.0e+00)
Composition correction applied in 10 block(s)
	 #2 (7.8501e-04, 4.9738e-06): lin 1 (0.0e+00)
Composition correction applied in 10 block(s)
-------------------------------------------------------------------------------------------------------------
 T = 642.047, DT = 1, NI = 2, LI = 2, RES = 2.2e-06 (2.1e-06), CFL=0.353 (ELAPSED 00:00:52 )
-------------------------------------------------------------------------------------------------------------
	 #1 (1.1009e-02, 4.1410e-03): lin 1 (0.0e+00)
Composition correction applied in 10 block(s)
	 #2 (1.4210e-03, 2.3441e-06): lin 1 (0.0e+00)
Composition correction applied in 10 block(s)
-------------------------------------------------------------------------------------------------------------
 T = 643.047, DT = 1, NI = 2, LI = 2, RES = 1.7e-06 (3.9e-08), CFL=0.341 (ELAPSED 00:00:52 )
-------------------------------------------------------------------------------------------------------------
	 #1 (1.2227e-02, 3.3680e-04): lin 1 (0.0e+00)
Composition correction applied in 10 block(s)
	 #2 (6.8878e-04, 2.3564e-06): lin 1 (0.0e+00)
Composition correction applied in 10 block(s)
-------------------------------------------------------------------------------------------------------------
 T = 644.047, DT = 1, NI = 2, LI = 2, RES = 6.4e-06 (3.4e-06), CFL=0.326 (ELAPSED 00:00:52 )
-------------------------------------------------------------------------------------------------------------
	 #1 (1.2385e-02, 2.6159e-03): lin 1 (0.0e+00)
Composition correction applied in 10 block(s)
	 #2 (4.3082e-03, 5.2597e-06): lin 1 (0.0e+00)
Composition correction applied in 10 block(s)
	 #3 (5.1623e-05, 8.1823e-06): lin 1 (0.0e+00)
Composition correction applied in 10 block(s)
-------------------------------------------------------------------------------------------------------------
 T = 645.047, DT = 1, NI = 3, LI = 3, RES = 1.1e-08 (9.0e-06), CFL=0.331 (ELAPSED 00:00:52 )
-------------------------------------------------------------------------------------------------------------
	 #1 (1.0168e-02, 4.5425e-04): lin 1 (0.0e+00)
Composition correction applied in 10 block(s)
	 #2 (7.2453e-04, 6.8325e-06): lin 1 (0.0e+00)
Composition correction applied in 10 block(s)
-------------------------------------------------------------------------------------------------------------
 T = 646.047, DT = 1, NI = 2, LI = 2, RES = 1.9e-06 (1.5e-06), CFL=0.350 (ELAPSED 00:00:52 )
-------------------------------------------------------------------------------------------------------------
	 #1 (1.1476e-02, 2.4914e-03): lin 1 (0.0e+00)
Composition correction applied in 10 block(s)
	 #2 (5.1431e-04, 5.9337e-07): lin 1 (0.0e+00)
Composition correction applied in 10 block(s)
-------------------------------------------------------------------------------------------------------------
 T = 647.047, DT = 1, NI = 2, LI = 2, RES = 1.3e-07 (5.2e-06), CFL=0.336 (ELAPSED 00:00:53 )
-------------------------------------------------------------------------------------------------------------
	 #1 (1.2303e-02, 1.1788e-03): lin 1 (0.0e+00)
Composition correction applied in 10 block(s)
	 #2 (8.5517e-04, 2.2716e-07): lin 1 (0.0e+00)
Composition correction applied in 10 block(s)
	 #3 (1.7001e-05, 2.8565e-06): lin 1 (0.0e+00)
Composition correction applied in 10 block(s)
-------------------------------------------------------------------------------------------------------------
 T = 648.047, DT = 1, NI = 3, LI = 3, RES = 2.0e-09 (1.4e-06), CFL=0.321 (ELAPSED 00:00:53 )
-------------------------------------------------------------------------------------------------------------
	 #1 (1.2192e-02, 2.7699e-03): lin 1 (0.0e+00)
Composition correction applied in 10 block(s)
	 #2 (6.7781e-03, 4.9781e-06): lin 1 (0.0e+00)
Composition correction applied in 10 block(s)
	 #3 (1.4440e-04, 5.0128e-06): lin 1 (0.0e+00)
Composition correction applied in 10 block(s)
-------------------------------------------------------------------------------------------------------------
 T = 649.047, DT = 1, NI = 3, LI = 3, RES = 8.8e-08 (1.5e-06), CFL=0.341 (ELAPSED 00:00:53 )
-------------------------------------------------------------------------------------------------------------
	 #1 (9.9381e-03, 2.7063e-03): lin 1 (0.0e+00)
Composition correction applied in 10 block(s)
	 #2 (8.8884e-04, 4.9521e-06): lin 1 (0.0e+00)
Composition correction applied in 10 block(s)
-------------------------------------------------------------------------------------------------------------
 T = 650.047, DT = 1, NI = 2, LI = 2, RES = 1.8e-06 (1.5e-06), CFL=0.346 (ELAPSED 00:00:53 )
-------------------------------------------------------------------------------------------------------------
	 #1 (1.1825e-02, 1.1414e-03): lin 1 (0.0e+00)
Composition correction applied in 10 block(s)
	 #2 (5.1892e-04, 4.0252e-06): lin 1 (0.0e+00)
Composition correction applied in 10 block(s)
-------------------------------------------------------------------------------------------------------------
 T = 651.047, DT = 1, NI = 2, LI = 2, RES = 1.3e-07 (7.2e-07), CFL=0.331 (ELAPSED 00:00:53 )
-------------------------------------------------------------------------------------------------------------
	 #1 (1.2353e-02, 1.8879e-03): lin 1 (0.0e+00)
Composition correction applied in 10 block(s)
	 #2 (8.5991e-04, 3.5104e-06): lin 1 (0.0e+00)
Composition correction applied in 10 block(s)
	 #3 (2.7575e-05, 1.4612e-06): lin 1 (0.0e+00)
Composition correction applied in 10 block(s)
-------------------------------------------------------------------------------------------------------------
 T = 652.047, DT = 1, NI = 3, LI = 3, RES = 6.0e-09 (1.6e-06), CFL=0.316 (ELAPSED 00:00:53 )
-------------------------------------------------------------------------------------------------------------
	 #1 (1.1973e-02, 2.8434e-03): lin 1 (0.0e+00)
Composition correction applied in 10 block(s)
	 #2 (8.3822e-04, 7.2556e-06): lin 1 (0.0e+00)
Composition correction applied in 10 block(s)
-------------------------------------------------------------------------------------------------------------
 T = 653.047, DT = 1, NI = 2, LI = 2, RES = 2.6e-06 (2.9e-06), CFL=0.353 (ELAPSED 00:00:53 )
-------------------------------------------------------------------------------------------------------------
	 #1 (1.0688e-02, 4.6379e-03): lin 1 (0.0e+00)
Composition correction applied in 10 block(s)
	 #2 (1.2445e-03, 4.3665e-06): lin 1 (0.0e+00)
Composition correction applied in 10 block(s)
-------------------------------------------------------------------------------------------------------------
 T = 654.047, DT = 1, NI = 2, LI = 2, RES = 1.4e-06 (1.4e-06), CFL=0.343 (ELAPSED 00:00:53 )
-------------------------------------------------------------------------------------------------------------
	 #1 (1.2089e-02, 2.3334e-05): lin 1 (0.0e+00)
Composition correction applied in 10 block(s)
	 #2 (6.2680e-04, 5.3909e-06): lin 1 (0.0e+00)
Composition correction applied in 10 block(s)
-------------------------------------------------------------------------------------------------------------
 T = 655.047, DT = 1, NI = 2, LI = 2, RES = 3.5e-06 (2.7e-06), CFL=0.328 (ELAPSED 00:00:53 )
-------------------------------------------------------------------------------------------------------------
	 #1 (1.2326e-02, 2.4349e-03): lin 1 (0.0e+00)
Composition correction applied in 10 block(s)
	 #2 (3.3188e-03, 3.4546e-06): lin 1 (0.0e+00)
Composition correction applied in 10 block(s)
	 #3 (2.9070e-05, 9.8031e-07): lin 1 (0.0e+00)
Composition correction applied in 10 block(s)
-------------------------------------------------------------------------------------------------------------
 T = 656.047, DT = 1, NI = 3, LI = 3, RES = 3.7e-09 (2.1e-06), CFL=0.328 (ELAPSED 00:00:53 )
-------------------------------------------------------------------------------------------------------------
	 #1 (1.0430e-02, 4.5081e-04): lin 1 (0.0e+00)
Composition correction applied in 10 block(s)
	 #2 (7.0728e-04, 3.4129e-06): lin 1 (0.0e+00)
Composition correction applied in 10 block(s)
-------------------------------------------------------------------------------------------------------------
 T = 657.047, DT = 1, NI = 2, LI = 2, RES = 1.8e-06 (1.1e-06), CFL=0.352 (ELAPSED 00:00:53 )
-------------------------------------------------------------------------------------------------------------
	 #1 (1.1216e-02, 2.9278e-03): lin 1 (0.0e+00)
Composition correction applied in 10 block(s)
	 #2 (5.1306e-04, 1.0438e-06): lin 1 (0.0e+00)
Composition correction applied in 10 block(s)
-------------------------------------------------------------------------------------------------------------
 T = 658.047, DT = 1, NI = 2, LI = 2, RES = 1.4e-07 (8.1e-06), CFL=0.338 (ELAPSED 00:00:53 )
-------------------------------------------------------------------------------------------------------------
	 #1 (1.2151e-02, 8.3488e-04): lin 1 (0.0e+00)
Composition correction applied in 10 block(s)
	 #2 (7.8555e-04, 1.6103e-06): lin 1 (0.0e+00)
Composition correction applied in 10 block(s)
	 #3 (1.2578e-05, 1.5154e-06): lin 1 (0.0e+00)
Composition correction applied in 10 block(s)
-------------------------------------------------------------------------------------------------------------
 T = 659.047, DT = 1, NI = 3, LI = 3, RES = 1.1e-09 (3.1e-08), CFL=0.323 (ELAPSED 00:00:53 )
-------------------------------------------------------------------------------------------------------------
	 #1 (1.2158e-02, 2.6221e-03): lin 1 (0.0e+00)
Composition correction applied in 10 block(s)
	 #2 (5.8381e-03, 6.1019e-06): lin 1 (0.0e+00)
Composition correction applied in 10 block(s)
	 #3 (1.0322e-04, 2.9109e-06): lin 1 (0.0e+00)
Composition correction applied in 10 block(s)
-------------------------------------------------------------------------------------------------------------
 T = 660.047, DT = 1, NI = 3, LI = 3, RES = 4.5e-08 (2.2e-06), CFL=0.337 (ELAPSED 00:00:53 )
-------------------------------------------------------------------------------------------------------------
	 #1 (9.8063e-03, 1.8313e-03): lin 1 (0.0e+00)
Composition correction applied in 10 block(s)
	 #2 (7.9855e-04, 3.5125e-06): lin 1 (0.0e+00)
Composition correction applied in 10 block(s)
-------------------------------------------------------------------------------------------------------------
 T = 661.047, DT = 1, NI = 2, LI = 2, RES = 1.8e-06 (4.5e-06), CFL=0.348 (ELAPSED 00:00:54 )
-------------------------------------------------------------------------------------------------------------
	 #1 (1.1591e-02, 1.5584e-03): lin 1 (0.0e+00)
Composition correction applied in 10 block(s)
	 #2 (5.0359e-04, 2.0099e-06): lin 1 (0.0e+00)
Composition correction applied in 10 block(s)
-------------------------------------------------------------------------------------------------------------
 T = 662.047, DT = 1, NI = 2, LI = 2, RES = 2.0e-07 (3.5e-06), CFL=0.333 (ELAPSED 00:00:54 )
-------------------------------------------------------------------------------------------------------------
	 #1 (1.2226e-02, 1.5918e-03): lin 1 (0.0e+00)
Composition correction applied in 10 block(s)
	 #2 (1.7640e-03, 3.9201e-06): lin 1 (0.0e+00)
Composition correction applied in 10 block(s)
	 #3 (2.9412e-05, 4.2049e-06): lin 1 (0.0e+00)
Composition correction applied in 10 block(s)
-------------------------------------------------------------------------------------------------------------
 T = 663.047, DT = 1, NI = 3, LI = 3, RES = 1.0e-08 (4.9e-07), CFL=0.318 (ELAPSED 00:00:54 )
-------------------------------------------------------------------------------------------------------------
	 #1 (1.1946e-02, 2.7144e-03): lin 1 (0.0e+00)
Composition correction applied in 10 block(s)
	 #2 (8.1589e-03, 6.0797e-06): lin 1 (0.0e+00)
Composition correction applied in 10 block(s)
	 #3 (2.2735e-04, 7.8606e-06): lin 1 (0.0e+00)
Composition correction applied in 10 block(s)
-------------------------------------------------------------------------------------------------------------
 T = 664.047, DT = 1, NI = 3, LI = 3, RES = 2.2e-07 (1.0e-06), CFL=0.348 (ELAPSED 00:00:54 )
-------------------------------------------------------------------------------------------------------------
	 #1 (1.0187e-02, 3.6623e-03): lin 1 (0.0e+00)
Composition correction applied in 10 block(s)
	 #2 (1.0808e-03, 3.5284e-06): lin 1 (0.0e+00)
Composition correction applied in 10 block(s)
-------------------------------------------------------------------------------------------------------------
 T = 665.047, DT = 1, NI = 2, LI = 2, RES = 1.5e-06 (1.0e-06), CFL=0.342 (ELAPSED 00:00:54 )
-------------------------------------------------------------------------------------------------------------
	 #1 (1.1824e-02, 2.1999e-04): lin 1 (0.0e+00)
Composition correction applied in 10 block(s)
	 #2 (5.5875e-04, 4.6985e-06): lin 1 (0.0e+00)
Composition correction applied in 10 block(s)
-------------------------------------------------------------------------------------------------------------
 T = 666.047, DT = 1, NI = 2, LI = 2, RES = 1.3e-06 (3.7e-06), CFL=0.327 (ELAPSED 00:00:54 )
-------------------------------------------------------------------------------------------------------------
	 #1 (1.2147e-02, 2.2668e-03): lin 1 (0.0e+00)
Composition correction applied in 10 block(s)
	 #2 (2.1396e-03, 2.0250e-06): lin 1 (0.0e+00)
Composition correction applied in 10 block(s)
	 #3 (1.0998e-05, 5.5328e-07): lin 1 (0.0e+00)
Composition correction applied in 10 block(s)
-------------------------------------------------------------------------------------------------------------
 T = 667.047, DT = 1, NI = 3, LI = 3, RES = 5.4e-10 (6.5e-06), CFL=0.321 (ELAPSED 00:00:54 )
-------------------------------------------------------------------------------------------------------------
	 #1 (1.0808e-02, 1.4547e-03): lin 1 (0.0e+00)
Composition correction applied in 10 block(s)
	 #2 (7.2247e-04, 1.6945e-06): lin 1 (0.0e+00)
Composition correction applied in 10 block(s)
-------------------------------------------------------------------------------------------------------------
 T = 668.047, DT = 1, NI = 2, LI = 2, RES = 1.8e-06 (3.1e-06), CFL=0.350 (ELAPSED 00:00:54 )
-------------------------------------------------------------------------------------------------------------
	 #1 (1.0807e-02, 3.4893e-03): lin 1 (0.0e+00)
Composition correction applied in 10 block(s)
	 #2 (1.4448e-03, 3.2417e-06): lin 1 (0.0e+00)
Composition correction applied in 10 block(s)
-------------------------------------------------------------------------------------------------------------
 T = 669.047, DT = 1, NI = 2, LI = 2, RES = 1.8e-06 (3.9e-06), CFL=0.338 (ELAPSED 00:00:54 )
-------------------------------------------------------------------------------------------------------------
	 #1 (1.1906e-02, 3.7537e-04): lin 1 (0.0e+00)
Composition correction applied in 10 block(s)
	 #2 (6.8751e-04, 8.9327e-06): lin 1 (0.0e+00)
Composition correction applied in 10 block(s)
-------------------------------------------------------------------------------------------------------------
 T = 670.047, DT = 1, NI = 2, LI = 2, RES = 7.3e-06 (5.6e-06), CFL=0.323 (ELAPSED 00:00:54 )
-------------------------------------------------------------------------------------------------------------
	 #1 (1.2053e-02, 2.4012e-03): lin 1 (0.0e+00)
Composition correction applied in 10 block(s)
	 #2 (4.4827e-03, 1.2598e-06): lin 1 (0.0e+00)
Composition correction applied in 10 block(s)
	 #3 (5.7185e-05, 1.3970e-06): lin 1 (0.0e+00)
Composition correction applied in 10 block(s)
-------------------------------------------------------------------------------------------------------------
 T = 671.047, DT = 1, NI = 3, LI = 3, RES = 1.4e-08 (3.1e-06), CFL=0.331 (ELAPSED 00:00:54 )
-------------------------------------------------------------------------------------------------------------
	 #1 (9.8371e-03, 6.9281e-04): lin 1 (0.0e+00)
Composition correction applied in 10 block(s)
	 #2 (7.0535e-04, 4.1244e-06): lin 1 (0.0e+00)
Composition correction applied in 10 block(s)
-------------------------------------------------------------------------------------------------------------
 T = 672.047, DT = 1, NI = 2, LI = 2, RES = 1.7e-06 (7.9e-06), CFL=0.348 (ELAPSED 00:00:54 )
-------------------------------------------------------------------------------------------------------------
	 #1 (1.1228e-02, 2.2563e-03): lin 1 (0.0e+00)
Composition correction applied in 10 block(s)
	 #2 (4.9838e-04, 3.5322e-06): lin 1 (0.0e+00)
Composition correction applied in 10 block(s)
-------------------------------------------------------------------------------------------------------------
 T = 673.047, DT = 1, NI = 2, LI = 2, RES = 1.3e-07 (1.7e-07), CFL=0.334 (ELAPSED 00:00:54 )
-------------------------------------------------------------------------------------------------------------
	 #1 (1.2024e-02, 1.0701e-03): lin 1 (0.0e+00)
Composition correction applied in 10 block(s)
	 #2 (8.4711e-04, 6.5254e-06): lin 1 (0.0e+00)
Composition correction applied in 10 block(s)
	 #3 (1.7467e-05, 4.4317e-07): lin 1 (0.0e+00)
Composition correction applied in 10 block(s)
-------------------------------------------------------------------------------------------------------------
 T = 674.047, DT = 1, NI = 3, LI = 3, RES = 2.1e-09 (1.0e-06), CFL=0.319 (ELAPSED 00:00:54 )
-------------------------------------------------------------------------------------------------------------
	 #1 (1.1913e-02, 2.5311e-03): lin 1 (0.0e+00)
Composition correction applied in 10 block(s)
	 #2 (6.7801e-03, 3.6365e-06): lin 1 (0.0e+00)
Composition correction applied in 10 block(s)
	 #3 (1.4667e-04, 1.1132e-05): lin 1 (0.0e+00)
Composition correction applied in 10 block(s)
-------------------------------------------------------------------------------------------------------------
 T = 675.047, DT = 1, NI = 3, LI = 3, RES = 9.1e-08 (1.3e-06), CFL=0.341 (ELAPSED 00:00:54 )
-------------------------------------------------------------------------------------------------------------
	 #1 (9.7315e-03, 2.6467e-03): lin 1 (0.0e+00)
Composition correction applied in 10 block(s)
	 #2 (8.7780e-04, 1.8292e-06): lin 1 (0.0e+00)
Composition correction applied in 10 block(s)
-------------------------------------------------------------------------------------------------------------
 T = 676.047, DT = 1, NI = 2, LI = 2, RES = 1.7e-06 (2.0e-06), CFL=0.345 (ELAPSED 00:00:55 )
-------------------------------------------------------------------------------------------------------------
	 #1 (1.1580e-02, 1.0497e-03): lin 1 (0.0e+00)
Composition correction applied in 10 block(s)
	 #2 (5.1020e-04, 5.8343e-06): lin 1 (0.0e+00)
Composition correction applied in 10 block(s)
	 #3 (1.1647e-05, 6.0231e-06): lin 1 (0.0e+00)
Composition correction applied in 10 block(s)
-------------------------------------------------------------------------------------------------------------
 T = 677.047, DT = 1, NI = 3, LI = 3, RES = 1.6e-09 (1.7e-06), CFL=0.331 (ELAPSED 00:00:55 )
-------------------------------------------------------------------------------------------------------------
	 #1 (1.2096e-02, 1.7355e-03): lin 1 (0.0e+00)
Composition correction applied in 10 block(s)
	 #2 (9.1494e-04, 3.2809e-06): lin 1 (0.0e+00)
Composition correction applied in 10 block(s)
	 #3 (2.8658e-05, 2.8192e-06): lin 1 (0.0e+00)
Composition correction applied in 10 block(s)
-------------------------------------------------------------------------------------------------------------
 T = 678.047, DT = 1, NI = 3, LI = 3, RES = 6.5e-09 (1.1e-06), CFL=0.316 (ELAPSED 00:00:55 )
-------------------------------------------------------------------------------------------------------------
	 #1 (1.1670e-02, 2.5475e-03): lin 1 (0.0e+00)
Composition correction applied in 10 block(s)
	 #2 (8.1123e-04, 5.7964e-06): lin 1 (0.0e+00)
Composition correction applied in 10 block(s)
-------------------------------------------------------------------------------------------------------------
 T = 679.047, DT = 1, NI = 2, LI = 2, RES = 2.5e-06 (5.1e-08), CFL=0.352 (ELAPSED 00:00:55 )
-------------------------------------------------------------------------------------------------------------
	 #1 (1.0481e-02, 4.2558e-03): lin 1 (0.0e+00)
Composition correction applied in 10 block(s)
	 #2 (1.2295e-03, 4.3292e-06): lin 1 (0.0e+00)
Composition correction applied in 10 block(s)
-------------------------------------------------------------------------------------------------------------
 T = 680.047, DT = 1, NI = 2, LI = 2, RES = 1.4e-06 (3.8e-07), CFL=0.342 (ELAPSED 00:00:55 )
-------------------------------------------------------------------------------------------------------------
	 #1 (1.1841e-02, 4.3271e-06): lin 1 (0.0e+00)
Composition correction applied in 10 block(s)
	 #2 (6.1780e-04, 1.4844e-06): lin 1 (0.0e+00)
Composition correction applied in 10 block(s)
-------------------------------------------------------------------------------------------------------------
 T = 681.047, DT = 1, NI = 2, LI = 2, RES = 3.6e-06 (5.0e-08), CFL=0.327 (ELAPSED 00:00:55 )
-------------------------------------------------------------------------------------------------------------
	 #1 (1.2079e-02, 2.2574e-03): lin 1 (0.0e+00)
Composition correction applied in 10 block(s)
	 #2 (3.3198e-03, 3.6534e-06): lin 1 (0.0e+00)
Composition correction applied in 10 block(s)
	 #3 (2.9554e-05, 2.2294e-06): lin 1 (0.0e+00)
Composition correction applied in 10 block(s)
-------------------------------------------------------------------------------------------------------------
 T = 682.047, DT = 1, NI = 3, LI = 3, RES = 3.8e-09 (1.0e-07), CFL=0.328 (ELAPSED 00:00:55 )
-------------------------------------------------------------------------------------------------------------
	 #1 (1.0200e-02, 3.7734e-04): lin 1 (0.0e+00)
Composition correction applied in 10 block(s)
	 #2 (6.8978e-04, 6.2381e-06): lin 1 (0.0e+00)
Composition correction applied in 10 block(s)
-------------------------------------------------------------------------------------------------------------
 T = 683.047, DT = 1, NI = 2, LI = 2, RES = 1.7e-06 (6.7e-07), CFL=0.351 (ELAPSED 00:00:55 )
-------------------------------------------------------------------------------------------------------------
	 #1 (1.0997e-02, 2.7041e-03): lin 1 (0.0e+00)
Composition correction applied in 10 block(s)
	 #2 (5.0259e-04, 2.4424e-06): lin 1 (0.0e+00)
Composition correction applied in 10 block(s)
-------------------------------------------------------------------------------------------------------------
 T = 684.047, DT = 1, NI = 2, LI = 2, RES = 1.4e-07 (3.9e-06), CFL=0.338 (ELAPSED 00:00:55 )
-------------------------------------------------------------------------------------------------------------
	 #1 (1.1916e-02, 7.5180e-04): lin 1 (0.0e+00)
Composition correction applied in 10 block(s)
	 #2 (7.7338e-04, 3.3525e-06): lin 1 (0.0e+00)
Composition correction applied in 10 block(s)
	 #3 (1.2468e-05, 1.5952e-06): lin 1 (0.0e+00)
Composition correction applied in 10 block(s)
-------------------------------------------------------------------------------------------------------------
 T = 685.047, DT = 1, NI = 3, LI = 3, RES = 1.1e-09 (3.2e-06), CFL=0.323 (ELAPSED 00:00:55 )
-------------------------------------------------------------------------------------------------------------
	 #1 (1.1925e-02, 2.4578e-03): lin 1 (0.0e+00)
Composition correction applied in 10 block(s)
	 #2 (5.7784e-03, 1.7700e-06): lin 1 (0.0e+00)
Composition correction applied in 10 block(s)
	 #3 (1.0247e-04, 1.3393e-06): lin 1 (0.0e+00)
Composition correction applied in 10 block(s)
-------------------------------------------------------------------------------------------------------------
 T = 686.047, DT = 1, NI = 3, LI = 3, RES = 4.5e-08 (1.4e-06), CFL=0.337 (ELAPSED 00:00:55 )
-------------------------------------------------------------------------------------------------------------
	 #1 (9.6118e-03, 1.7137e-03): lin 1 (0.0e+00)
Composition correction applied in 10 block(s)
	 #2 (7.8450e-04, 2.6371e-06): lin 1 (0.0e+00)
Composition correction applied in 10 block(s)
-------------------------------------------------------------------------------------------------------------
 T = 687.047, DT = 1, NI = 2, LI = 2, RES = 1.8e-06 (2.4e-06), CFL=0.347 (ELAPSED 00:00:55 )
-------------------------------------------------------------------------------------------------------------
	 #1 (1.1367e-02, 1.4476e-03): lin 1 (0.0e+00)
Composition correction applied in 10 block(s)
	 #2 (4.9394e-04, 4.7155e-06): lin 1 (0.0e+00)
Composition correction applied in 10 block(s)
-------------------------------------------------------------------------------------------------------------
 T = 688.047, DT = 1, NI = 2, LI = 2, RES = 1.2e-07 (6.6e-06), CFL=0.333 (ELAPSED 00:00:55 )
-------------------------------------------------------------------------------------------------------------
	 #1 (1.1996e-02, 1.4709e-03): lin 1 (0.0e+00)
Composition correction applied in 10 block(s)
	 #2 (9.4124e-04, 7.7787e-07): lin 1 (0.0e+00)
Composition correction applied in 10 block(s)
	 #3 (2.4876e-05, 2.9787e-07): lin 1 (0.0e+00)
Composition correction applied in 10 block(s)
-------------------------------------------------------------------------------------------------------------
 T = 689.047, DT = 1, NI = 3, LI = 3, RES = 4.3e-09 (3.6e-06), CFL=0.318 (ELAPSED 00:00:55 )
-------------------------------------------------------------------------------------------------------------
	 #1 (1.1724e-02, 2.5512e-03): lin 1 (0.0e+00)
Composition correction applied in 10 block(s)
	 #2 (8.0664e-03, 5.4098e-06): lin 1 (0.0e+00)
Composition correction applied in 10 block(s)
	 #3 (2.2641e-04, 8.6501e-06): lin 1 (0.0e+00)
Composition correction applied in 10 block(s)
-------------------------------------------------------------------------------------------------------------
 T = 690.047, DT = 1, NI = 3, LI = 3, RES = 2.2e-07 (1.4e-06), CFL=0.349 (ELAPSED 00:00:56 )
-------------------------------------------------------------------------------------------------------------
	 #1 (1.0030e-02, 3.5683e-03): lin 1 (0.0e+00)
Composition correction applied in 11 block(s)
	 #2 (1.0779e-03, 1.3368e-06): lin 1 (0.0e+00)
Composition correction applied in 11 block(s)
-------------------------------------------------------------------------------------------------------------
 T = 691.047, DT = 1, NI = 2, LI = 2, RES = 1.4e-06 (1.8e-06), CFL=0.343 (ELAPSED 00:00:56 )
-------------------------------------------------------------------------------------------------------------
	 #1 (1.1656e-02, 3.5526e-04): lin 1 (0.0e+00)
Composition correction applied in 11 block(s)
	 #2 (5.6213e-04, 4.7299e-06): lin 1 (0.0e+00)
Composition correction applied in 11 block(s)
-------------------------------------------------------------------------------------------------------------
 T = 692.047, DT = 1, NI = 2, LI = 2, RES = 1.4e-06 (2.7e-06), CFL=0.329 (ELAPSED 00:00:56 )
-------------------------------------------------------------------------------------------------------------
	 #1 (1.1995e-02, 2.0168e-03): lin 1 (0.0e+00)
Composition correction applied in 11 block(s)
	 #2 (2.3437e-03, 7.6366e-06): lin 1 (0.0e+00)
Composition correction applied in 11 block(s)
	 #3 (1.3728e-05, 3.5645e-06): lin 1 (0.0e+00)
Composition correction applied in 11 block(s)
-------------------------------------------------------------------------------------------------------------
 T = 693.047, DT = 1, NI = 3, LI = 3, RES = 8.4e-10 (2.7e-06), CFL=0.324 (ELAPSED 00:00:56 )
-------------------------------------------------------------------------------------------------------------
	 #1 (1.0572e-02, 1.1436e-03): lin 1 (0.0e+00)
Composition correction applied in 11 block(s)
	 #2 (7.0548e-04, 5.0453e-06): lin 1 (0.0e+00)
Composition correction applied in 11 block(s)
-------------------------------------------------------------------------------------------------------------
 T = 694.047, DT = 1, NI = 2, LI = 2, RES = 1.7e-06 (5.7e-07), CFL=0.352 (ELAPSED 00:00:56 )
-------------------------------------------------------------------------------------------------------------
	 #1 (1.0734e-02, 3.1177e-03): lin 1 (0.0e+00)
Composition correction applied in 11 block(s)
	 #2 (1.4885e-03, 4.7868e-06): lin 1 (0.0e+00)
Composition correction applied in 11 block(s)
-------------------------------------------------------------------------------------------------------------
 T = 695.047, DT = 1, NI = 2, LI = 2, RES = 1.9e-06 (7.1e-06), CFL=0.339 (ELAPSED 00:00:56 )
-------------------------------------------------------------------------------------------------------------
	 #1 (1.1766e-02, 4.3603e-04): lin 1 (0.0e+00)
Composition correction applied in 11 block(s)
	 #2 (7.0587e-04, 1.5310e-06): lin 1 (0.0e+00)
Composition correction applied in 11 block(s)
-------------------------------------------------------------------------------------------------------------
 T = 696.047, DT = 1, NI = 2, LI = 2, RES = 8.4e-06 (1.2e-06), CFL=0.325 (ELAPSED 00:00:56 )
-------------------------------------------------------------------------------------------------------------
	 #1 (1.1890e-02, 2.3249e-03): lin 1 (0.0e+00)
Composition correction applied in 11 block(s)
	 #2 (4.8455e-03, 4.5931e-06): lin 1 (0.0e+00)
Composition correction applied in 11 block(s)
	 #3 (6.9232e-05, 3.7056e-06): lin 1 (0.0e+00)
Composition correction applied in 11 block(s)
-------------------------------------------------------------------------------------------------------------
 T = 697.047, DT = 1, NI = 3, LI = 3, RES = 2.1e-08 (1.4e-07), CFL=0.334 (ELAPSED 00:00:56 )
-------------------------------------------------------------------------------------------------------------
	 #1 (9.6251e-03, 9.1339e-04): lin 1 (0.0e+00)
Composition correction applied in 11 block(s)
	 #2 (7.1990e-04, 4.3356e-07): lin 1 (0.0e+00)
Composition correction applied in 11 block(s)
-------------------------------------------------------------------------------------------------------------
 T = 698.047, DT = 1, NI = 2, LI = 2, RES = 1.7e-06 (8.7e-06), CFL=0.349 (ELAPSED 00:00:56 )
-------------------------------------------------------------------------------------------------------------
	 #1 (1.1134e-02, 1.8368e-03): lin 1 (0.0e+00)
Composition correction applied in 11 block(s)
	 #2 (4.9225e-04, 1.6557e-06): lin 1 (0.0e+00)
Composition correction applied in 11 block(s)
-------------------------------------------------------------------------------------------------------------
 T = 699.047, DT = 1, NI = 2, LI = 2, RES = 1.2e-07 (1.7e-06), CFL=0.335 (ELAPSED 00:00:56 )
-------------------------------------------------------------------------------------------------------------
	 #1 (1.1863e-02, 1.1748e-03): lin 1 (0.0e+00)
Composition correction applied in 11 block(s)
	 #2 (8.6893e-04, 2.6628e-06): lin 1 (0.0e+00)
Composition correction applied in 11 block(s)
	 #3 (1.9526e-05, 5.2383e-06): lin 1 (0.0e+00)
Composition correction applied in 11 block(s)
-------------------------------------------------------------------------------------------------------------
 T = 700.047, DT = 1, NI = 3, LI = 3, RES = 2.7e-09 (6.6e-06), CFL=0.320 (ELAPSED 00:00:56 )
-------------------------------------------------------------------------------------------------------------
	 #1 (1.1700e-02, 2.4281e-03): lin 1 (0.0e+00)
Composition correction applied in 11 block(s)
	 #2 (7.1844e-03, 1.7471e-06): lin 1 (0.0e+00)
Composition correction applied in 11 block(s)
	 #3 (1.7115e-04, 1.5588e-07): lin 1 (0.0e+00)
Composition correction applied in 11 block(s)
-------------------------------------------------------------------------------------------------------------
 T = 701.047, DT = 1, NI = 3, LI = 3, RES = 1.2e-07 (5.0e-08), CFL=0.344 (ELAPSED 00:00:56 )
-------------------------------------------------------------------------------------------------------------
	 #1 (9.6791e-03, 2.8118e-03): lin 1 (0.0e+00)
Composition correction applied in 11 block(s)
	 #2 (9.4732e-04, 5.8840e-06): lin 1 (0.0e+00)
Composition correction applied in 11 block(s)
-------------------------------------------------------------------------------------------------------------
 T = 702.047, DT = 1, NI = 2, LI = 2, RES = 1.6e-06 (4.1e-07), CFL=0.344 (ELAPSED 00:00:56 )
-------------------------------------------------------------------------------------------------------------
	 #1 (1.1454e-02, 7.2517e-04): lin 1 (0.0e+00)
Composition correction applied in 11 block(s)
	 #2 (5.1994e-04, 6.9437e-06): lin 1 (0.0e+00)
Composition correction applied in 11 block(s)
-------------------------------------------------------------------------------------------------------------
 T = 703.047, DT = 1, NI = 2, LI = 2, RES = 1.7e-07 (5.8e-06), CFL=0.330 (ELAPSED 00:00:56 )
-------------------------------------------------------------------------------------------------------------
	 #1 (1.1897e-02, 1.7591e-03): lin 1 (0.0e+00)
Composition correction applied in 11 block(s)
	 #2 (1.3762e-03, 1.5479e-06): lin 1 (0.0e+00)
Composition correction applied in 11 block(s)
-------------------------------------------------------------------------------------------------------------
 T = 704.047, DT = 1, NI = 2, LI = 2, RES = 4.1e-06 (1.2e-06), CFL=0.320 (ELAPSED 00:00:56 )
-------------------------------------------------------------------------------------------------------------
	 #1 (1.1046e-02, 1.8882e-03): lin 1 (0.0e+00)
Composition correction applied in 11 block(s)
	 #2 (7.5545e-04, 2.9820e-06): lin 1 (0.0e+00)
Composition correction applied in 11 block(s)
-------------------------------------------------------------------------------------------------------------
 T = 705.047, DT = 1, NI = 2, LI = 2, RES = 2.1e-06 (1.9e-07), CFL=0.352 (ELAPSED 00:00:57 )
-------------------------------------------------------------------------------------------------------------
	 #1 (1.0433e-02, 3.5556e-03): lin 1 (0.0e+00)
Composition correction applied in 11 block(s)
	 #2 (1.3147e-03, 3.8971e-06): lin 1 (0.0e+00)
Composition correction applied in 11 block(s)
-------------------------------------------------------------------------------------------------------------
 T = 706.047, DT = 1, NI = 2, LI = 2, RES = 1.5e-06 (2.5e-06), CFL=0.341 (ELAPSED 00:00:57 )
-------------------------------------------------------------------------------------------------------------
	 #1 (1.1647e-02, 1.6450e-04): lin 1 (0.0e+00)
Composition correction applied in 11 block(s)
	 #2 (6.4204e-04, 2.3369e-06): lin 1 (0.0e+00)
Composition correction applied in 11 block(s)
-------------------------------------------------------------------------------------------------------------
 T = 707.047, DT = 1, NI = 2, LI = 2, RES = 5.2e-06 (7.0e-06), CFL=0.326 (ELAPSED 00:00:57 )
-------------------------------------------------------------------------------------------------------------
	 #1 (1.1841e-02, 2.1616e-03): lin 1 (0.0e+00)
Composition correction applied in 11 block(s)
	 #2 (3.9166e-03, 1.6862e-06): lin 1 (0.0e+00)
Composition correction applied in 11 block(s)
	 #3 (4.3286e-05, 3.5640e-06): lin 1 (0.0e+00)
Composition correction applied in 11 block(s)
-------------------------------------------------------------------------------------------------------------
 T = 708.047, DT = 1, NI = 3, LI = 3, RES = 8.2e-09 (3.0e-06), CFL=0.331 (ELAPSED 00:00:57 )
-------------------------------------------------------------------------------------------------------------
	 #1 (9.7783e-03, 1.5766e-04): lin 1 (0.0e+00)
Composition correction applied in 11 block(s)
	 #2 (6.8229e-04, 5.2792e-06): lin 1 (0.0e+00)
Composition correction applied in 11 block(s)
-------------------------------------------------------------------------------------------------------------
 T = 709.047, DT = 1, NI = 2, LI = 2, RES = 1.7e-06 (6.5e-06), CFL=0.350 (ELAPSED 00:00:57 )
-------------------------------------------------------------------------------------------------------------
	 #1 (1.0899e-02, 2.1960e-03): lin 1 (0.0e+00)
Composition correction applied in 11 block(s)
	 #2 (4.9110e-04, 1.3394e-06): lin 1 (0.0e+00)
Composition correction applied in 11 block(s)
-------------------------------------------------------------------------------------------------------------
 T = 710.047, DT = 1, NI = 2, LI = 2, RES = 1.6e-07 (3.9e-07), CFL=0.336 (ELAPSED 00:00:57 )
-------------------------------------------------------------------------------------------------------------
	 #1 (1.1728e-02, 8.7898e-04): lin 1 (0.0e+00)
Composition correction applied in 11 block(s)
	 #2 (8.0099e-04, 7.6025e-06): lin 1 (0.0e+00)
Composition correction applied in 11 block(s)
	 #3 (1.4960e-05, 8.5149e-07): lin 1 (0.0e+00)
Composition correction applied in 11 block(s)
-------------------------------------------------------------------------------------------------------------
 T = 711.047, DT = 1, NI = 3, LI = 3, RES = 1.6e-09 (5.8e-07), CFL=0.322 (ELAPSED 00:00:57 )
-------------------------------------------------------------------------------------------------------------
	 #1 (1.1674e-02, 2.3179e-03): lin 1 (0.0e+00)
Composition correction applied in 11 block(s)
	 #2 (6.3029e-03, 2.4916e-06): lin 1 (0.0e+00)
Composition correction applied in 11 block(s)
	 #3 (1.2678e-04, 1.4187e-06): lin 1 (0.0e+00)
Composition correction applied in 11 block(s)
-------------------------------------------------------------------------------------------------------------
 T = 712.047, DT = 1, NI = 3, LI = 3, RES = 6.9e-08 (4.2e-06), CFL=0.340 (ELAPSED 00:00:57 )
-------------------------------------------------------------------------------------------------------------
	 #1 (9.4593e-03, 2.0623e-03): lin 1 (0.0e+00)
Composition correction applied in 11 block(s)
	 #2 (8.2566e-04, 2.7365e-07): lin 1 (0.0e+00)
Composition correction applied in 11 block(s)
-------------------------------------------------------------------------------------------------------------
 T = 713.047, DT = 1, NI = 2, LI = 2, RES = 1.7e-06 (2.5e-07), CFL=0.346 (ELAPSED 00:00:57 )
-------------------------------------------------------------------------------------------------------------
	 #1 (1.1242e-02, 1.0592e-03): lin 1 (0.0e+00)
Composition correction applied in 11 block(s)
	 #2 (4.8937e-04, 3.5315e-06): lin 1 (0.0e+00)
Composition correction applied in 11 block(s)
-------------------------------------------------------------------------------------------------------------
 T = 714.047, DT = 1, NI = 2, LI = 2, RES = 3.4e-06 (4.8e-08), CFL=0.332 (ELAPSED 00:00:57 )
-------------------------------------------------------------------------------------------------------------
	 #1 (1.1797e-02, 1.4880e-03): lin 1 (0.0e+00)
Composition correction applied in 11 block(s)
	 #2 (7.7879e-04, 3.5084e-07): lin 1 (0.0e+00)
Composition correction applied in 11 block(s)
	 #3 (2.5368e-05, 1.5204e-06): lin 1 (0.0e+00)
Composition correction applied in 11 block(s)
-------------------------------------------------------------------------------------------------------------
 T = 715.047, DT = 1, NI = 3, LI = 3, RES = 4.4e-09 (7.3e-07), CFL=0.317 (ELAPSED 00:00:57 )
-------------------------------------------------------------------------------------------------------------
	 #1 (1.1465e-02, 2.4954e-03): lin 1 (0.0e+00)
Composition correction applied in 11 block(s)
	 #2 (8.4790e-03, 6.7647e-06): lin 1 (0.0e+00)
Composition correction applied in 11 block(s)
	 #3 (2.5344e-04, 1.8951e-06): lin 1 (0.0e+00)
Composition correction applied in 11 block(s)
-------------------------------------------------------------------------------------------------------------
 T = 716.047, DT = 1, NI = 3, LI = 3, RES = 2.7e-07 (3.6e-06), CFL=0.350 (ELAPSED 00:00:57 )
-------------------------------------------------------------------------------------------------------------
	 #1 (1.0058e-02, 3.5720e-03): lin 1 (0.0e+00)
Composition correction applied in 11 block(s)
	 #2 (1.1364e-03, 5.9353e-06): lin 1 (0.0e+00)
Composition correction applied in 11 block(s)
-------------------------------------------------------------------------------------------------------------
 T = 717.047, DT = 1, NI = 2, LI = 2, RES = 1.3e-06 (2.8e-08), CFL=0.341 (ELAPSED 00:00:57 )
-------------------------------------------------------------------------------------------------------------
	 #1 (1.1440e-02, 6.6357e-06): lin 1 (0.0e+00)
Composition correction applied in 11 block(s)
	 #2 (5.7098e-04, 1.3997e-06): lin 1 (0.0e+00)
Composition correction applied in 11 block(s)
-------------------------------------------------------------------------------------------------------------
 T = 718.047, DT = 1, NI = 2, LI = 2, RES = 2.4e-06 (4.3e-06), CFL=0.326 (ELAPSED 00:00:57 )
-------------------------------------------------------------------------------------------------------------
	 #1 (1.1702e-02, 2.0563e-03): lin 1 (0.0e+00)
Composition correction applied in 11 block(s)
	 #2 (2.7716e-03, 7.4167e-07): lin 1 (0.0e+00)
Composition correction applied in 11 block(s)
	 #3 (2.0197e-05, 1.2064e-06): lin 1 (0.0e+00)
Composition correction applied in 11 block(s)
-------------------------------------------------------------------------------------------------------------
 T = 719.047, DT = 1, NI = 3, LI = 3, RES = 1.8e-09 (6.4e-07), CFL=0.324 (ELAPSED 00:00:58 )
-------------------------------------------------------------------------------------------------------------
	 #1 (1.0067e-02, 7.4514e-04): lin 1 (0.0e+00)
Composition correction applied in 11 block(s)
	 #2 (6.5776e-04, 4.1196e-06): lin 1 (0.0e+00)
Composition correction applied in 11 block(s)
-------------------------------------------------------------------------------------------------------------
 T = 720.047, DT = 1, NI = 2, LI = 2, RES = 1.6e-06 (3.5e-06), CFL=0.349 (ELAPSED 00:00:58 )
-------------------------------------------------------------------------------------------------------------
	 #1 (1.0538e-02, 2.6555e-03): lin 1 (0.0e+00)
Composition correction applied in 11 block(s)
	 #2 (4.8241e-04, 7.8057e-07): lin 1 (0.0e+00)
Composition correction applied in 11 block(s)
-------------------------------------------------------------------------------------------------------------
 T = 721.047, DT = 1, NI = 2, LI = 2, RES = 1.4e-07 (1.3e-06), CFL=0.336 (ELAPSED 00:00:58 )
-------------------------------------------------------------------------------------------------------------
	 #1 (1.1495e-02, 4.7735e-04): lin 1 (0.0e+00)
Composition correction applied in 11 block(s)
	 #2 (7.0623e-04, 1.8451e-06): lin 1 (0.0e+00)
Composition correction applied in 11 block(s)
-------------------------------------------------------------------------------------------------------------
 T = 722.047, DT = 1, NI = 2, LI = 2, RES = 9.5e-06 (7.2e-07), CFL=0.322 (ELAPSED 00:00:58 )
-------------------------------------------------------------------------------------------------------------
	 #1 (1.1591e-02, 2.1387e-03): lin 1 (0.0e+00)
Composition correction applied in 11 block(s)
	 #2 (5.0135e-03, 1.3948e-06): lin 1 (0.0e+00)
Composition correction applied in 11 block(s)
	 #3 (7.5762e-05, 1.3038e-06): lin 1 (0.0e+00)
Composition correction applied in 11 block(s)
-------------------------------------------------------------------------------------------------------------
 T = 723.047, DT = 1, NI = 3, LI = 3, RES = 2.5e-08 (1.1e-06), CFL=0.333 (ELAPSED 00:00:58 )
-------------------------------------------------------------------------------------------------------------
	 #1 (9.3544e-03, 1.1053e-03): lin 1 (0.0e+00)
Composition correction applied in 11 block(s)
	 #2 (7.0913e-04, 5.0099e-08): lin 1 (0.0e+00)
Composition correction applied in 11 block(s)
-------------------------------------------------------------------------------------------------------------
 T = 724.047, DT = 1, NI = 2, LI = 2, RES = 1.7e-06 (4.0e-06), CFL=0.347 (ELAPSED 00:00:58 )
-------------------------------------------------------------------------------------------------------------
	 #1 (1.0916e-02, 1.6474e-03): lin 1 (0.0e+00)
Composition correction applied in 11 block(s)
	 #2 (4.7834e-04, 6.4072e-06): lin 1 (0.0e+00)
Composition correction applied in 11 block(s)
-------------------------------------------------------------------------------------------------------------
 T = 725.047, DT = 1, NI = 2, LI = 2, RES = 1.1e-07 (2.8e-07), CFL=0.333 (ELAPSED 00:00:58 )
-------------------------------------------------------------------------------------------------------------
	 #1 (1.1616e-02, 1.0838e-03): lin 1 (0.0e+00)
Composition correction applied in 11 block(s)
	 #2 (8.6350e-04, 2.7267e-06): lin 1 (0.0e+00)
Composition correction applied in 11 block(s)
	 #3 (2.0137e-05, 5.6455e-07): lin 1 (0.0e+00)
Composition correction applied in 11 block(s)
-------------------------------------------------------------------------------------------------------------
 T = 726.047, DT = 1, NI = 3, LI = 3, RES = 2.9e-09 (1.9e-06), CFL=0.319 (ELAPSED 00:00:58 )
-------------------------------------------------------------------------------------------------------------
	 #1 (1.1449e-02, 2.2444e-03): lin 1 (0.0e+00)
Composition correction applied in 11 block(s)
	 #2 (7.1976e-03, 6.3233e-06): lin 1 (0.0e+00)
Composition correction applied in 11 block(s)
	 #3 (1.7486e-04, 1.3888e-07): lin 1 (0.0e+00)
Composition correction applied in 11 block(s)
-------------------------------------------------------------------------------------------------------------
 T = 727.047, DT = 1, NI = 3, LI = 3, RES = 1.3e-07 (4.9e-06), CFL=0.344 (ELAPSED 00:00:58 )
-------------------------------------------------------------------------------------------------------------
	 #1 (9.5123e-03, 2.7526e-03): lin 1 (0.0e+00)
Composition correction applied in 11 block(s)
	 #2 (9.4180e-04, 3.9101e-06): lin 1 (0.0e+00)
Composition correction applied in 11 block(s)
-------------------------------------------------------------------------------------------------------------
 T = 728.047, DT = 1, NI = 2, LI = 2, RES = 1.5e-06 (5.3e-07), CFL=0.343 (ELAPSED 00:00:58 )
-------------------------------------------------------------------------------------------------------------
	 #1 (1.1236e-02, 6.6525e-04): lin 1 (0.0e+00)
Composition correction applied in 11 block(s)
	 #2 (5.1366e-04, 3.8677e-06): lin 1 (0.0e+00)
Composition correction applied in 11 block(s)
-------------------------------------------------------------------------------------------------------------
 T = 729.047, DT = 1, NI = 2, LI = 2, RES = 2.8e-07 (1.7e-06), CFL=0.330 (ELAPSED 00:00:58 )
-------------------------------------------------------------------------------------------------------------
	 #1 (1.1667e-02, 1.6395e-03): lin 1 (0.0e+00)
Composition correction applied in 11 block(s)
	 #2 (1.4651e-03, 3.1600e-06): lin 1 (0.0e+00)
Composition correction applied in 11 block(s)
-------------------------------------------------------------------------------------------------------------
 T = 730.047, DT = 1, NI = 2, LI = 2, RES = 4.9e-06 (2.0e-06), CFL=0.320 (ELAPSED 00:00:58 )
-------------------------------------------------------------------------------------------------------------
	 #1 (1.0772e-02, 1.6649e-03): lin 1 (0.0e+00)
Composition correction applied in 11 block(s)
	 #2 (7.3147e-04, 5.0047e-06): lin 1 (0.0e+00)
Composition correction applied in 11 block(s)
-------------------------------------------------------------------------------------------------------------
 T = 731.047, DT = 1, NI = 2, LI = 2, RES = 2.0e-06 (2.4e-06), CFL=0.352 (ELAPSED 00:00:58 )
-------------------------------------------------------------------------------------------------------------
	 #1 (1.0252e-02, 3.2663e-03): lin 1 (0.0e+00)
Composition correction applied in 11 block(s)
	 #2 (1.3042e-03, 6.4104e-06): lin 1 (0.0e+00)
Composition correction applied in 11 block(s)
-------------------------------------------------------------------------------------------------------------
 T = 732.047, DT = 1, NI = 2, LI = 2, RES = 1.5e-06 (3.3e-06), CFL=0.340 (ELAPSED 00:00:58 )
-------------------------------------------------------------------------------------------------------------
	 #1 (1.1426e-02, 1.4513e-04): lin 1 (0.0e+00)
Composition correction applied in 11 block(s)
	 #2 (6.3526e-04, 2.1058e-06): lin 1 (0.0e+00)
Composition correction applied in 11 block(s)
-------------------------------------------------------------------------------------------------------------
 T = 733.047, DT = 1, NI = 2, LI = 2, RES = 5.3e-06 (5.0e-06), CFL=0.326 (ELAPSED 00:00:58 )
-------------------------------------------------------------------------------------------------------------
	 #1 (1.1620e-02, 2.0158e-03): lin 1 (0.0e+00)
Composition correction applied in 11 block(s)
	 #2 (3.9300e-03, 1.7353e-06): lin 1 (0.0e+00)
Composition correction applied in 11 block(s)
	 #3 (4.4280e-05, 4.8008e-06): lin 1 (0.0e+00)
Composition correction applied in 11 block(s)
-------------------------------------------------------------------------------------------------------------
 T = 734.047, DT = 1, NI = 3, LI = 3, RES = 8.7e-09 (3.8e-06), CFL=0.331 (ELAPSED 00:00:59 )
-------------------------------------------------------------------------------------------------------------
	 #1 (9.5739e-03, 2.0417e-04): lin 1 (0.0e+00)
Composition correction applied in 11 block(s)
	 #2 (6.6929e-04, 6.0913e-06): lin 1 (0.0e+00)
Composition correction applied in 11 block(s)
-------------------------------------------------------------------------------------------------------------
 T = 735.047, DT = 1, NI = 2, LI = 2, RES = 1.6e-06 (5.5e-06), CFL=0.350 (ELAPSED 00:00:59 )
-------------------------------------------------------------------------------------------------------------
	 #1 (1.0707e-02, 2.0227e-03): lin 1 (0.0e+00)
Composition correction applied in 11 block(s)
	 #2 (4.8188e-04, 3.5790e-06): lin 1 (0.0e+00)
Composition correction applied in 11 block(s)
-------------------------------------------------------------------------------------------------------------
 T = 736.047, DT = 1, NI = 2, LI = 2, RES = 1.2e-07 (2.9e-06), CFL=0.336 (ELAPSED 00:00:59 )
-------------------------------------------------------------------------------------------------------------
	 #1 (1.1518e-02, 8.2066e-04): lin 1 (0.0e+00)
Composition correction applied in 11 block(s)
	 #2 (7.9111e-04, 4.2347e-06): lin 1 (0.0e+00)
Composition correction applied in 11 block(s)
	 #3 (1.4948e-05, 9.2406e-07): lin 1 (0.0e+00)
Composition correction applied in 11 block(s)
-------------------------------------------------------------------------------------------------------------
 T = 737.047, DT = 1, NI = 3, LI = 3, RES = 1.6e-09 (5.4e-07), CFL=0.322 (ELAPSED 00:00:59 )
-------------------------------------------------------------------------------------------------------------
	 #1 (1.1463e-02, 2.1796e-03): lin 1 (0.0e+00)
Composition correction applied in 11 block(s)
	 #2 (6.2609e-03, 1.3863e-06): lin 1 (0.0e+00)
Composition correction applied in 11 block(s)
	 #3 (1.2684e-04, 4.2373e-06): lin 1 (0.0e+00)
Composition correction applied in 11 block(s)
-------------------------------------------------------------------------------------------------------------
 T = 738.047, DT = 1, NI = 3, LI = 3, RES = 6.9e-08 (5.4e-06), CFL=0.340 (ELAPSED 00:00:59 )
-------------------------------------------------------------------------------------------------------------
	 #1 (9.2920e-03, 1.9592e-03): lin 1 (0.0e+00)
Composition correction applied in 11 block(s)
	 #2 (8.1586e-04, 1.1238e-06): lin 1 (0.0e+00)
Composition correction applied in 11 block(s)
-------------------------------------------------------------------------------------------------------------
 T = 739.047, DT = 1, NI = 2, LI = 2, RES = 1.6e-06 (6.7e-08), CFL=0.346 (ELAPSED 00:00:59 )
-------------------------------------------------------------------------------------------------------------
	 #1 (1.1046e-02, 9.9557e-04): lin 1 (0.0e+00)
Composition correction applied in 11 block(s)
	 #2 (4.8319e-04, 3.7341e-06): lin 1 (0.0e+00)
Composition correction applied in 11 block(s)
-------------------------------------------------------------------------------------------------------------
 T = 740.047, DT = 1, NI = 2, LI = 2, RES = 1.1e-07 (7.7e-07), CFL=0.332 (ELAPSED 00:00:59 )
-------------------------------------------------------------------------------------------------------------
	 #1 (1.1586e-02, 1.4133e-03): lin 1 (0.0e+00)
Composition correction applied in 11 block(s)
	 #2 (7.6358e-04, 1.5592e-06): lin 1 (0.0e+00)
Composition correction applied in 11 block(s)
	 #3 (2.4548e-05, 1.8949e-06): lin 1 (0.0e+00)
Composition correction applied in 11 block(s)
-------------------------------------------------------------------------------------------------------------
 T = 741.047, DT = 1, NI = 3, LI = 3, RES = 4.4e-09 (5.7e-06), CFL=0.317 (ELAPSED 00:00:59 )
-------------------------------------------------------------------------------------------------------------
	 #1 (1.1278e-02, 2.2796e-03): lin 1 (0.0e+00)
Composition correction applied in 11 block(s)
	 #2 (8.4229e-03, 5.8892e-06): lin 1 (0.0e+00)
Composition correction applied in 11 block(s)
	 #3 (2.5458e-04, 2.0433e-06): lin 1 (0.0e+00)
Composition correction applied in 11 block(s)
-------------------------------------------------------------------------------------------------------------
 T = 742.047, DT = 1, NI = 3, LI = 3, RES = 2.7e-07 (4.1e-07), CFL=0.352 (ELAPSED 00:00:59 )
-------------------------------------------------------------------------------------------------------------
	 #1 (9.9447e-03, 3.5161e-03): lin 1 (0.0e+00)
Composition correction applied in 11 block(s)
	 #2 (1.1425e-03, 1.5393e-06): lin 1 (0.0e+00)
Composition correction applied in 11 block(s)
-------------------------------------------------------------------------------------------------------------
 T = 743.047, DT = 1, NI = 2, LI = 2, RES = 1.3e-06 (1.6e-06), CFL=0.342 (ELAPSED 00:00:59 )
-------------------------------------------------------------------------------------------------------------
	 #1 (1.1305e-02, 9.9876e-05): lin 1 (0.0e+00)
Composition correction applied in 12 block(s)
	 #2 (5.7819e-04, 7.4911e-07): lin 1 (0.0e+00)
Composition correction applied in 12 block(s)
-------------------------------------------------------------------------------------------------------------
 T = 744.047, DT = 1, NI = 2, LI = 2, RES = 2.7e-06 (4.6e-06), CFL=0.328 (ELAPSED 00:00:59 )
-------------------------------------------------------------------------------------------------------------
	 #1 (1.1574e-02, 1.8677e-03): lin 1 (0.0e+00)
Composition correction applied in 12 block(s)
	 #2 (3.0009e-03, 4.8440e-07): lin 1 (0.0e+00)
Composition correction applied in 12 block(s)
	 #3 (2.4496e-05, 5.6493e-06): lin 1 (0.0e+00)
Composition correction applied in 12 block(s)
-------------------------------------------------------------------------------------------------------------
 T = 745.047, DT = 1, NI = 3, LI = 3, RES = 2.7e-09 (4.3e-06), CFL=0.328 (ELAPSED 00:00:59 )
-------------------------------------------------------------------------------------------------------------
	 #1 (9.8574e-03, 4.9596e-04): lin 1 (0.0e+00)
Composition correction applied in 12 block(s)
	 #2 (6.5685e-04, 1.3795e-07): lin 1 (0.0e+00)
Composition correction applied in 12 block(s)
-------------------------------------------------------------------------------------------------------------
 T = 746.047, DT = 1, NI = 2, LI = 2, RES = 1.6e-06 (2.3e-06), CFL=0.351 (ELAPSED 00:00:59 )
-------------------------------------------------------------------------------------------------------------
	 #1 (1.0477e-02, 2.3556e-03): lin 1 (0.0e+00)
Composition correction applied in 12 block(s)
	 #2 (4.8121e-04, 5.0881e-06): lin 1 (0.0e+00)
Composition correction applied in 12 block(s)
-------------------------------------------------------------------------------------------------------------
 T = 747.047, DT = 1, NI = 2, LI = 2, RES = 1.4e-07 (4.5e-06), CFL=0.338 (ELAPSED 00:00:59 )
-------------------------------------------------------------------------------------------------------------
	 #1 (1.1388e-02, 5.5714e-04): lin 1 (0.0e+00)
Composition correction applied in 12 block(s)
	 #2 (7.2644e-04, 7.7465e-06): lin 1 (0.0e+00)
Composition correction applied in 12 block(s)
	 #3 (1.0861e-05, 5.8521e-06): lin 1 (0.0e+00)
Composition correction applied in 12 block(s)
-------------------------------------------------------------------------------------------------------------
 T = 748.047, DT = 1, NI = 3, LI = 3, RES = 8.4e-10 (3.2e-06), CFL=0.323 (ELAPSED 00:00:59 )
-------------------------------------------------------------------------------------------------------------
	 #1 (1.1439e-02, 2.0767e-03): lin 1 (0.0e+00)
Composition correction applied in 12 block(s)
	 #2 (5.3842e-03, 3.3421e-06): lin 1 (0.0e+00)
Composition correction applied in 12 block(s)
	 #3 (9.0463e-05, 4.4005e-06): lin 1 (0.0e+00)
Composition correction applied in 12 block(s)
-------------------------------------------------------------------------------------------------------------
 T = 749.047, DT = 1, NI = 3, LI = 3, RES = 3.6e-08 (7.8e-06), CFL=0.337 (ELAPSED 00:01:00 )
-------------------------------------------------------------------------------------------------------------
	 #1 (9.2042e-03, 1.2701e-03): lin 1 (0.0e+00)
Composition correction applied in 12 block(s)
	 #2 (7.3551e-04, 2.9522e-06): lin 1 (0.0e+00)
Composition correction applied in 12 block(s)
-------------------------------------------------------------------------------------------------------------
 T = 750.047, DT = 1, NI = 2, LI = 2, RES = 1.7e-06 (7.4e-06), CFL=0.347 (ELAPSED 00:01:00 )
-------------------------------------------------------------------------------------------------------------
	 #1 (1.0838e-02, 1.3156e-03): lin 1 (0.0e+00)
Composition correction applied in 12 block(s)
	 #2 (4.7295e-04, 6.3358e-07): lin 1 (0.0e+00)
Composition correction applied in 12 block(s)
-------------------------------------------------------------------------------------------------------------
 T = 751.047, DT = 1, NI = 2, LI = 2, RES = 1.1e-07 (6.8e-06), CFL=0.333 (ELAPSED 00:01:00 )
-------------------------------------------------------------------------------------------------------------
	 #1 (1.1474e-02, 1.1754e-03): lin 1 (0.0e+00)
Composition correction applied in 12 block(s)
	 #2 (8.8783e-04, 1.8866e-06): lin 1 (0.0e+00)
Composition correction applied in 12 block(s)
	 #3 (2.2550e-05, 1.7455e-06): lin 1 (0.0e+00)
Composition correction applied in 12 block(s)
-------------------------------------------------------------------------------------------------------------
 T = 752.047, DT = 1, NI = 3, LI = 3, RES = 3.7e-09 (3.4e-06), CFL=0.319 (ELAPSED 00:01:00 )
-------------------------------------------------------------------------------------------------------------
	 #1 (1.1254e-02, 2.1734e-03): lin 1 (0.0e+00)
Composition correction applied in 12 block(s)
	 #2 (7.5983e-03, 5.0916e-06): lin 1 (0.0e+00)
Composition correction applied in 12 block(s)
	 #3 (2.0384e-04, 1.5678e-06): lin 1 (0.0e+00)
Composition correction applied in 12 block(s)
-------------------------------------------------------------------------------------------------------------
 T = 753.047, DT = 1, NI = 3, LI = 3, RES = 1.8e-07 (3.3e-06), CFL=0.348 (ELAPSED 00:01:00 )
-------------------------------------------------------------------------------------------------------------
	 #1 (9.5329e-03, 2.8788e-03): lin 1 (0.0e+00)
Composition correction applied in 12 block(s)
	 #2 (1.0068e-03, 2.6341e-06): lin 1 (0.0e+00)
Composition correction applied in 12 block(s)
-------------------------------------------------------------------------------------------------------------
 T = 754.047, DT = 1, NI = 2, LI = 2, RES = 1.4e-06 (5.6e-06), CFL=0.343 (ELAPSED 00:01:00 )
-------------------------------------------------------------------------------------------------------------
	 #1 (1.1125e-02, 4.1067e-04): lin 1 (0.0e+00)
Composition correction applied in 12 block(s)
	 #2 (5.2995e-04, 2.0118e-06): lin 1 (0.0e+00)
Composition correction applied in 12 block(s)
-------------------------------------------------------------------------------------------------------------
 T = 755.047, DT = 1, NI = 2, LI = 2, RES = 9.7e-07 (1.3e-06), CFL=0.329 (ELAPSED 00:01:00 )
-------------------------------------------------------------------------------------------------------------
	 #1 (1.1488e-02, 1.6646e-03): lin 1 (0.0e+00)
Composition correction applied in 12 block(s)
	 #2 (2.0918e-03, 3.0609e-06): lin 1 (0.0e+00)
Composition correction applied in 12 block(s)
	 #3 (1.1062e-05, 2.0092e-06): lin 1 (0.0e+00)
Composition correction applied in 12 block(s)
-------------------------------------------------------------------------------------------------------------
 T = 756.047, DT = 1, NI = 3, LI = 3, RES = 5.7e-10 (2.8e-06), CFL=0.324 (ELAPSED 00:01:00 )
-------------------------------------------------------------------------------------------------------------
	 #1 (1.0224e-02, 1.1309e-03): lin 1 (0.0e+00)
Composition correction applied in 12 block(s)
	 #2 (6.7958e-04, 2.1035e-06): lin 1 (0.0e+00)
Composition correction applied in 12 block(s)
-------------------------------------------------------------------------------------------------------------
 T = 757.047, DT = 1, NI = 2, LI = 2, RES = 1.6e-06 (6.2e-07), CFL=0.352 (ELAPSED 00:01:00 )
-------------------------------------------------------------------------------------------------------------
	 #1 (1.0225e-02, 2.7027e-03): lin 1 (0.0e+00)
Composition correction applied in 12 block(s)
	 #2 (1.3945e-03, 2.0436e-06): lin 1 (0.0e+00)
Composition correction applied in 12 block(s)
-------------------------------------------------------------------------------------------------------------
 T = 758.047, DT = 1, NI = 2, LI = 2, RES = 1.7e-06 (8.0e-06), CFL=0.340 (ELAPSED 00:01:00 )
-------------------------------------------------------------------------------------------------------------
	 #1 (1.1252e-02, 2.8971e-04): lin 1 (0.0e+00)
Composition correction applied in 12 block(s)
	 #2 (6.6376e-04, 5.4731e-06): lin 1 (0.0e+00)
Composition correction applied in 12 block(s)
-------------------------------------------------------------------------------------------------------------
 T = 759.047, DT = 1, NI = 2, LI = 2, RES = 7.2e-06 (5.8e-07), CFL=0.325 (ELAPSED 00:01:00 )
-------------------------------------------------------------------------------------------------------------
	 #1 (1.1404e-02, 1.9529e-03): lin 1 (0.0e+00)
Composition correction applied in 12 block(s)
	 #2 (4.5074e-03, 3.6371e-07): lin 1 (0.0e+00)
Composition correction applied in 12 block(s)
	 #3 (6.0939e-05, 5.1360e-07): lin 1 (0.0e+00)
Composition correction applied in 12 block(s)
-------------------------------------------------------------------------------------------------------------
 T = 760.047, DT = 1, NI = 3, LI = 3, RES = 1.6e-08 (5.2e-06), CFL=0.333 (ELAPSED 00:01:00 )
-------------------------------------------------------------------------------------------------------------
	 #1 (9.2489e-03, 6.1824e-04): lin 1 (0.0e+00)
Composition correction applied in 12 block(s)
	 #2 (6.7902e-04, 4.5540e-06): lin 1 (0.0e+00)
Composition correction applied in 12 block(s)
-------------------------------------------------------------------------------------------------------------
 T = 761.047, DT = 1, NI = 2, LI = 2, RES = 1.6e-06 (8.0e-07), CFL=0.349 (ELAPSED 00:01:00 )
-------------------------------------------------------------------------------------------------------------
	 #1 (1.0622e-02, 1.6159e-03): lin 1 (0.0e+00)
Composition correction applied in 12 block(s)
	 #2 (4.7184e-04, 1.3862e-06): lin 1 (0.0e+00)
Composition correction applied in 12 block(s)
-------------------------------------------------------------------------------------------------------------
 T = 762.047, DT = 1, NI = 2, LI = 2, RES = 1.1e-07 (1.3e-06), CFL=0.335 (ELAPSED 00:01:00 )
-------------------------------------------------------------------------------------------------------------
	 #1 (1.1354e-02, 9.0862e-04): lin 1 (0.0e+00)
Composition correction applied in 12 block(s)
	 #2 (8.2251e-04, 5.0380e-07): lin 1 (0.0e+00)
Composition correction applied in 12 block(s)
	 #3 (1.7745e-05, 4.6108e-06): lin 1 (0.0e+00)
Composition correction applied in 12 block(s)
-------------------------------------------------------------------------------------------------------------
 T = 763.047, DT = 1, NI = 3, LI = 3, RES = 2.3e-09 (2.2e-06), CFL=0.321 (ELAPSED 00:01:01 )
-------------------------------------------------------------------------------------------------------------
	 #1 (1.1235e-02, 2.0775e-03): lin 1 (0.0e+00)
Composition correction applied in 12 block(s)
	 #2 (6.7683e-03, 2.1391e-06): lin 1 (0.0e+00)
Composition correction applied in 12 block(s)
	 #3 (1.5419e-04, 1.0830e-06): lin 1 (0.0e+00)
Composition correction applied in 12 block(s)
-------------------------------------------------------------------------------------------------------------
 T = 764.047, DT = 1, NI = 3, LI = 3, RES = 1.0e-07 (4.6e-06), CFL=0.343 (ELAPSED 00:01:01 )
-------------------------------------------------------------------------------------------------------------
	 #1 (9.2300e-03, 2.2287e-03): lin 1 (0.0e+00)
Composition correction applied in 12 block(s)
	 #2 (8.8667e-04, 2.3224e-06): lin 1 (0.0e+00)
Composition correction applied in 12 block(s)
-------------------------------------------------------------------------------------------------------------
 T = 765.047, DT = 1, NI = 2, LI = 2, RES = 1.8e-06 (5.1e-06), CFL=0.344 (ELAPSED 00:01:01 )
-------------------------------------------------------------------------------------------------------------
	 #1 (1.0936e-02, 7.0232e-04): lin 1 (0.0e+00)
Composition correction applied in 12 block(s)
	 #2 (5.0087e-04, 3.8984e-06): lin 1 (0.0e+00)
Composition correction applied in 12 block(s)
-------------------------------------------------------------------------------------------------------------
 T = 766.047, DT = 1, NI = 2, LI = 2, RES = 3.6e-06 (1.5e-06), CFL=0.331 (ELAPSED 00:01:01 )
-------------------------------------------------------------------------------------------------------------
	 #1 (1.1395e-02, 1.4521e-03): lin 1 (0.0e+00)
Composition correction applied in 12 block(s)
	 #2 (1.1566e-03, 6.5701e-06): lin 1 (0.0e+00)
Composition correction applied in 12 block(s)
-------------------------------------------------------------------------------------------------------------
 T = 767.047, DT = 1, NI = 2, LI = 2, RES = 2.8e-06 (7.1e-06), CFL=0.319 (ELAPSED 00:01:01 )
-------------------------------------------------------------------------------------------------------------
	 #1 (1.0683e-02, 1.8756e-03): lin 1 (0.0e+00)
Composition correction applied in 12 block(s)
	 #2 (7.1967e-04, 4.5604e-06): lin 1 (0.0e+00)
Composition correction applied in 12 block(s)
-------------------------------------------------------------------------------------------------------------
 T = 768.047, DT = 1, NI = 2, LI = 2, RES = 2.0e-06 (3.2e-06), CFL=0.350 (ELAPSED 00:01:01 )
-------------------------------------------------------------------------------------------------------------
	 #1 (9.8900e-03, 2.9394e-03): lin 1 (0.0e+00)
Composition correction applied in 12 block(s)
	 #2 (1.2073e-03, 2.6458e-06): lin 1 (0.0e+00)
Composition correction applied in 12 block(s)
-------------------------------------------------------------------------------------------------------------
 T = 769.047, DT = 1, NI = 2, LI = 2, RES = 1.4e-06 (1.8e-06), CFL=0.339 (ELAPSED 00:01:01 )
-------------------------------------------------------------------------------------------------------------
	 #1 (1.1067e-02, 1.3558e-04): lin 1 (0.0e+00)
Composition correction applied in 12 block(s)
	 #2 (5.8792e-04, 7.9882e-07): lin 1 (0.0e+00)
Composition correction applied in 12 block(s)
-------------------------------------------------------------------------------------------------------------
 T = 770.047, DT = 1, NI = 2, LI = 2, RES = 3.9e-06 (1.5e-06), CFL=0.325 (ELAPSED 00:01:01 )
-------------------------------------------------------------------------------------------------------------
	 #1 (1.1283e-02, 1.8477e-03): lin 1 (0.0e+00)
Composition correction applied in 12 block(s)
	 #2 (3.3930e-03, 4.9575e-06): lin 1 (0.0e+00)
Composition correction applied in 12 block(s)
	 #3 (3.2550e-05, 4.1566e-06): lin 1 (0.0e+00)
Composition correction applied in 12 block(s)
-------------------------------------------------------------------------------------------------------------
 T = 771.047, DT = 1, NI = 3, LI = 3, RES = 4.8e-09 (3.5e-06), CFL=0.327 (ELAPSED 00:01:01 )
-------------------------------------------------------------------------------------------------------------
	 #1 (9.4270e-03, 1.4855e-04): lin 1 (0.0e+00)
Composition correction applied in 12 block(s)
	 #2 (6.3108e-04, 4.6862e-06): lin 1 (0.0e+00)
Composition correction applied in 12 block(s)
-------------------------------------------------------------------------------------------------------------
 T = 772.047, DT = 1, NI = 2, LI = 2, RES = 1.5e-06 (1.1e-06), CFL=0.348 (ELAPSED 00:01:01 )
-------------------------------------------------------------------------------------------------------------
	 #1 (1.0292e-02, 2.0362e-03): lin 1 (0.0e+00)
Composition correction applied in 12 block(s)
	 #2 (4.6343e-04, 9.8183e-07): lin 1 (0.0e+00)
Composition correction applied in 12 block(s)
-------------------------------------------------------------------------------------------------------------
 T = 773.047, DT = 1, NI = 2, LI = 2, RES = 1.2e-07 (1.3e-07), CFL=0.335 (ELAPSED 00:01:01 )
-------------------------------------------------------------------------------------------------------------
	 #1 (1.1142e-02, 5.6486e-04): lin 1 (0.0e+00)
Composition correction applied in 12 block(s)
	 #2 (7.2727e-04, 4.8942e-06): lin 1 (0.0e+00)
Composition correction applied in 12 block(s)
	 #3 (1.1843e-05, 2.7086e-07): lin 1 (0.0e+00)
Composition correction applied in 12 block(s)
-------------------------------------------------------------------------------------------------------------
 T = 774.047, DT = 1, NI = 3, LI = 3, RES = 1.0e-09 (1.9e-06), CFL=0.321 (ELAPSED 00:01:01 )
-------------------------------------------------------------------------------------------------------------
	 #1 (1.1168e-02, 1.9142e-03): lin 1 (0.0e+00)
Composition correction applied in 12 block(s)
	 #2 (5.5396e-03, 4.6949e-06): lin 1 (0.0e+00)
Composition correction applied in 12 block(s)
	 #3 (9.7729e-05, 6.7406e-06): lin 1 (0.0e+00)
Composition correction applied in 12 block(s)
-------------------------------------------------------------------------------------------------------------
 T = 775.047, DT = 1, NI = 3, LI = 3, RES = 4.2e-08 (5.8e-07), CFL=0.336 (ELAPSED 00:01:01 )
-------------------------------------------------------------------------------------------------------------
	 #1 (8.9916e-03, 1.4180e-03): lin 1 (0.0e+00)
Composition correction applied in 12 block(s)
	 #2 (7.3196e-04, 1.7163e-06): lin 1 (0.0e+00)
Composition correction applied in 12 block(s)
-------------------------------------------------------------------------------------------------------------
 T = 776.047, DT = 1, NI = 2, LI = 2, RES = 1.6e-06 (2.2e-06), CFL=0.345 (ELAPSED 00:01:01 )
-------------------------------------------------------------------------------------------------------------
	 #1 (1.0642e-02, 1.1889e-03): lin 1 (0.0e+00)
Composition correction applied in 12 block(s)
	 #2 (4.6084e-04, 4.4530e-06): lin 1 (0.0e+00)
Composition correction applied in 12 block(s)
-------------------------------------------------------------------------------------------------------------
 T = 777.047, DT = 1, NI = 2, LI = 2, RES = 1.0e-07 (9.4e-08), CFL=0.332 (ELAPSED 00:01:01 )
-------------------------------------------------------------------------------------------------------------
	 #1 (1.1253e-02, 1.0945e-03): lin 1 (0.0e+00)
Composition correction applied in 12 block(s)
	 #2 (8.8475e-04, 5.4312e-08): lin 1 (0.0e+00)
Composition correction applied in 12 block(s)
	 #3 (2.3261e-05, 4.2791e-06): lin 1 (0.0e+00)
Composition correction applied in 12 block(s)
-------------------------------------------------------------------------------------------------------------
 T = 778.047, DT = 1, NI = 3, LI = 3, RES = 4.0e-09 (6.0e-07), CFL=0.318 (ELAPSED 00:01:02 )
-------------------------------------------------------------------------------------------------------------
	 #1 (1.1028e-02, 2.0134e-03): lin 1 (0.0e+00)
Composition correction applied in 12 block(s)
	 #2 (7.6161e-03, 1.1914e-06): lin 1 (0.0e+00)
Composition correction applied in 12 block(s)
	 #3 (2.0843e-04, 4.8193e-06): lin 1 (0.0e+00)
Composition correction applied in 12 block(s)
-------------------------------------------------------------------------------------------------------------
 T = 779.047, DT = 1, NI = 3, LI = 3, RES = 1.9e-07 (1.8e-06), CFL=0.348 (ELAPSED 00:01:02 )
-------------------------------------------------------------------------------------------------------------
	 #1 (9.4017e-03, 2.8032e-03): lin 1 (0.0e+00)
Composition correction applied in 12 block(s)
	 #2 (1.0052e-03, 6.7870e-07): lin 1 (0.0e+00)
Composition correction applied in 12 block(s)
-------------------------------------------------------------------------------------------------------------
 T = 780.047, DT = 1, NI = 2, LI = 2, RES = 1.4e-06 (2.9e-06), CFL=0.342 (ELAPSED 00:01:02 )
-------------------------------------------------------------------------------------------------------------
	 #1 (1.0931e-02, 3.7280e-04): lin 1 (0.0e+00)
Composition correction applied in 12 block(s)
	 #2 (5.2622e-04, 1.2321e-06): lin 1 (0.0e+00)
Composition correction applied in 12 block(s)
-------------------------------------------------------------------------------------------------------------
 T = 781.047, DT = 1, NI = 2, LI = 2, RES = 1.2e-06 (2.6e-06), CFL=0.329 (ELAPSED 00:01:02 )
-------------------------------------------------------------------------------------------------------------
	 #1 (1.1282e-02, 1.5513e-03): lin 1 (0.0e+00)
Composition correction applied in 12 block(s)
	 #2 (2.1815e-03, 9.7230e-07): lin 1 (0.0e+00)
Composition correction applied in 12 block(s)
	 #3 (1.2344e-05, 3.7560e-06): lin 1 (0.0e+00)
Composition correction applied in 12 block(s)
-------------------------------------------------------------------------------------------------------------
 T = 782.047, DT = 1, NI = 3, LI = 3, RES = 7.2e-10 (5.6e-06), CFL=0.324 (ELAPSED 00:01:02 )
-------------------------------------------------------------------------------------------------------------
	 #1 (9.9794e-03, 9.7033e-04): lin 1 (0.0e+00)
Composition correction applied in 12 block(s)
	 #2 (6.5864e-04, 6.0006e-07): lin 1 (0.0e+00)
Composition correction applied in 12 block(s)
-------------------------------------------------------------------------------------------------------------
 T = 783.047, DT = 1, NI = 2, LI = 2, RES = 1.5e-06 (4.3e-06), CFL=0.351 (ELAPSED 00:01:02 )
-------------------------------------------------------------------------------------------------------------
	 #1 (1.0065e-02, 2.4686e-03): lin 1 (0.0e+00)
Composition correction applied in 12 block(s)
	 #2 (1.3878e-03, 5.3461e-06): lin 1 (0.0e+00)
Composition correction applied in 12 block(s)
-------------------------------------------------------------------------------------------------------------
 T = 784.047, DT = 1, NI = 2, LI = 2, RES = 1.7e-06 (3.7e-07), CFL=0.339 (ELAPSED 00:01:02 )
-------------------------------------------------------------------------------------------------------------
	 #1 (1.1054e-02, 2.6599e-04): lin 1 (0.0e+00)
Composition correction applied in 12 block(s)
	 #2 (6.5895e-04, 1.3880e-06): lin 1 (0.0e+00)
Composition correction applied in 12 block(s)
-------------------------------------------------------------------------------------------------------------
 T = 785.047, DT = 1, NI = 2, LI = 2, RES = 7.5e-06 (5.4e-06), CFL=0.325 (ELAPSED 00:01:02 )
-------------------------------------------------------------------------------------------------------------
	 #1 (1.1204e-02, 1.8344e-03): lin 1 (0.0e+00)
Composition correction applied in 12 block(s)
	 #2 (4.5285e-03, 3.3233e-06): lin 1 (0.0e+00)
Composition correction applied in 12 block(s)
	 #3 (6.2537e-05, 7.9572e-07): lin 1 (0.0e+00)
Composition correction applied in 12 block(s)
-------------------------------------------------------------------------------------------------------------
 T = 786.047, DT = 1, NI = 3, LI = 3, RES = 1.8e-08 (1.4e-06), CFL=0.334 (ELAPSED 00:01:02 )
-------------------------------------------------------------------------------------------------------------
	 #1 (9.0722e-03, 6.4887e-04): lin 1 (0.0e+00)
Composition correction applied in 12 block(s)
	 #2 (6.7058e-04, 4.3280e-06): lin 1 (0.0e+00)
Composition correction applied in 12 block(s)
-------------------------------------------------------------------------------------------------------------
 T = 787.047, DT = 1, NI = 2, LI = 2, RES = 1.6e-06 (3.7e-06), CFL=0.348 (ELAPSED 00:01:02 )
-------------------------------------------------------------------------------------------------------------
	 #1 (1.0453e-02, 1.4995e-03): lin 1 (0.0e+00)
Composition correction applied in 12 block(s)
	 #2 (4.6335e-04, 2.8850e-06): lin 1 (0.0e+00)
Composition correction applied in 12 block(s)
-------------------------------------------------------------------------------------------------------------
 T = 788.047, DT = 1, NI = 2, LI = 2, RES = 1.1e-07 (4.4e-06), CFL=0.335 (ELAPSED 00:01:02 )
-------------------------------------------------------------------------------------------------------------
	 #1 (1.1164e-02, 8.6394e-04): lin 1 (0.0e+00)
Composition correction applied in 12 block(s)
	 #2 (8.1316e-04, 4.0865e-06): lin 1 (0.0e+00)
Composition correction applied in 12 block(s)
	 #3 (1.7808e-05, 1.5350e-06): lin 1 (0.0e+00)
Composition correction applied in 12 block(s)
-------------------------------------------------------------------------------------------------------------
 T = 789.047, DT = 1, NI = 3, LI = 3, RES = 2.3e-09 (5.9e-06), CFL=0.321 (ELAPSED 00:01:02 )
-------------------------------------------------------------------------------------------------------------
	 #1 (1.1044e-02, 1.9609e-03): lin 1 (0.0e+00)
Composition correction applied in 12 block(s)
	 #2 (6.7404e-03, 2.5175e-06): lin 1 (0.0e+00)
Composition correction applied in 12 block(s)
	 #3 (1.5536e-04, 4.5451e-06): lin 1 (0.0e+00)
Composition correction applied in 12 block(s)
-------------------------------------------------------------------------------------------------------------
 T = 790.047, DT = 1, NI = 3, LI = 3, RES = 1.0e-07 (3.7e-06), CFL=0.344 (ELAPSED 00:01:02 )
-------------------------------------------------------------------------------------------------------------
	 #1 (9.0909e-03, 2.1491e-03): lin 1 (0.0e+00)
Composition correction applied in 12 block(s)
	 #2 (8.8141e-04, 6.9104e-06): lin 1 (0.0e+00)
Composition correction applied in 12 block(s)
-------------------------------------------------------------------------------------------------------------
 T = 791.047, DT = 1, NI = 2, LI = 2, RES = 1.5e-06 (2.3e-06), CFL=0.344 (ELAPSED 00:01:02 )
-------------------------------------------------------------------------------------------------------------
	 #1 (1.0761e-02, 6.4211e-04): lin 1 (0.0e+00)
Composition correction applied in 12 block(s)
	 #2 (4.8785e-04, 3.9733e-06): lin 1 (0.0e+00)
Composition correction applied in 12 block(s)
-------------------------------------------------------------------------------------------------------------
 T = 792.047, DT = 1, NI = 2, LI = 2, RES = 7.8e-08 (2.3e-06), CFL=0.331 (ELAPSED 00:01:03 )
-------------------------------------------------------------------------------------------------------------
	 #1 (1.1209e-02, 1.3638e-03): lin 1 (0.0e+00)
Composition correction applied in 12 block(s)
	 #2 (1.2471e-03, 2.2532e-06): lin 1 (0.0e+00)
Composition correction applied in 12 block(s)
-------------------------------------------------------------------------------------------------------------
 T = 793.047, DT = 1, NI = 2, LI = 2, RES = 3.5e-06 (3.1e-06), CFL=0.320 (ELAPSED 00:01:03 )
-------------------------------------------------------------------------------------------------------------
	 #1 (1.0468e-02, 1.5800e-03): lin 1 (0.0e+00)
Composition correction applied in 12 block(s)
	 #2 (7.0798e-04, 1.7503e-06): lin 1 (0.0e+00)
Composition correction applied in 12 block(s)
-------------------------------------------------------------------------------------------------------------
 T = 794.047, DT = 1, NI = 2, LI = 2, RES = 1.9e-06 (3.1e-07), CFL=0.352 (ELAPSED 00:01:03 )
-------------------------------------------------------------------------------------------------------------
	 #1 (9.7969e-03, 2.8144e-03): lin 1 (0.0e+00)
Composition correction applied in 12 block(s)
	 #2 (1.2250e-03, 5.6487e-06): lin 1 (0.0e+00)
Composition correction applied in 12 block(s)
-------------------------------------------------------------------------------------------------------------
 T = 795.047, DT = 1, NI = 2, LI = 2, RES = 1.4e-06 (3.0e-06), CFL=0.341 (ELAPSED 00:01:03 )
-------------------------------------------------------------------------------------------------------------
	 #1 (1.0955e-02, 6.0229e-05): lin 1 (0.0e+00)
Composition correction applied in 13 block(s)
	 #2 (5.9951e-04, 1.4781e-06): lin 1 (0.0e+00)
Composition correction applied in 13 block(s)
-------------------------------------------------------------------------------------------------------------
 T = 796.047, DT = 1, NI = 2, LI = 2, RES = 4.4e-06 (2.2e-08), CFL=0.327 (ELAPSED 00:01:03 )
-------------------------------------------------------------------------------------------------------------
	 #1 (1.1170e-02, 1.7088e-03): lin 1 (0.0e+00)
Composition correction applied in 13 block(s)
	 #2 (3.6528e-03, 2.4962e-06): lin 1 (0.0e+00)
Composition correction applied in 13 block(s)
	 #3 (3.8958e-05, 3.4511e-06): lin 1 (0.0e+00)
Composition correction applied in 13 block(s)
-------------------------------------------------------------------------------------------------------------
 T = 797.047, DT = 1, NI = 3, LI = 3, RES = 6.9e-09 (1.4e-06), CFL=0.331 (ELAPSED 00:01:03 )
-------------------------------------------------------------------------------------------------------------
	 #1 (9.2440e-03, 4.1530e-05): lin 1 (0.0e+00)
Composition correction applied in 13 block(s)
	 #2 (6.3771e-04, 9.3131e-07): lin 1 (0.0e+00)
Composition correction applied in 13 block(s)
-------------------------------------------------------------------------------------------------------------
 T = 798.047, DT = 1, NI = 2, LI = 2, RES = 1.5e-06 (1.7e-06), CFL=0.350 (ELAPSED 00:01:03 )
-------------------------------------------------------------------------------------------------------------
	 #1 (1.0245e-02, 1.7714e-03): lin 1 (0.0e+00)
Composition correction applied in 13 block(s)
	 #2 (4.6278e-04, 1.7996e-06): lin 1 (0.0e+00)
Composition correction applied in 13 block(s)
-------------------------------------------------------------------------------------------------------------
 T = 799.047, DT = 1, NI = 2, LI = 2, RES = 1.2e-07 (4.4e-06), CFL=0.336 (ELAPSED 00:01:03 )
-------------------------------------------------------------------------------------------------------------
	 #1 (1.1047e-02, 6.4014e-04): lin 1 (0.0e+00)
Composition correction applied in 13 block(s)
	 #2 (7.4956e-04, 3.0558e-06): lin 1 (0.0e+00)
Composition correction applied in 13 block(s)
	 #3 (1.3515e-05, 2.7735e-06): lin 1 (0.0e+00)
Composition correction applied in 13 block(s)
-------------------------------------------------------------------------------------------------------------
 T = 800.047, DT = 1, NI = 3, LI = 3, RES = 1.3e-09 (1.4e-06), CFL=0.322 (ELAPSED 00:01:03 )
-------------------------------------------------------------------------------------------------------------
	 #1 (1.1025e-02, 1.8705e-03): lin 1 (0.0e+00)
Composition correction applied in 13 block(s)
	 #2 (5.9159e-03, 1.6838e-06): lin 1 (0.0e+00)
Composition correction applied in 13 block(s)
	 #3 (1.1537e-04, 3.4041e-06): lin 1 (0.0e+00)
Composition correction applied in 13 block(s)
-------------------------------------------------------------------------------------------------------------
 T = 801.047, DT = 1, NI = 3, LI = 3, RES = 5.9e-08 (1.1e-06), CFL=0.340 (ELAPSED 00:01:03 )
-------------------------------------------------------------------------------------------------------------
	 #1 (8.9058e-03, 1.5605e-03): lin 1 (0.0e+00)
Composition correction applied in 13 block(s)
	 #2 (7.7004e-04, 1.5535e-06): lin 1 (0.0e+00)
Composition correction applied in 13 block(s)
-------------------------------------------------------------------------------------------------------------
 T = 802.047, DT = 1, NI = 2, LI = 2, RES = 1.5e-06 (8.7e-07), CFL=0.346 (ELAPSED 00:01:03 )
-------------------------------------------------------------------------------------------------------------
	 #1 (1.0574e-02, 9.1202e-04): lin 1 (0.0e+00)
Composition correction applied in 13 block(s)
	 #2 (4.6069e-04, 1.0911e-06): lin 1 (0.0e+00)
Composition correction applied in 13 block(s)
-------------------------------------------------------------------------------------------------------------
 T = 803.047, DT = 1, NI = 2, LI = 2, RES = 1.0e-07 (3.6e-06), CFL=0.332 (ELAPSED 00:01:03 )
-------------------------------------------------------------------------------------------------------------
	 #1 (1.1122e-02, 1.1570e-03): lin 1 (0.0e+00)
Composition correction applied in 13 block(s)
	 #2 (7.2687e-04, 4.7659e-06): lin 1 (0.0e+00)
Composition correction applied in 13 block(s)
	 #3 (2.2722e-05, 5.5549e-06): lin 1 (0.0e+00)
Composition correction applied in 13 block(s)
-------------------------------------------------------------------------------------------------------------
 T = 804.047, DT = 1, NI = 3, LI = 3, RES = 3.9e-09 (2.2e-06), CFL=0.318 (ELAPSED 00:01:03 )
-------------------------------------------------------------------------------------------------------------
	 #1 (1.0851e-02, 1.9591e-03): lin 1 (0.0e+00)
Composition correction applied in 13 block(s)
	 #2 (8.0114e-03, 1.1278e-06): lin 1 (0.0e+00)
Composition correction applied in 13 block(s)
	 #3 (2.3461e-04, 2.2551e-06): lin 1 (0.0e+00)
Composition correction applied in 13 block(s)
-------------------------------------------------------------------------------------------------------------
 T = 805.047, DT = 1, NI = 3, LI = 3, RES = 2.4e-07 (3.2e-06), CFL=0.351 (ELAPSED 00:01:03 )
-------------------------------------------------------------------------------------------------------------
	 #1 (9.4895e-03, 2.9083e-03): lin 1 (0.0e+00)
Composition correction applied in 13 block(s)
	 #2 (1.0786e-03, 4.1550e-06): lin 1 (0.0e+00)
Composition correction applied in 13 block(s)
-------------------------------------------------------------------------------------------------------------
 T = 806.047, DT = 1, NI = 2, LI = 2, RES = 1.3e-06 (3.1e-07), CFL=0.342 (ELAPSED 00:01:03 )
-------------------------------------------------------------------------------------------------------------
	 #1 (1.0831e-02, 1.6264e-04): lin 1 (0.0e+00)
Composition correction applied in 13 block(s)
	 #2 (5.4820e-04, 1.2117e-06): lin 1 (0.0e+00)
Composition correction applied in 13 block(s)
-------------------------------------------------------------------------------------------------------------
 T = 807.047, DT = 1, NI = 2, LI = 2, RES = 2.2e-06 (2.7e-06), CFL=0.329 (ELAPSED 00:01:04 )
-------------------------------------------------------------------------------------------------------------
	 #1 (1.1117e-02, 1.5776e-03): lin 1 (0.0e+00)
Composition correction applied in 13 block(s)
	 #2 (2.7847e-03, 4.7643e-06): lin 1 (0.0e+00)
Composition correction applied in 13 block(s)
	 #3 (2.1529e-05, 1.8348e-06): lin 1 (0.0e+00)
Composition correction applied in 13 block(s)
-------------------------------------------------------------------------------------------------------------
 T = 808.047, DT = 1, NI = 3, LI = 3, RES = 2.2e-09 (3.3e-06), CFL=0.327 (ELAPSED 00:01:04 )
-------------------------------------------------------------------------------------------------------------
	 #1 (9.5212e-03, 5.2859e-04): lin 1 (0.0e+00)
Composition correction applied in 13 block(s)
	 #2 (6.2782e-04, 4.6763e-06): lin 1 (0.0e+00)
Composition correction applied in 13 block(s)
-------------------------------------------------------------------------------------------------------------
 T = 809.047, DT = 1, NI = 2, LI = 2, RES = 1.5e-06 (2.2e-06), CFL=0.351 (ELAPSED 00:01:04 )
-------------------------------------------------------------------------------------------------------------
	 #1 (1.0028e-02, 2.0490e-03): lin 1 (0.0e+00)
Composition correction applied in 13 block(s)
	 #2 (4.6170e-04, 4.6818e-06): lin 1 (0.0e+00)
Composition correction applied in 13 block(s)
-------------------------------------------------------------------------------------------------------------
 T = 810.047, DT = 1, NI = 2, LI = 2, RES = 1.3e-07 (1.0e-06), CFL=0.338 (ELAPSED 00:01:04 )
-------------------------------------------------------------------------------------------------------------
	 #1 (1.0922e-02, 4.1023e-04): lin 1 (0.0e+00)
Composition correction applied in 13 block(s)
	 #2 (6.8937e-04, 3.3672e-06): lin 1 (0.0e+00)
Composition correction applied in 13 block(s)
-------------------------------------------------------------------------------------------------------------
 T = 811.047, DT = 1, NI = 2, LI = 2, RES = 9.8e-06 (2.0e-06), CFL=0.324 (ELAPSED 00:01:04 )
-------------------------------------------------------------------------------------------------------------
	 #1 (1.1002e-02, 1.7783e-03): lin 1 (0.0e+00)
Composition correction applied in 13 block(s)
	 #2 (5.0890e-03, 1.1539e-06): lin 1 (0.0e+00)
Composition correction applied in 13 block(s)
	 #3 (8.2395e-05, 1.1657e-06): lin 1 (0.0e+00)
Composition correction applied in 13 block(s)
-------------------------------------------------------------------------------------------------------------
 T = 812.047, DT = 1, NI = 3, LI = 3, RES = 3.0e-08 (1.4e-06), CFL=0.336 (ELAPSED 00:01:04 )
-------------------------------------------------------------------------------------------------------------
	 #1 (8.8446e-03, 9.9001e-04): lin 1 (0.0e+00)
Composition correction applied in 13 block(s)
	 #2 (6.9692e-04, 7.3066e-06): lin 1 (0.0e+00)
Composition correction applied in 13 block(s)
-------------------------------------------------------------------------------------------------------------
 T = 813.047, DT = 1, NI = 2, LI = 2, RES = 1.5e-06 (5.3e-06), CFL=0.347 (ELAPSED 00:01:04 )
-------------------------------------------------------------------------------------------------------------
	 #1 (1.0383e-02, 1.1776e-03): lin 1 (0.0e+00)
Composition correction applied in 13 block(s)
	 #2 (4.5599e-04, 3.6265e-06): lin 1 (0.0e+00)
Composition correction applied in 13 block(s)
-------------------------------------------------------------------------------------------------------------
 T = 814.047, DT = 1, NI = 2, LI = 2, RES = 2.0e-07 (1.7e-06), CFL=0.334 (ELAPSED 00:01:04 )
-------------------------------------------------------------------------------------------------------------
	 #1 (1.1018e-02, 9.5084e-04): lin 1 (0.0e+00)
Composition correction applied in 13 block(s)
	 #2 (8.4503e-04, 1.8478e-06): lin 1 (0.0e+00)
Composition correction applied in 13 block(s)
	 #3 (2.0880e-05, 1.2505e-06): lin 1 (0.0e+00)
Composition correction applied in 13 block(s)
-------------------------------------------------------------------------------------------------------------
 T = 815.047, DT = 1, NI = 3, LI = 3, RES = 3.2e-09 (8.0e-07), CFL=0.320 (ELAPSED 00:01:04 )
-------------------------------------------------------------------------------------------------------------
	 #1 (1.0831e-02, 1.8810e-03): lin 1 (0.0e+00)
Composition correction applied in 13 block(s)
	 #2 (7.2310e-03, 3.6747e-06): lin 1 (0.0e+00)
Composition correction applied in 13 block(s)
	 #3 (1.8793e-04, 3.8746e-06): lin 1 (0.0e+00)
Composition correction applied in 13 block(s)
-------------------------------------------------------------------------------------------------------------
 T = 816.047, DT = 1, NI = 3, LI = 3, RES = 1.5e-07 (4.2e-06), CFL=0.347 (ELAPSED 00:01:04 )
-------------------------------------------------------------------------------------------------------------
	 #1 (9.1154e-03, 2.3594e-03): lin 1 (0.0e+00)
Composition correction applied in 13 block(s)
	 #2 (1.5429e-03, 1.4290e-06): lin 1 (0.0e+00)
Composition correction applied in 13 block(s)
	 #3 (2.5377e-05, 2.2491e-06): lin 1 (0.0e+00)
Composition correction applied in 13 block(s)
-------------------------------------------------------------------------------------------------------------
 T = 817.047, DT = 1, NI = 3, LI = 3, RES = 7.2e-09 (5.6e-07), CFL=0.342 (ELAPSED 00:01:04 )
-------------------------------------------------------------------------------------------------------------
	 #1 (1.0663e-02, 4.2677e-04): lin 1 (0.0e+00)
Composition correction applied in 13 block(s)
	 #2 (5.0511e-04, 2.0941e-06): lin 1 (0.0e+00)
Composition correction applied in 13 block(s)
-------------------------------------------------------------------------------------------------------------
 T = 818.047, DT = 1, NI = 2, LI = 2, RES = 1.5e-06 (4.7e-07), CFL=0.329 (ELAPSED 00:01:04 )
-------------------------------------------------------------------------------------------------------------
	 #1 (1.1017e-02, 1.4971e-03): lin 1 (0.0e+00)
Composition correction applied in 13 block(s)
	 #2 (1.8700e-03, 4.2651e-06): lin 1 (0.0e+00)
Composition correction applied in 13 block(s)
-------------------------------------------------------------------------------------------------------------
 T = 819.047, DT = 1, NI = 2, LI = 2, RES = 8.9e-06 (2.9e-06), CFL=0.322 (ELAPSED 00:01:04 )
-------------------------------------------------------------------------------------------------------------
	 #1 (9.8761e-03, 1.2026e-03): lin 1 (0.0e+00)
Composition correction applied in 13 block(s)
	 #2 (6.4772e-04, 3.7020e-06): lin 1 (0.0e+00)
Composition correction applied in 13 block(s)
-------------------------------------------------------------------------------------------------------------
 T = 820.047, DT = 1, NI = 2, LI = 2, RES = 1.6e-06 (1.2e-07), CFL=0.350 (ELAPSED 00:01:04 )
-------------------------------------------------------------------------------------------------------------
	 #1 (9.7123e-03, 2.2633e-03): lin 1 (0.0e+00)
Composition correction applied in 13 block(s)
	 #2 (1.2877e-03, 1.8850e-06): lin 1 (0.0e+00)
Composition correction applied in 13 block(s)
-------------------------------------------------------------------------------------------------------------
 T = 821.047, DT = 1, NI = 2, LI = 2, RES = 1.6e-06 (2.1e-06), CFL=0.337 (ELAPSED 00:01:04 )
-------------------------------------------------------------------------------------------------------------
	 #1 (1.0720e-02, 2.1572e-04): lin 1 (0.0e+00)
Composition correction applied in 13 block(s)
	 #2 (6.1040e-04, 5.2234e-06): lin 1 (0.0e+00)
Composition correction applied in 13 block(s)
-------------------------------------------------------------------------------------------------------------
 T = 822.047, DT = 1, NI = 2, LI = 2, RES = 5.8e-06 (5.7e-06), CFL=0.324 (ELAPSED 00:01:05 )
-------------------------------------------------------------------------------------------------------------
	 #1 (1.0897e-02, 1.6583e-03): lin 1 (0.0e+00)
Composition correction applied in 13 block(s)
	 #2 (3.9991e-03, 4.5694e-06): lin 1 (0.0e+00)
Composition correction applied in 13 block(s)
	 #3 (4.8205e-05, 2.0757e-06): lin 1 (0.0e+00)
Composition correction applied in 13 block(s)
-------------------------------------------------------------------------------------------------------------
 T = 823.047, DT = 1, NI = 3, LI = 3, RES = 1.1e-08 (4.7e-06), CFL=0.330 (ELAPSED 00:01:05 )
-------------------------------------------------------------------------------------------------------------
	 #1 (8.9007e-03, 3.1606e-04): lin 1 (0.0e+00)
Composition correction applied in 13 block(s)
	 #2 (6.2403e-04, 4.5759e-06): lin 1 (0.0e+00)
Composition correction applied in 13 block(s)
-------------------------------------------------------------------------------------------------------------
 T = 824.047, DT = 1, NI = 2, LI = 2, RES = 1.4e-06 (2.7e-06), CFL=0.347 (ELAPSED 00:01:05 )
-------------------------------------------------------------------------------------------------------------
	 #1 (1.0074e-02, 1.5427e-03): lin 1 (0.0e+00)
Composition correction applied in 13 block(s)
	 #2 (4.4733e-04, 7.3035e-07): lin 1 (0.0e+00)
Composition correction applied in 13 block(s)
-------------------------------------------------------------------------------------------------------------
 T = 825.047, DT = 1, NI = 2, LI = 2, RES = 1.1e-07 (9.1e-07), CFL=0.334 (ELAPSED 00:01:05 )
-------------------------------------------------------------------------------------------------------------
	 #1 (1.0825e-02, 6.3390e-04): lin 1 (0.0e+00)
Composition correction applied in 13 block(s)
	 #2 (7.5169e-04, 2.2049e-06): lin 1 (0.0e+00)
Composition correction applied in 13 block(s)
	 #3 (1.4538e-05, 9.1895e-07): lin 1 (0.0e+00)
Composition correction applied in 13 block(s)
-------------------------------------------------------------------------------------------------------------
 T = 826.047, DT = 1, NI = 3, LI = 3, RES = 1.6e-09 (4.3e-08), CFL=0.320 (ELAPSED 00:01:05 )
-------------------------------------------------------------------------------------------------------------
	 #1 (1.0783e-02, 1.7238e-03): lin 1 (0.0e+00)
Composition correction applied in 13 block(s)
	 #2 (6.0556e-03, 2.5923e-06): lin 1 (0.0e+00)
Composition correction applied in 13 block(s)
	 #3 (1.2326e-04, 6.4047e-06): lin 1 (0.0e+00)
Composition correction applied in 13 block(s)
-------------------------------------------------------------------------------------------------------------
 T = 827.047, DT = 1, NI = 3, LI = 3, RES = 6.7e-08 (7.0e-07), CFL=0.339 (ELAPSED 00:01:05 )
-------------------------------------------------------------------------------------------------------------
	 #1 (8.7480e-03, 1.6538e-03): lin 1 (0.0e+00)
Composition correction applied in 13 block(s)
	 #2 (7.7261e-04, 4.7545e-06): lin 1 (0.0e+00)
Composition correction applied in 13 block(s)
-------------------------------------------------------------------------------------------------------------
 T = 828.047, DT = 1, NI = 2, LI = 2, RES = 1.5e-06 (5.5e-06), CFL=0.344 (ELAPSED 00:01:05 )
-------------------------------------------------------------------------------------------------------------
	 #1 (1.0399e-02, 8.1809e-04): lin 1 (0.0e+00)
Composition correction applied in 13 block(s)
	 #2 (4.5634e-04, 9.5372e-07): lin 1 (0.0e+00)
Composition correction applied in 13 block(s)
-------------------------------------------------------------------------------------------------------------
 T = 829.047, DT = 1, NI = 2, LI = 2, RES = 1.0e-07 (5.5e-06), CFL=0.331 (ELAPSED 00:01:05 )
-------------------------------------------------------------------------------------------------------------
	 #1 (1.0919e-02, 1.0981e-03): lin 1 (0.0e+00)
Composition correction applied in 13 block(s)
	 #2 (7.2044e-04, 4.9485e-06): lin 1 (0.0e+00)
Composition correction applied in 13 block(s)
	 #3 (2.3278e-05, 3.7676e-06): lin 1 (0.0e+00)
Composition correction applied in 13 block(s)
-------------------------------------------------------------------------------------------------------------
 T = 830.047, DT = 1, NI = 3, LI = 3, RES = 4.1e-09 (4.7e-07), CFL=0.317 (ELAPSED 00:01:05 )
-------------------------------------------------------------------------------------------------------------
	 #1 (1.0652e-02, 1.8299e-03): lin 1 (0.0e+00)
Composition correction applied in 13 block(s)
	 #2 (8.0309e-03, 2.0079e-06): lin 1 (0.0e+00)
Composition correction applied in 13 block(s)
	 #3 (2.3948e-04, 4.8093e-06): lin 1 (0.0e+00)
Composition correction applied in 13 block(s)
-------------------------------------------------------------------------------------------------------------
 T = 831.047, DT = 1, NI = 3, LI = 3, RES = 2.5e-07 (5.7e-07), CFL=0.351 (ELAPSED 00:01:05 )
-------------------------------------------------------------------------------------------------------------
	 #1 (9.3906e-03, 2.8297e-03): lin 1 (0.0e+00)
Composition correction applied in 13 block(s)
	 #2 (1.0806e-03, 3.1199e-06): lin 1 (0.0e+00)
Composition correction applied in 13 block(s)
-------------------------------------------------------------------------------------------------------------
 T = 832.047, DT = 1, NI = 2, LI = 2, RES = 1.2e-06 (1.0e-07), CFL=0.341 (ELAPSED 00:01:05 )
-------------------------------------------------------------------------------------------------------------
	 #1 (1.0656e-02, 1.4507e-04): lin 1 (0.0e+00)
Composition correction applied in 13 block(s)
	 #2 (5.4671e-04, 3.7456e-08): lin 1 (0.0e+00)
Composition correction applied in 13 block(s)
-------------------------------------------------------------------------------------------------------------
 T = 833.047, DT = 1, NI = 2, LI = 2, RES = 2.5e-06 (1.8e-06), CFL=0.328 (ELAPSED 00:01:05 )
-------------------------------------------------------------------------------------------------------------
	 #1 (1.0931e-02, 1.4811e-03): lin 1 (0.0e+00)
Composition correction applied in 13 block(s)
	 #2 (2.8756e-03, 4.2724e-06): lin 1 (0.0e+00)
Composition correction applied in 13 block(s)
	 #3 (2.3411e-05, 5.0336e-07): lin 1 (0.0e+00)
Composition correction applied in 13 block(s)
-------------------------------------------------------------------------------------------------------------
 T = 834.047, DT = 1, NI = 3, LI = 3, RES = 2.6e-09 (1.8e-07), CFL=0.328 (ELAPSED 00:01:05 )
-------------------------------------------------------------------------------------------------------------
	 #1 (9.3069e-03, 4.1275e-04): lin 1 (0.0e+00)
Composition correction applied in 13 block(s)
	 #2 (6.1467e-04, 5.9818e-06): lin 1 (0.0e+00)
Composition correction applied in 13 block(s)
-------------------------------------------------------------------------------------------------------------
 T = 835.047, DT = 1, NI = 2, LI = 2, RES = 1.4e-06 (8.5e-07), CFL=0.350 (ELAPSED 00:01:05 )
-------------------------------------------------------------------------------------------------------------
	 #1 (9.8818e-03, 1.8765e-03): lin 1 (0.0e+00)
Composition correction applied in 13 block(s)
	 #2 (4.5315e-04, 4.6432e-06): lin 1 (0.0e+00)
Composition correction applied in 13 block(s)
-------------------------------------------------------------------------------------------------------------
 T = 836.047, DT = 1, NI = 2, LI = 2, RES = 1.3e-07 (2.2e-08), CFL=0.337 (ELAPSED 00:01:06 )
-------------------------------------------------------------------------------------------------------------
	 #1 (1.0748e-02, 3.9836e-04): lin 1 (0.0e+00)
Composition correction applied in 13 block(s)
	 #2 (6.8578e-04, 8.3942e-07): lin 1 (0.0e+00)
Composition correction applied in 13 block(s)
	 #3 (1.0055e-05, 1.0370e-06): lin 1 (0.0e+00)
Composition correction applied in 13 block(s)
-------------------------------------------------------------------------------------------------------------
 T = 837.047, DT = 1, NI = 3, LI = 3, RES = 7.5e-10 (2.0e-06), CFL=0.324 (ELAPSED 00:01:06 )
-------------------------------------------------------------------------------------------------------------
	 #1 (1.0821e-02, 1.6658e-03): lin 1 (0.0e+00)
Composition correction applied in 13 block(s)
	 #2 (5.1202e-03, 4.6655e-06): lin 1 (0.0e+00)
Composition correction applied in 13 block(s)
	 #3 (8.4768e-05, 1.9546e-06): lin 1 (0.0e+00)
Composition correction applied in 13 block(s)
-------------------------------------------------------------------------------------------------------------
 T = 838.047, DT = 1, NI = 3, LI = 3, RES = 3.2e-08 (6.4e-07), CFL=0.336 (ELAPSED 00:01:06 )
-------------------------------------------------------------------------------------------------------------
	 #1 (8.6975e-03, 1.0011e-03): lin 1 (0.0e+00)
Composition correction applied in 13 block(s)
	 #2 (6.9294e-04, 2.2920e-06): lin 1 (0.0e+00)
Composition correction applied in 13 block(s)
-------------------------------------------------------------------------------------------------------------
 T = 839.047, DT = 1, NI = 2, LI = 2, RES = 1.5e-06 (3.6e-06), CFL=0.347 (ELAPSED 00:01:06 )
-------------------------------------------------------------------------------------------------------------
	 #1 (1.0230e-02, 1.0775e-03): lin 1 (0.0e+00)
Composition correction applied in 13 block(s)
	 #2 (4.4703e-04, 1.6040e-07): lin 1 (0.0e+00)
Composition correction applied in 13 block(s)
-------------------------------------------------------------------------------------------------------------
 T = 840.047, DT = 1, NI = 2, LI = 2, RES = 1.0e-07 (4.3e-06), CFL=0.333 (ELAPSED 00:01:06 )
-------------------------------------------------------------------------------------------------------------
	 #1 (1.0846e-02, 9.1370e-04): lin 1 (0.0e+00)
Composition correction applied in 13 block(s)
	 #2 (8.3901e-04, 1.3644e-07): lin 1 (0.0e+00)
Composition correction applied in 13 block(s)
	 #3 (2.1060e-05, 4.6589e-06): lin 1 (0.0e+00)
Composition correction applied in 13 block(s)
-------------------------------------------------------------------------------------------------------------
 T = 841.047, DT = 1, NI = 3, LI = 3, RES = 3.3e-09 (6.6e-06), CFL=0.319 (ELAPSED 00:01:06 )
-------------------------------------------------------------------------------------------------------------
	 #1 (1.0659e-02, 1.7616e-03): lin 1 (0.0e+00)
Composition correction applied in 13 block(s)
	 #2 (7.2178e-03, 2.5507e-06): lin 1 (0.0e+00)
Composition correction applied in 13 block(s)
	 #3 (1.9031e-04, 1.8395e-06): lin 1 (0.0e+00)
Composition correction applied in 13 block(s)
-------------------------------------------------------------------------------------------------------------
 T = 842.047, DT = 1, NI = 3, LI = 3, RES = 1.6e-07 (1.0e-06), CFL=0.347 (ELAPSED 00:01:06 )
-------------------------------------------------------------------------------------------------------------
	 #1 (9.0052e-03, 2.2737e-03): lin 1 (0.0e+00)
Composition correction applied in 13 block(s)
	 #2 (9.5039e-04, 8.0333e-07): lin 1 (0.0e+00)
Composition correction applied in 13 block(s)
-------------------------------------------------------------------------------------------------------------
 T = 843.047, DT = 1, NI = 2, LI = 2, RES = 1.3e-06 (4.5e-06), CFL=0.342 (ELAPSED 00:01:06 )
-------------------------------------------------------------------------------------------------------------
	 #1 (1.0505e-02, 3.6720e-04): lin 1 (0.0e+00)
Composition correction applied in 13 block(s)
	 #2 (5.0093e-04, 1.2001e-06): lin 1 (0.0e+00)
Composition correction applied in 13 block(s)
-------------------------------------------------------------------------------------------------------------
 T = 844.047, DT = 1, NI = 2, LI = 2, RES = 8.0e-07 (5.2e-06), CFL=0.330 (ELAPSED 00:01:06 )
-------------------------------------------------------------------------------------------------------------
	 #1 (1.0868e-02, 1.3127e-03): lin 1 (0.0e+00)
Composition correction applied in 13 block(s)
	 #2 (2.0007e-03, 4.2268e-06): lin 1 (0.0e+00)
Composition correction applied in 13 block(s)
	 #3 (1.0551e-05, 2.4674e-06): lin 1 (0.0e+00)
Composition correction applied in 13 block(s)
-------------------------------------------------------------------------------------------------------------
 T = 845.047, DT = 1, NI = 3, LI = 3, RES = 5.6e-10 (2.8e-06), CFL=0.324 (ELAPSED 00:01:06 )
-------------------------------------------------------------------------------------------------------------
	 #1 (9.6798e-03, 9.2970e-04): lin 1 (0.0e+00)
Composition correction applied in 13 block(s)
	 #2 (6.3738e-04, 4.8966e-07): lin 1 (0.0e+00)
Composition correction applied in 13 block(s)
-------------------------------------------------------------------------------------------------------------
 T = 846.047, DT = 1, NI = 2, LI = 2, RES = 1.5e-06 (4.4e-07), CFL=0.351 (ELAPSED 00:01:06 )
-------------------------------------------------------------------------------------------------------------
	 #1 (9.6579e-03, 2.1425e-03): lin 1 (0.0e+00)
Composition correction applied in 13 block(s)
	 #2 (1.3183e-03, 4.4512e-06): lin 1 (0.0e+00)
Composition correction applied in 13 block(s)
-------------------------------------------------------------------------------------------------------------
 T = 847.047, DT = 1, NI = 2, LI = 2, RES = 1.7e-06 (1.0e-06), CFL=0.339 (ELAPSED 00:01:06 )
-------------------------------------------------------------------------------------------------------------
	 #1 (1.0632e-02, 1.8299e-04): lin 1 (0.0e+00)
Composition correction applied in 13 block(s)
	 #2 (6.2674e-04, 6.2532e-06): lin 1 (0.0e+00)
Composition correction applied in 13 block(s)
-------------------------------------------------------------------------------------------------------------
 T = 848.047, DT = 1, NI = 2, LI = 2, RES = 6.6e-06 (3.9e-06), CFL=0.326 (ELAPSED 00:01:06 )
-------------------------------------------------------------------------------------------------------------
	 #1 (1.0798e-02, 1.5713e-03): lin 1 (0.0e+00)
Composition correction applied in 14 block(s)
	 #2 (4.2939e-03, 2.1952e-06): lin 1 (0.0e+00)
Composition correction applied in 14 block(s)
	 #3 (5.7394e-05, 3.0807e-06): lin 1 (0.0e+00)
Composition correction applied in 14 block(s)
-------------------------------------------------------------------------------------------------------------
 T = 849.047, DT = 1, NI = 3, LI = 3, RES = 1.5e-08 (3.2e-06), CFL=0.334 (ELAPSED 00:01:06 )
-------------------------------------------------------------------------------------------------------------
	 #1 (8.7534e-03, 4.7321e-04): lin 1 (0.0e+00)
Composition correction applied in 14 block(s)
	 #2 (6.4043e-04, 2.2188e-06): lin 1 (0.0e+00)
Composition correction applied in 14 block(s)
-------------------------------------------------------------------------------------------------------------
 T = 850.047, DT = 1, NI = 2, LI = 2, RES = 1.5e-06 (1.4e-06), CFL=0.348 (ELAPSED 00:01:07 )
-------------------------------------------------------------------------------------------------------------
	 #1 (1.0039e-02, 1.3097e-03): lin 1 (0.0e+00)
Composition correction applied in 14 block(s)
	 #2 (4.4595e-04, 1.5920e-06): lin 1 (0.0e+00)
Composition correction applied in 14 block(s)
-------------------------------------------------------------------------------------------------------------
 T = 851.047, DT = 1, NI = 2, LI = 2, RES = 1.1e-07 (5.2e-07), CFL=0.335 (ELAPSED 00:01:07 )
-------------------------------------------------------------------------------------------------------------
	 #1 (1.0738e-02, 7.1495e-04): lin 1 (0.0e+00)
Composition correction applied in 14 block(s)
	 #2 (7.7623e-04, 1.8829e-06): lin 1 (0.0e+00)
Composition correction applied in 14 block(s)
	 #3 (1.6529e-05, 1.9808e-06): lin 1 (0.0e+00)
Composition correction applied in 14 block(s)
-------------------------------------------------------------------------------------------------------------
 T = 852.047, DT = 1, NI = 3, LI = 3, RES = 2.1e-09 (1.8e-06), CFL=0.321 (ELAPSED 00:01:07 )
-------------------------------------------------------------------------------------------------------------
	 #1 (1.0645e-02, 1.6941e-03): lin 1 (0.0e+00)
Composition correction applied in 14 block(s)
	 #2 (6.4403e-03, 2.2727e-06): lin 1 (0.0e+00)
Composition correction applied in 14 block(s)
	 #3 (1.4468e-04, 1.7257e-06): lin 1 (0.0e+00)
Composition correction applied in 14 block(s)
-------------------------------------------------------------------------------------------------------------
 T = 853.047, DT = 1, NI = 3, LI = 3, RES = 9.3e-08 (4.6e-07), CFL=0.343 (ELAPSED 00:01:07 )
-------------------------------------------------------------------------------------------------------------
	 #1 (8.7306e-03, 1.7753e-03): lin 1 (0.0e+00)
Composition correction applied in 14 block(s)
	 #2 (8.3898e-04, 4.6297e-06): lin 1 (0.0e+00)
Composition correction applied in 14 block(s)
-------------------------------------------------------------------------------------------------------------
 T = 854.047, DT = 1, NI = 2, LI = 2, RES = 1.5e-06 (2.9e-06), CFL=0.344 (ELAPSED 00:01:07 )
-------------------------------------------------------------------------------------------------------------
	 #1 (1.0338e-02, 6.0443e-04): lin 1 (0.0e+00)
Composition correction applied in 14 block(s)
	 #2 (4.6758e-04, 3.6052e-06): lin 1 (0.0e+00)
Composition correction applied in 14 block(s)
-------------------------------------------------------------------------------------------------------------
 T = 855.047, DT = 1, NI = 2, LI = 2, RES = 1.4e-07 (3.8e-06), CFL=0.331 (ELAPSED 00:01:07 )
-------------------------------------------------------------------------------------------------------------
	 #1 (1.0789e-02, 1.1483e-03): lin 1 (0.0e+00)
Composition correction applied in 14 block(s)
	 #2 (1.1421e-03, 3.8231e-06): lin 1 (0.0e+00)
Composition correction applied in 14 block(s)
-------------------------------------------------------------------------------------------------------------
 T = 856.047, DT = 1, NI = 2, LI = 2, RES = 3.0e-06 (9.9e-07), CFL=0.321 (ELAPSED 00:01:07 )
-------------------------------------------------------------------------------------------------------------
	 #1 (1.0131e-02, 1.4152e-03): lin 1 (0.0e+00)
Composition correction applied in 14 block(s)
	 #2 (6.8165e-04, 1.6045e-06): lin 1 (0.0e+00)
Composition correction applied in 14 block(s)
-------------------------------------------------------------------------------------------------------------
 T = 857.047, DT = 1, NI = 2, LI = 2, RES = 1.8e-06 (1.6e-06), CFL=0.352 (ELAPSED 00:01:07 )
-------------------------------------------------------------------------------------------------------------
	 #1 (9.4079e-03, 2.4192e-03): lin 1 (0.0e+00)
Composition correction applied in 14 block(s)
	 #2 (1.1678e-03, 2.1062e-06): lin 1 (0.0e+00)
Composition correction applied in 14 block(s)
-------------------------------------------------------------------------------------------------------------
 T = 858.047, DT = 1, NI = 2, LI = 2, RES = 1.4e-06 (8.1e-08), CFL=0.340 (ELAPSED 00:01:07 )
-------------------------------------------------------------------------------------------------------------
	 #1 (1.0533e-02, 5.7501e-06): lin 1 (0.0e+00)
Composition correction applied in 14 block(s)
	 #2 (5.7219e-04, 2.6436e-07): lin 1 (0.0e+00)
Composition correction applied in 14 block(s)
-------------------------------------------------------------------------------------------------------------
 T = 859.047, DT = 1, NI = 2, LI = 2, RES = 3.9e-06 (2.8e-06), CFL=0.327 (ELAPSED 00:01:07 )
-------------------------------------------------------------------------------------------------------------
	 #1 (1.0760e-02, 1.4585e-03): lin 1 (0.0e+00)
Composition correction applied in 14 block(s)
	 #2 (3.4708e-03, 1.1833e-06): lin 1 (0.0e+00)
Composition correction applied in 14 block(s)
	 #3 (3.5962e-05, 1.9253e-06): lin 1 (0.0e+00)
Composition correction applied in 14 block(s)
-------------------------------------------------------------------------------------------------------------
 T = 860.047, DT = 1, NI = 3, LI = 3, RES = 6.2e-09 (1.1e-06), CFL=0.331 (ELAPSED 00:01:07 )
-------------------------------------------------------------------------------------------------------------
	 #1 (8.9241e-03, 2.3462e-05): lin 1 (0.0e+00)
Composition correction applied in 14 block(s)
	 #2 (6.1072e-04, 7.5552e-07): lin 1 (0.0e+00)
Composition correction applied in 14 block(s)
-------------------------------------------------------------------------------------------------------------
 T = 861.047, DT = 1, NI = 2, LI = 2, RES = 1.4e-06 (1.5e-06), CFL=0.350 (ELAPSED 00:01:07 )
-------------------------------------------------------------------------------------------------------------
	 #1 (9.8440e-03, 1.5401e-03): lin 1 (0.0e+00)
Composition correction applied in 14 block(s)
	 #2 (4.4547e-04, 2.3900e-06): lin 1 (0.0e+00)
Composition correction applied in 14 block(s)
-------------------------------------------------------------------------------------------------------------
 T = 862.047, DT = 1, NI = 2, LI = 2, RES = 1.2e-07 (2.9e-06), CFL=0.336 (ELAPSED 00:01:07 )
-------------------------------------------------------------------------------------------------------------
	 #1 (1.0627e-02, 5.1616e-04): lin 1 (0.0e+00)
Composition correction applied in 14 block(s)
	 #2 (7.1663e-04, 1.1628e-06): lin 1 (0.0e+00)
Composition correction applied in 14 block(s)
	 #3 (1.2553e-05, 2.5642e-06): lin 1 (0.0e+00)
Composition correction applied in 14 block(s)
-------------------------------------------------------------------------------------------------------------
 T = 863.047, DT = 1, NI = 3, LI = 3, RES = 1.2e-09 (6.1e-07), CFL=0.323 (ELAPSED 00:01:07 )
-------------------------------------------------------------------------------------------------------------
	 #1 (1.0626e-02, 1.6207e-03): lin 1 (0.0e+00)
Composition correction applied in 14 block(s)
	 #2 (5.6582e-03, 2.8828e-06): lin 1 (0.0e+00)
Composition correction applied in 14 block(s)
	 #3 (1.0807e-04, 4.6848e-06): lin 1 (0.0e+00)
Composition correction applied in 14 block(s)
-------------------------------------------------------------------------------------------------------------
 T = 864.047, DT = 1, NI = 3, LI = 3, RES = 5.3e-08 (8.7e-07), CFL=0.339 (ELAPSED 00:01:07 )
-------------------------------------------------------------------------------------------------------------
	 #1 (8.5708e-03, 1.2970e-03): lin 1 (0.0e+00)
Composition correction applied in 14 block(s)
	 #2 (7.3677e-04, 1.5052e-07): lin 1 (0.0e+00)
Composition correction applied in 14 block(s)
-------------------------------------------------------------------------------------------------------------
 T = 865.047, DT = 1, NI = 2, LI = 2, RES = 1.5e-06 (1.9e-06), CFL=0.346 (ELAPSED 00:01:08 )
-------------------------------------------------------------------------------------------------------------
	 #1 (1.0167e-02, 8.2121e-04): lin 1 (0.0e+00)
Composition correction applied in 14 block(s)
	 #2 (4.4246e-04, 1.9668e-06): lin 1 (0.0e+00)
Composition correction applied in 14 block(s)
-------------------------------------------------------------------------------------------------------------
 T = 866.047, DT = 1, NI = 2, LI = 2, RES = 9.7e-08 (8.6e-07), CFL=0.332 (ELAPSED 00:01:08 )
-------------------------------------------------------------------------------------------------------------
	 #1 (1.0708e-02, 9.8475e-04): lin 1 (0.0e+00)
Composition correction applied in 14 block(s)
	 #2 (6.9608e-04, 4.9654e-06): lin 1 (0.0e+00)
Composition correction applied in 14 block(s)
	 #3 (2.1401e-05, 4.8413e-06): lin 1 (0.0e+00)
Composition correction applied in 14 block(s)
-------------------------------------------------------------------------------------------------------------
 T = 867.047, DT = 1, NI = 3, LI = 3, RES = 3.5e-09 (4.8e-07), CFL=0.319 (ELAPSED 00:01:08 )
-------------------------------------------------------------------------------------------------------------
	 #1 (1.0462e-02, 1.7164e-03): lin 1 (0.0e+00)
Composition correction applied in 14 block(s)
	 #2 (7.6970e-03, 1.9602e-06): lin 1 (0.0e+00)
Composition correction applied in 14 block(s)
	 #3 (2.2048e-04, 2.1968e-06): lin 1 (0.0e+00)
Composition correction applied in 14 block(s)
-------------------------------------------------------------------------------------------------------------
 T = 868.047, DT = 1, NI = 3, LI = 3, RES = 2.1e-07 (3.2e-06), CFL=0.350 (ELAPSED 00:01:08 )
-------------------------------------------------------------------------------------------------------------
	 #1 (9.1112e-03, 2.4631e-03): lin 1 (0.0e+00)
Composition correction applied in 14 block(s)
	 #2 (1.0296e-03, 6.9232e-06): lin 1 (0.0e+00)
Composition correction applied in 14 block(s)
-------------------------------------------------------------------------------------------------------------
 T = 869.047, DT = 1, NI = 2, LI = 2, RES = 1.6e-06 (6.1e-07), CFL=0.341 (ELAPSED 00:01:08 )
-------------------------------------------------------------------------------------------------------------
	 #1 (1.0395e-02, 9.2957e-05): lin 1 (0.0e+00)
Composition correction applied in 14 block(s)
	 #2 (5.1958e-04, 5.3005e-07): lin 1 (0.0e+00)
Composition correction applied in 14 block(s)
-------------------------------------------------------------------------------------------------------------
 T = 870.047, DT = 1, NI = 2, LI = 2, RES = 1.9e-06 (4.1e-06), CFL=0.328 (ELAPSED 00:01:08 )
-------------------------------------------------------------------------------------------------------------
	 #1 (1.0667e-02, 1.4515e-03): lin 1 (0.0e+00)
Composition correction applied in 14 block(s)
	 #2 (2.5530e-03, 4.8968e-06): lin 1 (0.0e+00)
Composition correction applied in 14 block(s)
	 #3 (1.8293e-05, 1.0318e-06): lin 1 (0.0e+00)
Composition correction applied in 14 block(s)
-------------------------------------------------------------------------------------------------------------
 T = 871.047, DT = 1, NI = 3, LI = 3, RES = 1.7e-09 (9.9e-08), CFL=0.325 (ELAPSED 00:01:08 )
-------------------------------------------------------------------------------------------------------------
	 #1 (9.1809e-03, 6.3069e-04): lin 1 (0.0e+00)
Composition correction applied in 14 block(s)
	 #2 (5.9022e-04, 1.3010e-06): lin 1 (0.0e+00)
Composition correction applied in 14 block(s)
-------------------------------------------------------------------------------------------------------------
 T = 872.047, DT = 1, NI = 2, LI = 2, RES = 1.4e-06 (4.7e-07), CFL=0.349 (ELAPSED 00:01:08 )
-------------------------------------------------------------------------------------------------------------
	 #1 (9.5559e-03, 1.7449e-03): lin 1 (0.0e+00)
Composition correction applied in 14 block(s)
	 #2 (4.3626e-04, 5.1562e-07): lin 1 (0.0e+00)
Composition correction applied in 14 block(s)
-------------------------------------------------------------------------------------------------------------
 T = 873.047, DT = 1, NI = 2, LI = 2, RES = 1.3e-07 (1.6e-06), CFL=0.336 (ELAPSED 00:01:08 )
-------------------------------------------------------------------------------------------------------------
	 #1 (1.0426e-02, 2.9802e-04): lin 1 (0.0e+00)
Composition correction applied in 14 block(s)
	 #2 (6.3753e-04, 4.5212e-07): lin 1 (0.0e+00)
Composition correction applied in 14 block(s)
-------------------------------------------------------------------------------------------------------------
 T = 874.047, DT = 1, NI = 2, LI = 2, RES = 8.1e-06 (1.2e-06), CFL=0.323 (ELAPSED 00:01:08 )
-------------------------------------------------------------------------------------------------------------
	 #1 (1.0545e-02, 1.4939e-03): lin 1 (0.0e+00)
Composition correction applied in 14 block(s)
	 #2 (4.5934e-03, 5.0947e-06): lin 1 (0.0e+00)
Composition correction applied in 14 block(s)
	 #3 (6.7524e-05, 3.8352e-06): lin 1 (0.0e+00)
Composition correction applied in 14 block(s)
-------------------------------------------------------------------------------------------------------------
 T = 875.047, DT = 1, NI = 3, LI = 3, RES = 2.2e-08 (5.8e-07), CFL=0.333 (ELAPSED 00:01:08 )
-------------------------------------------------------------------------------------------------------------
	 #1 (8.4953e-03, 6.8983e-04): lin 1 (0.0e+00)
Composition correction applied in 14 block(s)
	 #2 (6.3747e-04, 3.1793e-06): lin 1 (0.0e+00)
Composition correction applied in 14 block(s)
-------------------------------------------------------------------------------------------------------------
 T = 876.047, DT = 1, NI = 2, LI = 2, RES = 1.4e-06 (1.2e-06), CFL=0.346 (ELAPSED 00:01:08 )
-------------------------------------------------------------------------------------------------------------
	 #1 (9.8833e-03, 1.1547e-03): lin 1 (0.0e+00)
Composition correction applied in 14 block(s)
	 #2 (4.3286e-04, 2.2039e-06): lin 1 (0.0e+00)
Composition correction applied in 14 block(s)
-------------------------------------------------------------------------------------------------------------
 T = 877.047, DT = 1, NI = 2, LI = 2, RES = 1.0e-07 (1.7e-06), CFL=0.333 (ELAPSED 00:01:08 )
-------------------------------------------------------------------------------------------------------------
	 #1 (1.0541e-02, 6.9174e-04): lin 1 (0.0e+00)
Composition correction applied in 14 block(s)
	 #2 (7.7974e-04, 2.3967e-06): lin 1 (0.0e+00)
Composition correction applied in 14 block(s)
	 #3 (1.7619e-05, 1.2473e-06): lin 1 (0.0e+00)
Composition correction applied in 14 block(s)
-------------------------------------------------------------------------------------------------------------
 T = 878.047, DT = 1, NI = 3, LI = 3, RES = 2.4e-09 (1.0e-06), CFL=0.319 (ELAPSED 00:01:08 )
-------------------------------------------------------------------------------------------------------------
	 #1 (1.0429e-02, 1.5697e-03): lin 1 (0.0e+00)
Composition correction applied in 14 block(s)
	 #2 (6.5648e-03, 1.0102e-06): lin 1 (0.0e+00)
Composition correction applied in 14 block(s)
	 #3 (1.5382e-04, 5.8527e-06): lin 1 (0.0e+00)
Composition correction applied in 14 block(s)
-------------------------------------------------------------------------------------------------------------
 T = 879.047, DT = 1, NI = 3, LI = 3, RES = 1.1e-07 (1.6e-06), CFL=0.343 (ELAPSED 00:01:09 )
-------------------------------------------------------------------------------------------------------------
	 #1 (8.6214e-03, 1.8272e-03): lin 1 (0.0e+00)
Composition correction applied in 14 block(s)
	 #2 (8.4755e-04, 1.7038e-06): lin 1 (0.0e+00)
Composition correction applied in 14 block(s)
-------------------------------------------------------------------------------------------------------------
 T = 880.047, DT = 1, NI = 2, LI = 2, RES = 1.4e-06 (1.7e-06), CFL=0.342 (ELAPSED 00:01:09 )
-------------------------------------------------------------------------------------------------------------
	 #1 (1.0179e-02, 5.3564e-04): lin 1 (0.0e+00)
Composition correction applied in 14 block(s)
	 #2 (4.6491e-04, 2.5519e-06): lin 1 (0.0e+00)
Composition correction applied in 14 block(s)
-------------------------------------------------------------------------------------------------------------
 T = 881.047, DT = 1, NI = 2, LI = 2, RES = 9.5e-08 (5.2e-06), CFL=0.330 (ELAPSED 00:01:09 )
-------------------------------------------------------------------------------------------------------------
	 #1 (1.0607e-02, 1.0771e-03): lin 1 (0.0e+00)
Composition correction applied in 14 block(s)
	 #2 (1.3127e-03, 4.7532e-06): lin 1 (0.0e+00)
Composition correction applied in 14 block(s)
-------------------------------------------------------------------------------------------------------------
 T = 882.047, DT = 1, NI = 2, LI = 2, RES = 4.2e-06 (1.7e-06), CFL=0.321 (ELAPSED 00:01:09 )
-------------------------------------------------------------------------------------------------------------
	 #1 (9.8450e-03, 1.2131e-03): lin 1 (0.0e+00)
Composition correction applied in 14 block(s)
	 #2 (6.5745e-04, 6.7122e-06): lin 1 (0.0e+00)
Composition correction applied in 14 block(s)
-------------------------------------------------------------------------------------------------------------
 T = 883.047, DT = 1, NI = 2, LI = 2, RES = 1.7e-06 (1.9e-06), CFL=0.351 (ELAPSED 00:01:09 )
-------------------------------------------------------------------------------------------------------------
	 #1 (9.2891e-03, 2.2219e-03): lin 1 (0.0e+00)
Composition correction applied in 14 block(s)
	 #2 (1.1748e-03, 8.3098e-07): lin 1 (0.0e+00)
Composition correction applied in 14 block(s)
-------------------------------------------------------------------------------------------------------------
 T = 884.047, DT = 1, NI = 2, LI = 2, RES = 1.4e-06 (1.5e-06), CFL=0.340 (ELAPSED 00:01:09 )
-------------------------------------------------------------------------------------------------------------
	 #1 (1.0367e-02, 1.1162e-05): lin 1 (0.0e+00)
Composition correction applied in 14 block(s)
	 #2 (5.7242e-04, 5.2916e-06): lin 1 (0.0e+00)
Composition correction applied in 14 block(s)
-------------------------------------------------------------------------------------------------------------
 T = 885.047, DT = 1, NI = 2, LI = 2, RES = 4.3e-06 (1.3e-06), CFL=0.327 (ELAPSED 00:01:09 )
-------------------------------------------------------------------------------------------------------------
	 #1 (1.0585e-02, 1.3735e-03): lin 1 (0.0e+00)
Composition correction applied in 14 block(s)
	 #2 (3.5627e-03, 4.4629e-06): lin 1 (0.0e+00)
Composition correction applied in 14 block(s)
	 #3 (3.8631e-05, 1.7566e-07): lin 1 (0.0e+00)
Composition correction applied in 14 block(s)
-------------------------------------------------------------------------------------------------------------
 T = 886.047, DT = 1, NI = 3, LI = 3, RES = 7.5e-09 (3.3e-06), CFL=0.331 (ELAPSED 00:01:09 )
-------------------------------------------------------------------------------------------------------------
	 #1 (8.7363e-03, 6.3605e-05): lin 1 (0.0e+00)
Composition correction applied in 14 block(s)
	 #2 (6.0208e-04, 3.9335e-06): lin 1 (0.0e+00)
Composition correction applied in 14 block(s)
-------------------------------------------------------------------------------------------------------------
 T = 887.047, DT = 1, NI = 2, LI = 2, RES = 1.3e-06 (4.4e-06), CFL=0.349 (ELAPSED 00:01:09 )
-------------------------------------------------------------------------------------------------------------
	 #1 (9.7102e-03, 1.4097e-03): lin 1 (0.0e+00)
Composition correction applied in 14 block(s)
	 #2 (4.3751e-04, 9.4024e-07): lin 1 (0.0e+00)
Composition correction applied in 14 block(s)
-------------------------------------------------------------------------------------------------------------
 T = 888.047, DT = 1, NI = 2, LI = 2, RES = 1.2e-07 (3.7e-06), CFL=0.336 (ELAPSED 00:01:09 )
-------------------------------------------------------------------------------------------------------------
	 #1 (1.0470e-02, 4.9200e-04): lin 1 (0.0e+00)
Composition correction applied in 14 block(s)
	 #2 (7.1454e-04, 5.8034e-06): lin 1 (0.0e+00)
Composition correction applied in 14 block(s)
	 #3 (1.2914e-05, 3.7632e-06): lin 1 (0.0e+00)
Composition correction applied in 14 block(s)
-------------------------------------------------------------------------------------------------------------
 T = 889.047, DT = 1, NI = 3, LI = 3, RES = 1.3e-09 (1.9e-06), CFL=0.322 (ELAPSED 00:01:09 )
-------------------------------------------------------------------------------------------------------------
	 #1 (1.0463e-02, 1.5181e-03): lin 1 (0.0e+00)
Composition correction applied in 14 block(s)
	 #2 (5.6991e-03, 1.3291e-06): lin 1 (0.0e+00)
Composition correction applied in 14 block(s)
	 #3 (1.1117e-04, 6.3257e-08): lin 1 (0.0e+00)
Composition correction applied in 14 block(s)
-------------------------------------------------------------------------------------------------------------
 T = 890.047, DT = 1, NI = 3, LI = 3, RES = 5.8e-08 (7.4e-07), CFL=0.340 (ELAPSED 00:01:09 )
-------------------------------------------------------------------------------------------------------------
	 #1 (8.4497e-03, 1.2756e-03): lin 1 (0.0e+00)
Composition correction applied in 14 block(s)
	 #2 (7.3508e-04, 2.2637e-06): lin 1 (0.0e+00)
Composition correction applied in 14 block(s)
-------------------------------------------------------------------------------------------------------------
 T = 891.047, DT = 1, NI = 2, LI = 2, RES = 1.4e-06 (3.6e-06), CFL=0.345 (ELAPSED 00:01:09 )
-------------------------------------------------------------------------------------------------------------
	 #1 (1.0027e-02, 7.4114e-04): lin 1 (0.0e+00)
Composition correction applied in 14 block(s)
	 #2 (4.3897e-04, 6.0517e-06): lin 1 (0.0e+00)
Composition correction applied in 14 block(s)
-------------------------------------------------------------------------------------------------------------
 T = 892.047, DT = 1, NI = 2, LI = 2, RES = 9.6e-08 (6.2e-07), CFL=0.332 (ELAPSED 00:01:09 )
-------------------------------------------------------------------------------------------------------------
	 #1 (1.0551e-02, 9.3360e-04): lin 1 (0.0e+00)
Composition correction applied in 14 block(s)
	 #2 (6.8977e-04, 1.8966e-06): lin 1 (0.0e+00)
Composition correction applied in 14 block(s)
	 #3 (2.1601e-05, 8.7107e-07): lin 1 (0.0e+00)
Composition correction applied in 14 block(s)
-------------------------------------------------------------------------------------------------------------
 T = 893.047, DT = 1, NI = 3, LI = 3, RES = 3.6e-09 (6.1e-06), CFL=0.318 (ELAPSED 00:01:09 )
-------------------------------------------------------------------------------------------------------------
	 #1 (1.0309e-02, 1.6209e-03): lin 1 (0.0e+00)
Composition correction applied in 14 block(s)
	 #2 (7.6853e-03, 9.6946e-07): lin 1 (0.0e+00)
Composition correction applied in 14 block(s)
	 #3 (2.2376e-04, 1.6528e-06): lin 1 (0.0e+00)
Composition correction applied in 14 block(s)
-------------------------------------------------------------------------------------------------------------
 T = 894.047, DT = 1, NI = 3, LI = 3, RES = 2.2e-07 (2.0e-06), CFL=0.351 (ELAPSED 00:01:10 )
-------------------------------------------------------------------------------------------------------------
	 #1 (9.0238e-03, 2.3538e-03): lin 1 (0.0e+00)
Composition correction applied in 14 block(s)
	 #2 (1.0319e-03, 2.4624e-06): lin 1 (0.0e+00)
Composition correction applied in 14 block(s)
-------------------------------------------------------------------------------------------------------------
 T = 895.047, DT = 1, NI = 2, LI = 2, RES = 1.2e-06 (6.7e-06), CFL=0.341 (ELAPSED 00:01:10 )
-------------------------------------------------------------------------------------------------------------
	 #1 (1.0270e-02, 1.6846e-04): lin 1 (0.0e+00)
Composition correction applied in 14 block(s)
	 #2 (5.2284e-04, 5.2484e-06): lin 1 (0.0e+00)
Composition correction applied in 14 block(s)
-------------------------------------------------------------------------------------------------------------
 T = 896.047, DT = 1, NI = 2, LI = 2, RES = 2.1e-06 (4.1e-06), CFL=0.329 (ELAPSED 00:01:10 )
-------------------------------------------------------------------------------------------------------------
	 #1 (1.0553e-02, 1.2790e-03): lin 1 (0.0e+00)
Composition correction applied in 14 block(s)
	 #2 (2.7269e-03, 2.9123e-06): lin 1 (0.0e+00)
Composition correction applied in 14 block(s)
	 #3 (2.1540e-05, 3.7447e-06): lin 1 (0.0e+00)
Composition correction applied in 14 block(s)
-------------------------------------------------------------------------------------------------------------
 T = 897.047, DT = 1, NI = 3, LI = 3, RES = 2.5e-09 (3.8e-06), CFL=0.328 (ELAPSED 00:01:10 )
-------------------------------------------------------------------------------------------------------------
	 #1 (9.0139e-03, 4.2057e-04): lin 1 (0.0e+00)
Composition correction applied in 14 block(s)
	 #2 (5.9199e-04, 2.6839e-06): lin 1 (0.0e+00)
Composition correction applied in 14 block(s)
-------------------------------------------------------------------------------------------------------------
 T = 898.047, DT = 1, NI = 2, LI = 2, RES = 1.4e-06 (2.6e-06), CFL=0.351 (ELAPSED 00:01:10 )
-------------------------------------------------------------------------------------------------------------
	 #1 (9.5190e-03, 1.6296e-03): lin 1 (0.0e+00)
Composition correction applied in 14 block(s)
	 #2 (4.3723e-04, 1.7980e-06): lin 1 (0.0e+00)
Composition correction applied in 14 block(s)
-------------------------------------------------------------------------------------------------------------
 T = 899.047, DT = 1, NI = 2, LI = 2, RES = 1.3e-07 (5.8e-06), CFL=0.338 (ELAPSED 00:01:10 )
-------------------------------------------------------------------------------------------------------------
	 #1 (1.0363e-02, 3.1879e-04): lin 1 (0.0e+00)
Composition correction applied in 14 block(s)
	 #2 (6.5748e-04, 3.0023e-06): lin 1 (0.0e+00)
Composition correction applied in 14 block(s)
-------------------------------------------------------------------------------------------------------------
 T = 900.047, DT = 1, NI = 2, LI = 2, RES = 9.3e-06 (3.2e-06), CFL=0.324 (ELAPSED 00:01:10 )
-------------------------------------------------------------------------------------------------------------
	 #1 (1.0451e-02, 1.4430e-03): lin 1 (0.0e+00)
Composition correction applied in 14 block(s)
	 #2 (4.9203e-03, 6.1815e-07): lin 1 (0.0e+00)
Composition correction applied in 14 block(s)
	 #3 (8.0076e-05, 3.7098e-06): lin 1 (0.0e+00)
Composition correction applied in 14 block(s)
-------------------------------------------------------------------------------------------------------------
 T = 901.047, DT = 1, NI = 3, LI = 3, RES = 3.1e-08 (3.6e-06), CFL=0.337 (ELAPSED 00:01:10 )
-------------------------------------------------------------------------------------------------------------
	 #1 (8.3945e-03, 8.1163e-04): lin 1 (0.0e+00)
Composition correction applied in 15 block(s)
	 #2 (6.6534e-04, 8.0157e-07): lin 1 (0.0e+00)
Composition correction applied in 15 block(s)
-------------------------------------------------------------------------------------------------------------
 T = 902.047, DT = 1, NI = 2, LI = 2, RES = 1.4e-06 (1.7e-07), CFL=0.347 (ELAPSED 00:01:10 )
-------------------------------------------------------------------------------------------------------------
	 #1 (9.8554e-03, 9.4033e-04): lin 1 (0.0e+00)
Composition correction applied in 15 block(s)
	 #2 (4.3110e-04, 3.0582e-06): lin 1 (0.0e+00)
Composition correction applied in 15 block(s)
-------------------------------------------------------------------------------------------------------------
 T = 903.047, DT = 1, NI = 2, LI = 2, RES = 9.7e-08 (1.5e-06), CFL=0.333 (ELAPSED 00:01:10 )
-------------------------------------------------------------------------------------------------------------
	 #1 (1.0458e-02, 7.6915e-04): lin 1 (0.0e+00)
Composition correction applied in 15 block(s)
	 #2 (8.0606e-04, 2.8015e-06): lin 1 (0.0e+00)
Composition correction applied in 15 block(s)
	 #3 (1.9898e-05, 4.9086e-06): lin 1 (0.0e+00)
Composition correction applied in 15 block(s)
-------------------------------------------------------------------------------------------------------------
 T = 904.047, DT = 1, NI = 3, LI = 3, RES = 3.1e-09 (1.3e-06), CFL=0.320 (ELAPSED 00:01:10 )
-------------------------------------------------------------------------------------------------------------
	 #1 (1.0294e-02, 1.5446e-03): lin 1 (0.0e+00)
Composition correction applied in 15 block(s)
	 #2 (6.9569e-03, 4.3870e-06): lin 1 (0.0e+00)
Composition correction applied in 15 block(s)
	 #3 (1.8075e-04, 3.3921e-06): lin 1 (0.0e+00)
Composition correction applied in 15 block(s)
-------------------------------------------------------------------------------------------------------------
 T = 905.047, DT = 1, NI = 3, LI = 3, RES = 1.5e-07 (3.5e-06), CFL=0.347 (ELAPSED 00:01:10 )
-------------------------------------------------------------------------------------------------------------
	 #1 (8.6755e-03, 1.9352e-03): lin 1 (0.0e+00)
Composition correction applied in 15 block(s)
	 #2 (9.1304e-04, 4.0859e-06): lin 1 (0.0e+00)
Composition correction applied in 15 block(s)
-------------------------------------------------------------------------------------------------------------
 T = 906.047, DT = 1, NI = 2, LI = 2, RES = 1.3e-06 (2.5e-06), CFL=0.342 (ELAPSED 00:01:10 )
-------------------------------------------------------------------------------------------------------------
	 #1 (1.0122e-02, 3.5501e-04): lin 1 (0.0e+00)
Composition correction applied in 15 block(s)
	 #2 (4.8186e-04, 1.9191e-06): lin 1 (0.0e+00)
Composition correction applied in 15 block(s)
-------------------------------------------------------------------------------------------------------------
 T = 907.047, DT = 1, NI = 2, LI = 2, RES = 6.6e-07 (4.4e-06), CFL=0.330 (ELAPSED 00:01:10 )
-------------------------------------------------------------------------------------------------------------
	 #1 (1.0486e-02, 1.1239e-03): lin 1 (0.0e+00)
Composition correction applied in 15 block(s)
	 #2 (1.9202e-03, 5.7071e-07): lin 1 (0.0e+00)
Composition correction applied in 15 block(s)
-------------------------------------------------------------------------------------------------------------
 T = 908.047, DT = 1, NI = 2, LI = 2, RES = 1.0e-05 (2.9e-06), CFL=0.324 (ELAPSED 00:01:10 )
-------------------------------------------------------------------------------------------------------------
	 #1 (9.3628e-03, 8.4406e-04): lin 1 (0.0e+00)
Composition correction applied in 15 block(s)
	 #2 (6.1338e-04, 3.2193e-06): lin 1 (0.0e+00)
Composition correction applied in 15 block(s)
-------------------------------------------------------------------------------------------------------------
 T = 909.047, DT = 1, NI = 2, LI = 2, RES = 1.4e-06 (3.5e-06), CFL=0.351 (ELAPSED 00:01:11 )
-------------------------------------------------------------------------------------------------------------
	 #1 (9.3033e-03, 1.8416e-03): lin 1 (0.0e+00)
Composition correction applied in 15 block(s)
	 #2 (1.2680e-03, 5.2429e-06): lin 1 (0.0e+00)
Composition correction applied in 15 block(s)
-------------------------------------------------------------------------------------------------------------
 T = 910.047, DT = 1, NI = 2, LI = 2, RES = 1.6e-06 (2.9e-06), CFL=0.339 (ELAPSED 00:01:11 )
-------------------------------------------------------------------------------------------------------------
	 #1 (1.0247e-02, 1.2957e-04): lin 1 (0.0e+00)
Composition correction applied in 15 block(s)
	 #2 (6.0253e-04, 4.2129e-07): lin 1 (0.0e+00)
Composition correction applied in 15 block(s)
-------------------------------------------------------------------------------------------------------------
 T = 911.047, DT = 1, NI = 2, LI = 2, RES = 6.2e-06 (2.3e-06), CFL=0.326 (ELAPSED 00:01:11 )
-------------------------------------------------------------------------------------------------------------
	 #1 (1.0422e-02, 1.3557e-03): lin 1 (0.0e+00)
Composition correction applied in 15 block(s)
	 #2 (4.1404e-03, 2.2403e-06): lin 1 (0.0e+00)
Composition correction applied in 15 block(s)
	 #3 (5.4657e-05, 5.2945e-06): lin 1 (0.0e+00)
Composition correction applied in 15 block(s)
-------------------------------------------------------------------------------------------------------------
 T = 912.047, DT = 1, NI = 3, LI = 3, RES = 1.5e-08 (3.8e-06), CFL=0.334 (ELAPSED 00:01:11 )
-------------------------------------------------------------------------------------------------------------
	 #1 (8.4513e-03, 3.7816e-04): lin 1 (0.0e+00)
Composition correction applied in 15 block(s)
	 #2 (6.1632e-04, 2.3265e-06): lin 1 (0.0e+00)
Composition correction applied in 15 block(s)
-------------------------------------------------------------------------------------------------------------
 T = 913.047, DT = 1, NI = 2, LI = 2, RES = 1.4e-06 (1.0e-06), CFL=0.348 (ELAPSED 00:01:11 )
-------------------------------------------------------------------------------------------------------------
	 #1 (9.6763e-03, 1.1367e-03): lin 1 (0.0e+00)
Composition correction applied in 15 block(s)
	 #2 (4.2991e-04, 5.5058e-06): lin 1 (0.0e+00)
Composition correction applied in 15 block(s)
-------------------------------------------------------------------------------------------------------------
 T = 914.047, DT = 1, NI = 2, LI = 2, RES = 1.0e-07 (4.5e-06), CFL=0.335 (ELAPSED 00:01:11 )
-------------------------------------------------------------------------------------------------------------
	 #1 (1.0356e-02, 5.9938e-04): lin 1 (0.0e+00)
Composition correction applied in 15 block(s)
	 #2 (7.4728e-04, 3.6471e-07): lin 1 (0.0e+00)
Composition correction applied in 15 block(s)
	 #3 (1.5687e-05, 4.5215e-07): lin 1 (0.0e+00)
Composition correction applied in 15 block(s)
-------------------------------------------------------------------------------------------------------------
 T = 915.047, DT = 1, NI = 3, LI = 3, RES = 1.9e-09 (2.8e-07), CFL=0.321 (ELAPSED 00:01:11 )
-------------------------------------------------------------------------------------------------------------
	 #1 (1.0283e-02, 1.4646e-03): lin 1 (0.0e+00)
Composition correction applied in 15 block(s)
	 #2 (6.2227e-03, 1.1792e-06): lin 1 (0.0e+00)
Composition correction applied in 15 block(s)
	 #3 (1.3819e-04, 6.2181e-07): lin 1 (0.0e+00)
Composition correction applied in 15 block(s)
-------------------------------------------------------------------------------------------------------------
 T = 916.047, DT = 1, NI = 3, LI = 3, RES = 9.1e-08 (4.4e-06), CFL=0.343 (ELAPSED 00:01:11 )
-------------------------------------------------------------------------------------------------------------
	 #1 (8.4232e-03, 1.5178e-03): lin 1 (0.0e+00)
Composition correction applied in 15 block(s)
	 #2 (8.0829e-04, 3.4637e-06): lin 1 (0.0e+00)
Composition correction applied in 15 block(s)
-------------------------------------------------------------------------------------------------------------
 T = 917.047, DT = 1, NI = 2, LI = 2, RES = 1.4e-06 (3.4e-06), CFL=0.344 (ELAPSED 00:01:11 )
-------------------------------------------------------------------------------------------------------------
	 #1 (9.9668e-03, 5.3389e-04): lin 1 (0.0e+00)
Composition correction applied in 15 block(s)
	 #2 (4.5114e-04, 1.5693e-06): lin 1 (0.0e+00)
Composition correction applied in 15 block(s)
-------------------------------------------------------------------------------------------------------------
 T = 918.047, DT = 1, NI = 2, LI = 2, RES = 2.5e-07 (3.9e-06), CFL=0.331 (ELAPSED 00:01:11 )
-------------------------------------------------------------------------------------------------------------
	 #1 (1.0410e-02, 9.9195e-04): lin 1 (0.0e+00)
Composition correction applied in 15 block(s)
	 #2 (1.8921e-03, 2.0781e-06): lin 1 (0.0e+00)
Composition correction applied in 15 block(s)
	 #3 (3.0761e-05, 6.4921e-06): lin 1 (0.0e+00)
Composition correction applied in 15 block(s)
-------------------------------------------------------------------------------------------------------------
 T = 919.047, DT = 1, NI = 3, LI = 3, RES = 1.2e-08 (3.8e-06), CFL=0.321 (ELAPSED 00:01:11 )
-------------------------------------------------------------------------------------------------------------
	 #1 (9.7878e-03, 1.2428e-03): lin 1 (0.0e+00)
Composition correction applied in 15 block(s)
	 #2 (6.5399e-04, 2.6467e-06): lin 1 (0.0e+00)
Composition correction applied in 15 block(s)
-------------------------------------------------------------------------------------------------------------
 T = 920.047, DT = 1, NI = 2, LI = 2, RES = 1.8e-06 (5.1e-06), CFL=0.351 (ELAPSED 00:01:11 )
-------------------------------------------------------------------------------------------------------------
	 #1 (9.0541e-03, 1.9789e-03): lin 1 (0.0e+00)
Composition correction applied in 15 block(s)
	 #2 (1.1155e-03, 7.0045e-06): lin 1 (0.0e+00)
Composition correction applied in 15 block(s)
-------------------------------------------------------------------------------------------------------------
 T = 921.047, DT = 1, NI = 2, LI = 2, RES = 1.3e-06 (6.0e-06), CFL=0.339 (ELAPSED 00:01:11 )
-------------------------------------------------------------------------------------------------------------
	 #1 (1.0116e-02, 6.8070e-05): lin 1 (0.0e+00)
Composition correction applied in 15 block(s)
	 #2 (5.4116e-04, 2.6229e-06): lin 1 (0.0e+00)
Composition correction applied in 15 block(s)
-------------------------------------------------------------------------------------------------------------
 T = 922.047, DT = 1, NI = 2, LI = 2, RES = 3.5e-06 (2.1e-06), CFL=0.326 (ELAPSED 00:01:11 )
-------------------------------------------------------------------------------------------------------------
	 #1 (1.0332e-02, 1.3273e-03): lin 1 (0.0e+00)
Composition correction applied in 15 block(s)
	 #2 (3.2169e-03, 2.0818e-06): lin 1 (0.0e+00)
Composition correction applied in 15 block(s)
	 #3 (3.1329e-05, 2.6968e-06): lin 1 (0.0e+00)
Composition correction applied in 15 block(s)
-------------------------------------------------------------------------------------------------------------
 T = 923.047, DT = 1, NI = 3, LI = 3, RES = 5.4e-09 (4.3e-07), CFL=0.328 (ELAPSED 00:01:12 )
-------------------------------------------------------------------------------------------------------------
	 #1 (8.6008e-03, 1.4640e-04): lin 1 (0.0e+00)
Composition correction applied in 15 block(s)
	 #2 (5.7235e-04, 4.0422e-07): lin 1 (0.0e+00)
Composition correction applied in 15 block(s)
-------------------------------------------------------------------------------------------------------------
 T = 924.047, DT = 1, NI = 2, LI = 2, RES = 1.2e-06 (6.4e-07), CFL=0.347 (ELAPSED 00:01:12 )
-------------------------------------------------------------------------------------------------------------
	 #1 (9.4012e-03, 1.3594e-03): lin 1 (0.0e+00)
Composition correction applied in 15 block(s)
	 #2 (4.2166e-04, 1.6955e-06): lin 1 (0.0e+00)
Composition correction applied in 15 block(s)
-------------------------------------------------------------------------------------------------------------
 T = 925.047, DT = 1, NI = 2, LI = 2, RES = 1.1e-07 (8.1e-07), CFL=0.335 (ELAPSED 00:01:12 )
-------------------------------------------------------------------------------------------------------------
	 #1 (1.0173e-02, 3.7445e-04): lin 1 (0.0e+00)
Composition correction applied in 15 block(s)
	 #2 (6.6660e-04, 5.6457e-07): lin 1 (0.0e+00)
Composition correction applied in 15 block(s)
	 #3 (1.0720e-05, 6.1963e-06): lin 1 (0.0e+00)
Composition correction applied in 15 block(s)
-------------------------------------------------------------------------------------------------------------
 T = 926.047, DT = 1, NI = 3, LI = 3, RES = 9.0e-10 (1.9e-06), CFL=0.321 (ELAPSED 00:01:12 )
-------------------------------------------------------------------------------------------------------------
	 #1 (1.0217e-02, 1.3625e-03): lin 1 (0.0e+00)
Composition correction applied in 15 block(s)
	 #2 (5.1747e-03, 2.4132e-06): lin 1 (0.0e+00)
Composition correction applied in 15 block(s)
	 #3 (9.0797e-05, 6.4149e-07): lin 1 (0.0e+00)
Composition correction applied in 15 block(s)
-------------------------------------------------------------------------------------------------------------
 T = 927.047, DT = 1, NI = 3, LI = 3, RES = 4.2e-08 (3.5e-06), CFL=0.336 (ELAPSED 00:01:12 )
-------------------------------------------------------------------------------------------------------------
	 #1 (8.2123e-03, 9.8268e-04): lin 1 (0.0e+00)
Composition correction applied in 15 block(s)
	 #2 (6.7089e-04, 5.5873e-06): lin 1 (0.0e+00)
Composition correction applied in 15 block(s)
-------------------------------------------------------------------------------------------------------------
 T = 928.047, DT = 1, NI = 2, LI = 2, RES = 1.4e-06 (4.7e-06), CFL=0.344 (ELAPSED 00:01:12 )
-------------------------------------------------------------------------------------------------------------
	 #1 (9.7118e-03, 8.3524e-04): lin 1 (0.0e+00)
Composition correction applied in 15 block(s)
	 #2 (4.2002e-04, 3.0835e-07): lin 1 (0.0e+00)
Composition correction applied in 15 block(s)
-------------------------------------------------------------------------------------------------------------
 T = 929.047, DT = 1, NI = 2, LI = 2, RES = 9.2e-08 (2.1e-06), CFL=0.331 (ELAPSED 00:01:12 )
-------------------------------------------------------------------------------------------------------------
	 #1 (1.0282e-02, 7.3952e-04): lin 1 (0.0e+00)
Composition correction applied in 15 block(s)
	 #2 (8.1118e-04, 2.2958e-06): lin 1 (0.0e+00)
Composition correction applied in 15 block(s)
	 #3 (2.1151e-05, 3.1158e-06): lin 1 (0.0e+00)
Composition correction applied in 15 block(s)
-------------------------------------------------------------------------------------------------------------
 T = 930.047, DT = 1, NI = 3, LI = 3, RES = 3.5e-09 (1.8e-06), CFL=0.318 (ELAPSED 00:01:12 )
-------------------------------------------------------------------------------------------------------------
	 #1 (1.0101e-02, 1.4399e-03): lin 1 (0.0e+00)
Composition correction applied in 15 block(s)
	 #2 (7.0630e-03, 3.2149e-07): lin 1 (0.0e+00)
Composition correction applied in 15 block(s)
	 #3 (1.9045e-04, 1.6999e-06): lin 1 (0.0e+00)
Composition correction applied in 15 block(s)
-------------------------------------------------------------------------------------------------------------
 T = 931.047, DT = 1, NI = 3, LI = 3, RES = 1.6e-07 (2.2e-06), CFL=0.347 (ELAPSED 00:01:12 )
-------------------------------------------------------------------------------------------------------------
	 #1 (8.6046e-03, 1.9442e-03): lin 1 (0.0e+00)
Composition correction applied in 15 block(s)
	 #2 (9.2459e-04, 1.4916e-06): lin 1 (0.0e+00)
Composition correction applied in 15 block(s)
-------------------------------------------------------------------------------------------------------------
 T = 932.047, DT = 1, NI = 2, LI = 2, RES = 1.2e-06 (7.3e-07), CFL=0.341 (ELAPSED 00:01:12 )
-------------------------------------------------------------------------------------------------------------
	 #1 (9.9774e-03, 3.1257e-04): lin 1 (0.0e+00)
Composition correction applied in 15 block(s)
	 #2 (4.8242e-04, 3.7214e-07): lin 1 (0.0e+00)
Composition correction applied in 15 block(s)
-------------------------------------------------------------------------------------------------------------
 T = 933.047, DT = 1, NI = 2, LI = 2, RES = 9.7e-07 (3.1e-06), CFL=0.329 (ELAPSED 00:01:12 )
-------------------------------------------------------------------------------------------------------------
	 #1 (1.0321e-02, 1.0722e-03): lin 1 (0.0e+00)
Composition correction applied in 15 block(s)
	 #2 (2.0765e-03, 2.2444e-07): lin 1 (0.0e+00)
Composition correction applied in 15 block(s)
	 #3 (1.2030e-05, 8.4700e-08): lin 1 (0.0e+00)
Composition correction applied in 15 block(s)
-------------------------------------------------------------------------------------------------------------
 T = 934.047, DT = 1, NI = 3, LI = 3, RES = 8.5e-10 (4.4e-06), CFL=0.325 (ELAPSED 00:01:12 )
-------------------------------------------------------------------------------------------------------------
	 #1 (9.1137e-03, 6.8732e-04): lin 1 (0.0e+00)
Composition correction applied in 15 block(s)
	 #2 (5.9225e-04, 2.3031e-06): lin 1 (0.0e+00)
Composition correction applied in 15 block(s)
-------------------------------------------------------------------------------------------------------------
 T = 935.047, DT = 1, NI = 2, LI = 2, RES = 1.3e-06 (4.1e-07), CFL=0.351 (ELAPSED 00:01:12 )
-------------------------------------------------------------------------------------------------------------
	 #1 (9.2015e-03, 1.6873e-03): lin 1 (0.0e+00)
Composition correction applied in 15 block(s)
	 #2 (1.2774e-03, 3.0603e-06): lin 1 (0.0e+00)
Composition correction applied in 15 block(s)
-------------------------------------------------------------------------------------------------------------
 T = 936.047, DT = 1, NI = 2, LI = 2, RES = 1.6e-06 (6.3e-06), CFL=0.338 (ELAPSED 00:01:12 )
-------------------------------------------------------------------------------------------------------------
	 #1 (1.0098e-02, 1.3948e-04): lin 1 (0.0e+00)
Composition correction applied in 15 block(s)
	 #2 (6.0411e-04, 6.5469e-07): lin 1 (0.0e+00)
Composition correction applied in 15 block(s)
-------------------------------------------------------------------------------------------------------------
 T = 937.047, DT = 1, NI = 2, LI = 2, RES = 6.7e-06 (3.8e-06), CFL=0.325 (ELAPSED 00:01:13 )
-------------------------------------------------------------------------------------------------------------
	 #1 (1.0263e-02, 1.2866e-03): lin 1 (0.0e+00)
Composition correction applied in 15 block(s)
	 #2 (4.2294e-03, 3.8105e-06): lin 1 (0.0e+00)
Composition correction applied in 15 block(s)
	 #3 (5.8093e-05, 1.4932e-06): lin 1 (0.0e+00)
Composition correction applied in 15 block(s)
-------------------------------------------------------------------------------------------------------------
 T = 938.047, DT = 1, NI = 3, LI = 3, RES = 1.8e-08 (9.3e-08), CFL=0.334 (ELAPSED 00:01:13 )
-------------------------------------------------------------------------------------------------------------
	 #1 (8.2973e-03, 4.3595e-04): lin 1 (0.0e+00)
Composition correction applied in 15 block(s)
	 #2 (6.1277e-04, 3.5546e-07): lin 1 (0.0e+00)
Composition correction applied in 15 block(s)
-------------------------------------------------------------------------------------------------------------
 T = 939.047, DT = 1, NI = 2, LI = 2, RES = 1.4e-06 (1.9e-06), CFL=0.348 (ELAPSED 00:01:13 )
-------------------------------------------------------------------------------------------------------------
	 #1 (9.5562e-03, 1.0500e-03): lin 1 (0.0e+00)
Composition correction applied in 15 block(s)
	 #2 (4.2332e-04, 1.5625e-07): lin 1 (0.0e+00)
Composition correction applied in 15 block(s)
-------------------------------------------------------------------------------------------------------------
 T = 940.047, DT = 1, NI = 2, LI = 2, RES = 1.0e-07 (1.1e-06), CFL=0.334 (ELAPSED 00:01:13 )
-------------------------------------------------------------------------------------------------------------
	 #1 (1.0215e-02, 5.7460e-04): lin 1 (0.0e+00)
Composition correction applied in 15 block(s)
	 #2 (7.4647e-04, 4.9986e-07): lin 1 (0.0e+00)
Composition correction applied in 15 block(s)
	 #3 (1.6153e-05, 1.1268e-06): lin 1 (0.0e+00)
Composition correction applied in 15 block(s)
-------------------------------------------------------------------------------------------------------------
 T = 941.047, DT = 1, NI = 3, LI = 3, RES = 2.1e-09 (4.9e-07), CFL=0.321 (ELAPSED 00:01:13 )
-------------------------------------------------------------------------------------------------------------
	 #1 (1.0130e-02, 1.3971e-03): lin 1 (0.0e+00)
Composition correction applied in 15 block(s)
	 #2 (6.2626e-03, 6.3865e-06): lin 1 (0.0e+00)
Composition correction applied in 15 block(s)
	 #3 (1.4265e-04, 7.1934e-07): lin 1 (0.0e+00)
Composition correction applied in 15 block(s)
-------------------------------------------------------------------------------------------------------------
 T = 942.047, DT = 1, NI = 3, LI = 3, RES = 1.0e-07 (3.9e-06), CFL=0.344 (ELAPSED 00:01:13 )
-------------------------------------------------------------------------------------------------------------
	 #1 (8.3299e-03, 1.4865e-03): lin 1 (0.0e+00)
Composition correction applied in 15 block(s)
	 #2 (8.1214e-04, 7.7976e-07): lin 1 (0.0e+00)
Composition correction applied in 15 block(s)
-------------------------------------------------------------------------------------------------------------
 T = 943.047, DT = 1, NI = 2, LI = 2, RES = 1.4e-06 (3.5e-06), CFL=0.343 (ELAPSED 00:01:13 )
-------------------------------------------------------------------------------------------------------------
	 #1 (9.8404e-03, 4.8287e-04): lin 1 (0.0e+00)
Composition correction applied in 15 block(s)
	 #2 (4.4891e-04, 2.3980e-06): lin 1 (0.0e+00)
Composition correction applied in 15 block(s)
-------------------------------------------------------------------------------------------------------------
 T = 944.047, DT = 1, NI = 2, LI = 2, RES = 9.9e-08 (4.9e-06), CFL=0.331 (ELAPSED 00:01:13 )
-------------------------------------------------------------------------------------------------------------
	 #1 (1.0268e-02, 9.4341e-04): lin 1 (0.0e+00)
Composition correction applied in 15 block(s)
	 #2 (1.2281e-03, 4.9400e-08): lin 1 (0.0e+00)
Composition correction applied in 15 block(s)
-------------------------------------------------------------------------------------------------------------
 T = 945.047, DT = 1, NI = 2, LI = 2, RES = 3.7e-06 (1.8e-06), CFL=0.322 (ELAPSED 00:01:13 )
-------------------------------------------------------------------------------------------------------------
	 #1 (9.5679e-03, 1.1122e-03): lin 1 (0.0e+00)
Composition correction applied in 15 block(s)
	 #2 (6.3766e-04, 3.6602e-06): lin 1 (0.0e+00)
Composition correction applied in 15 block(s)
-------------------------------------------------------------------------------------------------------------
 T = 946.047, DT = 1, NI = 2, LI = 2, RES = 1.7e-06 (4.6e-06), CFL=0.351 (ELAPSED 00:01:13 )
-------------------------------------------------------------------------------------------------------------
	 #1 (8.9746e-03, 1.9160e-03): lin 1 (0.0e+00)
Composition correction applied in 15 block(s)
	 #2 (1.1317e-03, 8.7749e-07): lin 1 (0.0e+00)
Composition correction applied in 15 block(s)
-------------------------------------------------------------------------------------------------------------
 T = 947.047, DT = 1, NI = 2, LI = 2, RES = 1.3e-06 (2.2e-06), CFL=0.340 (ELAPSED 00:01:13 )
-------------------------------------------------------------------------------------------------------------
	 #1 (1.0019e-02, 1.1491e-05): lin 1 (0.0e+00)
Composition correction applied in 15 block(s)
	 #2 (5.5087e-04, 1.8735e-06): lin 1 (0.0e+00)
Composition correction applied in 15 block(s)
-------------------------------------------------------------------------------------------------------------
 T = 948.047, DT = 1, NI = 2, LI = 2, RES = 4.0e-06 (3.6e-06), CFL=0.327 (ELAPSED 00:01:13 )
-------------------------------------------------------------------------------------------------------------
	 #1 (1.0241e-02, 1.2019e-03): lin 1 (0.0e+00)
Composition correction applied in 15 block(s)
	 #2 (3.4431e-03, 1.9234e-06): lin 1 (0.0e+00)
Composition correction applied in 15 block(s)
	 #3 (3.6983e-05, 1.4893e-06): lin 1 (0.0e+00)
Composition correction applied in 15 block(s)
-------------------------------------------------------------------------------------------------------------
 T = 949.047, DT = 1, NI = 3, LI = 3, RES = 7.7e-09 (9.5e-07), CFL=0.331 (ELAPSED 00:01:13 )
-------------------------------------------------------------------------------------------------------------
	 #1 (8.4572e-03, 2.2827e-05): lin 1 (0.0e+00)
Composition correction applied in 15 block(s)
	 #2 (5.8167e-04, 4.1256e-06): lin 1 (0.0e+00)
Composition correction applied in 15 block(s)
-------------------------------------------------------------------------------------------------------------
 T = 950.047, DT = 1, NI = 2, LI = 2, RES = 1.3e-06 (4.6e-06), CFL=0.349 (ELAPSED 00:01:13 )
-------------------------------------------------------------------------------------------------------------
	 #1 (9.3828e-03, 1.2307e-03): lin 1 (0.0e+00)
Composition correction applied in 15 block(s)
	 #2 (4.2308e-04, 2.2487e-06): lin 1 (0.0e+00)
Composition correction applied in 15 block(s)
-------------------------------------------------------------------------------------------------------------
 T = 951.047, DT = 1, NI = 2, LI = 2, RES = 1.1e-07 (5.3e-08), CFL=0.336 (ELAPSED 00:01:13 )
-------------------------------------------------------------------------------------------------------------
	 #1 (1.0119e-02, 4.1924e-04): lin 1 (0.0e+00)
Composition correction applied in 15 block(s)
	 #2 (6.8977e-04, 3.9127e-06): lin 1 (0.0e+00)
Composition correction applied in 15 block(s)
	 #3 (1.2305e-05, 1.5901e-06): lin 1 (0.0e+00)
Composition correction applied in 15 block(s)
-------------------------------------------------------------------------------------------------------------
 T = 952.047, DT = 1, NI = 3, LI = 3, RES = 1.2e-09 (5.5e-07), CFL=0.323 (ELAPSED 00:01:14 )
-------------------------------------------------------------------------------------------------------------
	 #1 (1.0121e-02, 1.3375e-03): lin 1 (0.0e+00)
Composition correction applied in 15 block(s)
	 #2 (5.5290e-03, 5.6588e-08): lin 1 (0.0e+00)
Composition correction applied in 15 block(s)
	 #3 (1.0721e-04, 1.5975e-06): lin 1 (0.0e+00)
Composition correction applied in 15 block(s)
-------------------------------------------------------------------------------------------------------------
 T = 953.047, DT = 1, NI = 3, LI = 3, RES = 6.0e-08 (3.1e-06), CFL=0.340 (ELAPSED 00:01:14 )
-------------------------------------------------------------------------------------------------------------
	 #1 (8.1686e-03, 1.0875e-03): lin 1 (0.0e+00)
Composition correction applied in 16 block(s)
	 #2 (7.1108e-04, 2.3031e-06): lin 1 (0.0e+00)
Composition correction applied in 16 block(s)
-------------------------------------------------------------------------------------------------------------
 T = 954.047, DT = 1, NI = 2, LI = 2, RES = 1.4e-06 (1.0e-06), CFL=0.345 (ELAPSED 00:01:14 )
-------------------------------------------------------------------------------------------------------------
	 #1 (9.6854e-03, 6.5137e-04): lin 1 (0.0e+00)
Composition correction applied in 16 block(s)
	 #2 (4.2441e-04, 2.3532e-06): lin 1 (0.0e+00)
Composition correction applied in 16 block(s)
-------------------------------------------------------------------------------------------------------------
 T = 955.047, DT = 1, NI = 2, LI = 2, RES = 9.9e-08 (2.3e-06), CFL=0.332 (ELAPSED 00:01:14 )
-------------------------------------------------------------------------------------------------------------
	 #1 (1.0197e-02, 8.0361e-04): lin 1 (0.0e+00)
Composition correction applied in 16 block(s)
	 #2 (6.6565e-04, 1.7100e-08): lin 1 (0.0e+00)
Composition correction applied in 16 block(s)
	 #3 (2.0745e-05, 1.1454e-06): lin 1 (0.0e+00)
Composition correction applied in 16 block(s)
-------------------------------------------------------------------------------------------------------------
 T = 956.047, DT = 1, NI = 3, LI = 3, RES = 3.5e-09 (1.8e-07), CFL=0.319 (ELAPSED 00:01:14 )
-------------------------------------------------------------------------------------------------------------
	 #1 (9.9739e-03, 1.4192e-03): lin 1 (0.0e+00)
Composition correction applied in 16 block(s)
	 #2 (7.4584e-03, 3.2262e-06): lin 1 (0.0e+00)
Composition correction applied in 16 block(s)
	 #3 (2.1583e-04, 3.5201e-06): lin 1 (0.0e+00)
Composition correction applied in 16 block(s)
-------------------------------------------------------------------------------------------------------------
 T = 957.047, DT = 1, NI = 3, LI = 3, RES = 2.3e-07 (4.4e-06), CFL=0.351 (ELAPSED 00:01:14 )
-------------------------------------------------------------------------------------------------------------
	 #1 (8.7274e-03, 2.0295e-03): lin 1 (0.0e+00)
Composition correction applied in 16 block(s)
	 #2 (1.0001e-03, 3.9161e-06): lin 1 (0.0e+00)
Composition correction applied in 16 block(s)
-------------------------------------------------------------------------------------------------------------
 T = 958.047, DT = 1, NI = 2, LI = 2, RES = 1.2e-06 (1.7e-06), CFL=0.341 (ELAPSED 00:01:14 )
-------------------------------------------------------------------------------------------------------------
	 #1 (9.9216e-03, 1.6355e-04): lin 1 (0.0e+00)
Composition correction applied in 16 block(s)
	 #2 (5.0575e-04, 3.1337e-06): lin 1 (0.0e+00)
Composition correction applied in 16 block(s)
-------------------------------------------------------------------------------------------------------------
 T = 959.047, DT = 1, NI = 2, LI = 2, RES = 2.0e-06 (7.0e-07), CFL=0.329 (ELAPSED 00:01:14 )
-------------------------------------------------------------------------------------------------------------
	 #1 (1.0203e-02, 1.1055e-03): lin 1 (0.0e+00)
Composition correction applied in 16 block(s)
	 #2 (2.6684e-03, 2.1126e-06): lin 1 (0.0e+00)
Composition correction applied in 16 block(s)
	 #3 (2.1184e-05, 4.5822e-06): lin 1 (0.0e+00)
Composition correction applied in 16 block(s)
-------------------------------------------------------------------------------------------------------------
 T = 960.047, DT = 1, NI = 3, LI = 3, RES = 2.7e-09 (6.2e-06), CFL=0.328 (ELAPSED 00:01:14 )
-------------------------------------------------------------------------------------------------------------
	 #1 (8.7075e-03, 3.6693e-04): lin 1 (0.0e+00)
Composition correction applied in 16 block(s)
	 #2 (5.7022e-04, 6.0799e-07): lin 1 (0.0e+00)
Composition correction applied in 16 block(s)
-------------------------------------------------------------------------------------------------------------
 T = 961.047, DT = 1, NI = 2, LI = 2, RES = 1.3e-06 (4.4e-07), CFL=0.350 (ELAPSED 00:01:14 )
-------------------------------------------------------------------------------------------------------------
	 #1 (9.2006e-03, 1.4026e-03): lin 1 (0.0e+00)
Composition correction applied in 16 block(s)
	 #2 (4.2214e-04, 3.2024e-06): lin 1 (0.0e+00)
Composition correction applied in 16 block(s)
-------------------------------------------------------------------------------------------------------------
 T = 962.047, DT = 1, NI = 2, LI = 2, RES = 1.2e-07 (1.8e-06), CFL=0.338 (ELAPSED 00:01:14 )
-------------------------------------------------------------------------------------------------------------
	 #1 (1.0015e-02, 2.5547e-04): lin 1 (0.0e+00)
Composition correction applied in 16 block(s)
	 #2 (6.3621e-04, 1.6094e-06): lin 1 (0.0e+00)
Composition correction applied in 16 block(s)
-------------------------------------------------------------------------------------------------------------
 T = 963.047, DT = 1, NI = 2, LI = 2, RES = 9.0e-06 (1.1e-06), CFL=0.324 (ELAPSED 00:01:14 )
-------------------------------------------------------------------------------------------------------------
	 #1 (1.0106e-02, 1.2655e-03): lin 1 (0.0e+00)
Composition correction applied in 16 block(s)
	 #2 (4.7940e-03, 8.3514e-07): lin 1 (0.0e+00)
Composition correction applied in 16 block(s)
	 #3 (7.7945e-05, 2.8953e-06): lin 1 (0.0e+00)
Composition correction applied in 16 block(s)
-------------------------------------------------------------------------------------------------------------
 T = 964.047, DT = 1, NI = 3, LI = 3, RES = 3.3e-08 (1.5e-06), CFL=0.337 (ELAPSED 00:01:14 )
-------------------------------------------------------------------------------------------------------------
	 #1 (8.1145e-03, 6.9841e-04): lin 1 (0.0e+00)
Composition correction applied in 16 block(s)
	 #2 (6.4419e-04, 3.5140e-06): lin 1 (0.0e+00)
Composition correction applied in 16 block(s)
-------------------------------------------------------------------------------------------------------------
 T = 965.047, DT = 1, NI = 2, LI = 2, RES = 1.4e-06 (2.0e-06), CFL=0.346 (ELAPSED 00:01:14 )
-------------------------------------------------------------------------------------------------------------
	 #1 (9.5248e-03, 8.2022e-04): lin 1 (0.0e+00)
Composition correction applied in 16 block(s)
	 #2 (4.1675e-04, 2.7260e-06): lin 1 (0.0e+00)
Composition correction applied in 16 block(s)
-------------------------------------------------------------------------------------------------------------
 T = 966.047, DT = 1, NI = 2, LI = 2, RES = 9.4e-08 (3.2e-06), CFL=0.333 (ELAPSED 00:01:15 )
-------------------------------------------------------------------------------------------------------------
	 #1 (1.0113e-02, 6.4715e-04): lin 1 (0.0e+00)
Composition correction applied in 16 block(s)
	 #2 (7.8264e-04, 2.1483e-07): lin 1 (0.0e+00)
Composition correction applied in 16 block(s)
	 #3 (1.9285e-05, 2.3851e-06): lin 1 (0.0e+00)
Composition correction applied in 16 block(s)
-------------------------------------------------------------------------------------------------------------
 T = 967.047, DT = 1, NI = 3, LI = 3, RES = 3.0e-09 (1.3e-06), CFL=0.320 (ELAPSED 00:01:15 )
-------------------------------------------------------------------------------------------------------------
	 #1 (9.9617e-03, 1.3565e-03): lin 1 (0.0e+00)
Composition correction applied in 16 block(s)
	 #2 (6.7688e-03, 1.6294e-06): lin 1 (0.0e+00)
Composition correction applied in 16 block(s)
	 #3 (1.7551e-04, 8.3601e-08): lin 1 (0.0e+00)
Composition correction applied in 16 block(s)
-------------------------------------------------------------------------------------------------------------
 T = 968.047, DT = 1, NI = 3, LI = 3, RES = 1.5e-07 (9.2e-07), CFL=0.347 (ELAPSED 00:01:15 )
-------------------------------------------------------------------------------------------------------------
	 #1 (8.3963e-03, 1.6616e-03): lin 1 (0.0e+00)
Composition correction applied in 16 block(s)
	 #2 (8.8665e-04, 4.9299e-06): lin 1 (0.0e+00)
Composition correction applied in 16 block(s)
	 #3 (2.0074e-04, 2.5556e-06): lin 1 (0.0e+00)
Composition correction applied in 16 block(s)
-------------------------------------------------------------------------------------------------------------
 T = 969.047, DT = 1, NI = 3, LI = 3, RES = 6.6e-07 (3.9e-07), CFL=0.342 (ELAPSED 00:01:15 )
-------------------------------------------------------------------------------------------------------------
	 #1 (9.7835e-03, 3.2496e-04): lin 1 (0.0e+00)
Composition correction applied in 16 block(s)
	 #2 (4.7238e-04, 2.9411e-07): lin 1 (0.0e+00)
Composition correction applied in 16 block(s)
-------------------------------------------------------------------------------------------------------------
 T = 970.047, DT = 1, NI = 2, LI = 2, RES = 3.4e-06 (3.2e-06), CFL=0.330 (ELAPSED 00:01:15 )
-------------------------------------------------------------------------------------------------------------
	 #1 (1.0135e-02, 9.9403e-04): lin 1 (0.0e+00)
Composition correction applied in 16 block(s)
	 #2 (1.8824e-03, 4.6623e-08): lin 1 (0.0e+00)
Composition correction applied in 16 block(s)
-------------------------------------------------------------------------------------------------------------
 T = 971.047, DT = 1, NI = 2, LI = 2, RES = 9.8e-06 (1.9e-07), CFL=0.324 (ELAPSED 00:01:15 )
-------------------------------------------------------------------------------------------------------------
	 #1 (9.0272e-03, 8.3192e-04): lin 1 (0.0e+00)
Composition correction applied in 16 block(s)
	 #2 (5.8353e-04, 2.1324e-06): lin 1 (0.0e+00)
Composition correction applied in 16 block(s)
-------------------------------------------------------------------------------------------------------------
 T = 972.047, DT = 1, NI = 2, LI = 2, RES = 1.3e-06 (3.5e-08), CFL=0.350 (ELAPSED 00:01:15 )
-------------------------------------------------------------------------------------------------------------
	 #1 (8.9526e-03, 1.5003e-03): lin 1 (0.0e+00)
Composition correction applied in 16 block(s)
	 #2 (1.2108e-03, 2.8341e-06): lin 1 (0.0e+00)
Composition correction applied in 16 block(s)
-------------------------------------------------------------------------------------------------------------
 T = 973.047, DT = 1, NI = 2, LI = 2, RES = 1.5e-06 (1.5e-07), CFL=0.337 (ELAPSED 00:01:15 )
-------------------------------------------------------------------------------------------------------------
	 #1 (9.8445e-03, 1.4972e-04): lin 1 (0.0e+00)
Composition correction applied in 16 block(s)
	 #2 (5.6909e-04, 8.9006e-07): lin 1 (0.0e+00)
Composition correction applied in 16 block(s)
-------------------------------------------------------------------------------------------------------------
 T = 974.047, DT = 1, NI = 2, LI = 2, RES = 5.5e-06 (1.6e-06), CFL=0.324 (ELAPSED 00:01:15 )
-------------------------------------------------------------------------------------------------------------
	 #1 (1.0018e-02, 1.2027e-03): lin 1 (0.0e+00)
Composition correction applied in 16 block(s)
	 #2 (3.8618e-03, 7.2688e-07): lin 1 (0.0e+00)
Composition correction applied in 16 block(s)
	 #3 (4.8215e-05, 1.0907e-06): lin 1 (0.0e+00)
Composition correction applied in 16 block(s)
-------------------------------------------------------------------------------------------------------------
 T = 975.047, DT = 1, NI = 3, LI = 3, RES = 1.3e-08 (4.3e-06), CFL=0.331 (ELAPSED 00:01:15 )
-------------------------------------------------------------------------------------------------------------
	 #1 (8.1438e-03, 2.4332e-04): lin 1 (0.0e+00)
Composition correction applied in 16 block(s)
	 #2 (5.7569e-04, 1.2919e-06): lin 1 (0.0e+00)
Composition correction applied in 16 block(s)
-------------------------------------------------------------------------------------------------------------
 T = 976.047, DT = 1, NI = 2, LI = 2, RES = 1.2e-06 (2.1e-06), CFL=0.346 (ELAPSED 00:01:15 )
-------------------------------------------------------------------------------------------------------------
	 #1 (9.2639e-03, 1.0493e-03): lin 1 (0.0e+00)
Composition correction applied in 16 block(s)
	 #2 (4.0943e-04, 1.7008e-06): lin 1 (0.0e+00)
Composition correction applied in 16 block(s)
-------------------------------------------------------------------------------------------------------------
 T = 977.047, DT = 1, NI = 2, LI = 2, RES = 1.0e-07 (5.3e-06), CFL=0.333 (ELAPSED 00:01:15 )
-------------------------------------------------------------------------------------------------------------
	 #1 (9.9434e-03, 4.3780e-04): lin 1 (0.0e+00)
Composition correction applied in 16 block(s)
	 #2 (6.9870e-04, 1.6729e-06): lin 1 (0.0e+00)
Composition correction applied in 16 block(s)
	 #3 (1.3689e-05, 2.5514e-06): lin 1 (0.0e+00)
Composition correction applied in 16 block(s)
-------------------------------------------------------------------------------------------------------------
 T = 978.047, DT = 1, NI = 3, LI = 3, RES = 1.5e-09 (9.2e-07), CFL=0.320 (ELAPSED 00:01:15 )
-------------------------------------------------------------------------------------------------------------
	 #1 (9.9124e-03, 1.2469e-03): lin 1 (0.0e+00)
Composition correction applied in 16 block(s)
	 #2 (5.7443e-03, 4.2989e-06): lin 1 (0.0e+00)
Composition correction applied in 16 block(s)
	 #3 (1.1838e-04, 2.6184e-06): lin 1 (0.0e+00)
Composition correction applied in 16 block(s)
-------------------------------------------------------------------------------------------------------------
 T = 979.047, DT = 1, NI = 3, LI = 3, RES = 7.6e-08 (1.7e-06), CFL=0.340 (ELAPSED 00:01:15 )
-------------------------------------------------------------------------------------------------------------
	 #1 (8.0531e-03, 1.2028e-03): lin 1 (0.0e+00)
Composition correction applied in 16 block(s)
	 #2 (7.2316e-04, 3.4115e-06): lin 1 (0.0e+00)
Composition correction applied in 16 block(s)
-------------------------------------------------------------------------------------------------------------
 T = 980.047, DT = 1, NI = 2, LI = 2, RES = 1.3e-06 (5.0e-06), CFL=0.343 (ELAPSED 00:01:16 )
-------------------------------------------------------------------------------------------------------------
	 #1 (9.5548e-03, 5.9147e-04): lin 1 (0.0e+00)
Composition correction applied in 16 block(s)
	 #2 (4.2326e-04, 2.2463e-07): lin 1 (0.0e+00)
Composition correction applied in 16 block(s)
-------------------------------------------------------------------------------------------------------------
 T = 981.047, DT = 1, NI = 2, LI = 2, RES = 9.2e-08 (2.3e-06), CFL=0.330 (ELAPSED 00:01:16 )
-------------------------------------------------------------------------------------------------------------
	 #1 (1.0033e-02, 7.6457e-04): lin 1 (0.0e+00)
Composition correction applied in 16 block(s)
	 #2 (7.9060e-04, 1.9350e-06): lin 1 (0.0e+00)
Composition correction applied in 16 block(s)
	 #3 (2.3259e-05, 4.2567e-06): lin 1 (0.0e+00)
Composition correction applied in 16 block(s)
-------------------------------------------------------------------------------------------------------------
 T = 982.047, DT = 1, NI = 3, LI = 3, RES = 5.0e-09 (5.1e-08), CFL=0.318 (ELAPSED 00:01:16 )
-------------------------------------------------------------------------------------------------------------
	 #1 (9.7212e-03, 1.2693e-03): lin 1 (0.0e+00)
Composition correction applied in 16 block(s)
	 #2 (6.5198e-04, 1.7934e-06): lin 1 (0.0e+00)
Composition correction applied in 16 block(s)
-------------------------------------------------------------------------------------------------------------
 T = 983.047, DT = 1, NI = 2, LI = 2, RES = 1.9e-06 (4.8e-07), CFL=0.351 (ELAPSED 00:01:16 )
-------------------------------------------------------------------------------------------------------------
	 #1 (8.6629e-03, 1.9412e-03): lin 1 (0.0e+00)
Composition correction applied in 16 block(s)
	 #2 (1.0157e-03, 3.7636e-07): lin 1 (0.0e+00)
Composition correction applied in 16 block(s)
-------------------------------------------------------------------------------------------------------------
 T = 984.047, DT = 1, NI = 2, LI = 2, RES = 1.2e-06 (1.6e-08), CFL=0.340 (ELAPSED 00:01:16 )
-------------------------------------------------------------------------------------------------------------
	 #1 (9.7838e-03, 1.4026e-04): lin 1 (0.0e+00)
Composition correction applied in 16 block(s)
	 #2 (5.0863e-04, 2.9002e-06): lin 1 (0.0e+00)
Composition correction applied in 16 block(s)
-------------------------------------------------------------------------------------------------------------
 T = 985.047, DT = 1, NI = 2, LI = 2, RES = 2.4e-06 (6.0e-07), CFL=0.328 (ELAPSED 00:01:16 )
-------------------------------------------------------------------------------------------------------------
	 #1 (1.0049e-02, 1.0479e-03): lin 1 (0.0e+00)
Composition correction applied in 16 block(s)
	 #2 (2.8166e-03, 7.7602e-07): lin 1 (0.0e+00)
Composition correction applied in 16 block(s)
	 #3 (2.4187e-05, 5.1808e-06): lin 1 (0.0e+00)
Composition correction applied in 16 block(s)
-------------------------------------------------------------------------------------------------------------
 T = 986.047, DT = 1, NI = 3, LI = 3, RES = 3.6e-09 (2.0e-06), CFL=0.329 (ELAPSED 00:01:16 )
-------------------------------------------------------------------------------------------------------------
	 #1 (8.5021e-03, 2.5291e-04): lin 1 (0.0e+00)
Composition correction applied in 16 block(s)
	 #2 (5.6095e-04, 2.5214e-06): lin 1 (0.0e+00)
Composition correction applied in 16 block(s)
-------------------------------------------------------------------------------------------------------------
 T = 987.047, DT = 1, NI = 2, LI = 2, RES = 1.2e-06 (1.6e-06), CFL=0.350 (ELAPSED 00:01:16 )
-------------------------------------------------------------------------------------------------------------
	 #1 (9.0982e-03, 1.2817e-03): lin 1 (0.0e+00)
Composition correction applied in 16 block(s)
	 #2 (4.1503e-04, 2.4326e-08): lin 1 (0.0e+00)
Composition correction applied in 16 block(s)
-------------------------------------------------------------------------------------------------------------
 T = 988.047, DT = 1, NI = 2, LI = 2, RES = 1.2e-07 (2.8e-06), CFL=0.337 (ELAPSED 00:01:16 )
-------------------------------------------------------------------------------------------------------------
	 #1 (9.8823e-03, 2.6072e-04): lin 1 (0.0e+00)
Composition correction applied in 16 block(s)
	 #2 (6.3817e-04, 5.8406e-07): lin 1 (0.0e+00)
Composition correction applied in 16 block(s)
-------------------------------------------------------------------------------------------------------------
 T = 989.047, DT = 1, NI = 2, LI = 2, RES = 9.5e-06 (1.1e-06), CFL=0.324 (ELAPSED 00:01:16 )
-------------------------------------------------------------------------------------------------------------
	 #1 (9.9582e-03, 1.1975e-03): lin 1 (0.0e+00)
Composition correction applied in 16 block(s)
	 #2 (4.8824e-03, 4.1323e-06): lin 1 (0.0e+00)
Composition correction applied in 16 block(s)
	 #3 (8.2361e-05, 6.4722e-07): lin 1 (0.0e+00)
Composition correction applied in 16 block(s)
-------------------------------------------------------------------------------------------------------------
 T = 990.047, DT = 1, NI = 3, LI = 3, RES = 3.8e-08 (3.1e-06), CFL=0.337 (ELAPSED 00:01:16 )
-------------------------------------------------------------------------------------------------------------
	 #1 (7.9957e-03, 7.3646e-04): lin 1 (0.0e+00)
Composition correction applied in 16 block(s)
	 #2 (6.4639e-04, 5.3582e-06): lin 1 (0.0e+00)
Composition correction applied in 16 block(s)
-------------------------------------------------------------------------------------------------------------
 T = 991.047, DT = 1, NI = 2, LI = 2, RES = 1.4e-06 (2.6e-06), CFL=0.346 (ELAPSED 00:01:16 )
-------------------------------------------------------------------------------------------------------------
	 #1 (9.4167e-03, 7.4801e-04): lin 1 (0.0e+00)
Composition correction applied in 16 block(s)
	 #2 (4.1060e-04, 7.1220e-07): lin 1 (0.0e+00)
Composition correction applied in 16 block(s)
-------------------------------------------------------------------------------------------------------------
 T = 992.047, DT = 1, NI = 2, LI = 2, RES = 9.2e-08 (1.9e-06), CFL=0.333 (ELAPSED 00:01:16 )
-------------------------------------------------------------------------------------------------------------
	 #1 (9.9817e-03, 6.3877e-04): lin 1 (0.0e+00)
Composition correction applied in 16 block(s)
	 #2 (7.8123e-04, 3.7002e-06): lin 1 (0.0e+00)
Composition correction applied in 16 block(s)
	 #3 (1.9822e-05, 3.1444e-06): lin 1 (0.0e+00)
Composition correction applied in 16 block(s)
-------------------------------------------------------------------------------------------------------------
 T = 993.047, DT = 1, NI = 3, LI = 3, RES = 3.2e-09 (3.7e-06), CFL=0.320 (ELAPSED 00:01:16 )
-------------------------------------------------------------------------------------------------------------
	 #1 (9.8197e-03, 1.2881e-03): lin 1 (0.0e+00)
Composition correction applied in 16 block(s)
	 #2 (6.8126e-03, 1.3723e-06): lin 1 (0.0e+00)
Composition correction applied in 16 block(s)
	 #3 (1.8127e-04, 3.9684e-06): lin 1 (0.0e+00)
Composition correction applied in 16 block(s)
-------------------------------------------------------------------------------------------------------------
 T = 994.047, DT = 1, NI = 3, LI = 3, RES = 1.6e-07 (2.2e-06), CFL=0.348 (ELAPSED 00:01:16 )
-------------------------------------------------------------------------------------------------------------
	 #1 (8.3329e-03, 1.6395e-03): lin 1 (0.0e+00)
Composition correction applied in 16 block(s)
	 #2 (8.9475e-04, 1.0900e-06): lin 1 (0.0e+00)
Composition correction applied in 16 block(s)
-------------------------------------------------------------------------------------------------------------
 T = 995.047, DT = 1, NI = 2, LI = 2, RES = 1.2e-06 (4.4e-06), CFL=0.341 (ELAPSED 00:01:17 )
-------------------------------------------------------------------------------------------------------------
	 #1 (9.6675e-03, 2.7938e-04): lin 1 (0.0e+00)
Composition correction applied in 16 block(s)
	 #2 (4.6713e-04, 3.4934e-06): lin 1 (0.0e+00)
Composition correction applied in 16 block(s)
-------------------------------------------------------------------------------------------------------------
 T = 996.047, DT = 1, NI = 2, LI = 2, RES = 8.2e-07 (1.6e-06), CFL=0.330 (ELAPSED 00:01:17 )
-------------------------------------------------------------------------------------------------------------
	 #1 (1.0007e-02, 9.4206e-04): lin 1 (0.0e+00)
Composition correction applied in 16 block(s)
	 #2 (2.0238e-03, 2.7239e-06): lin 1 (0.0e+00)
Composition correction applied in 16 block(s)
	 #3 (1.1740e-05, 5.1151e-06): lin 1 (0.0e+00)
Composition correction applied in 16 block(s)
-------------------------------------------------------------------------------------------------------------
 T = 997.047, DT = 1, NI = 3, LI = 3, RES = 8.9e-10 (2.2e-06), CFL=0.326 (ELAPSED 00:01:17 )
-------------------------------------------------------------------------------------------------------------
	 #1 (8.8373e-03, 6.2194e-04): lin 1 (0.0e+00)
Composition correction applied in 16 block(s)
	 #2 (5.7264e-04, 5.8319e-07): lin 1 (0.0e+00)
Composition correction applied in 16 block(s)
-------------------------------------------------------------------------------------------------------------
 T = 998.047, DT = 1, NI = 2, LI = 2, RES = 2.8e-06 (3.6e-06), CFL=0.351 (ELAPSED 00:01:17 )
-------------------------------------------------------------------------------------------------------------
	 #1 (8.9164e-03, 1.4531e-03): lin 1 (0.0e+00)
Composition correction applied in 16 block(s)
	 #2 (4.1513e-04, 4.0485e-08): lin 1 (0.0e+00)
Composition correction applied in 16 block(s)
-------------------------------------------------------------------------------------------------------------
 T = 999.047, DT = 1, NI = 2, LI = 2, RES = 1.4e-07 (6.6e-07), CFL=0.338 (ELAPSED 00:01:17 )
-------------------------------------------------------------------------------------------------------------
	 #1 (9.3244e-03, 1.0268e-04): lin 1 (0.0e+00)
Composition correction applied in 16 block(s)
	 #2 (5.2155e-04, 5.3495e-06): lin 1 (0.0e+00)
Composition correction applied in 16 block(s)
-------------------------------------------------------------------------------------------------------------
 T = 1000, DT = 0.9535, NI = 2, LI = 2, RES = 5.2e-06 (4.6e-07), CFL=0.311 (ELAPSED 00:01:17 )
-------------------------------------------------------------------------------------------------------------

Total steps 1014 (5) newton 2447 (50) linear 2447 (50)
---OBL Statistics---
Number of operators: 34
Number of points: 101
Number of interpolations: 119578000 
Number of points used: 1141 (0.001%)
Total elapsed 77.368000 sec
	jacobian assembly 45.866000 sec
		interpolation 30.656000 sec
			property 0 interpolation 0.000000 sec
			reservoir 0 interpolation 32.438000 sec
				body generation 4.417000 sec
					point generation 4.407000 sec
			well controls interpolation 0.048000 sec
				body generation 0.023000 sec
					point generation 0.023000 sec
			wellbore interpolation 0.252000 sec
				body generation 0.152000 sec
					point generation 0.152000 sec
	linear solver setup 0.006000 sec
		SUPERLU 0.002000 sec
	linear solver solve 28.157000 sec
		SUPERLU 16.999000 sec
	newton update 0.000000 sec
		composition correction 0.186000 sec
