darts-linear-solvers built on Sep 14 2024 01:37:47 by shahr@Calmking from dd3d3b57e7ce6854c41b7c93fe39777e47a6ad52
darts-engines built on Sep 14 2024 01:37:47 by shahr@Calmking from dd3d3b57e7ce6854c41b7c93fe39777e47a6ad52
darts-discretizer built on Sep 14 2024 01:37:47 by shahr@Calmking from dd3d3b57e7ce6854c41b7c93fe39777e47a6ad52
darts-linear-solvers built on Sep 14 2024 01:37:47 by shahr@Calmking from dd3d3b57e7ce6854c41b7c93fe39777e47a6ad52
darts-engines built on Sep 14 2024 01:37:47 by shahr@Calmking from dd3d3b57e7ce6854c41b7c93fe39777e47a6ad52
darts-discretizer built on Sep 14 2024 01:37:47 by shahr@Calmking from dd3d3b57e7ce6854c41b7c93fe39777e47a6ad52
Processing mesh: 5 reservoir blocks, 4 well blocks, 8 connections
2-phase 4-component isothermal flow with kinetic reaction and diffusion CPU engine
Sim params: 
	First ts: 	0.001
	Max ts: 	1
	Mult ts: 	2
	Max i newton: 	10
	Max i linear: 	50
	Tol newton: 	1e-05
	Tol linear: 	1e-06

START SIMULATION
-------------------------------------------------------------------------------------------------------------
Well I1 initialized with gas rate injector
Well P1 initialized with BHP producer
Processing mesh: 5 reservoir blocks, 4 well blocks, 8 connections
2-phase 4-component isothermal flow with kinetic reaction and diffusion CPU engine
Sim params: 
	First ts: 	0.001
	Max ts: 	1
	Mult ts: 	2
	Max i newton: 	10
	Max i linear: 	50
	Tol newton: 	1e-05
	Tol linear: 	1e-06

START SIMULATION
-------------------------------------------------------------------------------------------------------------
Well I1 initialized with gas rate injector
Well P1 initialized with BHP producer
csr_matrix_base::write_matrix_to_file will be deprecated in the future.
	 #1 (4.2852e+13, 7.8244e+17): lin 1 (0.0e+00)
Composition correction applied in 2 block(s)
OBL axis correction: block 4 variable 0 shoots under axis limit of 1 to -2696.76
OBL axis correction applied 4 time(s) 
csr_matrix_base::write_matrix_to_file will be deprecated in the future.
	 #2 (1.3012e+15, 2.2408e+22): lin 1 (0.0e+00)
Composition correction applied in 2 block(s)
OBL axis correction: block 0 variable 0 shoots over axis limit of 1000 to 57689.4
OBL axis correction applied 6 time(s) 
csr_matrix_base::write_matrix_to_file will be deprecated in the future.
	 #3 (1.3955e+15, 1.4381e+21): lin 1 (0.0e+00)
Composition correction applied in 2 block(s)
OBL axis correction: block 0 variable 0 shoots under axis limit of 1 to -62966.6
OBL axis correction applied 7 time(s) 
csr_matrix_base::write_matrix_to_file will be deprecated in the future.
	 #4 (1.4743e+15, 2.2399e+22): lin 1 (0.0e+00)
Composition correction applied in 2 block(s)
OBL axis correction: block 0 variable 0 shoots over axis limit of 1000 to 70748.1
OBL axis correction applied 8 time(s) 
csr_matrix_base::write_matrix_to_file will be deprecated in the future.
	 #5 (1.4081e+15, 1.4379e+21): lin 1 (0.0e+00)
Composition correction applied in 2 block(s)
OBL axis correction: block 0 variable 0 shoots under axis limit of 1 to -63607.2
OBL axis correction applied 8 time(s) 
csr_matrix_base::write_matrix_to_file will be deprecated in the future.
	 #6 (1.4763e+15, 2.2400e+22): lin 1 (0.0e+00)
Composition correction applied in 2 block(s)
OBL axis correction: block 0 variable 0 shoots over axis limit of 1000 to 70748.1
OBL axis correction applied 8 time(s) 
csr_matrix_base::write_matrix_to_file will be deprecated in the future.
	 #7 (1.4081e+15, 1.4379e+21): lin 1 (0.0e+00)
Composition correction applied in 2 block(s)
OBL axis correction: block 0 variable 0 shoots under axis limit of 1 to -63607.2
OBL axis correction applied 8 time(s) 
csr_matrix_base::write_matrix_to_file will be deprecated in the future.
	 #8 (1.4763e+15, 2.2400e+22): lin 1 (0.0e+00)
Composition correction applied in 2 block(s)
OBL axis correction: block 0 variable 0 shoots over axis limit of 1000 to 70748.1
OBL axis correction applied 8 time(s) 
csr_matrix_base::write_matrix_to_file will be deprecated in the future.
	 #9 (1.4081e+15, 1.4379e+21): lin 1 (0.0e+00)
Composition correction applied in 2 block(s)
OBL axis correction: block 0 variable 0 shoots under axis limit of 1 to -63607.2
OBL axis correction applied 8 time(s) 
csr_matrix_base::write_matrix_to_file will be deprecated in the future.
	 #10 (1.4763e+15, 2.2400e+22): lin 1 (0.0e+00)
Composition correction applied in 2 block(s)
OBL axis correction: block 0 variable 0 shoots over axis limit of 1000 to 70748.1
OBL axis correction applied 8 time(s) 
csr_matrix_base::write_matrix_to_file will be deprecated in the future.
FAILED TO CONVERGE WITH DT = 0.001 (newton residual reservoir) 
csr_matrix_base::write_matrix_to_file will be deprecated in the future.
	 #1 (1.3732e+00, 1.5564e+06): lin 1 (0.0e+00)
Composition correction applied in 5 block(s)
Local chop applied in 3 block(s)
csr_matrix_base::write_matrix_to_file will be deprecated in the future.
	 #2 (3.7477e-01, 1.4789e+02): lin 1 (0.0e+00)
Composition correction applied in 8 block(s)
Local chop applied in 2 block(s)
csr_matrix_base::write_matrix_to_file will be deprecated in the future.
	 #3 (1.4239e+00, 1.1963e+02): lin 1 (0.0e+00)
Composition correction applied in 5 block(s)
Local chop applied in 3 block(s)
csr_matrix_base::write_matrix_to_file will be deprecated in the future.
	 #4 (3.4391e-01, 1.1144e+01): lin 1 (0.0e+00)
Composition correction applied in 8 block(s)
Local chop applied in 2 block(s)
csr_matrix_base::write_matrix_to_file will be deprecated in the future.
	 #5 (1.4037e+00, 1.2089e+02): lin 1 (0.0e+00)
Composition correction applied in 5 block(s)
Local chop applied in 3 block(s)
csr_matrix_base::write_matrix_to_file will be deprecated in the future.
	 #6 (3.5819e-01, 9.8370e+00): lin 1 (0.0e+00)
Composition correction applied in 8 block(s)
Local chop applied in 2 block(s)
csr_matrix_base::write_matrix_to_file will be deprecated in the future.
	 #7 (1.4052e+00, 1.1896e+02): lin 1 (0.0e+00)
Composition correction applied in 5 block(s)
Local chop applied in 1 block(s)
csr_matrix_base::write_matrix_to_file will be deprecated in the future.
	 #8 (3.5077e-01, 9.6124e+00): lin 1 (0.0e+00)
Composition correction applied in 8 block(s)
csr_matrix_base::write_matrix_to_file will be deprecated in the future.
	 #9 (1.3912e+00, 1.1872e+02): lin 1 (0.0e+00)
Composition correction applied in 5 block(s)
Local chop applied in 1 block(s)
csr_matrix_base::write_matrix_to_file will be deprecated in the future.
	 #10 (3.5652e-01, 9.5219e+00): lin 1 (0.0e+00)
Composition correction applied in 8 block(s)
csr_matrix_base::write_matrix_to_file will be deprecated in the future.
FAILED TO CONVERGE WITH DT = 0.001 (newton residual reservoir) 
csr_matrix_base::write_matrix_to_file will be deprecated in the future.
	 #1 (1.0713e+13, 1.9561e+17): lin 1 (0.0e+00)
Composition correction applied in 2 block(s)
OBL axis correction: block 4 variable 0 shoots under axis limit of 1 to -602.939
OBL axis correction applied 4 time(s) 
csr_matrix_base::write_matrix_to_file will be deprecated in the future.
	 #2 (3.3364e+14, 5.6020e+21): lin 1 (0.0e+00)
Composition correction applied in 2 block(s)
OBL axis correction: block 0 variable 0 shoots over axis limit of 1000 to 15283.6
OBL axis correction applied 5 time(s) 
csr_matrix_base::write_matrix_to_file will be deprecated in the future.
	 #3 (3.4971e+14, 3.5954e+20): lin 1 (0.0e+00)
Composition correction applied in 2 block(s)
OBL axis correction: block 0 variable 0 shoots under axis limit of 1 to -15085.1
OBL axis correction applied 5 time(s) 
csr_matrix_base::write_matrix_to_file will be deprecated in the future.
	 #4 (3.6381e+14, 5.6007e+21): lin 1 (0.0e+00)
Composition correction applied in 2 block(s)
OBL axis correction: block 0 variable 0 shoots over axis limit of 1000 to 17479
OBL axis correction applied 7 time(s) 
csr_matrix_base::write_matrix_to_file will be deprecated in the future.
	 #5 (3.5176e+14, 3.5949e+20): lin 1 (0.0e+00)
Composition correction applied in 2 block(s)
OBL axis correction: block 0 variable 0 shoots under axis limit of 1 to -15152
OBL axis correction applied 8 time(s) 
csr_matrix_base::write_matrix_to_file will be deprecated in the future.
	 #6 (3.6908e+14, 5.6000e+21): lin 1 (0.0e+00)
Composition correction applied in 2 block(s)
OBL axis correction: block 0 variable 0 shoots over axis limit of 1000 to 17687.8
OBL axis correction applied 8 time(s) 
csr_matrix_base::write_matrix_to_file will be deprecated in the future.
	 #7 (3.5202e+14, 3.5948e+20): lin 1 (0.0e+00)
Composition correction applied in 2 block(s)
OBL axis correction: block 0 variable 0 shoots under axis limit of 1 to -15152
OBL axis correction applied 8 time(s) 
csr_matrix_base::write_matrix_to_file will be deprecated in the future.
	 #8 (3.6908e+14, 5.6000e+21): lin 1 (0.0e+00)
Composition correction applied in 2 block(s)
OBL axis correction: block 0 variable 0 shoots over axis limit of 1000 to 17687.8
OBL axis correction applied 8 time(s) 
csr_matrix_base::write_matrix_to_file will be deprecated in the future.
	 #9 (3.5202e+14, 3.5948e+20): lin 1 (0.0e+00)
Composition correction applied in 2 block(s)
OBL axis correction: block 0 variable 0 shoots under axis limit of 1 to -15152
OBL axis correction applied 8 time(s) 
csr_matrix_base::write_matrix_to_file will be deprecated in the future.
	 #10 (3.6908e+14, 5.6000e+21): lin 1 (0.0e+00)
Composition correction applied in 2 block(s)
OBL axis correction: block 0 variable 0 shoots over axis limit of 1000 to 17687.8
OBL axis correction applied 8 time(s) 
csr_matrix_base::write_matrix_to_file will be deprecated in the future.
FAILED TO CONVERGE WITH DT = 0.001 (newton residual reservoir) 
csr_matrix_base::write_matrix_to_file will be deprecated in the future.
	 #1 (6.8662e-01, 1.5564e+06): lin 1 (0.0e+00)
Composition correction applied in 5 block(s)
Local chop applied in 3 block(s)
csr_matrix_base::write_matrix_to_file will be deprecated in the future.
	 #2 (3.9671e-01, 1.4789e+02): lin 1 (0.0e+00)
Composition correction applied in 6 block(s)
Local chop applied in 3 block(s)
csr_matrix_base::write_matrix_to_file will be deprecated in the future.
	 #3 (7.7434e-01, 5.7016e+01): lin 1 (0.0e+00)
Composition correction applied in 7 block(s)
Local chop applied in 3 block(s)
csr_matrix_base::write_matrix_to_file will be deprecated in the future.
	 #4 (4.0793e-01, 4.5792e+00): lin 1 (0.0e+00)
Composition correction applied in 6 block(s)
Local chop applied in 3 block(s)
csr_matrix_base::write_matrix_to_file will be deprecated in the future.
	 #5 (7.3790e-01, 5.2914e+01): lin 1 (0.0e+00)
Composition correction applied in 7 block(s)
Local chop applied in 3 block(s)
csr_matrix_base::write_matrix_to_file will be deprecated in the future.
	 #6 (4.0798e-01, 3.7606e+00): lin 1 (0.0e+00)
Composition correction applied in 6 block(s)
Local chop applied in 3 block(s)
csr_matrix_base::write_matrix_to_file will be deprecated in the future.
	 #7 (6.3415e-01, 4.5935e+01): lin 1 (0.0e+00)
Composition correction applied in 7 block(s)
Local chop applied in 1 block(s)
csr_matrix_base::write_matrix_to_file will be deprecated in the future.
	 #8 (5.1405e-02, 2.0127e+01): lin 1 (0.0e+00)
Composition correction applied in 5 block(s)
csr_matrix_base::write_matrix_to_file will be deprecated in the future.
	 #9 (1.7594e-02, 1.8869e+01): lin 1 (0.0e+00)
Composition correction applied in 7 block(s)
csr_matrix_base::write_matrix_to_file will be deprecated in the future.
	 #10 (1.6053e-04, 1.9776e+01): lin 1 (0.0e+00)
Composition correction applied in 5 block(s)
csr_matrix_base::write_matrix_to_file will be deprecated in the future.
FAILED TO CONVERGE WITH DT = 0.001 (newton residual wells) 
csr_matrix_base::write_matrix_to_file will be deprecated in the future.
	 #1 (2.6783e+12, 4.8902e+16): lin 1 (0.0e+00)
Composition correction applied in 2 block(s)
OBL axis correction: block 4 variable 0 shoots under axis limit of 1 to -79.4848
OBL axis correction applied 4 time(s) 
csr_matrix_base::write_matrix_to_file will be deprecated in the future.
	 #2 (8.3941e+13, 1.4005e+21): lin 1 (0.0e+00)
Composition correction applied in 2 block(s)
OBL axis correction: block 0 variable 0 shoots over axis limit of 1000 to 3941.54
OBL axis correction applied 5 time(s) 
csr_matrix_base::write_matrix_to_file will be deprecated in the future.
	 #3 (8.7359e+13, 8.9885e+19): lin 1 (0.0e+00)
Composition correction applied in 2 block(s)
OBL axis correction: block 0 variable 0 shoots under axis limit of 1 to -3022.83
OBL axis correction applied 5 time(s) 
csr_matrix_base::write_matrix_to_file will be deprecated in the future.
	 #4 (8.9235e+13, 1.4005e+21): lin 1 (0.0e+00)
Composition correction applied in 2 block(s)
OBL axis correction: block 0 variable 0 shoots over axis limit of 1000 to 4300.1
OBL axis correction applied 5 time(s) 
csr_matrix_base::write_matrix_to_file will be deprecated in the future.
	 #5 (8.7033e+13, 8.9880e+19): lin 1 (0.0e+00)
Composition correction applied in 2 block(s)
OBL axis correction: block 0 variable 0 shoots under axis limit of 1 to -3009.4
OBL axis correction applied 5 time(s) 
csr_matrix_base::write_matrix_to_file will be deprecated in the future.
	 #6 (8.9468e+13, 1.4004e+21): lin 1 (0.0e+00)
Composition correction applied in 2 block(s)
OBL axis correction: block 0 variable 0 shoots over axis limit of 1000 to 4310.34
OBL axis correction applied 5 time(s) 
csr_matrix_base::write_matrix_to_file will be deprecated in the future.
	 #7 (8.6835e+13, 8.9877e+19): lin 1 (0.0e+00)
Composition correction applied in 2 block(s)
OBL axis correction: block 0 variable 0 shoots under axis limit of 1 to -3000.96
OBL axis correction applied 5 time(s) 
csr_matrix_base::write_matrix_to_file will be deprecated in the future.
	 #8 (8.9629e+13, 1.4003e+21): lin 1 (0.0e+00)
Composition correction applied in 2 block(s)
OBL axis correction: block 0 variable 0 shoots over axis limit of 1000 to 4317.63
OBL axis correction applied 5 time(s) 
csr_matrix_base::write_matrix_to_file will be deprecated in the future.
	 #9 (8.6686e+13, 8.9874e+19): lin 1 (0.0e+00)
Composition correction applied in 2 block(s)
OBL axis correction: block 0 variable 0 shoots under axis limit of 1 to -2994.49
OBL axis correction applied 5 time(s) 
csr_matrix_base::write_matrix_to_file will be deprecated in the future.
	 #10 (8.9755e+13, 1.4003e+21): lin 1 (0.0e+00)
Composition correction applied in 2 block(s)
OBL axis correction: block 0 variable 0 shoots over axis limit of 1000 to 4323.44
OBL axis correction applied 5 time(s) 
csr_matrix_base::write_matrix_to_file will be deprecated in the future.
FAILED TO CONVERGE WITH DT = 0.000 (newton residual reservoir) 
csr_matrix_base::write_matrix_to_file will be deprecated in the future.
	 #1 (3.4331e-01, 1.5564e+06): lin 1 (0.0e+00)
Composition correction applied in 5 block(s)
Local chop applied in 3 block(s)
csr_matrix_base::write_matrix_to_file will be deprecated in the future.
	 #2 (4.0768e-01, 1.4789e+02): lin 1 (0.0e+00)
Composition correction applied in 6 block(s)
Local chop applied in 3 block(s)
csr_matrix_base::write_matrix_to_file will be deprecated in the future.
	 #3 (2.4556e-01, 1.9936e+01): lin 1 (0.0e+00)
Composition correction applied in 5 block(s)
Local chop applied in 3 block(s)
csr_matrix_base::write_matrix_to_file will be deprecated in the future.
	 #4 (3.0392e-02, 1.6409e+01): lin 1 (0.0e+00)
Composition correction applied in 5 block(s)
Local chop applied in 2 block(s)
csr_matrix_base::write_matrix_to_file will be deprecated in the future.
	 #5 (3.5172e-04, 1.4803e+01): lin 1 (0.0e+00)
Composition correction applied in 7 block(s)
Local chop applied in 2 block(s)
csr_matrix_base::write_matrix_to_file will be deprecated in the future.
	 #6 (6.7744e-08, 1.4534e+01): lin 1 (0.0e+00)
Composition correction applied in 5 block(s)
Local chop applied in 2 block(s)
csr_matrix_base::write_matrix_to_file will be deprecated in the future.
	 #7 (9.3442e-15, 1.4279e+01): lin 1 (0.0e+00)
Composition correction applied in 7 block(s)
csr_matrix_base::write_matrix_to_file will be deprecated in the future.
	 #8 (9.2293e-15, 1.4025e+01): lin 1 (0.0e+00)
Composition correction applied in 5 block(s)
csr_matrix_base::write_matrix_to_file will be deprecated in the future.
	 #9 (9.2285e-15, 1.4025e+01): lin 1 (0.0e+00)
Composition correction applied in 7 block(s)
csr_matrix_base::write_matrix_to_file will be deprecated in the future.
	 #10 (9.2285e-15, 1.4025e+01): lin 1 (0.0e+00)
Composition correction applied in 5 block(s)
csr_matrix_base::write_matrix_to_file will be deprecated in the future.
FAILED TO CONVERGE WITH DT = 0.000 (newton residual wells) 
csr_matrix_base::write_matrix_to_file will be deprecated in the future.
	 #1 (6.6957e+11, 1.2226e+16): lin 1 (0.0e+00)
Composition correction applied in 2 block(s)
OBL axis correction: block 5 variable 0 shoots under axis limit of 1 to -2.201e+06
OBL axis correction applied 3 time(s) 
csr_matrix_base::write_matrix_to_file will be deprecated in the future.
	 #2 (2.0470e+13, 3.5012e+20): lin 1 (0.0e+00)
Composition correction applied in 2 block(s)
OBL axis correction: block 0 variable 0 shoots over axis limit of 1000 to 1059.72
OBL axis correction applied 4 time(s) 
csr_matrix_base::write_matrix_to_file will be deprecated in the future.
	 #3 (2.1546e+13, 2.2470e+19): lin 1 (0.0e+00)
Composition correction applied in 2 block(s)
OBL axis correction: block 0 variable 0 shoots under axis limit of 1 to -5.78724
OBL axis correction applied 5 time(s) 
csr_matrix_base::write_matrix_to_file will be deprecated in the future.
	 #4 (2.2214e+13, 3.5013e+20): lin 1 (0.0e+00)
Composition correction applied in 2 block(s)
OBL axis correction: block 0 variable 0 shoots over axis limit of 1000 to 1071.34
OBL axis correction applied 4 time(s) 
csr_matrix_base::write_matrix_to_file will be deprecated in the future.
	 #5 (2.1539e+13, 2.2469e+19): lin 1 (0.0e+00)
Composition correction applied in 2 block(s)
OBL axis correction: block 0 variable 0 shoots under axis limit of 1 to -4.5827
OBL axis correction applied 5 time(s) 
csr_matrix_base::write_matrix_to_file will be deprecated in the future.
	 #6 (2.2238e+13, 3.5012e+20): lin 1 (0.0e+00)
Composition correction applied in 2 block(s)
OBL axis correction: block 0 variable 0 shoots over axis limit of 1000 to 1072.45
OBL axis correction applied 4 time(s) 
csr_matrix_base::write_matrix_to_file will be deprecated in the future.
	 #7 (2.1528e+13, 2.2469e+19): lin 1 (0.0e+00)
Composition correction applied in 2 block(s)
OBL axis correction: block 0 variable 0 shoots under axis limit of 1 to -3.55296
OBL axis correction applied 5 time(s) 
csr_matrix_base::write_matrix_to_file will be deprecated in the future.
	 #8 (2.2259e+13, 3.5012e+20): lin 1 (0.0e+00)
Composition correction applied in 2 block(s)
OBL axis correction: block 0 variable 0 shoots over axis limit of 1000 to 1073.4
OBL axis correction applied 4 time(s) 
csr_matrix_base::write_matrix_to_file will be deprecated in the future.
	 #9 (2.1517e+13, 2.2469e+19): lin 1 (0.0e+00)
Composition correction applied in 2 block(s)
OBL axis correction: block 0 variable 0 shoots under axis limit of 1 to -2.65957
OBL axis correction applied 5 time(s) 
csr_matrix_base::write_matrix_to_file will be deprecated in the future.
	 #10 (2.2277e+13, 3.5012e+20): lin 1 (0.0e+00)
Composition correction applied in 2 block(s)
OBL axis correction: block 0 variable 0 shoots over axis limit of 1000 to 1074.24
OBL axis correction applied 4 time(s) 
csr_matrix_base::write_matrix_to_file will be deprecated in the future.
FAILED TO CONVERGE WITH DT = 0.000 (newton residual reservoir) 
csr_matrix_base::write_matrix_to_file will be deprecated in the future.
	 #1 (1.7166e-01, 1.5564e+06): lin 1 (0.0e+00)
Composition correction applied in 5 block(s)
Local chop applied in 2 block(s)
csr_matrix_base::write_matrix_to_file will be deprecated in the future.
	 #2 (3.2934e-01, 1.4789e+02): lin 1 (0.0e+00)
Composition correction applied in 6 block(s)
Local chop applied in 2 block(s)
csr_matrix_base::write_matrix_to_file will be deprecated in the future.
	 #3 (2.1366e-01, 1.4985e+01): lin 1 (0.0e+00)
Composition correction applied in 5 block(s)
Local chop applied in 2 block(s)
csr_matrix_base::write_matrix_to_file will be deprecated in the future.
	 #4 (3.3220e-01, 1.4580e+00): lin 1 (0.0e+00)
Composition correction applied in 6 block(s)
Local chop applied in 2 block(s)
csr_matrix_base::write_matrix_to_file will be deprecated in the future.
	 #5 (2.1140e-01, 1.4453e+01): lin 1 (0.0e+00)
Composition correction applied in 5 block(s)
Local chop applied in 2 block(s)
csr_matrix_base::write_matrix_to_file will be deprecated in the future.
	 #6 (3.3261e-01, 8.9839e-01): lin 1 (0.0e+00)
Composition correction applied in 6 block(s)
Local chop applied in 2 block(s)
csr_matrix_base::write_matrix_to_file will be deprecated in the future.
	 #7 (2.1244e-01, 1.4005e+01): lin 1 (0.0e+00)
Composition correction applied in 5 block(s)
csr_matrix_base::write_matrix_to_file will be deprecated in the future.
	 #8 (3.3254e-01, 7.0711e-01): lin 1 (0.0e+00)
Composition correction applied in 8 block(s)
csr_matrix_base::write_matrix_to_file will be deprecated in the future.
	 #9 (2.1235e-01, 1.3773e+01): lin 1 (0.0e+00)
Composition correction applied in 5 block(s)
csr_matrix_base::write_matrix_to_file will be deprecated in the future.
	 #10 (3.3254e-01, 7.0711e-01): lin 1 (0.0e+00)
Composition correction applied in 6 block(s)
csr_matrix_base::write_matrix_to_file will be deprecated in the future.
FAILED TO CONVERGE WITH DT = 0.000 (newton residual reservoir) 
csr_matrix_base::write_matrix_to_file will be deprecated in the future.
	 #1 (1.6739e+11, 3.0564e+15): lin 1 (0.0e+00)
Composition correction applied in 2 block(s)
OBL axis correction: block 5 variable 0 shoots under axis limit of 1 to -2.201e+06
OBL axis correction applied 2 time(s) 
csr_matrix_base::write_matrix_to_file will be deprecated in the future.
	 #2 (4.2905e+12, 5.6899e+19): lin 1 (0.0e+00)
Composition correction applied in 2 block(s)
OBL axis correction: block 5 variable 0 shoots over axis limit of 1000 to 2.26994e+09
OBL axis correction applied 3 time(s) 
csr_matrix_base::write_matrix_to_file will be deprecated in the future.
	 #3 (1.5444e+12, 5.6077e+18): lin 1 (0.0e+00)
Composition correction applied in 2 block(s)
OBL axis correction: block 5 variable 0 shoots under axis limit of 1 to -2.4967e+09
OBL axis correction applied 3 time(s) 
csr_matrix_base::write_matrix_to_file will be deprecated in the future.
	 #4 (4.3213e+12, 8.7522e+19): lin 1 (0.0e+00)
Composition correction applied in 2 block(s)
OBL axis correction: block 5 variable 0 shoots over axis limit of 1000 to 2.26994e+09
OBL axis correction applied 3 time(s) 
csr_matrix_base::write_matrix_to_file will be deprecated in the future.
	 #5 (2.2338e+12, 5.6096e+18): lin 1 (0.0e+00)
Composition correction applied in 2 block(s)
OBL axis correction: block 5 variable 0 shoots under axis limit of 1 to -2.4967e+09
OBL axis correction applied 3 time(s) 
csr_matrix_base::write_matrix_to_file will be deprecated in the future.
	 #6 (3.7695e+12, 8.7516e+19): lin 1 (0.0e+00)
Composition correction applied in 2 block(s)
OBL axis correction: block 5 variable 0 shoots over axis limit of 1000 to 2.26994e+09
OBL axis correction applied 3 time(s) 
csr_matrix_base::write_matrix_to_file will be deprecated in the future.
	 #7 (2.6182e+12, 5.6107e+18): lin 1 (0.0e+00)
Composition correction applied in 2 block(s)
OBL axis correction: block 5 variable 0 shoots under axis limit of 1 to -2.4967e+09
OBL axis correction applied 3 time(s) 
csr_matrix_base::write_matrix_to_file will be deprecated in the future.
	 #8 (3.4665e+12, 8.7513e+19): lin 1 (0.0e+00)
Composition correction applied in 2 block(s)
OBL axis correction: block 5 variable 0 shoots over axis limit of 1000 to 2.26994e+09
OBL axis correction applied 3 time(s) 
csr_matrix_base::write_matrix_to_file will be deprecated in the future.
	 #9 (2.8305e+12, 5.6112e+18): lin 1 (0.0e+00)
Composition correction applied in 2 block(s)
OBL axis correction: block 5 variable 0 shoots under axis limit of 1 to -2.4967e+09
OBL axis correction applied 3 time(s) 
csr_matrix_base::write_matrix_to_file will be deprecated in the future.
	 #10 (3.3000e+12, 8.7511e+19): lin 1 (0.0e+00)
Composition correction applied in 2 block(s)
OBL axis correction: block 5 variable 0 shoots over axis limit of 1000 to 2.26994e+09
OBL axis correction applied 3 time(s) 
csr_matrix_base::write_matrix_to_file will be deprecated in the future.
FAILED TO CONVERGE WITH DT = 0.000 (newton residual reservoir) 
csr_matrix_base::write_matrix_to_file will be deprecated in the future.
	 #1 (8.5828e-02, 1.5564e+06): lin 1 (0.0e+00)
Composition correction applied in 5 block(s)
Local chop applied in 2 block(s)
csr_matrix_base::write_matrix_to_file will be deprecated in the future.
	 #2 (1.4261e-01, 1.4789e+02): lin 1 (0.0e+00)
Composition correction applied in 5 block(s)
Local chop applied in 2 block(s)
csr_matrix_base::write_matrix_to_file will be deprecated in the future.
	 #3 (2.3346e-03, 5.8772e+00): lin 1 (0.0e+00)
Composition correction applied in 5 block(s)
Local chop applied in 2 block(s)
csr_matrix_base::write_matrix_to_file will be deprecated in the future.
	 #4 (2.1403e-05, 5.6696e+00): lin 1 (0.0e+00)
Composition correction applied in 5 block(s)
Local chop applied in 2 block(s)
csr_matrix_base::write_matrix_to_file will be deprecated in the future.
	 #5 (1.7642e-09, 5.4268e+00): lin 1 (0.0e+00)
Composition correction applied in 5 block(s)
Local chop applied in 2 block(s)
csr_matrix_base::write_matrix_to_file will be deprecated in the future.
	 #6 (1.3249e-15, 5.1835e+00): lin 1 (0.0e+00)
Composition correction applied in 5 block(s)
Local chop applied in 2 block(s)
csr_matrix_base::write_matrix_to_file will be deprecated in the future.
	 #7 (1.3272e-15, 4.9403e+00): lin 1 (0.0e+00)
Composition correction applied in 5 block(s)
csr_matrix_base::write_matrix_to_file will be deprecated in the future.
	 #8 (1.3272e-15, 4.6971e+00): lin 1 (0.0e+00)
Composition correction applied in 5 block(s)
csr_matrix_base::write_matrix_to_file will be deprecated in the future.
	 #9 (1.3255e-15, 4.6971e+00): lin 1 (0.0e+00)
Composition correction applied in 5 block(s)
csr_matrix_base::write_matrix_to_file will be deprecated in the future.
	 #10 (1.3249e-15, 4.6971e+00): lin 1 (0.0e+00)
Composition correction applied in 5 block(s)
csr_matrix_base::write_matrix_to_file will be deprecated in the future.
FAILED TO CONVERGE WITH DT = 0.000 (newton residual wells) 
csr_matrix_base::write_matrix_to_file will be deprecated in the future.
	 #1 (4.1848e+10, 7.6410e+14): lin 1 (0.0e+00)
Composition correction applied in 2 block(s)
OBL axis correction: block 5 variable 0 shoots under axis limit of 1 to -2.201e+06
OBL axis correction applied 1 time(s) 
csr_matrix_base::write_matrix_to_file will be deprecated in the future.
	 #2 (5.3941e+11, 3.5847e+18): lin 1 (0.0e+00)
Composition correction applied in 2 block(s)
OBL axis correction: block 5 variable 0 shoots over axis limit of 1000 to 1.43063e+09
OBL axis correction applied 3 time(s) 
csr_matrix_base::write_matrix_to_file will be deprecated in the future.
	 #3 (1.5151e+11, 1.4016e+18): lin 1 (0.0e+00)
Composition correction applied in 2 block(s)
OBL axis correction: block 5 variable 0 shoots under axis limit of 1 to -2.4967e+09
OBL axis correction applied 3 time(s) 
csr_matrix_base::write_matrix_to_file will be deprecated in the future.
	 #4 (1.2317e+12, 2.1882e+19): lin 1 (0.0e+00)
Composition correction applied in 2 block(s)
OBL axis correction: block 5 variable 0 shoots over axis limit of 1000 to 2.26994e+09
OBL axis correction applied 3 time(s) 
csr_matrix_base::write_matrix_to_file will be deprecated in the future.
	 #5 (2.1945e+11, 1.4017e+18): lin 1 (0.0e+00)
Composition correction applied in 2 block(s)
OBL axis correction: block 5 variable 0 shoots under axis limit of 1 to -2.4967e+09
OBL axis correction applied 3 time(s) 
csr_matrix_base::write_matrix_to_file will be deprecated in the future.
	 #6 (1.1645e+12, 2.1881e+19): lin 1 (0.0e+00)
Composition correction applied in 2 block(s)
OBL axis correction: block 5 variable 0 shoots over axis limit of 1000 to 2.26994e+09
OBL axis correction applied 3 time(s) 
csr_matrix_base::write_matrix_to_file will be deprecated in the future.
	 #7 (2.7900e+11, 1.4018e+18): lin 1 (0.0e+00)
Composition correction applied in 2 block(s)
OBL axis correction: block 5 variable 0 shoots under axis limit of 1 to -2.4967e+09
OBL axis correction applied 3 time(s) 
csr_matrix_base::write_matrix_to_file will be deprecated in the future.
	 #8 (1.1058e+12, 2.1881e+19): lin 1 (0.0e+00)
Composition correction applied in 2 block(s)
OBL axis correction: block 5 variable 0 shoots over axis limit of 1000 to 2.26994e+09
OBL axis correction applied 3 time(s) 
csr_matrix_base::write_matrix_to_file will be deprecated in the future.
	 #9 (3.3114e+11, 1.4020e+18): lin 1 (0.0e+00)
Composition correction applied in 2 block(s)
OBL axis correction: block 5 variable 0 shoots under axis limit of 1 to -2.4967e+09
OBL axis correction applied 3 time(s) 
csr_matrix_base::write_matrix_to_file will be deprecated in the future.
	 #10 (1.0544e+12, 2.1880e+19): lin 1 (0.0e+00)
Composition correction applied in 2 block(s)
OBL axis correction: block 5 variable 0 shoots over axis limit of 1000 to 2.26994e+09
OBL axis correction applied 3 time(s) 
csr_matrix_base::write_matrix_to_file will be deprecated in the future.
FAILED TO CONVERGE WITH DT = 0.000 (newton residual reservoir) 
csr_matrix_base::write_matrix_to_file will be deprecated in the future.
	 #1 (4.2914e-02, 1.5564e+06): lin 1 (0.0e+00)
Composition correction applied in 5 block(s)
Local chop applied in 2 block(s)
csr_matrix_base::write_matrix_to_file will be deprecated in the future.
	 #2 (9.1240e-04, 1.4789e+02): lin 1 (0.0e+00)
Composition correction applied in 5 block(s)
Local chop applied in 2 block(s)
csr_matrix_base::write_matrix_to_file will be deprecated in the future.
	 #3 (4.2844e-07, 3.0850e+00): lin 1 (0.0e+00)
Composition correction applied in 5 block(s)
Local chop applied in 2 block(s)
csr_matrix_base::write_matrix_to_file will be deprecated in the future.
	 #4 (1.5907e-12, 2.8447e+00): lin 1 (0.0e+00)
Composition correction applied in 5 block(s)
Local chop applied in 2 block(s)
csr_matrix_base::write_matrix_to_file will be deprecated in the future.
	 #5 (4.3574e-16, 2.6043e+00): lin 1 (0.0e+00)
Composition correction applied in 5 block(s)
Local chop applied in 2 block(s)
csr_matrix_base::write_matrix_to_file will be deprecated in the future.
	 #6 (4.4249e-16, 2.3641e+00): lin 1 (0.0e+00)
Composition correction applied in 5 block(s)
Local chop applied in 2 block(s)
csr_matrix_base::write_matrix_to_file will be deprecated in the future.
	 #7 (4.3272e-16, 2.1239e+00): lin 1 (0.0e+00)
Composition correction applied in 5 block(s)
csr_matrix_base::write_matrix_to_file will be deprecated in the future.
	 #8 (4.4249e-16, 1.8839e+00): lin 1 (0.0e+00)
Composition correction applied in 5 block(s)
csr_matrix_base::write_matrix_to_file will be deprecated in the future.
	 #9 (4.3215e-16, 1.8838e+00): lin 1 (0.0e+00)
Composition correction applied in 5 block(s)
csr_matrix_base::write_matrix_to_file will be deprecated in the future.
	 #10 (4.4160e-16, 1.8838e+00): lin 1 (0.0e+00)
Composition correction applied in 5 block(s)
csr_matrix_base::write_matrix_to_file will be deprecated in the future.
FAILED TO CONVERGE WITH DT = 0.000 (newton residual wells) 
csr_matrix_base::write_matrix_to_file will be deprecated in the future.
	 #1 (1.0462e+10, 1.9103e+14): lin 1 (0.0e+00)
Composition correction applied in 2 block(s)
OBL axis correction: block 5 variable 0 shoots under axis limit of 1 to -2.201e+06
OBL axis correction applied 1 time(s) 
csr_matrix_base::write_matrix_to_file will be deprecated in the future.
	 #2 (3.2026e+10, 2.2611e+17): lin 1 (0.0e+00)
Composition correction applied in 2 block(s)
OBL axis correction: block 5 variable 0 shoots over axis limit of 1000 to 5.19469e+08
OBL axis correction applied 3 time(s) 
csr_matrix_base::write_matrix_to_file will be deprecated in the future.
	 #3 (3.1131e+10, 3.5039e+17): lin 1 (0.0e+00)
Composition correction applied in 2 block(s)
OBL axis correction: block 5 variable 0 shoots under axis limit of 1 to -2.4967e+09
OBL axis correction applied 3 time(s) 
csr_matrix_base::write_matrix_to_file will be deprecated in the future.
	 #4 (3.1304e+11, 5.4705e+18): lin 1 (0.0e+00)
Composition correction applied in 2 block(s)
OBL axis correction: block 5 variable 0 shoots over axis limit of 1000 to 2.26994e+09
OBL axis correction applied 3 time(s) 
csr_matrix_base::write_matrix_to_file will be deprecated in the future.
	 #5 (3.5582e+10, 3.5040e+17): lin 1 (0.0e+00)
Composition correction applied in 2 block(s)
OBL axis correction: block 5 variable 0 shoots under axis limit of 1 to -2.4967e+09
OBL axis correction applied 3 time(s) 
csr_matrix_base::write_matrix_to_file will be deprecated in the future.
	 #6 (3.0843e+11, 5.4705e+18): lin 1 (0.0e+00)
Composition correction applied in 2 block(s)
OBL axis correction: block 5 variable 0 shoots over axis limit of 1000 to 2.26994e+09
OBL axis correction applied 3 time(s) 
csr_matrix_base::write_matrix_to_file will be deprecated in the future.
	 #7 (3.9891e+10, 3.5041e+17): lin 1 (0.0e+00)
Composition correction applied in 2 block(s)
OBL axis correction: block 5 variable 0 shoots under axis limit of 1 to -2.4967e+09
OBL axis correction applied 3 time(s) 
csr_matrix_base::write_matrix_to_file will be deprecated in the future.
	 #8 (3.0396e+11, 5.4704e+18): lin 1 (0.0e+00)
Composition correction applied in 2 block(s)
OBL axis correction: block 5 variable 0 shoots over axis limit of 1000 to 2.26994e+09
OBL axis correction applied 3 time(s) 
csr_matrix_base::write_matrix_to_file will be deprecated in the future.
	 #9 (4.4062e+10, 3.5041e+17): lin 1 (0.0e+00)
Composition correction applied in 2 block(s)
OBL axis correction: block 5 variable 0 shoots under axis limit of 1 to -2.4967e+09
OBL axis correction applied 3 time(s) 
csr_matrix_base::write_matrix_to_file will be deprecated in the future.
	 #10 (2.9964e+11, 5.4704e+18): lin 1 (0.0e+00)
Composition correction applied in 2 block(s)
OBL axis correction: block 5 variable 0 shoots over axis limit of 1000 to 2.26994e+09
OBL axis correction applied 3 time(s) 
csr_matrix_base::write_matrix_to_file will be deprecated in the future.
FAILED TO CONVERGE WITH DT = 0.000 (newton residual reservoir) 
csr_matrix_base::write_matrix_to_file will be deprecated in the future.
	 #1 (2.1457e-02, 1.5564e+06): lin 1 (0.0e+00)
Composition correction applied in 5 block(s)
Local chop applied in 2 block(s)
csr_matrix_base::write_matrix_to_file will be deprecated in the future.
	 #2 (2.1621e-04, 1.4789e+02): lin 1 (0.0e+00)
Composition correction applied in 5 block(s)
Local chop applied in 2 block(s)
csr_matrix_base::write_matrix_to_file will be deprecated in the future.
	 #3 (1.5672e-08, 1.3748e+00): lin 1 (0.0e+00)
Composition correction applied in 5 block(s)
Local chop applied in 2 block(s)
csr_matrix_base::write_matrix_to_file will be deprecated in the future.
	 #4 (2.4808e-16, 1.1364e+00): lin 1 (0.0e+00)
Composition correction applied in 5 block(s)
Local chop applied in 2 block(s)
csr_matrix_base::write_matrix_to_file will be deprecated in the future.
	 #5 (3.1031e-16, 8.9812e-01): lin 1 (0.0e+00)
Composition correction applied in 5 block(s)
Local chop applied in 2 block(s)
csr_matrix_base::write_matrix_to_file will be deprecated in the future.
	 #6 (2.6079e-16, 6.5989e-01): lin 1 (0.0e+00)
Composition correction applied in 5 block(s)
Local chop applied in 2 block(s)
csr_matrix_base::write_matrix_to_file will be deprecated in the future.
	 #7 (1.8510e-16, 6.0609e-01): lin 1 (0.0e+00)
Composition correction applied in 5 block(s)
csr_matrix_base::write_matrix_to_file will be deprecated in the future.
	 #8 (2.0057e-16, 6.0910e-01): lin 1 (0.0e+00)
Composition correction applied in 5 block(s)
csr_matrix_base::write_matrix_to_file will be deprecated in the future.
	 #9 (3.0666e-16, 6.0908e-01): lin 1 (0.0e+00)
Composition correction applied in 5 block(s)
csr_matrix_base::write_matrix_to_file will be deprecated in the future.
	 #10 (2.6434e-16, 6.0909e-01): lin 1 (0.0e+00)
Composition correction applied in 5 block(s)
csr_matrix_base::write_matrix_to_file will be deprecated in the future.
FAILED TO CONVERGE WITH DT = 0.000 (newton residual wells) 
csr_matrix_base::write_matrix_to_file will be deprecated in the future.
	 #1 (2.6155e+09, 4.7756e+13): lin 1 (0.0e+00)
Composition correction applied in 2 block(s)
OBL axis correction: block 5 variable 0 shoots under axis limit of 1 to -2.201e+06
OBL axis correction applied 1 time(s) 
csr_matrix_base::write_matrix_to_file will be deprecated in the future.
	 #2 (2.8755e+09, 1.5156e+16): lin 1 (0.0e+00)
Composition correction applied in 2 block(s)
OBL axis correction: block 5 variable 0 shoots over axis limit of 1000 to 2.91677e+08
OBL axis correction applied 3 time(s) 
csr_matrix_base::write_matrix_to_file will be deprecated in the future.
	 #3 (7.7176e+09, 8.7597e+16): lin 1 (0.0e+00)
Composition correction applied in 2 block(s)
OBL axis correction: block 5 variable 0 shoots under axis limit of 1 to -2.4967e+09
OBL axis correction applied 3 time(s) 
csr_matrix_base::write_matrix_to_file will be deprecated in the future.
	 #4 (7.8241e+10, 1.3676e+18): lin 1 (0.0e+00)
Composition correction applied in 2 block(s)
OBL axis correction: block 5 variable 0 shoots over axis limit of 1000 to 2.26994e+09
OBL axis correction applied 3 time(s) 
csr_matrix_base::write_matrix_to_file will be deprecated in the future.
	 #5 (7.9960e+09, 8.7597e+16): lin 1 (0.0e+00)
Composition correction applied in 2 block(s)
OBL axis correction: block 5 variable 0 shoots under axis limit of 1 to -2.4967e+09
OBL axis correction applied 3 time(s) 
csr_matrix_base::write_matrix_to_file will be deprecated in the future.
	 #6 (7.7948e+10, 1.3676e+18): lin 1 (0.0e+00)
Composition correction applied in 2 block(s)
OBL axis correction: block 5 variable 0 shoots over axis limit of 1000 to 2.26994e+09
OBL axis correction applied 3 time(s) 
csr_matrix_base::write_matrix_to_file will be deprecated in the future.
	 #7 (8.2723e+09, 8.7598e+16): lin 1 (0.0e+00)
Composition correction applied in 2 block(s)
OBL axis correction: block 5 variable 0 shoots under axis limit of 1 to -2.4967e+09
OBL axis correction applied 3 time(s) 
csr_matrix_base::write_matrix_to_file will be deprecated in the future.
	 #8 (7.7658e+10, 1.3676e+18): lin 1 (0.0e+00)
Composition correction applied in 2 block(s)
OBL axis correction: block 5 variable 0 shoots over axis limit of 1000 to 2.26994e+09
OBL axis correction applied 3 time(s) 
csr_matrix_base::write_matrix_to_file will be deprecated in the future.
	 #9 (8.5463e+09, 8.7598e+16): lin 1 (0.0e+00)
Composition correction applied in 2 block(s)
OBL axis correction: block 5 variable 0 shoots under axis limit of 1 to -2.4967e+09
OBL axis correction applied 3 time(s) 
csr_matrix_base::write_matrix_to_file will be deprecated in the future.
	 #10 (7.7370e+10, 1.3676e+18): lin 1 (0.0e+00)
Composition correction applied in 2 block(s)
OBL axis correction: block 5 variable 0 shoots over axis limit of 1000 to 2.26994e+09
OBL axis correction applied 3 time(s) 
csr_matrix_base::write_matrix_to_file will be deprecated in the future.
FAILED TO CONVERGE WITH DT = 0.000 (newton residual reservoir) 
csr_matrix_base::write_matrix_to_file will be deprecated in the future.
	 #1 (1.0728e-02, 1.5564e+06): lin 1 (0.0e+00)
Composition correction applied in 5 block(s)
Local chop applied in 2 block(s)
csr_matrix_base::write_matrix_to_file will be deprecated in the future.
	 #2 (6.0458e-05, 1.4789e+02): lin 1 (0.0e+00)
Composition correction applied in 5 block(s)
Local chop applied in 2 block(s)
csr_matrix_base::write_matrix_to_file will be deprecated in the future.
	 #3 (1.3762e-09, 4.6945e-01): lin 1 (0.0e+00)
Composition correction applied in 5 block(s)
Local chop applied in 2 block(s)
csr_matrix_base::write_matrix_to_file will be deprecated in the future.
	 #4 (1.0582e-16, 3.0305e-01): lin 1 (0.0e+00)
Composition correction applied in 5 block(s)
csr_matrix_base::write_matrix_to_file will be deprecated in the future.
	 #5 (1.1831e-16, 3.1227e-01): lin 1 (0.0e+00)
Composition correction applied in 5 block(s)
csr_matrix_base::write_matrix_to_file will be deprecated in the future.
	 #6 (1.4108e-16, 3.1222e-01): lin 1 (0.0e+00)
Composition correction applied in 5 block(s)
csr_matrix_base::write_matrix_to_file will be deprecated in the future.
	 #7 (1.2773e-16, 3.1224e-01): lin 1 (0.0e+00)
Composition correction applied in 5 block(s)
csr_matrix_base::write_matrix_to_file will be deprecated in the future.
	 #8 (1.1452e-16, 3.1224e-01): lin 1 (0.0e+00)
Composition correction applied in 5 block(s)
csr_matrix_base::write_matrix_to_file will be deprecated in the future.
	 #9 (1.2773e-16, 3.1224e-01): lin 1 (0.0e+00)
Composition correction applied in 5 block(s)
csr_matrix_base::write_matrix_to_file will be deprecated in the future.
	 #10 (1.2143e-16, 3.1224e-01): lin 1 (0.0e+00)
Composition correction applied in 5 block(s)
csr_matrix_base::write_matrix_to_file will be deprecated in the future.
FAILED TO CONVERGE WITH DT = 0.000 (newton residual wells) 
csr_matrix_base::write_matrix_to_file will be deprecated in the future.
	 #1 (6.5387e+08, 1.1939e+13): lin 1 (0.0e+00)
Composition correction applied in 2 block(s)
OBL axis correction: block 5 variable 0 shoots under axis limit of 1 to -2.201e+06
OBL axis correction applied 1 time(s) 
csr_matrix_base::write_matrix_to_file will be deprecated in the future.
	 #2 (6.3296e+08, 1.5076e+15): lin 1 (0.0e+00)
Composition correction applied in 2 block(s)
OBL axis correction: block 5 variable 0 shoots over axis limit of 1000 to 2.34729e+08
OBL axis correction applied 3 time(s) 
csr_matrix_base::write_matrix_to_file will be deprecated in the future.
	 #3 (1.9304e+09, 2.1899e+16): lin 1 (0.0e+00)
Composition correction applied in 2 block(s)
OBL axis correction: block 5 variable 0 shoots under axis limit of 1 to -2.4967e+09
OBL axis correction applied 3 time(s) 
csr_matrix_base::write_matrix_to_file will be deprecated in the future.
	 #4 (1.9553e+10, 3.4191e+17): lin 1 (0.0e+00)
Composition correction applied in 2 block(s)
OBL axis correction: block 5 variable 0 shoots over axis limit of 1000 to 2.26994e+09
OBL axis correction applied 3 time(s) 
csr_matrix_base::write_matrix_to_file will be deprecated in the future.
	 #5 (1.9478e+09, 2.1899e+16): lin 1 (0.0e+00)
Composition correction applied in 2 block(s)
OBL axis correction: block 5 variable 0 shoots under axis limit of 1 to -2.4967e+09
OBL axis correction applied 3 time(s) 
csr_matrix_base::write_matrix_to_file will be deprecated in the future.
	 #6 (1.9535e+10, 3.4191e+17): lin 1 (0.0e+00)
Composition correction applied in 2 block(s)
OBL axis correction: block 5 variable 0 shoots over axis limit of 1000 to 2.26994e+09
OBL axis correction applied 3 time(s) 
csr_matrix_base::write_matrix_to_file will be deprecated in the future.
	 #7 (1.9652e+09, 2.1899e+16): lin 1 (0.0e+00)
Composition correction applied in 2 block(s)
OBL axis correction: block 5 variable 0 shoots under axis limit of 1 to -2.4967e+09
OBL axis correction applied 3 time(s) 
csr_matrix_base::write_matrix_to_file will be deprecated in the future.
	 #8 (1.9517e+10, 3.4191e+17): lin 1 (0.0e+00)
Composition correction applied in 2 block(s)
OBL axis correction: block 5 variable 0 shoots over axis limit of 1000 to 2.26994e+09
OBL axis correction applied 3 time(s) 
csr_matrix_base::write_matrix_to_file will be deprecated in the future.
	 #9 (1.9826e+09, 2.1899e+16): lin 1 (0.0e+00)
Composition correction applied in 2 block(s)
OBL axis correction: block 5 variable 0 shoots under axis limit of 1 to -2.4967e+09
OBL axis correction applied 3 time(s) 
csr_matrix_base::write_matrix_to_file will be deprecated in the future.
	 #10 (1.9498e+10, 3.4191e+17): lin 1 (0.0e+00)
Composition correction applied in 2 block(s)
OBL axis correction: block 5 variable 0 shoots over axis limit of 1000 to 2.26994e+09
OBL axis correction applied 3 time(s) 
csr_matrix_base::write_matrix_to_file will be deprecated in the future.
FAILED TO CONVERGE WITH DT = 0.000 (newton residual reservoir) 
csr_matrix_base::write_matrix_to_file will be deprecated in the future.
	 #1 (5.3642e-03, 1.5564e+06): lin 1 (0.0e+00)
Composition correction applied in 5 block(s)
Local chop applied in 2 block(s)
csr_matrix_base::write_matrix_to_file will be deprecated in the future.
	 #2 (1.4928e-05, 1.4789e+02): lin 1 (0.0e+00)
Composition correction applied in 5 block(s)
csr_matrix_base::write_matrix_to_file will be deprecated in the future.
	 #3 (8.1562e-11, 1.5804e-01): lin 1 (0.0e+00)
Composition correction applied in 5 block(s)
csr_matrix_base::write_matrix_to_file will be deprecated in the future.
	 #4 (6.8897e-17, 1.5822e-01): lin 1 (0.0e+00)
Composition correction applied in 6 block(s)
csr_matrix_base::write_matrix_to_file will be deprecated in the future.
	 #5 (6.8232e-17, 1.5820e-01): lin 1 (0.0e+00)
Composition correction applied in 5 block(s)
csr_matrix_base::write_matrix_to_file will be deprecated in the future.
	 #6 (1.3468e-16, 1.5820e-01): lin 1 (0.0e+00)
Composition correction applied in 5 block(s)
csr_matrix_base::write_matrix_to_file will be deprecated in the future.
	 #7 (8.4008e-17, 1.5820e-01): lin 1 (0.0e+00)
Composition correction applied in 5 block(s)
csr_matrix_base::write_matrix_to_file will be deprecated in the future.
	 #8 (6.9562e-17, 1.5820e-01): lin 1 (0.0e+00)
Composition correction applied in 6 block(s)
csr_matrix_base::write_matrix_to_file will be deprecated in the future.
	 #9 (6.8897e-17, 1.5820e-01): lin 1 (0.0e+00)
Composition correction applied in 5 block(s)
csr_matrix_base::write_matrix_to_file will be deprecated in the future.
	 #10 (9.3316e-17, 1.5820e-01): lin 1 (0.0e+00)
Composition correction applied in 5 block(s)
csr_matrix_base::write_matrix_to_file will be deprecated in the future.
FAILED TO CONVERGE WITH DT = 0.000 (newton residual wells) 
csr_matrix_base::write_matrix_to_file will be deprecated in the future.
	 #1 (1.6347e+08, 2.9848e+12): lin 1 (0.0e+00)
Composition correction applied in 2 block(s)
OBL axis correction: block 5 variable 0 shoots under axis limit of 1 to -2.201e+06
OBL axis correction applied 1 time(s) 
csr_matrix_base::write_matrix_to_file will be deprecated in the future.
	 #2 (1.6159e+08, 2.9498e+14): lin 1 (0.0e+00)
Composition correction applied in 2 block(s)
OBL axis correction: block 5 variable 0 shoots over axis limit of 1000 to 2.20492e+08
OBL axis correction applied 2 time(s) 
csr_matrix_base::write_matrix_to_file will be deprecated in the future.
	 #3 (4.5592e+08, 4.7315e+15): lin 1 (0.0e+00)
Composition correction applied in 2 block(s)
OBL axis correction: block 5 variable 0 shoots under axis limit of 1 to -2.4967e+09
OBL axis correction applied 3 time(s) 
csr_matrix_base::write_matrix_to_file will be deprecated in the future.
	 #4 (4.8878e+09, 8.5477e+16): lin 1 (0.0e+00)
Composition correction applied in 2 block(s)
OBL axis correction: block 5 variable 0 shoots over axis limit of 1000 to 2.26994e+09
OBL axis correction applied 3 time(s) 
csr_matrix_base::write_matrix_to_file will be deprecated in the future.
	 #5 (4.8384e+08, 5.4748e+15): lin 1 (0.0e+00)
Composition correction applied in 2 block(s)
OBL axis correction: block 5 variable 0 shoots under axis limit of 1 to -2.4967e+09
OBL axis correction applied 3 time(s) 
csr_matrix_base::write_matrix_to_file will be deprecated in the future.
	 #6 (4.8867e+09, 8.5477e+16): lin 1 (0.0e+00)
Composition correction applied in 2 block(s)
OBL axis correction: block 5 variable 0 shoots over axis limit of 1000 to 2.26994e+09
OBL axis correction applied 3 time(s) 
csr_matrix_base::write_matrix_to_file will be deprecated in the future.
	 #7 (4.8494e+08, 5.4748e+15): lin 1 (0.0e+00)
Composition correction applied in 2 block(s)
OBL axis correction: block 5 variable 0 shoots under axis limit of 1 to -2.4967e+09
OBL axis correction applied 3 time(s) 
csr_matrix_base::write_matrix_to_file will be deprecated in the future.
	 #8 (4.8855e+09, 8.5477e+16): lin 1 (0.0e+00)
Composition correction applied in 2 block(s)
OBL axis correction: block 5 variable 0 shoots over axis limit of 1000 to 2.26994e+09
OBL axis correction applied 3 time(s) 
csr_matrix_base::write_matrix_to_file will be deprecated in the future.
	 #9 (4.8603e+08, 5.4748e+15): lin 1 (0.0e+00)
Composition correction applied in 2 block(s)
OBL axis correction: block 5 variable 0 shoots under axis limit of 1 to -2.4967e+09
OBL axis correction applied 3 time(s) 
csr_matrix_base::write_matrix_to_file will be deprecated in the future.
	 #10 (4.8844e+09, 8.5477e+16): lin 1 (0.0e+00)
Composition correction applied in 2 block(s)
OBL axis correction: block 5 variable 0 shoots over axis limit of 1000 to 2.26994e+09
OBL axis correction applied 3 time(s) 
csr_matrix_base::write_matrix_to_file will be deprecated in the future.
FAILED TO CONVERGE WITH DT = 0.000 (newton residual reservoir) 
csr_matrix_base::write_matrix_to_file will be deprecated in the future.
	 #1 (2.6821e-03, 1.5564e+06): lin 1 (0.0e+00)
Composition correction applied in 5 block(s)
csr_matrix_base::write_matrix_to_file will be deprecated in the future.
	 #2 (3.7077e-06, 1.4789e+02): lin 1 (0.0e+00)
Composition correction applied in 5 block(s)
csr_matrix_base::write_matrix_to_file will be deprecated in the future.
	 #3 (4.9434e-12, 7.9537e-02): lin 1 (0.0e+00)
Composition correction applied in 6 block(s)
csr_matrix_base::write_matrix_to_file will be deprecated in the future.
	 #4 (9.0706e-17, 7.9670e-02): lin 1 (0.0e+00)
Composition correction applied in 5 block(s)
csr_matrix_base::write_matrix_to_file will be deprecated in the future.
	 #5 (7.3563e-17, 7.9663e-02): lin 1 (0.0e+00)
Composition correction applied in 6 block(s)
csr_matrix_base::write_matrix_to_file will be deprecated in the future.
	 #6 (8.5548e-17, 7.9663e-02): lin 1 (0.0e+00)
Composition correction applied in 5 block(s)
csr_matrix_base::write_matrix_to_file will be deprecated in the future.
	 #7 (5.7694e-17, 7.9663e-02): lin 1 (0.0e+00)
Composition correction applied in 6 block(s)
csr_matrix_base::write_matrix_to_file will be deprecated in the future.
	 #8 (8.5548e-17, 7.9663e-02): lin 1 (0.0e+00)
Composition correction applied in 5 block(s)
csr_matrix_base::write_matrix_to_file will be deprecated in the future.
	 #9 (5.7694e-17, 7.9663e-02): lin 1 (0.0e+00)
Composition correction applied in 6 block(s)
csr_matrix_base::write_matrix_to_file will be deprecated in the future.
	 #10 (8.5548e-17, 7.9663e-02): lin 1 (0.0e+00)
Composition correction applied in 5 block(s)
csr_matrix_base::write_matrix_to_file will be deprecated in the future.
FAILED TO CONVERGE WITH DT = 0.000 (newton residual wells) 
csr_matrix_base::write_matrix_to_file will be deprecated in the future.
	 #1 (4.0867e+07, 7.4619e+11): lin 1 (0.0e+00)
Composition correction applied in 2 block(s)
OBL axis correction: block 5 variable 0 shoots under axis limit of 1 to -2.201e+06
OBL axis correction applied 1 time(s) 
csr_matrix_base::write_matrix_to_file will be deprecated in the future.
	 #2 (4.0741e+07, 7.1419e+13): lin 1 (0.0e+00)
Composition correction applied in 2 block(s)
OBL axis correction: block 5 variable 0 shoots over axis limit of 1000 to 2.16933e+08
OBL axis correction applied 1 time(s) 
csr_matrix_base::write_matrix_to_file will be deprecated in the future.
	 #3 (6.2729e+07, 7.7950e+14): lin 1 (0.0e+00)
Composition correction applied in 2 block(s)
OBL axis correction: block 5 variable 0 shoots under axis limit of 1 to -2.38797e+09
OBL axis correction applied 1 time(s) 
csr_matrix_base::write_matrix_to_file will be deprecated in the future.
	 #4 (4.9725e+08, 8.8949e+14): lin 1 (0.0e+00)
Composition correction applied in 2 block(s)
OBL axis correction: block 5 variable 0 shoots over axis limit of 1000 to 1.38628e+09
OBL axis correction applied 2 time(s) 
csr_matrix_base::write_matrix_to_file will be deprecated in the future.
	 #5 (1.7749e+08, 1.2540e+15): lin 1 (0.0e+00)
Composition correction applied in 2 block(s)
OBL axis correction: block 5 variable 0 shoots under axis limit of 1 to -1.84418e+09
OBL axis correction applied 1 time(s) 
csr_matrix_base::write_matrix_to_file will be deprecated in the future.
	 #6 (8.7080e+08, 1.6925e+16): lin 1 (0.0e+00)
Composition correction applied in 2 block(s)
OBL axis correction: block 5 variable 0 shoots over axis limit of 1000 to 1.58741e+09
OBL axis correction applied 2 time(s) 
csr_matrix_base::write_matrix_to_file will be deprecated in the future.
	 #7 (2.0684e+08, 1.2408e+15): lin 1 (0.0e+00)
Composition correction applied in 2 block(s)
OBL axis correction: block 5 variable 0 shoots under axis limit of 1 to -1.75783e+09
OBL axis correction applied 1 time(s) 
csr_matrix_base::write_matrix_to_file will be deprecated in the future.
	 #8 (8.8054e+08, 1.6925e+16): lin 1 (0.0e+00)
Composition correction applied in 2 block(s)
OBL axis correction: block 5 variable 0 shoots over axis limit of 1000 to 1.61936e+09
OBL axis correction applied 2 time(s) 
csr_matrix_base::write_matrix_to_file will be deprecated in the future.
	 #9 (2.1152e+08, 1.2388e+15): lin 1 (0.0e+00)
Composition correction applied in 2 block(s)
OBL axis correction: block 5 variable 0 shoots under axis limit of 1 to -1.74431e+09
OBL axis correction applied 1 time(s) 
csr_matrix_base::write_matrix_to_file will be deprecated in the future.
	 #10 (8.8203e+08, 1.6925e+16): lin 1 (0.0e+00)
Composition correction applied in 2 block(s)
OBL axis correction: block 5 variable 0 shoots over axis limit of 1000 to 1.62436e+09
OBL axis correction applied 2 time(s) 
csr_matrix_base::write_matrix_to_file will be deprecated in the future.
FAILED TO CONVERGE WITH DT = 0.000 (newton residual reservoir) 
csr_matrix_base::write_matrix_to_file will be deprecated in the future.
	 #1 (1.3411e-03, 1.5564e+06): lin 1 (0.0e+00)
Composition correction applied in 5 block(s)
csr_matrix_base::write_matrix_to_file will be deprecated in the future.
	 #2 (9.2386e-07, 1.4789e+02): lin 1 (0.0e+00)
Composition correction applied in 5 block(s)
csr_matrix_base::write_matrix_to_file will be deprecated in the future.
	 #3 (3.0391e-13, 3.9946e-02): lin 1 (0.0e+00)
Composition correction applied in 5 block(s)
csr_matrix_base::write_matrix_to_file will be deprecated in the future.
	 #4 (1.3295e-16, 3.9982e-02): lin 1 (0.0e+00)
Composition correction applied in 5 block(s)
csr_matrix_base::write_matrix_to_file will be deprecated in the future.
	 #5 (7.7016e-17, 3.9981e-02): lin 1 (0.0e+00)
Composition correction applied in 5 block(s)
csr_matrix_base::write_matrix_to_file will be deprecated in the future.
	 #6 (7.0548e-17, 3.9981e-02): lin 1 (0.0e+00)
Composition correction applied in 6 block(s)
csr_matrix_base::write_matrix_to_file will be deprecated in the future.
	 #7 (1.0389e-16, 3.9981e-02): lin 1 (0.0e+00)
Composition correction applied in 5 block(s)
csr_matrix_base::write_matrix_to_file will be deprecated in the future.
	 #8 (1.3295e-16, 3.9981e-02): lin 1 (0.0e+00)
Composition correction applied in 5 block(s)
csr_matrix_base::write_matrix_to_file will be deprecated in the future.
	 #9 (7.7016e-17, 3.9981e-02): lin 1 (0.0e+00)
Composition correction applied in 5 block(s)
csr_matrix_base::write_matrix_to_file will be deprecated in the future.
	 #10 (7.0548e-17, 3.9981e-02): lin 1 (0.0e+00)
Composition correction applied in 5 block(s)
csr_matrix_base::write_matrix_to_file will be deprecated in the future.
FAILED TO CONVERGE WITH DT = 0.000 (newton residual wells) 
csr_matrix_base::write_matrix_to_file will be deprecated in the future.
	 #1 (1.0217e+07, 1.8655e+11): lin 1 (0.0e+00)
Composition correction applied in 2 block(s)
OBL axis correction: block 5 variable 0 shoots under axis limit of 1 to -2.201e+06
OBL axis correction applied 1 time(s) 
csr_matrix_base::write_matrix_to_file will be deprecated in the future.
	 #2 (1.0209e+07, 1.7764e+13): lin 1 (0.0e+00)
Composition correction applied in 2 block(s)
OBL axis correction: block 5 variable 0 shoots over axis limit of 1000 to 2.16043e+08
OBL axis correction applied 1 time(s) 
csr_matrix_base::write_matrix_to_file will be deprecated in the future.
	 #3 (1.0580e+07, 1.8663e+14): lin 1 (0.0e+00)
Composition correction applied in 2 block(s)
OBL axis correction: block 5 variable 0 shoots under axis limit of 1 to -2.29141e+09
OBL axis correction applied 1 time(s) 
csr_matrix_base::write_matrix_to_file will be deprecated in the future.
	 #4 (3.0510e+07, 4.1268e+13): lin 1 (0.0e+00)
Composition correction applied in 2 block(s)
OBL axis correction: block 5 variable 0 shoots over axis limit of 1000 to 4.95485e+08
OBL axis correction applied 1 time(s) 
csr_matrix_base::write_matrix_to_file will be deprecated in the future.
	 #5 (2.4103e+07, 1.6514e+14): lin 1 (0.0e+00)
Composition correction applied in 2 block(s)
OBL axis correction: block 5 variable 0 shoots under axis limit of 1 to -2.02678e+09
OBL axis correction applied 1 time(s) 
csr_matrix_base::write_matrix_to_file will be deprecated in the future.
	 #6 (5.1040e+07, 6.0584e+13): lin 1 (0.0e+00)
Composition correction applied in 2 block(s)
OBL axis correction: block 5 variable 0 shoots over axis limit of 1000 to 7.004e+08
OBL axis correction applied 1 time(s) 
csr_matrix_base::write_matrix_to_file will be deprecated in the future.
	 #7 (4.1709e+07, 1.5593e+14): lin 1 (0.0e+00)
Composition correction applied in 2 block(s)
OBL axis correction: block 5 variable 0 shoots under axis limit of 1 to -1.83338e+09
OBL axis correction applied 1 time(s) 
csr_matrix_base::write_matrix_to_file will be deprecated in the future.
	 #8 (6.6123e+07, 1.5640e+14): lin 1 (0.0e+00)
Composition correction applied in 2 block(s)
OBL axis correction: block 5 variable 0 shoots over axis limit of 1000 to 8.50163e+08
OBL axis correction applied 2 time(s) 
csr_matrix_base::write_matrix_to_file will be deprecated in the future.
	 #9 (5.7479e+07, 3.0778e+14): lin 1 (0.0e+00)
Composition correction applied in 2 block(s)
OBL axis correction: block 5 variable 0 shoots under axis limit of 1 to -1.69237e+09
OBL axis correction applied 1 time(s) 
csr_matrix_base::write_matrix_to_file will be deprecated in the future.
	 #10 (8.1306e+07, 8.5418e+14): lin 1 (0.0e+00)
Composition correction applied in 2 block(s)
OBL axis correction: block 5 variable 0 shoots over axis limit of 1000 to 9.59351e+08
OBL axis correction applied 2 time(s) 
csr_matrix_base::write_matrix_to_file will be deprecated in the future.
FAILED TO CONVERGE WITH DT = 0.000 (newton residual reservoir) 
csr_matrix_base::write_matrix_to_file will be deprecated in the future.
	 #1 (6.7053e-04, 1.5564e+06): lin 1 (0.0e+00)
Composition correction applied in 5 block(s)
csr_matrix_base::write_matrix_to_file will be deprecated in the future.
	 #2 (2.3058e-07, 1.4789e+02): lin 1 (0.0e+00)
Composition correction applied in 5 block(s)
csr_matrix_base::write_matrix_to_file will be deprecated in the future.
	 #3 (1.8921e-14, 2.0020e-02): lin 1 (0.0e+00)
Composition correction applied in 5 block(s)
csr_matrix_base::write_matrix_to_file will be deprecated in the future.
	 #4 (6.1292e-17, 2.0030e-02): lin 1 (0.0e+00)
Composition correction applied in 5 block(s)
csr_matrix_base::write_matrix_to_file will be deprecated in the future.
	 #5 (4.1913e-17, 2.0030e-02): lin 1 (0.0e+00)
Composition correction applied in 5 block(s)
csr_matrix_base::write_matrix_to_file will be deprecated in the future.
	 #6 (5.2293e-17, 2.0030e-02): lin 1 (0.0e+00)
Composition correction applied in 5 block(s)
csr_matrix_base::write_matrix_to_file will be deprecated in the future.
	 #7 (7.9955e-17, 2.0030e-02): lin 1 (0.0e+00)
Composition correction applied in 5 block(s)
csr_matrix_base::write_matrix_to_file will be deprecated in the future.
	 #8 (1.0028e-16, 2.0030e-02): lin 1 (0.0e+00)
Composition correction applied in 5 block(s)
csr_matrix_base::write_matrix_to_file will be deprecated in the future.
	 #9 (8.0219e-17, 2.0030e-02): lin 1 (0.0e+00)
Composition correction applied in 5 block(s)
csr_matrix_base::write_matrix_to_file will be deprecated in the future.
	 #10 (1.0037e-16, 2.0030e-02): lin 1 (0.0e+00)
Composition correction applied in 5 block(s)
csr_matrix_base::write_matrix_to_file will be deprecated in the future.
FAILED TO CONVERGE WITH DT = 0.000 (newton residual wells) 
csr_matrix_base::write_matrix_to_file will be deprecated in the future.
	 #1 (2.5542e+06, 4.6637e+10): lin 1 (0.0e+00)
Composition correction applied in 2 block(s)
OBL axis correction: block 5 variable 0 shoots under axis limit of 1 to -2.201e+06
OBL axis correction applied 1 time(s) 
csr_matrix_base::write_matrix_to_file will be deprecated in the future.
	 #2 (2.5537e+06, 4.4362e+12): lin 1 (0.0e+00)
Composition correction applied in 2 block(s)
OBL axis correction: block 5 variable 0 shoots over axis limit of 1000 to 2.15821e+08
OBL axis correction applied 1 time(s) 
csr_matrix_base::write_matrix_to_file will be deprecated in the future.
	 #3 (2.5563e+06, 4.6168e+13): lin 1 (0.0e+00)
Composition correction applied in 2 block(s)
OBL axis correction: block 5 variable 0 shoots under axis limit of 1 to -2.2674e+09
OBL axis correction applied 1 time(s) 
csr_matrix_base::write_matrix_to_file will be deprecated in the future.
	 #4 (3.1253e+06, 5.8736e+12): lin 1 (0.0e+00)
Composition correction applied in 2 block(s)
OBL axis correction: block 5 variable 0 shoots over axis limit of 1000 to 2.84879e+08
OBL axis correction applied 1 time(s) 
csr_matrix_base::write_matrix_to_file will be deprecated in the future.
	 #5 (2.9899e+06, 4.4674e+13): lin 1 (0.0e+00)
Composition correction applied in 2 block(s)
OBL axis correction: block 5 variable 0 shoots under axis limit of 1 to -2.19406e+09
OBL axis correction applied 1 time(s) 
csr_matrix_base::write_matrix_to_file will be deprecated in the future.
	 #6 (4.2804e+06, 7.2177e+12): lin 1 (0.0e+00)
Composition correction applied in 2 block(s)
OBL axis correction: block 5 variable 0 shoots over axis limit of 1000 to 3.49087e+08
OBL axis correction applied 1 time(s) 
csr_matrix_base::write_matrix_to_file will be deprecated in the future.
	 #7 (4.0401e+06, 4.3285e+13): lin 1 (0.0e+00)
Composition correction applied in 2 block(s)
OBL axis correction: block 5 variable 0 shoots under axis limit of 1 to -2.12588e+09
OBL axis correction applied 1 time(s) 
csr_matrix_base::write_matrix_to_file will be deprecated in the future.
	 #8 (5.5801e+06, 8.4737e+12): lin 1 (0.0e+00)
Composition correction applied in 2 block(s)
OBL axis correction: block 5 variable 0 shoots over axis limit of 1000 to 4.08773e+08
OBL axis correction applied 1 time(s) 
csr_matrix_base::write_matrix_to_file will be deprecated in the future.
	 #9 (5.2632e+06, 4.1995e+13): lin 1 (0.0e+00)
Composition correction applied in 2 block(s)
OBL axis correction: block 5 variable 0 shoots under axis limit of 1 to -2.06252e+09
OBL axis correction applied 1 time(s) 
csr_matrix_base::write_matrix_to_file will be deprecated in the future.
	 #10 (6.8786e+06, 9.6468e+12): lin 1 (0.0e+00)
Composition correction applied in 2 block(s)
OBL axis correction: block 5 variable 0 shoots over axis limit of 1000 to 4.64245e+08
OBL axis correction applied 1 time(s) 
csr_matrix_base::write_matrix_to_file will be deprecated in the future.
FAILED TO CONVERGE WITH DT = 0.000 (newton residual reservoir) 
csr_matrix_base::write_matrix_to_file will be deprecated in the future.
	 #1 (3.3526e-04, 1.5564e+06): lin 1 (0.0e+00)
Composition correction applied in 5 block(s)
csr_matrix_base::write_matrix_to_file will be deprecated in the future.
	 #2 (5.7595e-08, 1.4789e+02): lin 1 (0.0e+00)
Composition correction applied in 5 block(s)
csr_matrix_base::write_matrix_to_file will be deprecated in the future.
	 #3 (1.1284e-15, 1.0021e-02): lin 1 (0.0e+00)
Composition correction applied in 5 block(s)
csr_matrix_base::write_matrix_to_file will be deprecated in the future.
	 #4 (4.7324e-17, 1.0025e-02): lin 1 (0.0e+00)
Composition correction applied in 5 block(s)
csr_matrix_base::write_matrix_to_file will be deprecated in the future.
	 #5 (4.8108e-17, 1.0025e-02): lin 1 (0.0e+00)
Composition correction applied in 5 block(s)
csr_matrix_base::write_matrix_to_file will be deprecated in the future.
	 #6 (4.5572e-17, 1.0025e-02): lin 1 (0.0e+00)
Composition correction applied in 5 block(s)
csr_matrix_base::write_matrix_to_file will be deprecated in the future.
	 #7 (4.5486e-17, 1.0025e-02): lin 1 (0.0e+00)
Composition correction applied in 5 block(s)
csr_matrix_base::write_matrix_to_file will be deprecated in the future.
	 #8 (4.5444e-17, 1.0025e-02): lin 1 (0.0e+00)
Composition correction applied in 5 block(s)
csr_matrix_base::write_matrix_to_file will be deprecated in the future.
	 #9 (4.8108e-17, 1.0025e-02): lin 1 (0.0e+00)
Composition correction applied in 5 block(s)
csr_matrix_base::write_matrix_to_file will be deprecated in the future.
	 #10 (4.7324e-17, 1.0025e-02): lin 1 (0.0e+00)
Composition correction applied in 5 block(s)
csr_matrix_base::write_matrix_to_file will be deprecated in the future.
FAILED TO CONVERGE WITH DT = 0.000 (newton residual wells) 
csr_matrix_base::write_matrix_to_file will be deprecated in the future.
	 #1 (6.3855e+05, 1.1659e+10): lin 1 (0.0e+00)
Composition correction applied in 2 block(s)
OBL axis correction: block 5 variable 0 shoots under axis limit of 1 to -2.201e+06
OBL axis correction applied 1 time(s) 
csr_matrix_base::write_matrix_to_file will be deprecated in the future.
	 #2 (6.3852e+05, 1.1088e+12): lin 1 (0.0e+00)
Composition correction applied in 2 block(s)
OBL axis correction: block 5 variable 0 shoots over axis limit of 1000 to 2.15765e+08
OBL axis correction applied 1 time(s) 
csr_matrix_base::write_matrix_to_file will be deprecated in the future.
	 #3 (6.3835e+05, 1.1511e+13): lin 1 (0.0e+00)
Composition correction applied in 2 block(s)
OBL axis correction: block 5 variable 0 shoots under axis limit of 1 to -2.2614e+09
OBL axis correction applied 1 time(s) 
csr_matrix_base::write_matrix_to_file will be deprecated in the future.
	 #4 (6.4994e+05, 1.1981e+12): lin 1 (0.0e+00)
Composition correction applied in 2 block(s)
OBL axis correction: block 5 variable 0 shoots over axis limit of 1000 to 2.3298e+08
OBL axis correction applied 1 time(s) 
csr_matrix_base::write_matrix_to_file will be deprecated in the future.
	 #5 (6.4768e+05, 1.1416e+13): lin 1 (0.0e+00)
Composition correction applied in 2 block(s)
OBL axis correction: block 5 variable 0 shoots under axis limit of 1 to -2.24263e+09
OBL axis correction applied 1 time(s) 
csr_matrix_base::write_matrix_to_file will be deprecated in the future.
	 #6 (6.7818e+05, 1.2861e+12): lin 1 (0.0e+00)
Composition correction applied in 2 block(s)
OBL axis correction: block 5 variable 0 shoots over axis limit of 1000 to 2.49888e+08
OBL axis correction applied 1 time(s) 
csr_matrix_base::write_matrix_to_file will be deprecated in the future.
	 #7 (6.7374e+05, 1.1322e+13): lin 1 (0.0e+00)
Composition correction applied in 2 block(s)
OBL axis correction: block 5 variable 0 shoots under axis limit of 1 to -2.22419e+09
OBL axis correction applied 1 time(s) 
csr_matrix_base::write_matrix_to_file will be deprecated in the future.
	 #8 (7.2048e+05, 1.3725e+12): lin 1 (0.0e+00)
Composition correction applied in 2 block(s)
OBL axis correction: block 5 variable 0 shoots over axis limit of 1000 to 2.66496e+08
OBL axis correction applied 1 time(s) 
csr_matrix_base::write_matrix_to_file will be deprecated in the future.
	 #9 (7.1392e+05, 1.1230e+13): lin 1 (0.0e+00)
Composition correction applied in 2 block(s)
OBL axis correction: block 5 variable 0 shoots under axis limit of 1 to -2.20608e+09
OBL axis correction applied 1 time(s) 
csr_matrix_base::write_matrix_to_file will be deprecated in the future.
	 #10 (7.7383e+05, 1.4576e+12): lin 1 (0.0e+00)
Composition correction applied in 2 block(s)
OBL axis correction: block 5 variable 0 shoots over axis limit of 1000 to 2.82808e+08
OBL axis correction applied 1 time(s) 
csr_matrix_base::write_matrix_to_file will be deprecated in the future.
FAILED TO CONVERGE WITH DT = 0.000 (newton residual reservoir) 
csr_matrix_base::write_matrix_to_file will be deprecated in the future.
	 #1 (1.6763e-04, 1.5564e+06): lin 1 (0.0e+00)
Composition correction applied in 5 block(s)
csr_matrix_base::write_matrix_to_file will be deprecated in the future.
	 #2 (1.4393e-08, 1.4789e+02): lin 1 (0.0e+00)
Composition correction applied in 5 block(s)
csr_matrix_base::write_matrix_to_file will be deprecated in the future.
	 #3 (1.4005e-16, 5.0140e-03): lin 1 (0.0e+00)
Composition correction applied in 5 block(s)
csr_matrix_base::write_matrix_to_file will be deprecated in the future.
	 #4 (7.9058e-17, 5.0150e-03): lin 1 (0.0e+00)
Composition correction applied in 5 block(s)
csr_matrix_base::write_matrix_to_file will be deprecated in the future.
	 #5 (1.3032e-16, 5.0150e-03): lin 1 (0.0e+00)
Composition correction applied in 5 block(s)
csr_matrix_base::write_matrix_to_file will be deprecated in the future.
	 #6 (1.3998e-16, 5.0150e-03): lin 1 (0.0e+00)
Composition correction applied in 5 block(s)
csr_matrix_base::write_matrix_to_file will be deprecated in the future.
	 #7 (7.8992e-17, 5.0150e-03): lin 1 (0.0e+00)
Composition correction applied in 5 block(s)
csr_matrix_base::write_matrix_to_file will be deprecated in the future.
	 #8 (4.9941e-17, 5.0150e-03): lin 1 (0.0e+00)
Composition correction applied in 5 block(s)
csr_matrix_base::write_matrix_to_file will be deprecated in the future.
	 #9 (1.3032e-16, 5.0150e-03): lin 1 (0.0e+00)
Composition correction applied in 5 block(s)
csr_matrix_base::write_matrix_to_file will be deprecated in the future.
	 #10 (1.3998e-16, 5.0150e-03): lin 1 (0.0e+00)
Composition correction applied in 5 block(s)
csr_matrix_base::write_matrix_to_file will be deprecated in the future.
FAILED TO CONVERGE WITH DT = 0.000 (newton residual wells) 
csr_matrix_base::write_matrix_to_file will be deprecated in the future.
	 #1 (1.5964e+05, 2.9148e+09): lin 1 (0.0e+00)
Composition correction applied in 2 block(s)
OBL axis correction: block 5 variable 0 shoots under axis limit of 1 to -2.201e+06
OBL axis correction applied 1 time(s) 
csr_matrix_base::write_matrix_to_file will be deprecated in the future.
	 #2 (1.5964e+05, 2.7717e+11): lin 1 (0.0e+00)
Composition correction applied in 2 block(s)
OBL axis correction: block 5 variable 0 shoots over axis limit of 1000 to 2.15751e+08
OBL axis correction applied 1 time(s) 
csr_matrix_base::write_matrix_to_file will be deprecated in the future.
	 #3 (1.5962e+05, 2.8760e+12): lin 1 (0.0e+00)
Composition correction applied in 2 block(s)
OBL axis correction: block 5 variable 0 shoots under axis limit of 1 to -2.2599e+09
OBL axis correction applied 1 time(s) 
csr_matrix_base::write_matrix_to_file will be deprecated in the future.
	 #4 (1.5992e+05, 2.8275e+11): lin 1 (0.0e+00)
Composition correction applied in 2 block(s)
OBL axis correction: block 5 variable 0 shoots over axis limit of 1000 to 2.20052e+08
OBL axis correction applied 1 time(s) 
csr_matrix_base::write_matrix_to_file will be deprecated in the future.
	 #5 (1.5987e+05, 2.8700e+12): lin 1 (0.0e+00)
Composition correction applied in 2 block(s)
OBL axis correction: block 5 variable 0 shoots under axis limit of 1 to -2.25518e+09
OBL axis correction applied 1 time(s) 
csr_matrix_base::write_matrix_to_file will be deprecated in the future.
	 #6 (1.6049e+05, 2.8831e+11): lin 1 (0.0e+00)
Composition correction applied in 2 block(s)
OBL axis correction: block 5 variable 0 shoots over axis limit of 1000 to 2.24333e+08
OBL axis correction applied 1 time(s) 
csr_matrix_base::write_matrix_to_file will be deprecated in the future.
	 #7 (1.6041e+05, 2.8640e+12): lin 1 (0.0e+00)
Composition correction applied in 2 block(s)
OBL axis correction: block 5 variable 0 shoots under axis limit of 1 to -2.25049e+09
OBL axis correction applied 1 time(s) 
csr_matrix_base::write_matrix_to_file will be deprecated in the future.
	 #8 (1.6133e+05, 2.9384e+11): lin 1 (0.0e+00)
Composition correction applied in 2 block(s)
OBL axis correction: block 5 variable 0 shoots over axis limit of 1000 to 2.28595e+08
OBL axis correction applied 1 time(s) 
csr_matrix_base::write_matrix_to_file will be deprecated in the future.
	 #9 (1.6122e+05, 2.8580e+12): lin 1 (0.0e+00)
Composition correction applied in 2 block(s)
OBL axis correction: block 5 variable 0 shoots under axis limit of 1 to -2.24581e+09
OBL axis correction applied 1 time(s) 
csr_matrix_base::write_matrix_to_file will be deprecated in the future.
	 #10 (1.6245e+05, 2.9935e+11): lin 1 (0.0e+00)
Composition correction applied in 2 block(s)
OBL axis correction: block 5 variable 0 shoots over axis limit of 1000 to 2.32839e+08
OBL axis correction applied 1 time(s) 
csr_matrix_base::write_matrix_to_file will be deprecated in the future.
FAILED TO CONVERGE WITH DT = 0.000 (newton residual reservoir) 
csr_matrix_base::write_matrix_to_file will be deprecated in the future.
	 #1 (8.3816e-05, 1.5564e+06): lin 1 (0.0e+00)
Composition correction applied in 5 block(s)
csr_matrix_base::write_matrix_to_file will be deprecated in the future.
	 #2 (3.5974e-09, 1.4789e+02): lin 1 (0.0e+00)
Composition correction applied in 5 block(s)
csr_matrix_base::write_matrix_to_file will be deprecated in the future.
	 #3 (5.8948e-17, 2.5079e-03): lin 1 (0.0e+00)
Composition correction applied in 5 block(s)
csr_matrix_base::write_matrix_to_file will be deprecated in the future.
	 #4 (7.2217e-17, 2.5081e-03): lin 1 (0.0e+00)
Composition correction applied in 5 block(s)
csr_matrix_base::write_matrix_to_file will be deprecated in the future.
	 #5 (1.0808e-16, 2.5081e-03): lin 1 (0.0e+00)
Composition correction applied in 5 block(s)
csr_matrix_base::write_matrix_to_file will be deprecated in the future.
	 #6 (2.3078e-17, 2.5081e-03): lin 1 (0.0e+00)
Composition correction applied in 5 block(s)
csr_matrix_base::write_matrix_to_file will be deprecated in the future.
	 #7 (2.3078e-17, 2.5081e-03): lin 1 (0.0e+00)
Composition correction applied in 5 block(s)
csr_matrix_base::write_matrix_to_file will be deprecated in the future.
	 #8 (2.3078e-17, 2.5081e-03): lin 1 (0.0e+00)
Composition correction applied in 5 block(s)
csr_matrix_base::write_matrix_to_file will be deprecated in the future.
	 #9 (5.8948e-17, 2.5081e-03): lin 1 (0.0e+00)
Composition correction applied in 5 block(s)
csr_matrix_base::write_matrix_to_file will be deprecated in the future.
	 #10 (7.2239e-17, 2.5081e-03): lin 1 (0.0e+00)
Composition correction applied in 5 block(s)
csr_matrix_base::write_matrix_to_file will be deprecated in the future.
FAILED TO CONVERGE WITH DT = 0.000 (newton residual wells) 
csr_matrix_base::write_matrix_to_file will be deprecated in the future.
	 #1 (3.9909e+04, 7.2870e+08): lin 1 (0.0e+00)
Composition correction applied in 2 block(s)
OBL axis correction: block 5 variable 0 shoots under axis limit of 1 to -2.201e+06
OBL axis correction applied 1 time(s) 
csr_matrix_base::write_matrix_to_file will be deprecated in the future.
	 #2 (3.9909e+04, 6.9293e+10): lin 1 (0.0e+00)
Composition correction applied in 2 block(s)
OBL axis correction: block 5 variable 0 shoots over axis limit of 1000 to 2.15748e+08
OBL axis correction applied 1 time(s) 
csr_matrix_base::write_matrix_to_file will be deprecated in the future.
	 #3 (3.9908e+04, 7.1887e+11): lin 1 (0.0e+00)
Composition correction applied in 2 block(s)
OBL axis correction: block 5 variable 0 shoots under axis limit of 1 to -2.25953e+09
OBL axis correction applied 1 time(s) 
csr_matrix_base::write_matrix_to_file will be deprecated in the future.
	 #4 (3.9920e+04, 6.9641e+10): lin 1 (0.0e+00)
Composition correction applied in 2 block(s)
OBL axis correction: block 5 variable 0 shoots over axis limit of 1000 to 2.16823e+08
OBL axis correction applied 1 time(s) 
csr_matrix_base::write_matrix_to_file will be deprecated in the future.
	 #5 (3.9919e+04, 7.1850e+11): lin 1 (0.0e+00)
Composition correction applied in 2 block(s)
OBL axis correction: block 5 variable 0 shoots under axis limit of 1 to -2.25835e+09
OBL axis correction applied 1 time(s) 
csr_matrix_base::write_matrix_to_file will be deprecated in the future.
	 #6 (3.9936e+04, 6.9989e+10): lin 1 (0.0e+00)
Composition correction applied in 2 block(s)
OBL axis correction: block 5 variable 0 shoots over axis limit of 1000 to 2.17896e+08
OBL axis correction applied 1 time(s) 
csr_matrix_base::write_matrix_to_file will be deprecated in the future.
	 #7 (3.9934e+04, 7.1812e+11): lin 1 (0.0e+00)
Composition correction applied in 2 block(s)
OBL axis correction: block 5 variable 0 shoots under axis limit of 1 to -2.25717e+09
OBL axis correction applied 1 time(s) 
csr_matrix_base::write_matrix_to_file will be deprecated in the future.
	 #8 (3.9956e+04, 7.0337e+10): lin 1 (0.0e+00)
Composition correction applied in 2 block(s)
OBL axis correction: block 5 variable 0 shoots over axis limit of 1000 to 2.18969e+08
OBL axis correction applied 1 time(s) 
csr_matrix_base::write_matrix_to_file will be deprecated in the future.
	 #9 (3.9953e+04, 7.1775e+11): lin 1 (0.0e+00)
Composition correction applied in 2 block(s)
OBL axis correction: block 5 variable 0 shoots under axis limit of 1 to -2.25599e+09
OBL axis correction applied 1 time(s) 
csr_matrix_base::write_matrix_to_file will be deprecated in the future.
	 #10 (3.9980e+04, 7.0685e+10): lin 1 (0.0e+00)
Composition correction applied in 2 block(s)
OBL axis correction: block 5 variable 0 shoots over axis limit of 1000 to 2.2004e+08
OBL axis correction applied 1 time(s) 
csr_matrix_base::write_matrix_to_file will be deprecated in the future.
FAILED TO CONVERGE WITH DT = 0.000 (newton residual reservoir) 
csr_matrix_base::write_matrix_to_file will be deprecated in the future.
	 #1 (4.1908e-05, 1.5564e+06): lin 1 (0.0e+00)
Composition correction applied in 5 block(s)
csr_matrix_base::write_matrix_to_file will be deprecated in the future.
	 #2 (8.9926e-10, 1.4789e+02): lin 1 (0.0e+00)
Composition correction applied in 5 block(s)
csr_matrix_base::write_matrix_to_file will be deprecated in the future.
	 #3 (1.3040e-16, 1.2541e-03): lin 1 (0.0e+00)
Composition correction applied in 5 block(s)
csr_matrix_base::write_matrix_to_file will be deprecated in the future.
	 #4 (1.3336e-16, 1.2542e-03): lin 1 (0.0e+00)
Composition correction applied in 5 block(s)
csr_matrix_base::write_matrix_to_file will be deprecated in the future.
	 #5 (5.7711e-17, 1.2542e-03): lin 1 (0.0e+00)
Composition correction applied in 5 block(s)
csr_matrix_base::write_matrix_to_file will be deprecated in the future.
	 #6 (5.7700e-17, 1.2542e-03): lin 1 (0.0e+00)
Composition correction applied in 5 block(s)
csr_matrix_base::write_matrix_to_file will be deprecated in the future.
	 #7 (5.7694e-17, 1.2542e-03): lin 1 (0.0e+00)
Composition correction applied in 5 block(s)
csr_matrix_base::write_matrix_to_file will be deprecated in the future.
	 #8 (4.3242e-17, 1.2542e-03): lin 1 (0.0e+00)
Composition correction applied in 5 block(s)
csr_matrix_base::write_matrix_to_file will be deprecated in the future.
	 #9 (4.6861e-17, 1.2542e-03): lin 1 (0.0e+00)
Composition correction applied in 5 block(s)
csr_matrix_base::write_matrix_to_file will be deprecated in the future.
	 #10 (1.3336e-16, 1.2542e-03): lin 1 (0.0e+00)
Composition correction applied in 5 block(s)
csr_matrix_base::write_matrix_to_file will be deprecated in the future.
FAILED TO CONVERGE WITH DT = 0.000 (newton residual wells) 
csr_matrix_base::write_matrix_to_file will be deprecated in the future.
	 #1 (9.9773e+03, 1.8218e+08): lin 1 (0.0e+00)
Composition correction applied in 2 block(s)
OBL axis correction: block 5 variable 0 shoots under axis limit of 1 to -2.201e+06
OBL axis correction applied 1 time(s) 
csr_matrix_base::write_matrix_to_file will be deprecated in the future.
	 #2 (9.9773e+03, 1.7324e+10): lin 1 (0.0e+00)
Composition correction applied in 2 block(s)
OBL axis correction: block 5 variable 0 shoots over axis limit of 1000 to 2.15747e+08
OBL axis correction applied 1 time(s) 
csr_matrix_base::write_matrix_to_file will be deprecated in the future.
	 #3 (9.9773e+03, 1.7972e+11): lin 1 (0.0e+00)
Composition correction applied in 2 block(s)
OBL axis correction: block 5 variable 0 shoots under axis limit of 1 to -2.25944e+09
OBL axis correction applied 1 time(s) 
csr_matrix_base::write_matrix_to_file will be deprecated in the future.
	 #4 (9.9779e+03, 1.7345e+10): lin 1 (0.0e+00)
Composition correction applied in 2 block(s)
OBL axis correction: block 5 variable 0 shoots over axis limit of 1000 to 2.16015e+08
OBL axis correction applied 1 time(s) 
csr_matrix_base::write_matrix_to_file will be deprecated in the future.
	 #5 (9.9778e+03, 1.7969e+11): lin 1 (0.0e+00)
Composition correction applied in 2 block(s)
OBL axis correction: block 5 variable 0 shoots under axis limit of 1 to -2.25914e+09
OBL axis correction applied 1 time(s) 
csr_matrix_base::write_matrix_to_file will be deprecated in the future.
	 #6 (9.9786e+03, 1.7367e+10): lin 1 (0.0e+00)
Composition correction applied in 2 block(s)
OBL axis correction: block 5 variable 0 shoots over axis limit of 1000 to 2.16284e+08
OBL axis correction applied 1 time(s) 
csr_matrix_base::write_matrix_to_file will be deprecated in the future.
	 #7 (9.9785e+03, 1.7967e+11): lin 1 (0.0e+00)
Composition correction applied in 2 block(s)
OBL axis correction: block 5 variable 0 shoots under axis limit of 1 to -2.25885e+09
OBL axis correction applied 1 time(s) 
csr_matrix_base::write_matrix_to_file will be deprecated in the future.
	 #8 (9.9793e+03, 1.7389e+10): lin 1 (0.0e+00)
Composition correction applied in 2 block(s)
OBL axis correction: block 5 variable 0 shoots over axis limit of 1000 to 2.16553e+08
OBL axis correction applied 1 time(s) 
csr_matrix_base::write_matrix_to_file will be deprecated in the future.
	 #9 (9.9792e+03, 1.7965e+11): lin 1 (0.0e+00)
Composition correction applied in 2 block(s)
OBL axis correction: block 5 variable 0 shoots under axis limit of 1 to -2.25855e+09
OBL axis correction applied 1 time(s) 
csr_matrix_base::write_matrix_to_file will be deprecated in the future.
	 #10 (9.9801e+03, 1.7411e+10): lin 1 (0.0e+00)
Composition correction applied in 2 block(s)
OBL axis correction: block 5 variable 0 shoots over axis limit of 1000 to 2.16821e+08
OBL axis correction applied 1 time(s) 
csr_matrix_base::write_matrix_to_file will be deprecated in the future.
FAILED TO CONVERGE WITH DT = 0.000 (newton residual reservoir) 
csr_matrix_base::write_matrix_to_file will be deprecated in the future.
	 #1 (2.0954e-05, 1.5564e+06): lin 1 (0.0e+00)
Composition correction applied in 5 block(s)
csr_matrix_base::write_matrix_to_file will be deprecated in the future.
	 #2 (2.2480e-10, 1.4789e+02): lin 1 (0.0e+00)
Composition correction applied in 5 block(s)
csr_matrix_base::write_matrix_to_file will be deprecated in the future.
-------------------------------------------------------------------------------------------------------------
 T = 1.52588e-08, DT = 1.52588e-08, NI = 2, LI = 2, RES = 6.5e-17 (6.3e-04), CFL=0.000 (ELAPSED 00:00:01 )
-------------------------------------------------------------------------------------------------------------
csr_matrix_base::write_matrix_to_file will be deprecated in the future.
	 #1 (5.0887e-04, 5.7482e+00): lin 1 (0.0e+00)
Composition correction applied in 2 block(s)
csr_matrix_base::write_matrix_to_file will be deprecated in the future.
	 #2 (5.0887e-04, 6.4964e+00): lin 1 (0.0e+00)
Composition correction applied in 2 block(s)
csr_matrix_base::write_matrix_to_file will be deprecated in the future.
	 #3 (5.0887e-04, 6.9707e+06): lin 1 (0.0e+00)
Composition correction applied in 2 block(s)
OBL axis correction: block 5 variable 0 shoots under axis limit of 1 to -9.85799e+06
OBL axis correction applied 1 time(s) 
csr_matrix_base::write_matrix_to_file will be deprecated in the future.
FAILED TO CONVERGE WITH DT = 0.000 (newton residual reservoir) 
csr_matrix_base::write_matrix_to_file will be deprecated in the future.
	 #1 (2.2850e-05, 9.6346e-04): lin 1 (0.0e+00)
Composition correction applied in 5 block(s)
csr_matrix_base::write_matrix_to_file will be deprecated in the future.
-------------------------------------------------------------------------------------------------------------
 T = 7.62939e-09, DT = 7.62939e-09, NI = 1, LI = 1, RES = 3.2e-10 (3.1e-04), CFL=0.000 (ELAPSED 00:00:01 )
-------------------------------------------------------------------------------------------------------------
csr_matrix_base::write_matrix_to_file will be deprecated in the future.
	 #1 (8.4811e-05, 9.5705e-01): lin 1 (0.0e+00)
Composition correction applied in 2 block(s)
csr_matrix_base::write_matrix_to_file will be deprecated in the future.
	 #2 (8.4811e-05, 9.5704e-01): lin 1 (0.0e+00)
Composition correction applied in 1 block(s)
csr_matrix_base::write_matrix_to_file will be deprecated in the future.
	 #3 (8.4811e-05, 4.8047e+04): lin 1 (0.0e+00)
Composition correction applied in 1 block(s)
OBL axis correction: block 5 variable 0 shoots over axis limit of 1000 to 68044.4
OBL axis correction applied 1 time(s) 
csr_matrix_base::write_matrix_to_file will be deprecated in the future.
FAILED TO CONVERGE WITH DT = 0.000 (newton residual reservoir) 
csr_matrix_base::write_matrix_to_file will be deprecated in the future.
	 #1 (2.3799e-05, 5.7553e-04): lin 1 (0.0e+00)
Composition correction applied in 5 block(s)
csr_matrix_base::write_matrix_to_file will be deprecated in the future.
-------------------------------------------------------------------------------------------------------------
 T = 3.8147e-09, DT = 3.8147e-09, NI = 1, LI = 1, RES = 2.1e-10 (1.6e-04), CFL=0.000 (ELAPSED 00:00:01 )
-------------------------------------------------------------------------------------------------------------
csr_matrix_base::write_matrix_to_file will be deprecated in the future.
	 #1 (1.8174e-05, 2.0498e-01): lin 1 (0.0e+00)
Composition correction applied in 2 block(s)
csr_matrix_base::write_matrix_to_file will be deprecated in the future.
	 #2 (1.8174e-05, 2.0584e-01): lin 1 (0.0e+00)
Composition correction applied in 1 block(s)
csr_matrix_base::write_matrix_to_file will be deprecated in the future.
	 #3 (1.8174e-05, 4.3542e+04): lin 1 (0.0e+00)
Composition correction applied in 1 block(s)
OBL axis correction: block 5 variable 0 shoots over axis limit of 1000 to 61674.3
OBL axis correction applied 1 time(s) 
csr_matrix_base::write_matrix_to_file will be deprecated in the future.
FAILED TO CONVERGE WITH DT = 0.000 (newton residual reservoir) 
csr_matrix_base::write_matrix_to_file will be deprecated in the future.
	 #1 (2.4273e-05, 4.5471e-04): lin 1 (0.0e+00)
Composition correction applied in 5 block(s)
csr_matrix_base::write_matrix_to_file will be deprecated in the future.
-------------------------------------------------------------------------------------------------------------
 T = 1.90735e-09, DT = 1.90735e-09, NI = 1, LI = 1, RES = 1.2e-10 (7.8e-05), CFL=0.000 (ELAPSED 00:00:01 )
-------------------------------------------------------------------------------------------------------------
csr_matrix_base::write_matrix_to_file will be deprecated in the future.
	 #1 (4.2406e-06, 4.7816e-02): lin 1 (0.0e+00)
Composition correction applied in 2 block(s)
csr_matrix_base::write_matrix_to_file will be deprecated in the future.
	 #2 (4.2406e-06, 5.1266e-02): lin 1 (0.0e+00)
Composition correction applied in 1 block(s)
csr_matrix_base::write_matrix_to_file will be deprecated in the future.
	 #3 (4.2406e-06, 4.2416e+04): lin 1 (0.0e+00)
Composition correction applied in 1 block(s)
OBL axis correction: block 5 variable 0 shoots over axis limit of 1000 to 60081.8
OBL axis correction applied 1 time(s) 
csr_matrix_base::write_matrix_to_file will be deprecated in the future.
FAILED TO CONVERGE WITH DT = 0.000 (newton residual wells) 
csr_matrix_base::write_matrix_to_file will be deprecated in the future.
	 #1 (2.4510e-05, 4.3362e-04): lin 1 (0.0e+00)
Composition correction applied in 5 block(s)
csr_matrix_base::write_matrix_to_file will be deprecated in the future.
-------------------------------------------------------------------------------------------------------------
 T = 9.53674e-10, DT = 9.53674e-10, NI = 1, LI = 1, RES = 6.2e-11 (3.9e-05), CFL=0.000 (ELAPSED 00:00:01 )
-------------------------------------------------------------------------------------------------------------
csr_matrix_base::write_matrix_to_file will be deprecated in the future.
	 #1 (1.0259e-06, 1.1567e-02): lin 1 (0.0e+00)
Composition correction applied in 2 block(s)
csr_matrix_base::write_matrix_to_file will be deprecated in the future.
	 #2 (1.0259e-06, 2.1708e-02): lin 1 (0.0e+00)
Composition correction applied in 1 block(s)
csr_matrix_base::write_matrix_to_file will be deprecated in the future.
	 #3 (1.0259e-06, 4.2135e+04): lin 1 (0.0e+00)
Composition correction applied in 1 block(s)
OBL axis correction: block 5 variable 0 shoots over axis limit of 1000 to 59683.6
OBL axis correction applied 1 time(s) 
csr_matrix_base::write_matrix_to_file will be deprecated in the future.
FAILED TO CONVERGE WITH DT = 0.000 (newton residual wells) 
csr_matrix_base::write_matrix_to_file will be deprecated in the future.
	 #1 (2.4629e-05, 4.3535e-04): lin 1 (0.0e+00)
Composition correction applied in 5 block(s)
csr_matrix_base::write_matrix_to_file will be deprecated in the future.
-------------------------------------------------------------------------------------------------------------
 T = 4.76837e-10, DT = 4.76837e-10, NI = 1, LI = 1, RES = 3.2e-11 (2.0e-05), CFL=0.000 (ELAPSED 00:00:01 )
-------------------------------------------------------------------------------------------------------------
csr_matrix_base::write_matrix_to_file will be deprecated in the future.
	 #1 (2.5241e-07, 2.8456e-03): lin 1 (0.0e+00)
Composition correction applied in 2 block(s)
csr_matrix_base::write_matrix_to_file will be deprecated in the future.
	 #2 (2.5241e-07, 1.8558e-02): lin 1 (0.0e+00)
Composition correction applied in 1 block(s)
csr_matrix_base::write_matrix_to_file will be deprecated in the future.
	 #3 (2.5241e-07, 4.2064e+04): lin 1 (0.0e+00)
Composition correction applied in 1 block(s)
OBL axis correction: block 5 variable 0 shoots over axis limit of 1000 to 59584.1
OBL axis correction applied 1 time(s) 
csr_matrix_base::write_matrix_to_file will be deprecated in the future.
FAILED TO CONVERGE WITH DT = 0.000 (newton residual wells) 
csr_matrix_base::write_matrix_to_file will be deprecated in the future.
	 #1 (2.4688e-05, 4.3932e-04): lin 1 (0.0e+00)
Composition correction applied in 5 block(s)
csr_matrix_base::write_matrix_to_file will be deprecated in the future.
-------------------------------------------------------------------------------------------------------------
 T = 2.38419e-10, DT = 2.38419e-10, NI = 1, LI = 1, RES = 1.6e-11 (9.8e-06), CFL=0.000 (ELAPSED 00:00:01 )
-------------------------------------------------------------------------------------------------------------
csr_matrix_base::write_matrix_to_file will be deprecated in the future.
	 #1 (6.2607e-08, 7.0578e-04): lin 1 (0.0e+00)
Composition correction applied in 2 block(s)
csr_matrix_base::write_matrix_to_file will be deprecated in the future.
	 #2 (6.2607e-08, 1.8344e-02): lin 1 (0.0e+00)
Composition correction applied in 1 block(s)
csr_matrix_base::write_matrix_to_file will be deprecated in the future.
	 #3 (6.2607e-08, 4.2047e+04): lin 1 (0.0e+00)
Composition correction applied in 1 block(s)
OBL axis correction: block 5 variable 0 shoots over axis limit of 1000 to 59559.2
OBL axis correction applied 1 time(s) 
csr_matrix_base::write_matrix_to_file will be deprecated in the future.
FAILED TO CONVERGE WITH DT = 0.000 (newton residual wells) 
csr_matrix_base::write_matrix_to_file will be deprecated in the future.
	 #1 (2.4718e-05, 4.4206e-04): lin 1 (0.0e+00)
Composition correction applied in 5 block(s)
csr_matrix_base::write_matrix_to_file will be deprecated in the future.
-------------------------------------------------------------------------------------------------------------
 T = 1.19209e-10, DT = 1.19209e-10, NI = 1, LI = 1, RES = 8.2e-12 (4.9e-06), CFL=0.000 (ELAPSED 00:00:01 )
-------------------------------------------------------------------------------------------------------------
csr_matrix_base::write_matrix_to_file will be deprecated in the future.
	 #1 (1.5590e-08, 4.4356e-04): lin 1 (0.0e+00)
Composition correction applied in 2 block(s)
csr_matrix_base::write_matrix_to_file will be deprecated in the future.
	 #2 (1.5590e-08, 1.8330e-02): lin 1 (0.0e+00)
Composition correction applied in 1 block(s)
csr_matrix_base::write_matrix_to_file will be deprecated in the future.
	 #3 (1.5590e-08, 4.2042e+04): lin 1 (0.0e+00)
Composition correction applied in 1 block(s)
OBL axis correction: block 5 variable 0 shoots over axis limit of 1000 to 59553
OBL axis correction applied 1 time(s) 
csr_matrix_base::write_matrix_to_file will be deprecated in the future.
FAILED TO CONVERGE WITH DT = 0.000 (newton residual wells) 
csr_matrix_base::write_matrix_to_file will be deprecated in the future.
	 #1 (2.4733e-05, 4.4362e-04): lin 1 (0.0e+00)
Composition correction applied in 5 block(s)
csr_matrix_base::write_matrix_to_file will be deprecated in the future.
-------------------------------------------------------------------------------------------------------------
 T = 5.96046e-11, DT = 5.96046e-11, NI = 1, LI = 1, RES = 4.1e-12 (2.4e-06), CFL=0.000 (ELAPSED 00:00:01 )
-------------------------------------------------------------------------------------------------------------
csr_matrix_base::write_matrix_to_file will be deprecated in the future.
	 #1 (3.8899e-09, 4.4443e-04): lin 1 (0.0e+00)
Composition correction applied in 2 block(s)
csr_matrix_base::write_matrix_to_file will be deprecated in the future.
	 #2 (3.8899e-09, 1.8328e-02): lin 1 (0.0e+00)
Composition correction applied in 1 block(s)
csr_matrix_base::write_matrix_to_file will be deprecated in the future.
	 #3 (3.8899e-09, 4.2041e+04): lin 1 (0.0e+00)
Composition correction applied in 1 block(s)
OBL axis correction: block 5 variable 0 shoots over axis limit of 1000 to 59551.4
OBL axis correction applied 1 time(s) 
csr_matrix_base::write_matrix_to_file will be deprecated in the future.
FAILED TO CONVERGE WITH DT = 0.000 (newton residual wells) 
csr_matrix_base::write_matrix_to_file will be deprecated in the future.
	 #1 (2.4740e-05, 4.4444e-04): lin 1 (0.0e+00)
Composition correction applied in 5 block(s)
csr_matrix_base::write_matrix_to_file will be deprecated in the future.
-------------------------------------------------------------------------------------------------------------
 T = 2.98023e-11, DT = 2.98023e-11, NI = 1, LI = 1, RES = 2.1e-12 (1.2e-06), CFL=0.000 (ELAPSED 00:00:01 )
-------------------------------------------------------------------------------------------------------------
csr_matrix_base::write_matrix_to_file will be deprecated in the future.
	 #1 (9.7154e-10, 4.4486e-04): lin 1 (0.0e+00)
Composition correction applied in 2 block(s)
csr_matrix_base::write_matrix_to_file will be deprecated in the future.
	 #2 (9.7154e-10, 1.8328e-02): lin 1 (0.0e+00)
Composition correction applied in 1 block(s)
csr_matrix_base::write_matrix_to_file will be deprecated in the future.
	 #3 (9.7154e-10, 4.2041e+04): lin 1 (0.0e+00)
Composition correction applied in 1 block(s)
OBL axis correction: block 5 variable 0 shoots over axis limit of 1000 to 59551
OBL axis correction applied 1 time(s) 
csr_matrix_base::write_matrix_to_file will be deprecated in the future.
FAILED TO CONVERGE WITH DT = 0.000 (newton residual wells) 
csr_matrix_base::write_matrix_to_file will be deprecated in the future.
	 #1 (2.4744e-05, 4.4487e-04): lin 1 (0.0e+00)
Composition correction applied in 5 block(s)
csr_matrix_base::write_matrix_to_file will be deprecated in the future.
-------------------------------------------------------------------------------------------------------------
 T = 1.49012e-11, DT = 1.49012e-11, NI = 1, LI = 1, RES = 1.0e-12 (6.1e-07), CFL=0.000 (ELAPSED 00:00:01 )
-------------------------------------------------------------------------------------------------------------
csr_matrix_base::write_matrix_to_file will be deprecated in the future.
	 #1 (2.4277e-10, 4.4508e-04): lin 1 (0.0e+00)
Composition correction applied in 2 block(s)
csr_matrix_base::write_matrix_to_file will be deprecated in the future.
	 #2 (2.4277e-10, 1.8328e-02): lin 1 (0.0e+00)
Composition correction applied in 1 block(s)
csr_matrix_base::write_matrix_to_file will be deprecated in the future.
	 #3 (2.4277e-10, 4.2041e+04): lin 1 (0.0e+00)
Composition correction applied in 1 block(s)
OBL axis correction: block 5 variable 0 shoots over axis limit of 1000 to 59550.9
OBL axis correction applied 1 time(s) 
csr_matrix_base::write_matrix_to_file will be deprecated in the future.
FAILED TO CONVERGE WITH DT = 0.000 (newton residual wells) 
csr_matrix_base::write_matrix_to_file will be deprecated in the future.
	 #1 (2.4746e-05, 4.4508e-04): lin 1 (0.0e+00)
Composition correction applied in 5 block(s)
csr_matrix_base::write_matrix_to_file will be deprecated in the future.
-------------------------------------------------------------------------------------------------------------
 T = 7.45058e-12, DT = 7.45058e-12, NI = 1, LI = 1, RES = 5.1e-13 (3.1e-07), CFL=0.000 (ELAPSED 00:00:01 )
-------------------------------------------------------------------------------------------------------------
csr_matrix_base::write_matrix_to_file will be deprecated in the future.
	 #1 (6.0676e-11, 4.4519e-04): lin 1 (0.0e+00)
Composition correction applied in 2 block(s)
csr_matrix_base::write_matrix_to_file will be deprecated in the future.
	 #2 (6.0676e-11, 1.8328e-02): lin 1 (0.0e+00)
Composition correction applied in 1 block(s)
csr_matrix_base::write_matrix_to_file will be deprecated in the future.
	 #3 (6.0676e-11, 4.2041e+04): lin 1 (0.0e+00)
Composition correction applied in 1 block(s)
OBL axis correction: block 5 variable 0 shoots over axis limit of 1000 to 59550.9
OBL axis correction applied 1 time(s) 
csr_matrix_base::write_matrix_to_file will be deprecated in the future.
FAILED TO CONVERGE WITH DT = 0.000 (newton residual wells) 
csr_matrix_base::write_matrix_to_file will be deprecated in the future.
	 #1 (2.4747e-05, 4.4519e-04): lin 1 (0.0e+00)
Composition correction applied in 5 block(s)
csr_matrix_base::write_matrix_to_file will be deprecated in the future.
-------------------------------------------------------------------------------------------------------------
 T = 3.72529e-12, DT = 3.72529e-12, NI = 1, LI = 1, RES = 2.6e-13 (1.5e-07), CFL=0.000 (ELAPSED 00:00:01 )
-------------------------------------------------------------------------------------------------------------
csr_matrix_base::write_matrix_to_file will be deprecated in the future.
	 #1 (1.5167e-11, 4.4524e-04): lin 1 (0.0e+00)
Composition correction applied in 2 block(s)
csr_matrix_base::write_matrix_to_file will be deprecated in the future.
	 #2 (1.5167e-11, 1.8328e-02): lin 1 (0.0e+00)
Composition correction applied in 1 block(s)
csr_matrix_base::write_matrix_to_file will be deprecated in the future.
	 #3 (1.5167e-11, 4.2041e+04): lin 1 (0.0e+00)
Composition correction applied in 1 block(s)
OBL axis correction: block 5 variable 0 shoots over axis limit of 1000 to 59550.9
OBL axis correction applied 1 time(s) 
csr_matrix_base::write_matrix_to_file will be deprecated in the future.
FAILED TO CONVERGE WITH DT = 0.000 (newton residual wells) 
csr_matrix_base::write_matrix_to_file will be deprecated in the future.
	 #1 (2.4747e-05, 4.4524e-04): lin 1 (0.0e+00)
Composition correction applied in 5 block(s)
csr_matrix_base::write_matrix_to_file will be deprecated in the future.
-------------------------------------------------------------------------------------------------------------
 T = 1.86265e-12, DT = 1.86265e-12, NI = 1, LI = 1, RES = 1.3e-13 (7.7e-08), CFL=0.000 (ELAPSED 00:00:01 )
-------------------------------------------------------------------------------------------------------------

Total steps 0 (30) newton 0 (195) linear 0 (209)
---OBL Statistics---
Number of operators: 34
Number of points: 101
Number of interpolations: 40800 
Number of points used: 496 (0.000%)
Total elapsed 2.676000 sec
	jacobian assembly 2.509000 sec
		interpolation 1.837000 sec
			property 0 interpolation 0.000000 sec
			reservoir 0 interpolation 2.997000 sec
				body generation 2.981000 sec
					point generation 2.979000 sec
			well controls interpolation 0.014000 sec
				body generation 0.012000 sec
					point generation 0.012000 sec
			wellbore interpolation 0.946000 sec
				body generation 0.940000 sec
					point generation 0.939000 sec
	linear solver setup 0.000000 sec
		SUPERLU 0.001000 sec
	linear solver solve 0.022000 sec
		SUPERLU 0.026000 sec
	newton update 0.000000 sec
		composition correction 0.008000 sec
