$MeshFormat
2.2 0 8
$EndMeshFormat
$Nodes
9261
1 0 0 0
2 200 0 0
3 800 0 0
4 1000 0 0
5 0 200 0
6 200 200 0
7 800 200 0
8 1000 200 0
9 0 800 0
10 200 800 0
11 800 800 0
12 1000 800 0
13 0 1000 0
14 200 1000 0
15 800 1000 0
16 1000 1000 0
17 0 0 785.9259966289427
18 200 0 1071.555597977366
19 800 0 1928.444402022634
20 1000 0 2214.074003371057
21 0 200 785.9259966289427
22 200 200 1071.555597977366
23 800 200 1928.444402022634
24 1000 200 2214.074003371057
25 0 800 785.9259966289427
26 200 800 1071.555597977366
27 800 800 1928.444402022634
28 1000 800 2214.074003371057
29 0 1000 785.9259966289427
30 200 1000 1071.555597977366
31 800 1000 1928.444402022634
32 1000 1000 2214.074003371057
33 0 0 3000
34 200 0 3000
35 800 0 3000
36 1000 0 3000
37 0 200 3000
38 200 200 3000
39 800 200 3000
40 1000 200 3000
41 0 800 3000
42 200 800 3000
43 800 800 3000
44 1000 800 3000
45 0 1000 3000
46 200 1000 3000
47 800 1000 3000
48 1000 1000 3000
49 49.99999999977625 0 0
50 99.99999999964729 0 0
51 149.9999999997265 0 0
52 249.9999999998197 0 0
53 299.9999999998577 0 0
54 349.9999999999143 0 0
55 399.9999999999707 0 0
56 450.0000000000271 0 0
57 499.9999999996728 0 0
58 549.9999999997181 0 0
59 599.9999999997744 0 0
60 649.9999999998308 0 0
61 699.9999999998872 0 0
62 749.9999999999436 0 0
63 850 0 0
64 900 0 0
65 950 0 0
66 49.99999999977625 200 0
67 99.99999999964729 200 0
68 149.9999999997265 200 0
69 249.9999999998197 200 0
70 299.9999999998577 200 0
71 349.9999999999143 200 0
72 399.9999999999707 200 0
73 450.0000000000271 200 0
74 499.9999999996728 200 0
75 549.9999999997181 200 0
76 599.9999999997744 200 0
77 649.9999999998308 200 0
78 699.9999999998872 200 0
79 749.9999999999436 200 0
80 850 200 0
81 900 200 0
82 950 200 0
83 49.99999999977625 800 0
84 99.99999999964729 800 0
85 149.9999999997265 800 0
86 249.9999999998197 800 0
87 299.9999999998577 800 0
88 349.9999999999143 800 0
89 399.9999999999707 800 0
90 450.0000000000271 800 0
91 499.9999999996728 800 0
92 549.9999999997181 800 0
93 599.9999999997744 800 0
94 649.9999999998308 800 0
95 699.9999999998872 800 0
96 749.9999999999436 800 0
97 850 800 0
98 900 800 0
99 950 800 0
100 49.99999999977625 1000 0
101 99.99999999964729 1000 0
102 149.9999999997265 1000 0
103 249.9999999998197 1000 0
104 299.9999999998577 1000 0
105 349.9999999999143 1000 0
106 399.9999999999707 1000 0
107 450.0000000000271 1000 0
108 499.9999999996728 1000 0
109 549.9999999997181 1000 0
110 599.9999999997744 1000 0
111 649.9999999998308 1000 0
112 699.9999999998872 1000 0
113 749.9999999999436 1000 0
114 850 1000 0
115 900 1000 0
116 950 1000 0
117 49.99999999983778 0 857.3333969658167
118 99.9999999997797 0 928.7407973028395
119 149.9999999998318 0 1000.14819764002
120 249.9999999998607 0 1142.962998314272
121 299.999999999842 0 1214.370398651351
122 349.9999999997319 0 1285.7777989883
123 399.9999999996497 0 1357.185199325288
124 449.9999999996023 0 1428.592599662326
125 499.9999999993919 0 1499.999999999131
126 549.999999999438 0 1571.407400336303
127 599.9999999995088 0 1642.81480067351
128 649.999999999642 0 1714.222201010806
129 699.9999999997683 0 1785.629601348092
130 749.9999999999294 0 1857.037001685428
131 849.999999999927 0 1999.851802359636
132 899.9999999997287 0 2071.259202696458
133 949.9999999998852 0 2142.666603033787
134 49.99999999983778 200 857.3333969658167
135 99.9999999997797 200 928.7407973028395
136 149.9999999998318 200 1000.14819764002
137 249.9999999998607 200 1142.962998314272
138 299.999999999842 200 1214.370398651351
139 349.9999999997319 200 1285.7777989883
140 399.9999999996497 200 1357.185199325288
141 449.9999999996023 200 1428.592599662326
142 499.9999999993919 200 1499.999999999131
143 549.999999999438 200 1571.407400336303
144 599.9999999995088 200 1642.81480067351
145 649.999999999642 200 1714.222201010806
146 699.9999999997683 200 1785.629601348092
147 749.9999999999294 200 1857.037001685428
148 849.999999999927 200 1999.851802359636
149 899.9999999997287 200 2071.259202696458
150 949.9999999998852 200 2142.666603033787
151 49.99999999983778 800 857.3333969658167
152 99.9999999997797 800 928.7407973028395
153 149.9999999998318 800 1000.14819764002
154 249.9999999998607 800 1142.962998314272
155 299.999999999842 800 1214.370398651351
156 349.9999999997319 800 1285.7777989883
157 399.9999999996497 800 1357.185199325288
158 449.9999999996023 800 1428.592599662326
159 499.9999999993919 800 1499.999999999131
160 549.999999999438 800 1571.407400336303
161 599.9999999995088 800 1642.81480067351
162 649.999999999642 800 1714.222201010806
163 699.9999999997683 800 1785.629601348092
164 749.9999999999294 800 1857.037001685428
165 849.999999999927 800 1999.851802359636
166 899.9999999997287 800 2071.259202696458
167 949.9999999998852 800 2142.666603033787
168 49.99999999983778 1000 857.3333969658167
169 99.9999999997797 1000 928.7407973028395
170 149.9999999998318 1000 1000.14819764002
171 249.9999999998607 1000 1142.962998314272
172 299.999999999842 1000 1214.370398651351
173 349.9999999997319 1000 1285.7777989883
174 399.9999999996497 1000 1357.185199325288
175 449.9999999996023 1000 1428.592599662326
176 499.9999999993919 1000 1499.999999999131
177 549.999999999438 1000 1571.407400336303
178 599.9999999995088 1000 1642.81480067351
179 649.999999999642 1000 1714.222201010806
180 699.9999999997683 1000 1785.629601348092
181 749.9999999999294 1000 1857.037001685428
182 849.999999999927 1000 1999.851802359636
183 899.9999999997287 1000 2071.259202696458
184 949.9999999998852 1000 2142.666603033787
185 49.99999999977625 0 3000
186 99.99999999964729 0 3000
187 149.9999999997265 0 3000
188 249.9999999998197 0 3000
189 299.9999999998577 0 3000
190 349.9999999999143 0 3000
191 399.9999999999707 0 3000
192 450.0000000000271 0 3000
193 499.9999999996728 0 3000
194 549.9999999997181 0 3000
195 599.9999999997744 0 3000
196 649.9999999998308 0 3000
197 699.9999999998872 0 3000
198 749.9999999999436 0 3000
199 850 0 3000
200 900 0 3000
201 950 0 3000
202 49.99999999977625 200 3000
203 99.99999999964729 200 3000
204 149.9999999997265 200 3000
205 249.9999999998197 200 3000
206 299.9999999998577 200 3000
207 349.9999999999143 200 3000
208 399.9999999999707 200 3000
209 450.0000000000271 200 3000
210 499.9999999996728 200 3000
211 549.9999999997181 200 3000
212 599.9999999997744 200 3000
213 649.9999999998308 200 3000
214 699.9999999998872 200 3000
215 749.9999999999436 200 3000
216 850 200 3000
217 900 200 3000
218 950 200 3000
219 49.99999999977625 800 3000
220 99.99999999964729 800 3000
221 149.9999999997265 800 3000
222 249.9999999998197 800 3000
223 299.9999999998577 800 3000
224 349.9999999999143 800 3000
225 399.9999999999707 800 3000
226 450.0000000000271 800 3000
227 499.9999999996728 800 3000
228 549.9999999997181 800 3000
229 599.9999999997744 800 3000
230 649.9999999998308 800 3000
231 699.9999999998872 800 3000
232 749.9999999999436 800 3000
233 850 800 3000
234 900 800 3000
235 950 800 3000
236 49.99999999977625 1000 3000
237 99.99999999964729 1000 3000
238 149.9999999997265 1000 3000
239 249.9999999998197 1000 3000
240 299.9999999998577 1000 3000
241 349.9999999999143 1000 3000
242 399.9999999999707 1000 3000
243 450.0000000000271 1000 3000
244 499.9999999996728 1000 3000
245 549.9999999997181 1000 3000
246 599.9999999997744 1000 3000
247 649.9999999998308 1000 3000
248 699.9999999998872 1000 3000
249 749.9999999999436 1000 3000
250 850 1000 3000
251 900 1000 3000
252 950 1000 3000
253 0 49.99999999977625 0
254 0 99.99999999964729 0
255 0 149.9999999997265 0
256 200 49.99999999977625 0
257 200 99.99999999964729 0
258 200 149.9999999997265 0
259 800 49.99999999977625 0
260 800 99.99999999964729 0
261 800 149.9999999997265 0
262 1000 49.99999999977625 0
263 1000 99.99999999964729 0
264 1000 149.9999999997265 0
265 0 249.9999999998197 0
266 0 299.9999999998577 0
267 0 349.9999999999143 0
268 0 399.9999999999707 0
269 0 450.0000000000271 0
270 0 499.9999999996728 0
271 0 549.9999999997181 0
272 0 599.9999999997744 0
273 0 649.9999999998308 0
274 0 699.9999999998872 0
275 0 749.9999999999436 0
276 200 249.9999999998197 0
277 200 299.9999999998577 0
278 200 349.9999999999143 0
279 200 399.9999999999707 0
280 200 450.0000000000271 0
281 200 499.9999999996728 0
282 200 549.9999999997181 0
283 200 599.9999999997744 0
284 200 649.9999999998308 0
285 200 699.9999999998872 0
286 200 749.9999999999436 0
287 800 249.9999999998197 0
288 800 299.9999999998577 0
289 800 349.9999999999143 0
290 800 399.9999999999707 0
291 800 450.0000000000271 0
292 800 499.9999999996728 0
293 800 549.9999999997181 0
294 800 599.9999999997744 0
295 800 649.9999999998308 0
296 800 699.9999999998872 0
297 800 749.9999999999436 0
298 1000 249.9999999998197 0
299 1000 299.9999999998577 0
300 1000 349.9999999999143 0
301 1000 399.9999999999707 0
302 1000 450.0000000000271 0
303 1000 499.9999999996728 0
304 1000 549.9999999997181 0
305 1000 599.9999999997744 0
306 1000 649.9999999998308 0
307 1000 699.9999999998872 0
308 1000 749.9999999999436 0
309 0 850 0
310 0 900 0
311 0 950 0
312 200 850 0
313 200 900 0
314 200 950 0
315 800 850 0
316 800 900 0
317 800 950 0
318 1000 850 0
319 1000 900 0
320 1000 950 0
321 0 49.99999999977625 785.9259966289427
322 0 99.99999999964729 785.9259966289427
323 0 149.9999999997265 785.9259966289427
324 200 49.99999999977625 1071.555597977366
325 200 99.99999999964729 1071.555597977366
326 200 149.9999999997265 1071.555597977366
327 800 49.99999999977625 1928.444402022634
328 800 99.99999999964729 1928.444402022634
329 800 149.9999999997265 1928.444402022634
330 1000 49.99999999977625 2214.074003371057
331 1000 99.99999999964729 2214.074003371057
332 1000 149.9999999997265 2214.074003371057
333 0 249.9999999998197 785.9259966289427
334 0 299.9999999998577 785.9259966289427
335 0 349.9999999999143 785.9259966289427
336 0 399.9999999999707 785.9259966289427
337 0 450.0000000000271 785.9259966289427
338 0 499.9999999996728 785.9259966289427
339 0 549.9999999997181 785.9259966289427
340 0 599.9999999997744 785.9259966289427
341 0 649.9999999998308 785.9259966289427
342 0 699.9999999998872 785.9259966289427
343 0 749.9999999999436 785.9259966289427
344 200 249.9999999998197 1071.555597977366
345 200 299.9999999998577 1071.555597977366
346 200 349.9999999999143 1071.555597977366
347 200 399.9999999999707 1071.555597977366
348 200 450.0000000000271 1071.555597977366
349 200 499.9999999996728 1071.555597977366
350 200 549.9999999997181 1071.555597977366
351 200 599.9999999997744 1071.555597977366
352 200 649.9999999998308 1071.555597977366
353 200 699.9999999998872 1071.555597977366
354 200 749.9999999999436 1071.555597977366
355 800 249.9999999998197 1928.444402022634
356 800 299.9999999998577 1928.444402022634
357 800 349.9999999999143 1928.444402022634
358 800 399.9999999999707 1928.444402022634
359 800 450.0000000000271 1928.444402022634
360 800 499.9999999996728 1928.444402022634
361 800 549.9999999997181 1928.444402022634
362 800 599.9999999997744 1928.444402022634
363 800 649.9999999998308 1928.444402022634
364 800 699.9999999998872 1928.444402022634
365 800 749.9999999999436 1928.444402022634
366 1000 249.9999999998197 2214.074003371057
367 1000 299.9999999998577 2214.074003371057
368 1000 349.9999999999143 2214.074003371057
369 1000 399.9999999999707 2214.074003371057
370 1000 450.0000000000271 2214.074003371057
371 1000 499.9999999996728 2214.074003371057
372 1000 549.9999999997181 2214.074003371057
373 1000 599.9999999997744 2214.074003371057
374 1000 649.9999999998308 2214.074003371057
375 1000 699.9999999998872 2214.074003371057
376 1000 749.9999999999436 2214.074003371057
377 0 850 785.9259966289427
378 0 900 785.9259966289427
379 0 950 785.9259966289427
380 200 850 1071.555597977366
381 200 900 1071.555597977366
382 200 950 1071.555597977366
383 800 850 1928.444402022634
384 800 900 1928.444402022634
385 800 950 1928.444402022634
386 1000 850 2214.074003371057
387 1000 900 2214.074003371057
388 1000 950 2214.074003371057
389 0 49.99999999977625 3000
390 0 99.99999999964729 3000
391 0 149.9999999997265 3000
392 200 49.99999999977625 3000
393 200 99.99999999964729 3000
394 200 149.9999999997265 3000
395 800 49.99999999977625 3000
396 800 99.99999999964729 3000
397 800 149.9999999997265 3000
398 1000 49.99999999977625 3000
399 1000 99.99999999964729 3000
400 1000 149.9999999997265 3000
401 0 249.9999999998197 3000
402 0 299.9999999998577 3000
403 0 349.9999999999143 3000
404 0 399.9999999999707 3000
405 0 450.0000000000271 3000
406 0 499.9999999996728 3000
407 0 549.9999999997181 3000
408 0 599.9999999997744 3000
409 0 649.9999999998308 3000
410 0 699.9999999998872 3000
411 0 749.9999999999436 3000
412 200 249.9999999998197 3000
413 200 299.9999999998577 3000
414 200 349.9999999999143 3000
415 200 399.9999999999707 3000
416 200 450.0000000000271 3000
417 200 499.9999999996728 3000
418 200 549.9999999997181 3000
419 200 599.9999999997744 3000
420 200 649.9999999998308 3000
421 200 699.9999999998872 3000
422 200 749.9999999999436 3000
423 800 249.9999999998197 3000
424 800 299.9999999998577 3000
425 800 349.9999999999143 3000
426 800 399.9999999999707 3000
427 800 450.0000000000271 3000
428 800 499.9999999996728 3000
429 800 549.9999999997181 3000
430 800 599.9999999997744 3000
431 800 649.9999999998308 3000
432 800 699.9999999998872 3000
433 800 749.9999999999436 3000
434 1000 249.9999999998197 3000
435 1000 299.9999999998577 3000
436 1000 349.9999999999143 3000
437 1000 399.9999999999707 3000
438 1000 450.0000000000271 3000
439 1000 499.9999999996728 3000
440 1000 549.9999999997181 3000
441 1000 599.9999999997744 3000
442 1000 649.9999999998308 3000
443 1000 699.9999999998872 3000
444 1000 749.9999999999436 3000
445 0 850 3000
446 0 900 3000
447 0 950 3000
448 200 850 3000
449 200 900 3000
450 200 950 3000
451 800 850 3000
452 800 900 3000
453 800 950 3000
454 1000 850 3000
455 1000 900 3000
456 1000 950 3000
457 0 0 78.59259966274014
458 0 0 157.1851993254489
459 0 0 235.7777989881259
460 0 0 314.3703986508031
461 0 0 392.9629983134581
462 0 0 471.5555979765501
463 0 0 550.1481976396492
464 0 0 628.7407973027529
465 0 0 707.3333969658478
466 200 0 107.1555597975447
467 200 0 214.3111195949941
468 200 0 321.4666793924151
469 200 0 428.6222391898107
470 200 0 535.7777989872128
471 200 0 642.933358785221
472 200 0 750.0889185832293
473 200 0 857.2444783812379
474 200 0 964.4000381792462
475 800 0 192.8444402019135
476 800 0 385.6888804036837
477 800 0 578.5333206054017
478 800 0 771.3777608071018
479 800 0 964.2222010088241
480 800 0 1157.066641211533
481 800 0 1349.911081414308
482 800 0 1542.755521617083
483 800 0 1735.599961819859
484 1000 0 221.4074003366208
485 1000 0 442.8148006732116
486 1000 0 664.2222010097182
487 1000 0 885.6296013462476
488 1000 0 1107.037001682835
489 1000 0 1328.444402020435
490 1000 0 1549.85180235815
491 1000 0 1771.259202695786
492 1000 0 1992.666603033502
493 0 200 78.59259966274014
494 0 200 157.1851993254489
495 0 200 235.7777989881259
496 0 200 314.3703986508031
497 0 200 392.9629983134581
498 0 200 471.5555979765501
499 0 200 550.1481976396492
500 0 200 628.7407973027529
501 0 200 707.3333969658478
502 200 200 107.1555597975447
503 200 200 214.3111195949941
504 200 200 321.4666793924151
505 200 200 428.6222391898107
506 200 200 535.7777989872128
507 200 200 642.933358785221
508 200 200 750.0889185832293
509 200 200 857.2444783812379
510 200 200 964.4000381792462
511 800 200 192.8444402019135
512 800 200 385.6888804036837
513 800 200 578.5333206054017
514 800 200 771.3777608071018
515 800 200 964.2222010088241
516 800 200 1157.066641211533
517 800 200 1349.911081414308
518 800 200 1542.755521617083
519 800 200 1735.599961819859
520 1000 200 221.4074003366208
521 1000 200 442.8148006732116
522 1000 200 664.2222010097182
523 1000 200 885.6296013462476
524 1000 200 1107.037001682835
525 1000 200 1328.444402020435
526 1000 200 1549.85180235815
527 1000 200 1771.259202695786
528 1000 200 1992.666603033502
529 0 800 78.59259966274014
530 0 800 157.1851993254489
531 0 800 235.7777989881259
532 0 800 314.3703986508031
533 0 800 392.9629983134581
534 0 800 471.5555979765501
535 0 800 550.1481976396492
536 0 800 628.7407973027529
537 0 800 707.3333969658478
538 200 800 107.1555597975447
539 200 800 214.3111195949941
540 200 800 321.4666793924151
541 200 800 428.6222391898107
542 200 800 535.7777989872128
543 200 800 642.933358785221
544 200 800 750.0889185832293
545 200 800 857.2444783812379
546 200 800 964.4000381792462
547 800 800 192.8444402019135
548 800 800 385.6888804036837
549 800 800 578.5333206054017
550 800 800 771.3777608071018
551 800 800 964.2222010088241
552 800 800 1157.066641211533
553 800 800 1349.911081414308
554 800 800 1542.755521617083
555 800 800 1735.599961819859
556 1000 800 221.4074003366208
557 1000 800 442.8148006732116
558 1000 800 664.2222010097182
559 1000 800 885.6296013462476
560 1000 800 1107.037001682835
561 1000 800 1328.444402020435
562 1000 800 1549.85180235815
563 1000 800 1771.259202695786
564 1000 800 1992.666603033502
565 0 1000 78.59259966274014
566 0 1000 157.1851993254489
567 0 1000 235.7777989881259
568 0 1000 314.3703986508031
569 0 1000 392.9629983134581
570 0 1000 471.5555979765501
571 0 1000 550.1481976396492
572 0 1000 628.7407973027529
573 0 1000 707.3333969658478
574 200 1000 107.1555597975447
575 200 1000 214.3111195949941
576 200 1000 321.4666793924151
577 200 1000 428.6222391898107
578 200 1000 535.7777989872128
579 200 1000 642.933358785221
580 200 1000 750.0889185832293
581 200 1000 857.2444783812379
582 200 1000 964.4000381792462
583 800 1000 192.8444402019135
584 800 1000 385.6888804036837
585 800 1000 578.5333206054017
586 800 1000 771.3777608071018
587 800 1000 964.2222010088241
588 800 1000 1157.066641211533
589 800 1000 1349.911081414308
590 800 1000 1542.755521617083
591 800 1000 1735.599961819859
592 1000 1000 221.4074003366208
593 1000 1000 442.8148006732116
594 1000 1000 664.2222010097182
595 1000 1000 885.6296013462476
596 1000 1000 1107.037001682835
597 1000 1000 1328.444402020435
598 1000 1000 1549.85180235815
599 1000 1000 1771.259202695786
600 1000 1000 1992.666603033502
601 0 0 1007.333396965538
602 0 0 1228.740797301955
603 0 0 1450.14819763831
604 0 0 1671.555597975083
605 0 0 1892.962998311873
606 0 0 2114.370398649427
607 0 0 2335.77779898707
608 0 0 2557.185199324714
609 0 0 2778.592599662516
610 200 0 1264.400038179194
611 200 0 1457.244478380827
612 200 0 1650.088918582317
613 200 0 1842.933358783585
614 200 0 2035.777798985618
615 200 0 2228.622239189898
616 200 0 2421.466679393006
617 200 0 2614.311119594212
618 200 0 2807.155559796075
619 800 0 2035.599961820282
620 800 0 2142.755521617645
621 800 0 2249.911081414866
622 800 0 2357.066641212656
623 800 0 2464.22220101034
624 800 0 2571.377760807845
625 800 0 2678.53332060528
626 800 0 2785.688880403887
627 800 0 2892.84444020253
628 1000 0 2292.666603033579
629 1000 0 2371.259202696579
630 1000 0 2449.851802359296
631 1000 0 2528.444402022297
632 1000 0 2607.037001684463
633 1000 0 2685.629601347322
634 1000 0 2764.222201010873
635 1000 0 2842.81480067359
636 1000 0 2921.407400337141
637 0 200 1007.333396965538
638 0 200 1228.740797301955
639 0 200 1450.14819763831
640 0 200 1671.555597975083
641 0 200 1892.962998311873
642 0 200 2114.370398649427
643 0 200 2335.77779898707
644 0 200 2557.185199324714
645 0 200 2778.592599662516
646 200 200 1264.400038179194
647 200 200 1457.244478380827
648 200 200 1650.088918582317
649 200 200 1842.933358783585
650 200 200 2035.777798985618
651 200 200 2228.622239189898
652 200 200 2421.466679393006
653 200 200 2614.311119594212
654 200 200 2807.155559796075
655 800 200 2035.599961820282
656 800 200 2142.755521617645
657 800 200 2249.911081414866
658 800 200 2357.066641212656
659 800 200 2464.22220101034
660 800 200 2571.377760807845
661 800 200 2678.53332060528
662 800 200 2785.688880403887
663 800 200 2892.84444020253
664 1000 200 2292.666603033579
665 1000 200 2371.259202696579
666 1000 200 2449.851802359296
667 1000 200 2528.444402022297
668 1000 200 2607.037001684463
669 1000 200 2685.629601347322
670 1000 200 2764.222201010873
671 1000 200 2842.81480067359
672 1000 200 2921.407400337141
673 0 800 1007.333396965538
674 0 800 1228.740797301955
675 0 800 1450.14819763831
676 0 800 1671.555597975083
677 0 800 1892.962998311873
678 0 800 2114.370398649427
679 0 800 2335.77779898707
680 0 800 2557.185199324714
681 0 800 2778.592599662516
682 200 800 1264.400038179194
683 200 800 1457.244478380827
684 200 800 1650.088918582317
685 200 800 1842.933358783585
686 200 800 2035.777798985618
687 200 800 2228.622239189898
688 200 800 2421.466679393006
689 200 800 2614.311119594212
690 200 800 2807.155559796075
691 800 800 2035.599961820282
692 800 800 2142.755521617645
693 800 800 2249.911081414866
694 800 800 2357.066641212656
695 800 800 2464.22220101034
696 800 800 2571.377760807845
697 800 800 2678.53332060528
698 800 800 2785.688880403887
699 800 800 2892.84444020253
700 1000 800 2292.666603033579
701 1000 800 2371.259202696579
702 1000 800 2449.851802359296
703 1000 800 2528.444402022297
704 1000 800 2607.037001684463
705 1000 800 2685.629601347322
706 1000 800 2764.222201010873
707 1000 800 2842.81480067359
708 1000 800 2921.407400337141
709 0 1000 1007.333396965538
710 0 1000 1228.740797301955
711 0 1000 1450.14819763831
712 0 1000 1671.555597975083
713 0 1000 1892.962998311873
714 0 1000 2114.370398649427
715 0 1000 2335.77779898707
716 0 1000 2557.185199324714
717 0 1000 2778.592599662516
718 200 1000 1264.400038179194
719 200 1000 1457.244478380827
720 200 1000 1650.088918582317
721 200 1000 1842.933358783585
722 200 1000 2035.777798985618
723 200 1000 2228.622239189898
724 200 1000 2421.466679393006
725 200 1000 2614.311119594212
726 200 1000 2807.155559796075
727 800 1000 2035.599961820282
728 800 1000 2142.755521617645
729 800 1000 2249.911081414866
730 800 1000 2357.066641212656
731 800 1000 2464.22220101034
732 800 1000 2571.377760807845
733 800 1000 2678.53332060528
734 800 1000 2785.688880403887
735 800 1000 2892.84444020253
736 1000 1000 2292.666603033579
737 1000 1000 2371.259202696579
738 1000 1000 2449.851802359296
739 1000 1000 2528.444402022297
740 1000 1000 2607.037001684463
741 1000 1000 2685.629601347322
742 1000 1000 2764.222201010873
743 1000 1000 2842.81480067359
744 1000 1000 2921.407400337141
745 49.99999999977625 49.99999999977625 0
746 49.99999999977625 99.99999999964729 0
747 49.99999999977625 149.9999999997265 0
748 99.99999999964729 49.99999999977625 0
749 99.99999999964729 99.99999999964729 0
750 99.99999999964729 149.9999999997265 0
751 149.9999999997265 49.99999999977625 0
752 149.9999999997265 99.99999999964729 0
753 149.9999999997265 149.9999999997265 0
754 249.9999999998198 49.99999999977625 0
755 249.9999999998197 99.9999999996473 0
756 249.9999999998197 149.9999999997265 0
757 299.9999999998577 49.99999999977625 0
758 299.9999999998578 99.9999999996473 0
759 299.9999999998578 149.9999999997265 0
760 349.9999999999143 49.99999999977625 0
761 349.9999999999143 99.99999999964729 0
762 349.9999999999143 149.9999999997265 0
763 399.9999999999707 49.99999999977624 0
764 399.9999999999707 99.99999999964729 0
765 399.9999999999707 149.9999999997265 0
766 450.000000000027 49.99999999977625 0
767 450.0000000000271 99.99999999964729 0
768 450.0000000000271 149.9999999997265 0
769 499.9999999996727 49.99999999977625 0
770 499.9999999996726 99.99999999964729 0
771 499.9999999996728 149.9999999997264 0
772 549.9999999997182 49.99999999977625 0
773 549.9999999997181 99.99999999964729 0
774 549.9999999997181 149.9999999997265 0
775 599.9999999997744 49.99999999977625 0
776 599.9999999997746 99.99999999964729 0
777 599.9999999997744 149.9999999997265 0
778 649.9999999998308 49.99999999977625 0
779 649.9999999998309 99.99999999964729 0
780 649.9999999998308 149.9999999997265 0
781 699.9999999998871 49.99999999977624 0
782 699.9999999998872 99.9999999996473 0
783 699.9999999998872 149.9999999997265 0
784 749.9999999999436 49.99999999977625 0
785 749.9999999999435 99.99999999964729 0
786 749.9999999999436 149.9999999997265 0
787 849.9999999999999 49.99999999977625 0
788 850 99.9999999996473 0
789 850 149.9999999997265 0
790 899.9999999999999 49.99999999977625 0
791 900 99.99999999964729 0
792 900 149.9999999997265 0
793 949.9999999999999 49.99999999977625 0
794 950 99.9999999996473 0
795 950 149.9999999997265 0
796 49.99999999977624 249.9999999998196 0
797 49.99999999977625 299.9999999998577 0
798 49.99999999977625 349.9999999999143 0
799 49.99999999977624 399.9999999999706 0
800 49.99999999977625 450.0000000000271 0
801 49.99999999977625 499.9999999996728 0
802 49.99999999977625 549.9999999997181 0
803 49.99999999977625 599.9999999997744 0
804 49.99999999977625 649.9999999998308 0
805 49.99999999977624 699.9999999998871 0
806 49.99999999977625 749.9999999999436 0
807 99.9999999996473 249.9999999998196 0
808 99.9999999996473 299.9999999998577 0
809 99.99999999964729 349.9999999999143 0
810 99.99999999964729 399.9999999999706 0
811 99.99999999964729 450.0000000000271 0
812 99.99999999964729 499.9999999996728 0
813 99.99999999964729 549.9999999997181 0
814 99.99999999964729 599.9999999997744 0
815 99.99999999964729 649.9999999998308 0
816 99.9999999996473 699.9999999998872 0
817 99.99999999964729 749.9999999999436 0
818 149.9999999997265 249.9999999998196 0
819 149.9999999997264 299.9999999998578 0
820 149.9999999997265 349.9999999999142 0
821 149.9999999997265 399.9999999999707 0
822 149.9999999997265 450.0000000000271 0
823 149.9999999997265 499.9999999996728 0
824 149.9999999997265 549.9999999997181 0
825 149.9999999997265 599.9999999997744 0
826 149.9999999997265 649.9999999998308 0
827 149.9999999997265 699.9999999998872 0
828 149.9999999997265 749.9999999999435 0
829 249.9999999998196 249.9999999998196 0
830 249.9999999998197 299.9999999998577 0
831 249.9999999998197 349.9999999999143 0
832 249.9999999998197 399.9999999999707 0
833 249.9999999998197 450.0000000000271 0
834 249.9999999998197 499.9999999996728 0
835 249.9999999998197 549.9999999997181 0
836 249.9999999998197 599.9999999997744 0
837 249.9999999998197 649.9999999998308 0
838 249.9999999998197 699.9999999998872 0
839 249.9999999998197 749.9999999999436 0
840 299.9999999998578 249.9999999998197 0
841 299.9999999998578 299.9999999998578 0
842 299.9999999998577 349.9999999999143 0
843 299.9999999998577 399.9999999999707 0
844 299.9999999998576 450.0000000000269 0
845 299.9999999998577 499.9999999996727 0
846 299.9999999998577 549.9999999997181 0
847 299.9999999998578 599.9999999997746 0
848 299.9999999998577 649.9999999998309 0
849 299.9999999998577 699.9999999998872 0
850 299.9999999998577 749.9999999999436 0
851 349.9999999999141 249.9999999998196 0
852 349.9999999999143 299.9999999998577 0
853 349.9999999999142 349.9999999999142 0
854 349.9999999999142 399.9999999999706 0
855 349.9999999999142 450.0000000000271 0
856 349.9999999999143 499.9999999996728 0
857 349.9999999999143 549.9999999997181 0
858 349.9999999999143 599.9999999997744 0
859 349.9999999999143 649.9999999998308 0
860 349.9999999999143 699.9999999998872 0
861 349.9999999999143 749.9999999999436 0
862 399.9999999999707 249.9999999998196 0
863 399.9999999999707 299.9999999998577 0
864 399.9999999999706 349.9999999999143 0
865 399.9999999999708 399.9999999999706 0
866 399.9999999999707 450.0000000000271 0
867 399.9999999999707 499.9999999996727 0
868 399.9999999999706 549.9999999997181 0
869 399.9999999999707 599.9999999997744 0
870 399.9999999999707 649.9999999998308 0
871 399.9999999999706 699.9999999998871 0
872 399.9999999999707 749.9999999999436 0
873 450.0000000000271 249.9999999998197 0
874 450.000000000027 299.9999999998576 0
875 450.0000000000271 349.9999999999143 0
876 450.0000000000271 399.9999999999707 0
877 450.0000000000271 450.0000000000271 0
878 450.0000000000271 499.9999999996727 0
879 450.0000000000271 549.9999999997181 0
880 450.0000000000271 599.9999999997746 0
881 450.0000000000271 649.9999999998308 0
882 450.0000000000271 699.9999999998872 0
883 450.0000000000271 749.9999999999436 0
884 499.9999999996728 249.9999999998197 0
885 499.9999999996727 299.9999999998576 0
886 499.9999999996728 349.9999999999143 0
887 499.9999999996727 399.9999999999707 0
888 499.9999999996726 450.0000000000271 0
889 499.9999999996728 499.9999999996727 0
890 499.9999999996729 549.9999999997181 0
891 499.9999999996727 599.9999999997744 0
892 499.9999999996728 649.9999999998308 0
893 499.9999999996727 699.9999999998872 0
894 499.9999999996728 749.9999999999436 0
895 549.9999999997181 249.9999999998196 0
896 549.9999999997181 299.9999999998577 0
897 549.9999999997181 349.9999999999143 0
898 549.9999999997181 399.9999999999707 0
899 549.9999999997181 450.0000000000271 0
900 549.9999999997181 499.9999999996728 0
901 549.9999999997181 549.9999999997181 0
902 549.9999999997181 599.9999999997744 0
903 549.9999999997181 649.9999999998308 0
904 549.9999999997181 699.9999999998872 0
905 549.9999999997181 749.9999999999436 0
906 599.9999999997744 249.9999999998196 0
907 599.9999999997747 299.9999999998578 0
908 599.9999999997744 349.9999999999142 0
909 599.9999999997744 399.9999999999707 0
910 599.9999999997744 450.0000000000271 0
911 599.9999999997744 499.9999999996726 0
912 599.9999999997744 549.9999999997181 0
913 599.9999999997746 599.9999999997744 0
914 599.9999999997744 649.9999999998308 0
915 599.9999999997744 699.9999999998872 0
916 599.9999999997746 749.9999999999436 0
917 649.9999999998307 249.9999999998196 0
918 649.9999999998307 299.9999999998578 0
919 649.9999999998309 349.9999999999143 0
920 649.9999999998308 399.9999999999707 0
921 649.9999999998308 450.0000000000271 0
922 649.9999999998308 499.9999999996728 0
923 649.9999999998308 549.9999999997181 0
924 649.9999999998308 599.9999999997744 0
925 649.9999999998308 649.9999999998308 0
926 649.9999999998308 699.9999999998872 0
927 649.9999999998308 749.9999999999436 0
928 699.9999999998872 249.9999999998196 0
929 699.9999999998872 299.9999999998578 0
930 699.9999999998872 349.9999999999143 0
931 699.9999999998871 399.9999999999706 0
932 699.9999999998871 450.0000000000271 0
933 699.9999999998871 499.9999999996727 0
934 699.9999999998872 549.9999999997181 0
935 699.9999999998871 599.9999999997744 0
936 699.9999999998872 649.9999999998308 0
937 699.9999999998872 699.9999999998872 0
938 699.9999999998871 749.9999999999436 0
939 749.9999999999436 249.9999999998196 0
940 749.9999999999436 299.9999999998577 0
941 749.9999999999437 349.9999999999142 0
942 749.9999999999436 399.9999999999707 0
943 749.9999999999436 450.0000000000271 0
944 749.9999999999436 499.9999999996727 0
945 749.9999999999436 549.9999999997181 0
946 749.9999999999437 599.9999999997746 0
947 749.9999999999436 649.9999999998308 0
948 749.9999999999436 699.9999999998872 0
949 749.9999999999436 749.9999999999436 0
950 850 249.9999999998197 0
951 850 299.9999999998576 0
952 850 349.9999999999142 0
953 850.0000000000002 399.9999999999705 0
954 849.9999999999998 450.0000000000269 0
955 850 499.9999999996727 0
956 850 549.9999999997178 0
957 850 599.9999999997743 0
958 850 649.9999999998306 0
959 850 699.999999999887 0
960 850 749.9999999999436 0
961 900 249.9999999998197 0
962 899.9999999999998 299.9999999998576 0
963 900 349.9999999999142 0
964 899.9999999999999 399.9999999999706 0
965 900 450.0000000000269 0
966 899.9999999999999 499.9999999996726 0
967 900.0000000000001 549.9999999997178 0
968 900 599.9999999997743 0
969 900 649.9999999998306 0
970 900 699.999999999887 0
971 900 749.9999999999435 0
972 950.0000000000001 249.9999999998196 0
973 950 299.9999999998576 0
974 950.0000000000001 349.9999999999143 0
975 950 399.9999999999705 0
976 950 450.0000000000269 0
977 949.9999999999998 499.9999999996727 0
978 949.9999999999999 549.9999999997177 0
979 950.0000000000001 599.9999999997743 0
980 950 649.9999999998306 0
981 950 699.9999999998871 0
982 950.0000000000001 749.9999999999436 0
983 49.99999999977625 850 0
984 49.99999999977625 900 0
985 49.99999999977625 949.9999999999999 0
986 99.9999999996473 850 0
987 99.99999999964729 900 0
988 99.9999999996473 950 0
989 149.9999999997265 850 0
990 149.9999999997265 900 0
991 149.9999999997265 950 0
992 249.9999999998197 849.9999999999998 0
993 249.9999999998197 899.9999999999998 0
994 249.9999999998197 949.9999999999995 0
995 299.9999999998577 849.9999999999995 0
996 299.9999999998577 899.9999999999999 0
997 299.9999999998577 949.9999999999995 0
998 349.9999999999143 849.9999999999999 0
999 349.9999999999143 899.9999999999997 0
1000 349.9999999999143 949.9999999999994 0
1001 399.9999999999706 849.9999999999997 0
1002 399.9999999999706 899.9999999999999 0
1003 399.9999999999706 950 0
1004 450.0000000000271 849.9999999999997 0
1005 450.0000000000271 899.9999999999999 0
1006 450.0000000000271 949.9999999999997 0
1007 499.9999999996726 849.9999999999998 0
1008 499.9999999996728 899.9999999999999 0
1009 499.9999999996728 949.9999999999997 0
1010 549.9999999997181 849.9999999999998 0
1011 549.9999999997181 899.9999999999998 0
1012 549.9999999997181 949.9999999999995 0
1013 599.9999999997744 850 0
1014 599.9999999997746 899.9999999999998 0
1015 599.9999999997744 949.9999999999997 0
1016 649.9999999998308 849.9999999999998 0
1017 649.9999999998308 899.9999999999998 0
1018 649.9999999998308 949.9999999999995 0
1019 699.9999999998872 849.9999999999998 0
1020 699.9999999998871 899.9999999999998 0
1021 699.9999999998872 949.9999999999995 0
1022 749.9999999999436 849.9999999999998 0
1023 749.9999999999437 899.9999999999997 0
1024 749.9999999999436 949.9999999999995 0
1025 850 850 0
1026 850 900 0
1027 850 950 0
1028 900 850 0
1029 900 900 0
1030 900 950 0
1031 950 850 0
1032 950 900 0
1033 950 950 0
1034 49.99999999983788 49.99999999977624 857.333396965817
1035 49.99999999983777 99.99999999964726 857.333396965817
1036 49.99999999983788 149.9999999997264 857.3333969658171
1037 99.9999999997799 49.99999999977624 928.7407973028397
1038 99.99999999977979 99.99999999964726 928.7407973028397
1039 99.99999999977979 149.9999999997264 928.7407973028397
1040 149.9999999998321 49.99999999977624 1000.14819764002
1041 149.9999999998319 99.99999999964724 1000.14819764002
1042 149.9999999998321 149.9999999997264 1000.14819764002
1043 249.9999999998607 49.99999999977624 1142.962998314272
1044 249.999999999861 99.99999999964729 1142.962998314272
1045 249.9999999998611 149.9999999997266 1142.962998314272
1046 299.9999999998422 49.99999999977624 1214.370398651351
1047 299.9999999998423 99.9999999996473 1214.370398651351
1048 299.9999999998424 149.9999999997265 1214.370398651351
1049 349.999999999732 49.99999999977624 1285.7777989883
1050 349.9999999997322 99.99999999964729 1285.7777989883
1051 349.9999999997323 149.9999999997265 1285.7777989883
1052 399.9999999996498 49.99999999977622 1357.185199325288
1053 399.9999999996501 99.99999999964726 1357.185199325288
1054 399.9999999996502 149.9999999997265 1357.185199325288
1055 449.9999999996026 49.99999999977623 1428.592599662326
1056 449.9999999996029 99.9999999996473 1428.592599662327
1057 449.999999999603 149.9999999997265 1428.592599662327
1058 499.9999999993919 49.99999999977624 1499.999999999131
1059 499.9999999993921 99.99999999964729 1499.999999999131
1060 499.9999999993925 149.9999999997265 1499.999999999131
1061 549.999999999438 49.99999999977624 1571.407400336303
1062 549.9999999994385 99.9999999996473 1571.407400336303
1063 549.9999999994384 149.9999999997265 1571.407400336303
1064 599.9999999995085 49.99999999977624 1642.81480067351
1065 599.9999999995092 99.99999999964729 1642.81480067351
1066 599.9999999995091 149.9999999997265 1642.81480067351
1067 649.999999999642 49.99999999977626 1714.222201010806
1068 649.9999999996422 99.99999999964727 1714.222201010806
1069 649.9999999996419 149.9999999997265 1714.222201010805
1070 699.9999999997689 49.99999999977624 1785.629601348093
1071 699.9999999997684 99.99999999964732 1785.629601348092
1072 699.9999999997685 149.9999999997265 1785.629601348092
1073 749.9999999999292 49.99999999977624 1857.037001685427
1074 749.9999999999296 99.99999999964729 1857.037001685428
1075 749.9999999999295 149.9999999997265 1857.037001685427
1076 849.9999999999272 49.99999999977624 1999.851802359636
1077 849.9999999999276 99.99999999964727 1999.851802359636
1078 849.9999999999272 149.9999999997265 1999.851802359635
1079 899.9999999997287 49.99999999977626 2071.259202696458
1080 899.9999999997289 99.99999999964729 2071.259202696458
1081 899.999999999729 149.9999999997265 2071.259202696458
1082 949.9999999998854 49.99999999977625 2142.666603033787
1083 949.9999999998853 99.99999999964727 2142.666603033787
1084 949.9999999998854 149.9999999997265 2142.666603033787
1085 49.999999999838 249.9999999998197 857.333396965817
1086 49.99999999983788 299.9999999998577 857.333396965817
1087 49.99999999983766 349.9999999999143 857.3333969658167
1088 49.99999999983766 399.9999999999707 857.3333969658167
1089 49.999999999838 450.0000000000271 857.3333969658171
1090 49.99999999983777 499.9999999996728 857.333396965817
1091 49.99999999983754 549.9999999997179 857.3333969658167
1092 49.99999999983788 599.9999999997744 857.3333969658171
1093 49.99999999983788 649.9999999998307 857.3333969658171
1094 49.99999999983777 699.9999999998871 857.3333969658171
1095 49.99999999983777 749.9999999999436 857.3333969658171
1096 99.99999999978002 249.9999999998197 928.7407973028397
1097 99.9999999997799 299.9999999998577 928.7407973028397
1098 99.9999999997799 349.9999999999143 928.7407973028397
1099 99.9999999997799 399.9999999999707 928.7407973028397
1100 99.9999999997799 450.0000000000271 928.7407973028397
1101 99.99999999977979 499.9999999996728 928.7407973028397
1102 99.99999999977956 549.9999999997178 928.7407973028396
1103 99.99999999977979 599.9999999997743 928.7407973028397
1104 99.99999999978002 649.9999999998306 928.7407973028402
1105 99.99999999977979 699.999999999887 928.74079730284
1106 99.9999999997799 749.9999999999435 928.7407973028402
1107 149.9999999998317 249.9999999998197 1000.148197640019
1108 149.999999999832 299.9999999998577 1000.14819764002
1109 149.999999999832 349.9999999999143 1000.14819764002
1110 149.9999999998322 399.9999999999705 1000.14819764002
1111 149.999999999832 450.000000000027 1000.14819764002
1112 149.9999999998319 499.9999999996728 1000.14819764002
1113 149.9999999998321 549.9999999997181 1000.14819764002
1114 149.9999999998321 599.9999999997744 1000.14819764002
1115 149.9999999998317 649.9999999998308 1000.14819764002
1116 149.999999999832 699.9999999998872 1000.14819764002
1117 149.999999999832 749.9999999999436 1000.14819764002
1118 249.9999999998611 249.9999999998196 1142.962998314273
1119 249.999999999861 299.9999999998576 1142.962998314272
1120 249.9999999998607 349.9999999999141 1142.962998314272
1121 249.9999999998608 399.9999999999706 1142.962998314272
1122 249.9999999998611 450.0000000000269 1142.962998314272
1123 249.9999999998611 499.9999999996726 1142.962998314272
1124 249.999999999861 549.9999999997178 1142.962998314272
1125 249.9999999998612 599.9999999997742 1142.962998314272
1126 249.9999999998611 649.9999999998307 1142.962998314272
1127 249.9999999998611 699.999999999887 1142.962998314272
1128 249.999999999861 749.9999999999434 1142.962998314272
1129 299.999999999842 249.9999999998197 1214.370398651351
1130 299.9999999998422 299.9999999998576 1214.370398651351
1131 299.9999999998421 349.9999999999141 1214.370398651351
1132 299.9999999998422 399.9999999999706 1214.370398651351
1133 299.9999999998423 450.0000000000269 1214.370398651351
1134 299.9999999998422 499.9999999996728 1214.370398651351
1135 299.9999999998423 549.9999999997176 1214.370398651351
1136 299.9999999998423 599.9999999997741 1214.370398651351
1137 299.9999999998428 649.9999999998304 1214.370398651352
1138 299.9999999998428 699.9999999998872 1214.370398651352
1139 299.9999999998423 749.9999999999432 1214.370398651351
1140 349.9999999997319 249.9999999998197 1285.7777989883
1141 349.9999999997318 299.9999999998576 1285.777798988299
1142 349.9999999997318 349.999999999914 1285.777798988299
1143 349.9999999997323 399.9999999999706 1285.7777989883
1144 349.999999999732 450.0000000000269 1285.7777989883
1145 349.9999999997322 499.9999999996726 1285.7777989883
1146 349.9999999997322 549.9999999997179 1285.7777989883
1147 349.9999999997322 599.9999999997743 1285.7777989883
1148 349.9999999997323 649.9999999998308 1285.7777989883
1149 349.9999999997323 699.9999999998871 1285.7777989883
1150 349.9999999997324 749.9999999999433 1285.7777989883
1151 399.9999999996497 249.9999999998196 1357.185199325288
1152 399.9999999996497 299.9999999998575 1357.185199325288
1153 399.9999999996496 349.9999999999142 1357.185199325288
1154 399.99999999965 399.9999999999706 1357.185199325288
1155 399.9999999996498 450.0000000000269 1357.185199325288
1156 399.9999999996501 499.9999999996726 1357.185199325288
1157 399.9999999996501 549.9999999997178 1357.185199325288
1158 399.99999999965 599.9999999997742 1357.185199325288
1159 399.9999999996502 649.9999999998307 1357.185199325288
1160 399.9999999996502 699.999999999887 1357.185199325288
1161 399.9999999996501 749.9999999999434 1357.185199325288
1162 449.9999999996023 249.9999999998197 1428.592599662326
1163 449.9999999996027 299.9999999998576 1428.592599662327
1164 449.9999999996027 349.9999999999141 1428.592599662327
1165 449.9999999996027 399.9999999999704 1428.592599662326
1166 449.9999999996027 450.0000000000269 1428.592599662326
1167 449.9999999996027 499.9999999996725 1428.592599662326
1168 449.9999999996027 549.9999999997178 1428.592599662326
1169 449.9999999996027 599.9999999997742 1428.592599662326
1170 449.999999999603 649.9999999998306 1428.592599662327
1171 449.9999999996029 699.999999999887 1428.592599662326
1172 449.9999999996028 749.9999999999434 1428.592599662326
1173 499.999999999392 249.9999999998197 1499.999999999131
1174 499.9999999993914 299.9999999998575 1499.999999999131
1175 499.9999999993919 349.9999999999142 1499.999999999131
1176 499.999999999392 399.9999999999705 1499.999999999131
1177 499.999999999392 450.000000000027 1499.999999999131
1178 499.9999999993922 499.9999999996726 1499.999999999131
1179 499.9999999993923 549.9999999997178 1499.999999999131
1180 499.9999999993921 599.9999999997741 1499.999999999131
1181 499.9999999993922 649.9999999998306 1499.999999999131
1182 499.9999999993922 699.999999999887 1499.999999999131
1183 499.9999999993923 749.9999999999434 1499.999999999131
1184 549.9999999994382 249.9999999998197 1571.407400336303
1185 549.9999999994383 299.9999999998576 1571.407400336303
1186 549.9999999994383 349.9999999999142 1571.407400336303
1187 549.9999999994382 399.9999999999704 1571.407400336303
1188 549.9999999994384 450.0000000000269 1571.407400336303
1189 549.9999999994382 499.9999999996727 1571.407400336303
1190 549.9999999994383 549.9999999997177 1571.407400336303
1191 549.9999999994378 599.9999999997742 1571.407400336302
1192 549.9999999994382 649.9999999998306 1571.407400336303
1193 549.9999999994384 699.9999999998869 1571.407400336303
1194 549.9999999994383 749.9999999999433 1571.407400336303
1195 599.9999999995086 249.9999999998196 1642.81480067351
1196 599.9999999995085 299.9999999998575 1642.81480067351
1197 599.9999999995088 349.9999999999141 1642.81480067351
1198 599.9999999995091 399.9999999999706 1642.81480067351
1199 599.9999999995089 450.0000000000267 1642.81480067351
1200 599.9999999995086 499.9999999996726 1642.81480067351
1201 599.9999999995088 549.9999999997178 1642.81480067351
1202 599.999999999509 599.9999999997743 1642.81480067351
1203 599.9999999995091 649.9999999998306 1642.81480067351
1204 599.9999999995091 699.9999999998869 1642.81480067351
1205 599.999999999509 749.9999999999436 1642.81480067351
1206 649.9999999996419 249.9999999998196 1714.222201010806
1207 649.999999999642 299.9999999998576 1714.222201010806
1208 649.9999999996415 349.9999999999142 1714.222201010805
1209 649.9999999996417 399.9999999999706 1714.222201010805
1210 649.9999999996421 450.0000000000269 1714.222201010806
1211 649.9999999996423 499.9999999996726 1714.222201010806
1212 649.9999999996422 549.9999999997178 1714.222201010806
1213 649.9999999996422 599.9999999997742 1714.222201010806
1214 649.9999999996419 649.9999999998306 1714.222201010805
1215 649.9999999996423 699.999999999887 1714.222201010806
1216 649.9999999996425 749.9999999999434 1714.222201010806
1217 699.9999999997681 249.9999999998197 1785.629601348092
1218 699.9999999997682 299.9999999998576 1785.629601348092
1219 699.9999999997689 349.9999999999142 1785.629601348093
1220 699.9999999997683 399.9999999999706 1785.629601348092
1221 699.9999999997683 450.0000000000269 1785.629601348092
1222 699.9999999997683 499.9999999996726 1785.629601348092
1223 699.9999999997684 549.9999999997178 1785.629601348092
1224 699.9999999997686 599.9999999997742 1785.629601348092
1225 699.9999999997685 649.9999999998306 1785.629601348092
1226 699.9999999997685 699.9999999998869 1785.629601348092
1227 699.9999999997686 749.9999999999433 1785.629601348092
1228 749.9999999999293 249.9999999998196 1857.037001685428
1229 749.9999999999287 299.9999999998577 1857.037001685427
1230 749.9999999999292 349.9999999999141 1857.037001685427
1231 749.9999999999295 399.9999999999707 1857.037001685428
1232 749.9999999999297 450.000000000027 1857.037001685428
1233 749.9999999999288 499.9999999996728 1857.037001685427
1234 749.9999999999289 549.9999999997176 1857.037001685427
1235 749.9999999999296 599.9999999997743 1857.037001685428
1236 749.9999999999291 649.9999999998304 1857.037001685427
1237 749.9999999999291 699.999999999887 1857.037001685427
1238 749.9999999999289 749.9999999999436 1857.037001685427
1239 849.999999999927 249.9999999998197 1999.851802359636
1240 849.999999999927 299.9999999998577 1999.851802359636
1241 849.9999999999274 349.9999999999143 1999.851802359636
1242 849.9999999999271 399.9999999999706 1999.851802359636
1243 849.9999999999271 450.000000000027 1999.851802359636
1244 849.9999999999275 499.9999999996728 1999.851802359636
1245 849.9999999999272 549.9999999997179 1999.851802359636
1246 849.9999999999274 599.9999999997743 1999.851802359636
1247 849.9999999999271 649.9999999998307 1999.851802359635
1248 849.9999999999276 699.9999999998871 1999.851802359636
1249 849.9999999999277 749.9999999999437 1999.851802359636
1250 899.9999999997283 249.9999999998197 2071.259202696458
1251 899.9999999997287 299.9999999998576 2071.259202696458
1252 899.9999999997286 349.9999999999143 2071.259202696458
1253 899.9999999997286 399.9999999999707 2071.259202696458
1254 899.9999999997286 450.0000000000271 2071.259202696458
1255 899.999999999729 499.9999999996727 2071.259202696458
1256 899.9999999997287 549.9999999997181 2071.259202696458
1257 899.9999999997289 599.9999999997742 2071.259202696458
1258 899.9999999997289 649.9999999998308 2071.259202696458
1259 899.9999999997289 699.9999999998871 2071.259202696458
1260 899.999999999729 749.9999999999438 2071.259202696458
1261 949.9999999998849 249.9999999998196 2142.666603033787
1262 949.9999999998852 299.9999999998576 2142.666603033787
1263 949.9999999998853 349.9999999999142 2142.666603033787
1264 949.9999999998848 399.9999999999705 2142.666603033787
1265 949.9999999998846 450.000000000027 2142.666603033786
1266 949.9999999998852 499.9999999996728 2142.666603033787
1267 949.9999999998852 549.9999999997183 2142.666603033787
1268 949.9999999998853 599.9999999997744 2142.666603033787
1269 949.9999999998853 649.9999999998311 2142.666603033787
1270 949.9999999998853 699.9999999998873 2142.666603033787
1271 949.9999999998854 749.9999999999438 2142.666603033787
1272 49.99999999983766 849.9999999999999 857.3333969658169
1273 49.99999999983766 900.0000000000001 857.333396965817
1274 49.99999999983709 950.0000000000001 857.3333969658163
1275 99.99999999977945 850.0000000000002 928.7407973028395
1276 99.99999999977945 899.9999999999999 928.7407973028396
1277 99.99999999977945 949.9999999999999 928.7407973028396
1278 149.9999999998315 850.0000000000002 1000.148197640019
1279 149.9999999998316 899.9999999999999 1000.14819764002
1280 149.9999999998316 950.0000000000002 1000.14819764002
1281 249.9999999998613 849.9999999999998 1142.962998314273
1282 249.999999999861 900.0000000000001 1142.962998314272
1283 249.9999999998615 950 1142.962998314272
1284 299.9999999998423 850 1214.370398651351
1285 299.9999999998425 900.0000000000001 1214.370398651351
1286 299.9999999998424 949.9999999999999 1214.370398651351
1287 349.9999999997325 850 1285.7777989883
1288 349.9999999997323 899.9999999999999 1285.7777989883
1289 349.9999999997325 950 1285.7777989883
1290 399.9999999996502 850 1357.185199325289
1291 399.9999999996503 899.9999999999997 1357.185199325289
1292 399.9999999996508 950.0000000000002 1357.185199325289
1293 449.9999999996029 849.9999999999999 1428.592599662327
1294 449.9999999996028 900.0000000000001 1428.592599662326
1295 449.9999999996027 949.9999999999999 1428.592599662326
1296 499.9999999993923 850.0000000000001 1499.999999999132
1297 499.9999999993922 900 1499.999999999131
1298 499.9999999993925 950.0000000000001 1499.999999999131
1299 549.9999999994383 850.0000000000001 1571.407400336303
1300 549.9999999994382 900 1571.407400336303
1301 549.9999999994386 949.9999999999999 1571.407400336303
1302 599.9999999995092 850.0000000000001 1642.81480067351
1303 599.9999999995089 900 1642.81480067351
1304 599.9999999995093 949.9999999999999 1642.81480067351
1305 649.9999999996418 850 1714.222201010806
1306 649.9999999996419 900 1714.222201010806
1307 649.9999999996426 949.9999999999999 1714.222201010806
1308 699.9999999997682 850.0000000000001 1785.629601348092
1309 699.9999999997685 900.0000000000001 1785.629601348092
1310 699.999999999769 950 1785.629601348092
1311 749.9999999999294 849.9999999999998 1857.037001685427
1312 749.9999999999295 900 1857.037001685427
1313 749.9999999999297 950 1857.037001685427
1314 849.9999999999271 850 1999.851802359635
1315 849.9999999999275 900 1999.851802359636
1316 849.9999999999277 950 1999.851802359636
1317 899.9999999997286 849.9999999999999 2071.259202696458
1318 899.9999999997287 900 2071.259202696458
1319 899.999999999729 950.0000000000002 2071.259202696458
1320 949.9999999998853 850.0000000000001 2142.666603033787
1321 949.9999999998852 900 2142.666603033787
1322 949.9999999998856 949.9999999999999 2142.666603033787
1323 49.99999999977625 49.99999999977625 3000
1324 49.99999999977625 99.99999999964729 3000
1325 49.99999999977625 149.9999999997265 3000
1326 99.99999999964729 49.99999999977625 3000
1327 99.99999999964729 99.99999999964729 3000
1328 99.99999999964729 149.9999999997265 3000
1329 149.9999999997265 49.99999999977625 3000
1330 149.9999999997265 99.99999999964729 3000
1331 149.9999999997265 149.9999999997265 3000
1332 249.9999999998198 49.99999999977625 3000
1333 249.9999999998197 99.9999999996473 3000
1334 249.9999999998197 149.9999999997265 3000
1335 299.9999999998577 49.99999999977625 3000
1336 299.9999999998578 99.9999999996473 3000
1337 299.9999999998578 149.9999999997265 3000
1338 349.9999999999143 49.99999999977625 3000
1339 349.9999999999143 99.99999999964729 3000
1340 349.9999999999143 149.9999999997265 3000
1341 399.9999999999707 49.99999999977624 3000
1342 399.9999999999707 99.99999999964729 3000
1343 399.9999999999707 149.9999999997265 3000
1344 450.000000000027 49.99999999977625 3000
1345 450.0000000000271 99.99999999964729 3000
1346 450.0000000000271 149.9999999997265 3000
1347 499.9999999996727 49.99999999977625 3000
1348 499.9999999996726 99.99999999964729 3000
1349 499.9999999996728 149.9999999997264 3000
1350 549.9999999997182 49.99999999977625 3000
1351 549.9999999997181 99.99999999964729 3000
1352 549.9999999997181 149.9999999997265 3000
1353 599.9999999997744 49.99999999977625 3000
1354 599.9999999997746 99.99999999964729 3000
1355 599.9999999997744 149.9999999997265 3000
1356 649.9999999998308 49.99999999977625 3000
1357 649.9999999998309 99.99999999964729 3000
1358 649.9999999998308 149.9999999997265 3000
1359 699.9999999998871 49.99999999977624 3000
1360 699.9999999998872 99.9999999996473 3000
1361 699.9999999998872 149.9999999997265 3000
1362 749.9999999999436 49.99999999977625 3000
1363 749.9999999999435 99.99999999964729 3000
1364 749.9999999999436 149.9999999997265 3000
1365 849.9999999999999 49.99999999977625 3000
1366 850 99.9999999996473 3000
1367 850 149.9999999997265 3000
1368 899.9999999999999 49.99999999977625 3000
1369 900 99.99999999964729 3000
1370 900 149.9999999997265 3000
1371 949.9999999999999 49.99999999977625 3000
1372 950 99.9999999996473 3000
1373 950 149.9999999997265 3000
1374 49.99999999977624 249.9999999998196 3000
1375 49.99999999977625 299.9999999998577 3000
1376 49.99999999977625 349.9999999999143 3000
1377 49.99999999977624 399.9999999999706 3000
1378 49.99999999977625 450.0000000000271 3000
1379 49.99999999977625 499.9999999996728 3000
1380 49.99999999977625 549.9999999997181 3000
1381 49.99999999977625 599.9999999997744 3000
1382 49.99999999977625 649.9999999998308 3000
1383 49.99999999977624 699.9999999998871 3000
1384 49.99999999977625 749.9999999999436 3000
1385 99.9999999996473 249.9999999998196 3000
1386 99.9999999996473 299.9999999998577 3000
1387 99.99999999964729 349.9999999999143 3000
1388 99.99999999964729 399.9999999999706 3000
1389 99.99999999964729 450.0000000000271 3000
1390 99.99999999964729 499.9999999996728 3000
1391 99.99999999964729 549.9999999997181 3000
1392 99.99999999964729 599.9999999997744 3000
1393 99.99999999964729 649.9999999998308 3000
1394 99.9999999996473 699.9999999998872 3000
1395 99.99999999964729 749.9999999999436 3000
1396 149.9999999997265 249.9999999998196 3000
1397 149.9999999997264 299.9999999998578 3000
1398 149.9999999997265 349.9999999999142 3000
1399 149.9999999997265 399.9999999999707 3000
1400 149.9999999997265 450.0000000000271 3000
1401 149.9999999997265 499.9999999996728 3000
1402 149.9999999997265 549.9999999997181 3000
1403 149.9999999997265 599.9999999997744 3000
1404 149.9999999997265 649.9999999998308 3000
1405 149.9999999997265 699.9999999998872 3000
1406 149.9999999997265 749.9999999999435 3000
1407 249.9999999998196 249.9999999998196 3000
1408 249.9999999998197 299.9999999998577 3000
1409 249.9999999998197 349.9999999999143 3000
1410 249.9999999998197 399.9999999999707 3000
1411 249.9999999998197 450.0000000000271 3000
1412 249.9999999998197 499.9999999996728 3000
1413 249.9999999998197 549.9999999997181 3000
1414 249.9999999998197 599.9999999997744 3000
1415 249.9999999998197 649.9999999998308 3000
1416 249.9999999998197 699.9999999998872 3000
1417 249.9999999998197 749.9999999999436 3000
1418 299.9999999998578 249.9999999998197 3000
1419 299.9999999998578 299.9999999998578 3000
1420 299.9999999998577 349.9999999999143 3000
1421 299.9999999998577 399.9999999999707 3000
1422 299.9999999998576 450.0000000000269 3000
1423 299.9999999998577 499.9999999996727 3000
1424 299.9999999998577 549.9999999997181 3000
1425 299.9999999998578 599.9999999997746 3000
1426 299.9999999998577 649.9999999998309 3000
1427 299.9999999998577 699.9999999998872 3000
1428 299.9999999998577 749.9999999999436 3000
1429 349.9999999999141 249.9999999998196 3000
1430 349.9999999999143 299.9999999998577 3000
1431 349.9999999999142 349.9999999999142 3000
1432 349.9999999999142 399.9999999999706 3000
1433 349.9999999999142 450.0000000000271 3000
1434 349.9999999999143 499.9999999996728 3000
1435 349.9999999999143 549.9999999997181 3000
1436 349.9999999999143 599.9999999997744 3000
1437 349.9999999999143 649.9999999998308 3000
1438 349.9999999999143 699.9999999998872 3000
1439 349.9999999999143 749.9999999999436 3000
1440 399.9999999999707 249.9999999998196 3000
1441 399.9999999999707 299.9999999998577 3000
1442 399.9999999999706 349.9999999999143 3000
1443 399.9999999999708 399.9999999999706 3000
1444 399.9999999999707 450.0000000000271 3000
1445 399.9999999999707 499.9999999996727 3000
1446 399.9999999999706 549.9999999997181 3000
1447 399.9999999999707 599.9999999997744 3000
1448 399.9999999999707 649.9999999998308 3000
1449 399.9999999999706 699.9999999998871 3000
1450 399.9999999999707 749.9999999999436 3000
1451 450.0000000000271 249.9999999998197 3000
1452 450.000000000027 299.9999999998576 3000
1453 450.0000000000271 349.9999999999143 3000
1454 450.0000000000271 399.9999999999707 3000
1455 450.0000000000271 450.0000000000271 3000
1456 450.0000000000271 499.9999999996727 3000
1457 450.0000000000271 549.9999999997181 3000
1458 450.0000000000271 599.9999999997746 3000
1459 450.0000000000271 649.9999999998308 3000
1460 450.0000000000271 699.9999999998872 3000
1461 450.0000000000271 749.9999999999436 3000
1462 499.9999999996728 249.9999999998197 3000
1463 499.9999999996727 299.9999999998576 3000
1464 499.9999999996728 349.9999999999143 3000
1465 499.9999999996727 399.9999999999707 3000
1466 499.9999999996726 450.0000000000271 3000
1467 499.9999999996728 499.9999999996727 3000
1468 499.9999999996729 549.9999999997181 3000
1469 499.9999999996727 599.9999999997744 3000
1470 499.9999999996728 649.9999999998308 3000
1471 499.9999999996727 699.9999999998872 3000
1472 499.9999999996728 749.9999999999436 3000
1473 549.9999999997181 249.9999999998196 3000
1474 549.9999999997181 299.9999999998577 3000
1475 549.9999999997181 349.9999999999143 3000
1476 549.9999999997181 399.9999999999707 3000
1477 549.9999999997181 450.0000000000271 3000
1478 549.9999999997181 499.9999999996728 3000
1479 549.9999999997181 549.9999999997181 3000
1480 549.9999999997181 599.9999999997744 3000
1481 549.9999999997181 649.9999999998308 3000
1482 549.9999999997181 699.9999999998872 3000
1483 549.9999999997181 749.9999999999436 3000
1484 599.9999999997744 249.9999999998196 3000
1485 599.9999999997747 299.9999999998578 3000
1486 599.9999999997744 349.9999999999142 3000
1487 599.9999999997744 399.9999999999707 3000
1488 599.9999999997744 450.0000000000271 3000
1489 599.9999999997744 499.9999999996726 3000
1490 599.9999999997744 549.9999999997181 3000
1491 599.9999999997746 599.9999999997744 3000
1492 599.9999999997744 649.9999999998308 3000
1493 599.9999999997744 699.9999999998872 3000
1494 599.9999999997746 749.9999999999436 3000
1495 649.9999999998307 249.9999999998196 3000
1496 649.9999999998307 299.9999999998578 3000
1497 649.9999999998309 349.9999999999143 3000
1498 649.9999999998308 399.9999999999707 3000
1499 649.9999999998308 450.0000000000271 3000
1500 649.9999999998308 499.9999999996728 3000
1501 649.9999999998308 549.9999999997181 3000
1502 649.9999999998308 599.9999999997744 3000
1503 649.9999999998308 649.9999999998308 3000
1504 649.9999999998308 699.9999999998872 3000
1505 649.9999999998308 749.9999999999436 3000
1506 699.9999999998872 249.9999999998196 3000
1507 699.9999999998872 299.9999999998578 3000
1508 699.9999999998872 349.9999999999143 3000
1509 699.9999999998871 399.9999999999706 3000
1510 699.9999999998871 450.0000000000271 3000
1511 699.9999999998871 499.9999999996727 3000
1512 699.9999999998872 549.9999999997181 3000
1513 699.9999999998871 599.9999999997744 3000
1514 699.9999999998872 649.9999999998308 3000
1515 699.9999999998872 699.9999999998872 3000
1516 699.9999999998871 749.9999999999436 3000
1517 749.9999999999436 249.9999999998196 3000
1518 749.9999999999436 299.9999999998577 3000
1519 749.9999999999437 349.9999999999142 3000
1520 749.9999999999436 399.9999999999707 3000
1521 749.9999999999436 450.0000000000271 3000
1522 749.9999999999436 499.9999999996727 3000
1523 749.9999999999436 549.9999999997181 3000
1524 749.9999999999437 599.9999999997746 3000
1525 749.9999999999436 649.9999999998308 3000
1526 749.9999999999436 699.9999999998872 3000
1527 749.9999999999436 749.9999999999436 3000
1528 850 249.9999999998197 3000
1529 850 299.9999999998576 3000
1530 850 349.9999999999142 3000
1531 850.0000000000002 399.9999999999705 3000
1532 849.9999999999998 450.0000000000269 3000
1533 850 499.9999999996727 3000
1534 850 549.9999999997178 3000
1535 850 599.9999999997743 3000
1536 850 649.9999999998306 3000
1537 850 699.999999999887 3000
1538 850 749.9999999999436 3000
1539 900 249.9999999998197 3000
1540 899.9999999999998 299.9999999998576 3000
1541 900 349.9999999999142 3000
1542 899.9999999999999 399.9999999999706 3000
1543 900 450.0000000000269 3000
1544 899.9999999999999 499.9999999996726 3000
1545 900.0000000000001 549.9999999997178 3000
1546 900 599.9999999997743 3000
1547 900 649.9999999998306 3000
1548 900 699.999999999887 3000
1549 900 749.9999999999435 3000
1550 950.0000000000001 249.9999999998196 3000
1551 950 299.9999999998576 3000
1552 950.0000000000001 349.9999999999143 3000
1553 950 399.9999999999705 3000
1554 950 450.0000000000269 3000
1555 949.9999999999998 499.9999999996727 3000
1556 949.9999999999999 549.9999999997177 3000
1557 950.0000000000001 599.9999999997743 3000
1558 950 649.9999999998306 3000
1559 950 699.9999999998871 3000
1560 950.0000000000001 749.9999999999436 3000
1561 49.99999999977625 850 3000
1562 49.99999999977625 900 3000
1563 49.99999999977625 949.9999999999999 3000
1564 99.9999999996473 850 3000
1565 99.99999999964729 900 3000
1566 99.9999999996473 950 3000
1567 149.9999999997265 850 3000
1568 149.9999999997265 900 3000
1569 149.9999999997265 950 3000
1570 249.9999999998197 849.9999999999998 3000
1571 249.9999999998197 899.9999999999998 3000
1572 249.9999999998197 949.9999999999995 3000
1573 299.9999999998577 849.9999999999995 3000
1574 299.9999999998577 899.9999999999999 3000
1575 299.9999999998577 949.9999999999995 3000
1576 349.9999999999143 849.9999999999999 3000
1577 349.9999999999143 899.9999999999997 3000
1578 349.9999999999143 949.9999999999994 3000
1579 399.9999999999706 849.9999999999997 3000
1580 399.9999999999706 899.9999999999999 3000
1581 399.9999999999706 950 3000
1582 450.0000000000271 849.9999999999997 3000
1583 450.0000000000271 899.9999999999999 3000
1584 450.0000000000271 949.9999999999997 3000
1585 499.9999999996726 849.9999999999998 3000
1586 499.9999999996728 899.9999999999999 3000
1587 499.9999999996728 949.9999999999997 3000
1588 549.9999999997181 849.9999999999998 3000
1589 549.9999999997181 899.9999999999998 3000
1590 549.9999999997181 949.9999999999995 3000
1591 599.9999999997744 850 3000
1592 599.9999999997746 899.9999999999998 3000
1593 599.9999999997744 949.9999999999997 3000
1594 649.9999999998308 849.9999999999998 3000
1595 649.9999999998308 899.9999999999998 3000
1596 649.9999999998308 949.9999999999995 3000
1597 699.9999999998872 849.9999999999998 3000
1598 699.9999999998871 899.9999999999998 3000
1599 699.9999999998872 949.9999999999995 3000
1600 749.9999999999436 849.9999999999998 3000
1601 749.9999999999437 899.9999999999997 3000
1602 749.9999999999436 949.9999999999995 3000
1603 850 850 3000
1604 850 900 3000
1605 850 950 3000
1606 900 850 3000
1607 900 900 3000
1608 900 950 3000
1609 950 850 3000
1610 950 900 3000
1611 950 950 3000
1612 0 49.99999999977625 78.59259966274014
1613 0 49.99999999977625 157.1851993254489
1614 0 49.99999999977625 235.7777989881259
1615 0 49.99999999977625 314.3703986508031
1616 0 49.99999999977625 392.9629983134581
1617 0 49.99999999977625 471.5555979765501
1618 0 49.99999999977625 550.1481976396492
1619 0 49.99999999977625 628.7407973027528
1620 0 49.99999999977624 707.3333969658478
1621 0 99.99999999964729 78.59259966274014
1622 0 99.99999999964726 157.1851993254489
1623 0 99.9999999996473 235.7777989881259
1624 0 99.99999999964729 314.3703986508031
1625 0 99.99999999964729 392.9629983134581
1626 0 99.99999999964729 471.5555979765502
1627 0 99.99999999964729 550.1481976396492
1628 0 99.99999999964729 628.7407973027529
1629 0 99.99999999964729 707.3333969658479
1630 0 149.9999999997265 78.59259966274014
1631 0 149.9999999997265 157.1851993254488
1632 0 149.9999999997265 235.7777989881259
1633 0 149.9999999997265 314.3703986508031
1634 0 149.9999999997265 392.9629983134579
1635 0 149.9999999997265 471.5555979765501
1636 0 149.9999999997265 550.1481976396493
1637 0 149.9999999997265 628.7407973027528
1638 0 149.9999999997265 707.3333969658478
1639 200 49.99999999977623 107.1555597975447
1640 200 49.99999999977626 214.3111195949941
1641 200 49.99999999977625 321.4666793924151
1642 200 49.99999999977624 428.6222391898107
1643 200 49.99999999977625 535.7777989872127
1644 200 49.99999999977625 642.9333587852211
1645 200 49.99999999977625 750.0889185832293
1646 200 49.99999999977625 857.2444783812379
1647 200 49.99999999977625 964.4000381792461
1648 200 99.99999999964729 107.1555597975447
1649 200 99.9999999996473 214.3111195949941
1650 200 99.9999999996473 321.4666793924151
1651 200 99.99999999964727 428.6222391898107
1652 200 99.99999999964729 535.7777989872128
1653 200 99.99999999964729 642.9333587852211
1654 200 99.99999999964729 750.0889185832293
1655 200 99.99999999964729 857.244478381238
1656 200 99.99999999964729 964.4000381792462
1657 200 149.9999999997265 107.1555597975447
1658 200 149.9999999997265 214.3111195949941
1659 200 149.9999999997265 321.4666793924151
1660 200 149.9999999997265 428.6222391898107
1661 200 149.9999999997265 535.7777989872128
1662 200 149.9999999997265 642.9333587852211
1663 200 149.9999999997265 750.0889185832293
1664 200 149.9999999997265 857.2444783812379
1665 200 149.9999999997265 964.4000381792462
1666 800 49.99999999977625 192.8444402019135
1667 800 49.99999999977626 385.6888804036838
1668 800 49.99999999977625 578.5333206054017
1669 800 49.99999999977625 771.3777608071018
1670 800 49.99999999977625 964.2222010088241
1671 800 49.99999999977625 1157.066641211533
1672 800 49.99999999977625 1349.911081414308
1673 800 49.99999999977626 1542.755521617084
1674 800 49.99999999977624 1735.599961819859
1675 800 99.99999999964733 192.8444402019135
1676 800 99.99999999964729 385.6888804036837
1677 800 99.99999999964729 578.5333206054017
1678 800 99.99999999964729 771.3777608071018
1679 800 99.9999999996473 964.2222010088242
1680 800 99.99999999964729 1157.066641211533
1681 800 99.99999999964729 1349.911081414308
1682 800 99.9999999996473 1542.755521617083
1683 800 99.99999999964729 1735.599961819859
1684 800 149.9999999997265 192.8444402019135
1685 800 149.9999999997265 385.6888804036838
1686 800 149.9999999997265 578.5333206054017
1687 800 149.9999999997265 771.3777608071019
1688 800 149.9999999997265 964.2222010088242
1689 800 149.9999999997265 1157.066641211533
1690 800 149.9999999997265 1349.911081414308
1691 800 149.9999999997265 1542.755521617083
1692 800 149.9999999997265 1735.599961819859
1693 1000 49.99999999977626 221.4074003366208
1694 1000 49.99999999977626 442.8148006732116
1695 1000 49.99999999977625 664.2222010097182
1696 1000 49.99999999977624 885.6296013462475
1697 1000 49.99999999977625 1107.037001682835
1698 1000 49.99999999977625 1328.444402020435
1699 1000 49.99999999977625 1549.851802358151
1700 1000 49.99999999977625 1771.259202695786
1701 1000 49.99999999977625 1992.666603033501
1702 1000 99.99999999964729 221.4074003366208
1703 1000 99.9999999996473 442.8148006732116
1704 1000 99.99999999964729 664.2222010097182
1705 1000 99.99999999964726 885.6296013462476
1706 1000 99.99999999964729 1107.037001682835
1707 1000 99.99999999964729 1328.444402020435
1708 1000 99.99999999964729 1549.85180235815
1709 1000 99.99999999964729 1771.259202695786
1710 1000 99.99999999964729 1992.666603033501
1711 1000 149.9999999997265 221.4074003366208
1712 1000 149.9999999997265 442.8148006732115
1713 1000 149.9999999997265 664.2222010097182
1714 1000 149.9999999997265 885.6296013462475
1715 1000 149.9999999997265 1107.037001682835
1716 1000 149.9999999997265 1328.444402020435
1717 1000 149.9999999997265 1549.851802358151
1718 1000 149.9999999997265 1771.259202695786
1719 1000 149.9999999997265 1992.666603033502
1720 0 249.9999999998197 78.59259966274014
1721 0 249.9999999998197 157.1851993254488
1722 0 249.9999999998197 235.777798988126
1723 0 249.9999999998197 314.3703986508031
1724 0 249.9999999998197 392.9629983134581
1725 0 249.9999999998197 471.5555979765501
1726 0 249.9999999998197 550.1481976396492
1727 0 249.9999999998197 628.7407973027529
1728 0 249.9999999998197 707.3333969658477
1729 0 299.9999999998577 78.59259966274013
1730 0 299.9999999998577 157.1851993254489
1731 0 299.9999999998577 235.7777989881259
1732 0 299.9999999998577 314.3703986508031
1733 0 299.9999999998577 392.962998313458
1734 0 299.9999999998577 471.5555979765501
1735 0 299.9999999998577 550.1481976396492
1736 0 299.9999999998577 628.7407973027529
1737 0 299.9999999998577 707.3333969658477
1738 0 349.9999999999143 78.59259966274016
1739 0 349.9999999999143 157.1851993254489
1740 0 349.9999999999143 235.7777989881259
1741 0 349.9999999999143 314.3703986508031
1742 0 349.9999999999143 392.9629983134582
1743 0 349.9999999999143 471.5555979765502
1744 0 349.9999999999143 550.1481976396492
1745 0 349.9999999999143 628.7407973027528
1746 0 349.9999999999143 707.3333969658478
1747 0 399.9999999999707 78.59259966274016
1748 0 399.9999999999707 157.1851993254489
1749 0 399.9999999999707 235.7777989881259
1750 0 399.9999999999707 314.3703986508031
1751 0 399.9999999999707 392.9629983134582
1752 0 399.9999999999707 471.5555979765502
1753 0 399.9999999999706 550.1481976396492
1754 0 399.9999999999706 628.7407973027528
1755 0 399.9999999999706 707.3333969658479
1756 0 450.0000000000271 78.59259966274013
1757 0 450.000000000027 157.1851993254489
1758 0 450.0000000000271 235.7777989881259
1759 0 450.0000000000271 314.3703986508031
1760 0 450.0000000000271 392.9629983134581
1761 0 450.0000000000271 471.5555979765501
1762 0 450.0000000000271 550.1481976396492
1763 0 450.0000000000271 628.7407973027529
1764 0 450.0000000000271 707.3333969658479
1765 0 499.9999999996729 78.59259966274013
1766 0 499.9999999996729 157.1851993254489
1767 0 499.9999999996727 235.777798988126
1768 0 499.9999999996728 314.3703986508031
1769 0 499.9999999996728 392.962998313458
1770 0 499.9999999996728 471.5555979765501
1771 0 499.9999999996729 550.1481976396492
1772 0 499.9999999996728 628.7407973027526
1773 0 499.9999999996729 707.3333969658476
1774 0 549.9999999997179 78.59259966274016
1775 0 549.9999999997181 157.1851993254489
1776 0 549.9999999997181 235.7777989881259
1777 0 549.9999999997182 314.3703986508031
1778 0 549.9999999997181 392.9629983134581
1779 0 549.9999999997181 471.5555979765502
1780 0 549.9999999997181 550.1481976396492
1781 0 549.9999999997181 628.7407973027528
1782 0 549.9999999997181 707.3333969658478
1783 0 599.9999999997743 78.59259966274014
1784 0 599.9999999997744 157.1851993254488
1785 0 599.9999999997746 235.7777989881259
1786 0 599.9999999997744 314.3703986508031
1787 0 599.9999999997746 392.962998313458
1788 0 599.9999999997744 471.5555979765502
1789 0 599.9999999997744 550.1481976396493
1790 0 599.9999999997746 628.7407973027529
1791 0 599.9999999997744 707.3333969658479
1792 0 649.9999999998308 78.59259966274014
1793 0 649.9999999998309 157.1851993254489
1794 0 649.9999999998307 235.7777989881259
1795 0 649.9999999998309 314.3703986508031
1796 0 649.9999999998309 392.962998313458
1797 0 649.9999999998309 471.5555979765501
1798 0 649.9999999998308 550.1481976396492
1799 0 649.9999999998308 628.7407973027529
1800 0 649.9999999998308 707.3333969658478
1801 0 699.9999999998876 78.59259966274014
1802 0 699.9999999998871 157.1851993254489
1803 0 699.9999999998872 235.7777989881259
1804 0 699.9999999998872 314.3703986508031
1805 0 699.9999999998871 392.9629983134581
1806 0 699.9999999998872 471.5555979765501
1807 0 699.9999999998872 550.1481976396492
1808 0 699.9999999998872 628.740797302753
1809 0 699.9999999998872 707.3333969658478
1810 0 749.9999999999435 78.59259966274014
1811 0 749.9999999999437 157.1851993254489
1812 0 749.9999999999436 235.7777989881259
1813 0 749.9999999999436 314.3703986508031
1814 0 749.9999999999436 392.9629983134581
1815 0 749.9999999999437 471.5555979765502
1816 0 749.9999999999436 550.1481976396492
1817 0 749.9999999999436 628.7407973027529
1818 0 749.9999999999436 707.3333969658478
1819 200 249.9999999998197 107.1555597975447
1820 200 249.9999999998197 214.3111195949941
1821 200 249.9999999998196 321.4666793924152
1822 200 249.9999999998197 428.6222391898107
1823 200 249.9999999998197 535.7777989872128
1824 200 249.9999999998197 642.9333587852211
1825 200 249.9999999998197 750.0889185832293
1826 200 249.9999999998197 857.244478381238
1827 200 249.9999999998197 964.4000381792462
1828 200 299.9999999998577 107.1555597975446
1829 200 299.9999999998577 214.3111195949941
1830 200 299.9999999998577 321.4666793924151
1831 200 299.9999999998577 428.6222391898107
1832 200 299.9999999998578 535.7777989872128
1833 200 299.9999999998577 642.933358785221
1834 200 299.9999999998577 750.0889185832293
1835 200 299.9999999998577 857.2444783812377
1836 200 299.9999999998578 964.4000381792463
1837 200 349.9999999999142 107.1555597975447
1838 200 349.9999999999143 214.3111195949941
1839 200 349.9999999999143 321.4666793924151
1840 200 349.9999999999143 428.6222391898107
1841 200 349.9999999999143 535.7777989872127
1842 200 349.9999999999143 642.933358785221
1843 200 349.9999999999143 750.0889185832293
1844 200 349.9999999999143 857.2444783812381
1845 200 349.9999999999143 964.4000381792461
1846 200 399.9999999999707 107.1555597975447
1847 200 399.9999999999706 214.3111195949941
1848 200 399.9999999999707 321.4666793924151
1849 200 399.9999999999707 428.6222391898107
1850 200 399.9999999999706 535.7777989872128
1851 200 399.9999999999707 642.9333587852211
1852 200 399.9999999999707 750.0889185832293
1853 200 399.9999999999707 857.2444783812382
1854 200 399.9999999999706 964.4000381792461
1855 200 450.0000000000271 107.1555597975446
1856 200 450.0000000000271 214.311119594994
1857 200 450.0000000000271 321.4666793924151
1858 200 450.0000000000272 428.6222391898107
1859 200 450.0000000000271 535.7777989872127
1860 200 450.0000000000271 642.9333587852209
1861 200 450.0000000000271 750.0889185832293
1862 200 450.0000000000271 857.2444783812377
1863 200 450.000000000027 964.4000381792462
1864 200 499.9999999996726 107.1555597975446
1865 200 499.9999999996727 214.3111195949941
1866 200 499.9999999996729 321.4666793924151
1867 200 499.9999999996728 428.6222391898107
1868 200 499.9999999996729 535.7777989872126
1869 200 499.9999999996728 642.9333587852209
1870 200 499.9999999996727 750.0889185832293
1871 200 499.9999999996729 857.2444783812377
1872 200 499.9999999996727 964.4000381792462
1873 200 549.9999999997181 107.1555597975447
1874 200 549.9999999997181 214.3111195949941
1875 200 549.9999999997181 321.4666793924151
1876 200 549.9999999997179 428.6222391898107
1877 200 549.9999999997181 535.7777989872127
1878 200 549.9999999997182 642.9333587852211
1879 200 549.9999999997181 750.0889185832293
1880 200 549.9999999997181 857.244478381238
1881 200 549.9999999997182 964.4000381792462
1882 200 599.9999999997746 107.1555597975447
1883 200 599.9999999997744 214.311119594994
1884 200 599.9999999997744 321.4666793924151
1885 200 599.9999999997746 428.6222391898107
1886 200 599.9999999997744 535.7777989872128
1887 200 599.9999999997744 642.933358785221
1888 200 599.9999999997746 750.0889185832293
1889 200 599.9999999997744 857.2444783812379
1890 200 599.9999999997744 964.4000381792462
1891 200 649.9999999998309 107.1555597975446
1892 200 649.9999999998306 214.3111195949941
1893 200 649.9999999998307 321.4666793924151
1894 200 649.9999999998309 428.6222391898107
1895 200 649.9999999998308 535.7777989872128
1896 200 649.9999999998308 642.9333587852211
1897 200 649.9999999998307 750.0889185832293
1898 200 649.9999999998309 857.244478381238
1899 200 649.9999999998309 964.4000381792462
1900 200 699.9999999998872 107.1555597975447
1901 200 699.9999999998875 214.3111195949941
1902 200 699.9999999998872 321.4666793924151
1903 200 699.9999999998872 428.6222391898107
1904 200 699.9999999998872 535.7777989872128
1905 200 699.9999999998872 642.9333587852211
1906 200 699.9999999998872 750.0889185832294
1907 200 699.9999999998871 857.2444783812379
1908 200 699.9999999998871 964.4000381792462
1909 200 749.9999999999436 107.1555597975447
1910 200 749.9999999999436 214.3111195949941
1911 200 749.9999999999435 321.4666793924151
1912 200 749.9999999999434 428.6222391898107
1913 200 749.9999999999436 535.7777989872128
1914 200 749.9999999999436 642.9333587852211
1915 200 749.9999999999436 750.0889185832292
1916 200 749.9999999999437 857.244478381238
1917 200 749.9999999999437 964.4000381792462
1918 800 249.9999999998197 192.8444402019135
1919 800 249.9999999998198 385.6888804036837
1920 800 249.9999999998197 578.5333206054019
1921 800 249.9999999998197 771.3777608071018
1922 800 249.9999999998197 964.2222010088241
1923 800 249.9999999998197 1157.066641211532
1924 800 249.9999999998197 1349.911081414308
1925 800 249.9999999998197 1542.755521617083
1926 800 249.9999999998197 1735.599961819859
1927 800 299.9999999998577 192.8444402019134
1928 800 299.9999999998577 385.6888804036837
1929 800 299.9999999998577 578.5333206054019
1930 800 299.9999999998577 771.3777608071019
1931 800 299.9999999998578 964.2222010088241
1932 800 299.9999999998577 1157.066641211533
1933 800 299.9999999998577 1349.911081414308
1934 800 299.9999999998577 1542.755521617083
1935 800 299.9999999998578 1735.599961819859
1936 800 349.9999999999143 192.8444402019135
1937 800 349.9999999999142 385.6888804036837
1938 800 349.9999999999142 578.5333206054017
1939 800 349.9999999999143 771.3777608071018
1940 800 349.9999999999143 964.2222010088244
1941 800 349.9999999999143 1157.066641211533
1942 800 349.9999999999143 1349.911081414308
1943 800 349.9999999999143 1542.755521617083
1944 800 349.9999999999143 1735.599961819859
1945 800 399.9999999999707 192.8444402019135
1946 800 399.9999999999706 385.6888804036837
1947 800 399.9999999999706 578.5333206054017
1948 800 399.9999999999707 771.3777608071018
1949 800 399.9999999999707 964.2222010088242
1950 800 399.9999999999707 1157.066641211533
1951 800 399.9999999999707 1349.911081414308
1952 800 399.9999999999707 1542.755521617083
1953 800 399.9999999999707 1735.599961819859
1954 800 450.0000000000271 192.8444402019134
1955 800 450.0000000000271 385.6888804036838
1956 800 450.0000000000269 578.5333206054019
1957 800 450.000000000027 771.3777608071018
1958 800 450.0000000000271 964.222201008824
1959 800 450.0000000000271 1157.066641211533
1960 800 450.0000000000271 1349.911081414308
1961 800 450.0000000000271 1542.755521617083
1962 800 450.0000000000271 1735.599961819859
1963 800 499.9999999996728 192.8444402019134
1964 800 499.9999999996728 385.6888804036837
1965 800 499.9999999996729 578.5333206054017
1966 800 499.9999999996728 771.3777608071019
1967 800 499.9999999996728 964.2222010088242
1968 800 499.9999999996726 1157.066641211532
1969 800 499.9999999996726 1349.911081414308
1970 800 499.9999999996728 1542.755521617083
1971 800 499.9999999996728 1735.599961819859
1972 800 549.9999999997181 192.8444402019135
1973 800 549.9999999997181 385.6888804036837
1974 800 549.9999999997181 578.5333206054017
1975 800 549.9999999997182 771.3777608071018
1976 800 549.9999999997181 964.2222010088243
1977 800 549.9999999997181 1157.066641211533
1978 800 549.9999999997181 1349.911081414308
1979 800 549.9999999997181 1542.755521617083
1980 800 549.9999999997181 1735.599961819859
1981 800 599.9999999997744 192.8444402019135
1982 800 599.9999999997743 385.6888804036837
1983 800 599.9999999997744 578.5333206054017
1984 800 599.9999999997744 771.3777608071018
1985 800 599.9999999997746 964.222201008824
1986 800 599.9999999997744 1157.066641211533
1987 800 599.9999999997746 1349.911081414308
1988 800 599.9999999997744 1542.755521617083
1989 800 599.9999999997744 1735.599961819859
1990 800 649.9999999998309 192.8444402019135
1991 800 649.9999999998308 385.6888804036837
1992 800 649.9999999998308 578.5333206054017
1993 800 649.9999999998309 771.3777608071019
1994 800 649.9999999998309 964.2222010088242
1995 800 649.9999999998308 1157.066641211533
1996 800 649.9999999998308 1349.911081414308
1997 800 649.9999999998309 1542.755521617083
1998 800 649.9999999998307 1735.599961819859
1999 800 699.9999999998872 192.8444402019134
2000 800 699.9999999998875 385.6888804036837
2001 800 699.9999999998873 578.5333206054017
2002 800 699.9999999998872 771.3777608071018
2003 800 699.9999999998872 964.2222010088241
2004 800 699.9999999998871 1157.066641211533
2005 800 699.9999999998871 1349.911081414308
2006 800 699.9999999998872 1542.755521617083
2007 800 699.9999999998872 1735.599961819859
2008 800 749.999999999944 192.8444402019135
2009 800 749.9999999999435 385.6888804036837
2010 800 749.9999999999436 578.5333206054017
2011 800 749.9999999999436 771.3777608071018
2012 800 749.9999999999436 964.2222010088241
2013 800 749.9999999999436 1157.066641211533
2014 800 749.9999999999437 1349.911081414308
2015 800 749.9999999999436 1542.755521617083
2016 800 749.9999999999436 1735.599961819859
2017 1000 249.9999999998197 221.4074003366208
2018 1000 249.9999999998197 442.8148006732116
2019 1000 249.9999999998197 664.2222010097183
2020 1000 249.9999999998197 885.6296013462476
2021 1000 249.9999999998197 1107.037001682835
2022 1000 249.9999999998197 1328.444402020435
2023 1000 249.9999999998197 1549.85180235815
2024 1000 249.9999999998197 1771.259202695786
2025 1000 249.9999999998197 1992.666603033502
2026 1000 299.9999999998577 221.4074003366208
2027 1000 299.9999999998578 442.8148006732114
2028 1000 299.9999999998577 664.2222010097182
2029 1000 299.9999999998577 885.6296013462476
2030 1000 299.9999999998578 1107.037001682835
2031 1000 299.9999999998577 1328.444402020435
2032 1000 299.9999999998577 1549.85180235815
2033 1000 299.9999999998577 1771.259202695786
2034 1000 299.9999999998578 1992.666603033502
2035 1000 349.9999999999143 221.4074003366208
2036 1000 349.9999999999143 442.8148006732117
2037 1000 349.9999999999143 664.2222010097182
2038 1000 349.9999999999143 885.6296013462478
2039 1000 349.9999999999143 1107.037001682835
2040 1000 349.9999999999143 1328.444402020435
2041 1000 349.9999999999143 1549.851802358151
2042 1000 349.9999999999143 1771.259202695786
2043 1000 349.9999999999143 1992.666603033501
2044 1000 399.9999999999706 221.4074003366208
2045 1000 399.9999999999707 442.8148006732116
2046 1000 399.9999999999706 664.2222010097181
2047 1000 399.9999999999706 885.6296013462476
2048 1000 399.9999999999707 1107.037001682835
2049 1000 399.9999999999706 1328.444402020435
2050 1000 399.9999999999707 1549.85180235815
2051 1000 399.9999999999707 1771.259202695786
2052 1000 399.9999999999707 1992.666603033502
2053 1000 450.0000000000272 221.4074003366208
2054 1000 450.0000000000271 442.8148006732116
2055 1000 450.0000000000271 664.2222010097182
2056 1000 450.0000000000271 885.6296013462475
2057 1000 450.0000000000271 1107.037001682835
2058 1000 450.0000000000271 1328.444402020435
2059 1000 450.0000000000271 1549.85180235815
2060 1000 450.0000000000271 1771.259202695786
2061 1000 450.0000000000271 1992.666603033502
2062 1000 499.9999999996728 221.4074003366208
2063 1000 499.9999999996727 442.8148006732116
2064 1000 499.9999999996726 664.2222010097182
2065 1000 499.9999999996728 885.6296013462476
2066 1000 499.9999999996729 1107.037001682835
2067 1000 499.9999999996728 1328.444402020435
2068 1000 499.9999999996727 1549.85180235815
2069 1000 499.9999999996728 1771.259202695786
2070 1000 499.9999999996727 1992.666603033501
2071 1000 549.9999999997181 221.4074003366208
2072 1000 549.9999999997181 442.8148006732116
2073 1000 549.9999999997181 664.2222010097182
2074 1000 549.9999999997182 885.6296013462475
2075 1000 549.9999999997179 1107.037001682835
2076 1000 549.9999999997181 1328.444402020435
2077 1000 549.9999999997181 1549.85180235815
2078 1000 549.9999999997181 1771.259202695786
2079 1000 549.9999999997181 1992.666603033502
2080 1000 599.9999999997747 221.4074003366208
2081 1000 599.9999999997744 442.8148006732115
2082 1000 599.9999999997746 664.2222010097182
2083 1000 599.9999999997744 885.6296013462476
2084 1000 599.9999999997744 1107.037001682835
2085 1000 599.9999999997744 1328.444402020435
2086 1000 599.9999999997744 1549.85180235815
2087 1000 599.9999999997744 1771.259202695786
2088 1000 599.9999999997744 1992.666603033501
2089 1000 649.9999999998308 221.4074003366208
2090 1000 649.9999999998307 442.8148006732116
2091 1000 649.9999999998309 664.2222010097182
2092 1000 649.9999999998311 885.6296013462476
2093 1000 649.9999999998308 1107.037001682835
2094 1000 649.9999999998308 1328.444402020435
2095 1000 649.9999999998308 1549.851802358151
2096 1000 649.9999999998308 1771.259202695786
2097 1000 649.9999999998308 1992.666603033502
2098 1000 699.999999999887 221.4074003366208
2099 1000 699.9999999998872 442.8148006732117
2100 1000 699.9999999998873 664.2222010097182
2101 1000 699.9999999998873 885.6296013462476
2102 1000 699.9999999998871 1107.037001682835
2103 1000 699.9999999998872 1328.444402020435
2104 1000 699.9999999998872 1549.851802358151
2105 1000 699.9999999998872 1771.259202695786
2106 1000 699.9999999998871 1992.666603033501
2107 1000 749.9999999999437 221.4074003366208
2108 1000 749.9999999999436 442.8148006732115
2109 1000 749.9999999999436 664.2222010097182
2110 1000 749.9999999999437 885.6296013462475
2111 1000 749.9999999999435 1107.037001682835
2112 1000 749.9999999999436 1328.444402020435
2113 1000 749.9999999999436 1549.85180235815
2114 1000 749.9999999999435 1771.259202695786
2115 1000 749.9999999999436 1992.666603033502
2116 0 850 78.59259966274016
2117 0 850 157.1851993254489
2118 0 849.9999999999998 235.7777989881259
2119 0 850.0000000000001 314.3703986508031
2120 0 850 392.9629983134581
2121 0 850 471.5555979765501
2122 0 850 550.1481976396492
2123 0 850 628.7407973027529
2124 0 850 707.3333969658478
2125 0 900 78.59259966274014
2126 0 899.9999999999999 157.1851993254489
2127 0 899.9999999999998 235.7777989881259
2128 0 899.9999999999999 314.3703986508031
2129 0 900 392.9629983134581
2130 0 900.0000000000001 471.5555979765501
2131 0 900 550.1481976396492
2132 0 900 628.7407973027529
2133 0 900 707.3333969658478
2134 0 950.0000000000003 78.59259966274016
2135 0 950.0000000000001 157.1851993254489
2136 0 950 235.7777989881259
2137 0 950 314.3703986508031
2138 0 950 392.9629983134581
2139 0 949.9999999999999 471.5555979765501
2140 0 950.0000000000001 550.1481976396492
2141 0 950 628.7407973027529
2142 0 949.9999999999999 707.3333969658478
2143 200 849.9999999999999 107.1555597975447
2144 200 850 214.3111195949941
2145 200 849.9999999999999 321.4666793924151
2146 200 850 428.6222391898107
2147 200 850 535.7777989872128
2148 200 850 642.933358785221
2149 200 850 750.0889185832292
2150 200 850 857.2444783812379
2151 200 850 964.4000381792462
2152 200 900 107.1555597975447
2153 200 900.0000000000002 214.3111195949941
2154 200 900 321.4666793924151
2155 200 899.9999999999999 428.6222391898107
2156 200 900 535.7777989872128
2157 200 900.0000000000001 642.933358785221
2158 200 900 750.0889185832293
2159 200 900 857.2444783812379
2160 200 900 964.4000381792462
2161 200 949.9999999999999 107.1555597975447
2162 200 949.9999999999999 214.3111195949941
2163 200 950 321.4666793924151
2164 200 950 428.6222391898107
2165 200 950 535.7777989872128
2166 200 949.9999999999999 642.933358785221
2167 200 949.9999999999999 750.0889185832292
2168 200 950 857.2444783812379
2169 200 950 964.4000381792462
2170 800 850.0000000000001 192.8444402019135
2171 800 850 385.6888804036837
2172 800 849.9999999999999 578.5333206054017
2173 800 850 771.3777608071018
2174 800 850.0000000000001 964.2222010088242
2175 800 850 1157.066641211533
2176 800 850 1349.911081414308
2177 800 850 1542.755521617083
2178 800 850 1735.599961819859
2179 800 900 192.8444402019135
2180 800 899.9999999999997 385.6888804036837
2181 800 900 578.5333206054017
2182 800 899.9999999999999 771.3777608071018
2183 800 900.0000000000001 964.2222010088241
2184 800 900 1157.066641211533
2185 800 900 1349.911081414308
2186 800 900 1542.755521617083
2187 800 900 1735.599961819859
2188 800 950 192.8444402019135
2189 800 949.9999999999999 385.6888804036837
2190 800 950 578.5333206054017
2191 800 950.0000000000001 771.3777608071018
2192 800 950 964.2222010088242
2193 800 950 1157.066641211533
2194 800 950 1349.911081414308
2195 800 950 1542.755521617083
2196 800 950.0000000000001 1735.599961819859
2197 1000 849.9999999999999 221.4074003366208
2198 1000 850 442.8148006732116
2199 1000 850 664.2222010097182
2200 1000 849.9999999999999 885.6296013462476
2201 1000 850 1107.037001682835
2202 1000 850 1328.444402020435
2203 1000 850 1549.851802358151
2204 1000 850 1771.259202695786
2205 1000 850 1992.666603033502
2206 1000 900 221.4074003366208
2207 1000 900 442.8148006732116
2208 1000 900 664.2222010097182
2209 1000 899.9999999999999 885.6296013462476
2210 1000 899.9999999999999 1107.037001682835
2211 1000 900 1328.444402020435
2212 1000 900 1549.85180235815
2213 1000 900 1771.259202695786
2214 1000 900 1992.666603033502
2215 1000 950 221.4074003366208
2216 1000 949.9999999999997 442.8148006732116
2217 1000 950.0000000000002 664.2222010097182
2218 1000 949.9999999999998 885.6296013462476
2219 1000 950 1107.037001682835
2220 1000 950 1328.444402020435
2221 1000 950 1549.851802358151
2222 1000 949.9999999999999 1771.259202695786
2223 1000 950 1992.666603033502
2224 0 49.99999999977625 1007.333396965538
2225 0 49.99999999977625 1228.740797301955
2226 0 49.99999999977626 1450.14819763831
2227 0 49.99999999977625 1671.555597975082
2228 0 49.99999999977625 1892.962998311873
2229 0 49.99999999977625 2114.370398649427
2230 0 49.99999999977625 2335.77779898707
2231 0 49.99999999977625 2557.185199324714
2232 0 49.99999999977624 2778.592599662516
2233 0 99.99999999964729 1007.333396965538
2234 0 99.9999999996473 1228.740797301955
2235 0 99.99999999964729 1450.14819763831
2236 0 99.99999999964729 1671.555597975082
2237 0 99.99999999964729 1892.962998311873
2238 0 99.99999999964729 2114.370398649427
2239 0 99.9999999996473 2335.77779898707
2240 0 99.99999999964729 2557.185199324714
2241 0 99.99999999964729 2778.592599662516
2242 0 149.9999999997264 1007.333396965538
2243 0 149.9999999997265 1228.740797301955
2244 0 149.9999999997265 1450.148197638311
2245 0 149.9999999997265 1671.555597975083
2246 0 149.9999999997265 1892.962998311873
2247 0 149.9999999997265 2114.370398649427
2248 0 149.9999999997265 2335.77779898707
2249 0 149.9999999997265 2557.185199324714
2250 0 149.9999999997265 2778.592599662516
2251 200 49.99999999977625 1264.400038179194
2252 200 49.99999999977625 1457.244478380826
2253 200 49.99999999977625 1650.088918582317
2254 200 49.99999999977625 1842.933358783585
2255 200 49.99999999977625 2035.777798985618
2256 200 49.99999999977625 2228.622239189898
2257 200 49.99999999977625 2421.466679393006
2258 200 49.99999999977625 2614.311119594212
2259 200 49.99999999977625 2807.155559796075
2260 200 99.9999999996473 1264.400038179194
2261 200 99.99999999964729 1457.244478380827
2262 200 99.99999999964729 1650.088918582317
2263 200 99.99999999964729 1842.933358783585
2264 200 99.99999999964729 2035.777798985618
2265 200 99.99999999964729 2228.622239189898
2266 200 99.99999999964729 2421.466679393006
2267 200 99.99999999964729 2614.311119594212
2268 200 99.99999999964729 2807.155559796075
2269 200 149.9999999997265 1264.400038179194
2270 200 149.9999999997265 1457.244478380826
2271 200 149.9999999997265 1650.088918582317
2272 200 149.9999999997265 1842.933358783585
2273 200 149.9999999997265 2035.777798985618
2274 200 149.9999999997265 2228.622239189898
2275 200 149.9999999997265 2421.466679393006
2276 200 149.9999999997265 2614.311119594212
2277 200 149.9999999997265 2807.155559796075
2278 800 49.99999999977625 2035.599961820282
2279 800 49.99999999977624 2142.755521617645
2280 800 49.99999999977625 2249.911081414866
2281 800 49.99999999977626 2357.066641212657
2282 800 49.99999999977625 2464.22220101034
2283 800 49.99999999977625 2571.377760807845
2284 800 49.99999999977625 2678.53332060528
2285 800 49.99999999977625 2785.688880403887
2286 800 49.99999999977624 2892.84444020253
2287 800 99.99999999964732 2035.599961820282
2288 800 99.99999999964729 2142.755521617645
2289 800 99.99999999964732 2249.911081414866
2290 800 99.99999999964732 2357.066641212657
2291 800 99.9999999996473 2464.22220101034
2292 800 99.99999999964729 2571.377760807845
2293 800 99.99999999964729 2678.53332060528
2294 800 99.99999999964729 2785.688880403887
2295 800 99.99999999964729 2892.84444020253
2296 800 149.9999999997266 2035.599961820282
2297 800 149.9999999997265 2142.755521617645
2298 800 149.9999999997265 2249.911081414866
2299 800 149.9999999997265 2357.066641212657
2300 800 149.9999999997265 2464.22220101034
2301 800 149.9999999997265 2571.377760807845
2302 800 149.9999999997265 2678.53332060528
2303 800 149.9999999997265 2785.688880403887
2304 800 149.9999999997265 2892.84444020253
2305 1000 49.99999999977625 2292.666603033579
2306 1000 49.99999999977626 2371.259202696579
2307 1000 49.99999999977625 2449.851802359296
2308 1000 49.99999999977624 2528.444402022298
2309 1000 49.99999999977625 2607.037001684463
2310 1000 49.99999999977625 2685.629601347322
2311 1000 49.99999999977625 2764.222201010873
2312 1000 49.99999999977625 2842.814800673589
2313 1000 49.99999999977625 2921.407400337141
2314 1000 99.9999999996473 2292.666603033579
2315 1000 99.99999999964729 2371.259202696579
2316 1000 99.99999999964726 2449.851802359296
2317 1000 99.99999999964729 2528.444402022298
2318 1000 99.99999999964729 2607.037001684463
2319 1000 99.99999999964729 2685.629601347322
2320 1000 99.99999999964729 2764.222201010873
2321 1000 99.99999999964729 2842.81480067359
2322 1000 99.9999999996473 2921.407400337141
2323 1000 149.9999999997265 2292.666603033579
2324 1000 149.9999999997265 2371.259202696579
2325 1000 149.9999999997265 2449.851802359296
2326 1000 149.9999999997265 2528.444402022298
2327 1000 149.9999999997265 2607.037001684463
2328 1000 149.9999999997265 2685.629601347321
2329 1000 149.9999999997265 2764.222201010874
2330 1000 149.9999999997265 2842.81480067359
2331 1000 149.9999999997265 2921.407400337141
2332 0 249.9999999998197 1007.333396965538
2333 0 249.9999999998197 1228.740797301955
2334 0 249.9999999998197 1450.14819763831
2335 0 249.9999999998197 1671.555597975082
2336 0 249.9999999998197 1892.962998311873
2337 0 249.9999999998197 2114.370398649427
2338 0 249.9999999998197 2335.77779898707
2339 0 249.9999999998197 2557.185199324713
2340 0 249.9999999998197 2778.592599662516
2341 0 299.9999999998576 1007.333396965538
2342 0 299.9999999998577 1228.740797301956
2343 0 299.9999999998577 1450.148197638311
2344 0 299.9999999998577 1671.555597975083
2345 0 299.9999999998577 1892.962998311873
2346 0 299.9999999998577 2114.370398649427
2347 0 299.9999999998577 2335.77779898707
2348 0 299.9999999998577 2557.185199324714
2349 0 299.9999999998577 2778.592599662517
2350 0 349.9999999999144 1007.333396965538
2351 0 349.9999999999143 1228.740797301955
2352 0 349.9999999999143 1450.14819763831
2353 0 349.9999999999143 1671.555597975082
2354 0 349.9999999999143 1892.962998311873
2355 0 349.9999999999143 2114.370398649427
2356 0 349.9999999999143 2335.77779898707
2357 0 349.9999999999143 2557.185199324714
2358 0 349.9999999999143 2778.592599662516
2359 0 399.9999999999706 1007.333396965538
2360 0 399.9999999999705 1228.740797301955
2361 0 399.9999999999708 1450.14819763831
2362 0 399.9999999999707 1671.555597975082
2363 0 399.9999999999707 1892.962998311873
2364 0 399.9999999999707 2114.370398649427
2365 0 399.9999999999707 2335.77779898707
2366 0 399.9999999999706 2557.185199324713
2367 0 399.9999999999707 2778.592599662516
2368 0 450.0000000000272 1007.333396965538
2369 0 450.0000000000272 1228.740797301955
2370 0 450.0000000000271 1450.14819763831
2371 0 450.0000000000271 1671.555597975083
2372 0 450.0000000000271 1892.962998311873
2373 0 450.0000000000271 2114.370398649427
2374 0 450.0000000000272 2335.77779898707
2375 0 450.0000000000271 2557.185199324714
2376 0 450.0000000000271 2778.592599662517
2377 0 499.9999999996728 1007.333396965538
2378 0 499.9999999996728 1228.740797301956
2379 0 499.9999999996728 1450.14819763831
2380 0 499.9999999996727 1671.555597975083
2381 0 499.9999999996728 1892.962998311873
2382 0 499.9999999996728 2114.370398649428
2383 0 499.9999999996726 2335.77779898707
2384 0 499.9999999996728 2557.185199324714
2385 0 499.9999999996727 2778.592599662516
2386 0 549.9999999997182 1007.333396965538
2387 0 549.9999999997181 1228.740797301955
2388 0 549.9999999997179 1450.148197638311
2389 0 549.9999999997181 1671.555597975082
2390 0 549.9999999997182 1892.962998311873
2391 0 549.9999999997181 2114.370398649427
2392 0 549.9999999997181 2335.77779898707
2393 0 549.9999999997181 2557.185199324714
2394 0 549.9999999997181 2778.592599662516
2395 0 599.9999999997746 1007.333396965538
2396 0 599.9999999997746 1228.740797301955
2397 0 599.9999999997746 1450.14819763831
2398 0 599.9999999997744 1671.555597975082
2399 0 599.9999999997746 1892.962998311873
2400 0 599.9999999997744 2114.370398649427
2401 0 599.9999999997746 2335.77779898707
2402 0 599.9999999997744 2557.185199324714
2403 0 599.9999999997746 2778.592599662516
2404 0 649.9999999998309 1007.333396965538
2405 0 649.9999999998307 1228.740797301955
2406 0 649.9999999998308 1450.14819763831
2407 0 649.9999999998308 1671.555597975083
2408 0 649.9999999998308 1892.962998311873
2409 0 649.9999999998308 2114.370398649427
2410 0 649.9999999998307 2335.77779898707
2411 0 649.9999999998309 2557.185199324714
2412 0 649.9999999998308 2778.592599662516
2413 0 699.9999999998872 1007.333396965538
2414 0 699.9999999998871 1228.740797301955
2415 0 699.9999999998872 1450.14819763831
2416 0 699.9999999998872 1671.555597975083
2417 0 699.9999999998871 1892.962998311873
2418 0 699.9999999998872 2114.370398649427
2419 0 699.9999999998871 2335.77779898707
2420 0 699.9999999998872 2557.185199324714
2421 0 699.9999999998872 2778.592599662516
2422 0 749.9999999999435 1007.333396965538
2423 0 749.9999999999438 1228.740797301955
2424 0 749.9999999999434 1450.14819763831
2425 0 749.9999999999436 1671.555597975083
2426 0 749.9999999999436 1892.962998311873
2427 0 749.9999999999436 2114.370398649427
2428 0 749.9999999999437 2335.77779898707
2429 0 749.9999999999436 2557.185199324714
2430 0 749.9999999999436 2778.592599662516
2431 200 249.9999999998197 1264.400038179194
2432 200 249.9999999998197 1457.244478380827
2433 200 249.9999999998197 1650.088918582318
2434 200 249.9999999998197 1842.933358783585
2435 200 249.9999999998197 2035.777798985617
2436 200 249.9999999998197 2228.622239189899
2437 200 249.9999999998197 2421.466679393006
2438 200 249.9999999998197 2614.311119594212
2439 200 249.9999999998197 2807.155559796076
2440 200 299.9999999998578 1264.400038179194
2441 200 299.9999999998577 1457.244478380826
2442 200 299.9999999998577 1650.088918582317
2443 200 299.9999999998577 1842.933358783585
2444 200 299.9999999998578 2035.777798985617
2445 200 299.9999999998577 2228.622239189898
2446 200 299.9999999998577 2421.466679393006
2447 200 299.9999999998578 2614.311119594212
2448 200 299.9999999998578 2807.155559796076
2449 200 349.9999999999143 1264.400038179194
2450 200 349.9999999999143 1457.244478380826
2451 200 349.9999999999144 1650.088918582317
2452 200 349.9999999999143 1842.933358783585
2453 200 349.9999999999143 2035.777798985618
2454 200 349.9999999999143 2228.622239189898
2455 200 349.9999999999143 2421.466679393006
2456 200 349.9999999999143 2614.311119594212
2457 200 349.9999999999143 2807.155559796075
2458 200 399.9999999999707 1264.400038179194
2459 200 399.9999999999706 1457.244478380826
2460 200 399.9999999999707 1650.088918582317
2461 200 399.9999999999706 1842.933358783585
2462 200 399.9999999999706 2035.777798985618
2463 200 399.9999999999707 2228.622239189898
2464 200 399.9999999999707 2421.466679393006
2465 200 399.9999999999707 2614.311119594212
2466 200 399.9999999999706 2807.155559796075
2467 200 450.0000000000271 1264.400038179194
2468 200 450.0000000000271 1457.244478380826
2469 200 450.0000000000271 1650.088918582317
2470 200 450.0000000000271 1842.933358783585
2471 200 450.0000000000271 2035.777798985617
2472 200 450.0000000000271 2228.622239189898
2473 200 450.0000000000271 2421.466679393006
2474 200 450.0000000000271 2614.311119594212
2475 200 450.000000000027 2807.155559796075
2476 200 499.9999999996728 1264.400038179194
2477 200 499.9999999996728 1457.244478380826
2478 200 499.9999999996728 1650.088918582317
2479 200 499.9999999996729 1842.933358783585
2480 200 499.9999999996727 2035.777798985617
2481 200 499.9999999996726 2228.622239189898
2482 200 499.9999999996729 2421.466679393006
2483 200 499.9999999996728 2614.311119594212
2484 200 499.9999999996728 2807.155559796075
2485 200 549.9999999997181 1264.400038179194
2486 200 549.9999999997179 1457.244478380827
2487 200 549.9999999997182 1650.088918582318
2488 200 549.9999999997181 1842.933358783585
2489 200 549.9999999997181 2035.777798985618
2490 200 549.9999999997181 2228.622239189898
2491 200 549.9999999997181 2421.466679393006
2492 200 549.9999999997181 2614.311119594212
2493 200 549.9999999997181 2807.155559796075
2494 200 599.9999999997743 1264.400038179194
2495 200 599.9999999997743 1457.244478380826
2496 200 599.9999999997744 1650.088918582317
2497 200 599.9999999997744 1842.933358783585
2498 200 599.9999999997746 2035.777798985619
2499 200 599.9999999997744 2228.622239189898
2500 200 599.9999999997744 2421.466679393006
2501 200 599.9999999997744 2614.311119594212
2502 200 599.9999999997744 2807.155559796075
2503 200 649.9999999998311 1264.400038179194
2504 200 649.9999999998308 1457.244478380827
2505 200 649.9999999998308 1650.088918582318
2506 200 649.9999999998308 1842.933358783585
2507 200 649.9999999998308 2035.777798985618
2508 200 649.9999999998308 2228.622239189898
2509 200 649.9999999998308 2421.466679393006
2510 200 649.9999999998309 2614.311119594212
2511 200 649.9999999998308 2807.155559796076
2512 200 699.9999999998871 1264.400038179194
2513 200 699.9999999998872 1457.244478380827
2514 200 699.9999999998872 1650.088918582318
2515 200 699.9999999998872 1842.933358783585
2516 200 699.9999999998871 2035.777798985618
2517 200 699.9999999998871 2228.622239189898
2518 200 699.9999999998873 2421.466679393006
2519 200 699.9999999998872 2614.311119594212
2520 200 699.9999999998872 2807.155559796076
2521 200 749.9999999999435 1264.400038179194
2522 200 749.9999999999435 1457.244478380827
2523 200 749.9999999999437 1650.088918582317
2524 200 749.9999999999436 1842.933358783585
2525 200 749.9999999999436 2035.777798985619
2526 200 749.9999999999436 2228.622239189898
2527 200 749.9999999999436 2421.466679393006
2528 200 749.9999999999436 2614.311119594212
2529 200 749.9999999999436 2807.155559796075
2530 800 249.9999999998197 2035.599961820282
2531 800 249.9999999998197 2142.755521617645
2532 800 249.9999999998197 2249.911081414866
2533 800 249.9999999998197 2357.066641212657
2534 800 249.9999999998197 2464.22220101034
2535 800 249.9999999998197 2571.377760807845
2536 800 249.9999999998197 2678.53332060528
2537 800 249.9999999998197 2785.688880403887
2538 800 249.9999999998197 2892.84444020253
2539 800 299.9999999998578 2035.599961820282
2540 800 299.9999999998579 2142.755521617645
2541 800 299.9999999998578 2249.911081414866
2542 800 299.9999999998577 2357.066641212657
2543 800 299.9999999998577 2464.22220101034
2544 800 299.9999999998577 2571.377760807845
2545 800 299.9999999998577 2678.53332060528
2546 800 299.9999999998577 2785.688880403887
2547 800 299.9999999998578 2892.84444020253
2548 800 349.9999999999143 2035.599961820282
2549 800 349.9999999999143 2142.755521617645
2550 800 349.9999999999142 2249.911081414866
2551 800 349.9999999999142 2357.066641212657
2552 800 349.9999999999143 2464.22220101034
2553 800 349.9999999999143 2571.377760807845
2554 800 349.9999999999143 2678.53332060528
2555 800 349.9999999999143 2785.688880403887
2556 800 349.9999999999143 2892.84444020253
2557 800 399.9999999999706 2035.599961820282
2558 800 399.9999999999708 2142.755521617645
2559 800 399.9999999999707 2249.911081414866
2560 800 399.9999999999706 2357.066641212657
2561 800 399.9999999999706 2464.22220101034
2562 800 399.9999999999707 2571.377760807845
2563 800 399.9999999999706 2678.53332060528
2564 800 399.9999999999707 2785.688880403887
2565 800 399.9999999999707 2892.844440202529
2566 800 450.0000000000271 2035.599961820282
2567 800 450.0000000000271 2142.755521617645
2568 800 450.0000000000271 2249.911081414866
2569 800 450.000000000027 2357.066641212655
2570 800 450.0000000000271 2464.22220101034
2571 800 450.0000000000271 2571.377760807845
2572 800 450.000000000027 2678.53332060528
2573 800 450.0000000000271 2785.688880403887
2574 800 450.0000000000271 2892.84444020253
2575 800 499.9999999996728 2035.599961820282
2576 800 499.9999999996728 2142.755521617645
2577 800 499.9999999996729 2249.911081414866
2578 800 499.9999999996726 2357.066641212656
2579 800 499.9999999996728 2464.22220101034
2580 800 499.9999999996729 2571.377760807845
2581 800 499.9999999996726 2678.53332060528
2582 800 499.9999999996728 2785.688880403887
2583 800 499.9999999996727 2892.84444020253
2584 800 549.9999999997181 2035.599961820282
2585 800 549.9999999997181 2142.755521617645
2586 800 549.9999999997182 2249.911081414866
2587 800 549.9999999997179 2357.066641212657
2588 800 549.9999999997181 2464.22220101034
2589 800 549.9999999997181 2571.377760807845
2590 800 549.9999999997181 2678.53332060528
2591 800 549.9999999997181 2785.688880403887
2592 800 549.9999999997181 2892.84444020253
2593 800 599.9999999997746 2035.599961820282
2594 800 599.9999999997744 2142.755521617645
2595 800 599.9999999997746 2249.911081414866
2596 800 599.9999999997744 2357.066641212657
2597 800 599.9999999997746 2464.22220101034
2598 800 599.9999999997744 2571.377760807845
2599 800 599.9999999997744 2678.53332060528
2600 800 599.9999999997743 2785.688880403887
2601 800 599.9999999997744 2892.84444020253
2602 800 649.9999999998308 2035.599961820282
2603 800 649.9999999998307 2142.755521617645
2604 800 649.9999999998308 2249.911081414866
2605 800 649.9999999998308 2357.066641212657
2606 800 649.9999999998309 2464.22220101034
2607 800 649.9999999998308 2571.377760807845
2608 800 649.9999999998309 2678.53332060528
2609 800 649.9999999998308 2785.688880403887
2610 800 649.9999999998308 2892.84444020253
2611 800 699.9999999998875 2035.599961820282
2612 800 699.9999999998872 2142.755521617645
2613 800 699.9999999998872 2249.911081414866
2614 800 699.9999999998872 2357.066641212657
2615 800 699.9999999998873 2464.22220101034
2616 800 699.9999999998872 2571.377760807845
2617 800 699.9999999998871 2678.53332060528
2618 800 699.9999999998871 2785.688880403887
2619 800 699.9999999998872 2892.84444020253
2620 800 749.9999999999435 2035.599961820282
2621 800 749.9999999999436 2142.755521617645
2622 800 749.9999999999435 2249.911081414866
2623 800 749.9999999999435 2357.066641212657
2624 800 749.9999999999436 2464.22220101034
2625 800 749.9999999999436 2571.377760807845
2626 800 749.9999999999436 2678.53332060528
2627 800 749.9999999999436 2785.688880403887
2628 800 749.9999999999437 2892.84444020253
2629 1000 249.9999999998197 2292.666603033579
2630 1000 249.9999999998197 2371.259202696579
2631 1000 249.9999999998197 2449.851802359296
2632 1000 249.9999999998197 2528.444402022297
2633 1000 249.9999999998197 2607.037001684463
2634 1000 249.9999999998197 2685.629601347322
2635 1000 249.9999999998197 2764.222201010873
2636 1000 249.9999999998197 2842.81480067359
2637 1000 249.9999999998197 2921.40740033714
2638 1000 299.9999999998578 2292.666603033579
2639 1000 299.9999999998578 2371.259202696579
2640 1000 299.9999999998577 2449.851802359296
2641 1000 299.9999999998577 2528.444402022298
2642 1000 299.9999999998577 2607.037001684463
2643 1000 299.9999999998577 2685.629601347322
2644 1000 299.9999999998577 2764.222201010872
2645 1000 299.9999999998577 2842.81480067359
2646 1000 299.9999999998578 2921.407400337142
2647 1000 349.9999999999142 2292.666603033579
2648 1000 349.9999999999143 2371.259202696579
2649 1000 349.9999999999143 2449.851802359296
2650 1000 349.9999999999142 2528.444402022298
2651 1000 349.9999999999143 2607.037001684463
2652 1000 349.9999999999143 2685.629601347321
2653 1000 349.9999999999143 2764.222201010873
2654 1000 349.9999999999143 2842.81480067359
2655 1000 349.9999999999143 2921.407400337142
2656 1000 399.9999999999705 2292.666603033579
2657 1000 399.9999999999707 2371.259202696579
2658 1000 399.9999999999707 2449.851802359296
2659 1000 399.9999999999706 2528.444402022297
2660 1000 399.9999999999707 2607.037001684463
2661 1000 399.9999999999707 2685.629601347321
2662 1000 399.9999999999707 2764.222201010873
2663 1000 399.9999999999706 2842.81480067359
2664 1000 399.9999999999707 2921.407400337142
2665 1000 450.0000000000272 2292.666603033579
2666 1000 450.000000000027 2371.259202696579
2667 1000 450.000000000027 2449.851802359296
2668 1000 450.0000000000271 2528.444402022296
2669 1000 450.0000000000271 2607.037001684463
2670 1000 450.0000000000271 2685.629601347321
2671 1000 450.0000000000271 2764.222201010873
2672 1000 450.0000000000271 2842.814800673589
2673 1000 450.0000000000271 2921.407400337141
2674 1000 499.9999999996729 2292.666603033579
2675 1000 499.9999999996727 2371.259202696579
2676 1000 499.9999999996728 2449.851802359296
2677 1000 499.9999999996728 2528.444402022296
2678 1000 499.9999999996727 2607.037001684463
2679 1000 499.9999999996728 2685.629601347321
2680 1000 499.9999999996728 2764.222201010873
2681 1000 499.9999999996729 2842.814800673589
2682 1000 499.9999999996728 2921.407400337141
2683 1000 549.9999999997181 2292.666603033579
2684 1000 549.9999999997181 2371.259202696579
2685 1000 549.9999999997181 2449.851802359296
2686 1000 549.9999999997181 2528.444402022297
2687 1000 549.9999999997181 2607.037001684463
2688 1000 549.9999999997181 2685.629601347322
2689 1000 549.9999999997181 2764.222201010873
2690 1000 549.9999999997181 2842.81480067359
2691 1000 549.9999999997181 2921.407400337142
2692 1000 599.9999999997744 2292.666603033579
2693 1000 599.9999999997744 2371.259202696579
2694 1000 599.9999999997746 2449.851802359296
2695 1000 599.9999999997744 2528.444402022298
2696 1000 599.9999999997744 2607.037001684463
2697 1000 599.9999999997746 2685.629601347322
2698 1000 599.9999999997744 2764.222201010873
2699 1000 599.9999999997744 2842.81480067359
2700 1000 599.9999999997743 2921.407400337141
2701 1000 649.9999999998308 2292.666603033579
2702 1000 649.9999999998312 2371.25920269658
2703 1000 649.9999999998309 2449.851802359296
2704 1000 649.9999999998311 2528.444402022297
2705 1000 649.9999999998308 2607.037001684463
2706 1000 649.9999999998309 2685.629601347322
2707 1000 649.9999999998308 2764.222201010874
2708 1000 649.9999999998309 2842.81480067359
2709 1000 649.9999999998309 2921.407400337142
2710 1000 699.9999999998872 2292.666603033579
2711 1000 699.9999999998872 2371.259202696579
2712 1000 699.9999999998872 2449.851802359296
2713 1000 699.9999999998871 2528.444402022298
2714 1000 699.9999999998871 2607.037001684462
2715 1000 699.9999999998872 2685.629601347322
2716 1000 699.9999999998872 2764.222201010873
2717 1000 699.9999999998872 2842.81480067359
2718 1000 699.9999999998872 2921.407400337142
2719 1000 749.9999999999438 2292.666603033579
2720 1000 749.9999999999438 2371.259202696579
2721 1000 749.9999999999435 2449.851802359296
2722 1000 749.9999999999436 2528.444402022297
2723 1000 749.9999999999436 2607.037001684463
2724 1000 749.9999999999436 2685.629601347322
2725 1000 749.9999999999436 2764.222201010873
2726 1000 749.9999999999435 2842.814800673589
2727 1000 749.9999999999436 2921.407400337141
2728 0 849.9999999999999 1007.333396965538
2729 0 850.0000000000001 1228.740797301955
2730 0 850 1450.14819763831
2731 0 850 1671.555597975083
2732 0 850 1892.962998311873
2733 0 850 2114.370398649427
2734 0 850 2335.77779898707
2735 0 850 2557.185199324714
2736 0 850 2778.592599662516
2737 0 900 1007.333396965538
2738 0 900 1228.740797301955
2739 0 900 1450.14819763831
2740 0 900 1671.555597975083
2741 0 899.9999999999999 1892.962998311873
2742 0 900 2114.370398649427
2743 0 900 2335.77779898707
2744 0 900 2557.185199324714
2745 0 900 2778.592599662516
2746 0 950 1007.333396965538
2747 0 950 1228.740797301955
2748 0 949.9999999999997 1450.14819763831
2749 0 950 1671.555597975083
2750 0 950.0000000000001 1892.962998311873
2751 0 950 2114.370398649427
2752 0 949.9999999999999 2335.77779898707
2753 0 950 2557.185199324714
2754 0 950 2778.592599662516
2755 200 850 1264.400038179193
2756 200 850 1457.244478380826
2757 200 850.0000000000001 1650.088918582317
2758 200 850 1842.933358783585
2759 200 850 2035.777798985617
2760 200 850 2228.622239189897
2761 200 850 2421.466679393004
2762 200 850 2614.311119594211
2763 200 850 2807.155559796074
2764 200 900 1264.400038179194
2765 200 900 1457.244478380826
2766 200 900 1650.088918582317
2767 200 900 1842.933358783585
2768 200 900 2035.777798985617
2769 200 900 2228.622239189897
2770 200 900 2421.466679393004
2771 200 900 2614.311119594211
2772 200 900 2807.155559796074
2773 200 949.9999999999997 1264.400038179193
2774 200 950.0000000000002 1457.244478380826
2775 200 950 1650.088918582317
2776 200 949.9999999999999 1842.933358783585
2777 200 950 2035.777798985617
2778 200 950 2228.622239189897
2779 200 950 2421.466679393005
2780 200 950 2614.311119594211
2781 200 950 2807.155559796074
2782 800 849.9999999999999 2035.599961820282
2783 800 850 2142.755521617645
2784 800 850 2249.911081414866
2785 800 850 2357.066641212657
2786 800 850 2464.22220101034
2787 800 850 2571.377760807845
2788 800 850 2678.53332060528
2789 800 850 2785.688880403887
2790 800 850 2892.84444020253
2791 800 899.9999999999999 2035.599961820282
2792 800 900.0000000000003 2142.755521617645
2793 800 899.9999999999999 2249.911081414866
2794 800 899.9999999999999 2357.066641212657
2795 800 899.9999999999998 2464.22220101034
2796 800 900 2571.377760807845
2797 800 900.0000000000001 2678.53332060528
2798 800 900 2785.688880403887
2799 800 900 2892.84444020253
2800 800 950 2035.599961820282
2801 800 949.9999999999999 2142.755521617645
2802 800 949.9999999999999 2249.911081414866
2803 800 950 2357.066641212657
2804 800 950.0000000000001 2464.22220101034
2805 800 950 2571.377760807845
2806 800 950 2678.53332060528
2807 800 950 2785.688880403887
2808 800 950 2892.84444020253
2809 1000 850 2292.666603033579
2810 1000 850 2371.259202696579
2811 1000 850 2449.851802359296
2812 1000 850 2528.444402022298
2813 1000 850 2607.037001684463
2814 1000 850 2685.629601347322
2815 1000 850 2764.222201010873
2816 1000 850 2842.81480067359
2817 1000 850 2921.407400337141
2818 1000 900 2292.666603033579
2819 1000 900.0000000000001 2371.259202696579
2820 1000 900.0000000000001 2449.851802359296
2821 1000 900 2528.444402022297
2822 1000 900 2607.037001684463
2823 1000 900 2685.629601347322
2824 1000 900 2764.222201010873
2825 1000 900 2842.81480067359
2826 1000 900 2921.407400337141
2827 1000 950 2292.666603033579
2828 1000 950 2371.259202696579
2829 1000 950 2449.851802359296
2830 1000 950 2528.444402022297
2831 1000 950 2607.037001684463
2832 1000 950 2685.629601347322
2833 1000 950 2764.222201010873
2834 1000 950 2842.81480067359
2835 1000 950 2921.407400337141
2836 49.9999999997824 0 85.73333969641808
2837 49.99999999978856 0 171.4666793927888
2838 49.99999999979472 0 257.2000190891287
2839 49.99999999980086 0 342.9333587854623
2840 49.999999999807 0 428.6666984817808
2841 49.99999999981317 0 514.4000381785788
2842 49.99999999981931 0 600.1333778753821
2843 49.99999999982548 0 685.8667175721887
2844 49.99999999983162 0 771.6000572689888
2845 99.99999999966052 0 92.87407973011095
2846 99.9999999996738 0 185.7481594601586
2847 99.99999999968705 0 278.6222391901762
2848 99.99999999970026 0 371.4963189201811
2849 99.99999999971352 0 464.3703986501781
2850 99.99999999972675 0 557.2444783806969
2851 99.99999999973998 0 650.1185581112192
2852 99.99999999975324 0 742.9926378417435
2853 99.99999999976647 0 835.8667175722638
2854 149.999999999737 0 100.0148197638195
2855 149.9999999997476 0 200.0296395275597
2856 149.9999999997581 0 300.0444592912708
2857 149.9999999997686 0 400.0592790549626
2858 149.9999999997792 0 500.074098818654
2859 149.9999999997897 0 600.0889185829091
2860 149.9999999998002 0 700.1037383471661
2861 149.9999999998107 0 800.1185581114244
2862 149.9999999998213 0 900.1333778756804
2863 249.9999999998238 0 114.2962998312222
2864 249.9999999998279 0 228.5925996623451
2865 249.999999999832 0 342.8888994934376
2866 249.9999999998361 0 457.1851993245053
2867 249.9999999998402 0 571.481499155581
2868 249.9999999998442 0 685.7777989872943
2869 249.9999999998483 0 800.0740988190133
2870 249.9999999998525 0 914.3703986507326
2871 249.9999999998566 0 1028.666698482452
2872 299.9999999998563 0 121.4370398649169
2873 299.9999999998546 0 242.8740797297306
2874 299.9999999998531 0 364.3111195945119
2875 299.9999999998515 0 485.748159459269
2876 299.9999999998499 0 607.1851993240352
2877 299.9999999998482 0 728.622239189471
2878 299.9999999998467 0 850.0592790549176
2879 299.9999999998452 0 971.496318920365
2880 299.9999999998436 0 1092.933358785812
2881 349.999999999896 0 128.5777798985985
2882 349.9999999998778 0 257.1555597970899
2883 349.9999999998595 0 385.7333396955469
2884 349.9999999998412 0 514.3111195939803
2885 349.999999999823 0 642.8888994924241
2886 349.9999999998048 0 771.466679391569
2887 349.9999999997866 0 900.0444592907309
2888 349.9999999997684 0 1028.622239189893
2889 349.9999999997502 0 1157.200019089054
2890 399.9999999999385 0 135.7185199322843
2891 399.9999999999065 0 271.4370398644572
2892 399.9999999998744 0 407.1555597965939
2893 399.9999999998424 0 542.8740797287078
2894 399.9999999998103 0 678.592599660833
2895 399.9999999997781 0 814.3111195936915
2896 399.9999999997462 0 950.0296395265721
2897 399.9999999997139 0 1085.748159459453
2898 399.9999999996818 0 1221.466679392333
2899 449.9999999999846 0 142.8592599659749
2900 449.9999999999422 0 285.7185199318345
2901 449.9999999998996 0 428.5777798976558
2902 449.9999999998571 0 571.4370398634549
2903 449.9999999998146 0 714.2962998292669
2904 449.9999999997722 0 857.1555597958434
2905 449.9999999997299 0 1000.014819762448
2906 449.9999999996872 0 1142.874079729052
2907 449.9999999996448 0 1285.733339695657
2908 499.9999999996447 0 149.9999999996423
2909 499.9999999996166 0 299.9999999991653
2910 499.9999999995886 0 449.999999998648
2911 499.9999999995604 0 599.9999999981087
2912 499.9999999995323 0 749.9999999975842
2913 499.9999999995042 0 899.9999999978556
2914 499.9999999994761 0 1049.999999998161
2915 499.9999999994482 0 1199.999999998466
2916 499.99999999942 0 1349.999999998771
2917 549.99999999969 0 157.1407400333462
2918 549.999999999662 0 314.2814800665691
2919 549.999999999634 0 471.4222200997498
2920 549.9999999996061 0 628.5629601329096
2921 549.9999999995781 0 785.7037001660847
2922 549.9999999995499 0 942.844440200088
2923 549.9999999995222 0 1099.98518023413
2924 549.999999999494 0 1257.125920268172
2925 549.9999999994661 0 1414.266660302215
2926 599.9999999997478 0 164.2814800670537
2927 599.9999999997215 0 328.5629601339801
2928 599.9999999996948 0 492.8444402008623
2929 599.9999999996681 0 657.125920267724
2930 599.9999999996415 0 821.4074003346029
2931 599.9999999996149 0 985.6888804023411
2932 599.9999999995886 0 1149.970360470124
2933 599.999999999562 0 1314.251840537907
2934 599.9999999995354 0 1478.53332060569
2935 649.999999999812 0 171.4222201007701
2936 649.9999999997927 0 342.8444402014089
2937 649.9999999997743 0 514.2666603020017
2938 649.9999999997553 0 685.6888804025745
2939 649.9999999997365 0 857.1111005031654
2940 649.9999999997176 0 1028.533320604648
2941 649.9999999996987 0 1199.95554070618
2942 649.99999999968 0 1371.377760807713
2943 649.9999999996608 0 1542.799980909246
2944 699.9999999998755 0 178.5629601344856
2945 699.9999999998635 0 357.125920268836
2946 699.9999999998518 0 535.6888804031379
2947 699.9999999998395 0 714.2518405374209
2948 699.9999999998278 0 892.8148006717234
2949 699.9999999998159 0 1071.377760806949
2950 699.9999999998041 0 1249.94072094223
2951 699.9999999997921 0 1428.503681077511
2952 699.99999999978 0 1607.066641212792
2953 749.9999999999419 0 185.703700168206
2954 749.9999999999407 0 371.4074003362726
2955 749.9999999999396 0 557.1111005042893
2956 749.9999999999378 0 742.8148006722872
2957 749.9999999999364 0 928.518500840306
2958 749.999999999935 0 1114.22220100928
2959 749.9999999999335 0 1299.925901178315
2960 749.9999999999321 0 1485.629601347349
2961 749.9999999999309 0 1671.333301516384
2962 849.999999999993 0 199.9851802355799
2963 849.9999999999854 0 399.9703604710448
2964 849.9999999999782 0 599.9555407064495
2965 849.9999999999707 0 799.9407209418466
2966 849.9999999999636 0 999.9259011772746
2967 849.9999999999563 0 1199.911081413696
2968 849.9999999999488 0 1399.896261650196
2969 849.9999999999419 0 1599.881441886676
2970 849.9999999999345 0 1799.866622123176
2971 899.9999999999729 0 207.1259202692285
2972 899.9999999999459 0 414.2518405383701
2973 899.9999999999186 0 621.3777608074438
2974 899.9999999998915 0 828.5036810765198
2975 899.9999999998643 0 1035.629601345636
2976 899.9999999998371 0 1242.755521615751
2977 899.9999999998099 0 1449.881441885958
2978 899.9999999997831 0 1657.007362156125
2979 899.9999999997558 0 1864.133282426332
2980 949.9999999999886 0 214.2666603029276
2981 949.999999999977 0 428.5333206057967
2982 949.9999999999657 0 642.7999809085899
2983 949.9999999999541 0 857.0666412113957
2984 949.9999999999425 0 1071.33330151425
2985 949.9999999999311 0 1285.599961818111
2986 949.9999999999196 0 1499.866622122075
2987 949.9999999999084 0 1714.133282425979
2988 949.9999999998965 0 1928.399942729943
2989 49.9999999997824 200 85.73333969641808
2990 49.99999999978856 200 171.4666793927888
2991 49.99999999979472 200 257.2000190891287
2992 49.99999999980086 200 342.9333587854623
2993 49.999999999807 200 428.6666984817808
2994 49.99999999981317 200 514.4000381785788
2995 49.99999999981931 200 600.1333778753821
2996 49.99999999982548 200 685.8667175721887
2997 49.99999999983162 200 771.6000572689888
2998 99.99999999966052 200 92.87407973011095
2999 99.9999999996738 200 185.7481594601586
3000 99.99999999968705 200 278.6222391901762
3001 99.99999999970026 200 371.4963189201811
3002 99.99999999971352 200 464.3703986501781
3003 99.99999999972675 200 557.2444783806969
3004 99.99999999973998 200 650.1185581112192
3005 99.99999999975324 200 742.9926378417435
3006 99.99999999976647 200 835.8667175722638
3007 149.999999999737 200 100.0148197638195
3008 149.9999999997476 200 200.0296395275597
3009 149.9999999997581 200 300.0444592912708
3010 149.9999999997686 200 400.0592790549626
3011 149.9999999997792 200 500.074098818654
3012 149.9999999997897 200 600.0889185829091
3013 149.9999999998002 200 700.1037383471661
3014 149.9999999998107 200 800.1185581114244
3015 149.9999999998213 200 900.1333778756804
3016 249.9999999998238 200 114.2962998312222
3017 249.9999999998279 200 228.5925996623451
3018 249.999999999832 200 342.8888994934376
3019 249.9999999998361 200 457.1851993245053
3020 249.9999999998402 200 571.481499155581
3021 249.9999999998442 200 685.7777989872943
3022 249.9999999998483 200 800.0740988190133
3023 249.9999999998525 200 914.3703986507326
3024 249.9999999998566 200 1028.666698482452
3025 299.9999999998563 200 121.4370398649169
3026 299.9999999998546 200 242.8740797297306
3027 299.9999999998531 200 364.3111195945119
3028 299.9999999998515 200 485.748159459269
3029 299.9999999998499 200 607.1851993240352
3030 299.9999999998482 200 728.622239189471
3031 299.9999999998467 200 850.0592790549176
3032 299.9999999998452 200 971.496318920365
3033 299.9999999998436 200 1092.933358785812
3034 349.999999999896 200 128.5777798985985
3035 349.9999999998778 200 257.1555597970899
3036 349.9999999998595 200 385.7333396955469
3037 349.9999999998412 200 514.3111195939803
3038 349.999999999823 200 642.8888994924241
3039 349.9999999998048 200 771.466679391569
3040 349.9999999997866 200 900.0444592907309
3041 349.9999999997684 200 1028.622239189893
3042 349.9999999997502 200 1157.200019089054
3043 399.9999999999385 200 135.7185199322843
3044 399.9999999999065 200 271.4370398644572
3045 399.9999999998744 200 407.1555597965939
3046 399.9999999998424 200 542.8740797287078
3047 399.9999999998103 200 678.592599660833
3048 399.9999999997781 200 814.3111195936915
3049 399.9999999997462 200 950.0296395265721
3050 399.9999999997139 200 1085.748159459453
3051 399.9999999996818 200 1221.466679392333
3052 449.9999999999846 200 142.8592599659749
3053 449.9999999999422 200 285.7185199318345
3054 449.9999999998996 200 428.5777798976558
3055 449.9999999998571 200 571.4370398634549
3056 449.9999999998146 200 714.2962998292669
3057 449.9999999997722 200 857.1555597958434
3058 449.9999999997299 200 1000.014819762448
3059 449.9999999996872 200 1142.874079729052
3060 449.9999999996448 200 1285.733339695657
3061 499.9999999996447 200 149.9999999996423
3062 499.9999999996166 200 299.9999999991653
3063 499.9999999995886 200 449.999999998648
3064 499.9999999995604 200 599.9999999981087
3065 499.9999999995323 200 749.9999999975842
3066 499.9999999995042 200 899.9999999978556
3067 499.9999999994761 200 1049.999999998161
3068 499.9999999994482 200 1199.999999998466
3069 499.99999999942 200 1349.999999998771
3070 549.99999999969 200 157.1407400333462
3071 549.999999999662 200 314.2814800665691
3072 549.999999999634 200 471.4222200997498
3073 549.9999999996061 200 628.5629601329096
3074 549.9999999995781 200 785.7037001660847
3075 549.9999999995499 200 942.844440200088
3076 549.9999999995222 200 1099.98518023413
3077 549.999999999494 200 1257.125920268172
3078 549.9999999994661 200 1414.266660302215
3079 599.9999999997478 200 164.2814800670537
3080 599.9999999997215 200 328.5629601339801
3081 599.9999999996948 200 492.8444402008623
3082 599.9999999996681 200 657.125920267724
3083 599.9999999996415 200 821.4074003346029
3084 599.9999999996149 200 985.6888804023411
3085 599.9999999995886 200 1149.970360470124
3086 599.999999999562 200 1314.251840537907
3087 599.9999999995354 200 1478.53332060569
3088 649.999999999812 200 171.4222201007701
3089 649.9999999997927 200 342.8444402014089
3090 649.9999999997743 200 514.2666603020017
3091 649.9999999997553 200 685.6888804025745
3092 649.9999999997365 200 857.1111005031654
3093 649.9999999997176 200 1028.533320604648
3094 649.9999999996987 200 1199.95554070618
3095 649.99999999968 200 1371.377760807713
3096 649.9999999996608 200 1542.799980909246
3097 699.9999999998755 200 178.5629601344856
3098 699.9999999998635 200 357.125920268836
3099 699.9999999998518 200 535.6888804031379
3100 699.9999999998395 200 714.2518405374209
3101 699.9999999998278 200 892.8148006717234
3102 699.9999999998159 200 1071.377760806949
3103 699.9999999998041 200 1249.94072094223
3104 699.9999999997921 200 1428.503681077511
3105 699.99999999978 200 1607.066641212792
3106 749.9999999999419 200 185.703700168206
3107 749.9999999999407 200 371.4074003362726
3108 749.9999999999396 200 557.1111005042893
3109 749.9999999999378 200 742.8148006722872
3110 749.9999999999364 200 928.518500840306
3111 749.999999999935 200 1114.22220100928
3112 749.9999999999335 200 1299.925901178315
3113 749.9999999999321 200 1485.629601347349
3114 749.9999999999309 200 1671.333301516384
3115 849.999999999993 200 199.9851802355799
3116 849.9999999999854 200 399.9703604710448
3117 849.9999999999782 200 599.9555407064495
3118 849.9999999999707 200 799.9407209418466
3119 849.9999999999636 200 999.9259011772746
3120 849.9999999999563 200 1199.911081413696
3121 849.9999999999488 200 1399.896261650196
3122 849.9999999999419 200 1599.881441886676
3123 849.9999999999345 200 1799.866622123176
3124 899.9999999999729 200 207.1259202692285
3125 899.9999999999459 200 414.2518405383701
3126 899.9999999999186 200 621.3777608074438
3127 899.9999999998915 200 828.5036810765198
3128 899.9999999998643 200 1035.629601345636
3129 899.9999999998371 200 1242.755521615751
3130 899.9999999998099 200 1449.881441885958
3131 899.9999999997831 200 1657.007362156125
3132 899.9999999997558 200 1864.133282426332
3133 949.9999999999886 200 214.2666603029276
3134 949.999999999977 200 428.5333206057967
3135 949.9999999999657 200 642.7999809085899
3136 949.9999999999541 200 857.0666412113957
3137 949.9999999999425 200 1071.33330151425
3138 949.9999999999311 200 1285.599961818111
3139 949.9999999999196 200 1499.866622122075
3140 949.9999999999084 200 1714.133282425979
3141 949.9999999998965 200 1928.399942729943
3142 49.9999999997824 800 85.73333969641808
3143 49.99999999978856 800 171.4666793927888
3144 49.99999999979472 800 257.2000190891287
3145 49.99999999980086 800 342.9333587854623
3146 49.999999999807 800 428.6666984817808
3147 49.99999999981317 800 514.4000381785788
3148 49.99999999981931 800 600.1333778753821
3149 49.99999999982548 800 685.8667175721887
3150 49.99999999983162 800 771.6000572689888
3151 99.99999999966052 800 92.87407973011095
3152 99.9999999996738 800 185.7481594601586
3153 99.99999999968705 800 278.6222391901762
3154 99.99999999970026 800 371.4963189201811
3155 99.99999999971352 800 464.3703986501781
3156 99.99999999972675 800 557.2444783806969
3157 99.99999999973998 800 650.1185581112192
3158 99.99999999975324 800 742.9926378417435
3159 99.99999999976647 800 835.8667175722638
3160 149.999999999737 800 100.0148197638195
3161 149.9999999997476 800 200.0296395275597
3162 149.9999999997581 800 300.0444592912708
3163 149.9999999997686 800 400.0592790549626
3164 149.9999999997792 800 500.074098818654
3165 149.9999999997897 800 600.0889185829091
3166 149.9999999998002 800 700.1037383471661
3167 149.9999999998107 800 800.1185581114244
3168 149.9999999998213 800 900.1333778756804
3169 249.9999999998238 800 114.2962998312222
3170 249.9999999998279 800 228.5925996623451
3171 249.999999999832 800 342.8888994934376
3172 249.9999999998361 800 457.1851993245053
3173 249.9999999998402 800 571.481499155581
3174 249.9999999998442 800 685.7777989872943
3175 249.9999999998483 800 800.0740988190133
3176 249.9999999998525 800 914.3703986507326
3177 249.9999999998566 800 1028.666698482452
3178 299.9999999998563 800 121.4370398649169
3179 299.9999999998546 800 242.8740797297306
3180 299.9999999998531 800 364.3111195945119
3181 299.9999999998515 800 485.748159459269
3182 299.9999999998499 800 607.1851993240352
3183 299.9999999998482 800 728.622239189471
3184 299.9999999998467 800 850.0592790549176
3185 299.9999999998452 800 971.496318920365
3186 299.9999999998436 800 1092.933358785812
3187 349.999999999896 800 128.5777798985985
3188 349.9999999998778 800 257.1555597970899
3189 349.9999999998595 800 385.7333396955469
3190 349.9999999998412 800 514.3111195939803
3191 349.999999999823 800 642.8888994924241
3192 349.9999999998048 800 771.466679391569
3193 349.9999999997866 800 900.0444592907309
3194 349.9999999997684 800 1028.622239189893
3195 349.9999999997502 800 1157.200019089054
3196 399.9999999999385 800 135.7185199322843
3197 399.9999999999065 800 271.4370398644572
3198 399.9999999998744 800 407.1555597965939
3199 399.9999999998424 800 542.8740797287078
3200 399.9999999998103 800 678.592599660833
3201 399.9999999997781 800 814.3111195936915
3202 399.9999999997462 800 950.0296395265721
3203 399.9999999997139 800 1085.748159459453
3204 399.9999999996818 800 1221.466679392333
3205 449.9999999999846 800 142.8592599659749
3206 449.9999999999422 800 285.7185199318345
3207 449.9999999998996 800 428.5777798976558
3208 449.9999999998571 800 571.4370398634549
3209 449.9999999998146 800 714.2962998292669
3210 449.9999999997722 800 857.1555597958434
3211 449.9999999997299 800 1000.014819762448
3212 449.9999999996872 800 1142.874079729052
3213 449.9999999996448 800 1285.733339695657
3214 499.9999999996447 800 149.9999999996423
3215 499.9999999996166 800 299.9999999991653
3216 499.9999999995886 800 449.999999998648
3217 499.9999999995604 800 599.9999999981087
3218 499.9999999995323 800 749.9999999975842
3219 499.9999999995042 800 899.9999999978556
3220 499.9999999994761 800 1049.999999998161
3221 499.9999999994482 800 1199.999999998466
3222 499.99999999942 800 1349.999999998771
3223 549.99999999969 800 157.1407400333462
3224 549.999999999662 800 314.2814800665691
3225 549.999999999634 800 471.4222200997498
3226 549.9999999996061 800 628.5629601329096
3227 549.9999999995781 800 785.7037001660847
3228 549.9999999995499 800 942.844440200088
3229 549.9999999995222 800 1099.98518023413
3230 549.999999999494 800 1257.125920268172
3231 549.9999999994661 800 1414.266660302215
3232 599.9999999997478 800 164.2814800670537
3233 599.9999999997215 800 328.5629601339801
3234 599.9999999996948 800 492.8444402008623
3235 599.9999999996681 800 657.125920267724
3236 599.9999999996415 800 821.4074003346029
3237 599.9999999996149 800 985.6888804023411
3238 599.9999999995886 800 1149.970360470124
3239 599.999999999562 800 1314.251840537907
3240 599.9999999995354 800 1478.53332060569
3241 649.999999999812 800 171.4222201007701
3242 649.9999999997927 800 342.8444402014089
3243 649.9999999997743 800 514.2666603020017
3244 649.9999999997553 800 685.6888804025745
3245 649.9999999997365 800 857.1111005031654
3246 649.9999999997176 800 1028.533320604648
3247 649.9999999996987 800 1199.95554070618
3248 649.99999999968 800 1371.377760807713
3249 649.9999999996608 800 1542.799980909246
3250 699.9999999998755 800 178.5629601344856
3251 699.9999999998635 800 357.125920268836
3252 699.9999999998518 800 535.6888804031379
3253 699.9999999998395 800 714.2518405374209
3254 699.9999999998278 800 892.8148006717234
3255 699.9999999998159 800 1071.377760806949
3256 699.9999999998041 800 1249.94072094223
3257 699.9999999997921 800 1428.503681077511
3258 699.99999999978 800 1607.066641212792
3259 749.9999999999419 800 185.703700168206
3260 749.9999999999407 800 371.4074003362726
3261 749.9999999999396 800 557.1111005042893
3262 749.9999999999378 800 742.8148006722872
3263 749.9999999999364 800 928.518500840306
3264 749.999999999935 800 1114.22220100928
3265 749.9999999999335 800 1299.925901178315
3266 749.9999999999321 800 1485.629601347349
3267 749.9999999999309 800 1671.333301516384
3268 849.999999999993 800 199.9851802355799
3269 849.9999999999854 800 399.9703604710448
3270 849.9999999999782 800 599.9555407064495
3271 849.9999999999707 800 799.9407209418466
3272 849.9999999999636 800 999.9259011772746
3273 849.9999999999563 800 1199.911081413696
3274 849.9999999999488 800 1399.896261650196
3275 849.9999999999419 800 1599.881441886676
3276 849.9999999999345 800 1799.866622123176
3277 899.9999999999729 800 207.1259202692285
3278 899.9999999999459 800 414.2518405383701
3279 899.9999999999186 800 621.3777608074438
3280 899.9999999998915 800 828.5036810765198
3281 899.9999999998643 800 1035.629601345636
3282 899.9999999998371 800 1242.755521615751
3283 899.9999999998099 800 1449.881441885958
3284 899.9999999997831 800 1657.007362156125
3285 899.9999999997558 800 1864.133282426332
3286 949.9999999999886 800 214.2666603029276
3287 949.999999999977 800 428.5333206057967
3288 949.9999999999657 800 642.7999809085899
3289 949.9999999999541 800 857.0666412113957
3290 949.9999999999425 800 1071.33330151425
3291 949.9999999999311 800 1285.599961818111
3292 949.9999999999196 800 1499.866622122075
3293 949.9999999999084 800 1714.133282425979
3294 949.9999999998965 800 1928.399942729943
3295 49.9999999997824 1000 85.73333969641808
3296 49.99999999978856 1000 171.4666793927888
3297 49.99999999979472 1000 257.2000190891287
3298 49.99999999980086 1000 342.9333587854623
3299 49.999999999807 1000 428.6666984817808
3300 49.99999999981317 1000 514.4000381785788
3301 49.99999999981931 1000 600.1333778753821
3302 49.99999999982548 1000 685.8667175721887
3303 49.99999999983162 1000 771.6000572689888
3304 99.99999999966052 1000 92.87407973011095
3305 99.9999999996738 1000 185.7481594601586
3306 99.99999999968705 1000 278.6222391901762
3307 99.99999999970026 1000 371.4963189201811
3308 99.99999999971352 1000 464.3703986501781
3309 99.99999999972675 1000 557.2444783806969
3310 99.99999999973998 1000 650.1185581112192
3311 99.99999999975324 1000 742.9926378417435
3312 99.99999999976647 1000 835.8667175722638
3313 149.999999999737 1000 100.0148197638195
3314 149.9999999997476 1000 200.0296395275597
3315 149.9999999997581 1000 300.0444592912708
3316 149.9999999997686 1000 400.0592790549626
3317 149.9999999997792 1000 500.074098818654
3318 149.9999999997897 1000 600.0889185829091
3319 149.9999999998002 1000 700.1037383471661
3320 149.9999999998107 1000 800.1185581114244
3321 149.9999999998213 1000 900.1333778756804
3322 249.9999999998238 1000 114.2962998312222
3323 249.9999999998279 1000 228.5925996623451
3324 249.999999999832 1000 342.8888994934376
3325 249.9999999998361 1000 457.1851993245053
3326 249.9999999998402 1000 571.481499155581
3327 249.9999999998442 1000 685.7777989872943
3328 249.9999999998483 1000 800.0740988190133
3329 249.9999999998525 1000 914.3703986507326
3330 249.9999999998566 1000 1028.666698482452
3331 299.9999999998563 1000 121.4370398649169
3332 299.9999999998546 1000 242.8740797297306
3333 299.9999999998531 1000 364.3111195945119
3334 299.9999999998515 1000 485.748159459269
3335 299.9999999998499 1000 607.1851993240352
3336 299.9999999998482 1000 728.622239189471
3337 299.9999999998467 1000 850.0592790549176
3338 299.9999999998452 1000 971.496318920365
3339 299.9999999998436 1000 1092.933358785812
3340 349.999999999896 1000 128.5777798985985
3341 349.9999999998778 1000 257.1555597970899
3342 349.9999999998595 1000 385.7333396955469
3343 349.9999999998412 1000 514.3111195939803
3344 349.999999999823 1000 642.8888994924241
3345 349.9999999998048 1000 771.466679391569
3346 349.9999999997866 1000 900.0444592907309
3347 349.9999999997684 1000 1028.622239189893
3348 349.9999999997502 1000 1157.200019089054
3349 399.9999999999385 1000 135.7185199322843
3350 399.9999999999065 1000 271.4370398644572
3351 399.9999999998744 1000 407.1555597965939
3352 399.9999999998424 1000 542.8740797287078
3353 399.9999999998103 1000 678.592599660833
3354 399.9999999997781 1000 814.3111195936915
3355 399.9999999997462 1000 950.0296395265721
3356 399.9999999997139 1000 1085.748159459453
3357 399.9999999996818 1000 1221.466679392333
3358 449.9999999999846 1000 142.8592599659749
3359 449.9999999999422 1000 285.7185199318345
3360 449.9999999998996 1000 428.5777798976558
3361 449.9999999998571 1000 571.4370398634549
3362 449.9999999998146 1000 714.2962998292669
3363 449.9999999997722 1000 857.1555597958434
3364 449.9999999997299 1000 1000.014819762448
3365 449.9999999996872 1000 1142.874079729052
3366 449.9999999996448 1000 1285.733339695657
3367 499.9999999996447 1000 149.9999999996423
3368 499.9999999996166 1000 299.9999999991653
3369 499.9999999995886 1000 449.999999998648
3370 499.9999999995604 1000 599.9999999981087
3371 499.9999999995323 1000 749.9999999975842
3372 499.9999999995042 1000 899.9999999978556
3373 499.9999999994761 1000 1049.999999998161
3374 499.9999999994482 1000 1199.999999998466
3375 499.99999999942 1000 1349.999999998771
3376 549.99999999969 1000 157.1407400333462
3377 549.999999999662 1000 314.2814800665691
3378 549.999999999634 1000 471.4222200997498
3379 549.9999999996061 1000 628.5629601329096
3380 549.9999999995781 1000 785.7037001660847
3381 549.9999999995499 1000 942.844440200088
3382 549.9999999995222 1000 1099.98518023413
3383 549.999999999494 1000 1257.125920268172
3384 549.9999999994661 1000 1414.266660302215
3385 599.9999999997478 1000 164.2814800670537
3386 599.9999999997215 1000 328.5629601339801
3387 599.9999999996948 1000 492.8444402008623
3388 599.9999999996681 1000 657.125920267724
3389 599.9999999996415 1000 821.4074003346029
3390 599.9999999996149 1000 985.6888804023411
3391 599.9999999995886 1000 1149.970360470124
3392 599.999999999562 1000 1314.251840537907
3393 599.9999999995354 1000 1478.53332060569
3394 649.999999999812 1000 171.4222201007701
3395 649.9999999997927 1000 342.8444402014089
3396 649.9999999997743 1000 514.2666603020017
3397 649.9999999997553 1000 685.6888804025745
3398 649.9999999997365 1000 857.1111005031654
3399 649.9999999997176 1000 1028.533320604648
3400 649.9999999996987 1000 1199.95554070618
3401 649.99999999968 1000 1371.377760807713
3402 649.9999999996608 1000 1542.799980909246
3403 699.9999999998755 1000 178.5629601344856
3404 699.9999999998635 1000 357.125920268836
3405 699.9999999998518 1000 535.6888804031379
3406 699.9999999998395 1000 714.2518405374209
3407 699.9999999998278 1000 892.8148006717234
3408 699.9999999998159 1000 1071.377760806949
3409 699.9999999998041 1000 1249.94072094223
3410 699.9999999997921 1000 1428.503681077511
3411 699.99999999978 1000 1607.066641212792
3412 749.9999999999419 1000 185.703700168206
3413 749.9999999999407 1000 371.4074003362726
3414 749.9999999999396 1000 557.1111005042893
3415 749.9999999999378 1000 742.8148006722872
3416 749.9999999999364 1000 928.518500840306
3417 749.999999999935 1000 1114.22220100928
3418 749.9999999999335 1000 1299.925901178315
3419 749.9999999999321 1000 1485.629601347349
3420 749.9999999999309 1000 1671.333301516384
3421 849.999999999993 1000 199.9851802355799
3422 849.9999999999854 1000 399.9703604710448
3423 849.9999999999782 1000 599.9555407064495
3424 849.9999999999707 1000 799.9407209418466
3425 849.9999999999636 1000 999.9259011772746
3426 849.9999999999563 1000 1199.911081413696
3427 849.9999999999488 1000 1399.896261650196
3428 849.9999999999419 1000 1599.881441886676
3429 849.9999999999345 1000 1799.866622123176
3430 899.9999999999729 1000 207.1259202692285
3431 899.9999999999459 1000 414.2518405383701
3432 899.9999999999186 1000 621.3777608074438
3433 899.9999999998915 1000 828.5036810765198
3434 899.9999999998643 1000 1035.629601345636
3435 899.9999999998371 1000 1242.755521615751
3436 899.9999999998099 1000 1449.881441885958
3437 899.9999999997831 1000 1657.007362156125
3438 899.9999999997558 1000 1864.133282426332
3439 949.9999999999886 1000 214.2666603029276
3440 949.999999999977 1000 428.5333206057967
3441 949.9999999999657 1000 642.7999809085899
3442 949.9999999999541 1000 857.0666412113957
3443 949.9999999999425 1000 1071.33330151425
3444 949.9999999999311 1000 1285.599961818111
3445 949.9999999999196 1000 1499.866622122075
3446 949.9999999999084 1000 1714.133282425979
3447 949.9999999998965 1000 1928.399942729943
3448 49.99999999983162 0 1071.600057268743
3449 49.99999999982548 0 1285.866717571487
3450 49.99999999981931 0 1500.13337787415
3451 49.99999999981316 0 1714.400038177069
3452 49.99999999980702 0 1928.666698480193
3453 49.99999999980085 0 2142.933358784452
3454 49.99999999979472 0 2357.200019088483
3455 49.99999999978856 0 2571.466679392041
3456 49.9999999997824 0 2785.733339695882
3457 99.99999999976649 0 1135.866717572083
3458 99.99999999975323 0 1342.992637841139
3459 99.99999999974 0 1550.118558110094
3460 99.99999999972675 0 1757.244478379145
3461 99.99999999971351 0 1964.370398648588
3462 99.99999999970026 0 2171.496318919536
3463 99.99999999968702 0 2378.622239189942
3464 99.99999999967378 0 2585.7481594594
3465 99.99999999966052 0 2792.874079729263
3466 149.9999999998213 0 1200.133377875563
3467 149.9999999998107 0 1400.118558110916
3468 149.9999999998002 0 1600.103738346148
3469 149.9999999997897 0 1800.088918581315
3470 149.9999999997791 0 2000.074098817061
3471 149.9999999997686 0 2200.059279054683
3472 149.9999999997581 0 2400.04445929145
3473 149.9999999997476 0 2600.029639526789
3474 149.999999999737 0 2800.01481976266
3475 249.9999999998565 0 1328.666698482439
3476 249.9999999998525 0 1514.370398650402
3477 249.9999999998485 0 1700.074098818224
3478 249.9999999998444 0 1885.777798985889
3479 249.9999999998402 0 2071.481499154246
3480 249.9999999998361 0 2257.185199324648
3481 249.999999999832 0 2442.888899493969
3482 249.9999999998278 0 2628.592599661645
3483 249.9999999998238 0 2814.296299829926
3484 299.9999999998436 0 1392.933358785839
3485 299.9999999998452 0 1571.496318920116
3486 299.9999999998467 0 1750.059279054251
3487 299.9999999998484 0 1928.622239188295
3488 299.9999999998499 0 2107.185199322959
3489 299.9999999998515 0 2285.748159459466
3490 299.999999999853 0 2464.311119594983
3491 299.9999999998547 0 2642.874079729113
3492 299.9999999998562 0 2821.437039863795
3493 349.9999999997502 0 1457.200019089121
3494 349.9999999997684 0 1628.622239189725
3495 349.9999999997867 0 1800.044459290187
3496 349.9999999998049 0 1971.466679390624
3497 349.9999999998232 0 2142.888899491606
3498 349.9999999998414 0 2314.311119594232
3499 349.9999999998595 0 2485.73333969596
3500 349.9999999998778 0 2657.155559796554
3501 349.999999999896 0 2828.57777989765
3502 399.9999999996818 0 1521.46667939244
3503 399.9999999997139 0 1685.748159459366
3504 399.9999999997462 0 1850.02963952615
3505 399.9999999997781 0 2014.311119592976
3506 399.9999999998101 0 2178.592599660275
3507 399.9999999998423 0 2342.874079729014
3508 399.9999999998744 0 2507.155559796947
3509 399.9999999999064 0 2671.437039864003
3510 399.9999999999386 0 2835.71851993151
3511 449.9999999996448 0 1585.733339695803
3512 449.9999999996872 0 1742.874079729047
3513 449.9999999997298 0 1900.014819762149
3514 449.9999999997721 0 2057.155559795358
3515 449.9999999998146 0 2214.296299828968
3516 449.9999999998572 0 2371.437039863815
3517 449.9999999998997 0 2528.57777989795
3518 449.9999999999421 0 2685.718519931463
3519 449.9999999999846 0 2842.859259965375
3520 499.99999999942 0 1649.999999998956
3521 499.9999999994479 0 1799.999999998541
3522 499.9999999994761 0 1949.999999997984
3523 499.9999999995042 0 2099.999999997599
3524 499.9999999995324 0 2249.999999997545
3525 499.9999999995604 0 2399.999999998525
3526 499.9999999995885 0 2549.999999998882
3527 499.9999999996166 0 2699.999999998876
3528 499.9999999996446 0 2849.999999999216
3529 549.9999999994661 0 1714.266660302439
3530 549.999999999494 0 1857.125920268328
3531 549.9999999995221 0 1999.985180234075
3532 549.9999999995501 0 2142.844440200061
3533 549.9999999995781 0 2285.703700166305
3534 549.9999999996061 0 2428.56296013338
3535 549.999999999634 0 2571.422220099925
3536 549.9999999996622 0 2714.281480066362
3537 549.99999999969 0 2857.140740033094
3538 599.9999999995354 0 1778.533320605955
3539 599.999999999562 0 1914.251840538144
3540 599.9999999995887 0 2049.970360470193
3541 599.9999999996149 0 2185.688880402545
3542 599.9999999996418 0 2321.407400335082
3543 599.9999999996681 0 2457.125920268249
3544 599.9999999996946 0 2592.844440200978
3545 599.9999999997215 0 2728.562960133855
3546 599.9999999997477 0 2864.281480066974
3547 649.9999999996608 0 1842.79998090955
3548 649.9999999996796 0 1971.377760808032
3549 649.9999999996987 0 2099.95554070637
3550 649.9999999997174 0 2228.533320605082
3551 649.9999999997364 0 2357.111100503905
3552 649.9999999997553 0 2485.688880403154
3553 649.9999999997742 0 2614.266660302058
3554 649.9999999997931 0 2742.844440201367
3555 649.9999999998121 0 2871.422220100865
3556 699.9999999997802 0 1907.066641213136
3557 699.9999999997922 0 2028.50368107791
3558 699.9999999998039 0 2149.940720942543
3559 699.9999999998159 0 2271.377760807613
3560 699.9999999998278 0 2392.814800672721
3561 699.9999999998396 0 2514.251840538055
3562 699.9999999998513 0 2635.688880403135
3563 699.9999999998632 0 2757.125920268874
3564 699.9999999998755 0 2878.562960134755
3565 749.9999999999307 0 1971.333301516767
3566 749.9999999999322 0 2085.62960134783
3567 749.9999999999336 0 2199.92590117875
3568 749.999999999935 0 2314.222201010174
3569 749.9999999999364 0 2428.518500841563
3570 749.9999999999376 0 2542.814800672976
3571 749.9999999999395 0 2657.111100504228
3572 749.9999999999408 0 2771.407400336394
3573 749.9999999999422 0 2885.703700168649
3574 849.9999999999343 0 2099.866622123512
3575 849.9999999999419 0 2199.881441887295
3576 849.9999999999491 0 2299.896261650901
3577 849.9999999999562 0 2399.911081415004
3578 849.9999999999636 0 2499.925901178818
3579 849.9999999999709 0 2599.940720942673
3580 849.9999999999782 0 2699.955540706646
3581 849.9999999999854 0 2799.970360471293
3582 849.9999999999927 0 2899.985180236172
3583 899.9999999997557 0 2164.133282426581
3584 899.9999999997831 0 2257.007362156803
3585 899.9999999998101 0 2349.88144188681
3586 899.9999999998373 0 2442.755521617244
3587 899.9999999998646 0 2535.629601347207
3588 899.9999999998915 0 2628.503681077429
3589 899.9999999999187 0 2721.377760807961
3590 899.9999999999457 0 2814.251840538661
3591 899.9999999999727 0 2907.125920269797
3592 949.9999999998965 0 2228.399942730106
3593 949.9999999999081 0 2314.133282426714
3594 949.9999999999197 0 2399.866622123074
3595 949.9999999999312 0 2485.599961819787
3596 949.9999999999425 0 2571.33330151585
3597 949.9999999999538 0 2657.066641212386
3598 949.9999999999656 0 2742.799980909425
3599 949.999999999977 0 2828.533320606131
3600 949.9999999999884 0 2914.266660303472
3601 49.99999999983162 200 1071.600057268743
3602 49.99999999982548 200 1285.866717571487
3603 49.99999999981931 200 1500.13337787415
3604 49.99999999981316 200 1714.400038177069
3605 49.99999999980702 200 1928.666698480193
3606 49.99999999980085 200 2142.933358784452
3607 49.99999999979472 200 2357.200019088483
3608 49.99999999978856 200 2571.466679392041
3609 49.9999999997824 200 2785.733339695882
3610 99.99999999976649 200 1135.866717572083
3611 99.99999999975323 200 1342.992637841139
3612 99.99999999974 200 1550.118558110094
3613 99.99999999972675 200 1757.244478379145
3614 99.99999999971351 200 1964.370398648588
3615 99.99999999970026 200 2171.496318919536
3616 99.99999999968702 200 2378.622239189942
3617 99.99999999967378 200 2585.7481594594
3618 99.99999999966052 200 2792.874079729263
3619 149.9999999998213 200 1200.133377875563
3620 149.9999999998107 200 1400.118558110916
3621 149.9999999998002 200 1600.103738346148
3622 149.9999999997897 200 1800.088918581315
3623 149.9999999997791 200 2000.074098817061
3624 149.9999999997686 200 2200.059279054683
3625 149.9999999997581 200 2400.04445929145
3626 149.9999999997476 200 2600.029639526789
3627 149.999999999737 200 2800.01481976266
3628 249.9999999998565 200 1328.666698482439
3629 249.9999999998525 200 1514.370398650402
3630 249.9999999998485 200 1700.074098818224
3631 249.9999999998444 200 1885.777798985889
3632 249.9999999998402 200 2071.481499154246
3633 249.9999999998361 200 2257.185199324648
3634 249.999999999832 200 2442.888899493969
3635 249.9999999998278 200 2628.592599661645
3636 249.9999999998238 200 2814.296299829926
3637 299.9999999998436 200 1392.933358785839
3638 299.9999999998452 200 1571.496318920116
3639 299.9999999998467 200 1750.059279054251
3640 299.9999999998484 200 1928.622239188295
3641 299.9999999998499 200 2107.185199322959
3642 299.9999999998515 200 2285.748159459466
3643 299.999999999853 200 2464.311119594983
3644 299.9999999998547 200 2642.874079729113
3645 299.9999999998562 200 2821.437039863795
3646 349.9999999997502 200 1457.200019089121
3647 349.9999999997684 200 1628.622239189725
3648 349.9999999997867 200 1800.044459290187
3649 349.9999999998049 200 1971.466679390624
3650 349.9999999998232 200 2142.888899491606
3651 349.9999999998414 200 2314.311119594232
3652 349.9999999998595 200 2485.73333969596
3653 349.9999999998778 200 2657.155559796554
3654 349.999999999896 200 2828.57777989765
3655 399.9999999996818 200 1521.46667939244
3656 399.9999999997139 200 1685.748159459366
3657 399.9999999997462 200 1850.02963952615
3658 399.9999999997781 200 2014.311119592976
3659 399.9999999998101 200 2178.592599660275
3660 399.9999999998423 200 2342.874079729014
3661 399.9999999998744 200 2507.155559796947
3662 399.9999999999064 200 2671.437039864003
3663 399.9999999999386 200 2835.71851993151
3664 449.9999999996448 200 1585.733339695803
3665 449.9999999996872 200 1742.874079729047
3666 449.9999999997298 200 1900.014819762149
3667 449.9999999997721 200 2057.155559795358
3668 449.9999999998146 200 2214.296299828968
3669 449.9999999998572 200 2371.437039863815
3670 449.9999999998997 200 2528.57777989795
3671 449.9999999999421 200 2685.718519931463
3672 449.9999999999846 200 2842.859259965375
3673 499.99999999942 200 1649.999999998956
3674 499.9999999994479 200 1799.999999998541
3675 499.9999999994761 200 1949.999999997984
3676 499.9999999995042 200 2099.999999997599
3677 499.9999999995324 200 2249.999999997545
3678 499.9999999995604 200 2399.999999998525
3679 499.9999999995885 200 2549.999999998882
3680 499.9999999996166 200 2699.999999998876
3681 499.9999999996446 200 2849.999999999216
3682 549.9999999994661 200 1714.266660302439
3683 549.999999999494 200 1857.125920268328
3684 549.9999999995221 200 1999.985180234075
3685 549.9999999995501 200 2142.844440200061
3686 549.9999999995781 200 2285.703700166305
3687 549.9999999996061 200 2428.56296013338
3688 549.999999999634 200 2571.422220099925
3689 549.9999999996622 200 2714.281480066362
3690 549.99999999969 200 2857.140740033094
3691 599.9999999995354 200 1778.533320605955
3692 599.999999999562 200 1914.251840538144
3693 599.9999999995887 200 2049.970360470193
3694 599.9999999996149 200 2185.688880402545
3695 599.9999999996418 200 2321.407400335082
3696 599.9999999996681 200 2457.125920268249
3697 599.9999999996946 200 2592.844440200978
3698 599.9999999997215 200 2728.562960133855
3699 599.9999999997477 200 2864.281480066974
3700 649.9999999996608 200 1842.79998090955
3701 649.9999999996796 200 1971.377760808032
3702 649.9999999996987 200 2099.95554070637
3703 649.9999999997174 200 2228.533320605082
3704 649.9999999997364 200 2357.111100503905
3705 649.9999999997553 200 2485.688880403154
3706 649.9999999997742 200 2614.266660302058
3707 649.9999999997931 200 2742.844440201367
3708 649.9999999998121 200 2871.422220100865
3709 699.9999999997802 200 1907.066641213136
3710 699.9999999997922 200 2028.50368107791
3711 699.9999999998039 200 2149.940720942543
3712 699.9999999998159 200 2271.377760807613
3713 699.9999999998278 200 2392.814800672721
3714 699.9999999998396 200 2514.251840538055
3715 699.9999999998513 200 2635.688880403135
3716 699.9999999998632 200 2757.125920268874
3717 699.9999999998755 200 2878.562960134755
3718 749.9999999999307 200 1971.333301516767
3719 749.9999999999322 200 2085.62960134783
3720 749.9999999999336 200 2199.92590117875
3721 749.999999999935 200 2314.222201010174
3722 749.9999999999364 200 2428.518500841563
3723 749.9999999999376 200 2542.814800672976
3724 749.9999999999395 200 2657.111100504228
3725 749.9999999999408 200 2771.407400336394
3726 749.9999999999422 200 2885.703700168649
3727 849.9999999999343 200 2099.866622123512
3728 849.9999999999419 200 2199.881441887295
3729 849.9999999999491 200 2299.896261650901
3730 849.9999999999562 200 2399.911081415004
3731 849.9999999999636 200 2499.925901178818
3732 849.9999999999709 200 2599.940720942673
3733 849.9999999999782 200 2699.955540706646
3734 849.9999999999854 200 2799.970360471293
3735 849.9999999999927 200 2899.985180236172
3736 899.9999999997557 200 2164.133282426581
3737 899.9999999997831 200 2257.007362156803
3738 899.9999999998101 200 2349.88144188681
3739 899.9999999998373 200 2442.755521617244
3740 899.9999999998646 200 2535.629601347207
3741 899.9999999998915 200 2628.503681077429
3742 899.9999999999187 200 2721.377760807961
3743 899.9999999999457 200 2814.251840538661
3744 899.9999999999727 200 2907.125920269797
3745 949.9999999998965 200 2228.399942730106
3746 949.9999999999081 200 2314.133282426714
3747 949.9999999999197 200 2399.866622123074
3748 949.9999999999312 200 2485.599961819787
3749 949.9999999999425 200 2571.33330151585
3750 949.9999999999538 200 2657.066641212386
3751 949.9999999999656 200 2742.799980909425
3752 949.999999999977 200 2828.533320606131
3753 949.9999999999884 200 2914.266660303472
3754 49.99999999983162 800.0000000000001 1071.600057268743
3755 49.99999999982548 800.0000000000001 1285.866717571487
3756 49.99999999981931 800.0000000000001 1500.13337787415
3757 49.99999999981316 800.0000000000001 1714.400038177069
3758 49.99999999980702 800.0000000000001 1928.666698480193
3759 49.99999999980085 800.0000000000001 2142.933358784452
3760 49.99999999979472 800.0000000000001 2357.200019088483
3761 49.99999999978856 800.0000000000001 2571.466679392041
3762 49.9999999997824 800.0000000000001 2785.733339695882
3763 99.99999999976649 800.0000000000001 1135.866717572083
3764 99.99999999975323 800.0000000000001 1342.992637841139
3765 99.99999999974 800.0000000000001 1550.118558110094
3766 99.99999999972675 800.0000000000001 1757.244478379145
3767 99.99999999971351 800.0000000000001 1964.370398648588
3768 99.99999999970026 800.0000000000001 2171.496318919536
3769 99.99999999968702 800.0000000000001 2378.622239189942
3770 99.99999999967378 800.0000000000001 2585.7481594594
3771 99.99999999966052 800.0000000000001 2792.874079729263
3772 149.9999999998213 800.0000000000001 1200.133377875563
3773 149.9999999998107 800.0000000000001 1400.118558110916
3774 149.9999999998002 800.0000000000001 1600.103738346148
3775 149.9999999997897 800.0000000000001 1800.088918581315
3776 149.9999999997791 800.0000000000001 2000.074098817061
3777 149.9999999997686 800.0000000000001 2200.059279054683
3778 149.9999999997581 800.0000000000001 2400.04445929145
3779 149.9999999997476 800.0000000000001 2600.029639526789
3780 149.999999999737 800.0000000000001 2800.01481976266
3781 249.9999999998565 800 1328.666698482439
3782 249.9999999998525 800 1514.370398650402
3783 249.9999999998485 800 1700.074098818224
3784 249.9999999998444 800 1885.777798985889
3785 249.9999999998402 800 2071.481499154246
3786 249.9999999998361 800 2257.185199324648
3787 249.999999999832 800 2442.888899493969
3788 249.9999999998278 800 2628.592599661645
3789 249.9999999998238 800 2814.296299829926
3790 299.9999999998436 800 1392.933358785839
3791 299.9999999998452 800 1571.496318920116
3792 299.9999999998467 800 1750.059279054251
3793 299.9999999998484 800 1928.622239188295
3794 299.9999999998499 800 2107.185199322959
3795 299.9999999998515 800 2285.748159459466
3796 299.999999999853 800 2464.311119594983
3797 299.9999999998547 800 2642.874079729113
3798 299.9999999998562 800 2821.437039863795
3799 349.9999999997502 800 1457.200019089121
3800 349.9999999997684 800 1628.622239189725
3801 349.9999999997867 800 1800.044459290187
3802 349.9999999998049 800 1971.466679390624
3803 349.9999999998232 800 2142.888899491606
3804 349.9999999998414 800 2314.311119594232
3805 349.9999999998595 800 2485.73333969596
3806 349.9999999998778 800 2657.155559796554
3807 349.999999999896 800 2828.57777989765
3808 399.9999999996818 800 1521.46667939244
3809 399.9999999997139 800 1685.748159459366
3810 399.9999999997462 800 1850.02963952615
3811 399.9999999997781 800 2014.311119592976
3812 399.9999999998101 800 2178.592599660275
3813 399.9999999998423 800 2342.874079729014
3814 399.9999999998744 800 2507.155559796947
3815 399.9999999999064 800 2671.437039864003
3816 399.9999999999386 800 2835.71851993151
3817 449.9999999996448 800 1585.733339695803
3818 449.9999999996872 800 1742.874079729047
3819 449.9999999997298 800 1900.014819762149
3820 449.9999999997721 800 2057.155559795358
3821 449.9999999998146 800 2214.296299828968
3822 449.9999999998572 800 2371.437039863815
3823 449.9999999998997 800 2528.57777989795
3824 449.9999999999421 800 2685.718519931463
3825 449.9999999999846 800 2842.859259965375
3826 499.99999999942 800 1649.999999998956
3827 499.9999999994479 800 1799.999999998541
3828 499.9999999994761 800 1949.999999997984
3829 499.9999999995042 800 2099.999999997599
3830 499.9999999995324 800 2249.999999997545
3831 499.9999999995604 800 2399.999999998525
3832 499.9999999995885 800 2549.999999998882
3833 499.9999999996166 800 2699.999999998876
3834 499.9999999996446 800 2849.999999999216
3835 549.9999999994661 800 1714.266660302439
3836 549.999999999494 800 1857.125920268328
3837 549.9999999995221 800 1999.985180234075
3838 549.9999999995501 800 2142.844440200061
3839 549.9999999995781 800 2285.703700166305
3840 549.9999999996061 800 2428.56296013338
3841 549.999999999634 800 2571.422220099925
3842 549.9999999996622 800 2714.281480066362
3843 549.99999999969 800 2857.140740033094
3844 599.9999999995354 800 1778.533320605955
3845 599.999999999562 800 1914.251840538144
3846 599.9999999995887 800 2049.970360470193
3847 599.9999999996149 800 2185.688880402545
3848 599.9999999996418 800 2321.407400335082
3849 599.9999999996681 800 2457.125920268249
3850 599.9999999996946 800 2592.844440200978
3851 599.9999999997215 800 2728.562960133855
3852 599.9999999997477 800 2864.281480066974
3853 649.9999999996608 800 1842.79998090955
3854 649.9999999996796 800 1971.377760808032
3855 649.9999999996987 800 2099.95554070637
3856 649.9999999997174 800 2228.533320605082
3857 649.9999999997364 800 2357.111100503905
3858 649.9999999997553 800 2485.688880403154
3859 649.9999999997742 800 2614.266660302058
3860 649.9999999997931 800 2742.844440201367
3861 649.9999999998121 800 2871.422220100865
3862 699.9999999997802 800 1907.066641213136
3863 699.9999999997922 800 2028.50368107791
3864 699.9999999998039 800 2149.940720942543
3865 699.9999999998159 800 2271.377760807613
3866 699.9999999998278 800 2392.814800672721
3867 699.9999999998396 800 2514.251840538055
3868 699.9999999998513 800 2635.688880403135
3869 699.9999999998632 800 2757.125920268874
3870 699.9999999998755 800 2878.562960134755
3871 749.9999999999307 800 1971.333301516767
3872 749.9999999999322 800 2085.62960134783
3873 749.9999999999336 800 2199.92590117875
3874 749.999999999935 800 2314.222201010174
3875 749.9999999999364 800 2428.518500841563
3876 749.9999999999376 800 2542.814800672976
3877 749.9999999999395 800 2657.111100504228
3878 749.9999999999408 800 2771.407400336394
3879 749.9999999999422 800 2885.703700168649
3880 849.9999999999343 800 2099.866622123512
3881 849.9999999999419 800 2199.881441887295
3882 849.9999999999491 800 2299.896261650901
3883 849.9999999999562 800 2399.911081415004
3884 849.9999999999636 800 2499.925901178818
3885 849.9999999999709 800 2599.940720942673
3886 849.9999999999782 800 2699.955540706646
3887 849.9999999999854 800 2799.970360471293
3888 849.9999999999927 800 2899.985180236172
3889 899.9999999997557 800 2164.133282426581
3890 899.9999999997831 800 2257.007362156803
3891 899.9999999998101 800 2349.88144188681
3892 899.9999999998373 800 2442.755521617244
3893 899.9999999998646 800 2535.629601347207
3894 899.9999999998915 800 2628.503681077429
3895 899.9999999999187 800 2721.377760807961
3896 899.9999999999457 800 2814.251840538661
3897 899.9999999999727 800 2907.125920269797
3898 949.9999999998965 800 2228.399942730106
3899 949.9999999999081 800 2314.133282426714
3900 949.9999999999197 800 2399.866622123074
3901 949.9999999999312 800 2485.599961819787
3902 949.9999999999425 800 2571.33330151585
3903 949.9999999999538 800 2657.066641212386
3904 949.9999999999656 800 2742.799980909425
3905 949.999999999977 800 2828.533320606131
3906 949.9999999999884 800 2914.266660303472
3907 49.99999999983162 1000 1071.600057268743
3908 49.99999999982548 1000 1285.866717571487
3909 49.99999999981931 1000 1500.13337787415
3910 49.99999999981316 1000 1714.400038177069
3911 49.99999999980702 1000 1928.666698480193
3912 49.99999999980085 1000 2142.933358784452
3913 49.99999999979472 1000 2357.200019088483
3914 49.99999999978856 1000 2571.466679392041
3915 49.9999999997824 1000 2785.733339695882
3916 99.99999999976649 1000 1135.866717572083
3917 99.99999999975323 1000 1342.992637841139
3918 99.99999999974 1000 1550.118558110094
3919 99.99999999972675 1000 1757.244478379145
3920 99.99999999971351 1000 1964.370398648588
3921 99.99999999970026 1000 2171.496318919536
3922 99.99999999968702 1000 2378.622239189942
3923 99.99999999967378 1000 2585.7481594594
3924 99.99999999966052 1000 2792.874079729263
3925 149.9999999998213 1000 1200.133377875563
3926 149.9999999998107 1000 1400.118558110916
3927 149.9999999998002 1000 1600.103738346148
3928 149.9999999997897 1000 1800.088918581315
3929 149.9999999997791 1000 2000.074098817061
3930 149.9999999997686 1000 2200.059279054683
3931 149.9999999997581 1000 2400.04445929145
3932 149.9999999997476 1000 2600.029639526789
3933 149.999999999737 1000 2800.01481976266
3934 249.9999999998565 1000 1328.666698482439
3935 249.9999999998525 1000 1514.370398650402
3936 249.9999999998485 1000 1700.074098818224
3937 249.9999999998444 1000 1885.777798985889
3938 249.9999999998402 1000 2071.481499154246
3939 249.9999999998361 1000 2257.185199324648
3940 249.999999999832 1000 2442.888899493969
3941 249.9999999998278 1000 2628.592599661645
3942 249.9999999998238 1000 2814.296299829926
3943 299.9999999998436 1000 1392.933358785839
3944 299.9999999998452 1000 1571.496318920116
3945 299.9999999998467 1000 1750.059279054251
3946 299.9999999998484 1000 1928.622239188295
3947 299.9999999998499 1000 2107.185199322959
3948 299.9999999998515 1000 2285.748159459466
3949 299.999999999853 1000 2464.311119594983
3950 299.9999999998547 1000 2642.874079729113
3951 299.9999999998562 1000 2821.437039863795
3952 349.9999999997502 1000 1457.200019089121
3953 349.9999999997684 1000 1628.622239189725
3954 349.9999999997867 1000 1800.044459290187
3955 349.9999999998049 1000 1971.466679390624
3956 349.9999999998232 1000 2142.888899491606
3957 349.9999999998414 1000 2314.311119594232
3958 349.9999999998595 1000 2485.73333969596
3959 349.9999999998778 1000 2657.155559796554
3960 349.999999999896 1000 2828.57777989765
3961 399.9999999996818 1000 1521.46667939244
3962 399.9999999997139 1000 1685.748159459366
3963 399.9999999997462 1000 1850.02963952615
3964 399.9999999997781 1000 2014.311119592976
3965 399.9999999998101 1000 2178.592599660275
3966 399.9999999998423 1000 2342.874079729014
3967 399.9999999998744 1000 2507.155559796947
3968 399.9999999999064 1000 2671.437039864003
3969 399.9999999999386 1000 2835.71851993151
3970 449.9999999996448 1000 1585.733339695803
3971 449.9999999996872 1000 1742.874079729047
3972 449.9999999997298 1000 1900.014819762149
3973 449.9999999997721 1000 2057.155559795358
3974 449.9999999998146 1000 2214.296299828968
3975 449.9999999998572 1000 2371.437039863815
3976 449.9999999998997 1000 2528.57777989795
3977 449.9999999999421 1000 2685.718519931463
3978 449.9999999999846 1000 2842.859259965375
3979 499.99999999942 1000 1649.999999998956
3980 499.9999999994479 1000 1799.999999998541
3981 499.9999999994761 1000 1949.999999997984
3982 499.9999999995042 1000 2099.999999997599
3983 499.9999999995324 1000 2249.999999997545
3984 499.9999999995604 1000 2399.999999998525
3985 499.9999999995885 1000 2549.999999998882
3986 499.9999999996166 1000 2699.999999998876
3987 499.9999999996446 1000 2849.999999999216
3988 549.9999999994661 1000 1714.266660302439
3989 549.999999999494 1000 1857.125920268328
3990 549.9999999995221 1000 1999.985180234075
3991 549.9999999995501 1000 2142.844440200061
3992 549.9999999995781 1000 2285.703700166305
3993 549.9999999996061 1000 2428.56296013338
3994 549.999999999634 1000 2571.422220099925
3995 549.9999999996622 1000 2714.281480066362
3996 549.99999999969 1000 2857.140740033094
3997 599.9999999995354 1000 1778.533320605955
3998 599.999999999562 1000 1914.251840538144
3999 599.9999999995887 1000 2049.970360470193
4000 599.9999999996149 1000 2185.688880402545
4001 599.9999999996418 1000 2321.407400335082
4002 599.9999999996681 1000 2457.125920268249
4003 599.9999999996946 1000 2592.844440200978
4004 599.9999999997215 1000 2728.562960133855
4005 599.9999999997477 1000 2864.281480066974
4006 649.9999999996608 1000 1842.79998090955
4007 649.9999999996796 1000 1971.377760808032
4008 649.9999999996987 1000 2099.95554070637
4009 649.9999999997174 1000 2228.533320605082
4010 649.9999999997364 1000 2357.111100503905
4011 649.9999999997553 1000 2485.688880403154
4012 649.9999999997742 1000 2614.266660302058
4013 649.9999999997931 1000 2742.844440201367
4014 649.9999999998121 1000 2871.422220100865
4015 699.9999999997802 1000 1907.066641213136
4016 699.9999999997922 1000 2028.50368107791
4017 699.9999999998039 1000 2149.940720942543
4018 699.9999999998159 1000 2271.377760807613
4019 699.9999999998278 1000 2392.814800672721
4020 699.9999999998396 1000 2514.251840538055
4021 699.9999999998513 1000 2635.688880403135
4022 699.9999999998632 1000 2757.125920268874
4023 699.9999999998755 1000 2878.562960134755
4024 749.9999999999307 1000 1971.333301516767
4025 749.9999999999322 1000 2085.62960134783
4026 749.9999999999336 1000 2199.92590117875
4027 749.999999999935 1000 2314.222201010174
4028 749.9999999999364 1000 2428.518500841563
4029 749.9999999999376 1000 2542.814800672976
4030 749.9999999999395 1000 2657.111100504228
4031 749.9999999999408 1000 2771.407400336394
4032 749.9999999999422 1000 2885.703700168649
4033 849.9999999999343 999.9999999999999 2099.866622123512
4034 849.9999999999419 999.9999999999999 2199.881441887295
4035 849.9999999999491 999.9999999999999 2299.896261650901
4036 849.9999999999562 999.9999999999999 2399.911081415004
4037 849.9999999999636 999.9999999999999 2499.925901178818
4038 849.9999999999709 999.9999999999999 2599.940720942673
4039 849.9999999999782 999.9999999999999 2699.955540706646
4040 849.9999999999854 999.9999999999999 2799.970360471293
4041 849.9999999999927 999.9999999999999 2899.985180236172
4042 899.9999999997557 999.9999999999999 2164.133282426581
4043 899.9999999997831 999.9999999999999 2257.007362156803
4044 899.9999999998101 999.9999999999999 2349.88144188681
4045 899.9999999998373 999.9999999999999 2442.755521617244
4046 899.9999999998646 999.9999999999999 2535.629601347207
4047 899.9999999998915 999.9999999999999 2628.503681077429
4048 899.9999999999187 999.9999999999999 2721.377760807961
4049 899.9999999999457 999.9999999999999 2814.251840538661
4050 899.9999999999727 999.9999999999999 2907.125920269797
4051 949.9999999998965 999.9999999999999 2228.399942730106
4052 949.9999999999081 999.9999999999999 2314.133282426714
4053 949.9999999999197 999.9999999999999 2399.866622123074
4054 949.9999999999312 999.9999999999999 2485.599961819787
4055 949.9999999999425 999.9999999999999 2571.33330151585
4056 949.9999999999538 999.9999999999999 2657.066641212386
4057 949.9999999999656 999.9999999999999 2742.799980909425
4058 949.999999999977 999.9999999999999 2828.533320606131
4059 949.9999999999884 999.9999999999999 2914.266660303472
4060 49.99999999978243 49.99999999977625 85.73333969641816
4061 49.99999999978859 49.99999999977627 171.4666793927889
4062 49.99999999979472 49.99999999977627 257.2000190891287
4063 49.99999999980093 49.99999999977626 342.9333587854625
4064 49.99999999980706 49.99999999977624 428.6666984817811
4065 49.99999999981325 49.99999999977624 514.4000381785791
4066 49.99999999981939 49.99999999977624 600.1333778753825
4067 49.99999999982559 49.99999999977624 685.8667175721889
4068 49.99999999983171 49.99999999977624 771.600057268989
4069 49.99999999978237 99.99999999964723 85.73333969641814
4070 49.99999999978854 99.99999999964723 171.4666793927888
4071 49.9999999997947 99.99999999964729 257.2000190891287
4072 49.99999999980086 99.99999999964724 342.9333587854625
4073 49.999999999807 99.99999999964729 428.6666984817809
4074 49.99999999981316 99.99999999964729 514.4000381785793
4075 49.99999999981932 99.99999999964723 600.1333778753823
4076 49.99999999982549 99.99999999964727 685.8667175721891
4077 49.9999999998316 99.9999999996472 771.6000572689895
4078 49.99999999978241 149.9999999997264 85.73333969641816
4079 49.99999999978858 149.9999999997264 171.4666793927889
4080 49.99999999979476 149.9999999997264 257.2000190891288
4081 49.99999999980091 149.9999999997263 342.9333587854625
4082 49.99999999980706 149.9999999997264 428.6666984817809
4083 49.99999999981324 149.9999999997264 514.4000381785786
4084 49.9999999998194 149.9999999997264 600.1333778753826
4085 49.99999999982555 149.9999999997264 685.8667175721891
4086 49.99999999983172 149.9999999997264 771.600057268989
4087 99.99999999966059 49.99999999977622 92.87407973011102
4088 99.99999999967378 49.99999999977626 185.7481594601587
4089 99.99999999968709 49.99999999977626 278.6222391901762
4090 99.99999999970036 49.99999999977626 371.4963189201813
4091 99.99999999971362 49.99999999977624 464.3703986501781
4092 99.99999999972687 49.99999999977624 557.2444783806972
4093 99.99999999974014 49.99999999977624 650.1185581112194
4094 99.99999999975341 49.99999999977624 742.992637841744
4095 99.99999999976669 49.99999999977624 835.866717572264
4096 99.99999999966059 99.99999999964723 92.87407973011102
4097 99.9999999996738 99.99999999964723 185.7481594601587
4098 99.99999999968711 99.99999999964729 278.6222391901762
4099 99.99999999970028 99.99999999964724 371.4963189201814
4100 99.99999999971358 99.99999999964729 464.370398650178
4101 99.99999999972681 99.99999999964727 557.2444783806974
4102 99.99999999974006 99.99999999964723 650.1185581112194
4103 99.99999999975333 99.99999999964729 742.992637841744
4104 99.99999999976657 99.99999999964723 835.866717572264
4105 99.9999999996606 149.9999999997265 92.87407973011102
4106 99.99999999967386 149.9999999997266 185.7481594601587
4107 99.99999999968705 149.9999999997264 278.6222391901762
4108 99.99999999970028 149.9999999997264 371.4963189201813
4109 99.99999999971358 149.9999999997264 464.3703986501781
4110 99.99999999972681 149.9999999997263 557.2444783806973
4111 99.99999999974006 149.9999999997263 650.1185581112195
4112 99.99999999975331 149.9999999997265 742.9926378417435
4113 99.99999999976657 149.9999999997264 835.8667175722637
4114 149.999999999737 49.99999999977623 100.0148197638196
4115 149.9999999997476 49.99999999977627 200.0296395275599
4116 149.9999999997581 49.99999999977626 300.0444592912709
4117 149.9999999997687 49.99999999977624 400.0592790549628
4118 149.9999999997793 49.99999999977624 500.0740988186541
4119 149.9999999997898 49.99999999977624 600.0889185829093
4120 149.9999999998003 49.99999999977624 700.1037383471665
4121 149.9999999998109 49.99999999977624 800.1185581114244
4122 149.9999999998215 49.99999999977624 900.1333778756805
4123 149.9999999997371 99.99999999964724 100.0148197638196
4124 149.9999999997476 99.99999999964724 200.0296395275598
4125 149.9999999997582 99.9999999996473 300.0444592912709
4126 149.9999999997687 99.99999999964724 400.0592790549629
4127 149.9999999997791 99.99999999964729 500.0740988186538
4128 149.9999999997898 99.99999999964727 600.0889185829094
4129 149.9999999998003 99.99999999964723 700.1037383471661
4130 149.9999999998108 99.99999999964729 800.1185581114244
4131 149.9999999998214 99.99999999964723 900.1333778756809
4132 149.999999999737 149.9999999997264 100.0148197638196
4133 149.9999999997476 149.9999999997264 200.0296395275599
4134 149.9999999997581 149.9999999997264 300.0444592912708
4135 149.9999999997687 149.9999999997264 400.0592790549628
4136 149.9999999997793 149.9999999997264 500.074098818654
4137 149.9999999997898 149.9999999997263 600.0889185829095
4138 149.9999999998003 149.9999999997264 700.1037383471664
4139 149.9999999998109 149.9999999997264 800.1185581114245
4140 149.9999999998215 149.9999999997264 900.1333778756807
4141 249.999999999824 49.99999999977624 114.2962998312222
4142 249.9999999998281 49.99999999977624 228.592599662345
4143 249.9999999998321 49.99999999977624 342.8888994934376
4144 249.9999999998361 49.99999999977624 457.1851993245053
4145 249.9999999998404 49.99999999977624 571.4814991555812
4146 249.9999999998443 49.99999999977624 685.7777989872948
4147 249.9999999998484 49.99999999977624 800.0740988190134
4148 249.9999999998526 49.99999999977625 914.3703986507325
4149 249.9999999998567 49.99999999977624 1028.666698482451
4150 249.9999999998239 99.99999999964729 114.2962998312222
4151 249.999999999828 99.99999999964734 228.5925996623451
4152 249.9999999998321 99.99999999964734 342.8888994934377
4153 249.9999999998361 99.99999999964726 457.1851993245053
4154 249.9999999998404 99.99999999964729 571.4814991555811
4155 249.9999999998444 99.9999999996473 685.7777989872945
4156 249.9999999998485 99.99999999964727 800.074098819013
4157 249.9999999998527 99.99999999964729 914.3703986507323
4158 249.9999999998569 99.99999999964726 1028.666698482451
4159 249.9999999998239 149.9999999997264 114.2962998312221
4160 249.999999999828 149.9999999997266 228.5925996623451
4161 249.9999999998321 149.9999999997264 342.8888994934377
4162 249.9999999998361 149.9999999997265 457.1851993245053
4163 249.9999999998404 149.9999999997265 571.4814991555811
4164 249.9999999998444 149.9999999997266 685.7777989872948
4165 249.9999999998486 149.9999999997264 800.074098819013
4166 249.9999999998528 149.9999999997265 914.3703986507322
4167 249.9999999998569 149.9999999997265 1028.666698482451
4168 299.9999999998564 49.99999999977624 121.437039864917
4169 299.9999999998548 49.99999999977624 242.8740797297306
4170 299.9999999998532 49.99999999977624 364.3111195945116
4171 299.9999999998515 49.99999999977624 485.748159459269
4172 299.99999999985 49.99999999977624 607.1851993240348
4173 299.9999999998485 49.99999999977624 728.6222391894712
4174 299.9999999998468 49.99999999977624 850.0592790549177
4175 299.9999999998457 49.99999999977625 971.4963189203647
4176 299.9999999998438 49.99999999977623 1092.933358785812
4177 299.9999999998564 99.99999999964729 121.4370398649168
4178 299.9999999998548 99.99999999964734 242.8740797297305
4179 299.9999999998532 99.99999999964736 364.3111195945118
4180 299.9999999998516 99.99999999964723 485.7481594592691
4181 299.99999999985 99.99999999964729 607.1851993240354
4182 299.9999999998486 99.99999999964729 728.6222391894707
4183 299.9999999998471 99.99999999964729 850.0592790549173
4184 299.9999999998453 99.99999999964729 971.4963189203647
4185 299.9999999998438 99.99999999964729 1092.933358785812
4186 299.9999999998564 149.9999999997264 121.4370398649169
4187 299.9999999998547 149.9999999997266 242.8740797297306
4188 299.9999999998532 149.9999999997265 364.3111195945116
4189 299.9999999998518 149.9999999997264 485.7481594592691
4190 299.9999999998503 149.9999999997264 607.1851993240354
4191 299.9999999998485 149.9999999997264 728.6222391894707
4192 299.999999999847 149.9999999997264 850.0592790549172
4193 299.9999999998456 149.9999999997264 971.4963189203651
4194 299.9999999998439 149.9999999997264 1092.933358785812
4195 349.999999999896 49.99999999977624 128.5777798985987
4196 349.9999999998777 49.99999999977626 257.15555979709
4197 349.9999999998596 49.99999999977624 385.733339695547
4198 349.9999999998415 49.99999999977624 514.3111195939803
4199 349.9999999998232 49.99999999977624 642.8888994924239
4200 349.9999999998048 49.99999999977624 771.4666793915694
4201 349.9999999997866 49.99999999977624 900.0444592907309
4202 349.9999999997685 49.99999999977625 1028.622239189893
4203 349.9999999997503 49.99999999977624 1157.200019089054
4204 349.9999999998959 99.99999999964729 128.5777798985985
4205 349.9999999998778 99.99999999964726 257.1555597970901
4206 349.9999999998596 99.99999999964727 385.733339695547
4207 349.9999999998413 99.99999999964729 514.31111959398
4208 349.999999999823 99.99999999964729 642.8888994924241
4209 349.9999999998049 99.99999999964729 771.466679391569
4210 349.9999999997868 99.99999999964726 900.0444592907309
4211 349.9999999997686 99.99999999964729 1028.622239189893
4212 349.9999999997506 99.99999999964726 1157.200019089054
4213 349.999999999896 149.9999999997264 128.5777798985985
4214 349.9999999998777 149.9999999997266 257.1555597970899
4215 349.9999999998595 149.9999999997264 385.7333396955469
4216 349.9999999998414 149.9999999997264 514.3111195939798
4217 349.9999999998233 149.9999999997265 642.8888994924241
4218 349.999999999805 149.9999999997264 771.466679391569
4219 349.9999999997868 149.9999999997264 900.0444592907306
4220 349.9999999997686 149.9999999997264 1028.622239189893
4221 349.9999999997506 149.9999999997264 1157.200019089054
4222 399.9999999999383 49.99999999977623 135.7185199322843
4223 399.9999999999064 49.99999999977624 271.4370398644572
4224 399.9999999998745 49.99999999977622 407.155559796594
4225 399.9999999998423 49.99999999977622 542.8740797287079
4226 399.9999999998103 49.99999999977622 678.5925996608327
4227 399.999999999778 49.99999999977622 814.3111195936917
4228 399.9999999997461 49.99999999977623 950.0296395265721
4229 399.9999999997136 49.99999999977624 1085.748159459453
4230 399.9999999996817 49.99999999977622 1221.466679392333
4231 399.9999999999384 99.99999999964729 135.7185199322843
4232 399.9999999999065 99.99999999964729 271.4370398644573
4233 399.9999999998748 99.99999999964729 407.1555597965938
4234 399.9999999998426 99.99999999964727 542.8740797287078
4235 399.9999999998104 99.9999999996473 678.5925996608332
4236 399.9999999997784 99.99999999964723 814.3111195936918
4237 399.9999999997465 99.99999999964723 950.0296395265723
4238 399.999999999714 99.99999999964724 1085.748159459453
4239 399.9999999996822 99.99999999964723 1221.466679392334
4240 399.9999999999386 149.9999999997264 135.7185199322843
4241 399.9999999999065 149.9999999997266 271.4370398644572
4242 399.9999999998747 149.9999999997265 407.1555597965938
4243 399.9999999998427 149.9999999997265 542.8740797287079
4244 399.9999999998104 149.9999999997264 678.5925996608332
4245 399.9999999997784 149.9999999997264 814.3111195936917
4246 399.9999999997467 149.9999999997264 950.0296395265721
4247 399.9999999997142 149.9999999997264 1085.748159459453
4248 399.9999999996822 149.9999999997265 1221.466679392334
4249 449.9999999999845 49.99999999977621 142.8592599659749
4250 449.9999999999423 49.99999999977625 285.7185199318346
4251 449.9999999998996 49.99999999977624 428.5777798976557
4252 449.9999999998574 49.99999999977624 571.4370398634546
4253 449.9999999998144 49.99999999977624 714.2962998292667
4254 449.9999999997723 49.99999999977624 857.1555597958434
4255 449.99999999973 49.99999999977624 1000.014819762448
4256 449.9999999996875 49.99999999977625 1142.874079729052
4257 449.9999999996451 49.99999999977624 1285.733339695656
4258 449.9999999999845 99.9999999996473 142.8592599659749
4259 449.9999999999424 99.99999999964727 285.7185199318345
4260 449.9999999998998 99.99999999964729 428.5777798976558
4261 449.9999999998572 99.99999999964733 571.4370398634549
4262 449.9999999998149 99.9999999996473 714.296299829267
4263 449.9999999997723 99.99999999964729 857.1555597958433
4264 449.9999999997303 99.9999999996473 1000.014819762448
4265 449.9999999996877 99.9999999996473 1142.874079729052
4266 449.9999999996451 99.99999999964727 1285.733339695657
4267 449.9999999999845 149.9999999997265 142.8592599659749
4268 449.9999999999426 149.9999999997266 285.7185199318345
4269 449.9999999998998 149.9999999997264 428.577779897656
4270 449.999999999857 149.9999999997264 571.4370398634549
4271 449.999999999815 149.9999999997264 714.296299829267
4272 449.9999999997726 149.9999999997264 857.1555597958434
4273 449.9999999997302 149.9999999997264 1000.014819762448
4274 449.9999999996876 149.9999999997264 1142.874079729052
4275 449.9999999996453 149.9999999997264 1285.733339695657
4276 499.9999999996447 49.99999999977624 149.9999999996422
4277 499.9999999996168 49.99999999977624 299.9999999991652
4278 499.9999999995886 49.99999999977624 449.9999999986479
4279 499.9999999995603 49.99999999977624 599.9999999981085
4280 499.9999999995321 49.99999999977624 749.9999999975837
4281 499.9999999995042 49.99999999977624 899.9999999978553
4282 499.9999999994758 49.99999999977624 1049.999999998161
4283 499.9999999994483 49.99999999977624 1199.999999998466
4284 499.9999999994199 49.99999999977622 1349.99999999877
4285 499.9999999996446 99.9999999996473 149.9999999996422
4286 499.9999999996167 99.99999999964729 299.9999999991651
4287 499.9999999995882 99.99999999964729 449.9999999986479
4288 499.9999999995603 99.99999999964729 599.9999999981085
4289 499.9999999995323 99.99999999964729 749.9999999975839
4290 499.9999999995043 99.99999999964729 899.9999999978553
4291 499.9999999994761 99.99999999964727 1049.999999998161
4292 499.9999999994485 99.99999999964729 1199.999999998465
4293 499.9999999994202 99.99999999964729 1349.999999998771
4294 499.9999999996448 149.9999999997265 149.9999999996422
4295 499.999999999617 149.9999999997264 299.9999999991654
4296 499.9999999995891 149.9999999997264 449.9999999986481
4297 499.9999999995607 149.9999999997264 599.9999999981086
4298 499.9999999995326 149.9999999997265 749.9999999975843
4299 499.9999999995048 149.9999999997264 899.9999999978556
4300 499.9999999994766 149.9999999997264 1049.999999998161
4301 499.9999999994488 149.9999999997264 1199.999999998465
4302 499.9999999994207 149.9999999997264 1349.999999998771
4303 549.9999999996899 49.99999999977626 157.1407400333463
4304 549.999999999662 49.99999999977626 314.2814800665692
4305 549.9999999996339 49.99999999977624 471.4222200997497
4306 549.9999999996062 49.99999999977624 628.5629601329097
4307 549.999999999578 49.99999999977624 785.7037001660847
4308 549.9999999995498 49.99999999977624 942.8444402000879
4309 549.9999999995221 49.99999999977624 1099.98518023413
4310 549.9999999994938 49.99999999977625 1257.125920268173
4311 549.9999999994661 49.99999999977624 1414.266660302214
4312 549.9999999996899 99.9999999996473 157.1407400333462
4313 549.9999999996621 99.99999999964729 314.2814800665691
4314 549.999999999634 99.99999999964729 471.42222009975
4315 549.9999999996064 99.99999999964736 628.5629601329096
4316 549.9999999995782 99.99999999964732 785.7037001660849
4317 549.99999999955 99.99999999964729 942.8444402000882
4318 549.9999999995223 99.9999999996473 1099.98518023413
4319 549.9999999994942 99.99999999964732 1257.125920268173
4320 549.9999999994667 99.99999999964729 1414.266660302214
4321 549.9999999996899 149.9999999997264 157.1407400333462
4322 549.9999999996619 149.9999999997266 314.2814800665692
4323 549.9999999996339 149.9999999997264 471.4222200997498
4324 549.9999999996061 149.9999999997264 628.5629601329094
4325 549.9999999995782 149.9999999997264 785.7037001660849
4326 549.99999999955 149.9999999997264 942.8444402000878
4327 549.9999999995221 149.9999999997264 1099.98518023413
4328 549.9999999994941 149.9999999997264 1257.125920268172
4329 549.9999999994665 149.9999999997264 1414.266660302214
4330 599.9999999997478 49.99999999977624 164.2814800670538
4331 599.9999999997216 49.99999999977626 328.5629601339802
4332 599.9999999996945 49.99999999977624 492.8444402008622
4333 599.9999999996684 49.99999999977624 657.125920267724
4334 599.9999999996414 49.99999999977624 821.4074003346027
4335 599.9999999996148 49.99999999977624 985.6888804023411
4336 599.9999999995882 49.99999999977624 1149.970360470124
4337 599.9999999995617 49.99999999977625 1314.251840537907
4338 599.999999999535 49.99999999977624 1478.53332060569
4339 599.9999999997481 99.9999999996473 164.2814800670538
4340 599.9999999997218 99.99999999964729 328.5629601339801
4341 599.9999999996951 99.99999999964727 492.8444402008622
4342 599.9999999996684 99.9999999996473 657.125920267724
4343 599.999999999642 99.99999999964729 821.4074003346033
4344 599.9999999996152 99.99999999964729 985.6888804023413
4345 599.9999999995888 99.99999999964729 1149.970360470124
4346 599.9999999995626 99.9999999996473 1314.251840537907
4347 599.9999999995356 99.99999999964729 1478.533320605691
4348 599.9999999997478 149.9999999997264 164.2814800670536
4349 599.9999999997216 149.9999999997264 328.5629601339801
4350 599.9999999996951 149.9999999997264 492.8444402008622
4351 599.9999999996683 149.9999999997264 657.125920267724
4352 599.9999999996417 149.9999999997264 821.4074003346029
4353 599.9999999996151 149.9999999997264 985.6888804023408
4354 599.9999999995887 149.9999999997264 1149.970360470123
4355 599.9999999995625 149.9999999997263 1314.251840537906
4356 599.9999999995357 149.9999999997264 1478.533320605691
4357 649.9999999998121 49.99999999977626 171.4222201007702
4358 649.999999999793 49.99999999977626 342.8444402014089
4359 649.9999999997744 49.99999999977627 514.2666603020017
4360 649.9999999997555 49.99999999977624 685.6888804025745
4361 649.9999999997364 49.99999999977624 857.1111005031653
4362 649.9999999997175 49.99999999977624 1028.533320604648
4363 649.9999999996985 49.99999999977627 1199.95554070618
4364 649.99999999968 49.99999999977624 1371.377760807713
4365 649.9999999996605 49.99999999977624 1542.799980909245
4366 649.999999999812 99.9999999996473 171.4222201007702
4367 649.9999999997926 99.99999999964729 342.8444402014089
4368 649.9999999997748 99.99999999964729 514.2666603020016
4369 649.9999999997555 99.99999999964729 685.6888804025743
4370 649.9999999997365 99.9999999996473 857.1111005031654
4371 649.9999999997176 99.99999999964727 1028.533320604648
4372 649.9999999996991 99.99999999964729 1199.95554070618
4373 649.9999999996799 99.9999999996473 1371.377760807713
4374 649.9999999996609 99.99999999964729 1542.799980909246
4375 649.9999999998121 149.9999999997266 171.4222201007701
4376 649.9999999997929 149.9999999997266 342.8444402014089
4377 649.9999999997744 149.9999999997264 514.2666603020016
4378 649.9999999997552 149.9999999997264 685.6888804025745
4379 649.9999999997362 149.9999999997265 857.1111005031657
4380 649.9999999997174 149.9999999997264 1028.533320604647
4381 649.9999999996985 149.9999999997264 1199.95554070618
4382 649.99999999968 149.9999999997264 1371.377760807713
4383 649.9999999996605 149.9999999997264 1542.799980909245
4384 699.9999999998754 49.99999999977625 178.5629601344857
4385 699.9999999998638 49.99999999977623 357.1259202688361
4386 699.9999999998522 49.99999999977622 535.6888804031379
4387 699.9999999998398 49.99999999977623 714.2518405374208
4388 699.9999999998281 49.99999999977622 892.8148006717237
4389 699.9999999998163 49.99999999977623 1071.377760806949
4390 699.9999999998046 49.99999999977622 1249.940720942231
4391 699.9999999997924 49.99999999977624 1428.503681077511
4392 699.9999999997806 49.99999999977621 1607.066641212791
4393 699.9999999998754 99.99999999964737 178.5629601344856
4394 699.9999999998635 99.99999999964734 357.1259202688358
4395 699.9999999998521 99.99999999964734 535.6888804031378
4396 699.9999999998394 99.99999999964734 714.2518405374209
4397 699.999999999828 99.9999999996473 892.8148006717232
4398 699.9999999998163 99.99999999964729 1071.377760806949
4399 699.9999999998043 99.99999999964727 1249.940720942231
4400 699.9999999997918 99.99999999964729 1428.50368107751
4401 699.9999999997806 99.99999999964734 1607.066641212792
4402 699.9999999998756 149.9999999997266 178.5629601344855
4403 699.9999999998637 149.9999999997266 357.1259202688361
4404 699.9999999998521 149.9999999997264 535.688880403138
4405 699.9999999998392 149.9999999997264 714.2518405374209
4406 699.9999999998275 149.9999999997264 892.8148006717232
4407 699.9999999998159 149.9999999997264 1071.377760806949
4408 699.999999999804 149.9999999997264 1249.940720942231
4409 699.9999999997923 149.9999999997264 1428.50368107751
4410 699.9999999997801 149.9999999997264 1607.066641212791
4411 749.9999999999418 49.99999999977625 185.7037001682059
4412 749.9999999999404 49.99999999977626 371.4074003362723
4413 749.9999999999394 49.99999999977624 557.1111005042892
4414 749.9999999999375 49.99999999977624 742.8148006722871
4415 749.9999999999361 49.99999999977624 928.5185008403059
4416 749.9999999999349 49.99999999977624 1114.222201009279
4417 749.9999999999336 49.99999999977624 1299.925901178314
4418 749.9999999999317 49.99999999977624 1485.629601347348
4419 749.9999999999309 49.99999999977624 1671.333301516383
4420 749.999999999942 99.99999999964736 185.703700168206
4421 749.9999999999405 99.9999999996473 371.4074003362727
4422 749.9999999999397 99.99999999964729 557.1111005042894
4423 749.9999999999379 99.9999999996473 742.8148006722873
4424 749.9999999999367 99.9999999996473 928.5185008403063
4425 749.9999999999353 99.99999999964729 1114.222201009279
4426 749.9999999999337 99.99999999964727 1299.925901178314
4427 749.9999999999322 99.9999999996473 1485.629601347348
4428 749.9999999999309 99.99999999964729 1671.333301516384
4429 749.999999999942 149.9999999997265 185.7037001682058
4430 749.999999999941 149.9999999997264 371.4074003362726
4431 749.9999999999397 149.9999999997265 557.111100504289
4432 749.999999999938 149.9999999997264 742.8148006722871
4433 749.9999999999366 149.9999999997265 928.5185008403059
4434 749.9999999999349 149.9999999997264 1114.222201009279
4435 749.9999999999337 149.9999999997264 1299.925901178314
4436 749.9999999999322 149.9999999997264 1485.629601347349
4437 749.9999999999309 149.9999999997264 1671.333301516384
4438 849.9999999999933 49.99999999977622 199.9851802355799
4439 849.9999999999856 49.99999999977627 399.9703604710448
4440 849.9999999999783 49.99999999977626 599.9555407064495
4441 849.9999999999709 49.99999999977624 799.9407209418466
4442 849.9999999999638 49.99999999977626 999.9259011772747
4443 849.9999999999566 49.99999999977623 1199.911081413696
4444 849.9999999999493 49.99999999977624 1399.896261650197
4445 849.999999999942 49.99999999977624 1599.881441886676
4446 849.9999999999346 49.99999999977624 1799.866622123175
4447 849.999999999993 99.99999999964733 199.9851802355799
4448 849.9999999999856 99.99999999964723 399.9703604710449
4449 849.9999999999784 99.99999999964729 599.9555407064495
4450 849.9999999999707 99.99999999964723 799.9407209418464
4451 849.9999999999637 99.99999999964726 999.9259011772747
4452 849.9999999999563 99.99999999964729 1199.911081413696
4453 849.9999999999492 99.99999999964729 1399.896261650196
4454 849.9999999999425 99.99999999964727 1599.881441886676
4455 849.9999999999347 99.99999999964729 1799.866622123176
4456 849.999999999993 149.9999999997264 199.9851802355798
4457 849.9999999999857 149.9999999997266 399.9703604710448
4458 849.9999999999782 149.9999999997265 599.9555407064493
4459 849.999999999971 149.9999999997264 799.9407209418465
4460 849.9999999999636 149.9999999997265 999.9259011772745
4461 849.9999999999566 149.9999999997264 1199.911081413696
4462 849.9999999999493 149.9999999997265 1399.896261650196
4463 849.999999999942 149.9999999997264 1599.881441886675
4464 849.9999999999347 149.9999999997264 1799.866622123175
4465 899.9999999999732 49.99999999977623 207.1259202692284
4466 899.9999999999454 49.99999999977626 414.2518405383699
4467 899.9999999999185 49.99999999977626 621.3777608074437
4468 899.9999999998914 49.99999999977627 828.5036810765199
4469 899.9999999998641 49.99999999977626 1035.629601345635
4470 899.9999999998371 49.99999999977626 1242.755521615751
4471 899.9999999998105 49.99999999977626 1449.881441885958
4472 899.999999999783 49.99999999977624 1657.007362156124
4473 899.9999999997557 49.99999999977624 1864.133282426331
4474 899.9999999999731 99.99999999964733 207.1259202692285
4475 899.9999999999461 99.99999999964729 414.2518405383699
4476 899.9999999999186 99.99999999964729 621.3777608074438
4477 899.9999999998917 99.99999999964729 828.5036810765193
4478 899.9999999998643 99.99999999964729 1035.629601345635
4479 899.9999999998372 99.99999999964729 1242.755521615751
4480 899.9999999998096 99.99999999964729 1449.881441885957
4481 899.9999999997831 99.99999999964729 1657.007362156125
4482 899.9999999997557 99.99999999964729 1864.133282426331
4483 899.9999999999729 149.9999999997264 207.1259202692284
4484 899.999999999946 149.9999999997266 414.2518405383699
4485 899.9999999999185 149.9999999997264 621.3777608074438
4486 899.9999999998917 149.9999999997264 828.5036810765195
4487 899.9999999998645 149.9999999997265 1035.629601345635
4488 899.9999999998372 149.9999999997264 1242.755521615751
4489 899.9999999998101 149.9999999997264 1449.881441885957
4490 899.9999999997833 149.9999999997264 1657.007362156124
4491 899.9999999997558 149.9999999997264 1864.133282426331
4492 949.9999999999881 49.99999999977622 214.2666603029276
4493 949.9999999999765 49.99999999977627 428.5333206057967
4494 949.9999999999658 49.99999999977626 642.7999809085898
4495 949.9999999999542 49.99999999977624 857.0666412113957
4496 949.9999999999422 49.99999999977626 1071.33330151425
4497 949.9999999999311 49.99999999977627 1285.599961818111
4498 949.9999999999195 49.99999999977624 1499.866622122075
4499 949.999999999908 49.99999999977624 1714.133282425979
4500 949.9999999998967 49.99999999977624 1928.399942729942
4501 949.9999999999885 99.99999999964727 214.2666603029276
4502 949.9999999999768 99.9999999996472 428.5333206057965
4503 949.9999999999661 99.99999999964729 642.7999809085899
4504 949.999999999954 99.99999999964723 857.0666412113958
4505 949.9999999999427 99.99999999964727 1071.33330151425
4506 949.9999999999311 99.99999999964727 1285.59996181811
4507 949.9999999999203 99.99999999964727 1499.866622122076
4508 949.999999999908 99.99999999964729 1714.133282425978
4509 949.9999999998967 99.99999999964729 1928.399942729942
4510 949.9999999999883 149.9999999997264 214.2666603029276
4511 949.9999999999769 149.9999999997266 428.5333206057966
4512 949.9999999999661 149.9999999997265 642.7999809085898
4513 949.9999999999538 149.9999999997264 857.0666412113953
4514 949.9999999999426 149.9999999997266 1071.33330151425
4515 949.9999999999316 149.9999999997264 1285.59996181811
4516 949.9999999999194 149.9999999997266 1499.866622122075
4517 949.9999999999088 149.9999999997266 1714.133282425979
4518 949.9999999998969 149.9999999997265 1928.399942729942
4519 49.9999999997824 249.9999999998197 85.73333969641808
4520 49.99999999978861 249.9999999998195 171.466679392789
4521 49.9999999997948 249.9999999998197 257.2000190891288
4522 49.99999999980093 249.9999999998196 342.9333587854624
4523 49.99999999980712 249.9999999998197 428.6666984817811
4524 49.9999999998133 249.9999999998197 514.4000381785793
4525 49.99999999981947 249.9999999998197 600.1333778753823
4526 49.99999999982563 249.9999999998196 685.8667175721891
4527 49.99999999983183 249.9999999998197 771.600057268989
4528 49.99999999978242 299.9999999998577 85.73333969641811
4529 49.99999999978859 299.9999999998578 171.4666793927888
4530 49.99999999979477 299.9999999998578 257.2000190891287
4531 49.99999999980091 299.9999999998576 342.9333587854625
4532 49.99999999980706 299.9999999998576 428.6666984817807
4533 49.99999999981324 299.9999999998578 514.4000381785786
4534 49.9999999998194 299.9999999998577 600.1333778753824
4535 49.99999999982556 299.9999999998578 685.8667175721891
4536 49.99999999983171 299.9999999998579 771.6000572689891
4537 49.99999999978238 349.9999999999142 85.7333396964181
4538 49.99999999978853 349.9999999999143 171.4666793927887
4539 49.9999999997947 349.9999999999143 257.2000190891287
4540 49.99999999980083 349.9999999999143 342.9333587854625
4541 49.99999999980695 349.9999999999143 428.6666984817809
4542 49.99999999981311 349.9999999999143 514.4000381785791
4543 49.99999999981924 349.9999999999143 600.1333778753822
4544 49.99999999982541 349.9999999999143 685.8667175721886
4545 49.9999999998315 349.9999999999143 771.6000572689884
4546 49.99999999978237 399.9999999999704 85.7333396964181
4547 49.99999999978851 399.9999999999706 171.4666793927888
4548 49.99999999979466 399.9999999999707 257.2000190891288
4549 49.99999999980081 399.9999999999704 342.9333587854624
4550 49.99999999980694 399.9999999999707 428.6666984817811
4551 49.9999999998131 399.9999999999708 514.4000381785792
4552 49.99999999981922 399.9999999999707 600.1333778753823
4553 49.99999999982538 399.9999999999707 685.8667175721893
4554 49.9999999998315 399.9999999999707 771.6000572689883
4555 49.99999999978241 450.0000000000271 85.7333396964181
4556 49.9999999997886 450.0000000000269 171.4666793927889
4557 49.99999999979479 450.0000000000271 257.2000190891288
4558 49.99999999980095 450.0000000000272 342.9333587854625
4559 49.99999999980709 450.0000000000269 428.6666984817809
4560 49.99999999981332 450.0000000000271 514.4000381785788
4561 49.99999999981947 450.0000000000271 600.1333778753822
4562 49.99999999982565 450.0000000000269 685.8667175721891
4563 49.99999999983183 450.0000000000269 771.6000572689894
4564 49.99999999978238 499.9999999996726 85.7333396964181
4565 49.99999999978856 499.9999999996729 171.4666793927889
4566 49.9999999997947 499.9999999996727 257.2000190891287
4567 49.99999999980085 499.9999999996727 342.9333587854625
4568 49.99999999980701 499.9999999996726 428.6666984817808
4569 49.99999999981317 499.9999999996726 514.4000381785789
4570 49.99999999981932 499.9999999996728 600.1333778753824
4571 49.9999999998255 499.9999999996727 685.8667175721887
4572 49.9999999998316 499.9999999996728 771.6000572689886
4573 49.99999999978236 549.9999999997179 85.73333969641806
4574 49.99999999978849 549.9999999997179 171.4666793927888
4575 49.99999999979467 549.9999999997179 257.2000190891287
4576 49.99999999980077 549.9999999997179 342.9333587854625
4577 49.99999999980689 549.9999999997181 428.6666984817807
4578 49.99999999981304 549.9999999997181 514.4000381785787
4579 49.99999999981915 549.9999999997181 600.1333778753822
4580 49.99999999982531 549.9999999997181 685.8667175721887
4581 49.9999999998314 549.9999999997181 771.6000572689885
4582 49.99999999978242 599.9999999997742 85.73333969641813
4583 49.99999999978859 599.9999999997744 171.4666793927888
4584 49.99999999979472 599.9999999997744 257.2000190891288
4585 49.99999999980091 599.9999999997744 342.9333587854625
4586 49.99999999980706 599.9999999997744 428.6666984817809
4587 49.99999999981324 599.9999999997744 514.4000381785789
4588 49.99999999981941 599.9999999997744 600.1333778753826
4589 49.99999999982555 599.9999999997744 685.8667175721891
4590 49.99999999983172 599.9999999997744 771.6000572689895
4591 49.99999999978242 649.9999999998311 85.73333969641808
4592 49.99999999978859 649.9999999998306 171.4666793927889
4593 49.99999999979475 649.9999999998308 257.2000190891288
4594 49.99999999980091 649.9999999998312 342.9333587854625
4595 49.99999999980706 649.9999999998307 428.6666984817809
4596 49.99999999981326 649.9999999998308 514.4000381785787
4597 49.9999999998194 649.9999999998308 600.1333778753822
4598 49.99999999982556 649.9999999998308 685.8667175721891
4599 49.9999999998317 649.9999999998308 771.6000572689891
4600 49.99999999978237 699.9999999998872 85.73333969641816
4601 49.99999999978854 699.9999999998871 171.4666793927889
4602 49.99999999979469 699.999999999887 257.2000190891288
4603 49.99999999980083 699.9999999998869 342.9333587854625
4604 49.99999999980699 699.9999999998872 428.6666984817809
4605 49.99999999981314 699.9999999998872 514.4000381785794
4606 49.99999999981931 699.9999999998872 600.1333778753822
4607 49.99999999982546 699.9999999998872 685.8667175721891
4608 49.99999999983158 699.9999999998872 771.6000572689888
4609 49.99999999978238 749.9999999999436 85.73333969641816
4610 49.99999999978854 749.9999999999434 171.4666793927889
4611 49.99999999979472 749.9999999999434 257.2000190891288
4612 49.99999999980085 749.9999999999436 342.9333587854624
4613 49.99999999980701 749.9999999999436 428.666698481781
4614 49.99999999981316 749.9999999999436 514.4000381785789
4615 49.99999999981931 749.9999999999436 600.1333778753822
4616 49.99999999982546 749.9999999999434 685.866717572189
4617 49.9999999998316 749.9999999999434 771.600057268989
4618 99.99999999966057 249.9999999998197 92.87407973011096
4619 99.99999999967389 249.9999999998196 185.7481594601587
4620 99.99999999968716 249.9999999998197 278.6222391901762
4621 99.99999999970039 249.9999999998196 371.4963189201812
4622 99.99999999971369 249.9999999998196 464.3703986501782
4623 99.99999999972694 249.9999999998196 557.2444783806973
4624 99.9999999997402 249.9999999998196 650.1185581112195
4625 99.9999999997535 249.9999999998197 742.9926378417439
4626 99.99999999976679 249.9999999998196 835.866717572264
4627 99.99999999966055 299.9999999998576 92.87407973011095
4628 99.99999999967379 299.9999999998576 185.7481594601585
4629 99.99999999968708 299.9999999998578 278.6222391901762
4630 99.99999999970034 299.9999999998576 371.4963189201813
4631 99.99999999971362 299.9999999998579 464.3703986501781
4632 99.99999999972687 299.9999999998578 557.2444783806974
4633 99.99999999974007 299.9999999998576 650.1185581112195
4634 99.99999999975344 299.9999999998579 742.9926378417435
4635 99.99999999976667 299.9999999998578 835.8667175722643
4636 99.99999999966052 349.9999999999142 92.87407973011101
4637 99.99999999967383 349.9999999999143 185.7481594601585
4638 99.99999999968711 349.9999999999142 278.6222391901762
4639 99.99999999970032 349.9999999999143 371.4963189201812
4640 99.99999999971365 349.9999999999143 464.370398650178
4641 99.99999999972687 349.9999999999145 557.2444783806973
4642 99.99999999974014 349.9999999999143 650.1185581112192
4643 99.99999999975343 349.9999999999143 742.992637841744
4644 99.99999999976662 349.9999999999143 835.8667175722644
4645 99.99999999966053 399.9999999999707 92.87407973011101
4646 99.99999999967386 399.9999999999707 185.7481594601587
4647 99.99999999968716 399.9999999999707 278.6222391901762
4648 99.99999999970035 399.9999999999708 371.4963189201814
4649 99.99999999971362 399.9999999999707 464.3703986501783
4650 99.99999999972688 399.9999999999707 557.2444783806973
4651 99.99999999974007 399.9999999999707 650.1185581112195
4652 99.99999999975344 399.9999999999707 742.992637841744
4653 99.99999999976669 399.9999999999707 835.8667175722643
4654 99.99999999966055 450.0000000000273 92.87407973011091
4655 99.99999999967386 450.0000000000271 185.7481594601585
4656 99.99999999968709 450.0000000000271 278.6222391901762
4657 99.99999999970035 450.0000000000271 371.4963189201813
4658 99.99999999971365 450.0000000000271 464.3703986501781
4659 99.9999999997269 450.0000000000271 557.2444783806972
4660 99.99999999974008 450.0000000000271 650.1185581112195
4661 99.99999999975344 450.0000000000271 742.9926378417437
4662 99.99999999976669 450.0000000000271 835.8667175722644
4663 99.99999999966053 499.9999999996726 92.87407973011091
4664 99.9999999996738 499.9999999996726 185.7481594601587
4665 99.99999999968705 499.9999999996728 278.6222391901762
4666 99.99999999970026 499.9999999996727 371.4963189201812
4667 99.99999999971357 499.9999999996727 464.3703986501782
4668 99.99999999972681 499.9999999996726 557.2444783806968
4669 99.99999999974003 499.9999999996725 650.1185581112195
4670 99.99999999975331 499.9999999996726 742.9926378417435
4671 99.99999999976657 499.9999999996727 835.8667175722634
4672 99.99999999966056 549.9999999997182 92.87407973011095
4673 99.9999999996738 549.9999999997181 185.7481594601585
4674 99.99999999968696 549.9999999997181 278.6222391901762
4675 99.99999999970022 549.9999999997177 371.4963189201812
4676 99.99999999971347 549.9999999997178 464.3703986501781
4677 99.99999999972667 549.9999999997178 557.244478380697
4678 99.99999999973991 549.9999999997181 650.1185581112196
4679 99.99999999975316 549.9999999997181 742.9926378417437
4680 99.99999999976635 549.9999999997178 835.866717572264
4681 99.99999999966057 599.9999999997746 92.87407973011101
4682 99.99999999967386 599.9999999997743 185.7481594601585
4683 99.99999999968702 599.9999999997744 278.6222391901762
4684 99.99999999970026 599.9999999997743 371.4963189201812
4685 99.99999999971357 599.9999999997744 464.3703986501781
4686 99.99999999972684 599.9999999997742 557.2444783806972
4687 99.99999999974008 599.9999999997744 650.1185581112195
4688 99.99999999975333 599.9999999997744 742.9926378417437
4689 99.99999999976656 599.9999999997744 835.8667175722646
4690 99.99999999966062 649.9999999998309 92.87407973011095
4691 99.99999999967389 649.9999999998304 185.7481594601587
4692 99.99999999968715 649.9999999998308 278.6222391901764
4693 99.99999999970041 649.9999999998309 371.4963189201815
4694 99.99999999971371 649.9999999998308 464.3703986501785
4695 99.99999999972695 649.9999999998308 557.2444783806973
4696 99.99999999974017 649.9999999998308 650.1185581112195
4697 99.9999999997535 649.9999999998308 742.9926378417446
4698 99.9999999997668 649.9999999998306 835.8667175722644
4699 99.99999999966059 699.9999999998872 92.87407973011101
4700 99.9999999996739 699.9999999998875 185.7481594601587
4701 99.99999999968703 699.9999999998872 278.6222391901763
4702 99.99999999970029 699.9999999998872 371.4963189201813
4703 99.99999999971357 699.9999999998872 464.3703986501785
4704 99.99999999972684 699.9999999998868 557.244478380697
4705 99.99999999974008 699.9999999998872 650.1185581112196
4706 99.99999999975331 699.9999999998872 742.992637841744
4707 99.99999999976657 699.9999999998872 835.8667175722644
4708 99.99999999966062 749.9999999999436 92.87407973011102
4709 99.99999999967385 749.9999999999436 185.7481594601587
4710 99.99999999968711 749.9999999999436 278.6222391901763
4711 99.99999999970035 749.9999999999436 371.4963189201816
4712 99.99999999971364 749.9999999999437 464.3703986501786
4713 99.9999999997269 749.9999999999436 557.2444783806975
4714 99.99999999974013 749.9999999999436 650.1185581112194
4715 99.99999999975346 749.9999999999436 742.9926378417445
4716 99.99999999976669 749.9999999999436 835.8667175722642
4717 149.9999999997369 249.9999999998197 100.0148197638194
4718 149.9999999997476 249.9999999998195 200.0296395275597
4719 149.9999999997579 249.9999999998197 300.0444592912709
4720 149.9999999997687 249.9999999998196 400.0592790549624
4721 149.9999999997791 249.9999999998197 500.0740988186538
4722 149.9999999997896 249.9999999998196 600.0889185829089
4723 149.9999999998001 249.9999999998196 700.1037383471661
4724 149.9999999998107 249.9999999998197 800.1185581114245
4725 149.9999999998213 249.9999999998196 900.1333778756807
4726 149.999999999737 299.9999999998576 100.0148197638195
4727 149.9999999997475 299.9999999998577 200.0296395275598
4728 149.9999999997582 299.9999999998578 300.0444592912708
4729 149.9999999997687 299.9999999998578 400.0592790549629
4730 149.9999999997792 299.9999999998578 500.0740988186539
4731 149.9999999997898 299.9999999998578 600.0889185829089
4732 149.9999999998003 299.9999999998578 700.1037383471662
4733 149.9999999998108 299.9999999998578 800.1185581114245
4734 149.9999999998214 299.9999999998579 900.1333778756808
4735 149.9999999997371 349.9999999999142 100.0148197638195
4736 149.9999999997476 349.9999999999141 200.0296395275598
4737 149.9999999997581 349.9999999999142 300.0444592912709
4738 149.9999999997687 349.9999999999142 400.0592790549626
4739 149.9999999997793 349.9999999999143 500.074098818654
4740 149.9999999997898 349.9999999999142 600.0889185829095
4741 149.9999999998003 349.9999999999142 700.1037383471661
4742 149.9999999998108 349.9999999999143 800.1185581114245
4743 149.9999999998215 349.9999999999143 900.1333778756803
4744 149.999999999737 399.9999999999707 100.0148197638195
4745 149.9999999997476 399.9999999999707 200.0296395275599
4746 149.9999999997582 399.9999999999707 300.0444592912708
4747 149.9999999997687 399.9999999999707 400.0592790549628
4748 149.9999999997793 399.9999999999707 500.0740988186543
4749 149.9999999997899 399.9999999999707 600.0889185829092
4750 149.9999999998005 399.9999999999705 700.1037383471665
4751 149.999999999811 399.9999999999705 800.1185581114248
4752 149.9999999998216 399.9999999999704 900.1333778756807
4753 149.9999999997371 450.0000000000271 100.0148197638195
4754 149.9999999997476 450.0000000000271 200.0296395275597
4755 149.9999999997582 450.0000000000271 300.0444592912709
4756 149.9999999997687 450.0000000000272 400.0592790549629
4757 149.9999999997791 450.0000000000268 500.0740988186538
4758 149.9999999997897 450.0000000000271 600.0889185829091
4759 149.9999999998003 450.0000000000271 700.1037383471663
4760 149.9999999998108 450.000000000027 800.1185581114246
4761 149.9999999998215 450.000000000027 900.1333778756808
4762 149.999999999737 499.9999999996727 100.0148197638195
4763 149.9999999997476 499.9999999996727 200.0296395275597
4764 149.9999999997582 499.999999999673 300.0444592912708
4765 149.9999999997687 499.9999999996728 400.0592790549627
4766 149.9999999997792 499.9999999996729 500.0740988186539
4767 149.9999999997898 499.9999999996728 600.0889185829089
4768 149.9999999998003 499.9999999996726 700.1037383471662
4769 149.9999999998108 499.9999999996732 800.1185581114244
4770 149.9999999998214 499.9999999996728 900.1333778756803
4771 149.999999999737 549.9999999997181 100.0148197638196
4772 149.9999999997477 549.9999999997181 200.0296395275599
4773 149.9999999997581 549.9999999997181 300.0444592912709
4774 149.9999999997688 549.9999999997177 400.0592790549628
4775 149.9999999997792 549.9999999997181 500.074098818654
4776 149.9999999997899 549.9999999997179 600.0889185829095
4777 149.9999999998004 549.9999999997181 700.1037383471664
4778 149.9999999998109 549.9999999997181 800.1185581114248
4779 149.9999999998216 549.9999999997181 900.1333778756809
4780 149.999999999737 599.9999999997743 100.0148197638195
4781 149.9999999997476 599.9999999997744 200.0296395275597
4782 149.9999999997581 599.9999999997744 300.0444592912709
4783 149.9999999997687 599.9999999997743 400.0592790549628
4784 149.9999999997792 599.9999999997744 500.0740988186541
4785 149.9999999997898 599.9999999997744 600.0889185829094
4786 149.9999999998004 599.9999999997744 700.1037383471665
4787 149.9999999998109 599.9999999997744 800.1185581114245
4788 149.9999999998215 599.9999999997743 900.1333778756809
4789 149.999999999737 649.9999999998308 100.0148197638195
4790 149.9999999997476 649.9999999998306 200.0296395275597
4791 149.999999999758 649.9999999998308 300.0444592912708
4792 149.9999999997687 649.9999999998307 400.0592790549626
4793 149.9999999997792 649.9999999998308 500.0740988186539
4794 149.9999999997897 649.9999999998307 600.0889185829092
4795 149.9999999998001 649.9999999998308 700.103738347166
4796 149.9999999998107 649.9999999998308 800.1185581114245
4797 149.9999999998213 649.9999999998308 900.1333778756803
4798 149.999999999737 699.9999999998871 100.0148197638195
4799 149.9999999997476 699.9999999998873 200.0296395275598
4800 149.9999999997582 699.9999999998872 300.0444592912709
4801 149.9999999997687 699.9999999998872 400.0592790549629
4802 149.9999999997793 699.9999999998872 500.0740988186542
4803 149.9999999997898 699.9999999998872 600.0889185829094
4804 149.9999999998003 699.9999999998872 700.1037383471668
4805 149.9999999998108 699.9999999998872 800.1185581114248
4806 149.9999999998215 699.9999999998872 900.1333778756806
4807 149.999999999737 749.9999999999436 100.0148197638196
4808 149.9999999997476 749.9999999999437 200.0296395275599
4809 149.9999999997581 749.9999999999435 300.0444592912708
4810 149.9999999997686 749.9999999999432 400.0592790549629
4811 149.9999999997792 749.9999999999437 500.0740988186544
4812 149.9999999997897 749.9999999999436 600.0889185829094
4813 149.9999999998003 749.9999999999437 700.1037383471664
4814 149.9999999998108 749.9999999999436 800.1185581114252
4815 149.9999999998214 749.9999999999437 900.1333778756809
4816 249.9999999998239 249.9999999998196 114.2962998312222
4817 249.9999999998279 249.9999999998196 228.5925996623452
4818 249.999999999832 249.9999999998197 342.888899493438
4819 249.9999999998362 249.9999999998196 457.1851993245055
4820 249.9999999998404 249.9999999998196 571.4814991555811
4821 249.9999999998444 249.9999999998197 685.7777989872945
4822 249.9999999998485 249.9999999998196 800.074098819014
4823 249.9999999998528 249.9999999998196 914.3703986507329
4824 249.9999999998568 249.9999999998196 1028.666698482452
4825 249.9999999998239 299.9999999998576 114.2962998312222
4826 249.9999999998279 299.9999999998577 228.5925996623451
4827 249.999999999832 299.9999999998577 342.8888994934377
4828 249.9999999998361 299.9999999998577 457.1851993245054
4829 249.9999999998404 299.9999999998579 571.4814991555811
4830 249.9999999998443 299.9999999998578 685.7777989872947
4831 249.9999999998485 299.9999999998577 800.0740988190133
4832 249.9999999998527 299.9999999998577 914.3703986507326
4833 249.9999999998569 299.9999999998578 1028.666698482452
4834 249.9999999998238 349.9999999999143 114.2962998312222
4835 249.9999999998281 349.9999999999143 228.5925996623452
4836 249.9999999998321 349.9999999999143 342.8888994934378
4837 249.9999999998361 349.9999999999143 457.1851993245053
4838 249.9999999998403 349.9999999999143 571.4814991555812
4839 249.9999999998443 349.9999999999143 685.7777989872945
4840 249.9999999998484 349.9999999999143 800.0740988190134
4841 249.9999999998526 349.9999999999141 914.3703986507325
4842 249.9999999998567 349.9999999999142 1028.666698482451
4843 249.9999999998239 399.9999999999706 114.2962998312221
4844 249.999999999828 399.9999999999705 228.592599662345
4845 249.9999999998319 399.9999999999705 342.8888994934378
4846 249.9999999998361 399.9999999999706 457.1851993245053
4847 249.9999999998404 399.9999999999707 571.4814991555811
4848 249.9999999998443 399.9999999999707 685.7777989872947
4849 249.9999999998485 399.9999999999707 800.074098819013
4850 249.9999999998526 399.9999999999707 914.370398650733
4851 249.9999999998568 399.9999999999707 1028.666698482452
4852 249.9999999998239 450.0000000000272 114.2962998312222
4853 249.999999999828 450.0000000000271 228.5925996623452
4854 249.9999999998321 450.0000000000268 342.8888994934378
4855 249.9999999998362 450.000000000027 457.1851993245054
4856 249.9999999998404 450.0000000000268 571.4814991555807
4857 249.9999999998445 450.0000000000268 685.7777989872939
4858 249.9999999998486 450.0000000000268 800.074098819013
4859 249.9999999998529 450.0000000000268 914.370398650732
4860 249.999999999857 450.0000000000268 1028.666698482451
4861 249.999999999824 499.9999999996727 114.2962998312222
4862 249.999999999828 499.9999999996728 228.5925996623451
4863 249.9999999998321 499.9999999996729 342.8888994934377
4864 249.9999999998362 499.9999999996725 457.1851993245054
4865 249.9999999998404 499.9999999996727 571.4814991555807
4866 249.9999999998445 499.9999999996726 685.7777989872943
4867 249.9999999998485 499.9999999996726 800.074098819013
4868 249.9999999998529 499.9999999996726 914.3703986507323
4869 249.9999999998569 499.9999999996726 1028.666698482451
4870 249.9999999998238 549.9999999997181 114.2962998312222
4871 249.999999999828 549.9999999997181 228.5925996623451
4872 249.999999999832 549.9999999997181 342.8888994934376
4873 249.9999999998362 549.9999999997176 457.1851993245053
4874 249.9999999998403 549.9999999997178 571.4814991555811
4875 249.9999999998444 549.9999999997181 685.7777989872941
4876 249.9999999998485 549.9999999997178 800.074098819013
4877 249.9999999998527 549.9999999997178 914.3703986507323
4878 249.9999999998569 549.9999999997178 1028.666698482452
4879 249.9999999998239 599.9999999997744 114.2962998312222
4880 249.999999999828 599.9999999997746 228.5925996623451
4881 249.9999999998321 599.9999999997744 342.8888994934376
4882 249.9999999998362 599.9999999997743 457.1851993245053
4883 249.9999999998405 599.9999999997742 571.4814991555811
4884 249.9999999998444 599.9999999997744 685.7777989872945
4885 249.9999999998487 599.9999999997742 800.074098819013
4886 249.9999999998528 599.9999999997746 914.3703986507322
4887 249.9999999998571 599.9999999997742 1028.666698482451
4888 249.9999999998239 649.9999999998309 114.2962998312222
4889 249.999999999828 649.9999999998302 228.5925996623451
4890 249.9999999998321 649.9999999998309 342.8888994934376
4891 249.9999999998361 649.9999999998308 457.1851993245053
4892 249.9999999998405 649.9999999998308 571.4814991555811
4893 249.9999999998444 649.9999999998308 685.7777989872945
4894 249.9999999998486 649.9999999998308 800.074098819013
4895 249.9999999998528 649.9999999998308 914.3703986507326
4896 249.9999999998569 649.9999999998303 1028.666698482451
4897 249.9999999998239 699.9999999998873 114.2962998312222
4898 249.999999999828 699.9999999998873 228.5925996623451
4899 249.9999999998321 699.9999999998872 342.8888994934377
4900 249.9999999998361 699.9999999998872 457.1851993245053
4901 249.9999999998405 699.9999999998872 571.4814991555811
4902 249.9999999998444 699.9999999998872 685.7777989872948
4903 249.9999999998486 699.9999999998872 800.0740988190134
4904 249.9999999998528 699.9999999998872 914.3703986507323
4905 249.9999999998569 699.9999999998872 1028.666698482452
4906 249.9999999998239 749.9999999999437 114.2962998312222
4907 249.999999999828 749.9999999999436 228.592599662345
4908 249.9999999998321 749.9999999999436 342.8888994934374
4909 249.9999999998361 749.9999999999432 457.1851993245051
4910 249.9999999998403 749.9999999999436 571.4814991555807
4911 249.9999999998444 749.9999999999436 685.7777989872941
4912 249.9999999998485 749.9999999999436 800.0740988190132
4913 249.9999999998527 749.9999999999437 914.3703986507321
4914 249.9999999998569 749.9999999999436 1028.666698482451
4915 299.9999999998565 249.9999999998197 121.4370398649168
4916 299.9999999998545 249.9999999998196 242.8740797297306
4917 299.9999999998531 249.9999999998198 364.3111195945118
4918 299.9999999998515 249.9999999998197 485.7481594592691
4919 299.9999999998501 249.9999999998197 607.1851993240351
4920 299.9999999998485 249.9999999998197 728.6222391894707
4921 299.9999999998468 249.9999999998196 850.0592790549173
4922 299.9999999998453 249.9999999998196 971.4963189203654
4923 299.9999999998436 249.9999999998197 1092.933358785812
4924 299.9999999998565 299.9999999998576 121.4370398649169
4925 299.9999999998546 299.9999999998576 242.8740797297306
4926 299.9999999998533 299.9999999998578 364.3111195945118
4927 299.9999999998516 299.9999999998578 485.7481594592695
4928 299.9999999998502 299.9999999998579 607.1851993240357
4929 299.9999999998485 299.9999999998577 728.6222391894713
4930 299.9999999998469 299.9999999998575 850.0592790549173
4931 299.9999999998454 299.9999999998576 971.4963189203652
4932 299.9999999998439 299.9999999998577 1092.933358785812
4933 299.9999999998564 349.9999999999143 121.4370398649169
4934 299.9999999998545 349.9999999999142 242.8740797297306
4935 299.999999999853 349.9999999999143 364.3111195945118
4936 299.9999999998516 349.9999999999143 485.7481594592691
4937 299.99999999985 349.9999999999143 607.1851993240355
4938 299.9999999998482 349.9999999999143 728.6222391894713
4939 299.9999999998469 349.9999999999143 850.0592790549174
4940 299.9999999998454 349.9999999999141 971.496318920365
4941 299.9999999998438 349.9999999999141 1092.933358785812
4942 299.9999999998562 399.9999999999706 121.4370398649169
4943 299.9999999998545 399.9999999999706 242.8740797297305
4944 299.9999999998532 399.9999999999704 364.3111195945116
4945 299.9999999998517 399.9999999999707 485.7481594592689
4946 299.9999999998501 399.9999999999707 607.1851993240355
4947 299.9999999998484 399.9999999999707 728.622239189471
4948 299.9999999998469 399.9999999999707 850.0592790549179
4949 299.9999999998454 399.9999999999707 971.4963189203655
4950 299.9999999998438 399.9999999999707 1092.933358785812
4951 299.9999999998562 450.0000000000268 121.4370398649168
4952 299.9999999998545 450.0000000000267 242.8740797297306
4953 299.9999999998531 450.0000000000267 364.3111195945118
4954 299.9999999998516 450.0000000000268 485.7481594592691
4955 299.99999999985 450.0000000000268 607.1851993240348
4956 299.9999999998485 450.0000000000268 728.6222391894707
4957 299.999999999847 450.0000000000268 850.0592790549179
4958 299.9999999998453 450.0000000000268 971.496318920365
4959 299.999999999844 450.0000000000268 1092.933358785812
4960 299.9999999998563 499.9999999996726 121.4370398649169
4961 299.9999999998545 499.9999999996728 242.8740797297305
4962 299.9999999998533 499.9999999996728 364.3111195945116
4963 299.9999999998516 499.9999999996727 485.7481594592689
4964 299.9999999998501 499.999999999673 607.1851993240352
4965 299.9999999998484 499.9999999996728 728.622239189471
4966 299.9999999998468 499.9999999996727 850.0592790549172
4967 299.9999999998454 499.999999999673 971.4963189203652
4968 299.9999999998438 499.9999999996728 1092.933358785812
4969 299.9999999998565 549.9999999997181 121.4370398649169
4970 299.9999999998548 549.9999999997179 242.8740797297305
4971 299.9999999998532 549.9999999997181 364.3111195945117
4972 299.9999999998516 549.9999999997176 485.748159459269
4973 299.99999999985 549.9999999997178 607.1851993240352
4974 299.9999999998484 549.9999999997179 728.6222391894709
4975 299.999999999847 549.9999999997176 850.0592790549173
4976 299.9999999998453 549.9999999997176 971.496318920365
4977 299.9999999998438 549.9999999997176 1092.933358785812
4978 299.9999999998564 599.9999999997743 121.4370398649168
4979 299.9999999998545 599.9999999997748 242.8740797297305
4980 299.9999999998532 599.9999999997743 364.3111195945115
4981 299.9999999998516 599.9999999997744 485.7481594592691
4982 299.9999999998501 599.9999999997744 607.1851993240352
4983 299.9999999998486 599.9999999997744 728.6222391894709
4984 299.999999999847 599.9999999997744 850.0592790549174
4985 299.9999999998453 599.9999999997744 971.4963189203648
4986 299.9999999998438 599.999999999774 1092.933358785812
4987 299.9999999998562 649.9999999998315 121.4370398649169
4988 299.9999999998547 649.9999999998308 242.8740797297306
4989 299.9999999998532 649.9999999998308 364.3111195945118
4990 299.9999999998519 649.9999999998308 485.7481594592696
4991 299.9999999998503 649.9999999998307 607.1851993240355
4992 299.9999999998489 649.9999999998304 728.6222391894714
4993 299.9999999998472 649.9999999998308 850.0592790549177
4994 299.9999999998458 649.9999999998304 971.4963189203654
4995 299.9999999998442 649.9999999998304 1092.933358785812
4996 299.9999999998565 699.9999999998873 121.4370398649169
4997 299.9999999998548 699.999999999887 242.8740797297306
4998 299.9999999998532 699.9999999998872 364.3111195945118
4999 299.9999999998519 699.9999999998872 485.7481594592691
5000 299.9999999998503 699.9999999998872 607.1851993240355
5001 299.9999999998489 699.9999999998872 728.6222391894712
5002 299.9999999998473 699.9999999998872 850.0592790549182
5003 299.9999999998458 699.9999999998872 971.4963189203656
5004 299.9999999998442 699.9999999998873 1092.933358785812
5005 299.9999999998561 749.9999999999436 121.4370398649168
5006 299.9999999998546 749.9999999999436 242.8740797297305
5007 299.9999999998531 749.9999999999436 364.3111195945117
5008 299.9999999998515 749.9999999999434 485.7481594592688
5009 299.9999999998499 749.9999999999432 607.1851993240351
5010 299.9999999998485 749.9999999999436 728.6222391894707
5011 299.9999999998469 749.9999999999436 850.0592790549174
5012 299.9999999998454 749.9999999999432 971.4963189203647
5013 299.9999999998437 749.9999999999434 1092.933358785812
5014 349.999999999896 249.9999999998197 128.5777798985985
5015 349.9999999998777 249.9999999998196 257.15555979709
5016 349.9999999998594 249.9999999998197 385.7333396955469
5017 349.9999999998412 249.9999999998197 514.3111195939803
5018 349.9999999998229 249.9999999998196 642.8888994924239
5019 349.9999999998049 249.9999999998197 771.4666793915696
5020 349.9999999997866 249.9999999998196 900.044459290731
5021 349.9999999997684 249.9999999998197 1028.622239189894
5022 349.9999999997503 249.9999999998197 1157.200019089054
5023 349.9999999998959 299.9999999998576 128.5777798985984
5024 349.999999999878 299.9999999998576 257.1555597970899
5025 349.9999999998597 299.9999999998576 385.7333396955468
5026 349.9999999998413 299.9999999998576 514.3111195939803
5027 349.9999999998229 299.9999999998579 642.8888994924241
5028 349.9999999998047 299.9999999998576 771.4666793915685
5029 349.9999999997865 299.9999999998576 900.0444592907304
5030 349.9999999997685 299.9999999998576 1028.622239189893
5031 349.9999999997501 299.9999999998576 1157.200019089055
5032 349.9999999998962 349.9999999999143 128.5777798985984
5033 349.9999999998778 349.9999999999141 257.1555597970899
5034 349.9999999998596 349.999999999914 385.7333396955468
5035 349.9999999998411 349.9999999999143 514.3111195939803
5036 349.999999999823 349.9999999999141 642.8888994924238
5037 349.9999999998048 349.9999999999141 771.4666793915688
5038 349.9999999997864 349.9999999999141 900.0444592907311
5039 349.9999999997685 349.9999999999141 1028.622239189893
5040 349.9999999997501 349.9999999999141 1157.200019089054
5041 349.9999999998959 399.9999999999706 128.5777798985985
5042 349.9999999998778 399.9999999999707 257.1555597970899
5043 349.9999999998597 399.9999999999705 385.733339695547
5044 349.9999999998413 399.9999999999707 514.3111195939803
5045 349.9999999998233 399.9999999999705 642.8888994924245
5046 349.999999999805 399.9999999999707 771.4666793915692
5047 349.9999999997868 399.9999999999704 900.0444592907315
5048 349.9999999997688 399.9999999999705 1028.622239189893
5049 349.9999999997505 399.9999999999707 1157.200019089054
5050 349.9999999998956 450.0000000000269 128.5777798985985
5051 349.9999999998778 450.0000000000268 257.1555597970901
5052 349.9999999998596 450.0000000000269 385.733339695547
5053 349.9999999998412 450.0000000000271 514.3111195939798
5054 349.9999999998232 450.0000000000271 642.8888994924239
5055 349.9999999998048 450.0000000000268 771.466679391569
5056 349.9999999997868 450.0000000000271 900.0444592907313
5057 349.9999999997684 450.0000000000268 1028.622239189893
5058 349.9999999997503 450.0000000000268 1157.200019089054
5059 349.9999999998961 499.9999999996726 128.5777798985986
5060 349.9999999998779 499.9999999996727 257.1555597970899
5061 349.9999999998597 499.999999999673 385.733339695547
5062 349.9999999998415 499.9999999996727 514.3111195939802
5063 349.9999999998234 499.9999999996729 642.8888994924243
5064 349.9999999998047 499.9999999996728 771.466679391569
5065 349.9999999997866 499.9999999996727 900.0444592907309
5066 349.9999999997684 499.9999999996727 1028.622239189893
5067 349.9999999997503 499.9999999996728 1157.200019089054
5068 349.999999999896 549.9999999997179 128.5777798985985
5069 349.9999999998781 549.9999999997181 257.1555597970897
5070 349.9999999998597 549.9999999997181 385.733339695547
5071 349.9999999998415 549.9999999997181 514.3111195939798
5072 349.9999999998233 549.9999999997181 642.8888994924241
5073 349.999999999805 549.9999999997181 771.4666793915687
5074 349.9999999997868 549.9999999997178 900.0444592907309
5075 349.9999999997684 549.9999999997178 1028.622239189893
5076 349.9999999997505 549.9999999997181 1157.200019089054
5077 349.9999999998959 599.9999999997744 128.5777798985985
5078 349.999999999878 599.9999999997744 257.1555597970898
5079 349.9999999998597 599.9999999997744 385.733339695547
5080 349.9999999998413 599.9999999997746 514.3111195939798
5081 349.9999999998233 599.9999999997743 642.8888994924239
5082 349.999999999805 599.9999999997744 771.466679391569
5083 349.9999999997869 599.9999999997744 900.0444592907309
5084 349.9999999997684 599.9999999997744 1028.622239189893
5085 349.9999999997503 599.9999999997744 1157.200019089054
5086 349.9999999998958 649.9999999998308 128.5777798985984
5087 349.999999999878 649.9999999998308 257.15555979709
5088 349.9999999998596 649.9999999998308 385.7333396955469
5089 349.9999999998415 649.9999999998307 514.3111195939805
5090 349.9999999998233 649.9999999998308 642.8888994924241
5091 349.999999999805 649.9999999998308 771.466679391569
5092 349.9999999997869 649.9999999998308 900.0444592907311
5093 349.9999999997686 649.9999999998307 1028.622239189893
5094 349.9999999997505 649.9999999998306 1157.200019089054
5095 349.9999999998959 699.9999999998873 128.5777798985985
5096 349.9999999998781 699.9999999998872 257.1555597970897
5097 349.9999999998597 699.9999999998872 385.733339695547
5098 349.9999999998414 699.9999999998873 514.3111195939798
5099 349.9999999998233 699.9999999998873 642.8888994924239
5100 349.999999999805 699.9999999998871 771.466679391569
5101 349.9999999997869 699.9999999998872 900.0444592907306
5102 349.9999999997687 699.9999999998873 1028.622239189893
5103 349.9999999997506 699.9999999998872 1157.200019089054
5104 349.9999999998959 749.9999999999437 128.5777798985984
5105 349.999999999878 749.9999999999435 257.1555597970899
5106 349.9999999998596 749.9999999999435 385.7333396955469
5107 349.9999999998415 749.9999999999432 514.3111195939798
5108 349.9999999998233 749.9999999999437 642.8888994924241
5109 349.9999999998052 749.9999999999436 771.466679391569
5110 349.9999999997871 749.9999999999436 900.0444592907306
5111 349.9999999997688 749.9999999999436 1028.622239189893
5112 349.9999999997506 749.9999999999436 1157.200019089054
5113 399.9999999999384 249.9999999998196 135.7185199322843
5114 399.9999999999065 249.9999999998196 271.4370398644572
5115 399.9999999998744 249.9999999998196 407.1555597965941
5116 399.9999999998423 249.9999999998197 542.874079728708
5117 399.9999999998101 249.9999999998196 678.5925996608329
5118 399.9999999997784 249.9999999998196 814.311119593692
5119 399.9999999997462 249.9999999998196 950.0296395265721
5120 399.999999999714 249.9999999998196 1085.748159459453
5121 399.9999999996818 249.9999999998197 1221.466679392334
5122 399.9999999999386 299.9999999998576 135.7185199322842
5123 399.9999999999065 299.9999999998576 271.4370398644571
5124 399.9999999998743 299.9999999998576 407.1555597965938
5125 399.9999999998424 299.9999999998577 542.8740797287076
5126 399.9999999998102 299.9999999998577 678.5925996608332
5127 399.9999999997782 299.9999999998574 814.3111195936917
5128 399.9999999997463 299.9999999998575 950.0296395265716
5129 399.9999999997141 299.9999999998576 1085.748159459453
5130 399.9999999996817 299.9999999998575 1221.466679392333
5131 399.9999999999385 349.9999999999143 135.7185199322843
5132 399.9999999999066 349.9999999999144 271.4370398644571
5133 399.9999999998743 349.9999999999144 407.1555597965938
5134 399.9999999998424 349.9999999999143 542.8740797287076
5135 399.9999999998101 349.9999999999143 678.592599660833
5136 399.9999999997779 349.9999999999143 814.3111195936912
5137 399.999999999746 349.9999999999144 950.0296395265717
5138 399.9999999997139 349.9999999999143 1085.748159459452
5139 399.9999999996817 349.9999999999143 1221.466679392332
5140 399.9999999999387 399.9999999999707 135.7185199322844
5141 399.9999999999065 399.9999999999707 271.4370398644572
5142 399.9999999998745 399.9999999999705 407.1555597965938
5143 399.9999999998427 399.9999999999706 542.8740797287079
5144 399.9999999998106 399.9999999999704 678.5925996608332
5145 399.9999999997784 399.9999999999707 814.3111195936915
5146 399.9999999997465 399.9999999999705 950.0296395265722
5147 399.9999999997142 399.9999999999705 1085.748159459452
5148 399.9999999996823 399.9999999999705 1221.466679392334
5149 399.9999999999383 450.0000000000271 135.7185199322843
5150 399.9999999999066 450.0000000000268 271.4370398644573
5151 399.9999999998745 450.0000000000268 407.1555597965939
5152 399.9999999998424 450.0000000000271 542.8740797287076
5153 399.9999999998104 450.0000000000271 678.5925996608329
5154 399.9999999997781 450.0000000000268 814.3111195936917
5155 399.9999999997464 450.0000000000271 950.0296395265724
5156 399.999999999714 450.0000000000268 1085.748159459453
5157 399.9999999996818 450.0000000000268 1221.466679392333
5158 399.9999999999384 499.9999999996723 135.7185199322843
5159 399.9999999999066 499.9999999996729 271.4370398644572
5160 399.9999999998745 499.9999999996729 407.155559796594
5161 399.9999999998426 499.9999999996726 542.874079728708
5162 399.9999999998104 499.9999999996726 678.5925996608329
5163 399.9999999997784 499.9999999996727 814.3111195936914
5164 399.9999999997464 499.9999999996724 950.0296395265723
5165 399.9999999997141 499.9999999996726 1085.748159459453
5166 399.999999999682 499.9999999996724 1221.466679392333
5167 399.9999999999385 549.9999999997181 135.7185199322843
5168 399.9999999999066 549.9999999997179 271.4370398644573
5169 399.9999999998745 549.9999999997181 407.1555597965938
5170 399.9999999998425 549.9999999997178 542.8740797287078
5171 399.9999999998103 549.9999999997178 678.592599660833
5172 399.9999999997783 549.9999999997181 814.3111195936917
5173 399.9999999997465 549.9999999997178 950.0296395265719
5174 399.9999999997142 549.9999999997178 1085.748159459453
5175 399.9999999996821 549.9999999997178 1221.466679392333
5176 399.9999999999387 599.9999999997744 135.7185199322842
5177 399.9999999999065 599.9999999997746 271.437039864457
5178 399.9999999998744 599.9999999997746 407.1555597965938
5179 399.9999999998426 599.9999999997744 542.8740797287076
5180 399.9999999998104 599.9999999997742 678.5925996608328
5181 399.9999999997783 599.9999999997744 814.3111195936918
5182 399.9999999997463 599.9999999997742 950.0296395265723
5183 399.999999999714 599.9999999997744 1085.748159459453
5184 399.9999999996817 599.9999999997742 1221.466679392333
5185 399.9999999999387 649.9999999998309 135.7185199322843
5186 399.9999999999065 649.9999999998309 271.4370398644572
5187 399.9999999998748 649.9999999998307 407.155559796594
5188 399.9999999998425 649.9999999998308 542.8740797287078
5189 399.9999999998104 649.9999999998308 678.5925996608331
5190 399.9999999997783 649.9999999998306 814.3111195936917
5191 399.9999999997467 649.9999999998308 950.0296395265723
5192 399.9999999997142 649.9999999998308 1085.748159459453
5193 399.9999999996822 649.9999999998306 1221.466679392334
5194 399.9999999999385 699.9999999998875 135.7185199322842
5195 399.9999999999066 699.9999999998872 271.4370398644572
5196 399.9999999998747 699.9999999998872 407.1555597965939
5197 399.9999999998427 699.9999999998872 542.8740797287078
5198 399.9999999998104 699.9999999998873 678.5925996608328
5199 399.9999999997783 699.9999999998872 814.3111195936918
5200 399.9999999997465 699.9999999998872 950.0296395265721
5201 399.9999999997143 699.9999999998869 1085.748159459453
5202 399.9999999996822 699.9999999998872 1221.466679392334
5203 399.9999999999386 749.9999999999437 135.7185199322843
5204 399.9999999999065 749.9999999999434 271.437039864457
5205 399.9999999998748 749.9999999999437 407.1555597965936
5206 399.9999999998425 749.9999999999435 542.8740797287076
5207 399.9999999998104 749.9999999999436 678.5925996608328
5208 399.9999999997783 749.9999999999436 814.3111195936913
5209 399.9999999997465 749.9999999999436 950.0296395265718
5210 399.9999999997142 749.9999999999436 1085.748159459452
5211 399.9999999996822 749.9999999999436 1221.466679392333
5212 449.9999999999845 249.9999999998196 142.8592599659749
5213 449.9999999999425 249.9999999998197 285.7185199318345
5214 449.9999999998997 249.9999999998197 428.5777798976558
5215 449.9999999998569 249.9999999998197 571.4370398634546
5216 449.9999999998147 249.9999999998196 714.2962998292666
5217 449.9999999997723 249.9999999998196 857.1555597958435
5218 449.9999999997298 249.9999999998196 1000.014819762448
5219 449.9999999996872 249.9999999998196 1142.874079729052
5220 449.9999999996447 249.9999999998198 1285.733339695657
5221 449.9999999999847 299.9999999998577 142.8592599659749
5222 449.9999999999421 299.9999999998575 285.7185199318346
5223 449.9999999998996 299.9999999998574 428.5777798976558
5224 449.9999999998572 299.9999999998576 571.4370398634551
5225 449.9999999998146 299.9999999998576 714.2962998292671
5226 449.9999999997723 299.9999999998573 857.1555597958433
5227 449.9999999997298 299.9999999998577 1000.014819762448
5228 449.9999999996874 299.9999999998576 1142.874079729052
5229 449.9999999996451 299.9999999998579 1285.733339695658
5230 449.9999999999847 349.9999999999142 142.8592599659749
5231 449.9999999999423 349.9999999999143 285.7185199318346
5232 449.9999999998998 349.9999999999143 428.5777798976557
5233 449.9999999998573 349.9999999999143 571.4370398634551
5234 449.999999999815 349.9999999999143 714.2962998292669
5235 449.9999999997726 349.9999999999143 857.1555597958435
5236 449.9999999997302 349.9999999999143 1000.014819762448
5237 449.9999999996875 349.9999999999141 1142.874079729052
5238 449.9999999996451 349.9999999999141 1285.733339695657
5239 449.9999999999848 399.9999999999706 142.8592599659749
5240 449.9999999999425 399.9999999999707 285.7185199318346
5241 449.9999999998998 399.9999999999704 428.5777798976558
5242 449.9999999998574 399.9999999999705 571.4370398634547
5243 449.999999999815 399.9999999999707 714.296299829267
5244 449.9999999997726 399.9999999999704 857.1555597958433
5245 449.9999999997303 399.9999999999705 1000.014819762449
5246 449.9999999996878 399.9999999999704 1142.874079729052
5247 449.9999999996451 399.9999999999704 1285.733339695656
5248 449.9999999999848 450.0000000000271 142.8592599659749
5249 449.9999999999424 450.0000000000271 285.7185199318345
5250 449.9999999998997 450.0000000000267 428.5777798976559
5251 449.9999999998572 450.0000000000271 571.4370398634546
5252 449.9999999998149 450.0000000000269 714.2962998292666
5253 449.9999999997723 450.0000000000268 857.1555597958429
5254 449.9999999997303 450.0000000000267 1000.014819762449
5255 449.9999999996874 450.0000000000268 1142.874079729052
5256 449.999999999645 450.0000000000268 1285.733339695658
5257 449.9999999999848 499.9999999996725 142.8592599659749
5258 449.9999999999421 499.9999999996726 285.7185199318345
5259 449.9999999998998 499.9999999996727 428.5777798976559
5260 449.9999999998572 499.9999999996724 571.4370398634546
5261 449.999999999815 499.9999999996725 714.2962998292666
5262 449.9999999997723 499.9999999996722 857.1555597958429
5263 449.9999999997298 499.9999999996721 1000.014819762448
5264 449.9999999996874 499.9999999996724 1142.874079729052
5265 449.9999999996451 499.9999999996725 1285.733339695657
5266 449.9999999999847 549.9999999997181 142.8592599659748
5267 449.9999999999424 549.9999999997181 285.7185199318346
5268 449.9999999998998 549.9999999997179 428.5777798976555
5269 449.9999999998569 549.9999999997178 571.4370398634546
5270 449.9999999998147 549.9999999997178 714.296299829267
5271 449.9999999997725 549.9999999997181 857.1555597958429
5272 449.9999999997302 549.9999999997178 1000.014819762448
5273 449.9999999996875 549.9999999997178 1142.874079729052
5274 449.9999999996451 549.9999999997178 1285.733339695656
5275 449.9999999999844 599.9999999997744 142.8592599659748
5276 449.9999999999424 599.9999999997749 285.7185199318343
5277 449.9999999998998 599.9999999997744 428.5777798976555
5278 449.9999999998572 599.9999999997743 571.4370398634547
5279 449.9999999998147 599.9999999997744 714.2962998292669
5280 449.9999999997722 599.9999999997743 857.1555597958434
5281 449.9999999997302 599.9999999997744 1000.014819762448
5282 449.9999999996874 599.9999999997744 1142.874079729052
5283 449.999999999645 599.9999999997743 1285.733339695657
5284 449.9999999999845 649.9999999998309 142.8592599659749
5285 449.9999999999426 649.9999999998307 285.7185199318346
5286 449.9999999998997 649.9999999998308 428.5777798976559
5287 449.9999999998573 649.9999999998308 571.437039863455
5288 449.9999999998147 649.9999999998308 714.296299829267
5289 449.9999999997726 649.9999999998306 857.1555597958434
5290 449.9999999997302 649.9999999998308 1000.014819762448
5291 449.9999999996877 649.9999999998306 1142.874079729052
5292 449.9999999996453 649.9999999998304 1285.733339695657
5293 449.9999999999846 699.9999999998875 142.8592599659748
5294 449.9999999999424 699.9999999998872 285.7185199318346
5295 449.9999999998999 699.9999999998873 428.5777798976558
5296 449.999999999857 699.9999999998872 571.4370398634546
5297 449.9999999998149 699.9999999998872 714.2962998292671
5298 449.9999999997724 699.9999999998872 857.1555597958429
5299 449.9999999997302 699.9999999998872 1000.014819762448
5300 449.9999999996877 699.9999999998872 1142.874079729052
5301 449.9999999996454 699.9999999998872 1285.733339695658
5302 449.9999999999847 749.9999999999437 142.8592599659748
5303 449.9999999999423 749.9999999999434 285.7185199318345
5304 449.9999999998998 749.9999999999436 428.5777798976556
5305 449.9999999998572 749.9999999999432 571.4370398634549
5306 449.999999999815 749.9999999999436 714.2962998292666
5307 449.9999999997723 749.9999999999436 857.1555597958429
5308 449.9999999997303 749.9999999999436 1000.014819762448
5309 449.9999999996877 749.9999999999436 1142.874079729052
5310 449.9999999996451 749.9999999999436 1285.733339695657
5311 499.9999999996448 249.9999999998196 149.9999999996423
5312 499.9999999996168 249.9999999998197 299.9999999991651
5313 499.9999999995887 249.9999999998198 449.9999999986481
5314 499.9999999995603 249.9999999998197 599.9999999981086
5315 499.9999999995324 249.9999999998196 749.9999999975839
5316 499.9999999995042 249.9999999998196 899.999999997856
5317 499.9999999994759 249.9999999998196 1049.99999999816
5318 499.9999999994481 249.9999999998196 1199.999999998465
5319 499.9999999994201 249.9999999998196 1349.999999998771
5320 499.9999999996447 299.9999999998576 149.9999999996422
5321 499.9999999996165 299.9999999998575 299.9999999991651
5322 499.9999999995885 299.9999999998574 449.9999999986481
5323 499.99999999956 299.9999999998576 599.9999999981087
5324 499.9999999995318 299.9999999998577 749.9999999975842
5325 499.999999999504 299.9999999998574 899.9999999978555
5326 499.9999999994756 299.9999999998574 1049.99999999816
5327 499.9999999994476 299.9999999998574 1199.999999998465
5328 499.9999999994197 299.9999999998576 1349.99999999877
5329 499.9999999996447 349.9999999999142 149.9999999996422
5330 499.9999999996166 349.9999999999145 299.9999999991652
5331 499.9999999995888 349.9999999999143 449.9999999986479
5332 499.9999999995604 349.9999999999143 599.9999999981085
5333 499.9999999995323 349.9999999999143 749.9999999975839
5334 499.9999999995042 349.9999999999143 899.9999999978555
5335 499.9999999994762 349.9999999999143 1049.99999999816
5336 499.9999999994482 349.9999999999142 1199.999999998466
5337 499.99999999942 349.9999999999143 1349.999999998771
5338 499.9999999996447 399.9999999999706 149.9999999996422
5339 499.9999999996168 399.9999999999707 299.9999999991651
5340 499.9999999995885 399.9999999999704 449.9999999986478
5341 499.9999999995607 399.9999999999704 599.9999999981085
5342 499.9999999995321 399.9999999999707 749.9999999975843
5343 499.9999999995042 399.9999999999704 899.9999999978554
5344 499.9999999994761 399.9999999999704 1049.999999998161
5345 499.9999999994483 399.9999999999704 1199.999999998465
5346 499.9999999994202 399.9999999999704 1349.999999998771
5347 499.999999999645 450.0000000000271 149.9999999996422
5348 499.9999999996166 450.0000000000268 299.9999999991652
5349 499.9999999995887 450.0000000000271 449.999999998648
5350 499.9999999995603 450.0000000000268 599.9999999981086
5351 499.9999999995321 450.0000000000271 749.9999999975839
5352 499.9999999995042 450.0000000000268 899.9999999978554
5353 499.9999999994762 450.000000000027 1049.99999999816
5354 499.9999999994483 450.0000000000269 1199.999999998465
5355 499.99999999942 450.0000000000268 1349.999999998771
5356 499.999999999645 499.9999999996725 149.9999999996422
5357 499.9999999996167 499.9999999996727 299.9999999991653
5358 499.999999999589 499.9999999996728 449.999999998648
5359 499.9999999995606 499.9999999996725 599.9999999981086
5360 499.9999999995327 499.9999999996725 749.9999999975844
5361 499.9999999995046 499.9999999996726 899.9999999978555
5362 499.9999999994764 499.9999999996726 1049.999999998161
5363 499.9999999994484 499.9999999996726 1199.999999998466
5364 499.9999999994203 499.9999999996726 1349.999999998772
5365 499.9999999996447 549.9999999997182 149.9999999996422
5366 499.999999999617 549.9999999997181 299.9999999991651
5367 499.9999999995889 549.9999999997181 449.999999998648
5368 499.9999999995607 549.9999999997178 599.9999999981087
5369 499.9999999995325 549.9999999997178 749.9999999975845
5370 499.9999999995044 549.9999999997181 899.9999999978554
5371 499.9999999994766 549.9999999997178 1049.999999998161
5372 499.9999999994483 549.9999999997178 1199.999999998465
5373 499.9999999994204 549.9999999997178 1349.999999998771
5374 499.9999999996448 599.9999999997746 149.9999999996422
5375 499.9999999996164 599.9999999997744 299.9999999991651
5376 499.9999999995887 599.9999999997744 449.999999998648
5377 499.9999999995604 599.9999999997744 599.9999999981085
5378 499.9999999995323 599.9999999997742 749.999999997584
5379 499.9999999995045 599.9999999997743 899.9999999978554
5380 499.9999999994762 599.9999999997741 1049.999999998161
5381 499.9999999994481 599.9999999997742 1199.999999998465
5382 499.9999999994203 599.999999999774 1349.999999998771
5383 499.9999999996448 649.9999999998308 149.9999999996422
5384 499.9999999996167 649.9999999998304 299.9999999991652
5385 499.999999999589 649.9999999998308 449.9999999986479
5386 499.9999999995603 649.9999999998307 599.9999999981086
5387 499.9999999995325 649.9999999998308 749.999999997584
5388 499.9999999995045 649.9999999998305 899.9999999978553
5389 499.9999999994763 649.9999999998308 1049.999999998161
5390 499.9999999994485 649.9999999998305 1199.999999998466
5391 499.9999999994201 649.9999999998304 1349.999999998771
5392 499.9999999996448 699.9999999998872 149.9999999996422
5393 499.9999999996166 699.9999999998876 299.9999999991651
5394 499.999999999589 699.9999999998872 449.999999998648
5395 499.9999999995604 699.9999999998873 599.9999999981085
5396 499.9999999995326 699.9999999998873 749.9999999975839
5397 499.9999999995046 699.9999999998872 899.9999999978554
5398 499.9999999994764 699.9999999998872 1049.999999998161
5399 499.9999999994485 699.9999999998872 1199.999999998466
5400 499.9999999994202 699.9999999998872 1349.999999998771
5401 499.9999999996448 749.9999999999438 149.9999999996423
5402 499.9999999996167 749.9999999999435 299.9999999991651
5403 499.9999999995889 749.9999999999437 449.999999998648
5404 499.9999999995603 749.9999999999432 599.9999999981086
5405 499.9999999995326 749.9999999999436 749.9999999975839
5406 499.9999999995044 749.9999999999435 899.9999999978554
5407 499.9999999994764 749.9999999999436 1049.999999998161
5408 499.9999999994486 749.9999999999436 1199.999999998466
5409 499.9999999994204 749.9999999999436 1349.999999998772
5410 549.9999999996901 249.9999999998195 157.1407400333462
5411 549.9999999996622 249.9999999998197 314.2814800665692
5412 549.9999999996339 249.9999999998196 471.4222200997501
5413 549.999999999606 249.9999999998196 628.5629601329097
5414 549.9999999995782 249.9999999998196 785.7037001660849
5415 549.99999999955 249.9999999998197 942.844440200088
5416 549.9999999995222 249.9999999998197 1099.98518023413
5417 549.9999999994941 249.9999999998197 1257.125920268173
5418 549.9999999994664 249.9999999998197 1414.266660302215
5419 549.9999999996897 299.9999999998578 157.1407400333462
5420 549.999999999662 299.9999999998578 314.281480066569
5421 549.9999999996342 299.9999999998576 471.4222200997498
5422 549.9999999996057 299.9999999998576 628.5629601329101
5423 549.999999999578 299.9999999998579 785.7037001660848
5424 549.99999999955 299.9999999998576 942.8444402000882
5425 549.9999999995221 299.9999999998576 1099.98518023413
5426 549.9999999994941 299.9999999998576 1257.125920268173
5427 549.9999999994664 299.9999999998578 1414.266660302215
5428 549.9999999996899 349.9999999999143 157.1407400333462
5429 549.9999999996621 349.9999999999143 314.2814800665692
5430 549.999999999634 349.9999999999143 471.4222200997499
5431 549.9999999996058 349.9999999999143 628.5629601329097
5432 549.9999999995779 349.9999999999143 785.703700166085
5433 549.99999999955 349.9999999999143 942.8444402000882
5434 549.9999999995221 349.9999999999143 1099.98518023413
5435 549.9999999994939 349.9999999999143 1257.125920268173
5436 549.9999999994661 349.9999999999143 1414.266660302215
5437 549.9999999996901 399.9999999999707 157.1407400333463
5438 549.9999999996621 399.9999999999707 314.2814800665691
5439 549.9999999996342 399.9999999999704 471.4222200997498
5440 549.9999999996061 399.9999999999704 628.5629601329093
5441 549.9999999995782 399.9999999999706 785.7037001660848
5442 549.9999999995499 399.9999999999704 942.8444402000879
5443 549.9999999995225 399.9999999999704 1099.98518023413
5444 549.9999999994939 399.9999999999704 1257.125920268173
5445 549.9999999994661 399.9999999999704 1414.266660302215
5446 549.9999999996901 450.000000000027 157.1407400333461
5447 549.999999999662 450.0000000000269 314.2814800665693
5448 549.999999999634 450.0000000000268 471.4222200997501
5449 549.9999999996063 450.0000000000268 628.5629601329096
5450 549.9999999995783 450.0000000000268 785.703700166085
5451 549.99999999955 450.0000000000268 942.8444402000878
5452 549.9999999995219 450.0000000000268 1099.98518023413
5453 549.9999999994941 450.0000000000268 1257.125920268173
5454 549.9999999994665 450.0000000000268 1414.266660302214
5455 549.9999999996897 499.9999999996726 157.1407400333462
5456 549.9999999996624 499.9999999996727 314.2814800665689
5457 549.9999999996339 499.9999999996729 471.4222200997499
5458 549.9999999996061 499.9999999996727 628.5629601329097
5459 549.999999999578 499.9999999996727 785.7037001660844
5460 549.99999999955 499.9999999996724 942.8444402000873
5461 549.9999999995221 499.9999999996725 1099.98518023413
5462 549.999999999494 499.9999999996726 1257.125920268172
5463 549.9999999994662 499.9999999996726 1414.266660302214
5464 549.9999999996899 549.9999999997181 157.1407400333462
5465 549.9999999996621 549.9999999997181 314.2814800665692
5466 549.9999999996343 549.9999999997181 471.4222200997498
5467 549.9999999996064 549.9999999997177 628.5629601329093
5468 549.999999999578 549.9999999997178 785.7037001660849
5469 549.99999999955 549.9999999997178 942.844440200088
5470 549.9999999995225 549.9999999997176 1099.98518023413
5471 549.9999999994939 549.9999999997176 1257.125920268172
5472 549.9999999994661 549.9999999997176 1414.266660302214
5473 549.9999999996899 599.9999999997744 157.1407400333461
5474 549.9999999996619 599.9999999997744 314.281480066569
5475 549.9999999996338 599.9999999997744 471.4222200997496
5476 549.9999999996058 599.9999999997744 628.5629601329092
5477 549.999999999578 599.9999999997742 785.7037001660842
5478 549.9999999995498 599.9999999997744 942.8444402000878
5479 549.9999999995218 599.9999999997742 1099.985180234129
5480 549.9999999994938 599.9999999997744 1257.125920268172
5481 549.9999999994659 599.9999999997742 1414.266660302214
5482 549.9999999996899 649.9999999998309 157.1407400333462
5483 549.9999999996621 649.9999999998307 314.2814800665689
5484 549.9999999996343 649.9999999998308 471.4222200997498
5485 549.9999999996061 649.9999999998308 628.5629601329092
5486 549.999999999578 649.9999999998308 785.7037001660844
5487 549.99999999955 649.9999999998306 942.8444402000879
5488 549.9999999995224 649.9999999998308 1099.98518023413
5489 549.9999999994941 649.9999999998306 1257.125920268172
5490 549.9999999994661 649.9999999998304 1414.266660302214
5491 549.99999999969 699.9999999998872 157.1407400333461
5492 549.9999999996621 699.9999999998872 314.281480066569
5493 549.9999999996342 699.9999999998872 471.4222200997498
5494 549.9999999996064 699.9999999998872 628.5629601329092
5495 549.9999999995781 699.9999999998871 785.7037001660849
5496 549.9999999995503 699.9999999998872 942.8444402000879
5497 549.9999999995221 699.9999999998872 1099.98518023413
5498 549.9999999994941 699.9999999998872 1257.125920268172
5499 549.9999999994662 699.9999999998872 1414.266660302214
5500 549.9999999996897 749.9999999999435 157.1407400333462
5501 549.9999999996621 749.9999999999434 314.281480066569
5502 549.9999999996339 749.9999999999436 471.4222200997496
5503 549.9999999996058 749.9999999999435 628.5629601329097
5504 549.999999999578 749.9999999999436 785.7037001660843
5505 549.9999999995499 749.9999999999436 942.8444402000878
5506 549.9999999995221 749.9999999999436 1099.98518023413
5507 549.999999999494 749.9999999999436 1257.125920268172
5508 549.9999999994662 749.9999999999436 1414.266660302214
5509 599.9999999997477 249.9999999998195 164.2814800670537
5510 599.9999999997216 249.9999999998197 328.5629601339802
5511 599.9999999996949 249.9999999998196 492.8444402008625
5512 599.9999999996683 249.9999999998196 657.125920267724
5513 599.9999999996415 249.9999999998196 821.4074003346028
5514 599.9999999996148 249.9999999998196 985.6888804023409
5515 599.9999999995885 249.9999999998196 1149.970360470124
5516 599.9999999995617 249.9999999998196 1314.251840537908
5517 599.9999999995351 249.9999999998196 1478.53332060569
5518 599.9999999997483 299.9999999998576 164.2814800670536
5519 599.9999999997216 299.9999999998574 328.56296013398
5520 599.999999999695 299.9999999998578 492.8444402008624
5521 599.9999999996678 299.9999999998577 657.1259202677239
5522 599.9999999996417 299.9999999998579 821.4074003346029
5523 599.9999999996151 299.9999999998576 985.6888804023414
5524 599.9999999995883 299.9999999998576 1149.970360470123
5525 599.9999999995616 299.9999999998576 1314.251840537906
5526 599.9999999995352 299.9999999998576 1478.533320605691
5527 599.9999999997476 349.9999999999142 164.2814800670536
5528 599.9999999997214 349.999999999914 328.5629601339801
5529 599.9999999996948 349.9999999999141 492.8444402008622
5530 599.9999999996683 349.9999999999143 657.125920267724
5531 599.9999999996415 349.9999999999142 821.4074003346032
5532 599.9999999996151 349.9999999999141 985.6888804023409
5533 599.9999999995887 349.9999999999141 1149.970360470123
5534 599.9999999995619 349.9999999999141 1314.251840537906
5535 599.9999999995351 349.9999999999141 1478.533320605691
5536 599.9999999997478 399.9999999999706 164.2814800670538
5537 599.9999999997216 399.9999999999707 328.5629601339801
5538 599.999999999695 399.9999999999706 492.8444402008623
5539 599.9999999996684 399.9999999999707 657.1259202677242
5540 599.9999999996418 399.9999999999707 821.4074003346033
5541 599.9999999996151 399.9999999999707 985.6888804023414
5542 599.9999999995889 399.9999999999707 1149.970360470124
5543 599.9999999995625 399.9999999999707 1314.251840537907
5544 599.9999999995356 399.9999999999704 1478.533320605691
5545 599.9999999997477 450.0000000000269 164.2814800670536
5546 599.9999999997216 450.0000000000268 328.56296013398
5547 599.9999999996951 450.0000000000269 492.8444402008624
5548 599.999999999668 450.0000000000268 657.1259202677243
5549 599.9999999996413 450.0000000000268 821.4074003346027
5550 599.9999999996151 450.0000000000269 985.6888804023409
5551 599.9999999995885 450.0000000000268 1149.970360470124
5552 599.999999999562 450.0000000000267 1314.251840537906
5553 599.999999999535 450.0000000000268 1478.533320605691
5554 599.999999999748 499.9999999996725 164.2814800670537
5555 599.9999999997214 499.9999999996724 328.56296013398
5556 599.999999999695 499.9999999996729 492.8444402008623
5557 599.9999999996683 499.9999999996725 657.125920267724
5558 599.9999999996414 499.9999999996725 821.4074003346027
5559 599.9999999996148 499.9999999996724 985.6888804023409
5560 599.9999999995883 499.9999999996725 1149.970360470124
5561 599.999999999562 499.9999999996724 1314.251840537907
5562 599.9999999995352 499.9999999996725 1478.533320605691
5563 599.9999999997477 549.9999999997181 164.2814800670537
5564 599.9999999997212 549.9999999997181 328.5629601339801
5565 599.9999999996946 549.9999999997181 492.8444402008622
5566 599.9999999996681 549.9999999997178 657.125920267724
5567 599.9999999996412 549.9999999997178 821.4074003346032
5568 599.9999999996153 549.9999999997181 985.6888804023408
5569 599.9999999995883 549.9999999997178 1149.970360470124
5570 599.9999999995623 549.9999999997178 1314.251840537906
5571 599.9999999995351 549.9999999997178 1478.53332060569
5572 599.999999999748 599.9999999997744 164.2814800670537
5573 599.9999999997216 599.9999999997746 328.5629601339801
5574 599.9999999996949 599.9999999997744 492.8444402008622
5575 599.9999999996681 599.9999999997744 657.125920267724
5576 599.9999999996419 599.9999999997742 821.4074003346028
5577 599.9999999996149 599.9999999997744 985.6888804023412
5578 599.9999999995887 599.9999999997744 1149.970360470124
5579 599.9999999995623 599.9999999997744 1314.251840537906
5580 599.9999999995354 599.9999999997744 1478.533320605689
5581 599.9999999997476 649.9999999998308 164.2814800670536
5582 599.9999999997214 649.9999999998307 328.5629601339802
5583 599.999999999695 649.9999999998307 492.8444402008622
5584 599.9999999996684 649.9999999998308 657.125920267724
5585 599.9999999996418 649.9999999998307 821.4074003346027
5586 599.9999999996149 649.9999999998305 985.6888804023408
5587 599.9999999995888 649.9999999998308 1149.970360470124
5588 599.9999999995624 649.9999999998306 1314.251840537906
5589 599.9999999995356 649.9999999998304 1478.533320605691
5590 599.9999999997478 699.9999999998873 164.2814800670536
5591 599.9999999997215 699.999999999887 328.56296013398
5592 599.9999999996949 699.9999999998871 492.8444402008623
5593 599.9999999996683 699.9999999998872 657.1259202677239
5594 599.9999999996414 699.9999999998873 821.4074003346027
5595 599.9999999996148 699.9999999998871 985.6888804023407
5596 599.9999999995888 699.9999999998871 1149.970360470123
5597 599.9999999995623 699.9999999998872 1314.251840537907
5598 599.9999999995356 699.9999999998871 1478.533320605691
5599 599.9999999997481 749.9999999999437 164.2814800670537
5600 599.9999999997216 749.9999999999435 328.5629601339801
5601 599.9999999996951 749.9999999999436 492.8444402008622
5602 599.999999999668 749.9999999999436 657.125920267724
5603 599.9999999996419 749.9999999999437 821.4074003346028
5604 599.9999999996149 749.9999999999436 985.6888804023408
5605 599.9999999995886 749.9999999999436 1149.970360470123
5606 599.9999999995622 749.9999999999436 1314.251840537906
5607 599.9999999995354 749.9999999999436 1478.533320605691
5608 649.9999999998122 249.9999999998196 171.4222201007701
5609 649.9999999997927 249.9999999998197 342.8444402014089
5610 649.9999999997739 249.9999999998197 514.2666603020017
5611 649.9999999997553 249.9999999998197 685.6888804025741
5612 649.9999999997365 249.9999999998196 857.1111005031653
5613 649.9999999997175 249.9999999998197 1028.533320604648
5614 649.9999999996986 249.9999999998196 1199.95554070618
5615 649.9999999996797 249.9999999998196 1371.377760807713
5616 649.9999999996603 249.9999999998197 1542.799980909246
5617 649.9999999998121 299.9999999998578 171.4222201007701
5618 649.9999999997929 299.9999999998578 342.8444402014089
5619 649.9999999997742 299.9999999998578 514.2666603020017
5620 649.9999999997555 299.9999999998577 685.6888804025745
5621 649.9999999997362 299.9999999998579 857.1111005031654
5622 649.9999999997177 299.9999999998578 1028.533320604648
5623 649.9999999996985 299.9999999998577 1199.955540706181
5624 649.9999999996797 299.9999999998577 1371.377760807713
5625 649.9999999996606 299.9999999998578 1542.799980909245
5626 649.9999999998121 349.9999999999142 171.4222201007701
5627 649.9999999997927 349.9999999999143 342.8444402014087
5628 649.9999999997744 349.9999999999143 514.2666603020016
5629 649.9999999997552 349.9999999999143 685.6888804025749
5630 649.9999999997361 349.9999999999144 857.1111005031659
5631 649.9999999997173 349.9999999999143 1028.533320604648
5632 649.9999999996984 349.9999999999143 1199.95554070618
5633 649.9999999996795 349.9999999999143 1371.377760807713
5634 649.9999999996605 349.9999999999143 1542.799980909245
5635 649.9999999998121 399.9999999999707 171.42222010077
5636 649.999999999793 399.9999999999706 342.8444402014089
5637 649.9999999997744 399.9999999999704 514.2666603020017
5638 649.9999999997551 399.9999999999707 685.6888804025743
5639 649.9999999997361 399.9999999999707 857.1111005031656
5640 649.9999999997171 399.9999999999707 1028.533320604648
5641 649.9999999996984 399.9999999999707 1199.95554070618
5642 649.99999999968 399.9999999999706 1371.377760807713
5643 649.9999999996605 399.9999999999705 1542.799980909245
5644 649.9999999998122 450.0000000000271 171.4222201007701
5645 649.9999999997926 450.0000000000268 342.8444402014089
5646 649.9999999997744 450.0000000000268 514.2666603020017
5647 649.9999999997555 450.0000000000269 685.6888804025737
5648 649.9999999997364 450.0000000000268 857.1111005031653
5649 649.9999999997176 450.0000000000268 1028.533320604647
5650 649.9999999996988 450.0000000000268 1199.95554070618
5651 649.9999999996797 450.0000000000268 1371.377760807712
5652 649.9999999996605 450.0000000000268 1542.799980909246
5653 649.999999999812 499.9999999996726 171.4222201007701
5654 649.9999999997924 499.9999999996729 342.8444402014092
5655 649.9999999997747 499.999999999673 514.2666603020019
5656 649.9999999997553 499.9999999996726 685.6888804025749
5657 649.9999999997365 499.9999999996727 857.1111005031653
5658 649.9999999997175 499.9999999996724 1028.533320604647
5659 649.9999999996988 499.9999999996723 1199.95554070618
5660 649.9999999996797 499.9999999996725 1371.377760807713
5661 649.9999999996611 499.9999999996724 1542.799980909246
5662 649.9999999998121 549.9999999997181 171.4222201007701
5663 649.9999999997925 549.9999999997181 342.8444402014089
5664 649.9999999997742 549.9999999997181 514.2666603020016
5665 649.9999999997553 549.9999999997178 685.6888804025743
5666 649.9999999997365 549.9999999997178 857.1111005031657
5667 649.9999999997177 549.9999999997181 1028.533320604648
5668 649.9999999996987 549.9999999997178 1199.95554070618
5669 649.99999999968 549.9999999997178 1371.377760807713
5670 649.9999999996608 549.9999999997178 1542.799980909246
5671 649.9999999998121 599.9999999997744 171.4222201007701
5672 649.9999999997925 599.9999999997744 342.8444402014089
5673 649.9999999997747 599.9999999997743 514.2666603020016
5674 649.9999999997553 599.9999999997744 685.6888804025745
5675 649.9999999997365 599.9999999997742 857.1111005031654
5676 649.9999999997175 599.9999999997743 1028.533320604648
5677 649.9999999996986 599.9999999997742 1199.95554070618
5678 649.9999999996799 599.9999999997744 1371.377760807712
5679 649.9999999996608 599.9999999997742 1542.799980909246
5680 649.9999999998121 649.9999999998308 171.4222201007701
5681 649.9999999997927 649.9999999998308 342.8444402014089
5682 649.9999999997743 649.9999999998308 514.2666603020016
5683 649.9999999997552 649.9999999998307 685.6888804025745
5684 649.9999999997364 649.9999999998308 857.1111005031659
5685 649.9999999997173 649.9999999998305 1028.533320604648
5686 649.9999999996986 649.9999999998308 1199.95554070618
5687 649.9999999996797 649.9999999998305 1371.377760807713
5688 649.9999999996605 649.9999999998303 1542.799980909244
5689 649.9999999998124 699.9999999998875 171.4222201007701
5690 649.9999999997926 699.9999999998871 342.8444402014089
5691 649.9999999997748 699.9999999998872 514.2666603020017
5692 649.9999999997553 699.9999999998872 685.6888804025741
5693 649.9999999997365 699.9999999998873 857.1111005031652
5694 649.9999999997177 699.9999999998872 1028.533320604648
5695 649.9999999996991 699.9999999998872 1199.95554070618
5696 649.99999999968 699.9999999998873 1371.377760807713
5697 649.999999999661 699.9999999998872 1542.799980909246
5698 649.9999999998121 749.9999999999437 171.4222201007701
5699 649.9999999997929 749.9999999999435 342.8444402014089
5700 649.9999999997747 749.9999999999436 514.2666603020016
5701 649.9999999997553 749.9999999999436 685.6888804025746
5702 649.9999999997365 749.9999999999437 857.1111005031657
5703 649.9999999997178 749.9999999999436 1028.533320604647
5704 649.9999999996988 749.9999999999436 1199.95554070618
5705 649.9999999996801 749.9999999999436 1371.377760807713
5706 649.999999999661 749.9999999999435 1542.799980909246
5707 699.9999999998754 249.9999999998195 178.5629601344856
5708 699.9999999998638 249.9999999998197 357.1259202688361
5709 699.9999999998522 249.9999999998197 535.688880403138
5710 699.9999999998392 249.9999999998196 714.2518405374208
5711 699.9999999998277 249.9999999998196 892.8148006717233
5712 699.9999999998159 249.9999999998196 1071.377760806949
5713 699.9999999998039 249.9999999998196 1249.94072094223
5714 699.9999999997922 249.9999999998196 1428.503681077511
5715 699.9999999997799 249.9999999998197 1607.066641212793
5716 699.9999999998756 299.9999999998578 178.5629601344854
5717 699.9999999998637 299.9999999998578 357.125920268836
5718 699.9999999998522 299.9999999998579 535.688880403138
5719 699.9999999998392 299.9999999998577 714.2518405374209
5720 699.9999999998274 299.9999999998579 892.8148006717232
5721 699.9999999998158 299.9999999998576 1071.377760806949
5722 699.999999999804 299.9999999998576 1249.94072094223
5723 699.999999999792 299.9999999998576 1428.503681077512
5724 699.9999999997801 299.9999999998576 1607.066641212793
5725 699.9999999998753 349.9999999999143 178.5629601344856
5726 699.9999999998637 349.9999999999143 357.1259202688361
5727 699.9999999998519 349.9999999999143 535.6888804031383
5728 699.9999999998398 349.9999999999142 714.2518405374208
5729 699.999999999828 349.9999999999143 892.8148006717241
5730 699.9999999998163 349.9999999999143 1071.37776080695
5731 699.9999999998043 349.9999999999143 1249.940720942231
5732 699.999999999793 349.9999999999143 1428.503681077511
5733 699.9999999997805 349.9999999999144 1607.066641212792
5734 699.9999999998755 399.9999999999707 178.5629601344855
5735 699.9999999998639 399.9999999999707 357.125920268836
5736 699.9999999998518 399.9999999999706 535.6888804031379
5737 699.9999999998395 399.9999999999707 714.2518405374208
5738 699.9999999998278 399.9999999999705 892.8148006717233
5739 699.9999999998164 399.9999999999707 1071.377760806949
5740 699.999999999804 399.9999999999705 1249.94072094223
5741 699.9999999997925 399.9999999999705 1428.503681077511
5742 699.9999999997799 399.9999999999705 1607.066641212791
5743 699.9999999998757 450.0000000000271 178.5629601344856
5744 699.9999999998632 450.0000000000268 357.125920268836
5745 699.9999999998518 450.0000000000269 535.6888804031382
5746 699.9999999998394 450.0000000000268 714.2518405374208
5747 699.9999999998277 450.0000000000271 892.8148006717232
5748 699.9999999998157 450.0000000000268 1071.377760806949
5749 699.9999999998041 450.0000000000271 1249.940720942231
5750 699.9999999997923 450.0000000000268 1428.50368107751
5751 699.9999999997801 450.0000000000269 1607.066641212791
5752 699.9999999998752 499.9999999996724 178.5629601344856
5753 699.999999999864 499.9999999996729 357.125920268836
5754 699.9999999998516 499.999999999673 535.6888804031378
5755 699.9999999998394 499.9999999996726 714.2518405374207
5756 699.9999999998277 499.9999999996725 892.8148006717233
5757 699.9999999998159 499.9999999996726 1071.377760806949
5758 699.999999999804 499.9999999996725 1249.940720942231
5759 699.9999999997923 499.9999999996726 1428.50368107751
5760 699.9999999997801 499.9999999996727 1607.066641212792
5761 699.9999999998754 549.9999999997179 178.5629601344856
5762 699.9999999998635 549.9999999997182 357.1259202688361
5763 699.999999999852 549.9999999997181 535.6888804031378
5764 699.9999999998394 549.9999999997178 714.2518405374207
5765 699.9999999998281 549.9999999997177 892.8148006717233
5766 699.9999999998159 549.9999999997181 1071.377760806949
5767 699.999999999804 549.9999999997177 1249.94072094223
5768 699.999999999792 549.9999999997178 1428.503681077511
5769 699.9999999997799 549.9999999997178 1607.066641212792
5770 699.9999999998755 599.9999999997744 178.5629601344856
5771 699.9999999998636 599.9999999997743 357.1259202688361
5772 699.9999999998522 599.9999999997744 535.6888804031378
5773 699.9999999998392 599.9999999997744 714.251840537421
5774 699.999999999828 599.9999999997741 892.8148006717236
5775 699.9999999998162 599.9999999997743 1071.377760806949
5776 699.999999999804 599.9999999997741 1249.940720942231
5777 699.9999999997922 599.9999999997744 1428.50368107751
5778 699.9999999997805 599.9999999997741 1607.066641212791
5779 699.9999999998755 649.9999999998311 178.5629601344856
5780 699.9999999998637 649.9999999998307 357.1259202688361
5781 699.9999999998521 649.9999999998308 535.688880403138
5782 699.9999999998392 649.9999999998308 714.2518405374208
5783 699.9999999998277 649.9999999998307 892.8148006717232
5784 699.9999999998158 649.9999999998306 1071.377760806949
5785 699.9999999998041 649.9999999998308 1249.940720942231
5786 699.9999999997923 649.9999999998306 1428.503681077511
5787 699.99999999978 649.9999999998304 1607.066641212791
5788 699.9999999998755 699.9999999998875 178.5629601344856
5789 699.9999999998637 699.9999999998873 357.1259202688361
5790 699.9999999998521 699.9999999998872 535.688880403138
5791 699.9999999998392 699.9999999998871 714.2518405374205
5792 699.9999999998277 699.9999999998872 892.8148006717232
5793 699.9999999998158 699.9999999998872 1071.377760806948
5794 699.9999999998041 699.9999999998872 1249.940720942231
5795 699.9999999997923 699.9999999998872 1428.50368107751
5796 699.9999999997802 699.9999999998872 1607.066641212792
5797 699.9999999998756 749.999999999944 178.5629601344855
5798 699.9999999998637 749.9999999999435 357.125920268836
5799 699.9999999998521 749.9999999999436 535.6888804031378
5800 699.9999999998395 749.9999999999436 714.2518405374209
5801 699.9999999998281 749.9999999999435 892.8148006717234
5802 699.9999999998164 749.9999999999436 1071.377760806949
5803 699.9999999998041 749.9999999999436 1249.940720942231
5804 699.9999999997924 749.9999999999436 1428.503681077511
5805 699.9999999997807 749.9999999999436 1607.066641212791
5806 749.999999999942 249.9999999998196 185.703700168206
5807 749.9999999999409 249.9999999998196 371.4074003362726
5808 749.9999999999399 249.9999999998196 557.1111005042895
5809 749.9999999999375 249.9999999998196 742.8148006722871
5810 749.9999999999362 249.9999999998195 928.5185008403058
5811 749.999999999935 249.9999999998194 1114.222201009279
5812 749.9999999999336 249.9999999998195 1299.925901178315
5813 749.9999999999324 249.9999999998195 1485.629601347349
5814 749.9999999999305 249.9999999998196 1671.333301516384
5815 749.9999999999419 299.9999999998578 185.7037001682058
5816 749.9999999999404 299.9999999998577 371.4074003362724
5817 749.9999999999391 299.9999999998577 557.1111005042891
5818 749.9999999999376 299.9999999998577 742.8148006722873
5819 749.9999999999362 299.9999999998579 928.518500840306
5820 749.9999999999349 299.9999999998576 1114.222201009279
5821 749.9999999999332 299.9999999998577 1299.925901178314
5822 749.9999999999314 299.9999999998577 1485.629601347348
5823 749.9999999999302 299.9999999998577 1671.333301516383
5824 749.9999999999421 349.9999999999143 185.703700168206
5825 749.999999999941 349.9999999999141 371.4074003362724
5826 749.9999999999397 349.9999999999141 557.1111005042893
5827 749.9999999999375 349.9999999999143 742.814800672287
5828 749.9999999999364 349.9999999999143 928.5185008403063
5829 749.9999999999347 349.9999999999143 1114.222201009279
5830 749.9999999999336 349.9999999999143 1299.925901178314
5831 749.9999999999324 349.9999999999141 1485.629601347349
5832 749.9999999999311 349.9999999999141 1671.333301516385
5833 749.9999999999419 399.9999999999704 185.703700168206
5834 749.9999999999408 399.9999999999706 371.4074003362725
5835 749.9999999999399 399.9999999999708 557.1111005042894
5836 749.9999999999379 399.9999999999706 742.8148006722871
5837 749.9999999999367 399.9999999999707 928.5185008403064
5838 749.999999999935 399.9999999999707 1114.222201009279
5839 749.9999999999336 399.9999999999706 1299.925901178315
5840 749.9999999999322 399.9999999999707 1485.62960134735
5841 749.9999999999309 399.9999999999706 1671.333301516383
5842 749.999999999942 450.0000000000271 185.703700168206
5843 749.9999999999409 450.0000000000268 371.4074003362726
5844 749.9999999999397 450.000000000027 557.1111005042895
5845 749.9999999999379 450.0000000000268 742.8148006722872
5846 749.9999999999366 450.0000000000271 928.518500840306
5847 749.9999999999354 450.0000000000268 1114.22220100928
5848 749.9999999999336 450.000000000027 1299.925901178315
5849 749.9999999999322 450.0000000000271 1485.629601347348
5850 749.9999999999316 450.0000000000268 1671.333301516385
5851 749.999999999942 499.9999999996726 185.7037001682058
5852 749.9999999999407 499.9999999996729 371.4074003362725
5853 749.9999999999397 499.999999999673 557.1111005042891
5854 749.9999999999375 499.9999999996726 742.8148006722867
5855 749.9999999999363 499.9999999996726 928.5185008403059
5856 749.999999999935 499.9999999996726 1114.222201009279
5857 749.9999999999332 499.9999999996724 1299.925901178314
5858 749.9999999999319 499.9999999996727 1485.629601347348
5859 749.9999999999305 499.9999999996728 1671.333301516383
5860 749.9999999999418 549.9999999997181 185.703700168206
5861 749.999999999941 549.9999999997181 371.4074003362724
5862 749.9999999999397 549.9999999997179 557.1111005042891
5863 749.9999999999375 549.9999999997178 742.8148006722867
5864 749.9999999999361 549.9999999997178 928.5185008403059
5865 749.9999999999347 549.9999999997177 1114.222201009278
5866 749.9999999999333 549.9999999997175 1299.925901178314
5867 749.9999999999318 549.9999999997176 1485.629601347349
5868 749.9999999999304 549.9999999997176 1671.333301516383
5869 749.999999999942 599.9999999997744 185.7037001682059
5870 749.999999999941 599.9999999997746 371.4074003362726
5871 749.9999999999395 599.9999999997743 557.1111005042895
5872 749.9999999999379 599.9999999997744 742.8148006722873
5873 749.9999999999361 599.9999999997743 928.518500840306
5874 749.9999999999353 599.9999999997743 1114.22220100928
5875 749.9999999999341 599.9999999997743 1299.925901178315
5876 749.9999999999322 599.9999999997744 1485.629601347348
5877 749.9999999999309 599.9999999997744 1671.333301516384
5878 749.9999999999418 649.9999999998309 185.703700168206
5879 749.9999999999407 649.9999999998307 371.4074003362723
5880 749.9999999999397 649.9999999998307 557.111100504289
5881 749.9999999999375 649.9999999998306 742.8148006722872
5882 749.9999999999362 649.9999999998306 928.5185008403058
5883 749.9999999999349 649.9999999998303 1114.222201009279
5884 749.9999999999336 649.9999999998305 1299.925901178314
5885 749.9999999999322 649.9999999998303 1485.629601347348
5886 749.9999999999303 649.9999999998303 1671.333301516383
5887 749.9999999999422 699.9999999998877 185.7037001682058
5888 749.9999999999409 699.9999999998873 371.4074003362723
5889 749.9999999999399 699.9999999998872 557.111100504289
5890 749.9999999999375 699.9999999998872 742.8148006722871
5891 749.9999999999361 699.9999999998872 928.5185008403053
5892 749.9999999999351 699.9999999998872 1114.222201009279
5893 749.9999999999337 699.9999999998872 1299.925901178314
5894 749.9999999999325 699.9999999998872 1485.629601347349
5895 749.9999999999307 699.9999999998873 1671.333301516383
5896 749.9999999999419 749.9999999999441 185.7037001682058
5897 749.9999999999409 749.9999999999436 371.4074003362724
5898 749.9999999999397 749.9999999999436 557.1111005042887
5899 749.9999999999375 749.9999999999437 742.8148006722868
5900 749.9999999999363 749.9999999999436 928.5185008403058
5901 749.9999999999346 749.9999999999436 1114.222201009278
5902 749.9999999999336 749.9999999999435 1299.925901178315
5903 749.9999999999317 749.9999999999435 1485.629601347348
5904 749.9999999999304 749.9999999999436 1671.333301516383
5905 849.9999999999931 249.9999999998196 199.9851802355798
5906 849.9999999999854 249.9999999998197 399.9703604710447
5907 849.9999999999782 249.9999999998197 599.9555407064496
5908 849.9999999999704 249.9999999998196 799.9407209418465
5909 849.9999999999637 249.9999999998197 999.9259011772749
5910 849.9999999999565 249.9999999998197 1199.911081413695
5911 849.9999999999488 249.9999999998197 1399.896261650197
5912 849.999999999942 249.9999999998196 1599.881441886676
5913 849.9999999999343 249.9999999998197 1799.866622123176
5914 849.9999999999931 299.9999999998575 199.9851802355799
5915 849.9999999999857 299.9999999998579 399.9703604710449
5916 849.9999999999783 299.9999999998577 599.9555407064495
5917 849.9999999999706 299.9999999998577 799.9407209418467
5918 849.9999999999638 299.9999999998578 999.9259011772749
5919 849.9999999999566 299.9999999998576 1199.911081413696
5920 849.9999999999488 299.9999999998577 1399.896261650195
5921 849.9999999999419 299.9999999998577 1599.881441886676
5922 849.9999999999343 299.9999999998579 1799.866622123175
5923 849.999999999993 349.9999999999142 199.9851802355798
5924 849.9999999999854 349.9999999999142 399.9703604710447
5925 849.9999999999782 349.9999999999143 599.9555407064495
5926 849.999999999971 349.9999999999143 799.940720941847
5927 849.9999999999638 349.9999999999142 999.9259011772751
5928 849.9999999999563 349.9999999999144 1199.911081413696
5929 849.9999999999492 349.9999999999142 1399.896261650196
5930 849.9999999999421 349.9999999999143 1599.881441886676
5931 849.9999999999347 349.9999999999143 1799.866622123176
5932 849.9999999999931 399.9999999999706 199.9851802355799
5933 849.9999999999857 399.9999999999704 399.9703604710447
5934 849.9999999999786 399.9999999999707 599.9555407064495
5935 849.9999999999709 399.9999999999704 799.9407209418465
5936 849.9999999999644 399.9999999999706 999.9259011772746
5937 849.9999999999569 399.9999999999705 1199.911081413695
5938 849.999999999949 399.9999999999704 1399.896261650195
5939 849.9999999999419 399.9999999999704 1599.881441886677
5940 849.9999999999347 399.9999999999707 1799.866622123175
5941 849.9999999999927 450.0000000000268 199.9851802355798
5942 849.9999999999854 450.0000000000268 399.9703604710449
5943 849.9999999999777 450.0000000000268 599.9555407064495
5944 849.9999999999701 450.0000000000269 799.9407209418466
5945 849.9999999999636 450.0000000000267 999.9259011772741
5946 849.999999999956 450.0000000000271 1199.911081413695
5947 849.9999999999488 450.0000000000268 1399.896261650195
5948 849.999999999942 450.0000000000271 1599.881441886676
5949 849.9999999999342 450.0000000000271 1799.866622123176
5950 849.9999999999932 499.9999999996727 199.9851802355798
5951 849.9999999999857 499.9999999996725 399.9703604710449
5952 849.9999999999783 499.9999999996727 599.9555407064497
5953 849.9999999999706 499.9999999996727 799.9407209418466
5954 849.9999999999636 499.9999999996729 999.9259011772746
5955 849.9999999999565 499.9999999996726 1199.911081413695
5956 849.9999999999487 499.9999999996726 1399.896261650196
5957 849.9999999999424 499.9999999996726 1599.881441886675
5958 849.9999999999346 499.9999999996725 1799.866622123176
5959 849.9999999999931 549.9999999997178 199.9851802355798
5960 849.9999999999857 549.9999999997181 399.9703604710448
5961 849.9999999999782 549.9999999997178 599.9555407064495
5962 849.9999999999711 549.9999999997178 799.9407209418464
5963 849.9999999999636 549.9999999997179 999.9259011772747
5964 849.9999999999565 549.9999999997178 1199.911081413696
5965 849.9999999999492 549.9999999997178 1399.896261650196
5966 849.999999999942 549.9999999997181 1599.881441886676
5967 849.9999999999347 549.9999999997178 1799.866622123175
5968 849.9999999999932 599.9999999997744 199.9851802355798
5969 849.9999999999856 599.9999999997743 399.9703604710448
5970 849.9999999999783 599.9999999997744 599.9555407064495
5971 849.9999999999709 599.9999999997744 799.9407209418471
5972 849.999999999964 599.9999999997743 999.9259011772747
5973 849.9999999999566 599.9999999997744 1199.911081413696
5974 849.9999999999493 599.9999999997744 1399.896261650195
5975 849.999999999942 599.9999999997744 1599.881441886676
5976 849.9999999999347 599.9999999997744 1799.866622123175
5977 849.9999999999933 649.9999999998304 199.9851802355798
5978 849.9999999999857 649.9999999998306 399.9703604710448
5979 849.9999999999783 649.9999999998306 599.9555407064493
5980 849.999999999971 649.9999999998311 799.9407209418466
5981 849.9999999999638 649.9999999998307 999.9259011772741
5982 849.9999999999566 649.9999999998304 1199.911081413695
5983 849.9999999999488 649.9999999998306 1399.896261650196
5984 849.9999999999419 649.9999999998306 1599.881441886675
5985 849.9999999999346 649.9999999998305 1799.866622123175
5986 849.9999999999931 699.9999999998872 199.9851802355798
5987 849.9999999999853 699.9999999998871 399.9703604710448
5988 849.9999999999781 699.9999999998868 599.9555407064495
5989 849.9999999999711 699.9999999998868 799.9407209418466
5990 849.9999999999637 699.9999999998872 999.9259011772749
5991 849.9999999999562 699.9999999998872 1199.911081413696
5992 849.9999999999493 699.9999999998873 1399.896261650197
5993 849.9999999999425 699.9999999998871 1599.881441886676
5994 849.9999999999347 699.9999999998871 1799.866622123176
5995 849.999999999993 749.9999999999435 199.9851802355799
5996 849.9999999999857 749.9999999999436 399.970360471045
5997 849.9999999999782 749.9999999999436 599.9555407064495
5998 849.9999999999709 749.9999999999436 799.9407209418466
5999 849.9999999999636 749.9999999999434 999.9259011772746
6000 849.9999999999566 749.9999999999436 1199.911081413695
6001 849.9999999999492 749.9999999999436 1399.896261650196
6002 849.9999999999425 749.9999999999436 1599.881441886677
6003 849.9999999999352 749.9999999999436 1799.866622123177
6004 899.9999999999731 249.9999999998197 207.1259202692284
6005 899.999999999946 249.9999999998197 414.2518405383699
6006 899.9999999999186 249.9999999998197 621.3777608074437
6007 899.9999999998917 249.9999999998197 828.5036810765193
6008 899.9999999998641 249.9999999998197 1035.629601345635
6009 899.9999999998366 249.9999999998197 1242.755521615751
6010 899.9999999998097 249.9999999998197 1449.881441885957
6011 899.9999999997827 249.9999999998196 1657.007362156124
6012 899.9999999997553 249.9999999998197 1864.133282426331
6013 899.9999999999729 299.9999999998576 207.1259202692284
6014 899.9999999999458 299.9999999998579 414.2518405383702
6015 899.9999999999186 299.9999999998576 621.3777608074438
6016 899.9999999998917 299.9999999998577 828.5036810765203
6017 899.9999999998645 299.9999999998578 1035.629601345636
6018 899.9999999998371 299.9999999998576 1242.755521615751
6019 899.9999999998097 299.9999999998576 1449.881441885957
6020 899.9999999997833 299.9999999998576 1657.007362156124
6021 899.9999999997558 299.9999999998579 1864.133282426332
6022 899.9999999999728 349.9999999999143 207.1259202692284
6023 899.999999999946 349.999999999914 414.2518405383702
6024 899.9999999999186 349.9999999999143 621.3777608074438
6025 899.9999999998918 349.9999999999143 828.5036810765199
6026 899.9999999998645 349.9999999999142 1035.629601345635
6027 899.9999999998372 349.9999999999143 1242.755521615752
6028 899.9999999998097 349.9999999999142 1449.881441885957
6029 899.9999999997831 349.9999999999143 1657.007362156124
6030 899.9999999997557 349.9999999999143 1864.133282426331
6031 899.9999999999732 399.9999999999706 207.1259202692283
6032 899.9999999999455 399.9999999999708 414.2518405383701
6033 899.9999999999186 399.9999999999707 621.3777608074438
6034 899.9999999998917 399.9999999999706 828.5036810765193
6035 899.9999999998643 399.9999999999707 1035.629601345635
6036 899.9999999998372 399.9999999999707 1242.755521615751
6037 899.9999999998096 399.9999999999707 1449.881441885957
6038 899.9999999997831 399.9999999999707 1657.007362156124
6039 899.9999999997558 399.9999999999707 1864.133282426332
6040 899.9999999999729 450.0000000000267 207.1259202692285
6041 899.9999999999454 450.0000000000268 414.2518405383699
6042 899.9999999999186 450.0000000000268 621.3777608074438
6043 899.9999999998915 450.0000000000269 828.5036810765192
6044 899.9999999998646 450.0000000000267 1035.629601345635
6045 899.9999999998372 450.0000000000271 1242.755521615752
6046 899.9999999998097 450.0000000000268 1449.881441885957
6047 899.9999999997833 450.0000000000271 1657.007362156125
6048 899.9999999997557 450.0000000000271 1864.133282426331
6049 899.9999999999731 499.9999999996726 207.1259202692285
6050 899.9999999999455 499.9999999996726 414.2518405383702
6051 899.9999999999186 499.9999999996728 621.3777608074436
6052 899.9999999998917 499.9999999996727 828.5036810765198
6053 899.9999999998646 499.9999999996725 1035.629601345636
6054 899.9999999998371 499.9999999996727 1242.755521615751
6055 899.9999999998097 499.9999999996727 1449.881441885957
6056 899.9999999997832 499.9999999996727 1657.007362156125
6057 899.9999999997558 499.9999999996727 1864.133282426332
6058 899.9999999999733 549.9999999997178 207.1259202692284
6059 899.999999999946 549.9999999997181 414.25184053837
6060 899.9999999999185 549.9999999997179 621.3777608074438
6061 899.9999999998917 549.9999999997181 828.5036810765195
6062 899.9999999998641 549.9999999997181 1035.629601345635
6063 899.9999999998372 549.9999999997181 1242.755521615751
6064 899.9999999998097 549.9999999997178 1449.881441885957
6065 899.9999999997831 549.9999999997181 1657.007362156124
6066 899.9999999997558 549.9999999997181 1864.133282426331
6067 899.9999999999731 599.9999999997743 207.1259202692284
6068 899.999999999946 599.9999999997744 414.2518405383699
6069 899.9999999999185 599.9999999997743 621.3777608074437
6070 899.9999999998917 599.9999999997742 828.5036810765193
6071 899.9999999998645 599.9999999997744 1035.629601345635
6072 899.9999999998372 599.9999999997742 1242.755521615751
6073 899.9999999998096 599.9999999997742 1449.881441885957
6074 899.9999999997832 599.9999999997744 1657.007362156124
6075 899.9999999997557 599.9999999997742 1864.133282426331
6076 899.9999999999731 649.9999999998309 207.1259202692284
6077 899.9999999999461 649.9999999998306 414.2518405383699
6078 899.9999999999186 649.9999999998306 621.3777608074438
6079 899.9999999998918 649.9999999998308 828.5036810765193
6080 899.9999999998644 649.9999999998307 1035.629601345635
6081 899.9999999998373 649.9999999998306 1242.755521615751
6082 899.9999999998097 649.9999999998308 1449.881441885957
6083 899.9999999997831 649.9999999998308 1657.007362156124
6084 899.9999999997558 649.9999999998308 1864.133282426331
6085 899.9999999999729 699.9999999998872 207.1259202692285
6086 899.9999999999461 699.9999999998869 414.2518405383702
6087 899.9999999999187 699.9999999998867 621.3777608074438
6088 899.9999999998913 699.9999999998868 828.5036810765193
6089 899.9999999998641 699.9999999998873 1035.629601345635
6090 899.9999999998372 699.9999999998872 1242.755521615752
6091 899.9999999998097 699.9999999998872 1449.881441885957
6092 899.9999999997832 699.9999999998872 1657.007362156124
6093 899.9999999997558 699.9999999998872 1864.133282426331
6094 899.9999999999729 749.9999999999435 207.1259202692284
6095 899.999999999946 749.9999999999436 414.2518405383699
6096 899.9999999999186 749.9999999999437 621.3777608074437
6097 899.9999999998918 749.9999999999434 828.5036810765193
6098 899.9999999998645 749.9999999999436 1035.629601345635
6099 899.9999999998372 749.9999999999436 1242.755521615752
6100 899.9999999998101 749.9999999999436 1449.881441885957
6101 899.9999999997833 749.9999999999436 1657.007362156125
6102 899.9999999997557 749.9999999999436 1864.133282426331
6103 949.9999999999884 249.9999999998196 214.2666603029276
6104 949.999999999977 249.9999999998197 428.5333206057965
6105 949.9999999999653 249.9999999998196 642.7999809085899
6106 949.9999999999543 249.9999999998196 857.0666412113953
6107 949.9999999999427 249.9999999998197 1071.33330151425
6108 949.9999999999305 249.9999999998196 1285.59996181811
6109 949.9999999999197 249.9999999998195 1499.866622122075
6110 949.9999999999081 249.9999999998195 1714.133282425979
6111 949.9999999998963 249.9999999998197 1928.399942729942
6112 949.9999999999886 299.9999999998576 214.2666603029277
6113 949.999999999977 299.9999999998579 428.5333206057965
6114 949.9999999999659 299.9999999998576 642.79998090859
6115 949.9999999999543 299.9999999998576 857.0666412113959
6116 949.9999999999422 299.9999999998578 1071.33330151425
6117 949.999999999931 299.9999999998576 1285.599961818111
6118 949.9999999999195 299.9999999998577 1499.866622122074
6119 949.999999999908 299.9999999998576 1714.133282425979
6120 949.9999999998965 299.9999999998579 1928.399942729943
6121 949.9999999999891 349.9999999999143 214.2666603029275
6122 949.999999999977 349.9999999999144 428.5333206057969
6123 949.999999999966 349.9999999999143 642.79998090859
6124 949.9999999999545 349.9999999999143 857.0666412113961
6125 949.9999999999426 349.9999999999142 1071.33330151425
6126 949.999999999931 349.9999999999143 1285.599961818111
6127 949.9999999999202 349.9999999999141 1499.866622122075
6128 949.999999999908 349.9999999999143 1714.133282425978
6129 949.9999999998968 349.9999999999141 1928.399942729943
6130 949.9999999999885 399.9999999999705 214.2666603029275
6131 949.9999999999769 399.9999999999704 428.5333206057965
6132 949.9999999999652 399.9999999999707 642.7999809085896
6133 949.9999999999535 399.9999999999704 857.0666412113953
6134 949.9999999999427 399.9999999999707 1071.33330151425
6135 949.9999999999316 399.9999999999704 1285.59996181811
6136 949.9999999999197 399.9999999999704 1499.866622122075
6137 949.999999999908 399.9999999999704 1714.133282425978
6138 949.9999999998965 399.9999999999704 1928.399942729942
6139 949.9999999999884 450.0000000000268 214.2666603029274
6140 949.9999999999769 450.0000000000268 428.5333206057966
6141 949.9999999999653 450.0000000000268 642.7999809085895
6142 949.9999999999536 450.0000000000268 857.0666412113953
6143 949.9999999999418 450.0000000000268 1071.333301514249
6144 949.9999999999311 450.0000000000271 1285.59996181811
6145 949.9999999999188 450.0000000000268 1499.866622122074
6146 949.9999999999077 450.0000000000271 1714.133282425978
6147 949.9999999998961 450.000000000027 1928.399942729943
6148 949.9999999999879 499.9999999996726 214.2666603029276
6149 949.9999999999766 499.9999999996726 428.5333206057966
6150 949.9999999999658 499.9999999996727 642.7999809085896
6151 949.9999999999543 499.9999999996727 857.0666412113953
6152 949.9999999999422 499.9999999996728 1071.33330151425
6153 949.999999999931 499.9999999996726 1285.599961818111
6154 949.9999999999195 499.9999999996726 1499.866622122074
6155 949.9999999999078 499.9999999996726 1714.133282425979
6156 949.9999999998963 499.9999999996726 1928.399942729942
6157 949.9999999999881 549.9999999997176 214.2666603029275
6158 949.999999999977 549.9999999997177 428.5333206057966
6159 949.9999999999659 549.9999999997181 642.7999809085896
6160 949.9999999999538 549.9999999997179 857.0666412113953
6161 949.9999999999424 549.9999999997177 1071.33330151425
6162 949.9999999999311 549.9999999997181 1285.59996181811
6163 949.9999999999193 549.9999999997181 1499.866622122075
6164 949.999999999908 549.9999999997183 1714.133282425978
6165 949.9999999998963 549.9999999997181 1928.399942729942
6166 949.9999999999886 599.9999999997748 214.2666603029275
6167 949.9999999999768 599.9999999997743 428.5333206057966
6168 949.999999999966 599.9999999997744 642.7999809085899
6169 949.9999999999545 599.9999999997744 857.0666412113953
6170 949.9999999999427 599.9999999997746 1071.33330151425
6171 949.9999999999311 599.9999999997744 1285.59996181811
6172 949.9999999999203 599.9999999997744 1499.866622122075
6173 949.9999999999085 599.9999999997744 1714.133282425979
6174 949.9999999998968 599.9999999997744 1928.399942729943
6175 949.9999999999885 649.9999999998306 214.2666603029275
6176 949.9999999999769 649.9999999998306 428.5333206057966
6177 949.9999999999658 649.9999999998308 642.7999809085898
6178 949.9999999999541 649.9999999998308 857.0666412113954
6179 949.9999999999428 649.9999999998308 1071.33330151425
6180 949.999999999931 649.9999999998307 1285.59996181811
6181 949.9999999999194 649.9999999998307 1499.866622122075
6182 949.9999999999085 649.9999999998308 1714.133282425978
6183 949.9999999998963 649.9999999998308 1928.399942729943
6184 949.9999999999886 699.9999999998868 214.2666603029276
6185 949.9999999999768 699.999999999887 428.5333206057968
6186 949.9999999999656 699.9999999998872 642.7999809085898
6187 949.9999999999542 699.9999999998873 857.0666412113953
6188 949.9999999999422 699.9999999998873 1071.33330151425
6189 949.999999999931 699.9999999998873 1285.59996181811
6190 949.9999999999203 699.9999999998872 1499.866622122075
6191 949.9999999999079 699.9999999998872 1714.133282425979
6192 949.9999999998968 699.9999999998871 1928.399942729942
6193 949.9999999999887 749.9999999999435 214.2666603029276
6194 949.9999999999769 749.9999999999436 428.5333206057965
6195 949.9999999999663 749.9999999999436 642.7999809085898
6196 949.9999999999543 749.9999999999435 857.0666412113953
6197 949.9999999999427 749.9999999999435 1071.33330151425
6198 949.9999999999311 749.9999999999436 1285.59996181811
6199 949.9999999999194 749.9999999999436 1499.866622122076
6200 949.9999999999088 749.9999999999435 1714.133282425979
6201 949.9999999998963 749.9999999999436 1928.399942729943
6202 49.99999999978237 850 85.7333396964181
6203 49.99999999978852 850 171.4666793927889
6204 49.99999999979467 849.9999999999999 257.2000190891287
6205 49.99999999980079 850 342.9333587854622
6206 49.99999999980692 850.0000000000001 428.6666984817809
6207 49.99999999981308 849.9999999999999 514.4000381785788
6208 49.99999999981923 850 600.1333778753821
6209 49.99999999982538 850.0000000000001 685.8667175721887
6210 49.99999999983152 850.0000000000001 771.6000572689888
6211 49.99999999978238 899.9999999999999 85.73333969641816
6212 49.99999999978851 900 171.4666793927889
6213 49.99999999979467 900 257.2000190891287
6214 49.99999999980082 900 342.9333587854625
6215 49.99999999980695 900 428.6666984817809
6216 49.99999999981311 900 514.4000381785788
6217 49.99999999981922 899.9999999999999 600.1333778753821
6218 49.99999999982538 900 685.8667175721886
6219 49.99999999983151 900 771.6000572689891
6220 49.99999999978232 950.0000000000003 85.73333969641811
6221 49.99999999978841 950.0000000000001 171.4666793927886
6222 49.9999999997945 950 257.2000190891285
6223 49.99999999980056 950 342.9333587854622
6224 49.99999999980663 950.0000000000001 428.6666984817805
6225 49.99999999981276 950.0000000000001 514.4000381785784
6226 49.99999999981883 950.0000000000001 600.1333778753817
6227 49.99999999982493 950 685.8667175721882
6228 49.99999999983098 950 771.6000572689885
6229 99.99999999966046 849.9999999999999 92.87407973011094
6230 99.99999999967382 850.0000000000005 185.7481594601585
6231 99.99999999968696 850 278.6222391901762
6232 99.99999999970018 850 371.4963189201814
6233 99.9999999997134 850 464.3703986501781
6234 99.99999999972661 849.9999999999999 557.2444783806972
6235 99.99999999973976 850 650.1185581112194
6236 99.99999999975302 850.0000000000001 742.9926378417435
6237 99.99999999976622 850.0000000000005 835.8667175722636
6238 99.99999999966047 900 92.87407973011095
6239 99.99999999967372 900.0000000000001 185.7481594601587
6240 99.99999999968696 899.9999999999999 278.6222391901762
6241 99.99999999970017 900.0000000000001 371.496318920181
6242 99.9999999997134 900 464.3703986501781
6243 99.9999999997266 900 557.244478380697
6244 99.99999999973977 900 650.1185581112192
6245 99.99999999975299 900 742.9926378417433
6246 99.99999999976623 900 835.866717572264
6247 99.99999999966046 950 92.87407973011095
6248 99.99999999967373 949.9999999999998 185.7481594601587
6249 99.99999999968696 950.0000000000001 278.6222391901762
6250 99.99999999970018 950 371.4963189201814
6251 99.9999999997134 950 464.3703986501781
6252 99.99999999972658 950.0000000000001 557.244478380697
6253 99.99999999973977 950 650.1185581112192
6254 99.99999999975304 950 742.9926378417435
6255 99.99999999976622 950 835.866717572264
6256 149.9999999997369 849.9999999999998 100.0148197638195
6257 149.9999999997476 850.0000000000006 200.0296395275597
6258 149.999999999758 850 300.0444592912707
6259 149.9999999997686 849.9999999999999 400.0592790549626
6260 149.999999999779 849.9999999999999 500.0740988186539
6261 149.9999999997895 849.9999999999999 600.0889185829091
6262 149.9999999997999 850.0000000000001 700.1037383471655
6263 149.9999999998104 850.0000000000001 800.1185581114246
6264 149.9999999998211 850.0000000000005 900.1333778756805
6265 149.9999999997369 900.0000000000002 100.0148197638195
6266 149.9999999997475 900.0000000000001 200.0296395275599
6267 149.9999999997581 900 300.0444592912709
6268 149.9999999997686 900 400.0592790549628
6269 149.999999999779 900 500.0740988186541
6270 149.9999999997897 900 600.0889185829092
6271 149.9999999998001 900.0000000000001 700.1037383471664
6272 149.9999999998105 900 800.1185581114244
6273 149.9999999998212 900 900.1333778756804
6274 149.9999999997369 949.9999999999998 100.0148197638195
6275 149.9999999997476 950.0000000000001 200.0296395275597
6276 149.999999999758 950 300.0444592912708
6277 149.9999999997686 949.9999999999999 400.0592790549629
6278 149.999999999779 950 500.0740988186541
6279 149.9999999997897 950 600.0889185829089
6280 149.9999999998001 949.9999999999999 700.1037383471662
6281 149.9999999998105 950 800.1185581114246
6282 149.9999999998212 950.0000000000005 900.1333778756806
6283 249.9999999998239 850.0000000000002 114.2962998312222
6284 249.999999999828 849.9999999999998 228.5925996623452
6285 249.9999999998322 850 342.8888994934379
6286 249.9999999998363 850 457.1851993245056
6287 249.9999999998405 849.9999999999994 571.481499155581
6288 249.9999999998445 850.0000000000001 685.7777989872945
6289 249.9999999998487 850 800.0740988190134
6290 249.999999999853 850 914.370398650733
6291 249.9999999998571 850.0000000000001 1028.666698482452
6292 249.9999999998239 900 114.2962998312221
6293 249.9999999998279 900.0000000000005 228.592599662345
6294 249.9999999998321 900 342.8888994934377
6295 249.9999999998361 900 457.1851993245052
6296 249.9999999998404 900 571.4814991555808
6297 249.9999999998443 900 685.7777989872943
6298 249.9999999998485 900.0000000000001 800.074098819013
6299 249.9999999998527 900 914.3703986507326
6300 249.9999999998569 900 1028.666698482451
6301 249.9999999998239 949.9999999999995 114.2962998312222
6302 249.999999999828 949.9999999999998 228.5925996623452
6303 249.9999999998322 950 342.8888994934376
6304 249.9999999998364 950 457.1851993245054
6305 249.9999999998406 949.9999999999998 571.4814991555811
6306 249.9999999998446 950 685.7777989872945
6307 249.9999999998488 950 800.0740988190134
6308 249.9999999998531 950 914.3703986507326
6309 249.9999999998572 950.0000000000001 1028.666698482451
6310 299.9999999998564 849.9999999999997 121.4370398649169
6311 299.9999999998545 849.9999999999994 242.8740797297306
6312 299.999999999853 849.9999999999995 364.3111195945118
6313 299.9999999998514 849.9999999999994 485.7481594592691
6314 299.99999999985 850 607.1851993240355
6315 299.9999999998484 850 728.6222391894712
6316 299.9999999998468 850 850.0592790549177
6317 299.9999999998454 850 971.4963189203651
6318 299.9999999998439 850.0000000000002 1092.933358785812
6319 299.9999999998562 900 121.4370398649169
6320 299.9999999998546 900 242.8740797297306
6321 299.9999999998532 899.9999999999999 364.311119594512
6322 299.9999999998516 900.0000000000001 485.7481594592691
6323 299.9999999998503 899.9999999999999 607.1851993240355
6324 299.9999999998486 900 728.6222391894709
6325 299.999999999847 900.0000000000002 850.0592790549179
6326 299.9999999998456 900 971.4963189203654
6327 299.999999999844 900 1092.933358785812
6328 299.9999999998563 949.9999999999995 121.4370398649169
6329 299.9999999998546 949.9999999999999 242.8740797297306
6330 299.9999999998532 950.0000000000002 364.3111195945117
6331 299.9999999998516 949.9999999999994 485.7481594592688
6332 299.9999999998503 949.9999999999997 607.1851993240351
6333 299.9999999998485 949.9999999999995 728.6222391894709
6334 299.999999999847 950 850.0592790549174
6335 299.9999999998454 950 971.4963189203646
6336 299.9999999998438 950.0000000000002 1092.933358785812
6337 349.9999999998961 850 128.5777798985985
6338 349.999999999878 849.9999999999999 257.1555597970901
6339 349.9999999998599 849.9999999999999 385.7333396955472
6340 349.9999999998416 850 514.3111195939803
6341 349.9999999998233 849.9999999999999 642.8888994924243
6342 349.9999999998051 849.9999999999999 771.4666793915695
6343 349.9999999997871 850 900.0444592907309
6344 349.9999999997688 849.9999999999999 1028.622239189893
6345 349.9999999997508 849.9999999999999 1157.200019089056
6346 349.9999999998959 899.9999999999994 128.5777798985985
6347 349.999999999878 900.0000000000002 257.1555597970898
6348 349.9999999998596 899.9999999999995 385.7333396955469
6349 349.9999999998414 900 514.3111195939803
6350 349.9999999998233 899.9999999999995 642.8888994924241
6351 349.9999999998052 899.9999999999994 771.4666793915694
6352 349.9999999997871 900.0000000000001 900.0444592907309
6353 349.9999999997686 900 1028.622239189893
6354 349.9999999997506 900 1157.200019089054
6355 349.9999999998961 949.9999999999995 128.5777798985985
6356 349.999999999878 949.9999999999994 257.1555597970899
6357 349.9999999998597 949.9999999999997 385.7333396955469
6358 349.9999999998415 950 514.3111195939803
6359 349.9999999998233 949.9999999999998 642.8888994924241
6360 349.9999999998051 950 771.466679391569
6361 349.9999999997871 949.9999999999995 900.0444592907309
6362 349.9999999997689 949.9999999999998 1028.622239189893
6363 349.9999999997508 950.0000000000001 1157.200019089054
6364 399.9999999999385 849.9999999999997 135.7185199322843
6365 399.9999999999064 849.9999999999997 271.4370398644572
6366 399.9999999998745 849.9999999999994 407.1555597965939
6367 399.9999999998427 850 542.8740797287078
6368 399.9999999998103 849.9999999999999 678.5925996608331
6369 399.9999999997783 850 814.3111195936917
6370 399.9999999997465 850.0000000000001 950.0296395265722
6371 399.9999999997144 850 1085.748159459453
6372 399.9999999996822 849.9999999999999 1221.466679392333
6373 399.9999999999385 899.9999999999998 135.7185199322843
6374 399.9999999999065 899.9999999999997 271.4370398644572
6375 399.9999999998745 899.9999999999998 407.1555597965941
6376 399.9999999998426 899.9999999999999 542.874079728708
6377 399.9999999998105 899.9999999999993 678.5925996608332
6378 399.9999999997784 899.9999999999995 814.3111195936917
6379 399.9999999997464 899.9999999999991 950.0296395265723
6380 399.9999999997142 899.9999999999998 1085.748159459453
6381 399.9999999996822 900 1221.466679392334
6382 399.9999999999384 949.9999999999999 135.7185199322843
6383 399.9999999999068 950.0000000000005 271.4370398644572
6384 399.9999999998748 950 407.1555597965941
6385 399.9999999998428 949.9999999999998 542.874079728708
6386 399.9999999998108 950.0000000000001 678.5925996608335
6387 399.9999999997788 949.9999999999999 814.3111195936917
6388 399.9999999997469 950 950.0296395265723
6389 399.9999999997147 950 1085.748159459453
6390 399.9999999996827 950 1221.466679392334
6391 449.9999999999846 849.9999999999997 142.8592599659749
6392 449.9999999999423 849.9999999999999 285.7185199318346
6393 449.9999999998998 849.9999999999995 428.5777798976561
6394 449.9999999998572 850 571.4370398634552
6395 449.9999999998149 849.9999999999995 714.2962998292669
6396 449.9999999997726 849.9999999999993 857.1555597958434
6397 449.9999999997302 850.0000000000001 1000.014819762448
6398 449.9999999996876 850.0000000000001 1142.874079729052
6399 449.9999999996452 850 1285.733339695658
6400 449.9999999999845 899.9999999999999 142.8592599659749
6401 449.9999999999424 899.9999999999998 285.7185199318345
6402 449.9999999998996 899.9999999999999 428.5777798976558
6403 449.9999999998576 899.9999999999995 571.4370398634547
6404 449.9999999998146 900 714.2962998292671
6405 449.9999999997724 900 857.1555597958429
6406 449.9999999997302 900.0000000000001 1000.014819762448
6407 449.9999999996874 900 1142.874079729052
6408 449.9999999996451 899.9999999999999 1285.733339695657
6409 449.9999999999846 949.9999999999994 142.8592599659749
6410 449.9999999999423 949.9999999999995 285.7185199318344
6411 449.9999999998998 950 428.5777798976557
6412 449.9999999998572 949.9999999999997 571.4370398634547
6413 449.9999999998149 949.9999999999997 714.2962998292664
6414 449.9999999997724 949.9999999999995 857.1555597958429
6415 449.9999999997302 949.9999999999995 1000.014819762448
6416 449.9999999996875 950 1142.874079729052
6417 449.9999999996452 950.0000000000002 1285.733339695658
6418 499.9999999996446 850.0000000000001 149.9999999996423
6419 499.9999999996165 849.9999999999998 299.9999999991654
6420 499.9999999995885 849.9999999999993 449.9999999986482
6421 499.9999999995604 850.0000000000001 599.999999998109
6422 499.9999999995325 850 749.9999999975842
6423 499.9999999995043 850.0000000000001 899.999999997856
6424 499.9999999994764 850 1049.999999998161
6425 499.9999999994483 850 1199.999999998466
6426 499.9999999994203 850 1349.999999998771
6427 499.9999999996447 900 149.9999999996422
6428 499.9999999996165 899.9999999999999 299.9999999991652
6429 499.9999999995889 899.9999999999999 449.9999999986479
6430 499.9999999995603 899.9999999999998 599.9999999981086
6431 499.9999999995324 899.9999999999995 749.9999999975838
6432 499.9999999995044 900 899.9999999978554
6433 499.9999999994764 900 1049.999999998161
6434 499.9999999994483 899.9999999999999 1199.999999998465
6435 499.9999999994202 899.9999999999999 1349.999999998771
6436 499.9999999996448 949.9999999999993 149.9999999996422
6437 499.9999999996165 949.9999999999992 299.9999999991652
6438 499.9999999995887 950 449.999999998648
6439 499.9999999995604 949.9999999999998 599.9999999981086
6440 499.9999999995323 949.9999999999995 749.9999999975843
6441 499.9999999995047 950 899.9999999978559
6442 499.9999999994762 949.9999999999999 1049.999999998161
6443 499.9999999994487 950 1199.999999998465
6444 499.9999999994207 950 1349.999999998771
6445 549.99999999969 850 157.1407400333462
6446 549.9999999996621 850 314.281480066569
6447 549.9999999996343 849.9999999999998 471.4222200997498
6448 549.999999999606 850 628.5629601329096
6449 549.9999999995784 850 785.7037001660847
6450 549.99999999955 850.0000000000001 942.8444402000879
6451 549.9999999995225 850 1099.98518023413
6452 549.9999999994941 850.0000000000001 1257.125920268172
6453 549.9999999994662 850.0000000000001 1414.266660302215
6454 549.99999999969 900.0000000000001 157.1407400333462
6455 549.9999999996621 899.9999999999998 314.2814800665692
6456 549.999999999634 900 471.4222200997498
6457 549.9999999996062 899.9999999999995 628.5629601329096
6458 549.999999999578 899.9999999999995 785.7037001660847
6459 549.9999999995501 900 942.8444402000875
6460 549.9999999995221 900 1099.985180234129
6461 549.9999999994939 900 1257.125920268172
6462 549.9999999994662 900 1414.266660302214
6463 549.9999999996899 949.9999999999994 157.1407400333462
6464 549.9999999996624 950 314.2814800665691
6465 549.9999999996343 950.0000000000001 471.4222200997498
6466 549.9999999996065 949.9999999999995 628.5629601329096
6467 549.9999999995781 949.9999999999995 785.7037001660847
6468 549.9999999995503 949.9999999999997 942.844440200088
6469 549.9999999995223 950.0000000000001 1099.98518023413
6470 549.9999999994941 950 1257.125920268172
6471 549.9999999994667 950 1414.266660302214
6472 599.9999999997477 850 164.2814800670537
6473 599.9999999997216 849.9999999999998 328.56296013398
6474 599.9999999996949 849.9999999999998 492.8444402008624
6475 599.9999999996688 850 657.1259202677243
6476 599.9999999996417 849.9999999999999 821.4074003346032
6477 599.9999999996152 850.0000000000001 985.6888804023413
6478 599.9999999995889 850 1149.970360470124
6479 599.9999999995623 850 1314.251840537906
6480 599.9999999995362 850 1478.533320605691
6481 599.9999999997481 899.9999999999999 164.2814800670537
6482 599.9999999997216 900.0000000000001 328.5629601339802
6483 599.999999999695 899.9999999999999 492.8444402008622
6484 599.999999999668 900.0000000000001 657.125920267724
6485 599.9999999996418 899.9999999999994 821.4074003346032
6486 599.9999999996149 899.9999999999999 985.6888804023412
6487 599.9999999995885 899.9999999999999 1149.970360470124
6488 599.9999999995623 900.0000000000001 1314.251840537907
6489 599.9999999995352 899.9999999999999 1478.533320605691
6490 599.9999999997478 949.9999999999995 164.2814800670537
6491 599.9999999997216 949.9999999999995 328.5629601339801
6492 599.9999999996949 950.0000000000001 492.8444402008622
6493 599.9999999996684 949.9999999999995 657.125920267724
6494 599.9999999996417 949.9999999999998 821.4074003346032
6495 599.9999999996153 949.9999999999994 985.6888804023413
6496 599.9999999995888 950 1149.970360470124
6497 599.9999999995626 950.0000000000001 1314.251840537907
6498 599.9999999995357 950.0000000000001 1478.533320605691
6499 649.999999999812 850 171.4222201007701
6500 649.9999999997926 850 342.8444402014089
6501 649.9999999997743 849.9999999999998 514.2666603020017
6502 649.9999999997551 850 685.6888804025743
6503 649.9999999997359 849.9999999999999 857.1111005031655
6504 649.9999999997175 850 1028.533320604648
6505 649.9999999996983 850 1199.95554070618
6506 649.9999999996795 850 1371.377760807713
6507 649.9999999996608 850 1542.799980909246
6508 649.999999999812 900.0000000000001 171.4222201007701
6509 649.9999999997925 899.9999999999995 342.844440201409
6510 649.9999999997744 899.9999999999999 514.2666603020017
6511 649.9999999997553 899.9999999999999 685.6888804025743
6512 649.9999999997364 899.9999999999997 857.1111005031651
6513 649.9999999997173 900 1028.533320604648
6514 649.9999999996985 900 1199.95554070618
6515 649.9999999996797 899.9999999999999 1371.377760807713
6516 649.9999999996606 900 1542.799980909246
6517 649.999999999812 949.9999999999995 171.4222201007701
6518 649.9999999997929 949.9999999999999 342.8444402014092
6519 649.9999999997747 950 514.2666603020017
6520 649.9999999997556 949.9999999999995 685.6888804025746
6521 649.9999999997365 949.9999999999995 857.1111005031657
6522 649.9999999997179 949.9999999999994 1028.533320604648
6523 649.999999999699 950 1199.95554070618
6524 649.9999999996803 950 1371.377760807713
6525 649.9999999996611 950 1542.799980909246
6526 699.9999999998755 850 178.5629601344856
6527 699.9999999998638 849.9999999999999 357.1259202688358
6528 699.999999999852 850 535.688880403138
6529 699.9999999998394 850.0000000000001 714.2518405374208
6530 699.9999999998279 849.9999999999999 892.8148006717237
6531 699.9999999998157 850 1071.377760806949
6532 699.999999999804 849.9999999999999 1249.94072094223
6533 699.9999999997918 850 1428.50368107751
6534 699.99999999978 850.0000000000001 1607.066641212792
6535 699.9999999998753 900.0000000000001 178.5629601344856
6536 699.9999999998638 899.9999999999995 357.1259202688359
6537 699.9999999998515 900 535.6888804031378
6538 699.9999999998391 899.9999999999993 714.2518405374207
6539 699.9999999998277 899.9999999999999 892.8148006717237
6540 699.9999999998158 900 1071.377760806949
6541 699.999999999804 899.9999999999999 1249.940720942231
6542 699.9999999997923 899.9999999999999 1428.503681077511
6543 699.9999999997801 899.9999999999999 1607.066641212791
6544 699.9999999998755 949.9999999999993 178.5629601344856
6545 699.9999999998638 949.9999999999998 357.125920268836
6546 699.999999999852 949.9999999999998 535.688880403138
6547 699.9999999998396 949.9999999999999 714.2518405374207
6548 699.9999999998281 949.9999999999995 892.8148006717237
6549 699.9999999998162 950 1071.37776080695
6550 699.9999999998043 949.9999999999999 1249.94072094223
6551 699.9999999997927 950 1428.503681077511
6552 699.9999999997806 950.0000000000001 1607.066641212793
6553 749.9999999999421 850.0000000000002 185.703700168206
6554 749.9999999999409 849.9999999999999 371.4074003362726
6555 749.9999999999396 849.9999999999999 557.1111005042891
6556 749.9999999999378 850 742.8148006722871
6557 749.9999999999363 849.9999999999997 928.5185008403058
6558 749.9999999999347 849.9999999999999 1114.222201009279
6559 749.9999999999337 849.9999999999999 1299.925901178314
6560 749.9999999999322 850 1485.629601347348
6561 749.999999999931 850 1671.333301516384
6562 749.999999999942 899.9999999999995 185.7037001682059
6563 749.9999999999409 899.9999999999997 371.4074003362726
6564 749.9999999999399 899.9999999999995 557.1111005042893
6565 749.9999999999379 900.0000000000001 742.8148006722871
6566 749.9999999999361 899.9999999999994 928.5185008403058
6567 749.999999999935 899.9999999999997 1114.222201009279
6568 749.9999999999336 899.9999999999999 1299.925901178314
6569 749.9999999999324 900.0000000000001 1485.629601347348
6570 749.999999999931 900.0000000000001 1671.333301516384
6571 749.999999999942 949.9999999999997 185.703700168206
6572 749.9999999999409 949.9999999999999 371.4074003362727
6573 749.9999999999397 950 557.1111005042893
6574 749.9999999999379 950 742.8148006722871
6575 749.9999999999366 949.9999999999995 928.5185008403058
6576 749.9999999999354 949.9999999999999 1114.222201009279
6577 749.9999999999341 950 1299.925901178314
6578 749.9999999999328 950 1485.629601347348
6579 749.9999999999314 950.0000000000001 1671.333301516384
6580 849.999999999993 850.0000000000003 199.9851802355798
6581 849.9999999999854 850 399.9703604710448
6582 849.9999999999781 849.9999999999999 599.9555407064493
6583 849.9999999999711 850 799.9407209418465
6584 849.9999999999637 850.0000000000001 999.9259011772747
6585 849.9999999999565 850 1199.911081413696
6586 849.9999999999488 850 1399.896261650196
6587 849.999999999942 850 1599.881441886676
6588 849.9999999999347 850 1799.866622123175
6589 849.9999999999932 900.0000000000003 199.9851802355799
6590 849.9999999999853 899.9999999999994 399.9703604710447
6591 849.9999999999782 900 599.9555407064495
6592 849.9999999999709 900 799.940720941847
6593 849.9999999999636 899.9999999999998 999.9259011772747
6594 849.9999999999566 900.0000000000001 1199.911081413696
6595 849.9999999999492 900.0000000000002 1399.896261650196
6596 849.9999999999425 900 1599.881441886677
6597 849.9999999999347 900 1799.866622123176
6598 849.9999999999931 950 199.9851802355799
6599 849.9999999999856 950 399.9703604710448
6600 849.9999999999782 950.0000000000001 599.9555407064495
6601 849.9999999999711 950 799.9407209418466
6602 849.9999999999637 950 999.9259011772747
6603 849.9999999999566 949.9999999999999 1199.911081413696
6604 849.9999999999493 949.9999999999999 1399.896261650196
6605 849.9999999999424 950 1599.881441886676
6606 849.9999999999352 950 1799.866622123176
6607 899.9999999999729 850.0000000000005 207.1259202692285
6608 899.9999999999458 849.9999999999998 414.2518405383701
6609 899.9999999999186 850 621.3777608074433
6610 899.9999999998917 850 828.5036810765193
6611 899.9999999998645 850 1035.629601345635
6612 899.9999999998373 850.0000000000001 1242.755521615751
6613 899.9999999998095 850 1449.881441885957
6614 899.9999999997832 850.0000000000001 1657.007362156124
6615 899.9999999997558 850.0000000000001 1864.133282426331
6616 899.9999999999729 900.0000000000005 207.1259202692284
6617 899.9999999999461 899.9999999999997 414.2518405383699
6618 899.9999999999187 900.0000000000001 621.3777608074438
6619 899.9999999998918 900.0000000000002 828.5036810765193
6620 899.9999999998645 899.9999999999998 1035.629601345635
6621 899.9999999998372 900.0000000000001 1242.755521615751
6622 899.9999999998097 900 1449.881441885957
6623 899.9999999997831 900 1657.007362156124
6624 899.9999999997558 900 1864.133282426331
6625 899.9999999999729 949.9999999999999 207.1259202692284
6626 899.9999999999459 950 414.2518405383699
6627 899.9999999999185 950 621.3777608074438
6628 899.9999999998918 950 828.5036810765193
6629 899.9999999998646 950 1035.629601345635
6630 899.9999999998372 950.0000000000003 1242.755521615751
6631 899.99999999981 950 1449.881441885957
6632 899.9999999997832 950 1657.007362156126
6633 899.9999999997558 950 1864.133282426331
6634 949.9999999999884 850.0000000000003 214.2666603029276
6635 949.999999999977 849.9999999999999 428.5333206057966
6636 949.9999999999658 850 642.7999809085899
6637 949.9999999999543 850 857.0666412113958
6638 949.9999999999427 850 1071.33330151425
6639 949.9999999999309 850 1285.599961818111
6640 949.9999999999202 849.9999999999999 1499.866622122075
6641 949.9999999999081 850.0000000000001 1714.133282425978
6642 949.999999999897 850 1928.399942729943
6643 949.9999999999886 900.0000000000003 214.2666603029276
6644 949.9999999999769 899.9999999999998 428.5333206057965
6645 949.9999999999658 900 642.7999809085898
6646 949.9999999999541 900 857.0666412113952
6647 949.9999999999427 899.9999999999998 1071.33330151425
6648 949.9999999999311 900.0000000000001 1285.59996181811
6649 949.9999999999195 900 1499.866622122075
6650 949.9999999999083 900.0000000000001 1714.133282425979
6651 949.9999999998965 900.0000000000001 1928.399942729942
6652 949.9999999999885 950 214.2666603029275
6653 949.999999999977 949.9999999999999 428.5333206057966
6654 949.9999999999657 950 642.79998090859
6655 949.9999999999541 950.0000000000002 857.0666412113958
6656 949.9999999999427 950 1071.33330151425
6657 949.9999999999316 949.9999999999999 1285.599961818111
6658 949.9999999999204 950 1499.866622122075
6659 949.9999999999084 949.9999999999999 1714.133282425978
6660 949.9999999998969 950 1928.399942729944
6661 49.9999999998317 49.99999999977622 1071.600057268742
6662 49.99999999982555 49.99999999977622 1285.866717571488
6663 49.99999999981939 49.99999999977626 1500.13337787415
6664 49.99999999981322 49.99999999977625 1714.400038177069
6665 49.99999999980706 49.99999999977623 1928.666698480194
6666 49.99999999980088 49.99999999977622 2142.933358784451
6667 49.99999999979475 49.99999999977623 2357.200019088484
6668 49.99999999978857 49.99999999977623 2571.466679392041
6669 49.99999999978245 49.99999999977622 2785.733339695881
6670 49.99999999983163 99.99999999964729 1071.600057268744
6671 49.99999999982546 99.99999999964733 1285.866717571488
6672 49.99999999981931 99.99999999964727 1500.13337787415
6673 49.99999999981317 99.99999999964727 1714.400038177068
6674 49.99999999980701 99.99999999964729 1928.666698480194
6675 49.99999999980085 99.99999999964729 2142.933358784451
6676 49.99999999979472 99.99999999964732 2357.200019088484
6677 49.99999999978857 99.99999999964729 2571.46667939204
6678 49.99999999978239 99.99999999964727 2785.733339695881
6679 49.99999999983173 149.9999999997264 1071.600057268743
6680 49.99999999982556 149.9999999997264 1285.866717571488
6681 49.99999999981939 149.9999999997264 1500.13337787415
6682 49.99999999981321 149.9999999997264 1714.400038177068
6683 49.99999999980706 149.9999999997264 1928.666698480195
6684 49.99999999980088 149.9999999997265 2142.933358784451
6685 49.99999999979475 149.9999999997264 2357.200019088484
6686 49.99999999978858 149.9999999997265 2571.466679392041
6687 49.99999999978242 149.9999999997265 2785.733339695882
6688 99.99999999976673 49.99999999977624 1135.866717572083
6689 99.99999999975341 49.99999999977624 1342.992637841139
6690 99.99999999974008 49.99999999977626 1550.118558110094
6691 99.99999999972691 49.99999999977627 1757.244478379145
6692 99.99999999971368 49.99999999977624 1964.370398648589
6693 99.99999999970035 49.99999999977624 2171.496318919535
6694 99.99999999968705 49.99999999977624 2378.622239189942
6695 99.99999999967379 49.99999999977624 2585.7481594594
6696 99.99999999966057 49.99999999977624 2792.874079729265
6697 99.99999999976663 99.99999999964729 1135.866717572082
6698 99.99999999975336 99.99999999964727 1342.99263784114
6699 99.99999999974007 99.99999999964727 1550.118558110094
6700 99.99999999972681 99.99999999964729 1757.244478379146
6701 99.99999999971359 99.9999999996473 1964.370398648589
6702 99.99999999970031 99.99999999964729 2171.496318919534
6703 99.99999999968705 99.99999999964729 2378.622239189943
6704 99.99999999967378 99.99999999964729 2585.748159459399
6705 99.99999999966057 99.99999999964729 2792.874079729263
6706 99.99999999976663 149.9999999997264 1135.866717572082
6707 99.99999999975334 149.9999999997264 1342.99263784114
6708 99.99999999974003 149.9999999997264 1550.118558110094
6709 99.9999999997268 149.9999999997264 1757.244478379146
6710 99.99999999971357 149.9999999997264 1964.370398648588
6711 99.99999999970029 149.9999999997264 2171.496318919535
6712 99.99999999968705 149.9999999997264 2378.622239189942
6713 99.99999999967375 149.9999999997265 2585.7481594594
6714 99.9999999996605 149.9999999997265 2792.874079729263
6715 149.9999999998215 49.99999999977624 1200.133377875564
6716 149.9999999998109 49.99999999977624 1400.118558110916
6717 149.9999999998004 49.99999999977627 1600.103738346148
6718 149.9999999997898 49.99999999977623 1800.088918581316
6719 149.9999999997792 49.99999999977624 2000.074098817062
6720 149.9999999997687 49.99999999977624 2200.059279054683
6721 149.9999999997581 49.99999999977624 2400.044459291451
6722 149.9999999997476 49.99999999977624 2600.029639526788
6723 149.999999999737 49.99999999977624 2800.014819762662
6724 149.9999999998213 99.9999999996473 1200.133377875564
6725 149.9999999998107 99.99999999964729 1400.118558110917
6726 149.9999999998003 99.99999999964723 1600.103738346148
6727 149.9999999997897 99.99999999964727 1800.088918581316
6728 149.9999999997792 99.99999999964727 2000.074098817061
6729 149.9999999997687 99.99999999964729 2200.059279054683
6730 149.9999999997581 99.99999999964729 2400.04445929145
6731 149.9999999997476 99.99999999964729 2600.029639526788
6732 149.999999999737 99.99999999964726 2800.014819762661
6733 149.9999999998215 149.9999999997264 1200.133377875564
6734 149.9999999998109 149.9999999997264 1400.118558110916
6735 149.9999999998004 149.9999999997264 1600.103738346148
6736 149.9999999997898 149.9999999997264 1800.088918581316
6737 149.9999999997792 149.9999999997264 2000.074098817061
6738 149.9999999997686 149.9999999997264 2200.059279054683
6739 149.9999999997581 149.9999999997264 2400.04445929145
6740 149.9999999997477 149.9999999997265 2600.029639526788
6741 149.999999999737 149.9999999997265 2800.014819762661
6742 249.9999999998567 49.99999999977627 1328.666698482439
6743 249.9999999998526 49.99999999977627 1514.370398650402
6744 249.9999999998485 49.99999999977624 1700.074098818224
6745 249.9999999998445 49.99999999977624 1885.777798985888
6746 249.9999999998402 49.99999999977624 2071.481499154247
6747 249.9999999998362 49.99999999977624 2257.185199324646
6748 249.9999999998321 49.99999999977624 2442.888899493968
6749 249.999999999828 49.99999999977624 2628.592599661644
6750 249.9999999998239 49.99999999977623 2814.296299829926
6751 249.9999999998568 99.99999999964727 1328.666698482439
6752 249.9999999998527 99.99999999964729 1514.370398650403
6753 249.9999999998487 99.99999999964727 1700.074098818224
6754 249.9999999998446 99.99999999964734 1885.777798985889
6755 249.9999999998404 99.99999999964729 2071.481499154246
6756 249.9999999998362 99.99999999964729 2257.185199324647
6757 249.9999999998322 99.99999999964727 2442.888899493968
6758 249.9999999998279 99.99999999964727 2628.592599661644
6759 249.9999999998237 99.99999999964727 2814.296299829925
6760 249.9999999998569 149.9999999997267 1328.666698482439
6761 249.9999999998527 149.9999999997265 1514.370398650402
6762 249.9999999998487 149.9999999997264 1700.074098818224
6763 249.9999999998446 149.9999999997264 1885.777798985888
6764 249.9999999998403 149.9999999997266 2071.481499154246
6765 249.9999999998362 149.9999999997264 2257.185199324646
6766 249.9999999998321 149.9999999997264 2442.888899493968
6767 249.9999999998278 149.9999999997266 2628.592599661646
6768 249.9999999998236 149.9999999997265 2814.296299829924
6769 299.9999999998438 49.99999999977626 1392.93335878584
6770 299.9999999998455 49.99999999977626 1571.496318920116
6771 299.999999999847 49.99999999977624 1750.05927905425
6772 299.9999999998486 49.99999999977624 1928.622239188296
6773 299.9999999998499 49.99999999977624 2107.18519932296
6774 299.9999999998516 49.99999999977624 2285.748159459466
6775 299.9999999998532 49.99999999977624 2464.311119594984
6776 299.9999999998546 49.99999999977624 2642.874079729115
6777 299.9999999998562 49.99999999977624 2821.437039863795
6778 299.999999999844 99.99999999964729 1392.93335878584
6779 299.9999999998456 99.99999999964729 1571.496318920116
6780 299.999999999847 99.99999999964729 1750.059279054251
6781 299.9999999998486 99.99999999964734 1928.622239188296
6782 299.9999999998503 99.99999999964732 2107.18519932296
6783 299.9999999998518 99.99999999964729 2285.748159459465
6784 299.9999999998532 99.99999999964726 2464.311119594983
6785 299.9999999998548 99.99999999964727 2642.874079729113
6786 299.9999999998565 99.99999999964729 2821.437039863797
6787 299.999999999844 149.9999999997265 1392.933358785839
6788 299.9999999998457 149.9999999997266 1571.496318920116
6789 299.9999999998471 149.9999999997264 1750.059279054251
6790 299.9999999998486 149.9999999997264 1928.622239188296
6791 299.9999999998502 149.9999999997265 2107.18519932296
6792 299.9999999998519 149.9999999997264 2285.748159459466
6793 299.9999999998532 149.9999999997264 2464.311119594983
6794 299.9999999998548 149.9999999997266 2642.874079729113
6795 299.9999999998564 149.9999999997265 2821.437039863797
6796 349.9999999997502 49.99999999977626 1457.200019089121
6797 349.9999999997685 49.99999999977626 1628.622239189724
6798 349.9999999997868 49.99999999977624 1800.044459290186
6799 349.999999999805 49.99999999977624 1971.466679390623
6800 349.9999999998234 49.99999999977624 2142.888899491608
6801 349.9999999998415 49.99999999977626 2314.311119594231
6802 349.9999999998597 49.99999999977624 2485.73333969596
6803 349.9999999998778 49.99999999977624 2657.155559796555
6804 349.9999999998959 49.99999999977622 2828.57777989765
6805 349.9999999997503 99.99999999964726 1457.200019089121
6806 349.9999999997686 99.99999999964726 1628.622239189724
6807 349.9999999997868 99.99999999964729 1800.044459290186
6808 349.999999999805 99.99999999964726 1971.466679390623
6809 349.9999999998233 99.99999999964729 2142.888899491606
6810 349.9999999998415 99.99999999964726 2314.311119594231
6811 349.9999999998595 99.99999999964727 2485.73333969596
6812 349.9999999998778 99.99999999964729 2657.155559796554
6813 349.9999999998959 99.99999999964726 2828.577779897651
6814 349.9999999997504 149.9999999997265 1457.200019089121
6815 349.9999999997686 149.9999999997265 1628.622239189725
6816 349.9999999997867 149.9999999997264 1800.044459290186
6817 349.9999999998052 149.9999999997264 1971.466679390623
6818 349.9999999998233 149.9999999997265 2142.888899491606
6819 349.9999999998414 149.9999999997264 2314.311119594231
6820 349.9999999998596 149.9999999997264 2485.73333969596
6821 349.9999999998777 149.9999999997265 2657.155559796554
6822 349.9999999998959 149.9999999997265 2828.57777989765
6823 399.9999999996817 49.99999999977624 1521.466679392439
6824 399.9999999997138 49.99999999977624 1685.748159459366
6825 399.9999999997463 49.99999999977624 1850.029639526149
6826 399.9999999997783 49.99999999977624 2014.311119592976
6827 399.9999999998101 49.99999999977624 2178.592599660275
6828 399.9999999998423 49.99999999977624 2342.874079729014
6829 399.9999999998742 49.99999999977624 2507.155559796948
6830 399.9999999999064 49.99999999977624 2671.437039864002
6831 399.9999999999384 49.99999999977622 2835.71851993151
6832 399.9999999996822 99.99999999964723 1521.466679392439
6833 399.999999999714 99.99999999964722 1685.748159459366
6834 399.9999999997466 99.99999999964723 1850.029639526149
6835 399.9999999997784 99.99999999964723 2014.311119592975
6836 399.9999999998103 99.9999999996473 2178.592599660275
6837 399.9999999998424 99.99999999964729 2342.874079729014
6838 399.9999999998745 99.99999999964729 2507.155559796948
6839 399.9999999999065 99.99999999964729 2671.437039864002
6840 399.9999999999384 99.99999999964727 2835.718519931509
6841 399.9999999996821 149.9999999997266 1521.466679392439
6842 399.999999999714 149.9999999997265 1685.748159459367
6843 399.9999999997463 149.9999999997264 1850.029639526148
6844 399.9999999997783 149.9999999997264 2014.311119592975
6845 399.9999999998103 149.9999999997265 2178.592599660275
6846 399.9999999998423 149.9999999997265 2342.874079729013
6847 399.9999999998743 149.9999999997264 2507.155559796948
6848 399.9999999999064 149.9999999997265 2671.437039864004
6849 399.9999999999383 149.9999999997264 2835.718519931511
6850 449.9999999996448 49.99999999977624 1585.733339695803
6851 449.9999999996872 49.99999999977623 1742.874079729045
6852 449.9999999997301 49.99999999977624 1900.014819762149
6853 449.9999999997722 49.99999999977624 2057.155559795359
6854 449.9999999998145 49.99999999977624 2214.296299828968
6855 449.9999999998573 49.99999999977624 2371.437039863815
6856 449.9999999998996 49.99999999977624 2528.577779897949
6857 449.9999999999419 49.99999999977624 2685.718519931462
6858 449.9999999999845 49.99999999977624 2842.859259965374
6859 449.9999999996455 99.99999999964729 1585.733339695804
6860 449.9999999996879 99.99999999964727 1742.874079729046
6861 449.9999999997304 99.99999999964729 1900.014819762149
6862 449.9999999997725 99.99999999964729 2057.155559795357
6863 449.9999999998148 99.9999999996473 2214.296299828968
6864 449.9999999998573 99.99999999964729 2371.437039863816
6865 449.9999999999 99.99999999964727 2528.577779897951
6866 449.9999999999423 99.99999999964727 2685.718519931462
6867 449.9999999999845 99.99999999964727 2842.859259965373
6868 449.9999999996456 149.9999999997266 1585.733339695804
6869 449.9999999996878 149.9999999997265 1742.874079729046
6870 449.9999999997304 149.9999999997264 1900.014819762148
6871 449.9999999997725 149.9999999997264 2057.155559795357
6872 449.9999999998149 149.9999999997265 2214.296299828968
6873 449.9999999998574 149.9999999997265 2371.437039863815
6874 449.9999999999 149.9999999997265 2528.577779897951
6875 449.9999999999424 149.9999999997266 2685.718519931462
6876 449.9999999999845 149.9999999997264 2842.859259965374
6877 499.9999999994199 49.99999999977626 1649.999999998956
6878 499.9999999994477 49.99999999977623 1799.99999999854
6879 499.9999999994761 49.99999999977623 1949.999999997984
6880 499.9999999995042 49.99999999977624 2099.9999999976
6881 499.9999999995323 49.99999999977624 2249.999999997544
6882 499.9999999995601 49.99999999977624 2399.999999998525
6883 499.9999999995881 49.99999999977624 2549.999999998882
6884 499.9999999996164 49.99999999977624 2699.999999998876
6885 499.9999999996443 49.99999999977622 2849.999999999215
6886 499.9999999994201 99.99999999964729 1649.999999998956
6887 499.9999999994479 99.99999999964727 1799.99999999854
6888 499.9999999994762 99.99999999964729 1949.999999997984
6889 499.9999999995042 99.99999999964729 2099.999999997601
6890 499.9999999995325 99.99999999964732 2249.999999997545
6891 499.9999999995602 99.99999999964727 2399.999999998525
6892 499.9999999995886 99.99999999964729 2549.999999998882
6893 499.9999999996164 99.99999999964727 2699.999999998876
6894 499.9999999996443 99.99999999964727 2849.999999999216
6895 499.9999999994205 149.9999999997265 1649.999999998956
6896 499.9999999994483 149.9999999997265 1799.999999998541
6897 499.9999999994766 149.9999999997264 1949.999999997984
6898 499.9999999995045 149.9999999997264 2099.9999999976
6899 499.999999999533 149.9999999997266 2249.999999997545
6900 499.9999999995605 149.9999999997264 2399.999999998524
6901 499.9999999995885 149.9999999997264 2549.999999998881
6902 499.9999999996166 149.9999999997265 2699.999999998877
6903 499.9999999996446 149.9999999997264 2849.999999999216
6904 549.9999999994664 49.99999999977626 1714.26666030244
6905 549.999999999494 49.99999999977624 1857.125920268328
6906 549.9999999995218 49.99999999977624 1999.985180234075
6907 549.9999999995501 49.99999999977624 2142.844440200061
6908 549.9999999995783 49.99999999977625 2285.703700166305
6909 549.999999999606 49.99999999977628 2428.56296013338
6910 549.9999999996342 49.99999999977624 2571.422220099924
6911 549.9999999996624 49.99999999977624 2714.281480066361
6912 549.9999999996899 49.99999999977623 2857.140740033093
6913 549.9999999994664 99.99999999964729 1714.26666030244
6914 549.9999999994944 99.99999999964729 1857.125920268329
6915 549.9999999995222 99.99999999964729 1999.985180234076
6916 549.9999999995503 99.99999999964727 2142.844440200061
6917 549.9999999995782 99.9999999996473 2285.703700166306
6918 549.999999999606 99.9999999996473 2428.562960133382
6919 549.999999999634 99.99999999964729 2571.422220099924
6920 549.9999999996622 99.99999999964729 2714.281480066362
6921 549.99999999969 99.99999999964729 2857.140740033093
6922 549.9999999994664 149.9999999997266 1714.26666030244
6923 549.9999999994942 149.9999999997266 1857.125920268329
6924 549.9999999995225 149.9999999997264 1999.985180234075
6925 549.9999999995505 149.9999999997264 2142.844440200061
6926 549.9999999995786 149.9999999997266 2285.703700166303
6927 549.9999999996062 149.9999999997264 2428.562960133381
6928 549.9999999996342 149.9999999997264 2571.422220099924
6929 549.9999999996624 149.9999999997265 2714.281480066362
6930 549.9999999996901 149.9999999997264 2857.140740033094
6931 599.9999999995355 49.99999999977626 1778.533320605954
6932 599.9999999995614 49.99999999977626 1914.251840538143
6933 599.9999999995887 49.99999999977624 2049.970360470193
6934 599.9999999996147 49.99999999977624 2185.688880402547
6935 599.9999999996415 49.99999999977624 2321.407400335081
6936 599.9999999996681 49.99999999977624 2457.125920268247
6937 599.9999999996946 49.99999999977624 2592.844440200978
6938 599.9999999997217 49.99999999977624 2728.562960133855
6939 599.9999999997476 49.99999999977624 2864.281480066975
6940 599.9999999995356 99.99999999964727 1778.533320605954
6941 599.9999999995625 99.99999999964729 1914.251840538144
6942 599.999999999589 99.9999999996473 2049.970360470192
6943 599.9999999996153 99.99999999964729 2185.688880402547
6944 599.999999999642 99.99999999964729 2321.407400335082
6945 599.999999999668 99.99999999964727 2457.125920268247
6946 599.9999999996948 99.99999999964729 2592.844440200977
6947 599.9999999997216 99.99999999964729 2728.562960133855
6948 599.9999999997477 99.99999999964729 2864.281480066976
6949 599.9999999995355 149.9999999997265 1778.533320605954
6950 599.9999999995621 149.9999999997265 1914.251840538144
6951 599.999999999589 149.9999999997264 2049.970360470193
6952 599.9999999996151 149.9999999997264 2185.688880402547
6953 599.999999999642 149.9999999997265 2321.407400335082
6954 599.9999999996679 149.9999999997265 2457.125920268247
6955 599.9999999996945 149.9999999997264 2592.844440200977
6956 599.9999999997215 149.9999999997264 2728.562960133854
6957 599.9999999997476 149.9999999997264 2864.281480066974
6958 649.9999999996606 49.99999999977626 1842.79998090955
6959 649.99999999968 49.99999999977626 1971.377760808031
6960 649.9999999996988 49.99999999977627 2099.955540706371
6961 649.999999999717 49.99999999977626 2228.533320605084
6962 649.9999999997365 49.99999999977624 2357.111100503904
6963 649.9999999997553 49.99999999977626 2485.688880403154
6964 649.9999999997748 49.99999999977624 2614.266660302058
6965 649.999999999793 49.99999999977624 2742.844440201368
6966 649.9999999998121 49.99999999977624 2871.422220100865
6967 649.9999999996611 99.9999999996473 1842.79998090955
6968 649.9999999996797 99.99999999964727 1971.377760808031
6969 649.9999999996988 99.9999999996473 2099.955540706371
6970 649.9999999997175 99.99999999964729 2228.533320605082
6971 649.9999999997365 99.9999999996473 2357.111100503905
6972 649.9999999997553 99.99999999964729 2485.688880403153
6973 649.9999999997742 99.99999999964729 2614.266660302058
6974 649.9999999997933 99.99999999964729 2742.844440201368
6975 649.9999999998124 99.99999999964729 2871.422220100865
6976 649.9999999996608 149.9999999997265 1842.79998090955
6977 649.9999999996793 149.9999999997265 1971.377760808032
6978 649.9999999996987 149.9999999997264 2099.955540706369
6979 649.9999999997171 149.9999999997264 2228.533320605082
6980 649.9999999997364 149.9999999997266 2357.111100503904
6981 649.9999999997553 149.9999999997265 2485.688880403155
6982 649.9999999997742 149.9999999997264 2614.266660302057
6983 649.9999999997931 149.9999999997265 2742.844440201366
6984 649.9999999998123 149.9999999997264 2871.422220100866
6985 699.9999999997808 49.99999999977626 1907.066641213137
6986 699.9999999997924 49.99999999977624 2028.50368107791
6987 699.9999999998042 49.99999999977624 2149.940720942544
6988 699.9999999998161 49.99999999977624 2271.377760807613
6989 699.9999999998278 49.99999999977625 2392.814800672722
6990 699.9999999998395 49.99999999977624 2514.251840538055
6991 699.9999999998513 49.99999999977624 2635.688880403134
6992 699.999999999863 49.99999999977624 2757.125920268873
6993 699.9999999998753 49.99999999977624 2878.562960134755
6994 699.9999999997801 99.99999999964729 1907.066641213137
6995 699.9999999997925 99.99999999964726 2028.50368107791
6996 699.9999999998039 99.9999999996473 2149.940720942544
6997 699.9999999998161 99.99999999964736 2271.377760807614
6998 699.9999999998279 99.99999999964729 2392.814800672721
6999 699.9999999998395 99.99999999964729 2514.251840538055
7000 699.9999999998518 99.99999999964729 2635.688880403135
7001 699.9999999998635 99.99999999964727 2757.125920268874
7002 699.9999999998757 99.9999999996473 2878.562960134755
7003 699.9999999997802 149.9999999997265 1907.066641213137
7004 699.999999999792 149.9999999997265 2028.503681077909
7005 699.9999999998037 149.9999999997265 2149.940720942543
7006 699.9999999998158 149.9999999997264 2271.377760807613
7007 699.9999999998278 149.9999999997266 2392.814800672721
7008 699.9999999998394 149.9999999997264 2514.251840538054
7009 699.9999999998512 149.9999999997264 2635.688880403134
7010 699.9999999998632 149.9999999997265 2757.125920268874
7011 699.9999999998754 149.9999999997264 2878.562960134756
7012 749.9999999999305 49.99999999977626 1971.333301516768
7013 749.9999999999317 49.99999999977624 2085.629601347829
7014 749.9999999999335 49.99999999977624 2199.92590117875
7015 749.9999999999349 49.99999999977624 2314.222201010174
7016 749.9999999999363 49.99999999977624 2428.518500841562
7017 749.9999999999372 49.99999999977624 2542.814800672976
7018 749.9999999999392 49.99999999977623 2657.111100504229
7019 749.9999999999408 49.99999999977624 2771.407400336393
7020 749.9999999999422 49.99999999977623 2885.703700168649
7021 749.999999999931 99.99999999964729 1971.333301516767
7022 749.9999999999326 99.99999999964727 2085.629601347829
7023 749.9999999999337 99.99999999964727 2199.92590117875
7024 749.9999999999351 99.9999999996473 2314.222201010175
7025 749.9999999999362 99.99999999964729 2428.518500841564
7026 749.9999999999378 99.99999999964729 2542.814800672976
7027 749.9999999999393 99.99999999964729 2657.111100504229
7028 749.9999999999407 99.99999999964732 2771.407400336395
7029 749.9999999999421 99.99999999964727 2885.70370016865
7030 749.9999999999309 149.9999999997266 1971.333301516767
7031 749.9999999999326 149.9999999997266 2085.629601347829
7032 749.9999999999334 149.9999999997264 2199.92590117875
7033 749.9999999999353 149.9999999997264 2314.222201010173
7034 749.9999999999367 149.9999999997266 2428.518500841564
7035 749.9999999999374 149.9999999997264 2542.814800672975
7036 749.9999999999396 149.9999999997264 2657.111100504229
7037 749.9999999999407 149.9999999997265 2771.407400336393
7038 749.9999999999422 149.9999999997263 2885.70370016865
7039 849.9999999999345 49.99999999977623 2099.866622123512
7040 849.9999999999426 49.99999999977622 2199.881441887295
7041 849.9999999999495 49.99999999977623 2299.896261650901
7042 849.9999999999566 49.99999999977627 2399.911081415004
7043 849.9999999999638 49.99999999977622 2499.925901178819
7044 849.9999999999714 49.99999999977623 2599.940720942673
7045 849.9999999999784 49.99999999977622 2699.955540706648
7046 849.9999999999859 49.99999999977623 2799.970360471292
7047 849.999999999993 49.99999999977623 2899.98518023617
7048 849.9999999999347 99.99999999964729 2099.866622123513
7049 849.9999999999426 99.99999999964726 2199.881441887295
7050 849.9999999999495 99.99999999964727 2299.896261650901
7051 849.9999999999567 99.99999999964733 2399.911081415005
7052 849.9999999999638 99.9999999996473 2499.925901178819
7053 849.9999999999712 99.99999999964727 2599.940720942672
7054 849.9999999999784 99.99999999964729 2699.955540706647
7055 849.9999999999856 99.99999999964729 2799.970360471292
7056 849.9999999999927 99.99999999964727 2899.985180236173
7057 849.9999999999345 149.9999999997265 2099.866622123513
7058 849.9999999999426 149.9999999997265 2199.881441887294
7059 849.9999999999495 149.9999999997264 2299.896261650901
7060 849.9999999999563 149.9999999997264 2399.911081415005
7061 849.9999999999635 149.9999999997265 2499.925901178817
7062 849.9999999999706 149.9999999997265 2599.940720942672
7063 849.9999999999779 149.9999999997264 2699.955540706645
7064 849.9999999999857 149.9999999997264 2799.970360471292
7065 849.999999999993 149.9999999997264 2899.985180236173
7066 899.9999999997555 49.99999999977624 2164.13328242658
7067 899.9999999997829 49.99999999977624 2257.007362156802
7068 899.9999999998099 49.99999999977624 2349.881441886808
7069 899.9999999998375 49.99999999977624 2442.755521617245
7070 899.9999999998644 49.99999999977626 2535.629601347207
7071 899.9999999998919 49.99999999977624 2628.50368107743
7072 899.9999999999188 49.99999999977626 2721.37776080796
7073 899.9999999999453 49.99999999977624 2814.25184053866
7074 899.9999999999727 49.99999999977624 2907.125920269797
7075 899.9999999997556 99.99999999964729 2164.133282426581
7076 899.9999999997831 99.99999999964729 2257.007362156803
7077 899.9999999998106 99.99999999964727 2349.881441886809
7078 899.9999999998374 99.99999999964734 2442.755521617245
7079 899.9999999998648 99.99999999964729 2535.629601347207
7080 899.9999999998918 99.99999999964729 2628.503681077429
7081 899.9999999999189 99.99999999964729 2721.377760807962
7082 899.9999999999452 99.99999999964729 2814.25184053866
7083 899.9999999999726 99.99999999964729 2907.125920269797
7084 899.9999999997556 149.9999999997266 2164.133282426581
7085 899.999999999783 149.9999999997266 2257.007362156802
7086 899.9999999998101 149.9999999997265 2349.881441886809
7087 899.9999999998372 149.9999999997264 2442.755521617245
7088 899.9999999998647 149.9999999997264 2535.629601347207
7089 899.9999999998917 149.9999999997264 2628.503681077427
7090 899.9999999999186 149.9999999997264 2721.377760807961
7091 899.9999999999452 149.9999999997264 2814.25184053866
7092 899.9999999999725 149.9999999997264 2907.125920269797
7093 949.9999999998964 49.99999999977624 2228.399942730106
7094 949.9999999999083 49.99999999977626 2314.133282426713
7095 949.9999999999196 49.99999999977624 2399.866622123072
7096 949.9999999999311 49.99999999977622 2485.599961819789
7097 949.9999999999424 49.99999999977624 2571.333301515851
7098 949.999999999953 49.99999999977624 2657.066641212386
7099 949.9999999999652 49.99999999977624 2742.799980909424
7100 949.999999999977 49.99999999977624 2828.53332060613
7101 949.9999999999883 49.99999999977623 2914.26666030347
7102 949.9999999998967 99.99999999964732 2228.399942730105
7103 949.9999999999084 99.99999999964729 2314.133282426715
7104 949.99999999992 99.99999999964727 2399.866622123072
7105 949.9999999999316 99.99999999964727 2485.599961819788
7106 949.9999999999425 99.99999999964729 2571.33330151585
7107 949.9999999999538 99.9999999996473 2657.066641212386
7108 949.9999999999654 99.99999999964729 2742.799980909424
7109 949.9999999999767 99.99999999964729 2828.53332060613
7110 949.9999999999884 99.99999999964729 2914.266660303472
7111 949.9999999998969 149.9999999997266 2228.399942730106
7112 949.9999999999085 149.9999999997266 2314.133282426714
7113 949.9999999999201 149.9999999997265 2399.866622123072
7114 949.9999999999313 149.9999999997265 2485.599961819789
7115 949.9999999999427 149.9999999997264 2571.333301515849
7116 949.9999999999537 149.9999999997264 2657.066641212386
7117 949.9999999999654 149.9999999997265 2742.799980909426
7118 949.9999999999773 149.9999999997264 2828.53332060613
7119 949.9999999999884 149.9999999997264 2914.266660303472
7120 49.99999999983182 249.9999999998198 1071.600057268744
7121 49.99999999982565 249.9999999998198 1285.866717571488
7122 49.99999999981945 249.9999999998199 1500.133377874149
7123 49.9999999998133 249.9999999998198 1714.400038177069
7124 49.99999999980715 249.9999999998197 1928.666698480193
7125 49.99999999980094 249.9999999998198 2142.933358784453
7126 49.99999999979477 249.9999999998198 2357.200019088485
7127 49.99999999978857 249.9999999998197 2571.466679392041
7128 49.99999999978242 249.9999999998197 2785.733339695882
7129 49.99999999983171 299.9999999998576 1071.600057268744
7130 49.99999999982555 299.9999999998576 1285.866717571487
7131 49.99999999981939 299.9999999998578 1500.13337787415
7132 49.99999999981323 299.9999999998577 1714.400038177068
7133 49.99999999980707 299.9999999998577 1928.666698480194
7134 49.99999999980089 299.9999999998576 2142.933358784452
7135 49.99999999979475 299.9999999998578 2357.200019088484
7136 49.99999999978857 299.9999999998577 2571.466679392041
7137 49.99999999978242 299.9999999998579 2785.733339695883
7138 49.99999999983151 349.9999999999145 1071.600057268743
7139 49.99999999982538 349.9999999999143 1285.866717571487
7140 49.99999999981922 349.9999999999142 1500.133377874149
7141 49.99999999981307 349.9999999999143 1714.400038177069
7142 49.99999999980696 349.9999999999143 1928.666698480193
7143 49.99999999980079 349.9999999999143 2142.933358784451
7144 49.9999999997947 349.9999999999143 2357.200019088485
7145 49.99999999978854 349.9999999999143 2571.466679392041
7146 49.99999999978239 349.9999999999143 2785.733339695882
7147 49.99999999983152 399.9999999999707 1071.600057268743
7148 49.99999999982539 399.9999999999707 1285.866717571487
7149 49.99999999981923 399.9999999999708 1500.133377874149
7150 49.99999999981311 399.9999999999706 1714.400038177068
7151 49.99999999980695 399.9999999999707 1928.666698480193
7152 49.99999999980079 399.9999999999707 2142.933358784451
7153 49.99999999979467 399.9999999999707 2357.200019088482
7154 49.99999999978855 399.9999999999707 2571.46667939204
7155 49.99999999978239 399.9999999999707 2785.733339695881
7156 49.99999999983183 450.0000000000272 1071.600057268743
7157 49.99999999982565 450.0000000000273 1285.866717571488
7158 49.99999999981944 450.0000000000269 1500.13337787415
7159 49.9999999998133 450.0000000000271 1714.400038177069
7160 49.99999999980712 450.0000000000271 1928.666698480194
7161 49.99999999980093 450.0000000000271 2142.933358784452
7162 49.99999999979474 450.0000000000273 2357.200019088483
7163 49.99999999978861 450.000000000027 2571.466679392041
7164 49.99999999978245 450.0000000000271 2785.733339695881
7165 49.99999999983162 499.9999999996728 1071.600057268743
7166 49.99999999982547 499.9999999996728 1285.866717571488
7167 49.99999999981931 499.9999999996729 1500.13337787415
7168 49.99999999981317 499.9999999996728 1714.400038177068
7169 49.99999999980701 499.9999999996727 1928.666698480194
7170 49.99999999980085 499.9999999996728 2142.933358784451
7171 49.99999999979471 499.9999999996726 2357.200019088484
7172 49.99999999978857 499.9999999996726 2571.466679392041
7173 49.99999999978239 499.9999999996726 2785.733339695881
7174 49.99999999983138 549.9999999997177 1071.600057268743
7175 49.9999999998253 549.9999999997178 1285.866717571487
7176 49.99999999981913 549.9999999997179 1500.13337787415
7177 49.99999999981304 549.9999999997178 1714.400038177068
7178 49.99999999980693 549.9999999997181 1928.666698480193
7179 49.99999999980074 549.9999999997178 2142.933358784451
7180 49.99999999979464 549.9999999997181 2357.200019088484
7181 49.99999999978851 549.9999999997181 2571.466679392041
7182 49.99999999978239 549.9999999997181 2785.733339695883
7183 49.99999999983171 599.9999999997747 1071.600057268744
7184 49.99999999982555 599.9999999997747 1285.866717571488
7185 49.99999999981938 599.9999999997743 1500.13337787415
7186 49.99999999981322 599.9999999997744 1714.400038177068
7187 49.99999999980705 599.9999999997747 1928.666698480194
7188 49.99999999980086 599.9999999997744 2142.933358784451
7189 49.99999999979474 599.9999999997747 2357.200019088483
7190 49.99999999978856 599.9999999997744 2571.466679392041
7191 49.99999999978238 599.9999999997744 2785.733339695882
7192 49.9999999998317 649.9999999998309 1071.600057268743
7193 49.99999999982554 649.9999999998307 1285.866717571488
7194 49.99999999981938 649.9999999998306 1500.13337787415
7195 49.99999999981321 649.9999999998308 1714.400038177068
7196 49.99999999980705 649.9999999998307 1928.666698480193
7197 49.99999999980086 649.9999999998306 2142.933358784452
7198 49.99999999979474 649.9999999998308 2357.200019088483
7199 49.99999999978856 649.9999999998308 2571.466679392041
7200 49.9999999997824 649.9999999998307 2785.733339695882
7201 49.99999999983162 699.9999999998872 1071.600057268744
7202 49.99999999982548 699.9999999998871 1285.866717571488
7203 49.9999999998193 699.9999999998869 1500.13337787415
7204 49.99999999981316 699.999999999887 1714.400038177069
7205 49.99999999980701 699.999999999887 1928.666698480193
7206 49.99999999980085 699.999999999887 2142.933358784451
7207 49.99999999979472 699.9999999998871 2357.200019088484
7208 49.99999999978854 699.9999999998871 2571.466679392041
7209 49.99999999978238 699.999999999887 2785.733339695883
7210 49.99999999983161 749.9999999999429 1071.600057268743
7211 49.99999999982547 749.9999999999441 1285.866717571488
7212 49.99999999981931 749.9999999999434 1500.13337787415
7213 49.99999999981316 749.9999999999436 1714.400038177068
7214 49.999999999807 749.9999999999436 1928.666698480194
7215 49.99999999980085 749.9999999999436 2142.933358784451
7216 49.99999999979472 749.9999999999441 2357.200019088483
7217 49.99999999978857 749.9999999999436 2571.466679392042
7218 49.99999999978239 749.9999999999436 2785.733339695882
7219 99.99999999976679 249.9999999998198 1135.866717572083
7220 99.99999999975344 249.9999999998198 1342.99263784114
7221 99.99999999974021 249.9999999998197 1550.118558110094
7222 99.999999999727 249.9999999998198 1757.244478379145
7223 99.99999999971369 249.9999999998198 1964.370398648589
7224 99.99999999970036 249.9999999998197 2171.496318919535
7225 99.99999999968712 249.9999999998198 2378.622239189942
7226 99.99999999967386 249.9999999998197 2585.748159459399
7227 99.99999999966056 249.9999999998197 2792.874079729264
7228 99.99999999976669 299.9999999998577 1135.866717572083
7229 99.99999999975343 299.9999999998576 1342.99263784114
7230 99.99999999974013 299.9999999998578 1550.118558110094
7231 99.99999999972692 299.9999999998578 1757.244478379145
7232 99.99999999971365 299.9999999998579 1964.370398648588
7233 99.99999999970039 299.9999999998576 2171.496318919535
7234 99.99999999968713 299.9999999998578 2378.622239189942
7235 99.9999999996738 299.9999999998578 2585.748159459399
7236 99.99999999966053 299.9999999998578 2792.874079729264
7237 99.99999999976667 349.9999999999145 1135.866717572082
7238 99.9999999997534 349.9999999999144 1342.99263784114
7239 99.99999999974011 349.9999999999145 1550.118558110094
7240 99.9999999997269 349.9999999999142 1757.244478379146
7241 99.99999999971362 349.9999999999142 1964.370398648589
7242 99.99999999970034 349.9999999999143 2171.496318919535
7243 99.99999999968705 349.9999999999142 2378.622239189942
7244 99.99999999967382 349.9999999999143 2585.7481594594
7245 99.99999999966056 349.9999999999143 2792.874079729263
7246 99.99999999976664 399.9999999999708 1135.866717572082
7247 99.99999999975338 399.9999999999706 1342.99263784114
7248 99.99999999974015 399.9999999999708 1550.118558110094
7249 99.99999999972692 399.9999999999707 1757.244478379146
7250 99.99999999971362 399.9999999999709 1964.370398648588
7251 99.99999999970035 399.9999999999707 2171.496318919535
7252 99.99999999968703 399.9999999999707 2378.622239189942
7253 99.9999999996738 399.9999999999707 2585.748159459399
7254 99.99999999966056 399.9999999999709 2792.874079729264
7255 99.99999999976669 450.0000000000272 1135.866717572083
7256 99.99999999975344 450.0000000000272 1342.99263784114
7257 99.99999999974013 450.000000000027 1550.118558110093
7258 99.99999999972694 450.000000000027 1757.244478379146
7259 99.99999999971365 450.0000000000271 1964.370398648589
7260 99.99999999970036 450.0000000000271 2171.496318919536
7261 99.99999999968709 450.0000000000273 2378.622239189942
7262 99.99999999967378 450.0000000000271 2585.7481594594
7263 99.9999999996605 450.000000000027 2792.874079729263
7264 99.99999999976663 499.9999999996728 1135.866717572083
7265 99.99999999975331 499.9999999996728 1342.99263784114
7266 99.99999999974007 499.9999999996729 1550.118558110094
7267 99.99999999972681 499.9999999996729 1757.244478379146
7268 99.99999999971357 499.9999999996727 1964.370398648588
7269 99.99999999970029 499.9999999996724 2171.496318919535
7270 99.99999999968703 499.9999999996728 2378.622239189943
7271 99.99999999967378 499.9999999996726 2585.7481594594
7272 99.99999999966056 499.9999999996728 2792.874079729264
7273 99.99999999976637 549.9999999997175 1135.866717572083
7274 99.9999999997531 549.9999999997177 1342.99263784114
7275 99.99999999973986 549.9999999997182 1550.118558110094
7276 99.99999999972668 549.9999999997175 1757.244478379146
7277 99.99999999971344 549.9999999997181 1964.370398648589
7278 99.99999999970022 549.9999999997176 2171.496318919535
7279 99.99999999968699 549.9999999997181 2378.622239189942
7280 99.99999999967375 549.9999999997181 2585.7481594594
7281 99.99999999966052 549.9999999997181 2792.874079729264
7282 99.9999999997666 599.9999999997741 1135.866717572083
7283 99.9999999997533 599.999999999774 1342.99263784114
7284 99.99999999974003 599.9999999997744 1550.118558110094
7285 99.99999999972677 599.999999999774 1757.244478379145
7286 99.99999999971354 599.9999999997744 1964.370398648589
7287 99.99999999970029 599.9999999997744 2171.496318919535
7288 99.99999999968705 599.9999999997744 2378.622239189942
7289 99.99999999967375 599.9999999997744 2585.748159459401
7290 99.9999999996605 599.9999999997744 2792.874079729263
7291 99.99999999976679 649.9999999998311 1135.866717572082
7292 99.99999999975346 649.9999999998305 1342.99263784114
7293 99.99999999974023 649.9999999998305 1550.118558110094
7294 99.99999999972697 649.9999999998309 1757.244478379146
7295 99.99999999971368 649.9999999998308 1964.370398648588
7296 99.99999999970036 649.9999999998308 2171.496318919535
7297 99.99999999968711 649.9999999998308 2378.622239189942
7298 99.99999999967386 649.9999999998308 2585.748159459401
7299 99.99999999966056 649.9999999998308 2792.874079729263
7300 99.99999999976663 699.9999999998871 1135.866717572082
7301 99.9999999997533 699.9999999998872 1342.99263784114
7302 99.99999999974007 699.9999999998872 1550.118558110094
7303 99.99999999972681 699.9999999998871 1757.244478379146
7304 99.99999999971357 699.9999999998873 1964.370398648589
7305 99.99999999970032 699.9999999998872 2171.496318919535
7306 99.99999999968708 699.9999999998873 2378.622239189942
7307 99.99999999967383 699.9999999998872 2585.748159459401
7308 99.99999999966052 699.9999999998872 2792.874079729264
7309 99.99999999976667 749.9999999999432 1135.866717572082
7310 99.99999999975338 749.999999999944 1342.99263784114
7311 99.99999999974011 749.9999999999434 1550.118558110094
7312 99.9999999997269 749.9999999999438 1757.244478379146
7313 99.99999999971362 749.9999999999436 1964.370398648589
7314 99.99999999970035 749.9999999999436 2171.496318919535
7315 99.99999999968705 749.9999999999441 2378.622239189942
7316 99.99999999967379 749.9999999999436 2585.7481594594
7317 99.9999999996605 749.9999999999436 2792.874079729263
7318 149.9999999998212 249.9999999998198 1200.133377875563
7319 149.9999999998107 249.9999999998198 1400.118558110916
7320 149.9999999998002 249.9999999998197 1600.103738346148
7321 149.9999999997897 249.9999999998198 1800.088918581316
7322 149.9999999997792 249.9999999998197 2000.074098817061
7323 149.9999999997686 249.9999999998197 2200.059279054684
7324 149.999999999758 249.9999999998197 2400.044459291449
7325 149.9999999997476 249.9999999998197 2600.029639526789
7326 149.999999999737 249.9999999998197 2800.014819762661
7327 149.9999999998214 299.9999999998579 1200.133377875564
7328 149.9999999998109 299.9999999998577 1400.118558110916
7329 149.9999999998003 299.9999999998579 1600.103738346148
7330 149.9999999997897 299.9999999998578 1800.088918581316
7331 149.9999999997792 299.9999999998578 2000.074098817061
7332 149.9999999997687 299.9999999998576 2200.059279054683
7333 149.9999999997581 299.9999999998578 2400.044459291449
7334 149.9999999997476 299.9999999998579 2600.029639526789
7335 149.999999999737 299.9999999998581 2800.014819762661
7336 149.9999999998214 349.9999999999142 1200.133377875564
7337 149.9999999998108 349.9999999999142 1400.118558110916
7338 149.9999999998004 349.9999999999145 1600.103738346148
7339 149.9999999997897 349.9999999999142 1800.088918581316
7340 149.9999999997791 349.9999999999142 2000.074098817062
7341 149.9999999997686 349.9999999999143 2200.059279054683
7342 149.9999999997582 349.9999999999143 2400.044459291449
7343 149.9999999997476 349.9999999999143 2600.029639526788
7344 149.999999999737 349.9999999999143 2800.014819762661
7345 149.9999999998215 399.9999999999707 1200.133377875564
7346 149.999999999811 399.9999999999704 1400.118558110916
7347 149.9999999998005 399.9999999999707 1600.103738346148
7348 149.9999999997898 399.9999999999707 1800.088918581316
7349 149.9999999997793 399.9999999999707 2000.074098817061
7350 149.9999999997687 399.9999999999709 2200.059279054683
7351 149.9999999997582 399.9999999999709 2400.044459291449
7352 149.9999999997476 399.9999999999707 2600.029639526787
7353 149.999999999737 399.9999999999709 2800.014819762661
7354 149.9999999998214 450.0000000000271 1200.133377875564
7355 149.9999999998109 450.0000000000271 1400.118558110915
7356 149.9999999998004 450.0000000000271 1600.103738346147
7357 149.9999999997898 450.000000000027 1800.088918581316
7358 149.9999999997792 450.000000000027 2000.074098817061
7359 149.9999999997687 450.0000000000271 2200.059279054683
7360 149.9999999997581 450.000000000027 2400.04445929145
7361 149.9999999997477 450.0000000000271 2600.029639526789
7362 149.999999999737 450.0000000000271 2800.014819762661
7363 149.9999999998213 499.9999999996729 1200.133377875564
7364 149.9999999998108 499.999999999673 1400.118558110915
7365 149.9999999998003 499.9999999996731 1600.103738346148
7366 149.9999999997897 499.9999999996729 1800.088918581316
7367 149.9999999997792 499.9999999996727 2000.074098817061
7368 149.9999999997686 499.9999999996727 2200.059279054683
7369 149.9999999997582 499.9999999996729 2400.044459291449
7370 149.9999999997476 499.999999999673 2600.029639526789
7371 149.999999999737 499.9999999996729 2800.014819762661
7372 149.9999999998215 549.9999999997181 1200.133377875564
7373 149.9999999998109 549.9999999997181 1400.118558110916
7374 149.9999999998004 549.9999999997179 1600.103738346148
7375 149.9999999997899 549.9999999997181 1800.088918581317
7376 149.9999999997793 549.9999999997181 2000.074098817062
7377 149.9999999997687 549.9999999997181 2200.059279054683
7378 149.9999999997581 549.9999999997181 2400.044459291449
7379 149.9999999997477 549.9999999997181 2600.029639526789
7380 149.9999999997371 549.9999999997181 2800.014819762661
7381 149.9999999998215 599.9999999997741 1200.133377875564
7382 149.9999999998109 599.9999999997743 1400.118558110916
7383 149.9999999998004 599.9999999997744 1600.103738346147
7384 149.9999999997898 599.9999999997742 1800.088918581316
7385 149.9999999997792 599.9999999997747 2000.074098817062
7386 149.9999999997686 599.9999999997743 2200.059279054683
7387 149.9999999997582 599.9999999997744 2400.04445929145
7388 149.9999999997477 599.9999999997744 2600.029639526788
7389 149.999999999737 599.9999999997744 2800.014819762661
7390 149.9999999998212 649.9999999998311 1200.133377875563
7391 149.9999999998107 649.9999999998308 1400.118558110916
7392 149.9999999998002 649.9999999998307 1600.103738346147
7393 149.9999999997896 649.9999999998307 1800.088918581315
7394 149.999999999779 649.9999999998308 2000.074098817061
7395 149.9999999997686 649.9999999998308 2200.059279054683
7396 149.999999999758 649.9999999998307 2400.044459291449
7397 149.9999999997476 649.9999999998308 2600.029639526789
7398 149.999999999737 649.9999999998308 2800.014819762661
7399 149.9999999998214 699.9999999998872 1200.133377875564
7400 149.9999999998109 699.9999999998875 1400.118558110916
7401 149.9999999998004 699.9999999998871 1600.103738346148
7402 149.9999999997898 699.9999999998871 1800.088918581317
7403 149.9999999997793 699.9999999998872 2000.074098817062
7404 149.9999999997687 699.9999999998872 2200.059279054683
7405 149.9999999997582 699.9999999998872 2400.04445929145
7406 149.9999999997477 699.9999999998872 2600.029639526789
7407 149.999999999737 699.9999999998872 2800.014819762661
7408 149.9999999998213 749.9999999999432 1200.133377875564
7409 149.9999999998109 749.9999999999433 1400.118558110916
7410 149.9999999998004 749.9999999999435 1600.103738346148
7411 149.9999999997897 749.9999999999435 1800.088918581316
7412 149.9999999997791 749.9999999999437 2000.074098817062
7413 149.9999999997686 749.9999999999436 2200.059279054683
7414 149.9999999997581 749.9999999999436 2400.04445929145
7415 149.9999999997476 749.9999999999437 2600.029639526789
7416 149.999999999737 749.9999999999437 2800.014819762661
7417 249.9999999998568 249.9999999998196 1328.666698482439
7418 249.9999999998528 249.9999999998197 1514.370398650403
7419 249.9999999998487 249.9999999998197 1700.074098818224
7420 249.9999999998446 249.9999999998196 1885.777798985888
7421 249.9999999998404 249.9999999998197 2071.481499154246
7422 249.9999999998363 249.9999999998196 2257.185199324649
7423 249.9999999998321 249.9999999998196 2442.888899493968
7424 249.9999999998279 249.9999999998196 2628.592599661646
7425 249.9999999998237 249.9999999998195 2814.296299829926
7426 249.9999999998568 299.9999999998578 1328.666698482438
7427 249.9999999998527 299.9999999998577 1514.370398650402
7428 249.9999999998487 299.9999999998577 1700.074098818223
7429 249.9999999998445 299.9999999998576 1885.777798985888
7430 249.9999999998402 299.9999999998579 2071.481499154246
7431 249.9999999998363 299.9999999998576 2257.185199324647
7432 249.999999999832 299.9999999998576 2442.888899493968
7433 249.9999999998279 299.9999999998578 2628.592599661645
7434 249.9999999998237 299.9999999998579 2814.296299829927
7435 249.9999999998566 349.9999999999141 1328.666698482439
7436 249.9999999998525 349.9999999999143 1514.370398650402
7437 249.9999999998484 349.9999999999143 1700.074098818224
7438 249.9999999998445 349.9999999999144 1885.777798985888
7439 249.9999999998402 349.9999999999142 2071.481499154247
7440 249.9999999998361 349.9999999999143 2257.185199324647
7441 249.999999999832 349.9999999999143 2442.888899493969
7442 249.999999999828 349.9999999999144 2628.592599661644
7443 249.9999999998237 349.9999999999143 2814.296299829926
7444 249.9999999998568 399.9999999999707 1328.666698482438
7445 249.9999999998526 399.9999999999708 1514.370398650402
7446 249.9999999998486 399.9999999999706 1700.074098818224
7447 249.9999999998444 399.9999999999707 1885.777798985888
7448 249.9999999998403 399.9999999999707 2071.481499154247
7449 249.9999999998363 399.9999999999707 2257.185199324646
7450 249.999999999832 399.9999999999707 2442.888899493967
7451 249.9999999998279 399.9999999999707 2628.592599661644
7452 249.9999999998238 399.9999999999707 2814.296299829926
7453 249.9999999998568 450.000000000027 1328.666698482438
7454 249.9999999998528 450.0000000000268 1514.370398650402
7455 249.9999999998487 450.0000000000269 1700.074098818224
7456 249.9999999998446 450.0000000000268 1885.777798985888
7457 249.9999999998404 450.0000000000268 2071.481499154246
7458 249.9999999998363 450.0000000000271 2257.185199324646
7459 249.9999999998321 450.000000000027 2442.888899493969
7460 249.9999999998279 450.0000000000269 2628.592599661643
7461 249.9999999998237 450.0000000000269 2814.296299829924
7462 249.9999999998569 499.9999999996723 1328.666698482439
7463 249.9999999998528 499.9999999996726 1514.370398650402
7464 249.9999999998488 499.9999999996728 1700.074098818223
7465 249.9999999998446 499.9999999996726 1885.777798985888
7466 249.9999999998404 499.9999999996728 2071.481499154245
7467 249.9999999998363 499.9999999996726 2257.185199324648
7468 249.9999999998322 499.9999999996726 2442.888899493968
7469 249.9999999998279 499.9999999996726 2628.592599661646
7470 249.9999999998237 499.9999999996726 2814.296299829924
7471 249.9999999998568 549.9999999997181 1328.666698482439
7472 249.9999999998527 549.9999999997181 1514.370398650402
7473 249.9999999998487 549.9999999997181 1700.074098818225
7474 249.9999999998444 549.9999999997179 1885.777798985888
7475 249.9999999998402 549.9999999997181 2071.481499154246
7476 249.9999999998362 549.9999999997181 2257.185199324646
7477 249.9999999998319 549.9999999997181 2442.888899493968
7478 249.9999999998279 549.9999999997181 2628.592599661644
7479 249.9999999998237 549.9999999997181 2814.296299829925
7480 249.999999999857 599.9999999997744 1328.666698482439
7481 249.9999999998529 599.9999999997742 1514.370398650402
7482 249.9999999998489 599.9999999997746 1700.074098818224
7483 249.9999999998446 599.9999999997744 1885.777798985888
7484 249.9999999998403 599.9999999997743 2071.481499154247
7485 249.9999999998363 599.9999999997743 2257.185199324647
7486 249.9999999998322 599.9999999997744 2442.888899493969
7487 249.9999999998279 599.9999999997744 2628.592599661646
7488 249.9999999998237 599.9999999997743 2814.296299829924
7489 249.9999999998568 649.9999999998306 1328.666698482439
7490 249.9999999998528 649.9999999998307 1514.370398650402
7491 249.9999999998487 649.9999999998305 1700.074098818224
7492 249.9999999998446 649.9999999998306 1885.777798985888
7493 249.9999999998404 649.9999999998305 2071.481499154245
7494 249.9999999998362 649.9999999998307 2257.185199324647
7495 249.9999999998322 649.9999999998307 2442.888899493968
7496 249.9999999998278 649.9999999998307 2628.592599661644
7497 249.9999999998237 649.9999999998306 2814.296299829925
7498 249.9999999998569 699.9999999998867 1328.666698482439
7499 249.9999999998528 699.999999999887 1514.370398650403
7500 249.9999999998487 699.9999999998872 1700.074098818225
7501 249.9999999998447 699.9999999998872 1885.777798985888
7502 249.9999999998404 699.9999999998872 2071.481499154246
7503 249.9999999998363 699.9999999998872 2257.185199324647
7504 249.9999999998322 699.9999999998872 2442.888899493968
7505 249.9999999998279 699.9999999998871 2628.592599661646
7506 249.9999999998237 699.9999999998872 2814.296299829925
7507 249.9999999998568 749.9999999999429 1328.666698482439
7508 249.9999999998527 749.999999999943 1514.370398650402
7509 249.9999999998487 749.9999999999436 1700.074098818224
7510 249.9999999998444 749.9999999999436 1885.777798985889
7511 249.9999999998404 749.9999999999435 2071.481499154245
7512 249.9999999998363 749.9999999999435 2257.185199324647
7513 249.9999999998322 749.9999999999436 2442.888899493968
7514 249.9999999998279 749.9999999999436 2628.592599661645
7515 249.9999999998237 749.9999999999435 2814.296299829926
7516 299.9999999998436 249.9999999998197 1392.933358785839
7517 299.9999999998453 249.9999999998198 1571.496318920117
7518 299.9999999998469 249.9999999998197 1750.059279054251
7519 299.9999999998482 249.9999999998197 1928.622239188296
7520 299.9999999998499 249.9999999998197 2107.185199322958
7521 299.9999999998516 249.9999999998197 2285.748159459466
7522 299.9999999998529 249.9999999998197 2464.311119594982
7523 299.9999999998547 249.9999999998197 2642.874079729111
7524 299.9999999998564 249.9999999998196 2821.437039863797
7525 299.9999999998438 299.9999999998578 1392.933358785839
7526 299.9999999998453 299.9999999998577 1571.496318920116
7527 299.9999999998469 299.9999999998577 1750.059279054251
7528 299.9999999998486 299.9999999998576 1928.622239188296
7529 299.99999999985 299.9999999998577 2107.185199322959
7530 299.9999999998516 299.9999999998578 2285.748159459466
7531 299.9999999998531 299.9999999998576 2464.311119594984
7532 299.9999999998548 299.9999999998578 2642.874079729113
7533 299.9999999998564 299.9999999998579 2821.437039863798
7534 299.9999999998437 349.9999999999139 1392.933358785839
7535 299.9999999998452 349.9999999999143 1571.496318920116
7536 299.9999999998468 349.9999999999142 1750.05927905425
7537 299.9999999998486 349.9999999999143 1928.622239188296
7538 299.9999999998499 349.9999999999141 2107.18519932296
7539 299.9999999998514 349.9999999999142 2285.748159459466
7540 299.999999999853 349.9999999999143 2464.311119594984
7541 299.9999999998546 349.9999999999143 2642.874079729113
7542 299.9999999998562 349.9999999999143 2821.437039863797
7543 299.9999999998437 399.9999999999707 1392.93335878584
7544 299.9999999998453 399.9999999999706 1571.496318920115
7545 299.999999999847 399.9999999999707 1750.05927905425
7546 299.9999999998486 399.9999999999708 1928.622239188295
7547 299.9999999998499 399.9999999999707 2107.18519932296
7548 299.9999999998515 399.9999999999707 2285.748159459466
7549 299.999999999853 399.9999999999707 2464.311119594984
7550 299.9999999998547 399.9999999999707 2642.874079729111
7551 299.9999999998562 399.9999999999707 2821.437039863797
7552 299.9999999998441 450.0000000000268 1392.93335878584
7553 299.9999999998454 450.0000000000269 1571.496318920116
7554 299.9999999998468 450.0000000000269 1750.059279054251
7555 299.9999999998484 450.0000000000268 1928.622239188296
7556 299.99999999985 450.0000000000268 2107.185199322958
7557 299.9999999998516 450.0000000000268 2285.748159459466
7558 299.999999999853 450.0000000000271 2464.311119594983
7559 299.9999999998547 450.0000000000268 2642.874079729113
7560 299.9999999998562 450.0000000000267 2821.437039863797
7561 299.9999999998438 499.9999999996726 1392.93335878584
7562 299.9999999998454 499.9999999996728 1571.496318920116
7563 299.9999999998471 499.9999999996729 1750.05927905425
7564 299.9999999998486 499.9999999996726 1928.622239188296
7565 299.99999999985 499.9999999996724 2107.185199322958
7566 299.9999999998516 499.9999999996726 2285.748159459466
7567 299.9999999998532 499.9999999996725 2464.311119594983
7568 299.9999999998548 499.9999999996726 2642.874079729113
7569 299.9999999998562 499.9999999996727 2821.437039863795
7570 299.999999999844 549.9999999997175 1392.93335878584
7571 299.9999999998455 549.9999999997176 1571.496318920116
7572 299.999999999847 549.9999999997178 1750.059279054251
7573 299.9999999998486 549.9999999997178 1928.622239188296
7574 299.9999999998503 549.9999999997181 2107.18519932296
7575 299.9999999998516 549.9999999997177 2285.748159459466
7576 299.9999999998532 549.9999999997178 2464.311119594983
7577 299.9999999998548 549.9999999997181 2642.874079729113
7578 299.9999999998562 549.9999999997178 2821.437039863797
7579 299.999999999844 599.9999999997746 1392.93335878584
7580 299.9999999998457 599.9999999997746 1571.496318920116
7581 299.999999999847 599.9999999997744 1750.059279054251
7582 299.9999999998486 599.9999999997743 1928.622239188295
7583 299.9999999998502 599.9999999997746 2107.18519932296
7584 299.9999999998518 599.9999999997744 2285.748159459466
7585 299.9999999998532 599.9999999997744 2464.311119594983
7586 299.9999999998548 599.9999999997744 2642.874079729112
7587 299.9999999998564 599.9999999997743 2821.437039863797
7588 299.9999999998442 649.9999999998307 1392.93335878584
7589 299.9999999998458 649.9999999998303 1571.496318920116
7590 299.9999999998473 649.9999999998304 1750.059279054251
7591 299.999999999849 649.9999999998308 1928.622239188296
7592 299.9999999998504 649.9999999998304 2107.18519932296
7593 299.9999999998518 649.9999999998309 2285.748159459466
7594 299.9999999998532 649.9999999998308 2464.311119594984
7595 299.9999999998548 649.9999999998308 2642.874079729113
7596 299.9999999998564 649.9999999998308 2821.437039863797
7597 299.9999999998442 699.9999999998875 1392.93335878584
7598 299.9999999998458 699.9999999998873 1571.496318920117
7599 299.9999999998472 699.9999999998872 1750.059279054251
7600 299.9999999998489 699.9999999998873 1928.622239188295
7601 299.9999999998504 699.9999999998875 2107.18519932296
7602 299.9999999998517 699.9999999998872 2285.748159459466
7603 299.9999999998532 699.9999999998872 2464.311119594982
7604 299.9999999998548 699.9999999998871 2642.874079729113
7605 299.9999999998562 699.9999999998872 2821.437039863797
7606 299.9999999998439 749.9999999999429 1392.933358785839
7607 299.9999999998454 749.9999999999434 1571.496318920116
7608 299.999999999847 749.999999999943 1750.05927905425
7609 299.9999999998485 749.9999999999436 1928.622239188296
7610 299.9999999998502 749.9999999999437 2107.18519932296
7611 299.9999999998516 749.9999999999436 2285.748159459464
7612 299.999999999853 749.9999999999436 2464.311119594982
7613 299.9999999998547 749.9999999999437 2642.874079729113
7614 299.9999999998562 749.9999999999438 2821.437039863797
7615 349.9999999997502 249.9999999998196 1457.200019089122
7616 349.9999999997685 249.9999999998197 1628.622239189724
7617 349.9999999997865 249.9999999998197 1800.044459290187
7618 349.9999999998046 249.9999999998196 1971.466679390623
7619 349.9999999998231 249.9999999998197 2142.888899491605
7620 349.999999999841 249.9999999998196 2314.311119594229
7621 349.9999999998594 249.9999999998196 2485.73333969596
7622 349.9999999998777 249.9999999998196 2657.155559796555
7623 349.9999999998959 249.9999999998194 2828.577779897651
7624 349.9999999997497 299.9999999998578 1457.200019089122
7625 349.9999999997684 299.9999999998579 1628.622239189724
7626 349.9999999997866 299.9999999998576 1800.044459290186
7627 349.9999999998049 299.9999999998577 1971.466679390623
7628 349.9999999998232 299.9999999998577 2142.888899491606
7629 349.9999999998412 299.9999999998576 2314.311119594232
7630 349.9999999998597 299.9999999998576 2485.73333969596
7631 349.9999999998778 299.9999999998578 2657.155559796554
7632 349.9999999998959 299.9999999998579 2828.577779897651
7633 349.9999999997501 349.999999999914 1457.20001908912
7634 349.9999999997685 349.9999999999142 1628.622239189724
7635 349.9999999997866 349.9999999999141 1800.044459290186
7636 349.9999999998047 349.9999999999141 1971.466679390623
7637 349.9999999998231 349.9999999999141 2142.888899491606
7638 349.9999999998413 349.9999999999142 2314.311119594231
7639 349.9999999998595 349.9999999999141 2485.733339695961
7640 349.9999999998778 349.9999999999141 2657.155559796555
7641 349.9999999998961 349.9999999999143 2828.577779897651
7642 349.9999999997502 399.9999999999707 1457.200019089121
7643 349.9999999997688 399.9999999999708 1628.622239189725
7644 349.9999999997868 399.9999999999706 1800.044459290187
7645 349.9999999998052 399.9999999999707 1971.466679390624
7646 349.9999999998233 399.9999999999707 2142.888899491607
7647 349.9999999998415 399.9999999999707 2314.311119594231
7648 349.9999999998595 399.9999999999707 2485.73333969596
7649 349.999999999878 399.9999999999704 2657.155559796554
7650 349.9999999998959 399.9999999999704 2828.577779897649
7651 349.9999999997501 450.0000000000269 1457.200019089121
7652 349.9999999997684 450.0000000000268 1628.622239189724
7653 349.9999999997868 450.0000000000271 1800.044459290186
7654 349.9999999998049 450.0000000000267 1971.466679390623
7655 349.9999999998231 450.0000000000269 2142.888899491604
7656 349.9999999998413 450.0000000000268 2314.311119594231
7657 349.9999999998595 450.0000000000271 2485.73333969596
7658 349.9999999998778 450.0000000000269 2657.155559796554
7659 349.9999999998959 450.0000000000269 2828.57777989765
7660 349.9999999997503 499.9999999996725 1457.200019089121
7661 349.9999999997684 499.9999999996725 1628.622239189725
7662 349.9999999997868 499.9999999996729 1800.044459290185
7663 349.999999999805 499.9999999996726 1971.466679390623
7664 349.9999999998231 499.9999999996727 2142.888899491607
7665 349.9999999998415 499.9999999996726 2314.311119594232
7666 349.9999999998596 499.9999999996726 2485.73333969596
7667 349.9999999998777 499.9999999996726 2657.155559796556
7668 349.9999999998961 499.9999999996725 2828.577779897651
7669 349.9999999997503 549.9999999997179 1457.200019089121
7670 349.9999999997684 549.9999999997178 1628.622239189725
7671 349.9999999997868 549.9999999997181 1800.044459290186
7672 349.9999999998049 549.9999999997177 1971.466679390623
7673 349.9999999998232 549.9999999997179 2142.888899491606
7674 349.9999999998414 549.9999999997181 2314.311119594231
7675 349.9999999998596 549.9999999997181 2485.73333969596
7676 349.9999999998778 549.9999999997178 2657.155559796553
7677 349.9999999998959 549.9999999997181 2828.577779897651
7678 349.9999999997505 599.9999999997746 1457.200019089121
7679 349.9999999997685 599.9999999997742 1628.622239189724
7680 349.9999999997868 599.9999999997744 1800.044459290186
7681 349.999999999805 599.9999999997746 1971.466679390623
7682 349.999999999823 599.9999999997746 2142.888899491606
7683 349.9999999998415 599.9999999997744 2314.311119594231
7684 349.9999999998596 599.9999999997744 2485.73333969596
7685 349.9999999998778 599.9999999997744 2657.155559796553
7686 349.9999999998959 599.9999999997744 2828.577779897651
7687 349.9999999997503 649.9999999998309 1457.200019089121
7688 349.9999999997687 649.9999999998308 1628.622239189725
7689 349.9999999997868 649.9999999998308 1800.044459290186
7690 349.9999999998053 649.9999999998309 1971.466679390623
7691 349.9999999998233 649.9999999998308 2142.888899491606
7692 349.9999999998415 649.9999999998308 2314.311119594231
7693 349.9999999998596 649.9999999998308 2485.73333969596
7694 349.999999999878 649.9999999998308 2657.155559796554
7695 349.9999999998959 649.9999999998307 2828.577779897651
7696 349.9999999997503 699.9999999998875 1457.200019089121
7697 349.9999999997686 699.9999999998872 1628.622239189724
7698 349.9999999997867 699.9999999998872 1800.044459290186
7699 349.9999999998051 699.9999999998875 1971.466679390623
7700 349.9999999998233 699.9999999998873 2142.888899491606
7701 349.9999999998415 699.9999999998872 2314.311119594231
7702 349.9999999998596 699.9999999998872 2485.73333969596
7703 349.999999999878 699.9999999998872 2657.155559796554
7704 349.9999999998959 699.9999999998872 2828.577779897651
7705 349.9999999997505 749.9999999999435 1457.200019089121
7706 349.9999999997686 749.9999999999434 1628.622239189724
7707 349.9999999997871 749.9999999999432 1800.044459290185
7708 349.9999999998051 749.9999999999437 1971.466679390623
7709 349.9999999998233 749.9999999999436 2142.888899491606
7710 349.9999999998415 749.9999999999436 2314.311119594231
7711 349.9999999998596 749.9999999999438 2485.73333969596
7712 349.999999999878 749.9999999999436 2657.155559796554
7713 349.9999999998959 749.9999999999436 2828.577779897651
7714 399.9999999996818 249.9999999998196 1521.46667939244
7715 399.9999999997139 249.9999999998197 1685.748159459366
7716 399.999999999746 249.9999999998197 1850.029639526151
7717 399.9999999997781 249.9999999998196 2014.311119592977
7718 399.9999999998101 249.9999999998196 2178.592599660276
7719 399.9999999998422 249.9999999998196 2342.874079729014
7720 399.9999999998741 249.9999999998196 2507.155559796948
7721 399.9999999999064 249.9999999998196 2671.437039864002
7722 399.9999999999383 249.9999999998195 2835.718519931509
7723 399.9999999996819 299.9999999998578 1521.466679392439
7724 399.9999999997138 299.9999999998577 1685.748159459366
7725 399.9999999997462 299.9999999998577 1850.029639526149
7726 399.9999999997781 299.9999999998577 2014.311119592976
7727 399.9999999998103 299.9999999998576 2178.592599660274
7728 399.9999999998422 299.9999999998576 2342.874079729014
7729 399.9999999998742 299.9999999998576 2507.155559796947
7730 399.9999999999065 299.9999999998577 2671.437039864003
7731 399.9999999999385 299.9999999998579 2835.718519931511
7732 399.9999999996817 349.9999999999141 1521.466679392438
7733 399.9999999997135 349.9999999999143 1685.748159459365
7734 399.999999999746 349.9999999999143 1850.029639526149
7735 399.9999999997781 349.9999999999143 2014.311119592975
7736 399.9999999998099 349.9999999999144 2178.592599660275
7737 399.9999999998423 349.9999999999143 2342.874079729014
7738 399.9999999998742 349.9999999999145 2507.155559796948
7739 399.9999999999062 349.9999999999143 2671.437039864004
7740 399.9999999999383 349.9999999999143 2835.718519931511
7741 399.9999999996819 399.9999999999707 1521.466679392439
7742 399.9999999997139 399.9999999999704 1685.748159459366
7743 399.9999999997461 399.9999999999705 1850.02963952615
7744 399.9999999997783 399.9999999999707 2014.311119592975
7745 399.9999999998101 399.9999999999707 2178.592599660275
7746 399.9999999998424 399.9999999999708 2342.874079729014
7747 399.9999999998744 399.9999999999706 2507.155559796946
7748 399.9999999999063 399.9999999999706 2671.437039864002
7749 399.9999999999383 399.9999999999704 2835.71851993151
7750 399.9999999996817 450.000000000027 1521.466679392439
7751 399.9999999997135 450.0000000000268 1685.748159459366
7752 399.999999999746 450.0000000000267 1850.029639526149
7753 399.9999999997781 450.0000000000268 2014.311119592976
7754 399.9999999998101 450.0000000000268 2178.592599660275
7755 399.9999999998423 450.0000000000268 2342.874079729014
7756 399.9999999998743 450.0000000000268 2507.155559796947
7757 399.9999999999063 450.0000000000268 2671.437039864004
7758 399.9999999999383 450.0000000000271 2835.718519931509
7759 399.9999999996821 499.9999999996725 1521.466679392439
7760 399.9999999997141 499.9999999996728 1685.748159459366
7761 399.9999999997466 499.9999999996728 1850.029639526149
7762 399.9999999997784 499.9999999996728 2014.311119592975
7763 399.9999999998102 499.9999999996726 2178.592599660275
7764 399.9999999998425 499.9999999996727 2342.874079729014
7765 399.9999999998744 499.9999999996725 2507.155559796948
7766 399.9999999999065 499.9999999996728 2671.437039864002
7767 399.9999999999384 499.9999999996725 2835.718519931509
7768 399.9999999996821 549.9999999997178 1521.466679392439
7769 399.999999999714 549.9999999997178 1685.748159459366
7770 399.9999999997465 549.9999999997178 1850.02963952615
7771 399.999999999778 549.9999999997178 2014.311119592975
7772 399.9999999998101 549.9999999997181 2178.592599660275
7773 399.9999999998424 549.9999999997178 2342.874079729014
7774 399.9999999998744 549.9999999997179 2507.155559796947
7775 399.9999999999064 549.9999999997181 2671.437039864002
7776 399.9999999999383 549.9999999997181 2835.718519931509
7777 399.9999999996819 599.9999999997747 1521.466679392439
7778 399.9999999997138 599.9999999997744 1685.748159459366
7779 399.999999999746 599.9999999997744 1850.029639526148
7780 399.9999999997783 599.9999999997744 2014.311119592975
7781 399.99999999981 599.9999999997744 2178.592599660275
7782 399.9999999998423 599.9999999997744 2342.874079729014
7783 399.9999999998744 599.9999999997743 2507.155559796947
7784 399.9999999999063 599.9999999997743 2671.437039864002
7785 399.9999999999383 599.9999999997743 2835.718519931511
7786 399.9999999996821 649.9999999998306 1521.466679392439
7787 399.999999999714 649.9999999998307 1685.748159459366
7788 399.9999999997463 649.9999999998309 1850.02963952615
7789 399.9999999997783 649.9999999998308 2014.311119592977
7790 399.9999999998104 649.9999999998308 2178.592599660275
7791 399.9999999998423 649.9999999998309 2342.874079729014
7792 399.9999999998744 649.9999999998308 2507.155559796948
7793 399.9999999999064 649.9999999998307 2671.437039864002
7794 399.9999999999383 649.9999999998307 2835.718519931509
7795 399.9999999996823 699.9999999998868 1521.466679392439
7796 399.9999999997141 699.9999999998867 1685.748159459366
7797 399.9999999997464 699.9999999998873 1850.02963952615
7798 399.9999999997784 699.9999999998872 2014.311119592977
7799 399.9999999998104 699.9999999998872 2178.592599660275
7800 399.9999999998424 699.9999999998871 2342.874079729014
7801 399.9999999998745 699.9999999998873 2507.155559796948
7802 399.9999999999065 699.999999999887 2671.437039864002
7803 399.9999999999384 699.9999999998872 2835.718519931509
7804 399.9999999996821 749.9999999999435 1521.466679392439
7805 399.9999999997141 749.9999999999434 1685.748159459366
7806 399.9999999997464 749.9999999999435 1850.029639526148
7807 399.9999999997784 749.9999999999437 2014.311119592975
7808 399.9999999998102 749.9999999999437 2178.592599660275
7809 399.9999999998424 749.9999999999436 2342.874079729014
7810 399.9999999998744 749.9999999999436 2507.155559796948
7811 399.9999999999064 749.9999999999436 2671.437039864004
7812 399.9999999999384 749.9999999999436 2835.718519931509
7813 449.999999999645 249.9999999998196 1585.733339695804
7814 449.9999999996871 249.9999999998196 1742.874079729045
7815 449.9999999997297 249.9999999998197 1900.014819762149
7816 449.9999999997723 249.9999999998197 2057.155559795359
7817 449.9999999998146 249.9999999998196 2214.296299828969
7818 449.9999999998574 249.9999999998197 2371.437039863815
7819 449.9999999998997 249.9999999998197 2528.577779897951
7820 449.9999999999421 249.9999999998196 2685.718519931461
7821 449.9999999999845 249.9999999998196 2842.859259965375
7822 449.999999999645 299.9999999998579 1585.733339695803
7823 449.9999999996875 299.9999999998577 1742.874079729046
7824 449.9999999997302 299.9999999998576 1900.014819762149
7825 449.9999999997723 299.9999999998576 2057.155559795359
7826 449.9999999998149 299.9999999998577 2214.296299828968
7827 449.9999999998573 299.9999999998578 2371.437039863815
7828 449.9999999998997 299.9999999998576 2528.577779897949
7829 449.9999999999422 299.9999999998577 2685.718519931463
7830 449.9999999999845 299.9999999998579 2842.859259965375
7831 449.9999999996454 349.9999999999141 1585.733339695804
7832 449.9999999996875 349.9999999999143 1742.874079729046
7833 449.9999999997303 349.9999999999142 1900.014819762149
7834 449.9999999997723 349.9999999999144 2057.155559795357
7835 449.9999999998149 349.999999999914 2214.296299828968
7836 449.9999999998574 349.9999999999143 2371.437039863816
7837 449.9999999999 349.9999999999143 2528.57777989795
7838 449.9999999999423 349.9999999999143 2685.718519931461
7839 449.9999999999849 349.9999999999143 2842.859259965374
7840 449.9999999996452 399.9999999999704 1585.733339695802
7841 449.9999999996876 399.9999999999704 1742.874079729047
7842 449.9999999997301 399.9999999999703 1900.014819762148
7843 449.9999999997726 399.9999999999707 2057.155559795359
7844 449.9999999998149 399.9999999999704 2214.296299828968
7845 449.9999999998574 399.9999999999708 2371.437039863816
7846 449.9999999999 399.9999999999706 2528.577779897951
7847 449.9999999999423 399.9999999999707 2685.718519931462
7848 449.9999999999845 399.9999999999707 2842.859259965374
7849 449.9999999996451 450.0000000000269 1585.733339695803
7850 449.9999999996876 450.0000000000267 1742.874079729046
7851 449.9999999997301 450.0000000000268 1900.014819762149
7852 449.9999999997722 450.0000000000268 2057.155559795357
7853 449.9999999998148 450.0000000000268 2214.296299828968
7854 449.9999999998574 450.0000000000271 2371.437039863817
7855 449.9999999999 450.0000000000268 2528.57777989795
7856 449.9999999999422 450.0000000000267 2685.718519931462
7857 449.9999999999846 450.000000000027 2842.859259965374
7858 449.9999999996452 499.9999999996725 1585.733339695803
7859 449.9999999996876 499.9999999996726 1742.874079729047
7860 449.9999999997302 499.9999999996727 1900.014819762149
7861 449.9999999997723 499.9999999996724 2057.155559795359
7862 449.9999999998148 499.9999999996725 2214.296299828968
7863 449.9999999998574 499.9999999996726 2371.437039863815
7864 449.9999999999 499.9999999996725 2528.577779897951
7865 449.9999999999425 499.9999999996727 2685.718519931462
7866 449.9999999999846 499.9999999996724 2842.859259965374
7867 449.9999999996454 549.9999999997179 1585.733339695803
7868 449.9999999996875 549.9999999997178 1742.874079729046
7869 449.9999999997302 549.9999999997179 1900.014819762149
7870 449.9999999997722 549.9999999997176 2057.155559795357
7871 449.9999999998149 549.9999999997181 2214.296299828968
7872 449.9999999998573 549.9999999997178 2371.437039863814
7873 449.9999999999 549.9999999997182 2528.577779897951
7874 449.9999999999422 549.9999999997182 2685.718519931462
7875 449.9999999999845 549.9999999997181 2842.859259965374
7876 449.9999999996451 599.9999999997747 1585.733339695803
7877 449.9999999996876 599.9999999997744 1742.874079729046
7878 449.9999999997301 599.9999999997744 1900.014819762148
7879 449.9999999997723 599.9999999997746 2057.155559795358
7880 449.9999999998148 599.9999999997743 2214.296299828968
7881 449.9999999998573 599.9999999997742 2371.437039863816
7882 449.9999999998999 599.9999999997744 2528.57777989795
7883 449.9999999999421 599.9999999997744 2685.718519931464
7884 449.9999999999844 599.9999999997744 2842.859259965374
7885 449.9999999996457 649.9999999998306 1585.733339695803
7886 449.9999999996878 649.9999999998306 1742.874079729046
7887 449.9999999997306 649.9999999998306 1900.014819762148
7888 449.9999999997728 649.9999999998306 2057.155559795357
7889 449.9999999998149 649.9999999998306 2214.296299828968
7890 449.9999999998574 649.9999999998308 2371.437039863816
7891 449.9999999999 649.9999999998308 2528.57777989795
7892 449.9999999999423 649.9999999998308 2685.718519931462
7893 449.9999999999846 649.9999999998308 2842.859259965374
7894 449.9999999996454 699.9999999998869 1585.733339695802
7895 449.9999999996875 699.9999999998868 1742.874079729046
7896 449.9999999997302 699.9999999998872 1900.014819762149
7897 449.9999999997723 699.9999999998872 2057.155559795358
7898 449.9999999998149 699.9999999998872 2214.296299828969
7899 449.9999999998574 699.9999999998872 2371.437039863816
7900 449.9999999998997 699.9999999998872 2528.577779897951
7901 449.9999999999422 699.999999999887 2685.718519931462
7902 449.9999999999845 699.9999999998872 2842.859259965373
7903 449.9999999996454 749.999999999943 1585.733339695802
7904 449.9999999996875 749.9999999999435 1742.874079729046
7905 449.9999999997302 749.9999999999434 1900.014819762149
7906 449.9999999997725 749.9999999999435 2057.155559795357
7907 449.9999999998148 749.9999999999436 2214.296299828969
7908 449.9999999998574 749.9999999999436 2371.437039863817
7909 449.9999999998998 749.9999999999435 2528.57777989795
7910 449.9999999999422 749.9999999999436 2685.718519931463
7911 449.9999999999846 749.9999999999436 2842.859259965375
7912 499.9999999994201 249.9999999998196 1649.999999998956
7913 499.9999999994482 249.9999999998197 1799.999999998541
7914 499.9999999994765 249.9999999998196 1949.999999997984
7915 499.9999999995042 249.9999999998197 2099.9999999976
7916 499.9999999995324 249.9999999998196 2249.999999997544
7917 499.9999999995604 249.9999999998197 2399.999999998525
7918 499.9999999995883 249.9999999998197 2549.999999998881
7919 499.9999999996166 249.9999999998197 2699.999999998877
7920 499.9999999996445 249.9999999998196 2849.999999999216
7921 499.9999999994195 299.9999999998575 1649.999999998956
7922 499.9999999994475 299.9999999998576 1799.99999999854
7923 499.9999999994757 299.9999999998576 1949.999999997983
7924 499.9999999995038 299.9999999998576 2099.9999999976
7925 499.9999999995321 299.9999999998576 2249.999999997544
7926 499.99999999956 299.9999999998576 2399.999999998525
7927 499.9999999995879 299.9999999998576 2549.999999998882
7928 499.9999999996163 299.9999999998577 2699.999999998877
7929 499.9999999996443 299.9999999998579 2849.999999999217
7930 499.9999999994197 349.999999999914 1649.999999998955
7931 499.9999999994478 349.9999999999142 1799.99999999854
7932 499.9999999994762 349.999999999914 1949.999999997984
7933 499.9999999995042 349.9999999999143 2099.9999999976
7934 499.9999999995323 349.9999999999143 2249.999999997546
7935 499.9999999995603 349.9999999999143 2399.999999998524
7936 499.9999999995884 349.9999999999143 2549.999999998882
7937 499.9999999996165 349.9999999999143 2699.999999998876
7938 499.9999999996445 349.9999999999143 2849.999999999216
7939 499.99999999942 399.9999999999705 1649.999999998955
7940 499.9999999994478 399.9999999999705 1799.99999999854
7941 499.9999999994764 399.9999999999704 1949.999999997984
7942 499.9999999995041 399.9999999999707 2099.9999999976
7943 499.9999999995324 399.9999999999708 2249.999999997545
7944 499.9999999995601 399.9999999999706 2399.999999998524
7945 499.9999999995885 399.9999999999707 2549.999999998881
7946 499.9999999996165 399.9999999999707 2699.999999998876
7947 499.9999999996446 399.9999999999707 2849.999999999216
7948 499.9999999994198 450.0000000000269 1649.999999998957
7949 499.9999999994479 450.000000000027 1799.99999999854
7950 499.9999999994762 450.0000000000271 1949.999999997983
7951 499.9999999995042 450.0000000000267 2099.999999997599
7952 499.9999999995322 450.0000000000272 2249.999999997545
7953 499.9999999995601 450.0000000000267 2399.999999998525
7954 499.9999999995883 450.0000000000268 2549.999999998881
7955 499.9999999996165 450.0000000000271 2699.999999998875
7956 499.9999999996444 450.000000000027 2849.999999999216
7957 499.9999999994203 499.9999999996726 1649.999999998956
7958 499.9999999994482 499.9999999996727 1799.999999998541
7959 499.9999999994764 499.9999999996727 1949.999999997984
7960 499.9999999995043 499.9999999996726 2099.999999997601
7961 499.9999999995325 499.9999999996726 2249.999999997545
7962 499.9999999995607 499.9999999996728 2399.999999998524
7963 499.9999999995885 499.9999999996725 2549.999999998882
7964 499.9999999996166 499.9999999996728 2699.999999998877
7965 499.9999999996446 499.9999999996725 2849.999999999217
7966 499.9999999994206 549.9999999997177 1649.999999998956
7967 499.9999999994484 549.9999999997178 1799.999999998541
7968 499.9999999994765 549.9999999997177 1949.999999997984
7969 499.9999999995044 549.9999999997176 2099.999999997599
7970 499.9999999995328 549.9999999997179 2249.999999997546
7971 499.9999999995607 549.9999999997178 2399.999999998526
7972 499.9999999995887 549.9999999997179 2549.999999998881
7973 499.9999999996166 549.9999999997179 2699.999999998876
7974 499.9999999996449 549.9999999997181 2849.999999999216
7975 499.9999999994201 599.9999999997744 1649.999999998956
7976 499.9999999994483 599.9999999997741 1799.999999998541
7977 499.9999999994763 599.9999999997742 1949.999999997983
7978 499.9999999995043 599.9999999997742 2099.9999999976
7979 499.9999999995325 599.9999999997742 2249.999999997546
7980 499.9999999995603 599.9999999997742 2399.999999998525
7981 499.9999999995886 599.9999999997744 2549.999999998882
7982 499.9999999996166 599.9999999997742 2699.999999998875
7983 499.9999999996444 599.9999999997744 2849.999999999215
7984 499.9999999994203 649.9999999998304 1649.999999998956
7985 499.9999999994482 649.9999999998306 1799.99999999854
7986 499.9999999994764 649.9999999998305 1949.999999997984
7987 499.9999999995043 649.9999999998305 2099.9999999976
7988 499.9999999995324 649.9999999998306 2249.999999997545
7989 499.9999999995607 649.9999999998308 2399.999999998525
7990 499.9999999995885 649.9999999998307 2549.999999998881
7991 499.9999999996166 649.9999999998307 2699.999999998875
7992 499.9999999996445 649.9999999998308 2849.999999999216
7993 499.9999999994203 699.9999999998867 1649.999999998956
7994 499.9999999994484 699.9999999998868 1799.99999999854
7995 499.9999999994765 699.9999999998872 1949.999999997984
7996 499.9999999995043 699.9999999998873 2099.9999999976
7997 499.9999999995325 699.9999999998872 2249.999999997545
7998 499.9999999995607 699.9999999998872 2399.999999998525
7999 499.9999999995886 699.9999999998871 2549.999999998882
8000 499.9999999996166 699.9999999998871 2699.999999998875
8001 499.9999999996447 699.9999999998872 2849.999999999215
8002 499.9999999994202 749.999999999943 1649.999999998955
8003 499.9999999994484 749.9999999999436 1799.999999998541
8004 499.9999999994767 749.9999999999434 1949.999999997984
8005 499.9999999995046 749.9999999999436 2099.9999999976
8006 499.9999999995327 749.9999999999438 2249.999999997546
8007 499.9999999995607 749.9999999999436 2399.999999998526
8008 499.9999999995885 749.9999999999436 2549.999999998882
8009 499.9999999996168 749.9999999999436 2699.999999998876
8010 499.9999999996446 749.9999999999436 2849.999999999217
8011 549.9999999994666 249.9999999998197 1714.26666030244
8012 549.9999999994943 249.9999999998197 1857.125920268328
8013 549.9999999995223 249.9999999998197 1999.985180234076
8014 549.9999999995501 249.9999999998196 2142.844440200061
8015 549.9999999995784 249.9999999998197 2285.703700166306
8016 549.999999999606 249.9999999998196 2428.562960133382
8017 549.9999999996342 249.9999999998196 2571.422220099924
8018 549.9999999996625 249.9999999998196 2714.281480066363
8019 549.9999999996901 249.9999999998196 2857.140740033093
8020 549.9999999994664 299.9999999998578 1714.266660302439
8021 549.9999999994941 299.9999999998578 1857.125920268328
8022 549.9999999995222 299.9999999998578 1999.985180234076
8023 549.9999999995498 299.9999999998577 2142.844440200061
8024 549.9999999995786 299.9999999998578 2285.703700166305
8025 549.9999999996063 299.9999999998577 2428.56296013338
8026 549.9999999996343 299.9999999998577 2571.422220099924
8027 549.9999999996621 299.9999999998578 2714.281480066363
8028 549.9999999996901 299.9999999998579 2857.140740033092
8029 549.9999999994662 349.999999999914 1714.266660302439
8030 549.9999999994942 349.9999999999143 1857.125920268328
8031 549.9999999995225 349.9999999999142 1999.985180234076
8032 549.9999999995499 349.9999999999143 2142.844440200061
8033 549.9999999995786 349.9999999999143 2285.703700166305
8034 549.9999999996064 349.9999999999143 2428.562960133379
8035 549.9999999996343 349.9999999999144 2571.422220099924
8036 549.9999999996621 349.9999999999143 2714.281480066361
8037 549.9999999996902 349.9999999999143 2857.140740033094
8038 549.9999999994661 399.9999999999704 1714.266660302439
8039 549.9999999994942 399.9999999999704 1857.125920268328
8040 549.9999999995222 399.9999999999704 1999.985180234074
8041 549.99999999955 399.9999999999707 2142.844440200061
8042 549.9999999995783 399.9999999999705 2285.703700166305
8043 549.9999999996057 399.9999999999707 2428.562960133381
8044 549.999999999634 399.9999999999706 2571.422220099924
8045 549.9999999996622 399.9999999999707 2714.281480066362
8046 549.99999999969 399.9999999999707 2857.140740033093
8047 549.9999999994664 450.0000000000269 1714.26666030244
8048 549.9999999994942 450.0000000000267 1857.125920268328
8049 549.9999999995222 450.0000000000269 1999.985180234076
8050 549.9999999995504 450.0000000000267 2142.844440200061
8051 549.9999999995784 450.0000000000269 2285.703700166305
8052 549.9999999996062 450.0000000000268 2428.56296013338
8053 549.9999999996343 450.0000000000271 2571.422220099924
8054 549.9999999996622 450.0000000000271 2714.281480066362
8055 549.9999999996901 450.0000000000271 2857.140740033094
8056 549.9999999994662 499.9999999996725 1714.266660302439
8057 549.9999999994942 499.9999999996726 1857.125920268328
8058 549.9999999995222 499.999999999673 1999.985180234075
8059 549.9999999995499 499.9999999996725 2142.844440200061
8060 549.9999999995786 499.9999999996726 2285.703700166304
8061 549.9999999996058 499.9999999996731 2428.562960133381
8062 549.9999999996344 499.9999999996725 2571.422220099924
8063 549.9999999996622 499.9999999996727 2714.281480066363
8064 549.9999999996902 499.9999999996726 2857.140740033094
8065 549.9999999994662 549.9999999997178 1714.266660302439
8066 549.9999999994941 549.9999999997178 1857.125920268328
8067 549.9999999995221 549.9999999997178 1999.985180234076
8068 549.99999999955 549.9999999997179 2142.844440200061
8069 549.9999999995784 549.9999999997181 2285.703700166305
8070 549.9999999996063 549.9999999997178 2428.562960133379
8071 549.9999999996343 549.9999999997181 2571.422220099924
8072 549.9999999996622 549.9999999997181 2714.281480066362
8073 549.9999999996901 549.9999999997178 2857.140740033093
8074 549.9999999994658 599.9999999997744 1714.266660302439
8075 549.9999999994938 599.9999999997743 1857.125920268328
8076 549.9999999995216 599.9999999997743 1999.985180234075
8077 549.9999999995498 599.9999999997744 2142.844440200061
8078 549.9999999995781 599.9999999997742 2285.703700166306
8079 549.9999999996057 599.9999999997742 2428.56296013338
8080 549.9999999996337 599.9999999997744 2571.422220099923
8081 549.9999999996621 599.9999999997744 2714.281480066361
8082 549.9999999996896 599.9999999997744 2857.140740033094
8083 549.9999999994662 649.9999999998306 1714.266660302439
8084 549.9999999994942 649.9999999998307 1857.125920268328
8085 549.9999999995221 649.9999999998305 1999.985180234076
8086 549.9999999995499 649.9999999998306 2142.84444020006
8087 549.9999999995786 649.9999999998306 2285.703700166303
8088 549.9999999996056 649.9999999998307 2428.562960133381
8089 549.9999999996342 649.9999999998308 2571.422220099924
8090 549.9999999996621 649.9999999998308 2714.281480066361
8091 549.9999999996901 649.9999999998308 2857.140740033093
8092 549.9999999994662 699.9999999998869 1714.26666030244
8093 549.9999999994942 699.9999999998869 1857.125920268328
8094 549.9999999995221 699.9999999998872 1999.985180234075
8095 549.9999999995504 699.9999999998873 2142.844440200061
8096 549.9999999995786 699.9999999998872 2285.703700166305
8097 549.9999999996063 699.9999999998872 2428.56296013338
8098 549.9999999996343 699.9999999998872 2571.422220099924
8099 549.9999999996621 699.9999999998871 2714.281480066362
8100 549.9999999996902 699.9999999998872 2857.140740033094
8101 549.9999999994661 749.9999999999433 1714.266660302439
8102 549.9999999994942 749.9999999999436 1857.125920268328
8103 549.9999999995222 749.9999999999433 1999.985180234075
8104 549.99999999955 749.9999999999437 2142.844440200061
8105 549.9999999995784 749.9999999999437 2285.703700166306
8106 549.9999999996061 749.9999999999436 2428.562960133382
8107 549.9999999996339 749.9999999999436 2571.422220099923
8108 549.9999999996621 749.9999999999436 2714.281480066362
8109 549.99999999969 749.9999999999436 2857.140740033094
8110 599.9999999995355 249.9999999998196 1778.533320605955
8111 599.9999999995617 249.9999999998196 1914.251840538143
8112 599.9999999995885 249.9999999998195 2049.970360470193
8113 599.9999999996151 249.9999999998195 2185.688880402546
8114 599.9999999996422 249.9999999998196 2321.407400335081
8115 599.9999999996679 249.9999999998196 2457.125920268249
8116 599.9999999996945 249.9999999998196 2592.844440200978
8117 599.9999999997217 249.9999999998196 2728.562960133855
8118 599.9999999997478 249.9999999998196 2864.281480066975
8119 599.9999999995352 299.9999999998577 1778.533320605954
8120 599.9999999995616 299.9999999998579 1914.251840538143
8121 599.9999999995888 299.9999999998577 2049.970360470193
8122 599.9999999996149 299.9999999998577 2185.688880402547
8123 599.9999999996415 299.9999999998577 2321.407400335081
8124 599.9999999996681 299.9999999998576 2457.12592026825
8125 599.9999999996944 299.9999999998576 2592.844440200978
8126 599.9999999997217 299.9999999998578 2728.562960133856
8127 599.9999999997477 299.9999999998578 2864.281480066975
8128 599.9999999995351 349.9999999999141 1778.533320605954
8129 599.9999999995616 349.999999999914 1914.251840538143
8130 599.9999999995887 349.9999999999142 2049.970360470193
8131 599.9999999996149 349.9999999999141 2185.688880402546
8132 599.9999999996419 349.9999999999141 2321.407400335082
8133 599.9999999996681 349.9999999999141 2457.125920268247
8134 599.9999999996945 349.9999999999141 2592.844440200978
8135 599.9999999997215 349.9999999999141 2728.562960133855
8136 599.9999999997477 349.9999999999143 2864.281480066974
8137 599.9999999995356 399.9999999999707 1778.533320605955
8138 599.9999999995621 399.9999999999707 1914.251840538144
8139 599.9999999995889 399.9999999999703 2049.970360470193
8140 599.9999999996151 399.9999999999707 2185.688880402546
8141 599.9999999996419 399.9999999999707 2321.407400335082
8142 599.9999999996681 399.9999999999707 2457.125920268248
8143 599.9999999996946 399.9999999999707 2592.844440200977
8144 599.9999999997214 399.9999999999707 2728.562960133855
8145 599.9999999997477 399.9999999999707 2864.281480066974
8146 599.9999999995357 450.0000000000267 1778.533320605954
8147 599.9999999995615 450.0000000000267 1914.251840538143
8148 599.9999999995889 450.0000000000268 2049.970360470191
8149 599.9999999996151 450.0000000000268 2185.688880402544
8150 599.9999999996417 450.0000000000269 2321.407400335081
8151 599.9999999996684 450.0000000000268 2457.125920268247
8152 599.9999999996944 450.0000000000268 2592.844440200977
8153 599.9999999997217 450.0000000000271 2728.562960133854
8154 599.9999999997478 450.0000000000271 2864.281480066975
8155 599.9999999995351 499.9999999996725 1778.533320605955
8156 599.9999999995619 499.9999999996725 1914.251840538143
8157 599.9999999995887 499.9999999996727 2049.970360470193
8158 599.9999999996148 499.9999999996724 2185.688880402544
8159 599.9999999996414 499.9999999996725 2321.407400335081
8160 599.999999999668 499.9999999996725 2457.125920268248
8161 599.9999999996944 499.9999999996724 2592.844440200978
8162 599.9999999997212 499.9999999996725 2728.562960133855
8163 599.9999999997475 499.9999999996724 2864.281480066975
8164 599.9999999995352 549.9999999997178 1778.533320605955
8165 599.9999999995619 549.9999999997181 1914.251840538144
8166 599.9999999995887 549.9999999997178 2049.970360470193
8167 599.9999999996148 549.9999999997176 2185.688880402546
8168 599.9999999996417 549.9999999997179 2321.407400335081
8169 599.9999999996681 549.9999999997178 2457.125920268247
8170 599.9999999996946 549.9999999997181 2592.844440200978
8171 599.9999999997215 549.9999999997181 2728.562960133855
8172 599.9999999997477 549.9999999997181 2864.281480066974
8173 599.9999999995356 599.9999999997747 1778.533320605955
8174 599.9999999995621 599.999999999774 1914.251840538142
8175 599.9999999995888 599.9999999997743 2049.970360470193
8176 599.9999999996152 599.9999999997746 2185.688880402545
8177 599.9999999996417 599.9999999997744 2321.407400335081
8178 599.999999999668 599.9999999997744 2457.125920268249
8179 599.9999999996948 599.9999999997744 2592.844440200977
8180 599.9999999997215 599.9999999997744 2728.562960133854
8181 599.9999999997478 599.9999999997744 2864.281480066974
8182 599.9999999995355 649.9999999998305 1778.533320605954
8183 599.9999999995621 649.9999999998305 1914.251840538144
8184 599.999999999589 649.9999999998306 2049.970360470193
8185 599.9999999996153 649.9999999998306 2185.688880402546
8186 599.9999999996419 649.9999999998305 2321.40740033508
8187 599.9999999996681 649.9999999998308 2457.125920268248
8188 599.9999999996944 649.9999999998308 2592.844440200978
8189 599.9999999997212 649.9999999998307 2728.562960133854
8190 599.9999999997478 649.9999999998308 2864.281480066974
8191 599.9999999995359 699.9999999998868 1778.533320605954
8192 599.9999999995622 699.9999999998869 1914.251840538143
8193 599.9999999995891 699.9999999998872 2049.970360470193
8194 599.9999999996151 699.9999999998872 2185.688880402547
8195 599.999999999642 699.9999999998872 2321.407400335082
8196 599.999999999668 699.9999999998872 2457.125920268247
8197 599.9999999996945 699.9999999998872 2592.844440200978
8198 599.9999999997214 699.9999999998871 2728.562960133855
8199 599.9999999997475 699.9999999998872 2864.281480066974
8200 599.9999999995355 749.9999999999438 1778.533320605954
8201 599.9999999995622 749.9999999999433 1914.251840538143
8202 599.9999999995889 749.9999999999435 2049.970360470193
8203 599.9999999996151 749.9999999999437 2185.688880402546
8204 599.9999999996417 749.9999999999435 2321.407400335081
8205 599.9999999996683 749.9999999999436 2457.125920268247
8206 599.9999999996948 749.9999999999436 2592.844440200977
8207 599.9999999997216 749.9999999999436 2728.562960133855
8208 599.9999999997478 749.9999999999436 2864.281480066974
8209 649.9999999996604 249.9999999998196 1842.79998090955
8210 649.9999999996795 249.9999999998197 1971.377760808031
8211 649.9999999996985 249.9999999998197 2099.95554070637
8212 649.9999999997171 249.9999999998196 2228.533320605084
8213 649.9999999997362 249.9999999998197 2357.111100503904
8214 649.9999999997555 249.9999999998196 2485.688880403154
8215 649.9999999997743 249.9999999998196 2614.266660302057
8216 649.999999999793 249.9999999998195 2742.844440201368
8217 649.999999999812 249.9999999998196 2871.422220100865
8218 649.9999999996606 299.9999999998578 1842.79998090955
8219 649.9999999996794 299.9999999998579 1971.377760808031
8220 649.9999999996987 299.9999999998579 2099.95554070637
8221 649.999999999717 299.9999999998577 2228.533320605082
8222 649.9999999997362 299.9999999998577 2357.111100503904
8223 649.9999999997552 299.9999999998578 2485.688880403154
8224 649.9999999997741 299.9999999998576 2614.266660302057
8225 649.9999999997929 299.9999999998578 2742.844440201368
8226 649.9999999998121 299.9999999998579 2871.422220100866
8227 649.9999999996609 349.9999999999141 1842.79998090955
8228 649.9999999996793 349.9999999999143 1971.377760808031
8229 649.9999999996985 349.9999999999141 2099.955540706371
8230 649.9999999997173 349.9999999999144 2228.533320605083
8231 649.999999999736 349.9999999999143 2357.111100503905
8232 649.9999999997553 349.9999999999143 2485.688880403153
8233 649.9999999997743 349.9999999999143 2614.266660302057
8234 649.9999999997931 349.9999999999143 2742.844440201367
8235 649.9999999998121 349.9999999999143 2871.422220100866
8236 649.9999999996603 399.9999999999707 1842.799980909549
8237 649.9999999996795 399.9999999999704 1971.377760808031
8238 649.9999999996986 399.9999999999704 2099.955540706371
8239 649.999999999717 399.9999999999707 2228.533320605082
8240 649.9999999997359 399.9999999999707 2357.111100503904
8241 649.9999999997551 399.9999999999707 2485.688880403154
8242 649.9999999997741 399.9999999999707 2614.266660302057
8243 649.9999999997931 399.9999999999707 2742.844440201368
8244 649.9999999998123 399.9999999999707 2871.422220100863
8245 649.9999999996611 450.0000000000271 1842.79998090955
8246 649.99999999968 450.0000000000268 1971.377760808031
8247 649.9999999996988 450.0000000000268 2099.955540706369
8248 649.999999999717 450.0000000000267 2228.533320605082
8249 649.9999999997361 450.0000000000268 2357.111100503903
8250 649.9999999997553 450.0000000000268 2485.688880403154
8251 649.9999999997741 450.0000000000268 2614.266660302058
8252 649.999999999793 450.0000000000271 2742.844440201367
8253 649.9999999998124 450.0000000000271 2871.422220100865
8254 649.9999999996611 499.9999999996723 1842.79998090955
8255 649.9999999996799 499.9999999996725 1971.377760808032
8256 649.9999999996988 499.9999999996727 2099.955540706371
8257 649.9999999997174 499.9999999996724 2228.533320605082
8258 649.9999999997367 499.9999999996725 2357.111100503906
8259 649.9999999997552 499.9999999996726 2485.688880403154
8260 649.9999999997742 499.9999999996724 2614.266660302058
8261 649.9999999997931 499.9999999996725 2742.844440201367
8262 649.9999999998123 499.9999999996725 2871.422220100866
8263 649.9999999996611 549.9999999997178 1842.79998090955
8264 649.99999999968 549.9999999997181 1971.377760808031
8265 649.999999999699 549.9999999997177 2099.955540706371
8266 649.9999999997176 549.9999999997178 2228.533320605082
8267 649.9999999997365 549.9999999997179 2357.111100503905
8268 649.9999999997553 549.9999999997178 2485.688880403154
8269 649.9999999997743 549.9999999997181 2614.266660302058
8270 649.9999999997931 549.9999999997181 2742.844440201367
8271 649.999999999812 549.9999999997181 2871.422220100865
8272 649.9999999996611 599.9999999997744 1842.79998090955
8273 649.99999999968 599.9999999997742 1971.377760808032
8274 649.9999999996988 599.9999999997744 2099.955540706371
8275 649.9999999997173 599.9999999997744 2228.533320605081
8276 649.9999999997361 599.9999999997741 2357.111100503904
8277 649.9999999997553 599.9999999997742 2485.688880403153
8278 649.9999999997742 599.9999999997744 2614.266660302058
8279 649.999999999793 599.9999999997743 2742.844440201366
8280 649.9999999998122 599.9999999997743 2871.422220100866
8281 649.9999999996609 649.9999999998308 1842.799980909549
8282 649.9999999996796 649.9999999998306 1971.377760808031
8283 649.9999999996986 649.9999999998306 2099.955540706371
8284 649.9999999997171 649.9999999998307 2228.533320605082
8285 649.9999999997362 649.9999999998307 2357.111100503904
8286 649.9999999997553 649.9999999998308 2485.688880403154
8287 649.9999999997741 649.9999999998307 2614.266660302057
8288 649.9999999997931 649.9999999998308 2742.844440201367
8289 649.9999999998123 649.9999999998308 2871.422220100866
8290 649.999999999661 699.9999999998871 1842.79998090955
8291 649.9999999996803 699.9999999998868 1971.377760808031
8292 649.9999999996993 699.9999999998872 2099.95554070637
8293 649.9999999997176 699.9999999998872 2228.533320605084
8294 649.9999999997365 699.9999999998871 2357.111100503904
8295 649.9999999997552 699.9999999998872 2485.688880403154
8296 649.9999999997742 699.9999999998873 2614.266660302058
8297 649.9999999997929 699.9999999998871 2742.844440201367
8298 649.9999999998124 699.9999999998872 2871.422220100865
8299 649.999999999661 749.9999999999437 1842.79998090955
8300 649.9999999996799 749.9999999999435 1971.377760808031
8301 649.9999999996992 749.9999999999435 2099.955540706371
8302 649.9999999997175 749.9999999999437 2228.533320605082
8303 649.9999999997365 749.9999999999436 2357.111100503904
8304 649.9999999997557 749.9999999999436 2485.688880403154
8305 649.9999999997742 749.9999999999436 2614.266660302058
8306 649.9999999997929 749.9999999999436 2742.844440201367
8307 649.9999999998124 749.9999999999436 2871.422220100866
8308 699.9999999997798 249.9999999998196 1907.066641213137
8309 699.999999999792 249.9999999998197 2028.50368107791
8310 699.9999999998038 249.9999999998196 2149.940720942541
8311 699.9999999998157 249.9999999998196 2271.377760807613
8312 699.9999999998273 249.9999999998197 2392.814800672719
8313 699.9999999998395 249.9999999998196 2514.251840538054
8314 699.9999999998516 249.9999999998196 2635.688880403135
8315 699.9999999998633 249.9999999998196 2757.125920268874
8316 699.9999999998757 249.9999999998195 2878.562960134755
8317 699.99999999978 299.9999999998578 1907.066641213136
8318 699.9999999997914 299.9999999998579 2028.50368107791
8319 699.9999999998035 299.9999999998579 2149.940720942544
8320 699.9999999998157 299.9999999998576 2271.377760807614
8321 699.9999999998275 299.9999999998577 2392.81480067272
8322 699.9999999998392 299.9999999998578 2514.251840538055
8323 699.9999999998512 299.9999999998576 2635.688880403134
8324 699.9999999998628 299.9999999998578 2757.125920268875
8325 699.9999999998752 299.9999999998579 2878.562960134757
8326 699.9999999997806 349.9999999999139 1907.066641213137
8327 699.9999999997927 349.9999999999143 2028.503681077911
8328 699.9999999998041 349.9999999999141 2149.940720942544
8329 699.9999999998164 349.9999999999143 2271.377760807614
8330 699.9999999998282 349.9999999999142 2392.81480067272
8331 699.99999999984 349.9999999999143 2514.251840538055
8332 699.9999999998516 349.9999999999142 2635.688880403133
8333 699.9999999998635 349.9999999999143 2757.125920268875
8334 699.9999999998753 349.9999999999143 2878.562960134755
8335 699.99999999978 399.9999999999707 1907.066641213136
8336 699.9999999997918 399.9999999999707 2028.50368107791
8337 699.9999999998037 399.9999999999705 2149.940720942543
8338 699.9999999998158 399.9999999999707 2271.377760807614
8339 699.9999999998277 399.9999999999707 2392.814800672721
8340 699.9999999998394 399.9999999999707 2514.251840538054
8341 699.9999999998512 399.9999999999707 2635.688880403134
8342 699.9999999998627 399.9999999999705 2757.125920268874
8343 699.9999999998751 399.9999999999705 2878.562960134755
8344 699.9999999997801 450.0000000000269 1907.066641213136
8345 699.9999999997921 450.0000000000268 2028.50368107791
8346 699.999999999804 450.0000000000271 2149.940720942543
8347 699.9999999998159 450.0000000000269 2271.377760807612
8348 699.9999999998279 450.0000000000269 2392.814800672721
8349 699.9999999998396 450.0000000000268 2514.251840538055
8350 699.9999999998513 450.0000000000268 2635.688880403135
8351 699.9999999998629 450.0000000000271 2757.125920268876
8352 699.9999999998753 450.0000000000271 2878.562960134756
8353 699.99999999978 499.9999999996724 1907.066641213136
8354 699.999999999792 499.9999999996726 2028.50368107791
8355 699.999999999804 499.999999999673 2149.940720942544
8356 699.9999999998161 499.9999999996725 2271.377760807612
8357 699.9999999998278 499.9999999996726 2392.814800672721
8358 699.9999999998397 499.9999999996727 2514.251840538055
8359 699.9999999998514 499.9999999996724 2635.688880403134
8360 699.999999999863 499.9999999996726 2757.125920268874
8361 699.9999999998753 499.9999999996725 2878.562960134756
8362 699.9999999997804 549.9999999997178 1907.066641213137
8363 699.999999999792 549.9999999997181 2028.50368107791
8364 699.9999999998038 549.9999999997179 2149.940720942543
8365 699.9999999998159 549.9999999997176 2271.377760807613
8366 699.9999999998278 549.9999999997179 2392.814800672721
8367 699.9999999998396 549.9999999997178 2514.251840538054
8368 699.9999999998513 549.9999999997181 2635.688880403135
8369 699.9999999998636 549.9999999997181 2757.125920268874
8370 699.9999999998753 549.9999999997181 2878.562960134756
8371 699.9999999997802 599.9999999997744 1907.066641213137
8372 699.9999999997925 599.9999999997743 2028.50368107791
8373 699.9999999998039 599.9999999997744 2149.940720942544
8374 699.9999999998163 599.9999999997743 2271.377760807613
8375 699.9999999998278 599.9999999997744 2392.81480067272
8376 699.9999999998399 599.9999999997743 2514.251840538054
8377 699.9999999998512 599.9999999997744 2635.688880403134
8378 699.9999999998628 599.9999999997744 2757.125920268874
8379 699.9999999998753 599.9999999997744 2878.562960134756
8380 699.9999999997802 649.9999999998306 1907.066641213136
8381 699.999999999792 649.9999999998306 2028.50368107791
8382 699.9999999998039 649.9999999998306 2149.940720942544
8383 699.9999999998159 649.9999999998305 2271.377760807613
8384 699.9999999998279 649.9999999998305 2392.814800672721
8385 699.9999999998395 649.9999999998308 2514.251840538054
8386 699.9999999998514 649.9999999998307 2635.688880403135
8387 699.9999999998633 649.9999999998308 2757.125920268874
8388 699.9999999998753 649.9999999998308 2878.562960134756
8389 699.9999999997802 699.9999999998867 1907.066641213137
8390 699.9999999997921 699.999999999887 2028.50368107791
8391 699.9999999998039 699.9999999998872 2149.940720942542
8392 699.9999999998161 699.9999999998873 2271.377760807613
8393 699.9999999998278 699.9999999998872 2392.814800672721
8394 699.9999999998395 699.9999999998872 2514.251840538055
8395 699.9999999998513 699.9999999998873 2635.688880403135
8396 699.9999999998633 699.9999999998871 2757.125920268874
8397 699.999999999876 699.9999999998873 2878.562960134755
8398 699.9999999997801 749.9999999999436 1907.066641213136
8399 699.9999999997923 749.9999999999434 2028.50368107791
8400 699.9999999998039 749.9999999999429 2149.940720942544
8401 699.9999999998164 749.9999999999436 2271.377760807613
8402 699.9999999998282 749.9999999999436 2392.814800672721
8403 699.99999999984 749.9999999999436 2514.251840538054
8404 699.9999999998514 749.9999999999436 2635.688880403134
8405 699.9999999998636 749.9999999999436 2757.125920268874
8406 699.9999999998756 749.9999999999436 2878.562960134755
8407 749.9999999999305 249.9999999998196 1971.333301516768
8408 749.9999999999321 249.9999999998196 2085.629601347829
8409 749.999999999933 249.9999999998195 2199.92590117875
8410 749.9999999999347 249.9999999998195 2314.222201010174
8411 749.9999999999357 249.9999999998196 2428.518500841562
8412 749.9999999999375 249.9999999998195 2542.814800672975
8413 749.9999999999395 249.9999999998195 2657.111100504227
8414 749.9999999999408 249.9999999998196 2771.407400336393
8415 749.9999999999424 249.9999999998195 2885.70370016865
8416 749.9999999999301 299.9999999998578 1971.333301516766
8417 749.9999999999319 299.9999999998578 2085.629601347829
8418 749.9999999999329 299.9999999998578 2199.925901178749
8419 749.9999999999343 299.9999999998578 2314.222201010174
8420 749.9999999999358 299.9999999998577 2428.518500841562
8421 749.9999999999369 299.9999999998576 2542.814800672975
8422 749.9999999999392 299.9999999998578 2657.111100504227
8423 749.9999999999402 299.9999999998578 2771.407400336393
8424 749.9999999999422 299.9999999998579 2885.70370016865
8425 749.9999999999305 349.9999999999141 1971.333301516766
8426 749.9999999999321 349.9999999999143 2085.629601347829
8427 749.9999999999335 349.9999999999139 2199.92590117875
8428 749.9999999999347 349.9999999999142 2314.222201010174
8429 749.9999999999362 349.9999999999141 2428.518500841564
8430 749.9999999999374 349.9999999999143 2542.814800672975
8431 749.9999999999392 349.9999999999141 2657.111100504227
8432 749.999999999941 349.9999999999142 2771.407400336395
8433 749.9999999999422 349.9999999999142 2885.70370016865
8434 749.9999999999309 399.9999999999706 1971.333301516768
8435 749.9999999999324 399.9999999999708 2085.62960134783
8436 749.9999999999336 399.9999999999706 2199.925901178749
8437 749.9999999999351 399.9999999999707 2314.222201010175
8438 749.9999999999366 399.9999999999707 2428.518500841564
8439 749.9999999999375 399.9999999999707 2542.814800672975
8440 749.9999999999397 399.9999999999706 2657.111100504229
8441 749.9999999999405 399.9999999999707 2771.407400336394
8442 749.9999999999422 399.9999999999707 2885.703700168649
8443 749.9999999999312 450.0000000000269 1971.333301516768
8444 749.9999999999327 450.000000000027 2085.629601347829
8445 749.9999999999339 450.0000000000272 2199.92590117875
8446 749.9999999999354 450.0000000000268 2314.222201010174
8447 749.9999999999368 450.0000000000271 2428.518500841563
8448 749.9999999999374 450.0000000000268 2542.814800672976
8449 749.9999999999397 450.0000000000268 2657.111100504228
8450 749.9999999999408 450.000000000027 2771.407400336393
8451 749.9999999999419 450.0000000000271 2885.70370016865
8452 749.9999999999302 499.9999999996726 1971.333301516766
8453 749.9999999999318 499.9999999996728 2085.62960134783
8454 749.9999999999334 499.9999999996728 2199.925901178749
8455 749.9999999999346 499.9999999996725 2314.222201010173
8456 749.9999999999359 499.9999999996726 2428.518500841564
8457 749.9999999999376 499.9999999996727 2542.814800672976
8458 749.9999999999395 499.9999999996724 2657.111100504228
8459 749.9999999999409 499.9999999996727 2771.407400336395
8460 749.9999999999419 499.9999999996724 2885.703700168649
8461 749.9999999999302 549.9999999997176 1971.333301516766
8462 749.9999999999317 549.9999999997178 2085.629601347829
8463 749.999999999933 549.9999999997177 2199.925901178749
8464 749.9999999999344 549.9999999997176 2314.222201010174
8465 749.9999999999357 549.9999999997179 2428.518500841564
8466 749.9999999999374 549.9999999997177 2542.814800672976
8467 749.9999999999394 549.9999999997177 2657.111100504229
8468 749.9999999999407 549.9999999997181 2771.407400336392
8469 749.9999999999422 549.9999999997178 2885.70370016865
8470 749.9999999999308 599.9999999997744 1971.333301516768
8471 749.9999999999321 599.9999999997743 2085.629601347829
8472 749.9999999999334 599.9999999997744 2199.92590117875
8473 749.9999999999347 599.9999999997744 2314.222201010175
8474 749.9999999999366 599.9999999997743 2428.518500841564
8475 749.9999999999374 599.9999999997743 2542.814800672975
8476 749.9999999999397 599.9999999997744 2657.111100504228
8477 749.9999999999407 599.9999999997744 2771.407400336393
8478 749.9999999999421 599.9999999997743 2885.703700168649
8479 749.99999999993 649.9999999998302 1971.333301516765
8480 749.9999999999321 649.9999999998302 2085.62960134783
8481 749.9999999999335 649.9999999998303 2199.925901178749
8482 749.9999999999349 649.9999999998306 2314.222201010174
8483 749.9999999999361 649.9999999998304 2428.518500841563
8484 749.9999999999372 649.9999999998305 2542.814800672975
8485 749.9999999999394 649.9999999998306 2657.111100504229
8486 749.9999999999408 649.9999999998308 2771.407400336393
8487 749.9999999999422 649.9999999998308 2885.70370016865
8488 749.9999999999303 699.9999999998873 1971.333301516767
8489 749.9999999999322 699.9999999998867 2085.629601347829
8490 749.9999999999335 699.9999999998872 2199.925901178749
8491 749.9999999999349 699.9999999998873 2314.222201010174
8492 749.9999999999362 699.9999999998872 2428.518500841564
8493 749.9999999999375 699.9999999998873 2542.814800672976
8494 749.9999999999394 699.9999999998873 2657.111100504229
8495 749.9999999999407 699.9999999998872 2771.407400336393
8496 749.9999999999421 699.9999999998871 2885.703700168649
8497 749.9999999999301 749.999999999944 1971.333301516766
8498 749.9999999999318 749.9999999999435 2085.629601347829
8499 749.999999999933 749.9999999999435 2199.925901178749
8500 749.9999999999349 749.9999999999437 2314.222201010173
8501 749.9999999999358 749.9999999999436 2428.518500841562
8502 749.9999999999374 749.9999999999437 2542.814800672976
8503 749.9999999999392 749.9999999999436 2657.111100504228
8504 749.9999999999405 749.9999999999437 2771.407400336393
8505 749.9999999999424 749.9999999999437 2885.70370016865
8506 849.9999999999341 249.9999999998197 2099.866622123512
8507 849.9999999999421 249.9999999998198 2199.881441887295
8508 849.9999999999491 249.9999999998197 2299.8962616509
8509 849.9999999999563 249.9999999998197 2399.911081415002
8510 849.9999999999636 249.9999999998197 2499.925901178819
8511 849.9999999999707 249.9999999998197 2599.940720942673
8512 849.9999999999778 249.9999999998196 2699.955540706646
8513 849.9999999999858 249.9999999998197 2799.970360471292
8514 849.9999999999927 249.9999999998196 2899.985180236174
8515 849.9999999999338 299.9999999998578 2099.866622123513
8516 849.9999999999418 299.9999999998578 2199.881441887295
8517 849.9999999999488 299.9999999998578 2299.896261650901
8518 849.9999999999561 299.9999999998576 2399.911081415004
8519 849.9999999999632 299.9999999998577 2499.925901178819
8520 849.9999999999707 299.9999999998576 2599.940720942672
8521 849.9999999999781 299.9999999998576 2699.955540706647
8522 849.9999999999851 299.9999999998576 2799.970360471292
8523 849.999999999993 299.9999999998579 2899.985180236174
8524 849.9999999999344 349.9999999999143 2099.866622123512
8525 849.9999999999425 349.9999999999143 2199.881441887295
8526 849.9999999999494 349.9999999999142 2299.896261650902
8527 849.9999999999561 349.9999999999142 2399.911081415004
8528 849.9999999999638 349.9999999999143 2499.925901178819
8529 849.9999999999712 349.9999999999143 2599.940720942674
8530 849.9999999999784 349.9999999999143 2699.955540706648
8531 849.9999999999858 349.9999999999143 2799.970360471292
8532 849.999999999993 349.9999999999143 2899.985180236174
8533 849.9999999999338 399.9999999999706 2099.866622123512
8534 849.9999999999419 399.9999999999709 2199.881441887296
8535 849.9999999999488 399.9999999999707 2299.8962616509
8536 849.9999999999567 399.9999999999707 2399.911081415004
8537 849.9999999999632 399.9999999999706 2499.925901178818
8538 849.999999999971 399.9999999999707 2599.940720942673
8539 849.9999999999783 399.9999999999705 2699.955540706646
8540 849.9999999999856 399.9999999999704 2799.970360471292
8541 849.9999999999927 399.9999999999705 2899.985180236172
8542 849.9999999999345 450.0000000000271 2099.866622123513
8543 849.9999999999424 450.000000000027 2199.881441887295
8544 849.9999999999493 450.0000000000267 2299.896261650901
8545 849.9999999999566 450.0000000000268 2399.911081415004
8546 849.999999999964 450.000000000027 2499.925901178819
8547 849.9999999999709 450.0000000000271 2599.940720942674
8548 849.9999999999783 450.0000000000268 2699.955540706645
8549 849.9999999999854 450.0000000000268 2799.970360471292
8550 849.9999999999925 450.0000000000271 2899.985180236173
8551 849.999999999935 499.9999999996727 2099.866622123513
8552 849.9999999999421 499.9999999996725 2199.881441887295
8553 849.9999999999496 499.9999999996729 2299.896261650901
8554 849.9999999999568 499.9999999996726 2399.911081415003
8555 849.9999999999641 499.9999999996726 2499.92590117882
8556 849.9999999999714 499.9999999996729 2599.940720942674
8557 849.9999999999785 499.9999999996727 2699.955540706647
8558 849.9999999999859 499.9999999996726 2799.970360471292
8559 849.9999999999931 499.9999999996726 2899.985180236172
8560 849.9999999999347 549.9999999997178 2099.866622123512
8561 849.9999999999425 549.9999999997178 2199.881441887295
8562 849.9999999999495 549.9999999997178 2299.896261650901
8563 849.9999999999563 549.9999999997181 2399.911081415005
8564 849.9999999999634 549.9999999997178 2499.925901178819
8565 849.9999999999707 549.9999999997178 2599.940720942673
8566 849.9999999999781 549.9999999997181 2699.955540706646
8567 849.9999999999858 549.9999999997178 2799.970360471291
8568 849.9999999999928 549.9999999997177 2899.985180236174
8569 849.999999999935 599.9999999997742 2099.866622123513
8570 849.9999999999427 599.9999999997742 2199.881441887295
8571 849.9999999999498 599.9999999997744 2299.896261650901
8572 849.9999999999567 599.9999999997744 2399.911081415005
8573 849.9999999999637 599.9999999997744 2499.925901178819
8574 849.9999999999714 599.9999999997744 2599.940720942673
8575 849.9999999999789 599.9999999997742 2699.955540706647
8576 849.9999999999854 599.9999999997742 2799.970360471292
8577 849.9999999999932 599.9999999997744 2899.985180236173
8578 849.9999999999342 649.9999999998305 2099.866622123512
8579 849.9999999999422 649.9999999998306 2199.881441887294
8580 849.9999999999491 649.9999999998307 2299.896261650901
8581 849.9999999999561 649.9999999998306 2399.911081415004
8582 849.9999999999636 649.9999999998306 2499.925901178818
8583 849.9999999999709 649.9999999998306 2599.940720942672
8584 849.9999999999779 649.9999999998306 2699.955540706645
8585 849.9999999999858 649.9999999998306 2799.970360471292
8586 849.999999999993 649.9999999998307 2899.985180236173
8587 849.9999999999346 699.9999999998872 2099.866622123512
8588 849.9999999999425 699.9999999998875 2199.881441887295
8589 849.9999999999494 699.9999999998872 2299.896261650901
8590 849.9999999999561 699.9999999998872 2399.911081415005
8591 849.9999999999638 699.9999999998872 2499.925901178818
8592 849.9999999999711 699.9999999998872 2599.940720942673
8593 849.9999999999784 699.9999999998873 2699.955540706645
8594 849.9999999999858 699.9999999998867 2799.970360471292
8595 849.9999999999927 699.9999999998872 2899.985180236174
8596 849.9999999999346 749.9999999999436 2099.866622123511
8597 849.9999999999427 749.9999999999436 2199.881441887295
8598 849.9999999999493 749.9999999999434 2299.8962616509
8599 849.9999999999563 749.9999999999436 2399.911081415005
8600 849.9999999999635 749.9999999999437 2499.925901178818
8601 849.9999999999714 749.9999999999436 2599.940720942673
8602 849.9999999999785 749.9999999999436 2699.955540706647
8603 849.9999999999852 749.9999999999436 2799.970360471291
8604 849.9999999999928 749.9999999999436 2899.985180236172
8605 899.9999999997555 249.9999999998196 2164.13328242658
8606 899.9999999997826 249.9999999998197 2257.007362156803
8607 899.99999999981 249.9999999998197 2349.881441886808
8608 899.999999999837 249.9999999998195 2442.755521617245
8609 899.9999999998643 249.9999999998197 2535.629601347207
8610 899.9999999998913 249.9999999998196 2628.503681077427
8611 899.9999999999188 249.9999999998196 2721.37776080796
8612 899.9999999999459 249.9999999998196 2814.25184053866
8613 899.9999999999721 249.9999999998196 2907.125920269797
8614 899.9999999997556 299.9999999998577 2164.133282426581
8615 899.9999999997831 299.9999999998577 2257.007362156802
8616 899.9999999998099 299.9999999998578 2349.881441886811
8617 899.9999999998375 299.9999999998577 2442.755521617245
8618 899.9999999998644 299.9999999998577 2535.629601347209
8619 899.9999999998913 299.9999999998577 2628.503681077429
8620 899.9999999999185 299.9999999998576 2721.37776080796
8621 899.9999999999454 299.9999999998576 2814.251840538661
8622 899.9999999999727 299.9999999998579 2907.125920269798
8623 899.9999999997556 349.9999999999142 2164.133282426581
8624 899.999999999783 349.9999999999143 2257.007362156804
8625 899.99999999981 349.9999999999142 2349.881441886811
8626 899.9999999998371 349.9999999999142 2442.755521617244
8627 899.9999999998649 349.9999999999143 2535.629601347207
8628 899.9999999998917 349.9999999999143 2628.503681077427
8629 899.9999999999189 349.9999999999143 2721.37776080796
8630 899.9999999999459 349.9999999999143 2814.251840538662
8631 899.9999999999727 349.9999999999143 2907.125920269798
8632 899.9999999997553 399.9999999999707 2164.13328242658
8633 899.9999999997825 399.9999999999706 2257.007362156803
8634 899.9999999998099 399.9999999999707 2349.881441886809
8635 899.999999999837 399.9999999999707 2442.755521617244
8636 899.9999999998645 399.9999999999706 2535.629601347207
8637 899.9999999998915 399.9999999999707 2628.503681077429
8638 899.9999999999188 399.9999999999707 2721.37776080796
8639 899.9999999999454 399.9999999999704 2814.25184053866
8640 899.999999999972 399.9999999999704 2907.125920269797
8641 899.9999999997556 450.0000000000271 2164.13328242658
8642 899.999999999783 450.0000000000269 2257.007362156802
8643 899.9999999998098 450.0000000000269 2349.881441886809
8644 899.9999999998374 450.0000000000271 2442.755521617243
8645 899.9999999998645 450.0000000000271 2535.629601347207
8646 899.9999999998918 450.0000000000271 2628.503681077427
8647 899.9999999999189 450.0000000000268 2721.37776080796
8648 899.9999999999454 450.0000000000268 2814.25184053866
8649 899.9999999999727 450.0000000000268 2907.125920269797
8650 899.9999999997556 499.9999999996728 2164.133282426581
8651 899.9999999997831 499.9999999996725 2257.007362156802
8652 899.9999999998106 499.9999999996726 2349.881441886811
8653 899.9999999998374 499.9999999996726 2442.755521617242
8654 899.9999999998647 499.9999999996728 2535.629601347207
8655 899.9999999998918 499.999999999673 2628.503681077428
8656 899.9999999999188 499.9999999996727 2721.377760807962
8657 899.9999999999453 499.9999999996727 2814.25184053866
8658 899.9999999999727 499.9999999996725 2907.125920269797
8659 899.9999999997553 549.9999999997176 2164.13328242658
8660 899.9999999997831 549.9999999997181 2257.007362156803
8661 899.9999999998101 549.9999999997178 2349.881441886809
8662 899.9999999998374 549.9999999997181 2442.755521617245
8663 899.9999999998648 549.9999999997181 2535.629601347207
8664 899.9999999998918 549.9999999997181 2628.503681077429
8665 899.9999999999188 549.9999999997181 2721.377760807962
8666 899.9999999999459 549.9999999997178 2814.25184053866
8667 899.9999999999726 549.9999999997178 2907.125920269797
8668 899.9999999997553 599.999999999774 2164.133282426581
8669 899.9999999997829 599.9999999997742 2257.007362156804
8670 899.99999999981 599.9999999997743 2349.881441886809
8671 899.9999999998371 599.9999999997744 2442.755521617245
8672 899.9999999998645 599.9999999997742 2535.629601347207
8673 899.9999999998917 599.9999999997742 2628.503681077429
8674 899.9999999999187 599.9999999997742 2721.377760807962
8675 899.9999999999453 599.9999999997742 2814.25184053866
8676 899.9999999999725 599.9999999997744 2907.125920269796
8677 899.9999999997555 649.9999999998305 2164.133282426581
8678 899.9999999997831 649.9999999998308 2257.007362156803
8679 899.9999999998101 649.9999999998308 2349.881441886809
8680 899.9999999998372 649.9999999998307 2442.755521617245
8681 899.9999999998646 649.9999999998306 2535.629601347207
8682 899.9999999998915 649.9999999998306 2628.503681077428
8683 899.9999999999188 649.9999999998306 2721.377760807961
8684 899.9999999999453 649.9999999998306 2814.25184053866
8685 899.9999999999727 649.9999999998307 2907.125920269797
8686 899.9999999997555 699.9999999998873 2164.133282426581
8687 899.9999999997831 699.9999999998873 2257.007362156803
8688 899.9999999998104 699.9999999998872 2349.881441886809
8689 899.9999999998374 699.9999999998872 2442.755521617245
8690 899.9999999998648 699.9999999998872 2535.629601347207
8691 899.9999999998918 699.9999999998872 2628.503681077429
8692 899.9999999999189 699.9999999998872 2721.37776080796
8693 899.9999999999454 699.9999999998868 2814.25184053866
8694 899.9999999999727 699.9999999998872 2907.125920269797
8695 899.9999999997553 749.9999999999437 2164.133282426581
8696 899.9999999997826 749.9999999999435 2257.007362156802
8697 899.9999999998105 749.9999999999437 2349.881441886809
8698 899.9999999998372 749.9999999999436 2442.755521617245
8699 899.9999999998646 749.9999999999436 2535.629601347207
8700 899.9999999998915 749.9999999999436 2628.503681077429
8701 899.9999999999186 749.9999999999436 2721.377760807962
8702 899.9999999999452 749.9999999999436 2814.25184053866
8703 899.9999999999724 749.9999999999436 2907.125920269797
8704 949.9999999998964 249.9999999998196 2228.399942730105
8705 949.9999999999081 249.9999999998197 2314.133282426714
8706 949.9999999999195 249.9999999998197 2399.866622123072
8707 949.9999999999313 249.9999999998196 2485.599961819788
8708 949.9999999999427 249.9999999998196 2571.333301515851
8709 949.9999999999538 249.9999999998196 2657.066641212386
8710 949.9999999999656 249.9999999998196 2742.799980909424
8711 949.9999999999771 249.9999999998196 2828.53332060613
8712 949.9999999999886 249.9999999998196 2914.266660303471
8713 949.9999999998968 299.9999999998576 2228.399942730106
8714 949.9999999999084 299.9999999998577 2314.133282426713
8715 949.9999999999195 299.9999999998576 2399.866622123073
8716 949.9999999999313 299.9999999998577 2485.599961819788
8717 949.9999999999426 299.9999999998576 2571.333301515851
8718 949.9999999999537 299.9999999998576 2657.066641212387
8719 949.9999999999654 299.9999999998576 2742.799980909424
8720 949.9999999999767 299.9999999998576 2828.533320606131
8721 949.9999999999885 299.9999999998579 2914.266660303473
8722 949.9999999998963 349.9999999999139 2228.399942730107
8723 949.9999999999085 349.9999999999143 2314.133282426714
8724 949.9999999999202 349.9999999999142 2399.866622123072
8725 949.9999999999314 349.9999999999142 2485.599961819789
8726 949.9999999999426 349.9999999999143 2571.33330151585
8727 949.999999999954 349.9999999999143 2657.066641212386
8728 949.9999999999656 349.9999999999143 2742.799980909424
8729 949.9999999999768 349.9999999999143 2828.53332060613
8730 949.9999999999887 349.9999999999143 2914.266660303472
8731 949.9999999998965 399.9999999999704 2228.399942730105
8732 949.9999999999078 399.9999999999704 2314.133282426714
8733 949.9999999999196 399.9999999999704 2399.866622123072
8734 949.9999999999312 399.9999999999707 2485.599961819788
8735 949.9999999999425 399.9999999999704 2571.333301515849
8736 949.9999999999538 399.9999999999704 2657.066641212385
8737 949.9999999999657 399.9999999999704 2742.799980909424
8738 949.9999999999773 399.9999999999704 2828.53332060613
8739 949.9999999999877 399.9999999999705 2914.266660303472
8740 949.9999999998955 450.0000000000271 2228.399942730105
8741 949.9999999999078 450.0000000000269 2314.133282426712
8742 949.9999999999197 450.0000000000268 2399.866622123074
8743 949.9999999999308 450.0000000000268 2485.599961819787
8744 949.9999999999419 450.000000000027 2571.33330151585
8745 949.9999999999533 450.0000000000271 2657.066641212386
8746 949.9999999999646 450.0000000000268 2742.799980909424
8747 949.9999999999768 450.0000000000267 2828.533320606129
8748 949.9999999999879 450.0000000000268 2914.26666030347
8749 949.9999999998968 499.9999999996727 2228.399942730105
8750 949.9999999999086 499.9999999996726 2314.133282426714
8751 949.9999999999199 499.9999999996727 2399.866622123073
8752 949.9999999999314 499.9999999996725 2485.599961819788
8753 949.9999999999422 499.9999999996727 2571.333301515851
8754 949.9999999999536 499.9999999996727 2657.066641212386
8755 949.9999999999658 499.9999999996726 2742.799980909424
8756 949.999999999977 499.9999999996726 2828.533320606129
8757 949.9999999999882 499.9999999996727 2914.266660303473
8758 949.9999999998968 549.9999999997181 2228.399942730105
8759 949.9999999999086 549.9999999997179 2314.133282426712
8760 949.99999999992 549.9999999997181 2399.866622123072
8761 949.9999999999314 549.9999999997181 2485.599961819789
8762 949.9999999999428 549.9999999997181 2571.33330151585
8763 949.9999999999534 549.9999999997179 2657.066641212386
8764 949.9999999999659 549.9999999997178 2742.799980909424
8765 949.9999999999769 549.9999999997178 2828.53332060613
8766 949.9999999999886 549.9999999997176 2914.266660303473
8767 949.9999999998968 599.9999999997744 2228.399942730106
8768 949.9999999999081 599.9999999997746 2314.133282426714
8769 949.9999999999202 599.9999999997744 2399.866622123073
8770 949.9999999999314 599.9999999997744 2485.599961819788
8771 949.9999999999425 599.9999999997743 2571.33330151585
8772 949.9999999999538 599.9999999997744 2657.066641212386
8773 949.999999999966 599.9999999997742 2742.799980909424
8774 949.9999999999768 599.9999999997744 2828.53332060613
8775 949.9999999999884 599.9999999997744 2914.266660303472
8776 949.9999999998967 649.9999999998308 2228.399942730106
8777 949.9999999999086 649.9999999998313 2314.133282426715
8778 949.9999999999201 649.9999999998307 2399.866622123072
8779 949.9999999999313 649.9999999998311 2485.599961819788
8780 949.9999999999426 649.9999999998308 2571.33330151585
8781 949.9999999999538 649.9999999998306 2657.066641212386
8782 949.9999999999656 649.9999999998306 2742.799980909427
8783 949.9999999999768 649.9999999998306 2828.53332060613
8784 949.9999999999885 649.9999999998307 2914.266660303473
8785 949.9999999998965 699.9999999998875 2228.399942730106
8786 949.9999999999083 699.9999999998872 2314.133282426714
8787 949.9999999999201 699.9999999998873 2399.866622123073
8788 949.9999999999313 699.9999999998872 2485.599961819788
8789 949.9999999999426 699.9999999998873 2571.333301515849
8790 949.9999999999538 699.9999999998872 2657.066641212386
8791 949.9999999999653 699.9999999998873 2742.799980909425
8792 949.9999999999768 699.9999999998872 2828.53332060613
8793 949.9999999999886 699.9999999998872 2914.266660303472
8794 949.9999999998965 749.9999999999441 2228.399942730106
8795 949.9999999999083 749.9999999999437 2314.133282426714
8796 949.9999999999199 749.9999999999437 2399.866622123072
8797 949.9999999999313 749.9999999999436 2485.599961819789
8798 949.9999999999425 749.9999999999436 2571.33330151585
8799 949.9999999999538 749.9999999999436 2657.066641212386
8800 949.999999999966 749.9999999999436 2742.799980909424
8801 949.9999999999771 749.9999999999435 2828.53332060613
8802 949.9999999999884 749.9999999999436 2914.266660303472
8803 49.99999999983151 850.0000000000001 1071.600057268743
8804 49.99999999982539 850.0000000000005 1285.866717571488
8805 49.99999999981922 850 1500.13337787415
8806 49.9999999998131 850 1714.400038177069
8807 49.99999999980695 850.0000000000001 1928.666698480195
8808 49.99999999980081 850.0000000000002 2142.93335878445
8809 49.9999999997947 850.0000000000001 2357.200019088484
8810 49.99999999978851 850.0000000000001 2571.466679392041
8811 49.99999999978239 850.0000000000001 2785.733339695882
8812 49.99999999983151 900 1071.600057268743
8813 49.99999999982538 900 1285.866717571487
8814 49.99999999981923 900 1500.13337787415
8815 49.9999999998131 900.0000000000003 1714.400038177068
8816 49.99999999980698 900.0000000000005 1928.666698480193
8817 49.9999999998008 900 2142.933358784451
8818 49.9999999997947 900.0000000000001 2357.200019088483
8819 49.99999999978854 900 2571.466679392041
8820 49.99999999978239 900 2785.733339695882
8821 49.999999999831 950.0000000000002 1071.600057268743
8822 49.99999999982493 949.9999999999998 1285.866717571487
8823 49.99999999981883 949.9999999999998 1500.133377874149
8824 49.99999999981277 949.9999999999999 1714.400038177068
8825 49.9999999998067 950.0000000000002 1928.666698480193
8826 49.99999999980056 949.9999999999998 2142.933358784451
8827 49.99999999979453 949.9999999999998 2357.200019088483
8828 49.99999999978843 949.9999999999998 2571.466679392042
8829 49.99999999978233 949.9999999999999 2785.733339695881
8830 99.99999999976632 849.9999999999999 1135.866717572082
8831 99.99999999975306 850.0000000000003 1342.992637841139
8832 99.9999999997398 850.0000000000005 1550.118558110094
8833 99.99999999972664 850.0000000000001 1757.244478379145
8834 99.99999999971344 850.0000000000001 1964.370398648588
8835 99.99999999970018 850.0000000000001 2171.496318919535
8836 99.99999999968693 850 2378.622239189942
8837 99.99999999967375 850 2585.748159459399
8838 99.9999999996605 850.0000000000002 2792.874079729261
8839 99.99999999976632 899.9999999999994 1135.866717572082
8840 99.99999999975304 900.0000000000002 1342.992637841139
8841 99.99999999973983 900 1550.118558110093
8842 99.99999999972661 899.9999999999999 1757.244478379146
8843 99.99999999971342 900 1964.370398648588
8844 99.99999999970014 900 2171.496318919536
8845 99.99999999968693 900 2378.622239189942
8846 99.99999999967375 900 2585.748159459398
8847 99.9999999996605 900 2792.874079729261
8848 99.99999999976633 949.9999999999998 1135.866717572082
8849 99.99999999975306 950 1342.992637841139
8850 99.9999999997398 949.9999999999999 1550.118558110093
8851 99.99999999972663 950.0000000000002 1757.244478379146
8852 99.99999999971344 950.0000000000001 1964.370398648588
8853 99.99999999970019 950 2171.496318919536
8854 99.99999999968699 950.0000000000001 2378.622239189943
8855 99.99999999967375 950 2585.748159459399
8856 99.9999999996605 950 2792.874079729261
8857 149.999999999821 850.0000000000001 1200.133377875563
8858 149.9999999998105 850.0000000000006 1400.118558110916
8859 149.9999999998001 850.0000000000009 1600.103738346147
8860 149.9999999997895 850 1800.088918581315
8861 149.999999999779 850 2000.07409881706
8862 149.9999999997685 850 2200.059279054683
8863 149.999999999758 850 2400.044459291448
8864 149.9999999997476 850 2600.029639526788
8865 149.9999999997369 850.0000000000001 2800.014819762661
8866 149.9999999998211 899.9999999999997 1200.133377875563
8867 149.9999999998106 899.9999999999999 1400.118558110915
8868 149.9999999998002 899.9999999999998 1600.103738346147
8869 149.9999999997897 899.9999999999999 1800.088918581315
8870 149.999999999779 900 2000.074098817061
8871 149.9999999997686 900 2200.059279054683
8872 149.999999999758 900.0000000000001 2400.044459291449
8873 149.9999999997476 900 2600.029639526788
8874 149.999999999737 900 2800.01481976266
8875 149.9999999998211 950.0000000000002 1200.133377875563
8876 149.9999999998107 950.0000000000005 1400.118558110915
8877 149.9999999998001 949.9999999999999 1600.103738346147
8878 149.9999999997896 950 1800.088918581315
8879 149.999999999779 950.0000000000001 2000.074098817061
8880 149.9999999997686 950.0000000000005 2200.059279054683
8881 149.9999999997581 950 2400.044459291449
8882 149.9999999997476 950 2600.029639526788
8883 149.9999999997369 949.9999999999999 2800.014819762661
8884 249.9999999998572 849.9999999999999 1328.666698482439
8885 249.9999999998531 850 1514.370398650403
8886 249.999999999849 849.9999999999997 1700.074098818224
8887 249.9999999998449 849.9999999999994 1885.777798985888
8888 249.9999999998406 850 2071.481499154245
8889 249.9999999998365 849.9999999999995 2257.185199324646
8890 249.9999999998322 849.9999999999997 2442.888899493967
8891 249.999999999828 849.9999999999995 2628.592599661644
8892 249.9999999998239 850 2814.296299829924
8893 249.9999999998568 899.9999999999999 1328.666698482439
8894 249.9999999998529 899.9999999999999 1514.370398650402
8895 249.9999999998487 900 1700.074098818225
8896 249.9999999998446 900.0000000000001 1885.777798985888
8897 249.9999999998404 899.9999999999995 2071.481499154245
8898 249.9999999998363 900 2257.185199324646
8899 249.9999999998323 899.9999999999995 2442.888899493967
8900 249.9999999998281 900.0000000000001 2628.592599661644
8901 249.9999999998239 900 2814.296299829924
8902 249.9999999998573 949.9999999999992 1328.666698482439
8903 249.9999999998532 950.0000000000005 1514.370398650402
8904 249.9999999998491 950.0000000000002 1700.074098818224
8905 249.9999999998449 949.9999999999994 1885.777798985889
8906 249.9999999998406 950 2071.481499154245
8907 249.9999999998365 950 2257.185199324646
8908 249.9999999998322 949.9999999999997 2442.888899493967
8909 249.9999999998281 949.9999999999995 2628.592599661643
8910 249.9999999998239 949.9999999999995 2814.296299829924
8911 299.9999999998439 849.9999999999999 1392.933358785839
8912 299.9999999998454 850.0000000000001 1571.496318920115
8913 299.9999999998469 850 1750.059279054251
8914 299.9999999998487 850 1928.622239188296
8915 299.99999999985 849.9999999999995 2107.185199322958
8916 299.9999999998515 849.9999999999999 2285.748159459464
8917 299.9999999998531 850 2464.311119594982
8918 299.9999999998546 850.0000000000001 2642.874079729113
8919 299.9999999998562 849.9999999999997 2821.437039863795
8920 299.999999999844 899.9999999999998 1392.933358785839
8921 299.9999999998457 899.9999999999998 1571.496318920116
8922 299.9999999998471 900 1750.059279054251
8923 299.9999999998487 899.9999999999999 1928.622239188294
8924 299.9999999998502 899.9999999999998 2107.18519932296
8925 299.9999999998517 899.9999999999999 2285.748159459465
8926 299.9999999998531 900 2464.311119594982
8927 299.9999999998548 900 2642.874079729111
8928 299.9999999998565 900 2821.437039863795
8929 299.999999999844 949.9999999999995 1392.933358785838
8930 299.9999999998456 950.0000000000001 1571.496318920115
8931 299.9999999998471 949.9999999999998 1750.05927905425
8932 299.9999999998485 949.9999999999991 1928.622239188295
8933 299.9999999998501 950 2107.185199322958
8934 299.9999999998516 950 2285.748159459465
8935 299.9999999998531 949.9999999999995 2464.311119594982
8936 299.9999999998548 949.9999999999995 2642.874079729111
8937 299.9999999998562 949.9999999999998 2821.437039863795
8938 349.9999999997508 849.9999999999998 1457.200019089121
8939 349.9999999997689 850 1628.622239189726
8940 349.9999999997871 850.0000000000002 1800.044459290186
8941 349.9999999998051 850 1971.466679390623
8942 349.9999999998236 849.9999999999999 2142.888899491606
8943 349.9999999998417 850 2314.311119594232
8944 349.9999999998598 850 2485.733339695959
8945 349.9999999998778 850.0000000000002 2657.155559796555
8946 349.999999999896 850 2828.577779897647
8947 349.9999999997502 899.9999999999998 1457.200019089121
8948 349.9999999997686 899.9999999999999 1628.622239189724
8949 349.9999999997868 900.0000000000001 1800.044459290187
8950 349.9999999998052 899.9999999999995 1971.466679390623
8951 349.9999999998233 899.9999999999995 2142.888899491606
8952 349.9999999998415 900 2314.311119594231
8953 349.9999999998596 899.9999999999995 2485.733339695959
8954 349.999999999878 900 2657.155559796553
8955 349.9999999998959 899.9999999999997 2828.577779897649
8956 349.9999999997506 949.9999999999995 1457.200019089121
8957 349.9999999997689 950.0000000000005 1628.622239189725
8958 349.999999999787 950.0000000000002 1800.044459290185
8959 349.9999999998051 949.9999999999994 1971.466679390623
8960 349.9999999998233 950.0000000000002 2142.888899491605
8961 349.9999999998415 950 2314.31111959423
8962 349.9999999998596 949.9999999999995 2485.733339695959
8963 349.999999999878 949.9999999999997 2657.155559796553
8964 349.9999999998959 949.9999999999995 2828.577779897647
8965 399.9999999996821 850 1521.466679392439
8966 399.9999999997141 849.9999999999999 1685.748159459366
8967 399.9999999997465 849.9999999999998 1850.029639526149
8968 399.9999999997784 849.9999999999999 2014.311119592977
8969 399.9999999998103 849.9999999999999 2178.592599660275
8970 399.9999999998425 850 2342.874079729014
8971 399.9999999998744 849.9999999999998 2507.155559796946
8972 399.9999999999063 849.9999999999999 2671.437039864002
8973 399.9999999999386 850 2835.718519931509
8974 399.9999999996822 899.9999999999998 1521.466679392439
8975 399.9999999997142 899.9999999999995 1685.748159459366
8976 399.9999999997466 899.9999999999994 1850.029639526149
8977 399.9999999997787 900 2014.311119592975
8978 399.9999999998105 900 2178.592599660275
8979 399.9999999998424 900 2342.874079729014
8980 399.9999999998745 899.9999999999999 2507.155559796946
8981 399.9999999999065 900 2671.437039864002
8982 399.9999999999388 900 2835.718519931509
8983 399.9999999996827 949.9999999999999 1521.466679392439
8984 399.9999999997145 950.0000000000003 1685.748159459366
8985 399.999999999747 950 1850.02963952615
8986 399.9999999997788 950 2014.311119592976
8987 399.9999999998107 950 2178.592599660275
8988 399.9999999998429 949.9999999999998 2342.874079729014
8989 399.9999999998747 950 2507.155559796946
8990 399.9999999999067 949.9999999999998 2671.437039864002
8991 399.9999999999387 950 2835.718519931508
8992 449.9999999996453 850.0000000000001 1585.733339695804
8993 449.9999999996876 849.9999999999998 1742.874079729046
8994 449.9999999997304 849.9999999999995 1900.014819762148
8995 449.9999999997725 849.9999999999995 2057.155559795359
8996 449.9999999998149 850 2214.296299828968
8997 449.9999999998573 850.0000000000001 2371.437039863814
8998 449.9999999998998 849.9999999999997 2528.577779897949
8999 449.9999999999422 849.9999999999994 2685.718519931462
9000 449.9999999999845 849.9999999999998 2842.859259965374
9001 449.9999999996455 899.9999999999998 1585.733339695803
9002 449.9999999996876 900.0000000000001 1742.874079729046
9003 449.9999999997301 899.9999999999998 1900.01481976215
9004 449.9999999997725 900 2057.155559795357
9005 449.9999999998149 899.9999999999999 2214.296299828968
9006 449.9999999998574 900 2371.437039863813
9007 449.9999999999 899.9999999999999 2528.577779897948
9008 449.9999999999422 899.9999999999999 2685.718519931462
9009 449.9999999999847 900 2842.859259965375
9010 449.9999999996451 949.9999999999995 1585.733339695802
9011 449.9999999996876 950.0000000000001 1742.874079729045
9012 449.9999999997301 950 1900.014819762148
9013 449.9999999997722 949.9999999999998 2057.155559795357
9014 449.9999999998148 950 2214.296299828966
9015 449.9999999998574 949.9999999999999 2371.437039863813
9016 449.9999999999 949.9999999999995 2528.577779897949
9017 449.9999999999422 950 2685.718519931462
9018 449.9999999999846 949.9999999999995 2842.859259965374
9019 499.9999999994207 850.0000000000006 1649.999999998956
9020 499.9999999994484 849.9999999999999 1799.99999999854
9021 499.9999999994766 849.9999999999999 1949.999999997984
9022 499.9999999995044 850 2099.9999999976
9023 499.9999999995325 850 2249.999999997545
9024 499.9999999995604 850 2399.999999998523
9025 499.9999999995886 850 2549.999999998881
9026 499.9999999996168 850 2699.999999998875
9027 499.9999999996446 850 2849.999999999217
9028 499.9999999994204 899.9999999999998 1649.999999998955
9029 499.9999999994484 900.0000000000001 1799.99999999854
9030 499.9999999994766 900 1949.999999997984
9031 499.9999999995043 900.0000000000001 2099.999999997599
9032 499.9999999995325 899.9999999999999 2249.999999997545
9033 499.9999999995606 900 2399.999999998525
9034 499.9999999995886 900.0000000000001 2549.99999999888
9035 499.9999999996168 899.9999999999999 2699.999999998876
9036 499.9999999996447 899.9999999999999 2849.999999999213
9037 499.9999999994205 949.9999999999994 1649.999999998956
9038 499.9999999994483 949.9999999999999 1799.99999999854
9039 499.9999999994767 950 1949.999999997984
9040 499.9999999995044 949.9999999999998 2099.999999997599
9041 499.9999999995326 950.0000000000001 2249.999999997544
9042 499.9999999995609 950 2399.999999998525
9043 499.9999999995885 949.9999999999994 2549.999999998881
9044 499.9999999996166 950 2699.999999998875
9045 499.9999999996447 949.9999999999995 2849.999999999216
9046 549.9999999994661 850.0000000000003 1714.266660302439
9047 549.9999999994942 850.0000000000001 1857.125920268328
9048 549.9999999995219 850 1999.985180234075
9049 549.9999999995498 850 2142.844440200061
9050 549.9999999995786 849.9999999999999 2285.703700166306
9051 549.9999999996062 850 2428.562960133379
9052 549.9999999996343 850.0000000000001 2571.422220099923
9053 549.9999999996621 850 2714.281480066361
9054 549.9999999996901 849.9999999999999 2857.140740033093
9055 549.999999999466 899.9999999999998 1714.26666030244
9056 549.9999999994942 900 1857.125920268328
9057 549.9999999995222 900 1999.985180234074
9058 549.99999999955 900.0000000000001 2142.844440200061
9059 549.9999999995782 899.9999999999995 2285.703700166303
9060 549.9999999996058 900.0000000000001 2428.56296013338
9061 549.999999999634 899.9999999999995 2571.422220099924
9062 549.9999999996622 900 2714.281480066361
9063 549.9999999996899 900 2857.140740033093
9064 549.9999999994666 949.9999999999995 1714.26666030244
9065 549.9999999994945 950 1857.125920268327
9066 549.9999999995225 949.9999999999998 1999.985180234075
9067 549.9999999995505 949.9999999999994 2142.84444020006
9068 549.9999999995784 950.0000000000001 2285.703700166305
9069 549.9999999996062 950 2428.56296013338
9070 549.9999999996342 949.9999999999995 2571.422220099924
9071 549.9999999996621 949.9999999999995 2714.281480066362
9072 549.9999999996901 949.9999999999995 2857.140740033093
9073 599.9999999995359 850.0000000000006 1778.533320605955
9074 599.9999999995619 849.9999999999998 1914.251840538144
9075 599.999999999589 849.9999999999999 2049.970360470192
9076 599.9999999996153 850.0000000000001 2185.688880402546
9077 599.999999999642 849.9999999999999 2321.407400335082
9078 599.9999999996683 850 2457.125920268247
9079 599.9999999996945 850 2592.844440200977
9080 599.9999999997212 850 2728.562960133855
9081 599.9999999997478 850 2864.281480066973
9082 599.9999999995355 899.9999999999999 1778.533320605955
9083 599.9999999995622 900 1914.251840538143
9084 599.9999999995888 900 2049.970360470193
9085 599.9999999996149 900 2185.688880402547
9086 599.9999999996418 899.9999999999995 2321.407400335082
9087 599.999999999668 899.9999999999999 2457.125920268248
9088 599.9999999996946 899.9999999999994 2592.844440200976
9089 599.9999999997215 900 2728.562960133855
9090 599.9999999997478 900 2864.281480066975
9091 599.9999999995358 949.9999999999995 1778.533320605954
9092 599.9999999995624 950.0000000000001 1914.251840538143
9093 599.9999999995891 950 2049.970360470193
9094 599.9999999996154 949.9999999999998 2185.688880402546
9095 599.999999999642 950 2321.407400335082
9096 599.9999999996681 950 2457.125920268247
9097 599.9999999996949 949.9999999999995 2592.844440200977
9098 599.9999999997216 950 2728.562960133855
9099 599.9999999997475 949.9999999999995 2864.281480066974
9100 649.9999999996605 849.9999999999999 1842.799980909549
9101 649.9999999996796 850.0000000000001 1971.377760808031
9102 649.9999999996983 850 2099.955540706369
9103 649.9999999997171 850.0000000000001 2228.533320605082
9104 649.9999999997361 850 2357.111100503904
9105 649.9999999997552 850.0000000000001 2485.688880403154
9106 649.9999999997741 850.0000000000001 2614.266660302058
9107 649.999999999793 850 2742.844440201366
9108 649.999999999812 850 2871.422220100866
9109 649.9999999996606 900 1842.79998090955
9110 649.9999999996795 900.0000000000001 1971.377760808032
9111 649.9999999996986 899.9999999999999 2099.955540706371
9112 649.999999999717 900 2228.533320605082
9113 649.9999999997361 899.9999999999995 2357.111100503903
9114 649.9999999997553 900.0000000000001 2485.688880403154
9115 649.9999999997741 899.9999999999994 2614.266660302057
9116 649.999999999793 899.9999999999999 2742.844440201367
9117 649.9999999998121 899.9999999999999 2871.422220100863
9118 649.999999999661 949.9999999999994 1842.79998090955
9119 649.9999999996801 950 1971.377760808032
9120 649.999999999699 950 2099.955540706371
9121 649.9999999997176 949.9999999999995 2228.533320605082
9122 649.9999999997366 950 2357.111100503905
9123 649.9999999997556 950.0000000000001 2485.688880403154
9124 649.9999999997742 949.9999999999997 2614.266660302058
9125 649.999999999793 949.9999999999995 2742.844440201367
9126 649.9999999998122 949.9999999999995 2871.422220100865
9127 699.99999999978 850.0000000000002 1907.066641213135
9128 699.9999999997922 849.9999999999999 2028.503681077909
9129 699.9999999998039 850 2149.940720942543
9130 699.9999999998159 850.0000000000001 2271.377760807614
9131 699.9999999998278 850 2392.814800672721
9132 699.9999999998396 850 2514.251840538055
9133 699.9999999998508 850.0000000000001 2635.688880403133
9134 699.9999999998632 849.9999999999999 2757.125920268874
9135 699.9999999998752 850.0000000000001 2878.562960134756
9136 699.9999999997801 899.9999999999999 1907.066641213137
9137 699.999999999792 900.0000000000001 2028.50368107791
9138 699.9999999998042 900 2149.940720942544
9139 699.9999999998159 900.0000000000002 2271.377760807612
9140 699.9999999998278 899.9999999999995 2392.814800672721
9141 699.9999999998395 900 2514.251840538055
9142 699.9999999998513 899.9999999999995 2635.688880403135
9143 699.999999999863 900 2757.125920268875
9144 699.9999999998752 900 2878.562960134755
9145 699.9999999997809 950 1907.066641213137
9146 699.9999999997924 950 2028.503681077911
9147 699.9999999998043 950.0000000000001 2149.940720942543
9148 699.9999999998164 949.9999999999995 2271.377760807614
9149 699.9999999998283 949.9999999999998 2392.814800672721
9150 699.9999999998399 950 2514.251840538055
9151 699.9999999998519 949.9999999999995 2635.688880403135
9152 699.9999999998633 949.9999999999994 2757.125920268874
9153 699.9999999998756 949.9999999999995 2878.562960134755
9154 749.9999999999305 850 1971.333301516768
9155 749.9999999999322 850 2085.62960134783
9156 749.9999999999335 849.9999999999994 2199.925901178749
9157 749.9999999999351 849.9999999999995 2314.222201010173
9158 749.9999999999366 849.9999999999999 2428.518500841563
9159 749.9999999999374 849.9999999999997 2542.814800672976
9160 749.9999999999397 849.9999999999995 2657.111100504227
9161 749.9999999999408 849.9999999999997 2771.407400336393
9162 749.9999999999425 850 2885.703700168649
9163 749.999999999931 900 1971.333301516766
9164 749.9999999999322 900.0000000000007 2085.629601347829
9165 749.9999999999335 900.0000000000001 2199.925901178751
9166 749.9999999999349 900 2314.222201010173
9167 749.9999999999366 899.9999999999995 2428.518500841564
9168 749.9999999999374 900.0000000000001 2542.814800672976
9169 749.9999999999393 899.9999999999997 2657.111100504228
9170 749.9999999999405 900 2771.407400336395
9171 749.9999999999421 899.9999999999997 2885.703700168649
9172 749.9999999999309 950.0000000000001 1971.333301516768
9173 749.9999999999327 950 2085.62960134783
9174 749.9999999999341 950.0000000000001 2199.92590117875
9175 749.9999999999352 949.9999999999997 2314.222201010173
9176 749.9999999999364 950 2428.518500841563
9177 749.9999999999374 950.0000000000001 2542.814800672975
9178 749.9999999999399 949.9999999999995 2657.111100504228
9179 749.9999999999408 949.9999999999998 2771.407400336393
9180 749.9999999999422 949.9999999999997 2885.70370016865
9181 849.9999999999342 849.9999999999995 2099.86662212351
9182 849.999999999942 850.0000000000005 2199.881441887295
9183 849.9999999999491 850.0000000000001 2299.896261650901
9184 849.9999999999562 849.9999999999999 2399.911081415004
9185 849.9999999999634 850 2499.925901178817
9186 849.9999999999707 850 2599.940720942673
9187 849.9999999999779 850 2699.955540706645
9188 849.9999999999859 850 2799.970360471292
9189 849.9999999999927 849.9999999999999 2899.985180236173
9190 849.9999999999345 900 2099.866622123512
9191 849.9999999999418 900.0000000000005 2199.881441887295
9192 849.9999999999491 900.0000000000001 2299.896261650902
9193 849.9999999999566 900 2399.911081415004
9194 849.9999999999636 899.9999999999998 2499.925901178819
9195 849.9999999999708 899.9999999999998 2599.940720942674
9196 849.9999999999782 900.0000000000005 2699.955540706647
9197 849.9999999999857 900 2799.970360471292
9198 849.9999999999927 900.0000000000002 2899.985180236173
9199 849.9999999999346 950 2099.866622123512
9200 849.9999999999426 950.0000000000001 2199.881441887295
9201 849.9999999999495 949.9999999999999 2299.896261650901
9202 849.9999999999562 949.9999999999998 2399.911081415005
9203 849.999999999964 950 2499.925901178819
9204 849.9999999999711 950 2599.940720942673
9205 849.9999999999784 950 2699.955540706646
9206 849.9999999999859 950 2799.970360471292
9207 849.999999999993 950 2899.985180236172
9208 899.9999999997556 849.9999999999997 2164.13328242658
9209 899.999999999783 850 2257.007362156804
9210 899.99999999981 849.9999999999997 2349.881441886811
9211 899.9999999998374 850 2442.755521617244
9212 899.9999999998643 850.0000000000001 2535.629601347207
9213 899.9999999998918 849.9999999999999 2628.503681077429
9214 899.9999999999189 850.0000000000001 2721.37776080796
9215 899.9999999999453 850 2814.25184053866
9216 899.9999999999727 849.9999999999999 2907.125920269797
9217 899.9999999997558 900 2164.133282426581
9218 899.999999999783 900 2257.007362156802
9219 899.9999999998099 900.0000000000002 2349.881441886809
9220 899.9999999998374 900.0000000000001 2442.755521617245
9221 899.9999999998643 900 2535.629601347207
9222 899.9999999998917 900.0000000000001 2628.503681077429
9223 899.9999999999188 900 2721.377760807961
9224 899.9999999999454 900 2814.25184053866
9225 899.9999999999728 900 2907.125920269797
9226 899.9999999997556 950 2164.13328242658
9227 899.9999999997831 950 2257.007362156802
9228 899.9999999998104 950.0000000000001 2349.881441886809
9229 899.9999999998373 950.0000000000002 2442.755521617245
9230 899.9999999998646 950.0000000000005 2535.629601347207
9231 899.9999999998918 950.0000000000003 2628.503681077428
9232 899.9999999999188 950 2721.37776080796
9233 899.9999999999455 950 2814.25184053866
9234 899.9999999999727 950 2907.125920269797
9235 949.9999999998965 849.9999999999998 2228.399942730105
9236 949.9999999999086 850.0000000000003 2314.133282426714
9237 949.9999999999204 850.0000000000001 2399.866622123072
9238 949.9999999999314 849.9999999999999 2485.599961819789
9239 949.9999999999428 850 2571.333301515848
9240 949.999999999954 850 2657.066641212386
9241 949.9999999999657 849.9999999999999 2742.799980909424
9242 949.9999999999771 850 2828.533320606131
9243 949.9999999999887 849.9999999999999 2914.266660303471
9244 949.9999999998968 900 2228.399942730106
9245 949.9999999999084 899.9999999999999 2314.133282426712
9246 949.9999999999194 900.0000000000001 2399.866622123072
9247 949.9999999999314 900 2485.599961819789
9248 949.9999999999426 900 2571.333301515849
9249 949.9999999999537 900 2657.066641212386
9250 949.9999999999657 900.0000000000001 2742.799980909424
9251 949.9999999999769 900 2828.53332060613
9252 949.9999999999885 900 2914.26666030347
9253 949.9999999998964 950 2228.399942730105
9254 949.9999999999085 950 2314.133282426714
9255 949.9999999999201 950.0000000000001 2399.866622123072
9256 949.9999999999313 949.9999999999999 2485.599961819789
9257 949.9999999999425 950 2571.333301515849
9258 949.9999999999543 950 2657.066641212386
9259 949.9999999999654 949.9999999999999 2742.799980909424
9260 949.9999999999771 950 2828.53332060613
9261 949.9999999999884 950 2914.266660303472
$EndNodes
$Elements
10544
1 3 2 5 1 1 49 745 253
2 3 2 5 1 253 745 746 254
3 3 2 5 1 254 746 747 255
4 3 2 5 1 255 747 66 5
5 3 2 5 1 49 50 748 745
6 3 2 5 1 745 748 749 746
7 3 2 5 1 746 749 750 747
8 3 2 5 1 747 750 67 66
9 3 2 5 1 50 51 751 748
10 3 2 5 1 748 751 752 749
11 3 2 5 1 749 752 753 750
12 3 2 5 1 750 753 68 67
13 3 2 5 1 51 2 256 751
14 3 2 5 1 751 256 257 752
15 3 2 5 1 752 257 258 753
16 3 2 5 1 753 258 6 68
17 3 2 5 2 2 52 754 256
18 3 2 5 2 256 754 755 257
19 3 2 5 2 257 755 756 258
20 3 2 5 2 258 756 69 6
21 3 2 5 2 52 53 757 754
22 3 2 5 2 754 757 758 755
23 3 2 5 2 755 758 759 756
24 3 2 5 2 756 759 70 69
25 3 2 5 2 53 54 760 757
26 3 2 5 2 757 760 761 758
27 3 2 5 2 758 761 762 759
28 3 2 5 2 759 762 71 70
29 3 2 5 2 54 55 763 760
30 3 2 5 2 760 763 764 761
31 3 2 5 2 761 764 765 762
32 3 2 5 2 762 765 72 71
33 3 2 5 2 55 56 766 763
34 3 2 5 2 763 766 767 764
35 3 2 5 2 764 767 768 765
36 3 2 5 2 765 768 73 72
37 3 2 5 2 56 57 769 766
38 3 2 5 2 766 769 770 767
39 3 2 5 2 767 770 771 768
40 3 2 5 2 768 771 74 73
41 3 2 5 2 57 58 772 769
42 3 2 5 2 769 772 773 770
43 3 2 5 2 770 773 774 771
44 3 2 5 2 771 774 75 74
45 3 2 5 2 58 59 775 772
46 3 2 5 2 772 775 776 773
47 3 2 5 2 773 776 777 774
48 3 2 5 2 774 777 76 75
49 3 2 5 2 59 60 778 775
50 3 2 5 2 775 778 779 776
51 3 2 5 2 776 779 780 777
52 3 2 5 2 777 780 77 76
53 3 2 5 2 60 61 781 778
54 3 2 5 2 778 781 782 779
55 3 2 5 2 779 782 783 780
56 3 2 5 2 780 783 78 77
57 3 2 5 2 61 62 784 781
58 3 2 5 2 781 784 785 782
59 3 2 5 2 782 785 786 783
60 3 2 5 2 783 786 79 78
61 3 2 5 2 62 3 259 784
62 3 2 5 2 784 259 260 785
63 3 2 5 2 785 260 261 786
64 3 2 5 2 786 261 7 79
65 3 2 5 3 3 63 787 259
66 3 2 5 3 259 787 788 260
67 3 2 5 3 260 788 789 261
68 3 2 5 3 261 789 80 7
69 3 2 5 3 63 64 790 787
70 3 2 5 3 787 790 791 788
71 3 2 5 3 788 791 792 789
72 3 2 5 3 789 792 81 80
73 3 2 5 3 64 65 793 790
74 3 2 5 3 790 793 794 791
75 3 2 5 3 791 794 795 792
76 3 2 5 3 792 795 82 81
77 3 2 5 3 65 4 262 793
78 3 2 5 3 793 262 263 794
79 3 2 5 3 794 263 264 795
80 3 2 5 3 795 264 8 82
81 3 2 5 5 5 66 796 265
82 3 2 5 5 265 796 797 266
83 3 2 5 5 266 797 798 267
84 3 2 5 5 267 798 799 268
85 3 2 5 5 268 799 800 269
86 3 2 5 5 269 800 801 270
87 3 2 5 5 270 801 802 271
88 3 2 5 5 271 802 803 272
89 3 2 5 5 272 803 804 273
90 3 2 5 5 273 804 805 274
91 3 2 5 5 274 805 806 275
92 3 2 5 5 275 806 83 9
93 3 2 5 5 66 67 807 796
94 3 2 5 5 796 807 808 797
95 3 2 5 5 797 808 809 798
96 3 2 5 5 798 809 810 799
97 3 2 5 5 799 810 811 800
98 3 2 5 5 800 811 812 801
99 3 2 5 5 801 812 813 802
100 3 2 5 5 802 813 814 803
101 3 2 5 5 803 814 815 804
102 3 2 5 5 804 815 816 805
103 3 2 5 5 805 816 817 806
104 3 2 5 5 806 817 84 83
105 3 2 5 5 67 68 818 807
106 3 2 5 5 807 818 819 808
107 3 2 5 5 808 819 820 809
108 3 2 5 5 809 820 821 810
109 3 2 5 5 810 821 822 811
110 3 2 5 5 811 822 823 812
111 3 2 5 5 812 823 824 813
112 3 2 5 5 813 824 825 814
113 3 2 5 5 814 825 826 815
114 3 2 5 5 815 826 827 816
115 3 2 5 5 816 827 828 817
116 3 2 5 5 817 828 85 84
117 3 2 5 5 68 6 276 818
118 3 2 5 5 818 276 277 819
119 3 2 5 5 819 277 278 820
120 3 2 5 5 820 278 279 821
121 3 2 5 5 821 279 280 822
122 3 2 5 5 822 280 281 823
123 3 2 5 5 823 281 282 824
124 3 2 5 5 824 282 283 825
125 3 2 5 5 825 283 284 826
126 3 2 5 5 826 284 285 827
127 3 2 5 5 827 285 286 828
128 3 2 5 5 828 286 10 85
129 3 2 5 6 6 69 829 276
130 3 2 5 6 276 829 830 277
131 3 2 5 6 277 830 831 278
132 3 2 5 6 278 831 832 279
133 3 2 5 6 279 832 833 280
134 3 2 5 6 280 833 834 281
135 3 2 5 6 281 834 835 282
136 3 2 5 6 282 835 836 283
137 3 2 5 6 283 836 837 284
138 3 2 5 6 284 837 838 285
139 3 2 5 6 285 838 839 286
140 3 2 5 6 286 839 86 10
141 3 2 5 6 69 70 840 829
142 3 2 5 6 829 840 841 830
143 3 2 5 6 830 841 842 831
144 3 2 5 6 831 842 843 832
145 3 2 5 6 832 843 844 833
146 3 2 5 6 833 844 845 834
147 3 2 5 6 834 845 846 835
148 3 2 5 6 835 846 847 836
149 3 2 5 6 836 847 848 837
150 3 2 5 6 837 848 849 838
151 3 2 5 6 838 849 850 839
152 3 2 5 6 839 850 87 86
153 3 2 5 6 70 71 851 840
154 3 2 5 6 840 851 852 841
155 3 2 5 6 841 852 853 842
156 3 2 5 6 842 853 854 843
157 3 2 5 6 843 854 855 844
158 3 2 5 6 844 855 856 845
159 3 2 5 6 845 856 857 846
160 3 2 5 6 846 857 858 847
161 3 2 5 6 847 858 859 848
162 3 2 5 6 848 859 860 849
163 3 2 5 6 849 860 861 850
164 3 2 5 6 850 861 88 87
165 3 2 5 6 71 72 862 851
166 3 2 5 6 851 862 863 852
167 3 2 5 6 852 863 864 853
168 3 2 5 6 853 864 865 854
169 3 2 5 6 854 865 866 855
170 3 2 5 6 855 866 867 856
171 3 2 5 6 856 867 868 857
172 3 2 5 6 857 868 869 858
173 3 2 5 6 858 869 870 859
174 3 2 5 6 859 870 871 860
175 3 2 5 6 860 871 872 861
176 3 2 5 6 861 872 89 88
177 3 2 5 6 72 73 873 862
178 3 2 5 6 862 873 874 863
179 3 2 5 6 863 874 875 864
180 3 2 5 6 864 875 876 865
181 3 2 5 6 865 876 877 866
182 3 2 5 6 866 877 878 867
183 3 2 5 6 867 878 879 868
184 3 2 5 6 868 879 880 869
185 3 2 5 6 869 880 881 870
186 3 2 5 6 870 881 882 871
187 3 2 5 6 871 882 883 872
188 3 2 5 6 872 883 90 89
189 3 2 5 6 73 74 884 873
190 3 2 5 6 873 884 885 874
191 3 2 5 6 874 885 886 875
192 3 2 5 6 875 886 887 876
193 3 2 5 6 876 887 888 877
194 3 2 5 6 877 888 889 878
195 3 2 5 6 878 889 890 879
196 3 2 5 6 879 890 891 880
197 3 2 5 6 880 891 892 881
198 3 2 5 6 881 892 893 882
199 3 2 5 6 882 893 894 883
200 3 2 5 6 883 894 91 90
201 3 2 5 6 74 75 895 884
202 3 2 5 6 884 895 896 885
203 3 2 5 6 885 896 897 886
204 3 2 5 6 886 897 898 887
205 3 2 5 6 887 898 899 888
206 3 2 5 6 888 899 900 889
207 3 2 5 6 889 900 901 890
208 3 2 5 6 890 901 902 891
209 3 2 5 6 891 902 903 892
210 3 2 5 6 892 903 904 893
211 3 2 5 6 893 904 905 894
212 3 2 5 6 894 905 92 91
213 3 2 5 6 75 76 906 895
214 3 2 5 6 895 906 907 896
215 3 2 5 6 896 907 908 897
216 3 2 5 6 897 908 909 898
217 3 2 5 6 898 909 910 899
218 3 2 5 6 899 910 911 900
219 3 2 5 6 900 911 912 901
220 3 2 5 6 901 912 913 902
221 3 2 5 6 902 913 914 903
222 3 2 5 6 903 914 915 904
223 3 2 5 6 904 915 916 905
224 3 2 5 6 905 916 93 92
225 3 2 5 6 76 77 917 906
226 3 2 5 6 906 917 918 907
227 3 2 5 6 907 918 919 908
228 3 2 5 6 908 919 920 909
229 3 2 5 6 909 920 921 910
230 3 2 5 6 910 921 922 911
231 3 2 5 6 911 922 923 912
232 3 2 5 6 912 923 924 913
233 3 2 5 6 913 924 925 914
234 3 2 5 6 914 925 926 915
235 3 2 5 6 915 926 927 916
236 3 2 5 6 916 927 94 93
237 3 2 5 6 77 78 928 917
238 3 2 5 6 917 928 929 918
239 3 2 5 6 918 929 930 919
240 3 2 5 6 919 930 931 920
241 3 2 5 6 920 931 932 921
242 3 2 5 6 921 932 933 922
243 3 2 5 6 922 933 934 923
244 3 2 5 6 923 934 935 924
245 3 2 5 6 924 935 936 925
246 3 2 5 6 925 936 937 926
247 3 2 5 6 926 937 938 927
248 3 2 5 6 927 938 95 94
249 3 2 5 6 78 79 939 928
250 3 2 5 6 928 939 940 929
251 3 2 5 6 929 940 941 930
252 3 2 5 6 930 941 942 931
253 3 2 5 6 931 942 943 932
254 3 2 5 6 932 943 944 933
255 3 2 5 6 933 944 945 934
256 3 2 5 6 934 945 946 935
257 3 2 5 6 935 946 947 936
258 3 2 5 6 936 947 948 937
259 3 2 5 6 937 948 949 938
260 3 2 5 6 938 949 96 95
261 3 2 5 6 79 7 287 939
262 3 2 5 6 939 287 288 940
263 3 2 5 6 940 288 289 941
264 3 2 5 6 941 289 290 942
265 3 2 5 6 942 290 291 943
266 3 2 5 6 943 291 292 944
267 3 2 5 6 944 292 293 945
268 3 2 5 6 945 293 294 946
269 3 2 5 6 946 294 295 947
270 3 2 5 6 947 295 296 948
271 3 2 5 6 948 296 297 949
272 3 2 5 6 949 297 11 96
273 3 2 5 7 7 80 950 287
274 3 2 5 7 287 950 951 288
275 3 2 5 7 288 951 952 289
276 3 2 5 7 289 952 953 290
277 3 2 5 7 290 953 954 291
278 3 2 5 7 291 954 955 292
279 3 2 5 7 292 955 956 293
280 3 2 5 7 293 956 957 294
281 3 2 5 7 294 957 958 295
282 3 2 5 7 295 958 959 296
283 3 2 5 7 296 959 960 297
284 3 2 5 7 297 960 97 11
285 3 2 5 7 80 81 961 950
286 3 2 5 7 950 961 962 951
287 3 2 5 7 951 962 963 952
288 3 2 5 7 952 963 964 953
289 3 2 5 7 953 964 965 954
290 3 2 5 7 954 965 966 955
291 3 2 5 7 955 966 967 956
292 3 2 5 7 956 967 968 957
293 3 2 5 7 957 968 969 958
294 3 2 5 7 958 969 970 959
295 3 2 5 7 959 970 971 960
296 3 2 5 7 960 971 98 97
297 3 2 5 7 81 82 972 961
298 3 2 5 7 961 972 973 962
299 3 2 5 7 962 973 974 963
300 3 2 5 7 963 974 975 964
301 3 2 5 7 964 975 976 965
302 3 2 5 7 965 976 977 966
303 3 2 5 7 966 977 978 967
304 3 2 5 7 967 978 979 968
305 3 2 5 7 968 979 980 969
306 3 2 5 7 969 980 981 970
307 3 2 5 7 970 981 982 971
308 3 2 5 7 971 982 99 98
309 3 2 5 7 82 8 298 972
310 3 2 5 7 972 298 299 973
311 3 2 5 7 973 299 300 974
312 3 2 5 7 974 300 301 975
313 3 2 5 7 975 301 302 976
314 3 2 5 7 976 302 303 977
315 3 2 5 7 977 303 304 978
316 3 2 5 7 978 304 305 979
317 3 2 5 7 979 305 306 980
318 3 2 5 7 980 306 307 981
319 3 2 5 7 981 307 308 982
320 3 2 5 7 982 308 12 99
321 3 2 5 9 9 83 983 309
322 3 2 5 9 309 983 984 310
323 3 2 5 9 310 984 985 311
324 3 2 5 9 311 985 100 13
325 3 2 5 9 83 84 986 983
326 3 2 5 9 983 986 987 984
327 3 2 5 9 984 987 988 985
328 3 2 5 9 985 988 101 100
329 3 2 5 9 84 85 989 986
330 3 2 5 9 986 989 990 987
331 3 2 5 9 987 990 991 988
332 3 2 5 9 988 991 102 101
333 3 2 5 9 85 10 312 989
334 3 2 5 9 989 312 313 990
335 3 2 5 9 990 313 314 991
336 3 2 5 9 991 314 14 102
337 3 2 5 10 10 86 992 312
338 3 2 5 10 312 992 993 313
339 3 2 5 10 313 993 994 314
340 3 2 5 10 314 994 103 14
341 3 2 5 10 86 87 995 992
342 3 2 5 10 992 995 996 993
343 3 2 5 10 993 996 997 994
344 3 2 5 10 994 997 104 103
345 3 2 5 10 87 88 998 995
346 3 2 5 10 995 998 999 996
347 3 2 5 10 996 999 1000 997
348 3 2 5 10 997 1000 105 104
349 3 2 5 10 88 89 1001 998
350 3 2 5 10 998 1001 1002 999
351 3 2 5 10 999 1002 1003 1000
352 3 2 5 10 1000 1003 106 105
353 3 2 5 10 89 90 1004 1001
354 3 2 5 10 1001 1004 1005 1002
355 3 2 5 10 1002 1005 1006 1003
356 3 2 5 10 1003 1006 107 106
357 3 2 5 10 90 91 1007 1004
358 3 2 5 10 1004 1007 1008 1005
359 3 2 5 10 1005 1008 1009 1006
360 3 2 5 10 1006 1009 108 107
361 3 2 5 10 91 92 1010 1007
362 3 2 5 10 1007 1010 1011 1008
363 3 2 5 10 1008 1011 1012 1009
364 3 2 5 10 1009 1012 109 108
365 3 2 5 10 92 93 1013 1010
366 3 2 5 10 1010 1013 1014 1011
367 3 2 5 10 1011 1014 1015 1012
368 3 2 5 10 1012 1015 110 109
369 3 2 5 10 93 94 1016 1013
370 3 2 5 10 1013 1016 1017 1014
371 3 2 5 10 1014 1017 1018 1015
372 3 2 5 10 1015 1018 111 110
373 3 2 5 10 94 95 1019 1016
374 3 2 5 10 1016 1019 1020 1017
375 3 2 5 10 1017 1020 1021 1018
376 3 2 5 10 1018 1021 112 111
377 3 2 5 10 95 96 1022 1019
378 3 2 5 10 1019 1022 1023 1020
379 3 2 5 10 1020 1023 1024 1021
380 3 2 5 10 1021 1024 113 112
381 3 2 5 10 96 11 315 1022
382 3 2 5 10 1022 315 316 1023
383 3 2 5 10 1023 316 317 1024
384 3 2 5 10 1024 317 15 113
385 3 2 5 11 11 97 1025 315
386 3 2 5 11 315 1025 1026 316
387 3 2 5 11 316 1026 1027 317
388 3 2 5 11 317 1027 114 15
389 3 2 5 11 97 98 1028 1025
390 3 2 5 11 1025 1028 1029 1026
391 3 2 5 11 1026 1029 1030 1027
392 3 2 5 11 1027 1030 115 114
393 3 2 5 11 98 99 1031 1028
394 3 2 5 11 1028 1031 1032 1029
395 3 2 5 11 1029 1032 1033 1030
396 3 2 5 11 1030 1033 116 115
397 3 2 5 11 99 12 318 1031
398 3 2 5 11 1031 318 319 1032
399 3 2 5 11 1032 319 320 1033
400 3 2 5 11 1033 320 16 116
401 3 2 7 22 22 137 1118 344
402 3 2 7 22 344 1118 1119 345
403 3 2 7 22 345 1119 1120 346
404 3 2 7 22 346 1120 1121 347
405 3 2 7 22 347 1121 1122 348
406 3 2 7 22 348 1122 1123 349
407 3 2 7 22 349 1123 1124 350
408 3 2 7 22 350 1124 1125 351
409 3 2 7 22 351 1125 1126 352
410 3 2 7 22 352 1126 1127 353
411 3 2 7 22 353 1127 1128 354
412 3 2 7 22 354 1128 154 26
413 3 2 7 22 137 138 1129 1118
414 3 2 7 22 1118 1129 1130 1119
415 3 2 7 22 1119 1130 1131 1120
416 3 2 7 22 1120 1131 1132 1121
417 3 2 7 22 1121 1132 1133 1122
418 3 2 7 22 1122 1133 1134 1123
419 3 2 7 22 1123 1134 1135 1124
420 3 2 7 22 1124 1135 1136 1125
421 3 2 7 22 1125 1136 1137 1126
422 3 2 7 22 1126 1137 1138 1127
423 3 2 7 22 1127 1138 1139 1128
424 3 2 7 22 1128 1139 155 154
425 3 2 7 22 138 139 1140 1129
426 3 2 7 22 1129 1140 1141 1130
427 3 2 7 22 1130 1141 1142 1131
428 3 2 7 22 1131 1142 1143 1132
429 3 2 7 22 1132 1143 1144 1133
430 3 2 7 22 1133 1144 1145 1134
431 3 2 7 22 1134 1145 1146 1135
432 3 2 7 22 1135 1146 1147 1136
433 3 2 7 22 1136 1147 1148 1137
434 3 2 7 22 1137 1148 1149 1138
435 3 2 7 22 1138 1149 1150 1139
436 3 2 7 22 1139 1150 156 155
437 3 2 7 22 139 140 1151 1140
438 3 2 7 22 1140 1151 1152 1141
439 3 2 7 22 1141 1152 1153 1142
440 3 2 7 22 1142 1153 1154 1143
441 3 2 7 22 1143 1154 1155 1144
442 3 2 7 22 1144 1155 1156 1145
443 3 2 7 22 1145 1156 1157 1146
444 3 2 7 22 1146 1157 1158 1147
445 3 2 7 22 1147 1158 1159 1148
446 3 2 7 22 1148 1159 1160 1149
447 3 2 7 22 1149 1160 1161 1150
448 3 2 7 22 1150 1161 157 156
449 3 2 7 22 140 141 1162 1151
450 3 2 7 22 1151 1162 1163 1152
451 3 2 7 22 1152 1163 1164 1153
452 3 2 7 22 1153 1164 1165 1154
453 3 2 7 22 1154 1165 1166 1155
454 3 2 7 22 1155 1166 1167 1156
455 3 2 7 22 1156 1167 1168 1157
456 3 2 7 22 1157 1168 1169 1158
457 3 2 7 22 1158 1169 1170 1159
458 3 2 7 22 1159 1170 1171 1160
459 3 2 7 22 1160 1171 1172 1161
460 3 2 7 22 1161 1172 158 157
461 3 2 7 22 141 142 1173 1162
462 3 2 7 22 1162 1173 1174 1163
463 3 2 7 22 1163 1174 1175 1164
464 3 2 7 22 1164 1175 1176 1165
465 3 2 7 22 1165 1176 1177 1166
466 3 2 7 22 1166 1177 1178 1167
467 3 2 7 22 1167 1178 1179 1168
468 3 2 7 22 1168 1179 1180 1169
469 3 2 7 22 1169 1180 1181 1170
470 3 2 7 22 1170 1181 1182 1171
471 3 2 7 22 1171 1182 1183 1172
472 3 2 7 22 1172 1183 159 158
473 3 2 7 22 142 143 1184 1173
474 3 2 7 22 1173 1184 1185 1174
475 3 2 7 22 1174 1185 1186 1175
476 3 2 7 22 1175 1186 1187 1176
477 3 2 7 22 1176 1187 1188 1177
478 3 2 7 22 1177 1188 1189 1178
479 3 2 7 22 1178 1189 1190 1179
480 3 2 7 22 1179 1190 1191 1180
481 3 2 7 22 1180 1191 1192 1181
482 3 2 7 22 1181 1192 1193 1182
483 3 2 7 22 1182 1193 1194 1183
484 3 2 7 22 1183 1194 160 159
485 3 2 7 22 143 144 1195 1184
486 3 2 7 22 1184 1195 1196 1185
487 3 2 7 22 1185 1196 1197 1186
488 3 2 7 22 1186 1197 1198 1187
489 3 2 7 22 1187 1198 1199 1188
490 3 2 7 22 1188 1199 1200 1189
491 3 2 7 22 1189 1200 1201 1190
492 3 2 7 22 1190 1201 1202 1191
493 3 2 7 22 1191 1202 1203 1192
494 3 2 7 22 1192 1203 1204 1193
495 3 2 7 22 1193 1204 1205 1194
496 3 2 7 22 1194 1205 161 160
497 3 2 7 22 144 145 1206 1195
498 3 2 7 22 1195 1206 1207 1196
499 3 2 7 22 1196 1207 1208 1197
500 3 2 7 22 1197 1208 1209 1198
501 3 2 7 22 1198 1209 1210 1199
502 3 2 7 22 1199 1210 1211 1200
503 3 2 7 22 1200 1211 1212 1201
504 3 2 7 22 1201 1212 1213 1202
505 3 2 7 22 1202 1213 1214 1203
506 3 2 7 22 1203 1214 1215 1204
507 3 2 7 22 1204 1215 1216 1205
508 3 2 7 22 1205 1216 162 161
509 3 2 7 22 145 146 1217 1206
510 3 2 7 22 1206 1217 1218 1207
511 3 2 7 22 1207 1218 1219 1208
512 3 2 7 22 1208 1219 1220 1209
513 3 2 7 22 1209 1220 1221 1210
514 3 2 7 22 1210 1221 1222 1211
515 3 2 7 22 1211 1222 1223 1212
516 3 2 7 22 1212 1223 1224 1213
517 3 2 7 22 1213 1224 1225 1214
518 3 2 7 22 1214 1225 1226 1215
519 3 2 7 22 1215 1226 1227 1216
520 3 2 7 22 1216 1227 163 162
521 3 2 7 22 146 147 1228 1217
522 3 2 7 22 1217 1228 1229 1218
523 3 2 7 22 1218 1229 1230 1219
524 3 2 7 22 1219 1230 1231 1220
525 3 2 7 22 1220 1231 1232 1221
526 3 2 7 22 1221 1232 1233 1222
527 3 2 7 22 1222 1233 1234 1223
528 3 2 7 22 1223 1234 1235 1224
529 3 2 7 22 1224 1235 1236 1225
530 3 2 7 22 1225 1236 1237 1226
531 3 2 7 22 1226 1237 1238 1227
532 3 2 7 22 1227 1238 164 163
533 3 2 7 22 147 23 355 1228
534 3 2 7 22 1228 355 356 1229
535 3 2 7 22 1229 356 357 1230
536 3 2 7 22 1230 357 358 1231
537 3 2 7 22 1231 358 359 1232
538 3 2 7 22 1232 359 360 1233
539 3 2 7 22 1233 360 361 1234
540 3 2 7 22 1234 361 362 1235
541 3 2 7 22 1235 362 363 1236
542 3 2 7 22 1236 363 364 1237
543 3 2 7 22 1237 364 365 1238
544 3 2 7 22 1238 365 27 164
545 3 2 6 33 33 185 1323 389
546 3 2 6 33 389 1323 1324 390
547 3 2 6 33 390 1324 1325 391
548 3 2 6 33 391 1325 202 37
549 3 2 6 33 185 186 1326 1323
550 3 2 6 33 1323 1326 1327 1324
551 3 2 6 33 1324 1327 1328 1325
552 3 2 6 33 1325 1328 203 202
553 3 2 6 33 186 187 1329 1326
554 3 2 6 33 1326 1329 1330 1327
555 3 2 6 33 1327 1330 1331 1328
556 3 2 6 33 1328 1331 204 203
557 3 2 6 33 187 34 392 1329
558 3 2 6 33 1329 392 393 1330
559 3 2 6 33 1330 393 394 1331
560 3 2 6 33 1331 394 38 204
561 3 2 6 34 34 188 1332 392
562 3 2 6 34 392 1332 1333 393
563 3 2 6 34 393 1333 1334 394
564 3 2 6 34 394 1334 205 38
565 3 2 6 34 188 189 1335 1332
566 3 2 6 34 1332 1335 1336 1333
567 3 2 6 34 1333 1336 1337 1334
568 3 2 6 34 1334 1337 206 205
569 3 2 6 34 189 190 1338 1335
570 3 2 6 34 1335 1338 1339 1336
571 3 2 6 34 1336 1339 1340 1337
572 3 2 6 34 1337 1340 207 206
573 3 2 6 34 190 191 1341 1338
574 3 2 6 34 1338 1341 1342 1339
575 3 2 6 34 1339 1342 1343 1340
576 3 2 6 34 1340 1343 208 207
577 3 2 6 34 191 192 1344 1341
578 3 2 6 34 1341 1344 1345 1342
579 3 2 6 34 1342 1345 1346 1343
580 3 2 6 34 1343 1346 209 208
581 3 2 6 34 192 193 1347 1344
582 3 2 6 34 1344 1347 1348 1345
583 3 2 6 34 1345 1348 1349 1346
584 3 2 6 34 1346 1349 210 209
585 3 2 6 34 193 194 1350 1347
586 3 2 6 34 1347 1350 1351 1348
587 3 2 6 34 1348 1351 1352 1349
588 3 2 6 34 1349 1352 211 210
589 3 2 6 34 194 195 1353 1350
590 3 2 6 34 1350 1353 1354 1351
591 3 2 6 34 1351 1354 1355 1352
592 3 2 6 34 1352 1355 212 211
593 3 2 6 34 195 196 1356 1353
594 3 2 6 34 1353 1356 1357 1354
595 3 2 6 34 1354 1357 1358 1355
596 3 2 6 34 1355 1358 213 212
597 3 2 6 34 196 197 1359 1356
598 3 2 6 34 1356 1359 1360 1357
599 3 2 6 34 1357 1360 1361 1358
600 3 2 6 34 1358 1361 214 213
601 3 2 6 34 197 198 1362 1359
602 3 2 6 34 1359 1362 1363 1360
603 3 2 6 34 1360 1363 1364 1361
604 3 2 6 34 1361 1364 215 214
605 3 2 6 34 198 35 395 1362
606 3 2 6 34 1362 395 396 1363
607 3 2 6 34 1363 396 397 1364
608 3 2 6 34 1364 397 39 215
609 3 2 6 35 35 199 1365 395
610 3 2 6 35 395 1365 1366 396
611 3 2 6 35 396 1366 1367 397
612 3 2 6 35 397 1367 216 39
613 3 2 6 35 199 200 1368 1365
614 3 2 6 35 1365 1368 1369 1366
615 3 2 6 35 1366 1369 1370 1367
616 3 2 6 35 1367 1370 217 216
617 3 2 6 35 200 201 1371 1368
618 3 2 6 35 1368 1371 1372 1369
619 3 2 6 35 1369 1372 1373 1370
620 3 2 6 35 1370 1373 218 217
621 3 2 6 35 201 36 398 1371
622 3 2 6 35 1371 398 399 1372
623 3 2 6 35 1372 399 400 1373
624 3 2 6 35 1373 400 40 218
625 3 2 6 37 37 202 1374 401
626 3 2 6 37 401 1374 1375 402
627 3 2 6 37 402 1375 1376 403
628 3 2 6 37 403 1376 1377 404
629 3 2 6 37 404 1377 1378 405
630 3 2 6 37 405 1378 1379 406
631 3 2 6 37 406 1379 1380 407
632 3 2 6 37 407 1380 1381 408
633 3 2 6 37 408 1381 1382 409
634 3 2 6 37 409 1382 1383 410
635 3 2 6 37 410 1383 1384 411
636 3 2 6 37 411 1384 219 41
637 3 2 6 37 202 203 1385 1374
638 3 2 6 37 1374 1385 1386 1375
639 3 2 6 37 1375 1386 1387 1376
640 3 2 6 37 1376 1387 1388 1377
641 3 2 6 37 1377 1388 1389 1378
642 3 2 6 37 1378 1389 1390 1379
643 3 2 6 37 1379 1390 1391 1380
644 3 2 6 37 1380 1391 1392 1381
645 3 2 6 37 1381 1392 1393 1382
646 3 2 6 37 1382 1393 1394 1383
647 3 2 6 37 1383 1394 1395 1384
648 3 2 6 37 1384 1395 220 219
649 3 2 6 37 203 204 1396 1385
650 3 2 6 37 1385 1396 1397 1386
651 3 2 6 37 1386 1397 1398 1387
652 3 2 6 37 1387 1398 1399 1388
653 3 2 6 37 1388 1399 1400 1389
654 3 2 6 37 1389 1400 1401 1390
655 3 2 6 37 1390 1401 1402 1391
656 3 2 6 37 1391 1402 1403 1392
657 3 2 6 37 1392 1403 1404 1393
658 3 2 6 37 1393 1404 1405 1394
659 3 2 6 37 1394 1405 1406 1395
660 3 2 6 37 1395 1406 221 220
661 3 2 6 37 204 38 412 1396
662 3 2 6 37 1396 412 413 1397
663 3 2 6 37 1397 413 414 1398
664 3 2 6 37 1398 414 415 1399
665 3 2 6 37 1399 415 416 1400
666 3 2 6 37 1400 416 417 1401
667 3 2 6 37 1401 417 418 1402
668 3 2 6 37 1402 418 419 1403
669 3 2 6 37 1403 419 420 1404
670 3 2 6 37 1404 420 421 1405
671 3 2 6 37 1405 421 422 1406
672 3 2 6 37 1406 422 42 221
673 3 2 6 38 38 205 1407 412
674 3 2 6 38 412 1407 1408 413
675 3 2 6 38 413 1408 1409 414
676 3 2 6 38 414 1409 1410 415
677 3 2 6 38 415 1410 1411 416
678 3 2 6 38 416 1411 1412 417
679 3 2 6 38 417 1412 1413 418
680 3 2 6 38 418 1413 1414 419
681 3 2 6 38 419 1414 1415 420
682 3 2 6 38 420 1415 1416 421
683 3 2 6 38 421 1416 1417 422
684 3 2 6 38 422 1417 222 42
685 3 2 6 38 205 206 1418 1407
686 3 2 6 38 1407 1418 1419 1408
687 3 2 6 38 1408 1419 1420 1409
688 3 2 6 38 1409 1420 1421 1410
689 3 2 6 38 1410 1421 1422 1411
690 3 2 6 38 1411 1422 1423 1412
691 3 2 6 38 1412 1423 1424 1413
692 3 2 6 38 1413 1424 1425 1414
693 3 2 6 38 1414 1425 1426 1415
694 3 2 6 38 1415 1426 1427 1416
695 3 2 6 38 1416 1427 1428 1417
696 3 2 6 38 1417 1428 223 222
697 3 2 6 38 206 207 1429 1418
698 3 2 6 38 1418 1429 1430 1419
699 3 2 6 38 1419 1430 1431 1420
700 3 2 6 38 1420 1431 1432 1421
701 3 2 6 38 1421 1432 1433 1422
702 3 2 6 38 1422 1433 1434 1423
703 3 2 6 38 1423 1434 1435 1424
704 3 2 6 38 1424 1435 1436 1425
705 3 2 6 38 1425 1436 1437 1426
706 3 2 6 38 1426 1437 1438 1427
707 3 2 6 38 1427 1438 1439 1428
708 3 2 6 38 1428 1439 224 223
709 3 2 6 38 207 208 1440 1429
710 3 2 6 38 1429 1440 1441 1430
711 3 2 6 38 1430 1441 1442 1431
712 3 2 6 38 1431 1442 1443 1432
713 3 2 6 38 1432 1443 1444 1433
714 3 2 6 38 1433 1444 1445 1434
715 3 2 6 38 1434 1445 1446 1435
716 3 2 6 38 1435 1446 1447 1436
717 3 2 6 38 1436 1447 1448 1437
718 3 2 6 38 1437 1448 1449 1438
719 3 2 6 38 1438 1449 1450 1439
720 3 2 6 38 1439 1450 225 224
721 3 2 6 38 208 209 1451 1440
722 3 2 6 38 1440 1451 1452 1441
723 3 2 6 38 1441 1452 1453 1442
724 3 2 6 38 1442 1453 1454 1443
725 3 2 6 38 1443 1454 1455 1444
726 3 2 6 38 1444 1455 1456 1445
727 3 2 6 38 1445 1456 1457 1446
728 3 2 6 38 1446 1457 1458 1447
729 3 2 6 38 1447 1458 1459 1448
730 3 2 6 38 1448 1459 1460 1449
731 3 2 6 38 1449 1460 1461 1450
732 3 2 6 38 1450 1461 226 225
733 3 2 6 38 209 210 1462 1451
734 3 2 6 38 1451 1462 1463 1452
735 3 2 6 38 1452 1463 1464 1453
736 3 2 6 38 1453 1464 1465 1454
737 3 2 6 38 1454 1465 1466 1455
738 3 2 6 38 1455 1466 1467 1456
739 3 2 6 38 1456 1467 1468 1457
740 3 2 6 38 1457 1468 1469 1458
741 3 2 6 38 1458 1469 1470 1459
742 3 2 6 38 1459 1470 1471 1460
743 3 2 6 38 1460 1471 1472 1461
744 3 2 6 38 1461 1472 227 226
745 3 2 6 38 210 211 1473 1462
746 3 2 6 38 1462 1473 1474 1463
747 3 2 6 38 1463 1474 1475 1464
748 3 2 6 38 1464 1475 1476 1465
749 3 2 6 38 1465 1476 1477 1466
750 3 2 6 38 1466 1477 1478 1467
751 3 2 6 38 1467 1478 1479 1468
752 3 2 6 38 1468 1479 1480 1469
753 3 2 6 38 1469 1480 1481 1470
754 3 2 6 38 1470 1481 1482 1471
755 3 2 6 38 1471 1482 1483 1472
756 3 2 6 38 1472 1483 228 227
757 3 2 6 38 211 212 1484 1473
758 3 2 6 38 1473 1484 1485 1474
759 3 2 6 38 1474 1485 1486 1475
760 3 2 6 38 1475 1486 1487 1476
761 3 2 6 38 1476 1487 1488 1477
762 3 2 6 38 1477 1488 1489 1478
763 3 2 6 38 1478 1489 1490 1479
764 3 2 6 38 1479 1490 1491 1480
765 3 2 6 38 1480 1491 1492 1481
766 3 2 6 38 1481 1492 1493 1482
767 3 2 6 38 1482 1493 1494 1483
768 3 2 6 38 1483 1494 229 228
769 3 2 6 38 212 213 1495 1484
770 3 2 6 38 1484 1495 1496 1485
771 3 2 6 38 1485 1496 1497 1486
772 3 2 6 38 1486 1497 1498 1487
773 3 2 6 38 1487 1498 1499 1488
774 3 2 6 38 1488 1499 1500 1489
775 3 2 6 38 1489 1500 1501 1490
776 3 2 6 38 1490 1501 1502 1491
777 3 2 6 38 1491 1502 1503 1492
778 3 2 6 38 1492 1503 1504 1493
779 3 2 6 38 1493 1504 1505 1494
780 3 2 6 38 1494 1505 230 229
781 3 2 6 38 213 214 1506 1495
782 3 2 6 38 1495 1506 1507 1496
783 3 2 6 38 1496 1507 1508 1497
784 3 2 6 38 1497 1508 1509 1498
785 3 2 6 38 1498 1509 1510 1499
786 3 2 6 38 1499 1510 1511 1500
787 3 2 6 38 1500 1511 1512 1501
788 3 2 6 38 1501 1512 1513 1502
789 3 2 6 38 1502 1513 1514 1503
790 3 2 6 38 1503 1514 1515 1504
791 3 2 6 38 1504 1515 1516 1505
792 3 2 6 38 1505 1516 231 230
793 3 2 6 38 214 215 1517 1506
794 3 2 6 38 1506 1517 1518 1507
795 3 2 6 38 1507 1518 1519 1508
796 3 2 6 38 1508 1519 1520 1509
797 3 2 6 38 1509 1520 1521 1510
798 3 2 6 38 1510 1521 1522 1511
799 3 2 6 38 1511 1522 1523 1512
800 3 2 6 38 1512 1523 1524 1513
801 3 2 6 38 1513 1524 1525 1514
802 3 2 6 38 1514 1525 1526 1515
803 3 2 6 38 1515 1526 1527 1516
804 3 2 6 38 1516 1527 232 231
805 3 2 6 38 215 39 423 1517
806 3 2 6 38 1517 423 424 1518
807 3 2 6 38 1518 424 425 1519
808 3 2 6 38 1519 425 426 1520
809 3 2 6 38 1520 426 427 1521
810 3 2 6 38 1521 427 428 1522
811 3 2 6 38 1522 428 429 1523
812 3 2 6 38 1523 429 430 1524
813 3 2 6 38 1524 430 431 1525
814 3 2 6 38 1525 431 432 1526
815 3 2 6 38 1526 432 433 1527
816 3 2 6 38 1527 433 43 232
817 3 2 6 39 39 216 1528 423
818 3 2 6 39 423 1528 1529 424
819 3 2 6 39 424 1529 1530 425
820 3 2 6 39 425 1530 1531 426
821 3 2 6 39 426 1531 1532 427
822 3 2 6 39 427 1532 1533 428
823 3 2 6 39 428 1533 1534 429
824 3 2 6 39 429 1534 1535 430
825 3 2 6 39 430 1535 1536 431
826 3 2 6 39 431 1536 1537 432
827 3 2 6 39 432 1537 1538 433
828 3 2 6 39 433 1538 233 43
829 3 2 6 39 216 217 1539 1528
830 3 2 6 39 1528 1539 1540 1529
831 3 2 6 39 1529 1540 1541 1530
832 3 2 6 39 1530 1541 1542 1531
833 3 2 6 39 1531 1542 1543 1532
834 3 2 6 39 1532 1543 1544 1533
835 3 2 6 39 1533 1544 1545 1534
836 3 2 6 39 1534 1545 1546 1535
837 3 2 6 39 1535 1546 1547 1536
838 3 2 6 39 1536 1547 1548 1537
839 3 2 6 39 1537 1548 1549 1538
840 3 2 6 39 1538 1549 234 233
841 3 2 6 39 217 218 1550 1539
842 3 2 6 39 1539 1550 1551 1540
843 3 2 6 39 1540 1551 1552 1541
844 3 2 6 39 1541 1552 1553 1542
845 3 2 6 39 1542 1553 1554 1543
846 3 2 6 39 1543 1554 1555 1544
847 3 2 6 39 1544 1555 1556 1545
848 3 2 6 39 1545 1556 1557 1546
849 3 2 6 39 1546 1557 1558 1547
850 3 2 6 39 1547 1558 1559 1548
851 3 2 6 39 1548 1559 1560 1549
852 3 2 6 39 1549 1560 235 234
853 3 2 6 39 218 40 434 1550
854 3 2 6 39 1550 434 435 1551
855 3 2 6 39 1551 435 436 1552
856 3 2 6 39 1552 436 437 1553
857 3 2 6 39 1553 437 438 1554
858 3 2 6 39 1554 438 439 1555
859 3 2 6 39 1555 439 440 1556
860 3 2 6 39 1556 440 441 1557
861 3 2 6 39 1557 441 442 1558
862 3 2 6 39 1558 442 443 1559
863 3 2 6 39 1559 443 444 1560
864 3 2 6 39 1560 444 44 235
865 3 2 6 41 41 219 1561 445
866 3 2 6 41 445 1561 1562 446
867 3 2 6 41 446 1562 1563 447
868 3 2 6 41 447 1563 236 45
869 3 2 6 41 219 220 1564 1561
870 3 2 6 41 1561 1564 1565 1562
871 3 2 6 41 1562 1565 1566 1563
872 3 2 6 41 1563 1566 237 236
873 3 2 6 41 220 221 1567 1564
874 3 2 6 41 1564 1567 1568 1565
875 3 2 6 41 1565 1568 1569 1566
876 3 2 6 41 1566 1569 238 237
877 3 2 6 41 221 42 448 1567
878 3 2 6 41 1567 448 449 1568
879 3 2 6 41 1568 449 450 1569
880 3 2 6 41 1569 450 46 238
881 3 2 6 42 42 222 1570 448
882 3 2 6 42 448 1570 1571 449
883 3 2 6 42 449 1571 1572 450
884 3 2 6 42 450 1572 239 46
885 3 2 6 42 222 223 1573 1570
886 3 2 6 42 1570 1573 1574 1571
887 3 2 6 42 1571 1574 1575 1572
888 3 2 6 42 1572 1575 240 239
889 3 2 6 42 223 224 1576 1573
890 3 2 6 42 1573 1576 1577 1574
891 3 2 6 42 1574 1577 1578 1575
892 3 2 6 42 1575 1578 241 240
893 3 2 6 42 224 225 1579 1576
894 3 2 6 42 1576 1579 1580 1577
895 3 2 6 42 1577 1580 1581 1578
896 3 2 6 42 1578 1581 242 241
897 3 2 6 42 225 226 1582 1579
898 3 2 6 42 1579 1582 1583 1580
899 3 2 6 42 1580 1583 1584 1581
900 3 2 6 42 1581 1584 243 242
901 3 2 6 42 226 227 1585 1582
902 3 2 6 42 1582 1585 1586 1583
903 3 2 6 42 1583 1586 1587 1584
904 3 2 6 42 1584 1587 244 243
905 3 2 6 42 227 228 1588 1585
906 3 2 6 42 1585 1588 1589 1586
907 3 2 6 42 1586 1589 1590 1587
908 3 2 6 42 1587 1590 245 244
909 3 2 6 42 228 229 1591 1588
910 3 2 6 42 1588 1591 1592 1589
911 3 2 6 42 1589 1592 1593 1590
912 3 2 6 42 1590 1593 246 245
913 3 2 6 42 229 230 1594 1591
914 3 2 6 42 1591 1594 1595 1592
915 3 2 6 42 1592 1595 1596 1593
916 3 2 6 42 1593 1596 247 246
917 3 2 6 42 230 231 1597 1594
918 3 2 6 42 1594 1597 1598 1595
919 3 2 6 42 1595 1598 1599 1596
920 3 2 6 42 1596 1599 248 247
921 3 2 6 42 231 232 1600 1597
922 3 2 6 42 1597 1600 1601 1598
923 3 2 6 42 1598 1601 1602 1599
924 3 2 6 42 1599 1602 249 248
925 3 2 6 42 232 43 451 1600
926 3 2 6 42 1600 451 452 1601
927 3 2 6 42 1601 452 453 1602
928 3 2 6 42 1602 453 47 249
929 3 2 6 43 43 233 1603 451
930 3 2 6 43 451 1603 1604 452
931 3 2 6 43 452 1604 1605 453
932 3 2 6 43 453 1605 250 47
933 3 2 6 43 233 234 1606 1603
934 3 2 6 43 1603 1606 1607 1604
935 3 2 6 43 1604 1607 1608 1605
936 3 2 6 43 1605 1608 251 250
937 3 2 6 43 234 235 1609 1606
938 3 2 6 43 1606 1609 1610 1607
939 3 2 6 43 1607 1610 1611 1608
940 3 2 6 43 1608 1611 252 251
941 3 2 6 43 235 44 454 1609
942 3 2 6 43 1609 454 455 1610
943 3 2 6 43 1610 455 456 1611
944 3 2 6 43 1611 456 48 252
945 3 2 1 49 1 253 1612 457
946 3 2 1 49 457 1612 1613 458
947 3 2 1 49 458 1613 1614 459
948 3 2 1 49 459 1614 1615 460
949 3 2 1 49 460 1615 1616 461
950 3 2 1 49 461 1616 1617 462
951 3 2 1 49 462 1617 1618 463
952 3 2 1 49 463 1618 1619 464
953 3 2 1 49 464 1619 1620 465
954 3 2 1 49 465 1620 321 17
955 3 2 1 49 253 254 1621 1612
956 3 2 1 49 1612 1621 1622 1613
957 3 2 1 49 1613 1622 1623 1614
958 3 2 1 49 1614 1623 1624 1615
959 3 2 1 49 1615 1624 1625 1616
960 3 2 1 49 1616 1625 1626 1617
961 3 2 1 49 1617 1626 1627 1618
962 3 2 1 49 1618 1627 1628 1619
963 3 2 1 49 1619 1628 1629 1620
964 3 2 1 49 1620 1629 322 321
965 3 2 1 49 254 255 1630 1621
966 3 2 1 49 1621 1630 1631 1622
967 3 2 1 49 1622 1631 1632 1623
968 3 2 1 49 1623 1632 1633 1624
969 3 2 1 49 1624 1633 1634 1625
970 3 2 1 49 1625 1634 1635 1626
971 3 2 1 49 1626 1635 1636 1627
972 3 2 1 49 1627 1636 1637 1628
973 3 2 1 49 1628 1637 1638 1629
974 3 2 1 49 1629 1638 323 322
975 3 2 1 49 255 5 493 1630
976 3 2 1 49 1630 493 494 1631
977 3 2 1 49 1631 494 495 1632
978 3 2 1 49 1632 495 496 1633
979 3 2 1 49 1633 496 497 1634
980 3 2 1 49 1634 497 498 1635
981 3 2 1 49 1635 498 499 1636
982 3 2 1 49 1636 499 500 1637
983 3 2 1 49 1637 500 501 1638
984 3 2 1 49 1638 501 21 323
985 3 2 2 52 4 262 1693 484
986 3 2 2 52 484 1693 1694 485
987 3 2 2 52 485 1694 1695 486
988 3 2 2 52 486 1695 1696 487
989 3 2 2 52 487 1696 1697 488
990 3 2 2 52 488 1697 1698 489
991 3 2 2 52 489 1698 1699 490
992 3 2 2 52 490 1699 1700 491
993 3 2 2 52 491 1700 1701 492
994 3 2 2 52 492 1701 330 20
995 3 2 2 52 262 263 1702 1693
996 3 2 2 52 1693 1702 1703 1694
997 3 2 2 52 1694 1703 1704 1695
998 3 2 2 52 1695 1704 1705 1696
999 3 2 2 52 1696 1705 1706 1697
1000 3 2 2 52 1697 1706 1707 1698
1001 3 2 2 52 1698 1707 1708 1699
1002 3 2 2 52 1699 1708 1709 1700
1003 3 2 2 52 1700 1709 1710 1701
1004 3 2 2 52 1701 1710 331 330
1005 3 2 2 52 263 264 1711 1702
1006 3 2 2 52 1702 1711 1712 1703
1007 3 2 2 52 1703 1712 1713 1704
1008 3 2 2 52 1704 1713 1714 1705
1009 3 2 2 52 1705 1714 1715 1706
1010 3 2 2 52 1706 1715 1716 1707
1011 3 2 2 52 1707 1716 1717 1708
1012 3 2 2 52 1708 1717 1718 1709
1013 3 2 2 52 1709 1718 1719 1710
1014 3 2 2 52 1710 1719 332 331
1015 3 2 2 52 264 8 520 1711
1016 3 2 2 52 1711 520 521 1712
1017 3 2 2 52 1712 521 522 1713
1018 3 2 2 52 1713 522 523 1714
1019 3 2 2 52 1714 523 524 1715
1020 3 2 2 52 1715 524 525 1716
1021 3 2 2 52 1716 525 526 1717
1022 3 2 2 52 1717 526 527 1718
1023 3 2 2 52 1718 527 528 1719
1024 3 2 2 52 1719 528 24 332
1025 3 2 1 53 5 265 1720 493
1026 3 2 1 53 493 1720 1721 494
1027 3 2 1 53 494 1721 1722 495
1028 3 2 1 53 495 1722 1723 496
1029 3 2 1 53 496 1723 1724 497
1030 3 2 1 53 497 1724 1725 498
1031 3 2 1 53 498 1725 1726 499
1032 3 2 1 53 499 1726 1727 500
1033 3 2 1 53 500 1727 1728 501
1034 3 2 1 53 501 1728 333 21
1035 3 2 1 53 265 266 1729 1720
1036 3 2 1 53 1720 1729 1730 1721
1037 3 2 1 53 1721 1730 1731 1722
1038 3 2 1 53 1722 1731 1732 1723
1039 3 2 1 53 1723 1732 1733 1724
1040 3 2 1 53 1724 1733 1734 1725
1041 3 2 1 53 1725 1734 1735 1726
1042 3 2 1 53 1726 1735 1736 1727
1043 3 2 1 53 1727 1736 1737 1728
1044 3 2 1 53 1728 1737 334 333
1045 3 2 1 53 266 267 1738 1729
1046 3 2 1 53 1729 1738 1739 1730
1047 3 2 1 53 1730 1739 1740 1731
1048 3 2 1 53 1731 1740 1741 1732
1049 3 2 1 53 1732 1741 1742 1733
1050 3 2 1 53 1733 1742 1743 1734
1051 3 2 1 53 1734 1743 1744 1735
1052 3 2 1 53 1735 1744 1745 1736
1053 3 2 1 53 1736 1745 1746 1737
1054 3 2 1 53 1737 1746 335 334
1055 3 2 1 53 267 268 1747 1738
1056 3 2 1 53 1738 1747 1748 1739
1057 3 2 1 53 1739 1748 1749 1740
1058 3 2 1 53 1740 1749 1750 1741
1059 3 2 1 53 1741 1750 1751 1742
1060 3 2 1 53 1742 1751 1752 1743
1061 3 2 1 53 1743 1752 1753 1744
1062 3 2 1 53 1744 1753 1754 1745
1063 3 2 1 53 1745 1754 1755 1746
1064 3 2 1 53 1746 1755 336 335
1065 3 2 1 53 268 269 1756 1747
1066 3 2 1 53 1747 1756 1757 1748
1067 3 2 1 53 1748 1757 1758 1749
1068 3 2 1 53 1749 1758 1759 1750
1069 3 2 1 53 1750 1759 1760 1751
1070 3 2 1 53 1751 1760 1761 1752
1071 3 2 1 53 1752 1761 1762 1753
1072 3 2 1 53 1753 1762 1763 1754
1073 3 2 1 53 1754 1763 1764 1755
1074 3 2 1 53 1755 1764 337 336
1075 3 2 1 53 269 270 1765 1756
1076 3 2 1 53 1756 1765 1766 1757
1077 3 2 1 53 1757 1766 1767 1758
1078 3 2 1 53 1758 1767 1768 1759
1079 3 2 1 53 1759 1768 1769 1760
1080 3 2 1 53 1760 1769 1770 1761
1081 3 2 1 53 1761 1770 1771 1762
1082 3 2 1 53 1762 1771 1772 1763
1083 3 2 1 53 1763 1772 1773 1764
1084 3 2 1 53 1764 1773 338 337
1085 3 2 1 53 270 271 1774 1765
1086 3 2 1 53 1765 1774 1775 1766
1087 3 2 1 53 1766 1775 1776 1767
1088 3 2 1 53 1767 1776 1777 1768
1089 3 2 1 53 1768 1777 1778 1769
1090 3 2 1 53 1769 1778 1779 1770
1091 3 2 1 53 1770 1779 1780 1771
1092 3 2 1 53 1771 1780 1781 1772
1093 3 2 1 53 1772 1781 1782 1773
1094 3 2 1 53 1773 1782 339 338
1095 3 2 1 53 271 272 1783 1774
1096 3 2 1 53 1774 1783 1784 1775
1097 3 2 1 53 1775 1784 1785 1776
1098 3 2 1 53 1776 1785 1786 1777
1099 3 2 1 53 1777 1786 1787 1778
1100 3 2 1 53 1778 1787 1788 1779
1101 3 2 1 53 1779 1788 1789 1780
1102 3 2 1 53 1780 1789 1790 1781
1103 3 2 1 53 1781 1790 1791 1782
1104 3 2 1 53 1782 1791 340 339
1105 3 2 1 53 272 273 1792 1783
1106 3 2 1 53 1783 1792 1793 1784
1107 3 2 1 53 1784 1793 1794 1785
1108 3 2 1 53 1785 1794 1795 1786
1109 3 2 1 53 1786 1795 1796 1787
1110 3 2 1 53 1787 1796 1797 1788
1111 3 2 1 53 1788 1797 1798 1789
1112 3 2 1 53 1789 1798 1799 1790
1113 3 2 1 53 1790 1799 1800 1791
1114 3 2 1 53 1791 1800 341 340
1115 3 2 1 53 273 274 1801 1792
1116 3 2 1 53 1792 1801 1802 1793
1117 3 2 1 53 1793 1802 1803 1794
1118 3 2 1 53 1794 1803 1804 1795
1119 3 2 1 53 1795 1804 1805 1796
1120 3 2 1 53 1796 1805 1806 1797
1121 3 2 1 53 1797 1806 1807 1798
1122 3 2 1 53 1798 1807 1808 1799
1123 3 2 1 53 1799 1808 1809 1800
1124 3 2 1 53 1800 1809 342 341
1125 3 2 1 53 274 275 1810 1801
1126 3 2 1 53 1801 1810 1811 1802
1127 3 2 1 53 1802 1811 1812 1803
1128 3 2 1 53 1803 1812 1813 1804
1129 3 2 1 53 1804 1813 1814 1805
1130 3 2 1 53 1805 1814 1815 1806
1131 3 2 1 53 1806 1815 1816 1807
1132 3 2 1 53 1807 1816 1817 1808
1133 3 2 1 53 1808 1817 1818 1809
1134 3 2 1 53 1809 1818 343 342
1135 3 2 1 53 275 9 529 1810
1136 3 2 1 53 1810 529 530 1811
1137 3 2 1 53 1811 530 531 1812
1138 3 2 1 53 1812 531 532 1813
1139 3 2 1 53 1813 532 533 1814
1140 3 2 1 53 1814 533 534 1815
1141 3 2 1 53 1815 534 535 1816
1142 3 2 1 53 1816 535 536 1817
1143 3 2 1 53 1817 536 537 1818
1144 3 2 1 53 1818 537 25 343
1145 3 2 2 56 8 298 2017 520
1146 3 2 2 56 520 2017 2018 521
1147 3 2 2 56 521 2018 2019 522
1148 3 2 2 56 522 2019 2020 523
1149 3 2 2 56 523 2020 2021 524
1150 3 2 2 56 524 2021 2022 525
1151 3 2 2 56 525 2022 2023 526
1152 3 2 2 56 526 2023 2024 527
1153 3 2 2 56 527 2024 2025 528
1154 3 2 2 56 528 2025 366 24
1155 3 2 2 56 298 299 2026 2017
1156 3 2 2 56 2017 2026 2027 2018
1157 3 2 2 56 2018 2027 2028 2019
1158 3 2 2 56 2019 2028 2029 2020
1159 3 2 2 56 2020 2029 2030 2021
1160 3 2 2 56 2021 2030 2031 2022
1161 3 2 2 56 2022 2031 2032 2023
1162 3 2 2 56 2023 2032 2033 2024
1163 3 2 2 56 2024 2033 2034 2025
1164 3 2 2 56 2025 2034 367 366
1165 3 2 2 56 299 300 2035 2026
1166 3 2 2 56 2026 2035 2036 2027
1167 3 2 2 56 2027 2036 2037 2028
1168 3 2 2 56 2028 2037 2038 2029
1169 3 2 2 56 2029 2038 2039 2030
1170 3 2 2 56 2030 2039 2040 2031
1171 3 2 2 56 2031 2040 2041 2032
1172 3 2 2 56 2032 2041 2042 2033
1173 3 2 2 56 2033 2042 2043 2034
1174 3 2 2 56 2034 2043 368 367
1175 3 2 2 56 300 301 2044 2035
1176 3 2 2 56 2035 2044 2045 2036
1177 3 2 2 56 2036 2045 2046 2037
1178 3 2 2 56 2037 2046 2047 2038
1179 3 2 2 56 2038 2047 2048 2039
1180 3 2 2 56 2039 2048 2049 2040
1181 3 2 2 56 2040 2049 2050 2041
1182 3 2 2 56 2041 2050 2051 2042
1183 3 2 2 56 2042 2051 2052 2043
1184 3 2 2 56 2043 2052 369 368
1185 3 2 2 56 301 302 2053 2044
1186 3 2 2 56 2044 2053 2054 2045
1187 3 2 2 56 2045 2054 2055 2046
1188 3 2 2 56 2046 2055 2056 2047
1189 3 2 2 56 2047 2056 2057 2048
1190 3 2 2 56 2048 2057 2058 2049
1191 3 2 2 56 2049 2058 2059 2050
1192 3 2 2 56 2050 2059 2060 2051
1193 3 2 2 56 2051 2060 2061 2052
1194 3 2 2 56 2052 2061 370 369
1195 3 2 2 56 302 303 2062 2053
1196 3 2 2 56 2053 2062 2063 2054
1197 3 2 2 56 2054 2063 2064 2055
1198 3 2 2 56 2055 2064 2065 2056
1199 3 2 2 56 2056 2065 2066 2057
1200 3 2 2 56 2057 2066 2067 2058
1201 3 2 2 56 2058 2067 2068 2059
1202 3 2 2 56 2059 2068 2069 2060
1203 3 2 2 56 2060 2069 2070 2061
1204 3 2 2 56 2061 2070 371 370
1205 3 2 2 56 303 304 2071 2062
1206 3 2 2 56 2062 2071 2072 2063
1207 3 2 2 56 2063 2072 2073 2064
1208 3 2 2 56 2064 2073 2074 2065
1209 3 2 2 56 2065 2074 2075 2066
1210 3 2 2 56 2066 2075 2076 2067
1211 3 2 2 56 2067 2076 2077 2068
1212 3 2 2 56 2068 2077 2078 2069
1213 3 2 2 56 2069 2078 2079 2070
1214 3 2 2 56 2070 2079 372 371
1215 3 2 2 56 304 305 2080 2071
1216 3 2 2 56 2071 2080 2081 2072
1217 3 2 2 56 2072 2081 2082 2073
1218 3 2 2 56 2073 2082 2083 2074
1219 3 2 2 56 2074 2083 2084 2075
1220 3 2 2 56 2075 2084 2085 2076
1221 3 2 2 56 2076 2085 2086 2077
1222 3 2 2 56 2077 2086 2087 2078
1223 3 2 2 56 2078 2087 2088 2079
1224 3 2 2 56 2079 2088 373 372
1225 3 2 2 56 305 306 2089 2080
1226 3 2 2 56 2080 2089 2090 2081
1227 3 2 2 56 2081 2090 2091 2082
1228 3 2 2 56 2082 2091 2092 2083
1229 3 2 2 56 2083 2092 2093 2084
1230 3 2 2 56 2084 2093 2094 2085
1231 3 2 2 56 2085 2094 2095 2086
1232 3 2 2 56 2086 2095 2096 2087
1233 3 2 2 56 2087 2096 2097 2088
1234 3 2 2 56 2088 2097 374 373
1235 3 2 2 56 306 307 2098 2089
1236 3 2 2 56 2089 2098 2099 2090
1237 3 2 2 56 2090 2099 2100 2091
1238 3 2 2 56 2091 2100 2101 2092
1239 3 2 2 56 2092 2101 2102 2093
1240 3 2 2 56 2093 2102 2103 2094
1241 3 2 2 56 2094 2103 2104 2095
1242 3 2 2 56 2095 2104 2105 2096
1243 3 2 2 56 2096 2105 2106 2097
1244 3 2 2 56 2097 2106 375 374
1245 3 2 2 56 307 308 2107 2098
1246 3 2 2 56 2098 2107 2108 2099
1247 3 2 2 56 2099 2108 2109 2100
1248 3 2 2 56 2100 2109 2110 2101
1249 3 2 2 56 2101 2110 2111 2102
1250 3 2 2 56 2102 2111 2112 2103
1251 3 2 2 56 2103 2112 2113 2104
1252 3 2 2 56 2104 2113 2114 2105
1253 3 2 2 56 2105 2114 2115 2106
1254 3 2 2 56 2106 2115 376 375
1255 3 2 2 56 308 12 556 2107
1256 3 2 2 56 2107 556 557 2108
1257 3 2 2 56 2108 557 558 2109
1258 3 2 2 56 2109 558 559 2110
1259 3 2 2 56 2110 559 560 2111
1260 3 2 2 56 2111 560 561 2112
1261 3 2 2 56 2112 561 562 2113
1262 3 2 2 56 2113 562 563 2114
1263 3 2 2 56 2114 563 564 2115
1264 3 2 2 56 2115 564 28 376
1265 3 2 1 57 9 309 2116 529
1266 3 2 1 57 529 2116 2117 530
1267 3 2 1 57 530 2117 2118 531
1268 3 2 1 57 531 2118 2119 532
1269 3 2 1 57 532 2119 2120 533
1270 3 2 1 57 533 2120 2121 534
1271 3 2 1 57 534 2121 2122 535
1272 3 2 1 57 535 2122 2123 536
1273 3 2 1 57 536 2123 2124 537
1274 3 2 1 57 537 2124 377 25
1275 3 2 1 57 309 310 2125 2116
1276 3 2 1 57 2116 2125 2126 2117
1277 3 2 1 57 2117 2126 2127 2118
1278 3 2 1 57 2118 2127 2128 2119
1279 3 2 1 57 2119 2128 2129 2120
1280 3 2 1 57 2120 2129 2130 2121
1281 3 2 1 57 2121 2130 2131 2122
1282 3 2 1 57 2122 2131 2132 2123
1283 3 2 1 57 2123 2132 2133 2124
1284 3 2 1 57 2124 2133 378 377
1285 3 2 1 57 310 311 2134 2125
1286 3 2 1 57 2125 2134 2135 2126
1287 3 2 1 57 2126 2135 2136 2127
1288 3 2 1 57 2127 2136 2137 2128
1289 3 2 1 57 2128 2137 2138 2129
1290 3 2 1 57 2129 2138 2139 2130
1291 3 2 1 57 2130 2139 2140 2131
1292 3 2 1 57 2131 2140 2141 2132
1293 3 2 1 57 2132 2141 2142 2133
1294 3 2 1 57 2133 2142 379 378
1295 3 2 1 57 311 13 565 2134
1296 3 2 1 57 2134 565 566 2135
1297 3 2 1 57 2135 566 567 2136
1298 3 2 1 57 2136 567 568 2137
1299 3 2 1 57 2137 568 569 2138
1300 3 2 1 57 2138 569 570 2139
1301 3 2 1 57 2139 570 571 2140
1302 3 2 1 57 2140 571 572 2141
1303 3 2 1 57 2141 572 573 2142
1304 3 2 1 57 2142 573 29 379
1305 3 2 2 60 12 318 2197 556
1306 3 2 2 60 556 2197 2198 557
1307 3 2 2 60 557 2198 2199 558
1308 3 2 2 60 558 2199 2200 559
1309 3 2 2 60 559 2200 2201 560
1310 3 2 2 60 560 2201 2202 561
1311 3 2 2 60 561 2202 2203 562
1312 3 2 2 60 562 2203 2204 563
1313 3 2 2 60 563 2204 2205 564
1314 3 2 2 60 564 2205 386 28
1315 3 2 2 60 318 319 2206 2197
1316 3 2 2 60 2197 2206 2207 2198
1317 3 2 2 60 2198 2207 2208 2199
1318 3 2 2 60 2199 2208 2209 2200
1319 3 2 2 60 2200 2209 2210 2201
1320 3 2 2 60 2201 2210 2211 2202
1321 3 2 2 60 2202 2211 2212 2203
1322 3 2 2 60 2203 2212 2213 2204
1323 3 2 2 60 2204 2213 2214 2205
1324 3 2 2 60 2205 2214 387 386
1325 3 2 2 60 319 320 2215 2206
1326 3 2 2 60 2206 2215 2216 2207
1327 3 2 2 60 2207 2216 2217 2208
1328 3 2 2 60 2208 2217 2218 2209
1329 3 2 2 60 2209 2218 2219 2210
1330 3 2 2 60 2210 2219 2220 2211
1331 3 2 2 60 2211 2220 2221 2212
1332 3 2 2 60 2212 2221 2222 2213
1333 3 2 2 60 2213 2222 2223 2214
1334 3 2 2 60 2214 2223 388 387
1335 3 2 2 60 320 16 592 2215
1336 3 2 2 60 2215 592 593 2216
1337 3 2 2 60 2216 593 594 2217
1338 3 2 2 60 2217 594 595 2218
1339 3 2 2 60 2218 595 596 2219
1340 3 2 2 60 2219 596 597 2220
1341 3 2 2 60 2220 597 598 2221
1342 3 2 2 60 2221 598 599 2222
1343 3 2 2 60 2222 599 600 2223
1344 3 2 2 60 2223 600 32 388
1345 3 2 1 65 17 321 2224 601
1346 3 2 1 65 601 2224 2225 602
1347 3 2 1 65 602 2225 2226 603
1348 3 2 1 65 603 2226 2227 604
1349 3 2 1 65 604 2227 2228 605
1350 3 2 1 65 605 2228 2229 606
1351 3 2 1 65 606 2229 2230 607
1352 3 2 1 65 607 2230 2231 608
1353 3 2 1 65 608 2231 2232 609
1354 3 2 1 65 609 2232 389 33
1355 3 2 1 65 321 322 2233 2224
1356 3 2 1 65 2224 2233 2234 2225
1357 3 2 1 65 2225 2234 2235 2226
1358 3 2 1 65 2226 2235 2236 2227
1359 3 2 1 65 2227 2236 2237 2228
1360 3 2 1 65 2228 2237 2238 2229
1361 3 2 1 65 2229 2238 2239 2230
1362 3 2 1 65 2230 2239 2240 2231
1363 3 2 1 65 2231 2240 2241 2232
1364 3 2 1 65 2232 2241 390 389
1365 3 2 1 65 322 323 2242 2233
1366 3 2 1 65 2233 2242 2243 2234
1367 3 2 1 65 2234 2243 2244 2235
1368 3 2 1 65 2235 2244 2245 2236
1369 3 2 1 65 2236 2245 2246 2237
1370 3 2 1 65 2237 2246 2247 2238
1371 3 2 1 65 2238 2247 2248 2239
1372 3 2 1 65 2239 2248 2249 2240
1373 3 2 1 65 2240 2249 2250 2241
1374 3 2 1 65 2241 2250 391 390
1375 3 2 1 65 323 21 637 2242
1376 3 2 1 65 2242 637 638 2243
1377 3 2 1 65 2243 638 639 2244
1378 3 2 1 65 2244 639 640 2245
1379 3 2 1 65 2245 640 641 2246
1380 3 2 1 65 2246 641 642 2247
1381 3 2 1 65 2247 642 643 2248
1382 3 2 1 65 2248 643 644 2249
1383 3 2 1 65 2249 644 645 2250
1384 3 2 1 65 2250 645 37 391
1385 3 2 2 68 20 330 2305 628
1386 3 2 2 68 628 2305 2306 629
1387 3 2 2 68 629 2306 2307 630
1388 3 2 2 68 630 2307 2308 631
1389 3 2 2 68 631 2308 2309 632
1390 3 2 2 68 632 2309 2310 633
1391 3 2 2 68 633 2310 2311 634
1392 3 2 2 68 634 2311 2312 635
1393 3 2 2 68 635 2312 2313 636
1394 3 2 2 68 636 2313 398 36
1395 3 2 2 68 330 331 2314 2305
1396 3 2 2 68 2305 2314 2315 2306
1397 3 2 2 68 2306 2315 2316 2307
1398 3 2 2 68 2307 2316 2317 2308
1399 3 2 2 68 2308 2317 2318 2309
1400 3 2 2 68 2309 2318 2319 2310
1401 3 2 2 68 2310 2319 2320 2311
1402 3 2 2 68 2311 2320 2321 2312
1403 3 2 2 68 2312 2321 2322 2313
1404 3 2 2 68 2313 2322 399 398
1405 3 2 2 68 331 332 2323 2314
1406 3 2 2 68 2314 2323 2324 2315
1407 3 2 2 68 2315 2324 2325 2316
1408 3 2 2 68 2316 2325 2326 2317
1409 3 2 2 68 2317 2326 2327 2318
1410 3 2 2 68 2318 2327 2328 2319
1411 3 2 2 68 2319 2328 2329 2320
1412 3 2 2 68 2320 2329 2330 2321
1413 3 2 2 68 2321 2330 2331 2322
1414 3 2 2 68 2322 2331 400 399
1415 3 2 2 68 332 24 664 2323
1416 3 2 2 68 2323 664 665 2324
1417 3 2 2 68 2324 665 666 2325
1418 3 2 2 68 2325 666 667 2326
1419 3 2 2 68 2326 667 668 2327
1420 3 2 2 68 2327 668 669 2328
1421 3 2 2 68 2328 669 670 2329
1422 3 2 2 68 2329 670 671 2330
1423 3 2 2 68 2330 671 672 2331
1424 3 2 2 68 2331 672 40 400
1425 3 2 1 69 21 333 2332 637
1426 3 2 1 69 637 2332 2333 638
1427 3 2 1 69 638 2333 2334 639
1428 3 2 1 69 639 2334 2335 640
1429 3 2 1 69 640 2335 2336 641
1430 3 2 1 69 641 2336 2337 642
1431 3 2 1 69 642 2337 2338 643
1432 3 2 1 69 643 2338 2339 644
1433 3 2 1 69 644 2339 2340 645
1434 3 2 1 69 645 2340 401 37
1435 3 2 1 69 333 334 2341 2332
1436 3 2 1 69 2332 2341 2342 2333
1437 3 2 1 69 2333 2342 2343 2334
1438 3 2 1 69 2334 2343 2344 2335
1439 3 2 1 69 2335 2344 2345 2336
1440 3 2 1 69 2336 2345 2346 2337
1441 3 2 1 69 2337 2346 2347 2338
1442 3 2 1 69 2338 2347 2348 2339
1443 3 2 1 69 2339 2348 2349 2340
1444 3 2 1 69 2340 2349 402 401
1445 3 2 1 69 334 335 2350 2341
1446 3 2 1 69 2341 2350 2351 2342
1447 3 2 1 69 2342 2351 2352 2343
1448 3 2 1 69 2343 2352 2353 2344
1449 3 2 1 69 2344 2353 2354 2345
1450 3 2 1 69 2345 2354 2355 2346
1451 3 2 1 69 2346 2355 2356 2347
1452 3 2 1 69 2347 2356 2357 2348
1453 3 2 1 69 2348 2357 2358 2349
1454 3 2 1 69 2349 2358 403 402
1455 3 2 1 69 335 336 2359 2350
1456 3 2 1 69 2350 2359 2360 2351
1457 3 2 1 69 2351 2360 2361 2352
1458 3 2 1 69 2352 2361 2362 2353
1459 3 2 1 69 2353 2362 2363 2354
1460 3 2 1 69 2354 2363 2364 2355
1461 3 2 1 69 2355 2364 2365 2356
1462 3 2 1 69 2356 2365 2366 2357
1463 3 2 1 69 2357 2366 2367 2358
1464 3 2 1 69 2358 2367 404 403
1465 3 2 1 69 336 337 2368 2359
1466 3 2 1 69 2359 2368 2369 2360
1467 3 2 1 69 2360 2369 2370 2361
1468 3 2 1 69 2361 2370 2371 2362
1469 3 2 1 69 2362 2371 2372 2363
1470 3 2 1 69 2363 2372 2373 2364
1471 3 2 1 69 2364 2373 2374 2365
1472 3 2 1 69 2365 2374 2375 2366
1473 3 2 1 69 2366 2375 2376 2367
1474 3 2 1 69 2367 2376 405 404
1475 3 2 1 69 337 338 2377 2368
1476 3 2 1 69 2368 2377 2378 2369
1477 3 2 1 69 2369 2378 2379 2370
1478 3 2 1 69 2370 2379 2380 2371
1479 3 2 1 69 2371 2380 2381 2372
1480 3 2 1 69 2372 2381 2382 2373
1481 3 2 1 69 2373 2382 2383 2374
1482 3 2 1 69 2374 2383 2384 2375
1483 3 2 1 69 2375 2384 2385 2376
1484 3 2 1 69 2376 2385 406 405
1485 3 2 1 69 338 339 2386 2377
1486 3 2 1 69 2377 2386 2387 2378
1487 3 2 1 69 2378 2387 2388 2379
1488 3 2 1 69 2379 2388 2389 2380
1489 3 2 1 69 2380 2389 2390 2381
1490 3 2 1 69 2381 2390 2391 2382
1491 3 2 1 69 2382 2391 2392 2383
1492 3 2 1 69 2383 2392 2393 2384
1493 3 2 1 69 2384 2393 2394 2385
1494 3 2 1 69 2385 2394 407 406
1495 3 2 1 69 339 340 2395 2386
1496 3 2 1 69 2386 2395 2396 2387
1497 3 2 1 69 2387 2396 2397 2388
1498 3 2 1 69 2388 2397 2398 2389
1499 3 2 1 69 2389 2398 2399 2390
1500 3 2 1 69 2390 2399 2400 2391
1501 3 2 1 69 2391 2400 2401 2392
1502 3 2 1 69 2392 2401 2402 2393
1503 3 2 1 69 2393 2402 2403 2394
1504 3 2 1 69 2394 2403 408 407
1505 3 2 1 69 340 341 2404 2395
1506 3 2 1 69 2395 2404 2405 2396
1507 3 2 1 69 2396 2405 2406 2397
1508 3 2 1 69 2397 2406 2407 2398
1509 3 2 1 69 2398 2407 2408 2399
1510 3 2 1 69 2399 2408 2409 2400
1511 3 2 1 69 2400 2409 2410 2401
1512 3 2 1 69 2401 2410 2411 2402
1513 3 2 1 69 2402 2411 2412 2403
1514 3 2 1 69 2403 2412 409 408
1515 3 2 1 69 341 342 2413 2404
1516 3 2 1 69 2404 2413 2414 2405
1517 3 2 1 69 2405 2414 2415 2406
1518 3 2 1 69 2406 2415 2416 2407
1519 3 2 1 69 2407 2416 2417 2408
1520 3 2 1 69 2408 2417 2418 2409
1521 3 2 1 69 2409 2418 2419 2410
1522 3 2 1 69 2410 2419 2420 2411
1523 3 2 1 69 2411 2420 2421 2412
1524 3 2 1 69 2412 2421 410 409
1525 3 2 1 69 342 343 2422 2413
1526 3 2 1 69 2413 2422 2423 2414
1527 3 2 1 69 2414 2423 2424 2415
1528 3 2 1 69 2415 2424 2425 2416
1529 3 2 1 69 2416 2425 2426 2417
1530 3 2 1 69 2417 2426 2427 2418
1531 3 2 1 69 2418 2427 2428 2419
1532 3 2 1 69 2419 2428 2429 2420
1533 3 2 1 69 2420 2429 2430 2421
1534 3 2 1 69 2421 2430 411 410
1535 3 2 1 69 343 25 673 2422
1536 3 2 1 69 2422 673 674 2423
1537 3 2 1 69 2423 674 675 2424
1538 3 2 1 69 2424 675 676 2425
1539 3 2 1 69 2425 676 677 2426
1540 3 2 1 69 2426 677 678 2427
1541 3 2 1 69 2427 678 679 2428
1542 3 2 1 69 2428 679 680 2429
1543 3 2 1 69 2429 680 681 2430
1544 3 2 1 69 2430 681 41 411
1545 3 2 2 72 24 366 2629 664
1546 3 2 2 72 664 2629 2630 665
1547 3 2 2 72 665 2630 2631 666
1548 3 2 2 72 666 2631 2632 667
1549 3 2 2 72 667 2632 2633 668
1550 3 2 2 72 668 2633 2634 669
1551 3 2 2 72 669 2634 2635 670
1552 3 2 2 72 670 2635 2636 671
1553 3 2 2 72 671 2636 2637 672
1554 3 2 2 72 672 2637 434 40
1555 3 2 2 72 366 367 2638 2629
1556 3 2 2 72 2629 2638 2639 2630
1557 3 2 2 72 2630 2639 2640 2631
1558 3 2 2 72 2631 2640 2641 2632
1559 3 2 2 72 2632 2641 2642 2633
1560 3 2 2 72 2633 2642 2643 2634
1561 3 2 2 72 2634 2643 2644 2635
1562 3 2 2 72 2635 2644 2645 2636
1563 3 2 2 72 2636 2645 2646 2637
1564 3 2 2 72 2637 2646 435 434
1565 3 2 2 72 367 368 2647 2638
1566 3 2 2 72 2638 2647 2648 2639
1567 3 2 2 72 2639 2648 2649 2640
1568 3 2 2 72 2640 2649 2650 2641
1569 3 2 2 72 2641 2650 2651 2642
1570 3 2 2 72 2642 2651 2652 2643
1571 3 2 2 72 2643 2652 2653 2644
1572 3 2 2 72 2644 2653 2654 2645
1573 3 2 2 72 2645 2654 2655 2646
1574 3 2 2 72 2646 2655 436 435
1575 3 2 2 72 368 369 2656 2647
1576 3 2 2 72 2647 2656 2657 2648
1577 3 2 2 72 2648 2657 2658 2649
1578 3 2 2 72 2649 2658 2659 2650
1579 3 2 2 72 2650 2659 2660 2651
1580 3 2 2 72 2651 2660 2661 2652
1581 3 2 2 72 2652 2661 2662 2653
1582 3 2 2 72 2653 2662 2663 2654
1583 3 2 2 72 2654 2663 2664 2655
1584 3 2 2 72 2655 2664 437 436
1585 3 2 2 72 369 370 2665 2656
1586 3 2 2 72 2656 2665 2666 2657
1587 3 2 2 72 2657 2666 2667 2658
1588 3 2 2 72 2658 2667 2668 2659
1589 3 2 2 72 2659 2668 2669 2660
1590 3 2 2 72 2660 2669 2670 2661
1591 3 2 2 72 2661 2670 2671 2662
1592 3 2 2 72 2662 2671 2672 2663
1593 3 2 2 72 2663 2672 2673 2664
1594 3 2 2 72 2664 2673 438 437
1595 3 2 2 72 370 371 2674 2665
1596 3 2 2 72 2665 2674 2675 2666
1597 3 2 2 72 2666 2675 2676 2667
1598 3 2 2 72 2667 2676 2677 2668
1599 3 2 2 72 2668 2677 2678 2669
1600 3 2 2 72 2669 2678 2679 2670
1601 3 2 2 72 2670 2679 2680 2671
1602 3 2 2 72 2671 2680 2681 2672
1603 3 2 2 72 2672 2681 2682 2673
1604 3 2 2 72 2673 2682 439 438
1605 3 2 2 72 371 372 2683 2674
1606 3 2 2 72 2674 2683 2684 2675
1607 3 2 2 72 2675 2684 2685 2676
1608 3 2 2 72 2676 2685 2686 2677
1609 3 2 2 72 2677 2686 2687 2678
1610 3 2 2 72 2678 2687 2688 2679
1611 3 2 2 72 2679 2688 2689 2680
1612 3 2 2 72 2680 2689 2690 2681
1613 3 2 2 72 2681 2690 2691 2682
1614 3 2 2 72 2682 2691 440 439
1615 3 2 2 72 372 373 2692 2683
1616 3 2 2 72 2683 2692 2693 2684
1617 3 2 2 72 2684 2693 2694 2685
1618 3 2 2 72 2685 2694 2695 2686
1619 3 2 2 72 2686 2695 2696 2687
1620 3 2 2 72 2687 2696 2697 2688
1621 3 2 2 72 2688 2697 2698 2689
1622 3 2 2 72 2689 2698 2699 2690
1623 3 2 2 72 2690 2699 2700 2691
1624 3 2 2 72 2691 2700 441 440
1625 3 2 2 72 373 374 2701 2692
1626 3 2 2 72 2692 2701 2702 2693
1627 3 2 2 72 2693 2702 2703 2694
1628 3 2 2 72 2694 2703 2704 2695
1629 3 2 2 72 2695 2704 2705 2696
1630 3 2 2 72 2696 2705 2706 2697
1631 3 2 2 72 2697 2706 2707 2698
1632 3 2 2 72 2698 2707 2708 2699
1633 3 2 2 72 2699 2708 2709 2700
1634 3 2 2 72 2700 2709 442 441
1635 3 2 2 72 374 375 2710 2701
1636 3 2 2 72 2701 2710 2711 2702
1637 3 2 2 72 2702 2711 2712 2703
1638 3 2 2 72 2703 2712 2713 2704
1639 3 2 2 72 2704 2713 2714 2705
1640 3 2 2 72 2705 2714 2715 2706
1641 3 2 2 72 2706 2715 2716 2707
1642 3 2 2 72 2707 2716 2717 2708
1643 3 2 2 72 2708 2717 2718 2709
1644 3 2 2 72 2709 2718 443 442
1645 3 2 2 72 375 376 2719 2710
1646 3 2 2 72 2710 2719 2720 2711
1647 3 2 2 72 2711 2720 2721 2712
1648 3 2 2 72 2712 2721 2722 2713
1649 3 2 2 72 2713 2722 2723 2714
1650 3 2 2 72 2714 2723 2724 2715
1651 3 2 2 72 2715 2724 2725 2716
1652 3 2 2 72 2716 2725 2726 2717
1653 3 2 2 72 2717 2726 2727 2718
1654 3 2 2 72 2718 2727 444 443
1655 3 2 2 72 376 28 700 2719
1656 3 2 2 72 2719 700 701 2720
1657 3 2 2 72 2720 701 702 2721
1658 3 2 2 72 2721 702 703 2722
1659 3 2 2 72 2722 703 704 2723
1660 3 2 2 72 2723 704 705 2724
1661 3 2 2 72 2724 705 706 2725
1662 3 2 2 72 2725 706 707 2726
1663 3 2 2 72 2726 707 708 2727
1664 3 2 2 72 2727 708 44 444
1665 3 2 1 73 25 377 2728 673
1666 3 2 1 73 673 2728 2729 674
1667 3 2 1 73 674 2729 2730 675
1668 3 2 1 73 675 2730 2731 676
1669 3 2 1 73 676 2731 2732 677
1670 3 2 1 73 677 2732 2733 678
1671 3 2 1 73 678 2733 2734 679
1672 3 2 1 73 679 2734 2735 680
1673 3 2 1 73 680 2735 2736 681
1674 3 2 1 73 681 2736 445 41
1675 3 2 1 73 377 378 2737 2728
1676 3 2 1 73 2728 2737 2738 2729
1677 3 2 1 73 2729 2738 2739 2730
1678 3 2 1 73 2730 2739 2740 2731
1679 3 2 1 73 2731 2740 2741 2732
1680 3 2 1 73 2732 2741 2742 2733
1681 3 2 1 73 2733 2742 2743 2734
1682 3 2 1 73 2734 2743 2744 2735
1683 3 2 1 73 2735 2744 2745 2736
1684 3 2 1 73 2736 2745 446 445
1685 3 2 1 73 378 379 2746 2737
1686 3 2 1 73 2737 2746 2747 2738
1687 3 2 1 73 2738 2747 2748 2739
1688 3 2 1 73 2739 2748 2749 2740
1689 3 2 1 73 2740 2749 2750 2741
1690 3 2 1 73 2741 2750 2751 2742
1691 3 2 1 73 2742 2751 2752 2743
1692 3 2 1 73 2743 2752 2753 2744
1693 3 2 1 73 2744 2753 2754 2745
1694 3 2 1 73 2745 2754 447 446
1695 3 2 1 73 379 29 709 2746
1696 3 2 1 73 2746 709 710 2747
1697 3 2 1 73 2747 710 711 2748
1698 3 2 1 73 2748 711 712 2749
1699 3 2 1 73 2749 712 713 2750
1700 3 2 1 73 2750 713 714 2751
1701 3 2 1 73 2751 714 715 2752
1702 3 2 1 73 2752 715 716 2753
1703 3 2 1 73 2753 716 717 2754
1704 3 2 1 73 2754 717 45 447
1705 3 2 2 76 28 386 2809 700
1706 3 2 2 76 700 2809 2810 701
1707 3 2 2 76 701 2810 2811 702
1708 3 2 2 76 702 2811 2812 703
1709 3 2 2 76 703 2812 2813 704
1710 3 2 2 76 704 2813 2814 705
1711 3 2 2 76 705 2814 2815 706
1712 3 2 2 76 706 2815 2816 707
1713 3 2 2 76 707 2816 2817 708
1714 3 2 2 76 708 2817 454 44
1715 3 2 2 76 386 387 2818 2809
1716 3 2 2 76 2809 2818 2819 2810
1717 3 2 2 76 2810 2819 2820 2811
1718 3 2 2 76 2811 2820 2821 2812
1719 3 2 2 76 2812 2821 2822 2813
1720 3 2 2 76 2813 2822 2823 2814
1721 3 2 2 76 2814 2823 2824 2815
1722 3 2 2 76 2815 2824 2825 2816
1723 3 2 2 76 2816 2825 2826 2817
1724 3 2 2 76 2817 2826 455 454
1725 3 2 2 76 387 388 2827 2818
1726 3 2 2 76 2818 2827 2828 2819
1727 3 2 2 76 2819 2828 2829 2820
1728 3 2 2 76 2820 2829 2830 2821
1729 3 2 2 76 2821 2830 2831 2822
1730 3 2 2 76 2822 2831 2832 2823
1731 3 2 2 76 2823 2832 2833 2824
1732 3 2 2 76 2824 2833 2834 2825
1733 3 2 2 76 2825 2834 2835 2826
1734 3 2 2 76 2826 2835 456 455
1735 3 2 2 76 388 32 736 2827
1736 3 2 2 76 2827 736 737 2828
1737 3 2 2 76 2828 737 738 2829
1738 3 2 2 76 2829 738 739 2830
1739 3 2 2 76 2830 739 740 2831
1740 3 2 2 76 2831 740 741 2832
1741 3 2 2 76 2832 741 742 2833
1742 3 2 2 76 2833 742 743 2834
1743 3 2 2 76 2834 743 744 2835
1744 3 2 2 76 2835 744 48 456
1745 3 2 3 97 1 49 2836 457
1746 3 2 3 97 457 2836 2837 458
1747 3 2 3 97 458 2837 2838 459
1748 3 2 3 97 459 2838 2839 460
1749 3 2 3 97 460 2839 2840 461
1750 3 2 3 97 461 2840 2841 462
1751 3 2 3 97 462 2841 2842 463
1752 3 2 3 97 463 2842 2843 464
1753 3 2 3 97 464 2843 2844 465
1754 3 2 3 97 465 2844 117 17
1755 3 2 3 97 49 50 2845 2836
1756 3 2 3 97 2836 2845 2846 2837
1757 3 2 3 97 2837 2846 2847 2838
1758 3 2 3 97 2838 2847 2848 2839
1759 3 2 3 97 2839 2848 2849 2840
1760 3 2 3 97 2840 2849 2850 2841
1761 3 2 3 97 2841 2850 2851 2842
1762 3 2 3 97 2842 2851 2852 2843
1763 3 2 3 97 2843 2852 2853 2844
1764 3 2 3 97 2844 2853 118 117
1765 3 2 3 97 50 51 2854 2845
1766 3 2 3 97 2845 2854 2855 2846
1767 3 2 3 97 2846 2855 2856 2847
1768 3 2 3 97 2847 2856 2857 2848
1769 3 2 3 97 2848 2857 2858 2849
1770 3 2 3 97 2849 2858 2859 2850
1771 3 2 3 97 2850 2859 2860 2851
1772 3 2 3 97 2851 2860 2861 2852
1773 3 2 3 97 2852 2861 2862 2853
1774 3 2 3 97 2853 2862 119 118
1775 3 2 3 97 51 2 466 2854
1776 3 2 3 97 2854 466 467 2855
1777 3 2 3 97 2855 467 468 2856
1778 3 2 3 97 2856 468 469 2857
1779 3 2 3 97 2857 469 470 2858
1780 3 2 3 97 2858 470 471 2859
1781 3 2 3 97 2859 471 472 2860
1782 3 2 3 97 2860 472 473 2861
1783 3 2 3 97 2861 473 474 2862
1784 3 2 3 97 2862 474 18 119
1785 3 2 3 98 2 52 2863 466
1786 3 2 3 98 466 2863 2864 467
1787 3 2 3 98 467 2864 2865 468
1788 3 2 3 98 468 2865 2866 469
1789 3 2 3 98 469 2866 2867 470
1790 3 2 3 98 470 2867 2868 471
1791 3 2 3 98 471 2868 2869 472
1792 3 2 3 98 472 2869 2870 473
1793 3 2 3 98 473 2870 2871 474
1794 3 2 3 98 474 2871 120 18
1795 3 2 3 98 52 53 2872 2863
1796 3 2 3 98 2863 2872 2873 2864
1797 3 2 3 98 2864 2873 2874 2865
1798 3 2 3 98 2865 2874 2875 2866
1799 3 2 3 98 2866 2875 2876 2867
1800 3 2 3 98 2867 2876 2877 2868
1801 3 2 3 98 2868 2877 2878 2869
1802 3 2 3 98 2869 2878 2879 2870
1803 3 2 3 98 2870 2879 2880 2871
1804 3 2 3 98 2871 2880 121 120
1805 3 2 3 98 53 54 2881 2872
1806 3 2 3 98 2872 2881 2882 2873
1807 3 2 3 98 2873 2882 2883 2874
1808 3 2 3 98 2874 2883 2884 2875
1809 3 2 3 98 2875 2884 2885 2876
1810 3 2 3 98 2876 2885 2886 2877
1811 3 2 3 98 2877 2886 2887 2878
1812 3 2 3 98 2878 2887 2888 2879
1813 3 2 3 98 2879 2888 2889 2880
1814 3 2 3 98 2880 2889 122 121
1815 3 2 3 98 54 55 2890 2881
1816 3 2 3 98 2881 2890 2891 2882
1817 3 2 3 98 2882 2891 2892 2883
1818 3 2 3 98 2883 2892 2893 2884
1819 3 2 3 98 2884 2893 2894 2885
1820 3 2 3 98 2885 2894 2895 2886
1821 3 2 3 98 2886 2895 2896 2887
1822 3 2 3 98 2887 2896 2897 2888
1823 3 2 3 98 2888 2897 2898 2889
1824 3 2 3 98 2889 2898 123 122
1825 3 2 3 98 55 56 2899 2890
1826 3 2 3 98 2890 2899 2900 2891
1827 3 2 3 98 2891 2900 2901 2892
1828 3 2 3 98 2892 2901 2902 2893
1829 3 2 3 98 2893 2902 2903 2894
1830 3 2 3 98 2894 2903 2904 2895
1831 3 2 3 98 2895 2904 2905 2896
1832 3 2 3 98 2896 2905 2906 2897
1833 3 2 3 98 2897 2906 2907 2898
1834 3 2 3 98 2898 2907 124 123
1835 3 2 3 98 56 57 2908 2899
1836 3 2 3 98 2899 2908 2909 2900
1837 3 2 3 98 2900 2909 2910 2901
1838 3 2 3 98 2901 2910 2911 2902
1839 3 2 3 98 2902 2911 2912 2903
1840 3 2 3 98 2903 2912 2913 2904
1841 3 2 3 98 2904 2913 2914 2905
1842 3 2 3 98 2905 2914 2915 2906
1843 3 2 3 98 2906 2915 2916 2907
1844 3 2 3 98 2907 2916 125 124
1845 3 2 3 98 57 58 2917 2908
1846 3 2 3 98 2908 2917 2918 2909
1847 3 2 3 98 2909 2918 2919 2910
1848 3 2 3 98 2910 2919 2920 2911
1849 3 2 3 98 2911 2920 2921 2912
1850 3 2 3 98 2912 2921 2922 2913
1851 3 2 3 98 2913 2922 2923 2914
1852 3 2 3 98 2914 2923 2924 2915
1853 3 2 3 98 2915 2924 2925 2916
1854 3 2 3 98 2916 2925 126 125
1855 3 2 3 98 58 59 2926 2917
1856 3 2 3 98 2917 2926 2927 2918
1857 3 2 3 98 2918 2927 2928 2919
1858 3 2 3 98 2919 2928 2929 2920
1859 3 2 3 98 2920 2929 2930 2921
1860 3 2 3 98 2921 2930 2931 2922
1861 3 2 3 98 2922 2931 2932 2923
1862 3 2 3 98 2923 2932 2933 2924
1863 3 2 3 98 2924 2933 2934 2925
1864 3 2 3 98 2925 2934 127 126
1865 3 2 3 98 59 60 2935 2926
1866 3 2 3 98 2926 2935 2936 2927
1867 3 2 3 98 2927 2936 2937 2928
1868 3 2 3 98 2928 2937 2938 2929
1869 3 2 3 98 2929 2938 2939 2930
1870 3 2 3 98 2930 2939 2940 2931
1871 3 2 3 98 2931 2940 2941 2932
1872 3 2 3 98 2932 2941 2942 2933
1873 3 2 3 98 2933 2942 2943 2934
1874 3 2 3 98 2934 2943 128 127
1875 3 2 3 98 60 61 2944 2935
1876 3 2 3 98 2935 2944 2945 2936
1877 3 2 3 98 2936 2945 2946 2937
1878 3 2 3 98 2937 2946 2947 2938
1879 3 2 3 98 2938 2947 2948 2939
1880 3 2 3 98 2939 2948 2949 2940
1881 3 2 3 98 2940 2949 2950 2941
1882 3 2 3 98 2941 2950 2951 2942
1883 3 2 3 98 2942 2951 2952 2943
1884 3 2 3 98 2943 2952 129 128
1885 3 2 3 98 61 62 2953 2944
1886 3 2 3 98 2944 2953 2954 2945
1887 3 2 3 98 2945 2954 2955 2946
1888 3 2 3 98 2946 2955 2956 2947
1889 3 2 3 98 2947 2956 2957 2948
1890 3 2 3 98 2948 2957 2958 2949
1891 3 2 3 98 2949 2958 2959 2950
1892 3 2 3 98 2950 2959 2960 2951
1893 3 2 3 98 2951 2960 2961 2952
1894 3 2 3 98 2952 2961 130 129
1895 3 2 3 98 62 3 475 2953
1896 3 2 3 98 2953 475 476 2954
1897 3 2 3 98 2954 476 477 2955
1898 3 2 3 98 2955 477 478 2956
1899 3 2 3 98 2956 478 479 2957
1900 3 2 3 98 2957 479 480 2958
1901 3 2 3 98 2958 480 481 2959
1902 3 2 3 98 2959 481 482 2960
1903 3 2 3 98 2960 482 483 2961
1904 3 2 3 98 2961 483 19 130
1905 3 2 3 99 3 63 2962 475
1906 3 2 3 99 475 2962 2963 476
1907 3 2 3 99 476 2963 2964 477
1908 3 2 3 99 477 2964 2965 478
1909 3 2 3 99 478 2965 2966 479
1910 3 2 3 99 479 2966 2967 480
1911 3 2 3 99 480 2967 2968 481
1912 3 2 3 99 481 2968 2969 482
1913 3 2 3 99 482 2969 2970 483
1914 3 2 3 99 483 2970 131 19
1915 3 2 3 99 63 64 2971 2962
1916 3 2 3 99 2962 2971 2972 2963
1917 3 2 3 99 2963 2972 2973 2964
1918 3 2 3 99 2964 2973 2974 2965
1919 3 2 3 99 2965 2974 2975 2966
1920 3 2 3 99 2966 2975 2976 2967
1921 3 2 3 99 2967 2976 2977 2968
1922 3 2 3 99 2968 2977 2978 2969
1923 3 2 3 99 2969 2978 2979 2970
1924 3 2 3 99 2970 2979 132 131
1925 3 2 3 99 64 65 2980 2971
1926 3 2 3 99 2971 2980 2981 2972
1927 3 2 3 99 2972 2981 2982 2973
1928 3 2 3 99 2973 2982 2983 2974
1929 3 2 3 99 2974 2983 2984 2975
1930 3 2 3 99 2975 2984 2985 2976
1931 3 2 3 99 2976 2985 2986 2977
1932 3 2 3 99 2977 2986 2987 2978
1933 3 2 3 99 2978 2987 2988 2979
1934 3 2 3 99 2979 2988 133 132
1935 3 2 3 99 65 4 484 2980
1936 3 2 3 99 2980 484 485 2981
1937 3 2 3 99 2981 485 486 2982
1938 3 2 3 99 2982 486 487 2983
1939 3 2 3 99 2983 487 488 2984
1940 3 2 3 99 2984 488 489 2985
1941 3 2 3 99 2985 489 490 2986
1942 3 2 3 99 2986 490 491 2987
1943 3 2 3 99 2987 491 492 2988
1944 3 2 3 99 2988 492 20 133
1945 3 2 4 109 13 100 3295 565
1946 3 2 4 109 565 3295 3296 566
1947 3 2 4 109 566 3296 3297 567
1948 3 2 4 109 567 3297 3298 568
1949 3 2 4 109 568 3298 3299 569
1950 3 2 4 109 569 3299 3300 570
1951 3 2 4 109 570 3300 3301 571
1952 3 2 4 109 571 3301 3302 572
1953 3 2 4 109 572 3302 3303 573
1954 3 2 4 109 573 3303 168 29
1955 3 2 4 109 100 101 3304 3295
1956 3 2 4 109 3295 3304 3305 3296
1957 3 2 4 109 3296 3305 3306 3297
1958 3 2 4 109 3297 3306 3307 3298
1959 3 2 4 109 3298 3307 3308 3299
1960 3 2 4 109 3299 3308 3309 3300
1961 3 2 4 109 3300 3309 3310 3301
1962 3 2 4 109 3301 3310 3311 3302
1963 3 2 4 109 3302 3311 3312 3303
1964 3 2 4 109 3303 3312 169 168
1965 3 2 4 109 101 102 3313 3304
1966 3 2 4 109 3304 3313 3314 3305
1967 3 2 4 109 3305 3314 3315 3306
1968 3 2 4 109 3306 3315 3316 3307
1969 3 2 4 109 3307 3316 3317 3308
1970 3 2 4 109 3308 3317 3318 3309
1971 3 2 4 109 3309 3318 3319 3310
1972 3 2 4 109 3310 3319 3320 3311
1973 3 2 4 109 3311 3320 3321 3312
1974 3 2 4 109 3312 3321 170 169
1975 3 2 4 109 102 14 574 3313
1976 3 2 4 109 3313 574 575 3314
1977 3 2 4 109 3314 575 576 3315
1978 3 2 4 109 3315 576 577 3316
1979 3 2 4 109 3316 577 578 3317
1980 3 2 4 109 3317 578 579 3318
1981 3 2 4 109 3318 579 580 3319
1982 3 2 4 109 3319 580 581 3320
1983 3 2 4 109 3320 581 582 3321
1984 3 2 4 109 3321 582 30 170
1985 3 2 4 110 14 103 3322 574
1986 3 2 4 110 574 3322 3323 575
1987 3 2 4 110 575 3323 3324 576
1988 3 2 4 110 576 3324 3325 577
1989 3 2 4 110 577 3325 3326 578
1990 3 2 4 110 578 3326 3327 579
1991 3 2 4 110 579 3327 3328 580
1992 3 2 4 110 580 3328 3329 581
1993 3 2 4 110 581 3329 3330 582
1994 3 2 4 110 582 3330 171 30
1995 3 2 4 110 103 104 3331 3322
1996 3 2 4 110 3322 3331 3332 3323
1997 3 2 4 110 3323 3332 3333 3324
1998 3 2 4 110 3324 3333 3334 3325
1999 3 2 4 110 3325 3334 3335 3326
2000 3 2 4 110 3326 3335 3336 3327
2001 3 2 4 110 3327 3336 3337 3328
2002 3 2 4 110 3328 3337 3338 3329
2003 3 2 4 110 3329 3338 3339 3330
2004 3 2 4 110 3330 3339 172 171
2005 3 2 4 110 104 105 3340 3331
2006 3 2 4 110 3331 3340 3341 3332
2007 3 2 4 110 3332 3341 3342 3333
2008 3 2 4 110 3333 3342 3343 3334
2009 3 2 4 110 3334 3343 3344 3335
2010 3 2 4 110 3335 3344 3345 3336
2011 3 2 4 110 3336 3345 3346 3337
2012 3 2 4 110 3337 3346 3347 3338
2013 3 2 4 110 3338 3347 3348 3339
2014 3 2 4 110 3339 3348 173 172
2015 3 2 4 110 105 106 3349 3340
2016 3 2 4 110 3340 3349 3350 3341
2017 3 2 4 110 3341 3350 3351 3342
2018 3 2 4 110 3342 3351 3352 3343
2019 3 2 4 110 3343 3352 3353 3344
2020 3 2 4 110 3344 3353 3354 3345
2021 3 2 4 110 3345 3354 3355 3346
2022 3 2 4 110 3346 3355 3356 3347
2023 3 2 4 110 3347 3356 3357 3348
2024 3 2 4 110 3348 3357 174 173
2025 3 2 4 110 106 107 3358 3349
2026 3 2 4 110 3349 3358 3359 3350
2027 3 2 4 110 3350 3359 3360 3351
2028 3 2 4 110 3351 3360 3361 3352
2029 3 2 4 110 3352 3361 3362 3353
2030 3 2 4 110 3353 3362 3363 3354
2031 3 2 4 110 3354 3363 3364 3355
2032 3 2 4 110 3355 3364 3365 3356
2033 3 2 4 110 3356 3365 3366 3357
2034 3 2 4 110 3357 3366 175 174
2035 3 2 4 110 107 108 3367 3358
2036 3 2 4 110 3358 3367 3368 3359
2037 3 2 4 110 3359 3368 3369 3360
2038 3 2 4 110 3360 3369 3370 3361
2039 3 2 4 110 3361 3370 3371 3362
2040 3 2 4 110 3362 3371 3372 3363
2041 3 2 4 110 3363 3372 3373 3364
2042 3 2 4 110 3364 3373 3374 3365
2043 3 2 4 110 3365 3374 3375 3366
2044 3 2 4 110 3366 3375 176 175
2045 3 2 4 110 108 109 3376 3367
2046 3 2 4 110 3367 3376 3377 3368
2047 3 2 4 110 3368 3377 3378 3369
2048 3 2 4 110 3369 3378 3379 3370
2049 3 2 4 110 3370 3379 3380 3371
2050 3 2 4 110 3371 3380 3381 3372
2051 3 2 4 110 3372 3381 3382 3373
2052 3 2 4 110 3373 3382 3383 3374
2053 3 2 4 110 3374 3383 3384 3375
2054 3 2 4 110 3375 3384 177 176
2055 3 2 4 110 109 110 3385 3376
2056 3 2 4 110 3376 3385 3386 3377
2057 3 2 4 110 3377 3386 3387 3378
2058 3 2 4 110 3378 3387 3388 3379
2059 3 2 4 110 3379 3388 3389 3380
2060 3 2 4 110 3380 3389 3390 3381
2061 3 2 4 110 3381 3390 3391 3382
2062 3 2 4 110 3382 3391 3392 3383
2063 3 2 4 110 3383 3392 3393 3384
2064 3 2 4 110 3384 3393 178 177
2065 3 2 4 110 110 111 3394 3385
2066 3 2 4 110 3385 3394 3395 3386
2067 3 2 4 110 3386 3395 3396 3387
2068 3 2 4 110 3387 3396 3397 3388
2069 3 2 4 110 3388 3397 3398 3389
2070 3 2 4 110 3389 3398 3399 3390
2071 3 2 4 110 3390 3399 3400 3391
2072 3 2 4 110 3391 3400 3401 3392
2073 3 2 4 110 3392 3401 3402 3393
2074 3 2 4 110 3393 3402 179 178
2075 3 2 4 110 111 112 3403 3394
2076 3 2 4 110 3394 3403 3404 3395
2077 3 2 4 110 3395 3404 3405 3396
2078 3 2 4 110 3396 3405 3406 3397
2079 3 2 4 110 3397 3406 3407 3398
2080 3 2 4 110 3398 3407 3408 3399
2081 3 2 4 110 3399 3408 3409 3400
2082 3 2 4 110 3400 3409 3410 3401
2083 3 2 4 110 3401 3410 3411 3402
2084 3 2 4 110 3402 3411 180 179
2085 3 2 4 110 112 113 3412 3403
2086 3 2 4 110 3403 3412 3413 3404
2087 3 2 4 110 3404 3413 3414 3405
2088 3 2 4 110 3405 3414 3415 3406
2089 3 2 4 110 3406 3415 3416 3407
2090 3 2 4 110 3407 3416 3417 3408
2091 3 2 4 110 3408 3417 3418 3409
2092 3 2 4 110 3409 3418 3419 3410
2093 3 2 4 110 3410 3419 3420 3411
2094 3 2 4 110 3411 3420 181 180
2095 3 2 4 110 113 15 583 3412
2096 3 2 4 110 3412 583 584 3413
2097 3 2 4 110 3413 584 585 3414
2098 3 2 4 110 3414 585 586 3415
2099 3 2 4 110 3415 586 587 3416
2100 3 2 4 110 3416 587 588 3417
2101 3 2 4 110 3417 588 589 3418
2102 3 2 4 110 3418 589 590 3419
2103 3 2 4 110 3419 590 591 3420
2104 3 2 4 110 3420 591 31 181
2105 3 2 4 111 15 114 3421 583
2106 3 2 4 111 583 3421 3422 584
2107 3 2 4 111 584 3422 3423 585
2108 3 2 4 111 585 3423 3424 586
2109 3 2 4 111 586 3424 3425 587
2110 3 2 4 111 587 3425 3426 588
2111 3 2 4 111 588 3426 3427 589
2112 3 2 4 111 589 3427 3428 590
2113 3 2 4 111 590 3428 3429 591
2114 3 2 4 111 591 3429 182 31
2115 3 2 4 111 114 115 3430 3421
2116 3 2 4 111 3421 3430 3431 3422
2117 3 2 4 111 3422 3431 3432 3423
2118 3 2 4 111 3423 3432 3433 3424
2119 3 2 4 111 3424 3433 3434 3425
2120 3 2 4 111 3425 3434 3435 3426
2121 3 2 4 111 3426 3435 3436 3427
2122 3 2 4 111 3427 3436 3437 3428
2123 3 2 4 111 3428 3437 3438 3429
2124 3 2 4 111 3429 3438 183 182
2125 3 2 4 111 115 116 3439 3430
2126 3 2 4 111 3430 3439 3440 3431
2127 3 2 4 111 3431 3440 3441 3432
2128 3 2 4 111 3432 3441 3442 3433
2129 3 2 4 111 3433 3442 3443 3434
2130 3 2 4 111 3434 3443 3444 3435
2131 3 2 4 111 3435 3444 3445 3436
2132 3 2 4 111 3436 3445 3446 3437
2133 3 2 4 111 3437 3446 3447 3438
2134 3 2 4 111 3438 3447 184 183
2135 3 2 4 111 116 16 592 3439
2136 3 2 4 111 3439 592 593 3440
2137 3 2 4 111 3440 593 594 3441
2138 3 2 4 111 3441 594 595 3442
2139 3 2 4 111 3442 595 596 3443
2140 3 2 4 111 3443 596 597 3444
2141 3 2 4 111 3444 597 598 3445
2142 3 2 4 111 3445 598 599 3446
2143 3 2 4 111 3446 599 600 3447
2144 3 2 4 111 3447 600 32 184
2145 3 2 3 113 17 117 3448 601
2146 3 2 3 113 601 3448 3449 602
2147 3 2 3 113 602 3449 3450 603
2148 3 2 3 113 603 3450 3451 604
2149 3 2 3 113 604 3451 3452 605
2150 3 2 3 113 605 3452 3453 606
2151 3 2 3 113 606 3453 3454 607
2152 3 2 3 113 607 3454 3455 608
2153 3 2 3 113 608 3455 3456 609
2154 3 2 3 113 609 3456 185 33
2155 3 2 3 113 117 118 3457 3448
2156 3 2 3 113 3448 3457 3458 3449
2157 3 2 3 113 3449 3458 3459 3450
2158 3 2 3 113 3450 3459 3460 3451
2159 3 2 3 113 3451 3460 3461 3452
2160 3 2 3 113 3452 3461 3462 3453
2161 3 2 3 113 3453 3462 3463 3454
2162 3 2 3 113 3454 3463 3464 3455
2163 3 2 3 113 3455 3464 3465 3456
2164 3 2 3 113 3456 3465 186 185
2165 3 2 3 113 118 119 3466 3457
2166 3 2 3 113 3457 3466 3467 3458
2167 3 2 3 113 3458 3467 3468 3459
2168 3 2 3 113 3459 3468 3469 3460
2169 3 2 3 113 3460 3469 3470 3461
2170 3 2 3 113 3461 3470 3471 3462
2171 3 2 3 113 3462 3471 3472 3463
2172 3 2 3 113 3463 3472 3473 3464
2173 3 2 3 113 3464 3473 3474 3465
2174 3 2 3 113 3465 3474 187 186
2175 3 2 3 113 119 18 610 3466
2176 3 2 3 113 3466 610 611 3467
2177 3 2 3 113 3467 611 612 3468
2178 3 2 3 113 3468 612 613 3469
2179 3 2 3 113 3469 613 614 3470
2180 3 2 3 113 3470 614 615 3471
2181 3 2 3 113 3471 615 616 3472
2182 3 2 3 113 3472 616 617 3473
2183 3 2 3 113 3473 617 618 3474
2184 3 2 3 113 3474 618 34 187
2185 3 2 3 114 18 120 3475 610
2186 3 2 3 114 610 3475 3476 611
2187 3 2 3 114 611 3476 3477 612
2188 3 2 3 114 612 3477 3478 613
2189 3 2 3 114 613 3478 3479 614
2190 3 2 3 114 614 3479 3480 615
2191 3 2 3 114 615 3480 3481 616
2192 3 2 3 114 616 3481 3482 617
2193 3 2 3 114 617 3482 3483 618
2194 3 2 3 114 618 3483 188 34
2195 3 2 3 114 120 121 3484 3475
2196 3 2 3 114 3475 3484 3485 3476
2197 3 2 3 114 3476 3485 3486 3477
2198 3 2 3 114 3477 3486 3487 3478
2199 3 2 3 114 3478 3487 3488 3479
2200 3 2 3 114 3479 3488 3489 3480
2201 3 2 3 114 3480 3489 3490 3481
2202 3 2 3 114 3481 3490 3491 3482
2203 3 2 3 114 3482 3491 3492 3483
2204 3 2 3 114 3483 3492 189 188
2205 3 2 3 114 121 122 3493 3484
2206 3 2 3 114 3484 3493 3494 3485
2207 3 2 3 114 3485 3494 3495 3486
2208 3 2 3 114 3486 3495 3496 3487
2209 3 2 3 114 3487 3496 3497 3488
2210 3 2 3 114 3488 3497 3498 3489
2211 3 2 3 114 3489 3498 3499 3490
2212 3 2 3 114 3490 3499 3500 3491
2213 3 2 3 114 3491 3500 3501 3492
2214 3 2 3 114 3492 3501 190 189
2215 3 2 3 114 122 123 3502 3493
2216 3 2 3 114 3493 3502 3503 3494
2217 3 2 3 114 3494 3503 3504 3495
2218 3 2 3 114 3495 3504 3505 3496
2219 3 2 3 114 3496 3505 3506 3497
2220 3 2 3 114 3497 3506 3507 3498
2221 3 2 3 114 3498 3507 3508 3499
2222 3 2 3 114 3499 3508 3509 3500
2223 3 2 3 114 3500 3509 3510 3501
2224 3 2 3 114 3501 3510 191 190
2225 3 2 3 114 123 124 3511 3502
2226 3 2 3 114 3502 3511 3512 3503
2227 3 2 3 114 3503 3512 3513 3504
2228 3 2 3 114 3504 3513 3514 3505
2229 3 2 3 114 3505 3514 3515 3506
2230 3 2 3 114 3506 3515 3516 3507
2231 3 2 3 114 3507 3516 3517 3508
2232 3 2 3 114 3508 3517 3518 3509
2233 3 2 3 114 3509 3518 3519 3510
2234 3 2 3 114 3510 3519 192 191
2235 3 2 3 114 124 125 3520 3511
2236 3 2 3 114 3511 3520 3521 3512
2237 3 2 3 114 3512 3521 3522 3513
2238 3 2 3 114 3513 3522 3523 3514
2239 3 2 3 114 3514 3523 3524 3515
2240 3 2 3 114 3515 3524 3525 3516
2241 3 2 3 114 3516 3525 3526 3517
2242 3 2 3 114 3517 3526 3527 3518
2243 3 2 3 114 3518 3527 3528 3519
2244 3 2 3 114 3519 3528 193 192
2245 3 2 3 114 125 126 3529 3520
2246 3 2 3 114 3520 3529 3530 3521
2247 3 2 3 114 3521 3530 3531 3522
2248 3 2 3 114 3522 3531 3532 3523
2249 3 2 3 114 3523 3532 3533 3524
2250 3 2 3 114 3524 3533 3534 3525
2251 3 2 3 114 3525 3534 3535 3526
2252 3 2 3 114 3526 3535 3536 3527
2253 3 2 3 114 3527 3536 3537 3528
2254 3 2 3 114 3528 3537 194 193
2255 3 2 3 114 126 127 3538 3529
2256 3 2 3 114 3529 3538 3539 3530
2257 3 2 3 114 3530 3539 3540 3531
2258 3 2 3 114 3531 3540 3541 3532
2259 3 2 3 114 3532 3541 3542 3533
2260 3 2 3 114 3533 3542 3543 3534
2261 3 2 3 114 3534 3543 3544 3535
2262 3 2 3 114 3535 3544 3545 3536
2263 3 2 3 114 3536 3545 3546 3537
2264 3 2 3 114 3537 3546 195 194
2265 3 2 3 114 127 128 3547 3538
2266 3 2 3 114 3538 3547 3548 3539
2267 3 2 3 114 3539 3548 3549 3540
2268 3 2 3 114 3540 3549 3550 3541
2269 3 2 3 114 3541 3550 3551 3542
2270 3 2 3 114 3542 3551 3552 3543
2271 3 2 3 114 3543 3552 3553 3544
2272 3 2 3 114 3544 3553 3554 3545
2273 3 2 3 114 3545 3554 3555 3546
2274 3 2 3 114 3546 3555 196 195
2275 3 2 3 114 128 129 3556 3547
2276 3 2 3 114 3547 3556 3557 3548
2277 3 2 3 114 3548 3557 3558 3549
2278 3 2 3 114 3549 3558 3559 3550
2279 3 2 3 114 3550 3559 3560 3551
2280 3 2 3 114 3551 3560 3561 3552
2281 3 2 3 114 3552 3561 3562 3553
2282 3 2 3 114 3553 3562 3563 3554
2283 3 2 3 114 3554 3563 3564 3555
2284 3 2 3 114 3555 3564 197 196
2285 3 2 3 114 129 130 3565 3556
2286 3 2 3 114 3556 3565 3566 3557
2287 3 2 3 114 3557 3566 3567 3558
2288 3 2 3 114 3558 3567 3568 3559
2289 3 2 3 114 3559 3568 3569 3560
2290 3 2 3 114 3560 3569 3570 3561
2291 3 2 3 114 3561 3570 3571 3562
2292 3 2 3 114 3562 3571 3572 3563
2293 3 2 3 114 3563 3572 3573 3564
2294 3 2 3 114 3564 3573 198 197
2295 3 2 3 114 130 19 619 3565
2296 3 2 3 114 3565 619 620 3566
2297 3 2 3 114 3566 620 621 3567
2298 3 2 3 114 3567 621 622 3568
2299 3 2 3 114 3568 622 623 3569
2300 3 2 3 114 3569 623 624 3570
2301 3 2 3 114 3570 624 625 3571
2302 3 2 3 114 3571 625 626 3572
2303 3 2 3 114 3572 626 627 3573
2304 3 2 3 114 3573 627 35 198
2305 3 2 3 115 19 131 3574 619
2306 3 2 3 115 619 3574 3575 620
2307 3 2 3 115 620 3575 3576 621
2308 3 2 3 115 621 3576 3577 622
2309 3 2 3 115 622 3577 3578 623
2310 3 2 3 115 623 3578 3579 624
2311 3 2 3 115 624 3579 3580 625
2312 3 2 3 115 625 3580 3581 626
2313 3 2 3 115 626 3581 3582 627
2314 3 2 3 115 627 3582 199 35
2315 3 2 3 115 131 132 3583 3574
2316 3 2 3 115 3574 3583 3584 3575
2317 3 2 3 115 3575 3584 3585 3576
2318 3 2 3 115 3576 3585 3586 3577
2319 3 2 3 115 3577 3586 3587 3578
2320 3 2 3 115 3578 3587 3588 3579
2321 3 2 3 115 3579 3588 3589 3580
2322 3 2 3 115 3580 3589 3590 3581
2323 3 2 3 115 3581 3590 3591 3582
2324 3 2 3 115 3582 3591 200 199
2325 3 2 3 115 132 133 3592 3583
2326 3 2 3 115 3583 3592 3593 3584
2327 3 2 3 115 3584 3593 3594 3585
2328 3 2 3 115 3585 3594 3595 3586
2329 3 2 3 115 3586 3595 3596 3587
2330 3 2 3 115 3587 3596 3597 3588
2331 3 2 3 115 3588 3597 3598 3589
2332 3 2 3 115 3589 3598 3599 3590
2333 3 2 3 115 3590 3599 3600 3591
2334 3 2 3 115 3591 3600 201 200
2335 3 2 3 115 133 20 628 3592
2336 3 2 3 115 3592 628 629 3593
2337 3 2 3 115 3593 629 630 3594
2338 3 2 3 115 3594 630 631 3595
2339 3 2 3 115 3595 631 632 3596
2340 3 2 3 115 3596 632 633 3597
2341 3 2 3 115 3597 633 634 3598
2342 3 2 3 115 3598 634 635 3599
2343 3 2 3 115 3599 635 636 3600
2344 3 2 3 115 3600 636 36 201
2345 3 2 4 125 29 168 3907 709
2346 3 2 4 125 709 3907 3908 710
2347 3 2 4 125 710 3908 3909 711
2348 3 2 4 125 711 3909 3910 712
2349 3 2 4 125 712 3910 3911 713
2350 3 2 4 125 713 3911 3912 714
2351 3 2 4 125 714 3912 3913 715
2352 3 2 4 125 715 3913 3914 716
2353 3 2 4 125 716 3914 3915 717
2354 3 2 4 125 717 3915 236 45
2355 3 2 4 125 168 169 3916 3907
2356 3 2 4 125 3907 3916 3917 3908
2357 3 2 4 125 3908 3917 3918 3909
2358 3 2 4 125 3909 3918 3919 3910
2359 3 2 4 125 3910 3919 3920 3911
2360 3 2 4 125 3911 3920 3921 3912
2361 3 2 4 125 3912 3921 3922 3913
2362 3 2 4 125 3913 3922 3923 3914
2363 3 2 4 125 3914 3923 3924 3915
2364 3 2 4 125 3915 3924 237 236
2365 3 2 4 125 169 170 3925 3916
2366 3 2 4 125 3916 3925 3926 3917
2367 3 2 4 125 3917 3926 3927 3918
2368 3 2 4 125 3918 3927 3928 3919
2369 3 2 4 125 3919 3928 3929 3920
2370 3 2 4 125 3920 3929 3930 3921
2371 3 2 4 125 3921 3930 3931 3922
2372 3 2 4 125 3922 3931 3932 3923
2373 3 2 4 125 3923 3932 3933 3924
2374 3 2 4 125 3924 3933 238 237
2375 3 2 4 125 170 30 718 3925
2376 3 2 4 125 3925 718 719 3926
2377 3 2 4 125 3926 719 720 3927
2378 3 2 4 125 3927 720 721 3928
2379 3 2 4 125 3928 721 722 3929
2380 3 2 4 125 3929 722 723 3930
2381 3 2 4 125 3930 723 724 3931
2382 3 2 4 125 3931 724 725 3932
2383 3 2 4 125 3932 725 726 3933
2384 3 2 4 125 3933 726 46 238
2385 3 2 4 126 30 171 3934 718
2386 3 2 4 126 718 3934 3935 719
2387 3 2 4 126 719 3935 3936 720
2388 3 2 4 126 720 3936 3937 721
2389 3 2 4 126 721 3937 3938 722
2390 3 2 4 126 722 3938 3939 723
2391 3 2 4 126 723 3939 3940 724
2392 3 2 4 126 724 3940 3941 725
2393 3 2 4 126 725 3941 3942 726
2394 3 2 4 126 726 3942 239 46
2395 3 2 4 126 171 172 3943 3934
2396 3 2 4 126 3934 3943 3944 3935
2397 3 2 4 126 3935 3944 3945 3936
2398 3 2 4 126 3936 3945 3946 3937
2399 3 2 4 126 3937 3946 3947 3938
2400 3 2 4 126 3938 3947 3948 3939
2401 3 2 4 126 3939 3948 3949 3940
2402 3 2 4 126 3940 3949 3950 3941
2403 3 2 4 126 3941 3950 3951 3942
2404 3 2 4 126 3942 3951 240 239
2405 3 2 4 126 172 173 3952 3943
2406 3 2 4 126 3943 3952 3953 3944
2407 3 2 4 126 3944 3953 3954 3945
2408 3 2 4 126 3945 3954 3955 3946
2409 3 2 4 126 3946 3955 3956 3947
2410 3 2 4 126 3947 3956 3957 3948
2411 3 2 4 126 3948 3957 3958 3949
2412 3 2 4 126 3949 3958 3959 3950
2413 3 2 4 126 3950 3959 3960 3951
2414 3 2 4 126 3951 3960 241 240
2415 3 2 4 126 173 174 3961 3952
2416 3 2 4 126 3952 3961 3962 3953
2417 3 2 4 126 3953 3962 3963 3954
2418 3 2 4 126 3954 3963 3964 3955
2419 3 2 4 126 3955 3964 3965 3956
2420 3 2 4 126 3956 3965 3966 3957
2421 3 2 4 126 3957 3966 3967 3958
2422 3 2 4 126 3958 3967 3968 3959
2423 3 2 4 126 3959 3968 3969 3960
2424 3 2 4 126 3960 3969 242 241
2425 3 2 4 126 174 175 3970 3961
2426 3 2 4 126 3961 3970 3971 3962
2427 3 2 4 126 3962 3971 3972 3963
2428 3 2 4 126 3963 3972 3973 3964
2429 3 2 4 126 3964 3973 3974 3965
2430 3 2 4 126 3965 3974 3975 3966
2431 3 2 4 126 3966 3975 3976 3967
2432 3 2 4 126 3967 3976 3977 3968
2433 3 2 4 126 3968 3977 3978 3969
2434 3 2 4 126 3969 3978 243 242
2435 3 2 4 126 175 176 3979 3970
2436 3 2 4 126 3970 3979 3980 3971
2437 3 2 4 126 3971 3980 3981 3972
2438 3 2 4 126 3972 3981 3982 3973
2439 3 2 4 126 3973 3982 3983 3974
2440 3 2 4 126 3974 3983 3984 3975
2441 3 2 4 126 3975 3984 3985 3976
2442 3 2 4 126 3976 3985 3986 3977
2443 3 2 4 126 3977 3986 3987 3978
2444 3 2 4 126 3978 3987 244 243
2445 3 2 4 126 176 177 3988 3979
2446 3 2 4 126 3979 3988 3989 3980
2447 3 2 4 126 3980 3989 3990 3981
2448 3 2 4 126 3981 3990 3991 3982
2449 3 2 4 126 3982 3991 3992 3983
2450 3 2 4 126 3983 3992 3993 3984
2451 3 2 4 126 3984 3993 3994 3985
2452 3 2 4 126 3985 3994 3995 3986
2453 3 2 4 126 3986 3995 3996 3987
2454 3 2 4 126 3987 3996 245 244
2455 3 2 4 126 177 178 3997 3988
2456 3 2 4 126 3988 3997 3998 3989
2457 3 2 4 126 3989 3998 3999 3990
2458 3 2 4 126 3990 3999 4000 3991
2459 3 2 4 126 3991 4000 4001 3992
2460 3 2 4 126 3992 4001 4002 3993
2461 3 2 4 126 3993 4002 4003 3994
2462 3 2 4 126 3994 4003 4004 3995
2463 3 2 4 126 3995 4004 4005 3996
2464 3 2 4 126 3996 4005 246 245
2465 3 2 4 126 178 179 4006 3997
2466 3 2 4 126 3997 4006 4007 3998
2467 3 2 4 126 3998 4007 4008 3999
2468 3 2 4 126 3999 4008 4009 4000
2469 3 2 4 126 4000 4009 4010 4001
2470 3 2 4 126 4001 4010 4011 4002
2471 3 2 4 126 4002 4011 4012 4003
2472 3 2 4 126 4003 4012 4013 4004
2473 3 2 4 126 4004 4013 4014 4005
2474 3 2 4 126 4005 4014 247 246
2475 3 2 4 126 179 180 4015 4006
2476 3 2 4 126 4006 4015 4016 4007
2477 3 2 4 126 4007 4016 4017 4008
2478 3 2 4 126 4008 4017 4018 4009
2479 3 2 4 126 4009 4018 4019 4010
2480 3 2 4 126 4010 4019 4020 4011
2481 3 2 4 126 4011 4020 4021 4012
2482 3 2 4 126 4012 4021 4022 4013
2483 3 2 4 126 4013 4022 4023 4014
2484 3 2 4 126 4014 4023 248 247
2485 3 2 4 126 180 181 4024 4015
2486 3 2 4 126 4015 4024 4025 4016
2487 3 2 4 126 4016 4025 4026 4017
2488 3 2 4 126 4017 4026 4027 4018
2489 3 2 4 126 4018 4027 4028 4019
2490 3 2 4 126 4019 4028 4029 4020
2491 3 2 4 126 4020 4029 4030 4021
2492 3 2 4 126 4021 4030 4031 4022
2493 3 2 4 126 4022 4031 4032 4023
2494 3 2 4 126 4023 4032 249 248
2495 3 2 4 126 181 31 727 4024
2496 3 2 4 126 4024 727 728 4025
2497 3 2 4 126 4025 728 729 4026
2498 3 2 4 126 4026 729 730 4027
2499 3 2 4 126 4027 730 731 4028
2500 3 2 4 126 4028 731 732 4029
2501 3 2 4 126 4029 732 733 4030
2502 3 2 4 126 4030 733 734 4031
2503 3 2 4 126 4031 734 735 4032
2504 3 2 4 126 4032 735 47 249
2505 3 2 4 127 31 182 4033 727
2506 3 2 4 127 727 4033 4034 728
2507 3 2 4 127 728 4034 4035 729
2508 3 2 4 127 729 4035 4036 730
2509 3 2 4 127 730 4036 4037 731
2510 3 2 4 127 731 4037 4038 732
2511 3 2 4 127 732 4038 4039 733
2512 3 2 4 127 733 4039 4040 734
2513 3 2 4 127 734 4040 4041 735
2514 3 2 4 127 735 4041 250 47
2515 3 2 4 127 182 183 4042 4033
2516 3 2 4 127 4033 4042 4043 4034
2517 3 2 4 127 4034 4043 4044 4035
2518 3 2 4 127 4035 4044 4045 4036
2519 3 2 4 127 4036 4045 4046 4037
2520 3 2 4 127 4037 4046 4047 4038
2521 3 2 4 127 4038 4047 4048 4039
2522 3 2 4 127 4039 4048 4049 4040
2523 3 2 4 127 4040 4049 4050 4041
2524 3 2 4 127 4041 4050 251 250
2525 3 2 4 127 183 184 4051 4042
2526 3 2 4 127 4042 4051 4052 4043
2527 3 2 4 127 4043 4052 4053 4044
2528 3 2 4 127 4044 4053 4054 4045
2529 3 2 4 127 4045 4054 4055 4046
2530 3 2 4 127 4046 4055 4056 4047
2531 3 2 4 127 4047 4056 4057 4048
2532 3 2 4 127 4048 4057 4058 4049
2533 3 2 4 127 4049 4058 4059 4050
2534 3 2 4 127 4050 4059 252 251
2535 3 2 4 127 184 32 736 4051
2536 3 2 4 127 4051 736 737 4052
2537 3 2 4 127 4052 737 738 4053
2538 3 2 4 127 4053 738 739 4054
2539 3 2 4 127 4054 739 740 4055
2540 3 2 4 127 4055 740 741 4056
2541 3 2 4 127 4056 741 742 4057
2542 3 2 4 127 4057 742 743 4058
2543 3 2 4 127 4058 743 744 4059
2544 3 2 4 127 4059 744 48 252
2545 5 2 0 0 1 49 745 253 457 2836 4060 1612
2546 5 2 0 0 457 2836 4060 1612 458 2837 4061 1613
2547 5 2 0 0 458 2837 4061 1613 459 2838 4062 1614
2548 5 2 0 0 459 2838 4062 1614 460 2839 4063 1615
2549 5 2 0 0 460 2839 4063 1615 461 2840 4064 1616
2550 5 2 0 0 461 2840 4064 1616 462 2841 4065 1617
2551 5 2 0 0 462 2841 4065 1617 463 2842 4066 1618
2552 5 2 0 0 463 2842 4066 1618 464 2843 4067 1619
2553 5 2 0 0 464 2843 4067 1619 465 2844 4068 1620
2554 5 2 0 0 465 2844 4068 1620 17 117 1034 321
2555 5 2 0 0 253 745 746 254 1612 4060 4069 1621
2556 5 2 0 0 1612 4060 4069 1621 1613 4061 4070 1622
2557 5 2 0 0 1613 4061 4070 1622 1614 4062 4071 1623
2558 5 2 0 0 1614 4062 4071 1623 1615 4063 4072 1624
2559 5 2 0 0 1615 4063 4072 1624 1616 4064 4073 1625
2560 5 2 0 0 1616 4064 4073 1625 1617 4065 4074 1626
2561 5 2 0 0 1617 4065 4074 1626 1618 4066 4075 1627
2562 5 2 0 0 1618 4066 4075 1627 1619 4067 4076 1628
2563 5 2 0 0 1619 4067 4076 1628 1620 4068 4077 1629
2564 5 2 0 0 1620 4068 4077 1629 321 1034 1035 322
2565 5 2 0 0 254 746 747 255 1621 4069 4078 1630
2566 5 2 0 0 1621 4069 4078 1630 1622 4070 4079 1631
2567 5 2 0 0 1622 4070 4079 1631 1623 4071 4080 1632
2568 5 2 0 0 1623 4071 4080 1632 1624 4072 4081 1633
2569 5 2 0 0 1624 4072 4081 1633 1625 4073 4082 1634
2570 5 2 0 0 1625 4073 4082 1634 1626 4074 4083 1635
2571 5 2 0 0 1626 4074 4083 1635 1627 4075 4084 1636
2572 5 2 0 0 1627 4075 4084 1636 1628 4076 4085 1637
2573 5 2 0 0 1628 4076 4085 1637 1629 4077 4086 1638
2574 5 2 0 0 1629 4077 4086 1638 322 1035 1036 323
2575 5 2 0 0 255 747 66 5 1630 4078 2989 493
2576 5 2 0 0 1630 4078 2989 493 1631 4079 2990 494
2577 5 2 0 0 1631 4079 2990 494 1632 4080 2991 495
2578 5 2 0 0 1632 4080 2991 495 1633 4081 2992 496
2579 5 2 0 0 1633 4081 2992 496 1634 4082 2993 497
2580 5 2 0 0 1634 4082 2993 497 1635 4083 2994 498
2581 5 2 0 0 1635 4083 2994 498 1636 4084 2995 499
2582 5 2 0 0 1636 4084 2995 499 1637 4085 2996 500
2583 5 2 0 0 1637 4085 2996 500 1638 4086 2997 501
2584 5 2 0 0 1638 4086 2997 501 323 1036 134 21
2585 5 2 0 0 49 50 748 745 2836 2845 4087 4060
2586 5 2 0 0 2836 2845 4087 4060 2837 2846 4088 4061
2587 5 2 0 0 2837 2846 4088 4061 2838 2847 4089 4062
2588 5 2 0 0 2838 2847 4089 4062 2839 2848 4090 4063
2589 5 2 0 0 2839 2848 4090 4063 2840 2849 4091 4064
2590 5 2 0 0 2840 2849 4091 4064 2841 2850 4092 4065
2591 5 2 0 0 2841 2850 4092 4065 2842 2851 4093 4066
2592 5 2 0 0 2842 2851 4093 4066 2843 2852 4094 4067
2593 5 2 0 0 2843 2852 4094 4067 2844 2853 4095 4068
2594 5 2 0 0 2844 2853 4095 4068 117 118 1037 1034
2595 5 2 0 0 745 748 749 746 4060 4087 4096 4069
2596 5 2 0 0 4060 4087 4096 4069 4061 4088 4097 4070
2597 5 2 0 0 4061 4088 4097 4070 4062 4089 4098 4071
2598 5 2 0 0 4062 4089 4098 4071 4063 4090 4099 4072
2599 5 2 0 0 4063 4090 4099 4072 4064 4091 4100 4073
2600 5 2 0 0 4064 4091 4100 4073 4065 4092 4101 4074
2601 5 2 0 0 4065 4092 4101 4074 4066 4093 4102 4075
2602 5 2 0 0 4066 4093 4102 4075 4067 4094 4103 4076
2603 5 2 0 0 4067 4094 4103 4076 4068 4095 4104 4077
2604 5 2 0 0 4068 4095 4104 4077 1034 1037 1038 1035
2605 5 2 0 0 746 749 750 747 4069 4096 4105 4078
2606 5 2 0 0 4069 4096 4105 4078 4070 4097 4106 4079
2607 5 2 0 0 4070 4097 4106 4079 4071 4098 4107 4080
2608 5 2 0 0 4071 4098 4107 4080 4072 4099 4108 4081
2609 5 2 0 0 4072 4099 4108 4081 4073 4100 4109 4082
2610 5 2 0 0 4073 4100 4109 4082 4074 4101 4110 4083
2611 5 2 0 0 4074 4101 4110 4083 4075 4102 4111 4084
2612 5 2 0 0 4075 4102 4111 4084 4076 4103 4112 4085
2613 5 2 0 0 4076 4103 4112 4085 4077 4104 4113 4086
2614 5 2 0 0 4077 4104 4113 4086 1035 1038 1039 1036
2615 5 2 0 0 747 750 67 66 4078 4105 2998 2989
2616 5 2 0 0 4078 4105 2998 2989 4079 4106 2999 2990
2617 5 2 0 0 4079 4106 2999 2990 4080 4107 3000 2991
2618 5 2 0 0 4080 4107 3000 2991 4081 4108 3001 2992
2619 5 2 0 0 4081 4108 3001 2992 4082 4109 3002 2993
2620 5 2 0 0 4082 4109 3002 2993 4083 4110 3003 2994
2621 5 2 0 0 4083 4110 3003 2994 4084 4111 3004 2995
2622 5 2 0 0 4084 4111 3004 2995 4085 4112 3005 2996
2623 5 2 0 0 4085 4112 3005 2996 4086 4113 3006 2997
2624 5 2 0 0 4086 4113 3006 2997 1036 1039 135 134
2625 5 2 0 0 50 51 751 748 2845 2854 4114 4087
2626 5 2 0 0 2845 2854 4114 4087 2846 2855 4115 4088
2627 5 2 0 0 2846 2855 4115 4088 2847 2856 4116 4089
2628 5 2 0 0 2847 2856 4116 4089 2848 2857 4117 4090
2629 5 2 0 0 2848 2857 4117 4090 2849 2858 4118 4091
2630 5 2 0 0 2849 2858 4118 4091 2850 2859 4119 4092
2631 5 2 0 0 2850 2859 4119 4092 2851 2860 4120 4093
2632 5 2 0 0 2851 2860 4120 4093 2852 2861 4121 4094
2633 5 2 0 0 2852 2861 4121 4094 2853 2862 4122 4095
2634 5 2 0 0 2853 2862 4122 4095 118 119 1040 1037
2635 5 2 0 0 748 751 752 749 4087 4114 4123 4096
2636 5 2 0 0 4087 4114 4123 4096 4088 4115 4124 4097
2637 5 2 0 0 4088 4115 4124 4097 4089 4116 4125 4098
2638 5 2 0 0 4089 4116 4125 4098 4090 4117 4126 4099
2639 5 2 0 0 4090 4117 4126 4099 4091 4118 4127 4100
2640 5 2 0 0 4091 4118 4127 4100 4092 4119 4128 4101
2641 5 2 0 0 4092 4119 4128 4101 4093 4120 4129 4102
2642 5 2 0 0 4093 4120 4129 4102 4094 4121 4130 4103
2643 5 2 0 0 4094 4121 4130 4103 4095 4122 4131 4104
2644 5 2 0 0 4095 4122 4131 4104 1037 1040 1041 1038
2645 5 2 0 0 749 752 753 750 4096 4123 4132 4105
2646 5 2 0 0 4096 4123 4132 4105 4097 4124 4133 4106
2647 5 2 0 0 4097 4124 4133 4106 4098 4125 4134 4107
2648 5 2 0 0 4098 4125 4134 4107 4099 4126 4135 4108
2649 5 2 0 0 4099 4126 4135 4108 4100 4127 4136 4109
2650 5 2 0 0 4100 4127 4136 4109 4101 4128 4137 4110
2651 5 2 0 0 4101 4128 4137 4110 4102 4129 4138 4111
2652 5 2 0 0 4102 4129 4138 4111 4103 4130 4139 4112
2653 5 2 0 0 4103 4130 4139 4112 4104 4131 4140 4113
2654 5 2 0 0 4104 4131 4140 4113 1038 1041 1042 1039
2655 5 2 0 0 750 753 68 67 4105 4132 3007 2998
2656 5 2 0 0 4105 4132 3007 2998 4106 4133 3008 2999
2657 5 2 0 0 4106 4133 3008 2999 4107 4134 3009 3000
2658 5 2 0 0 4107 4134 3009 3000 4108 4135 3010 3001
2659 5 2 0 0 4108 4135 3010 3001 4109 4136 3011 3002
2660 5 2 0 0 4109 4136 3011 3002 4110 4137 3012 3003
2661 5 2 0 0 4110 4137 3012 3003 4111 4138 3013 3004
2662 5 2 0 0 4111 4138 3013 3004 4112 4139 3014 3005
2663 5 2 0 0 4112 4139 3014 3005 4113 4140 3015 3006
2664 5 2 0 0 4113 4140 3015 3006 1039 1042 136 135
2665 5 2 0 0 51 2 256 751 2854 466 1639 4114
2666 5 2 0 0 2854 466 1639 4114 2855 467 1640 4115
2667 5 2 0 0 2855 467 1640 4115 2856 468 1641 4116
2668 5 2 0 0 2856 468 1641 4116 2857 469 1642 4117
2669 5 2 0 0 2857 469 1642 4117 2858 470 1643 4118
2670 5 2 0 0 2858 470 1643 4118 2859 471 1644 4119
2671 5 2 0 0 2859 471 1644 4119 2860 472 1645 4120
2672 5 2 0 0 2860 472 1645 4120 2861 473 1646 4121
2673 5 2 0 0 2861 473 1646 4121 2862 474 1647 4122
2674 5 2 0 0 2862 474 1647 4122 119 18 324 1040
2675 5 2 0 0 751 256 257 752 4114 1639 1648 4123
2676 5 2 0 0 4114 1639 1648 4123 4115 1640 1649 4124
2677 5 2 0 0 4115 1640 1649 4124 4116 1641 1650 4125
2678 5 2 0 0 4116 1641 1650 4125 4117 1642 1651 4126
2679 5 2 0 0 4117 1642 1651 4126 4118 1643 1652 4127
2680 5 2 0 0 4118 1643 1652 4127 4119 1644 1653 4128
2681 5 2 0 0 4119 1644 1653 4128 4120 1645 1654 4129
2682 5 2 0 0 4120 1645 1654 4129 4121 1646 1655 4130
2683 5 2 0 0 4121 1646 1655 4130 4122 1647 1656 4131
2684 5 2 0 0 4122 1647 1656 4131 1040 324 325 1041
2685 5 2 0 0 752 257 258 753 4123 1648 1657 4132
2686 5 2 0 0 4123 1648 1657 4132 4124 1649 1658 4133
2687 5 2 0 0 4124 1649 1658 4133 4125 1650 1659 4134
2688 5 2 0 0 4125 1650 1659 4134 4126 1651 1660 4135
2689 5 2 0 0 4126 1651 1660 4135 4127 1652 1661 4136
2690 5 2 0 0 4127 1652 1661 4136 4128 1653 1662 4137
2691 5 2 0 0 4128 1653 1662 4137 4129 1654 1663 4138
2692 5 2 0 0 4129 1654 1663 4138 4130 1655 1664 4139
2693 5 2 0 0 4130 1655 1664 4139 4131 1656 1665 4140
2694 5 2 0 0 4131 1656 1665 4140 1041 325 326 1042
2695 5 2 0 0 753 258 6 68 4132 1657 502 3007
2696 5 2 0 0 4132 1657 502 3007 4133 1658 503 3008
2697 5 2 0 0 4133 1658 503 3008 4134 1659 504 3009
2698 5 2 0 0 4134 1659 504 3009 4135 1660 505 3010
2699 5 2 0 0 4135 1660 505 3010 4136 1661 506 3011
2700 5 2 0 0 4136 1661 506 3011 4137 1662 507 3012
2701 5 2 0 0 4137 1662 507 3012 4138 1663 508 3013
2702 5 2 0 0 4138 1663 508 3013 4139 1664 509 3014
2703 5 2 0 0 4139 1664 509 3014 4140 1665 510 3015
2704 5 2 0 0 4140 1665 510 3015 1042 326 22 136
2705 5 2 0 1 2 52 754 256 466 2863 4141 1639
2706 5 2 0 1 466 2863 4141 1639 467 2864 4142 1640
2707 5 2 0 1 467 2864 4142 1640 468 2865 4143 1641
2708 5 2 0 1 468 2865 4143 1641 469 2866 4144 1642
2709 5 2 0 1 469 2866 4144 1642 470 2867 4145 1643
2710 5 2 0 1 470 2867 4145 1643 471 2868 4146 1644
2711 5 2 0 1 471 2868 4146 1644 472 2869 4147 1645
2712 5 2 0 1 472 2869 4147 1645 473 2870 4148 1646
2713 5 2 0 1 473 2870 4148 1646 474 2871 4149 1647
2714 5 2 0 1 474 2871 4149 1647 18 120 1043 324
2715 5 2 0 1 256 754 755 257 1639 4141 4150 1648
2716 5 2 0 1 1639 4141 4150 1648 1640 4142 4151 1649
2717 5 2 0 1 1640 4142 4151 1649 1641 4143 4152 1650
2718 5 2 0 1 1641 4143 4152 1650 1642 4144 4153 1651
2719 5 2 0 1 1642 4144 4153 1651 1643 4145 4154 1652
2720 5 2 0 1 1643 4145 4154 1652 1644 4146 4155 1653
2721 5 2 0 1 1644 4146 4155 1653 1645 4147 4156 1654
2722 5 2 0 1 1645 4147 4156 1654 1646 4148 4157 1655
2723 5 2 0 1 1646 4148 4157 1655 1647 4149 4158 1656
2724 5 2 0 1 1647 4149 4158 1656 324 1043 1044 325
2725 5 2 0 1 257 755 756 258 1648 4150 4159 1657
2726 5 2 0 1 1648 4150 4159 1657 1649 4151 4160 1658
2727 5 2 0 1 1649 4151 4160 1658 1650 4152 4161 1659
2728 5 2 0 1 1650 4152 4161 1659 1651 4153 4162 1660
2729 5 2 0 1 1651 4153 4162 1660 1652 4154 4163 1661
2730 5 2 0 1 1652 4154 4163 1661 1653 4155 4164 1662
2731 5 2 0 1 1653 4155 4164 1662 1654 4156 4165 1663
2732 5 2 0 1 1654 4156 4165 1663 1655 4157 4166 1664
2733 5 2 0 1 1655 4157 4166 1664 1656 4158 4167 1665
2734 5 2 0 1 1656 4158 4167 1665 325 1044 1045 326
2735 5 2 0 1 258 756 69 6 1657 4159 3016 502
2736 5 2 0 1 1657 4159 3016 502 1658 4160 3017 503
2737 5 2 0 1 1658 4160 3017 503 1659 4161 3018 504
2738 5 2 0 1 1659 4161 3018 504 1660 4162 3019 505
2739 5 2 0 1 1660 4162 3019 505 1661 4163 3020 506
2740 5 2 0 1 1661 4163 3020 506 1662 4164 3021 507
2741 5 2 0 1 1662 4164 3021 507 1663 4165 3022 508
2742 5 2 0 1 1663 4165 3022 508 1664 4166 3023 509
2743 5 2 0 1 1664 4166 3023 509 1665 4167 3024 510
2744 5 2 0 1 1665 4167 3024 510 326 1045 137 22
2745 5 2 0 1 52 53 757 754 2863 2872 4168 4141
2746 5 2 0 1 2863 2872 4168 4141 2864 2873 4169 4142
2747 5 2 0 1 2864 2873 4169 4142 2865 2874 4170 4143
2748 5 2 0 1 2865 2874 4170 4143 2866 2875 4171 4144
2749 5 2 0 1 2866 2875 4171 4144 2867 2876 4172 4145
2750 5 2 0 1 2867 2876 4172 4145 2868 2877 4173 4146
2751 5 2 0 1 2868 2877 4173 4146 2869 2878 4174 4147
2752 5 2 0 1 2869 2878 4174 4147 2870 2879 4175 4148
2753 5 2 0 1 2870 2879 4175 4148 2871 2880 4176 4149
2754 5 2 0 1 2871 2880 4176 4149 120 121 1046 1043
2755 5 2 0 1 754 757 758 755 4141 4168 4177 4150
2756 5 2 0 1 4141 4168 4177 4150 4142 4169 4178 4151
2757 5 2 0 1 4142 4169 4178 4151 4143 4170 4179 4152
2758 5 2 0 1 4143 4170 4179 4152 4144 4171 4180 4153
2759 5 2 0 1 4144 4171 4180 4153 4145 4172 4181 4154
2760 5 2 0 1 4145 4172 4181 4154 4146 4173 4182 4155
2761 5 2 0 1 4146 4173 4182 4155 4147 4174 4183 4156
2762 5 2 0 1 4147 4174 4183 4156 4148 4175 4184 4157
2763 5 2 0 1 4148 4175 4184 4157 4149 4176 4185 4158
2764 5 2 0 1 4149 4176 4185 4158 1043 1046 1047 1044
2765 5 2 0 1 755 758 759 756 4150 4177 4186 4159
2766 5 2 0 1 4150 4177 4186 4159 4151 4178 4187 4160
2767 5 2 0 1 4151 4178 4187 4160 4152 4179 4188 4161
2768 5 2 0 1 4152 4179 4188 4161 4153 4180 4189 4162
2769 5 2 0 1 4153 4180 4189 4162 4154 4181 4190 4163
2770 5 2 0 1 4154 4181 4190 4163 4155 4182 4191 4164
2771 5 2 0 1 4155 4182 4191 4164 4156 4183 4192 4165
2772 5 2 0 1 4156 4183 4192 4165 4157 4184 4193 4166
2773 5 2 0 1 4157 4184 4193 4166 4158 4185 4194 4167
2774 5 2 0 1 4158 4185 4194 4167 1044 1047 1048 1045
2775 5 2 0 1 756 759 70 69 4159 4186 3025 3016
2776 5 2 0 1 4159 4186 3025 3016 4160 4187 3026 3017
2777 5 2 0 1 4160 4187 3026 3017 4161 4188 3027 3018
2778 5 2 0 1 4161 4188 3027 3018 4162 4189 3028 3019
2779 5 2 0 1 4162 4189 3028 3019 4163 4190 3029 3020
2780 5 2 0 1 4163 4190 3029 3020 4164 4191 3030 3021
2781 5 2 0 1 4164 4191 3030 3021 4165 4192 3031 3022
2782 5 2 0 1 4165 4192 3031 3022 4166 4193 3032 3023
2783 5 2 0 1 4166 4193 3032 3023 4167 4194 3033 3024
2784 5 2 0 1 4167 4194 3033 3024 1045 1048 138 137
2785 5 2 0 1 53 54 760 757 2872 2881 4195 4168
2786 5 2 0 1 2872 2881 4195 4168 2873 2882 4196 4169
2787 5 2 0 1 2873 2882 4196 4169 2874 2883 4197 4170
2788 5 2 0 1 2874 2883 4197 4170 2875 2884 4198 4171
2789 5 2 0 1 2875 2884 4198 4171 2876 2885 4199 4172
2790 5 2 0 1 2876 2885 4199 4172 2877 2886 4200 4173
2791 5 2 0 1 2877 2886 4200 4173 2878 2887 4201 4174
2792 5 2 0 1 2878 2887 4201 4174 2879 2888 4202 4175
2793 5 2 0 1 2879 2888 4202 4175 2880 2889 4203 4176
2794 5 2 0 1 2880 2889 4203 4176 121 122 1049 1046
2795 5 2 0 1 757 760 761 758 4168 4195 4204 4177
2796 5 2 0 1 4168 4195 4204 4177 4169 4196 4205 4178
2797 5 2 0 1 4169 4196 4205 4178 4170 4197 4206 4179
2798 5 2 0 1 4170 4197 4206 4179 4171 4198 4207 4180
2799 5 2 0 1 4171 4198 4207 4180 4172 4199 4208 4181
2800 5 2 0 1 4172 4199 4208 4181 4173 4200 4209 4182
2801 5 2 0 1 4173 4200 4209 4182 4174 4201 4210 4183
2802 5 2 0 1 4174 4201 4210 4183 4175 4202 4211 4184
2803 5 2 0 1 4175 4202 4211 4184 4176 4203 4212 4185
2804 5 2 0 1 4176 4203 4212 4185 1046 1049 1050 1047
2805 5 2 0 1 758 761 762 759 4177 4204 4213 4186
2806 5 2 0 1 4177 4204 4213 4186 4178 4205 4214 4187
2807 5 2 0 1 4178 4205 4214 4187 4179 4206 4215 4188
2808 5 2 0 1 4179 4206 4215 4188 4180 4207 4216 4189
2809 5 2 0 1 4180 4207 4216 4189 4181 4208 4217 4190
2810 5 2 0 1 4181 4208 4217 4190 4182 4209 4218 4191
2811 5 2 0 1 4182 4209 4218 4191 4183 4210 4219 4192
2812 5 2 0 1 4183 4210 4219 4192 4184 4211 4220 4193
2813 5 2 0 1 4184 4211 4220 4193 4185 4212 4221 4194
2814 5 2 0 1 4185 4212 4221 4194 1047 1050 1051 1048
2815 5 2 0 1 759 762 71 70 4186 4213 3034 3025
2816 5 2 0 1 4186 4213 3034 3025 4187 4214 3035 3026
2817 5 2 0 1 4187 4214 3035 3026 4188 4215 3036 3027
2818 5 2 0 1 4188 4215 3036 3027 4189 4216 3037 3028
2819 5 2 0 1 4189 4216 3037 3028 4190 4217 3038 3029
2820 5 2 0 1 4190 4217 3038 3029 4191 4218 3039 3030
2821 5 2 0 1 4191 4218 3039 3030 4192 4219 3040 3031
2822 5 2 0 1 4192 4219 3040 3031 4193 4220 3041 3032
2823 5 2 0 1 4193 4220 3041 3032 4194 4221 3042 3033
2824 5 2 0 1 4194 4221 3042 3033 1048 1051 139 138
2825 5 2 0 1 54 55 763 760 2881 2890 4222 4195
2826 5 2 0 1 2881 2890 4222 4195 2882 2891 4223 4196
2827 5 2 0 1 2882 2891 4223 4196 2883 2892 4224 4197
2828 5 2 0 1 2883 2892 4224 4197 2884 2893 4225 4198
2829 5 2 0 1 2884 2893 4225 4198 2885 2894 4226 4199
2830 5 2 0 1 2885 2894 4226 4199 2886 2895 4227 4200
2831 5 2 0 1 2886 2895 4227 4200 2887 2896 4228 4201
2832 5 2 0 1 2887 2896 4228 4201 2888 2897 4229 4202
2833 5 2 0 1 2888 2897 4229 4202 2889 2898 4230 4203
2834 5 2 0 1 2889 2898 4230 4203 122 123 1052 1049
2835 5 2 0 1 760 763 764 761 4195 4222 4231 4204
2836 5 2 0 1 4195 4222 4231 4204 4196 4223 4232 4205
2837 5 2 0 1 4196 4223 4232 4205 4197 4224 4233 4206
2838 5 2 0 1 4197 4224 4233 4206 4198 4225 4234 4207
2839 5 2 0 1 4198 4225 4234 4207 4199 4226 4235 4208
2840 5 2 0 1 4199 4226 4235 4208 4200 4227 4236 4209
2841 5 2 0 1 4200 4227 4236 4209 4201 4228 4237 4210
2842 5 2 0 1 4201 4228 4237 4210 4202 4229 4238 4211
2843 5 2 0 1 4202 4229 4238 4211 4203 4230 4239 4212
2844 5 2 0 1 4203 4230 4239 4212 1049 1052 1053 1050
2845 5 2 0 1 761 764 765 762 4204 4231 4240 4213
2846 5 2 0 1 4204 4231 4240 4213 4205 4232 4241 4214
2847 5 2 0 1 4205 4232 4241 4214 4206 4233 4242 4215
2848 5 2 0 1 4206 4233 4242 4215 4207 4234 4243 4216
2849 5 2 0 1 4207 4234 4243 4216 4208 4235 4244 4217
2850 5 2 0 1 4208 4235 4244 4217 4209 4236 4245 4218
2851 5 2 0 1 4209 4236 4245 4218 4210 4237 4246 4219
2852 5 2 0 1 4210 4237 4246 4219 4211 4238 4247 4220
2853 5 2 0 1 4211 4238 4247 4220 4212 4239 4248 4221
2854 5 2 0 1 4212 4239 4248 4221 1050 1053 1054 1051
2855 5 2 0 1 762 765 72 71 4213 4240 3043 3034
2856 5 2 0 1 4213 4240 3043 3034 4214 4241 3044 3035
2857 5 2 0 1 4214 4241 3044 3035 4215 4242 3045 3036
2858 5 2 0 1 4215 4242 3045 3036 4216 4243 3046 3037
2859 5 2 0 1 4216 4243 3046 3037 4217 4244 3047 3038
2860 5 2 0 1 4217 4244 3047 3038 4218 4245 3048 3039
2861 5 2 0 1 4218 4245 3048 3039 4219 4246 3049 3040
2862 5 2 0 1 4219 4246 3049 3040 4220 4247 3050 3041
2863 5 2 0 1 4220 4247 3050 3041 4221 4248 3051 3042
2864 5 2 0 1 4221 4248 3051 3042 1051 1054 140 139
2865 5 2 0 1 55 56 766 763 2890 2899 4249 4222
2866 5 2 0 1 2890 2899 4249 4222 2891 2900 4250 4223
2867 5 2 0 1 2891 2900 4250 4223 2892 2901 4251 4224
2868 5 2 0 1 2892 2901 4251 4224 2893 2902 4252 4225
2869 5 2 0 1 2893 2902 4252 4225 2894 2903 4253 4226
2870 5 2 0 1 2894 2903 4253 4226 2895 2904 4254 4227
2871 5 2 0 1 2895 2904 4254 4227 2896 2905 4255 4228
2872 5 2 0 1 2896 2905 4255 4228 2897 2906 4256 4229
2873 5 2 0 1 2897 2906 4256 4229 2898 2907 4257 4230
2874 5 2 0 1 2898 2907 4257 4230 123 124 1055 1052
2875 5 2 0 1 763 766 767 764 4222 4249 4258 4231
2876 5 2 0 1 4222 4249 4258 4231 4223 4250 4259 4232
2877 5 2 0 1 4223 4250 4259 4232 4224 4251 4260 4233
2878 5 2 0 1 4224 4251 4260 4233 4225 4252 4261 4234
2879 5 2 0 1 4225 4252 4261 4234 4226 4253 4262 4235
2880 5 2 0 1 4226 4253 4262 4235 4227 4254 4263 4236
2881 5 2 0 1 4227 4254 4263 4236 4228 4255 4264 4237
2882 5 2 0 1 4228 4255 4264 4237 4229 4256 4265 4238
2883 5 2 0 1 4229 4256 4265 4238 4230 4257 4266 4239
2884 5 2 0 1 4230 4257 4266 4239 1052 1055 1056 1053
2885 5 2 0 1 764 767 768 765 4231 4258 4267 4240
2886 5 2 0 1 4231 4258 4267 4240 4232 4259 4268 4241
2887 5 2 0 1 4232 4259 4268 4241 4233 4260 4269 4242
2888 5 2 0 1 4233 4260 4269 4242 4234 4261 4270 4243
2889 5 2 0 1 4234 4261 4270 4243 4235 4262 4271 4244
2890 5 2 0 1 4235 4262 4271 4244 4236 4263 4272 4245
2891 5 2 0 1 4236 4263 4272 4245 4237 4264 4273 4246
2892 5 2 0 1 4237 4264 4273 4246 4238 4265 4274 4247
2893 5 2 0 1 4238 4265 4274 4247 4239 4266 4275 4248
2894 5 2 0 1 4239 4266 4275 4248 1053 1056 1057 1054
2895 5 2 0 1 765 768 73 72 4240 4267 3052 3043
2896 5 2 0 1 4240 4267 3052 3043 4241 4268 3053 3044
2897 5 2 0 1 4241 4268 3053 3044 4242 4269 3054 3045
2898 5 2 0 1 4242 4269 3054 3045 4243 4270 3055 3046
2899 5 2 0 1 4243 4270 3055 3046 4244 4271 3056 3047
2900 5 2 0 1 4244 4271 3056 3047 4245 4272 3057 3048
2901 5 2 0 1 4245 4272 3057 3048 4246 4273 3058 3049
2902 5 2 0 1 4246 4273 3058 3049 4247 4274 3059 3050
2903 5 2 0 1 4247 4274 3059 3050 4248 4275 3060 3051
2904 5 2 0 1 4248 4275 3060 3051 1054 1057 141 140
2905 5 2 0 1 56 57 769 766 2899 2908 4276 4249
2906 5 2 0 1 2899 2908 4276 4249 2900 2909 4277 4250
2907 5 2 0 1 2900 2909 4277 4250 2901 2910 4278 4251
2908 5 2 0 1 2901 2910 4278 4251 2902 2911 4279 4252
2909 5 2 0 1 2902 2911 4279 4252 2903 2912 4280 4253
2910 5 2 0 1 2903 2912 4280 4253 2904 2913 4281 4254
2911 5 2 0 1 2904 2913 4281 4254 2905 2914 4282 4255
2912 5 2 0 1 2905 2914 4282 4255 2906 2915 4283 4256
2913 5 2 0 1 2906 2915 4283 4256 2907 2916 4284 4257
2914 5 2 0 1 2907 2916 4284 4257 124 125 1058 1055
2915 5 2 0 1 766 769 770 767 4249 4276 4285 4258
2916 5 2 0 1 4249 4276 4285 4258 4250 4277 4286 4259
2917 5 2 0 1 4250 4277 4286 4259 4251 4278 4287 4260
2918 5 2 0 1 4251 4278 4287 4260 4252 4279 4288 4261
2919 5 2 0 1 4252 4279 4288 4261 4253 4280 4289 4262
2920 5 2 0 1 4253 4280 4289 4262 4254 4281 4290 4263
2921 5 2 0 1 4254 4281 4290 4263 4255 4282 4291 4264
2922 5 2 0 1 4255 4282 4291 4264 4256 4283 4292 4265
2923 5 2 0 1 4256 4283 4292 4265 4257 4284 4293 4266
2924 5 2 0 1 4257 4284 4293 4266 1055 1058 1059 1056
2925 5 2 0 1 767 770 771 768 4258 4285 4294 4267
2926 5 2 0 1 4258 4285 4294 4267 4259 4286 4295 4268
2927 5 2 0 1 4259 4286 4295 4268 4260 4287 4296 4269
2928 5 2 0 1 4260 4287 4296 4269 4261 4288 4297 4270
2929 5 2 0 1 4261 4288 4297 4270 4262 4289 4298 4271
2930 5 2 0 1 4262 4289 4298 4271 4263 4290 4299 4272
2931 5 2 0 1 4263 4290 4299 4272 4264 4291 4300 4273
2932 5 2 0 1 4264 4291 4300 4273 4265 4292 4301 4274
2933 5 2 0 1 4265 4292 4301 4274 4266 4293 4302 4275
2934 5 2 0 1 4266 4293 4302 4275 1056 1059 1060 1057
2935 5 2 0 1 768 771 74 73 4267 4294 3061 3052
2936 5 2 0 1 4267 4294 3061 3052 4268 4295 3062 3053
2937 5 2 0 1 4268 4295 3062 3053 4269 4296 3063 3054
2938 5 2 0 1 4269 4296 3063 3054 4270 4297 3064 3055
2939 5 2 0 1 4270 4297 3064 3055 4271 4298 3065 3056
2940 5 2 0 1 4271 4298 3065 3056 4272 4299 3066 3057
2941 5 2 0 1 4272 4299 3066 3057 4273 4300 3067 3058
2942 5 2 0 1 4273 4300 3067 3058 4274 4301 3068 3059
2943 5 2 0 1 4274 4301 3068 3059 4275 4302 3069 3060
2944 5 2 0 1 4275 4302 3069 3060 1057 1060 142 141
2945 5 2 0 1 57 58 772 769 2908 2917 4303 4276
2946 5 2 0 1 2908 2917 4303 4276 2909 2918 4304 4277
2947 5 2 0 1 2909 2918 4304 4277 2910 2919 4305 4278
2948 5 2 0 1 2910 2919 4305 4278 2911 2920 4306 4279
2949 5 2 0 1 2911 2920 4306 4279 2912 2921 4307 4280
2950 5 2 0 1 2912 2921 4307 4280 2913 2922 4308 4281
2951 5 2 0 1 2913 2922 4308 4281 2914 2923 4309 4282
2952 5 2 0 1 2914 2923 4309 4282 2915 2924 4310 4283
2953 5 2 0 1 2915 2924 4310 4283 2916 2925 4311 4284
2954 5 2 0 1 2916 2925 4311 4284 125 126 1061 1058
2955 5 2 0 1 769 772 773 770 4276 4303 4312 4285
2956 5 2 0 1 4276 4303 4312 4285 4277 4304 4313 4286
2957 5 2 0 1 4277 4304 4313 4286 4278 4305 4314 4287
2958 5 2 0 1 4278 4305 4314 4287 4279 4306 4315 4288
2959 5 2 0 1 4279 4306 4315 4288 4280 4307 4316 4289
2960 5 2 0 1 4280 4307 4316 4289 4281 4308 4317 4290
2961 5 2 0 1 4281 4308 4317 4290 4282 4309 4318 4291
2962 5 2 0 1 4282 4309 4318 4291 4283 4310 4319 4292
2963 5 2 0 1 4283 4310 4319 4292 4284 4311 4320 4293
2964 5 2 0 1 4284 4311 4320 4293 1058 1061 1062 1059
2965 5 2 0 1 770 773 774 771 4285 4312 4321 4294
2966 5 2 0 1 4285 4312 4321 4294 4286 4313 4322 4295
2967 5 2 0 1 4286 4313 4322 4295 4287 4314 4323 4296
2968 5 2 0 1 4287 4314 4323 4296 4288 4315 4324 4297
2969 5 2 0 1 4288 4315 4324 4297 4289 4316 4325 4298
2970 5 2 0 1 4289 4316 4325 4298 4290 4317 4326 4299
2971 5 2 0 1 4290 4317 4326 4299 4291 4318 4327 4300
2972 5 2 0 1 4291 4318 4327 4300 4292 4319 4328 4301
2973 5 2 0 1 4292 4319 4328 4301 4293 4320 4329 4302
2974 5 2 0 1 4293 4320 4329 4302 1059 1062 1063 1060
2975 5 2 0 1 771 774 75 74 4294 4321 3070 3061
2976 5 2 0 1 4294 4321 3070 3061 4295 4322 3071 3062
2977 5 2 0 1 4295 4322 3071 3062 4296 4323 3072 3063
2978 5 2 0 1 4296 4323 3072 3063 4297 4324 3073 3064
2979 5 2 0 1 4297 4324 3073 3064 4298 4325 3074 3065
2980 5 2 0 1 4298 4325 3074 3065 4299 4326 3075 3066
2981 5 2 0 1 4299 4326 3075 3066 4300 4327 3076 3067
2982 5 2 0 1 4300 4327 3076 3067 4301 4328 3077 3068
2983 5 2 0 1 4301 4328 3077 3068 4302 4329 3078 3069
2984 5 2 0 1 4302 4329 3078 3069 1060 1063 143 142
2985 5 2 0 1 58 59 775 772 2917 2926 4330 4303
2986 5 2 0 1 2917 2926 4330 4303 2918 2927 4331 4304
2987 5 2 0 1 2918 2927 4331 4304 2919 2928 4332 4305
2988 5 2 0 1 2919 2928 4332 4305 2920 2929 4333 4306
2989 5 2 0 1 2920 2929 4333 4306 2921 2930 4334 4307
2990 5 2 0 1 2921 2930 4334 4307 2922 2931 4335 4308
2991 5 2 0 1 2922 2931 4335 4308 2923 2932 4336 4309
2992 5 2 0 1 2923 2932 4336 4309 2924 2933 4337 4310
2993 5 2 0 1 2924 2933 4337 4310 2925 2934 4338 4311
2994 5 2 0 1 2925 2934 4338 4311 126 127 1064 1061
2995 5 2 0 1 772 775 776 773 4303 4330 4339 4312
2996 5 2 0 1 4303 4330 4339 4312 4304 4331 4340 4313
2997 5 2 0 1 4304 4331 4340 4313 4305 4332 4341 4314
2998 5 2 0 1 4305 4332 4341 4314 4306 4333 4342 4315
2999 5 2 0 1 4306 4333 4342 4315 4307 4334 4343 4316
3000 5 2 0 1 4307 4334 4343 4316 4308 4335 4344 4317
3001 5 2 0 1 4308 4335 4344 4317 4309 4336 4345 4318
3002 5 2 0 1 4309 4336 4345 4318 4310 4337 4346 4319
3003 5 2 0 1 4310 4337 4346 4319 4311 4338 4347 4320
3004 5 2 0 1 4311 4338 4347 4320 1061 1064 1065 1062
3005 5 2 0 1 773 776 777 774 4312 4339 4348 4321
3006 5 2 0 1 4312 4339 4348 4321 4313 4340 4349 4322
3007 5 2 0 1 4313 4340 4349 4322 4314 4341 4350 4323
3008 5 2 0 1 4314 4341 4350 4323 4315 4342 4351 4324
3009 5 2 0 1 4315 4342 4351 4324 4316 4343 4352 4325
3010 5 2 0 1 4316 4343 4352 4325 4317 4344 4353 4326
3011 5 2 0 1 4317 4344 4353 4326 4318 4345 4354 4327
3012 5 2 0 1 4318 4345 4354 4327 4319 4346 4355 4328
3013 5 2 0 1 4319 4346 4355 4328 4320 4347 4356 4329
3014 5 2 0 1 4320 4347 4356 4329 1062 1065 1066 1063
3015 5 2 0 1 774 777 76 75 4321 4348 3079 3070
3016 5 2 0 1 4321 4348 3079 3070 4322 4349 3080 3071
3017 5 2 0 1 4322 4349 3080 3071 4323 4350 3081 3072
3018 5 2 0 1 4323 4350 3081 3072 4324 4351 3082 3073
3019 5 2 0 1 4324 4351 3082 3073 4325 4352 3083 3074
3020 5 2 0 1 4325 4352 3083 3074 4326 4353 3084 3075
3021 5 2 0 1 4326 4353 3084 3075 4327 4354 3085 3076
3022 5 2 0 1 4327 4354 3085 3076 4328 4355 3086 3077
3023 5 2 0 1 4328 4355 3086 3077 4329 4356 3087 3078
3024 5 2 0 1 4329 4356 3087 3078 1063 1066 144 143
3025 5 2 0 1 59 60 778 775 2926 2935 4357 4330
3026 5 2 0 1 2926 2935 4357 4330 2927 2936 4358 4331
3027 5 2 0 1 2927 2936 4358 4331 2928 2937 4359 4332
3028 5 2 0 1 2928 2937 4359 4332 2929 2938 4360 4333
3029 5 2 0 1 2929 2938 4360 4333 2930 2939 4361 4334
3030 5 2 0 1 2930 2939 4361 4334 2931 2940 4362 4335
3031 5 2 0 1 2931 2940 4362 4335 2932 2941 4363 4336
3032 5 2 0 1 2932 2941 4363 4336 2933 2942 4364 4337
3033 5 2 0 1 2933 2942 4364 4337 2934 2943 4365 4338
3034 5 2 0 1 2934 2943 4365 4338 127 128 1067 1064
3035 5 2 0 1 775 778 779 776 4330 4357 4366 4339
3036 5 2 0 1 4330 4357 4366 4339 4331 4358 4367 4340
3037 5 2 0 1 4331 4358 4367 4340 4332 4359 4368 4341
3038 5 2 0 1 4332 4359 4368 4341 4333 4360 4369 4342
3039 5 2 0 1 4333 4360 4369 4342 4334 4361 4370 4343
3040 5 2 0 1 4334 4361 4370 4343 4335 4362 4371 4344
3041 5 2 0 1 4335 4362 4371 4344 4336 4363 4372 4345
3042 5 2 0 1 4336 4363 4372 4345 4337 4364 4373 4346
3043 5 2 0 1 4337 4364 4373 4346 4338 4365 4374 4347
3044 5 2 0 1 4338 4365 4374 4347 1064 1067 1068 1065
3045 5 2 0 1 776 779 780 777 4339 4366 4375 4348
3046 5 2 0 1 4339 4366 4375 4348 4340 4367 4376 4349
3047 5 2 0 1 4340 4367 4376 4349 4341 4368 4377 4350
3048 5 2 0 1 4341 4368 4377 4350 4342 4369 4378 4351
3049 5 2 0 1 4342 4369 4378 4351 4343 4370 4379 4352
3050 5 2 0 1 4343 4370 4379 4352 4344 4371 4380 4353
3051 5 2 0 1 4344 4371 4380 4353 4345 4372 4381 4354
3052 5 2 0 1 4345 4372 4381 4354 4346 4373 4382 4355
3053 5 2 0 1 4346 4373 4382 4355 4347 4374 4383 4356
3054 5 2 0 1 4347 4374 4383 4356 1065 1068 1069 1066
3055 5 2 0 1 777 780 77 76 4348 4375 3088 3079
3056 5 2 0 1 4348 4375 3088 3079 4349 4376 3089 3080
3057 5 2 0 1 4349 4376 3089 3080 4350 4377 3090 3081
3058 5 2 0 1 4350 4377 3090 3081 4351 4378 3091 3082
3059 5 2 0 1 4351 4378 3091 3082 4352 4379 3092 3083
3060 5 2 0 1 4352 4379 3092 3083 4353 4380 3093 3084
3061 5 2 0 1 4353 4380 3093 3084 4354 4381 3094 3085
3062 5 2 0 1 4354 4381 3094 3085 4355 4382 3095 3086
3063 5 2 0 1 4355 4382 3095 3086 4356 4383 3096 3087
3064 5 2 0 1 4356 4383 3096 3087 1066 1069 145 144
3065 5 2 0 1 60 61 781 778 2935 2944 4384 4357
3066 5 2 0 1 2935 2944 4384 4357 2936 2945 4385 4358
3067 5 2 0 1 2936 2945 4385 4358 2937 2946 4386 4359
3068 5 2 0 1 2937 2946 4386 4359 2938 2947 4387 4360
3069 5 2 0 1 2938 2947 4387 4360 2939 2948 4388 4361
3070 5 2 0 1 2939 2948 4388 4361 2940 2949 4389 4362
3071 5 2 0 1 2940 2949 4389 4362 2941 2950 4390 4363
3072 5 2 0 1 2941 2950 4390 4363 2942 2951 4391 4364
3073 5 2 0 1 2942 2951 4391 4364 2943 2952 4392 4365
3074 5 2 0 1 2943 2952 4392 4365 128 129 1070 1067
3075 5 2 0 1 778 781 782 779 4357 4384 4393 4366
3076 5 2 0 1 4357 4384 4393 4366 4358 4385 4394 4367
3077 5 2 0 1 4358 4385 4394 4367 4359 4386 4395 4368
3078 5 2 0 1 4359 4386 4395 4368 4360 4387 4396 4369
3079 5 2 0 1 4360 4387 4396 4369 4361 4388 4397 4370
3080 5 2 0 1 4361 4388 4397 4370 4362 4389 4398 4371
3081 5 2 0 1 4362 4389 4398 4371 4363 4390 4399 4372
3082 5 2 0 1 4363 4390 4399 4372 4364 4391 4400 4373
3083 5 2 0 1 4364 4391 4400 4373 4365 4392 4401 4374
3084 5 2 0 1 4365 4392 4401 4374 1067 1070 1071 1068
3085 5 2 0 1 779 782 783 780 4366 4393 4402 4375
3086 5 2 0 1 4366 4393 4402 4375 4367 4394 4403 4376
3087 5 2 0 1 4367 4394 4403 4376 4368 4395 4404 4377
3088 5 2 0 1 4368 4395 4404 4377 4369 4396 4405 4378
3089 5 2 0 1 4369 4396 4405 4378 4370 4397 4406 4379
3090 5 2 0 1 4370 4397 4406 4379 4371 4398 4407 4380
3091 5 2 0 1 4371 4398 4407 4380 4372 4399 4408 4381
3092 5 2 0 1 4372 4399 4408 4381 4373 4400 4409 4382
3093 5 2 0 1 4373 4400 4409 4382 4374 4401 4410 4383
3094 5 2 0 1 4374 4401 4410 4383 1068 1071 1072 1069
3095 5 2 0 1 780 783 78 77 4375 4402 3097 3088
3096 5 2 0 1 4375 4402 3097 3088 4376 4403 3098 3089
3097 5 2 0 1 4376 4403 3098 3089 4377 4404 3099 3090
3098 5 2 0 1 4377 4404 3099 3090 4378 4405 3100 3091
3099 5 2 0 1 4378 4405 3100 3091 4379 4406 3101 3092
3100 5 2 0 1 4379 4406 3101 3092 4380 4407 3102 3093
3101 5 2 0 1 4380 4407 3102 3093 4381 4408 3103 3094
3102 5 2 0 1 4381 4408 3103 3094 4382 4409 3104 3095
3103 5 2 0 1 4382 4409 3104 3095 4383 4410 3105 3096
3104 5 2 0 1 4383 4410 3105 3096 1069 1072 146 145
3105 5 2 0 1 61 62 784 781 2944 2953 4411 4384
3106 5 2 0 1 2944 2953 4411 4384 2945 2954 4412 4385
3107 5 2 0 1 2945 2954 4412 4385 2946 2955 4413 4386
3108 5 2 0 1 2946 2955 4413 4386 2947 2956 4414 4387
3109 5 2 0 1 2947 2956 4414 4387 2948 2957 4415 4388
3110 5 2 0 1 2948 2957 4415 4388 2949 2958 4416 4389
3111 5 2 0 1 2949 2958 4416 4389 2950 2959 4417 4390
3112 5 2 0 1 2950 2959 4417 4390 2951 2960 4418 4391
3113 5 2 0 1 2951 2960 4418 4391 2952 2961 4419 4392
3114 5 2 0 1 2952 2961 4419 4392 129 130 1073 1070
3115 5 2 0 1 781 784 785 782 4384 4411 4420 4393
3116 5 2 0 1 4384 4411 4420 4393 4385 4412 4421 4394
3117 5 2 0 1 4385 4412 4421 4394 4386 4413 4422 4395
3118 5 2 0 1 4386 4413 4422 4395 4387 4414 4423 4396
3119 5 2 0 1 4387 4414 4423 4396 4388 4415 4424 4397
3120 5 2 0 1 4388 4415 4424 4397 4389 4416 4425 4398
3121 5 2 0 1 4389 4416 4425 4398 4390 4417 4426 4399
3122 5 2 0 1 4390 4417 4426 4399 4391 4418 4427 4400
3123 5 2 0 1 4391 4418 4427 4400 4392 4419 4428 4401
3124 5 2 0 1 4392 4419 4428 4401 1070 1073 1074 1071
3125 5 2 0 1 782 785 786 783 4393 4420 4429 4402
3126 5 2 0 1 4393 4420 4429 4402 4394 4421 4430 4403
3127 5 2 0 1 4394 4421 4430 4403 4395 4422 4431 4404
3128 5 2 0 1 4395 4422 4431 4404 4396 4423 4432 4405
3129 5 2 0 1 4396 4423 4432 4405 4397 4424 4433 4406
3130 5 2 0 1 4397 4424 4433 4406 4398 4425 4434 4407
3131 5 2 0 1 4398 4425 4434 4407 4399 4426 4435 4408
3132 5 2 0 1 4399 4426 4435 4408 4400 4427 4436 4409
3133 5 2 0 1 4400 4427 4436 4409 4401 4428 4437 4410
3134 5 2 0 1 4401 4428 4437 4410 1071 1074 1075 1072
3135 5 2 0 1 783 786 79 78 4402 4429 3106 3097
3136 5 2 0 1 4402 4429 3106 3097 4403 4430 3107 3098
3137 5 2 0 1 4403 4430 3107 3098 4404 4431 3108 3099
3138 5 2 0 1 4404 4431 3108 3099 4405 4432 3109 3100
3139 5 2 0 1 4405 4432 3109 3100 4406 4433 3110 3101
3140 5 2 0 1 4406 4433 3110 3101 4407 4434 3111 3102
3141 5 2 0 1 4407 4434 3111 3102 4408 4435 3112 3103
3142 5 2 0 1 4408 4435 3112 3103 4409 4436 3113 3104
3143 5 2 0 1 4409 4436 3113 3104 4410 4437 3114 3105
3144 5 2 0 1 4410 4437 3114 3105 1072 1075 147 146
3145 5 2 0 1 62 3 259 784 2953 475 1666 4411
3146 5 2 0 1 2953 475 1666 4411 2954 476 1667 4412
3147 5 2 0 1 2954 476 1667 4412 2955 477 1668 4413
3148 5 2 0 1 2955 477 1668 4413 2956 478 1669 4414
3149 5 2 0 1 2956 478 1669 4414 2957 479 1670 4415
3150 5 2 0 1 2957 479 1670 4415 2958 480 1671 4416
3151 5 2 0 1 2958 480 1671 4416 2959 481 1672 4417
3152 5 2 0 1 2959 481 1672 4417 2960 482 1673 4418
3153 5 2 0 1 2960 482 1673 4418 2961 483 1674 4419
3154 5 2 0 1 2961 483 1674 4419 130 19 327 1073
3155 5 2 0 1 784 259 260 785 4411 1666 1675 4420
3156 5 2 0 1 4411 1666 1675 4420 4412 1667 1676 4421
3157 5 2 0 1 4412 1667 1676 4421 4413 1668 1677 4422
3158 5 2 0 1 4413 1668 1677 4422 4414 1669 1678 4423
3159 5 2 0 1 4414 1669 1678 4423 4415 1670 1679 4424
3160 5 2 0 1 4415 1670 1679 4424 4416 1671 1680 4425
3161 5 2 0 1 4416 1671 1680 4425 4417 1672 1681 4426
3162 5 2 0 1 4417 1672 1681 4426 4418 1673 1682 4427
3163 5 2 0 1 4418 1673 1682 4427 4419 1674 1683 4428
3164 5 2 0 1 4419 1674 1683 4428 1073 327 328 1074
3165 5 2 0 1 785 260 261 786 4420 1675 1684 4429
3166 5 2 0 1 4420 1675 1684 4429 4421 1676 1685 4430
3167 5 2 0 1 4421 1676 1685 4430 4422 1677 1686 4431
3168 5 2 0 1 4422 1677 1686 4431 4423 1678 1687 4432
3169 5 2 0 1 4423 1678 1687 4432 4424 1679 1688 4433
3170 5 2 0 1 4424 1679 1688 4433 4425 1680 1689 4434
3171 5 2 0 1 4425 1680 1689 4434 4426 1681 1690 4435
3172 5 2 0 1 4426 1681 1690 4435 4427 1682 1691 4436
3173 5 2 0 1 4427 1682 1691 4436 4428 1683 1692 4437
3174 5 2 0 1 4428 1683 1692 4437 1074 328 329 1075
3175 5 2 0 1 786 261 7 79 4429 1684 511 3106
3176 5 2 0 1 4429 1684 511 3106 4430 1685 512 3107
3177 5 2 0 1 4430 1685 512 3107 4431 1686 513 3108
3178 5 2 0 1 4431 1686 513 3108 4432 1687 514 3109
3179 5 2 0 1 4432 1687 514 3109 4433 1688 515 3110
3180 5 2 0 1 4433 1688 515 3110 4434 1689 516 3111
3181 5 2 0 1 4434 1689 516 3111 4435 1690 517 3112
3182 5 2 0 1 4435 1690 517 3112 4436 1691 518 3113
3183 5 2 0 1 4436 1691 518 3113 4437 1692 519 3114
3184 5 2 0 1 4437 1692 519 3114 1075 329 23 147
3185 5 2 0 2 3 63 787 259 475 2962 4438 1666
3186 5 2 0 2 475 2962 4438 1666 476 2963 4439 1667
3187 5 2 0 2 476 2963 4439 1667 477 2964 4440 1668
3188 5 2 0 2 477 2964 4440 1668 478 2965 4441 1669
3189 5 2 0 2 478 2965 4441 1669 479 2966 4442 1670
3190 5 2 0 2 479 2966 4442 1670 480 2967 4443 1671
3191 5 2 0 2 480 2967 4443 1671 481 2968 4444 1672
3192 5 2 0 2 481 2968 4444 1672 482 2969 4445 1673
3193 5 2 0 2 482 2969 4445 1673 483 2970 4446 1674
3194 5 2 0 2 483 2970 4446 1674 19 131 1076 327
3195 5 2 0 2 259 787 788 260 1666 4438 4447 1675
3196 5 2 0 2 1666 4438 4447 1675 1667 4439 4448 1676
3197 5 2 0 2 1667 4439 4448 1676 1668 4440 4449 1677
3198 5 2 0 2 1668 4440 4449 1677 1669 4441 4450 1678
3199 5 2 0 2 1669 4441 4450 1678 1670 4442 4451 1679
3200 5 2 0 2 1670 4442 4451 1679 1671 4443 4452 1680
3201 5 2 0 2 1671 4443 4452 1680 1672 4444 4453 1681
3202 5 2 0 2 1672 4444 4453 1681 1673 4445 4454 1682
3203 5 2 0 2 1673 4445 4454 1682 1674 4446 4455 1683
3204 5 2 0 2 1674 4446 4455 1683 327 1076 1077 328
3205 5 2 0 2 260 788 789 261 1675 4447 4456 1684
3206 5 2 0 2 1675 4447 4456 1684 1676 4448 4457 1685
3207 5 2 0 2 1676 4448 4457 1685 1677 4449 4458 1686
3208 5 2 0 2 1677 4449 4458 1686 1678 4450 4459 1687
3209 5 2 0 2 1678 4450 4459 1687 1679 4451 4460 1688
3210 5 2 0 2 1679 4451 4460 1688 1680 4452 4461 1689
3211 5 2 0 2 1680 4452 4461 1689 1681 4453 4462 1690
3212 5 2 0 2 1681 4453 4462 1690 1682 4454 4463 1691
3213 5 2 0 2 1682 4454 4463 1691 1683 4455 4464 1692
3214 5 2 0 2 1683 4455 4464 1692 328 1077 1078 329
3215 5 2 0 2 261 789 80 7 1684 4456 3115 511
3216 5 2 0 2 1684 4456 3115 511 1685 4457 3116 512
3217 5 2 0 2 1685 4457 3116 512 1686 4458 3117 513
3218 5 2 0 2 1686 4458 3117 513 1687 4459 3118 514
3219 5 2 0 2 1687 4459 3118 514 1688 4460 3119 515
3220 5 2 0 2 1688 4460 3119 515 1689 4461 3120 516
3221 5 2 0 2 1689 4461 3120 516 1690 4462 3121 517
3222 5 2 0 2 1690 4462 3121 517 1691 4463 3122 518
3223 5 2 0 2 1691 4463 3122 518 1692 4464 3123 519
3224 5 2 0 2 1692 4464 3123 519 329 1078 148 23
3225 5 2 0 2 63 64 790 787 2962 2971 4465 4438
3226 5 2 0 2 2962 2971 4465 4438 2963 2972 4466 4439
3227 5 2 0 2 2963 2972 4466 4439 2964 2973 4467 4440
3228 5 2 0 2 2964 2973 4467 4440 2965 2974 4468 4441
3229 5 2 0 2 2965 2974 4468 4441 2966 2975 4469 4442
3230 5 2 0 2 2966 2975 4469 4442 2967 2976 4470 4443
3231 5 2 0 2 2967 2976 4470 4443 2968 2977 4471 4444
3232 5 2 0 2 2968 2977 4471 4444 2969 2978 4472 4445
3233 5 2 0 2 2969 2978 4472 4445 2970 2979 4473 4446
3234 5 2 0 2 2970 2979 4473 4446 131 132 1079 1076
3235 5 2 0 2 787 790 791 788 4438 4465 4474 4447
3236 5 2 0 2 4438 4465 4474 4447 4439 4466 4475 4448
3237 5 2 0 2 4439 4466 4475 4448 4440 4467 4476 4449
3238 5 2 0 2 4440 4467 4476 4449 4441 4468 4477 4450
3239 5 2 0 2 4441 4468 4477 4450 4442 4469 4478 4451
3240 5 2 0 2 4442 4469 4478 4451 4443 4470 4479 4452
3241 5 2 0 2 4443 4470 4479 4452 4444 4471 4480 4453
3242 5 2 0 2 4444 4471 4480 4453 4445 4472 4481 4454
3243 5 2 0 2 4445 4472 4481 4454 4446 4473 4482 4455
3244 5 2 0 2 4446 4473 4482 4455 1076 1079 1080 1077
3245 5 2 0 2 788 791 792 789 4447 4474 4483 4456
3246 5 2 0 2 4447 4474 4483 4456 4448 4475 4484 4457
3247 5 2 0 2 4448 4475 4484 4457 4449 4476 4485 4458
3248 5 2 0 2 4449 4476 4485 4458 4450 4477 4486 4459
3249 5 2 0 2 4450 4477 4486 4459 4451 4478 4487 4460
3250 5 2 0 2 4451 4478 4487 4460 4452 4479 4488 4461
3251 5 2 0 2 4452 4479 4488 4461 4453 4480 4489 4462
3252 5 2 0 2 4453 4480 4489 4462 4454 4481 4490 4463
3253 5 2 0 2 4454 4481 4490 4463 4455 4482 4491 4464
3254 5 2 0 2 4455 4482 4491 4464 1077 1080 1081 1078
3255 5 2 0 2 789 792 81 80 4456 4483 3124 3115
3256 5 2 0 2 4456 4483 3124 3115 4457 4484 3125 3116
3257 5 2 0 2 4457 4484 3125 3116 4458 4485 3126 3117
3258 5 2 0 2 4458 4485 3126 3117 4459 4486 3127 3118
3259 5 2 0 2 4459 4486 3127 3118 4460 4487 3128 3119
3260 5 2 0 2 4460 4487 3128 3119 4461 4488 3129 3120
3261 5 2 0 2 4461 4488 3129 3120 4462 4489 3130 3121
3262 5 2 0 2 4462 4489 3130 3121 4463 4490 3131 3122
3263 5 2 0 2 4463 4490 3131 3122 4464 4491 3132 3123
3264 5 2 0 2 4464 4491 3132 3123 1078 1081 149 148
3265 5 2 0 2 64 65 793 790 2971 2980 4492 4465
3266 5 2 0 2 2971 2980 4492 4465 2972 2981 4493 4466
3267 5 2 0 2 2972 2981 4493 4466 2973 2982 4494 4467
3268 5 2 0 2 2973 2982 4494 4467 2974 2983 4495 4468
3269 5 2 0 2 2974 2983 4495 4468 2975 2984 4496 4469
3270 5 2 0 2 2975 2984 4496 4469 2976 2985 4497 4470
3271 5 2 0 2 2976 2985 4497 4470 2977 2986 4498 4471
3272 5 2 0 2 2977 2986 4498 4471 2978 2987 4499 4472
3273 5 2 0 2 2978 2987 4499 4472 2979 2988 4500 4473
3274 5 2 0 2 2979 2988 4500 4473 132 133 1082 1079
3275 5 2 0 2 790 793 794 791 4465 4492 4501 4474
3276 5 2 0 2 4465 4492 4501 4474 4466 4493 4502 4475
3277 5 2 0 2 4466 4493 4502 4475 4467 4494 4503 4476
3278 5 2 0 2 4467 4494 4503 4476 4468 4495 4504 4477
3279 5 2 0 2 4468 4495 4504 4477 4469 4496 4505 4478
3280 5 2 0 2 4469 4496 4505 4478 4470 4497 4506 4479
3281 5 2 0 2 4470 4497 4506 4479 4471 4498 4507 4480
3282 5 2 0 2 4471 4498 4507 4480 4472 4499 4508 4481
3283 5 2 0 2 4472 4499 4508 4481 4473 4500 4509 4482
3284 5 2 0 2 4473 4500 4509 4482 1079 1082 1083 1080
3285 5 2 0 2 791 794 795 792 4474 4501 4510 4483
3286 5 2 0 2 4474 4501 4510 4483 4475 4502 4511 4484
3287 5 2 0 2 4475 4502 4511 4484 4476 4503 4512 4485
3288 5 2 0 2 4476 4503 4512 4485 4477 4504 4513 4486
3289 5 2 0 2 4477 4504 4513 4486 4478 4505 4514 4487
3290 5 2 0 2 4478 4505 4514 4487 4479 4506 4515 4488
3291 5 2 0 2 4479 4506 4515 4488 4480 4507 4516 4489
3292 5 2 0 2 4480 4507 4516 4489 4481 4508 4517 4490
3293 5 2 0 2 4481 4508 4517 4490 4482 4509 4518 4491
3294 5 2 0 2 4482 4509 4518 4491 1080 1083 1084 1081
3295 5 2 0 2 792 795 82 81 4483 4510 3133 3124
3296 5 2 0 2 4483 4510 3133 3124 4484 4511 3134 3125
3297 5 2 0 2 4484 4511 3134 3125 4485 4512 3135 3126
3298 5 2 0 2 4485 4512 3135 3126 4486 4513 3136 3127
3299 5 2 0 2 4486 4513 3136 3127 4487 4514 3137 3128
3300 5 2 0 2 4487 4514 3137 3128 4488 4515 3138 3129
3301 5 2 0 2 4488 4515 3138 3129 4489 4516 3139 3130
3302 5 2 0 2 4489 4516 3139 3130 4490 4517 3140 3131
3303 5 2 0 2 4490 4517 3140 3131 4491 4518 3141 3132
3304 5 2 0 2 4491 4518 3141 3132 1081 1084 150 149
3305 5 2 0 2 65 4 262 793 2980 484 1693 4492
3306 5 2 0 2 2980 484 1693 4492 2981 485 1694 4493
3307 5 2 0 2 2981 485 1694 4493 2982 486 1695 4494
3308 5 2 0 2 2982 486 1695 4494 2983 487 1696 4495
3309 5 2 0 2 2983 487 1696 4495 2984 488 1697 4496
3310 5 2 0 2 2984 488 1697 4496 2985 489 1698 4497
3311 5 2 0 2 2985 489 1698 4497 2986 490 1699 4498
3312 5 2 0 2 2986 490 1699 4498 2987 491 1700 4499
3313 5 2 0 2 2987 491 1700 4499 2988 492 1701 4500
3314 5 2 0 2 2988 492 1701 4500 133 20 330 1082
3315 5 2 0 2 793 262 263 794 4492 1693 1702 4501
3316 5 2 0 2 4492 1693 1702 4501 4493 1694 1703 4502
3317 5 2 0 2 4493 1694 1703 4502 4494 1695 1704 4503
3318 5 2 0 2 4494 1695 1704 4503 4495 1696 1705 4504
3319 5 2 0 2 4495 1696 1705 4504 4496 1697 1706 4505
3320 5 2 0 2 4496 1697 1706 4505 4497 1698 1707 4506
3321 5 2 0 2 4497 1698 1707 4506 4498 1699 1708 4507
3322 5 2 0 2 4498 1699 1708 4507 4499 1700 1709 4508
3323 5 2 0 2 4499 1700 1709 4508 4500 1701 1710 4509
3324 5 2 0 2 4500 1701 1710 4509 1082 330 331 1083
3325 5 2 0 2 794 263 264 795 4501 1702 1711 4510
3326 5 2 0 2 4501 1702 1711 4510 4502 1703 1712 4511
3327 5 2 0 2 4502 1703 1712 4511 4503 1704 1713 4512
3328 5 2 0 2 4503 1704 1713 4512 4504 1705 1714 4513
3329 5 2 0 2 4504 1705 1714 4513 4505 1706 1715 4514
3330 5 2 0 2 4505 1706 1715 4514 4506 1707 1716 4515
3331 5 2 0 2 4506 1707 1716 4515 4507 1708 1717 4516
3332 5 2 0 2 4507 1708 1717 4516 4508 1709 1718 4517
3333 5 2 0 2 4508 1709 1718 4517 4509 1710 1719 4518
3334 5 2 0 2 4509 1710 1719 4518 1083 331 332 1084
3335 5 2 0 2 795 264 8 82 4510 1711 520 3133
3336 5 2 0 2 4510 1711 520 3133 4511 1712 521 3134
3337 5 2 0 2 4511 1712 521 3134 4512 1713 522 3135
3338 5 2 0 2 4512 1713 522 3135 4513 1714 523 3136
3339 5 2 0 2 4513 1714 523 3136 4514 1715 524 3137
3340 5 2 0 2 4514 1715 524 3137 4515 1716 525 3138
3341 5 2 0 2 4515 1716 525 3138 4516 1717 526 3139
3342 5 2 0 2 4516 1717 526 3139 4517 1718 527 3140
3343 5 2 0 2 4517 1718 527 3140 4518 1719 528 3141
3344 5 2 0 2 4518 1719 528 3141 1084 332 24 150
3345 5 2 0 4 5 66 796 265 493 2989 4519 1720
3346 5 2 0 4 493 2989 4519 1720 494 2990 4520 1721
3347 5 2 0 4 494 2990 4520 1721 495 2991 4521 1722
3348 5 2 0 4 495 2991 4521 1722 496 2992 4522 1723
3349 5 2 0 4 496 2992 4522 1723 497 2993 4523 1724
3350 5 2 0 4 497 2993 4523 1724 498 2994 4524 1725
3351 5 2 0 4 498 2994 4524 1725 499 2995 4525 1726
3352 5 2 0 4 499 2995 4525 1726 500 2996 4526 1727
3353 5 2 0 4 500 2996 4526 1727 501 2997 4527 1728
3354 5 2 0 4 501 2997 4527 1728 21 134 1085 333
3355 5 2 0 4 265 796 797 266 1720 4519 4528 1729
3356 5 2 0 4 1720 4519 4528 1729 1721 4520 4529 1730
3357 5 2 0 4 1721 4520 4529 1730 1722 4521 4530 1731
3358 5 2 0 4 1722 4521 4530 1731 1723 4522 4531 1732
3359 5 2 0 4 1723 4522 4531 1732 1724 4523 4532 1733
3360 5 2 0 4 1724 4523 4532 1733 1725 4524 4533 1734
3361 5 2 0 4 1725 4524 4533 1734 1726 4525 4534 1735
3362 5 2 0 4 1726 4525 4534 1735 1727 4526 4535 1736
3363 5 2 0 4 1727 4526 4535 1736 1728 4527 4536 1737
3364 5 2 0 4 1728 4527 4536 1737 333 1085 1086 334
3365 5 2 0 4 266 797 798 267 1729 4528 4537 1738
3366 5 2 0 4 1729 4528 4537 1738 1730 4529 4538 1739
3367 5 2 0 4 1730 4529 4538 1739 1731 4530 4539 1740
3368 5 2 0 4 1731 4530 4539 1740 1732 4531 4540 1741
3369 5 2 0 4 1732 4531 4540 1741 1733 4532 4541 1742
3370 5 2 0 4 1733 4532 4541 1742 1734 4533 4542 1743
3371 5 2 0 4 1734 4533 4542 1743 1735 4534 4543 1744
3372 5 2 0 4 1735 4534 4543 1744 1736 4535 4544 1745
3373 5 2 0 4 1736 4535 4544 1745 1737 4536 4545 1746
3374 5 2 0 4 1737 4536 4545 1746 334 1086 1087 335
3375 5 2 0 4 267 798 799 268 1738 4537 4546 1747
3376 5 2 0 4 1738 4537 4546 1747 1739 4538 4547 1748
3377 5 2 0 4 1739 4538 4547 1748 1740 4539 4548 1749
3378 5 2 0 4 1740 4539 4548 1749 1741 4540 4549 1750
3379 5 2 0 4 1741 4540 4549 1750 1742 4541 4550 1751
3380 5 2 0 4 1742 4541 4550 1751 1743 4542 4551 1752
3381 5 2 0 4 1743 4542 4551 1752 1744 4543 4552 1753
3382 5 2 0 4 1744 4543 4552 1753 1745 4544 4553 1754
3383 5 2 0 4 1745 4544 4553 1754 1746 4545 4554 1755
3384 5 2 0 4 1746 4545 4554 1755 335 1087 1088 336
3385 5 2 0 4 268 799 800 269 1747 4546 4555 1756
3386 5 2 0 4 1747 4546 4555 1756 1748 4547 4556 1757
3387 5 2 0 4 1748 4547 4556 1757 1749 4548 4557 1758
3388 5 2 0 4 1749 4548 4557 1758 1750 4549 4558 1759
3389 5 2 0 4 1750 4549 4558 1759 1751 4550 4559 1760
3390 5 2 0 4 1751 4550 4559 1760 1752 4551 4560 1761
3391 5 2 0 4 1752 4551 4560 1761 1753 4552 4561 1762
3392 5 2 0 4 1753 4552 4561 1762 1754 4553 4562 1763
3393 5 2 0 4 1754 4553 4562 1763 1755 4554 4563 1764
3394 5 2 0 4 1755 4554 4563 1764 336 1088 1089 337
3395 5 2 0 4 269 800 801 270 1756 4555 4564 1765
3396 5 2 0 4 1756 4555 4564 1765 1757 4556 4565 1766
3397 5 2 0 4 1757 4556 4565 1766 1758 4557 4566 1767
3398 5 2 0 4 1758 4557 4566 1767 1759 4558 4567 1768
3399 5 2 0 4 1759 4558 4567 1768 1760 4559 4568 1769
3400 5 2 0 4 1760 4559 4568 1769 1761 4560 4569 1770
3401 5 2 0 4 1761 4560 4569 1770 1762 4561 4570 1771
3402 5 2 0 4 1762 4561 4570 1771 1763 4562 4571 1772
3403 5 2 0 4 1763 4562 4571 1772 1764 4563 4572 1773
3404 5 2 0 4 1764 4563 4572 1773 337 1089 1090 338
3405 5 2 0 4 270 801 802 271 1765 4564 4573 1774
3406 5 2 0 4 1765 4564 4573 1774 1766 4565 4574 1775
3407 5 2 0 4 1766 4565 4574 1775 1767 4566 4575 1776
3408 5 2 0 4 1767 4566 4575 1776 1768 4567 4576 1777
3409 5 2 0 4 1768 4567 4576 1777 1769 4568 4577 1778
3410 5 2 0 4 1769 4568 4577 1778 1770 4569 4578 1779
3411 5 2 0 4 1770 4569 4578 1779 1771 4570 4579 1780
3412 5 2 0 4 1771 4570 4579 1780 1772 4571 4580 1781
3413 5 2 0 4 1772 4571 4580 1781 1773 4572 4581 1782
3414 5 2 0 4 1773 4572 4581 1782 338 1090 1091 339
3415 5 2 0 4 271 802 803 272 1774 4573 4582 1783
3416 5 2 0 4 1774 4573 4582 1783 1775 4574 4583 1784
3417 5 2 0 4 1775 4574 4583 1784 1776 4575 4584 1785
3418 5 2 0 4 1776 4575 4584 1785 1777 4576 4585 1786
3419 5 2 0 4 1777 4576 4585 1786 1778 4577 4586 1787
3420 5 2 0 4 1778 4577 4586 1787 1779 4578 4587 1788
3421 5 2 0 4 1779 4578 4587 1788 1780 4579 4588 1789
3422 5 2 0 4 1780 4579 4588 1789 1781 4580 4589 1790
3423 5 2 0 4 1781 4580 4589 1790 1782 4581 4590 1791
3424 5 2 0 4 1782 4581 4590 1791 339 1091 1092 340
3425 5 2 0 4 272 803 804 273 1783 4582 4591 1792
3426 5 2 0 4 1783 4582 4591 1792 1784 4583 4592 1793
3427 5 2 0 4 1784 4583 4592 1793 1785 4584 4593 1794
3428 5 2 0 4 1785 4584 4593 1794 1786 4585 4594 1795
3429 5 2 0 4 1786 4585 4594 1795 1787 4586 4595 1796
3430 5 2 0 4 1787 4586 4595 1796 1788 4587 4596 1797
3431 5 2 0 4 1788 4587 4596 1797 1789 4588 4597 1798
3432 5 2 0 4 1789 4588 4597 1798 1790 4589 4598 1799
3433 5 2 0 4 1790 4589 4598 1799 1791 4590 4599 1800
3434 5 2 0 4 1791 4590 4599 1800 340 1092 1093 341
3435 5 2 0 4 273 804 805 274 1792 4591 4600 1801
3436 5 2 0 4 1792 4591 4600 1801 1793 4592 4601 1802
3437 5 2 0 4 1793 4592 4601 1802 1794 4593 4602 1803
3438 5 2 0 4 1794 4593 4602 1803 1795 4594 4603 1804
3439 5 2 0 4 1795 4594 4603 1804 1796 4595 4604 1805
3440 5 2 0 4 1796 4595 4604 1805 1797 4596 4605 1806
3441 5 2 0 4 1797 4596 4605 1806 1798 4597 4606 1807
3442 5 2 0 4 1798 4597 4606 1807 1799 4598 4607 1808
3443 5 2 0 4 1799 4598 4607 1808 1800 4599 4608 1809
3444 5 2 0 4 1800 4599 4608 1809 341 1093 1094 342
3445 5 2 0 4 274 805 806 275 1801 4600 4609 1810
3446 5 2 0 4 1801 4600 4609 1810 1802 4601 4610 1811
3447 5 2 0 4 1802 4601 4610 1811 1803 4602 4611 1812
3448 5 2 0 4 1803 4602 4611 1812 1804 4603 4612 1813
3449 5 2 0 4 1804 4603 4612 1813 1805 4604 4613 1814
3450 5 2 0 4 1805 4604 4613 1814 1806 4605 4614 1815
3451 5 2 0 4 1806 4605 4614 1815 1807 4606 4615 1816
3452 5 2 0 4 1807 4606 4615 1816 1808 4607 4616 1817
3453 5 2 0 4 1808 4607 4616 1817 1809 4608 4617 1818
3454 5 2 0 4 1809 4608 4617 1818 342 1094 1095 343
3455 5 2 0 4 275 806 83 9 1810 4609 3142 529
3456 5 2 0 4 1810 4609 3142 529 1811 4610 3143 530
3457 5 2 0 4 1811 4610 3143 530 1812 4611 3144 531
3458 5 2 0 4 1812 4611 3144 531 1813 4612 3145 532
3459 5 2 0 4 1813 4612 3145 532 1814 4613 3146 533
3460 5 2 0 4 1814 4613 3146 533 1815 4614 3147 534
3461 5 2 0 4 1815 4614 3147 534 1816 4615 3148 535
3462 5 2 0 4 1816 4615 3148 535 1817 4616 3149 536
3463 5 2 0 4 1817 4616 3149 536 1818 4617 3150 537
3464 5 2 0 4 1818 4617 3150 537 343 1095 151 25
3465 5 2 0 4 66 67 807 796 2989 2998 4618 4519
3466 5 2 0 4 2989 2998 4618 4519 2990 2999 4619 4520
3467 5 2 0 4 2990 2999 4619 4520 2991 3000 4620 4521
3468 5 2 0 4 2991 3000 4620 4521 2992 3001 4621 4522
3469 5 2 0 4 2992 3001 4621 4522 2993 3002 4622 4523
3470 5 2 0 4 2993 3002 4622 4523 2994 3003 4623 4524
3471 5 2 0 4 2994 3003 4623 4524 2995 3004 4624 4525
3472 5 2 0 4 2995 3004 4624 4525 2996 3005 4625 4526
3473 5 2 0 4 2996 3005 4625 4526 2997 3006 4626 4527
3474 5 2 0 4 2997 3006 4626 4527 134 135 1096 1085
3475 5 2 0 4 796 807 808 797 4519 4618 4627 4528
3476 5 2 0 4 4519 4618 4627 4528 4520 4619 4628 4529
3477 5 2 0 4 4520 4619 4628 4529 4521 4620 4629 4530
3478 5 2 0 4 4521 4620 4629 4530 4522 4621 4630 4531
3479 5 2 0 4 4522 4621 4630 4531 4523 4622 4631 4532
3480 5 2 0 4 4523 4622 4631 4532 4524 4623 4632 4533
3481 5 2 0 4 4524 4623 4632 4533 4525 4624 4633 4534
3482 5 2 0 4 4525 4624 4633 4534 4526 4625 4634 4535
3483 5 2 0 4 4526 4625 4634 4535 4527 4626 4635 4536
3484 5 2 0 4 4527 4626 4635 4536 1085 1096 1097 1086
3485 5 2 0 4 797 808 809 798 4528 4627 4636 4537
3486 5 2 0 4 4528 4627 4636 4537 4529 4628 4637 4538
3487 5 2 0 4 4529 4628 4637 4538 4530 4629 4638 4539
3488 5 2 0 4 4530 4629 4638 4539 4531 4630 4639 4540
3489 5 2 0 4 4531 4630 4639 4540 4532 4631 4640 4541
3490 5 2 0 4 4532 4631 4640 4541 4533 4632 4641 4542
3491 5 2 0 4 4533 4632 4641 4542 4534 4633 4642 4543
3492 5 2 0 4 4534 4633 4642 4543 4535 4634 4643 4544
3493 5 2 0 4 4535 4634 4643 4544 4536 4635 4644 4545
3494 5 2 0 4 4536 4635 4644 4545 1086 1097 1098 1087
3495 5 2 0 4 798 809 810 799 4537 4636 4645 4546
3496 5 2 0 4 4537 4636 4645 4546 4538 4637 4646 4547
3497 5 2 0 4 4538 4637 4646 4547 4539 4638 4647 4548
3498 5 2 0 4 4539 4638 4647 4548 4540 4639 4648 4549
3499 5 2 0 4 4540 4639 4648 4549 4541 4640 4649 4550
3500 5 2 0 4 4541 4640 4649 4550 4542 4641 4650 4551
3501 5 2 0 4 4542 4641 4650 4551 4543 4642 4651 4552
3502 5 2 0 4 4543 4642 4651 4552 4544 4643 4652 4553
3503 5 2 0 4 4544 4643 4652 4553 4545 4644 4653 4554
3504 5 2 0 4 4545 4644 4653 4554 1087 1098 1099 1088
3505 5 2 0 4 799 810 811 800 4546 4645 4654 4555
3506 5 2 0 4 4546 4645 4654 4555 4547 4646 4655 4556
3507 5 2 0 4 4547 4646 4655 4556 4548 4647 4656 4557
3508 5 2 0 4 4548 4647 4656 4557 4549 4648 4657 4558
3509 5 2 0 4 4549 4648 4657 4558 4550 4649 4658 4559
3510 5 2 0 4 4550 4649 4658 4559 4551 4650 4659 4560
3511 5 2 0 4 4551 4650 4659 4560 4552 4651 4660 4561
3512 5 2 0 4 4552 4651 4660 4561 4553 4652 4661 4562
3513 5 2 0 4 4553 4652 4661 4562 4554 4653 4662 4563
3514 5 2 0 4 4554 4653 4662 4563 1088 1099 1100 1089
3515 5 2 0 4 800 811 812 801 4555 4654 4663 4564
3516 5 2 0 4 4555 4654 4663 4564 4556 4655 4664 4565
3517 5 2 0 4 4556 4655 4664 4565 4557 4656 4665 4566
3518 5 2 0 4 4557 4656 4665 4566 4558 4657 4666 4567
3519 5 2 0 4 4558 4657 4666 4567 4559 4658 4667 4568
3520 5 2 0 4 4559 4658 4667 4568 4560 4659 4668 4569
3521 5 2 0 4 4560 4659 4668 4569 4561 4660 4669 4570
3522 5 2 0 4 4561 4660 4669 4570 4562 4661 4670 4571
3523 5 2 0 4 4562 4661 4670 4571 4563 4662 4671 4572
3524 5 2 0 4 4563 4662 4671 4572 1089 1100 1101 1090
3525 5 2 0 4 801 812 813 802 4564 4663 4672 4573
3526 5 2 0 4 4564 4663 4672 4573 4565 4664 4673 4574
3527 5 2 0 4 4565 4664 4673 4574 4566 4665 4674 4575
3528 5 2 0 4 4566 4665 4674 4575 4567 4666 4675 4576
3529 5 2 0 4 4567 4666 4675 4576 4568 4667 4676 4577
3530 5 2 0 4 4568 4667 4676 4577 4569 4668 4677 4578
3531 5 2 0 4 4569 4668 4677 4578 4570 4669 4678 4579
3532 5 2 0 4 4570 4669 4678 4579 4571 4670 4679 4580
3533 5 2 0 4 4571 4670 4679 4580 4572 4671 4680 4581
3534 5 2 0 4 4572 4671 4680 4581 1090 1101 1102 1091
3535 5 2 0 4 802 813 814 803 4573 4672 4681 4582
3536 5 2 0 4 4573 4672 4681 4582 4574 4673 4682 4583
3537 5 2 0 4 4574 4673 4682 4583 4575 4674 4683 4584
3538 5 2 0 4 4575 4674 4683 4584 4576 4675 4684 4585
3539 5 2 0 4 4576 4675 4684 4585 4577 4676 4685 4586
3540 5 2 0 4 4577 4676 4685 4586 4578 4677 4686 4587
3541 5 2 0 4 4578 4677 4686 4587 4579 4678 4687 4588
3542 5 2 0 4 4579 4678 4687 4588 4580 4679 4688 4589
3543 5 2 0 4 4580 4679 4688 4589 4581 4680 4689 4590
3544 5 2 0 4 4581 4680 4689 4590 1091 1102 1103 1092
3545 5 2 0 4 803 814 815 804 4582 4681 4690 4591
3546 5 2 0 4 4582 4681 4690 4591 4583 4682 4691 4592
3547 5 2 0 4 4583 4682 4691 4592 4584 4683 4692 4593
3548 5 2 0 4 4584 4683 4692 4593 4585 4684 4693 4594
3549 5 2 0 4 4585 4684 4693 4594 4586 4685 4694 4595
3550 5 2 0 4 4586 4685 4694 4595 4587 4686 4695 4596
3551 5 2 0 4 4587 4686 4695 4596 4588 4687 4696 4597
3552 5 2 0 4 4588 4687 4696 4597 4589 4688 4697 4598
3553 5 2 0 4 4589 4688 4697 4598 4590 4689 4698 4599
3554 5 2 0 4 4590 4689 4698 4599 1092 1103 1104 1093
3555 5 2 0 4 804 815 816 805 4591 4690 4699 4600
3556 5 2 0 4 4591 4690 4699 4600 4592 4691 4700 4601
3557 5 2 0 4 4592 4691 4700 4601 4593 4692 4701 4602
3558 5 2 0 4 4593 4692 4701 4602 4594 4693 4702 4603
3559 5 2 0 4 4594 4693 4702 4603 4595 4694 4703 4604
3560 5 2 0 4 4595 4694 4703 4604 4596 4695 4704 4605
3561 5 2 0 4 4596 4695 4704 4605 4597 4696 4705 4606
3562 5 2 0 4 4597 4696 4705 4606 4598 4697 4706 4607
3563 5 2 0 4 4598 4697 4706 4607 4599 4698 4707 4608
3564 5 2 0 4 4599 4698 4707 4608 1093 1104 1105 1094
3565 5 2 0 4 805 816 817 806 4600 4699 4708 4609
3566 5 2 0 4 4600 4699 4708 4609 4601 4700 4709 4610
3567 5 2 0 4 4601 4700 4709 4610 4602 4701 4710 4611
3568 5 2 0 4 4602 4701 4710 4611 4603 4702 4711 4612
3569 5 2 0 4 4603 4702 4711 4612 4604 4703 4712 4613
3570 5 2 0 4 4604 4703 4712 4613 4605 4704 4713 4614
3571 5 2 0 4 4605 4704 4713 4614 4606 4705 4714 4615
3572 5 2 0 4 4606 4705 4714 4615 4607 4706 4715 4616
3573 5 2 0 4 4607 4706 4715 4616 4608 4707 4716 4617
3574 5 2 0 4 4608 4707 4716 4617 1094 1105 1106 1095
3575 5 2 0 4 806 817 84 83 4609 4708 3151 3142
3576 5 2 0 4 4609 4708 3151 3142 4610 4709 3152 3143
3577 5 2 0 4 4610 4709 3152 3143 4611 4710 3153 3144
3578 5 2 0 4 4611 4710 3153 3144 4612 4711 3154 3145
3579 5 2 0 4 4612 4711 3154 3145 4613 4712 3155 3146
3580 5 2 0 4 4613 4712 3155 3146 4614 4713 3156 3147
3581 5 2 0 4 4614 4713 3156 3147 4615 4714 3157 3148
3582 5 2 0 4 4615 4714 3157 3148 4616 4715 3158 3149
3583 5 2 0 4 4616 4715 3158 3149 4617 4716 3159 3150
3584 5 2 0 4 4617 4716 3159 3150 1095 1106 152 151
3585 5 2 0 4 67 68 818 807 2998 3007 4717 4618
3586 5 2 0 4 2998 3007 4717 4618 2999 3008 4718 4619
3587 5 2 0 4 2999 3008 4718 4619 3000 3009 4719 4620
3588 5 2 0 4 3000 3009 4719 4620 3001 3010 4720 4621
3589 5 2 0 4 3001 3010 4720 4621 3002 3011 4721 4622
3590 5 2 0 4 3002 3011 4721 4622 3003 3012 4722 4623
3591 5 2 0 4 3003 3012 4722 4623 3004 3013 4723 4624
3592 5 2 0 4 3004 3013 4723 4624 3005 3014 4724 4625
3593 5 2 0 4 3005 3014 4724 4625 3006 3015 4725 4626
3594 5 2 0 4 3006 3015 4725 4626 135 136 1107 1096
3595 5 2 0 4 807 818 819 808 4618 4717 4726 4627
3596 5 2 0 4 4618 4717 4726 4627 4619 4718 4727 4628
3597 5 2 0 4 4619 4718 4727 4628 4620 4719 4728 4629
3598 5 2 0 4 4620 4719 4728 4629 4621 4720 4729 4630
3599 5 2 0 4 4621 4720 4729 4630 4622 4721 4730 4631
3600 5 2 0 4 4622 4721 4730 4631 4623 4722 4731 4632
3601 5 2 0 4 4623 4722 4731 4632 4624 4723 4732 4633
3602 5 2 0 4 4624 4723 4732 4633 4625 4724 4733 4634
3603 5 2 0 4 4625 4724 4733 4634 4626 4725 4734 4635
3604 5 2 0 4 4626 4725 4734 4635 1096 1107 1108 1097
3605 5 2 0 4 808 819 820 809 4627 4726 4735 4636
3606 5 2 0 4 4627 4726 4735 4636 4628 4727 4736 4637
3607 5 2 0 4 4628 4727 4736 4637 4629 4728 4737 4638
3608 5 2 0 4 4629 4728 4737 4638 4630 4729 4738 4639
3609 5 2 0 4 4630 4729 4738 4639 4631 4730 4739 4640
3610 5 2 0 4 4631 4730 4739 4640 4632 4731 4740 4641
3611 5 2 0 4 4632 4731 4740 4641 4633 4732 4741 4642
3612 5 2 0 4 4633 4732 4741 4642 4634 4733 4742 4643
3613 5 2 0 4 4634 4733 4742 4643 4635 4734 4743 4644
3614 5 2 0 4 4635 4734 4743 4644 1097 1108 1109 1098
3615 5 2 0 4 809 820 821 810 4636 4735 4744 4645
3616 5 2 0 4 4636 4735 4744 4645 4637 4736 4745 4646
3617 5 2 0 4 4637 4736 4745 4646 4638 4737 4746 4647
3618 5 2 0 4 4638 4737 4746 4647 4639 4738 4747 4648
3619 5 2 0 4 4639 4738 4747 4648 4640 4739 4748 4649
3620 5 2 0 4 4640 4739 4748 4649 4641 4740 4749 4650
3621 5 2 0 4 4641 4740 4749 4650 4642 4741 4750 4651
3622 5 2 0 4 4642 4741 4750 4651 4643 4742 4751 4652
3623 5 2 0 4 4643 4742 4751 4652 4644 4743 4752 4653
3624 5 2 0 4 4644 4743 4752 4653 1098 1109 1110 1099
3625 5 2 0 4 810 821 822 811 4645 4744 4753 4654
3626 5 2 0 4 4645 4744 4753 4654 4646 4745 4754 4655
3627 5 2 0 4 4646 4745 4754 4655 4647 4746 4755 4656
3628 5 2 0 4 4647 4746 4755 4656 4648 4747 4756 4657
3629 5 2 0 4 4648 4747 4756 4657 4649 4748 4757 4658
3630 5 2 0 4 4649 4748 4757 4658 4650 4749 4758 4659
3631 5 2 0 4 4650 4749 4758 4659 4651 4750 4759 4660
3632 5 2 0 4 4651 4750 4759 4660 4652 4751 4760 4661
3633 5 2 0 4 4652 4751 4760 4661 4653 4752 4761 4662
3634 5 2 0 4 4653 4752 4761 4662 1099 1110 1111 1100
3635 5 2 0 4 811 822 823 812 4654 4753 4762 4663
3636 5 2 0 4 4654 4753 4762 4663 4655 4754 4763 4664
3637 5 2 0 4 4655 4754 4763 4664 4656 4755 4764 4665
3638 5 2 0 4 4656 4755 4764 4665 4657 4756 4765 4666
3639 5 2 0 4 4657 4756 4765 4666 4658 4757 4766 4667
3640 5 2 0 4 4658 4757 4766 4667 4659 4758 4767 4668
3641 5 2 0 4 4659 4758 4767 4668 4660 4759 4768 4669
3642 5 2 0 4 4660 4759 4768 4669 4661 4760 4769 4670
3643 5 2 0 4 4661 4760 4769 4670 4662 4761 4770 4671
3644 5 2 0 4 4662 4761 4770 4671 1100 1111 1112 1101
3645 5 2 0 4 812 823 824 813 4663 4762 4771 4672
3646 5 2 0 4 4663 4762 4771 4672 4664 4763 4772 4673
3647 5 2 0 4 4664 4763 4772 4673 4665 4764 4773 4674
3648 5 2 0 4 4665 4764 4773 4674 4666 4765 4774 4675
3649 5 2 0 4 4666 4765 4774 4675 4667 4766 4775 4676
3650 5 2 0 4 4667 4766 4775 4676 4668 4767 4776 4677
3651 5 2 0 4 4668 4767 4776 4677 4669 4768 4777 4678
3652 5 2 0 4 4669 4768 4777 4678 4670 4769 4778 4679
3653 5 2 0 4 4670 4769 4778 4679 4671 4770 4779 4680
3654 5 2 0 4 4671 4770 4779 4680 1101 1112 1113 1102
3655 5 2 0 4 813 824 825 814 4672 4771 4780 4681
3656 5 2 0 4 4672 4771 4780 4681 4673 4772 4781 4682
3657 5 2 0 4 4673 4772 4781 4682 4674 4773 4782 4683
3658 5 2 0 4 4674 4773 4782 4683 4675 4774 4783 4684
3659 5 2 0 4 4675 4774 4783 4684 4676 4775 4784 4685
3660 5 2 0 4 4676 4775 4784 4685 4677 4776 4785 4686
3661 5 2 0 4 4677 4776 4785 4686 4678 4777 4786 4687
3662 5 2 0 4 4678 4777 4786 4687 4679 4778 4787 4688
3663 5 2 0 4 4679 4778 4787 4688 4680 4779 4788 4689
3664 5 2 0 4 4680 4779 4788 4689 1102 1113 1114 1103
3665 5 2 0 4 814 825 826 815 4681 4780 4789 4690
3666 5 2 0 4 4681 4780 4789 4690 4682 4781 4790 4691
3667 5 2 0 4 4682 4781 4790 4691 4683 4782 4791 4692
3668 5 2 0 4 4683 4782 4791 4692 4684 4783 4792 4693
3669 5 2 0 4 4684 4783 4792 4693 4685 4784 4793 4694
3670 5 2 0 4 4685 4784 4793 4694 4686 4785 4794 4695
3671 5 2 0 4 4686 4785 4794 4695 4687 4786 4795 4696
3672 5 2 0 4 4687 4786 4795 4696 4688 4787 4796 4697
3673 5 2 0 4 4688 4787 4796 4697 4689 4788 4797 4698
3674 5 2 0 4 4689 4788 4797 4698 1103 1114 1115 1104
3675 5 2 0 4 815 826 827 816 4690 4789 4798 4699
3676 5 2 0 4 4690 4789 4798 4699 4691 4790 4799 4700
3677 5 2 0 4 4691 4790 4799 4700 4692 4791 4800 4701
3678 5 2 0 4 4692 4791 4800 4701 4693 4792 4801 4702
3679 5 2 0 4 4693 4792 4801 4702 4694 4793 4802 4703
3680 5 2 0 4 4694 4793 4802 4703 4695 4794 4803 4704
3681 5 2 0 4 4695 4794 4803 4704 4696 4795 4804 4705
3682 5 2 0 4 4696 4795 4804 4705 4697 4796 4805 4706
3683 5 2 0 4 4697 4796 4805 4706 4698 4797 4806 4707
3684 5 2 0 4 4698 4797 4806 4707 1104 1115 1116 1105
3685 5 2 0 4 816 827 828 817 4699 4798 4807 4708
3686 5 2 0 4 4699 4798 4807 4708 4700 4799 4808 4709
3687 5 2 0 4 4700 4799 4808 4709 4701 4800 4809 4710
3688 5 2 0 4 4701 4800 4809 4710 4702 4801 4810 4711
3689 5 2 0 4 4702 4801 4810 4711 4703 4802 4811 4712
3690 5 2 0 4 4703 4802 4811 4712 4704 4803 4812 4713
3691 5 2 0 4 4704 4803 4812 4713 4705 4804 4813 4714
3692 5 2 0 4 4705 4804 4813 4714 4706 4805 4814 4715
3693 5 2 0 4 4706 4805 4814 4715 4707 4806 4815 4716
3694 5 2 0 4 4707 4806 4815 4716 1105 1116 1117 1106
3695 5 2 0 4 817 828 85 84 4708 4807 3160 3151
3696 5 2 0 4 4708 4807 3160 3151 4709 4808 3161 3152
3697 5 2 0 4 4709 4808 3161 3152 4710 4809 3162 3153
3698 5 2 0 4 4710 4809 3162 3153 4711 4810 3163 3154
3699 5 2 0 4 4711 4810 3163 3154 4712 4811 3164 3155
3700 5 2 0 4 4712 4811 3164 3155 4713 4812 3165 3156
3701 5 2 0 4 4713 4812 3165 3156 4714 4813 3166 3157
3702 5 2 0 4 4714 4813 3166 3157 4715 4814 3167 3158
3703 5 2 0 4 4715 4814 3167 3158 4716 4815 3168 3159
3704 5 2 0 4 4716 4815 3168 3159 1106 1117 153 152
3705 5 2 0 4 68 6 276 818 3007 502 1819 4717
3706 5 2 0 4 3007 502 1819 4717 3008 503 1820 4718
3707 5 2 0 4 3008 503 1820 4718 3009 504 1821 4719
3708 5 2 0 4 3009 504 1821 4719 3010 505 1822 4720
3709 5 2 0 4 3010 505 1822 4720 3011 506 1823 4721
3710 5 2 0 4 3011 506 1823 4721 3012 507 1824 4722
3711 5 2 0 4 3012 507 1824 4722 3013 508 1825 4723
3712 5 2 0 4 3013 508 1825 4723 3014 509 1826 4724
3713 5 2 0 4 3014 509 1826 4724 3015 510 1827 4725
3714 5 2 0 4 3015 510 1827 4725 136 22 344 1107
3715 5 2 0 4 818 276 277 819 4717 1819 1828 4726
3716 5 2 0 4 4717 1819 1828 4726 4718 1820 1829 4727
3717 5 2 0 4 4718 1820 1829 4727 4719 1821 1830 4728
3718 5 2 0 4 4719 1821 1830 4728 4720 1822 1831 4729
3719 5 2 0 4 4720 1822 1831 4729 4721 1823 1832 4730
3720 5 2 0 4 4721 1823 1832 4730 4722 1824 1833 4731
3721 5 2 0 4 4722 1824 1833 4731 4723 1825 1834 4732
3722 5 2 0 4 4723 1825 1834 4732 4724 1826 1835 4733
3723 5 2 0 4 4724 1826 1835 4733 4725 1827 1836 4734
3724 5 2 0 4 4725 1827 1836 4734 1107 344 345 1108
3725 5 2 0 4 819 277 278 820 4726 1828 1837 4735
3726 5 2 0 4 4726 1828 1837 4735 4727 1829 1838 4736
3727 5 2 0 4 4727 1829 1838 4736 4728 1830 1839 4737
3728 5 2 0 4 4728 1830 1839 4737 4729 1831 1840 4738
3729 5 2 0 4 4729 1831 1840 4738 4730 1832 1841 4739
3730 5 2 0 4 4730 1832 1841 4739 4731 1833 1842 4740
3731 5 2 0 4 4731 1833 1842 4740 4732 1834 1843 4741
3732 5 2 0 4 4732 1834 1843 4741 4733 1835 1844 4742
3733 5 2 0 4 4733 1835 1844 4742 4734 1836 1845 4743
3734 5 2 0 4 4734 1836 1845 4743 1108 345 346 1109
3735 5 2 0 4 820 278 279 821 4735 1837 1846 4744
3736 5 2 0 4 4735 1837 1846 4744 4736 1838 1847 4745
3737 5 2 0 4 4736 1838 1847 4745 4737 1839 1848 4746
3738 5 2 0 4 4737 1839 1848 4746 4738 1840 1849 4747
3739 5 2 0 4 4738 1840 1849 4747 4739 1841 1850 4748
3740 5 2 0 4 4739 1841 1850 4748 4740 1842 1851 4749
3741 5 2 0 4 4740 1842 1851 4749 4741 1843 1852 4750
3742 5 2 0 4 4741 1843 1852 4750 4742 1844 1853 4751
3743 5 2 0 4 4742 1844 1853 4751 4743 1845 1854 4752
3744 5 2 0 4 4743 1845 1854 4752 1109 346 347 1110
3745 5 2 0 4 821 279 280 822 4744 1846 1855 4753
3746 5 2 0 4 4744 1846 1855 4753 4745 1847 1856 4754
3747 5 2 0 4 4745 1847 1856 4754 4746 1848 1857 4755
3748 5 2 0 4 4746 1848 1857 4755 4747 1849 1858 4756
3749 5 2 0 4 4747 1849 1858 4756 4748 1850 1859 4757
3750 5 2 0 4 4748 1850 1859 4757 4749 1851 1860 4758
3751 5 2 0 4 4749 1851 1860 4758 4750 1852 1861 4759
3752 5 2 0 4 4750 1852 1861 4759 4751 1853 1862 4760
3753 5 2 0 4 4751 1853 1862 4760 4752 1854 1863 4761
3754 5 2 0 4 4752 1854 1863 4761 1110 347 348 1111
3755 5 2 0 4 822 280 281 823 4753 1855 1864 4762
3756 5 2 0 4 4753 1855 1864 4762 4754 1856 1865 4763
3757 5 2 0 4 4754 1856 1865 4763 4755 1857 1866 4764
3758 5 2 0 4 4755 1857 1866 4764 4756 1858 1867 4765
3759 5 2 0 4 4756 1858 1867 4765 4757 1859 1868 4766
3760 5 2 0 4 4757 1859 1868 4766 4758 1860 1869 4767
3761 5 2 0 4 4758 1860 1869 4767 4759 1861 1870 4768
3762 5 2 0 4 4759 1861 1870 4768 4760 1862 1871 4769
3763 5 2 0 4 4760 1862 1871 4769 4761 1863 1872 4770
3764 5 2 0 4 4761 1863 1872 4770 1111 348 349 1112
3765 5 2 0 4 823 281 282 824 4762 1864 1873 4771
3766 5 2 0 4 4762 1864 1873 4771 4763 1865 1874 4772
3767 5 2 0 4 4763 1865 1874 4772 4764 1866 1875 4773
3768 5 2 0 4 4764 1866 1875 4773 4765 1867 1876 4774
3769 5 2 0 4 4765 1867 1876 4774 4766 1868 1877 4775
3770 5 2 0 4 4766 1868 1877 4775 4767 1869 1878 4776
3771 5 2 0 4 4767 1869 1878 4776 4768 1870 1879 4777
3772 5 2 0 4 4768 1870 1879 4777 4769 1871 1880 4778
3773 5 2 0 4 4769 1871 1880 4778 4770 1872 1881 4779
3774 5 2 0 4 4770 1872 1881 4779 1112 349 350 1113
3775 5 2 0 4 824 282 283 825 4771 1873 1882 4780
3776 5 2 0 4 4771 1873 1882 4780 4772 1874 1883 4781
3777 5 2 0 4 4772 1874 1883 4781 4773 1875 1884 4782
3778 5 2 0 4 4773 1875 1884 4782 4774 1876 1885 4783
3779 5 2 0 4 4774 1876 1885 4783 4775 1877 1886 4784
3780 5 2 0 4 4775 1877 1886 4784 4776 1878 1887 4785
3781 5 2 0 4 4776 1878 1887 4785 4777 1879 1888 4786
3782 5 2 0 4 4777 1879 1888 4786 4778 1880 1889 4787
3783 5 2 0 4 4778 1880 1889 4787 4779 1881 1890 4788
3784 5 2 0 4 4779 1881 1890 4788 1113 350 351 1114
3785 5 2 0 4 825 283 284 826 4780 1882 1891 4789
3786 5 2 0 4 4780 1882 1891 4789 4781 1883 1892 4790
3787 5 2 0 4 4781 1883 1892 4790 4782 1884 1893 4791
3788 5 2 0 4 4782 1884 1893 4791 4783 1885 1894 4792
3789 5 2 0 4 4783 1885 1894 4792 4784 1886 1895 4793
3790 5 2 0 4 4784 1886 1895 4793 4785 1887 1896 4794
3791 5 2 0 4 4785 1887 1896 4794 4786 1888 1897 4795
3792 5 2 0 4 4786 1888 1897 4795 4787 1889 1898 4796
3793 5 2 0 4 4787 1889 1898 4796 4788 1890 1899 4797
3794 5 2 0 4 4788 1890 1899 4797 1114 351 352 1115
3795 5 2 0 4 826 284 285 827 4789 1891 1900 4798
3796 5 2 0 4 4789 1891 1900 4798 4790 1892 1901 4799
3797 5 2 0 4 4790 1892 1901 4799 4791 1893 1902 4800
3798 5 2 0 4 4791 1893 1902 4800 4792 1894 1903 4801
3799 5 2 0 4 4792 1894 1903 4801 4793 1895 1904 4802
3800 5 2 0 4 4793 1895 1904 4802 4794 1896 1905 4803
3801 5 2 0 4 4794 1896 1905 4803 4795 1897 1906 4804
3802 5 2 0 4 4795 1897 1906 4804 4796 1898 1907 4805
3803 5 2 0 4 4796 1898 1907 4805 4797 1899 1908 4806
3804 5 2 0 4 4797 1899 1908 4806 1115 352 353 1116
3805 5 2 0 4 827 285 286 828 4798 1900 1909 4807
3806 5 2 0 4 4798 1900 1909 4807 4799 1901 1910 4808
3807 5 2 0 4 4799 1901 1910 4808 4800 1902 1911 4809
3808 5 2 0 4 4800 1902 1911 4809 4801 1903 1912 4810
3809 5 2 0 4 4801 1903 1912 4810 4802 1904 1913 4811
3810 5 2 0 4 4802 1904 1913 4811 4803 1905 1914 4812
3811 5 2 0 4 4803 1905 1914 4812 4804 1906 1915 4813
3812 5 2 0 4 4804 1906 1915 4813 4805 1907 1916 4814
3813 5 2 0 4 4805 1907 1916 4814 4806 1908 1917 4815
3814 5 2 0 4 4806 1908 1917 4815 1116 353 354 1117
3815 5 2 0 4 828 286 10 85 4807 1909 538 3160
3816 5 2 0 4 4807 1909 538 3160 4808 1910 539 3161
3817 5 2 0 4 4808 1910 539 3161 4809 1911 540 3162
3818 5 2 0 4 4809 1911 540 3162 4810 1912 541 3163
3819 5 2 0 4 4810 1912 541 3163 4811 1913 542 3164
3820 5 2 0 4 4811 1913 542 3164 4812 1914 543 3165
3821 5 2 0 4 4812 1914 543 3165 4813 1915 544 3166
3822 5 2 0 4 4813 1915 544 3166 4814 1916 545 3167
3823 5 2 0 4 4814 1916 545 3167 4815 1917 546 3168
3824 5 2 0 4 4815 1917 546 3168 1117 354 26 153
3825 5 2 0 5 6 69 829 276 502 3016 4816 1819
3826 5 2 0 5 502 3016 4816 1819 503 3017 4817 1820
3827 5 2 0 5 503 3017 4817 1820 504 3018 4818 1821
3828 5 2 0 5 504 3018 4818 1821 505 3019 4819 1822
3829 5 2 0 5 505 3019 4819 1822 506 3020 4820 1823
3830 5 2 0 5 506 3020 4820 1823 507 3021 4821 1824
3831 5 2 0 5 507 3021 4821 1824 508 3022 4822 1825
3832 5 2 0 5 508 3022 4822 1825 509 3023 4823 1826
3833 5 2 0 5 509 3023 4823 1826 510 3024 4824 1827
3834 5 2 0 5 510 3024 4824 1827 22 137 1118 344
3835 5 2 0 5 276 829 830 277 1819 4816 4825 1828
3836 5 2 0 5 1819 4816 4825 1828 1820 4817 4826 1829
3837 5 2 0 5 1820 4817 4826 1829 1821 4818 4827 1830
3838 5 2 0 5 1821 4818 4827 1830 1822 4819 4828 1831
3839 5 2 0 5 1822 4819 4828 1831 1823 4820 4829 1832
3840 5 2 0 5 1823 4820 4829 1832 1824 4821 4830 1833
3841 5 2 0 5 1824 4821 4830 1833 1825 4822 4831 1834
3842 5 2 0 5 1825 4822 4831 1834 1826 4823 4832 1835
3843 5 2 0 5 1826 4823 4832 1835 1827 4824 4833 1836
3844 5 2 0 5 1827 4824 4833 1836 344 1118 1119 345
3845 5 2 0 5 277 830 831 278 1828 4825 4834 1837
3846 5 2 0 5 1828 4825 4834 1837 1829 4826 4835 1838
3847 5 2 0 5 1829 4826 4835 1838 1830 4827 4836 1839
3848 5 2 0 5 1830 4827 4836 1839 1831 4828 4837 1840
3849 5 2 0 5 1831 4828 4837 1840 1832 4829 4838 1841
3850 5 2 0 5 1832 4829 4838 1841 1833 4830 4839 1842
3851 5 2 0 5 1833 4830 4839 1842 1834 4831 4840 1843
3852 5 2 0 5 1834 4831 4840 1843 1835 4832 4841 1844
3853 5 2 0 5 1835 4832 4841 1844 1836 4833 4842 1845
3854 5 2 0 5 1836 4833 4842 1845 345 1119 1120 346
3855 5 2 0 5 278 831 832 279 1837 4834 4843 1846
3856 5 2 0 5 1837 4834 4843 1846 1838 4835 4844 1847
3857 5 2 0 5 1838 4835 4844 1847 1839 4836 4845 1848
3858 5 2 0 5 1839 4836 4845 1848 1840 4837 4846 1849
3859 5 2 0 5 1840 4837 4846 1849 1841 4838 4847 1850
3860 5 2 0 5 1841 4838 4847 1850 1842 4839 4848 1851
3861 5 2 0 5 1842 4839 4848 1851 1843 4840 4849 1852
3862 5 2 0 5 1843 4840 4849 1852 1844 4841 4850 1853
3863 5 2 0 5 1844 4841 4850 1853 1845 4842 4851 1854
3864 5 2 0 5 1845 4842 4851 1854 346 1120 1121 347
3865 5 2 0 5 279 832 833 280 1846 4843 4852 1855
3866 5 2 0 5 1846 4843 4852 1855 1847 4844 4853 1856
3867 5 2 0 5 1847 4844 4853 1856 1848 4845 4854 1857
3868 5 2 0 5 1848 4845 4854 1857 1849 4846 4855 1858
3869 5 2 0 5 1849 4846 4855 1858 1850 4847 4856 1859
3870 5 2 0 5 1850 4847 4856 1859 1851 4848 4857 1860
3871 5 2 0 5 1851 4848 4857 1860 1852 4849 4858 1861
3872 5 2 0 5 1852 4849 4858 1861 1853 4850 4859 1862
3873 5 2 0 5 1853 4850 4859 1862 1854 4851 4860 1863
3874 5 2 0 5 1854 4851 4860 1863 347 1121 1122 348
3875 5 2 0 5 280 833 834 281 1855 4852 4861 1864
3876 5 2 0 5 1855 4852 4861 1864 1856 4853 4862 1865
3877 5 2 0 5 1856 4853 4862 1865 1857 4854 4863 1866
3878 5 2 0 5 1857 4854 4863 1866 1858 4855 4864 1867
3879 5 2 0 5 1858 4855 4864 1867 1859 4856 4865 1868
3880 5 2 0 5 1859 4856 4865 1868 1860 4857 4866 1869
3881 5 2 0 5 1860 4857 4866 1869 1861 4858 4867 1870
3882 5 2 0 5 1861 4858 4867 1870 1862 4859 4868 1871
3883 5 2 0 5 1862 4859 4868 1871 1863 4860 4869 1872
3884 5 2 0 5 1863 4860 4869 1872 348 1122 1123 349
3885 5 2 0 5 281 834 835 282 1864 4861 4870 1873
3886 5 2 0 5 1864 4861 4870 1873 1865 4862 4871 1874
3887 5 2 0 5 1865 4862 4871 1874 1866 4863 4872 1875
3888 5 2 0 5 1866 4863 4872 1875 1867 4864 4873 1876
3889 5 2 0 5 1867 4864 4873 1876 1868 4865 4874 1877
3890 5 2 0 5 1868 4865 4874 1877 1869 4866 4875 1878
3891 5 2 0 5 1869 4866 4875 1878 1870 4867 4876 1879
3892 5 2 0 5 1870 4867 4876 1879 1871 4868 4877 1880
3893 5 2 0 5 1871 4868 4877 1880 1872 4869 4878 1881
3894 5 2 0 5 1872 4869 4878 1881 349 1123 1124 350
3895 5 2 0 5 282 835 836 283 1873 4870 4879 1882
3896 5 2 0 5 1873 4870 4879 1882 1874 4871 4880 1883
3897 5 2 0 5 1874 4871 4880 1883 1875 4872 4881 1884
3898 5 2 0 5 1875 4872 4881 1884 1876 4873 4882 1885
3899 5 2 0 5 1876 4873 4882 1885 1877 4874 4883 1886
3900 5 2 0 5 1877 4874 4883 1886 1878 4875 4884 1887
3901 5 2 0 5 1878 4875 4884 1887 1879 4876 4885 1888
3902 5 2 0 5 1879 4876 4885 1888 1880 4877 4886 1889
3903 5 2 0 5 1880 4877 4886 1889 1881 4878 4887 1890
3904 5 2 0 5 1881 4878 4887 1890 350 1124 1125 351
3905 5 2 0 5 283 836 837 284 1882 4879 4888 1891
3906 5 2 0 5 1882 4879 4888 1891 1883 4880 4889 1892
3907 5 2 0 5 1883 4880 4889 1892 1884 4881 4890 1893
3908 5 2 0 5 1884 4881 4890 1893 1885 4882 4891 1894
3909 5 2 0 5 1885 4882 4891 1894 1886 4883 4892 1895
3910 5 2 0 5 1886 4883 4892 1895 1887 4884 4893 1896
3911 5 2 0 5 1887 4884 4893 1896 1888 4885 4894 1897
3912 5 2 0 5 1888 4885 4894 1897 1889 4886 4895 1898
3913 5 2 0 5 1889 4886 4895 1898 1890 4887 4896 1899
3914 5 2 0 5 1890 4887 4896 1899 351 1125 1126 352
3915 5 2 0 5 284 837 838 285 1891 4888 4897 1900
3916 5 2 0 5 1891 4888 4897 1900 1892 4889 4898 1901
3917 5 2 0 5 1892 4889 4898 1901 1893 4890 4899 1902
3918 5 2 0 5 1893 4890 4899 1902 1894 4891 4900 1903
3919 5 2 0 5 1894 4891 4900 1903 1895 4892 4901 1904
3920 5 2 0 5 1895 4892 4901 1904 1896 4893 4902 1905
3921 5 2 0 5 1896 4893 4902 1905 1897 4894 4903 1906
3922 5 2 0 5 1897 4894 4903 1906 1898 4895 4904 1907
3923 5 2 0 5 1898 4895 4904 1907 1899 4896 4905 1908
3924 5 2 0 5 1899 4896 4905 1908 352 1126 1127 353
3925 5 2 0 5 285 838 839 286 1900 4897 4906 1909
3926 5 2 0 5 1900 4897 4906 1909 1901 4898 4907 1910
3927 5 2 0 5 1901 4898 4907 1910 1902 4899 4908 1911
3928 5 2 0 5 1902 4899 4908 1911 1903 4900 4909 1912
3929 5 2 0 5 1903 4900 4909 1912 1904 4901 4910 1913
3930 5 2 0 5 1904 4901 4910 1913 1905 4902 4911 1914
3931 5 2 0 5 1905 4902 4911 1914 1906 4903 4912 1915
3932 5 2 0 5 1906 4903 4912 1915 1907 4904 4913 1916
3933 5 2 0 5 1907 4904 4913 1916 1908 4905 4914 1917
3934 5 2 0 5 1908 4905 4914 1917 353 1127 1128 354
3935 5 2 0 5 286 839 86 10 1909 4906 3169 538
3936 5 2 0 5 1909 4906 3169 538 1910 4907 3170 539
3937 5 2 0 5 1910 4907 3170 539 1911 4908 3171 540
3938 5 2 0 5 1911 4908 3171 540 1912 4909 3172 541
3939 5 2 0 5 1912 4909 3172 541 1913 4910 3173 542
3940 5 2 0 5 1913 4910 3173 542 1914 4911 3174 543
3941 5 2 0 5 1914 4911 3174 543 1915 4912 3175 544
3942 5 2 0 5 1915 4912 3175 544 1916 4913 3176 545
3943 5 2 0 5 1916 4913 3176 545 1917 4914 3177 546
3944 5 2 0 5 1917 4914 3177 546 354 1128 154 26
3945 5 2 0 5 69 70 840 829 3016 3025 4915 4816
3946 5 2 0 5 3016 3025 4915 4816 3017 3026 4916 4817
3947 5 2 0 5 3017 3026 4916 4817 3018 3027 4917 4818
3948 5 2 0 5 3018 3027 4917 4818 3019 3028 4918 4819
3949 5 2 0 5 3019 3028 4918 4819 3020 3029 4919 4820
3950 5 2 0 5 3020 3029 4919 4820 3021 3030 4920 4821
3951 5 2 0 5 3021 3030 4920 4821 3022 3031 4921 4822
3952 5 2 0 5 3022 3031 4921 4822 3023 3032 4922 4823
3953 5 2 0 5 3023 3032 4922 4823 3024 3033 4923 4824
3954 5 2 0 5 3024 3033 4923 4824 137 138 1129 1118
3955 5 2 0 5 829 840 841 830 4816 4915 4924 4825
3956 5 2 0 5 4816 4915 4924 4825 4817 4916 4925 4826
3957 5 2 0 5 4817 4916 4925 4826 4818 4917 4926 4827
3958 5 2 0 5 4818 4917 4926 4827 4819 4918 4927 4828
3959 5 2 0 5 4819 4918 4927 4828 4820 4919 4928 4829
3960 5 2 0 5 4820 4919 4928 4829 4821 4920 4929 4830
3961 5 2 0 5 4821 4920 4929 4830 4822 4921 4930 4831
3962 5 2 0 5 4822 4921 4930 4831 4823 4922 4931 4832
3963 5 2 0 5 4823 4922 4931 4832 4824 4923 4932 4833
3964 5 2 0 5 4824 4923 4932 4833 1118 1129 1130 1119
3965 5 2 0 5 830 841 842 831 4825 4924 4933 4834
3966 5 2 0 5 4825 4924 4933 4834 4826 4925 4934 4835
3967 5 2 0 5 4826 4925 4934 4835 4827 4926 4935 4836
3968 5 2 0 5 4827 4926 4935 4836 4828 4927 4936 4837
3969 5 2 0 5 4828 4927 4936 4837 4829 4928 4937 4838
3970 5 2 0 5 4829 4928 4937 4838 4830 4929 4938 4839
3971 5 2 0 5 4830 4929 4938 4839 4831 4930 4939 4840
3972 5 2 0 5 4831 4930 4939 4840 4832 4931 4940 4841
3973 5 2 0 5 4832 4931 4940 4841 4833 4932 4941 4842
3974 5 2 0 5 4833 4932 4941 4842 1119 1130 1131 1120
3975 5 2 0 5 831 842 843 832 4834 4933 4942 4843
3976 5 2 0 5 4834 4933 4942 4843 4835 4934 4943 4844
3977 5 2 0 5 4835 4934 4943 4844 4836 4935 4944 4845
3978 5 2 0 5 4836 4935 4944 4845 4837 4936 4945 4846
3979 5 2 0 5 4837 4936 4945 4846 4838 4937 4946 4847
3980 5 2 0 5 4838 4937 4946 4847 4839 4938 4947 4848
3981 5 2 0 5 4839 4938 4947 4848 4840 4939 4948 4849
3982 5 2 0 5 4840 4939 4948 4849 4841 4940 4949 4850
3983 5 2 0 5 4841 4940 4949 4850 4842 4941 4950 4851
3984 5 2 0 5 4842 4941 4950 4851 1120 1131 1132 1121
3985 5 2 0 5 832 843 844 833 4843 4942 4951 4852
3986 5 2 0 5 4843 4942 4951 4852 4844 4943 4952 4853
3987 5 2 0 5 4844 4943 4952 4853 4845 4944 4953 4854
3988 5 2 0 5 4845 4944 4953 4854 4846 4945 4954 4855
3989 5 2 0 5 4846 4945 4954 4855 4847 4946 4955 4856
3990 5 2 0 5 4847 4946 4955 4856 4848 4947 4956 4857
3991 5 2 0 5 4848 4947 4956 4857 4849 4948 4957 4858
3992 5 2 0 5 4849 4948 4957 4858 4850 4949 4958 4859
3993 5 2 0 5 4850 4949 4958 4859 4851 4950 4959 4860
3994 5 2 0 5 4851 4950 4959 4860 1121 1132 1133 1122
3995 5 2 0 5 833 844 845 834 4852 4951 4960 4861
3996 5 2 0 5 4852 4951 4960 4861 4853 4952 4961 4862
3997 5 2 0 5 4853 4952 4961 4862 4854 4953 4962 4863
3998 5 2 0 5 4854 4953 4962 4863 4855 4954 4963 4864
3999 5 2 0 5 4855 4954 4963 4864 4856 4955 4964 4865
4000 5 2 0 5 4856 4955 4964 4865 4857 4956 4965 4866
4001 5 2 0 5 4857 4956 4965 4866 4858 4957 4966 4867
4002 5 2 0 5 4858 4957 4966 4867 4859 4958 4967 4868
4003 5 2 0 5 4859 4958 4967 4868 4860 4959 4968 4869
4004 5 2 0 5 4860 4959 4968 4869 1122 1133 1134 1123
4005 5 2 0 5 834 845 846 835 4861 4960 4969 4870
4006 5 2 0 5 4861 4960 4969 4870 4862 4961 4970 4871
4007 5 2 0 5 4862 4961 4970 4871 4863 4962 4971 4872
4008 5 2 0 5 4863 4962 4971 4872 4864 4963 4972 4873
4009 5 2 0 5 4864 4963 4972 4873 4865 4964 4973 4874
4010 5 2 0 5 4865 4964 4973 4874 4866 4965 4974 4875
4011 5 2 0 5 4866 4965 4974 4875 4867 4966 4975 4876
4012 5 2 0 5 4867 4966 4975 4876 4868 4967 4976 4877
4013 5 2 0 5 4868 4967 4976 4877 4869 4968 4977 4878
4014 5 2 0 5 4869 4968 4977 4878 1123 1134 1135 1124
4015 5 2 0 5 835 846 847 836 4870 4969 4978 4879
4016 5 2 0 5 4870 4969 4978 4879 4871 4970 4979 4880
4017 5 2 0 5 4871 4970 4979 4880 4872 4971 4980 4881
4018 5 2 0 5 4872 4971 4980 4881 4873 4972 4981 4882
4019 5 2 0 5 4873 4972 4981 4882 4874 4973 4982 4883
4020 5 2 0 5 4874 4973 4982 4883 4875 4974 4983 4884
4021 5 2 0 5 4875 4974 4983 4884 4876 4975 4984 4885
4022 5 2 0 5 4876 4975 4984 4885 4877 4976 4985 4886
4023 5 2 0 5 4877 4976 4985 4886 4878 4977 4986 4887
4024 5 2 0 5 4878 4977 4986 4887 1124 1135 1136 1125
4025 5 2 0 5 836 847 848 837 4879 4978 4987 4888
4026 5 2 0 5 4879 4978 4987 4888 4880 4979 4988 4889
4027 5 2 0 5 4880 4979 4988 4889 4881 4980 4989 4890
4028 5 2 0 5 4881 4980 4989 4890 4882 4981 4990 4891
4029 5 2 0 5 4882 4981 4990 4891 4883 4982 4991 4892
4030 5 2 0 5 4883 4982 4991 4892 4884 4983 4992 4893
4031 5 2 0 5 4884 4983 4992 4893 4885 4984 4993 4894
4032 5 2 0 5 4885 4984 4993 4894 4886 4985 4994 4895
4033 5 2 0 5 4886 4985 4994 4895 4887 4986 4995 4896
4034 5 2 0 5 4887 4986 4995 4896 1125 1136 1137 1126
4035 5 2 0 5 837 848 849 838 4888 4987 4996 4897
4036 5 2 0 5 4888 4987 4996 4897 4889 4988 4997 4898
4037 5 2 0 5 4889 4988 4997 4898 4890 4989 4998 4899
4038 5 2 0 5 4890 4989 4998 4899 4891 4990 4999 4900
4039 5 2 0 5 4891 4990 4999 4900 4892 4991 5000 4901
4040 5 2 0 5 4892 4991 5000 4901 4893 4992 5001 4902
4041 5 2 0 5 4893 4992 5001 4902 4894 4993 5002 4903
4042 5 2 0 5 4894 4993 5002 4903 4895 4994 5003 4904
4043 5 2 0 5 4895 4994 5003 4904 4896 4995 5004 4905
4044 5 2 0 5 4896 4995 5004 4905 1126 1137 1138 1127
4045 5 2 0 5 838 849 850 839 4897 4996 5005 4906
4046 5 2 0 5 4897 4996 5005 4906 4898 4997 5006 4907
4047 5 2 0 5 4898 4997 5006 4907 4899 4998 5007 4908
4048 5 2 0 5 4899 4998 5007 4908 4900 4999 5008 4909
4049 5 2 0 5 4900 4999 5008 4909 4901 5000 5009 4910
4050 5 2 0 5 4901 5000 5009 4910 4902 5001 5010 4911
4051 5 2 0 5 4902 5001 5010 4911 4903 5002 5011 4912
4052 5 2 0 5 4903 5002 5011 4912 4904 5003 5012 4913
4053 5 2 0 5 4904 5003 5012 4913 4905 5004 5013 4914
4054 5 2 0 5 4905 5004 5013 4914 1127 1138 1139 1128
4055 5 2 0 5 839 850 87 86 4906 5005 3178 3169
4056 5 2 0 5 4906 5005 3178 3169 4907 5006 3179 3170
4057 5 2 0 5 4907 5006 3179 3170 4908 5007 3180 3171
4058 5 2 0 5 4908 5007 3180 3171 4909 5008 3181 3172
4059 5 2 0 5 4909 5008 3181 3172 4910 5009 3182 3173
4060 5 2 0 5 4910 5009 3182 3173 4911 5010 3183 3174
4061 5 2 0 5 4911 5010 3183 3174 4912 5011 3184 3175
4062 5 2 0 5 4912 5011 3184 3175 4913 5012 3185 3176
4063 5 2 0 5 4913 5012 3185 3176 4914 5013 3186 3177
4064 5 2 0 5 4914 5013 3186 3177 1128 1139 155 154
4065 5 2 0 5 70 71 851 840 3025 3034 5014 4915
4066 5 2 0 5 3025 3034 5014 4915 3026 3035 5015 4916
4067 5 2 0 5 3026 3035 5015 4916 3027 3036 5016 4917
4068 5 2 0 5 3027 3036 5016 4917 3028 3037 5017 4918
4069 5 2 0 5 3028 3037 5017 4918 3029 3038 5018 4919
4070 5 2 0 5 3029 3038 5018 4919 3030 3039 5019 4920
4071 5 2 0 5 3030 3039 5019 4920 3031 3040 5020 4921
4072 5 2 0 5 3031 3040 5020 4921 3032 3041 5021 4922
4073 5 2 0 5 3032 3041 5021 4922 3033 3042 5022 4923
4074 5 2 0 5 3033 3042 5022 4923 138 139 1140 1129
4075 5 2 0 5 840 851 852 841 4915 5014 5023 4924
4076 5 2 0 5 4915 5014 5023 4924 4916 5015 5024 4925
4077 5 2 0 5 4916 5015 5024 4925 4917 5016 5025 4926
4078 5 2 0 5 4917 5016 5025 4926 4918 5017 5026 4927
4079 5 2 0 5 4918 5017 5026 4927 4919 5018 5027 4928
4080 5 2 0 5 4919 5018 5027 4928 4920 5019 5028 4929
4081 5 2 0 5 4920 5019 5028 4929 4921 5020 5029 4930
4082 5 2 0 5 4921 5020 5029 4930 4922 5021 5030 4931
4083 5 2 0 5 4922 5021 5030 4931 4923 5022 5031 4932
4084 5 2 0 5 4923 5022 5031 4932 1129 1140 1141 1130
4085 5 2 0 5 841 852 853 842 4924 5023 5032 4933
4086 5 2 0 5 4924 5023 5032 4933 4925 5024 5033 4934
4087 5 2 0 5 4925 5024 5033 4934 4926 5025 5034 4935
4088 5 2 0 5 4926 5025 5034 4935 4927 5026 5035 4936
4089 5 2 0 5 4927 5026 5035 4936 4928 5027 5036 4937
4090 5 2 0 5 4928 5027 5036 4937 4929 5028 5037 4938
4091 5 2 0 5 4929 5028 5037 4938 4930 5029 5038 4939
4092 5 2 0 5 4930 5029 5038 4939 4931 5030 5039 4940
4093 5 2 0 5 4931 5030 5039 4940 4932 5031 5040 4941
4094 5 2 0 5 4932 5031 5040 4941 1130 1141 1142 1131
4095 5 2 0 5 842 853 854 843 4933 5032 5041 4942
4096 5 2 0 5 4933 5032 5041 4942 4934 5033 5042 4943
4097 5 2 0 5 4934 5033 5042 4943 4935 5034 5043 4944
4098 5 2 0 5 4935 5034 5043 4944 4936 5035 5044 4945
4099 5 2 0 5 4936 5035 5044 4945 4937 5036 5045 4946
4100 5 2 0 5 4937 5036 5045 4946 4938 5037 5046 4947
4101 5 2 0 5 4938 5037 5046 4947 4939 5038 5047 4948
4102 5 2 0 5 4939 5038 5047 4948 4940 5039 5048 4949
4103 5 2 0 5 4940 5039 5048 4949 4941 5040 5049 4950
4104 5 2 0 5 4941 5040 5049 4950 1131 1142 1143 1132
4105 5 2 0 5 843 854 855 844 4942 5041 5050 4951
4106 5 2 0 5 4942 5041 5050 4951 4943 5042 5051 4952
4107 5 2 0 5 4943 5042 5051 4952 4944 5043 5052 4953
4108 5 2 0 5 4944 5043 5052 4953 4945 5044 5053 4954
4109 5 2 0 5 4945 5044 5053 4954 4946 5045 5054 4955
4110 5 2 0 5 4946 5045 5054 4955 4947 5046 5055 4956
4111 5 2 0 5 4947 5046 5055 4956 4948 5047 5056 4957
4112 5 2 0 5 4948 5047 5056 4957 4949 5048 5057 4958
4113 5 2 0 5 4949 5048 5057 4958 4950 5049 5058 4959
4114 5 2 0 5 4950 5049 5058 4959 1132 1143 1144 1133
4115 5 2 0 5 844 855 856 845 4951 5050 5059 4960
4116 5 2 0 5 4951 5050 5059 4960 4952 5051 5060 4961
4117 5 2 0 5 4952 5051 5060 4961 4953 5052 5061 4962
4118 5 2 0 5 4953 5052 5061 4962 4954 5053 5062 4963
4119 5 2 0 5 4954 5053 5062 4963 4955 5054 5063 4964
4120 5 2 0 5 4955 5054 5063 4964 4956 5055 5064 4965
4121 5 2 0 5 4956 5055 5064 4965 4957 5056 5065 4966
4122 5 2 0 5 4957 5056 5065 4966 4958 5057 5066 4967
4123 5 2 0 5 4958 5057 5066 4967 4959 5058 5067 4968
4124 5 2 0 5 4959 5058 5067 4968 1133 1144 1145 1134
4125 5 2 0 5 845 856 857 846 4960 5059 5068 4969
4126 5 2 0 5 4960 5059 5068 4969 4961 5060 5069 4970
4127 5 2 0 5 4961 5060 5069 4970 4962 5061 5070 4971
4128 5 2 0 5 4962 5061 5070 4971 4963 5062 5071 4972
4129 5 2 0 5 4963 5062 5071 4972 4964 5063 5072 4973
4130 5 2 0 5 4964 5063 5072 4973 4965 5064 5073 4974
4131 5 2 0 5 4965 5064 5073 4974 4966 5065 5074 4975
4132 5 2 0 5 4966 5065 5074 4975 4967 5066 5075 4976
4133 5 2 0 5 4967 5066 5075 4976 4968 5067 5076 4977
4134 5 2 0 5 4968 5067 5076 4977 1134 1145 1146 1135
4135 5 2 0 5 846 857 858 847 4969 5068 5077 4978
4136 5 2 0 5 4969 5068 5077 4978 4970 5069 5078 4979
4137 5 2 0 5 4970 5069 5078 4979 4971 5070 5079 4980
4138 5 2 0 5 4971 5070 5079 4980 4972 5071 5080 4981
4139 5 2 0 5 4972 5071 5080 4981 4973 5072 5081 4982
4140 5 2 0 5 4973 5072 5081 4982 4974 5073 5082 4983
4141 5 2 0 5 4974 5073 5082 4983 4975 5074 5083 4984
4142 5 2 0 5 4975 5074 5083 4984 4976 5075 5084 4985
4143 5 2 0 5 4976 5075 5084 4985 4977 5076 5085 4986
4144 5 2 0 5 4977 5076 5085 4986 1135 1146 1147 1136
4145 5 2 0 5 847 858 859 848 4978 5077 5086 4987
4146 5 2 0 5 4978 5077 5086 4987 4979 5078 5087 4988
4147 5 2 0 5 4979 5078 5087 4988 4980 5079 5088 4989
4148 5 2 0 5 4980 5079 5088 4989 4981 5080 5089 4990
4149 5 2 0 5 4981 5080 5089 4990 4982 5081 5090 4991
4150 5 2 0 5 4982 5081 5090 4991 4983 5082 5091 4992
4151 5 2 0 5 4983 5082 5091 4992 4984 5083 5092 4993
4152 5 2 0 5 4984 5083 5092 4993 4985 5084 5093 4994
4153 5 2 0 5 4985 5084 5093 4994 4986 5085 5094 4995
4154 5 2 0 5 4986 5085 5094 4995 1136 1147 1148 1137
4155 5 2 0 5 848 859 860 849 4987 5086 5095 4996
4156 5 2 0 5 4987 5086 5095 4996 4988 5087 5096 4997
4157 5 2 0 5 4988 5087 5096 4997 4989 5088 5097 4998
4158 5 2 0 5 4989 5088 5097 4998 4990 5089 5098 4999
4159 5 2 0 5 4990 5089 5098 4999 4991 5090 5099 5000
4160 5 2 0 5 4991 5090 5099 5000 4992 5091 5100 5001
4161 5 2 0 5 4992 5091 5100 5001 4993 5092 5101 5002
4162 5 2 0 5 4993 5092 5101 5002 4994 5093 5102 5003
4163 5 2 0 5 4994 5093 5102 5003 4995 5094 5103 5004
4164 5 2 0 5 4995 5094 5103 5004 1137 1148 1149 1138
4165 5 2 0 5 849 860 861 850 4996 5095 5104 5005
4166 5 2 0 5 4996 5095 5104 5005 4997 5096 5105 5006
4167 5 2 0 5 4997 5096 5105 5006 4998 5097 5106 5007
4168 5 2 0 5 4998 5097 5106 5007 4999 5098 5107 5008
4169 5 2 0 5 4999 5098 5107 5008 5000 5099 5108 5009
4170 5 2 0 5 5000 5099 5108 5009 5001 5100 5109 5010
4171 5 2 0 5 5001 5100 5109 5010 5002 5101 5110 5011
4172 5 2 0 5 5002 5101 5110 5011 5003 5102 5111 5012
4173 5 2 0 5 5003 5102 5111 5012 5004 5103 5112 5013
4174 5 2 0 5 5004 5103 5112 5013 1138 1149 1150 1139
4175 5 2 0 5 850 861 88 87 5005 5104 3187 3178
4176 5 2 0 5 5005 5104 3187 3178 5006 5105 3188 3179
4177 5 2 0 5 5006 5105 3188 3179 5007 5106 3189 3180
4178 5 2 0 5 5007 5106 3189 3180 5008 5107 3190 3181
4179 5 2 0 5 5008 5107 3190 3181 5009 5108 3191 3182
4180 5 2 0 5 5009 5108 3191 3182 5010 5109 3192 3183
4181 5 2 0 5 5010 5109 3192 3183 5011 5110 3193 3184
4182 5 2 0 5 5011 5110 3193 3184 5012 5111 3194 3185
4183 5 2 0 5 5012 5111 3194 3185 5013 5112 3195 3186
4184 5 2 0 5 5013 5112 3195 3186 1139 1150 156 155
4185 5 2 0 5 71 72 862 851 3034 3043 5113 5014
4186 5 2 0 5 3034 3043 5113 5014 3035 3044 5114 5015
4187 5 2 0 5 3035 3044 5114 5015 3036 3045 5115 5016
4188 5 2 0 5 3036 3045 5115 5016 3037 3046 5116 5017
4189 5 2 0 5 3037 3046 5116 5017 3038 3047 5117 5018
4190 5 2 0 5 3038 3047 5117 5018 3039 3048 5118 5019
4191 5 2 0 5 3039 3048 5118 5019 3040 3049 5119 5020
4192 5 2 0 5 3040 3049 5119 5020 3041 3050 5120 5021
4193 5 2 0 5 3041 3050 5120 5021 3042 3051 5121 5022
4194 5 2 0 5 3042 3051 5121 5022 139 140 1151 1140
4195 5 2 0 5 851 862 863 852 5014 5113 5122 5023
4196 5 2 0 5 5014 5113 5122 5023 5015 5114 5123 5024
4197 5 2 0 5 5015 5114 5123 5024 5016 5115 5124 5025
4198 5 2 0 5 5016 5115 5124 5025 5017 5116 5125 5026
4199 5 2 0 5 5017 5116 5125 5026 5018 5117 5126 5027
4200 5 2 0 5 5018 5117 5126 5027 5019 5118 5127 5028
4201 5 2 0 5 5019 5118 5127 5028 5020 5119 5128 5029
4202 5 2 0 5 5020 5119 5128 5029 5021 5120 5129 5030
4203 5 2 0 5 5021 5120 5129 5030 5022 5121 5130 5031
4204 5 2 0 5 5022 5121 5130 5031 1140 1151 1152 1141
4205 5 2 0 5 852 863 864 853 5023 5122 5131 5032
4206 5 2 0 5 5023 5122 5131 5032 5024 5123 5132 5033
4207 5 2 0 5 5024 5123 5132 5033 5025 5124 5133 5034
4208 5 2 0 5 5025 5124 5133 5034 5026 5125 5134 5035
4209 5 2 0 5 5026 5125 5134 5035 5027 5126 5135 5036
4210 5 2 0 5 5027 5126 5135 5036 5028 5127 5136 5037
4211 5 2 0 5 5028 5127 5136 5037 5029 5128 5137 5038
4212 5 2 0 5 5029 5128 5137 5038 5030 5129 5138 5039
4213 5 2 0 5 5030 5129 5138 5039 5031 5130 5139 5040
4214 5 2 0 5 5031 5130 5139 5040 1141 1152 1153 1142
4215 5 2 0 5 853 864 865 854 5032 5131 5140 5041
4216 5 2 0 5 5032 5131 5140 5041 5033 5132 5141 5042
4217 5 2 0 5 5033 5132 5141 5042 5034 5133 5142 5043
4218 5 2 0 5 5034 5133 5142 5043 5035 5134 5143 5044
4219 5 2 0 5 5035 5134 5143 5044 5036 5135 5144 5045
4220 5 2 0 5 5036 5135 5144 5045 5037 5136 5145 5046
4221 5 2 0 5 5037 5136 5145 5046 5038 5137 5146 5047
4222 5 2 0 5 5038 5137 5146 5047 5039 5138 5147 5048
4223 5 2 0 5 5039 5138 5147 5048 5040 5139 5148 5049
4224 5 2 0 5 5040 5139 5148 5049 1142 1153 1154 1143
4225 5 2 0 5 854 865 866 855 5041 5140 5149 5050
4226 5 2 0 5 5041 5140 5149 5050 5042 5141 5150 5051
4227 5 2 0 5 5042 5141 5150 5051 5043 5142 5151 5052
4228 5 2 0 5 5043 5142 5151 5052 5044 5143 5152 5053
4229 5 2 0 5 5044 5143 5152 5053 5045 5144 5153 5054
4230 5 2 0 5 5045 5144 5153 5054 5046 5145 5154 5055
4231 5 2 0 5 5046 5145 5154 5055 5047 5146 5155 5056
4232 5 2 0 5 5047 5146 5155 5056 5048 5147 5156 5057
4233 5 2 0 5 5048 5147 5156 5057 5049 5148 5157 5058
4234 5 2 0 5 5049 5148 5157 5058 1143 1154 1155 1144
4235 5 2 0 5 855 866 867 856 5050 5149 5158 5059
4236 5 2 0 5 5050 5149 5158 5059 5051 5150 5159 5060
4237 5 2 0 5 5051 5150 5159 5060 5052 5151 5160 5061
4238 5 2 0 5 5052 5151 5160 5061 5053 5152 5161 5062
4239 5 2 0 5 5053 5152 5161 5062 5054 5153 5162 5063
4240 5 2 0 5 5054 5153 5162 5063 5055 5154 5163 5064
4241 5 2 0 5 5055 5154 5163 5064 5056 5155 5164 5065
4242 5 2 0 5 5056 5155 5164 5065 5057 5156 5165 5066
4243 5 2 0 5 5057 5156 5165 5066 5058 5157 5166 5067
4244 5 2 0 5 5058 5157 5166 5067 1144 1155 1156 1145
4245 5 2 0 5 856 867 868 857 5059 5158 5167 5068
4246 5 2 0 5 5059 5158 5167 5068 5060 5159 5168 5069
4247 5 2 0 5 5060 5159 5168 5069 5061 5160 5169 5070
4248 5 2 0 5 5061 5160 5169 5070 5062 5161 5170 5071
4249 5 2 0 5 5062 5161 5170 5071 5063 5162 5171 5072
4250 5 2 0 5 5063 5162 5171 5072 5064 5163 5172 5073
4251 5 2 0 5 5064 5163 5172 5073 5065 5164 5173 5074
4252 5 2 0 5 5065 5164 5173 5074 5066 5165 5174 5075
4253 5 2 0 5 5066 5165 5174 5075 5067 5166 5175 5076
4254 5 2 0 5 5067 5166 5175 5076 1145 1156 1157 1146
4255 5 2 0 5 857 868 869 858 5068 5167 5176 5077
4256 5 2 0 5 5068 5167 5176 5077 5069 5168 5177 5078
4257 5 2 0 5 5069 5168 5177 5078 5070 5169 5178 5079
4258 5 2 0 5 5070 5169 5178 5079 5071 5170 5179 5080
4259 5 2 0 5 5071 5170 5179 5080 5072 5171 5180 5081
4260 5 2 0 5 5072 5171 5180 5081 5073 5172 5181 5082
4261 5 2 0 5 5073 5172 5181 5082 5074 5173 5182 5083
4262 5 2 0 5 5074 5173 5182 5083 5075 5174 5183 5084
4263 5 2 0 5 5075 5174 5183 5084 5076 5175 5184 5085
4264 5 2 0 5 5076 5175 5184 5085 1146 1157 1158 1147
4265 5 2 0 5 858 869 870 859 5077 5176 5185 5086
4266 5 2 0 5 5077 5176 5185 5086 5078 5177 5186 5087
4267 5 2 0 5 5078 5177 5186 5087 5079 5178 5187 5088
4268 5 2 0 5 5079 5178 5187 5088 5080 5179 5188 5089
4269 5 2 0 5 5080 5179 5188 5089 5081 5180 5189 5090
4270 5 2 0 5 5081 5180 5189 5090 5082 5181 5190 5091
4271 5 2 0 5 5082 5181 5190 5091 5083 5182 5191 5092
4272 5 2 0 5 5083 5182 5191 5092 5084 5183 5192 5093
4273 5 2 0 5 5084 5183 5192 5093 5085 5184 5193 5094
4274 5 2 0 5 5085 5184 5193 5094 1147 1158 1159 1148
4275 5 2 0 5 859 870 871 860 5086 5185 5194 5095
4276 5 2 0 5 5086 5185 5194 5095 5087 5186 5195 5096
4277 5 2 0 5 5087 5186 5195 5096 5088 5187 5196 5097
4278 5 2 0 5 5088 5187 5196 5097 5089 5188 5197 5098
4279 5 2 0 5 5089 5188 5197 5098 5090 5189 5198 5099
4280 5 2 0 5 5090 5189 5198 5099 5091 5190 5199 5100
4281 5 2 0 5 5091 5190 5199 5100 5092 5191 5200 5101
4282 5 2 0 5 5092 5191 5200 5101 5093 5192 5201 5102
4283 5 2 0 5 5093 5192 5201 5102 5094 5193 5202 5103
4284 5 2 0 5 5094 5193 5202 5103 1148 1159 1160 1149
4285 5 2 0 5 860 871 872 861 5095 5194 5203 5104
4286 5 2 0 5 5095 5194 5203 5104 5096 5195 5204 5105
4287 5 2 0 5 5096 5195 5204 5105 5097 5196 5205 5106
4288 5 2 0 5 5097 5196 5205 5106 5098 5197 5206 5107
4289 5 2 0 5 5098 5197 5206 5107 5099 5198 5207 5108
4290 5 2 0 5 5099 5198 5207 5108 5100 5199 5208 5109
4291 5 2 0 5 5100 5199 5208 5109 5101 5200 5209 5110
4292 5 2 0 5 5101 5200 5209 5110 5102 5201 5210 5111
4293 5 2 0 5 5102 5201 5210 5111 5103 5202 5211 5112
4294 5 2 0 5 5103 5202 5211 5112 1149 1160 1161 1150
4295 5 2 0 5 861 872 89 88 5104 5203 3196 3187
4296 5 2 0 5 5104 5203 3196 3187 5105 5204 3197 3188
4297 5 2 0 5 5105 5204 3197 3188 5106 5205 3198 3189
4298 5 2 0 5 5106 5205 3198 3189 5107 5206 3199 3190
4299 5 2 0 5 5107 5206 3199 3190 5108 5207 3200 3191
4300 5 2 0 5 5108 5207 3200 3191 5109 5208 3201 3192
4301 5 2 0 5 5109 5208 3201 3192 5110 5209 3202 3193
4302 5 2 0 5 5110 5209 3202 3193 5111 5210 3203 3194
4303 5 2 0 5 5111 5210 3203 3194 5112 5211 3204 3195
4304 5 2 0 5 5112 5211 3204 3195 1150 1161 157 156
4305 5 2 0 5 72 73 873 862 3043 3052 5212 5113
4306 5 2 0 5 3043 3052 5212 5113 3044 3053 5213 5114
4307 5 2 0 5 3044 3053 5213 5114 3045 3054 5214 5115
4308 5 2 0 5 3045 3054 5214 5115 3046 3055 5215 5116
4309 5 2 0 5 3046 3055 5215 5116 3047 3056 5216 5117
4310 5 2 0 5 3047 3056 5216 5117 3048 3057 5217 5118
4311 5 2 0 5 3048 3057 5217 5118 3049 3058 5218 5119
4312 5 2 0 5 3049 3058 5218 5119 3050 3059 5219 5120
4313 5 2 0 5 3050 3059 5219 5120 3051 3060 5220 5121
4314 5 2 0 5 3051 3060 5220 5121 140 141 1162 1151
4315 5 2 0 5 862 873 874 863 5113 5212 5221 5122
4316 5 2 0 5 5113 5212 5221 5122 5114 5213 5222 5123
4317 5 2 0 5 5114 5213 5222 5123 5115 5214 5223 5124
4318 5 2 0 5 5115 5214 5223 5124 5116 5215 5224 5125
4319 5 2 0 5 5116 5215 5224 5125 5117 5216 5225 5126
4320 5 2 0 5 5117 5216 5225 5126 5118 5217 5226 5127
4321 5 2 0 5 5118 5217 5226 5127 5119 5218 5227 5128
4322 5 2 0 5 5119 5218 5227 5128 5120 5219 5228 5129
4323 5 2 0 5 5120 5219 5228 5129 5121 5220 5229 5130
4324 5 2 0 5 5121 5220 5229 5130 1151 1162 1163 1152
4325 5 2 0 5 863 874 875 864 5122 5221 5230 5131
4326 5 2 0 5 5122 5221 5230 5131 5123 5222 5231 5132
4327 5 2 0 5 5123 5222 5231 5132 5124 5223 5232 5133
4328 5 2 0 5 5124 5223 5232 5133 5125 5224 5233 5134
4329 5 2 0 5 5125 5224 5233 5134 5126 5225 5234 5135
4330 5 2 0 5 5126 5225 5234 5135 5127 5226 5235 5136
4331 5 2 0 5 5127 5226 5235 5136 5128 5227 5236 5137
4332 5 2 0 5 5128 5227 5236 5137 5129 5228 5237 5138
4333 5 2 0 5 5129 5228 5237 5138 5130 5229 5238 5139
4334 5 2 0 5 5130 5229 5238 5139 1152 1163 1164 1153
4335 5 2 0 5 864 875 876 865 5131 5230 5239 5140
4336 5 2 0 5 5131 5230 5239 5140 5132 5231 5240 5141
4337 5 2 0 5 5132 5231 5240 5141 5133 5232 5241 5142
4338 5 2 0 5 5133 5232 5241 5142 5134 5233 5242 5143
4339 5 2 0 5 5134 5233 5242 5143 5135 5234 5243 5144
4340 5 2 0 5 5135 5234 5243 5144 5136 5235 5244 5145
4341 5 2 0 5 5136 5235 5244 5145 5137 5236 5245 5146
4342 5 2 0 5 5137 5236 5245 5146 5138 5237 5246 5147
4343 5 2 0 5 5138 5237 5246 5147 5139 5238 5247 5148
4344 5 2 0 5 5139 5238 5247 5148 1153 1164 1165 1154
4345 5 2 0 5 865 876 877 866 5140 5239 5248 5149
4346 5 2 0 5 5140 5239 5248 5149 5141 5240 5249 5150
4347 5 2 0 5 5141 5240 5249 5150 5142 5241 5250 5151
4348 5 2 0 5 5142 5241 5250 5151 5143 5242 5251 5152
4349 5 2 0 5 5143 5242 5251 5152 5144 5243 5252 5153
4350 5 2 0 5 5144 5243 5252 5153 5145 5244 5253 5154
4351 5 2 0 5 5145 5244 5253 5154 5146 5245 5254 5155
4352 5 2 0 5 5146 5245 5254 5155 5147 5246 5255 5156
4353 5 2 0 5 5147 5246 5255 5156 5148 5247 5256 5157
4354 5 2 0 5 5148 5247 5256 5157 1154 1165 1166 1155
4355 5 2 0 5 866 877 878 867 5149 5248 5257 5158
4356 5 2 0 5 5149 5248 5257 5158 5150 5249 5258 5159
4357 5 2 0 5 5150 5249 5258 5159 5151 5250 5259 5160
4358 5 2 0 5 5151 5250 5259 5160 5152 5251 5260 5161
4359 5 2 0 5 5152 5251 5260 5161 5153 5252 5261 5162
4360 5 2 0 5 5153 5252 5261 5162 5154 5253 5262 5163
4361 5 2 0 5 5154 5253 5262 5163 5155 5254 5263 5164
4362 5 2 0 5 5155 5254 5263 5164 5156 5255 5264 5165
4363 5 2 0 5 5156 5255 5264 5165 5157 5256 5265 5166
4364 5 2 0 5 5157 5256 5265 5166 1155 1166 1167 1156
4365 5 2 0 5 867 878 879 868 5158 5257 5266 5167
4366 5 2 0 5 5158 5257 5266 5167 5159 5258 5267 5168
4367 5 2 0 5 5159 5258 5267 5168 5160 5259 5268 5169
4368 5 2 0 5 5160 5259 5268 5169 5161 5260 5269 5170
4369 5 2 0 5 5161 5260 5269 5170 5162 5261 5270 5171
4370 5 2 0 5 5162 5261 5270 5171 5163 5262 5271 5172
4371 5 2 0 5 5163 5262 5271 5172 5164 5263 5272 5173
4372 5 2 0 5 5164 5263 5272 5173 5165 5264 5273 5174
4373 5 2 0 5 5165 5264 5273 5174 5166 5265 5274 5175
4374 5 2 0 5 5166 5265 5274 5175 1156 1167 1168 1157
4375 5 2 0 5 868 879 880 869 5167 5266 5275 5176
4376 5 2 0 5 5167 5266 5275 5176 5168 5267 5276 5177
4377 5 2 0 5 5168 5267 5276 5177 5169 5268 5277 5178
4378 5 2 0 5 5169 5268 5277 5178 5170 5269 5278 5179
4379 5 2 0 5 5170 5269 5278 5179 5171 5270 5279 5180
4380 5 2 0 5 5171 5270 5279 5180 5172 5271 5280 5181
4381 5 2 0 5 5172 5271 5280 5181 5173 5272 5281 5182
4382 5 2 0 5 5173 5272 5281 5182 5174 5273 5282 5183
4383 5 2 0 5 5174 5273 5282 5183 5175 5274 5283 5184
4384 5 2 0 5 5175 5274 5283 5184 1157 1168 1169 1158
4385 5 2 0 5 869 880 881 870 5176 5275 5284 5185
4386 5 2 0 5 5176 5275 5284 5185 5177 5276 5285 5186
4387 5 2 0 5 5177 5276 5285 5186 5178 5277 5286 5187
4388 5 2 0 5 5178 5277 5286 5187 5179 5278 5287 5188
4389 5 2 0 5 5179 5278 5287 5188 5180 5279 5288 5189
4390 5 2 0 5 5180 5279 5288 5189 5181 5280 5289 5190
4391 5 2 0 5 5181 5280 5289 5190 5182 5281 5290 5191
4392 5 2 0 5 5182 5281 5290 5191 5183 5282 5291 5192
4393 5 2 0 5 5183 5282 5291 5192 5184 5283 5292 5193
4394 5 2 0 5 5184 5283 5292 5193 1158 1169 1170 1159
4395 5 2 0 5 870 881 882 871 5185 5284 5293 5194
4396 5 2 0 5 5185 5284 5293 5194 5186 5285 5294 5195
4397 5 2 0 5 5186 5285 5294 5195 5187 5286 5295 5196
4398 5 2 0 5 5187 5286 5295 5196 5188 5287 5296 5197
4399 5 2 0 5 5188 5287 5296 5197 5189 5288 5297 5198
4400 5 2 0 5 5189 5288 5297 5198 5190 5289 5298 5199
4401 5 2 0 5 5190 5289 5298 5199 5191 5290 5299 5200
4402 5 2 0 5 5191 5290 5299 5200 5192 5291 5300 5201
4403 5 2 0 5 5192 5291 5300 5201 5193 5292 5301 5202
4404 5 2 0 5 5193 5292 5301 5202 1159 1170 1171 1160
4405 5 2 0 5 871 882 883 872 5194 5293 5302 5203
4406 5 2 0 5 5194 5293 5302 5203 5195 5294 5303 5204
4407 5 2 0 5 5195 5294 5303 5204 5196 5295 5304 5205
4408 5 2 0 5 5196 5295 5304 5205 5197 5296 5305 5206
4409 5 2 0 5 5197 5296 5305 5206 5198 5297 5306 5207
4410 5 2 0 5 5198 5297 5306 5207 5199 5298 5307 5208
4411 5 2 0 5 5199 5298 5307 5208 5200 5299 5308 5209
4412 5 2 0 5 5200 5299 5308 5209 5201 5300 5309 5210
4413 5 2 0 5 5201 5300 5309 5210 5202 5301 5310 5211
4414 5 2 0 5 5202 5301 5310 5211 1160 1171 1172 1161
4415 5 2 0 5 872 883 90 89 5203 5302 3205 3196
4416 5 2 0 5 5203 5302 3205 3196 5204 5303 3206 3197
4417 5 2 0 5 5204 5303 3206 3197 5205 5304 3207 3198
4418 5 2 0 5 5205 5304 3207 3198 5206 5305 3208 3199
4419 5 2 0 5 5206 5305 3208 3199 5207 5306 3209 3200
4420 5 2 0 5 5207 5306 3209 3200 5208 5307 3210 3201
4421 5 2 0 5 5208 5307 3210 3201 5209 5308 3211 3202
4422 5 2 0 5 5209 5308 3211 3202 5210 5309 3212 3203
4423 5 2 0 5 5210 5309 3212 3203 5211 5310 3213 3204
4424 5 2 0 5 5211 5310 3213 3204 1161 1172 158 157
4425 5 2 0 5 73 74 884 873 3052 3061 5311 5212
4426 5 2 0 5 3052 3061 5311 5212 3053 3062 5312 5213
4427 5 2 0 5 3053 3062 5312 5213 3054 3063 5313 5214
4428 5 2 0 5 3054 3063 5313 5214 3055 3064 5314 5215
4429 5 2 0 5 3055 3064 5314 5215 3056 3065 5315 5216
4430 5 2 0 5 3056 3065 5315 5216 3057 3066 5316 5217
4431 5 2 0 5 3057 3066 5316 5217 3058 3067 5317 5218
4432 5 2 0 5 3058 3067 5317 5218 3059 3068 5318 5219
4433 5 2 0 5 3059 3068 5318 5219 3060 3069 5319 5220
4434 5 2 0 5 3060 3069 5319 5220 141 142 1173 1162
4435 5 2 0 5 873 884 885 874 5212 5311 5320 5221
4436 5 2 0 5 5212 5311 5320 5221 5213 5312 5321 5222
4437 5 2 0 5 5213 5312 5321 5222 5214 5313 5322 5223
4438 5 2 0 5 5214 5313 5322 5223 5215 5314 5323 5224
4439 5 2 0 5 5215 5314 5323 5224 5216 5315 5324 5225
4440 5 2 0 5 5216 5315 5324 5225 5217 5316 5325 5226
4441 5 2 0 5 5217 5316 5325 5226 5218 5317 5326 5227
4442 5 2 0 5 5218 5317 5326 5227 5219 5318 5327 5228
4443 5 2 0 5 5219 5318 5327 5228 5220 5319 5328 5229
4444 5 2 0 5 5220 5319 5328 5229 1162 1173 1174 1163
4445 5 2 0 5 874 885 886 875 5221 5320 5329 5230
4446 5 2 0 5 5221 5320 5329 5230 5222 5321 5330 5231
4447 5 2 0 5 5222 5321 5330 5231 5223 5322 5331 5232
4448 5 2 0 5 5223 5322 5331 5232 5224 5323 5332 5233
4449 5 2 0 5 5224 5323 5332 5233 5225 5324 5333 5234
4450 5 2 0 5 5225 5324 5333 5234 5226 5325 5334 5235
4451 5 2 0 5 5226 5325 5334 5235 5227 5326 5335 5236
4452 5 2 0 5 5227 5326 5335 5236 5228 5327 5336 5237
4453 5 2 0 5 5228 5327 5336 5237 5229 5328 5337 5238
4454 5 2 0 5 5229 5328 5337 5238 1163 1174 1175 1164
4455 5 2 0 5 875 886 887 876 5230 5329 5338 5239
4456 5 2 0 5 5230 5329 5338 5239 5231 5330 5339 5240
4457 5 2 0 5 5231 5330 5339 5240 5232 5331 5340 5241
4458 5 2 0 5 5232 5331 5340 5241 5233 5332 5341 5242
4459 5 2 0 5 5233 5332 5341 5242 5234 5333 5342 5243
4460 5 2 0 5 5234 5333 5342 5243 5235 5334 5343 5244
4461 5 2 0 5 5235 5334 5343 5244 5236 5335 5344 5245
4462 5 2 0 5 5236 5335 5344 5245 5237 5336 5345 5246
4463 5 2 0 5 5237 5336 5345 5246 5238 5337 5346 5247
4464 5 2 0 5 5238 5337 5346 5247 1164 1175 1176 1165
4465 5 2 0 5 876 887 888 877 5239 5338 5347 5248
4466 5 2 0 5 5239 5338 5347 5248 5240 5339 5348 5249
4467 5 2 0 5 5240 5339 5348 5249 5241 5340 5349 5250
4468 5 2 0 5 5241 5340 5349 5250 5242 5341 5350 5251
4469 5 2 0 5 5242 5341 5350 5251 5243 5342 5351 5252
4470 5 2 0 5 5243 5342 5351 5252 5244 5343 5352 5253
4471 5 2 0 5 5244 5343 5352 5253 5245 5344 5353 5254
4472 5 2 0 5 5245 5344 5353 5254 5246 5345 5354 5255
4473 5 2 0 5 5246 5345 5354 5255 5247 5346 5355 5256
4474 5 2 0 5 5247 5346 5355 5256 1165 1176 1177 1166
4475 5 2 0 5 877 888 889 878 5248 5347 5356 5257
4476 5 2 0 5 5248 5347 5356 5257 5249 5348 5357 5258
4477 5 2 0 5 5249 5348 5357 5258 5250 5349 5358 5259
4478 5 2 0 5 5250 5349 5358 5259 5251 5350 5359 5260
4479 5 2 0 5 5251 5350 5359 5260 5252 5351 5360 5261
4480 5 2 0 5 5252 5351 5360 5261 5253 5352 5361 5262
4481 5 2 0 5 5253 5352 5361 5262 5254 5353 5362 5263
4482 5 2 0 5 5254 5353 5362 5263 5255 5354 5363 5264
4483 5 2 0 5 5255 5354 5363 5264 5256 5355 5364 5265
4484 5 2 0 5 5256 5355 5364 5265 1166 1177 1178 1167
4485 5 2 0 5 878 889 890 879 5257 5356 5365 5266
4486 5 2 0 5 5257 5356 5365 5266 5258 5357 5366 5267
4487 5 2 0 5 5258 5357 5366 5267 5259 5358 5367 5268
4488 5 2 0 5 5259 5358 5367 5268 5260 5359 5368 5269
4489 5 2 0 5 5260 5359 5368 5269 5261 5360 5369 5270
4490 5 2 0 5 5261 5360 5369 5270 5262 5361 5370 5271
4491 5 2 0 5 5262 5361 5370 5271 5263 5362 5371 5272
4492 5 2 0 5 5263 5362 5371 5272 5264 5363 5372 5273
4493 5 2 0 5 5264 5363 5372 5273 5265 5364 5373 5274
4494 5 2 0 5 5265 5364 5373 5274 1167 1178 1179 1168
4495 5 2 0 5 879 890 891 880 5266 5365 5374 5275
4496 5 2 0 5 5266 5365 5374 5275 5267 5366 5375 5276
4497 5 2 0 5 5267 5366 5375 5276 5268 5367 5376 5277
4498 5 2 0 5 5268 5367 5376 5277 5269 5368 5377 5278
4499 5 2 0 5 5269 5368 5377 5278 5270 5369 5378 5279
4500 5 2 0 5 5270 5369 5378 5279 5271 5370 5379 5280
4501 5 2 0 5 5271 5370 5379 5280 5272 5371 5380 5281
4502 5 2 0 5 5272 5371 5380 5281 5273 5372 5381 5282
4503 5 2 0 5 5273 5372 5381 5282 5274 5373 5382 5283
4504 5 2 0 5 5274 5373 5382 5283 1168 1179 1180 1169
4505 5 2 0 5 880 891 892 881 5275 5374 5383 5284
4506 5 2 0 5 5275 5374 5383 5284 5276 5375 5384 5285
4507 5 2 0 5 5276 5375 5384 5285 5277 5376 5385 5286
4508 5 2 0 5 5277 5376 5385 5286 5278 5377 5386 5287
4509 5 2 0 5 5278 5377 5386 5287 5279 5378 5387 5288
4510 5 2 0 5 5279 5378 5387 5288 5280 5379 5388 5289
4511 5 2 0 5 5280 5379 5388 5289 5281 5380 5389 5290
4512 5 2 0 5 5281 5380 5389 5290 5282 5381 5390 5291
4513 5 2 0 5 5282 5381 5390 5291 5283 5382 5391 5292
4514 5 2 0 5 5283 5382 5391 5292 1169 1180 1181 1170
4515 5 2 0 5 881 892 893 882 5284 5383 5392 5293
4516 5 2 0 5 5284 5383 5392 5293 5285 5384 5393 5294
4517 5 2 0 5 5285 5384 5393 5294 5286 5385 5394 5295
4518 5 2 0 5 5286 5385 5394 5295 5287 5386 5395 5296
4519 5 2 0 5 5287 5386 5395 5296 5288 5387 5396 5297
4520 5 2 0 5 5288 5387 5396 5297 5289 5388 5397 5298
4521 5 2 0 5 5289 5388 5397 5298 5290 5389 5398 5299
4522 5 2 0 5 5290 5389 5398 5299 5291 5390 5399 5300
4523 5 2 0 5 5291 5390 5399 5300 5292 5391 5400 5301
4524 5 2 0 5 5292 5391 5400 5301 1170 1181 1182 1171
4525 5 2 0 5 882 893 894 883 5293 5392 5401 5302
4526 5 2 0 5 5293 5392 5401 5302 5294 5393 5402 5303
4527 5 2 0 5 5294 5393 5402 5303 5295 5394 5403 5304
4528 5 2 0 5 5295 5394 5403 5304 5296 5395 5404 5305
4529 5 2 0 5 5296 5395 5404 5305 5297 5396 5405 5306
4530 5 2 0 5 5297 5396 5405 5306 5298 5397 5406 5307
4531 5 2 0 5 5298 5397 5406 5307 5299 5398 5407 5308
4532 5 2 0 5 5299 5398 5407 5308 5300 5399 5408 5309
4533 5 2 0 5 5300 5399 5408 5309 5301 5400 5409 5310
4534 5 2 0 5 5301 5400 5409 5310 1171 1182 1183 1172
4535 5 2 0 5 883 894 91 90 5302 5401 3214 3205
4536 5 2 0 5 5302 5401 3214 3205 5303 5402 3215 3206
4537 5 2 0 5 5303 5402 3215 3206 5304 5403 3216 3207
4538 5 2 0 5 5304 5403 3216 3207 5305 5404 3217 3208
4539 5 2 0 5 5305 5404 3217 3208 5306 5405 3218 3209
4540 5 2 0 5 5306 5405 3218 3209 5307 5406 3219 3210
4541 5 2 0 5 5307 5406 3219 3210 5308 5407 3220 3211
4542 5 2 0 5 5308 5407 3220 3211 5309 5408 3221 3212
4543 5 2 0 5 5309 5408 3221 3212 5310 5409 3222 3213
4544 5 2 0 5 5310 5409 3222 3213 1172 1183 159 158
4545 5 2 0 5 74 75 895 884 3061 3070 5410 5311
4546 5 2 0 5 3061 3070 5410 5311 3062 3071 5411 5312
4547 5 2 0 5 3062 3071 5411 5312 3063 3072 5412 5313
4548 5 2 0 5 3063 3072 5412 5313 3064 3073 5413 5314
4549 5 2 0 5 3064 3073 5413 5314 3065 3074 5414 5315
4550 5 2 0 5 3065 3074 5414 5315 3066 3075 5415 5316
4551 5 2 0 5 3066 3075 5415 5316 3067 3076 5416 5317
4552 5 2 0 5 3067 3076 5416 5317 3068 3077 5417 5318
4553 5 2 0 5 3068 3077 5417 5318 3069 3078 5418 5319
4554 5 2 0 5 3069 3078 5418 5319 142 143 1184 1173
4555 5 2 0 5 884 895 896 885 5311 5410 5419 5320
4556 5 2 0 5 5311 5410 5419 5320 5312 5411 5420 5321
4557 5 2 0 5 5312 5411 5420 5321 5313 5412 5421 5322
4558 5 2 0 5 5313 5412 5421 5322 5314 5413 5422 5323
4559 5 2 0 5 5314 5413 5422 5323 5315 5414 5423 5324
4560 5 2 0 5 5315 5414 5423 5324 5316 5415 5424 5325
4561 5 2 0 5 5316 5415 5424 5325 5317 5416 5425 5326
4562 5 2 0 5 5317 5416 5425 5326 5318 5417 5426 5327
4563 5 2 0 5 5318 5417 5426 5327 5319 5418 5427 5328
4564 5 2 0 5 5319 5418 5427 5328 1173 1184 1185 1174
4565 5 2 0 5 885 896 897 886 5320 5419 5428 5329
4566 5 2 0 5 5320 5419 5428 5329 5321 5420 5429 5330
4567 5 2 0 5 5321 5420 5429 5330 5322 5421 5430 5331
4568 5 2 0 5 5322 5421 5430 5331 5323 5422 5431 5332
4569 5 2 0 5 5323 5422 5431 5332 5324 5423 5432 5333
4570 5 2 0 5 5324 5423 5432 5333 5325 5424 5433 5334
4571 5 2 0 5 5325 5424 5433 5334 5326 5425 5434 5335
4572 5 2 0 5 5326 5425 5434 5335 5327 5426 5435 5336
4573 5 2 0 5 5327 5426 5435 5336 5328 5427 5436 5337
4574 5 2 0 5 5328 5427 5436 5337 1174 1185 1186 1175
4575 5 2 0 5 886 897 898 887 5329 5428 5437 5338
4576 5 2 0 5 5329 5428 5437 5338 5330 5429 5438 5339
4577 5 2 0 5 5330 5429 5438 5339 5331 5430 5439 5340
4578 5 2 0 5 5331 5430 5439 5340 5332 5431 5440 5341
4579 5 2 0 5 5332 5431 5440 5341 5333 5432 5441 5342
4580 5 2 0 5 5333 5432 5441 5342 5334 5433 5442 5343
4581 5 2 0 5 5334 5433 5442 5343 5335 5434 5443 5344
4582 5 2 0 5 5335 5434 5443 5344 5336 5435 5444 5345
4583 5 2 0 5 5336 5435 5444 5345 5337 5436 5445 5346
4584 5 2 0 5 5337 5436 5445 5346 1175 1186 1187 1176
4585 5 2 0 5 887 898 899 888 5338 5437 5446 5347
4586 5 2 0 5 5338 5437 5446 5347 5339 5438 5447 5348
4587 5 2 0 5 5339 5438 5447 5348 5340 5439 5448 5349
4588 5 2 0 5 5340 5439 5448 5349 5341 5440 5449 5350
4589 5 2 0 5 5341 5440 5449 5350 5342 5441 5450 5351
4590 5 2 0 5 5342 5441 5450 5351 5343 5442 5451 5352
4591 5 2 0 5 5343 5442 5451 5352 5344 5443 5452 5353
4592 5 2 0 5 5344 5443 5452 5353 5345 5444 5453 5354
4593 5 2 0 5 5345 5444 5453 5354 5346 5445 5454 5355
4594 5 2 0 5 5346 5445 5454 5355 1176 1187 1188 1177
4595 5 2 0 5 888 899 900 889 5347 5446 5455 5356
4596 5 2 0 5 5347 5446 5455 5356 5348 5447 5456 5357
4597 5 2 0 5 5348 5447 5456 5357 5349 5448 5457 5358
4598 5 2 0 5 5349 5448 5457 5358 5350 5449 5458 5359
4599 5 2 0 5 5350 5449 5458 5359 5351 5450 5459 5360
4600 5 2 0 5 5351 5450 5459 5360 5352 5451 5460 5361
4601 5 2 0 5 5352 5451 5460 5361 5353 5452 5461 5362
4602 5 2 0 5 5353 5452 5461 5362 5354 5453 5462 5363
4603 5 2 0 5 5354 5453 5462 5363 5355 5454 5463 5364
4604 5 2 0 5 5355 5454 5463 5364 1177 1188 1189 1178
4605 5 2 0 5 889 900 901 890 5356 5455 5464 5365
4606 5 2 0 5 5356 5455 5464 5365 5357 5456 5465 5366
4607 5 2 0 5 5357 5456 5465 5366 5358 5457 5466 5367
4608 5 2 0 5 5358 5457 5466 5367 5359 5458 5467 5368
4609 5 2 0 5 5359 5458 5467 5368 5360 5459 5468 5369
4610 5 2 0 5 5360 5459 5468 5369 5361 5460 5469 5370
4611 5 2 0 5 5361 5460 5469 5370 5362 5461 5470 5371
4612 5 2 0 5 5362 5461 5470 5371 5363 5462 5471 5372
4613 5 2 0 5 5363 5462 5471 5372 5364 5463 5472 5373
4614 5 2 0 5 5364 5463 5472 5373 1178 1189 1190 1179
4615 5 2 0 5 890 901 902 891 5365 5464 5473 5374
4616 5 2 0 5 5365 5464 5473 5374 5366 5465 5474 5375
4617 5 2 0 5 5366 5465 5474 5375 5367 5466 5475 5376
4618 5 2 0 5 5367 5466 5475 5376 5368 5467 5476 5377
4619 5 2 0 5 5368 5467 5476 5377 5369 5468 5477 5378
4620 5 2 0 5 5369 5468 5477 5378 5370 5469 5478 5379
4621 5 2 0 5 5370 5469 5478 5379 5371 5470 5479 5380
4622 5 2 0 5 5371 5470 5479 5380 5372 5471 5480 5381
4623 5 2 0 5 5372 5471 5480 5381 5373 5472 5481 5382
4624 5 2 0 5 5373 5472 5481 5382 1179 1190 1191 1180
4625 5 2 0 5 891 902 903 892 5374 5473 5482 5383
4626 5 2 0 5 5374 5473 5482 5383 5375 5474 5483 5384
4627 5 2 0 5 5375 5474 5483 5384 5376 5475 5484 5385
4628 5 2 0 5 5376 5475 5484 5385 5377 5476 5485 5386
4629 5 2 0 5 5377 5476 5485 5386 5378 5477 5486 5387
4630 5 2 0 5 5378 5477 5486 5387 5379 5478 5487 5388
4631 5 2 0 5 5379 5478 5487 5388 5380 5479 5488 5389
4632 5 2 0 5 5380 5479 5488 5389 5381 5480 5489 5390
4633 5 2 0 5 5381 5480 5489 5390 5382 5481 5490 5391
4634 5 2 0 5 5382 5481 5490 5391 1180 1191 1192 1181
4635 5 2 0 5 892 903 904 893 5383 5482 5491 5392
4636 5 2 0 5 5383 5482 5491 5392 5384 5483 5492 5393
4637 5 2 0 5 5384 5483 5492 5393 5385 5484 5493 5394
4638 5 2 0 5 5385 5484 5493 5394 5386 5485 5494 5395
4639 5 2 0 5 5386 5485 5494 5395 5387 5486 5495 5396
4640 5 2 0 5 5387 5486 5495 5396 5388 5487 5496 5397
4641 5 2 0 5 5388 5487 5496 5397 5389 5488 5497 5398
4642 5 2 0 5 5389 5488 5497 5398 5390 5489 5498 5399
4643 5 2 0 5 5390 5489 5498 5399 5391 5490 5499 5400
4644 5 2 0 5 5391 5490 5499 5400 1181 1192 1193 1182
4645 5 2 0 5 893 904 905 894 5392 5491 5500 5401
4646 5 2 0 5 5392 5491 5500 5401 5393 5492 5501 5402
4647 5 2 0 5 5393 5492 5501 5402 5394 5493 5502 5403
4648 5 2 0 5 5394 5493 5502 5403 5395 5494 5503 5404
4649 5 2 0 5 5395 5494 5503 5404 5396 5495 5504 5405
4650 5 2 0 5 5396 5495 5504 5405 5397 5496 5505 5406
4651 5 2 0 5 5397 5496 5505 5406 5398 5497 5506 5407
4652 5 2 0 5 5398 5497 5506 5407 5399 5498 5507 5408
4653 5 2 0 5 5399 5498 5507 5408 5400 5499 5508 5409
4654 5 2 0 5 5400 5499 5508 5409 1182 1193 1194 1183
4655 5 2 0 5 894 905 92 91 5401 5500 3223 3214
4656 5 2 0 5 5401 5500 3223 3214 5402 5501 3224 3215
4657 5 2 0 5 5402 5501 3224 3215 5403 5502 3225 3216
4658 5 2 0 5 5403 5502 3225 3216 5404 5503 3226 3217
4659 5 2 0 5 5404 5503 3226 3217 5405 5504 3227 3218
4660 5 2 0 5 5405 5504 3227 3218 5406 5505 3228 3219
4661 5 2 0 5 5406 5505 3228 3219 5407 5506 3229 3220
4662 5 2 0 5 5407 5506 3229 3220 5408 5507 3230 3221
4663 5 2 0 5 5408 5507 3230 3221 5409 5508 3231 3222
4664 5 2 0 5 5409 5508 3231 3222 1183 1194 160 159
4665 5 2 0 5 75 76 906 895 3070 3079 5509 5410
4666 5 2 0 5 3070 3079 5509 5410 3071 3080 5510 5411
4667 5 2 0 5 3071 3080 5510 5411 3072 3081 5511 5412
4668 5 2 0 5 3072 3081 5511 5412 3073 3082 5512 5413
4669 5 2 0 5 3073 3082 5512 5413 3074 3083 5513 5414
4670 5 2 0 5 3074 3083 5513 5414 3075 3084 5514 5415
4671 5 2 0 5 3075 3084 5514 5415 3076 3085 5515 5416
4672 5 2 0 5 3076 3085 5515 5416 3077 3086 5516 5417
4673 5 2 0 5 3077 3086 5516 5417 3078 3087 5517 5418
4674 5 2 0 5 3078 3087 5517 5418 143 144 1195 1184
4675 5 2 0 5 895 906 907 896 5410 5509 5518 5419
4676 5 2 0 5 5410 5509 5518 5419 5411 5510 5519 5420
4677 5 2 0 5 5411 5510 5519 5420 5412 5511 5520 5421
4678 5 2 0 5 5412 5511 5520 5421 5413 5512 5521 5422
4679 5 2 0 5 5413 5512 5521 5422 5414 5513 5522 5423
4680 5 2 0 5 5414 5513 5522 5423 5415 5514 5523 5424
4681 5 2 0 5 5415 5514 5523 5424 5416 5515 5524 5425
4682 5 2 0 5 5416 5515 5524 5425 5417 5516 5525 5426
4683 5 2 0 5 5417 5516 5525 5426 5418 5517 5526 5427
4684 5 2 0 5 5418 5517 5526 5427 1184 1195 1196 1185
4685 5 2 0 5 896 907 908 897 5419 5518 5527 5428
4686 5 2 0 5 5419 5518 5527 5428 5420 5519 5528 5429
4687 5 2 0 5 5420 5519 5528 5429 5421 5520 5529 5430
4688 5 2 0 5 5421 5520 5529 5430 5422 5521 5530 5431
4689 5 2 0 5 5422 5521 5530 5431 5423 5522 5531 5432
4690 5 2 0 5 5423 5522 5531 5432 5424 5523 5532 5433
4691 5 2 0 5 5424 5523 5532 5433 5425 5524 5533 5434
4692 5 2 0 5 5425 5524 5533 5434 5426 5525 5534 5435
4693 5 2 0 5 5426 5525 5534 5435 5427 5526 5535 5436
4694 5 2 0 5 5427 5526 5535 5436 1185 1196 1197 1186
4695 5 2 0 5 897 908 909 898 5428 5527 5536 5437
4696 5 2 0 5 5428 5527 5536 5437 5429 5528 5537 5438
4697 5 2 0 5 5429 5528 5537 5438 5430 5529 5538 5439
4698 5 2 0 5 5430 5529 5538 5439 5431 5530 5539 5440
4699 5 2 0 5 5431 5530 5539 5440 5432 5531 5540 5441
4700 5 2 0 5 5432 5531 5540 5441 5433 5532 5541 5442
4701 5 2 0 5 5433 5532 5541 5442 5434 5533 5542 5443
4702 5 2 0 5 5434 5533 5542 5443 5435 5534 5543 5444
4703 5 2 0 5 5435 5534 5543 5444 5436 5535 5544 5445
4704 5 2 0 5 5436 5535 5544 5445 1186 1197 1198 1187
4705 5 2 0 5 898 909 910 899 5437 5536 5545 5446
4706 5 2 0 5 5437 5536 5545 5446 5438 5537 5546 5447
4707 5 2 0 5 5438 5537 5546 5447 5439 5538 5547 5448
4708 5 2 0 5 5439 5538 5547 5448 5440 5539 5548 5449
4709 5 2 0 5 5440 5539 5548 5449 5441 5540 5549 5450
4710 5 2 0 5 5441 5540 5549 5450 5442 5541 5550 5451
4711 5 2 0 5 5442 5541 5550 5451 5443 5542 5551 5452
4712 5 2 0 5 5443 5542 5551 5452 5444 5543 5552 5453
4713 5 2 0 5 5444 5543 5552 5453 5445 5544 5553 5454
4714 5 2 0 5 5445 5544 5553 5454 1187 1198 1199 1188
4715 5 2 0 5 899 910 911 900 5446 5545 5554 5455
4716 5 2 0 5 5446 5545 5554 5455 5447 5546 5555 5456
4717 5 2 0 5 5447 5546 5555 5456 5448 5547 5556 5457
4718 5 2 0 5 5448 5547 5556 5457 5449 5548 5557 5458
4719 5 2 0 5 5449 5548 5557 5458 5450 5549 5558 5459
4720 5 2 0 5 5450 5549 5558 5459 5451 5550 5559 5460
4721 5 2 0 5 5451 5550 5559 5460 5452 5551 5560 5461
4722 5 2 0 5 5452 5551 5560 5461 5453 5552 5561 5462
4723 5 2 0 5 5453 5552 5561 5462 5454 5553 5562 5463
4724 5 2 0 5 5454 5553 5562 5463 1188 1199 1200 1189
4725 5 2 0 5 900 911 912 901 5455 5554 5563 5464
4726 5 2 0 5 5455 5554 5563 5464 5456 5555 5564 5465
4727 5 2 0 5 5456 5555 5564 5465 5457 5556 5565 5466
4728 5 2 0 5 5457 5556 5565 5466 5458 5557 5566 5467
4729 5 2 0 5 5458 5557 5566 5467 5459 5558 5567 5468
4730 5 2 0 5 5459 5558 5567 5468 5460 5559 5568 5469
4731 5 2 0 5 5460 5559 5568 5469 5461 5560 5569 5470
4732 5 2 0 5 5461 5560 5569 5470 5462 5561 5570 5471
4733 5 2 0 5 5462 5561 5570 5471 5463 5562 5571 5472
4734 5 2 0 5 5463 5562 5571 5472 1189 1200 1201 1190
4735 5 2 0 5 901 912 913 902 5464 5563 5572 5473
4736 5 2 0 5 5464 5563 5572 5473 5465 5564 5573 5474
4737 5 2 0 5 5465 5564 5573 5474 5466 5565 5574 5475
4738 5 2 0 5 5466 5565 5574 5475 5467 5566 5575 5476
4739 5 2 0 5 5467 5566 5575 5476 5468 5567 5576 5477
4740 5 2 0 5 5468 5567 5576 5477 5469 5568 5577 5478
4741 5 2 0 5 5469 5568 5577 5478 5470 5569 5578 5479
4742 5 2 0 5 5470 5569 5578 5479 5471 5570 5579 5480
4743 5 2 0 5 5471 5570 5579 5480 5472 5571 5580 5481
4744 5 2 0 5 5472 5571 5580 5481 1190 1201 1202 1191
4745 5 2 0 5 902 913 914 903 5473 5572 5581 5482
4746 5 2 0 5 5473 5572 5581 5482 5474 5573 5582 5483
4747 5 2 0 5 5474 5573 5582 5483 5475 5574 5583 5484
4748 5 2 0 5 5475 5574 5583 5484 5476 5575 5584 5485
4749 5 2 0 5 5476 5575 5584 5485 5477 5576 5585 5486
4750 5 2 0 5 5477 5576 5585 5486 5478 5577 5586 5487
4751 5 2 0 5 5478 5577 5586 5487 5479 5578 5587 5488
4752 5 2 0 5 5479 5578 5587 5488 5480 5579 5588 5489
4753 5 2 0 5 5480 5579 5588 5489 5481 5580 5589 5490
4754 5 2 0 5 5481 5580 5589 5490 1191 1202 1203 1192
4755 5 2 0 5 903 914 915 904 5482 5581 5590 5491
4756 5 2 0 5 5482 5581 5590 5491 5483 5582 5591 5492
4757 5 2 0 5 5483 5582 5591 5492 5484 5583 5592 5493
4758 5 2 0 5 5484 5583 5592 5493 5485 5584 5593 5494
4759 5 2 0 5 5485 5584 5593 5494 5486 5585 5594 5495
4760 5 2 0 5 5486 5585 5594 5495 5487 5586 5595 5496
4761 5 2 0 5 5487 5586 5595 5496 5488 5587 5596 5497
4762 5 2 0 5 5488 5587 5596 5497 5489 5588 5597 5498
4763 5 2 0 5 5489 5588 5597 5498 5490 5589 5598 5499
4764 5 2 0 5 5490 5589 5598 5499 1192 1203 1204 1193
4765 5 2 0 5 904 915 916 905 5491 5590 5599 5500
4766 5 2 0 5 5491 5590 5599 5500 5492 5591 5600 5501
4767 5 2 0 5 5492 5591 5600 5501 5493 5592 5601 5502
4768 5 2 0 5 5493 5592 5601 5502 5494 5593 5602 5503
4769 5 2 0 5 5494 5593 5602 5503 5495 5594 5603 5504
4770 5 2 0 5 5495 5594 5603 5504 5496 5595 5604 5505
4771 5 2 0 5 5496 5595 5604 5505 5497 5596 5605 5506
4772 5 2 0 5 5497 5596 5605 5506 5498 5597 5606 5507
4773 5 2 0 5 5498 5597 5606 5507 5499 5598 5607 5508
4774 5 2 0 5 5499 5598 5607 5508 1193 1204 1205 1194
4775 5 2 0 5 905 916 93 92 5500 5599 3232 3223
4776 5 2 0 5 5500 5599 3232 3223 5501 5600 3233 3224
4777 5 2 0 5 5501 5600 3233 3224 5502 5601 3234 3225
4778 5 2 0 5 5502 5601 3234 3225 5503 5602 3235 3226
4779 5 2 0 5 5503 5602 3235 3226 5504 5603 3236 3227
4780 5 2 0 5 5504 5603 3236 3227 5505 5604 3237 3228
4781 5 2 0 5 5505 5604 3237 3228 5506 5605 3238 3229
4782 5 2 0 5 5506 5605 3238 3229 5507 5606 3239 3230
4783 5 2 0 5 5507 5606 3239 3230 5508 5607 3240 3231
4784 5 2 0 5 5508 5607 3240 3231 1194 1205 161 160
4785 5 2 0 5 76 77 917 906 3079 3088 5608 5509
4786 5 2 0 5 3079 3088 5608 5509 3080 3089 5609 5510
4787 5 2 0 5 3080 3089 5609 5510 3081 3090 5610 5511
4788 5 2 0 5 3081 3090 5610 5511 3082 3091 5611 5512
4789 5 2 0 5 3082 3091 5611 5512 3083 3092 5612 5513
4790 5 2 0 5 3083 3092 5612 5513 3084 3093 5613 5514
4791 5 2 0 5 3084 3093 5613 5514 3085 3094 5614 5515
4792 5 2 0 5 3085 3094 5614 5515 3086 3095 5615 5516
4793 5 2 0 5 3086 3095 5615 5516 3087 3096 5616 5517
4794 5 2 0 5 3087 3096 5616 5517 144 145 1206 1195
4795 5 2 0 5 906 917 918 907 5509 5608 5617 5518
4796 5 2 0 5 5509 5608 5617 5518 5510 5609 5618 5519
4797 5 2 0 5 5510 5609 5618 5519 5511 5610 5619 5520
4798 5 2 0 5 5511 5610 5619 5520 5512 5611 5620 5521
4799 5 2 0 5 5512 5611 5620 5521 5513 5612 5621 5522
4800 5 2 0 5 5513 5612 5621 5522 5514 5613 5622 5523
4801 5 2 0 5 5514 5613 5622 5523 5515 5614 5623 5524
4802 5 2 0 5 5515 5614 5623 5524 5516 5615 5624 5525
4803 5 2 0 5 5516 5615 5624 5525 5517 5616 5625 5526
4804 5 2 0 5 5517 5616 5625 5526 1195 1206 1207 1196
4805 5 2 0 5 907 918 919 908 5518 5617 5626 5527
4806 5 2 0 5 5518 5617 5626 5527 5519 5618 5627 5528
4807 5 2 0 5 5519 5618 5627 5528 5520 5619 5628 5529
4808 5 2 0 5 5520 5619 5628 5529 5521 5620 5629 5530
4809 5 2 0 5 5521 5620 5629 5530 5522 5621 5630 5531
4810 5 2 0 5 5522 5621 5630 5531 5523 5622 5631 5532
4811 5 2 0 5 5523 5622 5631 5532 5524 5623 5632 5533
4812 5 2 0 5 5524 5623 5632 5533 5525 5624 5633 5534
4813 5 2 0 5 5525 5624 5633 5534 5526 5625 5634 5535
4814 5 2 0 5 5526 5625 5634 5535 1196 1207 1208 1197
4815 5 2 0 5 908 919 920 909 5527 5626 5635 5536
4816 5 2 0 5 5527 5626 5635 5536 5528 5627 5636 5537
4817 5 2 0 5 5528 5627 5636 5537 5529 5628 5637 5538
4818 5 2 0 5 5529 5628 5637 5538 5530 5629 5638 5539
4819 5 2 0 5 5530 5629 5638 5539 5531 5630 5639 5540
4820 5 2 0 5 5531 5630 5639 5540 5532 5631 5640 5541
4821 5 2 0 5 5532 5631 5640 5541 5533 5632 5641 5542
4822 5 2 0 5 5533 5632 5641 5542 5534 5633 5642 5543
4823 5 2 0 5 5534 5633 5642 5543 5535 5634 5643 5544
4824 5 2 0 5 5535 5634 5643 5544 1197 1208 1209 1198
4825 5 2 0 5 909 920 921 910 5536 5635 5644 5545
4826 5 2 0 5 5536 5635 5644 5545 5537 5636 5645 5546
4827 5 2 0 5 5537 5636 5645 5546 5538 5637 5646 5547
4828 5 2 0 5 5538 5637 5646 5547 5539 5638 5647 5548
4829 5 2 0 5 5539 5638 5647 5548 5540 5639 5648 5549
4830 5 2 0 5 5540 5639 5648 5549 5541 5640 5649 5550
4831 5 2 0 5 5541 5640 5649 5550 5542 5641 5650 5551
4832 5 2 0 5 5542 5641 5650 5551 5543 5642 5651 5552
4833 5 2 0 5 5543 5642 5651 5552 5544 5643 5652 5553
4834 5 2 0 5 5544 5643 5652 5553 1198 1209 1210 1199
4835 5 2 0 5 910 921 922 911 5545 5644 5653 5554
4836 5 2 0 5 5545 5644 5653 5554 5546 5645 5654 5555
4837 5 2 0 5 5546 5645 5654 5555 5547 5646 5655 5556
4838 5 2 0 5 5547 5646 5655 5556 5548 5647 5656 5557
4839 5 2 0 5 5548 5647 5656 5557 5549 5648 5657 5558
4840 5 2 0 5 5549 5648 5657 5558 5550 5649 5658 5559
4841 5 2 0 5 5550 5649 5658 5559 5551 5650 5659 5560
4842 5 2 0 5 5551 5650 5659 5560 5552 5651 5660 5561
4843 5 2 0 5 5552 5651 5660 5561 5553 5652 5661 5562
4844 5 2 0 5 5553 5652 5661 5562 1199 1210 1211 1200
4845 5 2 0 5 911 922 923 912 5554 5653 5662 5563
4846 5 2 0 5 5554 5653 5662 5563 5555 5654 5663 5564
4847 5 2 0 5 5555 5654 5663 5564 5556 5655 5664 5565
4848 5 2 0 5 5556 5655 5664 5565 5557 5656 5665 5566
4849 5 2 0 5 5557 5656 5665 5566 5558 5657 5666 5567
4850 5 2 0 5 5558 5657 5666 5567 5559 5658 5667 5568
4851 5 2 0 5 5559 5658 5667 5568 5560 5659 5668 5569
4852 5 2 0 5 5560 5659 5668 5569 5561 5660 5669 5570
4853 5 2 0 5 5561 5660 5669 5570 5562 5661 5670 5571
4854 5 2 0 5 5562 5661 5670 5571 1200 1211 1212 1201
4855 5 2 0 5 912 923 924 913 5563 5662 5671 5572
4856 5 2 0 5 5563 5662 5671 5572 5564 5663 5672 5573
4857 5 2 0 5 5564 5663 5672 5573 5565 5664 5673 5574
4858 5 2 0 5 5565 5664 5673 5574 5566 5665 5674 5575
4859 5 2 0 5 5566 5665 5674 5575 5567 5666 5675 5576
4860 5 2 0 5 5567 5666 5675 5576 5568 5667 5676 5577
4861 5 2 0 5 5568 5667 5676 5577 5569 5668 5677 5578
4862 5 2 0 5 5569 5668 5677 5578 5570 5669 5678 5579
4863 5 2 0 5 5570 5669 5678 5579 5571 5670 5679 5580
4864 5 2 0 5 5571 5670 5679 5580 1201 1212 1213 1202
4865 5 2 0 5 913 924 925 914 5572 5671 5680 5581
4866 5 2 0 5 5572 5671 5680 5581 5573 5672 5681 5582
4867 5 2 0 5 5573 5672 5681 5582 5574 5673 5682 5583
4868 5 2 0 5 5574 5673 5682 5583 5575 5674 5683 5584
4869 5 2 0 5 5575 5674 5683 5584 5576 5675 5684 5585
4870 5 2 0 5 5576 5675 5684 5585 5577 5676 5685 5586
4871 5 2 0 5 5577 5676 5685 5586 5578 5677 5686 5587
4872 5 2 0 5 5578 5677 5686 5587 5579 5678 5687 5588
4873 5 2 0 5 5579 5678 5687 5588 5580 5679 5688 5589
4874 5 2 0 5 5580 5679 5688 5589 1202 1213 1214 1203
4875 5 2 0 5 914 925 926 915 5581 5680 5689 5590
4876 5 2 0 5 5581 5680 5689 5590 5582 5681 5690 5591
4877 5 2 0 5 5582 5681 5690 5591 5583 5682 5691 5592
4878 5 2 0 5 5583 5682 5691 5592 5584 5683 5692 5593
4879 5 2 0 5 5584 5683 5692 5593 5585 5684 5693 5594
4880 5 2 0 5 5585 5684 5693 5594 5586 5685 5694 5595
4881 5 2 0 5 5586 5685 5694 5595 5587 5686 5695 5596
4882 5 2 0 5 5587 5686 5695 5596 5588 5687 5696 5597
4883 5 2 0 5 5588 5687 5696 5597 5589 5688 5697 5598
4884 5 2 0 5 5589 5688 5697 5598 1203 1214 1215 1204
4885 5 2 0 5 915 926 927 916 5590 5689 5698 5599
4886 5 2 0 5 5590 5689 5698 5599 5591 5690 5699 5600
4887 5 2 0 5 5591 5690 5699 5600 5592 5691 5700 5601
4888 5 2 0 5 5592 5691 5700 5601 5593 5692 5701 5602
4889 5 2 0 5 5593 5692 5701 5602 5594 5693 5702 5603
4890 5 2 0 5 5594 5693 5702 5603 5595 5694 5703 5604
4891 5 2 0 5 5595 5694 5703 5604 5596 5695 5704 5605
4892 5 2 0 5 5596 5695 5704 5605 5597 5696 5705 5606
4893 5 2 0 5 5597 5696 5705 5606 5598 5697 5706 5607
4894 5 2 0 5 5598 5697 5706 5607 1204 1215 1216 1205
4895 5 2 0 5 916 927 94 93 5599 5698 3241 3232
4896 5 2 0 5 5599 5698 3241 3232 5600 5699 3242 3233
4897 5 2 0 5 5600 5699 3242 3233 5601 5700 3243 3234
4898 5 2 0 5 5601 5700 3243 3234 5602 5701 3244 3235
4899 5 2 0 5 5602 5701 3244 3235 5603 5702 3245 3236
4900 5 2 0 5 5603 5702 3245 3236 5604 5703 3246 3237
4901 5 2 0 5 5604 5703 3246 3237 5605 5704 3247 3238
4902 5 2 0 5 5605 5704 3247 3238 5606 5705 3248 3239
4903 5 2 0 5 5606 5705 3248 3239 5607 5706 3249 3240
4904 5 2 0 5 5607 5706 3249 3240 1205 1216 162 161
4905 5 2 0 5 77 78 928 917 3088 3097 5707 5608
4906 5 2 0 5 3088 3097 5707 5608 3089 3098 5708 5609
4907 5 2 0 5 3089 3098 5708 5609 3090 3099 5709 5610
4908 5 2 0 5 3090 3099 5709 5610 3091 3100 5710 5611
4909 5 2 0 5 3091 3100 5710 5611 3092 3101 5711 5612
4910 5 2 0 5 3092 3101 5711 5612 3093 3102 5712 5613
4911 5 2 0 5 3093 3102 5712 5613 3094 3103 5713 5614
4912 5 2 0 5 3094 3103 5713 5614 3095 3104 5714 5615
4913 5 2 0 5 3095 3104 5714 5615 3096 3105 5715 5616
4914 5 2 0 5 3096 3105 5715 5616 145 146 1217 1206
4915 5 2 0 5 917 928 929 918 5608 5707 5716 5617
4916 5 2 0 5 5608 5707 5716 5617 5609 5708 5717 5618
4917 5 2 0 5 5609 5708 5717 5618 5610 5709 5718 5619
4918 5 2 0 5 5610 5709 5718 5619 5611 5710 5719 5620
4919 5 2 0 5 5611 5710 5719 5620 5612 5711 5720 5621
4920 5 2 0 5 5612 5711 5720 5621 5613 5712 5721 5622
4921 5 2 0 5 5613 5712 5721 5622 5614 5713 5722 5623
4922 5 2 0 5 5614 5713 5722 5623 5615 5714 5723 5624
4923 5 2 0 5 5615 5714 5723 5624 5616 5715 5724 5625
4924 5 2 0 5 5616 5715 5724 5625 1206 1217 1218 1207
4925 5 2 0 5 918 929 930 919 5617 5716 5725 5626
4926 5 2 0 5 5617 5716 5725 5626 5618 5717 5726 5627
4927 5 2 0 5 5618 5717 5726 5627 5619 5718 5727 5628
4928 5 2 0 5 5619 5718 5727 5628 5620 5719 5728 5629
4929 5 2 0 5 5620 5719 5728 5629 5621 5720 5729 5630
4930 5 2 0 5 5621 5720 5729 5630 5622 5721 5730 5631
4931 5 2 0 5 5622 5721 5730 5631 5623 5722 5731 5632
4932 5 2 0 5 5623 5722 5731 5632 5624 5723 5732 5633
4933 5 2 0 5 5624 5723 5732 5633 5625 5724 5733 5634
4934 5 2 0 5 5625 5724 5733 5634 1207 1218 1219 1208
4935 5 2 0 5 919 930 931 920 5626 5725 5734 5635
4936 5 2 0 5 5626 5725 5734 5635 5627 5726 5735 5636
4937 5 2 0 5 5627 5726 5735 5636 5628 5727 5736 5637
4938 5 2 0 5 5628 5727 5736 5637 5629 5728 5737 5638
4939 5 2 0 5 5629 5728 5737 5638 5630 5729 5738 5639
4940 5 2 0 5 5630 5729 5738 5639 5631 5730 5739 5640
4941 5 2 0 5 5631 5730 5739 5640 5632 5731 5740 5641
4942 5 2 0 5 5632 5731 5740 5641 5633 5732 5741 5642
4943 5 2 0 5 5633 5732 5741 5642 5634 5733 5742 5643
4944 5 2 0 5 5634 5733 5742 5643 1208 1219 1220 1209
4945 5 2 0 5 920 931 932 921 5635 5734 5743 5644
4946 5 2 0 5 5635 5734 5743 5644 5636 5735 5744 5645
4947 5 2 0 5 5636 5735 5744 5645 5637 5736 5745 5646
4948 5 2 0 5 5637 5736 5745 5646 5638 5737 5746 5647
4949 5 2 0 5 5638 5737 5746 5647 5639 5738 5747 5648
4950 5 2 0 5 5639 5738 5747 5648 5640 5739 5748 5649
4951 5 2 0 5 5640 5739 5748 5649 5641 5740 5749 5650
4952 5 2 0 5 5641 5740 5749 5650 5642 5741 5750 5651
4953 5 2 0 5 5642 5741 5750 5651 5643 5742 5751 5652
4954 5 2 0 5 5643 5742 5751 5652 1209 1220 1221 1210
4955 5 2 0 5 921 932 933 922 5644 5743 5752 5653
4956 5 2 0 5 5644 5743 5752 5653 5645 5744 5753 5654
4957 5 2 0 5 5645 5744 5753 5654 5646 5745 5754 5655
4958 5 2 0 5 5646 5745 5754 5655 5647 5746 5755 5656
4959 5 2 0 5 5647 5746 5755 5656 5648 5747 5756 5657
4960 5 2 0 5 5648 5747 5756 5657 5649 5748 5757 5658
4961 5 2 0 5 5649 5748 5757 5658 5650 5749 5758 5659
4962 5 2 0 5 5650 5749 5758 5659 5651 5750 5759 5660
4963 5 2 0 5 5651 5750 5759 5660 5652 5751 5760 5661
4964 5 2 0 5 5652 5751 5760 5661 1210 1221 1222 1211
4965 5 2 0 5 922 933 934 923 5653 5752 5761 5662
4966 5 2 0 5 5653 5752 5761 5662 5654 5753 5762 5663
4967 5 2 0 5 5654 5753 5762 5663 5655 5754 5763 5664
4968 5 2 0 5 5655 5754 5763 5664 5656 5755 5764 5665
4969 5 2 0 5 5656 5755 5764 5665 5657 5756 5765 5666
4970 5 2 0 5 5657 5756 5765 5666 5658 5757 5766 5667
4971 5 2 0 5 5658 5757 5766 5667 5659 5758 5767 5668
4972 5 2 0 5 5659 5758 5767 5668 5660 5759 5768 5669
4973 5 2 0 5 5660 5759 5768 5669 5661 5760 5769 5670
4974 5 2 0 5 5661 5760 5769 5670 1211 1222 1223 1212
4975 5 2 0 5 923 934 935 924 5662 5761 5770 5671
4976 5 2 0 5 5662 5761 5770 5671 5663 5762 5771 5672
4977 5 2 0 5 5663 5762 5771 5672 5664 5763 5772 5673
4978 5 2 0 5 5664 5763 5772 5673 5665 5764 5773 5674
4979 5 2 0 5 5665 5764 5773 5674 5666 5765 5774 5675
4980 5 2 0 5 5666 5765 5774 5675 5667 5766 5775 5676
4981 5 2 0 5 5667 5766 5775 5676 5668 5767 5776 5677
4982 5 2 0 5 5668 5767 5776 5677 5669 5768 5777 5678
4983 5 2 0 5 5669 5768 5777 5678 5670 5769 5778 5679
4984 5 2 0 5 5670 5769 5778 5679 1212 1223 1224 1213
4985 5 2 0 5 924 935 936 925 5671 5770 5779 5680
4986 5 2 0 5 5671 5770 5779 5680 5672 5771 5780 5681
4987 5 2 0 5 5672 5771 5780 5681 5673 5772 5781 5682
4988 5 2 0 5 5673 5772 5781 5682 5674 5773 5782 5683
4989 5 2 0 5 5674 5773 5782 5683 5675 5774 5783 5684
4990 5 2 0 5 5675 5774 5783 5684 5676 5775 5784 5685
4991 5 2 0 5 5676 5775 5784 5685 5677 5776 5785 5686
4992 5 2 0 5 5677 5776 5785 5686 5678 5777 5786 5687
4993 5 2 0 5 5678 5777 5786 5687 5679 5778 5787 5688
4994 5 2 0 5 5679 5778 5787 5688 1213 1224 1225 1214
4995 5 2 0 5 925 936 937 926 5680 5779 5788 5689
4996 5 2 0 5 5680 5779 5788 5689 5681 5780 5789 5690
4997 5 2 0 5 5681 5780 5789 5690 5682 5781 5790 5691
4998 5 2 0 5 5682 5781 5790 5691 5683 5782 5791 5692
4999 5 2 0 5 5683 5782 5791 5692 5684 5783 5792 5693
5000 5 2 0 5 5684 5783 5792 5693 5685 5784 5793 5694
5001 5 2 0 5 5685 5784 5793 5694 5686 5785 5794 5695
5002 5 2 0 5 5686 5785 5794 5695 5687 5786 5795 5696
5003 5 2 0 5 5687 5786 5795 5696 5688 5787 5796 5697
5004 5 2 0 5 5688 5787 5796 5697 1214 1225 1226 1215
5005 5 2 0 5 926 937 938 927 5689 5788 5797 5698
5006 5 2 0 5 5689 5788 5797 5698 5690 5789 5798 5699
5007 5 2 0 5 5690 5789 5798 5699 5691 5790 5799 5700
5008 5 2 0 5 5691 5790 5799 5700 5692 5791 5800 5701
5009 5 2 0 5 5692 5791 5800 5701 5693 5792 5801 5702
5010 5 2 0 5 5693 5792 5801 5702 5694 5793 5802 5703
5011 5 2 0 5 5694 5793 5802 5703 5695 5794 5803 5704
5012 5 2 0 5 5695 5794 5803 5704 5696 5795 5804 5705
5013 5 2 0 5 5696 5795 5804 5705 5697 5796 5805 5706
5014 5 2 0 5 5697 5796 5805 5706 1215 1226 1227 1216
5015 5 2 0 5 927 938 95 94 5698 5797 3250 3241
5016 5 2 0 5 5698 5797 3250 3241 5699 5798 3251 3242
5017 5 2 0 5 5699 5798 3251 3242 5700 5799 3252 3243
5018 5 2 0 5 5700 5799 3252 3243 5701 5800 3253 3244
5019 5 2 0 5 5701 5800 3253 3244 5702 5801 3254 3245
5020 5 2 0 5 5702 5801 3254 3245 5703 5802 3255 3246
5021 5 2 0 5 5703 5802 3255 3246 5704 5803 3256 3247
5022 5 2 0 5 5704 5803 3256 3247 5705 5804 3257 3248
5023 5 2 0 5 5705 5804 3257 3248 5706 5805 3258 3249
5024 5 2 0 5 5706 5805 3258 3249 1216 1227 163 162
5025 5 2 0 5 78 79 939 928 3097 3106 5806 5707
5026 5 2 0 5 3097 3106 5806 5707 3098 3107 5807 5708
5027 5 2 0 5 3098 3107 5807 5708 3099 3108 5808 5709
5028 5 2 0 5 3099 3108 5808 5709 3100 3109 5809 5710
5029 5 2 0 5 3100 3109 5809 5710 3101 3110 5810 5711
5030 5 2 0 5 3101 3110 5810 5711 3102 3111 5811 5712
5031 5 2 0 5 3102 3111 5811 5712 3103 3112 5812 5713
5032 5 2 0 5 3103 3112 5812 5713 3104 3113 5813 5714
5033 5 2 0 5 3104 3113 5813 5714 3105 3114 5814 5715
5034 5 2 0 5 3105 3114 5814 5715 146 147 1228 1217
5035 5 2 0 5 928 939 940 929 5707 5806 5815 5716
5036 5 2 0 5 5707 5806 5815 5716 5708 5807 5816 5717
5037 5 2 0 5 5708 5807 5816 5717 5709 5808 5817 5718
5038 5 2 0 5 5709 5808 5817 5718 5710 5809 5818 5719
5039 5 2 0 5 5710 5809 5818 5719 5711 5810 5819 5720
5040 5 2 0 5 5711 5810 5819 5720 5712 5811 5820 5721
5041 5 2 0 5 5712 5811 5820 5721 5713 5812 5821 5722
5042 5 2 0 5 5713 5812 5821 5722 5714 5813 5822 5723
5043 5 2 0 5 5714 5813 5822 5723 5715 5814 5823 5724
5044 5 2 0 5 5715 5814 5823 5724 1217 1228 1229 1218
5045 5 2 0 5 929 940 941 930 5716 5815 5824 5725
5046 5 2 0 5 5716 5815 5824 5725 5717 5816 5825 5726
5047 5 2 0 5 5717 5816 5825 5726 5718 5817 5826 5727
5048 5 2 0 5 5718 5817 5826 5727 5719 5818 5827 5728
5049 5 2 0 5 5719 5818 5827 5728 5720 5819 5828 5729
5050 5 2 0 5 5720 5819 5828 5729 5721 5820 5829 5730
5051 5 2 0 5 5721 5820 5829 5730 5722 5821 5830 5731
5052 5 2 0 5 5722 5821 5830 5731 5723 5822 5831 5732
5053 5 2 0 5 5723 5822 5831 5732 5724 5823 5832 5733
5054 5 2 0 5 5724 5823 5832 5733 1218 1229 1230 1219
5055 5 2 0 5 930 941 942 931 5725 5824 5833 5734
5056 5 2 0 5 5725 5824 5833 5734 5726 5825 5834 5735
5057 5 2 0 5 5726 5825 5834 5735 5727 5826 5835 5736
5058 5 2 0 5 5727 5826 5835 5736 5728 5827 5836 5737
5059 5 2 0 5 5728 5827 5836 5737 5729 5828 5837 5738
5060 5 2 0 5 5729 5828 5837 5738 5730 5829 5838 5739
5061 5 2 0 5 5730 5829 5838 5739 5731 5830 5839 5740
5062 5 2 0 5 5731 5830 5839 5740 5732 5831 5840 5741
5063 5 2 0 5 5732 5831 5840 5741 5733 5832 5841 5742
5064 5 2 0 5 5733 5832 5841 5742 1219 1230 1231 1220
5065 5 2 0 5 931 942 943 932 5734 5833 5842 5743
5066 5 2 0 5 5734 5833 5842 5743 5735 5834 5843 5744
5067 5 2 0 5 5735 5834 5843 5744 5736 5835 5844 5745
5068 5 2 0 5 5736 5835 5844 5745 5737 5836 5845 5746
5069 5 2 0 5 5737 5836 5845 5746 5738 5837 5846 5747
5070 5 2 0 5 5738 5837 5846 5747 5739 5838 5847 5748
5071 5 2 0 5 5739 5838 5847 5748 5740 5839 5848 5749
5072 5 2 0 5 5740 5839 5848 5749 5741 5840 5849 5750
5073 5 2 0 5 5741 5840 5849 5750 5742 5841 5850 5751
5074 5 2 0 5 5742 5841 5850 5751 1220 1231 1232 1221
5075 5 2 0 5 932 943 944 933 5743 5842 5851 5752
5076 5 2 0 5 5743 5842 5851 5752 5744 5843 5852 5753
5077 5 2 0 5 5744 5843 5852 5753 5745 5844 5853 5754
5078 5 2 0 5 5745 5844 5853 5754 5746 5845 5854 5755
5079 5 2 0 5 5746 5845 5854 5755 5747 5846 5855 5756
5080 5 2 0 5 5747 5846 5855 5756 5748 5847 5856 5757
5081 5 2 0 5 5748 5847 5856 5757 5749 5848 5857 5758
5082 5 2 0 5 5749 5848 5857 5758 5750 5849 5858 5759
5083 5 2 0 5 5750 5849 5858 5759 5751 5850 5859 5760
5084 5 2 0 5 5751 5850 5859 5760 1221 1232 1233 1222
5085 5 2 0 5 933 944 945 934 5752 5851 5860 5761
5086 5 2 0 5 5752 5851 5860 5761 5753 5852 5861 5762
5087 5 2 0 5 5753 5852 5861 5762 5754 5853 5862 5763
5088 5 2 0 5 5754 5853 5862 5763 5755 5854 5863 5764
5089 5 2 0 5 5755 5854 5863 5764 5756 5855 5864 5765
5090 5 2 0 5 5756 5855 5864 5765 5757 5856 5865 5766
5091 5 2 0 5 5757 5856 5865 5766 5758 5857 5866 5767
5092 5 2 0 5 5758 5857 5866 5767 5759 5858 5867 5768
5093 5 2 0 5 5759 5858 5867 5768 5760 5859 5868 5769
5094 5 2 0 5 5760 5859 5868 5769 1222 1233 1234 1223
5095 5 2 0 5 934 945 946 935 5761 5860 5869 5770
5096 5 2 0 5 5761 5860 5869 5770 5762 5861 5870 5771
5097 5 2 0 5 5762 5861 5870 5771 5763 5862 5871 5772
5098 5 2 0 5 5763 5862 5871 5772 5764 5863 5872 5773
5099 5 2 0 5 5764 5863 5872 5773 5765 5864 5873 5774
5100 5 2 0 5 5765 5864 5873 5774 5766 5865 5874 5775
5101 5 2 0 5 5766 5865 5874 5775 5767 5866 5875 5776
5102 5 2 0 5 5767 5866 5875 5776 5768 5867 5876 5777
5103 5 2 0 5 5768 5867 5876 5777 5769 5868 5877 5778
5104 5 2 0 5 5769 5868 5877 5778 1223 1234 1235 1224
5105 5 2 0 5 935 946 947 936 5770 5869 5878 5779
5106 5 2 0 5 5770 5869 5878 5779 5771 5870 5879 5780
5107 5 2 0 5 5771 5870 5879 5780 5772 5871 5880 5781
5108 5 2 0 5 5772 5871 5880 5781 5773 5872 5881 5782
5109 5 2 0 5 5773 5872 5881 5782 5774 5873 5882 5783
5110 5 2 0 5 5774 5873 5882 5783 5775 5874 5883 5784
5111 5 2 0 5 5775 5874 5883 5784 5776 5875 5884 5785
5112 5 2 0 5 5776 5875 5884 5785 5777 5876 5885 5786
5113 5 2 0 5 5777 5876 5885 5786 5778 5877 5886 5787
5114 5 2 0 5 5778 5877 5886 5787 1224 1235 1236 1225
5115 5 2 0 5 936 947 948 937 5779 5878 5887 5788
5116 5 2 0 5 5779 5878 5887 5788 5780 5879 5888 5789
5117 5 2 0 5 5780 5879 5888 5789 5781 5880 5889 5790
5118 5 2 0 5 5781 5880 5889 5790 5782 5881 5890 5791
5119 5 2 0 5 5782 5881 5890 5791 5783 5882 5891 5792
5120 5 2 0 5 5783 5882 5891 5792 5784 5883 5892 5793
5121 5 2 0 5 5784 5883 5892 5793 5785 5884 5893 5794
5122 5 2 0 5 5785 5884 5893 5794 5786 5885 5894 5795
5123 5 2 0 5 5786 5885 5894 5795 5787 5886 5895 5796
5124 5 2 0 5 5787 5886 5895 5796 1225 1236 1237 1226
5125 5 2 0 5 937 948 949 938 5788 5887 5896 5797
5126 5 2 0 5 5788 5887 5896 5797 5789 5888 5897 5798
5127 5 2 0 5 5789 5888 5897 5798 5790 5889 5898 5799
5128 5 2 0 5 5790 5889 5898 5799 5791 5890 5899 5800
5129 5 2 0 5 5791 5890 5899 5800 5792 5891 5900 5801
5130 5 2 0 5 5792 5891 5900 5801 5793 5892 5901 5802
5131 5 2 0 5 5793 5892 5901 5802 5794 5893 5902 5803
5132 5 2 0 5 5794 5893 5902 5803 5795 5894 5903 5804
5133 5 2 0 5 5795 5894 5903 5804 5796 5895 5904 5805
5134 5 2 0 5 5796 5895 5904 5805 1226 1237 1238 1227
5135 5 2 0 5 938 949 96 95 5797 5896 3259 3250
5136 5 2 0 5 5797 5896 3259 3250 5798 5897 3260 3251
5137 5 2 0 5 5798 5897 3260 3251 5799 5898 3261 3252
5138 5 2 0 5 5799 5898 3261 3252 5800 5899 3262 3253
5139 5 2 0 5 5800 5899 3262 3253 5801 5900 3263 3254
5140 5 2 0 5 5801 5900 3263 3254 5802 5901 3264 3255
5141 5 2 0 5 5802 5901 3264 3255 5803 5902 3265 3256
5142 5 2 0 5 5803 5902 3265 3256 5804 5903 3266 3257
5143 5 2 0 5 5804 5903 3266 3257 5805 5904 3267 3258
5144 5 2 0 5 5805 5904 3267 3258 1227 1238 164 163
5145 5 2 0 5 79 7 287 939 3106 511 1918 5806
5146 5 2 0 5 3106 511 1918 5806 3107 512 1919 5807
5147 5 2 0 5 3107 512 1919 5807 3108 513 1920 5808
5148 5 2 0 5 3108 513 1920 5808 3109 514 1921 5809
5149 5 2 0 5 3109 514 1921 5809 3110 515 1922 5810
5150 5 2 0 5 3110 515 1922 5810 3111 516 1923 5811
5151 5 2 0 5 3111 516 1923 5811 3112 517 1924 5812
5152 5 2 0 5 3112 517 1924 5812 3113 518 1925 5813
5153 5 2 0 5 3113 518 1925 5813 3114 519 1926 5814
5154 5 2 0 5 3114 519 1926 5814 147 23 355 1228
5155 5 2 0 5 939 287 288 940 5806 1918 1927 5815
5156 5 2 0 5 5806 1918 1927 5815 5807 1919 1928 5816
5157 5 2 0 5 5807 1919 1928 5816 5808 1920 1929 5817
5158 5 2 0 5 5808 1920 1929 5817 5809 1921 1930 5818
5159 5 2 0 5 5809 1921 1930 5818 5810 1922 1931 5819
5160 5 2 0 5 5810 1922 1931 5819 5811 1923 1932 5820
5161 5 2 0 5 5811 1923 1932 5820 5812 1924 1933 5821
5162 5 2 0 5 5812 1924 1933 5821 5813 1925 1934 5822
5163 5 2 0 5 5813 1925 1934 5822 5814 1926 1935 5823
5164 5 2 0 5 5814 1926 1935 5823 1228 355 356 1229
5165 5 2 0 5 940 288 289 941 5815 1927 1936 5824
5166 5 2 0 5 5815 1927 1936 5824 5816 1928 1937 5825
5167 5 2 0 5 5816 1928 1937 5825 5817 1929 1938 5826
5168 5 2 0 5 5817 1929 1938 5826 5818 1930 1939 5827
5169 5 2 0 5 5818 1930 1939 5827 5819 1931 1940 5828
5170 5 2 0 5 5819 1931 1940 5828 5820 1932 1941 5829
5171 5 2 0 5 5820 1932 1941 5829 5821 1933 1942 5830
5172 5 2 0 5 5821 1933 1942 5830 5822 1934 1943 5831
5173 5 2 0 5 5822 1934 1943 5831 5823 1935 1944 5832
5174 5 2 0 5 5823 1935 1944 5832 1229 356 357 1230
5175 5 2 0 5 941 289 290 942 5824 1936 1945 5833
5176 5 2 0 5 5824 1936 1945 5833 5825 1937 1946 5834
5177 5 2 0 5 5825 1937 1946 5834 5826 1938 1947 5835
5178 5 2 0 5 5826 1938 1947 5835 5827 1939 1948 5836
5179 5 2 0 5 5827 1939 1948 5836 5828 1940 1949 5837
5180 5 2 0 5 5828 1940 1949 5837 5829 1941 1950 5838
5181 5 2 0 5 5829 1941 1950 5838 5830 1942 1951 5839
5182 5 2 0 5 5830 1942 1951 5839 5831 1943 1952 5840
5183 5 2 0 5 5831 1943 1952 5840 5832 1944 1953 5841
5184 5 2 0 5 5832 1944 1953 5841 1230 357 358 1231
5185 5 2 0 5 942 290 291 943 5833 1945 1954 5842
5186 5 2 0 5 5833 1945 1954 5842 5834 1946 1955 5843
5187 5 2 0 5 5834 1946 1955 5843 5835 1947 1956 5844
5188 5 2 0 5 5835 1947 1956 5844 5836 1948 1957 5845
5189 5 2 0 5 5836 1948 1957 5845 5837 1949 1958 5846
5190 5 2 0 5 5837 1949 1958 5846 5838 1950 1959 5847
5191 5 2 0 5 5838 1950 1959 5847 5839 1951 1960 5848
5192 5 2 0 5 5839 1951 1960 5848 5840 1952 1961 5849
5193 5 2 0 5 5840 1952 1961 5849 5841 1953 1962 5850
5194 5 2 0 5 5841 1953 1962 5850 1231 358 359 1232
5195 5 2 0 5 943 291 292 944 5842 1954 1963 5851
5196 5 2 0 5 5842 1954 1963 5851 5843 1955 1964 5852
5197 5 2 0 5 5843 1955 1964 5852 5844 1956 1965 5853
5198 5 2 0 5 5844 1956 1965 5853 5845 1957 1966 5854
5199 5 2 0 5 5845 1957 1966 5854 5846 1958 1967 5855
5200 5 2 0 5 5846 1958 1967 5855 5847 1959 1968 5856
5201 5 2 0 5 5847 1959 1968 5856 5848 1960 1969 5857
5202 5 2 0 5 5848 1960 1969 5857 5849 1961 1970 5858
5203 5 2 0 5 5849 1961 1970 5858 5850 1962 1971 5859
5204 5 2 0 5 5850 1962 1971 5859 1232 359 360 1233
5205 5 2 0 5 944 292 293 945 5851 1963 1972 5860
5206 5 2 0 5 5851 1963 1972 5860 5852 1964 1973 5861
5207 5 2 0 5 5852 1964 1973 5861 5853 1965 1974 5862
5208 5 2 0 5 5853 1965 1974 5862 5854 1966 1975 5863
5209 5 2 0 5 5854 1966 1975 5863 5855 1967 1976 5864
5210 5 2 0 5 5855 1967 1976 5864 5856 1968 1977 5865
5211 5 2 0 5 5856 1968 1977 5865 5857 1969 1978 5866
5212 5 2 0 5 5857 1969 1978 5866 5858 1970 1979 5867
5213 5 2 0 5 5858 1970 1979 5867 5859 1971 1980 5868
5214 5 2 0 5 5859 1971 1980 5868 1233 360 361 1234
5215 5 2 0 5 945 293 294 946 5860 1972 1981 5869
5216 5 2 0 5 5860 1972 1981 5869 5861 1973 1982 5870
5217 5 2 0 5 5861 1973 1982 5870 5862 1974 1983 5871
5218 5 2 0 5 5862 1974 1983 5871 5863 1975 1984 5872
5219 5 2 0 5 5863 1975 1984 5872 5864 1976 1985 5873
5220 5 2 0 5 5864 1976 1985 5873 5865 1977 1986 5874
5221 5 2 0 5 5865 1977 1986 5874 5866 1978 1987 5875
5222 5 2 0 5 5866 1978 1987 5875 5867 1979 1988 5876
5223 5 2 0 5 5867 1979 1988 5876 5868 1980 1989 5877
5224 5 2 0 5 5868 1980 1989 5877 1234 361 362 1235
5225 5 2 0 5 946 294 295 947 5869 1981 1990 5878
5226 5 2 0 5 5869 1981 1990 5878 5870 1982 1991 5879
5227 5 2 0 5 5870 1982 1991 5879 5871 1983 1992 5880
5228 5 2 0 5 5871 1983 1992 5880 5872 1984 1993 5881
5229 5 2 0 5 5872 1984 1993 5881 5873 1985 1994 5882
5230 5 2 0 5 5873 1985 1994 5882 5874 1986 1995 5883
5231 5 2 0 5 5874 1986 1995 5883 5875 1987 1996 5884
5232 5 2 0 5 5875 1987 1996 5884 5876 1988 1997 5885
5233 5 2 0 5 5876 1988 1997 5885 5877 1989 1998 5886
5234 5 2 0 5 5877 1989 1998 5886 1235 362 363 1236
5235 5 2 0 5 947 295 296 948 5878 1990 1999 5887
5236 5 2 0 5 5878 1990 1999 5887 5879 1991 2000 5888
5237 5 2 0 5 5879 1991 2000 5888 5880 1992 2001 5889
5238 5 2 0 5 5880 1992 2001 5889 5881 1993 2002 5890
5239 5 2 0 5 5881 1993 2002 5890 5882 1994 2003 5891
5240 5 2 0 5 5882 1994 2003 5891 5883 1995 2004 5892
5241 5 2 0 5 5883 1995 2004 5892 5884 1996 2005 5893
5242 5 2 0 5 5884 1996 2005 5893 5885 1997 2006 5894
5243 5 2 0 5 5885 1997 2006 5894 5886 1998 2007 5895
5244 5 2 0 5 5886 1998 2007 5895 1236 363 364 1237
5245 5 2 0 5 948 296 297 949 5887 1999 2008 5896
5246 5 2 0 5 5887 1999 2008 5896 5888 2000 2009 5897
5247 5 2 0 5 5888 2000 2009 5897 5889 2001 2010 5898
5248 5 2 0 5 5889 2001 2010 5898 5890 2002 2011 5899
5249 5 2 0 5 5890 2002 2011 5899 5891 2003 2012 5900
5250 5 2 0 5 5891 2003 2012 5900 5892 2004 2013 5901
5251 5 2 0 5 5892 2004 2013 5901 5893 2005 2014 5902
5252 5 2 0 5 5893 2005 2014 5902 5894 2006 2015 5903
5253 5 2 0 5 5894 2006 2015 5903 5895 2007 2016 5904
5254 5 2 0 5 5895 2007 2016 5904 1237 364 365 1238
5255 5 2 0 5 949 297 11 96 5896 2008 547 3259
5256 5 2 0 5 5896 2008 547 3259 5897 2009 548 3260
5257 5 2 0 5 5897 2009 548 3260 5898 2010 549 3261
5258 5 2 0 5 5898 2010 549 3261 5899 2011 550 3262
5259 5 2 0 5 5899 2011 550 3262 5900 2012 551 3263
5260 5 2 0 5 5900 2012 551 3263 5901 2013 552 3264
5261 5 2 0 5 5901 2013 552 3264 5902 2014 553 3265
5262 5 2 0 5 5902 2014 553 3265 5903 2015 554 3266
5263 5 2 0 5 5903 2015 554 3266 5904 2016 555 3267
5264 5 2 0 5 5904 2016 555 3267 1238 365 27 164
5265 5 2 0 6 7 80 950 287 511 3115 5905 1918
5266 5 2 0 6 511 3115 5905 1918 512 3116 5906 1919
5267 5 2 0 6 512 3116 5906 1919 513 3117 5907 1920
5268 5 2 0 6 513 3117 5907 1920 514 3118 5908 1921
5269 5 2 0 6 514 3118 5908 1921 515 3119 5909 1922
5270 5 2 0 6 515 3119 5909 1922 516 3120 5910 1923
5271 5 2 0 6 516 3120 5910 1923 517 3121 5911 1924
5272 5 2 0 6 517 3121 5911 1924 518 3122 5912 1925
5273 5 2 0 6 518 3122 5912 1925 519 3123 5913 1926
5274 5 2 0 6 519 3123 5913 1926 23 148 1239 355
5275 5 2 0 6 287 950 951 288 1918 5905 5914 1927
5276 5 2 0 6 1918 5905 5914 1927 1919 5906 5915 1928
5277 5 2 0 6 1919 5906 5915 1928 1920 5907 5916 1929
5278 5 2 0 6 1920 5907 5916 1929 1921 5908 5917 1930
5279 5 2 0 6 1921 5908 5917 1930 1922 5909 5918 1931
5280 5 2 0 6 1922 5909 5918 1931 1923 5910 5919 1932
5281 5 2 0 6 1923 5910 5919 1932 1924 5911 5920 1933
5282 5 2 0 6 1924 5911 5920 1933 1925 5912 5921 1934
5283 5 2 0 6 1925 5912 5921 1934 1926 5913 5922 1935
5284 5 2 0 6 1926 5913 5922 1935 355 1239 1240 356
5285 5 2 0 6 288 951 952 289 1927 5914 5923 1936
5286 5 2 0 6 1927 5914 5923 1936 1928 5915 5924 1937
5287 5 2 0 6 1928 5915 5924 1937 1929 5916 5925 1938
5288 5 2 0 6 1929 5916 5925 1938 1930 5917 5926 1939
5289 5 2 0 6 1930 5917 5926 1939 1931 5918 5927 1940
5290 5 2 0 6 1931 5918 5927 1940 1932 5919 5928 1941
5291 5 2 0 6 1932 5919 5928 1941 1933 5920 5929 1942
5292 5 2 0 6 1933 5920 5929 1942 1934 5921 5930 1943
5293 5 2 0 6 1934 5921 5930 1943 1935 5922 5931 1944
5294 5 2 0 6 1935 5922 5931 1944 356 1240 1241 357
5295 5 2 0 6 289 952 953 290 1936 5923 5932 1945
5296 5 2 0 6 1936 5923 5932 1945 1937 5924 5933 1946
5297 5 2 0 6 1937 5924 5933 1946 1938 5925 5934 1947
5298 5 2 0 6 1938 5925 5934 1947 1939 5926 5935 1948
5299 5 2 0 6 1939 5926 5935 1948 1940 5927 5936 1949
5300 5 2 0 6 1940 5927 5936 1949 1941 5928 5937 1950
5301 5 2 0 6 1941 5928 5937 1950 1942 5929 5938 1951
5302 5 2 0 6 1942 5929 5938 1951 1943 5930 5939 1952
5303 5 2 0 6 1943 5930 5939 1952 1944 5931 5940 1953
5304 5 2 0 6 1944 5931 5940 1953 357 1241 1242 358
5305 5 2 0 6 290 953 954 291 1945 5932 5941 1954
5306 5 2 0 6 1945 5932 5941 1954 1946 5933 5942 1955
5307 5 2 0 6 1946 5933 5942 1955 1947 5934 5943 1956
5308 5 2 0 6 1947 5934 5943 1956 1948 5935 5944 1957
5309 5 2 0 6 1948 5935 5944 1957 1949 5936 5945 1958
5310 5 2 0 6 1949 5936 5945 1958 1950 5937 5946 1959
5311 5 2 0 6 1950 5937 5946 1959 1951 5938 5947 1960
5312 5 2 0 6 1951 5938 5947 1960 1952 5939 5948 1961
5313 5 2 0 6 1952 5939 5948 1961 1953 5940 5949 1962
5314 5 2 0 6 1953 5940 5949 1962 358 1242 1243 359
5315 5 2 0 6 291 954 955 292 1954 5941 5950 1963
5316 5 2 0 6 1954 5941 5950 1963 1955 5942 5951 1964
5317 5 2 0 6 1955 5942 5951 1964 1956 5943 5952 1965
5318 5 2 0 6 1956 5943 5952 1965 1957 5944 5953 1966
5319 5 2 0 6 1957 5944 5953 1966 1958 5945 5954 1967
5320 5 2 0 6 1958 5945 5954 1967 1959 5946 5955 1968
5321 5 2 0 6 1959 5946 5955 1968 1960 5947 5956 1969
5322 5 2 0 6 1960 5947 5956 1969 1961 5948 5957 1970
5323 5 2 0 6 1961 5948 5957 1970 1962 5949 5958 1971
5324 5 2 0 6 1962 5949 5958 1971 359 1243 1244 360
5325 5 2 0 6 292 955 956 293 1963 5950 5959 1972
5326 5 2 0 6 1963 5950 5959 1972 1964 5951 5960 1973
5327 5 2 0 6 1964 5951 5960 1973 1965 5952 5961 1974
5328 5 2 0 6 1965 5952 5961 1974 1966 5953 5962 1975
5329 5 2 0 6 1966 5953 5962 1975 1967 5954 5963 1976
5330 5 2 0 6 1967 5954 5963 1976 1968 5955 5964 1977
5331 5 2 0 6 1968 5955 5964 1977 1969 5956 5965 1978
5332 5 2 0 6 1969 5956 5965 1978 1970 5957 5966 1979
5333 5 2 0 6 1970 5957 5966 1979 1971 5958 5967 1980
5334 5 2 0 6 1971 5958 5967 1980 360 1244 1245 361
5335 5 2 0 6 293 956 957 294 1972 5959 5968 1981
5336 5 2 0 6 1972 5959 5968 1981 1973 5960 5969 1982
5337 5 2 0 6 1973 5960 5969 1982 1974 5961 5970 1983
5338 5 2 0 6 1974 5961 5970 1983 1975 5962 5971 1984
5339 5 2 0 6 1975 5962 5971 1984 1976 5963 5972 1985
5340 5 2 0 6 1976 5963 5972 1985 1977 5964 5973 1986
5341 5 2 0 6 1977 5964 5973 1986 1978 5965 5974 1987
5342 5 2 0 6 1978 5965 5974 1987 1979 5966 5975 1988
5343 5 2 0 6 1979 5966 5975 1988 1980 5967 5976 1989
5344 5 2 0 6 1980 5967 5976 1989 361 1245 1246 362
5345 5 2 0 6 294 957 958 295 1981 5968 5977 1990
5346 5 2 0 6 1981 5968 5977 1990 1982 5969 5978 1991
5347 5 2 0 6 1982 5969 5978 1991 1983 5970 5979 1992
5348 5 2 0 6 1983 5970 5979 1992 1984 5971 5980 1993
5349 5 2 0 6 1984 5971 5980 1993 1985 5972 5981 1994
5350 5 2 0 6 1985 5972 5981 1994 1986 5973 5982 1995
5351 5 2 0 6 1986 5973 5982 1995 1987 5974 5983 1996
5352 5 2 0 6 1987 5974 5983 1996 1988 5975 5984 1997
5353 5 2 0 6 1988 5975 5984 1997 1989 5976 5985 1998
5354 5 2 0 6 1989 5976 5985 1998 362 1246 1247 363
5355 5 2 0 6 295 958 959 296 1990 5977 5986 1999
5356 5 2 0 6 1990 5977 5986 1999 1991 5978 5987 2000
5357 5 2 0 6 1991 5978 5987 2000 1992 5979 5988 2001
5358 5 2 0 6 1992 5979 5988 2001 1993 5980 5989 2002
5359 5 2 0 6 1993 5980 5989 2002 1994 5981 5990 2003
5360 5 2 0 6 1994 5981 5990 2003 1995 5982 5991 2004
5361 5 2 0 6 1995 5982 5991 2004 1996 5983 5992 2005
5362 5 2 0 6 1996 5983 5992 2005 1997 5984 5993 2006
5363 5 2 0 6 1997 5984 5993 2006 1998 5985 5994 2007
5364 5 2 0 6 1998 5985 5994 2007 363 1247 1248 364
5365 5 2 0 6 296 959 960 297 1999 5986 5995 2008
5366 5 2 0 6 1999 5986 5995 2008 2000 5987 5996 2009
5367 5 2 0 6 2000 5987 5996 2009 2001 5988 5997 2010
5368 5 2 0 6 2001 5988 5997 2010 2002 5989 5998 2011
5369 5 2 0 6 2002 5989 5998 2011 2003 5990 5999 2012
5370 5 2 0 6 2003 5990 5999 2012 2004 5991 6000 2013
5371 5 2 0 6 2004 5991 6000 2013 2005 5992 6001 2014
5372 5 2 0 6 2005 5992 6001 2014 2006 5993 6002 2015
5373 5 2 0 6 2006 5993 6002 2015 2007 5994 6003 2016
5374 5 2 0 6 2007 5994 6003 2016 364 1248 1249 365
5375 5 2 0 6 297 960 97 11 2008 5995 3268 547
5376 5 2 0 6 2008 5995 3268 547 2009 5996 3269 548
5377 5 2 0 6 2009 5996 3269 548 2010 5997 3270 549
5378 5 2 0 6 2010 5997 3270 549 2011 5998 3271 550
5379 5 2 0 6 2011 5998 3271 550 2012 5999 3272 551
5380 5 2 0 6 2012 5999 3272 551 2013 6000 3273 552
5381 5 2 0 6 2013 6000 3273 552 2014 6001 3274 553
5382 5 2 0 6 2014 6001 3274 553 2015 6002 3275 554
5383 5 2 0 6 2015 6002 3275 554 2016 6003 3276 555
5384 5 2 0 6 2016 6003 3276 555 365 1249 165 27
5385 5 2 0 6 80 81 961 950 3115 3124 6004 5905
5386 5 2 0 6 3115 3124 6004 5905 3116 3125 6005 5906
5387 5 2 0 6 3116 3125 6005 5906 3117 3126 6006 5907
5388 5 2 0 6 3117 3126 6006 5907 3118 3127 6007 5908
5389 5 2 0 6 3118 3127 6007 5908 3119 3128 6008 5909
5390 5 2 0 6 3119 3128 6008 5909 3120 3129 6009 5910
5391 5 2 0 6 3120 3129 6009 5910 3121 3130 6010 5911
5392 5 2 0 6 3121 3130 6010 5911 3122 3131 6011 5912
5393 5 2 0 6 3122 3131 6011 5912 3123 3132 6012 5913
5394 5 2 0 6 3123 3132 6012 5913 148 149 1250 1239
5395 5 2 0 6 950 961 962 951 5905 6004 6013 5914
5396 5 2 0 6 5905 6004 6013 5914 5906 6005 6014 5915
5397 5 2 0 6 5906 6005 6014 5915 5907 6006 6015 5916
5398 5 2 0 6 5907 6006 6015 5916 5908 6007 6016 5917
5399 5 2 0 6 5908 6007 6016 5917 5909 6008 6017 5918
5400 5 2 0 6 5909 6008 6017 5918 5910 6009 6018 5919
5401 5 2 0 6 5910 6009 6018 5919 5911 6010 6019 5920
5402 5 2 0 6 5911 6010 6019 5920 5912 6011 6020 5921
5403 5 2 0 6 5912 6011 6020 5921 5913 6012 6021 5922
5404 5 2 0 6 5913 6012 6021 5922 1239 1250 1251 1240
5405 5 2 0 6 951 962 963 952 5914 6013 6022 5923
5406 5 2 0 6 5914 6013 6022 5923 5915 6014 6023 5924
5407 5 2 0 6 5915 6014 6023 5924 5916 6015 6024 5925
5408 5 2 0 6 5916 6015 6024 5925 5917 6016 6025 5926
5409 5 2 0 6 5917 6016 6025 5926 5918 6017 6026 5927
5410 5 2 0 6 5918 6017 6026 5927 5919 6018 6027 5928
5411 5 2 0 6 5919 6018 6027 5928 5920 6019 6028 5929
5412 5 2 0 6 5920 6019 6028 5929 5921 6020 6029 5930
5413 5 2 0 6 5921 6020 6029 5930 5922 6021 6030 5931
5414 5 2 0 6 5922 6021 6030 5931 1240 1251 1252 1241
5415 5 2 0 6 952 963 964 953 5923 6022 6031 5932
5416 5 2 0 6 5923 6022 6031 5932 5924 6023 6032 5933
5417 5 2 0 6 5924 6023 6032 5933 5925 6024 6033 5934
5418 5 2 0 6 5925 6024 6033 5934 5926 6025 6034 5935
5419 5 2 0 6 5926 6025 6034 5935 5927 6026 6035 5936
5420 5 2 0 6 5927 6026 6035 5936 5928 6027 6036 5937
5421 5 2 0 6 5928 6027 6036 5937 5929 6028 6037 5938
5422 5 2 0 6 5929 6028 6037 5938 5930 6029 6038 5939
5423 5 2 0 6 5930 6029 6038 5939 5931 6030 6039 5940
5424 5 2 0 6 5931 6030 6039 5940 1241 1252 1253 1242
5425 5 2 0 6 953 964 965 954 5932 6031 6040 5941
5426 5 2 0 6 5932 6031 6040 5941 5933 6032 6041 5942
5427 5 2 0 6 5933 6032 6041 5942 5934 6033 6042 5943
5428 5 2 0 6 5934 6033 6042 5943 5935 6034 6043 5944
5429 5 2 0 6 5935 6034 6043 5944 5936 6035 6044 5945
5430 5 2 0 6 5936 6035 6044 5945 5937 6036 6045 5946
5431 5 2 0 6 5937 6036 6045 5946 5938 6037 6046 5947
5432 5 2 0 6 5938 6037 6046 5947 5939 6038 6047 5948
5433 5 2 0 6 5939 6038 6047 5948 5940 6039 6048 5949
5434 5 2 0 6 5940 6039 6048 5949 1242 1253 1254 1243
5435 5 2 0 6 954 965 966 955 5941 6040 6049 5950
5436 5 2 0 6 5941 6040 6049 5950 5942 6041 6050 5951
5437 5 2 0 6 5942 6041 6050 5951 5943 6042 6051 5952
5438 5 2 0 6 5943 6042 6051 5952 5944 6043 6052 5953
5439 5 2 0 6 5944 6043 6052 5953 5945 6044 6053 5954
5440 5 2 0 6 5945 6044 6053 5954 5946 6045 6054 5955
5441 5 2 0 6 5946 6045 6054 5955 5947 6046 6055 5956
5442 5 2 0 6 5947 6046 6055 5956 5948 6047 6056 5957
5443 5 2 0 6 5948 6047 6056 5957 5949 6048 6057 5958
5444 5 2 0 6 5949 6048 6057 5958 1243 1254 1255 1244
5445 5 2 0 6 955 966 967 956 5950 6049 6058 5959
5446 5 2 0 6 5950 6049 6058 5959 5951 6050 6059 5960
5447 5 2 0 6 5951 6050 6059 5960 5952 6051 6060 5961
5448 5 2 0 6 5952 6051 6060 5961 5953 6052 6061 5962
5449 5 2 0 6 5953 6052 6061 5962 5954 6053 6062 5963
5450 5 2 0 6 5954 6053 6062 5963 5955 6054 6063 5964
5451 5 2 0 6 5955 6054 6063 5964 5956 6055 6064 5965
5452 5 2 0 6 5956 6055 6064 5965 5957 6056 6065 5966
5453 5 2 0 6 5957 6056 6065 5966 5958 6057 6066 5967
5454 5 2 0 6 5958 6057 6066 5967 1244 1255 1256 1245
5455 5 2 0 6 956 967 968 957 5959 6058 6067 5968
5456 5 2 0 6 5959 6058 6067 5968 5960 6059 6068 5969
5457 5 2 0 6 5960 6059 6068 5969 5961 6060 6069 5970
5458 5 2 0 6 5961 6060 6069 5970 5962 6061 6070 5971
5459 5 2 0 6 5962 6061 6070 5971 5963 6062 6071 5972
5460 5 2 0 6 5963 6062 6071 5972 5964 6063 6072 5973
5461 5 2 0 6 5964 6063 6072 5973 5965 6064 6073 5974
5462 5 2 0 6 5965 6064 6073 5974 5966 6065 6074 5975
5463 5 2 0 6 5966 6065 6074 5975 5967 6066 6075 5976
5464 5 2 0 6 5967 6066 6075 5976 1245 1256 1257 1246
5465 5 2 0 6 957 968 969 958 5968 6067 6076 5977
5466 5 2 0 6 5968 6067 6076 5977 5969 6068 6077 5978
5467 5 2 0 6 5969 6068 6077 5978 5970 6069 6078 5979
5468 5 2 0 6 5970 6069 6078 5979 5971 6070 6079 5980
5469 5 2 0 6 5971 6070 6079 5980 5972 6071 6080 5981
5470 5 2 0 6 5972 6071 6080 5981 5973 6072 6081 5982
5471 5 2 0 6 5973 6072 6081 5982 5974 6073 6082 5983
5472 5 2 0 6 5974 6073 6082 5983 5975 6074 6083 5984
5473 5 2 0 6 5975 6074 6083 5984 5976 6075 6084 5985
5474 5 2 0 6 5976 6075 6084 5985 1246 1257 1258 1247
5475 5 2 0 6 958 969 970 959 5977 6076 6085 5986
5476 5 2 0 6 5977 6076 6085 5986 5978 6077 6086 5987
5477 5 2 0 6 5978 6077 6086 5987 5979 6078 6087 5988
5478 5 2 0 6 5979 6078 6087 5988 5980 6079 6088 5989
5479 5 2 0 6 5980 6079 6088 5989 5981 6080 6089 5990
5480 5 2 0 6 5981 6080 6089 5990 5982 6081 6090 5991
5481 5 2 0 6 5982 6081 6090 5991 5983 6082 6091 5992
5482 5 2 0 6 5983 6082 6091 5992 5984 6083 6092 5993
5483 5 2 0 6 5984 6083 6092 5993 5985 6084 6093 5994
5484 5 2 0 6 5985 6084 6093 5994 1247 1258 1259 1248
5485 5 2 0 6 959 970 971 960 5986 6085 6094 5995
5486 5 2 0 6 5986 6085 6094 5995 5987 6086 6095 5996
5487 5 2 0 6 5987 6086 6095 5996 5988 6087 6096 5997
5488 5 2 0 6 5988 6087 6096 5997 5989 6088 6097 5998
5489 5 2 0 6 5989 6088 6097 5998 5990 6089 6098 5999
5490 5 2 0 6 5990 6089 6098 5999 5991 6090 6099 6000
5491 5 2 0 6 5991 6090 6099 6000 5992 6091 6100 6001
5492 5 2 0 6 5992 6091 6100 6001 5993 6092 6101 6002
5493 5 2 0 6 5993 6092 6101 6002 5994 6093 6102 6003
5494 5 2 0 6 5994 6093 6102 6003 1248 1259 1260 1249
5495 5 2 0 6 960 971 98 97 5995 6094 3277 3268
5496 5 2 0 6 5995 6094 3277 3268 5996 6095 3278 3269
5497 5 2 0 6 5996 6095 3278 3269 5997 6096 3279 3270
5498 5 2 0 6 5997 6096 3279 3270 5998 6097 3280 3271
5499 5 2 0 6 5998 6097 3280 3271 5999 6098 3281 3272
5500 5 2 0 6 5999 6098 3281 3272 6000 6099 3282 3273
5501 5 2 0 6 6000 6099 3282 3273 6001 6100 3283 3274
5502 5 2 0 6 6001 6100 3283 3274 6002 6101 3284 3275
5503 5 2 0 6 6002 6101 3284 3275 6003 6102 3285 3276
5504 5 2 0 6 6003 6102 3285 3276 1249 1260 166 165
5505 5 2 0 6 81 82 972 961 3124 3133 6103 6004
5506 5 2 0 6 3124 3133 6103 6004 3125 3134 6104 6005
5507 5 2 0 6 3125 3134 6104 6005 3126 3135 6105 6006
5508 5 2 0 6 3126 3135 6105 6006 3127 3136 6106 6007
5509 5 2 0 6 3127 3136 6106 6007 3128 3137 6107 6008
5510 5 2 0 6 3128 3137 6107 6008 3129 3138 6108 6009
5511 5 2 0 6 3129 3138 6108 6009 3130 3139 6109 6010
5512 5 2 0 6 3130 3139 6109 6010 3131 3140 6110 6011
5513 5 2 0 6 3131 3140 6110 6011 3132 3141 6111 6012
5514 5 2 0 6 3132 3141 6111 6012 149 150 1261 1250
5515 5 2 0 6 961 972 973 962 6004 6103 6112 6013
5516 5 2 0 6 6004 6103 6112 6013 6005 6104 6113 6014
5517 5 2 0 6 6005 6104 6113 6014 6006 6105 6114 6015
5518 5 2 0 6 6006 6105 6114 6015 6007 6106 6115 6016
5519 5 2 0 6 6007 6106 6115 6016 6008 6107 6116 6017
5520 5 2 0 6 6008 6107 6116 6017 6009 6108 6117 6018
5521 5 2 0 6 6009 6108 6117 6018 6010 6109 6118 6019
5522 5 2 0 6 6010 6109 6118 6019 6011 6110 6119 6020
5523 5 2 0 6 6011 6110 6119 6020 6012 6111 6120 6021
5524 5 2 0 6 6012 6111 6120 6021 1250 1261 1262 1251
5525 5 2 0 6 962 973 974 963 6013 6112 6121 6022
5526 5 2 0 6 6013 6112 6121 6022 6014 6113 6122 6023
5527 5 2 0 6 6014 6113 6122 6023 6015 6114 6123 6024
5528 5 2 0 6 6015 6114 6123 6024 6016 6115 6124 6025
5529 5 2 0 6 6016 6115 6124 6025 6017 6116 6125 6026
5530 5 2 0 6 6017 6116 6125 6026 6018 6117 6126 6027
5531 5 2 0 6 6018 6117 6126 6027 6019 6118 6127 6028
5532 5 2 0 6 6019 6118 6127 6028 6020 6119 6128 6029
5533 5 2 0 6 6020 6119 6128 6029 6021 6120 6129 6030
5534 5 2 0 6 6021 6120 6129 6030 1251 1262 1263 1252
5535 5 2 0 6 963 974 975 964 6022 6121 6130 6031
5536 5 2 0 6 6022 6121 6130 6031 6023 6122 6131 6032
5537 5 2 0 6 6023 6122 6131 6032 6024 6123 6132 6033
5538 5 2 0 6 6024 6123 6132 6033 6025 6124 6133 6034
5539 5 2 0 6 6025 6124 6133 6034 6026 6125 6134 6035
5540 5 2 0 6 6026 6125 6134 6035 6027 6126 6135 6036
5541 5 2 0 6 6027 6126 6135 6036 6028 6127 6136 6037
5542 5 2 0 6 6028 6127 6136 6037 6029 6128 6137 6038
5543 5 2 0 6 6029 6128 6137 6038 6030 6129 6138 6039
5544 5 2 0 6 6030 6129 6138 6039 1252 1263 1264 1253
5545 5 2 0 6 964 975 976 965 6031 6130 6139 6040
5546 5 2 0 6 6031 6130 6139 6040 6032 6131 6140 6041
5547 5 2 0 6 6032 6131 6140 6041 6033 6132 6141 6042
5548 5 2 0 6 6033 6132 6141 6042 6034 6133 6142 6043
5549 5 2 0 6 6034 6133 6142 6043 6035 6134 6143 6044
5550 5 2 0 6 6035 6134 6143 6044 6036 6135 6144 6045
5551 5 2 0 6 6036 6135 6144 6045 6037 6136 6145 6046
5552 5 2 0 6 6037 6136 6145 6046 6038 6137 6146 6047
5553 5 2 0 6 6038 6137 6146 6047 6039 6138 6147 6048
5554 5 2 0 6 6039 6138 6147 6048 1253 1264 1265 1254
5555 5 2 0 6 965 976 977 966 6040 6139 6148 6049
5556 5 2 0 6 6040 6139 6148 6049 6041 6140 6149 6050
5557 5 2 0 6 6041 6140 6149 6050 6042 6141 6150 6051
5558 5 2 0 6 6042 6141 6150 6051 6043 6142 6151 6052
5559 5 2 0 6 6043 6142 6151 6052 6044 6143 6152 6053
5560 5 2 0 6 6044 6143 6152 6053 6045 6144 6153 6054
5561 5 2 0 6 6045 6144 6153 6054 6046 6145 6154 6055
5562 5 2 0 6 6046 6145 6154 6055 6047 6146 6155 6056
5563 5 2 0 6 6047 6146 6155 6056 6048 6147 6156 6057
5564 5 2 0 6 6048 6147 6156 6057 1254 1265 1266 1255
5565 5 2 0 6 966 977 978 967 6049 6148 6157 6058
5566 5 2 0 6 6049 6148 6157 6058 6050 6149 6158 6059
5567 5 2 0 6 6050 6149 6158 6059 6051 6150 6159 6060
5568 5 2 0 6 6051 6150 6159 6060 6052 6151 6160 6061
5569 5 2 0 6 6052 6151 6160 6061 6053 6152 6161 6062
5570 5 2 0 6 6053 6152 6161 6062 6054 6153 6162 6063
5571 5 2 0 6 6054 6153 6162 6063 6055 6154 6163 6064
5572 5 2 0 6 6055 6154 6163 6064 6056 6155 6164 6065
5573 5 2 0 6 6056 6155 6164 6065 6057 6156 6165 6066
5574 5 2 0 6 6057 6156 6165 6066 1255 1266 1267 1256
5575 5 2 0 6 967 978 979 968 6058 6157 6166 6067
5576 5 2 0 6 6058 6157 6166 6067 6059 6158 6167 6068
5577 5 2 0 6 6059 6158 6167 6068 6060 6159 6168 6069
5578 5 2 0 6 6060 6159 6168 6069 6061 6160 6169 6070
5579 5 2 0 6 6061 6160 6169 6070 6062 6161 6170 6071
5580 5 2 0 6 6062 6161 6170 6071 6063 6162 6171 6072
5581 5 2 0 6 6063 6162 6171 6072 6064 6163 6172 6073
5582 5 2 0 6 6064 6163 6172 6073 6065 6164 6173 6074
5583 5 2 0 6 6065 6164 6173 6074 6066 6165 6174 6075
5584 5 2 0 6 6066 6165 6174 6075 1256 1267 1268 1257
5585 5 2 0 6 968 979 980 969 6067 6166 6175 6076
5586 5 2 0 6 6067 6166 6175 6076 6068 6167 6176 6077
5587 5 2 0 6 6068 6167 6176 6077 6069 6168 6177 6078
5588 5 2 0 6 6069 6168 6177 6078 6070 6169 6178 6079
5589 5 2 0 6 6070 6169 6178 6079 6071 6170 6179 6080
5590 5 2 0 6 6071 6170 6179 6080 6072 6171 6180 6081
5591 5 2 0 6 6072 6171 6180 6081 6073 6172 6181 6082
5592 5 2 0 6 6073 6172 6181 6082 6074 6173 6182 6083
5593 5 2 0 6 6074 6173 6182 6083 6075 6174 6183 6084
5594 5 2 0 6 6075 6174 6183 6084 1257 1268 1269 1258
5595 5 2 0 6 969 980 981 970 6076 6175 6184 6085
5596 5 2 0 6 6076 6175 6184 6085 6077 6176 6185 6086
5597 5 2 0 6 6077 6176 6185 6086 6078 6177 6186 6087
5598 5 2 0 6 6078 6177 6186 6087 6079 6178 6187 6088
5599 5 2 0 6 6079 6178 6187 6088 6080 6179 6188 6089
5600 5 2 0 6 6080 6179 6188 6089 6081 6180 6189 6090
5601 5 2 0 6 6081 6180 6189 6090 6082 6181 6190 6091
5602 5 2 0 6 6082 6181 6190 6091 6083 6182 6191 6092
5603 5 2 0 6 6083 6182 6191 6092 6084 6183 6192 6093
5604 5 2 0 6 6084 6183 6192 6093 1258 1269 1270 1259
5605 5 2 0 6 970 981 982 971 6085 6184 6193 6094
5606 5 2 0 6 6085 6184 6193 6094 6086 6185 6194 6095
5607 5 2 0 6 6086 6185 6194 6095 6087 6186 6195 6096
5608 5 2 0 6 6087 6186 6195 6096 6088 6187 6196 6097
5609 5 2 0 6 6088 6187 6196 6097 6089 6188 6197 6098
5610 5 2 0 6 6089 6188 6197 6098 6090 6189 6198 6099
5611 5 2 0 6 6090 6189 6198 6099 6091 6190 6199 6100
5612 5 2 0 6 6091 6190 6199 6100 6092 6191 6200 6101
5613 5 2 0 6 6092 6191 6200 6101 6093 6192 6201 6102
5614 5 2 0 6 6093 6192 6201 6102 1259 1270 1271 1260
5615 5 2 0 6 971 982 99 98 6094 6193 3286 3277
5616 5 2 0 6 6094 6193 3286 3277 6095 6194 3287 3278
5617 5 2 0 6 6095 6194 3287 3278 6096 6195 3288 3279
5618 5 2 0 6 6096 6195 3288 3279 6097 6196 3289 3280
5619 5 2 0 6 6097 6196 3289 3280 6098 6197 3290 3281
5620 5 2 0 6 6098 6197 3290 3281 6099 6198 3291 3282
5621 5 2 0 6 6099 6198 3291 3282 6100 6199 3292 3283
5622 5 2 0 6 6100 6199 3292 3283 6101 6200 3293 3284
5623 5 2 0 6 6101 6200 3293 3284 6102 6201 3294 3285
5624 5 2 0 6 6102 6201 3294 3285 1260 1271 167 166
5625 5 2 0 6 82 8 298 972 3133 520 2017 6103
5626 5 2 0 6 3133 520 2017 6103 3134 521 2018 6104
5627 5 2 0 6 3134 521 2018 6104 3135 522 2019 6105
5628 5 2 0 6 3135 522 2019 6105 3136 523 2020 6106
5629 5 2 0 6 3136 523 2020 6106 3137 524 2021 6107
5630 5 2 0 6 3137 524 2021 6107 3138 525 2022 6108
5631 5 2 0 6 3138 525 2022 6108 3139 526 2023 6109
5632 5 2 0 6 3139 526 2023 6109 3140 527 2024 6110
5633 5 2 0 6 3140 527 2024 6110 3141 528 2025 6111
5634 5 2 0 6 3141 528 2025 6111 150 24 366 1261
5635 5 2 0 6 972 298 299 973 6103 2017 2026 6112
5636 5 2 0 6 6103 2017 2026 6112 6104 2018 2027 6113
5637 5 2 0 6 6104 2018 2027 6113 6105 2019 2028 6114
5638 5 2 0 6 6105 2019 2028 6114 6106 2020 2029 6115
5639 5 2 0 6 6106 2020 2029 6115 6107 2021 2030 6116
5640 5 2 0 6 6107 2021 2030 6116 6108 2022 2031 6117
5641 5 2 0 6 6108 2022 2031 6117 6109 2023 2032 6118
5642 5 2 0 6 6109 2023 2032 6118 6110 2024 2033 6119
5643 5 2 0 6 6110 2024 2033 6119 6111 2025 2034 6120
5644 5 2 0 6 6111 2025 2034 6120 1261 366 367 1262
5645 5 2 0 6 973 299 300 974 6112 2026 2035 6121
5646 5 2 0 6 6112 2026 2035 6121 6113 2027 2036 6122
5647 5 2 0 6 6113 2027 2036 6122 6114 2028 2037 6123
5648 5 2 0 6 6114 2028 2037 6123 6115 2029 2038 6124
5649 5 2 0 6 6115 2029 2038 6124 6116 2030 2039 6125
5650 5 2 0 6 6116 2030 2039 6125 6117 2031 2040 6126
5651 5 2 0 6 6117 2031 2040 6126 6118 2032 2041 6127
5652 5 2 0 6 6118 2032 2041 6127 6119 2033 2042 6128
5653 5 2 0 6 6119 2033 2042 6128 6120 2034 2043 6129
5654 5 2 0 6 6120 2034 2043 6129 1262 367 368 1263
5655 5 2 0 6 974 300 301 975 6121 2035 2044 6130
5656 5 2 0 6 6121 2035 2044 6130 6122 2036 2045 6131
5657 5 2 0 6 6122 2036 2045 6131 6123 2037 2046 6132
5658 5 2 0 6 6123 2037 2046 6132 6124 2038 2047 6133
5659 5 2 0 6 6124 2038 2047 6133 6125 2039 2048 6134
5660 5 2 0 6 6125 2039 2048 6134 6126 2040 2049 6135
5661 5 2 0 6 6126 2040 2049 6135 6127 2041 2050 6136
5662 5 2 0 6 6127 2041 2050 6136 6128 2042 2051 6137
5663 5 2 0 6 6128 2042 2051 6137 6129 2043 2052 6138
5664 5 2 0 6 6129 2043 2052 6138 1263 368 369 1264
5665 5 2 0 6 975 301 302 976 6130 2044 2053 6139
5666 5 2 0 6 6130 2044 2053 6139 6131 2045 2054 6140
5667 5 2 0 6 6131 2045 2054 6140 6132 2046 2055 6141
5668 5 2 0 6 6132 2046 2055 6141 6133 2047 2056 6142
5669 5 2 0 6 6133 2047 2056 6142 6134 2048 2057 6143
5670 5 2 0 6 6134 2048 2057 6143 6135 2049 2058 6144
5671 5 2 0 6 6135 2049 2058 6144 6136 2050 2059 6145
5672 5 2 0 6 6136 2050 2059 6145 6137 2051 2060 6146
5673 5 2 0 6 6137 2051 2060 6146 6138 2052 2061 6147
5674 5 2 0 6 6138 2052 2061 6147 1264 369 370 1265
5675 5 2 0 6 976 302 303 977 6139 2053 2062 6148
5676 5 2 0 6 6139 2053 2062 6148 6140 2054 2063 6149
5677 5 2 0 6 6140 2054 2063 6149 6141 2055 2064 6150
5678 5 2 0 6 6141 2055 2064 6150 6142 2056 2065 6151
5679 5 2 0 6 6142 2056 2065 6151 6143 2057 2066 6152
5680 5 2 0 6 6143 2057 2066 6152 6144 2058 2067 6153
5681 5 2 0 6 6144 2058 2067 6153 6145 2059 2068 6154
5682 5 2 0 6 6145 2059 2068 6154 6146 2060 2069 6155
5683 5 2 0 6 6146 2060 2069 6155 6147 2061 2070 6156
5684 5 2 0 6 6147 2061 2070 6156 1265 370 371 1266
5685 5 2 0 6 977 303 304 978 6148 2062 2071 6157
5686 5 2 0 6 6148 2062 2071 6157 6149 2063 2072 6158
5687 5 2 0 6 6149 2063 2072 6158 6150 2064 2073 6159
5688 5 2 0 6 6150 2064 2073 6159 6151 2065 2074 6160
5689 5 2 0 6 6151 2065 2074 6160 6152 2066 2075 6161
5690 5 2 0 6 6152 2066 2075 6161 6153 2067 2076 6162
5691 5 2 0 6 6153 2067 2076 6162 6154 2068 2077 6163
5692 5 2 0 6 6154 2068 2077 6163 6155 2069 2078 6164
5693 5 2 0 6 6155 2069 2078 6164 6156 2070 2079 6165
5694 5 2 0 6 6156 2070 2079 6165 1266 371 372 1267
5695 5 2 0 6 978 304 305 979 6157 2071 2080 6166
5696 5 2 0 6 6157 2071 2080 6166 6158 2072 2081 6167
5697 5 2 0 6 6158 2072 2081 6167 6159 2073 2082 6168
5698 5 2 0 6 6159 2073 2082 6168 6160 2074 2083 6169
5699 5 2 0 6 6160 2074 2083 6169 6161 2075 2084 6170
5700 5 2 0 6 6161 2075 2084 6170 6162 2076 2085 6171
5701 5 2 0 6 6162 2076 2085 6171 6163 2077 2086 6172
5702 5 2 0 6 6163 2077 2086 6172 6164 2078 2087 6173
5703 5 2 0 6 6164 2078 2087 6173 6165 2079 2088 6174
5704 5 2 0 6 6165 2079 2088 6174 1267 372 373 1268
5705 5 2 0 6 979 305 306 980 6166 2080 2089 6175
5706 5 2 0 6 6166 2080 2089 6175 6167 2081 2090 6176
5707 5 2 0 6 6167 2081 2090 6176 6168 2082 2091 6177
5708 5 2 0 6 6168 2082 2091 6177 6169 2083 2092 6178
5709 5 2 0 6 6169 2083 2092 6178 6170 2084 2093 6179
5710 5 2 0 6 6170 2084 2093 6179 6171 2085 2094 6180
5711 5 2 0 6 6171 2085 2094 6180 6172 2086 2095 6181
5712 5 2 0 6 6172 2086 2095 6181 6173 2087 2096 6182
5713 5 2 0 6 6173 2087 2096 6182 6174 2088 2097 6183
5714 5 2 0 6 6174 2088 2097 6183 1268 373 374 1269
5715 5 2 0 6 980 306 307 981 6175 2089 2098 6184
5716 5 2 0 6 6175 2089 2098 6184 6176 2090 2099 6185
5717 5 2 0 6 6176 2090 2099 6185 6177 2091 2100 6186
5718 5 2 0 6 6177 2091 2100 6186 6178 2092 2101 6187
5719 5 2 0 6 6178 2092 2101 6187 6179 2093 2102 6188
5720 5 2 0 6 6179 2093 2102 6188 6180 2094 2103 6189
5721 5 2 0 6 6180 2094 2103 6189 6181 2095 2104 6190
5722 5 2 0 6 6181 2095 2104 6190 6182 2096 2105 6191
5723 5 2 0 6 6182 2096 2105 6191 6183 2097 2106 6192
5724 5 2 0 6 6183 2097 2106 6192 1269 374 375 1270
5725 5 2 0 6 981 307 308 982 6184 2098 2107 6193
5726 5 2 0 6 6184 2098 2107 6193 6185 2099 2108 6194
5727 5 2 0 6 6185 2099 2108 6194 6186 2100 2109 6195
5728 5 2 0 6 6186 2100 2109 6195 6187 2101 2110 6196
5729 5 2 0 6 6187 2101 2110 6196 6188 2102 2111 6197
5730 5 2 0 6 6188 2102 2111 6197 6189 2103 2112 6198
5731 5 2 0 6 6189 2103 2112 6198 6190 2104 2113 6199
5732 5 2 0 6 6190 2104 2113 6199 6191 2105 2114 6200
5733 5 2 0 6 6191 2105 2114 6200 6192 2106 2115 6201
5734 5 2 0 6 6192 2106 2115 6201 1270 375 376 1271
5735 5 2 0 6 982 308 12 99 6193 2107 556 3286
5736 5 2 0 6 6193 2107 556 3286 6194 2108 557 3287
5737 5 2 0 6 6194 2108 557 3287 6195 2109 558 3288
5738 5 2 0 6 6195 2109 558 3288 6196 2110 559 3289
5739 5 2 0 6 6196 2110 559 3289 6197 2111 560 3290
5740 5 2 0 6 6197 2111 560 3290 6198 2112 561 3291
5741 5 2 0 6 6198 2112 561 3291 6199 2113 562 3292
5742 5 2 0 6 6199 2113 562 3292 6200 2114 563 3293
5743 5 2 0 6 6200 2114 563 3293 6201 2115 564 3294
5744 5 2 0 6 6201 2115 564 3294 1271 376 28 167
5745 5 2 0 8 9 83 983 309 529 3142 6202 2116
5746 5 2 0 8 529 3142 6202 2116 530 3143 6203 2117
5747 5 2 0 8 530 3143 6203 2117 531 3144 6204 2118
5748 5 2 0 8 531 3144 6204 2118 532 3145 6205 2119
5749 5 2 0 8 532 3145 6205 2119 533 3146 6206 2120
5750 5 2 0 8 533 3146 6206 2120 534 3147 6207 2121
5751 5 2 0 8 534 3147 6207 2121 535 3148 6208 2122
5752 5 2 0 8 535 3148 6208 2122 536 3149 6209 2123
5753 5 2 0 8 536 3149 6209 2123 537 3150 6210 2124
5754 5 2 0 8 537 3150 6210 2124 25 151 1272 377
5755 5 2 0 8 309 983 984 310 2116 6202 6211 2125
5756 5 2 0 8 2116 6202 6211 2125 2117 6203 6212 2126
5757 5 2 0 8 2117 6203 6212 2126 2118 6204 6213 2127
5758 5 2 0 8 2118 6204 6213 2127 2119 6205 6214 2128
5759 5 2 0 8 2119 6205 6214 2128 2120 6206 6215 2129
5760 5 2 0 8 2120 6206 6215 2129 2121 6207 6216 2130
5761 5 2 0 8 2121 6207 6216 2130 2122 6208 6217 2131
5762 5 2 0 8 2122 6208 6217 2131 2123 6209 6218 2132
5763 5 2 0 8 2123 6209 6218 2132 2124 6210 6219 2133
5764 5 2 0 8 2124 6210 6219 2133 377 1272 1273 378
5765 5 2 0 8 310 984 985 311 2125 6211 6220 2134
5766 5 2 0 8 2125 6211 6220 2134 2126 6212 6221 2135
5767 5 2 0 8 2126 6212 6221 2135 2127 6213 6222 2136
5768 5 2 0 8 2127 6213 6222 2136 2128 6214 6223 2137
5769 5 2 0 8 2128 6214 6223 2137 2129 6215 6224 2138
5770 5 2 0 8 2129 6215 6224 2138 2130 6216 6225 2139
5771 5 2 0 8 2130 6216 6225 2139 2131 6217 6226 2140
5772 5 2 0 8 2131 6217 6226 2140 2132 6218 6227 2141
5773 5 2 0 8 2132 6218 6227 2141 2133 6219 6228 2142
5774 5 2 0 8 2133 6219 6228 2142 378 1273 1274 379
5775 5 2 0 8 311 985 100 13 2134 6220 3295 565
5776 5 2 0 8 2134 6220 3295 565 2135 6221 3296 566
5777 5 2 0 8 2135 6221 3296 566 2136 6222 3297 567
5778 5 2 0 8 2136 6222 3297 567 2137 6223 3298 568
5779 5 2 0 8 2137 6223 3298 568 2138 6224 3299 569
5780 5 2 0 8 2138 6224 3299 569 2139 6225 3300 570
5781 5 2 0 8 2139 6225 3300 570 2140 6226 3301 571
5782 5 2 0 8 2140 6226 3301 571 2141 6227 3302 572
5783 5 2 0 8 2141 6227 3302 572 2142 6228 3303 573
5784 5 2 0 8 2142 6228 3303 573 379 1274 168 29
5785 5 2 0 8 83 84 986 983 3142 3151 6229 6202
5786 5 2 0 8 3142 3151 6229 6202 3143 3152 6230 6203
5787 5 2 0 8 3143 3152 6230 6203 3144 3153 6231 6204
5788 5 2 0 8 3144 3153 6231 6204 3145 3154 6232 6205
5789 5 2 0 8 3145 3154 6232 6205 3146 3155 6233 6206
5790 5 2 0 8 3146 3155 6233 6206 3147 3156 6234 6207
5791 5 2 0 8 3147 3156 6234 6207 3148 3157 6235 6208
5792 5 2 0 8 3148 3157 6235 6208 3149 3158 6236 6209
5793 5 2 0 8 3149 3158 6236 6209 3150 3159 6237 6210
5794 5 2 0 8 3150 3159 6237 6210 151 152 1275 1272
5795 5 2 0 8 983 986 987 984 6202 6229 6238 6211
5796 5 2 0 8 6202 6229 6238 6211 6203 6230 6239 6212
5797 5 2 0 8 6203 6230 6239 6212 6204 6231 6240 6213
5798 5 2 0 8 6204 6231 6240 6213 6205 6232 6241 6214
5799 5 2 0 8 6205 6232 6241 6214 6206 6233 6242 6215
5800 5 2 0 8 6206 6233 6242 6215 6207 6234 6243 6216
5801 5 2 0 8 6207 6234 6243 6216 6208 6235 6244 6217
5802 5 2 0 8 6208 6235 6244 6217 6209 6236 6245 6218
5803 5 2 0 8 6209 6236 6245 6218 6210 6237 6246 6219
5804 5 2 0 8 6210 6237 6246 6219 1272 1275 1276 1273
5805 5 2 0 8 984 987 988 985 6211 6238 6247 6220
5806 5 2 0 8 6211 6238 6247 6220 6212 6239 6248 6221
5807 5 2 0 8 6212 6239 6248 6221 6213 6240 6249 6222
5808 5 2 0 8 6213 6240 6249 6222 6214 6241 6250 6223
5809 5 2 0 8 6214 6241 6250 6223 6215 6242 6251 6224
5810 5 2 0 8 6215 6242 6251 6224 6216 6243 6252 6225
5811 5 2 0 8 6216 6243 6252 6225 6217 6244 6253 6226
5812 5 2 0 8 6217 6244 6253 6226 6218 6245 6254 6227
5813 5 2 0 8 6218 6245 6254 6227 6219 6246 6255 6228
5814 5 2 0 8 6219 6246 6255 6228 1273 1276 1277 1274
5815 5 2 0 8 985 988 101 100 6220 6247 3304 3295
5816 5 2 0 8 6220 6247 3304 3295 6221 6248 3305 3296
5817 5 2 0 8 6221 6248 3305 3296 6222 6249 3306 3297
5818 5 2 0 8 6222 6249 3306 3297 6223 6250 3307 3298
5819 5 2 0 8 6223 6250 3307 3298 6224 6251 3308 3299
5820 5 2 0 8 6224 6251 3308 3299 6225 6252 3309 3300
5821 5 2 0 8 6225 6252 3309 3300 6226 6253 3310 3301
5822 5 2 0 8 6226 6253 3310 3301 6227 6254 3311 3302
5823 5 2 0 8 6227 6254 3311 3302 6228 6255 3312 3303
5824 5 2 0 8 6228 6255 3312 3303 1274 1277 169 168
5825 5 2 0 8 84 85 989 986 3151 3160 6256 6229
5826 5 2 0 8 3151 3160 6256 6229 3152 3161 6257 6230
5827 5 2 0 8 3152 3161 6257 6230 3153 3162 6258 6231
5828 5 2 0 8 3153 3162 6258 6231 3154 3163 6259 6232
5829 5 2 0 8 3154 3163 6259 6232 3155 3164 6260 6233
5830 5 2 0 8 3155 3164 6260 6233 3156 3165 6261 6234
5831 5 2 0 8 3156 3165 6261 6234 3157 3166 6262 6235
5832 5 2 0 8 3157 3166 6262 6235 3158 3167 6263 6236
5833 5 2 0 8 3158 3167 6263 6236 3159 3168 6264 6237
5834 5 2 0 8 3159 3168 6264 6237 152 153 1278 1275
5835 5 2 0 8 986 989 990 987 6229 6256 6265 6238
5836 5 2 0 8 6229 6256 6265 6238 6230 6257 6266 6239
5837 5 2 0 8 6230 6257 6266 6239 6231 6258 6267 6240
5838 5 2 0 8 6231 6258 6267 6240 6232 6259 6268 6241
5839 5 2 0 8 6232 6259 6268 6241 6233 6260 6269 6242
5840 5 2 0 8 6233 6260 6269 6242 6234 6261 6270 6243
5841 5 2 0 8 6234 6261 6270 6243 6235 6262 6271 6244
5842 5 2 0 8 6235 6262 6271 6244 6236 6263 6272 6245
5843 5 2 0 8 6236 6263 6272 6245 6237 6264 6273 6246
5844 5 2 0 8 6237 6264 6273 6246 1275 1278 1279 1276
5845 5 2 0 8 987 990 991 988 6238 6265 6274 6247
5846 5 2 0 8 6238 6265 6274 6247 6239 6266 6275 6248
5847 5 2 0 8 6239 6266 6275 6248 6240 6267 6276 6249
5848 5 2 0 8 6240 6267 6276 6249 6241 6268 6277 6250
5849 5 2 0 8 6241 6268 6277 6250 6242 6269 6278 6251
5850 5 2 0 8 6242 6269 6278 6251 6243 6270 6279 6252
5851 5 2 0 8 6243 6270 6279 6252 6244 6271 6280 6253
5852 5 2 0 8 6244 6271 6280 6253 6245 6272 6281 6254
5853 5 2 0 8 6245 6272 6281 6254 6246 6273 6282 6255
5854 5 2 0 8 6246 6273 6282 6255 1276 1279 1280 1277
5855 5 2 0 8 988 991 102 101 6247 6274 3313 3304
5856 5 2 0 8 6247 6274 3313 3304 6248 6275 3314 3305
5857 5 2 0 8 6248 6275 3314 3305 6249 6276 3315 3306
5858 5 2 0 8 6249 6276 3315 3306 6250 6277 3316 3307
5859 5 2 0 8 6250 6277 3316 3307 6251 6278 3317 3308
5860 5 2 0 8 6251 6278 3317 3308 6252 6279 3318 3309
5861 5 2 0 8 6252 6279 3318 3309 6253 6280 3319 3310
5862 5 2 0 8 6253 6280 3319 3310 6254 6281 3320 3311
5863 5 2 0 8 6254 6281 3320 3311 6255 6282 3321 3312
5864 5 2 0 8 6255 6282 3321 3312 1277 1280 170 169
5865 5 2 0 8 85 10 312 989 3160 538 2143 6256
5866 5 2 0 8 3160 538 2143 6256 3161 539 2144 6257
5867 5 2 0 8 3161 539 2144 6257 3162 540 2145 6258
5868 5 2 0 8 3162 540 2145 6258 3163 541 2146 6259
5869 5 2 0 8 3163 541 2146 6259 3164 542 2147 6260
5870 5 2 0 8 3164 542 2147 6260 3165 543 2148 6261
5871 5 2 0 8 3165 543 2148 6261 3166 544 2149 6262
5872 5 2 0 8 3166 544 2149 6262 3167 545 2150 6263
5873 5 2 0 8 3167 545 2150 6263 3168 546 2151 6264
5874 5 2 0 8 3168 546 2151 6264 153 26 380 1278
5875 5 2 0 8 989 312 313 990 6256 2143 2152 6265
5876 5 2 0 8 6256 2143 2152 6265 6257 2144 2153 6266
5877 5 2 0 8 6257 2144 2153 6266 6258 2145 2154 6267
5878 5 2 0 8 6258 2145 2154 6267 6259 2146 2155 6268
5879 5 2 0 8 6259 2146 2155 6268 6260 2147 2156 6269
5880 5 2 0 8 6260 2147 2156 6269 6261 2148 2157 6270
5881 5 2 0 8 6261 2148 2157 6270 6262 2149 2158 6271
5882 5 2 0 8 6262 2149 2158 6271 6263 2150 2159 6272
5883 5 2 0 8 6263 2150 2159 6272 6264 2151 2160 6273
5884 5 2 0 8 6264 2151 2160 6273 1278 380 381 1279
5885 5 2 0 8 990 313 314 991 6265 2152 2161 6274
5886 5 2 0 8 6265 2152 2161 6274 6266 2153 2162 6275
5887 5 2 0 8 6266 2153 2162 6275 6267 2154 2163 6276
5888 5 2 0 8 6267 2154 2163 6276 6268 2155 2164 6277
5889 5 2 0 8 6268 2155 2164 6277 6269 2156 2165 6278
5890 5 2 0 8 6269 2156 2165 6278 6270 2157 2166 6279
5891 5 2 0 8 6270 2157 2166 6279 6271 2158 2167 6280
5892 5 2 0 8 6271 2158 2167 6280 6272 2159 2168 6281
5893 5 2 0 8 6272 2159 2168 6281 6273 2160 2169 6282
5894 5 2 0 8 6273 2160 2169 6282 1279 381 382 1280
5895 5 2 0 8 991 314 14 102 6274 2161 574 3313
5896 5 2 0 8 6274 2161 574 3313 6275 2162 575 3314
5897 5 2 0 8 6275 2162 575 3314 6276 2163 576 3315
5898 5 2 0 8 6276 2163 576 3315 6277 2164 577 3316
5899 5 2 0 8 6277 2164 577 3316 6278 2165 578 3317
5900 5 2 0 8 6278 2165 578 3317 6279 2166 579 3318
5901 5 2 0 8 6279 2166 579 3318 6280 2167 580 3319
5902 5 2 0 8 6280 2167 580 3319 6281 2168 581 3320
5903 5 2 0 8 6281 2168 581 3320 6282 2169 582 3321
5904 5 2 0 8 6282 2169 582 3321 1280 382 30 170
5905 5 2 0 9 10 86 992 312 538 3169 6283 2143
5906 5 2 0 9 538 3169 6283 2143 539 3170 6284 2144
5907 5 2 0 9 539 3170 6284 2144 540 3171 6285 2145
5908 5 2 0 9 540 3171 6285 2145 541 3172 6286 2146
5909 5 2 0 9 541 3172 6286 2146 542 3173 6287 2147
5910 5 2 0 9 542 3173 6287 2147 543 3174 6288 2148
5911 5 2 0 9 543 3174 6288 2148 544 3175 6289 2149
5912 5 2 0 9 544 3175 6289 2149 545 3176 6290 2150
5913 5 2 0 9 545 3176 6290 2150 546 3177 6291 2151
5914 5 2 0 9 546 3177 6291 2151 26 154 1281 380
5915 5 2 0 9 312 992 993 313 2143 6283 6292 2152
5916 5 2 0 9 2143 6283 6292 2152 2144 6284 6293 2153
5917 5 2 0 9 2144 6284 6293 2153 2145 6285 6294 2154
5918 5 2 0 9 2145 6285 6294 2154 2146 6286 6295 2155
5919 5 2 0 9 2146 6286 6295 2155 2147 6287 6296 2156
5920 5 2 0 9 2147 6287 6296 2156 2148 6288 6297 2157
5921 5 2 0 9 2148 6288 6297 2157 2149 6289 6298 2158
5922 5 2 0 9 2149 6289 6298 2158 2150 6290 6299 2159
5923 5 2 0 9 2150 6290 6299 2159 2151 6291 6300 2160
5924 5 2 0 9 2151 6291 6300 2160 380 1281 1282 381
5925 5 2 0 9 313 993 994 314 2152 6292 6301 2161
5926 5 2 0 9 2152 6292 6301 2161 2153 6293 6302 2162
5927 5 2 0 9 2153 6293 6302 2162 2154 6294 6303 2163
5928 5 2 0 9 2154 6294 6303 2163 2155 6295 6304 2164
5929 5 2 0 9 2155 6295 6304 2164 2156 6296 6305 2165
5930 5 2 0 9 2156 6296 6305 2165 2157 6297 6306 2166
5931 5 2 0 9 2157 6297 6306 2166 2158 6298 6307 2167
5932 5 2 0 9 2158 6298 6307 2167 2159 6299 6308 2168
5933 5 2 0 9 2159 6299 6308 2168 2160 6300 6309 2169
5934 5 2 0 9 2160 6300 6309 2169 381 1282 1283 382
5935 5 2 0 9 314 994 103 14 2161 6301 3322 574
5936 5 2 0 9 2161 6301 3322 574 2162 6302 3323 575
5937 5 2 0 9 2162 6302 3323 575 2163 6303 3324 576
5938 5 2 0 9 2163 6303 3324 576 2164 6304 3325 577
5939 5 2 0 9 2164 6304 3325 577 2165 6305 3326 578
5940 5 2 0 9 2165 6305 3326 578 2166 6306 3327 579
5941 5 2 0 9 2166 6306 3327 579 2167 6307 3328 580
5942 5 2 0 9 2167 6307 3328 580 2168 6308 3329 581
5943 5 2 0 9 2168 6308 3329 581 2169 6309 3330 582
5944 5 2 0 9 2169 6309 3330 582 382 1283 171 30
5945 5 2 0 9 86 87 995 992 3169 3178 6310 6283
5946 5 2 0 9 3169 3178 6310 6283 3170 3179 6311 6284
5947 5 2 0 9 3170 3179 6311 6284 3171 3180 6312 6285
5948 5 2 0 9 3171 3180 6312 6285 3172 3181 6313 6286
5949 5 2 0 9 3172 3181 6313 6286 3173 3182 6314 6287
5950 5 2 0 9 3173 3182 6314 6287 3174 3183 6315 6288
5951 5 2 0 9 3174 3183 6315 6288 3175 3184 6316 6289
5952 5 2 0 9 3175 3184 6316 6289 3176 3185 6317 6290
5953 5 2 0 9 3176 3185 6317 6290 3177 3186 6318 6291
5954 5 2 0 9 3177 3186 6318 6291 154 155 1284 1281
5955 5 2 0 9 992 995 996 993 6283 6310 6319 6292
5956 5 2 0 9 6283 6310 6319 6292 6284 6311 6320 6293
5957 5 2 0 9 6284 6311 6320 6293 6285 6312 6321 6294
5958 5 2 0 9 6285 6312 6321 6294 6286 6313 6322 6295
5959 5 2 0 9 6286 6313 6322 6295 6287 6314 6323 6296
5960 5 2 0 9 6287 6314 6323 6296 6288 6315 6324 6297
5961 5 2 0 9 6288 6315 6324 6297 6289 6316 6325 6298
5962 5 2 0 9 6289 6316 6325 6298 6290 6317 6326 6299
5963 5 2 0 9 6290 6317 6326 6299 6291 6318 6327 6300
5964 5 2 0 9 6291 6318 6327 6300 1281 1284 1285 1282
5965 5 2 0 9 993 996 997 994 6292 6319 6328 6301
5966 5 2 0 9 6292 6319 6328 6301 6293 6320 6329 6302
5967 5 2 0 9 6293 6320 6329 6302 6294 6321 6330 6303
5968 5 2 0 9 6294 6321 6330 6303 6295 6322 6331 6304
5969 5 2 0 9 6295 6322 6331 6304 6296 6323 6332 6305
5970 5 2 0 9 6296 6323 6332 6305 6297 6324 6333 6306
5971 5 2 0 9 6297 6324 6333 6306 6298 6325 6334 6307
5972 5 2 0 9 6298 6325 6334 6307 6299 6326 6335 6308
5973 5 2 0 9 6299 6326 6335 6308 6300 6327 6336 6309
5974 5 2 0 9 6300 6327 6336 6309 1282 1285 1286 1283
5975 5 2 0 9 994 997 104 103 6301 6328 3331 3322
5976 5 2 0 9 6301 6328 3331 3322 6302 6329 3332 3323
5977 5 2 0 9 6302 6329 3332 3323 6303 6330 3333 3324
5978 5 2 0 9 6303 6330 3333 3324 6304 6331 3334 3325
5979 5 2 0 9 6304 6331 3334 3325 6305 6332 3335 3326
5980 5 2 0 9 6305 6332 3335 3326 6306 6333 3336 3327
5981 5 2 0 9 6306 6333 3336 3327 6307 6334 3337 3328
5982 5 2 0 9 6307 6334 3337 3328 6308 6335 3338 3329
5983 5 2 0 9 6308 6335 3338 3329 6309 6336 3339 3330
5984 5 2 0 9 6309 6336 3339 3330 1283 1286 172 171
5985 5 2 0 9 87 88 998 995 3178 3187 6337 6310
5986 5 2 0 9 3178 3187 6337 6310 3179 3188 6338 6311
5987 5 2 0 9 3179 3188 6338 6311 3180 3189 6339 6312
5988 5 2 0 9 3180 3189 6339 6312 3181 3190 6340 6313
5989 5 2 0 9 3181 3190 6340 6313 3182 3191 6341 6314
5990 5 2 0 9 3182 3191 6341 6314 3183 3192 6342 6315
5991 5 2 0 9 3183 3192 6342 6315 3184 3193 6343 6316
5992 5 2 0 9 3184 3193 6343 6316 3185 3194 6344 6317
5993 5 2 0 9 3185 3194 6344 6317 3186 3195 6345 6318
5994 5 2 0 9 3186 3195 6345 6318 155 156 1287 1284
5995 5 2 0 9 995 998 999 996 6310 6337 6346 6319
5996 5 2 0 9 6310 6337 6346 6319 6311 6338 6347 6320
5997 5 2 0 9 6311 6338 6347 6320 6312 6339 6348 6321
5998 5 2 0 9 6312 6339 6348 6321 6313 6340 6349 6322
5999 5 2 0 9 6313 6340 6349 6322 6314 6341 6350 6323
6000 5 2 0 9 6314 6341 6350 6323 6315 6342 6351 6324
6001 5 2 0 9 6315 6342 6351 6324 6316 6343 6352 6325
6002 5 2 0 9 6316 6343 6352 6325 6317 6344 6353 6326
6003 5 2 0 9 6317 6344 6353 6326 6318 6345 6354 6327
6004 5 2 0 9 6318 6345 6354 6327 1284 1287 1288 1285
6005 5 2 0 9 996 999 1000 997 6319 6346 6355 6328
6006 5 2 0 9 6319 6346 6355 6328 6320 6347 6356 6329
6007 5 2 0 9 6320 6347 6356 6329 6321 6348 6357 6330
6008 5 2 0 9 6321 6348 6357 6330 6322 6349 6358 6331
6009 5 2 0 9 6322 6349 6358 6331 6323 6350 6359 6332
6010 5 2 0 9 6323 6350 6359 6332 6324 6351 6360 6333
6011 5 2 0 9 6324 6351 6360 6333 6325 6352 6361 6334
6012 5 2 0 9 6325 6352 6361 6334 6326 6353 6362 6335
6013 5 2 0 9 6326 6353 6362 6335 6327 6354 6363 6336
6014 5 2 0 9 6327 6354 6363 6336 1285 1288 1289 1286
6015 5 2 0 9 997 1000 105 104 6328 6355 3340 3331
6016 5 2 0 9 6328 6355 3340 3331 6329 6356 3341 3332
6017 5 2 0 9 6329 6356 3341 3332 6330 6357 3342 3333
6018 5 2 0 9 6330 6357 3342 3333 6331 6358 3343 3334
6019 5 2 0 9 6331 6358 3343 3334 6332 6359 3344 3335
6020 5 2 0 9 6332 6359 3344 3335 6333 6360 3345 3336
6021 5 2 0 9 6333 6360 3345 3336 6334 6361 3346 3337
6022 5 2 0 9 6334 6361 3346 3337 6335 6362 3347 3338
6023 5 2 0 9 6335 6362 3347 3338 6336 6363 3348 3339
6024 5 2 0 9 6336 6363 3348 3339 1286 1289 173 172
6025 5 2 0 9 88 89 1001 998 3187 3196 6364 6337
6026 5 2 0 9 3187 3196 6364 6337 3188 3197 6365 6338
6027 5 2 0 9 3188 3197 6365 6338 3189 3198 6366 6339
6028 5 2 0 9 3189 3198 6366 6339 3190 3199 6367 6340
6029 5 2 0 9 3190 3199 6367 6340 3191 3200 6368 6341
6030 5 2 0 9 3191 3200 6368 6341 3192 3201 6369 6342
6031 5 2 0 9 3192 3201 6369 6342 3193 3202 6370 6343
6032 5 2 0 9 3193 3202 6370 6343 3194 3203 6371 6344
6033 5 2 0 9 3194 3203 6371 6344 3195 3204 6372 6345
6034 5 2 0 9 3195 3204 6372 6345 156 157 1290 1287
6035 5 2 0 9 998 1001 1002 999 6337 6364 6373 6346
6036 5 2 0 9 6337 6364 6373 6346 6338 6365 6374 6347
6037 5 2 0 9 6338 6365 6374 6347 6339 6366 6375 6348
6038 5 2 0 9 6339 6366 6375 6348 6340 6367 6376 6349
6039 5 2 0 9 6340 6367 6376 6349 6341 6368 6377 6350
6040 5 2 0 9 6341 6368 6377 6350 6342 6369 6378 6351
6041 5 2 0 9 6342 6369 6378 6351 6343 6370 6379 6352
6042 5 2 0 9 6343 6370 6379 6352 6344 6371 6380 6353
6043 5 2 0 9 6344 6371 6380 6353 6345 6372 6381 6354
6044 5 2 0 9 6345 6372 6381 6354 1287 1290 1291 1288
6045 5 2 0 9 999 1002 1003 1000 6346 6373 6382 6355
6046 5 2 0 9 6346 6373 6382 6355 6347 6374 6383 6356
6047 5 2 0 9 6347 6374 6383 6356 6348 6375 6384 6357
6048 5 2 0 9 6348 6375 6384 6357 6349 6376 6385 6358
6049 5 2 0 9 6349 6376 6385 6358 6350 6377 6386 6359
6050 5 2 0 9 6350 6377 6386 6359 6351 6378 6387 6360
6051 5 2 0 9 6351 6378 6387 6360 6352 6379 6388 6361
6052 5 2 0 9 6352 6379 6388 6361 6353 6380 6389 6362
6053 5 2 0 9 6353 6380 6389 6362 6354 6381 6390 6363
6054 5 2 0 9 6354 6381 6390 6363 1288 1291 1292 1289
6055 5 2 0 9 1000 1003 106 105 6355 6382 3349 3340
6056 5 2 0 9 6355 6382 3349 3340 6356 6383 3350 3341
6057 5 2 0 9 6356 6383 3350 3341 6357 6384 3351 3342
6058 5 2 0 9 6357 6384 3351 3342 6358 6385 3352 3343
6059 5 2 0 9 6358 6385 3352 3343 6359 6386 3353 3344
6060 5 2 0 9 6359 6386 3353 3344 6360 6387 3354 3345
6061 5 2 0 9 6360 6387 3354 3345 6361 6388 3355 3346
6062 5 2 0 9 6361 6388 3355 3346 6362 6389 3356 3347
6063 5 2 0 9 6362 6389 3356 3347 6363 6390 3357 3348
6064 5 2 0 9 6363 6390 3357 3348 1289 1292 174 173
6065 5 2 0 9 89 90 1004 1001 3196 3205 6391 6364
6066 5 2 0 9 3196 3205 6391 6364 3197 3206 6392 6365
6067 5 2 0 9 3197 3206 6392 6365 3198 3207 6393 6366
6068 5 2 0 9 3198 3207 6393 6366 3199 3208 6394 6367
6069 5 2 0 9 3199 3208 6394 6367 3200 3209 6395 6368
6070 5 2 0 9 3200 3209 6395 6368 3201 3210 6396 6369
6071 5 2 0 9 3201 3210 6396 6369 3202 3211 6397 6370
6072 5 2 0 9 3202 3211 6397 6370 3203 3212 6398 6371
6073 5 2 0 9 3203 3212 6398 6371 3204 3213 6399 6372
6074 5 2 0 9 3204 3213 6399 6372 157 158 1293 1290
6075 5 2 0 9 1001 1004 1005 1002 6364 6391 6400 6373
6076 5 2 0 9 6364 6391 6400 6373 6365 6392 6401 6374
6077 5 2 0 9 6365 6392 6401 6374 6366 6393 6402 6375
6078 5 2 0 9 6366 6393 6402 6375 6367 6394 6403 6376
6079 5 2 0 9 6367 6394 6403 6376 6368 6395 6404 6377
6080 5 2 0 9 6368 6395 6404 6377 6369 6396 6405 6378
6081 5 2 0 9 6369 6396 6405 6378 6370 6397 6406 6379
6082 5 2 0 9 6370 6397 6406 6379 6371 6398 6407 6380
6083 5 2 0 9 6371 6398 6407 6380 6372 6399 6408 6381
6084 5 2 0 9 6372 6399 6408 6381 1290 1293 1294 1291
6085 5 2 0 9 1002 1005 1006 1003 6373 6400 6409 6382
6086 5 2 0 9 6373 6400 6409 6382 6374 6401 6410 6383
6087 5 2 0 9 6374 6401 6410 6383 6375 6402 6411 6384
6088 5 2 0 9 6375 6402 6411 6384 6376 6403 6412 6385
6089 5 2 0 9 6376 6403 6412 6385 6377 6404 6413 6386
6090 5 2 0 9 6377 6404 6413 6386 6378 6405 6414 6387
6091 5 2 0 9 6378 6405 6414 6387 6379 6406 6415 6388
6092 5 2 0 9 6379 6406 6415 6388 6380 6407 6416 6389
6093 5 2 0 9 6380 6407 6416 6389 6381 6408 6417 6390
6094 5 2 0 9 6381 6408 6417 6390 1291 1294 1295 1292
6095 5 2 0 9 1003 1006 107 106 6382 6409 3358 3349
6096 5 2 0 9 6382 6409 3358 3349 6383 6410 3359 3350
6097 5 2 0 9 6383 6410 3359 3350 6384 6411 3360 3351
6098 5 2 0 9 6384 6411 3360 3351 6385 6412 3361 3352
6099 5 2 0 9 6385 6412 3361 3352 6386 6413 3362 3353
6100 5 2 0 9 6386 6413 3362 3353 6387 6414 3363 3354
6101 5 2 0 9 6387 6414 3363 3354 6388 6415 3364 3355
6102 5 2 0 9 6388 6415 3364 3355 6389 6416 3365 3356
6103 5 2 0 9 6389 6416 3365 3356 6390 6417 3366 3357
6104 5 2 0 9 6390 6417 3366 3357 1292 1295 175 174
6105 5 2 0 9 90 91 1007 1004 3205 3214 6418 6391
6106 5 2 0 9 3205 3214 6418 6391 3206 3215 6419 6392
6107 5 2 0 9 3206 3215 6419 6392 3207 3216 6420 6393
6108 5 2 0 9 3207 3216 6420 6393 3208 3217 6421 6394
6109 5 2 0 9 3208 3217 6421 6394 3209 3218 6422 6395
6110 5 2 0 9 3209 3218 6422 6395 3210 3219 6423 6396
6111 5 2 0 9 3210 3219 6423 6396 3211 3220 6424 6397
6112 5 2 0 9 3211 3220 6424 6397 3212 3221 6425 6398
6113 5 2 0 9 3212 3221 6425 6398 3213 3222 6426 6399
6114 5 2 0 9 3213 3222 6426 6399 158 159 1296 1293
6115 5 2 0 9 1004 1007 1008 1005 6391 6418 6427 6400
6116 5 2 0 9 6391 6418 6427 6400 6392 6419 6428 6401
6117 5 2 0 9 6392 6419 6428 6401 6393 6420 6429 6402
6118 5 2 0 9 6393 6420 6429 6402 6394 6421 6430 6403
6119 5 2 0 9 6394 6421 6430 6403 6395 6422 6431 6404
6120 5 2 0 9 6395 6422 6431 6404 6396 6423 6432 6405
6121 5 2 0 9 6396 6423 6432 6405 6397 6424 6433 6406
6122 5 2 0 9 6397 6424 6433 6406 6398 6425 6434 6407
6123 5 2 0 9 6398 6425 6434 6407 6399 6426 6435 6408
6124 5 2 0 9 6399 6426 6435 6408 1293 1296 1297 1294
6125 5 2 0 9 1005 1008 1009 1006 6400 6427 6436 6409
6126 5 2 0 9 6400 6427 6436 6409 6401 6428 6437 6410
6127 5 2 0 9 6401 6428 6437 6410 6402 6429 6438 6411
6128 5 2 0 9 6402 6429 6438 6411 6403 6430 6439 6412
6129 5 2 0 9 6403 6430 6439 6412 6404 6431 6440 6413
6130 5 2 0 9 6404 6431 6440 6413 6405 6432 6441 6414
6131 5 2 0 9 6405 6432 6441 6414 6406 6433 6442 6415
6132 5 2 0 9 6406 6433 6442 6415 6407 6434 6443 6416
6133 5 2 0 9 6407 6434 6443 6416 6408 6435 6444 6417
6134 5 2 0 9 6408 6435 6444 6417 1294 1297 1298 1295
6135 5 2 0 9 1006 1009 108 107 6409 6436 3367 3358
6136 5 2 0 9 6409 6436 3367 3358 6410 6437 3368 3359
6137 5 2 0 9 6410 6437 3368 3359 6411 6438 3369 3360
6138 5 2 0 9 6411 6438 3369 3360 6412 6439 3370 3361
6139 5 2 0 9 6412 6439 3370 3361 6413 6440 3371 3362
6140 5 2 0 9 6413 6440 3371 3362 6414 6441 3372 3363
6141 5 2 0 9 6414 6441 3372 3363 6415 6442 3373 3364
6142 5 2 0 9 6415 6442 3373 3364 6416 6443 3374 3365
6143 5 2 0 9 6416 6443 3374 3365 6417 6444 3375 3366
6144 5 2 0 9 6417 6444 3375 3366 1295 1298 176 175
6145 5 2 0 9 91 92 1010 1007 3214 3223 6445 6418
6146 5 2 0 9 3214 3223 6445 6418 3215 3224 6446 6419
6147 5 2 0 9 3215 3224 6446 6419 3216 3225 6447 6420
6148 5 2 0 9 3216 3225 6447 6420 3217 3226 6448 6421
6149 5 2 0 9 3217 3226 6448 6421 3218 3227 6449 6422
6150 5 2 0 9 3218 3227 6449 6422 3219 3228 6450 6423
6151 5 2 0 9 3219 3228 6450 6423 3220 3229 6451 6424
6152 5 2 0 9 3220 3229 6451 6424 3221 3230 6452 6425
6153 5 2 0 9 3221 3230 6452 6425 3222 3231 6453 6426
6154 5 2 0 9 3222 3231 6453 6426 159 160 1299 1296
6155 5 2 0 9 1007 1010 1011 1008 6418 6445 6454 6427
6156 5 2 0 9 6418 6445 6454 6427 6419 6446 6455 6428
6157 5 2 0 9 6419 6446 6455 6428 6420 6447 6456 6429
6158 5 2 0 9 6420 6447 6456 6429 6421 6448 6457 6430
6159 5 2 0 9 6421 6448 6457 6430 6422 6449 6458 6431
6160 5 2 0 9 6422 6449 6458 6431 6423 6450 6459 6432
6161 5 2 0 9 6423 6450 6459 6432 6424 6451 6460 6433
6162 5 2 0 9 6424 6451 6460 6433 6425 6452 6461 6434
6163 5 2 0 9 6425 6452 6461 6434 6426 6453 6462 6435
6164 5 2 0 9 6426 6453 6462 6435 1296 1299 1300 1297
6165 5 2 0 9 1008 1011 1012 1009 6427 6454 6463 6436
6166 5 2 0 9 6427 6454 6463 6436 6428 6455 6464 6437
6167 5 2 0 9 6428 6455 6464 6437 6429 6456 6465 6438
6168 5 2 0 9 6429 6456 6465 6438 6430 6457 6466 6439
6169 5 2 0 9 6430 6457 6466 6439 6431 6458 6467 6440
6170 5 2 0 9 6431 6458 6467 6440 6432 6459 6468 6441
6171 5 2 0 9 6432 6459 6468 6441 6433 6460 6469 6442
6172 5 2 0 9 6433 6460 6469 6442 6434 6461 6470 6443
6173 5 2 0 9 6434 6461 6470 6443 6435 6462 6471 6444
6174 5 2 0 9 6435 6462 6471 6444 1297 1300 1301 1298
6175 5 2 0 9 1009 1012 109 108 6436 6463 3376 3367
6176 5 2 0 9 6436 6463 3376 3367 6437 6464 3377 3368
6177 5 2 0 9 6437 6464 3377 3368 6438 6465 3378 3369
6178 5 2 0 9 6438 6465 3378 3369 6439 6466 3379 3370
6179 5 2 0 9 6439 6466 3379 3370 6440 6467 3380 3371
6180 5 2 0 9 6440 6467 3380 3371 6441 6468 3381 3372
6181 5 2 0 9 6441 6468 3381 3372 6442 6469 3382 3373
6182 5 2 0 9 6442 6469 3382 3373 6443 6470 3383 3374
6183 5 2 0 9 6443 6470 3383 3374 6444 6471 3384 3375
6184 5 2 0 9 6444 6471 3384 3375 1298 1301 177 176
6185 5 2 0 9 92 93 1013 1010 3223 3232 6472 6445
6186 5 2 0 9 3223 3232 6472 6445 3224 3233 6473 6446
6187 5 2 0 9 3224 3233 6473 6446 3225 3234 6474 6447
6188 5 2 0 9 3225 3234 6474 6447 3226 3235 6475 6448
6189 5 2 0 9 3226 3235 6475 6448 3227 3236 6476 6449
6190 5 2 0 9 3227 3236 6476 6449 3228 3237 6477 6450
6191 5 2 0 9 3228 3237 6477 6450 3229 3238 6478 6451
6192 5 2 0 9 3229 3238 6478 6451 3230 3239 6479 6452
6193 5 2 0 9 3230 3239 6479 6452 3231 3240 6480 6453
6194 5 2 0 9 3231 3240 6480 6453 160 161 1302 1299
6195 5 2 0 9 1010 1013 1014 1011 6445 6472 6481 6454
6196 5 2 0 9 6445 6472 6481 6454 6446 6473 6482 6455
6197 5 2 0 9 6446 6473 6482 6455 6447 6474 6483 6456
6198 5 2 0 9 6447 6474 6483 6456 6448 6475 6484 6457
6199 5 2 0 9 6448 6475 6484 6457 6449 6476 6485 6458
6200 5 2 0 9 6449 6476 6485 6458 6450 6477 6486 6459
6201 5 2 0 9 6450 6477 6486 6459 6451 6478 6487 6460
6202 5 2 0 9 6451 6478 6487 6460 6452 6479 6488 6461
6203 5 2 0 9 6452 6479 6488 6461 6453 6480 6489 6462
6204 5 2 0 9 6453 6480 6489 6462 1299 1302 1303 1300
6205 5 2 0 9 1011 1014 1015 1012 6454 6481 6490 6463
6206 5 2 0 9 6454 6481 6490 6463 6455 6482 6491 6464
6207 5 2 0 9 6455 6482 6491 6464 6456 6483 6492 6465
6208 5 2 0 9 6456 6483 6492 6465 6457 6484 6493 6466
6209 5 2 0 9 6457 6484 6493 6466 6458 6485 6494 6467
6210 5 2 0 9 6458 6485 6494 6467 6459 6486 6495 6468
6211 5 2 0 9 6459 6486 6495 6468 6460 6487 6496 6469
6212 5 2 0 9 6460 6487 6496 6469 6461 6488 6497 6470
6213 5 2 0 9 6461 6488 6497 6470 6462 6489 6498 6471
6214 5 2 0 9 6462 6489 6498 6471 1300 1303 1304 1301
6215 5 2 0 9 1012 1015 110 109 6463 6490 3385 3376
6216 5 2 0 9 6463 6490 3385 3376 6464 6491 3386 3377
6217 5 2 0 9 6464 6491 3386 3377 6465 6492 3387 3378
6218 5 2 0 9 6465 6492 3387 3378 6466 6493 3388 3379
6219 5 2 0 9 6466 6493 3388 3379 6467 6494 3389 3380
6220 5 2 0 9 6467 6494 3389 3380 6468 6495 3390 3381
6221 5 2 0 9 6468 6495 3390 3381 6469 6496 3391 3382
6222 5 2 0 9 6469 6496 3391 3382 6470 6497 3392 3383
6223 5 2 0 9 6470 6497 3392 3383 6471 6498 3393 3384
6224 5 2 0 9 6471 6498 3393 3384 1301 1304 178 177
6225 5 2 0 9 93 94 1016 1013 3232 3241 6499 6472
6226 5 2 0 9 3232 3241 6499 6472 3233 3242 6500 6473
6227 5 2 0 9 3233 3242 6500 6473 3234 3243 6501 6474
6228 5 2 0 9 3234 3243 6501 6474 3235 3244 6502 6475
6229 5 2 0 9 3235 3244 6502 6475 3236 3245 6503 6476
6230 5 2 0 9 3236 3245 6503 6476 3237 3246 6504 6477
6231 5 2 0 9 3237 3246 6504 6477 3238 3247 6505 6478
6232 5 2 0 9 3238 3247 6505 6478 3239 3248 6506 6479
6233 5 2 0 9 3239 3248 6506 6479 3240 3249 6507 6480
6234 5 2 0 9 3240 3249 6507 6480 161 162 1305 1302
6235 5 2 0 9 1013 1016 1017 1014 6472 6499 6508 6481
6236 5 2 0 9 6472 6499 6508 6481 6473 6500 6509 6482
6237 5 2 0 9 6473 6500 6509 6482 6474 6501 6510 6483
6238 5 2 0 9 6474 6501 6510 6483 6475 6502 6511 6484
6239 5 2 0 9 6475 6502 6511 6484 6476 6503 6512 6485
6240 5 2 0 9 6476 6503 6512 6485 6477 6504 6513 6486
6241 5 2 0 9 6477 6504 6513 6486 6478 6505 6514 6487
6242 5 2 0 9 6478 6505 6514 6487 6479 6506 6515 6488
6243 5 2 0 9 6479 6506 6515 6488 6480 6507 6516 6489
6244 5 2 0 9 6480 6507 6516 6489 1302 1305 1306 1303
6245 5 2 0 9 1014 1017 1018 1015 6481 6508 6517 6490
6246 5 2 0 9 6481 6508 6517 6490 6482 6509 6518 6491
6247 5 2 0 9 6482 6509 6518 6491 6483 6510 6519 6492
6248 5 2 0 9 6483 6510 6519 6492 6484 6511 6520 6493
6249 5 2 0 9 6484 6511 6520 6493 6485 6512 6521 6494
6250 5 2 0 9 6485 6512 6521 6494 6486 6513 6522 6495
6251 5 2 0 9 6486 6513 6522 6495 6487 6514 6523 6496
6252 5 2 0 9 6487 6514 6523 6496 6488 6515 6524 6497
6253 5 2 0 9 6488 6515 6524 6497 6489 6516 6525 6498
6254 5 2 0 9 6489 6516 6525 6498 1303 1306 1307 1304
6255 5 2 0 9 1015 1018 111 110 6490 6517 3394 3385
6256 5 2 0 9 6490 6517 3394 3385 6491 6518 3395 3386
6257 5 2 0 9 6491 6518 3395 3386 6492 6519 3396 3387
6258 5 2 0 9 6492 6519 3396 3387 6493 6520 3397 3388
6259 5 2 0 9 6493 6520 3397 3388 6494 6521 3398 3389
6260 5 2 0 9 6494 6521 3398 3389 6495 6522 3399 3390
6261 5 2 0 9 6495 6522 3399 3390 6496 6523 3400 3391
6262 5 2 0 9 6496 6523 3400 3391 6497 6524 3401 3392
6263 5 2 0 9 6497 6524 3401 3392 6498 6525 3402 3393
6264 5 2 0 9 6498 6525 3402 3393 1304 1307 179 178
6265 5 2 0 9 94 95 1019 1016 3241 3250 6526 6499
6266 5 2 0 9 3241 3250 6526 6499 3242 3251 6527 6500
6267 5 2 0 9 3242 3251 6527 6500 3243 3252 6528 6501
6268 5 2 0 9 3243 3252 6528 6501 3244 3253 6529 6502
6269 5 2 0 9 3244 3253 6529 6502 3245 3254 6530 6503
6270 5 2 0 9 3245 3254 6530 6503 3246 3255 6531 6504
6271 5 2 0 9 3246 3255 6531 6504 3247 3256 6532 6505
6272 5 2 0 9 3247 3256 6532 6505 3248 3257 6533 6506
6273 5 2 0 9 3248 3257 6533 6506 3249 3258 6534 6507
6274 5 2 0 9 3249 3258 6534 6507 162 163 1308 1305
6275 5 2 0 9 1016 1019 1020 1017 6499 6526 6535 6508
6276 5 2 0 9 6499 6526 6535 6508 6500 6527 6536 6509
6277 5 2 0 9 6500 6527 6536 6509 6501 6528 6537 6510
6278 5 2 0 9 6501 6528 6537 6510 6502 6529 6538 6511
6279 5 2 0 9 6502 6529 6538 6511 6503 6530 6539 6512
6280 5 2 0 9 6503 6530 6539 6512 6504 6531 6540 6513
6281 5 2 0 9 6504 6531 6540 6513 6505 6532 6541 6514
6282 5 2 0 9 6505 6532 6541 6514 6506 6533 6542 6515
6283 5 2 0 9 6506 6533 6542 6515 6507 6534 6543 6516
6284 5 2 0 9 6507 6534 6543 6516 1305 1308 1309 1306
6285 5 2 0 9 1017 1020 1021 1018 6508 6535 6544 6517
6286 5 2 0 9 6508 6535 6544 6517 6509 6536 6545 6518
6287 5 2 0 9 6509 6536 6545 6518 6510 6537 6546 6519
6288 5 2 0 9 6510 6537 6546 6519 6511 6538 6547 6520
6289 5 2 0 9 6511 6538 6547 6520 6512 6539 6548 6521
6290 5 2 0 9 6512 6539 6548 6521 6513 6540 6549 6522
6291 5 2 0 9 6513 6540 6549 6522 6514 6541 6550 6523
6292 5 2 0 9 6514 6541 6550 6523 6515 6542 6551 6524
6293 5 2 0 9 6515 6542 6551 6524 6516 6543 6552 6525
6294 5 2 0 9 6516 6543 6552 6525 1306 1309 1310 1307
6295 5 2 0 9 1018 1021 112 111 6517 6544 3403 3394
6296 5 2 0 9 6517 6544 3403 3394 6518 6545 3404 3395
6297 5 2 0 9 6518 6545 3404 3395 6519 6546 3405 3396
6298 5 2 0 9 6519 6546 3405 3396 6520 6547 3406 3397
6299 5 2 0 9 6520 6547 3406 3397 6521 6548 3407 3398
6300 5 2 0 9 6521 6548 3407 3398 6522 6549 3408 3399
6301 5 2 0 9 6522 6549 3408 3399 6523 6550 3409 3400
6302 5 2 0 9 6523 6550 3409 3400 6524 6551 3410 3401
6303 5 2 0 9 6524 6551 3410 3401 6525 6552 3411 3402
6304 5 2 0 9 6525 6552 3411 3402 1307 1310 180 179
6305 5 2 0 9 95 96 1022 1019 3250 3259 6553 6526
6306 5 2 0 9 3250 3259 6553 6526 3251 3260 6554 6527
6307 5 2 0 9 3251 3260 6554 6527 3252 3261 6555 6528
6308 5 2 0 9 3252 3261 6555 6528 3253 3262 6556 6529
6309 5 2 0 9 3253 3262 6556 6529 3254 3263 6557 6530
6310 5 2 0 9 3254 3263 6557 6530 3255 3264 6558 6531
6311 5 2 0 9 3255 3264 6558 6531 3256 3265 6559 6532
6312 5 2 0 9 3256 3265 6559 6532 3257 3266 6560 6533
6313 5 2 0 9 3257 3266 6560 6533 3258 3267 6561 6534
6314 5 2 0 9 3258 3267 6561 6534 163 164 1311 1308
6315 5 2 0 9 1019 1022 1023 1020 6526 6553 6562 6535
6316 5 2 0 9 6526 6553 6562 6535 6527 6554 6563 6536
6317 5 2 0 9 6527 6554 6563 6536 6528 6555 6564 6537
6318 5 2 0 9 6528 6555 6564 6537 6529 6556 6565 6538
6319 5 2 0 9 6529 6556 6565 6538 6530 6557 6566 6539
6320 5 2 0 9 6530 6557 6566 6539 6531 6558 6567 6540
6321 5 2 0 9 6531 6558 6567 6540 6532 6559 6568 6541
6322 5 2 0 9 6532 6559 6568 6541 6533 6560 6569 6542
6323 5 2 0 9 6533 6560 6569 6542 6534 6561 6570 6543
6324 5 2 0 9 6534 6561 6570 6543 1308 1311 1312 1309
6325 5 2 0 9 1020 1023 1024 1021 6535 6562 6571 6544
6326 5 2 0 9 6535 6562 6571 6544 6536 6563 6572 6545
6327 5 2 0 9 6536 6563 6572 6545 6537 6564 6573 6546
6328 5 2 0 9 6537 6564 6573 6546 6538 6565 6574 6547
6329 5 2 0 9 6538 6565 6574 6547 6539 6566 6575 6548
6330 5 2 0 9 6539 6566 6575 6548 6540 6567 6576 6549
6331 5 2 0 9 6540 6567 6576 6549 6541 6568 6577 6550
6332 5 2 0 9 6541 6568 6577 6550 6542 6569 6578 6551
6333 5 2 0 9 6542 6569 6578 6551 6543 6570 6579 6552
6334 5 2 0 9 6543 6570 6579 6552 1309 1312 1313 1310
6335 5 2 0 9 1021 1024 113 112 6544 6571 3412 3403
6336 5 2 0 9 6544 6571 3412 3403 6545 6572 3413 3404
6337 5 2 0 9 6545 6572 3413 3404 6546 6573 3414 3405
6338 5 2 0 9 6546 6573 3414 3405 6547 6574 3415 3406
6339 5 2 0 9 6547 6574 3415 3406 6548 6575 3416 3407
6340 5 2 0 9 6548 6575 3416 3407 6549 6576 3417 3408
6341 5 2 0 9 6549 6576 3417 3408 6550 6577 3418 3409
6342 5 2 0 9 6550 6577 3418 3409 6551 6578 3419 3410
6343 5 2 0 9 6551 6578 3419 3410 6552 6579 3420 3411
6344 5 2 0 9 6552 6579 3420 3411 1310 1313 181 180
6345 5 2 0 9 96 11 315 1022 3259 547 2170 6553
6346 5 2 0 9 3259 547 2170 6553 3260 548 2171 6554
6347 5 2 0 9 3260 548 2171 6554 3261 549 2172 6555
6348 5 2 0 9 3261 549 2172 6555 3262 550 2173 6556
6349 5 2 0 9 3262 550 2173 6556 3263 551 2174 6557
6350 5 2 0 9 3263 551 2174 6557 3264 552 2175 6558
6351 5 2 0 9 3264 552 2175 6558 3265 553 2176 6559
6352 5 2 0 9 3265 553 2176 6559 3266 554 2177 6560
6353 5 2 0 9 3266 554 2177 6560 3267 555 2178 6561
6354 5 2 0 9 3267 555 2178 6561 164 27 383 1311
6355 5 2 0 9 1022 315 316 1023 6553 2170 2179 6562
6356 5 2 0 9 6553 2170 2179 6562 6554 2171 2180 6563
6357 5 2 0 9 6554 2171 2180 6563 6555 2172 2181 6564
6358 5 2 0 9 6555 2172 2181 6564 6556 2173 2182 6565
6359 5 2 0 9 6556 2173 2182 6565 6557 2174 2183 6566
6360 5 2 0 9 6557 2174 2183 6566 6558 2175 2184 6567
6361 5 2 0 9 6558 2175 2184 6567 6559 2176 2185 6568
6362 5 2 0 9 6559 2176 2185 6568 6560 2177 2186 6569
6363 5 2 0 9 6560 2177 2186 6569 6561 2178 2187 6570
6364 5 2 0 9 6561 2178 2187 6570 1311 383 384 1312
6365 5 2 0 9 1023 316 317 1024 6562 2179 2188 6571
6366 5 2 0 9 6562 2179 2188 6571 6563 2180 2189 6572
6367 5 2 0 9 6563 2180 2189 6572 6564 2181 2190 6573
6368 5 2 0 9 6564 2181 2190 6573 6565 2182 2191 6574
6369 5 2 0 9 6565 2182 2191 6574 6566 2183 2192 6575
6370 5 2 0 9 6566 2183 2192 6575 6567 2184 2193 6576
6371 5 2 0 9 6567 2184 2193 6576 6568 2185 2194 6577
6372 5 2 0 9 6568 2185 2194 6577 6569 2186 2195 6578
6373 5 2 0 9 6569 2186 2195 6578 6570 2187 2196 6579
6374 5 2 0 9 6570 2187 2196 6579 1312 384 385 1313
6375 5 2 0 9 1024 317 15 113 6571 2188 583 3412
6376 5 2 0 9 6571 2188 583 3412 6572 2189 584 3413
6377 5 2 0 9 6572 2189 584 3413 6573 2190 585 3414
6378 5 2 0 9 6573 2190 585 3414 6574 2191 586 3415
6379 5 2 0 9 6574 2191 586 3415 6575 2192 587 3416
6380 5 2 0 9 6575 2192 587 3416 6576 2193 588 3417
6381 5 2 0 9 6576 2193 588 3417 6577 2194 589 3418
6382 5 2 0 9 6577 2194 589 3418 6578 2195 590 3419
6383 5 2 0 9 6578 2195 590 3419 6579 2196 591 3420
6384 5 2 0 9 6579 2196 591 3420 1313 385 31 181
6385 5 2 0 10 11 97 1025 315 547 3268 6580 2170
6386 5 2 0 10 547 3268 6580 2170 548 3269 6581 2171
6387 5 2 0 10 548 3269 6581 2171 549 3270 6582 2172
6388 5 2 0 10 549 3270 6582 2172 550 3271 6583 2173
6389 5 2 0 10 550 3271 6583 2173 551 3272 6584 2174
6390 5 2 0 10 551 3272 6584 2174 552 3273 6585 2175
6391 5 2 0 10 552 3273 6585 2175 553 3274 6586 2176
6392 5 2 0 10 553 3274 6586 2176 554 3275 6587 2177
6393 5 2 0 10 554 3275 6587 2177 555 3276 6588 2178
6394 5 2 0 10 555 3276 6588 2178 27 165 1314 383
6395 5 2 0 10 315 1025 1026 316 2170 6580 6589 2179
6396 5 2 0 10 2170 6580 6589 2179 2171 6581 6590 2180
6397 5 2 0 10 2171 6581 6590 2180 2172 6582 6591 2181
6398 5 2 0 10 2172 6582 6591 2181 2173 6583 6592 2182
6399 5 2 0 10 2173 6583 6592 2182 2174 6584 6593 2183
6400 5 2 0 10 2174 6584 6593 2183 2175 6585 6594 2184
6401 5 2 0 10 2175 6585 6594 2184 2176 6586 6595 2185
6402 5 2 0 10 2176 6586 6595 2185 2177 6587 6596 2186
6403 5 2 0 10 2177 6587 6596 2186 2178 6588 6597 2187
6404 5 2 0 10 2178 6588 6597 2187 383 1314 1315 384
6405 5 2 0 10 316 1026 1027 317 2179 6589 6598 2188
6406 5 2 0 10 2179 6589 6598 2188 2180 6590 6599 2189
6407 5 2 0 10 2180 6590 6599 2189 2181 6591 6600 2190
6408 5 2 0 10 2181 6591 6600 2190 2182 6592 6601 2191
6409 5 2 0 10 2182 6592 6601 2191 2183 6593 6602 2192
6410 5 2 0 10 2183 6593 6602 2192 2184 6594 6603 2193
6411 5 2 0 10 2184 6594 6603 2193 2185 6595 6604 2194
6412 5 2 0 10 2185 6595 6604 2194 2186 6596 6605 2195
6413 5 2 0 10 2186 6596 6605 2195 2187 6597 6606 2196
6414 5 2 0 10 2187 6597 6606 2196 384 1315 1316 385
6415 5 2 0 10 317 1027 114 15 2188 6598 3421 583
6416 5 2 0 10 2188 6598 3421 583 2189 6599 3422 584
6417 5 2 0 10 2189 6599 3422 584 2190 6600 3423 585
6418 5 2 0 10 2190 6600 3423 585 2191 6601 3424 586
6419 5 2 0 10 2191 6601 3424 586 2192 6602 3425 587
6420 5 2 0 10 2192 6602 3425 587 2193 6603 3426 588
6421 5 2 0 10 2193 6603 3426 588 2194 6604 3427 589
6422 5 2 0 10 2194 6604 3427 589 2195 6605 3428 590
6423 5 2 0 10 2195 6605 3428 590 2196 6606 3429 591
6424 5 2 0 10 2196 6606 3429 591 385 1316 182 31
6425 5 2 0 10 97 98 1028 1025 3268 3277 6607 6580
6426 5 2 0 10 3268 3277 6607 6580 3269 3278 6608 6581
6427 5 2 0 10 3269 3278 6608 6581 3270 3279 6609 6582
6428 5 2 0 10 3270 3279 6609 6582 3271 3280 6610 6583
6429 5 2 0 10 3271 3280 6610 6583 3272 3281 6611 6584
6430 5 2 0 10 3272 3281 6611 6584 3273 3282 6612 6585
6431 5 2 0 10 3273 3282 6612 6585 3274 3283 6613 6586
6432 5 2 0 10 3274 3283 6613 6586 3275 3284 6614 6587
6433 5 2 0 10 3275 3284 6614 6587 3276 3285 6615 6588
6434 5 2 0 10 3276 3285 6615 6588 165 166 1317 1314
6435 5 2 0 10 1025 1028 1029 1026 6580 6607 6616 6589
6436 5 2 0 10 6580 6607 6616 6589 6581 6608 6617 6590
6437 5 2 0 10 6581 6608 6617 6590 6582 6609 6618 6591
6438 5 2 0 10 6582 6609 6618 6591 6583 6610 6619 6592
6439 5 2 0 10 6583 6610 6619 6592 6584 6611 6620 6593
6440 5 2 0 10 6584 6611 6620 6593 6585 6612 6621 6594
6441 5 2 0 10 6585 6612 6621 6594 6586 6613 6622 6595
6442 5 2 0 10 6586 6613 6622 6595 6587 6614 6623 6596
6443 5 2 0 10 6587 6614 6623 6596 6588 6615 6624 6597
6444 5 2 0 10 6588 6615 6624 6597 1314 1317 1318 1315
6445 5 2 0 10 1026 1029 1030 1027 6589 6616 6625 6598
6446 5 2 0 10 6589 6616 6625 6598 6590 6617 6626 6599
6447 5 2 0 10 6590 6617 6626 6599 6591 6618 6627 6600
6448 5 2 0 10 6591 6618 6627 6600 6592 6619 6628 6601
6449 5 2 0 10 6592 6619 6628 6601 6593 6620 6629 6602
6450 5 2 0 10 6593 6620 6629 6602 6594 6621 6630 6603
6451 5 2 0 10 6594 6621 6630 6603 6595 6622 6631 6604
6452 5 2 0 10 6595 6622 6631 6604 6596 6623 6632 6605
6453 5 2 0 10 6596 6623 6632 6605 6597 6624 6633 6606
6454 5 2 0 10 6597 6624 6633 6606 1315 1318 1319 1316
6455 5 2 0 10 1027 1030 115 114 6598 6625 3430 3421
6456 5 2 0 10 6598 6625 3430 3421 6599 6626 3431 3422
6457 5 2 0 10 6599 6626 3431 3422 6600 6627 3432 3423
6458 5 2 0 10 6600 6627 3432 3423 6601 6628 3433 3424
6459 5 2 0 10 6601 6628 3433 3424 6602 6629 3434 3425
6460 5 2 0 10 6602 6629 3434 3425 6603 6630 3435 3426
6461 5 2 0 10 6603 6630 3435 3426 6604 6631 3436 3427
6462 5 2 0 10 6604 6631 3436 3427 6605 6632 3437 3428
6463 5 2 0 10 6605 6632 3437 3428 6606 6633 3438 3429
6464 5 2 0 10 6606 6633 3438 3429 1316 1319 183 182
6465 5 2 0 10 98 99 1031 1028 3277 3286 6634 6607
6466 5 2 0 10 3277 3286 6634 6607 3278 3287 6635 6608
6467 5 2 0 10 3278 3287 6635 6608 3279 3288 6636 6609
6468 5 2 0 10 3279 3288 6636 6609 3280 3289 6637 6610
6469 5 2 0 10 3280 3289 6637 6610 3281 3290 6638 6611
6470 5 2 0 10 3281 3290 6638 6611 3282 3291 6639 6612
6471 5 2 0 10 3282 3291 6639 6612 3283 3292 6640 6613
6472 5 2 0 10 3283 3292 6640 6613 3284 3293 6641 6614
6473 5 2 0 10 3284 3293 6641 6614 3285 3294 6642 6615
6474 5 2 0 10 3285 3294 6642 6615 166 167 1320 1317
6475 5 2 0 10 1028 1031 1032 1029 6607 6634 6643 6616
6476 5 2 0 10 6607 6634 6643 6616 6608 6635 6644 6617
6477 5 2 0 10 6608 6635 6644 6617 6609 6636 6645 6618
6478 5 2 0 10 6609 6636 6645 6618 6610 6637 6646 6619
6479 5 2 0 10 6610 6637 6646 6619 6611 6638 6647 6620
6480 5 2 0 10 6611 6638 6647 6620 6612 6639 6648 6621
6481 5 2 0 10 6612 6639 6648 6621 6613 6640 6649 6622
6482 5 2 0 10 6613 6640 6649 6622 6614 6641 6650 6623
6483 5 2 0 10 6614 6641 6650 6623 6615 6642 6651 6624
6484 5 2 0 10 6615 6642 6651 6624 1317 1320 1321 1318
6485 5 2 0 10 1029 1032 1033 1030 6616 6643 6652 6625
6486 5 2 0 10 6616 6643 6652 6625 6617 6644 6653 6626
6487 5 2 0 10 6617 6644 6653 6626 6618 6645 6654 6627
6488 5 2 0 10 6618 6645 6654 6627 6619 6646 6655 6628
6489 5 2 0 10 6619 6646 6655 6628 6620 6647 6656 6629
6490 5 2 0 10 6620 6647 6656 6629 6621 6648 6657 6630
6491 5 2 0 10 6621 6648 6657 6630 6622 6649 6658 6631
6492 5 2 0 10 6622 6649 6658 6631 6623 6650 6659 6632
6493 5 2 0 10 6623 6650 6659 6632 6624 6651 6660 6633
6494 5 2 0 10 6624 6651 6660 6633 1318 1321 1322 1319
6495 5 2 0 10 1030 1033 116 115 6625 6652 3439 3430
6496 5 2 0 10 6625 6652 3439 3430 6626 6653 3440 3431
6497 5 2 0 10 6626 6653 3440 3431 6627 6654 3441 3432
6498 5 2 0 10 6627 6654 3441 3432 6628 6655 3442 3433
6499 5 2 0 10 6628 6655 3442 3433 6629 6656 3443 3434
6500 5 2 0 10 6629 6656 3443 3434 6630 6657 3444 3435
6501 5 2 0 10 6630 6657 3444 3435 6631 6658 3445 3436
6502 5 2 0 10 6631 6658 3445 3436 6632 6659 3446 3437
6503 5 2 0 10 6632 6659 3446 3437 6633 6660 3447 3438
6504 5 2 0 10 6633 6660 3447 3438 1319 1322 184 183
6505 5 2 0 10 99 12 318 1031 3286 556 2197 6634
6506 5 2 0 10 3286 556 2197 6634 3287 557 2198 6635
6507 5 2 0 10 3287 557 2198 6635 3288 558 2199 6636
6508 5 2 0 10 3288 558 2199 6636 3289 559 2200 6637
6509 5 2 0 10 3289 559 2200 6637 3290 560 2201 6638
6510 5 2 0 10 3290 560 2201 6638 3291 561 2202 6639
6511 5 2 0 10 3291 561 2202 6639 3292 562 2203 6640
6512 5 2 0 10 3292 562 2203 6640 3293 563 2204 6641
6513 5 2 0 10 3293 563 2204 6641 3294 564 2205 6642
6514 5 2 0 10 3294 564 2205 6642 167 28 386 1320
6515 5 2 0 10 1031 318 319 1032 6634 2197 2206 6643
6516 5 2 0 10 6634 2197 2206 6643 6635 2198 2207 6644
6517 5 2 0 10 6635 2198 2207 6644 6636 2199 2208 6645
6518 5 2 0 10 6636 2199 2208 6645 6637 2200 2209 6646
6519 5 2 0 10 6637 2200 2209 6646 6638 2201 2210 6647
6520 5 2 0 10 6638 2201 2210 6647 6639 2202 2211 6648
6521 5 2 0 10 6639 2202 2211 6648 6640 2203 2212 6649
6522 5 2 0 10 6640 2203 2212 6649 6641 2204 2213 6650
6523 5 2 0 10 6641 2204 2213 6650 6642 2205 2214 6651
6524 5 2 0 10 6642 2205 2214 6651 1320 386 387 1321
6525 5 2 0 10 1032 319 320 1033 6643 2206 2215 6652
6526 5 2 0 10 6643 2206 2215 6652 6644 2207 2216 6653
6527 5 2 0 10 6644 2207 2216 6653 6645 2208 2217 6654
6528 5 2 0 10 6645 2208 2217 6654 6646 2209 2218 6655
6529 5 2 0 10 6646 2209 2218 6655 6647 2210 2219 6656
6530 5 2 0 10 6647 2210 2219 6656 6648 2211 2220 6657
6531 5 2 0 10 6648 2211 2220 6657 6649 2212 2221 6658
6532 5 2 0 10 6649 2212 2221 6658 6650 2213 2222 6659
6533 5 2 0 10 6650 2213 2222 6659 6651 2214 2223 6660
6534 5 2 0 10 6651 2214 2223 6660 1321 387 388 1322
6535 5 2 0 10 1033 320 16 116 6652 2215 592 3439
6536 5 2 0 10 6652 2215 592 3439 6653 2216 593 3440
6537 5 2 0 10 6653 2216 593 3440 6654 2217 594 3441
6538 5 2 0 10 6654 2217 594 3441 6655 2218 595 3442
6539 5 2 0 10 6655 2218 595 3442 6656 2219 596 3443
6540 5 2 0 10 6656 2219 596 3443 6657 2220 597 3444
6541 5 2 0 10 6657 2220 597 3444 6658 2221 598 3445
6542 5 2 0 10 6658 2221 598 3445 6659 2222 599 3446
6543 5 2 0 10 6659 2222 599 3446 6660 2223 600 3447
6544 5 2 0 10 6660 2223 600 3447 1322 388 32 184
6545 5 2 0 16 17 117 1034 321 601 3448 6661 2224
6546 5 2 0 16 601 3448 6661 2224 602 3449 6662 2225
6547 5 2 0 16 602 3449 6662 2225 603 3450 6663 2226
6548 5 2 0 16 603 3450 6663 2226 604 3451 6664 2227
6549 5 2 0 16 604 3451 6664 2227 605 3452 6665 2228
6550 5 2 0 16 605 3452 6665 2228 606 3453 6666 2229
6551 5 2 0 16 606 3453 6666 2229 607 3454 6667 2230
6552 5 2 0 16 607 3454 6667 2230 608 3455 6668 2231
6553 5 2 0 16 608 3455 6668 2231 609 3456 6669 2232
6554 5 2 0 16 609 3456 6669 2232 33 185 1323 389
6555 5 2 0 16 321 1034 1035 322 2224 6661 6670 2233
6556 5 2 0 16 2224 6661 6670 2233 2225 6662 6671 2234
6557 5 2 0 16 2225 6662 6671 2234 2226 6663 6672 2235
6558 5 2 0 16 2226 6663 6672 2235 2227 6664 6673 2236
6559 5 2 0 16 2227 6664 6673 2236 2228 6665 6674 2237
6560 5 2 0 16 2228 6665 6674 2237 2229 6666 6675 2238
6561 5 2 0 16 2229 6666 6675 2238 2230 6667 6676 2239
6562 5 2 0 16 2230 6667 6676 2239 2231 6668 6677 2240
6563 5 2 0 16 2231 6668 6677 2240 2232 6669 6678 2241
6564 5 2 0 16 2232 6669 6678 2241 389 1323 1324 390
6565 5 2 0 16 322 1035 1036 323 2233 6670 6679 2242
6566 5 2 0 16 2233 6670 6679 2242 2234 6671 6680 2243
6567 5 2 0 16 2234 6671 6680 2243 2235 6672 6681 2244
6568 5 2 0 16 2235 6672 6681 2244 2236 6673 6682 2245
6569 5 2 0 16 2236 6673 6682 2245 2237 6674 6683 2246
6570 5 2 0 16 2237 6674 6683 2246 2238 6675 6684 2247
6571 5 2 0 16 2238 6675 6684 2247 2239 6676 6685 2248
6572 5 2 0 16 2239 6676 6685 2248 2240 6677 6686 2249
6573 5 2 0 16 2240 6677 6686 2249 2241 6678 6687 2250
6574 5 2 0 16 2241 6678 6687 2250 390 1324 1325 391
6575 5 2 0 16 323 1036 134 21 2242 6679 3601 637
6576 5 2 0 16 2242 6679 3601 637 2243 6680 3602 638
6577 5 2 0 16 2243 6680 3602 638 2244 6681 3603 639
6578 5 2 0 16 2244 6681 3603 639 2245 6682 3604 640
6579 5 2 0 16 2245 6682 3604 640 2246 6683 3605 641
6580 5 2 0 16 2246 6683 3605 641 2247 6684 3606 642
6581 5 2 0 16 2247 6684 3606 642 2248 6685 3607 643
6582 5 2 0 16 2248 6685 3607 643 2249 6686 3608 644
6583 5 2 0 16 2249 6686 3608 644 2250 6687 3609 645
6584 5 2 0 16 2250 6687 3609 645 391 1325 202 37
6585 5 2 0 16 117 118 1037 1034 3448 3457 6688 6661
6586 5 2 0 16 3448 3457 6688 6661 3449 3458 6689 6662
6587 5 2 0 16 3449 3458 6689 6662 3450 3459 6690 6663
6588 5 2 0 16 3450 3459 6690 6663 3451 3460 6691 6664
6589 5 2 0 16 3451 3460 6691 6664 3452 3461 6692 6665
6590 5 2 0 16 3452 3461 6692 6665 3453 3462 6693 6666
6591 5 2 0 16 3453 3462 6693 6666 3454 3463 6694 6667
6592 5 2 0 16 3454 3463 6694 6667 3455 3464 6695 6668
6593 5 2 0 16 3455 3464 6695 6668 3456 3465 6696 6669
6594 5 2 0 16 3456 3465 6696 6669 185 186 1326 1323
6595 5 2 0 16 1034 1037 1038 1035 6661 6688 6697 6670
6596 5 2 0 16 6661 6688 6697 6670 6662 6689 6698 6671
6597 5 2 0 16 6662 6689 6698 6671 6663 6690 6699 6672
6598 5 2 0 16 6663 6690 6699 6672 6664 6691 6700 6673
6599 5 2 0 16 6664 6691 6700 6673 6665 6692 6701 6674
6600 5 2 0 16 6665 6692 6701 6674 6666 6693 6702 6675
6601 5 2 0 16 6666 6693 6702 6675 6667 6694 6703 6676
6602 5 2 0 16 6667 6694 6703 6676 6668 6695 6704 6677
6603 5 2 0 16 6668 6695 6704 6677 6669 6696 6705 6678
6604 5 2 0 16 6669 6696 6705 6678 1323 1326 1327 1324
6605 5 2 0 16 1035 1038 1039 1036 6670 6697 6706 6679
6606 5 2 0 16 6670 6697 6706 6679 6671 6698 6707 6680
6607 5 2 0 16 6671 6698 6707 6680 6672 6699 6708 6681
6608 5 2 0 16 6672 6699 6708 6681 6673 6700 6709 6682
6609 5 2 0 16 6673 6700 6709 6682 6674 6701 6710 6683
6610 5 2 0 16 6674 6701 6710 6683 6675 6702 6711 6684
6611 5 2 0 16 6675 6702 6711 6684 6676 6703 6712 6685
6612 5 2 0 16 6676 6703 6712 6685 6677 6704 6713 6686
6613 5 2 0 16 6677 6704 6713 6686 6678 6705 6714 6687
6614 5 2 0 16 6678 6705 6714 6687 1324 1327 1328 1325
6615 5 2 0 16 1036 1039 135 134 6679 6706 3610 3601
6616 5 2 0 16 6679 6706 3610 3601 6680 6707 3611 3602
6617 5 2 0 16 6680 6707 3611 3602 6681 6708 3612 3603
6618 5 2 0 16 6681 6708 3612 3603 6682 6709 3613 3604
6619 5 2 0 16 6682 6709 3613 3604 6683 6710 3614 3605
6620 5 2 0 16 6683 6710 3614 3605 6684 6711 3615 3606
6621 5 2 0 16 6684 6711 3615 3606 6685 6712 3616 3607
6622 5 2 0 16 6685 6712 3616 3607 6686 6713 3617 3608
6623 5 2 0 16 6686 6713 3617 3608 6687 6714 3618 3609
6624 5 2 0 16 6687 6714 3618 3609 1325 1328 203 202
6625 5 2 0 16 118 119 1040 1037 3457 3466 6715 6688
6626 5 2 0 16 3457 3466 6715 6688 3458 3467 6716 6689
6627 5 2 0 16 3458 3467 6716 6689 3459 3468 6717 6690
6628 5 2 0 16 3459 3468 6717 6690 3460 3469 6718 6691
6629 5 2 0 16 3460 3469 6718 6691 3461 3470 6719 6692
6630 5 2 0 16 3461 3470 6719 6692 3462 3471 6720 6693
6631 5 2 0 16 3462 3471 6720 6693 3463 3472 6721 6694
6632 5 2 0 16 3463 3472 6721 6694 3464 3473 6722 6695
6633 5 2 0 16 3464 3473 6722 6695 3465 3474 6723 6696
6634 5 2 0 16 3465 3474 6723 6696 186 187 1329 1326
6635 5 2 0 16 1037 1040 1041 1038 6688 6715 6724 6697
6636 5 2 0 16 6688 6715 6724 6697 6689 6716 6725 6698
6637 5 2 0 16 6689 6716 6725 6698 6690 6717 6726 6699
6638 5 2 0 16 6690 6717 6726 6699 6691 6718 6727 6700
6639 5 2 0 16 6691 6718 6727 6700 6692 6719 6728 6701
6640 5 2 0 16 6692 6719 6728 6701 6693 6720 6729 6702
6641 5 2 0 16 6693 6720 6729 6702 6694 6721 6730 6703
6642 5 2 0 16 6694 6721 6730 6703 6695 6722 6731 6704
6643 5 2 0 16 6695 6722 6731 6704 6696 6723 6732 6705
6644 5 2 0 16 6696 6723 6732 6705 1326 1329 1330 1327
6645 5 2 0 16 1038 1041 1042 1039 6697 6724 6733 6706
6646 5 2 0 16 6697 6724 6733 6706 6698 6725 6734 6707
6647 5 2 0 16 6698 6725 6734 6707 6699 6726 6735 6708
6648 5 2 0 16 6699 6726 6735 6708 6700 6727 6736 6709
6649 5 2 0 16 6700 6727 6736 6709 6701 6728 6737 6710
6650 5 2 0 16 6701 6728 6737 6710 6702 6729 6738 6711
6651 5 2 0 16 6702 6729 6738 6711 6703 6730 6739 6712
6652 5 2 0 16 6703 6730 6739 6712 6704 6731 6740 6713
6653 5 2 0 16 6704 6731 6740 6713 6705 6732 6741 6714
6654 5 2 0 16 6705 6732 6741 6714 1327 1330 1331 1328
6655 5 2 0 16 1039 1042 136 135 6706 6733 3619 3610
6656 5 2 0 16 6706 6733 3619 3610 6707 6734 3620 3611
6657 5 2 0 16 6707 6734 3620 3611 6708 6735 3621 3612
6658 5 2 0 16 6708 6735 3621 3612 6709 6736 3622 3613
6659 5 2 0 16 6709 6736 3622 3613 6710 6737 3623 3614
6660 5 2 0 16 6710 6737 3623 3614 6711 6738 3624 3615
6661 5 2 0 16 6711 6738 3624 3615 6712 6739 3625 3616
6662 5 2 0 16 6712 6739 3625 3616 6713 6740 3626 3617
6663 5 2 0 16 6713 6740 3626 3617 6714 6741 3627 3618
6664 5 2 0 16 6714 6741 3627 3618 1328 1331 204 203
6665 5 2 0 16 119 18 324 1040 3466 610 2251 6715
6666 5 2 0 16 3466 610 2251 6715 3467 611 2252 6716
6667 5 2 0 16 3467 611 2252 6716 3468 612 2253 6717
6668 5 2 0 16 3468 612 2253 6717 3469 613 2254 6718
6669 5 2 0 16 3469 613 2254 6718 3470 614 2255 6719
6670 5 2 0 16 3470 614 2255 6719 3471 615 2256 6720
6671 5 2 0 16 3471 615 2256 6720 3472 616 2257 6721
6672 5 2 0 16 3472 616 2257 6721 3473 617 2258 6722
6673 5 2 0 16 3473 617 2258 6722 3474 618 2259 6723
6674 5 2 0 16 3474 618 2259 6723 187 34 392 1329
6675 5 2 0 16 1040 324 325 1041 6715 2251 2260 6724
6676 5 2 0 16 6715 2251 2260 6724 6716 2252 2261 6725
6677 5 2 0 16 6716 2252 2261 6725 6717 2253 2262 6726
6678 5 2 0 16 6717 2253 2262 6726 6718 2254 2263 6727
6679 5 2 0 16 6718 2254 2263 6727 6719 2255 2264 6728
6680 5 2 0 16 6719 2255 2264 6728 6720 2256 2265 6729
6681 5 2 0 16 6720 2256 2265 6729 6721 2257 2266 6730
6682 5 2 0 16 6721 2257 2266 6730 6722 2258 2267 6731
6683 5 2 0 16 6722 2258 2267 6731 6723 2259 2268 6732
6684 5 2 0 16 6723 2259 2268 6732 1329 392 393 1330
6685 5 2 0 16 1041 325 326 1042 6724 2260 2269 6733
6686 5 2 0 16 6724 2260 2269 6733 6725 2261 2270 6734
6687 5 2 0 16 6725 2261 2270 6734 6726 2262 2271 6735
6688 5 2 0 16 6726 2262 2271 6735 6727 2263 2272 6736
6689 5 2 0 16 6727 2263 2272 6736 6728 2264 2273 6737
6690 5 2 0 16 6728 2264 2273 6737 6729 2265 2274 6738
6691 5 2 0 16 6729 2265 2274 6738 6730 2266 2275 6739
6692 5 2 0 16 6730 2266 2275 6739 6731 2267 2276 6740
6693 5 2 0 16 6731 2267 2276 6740 6732 2268 2277 6741
6694 5 2 0 16 6732 2268 2277 6741 1330 393 394 1331
6695 5 2 0 16 1042 326 22 136 6733 2269 646 3619
6696 5 2 0 16 6733 2269 646 3619 6734 2270 647 3620
6697 5 2 0 16 6734 2270 647 3620 6735 2271 648 3621
6698 5 2 0 16 6735 2271 648 3621 6736 2272 649 3622
6699 5 2 0 16 6736 2272 649 3622 6737 2273 650 3623
6700 5 2 0 16 6737 2273 650 3623 6738 2274 651 3624
6701 5 2 0 16 6738 2274 651 3624 6739 2275 652 3625
6702 5 2 0 16 6739 2275 652 3625 6740 2276 653 3626
6703 5 2 0 16 6740 2276 653 3626 6741 2277 654 3627
6704 5 2 0 16 6741 2277 654 3627 1331 394 38 204
6705 5 2 0 17 18 120 1043 324 610 3475 6742 2251
6706 5 2 0 17 610 3475 6742 2251 611 3476 6743 2252
6707 5 2 0 17 611 3476 6743 2252 612 3477 6744 2253
6708 5 2 0 17 612 3477 6744 2253 613 3478 6745 2254
6709 5 2 0 17 613 3478 6745 2254 614 3479 6746 2255
6710 5 2 0 17 614 3479 6746 2255 615 3480 6747 2256
6711 5 2 0 17 615 3480 6747 2256 616 3481 6748 2257
6712 5 2 0 17 616 3481 6748 2257 617 3482 6749 2258
6713 5 2 0 17 617 3482 6749 2258 618 3483 6750 2259
6714 5 2 0 17 618 3483 6750 2259 34 188 1332 392
6715 5 2 0 17 324 1043 1044 325 2251 6742 6751 2260
6716 5 2 0 17 2251 6742 6751 2260 2252 6743 6752 2261
6717 5 2 0 17 2252 6743 6752 2261 2253 6744 6753 2262
6718 5 2 0 17 2253 6744 6753 2262 2254 6745 6754 2263
6719 5 2 0 17 2254 6745 6754 2263 2255 6746 6755 2264
6720 5 2 0 17 2255 6746 6755 2264 2256 6747 6756 2265
6721 5 2 0 17 2256 6747 6756 2265 2257 6748 6757 2266
6722 5 2 0 17 2257 6748 6757 2266 2258 6749 6758 2267
6723 5 2 0 17 2258 6749 6758 2267 2259 6750 6759 2268
6724 5 2 0 17 2259 6750 6759 2268 392 1332 1333 393
6725 5 2 0 17 325 1044 1045 326 2260 6751 6760 2269
6726 5 2 0 17 2260 6751 6760 2269 2261 6752 6761 2270
6727 5 2 0 17 2261 6752 6761 2270 2262 6753 6762 2271
6728 5 2 0 17 2262 6753 6762 2271 2263 6754 6763 2272
6729 5 2 0 17 2263 6754 6763 2272 2264 6755 6764 2273
6730 5 2 0 17 2264 6755 6764 2273 2265 6756 6765 2274
6731 5 2 0 17 2265 6756 6765 2274 2266 6757 6766 2275
6732 5 2 0 17 2266 6757 6766 2275 2267 6758 6767 2276
6733 5 2 0 17 2267 6758 6767 2276 2268 6759 6768 2277
6734 5 2 0 17 2268 6759 6768 2277 393 1333 1334 394
6735 5 2 0 17 326 1045 137 22 2269 6760 3628 646
6736 5 2 0 17 2269 6760 3628 646 2270 6761 3629 647
6737 5 2 0 17 2270 6761 3629 647 2271 6762 3630 648
6738 5 2 0 17 2271 6762 3630 648 2272 6763 3631 649
6739 5 2 0 17 2272 6763 3631 649 2273 6764 3632 650
6740 5 2 0 17 2273 6764 3632 650 2274 6765 3633 651
6741 5 2 0 17 2274 6765 3633 651 2275 6766 3634 652
6742 5 2 0 17 2275 6766 3634 652 2276 6767 3635 653
6743 5 2 0 17 2276 6767 3635 653 2277 6768 3636 654
6744 5 2 0 17 2277 6768 3636 654 394 1334 205 38
6745 5 2 0 17 120 121 1046 1043 3475 3484 6769 6742
6746 5 2 0 17 3475 3484 6769 6742 3476 3485 6770 6743
6747 5 2 0 17 3476 3485 6770 6743 3477 3486 6771 6744
6748 5 2 0 17 3477 3486 6771 6744 3478 3487 6772 6745
6749 5 2 0 17 3478 3487 6772 6745 3479 3488 6773 6746
6750 5 2 0 17 3479 3488 6773 6746 3480 3489 6774 6747
6751 5 2 0 17 3480 3489 6774 6747 3481 3490 6775 6748
6752 5 2 0 17 3481 3490 6775 6748 3482 3491 6776 6749
6753 5 2 0 17 3482 3491 6776 6749 3483 3492 6777 6750
6754 5 2 0 17 3483 3492 6777 6750 188 189 1335 1332
6755 5 2 0 17 1043 1046 1047 1044 6742 6769 6778 6751
6756 5 2 0 17 6742 6769 6778 6751 6743 6770 6779 6752
6757 5 2 0 17 6743 6770 6779 6752 6744 6771 6780 6753
6758 5 2 0 17 6744 6771 6780 6753 6745 6772 6781 6754
6759 5 2 0 17 6745 6772 6781 6754 6746 6773 6782 6755
6760 5 2 0 17 6746 6773 6782 6755 6747 6774 6783 6756
6761 5 2 0 17 6747 6774 6783 6756 6748 6775 6784 6757
6762 5 2 0 17 6748 6775 6784 6757 6749 6776 6785 6758
6763 5 2 0 17 6749 6776 6785 6758 6750 6777 6786 6759
6764 5 2 0 17 6750 6777 6786 6759 1332 1335 1336 1333
6765 5 2 0 17 1044 1047 1048 1045 6751 6778 6787 6760
6766 5 2 0 17 6751 6778 6787 6760 6752 6779 6788 6761
6767 5 2 0 17 6752 6779 6788 6761 6753 6780 6789 6762
6768 5 2 0 17 6753 6780 6789 6762 6754 6781 6790 6763
6769 5 2 0 17 6754 6781 6790 6763 6755 6782 6791 6764
6770 5 2 0 17 6755 6782 6791 6764 6756 6783 6792 6765
6771 5 2 0 17 6756 6783 6792 6765 6757 6784 6793 6766
6772 5 2 0 17 6757 6784 6793 6766 6758 6785 6794 6767
6773 5 2 0 17 6758 6785 6794 6767 6759 6786 6795 6768
6774 5 2 0 17 6759 6786 6795 6768 1333 1336 1337 1334
6775 5 2 0 17 1045 1048 138 137 6760 6787 3637 3628
6776 5 2 0 17 6760 6787 3637 3628 6761 6788 3638 3629
6777 5 2 0 17 6761 6788 3638 3629 6762 6789 3639 3630
6778 5 2 0 17 6762 6789 3639 3630 6763 6790 3640 3631
6779 5 2 0 17 6763 6790 3640 3631 6764 6791 3641 3632
6780 5 2 0 17 6764 6791 3641 3632 6765 6792 3642 3633
6781 5 2 0 17 6765 6792 3642 3633 6766 6793 3643 3634
6782 5 2 0 17 6766 6793 3643 3634 6767 6794 3644 3635
6783 5 2 0 17 6767 6794 3644 3635 6768 6795 3645 3636
6784 5 2 0 17 6768 6795 3645 3636 1334 1337 206 205
6785 5 2 0 17 121 122 1049 1046 3484 3493 6796 6769
6786 5 2 0 17 3484 3493 6796 6769 3485 3494 6797 6770
6787 5 2 0 17 3485 3494 6797 6770 3486 3495 6798 6771
6788 5 2 0 17 3486 3495 6798 6771 3487 3496 6799 6772
6789 5 2 0 17 3487 3496 6799 6772 3488 3497 6800 6773
6790 5 2 0 17 3488 3497 6800 6773 3489 3498 6801 6774
6791 5 2 0 17 3489 3498 6801 6774 3490 3499 6802 6775
6792 5 2 0 17 3490 3499 6802 6775 3491 3500 6803 6776
6793 5 2 0 17 3491 3500 6803 6776 3492 3501 6804 6777
6794 5 2 0 17 3492 3501 6804 6777 189 190 1338 1335
6795 5 2 0 17 1046 1049 1050 1047 6769 6796 6805 6778
6796 5 2 0 17 6769 6796 6805 6778 6770 6797 6806 6779
6797 5 2 0 17 6770 6797 6806 6779 6771 6798 6807 6780
6798 5 2 0 17 6771 6798 6807 6780 6772 6799 6808 6781
6799 5 2 0 17 6772 6799 6808 6781 6773 6800 6809 6782
6800 5 2 0 17 6773 6800 6809 6782 6774 6801 6810 6783
6801 5 2 0 17 6774 6801 6810 6783 6775 6802 6811 6784
6802 5 2 0 17 6775 6802 6811 6784 6776 6803 6812 6785
6803 5 2 0 17 6776 6803 6812 6785 6777 6804 6813 6786
6804 5 2 0 17 6777 6804 6813 6786 1335 1338 1339 1336
6805 5 2 0 17 1047 1050 1051 1048 6778 6805 6814 6787
6806 5 2 0 17 6778 6805 6814 6787 6779 6806 6815 6788
6807 5 2 0 17 6779 6806 6815 6788 6780 6807 6816 6789
6808 5 2 0 17 6780 6807 6816 6789 6781 6808 6817 6790
6809 5 2 0 17 6781 6808 6817 6790 6782 6809 6818 6791
6810 5 2 0 17 6782 6809 6818 6791 6783 6810 6819 6792
6811 5 2 0 17 6783 6810 6819 6792 6784 6811 6820 6793
6812 5 2 0 17 6784 6811 6820 6793 6785 6812 6821 6794
6813 5 2 0 17 6785 6812 6821 6794 6786 6813 6822 6795
6814 5 2 0 17 6786 6813 6822 6795 1336 1339 1340 1337
6815 5 2 0 17 1048 1051 139 138 6787 6814 3646 3637
6816 5 2 0 17 6787 6814 3646 3637 6788 6815 3647 3638
6817 5 2 0 17 6788 6815 3647 3638 6789 6816 3648 3639
6818 5 2 0 17 6789 6816 3648 3639 6790 6817 3649 3640
6819 5 2 0 17 6790 6817 3649 3640 6791 6818 3650 3641
6820 5 2 0 17 6791 6818 3650 3641 6792 6819 3651 3642
6821 5 2 0 17 6792 6819 3651 3642 6793 6820 3652 3643
6822 5 2 0 17 6793 6820 3652 3643 6794 6821 3653 3644
6823 5 2 0 17 6794 6821 3653 3644 6795 6822 3654 3645
6824 5 2 0 17 6795 6822 3654 3645 1337 1340 207 206
6825 5 2 0 17 122 123 1052 1049 3493 3502 6823 6796
6826 5 2 0 17 3493 3502 6823 6796 3494 3503 6824 6797
6827 5 2 0 17 3494 3503 6824 6797 3495 3504 6825 6798
6828 5 2 0 17 3495 3504 6825 6798 3496 3505 6826 6799
6829 5 2 0 17 3496 3505 6826 6799 3497 3506 6827 6800
6830 5 2 0 17 3497 3506 6827 6800 3498 3507 6828 6801
6831 5 2 0 17 3498 3507 6828 6801 3499 3508 6829 6802
6832 5 2 0 17 3499 3508 6829 6802 3500 3509 6830 6803
6833 5 2 0 17 3500 3509 6830 6803 3501 3510 6831 6804
6834 5 2 0 17 3501 3510 6831 6804 190 191 1341 1338
6835 5 2 0 17 1049 1052 1053 1050 6796 6823 6832 6805
6836 5 2 0 17 6796 6823 6832 6805 6797 6824 6833 6806
6837 5 2 0 17 6797 6824 6833 6806 6798 6825 6834 6807
6838 5 2 0 17 6798 6825 6834 6807 6799 6826 6835 6808
6839 5 2 0 17 6799 6826 6835 6808 6800 6827 6836 6809
6840 5 2 0 17 6800 6827 6836 6809 6801 6828 6837 6810
6841 5 2 0 17 6801 6828 6837 6810 6802 6829 6838 6811
6842 5 2 0 17 6802 6829 6838 6811 6803 6830 6839 6812
6843 5 2 0 17 6803 6830 6839 6812 6804 6831 6840 6813
6844 5 2 0 17 6804 6831 6840 6813 1338 1341 1342 1339
6845 5 2 0 17 1050 1053 1054 1051 6805 6832 6841 6814
6846 5 2 0 17 6805 6832 6841 6814 6806 6833 6842 6815
6847 5 2 0 17 6806 6833 6842 6815 6807 6834 6843 6816
6848 5 2 0 17 6807 6834 6843 6816 6808 6835 6844 6817
6849 5 2 0 17 6808 6835 6844 6817 6809 6836 6845 6818
6850 5 2 0 17 6809 6836 6845 6818 6810 6837 6846 6819
6851 5 2 0 17 6810 6837 6846 6819 6811 6838 6847 6820
6852 5 2 0 17 6811 6838 6847 6820 6812 6839 6848 6821
6853 5 2 0 17 6812 6839 6848 6821 6813 6840 6849 6822
6854 5 2 0 17 6813 6840 6849 6822 1339 1342 1343 1340
6855 5 2 0 17 1051 1054 140 139 6814 6841 3655 3646
6856 5 2 0 17 6814 6841 3655 3646 6815 6842 3656 3647
6857 5 2 0 17 6815 6842 3656 3647 6816 6843 3657 3648
6858 5 2 0 17 6816 6843 3657 3648 6817 6844 3658 3649
6859 5 2 0 17 6817 6844 3658 3649 6818 6845 3659 3650
6860 5 2 0 17 6818 6845 3659 3650 6819 6846 3660 3651
6861 5 2 0 17 6819 6846 3660 3651 6820 6847 3661 3652
6862 5 2 0 17 6820 6847 3661 3652 6821 6848 3662 3653
6863 5 2 0 17 6821 6848 3662 3653 6822 6849 3663 3654
6864 5 2 0 17 6822 6849 3663 3654 1340 1343 208 207
6865 5 2 0 17 123 124 1055 1052 3502 3511 6850 6823
6866 5 2 0 17 3502 3511 6850 6823 3503 3512 6851 6824
6867 5 2 0 17 3503 3512 6851 6824 3504 3513 6852 6825
6868 5 2 0 17 3504 3513 6852 6825 3505 3514 6853 6826
6869 5 2 0 17 3505 3514 6853 6826 3506 3515 6854 6827
6870 5 2 0 17 3506 3515 6854 6827 3507 3516 6855 6828
6871 5 2 0 17 3507 3516 6855 6828 3508 3517 6856 6829
6872 5 2 0 17 3508 3517 6856 6829 3509 3518 6857 6830
6873 5 2 0 17 3509 3518 6857 6830 3510 3519 6858 6831
6874 5 2 0 17 3510 3519 6858 6831 191 192 1344 1341
6875 5 2 0 17 1052 1055 1056 1053 6823 6850 6859 6832
6876 5 2 0 17 6823 6850 6859 6832 6824 6851 6860 6833
6877 5 2 0 17 6824 6851 6860 6833 6825 6852 6861 6834
6878 5 2 0 17 6825 6852 6861 6834 6826 6853 6862 6835
6879 5 2 0 17 6826 6853 6862 6835 6827 6854 6863 6836
6880 5 2 0 17 6827 6854 6863 6836 6828 6855 6864 6837
6881 5 2 0 17 6828 6855 6864 6837 6829 6856 6865 6838
6882 5 2 0 17 6829 6856 6865 6838 6830 6857 6866 6839
6883 5 2 0 17 6830 6857 6866 6839 6831 6858 6867 6840
6884 5 2 0 17 6831 6858 6867 6840 1341 1344 1345 1342
6885 5 2 0 17 1053 1056 1057 1054 6832 6859 6868 6841
6886 5 2 0 17 6832 6859 6868 6841 6833 6860 6869 6842
6887 5 2 0 17 6833 6860 6869 6842 6834 6861 6870 6843
6888 5 2 0 17 6834 6861 6870 6843 6835 6862 6871 6844
6889 5 2 0 17 6835 6862 6871 6844 6836 6863 6872 6845
6890 5 2 0 17 6836 6863 6872 6845 6837 6864 6873 6846
6891 5 2 0 17 6837 6864 6873 6846 6838 6865 6874 6847
6892 5 2 0 17 6838 6865 6874 6847 6839 6866 6875 6848
6893 5 2 0 17 6839 6866 6875 6848 6840 6867 6876 6849
6894 5 2 0 17 6840 6867 6876 6849 1342 1345 1346 1343
6895 5 2 0 17 1054 1057 141 140 6841 6868 3664 3655
6896 5 2 0 17 6841 6868 3664 3655 6842 6869 3665 3656
6897 5 2 0 17 6842 6869 3665 3656 6843 6870 3666 3657
6898 5 2 0 17 6843 6870 3666 3657 6844 6871 3667 3658
6899 5 2 0 17 6844 6871 3667 3658 6845 6872 3668 3659
6900 5 2 0 17 6845 6872 3668 3659 6846 6873 3669 3660
6901 5 2 0 17 6846 6873 3669 3660 6847 6874 3670 3661
6902 5 2 0 17 6847 6874 3670 3661 6848 6875 3671 3662
6903 5 2 0 17 6848 6875 3671 3662 6849 6876 3672 3663
6904 5 2 0 17 6849 6876 3672 3663 1343 1346 209 208
6905 5 2 0 17 124 125 1058 1055 3511 3520 6877 6850
6906 5 2 0 17 3511 3520 6877 6850 3512 3521 6878 6851
6907 5 2 0 17 3512 3521 6878 6851 3513 3522 6879 6852
6908 5 2 0 17 3513 3522 6879 6852 3514 3523 6880 6853
6909 5 2 0 17 3514 3523 6880 6853 3515 3524 6881 6854
6910 5 2 0 17 3515 3524 6881 6854 3516 3525 6882 6855
6911 5 2 0 17 3516 3525 6882 6855 3517 3526 6883 6856
6912 5 2 0 17 3517 3526 6883 6856 3518 3527 6884 6857
6913 5 2 0 17 3518 3527 6884 6857 3519 3528 6885 6858
6914 5 2 0 17 3519 3528 6885 6858 192 193 1347 1344
6915 5 2 0 17 1055 1058 1059 1056 6850 6877 6886 6859
6916 5 2 0 17 6850 6877 6886 6859 6851 6878 6887 6860
6917 5 2 0 17 6851 6878 6887 6860 6852 6879 6888 6861
6918 5 2 0 17 6852 6879 6888 6861 6853 6880 6889 6862
6919 5 2 0 17 6853 6880 6889 6862 6854 6881 6890 6863
6920 5 2 0 17 6854 6881 6890 6863 6855 6882 6891 6864
6921 5 2 0 17 6855 6882 6891 6864 6856 6883 6892 6865
6922 5 2 0 17 6856 6883 6892 6865 6857 6884 6893 6866
6923 5 2 0 17 6857 6884 6893 6866 6858 6885 6894 6867
6924 5 2 0 17 6858 6885 6894 6867 1344 1347 1348 1345
6925 5 2 0 17 1056 1059 1060 1057 6859 6886 6895 6868
6926 5 2 0 17 6859 6886 6895 6868 6860 6887 6896 6869
6927 5 2 0 17 6860 6887 6896 6869 6861 6888 6897 6870
6928 5 2 0 17 6861 6888 6897 6870 6862 6889 6898 6871
6929 5 2 0 17 6862 6889 6898 6871 6863 6890 6899 6872
6930 5 2 0 17 6863 6890 6899 6872 6864 6891 6900 6873
6931 5 2 0 17 6864 6891 6900 6873 6865 6892 6901 6874
6932 5 2 0 17 6865 6892 6901 6874 6866 6893 6902 6875
6933 5 2 0 17 6866 6893 6902 6875 6867 6894 6903 6876
6934 5 2 0 17 6867 6894 6903 6876 1345 1348 1349 1346
6935 5 2 0 17 1057 1060 142 141 6868 6895 3673 3664
6936 5 2 0 17 6868 6895 3673 3664 6869 6896 3674 3665
6937 5 2 0 17 6869 6896 3674 3665 6870 6897 3675 3666
6938 5 2 0 17 6870 6897 3675 3666 6871 6898 3676 3667
6939 5 2 0 17 6871 6898 3676 3667 6872 6899 3677 3668
6940 5 2 0 17 6872 6899 3677 3668 6873 6900 3678 3669
6941 5 2 0 17 6873 6900 3678 3669 6874 6901 3679 3670
6942 5 2 0 17 6874 6901 3679 3670 6875 6902 3680 3671
6943 5 2 0 17 6875 6902 3680 3671 6876 6903 3681 3672
6944 5 2 0 17 6876 6903 3681 3672 1346 1349 210 209
6945 5 2 0 17 125 126 1061 1058 3520 3529 6904 6877
6946 5 2 0 17 3520 3529 6904 6877 3521 3530 6905 6878
6947 5 2 0 17 3521 3530 6905 6878 3522 3531 6906 6879
6948 5 2 0 17 3522 3531 6906 6879 3523 3532 6907 6880
6949 5 2 0 17 3523 3532 6907 6880 3524 3533 6908 6881
6950 5 2 0 17 3524 3533 6908 6881 3525 3534 6909 6882
6951 5 2 0 17 3525 3534 6909 6882 3526 3535 6910 6883
6952 5 2 0 17 3526 3535 6910 6883 3527 3536 6911 6884
6953 5 2 0 17 3527 3536 6911 6884 3528 3537 6912 6885
6954 5 2 0 17 3528 3537 6912 6885 193 194 1350 1347
6955 5 2 0 17 1058 1061 1062 1059 6877 6904 6913 6886
6956 5 2 0 17 6877 6904 6913 6886 6878 6905 6914 6887
6957 5 2 0 17 6878 6905 6914 6887 6879 6906 6915 6888
6958 5 2 0 17 6879 6906 6915 6888 6880 6907 6916 6889
6959 5 2 0 17 6880 6907 6916 6889 6881 6908 6917 6890
6960 5 2 0 17 6881 6908 6917 6890 6882 6909 6918 6891
6961 5 2 0 17 6882 6909 6918 6891 6883 6910 6919 6892
6962 5 2 0 17 6883 6910 6919 6892 6884 6911 6920 6893
6963 5 2 0 17 6884 6911 6920 6893 6885 6912 6921 6894
6964 5 2 0 17 6885 6912 6921 6894 1347 1350 1351 1348
6965 5 2 0 17 1059 1062 1063 1060 6886 6913 6922 6895
6966 5 2 0 17 6886 6913 6922 6895 6887 6914 6923 6896
6967 5 2 0 17 6887 6914 6923 6896 6888 6915 6924 6897
6968 5 2 0 17 6888 6915 6924 6897 6889 6916 6925 6898
6969 5 2 0 17 6889 6916 6925 6898 6890 6917 6926 6899
6970 5 2 0 17 6890 6917 6926 6899 6891 6918 6927 6900
6971 5 2 0 17 6891 6918 6927 6900 6892 6919 6928 6901
6972 5 2 0 17 6892 6919 6928 6901 6893 6920 6929 6902
6973 5 2 0 17 6893 6920 6929 6902 6894 6921 6930 6903
6974 5 2 0 17 6894 6921 6930 6903 1348 1351 1352 1349
6975 5 2 0 17 1060 1063 143 142 6895 6922 3682 3673
6976 5 2 0 17 6895 6922 3682 3673 6896 6923 3683 3674
6977 5 2 0 17 6896 6923 3683 3674 6897 6924 3684 3675
6978 5 2 0 17 6897 6924 3684 3675 6898 6925 3685 3676
6979 5 2 0 17 6898 6925 3685 3676 6899 6926 3686 3677
6980 5 2 0 17 6899 6926 3686 3677 6900 6927 3687 3678
6981 5 2 0 17 6900 6927 3687 3678 6901 6928 3688 3679
6982 5 2 0 17 6901 6928 3688 3679 6902 6929 3689 3680
6983 5 2 0 17 6902 6929 3689 3680 6903 6930 3690 3681
6984 5 2 0 17 6903 6930 3690 3681 1349 1352 211 210
6985 5 2 0 17 126 127 1064 1061 3529 3538 6931 6904
6986 5 2 0 17 3529 3538 6931 6904 3530 3539 6932 6905
6987 5 2 0 17 3530 3539 6932 6905 3531 3540 6933 6906
6988 5 2 0 17 3531 3540 6933 6906 3532 3541 6934 6907
6989 5 2 0 17 3532 3541 6934 6907 3533 3542 6935 6908
6990 5 2 0 17 3533 3542 6935 6908 3534 3543 6936 6909
6991 5 2 0 17 3534 3543 6936 6909 3535 3544 6937 6910
6992 5 2 0 17 3535 3544 6937 6910 3536 3545 6938 6911
6993 5 2 0 17 3536 3545 6938 6911 3537 3546 6939 6912
6994 5 2 0 17 3537 3546 6939 6912 194 195 1353 1350
6995 5 2 0 17 1061 1064 1065 1062 6904 6931 6940 6913
6996 5 2 0 17 6904 6931 6940 6913 6905 6932 6941 6914
6997 5 2 0 17 6905 6932 6941 6914 6906 6933 6942 6915
6998 5 2 0 17 6906 6933 6942 6915 6907 6934 6943 6916
6999 5 2 0 17 6907 6934 6943 6916 6908 6935 6944 6917
7000 5 2 0 17 6908 6935 6944 6917 6909 6936 6945 6918
7001 5 2 0 17 6909 6936 6945 6918 6910 6937 6946 6919
7002 5 2 0 17 6910 6937 6946 6919 6911 6938 6947 6920
7003 5 2 0 17 6911 6938 6947 6920 6912 6939 6948 6921
7004 5 2 0 17 6912 6939 6948 6921 1350 1353 1354 1351
7005 5 2 0 17 1062 1065 1066 1063 6913 6940 6949 6922
7006 5 2 0 17 6913 6940 6949 6922 6914 6941 6950 6923
7007 5 2 0 17 6914 6941 6950 6923 6915 6942 6951 6924
7008 5 2 0 17 6915 6942 6951 6924 6916 6943 6952 6925
7009 5 2 0 17 6916 6943 6952 6925 6917 6944 6953 6926
7010 5 2 0 17 6917 6944 6953 6926 6918 6945 6954 6927
7011 5 2 0 17 6918 6945 6954 6927 6919 6946 6955 6928
7012 5 2 0 17 6919 6946 6955 6928 6920 6947 6956 6929
7013 5 2 0 17 6920 6947 6956 6929 6921 6948 6957 6930
7014 5 2 0 17 6921 6948 6957 6930 1351 1354 1355 1352
7015 5 2 0 17 1063 1066 144 143 6922 6949 3691 3682
7016 5 2 0 17 6922 6949 3691 3682 6923 6950 3692 3683
7017 5 2 0 17 6923 6950 3692 3683 6924 6951 3693 3684
7018 5 2 0 17 6924 6951 3693 3684 6925 6952 3694 3685
7019 5 2 0 17 6925 6952 3694 3685 6926 6953 3695 3686
7020 5 2 0 17 6926 6953 3695 3686 6927 6954 3696 3687
7021 5 2 0 17 6927 6954 3696 3687 6928 6955 3697 3688
7022 5 2 0 17 6928 6955 3697 3688 6929 6956 3698 3689
7023 5 2 0 17 6929 6956 3698 3689 6930 6957 3699 3690
7024 5 2 0 17 6930 6957 3699 3690 1352 1355 212 211
7025 5 2 0 17 127 128 1067 1064 3538 3547 6958 6931
7026 5 2 0 17 3538 3547 6958 6931 3539 3548 6959 6932
7027 5 2 0 17 3539 3548 6959 6932 3540 3549 6960 6933
7028 5 2 0 17 3540 3549 6960 6933 3541 3550 6961 6934
7029 5 2 0 17 3541 3550 6961 6934 3542 3551 6962 6935
7030 5 2 0 17 3542 3551 6962 6935 3543 3552 6963 6936
7031 5 2 0 17 3543 3552 6963 6936 3544 3553 6964 6937
7032 5 2 0 17 3544 3553 6964 6937 3545 3554 6965 6938
7033 5 2 0 17 3545 3554 6965 6938 3546 3555 6966 6939
7034 5 2 0 17 3546 3555 6966 6939 195 196 1356 1353
7035 5 2 0 17 1064 1067 1068 1065 6931 6958 6967 6940
7036 5 2 0 17 6931 6958 6967 6940 6932 6959 6968 6941
7037 5 2 0 17 6932 6959 6968 6941 6933 6960 6969 6942
7038 5 2 0 17 6933 6960 6969 6942 6934 6961 6970 6943
7039 5 2 0 17 6934 6961 6970 6943 6935 6962 6971 6944
7040 5 2 0 17 6935 6962 6971 6944 6936 6963 6972 6945
7041 5 2 0 17 6936 6963 6972 6945 6937 6964 6973 6946
7042 5 2 0 17 6937 6964 6973 6946 6938 6965 6974 6947
7043 5 2 0 17 6938 6965 6974 6947 6939 6966 6975 6948
7044 5 2 0 17 6939 6966 6975 6948 1353 1356 1357 1354
7045 5 2 0 17 1065 1068 1069 1066 6940 6967 6976 6949
7046 5 2 0 17 6940 6967 6976 6949 6941 6968 6977 6950
7047 5 2 0 17 6941 6968 6977 6950 6942 6969 6978 6951
7048 5 2 0 17 6942 6969 6978 6951 6943 6970 6979 6952
7049 5 2 0 17 6943 6970 6979 6952 6944 6971 6980 6953
7050 5 2 0 17 6944 6971 6980 6953 6945 6972 6981 6954
7051 5 2 0 17 6945 6972 6981 6954 6946 6973 6982 6955
7052 5 2 0 17 6946 6973 6982 6955 6947 6974 6983 6956
7053 5 2 0 17 6947 6974 6983 6956 6948 6975 6984 6957
7054 5 2 0 17 6948 6975 6984 6957 1354 1357 1358 1355
7055 5 2 0 17 1066 1069 145 144 6949 6976 3700 3691
7056 5 2 0 17 6949 6976 3700 3691 6950 6977 3701 3692
7057 5 2 0 17 6950 6977 3701 3692 6951 6978 3702 3693
7058 5 2 0 17 6951 6978 3702 3693 6952 6979 3703 3694
7059 5 2 0 17 6952 6979 3703 3694 6953 6980 3704 3695
7060 5 2 0 17 6953 6980 3704 3695 6954 6981 3705 3696
7061 5 2 0 17 6954 6981 3705 3696 6955 6982 3706 3697
7062 5 2 0 17 6955 6982 3706 3697 6956 6983 3707 3698
7063 5 2 0 17 6956 6983 3707 3698 6957 6984 3708 3699
7064 5 2 0 17 6957 6984 3708 3699 1355 1358 213 212
7065 5 2 0 17 128 129 1070 1067 3547 3556 6985 6958
7066 5 2 0 17 3547 3556 6985 6958 3548 3557 6986 6959
7067 5 2 0 17 3548 3557 6986 6959 3549 3558 6987 6960
7068 5 2 0 17 3549 3558 6987 6960 3550 3559 6988 6961
7069 5 2 0 17 3550 3559 6988 6961 3551 3560 6989 6962
7070 5 2 0 17 3551 3560 6989 6962 3552 3561 6990 6963
7071 5 2 0 17 3552 3561 6990 6963 3553 3562 6991 6964
7072 5 2 0 17 3553 3562 6991 6964 3554 3563 6992 6965
7073 5 2 0 17 3554 3563 6992 6965 3555 3564 6993 6966
7074 5 2 0 17 3555 3564 6993 6966 196 197 1359 1356
7075 5 2 0 17 1067 1070 1071 1068 6958 6985 6994 6967
7076 5 2 0 17 6958 6985 6994 6967 6959 6986 6995 6968
7077 5 2 0 17 6959 6986 6995 6968 6960 6987 6996 6969
7078 5 2 0 17 6960 6987 6996 6969 6961 6988 6997 6970
7079 5 2 0 17 6961 6988 6997 6970 6962 6989 6998 6971
7080 5 2 0 17 6962 6989 6998 6971 6963 6990 6999 6972
7081 5 2 0 17 6963 6990 6999 6972 6964 6991 7000 6973
7082 5 2 0 17 6964 6991 7000 6973 6965 6992 7001 6974
7083 5 2 0 17 6965 6992 7001 6974 6966 6993 7002 6975
7084 5 2 0 17 6966 6993 7002 6975 1356 1359 1360 1357
7085 5 2 0 17 1068 1071 1072 1069 6967 6994 7003 6976
7086 5 2 0 17 6967 6994 7003 6976 6968 6995 7004 6977
7087 5 2 0 17 6968 6995 7004 6977 6969 6996 7005 6978
7088 5 2 0 17 6969 6996 7005 6978 6970 6997 7006 6979
7089 5 2 0 17 6970 6997 7006 6979 6971 6998 7007 6980
7090 5 2 0 17 6971 6998 7007 6980 6972 6999 7008 6981
7091 5 2 0 17 6972 6999 7008 6981 6973 7000 7009 6982
7092 5 2 0 17 6973 7000 7009 6982 6974 7001 7010 6983
7093 5 2 0 17 6974 7001 7010 6983 6975 7002 7011 6984
7094 5 2 0 17 6975 7002 7011 6984 1357 1360 1361 1358
7095 5 2 0 17 1069 1072 146 145 6976 7003 3709 3700
7096 5 2 0 17 6976 7003 3709 3700 6977 7004 3710 3701
7097 5 2 0 17 6977 7004 3710 3701 6978 7005 3711 3702
7098 5 2 0 17 6978 7005 3711 3702 6979 7006 3712 3703
7099 5 2 0 17 6979 7006 3712 3703 6980 7007 3713 3704
7100 5 2 0 17 6980 7007 3713 3704 6981 7008 3714 3705
7101 5 2 0 17 6981 7008 3714 3705 6982 7009 3715 3706
7102 5 2 0 17 6982 7009 3715 3706 6983 7010 3716 3707
7103 5 2 0 17 6983 7010 3716 3707 6984 7011 3717 3708
7104 5 2 0 17 6984 7011 3717 3708 1358 1361 214 213
7105 5 2 0 17 129 130 1073 1070 3556 3565 7012 6985
7106 5 2 0 17 3556 3565 7012 6985 3557 3566 7013 6986
7107 5 2 0 17 3557 3566 7013 6986 3558 3567 7014 6987
7108 5 2 0 17 3558 3567 7014 6987 3559 3568 7015 6988
7109 5 2 0 17 3559 3568 7015 6988 3560 3569 7016 6989
7110 5 2 0 17 3560 3569 7016 6989 3561 3570 7017 6990
7111 5 2 0 17 3561 3570 7017 6990 3562 3571 7018 6991
7112 5 2 0 17 3562 3571 7018 6991 3563 3572 7019 6992
7113 5 2 0 17 3563 3572 7019 6992 3564 3573 7020 6993
7114 5 2 0 17 3564 3573 7020 6993 197 198 1362 1359
7115 5 2 0 17 1070 1073 1074 1071 6985 7012 7021 6994
7116 5 2 0 17 6985 7012 7021 6994 6986 7013 7022 6995
7117 5 2 0 17 6986 7013 7022 6995 6987 7014 7023 6996
7118 5 2 0 17 6987 7014 7023 6996 6988 7015 7024 6997
7119 5 2 0 17 6988 7015 7024 6997 6989 7016 7025 6998
7120 5 2 0 17 6989 7016 7025 6998 6990 7017 7026 6999
7121 5 2 0 17 6990 7017 7026 6999 6991 7018 7027 7000
7122 5 2 0 17 6991 7018 7027 7000 6992 7019 7028 7001
7123 5 2 0 17 6992 7019 7028 7001 6993 7020 7029 7002
7124 5 2 0 17 6993 7020 7029 7002 1359 1362 1363 1360
7125 5 2 0 17 1071 1074 1075 1072 6994 7021 7030 7003
7126 5 2 0 17 6994 7021 7030 7003 6995 7022 7031 7004
7127 5 2 0 17 6995 7022 7031 7004 6996 7023 7032 7005
7128 5 2 0 17 6996 7023 7032 7005 6997 7024 7033 7006
7129 5 2 0 17 6997 7024 7033 7006 6998 7025 7034 7007
7130 5 2 0 17 6998 7025 7034 7007 6999 7026 7035 7008
7131 5 2 0 17 6999 7026 7035 7008 7000 7027 7036 7009
7132 5 2 0 17 7000 7027 7036 7009 7001 7028 7037 7010
7133 5 2 0 17 7001 7028 7037 7010 7002 7029 7038 7011
7134 5 2 0 17 7002 7029 7038 7011 1360 1363 1364 1361
7135 5 2 0 17 1072 1075 147 146 7003 7030 3718 3709
7136 5 2 0 17 7003 7030 3718 3709 7004 7031 3719 3710
7137 5 2 0 17 7004 7031 3719 3710 7005 7032 3720 3711
7138 5 2 0 17 7005 7032 3720 3711 7006 7033 3721 3712
7139 5 2 0 17 7006 7033 3721 3712 7007 7034 3722 3713
7140 5 2 0 17 7007 7034 3722 3713 7008 7035 3723 3714
7141 5 2 0 17 7008 7035 3723 3714 7009 7036 3724 3715
7142 5 2 0 17 7009 7036 3724 3715 7010 7037 3725 3716
7143 5 2 0 17 7010 7037 3725 3716 7011 7038 3726 3717
7144 5 2 0 17 7011 7038 3726 3717 1361 1364 215 214
7145 5 2 0 17 130 19 327 1073 3565 619 2278 7012
7146 5 2 0 17 3565 619 2278 7012 3566 620 2279 7013
7147 5 2 0 17 3566 620 2279 7013 3567 621 2280 7014
7148 5 2 0 17 3567 621 2280 7014 3568 622 2281 7015
7149 5 2 0 17 3568 622 2281 7015 3569 623 2282 7016
7150 5 2 0 17 3569 623 2282 7016 3570 624 2283 7017
7151 5 2 0 17 3570 624 2283 7017 3571 625 2284 7018
7152 5 2 0 17 3571 625 2284 7018 3572 626 2285 7019
7153 5 2 0 17 3572 626 2285 7019 3573 627 2286 7020
7154 5 2 0 17 3573 627 2286 7020 198 35 395 1362
7155 5 2 0 17 1073 327 328 1074 7012 2278 2287 7021
7156 5 2 0 17 7012 2278 2287 7021 7013 2279 2288 7022
7157 5 2 0 17 7013 2279 2288 7022 7014 2280 2289 7023
7158 5 2 0 17 7014 2280 2289 7023 7015 2281 2290 7024
7159 5 2 0 17 7015 2281 2290 7024 7016 2282 2291 7025
7160 5 2 0 17 7016 2282 2291 7025 7017 2283 2292 7026
7161 5 2 0 17 7017 2283 2292 7026 7018 2284 2293 7027
7162 5 2 0 17 7018 2284 2293 7027 7019 2285 2294 7028
7163 5 2 0 17 7019 2285 2294 7028 7020 2286 2295 7029
7164 5 2 0 17 7020 2286 2295 7029 1362 395 396 1363
7165 5 2 0 17 1074 328 329 1075 7021 2287 2296 7030
7166 5 2 0 17 7021 2287 2296 7030 7022 2288 2297 7031
7167 5 2 0 17 7022 2288 2297 7031 7023 2289 2298 7032
7168 5 2 0 17 7023 2289 2298 7032 7024 2290 2299 7033
7169 5 2 0 17 7024 2290 2299 7033 7025 2291 2300 7034
7170 5 2 0 17 7025 2291 2300 7034 7026 2292 2301 7035
7171 5 2 0 17 7026 2292 2301 7035 7027 2293 2302 7036
7172 5 2 0 17 7027 2293 2302 7036 7028 2294 2303 7037
7173 5 2 0 17 7028 2294 2303 7037 7029 2295 2304 7038
7174 5 2 0 17 7029 2295 2304 7038 1363 396 397 1364
7175 5 2 0 17 1075 329 23 147 7030 2296 655 3718
7176 5 2 0 17 7030 2296 655 3718 7031 2297 656 3719
7177 5 2 0 17 7031 2297 656 3719 7032 2298 657 3720
7178 5 2 0 17 7032 2298 657 3720 7033 2299 658 3721
7179 5 2 0 17 7033 2299 658 3721 7034 2300 659 3722
7180 5 2 0 17 7034 2300 659 3722 7035 2301 660 3723
7181 5 2 0 17 7035 2301 660 3723 7036 2302 661 3724
7182 5 2 0 17 7036 2302 661 3724 7037 2303 662 3725
7183 5 2 0 17 7037 2303 662 3725 7038 2304 663 3726
7184 5 2 0 17 7038 2304 663 3726 1364 397 39 215
7185 5 2 0 18 19 131 1076 327 619 3574 7039 2278
7186 5 2 0 18 619 3574 7039 2278 620 3575 7040 2279
7187 5 2 0 18 620 3575 7040 2279 621 3576 7041 2280
7188 5 2 0 18 621 3576 7041 2280 622 3577 7042 2281
7189 5 2 0 18 622 3577 7042 2281 623 3578 7043 2282
7190 5 2 0 18 623 3578 7043 2282 624 3579 7044 2283
7191 5 2 0 18 624 3579 7044 2283 625 3580 7045 2284
7192 5 2 0 18 625 3580 7045 2284 626 3581 7046 2285
7193 5 2 0 18 626 3581 7046 2285 627 3582 7047 2286
7194 5 2 0 18 627 3582 7047 2286 35 199 1365 395
7195 5 2 0 18 327 1076 1077 328 2278 7039 7048 2287
7196 5 2 0 18 2278 7039 7048 2287 2279 7040 7049 2288
7197 5 2 0 18 2279 7040 7049 2288 2280 7041 7050 2289
7198 5 2 0 18 2280 7041 7050 2289 2281 7042 7051 2290
7199 5 2 0 18 2281 7042 7051 2290 2282 7043 7052 2291
7200 5 2 0 18 2282 7043 7052 2291 2283 7044 7053 2292
7201 5 2 0 18 2283 7044 7053 2292 2284 7045 7054 2293
7202 5 2 0 18 2284 7045 7054 2293 2285 7046 7055 2294
7203 5 2 0 18 2285 7046 7055 2294 2286 7047 7056 2295
7204 5 2 0 18 2286 7047 7056 2295 395 1365 1366 396
7205 5 2 0 18 328 1077 1078 329 2287 7048 7057 2296
7206 5 2 0 18 2287 7048 7057 2296 2288 7049 7058 2297
7207 5 2 0 18 2288 7049 7058 2297 2289 7050 7059 2298
7208 5 2 0 18 2289 7050 7059 2298 2290 7051 7060 2299
7209 5 2 0 18 2290 7051 7060 2299 2291 7052 7061 2300
7210 5 2 0 18 2291 7052 7061 2300 2292 7053 7062 2301
7211 5 2 0 18 2292 7053 7062 2301 2293 7054 7063 2302
7212 5 2 0 18 2293 7054 7063 2302 2294 7055 7064 2303
7213 5 2 0 18 2294 7055 7064 2303 2295 7056 7065 2304
7214 5 2 0 18 2295 7056 7065 2304 396 1366 1367 397
7215 5 2 0 18 329 1078 148 23 2296 7057 3727 655
7216 5 2 0 18 2296 7057 3727 655 2297 7058 3728 656
7217 5 2 0 18 2297 7058 3728 656 2298 7059 3729 657
7218 5 2 0 18 2298 7059 3729 657 2299 7060 3730 658
7219 5 2 0 18 2299 7060 3730 658 2300 7061 3731 659
7220 5 2 0 18 2300 7061 3731 659 2301 7062 3732 660
7221 5 2 0 18 2301 7062 3732 660 2302 7063 3733 661
7222 5 2 0 18 2302 7063 3733 661 2303 7064 3734 662
7223 5 2 0 18 2303 7064 3734 662 2304 7065 3735 663
7224 5 2 0 18 2304 7065 3735 663 397 1367 216 39
7225 5 2 0 18 131 132 1079 1076 3574 3583 7066 7039
7226 5 2 0 18 3574 3583 7066 7039 3575 3584 7067 7040
7227 5 2 0 18 3575 3584 7067 7040 3576 3585 7068 7041
7228 5 2 0 18 3576 3585 7068 7041 3577 3586 7069 7042
7229 5 2 0 18 3577 3586 7069 7042 3578 3587 7070 7043
7230 5 2 0 18 3578 3587 7070 7043 3579 3588 7071 7044
7231 5 2 0 18 3579 3588 7071 7044 3580 3589 7072 7045
7232 5 2 0 18 3580 3589 7072 7045 3581 3590 7073 7046
7233 5 2 0 18 3581 3590 7073 7046 3582 3591 7074 7047
7234 5 2 0 18 3582 3591 7074 7047 199 200 1368 1365
7235 5 2 0 18 1076 1079 1080 1077 7039 7066 7075 7048
7236 5 2 0 18 7039 7066 7075 7048 7040 7067 7076 7049
7237 5 2 0 18 7040 7067 7076 7049 7041 7068 7077 7050
7238 5 2 0 18 7041 7068 7077 7050 7042 7069 7078 7051
7239 5 2 0 18 7042 7069 7078 7051 7043 7070 7079 7052
7240 5 2 0 18 7043 7070 7079 7052 7044 7071 7080 7053
7241 5 2 0 18 7044 7071 7080 7053 7045 7072 7081 7054
7242 5 2 0 18 7045 7072 7081 7054 7046 7073 7082 7055
7243 5 2 0 18 7046 7073 7082 7055 7047 7074 7083 7056
7244 5 2 0 18 7047 7074 7083 7056 1365 1368 1369 1366
7245 5 2 0 18 1077 1080 1081 1078 7048 7075 7084 7057
7246 5 2 0 18 7048 7075 7084 7057 7049 7076 7085 7058
7247 5 2 0 18 7049 7076 7085 7058 7050 7077 7086 7059
7248 5 2 0 18 7050 7077 7086 7059 7051 7078 7087 7060
7249 5 2 0 18 7051 7078 7087 7060 7052 7079 7088 7061
7250 5 2 0 18 7052 7079 7088 7061 7053 7080 7089 7062
7251 5 2 0 18 7053 7080 7089 7062 7054 7081 7090 7063
7252 5 2 0 18 7054 7081 7090 7063 7055 7082 7091 7064
7253 5 2 0 18 7055 7082 7091 7064 7056 7083 7092 7065
7254 5 2 0 18 7056 7083 7092 7065 1366 1369 1370 1367
7255 5 2 0 18 1078 1081 149 148 7057 7084 3736 3727
7256 5 2 0 18 7057 7084 3736 3727 7058 7085 3737 3728
7257 5 2 0 18 7058 7085 3737 3728 7059 7086 3738 3729
7258 5 2 0 18 7059 7086 3738 3729 7060 7087 3739 3730
7259 5 2 0 18 7060 7087 3739 3730 7061 7088 3740 3731
7260 5 2 0 18 7061 7088 3740 3731 7062 7089 3741 3732
7261 5 2 0 18 7062 7089 3741 3732 7063 7090 3742 3733
7262 5 2 0 18 7063 7090 3742 3733 7064 7091 3743 3734
7263 5 2 0 18 7064 7091 3743 3734 7065 7092 3744 3735
7264 5 2 0 18 7065 7092 3744 3735 1367 1370 217 216
7265 5 2 0 18 132 133 1082 1079 3583 3592 7093 7066
7266 5 2 0 18 3583 3592 7093 7066 3584 3593 7094 7067
7267 5 2 0 18 3584 3593 7094 7067 3585 3594 7095 7068
7268 5 2 0 18 3585 3594 7095 7068 3586 3595 7096 7069
7269 5 2 0 18 3586 3595 7096 7069 3587 3596 7097 7070
7270 5 2 0 18 3587 3596 7097 7070 3588 3597 7098 7071
7271 5 2 0 18 3588 3597 7098 7071 3589 3598 7099 7072
7272 5 2 0 18 3589 3598 7099 7072 3590 3599 7100 7073
7273 5 2 0 18 3590 3599 7100 7073 3591 3600 7101 7074
7274 5 2 0 18 3591 3600 7101 7074 200 201 1371 1368
7275 5 2 0 18 1079 1082 1083 1080 7066 7093 7102 7075
7276 5 2 0 18 7066 7093 7102 7075 7067 7094 7103 7076
7277 5 2 0 18 7067 7094 7103 7076 7068 7095 7104 7077
7278 5 2 0 18 7068 7095 7104 7077 7069 7096 7105 7078
7279 5 2 0 18 7069 7096 7105 7078 7070 7097 7106 7079
7280 5 2 0 18 7070 7097 7106 7079 7071 7098 7107 7080
7281 5 2 0 18 7071 7098 7107 7080 7072 7099 7108 7081
7282 5 2 0 18 7072 7099 7108 7081 7073 7100 7109 7082
7283 5 2 0 18 7073 7100 7109 7082 7074 7101 7110 7083
7284 5 2 0 18 7074 7101 7110 7083 1368 1371 1372 1369
7285 5 2 0 18 1080 1083 1084 1081 7075 7102 7111 7084
7286 5 2 0 18 7075 7102 7111 7084 7076 7103 7112 7085
7287 5 2 0 18 7076 7103 7112 7085 7077 7104 7113 7086
7288 5 2 0 18 7077 7104 7113 7086 7078 7105 7114 7087
7289 5 2 0 18 7078 7105 7114 7087 7079 7106 7115 7088
7290 5 2 0 18 7079 7106 7115 7088 7080 7107 7116 7089
7291 5 2 0 18 7080 7107 7116 7089 7081 7108 7117 7090
7292 5 2 0 18 7081 7108 7117 7090 7082 7109 7118 7091
7293 5 2 0 18 7082 7109 7118 7091 7083 7110 7119 7092
7294 5 2 0 18 7083 7110 7119 7092 1369 1372 1373 1370
7295 5 2 0 18 1081 1084 150 149 7084 7111 3745 3736
7296 5 2 0 18 7084 7111 3745 3736 7085 7112 3746 3737
7297 5 2 0 18 7085 7112 3746 3737 7086 7113 3747 3738
7298 5 2 0 18 7086 7113 3747 3738 7087 7114 3748 3739
7299 5 2 0 18 7087 7114 3748 3739 7088 7115 3749 3740
7300 5 2 0 18 7088 7115 3749 3740 7089 7116 3750 3741
7301 5 2 0 18 7089 7116 3750 3741 7090 7117 3751 3742
7302 5 2 0 18 7090 7117 3751 3742 7091 7118 3752 3743
7303 5 2 0 18 7091 7118 3752 3743 7092 7119 3753 3744
7304 5 2 0 18 7092 7119 3753 3744 1370 1373 218 217
7305 5 2 0 18 133 20 330 1082 3592 628 2305 7093
7306 5 2 0 18 3592 628 2305 7093 3593 629 2306 7094
7307 5 2 0 18 3593 629 2306 7094 3594 630 2307 7095
7308 5 2 0 18 3594 630 2307 7095 3595 631 2308 7096
7309 5 2 0 18 3595 631 2308 7096 3596 632 2309 7097
7310 5 2 0 18 3596 632 2309 7097 3597 633 2310 7098
7311 5 2 0 18 3597 633 2310 7098 3598 634 2311 7099
7312 5 2 0 18 3598 634 2311 7099 3599 635 2312 7100
7313 5 2 0 18 3599 635 2312 7100 3600 636 2313 7101
7314 5 2 0 18 3600 636 2313 7101 201 36 398 1371
7315 5 2 0 18 1082 330 331 1083 7093 2305 2314 7102
7316 5 2 0 18 7093 2305 2314 7102 7094 2306 2315 7103
7317 5 2 0 18 7094 2306 2315 7103 7095 2307 2316 7104
7318 5 2 0 18 7095 2307 2316 7104 7096 2308 2317 7105
7319 5 2 0 18 7096 2308 2317 7105 7097 2309 2318 7106
7320 5 2 0 18 7097 2309 2318 7106 7098 2310 2319 7107
7321 5 2 0 18 7098 2310 2319 7107 7099 2311 2320 7108
7322 5 2 0 18 7099 2311 2320 7108 7100 2312 2321 7109
7323 5 2 0 18 7100 2312 2321 7109 7101 2313 2322 7110
7324 5 2 0 18 7101 2313 2322 7110 1371 398 399 1372
7325 5 2 0 18 1083 331 332 1084 7102 2314 2323 7111
7326 5 2 0 18 7102 2314 2323 7111 7103 2315 2324 7112
7327 5 2 0 18 7103 2315 2324 7112 7104 2316 2325 7113
7328 5 2 0 18 7104 2316 2325 7113 7105 2317 2326 7114
7329 5 2 0 18 7105 2317 2326 7114 7106 2318 2327 7115
7330 5 2 0 18 7106 2318 2327 7115 7107 2319 2328 7116
7331 5 2 0 18 7107 2319 2328 7116 7108 2320 2329 7117
7332 5 2 0 18 7108 2320 2329 7117 7109 2321 2330 7118
7333 5 2 0 18 7109 2321 2330 7118 7110 2322 2331 7119
7334 5 2 0 18 7110 2322 2331 7119 1372 399 400 1373
7335 5 2 0 18 1084 332 24 150 7111 2323 664 3745
7336 5 2 0 18 7111 2323 664 3745 7112 2324 665 3746
7337 5 2 0 18 7112 2324 665 3746 7113 2325 666 3747
7338 5 2 0 18 7113 2325 666 3747 7114 2326 667 3748
7339 5 2 0 18 7114 2326 667 3748 7115 2327 668 3749
7340 5 2 0 18 7115 2327 668 3749 7116 2328 669 3750
7341 5 2 0 18 7116 2328 669 3750 7117 2329 670 3751
7342 5 2 0 18 7117 2329 670 3751 7118 2330 671 3752
7343 5 2 0 18 7118 2330 671 3752 7119 2331 672 3753
7344 5 2 0 18 7119 2331 672 3753 1373 400 40 218
7345 5 2 0 20 21 134 1085 333 637 3601 7120 2332
7346 5 2 0 20 637 3601 7120 2332 638 3602 7121 2333
7347 5 2 0 20 638 3602 7121 2333 639 3603 7122 2334
7348 5 2 0 20 639 3603 7122 2334 640 3604 7123 2335
7349 5 2 0 20 640 3604 7123 2335 641 3605 7124 2336
7350 5 2 0 20 641 3605 7124 2336 642 3606 7125 2337
7351 5 2 0 20 642 3606 7125 2337 643 3607 7126 2338
7352 5 2 0 20 643 3607 7126 2338 644 3608 7127 2339
7353 5 2 0 20 644 3608 7127 2339 645 3609 7128 2340
7354 5 2 0 20 645 3609 7128 2340 37 202 1374 401
7355 5 2 0 20 333 1085 1086 334 2332 7120 7129 2341
7356 5 2 0 20 2332 7120 7129 2341 2333 7121 7130 2342
7357 5 2 0 20 2333 7121 7130 2342 2334 7122 7131 2343
7358 5 2 0 20 2334 7122 7131 2343 2335 7123 7132 2344
7359 5 2 0 20 2335 7123 7132 2344 2336 7124 7133 2345
7360 5 2 0 20 2336 7124 7133 2345 2337 7125 7134 2346
7361 5 2 0 20 2337 7125 7134 2346 2338 7126 7135 2347
7362 5 2 0 20 2338 7126 7135 2347 2339 7127 7136 2348
7363 5 2 0 20 2339 7127 7136 2348 2340 7128 7137 2349
7364 5 2 0 20 2340 7128 7137 2349 401 1374 1375 402
7365 5 2 0 20 334 1086 1087 335 2341 7129 7138 2350
7366 5 2 0 20 2341 7129 7138 2350 2342 7130 7139 2351
7367 5 2 0 20 2342 7130 7139 2351 2343 7131 7140 2352
7368 5 2 0 20 2343 7131 7140 2352 2344 7132 7141 2353
7369 5 2 0 20 2344 7132 7141 2353 2345 7133 7142 2354
7370 5 2 0 20 2345 7133 7142 2354 2346 7134 7143 2355
7371 5 2 0 20 2346 7134 7143 2355 2347 7135 7144 2356
7372 5 2 0 20 2347 7135 7144 2356 2348 7136 7145 2357
7373 5 2 0 20 2348 7136 7145 2357 2349 7137 7146 2358
7374 5 2 0 20 2349 7137 7146 2358 402 1375 1376 403
7375 5 2 0 20 335 1087 1088 336 2350 7138 7147 2359
7376 5 2 0 20 2350 7138 7147 2359 2351 7139 7148 2360
7377 5 2 0 20 2351 7139 7148 2360 2352 7140 7149 2361
7378 5 2 0 20 2352 7140 7149 2361 2353 7141 7150 2362
7379 5 2 0 20 2353 7141 7150 2362 2354 7142 7151 2363
7380 5 2 0 20 2354 7142 7151 2363 2355 7143 7152 2364
7381 5 2 0 20 2355 7143 7152 2364 2356 7144 7153 2365
7382 5 2 0 20 2356 7144 7153 2365 2357 7145 7154 2366
7383 5 2 0 20 2357 7145 7154 2366 2358 7146 7155 2367
7384 5 2 0 20 2358 7146 7155 2367 403 1376 1377 404
7385 5 2 0 20 336 1088 1089 337 2359 7147 7156 2368
7386 5 2 0 20 2359 7147 7156 2368 2360 7148 7157 2369
7387 5 2 0 20 2360 7148 7157 2369 2361 7149 7158 2370
7388 5 2 0 20 2361 7149 7158 2370 2362 7150 7159 2371
7389 5 2 0 20 2362 7150 7159 2371 2363 7151 7160 2372
7390 5 2 0 20 2363 7151 7160 2372 2364 7152 7161 2373
7391 5 2 0 20 2364 7152 7161 2373 2365 7153 7162 2374
7392 5 2 0 20 2365 7153 7162 2374 2366 7154 7163 2375
7393 5 2 0 20 2366 7154 7163 2375 2367 7155 7164 2376
7394 5 2 0 20 2367 7155 7164 2376 404 1377 1378 405
7395 5 2 0 20 337 1089 1090 338 2368 7156 7165 2377
7396 5 2 0 20 2368 7156 7165 2377 2369 7157 7166 2378
7397 5 2 0 20 2369 7157 7166 2378 2370 7158 7167 2379
7398 5 2 0 20 2370 7158 7167 2379 2371 7159 7168 2380
7399 5 2 0 20 2371 7159 7168 2380 2372 7160 7169 2381
7400 5 2 0 20 2372 7160 7169 2381 2373 7161 7170 2382
7401 5 2 0 20 2373 7161 7170 2382 2374 7162 7171 2383
7402 5 2 0 20 2374 7162 7171 2383 2375 7163 7172 2384
7403 5 2 0 20 2375 7163 7172 2384 2376 7164 7173 2385
7404 5 2 0 20 2376 7164 7173 2385 405 1378 1379 406
7405 5 2 0 20 338 1090 1091 339 2377 7165 7174 2386
7406 5 2 0 20 2377 7165 7174 2386 2378 7166 7175 2387
7407 5 2 0 20 2378 7166 7175 2387 2379 7167 7176 2388
7408 5 2 0 20 2379 7167 7176 2388 2380 7168 7177 2389
7409 5 2 0 20 2380 7168 7177 2389 2381 7169 7178 2390
7410 5 2 0 20 2381 7169 7178 2390 2382 7170 7179 2391
7411 5 2 0 20 2382 7170 7179 2391 2383 7171 7180 2392
7412 5 2 0 20 2383 7171 7180 2392 2384 7172 7181 2393
7413 5 2 0 20 2384 7172 7181 2393 2385 7173 7182 2394
7414 5 2 0 20 2385 7173 7182 2394 406 1379 1380 407
7415 5 2 0 20 339 1091 1092 340 2386 7174 7183 2395
7416 5 2 0 20 2386 7174 7183 2395 2387 7175 7184 2396
7417 5 2 0 20 2387 7175 7184 2396 2388 7176 7185 2397
7418 5 2 0 20 2388 7176 7185 2397 2389 7177 7186 2398
7419 5 2 0 20 2389 7177 7186 2398 2390 7178 7187 2399
7420 5 2 0 20 2390 7178 7187 2399 2391 7179 7188 2400
7421 5 2 0 20 2391 7179 7188 2400 2392 7180 7189 2401
7422 5 2 0 20 2392 7180 7189 2401 2393 7181 7190 2402
7423 5 2 0 20 2393 7181 7190 2402 2394 7182 7191 2403
7424 5 2 0 20 2394 7182 7191 2403 407 1380 1381 408
7425 5 2 0 20 340 1092 1093 341 2395 7183 7192 2404
7426 5 2 0 20 2395 7183 7192 2404 2396 7184 7193 2405
7427 5 2 0 20 2396 7184 7193 2405 2397 7185 7194 2406
7428 5 2 0 20 2397 7185 7194 2406 2398 7186 7195 2407
7429 5 2 0 20 2398 7186 7195 2407 2399 7187 7196 2408
7430 5 2 0 20 2399 7187 7196 2408 2400 7188 7197 2409
7431 5 2 0 20 2400 7188 7197 2409 2401 7189 7198 2410
7432 5 2 0 20 2401 7189 7198 2410 2402 7190 7199 2411
7433 5 2 0 20 2402 7190 7199 2411 2403 7191 7200 2412
7434 5 2 0 20 2403 7191 7200 2412 408 1381 1382 409
7435 5 2 0 20 341 1093 1094 342 2404 7192 7201 2413
7436 5 2 0 20 2404 7192 7201 2413 2405 7193 7202 2414
7437 5 2 0 20 2405 7193 7202 2414 2406 7194 7203 2415
7438 5 2 0 20 2406 7194 7203 2415 2407 7195 7204 2416
7439 5 2 0 20 2407 7195 7204 2416 2408 7196 7205 2417
7440 5 2 0 20 2408 7196 7205 2417 2409 7197 7206 2418
7441 5 2 0 20 2409 7197 7206 2418 2410 7198 7207 2419
7442 5 2 0 20 2410 7198 7207 2419 2411 7199 7208 2420
7443 5 2 0 20 2411 7199 7208 2420 2412 7200 7209 2421
7444 5 2 0 20 2412 7200 7209 2421 409 1382 1383 410
7445 5 2 0 20 342 1094 1095 343 2413 7201 7210 2422
7446 5 2 0 20 2413 7201 7210 2422 2414 7202 7211 2423
7447 5 2 0 20 2414 7202 7211 2423 2415 7203 7212 2424
7448 5 2 0 20 2415 7203 7212 2424 2416 7204 7213 2425
7449 5 2 0 20 2416 7204 7213 2425 2417 7205 7214 2426
7450 5 2 0 20 2417 7205 7214 2426 2418 7206 7215 2427
7451 5 2 0 20 2418 7206 7215 2427 2419 7207 7216 2428
7452 5 2 0 20 2419 7207 7216 2428 2420 7208 7217 2429
7453 5 2 0 20 2420 7208 7217 2429 2421 7209 7218 2430
7454 5 2 0 20 2421 7209 7218 2430 410 1383 1384 411
7455 5 2 0 20 343 1095 151 25 2422 7210 3754 673
7456 5 2 0 20 2422 7210 3754 673 2423 7211 3755 674
7457 5 2 0 20 2423 7211 3755 674 2424 7212 3756 675
7458 5 2 0 20 2424 7212 3756 675 2425 7213 3757 676
7459 5 2 0 20 2425 7213 3757 676 2426 7214 3758 677
7460 5 2 0 20 2426 7214 3758 677 2427 7215 3759 678
7461 5 2 0 20 2427 7215 3759 678 2428 7216 3760 679
7462 5 2 0 20 2428 7216 3760 679 2429 7217 3761 680
7463 5 2 0 20 2429 7217 3761 680 2430 7218 3762 681
7464 5 2 0 20 2430 7218 3762 681 411 1384 219 41
7465 5 2 0 20 134 135 1096 1085 3601 3610 7219 7120
7466 5 2 0 20 3601 3610 7219 7120 3602 3611 7220 7121
7467 5 2 0 20 3602 3611 7220 7121 3603 3612 7221 7122
7468 5 2 0 20 3603 3612 7221 7122 3604 3613 7222 7123
7469 5 2 0 20 3604 3613 7222 7123 3605 3614 7223 7124
7470 5 2 0 20 3605 3614 7223 7124 3606 3615 7224 7125
7471 5 2 0 20 3606 3615 7224 7125 3607 3616 7225 7126
7472 5 2 0 20 3607 3616 7225 7126 3608 3617 7226 7127
7473 5 2 0 20 3608 3617 7226 7127 3609 3618 7227 7128
7474 5 2 0 20 3609 3618 7227 7128 202 203 1385 1374
7475 5 2 0 20 1085 1096 1097 1086 7120 7219 7228 7129
7476 5 2 0 20 7120 7219 7228 7129 7121 7220 7229 7130
7477 5 2 0 20 7121 7220 7229 7130 7122 7221 7230 7131
7478 5 2 0 20 7122 7221 7230 7131 7123 7222 7231 7132
7479 5 2 0 20 7123 7222 7231 7132 7124 7223 7232 7133
7480 5 2 0 20 7124 7223 7232 7133 7125 7224 7233 7134
7481 5 2 0 20 7125 7224 7233 7134 7126 7225 7234 7135
7482 5 2 0 20 7126 7225 7234 7135 7127 7226 7235 7136
7483 5 2 0 20 7127 7226 7235 7136 7128 7227 7236 7137
7484 5 2 0 20 7128 7227 7236 7137 1374 1385 1386 1375
7485 5 2 0 20 1086 1097 1098 1087 7129 7228 7237 7138
7486 5 2 0 20 7129 7228 7237 7138 7130 7229 7238 7139
7487 5 2 0 20 7130 7229 7238 7139 7131 7230 7239 7140
7488 5 2 0 20 7131 7230 7239 7140 7132 7231 7240 7141
7489 5 2 0 20 7132 7231 7240 7141 7133 7232 7241 7142
7490 5 2 0 20 7133 7232 7241 7142 7134 7233 7242 7143
7491 5 2 0 20 7134 7233 7242 7143 7135 7234 7243 7144
7492 5 2 0 20 7135 7234 7243 7144 7136 7235 7244 7145
7493 5 2 0 20 7136 7235 7244 7145 7137 7236 7245 7146
7494 5 2 0 20 7137 7236 7245 7146 1375 1386 1387 1376
7495 5 2 0 20 1087 1098 1099 1088 7138 7237 7246 7147
7496 5 2 0 20 7138 7237 7246 7147 7139 7238 7247 7148
7497 5 2 0 20 7139 7238 7247 7148 7140 7239 7248 7149
7498 5 2 0 20 7140 7239 7248 7149 7141 7240 7249 7150
7499 5 2 0 20 7141 7240 7249 7150 7142 7241 7250 7151
7500 5 2 0 20 7142 7241 7250 7151 7143 7242 7251 7152
7501 5 2 0 20 7143 7242 7251 7152 7144 7243 7252 7153
7502 5 2 0 20 7144 7243 7252 7153 7145 7244 7253 7154
7503 5 2 0 20 7145 7244 7253 7154 7146 7245 7254 7155
7504 5 2 0 20 7146 7245 7254 7155 1376 1387 1388 1377
7505 5 2 0 20 1088 1099 1100 1089 7147 7246 7255 7156
7506 5 2 0 20 7147 7246 7255 7156 7148 7247 7256 7157
7507 5 2 0 20 7148 7247 7256 7157 7149 7248 7257 7158
7508 5 2 0 20 7149 7248 7257 7158 7150 7249 7258 7159
7509 5 2 0 20 7150 7249 7258 7159 7151 7250 7259 7160
7510 5 2 0 20 7151 7250 7259 7160 7152 7251 7260 7161
7511 5 2 0 20 7152 7251 7260 7161 7153 7252 7261 7162
7512 5 2 0 20 7153 7252 7261 7162 7154 7253 7262 7163
7513 5 2 0 20 7154 7253 7262 7163 7155 7254 7263 7164
7514 5 2 0 20 7155 7254 7263 7164 1377 1388 1389 1378
7515 5 2 0 20 1089 1100 1101 1090 7156 7255 7264 7165
7516 5 2 0 20 7156 7255 7264 7165 7157 7256 7265 7166
7517 5 2 0 20 7157 7256 7265 7166 7158 7257 7266 7167
7518 5 2 0 20 7158 7257 7266 7167 7159 7258 7267 7168
7519 5 2 0 20 7159 7258 7267 7168 7160 7259 7268 7169
7520 5 2 0 20 7160 7259 7268 7169 7161 7260 7269 7170
7521 5 2 0 20 7161 7260 7269 7170 7162 7261 7270 7171
7522 5 2 0 20 7162 7261 7270 7171 7163 7262 7271 7172
7523 5 2 0 20 7163 7262 7271 7172 7164 7263 7272 7173
7524 5 2 0 20 7164 7263 7272 7173 1378 1389 1390 1379
7525 5 2 0 20 1090 1101 1102 1091 7165 7264 7273 7174
7526 5 2 0 20 7165 7264 7273 7174 7166 7265 7274 7175
7527 5 2 0 20 7166 7265 7274 7175 7167 7266 7275 7176
7528 5 2 0 20 7167 7266 7275 7176 7168 7267 7276 7177
7529 5 2 0 20 7168 7267 7276 7177 7169 7268 7277 7178
7530 5 2 0 20 7169 7268 7277 7178 7170 7269 7278 7179
7531 5 2 0 20 7170 7269 7278 7179 7171 7270 7279 7180
7532 5 2 0 20 7171 7270 7279 7180 7172 7271 7280 7181
7533 5 2 0 20 7172 7271 7280 7181 7173 7272 7281 7182
7534 5 2 0 20 7173 7272 7281 7182 1379 1390 1391 1380
7535 5 2 0 20 1091 1102 1103 1092 7174 7273 7282 7183
7536 5 2 0 20 7174 7273 7282 7183 7175 7274 7283 7184
7537 5 2 0 20 7175 7274 7283 7184 7176 7275 7284 7185
7538 5 2 0 20 7176 7275 7284 7185 7177 7276 7285 7186
7539 5 2 0 20 7177 7276 7285 7186 7178 7277 7286 7187
7540 5 2 0 20 7178 7277 7286 7187 7179 7278 7287 7188
7541 5 2 0 20 7179 7278 7287 7188 7180 7279 7288 7189
7542 5 2 0 20 7180 7279 7288 7189 7181 7280 7289 7190
7543 5 2 0 20 7181 7280 7289 7190 7182 7281 7290 7191
7544 5 2 0 20 7182 7281 7290 7191 1380 1391 1392 1381
7545 5 2 0 20 1092 1103 1104 1093 7183 7282 7291 7192
7546 5 2 0 20 7183 7282 7291 7192 7184 7283 7292 7193
7547 5 2 0 20 7184 7283 7292 7193 7185 7284 7293 7194
7548 5 2 0 20 7185 7284 7293 7194 7186 7285 7294 7195
7549 5 2 0 20 7186 7285 7294 7195 7187 7286 7295 7196
7550 5 2 0 20 7187 7286 7295 7196 7188 7287 7296 7197
7551 5 2 0 20 7188 7287 7296 7197 7189 7288 7297 7198
7552 5 2 0 20 7189 7288 7297 7198 7190 7289 7298 7199
7553 5 2 0 20 7190 7289 7298 7199 7191 7290 7299 7200
7554 5 2 0 20 7191 7290 7299 7200 1381 1392 1393 1382
7555 5 2 0 20 1093 1104 1105 1094 7192 7291 7300 7201
7556 5 2 0 20 7192 7291 7300 7201 7193 7292 7301 7202
7557 5 2 0 20 7193 7292 7301 7202 7194 7293 7302 7203
7558 5 2 0 20 7194 7293 7302 7203 7195 7294 7303 7204
7559 5 2 0 20 7195 7294 7303 7204 7196 7295 7304 7205
7560 5 2 0 20 7196 7295 7304 7205 7197 7296 7305 7206
7561 5 2 0 20 7197 7296 7305 7206 7198 7297 7306 7207
7562 5 2 0 20 7198 7297 7306 7207 7199 7298 7307 7208
7563 5 2 0 20 7199 7298 7307 7208 7200 7299 7308 7209
7564 5 2 0 20 7200 7299 7308 7209 1382 1393 1394 1383
7565 5 2 0 20 1094 1105 1106 1095 7201 7300 7309 7210
7566 5 2 0 20 7201 7300 7309 7210 7202 7301 7310 7211
7567 5 2 0 20 7202 7301 7310 7211 7203 7302 7311 7212
7568 5 2 0 20 7203 7302 7311 7212 7204 7303 7312 7213
7569 5 2 0 20 7204 7303 7312 7213 7205 7304 7313 7214
7570 5 2 0 20 7205 7304 7313 7214 7206 7305 7314 7215
7571 5 2 0 20 7206 7305 7314 7215 7207 7306 7315 7216
7572 5 2 0 20 7207 7306 7315 7216 7208 7307 7316 7217
7573 5 2 0 20 7208 7307 7316 7217 7209 7308 7317 7218
7574 5 2 0 20 7209 7308 7317 7218 1383 1394 1395 1384
7575 5 2 0 20 1095 1106 152 151 7210 7309 3763 3754
7576 5 2 0 20 7210 7309 3763 3754 7211 7310 3764 3755
7577 5 2 0 20 7211 7310 3764 3755 7212 7311 3765 3756
7578 5 2 0 20 7212 7311 3765 3756 7213 7312 3766 3757
7579 5 2 0 20 7213 7312 3766 3757 7214 7313 3767 3758
7580 5 2 0 20 7214 7313 3767 3758 7215 7314 3768 3759
7581 5 2 0 20 7215 7314 3768 3759 7216 7315 3769 3760
7582 5 2 0 20 7216 7315 3769 3760 7217 7316 3770 3761
7583 5 2 0 20 7217 7316 3770 3761 7218 7317 3771 3762
7584 5 2 0 20 7218 7317 3771 3762 1384 1395 220 219
7585 5 2 0 20 135 136 1107 1096 3610 3619 7318 7219
7586 5 2 0 20 3610 3619 7318 7219 3611 3620 7319 7220
7587 5 2 0 20 3611 3620 7319 7220 3612 3621 7320 7221
7588 5 2 0 20 3612 3621 7320 7221 3613 3622 7321 7222
7589 5 2 0 20 3613 3622 7321 7222 3614 3623 7322 7223
7590 5 2 0 20 3614 3623 7322 7223 3615 3624 7323 7224
7591 5 2 0 20 3615 3624 7323 7224 3616 3625 7324 7225
7592 5 2 0 20 3616 3625 7324 7225 3617 3626 7325 7226
7593 5 2 0 20 3617 3626 7325 7226 3618 3627 7326 7227
7594 5 2 0 20 3618 3627 7326 7227 203 204 1396 1385
7595 5 2 0 20 1096 1107 1108 1097 7219 7318 7327 7228
7596 5 2 0 20 7219 7318 7327 7228 7220 7319 7328 7229
7597 5 2 0 20 7220 7319 7328 7229 7221 7320 7329 7230
7598 5 2 0 20 7221 7320 7329 7230 7222 7321 7330 7231
7599 5 2 0 20 7222 7321 7330 7231 7223 7322 7331 7232
7600 5 2 0 20 7223 7322 7331 7232 7224 7323 7332 7233
7601 5 2 0 20 7224 7323 7332 7233 7225 7324 7333 7234
7602 5 2 0 20 7225 7324 7333 7234 7226 7325 7334 7235
7603 5 2 0 20 7226 7325 7334 7235 7227 7326 7335 7236
7604 5 2 0 20 7227 7326 7335 7236 1385 1396 1397 1386
7605 5 2 0 20 1097 1108 1109 1098 7228 7327 7336 7237
7606 5 2 0 20 7228 7327 7336 7237 7229 7328 7337 7238
7607 5 2 0 20 7229 7328 7337 7238 7230 7329 7338 7239
7608 5 2 0 20 7230 7329 7338 7239 7231 7330 7339 7240
7609 5 2 0 20 7231 7330 7339 7240 7232 7331 7340 7241
7610 5 2 0 20 7232 7331 7340 7241 7233 7332 7341 7242
7611 5 2 0 20 7233 7332 7341 7242 7234 7333 7342 7243
7612 5 2 0 20 7234 7333 7342 7243 7235 7334 7343 7244
7613 5 2 0 20 7235 7334 7343 7244 7236 7335 7344 7245
7614 5 2 0 20 7236 7335 7344 7245 1386 1397 1398 1387
7615 5 2 0 20 1098 1109 1110 1099 7237 7336 7345 7246
7616 5 2 0 20 7237 7336 7345 7246 7238 7337 7346 7247
7617 5 2 0 20 7238 7337 7346 7247 7239 7338 7347 7248
7618 5 2 0 20 7239 7338 7347 7248 7240 7339 7348 7249
7619 5 2 0 20 7240 7339 7348 7249 7241 7340 7349 7250
7620 5 2 0 20 7241 7340 7349 7250 7242 7341 7350 7251
7621 5 2 0 20 7242 7341 7350 7251 7243 7342 7351 7252
7622 5 2 0 20 7243 7342 7351 7252 7244 7343 7352 7253
7623 5 2 0 20 7244 7343 7352 7253 7245 7344 7353 7254
7624 5 2 0 20 7245 7344 7353 7254 1387 1398 1399 1388
7625 5 2 0 20 1099 1110 1111 1100 7246 7345 7354 7255
7626 5 2 0 20 7246 7345 7354 7255 7247 7346 7355 7256
7627 5 2 0 20 7247 7346 7355 7256 7248 7347 7356 7257
7628 5 2 0 20 7248 7347 7356 7257 7249 7348 7357 7258
7629 5 2 0 20 7249 7348 7357 7258 7250 7349 7358 7259
7630 5 2 0 20 7250 7349 7358 7259 7251 7350 7359 7260
7631 5 2 0 20 7251 7350 7359 7260 7252 7351 7360 7261
7632 5 2 0 20 7252 7351 7360 7261 7253 7352 7361 7262
7633 5 2 0 20 7253 7352 7361 7262 7254 7353 7362 7263
7634 5 2 0 20 7254 7353 7362 7263 1388 1399 1400 1389
7635 5 2 0 20 1100 1111 1112 1101 7255 7354 7363 7264
7636 5 2 0 20 7255 7354 7363 7264 7256 7355 7364 7265
7637 5 2 0 20 7256 7355 7364 7265 7257 7356 7365 7266
7638 5 2 0 20 7257 7356 7365 7266 7258 7357 7366 7267
7639 5 2 0 20 7258 7357 7366 7267 7259 7358 7367 7268
7640 5 2 0 20 7259 7358 7367 7268 7260 7359 7368 7269
7641 5 2 0 20 7260 7359 7368 7269 7261 7360 7369 7270
7642 5 2 0 20 7261 7360 7369 7270 7262 7361 7370 7271
7643 5 2 0 20 7262 7361 7370 7271 7263 7362 7371 7272
7644 5 2 0 20 7263 7362 7371 7272 1389 1400 1401 1390
7645 5 2 0 20 1101 1112 1113 1102 7264 7363 7372 7273
7646 5 2 0 20 7264 7363 7372 7273 7265 7364 7373 7274
7647 5 2 0 20 7265 7364 7373 7274 7266 7365 7374 7275
7648 5 2 0 20 7266 7365 7374 7275 7267 7366 7375 7276
7649 5 2 0 20 7267 7366 7375 7276 7268 7367 7376 7277
7650 5 2 0 20 7268 7367 7376 7277 7269 7368 7377 7278
7651 5 2 0 20 7269 7368 7377 7278 7270 7369 7378 7279
7652 5 2 0 20 7270 7369 7378 7279 7271 7370 7379 7280
7653 5 2 0 20 7271 7370 7379 7280 7272 7371 7380 7281
7654 5 2 0 20 7272 7371 7380 7281 1390 1401 1402 1391
7655 5 2 0 20 1102 1113 1114 1103 7273 7372 7381 7282
7656 5 2 0 20 7273 7372 7381 7282 7274 7373 7382 7283
7657 5 2 0 20 7274 7373 7382 7283 7275 7374 7383 7284
7658 5 2 0 20 7275 7374 7383 7284 7276 7375 7384 7285
7659 5 2 0 20 7276 7375 7384 7285 7277 7376 7385 7286
7660 5 2 0 20 7277 7376 7385 7286 7278 7377 7386 7287
7661 5 2 0 20 7278 7377 7386 7287 7279 7378 7387 7288
7662 5 2 0 20 7279 7378 7387 7288 7280 7379 7388 7289
7663 5 2 0 20 7280 7379 7388 7289 7281 7380 7389 7290
7664 5 2 0 20 7281 7380 7389 7290 1391 1402 1403 1392
7665 5 2 0 20 1103 1114 1115 1104 7282 7381 7390 7291
7666 5 2 0 20 7282 7381 7390 7291 7283 7382 7391 7292
7667 5 2 0 20 7283 7382 7391 7292 7284 7383 7392 7293
7668 5 2 0 20 7284 7383 7392 7293 7285 7384 7393 7294
7669 5 2 0 20 7285 7384 7393 7294 7286 7385 7394 7295
7670 5 2 0 20 7286 7385 7394 7295 7287 7386 7395 7296
7671 5 2 0 20 7287 7386 7395 7296 7288 7387 7396 7297
7672 5 2 0 20 7288 7387 7396 7297 7289 7388 7397 7298
7673 5 2 0 20 7289 7388 7397 7298 7290 7389 7398 7299
7674 5 2 0 20 7290 7389 7398 7299 1392 1403 1404 1393
7675 5 2 0 20 1104 1115 1116 1105 7291 7390 7399 7300
7676 5 2 0 20 7291 7390 7399 7300 7292 7391 7400 7301
7677 5 2 0 20 7292 7391 7400 7301 7293 7392 7401 7302
7678 5 2 0 20 7293 7392 7401 7302 7294 7393 7402 7303
7679 5 2 0 20 7294 7393 7402 7303 7295 7394 7403 7304
7680 5 2 0 20 7295 7394 7403 7304 7296 7395 7404 7305
7681 5 2 0 20 7296 7395 7404 7305 7297 7396 7405 7306
7682 5 2 0 20 7297 7396 7405 7306 7298 7397 7406 7307
7683 5 2 0 20 7298 7397 7406 7307 7299 7398 7407 7308
7684 5 2 0 20 7299 7398 7407 7308 1393 1404 1405 1394
7685 5 2 0 20 1105 1116 1117 1106 7300 7399 7408 7309
7686 5 2 0 20 7300 7399 7408 7309 7301 7400 7409 7310
7687 5 2 0 20 7301 7400 7409 7310 7302 7401 7410 7311
7688 5 2 0 20 7302 7401 7410 7311 7303 7402 7411 7312
7689 5 2 0 20 7303 7402 7411 7312 7304 7403 7412 7313
7690 5 2 0 20 7304 7403 7412 7313 7305 7404 7413 7314
7691 5 2 0 20 7305 7404 7413 7314 7306 7405 7414 7315
7692 5 2 0 20 7306 7405 7414 7315 7307 7406 7415 7316
7693 5 2 0 20 7307 7406 7415 7316 7308 7407 7416 7317
7694 5 2 0 20 7308 7407 7416 7317 1394 1405 1406 1395
7695 5 2 0 20 1106 1117 153 152 7309 7408 3772 3763
7696 5 2 0 20 7309 7408 3772 3763 7310 7409 3773 3764
7697 5 2 0 20 7310 7409 3773 3764 7311 7410 3774 3765
7698 5 2 0 20 7311 7410 3774 3765 7312 7411 3775 3766
7699 5 2 0 20 7312 7411 3775 3766 7313 7412 3776 3767
7700 5 2 0 20 7313 7412 3776 3767 7314 7413 3777 3768
7701 5 2 0 20 7314 7413 3777 3768 7315 7414 3778 3769
7702 5 2 0 20 7315 7414 3778 3769 7316 7415 3779 3770
7703 5 2 0 20 7316 7415 3779 3770 7317 7416 3780 3771
7704 5 2 0 20 7317 7416 3780 3771 1395 1406 221 220
7705 5 2 0 20 136 22 344 1107 3619 646 2431 7318
7706 5 2 0 20 3619 646 2431 7318 3620 647 2432 7319
7707 5 2 0 20 3620 647 2432 7319 3621 648 2433 7320
7708 5 2 0 20 3621 648 2433 7320 3622 649 2434 7321
7709 5 2 0 20 3622 649 2434 7321 3623 650 2435 7322
7710 5 2 0 20 3623 650 2435 7322 3624 651 2436 7323
7711 5 2 0 20 3624 651 2436 7323 3625 652 2437 7324
7712 5 2 0 20 3625 652 2437 7324 3626 653 2438 7325
7713 5 2 0 20 3626 653 2438 7325 3627 654 2439 7326
7714 5 2 0 20 3627 654 2439 7326 204 38 412 1396
7715 5 2 0 20 1107 344 345 1108 7318 2431 2440 7327
7716 5 2 0 20 7318 2431 2440 7327 7319 2432 2441 7328
7717 5 2 0 20 7319 2432 2441 7328 7320 2433 2442 7329
7718 5 2 0 20 7320 2433 2442 7329 7321 2434 2443 7330
7719 5 2 0 20 7321 2434 2443 7330 7322 2435 2444 7331
7720 5 2 0 20 7322 2435 2444 7331 7323 2436 2445 7332
7721 5 2 0 20 7323 2436 2445 7332 7324 2437 2446 7333
7722 5 2 0 20 7324 2437 2446 7333 7325 2438 2447 7334
7723 5 2 0 20 7325 2438 2447 7334 7326 2439 2448 7335
7724 5 2 0 20 7326 2439 2448 7335 1396 412 413 1397
7725 5 2 0 20 1108 345 346 1109 7327 2440 2449 7336
7726 5 2 0 20 7327 2440 2449 7336 7328 2441 2450 7337
7727 5 2 0 20 7328 2441 2450 7337 7329 2442 2451 7338
7728 5 2 0 20 7329 2442 2451 7338 7330 2443 2452 7339
7729 5 2 0 20 7330 2443 2452 7339 7331 2444 2453 7340
7730 5 2 0 20 7331 2444 2453 7340 7332 2445 2454 7341
7731 5 2 0 20 7332 2445 2454 7341 7333 2446 2455 7342
7732 5 2 0 20 7333 2446 2455 7342 7334 2447 2456 7343
7733 5 2 0 20 7334 2447 2456 7343 7335 2448 2457 7344
7734 5 2 0 20 7335 2448 2457 7344 1397 413 414 1398
7735 5 2 0 20 1109 346 347 1110 7336 2449 2458 7345
7736 5 2 0 20 7336 2449 2458 7345 7337 2450 2459 7346
7737 5 2 0 20 7337 2450 2459 7346 7338 2451 2460 7347
7738 5 2 0 20 7338 2451 2460 7347 7339 2452 2461 7348
7739 5 2 0 20 7339 2452 2461 7348 7340 2453 2462 7349
7740 5 2 0 20 7340 2453 2462 7349 7341 2454 2463 7350
7741 5 2 0 20 7341 2454 2463 7350 7342 2455 2464 7351
7742 5 2 0 20 7342 2455 2464 7351 7343 2456 2465 7352
7743 5 2 0 20 7343 2456 2465 7352 7344 2457 2466 7353
7744 5 2 0 20 7344 2457 2466 7353 1398 414 415 1399
7745 5 2 0 20 1110 347 348 1111 7345 2458 2467 7354
7746 5 2 0 20 7345 2458 2467 7354 7346 2459 2468 7355
7747 5 2 0 20 7346 2459 2468 7355 7347 2460 2469 7356
7748 5 2 0 20 7347 2460 2469 7356 7348 2461 2470 7357
7749 5 2 0 20 7348 2461 2470 7357 7349 2462 2471 7358
7750 5 2 0 20 7349 2462 2471 7358 7350 2463 2472 7359
7751 5 2 0 20 7350 2463 2472 7359 7351 2464 2473 7360
7752 5 2 0 20 7351 2464 2473 7360 7352 2465 2474 7361
7753 5 2 0 20 7352 2465 2474 7361 7353 2466 2475 7362
7754 5 2 0 20 7353 2466 2475 7362 1399 415 416 1400
7755 5 2 0 20 1111 348 349 1112 7354 2467 2476 7363
7756 5 2 0 20 7354 2467 2476 7363 7355 2468 2477 7364
7757 5 2 0 20 7355 2468 2477 7364 7356 2469 2478 7365
7758 5 2 0 20 7356 2469 2478 7365 7357 2470 2479 7366
7759 5 2 0 20 7357 2470 2479 7366 7358 2471 2480 7367
7760 5 2 0 20 7358 2471 2480 7367 7359 2472 2481 7368
7761 5 2 0 20 7359 2472 2481 7368 7360 2473 2482 7369
7762 5 2 0 20 7360 2473 2482 7369 7361 2474 2483 7370
7763 5 2 0 20 7361 2474 2483 7370 7362 2475 2484 7371
7764 5 2 0 20 7362 2475 2484 7371 1400 416 417 1401
7765 5 2 0 20 1112 349 350 1113 7363 2476 2485 7372
7766 5 2 0 20 7363 2476 2485 7372 7364 2477 2486 7373
7767 5 2 0 20 7364 2477 2486 7373 7365 2478 2487 7374
7768 5 2 0 20 7365 2478 2487 7374 7366 2479 2488 7375
7769 5 2 0 20 7366 2479 2488 7375 7367 2480 2489 7376
7770 5 2 0 20 7367 2480 2489 7376 7368 2481 2490 7377
7771 5 2 0 20 7368 2481 2490 7377 7369 2482 2491 7378
7772 5 2 0 20 7369 2482 2491 7378 7370 2483 2492 7379
7773 5 2 0 20 7370 2483 2492 7379 7371 2484 2493 7380
7774 5 2 0 20 7371 2484 2493 7380 1401 417 418 1402
7775 5 2 0 20 1113 350 351 1114 7372 2485 2494 7381
7776 5 2 0 20 7372 2485 2494 7381 7373 2486 2495 7382
7777 5 2 0 20 7373 2486 2495 7382 7374 2487 2496 7383
7778 5 2 0 20 7374 2487 2496 7383 7375 2488 2497 7384
7779 5 2 0 20 7375 2488 2497 7384 7376 2489 2498 7385
7780 5 2 0 20 7376 2489 2498 7385 7377 2490 2499 7386
7781 5 2 0 20 7377 2490 2499 7386 7378 2491 2500 7387
7782 5 2 0 20 7378 2491 2500 7387 7379 2492 2501 7388
7783 5 2 0 20 7379 2492 2501 7388 7380 2493 2502 7389
7784 5 2 0 20 7380 2493 2502 7389 1402 418 419 1403
7785 5 2 0 20 1114 351 352 1115 7381 2494 2503 7390
7786 5 2 0 20 7381 2494 2503 7390 7382 2495 2504 7391
7787 5 2 0 20 7382 2495 2504 7391 7383 2496 2505 7392
7788 5 2 0 20 7383 2496 2505 7392 7384 2497 2506 7393
7789 5 2 0 20 7384 2497 2506 7393 7385 2498 2507 7394
7790 5 2 0 20 7385 2498 2507 7394 7386 2499 2508 7395
7791 5 2 0 20 7386 2499 2508 7395 7387 2500 2509 7396
7792 5 2 0 20 7387 2500 2509 7396 7388 2501 2510 7397
7793 5 2 0 20 7388 2501 2510 7397 7389 2502 2511 7398
7794 5 2 0 20 7389 2502 2511 7398 1403 419 420 1404
7795 5 2 0 20 1115 352 353 1116 7390 2503 2512 7399
7796 5 2 0 20 7390 2503 2512 7399 7391 2504 2513 7400
7797 5 2 0 20 7391 2504 2513 7400 7392 2505 2514 7401
7798 5 2 0 20 7392 2505 2514 7401 7393 2506 2515 7402
7799 5 2 0 20 7393 2506 2515 7402 7394 2507 2516 7403
7800 5 2 0 20 7394 2507 2516 7403 7395 2508 2517 7404
7801 5 2 0 20 7395 2508 2517 7404 7396 2509 2518 7405
7802 5 2 0 20 7396 2509 2518 7405 7397 2510 2519 7406
7803 5 2 0 20 7397 2510 2519 7406 7398 2511 2520 7407
7804 5 2 0 20 7398 2511 2520 7407 1404 420 421 1405
7805 5 2 0 20 1116 353 354 1117 7399 2512 2521 7408
7806 5 2 0 20 7399 2512 2521 7408 7400 2513 2522 7409
7807 5 2 0 20 7400 2513 2522 7409 7401 2514 2523 7410
7808 5 2 0 20 7401 2514 2523 7410 7402 2515 2524 7411
7809 5 2 0 20 7402 2515 2524 7411 7403 2516 2525 7412
7810 5 2 0 20 7403 2516 2525 7412 7404 2517 2526 7413
7811 5 2 0 20 7404 2517 2526 7413 7405 2518 2527 7414
7812 5 2 0 20 7405 2518 2527 7414 7406 2519 2528 7415
7813 5 2 0 20 7406 2519 2528 7415 7407 2520 2529 7416
7814 5 2 0 20 7407 2520 2529 7416 1405 421 422 1406
7815 5 2 0 20 1117 354 26 153 7408 2521 682 3772
7816 5 2 0 20 7408 2521 682 3772 7409 2522 683 3773
7817 5 2 0 20 7409 2522 683 3773 7410 2523 684 3774
7818 5 2 0 20 7410 2523 684 3774 7411 2524 685 3775
7819 5 2 0 20 7411 2524 685 3775 7412 2525 686 3776
7820 5 2 0 20 7412 2525 686 3776 7413 2526 687 3777
7821 5 2 0 20 7413 2526 687 3777 7414 2527 688 3778
7822 5 2 0 20 7414 2527 688 3778 7415 2528 689 3779
7823 5 2 0 20 7415 2528 689 3779 7416 2529 690 3780
7824 5 2 0 20 7416 2529 690 3780 1406 422 42 221
7825 5 2 0 21 22 137 1118 344 646 3628 7417 2431
7826 5 2 0 21 646 3628 7417 2431 647 3629 7418 2432
7827 5 2 0 21 647 3629 7418 2432 648 3630 7419 2433
7828 5 2 0 21 648 3630 7419 2433 649 3631 7420 2434
7829 5 2 0 21 649 3631 7420 2434 650 3632 7421 2435
7830 5 2 0 21 650 3632 7421 2435 651 3633 7422 2436
7831 5 2 0 21 651 3633 7422 2436 652 3634 7423 2437
7832 5 2 0 21 652 3634 7423 2437 653 3635 7424 2438
7833 5 2 0 21 653 3635 7424 2438 654 3636 7425 2439
7834 5 2 0 21 654 3636 7425 2439 38 205 1407 412
7835 5 2 0 21 344 1118 1119 345 2431 7417 7426 2440
7836 5 2 0 21 2431 7417 7426 2440 2432 7418 7427 2441
7837 5 2 0 21 2432 7418 7427 2441 2433 7419 7428 2442
7838 5 2 0 21 2433 7419 7428 2442 2434 7420 7429 2443
7839 5 2 0 21 2434 7420 7429 2443 2435 7421 7430 2444
7840 5 2 0 21 2435 7421 7430 2444 2436 7422 7431 2445
7841 5 2 0 21 2436 7422 7431 2445 2437 7423 7432 2446
7842 5 2 0 21 2437 7423 7432 2446 2438 7424 7433 2447
7843 5 2 0 21 2438 7424 7433 2447 2439 7425 7434 2448
7844 5 2 0 21 2439 7425 7434 2448 412 1407 1408 413
7845 5 2 0 21 345 1119 1120 346 2440 7426 7435 2449
7846 5 2 0 21 2440 7426 7435 2449 2441 7427 7436 2450
7847 5 2 0 21 2441 7427 7436 2450 2442 7428 7437 2451
7848 5 2 0 21 2442 7428 7437 2451 2443 7429 7438 2452
7849 5 2 0 21 2443 7429 7438 2452 2444 7430 7439 2453
7850 5 2 0 21 2444 7430 7439 2453 2445 7431 7440 2454
7851 5 2 0 21 2445 7431 7440 2454 2446 7432 7441 2455
7852 5 2 0 21 2446 7432 7441 2455 2447 7433 7442 2456
7853 5 2 0 21 2447 7433 7442 2456 2448 7434 7443 2457
7854 5 2 0 21 2448 7434 7443 2457 413 1408 1409 414
7855 5 2 0 21 346 1120 1121 347 2449 7435 7444 2458
7856 5 2 0 21 2449 7435 7444 2458 2450 7436 7445 2459
7857 5 2 0 21 2450 7436 7445 2459 2451 7437 7446 2460
7858 5 2 0 21 2451 7437 7446 2460 2452 7438 7447 2461
7859 5 2 0 21 2452 7438 7447 2461 2453 7439 7448 2462
7860 5 2 0 21 2453 7439 7448 2462 2454 7440 7449 2463
7861 5 2 0 21 2454 7440 7449 2463 2455 7441 7450 2464
7862 5 2 0 21 2455 7441 7450 2464 2456 7442 7451 2465
7863 5 2 0 21 2456 7442 7451 2465 2457 7443 7452 2466
7864 5 2 0 21 2457 7443 7452 2466 414 1409 1410 415
7865 5 2 0 21 347 1121 1122 348 2458 7444 7453 2467
7866 5 2 0 21 2458 7444 7453 2467 2459 7445 7454 2468
7867 5 2 0 21 2459 7445 7454 2468 2460 7446 7455 2469
7868 5 2 0 21 2460 7446 7455 2469 2461 7447 7456 2470
7869 5 2 0 21 2461 7447 7456 2470 2462 7448 7457 2471
7870 5 2 0 21 2462 7448 7457 2471 2463 7449 7458 2472
7871 5 2 0 21 2463 7449 7458 2472 2464 7450 7459 2473
7872 5 2 0 21 2464 7450 7459 2473 2465 7451 7460 2474
7873 5 2 0 21 2465 7451 7460 2474 2466 7452 7461 2475
7874 5 2 0 21 2466 7452 7461 2475 415 1410 1411 416
7875 5 2 0 21 348 1122 1123 349 2467 7453 7462 2476
7876 5 2 0 21 2467 7453 7462 2476 2468 7454 7463 2477
7877 5 2 0 21 2468 7454 7463 2477 2469 7455 7464 2478
7878 5 2 0 21 2469 7455 7464 2478 2470 7456 7465 2479
7879 5 2 0 21 2470 7456 7465 2479 2471 7457 7466 2480
7880 5 2 0 21 2471 7457 7466 2480 2472 7458 7467 2481
7881 5 2 0 21 2472 7458 7467 2481 2473 7459 7468 2482
7882 5 2 0 21 2473 7459 7468 2482 2474 7460 7469 2483
7883 5 2 0 21 2474 7460 7469 2483 2475 7461 7470 2484
7884 5 2 0 21 2475 7461 7470 2484 416 1411 1412 417
7885 5 2 0 21 349 1123 1124 350 2476 7462 7471 2485
7886 5 2 0 21 2476 7462 7471 2485 2477 7463 7472 2486
7887 5 2 0 21 2477 7463 7472 2486 2478 7464 7473 2487
7888 5 2 0 21 2478 7464 7473 2487 2479 7465 7474 2488
7889 5 2 0 21 2479 7465 7474 2488 2480 7466 7475 2489
7890 5 2 0 21 2480 7466 7475 2489 2481 7467 7476 2490
7891 5 2 0 21 2481 7467 7476 2490 2482 7468 7477 2491
7892 5 2 0 21 2482 7468 7477 2491 2483 7469 7478 2492
7893 5 2 0 21 2483 7469 7478 2492 2484 7470 7479 2493
7894 5 2 0 21 2484 7470 7479 2493 417 1412 1413 418
7895 5 2 0 21 350 1124 1125 351 2485 7471 7480 2494
7896 5 2 0 21 2485 7471 7480 2494 2486 7472 7481 2495
7897 5 2 0 21 2486 7472 7481 2495 2487 7473 7482 2496
7898 5 2 0 21 2487 7473 7482 2496 2488 7474 7483 2497
7899 5 2 0 21 2488 7474 7483 2497 2489 7475 7484 2498
7900 5 2 0 21 2489 7475 7484 2498 2490 7476 7485 2499
7901 5 2 0 21 2490 7476 7485 2499 2491 7477 7486 2500
7902 5 2 0 21 2491 7477 7486 2500 2492 7478 7487 2501
7903 5 2 0 21 2492 7478 7487 2501 2493 7479 7488 2502
7904 5 2 0 21 2493 7479 7488 2502 418 1413 1414 419
7905 5 2 0 21 351 1125 1126 352 2494 7480 7489 2503
7906 5 2 0 21 2494 7480 7489 2503 2495 7481 7490 2504
7907 5 2 0 21 2495 7481 7490 2504 2496 7482 7491 2505
7908 5 2 0 21 2496 7482 7491 2505 2497 7483 7492 2506
7909 5 2 0 21 2497 7483 7492 2506 2498 7484 7493 2507
7910 5 2 0 21 2498 7484 7493 2507 2499 7485 7494 2508
7911 5 2 0 21 2499 7485 7494 2508 2500 7486 7495 2509
7912 5 2 0 21 2500 7486 7495 2509 2501 7487 7496 2510
7913 5 2 0 21 2501 7487 7496 2510 2502 7488 7497 2511
7914 5 2 0 21 2502 7488 7497 2511 419 1414 1415 420
7915 5 2 0 21 352 1126 1127 353 2503 7489 7498 2512
7916 5 2 0 21 2503 7489 7498 2512 2504 7490 7499 2513
7917 5 2 0 21 2504 7490 7499 2513 2505 7491 7500 2514
7918 5 2 0 21 2505 7491 7500 2514 2506 7492 7501 2515
7919 5 2 0 21 2506 7492 7501 2515 2507 7493 7502 2516
7920 5 2 0 21 2507 7493 7502 2516 2508 7494 7503 2517
7921 5 2 0 21 2508 7494 7503 2517 2509 7495 7504 2518
7922 5 2 0 21 2509 7495 7504 2518 2510 7496 7505 2519
7923 5 2 0 21 2510 7496 7505 2519 2511 7497 7506 2520
7924 5 2 0 21 2511 7497 7506 2520 420 1415 1416 421
7925 5 2 0 21 353 1127 1128 354 2512 7498 7507 2521
7926 5 2 0 21 2512 7498 7507 2521 2513 7499 7508 2522
7927 5 2 0 21 2513 7499 7508 2522 2514 7500 7509 2523
7928 5 2 0 21 2514 7500 7509 2523 2515 7501 7510 2524
7929 5 2 0 21 2515 7501 7510 2524 2516 7502 7511 2525
7930 5 2 0 21 2516 7502 7511 2525 2517 7503 7512 2526
7931 5 2 0 21 2517 7503 7512 2526 2518 7504 7513 2527
7932 5 2 0 21 2518 7504 7513 2527 2519 7505 7514 2528
7933 5 2 0 21 2519 7505 7514 2528 2520 7506 7515 2529
7934 5 2 0 21 2520 7506 7515 2529 421 1416 1417 422
7935 5 2 0 21 354 1128 154 26 2521 7507 3781 682
7936 5 2 0 21 2521 7507 3781 682 2522 7508 3782 683
7937 5 2 0 21 2522 7508 3782 683 2523 7509 3783 684
7938 5 2 0 21 2523 7509 3783 684 2524 7510 3784 685
7939 5 2 0 21 2524 7510 3784 685 2525 7511 3785 686
7940 5 2 0 21 2525 7511 3785 686 2526 7512 3786 687
7941 5 2 0 21 2526 7512 3786 687 2527 7513 3787 688
7942 5 2 0 21 2527 7513 3787 688 2528 7514 3788 689
7943 5 2 0 21 2528 7514 3788 689 2529 7515 3789 690
7944 5 2 0 21 2529 7515 3789 690 422 1417 222 42
7945 5 2 0 21 137 138 1129 1118 3628 3637 7516 7417
7946 5 2 0 21 3628 3637 7516 7417 3629 3638 7517 7418
7947 5 2 0 21 3629 3638 7517 7418 3630 3639 7518 7419
7948 5 2 0 21 3630 3639 7518 7419 3631 3640 7519 7420
7949 5 2 0 21 3631 3640 7519 7420 3632 3641 7520 7421
7950 5 2 0 21 3632 3641 7520 7421 3633 3642 7521 7422
7951 5 2 0 21 3633 3642 7521 7422 3634 3643 7522 7423
7952 5 2 0 21 3634 3643 7522 7423 3635 3644 7523 7424
7953 5 2 0 21 3635 3644 7523 7424 3636 3645 7524 7425
7954 5 2 0 21 3636 3645 7524 7425 205 206 1418 1407
7955 5 2 0 21 1118 1129 1130 1119 7417 7516 7525 7426
7956 5 2 0 21 7417 7516 7525 7426 7418 7517 7526 7427
7957 5 2 0 21 7418 7517 7526 7427 7419 7518 7527 7428
7958 5 2 0 21 7419 7518 7527 7428 7420 7519 7528 7429
7959 5 2 0 21 7420 7519 7528 7429 7421 7520 7529 7430
7960 5 2 0 21 7421 7520 7529 7430 7422 7521 7530 7431
7961 5 2 0 21 7422 7521 7530 7431 7423 7522 7531 7432
7962 5 2 0 21 7423 7522 7531 7432 7424 7523 7532 7433
7963 5 2 0 21 7424 7523 7532 7433 7425 7524 7533 7434
7964 5 2 0 21 7425 7524 7533 7434 1407 1418 1419 1408
7965 5 2 0 21 1119 1130 1131 1120 7426 7525 7534 7435
7966 5 2 0 21 7426 7525 7534 7435 7427 7526 7535 7436
7967 5 2 0 21 7427 7526 7535 7436 7428 7527 7536 7437
7968 5 2 0 21 7428 7527 7536 7437 7429 7528 7537 7438
7969 5 2 0 21 7429 7528 7537 7438 7430 7529 7538 7439
7970 5 2 0 21 7430 7529 7538 7439 7431 7530 7539 7440
7971 5 2 0 21 7431 7530 7539 7440 7432 7531 7540 7441
7972 5 2 0 21 7432 7531 7540 7441 7433 7532 7541 7442
7973 5 2 0 21 7433 7532 7541 7442 7434 7533 7542 7443
7974 5 2 0 21 7434 7533 7542 7443 1408 1419 1420 1409
7975 5 2 0 21 1120 1131 1132 1121 7435 7534 7543 7444
7976 5 2 0 21 7435 7534 7543 7444 7436 7535 7544 7445
7977 5 2 0 21 7436 7535 7544 7445 7437 7536 7545 7446
7978 5 2 0 21 7437 7536 7545 7446 7438 7537 7546 7447
7979 5 2 0 21 7438 7537 7546 7447 7439 7538 7547 7448
7980 5 2 0 21 7439 7538 7547 7448 7440 7539 7548 7449
7981 5 2 0 21 7440 7539 7548 7449 7441 7540 7549 7450
7982 5 2 0 21 7441 7540 7549 7450 7442 7541 7550 7451
7983 5 2 0 21 7442 7541 7550 7451 7443 7542 7551 7452
7984 5 2 0 21 7443 7542 7551 7452 1409 1420 1421 1410
7985 5 2 0 21 1121 1132 1133 1122 7444 7543 7552 7453
7986 5 2 0 21 7444 7543 7552 7453 7445 7544 7553 7454
7987 5 2 0 21 7445 7544 7553 7454 7446 7545 7554 7455
7988 5 2 0 21 7446 7545 7554 7455 7447 7546 7555 7456
7989 5 2 0 21 7447 7546 7555 7456 7448 7547 7556 7457
7990 5 2 0 21 7448 7547 7556 7457 7449 7548 7557 7458
7991 5 2 0 21 7449 7548 7557 7458 7450 7549 7558 7459
7992 5 2 0 21 7450 7549 7558 7459 7451 7550 7559 7460
7993 5 2 0 21 7451 7550 7559 7460 7452 7551 7560 7461
7994 5 2 0 21 7452 7551 7560 7461 1410 1421 1422 1411
7995 5 2 0 21 1122 1133 1134 1123 7453 7552 7561 7462
7996 5 2 0 21 7453 7552 7561 7462 7454 7553 7562 7463
7997 5 2 0 21 7454 7553 7562 7463 7455 7554 7563 7464
7998 5 2 0 21 7455 7554 7563 7464 7456 7555 7564 7465
7999 5 2 0 21 7456 7555 7564 7465 7457 7556 7565 7466
8000 5 2 0 21 7457 7556 7565 7466 7458 7557 7566 7467
8001 5 2 0 21 7458 7557 7566 7467 7459 7558 7567 7468
8002 5 2 0 21 7459 7558 7567 7468 7460 7559 7568 7469
8003 5 2 0 21 7460 7559 7568 7469 7461 7560 7569 7470
8004 5 2 0 21 7461 7560 7569 7470 1411 1422 1423 1412
8005 5 2 0 21 1123 1134 1135 1124 7462 7561 7570 7471
8006 5 2 0 21 7462 7561 7570 7471 7463 7562 7571 7472
8007 5 2 0 21 7463 7562 7571 7472 7464 7563 7572 7473
8008 5 2 0 21 7464 7563 7572 7473 7465 7564 7573 7474
8009 5 2 0 21 7465 7564 7573 7474 7466 7565 7574 7475
8010 5 2 0 21 7466 7565 7574 7475 7467 7566 7575 7476
8011 5 2 0 21 7467 7566 7575 7476 7468 7567 7576 7477
8012 5 2 0 21 7468 7567 7576 7477 7469 7568 7577 7478
8013 5 2 0 21 7469 7568 7577 7478 7470 7569 7578 7479
8014 5 2 0 21 7470 7569 7578 7479 1412 1423 1424 1413
8015 5 2 0 21 1124 1135 1136 1125 7471 7570 7579 7480
8016 5 2 0 21 7471 7570 7579 7480 7472 7571 7580 7481
8017 5 2 0 21 7472 7571 7580 7481 7473 7572 7581 7482
8018 5 2 0 21 7473 7572 7581 7482 7474 7573 7582 7483
8019 5 2 0 21 7474 7573 7582 7483 7475 7574 7583 7484
8020 5 2 0 21 7475 7574 7583 7484 7476 7575 7584 7485
8021 5 2 0 21 7476 7575 7584 7485 7477 7576 7585 7486
8022 5 2 0 21 7477 7576 7585 7486 7478 7577 7586 7487
8023 5 2 0 21 7478 7577 7586 7487 7479 7578 7587 7488
8024 5 2 0 21 7479 7578 7587 7488 1413 1424 1425 1414
8025 5 2 0 21 1125 1136 1137 1126 7480 7579 7588 7489
8026 5 2 0 21 7480 7579 7588 7489 7481 7580 7589 7490
8027 5 2 0 21 7481 7580 7589 7490 7482 7581 7590 7491
8028 5 2 0 21 7482 7581 7590 7491 7483 7582 7591 7492
8029 5 2 0 21 7483 7582 7591 7492 7484 7583 7592 7493
8030 5 2 0 21 7484 7583 7592 7493 7485 7584 7593 7494
8031 5 2 0 21 7485 7584 7593 7494 7486 7585 7594 7495
8032 5 2 0 21 7486 7585 7594 7495 7487 7586 7595 7496
8033 5 2 0 21 7487 7586 7595 7496 7488 7587 7596 7497
8034 5 2 0 21 7488 7587 7596 7497 1414 1425 1426 1415
8035 5 2 0 21 1126 1137 1138 1127 7489 7588 7597 7498
8036 5 2 0 21 7489 7588 7597 7498 7490 7589 7598 7499
8037 5 2 0 21 7490 7589 7598 7499 7491 7590 7599 7500
8038 5 2 0 21 7491 7590 7599 7500 7492 7591 7600 7501
8039 5 2 0 21 7492 7591 7600 7501 7493 7592 7601 7502
8040 5 2 0 21 7493 7592 7601 7502 7494 7593 7602 7503
8041 5 2 0 21 7494 7593 7602 7503 7495 7594 7603 7504
8042 5 2 0 21 7495 7594 7603 7504 7496 7595 7604 7505
8043 5 2 0 21 7496 7595 7604 7505 7497 7596 7605 7506
8044 5 2 0 21 7497 7596 7605 7506 1415 1426 1427 1416
8045 5 2 0 21 1127 1138 1139 1128 7498 7597 7606 7507
8046 5 2 0 21 7498 7597 7606 7507 7499 7598 7607 7508
8047 5 2 0 21 7499 7598 7607 7508 7500 7599 7608 7509
8048 5 2 0 21 7500 7599 7608 7509 7501 7600 7609 7510
8049 5 2 0 21 7501 7600 7609 7510 7502 7601 7610 7511
8050 5 2 0 21 7502 7601 7610 7511 7503 7602 7611 7512
8051 5 2 0 21 7503 7602 7611 7512 7504 7603 7612 7513
8052 5 2 0 21 7504 7603 7612 7513 7505 7604 7613 7514
8053 5 2 0 21 7505 7604 7613 7514 7506 7605 7614 7515
8054 5 2 0 21 7506 7605 7614 7515 1416 1427 1428 1417
8055 5 2 0 21 1128 1139 155 154 7507 7606 3790 3781
8056 5 2 0 21 7507 7606 3790 3781 7508 7607 3791 3782
8057 5 2 0 21 7508 7607 3791 3782 7509 7608 3792 3783
8058 5 2 0 21 7509 7608 3792 3783 7510 7609 3793 3784
8059 5 2 0 21 7510 7609 3793 3784 7511 7610 3794 3785
8060 5 2 0 21 7511 7610 3794 3785 7512 7611 3795 3786
8061 5 2 0 21 7512 7611 3795 3786 7513 7612 3796 3787
8062 5 2 0 21 7513 7612 3796 3787 7514 7613 3797 3788
8063 5 2 0 21 7514 7613 3797 3788 7515 7614 3798 3789
8064 5 2 0 21 7515 7614 3798 3789 1417 1428 223 222
8065 5 2 0 21 138 139 1140 1129 3637 3646 7615 7516
8066 5 2 0 21 3637 3646 7615 7516 3638 3647 7616 7517
8067 5 2 0 21 3638 3647 7616 7517 3639 3648 7617 7518
8068 5 2 0 21 3639 3648 7617 7518 3640 3649 7618 7519
8069 5 2 0 21 3640 3649 7618 7519 3641 3650 7619 7520
8070 5 2 0 21 3641 3650 7619 7520 3642 3651 7620 7521
8071 5 2 0 21 3642 3651 7620 7521 3643 3652 7621 7522
8072 5 2 0 21 3643 3652 7621 7522 3644 3653 7622 7523
8073 5 2 0 21 3644 3653 7622 7523 3645 3654 7623 7524
8074 5 2 0 21 3645 3654 7623 7524 206 207 1429 1418
8075 5 2 0 21 1129 1140 1141 1130 7516 7615 7624 7525
8076 5 2 0 21 7516 7615 7624 7525 7517 7616 7625 7526
8077 5 2 0 21 7517 7616 7625 7526 7518 7617 7626 7527
8078 5 2 0 21 7518 7617 7626 7527 7519 7618 7627 7528
8079 5 2 0 21 7519 7618 7627 7528 7520 7619 7628 7529
8080 5 2 0 21 7520 7619 7628 7529 7521 7620 7629 7530
8081 5 2 0 21 7521 7620 7629 7530 7522 7621 7630 7531
8082 5 2 0 21 7522 7621 7630 7531 7523 7622 7631 7532
8083 5 2 0 21 7523 7622 7631 7532 7524 7623 7632 7533
8084 5 2 0 21 7524 7623 7632 7533 1418 1429 1430 1419
8085 5 2 0 21 1130 1141 1142 1131 7525 7624 7633 7534
8086 5 2 0 21 7525 7624 7633 7534 7526 7625 7634 7535
8087 5 2 0 21 7526 7625 7634 7535 7527 7626 7635 7536
8088 5 2 0 21 7527 7626 7635 7536 7528 7627 7636 7537
8089 5 2 0 21 7528 7627 7636 7537 7529 7628 7637 7538
8090 5 2 0 21 7529 7628 7637 7538 7530 7629 7638 7539
8091 5 2 0 21 7530 7629 7638 7539 7531 7630 7639 7540
8092 5 2 0 21 7531 7630 7639 7540 7532 7631 7640 7541
8093 5 2 0 21 7532 7631 7640 7541 7533 7632 7641 7542
8094 5 2 0 21 7533 7632 7641 7542 1419 1430 1431 1420
8095 5 2 0 21 1131 1142 1143 1132 7534 7633 7642 7543
8096 5 2 0 21 7534 7633 7642 7543 7535 7634 7643 7544
8097 5 2 0 21 7535 7634 7643 7544 7536 7635 7644 7545
8098 5 2 0 21 7536 7635 7644 7545 7537 7636 7645 7546
8099 5 2 0 21 7537 7636 7645 7546 7538 7637 7646 7547
8100 5 2 0 21 7538 7637 7646 7547 7539 7638 7647 7548
8101 5 2 0 21 7539 7638 7647 7548 7540 7639 7648 7549
8102 5 2 0 21 7540 7639 7648 7549 7541 7640 7649 7550
8103 5 2 0 21 7541 7640 7649 7550 7542 7641 7650 7551
8104 5 2 0 21 7542 7641 7650 7551 1420 1431 1432 1421
8105 5 2 0 21 1132 1143 1144 1133 7543 7642 7651 7552
8106 5 2 0 21 7543 7642 7651 7552 7544 7643 7652 7553
8107 5 2 0 21 7544 7643 7652 7553 7545 7644 7653 7554
8108 5 2 0 21 7545 7644 7653 7554 7546 7645 7654 7555
8109 5 2 0 21 7546 7645 7654 7555 7547 7646 7655 7556
8110 5 2 0 21 7547 7646 7655 7556 7548 7647 7656 7557
8111 5 2 0 21 7548 7647 7656 7557 7549 7648 7657 7558
8112 5 2 0 21 7549 7648 7657 7558 7550 7649 7658 7559
8113 5 2 0 21 7550 7649 7658 7559 7551 7650 7659 7560
8114 5 2 0 21 7551 7650 7659 7560 1421 1432 1433 1422
8115 5 2 0 21 1133 1144 1145 1134 7552 7651 7660 7561
8116 5 2 0 21 7552 7651 7660 7561 7553 7652 7661 7562
8117 5 2 0 21 7553 7652 7661 7562 7554 7653 7662 7563
8118 5 2 0 21 7554 7653 7662 7563 7555 7654 7663 7564
8119 5 2 0 21 7555 7654 7663 7564 7556 7655 7664 7565
8120 5 2 0 21 7556 7655 7664 7565 7557 7656 7665 7566
8121 5 2 0 21 7557 7656 7665 7566 7558 7657 7666 7567
8122 5 2 0 21 7558 7657 7666 7567 7559 7658 7667 7568
8123 5 2 0 21 7559 7658 7667 7568 7560 7659 7668 7569
8124 5 2 0 21 7560 7659 7668 7569 1422 1433 1434 1423
8125 5 2 0 21 1134 1145 1146 1135 7561 7660 7669 7570
8126 5 2 0 21 7561 7660 7669 7570 7562 7661 7670 7571
8127 5 2 0 21 7562 7661 7670 7571 7563 7662 7671 7572
8128 5 2 0 21 7563 7662 7671 7572 7564 7663 7672 7573
8129 5 2 0 21 7564 7663 7672 7573 7565 7664 7673 7574
8130 5 2 0 21 7565 7664 7673 7574 7566 7665 7674 7575
8131 5 2 0 21 7566 7665 7674 7575 7567 7666 7675 7576
8132 5 2 0 21 7567 7666 7675 7576 7568 7667 7676 7577
8133 5 2 0 21 7568 7667 7676 7577 7569 7668 7677 7578
8134 5 2 0 21 7569 7668 7677 7578 1423 1434 1435 1424
8135 5 2 0 21 1135 1146 1147 1136 7570 7669 7678 7579
8136 5 2 0 21 7570 7669 7678 7579 7571 7670 7679 7580
8137 5 2 0 21 7571 7670 7679 7580 7572 7671 7680 7581
8138 5 2 0 21 7572 7671 7680 7581 7573 7672 7681 7582
8139 5 2 0 21 7573 7672 7681 7582 7574 7673 7682 7583
8140 5 2 0 21 7574 7673 7682 7583 7575 7674 7683 7584
8141 5 2 0 21 7575 7674 7683 7584 7576 7675 7684 7585
8142 5 2 0 21 7576 7675 7684 7585 7577 7676 7685 7586
8143 5 2 0 21 7577 7676 7685 7586 7578 7677 7686 7587
8144 5 2 0 21 7578 7677 7686 7587 1424 1435 1436 1425
8145 5 2 0 21 1136 1147 1148 1137 7579 7678 7687 7588
8146 5 2 0 21 7579 7678 7687 7588 7580 7679 7688 7589
8147 5 2 0 21 7580 7679 7688 7589 7581 7680 7689 7590
8148 5 2 0 21 7581 7680 7689 7590 7582 7681 7690 7591
8149 5 2 0 21 7582 7681 7690 7591 7583 7682 7691 7592
8150 5 2 0 21 7583 7682 7691 7592 7584 7683 7692 7593
8151 5 2 0 21 7584 7683 7692 7593 7585 7684 7693 7594
8152 5 2 0 21 7585 7684 7693 7594 7586 7685 7694 7595
8153 5 2 0 21 7586 7685 7694 7595 7587 7686 7695 7596
8154 5 2 0 21 7587 7686 7695 7596 1425 1436 1437 1426
8155 5 2 0 21 1137 1148 1149 1138 7588 7687 7696 7597
8156 5 2 0 21 7588 7687 7696 7597 7589 7688 7697 7598
8157 5 2 0 21 7589 7688 7697 7598 7590 7689 7698 7599
8158 5 2 0 21 7590 7689 7698 7599 7591 7690 7699 7600
8159 5 2 0 21 7591 7690 7699 7600 7592 7691 7700 7601
8160 5 2 0 21 7592 7691 7700 7601 7593 7692 7701 7602
8161 5 2 0 21 7593 7692 7701 7602 7594 7693 7702 7603
8162 5 2 0 21 7594 7693 7702 7603 7595 7694 7703 7604
8163 5 2 0 21 7595 7694 7703 7604 7596 7695 7704 7605
8164 5 2 0 21 7596 7695 7704 7605 1426 1437 1438 1427
8165 5 2 0 21 1138 1149 1150 1139 7597 7696 7705 7606
8166 5 2 0 21 7597 7696 7705 7606 7598 7697 7706 7607
8167 5 2 0 21 7598 7697 7706 7607 7599 7698 7707 7608
8168 5 2 0 21 7599 7698 7707 7608 7600 7699 7708 7609
8169 5 2 0 21 7600 7699 7708 7609 7601 7700 7709 7610
8170 5 2 0 21 7601 7700 7709 7610 7602 7701 7710 7611
8171 5 2 0 21 7602 7701 7710 7611 7603 7702 7711 7612
8172 5 2 0 21 7603 7702 7711 7612 7604 7703 7712 7613
8173 5 2 0 21 7604 7703 7712 7613 7605 7704 7713 7614
8174 5 2 0 21 7605 7704 7713 7614 1427 1438 1439 1428
8175 5 2 0 21 1139 1150 156 155 7606 7705 3799 3790
8176 5 2 0 21 7606 7705 3799 3790 7607 7706 3800 3791
8177 5 2 0 21 7607 7706 3800 3791 7608 7707 3801 3792
8178 5 2 0 21 7608 7707 3801 3792 7609 7708 3802 3793
8179 5 2 0 21 7609 7708 3802 3793 7610 7709 3803 3794
8180 5 2 0 21 7610 7709 3803 3794 7611 7710 3804 3795
8181 5 2 0 21 7611 7710 3804 3795 7612 7711 3805 3796
8182 5 2 0 21 7612 7711 3805 3796 7613 7712 3806 3797
8183 5 2 0 21 7613 7712 3806 3797 7614 7713 3807 3798
8184 5 2 0 21 7614 7713 3807 3798 1428 1439 224 223
8185 5 2 0 21 139 140 1151 1140 3646 3655 7714 7615
8186 5 2 0 21 3646 3655 7714 7615 3647 3656 7715 7616
8187 5 2 0 21 3647 3656 7715 7616 3648 3657 7716 7617
8188 5 2 0 21 3648 3657 7716 7617 3649 3658 7717 7618
8189 5 2 0 21 3649 3658 7717 7618 3650 3659 7718 7619
8190 5 2 0 21 3650 3659 7718 7619 3651 3660 7719 7620
8191 5 2 0 21 3651 3660 7719 7620 3652 3661 7720 7621
8192 5 2 0 21 3652 3661 7720 7621 3653 3662 7721 7622
8193 5 2 0 21 3653 3662 7721 7622 3654 3663 7722 7623
8194 5 2 0 21 3654 3663 7722 7623 207 208 1440 1429
8195 5 2 0 21 1140 1151 1152 1141 7615 7714 7723 7624
8196 5 2 0 21 7615 7714 7723 7624 7616 7715 7724 7625
8197 5 2 0 21 7616 7715 7724 7625 7617 7716 7725 7626
8198 5 2 0 21 7617 7716 7725 7626 7618 7717 7726 7627
8199 5 2 0 21 7618 7717 7726 7627 7619 7718 7727 7628
8200 5 2 0 21 7619 7718 7727 7628 7620 7719 7728 7629
8201 5 2 0 21 7620 7719 7728 7629 7621 7720 7729 7630
8202 5 2 0 21 7621 7720 7729 7630 7622 7721 7730 7631
8203 5 2 0 21 7622 7721 7730 7631 7623 7722 7731 7632
8204 5 2 0 21 7623 7722 7731 7632 1429 1440 1441 1430
8205 5 2 0 21 1141 1152 1153 1142 7624 7723 7732 7633
8206 5 2 0 21 7624 7723 7732 7633 7625 7724 7733 7634
8207 5 2 0 21 7625 7724 7733 7634 7626 7725 7734 7635
8208 5 2 0 21 7626 7725 7734 7635 7627 7726 7735 7636
8209 5 2 0 21 7627 7726 7735 7636 7628 7727 7736 7637
8210 5 2 0 21 7628 7727 7736 7637 7629 7728 7737 7638
8211 5 2 0 21 7629 7728 7737 7638 7630 7729 7738 7639
8212 5 2 0 21 7630 7729 7738 7639 7631 7730 7739 7640
8213 5 2 0 21 7631 7730 7739 7640 7632 7731 7740 7641
8214 5 2 0 21 7632 7731 7740 7641 1430 1441 1442 1431
8215 5 2 0 21 1142 1153 1154 1143 7633 7732 7741 7642
8216 5 2 0 21 7633 7732 7741 7642 7634 7733 7742 7643
8217 5 2 0 21 7634 7733 7742 7643 7635 7734 7743 7644
8218 5 2 0 21 7635 7734 7743 7644 7636 7735 7744 7645
8219 5 2 0 21 7636 7735 7744 7645 7637 7736 7745 7646
8220 5 2 0 21 7637 7736 7745 7646 7638 7737 7746 7647
8221 5 2 0 21 7638 7737 7746 7647 7639 7738 7747 7648
8222 5 2 0 21 7639 7738 7747 7648 7640 7739 7748 7649
8223 5 2 0 21 7640 7739 7748 7649 7641 7740 7749 7650
8224 5 2 0 21 7641 7740 7749 7650 1431 1442 1443 1432
8225 5 2 0 21 1143 1154 1155 1144 7642 7741 7750 7651
8226 5 2 0 21 7642 7741 7750 7651 7643 7742 7751 7652
8227 5 2 0 21 7643 7742 7751 7652 7644 7743 7752 7653
8228 5 2 0 21 7644 7743 7752 7653 7645 7744 7753 7654
8229 5 2 0 21 7645 7744 7753 7654 7646 7745 7754 7655
8230 5 2 0 21 7646 7745 7754 7655 7647 7746 7755 7656
8231 5 2 0 21 7647 7746 7755 7656 7648 7747 7756 7657
8232 5 2 0 21 7648 7747 7756 7657 7649 7748 7757 7658
8233 5 2 0 21 7649 7748 7757 7658 7650 7749 7758 7659
8234 5 2 0 21 7650 7749 7758 7659 1432 1443 1444 1433
8235 5 2 0 21 1144 1155 1156 1145 7651 7750 7759 7660
8236 5 2 0 21 7651 7750 7759 7660 7652 7751 7760 7661
8237 5 2 0 21 7652 7751 7760 7661 7653 7752 7761 7662
8238 5 2 0 21 7653 7752 7761 7662 7654 7753 7762 7663
8239 5 2 0 21 7654 7753 7762 7663 7655 7754 7763 7664
8240 5 2 0 21 7655 7754 7763 7664 7656 7755 7764 7665
8241 5 2 0 21 7656 7755 7764 7665 7657 7756 7765 7666
8242 5 2 0 21 7657 7756 7765 7666 7658 7757 7766 7667
8243 5 2 0 21 7658 7757 7766 7667 7659 7758 7767 7668
8244 5 2 0 21 7659 7758 7767 7668 1433 1444 1445 1434
8245 5 2 0 21 1145 1156 1157 1146 7660 7759 7768 7669
8246 5 2 0 21 7660 7759 7768 7669 7661 7760 7769 7670
8247 5 2 0 21 7661 7760 7769 7670 7662 7761 7770 7671
8248 5 2 0 21 7662 7761 7770 7671 7663 7762 7771 7672
8249 5 2 0 21 7663 7762 7771 7672 7664 7763 7772 7673
8250 5 2 0 21 7664 7763 7772 7673 7665 7764 7773 7674
8251 5 2 0 21 7665 7764 7773 7674 7666 7765 7774 7675
8252 5 2 0 21 7666 7765 7774 7675 7667 7766 7775 7676
8253 5 2 0 21 7667 7766 7775 7676 7668 7767 7776 7677
8254 5 2 0 21 7668 7767 7776 7677 1434 1445 1446 1435
8255 5 2 0 21 1146 1157 1158 1147 7669 7768 7777 7678
8256 5 2 0 21 7669 7768 7777 7678 7670 7769 7778 7679
8257 5 2 0 21 7670 7769 7778 7679 7671 7770 7779 7680
8258 5 2 0 21 7671 7770 7779 7680 7672 7771 7780 7681
8259 5 2 0 21 7672 7771 7780 7681 7673 7772 7781 7682
8260 5 2 0 21 7673 7772 7781 7682 7674 7773 7782 7683
8261 5 2 0 21 7674 7773 7782 7683 7675 7774 7783 7684
8262 5 2 0 21 7675 7774 7783 7684 7676 7775 7784 7685
8263 5 2 0 21 7676 7775 7784 7685 7677 7776 7785 7686
8264 5 2 0 21 7677 7776 7785 7686 1435 1446 1447 1436
8265 5 2 0 21 1147 1158 1159 1148 7678 7777 7786 7687
8266 5 2 0 21 7678 7777 7786 7687 7679 7778 7787 7688
8267 5 2 0 21 7679 7778 7787 7688 7680 7779 7788 7689
8268 5 2 0 21 7680 7779 7788 7689 7681 7780 7789 7690
8269 5 2 0 21 7681 7780 7789 7690 7682 7781 7790 7691
8270 5 2 0 21 7682 7781 7790 7691 7683 7782 7791 7692
8271 5 2 0 21 7683 7782 7791 7692 7684 7783 7792 7693
8272 5 2 0 21 7684 7783 7792 7693 7685 7784 7793 7694
8273 5 2 0 21 7685 7784 7793 7694 7686 7785 7794 7695
8274 5 2 0 21 7686 7785 7794 7695 1436 1447 1448 1437
8275 5 2 0 21 1148 1159 1160 1149 7687 7786 7795 7696
8276 5 2 0 21 7687 7786 7795 7696 7688 7787 7796 7697
8277 5 2 0 21 7688 7787 7796 7697 7689 7788 7797 7698
8278 5 2 0 21 7689 7788 7797 7698 7690 7789 7798 7699
8279 5 2 0 21 7690 7789 7798 7699 7691 7790 7799 7700
8280 5 2 0 21 7691 7790 7799 7700 7692 7791 7800 7701
8281 5 2 0 21 7692 7791 7800 7701 7693 7792 7801 7702
8282 5 2 0 21 7693 7792 7801 7702 7694 7793 7802 7703
8283 5 2 0 21 7694 7793 7802 7703 7695 7794 7803 7704
8284 5 2 0 21 7695 7794 7803 7704 1437 1448 1449 1438
8285 5 2 0 21 1149 1160 1161 1150 7696 7795 7804 7705
8286 5 2 0 21 7696 7795 7804 7705 7697 7796 7805 7706
8287 5 2 0 21 7697 7796 7805 7706 7698 7797 7806 7707
8288 5 2 0 21 7698 7797 7806 7707 7699 7798 7807 7708
8289 5 2 0 21 7699 7798 7807 7708 7700 7799 7808 7709
8290 5 2 0 21 7700 7799 7808 7709 7701 7800 7809 7710
8291 5 2 0 21 7701 7800 7809 7710 7702 7801 7810 7711
8292 5 2 0 21 7702 7801 7810 7711 7703 7802 7811 7712
8293 5 2 0 21 7703 7802 7811 7712 7704 7803 7812 7713
8294 5 2 0 21 7704 7803 7812 7713 1438 1449 1450 1439
8295 5 2 0 21 1150 1161 157 156 7705 7804 3808 3799
8296 5 2 0 21 7705 7804 3808 3799 7706 7805 3809 3800
8297 5 2 0 21 7706 7805 3809 3800 7707 7806 3810 3801
8298 5 2 0 21 7707 7806 3810 3801 7708 7807 3811 3802
8299 5 2 0 21 7708 7807 3811 3802 7709 7808 3812 3803
8300 5 2 0 21 7709 7808 3812 3803 7710 7809 3813 3804
8301 5 2 0 21 7710 7809 3813 3804 7711 7810 3814 3805
8302 5 2 0 21 7711 7810 3814 3805 7712 7811 3815 3806
8303 5 2 0 21 7712 7811 3815 3806 7713 7812 3816 3807
8304 5 2 0 21 7713 7812 3816 3807 1439 1450 225 224
8305 5 2 0 21 140 141 1162 1151 3655 3664 7813 7714
8306 5 2 0 21 3655 3664 7813 7714 3656 3665 7814 7715
8307 5 2 0 21 3656 3665 7814 7715 3657 3666 7815 7716
8308 5 2 0 21 3657 3666 7815 7716 3658 3667 7816 7717
8309 5 2 0 21 3658 3667 7816 7717 3659 3668 7817 7718
8310 5 2 0 21 3659 3668 7817 7718 3660 3669 7818 7719
8311 5 2 0 21 3660 3669 7818 7719 3661 3670 7819 7720
8312 5 2 0 21 3661 3670 7819 7720 3662 3671 7820 7721
8313 5 2 0 21 3662 3671 7820 7721 3663 3672 7821 7722
8314 5 2 0 21 3663 3672 7821 7722 208 209 1451 1440
8315 5 2 0 21 1151 1162 1163 1152 7714 7813 7822 7723
8316 5 2 0 21 7714 7813 7822 7723 7715 7814 7823 7724
8317 5 2 0 21 7715 7814 7823 7724 7716 7815 7824 7725
8318 5 2 0 21 7716 7815 7824 7725 7717 7816 7825 7726
8319 5 2 0 21 7717 7816 7825 7726 7718 7817 7826 7727
8320 5 2 0 21 7718 7817 7826 7727 7719 7818 7827 7728
8321 5 2 0 21 7719 7818 7827 7728 7720 7819 7828 7729
8322 5 2 0 21 7720 7819 7828 7729 7721 7820 7829 7730
8323 5 2 0 21 7721 7820 7829 7730 7722 7821 7830 7731
8324 5 2 0 21 7722 7821 7830 7731 1440 1451 1452 1441
8325 5 2 0 21 1152 1163 1164 1153 7723 7822 7831 7732
8326 5 2 0 21 7723 7822 7831 7732 7724 7823 7832 7733
8327 5 2 0 21 7724 7823 7832 7733 7725 7824 7833 7734
8328 5 2 0 21 7725 7824 7833 7734 7726 7825 7834 7735
8329 5 2 0 21 7726 7825 7834 7735 7727 7826 7835 7736
8330 5 2 0 21 7727 7826 7835 7736 7728 7827 7836 7737
8331 5 2 0 21 7728 7827 7836 7737 7729 7828 7837 7738
8332 5 2 0 21 7729 7828 7837 7738 7730 7829 7838 7739
8333 5 2 0 21 7730 7829 7838 7739 7731 7830 7839 7740
8334 5 2 0 21 7731 7830 7839 7740 1441 1452 1453 1442
8335 5 2 0 21 1153 1164 1165 1154 7732 7831 7840 7741
8336 5 2 0 21 7732 7831 7840 7741 7733 7832 7841 7742
8337 5 2 0 21 7733 7832 7841 7742 7734 7833 7842 7743
8338 5 2 0 21 7734 7833 7842 7743 7735 7834 7843 7744
8339 5 2 0 21 7735 7834 7843 7744 7736 7835 7844 7745
8340 5 2 0 21 7736 7835 7844 7745 7737 7836 7845 7746
8341 5 2 0 21 7737 7836 7845 7746 7738 7837 7846 7747
8342 5 2 0 21 7738 7837 7846 7747 7739 7838 7847 7748
8343 5 2 0 21 7739 7838 7847 7748 7740 7839 7848 7749
8344 5 2 0 21 7740 7839 7848 7749 1442 1453 1454 1443
8345 5 2 0 21 1154 1165 1166 1155 7741 7840 7849 7750
8346 5 2 0 21 7741 7840 7849 7750 7742 7841 7850 7751
8347 5 2 0 21 7742 7841 7850 7751 7743 7842 7851 7752
8348 5 2 0 21 7743 7842 7851 7752 7744 7843 7852 7753
8349 5 2 0 21 7744 7843 7852 7753 7745 7844 7853 7754
8350 5 2 0 21 7745 7844 7853 7754 7746 7845 7854 7755
8351 5 2 0 21 7746 7845 7854 7755 7747 7846 7855 7756
8352 5 2 0 21 7747 7846 7855 7756 7748 7847 7856 7757
8353 5 2 0 21 7748 7847 7856 7757 7749 7848 7857 7758
8354 5 2 0 21 7749 7848 7857 7758 1443 1454 1455 1444
8355 5 2 0 21 1155 1166 1167 1156 7750 7849 7858 7759
8356 5 2 0 21 7750 7849 7858 7759 7751 7850 7859 7760
8357 5 2 0 21 7751 7850 7859 7760 7752 7851 7860 7761
8358 5 2 0 21 7752 7851 7860 7761 7753 7852 7861 7762
8359 5 2 0 21 7753 7852 7861 7762 7754 7853 7862 7763
8360 5 2 0 21 7754 7853 7862 7763 7755 7854 7863 7764
8361 5 2 0 21 7755 7854 7863 7764 7756 7855 7864 7765
8362 5 2 0 21 7756 7855 7864 7765 7757 7856 7865 7766
8363 5 2 0 21 7757 7856 7865 7766 7758 7857 7866 7767
8364 5 2 0 21 7758 7857 7866 7767 1444 1455 1456 1445
8365 5 2 0 21 1156 1167 1168 1157 7759 7858 7867 7768
8366 5 2 0 21 7759 7858 7867 7768 7760 7859 7868 7769
8367 5 2 0 21 7760 7859 7868 7769 7761 7860 7869 7770
8368 5 2 0 21 7761 7860 7869 7770 7762 7861 7870 7771
8369 5 2 0 21 7762 7861 7870 7771 7763 7862 7871 7772
8370 5 2 0 21 7763 7862 7871 7772 7764 7863 7872 7773
8371 5 2 0 21 7764 7863 7872 7773 7765 7864 7873 7774
8372 5 2 0 21 7765 7864 7873 7774 7766 7865 7874 7775
8373 5 2 0 21 7766 7865 7874 7775 7767 7866 7875 7776
8374 5 2 0 21 7767 7866 7875 7776 1445 1456 1457 1446
8375 5 2 0 21 1157 1168 1169 1158 7768 7867 7876 7777
8376 5 2 0 21 7768 7867 7876 7777 7769 7868 7877 7778
8377 5 2 0 21 7769 7868 7877 7778 7770 7869 7878 7779
8378 5 2 0 21 7770 7869 7878 7779 7771 7870 7879 7780
8379 5 2 0 21 7771 7870 7879 7780 7772 7871 7880 7781
8380 5 2 0 21 7772 7871 7880 7781 7773 7872 7881 7782
8381 5 2 0 21 7773 7872 7881 7782 7774 7873 7882 7783
8382 5 2 0 21 7774 7873 7882 7783 7775 7874 7883 7784
8383 5 2 0 21 7775 7874 7883 7784 7776 7875 7884 7785
8384 5 2 0 21 7776 7875 7884 7785 1446 1457 1458 1447
8385 5 2 0 21 1158 1169 1170 1159 7777 7876 7885 7786
8386 5 2 0 21 7777 7876 7885 7786 7778 7877 7886 7787
8387 5 2 0 21 7778 7877 7886 7787 7779 7878 7887 7788
8388 5 2 0 21 7779 7878 7887 7788 7780 7879 7888 7789
8389 5 2 0 21 7780 7879 7888 7789 7781 7880 7889 7790
8390 5 2 0 21 7781 7880 7889 7790 7782 7881 7890 7791
8391 5 2 0 21 7782 7881 7890 7791 7783 7882 7891 7792
8392 5 2 0 21 7783 7882 7891 7792 7784 7883 7892 7793
8393 5 2 0 21 7784 7883 7892 7793 7785 7884 7893 7794
8394 5 2 0 21 7785 7884 7893 7794 1447 1458 1459 1448
8395 5 2 0 21 1159 1170 1171 1160 7786 7885 7894 7795
8396 5 2 0 21 7786 7885 7894 7795 7787 7886 7895 7796
8397 5 2 0 21 7787 7886 7895 7796 7788 7887 7896 7797
8398 5 2 0 21 7788 7887 7896 7797 7789 7888 7897 7798
8399 5 2 0 21 7789 7888 7897 7798 7790 7889 7898 7799
8400 5 2 0 21 7790 7889 7898 7799 7791 7890 7899 7800
8401 5 2 0 21 7791 7890 7899 7800 7792 7891 7900 7801
8402 5 2 0 21 7792 7891 7900 7801 7793 7892 7901 7802
8403 5 2 0 21 7793 7892 7901 7802 7794 7893 7902 7803
8404 5 2 0 21 7794 7893 7902 7803 1448 1459 1460 1449
8405 5 2 0 21 1160 1171 1172 1161 7795 7894 7903 7804
8406 5 2 0 21 7795 7894 7903 7804 7796 7895 7904 7805
8407 5 2 0 21 7796 7895 7904 7805 7797 7896 7905 7806
8408 5 2 0 21 7797 7896 7905 7806 7798 7897 7906 7807
8409 5 2 0 21 7798 7897 7906 7807 7799 7898 7907 7808
8410 5 2 0 21 7799 7898 7907 7808 7800 7899 7908 7809
8411 5 2 0 21 7800 7899 7908 7809 7801 7900 7909 7810
8412 5 2 0 21 7801 7900 7909 7810 7802 7901 7910 7811
8413 5 2 0 21 7802 7901 7910 7811 7803 7902 7911 7812
8414 5 2 0 21 7803 7902 7911 7812 1449 1460 1461 1450
8415 5 2 0 21 1161 1172 158 157 7804 7903 3817 3808
8416 5 2 0 21 7804 7903 3817 3808 7805 7904 3818 3809
8417 5 2 0 21 7805 7904 3818 3809 7806 7905 3819 3810
8418 5 2 0 21 7806 7905 3819 3810 7807 7906 3820 3811
8419 5 2 0 21 7807 7906 3820 3811 7808 7907 3821 3812
8420 5 2 0 21 7808 7907 3821 3812 7809 7908 3822 3813
8421 5 2 0 21 7809 7908 3822 3813 7810 7909 3823 3814
8422 5 2 0 21 7810 7909 3823 3814 7811 7910 3824 3815
8423 5 2 0 21 7811 7910 3824 3815 7812 7911 3825 3816
8424 5 2 0 21 7812 7911 3825 3816 1450 1461 226 225
8425 5 2 0 21 141 142 1173 1162 3664 3673 7912 7813
8426 5 2 0 21 3664 3673 7912 7813 3665 3674 7913 7814
8427 5 2 0 21 3665 3674 7913 7814 3666 3675 7914 7815
8428 5 2 0 21 3666 3675 7914 7815 3667 3676 7915 7816
8429 5 2 0 21 3667 3676 7915 7816 3668 3677 7916 7817
8430 5 2 0 21 3668 3677 7916 7817 3669 3678 7917 7818
8431 5 2 0 21 3669 3678 7917 7818 3670 3679 7918 7819
8432 5 2 0 21 3670 3679 7918 7819 3671 3680 7919 7820
8433 5 2 0 21 3671 3680 7919 7820 3672 3681 7920 7821
8434 5 2 0 21 3672 3681 7920 7821 209 210 1462 1451
8435 5 2 0 21 1162 1173 1174 1163 7813 7912 7921 7822
8436 5 2 0 21 7813 7912 7921 7822 7814 7913 7922 7823
8437 5 2 0 21 7814 7913 7922 7823 7815 7914 7923 7824
8438 5 2 0 21 7815 7914 7923 7824 7816 7915 7924 7825
8439 5 2 0 21 7816 7915 7924 7825 7817 7916 7925 7826
8440 5 2 0 21 7817 7916 7925 7826 7818 7917 7926 7827
8441 5 2 0 21 7818 7917 7926 7827 7819 7918 7927 7828
8442 5 2 0 21 7819 7918 7927 7828 7820 7919 7928 7829
8443 5 2 0 21 7820 7919 7928 7829 7821 7920 7929 7830
8444 5 2 0 21 7821 7920 7929 7830 1451 1462 1463 1452
8445 5 2 0 21 1163 1174 1175 1164 7822 7921 7930 7831
8446 5 2 0 21 7822 7921 7930 7831 7823 7922 7931 7832
8447 5 2 0 21 7823 7922 7931 7832 7824 7923 7932 7833
8448 5 2 0 21 7824 7923 7932 7833 7825 7924 7933 7834
8449 5 2 0 21 7825 7924 7933 7834 7826 7925 7934 7835
8450 5 2 0 21 7826 7925 7934 7835 7827 7926 7935 7836
8451 5 2 0 21 7827 7926 7935 7836 7828 7927 7936 7837
8452 5 2 0 21 7828 7927 7936 7837 7829 7928 7937 7838
8453 5 2 0 21 7829 7928 7937 7838 7830 7929 7938 7839
8454 5 2 0 21 7830 7929 7938 7839 1452 1463 1464 1453
8455 5 2 0 21 1164 1175 1176 1165 7831 7930 7939 7840
8456 5 2 0 21 7831 7930 7939 7840 7832 7931 7940 7841
8457 5 2 0 21 7832 7931 7940 7841 7833 7932 7941 7842
8458 5 2 0 21 7833 7932 7941 7842 7834 7933 7942 7843
8459 5 2 0 21 7834 7933 7942 7843 7835 7934 7943 7844
8460 5 2 0 21 7835 7934 7943 7844 7836 7935 7944 7845
8461 5 2 0 21 7836 7935 7944 7845 7837 7936 7945 7846
8462 5 2 0 21 7837 7936 7945 7846 7838 7937 7946 7847
8463 5 2 0 21 7838 7937 7946 7847 7839 7938 7947 7848
8464 5 2 0 21 7839 7938 7947 7848 1453 1464 1465 1454
8465 5 2 0 21 1165 1176 1177 1166 7840 7939 7948 7849
8466 5 2 0 21 7840 7939 7948 7849 7841 7940 7949 7850
8467 5 2 0 21 7841 7940 7949 7850 7842 7941 7950 7851
8468 5 2 0 21 7842 7941 7950 7851 7843 7942 7951 7852
8469 5 2 0 21 7843 7942 7951 7852 7844 7943 7952 7853
8470 5 2 0 21 7844 7943 7952 7853 7845 7944 7953 7854
8471 5 2 0 21 7845 7944 7953 7854 7846 7945 7954 7855
8472 5 2 0 21 7846 7945 7954 7855 7847 7946 7955 7856
8473 5 2 0 21 7847 7946 7955 7856 7848 7947 7956 7857
8474 5 2 0 21 7848 7947 7956 7857 1454 1465 1466 1455
8475 5 2 0 21 1166 1177 1178 1167 7849 7948 7957 7858
8476 5 2 0 21 7849 7948 7957 7858 7850 7949 7958 7859
8477 5 2 0 21 7850 7949 7958 7859 7851 7950 7959 7860
8478 5 2 0 21 7851 7950 7959 7860 7852 7951 7960 7861
8479 5 2 0 21 7852 7951 7960 7861 7853 7952 7961 7862
8480 5 2 0 21 7853 7952 7961 7862 7854 7953 7962 7863
8481 5 2 0 21 7854 7953 7962 7863 7855 7954 7963 7864
8482 5 2 0 21 7855 7954 7963 7864 7856 7955 7964 7865
8483 5 2 0 21 7856 7955 7964 7865 7857 7956 7965 7866
8484 5 2 0 21 7857 7956 7965 7866 1455 1466 1467 1456
8485 5 2 0 21 1167 1178 1179 1168 7858 7957 7966 7867
8486 5 2 0 21 7858 7957 7966 7867 7859 7958 7967 7868
8487 5 2 0 21 7859 7958 7967 7868 7860 7959 7968 7869
8488 5 2 0 21 7860 7959 7968 7869 7861 7960 7969 7870
8489 5 2 0 21 7861 7960 7969 7870 7862 7961 7970 7871
8490 5 2 0 21 7862 7961 7970 7871 7863 7962 7971 7872
8491 5 2 0 21 7863 7962 7971 7872 7864 7963 7972 7873
8492 5 2 0 21 7864 7963 7972 7873 7865 7964 7973 7874
8493 5 2 0 21 7865 7964 7973 7874 7866 7965 7974 7875
8494 5 2 0 21 7866 7965 7974 7875 1456 1467 1468 1457
8495 5 2 0 21 1168 1179 1180 1169 7867 7966 7975 7876
8496 5 2 0 21 7867 7966 7975 7876 7868 7967 7976 7877
8497 5 2 0 21 7868 7967 7976 7877 7869 7968 7977 7878
8498 5 2 0 21 7869 7968 7977 7878 7870 7969 7978 7879
8499 5 2 0 21 7870 7969 7978 7879 7871 7970 7979 7880
8500 5 2 0 21 7871 7970 7979 7880 7872 7971 7980 7881
8501 5 2 0 21 7872 7971 7980 7881 7873 7972 7981 7882
8502 5 2 0 21 7873 7972 7981 7882 7874 7973 7982 7883
8503 5 2 0 21 7874 7973 7982 7883 7875 7974 7983 7884
8504 5 2 0 21 7875 7974 7983 7884 1457 1468 1469 1458
8505 5 2 0 21 1169 1180 1181 1170 7876 7975 7984 7885
8506 5 2 0 21 7876 7975 7984 7885 7877 7976 7985 7886
8507 5 2 0 21 7877 7976 7985 7886 7878 7977 7986 7887
8508 5 2 0 21 7878 7977 7986 7887 7879 7978 7987 7888
8509 5 2 0 21 7879 7978 7987 7888 7880 7979 7988 7889
8510 5 2 0 21 7880 7979 7988 7889 7881 7980 7989 7890
8511 5 2 0 21 7881 7980 7989 7890 7882 7981 7990 7891
8512 5 2 0 21 7882 7981 7990 7891 7883 7982 7991 7892
8513 5 2 0 21 7883 7982 7991 7892 7884 7983 7992 7893
8514 5 2 0 21 7884 7983 7992 7893 1458 1469 1470 1459
8515 5 2 0 21 1170 1181 1182 1171 7885 7984 7993 7894
8516 5 2 0 21 7885 7984 7993 7894 7886 7985 7994 7895
8517 5 2 0 21 7886 7985 7994 7895 7887 7986 7995 7896
8518 5 2 0 21 7887 7986 7995 7896 7888 7987 7996 7897
8519 5 2 0 21 7888 7987 7996 7897 7889 7988 7997 7898
8520 5 2 0 21 7889 7988 7997 7898 7890 7989 7998 7899
8521 5 2 0 21 7890 7989 7998 7899 7891 7990 7999 7900
8522 5 2 0 21 7891 7990 7999 7900 7892 7991 8000 7901
8523 5 2 0 21 7892 7991 8000 7901 7893 7992 8001 7902
8524 5 2 0 21 7893 7992 8001 7902 1459 1470 1471 1460
8525 5 2 0 21 1171 1182 1183 1172 7894 7993 8002 7903
8526 5 2 0 21 7894 7993 8002 7903 7895 7994 8003 7904
8527 5 2 0 21 7895 7994 8003 7904 7896 7995 8004 7905
8528 5 2 0 21 7896 7995 8004 7905 7897 7996 8005 7906
8529 5 2 0 21 7897 7996 8005 7906 7898 7997 8006 7907
8530 5 2 0 21 7898 7997 8006 7907 7899 7998 8007 7908
8531 5 2 0 21 7899 7998 8007 7908 7900 7999 8008 7909
8532 5 2 0 21 7900 7999 8008 7909 7901 8000 8009 7910
8533 5 2 0 21 7901 8000 8009 7910 7902 8001 8010 7911
8534 5 2 0 21 7902 8001 8010 7911 1460 1471 1472 1461
8535 5 2 0 21 1172 1183 159 158 7903 8002 3826 3817
8536 5 2 0 21 7903 8002 3826 3817 7904 8003 3827 3818
8537 5 2 0 21 7904 8003 3827 3818 7905 8004 3828 3819
8538 5 2 0 21 7905 8004 3828 3819 7906 8005 3829 3820
8539 5 2 0 21 7906 8005 3829 3820 7907 8006 3830 3821
8540 5 2 0 21 7907 8006 3830 3821 7908 8007 3831 3822
8541 5 2 0 21 7908 8007 3831 3822 7909 8008 3832 3823
8542 5 2 0 21 7909 8008 3832 3823 7910 8009 3833 3824
8543 5 2 0 21 7910 8009 3833 3824 7911 8010 3834 3825
8544 5 2 0 21 7911 8010 3834 3825 1461 1472 227 226
8545 5 2 0 21 142 143 1184 1173 3673 3682 8011 7912
8546 5 2 0 21 3673 3682 8011 7912 3674 3683 8012 7913
8547 5 2 0 21 3674 3683 8012 7913 3675 3684 8013 7914
8548 5 2 0 21 3675 3684 8013 7914 3676 3685 8014 7915
8549 5 2 0 21 3676 3685 8014 7915 3677 3686 8015 7916
8550 5 2 0 21 3677 3686 8015 7916 3678 3687 8016 7917
8551 5 2 0 21 3678 3687 8016 7917 3679 3688 8017 7918
8552 5 2 0 21 3679 3688 8017 7918 3680 3689 8018 7919
8553 5 2 0 21 3680 3689 8018 7919 3681 3690 8019 7920
8554 5 2 0 21 3681 3690 8019 7920 210 211 1473 1462
8555 5 2 0 21 1173 1184 1185 1174 7912 8011 8020 7921
8556 5 2 0 21 7912 8011 8020 7921 7913 8012 8021 7922
8557 5 2 0 21 7913 8012 8021 7922 7914 8013 8022 7923
8558 5 2 0 21 7914 8013 8022 7923 7915 8014 8023 7924
8559 5 2 0 21 7915 8014 8023 7924 7916 8015 8024 7925
8560 5 2 0 21 7916 8015 8024 7925 7917 8016 8025 7926
8561 5 2 0 21 7917 8016 8025 7926 7918 8017 8026 7927
8562 5 2 0 21 7918 8017 8026 7927 7919 8018 8027 7928
8563 5 2 0 21 7919 8018 8027 7928 7920 8019 8028 7929
8564 5 2 0 21 7920 8019 8028 7929 1462 1473 1474 1463
8565 5 2 0 21 1174 1185 1186 1175 7921 8020 8029 7930
8566 5 2 0 21 7921 8020 8029 7930 7922 8021 8030 7931
8567 5 2 0 21 7922 8021 8030 7931 7923 8022 8031 7932
8568 5 2 0 21 7923 8022 8031 7932 7924 8023 8032 7933
8569 5 2 0 21 7924 8023 8032 7933 7925 8024 8033 7934
8570 5 2 0 21 7925 8024 8033 7934 7926 8025 8034 7935
8571 5 2 0 21 7926 8025 8034 7935 7927 8026 8035 7936
8572 5 2 0 21 7927 8026 8035 7936 7928 8027 8036 7937
8573 5 2 0 21 7928 8027 8036 7937 7929 8028 8037 7938
8574 5 2 0 21 7929 8028 8037 7938 1463 1474 1475 1464
8575 5 2 0 21 1175 1186 1187 1176 7930 8029 8038 7939
8576 5 2 0 21 7930 8029 8038 7939 7931 8030 8039 7940
8577 5 2 0 21 7931 8030 8039 7940 7932 8031 8040 7941
8578 5 2 0 21 7932 8031 8040 7941 7933 8032 8041 7942
8579 5 2 0 21 7933 8032 8041 7942 7934 8033 8042 7943
8580 5 2 0 21 7934 8033 8042 7943 7935 8034 8043 7944
8581 5 2 0 21 7935 8034 8043 7944 7936 8035 8044 7945
8582 5 2 0 21 7936 8035 8044 7945 7937 8036 8045 7946
8583 5 2 0 21 7937 8036 8045 7946 7938 8037 8046 7947
8584 5 2 0 21 7938 8037 8046 7947 1464 1475 1476 1465
8585 5 2 0 21 1176 1187 1188 1177 7939 8038 8047 7948
8586 5 2 0 21 7939 8038 8047 7948 7940 8039 8048 7949
8587 5 2 0 21 7940 8039 8048 7949 7941 8040 8049 7950
8588 5 2 0 21 7941 8040 8049 7950 7942 8041 8050 7951
8589 5 2 0 21 7942 8041 8050 7951 7943 8042 8051 7952
8590 5 2 0 21 7943 8042 8051 7952 7944 8043 8052 7953
8591 5 2 0 21 7944 8043 8052 7953 7945 8044 8053 7954
8592 5 2 0 21 7945 8044 8053 7954 7946 8045 8054 7955
8593 5 2 0 21 7946 8045 8054 7955 7947 8046 8055 7956
8594 5 2 0 21 7947 8046 8055 7956 1465 1476 1477 1466
8595 5 2 0 21 1177 1188 1189 1178 7948 8047 8056 7957
8596 5 2 0 21 7948 8047 8056 7957 7949 8048 8057 7958
8597 5 2 0 21 7949 8048 8057 7958 7950 8049 8058 7959
8598 5 2 0 21 7950 8049 8058 7959 7951 8050 8059 7960
8599 5 2 0 21 7951 8050 8059 7960 7952 8051 8060 7961
8600 5 2 0 21 7952 8051 8060 7961 7953 8052 8061 7962
8601 5 2 0 21 7953 8052 8061 7962 7954 8053 8062 7963
8602 5 2 0 21 7954 8053 8062 7963 7955 8054 8063 7964
8603 5 2 0 21 7955 8054 8063 7964 7956 8055 8064 7965
8604 5 2 0 21 7956 8055 8064 7965 1466 1477 1478 1467
8605 5 2 0 21 1178 1189 1190 1179 7957 8056 8065 7966
8606 5 2 0 21 7957 8056 8065 7966 7958 8057 8066 7967
8607 5 2 0 21 7958 8057 8066 7967 7959 8058 8067 7968
8608 5 2 0 21 7959 8058 8067 7968 7960 8059 8068 7969
8609 5 2 0 21 7960 8059 8068 7969 7961 8060 8069 7970
8610 5 2 0 21 7961 8060 8069 7970 7962 8061 8070 7971
8611 5 2 0 21 7962 8061 8070 7971 7963 8062 8071 7972
8612 5 2 0 21 7963 8062 8071 7972 7964 8063 8072 7973
8613 5 2 0 21 7964 8063 8072 7973 7965 8064 8073 7974
8614 5 2 0 21 7965 8064 8073 7974 1467 1478 1479 1468
8615 5 2 0 21 1179 1190 1191 1180 7966 8065 8074 7975
8616 5 2 0 21 7966 8065 8074 7975 7967 8066 8075 7976
8617 5 2 0 21 7967 8066 8075 7976 7968 8067 8076 7977
8618 5 2 0 21 7968 8067 8076 7977 7969 8068 8077 7978
8619 5 2 0 21 7969 8068 8077 7978 7970 8069 8078 7979
8620 5 2 0 21 7970 8069 8078 7979 7971 8070 8079 7980
8621 5 2 0 21 7971 8070 8079 7980 7972 8071 8080 7981
8622 5 2 0 21 7972 8071 8080 7981 7973 8072 8081 7982
8623 5 2 0 21 7973 8072 8081 7982 7974 8073 8082 7983
8624 5 2 0 21 7974 8073 8082 7983 1468 1479 1480 1469
8625 5 2 0 21 1180 1191 1192 1181 7975 8074 8083 7984
8626 5 2 0 21 7975 8074 8083 7984 7976 8075 8084 7985
8627 5 2 0 21 7976 8075 8084 7985 7977 8076 8085 7986
8628 5 2 0 21 7977 8076 8085 7986 7978 8077 8086 7987
8629 5 2 0 21 7978 8077 8086 7987 7979 8078 8087 7988
8630 5 2 0 21 7979 8078 8087 7988 7980 8079 8088 7989
8631 5 2 0 21 7980 8079 8088 7989 7981 8080 8089 7990
8632 5 2 0 21 7981 8080 8089 7990 7982 8081 8090 7991
8633 5 2 0 21 7982 8081 8090 7991 7983 8082 8091 7992
8634 5 2 0 21 7983 8082 8091 7992 1469 1480 1481 1470
8635 5 2 0 21 1181 1192 1193 1182 7984 8083 8092 7993
8636 5 2 0 21 7984 8083 8092 7993 7985 8084 8093 7994
8637 5 2 0 21 7985 8084 8093 7994 7986 8085 8094 7995
8638 5 2 0 21 7986 8085 8094 7995 7987 8086 8095 7996
8639 5 2 0 21 7987 8086 8095 7996 7988 8087 8096 7997
8640 5 2 0 21 7988 8087 8096 7997 7989 8088 8097 7998
8641 5 2 0 21 7989 8088 8097 7998 7990 8089 8098 7999
8642 5 2 0 21 7990 8089 8098 7999 7991 8090 8099 8000
8643 5 2 0 21 7991 8090 8099 8000 7992 8091 8100 8001
8644 5 2 0 21 7992 8091 8100 8001 1470 1481 1482 1471
8645 5 2 0 21 1182 1193 1194 1183 7993 8092 8101 8002
8646 5 2 0 21 7993 8092 8101 8002 7994 8093 8102 8003
8647 5 2 0 21 7994 8093 8102 8003 7995 8094 8103 8004
8648 5 2 0 21 7995 8094 8103 8004 7996 8095 8104 8005
8649 5 2 0 21 7996 8095 8104 8005 7997 8096 8105 8006
8650 5 2 0 21 7997 8096 8105 8006 7998 8097 8106 8007
8651 5 2 0 21 7998 8097 8106 8007 7999 8098 8107 8008
8652 5 2 0 21 7999 8098 8107 8008 8000 8099 8108 8009
8653 5 2 0 21 8000 8099 8108 8009 8001 8100 8109 8010
8654 5 2 0 21 8001 8100 8109 8010 1471 1482 1483 1472
8655 5 2 0 21 1183 1194 160 159 8002 8101 3835 3826
8656 5 2 0 21 8002 8101 3835 3826 8003 8102 3836 3827
8657 5 2 0 21 8003 8102 3836 3827 8004 8103 3837 3828
8658 5 2 0 21 8004 8103 3837 3828 8005 8104 3838 3829
8659 5 2 0 21 8005 8104 3838 3829 8006 8105 3839 3830
8660 5 2 0 21 8006 8105 3839 3830 8007 8106 3840 3831
8661 5 2 0 21 8007 8106 3840 3831 8008 8107 3841 3832
8662 5 2 0 21 8008 8107 3841 3832 8009 8108 3842 3833
8663 5 2 0 21 8009 8108 3842 3833 8010 8109 3843 3834
8664 5 2 0 21 8010 8109 3843 3834 1472 1483 228 227
8665 5 2 0 21 143 144 1195 1184 3682 3691 8110 8011
8666 5 2 0 21 3682 3691 8110 8011 3683 3692 8111 8012
8667 5 2 0 21 3683 3692 8111 8012 3684 3693 8112 8013
8668 5 2 0 21 3684 3693 8112 8013 3685 3694 8113 8014
8669 5 2 0 21 3685 3694 8113 8014 3686 3695 8114 8015
8670 5 2 0 21 3686 3695 8114 8015 3687 3696 8115 8016
8671 5 2 0 21 3687 3696 8115 8016 3688 3697 8116 8017
8672 5 2 0 21 3688 3697 8116 8017 3689 3698 8117 8018
8673 5 2 0 21 3689 3698 8117 8018 3690 3699 8118 8019
8674 5 2 0 21 3690 3699 8118 8019 211 212 1484 1473
8675 5 2 0 21 1184 1195 1196 1185 8011 8110 8119 8020
8676 5 2 0 21 8011 8110 8119 8020 8012 8111 8120 8021
8677 5 2 0 21 8012 8111 8120 8021 8013 8112 8121 8022
8678 5 2 0 21 8013 8112 8121 8022 8014 8113 8122 8023
8679 5 2 0 21 8014 8113 8122 8023 8015 8114 8123 8024
8680 5 2 0 21 8015 8114 8123 8024 8016 8115 8124 8025
8681 5 2 0 21 8016 8115 8124 8025 8017 8116 8125 8026
8682 5 2 0 21 8017 8116 8125 8026 8018 8117 8126 8027
8683 5 2 0 21 8018 8117 8126 8027 8019 8118 8127 8028
8684 5 2 0 21 8019 8118 8127 8028 1473 1484 1485 1474
8685 5 2 0 21 1185 1196 1197 1186 8020 8119 8128 8029
8686 5 2 0 21 8020 8119 8128 8029 8021 8120 8129 8030
8687 5 2 0 21 8021 8120 8129 8030 8022 8121 8130 8031
8688 5 2 0 21 8022 8121 8130 8031 8023 8122 8131 8032
8689 5 2 0 21 8023 8122 8131 8032 8024 8123 8132 8033
8690 5 2 0 21 8024 8123 8132 8033 8025 8124 8133 8034
8691 5 2 0 21 8025 8124 8133 8034 8026 8125 8134 8035
8692 5 2 0 21 8026 8125 8134 8035 8027 8126 8135 8036
8693 5 2 0 21 8027 8126 8135 8036 8028 8127 8136 8037
8694 5 2 0 21 8028 8127 8136 8037 1474 1485 1486 1475
8695 5 2 0 21 1186 1197 1198 1187 8029 8128 8137 8038
8696 5 2 0 21 8029 8128 8137 8038 8030 8129 8138 8039
8697 5 2 0 21 8030 8129 8138 8039 8031 8130 8139 8040
8698 5 2 0 21 8031 8130 8139 8040 8032 8131 8140 8041
8699 5 2 0 21 8032 8131 8140 8041 8033 8132 8141 8042
8700 5 2 0 21 8033 8132 8141 8042 8034 8133 8142 8043
8701 5 2 0 21 8034 8133 8142 8043 8035 8134 8143 8044
8702 5 2 0 21 8035 8134 8143 8044 8036 8135 8144 8045
8703 5 2 0 21 8036 8135 8144 8045 8037 8136 8145 8046
8704 5 2 0 21 8037 8136 8145 8046 1475 1486 1487 1476
8705 5 2 0 21 1187 1198 1199 1188 8038 8137 8146 8047
8706 5 2 0 21 8038 8137 8146 8047 8039 8138 8147 8048
8707 5 2 0 21 8039 8138 8147 8048 8040 8139 8148 8049
8708 5 2 0 21 8040 8139 8148 8049 8041 8140 8149 8050
8709 5 2 0 21 8041 8140 8149 8050 8042 8141 8150 8051
8710 5 2 0 21 8042 8141 8150 8051 8043 8142 8151 8052
8711 5 2 0 21 8043 8142 8151 8052 8044 8143 8152 8053
8712 5 2 0 21 8044 8143 8152 8053 8045 8144 8153 8054
8713 5 2 0 21 8045 8144 8153 8054 8046 8145 8154 8055
8714 5 2 0 21 8046 8145 8154 8055 1476 1487 1488 1477
8715 5 2 0 21 1188 1199 1200 1189 8047 8146 8155 8056
8716 5 2 0 21 8047 8146 8155 8056 8048 8147 8156 8057
8717 5 2 0 21 8048 8147 8156 8057 8049 8148 8157 8058
8718 5 2 0 21 8049 8148 8157 8058 8050 8149 8158 8059
8719 5 2 0 21 8050 8149 8158 8059 8051 8150 8159 8060
8720 5 2 0 21 8051 8150 8159 8060 8052 8151 8160 8061
8721 5 2 0 21 8052 8151 8160 8061 8053 8152 8161 8062
8722 5 2 0 21 8053 8152 8161 8062 8054 8153 8162 8063
8723 5 2 0 21 8054 8153 8162 8063 8055 8154 8163 8064
8724 5 2 0 21 8055 8154 8163 8064 1477 1488 1489 1478
8725 5 2 0 21 1189 1200 1201 1190 8056 8155 8164 8065
8726 5 2 0 21 8056 8155 8164 8065 8057 8156 8165 8066
8727 5 2 0 21 8057 8156 8165 8066 8058 8157 8166 8067
8728 5 2 0 21 8058 8157 8166 8067 8059 8158 8167 8068
8729 5 2 0 21 8059 8158 8167 8068 8060 8159 8168 8069
8730 5 2 0 21 8060 8159 8168 8069 8061 8160 8169 8070
8731 5 2 0 21 8061 8160 8169 8070 8062 8161 8170 8071
8732 5 2 0 21 8062 8161 8170 8071 8063 8162 8171 8072
8733 5 2 0 21 8063 8162 8171 8072 8064 8163 8172 8073
8734 5 2 0 21 8064 8163 8172 8073 1478 1489 1490 1479
8735 5 2 0 21 1190 1201 1202 1191 8065 8164 8173 8074
8736 5 2 0 21 8065 8164 8173 8074 8066 8165 8174 8075
8737 5 2 0 21 8066 8165 8174 8075 8067 8166 8175 8076
8738 5 2 0 21 8067 8166 8175 8076 8068 8167 8176 8077
8739 5 2 0 21 8068 8167 8176 8077 8069 8168 8177 8078
8740 5 2 0 21 8069 8168 8177 8078 8070 8169 8178 8079
8741 5 2 0 21 8070 8169 8178 8079 8071 8170 8179 8080
8742 5 2 0 21 8071 8170 8179 8080 8072 8171 8180 8081
8743 5 2 0 21 8072 8171 8180 8081 8073 8172 8181 8082
8744 5 2 0 21 8073 8172 8181 8082 1479 1490 1491 1480
8745 5 2 0 21 1191 1202 1203 1192 8074 8173 8182 8083
8746 5 2 0 21 8074 8173 8182 8083 8075 8174 8183 8084
8747 5 2 0 21 8075 8174 8183 8084 8076 8175 8184 8085
8748 5 2 0 21 8076 8175 8184 8085 8077 8176 8185 8086
8749 5 2 0 21 8077 8176 8185 8086 8078 8177 8186 8087
8750 5 2 0 21 8078 8177 8186 8087 8079 8178 8187 8088
8751 5 2 0 21 8079 8178 8187 8088 8080 8179 8188 8089
8752 5 2 0 21 8080 8179 8188 8089 8081 8180 8189 8090
8753 5 2 0 21 8081 8180 8189 8090 8082 8181 8190 8091
8754 5 2 0 21 8082 8181 8190 8091 1480 1491 1492 1481
8755 5 2 0 21 1192 1203 1204 1193 8083 8182 8191 8092
8756 5 2 0 21 8083 8182 8191 8092 8084 8183 8192 8093
8757 5 2 0 21 8084 8183 8192 8093 8085 8184 8193 8094
8758 5 2 0 21 8085 8184 8193 8094 8086 8185 8194 8095
8759 5 2 0 21 8086 8185 8194 8095 8087 8186 8195 8096
8760 5 2 0 21 8087 8186 8195 8096 8088 8187 8196 8097
8761 5 2 0 21 8088 8187 8196 8097 8089 8188 8197 8098
8762 5 2 0 21 8089 8188 8197 8098 8090 8189 8198 8099
8763 5 2 0 21 8090 8189 8198 8099 8091 8190 8199 8100
8764 5 2 0 21 8091 8190 8199 8100 1481 1492 1493 1482
8765 5 2 0 21 1193 1204 1205 1194 8092 8191 8200 8101
8766 5 2 0 21 8092 8191 8200 8101 8093 8192 8201 8102
8767 5 2 0 21 8093 8192 8201 8102 8094 8193 8202 8103
8768 5 2 0 21 8094 8193 8202 8103 8095 8194 8203 8104
8769 5 2 0 21 8095 8194 8203 8104 8096 8195 8204 8105
8770 5 2 0 21 8096 8195 8204 8105 8097 8196 8205 8106
8771 5 2 0 21 8097 8196 8205 8106 8098 8197 8206 8107
8772 5 2 0 21 8098 8197 8206 8107 8099 8198 8207 8108
8773 5 2 0 21 8099 8198 8207 8108 8100 8199 8208 8109
8774 5 2 0 21 8100 8199 8208 8109 1482 1493 1494 1483
8775 5 2 0 21 1194 1205 161 160 8101 8200 3844 3835
8776 5 2 0 21 8101 8200 3844 3835 8102 8201 3845 3836
8777 5 2 0 21 8102 8201 3845 3836 8103 8202 3846 3837
8778 5 2 0 21 8103 8202 3846 3837 8104 8203 3847 3838
8779 5 2 0 21 8104 8203 3847 3838 8105 8204 3848 3839
8780 5 2 0 21 8105 8204 3848 3839 8106 8205 3849 3840
8781 5 2 0 21 8106 8205 3849 3840 8107 8206 3850 3841
8782 5 2 0 21 8107 8206 3850 3841 8108 8207 3851 3842
8783 5 2 0 21 8108 8207 3851 3842 8109 8208 3852 3843
8784 5 2 0 21 8109 8208 3852 3843 1483 1494 229 228
8785 5 2 0 21 144 145 1206 1195 3691 3700 8209 8110
8786 5 2 0 21 3691 3700 8209 8110 3692 3701 8210 8111
8787 5 2 0 21 3692 3701 8210 8111 3693 3702 8211 8112
8788 5 2 0 21 3693 3702 8211 8112 3694 3703 8212 8113
8789 5 2 0 21 3694 3703 8212 8113 3695 3704 8213 8114
8790 5 2 0 21 3695 3704 8213 8114 3696 3705 8214 8115
8791 5 2 0 21 3696 3705 8214 8115 3697 3706 8215 8116
8792 5 2 0 21 3697 3706 8215 8116 3698 3707 8216 8117
8793 5 2 0 21 3698 3707 8216 8117 3699 3708 8217 8118
8794 5 2 0 21 3699 3708 8217 8118 212 213 1495 1484
8795 5 2 0 21 1195 1206 1207 1196 8110 8209 8218 8119
8796 5 2 0 21 8110 8209 8218 8119 8111 8210 8219 8120
8797 5 2 0 21 8111 8210 8219 8120 8112 8211 8220 8121
8798 5 2 0 21 8112 8211 8220 8121 8113 8212 8221 8122
8799 5 2 0 21 8113 8212 8221 8122 8114 8213 8222 8123
8800 5 2 0 21 8114 8213 8222 8123 8115 8214 8223 8124
8801 5 2 0 21 8115 8214 8223 8124 8116 8215 8224 8125
8802 5 2 0 21 8116 8215 8224 8125 8117 8216 8225 8126
8803 5 2 0 21 8117 8216 8225 8126 8118 8217 8226 8127
8804 5 2 0 21 8118 8217 8226 8127 1484 1495 1496 1485
8805 5 2 0 21 1196 1207 1208 1197 8119 8218 8227 8128
8806 5 2 0 21 8119 8218 8227 8128 8120 8219 8228 8129
8807 5 2 0 21 8120 8219 8228 8129 8121 8220 8229 8130
8808 5 2 0 21 8121 8220 8229 8130 8122 8221 8230 8131
8809 5 2 0 21 8122 8221 8230 8131 8123 8222 8231 8132
8810 5 2 0 21 8123 8222 8231 8132 8124 8223 8232 8133
8811 5 2 0 21 8124 8223 8232 8133 8125 8224 8233 8134
8812 5 2 0 21 8125 8224 8233 8134 8126 8225 8234 8135
8813 5 2 0 21 8126 8225 8234 8135 8127 8226 8235 8136
8814 5 2 0 21 8127 8226 8235 8136 1485 1496 1497 1486
8815 5 2 0 21 1197 1208 1209 1198 8128 8227 8236 8137
8816 5 2 0 21 8128 8227 8236 8137 8129 8228 8237 8138
8817 5 2 0 21 8129 8228 8237 8138 8130 8229 8238 8139
8818 5 2 0 21 8130 8229 8238 8139 8131 8230 8239 8140
8819 5 2 0 21 8131 8230 8239 8140 8132 8231 8240 8141
8820 5 2 0 21 8132 8231 8240 8141 8133 8232 8241 8142
8821 5 2 0 21 8133 8232 8241 8142 8134 8233 8242 8143
8822 5 2 0 21 8134 8233 8242 8143 8135 8234 8243 8144
8823 5 2 0 21 8135 8234 8243 8144 8136 8235 8244 8145
8824 5 2 0 21 8136 8235 8244 8145 1486 1497 1498 1487
8825 5 2 0 21 1198 1209 1210 1199 8137 8236 8245 8146
8826 5 2 0 21 8137 8236 8245 8146 8138 8237 8246 8147
8827 5 2 0 21 8138 8237 8246 8147 8139 8238 8247 8148
8828 5 2 0 21 8139 8238 8247 8148 8140 8239 8248 8149
8829 5 2 0 21 8140 8239 8248 8149 8141 8240 8249 8150
8830 5 2 0 21 8141 8240 8249 8150 8142 8241 8250 8151
8831 5 2 0 21 8142 8241 8250 8151 8143 8242 8251 8152
8832 5 2 0 21 8143 8242 8251 8152 8144 8243 8252 8153
8833 5 2 0 21 8144 8243 8252 8153 8145 8244 8253 8154
8834 5 2 0 21 8145 8244 8253 8154 1487 1498 1499 1488
8835 5 2 0 21 1199 1210 1211 1200 8146 8245 8254 8155
8836 5 2 0 21 8146 8245 8254 8155 8147 8246 8255 8156
8837 5 2 0 21 8147 8246 8255 8156 8148 8247 8256 8157
8838 5 2 0 21 8148 8247 8256 8157 8149 8248 8257 8158
8839 5 2 0 21 8149 8248 8257 8158 8150 8249 8258 8159
8840 5 2 0 21 8150 8249 8258 8159 8151 8250 8259 8160
8841 5 2 0 21 8151 8250 8259 8160 8152 8251 8260 8161
8842 5 2 0 21 8152 8251 8260 8161 8153 8252 8261 8162
8843 5 2 0 21 8153 8252 8261 8162 8154 8253 8262 8163
8844 5 2 0 21 8154 8253 8262 8163 1488 1499 1500 1489
8845 5 2 0 21 1200 1211 1212 1201 8155 8254 8263 8164
8846 5 2 0 21 8155 8254 8263 8164 8156 8255 8264 8165
8847 5 2 0 21 8156 8255 8264 8165 8157 8256 8265 8166
8848 5 2 0 21 8157 8256 8265 8166 8158 8257 8266 8167
8849 5 2 0 21 8158 8257 8266 8167 8159 8258 8267 8168
8850 5 2 0 21 8159 8258 8267 8168 8160 8259 8268 8169
8851 5 2 0 21 8160 8259 8268 8169 8161 8260 8269 8170
8852 5 2 0 21 8161 8260 8269 8170 8162 8261 8270 8171
8853 5 2 0 21 8162 8261 8270 8171 8163 8262 8271 8172
8854 5 2 0 21 8163 8262 8271 8172 1489 1500 1501 1490
8855 5 2 0 21 1201 1212 1213 1202 8164 8263 8272 8173
8856 5 2 0 21 8164 8263 8272 8173 8165 8264 8273 8174
8857 5 2 0 21 8165 8264 8273 8174 8166 8265 8274 8175
8858 5 2 0 21 8166 8265 8274 8175 8167 8266 8275 8176
8859 5 2 0 21 8167 8266 8275 8176 8168 8267 8276 8177
8860 5 2 0 21 8168 8267 8276 8177 8169 8268 8277 8178
8861 5 2 0 21 8169 8268 8277 8178 8170 8269 8278 8179
8862 5 2 0 21 8170 8269 8278 8179 8171 8270 8279 8180
8863 5 2 0 21 8171 8270 8279 8180 8172 8271 8280 8181
8864 5 2 0 21 8172 8271 8280 8181 1490 1501 1502 1491
8865 5 2 0 21 1202 1213 1214 1203 8173 8272 8281 8182
8866 5 2 0 21 8173 8272 8281 8182 8174 8273 8282 8183
8867 5 2 0 21 8174 8273 8282 8183 8175 8274 8283 8184
8868 5 2 0 21 8175 8274 8283 8184 8176 8275 8284 8185
8869 5 2 0 21 8176 8275 8284 8185 8177 8276 8285 8186
8870 5 2 0 21 8177 8276 8285 8186 8178 8277 8286 8187
8871 5 2 0 21 8178 8277 8286 8187 8179 8278 8287 8188
8872 5 2 0 21 8179 8278 8287 8188 8180 8279 8288 8189
8873 5 2 0 21 8180 8279 8288 8189 8181 8280 8289 8190
8874 5 2 0 21 8181 8280 8289 8190 1491 1502 1503 1492
8875 5 2 0 21 1203 1214 1215 1204 8182 8281 8290 8191
8876 5 2 0 21 8182 8281 8290 8191 8183 8282 8291 8192
8877 5 2 0 21 8183 8282 8291 8192 8184 8283 8292 8193
8878 5 2 0 21 8184 8283 8292 8193 8185 8284 8293 8194
8879 5 2 0 21 8185 8284 8293 8194 8186 8285 8294 8195
8880 5 2 0 21 8186 8285 8294 8195 8187 8286 8295 8196
8881 5 2 0 21 8187 8286 8295 8196 8188 8287 8296 8197
8882 5 2 0 21 8188 8287 8296 8197 8189 8288 8297 8198
8883 5 2 0 21 8189 8288 8297 8198 8190 8289 8298 8199
8884 5 2 0 21 8190 8289 8298 8199 1492 1503 1504 1493
8885 5 2 0 21 1204 1215 1216 1205 8191 8290 8299 8200
8886 5 2 0 21 8191 8290 8299 8200 8192 8291 8300 8201
8887 5 2 0 21 8192 8291 8300 8201 8193 8292 8301 8202
8888 5 2 0 21 8193 8292 8301 8202 8194 8293 8302 8203
8889 5 2 0 21 8194 8293 8302 8203 8195 8294 8303 8204
8890 5 2 0 21 8195 8294 8303 8204 8196 8295 8304 8205
8891 5 2 0 21 8196 8295 8304 8205 8197 8296 8305 8206
8892 5 2 0 21 8197 8296 8305 8206 8198 8297 8306 8207
8893 5 2 0 21 8198 8297 8306 8207 8199 8298 8307 8208
8894 5 2 0 21 8199 8298 8307 8208 1493 1504 1505 1494
8895 5 2 0 21 1205 1216 162 161 8200 8299 3853 3844
8896 5 2 0 21 8200 8299 3853 3844 8201 8300 3854 3845
8897 5 2 0 21 8201 8300 3854 3845 8202 8301 3855 3846
8898 5 2 0 21 8202 8301 3855 3846 8203 8302 3856 3847
8899 5 2 0 21 8203 8302 3856 3847 8204 8303 3857 3848
8900 5 2 0 21 8204 8303 3857 3848 8205 8304 3858 3849
8901 5 2 0 21 8205 8304 3858 3849 8206 8305 3859 3850
8902 5 2 0 21 8206 8305 3859 3850 8207 8306 3860 3851
8903 5 2 0 21 8207 8306 3860 3851 8208 8307 3861 3852
8904 5 2 0 21 8208 8307 3861 3852 1494 1505 230 229
8905 5 2 0 21 145 146 1217 1206 3700 3709 8308 8209
8906 5 2 0 21 3700 3709 8308 8209 3701 3710 8309 8210
8907 5 2 0 21 3701 3710 8309 8210 3702 3711 8310 8211
8908 5 2 0 21 3702 3711 8310 8211 3703 3712 8311 8212
8909 5 2 0 21 3703 3712 8311 8212 3704 3713 8312 8213
8910 5 2 0 21 3704 3713 8312 8213 3705 3714 8313 8214
8911 5 2 0 21 3705 3714 8313 8214 3706 3715 8314 8215
8912 5 2 0 21 3706 3715 8314 8215 3707 3716 8315 8216
8913 5 2 0 21 3707 3716 8315 8216 3708 3717 8316 8217
8914 5 2 0 21 3708 3717 8316 8217 213 214 1506 1495
8915 5 2 0 21 1206 1217 1218 1207 8209 8308 8317 8218
8916 5 2 0 21 8209 8308 8317 8218 8210 8309 8318 8219
8917 5 2 0 21 8210 8309 8318 8219 8211 8310 8319 8220
8918 5 2 0 21 8211 8310 8319 8220 8212 8311 8320 8221
8919 5 2 0 21 8212 8311 8320 8221 8213 8312 8321 8222
8920 5 2 0 21 8213 8312 8321 8222 8214 8313 8322 8223
8921 5 2 0 21 8214 8313 8322 8223 8215 8314 8323 8224
8922 5 2 0 21 8215 8314 8323 8224 8216 8315 8324 8225
8923 5 2 0 21 8216 8315 8324 8225 8217 8316 8325 8226
8924 5 2 0 21 8217 8316 8325 8226 1495 1506 1507 1496
8925 5 2 0 21 1207 1218 1219 1208 8218 8317 8326 8227
8926 5 2 0 21 8218 8317 8326 8227 8219 8318 8327 8228
8927 5 2 0 21 8219 8318 8327 8228 8220 8319 8328 8229
8928 5 2 0 21 8220 8319 8328 8229 8221 8320 8329 8230
8929 5 2 0 21 8221 8320 8329 8230 8222 8321 8330 8231
8930 5 2 0 21 8222 8321 8330 8231 8223 8322 8331 8232
8931 5 2 0 21 8223 8322 8331 8232 8224 8323 8332 8233
8932 5 2 0 21 8224 8323 8332 8233 8225 8324 8333 8234
8933 5 2 0 21 8225 8324 8333 8234 8226 8325 8334 8235
8934 5 2 0 21 8226 8325 8334 8235 1496 1507 1508 1497
8935 5 2 0 21 1208 1219 1220 1209 8227 8326 8335 8236
8936 5 2 0 21 8227 8326 8335 8236 8228 8327 8336 8237
8937 5 2 0 21 8228 8327 8336 8237 8229 8328 8337 8238
8938 5 2 0 21 8229 8328 8337 8238 8230 8329 8338 8239
8939 5 2 0 21 8230 8329 8338 8239 8231 8330 8339 8240
8940 5 2 0 21 8231 8330 8339 8240 8232 8331 8340 8241
8941 5 2 0 21 8232 8331 8340 8241 8233 8332 8341 8242
8942 5 2 0 21 8233 8332 8341 8242 8234 8333 8342 8243
8943 5 2 0 21 8234 8333 8342 8243 8235 8334 8343 8244
8944 5 2 0 21 8235 8334 8343 8244 1497 1508 1509 1498
8945 5 2 0 21 1209 1220 1221 1210 8236 8335 8344 8245
8946 5 2 0 21 8236 8335 8344 8245 8237 8336 8345 8246
8947 5 2 0 21 8237 8336 8345 8246 8238 8337 8346 8247
8948 5 2 0 21 8238 8337 8346 8247 8239 8338 8347 8248
8949 5 2 0 21 8239 8338 8347 8248 8240 8339 8348 8249
8950 5 2 0 21 8240 8339 8348 8249 8241 8340 8349 8250
8951 5 2 0 21 8241 8340 8349 8250 8242 8341 8350 8251
8952 5 2 0 21 8242 8341 8350 8251 8243 8342 8351 8252
8953 5 2 0 21 8243 8342 8351 8252 8244 8343 8352 8253
8954 5 2 0 21 8244 8343 8352 8253 1498 1509 1510 1499
8955 5 2 0 21 1210 1221 1222 1211 8245 8344 8353 8254
8956 5 2 0 21 8245 8344 8353 8254 8246 8345 8354 8255
8957 5 2 0 21 8246 8345 8354 8255 8247 8346 8355 8256
8958 5 2 0 21 8247 8346 8355 8256 8248 8347 8356 8257
8959 5 2 0 21 8248 8347 8356 8257 8249 8348 8357 8258
8960 5 2 0 21 8249 8348 8357 8258 8250 8349 8358 8259
8961 5 2 0 21 8250 8349 8358 8259 8251 8350 8359 8260
8962 5 2 0 21 8251 8350 8359 8260 8252 8351 8360 8261
8963 5 2 0 21 8252 8351 8360 8261 8253 8352 8361 8262
8964 5 2 0 21 8253 8352 8361 8262 1499 1510 1511 1500
8965 5 2 0 21 1211 1222 1223 1212 8254 8353 8362 8263
8966 5 2 0 21 8254 8353 8362 8263 8255 8354 8363 8264
8967 5 2 0 21 8255 8354 8363 8264 8256 8355 8364 8265
8968 5 2 0 21 8256 8355 8364 8265 8257 8356 8365 8266
8969 5 2 0 21 8257 8356 8365 8266 8258 8357 8366 8267
8970 5 2 0 21 8258 8357 8366 8267 8259 8358 8367 8268
8971 5 2 0 21 8259 8358 8367 8268 8260 8359 8368 8269
8972 5 2 0 21 8260 8359 8368 8269 8261 8360 8369 8270
8973 5 2 0 21 8261 8360 8369 8270 8262 8361 8370 8271
8974 5 2 0 21 8262 8361 8370 8271 1500 1511 1512 1501
8975 5 2 0 21 1212 1223 1224 1213 8263 8362 8371 8272
8976 5 2 0 21 8263 8362 8371 8272 8264 8363 8372 8273
8977 5 2 0 21 8264 8363 8372 8273 8265 8364 8373 8274
8978 5 2 0 21 8265 8364 8373 8274 8266 8365 8374 8275
8979 5 2 0 21 8266 8365 8374 8275 8267 8366 8375 8276
8980 5 2 0 21 8267 8366 8375 8276 8268 8367 8376 8277
8981 5 2 0 21 8268 8367 8376 8277 8269 8368 8377 8278
8982 5 2 0 21 8269 8368 8377 8278 8270 8369 8378 8279
8983 5 2 0 21 8270 8369 8378 8279 8271 8370 8379 8280
8984 5 2 0 21 8271 8370 8379 8280 1501 1512 1513 1502
8985 5 2 0 21 1213 1224 1225 1214 8272 8371 8380 8281
8986 5 2 0 21 8272 8371 8380 8281 8273 8372 8381 8282
8987 5 2 0 21 8273 8372 8381 8282 8274 8373 8382 8283
8988 5 2 0 21 8274 8373 8382 8283 8275 8374 8383 8284
8989 5 2 0 21 8275 8374 8383 8284 8276 8375 8384 8285
8990 5 2 0 21 8276 8375 8384 8285 8277 8376 8385 8286
8991 5 2 0 21 8277 8376 8385 8286 8278 8377 8386 8287
8992 5 2 0 21 8278 8377 8386 8287 8279 8378 8387 8288
8993 5 2 0 21 8279 8378 8387 8288 8280 8379 8388 8289
8994 5 2 0 21 8280 8379 8388 8289 1502 1513 1514 1503
8995 5 2 0 21 1214 1225 1226 1215 8281 8380 8389 8290
8996 5 2 0 21 8281 8380 8389 8290 8282 8381 8390 8291
8997 5 2 0 21 8282 8381 8390 8291 8283 8382 8391 8292
8998 5 2 0 21 8283 8382 8391 8292 8284 8383 8392 8293
8999 5 2 0 21 8284 8383 8392 8293 8285 8384 8393 8294
9000 5 2 0 21 8285 8384 8393 8294 8286 8385 8394 8295
9001 5 2 0 21 8286 8385 8394 8295 8287 8386 8395 8296
9002 5 2 0 21 8287 8386 8395 8296 8288 8387 8396 8297
9003 5 2 0 21 8288 8387 8396 8297 8289 8388 8397 8298
9004 5 2 0 21 8289 8388 8397 8298 1503 1514 1515 1504
9005 5 2 0 21 1215 1226 1227 1216 8290 8389 8398 8299
9006 5 2 0 21 8290 8389 8398 8299 8291 8390 8399 8300
9007 5 2 0 21 8291 8390 8399 8300 8292 8391 8400 8301
9008 5 2 0 21 8292 8391 8400 8301 8293 8392 8401 8302
9009 5 2 0 21 8293 8392 8401 8302 8294 8393 8402 8303
9010 5 2 0 21 8294 8393 8402 8303 8295 8394 8403 8304
9011 5 2 0 21 8295 8394 8403 8304 8296 8395 8404 8305
9012 5 2 0 21 8296 8395 8404 8305 8297 8396 8405 8306
9013 5 2 0 21 8297 8396 8405 8306 8298 8397 8406 8307
9014 5 2 0 21 8298 8397 8406 8307 1504 1515 1516 1505
9015 5 2 0 21 1216 1227 163 162 8299 8398 3862 3853
9016 5 2 0 21 8299 8398 3862 3853 8300 8399 3863 3854
9017 5 2 0 21 8300 8399 3863 3854 8301 8400 3864 3855
9018 5 2 0 21 8301 8400 3864 3855 8302 8401 3865 3856
9019 5 2 0 21 8302 8401 3865 3856 8303 8402 3866 3857
9020 5 2 0 21 8303 8402 3866 3857 8304 8403 3867 3858
9021 5 2 0 21 8304 8403 3867 3858 8305 8404 3868 3859
9022 5 2 0 21 8305 8404 3868 3859 8306 8405 3869 3860
9023 5 2 0 21 8306 8405 3869 3860 8307 8406 3870 3861
9024 5 2 0 21 8307 8406 3870 3861 1505 1516 231 230
9025 5 2 0 21 146 147 1228 1217 3709 3718 8407 8308
9026 5 2 0 21 3709 3718 8407 8308 3710 3719 8408 8309
9027 5 2 0 21 3710 3719 8408 8309 3711 3720 8409 8310
9028 5 2 0 21 3711 3720 8409 8310 3712 3721 8410 8311
9029 5 2 0 21 3712 3721 8410 8311 3713 3722 8411 8312
9030 5 2 0 21 3713 3722 8411 8312 3714 3723 8412 8313
9031 5 2 0 21 3714 3723 8412 8313 3715 3724 8413 8314
9032 5 2 0 21 3715 3724 8413 8314 3716 3725 8414 8315
9033 5 2 0 21 3716 3725 8414 8315 3717 3726 8415 8316
9034 5 2 0 21 3717 3726 8415 8316 214 215 1517 1506
9035 5 2 0 21 1217 1228 1229 1218 8308 8407 8416 8317
9036 5 2 0 21 8308 8407 8416 8317 8309 8408 8417 8318
9037 5 2 0 21 8309 8408 8417 8318 8310 8409 8418 8319
9038 5 2 0 21 8310 8409 8418 8319 8311 8410 8419 8320
9039 5 2 0 21 8311 8410 8419 8320 8312 8411 8420 8321
9040 5 2 0 21 8312 8411 8420 8321 8313 8412 8421 8322
9041 5 2 0 21 8313 8412 8421 8322 8314 8413 8422 8323
9042 5 2 0 21 8314 8413 8422 8323 8315 8414 8423 8324
9043 5 2 0 21 8315 8414 8423 8324 8316 8415 8424 8325
9044 5 2 0 21 8316 8415 8424 8325 1506 1517 1518 1507
9045 5 2 0 21 1218 1229 1230 1219 8317 8416 8425 8326
9046 5 2 0 21 8317 8416 8425 8326 8318 8417 8426 8327
9047 5 2 0 21 8318 8417 8426 8327 8319 8418 8427 8328
9048 5 2 0 21 8319 8418 8427 8328 8320 8419 8428 8329
9049 5 2 0 21 8320 8419 8428 8329 8321 8420 8429 8330
9050 5 2 0 21 8321 8420 8429 8330 8322 8421 8430 8331
9051 5 2 0 21 8322 8421 8430 8331 8323 8422 8431 8332
9052 5 2 0 21 8323 8422 8431 8332 8324 8423 8432 8333
9053 5 2 0 21 8324 8423 8432 8333 8325 8424 8433 8334
9054 5 2 0 21 8325 8424 8433 8334 1507 1518 1519 1508
9055 5 2 0 21 1219 1230 1231 1220 8326 8425 8434 8335
9056 5 2 0 21 8326 8425 8434 8335 8327 8426 8435 8336
9057 5 2 0 21 8327 8426 8435 8336 8328 8427 8436 8337
9058 5 2 0 21 8328 8427 8436 8337 8329 8428 8437 8338
9059 5 2 0 21 8329 8428 8437 8338 8330 8429 8438 8339
9060 5 2 0 21 8330 8429 8438 8339 8331 8430 8439 8340
9061 5 2 0 21 8331 8430 8439 8340 8332 8431 8440 8341
9062 5 2 0 21 8332 8431 8440 8341 8333 8432 8441 8342
9063 5 2 0 21 8333 8432 8441 8342 8334 8433 8442 8343
9064 5 2 0 21 8334 8433 8442 8343 1508 1519 1520 1509
9065 5 2 0 21 1220 1231 1232 1221 8335 8434 8443 8344
9066 5 2 0 21 8335 8434 8443 8344 8336 8435 8444 8345
9067 5 2 0 21 8336 8435 8444 8345 8337 8436 8445 8346
9068 5 2 0 21 8337 8436 8445 8346 8338 8437 8446 8347
9069 5 2 0 21 8338 8437 8446 8347 8339 8438 8447 8348
9070 5 2 0 21 8339 8438 8447 8348 8340 8439 8448 8349
9071 5 2 0 21 8340 8439 8448 8349 8341 8440 8449 8350
9072 5 2 0 21 8341 8440 8449 8350 8342 8441 8450 8351
9073 5 2 0 21 8342 8441 8450 8351 8343 8442 8451 8352
9074 5 2 0 21 8343 8442 8451 8352 1509 1520 1521 1510
9075 5 2 0 21 1221 1232 1233 1222 8344 8443 8452 8353
9076 5 2 0 21 8344 8443 8452 8353 8345 8444 8453 8354
9077 5 2 0 21 8345 8444 8453 8354 8346 8445 8454 8355
9078 5 2 0 21 8346 8445 8454 8355 8347 8446 8455 8356
9079 5 2 0 21 8347 8446 8455 8356 8348 8447 8456 8357
9080 5 2 0 21 8348 8447 8456 8357 8349 8448 8457 8358
9081 5 2 0 21 8349 8448 8457 8358 8350 8449 8458 8359
9082 5 2 0 21 8350 8449 8458 8359 8351 8450 8459 8360
9083 5 2 0 21 8351 8450 8459 8360 8352 8451 8460 8361
9084 5 2 0 21 8352 8451 8460 8361 1510 1521 1522 1511
9085 5 2 0 21 1222 1233 1234 1223 8353 8452 8461 8362
9086 5 2 0 21 8353 8452 8461 8362 8354 8453 8462 8363
9087 5 2 0 21 8354 8453 8462 8363 8355 8454 8463 8364
9088 5 2 0 21 8355 8454 8463 8364 8356 8455 8464 8365
9089 5 2 0 21 8356 8455 8464 8365 8357 8456 8465 8366
9090 5 2 0 21 8357 8456 8465 8366 8358 8457 8466 8367
9091 5 2 0 21 8358 8457 8466 8367 8359 8458 8467 8368
9092 5 2 0 21 8359 8458 8467 8368 8360 8459 8468 8369
9093 5 2 0 21 8360 8459 8468 8369 8361 8460 8469 8370
9094 5 2 0 21 8361 8460 8469 8370 1511 1522 1523 1512
9095 5 2 0 21 1223 1234 1235 1224 8362 8461 8470 8371
9096 5 2 0 21 8362 8461 8470 8371 8363 8462 8471 8372
9097 5 2 0 21 8363 8462 8471 8372 8364 8463 8472 8373
9098 5 2 0 21 8364 8463 8472 8373 8365 8464 8473 8374
9099 5 2 0 21 8365 8464 8473 8374 8366 8465 8474 8375
9100 5 2 0 21 8366 8465 8474 8375 8367 8466 8475 8376
9101 5 2 0 21 8367 8466 8475 8376 8368 8467 8476 8377
9102 5 2 0 21 8368 8467 8476 8377 8369 8468 8477 8378
9103 5 2 0 21 8369 8468 8477 8378 8370 8469 8478 8379
9104 5 2 0 21 8370 8469 8478 8379 1512 1523 1524 1513
9105 5 2 0 21 1224 1235 1236 1225 8371 8470 8479 8380
9106 5 2 0 21 8371 8470 8479 8380 8372 8471 8480 8381
9107 5 2 0 21 8372 8471 8480 8381 8373 8472 8481 8382
9108 5 2 0 21 8373 8472 8481 8382 8374 8473 8482 8383
9109 5 2 0 21 8374 8473 8482 8383 8375 8474 8483 8384
9110 5 2 0 21 8375 8474 8483 8384 8376 8475 8484 8385
9111 5 2 0 21 8376 8475 8484 8385 8377 8476 8485 8386
9112 5 2 0 21 8377 8476 8485 8386 8378 8477 8486 8387
9113 5 2 0 21 8378 8477 8486 8387 8379 8478 8487 8388
9114 5 2 0 21 8379 8478 8487 8388 1513 1524 1525 1514
9115 5 2 0 21 1225 1236 1237 1226 8380 8479 8488 8389
9116 5 2 0 21 8380 8479 8488 8389 8381 8480 8489 8390
9117 5 2 0 21 8381 8480 8489 8390 8382 8481 8490 8391
9118 5 2 0 21 8382 8481 8490 8391 8383 8482 8491 8392
9119 5 2 0 21 8383 8482 8491 8392 8384 8483 8492 8393
9120 5 2 0 21 8384 8483 8492 8393 8385 8484 8493 8394
9121 5 2 0 21 8385 8484 8493 8394 8386 8485 8494 8395
9122 5 2 0 21 8386 8485 8494 8395 8387 8486 8495 8396
9123 5 2 0 21 8387 8486 8495 8396 8388 8487 8496 8397
9124 5 2 0 21 8388 8487 8496 8397 1514 1525 1526 1515
9125 5 2 0 21 1226 1237 1238 1227 8389 8488 8497 8398
9126 5 2 0 21 8389 8488 8497 8398 8390 8489 8498 8399
9127 5 2 0 21 8390 8489 8498 8399 8391 8490 8499 8400
9128 5 2 0 21 8391 8490 8499 8400 8392 8491 8500 8401
9129 5 2 0 21 8392 8491 8500 8401 8393 8492 8501 8402
9130 5 2 0 21 8393 8492 8501 8402 8394 8493 8502 8403
9131 5 2 0 21 8394 8493 8502 8403 8395 8494 8503 8404
9132 5 2 0 21 8395 8494 8503 8404 8396 8495 8504 8405
9133 5 2 0 21 8396 8495 8504 8405 8397 8496 8505 8406
9134 5 2 0 21 8397 8496 8505 8406 1515 1526 1527 1516
9135 5 2 0 21 1227 1238 164 163 8398 8497 3871 3862
9136 5 2 0 21 8398 8497 3871 3862 8399 8498 3872 3863
9137 5 2 0 21 8399 8498 3872 3863 8400 8499 3873 3864
9138 5 2 0 21 8400 8499 3873 3864 8401 8500 3874 3865
9139 5 2 0 21 8401 8500 3874 3865 8402 8501 3875 3866
9140 5 2 0 21 8402 8501 3875 3866 8403 8502 3876 3867
9141 5 2 0 21 8403 8502 3876 3867 8404 8503 3877 3868
9142 5 2 0 21 8404 8503 3877 3868 8405 8504 3878 3869
9143 5 2 0 21 8405 8504 3878 3869 8406 8505 3879 3870
9144 5 2 0 21 8406 8505 3879 3870 1516 1527 232 231
9145 5 2 0 21 147 23 355 1228 3718 655 2530 8407
9146 5 2 0 21 3718 655 2530 8407 3719 656 2531 8408
9147 5 2 0 21 3719 656 2531 8408 3720 657 2532 8409
9148 5 2 0 21 3720 657 2532 8409 3721 658 2533 8410
9149 5 2 0 21 3721 658 2533 8410 3722 659 2534 8411
9150 5 2 0 21 3722 659 2534 8411 3723 660 2535 8412
9151 5 2 0 21 3723 660 2535 8412 3724 661 2536 8413
9152 5 2 0 21 3724 661 2536 8413 3725 662 2537 8414
9153 5 2 0 21 3725 662 2537 8414 3726 663 2538 8415
9154 5 2 0 21 3726 663 2538 8415 215 39 423 1517
9155 5 2 0 21 1228 355 356 1229 8407 2530 2539 8416
9156 5 2 0 21 8407 2530 2539 8416 8408 2531 2540 8417
9157 5 2 0 21 8408 2531 2540 8417 8409 2532 2541 8418
9158 5 2 0 21 8409 2532 2541 8418 8410 2533 2542 8419
9159 5 2 0 21 8410 2533 2542 8419 8411 2534 2543 8420
9160 5 2 0 21 8411 2534 2543 8420 8412 2535 2544 8421
9161 5 2 0 21 8412 2535 2544 8421 8413 2536 2545 8422
9162 5 2 0 21 8413 2536 2545 8422 8414 2537 2546 8423
9163 5 2 0 21 8414 2537 2546 8423 8415 2538 2547 8424
9164 5 2 0 21 8415 2538 2547 8424 1517 423 424 1518
9165 5 2 0 21 1229 356 357 1230 8416 2539 2548 8425
9166 5 2 0 21 8416 2539 2548 8425 8417 2540 2549 8426
9167 5 2 0 21 8417 2540 2549 8426 8418 2541 2550 8427
9168 5 2 0 21 8418 2541 2550 8427 8419 2542 2551 8428
9169 5 2 0 21 8419 2542 2551 8428 8420 2543 2552 8429
9170 5 2 0 21 8420 2543 2552 8429 8421 2544 2553 8430
9171 5 2 0 21 8421 2544 2553 8430 8422 2545 2554 8431
9172 5 2 0 21 8422 2545 2554 8431 8423 2546 2555 8432
9173 5 2 0 21 8423 2546 2555 8432 8424 2547 2556 8433
9174 5 2 0 21 8424 2547 2556 8433 1518 424 425 1519
9175 5 2 0 21 1230 357 358 1231 8425 2548 2557 8434
9176 5 2 0 21 8425 2548 2557 8434 8426 2549 2558 8435
9177 5 2 0 21 8426 2549 2558 8435 8427 2550 2559 8436
9178 5 2 0 21 8427 2550 2559 8436 8428 2551 2560 8437
9179 5 2 0 21 8428 2551 2560 8437 8429 2552 2561 8438
9180 5 2 0 21 8429 2552 2561 8438 8430 2553 2562 8439
9181 5 2 0 21 8430 2553 2562 8439 8431 2554 2563 8440
9182 5 2 0 21 8431 2554 2563 8440 8432 2555 2564 8441
9183 5 2 0 21 8432 2555 2564 8441 8433 2556 2565 8442
9184 5 2 0 21 8433 2556 2565 8442 1519 425 426 1520
9185 5 2 0 21 1231 358 359 1232 8434 2557 2566 8443
9186 5 2 0 21 8434 2557 2566 8443 8435 2558 2567 8444
9187 5 2 0 21 8435 2558 2567 8444 8436 2559 2568 8445
9188 5 2 0 21 8436 2559 2568 8445 8437 2560 2569 8446
9189 5 2 0 21 8437 2560 2569 8446 8438 2561 2570 8447
9190 5 2 0 21 8438 2561 2570 8447 8439 2562 2571 8448
9191 5 2 0 21 8439 2562 2571 8448 8440 2563 2572 8449
9192 5 2 0 21 8440 2563 2572 8449 8441 2564 2573 8450
9193 5 2 0 21 8441 2564 2573 8450 8442 2565 2574 8451
9194 5 2 0 21 8442 2565 2574 8451 1520 426 427 1521
9195 5 2 0 21 1232 359 360 1233 8443 2566 2575 8452
9196 5 2 0 21 8443 2566 2575 8452 8444 2567 2576 8453
9197 5 2 0 21 8444 2567 2576 8453 8445 2568 2577 8454
9198 5 2 0 21 8445 2568 2577 8454 8446 2569 2578 8455
9199 5 2 0 21 8446 2569 2578 8455 8447 2570 2579 8456
9200 5 2 0 21 8447 2570 2579 8456 8448 2571 2580 8457
9201 5 2 0 21 8448 2571 2580 8457 8449 2572 2581 8458
9202 5 2 0 21 8449 2572 2581 8458 8450 2573 2582 8459
9203 5 2 0 21 8450 2573 2582 8459 8451 2574 2583 8460
9204 5 2 0 21 8451 2574 2583 8460 1521 427 428 1522
9205 5 2 0 21 1233 360 361 1234 8452 2575 2584 8461
9206 5 2 0 21 8452 2575 2584 8461 8453 2576 2585 8462
9207 5 2 0 21 8453 2576 2585 8462 8454 2577 2586 8463
9208 5 2 0 21 8454 2577 2586 8463 8455 2578 2587 8464
9209 5 2 0 21 8455 2578 2587 8464 8456 2579 2588 8465
9210 5 2 0 21 8456 2579 2588 8465 8457 2580 2589 8466
9211 5 2 0 21 8457 2580 2589 8466 8458 2581 2590 8467
9212 5 2 0 21 8458 2581 2590 8467 8459 2582 2591 8468
9213 5 2 0 21 8459 2582 2591 8468 8460 2583 2592 8469
9214 5 2 0 21 8460 2583 2592 8469 1522 428 429 1523
9215 5 2 0 21 1234 361 362 1235 8461 2584 2593 8470
9216 5 2 0 21 8461 2584 2593 8470 8462 2585 2594 8471
9217 5 2 0 21 8462 2585 2594 8471 8463 2586 2595 8472
9218 5 2 0 21 8463 2586 2595 8472 8464 2587 2596 8473
9219 5 2 0 21 8464 2587 2596 8473 8465 2588 2597 8474
9220 5 2 0 21 8465 2588 2597 8474 8466 2589 2598 8475
9221 5 2 0 21 8466 2589 2598 8475 8467 2590 2599 8476
9222 5 2 0 21 8467 2590 2599 8476 8468 2591 2600 8477
9223 5 2 0 21 8468 2591 2600 8477 8469 2592 2601 8478
9224 5 2 0 21 8469 2592 2601 8478 1523 429 430 1524
9225 5 2 0 21 1235 362 363 1236 8470 2593 2602 8479
9226 5 2 0 21 8470 2593 2602 8479 8471 2594 2603 8480
9227 5 2 0 21 8471 2594 2603 8480 8472 2595 2604 8481
9228 5 2 0 21 8472 2595 2604 8481 8473 2596 2605 8482
9229 5 2 0 21 8473 2596 2605 8482 8474 2597 2606 8483
9230 5 2 0 21 8474 2597 2606 8483 8475 2598 2607 8484
9231 5 2 0 21 8475 2598 2607 8484 8476 2599 2608 8485
9232 5 2 0 21 8476 2599 2608 8485 8477 2600 2609 8486
9233 5 2 0 21 8477 2600 2609 8486 8478 2601 2610 8487
9234 5 2 0 21 8478 2601 2610 8487 1524 430 431 1525
9235 5 2 0 21 1236 363 364 1237 8479 2602 2611 8488
9236 5 2 0 21 8479 2602 2611 8488 8480 2603 2612 8489
9237 5 2 0 21 8480 2603 2612 8489 8481 2604 2613 8490
9238 5 2 0 21 8481 2604 2613 8490 8482 2605 2614 8491
9239 5 2 0 21 8482 2605 2614 8491 8483 2606 2615 8492
9240 5 2 0 21 8483 2606 2615 8492 8484 2607 2616 8493
9241 5 2 0 21 8484 2607 2616 8493 8485 2608 2617 8494
9242 5 2 0 21 8485 2608 2617 8494 8486 2609 2618 8495
9243 5 2 0 21 8486 2609 2618 8495 8487 2610 2619 8496
9244 5 2 0 21 8487 2610 2619 8496 1525 431 432 1526
9245 5 2 0 21 1237 364 365 1238 8488 2611 2620 8497
9246 5 2 0 21 8488 2611 2620 8497 8489 2612 2621 8498
9247 5 2 0 21 8489 2612 2621 8498 8490 2613 2622 8499
9248 5 2 0 21 8490 2613 2622 8499 8491 2614 2623 8500
9249 5 2 0 21 8491 2614 2623 8500 8492 2615 2624 8501
9250 5 2 0 21 8492 2615 2624 8501 8493 2616 2625 8502
9251 5 2 0 21 8493 2616 2625 8502 8494 2617 2626 8503
9252 5 2 0 21 8494 2617 2626 8503 8495 2618 2627 8504
9253 5 2 0 21 8495 2618 2627 8504 8496 2619 2628 8505
9254 5 2 0 21 8496 2619 2628 8505 1526 432 433 1527
9255 5 2 0 21 1238 365 27 164 8497 2620 691 3871
9256 5 2 0 21 8497 2620 691 3871 8498 2621 692 3872
9257 5 2 0 21 8498 2621 692 3872 8499 2622 693 3873
9258 5 2 0 21 8499 2622 693 3873 8500 2623 694 3874
9259 5 2 0 21 8500 2623 694 3874 8501 2624 695 3875
9260 5 2 0 21 8501 2624 695 3875 8502 2625 696 3876
9261 5 2 0 21 8502 2625 696 3876 8503 2626 697 3877
9262 5 2 0 21 8503 2626 697 3877 8504 2627 698 3878
9263 5 2 0 21 8504 2627 698 3878 8505 2628 699 3879
9264 5 2 0 21 8505 2628 699 3879 1527 433 43 232
9265 5 2 0 22 23 148 1239 355 655 3727 8506 2530
9266 5 2 0 22 655 3727 8506 2530 656 3728 8507 2531
9267 5 2 0 22 656 3728 8507 2531 657 3729 8508 2532
9268 5 2 0 22 657 3729 8508 2532 658 3730 8509 2533
9269 5 2 0 22 658 3730 8509 2533 659 3731 8510 2534
9270 5 2 0 22 659 3731 8510 2534 660 3732 8511 2535
9271 5 2 0 22 660 3732 8511 2535 661 3733 8512 2536
9272 5 2 0 22 661 3733 8512 2536 662 3734 8513 2537
9273 5 2 0 22 662 3734 8513 2537 663 3735 8514 2538
9274 5 2 0 22 663 3735 8514 2538 39 216 1528 423
9275 5 2 0 22 355 1239 1240 356 2530 8506 8515 2539
9276 5 2 0 22 2530 8506 8515 2539 2531 8507 8516 2540
9277 5 2 0 22 2531 8507 8516 2540 2532 8508 8517 2541
9278 5 2 0 22 2532 8508 8517 2541 2533 8509 8518 2542
9279 5 2 0 22 2533 8509 8518 2542 2534 8510 8519 2543
9280 5 2 0 22 2534 8510 8519 2543 2535 8511 8520 2544
9281 5 2 0 22 2535 8511 8520 2544 2536 8512 8521 2545
9282 5 2 0 22 2536 8512 8521 2545 2537 8513 8522 2546
9283 5 2 0 22 2537 8513 8522 2546 2538 8514 8523 2547
9284 5 2 0 22 2538 8514 8523 2547 423 1528 1529 424
9285 5 2 0 22 356 1240 1241 357 2539 8515 8524 2548
9286 5 2 0 22 2539 8515 8524 2548 2540 8516 8525 2549
9287 5 2 0 22 2540 8516 8525 2549 2541 8517 8526 2550
9288 5 2 0 22 2541 8517 8526 2550 2542 8518 8527 2551
9289 5 2 0 22 2542 8518 8527 2551 2543 8519 8528 2552
9290 5 2 0 22 2543 8519 8528 2552 2544 8520 8529 2553
9291 5 2 0 22 2544 8520 8529 2553 2545 8521 8530 2554
9292 5 2 0 22 2545 8521 8530 2554 2546 8522 8531 2555
9293 5 2 0 22 2546 8522 8531 2555 2547 8523 8532 2556
9294 5 2 0 22 2547 8523 8532 2556 424 1529 1530 425
9295 5 2 0 22 357 1241 1242 358 2548 8524 8533 2557
9296 5 2 0 22 2548 8524 8533 2557 2549 8525 8534 2558
9297 5 2 0 22 2549 8525 8534 2558 2550 8526 8535 2559
9298 5 2 0 22 2550 8526 8535 2559 2551 8527 8536 2560
9299 5 2 0 22 2551 8527 8536 2560 2552 8528 8537 2561
9300 5 2 0 22 2552 8528 8537 2561 2553 8529 8538 2562
9301 5 2 0 22 2553 8529 8538 2562 2554 8530 8539 2563
9302 5 2 0 22 2554 8530 8539 2563 2555 8531 8540 2564
9303 5 2 0 22 2555 8531 8540 2564 2556 8532 8541 2565
9304 5 2 0 22 2556 8532 8541 2565 425 1530 1531 426
9305 5 2 0 22 358 1242 1243 359 2557 8533 8542 2566
9306 5 2 0 22 2557 8533 8542 2566 2558 8534 8543 2567
9307 5 2 0 22 2558 8534 8543 2567 2559 8535 8544 2568
9308 5 2 0 22 2559 8535 8544 2568 2560 8536 8545 2569
9309 5 2 0 22 2560 8536 8545 2569 2561 8537 8546 2570
9310 5 2 0 22 2561 8537 8546 2570 2562 8538 8547 2571
9311 5 2 0 22 2562 8538 8547 2571 2563 8539 8548 2572
9312 5 2 0 22 2563 8539 8548 2572 2564 8540 8549 2573
9313 5 2 0 22 2564 8540 8549 2573 2565 8541 8550 2574
9314 5 2 0 22 2565 8541 8550 2574 426 1531 1532 427
9315 5 2 0 22 359 1243 1244 360 2566 8542 8551 2575
9316 5 2 0 22 2566 8542 8551 2575 2567 8543 8552 2576
9317 5 2 0 22 2567 8543 8552 2576 2568 8544 8553 2577
9318 5 2 0 22 2568 8544 8553 2577 2569 8545 8554 2578
9319 5 2 0 22 2569 8545 8554 2578 2570 8546 8555 2579
9320 5 2 0 22 2570 8546 8555 2579 2571 8547 8556 2580
9321 5 2 0 22 2571 8547 8556 2580 2572 8548 8557 2581
9322 5 2 0 22 2572 8548 8557 2581 2573 8549 8558 2582
9323 5 2 0 22 2573 8549 8558 2582 2574 8550 8559 2583
9324 5 2 0 22 2574 8550 8559 2583 427 1532 1533 428
9325 5 2 0 22 360 1244 1245 361 2575 8551 8560 2584
9326 5 2 0 22 2575 8551 8560 2584 2576 8552 8561 2585
9327 5 2 0 22 2576 8552 8561 2585 2577 8553 8562 2586
9328 5 2 0 22 2577 8553 8562 2586 2578 8554 8563 2587
9329 5 2 0 22 2578 8554 8563 2587 2579 8555 8564 2588
9330 5 2 0 22 2579 8555 8564 2588 2580 8556 8565 2589
9331 5 2 0 22 2580 8556 8565 2589 2581 8557 8566 2590
9332 5 2 0 22 2581 8557 8566 2590 2582 8558 8567 2591
9333 5 2 0 22 2582 8558 8567 2591 2583 8559 8568 2592
9334 5 2 0 22 2583 8559 8568 2592 428 1533 1534 429
9335 5 2 0 22 361 1245 1246 362 2584 8560 8569 2593
9336 5 2 0 22 2584 8560 8569 2593 2585 8561 8570 2594
9337 5 2 0 22 2585 8561 8570 2594 2586 8562 8571 2595
9338 5 2 0 22 2586 8562 8571 2595 2587 8563 8572 2596
9339 5 2 0 22 2587 8563 8572 2596 2588 8564 8573 2597
9340 5 2 0 22 2588 8564 8573 2597 2589 8565 8574 2598
9341 5 2 0 22 2589 8565 8574 2598 2590 8566 8575 2599
9342 5 2 0 22 2590 8566 8575 2599 2591 8567 8576 2600
9343 5 2 0 22 2591 8567 8576 2600 2592 8568 8577 2601
9344 5 2 0 22 2592 8568 8577 2601 429 1534 1535 430
9345 5 2 0 22 362 1246 1247 363 2593 8569 8578 2602
9346 5 2 0 22 2593 8569 8578 2602 2594 8570 8579 2603
9347 5 2 0 22 2594 8570 8579 2603 2595 8571 8580 2604
9348 5 2 0 22 2595 8571 8580 2604 2596 8572 8581 2605
9349 5 2 0 22 2596 8572 8581 2605 2597 8573 8582 2606
9350 5 2 0 22 2597 8573 8582 2606 2598 8574 8583 2607
9351 5 2 0 22 2598 8574 8583 2607 2599 8575 8584 2608
9352 5 2 0 22 2599 8575 8584 2608 2600 8576 8585 2609
9353 5 2 0 22 2600 8576 8585 2609 2601 8577 8586 2610
9354 5 2 0 22 2601 8577 8586 2610 430 1535 1536 431
9355 5 2 0 22 363 1247 1248 364 2602 8578 8587 2611
9356 5 2 0 22 2602 8578 8587 2611 2603 8579 8588 2612
9357 5 2 0 22 2603 8579 8588 2612 2604 8580 8589 2613
9358 5 2 0 22 2604 8580 8589 2613 2605 8581 8590 2614
9359 5 2 0 22 2605 8581 8590 2614 2606 8582 8591 2615
9360 5 2 0 22 2606 8582 8591 2615 2607 8583 8592 2616
9361 5 2 0 22 2607 8583 8592 2616 2608 8584 8593 2617
9362 5 2 0 22 2608 8584 8593 2617 2609 8585 8594 2618
9363 5 2 0 22 2609 8585 8594 2618 2610 8586 8595 2619
9364 5 2 0 22 2610 8586 8595 2619 431 1536 1537 432
9365 5 2 0 22 364 1248 1249 365 2611 8587 8596 2620
9366 5 2 0 22 2611 8587 8596 2620 2612 8588 8597 2621
9367 5 2 0 22 2612 8588 8597 2621 2613 8589 8598 2622
9368 5 2 0 22 2613 8589 8598 2622 2614 8590 8599 2623
9369 5 2 0 22 2614 8590 8599 2623 2615 8591 8600 2624
9370 5 2 0 22 2615 8591 8600 2624 2616 8592 8601 2625
9371 5 2 0 22 2616 8592 8601 2625 2617 8593 8602 2626
9372 5 2 0 22 2617 8593 8602 2626 2618 8594 8603 2627
9373 5 2 0 22 2618 8594 8603 2627 2619 8595 8604 2628
9374 5 2 0 22 2619 8595 8604 2628 432 1537 1538 433
9375 5 2 0 22 365 1249 165 27 2620 8596 3880 691
9376 5 2 0 22 2620 8596 3880 691 2621 8597 3881 692
9377 5 2 0 22 2621 8597 3881 692 2622 8598 3882 693
9378 5 2 0 22 2622 8598 3882 693 2623 8599 3883 694
9379 5 2 0 22 2623 8599 3883 694 2624 8600 3884 695
9380 5 2 0 22 2624 8600 3884 695 2625 8601 3885 696
9381 5 2 0 22 2625 8601 3885 696 2626 8602 3886 697
9382 5 2 0 22 2626 8602 3886 697 2627 8603 3887 698
9383 5 2 0 22 2627 8603 3887 698 2628 8604 3888 699
9384 5 2 0 22 2628 8604 3888 699 433 1538 233 43
9385 5 2 0 22 148 149 1250 1239 3727 3736 8605 8506
9386 5 2 0 22 3727 3736 8605 8506 3728 3737 8606 8507
9387 5 2 0 22 3728 3737 8606 8507 3729 3738 8607 8508
9388 5 2 0 22 3729 3738 8607 8508 3730 3739 8608 8509
9389 5 2 0 22 3730 3739 8608 8509 3731 3740 8609 8510
9390 5 2 0 22 3731 3740 8609 8510 3732 3741 8610 8511
9391 5 2 0 22 3732 3741 8610 8511 3733 3742 8611 8512
9392 5 2 0 22 3733 3742 8611 8512 3734 3743 8612 8513
9393 5 2 0 22 3734 3743 8612 8513 3735 3744 8613 8514
9394 5 2 0 22 3735 3744 8613 8514 216 217 1539 1528
9395 5 2 0 22 1239 1250 1251 1240 8506 8605 8614 8515
9396 5 2 0 22 8506 8605 8614 8515 8507 8606 8615 8516
9397 5 2 0 22 8507 8606 8615 8516 8508 8607 8616 8517
9398 5 2 0 22 8508 8607 8616 8517 8509 8608 8617 8518
9399 5 2 0 22 8509 8608 8617 8518 8510 8609 8618 8519
9400 5 2 0 22 8510 8609 8618 8519 8511 8610 8619 8520
9401 5 2 0 22 8511 8610 8619 8520 8512 8611 8620 8521
9402 5 2 0 22 8512 8611 8620 8521 8513 8612 8621 8522
9403 5 2 0 22 8513 8612 8621 8522 8514 8613 8622 8523
9404 5 2 0 22 8514 8613 8622 8523 1528 1539 1540 1529
9405 5 2 0 22 1240 1251 1252 1241 8515 8614 8623 8524
9406 5 2 0 22 8515 8614 8623 8524 8516 8615 8624 8525
9407 5 2 0 22 8516 8615 8624 8525 8517 8616 8625 8526
9408 5 2 0 22 8517 8616 8625 8526 8518 8617 8626 8527
9409 5 2 0 22 8518 8617 8626 8527 8519 8618 8627 8528
9410 5 2 0 22 8519 8618 8627 8528 8520 8619 8628 8529
9411 5 2 0 22 8520 8619 8628 8529 8521 8620 8629 8530
9412 5 2 0 22 8521 8620 8629 8530 8522 8621 8630 8531
9413 5 2 0 22 8522 8621 8630 8531 8523 8622 8631 8532
9414 5 2 0 22 8523 8622 8631 8532 1529 1540 1541 1530
9415 5 2 0 22 1241 1252 1253 1242 8524 8623 8632 8533
9416 5 2 0 22 8524 8623 8632 8533 8525 8624 8633 8534
9417 5 2 0 22 8525 8624 8633 8534 8526 8625 8634 8535
9418 5 2 0 22 8526 8625 8634 8535 8527 8626 8635 8536
9419 5 2 0 22 8527 8626 8635 8536 8528 8627 8636 8537
9420 5 2 0 22 8528 8627 8636 8537 8529 8628 8637 8538
9421 5 2 0 22 8529 8628 8637 8538 8530 8629 8638 8539
9422 5 2 0 22 8530 8629 8638 8539 8531 8630 8639 8540
9423 5 2 0 22 8531 8630 8639 8540 8532 8631 8640 8541
9424 5 2 0 22 8532 8631 8640 8541 1530 1541 1542 1531
9425 5 2 0 22 1242 1253 1254 1243 8533 8632 8641 8542
9426 5 2 0 22 8533 8632 8641 8542 8534 8633 8642 8543
9427 5 2 0 22 8534 8633 8642 8543 8535 8634 8643 8544
9428 5 2 0 22 8535 8634 8643 8544 8536 8635 8644 8545
9429 5 2 0 22 8536 8635 8644 8545 8537 8636 8645 8546
9430 5 2 0 22 8537 8636 8645 8546 8538 8637 8646 8547
9431 5 2 0 22 8538 8637 8646 8547 8539 8638 8647 8548
9432 5 2 0 22 8539 8638 8647 8548 8540 8639 8648 8549
9433 5 2 0 22 8540 8639 8648 8549 8541 8640 8649 8550
9434 5 2 0 22 8541 8640 8649 8550 1531 1542 1543 1532
9435 5 2 0 22 1243 1254 1255 1244 8542 8641 8650 8551
9436 5 2 0 22 8542 8641 8650 8551 8543 8642 8651 8552
9437 5 2 0 22 8543 8642 8651 8552 8544 8643 8652 8553
9438 5 2 0 22 8544 8643 8652 8553 8545 8644 8653 8554
9439 5 2 0 22 8545 8644 8653 8554 8546 8645 8654 8555
9440 5 2 0 22 8546 8645 8654 8555 8547 8646 8655 8556
9441 5 2 0 22 8547 8646 8655 8556 8548 8647 8656 8557
9442 5 2 0 22 8548 8647 8656 8557 8549 8648 8657 8558
9443 5 2 0 22 8549 8648 8657 8558 8550 8649 8658 8559
9444 5 2 0 22 8550 8649 8658 8559 1532 1543 1544 1533
9445 5 2 0 22 1244 1255 1256 1245 8551 8650 8659 8560
9446 5 2 0 22 8551 8650 8659 8560 8552 8651 8660 8561
9447 5 2 0 22 8552 8651 8660 8561 8553 8652 8661 8562
9448 5 2 0 22 8553 8652 8661 8562 8554 8653 8662 8563
9449 5 2 0 22 8554 8653 8662 8563 8555 8654 8663 8564
9450 5 2 0 22 8555 8654 8663 8564 8556 8655 8664 8565
9451 5 2 0 22 8556 8655 8664 8565 8557 8656 8665 8566
9452 5 2 0 22 8557 8656 8665 8566 8558 8657 8666 8567
9453 5 2 0 22 8558 8657 8666 8567 8559 8658 8667 8568
9454 5 2 0 22 8559 8658 8667 8568 1533 1544 1545 1534
9455 5 2 0 22 1245 1256 1257 1246 8560 8659 8668 8569
9456 5 2 0 22 8560 8659 8668 8569 8561 8660 8669 8570
9457 5 2 0 22 8561 8660 8669 8570 8562 8661 8670 8571
9458 5 2 0 22 8562 8661 8670 8571 8563 8662 8671 8572
9459 5 2 0 22 8563 8662 8671 8572 8564 8663 8672 8573
9460 5 2 0 22 8564 8663 8672 8573 8565 8664 8673 8574
9461 5 2 0 22 8565 8664 8673 8574 8566 8665 8674 8575
9462 5 2 0 22 8566 8665 8674 8575 8567 8666 8675 8576
9463 5 2 0 22 8567 8666 8675 8576 8568 8667 8676 8577
9464 5 2 0 22 8568 8667 8676 8577 1534 1545 1546 1535
9465 5 2 0 22 1246 1257 1258 1247 8569 8668 8677 8578
9466 5 2 0 22 8569 8668 8677 8578 8570 8669 8678 8579
9467 5 2 0 22 8570 8669 8678 8579 8571 8670 8679 8580
9468 5 2 0 22 8571 8670 8679 8580 8572 8671 8680 8581
9469 5 2 0 22 8572 8671 8680 8581 8573 8672 8681 8582
9470 5 2 0 22 8573 8672 8681 8582 8574 8673 8682 8583
9471 5 2 0 22 8574 8673 8682 8583 8575 8674 8683 8584
9472 5 2 0 22 8575 8674 8683 8584 8576 8675 8684 8585
9473 5 2 0 22 8576 8675 8684 8585 8577 8676 8685 8586
9474 5 2 0 22 8577 8676 8685 8586 1535 1546 1547 1536
9475 5 2 0 22 1247 1258 1259 1248 8578 8677 8686 8587
9476 5 2 0 22 8578 8677 8686 8587 8579 8678 8687 8588
9477 5 2 0 22 8579 8678 8687 8588 8580 8679 8688 8589
9478 5 2 0 22 8580 8679 8688 8589 8581 8680 8689 8590
9479 5 2 0 22 8581 8680 8689 8590 8582 8681 8690 8591
9480 5 2 0 22 8582 8681 8690 8591 8583 8682 8691 8592
9481 5 2 0 22 8583 8682 8691 8592 8584 8683 8692 8593
9482 5 2 0 22 8584 8683 8692 8593 8585 8684 8693 8594
9483 5 2 0 22 8585 8684 8693 8594 8586 8685 8694 8595
9484 5 2 0 22 8586 8685 8694 8595 1536 1547 1548 1537
9485 5 2 0 22 1248 1259 1260 1249 8587 8686 8695 8596
9486 5 2 0 22 8587 8686 8695 8596 8588 8687 8696 8597
9487 5 2 0 22 8588 8687 8696 8597 8589 8688 8697 8598
9488 5 2 0 22 8589 8688 8697 8598 8590 8689 8698 8599
9489 5 2 0 22 8590 8689 8698 8599 8591 8690 8699 8600
9490 5 2 0 22 8591 8690 8699 8600 8592 8691 8700 8601
9491 5 2 0 22 8592 8691 8700 8601 8593 8692 8701 8602
9492 5 2 0 22 8593 8692 8701 8602 8594 8693 8702 8603
9493 5 2 0 22 8594 8693 8702 8603 8595 8694 8703 8604
9494 5 2 0 22 8595 8694 8703 8604 1537 1548 1549 1538
9495 5 2 0 22 1249 1260 166 165 8596 8695 3889 3880
9496 5 2 0 22 8596 8695 3889 3880 8597 8696 3890 3881
9497 5 2 0 22 8597 8696 3890 3881 8598 8697 3891 3882
9498 5 2 0 22 8598 8697 3891 3882 8599 8698 3892 3883
9499 5 2 0 22 8599 8698 3892 3883 8600 8699 3893 3884
9500 5 2 0 22 8600 8699 3893 3884 8601 8700 3894 3885
9501 5 2 0 22 8601 8700 3894 3885 8602 8701 3895 3886
9502 5 2 0 22 8602 8701 3895 3886 8603 8702 3896 3887
9503 5 2 0 22 8603 8702 3896 3887 8604 8703 3897 3888
9504 5 2 0 22 8604 8703 3897 3888 1538 1549 234 233
9505 5 2 0 22 149 150 1261 1250 3736 3745 8704 8605
9506 5 2 0 22 3736 3745 8704 8605 3737 3746 8705 8606
9507 5 2 0 22 3737 3746 8705 8606 3738 3747 8706 8607
9508 5 2 0 22 3738 3747 8706 8607 3739 3748 8707 8608
9509 5 2 0 22 3739 3748 8707 8608 3740 3749 8708 8609
9510 5 2 0 22 3740 3749 8708 8609 3741 3750 8709 8610
9511 5 2 0 22 3741 3750 8709 8610 3742 3751 8710 8611
9512 5 2 0 22 3742 3751 8710 8611 3743 3752 8711 8612
9513 5 2 0 22 3743 3752 8711 8612 3744 3753 8712 8613
9514 5 2 0 22 3744 3753 8712 8613 217 218 1550 1539
9515 5 2 0 22 1250 1261 1262 1251 8605 8704 8713 8614
9516 5 2 0 22 8605 8704 8713 8614 8606 8705 8714 8615
9517 5 2 0 22 8606 8705 8714 8615 8607 8706 8715 8616
9518 5 2 0 22 8607 8706 8715 8616 8608 8707 8716 8617
9519 5 2 0 22 8608 8707 8716 8617 8609 8708 8717 8618
9520 5 2 0 22 8609 8708 8717 8618 8610 8709 8718 8619
9521 5 2 0 22 8610 8709 8718 8619 8611 8710 8719 8620
9522 5 2 0 22 8611 8710 8719 8620 8612 8711 8720 8621
9523 5 2 0 22 8612 8711 8720 8621 8613 8712 8721 8622
9524 5 2 0 22 8613 8712 8721 8622 1539 1550 1551 1540
9525 5 2 0 22 1251 1262 1263 1252 8614 8713 8722 8623
9526 5 2 0 22 8614 8713 8722 8623 8615 8714 8723 8624
9527 5 2 0 22 8615 8714 8723 8624 8616 8715 8724 8625
9528 5 2 0 22 8616 8715 8724 8625 8617 8716 8725 8626
9529 5 2 0 22 8617 8716 8725 8626 8618 8717 8726 8627
9530 5 2 0 22 8618 8717 8726 8627 8619 8718 8727 8628
9531 5 2 0 22 8619 8718 8727 8628 8620 8719 8728 8629
9532 5 2 0 22 8620 8719 8728 8629 8621 8720 8729 8630
9533 5 2 0 22 8621 8720 8729 8630 8622 8721 8730 8631
9534 5 2 0 22 8622 8721 8730 8631 1540 1551 1552 1541
9535 5 2 0 22 1252 1263 1264 1253 8623 8722 8731 8632
9536 5 2 0 22 8623 8722 8731 8632 8624 8723 8732 8633
9537 5 2 0 22 8624 8723 8732 8633 8625 8724 8733 8634
9538 5 2 0 22 8625 8724 8733 8634 8626 8725 8734 8635
9539 5 2 0 22 8626 8725 8734 8635 8627 8726 8735 8636
9540 5 2 0 22 8627 8726 8735 8636 8628 8727 8736 8637
9541 5 2 0 22 8628 8727 8736 8637 8629 8728 8737 8638
9542 5 2 0 22 8629 8728 8737 8638 8630 8729 8738 8639
9543 5 2 0 22 8630 8729 8738 8639 8631 8730 8739 8640
9544 5 2 0 22 8631 8730 8739 8640 1541 1552 1553 1542
9545 5 2 0 22 1253 1264 1265 1254 8632 8731 8740 8641
9546 5 2 0 22 8632 8731 8740 8641 8633 8732 8741 8642
9547 5 2 0 22 8633 8732 8741 8642 8634 8733 8742 8643
9548 5 2 0 22 8634 8733 8742 8643 8635 8734 8743 8644
9549 5 2 0 22 8635 8734 8743 8644 8636 8735 8744 8645
9550 5 2 0 22 8636 8735 8744 8645 8637 8736 8745 8646
9551 5 2 0 22 8637 8736 8745 8646 8638 8737 8746 8647
9552 5 2 0 22 8638 8737 8746 8647 8639 8738 8747 8648
9553 5 2 0 22 8639 8738 8747 8648 8640 8739 8748 8649
9554 5 2 0 22 8640 8739 8748 8649 1542 1553 1554 1543
9555 5 2 0 22 1254 1265 1266 1255 8641 8740 8749 8650
9556 5 2 0 22 8641 8740 8749 8650 8642 8741 8750 8651
9557 5 2 0 22 8642 8741 8750 8651 8643 8742 8751 8652
9558 5 2 0 22 8643 8742 8751 8652 8644 8743 8752 8653
9559 5 2 0 22 8644 8743 8752 8653 8645 8744 8753 8654
9560 5 2 0 22 8645 8744 8753 8654 8646 8745 8754 8655
9561 5 2 0 22 8646 8745 8754 8655 8647 8746 8755 8656
9562 5 2 0 22 8647 8746 8755 8656 8648 8747 8756 8657
9563 5 2 0 22 8648 8747 8756 8657 8649 8748 8757 8658
9564 5 2 0 22 8649 8748 8757 8658 1543 1554 1555 1544
9565 5 2 0 22 1255 1266 1267 1256 8650 8749 8758 8659
9566 5 2 0 22 8650 8749 8758 8659 8651 8750 8759 8660
9567 5 2 0 22 8651 8750 8759 8660 8652 8751 8760 8661
9568 5 2 0 22 8652 8751 8760 8661 8653 8752 8761 8662
9569 5 2 0 22 8653 8752 8761 8662 8654 8753 8762 8663
9570 5 2 0 22 8654 8753 8762 8663 8655 8754 8763 8664
9571 5 2 0 22 8655 8754 8763 8664 8656 8755 8764 8665
9572 5 2 0 22 8656 8755 8764 8665 8657 8756 8765 8666
9573 5 2 0 22 8657 8756 8765 8666 8658 8757 8766 8667
9574 5 2 0 22 8658 8757 8766 8667 1544 1555 1556 1545
9575 5 2 0 22 1256 1267 1268 1257 8659 8758 8767 8668
9576 5 2 0 22 8659 8758 8767 8668 8660 8759 8768 8669
9577 5 2 0 22 8660 8759 8768 8669 8661 8760 8769 8670
9578 5 2 0 22 8661 8760 8769 8670 8662 8761 8770 8671
9579 5 2 0 22 8662 8761 8770 8671 8663 8762 8771 8672
9580 5 2 0 22 8663 8762 8771 8672 8664 8763 8772 8673
9581 5 2 0 22 8664 8763 8772 8673 8665 8764 8773 8674
9582 5 2 0 22 8665 8764 8773 8674 8666 8765 8774 8675
9583 5 2 0 22 8666 8765 8774 8675 8667 8766 8775 8676
9584 5 2 0 22 8667 8766 8775 8676 1545 1556 1557 1546
9585 5 2 0 22 1257 1268 1269 1258 8668 8767 8776 8677
9586 5 2 0 22 8668 8767 8776 8677 8669 8768 8777 8678
9587 5 2 0 22 8669 8768 8777 8678 8670 8769 8778 8679
9588 5 2 0 22 8670 8769 8778 8679 8671 8770 8779 8680
9589 5 2 0 22 8671 8770 8779 8680 8672 8771 8780 8681
9590 5 2 0 22 8672 8771 8780 8681 8673 8772 8781 8682
9591 5 2 0 22 8673 8772 8781 8682 8674 8773 8782 8683
9592 5 2 0 22 8674 8773 8782 8683 8675 8774 8783 8684
9593 5 2 0 22 8675 8774 8783 8684 8676 8775 8784 8685
9594 5 2 0 22 8676 8775 8784 8685 1546 1557 1558 1547
9595 5 2 0 22 1258 1269 1270 1259 8677 8776 8785 8686
9596 5 2 0 22 8677 8776 8785 8686 8678 8777 8786 8687
9597 5 2 0 22 8678 8777 8786 8687 8679 8778 8787 8688
9598 5 2 0 22 8679 8778 8787 8688 8680 8779 8788 8689
9599 5 2 0 22 8680 8779 8788 8689 8681 8780 8789 8690
9600 5 2 0 22 8681 8780 8789 8690 8682 8781 8790 8691
9601 5 2 0 22 8682 8781 8790 8691 8683 8782 8791 8692
9602 5 2 0 22 8683 8782 8791 8692 8684 8783 8792 8693
9603 5 2 0 22 8684 8783 8792 8693 8685 8784 8793 8694
9604 5 2 0 22 8685 8784 8793 8694 1547 1558 1559 1548
9605 5 2 0 22 1259 1270 1271 1260 8686 8785 8794 8695
9606 5 2 0 22 8686 8785 8794 8695 8687 8786 8795 8696
9607 5 2 0 22 8687 8786 8795 8696 8688 8787 8796 8697
9608 5 2 0 22 8688 8787 8796 8697 8689 8788 8797 8698
9609 5 2 0 22 8689 8788 8797 8698 8690 8789 8798 8699
9610 5 2 0 22 8690 8789 8798 8699 8691 8790 8799 8700
9611 5 2 0 22 8691 8790 8799 8700 8692 8791 8800 8701
9612 5 2 0 22 8692 8791 8800 8701 8693 8792 8801 8702
9613 5 2 0 22 8693 8792 8801 8702 8694 8793 8802 8703
9614 5 2 0 22 8694 8793 8802 8703 1548 1559 1560 1549
9615 5 2 0 22 1260 1271 167 166 8695 8794 3898 3889
9616 5 2 0 22 8695 8794 3898 3889 8696 8795 3899 3890
9617 5 2 0 22 8696 8795 3899 3890 8697 8796 3900 3891
9618 5 2 0 22 8697 8796 3900 3891 8698 8797 3901 3892
9619 5 2 0 22 8698 8797 3901 3892 8699 8798 3902 3893
9620 5 2 0 22 8699 8798 3902 3893 8700 8799 3903 3894
9621 5 2 0 22 8700 8799 3903 3894 8701 8800 3904 3895
9622 5 2 0 22 8701 8800 3904 3895 8702 8801 3905 3896
9623 5 2 0 22 8702 8801 3905 3896 8703 8802 3906 3897
9624 5 2 0 22 8703 8802 3906 3897 1549 1560 235 234
9625 5 2 0 22 150 24 366 1261 3745 664 2629 8704
9626 5 2 0 22 3745 664 2629 8704 3746 665 2630 8705
9627 5 2 0 22 3746 665 2630 8705 3747 666 2631 8706
9628 5 2 0 22 3747 666 2631 8706 3748 667 2632 8707
9629 5 2 0 22 3748 667 2632 8707 3749 668 2633 8708
9630 5 2 0 22 3749 668 2633 8708 3750 669 2634 8709
9631 5 2 0 22 3750 669 2634 8709 3751 670 2635 8710
9632 5 2 0 22 3751 670 2635 8710 3752 671 2636 8711
9633 5 2 0 22 3752 671 2636 8711 3753 672 2637 8712
9634 5 2 0 22 3753 672 2637 8712 218 40 434 1550
9635 5 2 0 22 1261 366 367 1262 8704 2629 2638 8713
9636 5 2 0 22 8704 2629 2638 8713 8705 2630 2639 8714
9637 5 2 0 22 8705 2630 2639 8714 8706 2631 2640 8715
9638 5 2 0 22 8706 2631 2640 8715 8707 2632 2641 8716
9639 5 2 0 22 8707 2632 2641 8716 8708 2633 2642 8717
9640 5 2 0 22 8708 2633 2642 8717 8709 2634 2643 8718
9641 5 2 0 22 8709 2634 2643 8718 8710 2635 2644 8719
9642 5 2 0 22 8710 2635 2644 8719 8711 2636 2645 8720
9643 5 2 0 22 8711 2636 2645 8720 8712 2637 2646 8721
9644 5 2 0 22 8712 2637 2646 8721 1550 434 435 1551
9645 5 2 0 22 1262 367 368 1263 8713 2638 2647 8722
9646 5 2 0 22 8713 2638 2647 8722 8714 2639 2648 8723
9647 5 2 0 22 8714 2639 2648 8723 8715 2640 2649 8724
9648 5 2 0 22 8715 2640 2649 8724 8716 2641 2650 8725
9649 5 2 0 22 8716 2641 2650 8725 8717 2642 2651 8726
9650 5 2 0 22 8717 2642 2651 8726 8718 2643 2652 8727
9651 5 2 0 22 8718 2643 2652 8727 8719 2644 2653 8728
9652 5 2 0 22 8719 2644 2653 8728 8720 2645 2654 8729
9653 5 2 0 22 8720 2645 2654 8729 8721 2646 2655 8730
9654 5 2 0 22 8721 2646 2655 8730 1551 435 436 1552
9655 5 2 0 22 1263 368 369 1264 8722 2647 2656 8731
9656 5 2 0 22 8722 2647 2656 8731 8723 2648 2657 8732
9657 5 2 0 22 8723 2648 2657 8732 8724 2649 2658 8733
9658 5 2 0 22 8724 2649 2658 8733 8725 2650 2659 8734
9659 5 2 0 22 8725 2650 2659 8734 8726 2651 2660 8735
9660 5 2 0 22 8726 2651 2660 8735 8727 2652 2661 8736
9661 5 2 0 22 8727 2652 2661 8736 8728 2653 2662 8737
9662 5 2 0 22 8728 2653 2662 8737 8729 2654 2663 8738
9663 5 2 0 22 8729 2654 2663 8738 8730 2655 2664 8739
9664 5 2 0 22 8730 2655 2664 8739 1552 436 437 1553
9665 5 2 0 22 1264 369 370 1265 8731 2656 2665 8740
9666 5 2 0 22 8731 2656 2665 8740 8732 2657 2666 8741
9667 5 2 0 22 8732 2657 2666 8741 8733 2658 2667 8742
9668 5 2 0 22 8733 2658 2667 8742 8734 2659 2668 8743
9669 5 2 0 22 8734 2659 2668 8743 8735 2660 2669 8744
9670 5 2 0 22 8735 2660 2669 8744 8736 2661 2670 8745
9671 5 2 0 22 8736 2661 2670 8745 8737 2662 2671 8746
9672 5 2 0 22 8737 2662 2671 8746 8738 2663 2672 8747
9673 5 2 0 22 8738 2663 2672 8747 8739 2664 2673 8748
9674 5 2 0 22 8739 2664 2673 8748 1553 437 438 1554
9675 5 2 0 22 1265 370 371 1266 8740 2665 2674 8749
9676 5 2 0 22 8740 2665 2674 8749 8741 2666 2675 8750
9677 5 2 0 22 8741 2666 2675 8750 8742 2667 2676 8751
9678 5 2 0 22 8742 2667 2676 8751 8743 2668 2677 8752
9679 5 2 0 22 8743 2668 2677 8752 8744 2669 2678 8753
9680 5 2 0 22 8744 2669 2678 8753 8745 2670 2679 8754
9681 5 2 0 22 8745 2670 2679 8754 8746 2671 2680 8755
9682 5 2 0 22 8746 2671 2680 8755 8747 2672 2681 8756
9683 5 2 0 22 8747 2672 2681 8756 8748 2673 2682 8757
9684 5 2 0 22 8748 2673 2682 8757 1554 438 439 1555
9685 5 2 0 22 1266 371 372 1267 8749 2674 2683 8758
9686 5 2 0 22 8749 2674 2683 8758 8750 2675 2684 8759
9687 5 2 0 22 8750 2675 2684 8759 8751 2676 2685 8760
9688 5 2 0 22 8751 2676 2685 8760 8752 2677 2686 8761
9689 5 2 0 22 8752 2677 2686 8761 8753 2678 2687 8762
9690 5 2 0 22 8753 2678 2687 8762 8754 2679 2688 8763
9691 5 2 0 22 8754 2679 2688 8763 8755 2680 2689 8764
9692 5 2 0 22 8755 2680 2689 8764 8756 2681 2690 8765
9693 5 2 0 22 8756 2681 2690 8765 8757 2682 2691 8766
9694 5 2 0 22 8757 2682 2691 8766 1555 439 440 1556
9695 5 2 0 22 1267 372 373 1268 8758 2683 2692 8767
9696 5 2 0 22 8758 2683 2692 8767 8759 2684 2693 8768
9697 5 2 0 22 8759 2684 2693 8768 8760 2685 2694 8769
9698 5 2 0 22 8760 2685 2694 8769 8761 2686 2695 8770
9699 5 2 0 22 8761 2686 2695 8770 8762 2687 2696 8771
9700 5 2 0 22 8762 2687 2696 8771 8763 2688 2697 8772
9701 5 2 0 22 8763 2688 2697 8772 8764 2689 2698 8773
9702 5 2 0 22 8764 2689 2698 8773 8765 2690 2699 8774
9703 5 2 0 22 8765 2690 2699 8774 8766 2691 2700 8775
9704 5 2 0 22 8766 2691 2700 8775 1556 440 441 1557
9705 5 2 0 22 1268 373 374 1269 8767 2692 2701 8776
9706 5 2 0 22 8767 2692 2701 8776 8768 2693 2702 8777
9707 5 2 0 22 8768 2693 2702 8777 8769 2694 2703 8778
9708 5 2 0 22 8769 2694 2703 8778 8770 2695 2704 8779
9709 5 2 0 22 8770 2695 2704 8779 8771 2696 2705 8780
9710 5 2 0 22 8771 2696 2705 8780 8772 2697 2706 8781
9711 5 2 0 22 8772 2697 2706 8781 8773 2698 2707 8782
9712 5 2 0 22 8773 2698 2707 8782 8774 2699 2708 8783
9713 5 2 0 22 8774 2699 2708 8783 8775 2700 2709 8784
9714 5 2 0 22 8775 2700 2709 8784 1557 441 442 1558
9715 5 2 0 22 1269 374 375 1270 8776 2701 2710 8785
9716 5 2 0 22 8776 2701 2710 8785 8777 2702 2711 8786
9717 5 2 0 22 8777 2702 2711 8786 8778 2703 2712 8787
9718 5 2 0 22 8778 2703 2712 8787 8779 2704 2713 8788
9719 5 2 0 22 8779 2704 2713 8788 8780 2705 2714 8789
9720 5 2 0 22 8780 2705 2714 8789 8781 2706 2715 8790
9721 5 2 0 22 8781 2706 2715 8790 8782 2707 2716 8791
9722 5 2 0 22 8782 2707 2716 8791 8783 2708 2717 8792
9723 5 2 0 22 8783 2708 2717 8792 8784 2709 2718 8793
9724 5 2 0 22 8784 2709 2718 8793 1558 442 443 1559
9725 5 2 0 22 1270 375 376 1271 8785 2710 2719 8794
9726 5 2 0 22 8785 2710 2719 8794 8786 2711 2720 8795
9727 5 2 0 22 8786 2711 2720 8795 8787 2712 2721 8796
9728 5 2 0 22 8787 2712 2721 8796 8788 2713 2722 8797
9729 5 2 0 22 8788 2713 2722 8797 8789 2714 2723 8798
9730 5 2 0 22 8789 2714 2723 8798 8790 2715 2724 8799
9731 5 2 0 22 8790 2715 2724 8799 8791 2716 2725 8800
9732 5 2 0 22 8791 2716 2725 8800 8792 2717 2726 8801
9733 5 2 0 22 8792 2717 2726 8801 8793 2718 2727 8802
9734 5 2 0 22 8793 2718 2727 8802 1559 443 444 1560
9735 5 2 0 22 1271 376 28 167 8794 2719 700 3898
9736 5 2 0 22 8794 2719 700 3898 8795 2720 701 3899
9737 5 2 0 22 8795 2720 701 3899 8796 2721 702 3900
9738 5 2 0 22 8796 2721 702 3900 8797 2722 703 3901
9739 5 2 0 22 8797 2722 703 3901 8798 2723 704 3902
9740 5 2 0 22 8798 2723 704 3902 8799 2724 705 3903
9741 5 2 0 22 8799 2724 705 3903 8800 2725 706 3904
9742 5 2 0 22 8800 2725 706 3904 8801 2726 707 3905
9743 5 2 0 22 8801 2726 707 3905 8802 2727 708 3906
9744 5 2 0 22 8802 2727 708 3906 1560 444 44 235
9745 5 2 0 24 25 151 1272 377 673 3754 8803 2728
9746 5 2 0 24 673 3754 8803 2728 674 3755 8804 2729
9747 5 2 0 24 674 3755 8804 2729 675 3756 8805 2730
9748 5 2 0 24 675 3756 8805 2730 676 3757 8806 2731
9749 5 2 0 24 676 3757 8806 2731 677 3758 8807 2732
9750 5 2 0 24 677 3758 8807 2732 678 3759 8808 2733
9751 5 2 0 24 678 3759 8808 2733 679 3760 8809 2734
9752 5 2 0 24 679 3760 8809 2734 680 3761 8810 2735
9753 5 2 0 24 680 3761 8810 2735 681 3762 8811 2736
9754 5 2 0 24 681 3762 8811 2736 41 219 1561 445
9755 5 2 0 24 377 1272 1273 378 2728 8803 8812 2737
9756 5 2 0 24 2728 8803 8812 2737 2729 8804 8813 2738
9757 5 2 0 24 2729 8804 8813 2738 2730 8805 8814 2739
9758 5 2 0 24 2730 8805 8814 2739 2731 8806 8815 2740
9759 5 2 0 24 2731 8806 8815 2740 2732 8807 8816 2741
9760 5 2 0 24 2732 8807 8816 2741 2733 8808 8817 2742
9761 5 2 0 24 2733 8808 8817 2742 2734 8809 8818 2743
9762 5 2 0 24 2734 8809 8818 2743 2735 8810 8819 2744
9763 5 2 0 24 2735 8810 8819 2744 2736 8811 8820 2745
9764 5 2 0 24 2736 8811 8820 2745 445 1561 1562 446
9765 5 2 0 24 378 1273 1274 379 2737 8812 8821 2746
9766 5 2 0 24 2737 8812 8821 2746 2738 8813 8822 2747
9767 5 2 0 24 2738 8813 8822 2747 2739 8814 8823 2748
9768 5 2 0 24 2739 8814 8823 2748 2740 8815 8824 2749
9769 5 2 0 24 2740 8815 8824 2749 2741 8816 8825 2750
9770 5 2 0 24 2741 8816 8825 2750 2742 8817 8826 2751
9771 5 2 0 24 2742 8817 8826 2751 2743 8818 8827 2752
9772 5 2 0 24 2743 8818 8827 2752 2744 8819 8828 2753
9773 5 2 0 24 2744 8819 8828 2753 2745 8820 8829 2754
9774 5 2 0 24 2745 8820 8829 2754 446 1562 1563 447
9775 5 2 0 24 379 1274 168 29 2746 8821 3907 709
9776 5 2 0 24 2746 8821 3907 709 2747 8822 3908 710
9777 5 2 0 24 2747 8822 3908 710 2748 8823 3909 711
9778 5 2 0 24 2748 8823 3909 711 2749 8824 3910 712
9779 5 2 0 24 2749 8824 3910 712 2750 8825 3911 713
9780 5 2 0 24 2750 8825 3911 713 2751 8826 3912 714
9781 5 2 0 24 2751 8826 3912 714 2752 8827 3913 715
9782 5 2 0 24 2752 8827 3913 715 2753 8828 3914 716
9783 5 2 0 24 2753 8828 3914 716 2754 8829 3915 717
9784 5 2 0 24 2754 8829 3915 717 447 1563 236 45
9785 5 2 0 24 151 152 1275 1272 3754 3763 8830 8803
9786 5 2 0 24 3754 3763 8830 8803 3755 3764 8831 8804
9787 5 2 0 24 3755 3764 8831 8804 3756 3765 8832 8805
9788 5 2 0 24 3756 3765 8832 8805 3757 3766 8833 8806
9789 5 2 0 24 3757 3766 8833 8806 3758 3767 8834 8807
9790 5 2 0 24 3758 3767 8834 8807 3759 3768 8835 8808
9791 5 2 0 24 3759 3768 8835 8808 3760 3769 8836 8809
9792 5 2 0 24 3760 3769 8836 8809 3761 3770 8837 8810
9793 5 2 0 24 3761 3770 8837 8810 3762 3771 8838 8811
9794 5 2 0 24 3762 3771 8838 8811 219 220 1564 1561
9795 5 2 0 24 1272 1275 1276 1273 8803 8830 8839 8812
9796 5 2 0 24 8803 8830 8839 8812 8804 8831 8840 8813
9797 5 2 0 24 8804 8831 8840 8813 8805 8832 8841 8814
9798 5 2 0 24 8805 8832 8841 8814 8806 8833 8842 8815
9799 5 2 0 24 8806 8833 8842 8815 8807 8834 8843 8816
9800 5 2 0 24 8807 8834 8843 8816 8808 8835 8844 8817
9801 5 2 0 24 8808 8835 8844 8817 8809 8836 8845 8818
9802 5 2 0 24 8809 8836 8845 8818 8810 8837 8846 8819
9803 5 2 0 24 8810 8837 8846 8819 8811 8838 8847 8820
9804 5 2 0 24 8811 8838 8847 8820 1561 1564 1565 1562
9805 5 2 0 24 1273 1276 1277 1274 8812 8839 8848 8821
9806 5 2 0 24 8812 8839 8848 8821 8813 8840 8849 8822
9807 5 2 0 24 8813 8840 8849 8822 8814 8841 8850 8823
9808 5 2 0 24 8814 8841 8850 8823 8815 8842 8851 8824
9809 5 2 0 24 8815 8842 8851 8824 8816 8843 8852 8825
9810 5 2 0 24 8816 8843 8852 8825 8817 8844 8853 8826
9811 5 2 0 24 8817 8844 8853 8826 8818 8845 8854 8827
9812 5 2 0 24 8818 8845 8854 8827 8819 8846 8855 8828
9813 5 2 0 24 8819 8846 8855 8828 8820 8847 8856 8829
9814 5 2 0 24 8820 8847 8856 8829 1562 1565 1566 1563
9815 5 2 0 24 1274 1277 169 168 8821 8848 3916 3907
9816 5 2 0 24 8821 8848 3916 3907 8822 8849 3917 3908
9817 5 2 0 24 8822 8849 3917 3908 8823 8850 3918 3909
9818 5 2 0 24 8823 8850 3918 3909 8824 8851 3919 3910
9819 5 2 0 24 8824 8851 3919 3910 8825 8852 3920 3911
9820 5 2 0 24 8825 8852 3920 3911 8826 8853 3921 3912
9821 5 2 0 24 8826 8853 3921 3912 8827 8854 3922 3913
9822 5 2 0 24 8827 8854 3922 3913 8828 8855 3923 3914
9823 5 2 0 24 8828 8855 3923 3914 8829 8856 3924 3915
9824 5 2 0 24 8829 8856 3924 3915 1563 1566 237 236
9825 5 2 0 24 152 153 1278 1275 3763 3772 8857 8830
9826 5 2 0 24 3763 3772 8857 8830 3764 3773 8858 8831
9827 5 2 0 24 3764 3773 8858 8831 3765 3774 8859 8832
9828 5 2 0 24 3765 3774 8859 8832 3766 3775 8860 8833
9829 5 2 0 24 3766 3775 8860 8833 3767 3776 8861 8834
9830 5 2 0 24 3767 3776 8861 8834 3768 3777 8862 8835
9831 5 2 0 24 3768 3777 8862 8835 3769 3778 8863 8836
9832 5 2 0 24 3769 3778 8863 8836 3770 3779 8864 8837
9833 5 2 0 24 3770 3779 8864 8837 3771 3780 8865 8838
9834 5 2 0 24 3771 3780 8865 8838 220 221 1567 1564
9835 5 2 0 24 1275 1278 1279 1276 8830 8857 8866 8839
9836 5 2 0 24 8830 8857 8866 8839 8831 8858 8867 8840
9837 5 2 0 24 8831 8858 8867 8840 8832 8859 8868 8841
9838 5 2 0 24 8832 8859 8868 8841 8833 8860 8869 8842
9839 5 2 0 24 8833 8860 8869 8842 8834 8861 8870 8843
9840 5 2 0 24 8834 8861 8870 8843 8835 8862 8871 8844
9841 5 2 0 24 8835 8862 8871 8844 8836 8863 8872 8845
9842 5 2 0 24 8836 8863 8872 8845 8837 8864 8873 8846
9843 5 2 0 24 8837 8864 8873 8846 8838 8865 8874 8847
9844 5 2 0 24 8838 8865 8874 8847 1564 1567 1568 1565
9845 5 2 0 24 1276 1279 1280 1277 8839 8866 8875 8848
9846 5 2 0 24 8839 8866 8875 8848 8840 8867 8876 8849
9847 5 2 0 24 8840 8867 8876 8849 8841 8868 8877 8850
9848 5 2 0 24 8841 8868 8877 8850 8842 8869 8878 8851
9849 5 2 0 24 8842 8869 8878 8851 8843 8870 8879 8852
9850 5 2 0 24 8843 8870 8879 8852 8844 8871 8880 8853
9851 5 2 0 24 8844 8871 8880 8853 8845 8872 8881 8854
9852 5 2 0 24 8845 8872 8881 8854 8846 8873 8882 8855
9853 5 2 0 24 8846 8873 8882 8855 8847 8874 8883 8856
9854 5 2 0 24 8847 8874 8883 8856 1565 1568 1569 1566
9855 5 2 0 24 1277 1280 170 169 8848 8875 3925 3916
9856 5 2 0 24 8848 8875 3925 3916 8849 8876 3926 3917
9857 5 2 0 24 8849 8876 3926 3917 8850 8877 3927 3918
9858 5 2 0 24 8850 8877 3927 3918 8851 8878 3928 3919
9859 5 2 0 24 8851 8878 3928 3919 8852 8879 3929 3920
9860 5 2 0 24 8852 8879 3929 3920 8853 8880 3930 3921
9861 5 2 0 24 8853 8880 3930 3921 8854 8881 3931 3922
9862 5 2 0 24 8854 8881 3931 3922 8855 8882 3932 3923
9863 5 2 0 24 8855 8882 3932 3923 8856 8883 3933 3924
9864 5 2 0 24 8856 8883 3933 3924 1566 1569 238 237
9865 5 2 0 24 153 26 380 1278 3772 682 2755 8857
9866 5 2 0 24 3772 682 2755 8857 3773 683 2756 8858
9867 5 2 0 24 3773 683 2756 8858 3774 684 2757 8859
9868 5 2 0 24 3774 684 2757 8859 3775 685 2758 8860
9869 5 2 0 24 3775 685 2758 8860 3776 686 2759 8861
9870 5 2 0 24 3776 686 2759 8861 3777 687 2760 8862
9871 5 2 0 24 3777 687 2760 8862 3778 688 2761 8863
9872 5 2 0 24 3778 688 2761 8863 3779 689 2762 8864
9873 5 2 0 24 3779 689 2762 8864 3780 690 2763 8865
9874 5 2 0 24 3780 690 2763 8865 221 42 448 1567
9875 5 2 0 24 1278 380 381 1279 8857 2755 2764 8866
9876 5 2 0 24 8857 2755 2764 8866 8858 2756 2765 8867
9877 5 2 0 24 8858 2756 2765 8867 8859 2757 2766 8868
9878 5 2 0 24 8859 2757 2766 8868 8860 2758 2767 8869
9879 5 2 0 24 8860 2758 2767 8869 8861 2759 2768 8870
9880 5 2 0 24 8861 2759 2768 8870 8862 2760 2769 8871
9881 5 2 0 24 8862 2760 2769 8871 8863 2761 2770 8872
9882 5 2 0 24 8863 2761 2770 8872 8864 2762 2771 8873
9883 5 2 0 24 8864 2762 2771 8873 8865 2763 2772 8874
9884 5 2 0 24 8865 2763 2772 8874 1567 448 449 1568
9885 5 2 0 24 1279 381 382 1280 8866 2764 2773 8875
9886 5 2 0 24 8866 2764 2773 8875 8867 2765 2774 8876
9887 5 2 0 24 8867 2765 2774 8876 8868 2766 2775 8877
9888 5 2 0 24 8868 2766 2775 8877 8869 2767 2776 8878
9889 5 2 0 24 8869 2767 2776 8878 8870 2768 2777 8879
9890 5 2 0 24 8870 2768 2777 8879 8871 2769 2778 8880
9891 5 2 0 24 8871 2769 2778 8880 8872 2770 2779 8881
9892 5 2 0 24 8872 2770 2779 8881 8873 2771 2780 8882
9893 5 2 0 24 8873 2771 2780 8882 8874 2772 2781 8883
9894 5 2 0 24 8874 2772 2781 8883 1568 449 450 1569
9895 5 2 0 24 1280 382 30 170 8875 2773 718 3925
9896 5 2 0 24 8875 2773 718 3925 8876 2774 719 3926
9897 5 2 0 24 8876 2774 719 3926 8877 2775 720 3927
9898 5 2 0 24 8877 2775 720 3927 8878 2776 721 3928
9899 5 2 0 24 8878 2776 721 3928 8879 2777 722 3929
9900 5 2 0 24 8879 2777 722 3929 8880 2778 723 3930
9901 5 2 0 24 8880 2778 723 3930 8881 2779 724 3931
9902 5 2 0 24 8881 2779 724 3931 8882 2780 725 3932
9903 5 2 0 24 8882 2780 725 3932 8883 2781 726 3933
9904 5 2 0 24 8883 2781 726 3933 1569 450 46 238
9905 5 2 0 25 26 154 1281 380 682 3781 8884 2755
9906 5 2 0 25 682 3781 8884 2755 683 3782 8885 2756
9907 5 2 0 25 683 3782 8885 2756 684 3783 8886 2757
9908 5 2 0 25 684 3783 8886 2757 685 3784 8887 2758
9909 5 2 0 25 685 3784 8887 2758 686 3785 8888 2759
9910 5 2 0 25 686 3785 8888 2759 687 3786 8889 2760
9911 5 2 0 25 687 3786 8889 2760 688 3787 8890 2761
9912 5 2 0 25 688 3787 8890 2761 689 3788 8891 2762
9913 5 2 0 25 689 3788 8891 2762 690 3789 8892 2763
9914 5 2 0 25 690 3789 8892 2763 42 222 1570 448
9915 5 2 0 25 380 1281 1282 381 2755 8884 8893 2764
9916 5 2 0 25 2755 8884 8893 2764 2756 8885 8894 2765
9917 5 2 0 25 2756 8885 8894 2765 2757 8886 8895 2766
9918 5 2 0 25 2757 8886 8895 2766 2758 8887 8896 2767
9919 5 2 0 25 2758 8887 8896 2767 2759 8888 8897 2768
9920 5 2 0 25 2759 8888 8897 2768 2760 8889 8898 2769
9921 5 2 0 25 2760 8889 8898 2769 2761 8890 8899 2770
9922 5 2 0 25 2761 8890 8899 2770 2762 8891 8900 2771
9923 5 2 0 25 2762 8891 8900 2771 2763 8892 8901 2772
9924 5 2 0 25 2763 8892 8901 2772 448 1570 1571 449
9925 5 2 0 25 381 1282 1283 382 2764 8893 8902 2773
9926 5 2 0 25 2764 8893 8902 2773 2765 8894 8903 2774
9927 5 2 0 25 2765 8894 8903 2774 2766 8895 8904 2775
9928 5 2 0 25 2766 8895 8904 2775 2767 8896 8905 2776
9929 5 2 0 25 2767 8896 8905 2776 2768 8897 8906 2777
9930 5 2 0 25 2768 8897 8906 2777 2769 8898 8907 2778
9931 5 2 0 25 2769 8898 8907 2778 2770 8899 8908 2779
9932 5 2 0 25 2770 8899 8908 2779 2771 8900 8909 2780
9933 5 2 0 25 2771 8900 8909 2780 2772 8901 8910 2781
9934 5 2 0 25 2772 8901 8910 2781 449 1571 1572 450
9935 5 2 0 25 382 1283 171 30 2773 8902 3934 718
9936 5 2 0 25 2773 8902 3934 718 2774 8903 3935 719
9937 5 2 0 25 2774 8903 3935 719 2775 8904 3936 720
9938 5 2 0 25 2775 8904 3936 720 2776 8905 3937 721
9939 5 2 0 25 2776 8905 3937 721 2777 8906 3938 722
9940 5 2 0 25 2777 8906 3938 722 2778 8907 3939 723
9941 5 2 0 25 2778 8907 3939 723 2779 8908 3940 724
9942 5 2 0 25 2779 8908 3940 724 2780 8909 3941 725
9943 5 2 0 25 2780 8909 3941 725 2781 8910 3942 726
9944 5 2 0 25 2781 8910 3942 726 450 1572 239 46
9945 5 2 0 25 154 155 1284 1281 3781 3790 8911 8884
9946 5 2 0 25 3781 3790 8911 8884 3782 3791 8912 8885
9947 5 2 0 25 3782 3791 8912 8885 3783 3792 8913 8886
9948 5 2 0 25 3783 3792 8913 8886 3784 3793 8914 8887
9949 5 2 0 25 3784 3793 8914 8887 3785 3794 8915 8888
9950 5 2 0 25 3785 3794 8915 8888 3786 3795 8916 8889
9951 5 2 0 25 3786 3795 8916 8889 3787 3796 8917 8890
9952 5 2 0 25 3787 3796 8917 8890 3788 3797 8918 8891
9953 5 2 0 25 3788 3797 8918 8891 3789 3798 8919 8892
9954 5 2 0 25 3789 3798 8919 8892 222 223 1573 1570
9955 5 2 0 25 1281 1284 1285 1282 8884 8911 8920 8893
9956 5 2 0 25 8884 8911 8920 8893 8885 8912 8921 8894
9957 5 2 0 25 8885 8912 8921 8894 8886 8913 8922 8895
9958 5 2 0 25 8886 8913 8922 8895 8887 8914 8923 8896
9959 5 2 0 25 8887 8914 8923 8896 8888 8915 8924 8897
9960 5 2 0 25 8888 8915 8924 8897 8889 8916 8925 8898
9961 5 2 0 25 8889 8916 8925 8898 8890 8917 8926 8899
9962 5 2 0 25 8890 8917 8926 8899 8891 8918 8927 8900
9963 5 2 0 25 8891 8918 8927 8900 8892 8919 8928 8901
9964 5 2 0 25 8892 8919 8928 8901 1570 1573 1574 1571
9965 5 2 0 25 1282 1285 1286 1283 8893 8920 8929 8902
9966 5 2 0 25 8893 8920 8929 8902 8894 8921 8930 8903
9967 5 2 0 25 8894 8921 8930 8903 8895 8922 8931 8904
9968 5 2 0 25 8895 8922 8931 8904 8896 8923 8932 8905
9969 5 2 0 25 8896 8923 8932 8905 8897 8924 8933 8906
9970 5 2 0 25 8897 8924 8933 8906 8898 8925 8934 8907
9971 5 2 0 25 8898 8925 8934 8907 8899 8926 8935 8908
9972 5 2 0 25 8899 8926 8935 8908 8900 8927 8936 8909
9973 5 2 0 25 8900 8927 8936 8909 8901 8928 8937 8910
9974 5 2 0 25 8901 8928 8937 8910 1571 1574 1575 1572
9975 5 2 0 25 1283 1286 172 171 8902 8929 3943 3934
9976 5 2 0 25 8902 8929 3943 3934 8903 8930 3944 3935
9977 5 2 0 25 8903 8930 3944 3935 8904 8931 3945 3936
9978 5 2 0 25 8904 8931 3945 3936 8905 8932 3946 3937
9979 5 2 0 25 8905 8932 3946 3937 8906 8933 3947 3938
9980 5 2 0 25 8906 8933 3947 3938 8907 8934 3948 3939
9981 5 2 0 25 8907 8934 3948 3939 8908 8935 3949 3940
9982 5 2 0 25 8908 8935 3949 3940 8909 8936 3950 3941
9983 5 2 0 25 8909 8936 3950 3941 8910 8937 3951 3942
9984 5 2 0 25 8910 8937 3951 3942 1572 1575 240 239
9985 5 2 0 25 155 156 1287 1284 3790 3799 8938 8911
9986 5 2 0 25 3790 3799 8938 8911 3791 3800 8939 8912
9987 5 2 0 25 3791 3800 8939 8912 3792 3801 8940 8913
9988 5 2 0 25 3792 3801 8940 8913 3793 3802 8941 8914
9989 5 2 0 25 3793 3802 8941 8914 3794 3803 8942 8915
9990 5 2 0 25 3794 3803 8942 8915 3795 3804 8943 8916
9991 5 2 0 25 3795 3804 8943 8916 3796 3805 8944 8917
9992 5 2 0 25 3796 3805 8944 8917 3797 3806 8945 8918
9993 5 2 0 25 3797 3806 8945 8918 3798 3807 8946 8919
9994 5 2 0 25 3798 3807 8946 8919 223 224 1576 1573
9995 5 2 0 25 1284 1287 1288 1285 8911 8938 8947 8920
9996 5 2 0 25 8911 8938 8947 8920 8912 8939 8948 8921
9997 5 2 0 25 8912 8939 8948 8921 8913 8940 8949 8922
9998 5 2 0 25 8913 8940 8949 8922 8914 8941 8950 8923
9999 5 2 0 25 8914 8941 8950 8923 8915 8942 8951 8924
10000 5 2 0 25 8915 8942 8951 8924 8916 8943 8952 8925
10001 5 2 0 25 8916 8943 8952 8925 8917 8944 8953 8926
10002 5 2 0 25 8917 8944 8953 8926 8918 8945 8954 8927
10003 5 2 0 25 8918 8945 8954 8927 8919 8946 8955 8928
10004 5 2 0 25 8919 8946 8955 8928 1573 1576 1577 1574
10005 5 2 0 25 1285 1288 1289 1286 8920 8947 8956 8929
10006 5 2 0 25 8920 8947 8956 8929 8921 8948 8957 8930
10007 5 2 0 25 8921 8948 8957 8930 8922 8949 8958 8931
10008 5 2 0 25 8922 8949 8958 8931 8923 8950 8959 8932
10009 5 2 0 25 8923 8950 8959 8932 8924 8951 8960 8933
10010 5 2 0 25 8924 8951 8960 8933 8925 8952 8961 8934
10011 5 2 0 25 8925 8952 8961 8934 8926 8953 8962 8935
10012 5 2 0 25 8926 8953 8962 8935 8927 8954 8963 8936
10013 5 2 0 25 8927 8954 8963 8936 8928 8955 8964 8937
10014 5 2 0 25 8928 8955 8964 8937 1574 1577 1578 1575
10015 5 2 0 25 1286 1289 173 172 8929 8956 3952 3943
10016 5 2 0 25 8929 8956 3952 3943 8930 8957 3953 3944
10017 5 2 0 25 8930 8957 3953 3944 8931 8958 3954 3945
10018 5 2 0 25 8931 8958 3954 3945 8932 8959 3955 3946
10019 5 2 0 25 8932 8959 3955 3946 8933 8960 3956 3947
10020 5 2 0 25 8933 8960 3956 3947 8934 8961 3957 3948
10021 5 2 0 25 8934 8961 3957 3948 8935 8962 3958 3949
10022 5 2 0 25 8935 8962 3958 3949 8936 8963 3959 3950
10023 5 2 0 25 8936 8963 3959 3950 8937 8964 3960 3951
10024 5 2 0 25 8937 8964 3960 3951 1575 1578 241 240
10025 5 2 0 25 156 157 1290 1287 3799 3808 8965 8938
10026 5 2 0 25 3799 3808 8965 8938 3800 3809 8966 8939
10027 5 2 0 25 3800 3809 8966 8939 3801 3810 8967 8940
10028 5 2 0 25 3801 3810 8967 8940 3802 3811 8968 8941
10029 5 2 0 25 3802 3811 8968 8941 3803 3812 8969 8942
10030 5 2 0 25 3803 3812 8969 8942 3804 3813 8970 8943
10031 5 2 0 25 3804 3813 8970 8943 3805 3814 8971 8944
10032 5 2 0 25 3805 3814 8971 8944 3806 3815 8972 8945
10033 5 2 0 25 3806 3815 8972 8945 3807 3816 8973 8946
10034 5 2 0 25 3807 3816 8973 8946 224 225 1579 1576
10035 5 2 0 25 1287 1290 1291 1288 8938 8965 8974 8947
10036 5 2 0 25 8938 8965 8974 8947 8939 8966 8975 8948
10037 5 2 0 25 8939 8966 8975 8948 8940 8967 8976 8949
10038 5 2 0 25 8940 8967 8976 8949 8941 8968 8977 8950
10039 5 2 0 25 8941 8968 8977 8950 8942 8969 8978 8951
10040 5 2 0 25 8942 8969 8978 8951 8943 8970 8979 8952
10041 5 2 0 25 8943 8970 8979 8952 8944 8971 8980 8953
10042 5 2 0 25 8944 8971 8980 8953 8945 8972 8981 8954
10043 5 2 0 25 8945 8972 8981 8954 8946 8973 8982 8955
10044 5 2 0 25 8946 8973 8982 8955 1576 1579 1580 1577
10045 5 2 0 25 1288 1291 1292 1289 8947 8974 8983 8956
10046 5 2 0 25 8947 8974 8983 8956 8948 8975 8984 8957
10047 5 2 0 25 8948 8975 8984 8957 8949 8976 8985 8958
10048 5 2 0 25 8949 8976 8985 8958 8950 8977 8986 8959
10049 5 2 0 25 8950 8977 8986 8959 8951 8978 8987 8960
10050 5 2 0 25 8951 8978 8987 8960 8952 8979 8988 8961
10051 5 2 0 25 8952 8979 8988 8961 8953 8980 8989 8962
10052 5 2 0 25 8953 8980 8989 8962 8954 8981 8990 8963
10053 5 2 0 25 8954 8981 8990 8963 8955 8982 8991 8964
10054 5 2 0 25 8955 8982 8991 8964 1577 1580 1581 1578
10055 5 2 0 25 1289 1292 174 173 8956 8983 3961 3952
10056 5 2 0 25 8956 8983 3961 3952 8957 8984 3962 3953
10057 5 2 0 25 8957 8984 3962 3953 8958 8985 3963 3954
10058 5 2 0 25 8958 8985 3963 3954 8959 8986 3964 3955
10059 5 2 0 25 8959 8986 3964 3955 8960 8987 3965 3956
10060 5 2 0 25 8960 8987 3965 3956 8961 8988 3966 3957
10061 5 2 0 25 8961 8988 3966 3957 8962 8989 3967 3958
10062 5 2 0 25 8962 8989 3967 3958 8963 8990 3968 3959
10063 5 2 0 25 8963 8990 3968 3959 8964 8991 3969 3960
10064 5 2 0 25 8964 8991 3969 3960 1578 1581 242 241
10065 5 2 0 25 157 158 1293 1290 3808 3817 8992 8965
10066 5 2 0 25 3808 3817 8992 8965 3809 3818 8993 8966
10067 5 2 0 25 3809 3818 8993 8966 3810 3819 8994 8967
10068 5 2 0 25 3810 3819 8994 8967 3811 3820 8995 8968
10069 5 2 0 25 3811 3820 8995 8968 3812 3821 8996 8969
10070 5 2 0 25 3812 3821 8996 8969 3813 3822 8997 8970
10071 5 2 0 25 3813 3822 8997 8970 3814 3823 8998 8971
10072 5 2 0 25 3814 3823 8998 8971 3815 3824 8999 8972
10073 5 2 0 25 3815 3824 8999 8972 3816 3825 9000 8973
10074 5 2 0 25 3816 3825 9000 8973 225 226 1582 1579
10075 5 2 0 25 1290 1293 1294 1291 8965 8992 9001 8974
10076 5 2 0 25 8965 8992 9001 8974 8966 8993 9002 8975
10077 5 2 0 25 8966 8993 9002 8975 8967 8994 9003 8976
10078 5 2 0 25 8967 8994 9003 8976 8968 8995 9004 8977
10079 5 2 0 25 8968 8995 9004 8977 8969 8996 9005 8978
10080 5 2 0 25 8969 8996 9005 8978 8970 8997 9006 8979
10081 5 2 0 25 8970 8997 9006 8979 8971 8998 9007 8980
10082 5 2 0 25 8971 8998 9007 8980 8972 8999 9008 8981
10083 5 2 0 25 8972 8999 9008 8981 8973 9000 9009 8982
10084 5 2 0 25 8973 9000 9009 8982 1579 1582 1583 1580
10085 5 2 0 25 1291 1294 1295 1292 8974 9001 9010 8983
10086 5 2 0 25 8974 9001 9010 8983 8975 9002 9011 8984
10087 5 2 0 25 8975 9002 9011 8984 8976 9003 9012 8985
10088 5 2 0 25 8976 9003 9012 8985 8977 9004 9013 8986
10089 5 2 0 25 8977 9004 9013 8986 8978 9005 9014 8987
10090 5 2 0 25 8978 9005 9014 8987 8979 9006 9015 8988
10091 5 2 0 25 8979 9006 9015 8988 8980 9007 9016 8989
10092 5 2 0 25 8980 9007 9016 8989 8981 9008 9017 8990
10093 5 2 0 25 8981 9008 9017 8990 8982 9009 9018 8991
10094 5 2 0 25 8982 9009 9018 8991 1580 1583 1584 1581
10095 5 2 0 25 1292 1295 175 174 8983 9010 3970 3961
10096 5 2 0 25 8983 9010 3970 3961 8984 9011 3971 3962
10097 5 2 0 25 8984 9011 3971 3962 8985 9012 3972 3963
10098 5 2 0 25 8985 9012 3972 3963 8986 9013 3973 3964
10099 5 2 0 25 8986 9013 3973 3964 8987 9014 3974 3965
10100 5 2 0 25 8987 9014 3974 3965 8988 9015 3975 3966
10101 5 2 0 25 8988 9015 3975 3966 8989 9016 3976 3967
10102 5 2 0 25 8989 9016 3976 3967 8990 9017 3977 3968
10103 5 2 0 25 8990 9017 3977 3968 8991 9018 3978 3969
10104 5 2 0 25 8991 9018 3978 3969 1581 1584 243 242
10105 5 2 0 25 158 159 1296 1293 3817 3826 9019 8992
10106 5 2 0 25 3817 3826 9019 8992 3818 3827 9020 8993
10107 5 2 0 25 3818 3827 9020 8993 3819 3828 9021 8994
10108 5 2 0 25 3819 3828 9021 8994 3820 3829 9022 8995
10109 5 2 0 25 3820 3829 9022 8995 3821 3830 9023 8996
10110 5 2 0 25 3821 3830 9023 8996 3822 3831 9024 8997
10111 5 2 0 25 3822 3831 9024 8997 3823 3832 9025 8998
10112 5 2 0 25 3823 3832 9025 8998 3824 3833 9026 8999
10113 5 2 0 25 3824 3833 9026 8999 3825 3834 9027 9000
10114 5 2 0 25 3825 3834 9027 9000 226 227 1585 1582
10115 5 2 0 25 1293 1296 1297 1294 8992 9019 9028 9001
10116 5 2 0 25 8992 9019 9028 9001 8993 9020 9029 9002
10117 5 2 0 25 8993 9020 9029 9002 8994 9021 9030 9003
10118 5 2 0 25 8994 9021 9030 9003 8995 9022 9031 9004
10119 5 2 0 25 8995 9022 9031 9004 8996 9023 9032 9005
10120 5 2 0 25 8996 9023 9032 9005 8997 9024 9033 9006
10121 5 2 0 25 8997 9024 9033 9006 8998 9025 9034 9007
10122 5 2 0 25 8998 9025 9034 9007 8999 9026 9035 9008
10123 5 2 0 25 8999 9026 9035 9008 9000 9027 9036 9009
10124 5 2 0 25 9000 9027 9036 9009 1582 1585 1586 1583
10125 5 2 0 25 1294 1297 1298 1295 9001 9028 9037 9010
10126 5 2 0 25 9001 9028 9037 9010 9002 9029 9038 9011
10127 5 2 0 25 9002 9029 9038 9011 9003 9030 9039 9012
10128 5 2 0 25 9003 9030 9039 9012 9004 9031 9040 9013
10129 5 2 0 25 9004 9031 9040 9013 9005 9032 9041 9014
10130 5 2 0 25 9005 9032 9041 9014 9006 9033 9042 9015
10131 5 2 0 25 9006 9033 9042 9015 9007 9034 9043 9016
10132 5 2 0 25 9007 9034 9043 9016 9008 9035 9044 9017
10133 5 2 0 25 9008 9035 9044 9017 9009 9036 9045 9018
10134 5 2 0 25 9009 9036 9045 9018 1583 1586 1587 1584
10135 5 2 0 25 1295 1298 176 175 9010 9037 3979 3970
10136 5 2 0 25 9010 9037 3979 3970 9011 9038 3980 3971
10137 5 2 0 25 9011 9038 3980 3971 9012 9039 3981 3972
10138 5 2 0 25 9012 9039 3981 3972 9013 9040 3982 3973
10139 5 2 0 25 9013 9040 3982 3973 9014 9041 3983 3974
10140 5 2 0 25 9014 9041 3983 3974 9015 9042 3984 3975
10141 5 2 0 25 9015 9042 3984 3975 9016 9043 3985 3976
10142 5 2 0 25 9016 9043 3985 3976 9017 9044 3986 3977
10143 5 2 0 25 9017 9044 3986 3977 9018 9045 3987 3978
10144 5 2 0 25 9018 9045 3987 3978 1584 1587 244 243
10145 5 2 0 25 159 160 1299 1296 3826 3835 9046 9019
10146 5 2 0 25 3826 3835 9046 9019 3827 3836 9047 9020
10147 5 2 0 25 3827 3836 9047 9020 3828 3837 9048 9021
10148 5 2 0 25 3828 3837 9048 9021 3829 3838 9049 9022
10149 5 2 0 25 3829 3838 9049 9022 3830 3839 9050 9023
10150 5 2 0 25 3830 3839 9050 9023 3831 3840 9051 9024
10151 5 2 0 25 3831 3840 9051 9024 3832 3841 9052 9025
10152 5 2 0 25 3832 3841 9052 9025 3833 3842 9053 9026
10153 5 2 0 25 3833 3842 9053 9026 3834 3843 9054 9027
10154 5 2 0 25 3834 3843 9054 9027 227 228 1588 1585
10155 5 2 0 25 1296 1299 1300 1297 9019 9046 9055 9028
10156 5 2 0 25 9019 9046 9055 9028 9020 9047 9056 9029
10157 5 2 0 25 9020 9047 9056 9029 9021 9048 9057 9030
10158 5 2 0 25 9021 9048 9057 9030 9022 9049 9058 9031
10159 5 2 0 25 9022 9049 9058 9031 9023 9050 9059 9032
10160 5 2 0 25 9023 9050 9059 9032 9024 9051 9060 9033
10161 5 2 0 25 9024 9051 9060 9033 9025 9052 9061 9034
10162 5 2 0 25 9025 9052 9061 9034 9026 9053 9062 9035
10163 5 2 0 25 9026 9053 9062 9035 9027 9054 9063 9036
10164 5 2 0 25 9027 9054 9063 9036 1585 1588 1589 1586
10165 5 2 0 25 1297 1300 1301 1298 9028 9055 9064 9037
10166 5 2 0 25 9028 9055 9064 9037 9029 9056 9065 9038
10167 5 2 0 25 9029 9056 9065 9038 9030 9057 9066 9039
10168 5 2 0 25 9030 9057 9066 9039 9031 9058 9067 9040
10169 5 2 0 25 9031 9058 9067 9040 9032 9059 9068 9041
10170 5 2 0 25 9032 9059 9068 9041 9033 9060 9069 9042
10171 5 2 0 25 9033 9060 9069 9042 9034 9061 9070 9043
10172 5 2 0 25 9034 9061 9070 9043 9035 9062 9071 9044
10173 5 2 0 25 9035 9062 9071 9044 9036 9063 9072 9045
10174 5 2 0 25 9036 9063 9072 9045 1586 1589 1590 1587
10175 5 2 0 25 1298 1301 177 176 9037 9064 3988 3979
10176 5 2 0 25 9037 9064 3988 3979 9038 9065 3989 3980
10177 5 2 0 25 9038 9065 3989 3980 9039 9066 3990 3981
10178 5 2 0 25 9039 9066 3990 3981 9040 9067 3991 3982
10179 5 2 0 25 9040 9067 3991 3982 9041 9068 3992 3983
10180 5 2 0 25 9041 9068 3992 3983 9042 9069 3993 3984
10181 5 2 0 25 9042 9069 3993 3984 9043 9070 3994 3985
10182 5 2 0 25 9043 9070 3994 3985 9044 9071 3995 3986
10183 5 2 0 25 9044 9071 3995 3986 9045 9072 3996 3987
10184 5 2 0 25 9045 9072 3996 3987 1587 1590 245 244
10185 5 2 0 25 160 161 1302 1299 3835 3844 9073 9046
10186 5 2 0 25 3835 3844 9073 9046 3836 3845 9074 9047
10187 5 2 0 25 3836 3845 9074 9047 3837 3846 9075 9048
10188 5 2 0 25 3837 3846 9075 9048 3838 3847 9076 9049
10189 5 2 0 25 3838 3847 9076 9049 3839 3848 9077 9050
10190 5 2 0 25 3839 3848 9077 9050 3840 3849 9078 9051
10191 5 2 0 25 3840 3849 9078 9051 3841 3850 9079 9052
10192 5 2 0 25 3841 3850 9079 9052 3842 3851 9080 9053
10193 5 2 0 25 3842 3851 9080 9053 3843 3852 9081 9054
10194 5 2 0 25 3843 3852 9081 9054 228 229 1591 1588
10195 5 2 0 25 1299 1302 1303 1300 9046 9073 9082 9055
10196 5 2 0 25 9046 9073 9082 9055 9047 9074 9083 9056
10197 5 2 0 25 9047 9074 9083 9056 9048 9075 9084 9057
10198 5 2 0 25 9048 9075 9084 9057 9049 9076 9085 9058
10199 5 2 0 25 9049 9076 9085 9058 9050 9077 9086 9059
10200 5 2 0 25 9050 9077 9086 9059 9051 9078 9087 9060
10201 5 2 0 25 9051 9078 9087 9060 9052 9079 9088 9061
10202 5 2 0 25 9052 9079 9088 9061 9053 9080 9089 9062
10203 5 2 0 25 9053 9080 9089 9062 9054 9081 9090 9063
10204 5 2 0 25 9054 9081 9090 9063 1588 1591 1592 1589
10205 5 2 0 25 1300 1303 1304 1301 9055 9082 9091 9064
10206 5 2 0 25 9055 9082 9091 9064 9056 9083 9092 9065
10207 5 2 0 25 9056 9083 9092 9065 9057 9084 9093 9066
10208 5 2 0 25 9057 9084 9093 9066 9058 9085 9094 9067
10209 5 2 0 25 9058 9085 9094 9067 9059 9086 9095 9068
10210 5 2 0 25 9059 9086 9095 9068 9060 9087 9096 9069
10211 5 2 0 25 9060 9087 9096 9069 9061 9088 9097 9070
10212 5 2 0 25 9061 9088 9097 9070 9062 9089 9098 9071
10213 5 2 0 25 9062 9089 9098 9071 9063 9090 9099 9072
10214 5 2 0 25 9063 9090 9099 9072 1589 1592 1593 1590
10215 5 2 0 25 1301 1304 178 177 9064 9091 3997 3988
10216 5 2 0 25 9064 9091 3997 3988 9065 9092 3998 3989
10217 5 2 0 25 9065 9092 3998 3989 9066 9093 3999 3990
10218 5 2 0 25 9066 9093 3999 3990 9067 9094 4000 3991
10219 5 2 0 25 9067 9094 4000 3991 9068 9095 4001 3992
10220 5 2 0 25 9068 9095 4001 3992 9069 9096 4002 3993
10221 5 2 0 25 9069 9096 4002 3993 9070 9097 4003 3994
10222 5 2 0 25 9070 9097 4003 3994 9071 9098 4004 3995
10223 5 2 0 25 9071 9098 4004 3995 9072 9099 4005 3996
10224 5 2 0 25 9072 9099 4005 3996 1590 1593 246 245
10225 5 2 0 25 161 162 1305 1302 3844 3853 9100 9073
10226 5 2 0 25 3844 3853 9100 9073 3845 3854 9101 9074
10227 5 2 0 25 3845 3854 9101 9074 3846 3855 9102 9075
10228 5 2 0 25 3846 3855 9102 9075 3847 3856 9103 9076
10229 5 2 0 25 3847 3856 9103 9076 3848 3857 9104 9077
10230 5 2 0 25 3848 3857 9104 9077 3849 3858 9105 9078
10231 5 2 0 25 3849 3858 9105 9078 3850 3859 9106 9079
10232 5 2 0 25 3850 3859 9106 9079 3851 3860 9107 9080
10233 5 2 0 25 3851 3860 9107 9080 3852 3861 9108 9081
10234 5 2 0 25 3852 3861 9108 9081 229 230 1594 1591
10235 5 2 0 25 1302 1305 1306 1303 9073 9100 9109 9082
10236 5 2 0 25 9073 9100 9109 9082 9074 9101 9110 9083
10237 5 2 0 25 9074 9101 9110 9083 9075 9102 9111 9084
10238 5 2 0 25 9075 9102 9111 9084 9076 9103 9112 9085
10239 5 2 0 25 9076 9103 9112 9085 9077 9104 9113 9086
10240 5 2 0 25 9077 9104 9113 9086 9078 9105 9114 9087
10241 5 2 0 25 9078 9105 9114 9087 9079 9106 9115 9088
10242 5 2 0 25 9079 9106 9115 9088 9080 9107 9116 9089
10243 5 2 0 25 9080 9107 9116 9089 9081 9108 9117 9090
10244 5 2 0 25 9081 9108 9117 9090 1591 1594 1595 1592
10245 5 2 0 25 1303 1306 1307 1304 9082 9109 9118 9091
10246 5 2 0 25 9082 9109 9118 9091 9083 9110 9119 9092
10247 5 2 0 25 9083 9110 9119 9092 9084 9111 9120 9093
10248 5 2 0 25 9084 9111 9120 9093 9085 9112 9121 9094
10249 5 2 0 25 9085 9112 9121 9094 9086 9113 9122 9095
10250 5 2 0 25 9086 9113 9122 9095 9087 9114 9123 9096
10251 5 2 0 25 9087 9114 9123 9096 9088 9115 9124 9097
10252 5 2 0 25 9088 9115 9124 9097 9089 9116 9125 9098
10253 5 2 0 25 9089 9116 9125 9098 9090 9117 9126 9099
10254 5 2 0 25 9090 9117 9126 9099 1592 1595 1596 1593
10255 5 2 0 25 1304 1307 179 178 9091 9118 4006 3997
10256 5 2 0 25 9091 9118 4006 3997 9092 9119 4007 3998
10257 5 2 0 25 9092 9119 4007 3998 9093 9120 4008 3999
10258 5 2 0 25 9093 9120 4008 3999 9094 9121 4009 4000
10259 5 2 0 25 9094 9121 4009 4000 9095 9122 4010 4001
10260 5 2 0 25 9095 9122 4010 4001 9096 9123 4011 4002
10261 5 2 0 25 9096 9123 4011 4002 9097 9124 4012 4003
10262 5 2 0 25 9097 9124 4012 4003 9098 9125 4013 4004
10263 5 2 0 25 9098 9125 4013 4004 9099 9126 4014 4005
10264 5 2 0 25 9099 9126 4014 4005 1593 1596 247 246
10265 5 2 0 25 162 163 1308 1305 3853 3862 9127 9100
10266 5 2 0 25 3853 3862 9127 9100 3854 3863 9128 9101
10267 5 2 0 25 3854 3863 9128 9101 3855 3864 9129 9102
10268 5 2 0 25 3855 3864 9129 9102 3856 3865 9130 9103
10269 5 2 0 25 3856 3865 9130 9103 3857 3866 9131 9104
10270 5 2 0 25 3857 3866 9131 9104 3858 3867 9132 9105
10271 5 2 0 25 3858 3867 9132 9105 3859 3868 9133 9106
10272 5 2 0 25 3859 3868 9133 9106 3860 3869 9134 9107
10273 5 2 0 25 3860 3869 9134 9107 3861 3870 9135 9108
10274 5 2 0 25 3861 3870 9135 9108 230 231 1597 1594
10275 5 2 0 25 1305 1308 1309 1306 9100 9127 9136 9109
10276 5 2 0 25 9100 9127 9136 9109 9101 9128 9137 9110
10277 5 2 0 25 9101 9128 9137 9110 9102 9129 9138 9111
10278 5 2 0 25 9102 9129 9138 9111 9103 9130 9139 9112
10279 5 2 0 25 9103 9130 9139 9112 9104 9131 9140 9113
10280 5 2 0 25 9104 9131 9140 9113 9105 9132 9141 9114
10281 5 2 0 25 9105 9132 9141 9114 9106 9133 9142 9115
10282 5 2 0 25 9106 9133 9142 9115 9107 9134 9143 9116
10283 5 2 0 25 9107 9134 9143 9116 9108 9135 9144 9117
10284 5 2 0 25 9108 9135 9144 9117 1594 1597 1598 1595
10285 5 2 0 25 1306 1309 1310 1307 9109 9136 9145 9118
10286 5 2 0 25 9109 9136 9145 9118 9110 9137 9146 9119
10287 5 2 0 25 9110 9137 9146 9119 9111 9138 9147 9120
10288 5 2 0 25 9111 9138 9147 9120 9112 9139 9148 9121
10289 5 2 0 25 9112 9139 9148 9121 9113 9140 9149 9122
10290 5 2 0 25 9113 9140 9149 9122 9114 9141 9150 9123
10291 5 2 0 25 9114 9141 9150 9123 9115 9142 9151 9124
10292 5 2 0 25 9115 9142 9151 9124 9116 9143 9152 9125
10293 5 2 0 25 9116 9143 9152 9125 9117 9144 9153 9126
10294 5 2 0 25 9117 9144 9153 9126 1595 1598 1599 1596
10295 5 2 0 25 1307 1310 180 179 9118 9145 4015 4006
10296 5 2 0 25 9118 9145 4015 4006 9119 9146 4016 4007
10297 5 2 0 25 9119 9146 4016 4007 9120 9147 4017 4008
10298 5 2 0 25 9120 9147 4017 4008 9121 9148 4018 4009
10299 5 2 0 25 9121 9148 4018 4009 9122 9149 4019 4010
10300 5 2 0 25 9122 9149 4019 4010 9123 9150 4020 4011
10301 5 2 0 25 9123 9150 4020 4011 9124 9151 4021 4012
10302 5 2 0 25 9124 9151 4021 4012 9125 9152 4022 4013
10303 5 2 0 25 9125 9152 4022 4013 9126 9153 4023 4014
10304 5 2 0 25 9126 9153 4023 4014 1596 1599 248 247
10305 5 2 0 25 163 164 1311 1308 3862 3871 9154 9127
10306 5 2 0 25 3862 3871 9154 9127 3863 3872 9155 9128
10307 5 2 0 25 3863 3872 9155 9128 3864 3873 9156 9129
10308 5 2 0 25 3864 3873 9156 9129 3865 3874 9157 9130
10309 5 2 0 25 3865 3874 9157 9130 3866 3875 9158 9131
10310 5 2 0 25 3866 3875 9158 9131 3867 3876 9159 9132
10311 5 2 0 25 3867 3876 9159 9132 3868 3877 9160 9133
10312 5 2 0 25 3868 3877 9160 9133 3869 3878 9161 9134
10313 5 2 0 25 3869 3878 9161 9134 3870 3879 9162 9135
10314 5 2 0 25 3870 3879 9162 9135 231 232 1600 1597
10315 5 2 0 25 1308 1311 1312 1309 9127 9154 9163 9136
10316 5 2 0 25 9127 9154 9163 9136 9128 9155 9164 9137
10317 5 2 0 25 9128 9155 9164 9137 9129 9156 9165 9138
10318 5 2 0 25 9129 9156 9165 9138 9130 9157 9166 9139
10319 5 2 0 25 9130 9157 9166 9139 9131 9158 9167 9140
10320 5 2 0 25 9131 9158 9167 9140 9132 9159 9168 9141
10321 5 2 0 25 9132 9159 9168 9141 9133 9160 9169 9142
10322 5 2 0 25 9133 9160 9169 9142 9134 9161 9170 9143
10323 5 2 0 25 9134 9161 9170 9143 9135 9162 9171 9144
10324 5 2 0 25 9135 9162 9171 9144 1597 1600 1601 1598
10325 5 2 0 25 1309 1312 1313 1310 9136 9163 9172 9145
10326 5 2 0 25 9136 9163 9172 9145 9137 9164 9173 9146
10327 5 2 0 25 9137 9164 9173 9146 9138 9165 9174 9147
10328 5 2 0 25 9138 9165 9174 9147 9139 9166 9175 9148
10329 5 2 0 25 9139 9166 9175 9148 9140 9167 9176 9149
10330 5 2 0 25 9140 9167 9176 9149 9141 9168 9177 9150
10331 5 2 0 25 9141 9168 9177 9150 9142 9169 9178 9151
10332 5 2 0 25 9142 9169 9178 9151 9143 9170 9179 9152
10333 5 2 0 25 9143 9170 9179 9152 9144 9171 9180 9153
10334 5 2 0 25 9144 9171 9180 9153 1598 1601 1602 1599
10335 5 2 0 25 1310 1313 181 180 9145 9172 4024 4015
10336 5 2 0 25 9145 9172 4024 4015 9146 9173 4025 4016
10337 5 2 0 25 9146 9173 4025 4016 9147 9174 4026 4017
10338 5 2 0 25 9147 9174 4026 4017 9148 9175 4027 4018
10339 5 2 0 25 9148 9175 4027 4018 9149 9176 4028 4019
10340 5 2 0 25 9149 9176 4028 4019 9150 9177 4029 4020
10341 5 2 0 25 9150 9177 4029 4020 9151 9178 4030 4021
10342 5 2 0 25 9151 9178 4030 4021 9152 9179 4031 4022
10343 5 2 0 25 9152 9179 4031 4022 9153 9180 4032 4023
10344 5 2 0 25 9153 9180 4032 4023 1599 1602 249 248
10345 5 2 0 25 164 27 383 1311 3871 691 2782 9154
10346 5 2 0 25 3871 691 2782 9154 3872 692 2783 9155
10347 5 2 0 25 3872 692 2783 9155 3873 693 2784 9156
10348 5 2 0 25 3873 693 2784 9156 3874 694 2785 9157
10349 5 2 0 25 3874 694 2785 9157 3875 695 2786 9158
10350 5 2 0 25 3875 695 2786 9158 3876 696 2787 9159
10351 5 2 0 25 3876 696 2787 9159 3877 697 2788 9160
10352 5 2 0 25 3877 697 2788 9160 3878 698 2789 9161
10353 5 2 0 25 3878 698 2789 9161 3879 699 2790 9162
10354 5 2 0 25 3879 699 2790 9162 232 43 451 1600
10355 5 2 0 25 1311 383 384 1312 9154 2782 2791 9163
10356 5 2 0 25 9154 2782 2791 9163 9155 2783 2792 9164
10357 5 2 0 25 9155 2783 2792 9164 9156 2784 2793 9165
10358 5 2 0 25 9156 2784 2793 9165 9157 2785 2794 9166
10359 5 2 0 25 9157 2785 2794 9166 9158 2786 2795 9167
10360 5 2 0 25 9158 2786 2795 9167 9159 2787 2796 9168
10361 5 2 0 25 9159 2787 2796 9168 9160 2788 2797 9169
10362 5 2 0 25 9160 2788 2797 9169 9161 2789 2798 9170
10363 5 2 0 25 9161 2789 2798 9170 9162 2790 2799 9171
10364 5 2 0 25 9162 2790 2799 9171 1600 451 452 1601
10365 5 2 0 25 1312 384 385 1313 9163 2791 2800 9172
10366 5 2 0 25 9163 2791 2800 9172 9164 2792 2801 9173
10367 5 2 0 25 9164 2792 2801 9173 9165 2793 2802 9174
10368 5 2 0 25 9165 2793 2802 9174 9166 2794 2803 9175
10369 5 2 0 25 9166 2794 2803 9175 9167 2795 2804 9176
10370 5 2 0 25 9167 2795 2804 9176 9168 2796 2805 9177
10371 5 2 0 25 9168 2796 2805 9177 9169 2797 2806 9178
10372 5 2 0 25 9169 2797 2806 9178 9170 2798 2807 9179
10373 5 2 0 25 9170 2798 2807 9179 9171 2799 2808 9180
10374 5 2 0 25 9171 2799 2808 9180 1601 452 453 1602
10375 5 2 0 25 1313 385 31 181 9172 2800 727 4024
10376 5 2 0 25 9172 2800 727 4024 9173 2801 728 4025
10377 5 2 0 25 9173 2801 728 4025 9174 2802 729 4026
10378 5 2 0 25 9174 2802 729 4026 9175 2803 730 4027
10379 5 2 0 25 9175 2803 730 4027 9176 2804 731 4028
10380 5 2 0 25 9176 2804 731 4028 9177 2805 732 4029
10381 5 2 0 25 9177 2805 732 4029 9178 2806 733 4030
10382 5 2 0 25 9178 2806 733 4030 9179 2807 734 4031
10383 5 2 0 25 9179 2807 734 4031 9180 2808 735 4032
10384 5 2 0 25 9180 2808 735 4032 1602 453 47 249
10385 5 2 0 26 27 165 1314 383 691 3880 9181 2782
10386 5 2 0 26 691 3880 9181 2782 692 3881 9182 2783
10387 5 2 0 26 692 3881 9182 2783 693 3882 9183 2784
10388 5 2 0 26 693 3882 9183 2784 694 3883 9184 2785
10389 5 2 0 26 694 3883 9184 2785 695 3884 9185 2786
10390 5 2 0 26 695 3884 9185 2786 696 3885 9186 2787
10391 5 2 0 26 696 3885 9186 2787 697 3886 9187 2788
10392 5 2 0 26 697 3886 9187 2788 698 3887 9188 2789
10393 5 2 0 26 698 3887 9188 2789 699 3888 9189 2790
10394 5 2 0 26 699 3888 9189 2790 43 233 1603 451
10395 5 2 0 26 383 1314 1315 384 2782 9181 9190 2791
10396 5 2 0 26 2782 9181 9190 2791 2783 9182 9191 2792
10397 5 2 0 26 2783 9182 9191 2792 2784 9183 9192 2793
10398 5 2 0 26 2784 9183 9192 2793 2785 9184 9193 2794
10399 5 2 0 26 2785 9184 9193 2794 2786 9185 9194 2795
10400 5 2 0 26 2786 9185 9194 2795 2787 9186 9195 2796
10401 5 2 0 26 2787 9186 9195 2796 2788 9187 9196 2797
10402 5 2 0 26 2788 9187 9196 2797 2789 9188 9197 2798
10403 5 2 0 26 2789 9188 9197 2798 2790 9189 9198 2799
10404 5 2 0 26 2790 9189 9198 2799 451 1603 1604 452
10405 5 2 0 26 384 1315 1316 385 2791 9190 9199 2800
10406 5 2 0 26 2791 9190 9199 2800 2792 9191 9200 2801
10407 5 2 0 26 2792 9191 9200 2801 2793 9192 9201 2802
10408 5 2 0 26 2793 9192 9201 2802 2794 9193 9202 2803
10409 5 2 0 26 2794 9193 9202 2803 2795 9194 9203 2804
10410 5 2 0 26 2795 9194 9203 2804 2796 9195 9204 2805
10411 5 2 0 26 2796 9195 9204 2805 2797 9196 9205 2806
10412 5 2 0 26 2797 9196 9205 2806 2798 9197 9206 2807
10413 5 2 0 26 2798 9197 9206 2807 2799 9198 9207 2808
10414 5 2 0 26 2799 9198 9207 2808 452 1604 1605 453
10415 5 2 0 26 385 1316 182 31 2800 9199 4033 727
10416 5 2 0 26 2800 9199 4033 727 2801 9200 4034 728
10417 5 2 0 26 2801 9200 4034 728 2802 9201 4035 729
10418 5 2 0 26 2802 9201 4035 729 2803 9202 4036 730
10419 5 2 0 26 2803 9202 4036 730 2804 9203 4037 731
10420 5 2 0 26 2804 9203 4037 731 2805 9204 4038 732
10421 5 2 0 26 2805 9204 4038 732 2806 9205 4039 733
10422 5 2 0 26 2806 9205 4039 733 2807 9206 4040 734
10423 5 2 0 26 2807 9206 4040 734 2808 9207 4041 735
10424 5 2 0 26 2808 9207 4041 735 453 1605 250 47
10425 5 2 0 26 165 166 1317 1314 3880 3889 9208 9181
10426 5 2 0 26 3880 3889 9208 9181 3881 3890 9209 9182
10427 5 2 0 26 3881 3890 9209 9182 3882 3891 9210 9183
10428 5 2 0 26 3882 3891 9210 9183 3883 3892 9211 9184
10429 5 2 0 26 3883 3892 9211 9184 3884 3893 9212 9185
10430 5 2 0 26 3884 3893 9212 9185 3885 3894 9213 9186
10431 5 2 0 26 3885 3894 9213 9186 3886 3895 9214 9187
10432 5 2 0 26 3886 3895 9214 9187 3887 3896 9215 9188
10433 5 2 0 26 3887 3896 9215 9188 3888 3897 9216 9189
10434 5 2 0 26 3888 3897 9216 9189 233 234 1606 1603
10435 5 2 0 26 1314 1317 1318 1315 9181 9208 9217 9190
10436 5 2 0 26 9181 9208 9217 9190 9182 9209 9218 9191
10437 5 2 0 26 9182 9209 9218 9191 9183 9210 9219 9192
10438 5 2 0 26 9183 9210 9219 9192 9184 9211 9220 9193
10439 5 2 0 26 9184 9211 9220 9193 9185 9212 9221 9194
10440 5 2 0 26 9185 9212 9221 9194 9186 9213 9222 9195
10441 5 2 0 26 9186 9213 9222 9195 9187 9214 9223 9196
10442 5 2 0 26 9187 9214 9223 9196 9188 9215 9224 9197
10443 5 2 0 26 9188 9215 9224 9197 9189 9216 9225 9198
10444 5 2 0 26 9189 9216 9225 9198 1603 1606 1607 1604
10445 5 2 0 26 1315 1318 1319 1316 9190 9217 9226 9199
10446 5 2 0 26 9190 9217 9226 9199 9191 9218 9227 9200
10447 5 2 0 26 9191 9218 9227 9200 9192 9219 9228 9201
10448 5 2 0 26 9192 9219 9228 9201 9193 9220 9229 9202
10449 5 2 0 26 9193 9220 9229 9202 9194 9221 9230 9203
10450 5 2 0 26 9194 9221 9230 9203 9195 9222 9231 9204
10451 5 2 0 26 9195 9222 9231 9204 9196 9223 9232 9205
10452 5 2 0 26 9196 9223 9232 9205 9197 9224 9233 9206
10453 5 2 0 26 9197 9224 9233 9206 9198 9225 9234 9207
10454 5 2 0 26 9198 9225 9234 9207 1604 1607 1608 1605
10455 5 2 0 26 1316 1319 183 182 9199 9226 4042 4033
10456 5 2 0 26 9199 9226 4042 4033 9200 9227 4043 4034
10457 5 2 0 26 9200 9227 4043 4034 9201 9228 4044 4035
10458 5 2 0 26 9201 9228 4044 4035 9202 9229 4045 4036
10459 5 2 0 26 9202 9229 4045 4036 9203 9230 4046 4037
10460 5 2 0 26 9203 9230 4046 4037 9204 9231 4047 4038
10461 5 2 0 26 9204 9231 4047 4038 9205 9232 4048 4039
10462 5 2 0 26 9205 9232 4048 4039 9206 9233 4049 4040
10463 5 2 0 26 9206 9233 4049 4040 9207 9234 4050 4041
10464 5 2 0 26 9207 9234 4050 4041 1605 1608 251 250
10465 5 2 0 26 166 167 1320 1317 3889 3898 9235 9208
10466 5 2 0 26 3889 3898 9235 9208 3890 3899 9236 9209
10467 5 2 0 26 3890 3899 9236 9209 3891 3900 9237 9210
10468 5 2 0 26 3891 3900 9237 9210 3892 3901 9238 9211
10469 5 2 0 26 3892 3901 9238 9211 3893 3902 9239 9212
10470 5 2 0 26 3893 3902 9239 9212 3894 3903 9240 9213
10471 5 2 0 26 3894 3903 9240 9213 3895 3904 9241 9214
10472 5 2 0 26 3895 3904 9241 9214 3896 3905 9242 9215
10473 5 2 0 26 3896 3905 9242 9215 3897 3906 9243 9216
10474 5 2 0 26 3897 3906 9243 9216 234 235 1609 1606
10475 5 2 0 26 1317 1320 1321 1318 9208 9235 9244 9217
10476 5 2 0 26 9208 9235 9244 9217 9209 9236 9245 9218
10477 5 2 0 26 9209 9236 9245 9218 9210 9237 9246 9219
10478 5 2 0 26 9210 9237 9246 9219 9211 9238 9247 9220
10479 5 2 0 26 9211 9238 9247 9220 9212 9239 9248 9221
10480 5 2 0 26 9212 9239 9248 9221 9213 9240 9249 9222
10481 5 2 0 26 9213 9240 9249 9222 9214 9241 9250 9223
10482 5 2 0 26 9214 9241 9250 9223 9215 9242 9251 9224
10483 5 2 0 26 9215 9242 9251 9224 9216 9243 9252 9225
10484 5 2 0 26 9216 9243 9252 9225 1606 1609 1610 1607
10485 5 2 0 26 1318 1321 1322 1319 9217 9244 9253 9226
10486 5 2 0 26 9217 9244 9253 9226 9218 9245 9254 9227
10487 5 2 0 26 9218 9245 9254 9227 9219 9246 9255 9228
10488 5 2 0 26 9219 9246 9255 9228 9220 9247 9256 9229
10489 5 2 0 26 9220 9247 9256 9229 9221 9248 9257 9230
10490 5 2 0 26 9221 9248 9257 9230 9222 9249 9258 9231
10491 5 2 0 26 9222 9249 9258 9231 9223 9250 9259 9232
10492 5 2 0 26 9223 9250 9259 9232 9224 9251 9260 9233
10493 5 2 0 26 9224 9251 9260 9233 9225 9252 9261 9234
10494 5 2 0 26 9225 9252 9261 9234 1607 1610 1611 1608
10495 5 2 0 26 1319 1322 184 183 9226 9253 4051 4042
10496 5 2 0 26 9226 9253 4051 4042 9227 9254 4052 4043
10497 5 2 0 26 9227 9254 4052 4043 9228 9255 4053 4044
10498 5 2 0 26 9228 9255 4053 4044 9229 9256 4054 4045
10499 5 2 0 26 9229 9256 4054 4045 9230 9257 4055 4046
10500 5 2 0 26 9230 9257 4055 4046 9231 9258 4056 4047
10501 5 2 0 26 9231 9258 4056 4047 9232 9259 4057 4048
10502 5 2 0 26 9232 9259 4057 4048 9233 9260 4058 4049
10503 5 2 0 26 9233 9260 4058 4049 9234 9261 4059 4050
10504 5 2 0 26 9234 9261 4059 4050 1608 1611 252 251
10505 5 2 0 26 167 28 386 1320 3898 700 2809 9235
10506 5 2 0 26 3898 700 2809 9235 3899 701 2810 9236
10507 5 2 0 26 3899 701 2810 9236 3900 702 2811 9237
10508 5 2 0 26 3900 702 2811 9237 3901 703 2812 9238
10509 5 2 0 26 3901 703 2812 9238 3902 704 2813 9239
10510 5 2 0 26 3902 704 2813 9239 3903 705 2814 9240
10511 5 2 0 26 3903 705 2814 9240 3904 706 2815 9241
10512 5 2 0 26 3904 706 2815 9241 3905 707 2816 9242
10513 5 2 0 26 3905 707 2816 9242 3906 708 2817 9243
10514 5 2 0 26 3906 708 2817 9243 235 44 454 1609
10515 5 2 0 26 1320 386 387 1321 9235 2809 2818 9244
10516 5 2 0 26 9235 2809 2818 9244 9236 2810 2819 9245
10517 5 2 0 26 9236 2810 2819 9245 9237 2811 2820 9246
10518 5 2 0 26 9237 2811 2820 9246 9238 2812 2821 9247
10519 5 2 0 26 9238 2812 2821 9247 9239 2813 2822 9248
10520 5 2 0 26 9239 2813 2822 9248 9240 2814 2823 9249
10521 5 2 0 26 9240 2814 2823 9249 9241 2815 2824 9250
10522 5 2 0 26 9241 2815 2824 9250 9242 2816 2825 9251
10523 5 2 0 26 9242 2816 2825 9251 9243 2817 2826 9252
10524 5 2 0 26 9243 2817 2826 9252 1609 454 455 1610
10525 5 2 0 26 1321 387 388 1322 9244 2818 2827 9253
10526 5 2 0 26 9244 2818 2827 9253 9245 2819 2828 9254
10527 5 2 0 26 9245 2819 2828 9254 9246 2820 2829 9255
10528 5 2 0 26 9246 2820 2829 9255 9247 2821 2830 9256
10529 5 2 0 26 9247 2821 2830 9256 9248 2822 2831 9257
10530 5 2 0 26 9248 2822 2831 9257 9249 2823 2832 9258
10531 5 2 0 26 9249 2823 2832 9258 9250 2824 2833 9259
10532 5 2 0 26 9250 2824 2833 9259 9251 2825 2834 9260
10533 5 2 0 26 9251 2825 2834 9260 9252 2826 2835 9261
10534 5 2 0 26 9252 2826 2835 9261 1610 455 456 1611
10535 5 2 0 26 1322 388 32 184 9253 2827 736 4051
10536 5 2 0 26 9253 2827 736 4051 9254 2828 737 4052
10537 5 2 0 26 9254 2828 737 4052 9255 2829 738 4053
10538 5 2 0 26 9255 2829 738 4053 9256 2830 739 4054
10539 5 2 0 26 9256 2830 739 4054 9257 2831 740 4055
10540 5 2 0 26 9257 2831 740 4055 9258 2832 741 4056
10541 5 2 0 26 9258 2832 741 4056 9259 2833 742 4057
10542 5 2 0 26 9259 2833 742 4057 9260 2834 743 4058
10543 5 2 0 26 9260 2834 743 4058 9261 2835 744 4059
10544 5 2 0 26 9261 2835 744 4059 1611 456 48 252
$EndElements
