$MeshFormat
2.2 0 8
$EndMeshFormat
$Nodes
1936
1 0 0 0
2 1000 0 0
3 0 1000 0
4 1000 1000 0
5 0 0 3000
6 1000 0 3000
7 0 1000 3000
8 1000 1000 3000
9 99.99999999996535 0 0
10 199.9999999997947 0 0
11 299.9999999996783 0 0
12 399.9999999997153 0 0
13 499.9999999997633 0 0
14 599.9999999998549 0 0
15 699.9999999998913 0 0
16 799.9999999999275 0 0
17 899.9999999999636 0 0
18 99.99999999996535 1000 0
19 199.9999999997947 1000 0
20 299.9999999996783 1000 0
21 399.9999999997153 1000 0
22 499.9999999997633 1000 0
23 599.9999999998549 1000 0
24 699.9999999998913 1000 0
25 799.9999999999275 1000 0
26 899.9999999999636 1000 0
27 99.99999999996535 0 3000
28 199.9999999997947 0 3000
29 299.9999999996783 0 3000
30 399.9999999997153 0 3000
31 499.9999999997633 0 3000
32 599.9999999998549 0 3000
33 699.9999999998913 0 3000
34 799.9999999999275 0 3000
35 899.9999999999636 0 3000
36 99.99999999996535 1000 3000
37 199.9999999997947 1000 3000
38 299.9999999996783 1000 3000
39 399.9999999997153 1000 3000
40 499.9999999997633 1000 3000
41 599.9999999998549 1000 3000
42 699.9999999998913 1000 3000
43 799.9999999999275 1000 3000
44 899.9999999999636 1000 3000
45 0 66.66666666662167 0
46 0 133.3333333332928 0
47 0 199.9999999997947 0
48 0 266.6666666663327 0
49 0 333.333333333024 0
50 0 399.9999999997153 0
51 0 466.6666666664066 0
52 0 533.3333333331642 0
53 0 599.9999999998549 0
54 0 666.6666666665458 0
55 0 733.3333333332367 0
56 0 799.9999999999275 0
57 0 866.6666666666182 0
58 0 933.3333333333092 0
59 1000 66.66666666662167 0
60 1000 133.3333333332928 0
61 1000 199.9999999997947 0
62 1000 266.6666666663327 0
63 1000 333.333333333024 0
64 1000 399.9999999997153 0
65 1000 466.6666666664066 0
66 1000 533.3333333331642 0
67 1000 599.9999999998549 0
68 1000 666.6666666665458 0
69 1000 733.3333333332367 0
70 1000 799.9999999999275 0
71 1000 866.6666666666182 0
72 1000 933.3333333333092 0
73 0 66.66666666662167 3000
74 0 133.3333333332928 3000
75 0 199.9999999997947 3000
76 0 266.6666666663327 3000
77 0 333.333333333024 3000
78 0 399.9999999997153 3000
79 0 466.6666666664066 3000
80 0 533.3333333331642 3000
81 0 599.9999999998549 3000
82 0 666.6666666665458 3000
83 0 733.3333333332367 3000
84 0 799.9999999999275 3000
85 0 866.6666666666182 3000
86 0 933.3333333333092 3000
87 1000 66.66666666662167 3000
88 1000 133.3333333332928 3000
89 1000 199.9999999997947 3000
90 1000 266.6666666663327 3000
91 1000 333.333333333024 3000
92 1000 399.9999999997153 3000
93 1000 466.6666666664066 3000
94 1000 533.3333333331642 3000
95 1000 599.9999999998549 3000
96 1000 666.6666666665458 3000
97 1000 733.3333333332367 3000
98 1000 799.9999999999275 3000
99 1000 866.6666666666182 3000
100 1000 933.3333333333092 3000
101 0 0 299.9999999992783
102 0 0 599.9999999981948
103 0 0 899.9999999965823
104 0 0 1199.999999995654
105 0 0 1499.99999999518
106 0 0 1799.999999994703
107 0 0 2099.9999999946
108 0 0 2399.9999999964
109 0 0 2699.9999999982
110 1000 0 299.9999999992783
111 1000 0 599.9999999981948
112 1000 0 899.9999999965823
113 1000 0 1199.999999995654
114 1000 0 1499.99999999518
115 1000 0 1799.999999994703
116 1000 0 2099.9999999946
117 1000 0 2399.9999999964
118 1000 0 2699.9999999982
119 0 1000 299.9999999992783
120 0 1000 599.9999999981948
121 0 1000 899.9999999965823
122 0 1000 1199.999999995654
123 0 1000 1499.99999999518
124 0 1000 1799.999999994703
125 0 1000 2099.9999999946
126 0 1000 2399.9999999964
127 0 1000 2699.9999999982
128 1000 1000 299.9999999992783
129 1000 1000 599.9999999981948
130 1000 1000 899.9999999965823
131 1000 1000 1199.999999995654
132 1000 1000 1499.99999999518
133 1000 1000 1799.999999994703
134 1000 1000 2099.9999999946
135 1000 1000 2399.9999999964
136 1000 1000 2699.9999999982
137 99.99999999996535 66.66666666662167 0
138 99.99999999996537 133.3333333332928 0
139 99.99999999996535 199.9999999997947 0
140 99.99999999996535 266.6666666663327 0
141 99.99999999996535 333.333333333024 0
142 99.99999999996535 399.9999999997153 0
143 99.99999999996535 466.6666666664066 0
144 99.99999999996535 533.3333333331642 0
145 99.99999999996535 599.9999999998549 0
146 99.99999999996535 666.6666666665458 0
147 99.99999999996535 733.3333333332369 0
148 99.99999999996535 799.9999999999275 0
149 99.99999999996535 866.6666666666184 0
150 99.99999999996537 933.3333333333092 0
151 199.9999999997947 66.66666666662167 0
152 199.9999999997946 133.3333333332928 0
153 199.9999999997947 199.9999999997947 0
154 199.9999999997947 266.6666666663327 0
155 199.9999999997947 333.333333333024 0
156 199.9999999997947 399.9999999997153 0
157 199.9999999997947 466.6666666664065 0
158 199.9999999997947 533.3333333331642 0
159 199.9999999997947 599.9999999998548 0
160 199.9999999997947 666.6666666665458 0
161 199.9999999997947 733.3333333332367 0
162 199.9999999997946 799.9999999999275 0
163 199.9999999997947 866.6666666666182 0
164 199.9999999997947 933.3333333333092 0
165 299.9999999996783 66.66666666662167 0
166 299.9999999996783 133.3333333332928 0
167 299.9999999996784 199.9999999997946 0
168 299.9999999996783 266.6666666663327 0
169 299.9999999996783 333.333333333024 0
170 299.9999999996783 399.9999999997152 0
171 299.9999999996784 466.6666666664067 0
172 299.9999999996784 533.3333333331642 0
173 299.9999999996783 599.9999999998549 0
174 299.9999999996784 666.6666666665459 0
175 299.9999999996783 733.3333333332367 0
176 299.9999999996784 799.9999999999275 0
177 299.9999999996784 866.6666666666181 0
178 299.9999999996784 933.3333333333092 0
179 399.9999999997153 66.66666666662167 0
180 399.9999999997152 133.3333333332928 0
181 399.9999999997153 199.9999999997947 0
182 399.9999999997152 266.6666666663328 0
183 399.9999999997153 333.333333333024 0
184 399.9999999997153 399.9999999997153 0
185 399.9999999997153 466.6666666664065 0
186 399.9999999997153 533.3333333331641 0
187 399.9999999997153 599.9999999998549 0
188 399.9999999997153 666.6666666665458 0
189 399.9999999997153 733.3333333332369 0
190 399.9999999997153 799.9999999999275 0
191 399.9999999997153 866.6666666666182 0
192 399.9999999997153 933.3333333333092 0
193 499.9999999997633 66.66666666662167 0
194 499.9999999997633 133.3333333332928 0
195 499.9999999997633 199.9999999997947 0
196 499.9999999997634 266.6666666663327 0
197 499.9999999997635 333.333333333024 0
198 499.9999999997632 399.9999999997153 0
199 499.9999999997633 466.6666666664066 0
200 499.9999999997633 533.3333333331641 0
201 499.9999999997633 599.9999999998549 0
202 499.9999999997633 666.6666666665458 0
203 499.9999999997633 733.3333333332369 0
204 499.9999999997633 799.9999999999275 0
205 499.9999999997633 866.6666666666183 0
206 499.9999999997633 933.3333333333092 0
207 599.999999999855 66.66666666662167 0
208 599.9999999998549 133.3333333332928 0
209 599.9999999998548 199.9999999997947 0
210 599.9999999998552 266.6666666663328 0
211 599.9999999998549 333.333333333024 0
212 599.9999999998549 399.9999999997153 0
213 599.9999999998549 466.6666666664066 0
214 599.9999999998549 533.3333333331641 0
215 599.9999999998549 599.9999999998549 0
216 599.9999999998549 666.6666666665458 0
217 599.9999999998549 733.3333333332369 0
218 599.9999999998549 799.9999999999275 0
219 599.9999999998548 866.6666666666184 0
220 599.9999999998548 933.3333333333092 0
221 699.9999999998913 66.66666666662167 0
222 699.9999999998914 133.3333333332928 0
223 699.9999999998914 199.9999999997947 0
224 699.9999999998913 266.6666666663327 0
225 699.9999999998914 333.333333333024 0
226 699.9999999998913 399.9999999997154 0
227 699.9999999998913 466.6666666664066 0
228 699.9999999998913 533.3333333331641 0
229 699.9999999998913 599.9999999998549 0
230 699.9999999998913 666.6666666665458 0
231 699.9999999998913 733.333333333237 0
232 699.9999999998913 799.9999999999275 0
233 699.9999999998913 866.6666666666182 0
234 699.9999999998913 933.3333333333092 0
235 799.9999999999276 66.66666666662168 0
236 799.9999999999276 133.3333333332928 0
237 799.9999999999275 199.9999999997946 0
238 799.9999999999275 266.6666666663327 0
239 799.9999999999275 333.333333333024 0
240 799.9999999999275 399.9999999997153 0
241 799.9999999999275 466.6666666664066 0
242 799.9999999999275 533.3333333331642 0
243 799.9999999999275 599.9999999998549 0
244 799.9999999999275 666.6666666665458 0
245 799.9999999999275 733.3333333332371 0
246 799.9999999999275 799.9999999999275 0
247 799.9999999999276 866.6666666666181 0
248 799.9999999999276 933.3333333333092 0
249 899.9999999999635 66.66666666662167 0
250 899.9999999999636 133.3333333332929 0
251 899.9999999999635 199.9999999997947 0
252 899.9999999999636 266.6666666663327 0
253 899.9999999999636 333.3333333330239 0
254 899.9999999999636 399.9999999997153 0
255 899.9999999999636 466.6666666664066 0
256 899.9999999999636 533.3333333331642 0
257 899.9999999999637 599.9999999998549 0
258 899.9999999999636 666.6666666665459 0
259 899.9999999999636 733.3333333332371 0
260 899.9999999999636 799.9999999999275 0
261 899.9999999999636 866.6666666666182 0
262 899.9999999999637 933.3333333333093 0
263 99.99999999996535 66.66666666662167 3000
264 99.99999999996537 133.3333333332928 3000
265 99.99999999996535 199.9999999997947 3000
266 99.99999999996535 266.6666666663327 3000
267 99.99999999996535 333.333333333024 3000
268 99.99999999996535 399.9999999997153 3000
269 99.99999999996535 466.6666666664066 3000
270 99.99999999996535 533.3333333331642 3000
271 99.99999999996535 599.9999999998549 3000
272 99.99999999996535 666.6666666665458 3000
273 99.99999999996535 733.3333333332369 3000
274 99.99999999996535 799.9999999999275 3000
275 99.99999999996535 866.6666666666184 3000
276 99.99999999996537 933.3333333333092 3000
277 199.9999999997947 66.66666666662167 3000
278 199.9999999997946 133.3333333332928 3000
279 199.9999999997947 199.9999999997947 3000
280 199.9999999997947 266.6666666663327 3000
281 199.9999999997947 333.333333333024 3000
282 199.9999999997947 399.9999999997153 3000
283 199.9999999997947 466.6666666664065 3000
284 199.9999999997947 533.3333333331642 3000
285 199.9999999997947 599.9999999998548 3000
286 199.9999999997947 666.6666666665458 3000
287 199.9999999997947 733.3333333332367 3000
288 199.9999999997946 799.9999999999275 3000
289 199.9999999997947 866.6666666666182 3000
290 199.9999999997947 933.3333333333092 3000
291 299.9999999996783 66.66666666662167 3000
292 299.9999999996783 133.3333333332928 3000
293 299.9999999996784 199.9999999997946 3000
294 299.9999999996783 266.6666666663327 3000
295 299.9999999996783 333.333333333024 3000
296 299.9999999996783 399.9999999997152 3000
297 299.9999999996784 466.6666666664067 3000
298 299.9999999996784 533.3333333331642 3000
299 299.9999999996783 599.9999999998549 3000
300 299.9999999996784 666.6666666665459 3000
301 299.9999999996783 733.3333333332367 3000
302 299.9999999996784 799.9999999999275 3000
303 299.9999999996784 866.6666666666181 3000
304 299.9999999996784 933.3333333333092 3000
305 399.9999999997153 66.66666666662167 3000
306 399.9999999997152 133.3333333332928 3000
307 399.9999999997153 199.9999999997947 3000
308 399.9999999997152 266.6666666663328 3000
309 399.9999999997153 333.333333333024 3000
310 399.9999999997153 399.9999999997153 3000
311 399.9999999997153 466.6666666664065 3000
312 399.9999999997153 533.3333333331641 3000
313 399.9999999997153 599.9999999998549 3000
314 399.9999999997153 666.6666666665458 3000
315 399.9999999997153 733.3333333332369 3000
316 399.9999999997153 799.9999999999275 3000
317 399.9999999997153 866.6666666666182 3000
318 399.9999999997153 933.3333333333092 3000
319 499.9999999997633 66.66666666662167 3000
320 499.9999999997633 133.3333333332928 3000
321 499.9999999997633 199.9999999997947 3000
322 499.9999999997634 266.6666666663327 3000
323 499.9999999997635 333.333333333024 3000
324 499.9999999997632 399.9999999997153 3000
325 499.9999999997633 466.6666666664066 3000
326 499.9999999997633 533.3333333331641 3000
327 499.9999999997633 599.9999999998549 3000
328 499.9999999997633 666.6666666665458 3000
329 499.9999999997633 733.3333333332369 3000
330 499.9999999997633 799.9999999999275 3000
331 499.9999999997633 866.6666666666183 3000
332 499.9999999997633 933.3333333333092 3000
333 599.999999999855 66.66666666662167 3000
334 599.9999999998549 133.3333333332928 3000
335 599.9999999998548 199.9999999997947 3000
336 599.9999999998552 266.6666666663328 3000
337 599.9999999998549 333.333333333024 3000
338 599.9999999998549 399.9999999997153 3000
339 599.9999999998549 466.6666666664066 3000
340 599.9999999998549 533.3333333331641 3000
341 599.9999999998549 599.9999999998549 3000
342 599.9999999998549 666.6666666665458 3000
343 599.9999999998549 733.3333333332369 3000
344 599.9999999998549 799.9999999999275 3000
345 599.9999999998548 866.6666666666184 3000
346 599.9999999998548 933.3333333333092 3000
347 699.9999999998913 66.66666666662167 3000
348 699.9999999998914 133.3333333332928 3000
349 699.9999999998914 199.9999999997947 3000
350 699.9999999998913 266.6666666663327 3000
351 699.9999999998914 333.333333333024 3000
352 699.9999999998913 399.9999999997154 3000
353 699.9999999998913 466.6666666664066 3000
354 699.9999999998913 533.3333333331641 3000
355 699.9999999998913 599.9999999998549 3000
356 699.9999999998913 666.6666666665458 3000
357 699.9999999998913 733.333333333237 3000
358 699.9999999998913 799.9999999999275 3000
359 699.9999999998913 866.6666666666182 3000
360 699.9999999998913 933.3333333333092 3000
361 799.9999999999276 66.66666666662168 3000
362 799.9999999999276 133.3333333332928 3000
363 799.9999999999275 199.9999999997946 3000
364 799.9999999999275 266.6666666663327 3000
365 799.9999999999275 333.333333333024 3000
366 799.9999999999275 399.9999999997153 3000
367 799.9999999999275 466.6666666664066 3000
368 799.9999999999275 533.3333333331642 3000
369 799.9999999999275 599.9999999998549 3000
370 799.9999999999275 666.6666666665458 3000
371 799.9999999999275 733.3333333332371 3000
372 799.9999999999275 799.9999999999275 3000
373 799.9999999999276 866.6666666666181 3000
374 799.9999999999276 933.3333333333092 3000
375 899.9999999999635 66.66666666662167 3000
376 899.9999999999636 133.3333333332929 3000
377 899.9999999999635 199.9999999997947 3000
378 899.9999999999636 266.6666666663327 3000
379 899.9999999999636 333.3333333330239 3000
380 899.9999999999636 399.9999999997153 3000
381 899.9999999999636 466.6666666664066 3000
382 899.9999999999636 533.3333333331642 3000
383 899.9999999999637 599.9999999998549 3000
384 899.9999999999636 666.6666666665459 3000
385 899.9999999999636 733.3333333332371 3000
386 899.9999999999636 799.9999999999275 3000
387 899.9999999999636 866.6666666666182 3000
388 899.9999999999637 933.3333333333093 3000
389 0 66.66666666662168 299.9999999992783
390 0 66.66666666662167 599.9999999981948
391 0 66.66666666662167 899.9999999965822
392 0 66.66666666662168 1199.999999995655
393 0 66.66666666662167 1499.99999999518
394 0 66.66666666662167 1799.999999994703
395 0 66.66666666662167 2099.9999999946
396 0 66.66666666662168 2399.9999999964
397 0 66.66666666662167 2699.9999999982
398 0 133.3333333332928 299.9999999992783
399 0 133.3333333332928 599.9999999981949
400 0 133.3333333332928 899.9999999965825
401 0 133.3333333332928 1199.999999995654
402 0 133.3333333332928 1499.99999999518
403 0 133.3333333332928 1799.999999994702
404 0 133.3333333332928 2099.9999999946
405 0 133.3333333332928 2399.9999999964
406 0 133.3333333332928 2699.9999999982
407 0 199.9999999997947 299.9999999992783
408 0 199.9999999997947 599.9999999981949
409 0 199.9999999997947 899.9999999965823
410 0 199.9999999997946 1199.999999995654
411 0 199.9999999997947 1499.99999999518
412 0 199.9999999997947 1799.999999994703
413 0 199.9999999997947 2099.9999999946
414 0 199.9999999997947 2399.9999999964
415 0 199.9999999997947 2699.9999999982
416 0 266.6666666663327 299.9999999992783
417 0 266.6666666663327 599.9999999981948
418 0 266.6666666663327 899.9999999965822
419 0 266.6666666663328 1199.999999995654
420 0 266.6666666663327 1499.99999999518
421 0 266.6666666663327 1799.999999994703
422 0 266.6666666663327 2099.9999999946
423 0 266.6666666663327 2399.9999999964
424 0 266.6666666663327 2699.999999998201
425 0 333.333333333024 299.9999999992783
426 0 333.333333333024 599.9999999981948
427 0 333.3333333330241 899.9999999965823
428 0 333.333333333024 1199.999999995654
429 0 333.333333333024 1499.99999999518
430 0 333.333333333024 1799.999999994703
431 0 333.333333333024 2099.9999999946
432 0 333.3333333330241 2399.9999999964
433 0 333.333333333024 2699.9999999982
434 0 399.9999999997153 299.9999999992783
435 0 399.9999999997152 599.9999999981949
436 0 399.9999999997153 899.9999999965823
437 0 399.9999999997152 1199.999999995654
438 0 399.9999999997153 1499.99999999518
439 0 399.9999999997153 1799.999999994703
440 0 399.9999999997154 2099.9999999946
441 0 399.9999999997153 2399.9999999964
442 0 399.9999999997153 2699.9999999982
443 0 466.6666666664066 299.9999999992783
444 0 466.6666666664066 599.9999999981949
445 0 466.6666666664066 899.9999999965823
446 0 466.6666666664065 1199.999999995654
447 0 466.6666666664067 1499.99999999518
448 0 466.6666666664067 1799.999999994703
449 0 466.6666666664066 2099.9999999946
450 0 466.6666666664066 2399.9999999964
451 0 466.6666666664067 2699.9999999982
452 0 533.3333333331642 299.9999999992783
453 0 533.3333333331642 599.9999999981949
454 0 533.3333333331641 899.9999999965823
455 0 533.3333333331642 1199.999999995654
456 0 533.3333333331642 1499.99999999518
457 0 533.3333333331641 1799.999999994703
458 0 533.3333333331642 2099.9999999946
459 0 533.3333333331642 2399.9999999964
460 0 533.3333333331642 2699.9999999982
461 0 599.9999999998547 299.9999999992783
462 0 599.9999999998549 599.9999999981949
463 0 599.9999999998548 899.9999999965823
464 0 599.9999999998549 1199.999999995654
465 0 599.9999999998549 1499.99999999518
466 0 599.9999999998549 1799.999999994703
467 0 599.9999999998548 2099.9999999946
468 0 599.9999999998549 2399.9999999964
469 0 599.9999999998548 2699.9999999982
470 0 666.6666666665458 299.9999999992783
471 0 666.6666666665461 599.9999999981949
472 0 666.6666666665458 899.9999999965823
473 0 666.6666666665459 1199.999999995654
474 0 666.6666666665458 1499.99999999518
475 0 666.6666666665458 1799.999999994703
476 0 666.6666666665458 2099.9999999946
477 0 666.6666666665458 2399.9999999964
478 0 666.6666666665459 2699.9999999982
479 0 733.3333333332367 299.9999999992783
480 0 733.3333333332366 599.9999999981949
481 0 733.3333333332369 899.9999999965823
482 0 733.3333333332366 1199.999999995654
483 0 733.3333333332369 1499.999999995181
484 0 733.3333333332369 1799.999999994702
485 0 733.3333333332369 2099.9999999946
486 0 733.3333333332369 2399.9999999964
487 0 733.3333333332367 2699.9999999982
488 0 799.9999999999275 299.9999999992783
489 0 799.9999999999275 599.9999999981948
490 0 799.9999999999275 899.9999999965823
491 0 799.9999999999275 1199.999999995654
492 0 799.9999999999275 1499.99999999518
493 0 799.9999999999275 1799.999999994703
494 0 799.9999999999276 2099.9999999946
495 0 799.9999999999275 2399.9999999964
496 0 799.9999999999275 2699.9999999982
497 0 866.6666666666182 299.9999999992783
498 0 866.6666666666182 599.9999999981948
499 0 866.6666666666185 899.9999999965822
500 0 866.6666666666181 1199.999999995654
501 0 866.666666666618 1499.99999999518
502 0 866.6666666666183 1799.999999994703
503 0 866.6666666666185 2099.9999999946
504 0 866.6666666666183 2399.9999999964
505 0 866.6666666666182 2699.9999999982
506 0 933.3333333333092 299.9999999992784
507 0 933.3333333333092 599.9999999981949
508 0 933.3333333333092 899.9999999965823
509 0 933.3333333333092 1199.999999995654
510 0 933.3333333333092 1499.99999999518
511 0 933.3333333333092 1799.999999994703
512 0 933.3333333333092 2099.9999999946
513 0 933.3333333333092 2399.9999999964
514 0 933.333333333309 2699.9999999982
515 1000 66.66666666662168 299.9999999992783
516 1000 66.66666666662167 599.9999999981948
517 1000 66.66666666662167 899.9999999965822
518 1000 66.66666666662168 1199.999999995655
519 1000 66.66666666662167 1499.99999999518
520 1000 66.66666666662167 1799.999999994703
521 1000 66.66666666662167 2099.9999999946
522 1000 66.66666666662168 2399.9999999964
523 1000 66.66666666662167 2699.9999999982
524 1000 133.3333333332928 299.9999999992783
525 1000 133.3333333332928 599.9999999981949
526 1000 133.3333333332928 899.9999999965825
527 1000 133.3333333332928 1199.999999995654
528 1000 133.3333333332928 1499.99999999518
529 1000 133.3333333332928 1799.999999994702
530 1000 133.3333333332928 2099.9999999946
531 1000 133.3333333332928 2399.9999999964
532 1000 133.3333333332928 2699.9999999982
533 1000 199.9999999997947 299.9999999992783
534 1000 199.9999999997947 599.9999999981949
535 1000 199.9999999997947 899.9999999965823
536 1000 199.9999999997946 1199.999999995654
537 1000 199.9999999997947 1499.99999999518
538 1000 199.9999999997947 1799.999999994703
539 1000 199.9999999997947 2099.9999999946
540 1000 199.9999999997947 2399.9999999964
541 1000 199.9999999997947 2699.9999999982
542 1000 266.6666666663327 299.9999999992783
543 1000 266.6666666663327 599.9999999981948
544 1000 266.6666666663327 899.9999999965822
545 1000 266.6666666663328 1199.999999995654
546 1000 266.6666666663327 1499.99999999518
547 1000 266.6666666663327 1799.999999994703
548 1000 266.6666666663327 2099.9999999946
549 1000 266.6666666663327 2399.9999999964
550 1000 266.6666666663327 2699.999999998201
551 1000 333.333333333024 299.9999999992783
552 1000 333.333333333024 599.9999999981948
553 1000 333.3333333330241 899.9999999965823
554 1000 333.333333333024 1199.999999995654
555 1000 333.333333333024 1499.99999999518
556 1000 333.333333333024 1799.999999994703
557 1000 333.333333333024 2099.9999999946
558 1000 333.3333333330241 2399.9999999964
559 1000 333.333333333024 2699.9999999982
560 1000 399.9999999997153 299.9999999992783
561 1000 399.9999999997152 599.9999999981949
562 1000 399.9999999997153 899.9999999965823
563 1000 399.9999999997152 1199.999999995654
564 1000 399.9999999997153 1499.99999999518
565 1000 399.9999999997153 1799.999999994703
566 1000 399.9999999997154 2099.9999999946
567 1000 399.9999999997153 2399.9999999964
568 1000 399.9999999997153 2699.9999999982
569 1000 466.6666666664066 299.9999999992783
570 1000 466.6666666664066 599.9999999981949
571 1000 466.6666666664066 899.9999999965823
572 1000 466.6666666664065 1199.999999995654
573 1000 466.6666666664067 1499.99999999518
574 1000 466.6666666664067 1799.999999994703
575 1000 466.6666666664066 2099.9999999946
576 1000 466.6666666664066 2399.9999999964
577 1000 466.6666666664067 2699.9999999982
578 1000 533.3333333331642 299.9999999992783
579 1000 533.3333333331642 599.9999999981949
580 1000 533.3333333331641 899.9999999965823
581 1000 533.3333333331642 1199.999999995654
582 1000 533.3333333331642 1499.99999999518
583 1000 533.3333333331641 1799.999999994703
584 1000 533.3333333331642 2099.9999999946
585 1000 533.3333333331642 2399.9999999964
586 1000 533.3333333331642 2699.9999999982
587 1000 599.9999999998547 299.9999999992783
588 1000 599.9999999998549 599.9999999981949
589 1000 599.9999999998548 899.9999999965823
590 1000 599.9999999998549 1199.999999995654
591 1000 599.9999999998549 1499.99999999518
592 1000 599.9999999998549 1799.999999994703
593 1000 599.9999999998548 2099.9999999946
594 1000 599.9999999998549 2399.9999999964
595 1000 599.9999999998548 2699.9999999982
596 1000 666.6666666665458 299.9999999992783
597 1000 666.6666666665461 599.9999999981949
598 1000 666.6666666665458 899.9999999965823
599 1000 666.6666666665459 1199.999999995654
600 1000 666.6666666665458 1499.99999999518
601 1000 666.6666666665458 1799.999999994703
602 1000 666.6666666665458 2099.9999999946
603 1000 666.6666666665458 2399.9999999964
604 1000 666.6666666665459 2699.9999999982
605 1000 733.3333333332367 299.9999999992783
606 1000 733.3333333332366 599.9999999981949
607 1000 733.3333333332369 899.9999999965823
608 1000 733.3333333332366 1199.999999995654
609 1000 733.3333333332369 1499.999999995181
610 1000 733.3333333332369 1799.999999994702
611 1000 733.3333333332369 2099.9999999946
612 1000 733.3333333332369 2399.9999999964
613 1000 733.3333333332367 2699.9999999982
614 1000 799.9999999999275 299.9999999992783
615 1000 799.9999999999275 599.9999999981948
616 1000 799.9999999999275 899.9999999965823
617 1000 799.9999999999275 1199.999999995654
618 1000 799.9999999999275 1499.99999999518
619 1000 799.9999999999275 1799.999999994703
620 1000 799.9999999999276 2099.9999999946
621 1000 799.9999999999275 2399.9999999964
622 1000 799.9999999999275 2699.9999999982
623 1000 866.6666666666182 299.9999999992783
624 1000 866.6666666666182 599.9999999981948
625 1000 866.6666666666185 899.9999999965822
626 1000 866.6666666666181 1199.999999995654
627 1000 866.666666666618 1499.99999999518
628 1000 866.6666666666183 1799.999999994703
629 1000 866.6666666666185 2099.9999999946
630 1000 866.6666666666183 2399.9999999964
631 1000 866.6666666666182 2699.9999999982
632 1000 933.3333333333092 299.9999999992784
633 1000 933.3333333333092 599.9999999981949
634 1000 933.3333333333092 899.9999999965823
635 1000 933.3333333333092 1199.999999995654
636 1000 933.3333333333092 1499.99999999518
637 1000 933.3333333333092 1799.999999994703
638 1000 933.3333333333092 2099.9999999946
639 1000 933.3333333333092 2399.9999999964
640 1000 933.333333333309 2699.9999999982
641 99.99999999996535 0 299.9999999992783
642 99.99999999996535 0 599.9999999981949
643 99.99999999996535 0 899.9999999965823
644 99.99999999996535 0 1199.999999995654
645 99.99999999996535 0 1499.999999995181
646 99.99999999996535 0 1799.999999994703
647 99.99999999996537 0 2099.9999999946
648 99.99999999996534 0 2399.9999999964
649 99.99999999996535 0 2699.9999999982
650 199.9999999997947 0 299.9999999992783
651 199.9999999997947 0 599.9999999981949
652 199.9999999997947 0 899.9999999965823
653 199.9999999997946 0 1199.999999995654
654 199.9999999997947 0 1499.99999999518
655 199.9999999997947 0 1799.999999994703
656 199.9999999997947 0 2099.9999999946
657 199.9999999997947 0 2399.9999999964
658 199.9999999997947 0 2699.9999999982
659 299.9999999996784 0 299.9999999992784
660 299.9999999996783 0 599.9999999981949
661 299.9999999996783 0 899.9999999965823
662 299.9999999996784 0 1199.999999995654
663 299.9999999996783 0 1499.99999999518
664 299.9999999996784 0 1799.999999994703
665 299.9999999996783 0 2099.9999999946
666 299.9999999996783 0 2399.9999999964
667 299.9999999996783 0 2699.9999999982
668 399.9999999997153 0 299.9999999992783
669 399.9999999997152 0 599.9999999981949
670 399.9999999997153 0 899.9999999965823
671 399.9999999997152 0 1199.999999995654
672 399.9999999997153 0 1499.99999999518
673 399.9999999997153 0 1799.999999994703
674 399.9999999997154 0 2099.9999999946
675 399.9999999997153 0 2399.9999999964
676 399.9999999997153 0 2699.9999999982
677 499.9999999997633 0 299.9999999992783
678 499.9999999997633 0 599.9999999981949
679 499.9999999997633 0 899.9999999965823
680 499.9999999997633 0 1199.999999995654
681 499.9999999997633 0 1499.99999999518
682 499.9999999997632 0 1799.999999994703
683 499.9999999997633 0 2099.9999999946
684 499.9999999997633 0 2399.9999999964
685 499.9999999997633 0 2699.9999999982
686 599.9999999998547 0 299.9999999992783
687 599.9999999998549 0 599.9999999981949
688 599.9999999998548 0 899.9999999965823
689 599.9999999998549 0 1199.999999995654
690 599.9999999998549 0 1499.99999999518
691 599.9999999998549 0 1799.999999994703
692 599.9999999998548 0 2099.9999999946
693 599.9999999998549 0 2399.9999999964
694 599.9999999998548 0 2699.9999999982
695 699.9999999998913 0 299.9999999992783
696 699.9999999998913 0 599.9999999981948
697 699.9999999998913 0 899.9999999965823
698 699.9999999998911 0 1199.999999995654
699 699.9999999998913 0 1499.99999999518
700 699.9999999998913 0 1799.999999994703
701 699.9999999998913 0 2099.9999999946
702 699.9999999998913 0 2399.9999999964
703 699.9999999998914 0 2699.9999999982
704 799.9999999999275 0 299.9999999992783
705 799.9999999999275 0 599.9999999981948
706 799.9999999999275 0 899.9999999965823
707 799.9999999999275 0 1199.999999995654
708 799.9999999999275 0 1499.99999999518
709 799.9999999999275 0 1799.999999994703
710 799.9999999999276 0 2099.9999999946
711 799.9999999999275 0 2399.9999999964
712 799.9999999999275 0 2699.9999999982
713 899.9999999999635 0 299.9999999992784
714 899.9999999999636 0 599.9999999981949
715 899.9999999999638 0 899.9999999965823
716 899.9999999999636 0 1199.999999995654
717 899.9999999999636 0 1499.99999999518
718 899.9999999999636 0 1799.999999994703
719 899.9999999999637 0 2099.9999999946
720 899.9999999999636 0 2399.9999999964
721 899.9999999999637 0 2699.9999999982
722 99.99999999996535 1000 299.9999999992783
723 99.99999999996535 1000 599.9999999981949
724 99.99999999996535 1000 899.9999999965823
725 99.99999999996535 1000 1199.999999995654
726 99.99999999996535 1000 1499.999999995181
727 99.99999999996535 1000 1799.999999994703
728 99.99999999996537 1000 2099.9999999946
729 99.99999999996534 1000 2399.9999999964
730 99.99999999996535 1000 2699.9999999982
731 199.9999999997947 1000 299.9999999992783
732 199.9999999997947 1000 599.9999999981949
733 199.9999999997947 1000 899.9999999965823
734 199.9999999997946 1000 1199.999999995654
735 199.9999999997947 1000 1499.99999999518
736 199.9999999997947 1000 1799.999999994703
737 199.9999999997947 1000 2099.9999999946
738 199.9999999997947 1000 2399.9999999964
739 199.9999999997947 1000 2699.9999999982
740 299.9999999996784 1000 299.9999999992784
741 299.9999999996783 1000 599.9999999981949
742 299.9999999996783 1000 899.9999999965823
743 299.9999999996784 1000 1199.999999995654
744 299.9999999996783 1000 1499.99999999518
745 299.9999999996784 1000 1799.999999994703
746 299.9999999996783 1000 2099.9999999946
747 299.9999999996783 1000 2399.9999999964
748 299.9999999996783 1000 2699.9999999982
749 399.9999999997153 1000 299.9999999992783
750 399.9999999997152 1000 599.9999999981949
751 399.9999999997153 1000 899.9999999965823
752 399.9999999997152 1000 1199.999999995654
753 399.9999999997153 1000 1499.99999999518
754 399.9999999997153 1000 1799.999999994703
755 399.9999999997154 1000 2099.9999999946
756 399.9999999997153 1000 2399.9999999964
757 399.9999999997153 1000 2699.9999999982
758 499.9999999997633 1000 299.9999999992783
759 499.9999999997633 1000 599.9999999981949
760 499.9999999997633 1000 899.9999999965823
761 499.9999999997633 1000 1199.999999995654
762 499.9999999997633 1000 1499.99999999518
763 499.9999999997632 1000 1799.999999994703
764 499.9999999997633 1000 2099.9999999946
765 499.9999999997633 1000 2399.9999999964
766 499.9999999997633 1000 2699.9999999982
767 599.9999999998547 1000 299.9999999992783
768 599.9999999998549 1000 599.9999999981949
769 599.9999999998548 1000 899.9999999965823
770 599.9999999998549 1000 1199.999999995654
771 599.9999999998549 1000 1499.99999999518
772 599.9999999998549 1000 1799.999999994703
773 599.9999999998548 1000 2099.9999999946
774 599.9999999998549 1000 2399.9999999964
775 599.9999999998548 1000 2699.9999999982
776 699.9999999998913 1000 299.9999999992783
777 699.9999999998913 1000 599.9999999981948
778 699.9999999998913 1000 899.9999999965823
779 699.9999999998911 1000 1199.999999995654
780 699.9999999998913 1000 1499.99999999518
781 699.9999999998913 1000 1799.999999994703
782 699.9999999998913 1000 2099.9999999946
783 699.9999999998913 1000 2399.9999999964
784 699.9999999998914 1000 2699.9999999982
785 799.9999999999275 1000 299.9999999992783
786 799.9999999999275 1000 599.9999999981948
787 799.9999999999275 1000 899.9999999965823
788 799.9999999999275 1000 1199.999999995654
789 799.9999999999275 1000 1499.99999999518
790 799.9999999999275 1000 1799.999999994703
791 799.9999999999276 1000 2099.9999999946
792 799.9999999999275 1000 2399.9999999964
793 799.9999999999275 1000 2699.9999999982
794 899.9999999999635 1000 299.9999999992784
795 899.9999999999636 1000 599.9999999981949
796 899.9999999999638 1000 899.9999999965823
797 899.9999999999636 1000 1199.999999995654
798 899.9999999999636 1000 1499.99999999518
799 899.9999999999636 1000 1799.999999994703
800 899.9999999999637 1000 2099.9999999946
801 899.9999999999636 1000 2399.9999999964
802 899.9999999999637 1000 2699.9999999982
803 99.99999999996541 66.66666666662168 299.9999999992783
804 99.99999999996538 66.66666666662167 599.999999998195
805 99.99999999996533 66.66666666662167 899.9999999965826
806 99.99999999996538 66.66666666662169 1199.999999995655
807 99.9999999999654 66.66666666662167 1499.999999995181
808 99.9999999999654 66.66666666662167 1799.999999994702
809 99.9999999999654 66.66666666662167 2099.999999994602
810 99.99999999996538 66.66666666662168 2399.999999996399
811 99.9999999999654 66.66666666662167 2699.999999998201
812 99.9999999999654 133.3333333332929 299.9999999992785
813 99.9999999999654 133.3333333332928 599.9999999981956
814 99.99999999996541 133.3333333332928 899.9999999965828
815 99.99999999996541 133.3333333332928 1199.999999995654
816 99.99999999996541 133.3333333332928 1499.999999995181
817 99.9999999999654 133.3333333332928 1799.999999994703
818 99.9999999999654 133.3333333332928 2099.999999994601
819 99.99999999996541 133.3333333332928 2399.999999996399
820 99.99999999996538 133.3333333332928 2699.999999998201
821 99.99999999996538 199.9999999997946 299.9999999992783
822 99.99999999996537 199.9999999997947 599.9999999981951
823 99.99999999996531 199.9999999997946 899.9999999965828
824 99.99999999996538 199.9999999997946 1199.999999995654
825 99.99999999996538 199.9999999997947 1499.999999995181
826 99.9999999999654 199.9999999997947 1799.999999994704
827 99.9999999999654 199.9999999997947 2099.999999994601
828 99.99999999996538 199.9999999997947 2399.9999999964
829 99.9999999999654 199.9999999997946 2699.999999998201
830 99.9999999999654 266.6666666663327 299.9999999992785
831 99.9999999999654 266.6666666663327 599.9999999981949
832 99.99999999996533 266.6666666663327 899.9999999965823
833 99.99999999996538 266.6666666663327 1199.999999995654
834 99.99999999996538 266.6666666663327 1499.999999995181
835 99.99999999996538 266.6666666663327 1799.999999994703
836 99.9999999999654 266.6666666663327 2099.999999994601
837 99.99999999996531 266.6666666663327 2399.999999996399
838 99.99999999996538 266.6666666663327 2699.999999998203
839 99.99999999996538 333.3333333330243 299.9999999992784
840 99.99999999996537 333.3333333330244 599.999999998195
841 99.99999999996531 333.3333333330241 899.9999999965826
842 99.99999999996538 333.3333333330241 1199.999999995654
843 99.9999999999654 333.3333333330242 1499.999999995182
844 99.99999999996538 333.3333333330242 1799.999999994702
845 99.99999999996541 333.3333333330242 2099.999999994601
846 99.99999999996537 333.3333333330242 2399.999999996399
847 99.99999999996541 333.3333333330243 2699.999999998201
848 99.9999999999654 399.9999999997156 299.9999999992783
849 99.99999999996538 399.9999999997152 599.9999999981952
850 99.99999999996533 399.9999999997152 899.9999999965828
851 99.9999999999654 399.9999999997152 1199.999999995654
852 99.99999999996538 399.9999999997156 1499.99999999518
853 99.99999999996538 399.9999999997156 1799.999999994703
854 99.9999999999654 399.9999999997156 2099.999999994601
855 99.99999999996531 399.9999999997154 2399.9999999964
856 99.99999999996538 399.9999999997156 2699.999999998201
857 99.99999999996538 466.6666666664066 299.9999999992783
858 99.99999999996537 466.6666666664065 599.9999999981952
859 99.99999999996533 466.6666666664068 899.9999999965829
860 99.99999999996538 466.6666666664065 1199.999999995654
861 99.99999999996538 466.6666666664067 1499.999999995182
862 99.9999999999654 466.6666666664067 1799.999999994704
863 99.99999999996538 466.6666666664065 2099.999999994601
864 99.99999999996531 466.6666666664064 2399.9999999964
865 99.99999999996538 466.6666666664066 2699.999999998201
866 99.99999999996537 533.3333333331644 299.9999999992783
867 99.99999999996538 533.3333333331641 599.9999999981952
868 99.99999999996533 533.3333333331639 899.9999999965826
869 99.9999999999654 533.333333333164 1199.999999995654
870 99.99999999996538 533.333333333164 1499.999999995181
871 99.99999999996541 533.3333333331639 1799.999999994702
872 99.99999999996538 533.3333333331641 2099.999999994601
873 99.99999999996531 533.333333333164 2399.9999999964
874 99.99999999996538 533.3333333331644 2699.999999998201
875 99.99999999996537 599.9999999998547 299.9999999992783
876 99.99999999996538 599.9999999998549 599.9999999981951
877 99.99999999996533 599.9999999998547 899.9999999965826
878 99.9999999999654 599.999999999855 1199.999999995654
879 99.99999999996538 599.9999999998549 1499.999999995181
880 99.99999999996538 599.9999999998549 1799.999999994703
881 99.99999999996541 599.9999999998548 2099.999999994601
882 99.99999999996538 599.999999999855 2399.9999999964
883 99.99999999996538 599.9999999998548 2699.999999998201
884 99.99999999996538 666.6666666665457 299.9999999992783
885 99.9999999999654 666.6666666665462 599.999999998195
886 99.99999999996531 666.6666666665456 899.9999999965828
887 99.99999999996538 666.6666666665458 1199.999999995654
888 99.99999999996538 666.6666666665456 1499.999999995181
889 99.99999999996538 666.6666666665458 1799.999999994704
890 99.99999999996538 666.6666666665458 2099.999999994601
891 99.99999999996537 666.6666666665458 2399.999999996398
892 99.99999999996538 666.6666666665459 2699.999999998201
893 99.99999999996537 733.3333333332373 299.9999999992784
894 99.99999999996538 733.3333333332364 599.9999999981951
895 99.99999999996533 733.333333333237 899.9999999965823
896 99.9999999999654 733.3333333332365 1199.999999995654
897 99.99999999996538 733.3333333332371 1499.999999995181
898 99.99999999996538 733.333333333237 1799.999999994703
899 99.9999999999654 733.333333333237 2099.999999994601
900 99.99999999996538 733.3333333332375 2399.9999999964
901 99.99999999996538 733.3333333332369 2699.999999998201
902 99.99999999996538 799.9999999999276 299.9999999992783
903 99.99999999996538 799.9999999999276 599.9999999981951
904 99.99999999996534 799.9999999999278 899.9999999965826
905 99.9999999999654 799.9999999999277 1199.999999995654
906 99.99999999996538 799.9999999999277 1499.999999995181
907 99.99999999996538 799.9999999999277 1799.999999994703
908 99.9999999999654 799.9999999999279 2099.999999994601
909 99.99999999996537 799.9999999999275 2399.9999999964
910 99.99999999996538 799.9999999999277 2699.9999999982
911 99.99999999996538 866.6666666666183 299.9999999992783
912 99.99999999996537 866.666666666619 599.9999999981951
913 99.99999999996533 866.6666666666185 899.9999999965823
914 99.99999999996538 866.6666666666181 1199.999999995654
915 99.99999999996538 866.6666666666181 1499.999999995181
916 99.99999999996538 866.6666666666185 1799.999999994703
917 99.9999999999654 866.666666666619 2099.999999994602
918 99.99999999996537 866.6666666666183 2399.9999999964
919 99.99999999996538 866.6666666666183 2699.999999998201
920 99.99999999996542 933.3333333333094 299.9999999992784
921 99.99999999996542 933.3333333333094 599.9999999981949
922 99.99999999996541 933.3333333333094 899.9999999965828
923 99.9999999999654 933.3333333333092 1199.999999995654
924 99.99999999996541 933.3333333333089 1499.999999995181
925 99.99999999996541 933.3333333333089 1799.999999994703
926 99.99999999996542 933.3333333333094 2099.999999994601
927 99.9999999999654 933.3333333333089 2399.9999999964
928 99.99999999996541 933.3333333333087 2699.999999998201
929 199.9999999997947 66.66666666662167 299.9999999992783
930 199.9999999997947 66.66666666662165 599.9999999981951
931 199.9999999997947 66.66666666662167 899.9999999965825
932 199.9999999997947 66.66666666662167 1199.999999995654
933 199.9999999997948 66.66666666662167 1499.99999999518
934 199.9999999997948 66.66666666662165 1799.999999994702
935 199.9999999997948 66.66666666662167 2099.999999994601
936 199.9999999997948 66.66666666662168 2399.999999996399
937 199.9999999997947 66.66666666662165 2699.999999998201
938 199.9999999997945 133.3333333332928 299.9999999992783
939 199.9999999997947 133.3333333332928 599.9999999981957
940 199.9999999997947 133.3333333332928 899.999999996583
941 199.9999999997945 133.3333333332928 1199.999999995654
942 199.9999999997947 133.3333333332928 1499.99999999518
943 199.9999999997947 133.3333333332928 1799.999999994702
944 199.9999999997947 133.3333333332928 2099.9999999946
945 199.9999999997948 133.3333333332928 2399.999999996399
946 199.9999999997945 133.3333333332928 2699.9999999982
947 199.9999999997946 199.9999999997946 299.9999999992783
948 199.9999999997946 199.9999999997947 599.9999999981952
949 199.9999999997946 199.9999999997946 899.9999999965826
950 199.9999999997947 199.9999999997946 1199.999999995654
951 199.9999999997946 199.9999999997947 1499.999999995181
952 199.9999999997946 199.9999999997947 1799.999999994703
953 199.9999999997947 199.9999999997947 2099.9999999946
954 199.9999999997947 199.9999999997947 2399.9999999964
955 199.9999999997946 199.9999999997946 2699.999999998199
956 199.9999999997946 266.6666666663327 299.9999999992783
957 199.9999999997946 266.6666666663327 599.9999999981951
958 199.9999999997946 266.6666666663328 899.9999999965825
959 199.9999999997946 266.6666666663328 1199.999999995654
960 199.9999999997946 266.6666666663327 1499.99999999518
961 199.9999999997946 266.6666666663327 1799.999999994703
962 199.9999999997947 266.6666666663327 2099.999999994601
963 199.9999999997947 266.6666666663327 2399.999999996399
964 199.9999999997946 266.6666666663327 2699.9999999982
965 199.9999999997947 333.3333333330243 299.9999999992783
966 199.9999999997947 333.3333333330243 599.9999999981951
967 199.9999999997946 333.3333333330241 899.9999999965828
968 199.9999999997946 333.3333333330241 1199.999999995654
969 199.9999999997947 333.3333333330242 1499.999999995181
970 199.9999999997947 333.3333333330241 1799.999999994703
971 199.9999999997947 333.3333333330242 2099.999999994601
972 199.9999999997947 333.3333333330242 2399.9999999964
973 199.9999999997946 333.3333333330242 2699.999999998201
974 199.9999999997946 399.9999999997155 299.9999999992783
975 199.9999999997946 399.9999999997151 599.9999999981951
976 199.9999999997946 399.9999999997152 899.9999999965826
977 199.9999999997946 399.9999999997151 1199.999999995654
978 199.9999999997946 399.9999999997152 1499.999999995179
979 199.9999999997946 399.9999999997152 1799.999999994703
980 199.9999999997947 399.9999999997154 2099.999999994601
981 199.9999999997947 399.9999999997152 2399.9999999964
982 199.9999999997946 399.9999999997152 2699.999999998201
983 199.9999999997947 466.6666666664066 299.9999999992783
984 199.9999999997948 466.6666666664063 599.9999999981951
985 199.9999999997948 466.6666666664068 899.9999999965827
986 199.9999999997947 466.6666666664066 1199.999999995654
987 199.9999999997948 466.6666666664069 1499.999999995181
988 199.9999999997948 466.6666666664066 1799.999999994704
989 199.9999999997947 466.6666666664067 2099.999999994601
990 199.9999999997948 466.6666666664063 2399.9999999964
991 199.9999999997946 466.6666666664066 2699.999999998201
992 199.9999999997948 533.3333333331644 299.9999999992783
993 199.9999999997947 533.333333333164 599.9999999981952
994 199.9999999997947 533.3333333331639 899.9999999965826
995 199.9999999997947 533.333333333164 1199.999999995654
996 199.9999999997948 533.333333333164 1499.999999995181
997 199.9999999997948 533.3333333331639 1799.999999994702
998 199.9999999997947 533.3333333331641 2099.999999994601
999 199.9999999997948 533.333333333164 2399.9999999964
1000 199.9999999997946 533.3333333331644 2699.999999998201
1001 199.9999999997946 599.9999999998546 299.9999999992783
1002 199.9999999997948 599.9999999998545 599.9999999981952
1003 199.9999999997946 599.9999999998549 899.9999999965826
1004 199.9999999997946 599.9999999998546 1199.999999995654
1005 199.9999999997947 599.9999999998545 1499.99999999518
1006 199.9999999997947 599.9999999998549 1799.999999994702
1007 199.9999999997947 599.9999999998545 2099.999999994601
1008 199.9999999997947 599.9999999998549 2399.9999999964
1009 199.9999999997946 599.9999999998549 2699.9999999982
1010 199.9999999997947 666.6666666665456 299.9999999992783
1011 199.9999999997948 666.6666666665463 599.9999999981949
1012 199.9999999997947 666.6666666665458 899.9999999965826
1013 199.9999999997947 666.6666666665458 1199.999999995654
1014 199.9999999997947 666.6666666665456 1499.999999995179
1015 199.9999999997947 666.6666666665458 1799.999999994704
1016 199.9999999997947 666.6666666665458 2099.999999994601
1017 199.9999999997947 666.6666666665458 2399.999999996399
1018 199.9999999997947 666.6666666665459 2699.999999998201
1019 199.9999999997946 733.3333333332365 299.9999999992783
1020 199.9999999997947 733.3333333332364 599.9999999981952
1021 199.9999999997946 733.3333333332371 899.9999999965826
1022 199.9999999997946 733.3333333332365 1199.999999995654
1023 199.9999999997947 733.3333333332371 1499.999999995181
1024 199.9999999997947 733.3333333332371 1799.999999994701
1025 199.9999999997947 733.3333333332371 2099.9999999946
1026 199.9999999997947 733.3333333332375 2399.9999999964
1027 199.9999999997946 733.333333333237 2699.999999998201
1028 199.9999999997945 799.9999999999278 299.9999999992783
1029 199.9999999997946 799.9999999999277 599.9999999981951
1030 199.9999999997945 799.9999999999277 899.9999999965823
1031 199.9999999997945 799.9999999999277 1199.999999995654
1032 199.9999999997946 799.9999999999277 1499.999999995179
1033 199.9999999997946 799.9999999999277 1799.999999994702
1034 199.9999999997945 799.9999999999278 2099.999999994601
1035 199.9999999997946 799.9999999999279 2399.999999996401
1036 199.9999999997945 799.9999999999277 2699.999999998201
1037 199.9999999997947 866.6666666666179 299.9999999992783
1038 199.9999999997948 866.666666666618 599.999999998195
1039 199.9999999997948 866.6666666666188 899.9999999965827
1040 199.9999999997947 866.6666666666181 1199.999999995654
1041 199.9999999997948 866.6666666666176 1499.999999995181
1042 199.9999999997948 866.6666666666185 1799.999999994702
1043 199.9999999997948 866.6666666666184 2099.999999994601
1044 199.9999999997948 866.6666666666184 2399.9999999964
1045 199.9999999997946 866.6666666666179 2699.9999999982
1046 199.9999999997946 933.3333333333095 299.9999999992784
1047 199.9999999997947 933.3333333333094 599.9999999981952
1048 199.9999999997946 933.3333333333096 899.9999999965826
1049 199.9999999997946 933.3333333333089 1199.999999995654
1050 199.9999999997948 933.3333333333089 1499.99999999518
1051 199.9999999997947 933.3333333333089 1799.999999994702
1052 199.9999999997947 933.3333333333094 2099.999999994601
1053 199.9999999997947 933.3333333333089 2399.999999996401
1054 199.9999999997946 933.3333333333089 2699.9999999982
1055 299.9999999996786 66.66666666662167 299.9999999992784
1056 299.9999999996784 66.66666666662167 599.9999999981951
1057 299.9999999996784 66.66666666662167 899.9999999965823
1058 299.9999999996784 66.66666666662167 1199.999999995654
1059 299.9999999996784 66.66666666662167 1499.99999999518
1060 299.9999999996785 66.66666666662167 1799.999999994702
1061 299.9999999996782 66.66666666662167 2099.999999994601
1062 299.9999999996782 66.66666666662167 2399.999999996398
1063 299.9999999996784 66.66666666662167 2699.999999998201
1064 299.9999999996785 133.3333333332928 299.9999999992785
1065 299.9999999996784 133.3333333332928 599.9999999981957
1066 299.9999999996784 133.3333333332928 899.9999999965826
1067 299.9999999996785 133.3333333332928 1199.999999995654
1068 299.9999999996784 133.3333333332928 1499.99999999518
1069 299.9999999996784 133.3333333332928 1799.999999994702
1070 299.9999999996782 133.3333333332928 2099.999999994601
1071 299.9999999996782 133.3333333332928 2399.9999999964
1072 299.9999999996782 133.3333333332928 2699.999999998201
1073 299.9999999996785 199.9999999997946 299.9999999992785
1074 299.9999999996784 199.9999999997947 599.9999999981952
1075 299.9999999996784 199.9999999997946 899.9999999965828
1076 299.9999999996784 199.9999999997945 1199.999999995654
1077 299.9999999996784 199.9999999997946 1499.99999999518
1078 299.9999999996784 199.9999999997947 1799.999999994704
1079 299.9999999996784 199.9999999997947 2099.999999994601
1080 299.9999999996784 199.9999999997947 2399.9999999964
1081 299.9999999996782 199.9999999997946 2699.999999998199
1082 299.9999999996785 266.6666666663327 299.9999999992784
1083 299.9999999996784 266.6666666663327 599.9999999981951
1084 299.9999999996784 266.6666666663328 899.9999999965823
1085 299.9999999996784 266.6666666663327 1199.999999995654
1086 299.9999999996784 266.6666666663327 1499.999999995181
1087 299.9999999996784 266.6666666663327 1799.999999994703
1088 299.9999999996782 266.6666666663327 2099.9999999946
1089 299.9999999996782 266.6666666663327 2399.999999996399
1090 299.9999999996782 266.6666666663327 2699.999999998202
1091 299.9999999996786 333.3333333330242 299.9999999992785
1092 299.9999999996784 333.3333333330241 599.9999999981951
1093 299.9999999996784 333.3333333330241 899.9999999965825
1094 299.9999999996785 333.3333333330241 1199.999999995654
1095 299.9999999996784 333.3333333330241 1499.999999995181
1096 299.9999999996785 333.3333333330242 1799.999999994703
1097 299.9999999996782 333.3333333330241 2099.999999994601
1098 299.9999999996782 333.3333333330241 2399.9999999964
1099 299.9999999996782 333.3333333330241 2699.999999998201
1100 299.9999999996784 399.9999999997154 299.9999999992785
1101 299.9999999996784 399.9999999997152 599.9999999981951
1102 299.9999999996784 399.999999999715 899.9999999965826
1103 299.9999999996785 399.9999999997153 1199.999999995654
1104 299.9999999996784 399.9999999997153 1499.99999999518
1105 299.9999999996784 399.9999999997154 1799.999999994703
1106 299.9999999996782 399.9999999997154 2099.999999994601
1107 299.9999999996782 399.9999999997152 2399.9999999964
1108 299.9999999996783 399.9999999997154 2699.9999999982
1109 299.9999999996786 466.666666666407 299.9999999992784
1110 299.9999999996784 466.666666666407 599.9999999981952
1111 299.9999999996784 466.666666666407 899.9999999965826
1112 299.9999999996786 466.6666666664065 1199.999999995654
1113 299.9999999996784 466.6666666664069 1499.999999995181
1114 299.9999999996786 466.6666666664069 1799.999999994704
1115 299.9999999996784 466.666666666407 2099.999999994601
1116 299.9999999996784 466.6666666664067 2399.9999999964
1117 299.9999999996782 466.6666666664067 2699.999999998201
1118 299.9999999996786 533.3333333331645 299.9999999992784
1119 299.9999999996784 533.333333333164 599.9999999981951
1120 299.9999999996784 533.3333333331639 899.9999999965826
1121 299.9999999996786 533.3333333331641 1199.999999995654
1122 299.9999999996784 533.3333333331641 1499.999999995181
1123 299.9999999996786 533.3333333331639 1799.999999994703
1124 299.9999999996784 533.333333333164 2099.999999994601
1125 299.9999999996784 533.3333333331641 2399.999999996401
1126 299.9999999996782 533.3333333331644 2699.999999998201
1127 299.9999999996785 599.9999999998548 299.9999999992784
1128 299.9999999996784 599.999999999855 599.9999999981952
1129 299.9999999996784 599.9999999998549 899.9999999965827
1130 299.9999999996784 599.9999999998552 1199.999999995654
1131 299.9999999996784 599.999999999855 1499.99999999518
1132 299.9999999996785 599.999999999855 1799.999999994702
1133 299.9999999996783 599.9999999998549 2099.999999994601
1134 299.9999999996782 599.9999999998549 2399.9999999964
1135 299.9999999996781 599.9999999998549 2699.999999998201
1136 299.9999999996784 666.6666666665461 299.9999999992783
1137 299.9999999996784 666.6666666665467 599.9999999981951
1138 299.9999999996784 666.6666666665461 899.9999999965826
1139 299.9999999996785 666.6666666665458 1199.999999995654
1140 299.9999999996784 666.6666666665461 1499.99999999518
1141 299.9999999996785 666.6666666665457 1799.999999994704
1142 299.9999999996784 666.6666666665458 2099.9999999946
1143 299.9999999996784 666.6666666665461 2399.999999996399
1144 299.9999999996782 666.6666666665458 2699.9999999982
1145 299.9999999996784 733.3333333332364 299.9999999992784
1146 299.9999999996784 733.3333333332364 599.9999999981949
1147 299.9999999996784 733.3333333332371 899.9999999965827
1148 299.9999999996784 733.3333333332365 1199.999999995654
1149 299.9999999996784 733.3333333332371 1499.999999995181
1150 299.9999999996785 733.3333333332371 1799.999999994702
1151 299.9999999996782 733.333333333237 2099.999999994601
1152 299.9999999996782 733.3333333332375 2399.9999999964
1153 299.9999999996784 733.3333333332369 2699.999999998201
1154 299.9999999996785 799.9999999999277 299.9999999992784
1155 299.9999999996784 799.9999999999277 599.9999999981951
1156 299.9999999996784 799.9999999999277 899.9999999965826
1157 299.9999999996785 799.9999999999277 1199.999999995654
1158 299.9999999996784 799.9999999999277 1499.99999999518
1159 299.9999999996786 799.9999999999277 1799.999999994702
1160 299.9999999996785 799.9999999999277 2099.9999999946
1161 299.9999999996784 799.9999999999277 2399.9999999964
1162 299.9999999996783 799.9999999999277 2699.9999999982
1163 299.9999999996787 866.6666666666181 299.9999999992784
1164 299.9999999996784 866.6666666666177 599.999999998195
1165 299.9999999996784 866.6666666666187 899.9999999965825
1166 299.9999999996786 866.6666666666183 1199.999999995654
1167 299.9999999996784 866.6666666666174 1499.999999995181
1168 299.9999999996786 866.6666666666187 1799.999999994702
1169 299.9999999996784 866.6666666666183 2099.999999994601
1170 299.9999999996784 866.6666666666181 2399.9999999964
1171 299.9999999996783 866.6666666666182 2699.999999998201
1172 299.9999999996786 933.3333333333094 299.9999999992785
1173 299.9999999996784 933.3333333333092 599.9999999981951
1174 299.9999999996784 933.3333333333094 899.9999999965828
1175 299.9999999996786 933.3333333333092 1199.999999995654
1176 299.9999999996784 933.3333333333089 1499.99999999518
1177 299.9999999996786 933.3333333333089 1799.999999994702
1178 299.9999999996784 933.3333333333094 2099.999999994601
1179 299.9999999996784 933.3333333333089 2399.9999999964
1180 299.9999999996783 933.3333333333088 2699.9999999982
1181 399.9999999997154 66.66666666662167 299.9999999992783
1182 399.9999999997152 66.66666666662165 599.9999999981949
1183 399.9999999997152 66.66666666662167 899.9999999965821
1184 399.9999999997152 66.66666666662167 1199.999999995654
1185 399.9999999997156 66.66666666662165 1499.99999999518
1186 399.9999999997154 66.66666666662167 1799.999999994702
1187 399.9999999997155 66.66666666662165 2099.999999994601
1188 399.9999999997154 66.66666666662167 2399.999999996399
1189 399.9999999997156 66.66666666662165 2699.999999998201
1190 399.9999999997155 133.3333333332928 299.9999999992783
1191 399.9999999997152 133.3333333332928 599.9999999981956
1192 399.999999999715 133.3333333332928 899.9999999965826
1193 399.9999999997153 133.3333333332928 1199.999999995654
1194 399.9999999997153 133.3333333332928 1499.999999995179
1195 399.9999999997153 133.3333333332928 1799.999999994703
1196 399.9999999997155 133.3333333332928 2099.999999994601
1197 399.9999999997153 133.3333333332928 2399.999999996399
1198 399.9999999997153 133.3333333332928 2699.9999999982
1199 399.9999999997155 199.9999999997946 299.9999999992783
1200 399.9999999997151 199.9999999997948 599.999999998195
1201 399.9999999997151 199.9999999997946 899.9999999965826
1202 399.9999999997152 199.9999999997946 1199.999999995654
1203 399.9999999997152 199.9999999997947 1499.99999999518
1204 399.9999999997152 199.9999999997947 1799.999999994703
1205 399.9999999997154 199.9999999997947 2099.999999994601
1206 399.9999999997152 199.9999999997947 2399.9999999964
1207 399.9999999997152 199.9999999997946 2699.999999998198
1208 399.9999999997154 266.6666666663327 299.9999999992783
1209 399.9999999997151 266.666666666333 599.9999999981951
1210 399.999999999715 266.666666666333 899.9999999965823
1211 399.9999999997152 266.666666666333 1199.999999995654
1212 399.9999999997152 266.6666666663327 1499.99999999518
1213 399.9999999997152 266.6666666663327 1799.999999994703
1214 399.9999999997154 266.6666666663327 2099.999999994601
1215 399.9999999997149 266.6666666663329 2399.999999996399
1216 399.9999999997152 266.6666666663326 2699.999999998201
1217 399.9999999997156 333.3333333330242 299.9999999992783
1218 399.9999999997152 333.3333333330243 599.999999998195
1219 399.9999999997153 333.3333333330241 899.9999999965823
1220 399.9999999997152 333.3333333330241 1199.999999995654
1221 399.9999999997156 333.3333333330243 1499.99999999518
1222 399.9999999997156 333.3333333330243 1799.999999994702
1223 399.9999999997156 333.3333333330243 2099.999999994601
1224 399.9999999997155 333.3333333330243 2399.999999996401
1225 399.9999999997156 333.3333333330243 2699.999999998201
1226 399.9999999997156 399.9999999997156 299.9999999992783
1227 399.9999999997152 399.9999999997152 599.9999999981952
1228 399.9999999997153 399.9999999997152 899.9999999965826
1229 399.9999999997153 399.9999999997153 1199.999999995654
1230 399.9999999997156 399.9999999997155 1499.999999995179
1231 399.9999999997154 399.9999999997154 1799.999999994703
1232 399.9999999997154 399.9999999997154 2099.9999999946
1233 399.9999999997155 399.9999999997155 2399.999999996401
1234 399.9999999997154 399.9999999997156 2699.9999999982
1235 399.9999999997154 466.6666666664066 299.9999999992783
1236 399.999999999715 466.6666666664063 599.9999999981952
1237 399.9999999997151 466.6666666664067 899.9999999965826
1238 399.9999999997151 466.6666666664066 1199.999999995654
1239 399.9999999997154 466.6666666664069 1499.99999999518
1240 399.9999999997154 466.6666666664066 1799.999999994703
1241 399.9999999997154 466.6666666664066 2099.999999994601
1242 399.9999999997152 466.6666666664064 2399.9999999964
1243 399.9999999997154 466.6666666664066 2699.999999998201
1244 399.9999999997154 533.3333333331643 299.9999999992783
1245 399.9999999997151 533.3333333331639 599.9999999981952
1246 399.9999999997152 533.3333333331633 899.9999999965826
1247 399.9999999997152 533.333333333164 1199.999999995654
1248 399.9999999997152 533.333333333164 1499.99999999518
1249 399.9999999997152 533.3333333331636 1799.999999994702
1250 399.9999999997153 533.3333333331641 2099.999999994601
1251 399.9999999997152 533.3333333331641 2399.999999996401
1252 399.9999999997152 533.3333333331639 2699.999999998201
1253 399.9999999997156 599.9999999998548 299.9999999992783
1254 399.9999999997152 599.999999999855 599.9999999981949
1255 399.9999999997152 599.9999999998549 899.9999999965826
1256 399.9999999997152 599.9999999998549 1199.999999995654
1257 399.9999999997154 599.9999999998549 1499.99999999518
1258 399.9999999997155 599.999999999855 1799.999999994702
1259 399.9999999997154 599.9999999998549 2099.999999994601
1260 399.9999999997154 599.999999999855 2399.9999999964
1261 399.9999999997154 599.9999999998547 2699.9999999982
1262 399.9999999997156 666.6666666665458 299.9999999992783
1263 399.9999999997152 666.6666666665463 599.9999999981952
1264 399.9999999997152 666.6666666665457 899.9999999965826
1265 399.9999999997152 666.6666666665458 1199.999999995654
1266 399.9999999997156 666.6666666665456 1499.999999995179
1267 399.9999999997156 666.6666666665457 1799.999999994704
1268 399.9999999997155 666.6666666665458 2099.999999994601
1269 399.9999999997154 666.6666666665458 2399.999999996399
1270 399.9999999997156 666.6666666665458 2699.9999999982
1271 399.9999999997154 733.3333333332373 299.9999999992783
1272 399.999999999715 733.3333333332363 599.9999999981951
1273 399.9999999997152 733.3333333332372 899.9999999965826
1274 399.9999999997151 733.3333333332364 1199.999999995654
1275 399.9999999997154 733.3333333332372 1499.999999995181
1276 399.9999999997154 733.3333333332371 1799.999999994702
1277 399.9999999997153 733.3333333332371 2099.999999994601
1278 399.9999999997152 733.3333333332375 2399.9999999964
1279 399.9999999997154 733.3333333332369 2699.999999998201
1280 399.9999999997154 799.9999999999278 299.9999999992783
1281 399.9999999997151 799.9999999999277 599.9999999981951
1282 399.9999999997151 799.9999999999277 899.9999999965826
1283 399.9999999997152 799.9999999999277 1199.999999995654
1284 399.9999999997154 799.9999999999277 1499.999999995179
1285 399.9999999997154 799.9999999999277 1799.999999994703
1286 399.9999999997153 799.9999999999278 2099.999999994601
1287 399.9999999997152 799.9999999999277 2399.9999999964
1288 399.9999999997154 799.9999999999277 2699.999999998201
1289 399.9999999997154 866.666666666618 299.9999999992783
1290 399.9999999997152 866.666666666618 599.9999999981951
1291 399.9999999997152 866.6666666666185 899.9999999965821
1292 399.9999999997152 866.6666666666181 1199.999999995654
1293 399.9999999997154 866.6666666666176 1499.99999999518
1294 399.9999999997154 866.6666666666187 1799.999999994703
1295 399.9999999997154 866.6666666666185 2099.999999994601
1296 399.9999999997152 866.6666666666183 2399.9999999964
1297 399.9999999997154 866.6666666666181 2699.999999998201
1298 399.9999999997153 933.3333333333094 299.9999999992784
1299 399.9999999997151 933.3333333333093 599.9999999981952
1300 399.9999999997151 933.3333333333096 899.9999999965827
1301 399.9999999997151 933.3333333333089 1199.999999995654
1302 399.9999999997154 933.3333333333089 1499.999999995179
1303 399.9999999997154 933.3333333333089 1799.999999994703
1304 399.9999999997153 933.3333333333095 2099.999999994601
1305 399.9999999997152 933.3333333333089 2399.9999999964
1306 399.9999999997154 933.3333333333089 2699.999999998201
1307 499.9999999997633 66.66666666662165 299.9999999992783
1308 499.9999999997631 66.66666666662167 599.9999999981951
1309 499.9999999997631 66.66666666662165 899.9999999965828
1310 499.9999999997632 66.66666666662167 1199.999999995654
1311 499.9999999997633 66.66666666662167 1499.99999999518
1312 499.9999999997631 66.66666666662167 1799.999999994703
1313 499.9999999997632 66.66666666662167 2099.999999994601
1314 499.9999999997632 66.66666666662168 2399.999999996399
1315 499.9999999997632 66.66666666662167 2699.999999998201
1316 499.9999999997632 133.3333333332928 299.9999999992783
1317 499.9999999997631 133.3333333332928 599.9999999981956
1318 499.9999999997631 133.3333333332928 899.9999999965825
1319 499.9999999997634 133.3333333332928 1199.999999995654
1320 499.9999999997634 133.3333333332928 1499.999999995179
1321 499.9999999997631 133.3333333332928 1799.999999994702
1322 499.9999999997633 133.3333333332928 2099.999999994601
1323 499.9999999997634 133.3333333332928 2399.999999996399
1324 499.9999999997634 133.3333333332928 2699.9999999982
1325 499.9999999997634 199.9999999997946 299.9999999992783
1326 499.9999999997631 199.9999999997947 599.9999999981951
1327 499.9999999997631 199.9999999997946 899.9999999965826
1328 499.9999999997633 199.9999999997946 1199.999999995654
1329 499.9999999997633 199.9999999997947 1499.99999999518
1330 499.999999999763 199.9999999997947 1799.999999994703
1331 499.9999999997634 199.9999999997947 2099.999999994601
1332 499.9999999997634 199.9999999997947 2399.9999999964
1333 499.9999999997633 199.9999999997946 2699.999999998198
1334 499.9999999997635 266.6666666663327 299.9999999992783
1335 499.9999999997636 266.6666666663327 599.9999999981951
1336 499.9999999997638 266.6666666663328 899.9999999965826
1337 499.9999999997634 266.6666666663327 1199.999999995654
1338 499.9999999997634 266.6666666663327 1499.99999999518
1339 499.9999999997635 266.6666666663327 1799.999999994703
1340 499.9999999997635 266.6666666663327 2099.9999999946
1341 499.9999999997635 266.6666666663327 2399.999999996399
1342 499.9999999997636 266.6666666663327 2699.999999998202
1343 499.9999999997637 333.3333333330243 299.9999999992783
1344 499.9999999997638 333.3333333330243 599.9999999981951
1345 499.9999999997637 333.3333333330242 899.9999999965826
1346 499.9999999997635 333.3333333330241 1199.999999995654
1347 499.9999999997638 333.3333333330243 1499.999999995181
1348 499.9999999997635 333.3333333330241 1799.999999994702
1349 499.9999999997635 333.3333333330243 2099.999999994601
1350 499.9999999997635 333.3333333330243 2399.999999996401
1351 499.9999999997636 333.3333333330243 2699.999999998201
1352 499.9999999997634 399.9999999997154 299.9999999992783
1353 499.9999999997631 399.9999999997151 599.9999999981951
1354 499.9999999997631 399.9999999997151 899.9999999965826
1355 499.9999999997631 399.9999999997152 1199.999999995654
1356 499.9999999997634 399.9999999997153 1499.99999999518
1357 499.9999999997631 399.9999999997154 1799.999999994703
1358 499.9999999997633 399.9999999997153 2099.999999994601
1359 499.9999999997631 399.9999999997151 2399.9999999964
1360 499.9999999997632 399.9999999997154 2699.999999998201
1361 499.9999999997633 466.6666666664068 299.9999999992783
1362 499.9999999997631 466.6666666664068 599.999999998195
1363 499.9999999997631 466.6666666664069 899.9999999965826
1364 499.9999999997632 466.6666666664066 1199.999999995654
1365 499.9999999997633 466.6666666664069 1499.99999999518
1366 499.999999999763 466.6666666664067 1799.999999994704
1367 499.9999999997633 466.6666666664069 2099.999999994601
1368 499.9999999997633 466.6666666664069 2399.9999999964
1369 499.9999999997633 466.6666666664067 2699.999999998201
1370 499.9999999997633 533.3333333331642 299.9999999992783
1371 499.9999999997631 533.3333333331641 599.9999999981951
1372 499.9999999997631 533.3333333331633 899.9999999965826
1373 499.9999999997632 533.333333333164 1199.999999995654
1374 499.9999999997633 533.333333333164 1499.999999995181
1375 499.999999999763 533.3333333331636 1799.999999994702
1376 499.9999999997634 533.3333333331641 2099.999999994601
1377 499.9999999997633 533.3333333331641 2399.9999999964
1378 499.9999999997633 533.333333333164 2699.999999998201
1379 499.9999999997633 599.9999999998547 299.9999999992783
1380 499.9999999997631 599.9999999998549 599.9999999981952
1381 499.9999999997631 599.9999999998549 899.9999999965826
1382 499.9999999997633 599.9999999998549 1199.999999995654
1383 499.9999999997633 599.9999999998549 1499.99999999518
1384 499.999999999763 599.9999999998549 1799.999999994702
1385 499.9999999997633 599.9999999998549 2099.9999999946
1386 499.9999999997633 599.999999999855 2399.9999999964
1387 499.9999999997633 599.9999999998549 2699.9999999982
1388 499.9999999997632 666.6666666665458 299.9999999992783
1389 499.9999999997631 666.6666666665463 599.9999999981951
1390 499.9999999997631 666.6666666665457 899.9999999965826
1391 499.9999999997633 666.6666666665458 1199.999999995654
1392 499.9999999997633 666.6666666665456 1499.99999999518
1393 499.999999999763 666.6666666665458 1799.999999994704
1394 499.9999999997633 666.6666666665457 2099.999999994601
1395 499.9999999997633 666.6666666665458 2399.999999996399
1396 499.9999999997632 666.6666666665458 2699.9999999982
1397 499.9999999997632 733.3333333332373 299.9999999992783
1398 499.999999999763 733.3333333332362 599.9999999981952
1399 499.9999999997631 733.3333333332371 899.9999999965826
1400 499.9999999997633 733.3333333332365 1199.999999995654
1401 499.9999999997633 733.3333333332371 1499.99999999518
1402 499.999999999763 733.333333333237 1799.999999994703
1403 499.9999999997633 733.3333333332371 2099.999999994601
1404 499.9999999997632 733.3333333332373 2399.9999999964
1405 499.9999999997634 733.333333333237 2699.999999998201
1406 499.9999999997633 799.9999999999278 299.9999999992783
1407 499.9999999997631 799.9999999999277 599.9999999981951
1408 499.9999999997632 799.9999999999277 899.9999999965826
1409 499.9999999997634 799.9999999999277 1199.999999995654
1410 499.9999999997633 799.9999999999277 1499.99999999518
1411 499.999999999763 799.9999999999276 1799.999999994702
1412 499.9999999997634 799.9999999999278 2099.999999994601
1413 499.9999999997633 799.9999999999277 2399.9999999964
1414 499.9999999997633 799.9999999999277 2699.999999998201
1415 499.9999999997632 866.6666666666182 299.9999999992783
1416 499.9999999997631 866.6666666666187 599.9999999981951
1417 499.9999999997631 866.6666666666187 899.9999999965825
1418 499.9999999997633 866.6666666666183 1199.999999995654
1419 499.9999999997633 866.6666666666181 1499.999999995181
1420 499.999999999763 866.6666666666185 1799.999999994702
1421 499.9999999997634 866.6666666666188 2099.999999994601
1422 499.9999999997633 866.6666666666185 2399.9999999964
1423 499.9999999997633 866.6666666666181 2699.9999999982
1424 499.9999999997634 933.3333333333094 299.9999999992783
1425 499.9999999997631 933.3333333333093 599.9999999981951
1426 499.9999999997631 933.3333333333094 899.9999999965826
1427 499.9999999997633 933.3333333333088 1199.999999995654
1428 499.9999999997633 933.3333333333089 1499.99999999518
1429 499.999999999763 933.3333333333089 1799.999999994703
1430 499.9999999997633 933.3333333333094 2099.999999994601
1431 499.9999999997633 933.3333333333089 2399.9999999964
1432 499.9999999997633 933.3333333333089 2699.999999998201
1433 599.9999999998549 66.66666666662169 299.9999999992783
1434 599.9999999998553 66.66666666662167 599.9999999981951
1435 599.9999999998554 66.66666666662164 899.9999999965826
1436 599.9999999998549 66.66666666662167 1199.999999995654
1437 599.9999999998549 66.66666666662167 1499.99999999518
1438 599.9999999998548 66.66666666662167 1799.999999994702
1439 599.9999999998553 66.66666666662165 2099.999999994601
1440 599.9999999998553 66.66666666662167 2399.999999996399
1441 599.9999999998547 66.66666666662167 2699.999999998201
1442 599.9999999998546 133.3333333332928 299.9999999992783
1443 599.9999999998549 133.3333333332928 599.9999999981956
1444 599.9999999998548 133.3333333332928 899.9999999965827
1445 599.9999999998548 133.3333333332929 1199.999999995654
1446 599.9999999998549 133.3333333332928 1499.999999995179
1447 599.9999999998548 133.3333333332928 1799.999999994702
1448 599.9999999998547 133.3333333332928 2099.999999994601
1449 599.9999999998548 133.3333333332928 2399.9999999964
1450 599.9999999998548 133.3333333332928 2699.9999999982
1451 599.9999999998541 199.9999999997946 299.9999999992783
1452 599.9999999998546 199.9999999997948 599.9999999981952
1453 599.9999999998545 199.9999999997946 899.9999999965826
1454 599.9999999998546 199.9999999997946 1199.999999995654
1455 599.9999999998546 199.9999999997948 1499.999999995181
1456 599.999999999855 199.9999999997947 1799.999999994703
1457 599.9999999998546 199.9999999997947 2099.999999994601
1458 599.999999999855 199.9999999997947 2399.9999999964
1459 599.9999999998545 199.9999999997946 2699.999999998199
1460 599.9999999998549 266.6666666663327 299.9999999992783
1461 599.9999999998557 266.666666666333 599.9999999981951
1462 599.9999999998552 266.6666666663329 899.9999999965826
1463 599.9999999998554 266.666666666333 1199.999999995654
1464 599.9999999998554 266.6666666663327 1499.999999995181
1465 599.9999999998554 266.6666666663327 1799.999999994703
1466 599.9999999998552 266.6666666663327 2099.999999994601
1467 599.9999999998555 266.666666666333 2399.999999996398
1468 599.999999999855 266.6666666663327 2699.999999998202
1469 599.9999999998546 333.3333333330243 299.9999999992783
1470 599.999999999855 333.3333333330244 599.999999998195
1471 599.9999999998548 333.3333333330242 899.9999999965827
1472 599.9999999998549 333.3333333330241 1199.999999995654
1473 599.9999999998549 333.3333333330243 1499.999999995181
1474 599.999999999855 333.3333333330242 1799.999999994703
1475 599.9999999998548 333.3333333330243 2099.999999994601
1476 599.999999999855 333.3333333330243 2399.9999999964
1477 599.9999999998549 333.3333333330241 2699.999999998201
1478 599.9999999998548 399.9999999997156 299.9999999992783
1479 599.999999999855 399.9999999997152 599.9999999981951
1480 599.9999999998547 399.9999999997153 899.9999999965826
1481 599.9999999998549 399.9999999997153 1199.999999995654
1482 599.999999999855 399.9999999997155 1499.99999999518
1483 599.9999999998549 399.9999999997154 1799.999999994703
1484 599.9999999998549 399.9999999997155 2099.999999994601
1485 599.999999999855 399.9999999997154 2399.9999999964
1486 599.9999999998547 399.9999999997154 2699.999999998201
1487 599.9999999998548 466.6666666664067 299.9999999992783
1488 599.9999999998549 466.6666666664068 599.9999999981952
1489 599.9999999998549 466.6666666664068 899.9999999965826
1490 599.9999999998549 466.6666666664066 1199.999999995654
1491 599.999999999855 466.6666666664068 1499.999999995181
1492 599.9999999998549 466.6666666664069 1799.999999994704
1493 599.9999999998549 466.6666666664069 2099.999999994601
1494 599.9999999998549 466.6666666664068 2399.9999999964
1495 599.9999999998549 466.6666666664067 2699.999999998201
1496 599.9999999998548 533.3333333331641 299.9999999992783
1497 599.9999999998549 533.333333333164 599.9999999981952
1498 599.9999999998547 533.3333333331633 899.9999999965826
1499 599.9999999998549 533.3333333331641 1199.999999995654
1500 599.9999999998549 533.333333333164 1499.999999995181
1501 599.9999999998549 533.3333333331636 1799.999999994703
1502 599.9999999998548 533.3333333331639 2099.9999999946
1503 599.9999999998549 533.333333333164 2399.9999999964
1504 599.9999999998547 533.3333333331639 2699.999999998201
1505 599.9999999998548 599.9999999998548 299.9999999992783
1506 599.9999999998549 599.999999999855 599.9999999981951
1507 599.9999999998547 599.9999999998549 899.9999999965827
1508 599.9999999998549 599.9999999998549 1199.999999995654
1509 599.9999999998549 599.999999999855 1499.99999999518
1510 599.9999999998549 599.9999999998549 1799.999999994703
1511 599.9999999998549 599.9999999998549 2099.999999994601
1512 599.9999999998549 599.9999999998549 2399.9999999964
1513 599.9999999998547 599.9999999998549 2699.999999998201
1514 599.9999999998546 666.6666666665458 299.9999999992783
1515 599.9999999998549 666.6666666665463 599.9999999981951
1516 599.9999999998547 666.6666666665458 899.9999999965826
1517 599.9999999998549 666.6666666665458 1199.999999995654
1518 599.999999999855 666.6666666665454 1499.999999995181
1519 599.9999999998549 666.6666666665457 1799.999999994704
1520 599.9999999998548 666.6666666665457 2099.999999994601
1521 599.9999999998549 666.6666666665458 2399.999999996399
1522 599.9999999998547 666.6666666665458 2699.999999998201
1523 599.9999999998547 733.3333333332374 299.9999999992783
1524 599.999999999855 733.3333333332363 599.9999999981951
1525 599.9999999998549 733.3333333332371 899.9999999965826
1526 599.9999999998549 733.3333333332365 1199.999999995654
1527 599.999999999855 733.3333333332371 1499.999999995181
1528 599.999999999855 733.333333333237 1799.999999994702
1529 599.9999999998549 733.333333333237 2099.999999994601
1530 599.999999999855 733.3333333332375 2399.9999999964
1531 599.9999999998549 733.3333333332369 2699.9999999982
1532 599.9999999998548 799.9999999999278 299.9999999992783
1533 599.999999999855 799.9999999999277 599.9999999981951
1534 599.9999999998549 799.9999999999277 899.9999999965826
1535 599.9999999998549 799.9999999999277 1199.999999995654
1536 599.9999999998549 799.9999999999277 1499.99999999518
1537 599.9999999998549 799.9999999999277 1799.999999994703
1538 599.9999999998549 799.9999999999278 2099.999999994601
1539 599.9999999998549 799.9999999999277 2399.999999996401
1540 599.9999999998549 799.9999999999277 2699.9999999982
1541 599.9999999998545 866.6666666666184 299.9999999992783
1542 599.9999999998545 866.6666666666189 599.9999999981951
1543 599.9999999998549 866.6666666666185 899.9999999965825
1544 599.9999999998545 866.6666666666181 1199.999999995654
1545 599.9999999998546 866.6666666666181 1499.999999995181
1546 599.999999999855 866.6666666666185 1799.999999994702
1547 599.9999999998545 866.6666666666191 2099.999999994601
1548 599.9999999998549 866.6666666666183 2399.9999999964
1549 599.9999999998549 866.6666666666183 2699.999999998201
1550 599.9999999998546 933.3333333333094 299.9999999992784
1551 599.9999999998546 933.3333333333094 599.999999998195
1552 599.9999999998545 933.3333333333094 899.9999999965826
1553 599.9999999998546 933.3333333333089 1199.999999995654
1554 599.9999999998545 933.3333333333089 1499.99999999518
1555 599.9999999998549 933.333333333309 1799.999999994702
1556 599.9999999998545 933.3333333333093 2099.999999994601
1557 599.9999999998549 933.3333333333089 2399.9999999964
1558 599.9999999998545 933.3333333333088 2699.999999998199
1559 699.9999999998913 66.66666666662168 299.9999999992783
1560 699.9999999998913 66.66666666662167 599.9999999981949
1561 699.9999999998913 66.66666666662167 899.9999999965825
1562 699.9999999998909 66.66666666662167 1199.999999995655
1563 699.9999999998912 66.66666666662167 1499.99999999518
1564 699.9999999998912 66.66666666662167 1799.999999994702
1565 699.9999999998912 66.66666666662167 2099.999999994601
1566 699.9999999998912 66.66666666662167 2399.999999996399
1567 699.9999999998914 66.66666666662167 2699.999999998201
1568 699.9999999998913 133.3333333332928 299.9999999992783
1569 699.9999999998913 133.3333333332928 599.999999998195
1570 699.9999999998913 133.3333333332928 899.9999999965828
1571 699.9999999998912 133.3333333332928 1199.999999995654
1572 699.9999999998913 133.3333333332928 1499.99999999518
1573 699.9999999998912 133.3333333332928 1799.999999994703
1574 699.9999999998912 133.3333333332928 2099.999999994601
1575 699.9999999998912 133.3333333332928 2399.9999999964
1576 699.9999999998919 133.3333333332928 2699.999999998201
1577 699.9999999998913 199.9999999997947 299.9999999992783
1578 699.9999999998913 199.9999999997948 599.9999999981949
1579 699.9999999998914 199.9999999997947 899.9999999965827
1580 699.9999999998914 199.9999999997947 1199.999999995654
1581 699.9999999998911 199.9999999997948 1499.99999999518
1582 699.9999999998913 199.9999999997948 1799.999999994702
1583 699.9999999998913 199.9999999997947 2099.999999994601
1584 699.9999999998914 199.9999999997948 2399.999999996401
1585 699.9999999998914 199.9999999997947 2699.999999998201
1586 699.9999999998914 266.6666666663327 299.9999999992783
1587 699.9999999998912 266.6666666663327 599.999999998195
1588 699.9999999998914 266.6666666663328 899.9999999965826
1589 699.9999999998912 266.6666666663327 1199.999999995654
1590 699.9999999998913 266.6666666663327 1499.99999999518
1591 699.9999999998913 266.6666666663327 1799.999999994704
1592 699.9999999998913 266.6666666663327 2099.999999994601
1593 699.9999999998913 266.6666666663327 2399.999999996398
1594 699.999999999892 266.6666666663327 2699.999999998203
1595 699.9999999998913 333.3333333330242 299.9999999992783
1596 699.9999999998913 333.3333333330243 599.9999999981949
1597 699.9999999998913 333.3333333330242 899.9999999965826
1598 699.9999999998912 333.3333333330241 1199.999999995654
1599 699.9999999998913 333.3333333330243 1499.999999995181
1600 699.9999999998913 333.3333333330242 1799.999999994703
1601 699.9999999998913 333.3333333330241 2099.999999994601
1602 699.9999999998913 333.3333333330243 2399.999999996401
1603 699.9999999998919 333.3333333330243 2699.999999998201
1604 699.9999999998913 399.9999999997158 299.9999999992783
1605 699.9999999998912 399.9999999997151 599.999999998195
1606 699.9999999998912 399.9999999997155 899.9999999965827
1607 699.9999999998913 399.9999999997153 1199.999999995654
1608 699.9999999998913 399.9999999997157 1499.99999999518
1609 699.9999999998913 399.9999999997157 1799.999999994702
1610 699.9999999998912 399.9999999997154 2099.999999994601
1611 699.9999999998913 399.9999999997155 2399.999999996401
1612 699.9999999998913 399.9999999997156 2699.999999998201
1613 699.9999999998913 466.6666666664066 299.9999999992783
1614 699.9999999998913 466.6666666664065 599.9999999981951
1615 699.9999999998913 466.6666666664067 899.9999999965826
1616 699.9999999998913 466.6666666664065 1199.999999995654
1617 699.9999999998913 466.6666666664067 1499.999999995181
1618 699.9999999998913 466.6666666664067 1799.999999994703
1619 699.9999999998913 466.6666666664065 2099.9999999946
1620 699.9999999998913 466.6666666664064 2399.9999999964
1621 699.9999999998918 466.6666666664067 2699.999999998201
1622 699.9999999998913 533.3333333331642 299.9999999992783
1623 699.9999999998912 533.3333333331641 599.9999999981951
1624 699.9999999998913 533.3333333331633 899.9999999965826
1625 699.9999999998913 533.333333333164 1199.999999995654
1626 699.9999999998913 533.3333333331641 1499.999999995181
1627 699.9999999998912 533.3333333331636 1799.999999994703
1628 699.9999999998913 533.3333333331641 2099.999999994601
1629 699.9999999998913 533.3333333331641 2399.9999999964
1630 699.9999999998914 533.3333333331641 2699.999999998201
1631 699.9999999998914 599.9999999998547 299.9999999992783
1632 699.9999999998913 599.9999999998549 599.9999999981951
1633 699.9999999998912 599.9999999998549 899.9999999965826
1634 699.9999999998914 599.9999999998549 1199.999999995654
1635 699.9999999998913 599.999999999855 1499.99999999518
1636 699.9999999998912 599.9999999998549 1799.999999994703
1637 699.9999999998913 599.9999999998548 2099.999999994601
1638 699.9999999998913 599.9999999998549 2399.9999999964
1639 699.9999999998913 599.9999999998548 2699.999999998201
1640 699.9999999998913 666.6666666665457 299.9999999992783
1641 699.9999999998912 666.6666666665463 599.9999999981951
1642 699.9999999998913 666.6666666665458 899.9999999965826
1643 699.9999999998913 666.6666666665459 1199.999999995654
1644 699.9999999998912 666.6666666665456 1499.99999999518
1645 699.9999999998913 666.6666666665457 1799.999999994704
1646 699.9999999998913 666.6666666665458 2099.999999994601
1647 699.9999999998913 666.6666666665457 2399.999999996399
1648 699.9999999998913 666.6666666665459 2699.9999999982
1649 699.9999999998912 733.3333333332373 299.9999999992783
1650 699.9999999998912 733.3333333332369 599.9999999981951
1651 699.9999999998912 733.3333333332375 899.9999999965826
1652 699.9999999998913 733.3333333332369 1199.999999995654
1653 699.9999999998913 733.3333333332375 1499.999999995181
1654 699.9999999998913 733.3333333332375 1799.999999994702
1655 699.9999999998913 733.3333333332375 2099.999999994601
1656 699.9999999998913 733.3333333332374 2399.9999999964
1657 699.9999999998914 733.3333333332375 2699.999999998201
1658 699.9999999998911 799.9999999999275 299.9999999992783
1659 699.999999999891 799.9999999999275 599.9999999981949
1660 699.9999999998913 799.9999999999277 899.9999999965826
1661 699.9999999998912 799.9999999999275 1199.999999995654
1662 699.9999999998912 799.9999999999276 1499.99999999518
1663 699.9999999998913 799.9999999999277 1799.999999994703
1664 699.9999999998913 799.9999999999278 2099.999999994601
1665 699.9999999998912 799.9999999999276 2399.9999999964
1666 699.9999999998913 799.9999999999275 2699.999999998201
1667 699.9999999998912 866.6666666666179 299.9999999992783
1668 699.9999999998913 866.666666666618 599.9999999981949
1669 699.9999999998913 866.6666666666184 899.9999999965826
1670 699.9999999998913 866.6666666666179 1199.999999995654
1671 699.9999999998912 866.6666666666174 1499.999999995181
1672 699.9999999998912 866.6666666666185 1799.999999994703
1673 699.9999999998913 866.6666666666183 2099.999999994601
1674 699.9999999998912 866.6666666666183 2399.9999999964
1675 699.9999999998914 866.6666666666181 2699.999999998201
1676 699.9999999998911 933.3333333333094 299.9999999992783
1677 699.9999999998913 933.3333333333094 599.999999998195
1678 699.9999999998913 933.3333333333094 899.9999999965826
1679 699.9999999998911 933.3333333333088 1199.999999995654
1680 699.9999999998912 933.3333333333088 1499.99999999518
1681 699.9999999998912 933.3333333333089 1799.999999994703
1682 699.9999999998912 933.3333333333094 2099.9999999946
1683 699.9999999998912 933.3333333333089 2399.9999999964
1684 699.9999999998913 933.3333333333089 2699.999999998201
1685 799.9999999999279 66.66666666662172 299.9999999992783
1686 799.9999999999279 66.66666666662171 599.9999999981948
1687 799.9999999999279 66.66666666662174 899.9999999965825
1688 799.9999999999279 66.66666666662167 1199.999999995654
1689 799.999999999928 66.66666666662165 1499.99999999518
1690 799.999999999928 66.66666666662165 1799.999999994702
1691 799.9999999999278 66.66666666662165 2099.999999994601
1692 799.999999999928 66.66666666662174 2399.999999996398
1693 799.999999999928 66.66666666662171 2699.999999998201
1694 799.9999999999279 133.3333333332928 299.9999999992783
1695 799.9999999999279 133.3333333332928 599.9999999981951
1696 799.999999999928 133.3333333332928 899.9999999965827
1697 799.9999999999279 133.3333333332929 1199.999999995654
1698 799.9999999999279 133.3333333332928 1499.999999995179
1699 799.9999999999279 133.3333333332928 1799.999999994702
1700 799.999999999928 133.3333333332928 2099.999999994601
1701 799.999999999928 133.3333333332928 2399.999999996399
1702 799.9999999999279 133.3333333332928 2699.999999998201
1703 799.9999999999278 199.9999999997945 299.9999999992783
1704 799.9999999999277 199.9999999997946 599.9999999981949
1705 799.9999999999277 199.9999999997945 899.9999999965825
1706 799.9999999999277 199.9999999997945 1199.999999995654
1707 799.9999999999277 199.9999999997946 1499.999999995181
1708 799.9999999999278 199.9999999997946 1799.999999994703
1709 799.9999999999278 199.9999999997945 2099.999999994601
1710 799.9999999999278 199.9999999997946 2399.9999999964
1711 799.9999999999278 199.9999999997945 2699.999999998201
1712 799.9999999999278 266.6666666663327 299.9999999992783
1713 799.9999999999277 266.6666666663327 599.999999998195
1714 799.9999999999277 266.6666666663328 899.9999999965825
1715 799.9999999999277 266.6666666663328 1199.999999995654
1716 799.9999999999277 266.6666666663327 1499.99999999518
1717 799.9999999999278 266.6666666663327 1799.999999994703
1718 799.9999999999277 266.6666666663327 2099.999999994601
1719 799.9999999999276 266.6666666663327 2399.999999996399
1720 799.9999999999277 266.6666666663327 2699.999999998203
1721 799.9999999999277 333.3333333330243 299.9999999992784
1722 799.9999999999277 333.3333333330244 599.9999999981949
1723 799.9999999999277 333.3333333330242 899.9999999965823
1724 799.9999999999277 333.3333333330242 1199.999999995654
1725 799.9999999999278 333.3333333330243 1499.99999999518
1726 799.9999999999277 333.3333333330242 1799.999999994702
1727 799.9999999999279 333.3333333330243 2099.999999994601
1728 799.9999999999279 333.3333333330243 2399.9999999964
1729 799.9999999999279 333.3333333330242 2699.999999998201
1730 799.9999999999276 399.9999999997154 299.9999999992783
1731 799.9999999999277 399.9999999997151 599.999999998195
1732 799.9999999999277 399.9999999997151 899.9999999965827
1733 799.9999999999278 399.9999999997152 1199.999999995654
1734 799.9999999999277 399.9999999997154 1499.99999999518
1735 799.9999999999277 399.9999999997154 1799.999999994703
1736 799.9999999999278 399.9999999997153 2099.999999994601
1737 799.9999999999277 399.9999999997151 2399.9999999964
1738 799.9999999999276 399.9999999997153 2699.999999998201
1739 799.9999999999277 466.6666666664066 299.9999999992783
1740 799.9999999999275 466.6666666664065 599.9999999981951
1741 799.9999999999277 466.6666666664067 899.9999999965826
1742 799.9999999999277 466.6666666664065 1199.999999995654
1743 799.9999999999277 466.6666666664067 1499.999999995181
1744 799.9999999999277 466.6666666664066 1799.999999994704
1745 799.9999999999277 466.6666666664065 2099.999999994601
1746 799.9999999999277 466.6666666664065 2399.9999999964
1747 799.9999999999277 466.6666666664067 2699.999999998201
1748 799.9999999999276 533.3333333331644 299.9999999992783
1749 799.9999999999277 533.333333333164 599.9999999981951
1750 799.9999999999277 533.333333333164 899.9999999965826
1751 799.9999999999277 533.3333333331639 1199.999999995654
1752 799.9999999999277 533.333333333164 1499.99999999518
1753 799.9999999999278 533.3333333331639 1799.999999994703
1754 799.9999999999279 533.3333333331641 2099.999999994601
1755 799.9999999999277 533.333333333164 2399.9999999964
1756 799.9999999999277 533.3333333331644 2699.999999998201
1757 799.9999999999277 599.9999999998547 299.9999999992783
1758 799.9999999999277 599.9999999998549 599.999999998195
1759 799.9999999999277 599.9999999998549 899.9999999965826
1760 799.9999999999278 599.9999999998549 1199.999999995654
1761 799.9999999999277 599.9999999998549 1499.99999999518
1762 799.9999999999277 599.999999999855 1799.999999994703
1763 799.9999999999277 599.9999999998549 2099.999999994601
1764 799.9999999999277 599.9999999998549 2399.999999996401
1765 799.9999999999277 599.9999999998549 2699.9999999982
1766 799.9999999999277 666.6666666665458 299.9999999992783
1767 799.9999999999277 666.6666666665463 599.9999999981949
1768 799.9999999999276 666.6666666665459 899.9999999965826
1769 799.9999999999277 666.6666666665459 1199.999999995654
1770 799.9999999999277 666.6666666665454 1499.99999999518
1771 799.9999999999277 666.6666666665457 1799.999999994703
1772 799.9999999999278 666.6666666665458 2099.999999994601
1773 799.9999999999276 666.6666666665457 2399.999999996399
1774 799.9999999999277 666.6666666665459 2699.999999998201
1775 799.9999999999276 733.3333333332373 299.9999999992783
1776 799.9999999999277 733.3333333332369 599.999999998195
1777 799.9999999999276 733.3333333332375 899.9999999965825
1778 799.9999999999277 733.3333333332371 1199.999999995654
1779 799.9999999999277 733.3333333332374 1499.999999995181
1780 799.9999999999277 733.3333333332374 1799.999999994703
1781 799.9999999999277 733.3333333332376 2099.999999994601
1782 799.9999999999276 733.3333333332374 2399.9999999964
1783 799.9999999999276 733.3333333332373 2699.999999998201
1784 799.9999999999277 799.9999999999277 299.9999999992783
1785 799.9999999999276 799.9999999999276 599.999999998195
1786 799.9999999999277 799.9999999999277 899.9999999965826
1787 799.9999999999278 799.9999999999277 1199.999999995654
1788 799.9999999999277 799.9999999999277 1499.999999995181
1789 799.9999999999277 799.9999999999278 1799.999999994702
1790 799.9999999999277 799.9999999999278 2099.999999994601
1791 799.9999999999277 799.9999999999277 2399.9999999964
1792 799.9999999999277 799.9999999999277 2699.999999998201
1793 799.9999999999278 866.6666666666181 299.9999999992783
1794 799.9999999999278 866.6666666666177 599.999999998195
1795 799.9999999999279 866.6666666666188 899.9999999965825
1796 799.9999999999279 866.6666666666182 1199.999999995654
1797 799.9999999999279 866.6666666666176 1499.99999999518
1798 799.9999999999279 866.6666666666188 1799.999999994703
1799 799.9999999999279 866.6666666666184 2099.999999994601
1800 799.9999999999278 866.6666666666181 2399.9999999964
1801 799.9999999999279 866.6666666666182 2699.999999998201
1802 799.999999999928 933.3333333333094 299.9999999992784
1803 799.999999999928 933.3333333333094 599.9999999981951
1804 799.9999999999279 933.3333333333094 899.9999999965826
1805 799.9999999999277 933.3333333333089 1199.999999995654
1806 799.9999999999279 933.3333333333088 1499.99999999518
1807 799.9999999999279 933.3333333333089 1799.999999994703
1808 799.9999999999279 933.3333333333093 2099.999999994601
1809 799.9999999999279 933.3333333333088 2399.9999999964
1810 799.9999999999279 933.3333333333087 2699.999999998201
1811 899.9999999999634 66.66666666662168 299.9999999992784
1812 899.9999999999634 66.66666666662167 599.9999999981951
1813 899.9999999999636 66.66666666662167 899.9999999965825
1814 899.9999999999632 66.66666666662167 1199.999999995655
1815 899.9999999999631 66.66666666662167 1499.999999995181
1816 899.9999999999632 66.66666666662165 1799.999999994703
1817 899.9999999999632 66.66666666662167 2099.999999994601
1818 899.9999999999631 66.66666666662168 2399.999999996399
1819 899.9999999999637 66.66666666662167 2699.999999998201
1820 899.9999999999636 133.333333333293 299.9999999992785
1821 899.9999999999636 133.333333333293 599.9999999981954
1822 899.9999999999638 133.3333333332928 899.9999999965826
1823 899.9999999999636 133.3333333332928 1199.999999995654
1824 899.9999999999637 133.333333333293 1499.999999995181
1825 899.9999999999636 133.3333333332928 1799.999999994703
1826 899.9999999999637 133.333333333293 2099.999999994601
1827 899.9999999999636 133.333333333293 2399.999999996399
1828 899.9999999999638 133.3333333332929 2699.999999998201
1829 899.9999999999635 199.9999999997946 299.9999999992785
1830 899.9999999999631 199.9999999997947 599.9999999981951
1831 899.9999999999636 199.9999999997946 899.9999999965827
1832 899.9999999999631 199.9999999997946 1199.999999995654
1833 899.9999999999631 199.9999999997947 1499.999999995181
1834 899.9999999999629 199.9999999997947 1799.999999994704
1835 899.9999999999633 199.9999999997947 2099.999999994601
1836 899.9999999999632 199.9999999997947 2399.9999999964
1837 899.9999999999637 199.9999999997946 2699.999999998201
1838 899.9999999999634 266.6666666663327 299.9999999992784
1839 899.9999999999635 266.6666666663328 599.9999999981949
1840 899.999999999964 266.6666666663329 899.9999999965823
1841 899.9999999999636 266.6666666663327 1199.999999995654
1842 899.9999999999637 266.6666666663327 1499.99999999518
1843 899.9999999999635 266.6666666663327 1799.999999994704
1844 899.9999999999636 266.6666666663327 2099.999999994601
1845 899.9999999999636 266.6666666663327 2399.999999996399
1846 899.9999999999642 266.6666666663327 2699.999999998202
1847 899.9999999999636 333.3333333330241 299.9999999992785
1848 899.9999999999636 333.3333333330242 599.9999999981949
1849 899.9999999999637 333.3333333330241 899.9999999965827
1850 899.9999999999635 333.3333333330242 1199.999999995654
1851 899.9999999999636 333.3333333330242 1499.99999999518
1852 899.9999999999637 333.3333333330241 1799.999999994704
1853 899.9999999999637 333.3333333330241 2099.999999994601
1854 899.9999999999637 333.3333333330241 2399.999999996401
1855 899.9999999999637 333.3333333330241 2699.999999998201
1856 899.9999999999636 399.9999999997156 299.9999999992785
1857 899.9999999999636 399.9999999997152 599.9999999981951
1858 899.9999999999635 399.9999999997152 899.9999999965825
1859 899.9999999999635 399.9999999997153 1199.999999995654
1860 899.9999999999636 399.9999999997156 1499.99999999518
1861 899.9999999999636 399.9999999997156 1799.999999994704
1862 899.9999999999636 399.9999999997156 2099.999999994601
1863 899.9999999999636 399.9999999997156 2399.9999999964
1864 899.9999999999641 399.9999999997154 2699.999999998201
1865 899.9999999999635 466.6666666664066 299.9999999992784
1866 899.9999999999636 466.6666666664064 599.9999999981952
1867 899.9999999999636 466.6666666664067 899.9999999965826
1868 899.9999999999637 466.6666666664065 1199.999999995654
1869 899.9999999999636 466.6666666664067 1499.999999995181
1870 899.9999999999636 466.6666666664066 1799.999999994704
1871 899.9999999999637 466.6666666664066 2099.999999994601
1872 899.9999999999636 466.6666666664065 2399.9999999964
1873 899.9999999999637 466.6666666664067 2699.999999998201
1874 899.9999999999635 533.3333333331644 299.9999999992784
1875 899.9999999999636 533.3333333331639 599.9999999981951
1876 899.9999999999636 533.3333333331639 899.9999999965826
1877 899.9999999999636 533.333333333164 1199.999999995654
1878 899.9999999999636 533.333333333164 1499.999999995181
1879 899.9999999999636 533.3333333331639 1799.999999994703
1880 899.9999999999638 533.3333333331641 2099.999999994601
1881 899.9999999999636 533.333333333164 2399.999999996401
1882 899.9999999999636 533.3333333331644 2699.999999998201
1883 899.9999999999635 599.9999999998547 299.9999999992783
1884 899.9999999999636 599.9999999998549 599.9999999981951
1885 899.9999999999635 599.9999999998548 899.9999999965826
1886 899.9999999999636 599.9999999998548 1199.999999995654
1887 899.9999999999635 599.9999999998549 1499.99999999518
1888 899.9999999999636 599.9999999998549 1799.999999994703
1889 899.9999999999641 599.9999999998548 2099.999999994601
1890 899.9999999999636 599.9999999998549 2399.9999999964
1891 899.9999999999637 599.9999999998548 2699.999999998201
1892 899.9999999999633 666.6666666665462 299.9999999992783
1893 899.9999999999636 666.6666666665467 599.9999999981952
1894 899.9999999999641 666.6666666665462 899.9999999965826
1895 899.9999999999636 666.6666666665458 1199.999999995654
1896 899.9999999999635 666.6666666665462 1499.999999995181
1897 899.9999999999634 666.6666666665457 1799.999999994704
1898 899.9999999999636 666.6666666665457 2099.999999994601
1899 899.9999999999636 666.6666666665461 2399.999999996398
1900 899.9999999999642 666.6666666665458 2699.999999998201
1901 899.9999999999636 733.3333333332375 299.9999999992785
1902 899.9999999999637 733.333333333237 599.9999999981952
1903 899.9999999999636 733.3333333332375 899.9999999965826
1904 899.9999999999636 733.3333333332371 1199.999999995654
1905 899.9999999999636 733.3333333332375 1499.999999995182
1906 899.9999999999636 733.3333333332374 1799.999999994703
1907 899.9999999999638 733.3333333332376 2099.999999994601
1908 899.9999999999637 733.3333333332376 2399.9999999964
1909 899.9999999999637 733.3333333332374 2699.999999998201
1910 899.9999999999635 799.9999999999277 299.9999999992784
1911 899.9999999999635 799.9999999999277 599.9999999981951
1912 899.9999999999636 799.9999999999277 899.9999999965826
1913 899.9999999999636 799.9999999999277 1199.999999995654
1914 899.9999999999636 799.9999999999277 1499.999999995181
1915 899.9999999999636 799.9999999999278 1799.999999994704
1916 899.9999999999637 799.9999999999277 2099.999999994601
1917 899.9999999999637 799.9999999999277 2399.9999999964
1918 899.9999999999636 799.9999999999276 2699.999999998201
1919 899.9999999999636 866.666666666618 299.9999999992783
1920 899.9999999999637 866.6666666666181 599.999999998195
1921 899.9999999999642 866.6666666666185 899.9999999965826
1922 899.9999999999636 866.6666666666182 1199.999999995654
1923 899.9999999999636 866.6666666666176 1499.999999995181
1924 899.9999999999636 866.6666666666184 1799.999999994704
1925 899.9999999999637 866.6666666666184 2099.999999994602
1926 899.9999999999636 866.6666666666183 2399.999999996401
1927 899.9999999999637 866.6666666666181 2699.9999999982
1928 899.9999999999634 933.3333333333095 299.9999999992785
1929 899.9999999999636 933.3333333333096 599.9999999981951
1930 899.9999999999643 933.3333333333094 899.9999999965826
1931 899.9999999999636 933.3333333333092 1199.999999995654
1932 899.9999999999636 933.3333333333095 1499.999999995181
1933 899.9999999999636 933.3333333333092 1799.999999994703
1934 899.9999999999641 933.3333333333096 2099.999999994601
1935 899.9999999999636 933.3333333333092 2399.9999999964
1936 899.9999999999636 933.333333333309 2699.999999998201
$EndNodes
$Elements
2300
1 3 2 5 1 1 9 137 45
2 3 2 5 1 45 137 138 46
3 3 2 5 1 46 138 139 47
4 3 2 5 1 47 139 140 48
5 3 2 5 1 48 140 141 49
6 3 2 5 1 49 141 142 50
7 3 2 5 1 50 142 143 51
8 3 2 5 1 51 143 144 52
9 3 2 5 1 52 144 145 53
10 3 2 5 1 53 145 146 54
11 3 2 5 1 54 146 147 55
12 3 2 5 1 55 147 148 56
13 3 2 5 1 56 148 149 57
14 3 2 5 1 57 149 150 58
15 3 2 5 1 58 150 18 3
16 3 2 5 1 9 10 151 137
17 3 2 5 1 137 151 152 138
18 3 2 5 1 138 152 153 139
19 3 2 5 1 139 153 154 140
20 3 2 5 1 140 154 155 141
21 3 2 5 1 141 155 156 142
22 3 2 5 1 142 156 157 143
23 3 2 5 1 143 157 158 144
24 3 2 5 1 144 158 159 145
25 3 2 5 1 145 159 160 146
26 3 2 5 1 146 160 161 147
27 3 2 5 1 147 161 162 148
28 3 2 5 1 148 162 163 149
29 3 2 5 1 149 163 164 150
30 3 2 5 1 150 164 19 18
31 3 2 5 1 10 11 165 151
32 3 2 5 1 151 165 166 152
33 3 2 5 1 152 166 167 153
34 3 2 5 1 153 167 168 154
35 3 2 5 1 154 168 169 155
36 3 2 5 1 155 169 170 156
37 3 2 5 1 156 170 171 157
38 3 2 5 1 157 171 172 158
39 3 2 5 1 158 172 173 159
40 3 2 5 1 159 173 174 160
41 3 2 5 1 160 174 175 161
42 3 2 5 1 161 175 176 162
43 3 2 5 1 162 176 177 163
44 3 2 5 1 163 177 178 164
45 3 2 5 1 164 178 20 19
46 3 2 5 1 11 12 179 165
47 3 2 5 1 165 179 180 166
48 3 2 5 1 166 180 181 167
49 3 2 5 1 167 181 182 168
50 3 2 5 1 168 182 183 169
51 3 2 5 1 169 183 184 170
52 3 2 5 1 170 184 185 171
53 3 2 5 1 171 185 186 172
54 3 2 5 1 172 186 187 173
55 3 2 5 1 173 187 188 174
56 3 2 5 1 174 188 189 175
57 3 2 5 1 175 189 190 176
58 3 2 5 1 176 190 191 177
59 3 2 5 1 177 191 192 178
60 3 2 5 1 178 192 21 20
61 3 2 5 1 12 13 193 179
62 3 2 5 1 179 193 194 180
63 3 2 5 1 180 194 195 181
64 3 2 5 1 181 195 196 182
65 3 2 5 1 182 196 197 183
66 3 2 5 1 183 197 198 184
67 3 2 5 1 184 198 199 185
68 3 2 5 1 185 199 200 186
69 3 2 5 1 186 200 201 187
70 3 2 5 1 187 201 202 188
71 3 2 5 1 188 202 203 189
72 3 2 5 1 189 203 204 190
73 3 2 5 1 190 204 205 191
74 3 2 5 1 191 205 206 192
75 3 2 5 1 192 206 22 21
76 3 2 5 1 13 14 207 193
77 3 2 5 1 193 207 208 194
78 3 2 5 1 194 208 209 195
79 3 2 5 1 195 209 210 196
80 3 2 5 1 196 210 211 197
81 3 2 5 1 197 211 212 198
82 3 2 5 1 198 212 213 199
83 3 2 5 1 199 213 214 200
84 3 2 5 1 200 214 215 201
85 3 2 5 1 201 215 216 202
86 3 2 5 1 202 216 217 203
87 3 2 5 1 203 217 218 204
88 3 2 5 1 204 218 219 205
89 3 2 5 1 205 219 220 206
90 3 2 5 1 206 220 23 22
91 3 2 5 1 14 15 221 207
92 3 2 5 1 207 221 222 208
93 3 2 5 1 208 222 223 209
94 3 2 5 1 209 223 224 210
95 3 2 5 1 210 224 225 211
96 3 2 5 1 211 225 226 212
97 3 2 5 1 212 226 227 213
98 3 2 5 1 213 227 228 214
99 3 2 5 1 214 228 229 215
100 3 2 5 1 215 229 230 216
101 3 2 5 1 216 230 231 217
102 3 2 5 1 217 231 232 218
103 3 2 5 1 218 232 233 219
104 3 2 5 1 219 233 234 220
105 3 2 5 1 220 234 24 23
106 3 2 5 1 15 16 235 221
107 3 2 5 1 221 235 236 222
108 3 2 5 1 222 236 237 223
109 3 2 5 1 223 237 238 224
110 3 2 5 1 224 238 239 225
111 3 2 5 1 225 239 240 226
112 3 2 5 1 226 240 241 227
113 3 2 5 1 227 241 242 228
114 3 2 5 1 228 242 243 229
115 3 2 5 1 229 243 244 230
116 3 2 5 1 230 244 245 231
117 3 2 5 1 231 245 246 232
118 3 2 5 1 232 246 247 233
119 3 2 5 1 233 247 248 234
120 3 2 5 1 234 248 25 24
121 3 2 5 1 16 17 249 235
122 3 2 5 1 235 249 250 236
123 3 2 5 1 236 250 251 237
124 3 2 5 1 237 251 252 238
125 3 2 5 1 238 252 253 239
126 3 2 5 1 239 253 254 240
127 3 2 5 1 240 254 255 241
128 3 2 5 1 241 255 256 242
129 3 2 5 1 242 256 257 243
130 3 2 5 1 243 257 258 244
131 3 2 5 1 244 258 259 245
132 3 2 5 1 245 259 260 246
133 3 2 5 1 246 260 261 247
134 3 2 5 1 247 261 262 248
135 3 2 5 1 248 262 26 25
136 3 2 5 1 17 2 59 249
137 3 2 5 1 249 59 60 250
138 3 2 5 1 250 60 61 251
139 3 2 5 1 251 61 62 252
140 3 2 5 1 252 62 63 253
141 3 2 5 1 253 63 64 254
142 3 2 5 1 254 64 65 255
143 3 2 5 1 255 65 66 256
144 3 2 5 1 256 66 67 257
145 3 2 5 1 257 67 68 258
146 3 2 5 1 258 68 69 259
147 3 2 5 1 259 69 70 260
148 3 2 5 1 260 70 71 261
149 3 2 5 1 261 71 72 262
150 3 2 5 1 262 72 4 26
151 3 2 6 5 5 27 263 73
152 3 2 6 5 73 263 264 74
153 3 2 6 5 74 264 265 75
154 3 2 6 5 75 265 266 76
155 3 2 6 5 76 266 267 77
156 3 2 6 5 77 267 268 78
157 3 2 6 5 78 268 269 79
158 3 2 6 5 79 269 270 80
159 3 2 6 5 80 270 271 81
160 3 2 6 5 81 271 272 82
161 3 2 6 5 82 272 273 83
162 3 2 6 5 83 273 274 84
163 3 2 6 5 84 274 275 85
164 3 2 6 5 85 275 276 86
165 3 2 6 5 86 276 36 7
166 3 2 6 5 27 28 277 263
167 3 2 6 5 263 277 278 264
168 3 2 6 5 264 278 279 265
169 3 2 6 5 265 279 280 266
170 3 2 6 5 266 280 281 267
171 3 2 6 5 267 281 282 268
172 3 2 6 5 268 282 283 269
173 3 2 6 5 269 283 284 270
174 3 2 6 5 270 284 285 271
175 3 2 6 5 271 285 286 272
176 3 2 6 5 272 286 287 273
177 3 2 6 5 273 287 288 274
178 3 2 6 5 274 288 289 275
179 3 2 6 5 275 289 290 276
180 3 2 6 5 276 290 37 36
181 3 2 6 5 28 29 291 277
182 3 2 6 5 277 291 292 278
183 3 2 6 5 278 292 293 279
184 3 2 6 5 279 293 294 280
185 3 2 6 5 280 294 295 281
186 3 2 6 5 281 295 296 282
187 3 2 6 5 282 296 297 283
188 3 2 6 5 283 297 298 284
189 3 2 6 5 284 298 299 285
190 3 2 6 5 285 299 300 286
191 3 2 6 5 286 300 301 287
192 3 2 6 5 287 301 302 288
193 3 2 6 5 288 302 303 289
194 3 2 6 5 289 303 304 290
195 3 2 6 5 290 304 38 37
196 3 2 6 5 29 30 305 291
197 3 2 6 5 291 305 306 292
198 3 2 6 5 292 306 307 293
199 3 2 6 5 293 307 308 294
200 3 2 6 5 294 308 309 295
201 3 2 6 5 295 309 310 296
202 3 2 6 5 296 310 311 297
203 3 2 6 5 297 311 312 298
204 3 2 6 5 298 312 313 299
205 3 2 6 5 299 313 314 300
206 3 2 6 5 300 314 315 301
207 3 2 6 5 301 315 316 302
208 3 2 6 5 302 316 317 303
209 3 2 6 5 303 317 318 304
210 3 2 6 5 304 318 39 38
211 3 2 6 5 30 31 319 305
212 3 2 6 5 305 319 320 306
213 3 2 6 5 306 320 321 307
214 3 2 6 5 307 321 322 308
215 3 2 6 5 308 322 323 309
216 3 2 6 5 309 323 324 310
217 3 2 6 5 310 324 325 311
218 3 2 6 5 311 325 326 312
219 3 2 6 5 312 326 327 313
220 3 2 6 5 313 327 328 314
221 3 2 6 5 314 328 329 315
222 3 2 6 5 315 329 330 316
223 3 2 6 5 316 330 331 317
224 3 2 6 5 317 331 332 318
225 3 2 6 5 318 332 40 39
226 3 2 6 5 31 32 333 319
227 3 2 6 5 319 333 334 320
228 3 2 6 5 320 334 335 321
229 3 2 6 5 321 335 336 322
230 3 2 6 5 322 336 337 323
231 3 2 6 5 323 337 338 324
232 3 2 6 5 324 338 339 325
233 3 2 6 5 325 339 340 326
234 3 2 6 5 326 340 341 327
235 3 2 6 5 327 341 342 328
236 3 2 6 5 328 342 343 329
237 3 2 6 5 329 343 344 330
238 3 2 6 5 330 344 345 331
239 3 2 6 5 331 345 346 332
240 3 2 6 5 332 346 41 40
241 3 2 6 5 32 33 347 333
242 3 2 6 5 333 347 348 334
243 3 2 6 5 334 348 349 335
244 3 2 6 5 335 349 350 336
245 3 2 6 5 336 350 351 337
246 3 2 6 5 337 351 352 338
247 3 2 6 5 338 352 353 339
248 3 2 6 5 339 353 354 340
249 3 2 6 5 340 354 355 341
250 3 2 6 5 341 355 356 342
251 3 2 6 5 342 356 357 343
252 3 2 6 5 343 357 358 344
253 3 2 6 5 344 358 359 345
254 3 2 6 5 345 359 360 346
255 3 2 6 5 346 360 42 41
256 3 2 6 5 33 34 361 347
257 3 2 6 5 347 361 362 348
258 3 2 6 5 348 362 363 349
259 3 2 6 5 349 363 364 350
260 3 2 6 5 350 364 365 351
261 3 2 6 5 351 365 366 352
262 3 2 6 5 352 366 367 353
263 3 2 6 5 353 367 368 354
264 3 2 6 5 354 368 369 355
265 3 2 6 5 355 369 370 356
266 3 2 6 5 356 370 371 357
267 3 2 6 5 357 371 372 358
268 3 2 6 5 358 372 373 359
269 3 2 6 5 359 373 374 360
270 3 2 6 5 360 374 43 42
271 3 2 6 5 34 35 375 361
272 3 2 6 5 361 375 376 362
273 3 2 6 5 362 376 377 363
274 3 2 6 5 363 377 378 364
275 3 2 6 5 364 378 379 365
276 3 2 6 5 365 379 380 366
277 3 2 6 5 366 380 381 367
278 3 2 6 5 367 381 382 368
279 3 2 6 5 368 382 383 369
280 3 2 6 5 369 383 384 370
281 3 2 6 5 370 384 385 371
282 3 2 6 5 371 385 386 372
283 3 2 6 5 372 386 387 373
284 3 2 6 5 373 387 388 374
285 3 2 6 5 374 388 44 43
286 3 2 6 5 35 6 87 375
287 3 2 6 5 375 87 88 376
288 3 2 6 5 376 88 89 377
289 3 2 6 5 377 89 90 378
290 3 2 6 5 378 90 91 379
291 3 2 6 5 379 91 92 380
292 3 2 6 5 380 92 93 381
293 3 2 6 5 381 93 94 382
294 3 2 6 5 382 94 95 383
295 3 2 6 5 383 95 96 384
296 3 2 6 5 384 96 97 385
297 3 2 6 5 385 97 98 386
298 3 2 6 5 386 98 99 387
299 3 2 6 5 387 99 100 388
300 3 2 6 5 388 100 8 44
301 3 2 1 9 1 45 389 101
302 3 2 1 9 101 389 390 102
303 3 2 1 9 102 390 391 103
304 3 2 1 9 103 391 392 104
305 3 2 1 9 104 392 393 105
306 3 2 1 9 105 393 394 106
307 3 2 1 9 106 394 395 107
308 3 2 1 9 107 395 396 108
309 3 2 1 9 108 396 397 109
310 3 2 1 9 109 397 73 5
311 3 2 1 9 45 46 398 389
312 3 2 1 9 389 398 399 390
313 3 2 1 9 390 399 400 391
314 3 2 1 9 391 400 401 392
315 3 2 1 9 392 401 402 393
316 3 2 1 9 393 402 403 394
317 3 2 1 9 394 403 404 395
318 3 2 1 9 395 404 405 396
319 3 2 1 9 396 405 406 397
320 3 2 1 9 397 406 74 73
321 3 2 1 9 46 47 407 398
322 3 2 1 9 398 407 408 399
323 3 2 1 9 399 408 409 400
324 3 2 1 9 400 409 410 401
325 3 2 1 9 401 410 411 402
326 3 2 1 9 402 411 412 403
327 3 2 1 9 403 412 413 404
328 3 2 1 9 404 413 414 405
329 3 2 1 9 405 414 415 406
330 3 2 1 9 406 415 75 74
331 3 2 1 9 47 48 416 407
332 3 2 1 9 407 416 417 408
333 3 2 1 9 408 417 418 409
334 3 2 1 9 409 418 419 410
335 3 2 1 9 410 419 420 411
336 3 2 1 9 411 420 421 412
337 3 2 1 9 412 421 422 413
338 3 2 1 9 413 422 423 414
339 3 2 1 9 414 423 424 415
340 3 2 1 9 415 424 76 75
341 3 2 1 9 48 49 425 416
342 3 2 1 9 416 425 426 417
343 3 2 1 9 417 426 427 418
344 3 2 1 9 418 427 428 419
345 3 2 1 9 419 428 429 420
346 3 2 1 9 420 429 430 421
347 3 2 1 9 421 430 431 422
348 3 2 1 9 422 431 432 423
349 3 2 1 9 423 432 433 424
350 3 2 1 9 424 433 77 76
351 3 2 1 9 49 50 434 425
352 3 2 1 9 425 434 435 426
353 3 2 1 9 426 435 436 427
354 3 2 1 9 427 436 437 428
355 3 2 1 9 428 437 438 429
356 3 2 1 9 429 438 439 430
357 3 2 1 9 430 439 440 431
358 3 2 1 9 431 440 441 432
359 3 2 1 9 432 441 442 433
360 3 2 1 9 433 442 78 77
361 3 2 1 9 50 51 443 434
362 3 2 1 9 434 443 444 435
363 3 2 1 9 435 444 445 436
364 3 2 1 9 436 445 446 437
365 3 2 1 9 437 446 447 438
366 3 2 1 9 438 447 448 439
367 3 2 1 9 439 448 449 440
368 3 2 1 9 440 449 450 441
369 3 2 1 9 441 450 451 442
370 3 2 1 9 442 451 79 78
371 3 2 1 9 51 52 452 443
372 3 2 1 9 443 452 453 444
373 3 2 1 9 444 453 454 445
374 3 2 1 9 445 454 455 446
375 3 2 1 9 446 455 456 447
376 3 2 1 9 447 456 457 448
377 3 2 1 9 448 457 458 449
378 3 2 1 9 449 458 459 450
379 3 2 1 9 450 459 460 451
380 3 2 1 9 451 460 80 79
381 3 2 1 9 52 53 461 452
382 3 2 1 9 452 461 462 453
383 3 2 1 9 453 462 463 454
384 3 2 1 9 454 463 464 455
385 3 2 1 9 455 464 465 456
386 3 2 1 9 456 465 466 457
387 3 2 1 9 457 466 467 458
388 3 2 1 9 458 467 468 459
389 3 2 1 9 459 468 469 460
390 3 2 1 9 460 469 81 80
391 3 2 1 9 53 54 470 461
392 3 2 1 9 461 470 471 462
393 3 2 1 9 462 471 472 463
394 3 2 1 9 463 472 473 464
395 3 2 1 9 464 473 474 465
396 3 2 1 9 465 474 475 466
397 3 2 1 9 466 475 476 467
398 3 2 1 9 467 476 477 468
399 3 2 1 9 468 477 478 469
400 3 2 1 9 469 478 82 81
401 3 2 1 9 54 55 479 470
402 3 2 1 9 470 479 480 471
403 3 2 1 9 471 480 481 472
404 3 2 1 9 472 481 482 473
405 3 2 1 9 473 482 483 474
406 3 2 1 9 474 483 484 475
407 3 2 1 9 475 484 485 476
408 3 2 1 9 476 485 486 477
409 3 2 1 9 477 486 487 478
410 3 2 1 9 478 487 83 82
411 3 2 1 9 55 56 488 479
412 3 2 1 9 479 488 489 480
413 3 2 1 9 480 489 490 481
414 3 2 1 9 481 490 491 482
415 3 2 1 9 482 491 492 483
416 3 2 1 9 483 492 493 484
417 3 2 1 9 484 493 494 485
418 3 2 1 9 485 494 495 486
419 3 2 1 9 486 495 496 487
420 3 2 1 9 487 496 84 83
421 3 2 1 9 56 57 497 488
422 3 2 1 9 488 497 498 489
423 3 2 1 9 489 498 499 490
424 3 2 1 9 490 499 500 491
425 3 2 1 9 491 500 501 492
426 3 2 1 9 492 501 502 493
427 3 2 1 9 493 502 503 494
428 3 2 1 9 494 503 504 495
429 3 2 1 9 495 504 505 496
430 3 2 1 9 496 505 85 84
431 3 2 1 9 57 58 506 497
432 3 2 1 9 497 506 507 498
433 3 2 1 9 498 507 508 499
434 3 2 1 9 499 508 509 500
435 3 2 1 9 500 509 510 501
436 3 2 1 9 501 510 511 502
437 3 2 1 9 502 511 512 503
438 3 2 1 9 503 512 513 504
439 3 2 1 9 504 513 514 505
440 3 2 1 9 505 514 86 85
441 3 2 1 9 58 3 119 506
442 3 2 1 9 506 119 120 507
443 3 2 1 9 507 120 121 508
444 3 2 1 9 508 121 122 509
445 3 2 1 9 509 122 123 510
446 3 2 1 9 510 123 124 511
447 3 2 1 9 511 124 125 512
448 3 2 1 9 512 125 126 513
449 3 2 1 9 513 126 127 514
450 3 2 1 9 514 127 7 86
451 3 2 2 10 2 59 515 110
452 3 2 2 10 110 515 516 111
453 3 2 2 10 111 516 517 112
454 3 2 2 10 112 517 518 113
455 3 2 2 10 113 518 519 114
456 3 2 2 10 114 519 520 115
457 3 2 2 10 115 520 521 116
458 3 2 2 10 116 521 522 117
459 3 2 2 10 117 522 523 118
460 3 2 2 10 118 523 87 6
461 3 2 2 10 59 60 524 515
462 3 2 2 10 515 524 525 516
463 3 2 2 10 516 525 526 517
464 3 2 2 10 517 526 527 518
465 3 2 2 10 518 527 528 519
466 3 2 2 10 519 528 529 520
467 3 2 2 10 520 529 530 521
468 3 2 2 10 521 530 531 522
469 3 2 2 10 522 531 532 523
470 3 2 2 10 523 532 88 87
471 3 2 2 10 60 61 533 524
472 3 2 2 10 524 533 534 525
473 3 2 2 10 525 534 535 526
474 3 2 2 10 526 535 536 527
475 3 2 2 10 527 536 537 528
476 3 2 2 10 528 537 538 529
477 3 2 2 10 529 538 539 530
478 3 2 2 10 530 539 540 531
479 3 2 2 10 531 540 541 532
480 3 2 2 10 532 541 89 88
481 3 2 2 10 61 62 542 533
482 3 2 2 10 533 542 543 534
483 3 2 2 10 534 543 544 535
484 3 2 2 10 535 544 545 536
485 3 2 2 10 536 545 546 537
486 3 2 2 10 537 546 547 538
487 3 2 2 10 538 547 548 539
488 3 2 2 10 539 548 549 540
489 3 2 2 10 540 549 550 541
490 3 2 2 10 541 550 90 89
491 3 2 2 10 62 63 551 542
492 3 2 2 10 542 551 552 543
493 3 2 2 10 543 552 553 544
494 3 2 2 10 544 553 554 545
495 3 2 2 10 545 554 555 546
496 3 2 2 10 546 555 556 547
497 3 2 2 10 547 556 557 548
498 3 2 2 10 548 557 558 549
499 3 2 2 10 549 558 559 550
500 3 2 2 10 550 559 91 90
501 3 2 2 10 63 64 560 551
502 3 2 2 10 551 560 561 552
503 3 2 2 10 552 561 562 553
504 3 2 2 10 553 562 563 554
505 3 2 2 10 554 563 564 555
506 3 2 2 10 555 564 565 556
507 3 2 2 10 556 565 566 557
508 3 2 2 10 557 566 567 558
509 3 2 2 10 558 567 568 559
510 3 2 2 10 559 568 92 91
511 3 2 2 10 64 65 569 560
512 3 2 2 10 560 569 570 561
513 3 2 2 10 561 570 571 562
514 3 2 2 10 562 571 572 563
515 3 2 2 10 563 572 573 564
516 3 2 2 10 564 573 574 565
517 3 2 2 10 565 574 575 566
518 3 2 2 10 566 575 576 567
519 3 2 2 10 567 576 577 568
520 3 2 2 10 568 577 93 92
521 3 2 2 10 65 66 578 569
522 3 2 2 10 569 578 579 570
523 3 2 2 10 570 579 580 571
524 3 2 2 10 571 580 581 572
525 3 2 2 10 572 581 582 573
526 3 2 2 10 573 582 583 574
527 3 2 2 10 574 583 584 575
528 3 2 2 10 575 584 585 576
529 3 2 2 10 576 585 586 577
530 3 2 2 10 577 586 94 93
531 3 2 2 10 66 67 587 578
532 3 2 2 10 578 587 588 579
533 3 2 2 10 579 588 589 580
534 3 2 2 10 580 589 590 581
535 3 2 2 10 581 590 591 582
536 3 2 2 10 582 591 592 583
537 3 2 2 10 583 592 593 584
538 3 2 2 10 584 593 594 585
539 3 2 2 10 585 594 595 586
540 3 2 2 10 586 595 95 94
541 3 2 2 10 67 68 596 587
542 3 2 2 10 587 596 597 588
543 3 2 2 10 588 597 598 589
544 3 2 2 10 589 598 599 590
545 3 2 2 10 590 599 600 591
546 3 2 2 10 591 600 601 592
547 3 2 2 10 592 601 602 593
548 3 2 2 10 593 602 603 594
549 3 2 2 10 594 603 604 595
550 3 2 2 10 595 604 96 95
551 3 2 2 10 68 69 605 596
552 3 2 2 10 596 605 606 597
553 3 2 2 10 597 606 607 598
554 3 2 2 10 598 607 608 599
555 3 2 2 10 599 608 609 600
556 3 2 2 10 600 609 610 601
557 3 2 2 10 601 610 611 602
558 3 2 2 10 602 611 612 603
559 3 2 2 10 603 612 613 604
560 3 2 2 10 604 613 97 96
561 3 2 2 10 69 70 614 605
562 3 2 2 10 605 614 615 606
563 3 2 2 10 606 615 616 607
564 3 2 2 10 607 616 617 608
565 3 2 2 10 608 617 618 609
566 3 2 2 10 609 618 619 610
567 3 2 2 10 610 619 620 611
568 3 2 2 10 611 620 621 612
569 3 2 2 10 612 621 622 613
570 3 2 2 10 613 622 98 97
571 3 2 2 10 70 71 623 614
572 3 2 2 10 614 623 624 615
573 3 2 2 10 615 624 625 616
574 3 2 2 10 616 625 626 617
575 3 2 2 10 617 626 627 618
576 3 2 2 10 618 627 628 619
577 3 2 2 10 619 628 629 620
578 3 2 2 10 620 629 630 621
579 3 2 2 10 621 630 631 622
580 3 2 2 10 622 631 99 98
581 3 2 2 10 71 72 632 623
582 3 2 2 10 623 632 633 624
583 3 2 2 10 624 633 634 625
584 3 2 2 10 625 634 635 626
585 3 2 2 10 626 635 636 627
586 3 2 2 10 627 636 637 628
587 3 2 2 10 628 637 638 629
588 3 2 2 10 629 638 639 630
589 3 2 2 10 630 639 640 631
590 3 2 2 10 631 640 100 99
591 3 2 2 10 72 4 128 632
592 3 2 2 10 632 128 129 633
593 3 2 2 10 633 129 130 634
594 3 2 2 10 634 130 131 635
595 3 2 2 10 635 131 132 636
596 3 2 2 10 636 132 133 637
597 3 2 2 10 637 133 134 638
598 3 2 2 10 638 134 135 639
599 3 2 2 10 639 135 136 640
600 3 2 2 10 640 136 8 100
601 3 2 3 17 1 9 641 101
602 3 2 3 17 101 641 642 102
603 3 2 3 17 102 642 643 103
604 3 2 3 17 103 643 644 104
605 3 2 3 17 104 644 645 105
606 3 2 3 17 105 645 646 106
607 3 2 3 17 106 646 647 107
608 3 2 3 17 107 647 648 108
609 3 2 3 17 108 648 649 109
610 3 2 3 17 109 649 27 5
611 3 2 3 17 9 10 650 641
612 3 2 3 17 641 650 651 642
613 3 2 3 17 642 651 652 643
614 3 2 3 17 643 652 653 644
615 3 2 3 17 644 653 654 645
616 3 2 3 17 645 654 655 646
617 3 2 3 17 646 655 656 647
618 3 2 3 17 647 656 657 648
619 3 2 3 17 648 657 658 649
620 3 2 3 17 649 658 28 27
621 3 2 3 17 10 11 659 650
622 3 2 3 17 650 659 660 651
623 3 2 3 17 651 660 661 652
624 3 2 3 17 652 661 662 653
625 3 2 3 17 653 662 663 654
626 3 2 3 17 654 663 664 655
627 3 2 3 17 655 664 665 656
628 3 2 3 17 656 665 666 657
629 3 2 3 17 657 666 667 658
630 3 2 3 17 658 667 29 28
631 3 2 3 17 11 12 668 659
632 3 2 3 17 659 668 669 660
633 3 2 3 17 660 669 670 661
634 3 2 3 17 661 670 671 662
635 3 2 3 17 662 671 672 663
636 3 2 3 17 663 672 673 664
637 3 2 3 17 664 673 674 665
638 3 2 3 17 665 674 675 666
639 3 2 3 17 666 675 676 667
640 3 2 3 17 667 676 30 29
641 3 2 3 17 12 13 677 668
642 3 2 3 17 668 677 678 669
643 3 2 3 17 669 678 679 670
644 3 2 3 17 670 679 680 671
645 3 2 3 17 671 680 681 672
646 3 2 3 17 672 681 682 673
647 3 2 3 17 673 682 683 674
648 3 2 3 17 674 683 684 675
649 3 2 3 17 675 684 685 676
650 3 2 3 17 676 685 31 30
651 3 2 3 17 13 14 686 677
652 3 2 3 17 677 686 687 678
653 3 2 3 17 678 687 688 679
654 3 2 3 17 679 688 689 680
655 3 2 3 17 680 689 690 681
656 3 2 3 17 681 690 691 682
657 3 2 3 17 682 691 692 683
658 3 2 3 17 683 692 693 684
659 3 2 3 17 684 693 694 685
660 3 2 3 17 685 694 32 31
661 3 2 3 17 14 15 695 686
662 3 2 3 17 686 695 696 687
663 3 2 3 17 687 696 697 688
664 3 2 3 17 688 697 698 689
665 3 2 3 17 689 698 699 690
666 3 2 3 17 690 699 700 691
667 3 2 3 17 691 700 701 692
668 3 2 3 17 692 701 702 693
669 3 2 3 17 693 702 703 694
670 3 2 3 17 694 703 33 32
671 3 2 3 17 15 16 704 695
672 3 2 3 17 695 704 705 696
673 3 2 3 17 696 705 706 697
674 3 2 3 17 697 706 707 698
675 3 2 3 17 698 707 708 699
676 3 2 3 17 699 708 709 700
677 3 2 3 17 700 709 710 701
678 3 2 3 17 701 710 711 702
679 3 2 3 17 702 711 712 703
680 3 2 3 17 703 712 34 33
681 3 2 3 17 16 17 713 704
682 3 2 3 17 704 713 714 705
683 3 2 3 17 705 714 715 706
684 3 2 3 17 706 715 716 707
685 3 2 3 17 707 716 717 708
686 3 2 3 17 708 717 718 709
687 3 2 3 17 709 718 719 710
688 3 2 3 17 710 719 720 711
689 3 2 3 17 711 720 721 712
690 3 2 3 17 712 721 35 34
691 3 2 3 17 17 2 110 713
692 3 2 3 17 713 110 111 714
693 3 2 3 17 714 111 112 715
694 3 2 3 17 715 112 113 716
695 3 2 3 17 716 113 114 717
696 3 2 3 17 717 114 115 718
697 3 2 3 17 718 115 116 719
698 3 2 3 17 719 116 117 720
699 3 2 3 17 720 117 118 721
700 3 2 3 17 721 118 6 35
701 3 2 4 19 3 18 722 119
702 3 2 4 19 119 722 723 120
703 3 2 4 19 120 723 724 121
704 3 2 4 19 121 724 725 122
705 3 2 4 19 122 725 726 123
706 3 2 4 19 123 726 727 124
707 3 2 4 19 124 727 728 125
708 3 2 4 19 125 728 729 126
709 3 2 4 19 126 729 730 127
710 3 2 4 19 127 730 36 7
711 3 2 4 19 18 19 731 722
712 3 2 4 19 722 731 732 723
713 3 2 4 19 723 732 733 724
714 3 2 4 19 724 733 734 725
715 3 2 4 19 725 734 735 726
716 3 2 4 19 726 735 736 727
717 3 2 4 19 727 736 737 728
718 3 2 4 19 728 737 738 729
719 3 2 4 19 729 738 739 730
720 3 2 4 19 730 739 37 36
721 3 2 4 19 19 20 740 731
722 3 2 4 19 731 740 741 732
723 3 2 4 19 732 741 742 733
724 3 2 4 19 733 742 743 734
725 3 2 4 19 734 743 744 735
726 3 2 4 19 735 744 745 736
727 3 2 4 19 736 745 746 737
728 3 2 4 19 737 746 747 738
729 3 2 4 19 738 747 748 739
730 3 2 4 19 739 748 38 37
731 3 2 4 19 20 21 749 740
732 3 2 4 19 740 749 750 741
733 3 2 4 19 741 750 751 742
734 3 2 4 19 742 751 752 743
735 3 2 4 19 743 752 753 744
736 3 2 4 19 744 753 754 745
737 3 2 4 19 745 754 755 746
738 3 2 4 19 746 755 756 747
739 3 2 4 19 747 756 757 748
740 3 2 4 19 748 757 39 38
741 3 2 4 19 21 22 758 749
742 3 2 4 19 749 758 759 750
743 3 2 4 19 750 759 760 751
744 3 2 4 19 751 760 761 752
745 3 2 4 19 752 761 762 753
746 3 2 4 19 753 762 763 754
747 3 2 4 19 754 763 764 755
748 3 2 4 19 755 764 765 756
749 3 2 4 19 756 765 766 757
750 3 2 4 19 757 766 40 39
751 3 2 4 19 22 23 767 758
752 3 2 4 19 758 767 768 759
753 3 2 4 19 759 768 769 760
754 3 2 4 19 760 769 770 761
755 3 2 4 19 761 770 771 762
756 3 2 4 19 762 771 772 763
757 3 2 4 19 763 772 773 764
758 3 2 4 19 764 773 774 765
759 3 2 4 19 765 774 775 766
760 3 2 4 19 766 775 41 40
761 3 2 4 19 23 24 776 767
762 3 2 4 19 767 776 777 768
763 3 2 4 19 768 777 778 769
764 3 2 4 19 769 778 779 770
765 3 2 4 19 770 779 780 771
766 3 2 4 19 771 780 781 772
767 3 2 4 19 772 781 782 773
768 3 2 4 19 773 782 783 774
769 3 2 4 19 774 783 784 775
770 3 2 4 19 775 784 42 41
771 3 2 4 19 24 25 785 776
772 3 2 4 19 776 785 786 777
773 3 2 4 19 777 786 787 778
774 3 2 4 19 778 787 788 779
775 3 2 4 19 779 788 789 780
776 3 2 4 19 780 789 790 781
777 3 2 4 19 781 790 791 782
778 3 2 4 19 782 791 792 783
779 3 2 4 19 783 792 793 784
780 3 2 4 19 784 793 43 42
781 3 2 4 19 25 26 794 785
782 3 2 4 19 785 794 795 786
783 3 2 4 19 786 795 796 787
784 3 2 4 19 787 796 797 788
785 3 2 4 19 788 797 798 789
786 3 2 4 19 789 798 799 790
787 3 2 4 19 790 799 800 791
788 3 2 4 19 791 800 801 792
789 3 2 4 19 792 801 802 793
790 3 2 4 19 793 802 44 43
791 3 2 4 19 26 4 128 794
792 3 2 4 19 794 128 129 795
793 3 2 4 19 795 129 130 796
794 3 2 4 19 796 130 131 797
795 3 2 4 19 797 131 132 798
796 3 2 4 19 798 132 133 799
797 3 2 4 19 799 133 134 800
798 3 2 4 19 800 134 135 801
799 3 2 4 19 801 135 136 802
800 3 2 4 19 802 136 8 44
801 5 2 0 0 1 9 137 45 101 641 803 389
802 5 2 0 0 101 641 803 389 102 642 804 390
803 5 2 0 0 102 642 804 390 103 643 805 391
804 5 2 0 0 103 643 805 391 104 644 806 392
805 5 2 0 0 104 644 806 392 105 645 807 393
806 5 2 0 0 105 645 807 393 106 646 808 394
807 5 2 0 0 106 646 808 394 107 647 809 395
808 5 2 0 0 107 647 809 395 108 648 810 396
809 5 2 0 0 108 648 810 396 109 649 811 397
810 5 2 0 0 109 649 811 397 5 27 263 73
811 5 2 0 0 45 137 138 46 389 803 812 398
812 5 2 0 0 389 803 812 398 390 804 813 399
813 5 2 0 0 390 804 813 399 391 805 814 400
814 5 2 0 0 391 805 814 400 392 806 815 401
815 5 2 0 0 392 806 815 401 393 807 816 402
816 5 2 0 0 393 807 816 402 394 808 817 403
817 5 2 0 0 394 808 817 403 395 809 818 404
818 5 2 0 0 395 809 818 404 396 810 819 405
819 5 2 0 0 396 810 819 405 397 811 820 406
820 5 2 0 0 397 811 820 406 73 263 264 74
821 5 2 0 0 46 138 139 47 398 812 821 407
822 5 2 0 0 398 812 821 407 399 813 822 408
823 5 2 0 0 399 813 822 408 400 814 823 409
824 5 2 0 0 400 814 823 409 401 815 824 410
825 5 2 0 0 401 815 824 410 402 816 825 411
826 5 2 0 0 402 816 825 411 403 817 826 412
827 5 2 0 0 403 817 826 412 404 818 827 413
828 5 2 0 0 404 818 827 413 405 819 828 414
829 5 2 0 0 405 819 828 414 406 820 829 415
830 5 2 0 0 406 820 829 415 74 264 265 75
831 5 2 0 0 47 139 140 48 407 821 830 416
832 5 2 0 0 407 821 830 416 408 822 831 417
833 5 2 0 0 408 822 831 417 409 823 832 418
834 5 2 0 0 409 823 832 418 410 824 833 419
835 5 2 0 0 410 824 833 419 411 825 834 420
836 5 2 0 0 411 825 834 420 412 826 835 421
837 5 2 0 0 412 826 835 421 413 827 836 422
838 5 2 0 0 413 827 836 422 414 828 837 423
839 5 2 0 0 414 828 837 423 415 829 838 424
840 5 2 0 0 415 829 838 424 75 265 266 76
841 5 2 0 0 48 140 141 49 416 830 839 425
842 5 2 0 0 416 830 839 425 417 831 840 426
843 5 2 0 0 417 831 840 426 418 832 841 427
844 5 2 0 0 418 832 841 427 419 833 842 428
845 5 2 0 0 419 833 842 428 420 834 843 429
846 5 2 0 0 420 834 843 429 421 835 844 430
847 5 2 0 0 421 835 844 430 422 836 845 431
848 5 2 0 0 422 836 845 431 423 837 846 432
849 5 2 0 0 423 837 846 432 424 838 847 433
850 5 2 0 0 424 838 847 433 76 266 267 77
851 5 2 0 0 49 141 142 50 425 839 848 434
852 5 2 0 0 425 839 848 434 426 840 849 435
853 5 2 0 0 426 840 849 435 427 841 850 436
854 5 2 0 0 427 841 850 436 428 842 851 437
855 5 2 0 0 428 842 851 437 429 843 852 438
856 5 2 0 0 429 843 852 438 430 844 853 439
857 5 2 0 0 430 844 853 439 431 845 854 440
858 5 2 0 0 431 845 854 440 432 846 855 441
859 5 2 0 0 432 846 855 441 433 847 856 442
860 5 2 0 0 433 847 856 442 77 267 268 78
861 5 2 0 0 50 142 143 51 434 848 857 443
862 5 2 0 0 434 848 857 443 435 849 858 444
863 5 2 0 0 435 849 858 444 436 850 859 445
864 5 2 0 0 436 850 859 445 437 851 860 446
865 5 2 0 0 437 851 860 446 438 852 861 447
866 5 2 0 0 438 852 861 447 439 853 862 448
867 5 2 0 0 439 853 862 448 440 854 863 449
868 5 2 0 0 440 854 863 449 441 855 864 450
869 5 2 0 0 441 855 864 450 442 856 865 451
870 5 2 0 0 442 856 865 451 78 268 269 79
871 5 2 0 0 51 143 144 52 443 857 866 452
872 5 2 0 0 443 857 866 452 444 858 867 453
873 5 2 0 0 444 858 867 453 445 859 868 454
874 5 2 0 0 445 859 868 454 446 860 869 455
875 5 2 0 0 446 860 869 455 447 861 870 456
876 5 2 0 0 447 861 870 456 448 862 871 457
877 5 2 0 0 448 862 871 457 449 863 872 458
878 5 2 0 0 449 863 872 458 450 864 873 459
879 5 2 0 0 450 864 873 459 451 865 874 460
880 5 2 0 0 451 865 874 460 79 269 270 80
881 5 2 0 0 52 144 145 53 452 866 875 461
882 5 2 0 0 452 866 875 461 453 867 876 462
883 5 2 0 0 453 867 876 462 454 868 877 463
884 5 2 0 0 454 868 877 463 455 869 878 464
885 5 2 0 0 455 869 878 464 456 870 879 465
886 5 2 0 0 456 870 879 465 457 871 880 466
887 5 2 0 0 457 871 880 466 458 872 881 467
888 5 2 0 0 458 872 881 467 459 873 882 468
889 5 2 0 0 459 873 882 468 460 874 883 469
890 5 2 0 0 460 874 883 469 80 270 271 81
891 5 2 0 0 53 145 146 54 461 875 884 470
892 5 2 0 0 461 875 884 470 462 876 885 471
893 5 2 0 0 462 876 885 471 463 877 886 472
894 5 2 0 0 463 877 886 472 464 878 887 473
895 5 2 0 0 464 878 887 473 465 879 888 474
896 5 2 0 0 465 879 888 474 466 880 889 475
897 5 2 0 0 466 880 889 475 467 881 890 476
898 5 2 0 0 467 881 890 476 468 882 891 477
899 5 2 0 0 468 882 891 477 469 883 892 478
900 5 2 0 0 469 883 892 478 81 271 272 82
901 5 2 0 0 54 146 147 55 470 884 893 479
902 5 2 0 0 470 884 893 479 471 885 894 480
903 5 2 0 0 471 885 894 480 472 886 895 481
904 5 2 0 0 472 886 895 481 473 887 896 482
905 5 2 0 0 473 887 896 482 474 888 897 483
906 5 2 0 0 474 888 897 483 475 889 898 484
907 5 2 0 0 475 889 898 484 476 890 899 485
908 5 2 0 0 476 890 899 485 477 891 900 486
909 5 2 0 0 477 891 900 486 478 892 901 487
910 5 2 0 0 478 892 901 487 82 272 273 83
911 5 2 0 0 55 147 148 56 479 893 902 488
912 5 2 0 0 479 893 902 488 480 894 903 489
913 5 2 0 0 480 894 903 489 481 895 904 490
914 5 2 0 0 481 895 904 490 482 896 905 491
915 5 2 0 0 482 896 905 491 483 897 906 492
916 5 2 0 0 483 897 906 492 484 898 907 493
917 5 2 0 0 484 898 907 493 485 899 908 494
918 5 2 0 0 485 899 908 494 486 900 909 495
919 5 2 0 0 486 900 909 495 487 901 910 496
920 5 2 0 0 487 901 910 496 83 273 274 84
921 5 2 0 0 56 148 149 57 488 902 911 497
922 5 2 0 0 488 902 911 497 489 903 912 498
923 5 2 0 0 489 903 912 498 490 904 913 499
924 5 2 0 0 490 904 913 499 491 905 914 500
925 5 2 0 0 491 905 914 500 492 906 915 501
926 5 2 0 0 492 906 915 501 493 907 916 502
927 5 2 0 0 493 907 916 502 494 908 917 503
928 5 2 0 0 494 908 917 503 495 909 918 504
929 5 2 0 0 495 909 918 504 496 910 919 505
930 5 2 0 0 496 910 919 505 84 274 275 85
931 5 2 0 0 57 149 150 58 497 911 920 506
932 5 2 0 0 497 911 920 506 498 912 921 507
933 5 2 0 0 498 912 921 507 499 913 922 508
934 5 2 0 0 499 913 922 508 500 914 923 509
935 5 2 0 0 500 914 923 509 501 915 924 510
936 5 2 0 0 501 915 924 510 502 916 925 511
937 5 2 0 0 502 916 925 511 503 917 926 512
938 5 2 0 0 503 917 926 512 504 918 927 513
939 5 2 0 0 504 918 927 513 505 919 928 514
940 5 2 0 0 505 919 928 514 85 275 276 86
941 5 2 0 0 58 150 18 3 506 920 722 119
942 5 2 0 0 506 920 722 119 507 921 723 120
943 5 2 0 0 507 921 723 120 508 922 724 121
944 5 2 0 0 508 922 724 121 509 923 725 122
945 5 2 0 0 509 923 725 122 510 924 726 123
946 5 2 0 0 510 924 726 123 511 925 727 124
947 5 2 0 0 511 925 727 124 512 926 728 125
948 5 2 0 0 512 926 728 125 513 927 729 126
949 5 2 0 0 513 927 729 126 514 928 730 127
950 5 2 0 0 514 928 730 127 86 276 36 7
951 5 2 0 0 9 10 151 137 641 650 929 803
952 5 2 0 0 641 650 929 803 642 651 930 804
953 5 2 0 0 642 651 930 804 643 652 931 805
954 5 2 0 0 643 652 931 805 644 653 932 806
955 5 2 0 0 644 653 932 806 645 654 933 807
956 5 2 0 0 645 654 933 807 646 655 934 808
957 5 2 0 0 646 655 934 808 647 656 935 809
958 5 2 0 0 647 656 935 809 648 657 936 810
959 5 2 0 0 648 657 936 810 649 658 937 811
960 5 2 0 0 649 658 937 811 27 28 277 263
961 5 2 0 0 137 151 152 138 803 929 938 812
962 5 2 0 0 803 929 938 812 804 930 939 813
963 5 2 0 0 804 930 939 813 805 931 940 814
964 5 2 0 0 805 931 940 814 806 932 941 815
965 5 2 0 0 806 932 941 815 807 933 942 816
966 5 2 0 0 807 933 942 816 808 934 943 817
967 5 2 0 0 808 934 943 817 809 935 944 818
968 5 2 0 0 809 935 944 818 810 936 945 819
969 5 2 0 0 810 936 945 819 811 937 946 820
970 5 2 0 0 811 937 946 820 263 277 278 264
971 5 2 0 0 138 152 153 139 812 938 947 821
972 5 2 0 0 812 938 947 821 813 939 948 822
973 5 2 0 0 813 939 948 822 814 940 949 823
974 5 2 0 0 814 940 949 823 815 941 950 824
975 5 2 0 0 815 941 950 824 816 942 951 825
976 5 2 0 0 816 942 951 825 817 943 952 826
977 5 2 0 0 817 943 952 826 818 944 953 827
978 5 2 0 0 818 944 953 827 819 945 954 828
979 5 2 0 0 819 945 954 828 820 946 955 829
980 5 2 0 0 820 946 955 829 264 278 279 265
981 5 2 0 0 139 153 154 140 821 947 956 830
982 5 2 0 0 821 947 956 830 822 948 957 831
983 5 2 0 0 822 948 957 831 823 949 958 832
984 5 2 0 0 823 949 958 832 824 950 959 833
985 5 2 0 0 824 950 959 833 825 951 960 834
986 5 2 0 0 825 951 960 834 826 952 961 835
987 5 2 0 0 826 952 961 835 827 953 962 836
988 5 2 0 0 827 953 962 836 828 954 963 837
989 5 2 0 0 828 954 963 837 829 955 964 838
990 5 2 0 0 829 955 964 838 265 279 280 266
991 5 2 0 0 140 154 155 141 830 956 965 839
992 5 2 0 0 830 956 965 839 831 957 966 840
993 5 2 0 0 831 957 966 840 832 958 967 841
994 5 2 0 0 832 958 967 841 833 959 968 842
995 5 2 0 0 833 959 968 842 834 960 969 843
996 5 2 0 0 834 960 969 843 835 961 970 844
997 5 2 0 0 835 961 970 844 836 962 971 845
998 5 2 0 0 836 962 971 845 837 963 972 846
999 5 2 0 0 837 963 972 846 838 964 973 847
1000 5 2 0 0 838 964 973 847 266 280 281 267
1001 5 2 0 0 141 155 156 142 839 965 974 848
1002 5 2 0 0 839 965 974 848 840 966 975 849
1003 5 2 0 0 840 966 975 849 841 967 976 850
1004 5 2 0 0 841 967 976 850 842 968 977 851
1005 5 2 0 0 842 968 977 851 843 969 978 852
1006 5 2 0 0 843 969 978 852 844 970 979 853
1007 5 2 0 0 844 970 979 853 845 971 980 854
1008 5 2 0 0 845 971 980 854 846 972 981 855
1009 5 2 0 0 846 972 981 855 847 973 982 856
1010 5 2 0 0 847 973 982 856 267 281 282 268
1011 5 2 0 0 142 156 157 143 848 974 983 857
1012 5 2 0 0 848 974 983 857 849 975 984 858
1013 5 2 0 0 849 975 984 858 850 976 985 859
1014 5 2 0 0 850 976 985 859 851 977 986 860
1015 5 2 0 0 851 977 986 860 852 978 987 861
1016 5 2 0 0 852 978 987 861 853 979 988 862
1017 5 2 0 0 853 979 988 862 854 980 989 863
1018 5 2 0 0 854 980 989 863 855 981 990 864
1019 5 2 0 0 855 981 990 864 856 982 991 865
1020 5 2 0 0 856 982 991 865 268 282 283 269
1021 5 2 0 0 143 157 158 144 857 983 992 866
1022 5 2 0 0 857 983 992 866 858 984 993 867
1023 5 2 0 0 858 984 993 867 859 985 994 868
1024 5 2 0 0 859 985 994 868 860 986 995 869
1025 5 2 0 0 860 986 995 869 861 987 996 870
1026 5 2 0 0 861 987 996 870 862 988 997 871
1027 5 2 0 0 862 988 997 871 863 989 998 872
1028 5 2 0 0 863 989 998 872 864 990 999 873
1029 5 2 0 0 864 990 999 873 865 991 1000 874
1030 5 2 0 0 865 991 1000 874 269 283 284 270
1031 5 2 0 0 144 158 159 145 866 992 1001 875
1032 5 2 0 0 866 992 1001 875 867 993 1002 876
1033 5 2 0 0 867 993 1002 876 868 994 1003 877
1034 5 2 0 0 868 994 1003 877 869 995 1004 878
1035 5 2 0 0 869 995 1004 878 870 996 1005 879
1036 5 2 0 0 870 996 1005 879 871 997 1006 880
1037 5 2 0 0 871 997 1006 880 872 998 1007 881
1038 5 2 0 0 872 998 1007 881 873 999 1008 882
1039 5 2 0 0 873 999 1008 882 874 1000 1009 883
1040 5 2 0 0 874 1000 1009 883 270 284 285 271
1041 5 2 0 0 145 159 160 146 875 1001 1010 884
1042 5 2 0 0 875 1001 1010 884 876 1002 1011 885
1043 5 2 0 0 876 1002 1011 885 877 1003 1012 886
1044 5 2 0 0 877 1003 1012 886 878 1004 1013 887
1045 5 2 0 0 878 1004 1013 887 879 1005 1014 888
1046 5 2 0 0 879 1005 1014 888 880 1006 1015 889
1047 5 2 0 0 880 1006 1015 889 881 1007 1016 890
1048 5 2 0 0 881 1007 1016 890 882 1008 1017 891
1049 5 2 0 0 882 1008 1017 891 883 1009 1018 892
1050 5 2 0 0 883 1009 1018 892 271 285 286 272
1051 5 2 0 0 146 160 161 147 884 1010 1019 893
1052 5 2 0 0 884 1010 1019 893 885 1011 1020 894
1053 5 2 0 0 885 1011 1020 894 886 1012 1021 895
1054 5 2 0 0 886 1012 1021 895 887 1013 1022 896
1055 5 2 0 0 887 1013 1022 896 888 1014 1023 897
1056 5 2 0 0 888 1014 1023 897 889 1015 1024 898
1057 5 2 0 0 889 1015 1024 898 890 1016 1025 899
1058 5 2 0 0 890 1016 1025 899 891 1017 1026 900
1059 5 2 0 0 891 1017 1026 900 892 1018 1027 901
1060 5 2 0 0 892 1018 1027 901 272 286 287 273
1061 5 2 0 0 147 161 162 148 893 1019 1028 902
1062 5 2 0 0 893 1019 1028 902 894 1020 1029 903
1063 5 2 0 0 894 1020 1029 903 895 1021 1030 904
1064 5 2 0 0 895 1021 1030 904 896 1022 1031 905
1065 5 2 0 0 896 1022 1031 905 897 1023 1032 906
1066 5 2 0 0 897 1023 1032 906 898 1024 1033 907
1067 5 2 0 0 898 1024 1033 907 899 1025 1034 908
1068 5 2 0 0 899 1025 1034 908 900 1026 1035 909
1069 5 2 0 0 900 1026 1035 909 901 1027 1036 910
1070 5 2 0 0 901 1027 1036 910 273 287 288 274
1071 5 2 0 0 148 162 163 149 902 1028 1037 911
1072 5 2 0 0 902 1028 1037 911 903 1029 1038 912
1073 5 2 0 0 903 1029 1038 912 904 1030 1039 913
1074 5 2 0 0 904 1030 1039 913 905 1031 1040 914
1075 5 2 0 0 905 1031 1040 914 906 1032 1041 915
1076 5 2 0 0 906 1032 1041 915 907 1033 1042 916
1077 5 2 0 0 907 1033 1042 916 908 1034 1043 917
1078 5 2 0 0 908 1034 1043 917 909 1035 1044 918
1079 5 2 0 0 909 1035 1044 918 910 1036 1045 919
1080 5 2 0 0 910 1036 1045 919 274 288 289 275
1081 5 2 0 0 149 163 164 150 911 1037 1046 920
1082 5 2 0 0 911 1037 1046 920 912 1038 1047 921
1083 5 2 0 0 912 1038 1047 921 913 1039 1048 922
1084 5 2 0 0 913 1039 1048 922 914 1040 1049 923
1085 5 2 0 0 914 1040 1049 923 915 1041 1050 924
1086 5 2 0 0 915 1041 1050 924 916 1042 1051 925
1087 5 2 0 0 916 1042 1051 925 917 1043 1052 926
1088 5 2 0 0 917 1043 1052 926 918 1044 1053 927
1089 5 2 0 0 918 1044 1053 927 919 1045 1054 928
1090 5 2 0 0 919 1045 1054 928 275 289 290 276
1091 5 2 0 0 150 164 19 18 920 1046 731 722
1092 5 2 0 0 920 1046 731 722 921 1047 732 723
1093 5 2 0 0 921 1047 732 723 922 1048 733 724
1094 5 2 0 0 922 1048 733 724 923 1049 734 725
1095 5 2 0 0 923 1049 734 725 924 1050 735 726
1096 5 2 0 0 924 1050 735 726 925 1051 736 727
1097 5 2 0 0 925 1051 736 727 926 1052 737 728
1098 5 2 0 0 926 1052 737 728 927 1053 738 729
1099 5 2 0 0 927 1053 738 729 928 1054 739 730
1100 5 2 0 0 928 1054 739 730 276 290 37 36
1101 5 2 0 0 10 11 165 151 650 659 1055 929
1102 5 2 0 0 650 659 1055 929 651 660 1056 930
1103 5 2 0 0 651 660 1056 930 652 661 1057 931
1104 5 2 0 0 652 661 1057 931 653 662 1058 932
1105 5 2 0 0 653 662 1058 932 654 663 1059 933
1106 5 2 0 0 654 663 1059 933 655 664 1060 934
1107 5 2 0 0 655 664 1060 934 656 665 1061 935
1108 5 2 0 0 656 665 1061 935 657 666 1062 936
1109 5 2 0 0 657 666 1062 936 658 667 1063 937
1110 5 2 0 0 658 667 1063 937 28 29 291 277
1111 5 2 0 0 151 165 166 152 929 1055 1064 938
1112 5 2 0 0 929 1055 1064 938 930 1056 1065 939
1113 5 2 0 0 930 1056 1065 939 931 1057 1066 940
1114 5 2 0 0 931 1057 1066 940 932 1058 1067 941
1115 5 2 0 0 932 1058 1067 941 933 1059 1068 942
1116 5 2 0 0 933 1059 1068 942 934 1060 1069 943
1117 5 2 0 0 934 1060 1069 943 935 1061 1070 944
1118 5 2 0 0 935 1061 1070 944 936 1062 1071 945
1119 5 2 0 0 936 1062 1071 945 937 1063 1072 946
1120 5 2 0 0 937 1063 1072 946 277 291 292 278
1121 5 2 0 0 152 166 167 153 938 1064 1073 947
1122 5 2 0 0 938 1064 1073 947 939 1065 1074 948
1123 5 2 0 0 939 1065 1074 948 940 1066 1075 949
1124 5 2 0 0 940 1066 1075 949 941 1067 1076 950
1125 5 2 0 0 941 1067 1076 950 942 1068 1077 951
1126 5 2 0 0 942 1068 1077 951 943 1069 1078 952
1127 5 2 0 0 943 1069 1078 952 944 1070 1079 953
1128 5 2 0 0 944 1070 1079 953 945 1071 1080 954
1129 5 2 0 0 945 1071 1080 954 946 1072 1081 955
1130 5 2 0 0 946 1072 1081 955 278 292 293 279
1131 5 2 0 0 153 167 168 154 947 1073 1082 956
1132 5 2 0 0 947 1073 1082 956 948 1074 1083 957
1133 5 2 0 0 948 1074 1083 957 949 1075 1084 958
1134 5 2 0 0 949 1075 1084 958 950 1076 1085 959
1135 5 2 0 0 950 1076 1085 959 951 1077 1086 960
1136 5 2 0 0 951 1077 1086 960 952 1078 1087 961
1137 5 2 0 0 952 1078 1087 961 953 1079 1088 962
1138 5 2 0 0 953 1079 1088 962 954 1080 1089 963
1139 5 2 0 0 954 1080 1089 963 955 1081 1090 964
1140 5 2 0 0 955 1081 1090 964 279 293 294 280
1141 5 2 0 0 154 168 169 155 956 1082 1091 965
1142 5 2 0 0 956 1082 1091 965 957 1083 1092 966
1143 5 2 0 0 957 1083 1092 966 958 1084 1093 967
1144 5 2 0 0 958 1084 1093 967 959 1085 1094 968
1145 5 2 0 0 959 1085 1094 968 960 1086 1095 969
1146 5 2 0 0 960 1086 1095 969 961 1087 1096 970
1147 5 2 0 0 961 1087 1096 970 962 1088 1097 971
1148 5 2 0 0 962 1088 1097 971 963 1089 1098 972
1149 5 2 0 0 963 1089 1098 972 964 1090 1099 973
1150 5 2 0 0 964 1090 1099 973 280 294 295 281
1151 5 2 0 0 155 169 170 156 965 1091 1100 974
1152 5 2 0 0 965 1091 1100 974 966 1092 1101 975
1153 5 2 0 0 966 1092 1101 975 967 1093 1102 976
1154 5 2 0 0 967 1093 1102 976 968 1094 1103 977
1155 5 2 0 0 968 1094 1103 977 969 1095 1104 978
1156 5 2 0 0 969 1095 1104 978 970 1096 1105 979
1157 5 2 0 0 970 1096 1105 979 971 1097 1106 980
1158 5 2 0 0 971 1097 1106 980 972 1098 1107 981
1159 5 2 0 0 972 1098 1107 981 973 1099 1108 982
1160 5 2 0 0 973 1099 1108 982 281 295 296 282
1161 5 2 0 0 156 170 171 157 974 1100 1109 983
1162 5 2 0 0 974 1100 1109 983 975 1101 1110 984
1163 5 2 0 0 975 1101 1110 984 976 1102 1111 985
1164 5 2 0 0 976 1102 1111 985 977 1103 1112 986
1165 5 2 0 0 977 1103 1112 986 978 1104 1113 987
1166 5 2 0 0 978 1104 1113 987 979 1105 1114 988
1167 5 2 0 0 979 1105 1114 988 980 1106 1115 989
1168 5 2 0 0 980 1106 1115 989 981 1107 1116 990
1169 5 2 0 0 981 1107 1116 990 982 1108 1117 991
1170 5 2 0 0 982 1108 1117 991 282 296 297 283
1171 5 2 0 0 157 171 172 158 983 1109 1118 992
1172 5 2 0 0 983 1109 1118 992 984 1110 1119 993
1173 5 2 0 0 984 1110 1119 993 985 1111 1120 994
1174 5 2 0 0 985 1111 1120 994 986 1112 1121 995
1175 5 2 0 0 986 1112 1121 995 987 1113 1122 996
1176 5 2 0 0 987 1113 1122 996 988 1114 1123 997
1177 5 2 0 0 988 1114 1123 997 989 1115 1124 998
1178 5 2 0 0 989 1115 1124 998 990 1116 1125 999
1179 5 2 0 0 990 1116 1125 999 991 1117 1126 1000
1180 5 2 0 0 991 1117 1126 1000 283 297 298 284
1181 5 2 0 0 158 172 173 159 992 1118 1127 1001
1182 5 2 0 0 992 1118 1127 1001 993 1119 1128 1002
1183 5 2 0 0 993 1119 1128 1002 994 1120 1129 1003
1184 5 2 0 0 994 1120 1129 1003 995 1121 1130 1004
1185 5 2 0 0 995 1121 1130 1004 996 1122 1131 1005
1186 5 2 0 0 996 1122 1131 1005 997 1123 1132 1006
1187 5 2 0 0 997 1123 1132 1006 998 1124 1133 1007
1188 5 2 0 0 998 1124 1133 1007 999 1125 1134 1008
1189 5 2 0 0 999 1125 1134 1008 1000 1126 1135 1009
1190 5 2 0 0 1000 1126 1135 1009 284 298 299 285
1191 5 2 0 0 159 173 174 160 1001 1127 1136 1010
1192 5 2 0 0 1001 1127 1136 1010 1002 1128 1137 1011
1193 5 2 0 0 1002 1128 1137 1011 1003 1129 1138 1012
1194 5 2 0 0 1003 1129 1138 1012 1004 1130 1139 1013
1195 5 2 0 0 1004 1130 1139 1013 1005 1131 1140 1014
1196 5 2 0 0 1005 1131 1140 1014 1006 1132 1141 1015
1197 5 2 0 0 1006 1132 1141 1015 1007 1133 1142 1016
1198 5 2 0 0 1007 1133 1142 1016 1008 1134 1143 1017
1199 5 2 0 0 1008 1134 1143 1017 1009 1135 1144 1018
1200 5 2 0 0 1009 1135 1144 1018 285 299 300 286
1201 5 2 0 0 160 174 175 161 1010 1136 1145 1019
1202 5 2 0 0 1010 1136 1145 1019 1011 1137 1146 1020
1203 5 2 0 0 1011 1137 1146 1020 1012 1138 1147 1021
1204 5 2 0 0 1012 1138 1147 1021 1013 1139 1148 1022
1205 5 2 0 0 1013 1139 1148 1022 1014 1140 1149 1023
1206 5 2 0 0 1014 1140 1149 1023 1015 1141 1150 1024
1207 5 2 0 0 1015 1141 1150 1024 1016 1142 1151 1025
1208 5 2 0 0 1016 1142 1151 1025 1017 1143 1152 1026
1209 5 2 0 0 1017 1143 1152 1026 1018 1144 1153 1027
1210 5 2 0 0 1018 1144 1153 1027 286 300 301 287
1211 5 2 0 0 161 175 176 162 1019 1145 1154 1028
1212 5 2 0 0 1019 1145 1154 1028 1020 1146 1155 1029
1213 5 2 0 0 1020 1146 1155 1029 1021 1147 1156 1030
1214 5 2 0 0 1021 1147 1156 1030 1022 1148 1157 1031
1215 5 2 0 0 1022 1148 1157 1031 1023 1149 1158 1032
1216 5 2 0 0 1023 1149 1158 1032 1024 1150 1159 1033
1217 5 2 0 0 1024 1150 1159 1033 1025 1151 1160 1034
1218 5 2 0 0 1025 1151 1160 1034 1026 1152 1161 1035
1219 5 2 0 0 1026 1152 1161 1035 1027 1153 1162 1036
1220 5 2 0 0 1027 1153 1162 1036 287 301 302 288
1221 5 2 0 0 162 176 177 163 1028 1154 1163 1037
1222 5 2 0 0 1028 1154 1163 1037 1029 1155 1164 1038
1223 5 2 0 0 1029 1155 1164 1038 1030 1156 1165 1039
1224 5 2 0 0 1030 1156 1165 1039 1031 1157 1166 1040
1225 5 2 0 0 1031 1157 1166 1040 1032 1158 1167 1041
1226 5 2 0 0 1032 1158 1167 1041 1033 1159 1168 1042
1227 5 2 0 0 1033 1159 1168 1042 1034 1160 1169 1043
1228 5 2 0 0 1034 1160 1169 1043 1035 1161 1170 1044
1229 5 2 0 0 1035 1161 1170 1044 1036 1162 1171 1045
1230 5 2 0 0 1036 1162 1171 1045 288 302 303 289
1231 5 2 0 0 163 177 178 164 1037 1163 1172 1046
1232 5 2 0 0 1037 1163 1172 1046 1038 1164 1173 1047
1233 5 2 0 0 1038 1164 1173 1047 1039 1165 1174 1048
1234 5 2 0 0 1039 1165 1174 1048 1040 1166 1175 1049
1235 5 2 0 0 1040 1166 1175 1049 1041 1167 1176 1050
1236 5 2 0 0 1041 1167 1176 1050 1042 1168 1177 1051
1237 5 2 0 0 1042 1168 1177 1051 1043 1169 1178 1052
1238 5 2 0 0 1043 1169 1178 1052 1044 1170 1179 1053
1239 5 2 0 0 1044 1170 1179 1053 1045 1171 1180 1054
1240 5 2 0 0 1045 1171 1180 1054 289 303 304 290
1241 5 2 0 0 164 178 20 19 1046 1172 740 731
1242 5 2 0 0 1046 1172 740 731 1047 1173 741 732
1243 5 2 0 0 1047 1173 741 732 1048 1174 742 733
1244 5 2 0 0 1048 1174 742 733 1049 1175 743 734
1245 5 2 0 0 1049 1175 743 734 1050 1176 744 735
1246 5 2 0 0 1050 1176 744 735 1051 1177 745 736
1247 5 2 0 0 1051 1177 745 736 1052 1178 746 737
1248 5 2 0 0 1052 1178 746 737 1053 1179 747 738
1249 5 2 0 0 1053 1179 747 738 1054 1180 748 739
1250 5 2 0 0 1054 1180 748 739 290 304 38 37
1251 5 2 0 0 11 12 179 165 659 668 1181 1055
1252 5 2 0 0 659 668 1181 1055 660 669 1182 1056
1253 5 2 0 0 660 669 1182 1056 661 670 1183 1057
1254 5 2 0 0 661 670 1183 1057 662 671 1184 1058
1255 5 2 0 0 662 671 1184 1058 663 672 1185 1059
1256 5 2 0 0 663 672 1185 1059 664 673 1186 1060
1257 5 2 0 0 664 673 1186 1060 665 674 1187 1061
1258 5 2 0 0 665 674 1187 1061 666 675 1188 1062
1259 5 2 0 0 666 675 1188 1062 667 676 1189 1063
1260 5 2 0 0 667 676 1189 1063 29 30 305 291
1261 5 2 0 0 165 179 180 166 1055 1181 1190 1064
1262 5 2 0 0 1055 1181 1190 1064 1056 1182 1191 1065
1263 5 2 0 0 1056 1182 1191 1065 1057 1183 1192 1066
1264 5 2 0 0 1057 1183 1192 1066 1058 1184 1193 1067
1265 5 2 0 0 1058 1184 1193 1067 1059 1185 1194 1068
1266 5 2 0 0 1059 1185 1194 1068 1060 1186 1195 1069
1267 5 2 0 0 1060 1186 1195 1069 1061 1187 1196 1070
1268 5 2 0 0 1061 1187 1196 1070 1062 1188 1197 1071
1269 5 2 0 0 1062 1188 1197 1071 1063 1189 1198 1072
1270 5 2 0 0 1063 1189 1198 1072 291 305 306 292
1271 5 2 0 0 166 180 181 167 1064 1190 1199 1073
1272 5 2 0 0 1064 1190 1199 1073 1065 1191 1200 1074
1273 5 2 0 0 1065 1191 1200 1074 1066 1192 1201 1075
1274 5 2 0 0 1066 1192 1201 1075 1067 1193 1202 1076
1275 5 2 0 0 1067 1193 1202 1076 1068 1194 1203 1077
1276 5 2 0 0 1068 1194 1203 1077 1069 1195 1204 1078
1277 5 2 0 0 1069 1195 1204 1078 1070 1196 1205 1079
1278 5 2 0 0 1070 1196 1205 1079 1071 1197 1206 1080
1279 5 2 0 0 1071 1197 1206 1080 1072 1198 1207 1081
1280 5 2 0 0 1072 1198 1207 1081 292 306 307 293
1281 5 2 0 0 167 181 182 168 1073 1199 1208 1082
1282 5 2 0 0 1073 1199 1208 1082 1074 1200 1209 1083
1283 5 2 0 0 1074 1200 1209 1083 1075 1201 1210 1084
1284 5 2 0 0 1075 1201 1210 1084 1076 1202 1211 1085
1285 5 2 0 0 1076 1202 1211 1085 1077 1203 1212 1086
1286 5 2 0 0 1077 1203 1212 1086 1078 1204 1213 1087
1287 5 2 0 0 1078 1204 1213 1087 1079 1205 1214 1088
1288 5 2 0 0 1079 1205 1214 1088 1080 1206 1215 1089
1289 5 2 0 0 1080 1206 1215 1089 1081 1207 1216 1090
1290 5 2 0 0 1081 1207 1216 1090 293 307 308 294
1291 5 2 0 0 168 182 183 169 1082 1208 1217 1091
1292 5 2 0 0 1082 1208 1217 1091 1083 1209 1218 1092
1293 5 2 0 0 1083 1209 1218 1092 1084 1210 1219 1093
1294 5 2 0 0 1084 1210 1219 1093 1085 1211 1220 1094
1295 5 2 0 0 1085 1211 1220 1094 1086 1212 1221 1095
1296 5 2 0 0 1086 1212 1221 1095 1087 1213 1222 1096
1297 5 2 0 0 1087 1213 1222 1096 1088 1214 1223 1097
1298 5 2 0 0 1088 1214 1223 1097 1089 1215 1224 1098
1299 5 2 0 0 1089 1215 1224 1098 1090 1216 1225 1099
1300 5 2 0 0 1090 1216 1225 1099 294 308 309 295
1301 5 2 0 0 169 183 184 170 1091 1217 1226 1100
1302 5 2 0 0 1091 1217 1226 1100 1092 1218 1227 1101
1303 5 2 0 0 1092 1218 1227 1101 1093 1219 1228 1102
1304 5 2 0 0 1093 1219 1228 1102 1094 1220 1229 1103
1305 5 2 0 0 1094 1220 1229 1103 1095 1221 1230 1104
1306 5 2 0 0 1095 1221 1230 1104 1096 1222 1231 1105
1307 5 2 0 0 1096 1222 1231 1105 1097 1223 1232 1106
1308 5 2 0 0 1097 1223 1232 1106 1098 1224 1233 1107
1309 5 2 0 0 1098 1224 1233 1107 1099 1225 1234 1108
1310 5 2 0 0 1099 1225 1234 1108 295 309 310 296
1311 5 2 0 0 170 184 185 171 1100 1226 1235 1109
1312 5 2 0 0 1100 1226 1235 1109 1101 1227 1236 1110
1313 5 2 0 0 1101 1227 1236 1110 1102 1228 1237 1111
1314 5 2 0 0 1102 1228 1237 1111 1103 1229 1238 1112
1315 5 2 0 0 1103 1229 1238 1112 1104 1230 1239 1113
1316 5 2 0 0 1104 1230 1239 1113 1105 1231 1240 1114
1317 5 2 0 0 1105 1231 1240 1114 1106 1232 1241 1115
1318 5 2 0 0 1106 1232 1241 1115 1107 1233 1242 1116
1319 5 2 0 0 1107 1233 1242 1116 1108 1234 1243 1117
1320 5 2 0 0 1108 1234 1243 1117 296 310 311 297
1321 5 2 0 0 171 185 186 172 1109 1235 1244 1118
1322 5 2 0 0 1109 1235 1244 1118 1110 1236 1245 1119
1323 5 2 0 0 1110 1236 1245 1119 1111 1237 1246 1120
1324 5 2 0 0 1111 1237 1246 1120 1112 1238 1247 1121
1325 5 2 0 0 1112 1238 1247 1121 1113 1239 1248 1122
1326 5 2 0 0 1113 1239 1248 1122 1114 1240 1249 1123
1327 5 2 0 0 1114 1240 1249 1123 1115 1241 1250 1124
1328 5 2 0 0 1115 1241 1250 1124 1116 1242 1251 1125
1329 5 2 0 0 1116 1242 1251 1125 1117 1243 1252 1126
1330 5 2 0 0 1117 1243 1252 1126 297 311 312 298
1331 5 2 0 0 172 186 187 173 1118 1244 1253 1127
1332 5 2 0 0 1118 1244 1253 1127 1119 1245 1254 1128
1333 5 2 0 0 1119 1245 1254 1128 1120 1246 1255 1129
1334 5 2 0 0 1120 1246 1255 1129 1121 1247 1256 1130
1335 5 2 0 0 1121 1247 1256 1130 1122 1248 1257 1131
1336 5 2 0 0 1122 1248 1257 1131 1123 1249 1258 1132
1337 5 2 0 0 1123 1249 1258 1132 1124 1250 1259 1133
1338 5 2 0 0 1124 1250 1259 1133 1125 1251 1260 1134
1339 5 2 0 0 1125 1251 1260 1134 1126 1252 1261 1135
1340 5 2 0 0 1126 1252 1261 1135 298 312 313 299
1341 5 2 0 0 173 187 188 174 1127 1253 1262 1136
1342 5 2 0 0 1127 1253 1262 1136 1128 1254 1263 1137
1343 5 2 0 0 1128 1254 1263 1137 1129 1255 1264 1138
1344 5 2 0 0 1129 1255 1264 1138 1130 1256 1265 1139
1345 5 2 0 0 1130 1256 1265 1139 1131 1257 1266 1140
1346 5 2 0 0 1131 1257 1266 1140 1132 1258 1267 1141
1347 5 2 0 0 1132 1258 1267 1141 1133 1259 1268 1142
1348 5 2 0 0 1133 1259 1268 1142 1134 1260 1269 1143
1349 5 2 0 0 1134 1260 1269 1143 1135 1261 1270 1144
1350 5 2 0 0 1135 1261 1270 1144 299 313 314 300
1351 5 2 0 0 174 188 189 175 1136 1262 1271 1145
1352 5 2 0 0 1136 1262 1271 1145 1137 1263 1272 1146
1353 5 2 0 0 1137 1263 1272 1146 1138 1264 1273 1147
1354 5 2 0 0 1138 1264 1273 1147 1139 1265 1274 1148
1355 5 2 0 0 1139 1265 1274 1148 1140 1266 1275 1149
1356 5 2 0 0 1140 1266 1275 1149 1141 1267 1276 1150
1357 5 2 0 0 1141 1267 1276 1150 1142 1268 1277 1151
1358 5 2 0 0 1142 1268 1277 1151 1143 1269 1278 1152
1359 5 2 0 0 1143 1269 1278 1152 1144 1270 1279 1153
1360 5 2 0 0 1144 1270 1279 1153 300 314 315 301
1361 5 2 0 0 175 189 190 176 1145 1271 1280 1154
1362 5 2 0 0 1145 1271 1280 1154 1146 1272 1281 1155
1363 5 2 0 0 1146 1272 1281 1155 1147 1273 1282 1156
1364 5 2 0 0 1147 1273 1282 1156 1148 1274 1283 1157
1365 5 2 0 0 1148 1274 1283 1157 1149 1275 1284 1158
1366 5 2 0 0 1149 1275 1284 1158 1150 1276 1285 1159
1367 5 2 0 0 1150 1276 1285 1159 1151 1277 1286 1160
1368 5 2 0 0 1151 1277 1286 1160 1152 1278 1287 1161
1369 5 2 0 0 1152 1278 1287 1161 1153 1279 1288 1162
1370 5 2 0 0 1153 1279 1288 1162 301 315 316 302
1371 5 2 0 0 176 190 191 177 1154 1280 1289 1163
1372 5 2 0 0 1154 1280 1289 1163 1155 1281 1290 1164
1373 5 2 0 0 1155 1281 1290 1164 1156 1282 1291 1165
1374 5 2 0 0 1156 1282 1291 1165 1157 1283 1292 1166
1375 5 2 0 0 1157 1283 1292 1166 1158 1284 1293 1167
1376 5 2 0 0 1158 1284 1293 1167 1159 1285 1294 1168
1377 5 2 0 0 1159 1285 1294 1168 1160 1286 1295 1169
1378 5 2 0 0 1160 1286 1295 1169 1161 1287 1296 1170
1379 5 2 0 0 1161 1287 1296 1170 1162 1288 1297 1171
1380 5 2 0 0 1162 1288 1297 1171 302 316 317 303
1381 5 2 0 0 177 191 192 178 1163 1289 1298 1172
1382 5 2 0 0 1163 1289 1298 1172 1164 1290 1299 1173
1383 5 2 0 0 1164 1290 1299 1173 1165 1291 1300 1174
1384 5 2 0 0 1165 1291 1300 1174 1166 1292 1301 1175
1385 5 2 0 0 1166 1292 1301 1175 1167 1293 1302 1176
1386 5 2 0 0 1167 1293 1302 1176 1168 1294 1303 1177
1387 5 2 0 0 1168 1294 1303 1177 1169 1295 1304 1178
1388 5 2 0 0 1169 1295 1304 1178 1170 1296 1305 1179
1389 5 2 0 0 1170 1296 1305 1179 1171 1297 1306 1180
1390 5 2 0 0 1171 1297 1306 1180 303 317 318 304
1391 5 2 0 0 178 192 21 20 1172 1298 749 740
1392 5 2 0 0 1172 1298 749 740 1173 1299 750 741
1393 5 2 0 0 1173 1299 750 741 1174 1300 751 742
1394 5 2 0 0 1174 1300 751 742 1175 1301 752 743
1395 5 2 0 0 1175 1301 752 743 1176 1302 753 744
1396 5 2 0 0 1176 1302 753 744 1177 1303 754 745
1397 5 2 0 0 1177 1303 754 745 1178 1304 755 746
1398 5 2 0 0 1178 1304 755 746 1179 1305 756 747
1399 5 2 0 0 1179 1305 756 747 1180 1306 757 748
1400 5 2 0 0 1180 1306 757 748 304 318 39 38
1401 5 2 0 0 12 13 193 179 668 677 1307 1181
1402 5 2 0 0 668 677 1307 1181 669 678 1308 1182
1403 5 2 0 0 669 678 1308 1182 670 679 1309 1183
1404 5 2 0 0 670 679 1309 1183 671 680 1310 1184
1405 5 2 0 0 671 680 1310 1184 672 681 1311 1185
1406 5 2 0 0 672 681 1311 1185 673 682 1312 1186
1407 5 2 0 0 673 682 1312 1186 674 683 1313 1187
1408 5 2 0 0 674 683 1313 1187 675 684 1314 1188
1409 5 2 0 0 675 684 1314 1188 676 685 1315 1189
1410 5 2 0 0 676 685 1315 1189 30 31 319 305
1411 5 2 0 0 179 193 194 180 1181 1307 1316 1190
1412 5 2 0 0 1181 1307 1316 1190 1182 1308 1317 1191
1413 5 2 0 0 1182 1308 1317 1191 1183 1309 1318 1192
1414 5 2 0 0 1183 1309 1318 1192 1184 1310 1319 1193
1415 5 2 0 0 1184 1310 1319 1193 1185 1311 1320 1194
1416 5 2 0 0 1185 1311 1320 1194 1186 1312 1321 1195
1417 5 2 0 0 1186 1312 1321 1195 1187 1313 1322 1196
1418 5 2 0 0 1187 1313 1322 1196 1188 1314 1323 1197
1419 5 2 0 0 1188 1314 1323 1197 1189 1315 1324 1198
1420 5 2 0 0 1189 1315 1324 1198 305 319 320 306
1421 5 2 0 0 180 194 195 181 1190 1316 1325 1199
1422 5 2 0 0 1190 1316 1325 1199 1191 1317 1326 1200
1423 5 2 0 0 1191 1317 1326 1200 1192 1318 1327 1201
1424 5 2 0 0 1192 1318 1327 1201 1193 1319 1328 1202
1425 5 2 0 0 1193 1319 1328 1202 1194 1320 1329 1203
1426 5 2 0 0 1194 1320 1329 1203 1195 1321 1330 1204
1427 5 2 0 0 1195 1321 1330 1204 1196 1322 1331 1205
1428 5 2 0 0 1196 1322 1331 1205 1197 1323 1332 1206
1429 5 2 0 0 1197 1323 1332 1206 1198 1324 1333 1207
1430 5 2 0 0 1198 1324 1333 1207 306 320 321 307
1431 5 2 0 0 181 195 196 182 1199 1325 1334 1208
1432 5 2 0 0 1199 1325 1334 1208 1200 1326 1335 1209
1433 5 2 0 0 1200 1326 1335 1209 1201 1327 1336 1210
1434 5 2 0 0 1201 1327 1336 1210 1202 1328 1337 1211
1435 5 2 0 0 1202 1328 1337 1211 1203 1329 1338 1212
1436 5 2 0 0 1203 1329 1338 1212 1204 1330 1339 1213
1437 5 2 0 0 1204 1330 1339 1213 1205 1331 1340 1214
1438 5 2 0 0 1205 1331 1340 1214 1206 1332 1341 1215
1439 5 2 0 0 1206 1332 1341 1215 1207 1333 1342 1216
1440 5 2 0 0 1207 1333 1342 1216 307 321 322 308
1441 5 2 0 0 182 196 197 183 1208 1334 1343 1217
1442 5 2 0 0 1208 1334 1343 1217 1209 1335 1344 1218
1443 5 2 0 0 1209 1335 1344 1218 1210 1336 1345 1219
1444 5 2 0 0 1210 1336 1345 1219 1211 1337 1346 1220
1445 5 2 0 0 1211 1337 1346 1220 1212 1338 1347 1221
1446 5 2 0 0 1212 1338 1347 1221 1213 1339 1348 1222
1447 5 2 0 0 1213 1339 1348 1222 1214 1340 1349 1223
1448 5 2 0 0 1214 1340 1349 1223 1215 1341 1350 1224
1449 5 2 0 0 1215 1341 1350 1224 1216 1342 1351 1225
1450 5 2 0 0 1216 1342 1351 1225 308 322 323 309
1451 5 2 0 0 183 197 198 184 1217 1343 1352 1226
1452 5 2 0 0 1217 1343 1352 1226 1218 1344 1353 1227
1453 5 2 0 0 1218 1344 1353 1227 1219 1345 1354 1228
1454 5 2 0 0 1219 1345 1354 1228 1220 1346 1355 1229
1455 5 2 0 0 1220 1346 1355 1229 1221 1347 1356 1230
1456 5 2 0 0 1221 1347 1356 1230 1222 1348 1357 1231
1457 5 2 0 0 1222 1348 1357 1231 1223 1349 1358 1232
1458 5 2 0 0 1223 1349 1358 1232 1224 1350 1359 1233
1459 5 2 0 0 1224 1350 1359 1233 1225 1351 1360 1234
1460 5 2 0 0 1225 1351 1360 1234 309 323 324 310
1461 5 2 0 0 184 198 199 185 1226 1352 1361 1235
1462 5 2 0 0 1226 1352 1361 1235 1227 1353 1362 1236
1463 5 2 0 0 1227 1353 1362 1236 1228 1354 1363 1237
1464 5 2 0 0 1228 1354 1363 1237 1229 1355 1364 1238
1465 5 2 0 0 1229 1355 1364 1238 1230 1356 1365 1239
1466 5 2 0 0 1230 1356 1365 1239 1231 1357 1366 1240
1467 5 2 0 0 1231 1357 1366 1240 1232 1358 1367 1241
1468 5 2 0 0 1232 1358 1367 1241 1233 1359 1368 1242
1469 5 2 0 0 1233 1359 1368 1242 1234 1360 1369 1243
1470 5 2 0 0 1234 1360 1369 1243 310 324 325 311
1471 5 2 0 0 185 199 200 186 1235 1361 1370 1244
1472 5 2 0 0 1235 1361 1370 1244 1236 1362 1371 1245
1473 5 2 0 0 1236 1362 1371 1245 1237 1363 1372 1246
1474 5 2 0 0 1237 1363 1372 1246 1238 1364 1373 1247
1475 5 2 0 0 1238 1364 1373 1247 1239 1365 1374 1248
1476 5 2 0 0 1239 1365 1374 1248 1240 1366 1375 1249
1477 5 2 0 0 1240 1366 1375 1249 1241 1367 1376 1250
1478 5 2 0 0 1241 1367 1376 1250 1242 1368 1377 1251
1479 5 2 0 0 1242 1368 1377 1251 1243 1369 1378 1252
1480 5 2 0 0 1243 1369 1378 1252 311 325 326 312
1481 5 2 0 0 186 200 201 187 1244 1370 1379 1253
1482 5 2 0 0 1244 1370 1379 1253 1245 1371 1380 1254
1483 5 2 0 0 1245 1371 1380 1254 1246 1372 1381 1255
1484 5 2 0 0 1246 1372 1381 1255 1247 1373 1382 1256
1485 5 2 0 0 1247 1373 1382 1256 1248 1374 1383 1257
1486 5 2 0 0 1248 1374 1383 1257 1249 1375 1384 1258
1487 5 2 0 0 1249 1375 1384 1258 1250 1376 1385 1259
1488 5 2 0 0 1250 1376 1385 1259 1251 1377 1386 1260
1489 5 2 0 0 1251 1377 1386 1260 1252 1378 1387 1261
1490 5 2 0 0 1252 1378 1387 1261 312 326 327 313
1491 5 2 0 0 187 201 202 188 1253 1379 1388 1262
1492 5 2 0 0 1253 1379 1388 1262 1254 1380 1389 1263
1493 5 2 0 0 1254 1380 1389 1263 1255 1381 1390 1264
1494 5 2 0 0 1255 1381 1390 1264 1256 1382 1391 1265
1495 5 2 0 0 1256 1382 1391 1265 1257 1383 1392 1266
1496 5 2 0 0 1257 1383 1392 1266 1258 1384 1393 1267
1497 5 2 0 0 1258 1384 1393 1267 1259 1385 1394 1268
1498 5 2 0 0 1259 1385 1394 1268 1260 1386 1395 1269
1499 5 2 0 0 1260 1386 1395 1269 1261 1387 1396 1270
1500 5 2 0 0 1261 1387 1396 1270 313 327 328 314
1501 5 2 0 0 188 202 203 189 1262 1388 1397 1271
1502 5 2 0 0 1262 1388 1397 1271 1263 1389 1398 1272
1503 5 2 0 0 1263 1389 1398 1272 1264 1390 1399 1273
1504 5 2 0 0 1264 1390 1399 1273 1265 1391 1400 1274
1505 5 2 0 0 1265 1391 1400 1274 1266 1392 1401 1275
1506 5 2 0 0 1266 1392 1401 1275 1267 1393 1402 1276
1507 5 2 0 0 1267 1393 1402 1276 1268 1394 1403 1277
1508 5 2 0 0 1268 1394 1403 1277 1269 1395 1404 1278
1509 5 2 0 0 1269 1395 1404 1278 1270 1396 1405 1279
1510 5 2 0 0 1270 1396 1405 1279 314 328 329 315
1511 5 2 0 0 189 203 204 190 1271 1397 1406 1280
1512 5 2 0 0 1271 1397 1406 1280 1272 1398 1407 1281
1513 5 2 0 0 1272 1398 1407 1281 1273 1399 1408 1282
1514 5 2 0 0 1273 1399 1408 1282 1274 1400 1409 1283
1515 5 2 0 0 1274 1400 1409 1283 1275 1401 1410 1284
1516 5 2 0 0 1275 1401 1410 1284 1276 1402 1411 1285
1517 5 2 0 0 1276 1402 1411 1285 1277 1403 1412 1286
1518 5 2 0 0 1277 1403 1412 1286 1278 1404 1413 1287
1519 5 2 0 0 1278 1404 1413 1287 1279 1405 1414 1288
1520 5 2 0 0 1279 1405 1414 1288 315 329 330 316
1521 5 2 0 0 190 204 205 191 1280 1406 1415 1289
1522 5 2 0 0 1280 1406 1415 1289 1281 1407 1416 1290
1523 5 2 0 0 1281 1407 1416 1290 1282 1408 1417 1291
1524 5 2 0 0 1282 1408 1417 1291 1283 1409 1418 1292
1525 5 2 0 0 1283 1409 1418 1292 1284 1410 1419 1293
1526 5 2 0 0 1284 1410 1419 1293 1285 1411 1420 1294
1527 5 2 0 0 1285 1411 1420 1294 1286 1412 1421 1295
1528 5 2 0 0 1286 1412 1421 1295 1287 1413 1422 1296
1529 5 2 0 0 1287 1413 1422 1296 1288 1414 1423 1297
1530 5 2 0 0 1288 1414 1423 1297 316 330 331 317
1531 5 2 0 0 191 205 206 192 1289 1415 1424 1298
1532 5 2 0 0 1289 1415 1424 1298 1290 1416 1425 1299
1533 5 2 0 0 1290 1416 1425 1299 1291 1417 1426 1300
1534 5 2 0 0 1291 1417 1426 1300 1292 1418 1427 1301
1535 5 2 0 0 1292 1418 1427 1301 1293 1419 1428 1302
1536 5 2 0 0 1293 1419 1428 1302 1294 1420 1429 1303
1537 5 2 0 0 1294 1420 1429 1303 1295 1421 1430 1304
1538 5 2 0 0 1295 1421 1430 1304 1296 1422 1431 1305
1539 5 2 0 0 1296 1422 1431 1305 1297 1423 1432 1306
1540 5 2 0 0 1297 1423 1432 1306 317 331 332 318
1541 5 2 0 0 192 206 22 21 1298 1424 758 749
1542 5 2 0 0 1298 1424 758 749 1299 1425 759 750
1543 5 2 0 0 1299 1425 759 750 1300 1426 760 751
1544 5 2 0 0 1300 1426 760 751 1301 1427 761 752
1545 5 2 0 0 1301 1427 761 752 1302 1428 762 753
1546 5 2 0 0 1302 1428 762 753 1303 1429 763 754
1547 5 2 0 0 1303 1429 763 754 1304 1430 764 755
1548 5 2 0 0 1304 1430 764 755 1305 1431 765 756
1549 5 2 0 0 1305 1431 765 756 1306 1432 766 757
1550 5 2 0 0 1306 1432 766 757 318 332 40 39
1551 5 2 0 0 13 14 207 193 677 686 1433 1307
1552 5 2 0 0 677 686 1433 1307 678 687 1434 1308
1553 5 2 0 0 678 687 1434 1308 679 688 1435 1309
1554 5 2 0 0 679 688 1435 1309 680 689 1436 1310
1555 5 2 0 0 680 689 1436 1310 681 690 1437 1311
1556 5 2 0 0 681 690 1437 1311 682 691 1438 1312
1557 5 2 0 0 682 691 1438 1312 683 692 1439 1313
1558 5 2 0 0 683 692 1439 1313 684 693 1440 1314
1559 5 2 0 0 684 693 1440 1314 685 694 1441 1315
1560 5 2 0 0 685 694 1441 1315 31 32 333 319
1561 5 2 0 0 193 207 208 194 1307 1433 1442 1316
1562 5 2 0 0 1307 1433 1442 1316 1308 1434 1443 1317
1563 5 2 0 0 1308 1434 1443 1317 1309 1435 1444 1318
1564 5 2 0 0 1309 1435 1444 1318 1310 1436 1445 1319
1565 5 2 0 0 1310 1436 1445 1319 1311 1437 1446 1320
1566 5 2 0 0 1311 1437 1446 1320 1312 1438 1447 1321
1567 5 2 0 0 1312 1438 1447 1321 1313 1439 1448 1322
1568 5 2 0 0 1313 1439 1448 1322 1314 1440 1449 1323
1569 5 2 0 0 1314 1440 1449 1323 1315 1441 1450 1324
1570 5 2 0 0 1315 1441 1450 1324 319 333 334 320
1571 5 2 0 0 194 208 209 195 1316 1442 1451 1325
1572 5 2 0 0 1316 1442 1451 1325 1317 1443 1452 1326
1573 5 2 0 0 1317 1443 1452 1326 1318 1444 1453 1327
1574 5 2 0 0 1318 1444 1453 1327 1319 1445 1454 1328
1575 5 2 0 0 1319 1445 1454 1328 1320 1446 1455 1329
1576 5 2 0 0 1320 1446 1455 1329 1321 1447 1456 1330
1577 5 2 0 0 1321 1447 1456 1330 1322 1448 1457 1331
1578 5 2 0 0 1322 1448 1457 1331 1323 1449 1458 1332
1579 5 2 0 0 1323 1449 1458 1332 1324 1450 1459 1333
1580 5 2 0 0 1324 1450 1459 1333 320 334 335 321
1581 5 2 0 0 195 209 210 196 1325 1451 1460 1334
1582 5 2 0 0 1325 1451 1460 1334 1326 1452 1461 1335
1583 5 2 0 0 1326 1452 1461 1335 1327 1453 1462 1336
1584 5 2 0 0 1327 1453 1462 1336 1328 1454 1463 1337
1585 5 2 0 0 1328 1454 1463 1337 1329 1455 1464 1338
1586 5 2 0 0 1329 1455 1464 1338 1330 1456 1465 1339
1587 5 2 0 0 1330 1456 1465 1339 1331 1457 1466 1340
1588 5 2 0 0 1331 1457 1466 1340 1332 1458 1467 1341
1589 5 2 0 0 1332 1458 1467 1341 1333 1459 1468 1342
1590 5 2 0 0 1333 1459 1468 1342 321 335 336 322
1591 5 2 0 0 196 210 211 197 1334 1460 1469 1343
1592 5 2 0 0 1334 1460 1469 1343 1335 1461 1470 1344
1593 5 2 0 0 1335 1461 1470 1344 1336 1462 1471 1345
1594 5 2 0 0 1336 1462 1471 1345 1337 1463 1472 1346
1595 5 2 0 0 1337 1463 1472 1346 1338 1464 1473 1347
1596 5 2 0 0 1338 1464 1473 1347 1339 1465 1474 1348
1597 5 2 0 0 1339 1465 1474 1348 1340 1466 1475 1349
1598 5 2 0 0 1340 1466 1475 1349 1341 1467 1476 1350
1599 5 2 0 0 1341 1467 1476 1350 1342 1468 1477 1351
1600 5 2 0 0 1342 1468 1477 1351 322 336 337 323
1601 5 2 0 0 197 211 212 198 1343 1469 1478 1352
1602 5 2 0 0 1343 1469 1478 1352 1344 1470 1479 1353
1603 5 2 0 0 1344 1470 1479 1353 1345 1471 1480 1354
1604 5 2 0 0 1345 1471 1480 1354 1346 1472 1481 1355
1605 5 2 0 0 1346 1472 1481 1355 1347 1473 1482 1356
1606 5 2 0 0 1347 1473 1482 1356 1348 1474 1483 1357
1607 5 2 0 0 1348 1474 1483 1357 1349 1475 1484 1358
1608 5 2 0 0 1349 1475 1484 1358 1350 1476 1485 1359
1609 5 2 0 0 1350 1476 1485 1359 1351 1477 1486 1360
1610 5 2 0 0 1351 1477 1486 1360 323 337 338 324
1611 5 2 0 0 198 212 213 199 1352 1478 1487 1361
1612 5 2 0 0 1352 1478 1487 1361 1353 1479 1488 1362
1613 5 2 0 0 1353 1479 1488 1362 1354 1480 1489 1363
1614 5 2 0 0 1354 1480 1489 1363 1355 1481 1490 1364
1615 5 2 0 0 1355 1481 1490 1364 1356 1482 1491 1365
1616 5 2 0 0 1356 1482 1491 1365 1357 1483 1492 1366
1617 5 2 0 0 1357 1483 1492 1366 1358 1484 1493 1367
1618 5 2 0 0 1358 1484 1493 1367 1359 1485 1494 1368
1619 5 2 0 0 1359 1485 1494 1368 1360 1486 1495 1369
1620 5 2 0 0 1360 1486 1495 1369 324 338 339 325
1621 5 2 0 0 199 213 214 200 1361 1487 1496 1370
1622 5 2 0 0 1361 1487 1496 1370 1362 1488 1497 1371
1623 5 2 0 0 1362 1488 1497 1371 1363 1489 1498 1372
1624 5 2 0 0 1363 1489 1498 1372 1364 1490 1499 1373
1625 5 2 0 0 1364 1490 1499 1373 1365 1491 1500 1374
1626 5 2 0 0 1365 1491 1500 1374 1366 1492 1501 1375
1627 5 2 0 0 1366 1492 1501 1375 1367 1493 1502 1376
1628 5 2 0 0 1367 1493 1502 1376 1368 1494 1503 1377
1629 5 2 0 0 1368 1494 1503 1377 1369 1495 1504 1378
1630 5 2 0 0 1369 1495 1504 1378 325 339 340 326
1631 5 2 0 0 200 214 215 201 1370 1496 1505 1379
1632 5 2 0 0 1370 1496 1505 1379 1371 1497 1506 1380
1633 5 2 0 0 1371 1497 1506 1380 1372 1498 1507 1381
1634 5 2 0 0 1372 1498 1507 1381 1373 1499 1508 1382
1635 5 2 0 0 1373 1499 1508 1382 1374 1500 1509 1383
1636 5 2 0 0 1374 1500 1509 1383 1375 1501 1510 1384
1637 5 2 0 0 1375 1501 1510 1384 1376 1502 1511 1385
1638 5 2 0 0 1376 1502 1511 1385 1377 1503 1512 1386
1639 5 2 0 0 1377 1503 1512 1386 1378 1504 1513 1387
1640 5 2 0 0 1378 1504 1513 1387 326 340 341 327
1641 5 2 0 0 201 215 216 202 1379 1505 1514 1388
1642 5 2 0 0 1379 1505 1514 1388 1380 1506 1515 1389
1643 5 2 0 0 1380 1506 1515 1389 1381 1507 1516 1390
1644 5 2 0 0 1381 1507 1516 1390 1382 1508 1517 1391
1645 5 2 0 0 1382 1508 1517 1391 1383 1509 1518 1392
1646 5 2 0 0 1383 1509 1518 1392 1384 1510 1519 1393
1647 5 2 0 0 1384 1510 1519 1393 1385 1511 1520 1394
1648 5 2 0 0 1385 1511 1520 1394 1386 1512 1521 1395
1649 5 2 0 0 1386 1512 1521 1395 1387 1513 1522 1396
1650 5 2 0 0 1387 1513 1522 1396 327 341 342 328
1651 5 2 0 0 202 216 217 203 1388 1514 1523 1397
1652 5 2 0 0 1388 1514 1523 1397 1389 1515 1524 1398
1653 5 2 0 0 1389 1515 1524 1398 1390 1516 1525 1399
1654 5 2 0 0 1390 1516 1525 1399 1391 1517 1526 1400
1655 5 2 0 0 1391 1517 1526 1400 1392 1518 1527 1401
1656 5 2 0 0 1392 1518 1527 1401 1393 1519 1528 1402
1657 5 2 0 0 1393 1519 1528 1402 1394 1520 1529 1403
1658 5 2 0 0 1394 1520 1529 1403 1395 1521 1530 1404
1659 5 2 0 0 1395 1521 1530 1404 1396 1522 1531 1405
1660 5 2 0 0 1396 1522 1531 1405 328 342 343 329
1661 5 2 0 0 203 217 218 204 1397 1523 1532 1406
1662 5 2 0 0 1397 1523 1532 1406 1398 1524 1533 1407
1663 5 2 0 0 1398 1524 1533 1407 1399 1525 1534 1408
1664 5 2 0 0 1399 1525 1534 1408 1400 1526 1535 1409
1665 5 2 0 0 1400 1526 1535 1409 1401 1527 1536 1410
1666 5 2 0 0 1401 1527 1536 1410 1402 1528 1537 1411
1667 5 2 0 0 1402 1528 1537 1411 1403 1529 1538 1412
1668 5 2 0 0 1403 1529 1538 1412 1404 1530 1539 1413
1669 5 2 0 0 1404 1530 1539 1413 1405 1531 1540 1414
1670 5 2 0 0 1405 1531 1540 1414 329 343 344 330
1671 5 2 0 0 204 218 219 205 1406 1532 1541 1415
1672 5 2 0 0 1406 1532 1541 1415 1407 1533 1542 1416
1673 5 2 0 0 1407 1533 1542 1416 1408 1534 1543 1417
1674 5 2 0 0 1408 1534 1543 1417 1409 1535 1544 1418
1675 5 2 0 0 1409 1535 1544 1418 1410 1536 1545 1419
1676 5 2 0 0 1410 1536 1545 1419 1411 1537 1546 1420
1677 5 2 0 0 1411 1537 1546 1420 1412 1538 1547 1421
1678 5 2 0 0 1412 1538 1547 1421 1413 1539 1548 1422
1679 5 2 0 0 1413 1539 1548 1422 1414 1540 1549 1423
1680 5 2 0 0 1414 1540 1549 1423 330 344 345 331
1681 5 2 0 0 205 219 220 206 1415 1541 1550 1424
1682 5 2 0 0 1415 1541 1550 1424 1416 1542 1551 1425
1683 5 2 0 0 1416 1542 1551 1425 1417 1543 1552 1426
1684 5 2 0 0 1417 1543 1552 1426 1418 1544 1553 1427
1685 5 2 0 0 1418 1544 1553 1427 1419 1545 1554 1428
1686 5 2 0 0 1419 1545 1554 1428 1420 1546 1555 1429
1687 5 2 0 0 1420 1546 1555 1429 1421 1547 1556 1430
1688 5 2 0 0 1421 1547 1556 1430 1422 1548 1557 1431
1689 5 2 0 0 1422 1548 1557 1431 1423 1549 1558 1432
1690 5 2 0 0 1423 1549 1558 1432 331 345 346 332
1691 5 2 0 0 206 220 23 22 1424 1550 767 758
1692 5 2 0 0 1424 1550 767 758 1425 1551 768 759
1693 5 2 0 0 1425 1551 768 759 1426 1552 769 760
1694 5 2 0 0 1426 1552 769 760 1427 1553 770 761
1695 5 2 0 0 1427 1553 770 761 1428 1554 771 762
1696 5 2 0 0 1428 1554 771 762 1429 1555 772 763
1697 5 2 0 0 1429 1555 772 763 1430 1556 773 764
1698 5 2 0 0 1430 1556 773 764 1431 1557 774 765
1699 5 2 0 0 1431 1557 774 765 1432 1558 775 766
1700 5 2 0 0 1432 1558 775 766 332 346 41 40
1701 5 2 0 0 14 15 221 207 686 695 1559 1433
1702 5 2 0 0 686 695 1559 1433 687 696 1560 1434
1703 5 2 0 0 687 696 1560 1434 688 697 1561 1435
1704 5 2 0 0 688 697 1561 1435 689 698 1562 1436
1705 5 2 0 0 689 698 1562 1436 690 699 1563 1437
1706 5 2 0 0 690 699 1563 1437 691 700 1564 1438
1707 5 2 0 0 691 700 1564 1438 692 701 1565 1439
1708 5 2 0 0 692 701 1565 1439 693 702 1566 1440
1709 5 2 0 0 693 702 1566 1440 694 703 1567 1441
1710 5 2 0 0 694 703 1567 1441 32 33 347 333
1711 5 2 0 0 207 221 222 208 1433 1559 1568 1442
1712 5 2 0 0 1433 1559 1568 1442 1434 1560 1569 1443
1713 5 2 0 0 1434 1560 1569 1443 1435 1561 1570 1444
1714 5 2 0 0 1435 1561 1570 1444 1436 1562 1571 1445
1715 5 2 0 0 1436 1562 1571 1445 1437 1563 1572 1446
1716 5 2 0 0 1437 1563 1572 1446 1438 1564 1573 1447
1717 5 2 0 0 1438 1564 1573 1447 1439 1565 1574 1448
1718 5 2 0 0 1439 1565 1574 1448 1440 1566 1575 1449
1719 5 2 0 0 1440 1566 1575 1449 1441 1567 1576 1450
1720 5 2 0 0 1441 1567 1576 1450 333 347 348 334
1721 5 2 0 0 208 222 223 209 1442 1568 1577 1451
1722 5 2 0 0 1442 1568 1577 1451 1443 1569 1578 1452
1723 5 2 0 0 1443 1569 1578 1452 1444 1570 1579 1453
1724 5 2 0 0 1444 1570 1579 1453 1445 1571 1580 1454
1725 5 2 0 0 1445 1571 1580 1454 1446 1572 1581 1455
1726 5 2 0 0 1446 1572 1581 1455 1447 1573 1582 1456
1727 5 2 0 0 1447 1573 1582 1456 1448 1574 1583 1457
1728 5 2 0 0 1448 1574 1583 1457 1449 1575 1584 1458
1729 5 2 0 0 1449 1575 1584 1458 1450 1576 1585 1459
1730 5 2 0 0 1450 1576 1585 1459 334 348 349 335
1731 5 2 0 0 209 223 224 210 1451 1577 1586 1460
1732 5 2 0 0 1451 1577 1586 1460 1452 1578 1587 1461
1733 5 2 0 0 1452 1578 1587 1461 1453 1579 1588 1462
1734 5 2 0 0 1453 1579 1588 1462 1454 1580 1589 1463
1735 5 2 0 0 1454 1580 1589 1463 1455 1581 1590 1464
1736 5 2 0 0 1455 1581 1590 1464 1456 1582 1591 1465
1737 5 2 0 0 1456 1582 1591 1465 1457 1583 1592 1466
1738 5 2 0 0 1457 1583 1592 1466 1458 1584 1593 1467
1739 5 2 0 0 1458 1584 1593 1467 1459 1585 1594 1468
1740 5 2 0 0 1459 1585 1594 1468 335 349 350 336
1741 5 2 0 0 210 224 225 211 1460 1586 1595 1469
1742 5 2 0 0 1460 1586 1595 1469 1461 1587 1596 1470
1743 5 2 0 0 1461 1587 1596 1470 1462 1588 1597 1471
1744 5 2 0 0 1462 1588 1597 1471 1463 1589 1598 1472
1745 5 2 0 0 1463 1589 1598 1472 1464 1590 1599 1473
1746 5 2 0 0 1464 1590 1599 1473 1465 1591 1600 1474
1747 5 2 0 0 1465 1591 1600 1474 1466 1592 1601 1475
1748 5 2 0 0 1466 1592 1601 1475 1467 1593 1602 1476
1749 5 2 0 0 1467 1593 1602 1476 1468 1594 1603 1477
1750 5 2 0 0 1468 1594 1603 1477 336 350 351 337
1751 5 2 0 0 211 225 226 212 1469 1595 1604 1478
1752 5 2 0 0 1469 1595 1604 1478 1470 1596 1605 1479
1753 5 2 0 0 1470 1596 1605 1479 1471 1597 1606 1480
1754 5 2 0 0 1471 1597 1606 1480 1472 1598 1607 1481
1755 5 2 0 0 1472 1598 1607 1481 1473 1599 1608 1482
1756 5 2 0 0 1473 1599 1608 1482 1474 1600 1609 1483
1757 5 2 0 0 1474 1600 1609 1483 1475 1601 1610 1484
1758 5 2 0 0 1475 1601 1610 1484 1476 1602 1611 1485
1759 5 2 0 0 1476 1602 1611 1485 1477 1603 1612 1486
1760 5 2 0 0 1477 1603 1612 1486 337 351 352 338
1761 5 2 0 0 212 226 227 213 1478 1604 1613 1487
1762 5 2 0 0 1478 1604 1613 1487 1479 1605 1614 1488
1763 5 2 0 0 1479 1605 1614 1488 1480 1606 1615 1489
1764 5 2 0 0 1480 1606 1615 1489 1481 1607 1616 1490
1765 5 2 0 0 1481 1607 1616 1490 1482 1608 1617 1491
1766 5 2 0 0 1482 1608 1617 1491 1483 1609 1618 1492
1767 5 2 0 0 1483 1609 1618 1492 1484 1610 1619 1493
1768 5 2 0 0 1484 1610 1619 1493 1485 1611 1620 1494
1769 5 2 0 0 1485 1611 1620 1494 1486 1612 1621 1495
1770 5 2 0 0 1486 1612 1621 1495 338 352 353 339
1771 5 2 0 0 213 227 228 214 1487 1613 1622 1496
1772 5 2 0 0 1487 1613 1622 1496 1488 1614 1623 1497
1773 5 2 0 0 1488 1614 1623 1497 1489 1615 1624 1498
1774 5 2 0 0 1489 1615 1624 1498 1490 1616 1625 1499
1775 5 2 0 0 1490 1616 1625 1499 1491 1617 1626 1500
1776 5 2 0 0 1491 1617 1626 1500 1492 1618 1627 1501
1777 5 2 0 0 1492 1618 1627 1501 1493 1619 1628 1502
1778 5 2 0 0 1493 1619 1628 1502 1494 1620 1629 1503
1779 5 2 0 0 1494 1620 1629 1503 1495 1621 1630 1504
1780 5 2 0 0 1495 1621 1630 1504 339 353 354 340
1781 5 2 0 0 214 228 229 215 1496 1622 1631 1505
1782 5 2 0 0 1496 1622 1631 1505 1497 1623 1632 1506
1783 5 2 0 0 1497 1623 1632 1506 1498 1624 1633 1507
1784 5 2 0 0 1498 1624 1633 1507 1499 1625 1634 1508
1785 5 2 0 0 1499 1625 1634 1508 1500 1626 1635 1509
1786 5 2 0 0 1500 1626 1635 1509 1501 1627 1636 1510
1787 5 2 0 0 1501 1627 1636 1510 1502 1628 1637 1511
1788 5 2 0 0 1502 1628 1637 1511 1503 1629 1638 1512
1789 5 2 0 0 1503 1629 1638 1512 1504 1630 1639 1513
1790 5 2 0 0 1504 1630 1639 1513 340 354 355 341
1791 5 2 0 0 215 229 230 216 1505 1631 1640 1514
1792 5 2 0 0 1505 1631 1640 1514 1506 1632 1641 1515
1793 5 2 0 0 1506 1632 1641 1515 1507 1633 1642 1516
1794 5 2 0 0 1507 1633 1642 1516 1508 1634 1643 1517
1795 5 2 0 0 1508 1634 1643 1517 1509 1635 1644 1518
1796 5 2 0 0 1509 1635 1644 1518 1510 1636 1645 1519
1797 5 2 0 0 1510 1636 1645 1519 1511 1637 1646 1520
1798 5 2 0 0 1511 1637 1646 1520 1512 1638 1647 1521
1799 5 2 0 0 1512 1638 1647 1521 1513 1639 1648 1522
1800 5 2 0 0 1513 1639 1648 1522 341 355 356 342
1801 5 2 0 0 216 230 231 217 1514 1640 1649 1523
1802 5 2 0 0 1514 1640 1649 1523 1515 1641 1650 1524
1803 5 2 0 0 1515 1641 1650 1524 1516 1642 1651 1525
1804 5 2 0 0 1516 1642 1651 1525 1517 1643 1652 1526
1805 5 2 0 0 1517 1643 1652 1526 1518 1644 1653 1527
1806 5 2 0 0 1518 1644 1653 1527 1519 1645 1654 1528
1807 5 2 0 0 1519 1645 1654 1528 1520 1646 1655 1529
1808 5 2 0 0 1520 1646 1655 1529 1521 1647 1656 1530
1809 5 2 0 0 1521 1647 1656 1530 1522 1648 1657 1531
1810 5 2 0 0 1522 1648 1657 1531 342 356 357 343
1811 5 2 0 0 217 231 232 218 1523 1649 1658 1532
1812 5 2 0 0 1523 1649 1658 1532 1524 1650 1659 1533
1813 5 2 0 0 1524 1650 1659 1533 1525 1651 1660 1534
1814 5 2 0 0 1525 1651 1660 1534 1526 1652 1661 1535
1815 5 2 0 0 1526 1652 1661 1535 1527 1653 1662 1536
1816 5 2 0 0 1527 1653 1662 1536 1528 1654 1663 1537
1817 5 2 0 0 1528 1654 1663 1537 1529 1655 1664 1538
1818 5 2 0 0 1529 1655 1664 1538 1530 1656 1665 1539
1819 5 2 0 0 1530 1656 1665 1539 1531 1657 1666 1540
1820 5 2 0 0 1531 1657 1666 1540 343 357 358 344
1821 5 2 0 0 218 232 233 219 1532 1658 1667 1541
1822 5 2 0 0 1532 1658 1667 1541 1533 1659 1668 1542
1823 5 2 0 0 1533 1659 1668 1542 1534 1660 1669 1543
1824 5 2 0 0 1534 1660 1669 1543 1535 1661 1670 1544
1825 5 2 0 0 1535 1661 1670 1544 1536 1662 1671 1545
1826 5 2 0 0 1536 1662 1671 1545 1537 1663 1672 1546
1827 5 2 0 0 1537 1663 1672 1546 1538 1664 1673 1547
1828 5 2 0 0 1538 1664 1673 1547 1539 1665 1674 1548
1829 5 2 0 0 1539 1665 1674 1548 1540 1666 1675 1549
1830 5 2 0 0 1540 1666 1675 1549 344 358 359 345
1831 5 2 0 0 219 233 234 220 1541 1667 1676 1550
1832 5 2 0 0 1541 1667 1676 1550 1542 1668 1677 1551
1833 5 2 0 0 1542 1668 1677 1551 1543 1669 1678 1552
1834 5 2 0 0 1543 1669 1678 1552 1544 1670 1679 1553
1835 5 2 0 0 1544 1670 1679 1553 1545 1671 1680 1554
1836 5 2 0 0 1545 1671 1680 1554 1546 1672 1681 1555
1837 5 2 0 0 1546 1672 1681 1555 1547 1673 1682 1556
1838 5 2 0 0 1547 1673 1682 1556 1548 1674 1683 1557
1839 5 2 0 0 1548 1674 1683 1557 1549 1675 1684 1558
1840 5 2 0 0 1549 1675 1684 1558 345 359 360 346
1841 5 2 0 0 220 234 24 23 1550 1676 776 767
1842 5 2 0 0 1550 1676 776 767 1551 1677 777 768
1843 5 2 0 0 1551 1677 777 768 1552 1678 778 769
1844 5 2 0 0 1552 1678 778 769 1553 1679 779 770
1845 5 2 0 0 1553 1679 779 770 1554 1680 780 771
1846 5 2 0 0 1554 1680 780 771 1555 1681 781 772
1847 5 2 0 0 1555 1681 781 772 1556 1682 782 773
1848 5 2 0 0 1556 1682 782 773 1557 1683 783 774
1849 5 2 0 0 1557 1683 783 774 1558 1684 784 775
1850 5 2 0 0 1558 1684 784 775 346 360 42 41
1851 5 2 0 0 15 16 235 221 695 704 1685 1559
1852 5 2 0 0 695 704 1685 1559 696 705 1686 1560
1853 5 2 0 0 696 705 1686 1560 697 706 1687 1561
1854 5 2 0 0 697 706 1687 1561 698 707 1688 1562
1855 5 2 0 0 698 707 1688 1562 699 708 1689 1563
1856 5 2 0 0 699 708 1689 1563 700 709 1690 1564
1857 5 2 0 0 700 709 1690 1564 701 710 1691 1565
1858 5 2 0 0 701 710 1691 1565 702 711 1692 1566
1859 5 2 0 0 702 711 1692 1566 703 712 1693 1567
1860 5 2 0 0 703 712 1693 1567 33 34 361 347
1861 5 2 0 0 221 235 236 222 1559 1685 1694 1568
1862 5 2 0 0 1559 1685 1694 1568 1560 1686 1695 1569
1863 5 2 0 0 1560 1686 1695 1569 1561 1687 1696 1570
1864 5 2 0 0 1561 1687 1696 1570 1562 1688 1697 1571
1865 5 2 0 0 1562 1688 1697 1571 1563 1689 1698 1572
1866 5 2 0 0 1563 1689 1698 1572 1564 1690 1699 1573
1867 5 2 0 0 1564 1690 1699 1573 1565 1691 1700 1574
1868 5 2 0 0 1565 1691 1700 1574 1566 1692 1701 1575
1869 5 2 0 0 1566 1692 1701 1575 1567 1693 1702 1576
1870 5 2 0 0 1567 1693 1702 1576 347 361 362 348
1871 5 2 0 0 222 236 237 223 1568 1694 1703 1577
1872 5 2 0 0 1568 1694 1703 1577 1569 1695 1704 1578
1873 5 2 0 0 1569 1695 1704 1578 1570 1696 1705 1579
1874 5 2 0 0 1570 1696 1705 1579 1571 1697 1706 1580
1875 5 2 0 0 1571 1697 1706 1580 1572 1698 1707 1581
1876 5 2 0 0 1572 1698 1707 1581 1573 1699 1708 1582
1877 5 2 0 0 1573 1699 1708 1582 1574 1700 1709 1583
1878 5 2 0 0 1574 1700 1709 1583 1575 1701 1710 1584
1879 5 2 0 0 1575 1701 1710 1584 1576 1702 1711 1585
1880 5 2 0 0 1576 1702 1711 1585 348 362 363 349
1881 5 2 0 0 223 237 238 224 1577 1703 1712 1586
1882 5 2 0 0 1577 1703 1712 1586 1578 1704 1713 1587
1883 5 2 0 0 1578 1704 1713 1587 1579 1705 1714 1588
1884 5 2 0 0 1579 1705 1714 1588 1580 1706 1715 1589
1885 5 2 0 0 1580 1706 1715 1589 1581 1707 1716 1590
1886 5 2 0 0 1581 1707 1716 1590 1582 1708 1717 1591
1887 5 2 0 0 1582 1708 1717 1591 1583 1709 1718 1592
1888 5 2 0 0 1583 1709 1718 1592 1584 1710 1719 1593
1889 5 2 0 0 1584 1710 1719 1593 1585 1711 1720 1594
1890 5 2 0 0 1585 1711 1720 1594 349 363 364 350
1891 5 2 0 0 224 238 239 225 1586 1712 1721 1595
1892 5 2 0 0 1586 1712 1721 1595 1587 1713 1722 1596
1893 5 2 0 0 1587 1713 1722 1596 1588 1714 1723 1597
1894 5 2 0 0 1588 1714 1723 1597 1589 1715 1724 1598
1895 5 2 0 0 1589 1715 1724 1598 1590 1716 1725 1599
1896 5 2 0 0 1590 1716 1725 1599 1591 1717 1726 1600
1897 5 2 0 0 1591 1717 1726 1600 1592 1718 1727 1601
1898 5 2 0 0 1592 1718 1727 1601 1593 1719 1728 1602
1899 5 2 0 0 1593 1719 1728 1602 1594 1720 1729 1603
1900 5 2 0 0 1594 1720 1729 1603 350 364 365 351
1901 5 2 0 0 225 239 240 226 1595 1721 1730 1604
1902 5 2 0 0 1595 1721 1730 1604 1596 1722 1731 1605
1903 5 2 0 0 1596 1722 1731 1605 1597 1723 1732 1606
1904 5 2 0 0 1597 1723 1732 1606 1598 1724 1733 1607
1905 5 2 0 0 1598 1724 1733 1607 1599 1725 1734 1608
1906 5 2 0 0 1599 1725 1734 1608 1600 1726 1735 1609
1907 5 2 0 0 1600 1726 1735 1609 1601 1727 1736 1610
1908 5 2 0 0 1601 1727 1736 1610 1602 1728 1737 1611
1909 5 2 0 0 1602 1728 1737 1611 1603 1729 1738 1612
1910 5 2 0 0 1603 1729 1738 1612 351 365 366 352
1911 5 2 0 0 226 240 241 227 1604 1730 1739 1613
1912 5 2 0 0 1604 1730 1739 1613 1605 1731 1740 1614
1913 5 2 0 0 1605 1731 1740 1614 1606 1732 1741 1615
1914 5 2 0 0 1606 1732 1741 1615 1607 1733 1742 1616
1915 5 2 0 0 1607 1733 1742 1616 1608 1734 1743 1617
1916 5 2 0 0 1608 1734 1743 1617 1609 1735 1744 1618
1917 5 2 0 0 1609 1735 1744 1618 1610 1736 1745 1619
1918 5 2 0 0 1610 1736 1745 1619 1611 1737 1746 1620
1919 5 2 0 0 1611 1737 1746 1620 1612 1738 1747 1621
1920 5 2 0 0 1612 1738 1747 1621 352 366 367 353
1921 5 2 0 0 227 241 242 228 1613 1739 1748 1622
1922 5 2 0 0 1613 1739 1748 1622 1614 1740 1749 1623
1923 5 2 0 0 1614 1740 1749 1623 1615 1741 1750 1624
1924 5 2 0 0 1615 1741 1750 1624 1616 1742 1751 1625
1925 5 2 0 0 1616 1742 1751 1625 1617 1743 1752 1626
1926 5 2 0 0 1617 1743 1752 1626 1618 1744 1753 1627
1927 5 2 0 0 1618 1744 1753 1627 1619 1745 1754 1628
1928 5 2 0 0 1619 1745 1754 1628 1620 1746 1755 1629
1929 5 2 0 0 1620 1746 1755 1629 1621 1747 1756 1630
1930 5 2 0 0 1621 1747 1756 1630 353 367 368 354
1931 5 2 0 0 228 242 243 229 1622 1748 1757 1631
1932 5 2 0 0 1622 1748 1757 1631 1623 1749 1758 1632
1933 5 2 0 0 1623 1749 1758 1632 1624 1750 1759 1633
1934 5 2 0 0 1624 1750 1759 1633 1625 1751 1760 1634
1935 5 2 0 0 1625 1751 1760 1634 1626 1752 1761 1635
1936 5 2 0 0 1626 1752 1761 1635 1627 1753 1762 1636
1937 5 2 0 0 1627 1753 1762 1636 1628 1754 1763 1637
1938 5 2 0 0 1628 1754 1763 1637 1629 1755 1764 1638
1939 5 2 0 0 1629 1755 1764 1638 1630 1756 1765 1639
1940 5 2 0 0 1630 1756 1765 1639 354 368 369 355
1941 5 2 0 0 229 243 244 230 1631 1757 1766 1640
1942 5 2 0 0 1631 1757 1766 1640 1632 1758 1767 1641
1943 5 2 0 0 1632 1758 1767 1641 1633 1759 1768 1642
1944 5 2 0 0 1633 1759 1768 1642 1634 1760 1769 1643
1945 5 2 0 0 1634 1760 1769 1643 1635 1761 1770 1644
1946 5 2 0 0 1635 1761 1770 1644 1636 1762 1771 1645
1947 5 2 0 0 1636 1762 1771 1645 1637 1763 1772 1646
1948 5 2 0 0 1637 1763 1772 1646 1638 1764 1773 1647
1949 5 2 0 0 1638 1764 1773 1647 1639 1765 1774 1648
1950 5 2 0 0 1639 1765 1774 1648 355 369 370 356
1951 5 2 0 0 230 244 245 231 1640 1766 1775 1649
1952 5 2 0 0 1640 1766 1775 1649 1641 1767 1776 1650
1953 5 2 0 0 1641 1767 1776 1650 1642 1768 1777 1651
1954 5 2 0 0 1642 1768 1777 1651 1643 1769 1778 1652
1955 5 2 0 0 1643 1769 1778 1652 1644 1770 1779 1653
1956 5 2 0 0 1644 1770 1779 1653 1645 1771 1780 1654
1957 5 2 0 0 1645 1771 1780 1654 1646 1772 1781 1655
1958 5 2 0 0 1646 1772 1781 1655 1647 1773 1782 1656
1959 5 2 0 0 1647 1773 1782 1656 1648 1774 1783 1657
1960 5 2 0 0 1648 1774 1783 1657 356 370 371 357
1961 5 2 0 0 231 245 246 232 1649 1775 1784 1658
1962 5 2 0 0 1649 1775 1784 1658 1650 1776 1785 1659
1963 5 2 0 0 1650 1776 1785 1659 1651 1777 1786 1660
1964 5 2 0 0 1651 1777 1786 1660 1652 1778 1787 1661
1965 5 2 0 0 1652 1778 1787 1661 1653 1779 1788 1662
1966 5 2 0 0 1653 1779 1788 1662 1654 1780 1789 1663
1967 5 2 0 0 1654 1780 1789 1663 1655 1781 1790 1664
1968 5 2 0 0 1655 1781 1790 1664 1656 1782 1791 1665
1969 5 2 0 0 1656 1782 1791 1665 1657 1783 1792 1666
1970 5 2 0 0 1657 1783 1792 1666 357 371 372 358
1971 5 2 0 0 232 246 247 233 1658 1784 1793 1667
1972 5 2 0 0 1658 1784 1793 1667 1659 1785 1794 1668
1973 5 2 0 0 1659 1785 1794 1668 1660 1786 1795 1669
1974 5 2 0 0 1660 1786 1795 1669 1661 1787 1796 1670
1975 5 2 0 0 1661 1787 1796 1670 1662 1788 1797 1671
1976 5 2 0 0 1662 1788 1797 1671 1663 1789 1798 1672
1977 5 2 0 0 1663 1789 1798 1672 1664 1790 1799 1673
1978 5 2 0 0 1664 1790 1799 1673 1665 1791 1800 1674
1979 5 2 0 0 1665 1791 1800 1674 1666 1792 1801 1675
1980 5 2 0 0 1666 1792 1801 1675 358 372 373 359
1981 5 2 0 0 233 247 248 234 1667 1793 1802 1676
1982 5 2 0 0 1667 1793 1802 1676 1668 1794 1803 1677
1983 5 2 0 0 1668 1794 1803 1677 1669 1795 1804 1678
1984 5 2 0 0 1669 1795 1804 1678 1670 1796 1805 1679
1985 5 2 0 0 1670 1796 1805 1679 1671 1797 1806 1680
1986 5 2 0 0 1671 1797 1806 1680 1672 1798 1807 1681
1987 5 2 0 0 1672 1798 1807 1681 1673 1799 1808 1682
1988 5 2 0 0 1673 1799 1808 1682 1674 1800 1809 1683
1989 5 2 0 0 1674 1800 1809 1683 1675 1801 1810 1684
1990 5 2 0 0 1675 1801 1810 1684 359 373 374 360
1991 5 2 0 0 234 248 25 24 1676 1802 785 776
1992 5 2 0 0 1676 1802 785 776 1677 1803 786 777
1993 5 2 0 0 1677 1803 786 777 1678 1804 787 778
1994 5 2 0 0 1678 1804 787 778 1679 1805 788 779
1995 5 2 0 0 1679 1805 788 779 1680 1806 789 780
1996 5 2 0 0 1680 1806 789 780 1681 1807 790 781
1997 5 2 0 0 1681 1807 790 781 1682 1808 791 782
1998 5 2 0 0 1682 1808 791 782 1683 1809 792 783
1999 5 2 0 0 1683 1809 792 783 1684 1810 793 784
2000 5 2 0 0 1684 1810 793 784 360 374 43 42
2001 5 2 0 0 16 17 249 235 704 713 1811 1685
2002 5 2 0 0 704 713 1811 1685 705 714 1812 1686
2003 5 2 0 0 705 714 1812 1686 706 715 1813 1687
2004 5 2 0 0 706 715 1813 1687 707 716 1814 1688
2005 5 2 0 0 707 716 1814 1688 708 717 1815 1689
2006 5 2 0 0 708 717 1815 1689 709 718 1816 1690
2007 5 2 0 0 709 718 1816 1690 710 719 1817 1691
2008 5 2 0 0 710 719 1817 1691 711 720 1818 1692
2009 5 2 0 0 711 720 1818 1692 712 721 1819 1693
2010 5 2 0 0 712 721 1819 1693 34 35 375 361
2011 5 2 0 0 235 249 250 236 1685 1811 1820 1694
2012 5 2 0 0 1685 1811 1820 1694 1686 1812 1821 1695
2013 5 2 0 0 1686 1812 1821 1695 1687 1813 1822 1696
2014 5 2 0 0 1687 1813 1822 1696 1688 1814 1823 1697
2015 5 2 0 0 1688 1814 1823 1697 1689 1815 1824 1698
2016 5 2 0 0 1689 1815 1824 1698 1690 1816 1825 1699
2017 5 2 0 0 1690 1816 1825 1699 1691 1817 1826 1700
2018 5 2 0 0 1691 1817 1826 1700 1692 1818 1827 1701
2019 5 2 0 0 1692 1818 1827 1701 1693 1819 1828 1702
2020 5 2 0 0 1693 1819 1828 1702 361 375 376 362
2021 5 2 0 0 236 250 251 237 1694 1820 1829 1703
2022 5 2 0 0 1694 1820 1829 1703 1695 1821 1830 1704
2023 5 2 0 0 1695 1821 1830 1704 1696 1822 1831 1705
2024 5 2 0 0 1696 1822 1831 1705 1697 1823 1832 1706
2025 5 2 0 0 1697 1823 1832 1706 1698 1824 1833 1707
2026 5 2 0 0 1698 1824 1833 1707 1699 1825 1834 1708
2027 5 2 0 0 1699 1825 1834 1708 1700 1826 1835 1709
2028 5 2 0 0 1700 1826 1835 1709 1701 1827 1836 1710
2029 5 2 0 0 1701 1827 1836 1710 1702 1828 1837 1711
2030 5 2 0 0 1702 1828 1837 1711 362 376 377 363
2031 5 2 0 0 237 251 252 238 1703 1829 1838 1712
2032 5 2 0 0 1703 1829 1838 1712 1704 1830 1839 1713
2033 5 2 0 0 1704 1830 1839 1713 1705 1831 1840 1714
2034 5 2 0 0 1705 1831 1840 1714 1706 1832 1841 1715
2035 5 2 0 0 1706 1832 1841 1715 1707 1833 1842 1716
2036 5 2 0 0 1707 1833 1842 1716 1708 1834 1843 1717
2037 5 2 0 0 1708 1834 1843 1717 1709 1835 1844 1718
2038 5 2 0 0 1709 1835 1844 1718 1710 1836 1845 1719
2039 5 2 0 0 1710 1836 1845 1719 1711 1837 1846 1720
2040 5 2 0 0 1711 1837 1846 1720 363 377 378 364
2041 5 2 0 0 238 252 253 239 1712 1838 1847 1721
2042 5 2 0 0 1712 1838 1847 1721 1713 1839 1848 1722
2043 5 2 0 0 1713 1839 1848 1722 1714 1840 1849 1723
2044 5 2 0 0 1714 1840 1849 1723 1715 1841 1850 1724
2045 5 2 0 0 1715 1841 1850 1724 1716 1842 1851 1725
2046 5 2 0 0 1716 1842 1851 1725 1717 1843 1852 1726
2047 5 2 0 0 1717 1843 1852 1726 1718 1844 1853 1727
2048 5 2 0 0 1718 1844 1853 1727 1719 1845 1854 1728
2049 5 2 0 0 1719 1845 1854 1728 1720 1846 1855 1729
2050 5 2 0 0 1720 1846 1855 1729 364 378 379 365
2051 5 2 0 0 239 253 254 240 1721 1847 1856 1730
2052 5 2 0 0 1721 1847 1856 1730 1722 1848 1857 1731
2053 5 2 0 0 1722 1848 1857 1731 1723 1849 1858 1732
2054 5 2 0 0 1723 1849 1858 1732 1724 1850 1859 1733
2055 5 2 0 0 1724 1850 1859 1733 1725 1851 1860 1734
2056 5 2 0 0 1725 1851 1860 1734 1726 1852 1861 1735
2057 5 2 0 0 1726 1852 1861 1735 1727 1853 1862 1736
2058 5 2 0 0 1727 1853 1862 1736 1728 1854 1863 1737
2059 5 2 0 0 1728 1854 1863 1737 1729 1855 1864 1738
2060 5 2 0 0 1729 1855 1864 1738 365 379 380 366
2061 5 2 0 0 240 254 255 241 1730 1856 1865 1739
2062 5 2 0 0 1730 1856 1865 1739 1731 1857 1866 1740
2063 5 2 0 0 1731 1857 1866 1740 1732 1858 1867 1741
2064 5 2 0 0 1732 1858 1867 1741 1733 1859 1868 1742
2065 5 2 0 0 1733 1859 1868 1742 1734 1860 1869 1743
2066 5 2 0 0 1734 1860 1869 1743 1735 1861 1870 1744
2067 5 2 0 0 1735 1861 1870 1744 1736 1862 1871 1745
2068 5 2 0 0 1736 1862 1871 1745 1737 1863 1872 1746
2069 5 2 0 0 1737 1863 1872 1746 1738 1864 1873 1747
2070 5 2 0 0 1738 1864 1873 1747 366 380 381 367
2071 5 2 0 0 241 255 256 242 1739 1865 1874 1748
2072 5 2 0 0 1739 1865 1874 1748 1740 1866 1875 1749
2073 5 2 0 0 1740 1866 1875 1749 1741 1867 1876 1750
2074 5 2 0 0 1741 1867 1876 1750 1742 1868 1877 1751
2075 5 2 0 0 1742 1868 1877 1751 1743 1869 1878 1752
2076 5 2 0 0 1743 1869 1878 1752 1744 1870 1879 1753
2077 5 2 0 0 1744 1870 1879 1753 1745 1871 1880 1754
2078 5 2 0 0 1745 1871 1880 1754 1746 1872 1881 1755
2079 5 2 0 0 1746 1872 1881 1755 1747 1873 1882 1756
2080 5 2 0 0 1747 1873 1882 1756 367 381 382 368
2081 5 2 0 0 242 256 257 243 1748 1874 1883 1757
2082 5 2 0 0 1748 1874 1883 1757 1749 1875 1884 1758
2083 5 2 0 0 1749 1875 1884 1758 1750 1876 1885 1759
2084 5 2 0 0 1750 1876 1885 1759 1751 1877 1886 1760
2085 5 2 0 0 1751 1877 1886 1760 1752 1878 1887 1761
2086 5 2 0 0 1752 1878 1887 1761 1753 1879 1888 1762
2087 5 2 0 0 1753 1879 1888 1762 1754 1880 1889 1763
2088 5 2 0 0 1754 1880 1889 1763 1755 1881 1890 1764
2089 5 2 0 0 1755 1881 1890 1764 1756 1882 1891 1765
2090 5 2 0 0 1756 1882 1891 1765 368 382 383 369
2091 5 2 0 0 243 257 258 244 1757 1883 1892 1766
2092 5 2 0 0 1757 1883 1892 1766 1758 1884 1893 1767
2093 5 2 0 0 1758 1884 1893 1767 1759 1885 1894 1768
2094 5 2 0 0 1759 1885 1894 1768 1760 1886 1895 1769
2095 5 2 0 0 1760 1886 1895 1769 1761 1887 1896 1770
2096 5 2 0 0 1761 1887 1896 1770 1762 1888 1897 1771
2097 5 2 0 0 1762 1888 1897 1771 1763 1889 1898 1772
2098 5 2 0 0 1763 1889 1898 1772 1764 1890 1899 1773
2099 5 2 0 0 1764 1890 1899 1773 1765 1891 1900 1774
2100 5 2 0 0 1765 1891 1900 1774 369 383 384 370
2101 5 2 0 0 244 258 259 245 1766 1892 1901 1775
2102 5 2 0 0 1766 1892 1901 1775 1767 1893 1902 1776
2103 5 2 0 0 1767 1893 1902 1776 1768 1894 1903 1777
2104 5 2 0 0 1768 1894 1903 1777 1769 1895 1904 1778
2105 5 2 0 0 1769 1895 1904 1778 1770 1896 1905 1779
2106 5 2 0 0 1770 1896 1905 1779 1771 1897 1906 1780
2107 5 2 0 0 1771 1897 1906 1780 1772 1898 1907 1781
2108 5 2 0 0 1772 1898 1907 1781 1773 1899 1908 1782
2109 5 2 0 0 1773 1899 1908 1782 1774 1900 1909 1783
2110 5 2 0 0 1774 1900 1909 1783 370 384 385 371
2111 5 2 0 0 245 259 260 246 1775 1901 1910 1784
2112 5 2 0 0 1775 1901 1910 1784 1776 1902 1911 1785
2113 5 2 0 0 1776 1902 1911 1785 1777 1903 1912 1786
2114 5 2 0 0 1777 1903 1912 1786 1778 1904 1913 1787
2115 5 2 0 0 1778 1904 1913 1787 1779 1905 1914 1788
2116 5 2 0 0 1779 1905 1914 1788 1780 1906 1915 1789
2117 5 2 0 0 1780 1906 1915 1789 1781 1907 1916 1790
2118 5 2 0 0 1781 1907 1916 1790 1782 1908 1917 1791
2119 5 2 0 0 1782 1908 1917 1791 1783 1909 1918 1792
2120 5 2 0 0 1783 1909 1918 1792 371 385 386 372
2121 5 2 0 0 246 260 261 247 1784 1910 1919 1793
2122 5 2 0 0 1784 1910 1919 1793 1785 1911 1920 1794
2123 5 2 0 0 1785 1911 1920 1794 1786 1912 1921 1795
2124 5 2 0 0 1786 1912 1921 1795 1787 1913 1922 1796
2125 5 2 0 0 1787 1913 1922 1796 1788 1914 1923 1797
2126 5 2 0 0 1788 1914 1923 1797 1789 1915 1924 1798
2127 5 2 0 0 1789 1915 1924 1798 1790 1916 1925 1799
2128 5 2 0 0 1790 1916 1925 1799 1791 1917 1926 1800
2129 5 2 0 0 1791 1917 1926 1800 1792 1918 1927 1801
2130 5 2 0 0 1792 1918 1927 1801 372 386 387 373
2131 5 2 0 0 247 261 262 248 1793 1919 1928 1802
2132 5 2 0 0 1793 1919 1928 1802 1794 1920 1929 1803
2133 5 2 0 0 1794 1920 1929 1803 1795 1921 1930 1804
2134 5 2 0 0 1795 1921 1930 1804 1796 1922 1931 1805
2135 5 2 0 0 1796 1922 1931 1805 1797 1923 1932 1806
2136 5 2 0 0 1797 1923 1932 1806 1798 1924 1933 1807
2137 5 2 0 0 1798 1924 1933 1807 1799 1925 1934 1808
2138 5 2 0 0 1799 1925 1934 1808 1800 1926 1935 1809
2139 5 2 0 0 1800 1926 1935 1809 1801 1927 1936 1810
2140 5 2 0 0 1801 1927 1936 1810 373 387 388 374
2141 5 2 0 0 248 262 26 25 1802 1928 794 785
2142 5 2 0 0 1802 1928 794 785 1803 1929 795 786
2143 5 2 0 0 1803 1929 795 786 1804 1930 796 787
2144 5 2 0 0 1804 1930 796 787 1805 1931 797 788
2145 5 2 0 0 1805 1931 797 788 1806 1932 798 789
2146 5 2 0 0 1806 1932 798 789 1807 1933 799 790
2147 5 2 0 0 1807 1933 799 790 1808 1934 800 791
2148 5 2 0 0 1808 1934 800 791 1809 1935 801 792
2149 5 2 0 0 1809 1935 801 792 1810 1936 802 793
2150 5 2 0 0 1810 1936 802 793 374 388 44 43
2151 5 2 0 0 17 2 59 249 713 110 515 1811
2152 5 2 0 0 713 110 515 1811 714 111 516 1812
2153 5 2 0 0 714 111 516 1812 715 112 517 1813
2154 5 2 0 0 715 112 517 1813 716 113 518 1814
2155 5 2 0 0 716 113 518 1814 717 114 519 1815
2156 5 2 0 0 717 114 519 1815 718 115 520 1816
2157 5 2 0 0 718 115 520 1816 719 116 521 1817
2158 5 2 0 0 719 116 521 1817 720 117 522 1818
2159 5 2 0 0 720 117 522 1818 721 118 523 1819
2160 5 2 0 0 721 118 523 1819 35 6 87 375
2161 5 2 0 0 249 59 60 250 1811 515 524 1820
2162 5 2 0 0 1811 515 524 1820 1812 516 525 1821
2163 5 2 0 0 1812 516 525 1821 1813 517 526 1822
2164 5 2 0 0 1813 517 526 1822 1814 518 527 1823
2165 5 2 0 0 1814 518 527 1823 1815 519 528 1824
2166 5 2 0 0 1815 519 528 1824 1816 520 529 1825
2167 5 2 0 0 1816 520 529 1825 1817 521 530 1826
2168 5 2 0 0 1817 521 530 1826 1818 522 531 1827
2169 5 2 0 0 1818 522 531 1827 1819 523 532 1828
2170 5 2 0 0 1819 523 532 1828 375 87 88 376
2171 5 2 0 0 250 60 61 251 1820 524 533 1829
2172 5 2 0 0 1820 524 533 1829 1821 525 534 1830
2173 5 2 0 0 1821 525 534 1830 1822 526 535 1831
2174 5 2 0 0 1822 526 535 1831 1823 527 536 1832
2175 5 2 0 0 1823 527 536 1832 1824 528 537 1833
2176 5 2 0 0 1824 528 537 1833 1825 529 538 1834
2177 5 2 0 0 1825 529 538 1834 1826 530 539 1835
2178 5 2 0 0 1826 530 539 1835 1827 531 540 1836
2179 5 2 0 0 1827 531 540 1836 1828 532 541 1837
2180 5 2 0 0 1828 532 541 1837 376 88 89 377
2181 5 2 0 0 251 61 62 252 1829 533 542 1838
2182 5 2 0 0 1829 533 542 1838 1830 534 543 1839
2183 5 2 0 0 1830 534 543 1839 1831 535 544 1840
2184 5 2 0 0 1831 535 544 1840 1832 536 545 1841
2185 5 2 0 0 1832 536 545 1841 1833 537 546 1842
2186 5 2 0 0 1833 537 546 1842 1834 538 547 1843
2187 5 2 0 0 1834 538 547 1843 1835 539 548 1844
2188 5 2 0 0 1835 539 548 1844 1836 540 549 1845
2189 5 2 0 0 1836 540 549 1845 1837 541 550 1846
2190 5 2 0 0 1837 541 550 1846 377 89 90 378
2191 5 2 0 0 252 62 63 253 1838 542 551 1847
2192 5 2 0 0 1838 542 551 1847 1839 543 552 1848
2193 5 2 0 0 1839 543 552 1848 1840 544 553 1849
2194 5 2 0 0 1840 544 553 1849 1841 545 554 1850
2195 5 2 0 0 1841 545 554 1850 1842 546 555 1851
2196 5 2 0 0 1842 546 555 1851 1843 547 556 1852
2197 5 2 0 0 1843 547 556 1852 1844 548 557 1853
2198 5 2 0 0 1844 548 557 1853 1845 549 558 1854
2199 5 2 0 0 1845 549 558 1854 1846 550 559 1855
2200 5 2 0 0 1846 550 559 1855 378 90 91 379
2201 5 2 0 0 253 63 64 254 1847 551 560 1856
2202 5 2 0 0 1847 551 560 1856 1848 552 561 1857
2203 5 2 0 0 1848 552 561 1857 1849 553 562 1858
2204 5 2 0 0 1849 553 562 1858 1850 554 563 1859
2205 5 2 0 0 1850 554 563 1859 1851 555 564 1860
2206 5 2 0 0 1851 555 564 1860 1852 556 565 1861
2207 5 2 0 0 1852 556 565 1861 1853 557 566 1862
2208 5 2 0 0 1853 557 566 1862 1854 558 567 1863
2209 5 2 0 0 1854 558 567 1863 1855 559 568 1864
2210 5 2 0 0 1855 559 568 1864 379 91 92 380
2211 5 2 0 0 254 64 65 255 1856 560 569 1865
2212 5 2 0 0 1856 560 569 1865 1857 561 570 1866
2213 5 2 0 0 1857 561 570 1866 1858 562 571 1867
2214 5 2 0 0 1858 562 571 1867 1859 563 572 1868
2215 5 2 0 0 1859 563 572 1868 1860 564 573 1869
2216 5 2 0 0 1860 564 573 1869 1861 565 574 1870
2217 5 2 0 0 1861 565 574 1870 1862 566 575 1871
2218 5 2 0 0 1862 566 575 1871 1863 567 576 1872
2219 5 2 0 0 1863 567 576 1872 1864 568 577 1873
2220 5 2 0 0 1864 568 577 1873 380 92 93 381
2221 5 2 0 0 255 65 66 256 1865 569 578 1874
2222 5 2 0 0 1865 569 578 1874 1866 570 579 1875
2223 5 2 0 0 1866 570 579 1875 1867 571 580 1876
2224 5 2 0 0 1867 571 580 1876 1868 572 581 1877
2225 5 2 0 0 1868 572 581 1877 1869 573 582 1878
2226 5 2 0 0 1869 573 582 1878 1870 574 583 1879
2227 5 2 0 0 1870 574 583 1879 1871 575 584 1880
2228 5 2 0 0 1871 575 584 1880 1872 576 585 1881
2229 5 2 0 0 1872 576 585 1881 1873 577 586 1882
2230 5 2 0 0 1873 577 586 1882 381 93 94 382
2231 5 2 0 0 256 66 67 257 1874 578 587 1883
2232 5 2 0 0 1874 578 587 1883 1875 579 588 1884
2233 5 2 0 0 1875 579 588 1884 1876 580 589 1885
2234 5 2 0 0 1876 580 589 1885 1877 581 590 1886
2235 5 2 0 0 1877 581 590 1886 1878 582 591 1887
2236 5 2 0 0 1878 582 591 1887 1879 583 592 1888
2237 5 2 0 0 1879 583 592 1888 1880 584 593 1889
2238 5 2 0 0 1880 584 593 1889 1881 585 594 1890
2239 5 2 0 0 1881 585 594 1890 1882 586 595 1891
2240 5 2 0 0 1882 586 595 1891 382 94 95 383
2241 5 2 0 0 257 67 68 258 1883 587 596 1892
2242 5 2 0 0 1883 587 596 1892 1884 588 597 1893
2243 5 2 0 0 1884 588 597 1893 1885 589 598 1894
2244 5 2 0 0 1885 589 598 1894 1886 590 599 1895
2245 5 2 0 0 1886 590 599 1895 1887 591 600 1896
2246 5 2 0 0 1887 591 600 1896 1888 592 601 1897
2247 5 2 0 0 1888 592 601 1897 1889 593 602 1898
2248 5 2 0 0 1889 593 602 1898 1890 594 603 1899
2249 5 2 0 0 1890 594 603 1899 1891 595 604 1900
2250 5 2 0 0 1891 595 604 1900 383 95 96 384
2251 5 2 0 0 258 68 69 259 1892 596 605 1901
2252 5 2 0 0 1892 596 605 1901 1893 597 606 1902
2253 5 2 0 0 1893 597 606 1902 1894 598 607 1903
2254 5 2 0 0 1894 598 607 1903 1895 599 608 1904
2255 5 2 0 0 1895 599 608 1904 1896 600 609 1905
2256 5 2 0 0 1896 600 609 1905 1897 601 610 1906
2257 5 2 0 0 1897 601 610 1906 1898 602 611 1907
2258 5 2 0 0 1898 602 611 1907 1899 603 612 1908
2259 5 2 0 0 1899 603 612 1908 1900 604 613 1909
2260 5 2 0 0 1900 604 613 1909 384 96 97 385
2261 5 2 0 0 259 69 70 260 1901 605 614 1910
2262 5 2 0 0 1901 605 614 1910 1902 606 615 1911
2263 5 2 0 0 1902 606 615 1911 1903 607 616 1912
2264 5 2 0 0 1903 607 616 1912 1904 608 617 1913
2265 5 2 0 0 1904 608 617 1913 1905 609 618 1914
2266 5 2 0 0 1905 609 618 1914 1906 610 619 1915
2267 5 2 0 0 1906 610 619 1915 1907 611 620 1916
2268 5 2 0 0 1907 611 620 1916 1908 612 621 1917
2269 5 2 0 0 1908 612 621 1917 1909 613 622 1918
2270 5 2 0 0 1909 613 622 1918 385 97 98 386
2271 5 2 0 0 260 70 71 261 1910 614 623 1919
2272 5 2 0 0 1910 614 623 1919 1911 615 624 1920
2273 5 2 0 0 1911 615 624 1920 1912 616 625 1921
2274 5 2 0 0 1912 616 625 1921 1913 617 626 1922
2275 5 2 0 0 1913 617 626 1922 1914 618 627 1923
2276 5 2 0 0 1914 618 627 1923 1915 619 628 1924
2277 5 2 0 0 1915 619 628 1924 1916 620 629 1925
2278 5 2 0 0 1916 620 629 1925 1917 621 630 1926
2279 5 2 0 0 1917 621 630 1926 1918 622 631 1927
2280 5 2 0 0 1918 622 631 1927 386 98 99 387
2281 5 2 0 0 261 71 72 262 1919 623 632 1928
2282 5 2 0 0 1919 623 632 1928 1920 624 633 1929
2283 5 2 0 0 1920 624 633 1929 1921 625 634 1930
2284 5 2 0 0 1921 625 634 1930 1922 626 635 1931
2285 5 2 0 0 1922 626 635 1931 1923 627 636 1932
2286 5 2 0 0 1923 627 636 1932 1924 628 637 1933
2287 5 2 0 0 1924 628 637 1933 1925 629 638 1934
2288 5 2 0 0 1925 629 638 1934 1926 630 639 1935
2289 5 2 0 0 1926 630 639 1935 1927 631 640 1936
2290 5 2 0 0 1927 631 640 1936 387 99 100 388
2291 5 2 0 0 262 72 4 26 1928 632 128 794
2292 5 2 0 0 1928 632 128 794 1929 633 129 795
2293 5 2 0 0 1929 633 129 795 1930 634 130 796
2294 5 2 0 0 1930 634 130 796 1931 635 131 797
2295 5 2 0 0 1931 635 131 797 1932 636 132 798
2296 5 2 0 0 1932 636 132 798 1933 637 133 799
2297 5 2 0 0 1933 637 133 799 1934 638 134 800
2298 5 2 0 0 1934 638 134 800 1935 639 135 801
2299 5 2 0 0 1935 639 135 801 1936 640 136 802
2300 5 2 0 0 1936 640 136 802 388 100 8 44
$EndElements
