<?xml version="1.0"?>
<VTKFile type="UnstructuredGrid" version="0.1" byte_order="LittleEndian">
  <UnstructuredGrid>
    <Piece NumberOfPoints="2615" NumberOfCells="15554">
      <Points>
        <DataArray type="Float32" NumberOfComponents="3" format="ascii">
          -1.1368683772161602973938e-13 -5.68434188608080148696899e-14 2000 0 111.111111111111085847369 2000 0 222.222222222222171694739 2000 -5.68434188608080148696899e-14 333.333333333333371228946 2000 5.68434188608080148696899e-14 444.444444444444457076315 2000 0 555.555555555555542923685 2000 0 666.666666666666628771054 2000 -5.68434188608080148696899e-14 777.777777777777600931586 2000 0 888.888888888888686778955 2000 -5.68434188608080148696899e-14 1000.00000000000011368684 2000
          1000.00000000000011368684 0 2000 1000 111.111111111111142690788 2000 1000.00000000000011368684 222.222222222222285381577 2000 1000 333.333333333333371228946 2000 1000 444.444444444444570763153 2000 1000 555.55555555555577029736 1999.99999999999977262632 1000 666.666666666666969831567 2000 1000 777.777777777778055678937 2000 1000 888.888888888889141526306 2000 1000 1000 2000
          111.111111111111085847369 1000 1999.99999999999977262632 222.222222222222228538158 1000 2000 333.333333333333428072365 1000 2000 444.444444444444457076315 1000.00000000000011368684 2000 555.555555555555429236847 1000 2000 666.666666666666401397379 1000 2000 777.777777777777600931586 1000 2000 888.888888888888686778955 1000 2000 111.111111111111029003951 -5.68434188608080148696899e-14 2000 222.222222222222171694739 -5.68434188608080148696899e-14 2000
          333.333333333333371228946 0 2000 444.444444444444457076315 -5.68434188608080148696899e-14 1999.99999999999977262632 555.555555555555542923685 0 2000 666.666666666666742457892 5.68434188608080148696899e-14 2000 777.777777777777828305261 -5.68434188608080148696899e-14 2000 888.888888888888800465793 0 2000 0 1000 1000 -5.68434188608080148696899e-14 1000 1111.11111111111108584737 0 1000 1222.22222222222217169474 0 1000 1333.33333333333325754211
          -5.68434188608080148696899e-14 1000 1444.44444444444457076315 5.68434188608080148696899e-14 1000 1555.55555555555542923685 0 1000 1666.66666666666651508422 0 1000 1777.77777777777760093159 0 1000 1888.88888888888868677896 -5.68434188608080148696899e-14 -5.68434188608080148696899e-14 999.999999999999886313162 0 0 1111.11111111111108584737 0 5.68434188608080148696899e-14 1222.22222222222217169474 0 0 1333.33333333333325754211 0 -5.68434188608080148696899e-14 1444.44444444444434338948
          0 0 1555.55555555555542923685 -5.68434188608080148696899e-14 0 1666.66666666666651508422 -5.68434188608080148696899e-14 0 1777.77777777777782830526 -5.68434188608080148696899e-14 0 1888.88888888888891415263 -5.68434188608080148696899e-14 111.111111111111085847369 1000 5.68434188608080148696899e-14 222.222222222222228538158 1000 0 333.333333333333314385527 1000 1.7053025658242404460907e-13 444.444444444444513919734 1000 0 555.555555555555656610522 1000 0 666.666666666666742457892 1000
          5.68434188608080148696899e-14 777.777777777777828305261 1000 5.68434188608080148696899e-14 888.888888888888914152631 1000 111.111111111111142690788 1000 1000 222.222222222222228538158 1000 1000 333.333333333333371228946 1000 1000 444.444444444444570763153 1000 1000 555.555555555555656610522 1000 1000 666.666666666666742457892 1000 1000 777.777777777777941992099 1000 1000 888.888888888888914152631 1000 1000
          1000 1000 1000 1000 1000 1111.11111111111131322104 1000 1000 1222.22222222222239906841 1000 1000 1333.33333333333371228946 1000 1000 1444.44444444444479813683 1000 999.999999999999772626325 1555.5555555555558839842 1000 1000 1666.66666666666696983157 1000 1000 1777.77777777777782830526 1000 1000 1888.88888888888868677896 111.111111111111085847369 5.68434188608080148696899e-14 1000
          222.222222222222228538158 0 1000 333.333333333333257542108 -5.68434188608080148696899e-14 1000 444.444444444444400232896 0 1000.00000000000022737368 555.555555555555429236847 5.68434188608080148696899e-14 1000 666.666666666666628771054 0 1000 777.777777777777600931586 0 1000 888.888888888888686778955 5.68434188608080148696899e-14 1000 1000.00000000000011368684 5.68434188608080148696899e-14 1000 1000 0 1111.11111111111131322104 1000 5.68434188608080148696899e-14 1222.22222222222239906841
          1000 0 1333.33333333333348491578 1000 5.68434188608080148696899e-14 1444.44444444444457076315 1000 1.7053025658242404460907e-13 1555.5555555555558839842 1000 -5.68434188608080148696899e-14 1666.66666666666696983157 1000 0 1777.77777777777805567894 1000 0 1888.88888888888891415263 1000 111.111111111111199534207 1000 1000 222.222222222222285381577 1000 1000 333.333333333333428072365 1000 1000 444.444444444444570763153 1000
          1000 555.555555555555542923685 1000 1000 666.666666666666628771054 1000 1000 777.777777777777714618423 1000 1000 888.888888888888686778955 1000 250 500 1250 295.454545454545439042704 500 1250 340.909090909090934928827 500 1250 386.363636363636373971531 500 1250 431.818181818181813014235 500 1250 477.272727272727252056939 500 1250
          522.727272727272747943061 500 1250 568.181818181818130142346 500 1250 613.636363636363626028469 500 1250 659.090909090909121914592 500 1250 704.545454545454617800715 500 1250 750 500 1250 750 500 1295.45454545454549588612 750 500 1340.90909090909099177225 750 500 1386.36363636363648765837 750 500 1431.81818181818175617082
          750 500 1477.27272727272725205694 750 500 1522.72727272727274794306 750 500 1568.18181818181801645551 750 500 1613.63636363636351234163 750 500 1659.09090909090900822775 750 500 1704.5454545454542767402 750 500 1750 704.545454545454617800715 500 1750 659.090909090909121914592 500 1750 613.636363636363739715307 500 1750
          568.181818181818357516022 500 1750 522.727272727272747943061 500 1750 477.272727272727365743776 500 1750 431.818181818181926701072 500 1750 386.363636363636487658368 500 1750 340.909090909091105459083 500 1750 295.454545454545723259798 500 1750 250 500 1750 250 500 1704.54545454545450411388 250 500 1659.09090909090923560143
          250 500 1613.63636363636373971531 250 500 1568.18181818181847120286 250 500 1522.72727272727297531674 250 500 1477.27272727272747943061 250 500 1431.81818181818221091817 250 500 1386.36363636363671503204 250 500 1340.9090909090914465196 250 500 1295.45454545454595063347 55.555555555555429236847 55.5555555555554860802658 2000 166.666666666666628771054 111.111111111111142690788 2000
          83.333333333333314385527 138.888888888888629935536 2000 120.370370370370267210092 64.8148148148148379732447 2000 182.09876543209867350015 49.3827160493826795573113 2000 277.777777777777714618423 86.1304012345678415840666 2000 182.098765432098105065961 296.296296296295793126774 2000 27.7777777777778283052612 166.666666666666628771054 2000 151.860193526859802659601 205.580580580580260630086 2000 77.2707607602758912435092 226.135380380137917200045 2000 35.9210124873973768444557 277.777777777777771461842 2000 108.217747490266731347219 293.289883878281386841991 2000
          139.651821140877302696026 430.110867600887672779209 2000 142.610219537328134720156 357.409769209462865546811 2000 65.0415844764254984511354 390.664039669040789704013 2000 72.8015731349439079167496 466.269491122129636551108 2000 202.923363380989201232296 626.963470216988412175851 2000 152.884891775688458892546 534.45208812062367087492 2000 388.888888888888970996049 96.8166003933199590392178 2000 238.439997815180504403543 170.755418269703966416273 2000 424.877286692033067083685 446.946912720461739354505 2000 97.0807918782346064290323 624.424304604158692200144 2000
          76.2181004555247341158974 543.378542615786841452064 2000 336.094553196980768916546 62.7633670690879625908565 2000 326.710777125092192818556 160.332368944882091454929 2000 494.943989035774279727775 262.830353026999887333659 2000 295.098056446457690071838 271.595943744630289984343 2000 266.323879317591661219922 398.854744231522090558428 2000 198.450142330093854070583 396.092783833292116923985 2000 228.914535364856988053361 482.808038249293758781278 2000 422.69489246339799137786 192.102839152020976598578 2000 287.752289024779656756436 209.386066890577922094963 2000
          359.287938509235061701474 232.477742485814303563529 2000 230.667829258822109750326 247.665257010572645413049 2000 423.578059165476247471815 263.466136323810530939227 2000 460.07888936537023027995 354.952662029455723313731 2000 146.702279507544062653324 763.242662061158625874668 2000 33.5571094628801915860095 611.111111111111085847369 2000 329.143296161821069745201 477.15828841346473154772 2000 223.212721407947412899375 556.200818679799795063445 2000 364.457412635021967162174 634.989126345787781247054 2000 284.628229131026898812706 612.100175042696832861111 2000
          293.816240551934072300355 540.317815409327181441768 2000 382.020088509383640484884 548.193410925247690101969 2000 287.389386673950468775729 753.123689856218106797314 2000 682.066559882001456571743 654.08102045814723624062 2000 255.360143059042627555755 683.212015295392120606266 2000 524.603425207872305691126 622.219148209690501971636 2000 325.131517342560641736782 693.539803944182949635433 2000 453.178756316376905033394 737.061390252015712576394 2000 395.032875977060712102684 698.007379338662758527789 2000 445.02645135456720026923 634.824791332458403303463 2000
          374.735599119909863929934 791.03963212924099934753 2000 215.992656073181763076718 743.540539835714639593789 2000 235.175053282062947346276 871.37997717902385375055 1999.99999999999977262632 163.439497633890880479157 690.411076237973020397476 2000 244.128097736979412957226 804.677681833886708773207 2000 78.6936538499357425280323 709.274835605872794985771 2000 314.677968030564784385206 848.099167027184876133106 2000 176.050564642921358426975 829.492051653160615387606 2000 156.551311737654771150119 919.685945007621285185451 2000 79.5064519384536083634885 832.635513324658404599177 2000
          472.192561400122258419287 548.839358955332158984675 2000 493.351981465155176920234 682.414663354120762051025 2000 591.770932899240278857178 695.300306617487990479276 2000 533.983530173287817888195 754.374631816579835685843 2000 415.114708680494857162557 893.676789330003089162346 2000 294.808415122650103512569 927.635377511754313673009 2000 676.535425086902137081779 836.019641534356310330622 2000 476.45455173738287157903 825.651647294053304904082 2000 351.850833250182517986104 899.635594809575650288025 2000 389.262167358945703199424 958.015304187303399885423 2000
          230.671557434433282196551 935.888673792475401569391 2000 615.868312119449456076836 776.674149606080618468695 2000 657.626461128966639080318 720.053314371967644547112 2000 829.282563331429400932393 746.131854190241710966802 2000 746.152241293417887391115 715.335391623173336483887 2000 573.935820184191015869146 880.222305153891966256197 2000 828.653466387024309369735 564.869664418762113200501 2000 760.551744897480034524051 804.063143930768774225726 2000 561.476232755358182657801 814.912221046399054102949 2000 815.570947008915482001612 655.547255788182496871741 2000
          748.890077658874588450999 648.319890437011281392188 2000 704.705156893687217234401 526.242231706216216480243 2000 710.476845513309626767295 593.188218979710882194922 2000 614.035736113877419484197 585.266417844702345973928 2000 763.776273507271298512933 554.87126217275476847135 2000 815.365417824609266972402 373.169773267662321813987 2000 810.088783610294740356039 469.846022332657639708486 2000 507.132742072127825849748 108.505638373654221595643 2000 361.641070392428275681596 370.01750025097817342612 2000 365.797639672024843093823 301.156378147306668324745 2000
          74.0053747372060684028838 925.994625262793874753697 2000 63.3142373382835330630769 771.059183951487739250297 2000 560.251610208294437143195 446.015829025002972230141 2000 496.053819447381442842016 904.993108281173817886156 2000 549.352253117636337265139 937.748981517857941980765 2000 625.343816058711695404781 936.20723683257904212951 2000 718.94011848547756926564 920.858807534767493052641 2000 700.494277465461891551968 772.588245258888491662219 2000 872.819919690192136840778 867.522868153277158853598 2000 910.088930095205796533264 622.901311460516694751277 2000
          547.347863859956078158575 550.567242582146263885079 2000 511.073449564718316651124 493.018252954939725896111 2000 613.110546903070485313947 505.611682133734859689866 2000 682.460047797091760912735 390.861964343398426535714 2000 629.935326265967773906596 437.449114044215889407496 2000 581.97656921915643124521 335.036466265884939730313 2000 695.322006580954052878951 458.266286527039255815907 2000 752.949523235924175423861 412.340610544486594335467 2000 900.921575255688821926014 426.321592853110189480503 2000 445.26314647903751620106 130.455961914811382484913 2000
          445.966138953597237559734 65.2210002271532403028687 2000 507.238850729712055454002 43.4953473117650446511107 2000 499.831096394677331318235 185.572644118671178148361 1999.99999999999977262632 660.099899639375053084223 161.877774051307596892002 2000 588.278173126387059710396 229.950986552925428441085 2000 571.298399295688227539358 153.464354003811763504928 2000 579.418251663096611991932 75.0917430838122754721553 2000 300.444133322058746671246 339.687161917463640747883 2000 244.259163843177049102451 309.842959485005508213362 2000 492.382628408381094686774 420.045761186860545421951 2000
          524.091636885867501405301 363.747303444895749180432 2000 828.483563875053050651331 814.921345984480808510853 2000 911.021773639517732590321 781.480652558961764952983 2000 794.055122439018532531918 888.925818856910609611077 2000 896.763116230705918496824 702.272114885473001777427 2000 957.745811395498321871855 833.333333333333598602621 2000 849.560210246312863091589 937.557300073801570761134 2000 928.562780360560054759844 924.915789056053426975268 2000 912.841211137573509404319 532.884278460324935622339 2000 971.435166058770391828148 611.111111111111426907883 2000
          902.358484699167320286506 328.574751994425696466351 2000 958.965224549214440230571 388.888888888888914152631 2000 697.974724547900450488669 273.763145201153633934155 2000 747.482468154860157483199 334.31622962079512717537 2000 820.928141072929861365992 223.752482737752359298611 2000 813.171147908792363523389 298.275887987014698410349 2000 762.110683143325786659261 255.29569804699255541891 2000 713.257675717856386654603 206.23636898727193056402 2000 652.649945872129137569573 228.012206038042336331273 2000 752.418406376910411381687 105.277030463133201010351 2000
          633.558932900615445760195 292.252153666419076216698 2000 872.453493224041721987305 483.453889951955716242082 2000 943.113647852232475088385 475.550154139307664991065 2000 953.770799649572154521593 277.777777777777828305261 2000 884.121952552396578539629 258.701265470243583877163 2000 901.349916561867189557233 152.942551354975762478716 2000 944.444444444444457076315 55.5555555555554860802658 2000 865.565236650995529998909 78.8792077934490407642443 2000 823.055786826274584200291 145.094799842827853808558 2000 772.284978062764253081696 183.079095486989785968035 2000
          660.281040029752034570265 80.8130407940021200374758 2000 719.15784487635414734541 44.8065179228737520134018 2000 961.402161179789118250483 722.222222222222512755252 2000 965.363584539497878722614 166.666666666666742457892 2000 801.856102225152653772966 61.492868618952059023286 2000 5.68434188608080148696899e-14 166.666666666666685614473 1833.33333333333348491578 -1.1368683772161602973938e-13 55.5555555555554860802658 1944.44444444444457076315 5.68434188608080148696899e-14 83.3333333333333712289459 1861.11111111111131322104 0 27.7777777777778283052612 1833.33333333333325754211 -5.68434188608080148696899e-14 97.2222222222223422249954 1763.88888888888868677896
          -5.68434188608080148696899e-14 149.305555555555599767104 1920.13888888888914152631 5.68434188608080148696899e-14 255.642361111111114269079 1896.26736111111131322104 0 41.666666666666685614473 1722.22222222222217169474 -5.68434188608080148696899e-14 131.944444444444684449991 1611.11111111111108584737 0 111.616774541531810882589 1686.82578209277221503726 5.68434188608080148696899e-14 63.6443446210058141332411 1633.36017958599950361531 0 76.7688184137974189980014 1557.69141737834229388682 1.7053025658242404460907e-13 304.379066731519515087712 1697.99198610097801065422 -5.68434188608080148696899e-14 189.336622512725455180771 1741.21893304283048564685 0 39.9597876680593913079065 1499.99999999999977262632
          0 135.837106792399993082654 1388.88888888888891415263 5.68434188608080148696899e-14 74.5785180075432094781718 1432.95073250127006758703 5.68434188608080148696899e-14 184.264844304660925899952 1665.74404481718602255569 -5.68434188608080148696899e-14 185.201666675358694647002 1500.89881188145818669 5.68434188608080148696899e-14 68.4488970411856598730083 1359.81438487698051176267 0 60.8398163991300862107892 1277.77777777777782830526 0 239.469435061131434849813 1699.94224588417182530975 5.68434188608080148696899e-14 140.366905817681413282116 1547.2073139599572186853 0 120.15253493585453270498 1482.77804237010536780872 0 224.232688367263904183346 1583.54590528256608195079
          -5.68434188608080148696899e-14 270.054681566020349237078 1636.74306888966702899779 0 473.199852351681613527035 1415.42838829261722821684 5.68434188608080148696899e-14 358.60692625263925492618 1514.13433282600226448267 1.7053025658242404460907e-13 299.701682871787284057064 1564.87304666991462909209 -1.1368683772161602973938e-13 106.515299402879691115231 1166.66666666666651508422 5.68434188608080148696899e-14 274.321651747554255962314 1475.84557714381389814662 5.68434188608080148696899e-14 405.215608581147080258233 1627.80726084129287301039 0 338.071042274020555851166 1638.86844320979980693664 5.68434188608080148696899e-14 63.3976191012948788738868 1213.8855582225530724827 -5.68434188608080148696899e-14 362.954130667923664077534 1578.74368682617023296189
          -5.68434188608080148696899e-14 252.943230908752212826585 1805.71974729758790090273 0 211.253500917305586881412 1422.53451693680790413055 5.68434188608080148696899e-14 237.46620879767891665324 1262.43352860969525863766 0 147.340621126816358810174 1249.24336376308838225668 0 126.530995825629872797435 1317.82571134119825728703 -5.68434188608080148696899e-14 319.779655120983989036176 1358.10673301661427103681 5.68434188608080148696899e-14 276.669392443750325583096 1409.10711714519902670872 0 229.066356405595229261962 1343.25459984156350401463 -5.68434188608080148696899e-14 355.53760970912753691664 1432.05326977737104243715 0 405.672161106482690229313 1362.19104165847375043086
          5.68434188608080148696899e-14 421.004190131548682529683 1470.70314870744232393918 -5.68434188608080148696899e-14 443.279829376599877832632 1552.28720943691155298438 0 368.786422206833606196597 1232.69702493866520853771 0 674.823231642928362816747 1716.34431071848962346849 0 365.41210241194005448051 1303.65855321531716981553 0 298.053908570933344890364 1293.55248599041260604281 -5.68434188608080148696899e-14 547.445828011034109294997 1251.8071345670959999552 0 457.961482089940375317383 1283.11301986712305733818 5.68434188608080148696899e-14 546.690385769087470180239 1651.76176812492531098542 0 471.109703066712654617731 1348.63394134842883431702
          -5.68434188608080148696899e-14 607.669726015085302606167 1377.79059565253760410997 -5.68434188608080148696899e-14 535.796932668249155540252 1380.03965787994320635335 5.68434188608080148696899e-14 527.577466015319487269153 1314.64761934616717553581 0 575.915315837906291562831 1512.55796134898173477268 0 601.367914716516906992183 1303.4169004284135553462 0 535.447101043257475794235 1452.47740526363850221969 -5.68434188608080148696899e-14 684.510620648627764239791 1162.57518645515483513009 0 606.113024223191587225301 1448.54853111211673422076 0 504.895604073330048322532 1516.72513543259583457257 0 626.434816360798436107871 1223.25301558373348598252
          0 797.521716825163821340539 1324.2502801927530526882 -5.68434188608080148696899e-14 748.33202193667966639623 1554.77103879769470040628 0 544.155957558206637258991 1578.55998648938748374349 0 697.437779263220363645814 1332.73056460826342117798 5.68434188608080148696899e-14 666.417579278417974819604 1516.12628844163373287302 5.68434188608080148696899e-14 480.175665956461841687997 1617.4199086511916902964 -5.68434188608080148696899e-14 682.45627185902424116648 1414.8320201710280343832 0 638.276672771052062671515 1611.9460575660559698008 1.7053025658242404460907e-13 546.530035230607950325066 1125.7434817862526870158 5.68434188608080148696899e-14 661.558163549285723092908 1278.23703355703264605836
          0 742.041134369246151436528 1264.30414694124942798226 -5.68434188608080148696899e-14 752.281097652043172274716 1385.1557358287138868036 5.68434188608080148696899e-14 613.284557166370404956979 1152.53507895593111243215 0 560.024130073327796708327 1188.68060636402924501454 -5.68434188608080148696899e-14 608.851572950874924572418 1067.02109551092780748149 -5.68434188608080148696899e-14 456.855067920602721187606 1177.885499058030291053 -5.68434188608080148696899e-14 693.704287430904059874592 1224.50793699348855625431 -5.68434188608080148696899e-14 864.970823263560532723204 1206.17873348655484733172 0 873.07135787991683173459 1427.62372266318902802595 0 747.074478617870795460476 1469.88813624174576943915
          0 691.162276889976283200667 1079.5782598367386526661 0 812.65719172896660893457 1254.59538007402647963318 0 767.77197819186744709441 1181.8641306986626204889 5.68434188608080148696899e-14 903.619937880389784368163 1300.40912155189312215953 0 819.263101017923872859683 1387.65490818435023356869 -5.68434188608080148696899e-14 880.050049603625666350126 1362.02436502141631535778 -5.68434188608080148696899e-14 811.800409563169068860589 1453.9058533747863748431 0 941.087179975645653939864 1401.6885986465206315188 0 885.82072511117257818114 1541.9069063534545875882 5.68434188608080148696899e-14 405.89759718488346607046 1846.47437274345929836272
          0 460.280421824970915167796 1737.5389786187881782098 -5.68434188608080148696899e-14 489.630255201045031299145 1680.69301938789817540965 5.68434188608080148696899e-14 205.064984825363467280113 1169.32463547821430438489 0 613.129656402187151797989 1679.34526986159517036867 0 575.892539277036689782108 1811.37042238270669258782 0 538.771307740672682484728 1742.0644809870345852687 -5.68434188608080148696899e-14 612.44780413798150675575 1750.41681572390939436445 5.68434188608080148696899e-14 356.910433378646700930403 1115.45713765263940331351 0 464.570695465758490172448 1087.97152063855719461571 -5.68434188608080148696899e-14 840.18467127387384607573 1098.82668782069708868221
          0 930.071304993304920571973 1234.51867904603977876832 5.68434188608080148696899e-14 927.478306474386272384436 1151.53308684590047050733 5.68434188608080148696899e-14 929.717205344547210188466 1070.28279465545278981153 0 323.335128393942966340546 1848.93547407688447492546 0 321.82194152942827258812 1772.46347446088861943281 -5.68434188608080148696899e-14 366.828636594377144319878 1921.91998497577833404648 5.68434188608080148696899e-14 381.993380142401008470188 1719.09149026198406318144 5.68434188608080148696899e-14 449.807666098733250237274 1917.05147640445420620381 -5.68434188608080148696899e-14 303.845206258300265744765 1941.12544931096158506989 5.68434188608080148696899e-14 408.966393963941868605616 1779.96416203010312528932
          -5.68434188608080148696899e-14 493.387066850210146640165 1840.99018926799521977955 0 500 1961.94442093487919009931 5.68434188608080148696899e-14 578.412337078187192673795 1907.05319146023180110205 -5.68434188608080148696899e-14 158.03694824219206793714 1084.69067165933938667877 -5.68434188608080148696899e-14 290.495835570103622558236 1191.78745775081551983021 5.68434188608080148696899e-14 267.67932328987512846652 1104.87628323808257846395 0 391.582380987355122670124 1171.16643275249589351006 0 500.000000000000056843419 1033.5779367417480898439 0 399.231065469996792671736 1056.6319985196946618089 5.68434188608080148696899e-14 825.174724826111969377962 1158.82970214248234697152
          0 515.368287814696827808802 1900.44629987768257706193 5.68434188608080148696899e-14 713.49990983992370274791 1855.62110754477430418774 5.68434188608080148696899e-14 650.708045246410847539664 1814.80066828598637584946 0 718.500674886629326465481 1779.22382523942633270053 -5.68434188608080148696899e-14 648.231884440099634048238 1887.31448900950135794119 0 711.617154310884075130161 1934.7956522752597265935 -5.68434188608080148696899e-14 627.830487231719075680303 1948.50272914359402420814 -5.68434188608080148696899e-14 800.189003046740708668949 1675.87198539546625397634 0 859.498527462320566883136 1826.81548322061917133396 0 743.651564774286271131132 1715.14408808428652264411
          5.68434188608080148696899e-14 708.023400938384838809725 1646.12594179294273999403 -5.68434188608080148696899e-14 814.808564174765479037887 1757.25144572577096369059 0 797.550260039148952273536 1897.22946694362212838314 0 901.403935695439486153191 1699.69195376118705098634 0 778.814058796339622858795 1821.53409023723816062557 0 881.442980709374637626752 1763.58064185713556071278 0 943.450338188987643661676 1747.89122869642415025737 0 938.149449119852533840458 1826.36460851820334028162 -5.68434188608080148696899e-14 913.04888380813804360514 1913.04888380813804360514 0 77.9547050746893432915385 1091.53783243476755160373
          0 317.852582642253139511013 1063.29713777030133314838 0 767.980473666163106827298 1618.01070540097748562403 0 818.871673284312464602408 1567.52669758811703104584 0 878.216307393596366637212 1622.31997634901449600875 5.68434188608080148696899e-14 938.283914841947762397467 1587.43428775026632138179 5.68434188608080148696899e-14 833.333333333333257542108 1957.40125702578893651662 0 968.604439363693700215663 1944.44444444444434338948 5.68434188608080148696899e-14 55.5555555555554860802658 1031.65072166789059338043 -5.68434188608080148696899e-14 939.607106076485024459544 1650.05591293607653824438 0 209.294394841269877360901 1938.58506944444457076315
          0 930.837533851317402877612 1479.03210873430543870199 -5.68434188608080148696899e-14 763.614148972146494998015 1105.14588276215681617032 0 833.333333333333257542108 1034.03551941507907940832 0 218.547149484709848366037 1063.88240846889539170661 55.555555555555429236847 1000.00000000000022737368 1944.44444444444434338948 166.666666666666799301311 1000.00000000000011368684 1888.8888888888882320316 83.333333333333314385527 1000 1861.11111111111108584737 120.370370370370437740348 1000.00000000000011368684 1935.18518518518476412282 182.098765432099014560663 1000 1950.61728395061663832166 277.777777777777828305261 1000 1913.86959876543278369354
          182.098765432096968197584 1000 1703.70370370370437740348 27.7777777777777714618423 1000 1833.33333333333325754211 151.86019352685934791225 1000 1794.4194194194196825265 77.2707607602756070264149 1000 1773.86461961986196911312 35.9210124873973768444557 1000.00000000000011368684 1722.22222222222194432106 108.217747490266276599868 1000 1706.71011612171923843562 139.651821140875995297392 1000 1569.88913239911380514968 142.610219537327054695197 1000 1642.59023079053804394789 65.0415844764241910525016 1000 1609.33596033096091559855 72.801573134943339482561 1000 1533.73050887787348983693
          202.923363380984312698274 1000 1373.03652978301602161082 152.884891775685616721603 1000 1465.54791187937962604337 388.888888888888914152631 1000 1903.18339960668004096078 238.439997815181811802177 1000 1829.24458173029483987193 424.87728669203329445736 1000 1553.05308727953752168105 97.0807918782309116068063 1000 1375.57569539584665108123 76.2181004555229151264939 1000 1456.62145738421736496093 336.094553196980996290222 1000 1937.23663293091226478282 326.710777125091965444881 1000 1839.66763105511972753447 494.943989035771380713413 1000 1737.16964697299954423215
          295.098056446462692292698 1000 1728.40405625536504885531 266.323879317587000059575 1000 1601.14525576847881893627 198.450142330090841369383 1000 1603.90721616670907678781 228.914535364852895327203 999.999999999999772626325 1517.19196175070874232915 422.694892463396627135808 1000 1807.89716084797919393168 287.752289024782271553704 1000 1790.61393310941912204726 359.287938509236482786946 1000 1767.52225751418404797732 230.667829258826884597511 1000 1752.33474298942155655823 423.57805916547653168891 1000 1736.53386367619305019616 460.078889365363693286781 1000 1645.04733797054564092832
          146.70227950753877621537 1000 1236.7573379388509238197 33.5571094628770083545533 1000 1388.88888888888891415263 329.143296161818966538704 1000 1522.84171158653589372989 223.212721407943604390312 1000 1443.79918132020361554169 364.457412635014748047979 1000 1365.01087365421381036867 284.628229131021157627401 1000 1387.89982495730600930983 293.816240551930036417616 1000 1459.68218459067497860815 382.020088509377842456161 1000 1451.80658907475208252436 287.389386673942340166832 1000 1246.87631014378780491825 682.066559881997363845585 1000 1345.91897954184582886228
          255.36014305903586318891 1000 1316.78798470461265424092 524.603425207867189783428 1000 1377.78085179030676954426 325.131517342552285754209 1000 1306.46019605582114309072 453.178756316367866929795 1000 1262.93860974798258212104 395.032875977052640337206 1000 1301.99262066133769621956 445.026451354560833806318 1000 1365.17520866754193775705 374.735599119899234210607 1000 1208.96036787076081964187 215.992656073175510300644 1000 1256.45946016429184055596 235.17505328205373871242 1000 1128.62002282097955685458 163.439497633887981464795 1000 1309.58892376203334606544
          244.128097736971255926619 1000 1195.3223181661178387003 78.6936538499377888911113 1000 1290.72516439413698208227 314.677968030554552569811 999.999999999999772626325 1151.90083297281830709835 176.050564642910899237904 1000 1170.50794834684438683325 156.551311737644823551818 1000 1080.31405499238394440908 79.5064519384537220503262 1000 1167.36448667536114953691 472.192561400119302561507 1000 1451.16064104467000106524 493.351981465147332528431 1000 1317.58533664587730527273 591.770932899233912394266 1000 1304.6996933825053019973 533.983530173277927133313 1000 1245.62536818341777689056
          415.114708680485705372121 1000 1106.32321066999702452449 294.808415122641520156321 1000 1072.36462248824500420596 676.535425086880877643125 1000 1163.98035846563698214595 476.454551737372753450472 1000 1174.34835270594612666173 351.850833250172627231223 1000 1100.36440519042707819608 389.262167358933993455139 1000 1041.98469581269137052004 230.671557434423164067994 1000 1064.11132620752709954104 615.868312119434904161608 1000 1223.32585039391415193677 657.626461128961864233133 1000 1279.94668562802303313219 829.282563331426217700937 1000 1253.86814580975033095456
          746.152241293413908351795 1000 1284.6646083768184780638 573.935820184174190217163 1000 1119.77769484611326333834 828.653466387022717754007 1000 1435.13033558123106558924 760.55174489747309962695 1000 1195.93685606921326325391 561.47623275534476761095 1000 1185.08777895360208276543 815.570947008911844022805 1000 1344.45274421181011348381 748.890077658870836785354 1000 1351.68010956298098790285 704.705156893684943497647 1000 1473.75776829377718968317 710.476845513306443535839 1000 1406.81178102028229659481 614.035736113874008879066 1000 1414.73358215529174231051
          763.776273507269024776178 1000 1445.12873782723772819736 815.365417824609494346078 1000 1626.83022673233085697575 810.088783610291898185096 1000 1530.15397766733553908125 507.13274207212822375368 1000 1891.49436162634492575307 361.641070392424296642275 1000 1629.98249974901591485832 365.797639672027116830577 1000 1698.84362185268946632277 74.005374737199872470228 1000 1074.00537473719987247023 63.3142373382787582158926 1000 1228.94081604852726741228 560.251610208305805826967 1000 1553.98417097500146155653 496.053819447369107820123 1000 1095.0068917188284558506
          549.352253117625195955043 1000 1062.25101848214262645342 625.34381605870828479965 1000 1063.79276316742789276759 718.940118485475295528886 999.999999999999772626325 1079.14119246523478068411 700.494277465456889331108 1000 1227.41175474110013965401 872.819919690191227346077 1000 1132.47713184671556518879 910.088930095201931180782 1000 1377.09868853947455136222 547.347863859953577048145 1000 1449.43275741785078025714 511.073449564719567206339 1000 1506.9817470450666405668 613.110546903069689506083 1000 1494.38831786625905806432 682.4600477971055170201 999.999999999999772626325 1609.1380356565741749364
          629.935326265976186732587 1000 1562.55088595577058185881 581.976569219190650983364 1000.00000000000011368684 1664.96353373413239751244 695.32200658094814116339 1000 1541.73371347294164479536 752.94952323593918208644 1000 1587.65938945547509320022 900.921575255687002936611 1000 1573.67840714688009029487 445.26314647903751620106 1000 1869.54403808518850382825 445.966138953597294403153 1000 1934.77899977284664601029 507.238850729712453357934 1000 1956.50465268823427322786 499.831096394676023919601 1000 1814.42735588132836710429 660.099899639378918436705 1000 1838.12222594868785563449
          588.278173126386604963045 1000 1770.04901344707195676165 571.29839929568811385252 1000 1846.53564599618607644516 579.418251663098658355011 1000 1924.90825691618670134631 300.444133322058007706801 1000 1660.31283808253283496015 244.259163843177020680741 1000 1690.15704051499483284715 492.382628408385869533959 1000 1579.9542388131408188201 524.09163688588148488634 1000 1636.25269655512124700181 828.483563875048503177823 1000.00000000000011368684 1185.07865401551021022897 911.021773639516140974592 1000 1218.51934744102800323162 794.055122439020010460808 1000 1111.0741811430793859472
          896.763116230704554254771 1000 1297.7278851145174485282 957.745811395503778840066 1000 1166.66666666666696983157 849.560210246314454707317 1000 1062.44269992619456388638 928.562780360562328496599 1000 1075.08421094394179817755 912.841211137571690414916 1000 1467.11572153966540099645 971.435166058766526475665 1000 1388.88888888888936889998 902.358484699168229781208 1000 1671.42524800556316222355 958.965224549209551696549 1000 1611.11111111111131322104 697.974724547906816951581 1000 1726.23685479883101834275 747.482468154840034912922 1000 1665.68377037916570770903
          820.928141072904736574856 1000 1776.24751726213116853614 813.171147908725060915458 1000.00000000000011368684 1701.72411201292493387882 762.110683143307596765226 1000 1744.70430195295148223522 713.257675717872643872397 1000 1793.76363101272158928623 652.649945872136413527187 1000 1771.98779396195391200308 752.418406376912002997415 1000 1894.72296953686600318179 633.558932900631930351665 1000 1707.74784633359240615391 872.4534932240389935032 999.999999999999772626325 1516.54611004803450668987 943.113647852235089885653 1000 1524.44984586068312637508 953.770799649566697553382 1000.00000000000011368684 1722.22222222222239906841
          884.121952552401126013137 1000 1741.29873452972856284759 901.349916561777945389622 1000 1847.05744864507505553775 944.44444444444422970264 1000 1944.44444444444434338948 865.565236651044642712804 1000 1921.120792206600526697 823.055786826023222602089 1000 1854.90520015722313473816 772.284978062774712270766 1000 1816.92090451282751928375 660.281040029756013609585 1000 1919.18695920599543569551 719.157844876357216890028 1000 1955.19348207712801013258 961.40216117979025511886 1000 1277.77777777777805567894 965.363584539432736164599 1000 1833.33333333333325754211
          801.856102225174254272133 1000 1938.50713138104310928611 55.5555555555554860802658 -1.1368683772161602973938e-13 1944.44444444444457076315 166.666666666666628771054 -1.1368683772161602973938e-13 1888.88888888888914152631 83.333333333333314385527 5.68434188608080148696899e-14 1861.11111111111108584737 120.370370370370267210092 -5.68434188608080148696899e-14 1935.18518518518521887017 182.098765432098616656731 0 1950.61728395061754781636 277.777777777777600931586 -5.68434188608080148696899e-14 1913.86959876543187419884 182.098765432099298777757 -1.1368683772161602973938e-13 1703.70370370370346790878 27.7777777777777146184235 5.68434188608080148696899e-14 1833.33333333333325754211 151.86019352686037109379 -1.1368683772161602973938e-13 1794.41941941941922777914
          77.2707607602760617737658 5.68434188608080148696899e-14 1773.86461961986196911312 35.9210124873973768444557 -5.68434188608080148696899e-14 1722.22222222222217169474 108.217747490267299781408 -5.68434188608080148696899e-14 1706.71011612171787419356 139.651821140878269034147 1.7053025658242404460907e-13 1569.8891323991108492919 142.610219537328987371438 5.68434188608080148696899e-14 1642.59023079053599758481 65.0415844764265216326748 -5.68434188608080148696899e-14 1609.3359603309577323671 72.8015731349442489772628 5.68434188608080148696899e-14 1533.73050887786780549504 202.923363380992384463752 5.68434188608080148696899e-14 1373.03652978300806353218 152.884891775690277881949 5.68434188608080148696899e-14 1465.54791187937348695414 388.888888888888800465793 5.68434188608080148696899e-14 1903.18339960668004096078
          238.439997815179992812773 5.68434188608080148696899e-14 1829.24458173029665886133 424.877286692032157588983 -5.68434188608080148696899e-14 1553.05308727953774905473 97.0807918782369938526244 5.68434188608080148696899e-14 1375.57569539583732876054 76.2181004555258709842747 0 1456.62145738421008900332 336.09455319698059838629 0 1937.23663293091203740914 326.710777125092192818556 -5.68434188608080148696899e-14 1839.66763105511722642404 494.943989035775985030341 5.68434188608080148696899e-14 1737.1696469729999989795 295.098056446455530021922 -5.68434188608080148696899e-14 1728.40405625537232481292 266.323879317595185511891 0 1601.14525576847654519952 198.450142330096070963918 5.68434188608080148696899e-14 1603.90721616670657567738
          228.914535364859943911142 5.68434188608080148696899e-14 1517.19196175070396748197 422.694892463398787185724 5.68434188608080148696899e-14 1807.89716084797873918433 287.752289024778633574897 5.68434188608080148696899e-14 1790.61393310942366952077 359.287938509234322737029 -5.68434188608080148696899e-14 1767.5222575141870038351 230.667829258819836013572 0 1752.33474298943042413157 423.578059165475963254721 -5.68434188608080148696899e-14 1736.53386367618736585428 460.078889365373470354825 0 1645.04733797054291244422 146.702279507547473258455 5.68434188608080148696899e-14 1236.75733793883500766242 33.5571094628822379490884 5.68434188608080148696899e-14 1388.88888888888868677896 329.143296161822206613579 0 1522.84171158653430211416
          223.212721407949743479548 5.68434188608080148696899e-14 1443.79918132019747645245 364.457412635026230418589 0 1365.01087365421108188457 284.628229131030252574419 0 1387.89982495730100708897 293.816240551936402880528 5.68434188608080148696899e-14 1459.68218459067088588199 382.020088509386766872922 -5.68434188608080148696899e-14 1451.80658907475208252436 287.389386673955527840008 5.68434188608080148696899e-14 1246.8763101437780278502 682.066559882003730308497 1.7053025658242404460907e-13 1345.91897954185628805135 255.360143059046976077298 5.68434188608080148696899e-14 1316.78798470460424141493 524.603425207875261548907 0 1377.78085179031108964409 325.131517342565985018155 0 1306.46019605581386713311
          453.178756316382362001605 0 1262.93860974798622009985 395.032875977065600636706 5.68434188608080148696899e-14 1301.99262066133701409854 445.026451354570895091456 5.68434188608080148696899e-14 1365.17520866754171038338 374.735599119916741983616 0 1208.96036787075786378409 215.992656073185798959457 -5.68434188608080148696899e-14 1256.45946016428092661954 235.175053282068802218419 -5.68434188608080148696899e-14 1128.62002282097364513902 163.439497633892699468561 5.68434188608080148696899e-14 1309.58892376202243212902 244.128097736984614130051 0 1195.32231816611010799534 78.6936538499344919728173 -5.68434188608080148696899e-14 1290.72516439412038380397 314.677968030571605595469 0 1151.90083297281285013014
          176.0505646429280659504 5.68434188608080148696899e-14 1170.50794834683597400726 156.551311737661251299869 -5.68434188608080148696899e-14 1080.31405499237507683574 79.5064519384534946766507 0 1167.36448667532863510132 472.192561400124247938948 -5.68434188608080148696899e-14 1451.16064104466727258114 493.351981465159440176649 5.68434188608080148696899e-14 1317.58533664588094325154 591.77093289924368946231 0 1304.69969338251553381269 533.983530173292820109054 -5.68434188608080148696899e-14 1245.62536818342323385878 415.114708680501053095213 0 1106.32321066999725189817 294.80841512265556048078 1.7053025658242404460907e-13 1072.36462248824614107434 676.535425086910777281446 -5.68434188608080148696899e-14 1163.98035846564630446665
          476.454551737388783294591 -5.68434188608080148696899e-14 1174.34835270594817302481 351.850833250189111822692 -5.68434188608080148696899e-14 1100.36440519042207597522 389.262167358954229712253 5.68434188608080148696899e-14 1041.98469581270092021441 230.671557434439762346301 5.68434188608080148696899e-14 1064.11132620752300681488 615.868312119456049913424 -1.1368683772161602973938e-13 1223.32585039392211001541 657.626461128969367564423 5.68434188608080148696899e-14 1279.94668562803667555272 829.282563331430992548121 -5.68434188608080148696899e-14 1253.86814580976283650671 746.152241293420047441032 5.68434188608080148696899e-14 1284.66460837683075624227 573.935820184198519200436 -5.68434188608080148696899e-14 1119.77769484610826111748 828.653466387025218864437 5.68434188608080148696899e-14 1435.13033558124152477831
          760.551744897483331442345 0 1195.93685606923872910556 561.476232755363639626012 0 1185.0877789536023101391 815.57094700891707361734 5.68434188608080148696899e-14 1344.45274421182148216758 748.890077658876634814078 0 1351.68010956299258396029 704.705156893688581476454 0 1473.75776829378673937754 710.476845513311445756699 0 1406.81178102029252841021 614.035736113879465847276 0 1414.73358215530038251018 763.776273507272549068148 -5.68434188608080148696899e-14 1445.12873782724864213378 815.365417824609266972402 -5.68434188608080148696899e-14 1626.83022673234086141747 810.088783610295649850741 5.68434188608080148696899e-14 1530.15397766734577089665
          507.132742072127371102397 0 1891.49436162634628999513 361.641070392430833635444 0 1629.98249974902432768431 365.797639672022796730744 1.7053025658242404460907e-13 1698.84362185269537803833 74.0053747372102179724607 5.68434188608080148696899e-14 1074.00537473721010428562 63.3142373382867162945331 5.68434188608080148696899e-14 1228.94081604850225630798 560.251610208284432701475 5.68434188608080148696899e-14 1553.98417097499464034627 496.05381944738820720886 0 1095.00689171882731898222 549.352253117642703728052 0 1062.25101848214262645342 625.343816058715901817777 0 1063.79276316742084418365 718.940118485484845223255 0 1079.14119246523114270531
          700.494277465464165288722 5.68434188608080148696899e-14 1227.41175474111605581129 872.819919690193273709156 0 1132.47713184672761599359 910.088930095207388148992 0 1377.09868853948751166172 547.347863859957897147979 5.68434188608080148696899e-14 1449.43275741785555510432 511.073449564718316651124 0 1506.98174704505481713568 613.110546903072986424377 0 1494.38831786627042674809 682.460047797079482734262 5.68434188608080148696899e-14 1609.13803565662669825542 629.935326265960611635819 -5.68434188608080148696899e-14 1562.55088595579650245782 581.976569219127895848942 0 1664.96353373410147469258 695.322006580960987776052 0 1541.73371347297688771505
          752.949523235909964569146 5.68434188608080148696899e-14 1587.65938945554853489739 900.921575255689390360203 0 1573.6784071468937327154 445.263146479037288827385 5.68434188608080148696899e-14 1869.54403808518873120192 445.966138953596896499221 0 1934.77899977284687338397 507.238850729711543863232 5.68434188608080148696899e-14 1956.50465268823563746992 499.831096394678411343193 5.68434188608080148696899e-14 1814.42735588132904922531 660.099899639371869852766 0 1838.12222594869626846048 588.278173126387628144585 -5.68434188608080148696899e-14 1770.04901344707536736678 571.298399295689478094573 0 1846.53564599618994179764 579.418251663094793002529 5.68434188608080148696899e-14 1924.90825691618852033571
          300.44413332205954247911 5.68434188608080148696899e-14 1660.31283808253806455468 244.259163843177731223477 0 1690.15704051499460547348 492.382628408375978779077 5.68434188608080148696899e-14 1579.95423881313854508335 524.091636885854768479476 5.68434188608080148696899e-14 1636.25269655509123367665 828.483563875055324388086 5.68434188608080148696899e-14 1185.07865401552408002317 911.021773639518642085022 0 1218.5193474410439193889 794.055122439020806268672 0 1111.07418114309621159919 896.763116230706714304688 0 1297.72788511453200044343 957.745811395495820761425 0 1166.66666666666674245789 849.560210246313999959966 -5.68434188608080148696899e-14 1062.44269992620138509665
          928.562780360559372638818 5.68434188608080148696899e-14 1075.08421094395157524559 912.841211137574191525346 0 1467.11572153967972553801 971.435166058771983443876 5.68434188608080148696899e-14 1388.88888888888914152631 902.35848469916709291283 -5.68434188608080148696899e-14 1671.42524800557885100716 958.965224549216145533137 5.68434188608080148696899e-14 1611.11111111111154059472 697.974724547895448267809 0 1726.23685479886034954689 747.482468154880507427151 0 1665.68377037924119576928 820.928141072958169388585 0 1776.24751726236013382731 813.171147908860234565509 5.68434188608080148696899e-14 1701.724112013041803948 762.110683143345568169025 -5.68434188608080148696899e-14 1744.70430195306130372046
          713.257675717842175799888 0 1793.76363101273409483838 652.649945872122998480336 0 1771.98779396196096058702 752.418406376908478705445 -5.68434188608080148696899e-14 1894.72296953686759479751 633.558932900602258087019 5.68434188608080148696899e-14 1707.7478463335712604021 872.453493224042404108332 -5.68434188608080148696899e-14 1516.54611004804860385775 943.113647852231679280521 5.68434188608080148696899e-14 1524.44984586069654142193 953.770799649574200884672 0 1722.22222222222262644209 884.121952552388393087313 0 1741.29873452977335546166 901.349916561966097106051 0 1847.05744864495795809489 944.444444444444343389478 -5.68434188608080148696899e-14 1944.44444444444457076315
          865.565236650935275974916 5.68434188608080148696899e-14 1921.12079220649093258544 823.055786826547773671336 5.68434188608080148696899e-14 1854.9052001571042183059 772.284978062758000305621 0 1816.92090451319472776959 660.281040029748510278296 -5.68434188608080148696899e-14 1919.18695920599998316902 719.157844876351191487629 0 1955.19348207712482690113 961.402161179788549816294 5.68434188608080148696899e-14 1277.77777777777782830526 965.363584539571320419782 5.68434188608080148696899e-14 1833.33333333333348491578 801.856102225126051052939 -5.68434188608080148696899e-14 1938.50713138105379584886 166.666666666666230867122 166.666666666666401397379 1000 55.5555555555554860802658 55.5555555555554860802658 999.999999999999886313162
          138.888888888888573092117 83.3333333333332575421082 1000 166.666666666666685614473 27.7777777777778283052612 1000 236.111111111111256377626 97.2222222222223990684142 1000 79.8611111111109153171128 149.30555555555525870659 1000 103.732638888888573092117 255.642361111110204774377 1000 277.777777777777771461842 41.6666666666667424578918 1000 388.888888888888743622374 131.944444444443888642127 1000 313.174217907227557589067 111.616774541531640352332 1000.00000000000022737368 366.639820413999700576824 63.6443446210056436029845 1000 442.308582621656114497455 76.7688184137965095032996 1000
          302.008013899022500936553 304.379066731522016198142 1000 258.781066957169514353154 189.336622512726080458378 1000 499.999999999999886313162 39.9597876680599597420951 1000 611.111111111111085847369 135.837106792399310961628 999.999999999999886313162 567.049267498729705039295 74.5785180075430389479152 1000 334.255955182814091131149 184.264844304660925899952 1000 499.101188118541756466584 185.201666675356591440504 1000 640.185615123018919803144 68.4488970411850914388197 1000 722.222222222222171694739 60.83981639913054095814 1000 300.057754115828743124439 239.469435061132969622122 1000
          452.792686040042269723926 140.366905817680105883483 1000 517.221957629893381636066 120.152534935852600028738 1000 416.454094717434543326817 224.232688367262824158388 1000 363.256931110334562617936 270.054681566022452443576 1000 584.57161170737276734144 473.199852351648985404609 1000 485.865667173993074356986 358.606926252623054551805 1000 435.126953330082983484317 299.701682871779041761329 1000 833.33333333333314385527 106.515299402879008994205 1000 524.154422856173141553882 274.321651747545274702134 1000 372.192739158714289260388 405.215608581132528343005 1000
          361.131556790196782458224 338.071042274015212569793 1000 786.114441777446700143628 63.3976191012945378133736 1000 421.256313173830847063073 362.954130667910533247777 1000 194.280252702411360132828 252.943230908751615970687 1000 577.465483063192209556291 211.253500917306212159019 1000.00000000000022737368 737.566471390304400301829 237.466208797677325037512 1000 750.756636236912413551181 147.340621126815676689148 1000 682.174288658802197460318 126.530995825629190676409 1000 641.893266983382090984378 319.779655121012979179795 1000 590.89288285479779005982 276.669392443762433231313 1000
          656.745400158434335935453 229.066356405608019031206 1000 567.946730222619748928992 355.537609709132141233567 1000 637.808958341481229581404 405.672161106471207858704 1000 529.296851292534483945929 421.004190131538507557707 1000 447.712790563081057371164 443.279829376567306553625 1000 767.302975061414144875016 368.786422206911538523855 1000 283.655689281529134859738 674.823231642937571450602 1000 696.341446784723075325019 365.412102411980413307901 1000 706.447514009596943651559 298.053908570953808521153 1000 748.192865432700841665792 547.445828010836066823686 1000
          716.886980132690837308473 457.96148208988614669579 999.999999999999886313162 348.23823187508276078006 546.690385769081785838353 1000 651.366058651469302276382 471.109703066620966183109 1000 622.209404347522081479838 607.669726014705247507663 1000 619.960342120055088344088 535.796932668029739943449 1000 685.35238065373448534956 527.577466015112122477149 1000 487.442038651137124816159 575.915315837727462167095 1000 696.583099571453317366831 601.3679147161218452311 1000 547.522594736445057606034 535.44710104318039611826 1000.00000000000022737368 837.424813544683274812996 684.51062064858990652283 1000
          551.451468887947157782037 606.113024223104957854957 1000 483.274864567553777305875 504.895604073176116344257 1000 776.746984416124860217678 626.434816360646550492675 1000 675.749719807228757417761 797.521716824032864678884 1000 445.228961202268237684621 748.332021936203432233015 1000 421.440013510671974472643 544.155957558018371855724 1000 667.269435391707929738914 697.437779262465824103856 1000 483.873711558400145804626 666.417579278111929852457 1000 382.580091348679673046718 480.175665956324735361704 1000 585.167979829356909249327 682.456271858337458979804 1000
          388.053942434198972932791 638.276672770716686500236 1000 874.256518213654999271967 546.530035230340672569582 1000 721.762966442786819243338 661.558163548682614418794 1000 735.69585305841292210971 742.041134368303119117627 1000 614.844264171498366522428 752.281097651104460055649 1000 847.464921044040465858416 613.284557166243757819757 1000 811.319393635830806488229 560.024130073188075584767 1000 932.978904488922580640065 608.851572950512263560086 1000 822.114500941727214922139 456.855067920649730695004 1000 775.492063006320904605673 693.704287430176009365823 1000
          793.821266513850559931598 864.970823262968906419701 1000 572.376277336580869814497 873.071357879367496934719 1000 530.11186375833460715512 747.074478617084878351307 1000 920.421740163139475043863 691.162276889633631071774 1000 745.404619926145642239135 812.657191728224574944761 1000 818.135869300157082761871 767.771978190662139240885 1000 699.590878448202602157835 903.619937880027578103181 1000 612.345091815537671209313 819.263101017191047503729 1000 637.975634978547759601497 880.050049603069396653154 1000 546.094146625018538543372 811.800409562526056106435 1000
          598.311401353352835030819 941.087179975287426714203 1000 458.093093645874887442915 885.820725110648822919757 1000 153.525627256539848985994 405.897597184882101828407 1000 262.461021381066530011594 460.280421825172254557401 1000 319.306980612015763654199 489.6302552011021589351 1000 830.675364521787059857161 205.064984825363808340626 999.999999999999886313162 320.654730138505556169548 613.129656402232285472564 1000.00000000000022737368 188.629577617823144919385 575.892539277155492527527 1000 257.93551901312946483813 538.77130774064016804914 1000 249.583184276398043266454 612.447804138068931933958 1000
          884.542862347438017422974 356.91043337891881037649 1000 912.028479361297058858327 464.570695465398785017896 1000 901.173312179859522075276 840.184671271508364043257 1000 765.481320954321859062475 930.07130499297772985301 1000 848.466913154619078341057 927.478306473910834029084 1000 929.717205344911462816526 929.717205344911462816526 1000 151.064525923114729266672 323.335128393941886315588 1000 227.536525539110925819841 321.821941529427931527607 1000 78.0800150242215522666811 366.828636594375836921245 1000 280.908509738042312164907 381.993380142527200860059 1000
          82.948523595545395892259 449.807666098731203874195 1000 58.8745506890378464959213 303.845206258299072032969 1000 220.035837969896533650171 408.966393964017868256633 1000 159.009810732086975804123 493.387066850342421275855 1000.00000000000022737368 38.0555790651218330822303 500.000000000000113686838 1000 92.9468085400170025422995 578.412337078358632425079 1000 915.309328340660385947558 158.036948242190476321412 1000 808.212542249190278198512 290.495835570123233537743 1000 895.12371676216764626588 267.679323289941578423168 1000 828.833567247528662846889 391.582380987468809507845 1000
          966.422063258017033149372 500.000000000000056843419 1000 943.368001480502925915061 399.231065469919656152342 1000 841.17029785756858473178 825.174724824693612390547 1000 99.5537001223398760885175 515.368287814798804902239 1000 144.378892455663446980907 713.49990983945417610812 1000 185.19933171448411712845 650.708045246269534800376 1000 220.776174760723790768679 718.500674886345677805366 999.999999999999886313162 112.685510991280182224727 648.231884439802797714947 1000 65.2043477251485228407546 711.617154310346450074576 1000 51.4972708568497523629048 627.830487232165523892036 1000
          324.128014604556028643856 800.189003046992411327665 1000 173.184516779276520992426 859.498527462153560918523 1000 284.855911915808519552229 743.651564774381313327467 999.999999999999886313162 353.874058207370580930728 708.023400938356871847645 1000 242.7485542742253983306 814.808564174784009992436 1000 102.770533056730414500635 797.550260038563237685594 1000 300.30804623854817236861 901.403935695576478792646 1000 178.46590976288030105934 778.814058796073595658527 1000 236.419358142681232948235 881.442980709347352785699 1000 252.108771303239109329297 943.450338188908858683135 1000
          173.635391481148928960465 938.14944911998463794589 1000 86.9511161914372223691316 913.048883808562777630868 1000 908.46216756523108415422 77.9547050746887180139311 1000 936.702862229687752915197 317.852582642479717378592 1000 381.989294599099707738787 767.980473666339321425767 1000 432.473302412402063055197 818.871673283643076501903 1000 377.680023650308271498943 878.216307391972577534034 1000 412.565712248203794842993 938.283914841791556682438 1000 42.5987429746215298109746 833.333333333333257542108 1000 55.5555555555555429236847 968.604439364118320554553 1000.00000000000022737368
          968.349278332108724498539 55.5555555555555997671036 1000 349.94408706291710586811 939.607106076741956712794 1000 61.4149305555552587065904 209.294394841269252083293 1000 520.967891265269940959115 930.837533851104353743722 1000 894.854117236043180128036 763.614148970576366082241 1000 965.964480585449791760766 833.333333333333257542108 1000 936.117591531146672423347 218.54714948465283441692 1000 1000 388.888888888888402561861 1611.1111111111117679684 1000.00000000000022737368 55.5555555555555997671036 1944.44444444444434338948 1000 111.111111111110801630275 1833.33333333333348491578
          1000 138.888888888888914152631 1916.66666666666674245789 1000 64.8148148148146674429881 1879.62962962962978963333 1000 49.3827160493825658704736 1817.90123456790161071694 1000 86.1304012345680689577421 1722.22222222222239906841 1000 296.296296296296759464894 1817.90123456790024647489 1000 166.666666666666685614473 1972.22222222222217169474 1000 205.580580580580772220856 1848.13980647313951521937 1000 226.135380380137974043464 1922.72923923972393822623 1000.00000000000011368684 277.77777777777788514868 1964.07898751260245262529 1000 293.289883878282125806436 1891.7822525097324160015
          1000 430.110867600889037021261 1860.34817885912207202637 1000 357.409769209463888728351 1857.38978046267084209831 1000 392.096983636020695485058 1736.67231808283213467803 1000 390.664039669041756042134 1934.95841552357364889758 1000 356.487479780367380044481 1791.78248737427679770917 1000 466.269491122131341853674 1927.19842686505580786616 1000 626.963470216990344852093 1797.07663661900983242958 1000 534.452088120625376177486 1847.11510822431091582985 1000 96.8166003933195042918669 1611.11111111111154059472 1000 170.755418269703000078152 1761.56000218482040509116
          1000 472.87026314679957295084 1779.52531177436071629927 1000 624.424304604160624876386 1902.91920812176476829336 1000 543.378542615788660441467 1923.78189954447475429333 1000 62.7633670690877920605999 1663.9054468030196858308 999.999999999999772626325 160.332368944882944106212 1673.28922287490786402486 1000 242.852744641104038691992 1525.4634037662524406187 1000 271.595943744626652005536 1704.90194355354537947278 1000 328.238940797209579613991 1734.4700120083846286434 1000.00000000000011368684 331.375128692432213028951 1659.42307484645561999059 1000 181.484772721980050391721 1588.15160368620354347513
          1000 209.386066890575591514789 1712.24771097522193485929 1000 232.611074602906739983155 1641.84122528114676242694 1000 247.665257010568552686891 1769.33217074118101663771 1000 310.936208938045524519111 1576.70115575263480423018 1000 109.96891664599422711035 1492.01724016132857286721 1000 460.237537214601843515993 1307.46053164182671935123 1000 126.817799415141166718968 1554.15115634003109335026 1000 63.2227596400164770784613 1538.04483491669293471205 1000 176.785975869279980088322 1507.24984508165653096512 1000 183.506697543857114851562 1323.60858997539435222279
          1000 162.719306569904517800751 1414.7914402540495757421 1000 410.767671787906806457613 1456.04428887613016740943 1000 377.908012254739901436551 1530.4849121259242110682 1000 313.00578465547079076714 1457.36291674959102238063 1000 525.988500312575411044236 1551.37797489139825302118 1000 448.994809954475272206764 1561.86412239768787912908 1000 478.602582102368444338936 1491.35374851158826459141 1000 502.408285948428954270639 1666.14520453305431146873 1000 484.119707426210084122431 1397.9391158848211489385 1000 451.601598022732844128768 1626.34882091573354045977
          1000 441.205672561861888425483 1691.9507210580118226062 1000 591.255346149724346105359 1451.13685092981154411973 1000 541.712893582471224362962 1490.24796900453907255724 1000 552.093256093180684729305 1769.19319588439066137653 1000 632.875985876054983236827 1666.74161221990470949095 1000 608.960164981951379559177 1730.95831518458157916029 1000 567.584793558446676797757 1678.98738655292140720121 1000 546.270054393580949181342 1615.35107217999166095979 1000 636.066200612489865306998 1551.68126604651206434937 1000 763.242662061160899611423 1853.29772049245525522565
          1000 611.111111111111426907883 1966.44289053711918313638 1000 78.4931720169707887180266 1413.88827660520541940059 1000 121.217141691235156031325 1357.36906734270587548963 1000.00000000000011368684 103.860550872236558461736 1251.00168413440678705228 1000 234.779090899873040143575 1446.96243753608905535657 1000.00000000000011368684 287.091589307096569427813 1352.88590697386439387628 1000 403.048382202973073162866 1370.94701645612644824723 1000 358.824606252183343713114 1273.60839393457285950717 1000 588.61983528704558921163 1321.96471787078530724102 1000 608.884294512308883895457 1608.50200808169824995275
          1000 710.024361390615695199813 1923.40317845558979570342 1000 682.015880735859241212893 1851.34908822612101175764 1000 785.171191342812676339236 1925.19626580208091581881 1000 725.019983932196282694349 1752.66895054553469890379 1000 671.502936019175649562385 1717.68896368162882026809 1000 757.180616294442529579101 1612.61373837664723396301 1000 682.99149553167035264778 1612.03515843001127905154 1000 733.710415600507531053154 1680.94441826080492319306 1000 867.656821897458257808466 1688.75617971120050242462 1000 801.775545078648519847775 1666.12729922103790158872
          1000 873.224168942467258602846 1561.24826224171943067631 1000 809.649671794829600912635 1750.41988774266042128147 1000 852.989805705042840600072 1624.24027577536298849736 1000 935.038279586303929136193 1615.85011710149660757452 1000 883.922667835255651880288 1855.78449635073116041895 1000 833.333333333333598602621 1967.72373151047895589727 1000 845.240294850279838101414 1905.70373201916140715184 1000 923.765456862533028470352 1926.60572614943157532252 1000 934.738472742901194578735 1683.16380549666587285174 1000 908.130493549352422633092 1769.12087423839284383575
          1000 521.611130932225137257774 1339.65192304149468327523 1000 569.936635438173880174872 1386.958865722922837449 1000 851.260537658565340279893 1799.94814715899019574863 1000 948.99571771052171698102 1827.2486008806999961962 1000.00000000000022737368 55.5555555555556566105224 1055.55555555555565661052 1000 166.666666666666685614473 1111.11111111111085847369 1000.00000000000011368684 120.370370370370380896929 1064.81481481481478112983 1000 182.09876543209867350015 1049.38271604938245218364 1000 83.3333333333333712289459 1148.14814814814803867193 1000 277.777777777777941992099 1086.13040123456858054851
          999.999999999999772626325 150.995487679089478660899 1188.11947690758051976445 1000 237.276167777987211593427 1165.57884605794311028149 1000 173.77244307738618545045 1254.29920665357508369198 999.999999999999772626325 252.149497313494350692054 1278.62969254374320371426 1000 342.750146327909988031024 1169.30010260737685712229 1000 60.3547649473941874020966 1206.20929575100353758899 1000 303.258695471649048158724 1228.77866961225049635686 1000 367.4873197216282392219 1083.01222879159263356996 1000 437.026631796330605084222 1208.16432242810469688266 1000 409.283314354349613495287 1141.6841719058782018692
          1000.00000000000011368684 441.538261325763357945107 1074.483761977608082816 1000 500.000000000000056843419 1039.46622577839684709033 1000 611.111111111111199534207 1137.03922813885628784192 1000 567.108069978657340470818 1075.09731836582773212285 1000 640.847894394299260056869 1069.31379279232055523607 1000 722.222222222222171694739 1060.15947917180324111541 1000 517.631486959947551440564 1156.84575078964735439513 1000 533.245303667908274292131 1247.9522460083539954212 1000 833.333333333333257542108 1107.03568557087851331744 1000 786.237922265332599636167 1063.54442264740646351129
          1000 574.345539985328969123657 1194.01729969820189580787 1000 713.242973571312063540972 1243.29133561141179598053 1000 649.618319641912648876314 1202.23700233236741041765 1000 691.028636562037604562647 1133.80869786234779894585 1000 764.746986135056431521662 1134.06107616145277461328 1000 845.71235826510439892445 1238.99535028996115215705 1000 820.42013801230905301054 1174.80752684815911379701 1000 915.475101732146981703409 1157.8030717929425463808 1000 779.057355471826895154663 1228.18280839427075079584 1000 646.911671555983275538892 1276.26053990710806829156
          1000 752.898912763541602544137 1406.28693176029537426075 1000 661.901956597267144388752 1392.03955698290110376547 1000 764.819970160152024618583 1317.06476865033482681611 1000 908.096567221139935099927 1077.90506563828216712864 1000 694.855925282936368603259 1479.28412204935875706724 1000 720.583888766237578238361 1548.48922238302156983991 1000 779.661240397078017849708 1487.14147585026398701302 1000 878.909548277576959662838 1409.43458202668944068137 999.999999999999772626325 815.339321035926332115196 1430.47591332510546635604 1000 826.471796477558200422209 1357.55934298854799635592
          1000 868.675208631542886905663 1485.06460693559733954316 1000 910.403516657209934237471 1325.1583049877201574418 1000 931.331515507723338487267 1455.03585492798379164014 1000.00000000000011368684 956.280073967323005490471 1388.88888888888936889998 1000 968.122399636100908537628 1055.55555555555565661052 1000 852.856712105503220300307 1300.99791114713571005268 1000.00000000000011368684 959.897843280816914557363 1277.77777777777805567894 1000 67.3077223199441618817218 1311.56600396507610639674 1000 223.716301358439920932142 1379.22803376610318082385 1000 339.878816340124899397779 1395.24505414301324890403
          1000 694.697956826944732711127 1328.93342344920802133856 1000 801.417986209579112255597 1555.78962654622432637552 1000 935.163096123586342400813 1526.13312849367684975732 1000 913.559101617707824516401 1226.72400751384293471347 272.727272727272861629899 500 1727.27272727272725205694 318.181818181818357516022 500 1704.5454545454542767402 284.090909090909121914592 500 1693.18181818181801645551 299.242424242424476688029 500 1723.48484848484849862871 324.494949494949253221421 500 1628.78787878787875342823 312.124624624624573243636 500 1665.89885339885336179577
          387.90854423557880181761 500 1673.81900182845038216328 284.242305075638284961315 500 1635.98753876531668538519 351.22309152885384264664 500 1658.31446758305492039653 296.311882428007265843917 500 1587.3431807108604516543 278.611843432494310945913 500 1664.56997474932381919643 335.53807313217237151548 500 1682.02717721110388993111 354.661483702562009057146 500 1714.71471269417361327214 404.624811833110470615793 500 1583.11325515103226280189 277.733854610573871468659 500 1608.55314691178136854433 303.743785061014477832941 500 1612.59418680364615283906
          363.26271837823867372208 500 1687.74495700634702188836 393.056029300501791112765 500 1712.1031212594948556216 369.609681631756870956451 500 1614.8097501254312646779 337.509765956802993969177 500 1588.93696210326675100077 409.09090909090923560143 500 1734.4741585368640244269 454.545454545454617800715 500 1692.33360767435465277231 425.049749119015700671298 500 1706.10317095345794768946 451.591021847575461833912 500 1724.48100917278406996047 425.344205268714290468779 500 1668.25784838694062273134 489.734051660797831573291 500 1711.77699533896475259098
          350.30206251810272988223 500 1632.28744758605307652033 378.759112933667836387031 500 1644.31437597694093710743 405.911441113540945480054 500 1619.72345640679668576922 406.490900313193947113177 500 1647.64899981087410196778 517.658020821959667046031 500 1597.46852420374216308119 459.972384867575499356462 500 1599.49582877277862280607 441.675073089425097805361 500 1632.95013933226391600328 429.557635695036424294813 500 1600.56472502300562155142 370.607201206546619687288 500 1580.72284898942484687723 397.918399852986681253242 500 1435.30581078759973934211
          333.744421620611433354497 500 1502.97769081575233940384 344.316630855351434092881 500 1545.57669155314124509459 390.680980969867050589528 500 1538.30073334993994649267 500.000000000000056843419 500 1736.26666238942880227114 498.984473175331288530288 500 1653.47179046478686359478 455.890245795921600802103 500 1660.95569149711081990972 481.003722670751756140817 500 1677.74977764866298457491 473.478514366306001193152 500 1634.41769237007019910379 501.685701706060342530691 500 1623.25762261164891242515 488.777963914396423206199 500 1597.42256688961742838728
          503.400577133803835749859 500 1482.70736899800499486446 469.932313012016379616398 500 1536.73077090867172955768 472.274679694927499440382 500 1569.27525030572496689274 436.095916426403505283815 500 1564.68708493655981328629 515.832181362754113251867 500 1549.783694044842832227 503.255074670884312126873 500 1574.14263864665781511576 410.326857907005546621804 500 1556.76337384044541067851 433.539166457334090409859 500 1527.13779217790442999103 297.025041884094605393329 500 1534.70210167315963190049 317.858725086047741115181 500 1563.63764541615046255174
          369.423318033734119580913 500 1554.2022179983709975204 363.763896206411800449132 500 1518.13886967783514592156 402.239091973055565176765 500 1494.82133247298133937875 365.444752761786730843596 500 1477.51052964586324378615 461.672943042917836464767 500 1494.23524076665671600495 323.427896962176760098373 500 1528.14944777405048625951 408.752582616877532473154 500 1519.82875532701564225135 393.546950919811422409111 500 1465.53776515759022913699 431.715519968386615801137 500 1470.14013234803587693023 312.108325228692820019205 500 1443.58296454876403913659
          488.766127715446089041507 500 1511.01985314667604143324 527.255768634964510965801 500 1512.97633173234044079436 430.562238050073631256964 500 1498.70503553318280864914 472.080986044336043505609 500 1450.62436121381324483082 333.014169508426562060777 500 1469.60558175499431854405 357.874694441836822988989 500 1438.09040147053860891901 292.20379382038800031296 500 1480.98260394803651252005 304.160905397239616831939 500 1506.98556921170757050277 274.216949394752759872063 500 1505.00425145098324719584 632.382053281227968000167 500 1565.77988239275987325527
          618.323507651375052773801 500 1416.67047174354365779436 478.897610386929954984225 500 1475.29861262909048491565 371.446491512081536257028 500 1343.94331479503330228908 278.756684239735704977647 500 1449.82935935521345527377 288.064206857716271770187 500 1407.36429626925655611558 575.43513001687210817181 500 1548.10575126999628992053 565.713884436232774532982 500 1458.1325015995423655113 374.821788290781569230603 500 1392.48164781093760211661 262.28629448945775948232 500 1409.09090909090946297511 330.708048097879668603127 500 1405.14505988369796796178
          287.364327871938144198793 500 1363.63636363636396708898 545.347149269451620057225 500 1538.76760117397611793422 541.194941537738372971944 500 1572.68993123904670028423 572.984985162623047472152 500 1502.85868404695861499931 592.531556390448827187356 500 1645.0220644317519145261 547.231827531942258247 500 1633.62560696838386320451 548.057785868243627191987 500 1602.77690498285437570303 575.011349786857408616925 500 1618.9339812750131386565 573.253394011370460248145 500 1581.20358715074985411775 618.683058083198716303741 500 1608.53212501978032378247
          600.970403098788892748416 500 1566.4098054344233332813 615.790876990933838897035 500 1521.94605062530445138691 597.231922016152907417563 500 1592.76714789407901662344 538.248037774614203954116 500 1479.77853676781069225399 520.891753700012827721366 500 1429.50758348596423275012 518.898324829867419794027 500 1458.32747038967772823526 497.481959926938031912869 500 1442.36724745301580696832 464.533576570789080051327 500 1354.65037060961753923038 470.469113056107346437784 500 1402.46735912845610982913 496.938790940043190857978 500 1413.64097779034705126833
          559.372037672397254937096 500 1345.40241094786165376718 497.739208652803711174784 500 1374.80543016693559366104 526.632877275031091812707 500 1394.82696367418338923017 559.716249844685535208555 500 1418.1191850877928573027 528.863271380823675826832 500 1360.74879412941709233564 520.276998456075261856313 500 1305.68013510577043234662 533.432147148429294247762 500 1331.8327048831431511644 496.011936000183766282134 500 1334.27074522709722259606 477.687746234625194574619 500 1294.12659559918301965808 466.650115075579037693387 500 1323.41903294749363340088
          433.467306016345901298337 500 1294.18972400539655609464 425.805199704220683543099 500 1336.33837255313892455888 376.674393466588639967085 500 1419.12296940901660491363 261.770104291939333052142 500 1363.63636363636396708898 308.288909090159222614602 500 1385.17102649581033801951 342.78299508380257520912 500 1369.02317088957261148607 289.418342868058061867487 500 1318.18181818181869857654 545.269325232602795949788 500 1440.74080241888054843002 589.433333548214477559668 500 1434.12101663088378700195 606.286785698996482096845 500 1474.49071638935106420831
          616.612280659451243991498 500 1446.47723112666426459327 677.63778899961448587419 500 1484.88031343178067800181 643.061609351471361151198 500 1472.13587391056830711022 654.668715450192621574388 500 1433.70957671483392914524 626.076128064067802370118 500 1495.20679707340423192363 658.459450741574300991488 500 1523.01077589250417076983 667.684884496622544247657 500 1458.60743935115237945865 711.298916817681288193853 500 1457.10687308992805810703 688.59621861102652928821 500 1431.82411341626493594958 653.644130773175561444077 500 1496.70057183682956747361
          719.29765228213659611356 500 1427.09005101950060634408 695.9426421771461264143 500 1377.54748358993447254761 700.294778280359992095327 500 1405.77204142250479890208 727.082026264535329573846 500 1401.02247411020766776346 663.551067808637867528887 500 1396.98998186597054882441 560.576587633510939667758 500 1381.7559108407876919955 588.314514081155493840924 500 1400.60399171458038836136 624.504683295296217693249 500 1369.06660352938934011036 589.994600007952044506965 500 1362.58445787886284961132 617.80144260466590822034 500 1309.64914261396143047023
          612.027780982658669017837 500 1340.38735094660341928829 664.834574132214015662612 500 1334.46743064646966558939 583.434118858769124926766 500 1319.10515933116630549193 637.515966292967050321749 500 1329.26353562945200792456 553.334133945110011154611 500 1305.43678956777648636489 658.682194214959736200399 500 1292.4567878762177315366 591.574660444651271973271 500 1281.51047445609469832561 536.606414035280408825201 500 1278.50475029449603425746 504.540908493921108401992 500 1276.48635008807536905806 564.085590175084689690266 500 1280.09808357849533422268
          455.546278348046371320379 500 1272.26959081912332294451 409.090909090909121914592 500 1272.97379713066061412974 364.215454611815061980451 500 1294.63911217482109350385 398.937659888595192114735 500 1309.25134358399463962996 382.94005480703435750911 500 1276.11543962188693512871 427.168190567212832320365 500 1383.56543086183614832407 403.692277531780746357981 500 1403.8591037792161841935 437.413741214945503088529 500 1419.1429966188134130789 462.038189765715571866167 500 1426.85502901757399740745 442.664377411811869933445 500 1445.5465986341143889149
          275.936559412685369352403 500 1340.34628038411938177887 331.605108286762117586477 500 1327.32855673591575396131 581.048433527678071186529 500 1478.59369569060277171957 599.700050401214980411169 500 1500.48925170294228337298 589.1967087804313223387 500 1525.12768498989339605032 636.710782277797989081591 500 1539.08464203231324063381 704.227474658074356739235 500 1522.14228999712258882937 737.23800863439157637913 500 1454.54545454545450411388 666.850564744248003989924 500 1365.78326626494663287303 703.903359162923948133539 500 1307.29005664230635375134
          681.818181818181869857654 500 1271.4491477644612587028 710.15722547949599174899 500 1278.71152215390475248569 636.363636363636373971531 500 1271.01157464986408740515 374.700809555112357429607 500 1318.28367176351412126678 398.16983633429083511146 500 1336.88137446811015252024 391.811437037504674663069 500 1366.91368472425756408484 438.497309937663374057593 500 1359.60527079672942818434 455.868731014417903679714 500 1380.00282455287515404052 306.399247592683082075382 500 1341.72283838768385066942 318.369779193354929702764 500 1286.51211977055231727718
          718.359106274175928774639 500 1490.77669791409812205529 681.114628972042964960565 500 1510.51730713390179516864 677.596279328313698897546 500 1311.14267919181565957842 736.111296083277466095751 500 1272.72727272727274794306 339.21292058013318637677 500 1302.30751848043519203202 344.916959346894032023556 500 1276.31122273032883640553 283.161883054299323703162 500 1283.16188305429932370316 681.818181818181869857654 500 1681.81818181818198354449 727.272727272727252056939 500 1727.27272727272725205694 715.909090909090878085408 500 1693.18181818181801645551
          688.920454545454731487553 500 1717.32954545454549588612 710.227272727272634256224 500 1653.40909090909076439857 645.419034090909576661943 500 1707.5639204545457232598 732.954545454545382199285 500 1636.36363636363626028469 696.022727272727479430614 500 1590.90909090909076439857 720.170454545454731487553 500 1609.01988636363626028469 723.155005107252463858458 500 1579.88660303881511026702 689.051797945205635187449 500 1625.35754592154398778803 724.93381237429548491491 500 1547.32933673046795775008 657.661732057530457495886 500 1601.07596682593543846451
          681.491756083585755732202 500 1653.08266517449510502047 644.648192039125888186391 500 1667.87080794559847163328 689.602712298077108243888 500 1555.27023666202012464055 660.272167239879991029738 500 1556.60378478150300907146 636.363636363636487658368 500 1733.90176279003435411141 664.379565746753655730572 500 1724.87571022727297531674 652.758212958456169872079 500 1634.78574638728196077864 623.538170518730339608737 500 1645.15966431879064657551 604.535409363395956461318 500 1688.50384115946576457645 608.93738373645624051278 500 1719.27389783627722863457
          569.404669357362308801385 500 1709.22955860123556703911 529.536909690491484070662 500 1709.48838355845077785489 512.625428215481292681943 500 1682.37198837292748976324 549.269477837901263228559 500 1678.35019200787860427226 577.130127567076215200359 500 1682.18774129355870172731 672.506873379209196173178 500 1579.63464439045333165268 585.143037829445120223681 500 1730.10516802833467409073 545.454545454545495886123 500 1732.99212188443880222621 269.249750912664694624254 500 1545.4545454545457232598 276.061534519066185566771 500 1570.73985190111875454022
          725.958977905945630482165 500 1363.63636363636373971531 720.15538162111306519364 500 1333.41829791315785769257 692.50465350536683217797 500 1334.45306053605008855811 635.667275032369275322708 500 1394.71925711880749076954 565.891563385029030541773 500 1655.18418030205657487386 528.593314448640740010887 500 1656.88348703212136570073 826.458430522344201563101 177.60017523803162475815 1370.22297747002630785573 616.504825998838327905105 361.615759570718296345149 1158.52718700872355839238 103.230825589903020045313 901.833787562175302809919 1251.81104577103019437345 668.825660658593278640183 428.39295879392182087031 1867.74427663742835648009
          368.583798586457930923643 750.53225081550260711083 1668.39030159666617691983 181.551412693902761930076 328.795881168882942802156 1318.18181818181869857654 281.459866032720128714573 889.791084321650373567536 1117.9493144895393470506 553.962078741289246863744 751.569191105628192417498 1493.80862669329303571431 155.864197530863918927935 75.6172839506172635992698 1924.38271604938267955731 519.060020279043101254501 77.8121560084757675213041 1072.70125335925081344612 158.264214731866786678438 154.877020187505024750863 1605.54248697274601909157 637.016585815789312619017 809.570589098695563734509 1325.09500785382624599151 765.719055316774984021322 763.249534154976799982251 1652.89439696032263782399 112.111088232151530519332 102.222236302179680933477 1118.60166810319310570776
          644.606429740541898354422 655.153032177535692426318 1353.60952018228613269457 845.536364916189768337063 843.639176842788060639577 1764.10749946239820928895 744.798004739402131235693 761.087482658544786318089 1850.5395820506673771888 563.175058150509244114801 248.701575808295672231907 1630.16257759431323393073 116.073249950828142118553 716.445936460038751647517 1123.3695848832830961328 393.793363420209630021418 270.295100230655009454495 1386.65935949083586820052 932.243709148816947163141 824.227080798722454346716 1069.65182887245032361534 153.977626901893358990492 253.989495765992245424059 1156.94158463792632574041 209.931017543230041155766 136.975131472298926382791 1216.62731554129186406499 587.050350361616210648208 344.807906627750980987912 1509.6546952387725468725
          378.094197299490815566969 681.940145369408355691121 1498.38279632873445734731 881.601611745284230892139 654.417168460055677314813 1113.61795116231246538518 620.989731369714036190999 580.891009910845241392963 1326.15935703517357069359 882.831003954931247790228 204.208407441474264487624 1888.64482534410331027175 900.112833644611214367615 323.345838292715711759229 1105.09259128859457632643 306.329341601915757564711 294.391391955989320194931 1643.34988427407552080695 700.727019825528827823291 642.457193258503707511409 1609.7905834144467007718 414.43233796704600990779 694.452007388707670543226 1193.52472554716723607271 71.9979644377664840249054 785.276406003864622107358 1142.44366610374686388241 660.024636283049630947062 628.230002926804331764288 1479.39000244002090767026
          482.80107177985206590165 411.25214833397131997117 1136.2995678732227133878 878.778147651144536212087 480.450373268049645503197 1727.27272727272702468326 715.807160387922976951813 149.150656736593589357653 1850.8493432634056716779 663.333723946051918574085 276.717527020572049423208 1101.61501358409987005871 902.191183957216253475053 102.396281390295598612283 1870.91479990881452977192 433.925545463185358130431 347.500785411015272075019 1512.72511653273363663175 845.694449522885179248988 636.020241059075488010421 1704.47436781592932675267 869.659394105096453131409 210.479051016458242884255 1752.89147696453824210039 329.464537288850465301948 185.419046351087615676079 1797.48331146586724571534 346.194004100367578757869 397.626971885409886908747 1486.01122344247232831549
          666.926761223507810427691 93.3354667229830283758929 1103.26984135830639388587 511.058147247182716910174 355.896480730486132415535 1386.4438966703296500782 160.280045984661740021693 362.557049941699347073154 1681.81818181818198354449 884.595094971157095642411 202.431842527642970708257 1108.12981668101065224619 668.243632876985088842048 573.658541438329962147691 1619.82676940645046670397 123.692220481188826397556 428.78274772280258275714 1130.18854632412376304273 110.397047952301193163294 895.133451715505771062453 1496.76606412675846513594 665.067400416096347726125 566.426911016310214108671 1508.20562793096519271785 278.198153451348844100721 85.3847261996227757663291 1075.25531833994750741113 550.68622378279542317614 178.545748657821832239279 1408.93723072000625506917
          700.727019825528714136453 349.684590931968728000356 1609.7905834144467007718 94.7861969558278474323743 418.54687805585075466297 1739.3067162610248033161 124.632605931981856883795 459.50153860402929240081 1500.00000000000022737368 119.53818916184815179804 114.572046027189003325475 1423.93877880956461012829 87.6919933982961197216355 791.729326798476222393219 1511.67733957913992526301 382.476638568191674494301 847.13920768149819195969 1847.26840900678598700324 679.033660742450365432887 663.612375179528839908016 1176.76833539168978859379 149.959163740291899102886 879.873819890270397081622 1372.51729016075296385679 640.297134041695471751154 412.567149331754364993685 1487.88865020245316372893 875.91534939118241709366 510.318919456473167883814 1500
          69.9048705862766723839741 503.281432324568640979123 1074.45054524301804121933 384.08088601315097321276 367.912378344378112160484 1295.99433544192811496032 612.83833672664502500993 348.31041697887292230007 1734.39968180229448080354 342.311512368958062779711 858.231362660488684923621 1253.83248450148425945372 133.134954529119738708687 571.255222293969040947559 1363.63636363636419446266 458.942028576575012266403 227.341370993003067724203 1859.32195860476622328861 771.2275854532883840875 773.131436367992364466772 1140.04792747302690258948 165.490562843951465765713 645.067937107415787068021 1545.4545454545457232598 87.8550053788306399837893 303.422910070566103968304 1658.28553479549191251863 384.656187430823706563388 909.114204561523251868493 1914.8619022300024425931
          347.442090538374202424166 421.813801238335486232245 1345.42847256049822135537 99.5595771488137870619539 745.834956878510638489388 1895.99968692665970593225 651.771534306753210330498 363.292740814434750973305 1076.91568137347053379926 91.1787971073178482583899 907.630033773704781197011 1736.69977203438088508847 573.686391748121877753874 391.029693123373135676957 1906.4875933258524582925 124.704077504156771283306 441.647949674917526863283 1371.13349527466129984532 385.595050502183141816204 183.189060242036873660254 1160.29620699715360387927 837.585784634758965694346 685.692215922493460311671 1522.07577431363279174548 532.004106269177441390639 627.827395750924779349589 1465.95817313652150915004 403.245323560944825658225 511.415541028352265584545 1123.02464864539001609955
          764.778332514022281429789 838.358059933560184617818 1499.70855602954702590068 318.228072252204242431617 237.326108101405623074243 1895.99822271532298145758 89.3468177583260398932907 198.614755139279793638707 1104.30485674922465477721 109.224223597473383051693 224.746687495033881987183 1470.53281332352776189509 74.3574818997261672848254 493.536650057651286260807 1567.31826498484906551312 695.515422077922153221152 579.925985970380907019717 1697.54464285714288962481 415.460826129132328787819 429.545184292978433404642 1319.73049545167464202677 499.242788274703912065888 876.422796015581070605549 1878.8974545324072096264 184.762190819560260024446 867.21619878731075914402 1837.65765964793172315694 616.664811805790350263123 847.110379663557068852242 1161.77289125181982853974
          629.837050571855343150673 864.685518413761883493862 1526.41740321375891653588 318.181818181818357516022 398.316422679817492280563 1858.66691358217894958216 919.556079124723737550084 684.114744469598917930853 1668.01037249338310175517 905.350011099215521426231 904.0125370742280210834 1502.20978232980064603908 624.880730033337727036269 550.283625625791160018707 1476.53864743252393054718 221.971298691210222386871 378.84960165652751129528 1500.00000000000022737368 904.760628711437675519846 580.566121753803372484981 1639.25153830757585637912 96.5226964889454279727943 855.527192331051992368884 1078.72050035094707709504 866.596971775362817425048 780.889558738941900628561 1426.71806662831227185961 271.653846327750329692208 385.023712710196491570969 1707.9755245334924893541
          128.42206308825160476772 600.79204642435308869608 1191.43974479218400119862 791.353723553100053322851 336.394190217612333526631 1852.40914338009179118671 613.625563700032103042759 559.478160495893462211825 1545.92614417650861469156 789.352013528263341868296 505.576265840640530768724 1121.2650800023557167151 475.463294814610605953931 386.181988429991974953737 1613.57737423223875339318 350.740890540551504273026 450.81995018761887195069 1391.76253456188032942009 695.828249384158880275209 549.422824419599692191696 1655.9981626929745743837 491.559469650863775314065 866.56778943366236944712 1540.86346475329196437087 442.721951933725733852043 602.065573182521006856405 1511.80412696316193432722 640.537517153772682831914 351.498855897297232786514 1306.51178060549204928975
          913.196604924040229889215 768.456290187667150348716 1793.74377717072911764262 219.713430797836679175816 918.658584205506031139521 1071.61511079310275817988 86.7721423096125477059104 392.900701929807667056593 1443.53608103959300024144 733.883942561503090473707 860.372482939621249897755 1904.88073157864482709556 489.094979152334190075635 132.570755638272203214001 1618.88491235930177936098 103.592448047836967361945 408.031235099982779956918 1894.09495356031084156712 347.330713050445979206415 626.12595456137137261976 1609.60158082071484386688 277.736313911662819009507 388.607344192955622474983 1262.29139427767904635402 339.681053069160043378361 524.5118931779135209581 1879.68441131329427662422 743.092848483922807645286 591.035264352867670822889 1466.20454194194348929159
          317.461116407882855128264 450.183519352487735432078 1309.36086041813018709945 273.831453028932742199686 652.659297428251989003911 1388.16502843636385478021 514.20521627314553825272 608.371897947123557059967 1325.11924274646685262269 614.717857844031073000224 404.539044476233243585739 1581.80352243343145346444 500 378.243042123972259105358 1797.09722862827038625255 112.37794321099477201642 520.247284623019027094415 1895.93075602239673571603 798.013021576968526460405 96.2194920703487355240213 1893.04374545466725976439 364.49949168523187381652 388.959487873620446407585 1628.56793718853441532701 466.773381337638113564026 594.411357697209268735605 1861.16486770916844761814 393.793363420209857395093 622.181121619351188201108 1386.65935949083564082684
          86.4230807377633709620568 92.5962565749151735872147 1606.27842260841407551197 919.220659692193521550507 88.8336647765936504583806 1570.52554806700709377765 862.751194345971384791483 868.077028345882354187779 1219.08001689225625341351 176.947131651091808635101 581.225408593929614653462 1923.36263945375048933784 393.793363420209857395093 559.478938249028033169452 1386.65935949083564082684 533.37974042565531362925 663.115769852897756209131 1605.56319632268991881574 873.352251347655169411155 98.6915832537632127241523 1096.72529044746715953806 486.756801873530093871523 640.780577031886650729575 1927.80018397466778878879 919.433648952285921041039 237.407016696710741143761 1682.45712691918379277922 485.191776812894715931179 571.57434018443416334776 1460.28103470928704155085
          921.948230394702477497049 644.771047011332143483742 1745.71976348891212182934 544.81214229617160071939 582.20771862688150122267 1587.69104197914703036076 739.487363821797885066189 866.695450404100938612828 1094.32464134757924512087 681.818181818181756170816 616.891151745800357275584 1849.40615548884920826822 355.181732414514897300251 540.758431405449186968326 1407.23246822116425391869 933.373537660707825125428 578.562648837000892854121 1941.10247011468936761958 734.484658932674506104377 620.874224773527544130047 1097.10840656904588286125 259.357919735905625202577 905.479784816556616533489 1913.24665773996207462915 592.25867150384976866917 545.686617412628265810781 1888.01435886635499628028 288.413886369541387466597 429.373317247571037569287 1517.70822298433449759614
          305.161514740319091743004 591.808701674614781040873 1686.78818305176991998451 350.053301858450481631735 567.478487564793113051564 1568.69167602470838573936 802.21631900119405145233 919.240149651386900586658 1740.52978601189374785463 281.845457063677258702228 306.891929698526496395061 1925.20305762003272320726 709.860431136285569664324 418.785490783995612673607 1562.83301039635148299567 790.685492033921946131159 910.608031284830531149055 1166.53272142959281154617 125.323460368135613407503 81.4909081167344311324996 1516.5036271573933390755 657.629232091725725695142 422.094133244157319495571 1271.21629021490707600606 274.387058262439040845493 500.343939305048991172953 1122.39328304455784746096 695.515422077922153221152 400.583306392843610410637 1697.54464285714288962481
          95.6741725211485913860088 302.003244525165428058244 1894.77721054602238837106 347.055407111578688272857 586.193565412735893005447 1482.4772593410714307538 480.42456450213097696178 418.449610260675285644538 1433.09285000767272322264 260.478341031933609883708 441.717023157532025834371 1681.81818181818198354449 550.342004742972335407103 570.299240865579236015037 1508.91920986526247361326 729.767561063331640980323 411.766932208252057989739 1473.68705887420014732925 495.027717087075188828749 415.987457052558738723747 1692.28523022375566142728 271.125998826517559336935 221.231382179237698437646 1121.88555088900102418847 407.487597308842168786214 426.683245001982243138627 1452.12151403954180750588 159.726119400330674125144 765.607055618787626372068 1657.2269627816904176143
          549.411729849397943326039 442.870344358158035902306 1700.26179229362401201797 83.3333333333332006986893 928.733403322080789621396 1907.40740740740761793859 862.638353656304047945014 906.915111869782549547381 1096.97891285478704048728 247.108523035462155803543 210.479051016460061873659 1928.16462133962909319962 684.095440436049671006913 746.413326207045315641153 1090.10333785894704305974 491.022029784549260966742 441.945666298544779238 1637.53209393172846830566 668.243632876985088842048 432.118840423887661472691 1619.8267694064502393303 297.928435827067119134881 557.283150684863812784897 1460.03279280408469276153 832.968390908242895420699 514.701357866413900410407 1871.87154131216675523319 843.474572717306045888108 640.642795943169176098309 1340.9162173428535425046
          70.067132805549192653416 181.800932277764559330535 1939.59407210025960921485 543.176069710845922600129 576.642913511852725605422 1406.47093510223999146547 486.722593232530584828055 555.968867347976129167364 1314.25675395485927765549 616.974426835240251421055 895.4668108536095587624 1881.41028447010626223346 450.424040320298274764355 189.146133505280374720314 1085.92884260985670152877 341.801486654989503222168 375.738791729325953383523 1135.86837408274755034654 599.013044592528558496269 116.728813227245268535626 1883.27118677275529989856 670.821988977215255545161 426.039492446152394222736 1418.18289811776844544511 262.48121547201992598275 450.719412353184566200071 1318.18181818181869857654 361.736249156012434013974 444.548869068262092696386 1644.91262767242051268113
          913.946150694752986964886 560.080286202854949806351 1126.69046068068382737692 864.132860164679186709691 106.683070191448507557652 1468.53279302470787115453 435.108561841964387895132 142.436324774387173874857 1321.65265232828983243962 175.102985916531849852618 76.1253501204788562972681 1268.56961193737106441404 619.333998288520433561644 538.367715561570776117151 1585.16981531583360265358 791.353723553140071089729 134.16093924391498148907 1663.60580978243865502009 140.673720759350032949442 150.1370750228436463658 1780.41848053271178287105 851.558854080359765248431 409.557003370536847342009 1409.09090909090923560143 611.464217237504044533125 565.341643747112016171741 1393.4236040282848989591 393.793363420209914238512 460.304885546792718287179 1386.65935949083564082684
          263.915027402701639402949 587.343858231706462902366 1560.45189349736619988107 553.044760636669934683596 410.577161699711496112286 1325.91941355229118926218 207.079145330039295913593 614.224831187780182517599 1107.62342237822986135143 727.185669908505019520817 504.576827666437793595833 1067.17440556281871977262 363.636363636363853402145 396.000132761462623420812 1761.72149651495465150219 147.596878380268265118502 564.198972076534573716344 1636.36363636363648765837 892.704777303961691359291 392.565511287609581358993 1888.23074172688575345092 83.9860817880548893299419 636.39172815363701829483 1413.81858249420520223794 431.230837005128080363647 450.423178780181103775249 1272.14755320878202837775 318.181818181818357516022 558.69683698719370568142 1739.71861471861461723165
          480.42456450213097696178 461.53607052010090683325 1433.09285000767272322264 269.75205330057542596478 71.1043473946803032958996 1157.93096596410191523319 505.550294430949520574359 458.872719697024251672701 1394.39244237161847195239 689.894324599114042939618 236.44151443027141112907 1902.51839666687783392263 376.861660848411133883928 98.0884511488565067338641 1094.79963061946341440489 509.215602686049180647387 461.157963457340144941554 1703.33029585274903183745 287.40530303030323011626 442.48417397759311597838 1735.3219696969695178268 889.154126594528634086601 583.464211179338917645509 1243.59338446913966436114 424.914439828007971300394 433.492329770755816298333 1619.00570804958852022537 578.552788820942168968031 571.004443842217824567342 1266.73922921257280904683
          463.095498613413042221509 771.305237434116293115949 1338.67542009394060187333 453.583594088797383392375 619.901821441637707721384 1107.12110149777981860097 796.738057128912487314665 795.600810959197588090319 1916.88001587686767379637 395.693703754497676072788 561.764021589492472230631 1525.12886569986380891351 548.640333378314949186461 87.0262815466606411973771 1801.37758950151260251005 325.678943835149709684629 539.147392146544348179305 1546.68378973206017690245 826.213055624137268750928 411.574308525198716779414 1542.31140083082004821335 80.0319055857242460660927 728.515731169597984262509 1426.22157433107668111916 118.972148552780822683417 297.227765244676902511856 1775.59887572811999234546 637.25994045372033269814 454.130065265744008229376 1517.07727839404833503067
          918.361255062763575551799 577.338357805618784368562 1815.8664689811960215593 274.567216081938738625468 462.11170502308237928446 1355.46685636653637629934 357.175103158944239112316 536.822049775355708334246 1597.38781815689071663655 272.727272727272861629899 543.448783565440066922747 1750 534.461950511029726840206 546.140184083228632516693 1554.65050324957019256544 365.801566901390231123514 909.810554236393727478571 1085.99900893462540807377 301.198899515806715498911 902.920095084446984401438 1819.9319047207104631525 771.498827486836034950102 106.205476788272505928035 1151.21388789166098831629 723.118671049837985265185 548.687798727660947406548 1444.1824002776202178211 616.343047822226139942359 466.550873363642892854841 1549.48052046736188458453
          486.329602479039238005498 557.899682599657126047532 1401.83414927224634993763 807.498620728507148669451 405.203963592950344718702 1681.81818181818152879714 263.915027402701639402949 449.297037791822390317975 1560.45189349736619988107 828.808689699431170083699 545.578572582733613671735 1681.81818181818152879714 274.567216081938681782049 574.385192330403128835314 1384.67520478872074818355 598.790429482903618918499 445.530932535108888714603 1621.89159496901879720099 363.740840424539612740773 415.119820313142270151729 1217.8362906342536007287 341.387917116786070437229 108.191009298739686528279 1887.49179247356960331672 732.571657795050214190269 439.129422970271548365417 1416.85788790433798567392 269.008643013175344549381 102.995651662422972094646 1756.8620417856982385274
          738.49569136856916884426 906.064437033808985688665 1816.24075417820040456718 716.529661038449603438494 461.52081565046012201492 1382.62953561440485827916 294.93042075434402704559 463.872339335839626528468 1676.27555802427968956181 687.514807013375275346334 570.336112661047195615538 1356.53549024512653886632 76.7908782368420474995219 920.181583985863312591391 1342.06026069327458571934 386.468712637910357443616 456.593482497828972554998 1598.24506677432668766414 808.560255207749833061825 600.79204642424781468435 1070.28688406580431546899 261.453352741085382149322 810.328713429287745384499 1521.96318658207292173756 670.918745761754280465539 449.868435873046109918505 1702.46397812037662333751 113.747364678205030941172 501.451305537873054163356 1263.88037723651859778329
          279.646114869431130500743 146.529752607775890282937 1509.06748433162397304841 725.829553845235864173446 527.823114496184530253231 1471.63509358535247883992 296.499912178765725911944 319.451521846202240340062 1351.60362106098955337075 648.467623606030088012631 532.268791310788060400228 1452.80264413636200515612 665.522682069370716817502 553.913924400538235204294 1561.09895026503386361583 383.571140756018962747476 887.38617591735430778499 1734.73103431903200544184 903.926596071391031728126 737.449806959192983413232 1581.36899641802892801934 510.244355590825023227808 879.398159272532211616635 1110.57872182974278985057 762.573338142465672717663 930.027561453313410311239 1933.05950039429376374756 648.416433037412730300275 468.111268202323515197349 1723.32009811579655433889
          890.548568003035029505554 894.287040185733985708794 1622.71487557156365255651 568.362623297618711148971 540.123610115624387617572 1400.13193945979742238706 705.962971211595345266687 543.008036378498218255118 1324.1275370955077050894 113.54361403834883503805 186.239307227389190302347 1297.95648174783036665758 755.650475603366658106097 430.418095134943257562554 1727.27272727272702468326 314.209139551286625646753 594.669241207710683738696 1530.64990056491797076887 590.909090909090991772246 597.880245388936600647867 1792.3031637986703117349 71.4030272216116372874239 857.215143487757814000361 1392.76599470754672438488 431.953855720204842327803 558.688714557926118686737 1433.95262608186749275774 239.92054738767319577164 763.931418178735043511551 1123.13658638029119174462
          78.4971335951936453056987 277.132060592941911636444 1077.00287710951465669496 390.198097005810950577143 561.899669685522439976921 1322.83416001920522830915 750.000000000000113686838 468.691282295131145474443 1727.27272727272725205694 813.095530276302724814741 476.159134812892432364606 1681.81818181818152879714 641.198523066046732310497 622.250508728107547540276 1571.99685640916641204967 730.47293813259943817684 444.259754663598357637966 1673.65475631441745463235 652.807303178391180153994 528.8071181126616693291 1581.85518656350495803053 615.340001083518473024014 732.575678146015320635343 1872.99058685918339506316 445.226499994840651197592 466.426379664512580802693 1613.16166722682805811928 788.83581153694376553176 114.228291538908592883672 1272.28535106805111354333
          583.102663684981962433085 537.712748990594946008059 1564.37273323784143030935 248.586952813153743591101 292.227003004899358984403 1798.5848451911779193324 623.961599156098031926376 911.597254792070884832356 1622.18906548331665362639 245.185375498864203791527 129.836190325987047344825 1372.71959393352062761551 650.94763898223891374073 451.901442050562252461532 1457.31655154408144881018 294.93042075434402704559 544.879796121544131892733 1676.27555802427968956181 299.24242424242441984461 527.554446479890430055093 1704.54545454545450411388 448.237711580030691038701 548.884876205535988447082 1511.22662328373053242103 565.463946046223554731114 532.570824404979816790728 1437.71381123409878455277 361.383887743500736178248 675.406845198874975721992 1872.87306469596296665259
          171.495225062163967777451 737.503081817068050440867 1282.49769978536846792849 340.160438815983866334136 398.581041936464828268072 1694.66713420409359969199 715.807160387922976951813 63.6290862038521254362422 1850.8493432634056716779 590.909090909090991772246 419.600855649747302322794 1805.33796051231206547527 251.101452986000708733627 521.449592783369780590874 1915.44680416155347302265 498.941817614485103149491 470.303907920746667059575 1462.75730448857871124346 587.506882423150727845496 462.381829537833027643501 1699.77666568082349840552 923.454970127896899612097 921.406013231983251898782 1413.51387771683675964596 664.374404660110712939058 119.174546727315259886382 1436.55889430771708248358 62.5803802883811499668809 241.454638469110875576007 1753.4362610467526337743
          543.118051744235344813205 865.962292958628950145794 1411.3395928502436618146 459.727982352176013591816 929.339931221201595690218 1829.29418306108186698111 544.903611058497745034401 99.4376683664912661697599 1329.03159698635681706946 586.171833377810116871842 543.572897341716043229098 1499.74952170855385702453 270.70607964323630767467 457.566871028275386379391 1483.63050810011077373929 261.454066902322438181727 884.806502540740552831267 1424.12650998129311119555 793.868825751194322037918 274.816549728512882211362 1665.97740979649188375333 465.823389645512747847533 428.057767624713051191065 1553.38304268219462755951 689.74699031571628893289 528.491240850473218415573 1465.27134971594432499842 352.648571212357865078957 543.507540136355942195223 1459.53092540893317163864
          78.0930248498527816991555 150.585730747987497579743 1499.34593426055835152511 809.461523603176033248019 334.414138031418758600921 1255.57606445616283963318 921.550180843187604295963 426.996828123965428858355 1507.6809650769944255444 300.920417408866228470288 407.111266591479534326936 1640.74555942165375199693 448.115673352001692819613 542.363013190854644562933 1339.26321953606338865939 97.8640286872185356514819 629.392688667178390460322 1285.87797697862060886109 602.926043601453329756623 540.102260705149546993198 1322.76639347363834531279 682.277355357587680373399 582.51175313361795815581 1458.56628470954137810622 915.07252315301343514875 282.383060406180902646156 1919.03384071360960660968 410.738746422308508954302 400.354715516045359890995 1082.09814004636473327992
          459.608176935956407760386 302.115743546187616175303 1919.71028269190537685063 678.677320191385547332175 453.05558660793883518636 1349.29909756649703922449 189.814814814814724286407 74.0740740740743603964802 1064.52539785069029676379 315.588059591880323750956 461.719966528398856553395 1485.98030646358597550716 471.877526516368448028516 319.350962073689970566193 1093.19921432382489001611 624.545983020319113165897 187.044210270505175230937 1083.98729546404820212047 710.999784912419727334054 455.591069389972119552112 1629.35731804622923846182 583.026850493965639543603 223.434928850895062169002 1792.57692083218694278912 763.856007729210205070558 455.678319760163617502258 1454.54545454545450411388 489.72439498975296601202 778.110073644853969199175 1760.15362574038863385795
          417.098124334014755731914 80.4237601229929737201019 1919.57623987700708312332 298.312191300981680797122 414.106949696804804261774 1466.63211051840335130692 657.629232091725725695142 463.949720099707747067441 1271.21629021490707600606 394.795248067929833268863 464.020068311127602100896 1264.3874606142151151289 74.2610293347654533135938 367.516013677220371391741 1811.3775345856784042553 597.213116985932970237627 530.768669209614131432318 1615.26932202372358915454 402.334895276597251267958 721.869484745011277482263 1092.51975093843930153525 412.626772188494783222268 538.441125137939138767251 1293.52300718137485091574 703.785643652942326298216 537.271429573180967054213 1571.11299149814317388518 891.857676733449920902785 701.903191367237695885706 1885.08929771118596363522
          324.904282472445970597619 527.248270107636017201003 1606.87086449663252096798 555.766119868012651750178 910.611937203154525377613 1802.95949001050621518516 277.67131893536372899689 548.735931378364512056578 1525.95856668863257254998 566.265421793326709121175 464.603515482818977488932 1636.00596262080284759577 541.529934693423001590418 558.53343108863214183657 1347.93118911661076708697 419.563100635542923555477 534.001433249564342986559 1528.85081516891978026251 510.13546894898672690033 923.915141207539818424266 1466.18373508251670500613 596.372705918587143969489 449.930205443835347978165 1454.92680361514408104995 391.350522738089580343512 465.925215007740632700006 1656.58069932280000102764 362.761773501818993281631 129.826746602854029788432 1664.47086197880162217189
          536.060622888944180886028 923.630160062758932326687 1592.4324293762165325461 560.72691630033614273998 440.887503422108920858591 1563.75704395323646167526 328.177738003805302469118 462.425713850072895638732 1350.59304252284664471517 545.454545454545495886123 521.696986548316886000976 1126.58789134888706939819 442.001574701313131754432 888.839620831600768724456 1316.1985174338988144882 335.940475646375205087679 437.32566911111257468292 1561.71614315975921272184 262.481215472019869139331 563.374770909186395329016 1318.18181818181869857654 351.348267942196002877608 465.542728749138177590794 1675.44113090920291142538 412.214059830476230672502 461.269462922275920391257 1348.13941898541747832496 74.824469572974464881554 660.280464102729979458672 1212.57462678387878440844
          355.076444352439466456417 456.686619680762703410437 1284.93790899964233176433 73.6953497706483062756888 81.8598903254344349988969 1317.19930169289023069723 89.1272845397925266297534 857.318138249064759293105 1585.42037220497832095134 519.019076691253076205612 82.1168526751852709821833 1547.89683570965212311421 443.68470740952591313544 442.998212160414254867646 1707.54493669564021729457 757.276815521731464286859 400.189317375989276115433 1312.69709273173111796496 768.424267741104472406732 441.688079920553491319879 1545.45454545454526851245 415.654474929496075219504 464.214610062385645505856 1422.30888254141609650105 681.818181818181869857654 437.092179464851483317034 1174.26232089213317522081 536.865651327457612751459 454.893053120006925382768 1313.72069204531067043717
          81.9685248316638421783864 526.302330895406385025126 1162.99559171898090426112 705.493313208371773725958 462.163415175589022965141 1439.48568140080260491231 295.030702245463544386439 402.289525675507150026533 1393.74629029867514873331 636.363636363636487658368 498.740587719623874818353 1832.16183455070677155163 905.214252568891879491275 497.901140877403236117971 1919.4690096842130060395 930.305537593865437884233 537.115734037995252947439 1433.4911758044083853747 867.267636454760349806747 886.525714092050520775956 1876.26673760808807855938 900.154344718212996667717 478.174444947100425906683 1626.21250758730116103834 713.807103200322217162466 631.81597654345557657507 1925.55687354552992474055 288.413886369541387466597 467.256111825053437769384 1517.70822298433449759614
          301.042627155035631858482 566.041788458361679658992 1071.10251537870203719649 418.345126784804676844942 66.1151793604939825854672 1681.42133390341246013122 254.922854805330160843369 405.524179563183167829266 1094.45291616238364440505 825.991203793513250275282 478.656543385170721194299 1590.90909090909076439857 756.057597401596922281897 929.946666862285610477556 1504.4586647473763605376 200.284153038540239322174 446.188299226724666368682 1362.06935293461015135108 897.623728728420019251644 344.150222161081046579056 1697.54594071736823934771 654.023729518064328658511 837.486466949624855260481 1079.09105372312251347466 601.577403725571684844908 443.021926671932533281506 1265.03541879038311890326 333.99795686327900057222 564.543595362861651665298 1287.53933441342360310955
          793.586772274240047408966 816.626054286835369566688 1063.57594654774129594443 199.543615369013878080295 788.15298884257049394364 1905.86659174462852206489 347.578735216960808429576 559.321994117116219058516 1651.92962554982750589261 608.451287081139753354364 468.303882055796407257731 1922.41196493588540761266 661.755982662763926782645 197.903559205822830335819 1302.41343666200828010915 575.476932149408298755588 87.1623162318770141610003 1422.06078632825210661395 751.97042894944740965002 114.16738978311389018927 1529.7696280975374065747 719.946525461508258558752 564.401753371525046532042 1261.89398648928454349516 676.512482403475928549597 902.913719111354907909117 1437.60536786092166039452 480.681253305626398741879 466.278522508192565965146 1729.96843514475176561973
          916.061465267010362367728 773.349568622475203483191 1699.29074107545852712065 102.525230891037210767536 393.00890187927200258855 1595.58865526005365609308 203.77589496908768751382 894.294221815781838813564 1200.23586984551025125256 538.233496688978107158619 468.441179055327040714474 1720.74060709440072969301 516.510572052202860504622 127.431154802303751694126 1199.15233863844377992791 590.909090909090878085408 549.344828374968415118929 1188.78385770230579510098 729.099237216099254510482 449.28350752004945434237 1309.73655261224234891415 480.077366284266929596924 83.6719012228751353177358 1401.38540101978742313804 608.044454182812614817522 132.413764879871905577602 1686.02208642418372619431 483.24378115961297908143 79.5345216715754759206902 1860.65967123367340718687
          324.904282472445970597619 455.258436566588557070645 1606.87086449663252096798 476.233197509194610574923 468.993630035559419866331 1372.80595603183905950573 836.356685574208540856489 543.990547547577762088622 1318.18181818181824382918 551.779292086703435415984 776.060462368113689990423 1105.45346872544928373827 689.962007039948048259248 421.038298016431269843451 1783.61914378847791340377 191.892883841959530855092 399.484056010865344887861 1810.48886873009723785799 637.314832350580900310888 535.482670364285468167509 1514.87750064699821450631 455.188819598014731582225 575.699384363535045849858 1583.60405155075181937718 325.639435370434682681662 469.674905923430401344376 1265.78681843244658011827 682.648286875962867270573 101.597668282892811930651 1756.37994318163714524417
          756.628787878787761655985 560.340197011259874670941 1636.36363636363626028469 478.888892846610247033823 368.096516999558730276476 1282.80499869036475502071 264.421693857901118462905 670.126495398144129467255 1784.22684161981510442274 444.463966895048940841662 449.269209498518307555059 1484.96057221310729801189 683.017515523638280683372 323.811789724245727484231 1835.41369954793685792538 599.026730072518262204539 392.323231462063176877564 1675.02040981702361932548 440.767567114454891452624 421.416783359039413880964 1386.86061826868558455317 443.750708843594736663363 87.7880664922789719639695 1772.47062665451881002809 184.093310084649260716105 558.121869273729203086987 1272.72727272727297531674 744.816424475851817987859 827.392667878799557001912 1254.98900870449847388954
          921.844049225799835767248 910.673871323625121476653 1275.8992426982088090881 180.72606601126250325251 74.4863460122548985964386 1753.64375707215572219866 459.727982352177036773355 170.705816938917450897861 1924.75999622650215314934 495.11071413785117556472 460.243092896000916880439 1535.42095407510873883439 459.608176935952940311836 924.391042137516478760517 1697.88425645381312278914 354.399429857723248460388 472.652194878256864285504 1328.74511063223599194316 165.608152903144969059213 553.327852566784599730454 1500.00000000000022737368 191.885801885117416532012 284.399114580278308039851 1583.43336726631105193519 228.55126126709285472316 877.763097808292172885558 1719.29777905557261874492 633.083011488028887470136 471.075299726077332707064 1432.47032628895067318808
          607.950224543273975541524 466.807985509857417127932 1664.16330781893384482828 545.454545454545495886123 563.109913698144168847648 1756.6810511599953770201 522.416623481566489317629 526.588099340681083049276 1578.4206387890669702756 515.997951720090782146144 534.055305902588429489697 1410.88193980829737483873 515.569239716979723198165 559.951679345386764907744 1639.72668105858838316635 626.480942967265718834824 896.771886084215566370403 1259.20782152570427570026 85.4248288938748032705917 694.579594542447239291505 1816.02032388511543103959 700.158687170210555450467 449.071693516601442297542 1501.44284668324917220161 419.57348516749516420532 461.929047758602621343016 1572.55621468924528016942 448.784930207616412189964 537.04499847267652512528 1400.58368418570603353146
          204.280850844175404290581 343.899630881328334908176 1931.66633573440935833787 417.456049146290524731739 536.449314243907338095596 1489.06645782400642019638 590.909090909090991772246 478.514617942220183977042 1800.19132112839338333288 486.484999278199495620356 531.709630077872702713648 1579.85522749933829800284 664.379924690868506331753 446.987223076784403019701 1562.65503728710723407858 909.694494722026320232544 96.8733793178080873076397 1383.37468833373168308754 657.419142113755924583529 569.578701791772346041398 1079.58115116341900829866 696.913630065762845333666 522.559639337117232571472 1495.32041883287251948786 587.050350361616438021883 451.644488379599295058142 1509.6546952387725468725 479.056866904974867793499 464.56909328942293768705 1496.43344909344818915997
          619.313185041130168428936 190.77003572491730665206 1927.82266159282062290004 77.2732226668426847027149 504.461443937841977458447 1340.14402677699513333209 424.012160644409277665545 464.993399623396669539943 1513.76305447339404963714 739.5113006984787489273 828.567434622957989631686 1737.79244797916544484906 350.653451664661076847551 544.021350783780803794798 1506.79763795157487038523 623.356058418580232682871 569.360804401831614995899 1701.5112552346558913996 935.329307347082249179948 531.860726790776993766485 1060.47097107871036314464 171.654908581886161300645 447.499724644808793527773 1636.36363636363648765837 214.873182117667056445498 581.791749305589746654732 1693.10117483581257147307 453.067079700344891080022 463.006748996196165535366 1338.18590208738419278234
          448.075592381896058213897 529.514945226778536380152 1369.04389561915559170302 536.865651327457726438297 536.546996858320312639989 1313.72069204531067043717 665.796085214446407007927 463.651173442519393574912 1491.10532780652260953502 661.763711444097339153814 528.964422537040263705421 1482.92010927985438684118 372.742242351452546245127 458.638177865709906200209 1455.67223013254260877147 893.6705463078342290828 113.036898488229724080156 1208.77335470926914240408 171.853982910264107886178 568.545272341884697198111 1806.0561274668709756952 788.592495004549846271402 893.586202543017407151638 1394.23454078187160121161 321.417413205285924959753 942.760719659381038582069 1889.41247151246147950587 888.958872936244461016031 754.099837227655825699912 1183.82862820981767981721
          928.309750544829512364231 864.695801356079755350947 1148.12762234870660904562 496.056087866105144712492 421.057648158265806159761 1342.25249874873543376452 363.925453398426782314345 537.507938923121741936484 1275.62027536318737475085 576.949647909082500518707 437.328340520703022775706 1751.46788564987332392775 711.491186143746290326817 567.778583086694652592996 1493.08770987549701203534 204.280850844176541158959 83.6224742060902030971192 1656.10036911867086928396 335.659153626052329855156 469.160872801393963982264 1643.36429013980387026095 291.458436316016900491377 538.279262116069730836898 1334.60518229050012450898 495.9274422827307944317 533.603218921368579685804 1463.19956725386487050855 331.438244113908922372502 572.91478974737401586026 1610.72636135099241982971
          806.067380329637217073468 259.871063309111491435033 1910.80088517665035396931 628.228602190671040261805 69.2042531246812018252967 1808.22565466533455946774 268.976672437035176699283 517.742150326820478767331 1831.69095725132820007275 271.826082484847461273603 449.226323298234433423204 1428.93269253059020229557 540.925054781789299340744 455.187807190315425032168 1522.62872818439950606262 294.02943491198072933912 926.874104504562410511426 1197.37609586072267120471 235.122613915373904092121 464.736238232107837120566 1409.09090909090946297511 366.677984356231320361985 533.41840267868542468932 1633.2199324835517018073 426.949108422815243102377 324.824876603576740308199 1699.12965632115378866729 545.454545454545495886123 448.152085389941532866942 1256.56524420451773949026
          786.195547644720591051737 265.279974512168564615422 1496.05657737125966377789 368.353409721623791028833 532.888529313999356418208 1369.75477166713653787156 459.931164759496653005044 601.622195081971995023196 1221.23366265399067742692 782.211948792759585558088 94.7601472532376192248194 1779.36903787837604795641 68.7531725877319104256458 923.616990904935164508061 1619.06899105428738039336 332.648237602500614684686 574.777565130155949191249 1173.36501398122004502511 86.8207145713689669719315 82.2284139553365776009741 1202.20498802379802327778 270.706079643236193987832 535.875340614089282098575 1483.63050810011077373929 912.108037777826893943711 904.035671777822017247672 1720.00266543930774787441 640.267622807863858724886 463.988734301465342468873 1615.75730050232459689141
          454.545454545454617800715 476.568950512483468173741 1175.56356429076913627796 747.700095432996249655844 546.338119356599804632424 1545.45454545454526851245 905.836389637867455348896 389.851168798171045182244 1188.82250110939457954373 559.633836393147703347495 462.862229206085942223581 1478.66596719594144815346 667.470332687225322843005 902.489617919981355953496 1741.3433684808585439896 611.060115725033483613515 457.050356110341567728028 1390.17191578158053744119 636.363636363636487658368 472.027693271507075678528 1757.99390892911469563842 69.3267566988409953410155 507.725054572201884184324 1645.64627093915100886079 276.437215336508188556763 537.589074862960387690691 1427.06843027308104865369 744.798004739401335427829 925.94226966488417929213 1238.91251734144316287711
          727.272727272727252056939 531.884976460583288826456 1838.72976000284347719571 389.649734044136152988358 537.005452671146372267685 1559.08186363558047560218 318.181818181818357516022 451.747581637185930958367 1804.37976317688776362047 419.57348516749516420532 528.529290345406025153352 1572.55621468924528016942 786.323430502492556115612 553.064695943461401839158 1272.72727272727274794306 544.903611058487740592682 918.100233101509047628497 1329.0315969863499958592 590.909090909090991772246 537.833766563166818741593 1790.74416851161231534206 309.398597348829298425699 460.461873068717807200301 1406.49429347031559700554 334.547085218928771155333 90.4795314605613043568155 1417.98950639686609065393 836.584324068580372113502 646.959584672387563841767 1811.03541659069492197887
          574.07740947948138909851 428.947542205168304008112 1092.27349047884376886941 589.497500530616207470302 85.4580189451320393345668 1156.59002409331947092141 641.777753053928790905047 550.34759126287156050239 1287.71331210039511461218 577.324685421892127124011 537.518932774025188336964 1290.64155056724098358245 76.2037161720681979204528 539.172993888868973044737 1493.63705396269870107062 732.689839175234965296113 464.897286862578425825632 1346.67730943696551548783 664.374404660108893949655 563.441105692285646000528 1935.18429179930853933911 404.547004661231596855941 591.499706153065289981896 1628.49887635665504603821 930.68587542751333785418 829.992519478377744235331 1853.94115724689368107647 291.495710350081253636745 391.992612531228587613441 1326.82513618346911243862
          747.992486616863516246667 278.513724771155068538064 1354.05697506967862864258 72.2844476826708728367521 667.444347686218407034175 1063.57839654602548762341 197.949229550958932577487 562.913333474685259716352 1415.30448716268256248441 187.96498690354468408259 509.797242553313481039368 1454.54545454545495886123 698.281783235096099815564 533.659932661455741254031 1266.12843877878617604438 228.224405621820721989934 452.708043548497073516046 1636.36363636363648765837 794.796010593371647701133 101.304226536851047058008 1072.48057922220823456882 572.32026323260151912109 531.315261269257462117821 1530.63031318421326432144 616.343047822226139942359 525.511473170619979100593 1549.48052046736188458453 505.697919206531594227272 824.673222073850865854183 1651.57614840630981234426
          742.274765473283764549706 628.555460158326241071336 1539.77711935816932964372 302.739340432429912652879 461.441877331518810478883 1571.54020536776897642994 456.122099422138830959739 930.09615275800638301007 1071.27483617700613649504 363.190423704542695304553 471.139794291130272085866 1627.12180928627640241757 304.484783280256522175478 526.160093275784333854972 1633.03712638479851193551 727.272727272727252056939 560.25402825501396364416 1750 762.648384747980571773951 540.574346254105762454856 1500 709.860431136285569664324 462.27136107039223134052 1562.83301039635148299567 73.2989409852214635066048 773.131436368946083348419 1228.77241454591467118007 410.452450697070844398695 463.927322942804096328473 1716.56607093250227080716
          208.427625140580687457259 674.398147475287032648339 1913.45526402642190078041 87.6210349597708386681916 93.0136197612385444699612 1723.22684110281102221052 931.91631332776557883335 288.183714914399104145559 1742.16406034784745315847 292.020303409214875500766 529.388991000843702749989 1602.32546849541768096969 477.226406421914589373046 540.44394921693742617208 1655.99901897237123193918 654.477806452777826962119 462.820574784044310945319 1314.52833622674575053679 898.809073495361644745572 724.398760885294791478373 1291.33011543367479134758 140.112295033646546471573 551.486967497861201081832 1066.12564810971366568992 267.047400923502209479921 587.11085381685632000881 1629.87162490119885660533 815.824080004346342320787 458.855545197581932370667 1773.75110124455841287272
          179.413696014228094099963 421.292429699622687166993 1263.67130487407689543033 676.940697084407588590693 475.078953293118615874846 1798.78946776608995605784 678.204508853477250340802 310.228256580536935871351 1443.51622270878806375549 848.825359404547498343163 442.029043342723980458686 1934.73113710104939855228 753.650020071857625225675 615.267077815411880692409 1323.31770139254240348237 242.936802396072891951917 635.161078006792877204134 1478.56271827858927281341 431.964028557078449921391 684.749857044398822836229 1588.56236874569049177808 272.727272727272747943061 448.515503500963177430094 1260.4346103270265757601 389.217357952889869920909 475.265223417328684263339 1565.98722737721686826262 505.364985379123197617446 530.49349596035438025865 1915.68049771796768254717
          622.353934395302985649323 716.769635584085449409031 1710.52234557489873623126 78.6875458550440498584067 748.00815698430835709587 1334.726681089313387929 909.290103516445924469735 319.279374017670022567472 1517.15877886233738536248 520.450244045269300841028 414.897536416086268218351 1480.25006337905097097973 572.604669452609527979803 920.67102322597543206939 1153.36727972523499374802 255.013814913454154975625 548.817512374361058391514 1704.55004907844977424247 500.000000000000056843419 450.740364473072872897319 1798.10230035135964499204 891.899566373140373798378 246.635381982320581073509 1221.85133257186294031271 500.000000000000056843419 542.92158001495226926636 1761.93899010541645111516 928.311930865920999167429 168.34684182901378335373 1548.3273253784423104662
          63.9708073536654637791798 228.671741112642109783337 1655.7162463966196810361 434.210664073753378033871 549.740329611625611505588 1687.25064080803213073523 746.833023769902865751646 440.528425927193836741935 1593.62370971687710152764 273.831453028932855886524 474.476925729378081086907 1388.16502843636362740654 491.972133573093742597848 638.207816280420956900343 1396.6954192934913407953 102.612250872168488058378 302.221644289179664610856 1386.98566267172122934426 584.273925570137066642928 549.128200269236231179093 1663.37411711751997245301 377.04249322973475955223 662.709997421567550190957 1288.84323941607021879463 600.168273386709074657119 812.14577248483192306594 1916.58789497981751992484 717.516847069915343126922 602.753331531676849408541 1406.0834127985153827467
          215.045791981057050179515 908.393708808133851562161 1300.08626244853758180398 934.013114850547935930081 869.06954976252154665417 1342.99568151215362377116 193.213320314459053861356 919.707604927061424859858 1471.37378757391843464575 684.23249972435075960675 467.613157735445213347703 1533.10736758052848927036 473.580724810753679321351 466.301860697404208622174 1587.42123858062791441625 917.620125597142759943381 186.232418234076249063946 1363.98237081800243686303 377.958985957280731327046 604.520157967514251140528 1233.04913246816340688383 725.798404963251755361853 375.039325211257448700053 1918.88626625840743145091 738.763002714950289373519 694.118790841631948751456 1069.32416102340766883572 750.366067010897040745476 457.673636582666802041786 1814.38876468647913497989
          657.732810355405945301754 638.368408775953071199183 1263.38799375408416381106 244.521988664192434725919 196.158891626861247914348 1681.64632148984628656763 681.818181818181869857654 551.625966135825137826032 1177.83510328722150006797 318.900607121292068768525 875.836734709970642143162 1620.64900096179803767882 263.429434770624084194424 704.005066365671837047557 1571.10527684145154125872 178.524824073294837489811 906.705300698941073278547 1570.52317713491652284574 840.585145759947181431926 872.066147775839226596872 1314.24800971560648576997 731.40467487066257490369 537.068545680515626372653 1291.21085342629726255836 154.437440254312946308346 511.378485055192470554175 1727.27272727272725205694 787.204271127637980498548 551.370544144601353764301 1441.68312246791197139828
          387.666153185435405248427 528.70607029645486818481 1511.9690042675897529989 383.522915402821467978356 472.041698168248103684164 1295.43031248323836734926 444.139924799442610492406 591.235676011530358664459 1374.43957761751312318665 750.000000000000113686838 534.413274652975360368146 1727.27272727272725205694 670.918745761754166778701 540.489415855755623852019 1702.46397812037662333751 807.084140658929300116142 453.291444610459905106836 1363.63636363636373971531 545.454545454545382199285 470.187848911339244750707 1183.23812904675764912099 811.925535289914023451274 932.694090960906351028825 1816.85924004938669895637 360.608038760740669204097 920.380574350755978230154 1312.45393090429502080951 272.727272727272747943061 553.89110821075541934988 1260.4346103270265757601
          574.246990431442100089043 464.928285950595977737976 1299.35998931417475432681 448.373781318574629040086 469.410776456464986949868 1427.3165244476726911671 729.948330961879833012063 406.506726312346813756449 1072.00671659932299917273 610.578947474709821108263 467.646180468674458552414 1597.08266395389341596456 716.140468318712009931915 411.485909786870024618111 1348.91669610054668737575 395.056637988065688205097 529.5933340952270782509 1266.56325551507870841306 596.882181654380701729679 287.910755958362756246061 1888.2803562237709229521 789.189174644676313619129 605.458486065580473223235 1941.4716258876069332473 373.657890229556016947754 530.802155579788063732849 1434.93358242604244878748 331.369388065238638318988 554.674094445740706760262 1229.13196240942670556251
          367.255550927977083119913 220.906199616243384298286 1074.93353098853390292788 850.00762220347780839802 56.4802430919197604453075 1563.38925423373780176917 677.654853459642481539049 465.204317658218712949747 1599.05866813665056724858 530.421816222177426425333 512.204883339087587046379 1820.77665781186328786134 800.436304416507709902362 520.713291268168518399762 1636.36363636363626028469 396.878370392916849596077 668.973376088369263925415 1665.88512096203908185998 363.636363636363626028469 463.417878153929905238329 1226.48845589952861701022 382.020394094785160632455 526.884486102080131786352 1300.89056390678342722822 771.775455250373624949134 889.227008467469886454637 1629.39964794821548821346 629.136456437770902994089 103.44128460088364818148 1257.24936706740095360146
          318.181818181818186985765 501.739435846812625641178 1180.70957204145315699861 633.350889726311265803815 745.383086093714041453495 1589.70391089075474155834 577.006925434058643986646 450.725015468740139112924 1349.85220560341554119077 272.727272727272747943061 531.885864854724900396832 1204.9515772101437960373 89.399206606254153939517 613.915906344148766038415 1899.28420823393071259488 711.020309210944446931535 528.292616058598241579602 1630.79223046307743061334 938.736137608755825567641 179.037081026021894558653 1931.31479282032250921475 657.309236686393660420435 921.829812946071342594223 1071.18790331008267457946 512.060040463355448991933 469.040977425095945818612 1741.98085345394133582886 543.414095565801744669443 538.901223253027183091035 1663.29922180503808704088
          714.226151807854421349475 922.601257063585990181309 1363.32346624426782000228 95.9023989788557287283766 820.562497384792663979169 1802.69203709358475862246 158.856696766524805752852 931.400061771499622409465 1923.6345912404667615192 180.641500033023419291567 501.11018400911734715919 1318.18181818181869857654 688.258603467017110233428 469.403527561059263462084 1292.20545871671401982894 123.799421901154119041166 843.747046025970348637202 1917.11950342560385252 702.399996054195526085095 727.27594971306825755164 1922.3125699036772857653 743.935181114335932761605 538.095123415767261576548 1590.90909090909076439857 820.839924462667113402858 423.741696598328758227581 1087.80551243655963844503 83.3385495380152860889211 694.452007389111486190814 1585.56766203305028284376
          500 542.575112510318376735086 1187.59367923718878046202 394.854247442838754977856 404.327401430485622313427 1538.04376001864511636086 429.979471331652973731252 708.789345718678987395833 1918.80757711462842962646 740.116230098092955813627 418.205488822188101494248 1232.15198419809462393459 620.302368924001029881765 98.234416685549376779818 1528.77087843510298625915 727.087937233988327534462 467.400977201054786291934 1524.45353412801887316164 574.094107740033564368787 243.110030594603983900015 1189.36512739685099404596 638.814808552348495140905 351.07580093827436940046 1940.67766478524481499335 512.69516614020744782465 465.217101216824005405215 1664.66969303604264496244 196.164919503706755676831 522.939052472488242528925 1681.81818181818198354449
          324.494949494949764812191 464.90808527954095552559 1729.7979797979796785512 345.572950745213120171684 538.25554095001484711247 1317.90844971786282258108 640.597366763815898593748 529.891819226866005010379 1416.4418550498339754995 636.395238802782387210755 550.118277781781785051862 1654.37547229342476384772 528.746438704366823913006 531.817390179504172920133 1444.52976512052782709361 284.09090909090923560143 469.585501926375911807554 1712.12121212121201097034 286.887959023280018300284 91.8315697037799623103638 1288.93934200956095992296 623.356058418580232682871 530.907308331144918156497 1701.5112552346558913996 414.405821445888420839765 527.99261087826755556307 1453.12186827245841413969 198.205004406286604989873 452.420751731155917241267 1500.00000000000022737368
          68.5221502535930540034315 415.838242062936728871136 1312.08640133438143493549 681.818181818181869857654 493.78097355886046671003 1194.58101769247514312156 726.553550920280258651474 153.31903294970032902711 1934.95920719196737991297 590.287898414017718096147 527.208722951137019663292 1709.85592123860101310129 70.0671328055490221231594 70.0671328055489652797405 1818.19906772223521329579 48.6111111111110290039505 48.6111111111110290039505 1861.11111111111108584737 922.931095537113606042112 782.108425768564075042377 1357.92244610775742330588 569.389132557422726677032 658.653887781718140104203 1197.96769239347167967935 837.712959811753762551234 594.446946218132552530733 1506.25363731713491688424 417.115565427559488398401 469.98824311972470013643 1633.45975278714627165755
          578.552788820942168968031 472.557369360387269807688 1266.73922921257280904683 935.918173678713174012955 581.003317346301741963543 1560.25229543373438900744 532.055249652149655048561 426.022087759827229547227 1741.08009060462950401416 835.033986037965632931446 304.660959176622839095216 1766.70600157295598364726 92.189968007643585679034 118.554923747602060757345 1885.68841333596583353938 326.727730169420510719647 270.016429527388936548959 1514.9370476869914909912 403.713421105617669581989 842.636506633738690652535 1438.96636192037908585917 414.286719811971408944373 526.281623918486047841725 1357.71693876055655891832 455.589471262809695417673 531.174173227033634248073 1302.52553770114627695875 410.452450697070844398695 535.940595557305755392008 1716.56607093250227080716
          416.782912940761207210016 165.274986166147016319883 1505.4277339388554537436 748.214392202718272528728 520.864306635032789927209 1179.85508508406678629399 397.865857767640534348175 711.802068045238229387905 1771.360547357293398818 779.211305040574984559498 255.559122347029784805272 1108.93693954760806263948 637.340910906287604120735 455.047804189992575629731 1213.40615490329764725175 99.3664021429938202345511 314.527554513292670890223 1241.16580825946925870085 221.70308427150411034745 441.16071265907078213786 1178.29941516437293103081 114.939526888388229508564 628.889847469966980497702 1726.01065735154224967118 752.235191493435650045285 562.887141671206336468458 1366.68180693196791253285 460.602922520290178454161 414.97776124315726065106 1762.53968003712907375302
          418.919258917728598135 313.895822533585374003451 1198.31958506072624004446 427.161130245204276434379 536.824777689596885466017 1647.66761925379023523419 565.206968299915388342924 525.530201924656125811453 1730.28630056377596702077 590.909090909090878085408 495.716588476056585932383 1200.27024389290181716206 736.412023444038368324982 529.340424339952051013825 1418.00470882079321199853 242.1235644709017265086 579.997419385791772583616 1453.47386347750489221653 506.229675598616722709266 575.855031062970738275908 1704.38285412723212175479 57.6485368675664631155087 791.2540507770070234983 1062.51225428221323454636 544.890505392180330090923 382.20101776203341614746 1700.87370881779384035326 877.883417665794695494696 818.269287043547592475079 1930.48719292175928785582
          482.384386970898276558728 453.97366373853878940281 1272.01717334098543688015 539.475281571021014315193 418.285112220698692908627 1651.32653514104072201008 522.033392727056252624607 462.165308737214616030542 1568.41193109663777249807 401.07905760421340346511 406.672993707170064681122 1677.44480297604332008632 295.805360525217793110642 539.119968095615149650257 1376.36769034828898838896 680.96182584563007367251 459.375605177333682149765 1755.27263723725195632142 545.604077133412715738814 471.863392339640711270476 1756.48123509688093690784 347.574890679278212246572 590.83002993418961068528 1358.39214366714304560446 266.990170285812382644508 535.708668267907569315867 1647.345090597369335228 808.263094546032561993343 540.541764913443330442533 1573.05032924349234235706
          326.222215661198561065248 532.855674863551257658401 1265.69804617136742308503 86.2907544403259976206755 712.029224638359892196604 1687.76303724164449704404 768.41222695168289646972 461.211965330362488657556 1770.5049355643809576577 631.033414564068380059325 533.129170499630959056958 1349.17261742803748347796 490.370694721815539196541 381.833609558159082553175 1923.50519238315155234886 805.164678274418974979199 492.59430607098630616747 1318.18181818181824382918 246.255776003094865700405 471.398853549786394978582 1370.01314628386944605154 914.490593781501047487836 583.951771405544150184141 1355.80524518114452803275 679.347431195777744505904 535.396828963134566947701 1528.6706383760720200371 447.943412663539163531823 591.570278526265497021086 1745.6037892220708727109
          595.193327751786910084775 924.071102740513651951915 1701.51588396373381328885 860.850056417593123114784 282.118950828678180187126 1342.25657165177995011618 798.267306346230725466739 632.608985653571949114848 1414.19327808365096643684 352.454897880586713654338 470.017427220575711999118 1568.24642950221573300951 475.058048205918964868033 76.5216636728445678272692 1288.94409536901594037772 631.050024046919816100853 407.886989367527576177963 1726.71529720588250711444 736.412023444038368324982 472.516725036995865139033 1418.00470882079321199853 269.008643013182449976739 933.312595741179052311054 1756.86204178569141731714 919.65469311949641451065 507.724660257722803180513 1291.52603701040379746701 486.722593232530584828055 465.034884264055051517062 1314.25675395485927765549
          452.968778483963660619338 455.993426984569964588445 1655.64179816304340420174 347.357395332305941337836 460.903369642899860991747 1078.02478871354833245277 602.845185952441170229577 597.192821514925753945136 1620.72909612054809258552 454.545454545454560957296 552.311471790989457986143 1249.56010412934938358376 82.9790676261400221846998 307.606782941778419626644 1514.48803780986395395303 563.712063858492683721124 574.494487771959029487334 1706.79474190790961074526 925.438841724032158708724 823.470843927624173375079 1475.16042228952028381173 362.191583238343469020037 451.690894550895563952508 1769.37583951072588206443 440.959084409228694312333 583.330155155453212501016 1304.49743787295028596418 537.01773558015111120767 73.7100911186705616273684 1926.28990888132875625161
          846.10781670165079049184 487.593984539246093845577 1227.70287151633465327905 230.998434004145281051024 431.597315516882190422621 1921.31082192855160428735 833.552221202569739944011 510.201159920627105748281 1056.50283104987465776503 795.533474959291879713419 492.594604431352934170718 1727.27272727272725205694 549.267287050456161523471 577.335801781073314487003 1457.75893488082101612235 454.36821868706965688034 475.202315517704391822917 1465.49100293550759488426 374.227700968295778238826 589.066149126644631905947 1431.89849039012801767967 293.279645261431483049819 667.880385040383544037468 1924.5512151026887295302 188.81516269630901661003 298.049719201018717740226 1081.9449980148347094655 913.43334815386288028094 77.1221371611190988915041 1711.63226865186629765958
          921.150281760513280460145 674.611673202705333096674 1358.56970431826493950211 371.245743856045521624765 336.041244264405349895242 1911.82767460334571296698 260.980375703461504599545 471.783606992405850633077 1590.35045424898044075235 70.0171391824426905259315 174.157658804365894411603 1584.16783884357187162095 386.370044722455247665494 469.550799091756232428452 1516.00729508568724668294 935.899859964084612329316 411.758187541444783619227 1653.65951092435579994344 290.99030994343218026188 356.174816536462856220169 1511.30745394181985830073 761.65093701593650621362 526.122081566252745687962 1272.72727272727274794306 627.422951742516147533024 507.988128008219291587011 1126.62989163658630786813 216.978159752642739022122 541.763593370326816511806 1487.27170429540296936466
          632.331606203707224267418 468.215431409559585063107 1482.02419809182470089581 154.590611211380348777311 239.425395572188790538348 1700.15155683865327773674 528.746438704366823913006 469.439505843373581228661 1444.52976512052782709361 927.806393142806882678997 886.320126725823683955241 1796.75555092059016715211 834.04963896165509140701 337.871781906336650536105 1060.45985478014358704968 422.841405008538799847884 344.076084635730921945651 1425.28895920215563819511 378.744237141271469226922 605.30430002238574616058 1705.37426787400545435958 453.969272840353482934006 535.347888411359235760756 1465.31339522552366361197 698.853133375702441298927 599.361287258159336488461 1305.53727252747967213509 929.31324591527277334535 563.475035628072646431974 1724.7147232589509258105
          828.630853359219372578082 562.301565011550906092452 1179.77382623062021593796 777.816237782802772926516 532.9132229058029679436 1318.18181818181824382918 490.905357185997843316727 347.669468385515187947021 1459.56431180496042543382 682.854715592706611460017 544.590638218601043263334 1397.48243689754553997773 760.847237309206548161455 357.888387790610067895614 1531.94134988818268539035 242.817285710862961423118 366.099035851991459367127 1586.2199755247322627838 535.722183999125377340533 668.425369630952786792477 1740.28533496800582724973 114.115235156058076881891 58.6934219368671392658143 1866.72029600480573208188 590.909090909090991772246 524.895457590694491045724 1752.19849100626561266836 920.19719573395002498728 461.716163420443592713127 1125.50987201245015967288
          567.048983372652628531796 358.455229884327252420917 1250.87682772222024141229 636.363636363636373971531 550.982119517914497919264 1227.9428516314674197929 722.518548172797636652831 725.09814968183638939081 1304.30562174421334020735 775.756147673823420518602 646.587280078716275966144 1220.64734112442238256335 579.043576709251510692411 474.222342380396469252446 1599.83995859202673273103 559.809404369796993705677 526.60650551573860411736 1485.00806574966600237531 803.460680948531489775633 554.578158417437748539669 1797.0853032782249556476 67.9673894034364707295026 876.39747617774946775171 1156.17631005762177665019 756.628787878787761655985 525.525849877661357822944 1636.36363636363626028469 409.09090909090923560143 488.964449213384568793117 1835.82790672690953215351
          384.720708052710563151777 815.75655168849618803506 1083.19807845207606078475 440.715121457305372132396 468.110120907003079082642 1375.31238454105641721981 285.160235577165735776362 748.764170400859711662633 1854.36814996903672181361 525.367632016993297838781 251.589154121767080596328 1307.1900080926459395414 209.828844545990421011084 597.776407307508065969159 1522.80690426888736510591 724.278458426396355207544 467.837968521794948628667 1594.72121224116017401684 636.545902748739194976224 579.061989337648128639557 1435.86503094891713772085 611.464217237504158219963 528.175474879943408268446 1393.4236040282848989591 800.137598138936027680757 515.64634636983123527898 1235.67593499322765637771 260.710442829453768354142 609.5791722264362988426 1736.00112447521860303823
          302.994450480685259208258 626.533894767371066336636 1248.36299156225277329213 203.861891133677829657245 488.959755282897219785809 1382.62206115460912769777 561.191978819015048429719 398.858611401158327680605 1521.10247917321544264269 713.269179287757197016617 339.468807539836120668042 1324.88544573906051482481 760.079778900648079797975 338.140928297266555091483 1724.22112136859732345329 541.768421833271304421942 162.038977708567017543828 1072.47673014479391895293 476.900829234006323531503 531.112768499795606658154 1271.37024470659980579512 747.432985246207522322948 463.569967591569707110466 1643.26048833807135451934 207.716241532049821216788 549.786373578108509718732 1749.59188124975230493874 690.662694751532399095595 282.415471397457906732598 1219.93897268909381637059
          740.582795605692354001803 527.470946788937339988479 1922.75072826255336622125 177.024080669273701005295 509.436056261867975081259 1590.90909090909099177225 933.870498911458298607613 151.548829259873002683889 1463.79017998901758801367 901.616376891853292363521 464.801849462703728477209 1821.82697071401275934477 314.479728603115574969706 764.982570456329312946764 1078.73457264605394811952 454.545454545454617800715 541.954260653129608726886 1747.18996255069305334473 267.059996386449370220362 465.589029927077035608818 1647.44858227873692158028 708.134708193050300906179 164.391501484708385305566 1074.09885418250223665382 652.239703525664708649856 640.87941531164960906608 1745.0413824372792532813 653.647128489380065730074 532.572050795593554539664 1318.889101662742859844
          350.551111823552446367103 780.402623995140857005026 1179.37986071798786724685 820.397158096015573391924 349.693444429323108124663 1158.08690152516510352143 568.360861201602574510616 472.061333525368866048666 1732.97513303679170348914 723.252713781931333869579 86.1877599391239641590801 1616.60612421237965463661 271.370616853017963876482 382.80727888910445244619 1791.37353488181361171883 762.698702511663213954307 404.511923183743874687934 1640.32090101093399425736 518.064838083042786820442 928.918048677967817639001 1930.97188894386113133805 460.016475849017865584756 403.802965111271021214634 1213.15791896292876117514 634.740730862548161894665 606.523300473746076022508 1181.50957833990923973033 500 458.188576564823620174138 1217.02817390864856861299
          602.200832777624668779026 471.204904682792289349891 1736.02648812401048417087 584.845541014285458913946 469.331109981350891757756 1538.13171015238890504406 603.460267269310065785248 445.874426565565102009714 1153.17902568243198402342 941.473257669599661312532 940.815639539552080350404 1878.05337892151624146209 737.857693487621077110816 67.755838238597050349199 1708.32974792343179615273 56.9275560725302511855261 463.404115967734696823754 1793.56235809674922165868 340.428509254363007130451 661.298745013791062774544 1431.18404457409792485123 80.9874731708110857653082 622.216743389055750412808 1644.34486081216164166108 802.311917749223880491627 497.85429287090363459356 1454.54545454545450411388 530.972099752974031616759 460.879508095483117813274 1610.92223868729229252494
          948.403391945205726187851 877.098156444701089640148 1943.97297397689112585795 755.725689891545130194572 531.883707051051715097856 1449.98005651952144035022 784.64302459047939919401 389.810132282543065684877 1430.75174323060559800069 611.850901744294105810695 459.071472988567791162495 1324.44277976081366432481 361.297647273556151503726 473.459592808696015708847 1537.00163890131238986214 806.89042630200128769502 176.410700825021251603175 1923.3132128732179353392 511.100890396854197206267 333.802234028726843462209 1552.59120768888260499807 789.785679443836897917208 488.027325923416981368064 1272.72727272727274794306 296.778969554491823146236 529.313104141608846475719 1566.12260260563448355242 932.75039348480436274258 177.151416244341987749067 1726.78301360447858314728
          203.713097371748688146909 473.265933720967666431534 1272.72727272727297531674 755.518622689600874764437 460.705028337071780697443 1276.47474823939387533756 479.047853584812457938824 528.957388268133740893973 1419.0842052741816132766 774.699683085789956749068 594.752281347449297754792 1584.53323106682273646584 790.231828428849212286877 87.8382306028158836852526 1401.30703996529928190284 212.446346492453869814199 423.511628468299704763922 1739.785564282252380508 870.403572614407835317252 74.208215108278523075569 1791.10078084444648993667 235.122613915373904092121 535.983335251363314455375 1409.09090909090946297511 780.709190950569450251351 542.933023444460559403524 1674.90544636186587013071 262.000611011211731238291 533.730817123146380254184 1579.95618247301104020153
          480.681253305626398741879 527.731859571406630493584 1729.96843514475176561973 220.671260386004462361598 567.103204520803842569876 1360.42059240014259557938 487.205588213927683227666 909.272774112962906656321 1224.52584650314838654594 327.895038301774889077933 413.785432456635760445351 1261.01904768082727059664 763.654924733616553567117 453.631378257259655129019 1383.57937085527078124869 388.390642758099374987069 717.133781061851209415181 1368.18834908168582842336 447.247970110845358249207 527.793911145020956610097 1430.91122928411323300679 702.551699511168408207595 594.241540445889881993935 1578.57103850893554408685 370.813439605988946823345 471.272025391717022557714 1406.14545827148867829237 928.142189182103265920887 253.5606926955137225832 1068.95882743591846519848
          819.727549112009796772327 413.838952363127532407816 1263.76504624949302524328 172.086729895270650558814 365.912026084473438913847 1407.51379840107688323769 643.360012677920849455404 550.134056366488266576198 1745.37737616686854380532 259.761128001401971232553 419.136960491154582086892 1606.27675389032560815394 417.918449227169617188338 535.31437694184774045425 1610.37107813992270166636 468.37430377205191689427 541.402026949893524943036 1076.08756520927727251546 243.253743155957351973484 417.434745113057942944579 1381.64995445948670749203 292.332706654211335717264 470.180726364978113451798 1602.2335216442500041012 82.0504658300953337857209 350.896748201197624439374 1157.84397684935038341791 446.232532089367225580645 924.796234378103690687567 1597.61357449722186174768
          590.548868659800518798875 523.561015169083134424 1457.35812619525108857488 545.454545454545495886123 540.461737252896682548453 1219.46262994775111110357 590.803907505515667253349 822.070278224823368873331 1745.55336587678880277963 217.38359617915540411559 531.871180132691961262026 1636.36363636363648765837 931.367276718616267316975 383.957533751064374882844 1415.57752319419887498952 665.940697738140329420276 467.106494118700140916189 1667.62893229393102956237 427.020016430082591796236 549.265243970954202268331 1181.42849542300905341108 181.891095518608153724927 512.916547074153641005978 1200.70327497977609709778 938.912257631249758560443 395.05575353988160713925 1824.05043429367719909351 363.636363636363796558726 541.440616037987638264894 1738.53529181371527556621
          277.280682864527079800609 71.791643127247027678095 1684.51438448803401115583 551.542806855095932405675 708.869094935517864541907 1340.28523999081039619341 921.082998311874462160631 107.535725047581763647031 1294.53244737528416408168 843.523944644273569792858 464.865754929518857352377 1282.43105527353191064321 328.177738003805359312537 529.8176319545287924484 1350.59304252284664471517 783.490855699212033869117 459.22497722477146453457 1219.23276073610145431303 672.367475116058813000564 530.548854134810312643822 1635.70138082563539683179 526.771930178120328491786 547.685941874983086563589 1265.66192650293146471085 409.09090909090923560143 542.626194662007719671237 1796.09509542105547552637 244.320171706454488003146 358.897292212961929180892 1430.13548457621163834119
          360.195594708593318955536 429.919516281340804653155 1517.95960295739769208012 530.014799107003454992082 608.969457269330405324581 1229.94836310051573491364 410.478283375364014773368 414.802363937167910989956 1740.63227680792533647036 482.734085547738573040988 530.982573741043665904726 1616.58423242102867334324 373.342286366348503179324 468.576844204910742064385 1705.81598498450239276281 152.428620104906428878166 209.583092548405829802505 1872.20430342274676149827 212.842684977753776820464 85.858948887147505502071 1481.52269381108590096119 855.361342746520222135587 744.775494054896967099921 1087.34378321734629935236 599.551904167100474296603 557.915675025941141029762 1433.7138262602979921212 462.12866067942064773888 569.906127935120025540527 1799.43496909983718978765
          541.033174598017239986802 402.857758188061893633858 1202.97912643221934558824 399.865437824272760281019 496.385481878669565958262 1191.37267160888541184249 363.636363636363796558726 498.314541277241346506344 1802.43399346274100025767 554.97948742137282351905 231.601018734086380845838 1513.95900465431805059779 384.196487666137613814499 400.905408162359549351095 1388.26453101794095346122 751.163298750910826129257 400.579175691983721208089 1784.31802824690612396807 460.768340334839137995004 254.057255847542023730057 1484.08250622952891717432 731.268248371067443258653 728.616540216915723249258 1562.09226787593138396915 317.303899295255632750923 347.684427064985356992111 1439.07175383475555463519 564.046940810109049380117 287.186558615742455913278 1433.11761348311074470985
          913.796023193908922621631 397.016027854522803863802 1314.97230396724285128585 817.230269003418356987822 516.869973903660593350651 1389.50529921088536866591 685.095830300320358219324 560.804356967708145020879 1226.60105109156870639708 586.947677754080018530658 623.72660783862136213429 1426.64670446663330949377 299.088927870996940328041 529.569584103706915811927 1736.99105895992579462472 476.061646014964821915783 530.033225575749838753836 1490.0210848788640305429 296.281695369740646128776 569.414499830454815310077 1584.38744251308980892645 374.638231601185395902576 440.447207470216767433158 1554.2036481663124050101 648.416433037412730300275 527.60870728730253631511 1723.32009811579655433889 607.234156142245524279133 667.098368385024059534771 1100.9558187877898944862
          677.852141100498783998773 261.961432962756362030632 1685.99592044738642471202 654.157020122491644542606 275.081863515155532695644 1359.64407327591720786586 332.584951917834700907406 464.576317710774446823052 1448.54150871421802548866 170.839556013190872363339 120.467876826476924634335 1853.94819830161236495769 534.682759555907750836923 282.224125209694364002644 1723.24600429842257653945 649.484230836154438293306 463.036553982903569703922 1397.38885096086119119718 553.000539516209641988098 407.898619000970768411207 1414.73067025984846623032 663.579188421789126550721 418.808853702818396413932 1666.10472543260289057798 329.88303621173992041804 765.952647763011896131502 1452.27403815953653065662 693.062601149125498523063 85.1538766261110708910564 1193.97831311580080182466
          330.042470508588451139076 824.558855021291265074979 1358.47134476609335251851 480.719006357412467878021 688.172181959749195812037 1270.34941846677247667685 197.761220714668240816536 279.40732979304698346823 1479.29888132888777363405 853.582219682887853196007 605.10060827676852568402 1583.48898528274526142923 687.514807013375275346334 531.52460597138974662812 1356.53549024512653886632 469.162176893111563913408 789.082982564419353366247 1075.30415266531690576812 565.306378211286300938809 378.00198592288597865263 1757.99997748177997891617 767.339848614083166467026 615.961616928250123237376 1707.10476455112438998185 675.045440035600449846243 194.494273070824988280947 1582.88644764303626288893 318.181818181818357516022 532.975228204669406295579 1790.68452529538944872911
          927.682518639594263731851 829.797547165373202915362 1272.24205309745138947619 409.09090909090923560143 465.380814685091479532275 1758.87156979979113202717 398.833822489014607981517 440.396287483565629372606 1143.09919160569234009017 470.280990837296258177957 562.451758961220093624434 1365.62163862090551447181 685.442425409240968292579 538.71065447863907138526 1743.58029845364922039153 373.891296198247232496215 437.509465665764025743556 1317.03597956700673421437 181.40338397330378938932 648.085332901809579198016 1382.65120460501771049167 679.007103516735355697165 592.583185754630335395632 1780.36506420805221750925 497.954710390441448453203 59.0589962973700721704517 1683.3714231848437066219 909.938339992907685882528 444.825556752132570181857 1245.09958834605686206487
          391.350522738089580343512 529.358718079608365769673 1656.58069932280000102764 317.046687652808884649858 533.254554808199259241519 1486.6490281841981868638 327.680163373063976450794 313.310759441786842671718 1733.44082297867066699837 734.487408765733221116534 75.0509356063457175878284 1459.95226311511555650213 752.292293714219113098807 545.923843913286418683128 1225.40331518120319742593 400.47084772694483945088 631.84845690650797678245 1807.46717289068396894436 930.838753906485180777963 71.9300955039713016958558 1494.27200345900496358809 772.382908754198069800623 672.069663202482615815825 1597.71857315187662607059 219.142388239746821909648 391.241867472250419268676 1318.04825470161836165062 519.964691958414960026857 533.544860474084430279618 1728.89946162942396767903
          738.636363636363512341632 535.118561573688566568308 1681.81818181818152879714 574.311661623362056161568 304.17672078355775511227 1790.67336286294357705628 927.772968363285485793313 246.356242927844675705273 1819.27393398873800833826 393.70369140704025312516 414.101523250080958860053 1275.96686215545696541085 588.590027683610287567717 614.708125732657777007262 1488.14838766415527970821 454.545454545454560957296 469.795330342443890003779 1249.56010412934938358376 232.025760294547751527716 635.773509325206077846815 1323.62157598463340946182 628.280687830782085256942 675.444669348521983920364 1635.0830030505139802699 731.551639256396811106242 530.004124989365095643734 1254.33350240119807494921 407.993211694998137772927 573.005586559272387603414 1583.62141214497819419194
          550.036683922563156556862 700.733782768920377748145 1425.29061467710494071071 751.685706537916303204838 596.520966367409414488066 1167.77006916681921211421 416.290186663661984312057 465.060788726785290236876 1222.48462977589679212542 755.745069860528474237071 624.84572614246633293078 1797.23952446040311770048 221.538625104151947198261 764.790011926988654522575 1392.39213539056186164089 558.290500312788253722829 253.696599226228983070541 1085.10531912631131490343 610.487639267560211919772 683.067066214421856784611 1466.15365071626706594543 375.553194613639675480954 430.378163453316460618225 1421.94153903368669489282 630.600940428855665231822 741.728779824305320289568 1392.79596638608268222015 185.917254399085607019515 488.824530167866157626122 1798.73661989793595239462
          168.403446495610126021347 446.004078710255043915822 1427.96686747988155730127 471.702199092984642447846 465.121483012394037359627 1692.16724000522140158864 782.850842642375482682837 396.443155017915842108778 1369.09489137542345815746 537.895484808483843153226 622.429117666660886243335 1662.54274078392404589977 255.888793131370334776875 537.855391935335205744195 1375.00193739868655029568 678.634441268608611608215 472.755622590818177286565 1727.55619796199493976019 929.250843824822482019954 327.984038414991687204747 1355.99728567669171752641 327.774343688044211830857 469.781887481386831950658 1544.17219062426397613308 188.027463323558492902521 925.298987480455707554938 1656.5583454768395768042 382.27260501317095986451 531.639828156562202821078 1692.61642720728787026019
          235.321252574504399035504 676.866707965353043618961 1664.6076422858786827419 414.09904046064633575952 365.074389100296002652613 1238.28395880699667941371 647.471685263502422458259 472.344624242197824059986 1351.30799389050434911042 651.632352818321805898449 390.897498785301422685734 1362.02430782457281566167 706.008243532840765510628 469.602633143401533288852 1325.337295370722813459 79.1597002763187447271775 792.852611876522587408544 1642.06070134915694325173 751.706243955450645444216 178.691364154062227953546 1445.44976229498547581898 431.433668715107558000454 286.547318032435669010738 1287.89424336236834278679 334.866294486020080967137 335.640787953504968754714 1227.90140058697147651401 225.287254160253553436633 414.153770716752603675559 1437.67509706140526759555
          385.476181747839973468217 380.247965551161200892238 1437.51587381149693101179 727.272727272727252056939 469.012481736662039111252 1251.71864656961429318471 508.337275014612885115639 560.321592089308069262188 1496.95268654470874025719 409.29809068806463301371 417.772671456433840830869 1811.60636704141666086798 211.83521035479867578033 474.562164965858244158881 1595.13662193985078374681 346.827847886523159104399 530.299743877307491857209 1697.35996075133857630135 920.783138979240447952179 317.82251833681709740631 1267.5784895127112577029 562.691784858995106333168 454.091874714850973759894 1399.99777011712694729795 807.646609680353549265419 321.182918834967495058663 1391.48894359227460881812 778.603107822314882469072 471.969691548017351578892 1418.52091349313127466303
          731.347372771260666013404 72.5706986211339426517952 1927.4293013788660573482 329.384438268449400766258 531.585642290479313487594 1665.90160892417361537809 307.449624387485982879298 441.609468827361183684843 1208.41748460213398175256 904.955762641384239941544 265.550763349192607165605 1431.66800488430521909322 753.175599423730091075413 573.659041097224530858512 1417.37623758608674506831 409.090909090909121914592 529.4588325718494843386 1222.43804359658565772406 289.883318609280081545876 731.463147109822784841526 1309.13182222333057325159 371.292878148133809190767 542.983536604117148272053 1234.66959243870155660261 387.227772367045645296457 573.156065025152201997116 1263.07501702084164207918 327.421968887321213514952 659.129494424949257336266 1086.17822929229532746831
          665.069571730882785232097 538.3052107278248286093 1799.01431742351928733115 411.635051429602810912911 467.563101341289893753128 1476.10054909215978113934 551.907820189415360800922 582.84560808658989117248 1306.40294280183752562152 716.606514508109171401884 91.882464408486555385025 1335.71356877070866175927 496.713818386059699605539 570.537689037912969070021 1600.23167084653300662467 570.981523628800459846389 618.537457847750260953035 1360.88682242604500061134 489.398464757037629624392 577.765164881637360849709 1271.24030370722994121024 784.717201745429292714107 714.06865400357332873682 1745.92123839240548477392 374.914429218010866406985 316.563542225052117373707 1476.92990353550817417272 360.45091085901799488056 599.593928814901573787211 1767.5610430284543781454
          222.831873874350208097894 384.688848420949852879858 1656.30634018093519443937 543.958142557990299792436 321.735299947440353207639 1177.78294132731934951153 75.7558221116555614571553 830.604532478787632499007 1294.96706069193601251754 412.255741491614912774821 309.378373376225454194355 1805.61655641763559287938 307.831060163610402469203 586.267839478078371939773 1326.09713485380916608847 243.348451696001518484991 457.579980495299537324172 1731.58360022740043859812 468.767608930602023065148 612.172290016597116846242 1650.40016063713392213685 383.323548333152416489611 530.671463553180274175247 1334.79435686840042762924 349.535534762916142881295 77.8840534469395038286166 1731.95004771046842506621 495.11071413785117556472 536.969341553127264887735 1535.42095407510873883439
          833.819734135793623863719 936.142386384236374397005 1489.20033890587774294545 595.359039366232536849566 632.714864443127453341731 1290.15528279117165766365 477.374742158027061122993 524.241718158662251880742 1382.00229868797168819583 321.126282287069955145853 69.2284333627404748767731 1804.10556059016084873292 570.6850916982477883721 464.286782528228059163666 1223.97743915723481222813 773.49669445033782722021 452.60652657192650849538 1690.11368403893357026391 298.787089981581630127039 607.330343003725943162863 1847.88767514942378511478 709.31528976516017337417 719.307554994180804897042 1459.33955588854382767749 945.534549486068272017292 641.838274261966262201895 1949.01642288159359850397 689.156985146071178860439 529.059368562090753584926 1298.33992900263274350436
          594.586638086140169434657 469.467685234868213228765 1482.19535770101310845348 494.089973687631584198243 596.718009852670775217121 1542.74455977548063856375 814.01335819713040109491 505.722964365343784720608 1517.46826306352068058914 778.720224323598358751042 523.669050604514268343337 1409.09090909090923560143 535.457245866704397485591 667.365570535404799557 1842.2482476624829814682 364.194350150880950423016 334.855348757600381759403 1390.05539518427167422487 867.81543925997061705857 627.3590346835605942033 1917.95269737170588086883 231.056086656137949830736 77.3051936608679284290702 1569.81946835166490927804 304.484783280256522175478 473.879277182581859051425 1633.03712638479851193551 874.570126902112178868265 485.635863754772458378284 1348.84069282428117730888
          802.477342509033405804075 571.097320808562926686136 1390.5056152884583298146 421.926552856907221666916 642.516030625766461525927 1452.68255973094346700236 927.022486964520908259146 808.706556679918890040426 1622.34894432910778050427 274.729845558697547858173 215.30694512448303612473 1287.76524785013657492527 367.937832535941652167821 82.2778242885204349477135 1327.77302554063135175966 577.813556067662375426153 319.763903821637825330981 1673.77992505762290420535 932.859081949977053227485 528.677292557662894978421 1201.84391670281434016943 872.866835287937192333629 597.350000290944876724097 1426.92768185256386459514 885.594523577478298648202 154.784538485912264604849 1637.62012511650664237095 351.608220860314133915381 526.942318654933956167952 1565.20506502723515040998
          269.575170049169173580594 271.817694476780275181227 1424.14743392712330205541 67.9830780735710504814051 253.89491902949274049206 1304.98802864484423480462 537.133610489796637921245 317.334340510023594106315 1935.45885207801029537222 729.767561063331640980323 465.35977503733136018127 1473.68705887420014732925 268.321314568738102934731 925.940497597245439465041 1667.64739548445140826516 680.2727284458135272871 567.976169003938366586226 1283.65475217230982707406 460.696215433407360251294 461.593499595861032958055 1773.1441042115138770896 720.660766448679396489752 613.841941338162882857432 1221.11246790384893756709 651.252010939854358184675 474.522528145452497483348 1576.16072853570176448557 712.776521391672076788382 443.642082219168798928877 1727.82029637692335199972
          714.751076750419656491431 573.635696278819978033425 1621.06757582548584650795 625.711926953041825072432 716.23121360735751750326 1291.8707581606731764623 332.484195491729735749686 672.530113590248674881877 1731.9853740990024562052 750.77398158343225986755 619.739313222964938177029 1633.27039309999690885888 558.078493291160270928231 454.555486956536697107367 1865.69758053908799411147 342.311512368966020858352 746.167515498519833272439 1927.36685838151106509031 820.782193207578188776097 442.393186933117647186009 1447.1265247792589434539 731.182998618713099858724 530.664829297468827462581 1382.18936126867038183264 489.437674563146686068649 691.746801398862317000749 1672.68489843048200782505 732.951574342851927212905 419.949765361982770173199 1520.82582547087804414332
          334.547085218919278304384 933.796120394479203241644 1417.98950639686881913804 279.646114869425446158857 921.107694018125357615645 1509.06748433162920264294 269.595109767159271996206 769.230081174843689950649 1725.01327899901366436097 455.265544261014724725101 469.332599230550499669334 1294.06637028499994812591 636.363636363636487658368 504.970766475410982820904 1788.02340084822344579152 64.0823351516363572955015 500.533671003733616089448 1722.32221113869354667258 390.907975307799461006653 304.960108209402619650064 1072.24465083623363170773 556.981336260139642035938 536.565074064837631340197 1618.45123681519748970459 564.308663265846007561777 467.449820053567123068206 1672.21862684935854304058 687.232030096819471509662 473.043025014897466462571 1466.22408746403698387439
          507.124819892860728032247 535.289204495678291095828 1354.10134457054118684027 406.451834541212633666873 424.998336190973532211501 1907.07923890577694692183 573.686391748103687859839 62.4579052813027146839886 1608.97030687661913361808 541.529934693423001590418 467.83184022629905030044 1347.93118911661076708697 736.42605913260535999143 344.11469205990499631298 1396.02610612607008988562 633.004913883214157976909 931.098137272325971025566 1807.68760965278875119111 507.92814961455400180057 595.181798064205963783024 1375.00010014774102273805 206.437641903160567835585 463.404115967719064883568 1060.73862106593151111156 788.061328553835892307688 414.574474119149954276509 1493.64935951817415116238 685.390956553248770433129 360.198856614519513641426 1520.39219744152774183021
          782.975895698290742075187 588.814364843758880851965 1526.11864334812298693578 231.745670607317492795119 295.260871754305981085054 1224.22262923666539791157 613.254140235717841278529 529.990664346692824437923 1273.21075412192885778495 627.435510352444680393091 439.845249976451100337727 1694.86162032498009466508 208.999621403385958728904 542.159485832344557820761 1549.5111592078028479591 581.762969639727998583112 62.1011467397445926508226 1717.70802483066495369712 461.165285954194473561074 426.096544209052694895945 1310.72921531628685443138 161.268959027652556414978 454.404179786645443073212 1555.9514376364900272165 399.263389264742102113814 231.726607426848431714461 1923.96357910680694658367 395.156774339864398370992 573.506329952720761866658 1673.97843712784469971666
          263.071177197006363712717 528.687327166809950540483 1345.36961345640884246677 455.818480590380090688996 533.240794843021262749971 1554.10313917998723809433 482.514017427923135983292 629.94050843791660554416 1593.16768902680928476912 828.754453844174349796958 813.076530101189064225764 1581.18362419135974050732 290.888796261415336630307 626.866053207568938887562 1594.1483579007312982867 334.018980177233743233955 659.944110421193499860237 1549.02189320141951611731 453.04667854017827721691 368.23362880197163349294 1345.93929977479183435207 219.423836250545832626813 535.052006280842988417135 1318.70887125674425988109 763.665235337750573307858 412.992218148922859199956 1150.27029306251074558531 688.541134542605959723005 428.369819700859750355448 1463.47678854875198339869
          475.811376225303774845088 414.299510345759813390032 1505.16697542286397037969 477.650858966153009532718 686.035482070997431947035 1509.91372957782618868805 386.545284067221359691757 527.796046594012864261458 1405.05148489758607865951 590.909090909090878085408 536.644547305819287430495 1233.26126600552015588619 307.041919631672328705463 380.816835875447736725619 1580.35568193406538739509 773.108688771682636797777 443.044489685634346187726 1330.0405558476998066908 432.596127777204003450606 732.558354979522277972137 1446.11492623852950600849 495.02771708707513198533 535.374105040287986412295 1692.28523022375566142728 831.357378089401890974841 339.703479730841138461983 1484.35803855623703384481 516.945389462243042544287 412.907307502327512338525 1547.89729573997101397254
          797.965206102785373332154 204.320206820241537570837 1825.42970122231099594501 516.268518189037422416732 798.931374041531398688676 1928.83380906062757276231 306.514630250052448445786 271.759547616343525078264 1072.10532957164036815811 702.774837080789211540832 917.453046042782716540387 1578.08515557234750303905 465.9735687553443312936 563.748309834904830495361 1712.21921698082655893813 556.87180716311138439778 372.051727018595897789055 1581.63632422519549436402 689.492057030403429962462 430.962464223624976966676 1313.09667774345803081815 708.195280155865020788042 382.60907253860239052301 1275.10632903438181529054 561.745524571568694227608 529.508118483051362090919 1690.82704176536344675696 70.9578415665727675332164 755.75183661002165536047 1756.86901879185984398646
          362.589136304513317554665 756.486101478361661065719 1566.54575665167430997826 471.154150058766447273229 616.730637333844924796722 1704.01701812679243630555 702.163822980302711584955 530.273324658566707512364 1422.26395453415079828119 434.239726802862264776195 650.449062458748016979371 1332.70678703747330473561 741.567448817720332954195 341.521058131002860136505 1217.76920590821987389063 171.64963921117055178911 716.571438646626688750985 1753.91366024832700531988 783.339584727845476663788 253.62732086386759533525 1206.76596007798116261256 696.139567682529673220415 370.920673576012234207155 1437.28716455882226910035 469.177450017880630639411 499.587750883794853962172 1822.09623633706132750376 650.847851811619079853699 530.970288271303388683009 1380.64401002285944741743
          304.215761655765163595788 657.556557038196046960365 1657.76191225819161445543 727.272727272727252056939 511.93324330099818553208 1215.92985325231529714074 399.641494235815628144337 569.40564243563983382046 1463.72801124617762980051 823.751657886974157918303 408.612570371583672113047 1324.86757182727092185814 706.381763548460980928212 652.780322080454084243684 1683.79321977624817918695 565.463946046223441044276 468.724475123952345256839 1437.71381123409878455277 809.732259866762888123048 410.860518093656480687059 1835.59766526728549251857 216.748997852612433234754 631.270796237873696554743 1597.50849573515529300494 141.10326681434094098222 380.315028480690443757339 1522.20349384046062368725 869.561626818655213355669 492.062187349195539809443 1431.26639548887283126533
          624.796713539691040750768 318.844223776010153414973 1582.77950226908205877407 222.600372734345228309394 609.412319651084658289619 1206.30893532394361500337 596.912406376289482068387 428.784816246583488918986 1544.43233609797084682214 680.848709490501732943812 188.06817458838679613109 1173.39237029458786309988 590.152500043673398977262 335.577949414552676898893 1370.727378982685650044 362.534752743015587839182 395.945234087322660343489 1577.4391859563613706996 725.317319825239337660605 471.238576755320934807969 1285.18746344469309406122 544.423814326371370952984 790.606427224267804376723 1260.22943986121867965267 70.4297872661157384754915 422.825089415645436474733 1188.06449929961627276498 551.289541478991395706544 525.446668240061399046681 1263.02881100520266954845
          410.488630734109506192908 533.541660861368768564716 1756.8255357051334613061 519.63381367604370097979 531.536380348412876628572 1616.53294722126088345249 419.85302664595570831807 655.694242070182212955842 1733.83953373134181674686 625.773563961389527321444 425.514784617000316302438 1428.81053682029937590414 478.117317640813894286111 646.91545667389880236442 1761.04721871229935459269 390.23275209569828803069 300.684332792949817303452 1589.43864208723198316875 343.862588782407101462013 269.734813733382225109381 1159.71336988052348715428 650.50570406598797035258 356.494389950989557291905 1228.94489540027893781371 784.620598691931718349224 648.052478507179557709605 1483.9469590732371671038 796.522520916757798659091 722.329464713949619181221 1431.90914461658621803508
          791.52590362536591328535 498.671038185384134067135 1808.82526249882766933297 189.9101308956678622053 467.706591526324928054237 1705.37924291882109173457 832.225498808601287237252 344.33008150424279847357 1611.20143716046072768222 246.20836612165820156406 530.337547988262031140039 1545.4545454545457232598 646.054361354251682314498 374.362866726883908086165 1626.2671820646398828103 324.258972260245059260342 655.360386303709447020083 1337.04480513521230022889 858.415883718073928321246 511.361812485145264872699 1792.20559997617851877294 588.381425998026770685101 388.245358143591658972582 1462.57796260228042228846 679.377300123818827159994 472.978953490950232207979 1412.03177425470676098485 782.625487756351958523737 577.729858087781394715421 1748.06520876969716482563
          159.189416437744625909545 629.112053452514601303847 1462.33561599021595611703 229.788050338366588221106 300.286059457896271851496 1699.18199463502696744399 401.768243882138335720811 632.838236732725590627524 1584.86798619877913552045 274.470103817413473734632 526.618336072624970256584 1397.69993044387547342922 413.789523573233282149886 622.279851501677171654592 1273.36422499405330199806 641.760415169894827158714 429.176022959349268148799 1341.1082743818392373214 666.132545566220983346284 837.606125698187270245398 1816.91961391954441751295 395.487998485925515979034 109.675070859620291230385 1232.11488813606638359488 684.144429967718338048144 460.059277783220693436306 1230.12987058117278138525 356.37462581580479081822 613.337748670972587206052 1281.74717468961080157897
          432.30218912634529715433 354.034506872111705888528 1759.48277125192703351786 241.620864033804991777288 442.928572465111415112915 1797.28701459848571175826 291.865926123722147167427 590.494948325909945197054 1787.45977359034645814972 804.519244344527464818384 599.128470778071914537577 1659.02951120089210235165 371.480151725651580818521 341.330454824872958852211 1539.31078819584922712238 711.115757964233921484265 428.947411382266068358149 1271.93632177546714956407 309.737857479943272664968 530.956334953118016528606 1410.51641936541909672087 555.407714933254624156689 677.748597391656858235365 1522.91384817810762797308 323.499238540810949871229 572.387671019772028557782 1393.91411165817362416419 481.106421963353341197944 441.725565160138444298354 1873.70073440909959572309
          735.559578518669923141715 462.284181252622829561005 1183.22745277215631176659 401.312070154364676000114 578.262063339794394778437 1739.29730921760983619606 416.044856612752710134373 361.524521549272435549938 1596.75937772617839982559 731.455787353624600655166 799.177632049143312542583 1386.02098221145001843979 119.506661569673099165811 462.082751545348628496868 1685.7678654778628697386 650.426047480809529588441 363.73870117750345798413 1684.76441545463148941053 858.024914301505305047613 572.676933676568069131463 1748.03649936421402344422 174.513293243371549579024 733.655851348671717460093 1484.43502098461590321676 604.567129086612794708344 407.444614151024097736808 1306.88996955524430632067 292.771790547706018514873 611.720602493496016904828 1430.74524246366559054877
          471.903651074452398006542 298.258485291018473617441 1623.61341504843539951253 685.466933125741206822568 319.245119800976567603357 1738.91766298835796078492 598.937481577134690269304 402.523553248687960604002 1360.35755679299700204865 442.890164120612553233514 209.453451760858513353014 1693.39488880706585405278 687.492978129966331835021 224.29245118101522393772 1783.39376250541408808203
        </DataArray>
      </Points>
      <Cells>
        <DataArray type="Int32" Name="connectivity" format="ascii">
          1884 1737 1957 2348 385 356 1589 1710 138 1094 1626 1925 1468 1367 1646 2448 1372 1429 2225 2581 1408 2350 2511 2597 36 929 62 556 1099 1104 1101 2438 1297 1293 1295 1995 1862 1448 2159 2282 1069 1547 2087 2120 1983 1458 2279 2538 1177 1179 1215 2238 2045 1590 2312 2450 1013 1422 1470 1740 891 886 888 1610 1816 1832 2178 2592 1095 1096 1582 2025 1704 1496 2100 2361 1189 1524 2023 2266 208 467 468 2002 1875 1581 1974 2234 733 644 31 1670 148 621 624 28 2186 1653 2247 2438 404 1455 1816 1994 535 530 1565 1892 1361 1426 1573 2139 1668 1578 1711 2096 108 1210 1251 1538 1745 2031 2063 2128 1400 1698 1775 1529 418 158 2 459 1329 1404 1633 1764 1532 1430 2257 2551 586 489 499 1774 579 616 1513 1580 1476 1386 1952 2351 158 159 418 162 2304 1392 2316 2341 1225 1303 1302 2088 1897 1484 1943 2015 62 524 556 921 1353 284 1830 2215 1397 1776 1874 2580 143 1644 2029 2379 469 465 483 1477 1765 1392 2445 2605 220 208 21 468 1043 1046 1927 2386 868 861 867 1727 1153 1165 1157 1814 809 1515 1659 2101 689 1370 1871 2309 1444 1689 1721 2613 553 1417 1681 2196 127 1860 1895 2400 1100 1123 1118 1688 505 506 1645 2470 1181 1564 1620 1887 1310 1317 1743 2192 108 1251 1677 1975 2010 110 2251 2267 1411 1368 1503 1621 993 960 957 1560 1107 1127 1863 2244 1526 1621 1951 2131 1712 1833 1867 1933 1269 1282 1270 2004 585 567 558 1690 713 457 779 45 1318 1319 2218 2229 484 507 1686 2046 1883 1882 2129 2227 2409 1762 2462 2592 145 2171 2227 2364 1481 1553 2505 2582 1538 2070 2197 2345 212 233 1467 1478 140 2078 2229 2253 1259 1129 1707 2401 1041 1040 1042 1927 815 828 820 1363 1489 2095 2605 2611 1025 1012 275 2210 1736 1521 2333 2376 1551 1409 2245 2256 1411 1368 1621 2413 1345 2045 2050 2286 1092 75 608 597 250 195 233 1478 1343 2300 2318 2550 291 236 226 1508 735 710 738 1749 1508 1860 2156 2570 1130 1155 1167 1663 781 79 681 780 1478 1713 1792 1866 1908 1625 1925 2078 172 153 1503 1577 798 817 797 1370 1069 1090 1906 2120 676 674 657 1523 362 357 1589 1801 1149 1131 1555 2449 1418 1403 1778 2001 855 851 857 1806 959 939 1364 2219 1021 1029 1848 2133 724 683 641 1703 83 718 797 794 1600 1341 1740 1848 2373 1912 2537 2554 720 694 1989 2309 1506 1453 1575 1849 680 677 1348 1523 348 345 1442 1935 146 147 2003 2507 1606 1805 2188 2242 1383 320 1603 1701 1527 2254 2439 2549 704 705 1638 2333 1198 1277 1751 2161 294 1353 1658 1996 463 55 450 891 1588 1289 2365 2459 245 582 1513 2196 1398 1639 1930 2131 1920 1465 1991 2347 1174 1178 1173 1858 1244 1205 1247 1709 1484 1787 1794 1943 1187 1192 1188 1675 809 812 824 1659 1171 1140 1160 1799 418 158 3 2 1953 1437 2046 2249 1424 1219 1643 2250 1393 516 1968 2232 792 717 83 794 481 486 485 1387 1281 1225 1812 1943 12 11 303 945 1712 2284 2357 2380 1368 1395 1577 1767 1656 1239 1873 2492 1579 1368 1689 1951 163 160 1445 1455 1091 1075 1015 1596 1141 1160 1773 1799 201 207 204 1731 718 717 698 1335 418 415 162 1490 1212 1256 1707 2238 127 128 1911 2400 1568 1648 1657 2532 249 278 226 1475 1391 1576 2343 2371 760 1759 1843 2204 621 148 0 28 221 222 212 1617 1752 2085 2217 2263 534 516 522 1565 2034 307 2035 2044 1439 2173 2179 2567 1173 1663 1833 2302 1609 2170 2190 2396 1428 1817 1941 1956 412 929 921 61 1691 1834 2172 2519 1242 1240 1992 2213 927 931 926 1565 304 770 35 777 2084 168 2599 2481 1342 1473 1718 2006 518 520 1742 1835 1852 1651 2191 2386 488 469 483 1818 808 814 819 2355 2554 2306 2577 2612 734 261 31 32 1860 1713 1876 2400 150 310 306 1 941 768 769 1364 1165 1212 1474 1978 1608 1789 2236 2512 1921 1557 2326 2354 446 443 474 1403 1404 270 2084 2452 1397 1499 1954 2607 1482 1341 1600 1848 679 673 691 1544 1949 1909 2082 2570 1068 1061 1072 1906 990 1361 1717 2125 656 712 655 1721 1192 1189 1524 1675 812 805 1659 1664 768 771 1364 2226 1368 1411 1503 1577 1345 1868 2443 2444 179 180 172 1411 167 153 149 1334 1176 1262 1193 1853 1263 1224 1424 1643 1450 1400 2233 2325 1267 1711 2096 2453 356 383 369 1430 2223 1356 2237 2463 1245 1272 1239 1872 1384 1499 1702 2375 47 338 714 682 100 1051 1053 1806 449 457 713 46 172 178 1772 2498 54 449 779 783 1371 1345 2135 2506 1425 2241 2360 2379 1246 1728 1970 2040 335 341 346 1413 1540 1198 1751 1971 1133 132 1119 1739 248 273 1716 2069 1086 1081 73 618 1646 1525 1840 2448 372 375 368 1414 750 922 749 1466 457 54 779 45 2056 1910 2220 2257 1709 1531 1839 1970 640 1579 1771 2303 646 735 1554 1767 796 802 800 1514 1769 1817 2000 2603 1438 1350 1553 2582 1761 1391 2371 2377 61 462 928 1427 1083 1081 1077 1637 859 865 1948 2277 1457 1519 1631 2073 1802 1498 2011 2270 175 176 177 2111 1497 1406 1980 2566 2169 1539 2409 2592 2216 2142 2283 2286 1400 1391 1416 2284 2046 2235 2308 2310 1015 1091 1596 2442 358 375 372 1857 864 853 865 1730 1121 1688 1893 2039 559 533 1597 1924 1311 1317 131 1743 1376 476 1844 1955 1802 2011 2124 2270 113 2031 2054 2063 141 2181 2229 2494 1895 2317 2353 2579 1984 1760 2158 2228 1185 1124 1138 2561 2070 2099 2473 2496 1171 1140 1828 2295 1164 1153 1663 2302 1124 1944 2072 2209 125 1612 1615 2425 1279 1286 105 1758 1837 1122 2244 2330 2042 1454 2059 2068 1122 2061 2244 2330 1608 1464 1978 2116 1193 1195 1828 2024 1654 1810 1962 2047 1762 1816 2169 2592 2214 1663 2270 2367 1361 1573 1613 2113 242 254 1404 1733 1561 1692 1712 1879 914 918 911 1441 844 850 847 1676 142 1682 1847 2573 350 331 1382 1442 1842 2010 2271 2406 1450 1216 1518 1561 1305 128 127 2324 1481 1555 1804 2449 1440 1470 1679 1869 2068 1454 2304 2316 1421 1755 1790 2111 1111 134 2049 2259 1643 1191 1756 1888 1712 2284 2288 2435 2242 128 2298 2324 1471 1494 2431 2597 1623 662 1868 2276 442 241 7 435 190 191 186 1448 2399 906 912 826 419 416 1381 1674 39 410 38 521 1531 1728 1839 1970 1823 2068 2095 2316 1479 1572 1695 1891 1668 2015 2488 1706 1688 1585 1893 2039 920 524 1427 1441 956 961 1011 1560 417 163 162 1445 1329 254 1733 2017 934 1055 1346 2277 1451 1915 2065 2609 1415 1760 2317 2340 1563 1539 2169 2592 1689 1721 1767 2418 1350 1916 2511 2530 1590 1345 1868 2450 1021 1018 1740 1848 1124 1182 1186 2209 1395 1516 1554 1667 587 564 588 1462 1746 1705 2221 2515 1518 1450 1561 1879 169 205 436 185 476 477 1844 1955 1496 1704 2073 2272 2 158 157 459 1434 2071 2445 2525 1067 1073 1058 1820 1542 2132 2306 2387 16 1010 1000 2428 136 1097 2020 2025 844 913 850 1676 1296 1294 1897 2165 1582 1099 1697 1826 1108 140 2122 2186 1077 1080 1082 1637 270 242 1404 2084 1687 1855 2387 2545 455 209 241 442 785 688 788 1378 1849 1506 2255 2307 146 1518 2003 2220 1185 1325 1324 1999 1698 1766 1809 2161 2096 1578 2234 2389 884 885 592 1502 760 736 762 1632 1318 142 1168 1719 1457 1519 1548 1585 1277 1198 1971 2161 473 474 475 1403 1390 893 1907 2487 1420 1622 1690 1889 395 393 1584 2412 564 1462 1485 1502 1407 1074 1428 1596 778 783 1339 1412 2049 1111 2259 2369 1537 1655 1921 2326 871 861 933 1597 111 1873 2513 2559 215 206 202 1477 1321 1269 1602 1957 155 459 310 1 136 1094 1563 2294 142 1318 1572 1719 1126 1123 1118 2061 1581 1231 1875 2374 1375 1390 1710 1907 1380 1489 2195 2307 1712 1561 1879 2246 309 318 1526 1901 1586 1433 2112 2140 1165 1157 1129 1978 705 707 2224 2333 468 465 1477 2002 1382 1442 2360 2548 1944 1505 2072 2209 1176 1262 1853 2430 79 713 681 780 915 928 60 2067 865 1730 1948 2277 676 678 642 1701 493 476 1942 1955 1038 1036 1034 1466 1210 1211 1698 2473 1595 1774 1889 2249 159 418 162 1490 1082 1080 1092 1423 106 1285 1279 1758 1744 1642 1989 2163 1191 1263 1643 1756 1166 1164 1167 1663 1127 1107 1143 1788 1092 1080 1020 1423 1718 232 1876 2180 1362 1516 1667 1831 1786 1816 1994 2057 1769 1817 1956 2000 645 644 639 1577 46 338 47 682 2300 2174 2611 2614 322 314 1460 1901 1604 1489 2174 2285 1587 1942 1955 2471 1326 1619 1734 1880 1381 416 1558 1674 1617 193 1718 2006 1741 1807 2145 2497 1410 1420 2287 2523 1803 1854 2252 2586 167 149 156 1503 531 916 1332 1441 2370 1762 2462 2472 1633 1454 2316 2341 1619 702 1795 2224 111 1966 2063 2424 732 639 733 1670 336 1381 1741 2604 127 1288 126 1612 724 723 683 1747 1731 203 1401 1900 1622 571 1690 2090 1957 1914 2058 2141 1523 1383 1603 1701 310 305 459 1510 1090 1008 1071 2120 1005 1043 2091 2366 1125 1137 1618 1944 1280 121 120 1896 1894 1625 1908 2078 2054 2063 2128 2202 1226 1221 1812 2479 1245 1270 113 1872 108 109 1850 2395 1149 1113 1891 2093 800 786 789 1544 1716 1552 1878 2069 1389 1556 1652 1723 411 557 2157 525 1057 1056 1048 2446 1099 1098 1894 2391 1578 1581 1711 2096 1783 1469 1828 2024 442 241 1401 2005 227 247 1443 1552 1274 1211 1275 1698 44 466 464 1501 2514 1369 2555 2594 1310 1636 1743 2478 631 315 632 635 1841 1172 2264 2417 1612 1604 1615 2425 1476 829 1533 1796 736 738 1516 1831 52 53 628 308 601 551 1600 1988 2066 2146 2531 2564 1606 1866 2242 2400 674 676 667 1523 1479 1425 1671 2126 637 667 1523 1623 304 289 1456 2390 1116 1115 1118 1931 1316 1309 1310 2033 1072 1906 2036 2320 1284 1285 1700 1758 227 247 216 1443 1286 105 1758 1917 1652 982 1922 2254 247 221 1938 2006 965 1004 2182 2393 1645 1587 2046 2471 1450 1447 1879 1917 587 589 564 1485 259 237 1670 1772 172 153 167 1503 1771 1526 1825 1901 1002 1795 1945 2262 623 629 2034 2147 1172 1275 1215 1529 760 759 755 2204 1220 1593 2022 2278 1182 1181 1564 1620 584 490 2097 2454 1333 1465 2511 2597 1256 1129 2028 2512 49 321 643 658 40 460 479 41 957 1475 1560 1714 1321 1322 1320 2314 417 163 4 162 1306 1299 1616 2266 1200 1238 1656 1684 641 711 656 1721 1521 1795 2182 2336 177 190 186 1634 711 1689 2260 2418 487 22 469 215 1066 1064 1819 1820 345 349 348 1442 1322 1320 1231 2374 1729 1696 1827 2414 1111 1110 1106 2369 1019 1015 1017 1740 1353 1364 1367 2342 1176 1218 1203 1628 1452 2271 2311 2421 1404 1454 1633 2341 1304 1309 1599 2200 1156 1685 1791 1960 1379 2163 2289 2301 346 345 1935 2451 153 171 644 1577 1420 1622 1991 2523 1771 741 1825 2260 1992 1531 2387 2483 552 573 1724 1988 1227 1228 1226 1648 29 152 625 28 1695 1891 2093 2367 1055 863 1351 2277 675 680 677 1541 1102 1121 1100 1688 1386 1796 2198 2299 1828 1193 2024 2155 1086 618 72 1093 128 1911 2400 2474 1708 2031 2054 2588 1188 1192 1620 1675 140 141 2122 2384 435 434 431 1401 1672 1487 2054 2588 1208 1250 2048 2176 2150 1439 2179 2567 855 863 839 1351 1481 1605 2296 2504 1202 1194 1203 1783 1504 1419 1727 1753 957 962 1475 1714 144 145 2171 2227 1728 1246 1970 2213 427 894 58 1390 1431 285 1536 235 1260 1180 1213 1561 2117 1629 2162 2465 641 656 1444 1721 744 1466 1567 1815 716 82 792 717 1248 110 1839 2070 1265 1594 1756 1888 625 152 626 1334 565 1081 590 618 875 1886 2053 2187 1531 1761 2150 2554 1023 76 75 597 2084 2383 2481 2599 535 530 534 1565 1164 1153 1649 1804 514 513 1694 1968 1532 1488 1720 1845 362 1589 1655 1801 1161 1773 1799 1834 1601 1238 1656 2167 144 1836 1883 2171 1274 1253 1698 1961 267 239 174 1483 923 880 898 1354 2127 115 2168 2217 539 590 545 1956 719 689 700 1567 12 13 948 293 1193 1262 1183 1853 577 23 244 24 1268 1241 1661 2372 1926 132 1998 2456 609 1029 77 2133 118 2096 2234 2389 390 461 1344 1881 566 526 511 1686 1708 1327 2534 2567 541 532 1924 1997 1270 1245 1672 2004 1338 1920 2347 2544 851 858 881 2112 1725 2241 2246 2379 1593 1648 1657 1813 1257 1277 1198 1971 966 972 967 1902 1287 2365 1289 1290 2124 1918 2214 2297 1776 1397 2164 2580 134 1111 1899 2274 1511 1469 1783 2024 1389 1723 2079 2432 621 148 306 0 807 749 1466 1886 1349 1388 1453 2489 118 1320 1233 2467 553 1417 1641 1681 709 708 731 1981 240 209 455 1501 1540 1492 1635 1763 1903 1680 2218 2296 1333 2350 2356 2597 2107 1899 2274 2321 910 916 1332 1565 1459 1464 1608 2116 643 321 319 1486 1301 1780 2255 2493 1448 2111 1832 1421 1253 1416 1961 2473 1315 1302 1616 1678 858 1533 2008 2112 784 932 1412 1610 905 877 1532 1907 1763 1162 2115 2401 1172 1274 1698 1775 1230 1568 2064 2532 529 1785 1865 2232 746 811 719 1886 2288 1592 2435 2450 2254 1527 2290 2366 452 1384 1702 2375 1312 1313 1545 2018 771 772 1456 1843 1395 1368 2413 2613 110 111 1247 1839 106 107 1673 1986 1564 1144 1782 2419 2240 1651 2290 2543 1215 1435 1692 1775 1367 2119 2219 2226 357 1589 1801 2030 171 172 166 1577 1163 1259 1971 2115 953 948 13 1658 413 340 414 1674 1444 641 1689 2050 1183 1181 1264 1887 1359 1991 2287 2356 2142 1365 2216 2510 1479 1572 2145 2514 2024 1628 2114 2155 1237 1243 1240 2083 723 1703 1747 724 246 273 227 1443 1102 1105 2385 2391 986 988 1652 1715 1202 1235 1203 2387 1553 1685 1861 1960 1363 828 1402 1972 1175 1181 1620 1887 128 1304 2242 2298 1261 1172 1215 1775 1794 1302 1897 1943 1458 1467 1478 2434 758 759 1843 2204 1347 1339 1412 1497 1067 591 71 593 1485 1472 1502 1730 885 1073 1084 593 906 917 904 1609 1589 1430 1768 2257 1384 1376 1387 1607 983 1922 2254 2393 1472 864 1504 1727 1497 1406 1541 1544 1864 1957 2127 2141 1482 1341 1803 1988 1957 1884 2429 2455 1231 1320 2314 2467 1579 1526 1771 2303 781 681 693 1662 499 586 1774 2249 850 836 847 1551 128 1304 1305 1599 1280 1227 1221 1797 1546 1534 1862 2194 1713 1478 1733 1876 1781 130 1866 1983 1653 1750 2243 2247 717 718 83 794 2022 1528 2167 2278 400 405 2205 2475 1769 1462 1859 1956 721 749 746 1466 518 522 520 1835 1413 1336 1590 2312 1551 847 1676 2315 1473 1718 1876 2180 26 276 273 1598 1574 1696 1827 2500 1012 1010 17 302 1360 2060 2197 2322 2240 1852 2290 2386 1636 1316 2192 2200 1572 1479 1719 1891 1122 1107 1127 1585 1112 1107 1122 1585 2072 1691 2209 2519 1630 1344 1699 1898 1613 1573 1717 1984 1978 1608 2028 2512 291 278 292 1714 1733 1329 1876 2180 1359 1377 1614 2344 610 1482 1848 1967 292 955 258 1714 1052 1054 1053 1520 1262 1219 1218 2250 1174 1179 1159 1867 1619 1326 1795 2262 342 343 1603 2451 1226 1228 1223 1593 483 1418 1477 2002 1685 1553 1791 1960 1936 1324 1999 2477 1580 1443 1716 1967 571 569 606 1622 697 1619 2309 2403 1142 1125 1139 1793 1154 1171 1158 2137 336 375 401 1857 1589 362 1655 356 1275 1172 1215 1841 434 431 1401 1786 1407 2223 2313 2337 1522 1345 2377 2443 1736 2014 2193 2318 321 643 1383 1486 1694 1550 2046 2310 110 1966 2010 2251 1556 1652 2125 2572 1728 1487 1905 2213 1850 1360 2197 2322 1647 2216 2510 2519 905 907 1532 1881 542 565 594 1637 505 503 480 1645 1736 730 1981 2193 455 209 8 7 577 23 243 244 1832 2111 2359 2591 755 763 761 1759 2057 1808 2169 2178 708 753 731 1981 1170 1218 1220 2250 1574 1858 2074 2596 2016 1664 2060 2411 1512 1811 2267 2402 1099 1105 1582 1697 913 1676 2184 2399 491 492 1955 2368 532 562 1472 1997 1387 480 1645 1940 1388 1798 2130 2430 1189 1192 1187 1675 1431 1543 1830 1947 2563 2554 2577 2612 1094 137 138 2415 1535 1397 2207 2547 682 680 1339 1846 1669 1889 1920 2468 1738 1337 2000 2603 656 655 646 2328 1419 532 1785 1859 521 393 1328 1584 771 762 777 1456 1766 2135 2284 2506 334 338 682 1846 955 950 1536 1714 1604 1612 2082 2113 687 789 692 1544 1173 144 1847 1858 1450 1286 1758 1917 2051 115 2334 2541 1834 1923 2172 2519 157 156 150 1510 1010 16 17 302 1426 994 1470 2139 248 275 2069 2210 1507 1159 1858 2596 1358 1344 1427 1609 70 1084 71 593 789 788 692 1544 445 441 443 1403 1420 1640 1686 1738 206 218 1399 1477 2068 1765 2095 2316 201 194 1900 2117 1463 1634 1832 2426 1694 527 1865 2232 1799 1635 1834 1923 1296 1302 1298 1897 168 191 1919 2481 1957 116 2127 2141 112 1272 2151 2492 2565 1444 2610 2613 1471 1620 1675 2477 885 882 935 1346 992 986 984 1389 219 214 218 1399 473 475 472 1403 1870 1327 2202 2280 1396 1351 1948 2277 2427 1410 2569 2603 1408 1469 1511 2114 1371 1531 1821 2306 1377 1432 1594 1614 1449 1568 1657 1939 1945 1005 2366 2393 741 627 1771 1825 1179 1174 1214 1867 223 229 1552 1679 931 927 64 535 242 1404 2084 2464 126 2113 2156 2570 646 655 1767 2328 2288 1345 2408 2450 1646 2174 2300 2614 1643 1262 2155 2250 2144 1912 2489 2537 1103 1108 2122 2247 1451 2346 2396 2575 1386 1476 1796 2299 1816 2057 2169 2178 74 1083 595 73 1200 1235 1601 1684 157 156 1510 2275 1396 1351 1819 2153 639 651 1577 1670 1344 1358 1699 1898 1529 1707 1766 2161 464 240 456 1501 1372 1398 1741 1777 1427 1358 1609 1742 2251 2010 2267 2271 1549 1656 2402 1873 832 830 835 1533 396 394 388 1607 1815 1042 1927 2262 668 723 706 1735 1165 1212 1814 2238 1182 1124 1145 2072 1792 129 1866 2474 2077 2021 2264 2414 1118 1116 2049 2369 1903 2218 2229 2296 854 1504 1753 2299 916 918 914 1332 2139 1361 2183 2576 309 312 1901 2034 1629 1448 2117 2426 1792 1478 1866 1983 1476 1351 1586 1948 1577 1395 1749 1767 744 721 1466 1815 126 1949 2082 2570 592 593 564 1502 479 398 1376 1844 1280 1591 1797 1896 931 927 535 1565 1408 1934 2441 2511 788 787 1378 1544 802 803 1980 2476 1548 1434 1647 1944 173 182 183 1660 1693 1870 2128 2202 1042 979 1945 2262 1613 1571 1909 2425 1407 1074 2041 2447 1628 2114 2250 2278 1878 1024 2203 2210 1471 1614 2344 2597 1309 1316 129 2148 1424 1377 1432 1756 470 584 1778 2368 1322 1282 2189 2429 867 854 843 1727 531 534 1332 1565 1092 608 74 1082 1529 1400 1698 2284 1564 1782 1793 2419 1568 2143 2394 2532 2289 1912 2301 2554 1359 1377 1657 1824 1231 1320 1233 1581 629 627 632 1771 1361 1909 2183 2576 1222 1219 1424 1593 1637 1428 1817 1941 1808 1925 2169 2178 291 1508 1714 1913 95 10 938 769 716 789 82 687 1836 145 1933 2086 1216 1286 1450 1518 463 932 891 1610 1257 1255 1256 1789 1597 1419 1727 1924 1424 1593 2250 2278 798 811 719 85 1493 2225 2415 2571 1420 1333 1437 1640 292 955 962 15 1926 1998 2059 2456 1386 1476 1952 2198 600 601 610 1482 911 921 915 1427 1144 1160 1141 2419 108 1850 2281 2395 1603 1331 2055 2451 882 902 934 1346 188 1467 1629 2012 273 1552 1716 2069 1316 1309 2033 2148 1265 1190 1169 1888 1622 558 1420 1690 1339 1348 1541 1662 654 741 1771 2260 1748 1343 2300 2318 618 588 72 1093 1202 1235 1204 1601 1418 1566 2162 2472 621 2035 2044 2147 794 793 1335 1370 1905 1243 2213 2372 940 939 941 1364 1370 817 1665 2187 1622 1690 1889 2090 1114 1111 1116 1899 638 642 643 1383 1319 1103 1108 2122 1585 1548 1618 2039 2021 1827 2264 2414 1513 1417 1681 1938 470 497 1778 2097 743 1703 2328 2482 1347 402 1603 2055 1309 1316 1310 1636 1103 1319 1108 1903 1419 532 1472 1997 369 364 356 1655 127 1963 2324 1895 1368 1411 1577 2498 789 716 82 792 328 323 327 1650 108 1538 1673 2352 847 844 1676 2315 1236 1218 1203 2545 724 683 1703 1747 1423 2106 2442 2503 1115 1117 1119 2230 698 689 1370 1871 1270 114 113 1884 1825 1526 1951 2131 1396 1485 1502 1730 754 753 963 1461 1114 1116 1117 1899 1190 1175 1620 1888 79 713 779 45 1519 1457 1631 1653 967 954 1726 1902 705 1638 2333 2403 1327 1363 2016 2411 60 390 908 2067 115 2051 2334 2168 896 875 807 1466 1851 1896 2079 2432 2071 1434 2519 2525 1340 1528 2166 2293 1430 369 1655 1699 167 153 1334 1503 1520 1586 2112 2140 472 466 1403 1501 1012 1010 302 1679 172 179 1411 1503 2216 1349 2283 2289 1433 2110 2140 2168 474 458 42 1844 1195 1196 1194 2132 602 599 601 1482 1545 1500 1743 2042 141 1318 1319 1572 1100 1116 1118 2369 1132 1150 1146 1861 285 280 294 1658 2144 1556 2195 2572 664 683 1747 2050 333 1398 1930 2104 958 969 1929 2448 1192 1190 1188 1620 1603 1347 2055 2491 824 823 1360 1659 333 337 330 1398 673 669 2444 2587 1562 1829 1837 1877 713 457 45 46 1114 1117 133 1899 1229 1225 1559 1812 2300 1392 2304 2341 515 1694 2046 2470 1219 1263 1224 1424 2291 2208 2466 2549 1342 1718 1869 1977 1587 1499 1954 2472 791 778 782 1662 1505 1434 1548 1944 1827 2074 2264 2414 1119 1311 1312 2517 2402 1452 2405 2421 1141 1647 1788 1802 1011 1010 999 1679 1955 491 2368 2454 54 449 783 423 1173 1159 1166 1663 235 285 1536 1658 713 79 779 780 46 449 334 682 1261 1278 1450 1692 2066 1781 2146 2564 1829 1481 2296 2504 916 910 926 1565 706 725 1638 1735 1914 1583 1939 2138 457 449 713 779 449 457 54 779 1766 1751 1809 2161 1918 1585 2093 2297 1805 1415 2188 2242 1381 416 1398 1558 817 793 1370 1665 1482 1341 1848 2133 567 566 568 1686 1348 680 1523 1846 1281 1797 1813 2088 1291 1300 1297 1666 434 432 1786 1994 275 1012 2069 2210 1357 1676 2190 2315 820 818 819 1363 1766 1498 2284 2380 2066 2105 2339 2528 1471 1494 1564 2431 1236 1237 1238 2167 203 164 1463 1900 888 428 890 57 183 168 2084 2481 1267 1280 120 1591 1370 719 1567 2309 1569 1191 1798 2201 186 190 1448 1634 1535 1808 2019 2253 132 1983 1926 131 627 632 1771 1901 79 781 681 80 681 781 693 80 570 569 1622 2523 1459 2077 2206 2575 1423 1600 2420 2503 1896 1449 1959 2211 1796 1533 1952 2128 1179 1159 1867 2302 145 1213 1933 2086 1797 1377 1813 2088 680 657 1523 1846 1373 1466 1567 1886 81 688 785 80 785 688 693 80 733 710 1749 2109 1289 1291 124 1615 1496 1505 2018 2071 1275 1255 1529 1698 1251 108 1538 1673 414 340 1558 1674 1709 1531 1821 2070 2105 2066 2146 2363 1934 1570 1962 2486 128 129 1304 1856 1796 1745 2128 2198 890 427 57 408 1463 1832 1455 1816 666 706 1638 1735 1844 1702 1955 2368 46 334 338 682 119 1230 1267 2064 449 682 1339 1846 1398 1777 1930 2104 1406 1744 2016 2060 1542 1492 1766 1821 1533 1476 1796 1952 858 829 1533 2112 489 578 1641 1681 1914 2058 2141 2440 325 47 678 48 1302 1296 1298 1678 1282 1269 1270 2429 1466 1373 1567 1815 713 449 46 682 374 389 1384 1557 1302 1266 1298 1943 908 390 1881 2067 237 1670 1772 2109 1292 1964 2027 2298 813 887 2118 2522 1496 2042 2059 2068 54 783 932 423 1458 188 1467 1629 952 968 1726 2125 1173 1166 143 1644 978 965 1004 2182 1112 1120 1562 1680 883 860 884 1502 54 932 55 423 55 932 463 423 1123 1118 1688 2039 1961 1416 2325 2343 819 820 1363 1665 1965 2362 2515 2543 939 959 2119 2219 1184 1307 1308 1780 1182 1186 1188 1782 688 81 788 692 398 396 1376 1384 1012 1026 2069 2210 48 324 658 1701 571 558 570 1622 165 160 163 1455 836 840 1551 2245 1985 2136 2531 2562 518 524 536 1441 246 245 616 1513 1850 109 2256 2395 2144 2212 2484 2537 818 819 1363 1402 1440 1341 1552 1878 338 334 343 1846 132 1117 1119 1739 1062 1351 1547 1819 1356 1614 1890 2237 1507 1605 1682 2331 1272 1239 1672 1905 1614 1356 1991 2347 743 646 728 2328 2146 1669 2468 2564 1554 735 1749 1767 81 82 788 692 1625 1480 1908 1925 1082 1080 1423 1637 753 963 1461 2119 586 558 571 1690 1583 1528 2083 2539 1379 1734 2163 2301 1225 1191 1224 1559 1854 599 1988 2523 1608 1791 2137 2542 628 623 2034 2035 1278 1260 1180 1827 1351 1520 1547 2140 2272 2059 2321 2383 282 287 288 1543 1873 1549 2267 2402 1458 1448 1629 2335 338 47 714 325 958 976 1461 1929 414 317 1558 1639 487 482 1399 1818 2170 2346 2414 2575 1105 1095 1582 1697 895 907 1881 1907 472 1418 1778 2097 1416 1698 1766 1809 1416 1698 1809 2473 1392 1765 2095 2605 1339 1347 1846 1348 801 800 1335 2175 1625 1480 1626 2385 1781 2062 2105 2148 1770 1941 1956 2320 1225 1224 1229 1559 1449 1359 1824 1890 1254 107 1673 1700 1270 1245 113 1672 573 572 552 1724 2531 2468 2562 2564 203 184 201 1731 658 1701 1383 642 324 344 320 1701 701 690 1744 1871 977 958 976 1461 1550 1393 2235 2310 1120 1113 1098 1680 1467 1458 1629 2012 1462 1770 1956 2320 1448 1421 2159 2481 47 714 325 678 737 728 646 2495 1736 1638 2318 2376 1216 1286 1696 1827 1761 1371 1821 2506 916 531 919 1441 49 324 321 658 2373 2554 2563 2612 1734 1619 1989 2309 1319 1572 1891 2122 1456 1362 1632 2390 2060 1761 2197 2371 232 1718 1977 2180 1245 1872 2189 2429 380 1699 1898 1921 141 1319 1108 2122 792 716 717 1335 1422 1366 1470 1740 1611 2108 2398 2584 1314 1313 1324 2478 1254 107 1251 1673 1707 1257 1971 2161 233 252 1478 1876 1300 1436 1995 2266 354 345 1935 2030 1285 106 1700 1758 2042 1454 2068 2316 1223 1226 1624 2479 808 821 1664 2355 1480 1808 1925 2169 1624 1388 1812 2130 431 444 1401 1786 140 1885 2122 2186 1678 2007 2237 2460 1404 1633 1764 1976 1877 2136 2416 1985 1068 1819 1906 2320 1243 1245 1241 1905 1605 1530 2504 2505 828 827 1402 1972 1333 1437 1889 1991 324 49 48 658 1281 1229 1221 1812 2151 112 2492 2513 889 810 809 1515 1288 127 2365 2459 1134 1312 1999 2517 634 632 1825 1901 1370 1567 1886 2187 321 49 643 319 1797 1266 1851 2088 994 995 1470 2139 1635 1540 1763 2115 1990 1409 2281 2322 688 81 785 788 1484 1794 1897 1943 1283 114 115 2381 419 414 416 1674 137 2359 2415 2591 1927 1326 1945 2091 183 2084 2121 2481 1511 1684 1783 2480 1097 1095 1626 2294 1585 1695 2093 2297 1133 132 1739 1998 385 378 383 1710 446 474 473 1403 1551 840 1693 2245 1238 1242 1200 1656 1162 1156 1685 1791 773 736 738 1516 1232 1230 1228 1711 879 1532 1720 2399 1932 1506 1982 1484 1755 2194 2225 2591 659 1590 2276 2437 549 568 1686 1738 278 226 1475 1714 1141 1154 1627 2295 2037 1842 2271 2311 104 147 1768 2220 487 219 22 215 476 1376 1942 1955 1363 1327 2016 2179 605 616 1580 1598 966 968 971 1468 332 351 339 1741 2062 2033 2105 2148 360 373 1537 1655 152 625 624 1334 510 505 1940 1968 1599 1292 2255 2493 2007 2223 2237 2460 140 1108 1101 2186 1511 1601 1628 1783 1211 1210 1677 2048 2240 2110 2263 2329 1631 1534 2073 2272 1465 1333 1889 1991 845 831 1409 1720 1263 1224 1643 1756 138 1104 1096 1493 1231 1322 1268 2314 1771 1526 2034 2303 132 1117 133 2185 191 189 188 1448 396 398 452 1384 1696 1216 2500 147 1563 137 1832 2178 1524 1374 2023 2266 1150 1861 1960 2449 1174 1178 145 1933 1346 1502 1730 2277 791 813 778 1497 1677 108 1975 2103 2261 1452 2311 2421 1528 1352 1656 1684 340 414 1558 1639 1785 1769 1859 2000 759 758 756 2204 1309 1304 1292 2027 1497 1348 2443 2491 1228 1232 1234 2532 1635 1193 1853 2132 1313 1310 1743 2478 735 738 737 1554 1540 1751 1766 1971 1254 1253 1252 1961 974 1929 2182 2336 1356 1338 2347 2544 397 388 395 1607 1230 1232 1233 2096 114 2031 2292 2541 1216 1261 1279 1827 914 1332 1609 2184 676 657 678 1523 1414 1535 1776 1874 935 1058 1073 1346 1360 1664 1870 2411 472 465 1501 2002 1469 1828 2114 2382 746 744 1466 1567 853 843 846 1504 1015 1075 1016 1596 1648 1377 1657 1813 375 336 1414 1741 1160 1144 1141 1773 632 627 1825 1901 1263 1191 1264 2201 1350 1438 1916 2582 1086 1081 618 1770 1703 1379 2050 2283 113 1270 1672 2588 1345 2288 2435 2450 1490 340 1558 1639 1449 1824 1896 2490 942 776 941 1364 2197 1538 2345 2352 251 252 242 1733 1278 1261 1215 1692 1122 1112 1121 1837 718 797 794 1370 1255 1789 1810 2047 692 788 691 1544 683 723 668 1747 732 651 1670 1749 714 325 1701 1846 2166 1528 2278 2293 1239 1242 1656 1873 1635 1161 1799 1834 1625 1480 1829 1908 422 170 1455 1994 635 632 1460 1901 1452 2261 2311 2533 148 624 1334 151 1611 1654 1962 2047 479 460 398 454 1915 1605 2206 2505 616 1443 1580 1598 1580 603 1854 2485 1583 2143 2314 2467 1483 1411 1621 2121 594 1082 1423 1637 2212 1578 2362 2484 1932 1723 2177 2195 1524 1374 1594 1614 213 212 1467 1617 1625 1104 1925 2078 1114 134 133 2560 1995 1760 2007 2460 1043 1927 1945 2091 1301 1292 1780 2493 1808 1958 2019 2178 1320 118 1581 1875 1405 1442 2241 2360 778 780 782 1662 1183 1798 1853 2430 542 545 1637 1817 1389 1652 1717 1723 1588 2255 2307 2493 1649 1978 2116 2542 863 857 1054 1351 820 1363 1665 2187 997 987 996 1426 1232 1231 1581 2578 341 346 1413 1935 1145 1124 1782 1793 783 932 423 1412 1440 1013 1470 1740 1822 1254 1975 1987 714 338 325 1846 444 1401 1786 2001 1207 1209 1197 1654 237 262 265 1772 1076 1074 1596 2106 1400 1712 1879 2435 82 789 788 692 789 82 687 692 534 530 516 1565 2008 1433 2110 2149 921 412 61 1427 1811 1247 2267 2559 1528 2022 2166 2278 2362 1527 2388 2543 1595 498 1641 1774 306 148 1 0 1547 2110 2140 2446 1577 1670 1749 1772 109 2010 2176 2267 1550 1640 1694 2046 1121 1123 1100 1688 729 1736 2014 2193 916 926 931 1565 788 688 692 691 1776 1382 1874 1883 2271 2037 2311 2421 660 662 1623 2276 1647 1773 1944 2072 1638 1734 2376 2403 2179 2053 2534 2536 1204 1202 1542 2483 1409 1850 2256 2281 2231 1696 2364 2500 1508 1475 1560 2436 1713 1860 1911 2400 793 1370 1665 2175 117 1602 2058 2141 1176 1217 1203 2545 1286 1450 1518 1917 1595 1330 1669 2052 1469 1627 2137 2295 2144 1495 2212 2537 2061 1877 2330 2499 106 1285 1822 2080 1096 1095 1097 2025 592 589 883 1502 1268 1322 1241 2314 1359 1449 1657 1939 1022 1018 1600 2442 1519 1457 1548 2073 461 462 409 2067 572 547 1724 1738 1764 1329 1947 2285 549 566 1640 1686 2093 1131 2214 2367 892 887 1722 2118 755 761 760 1759 1255 1276 1277 2161 1282 1241 1905 2374 1809 1209 2099 2473 1712 2246 2269 2379 1178 144 145 1836 1946 1845 2256 2397 1557 394 1607 1921 117 116 1957 2141 1926 1823 2042 2076 526 515 511 1686 566 549 568 1686 1271 1283 116 2556 1431 2043 2285 2546 1197 1276 1809 2161 1633 1823 1926 2076 1751 1197 1809 2161 1267 1230 1227 1568 1756 1225 1813 2088 1490 1558 1674 1755 718 84 83 797 1368 1689 2332 2613 1660 183 2084 2121 603 579 604 2485 1154 1158 1162 2137 540 538 1859 2000 1433 2008 2112 2149 397 486 1376 1607 1910 1589 2220 2257 206 1385 1399 2465 1931 1117 2230 2524 188 196 198 1629 219 482 576 1399 1742 1393 1835 1940 916 914 910 1332 518 531 1332 1441 443 458 1403 1844 1372 1398 1777 2131 581 616 582 1513 1626 1539 1925 2294 2031 113 2054 2588 110 1247 1248 1839 1405 1331 1910 2338 714 325 678 1701 596 551 574 1600 314 313 322 1460 1287 1290 1289 1964 1549 2271 2402 2421 1409 1488 1720 2101 932 55 463 891 1622 1338 1991 2523 987 990 1361 1717 1922 973 2125 2572 171 644 1577 1670 733 732 1670 1749 680 1339 1541 1662 401 1857 2475 2604 486 481 1376 1387 1573 1366 2579 2606 2010 2267 2271 2406 1526 1336 1901 2131 567 1437 1690 2249 1281 1266 1302 1943 539 587 588 1462 1023 596 597 1600 1613 124 1984 2177 183 182 239 1660 377 374 371 2009 2197 2343 2352 2371 2151 1272 1872 2492 1020 1092 1423 1600 1172 2021 2264 2417 1258 1257 1259 2236 990 960 987 1361 363 1874 2009 2207 1102 1110 2330 2369 1483 1421 1790 2111 1371 2163 2377 2506 1743 131 1998 2076 1462 1819 1820 2320 316 313 315 1460 1329 1754 1949 2285 252 254 242 1733 1633 1823 2095 2316 2145 1807 2384 2497 1317 131 1743 2076 1749 1577 651 1670 517 520 508 1835 316 1460 1486 1650 334 423 402 1412 1326 2091 2388 2393 334 402 343 1846 1406 1514 1980 2476 533 541 544 1924 1226 1227 1221 2479 1603 1523 1701 1846 2045 1777 2126 2312 1408 1469 2114 2382 622 629 623 2147 1472 1396 1485 1769 1081 1093 1085 1770 1278 1261 1827 2264 407 425 1610 2248 2136 1877 2416 2499 1762 1629 2052 2162 1058 1066 1067 1820 2332 1534 2413 2590 1669 1641 1681 1774 1746 117 1321 1875 394 396 1557 1607 1528 1601 1656 2167 1313 1311 1545 1743 851 1520 1586 2112 782 785 1378 1662 521 500 519 1328 1557 1537 1921 2326 1313 1311 1312 1545 1931 2049 2185 2524 1403 1499 2001 2375 1403 472 1418 1778 1018 1023 1022 1600 1453 1765 2525 2574 2060 2197 2322 2371 1308 1307 1936 2023 591 564 1502 1820 1452 2271 2402 2406 719 798 84 797 1291 1287 1289 1436 1267 119 120 1668 415 1445 1490 1674 1395 1577 1749 1772 1389 1715 2038 2041 542 550 1817 2420 911 914 1441 1609 588 539 1462 1770 944 949 951 1658 1776 1535 2181 2494 1873 1549 2513 2559 788 787 785 1378 1669 1330 1889 2468 1622 1803 1854 2252 380 379 1699 1921 591 588 1067 1093 397 460 388 1607 927 65 64 535 656 743 742 2328 1281 1266 1797 2088 808 806 802 1514 410 521 393 1328 1182 1175 1188 1691 1109 1108 1894 1903 679 691 1541 1544 860 902 1502 1730 193 212 1617 1718 1715 1389 2447 2549 1363 1665 2187 2553 1374 1616 1678 2266 604 580 2090 2485 1327 1870 2355 2411 1150 1918 2093 2214 1952 1745 2151 2198 1777 1398 1930 2131 855 857 863 1351 916 931 531 1565 809 874 889 2101 1682 1530 2164 2573 1447 1910 1917 2056 1274 1172 1275 2417 1285 107 106 1822 2293 1408 2344 2356 1443 273 1552 1598 1473 1478 1617 2434 1673 1576 1986 2352 1114 1111 134 2049 1340 1352 1950 2138 1578 2212 2234 2389 1254 1252 1700 1961 856 851 1586 2112 1602 1914 1957 2138 1873 1549 2492 2513 1354 1373 2134 2239 1731 192 2117 2162 1795 980 1945 2182 1041 1042 1043 1927 112 111 2492 2513 608 594 1082 1423 116 1283 1957 2127 1829 1680 1903 2296 282 286 1543 1830 1219 1218 1220 2430 162 415 1445 1490 1975 2103 2395 2398 2466 1556 2488 2518 934 863 1055 2277 1211 1276 1654 2047 111 1247 1249 2559 1255 1276 1275 2047 1293 124 123 2158 1386 1419 2037 2461 1256 1177 1529 2238 543 532 562 1485 702 722 747 1795 1424 1432 1643 1756 127 126 1949 2082 236 226 1508 2180 1633 1392 1764 2341 1611 1464 1841 2417 1257 1256 2028 2236 113 2031 2063 2151 834 838 1693 1796 354 352 2030 2055 189 187 1463 1634 1615 1604 2195 2425 1146 1132 1802 1918 1307 1189 1849 1973 586 585 558 1690 1725 1518 2246 2338 1413 1935 2104 2312 1885 1807 2019 2253 1372 1741 1807 2410 1024 1033 2133 2203 1132 1156 1146 1802 1370 1871 2309 2553 242 251 2464 2599 166 171 1577 1670 932 463 1412 1610 288 290 1543 1800 1408 1494 2344 2597 693 675 1378 1662 1394 364 1655 1801 206 218 200 1399 1437 1420 1686 1690 862 854 869 1753 692 691 687 1544 235 258 1536 1913 688 785 693 1378 1152 1162 1156 1802 1105 1095 1106 2385 1965 2291 2389 2466 688 675 679 1541 1034 1036 922 1466 829 835 1533 1796 860 883 1472 1502 904 917 915 1344 1384 371 2009 2375 994 1017 1016 1422 220 208 468 2002 1396 1472 1504 1727 1556 1706 2432 2488 1860 1977 2156 2353 1391 2233 2325 2343 181 268 1483 1790 1153 1130 1151 1804 1278 1180 1561 1692 2014 726 2193 2482 956 957 961 1560 1222 1219 1224 1424 110 1248 109 2070 1396 1462 1769 1819 1816 1958 2205 2475 956 993 957 1560 1512 1209 1654 2048 664 1747 1868 2050 1520 1433 2112 2149 1518 147 1917 2220 1426 997 1717 2041 1106 2259 2369 2385 1333 1465 1889 1916 1856 1599 2095 2200 104 1993 2056 2257 1413 1383 1623 2276 317 1398 1558 1639 1438 1469 1627 2137 1211 1276 1197 1654 558 568 1420 1686 1447 1331 1592 2338 944 951 2258 2342 1347 1348 1603 1846 1419 1396 1504 1727 1833 1174 1867 1933 130 1781 1866 2148 1712 1833 1933 2246 1007 1048 1852 2329 1745 1952 2031 2128 1912 2144 2484 2537 1845 1979 1990 2397 1463 1816 1900 2426 1521 709 1736 2333 854 1504 1727 1753 1449 1959 2211 2394 1358 429 1898 2157 1215 1177 1435 1529 1257 1258 1259 1971 390 461 1881 2067 550 552 1724 2420 1836 1883 2171 2360 1211 1209 1197 1809 851 881 900 1806 1767 1368 2418 2423 1318 1168 1148 1719 1205 1207 1206 1811 1766 1809 1821 2496 1281 1225 1229 1812 872 888 886 1375 1361 1571 1613 1717 306 621 53 2035 1145 1142 1139 1793 1702 1376 1844 1955 1255 1257 1256 1707 724 641 742 1703 1473 1342 1617 2006 1482 1848 1967 2133 1514 786 1544 1980 1221 1281 1797 1813 1389 1556 2432 2466 1191 1264 1190 1888 785 693 1378 1662 1378 1497 1541 1544 1294 1315 1616 1678 1373 898 936 875 1426 1717 1984 2079 1335 1744 1871 2175 1185 1187 1324 1683 1311 1133 1119 1545 1353 946 1364 2342 2197 1850 2322 2352 1577 1368 1767 2423 123 122 1723 1932 1321 117 116 1957 1352 1549 2402 2421 990 952 960 1361 1516 773 1632 2390 1329 1633 1754 1764 2019 1807 2571 2604 550 1724 1738 1817 1243 1237 1240 2372 1659 1409 2101 2322 1385 1399 1641 1818 1447 1592 1879 2338 903 877 895 1907 1505 1137 1618 2100 107 1986 2281 2352 564 588 1462 1820 1604 1612 1615 2459 242 254 255 1404 106 105 1979 1990 1926 132 2456 2538 1349 2172 2216 2525 1457 1653 1750 2555 548 550 1738 2000 488 495 496 1566 1571 1726 1909 2043 1643 1183 1887 2155 1395 1554 1749 1767 53 621 623 2035 214 217 1399 1417 1399 1385 1477 1818 638 636 633 1486 852 842 859 1948 371 374 1384 2009 2144 1495 2469 2488 865 902 1730 2277 1344 917 1427 1609 1409 1850 2281 2322 2058 2141 2291 2433 616 1443 246 1513 896 936 875 1373 1909 2043 2258 2546 1926 1792 1983 2464 1286 1216 1279 1827 2056 1375 2257 2487 461 1344 1881 2067 891 784 886 1610 1563 136 2294 2319 1375 1722 2056 2118 164 169 203 1463 603 602 1580 1854 1582 1546 2020 2025 285 294 284 1830 1315 1169 1299 1616 415 399 1445 1674 860 864 902 1730 1359 2293 2344 2356 1632 1362 1759 1831 1493 1885 2243 2410 800 802 786 1514 1619 1815 1927 2262 655 1721 1767 2328 1273 1253 1252 1987 1343 1667 1748 2300 1412 778 1497 1662 643 638 1383 1486 461 366 1344 1358 809 848 874 2101 1382 351 1442 2548 680 657 674 1523 786 800 1514 1544 2241 1725 2360 2379 1516 736 1632 773 2082 1909 2113 2570 496 555 498 1595 496 494 1566 1595 2057 1816 2169 2535 1178 1174 1173 1833 1218 1170 2167 2278 933 871 1597 1892 1096 138 1493 2025 739 266 773 1516 1181 1161 1183 1834 1421 238 2121 2481 1667 1554 1748 1831 1625 1829 1894 1908 443 458 474 1403 940 947 946 1996 103 935 1058 1073 353 433 432 1786 1707 1529 1766 2357 1376 1387 1942 2607 522 516 508 1835 1578 1517 1581 1974 156 181 167 1503 1418 483 1477 1566 1065 1085 1770 2320 1196 1163 1828 2222 1207 1205 1208 1512 828 818 1363 1402 1555 1167 1682 2331 1867 1435 2302 2357 1731 192 1900 2117 1098 1109 1750 2438 1462 539 1485 1859 1264 1191 1190 1569 484 1437 567 2249 1743 1998 2042 2076 1709 1248 1839 2070 1730 1502 1820 2277 1235 1202 1203 1601 1375 872 1722 2118 729 704 2014 2333 1638 1379 1735 2014 915 908 904 2067 1535 1397 1874 2207 1227 1280 1591 1797 896 807 922 1466 1589 1394 1655 1801 1266 1281 1302 2088 1459 1464 1611 1962 327 313 1460 2123 382 1430 1710 1881 122 1296 123 2007 1647 1143 1788 1944 856 855 842 1586 1281 1266 1280 1797 1095 1582 2020 2025 1492 1635 1923 2132 1473 1606 2188 2327 454 458 453 1844 112 113 1672 2054 915 917 1427 2067 1114 134 1899 2321 1183 1798 1834 1853 795 1378 1544 1980 935 102 1059 1346 1383 637 1523 1623 1805 1936 2027 2033 1038 1034 750 1466 501 39 521 1584 1102 1110 2369 2385 823 841 1360 1870 1396 1386 1419 1504 1258 1789 2222 1198 1433 1533 2051 2351 324 320 321 1383 678 714 1701 1846 1457 1355 1838 2332 515 514 1694 1968 1594 1374 1616 1678 1770 1085 1941 2320 1115 1904 1931 2517 1618 1548 1788 1944 2116 2206 2598 2609 1242 1238 1240 1656 1740 1021 1848 2133 1680 1562 1829 1837 1377 1424 1432 2344 465 467 466 1501 158 418 3 162 1777 1372 2131 2581 1965 2085 2291 2439 1511 1684 2480 2486 598 606 1622 1854 279 278 249 1475 349 359 331 1405 1574 1451 2077 2414 134 1114 133 2321 1929 965 2182 2393 1376 398 1384 1702 1168 142 1644 1719 1216 1260 1518 1561 1101 1104 2186 2438 1216 1278 1260 1561 1833 1836 1933 2246 518 523 1441 1742 176 175 1790 2111 1984 1426 2079 2313 1135 1126 1118 2061 953 280 1536 1658 114 1283 115 2348 1806 1520 2112 2149 1963 1895 2156 2579 1517 1624 1711 2578 1270 113 1872 1884 1750 1891 2243 2247 1956 1941 2036 2320 1398 1372 1558 2131 1007 1005 2366 2386 1345 1592 2443 2450 126 1860 1949 2570 2502 2431 2511 2597 1396 1462 1819 1820 2263 2098 2290 2329 1289 125 1612 1615 1748 1525 1759 2193 1624 1226 1812 2479 1360 1966 2199 2280 820 815 1363 2187 1838 1457 2073 2602 119 120 1668 2208 286 283 285 1830 642 637 676 1383 787 795 791 1378 1965 2291 2466 2549 962 278 15 1475 368 375 351 1414 1507 1173 1847 1858 2003 1394 2231 2507 1472 1419 1769 1859 1548 1585 1618 1788 1360 824 1659 2245 1553 1481 1804 1861 1404 1329 1733 2017 1342 1440 1552 1679 552 1600 1988 2420 225 1513 1938 2196 1288 125 126 1612 1787 1266 1943 2015 1623 1590 1868 2450 2259 1539 2319 2409 229 223 274 1679 1209 1207 1197 1809 1179 1165 1474 2596 2053 2191 2508 2534 531 534 522 1332 1962 1452 2108 2533 1543 283 1830 1947 1351 855 1520 1586 1126 1135 1118 2100 325 344 324 1701 1169 1190 1524 1888 1974 2373 2484 2537 778 1347 1412 1497 449 783 423 1339 1346 1064 1819 2277 1095 1099 1105 1582 1429 1493 1653 2410 1525 1748 1759 2300 1827 1729 2021 2080 140 139 1885 2186 1292 1305 1964 2298 1326 1619 2224 2403 198 188 1629 2012 1640 1333 2350 2358 584 470 1778 2097 1635 1763 1799 2115 1498 1763 2011 2510 1409 1551 1720 1845 113 1272 112 1672 1173 143 144 1644 1012 272 275 2069 1052 1060 1062 1520 763 761 1759 2495 1279 1284 1450 1758 1153 1130 1164 1663 285 1431 1536 1830 1479 1695 2270 2367 1889 1622 2090 2252 1613 1717 1723 1984 460 479 398 1376 1150 1107 1146 1861 114 1270 113 2588 1218 1220 1687 1779 474 475 1403 1844 1413 1383 1603 1623 356 362 357 1589 1469 1783 1828 2222 598 569 599 1622 1621 1429 2194 2332 1027 18 277 2210 1282 1245 1270 2004 1209 1211 1654 2048 1512 1452 2108 2323 1292 1301 2255 2493 440 377 2009 2207 1161 1494 2155 2382 1429 1534 2194 2332 1574 1827 2074 2364 655 656 1721 2328 1640 511 515 1686 318 326 1639 1930 729 730 1736 2193 1489 1588 2095 2459 254 1404 1733 2017 1369 1479 2126 2514 1609 1630 1742 1898 1734 1439 2163 2301 1218 1628 2250 2278 866 843 864 1727 2269 1592 2288 2450 1265 1225 1191 1756 831 848 1409 2101 1437 484 1686 2046 1712 1435 1867 2357 1549 1950 2151 2198 428 890 57 408 889 874 873 2101 1686 515 1694 2046 1137 1134 1138 2273 407 450 428 888 1256 1257 1129 1707 1671 1712 1833 1867 52 630 312 2034 567 484 526 1686 2291 2058 2433 2440 1468 1922 1929 2572 428 888 56 57 221 1617 1938 2006 450 888 891 56 450 428 888 56 55 450 891 56 660 663 1868 2276 351 332 1442 2548 1238 1200 1601 1684 1746 1705 1974 2526 1858 1178 2227 2583 1832 1448 2319 2426 1159 1166 1164 2331 1226 1222 1223 1779 1320 118 1233 1581 1450 1284 1700 1758 568 547 572 1738 1092 574 1423 1600 1245 1282 1905 2004 1208 1209 1512 2048 333 339 1741 2104 1028 1023 1018 1600 351 336 339 1741 890 428 1375 1390 1469 1408 1934 2441 868 867 843 1727 1832 1448 1862 2282 132 1117 2185 2230 1085 1093 1065 1770 1748 1554 2328 2495 1438 1916 2502 2511 359 331 1405 1801 217 1385 1417 2521 805 1360 1664 1870 1221 1280 1787 2479 1096 138 1626 1925 1099 1105 1697 1826 186 177 1634 2111 1495 2489 2509 2537 1595 1641 1669 1774 2177 1615 2195 2425 1895 1415 1963 2324 1432 1377 1594 1756 929 62 556 921 1480 1808 1908 1925 909 58 384 59 423 334 1339 1412 1705 1746 1974 2515 1725 1836 2171 2360 441 437 1403 2375 539 588 590 1770 656 711 712 1721 894 890 427 57 805 823 1360 1870 388 398 396 1376 1991 2287 2356 2427 1856 128 1911 2075 698 690 701 1871 671 673 2444 2587 1592 1712 1879 2246 1235 1236 1203 2387 1526 1771 1825 1951 1246 1242 1239 1873 1130 1155 1151 1804 2268 1458 2279 2335 1260 1278 1180 1561 427 894 57 58 1512 1207 1811 2480 1231 1320 1581 1875 1170 2022 2167 2278 1391 1400 1879 2435 1105 1095 2385 2391 716 690 698 1871 1388 1517 2509 2537 1496 1500 2042 2068 1478 1473 1617 1876 1151 1155 1131 1804 678 658 642 1701 1193 1195 1140 1828 339 336 337 1741 950 951 953 1536 1488 1515 1722 2101 1829 1732 1837 1877 587 564 1462 1485 125 1963 2113 2228 1496 1545 2018 2361 1482 601 1600 1988 1855 1992 2585 2612 2134 1972 2191 2508 1732 1680 1829 1837 117 1965 2234 2515 1713 1860 1876 2180 1444 1703 2014 2482 1344 905 1532 1881 2281 107 2395 2397 1803 1338 1920 1991 59 60 390 908 909 58 895 384 2399 912 2184 913 1861 1562 2244 2349 1460 634 1825 1901 1559 1787 1812 1943 968 973 1468 1726 1331 1405 2241 2338 704 1638 2014 2333 462 60 61 928 1128 1562 1861 2449 1589 1768 2003 2220 224 230 1718 1977 1582 1631 1697 2020 1852 2240 2290 2329 1656 1549 2402 1352 1227 1280 1221 2479 1287 1291 1300 1436 1498 1365 2135 2142 1213 146 1561 2086 1029 609 1848 2133 1631 1457 1838 2332 226 291 1508 1714 1366 1869 2317 2579 812 806 1664 2476 1204 1601 1684 2480 1260 1213 146 1561 1182 1181 1175 1691 1588 2075 2095 2459 1508 1869 1977 2436 648 649 1825 2437 1830 1431 2043 2520 1144 1773 1834 2072 593 591 1502 1820 1353 294 1658 1830 1523 1348 1603 1623 994 1009 996 1426 1197 1654 2422 2480 1366 1422 2313 2337 1535 1414 1776 2181 478 41 454 42 2284 2135 2435 2506 1565 1597 1892 2232 1724 552 1988 2420 700 744 1567 1619 1855 2305 2373 2585 1421 1534 1862 2383 465 466 472 1501 1588 1489 1615 2459 1129 1212 1707 2238 800 1335 1514 1544 1371 1761 2163 2506 125 1289 124 1615 1108 1894 2078 1101 1707 1498 1814 2357 1240 1243 1239 1656 322 318 1901 1930 411 410 557 38 1521 1840 2182 2393 1880 2173 2301 2484 1426 1366 1573 2606 1707 1498 1766 1971 1215 1474 2264 2596 1111 1114 134 1899 811 746 749 1886 1286 147 104 1917 1627 1141 2419 2501 1469 1438 1627 2382 1309 1308 1292 1599 1368 1577 1579 2423 428 890 408 1390 1708 1327 2054 2202 882 934 935 1346 1107 1128 1562 1861 1667 1395 1800 1976 1131 1150 2093 2214 1612 1604 2082 2459 1652 1527 2466 2549 1718 1869 1977 2353 574 1023 597 1600 495 496 1566 2097 1589 1405 1801 2030 1426 1361 1573 1717 2224 1638 2333 2376 580 578 489 1681 1660 1395 1772 2498 1630 1940 2354 2396 1663 2124 2214 2270 1223 1234 1323 2022 461 392 366 1358 1795 1326 1945 2262 1103 1319 1149 1891 242 251 1733 1919 284 286 285 1830 538 537 563 1785 378 408 1390 1710 1303 1265 1169 1888 348 335 1935 2104 1515 1447 2378 2392 1153 1165 1814 2302 1928 132 1983 2538 581 578 580 1681 1250 1677 2048 2103 1255 1257 1707 2161 1299 1297 1294 2266 1390 1375 1710 2558 36 929 412 61 686 701 1744 1871 1931 2089 2524 2531 1531 1821 2387 2483 481 1376 1387 1942 1782 1186 2477 2561 1162 1158 1152 1791 1411 1621 2121 2413 1486 1336 1650 2123 1532 1430 1881 1907 968 967 1726 1902 1120 1102 1826 1893 1977 1869 2156 2353 1124 1182 1145 1782 283 282 1543 1830 1821 1709 2070 2099 1938 225 2196 2521 1143 1147 1685 2501 559 560 1597 1892 632 630 1771 1901 686 694 1871 1989 1592 1447 2378 2491 640 622 626 1334 175 1421 1483 2111 147 1286 1518 1917 121 1280 1797 1896 1098 1120 1826 1893 576 214 1399 2196 570 568 572 1420 1602 1322 2189 2429 2043 1909 2285 2546 2208 2291 2389 2433 1222 1226 1223 1593 328 1383 1486 321 1809 1416 2473 2496 531 536 919 1441 1917 1447 2056 2392 2267 1549 2271 2402 132 1739 1998 2456 855 839 842 1586 2160 1597 2190 2315 1151 1153 1804 1960 1394 1776 1874 1883 122 1296 1298 1897 574 1092 1023 1600 2550 2300 2574 2605 1469 1570 1783 2222 700 697 1619 2309 1590 1355 1689 2045 1522 1747 1868 2444 875 816 1886 2187 601 551 596 1600 648 741 740 2260 1715 991 2087 2447 1130 1155 1804 2331 1421 1621 2332 2413 1995 123 2007 2158 103 935 102 1059 1636 1599 2200 2493 1558 1490 1639 2275 1346 1073 1502 1820 252 250 233 1478 1242 1200 1970 1992 1210 1250 1677 2048 978 969 965 1929 1379 2163 2286 2289 809 889 1515 2101 322 330 326 1930 1166 1644 1663 1719 1590 1355 1777 1951 2377 1592 2378 2443 1313 1314 1310 2478 560 933 65 66 1526 1336 1825 1901 614 613 620 1598 1712 1833 2246 2379 1408 2114 2293 2344 1883 144 2171 2227 1155 1167 1663 1719 587 543 589 1485 128 1305 127 2365 1468 968 1726 1902 1601 1511 1684 1783 1651 2013 2191 2534 1736 1521 1840 1929 442 1401 2001 2005 1148 1168 1167 1719 734 261 32 2109 402 463 425 1412 1437 1953 2046 2530 684 672 1747 2094 1419 1785 2232 2557 465 472 483 1418 1592 1712 2246 2269 907 895 877 1907 1122 1112 1585 1893 889 1515 1722 2522 1096 1099 1625 1626 1130 1164 1167 2331 1789 1277 1810 2422 531 931 64 535 1112 1128 1585 1893 1705 1651 2240 2543 1020 1023 1092 1600 1345 1623 1868 2450 562 67 883 866 933 559 560 65 2259 2136 2409 2601 1376 1587 1942 1955 210 199 195 1467 687 690 1335 1544 1619 1326 1927 2536 672 668 684 1747 1124 1145 1139 1793 1473 1606 2327 2400 1292 1304 1305 2298 534 931 531 535 1909 1361 2113 2576 1416 1253 1698 2473 586 1690 1774 2249 2121 1421 2383 2413 1198 1199 1540 1542 565 1083 595 1637 272 302 274 1679 1713 1633 1792 1911 1869 1679 1977 2436 1516 1395 1749 1772 1712 1400 2284 2435 1904 1134 1999 2517 1556 1932 2144 2195 576 577 23 243 1192 1190 1169 1973 1647 1763 2011 1802 1575 1307 1780 1849 1159 1174 1858 2596 1062 1351 1520 1547 1746 117 1875 2515 1453 1349 2489 2550 291 258 236 1913 638 637 1383 2276 1184 1575 1683 2154 1112 1121 1120 1893 1280 1267 1227 1591 153 172 171 1577 121 120 1896 2432 489 586 571 2090 752 1001 1087 1795 1084 1073 71 593 1445 160 1790 2111 1992 1240 1855 2213 1348 1603 2443 2491 1338 1422 1596 1740 1195 1193 1217 2024 1593 1424 1657 2166 1152 1156 1151 2124 220 469 215 1477 613 276 1598 1716 1782 1564 1793 2404 1449 1959 2038 2490 1217 1176 1203 1628 1408 2344 2356 2597 879 826 1532 2399 799 1497 1980 2522 1852 2008 2191 2508 698 701 689 1871 243 217 214 1417 199 1458 210 191 190 189 1448 1634 1040 1373 1815 1927 1242 1238 1200 1992 1341 1342 1440 1552 1218 1601 1203 1628 1269 1321 116 1957 370 381 373 1921 417 415 399 1445 1656 1242 1811 1873 1506 1932 1982 1666 374 367 376 1537 1255 1256 1275 1529 330 333 1398 1930 64 531 63 919 954 952 967 1726 2202 1966 2280 2424 611 1716 1967 2133 1644 143 1836 2379 2046 1550 2235 2310 884 592 883 1502 954 952 1726 2258 1706 2144 2469 2488 160 161 1445 1790 72 591 1067 1093 1519 1653 1697 1826 36 929 556 412 841 838 1693 1870 1440 1552 1679 2069 1783 1201 2422 2480 1014 1017 994 1422 63 536 524 920 1653 2145 2243 2514 1246 1272 1239 1728 1198 1277 1789 2422 36 556 37 412 1777 1355 2045 2145 1211 1654 1677 2047 1832 1455 1816 2359 1515 2060 2322 2371 1371 2306 2554 2612 2335 2052 2434 2564 1579 1577 2303 2423 63 524 62 920 165 1455 1463 1634 309 318 305 1526 848 809 1659 2101 810 812 1659 2476 1729 1611 1822 2398 1511 1528 1601 1684 1017 1015 1422 1740 929 556 412 921 420 417 1445 1455 1665 1370 1871 2175 1640 1686 1694 2046 721 748 1466 1815 1158 1157 1791 2028 300 774 773 2390 1462 1769 1906 1956 344 325 343 1701 478 454 458 42 328 319 321 1486 2388 2212 2484 2518 871 926 925 2160 1741 1372 1807 2604 62 524 921 920 1469 1627 2295 2382 931 531 64 919 137 1094 138 1925 1706 122 1897 1932 531 536 63 919 1150 1131 1128 2449 63 536 920 919 931 916 531 919 1240 1237 2213 2372 814 820 819 1665 1050 1056 1806 2149 229 1552 1977 2006 1324 1187 1184 1683 1279 1286 1827 2080 2059 2321 2383 2456 1216 1260 147 1518 1266 1281 1787 1943 1221 1787 1812 2479 109 1248 1208 2070 481 476 1376 1942 320 344 1603 1701 556 37 412 411 458 446 474 42 1479 1369 1695 2514 1124 1782 1793 2561 2234 1965 2362 2515 1050 1051 881 1806 581 553 578 1681 999 1010 1012 1679 1323 1234 1268 2539 1469 1570 1934 2486 1436 1415 1964 2340 1161 1635 1799 1140 1590 659 1868 2050 345 349 1442 1935 1373 897 2134 898 1382 331 1405 1442 973 971 1468 1929 872 890 1375 2487 1020 1423 2106 2442 1345 1590 1868 2050 254 256 253 1329 822 832 1402 1972 1643 1424 2250 2278 1506 1484 1794 1982 617 616 605 1598 778 813 784 1412 129 128 1304 2242 60 461 390 2067 1163 1259 2137 2236 1307 1675 1936 2023 130 1316 2062 2148 147 1696 1969 2507 1710 384 1881 1907 2065 1776 2129 2164 483 495 1566 2097 1549 1950 2198 2421 333 339 1398 1741 556 37 411 525 411 37 38 525 557 411 38 525 444 431 433 1786 410 557 38 521 557 411 2157 410 1861 1107 1863 2244 1520 851 1806 2112 1047 923 1039 1354 638 1383 1486 2276 1210 108 1250 1538 1473 1860 1876 2400 1754 1911 1949 2075 663 1590 1868 2276 393 397 395 1584 1411 172 1503 1577 1768 104 2220 2257 1688 1697 2073 2274 1386 1952 2351 2457 39 410 521 393 1828 1163 2137 2222 623 2034 2035 2147 601 610 1482 1848 1384 1376 1587 2607 1524 1374 1614 2102 1060 1062 1520 1547 1788 1146 1802 1918 1778 1953 2368 2454 1476 1796 1952 2198 170 169 165 1463 1638 1379 1642 1735 1408 1438 2431 2511 111 1246 1249 2040 480 505 1645 1940 1692 1561 1712 1867 1679 1342 1869 1977 1823 1500 2042 2192 932 463 423 1412 985 989 1717 2125 503 493 1942 2471 1061 1068 1819 1906 2009 1499 2370 2547 430 417 420 1455 908 909 907 1881 1345 1522 1868 2444 1729 1969 1979 2080 1086 1093 1081 1770 1374 1436 2023 2266 1989 1734 2016 2163 498 489 1641 1774 1777 1413 2104 2312 1041 1373 1927 2239 1536 1431 1913 2546 688 679 1378 1541 2328 728 2482 2495 1303 1225 1302 1943 410 557 1328 2157 2261 1340 2350 2405 2031 2054 2063 2128 1137 1139 1138 1944 109 1850 2199 2345 863 839 1351 2277 696 744 1619 1815 1788 1802 2011 2297 1560 957 1714 2183 326 317 1398 1930 227 216 246 1443 1391 1761 2343 2496 115 2168 2217 2265 1325 1134 1138 2018 1323 1268 2305 2372 135 1095 1097 2294 1633 1792 1823 2076 853 865 1730 1948 475 474 478 1844 1492 1371 1821 2306 109 108 1850 2345 1235 1200 1992 2483 1575 1184 1973 2154 1330 1595 1889 1953 251 250 1733 1919 1230 1228 1227 2532 651 1577 1767 2423 1183 1263 1264 1798 1671 2288 2357 2380 787 791 782 1378 1176 1628 2024 2155 787 795 1378 1544 1331 1935 2055 2451 296 11 940 1996 486 485 1387 1584 454 478 458 1844 1914 1939 2058 2092 1808 1925 2019 2253 2052 1330 2462 2472 1345 1379 1522 2163 1157 1153 1814 2401 662 660 1868 2276 1109 1098 1680 1894 1073 593 1502 1820 214 576 23 243 494 1566 1641 1818 932 783 778 1412 2037 1549 2198 2421 747 696 702 1619 1407 2038 2041 2313 1481 1555 1680 2296 2188 2317 1415 2544 809 810 812 1659 1366 1338 1422 2337 349 1442 1935 2030 460 397 486 1376 501 397 485 486 1438 1408 2441 2511 1821 1766 2496 2506 1294 1315 1897 1982 1723 122 2079 2432 762 1456 1632 2390 2063 1693 2128 2202 2098 975 2290 2329 39 397 501 40 880 1354 2008 2134 6 5 436 185 1394 1589 1768 2003 1238 1242 1240 1992 1072 1068 1906 2320 322 329 1930 2123 1265 1191 1559 1569 1464 1611 1962 2047 1101 1104 1894 2078 1450 1261 1692 1775 501 397 486 40 397 460 486 40 111 1247 1839 2040 1273 1172 1261 1775 1046 1007 1852 2386 2173 1439 2527 2567 846 843 854 1504 1066 1065 1820 2320 1859 545 2000 1956 1027 612 2203 2210 1371 2142 2286 2289 1370 1335 1871 2175 1201 1202 1199 1542 250 1478 1733 1919 579 616 581 1513 1645 1587 1942 2354 1606 2242 2327 2400 1467 1617 1478 2434 1161 1494 1564 1887 1311 1133 131 2339 1626 1625 2385 2391 1736 1638 2014 2318 1141 1154 1147 1627 1366 1869 2579 2606 1114 133 2049 2560 1493 1885 2186 2243 1585 1519 1688 1893 1104 1625 1894 2078 1234 1223 1323 2305 578 553 1641 1681 1271 1269 116 1957 1525 1646 2300 2614 1280 120 1591 1896 2441 1350 2511 2516 1990 1993 2056 2392 361 360 1394 1801 1593 1226 1648 1813 1491 1507 1605 2609 884 882 885 1502 1709 1248 2070 2099 1377 1648 1797 1813 117 1746 1321 116 73 1086 618 72 1543 1764 2520 2614 1069 1060 1057 1547 161 162 1445 1490 611 613 1716 2203 1776 1382 2029 2497 1683 1186 2154 2209 1526 1579 1771 1951 1165 1153 1164 2302 1127 1143 1618 1788 1107 1146 1788 1918 265 1516 1772 1800 1458 1478 1919 1983 446 445 443 1403 850 831 1551 1720 876 831 850 1720 143 1166 1168 1644 2107 134 2282 2321 1854 1681 2090 2252 1079 1078 1941 2036 1183 1161 1887 2155 1838 1534 2332 2590 1900 1762 2117 2426 1327 1402 1870 2202 1814 1153 2124 2401 236 235 257 1913 549 548 547 1738 1150 1132 1151 1960 1425 1777 2126 2145 208 240 1501 2005 164 189 1463 1900 575 494 578 1641 950 953 955 1536 2126 2045 2312 2450 1392 1764 2341 2611 1341 1338 1803 1988 1606 1781 1983 2279 480 1387 1645 1942 1774 1690 1889 2249 1109 1103 1108 1903 565 595 1081 73 233 195 1467 1478 1576 1700 1986 2233 172 166 1577 1772 523 518 520 1742 861 870 1597 1924 1704 133 1899 2321 618 588 1093 1770 1019 1015 1740 2442 1521 2224 2333 2376 1464 1474 2116 2598 2356 1340 2358 2427 2145 1807 2243 2384 271 227 273 1552 1990 106 2281 2397 1838 2304 2413 2613 1926 1998 2042 2059 1670 1749 1772 2109 911 920 921 1427 1154 1171 1160 1799 1318 141 1319 2229 134 135 2107 2282 110 1839 2070 2199 1763 1647 1799 1802 1427 911 1441 1609 1358 366 1699 1898 297 295 296 1364 392 461 429 1358 944 949 1658 2342 1717 2041 2079 2313 809 824 848 1659 1703 1379 1747 2050 1928 2066 2230 2524 1305 1287 1290 2365 588 1093 1770 1820 838 836 841 2245 1777 1336 1951 2131 166 259 1670 1772 1285 1284 1279 1758 534 522 1332 1565 150 155 157 1510 1807 2181 2253 2384 994 1422 1426 1470 827 822 1402 1972 1245 1272 113 1672 1257 1259 1707 1971 1166 1168 1167 1847 1700 1758 1986 2233 1845 1532 1993 2551 1514 2016 2175 2355 1205 1248 1512 1811 1693 1360 1870 1966 1762 2169 2370 2462 973 1468 1726 2572 1458 199 210 1467 1839 1247 1970 2040 870 560 1924 1997 174 181 1483 1503 212 233 195 1467 1551 1357 1676 2399 1519 1457 1653 1750 149 1334 2275 2303 1828 1469 2295 2382 616 1443 1513 1580 840 1693 1796 2299 351 350 1382 1442 274 1679 2428 2436 1505 2018 2071 2209 1528 1511 1601 2278 1434 1496 2068 2071 595 1083 1082 1637 602 615 1580 1967 303 295 294 1996 2034 1526 2044 2303 966 970 972 1902 2048 1512 2176 2406 1199 1258 1198 1540 1712 1671 2269 2288 672 683 668 1747 143 144 1836 1883 508 512 1940 1968 1379 1642 1735 1747 1315 1794 1982 2458 1278 1827 2074 2264 1635 1853 1923 2132 780 781 782 1662 934 1055 102 1059 1526 305 2034 2044 1617 1669 1938 2252 1484 1453 1506 1794 909 895 907 1881 505 506 503 1645 1405 1394 1883 2171 404 430 420 1455 1745 1693 2037 2299 1150 1132 1918 2214 2091 1651 2388 2543 1104 1096 1493 1582 866 860 883 1472 1071 1070 1090 2120 204 192 1731 2465 1260 146 1518 1561 396 1376 1384 1607 875 896 1373 1466 1554 1395 1667 1767 691 788 1378 1544 132 1928 2185 2538 326 414 340 1639 1225 1281 1302 1943 209 240 455 8 1829 1680 1894 1903 1370 1567 2187 2553 460 486 40 479 1860 1329 1911 1949 1397 374 1874 2009 1184 1307 1575 1973 1512 1452 2402 2406 311 157 459 1510 1000 962 15 1475 1159 1164 1663 2302 1769 1419 1785 1859 1711 1668 2096 2453 7 6 435 205 1458 1478 1606 2434 1529 1707 2238 2357 1733 242 1919 2464 123 124 1984 2158 1307 1189 1184 1675 1483 1621 1790 2194 897 875 1373 2053 1132 1802 1918 2124 290 288 264 1800 2010 1842 2103 2406 1295 1296 1294 1678 1159 1165 1164 2302 384 382 1710 1881 2206 2077 2598 2609 1150 1132 1146 1918 606 569 598 1622 890 893 903 1390 2142 1349 2289 2577 200 217 1385 1399 1751 1766 1809 1821 1894 1108 2078 1903 1514 1406 1544 1744 1266 121 1298 2015 627 1771 1825 1901 1303 1302 1594 1616 1081 590 618 1770 653 1767 2418 2423 831 845 850 1551 1202 1201 1199 1783 1442 348 1935 2104 1533 1476 1952 2351 1445 1490 1674 1755 1207 1205 1206 2099 159 158 418 1490 782 785 787 1378 1085 1079 1941 2320 1343 1748 2014 2318 2293 1340 2350 2356 1638 1642 1734 2403 1866 129 2148 2474 2136 1985 2462 2562 1590 1623 2276 2312 187 164 189 1463 864 843 853 1504 1781 2066 2105 2339 173 182 1660 2498 627 654 741 1771 1175 1182 1188 1620 1668 2212 2466 2488 1927 1651 2091 2386 2004 1269 2374 2556 2070 1821 2099 2496 144 143 1847 2129 2031 1708 2054 2202 1144 1182 1564 1782 2013 1708 2508 2534 106 107 1986 2281 212 221 1617 1938 1627 1141 2295 2419 139 138 1925 2019 2317 2188 2327 2353 2013 2221 2265 2381 677 680 674 1523 1455 1463 1816 1994 1299 1306 1297 2266 771 777 770 1456 640 1579 2303 2423 1334 621 2044 2147 258 955 1536 1714 1500 1743 2042 2192 1314 1308 1636 1780 1777 1336 1930 2123 1380 1489 2307 2574 1446 1481 1605 2505 1988 1410 2287 2523 240 8 9 456 1590 1689 1951 2437 1640 1437 1686 2046 1252 1254 1285 1822 1196 1195 1635 2132 668 723 1735 1747 2183 1909 2546 2570 738 739 1516 2109 1437 1420 1640 1686 1693 1360 1850 2245 1645 1940 1968 2310 1549 2151 2492 2513 923 1047 901 1354 1441 1427 1609 1742 1481 1562 1680 2449 800 789 1335 1544 1516 1362 1632 1831 1783 1199 2222 2422 1331 1935 2030 2055 446 43 474 42 1923 1492 2142 2510 721 748 750 1466 1524 1675 2023 2102 1112 1107 1128 1562 1487 1708 2054 2588 784 891 932 1610 472 1403 1418 1501 284 294 295 1353 517 523 520 1742 43 446 474 473 1928 132 2185 2230 1506 1794 1849 1982 470 472 1403 1778 118 1965 2291 2389 1202 1201 1204 1542 1530 2229 2494 2573 1320 1602 2314 2467 2216 1923 2510 2519 208 20 21 468 460 479 41 454 479 478 41 454 487 219 482 576 1099 1102 1105 1826 1678 122 1851 2007 662 669 2026 2444 252 250 1478 1733 575 482 494 1641 1162 1763 1802 2401 1221 1227 1648 1797 416 336 1381 1398 1621 1755 2194 2581 1233 2064 2467 2532 1606 1781 1866 1983 1553 1481 2349 2582 906 904 1344 1609 724 725 723 1703 716 698 1335 1871 1821 1542 2387 2483 1840 1922 1929 2393 458 478 42 1844 645 626 644 1577 1227 1228 1711 2479 1134 1312 1136 2018 1383 341 1413 1603 553 575 578 1641 1351 1547 1819 2153 196 1629 2117 2465 1357 1551 1845 2399 2008 2134 2191 2508 758 767 2119 2226 1196 1199 1258 2222 742 641 1444 1703 1608 1789 2222 2236 1486 650 2276 2437 1412 1347 1603 1846 240 448 8 456 1987 1611 2021 2417 372 375 1414 1857 1654 1512 2323 2480 1127 1122 1585 2039 1196 1195 1140 1635 383 382 1430 1710 1678 1374 1995 2460 1896 1851 2079 2490 240 464 20 467 1488 1409 1845 1990 1494 1161 1564 2382 245 582 24 25 544 533 1924 2232 1227 1226 1221 1648 2164 1530 2494 2573 2135 1766 2284 2380 2181 140 2229 2253 557 525 1328 2157 1411 172 1577 2498 1959 1389 2038 2432 1447 1450 1879 2233 9 240 464 20 1281 1221 1787 1812 314 315 1460 1901 359 357 1801 2030 443 458 446 474 2377 1406 2443 2566 1535 1808 1958 2019 2181 142 2384 2497 2162 2052 2462 2472 1356 1890 2287 2337 232 193 1718 1876 1518 1725 2003 2220 1625 1099 1894 2391 1940 2310 2354 2396 642 658 643 1383 1539 2136 2259 2385 20 208 467 468 883 589 1472 1502 1166 1507 1847 2331 1519 1585 1750 1893 2259 2049 2369 2601 1850 2010 2245 2256 947 293 1658 1996 1591 1648 1797 1824 1845 1409 2256 2281 152 624 28 151 1472 589 1485 1502 1348 1406 1497 2443 1765 1575 1780 2493 1099 1625 1626 2391 1058 1073 1346 1820 1545 1500 2018 2478 1340 1352 2405 2421 1459 1937 2077 2575 1451 1574 2231 2346 2159 1862 2282 2383 398 479 454 1844 1845 1990 2281 2397 1890 1407 2287 2337 404 1786 1994 2057 5 436 185 422 471 43 473 447 43 446 473 447 466 471 473 447 1264 1183 1798 2201 282 283 286 1830 1307 1301 1308 1780 1196 1140 1171 1635 907 905 1532 1907 240 9 464 456 1502 1396 1730 1820 1718 224 1977 2006 1212 1256 1129 1707 1694 1393 1968 2232 1349 1923 2142 2172 253 290 255 2017 1329 1713 1733 1876 1475 1508 226 2436 1879 1592 2246 2338 1370 1665 1871 2553 455 240 448 8 143 144 1644 1836 2140 2051 2168 2334 1155 1130 1151 2214 655 653 1767 2418 1526 1368 2275 2303 1277 1255 1789 1810 1789 1810 1962 2323 1434 1365 1647 2216 1018 1019 1021 1740 885 1073 593 1502 592 885 593 1502 1592 1331 2443 2450 22 21 469 215 1355 1429 1631 1653 205 169 436 1994 1260 1180 1827 2500 744 721 746 1466 1291 1615 1666 2177 416 337 336 1398 358 401 375 1857 539 545 1859 1956 1462 1396 1502 1820 9 464 456 44 293 294 1658 1996 1786 1816 1900 1994 1773 1799 1834 1923 1643 1432 1887 1888 1843 2119 1367 2226 515 1640 1694 1865 402 342 1603 2451 588 591 1067 1820 1211 1274 2047 2417 940 939 1364 1996 1382 1883 2029 2360 770 304 297 1456 1115 1116 1118 1704 773 762 1632 2390 1904 1784 2273 2404 2197 1360 2199 2280 2399 912 913 826 242 255 270 1404 1094 137 1563 1925 142 1318 1682 2573 208 240 20 467 588 591 72 1093 2170 1630 2346 2396 1535 2207 2370 2547 193 224 230 1718 1869 2156 2579 2606 522 518 1332 1835 690 1335 1744 1871 1852 1048 2149 2329 1664 1514 2016 2060 1581 118 2096 2234 135 134 2259 2282 654 640 1579 1771 560 541 1924 1997 1315 1294 1302 1678 1487 1672 1728 1905 1493 1546 2025 2415 1798 1834 2172 2552 888 450 891 1610 1033 78 77 619 1916 1465 2502 2511 1134 1325 1784 1999 509 540 546 2000 1757 1438 2349 2582 533 559 1597 1892 2103 1677 2108 2398 1083 565 595 1081 874 831 1720 2101 1393 1332 1742 1835 691 1378 1541 1544 2038 1407 2041 2447 21 220 468 469 1615 1588 2255 2307 471 43 447 44 218 219 487 215 711 648 740 2260 411 556 525 2157 953 13 280 1658 1480 1446 1732 1829 580 581 1681 2485 606 1622 1854 2090 1883 1405 2171 2360 566 511 549 1640 1704 1899 2073 2272 651 735 646 1767 1339 778 1412 1662 1498 1369 2357 2380 2011 2555 2594 2602 565 595 594 1637 1838 2565 2610 2613 1500 1496 2018 2071 1871 1744 2016 2175 779 713 780 1339 1545 1743 1998 2042 146 1518 1725 2003 979 1002 1945 2262 246 26 273 1598 1131 1155 1149 1555 1765 1636 1823 2095 1443 1598 1716 1967 437 443 1403 2375 209 455 1501 2005 1166 1168 1644 1719 133 1114 1899 2321 1534 1631 2020 2107 704 706 725 1638 589 562 883 1472 1594 1374 1678 2237 2079 1851 2223 2490 1356 1991 1338 2287 1681 1669 1774 2252 1371 1531 1761 1821 1165 1179 1159 2596 351 1382 1414 1741 788 688 691 1378 1678 1824 1851 2088 321 643 658 1383 137 1832 2178 2359 1223 1170 1220 2022 1406 1514 1544 1980 1191 1265 1756 1888 1410 1724 1988 2503 1636 1765 1780 2493 2110 1852 2149 2329 1915 1507 2065 2609 494 482 488 1818 1196 1163 1171 1828 1327 2150 2280 2411 1343 2014 2283 2318 988 986 992 1715 2144 1840 2518 2572 240 464 467 1501 719 689 1567 2309 1258 1196 1163 1540 1696 1574 2231 2364 966 967 968 1902 216 247 1938 2006 164 187 165 1463 16 279 249 2428 1912 1840 2318 2376 825 858 1972 2008 1369 1479 1663 1671 75 1092 608 74 1157 1153 1649 1978 859 842 1586 1948 371 440 377 2009 1446 1732 1829 1877 666 695 685 1989 1122 1121 1893 2039 1083 74 595 1082 570 569 571 1622 487 219 576 23 219 487 22 23 1855 1238 1992 2387 317 330 1398 1930 519 521 1328 1584 1597 1565 1892 2160 219 214 576 23 1602 117 2058 2467 1951 1777 2131 2581 1646 1380 1840 2318 1629 1385 2162 2465 1445 161 1490 1790 21 220 469 215 1178 1174 1833 1933 1340 1359 1939 2427 924 913 844 1676 2151 1952 2198 2292 1361 1571 1717 2125 861 867 1727 1753 1235 1204 1601 1684 2016 1665 2175 2355 847 850 1551 1676 877 878 1532 1907 1284 1279 2021 2080 1363 815 2053 2187 1240 1992 1855 1238 1168 1318 1148 1682 1698 1529 1766 2161 670 686 690 2094 1058 935 1059 1346 943 963 766 2119 675 688 1378 1541 1479 1369 1663 2270 1517 1661 2305 2578 1209 1207 1208 1512 1161 1144 1773 1834 947 12 293 1996 1338 1622 1803 1988 599 573 1988 2523 5 422 170 421 135 1862 2020 2107 1020 1022 1600 2442 1551 1842 1946 2256 1185 1186 1683 2209 1329 1404 1733 2464 761 760 1759 1831 1287 1301 1292 1964 518 531 522 1332 999 1012 1026 1878 1380 1489 2574 2605 937 973 968 2125 1345 1391 1592 2435 1448 188 1458 1629 1252 1273 1284 1775 124 1984 2158 2228 1531 1761 1839 2150 1644 1479 1663 1719 1683 1325 2018 2478 589 543 562 1485 1295 1678 1995 2007 1419 1597 1727 1753 1363 1665 2016 2355 1916 1437 2511 2530 136 135 1097 2294 1723 1613 1984 2177 1712 1671 1833 2379 1163 1258 1259 2236 1177 1435 1529 2238 1462 588 1770 1820 2092 1509 2152 2569 129 1792 1856 2474 389 376 381 1557 1823 1856 2095 2200 1337 1640 2261 2358 1538 1210 1961 2473 494 498 489 1641 1401 434 1786 1994 311 158 418 459 1482 1341 1580 1803 1627 1553 1685 1757 594 74 1082 1637 5 421 163 4 1506 1380 1932 2195 243 1417 2196 2521 2324 1895 2327 2400 422 430 170 421 232 193 230 1718 1345 1379 2163 2286 1506 1380 2307 2574 107 108 1251 1673 1194 1196 1199 1540 1494 1471 1564 1620 1693 1745 1966 2063 328 316 319 1486 712 711 2260 2418 947 1353 1658 2342 1558 1381 1674 1755 690 686 1744 2094 1104 1099 1096 1582 303 945 940 1996 1522 1406 1744 2587 138 1094 1096 1626 1244 1709 1970 2483 262 265 1772 1800 212 1617 1718 1876 134 2107 2274 2321 447 445 446 1403 1286 1216 147 1518 780 778 1339 1662 154 181 1503 1790 1243 1239 1656 2189 2363 2146 2468 2531 1398 1558 1639 2131 1152 1153 1157 2401 1418 1501 2001 2005 1845 1993 2170 2551 1016 1009 1422 2041 1497 1378 1541 1662 1366 1338 2337 2407 408 378 385 1710 2185 1928 2230 2524 1102 1099 1098 1826 1227 1711 2453 2479 725 1638 1735 2014 1778 584 2097 2454 108 107 1975 2395 122 121 1706 2015 1117 133 1704 1739 256 257 1947 2180 1509 2092 2440 2447 1196 1194 1783 2024 1488 1722 2056 2487 209 455 241 7 1734 1642 1989 2403 647 740 741 2260 1021 1019 1017 1740 364 360 1394 1655 1562 1481 1680 1829 1965 118 2234 2389 1377 1359 1424 2344 1028 609 596 1848 1214 1692 1867 1933 1986 1990 2281 2322 565 590 1770 1956 1337 1769 1785 2000 1208 2070 2099 2473 184 205 241 1401 335 323 1413 2104 1936 1308 2023 2027 282 283 1947 2017 1138 1134 1505 2018 1717 1556 2125 2572 148 624 151 28 2 459 155 1 982 983 1922 2254 1925 139 2019 2253 1214 1561 1692 1933 539 587 1485 1859 1872 1884 2151 2292 1389 1556 1723 2432 677 680 1348 1541 735 737 646 1554 1298 122 1897 2015 2042 1743 2076 2192 1453 1349 2172 2552 1340 2261 2350 2358 1405 1394 1874 1883 241 455 442 7 185 5 422 170 2364 2231 2500 2507 868 843 866 1727 1737 2292 2334 2348 693 675 688 1378 241 7 435 205 319 49 636 50 1184 1683 1780 2478 1334 150 1510 2044 1451 2077 2414 2575 1651 2240 2290 2386 1306 1189 1307 2023 751 699 1521 1795 285 235 1431 1947 654 629 640 1771 205 6 436 185 1488 1409 1720 1845 6 435 205 436 734 261 260 31 1295 1293 123 1995 1163 1540 1635 2115 1919 1983 2464 2599 1776 2129 2164 2494 1018 1019 1740 2442 1384 374 1557 2009 1759 1525 2300 2614 479 478 454 1844 421 417 163 4 2033 1310 2062 2528 147 1286 104 1969 1408 2293 2350 2356 109 110 2010 2267 226 249 1475 2436 472 475 470 1403 656 1444 1721 2328 2229 141 2494 2573 1437 1953 1889 2249 1868 662 2026 2444 981 986 988 1652 818 822 821 1402 1581 1231 1661 2578 1575 1307 1849 1973 111 110 1966 2424 1315 1303 1169 1616 1448 1421 1862 2159 1533 1433 1972 2008 827 822 818 1402 170 5 421 163 1424 1377 1756 1813 1539 1563 2319 2592 1208 109 1250 2176 1667 1748 1759 1831 1264 1191 1569 2201 1036 1038 1035 1466 1549 1872 1873 2492 289 298 304 1456 1450 1447 1917 2233 819 1363 1402 2355 771 770 1364 1456 770 777 304 1456 529 544 1785 1924 1400 1435 1712 2284 771 772 762 1456 367 365 361 1537 995 1014 994 1470 1480 2169 2409 2462 1261 1278 1215 2264 1577 1749 651 1767 1192 1524 1620 1675 782 781 80 1662 1934 1452 2405 2486 601 600 602 1482 1311 1313 1312 2528 1927 1852 2191 2386 1389 1652 2466 2549 477 475 478 1844 1099 1095 1105 2391 2431 1438 2502 2511 1700 1576 1986 2343 1013 1021 1017 1740 1379 1703 2014 2283 638 637 642 1383 1638 1379 2283 2289 1981 708 2119 2448 265 264 263 1800 1552 1440 1878 2069 213 212 1617 1938 1392 2300 2304 2445 2217 2085 2221 2515 848 824 1409 1659 407 428 1375 2248 337 336 1398 1741 224 229 1977 2006 202 220 1477 2002 561 560 870 1997 1690 586 1774 2090 666 706 705 1638 398 453 452 1702 1195 1196 1140 1828 524 921 920 1427 2092 1939 2427 2569 1517 1661 1974 2373 1012 1026 1878 2069 2003 1394 2171 2231 1551 2010 2037 2271 1374 1415 1805 2023 1493 1546 1582 2025 485 501 521 1584 133 2159 2321 2456 848 845 1409 2245 1556 2432 2466 2488 1202 1203 1601 1783 1615 1666 2177 2195 1155 1148 1149 1555 452 371 396 1384 538 509 528 1785 1182 1145 1144 2072 1745 2037 2198 2299 373 376 360 1537 418 415 3 162 121 1797 1851 1896 415 417 4 162 1434 1838 2073 2602 1388 1484 1787 1794 2160 1332 2184 2190 614 611 1716 1967 229 224 1552 2006 1531 1371 2554 2612 1547 1752 1864 2168 415 4 3 162 1415 1374 1436 2023 1860 126 1895 2156 1508 2183 2570 2576 238 183 2121 2481 1085 1081 1770 1941 1094 136 1546 2025 1475 249 2428 2436 1473 1342 1718 2353 2140 2110 2149 2446 1352 1340 1583 2138 469 215 1477 1818 1326 1945 2091 2393 1629 2117 2162 2426 852 846 1476 1948 158 311 157 459 1218 1219 1220 2250 663 659 1590 2276 1097 1095 2020 2025 1523 1348 1623 2026 1744 686 1871 1989 741 648 1825 2260 2107 2159 2282 2383 1739 1496 2042 2059 905 877 879 1532 1549 1745 2251 2271 1261 1279 1827 2021 335 1413 1935 2104 1954 1330 2370 2540 1362 1632 1759 1843 1765 2445 2525 2574 1307 1301 2023 2027 1438 1553 1627 1757 2066 1928 2230 2339 1354 901 2008 2149 624 148 1334 621 1661 1241 1905 2372 773 762 736 1632 621 306 53 0 1666 1932 2177 2195 1464 1611 2047 2417 253 283 282 2017 690 686 701 1744 150 155 310 1 1770 1462 1820 2320 1432 1620 1887 1888 1319 1148 1149 1891 1400 1391 2284 2435 637 660 1623 2276 1199 1196 1258 1540 1592 1391 1879 2435 482 494 1399 1818 1281 1280 1221 1797 1197 1201 1277 1751 1257 1256 1129 2028 339 337 1398 1741 1492 1542 2132 2306 1810 1464 1962 2047 1683 2018 2071 2478 2075 1588 2365 2459 1951 1689 2260 2437 990 987 989 2125 792 801 789 1335 582 581 1513 2196 1422 1366 1426 1470 2284 1712 2288 2380 905 906 1344 1532 1405 359 1801 2030 1060 1056 1057 2446 2214 1695 2270 2297 148 150 306 1 2271 1452 2402 2421 2211 2064 2394 2433 1189 1306 1299 1616 698 1370 1335 1871 425 450 407 1610 1630 1328 1742 1898 255 1404 2017 2452 1640 1550 1694 1865 622 624 1334 2147 2077 1464 2116 2598 1594 1432 1756 1888 369 386 379 1699 624 152 28 625 1617 1467 1478 212 894 903 895 1390 379 373 1655 1921 218 1399 1477 1818 1102 1121 1120 1837 147 1260 146 1518 1008 1069 2087 2120 2078 1908 2229 2253 1807 1885 2243 2384 1081 1077 1637 1941 631 312 315 51 1245 1282 1270 2429 1182 1181 1144 1564 52 312 631 51 255 290 1976 2017 681 781 780 1662 829 830 858 1533 1732 1837 2330 2391 1418 1477 2002 2005 1383 637 1623 2276 2395 1946 2397 2398 188 196 1629 2117 1301 1292 1964 2027 316 327 313 1460 1257 1277 1971 2161 1021 1013 1440 1740 2135 1365 2380 2408 1645 503 1942 2471 1464 1608 1789 1962 127 2075 2365 2459 549 548 1738 2000 1680 1149 2218 2449 1642 686 1744 1989 609 1028 1029 1848 653 651 655 1767 917 1344 1427 2067 2092 1509 2120 2447 347 320 344 1603 1953 1587 1955 2471 1599 1588 2095 2493 690 716 1335 1871 1689 1579 1951 2260 264 288 263 1800 133 1117 2049 2185 2337 2317 2407 2544 1432 1524 1620 1888 1932 1380 2144 2195 1764 1431 2174 2285 1657 1359 1939 2166 1156 1152 1151 1960 1567 700 1619 2309 1952 1796 2128 2198 1308 1309 2027 2033 536 524 920 1441 328 327 316 1650 1439 2150 2554 2608 1578 1668 1711 2453 1479 1425 1644 1671 2181 140 2253 2384 1454 1926 2059 2383 1272 1245 113 1872 532 1419 1924 1997 1083 1077 1082 1637 134 133 2268 2321 1704 1899 2272 2321 308 628 2034 2035 1355 1590 1777 2045 1284 1450 1700 1775 639 645 1577 2423 1090 1072 1906 2036 940 941 938 1364 15 279 1000 1475 1011 1470 1560 1679 127 1860 1911 1949 1357 1842 2037 2311 572 547 552 1724 789 716 792 1335 941 939 942 1364 1417 1669 1681 2252 1041 1044 1354 1927 1725 1405 1910 2338 1757 1863 2244 2349 307 308 2034 2035 1918 1132 2124 2214 1296 1295 1294 2165 1649 1157 1978 2028 1755 1421 1790 2194 1633 1454 1926 2042 534 931 535 1565 757 758 1843 2226 1542 1540 1751 1766 838 841 1693 2245 687 690 716 1335 717 718 794 1335 1433 2051 2140 2351 2110 1547 2140 2168 650 638 1486 2276 1201 1197 2422 2480 2003 147 2220 2507 2143 1568 2394 1939 319 636 316 50 1422 1009 1426 2041 118 119 2389 2433 1523 678 1701 1846 1420 1622 1889 1991 1498 1707 1814 2401 503 480 1645 1942 315 631 51 635 1611 1962 2108 2533 1058 1059 1064 1346 229 1552 1679 1977 225 245 1513 2196 49 643 319 636 2016 1363 2355 2411 718 719 797 1370 1692 1561 1867 1933 365 361 1537 1874 1431 1536 2043 2546 1481 1446 1877 2349 1333 2356 2358 2427 994 1014 1422 1470 563 537 532 1785 1515 2491 2522 2566 596 601 1600 1848 494 488 1566 1818 800 789 801 1335 1448 1458 2159 2268 462 60 928 2067 1508 226 1977 2180 791 1378 1497 1662 1734 1326 2376 2403 523 500 525 1328 490 1595 2097 2454 409 429 1358 2157 1396 1472 1485 1730 652 654 640 1579 1534 2272 2383 2590 1834 1691 2072 2519 1285 1284 1822 2080 1342 1869 2353 2407 1129 1212 1978 2512 1113 1103 1109 1680 331 349 1405 1442 2159 2107 2321 2383 104 1768 1993 2257 479 486 481 1376 801 792 794 1335 1241 1661 1905 2374 174 180 179 1411 1703 1379 1735 1747 1536 1431 1658 1830 1391 1447 2233 2378 1389 992 1715 2041 1950 2037 2198 2421 258 291 1714 1913 1232 1230 1711 2096 787 788 786 1544 617 605 620 1598 971 968 973 1468 875 807 1466 1886 2054 112 2063 2424 1984 1760 2007 2158 1452 2108 2311 2406 2066 1781 2105 2146 1946 1937 2170 2589 1603 1331 2443 2491 754 753 93 963 567 1437 1686 1690 1642 668 1735 1747 1273 1274 1172 1775 1527 2366 2388 2543 1245 1243 1239 1905 104 1768 1969 1993 1370 698 1335 718 1964 2242 2298 2324 880 898 1354 2134 808 806 1514 1664 1706 122 1723 2432 547 550 552 1724 1480 1625 1626 1925 958 1461 2119 2448 1896 1959 2208 2211 741 654 647 2260 1407 1890 2287 2568 145 1178 1836 1933 636 316 635 1460 1345 1371 2135 2286 1534 2383 2413 2590 1182 1188 1620 1782 904 917 1344 1609 1094 136 137 1546 807 811 749 1886 1964 1415 2242 2324 1211 1274 1253 1698 1513 1417 1938 2196 488 482 487 1818 1336 1825 1951 2131 117 1321 1602 1957 1724 1410 1738 1817 630 52 312 631 1073 885 1346 1502 1405 1331 1935 2030 181 1483 1503 1790 1766 1416 1809 2496 1536 258 1714 1913 334 1339 1412 1846 1359 1340 2293 2356 1673 1416 1961 2343 1394 1405 2003 2171 129 1792 1866 2148 305 307 2034 2044 223 274 1679 2069 1268 1241 2083 2314 1533 1952 2031 2051 1545 1313 1743 2478 1367 1468 1646 2043 1276 1255 1277 1810 1935 354 2030 2451 984 1389 1717 2041 1172 1275 1529 1698 493 491 1955 2471 1352 1340 1950 2421 918 914 1332 1441 1654 2323 2422 2480 1256 1255 1275 2047 1223 1323 1170 2022 827 818 828 1402 770 297 1364 1456 956 993 1560 2139 315 51 50 635 1252 1285 1284 1822 865 902 864 1730 316 315 50 635 636 316 50 635 1306 1307 1301 2023 2373 1912 2484 2537 958 754 963 1461 53 628 308 2035 208 1501 467 2002 1352 2402 2405 2421 619 611 2133 2203 413 415 1490 1674 1163 1196 1171 1635 1429 1493 2225 2415 566 511 1640 1686 1442 1405 1935 2030 1503 149 2275 2303 1368 1689 1767 2418 1764 1404 1976 2017 425 463 450 1610 765 754 977 1461 127 126 1860 1949 705 666 1638 2403 466 471 447 1501 1140 1171 1160 2295 1867 1435 2238 2302 722 752 1087 1795 521 39 393 1584 134 1114 2049 2560 1934 1408 2350 2511 1390 378 1710 1907 1952 1745 2031 2151 712 740 647 2260 1856 1792 1911 2474 1237 1855 2213 2372 1104 139 1925 2078 1210 1209 1208 2048 1432 1643 1756 1888 1836 2029 2360 2379 890 427 408 1390 1689 1590 2045 2050 1807 1535 2019 2181 1914 1737 1957 2138 1180 1213 1561 1933 1616 1294 1678 2266 425 424 1610 2248 1869 2317 2353 2407 1451 2231 2326 2346 1469 1408 1511 1934 842 829 856 1586 1336 1460 1825 1901 1352 1656 1872 2189 962 961 957 1475 360 376 367 1537 738 737 1554 1831 189 1634 2117 2426 1170 1223 1220 1779 109 2010 2103 2176 689 701 694 1871 324 321 658 1383 1968 1645 2310 2470 447 1403 1501 2001 1226 1228 1593 1648 488 483 1566 1818 580 489 571 2090 878 831 876 1720 1878 1024 2133 2203 1860 1473 1876 2180 1302 1298 1897 1943 1469 1438 2382 2431 1535 1397 1776 1874 1388 1624 2509 2563 1573 1361 1613 1717 1766 1529 2284 2357 1348 1523 1603 1846 1448 186 1634 2111 2306 1855 2563 2612 1986 1990 2322 2392 931 534 531 1565 1008 1090 1069 2120 1172 1274 1275 1698 1071 1074 1070 2120 1883 1836 2029 2360 1198 1789 2222 2422 2085 2217 2263 2515 1910 1331 2030 2055 1069 1062 1547 1906 711 712 1721 2418 1601 1528 1656 1684 1038 750 748 1466 558 568 570 1420 1815 1619 1927 2536 1540 1163 1971 2115 708 1525 2119 2448 252 256 1733 1876 1574 2227 2231 2364 872 1375 1722 2487 1185 1186 1187 1683 1786 2057 2081 2535 1095 1582 1697 2020 1975 1677 2103 2398 1726 1361 1909 2258 1348 1497 1541 1662 1308 1309 1310 1636 418 413 415 1490 1565 1332 2160 2190 409 429 461 1358 1291 1293 124 2177 112 1672 1728 2054 147 104 1917 2220 1405 1725 2241 2338 304 298 297 1456 1207 1751 1809 2099 1458 1606 2279 2434 1254 1252 1285 1700 641 1444 1689 1721 1578 1581 2096 2234 437 443 441 1403 1904 1135 1931 2061 2049 1931 2369 2499 188 199 1458 1467 2126 1425 2269 2312 211 212 195 1467 1915 1451 2206 2609 1794 1453 1849 1973 524 556 921 1427 1232 1228 1234 2578 1009 994 1422 1426 341 320 1383 1650 2221 115 2265 2381 1115 1136 1135 1904 1326 1880 2091 2536 1843 1362 2520 2614 1153 1165 1164 1649 131 1311 1743 1998 1489 1604 1615 2459 1478 1713 1866 2400 1745 1952 2128 2198 1120 1112 1562 1837 1451 2346 2354 2396 1589 1768 2220 2257 497 472 1778 2097 368 351 1382 1414 1256 1177 1275 1529 1365 2011 2594 2602 518 536 531 1441 1834 1193 1183 1853 792 717 794 1335 851 900 857 1806 1573 1426 1717 1984 1521 1326 2224 2376 1048 1049 1852 2149 1276 1255 1810 2047 1015 1016 1422 1596 65 559 530 1892 388 460 398 1376 1613 2177 2195 2425 1764 1543 1947 2017 256 1733 1876 2180 1401 184 1731 2005 519 1387 1584 1940 102 935 934 1346 1198 1201 1542 1751 1524 1190 1620 1888 1787 1280 2453 2479 760 762 772 1632 1912 1840 2144 2489 2098 1752 2110 2263 213 212 211 1467 1485 1472 1769 1859 1362 1456 1632 1843 2060 2377 2378 2566 1752 1509 1864 1914 1255 1256 1789 2512 1475 1508 1560 1714 1210 1208 1250 2048 381 394 1557 1921 872 890 888 1375 1646 1380 2195 2572 1744 1989 2016 2163 1500 1765 1823 2068 1591 1449 1824 1896 1716 1341 1967 2133 1267 1230 1568 2064 683 672 664 1747 1473 1617 1718 2006 630 629 632 1771 1494 1432 1620 1887 1413 1590 2276 2312 1574 1451 1882 2065 281 953 280 1536 1481 1555 1605 1804 604 606 1854 2090 1344 908 1881 2067 280 235 1536 1658 1217 1176 2132 2545 1739 1545 1998 2042 1139 1137 1138 2273 1261 1284 1279 2021 778 791 1497 1662 1246 111 112 2040 342 402 2055 2451 1241 1322 2189 2314 1320 117 118 1875 546 545 1817 2000 2231 1696 2500 2507 1394 1776 1882 2580 1764 1543 1976 2614 1631 1519 1653 1697 684 668 1642 1747 283 253 1947 2017 1522 2094 2444 2587 1794 1315 1982 1897 1360 1870 1966 2280 1219 1222 1220 1593 772 760 1632 1843 1063 1054 1052 1351 1512 1452 1684 2402 1173 1166 1507 1847 1132 1150 1151 2214 675 681 680 1662 122 1298 1678 1851 637 662 667 1623 1341 1342 1552 1580 1401 1731 2001 2005 1056 1060 1520 2446 153 644 626 1577 1315 1299 1294 1616 1612 1289 1615 2459 311 158 157 1490 120 1896 2208 2211 1113 1109 1098 1680 1501 208 467 240 1665 1370 2187 2553 1450 1400 1692 1879 1065 1770 1820 2320 871 933 927 1892 430 170 421 1455 1531 1761 1821 2070 1180 1174 145 1933 612 277 2203 2210 607 594 608 1423 256 1329 1733 2180 1195 1217 1194 2024 1226 1221 1648 1813 1465 1471 1614 2102 2126 2045 2408 2594 397 501 485 1584 370 1607 1921 2412 2045 1345 2050 2450 1701 658 1383 324 2145 2384 1572 2497 1934 1452 1962 2533 1608 1469 1934 2441 417 163 1445 1455 951 953 1536 1658 1496 1500 2068 2071 1898 380 1921 2412 430 422 170 1455 1189 1306 1307 1849 277 1716 2203 2210 1700 1961 2325 2343 1271 1269 2004 2556 1361 1571 1726 1909 187 189 190 1634 1145 1124 1944 2072 873 874 1488 2101 1577 640 2303 2423 1754 1856 1911 2075 422 430 404 1455 508 517 1835 1940 343 1603 1701 1846 1862 1546 2194 2591 1395 1577 1772 2498 699 722 702 1795 1965 1527 2212 2362 1575 1184 1683 1780 1067 591 593 1820 483 465 1418 2002 2075 127 2082 2459 247 216 1443 2006 571 586 1690 2090 1469 1608 2222 2236 1117 1116 1704 1899 1385 200 1399 2465 290 282 1543 2017 1141 1142 2419 2501 2179 2053 2536 2553 1121 1112 1120 1837 1647 1788 1802 2011 2126 1369 2514 2594 1235 1238 1200 1601 159 154 1490 1790 571 558 1622 1690 1651 2091 2290 2543 1749 1516 1772 2109 1107 1112 1128 1585 1148 1149 1891 2367 1131 1155 2214 2367 1007 1006 2290 2366 111 1873 2492 2513 1998 1926 2042 2076 31 260 733 1670 1496 2059 2272 2590 547 550 1724 1738 1360 1693 1850 1966 1383 1523 1603 1623 1259 2028 2137 2236 215 218 1477 1818 1357 1845 1946 2170 1910 1917 2056 2220 1096 1094 1097 1626 1566 1385 1595 1641 1852 2110 2240 2329 1546 1094 2025 2415 1880 1840 1912 2376 140 139 1101 2078 1564 1494 2382 2431 1330 2462 2472 2540 129 130 1792 2148 1953 1437 1889 2530 598 599 1482 1854 1324 1314 1184 1936 1278 1214 1180 1692 1006 1089 2254 2366 1599 2095 2200 2493 206 204 1477 1731 1765 2095 2307 2493 1945 1326 2182 2393 1237 1323 1855 2305 1341 1342 1803 2407 1552 247 224 227 421 170 163 1455 2231 1394 2326 2346 772 759 760 1843 1437 2046 2516 2530 1208 1250 2070 2473 1712 1671 2288 2357 157 158 159 1490 1073 935 885 103 1181 1175 1264 1887 1527 2212 2362 2388 795 799 791 1497 1676 2160 2184 2190 492 477 1955 2368 1491 1649 1804 2331 679 665 673 1541 821 819 1402 2355 1737 1864 2127 2334 1303 1315 1302 1616 435 434 1401 1994 853 864 1504 1730 2035 2034 2044 2147 1107 1146 1143 1788 1245 1270 1872 2429 1805 1936 2023 2027 1710 1375 1907 2257 1319 1103 1149 2218 1477 1418 1731 2005 1682 2218 2229 2573 177 165 1634 2111 1728 1839 2040 2424 1433 1520 2140 2149 1518 146 1725 2086 428 407 888 2248 791 782 1378 1662 839 855 1351 1586 1317 1311 1310 1743 1503 1483 1621 1790 1337 1738 2358 2603 1651 1852 2240 2386 60 462 461 2067 2148 129 2242 2474 1732 1625 1894 2391 171 31 644 1670 1225 1281 1813 2088 1547 1057 2098 2446 713 682 681 1339 217 197 2012 2521 1193 1161 1183 2155 1680 1732 1829 1894 1553 1481 1861 2349 274 272 1679 2069 389 371 374 1384 394 370 395 1607 970 966 1468 1902 1039 1041 1354 2239 636 319 316 1486 340 413 1490 1558 1251 1677 1975 1987 1528 1601 2167 2278 1219 1262 1263 1643 2077 1451 2598 2609 538 1785 1859 2000 604 580 606 2090 1947 1431 2285 2546 1677 1822 1975 1987 1566 1385 1641 1818 1516 1362 2032 2390 1128 1113 1562 2449 2370 1954 2504 2547 1156 1146 1147 1685 1094 136 1097 2294 1547 1351 2140 2153 1601 1218 1203 1236 1633 1392 1754 1764 1220 1219 1424 2250 1549 2037 2271 2421 1385 206 1399 1477 320 328 321 1383 671 684 670 2094 1663 1671 1833 2302 1329 1713 1860 1911 878 879 1532 1720 403 353 2057 2207 1394 1589 1655 1768 1330 1595 1669 1889 1449 1896 1959 2490 1601 1511 1628 2278 1168 1166 1167 1719 1795 1001 2182 2336 1696 2231 2346 2507 709 764 699 1521 527 529 1865 2232 684 686 670 2094 1680 1109 1894 1903 1269 1322 1602 2429 324 48 325 1701 282 283 1543 1947 558 567 1686 1690 132 131 1928 1983 1753 1357 2037 2311 1135 1118 1931 2061 29 153 30 626 1449 1359 1890 2568 731 753 1461 1981 273 1552 1598 1716 1373 1927 2053 2536 950 1536 2183 2258 1267 119 1668 2096 373 380 370 1921 472 483 1418 2097 1766 1707 1971 2161 1093 1065 1770 1820 1789 1464 1810 2047 814 793 820 1665 1682 1530 1915 2164 1621 1755 1790 2194 2037 1386 2198 2299 296 940 1364 1996 202 206 204 1477 174 239 180 1411 267 175 1421 1483 165 1455 1634 2111 556 412 921 1427 846 853 1504 1948 1571 1604 1909 2425 460 486 479 1376 1136 1312 1545 2018 1094 1096 1097 2025 1410 1428 2106 2503 1137 1126 1618 2100 1134 1136 1135 2100 1434 1647 1944 2519 1283 1957 2127 2348 196 198 1629 2465 1484 1897 1982 2165 1092 574 608 1423 481 485 480 1387 764 731 1461 1981 533 1597 1924 2232 482 575 1399 1641 2380 2135 2408 2435 890 893 1375 2487 207 201 184 1731 703 705 2224 2403 1266 121 1280 1797 759 757 758 1843 1655 1630 1699 1921 1391 2284 2435 2506 1554 646 1767 2328 1162 1156 1147 1685 1668 119 2208 2389 1130 1153 1164 1804 1271 1884 1957 2348 1191 1263 1264 1643 1554 1516 1749 2109 329 333 1930 2104 732 733 710 1749 651 639 732 1670 1207 1205 1512 1811 447 471 44 1501 1589 1394 1801 2003 1165 1474 1649 1978 357 362 359 1801 328 316 1486 1650 1446 1732 1877 2499 719 700 746 1567 1814 2124 2270 2401 2158 124 2228 2340 1798 1687 1853 2430 1074 1076 1428 2106 1754 1329 1764 2285 447 438 445 1403 1958 1808 2057 2178 326 340 318 1639 1159 1173 1166 1507 1490 157 1510 2275 1623 1345 2443 2450 192 201 1900 2117 1353 1830 2342 2520 1419 1396 1472 1769 153 171 30 644 1276 1197 1654 1810 1216 1286 147 1696 1959 1896 2038 2490 1439 2373 2585 2608 1259 1257 2028 2236 416 336 401 1381 641 1444 1703 2050 1526 1368 1579 1951 2254 988 2439 2549 1177 1275 1215 1841 532 1472 1485 1859 1751 1766 1971 2161 902 884 860 1502 373 1537 1655 1921 1321 117 1320 1875 128 1304 1599 1856 127 1288 1290 2324 772 762 1456 1632 1516 1395 1554 1749 107 108 1673 2352 414 326 317 1639 605 615 614 1967 174 179 181 1503 1405 1589 1801 2003 1126 1135 1904 2061 1558 1490 1621 1755 739 266 1516 2109 1276 1211 1275 2047 622 623 624 2147 680 681 1339 1662 394 370 1607 1921 1469 1511 1570 2486 165 160 1455 2111 1665 1363 2016 2553 1130 1663 2214 2367 1771 1526 1901 2034 2300 1380 2574 2605 1920 1338 2407 2544 442 431 444 1401 2077 1729 2414 2589 1985 2052 2462 2562 200 217 2012 2521 1166 1173 143 1847 1725 1405 2241 2360 1909 1604 2082 2113 1308 1301 1292 1780 253 254 1329 2017 2247 1101 1109 1108 2108 1452 2311 2533 572 1420 1738 2523 392 366 1358 1898 268 267 174 1483 500 519 1328 1940 2048 1250 2103 2176 1611 1729 1822 2021 523 1441 1742 2157 574 607 608 1423 2218 1318 2229 2573 1222 1226 1624 1779 1021 999 1032 1440 1036 1035 1373 1466 1511 1469 2024 2114 123 1295 1995 2007 685 706 666 1735 1224 1424 1643 1756 1226 1223 1624 1779 1811 1684 1873 2402 1257 1258 1789 2236 273 276 248 1716 867 854 1727 1753 942 776 94 95 1024 1027 2203 2210 2362 1705 2515 2543 1857 1535 1958 2604 341 323 328 1650 1553 1438 1627 1791 1420 1410 1724 2523 1882 2065 2129 2227 1752 2087 2291 2439 122 1851 2007 2079 1838 1496 2073 2272 1547 1069 1906 2120 1432 1524 1594 1614 213 228 1938 2521 2064 2143 2394 2467 2330 1732 2369 2499 991 1071 2087 2447 1964 1805 2027 2298 1656 1549 1872 1873 1569 1453 1794 1973 438 447 1501 2001 1527 1965 2466 2549 1517 1388 2509 2563 171 31 30 644 107 106 1822 2397 1345 1592 2377 2443 670 671 2094 2587 260 734 31 733 1579 647 2418 2423 1404 1633 1976 2341 1162 1152 1156 1791 1391 1345 2506 2435 1193 1161 1635 1834 1729 1822 2021 2080 1744 1514 2016 2175 1487 2013 2588 2595 955 292 962 1714 783 423 1339 1412 976 969 978 1929 1393 516 1835 1968 683 641 1703 2050 428 408 407 1375 187 165 1463 1634 1332 518 1441 1742 48 658 678 1701 1748 1759 2300 2614 1336 1413 1650 2123 1153 1649 1804 1960 1676 1357 2190 2399 1816 1762 2426 2592 796 1514 2175 2355 1495 1578 2212 2537 346 341 347 1935 2555 1457 2565 2602 1207 1201 1197 1751 226 1508 1977 2436 841 1360 1870 2245 1153 1152 1151 2124 736 761 737 1831 1483 1421 1621 2194 991 1715 2041 2447 1182 1124 1186 1782 1419 2037 2461 2557 1500 1823 2042 2068 788 789 786 1544 1671 1369 2288 2380 1380 1646 2174 2300 1253 1254 1252 1987 1636 1500 1765 1823 1214 1278 1215 1692 136 1094 137 1563 955 953 258 1536 1495 2144 2469 2489 1556 1652 1717 2125 850 845 836 1551 1461 1521 1929 2336 109 108 2103 2395 2188 1920 2407 2544 30 153 644 626 676 1383 1523 1701 777 304 34 35 1534 1631 1838 2332 1052 1056 1060 1520 1579 1825 1951 2260 1877 1757 2244 2349 1287 1291 1289 1615 1693 834 1796 2128 1508 1714 1913 2183 1305 1290 1964 2324 1295 1296 123 2165 1479 1644 1663 1671 544 537 1785 1924 1851 1890 2223 2490 744 1567 1619 1815 1761 1538 2070 2197 184 207 1731 2005 447 44 448 1501 954 967 944 1902 1341 1342 1580 1803 1934 1550 2235 2516 1435 1179 1867 2238 1677 1611 1987 2417 684 668 685 1642 1011 1440 1470 1679 1004 1088 1945 2393 2077 1459 2206 2598 1663 1153 1814 2302 1601 1628 2167 2278 402 424 1347 1412 110 111 1839 2424 1583 1602 2058 2467 980 1002 1795 1945 1336 1777 1930 2131 1248 1247 1709 1839 1487 1708 2013 2567 316 315 635 1460 637 676 1383 1523 1882 1574 2065 2227 1433 1520 2112 2140 1032 1440 1878 2133 290 1543 1800 1976 1481 1680 1829 2296 528 537 538 1785 1450 1400 1879 2233 1845 1551 1946 2256 137 136 1563 1832 1333 2350 2511 2516 1492 1540 1635 2132 2242 2324 2327 2400 390 384 59 1881 1617 1473 1718 1876 1421 1862 2194 2591 676 642 1383 1701 1494 1643 1887 2155 1776 1394 1882 1883 1778 1595 1953 2454 1737 1884 1957 2455 146 2003 2171 2507 805 1360 1659 1664 684 685 686 1642 926 927 1565 1892 1148 1555 1682 2218 881 1806 2112 2149 2111 1755 2359 2591 579 581 580 2485 1659 1515 2060 2322 1262 1176 1193 2155 1352 1528 1656 2083 2287 1890 2427 2568 1900 1731 2117 2162 1195 1193 1635 2132 1158 1152 1157 2401 280 258 281 1536 1789 1570 2222 2422 29 152 153 626 152 29 625 626 137 1563 1925 2178 716 698 717 1335 716 789 687 1335 1548 1585 1688 2039 610 611 1967 2133 259 260 166 1670 1747 1522 2094 2444 845 1409 1551 1720 1700 1450 1758 2233 1652 985 1717 2125 2197 2070 2199 2345 118 119 1233 2096 1372 1381 1398 1558 1990 1488 2101 2392 749 721 750 1466 189 1900 194 2117 368 372 1414 1874 1377 1648 1657 1824 800 796 1514 2175 1406 1744 2060 2377 1689 711 1721 2418 621 148 1334 2044 380 373 379 1921 1359 1614 1890 2287 188 191 1448 1458 192 201 1731 1900 191 190 189 1448 1247 110 1248 2267 1151 1130 2124 2214 1608 1438 2137 1469 564 1462 1502 1820 1009 997 1426 2041 1644 144 1833 1836 1713 1866 2400 2474 1530 2229 2253 2494 332 348 350 1442 193 212 1718 1876 1371 1492 1766 2135 1144 1181 1161 1564 1394 361 1801 1874 1192 1189 1187 2154 859 865 853 1948 1329 1713 1876 2180 889 892 887 1722 520 517 1742 1835 425 424 402 1412 334 449 1339 1846 1399 494 1641 1818 1469 1608 1934 1962 2227 2171 2231 2364 1380 1484 2489 2574 128 1305 2298 2324 1301 1307 1308 2027 1322 1269 1282 2429 1547 1062 1819 1906 1331 1603 2055 2491 1146 1156 1147 1802 413 414 419 1674 2014 1748 2193 2318 424 1347 1412 1610 1726 1571 2125 2572 873 892 889 1722 1494 1432 1643 2344 1323 1236 1237 1855 1708 2031 2128 2202 996 1009 997 1426 1017 1015 1016 1422 1724 1410 1817 2420 1582 1631 1653 1697 286 1543 1830 2032 1035 1037 1373 2239 245 582 616 1513 578 494 489 1641 1000 961 962 1475 1109 1113 1098 1750 144 145 1836 2171 1446 1877 1985 2136 1122 1123 1126 2061 1274 1273 1253 1961 1648 1377 1797 1824 1189 1524 1675 2023 553 575 1641 2196 415 413 399 1674 730 709 729 1736 581 553 1681 2196 1621 1421 2121 2413 2063 1745 2251 2513 1807 1372 2571 2604 950 951 1536 2258 1332 518 1742 1835 1654 1211 1677 2048 2152 1386 2153 2457 1585 1107 1788 1918 1336 1413 1590 2276 804 834 838 1693 1152 1153 1151 1960 920 918 919 1441 1055 863 1054 1351 291 236 1508 1913 338 714 682 1846 1499 1384 2009 2375 919 918 916 1441 2317 1366 2337 2407 2030 354 2055 2451 944 967 972 1902 1805 1374 2023 2102 989 987 1717 2125 1177 1215 1474 1841 1350 1916 2505 2582 1472 860 1502 1730 2337 2317 2463 2593 1542 1492 1821 2306 1393 2235 2310 2396 315 635 1460 1901 1492 1540 1542 1766 1534 1429 1546 1631 1498 1369 1814 2357 519 480 1387 1940 1413 323 1650 2123 1145 1142 1773 1944 1218 1687 2430 2545 1339 1347 1348 1497 889 810 1515 2522 1829 1894 1908 2296 1568 1227 1591 1648 832 830 1533 1972 688 679 691 1378 1498 1707 1766 2357 2140 1864 2153 2334 551 552 1600 1988 975 1007 2290 2329 432 406 353 1786 1336 1460 1486 2437 1582 1653 2186 2438 336 351 1414 1741 1359 1377 1424 1657 402 423 463 1412 1374 1678 2237 2460 1211 1276 1698 1809 651 646 655 1767 1369 1671 2357 2380 814 793 1665 2175 135 1539 2259 2294 1090 1070 2036 2120 1619 1989 2309 2403 1726 1468 1902 2043 1306 1189 1299 1849 1405 1725 2003 2171 1440 1341 1878 2133 291 292 258 1714 2159 2107 2282 2321 121 122 1298 2015 1040 1041 1373 1927 1205 1244 1247 1811 133 1739 132 2456 1449 1568 1591 1824 77 1033 619 2133 1595 1778 2097 2454 990 952 1361 2125 823 805 1360 1659 753 93 963 766 1760 1995 2007 2158 1776 1882 2065 2129 1237 1238 1240 1855 1215 1214 1692 1867 2136 1480 2409 2462 1243 1268 1241 2083 1216 1286 1279 1450 361 1394 1537 1874 1840 1880 1912 2484 996 994 1426 2139 13 948 293 1658 286 287 1543 2032 1183 1264 1643 1887 1117 1116 1115 1704 1232 1231 1233 1581 1509 1547 1906 2120 1388 1559 1787 1812 911 917 914 1609 1836 143 2029 2379 825 899 2008 2134 301 774 33 300 600 602 1482 1967 927 65 535 1892 449 779 783 1339 1966 111 2063 2251 2129 2164 2494 2573 1134 1137 1904 2273 1732 1837 1877 2499 1492 1498 2135 2142 1833 1644 1836 2379 1784 2066 2363 2416 1304 1309 1292 1599 369 383 382 1699 562 532 1472 1485 113 2031 2151 2292 1480 1732 2385 2391 1304 128 1305 2298 170 165 1455 1463 1280 1281 1221 1787 1884 1271 1957 2429 171 260 31 1670 686 684 1642 2094 1452 1512 2108 2406 1377 1594 1756 2088 1312 1313 1325 1999 2292 2334 2351 2457 1285 106 1279 2080 1625 1480 2385 2391 2289 1371 2306 2554 1784 2363 2404 2416 384 909 59 1881 416 317 1398 1558 1357 1551 1842 1946 1342 1443 1552 1580 829 856 1586 2112 396 1384 1557 1607 1529 1172 1698 1775 2286 2216 2565 2610 163 160 162 1445 1402 1327 1708 2202 2290 1852 1007 2386 545 550 546 1817 1529 1255 1707 2161 859 853 852 1948 770 769 768 1364 2122 1572 2243 2384 770 304 35 297 882 902 1346 1502 266 33 32 739 1054 1052 1351 1520 1464 1459 2077 2116 916 531 1332 1565 479 481 476 1376 1228 1234 2022 2143 1582 1099 1826 2438 830 858 1533 1972 985 984 986 1652 1606 1805 2105 2188 869 854 867 1753 1515 1722 2056 2392 1792 1823 2076 2192 1273 1261 1284 1775 1514 1664 2016 2355 380 379 386 1699 1067 1066 1093 1820 1648 1221 1797 1813 1509 1914 2152 2153 1870 1664 2355 2411 1842 2010 2103 2256 626 1334 1577 2303 774 34 301 33 645 626 1577 2423 685 695 694 1989 1959 2208 2211 2433 1850 2256 2281 2395 1100 1102 1688 1697 343 347 344 1603 179 174 1411 1503 209 241 442 2005 599 601 1482 1988 718 698 689 1370 1915 1451 2326 2354 815 875 2053 2187 1587 1645 1942 2471 988 981 1652 2254 105 104 1969 1993 341 328 320 1650 874 848 831 2101 1190 1175 1188 1620 480 481 1387 1942 1443 616 246 1598 1729 1979 2170 2589 1493 1582 1631 1653 1160 1161 1773 1799 1572 1479 1695 2514 1520 1351 1586 2140 901 880 923 1354 1568 1449 1657 1824 1443 1552 1580 1716 1272 1239 1728 2213 1777 2045 2126 2145 1381 1372 1398 1741 240 448 456 1501 187 190 177 1634 774 33 300 773 776 942 941 95 389 396 1384 1557 266 33 739 773 33 266 300 773 1219 1263 1424 1643 605 603 615 1580 1911 1713 2400 2474 1952 2292 2351 2457 1169 1189 1299 1616 161 162 160 1445 797 817 793 1370 2015 1787 2453 2469 1107 1150 1128 1861 1702 1499 2368 2375 1384 1499 1587 1702 1748 1667 1759 2614 1429 1355 2332 2581 1787 1495 2453 2469 1666 1506 2195 2307 152 624 151 1334 624 623 621 2147 92 754 93 963 1537 1394 1655 2326 473 466 447 1403 1433 1533 1586 2112 1534 1421 2332 2413 1420 1991 2287 2523 1692 1400 1712 1879 878 874 831 1720 1572 2122 2243 2247 175 1483 1790 2111 2306 2289 2554 2577 1794 1484 1897 1982 2033 1805 2105 2148 1491 1605 2206 2609 235 280 285 1658 890 894 427 1390 235 258 280 1536 901 881 2008 2149 1162 1158 2115 2401 1480 1446 1829 1908 1460 322 1901 1930 1539 1563 2294 2319 1570 1789 1962 2323 754 92 958 963 355 342 2055 2451 1929 1736 1981 2448 1253 1210 1251 1677 824 848 1409 2245 1516 1362 1667 1800 1736 1525 1981 2448 1458 2335 2434 2564 584 1778 2368 2454 780 783 779 1339 819 821 808 2355 1633 1329 1754 1911 1840 1929 2182 2393 1103 1109 1680 1903 857 1053 1054 1520 1653 1519 1750 1826 204 202 1477 1731 2053 1354 2134 2191 1408 1438 1469 2431 679 677 665 1541 1287 1292 1305 1964 1528 1656 2083 2167 2016 1439 2150 2163 1558 1526 1639 2131 335 323 341 1413 1044 1049 1354 1852 1362 1543 1800 2032 1380 1646 1840 2144 908 904 1344 1881 1438 1553 2349 2582 119 2064 2211 2433 1111 1100 1110 2369 220 468 469 1477 1633 1754 1856 1911 1543 287 1800 2032 1537 1394 2326 2580 730 709 1736 1981 615 605 1580 1967 1064 1346 1819 1820 1297 1300 1995 2266 175 186 238 1421 1696 2170 2346 2414 980 1002 1001 1795 694 701 686 1871 240 455 448 1501 1116 1117 1115 1931 1245 1272 1672 1905 1055 1054 1063 1351 1872 1549 1950 2151 1060 1057 1547 2446 1001 980 1795 2182 879 826 905 1532 878 873 874 1488 1423 1410 2106 2503 1643 1494 2114 2155 1521 751 1795 2336 1481 1804 1861 2449 1511 1934 2405 2486 254 252 256 1733 1181 1161 1564 1887 1355 1590 1689 1951 1751 1542 1766 1821 1852 2191 2265 2508 458 474 1403 1844 1011 961 1010 2428 864 860 1472 1730 1587 1384 1702 1955 1126 1127 1618 2039 1322 1321 1602 2314 1276 1698 1809 2161 1169 1315 1299 2458 1297 1299 1294 1982 562 883 1472 1997 1400 1435 1529 1775 1405 1589 1910 2030 1155 1151 1131 2214 2059 1454 2383 2590 943 766 942 2119 1291 1300 1666 2255 305 1526 1639 2275 1354 2008 2134 2191 292 278 962 1714 1337 1640 1865 2557 559 933 560 1892 135 1095 1106 2020 1203 1628 1783 2024 1138 1505 1944 2209 680 1339 1348 1541 1187 1184 1683 2154 1213 146 145 2364 906 1344 1532 1609 1704 1496 2059 2272 144 1178 1833 1836 1226 1222 1624 1812 1597 2160 2190 2232 1247 1249 1970 2040 1494 2114 2155 2382 236 1508 1913 2180 39 397 393 1584 1356 1614 1991 2287 379 1655 1699 1921 750 1034 922 1466 864 843 1504 1727 1811 1248 2176 2267 1654 1611 1677 2047 207 208 2002 2005 1481 1553 1605 2505 760 736 1632 1831 2191 1651 2534 2536 1622 1854 2090 2252 1297 1295 1294 1995 2263 2240 2290 2543 1193 1176 2024 2155 487 218 215 1818 140 141 1108 2122 1389 1959 2208 2432 1963 126 2113 2156 1165 1212 1179 1474 878 876 879 1720 1480 1625 1732 2391 1630 1430 1655 1699 1899 134 2274 2321 1195 1196 1828 2024 181 179 167 1503 131 1781 1928 1983 937 985 982 1652 150 149 1334 1510 212 193 1617 2006 643 319 636 1486 1163 2137 2222 2236 387 1328 1898 2157 1750 1098 1826 1893 1515 810 1659 2476 1500 1765 2068 2071 1479 1425 1572 2029 1105 1102 1697 1826 126 127 1612 2082 461 366 390 1344 2188 1342 2353 2407 1254 107 1285 1822 608 594 74 1082 1916 1465 2468 2502 588 1067 1093 1820 1113 1112 1562 1680 708 758 1525 2204 1102 1100 1110 1697 1792 1633 1856 1911 1242 1240 1239 1656 812 805 824 1659 1204 1235 1200 1684 429 387 1898 2157 1732 1625 1829 1894 1691 1575 1973 2154 1064 1059 1055 1346 1024 1032 1878 2133 128 127 1911 2075 1752 1547 2087 2098 1817 545 1956 2000 1053 1056 1520 1806 889 873 1722 2101 1579 1771 1825 2260 1406 1348 1497 1541 1206 1205 1709 2099 1409 1990 2101 2322 174 181 268 1483 1595 1889 1953 2249 1468 1646 1726 2572 539 587 1462 1485 1460 1336 1825 2437 1362 1516 1632 2390 1698 1775 1961 2325 1443 216 1938 2006 215 202 220 1477 1312 1313 1999 2528 1514 802 1980 2476 1477 1418 1566 2162 1311 1119 1312 1545 2261 1340 2405 2421 136 135 1862 2020 1307 1189 1675 2023 1367 1525 1843 2520 1612 125 2113 2425 1280 1266 1787 2015 18 1025 275 2210 864 860 866 1472 922 807 749 1466 142 141 1318 2573 1649 1791 2028 2542 1276 1211 1197 1809 1409 1551 1845 2256 2046 1968 2310 2470 1230 1267 1711 2096 1277 1197 1751 2161 971 964 970 1468 1484 1706 1897 1932 1209 1207 1512 1654 229 224 223 1552 1762 1900 2117 2162 1413 1336 1650 2276 523 500 1328 1742 1377 1432 1614 2344 1189 1169 1299 2458 1514 1406 1744 2016 1117 1931 2049 2185 1980 1406 2476 2566 811 798 719 1886 1323 1236 1170 2167 1695 2214 2270 2367 1285 1252 1284 1700 1005 1043 2366 2386 560 559 1597 1924 1548 1505 1618 2100 1293 1295 123 2165 1880 1840 2376 2388 1099 1104 1625 1894 532 563 1785 1859 1914 1509 2092 2440 699 1521 2224 2333 1131 1150 1128 2093 1365 2142 2216 2286 1073 1067 71 593 2045 2126 2288 2450 1414 1741 1807 1857 2288 1712 2357 2380 933 559 65 1892 691 673 687 1544 605 616 579 1580 549 547 568 1738 1819 1547 1906 2153 899 880 2008 2134 605 614 1598 1967 387 391 1898 2412 1816 1958 2178 2359 1343 1444 2014 2482 172 167 179 1503 1218 1601 1628 2167 1706 1556 2144 2488 364 362 1655 1801 948 949 947 1658 1361 952 1726 2125 1293 1291 1297 1666 2011 1802 2124 2297 144 1178 145 2227 117 118 1875 2234 161 159 1490 1790 1383 328 1486 1650 1001 974 2182 2336 2 157 155 1510 1906 1462 1956 2320 668 685 1642 1735 1597 1565 2160 2232 1942 493 1955 2471 555 498 1595 1774 634 635 632 1460 789 687 1335 1544 159 162 161 1490 1263 1264 1798 2201 1347 1348 1497 2491 2261 1337 2358 2461 1336 1460 1901 1930 856 851 855 1586 1329 1764 1947 2017 1550 1393 2190 2396 1448 2268 2282 2319 1243 1245 1239 2189 532 1419 1472 1859 1680 1555 2218 2296 1585 1122 1893 2039 1964 1805 2023 2027 1347 1497 2118 2491 2242 128 2324 2400 735 738 1554 1749 1839 1728 2280 2424 1702 1403 1844 2375 2295 1160 2382 2419 1372 1381 1755 2225 1808 1908 1925 2078 1145 1182 1144 1782 265 263 300 1516 1598 614 1716 1967 842 852 837 1476 259 237 260 1670 1041 1035 1040 1373 1716 1878 2203 2210 1052 1062 1063 1351 1866 2148 2242 2474 1379 1522 1642 1747 896 1036 1373 1466 855 857 1520 1806 294 295 1353 1996 839 859 1586 1948 1388 1349 2172 2577 1545 1496 1739 2361 545 590 565 1956 968 967 952 1726 1587 1499 1953 1955 1386 1950 2037 2198 1382 368 1414 1874 1201 1277 1198 2422 1481 1446 1605 2504 1000 279 16 2428 1507 1649 2596 2598 1447 1391 1879 2378 1500 1636 1765 2478 1228 1232 1711 2578 1411 174 1483 1503 1769 1396 1819 2153 1539 2319 2409 2592 1013 1011 1440 1470 462 412 409 1427 1347 402 1412 1603 1834 1691 2172 2552 644 639 1577 1670 355 347 342 2451 1395 173 1660 1772 1454 1926 2383 2599 2173 1439 2179 2301 1294 1296 1302 1678 1304 1292 2027 2298 984 985 989 1717 832 822 1402 1870 2059 1704 2321 2456 848 845 831 1409 564 589 592 1502 962 278 1475 1714 668 706 685 1735 1458 2159 2268 2538 235 236 258 1913 1380 1489 2174 2195 961 957 1475 1560 156 149 150 1510 2073 1631 2272 2274 1728 1531 1839 2608 1665 1871 2016 2175 1499 2081 2370 2535 2058 1914 2092 2440 1696 1768 1969 2507 2341 1667 2611 2614 613 614 611 1716 855 857 1351 1520 1423 594 1637 2420 1247 110 2267 2559 2117 1762 2162 2426 956 1011 1470 1560 249 279 1475 2428 1294 1295 1678 1995 1255 1529 1698 2161 697 702 696 1619 112 111 2063 2424 1958 1381 2205 2475 1099 1095 1096 1582 1580 1482 1803 1854 147 1768 2220 2507 1642 1734 1989 2163 1781 1928 2066 2339 324 320 1383 1701 893 890 1375 1390 2199 1839 2280 2424 924 1676 2160 2184 58 895 384 1390 1798 1569 2201 2552 532 1419 1785 1924 1429 1493 1631 1653 1495 2453 2469 2488 1112 1113 1128 2093 1247 1205 1248 1709 1937 1550 2235 2311 1222 1226 1221 1812 766 942 776 94 257 1913 1947 2180 2089 1931 2499 2531 1169 1190 1569 1973 388 460 1376 1607 1103 1113 1149 1680 1715 2038 2041 2447 1407 998 1596 2041 1396 1419 1472 1727 1522 1744 2094 2587 1522 1642 1747 2094 1428 1906 1956 2036 2179 2173 2527 2567 1499 1587 1702 1955 568 572 1420 1738 1622 599 1854 2523 2212 1578 2484 2537 1993 1532 2257 2551 109 1208 1250 2070 1471 1784 2363 2404 605 614 620 1598 346 335 1413 1935 504 505 1968 2470 837 829 1476 1796 1393 1550 1694 2310 145 146 2086 2171 113 1872 1884 2151 1550 2261 2311 2557 1349 1453 2172 2525 1587 1645 2046 2308 1687 1624 1779 2130 528 529 537 1785 893 903 1390 1907 92 754 958 977 1588 1599 2255 2493 1189 1299 1849 2458 515 514 527 1694 2070 109 2199 2345 937 968 990 2125 1071 1008 2087 2120 1906 1090 2036 2120 497 472 470 1778 244 582 245 2196 1240 1237 1855 2213 1137 1126 1135 1904 2313 1366 2337 2593 142 1318 1168 1682 660 662 637 1623 1234 1231 1268 2539 1641 489 1681 1774 1179 1215 1435 1867 1547 1509 2087 2120 1882 1451 2231 2326 1999 2066 2339 2528 1350 2206 2308 2516 1368 1395 1767 2613 999 1440 1679 1878 1368 1579 1689 2418 1502 1346 1820 2277 1566 1595 1778 2097 617 620 26 1598 965 973 1922 1929 2045 2286 2408 2565 1116 1118 1704 1899 590 539 1770 1956 605 579 603 1580 2071 1434 2209 2519 203 205 184 1401 1589 1710 2257 2558 266 265 300 1516 417 399 420 1445 1252 1284 1700 1775 765 754 92 977 1673 1254 1700 1961 236 231 234 2180 1663 1155 1719 2367 1326 1927 1945 2262 2110 1433 2140 2149 485 519 1387 1584 1464 1474 1841 2512 720 694 695 1989 831 1409 1720 2101 1611 1822 1987 2021 1107 1150 1146 1918 107 1285 106 1700 917 906 914 1609 1585 1618 1788 2039 2022 1593 2166 2278 361 365 1801 1874 961 1011 1560 1679 1152 1158 1157 1791 93 943 963 766 1177 1256 1212 2238 1576 1986 2322 2392 1472 866 1727 1997 1161 1181 1183 1887 683 1703 1747 2050 769 297 296 1364 1717 1723 1984 2079 1211 1209 1809 2473 752 1001 90 1087 978 1004 980 2182 2221 1705 2240 2515 107 1254 1285 1700 1395 1454 1660 2341 379 373 364 1655 1098 1109 1101 1894 625 626 622 1334 1081 565 590 1770 775 1003 1087 1045 1908 1808 2370 2547 1589 1430 1655 1768 1466 746 1567 1886 1919 1458 1983 2538 446 473 447 1403 1953 583 555 554 416 414 1558 1674 1131 1155 1555 1804 1640 1333 2046 2516 841 836 845 2245 985 984 1652 1717 1293 1297 1295 1666 914 906 912 1609 226 234 1977 2180 234 232 1977 2180 106 1279 105 1758 1318 141 2229 2573 1363 819 1665 2355 120 1267 1668 2453 1636 1310 1743 2192 1440 1021 1740 2133 1277 1201 1198 1751 396 371 389 1384 1302 1315 1794 1897 243 217 1417 2521 1684 1656 1811 1873 1137 1505 1618 1944 425 424 1412 1610 1329 1404 1764 2017 1545 1136 2018 2361 1257 1255 1277 2161 1543 1667 1800 1976 111 2063 2251 2513 350 351 332 1442 1219 1220 1424 1593 373 360 364 1655 1437 484 2046 2249 2037 2311 2461 2557 881 858 2008 2112 11 303 945 940 1459 2077 2116 2598 1554 1748 1831 2495 886 888 1610 2118 768 776 941 95 1215 1172 1435 1775 360 361 1394 1537 1432 1494 1643 1887 139 138 1104 1925 1432 1471 1494 1620 1761 1531 1839 2070 974 976 1929 2336 838 840 1693 1796 749 746 1466 1886 2409 2136 2462 2562 1858 144 2065 2227 469 487 215 1818 1428 1906 2036 2120 1577 166 1670 1772 93 943 766 94 766 943 942 94 297 35 769 296 1326 1521 1945 2182 1012 302 272 1679 1564 1182 1620 1782 1508 1560 1714 2183 317 326 1398 1639 1951 1621 2332 2581 379 364 369 1655 829 842 1476 1586 731 764 1461 2336 1026 1024 1032 1878 1193 1834 1183 1161 1966 2199 2280 2424 2301 2173 2373 2484 976 1461 1929 2336 1969 105 1979 2080 1095 135 1097 2020 900 1050 99 1051 1696 1574 2364 2500 884 592 68 883 376 374 1537 1557 1571 1613 1717 1723 1381 1755 2225 2359 1504 853 1730 1948 884 592 69 68 1248 1512 1208 1205 1396 1386 1504 1948 633 636 1460 1486 1624 1517 1711 2509 1291 1293 1297 1995 634 633 1460 1825 1731 1418 2001 2005 1135 1115 1118 2100 1064 1063 1819 2277 1683 1575 2071 2209 1167 1166 1663 1719 1167 1168 1682 1847 1581 1517 1661 1974 1533 829 1586 2112 1931 1904 2061 2416 1057 1008 1069 1547 1248 1512 1811 2176 868 861 1727 1997 1323 1223 1170 1779 305 318 340 1639 226 278 291 1714 35 10 769 296 521 557 500 1328 1385 1477 1566 2162 708 756 758 2204 1028 596 1023 1600 635 633 636 1460 1912 1379 2289 2301 2346 2170 2396 2575 599 598 1622 1854 1552 1443 1598 1716 10 11 938 296 1179 1214 1215 1867 10 938 769 296 728 727 715 2482 1561 1450 1692 1879 1629 1385 2052 2162 1168 1148 1167 1682 374 376 389 1557 1841 1464 2047 2417 2193 1759 763 2204 1538 1251 1673 1961 1590 1777 2045 2312 1875 1746 1974 2374 35 770 297 769 941 95 938 769 898 923 1354 2239 941 768 95 769 696 700 697 1619 271 223 1552 2069 925 926 924 2160 1074 998 1407 2041 2212 2466 2488 2518 1146 1147 1788 1802 1787 1495 2469 2509 938 769 296 1364 1227 1591 1648 1797 215 218 206 1477 373 381 1557 1921 119 2208 2389 2433 1105 1102 1110 1697 1449 1939 2092 2394 1934 1459 1962 2441 2191 2013 2240 2508 1246 1249 1873 2559 1435 1172 1529 1775 1242 1246 1249 1873 11 938 296 940 1787 1281 1812 1943 982 985 986 1652 1435 1400 1529 2284 1031 992 991 1715 1540 1198 1542 1751 1331 1592 2443 2491 200 206 1399 2465 1126 1118 2039 2100 1571 1613 2195 2425 323 329 1413 2104 219 218 487 1399 214 219 576 1399 1062 1060 1069 1547 755 763 1759 2204 32 266 739 2109 955 292 14 15 859 842 839 1586 115 1283 2127 2348 448 438 447 1501 1954 1530 2504 2547 387 411 410 2157 1886 1567 2053 2187 1015 1422 1740 2442 1329 1633 1713 1911 154 156 1490 2275 709 1521 1736 1981 1387 1645 1942 2354 857 1054 1351 1520 1372 1381 1558 1755 810 809 1515 1659 1347 424 2055 2248 1388 1624 1687 2130 562 67 866 1997 1675 1936 2102 2477 947 12 948 293 1922 965 1929 2393 475 470 1403 2368 686 685 694 1989 1263 1191 1224 1756 2085 116 2141 2217 1693 1745 1796 2198 953 13 281 280 1427 1358 1742 2157 689 700 1567 2309 1640 549 1686 1738 1103 1109 1108 2247 1283 1271 1957 2348 1063 1055 1351 2277 1378 1497 1544 1980 1398 1741 1777 2104 1319 141 1572 2122 1202 1194 1199 1542 1872 1549 2151 2492 1042 1040 1815 1927 1094 138 1096 2025 527 515 1694 1865 1927 1326 2091 2536 1952 1533 2031 2128 955 281 292 258 955 953 281 258 889 790 810 2522 203 1731 1401 184 1628 1511 2114 2278 1282 1245 2189 2429 1549 1352 1656 1872 1600 1988 2420 2503 1144 1145 1773 2072 1088 1005 1945 2393 287 288 1543 1800 1241 1243 2083 2189 1421 1483 1790 2194 975 2098 2290 2439 1392 1633 2095 2316 758 1525 1843 2119 287 263 1800 2032 1394 360 1537 1655 1238 1601 1656 1684 278 292 962 15 404 422 1455 1994 837 829 842 1476 837 852 846 1476 639 644 733 1670 1937 1357 2170 2190 652 647 654 1579 1453 1575 1849 1973 281 955 292 14 1167 1148 1555 1682 693 681 675 1662 953 955 281 14 13 953 281 14 498 494 1595 1641 1527 1652 2254 2549 1572 142 1644 2029 1170 1218 2250 2278 1235 1204 1200 2483 1495 1787 2453 2509 1629 2052 2335 2462 855 851 1520 1586 627 629 654 1771 1621 1429 2332 2581 44 471 466 1501 818 821 819 1402 1379 1638 1642 1734 591 72 1067 71 1192 1190 1973 2154 408 385 1390 1710 1316 1317 1310 2192 279 15 1000 16 1081 565 73 618 523 524 518 1441 1095 1105 1106 1697 400 416 401 1381 1553 1481 1605 1804 2383 1926 2538 2599 1734 1439 2016 2163 131 1317 130 2076 1261 1216 1279 1450 1747 661 1868 2444 1219 1220 2130 2430 1109 1098 1101 2438 707 699 2224 2333 103 885 1073 1084 2233 1700 2325 2343 1621 1368 1951 2332 256 231 236 2180 1949 1947 2285 2546 1348 1339 1497 1662 731 753 754 1461 1532 1488 1845 1993 1340 2293 2350 2405 332 351 1741 2548 1154 1162 1147 1627 1824 1797 1851 2088 763 726 1748 2193 1597 861 1727 1753 1196 1163 1540 1635 1301 1964 2023 2027 455 209 442 2005 763 726 2193 2204 1476 1433 1533 1586 153 1503 1577 2303 719 798 797 1370 1042 1043 1927 1945 1392 1633 2316 2341 1488 874 1720 2101 842 852 1476 1948 1454 1633 1926 2464 463 425 1412 1610 1327 2054 2202 2280 1206 1204 1200 1684 245 246 616 25 594 595 74 1637 139 1104 1101 2078 1595 1778 1953 2472 1478 252 1733 1876 153 626 1334 1577 218 487 1399 1818 1231 1581 1661 2374 1590 659 1689 2437 1218 1170 1220 1779 1343 2216 2283 2610 1380 1484 1506 1932 582 245 616 25 19 612 1027 277 1496 1545 1739 2042 1376 398 1702 1844 377 363 2009 2207 1361 1613 1909 2113 423 334 449 1339 1637 565 1941 1956 1437 484 567 1686 1500 1765 2071 2478 916 918 1332 1441 2119 1843 1367 1525 416 317 337 1398 924 913 1676 2184 1325 1313 1324 1999 303 12 945 1996 2114 1643 2250 2278 613 277 276 1716 911 920 1427 1441 17 1012 302 272 2197 1360 2280 2411 1428 1423 1817 2420 1229 1281 1221 1813 1374 1524 2023 2102 1952 1386 2198 2457 1383 1413 1650 2276 1736 729 2014 2333 1337 1769 2000 2603 1410 1428 1817 2420 999 1032 1440 1878 1495 1668 2453 2488 1684 1512 1811 2480 323 341 1413 1650 1210 1211 1253 1698 1627 2295 2382 2419 1656 1238 2083 2167 615 600 614 1967 432 404 1786 1994 431 432 433 1786 1118 1688 2039 2100 1322 1268 1241 1661 1314 1308 1310 1636 453 458 443 1844 858 1533 1972 2008 732 710 735 1749 1380 1932 2144 1484 1515 889 1722 2101 1583 1914 2058 2138 1211 1210 1253 1677 937 989 985 2125 563 538 1785 1859 708 709 730 1981 449 713 779 1339 1352 1340 1528 1583 2240 2263 2515 2543 1872 1352 2189 2455 1048 2149 2329 2446 1439 1487 2567 2608 2089 2066 2531 2564 395 388 394 1607 1140 1161 1160 1799 246 616 25 617 704 705 706 1638 1877 1837 2330 2499 1311 1313 1310 1743 1245 1243 1241 2189 1484 1787 2015 2469 1560 1508 1869 2156 119 118 1233 2064 1419 1727 1924 1997 1752 1547 2098 2110 1100 1118 2330 2369 1230 119 1233 2064 545 565 542 1637 910 924 2160 2184 1405 1382 1442 2360 131 1926 1998 2076 1190 1192 1524 1620 1181 1182 1175 1620 133 134 2268 2560 883 866 1472 1997 1965 1527 2439 2549 1369 2011 2555 2594 1535 1958 2057 2475 1410 1420 1724 1738 1472 1396 1504 1730 1714 1536 1913 2183 1537 373 1557 1921 1428 1509 1906 2120 962 957 955 1714 1396 1769 2152 2153 1254 107 1822 1975 1150 1107 1128 1918 146 1725 2086 2171 1522 1379 1642 2163 1081 565 1770 1941 1602 1583 2314 2467 2111 1448 1832 1634 1665 814 2175 2355 1500 1496 1545 2018 711 641 1689 1721 125 1288 1289 1612 1192 1189 1169 1524 1366 1426 1470 2139 1860 126 2156 2570 1934 1452 2261 2405 450 463 891 1610 2300 1392 2341 2611 953 281 258 1536 1106 1095 1697 2020 1336 1526 1825 2131 713 449 682 1339 558 1622 1420 570 1666 1506 1932 2195 656 742 641 1444 368 351 350 1382 424 402 1347 2055 2110 2168 2217 2263 1585 1695 2297 2555 1190 1192 1169 1524 1197 1207 1751 1809 1327 1708 2054 2567 615 603 602 1580 1734 1880 2179 2301 2060 1761 2371 2377 318 305 1526 1639 536 920 919 1441 1222 1223 1220 1593 773 738 739 1516 2063 112 2151 2513 1252 1254 1822 1987 1336 1486 1650 2276 1773 1799 1923 2510 1091 1020 2106 2442 885 884 592 69 1392 2300 2445 2605 282 290 253 2017 1274 1275 2047 2417 1526 1558 1621 2131 382 383 378 1710 103 885 1084 70 1342 1473 1617 2188 885 1084 70 593 1328 1742 1898 2157 1379 1522 1747 2050 1126 1137 1125 2273 582 244 245 24 582 577 244 24 1172 1215 1435 1529 1428 1423 1637 1817 1823 1633 1926 2042 869 862 1753 2315 1329 1754 1911 1949 2242 128 2400 2474 465 483 1477 2002 1667 1395 1976 2341 138 139 1104 1493 703 702 697 1619 272 1012 1679 2069 123 1984 2007 2158 1166 143 1168 1847 778 783 780 1339 713 681 780 1339 1570 1783 2422 2480 757 759 772 1843 1342 1473 2188 2353 1179 1165 1159 2302 1330 1595 1953 2472 1266 1281 1280 1787 1302 1594 1616 1678 1462 1485 1769 1859 1232 1233 2467 2532 245 216 225 1513 1488 1409 1990 2101 1836 1725 2086 2246 1934 1408 2293 2350 143 144 1883 2129 1435 1215 1692 1867 465 472 1418 2002 1189 1187 1184 1675 1476 1386 1796 2198 1914 1602 1957 2058 267 239 1483 2121 1330 1985 2052 2462 465 467 1501 2002 1044 1049 1047 1354 1543 1764 1976 2017 1303 1169 1616 1888 1264 1175 1190 1888 685 666 1642 1735 1927 1651 2191 2536 732 735 651 1749 1763 1647 2011 2510 1373 1354 1927 2239 26 246 25 617 109 108 1250 2103 485 521 519 1584 1484 1787 1943 2015 129 128 2242 2474 1314 1313 1310 2528 1849 1794 1973 2458 1512 1684 1811 2402 1900 189 194 164 488 483 495 1566 1225 1229 1756 1813 2141 2058 2291 2440 1850 1360 1966 2199 1242 1244 1811 1873 1618 1127 1788 2039 1379 1638 1912 2289 413 1490 1558 1674 1729 2170 2414 2589 1429 1493 1546 1631 1533 1708 2031 2128 246 216 245 1513 1286 1279 1450 1758 678 325 48 1701 1431 235 1913 1947 418 311 413 1490 1036 896 922 1466 1185 1124 1186 2209 1915 1954 2504 2505 2060 1515 2476 2566 1449 1359 1657 1824 295 296 1364 1996 1230 119 1267 2096 966 968 1468 1902 1998 1739 2042 2059 254 255 1404 2017 1435 1400 1692 1775 1479 1572 1644 2029 1836 1725 2246 2379 1461 958 1929 2448 1433 2008 2110 2265 2062 1781 2105 2339 992 986 1389 1715 27 613 612 277 1028 596 76 597 1699 1630 1898 1921 158 311 418 1490 1095 1096 1097 1626 946 1353 1364 1996 2489 1388 2509 2537 1165 1159 1164 1649 1162 1147 1627 1685 1418 472 1501 2002 793 817 820 1665 950 955 957 1714 1418 1477 1731 2162 243 577 244 2196 1556 1706 1723 2432 19 27 612 277 1028 609 1029 77 285 1536 1658 1830 1385 1595 1669 2052 1599 1309 1636 2200 2185 133 2268 2560 1190 1569 2154 2201 1178 1833 1836 1933 1895 2317 2327 2353 601 1482 1600 1848 1612 126 2082 2113 1296 122 1298 1678 128 127 2324 2400 17 18 1025 275 1074 1407 1428 2120 1086 618 1093 1770 1128 1150 1918 2093 469 468 465 1477 27 620 613 276 613 612 277 2203 1572 1425 2145 2497 316 327 1460 1650 755 756 726 2204 867 861 869 1753 589 564 1485 1502 122 121 1298 1851 1511 1469 1570 1783 216 246 1443 1513 1576 1700 2233 2343 760 755 1759 2204 1132 1150 1861 1960 2068 1434 2071 2445 1355 2514 2565 2594 1284 1261 1279 1450 453 1702 1844 2375 341 1383 1413 1650 1936 1805 2102 2105 1851 1824 1890 2490 1853 1834 1923 2172 622 624 625 1334 852 853 846 1948 1388 1798 2172 2552 1153 1663 1814 2124 1954 1397 2164 2547 710 738 1749 2109 1957 1737 2127 2348 1491 1553 1605 1804 1299 1294 1616 2266 1145 1142 1144 1773 1654 1512 2108 2323 1674 1445 1755 2205 555 499 498 1774 1326 1521 1795 1945 599 569 573 2523 1750 1695 1891 2093 1759 2193 763 1748 415 417 162 1445 1119 1136 1545 2361 1672 1487 1728 2054 1168 142 1682 1847 2206 2235 2308 2516 1936 1805 2023 2102 2085 116 2221 2515 1848 610 1967 2133 102 934 1059 1346 662 667 1623 2026 1013 1017 1014 1422 1825 1336 1951 2437 997 989 987 1717 636 316 1460 1486 1745 1549 2251 2513 1385 1595 1641 1669 1028 609 77 76 1152 1156 1791 1960 1330 1446 1985 2540 1989 720 2403 695 339 337 333 1398 374 363 1874 2009 778 784 932 1412 715 724 742 1703 337 317 330 1398 1257 1258 1198 1789 1028 76 1023 597 596 1028 1023 597 1258 1163 2222 2236 1279 1827 2021 2080 121 122 1706 2432 1171 1828 2137 2295 555 554 499 1774 1005 1043 1945 2091 1236 1235 1203 1601 396 388 1376 1607 1974 2173 2362 2484 1261 1172 2021 2264 1416 1538 1673 1961 1709 1531 1992 2483 1113 1112 1128 1562 1230 1267 1227 1711 1363 1327 2355 2411 911 918 920 1441 1240 1242 1239 2213 1323 1268 1237 2539 2306 2563 2577 2612 1601 1203 1628 1783 659 663 1590 1868 756 755 759 2204 1550 1934 2350 2516 1257 1259 1129 1707 1787 1559 1794 1943 428 408 1375 1390 1181 1144 1161 1834 1414 1535 1874 2207 1332 910 2160 2184 912 914 1609 2184 1057 975 2098 2329 1417 1385 1641 1669 1217 1176 1628 2024 1847 1682 2065 2129 27 613 277 276 2240 2263 2290 2329 988 1715 2439 2549 1358 1344 1609 1898 862 849 854 1753 1860 1508 1977 2180 397 485 486 1584 410 557 521 1328 78 19 612 1027 1516 1554 1667 1831 1969 1768 2346 2551 984 1389 1652 1717 435 241 205 1401 1394 1882 1883 2171 1792 130 1866 2148 1304 1292 1305 1599 462 61 412 1427 793 794 797 1370 1177 1275 1841 2512 1962 1570 2323 2486 1620 1188 1675 2477 843 854 1504 1727 283 285 1830 1947 1302 1303 1594 2088 2251 111 2513 2559 1617 213 1938 2521 1765 1392 2095 2316 1030 988 1031 1715 1377 1797 1824 2088 1156 1132 1146 1685 143 1173 144 1847 1091 1076 1075 1596 543 532 1485 1859 602 598 599 1482 142 143 1644 2029 1338 1356 2287 2337 1126 1122 1127 2039 1816 404 1994 2057 1296 122 1678 2007 1287 1289 1436 1964 1581 1661 1875 1974 1704 1117 1739 2361 1591 1449 1896 2211 1675 1936 2023 2102 108 1975 2103 2395 2317 2337 2463 2544 825 1972 2053 2134 1120 1102 1098 1826 121 1668 1706 2015 276 273 1598 1716 1469 1570 1608 1962 874 878 1488 1720 1642 684 1747 2094 290 1543 1976 2017 869 861 1597 1753 2289 1912 2554 2577 1014 1013 1422 1470 1236 1323 1170 1855 157 2 459 1510 1360 1409 1659 2322 1298 1897 1943 2015 609 1028 596 76 1496 1500 1545 2042 484 502 2046 2249 1884 2292 2348 2541 1624 1222 1779 2130 1507 1159 1649 2331 1608 1570 1789 1962 1781 1928 1983 2279 19 1027 18 277 131 1133 1928 2339 1348 1347 1603 2491 444 442 1401 2001 1432 1471 1614 2344 1388 1349 1453 2552 384 378 1390 1907 1191 1225 1224 1756 149 151 150 1334 140 139 2078 2253 1247 111 1249 2040 1916 1985 2416 2468 2072 1691 2154 2209 758 708 1525 2119 1096 1493 1582 2025 1398 333 1741 2104 1322 1231 1268 1661 336 1381 1398 1741 1162 1158 1791 2137 624 621 1334 2147 1555 1605 1804 2331 2043 1536 2258 2546 864 1472 1504 1730 1429 1355 1631 2332 166 260 171 1670 1725 1910 2003 2220 1151 1150 1960 2449 1453 1506 1794 1849 1031 988 992 1715 1687 1388 2130 2430 1326 1521 2182 2393 890 903 894 1390 1196 1195 1194 2024 595 1083 1081 73 986 984 1389 1652 1352 1656 1684 2402 548 550 547 1738 638 633 650 1486 1173 1178 144 1858 1495 2144 2489 2537 1408 1494 2114 2344 354 345 355 2451 1302 1594 1678 2088 675 677 679 1541 1340 1950 2421 2461 1448 1421 1832 1862 726 729 2014 2193 656 742 1444 2328 1860 1895 2327 2353 1892 1597 2160 2315 866 864 1472 1727 2143 2064 2394 2532 564 593 591 1502 1531 1709 1839 2070 1477 1385 1566 1818 2388 1840 2393 2518 152 151 149 1334 1455 170 1463 1994 1376 1384 1587 1955 885 882 1346 1502 947 946 1353 2342 1276 1255 1275 1698 1430 1710 1881 1907 132 1133 131 1998 1252 1273 1775 1961 1006 2254 2290 2366 1368 1526 1621 1951 1064 1058 1346 1820 1549 1745 2151 2513 2110 2098 2263 2329 1941 1079 2036 2320 725 706 723 1735 678 676 1523 1701 1111 1114 1116 2049 1449 1568 1939 2394 1488 1990 1993 2056 574 1092 608 597 966 971 970 1468 1434 1505 2071 2209 277 275 248 2210 406 353 1786 2057 847 836 840 1551 1147 1627 1685 2501 805 812 806 1664 127 1288 1612 2459 2068 1392 2316 2445 1336 1413 1777 2312 1624 1687 1779 2563 100 900 1051 1806 1671 1712 2269 2379 240 209 1501 2005 1355 2045 2126 2514 1328 519 1584 1940 1142 1145 1139 1944 1553 1627 1685 1791 672 1747 2094 2444 1183 1263 1798 2430 884 902 882 1502 1337 1640 1738 1865 1909 1949 2082 2546 917 911 1427 1609 1946 1845 1979 2170 114 1271 1270 2004 356 1430 1589 1710 1173 1166 1644 1663 793 1335 1370 2175 1539 1563 1925 2294 567 526 566 1686 847 1551 1753 2315 1326 1619 1927 2262 1011 1010 1679 2428 1703 1444 2014 2283 1301 1308 1292 2027 951 949 953 1658 2255 1780 2307 2493 522 1332 1565 1835 1546 136 2020 2025 74 595 1082 1637 220 468 1477 2002 1627 1162 1685 1791 1375 893 1390 2487 1277 1257 1198 1789 1360 1409 1850 2245 2110 2098 2329 2446 554 555 1595 1774 1134 1137 1138 1505 1728 2150 2567 2608 119 1267 120 2211 1593 1424 2166 2278 2026 1406 2443 2587 1568 1449 1591 2211 1641 1417 1669 1681 479 476 478 1844 1896 1959 2038 2432 26 620 27 276 1711 1624 2479 2578 1092 574 1023 597 1667 1362 1831 2614 1792 1713 1911 2474 2383 1454 2413 2590 1574 1696 2231 2346 1495 1578 1668 2212 2291 2087 2447 2549 1092 1023 75 597 1428 1596 2106 2503 1153 1152 1157 1960 1335 1514 1744 2175 1880 1651 2091 2536 1278 1216 1260 1827 805 808 821 1664 1389 986 1652 1715 1385 1399 1417 1641 2174 1764 2611 2614 681 780 1339 1662 1693 1850 1966 2010 1036 1037 896 1373 381 376 373 1557 320 341 1383 1603 1559 1388 1787 1794 1852 2008 2110 2149 1682 1167 1847 2331 144 1173 1644 1833 360 364 1394 1801 1895 1860 2327 2400 1617 1669 2434 2521 1707 1814 2238 2357 1381 400 2205 2475 982 937 1652 1922 1490 1621 1790 2275 108 1210 1250 1677 1592 1447 1879 2378 1744 1522 2163 2377 1010 16 302 2428 1582 1546 1631 2020 1244 1811 1873 2559 483 469 1477 1818 1243 1240 1239 2213 1049 1354 1852 2149 416 414 317 1558 1140 1171 1635 1799 1525 1759 2193 2204 841 824 823 1360 1012 17 1025 275 451 440 371 2009 17 1012 272 275 344 343 1603 1701 1156 1132 1685 1960 273 227 1443 1552 121 1266 1280 2015 1155 1148 1167 1719 2045 1355 2126 2145 105 1758 1917 2392 138 1925 2019 2178 632 634 1460 1901 397 395 1584 1607 387 410 1328 2157 153 1334 1503 2303 494 482 1399 1641 1425 1479 1644 2029 1963 127 2324 1288 1514 808 1664 2355 1677 1211 2047 2417 341 320 347 1603 759 760 1843 2204 389 381 396 1557 1367 1902 2043 2342 1239 1672 1905 2213 1239 1246 1728 2213 1224 1229 1559 2130 431 434 432 1786 2011 2124 2270 2297 1530 1908 2504 2547 1853 1923 2132 2545 1619 1326 1734 2403 2114 1643 2155 2250 68 592 589 883 562 68 589 883 11 303 940 1996 1282 1245 1241 2189 1386 1396 1419 1769 1870 1402 2128 2202 1863 1685 2349 2501 1341 1716 1878 2133 885 592 593 69 70 885 593 69 506 503 1645 2471 988 975 2290 2439 1555 1481 1680 2449 1752 1864 2085 2141 1394 1405 1801 2003 1423 1428 1637 2106 1884 113 2151 2292 560 933 870 1597 68 562 67 883 1053 1056 1052 1520 880 897 898 2134 1628 1218 2167 2278 738 736 737 1831 1786 444 2001 2529 1113 1149 1680 2449 914 910 1332 2184 574 597 596 1600 1293 123 1995 2158 53 308 307 2035 419 416 400 1381 1122 1126 1127 2244 1637 1428 1941 2106 1639 1526 1930 2131 201 204 192 1731 1936 2033 2105 2528 1272 1246 112 1728 2362 2173 2388 2484 1269 1602 1957 2429 1587 1645 2308 2354 1753 1386 2037 2299 1877 1446 1985 2582 1229 1222 1221 1812 1329 256 1947 2180 1387 1630 1921 2412 1482 1803 1854 1988 1396 1462 1485 1769 1146 1107 1143 1863 1484 2015 1706 2469 1278 1216 1450 1561 1387 1328 1940 2412 946 947 1353 1996 696 744 700 1619 1671 2126 2269 2288 1272 112 1672 1728 1535 1807 2019 2604 1569 1169 1973 2458 1345 2045 2408 2450 1405 1725 2171 2360 1548 1618 2039 2100 1461 1929 1981 2448 1367 1364 2219 2342 286 299 2032 2215 2016 1327 2411 2567 1298 1678 1851 2088 246 616 617 1598 1416 1538 2473 2496 1403 1702 1844 2368 1633 1764 1976 2341 312 630 1901 2034 1547 1509 1752 2087 1063 1351 1819 2277 119 1668 2096 2389 829 858 856 2112 1197 1276 1277 1810 1107 1127 1585 1788 1918 2093 2214 2297 67 561 66 870 620 613 276 1598 560 933 66 870 561 560 66 870 1529 1435 2284 2357 1248 110 2176 2267 382 378 384 1710 1133 1311 131 1998 539 1462 1770 1956 1814 1165 2238 2302 1709 1531 1970 1992 298 297 1456 2215 246 273 1443 1598 1759 1362 1843 2614 1606 1617 2188 2434 100 857 1053 1054 1543 282 1947 2017 1051 1056 1053 1806 116 2127 2141 2217 1678 1294 1995 2266 915 921 928 1427 1308 1309 1292 2027 1828 1469 2137 2295 956 1013 1014 1470 335 346 348 1935 1012 999 1679 1878 2066 1928 2089 2524 192 196 2117 2465 1189 1307 1184 1973 114 1283 1271 2381 105 1969 1979 1993 693 785 80 1662 1336 1590 1777 1951 1652 1556 1717 1723 1289 125 124 2340 964 970 1468 2219 1400 1450 1692 1775 675 680 1541 1662 1917 104 2056 2220 1161 1140 1160 2382 1965 1527 2362 2543 1156 1162 1147 1802 2085 1752 2141 2291 1998 1739 2059 2456 1771 2034 2147 2303 348 349 350 1442 1148 1155 1167 1555 1335 1514 1544 1744 1196 1258 1163 2222 1189 1169 1524 1616 1347 1339 1846 1412 1750 1653 1826 2438 280 293 294 1658 313 322 1460 2123 1201 1199 1198 1542 841 824 1360 2245 1531 1992 2306 2612 1872 1884 2292 2455 1931 2061 2330 2499 1864 2127 2168 2217 633 635 634 1460 1080 1020 1423 2106 1707 1129 1814 2401 1156 1152 1802 2124 948 947 293 1658 963 753 766 2119 1860 1508 2180 2570 650 659 2276 2437 1527 2212 2388 2518 896 1036 922 96 315 313 314 1460 568 1420 1686 1738 1693 841 1870 2245 2252 1854 2485 2586 1454 1404 1633 2464 247 1443 1552 2006 1653 1582 1697 1826 500 557 525 1328 124 125 2228 2340 1632 760 1759 1843 1698 1211 1809 2473 477 478 476 1844 1721 655 1767 2418 1974 1517 2373 2537 1157 1152 1791 1960 1705 1974 2526 2527 1592 1391 2377 2378 679 691 1378 1541 448 44 456 1501 1671 1712 1867 2357 366 1344 1358 1699 1055 863 101 1054 1890 1407 2490 2568 1596 1091 2106 2442 1562 1481 1861 2449 2031 1745 2063 2151 1241 1243 1905 2372 1143 1141 1647 1788 382 383 1430 1699 1454 2304 2316 2341 1365 2135 2142 2286 1179 1177 1215 1474 1419 1472 1727 1997 2304 2068 2316 2445 1337 1785 1865 2000 1658 1353 1830 2342 1773 1647 1799 2510 1602 1957 2058 2141 1606 1478 1866 2400 731 754 765 1461 164 165 169 1463 356 383 1430 1710 1095 1626 2385 2391 1246 1239 1970 2213 1452 2261 2405 2421 159 156 157 1490 1884 1872 2429 2455 1107 1127 1143 1863 1534 1429 1631 2332 1734 2179 2536 2553 2022 1528 2143 2539 1497 2118 2491 2522 1132 1146 1685 1861 533 530 559 1892 1499 1403 2368 2375 900 1050 1051 881 1474 1464 2077 2598 1332 1393 1742 2190 1765 1636 2095 2493 1583 2083 2189 2314 1473 1478 1713 1876 1684 1656 1873 2402 1467 213 1617 2521 1183 1262 1263 2430 1160 1154 1141 2295 902 1346 1502 1730 671 672 2094 2444 263 300 1516 2032 1912 2318 2489 2550 606 571 1622 2090 1571 1361 1613 1909 412 556 411 2157 1193 1176 1217 2024 1584 1387 1607 2412 1308 1307 2023 2027 935 103 1058 1059 1462 1396 1485 1502 956 1011 1013 1470 1210 108 1251 1677 449 334 682 1846 127 1949 2075 2082 1180 1214 1561 1692 1308 1636 1780 2493 1525 1736 1981 2193 1422 1596 2313 2337 1050 900 99 881 266 265 1516 2109 1638 1734 2301 2376 719 718 689 1370 1417 1681 1938 2252 1316 1309 129 2200 703 705 707 2224 1425 1479 1572 2145 1344 1430 1699 1881 1131 1113 1128 2449 1002 1087 1795 2262 2054 2202 2280 2424 363 372 1874 2207 100 900 99 1051 719 1370 1567 1886 1647 1365 2011 2510 1531 2554 2608 2612 857 100 101 1054 863 934 1055 102 1333 1916 1437 2511 1667 1748 2300 2614 239 1411 1483 2121 417 421 163 1455 1341 1440 1740 2133 1682 1507 1847 2065 907 1532 1881 1907 354 355 2055 2451 863 857 101 1054 1728 1839 1970 2040 467 464 466 1501 1070 1074 1076 1428 266 300 773 1516 1394 1882 2326 2580 579 603 1580 2485 1611 1841 2021 2417 1205 1244 1206 1709 1055 863 102 101 1357 2170 2190 2399 870 560 1597 1924 1161 1144 1160 1773 1451 1574 2077 2598 709 764 1521 1981 228 221 213 1938 1958 1816 2205 2359 1568 1449 2211 2394 1470 1560 1679 1869 950 1536 1714 2183 1676 2160 2190 2315 1299 1315 1294 1982 1353 947 1658 1996 1777 1741 2145 2548 130 1792 2076 2192 1263 1183 1264 1643 1189 1192 1169 1973 1870 1327 2280 2411 1907 1488 2257 2487 835 830 829 1533 1904 1784 2404 2416 736 760 761 1831 1704 1496 1739 2059 1321 1320 1602 2314 1194 1202 1199 1783 1243 1240 2213 2372 383 369 1430 1699 776 768 941 1364 1509 1547 1752 1864 1457 1355 1631 1653 197 213 2012 2521 957 950 1714 2183 1970 1242 1992 2213 1528 1511 2293 2405 250 252 251 1733 1350 2511 2516 2530 1804 1553 1861 1960 1551 1357 1845 1946 1047 1050 99 901 99 1050 881 901 1763 1498 1802 2401 1836 143 1883 2029 1587 1953 2046 2471 1169 1524 1616 1888 141 142 1318 1572 1341 1482 1967 2133 343 347 1603 2451 1211 1276 1275 1698 2334 2153 2351 2457 1646 1468 1726 2043 871 869 1597 2315 300 773 1516 2390 259 178 262 1772 1262 1219 1263 2430 386 380 1699 1898 819 814 1665 2355 1052 1062 1351 1520 923 1047 1039 98 1047 923 901 98 99 1047 901 98 1307 1184 1575 1780 1519 1548 1688 2073 1869 2156 2353 2579 1512 1248 1208 2176 135 134 1106 2259 1684 1511 2405 2486 1751 1542 1821 2483 1840 1326 2388 2393 602 1482 1580 1854 1480 1539 2136 2409 1076 1074 1075 1596 672 661 1747 2444 1914 1340 1939 2152 719 798 85 84 1293 1291 1666 2177 1216 1278 1261 1827 1333 1437 1640 2046 1920 2188 2347 2544 320 328 1383 1650 428 888 890 1375 494 1566 1595 1641 560 933 1597 1892 914 1332 1441 1609 781 693 80 1662 133 1704 1739 2456 1496 1704 1739 2361 1928 1133 2230 2339 1817 1637 1941 1956 408 427 378 1390 555 554 1595 1953 1698 1400 1775 2325 1927 1354 2053 2191 1647 1763 1799 2510 528 529 1785 1865 1446 1916 1985 2582 1250 109 2103 2176 118 1233 2064 2467 1258 1257 1198 1971 1604 1571 1909 2285 1278 1216 1261 1450 139 140 1101 2186 1389 2038 2079 2313 1364 1367 2219 2226 26 246 617 1598 1572 1479 1644 1719 1436 1760 1995 2460 1247 1709 1839 1970 659 711 641 1689 851 881 1806 2112 485 519 480 1387 934 1055 1059 1346 1908 1903 2229 2296 796 808 1514 2355 494 488 496 1566 911 915 917 1427 1001 751 91 2336 118 117 1965 2234 1341 1482 1600 1988 421 417 430 1455 1217 1195 1194 2132 736 1516 1632 1831 838 804 1693 1870 2107 2272 2321 2383 1253 1416 1698 1961 307 306 2035 2044 340 413 1558 1674 442 241 435 1401 565 1081 1637 1941 1920 1342 2188 2407 1286 1279 105 2080 405 404 2205 2475 155 150 310 1510 484 507 526 1686 1376 486 1387 1584 972 1902 2219 2342 343 325 338 1846 1424 1359 1657 2166 1498 1365 2011 2380 2007 1760 2079 2223 1837 1102 2330 2391 951 1658 2258 2342 1430 1589 1710 2257 829 1476 1533 1586 1120 1562 1680 1837 1473 1860 2327 2353 357 385 356 1589 345 349 1935 2030 1093 1066 1065 1820 217 1385 1399 1417 459 2 155 1510 26 620 276 1598 875 898 897 1373 1386 1419 1753 2037 2373 1855 2585 2612 1237 1236 1238 1855 1611 1677 1987 2398 982 986 981 1652 1490 1621 1755 1790 1748 763 1759 2495 2058 118 2433 2467 122 1706 1897 2015 2010 2103 2176 2267 902 1346 1730 2277 1245 1282 1241 1905 1388 1484 1794 2489 1123 1118 2061 2330 178 173 262 1772 1941 1428 1956 2036 1262 1183 1263 1643 997 987 1426 1717 765 977 91 2336 1320 1231 1233 2467 259 166 178 1772 1703 723 1747 1735 1228 1230 1227 1711 1209 1208 2099 2473 572 569 570 2523 1233 1232 1581 2096 1016 1009 994 1422 1374 1524 1594 1616 822 821 1402 1870 938 941 769 1364 1923 2142 2172 2216 587 543 1485 1859 1137 1126 1125 1618 1140 1196 1171 1828 1176 1193 1217 2132 1512 1208 2048 2176 1400 1435 1692 1712 699 764 751 1521 1903 1894 1908 2078 1154 1171 2137 2295 1810 1654 1962 2323 371 451 2009 2375 198 200 2012 2465 902 934 1346 2277 980 1001 974 2182 1296 1294 1302 1897 2057 353 2081 2207 1255 1257 1277 1789 2027 1805 2242 2298 795 791 1378 1497 230 232 1718 1977 80 785 782 1662 58 384 427 1390 1365 1369 2011 2380 1783 1828 1196 2024 1594 1377 1614 2237 1220 1424 1593 2250 1556 1652 1922 2518 1676 924 2160 2315 1165 1179 2238 2302 373 376 1537 1557 459 155 310 1510 1805 1936 2033 2105 1036 1035 1037 1373 2171 1882 2227 2231 1223 1220 1593 2022 157 311 1490 1510 709 731 764 1981 883 562 866 1997 1838 1496 2272 2590 2323 1570 2422 2480 1395 1368 1411 2413 310 305 1510 2044 465 468 467 2002 1143 1146 1147 1788 1249 1246 1970 2040 1349 1453 2525 2550 1611 1459 1962 2533 1570 1469 1934 1962 842 1476 1586 1948 1499 2009 2081 2375 898 1354 2134 2239 170 165 163 1455 820 828 818 1363 1212 1177 1179 1474 2063 1966 2202 2424 1552 1342 1977 2006 2445 2300 2550 2605 366 390 1344 1881 752 751 1001 1795 143 142 1168 1847 1280 1227 2453 2479 108 1850 2345 2352 1639 1526 1901 1930 1597 533 1892 2232 397 39 501 1584 1672 1728 1905 2213 987 996 1426 2139 1852 1354 2008 2149 439 353 440 2081 1420 558 1686 1690 223 224 227 1552 2261 1340 2421 2461 1255 1256 1529 1707 1766 1416 2496 2506 1564 1494 1620 1887 661 662 1868 2444 396 381 394 1557 1232 1231 1234 2143 1253 1211 1677 2417 888 886 1375 2118 1746 1974 2374 2526 1011 999 1013 1440 1456 289 2032 2390 227 271 223 1552 1816 1463 1900 1994 488 487 469 1818 2135 1345 2435 2506 134 2268 2259 2282 1580 605 1598 1967 1787 2469 2489 2509 1092 608 1082 1423 1062 1061 1819 1906 1430 356 1589 1655 390 59 908 1881 2031 1952 2292 2541 156 154 181 1503 382 366 369 1699 174 239 1411 1483 935 1073 885 1346 1166 1159 1164 1663 402 334 1412 1846 146 147 1518 2220 2284 2135 2380 2435 1039 1044 1047 1354 1135 1115 1904 1931 1425 2241 2312 2548 1341 1740 1848 2133 235 257 1913 1947 2241 1425 2269 2379 1235 1236 1238 1601 1483 1411 1503 1621 367 365 1537 1874 1191 1265 1190 1569 831 845 1551 1720 175 238 267 1421 873 892 1722 2487 903 893 877 1907 770 768 771 1364 2066 1999 2339 2517 1860 127 1911 2400 466 447 1403 1501 1575 1691 2071 2209 1666 1932 2165 2177 61 928 921 1427 1669 2012 2434 2521 1425 1671 2269 2379 2525 2445 2550 2574 763 728 737 2495 1884 114 2292 2541 1275 1841 2047 2417 1056 1520 1806 2149 1492 1540 1766 1971 2031 2051 2541 2600 2087 1509 2440 2447 378 427 384 1390 2089 2185 2268 2560 793 794 1335 2175 1070 1428 2036 2120 435 431 442 1401 1444 1748 2328 2482 724 715 725 1703 1350 1438 2441 2511 1146 1143 1147 1685 1596 1407 2313 2337 374 367 1537 1874 191 188 199 1458 1195 1193 1140 1635 1406 1522 1744 2377 1430 1344 1630 2551 1824 1678 1851 2237 906 904 905 1344 1376 486 1584 1607 214 217 200 1399 1530 1908 2296 2504 265 263 1516 1800 460 397 1376 1607 1223 1222 1220 1779 1099 1104 1096 1625 1104 138 1096 1925 922 750 86 930 1177 1212 1179 2238 2046 502 2470 2471 149 153 152 1334 1889 1669 1920 2252 811 746 719 85 1352 1950 2138 2455 997 984 1717 2041 1354 1041 1927 2239 1755 2225 2359 2591 699 1521 1795 2224 1354 1852 2008 2191 2107 1534 2272 2383 954 1726 1902 2258 1742 1358 1898 2157 806 808 805 1664 1355 2126 2145 2514 1113 1112 1120 1893 850 1551 1676 2399 1236 1238 1855 2387 1429 1372 2410 2581 1667 2300 2341 2611 1196 1194 1199 1783 356 385 383 1710 1847 1507 1858 2065 327 1460 1650 2123 124 123 1984 2177 1112 1113 1120 1680 2013 1708 2534 2567 1378 675 1541 1662 1807 2181 2384 2497 1243 1268 1237 2372 621 623 2035 2147 200 1385 2012 2465 219 487 482 1399 1072 1061 1090 1906 182 173 178 1772 106 1979 2080 2397 1355 1457 1631 2332 1403 443 1844 2375 144 1883 2129 2227 1141 1160 2295 2419 486 397 1584 1607 581 1513 1681 2485 1246 1242 1249 1970 1519 1548 1585 1688 1095 1099 1096 1626 1552 1341 1580 1716 1099 1098 1101 1894 2169 1762 2370 2535 1750 1109 2247 2438 764 1521 1981 2336 895 384 1390 1907 1792 1633 1823 1856 2038 1896 2432 2490 129 1304 1856 2200 823 824 805 1659 1794 1849 1982 2458 516 522 1565 1835 1322 1321 1269 1602 1002 1087 1001 1795 398 453 1702 1844 386 369 366 1699 975 1030 2098 2439 2081 1499 2375 2529 576 482 575 1399 754 958 977 1461 718 719 84 797 1022 1023 1020 1600 1492 1635 1763 1799 1227 1267 1568 1591 861 870 1924 1997 372 1414 1874 2207 998 1074 1407 1596 1762 2162 2462 2472 1535 2019 2181 2253 1498 1766 2135 2380 1870 1693 1966 2202 1378 795 1497 1980 833 840 1796 2299 476 479 1376 1844 735 651 1749 1767 1478 1458 1606 1983 2061 1877 2244 2330 1875 117 2234 2515 1387 1376 1584 1607 1546 1493 1582 1631 369 379 1655 1699 811 85 86 749 142 143 1168 1644 1121 1123 1688 2039 1635 1193 1834 1853 1661 1875 1974 2374 2186 1653 2243 2247 1083 565 1081 1637 1142 1144 1141 2419 851 856 858 2112 728 763 2482 2495 1074 1407 2120 2447 1214 1174 1180 1933 413 419 399 1674 1128 1107 1585 1918 573 1724 1988 2523 1823 1636 2192 2200 1056 1520 2149 2446 1450 1278 1561 1692 382 366 1699 1881 1771 1579 1825 1951 1561 1712 1867 1933 1152 1802 2124 2401 282 286 287 1543 1352 1872 1950 2455 574 551 552 1600 1420 1333 2358 2427 1439 1487 2527 2567 1850 109 2010 2256 1492 1498 1766 2135 527 514 513 1694 1732 1446 2136 2499 2229 2181 2253 2494 715 725 1703 2014 1438 1469 1608 2441 107 106 1673 1700 1768 1394 2003 2507 2099 1809 2473 2496 1010 302 1679 2428 1452 1684 2405 2486 1540 1492 1763 1971 402 1412 1603 1846 1958 1816 2057 2475 1914 2152 2153 2457 1619 1734 1989 2403 387 410 393 1328 765 731 1461 2336 1418 483 1566 2097 2181 1535 2253 2494 132 131 1926 1998 1266 1298 1943 2015 1281 1225 1302 2088 666 695 1989 2403 428 888 1375 2248 2142 1349 2172 2216 150 148 306 2044 888 407 1610 2248 2304 1838 2610 2613 1638 2224 2333 2403 1401 1786 1900 1994 315 632 635 1901 1271 114 1270 1884 953 949 948 1658 342 343 402 1603 341 347 1935 2451 507 515 2046 2470 1140 1193 1161 1635 1362 1543 2520 2614 413 311 340 1490 1314 1184 1308 1780 1075 998 1016 1596 760 1632 1759 1831 1197 1207 1654 2480 105 1979 1990 1993 1105 1110 1106 1697 1126 1122 2061 2244 1832 1816 2426 2592 1265 1191 1190 1888 1283 1271 116 1957 579 580 604 2485 1280 120 2015 2453 537 532 1785 1924 1780 1575 2307 2493 1409 845 1551 2245 915 904 1344 2067 154 156 159 1490 1621 1368 2332 2413 1380 1646 2300 2318 1526 305 2044 2275 1933 1836 2086 2246 1075 1074 998 1596 637 667 676 1523 1391 1576 2233 2343 1041 1044 1039 1354 1882 1776 1883 2129 152 153 626 1334 222 212 1617 2006 13 293 280 1658 1115 1117 1704 2361 67 561 870 1997 1334 2044 2275 2303 1225 1265 1191 1559 2098 2263 2290 2439 906 905 826 1532 325 343 1701 1846 1438 1350 1491 1553 1291 1300 1436 1995 1336 1486 2276 2437 502 554 1953 2249 1219 1262 1218 2430 318 1639 1901 1930 910 924 926 2160 971 969 1468 1929 82 792 717 83 1388 1787 2489 2509 1445 1490 1755 1790 254 256 1329 1733 1436 1415 1760 2460 1659 1664 2060 2476 1653 1493 2186 2243 1925 1808 2078 2253 112 113 2054 2063 2170 1937 2396 2575 1344 1430 1630 1699 1760 1984 2007 2079 424 1347 1610 2248 282 288 290 1543 866 868 1727 1997 1050 881 901 2149 585 567 1690 2249 1551 1357 1842 2037 960 957 1560 2183 1405 1442 1935 2241 360 367 361 1537 1382 1414 1776 1874 1414 1535 1857 2181 398 452 1384 1702 1330 1669 2052 2468 937 1652 1922 2125 1782 1471 2404 2561 1521 1840 1929 2182 2268 2185 2279 2538 1458 1606 1983 2279 1013 1017 1422 1740 1190 1264 1569 2201 1219 1262 1643 2250 1121 1102 1120 1893 1319 141 1108 2229 1858 1174 2583 2596 1034 1038 750 88 1614 1359 1991 2287 2074 1858 2583 2596 529 544 1924 2232 1780 1849 2255 2307 1531 1709 1821 2483 1755 1372 2225 2581 1936 1314 2033 2528 351 375 336 1414 750 1034 87 930 939 946 1364 1996 1456 772 1632 1843 407 450 888 1610 1608 1459 2116 2441 2021 1841 2264 2417 647 712 2260 2418 1224 1225 1229 1756 1154 1160 1141 1799 1629 1385 2012 2052 685 686 1642 1989 1538 2070 2473 2496 1908 1530 2229 2253 1669 1417 1938 2252 134 2049 2259 2560 1422 1596 1740 2442 1525 1367 1646 2520 1209 1207 1809 2099 567 568 558 1686 1439 1734 2016 2179 490 555 1595 2454 1357 1551 1676 1753 894 895 58 1390 494 496 498 1595 1573 1426 2313 2593 1339 680 1348 1846 907 905 904 1881 1519 1750 1826 1893 1431 235 1536 1913 120 121 1668 2432 2256 2281 2395 2397 496 490 555 1595 1339 1412 1497 1662 1718 1342 1869 2353 1307 1301 1780 2255 1070 1074 1428 2120 1275 1172 1841 2417 680 681 682 1339 1276 1255 1698 2161 1200 1244 1970 2483 1163 1258 1540 1971 1271 1269 1270 2004 1284 1261 1450 1775 2317 2188 1415 2327 369 356 1430 1655 1349 2216 2283 2550 1521 1461 1929 1981 786 795 787 1544 1164 1130 1167 1663 2288 2380 2408 2435 984 989 997 1717 700 744 746 1567 300 1516 2032 2390 187 177 165 1634 343 402 1603 1846 200 218 214 1399 356 364 362 1655 1908 2370 2504 2547 426 352 2248 2558 34 774 301 2390 630 1771 1901 2034 1575 1765 2307 2493 139 1925 2078 2253 1532 1430 1907 2257 1371 1531 2306 2612 384 390 382 1881 125 1288 126 1963 2208 1668 2389 2466 127 1612 2082 2459 395 1584 1607 2412 1286 105 1969 2080 114 113 1884 2292 136 1094 1097 2025 1309 1316 1636 2200 1395 1516 1667 1800 1915 2308 2354 2607 1374 1524 1616 2266 1028 596 1600 1848 1437 1420 1690 1889 1486 1383 1650 2276 1974 2173 2526 2527 1979 1729 2398 2589 1104 1099 1582 2438 869 861 871 1597 1349 1912 2489 2550 938 296 940 1364 1615 1291 1666 2255 1154 1141 1147 1799 802 796 808 1514 2122 1108 2186 2247 718 794 1335 1370 1209 1211 1197 1654 1590 1623 1868 2276 1275 1177 1215 1529 1761 1821 2070 2496 1113 1131 1149 2449 565 1770 1941 1956 1489 1380 2174 2605 142 1572 1644 1719 1397 1915 2580 2607 1672 1245 1905 2004 775 747 722 1087 1220 1687 1779 2130 1312 1119 1136 1545 1424 1222 1593 1813 147 146 2500 2507 1190 1265 1169 1569 326 318 322 1930 1533 1433 2008 2112 1415 2242 2324 2327 1736 1521 1929 1981 1448 1458 1919 2159 139 140 1885 2253 1536 951 1658 2258 1939 2152 2427 2569 253 255 254 2017 1133 132 131 1928 1578 1495 2509 2537 1902 1726 2043 2258 1425 1671 2126 2269 1143 1127 1125 1863 1104 1096 1625 1925 1321 1322 1269 2374 1419 1337 1769 1785 116 115 2127 2217 1051 900 881 1806 311 459 305 1510 1073 1067 593 1820 1461 1981 2119 2448 1564 1793 2404 2419 1125 1793 2244 2273 722 752 90 1087 125 1613 2113 2425 583 491 1953 2454 116 1283 115 2217 835 832 1533 1796 1101 2186 2247 2438 1379 1703 1735 2014 1276 1197 1277 2161 1514 1406 2016 2060 1579 654 1771 2260 1198 1751 1971 2161 1638 666 1735 2403 1910 1589 2003 2220 1649 1157 1791 1960 775 1045 89 745 213 2012 1467 211 1362 1759 1831 2614 751 752 1001 91 1127 1143 1125 1618 92 765 977 91 1340 1914 1939 2138 614 613 1598 1716 1327 2016 2179 2567 1633 1792 1926 2464 2092 2427 2568 2569 696 747 1815 2262 199 211 1467 2012 1421 1534 2383 2413 273 271 1552 2069 777 304 1456 2390 201 203 1731 1900 538 509 1785 2000 513 527 1694 2232 1332 1441 1609 1742 771 757 772 1843 464 456 44 1501 752 1001 91 90 473 472 466 1403 2051 1433 2168 2265 861 870 933 1597 589 562 1472 1485 775 722 90 1087 1625 1096 1626 1925 1761 1391 2343 2371 1129 1707 1814 2238 1516 738 1554 1831 1595 555 1953 2454 1362 1456 2032 2390 1215 1179 1435 2238 1179 1867 2238 2302 1342 1440 1679 1869 1734 1880 2301 2376 1501 1418 2002 2005 1552 1342 1679 1977 90 775 1087 89 1087 775 1045 89 2031 2054 2128 2202 1126 1127 1125 1618 1882 1883 2171 2227 349 1405 1442 2030 1121 1102 1100 2330 1122 1123 1121 2039 1300 1291 1297 1995 1745 1549 2151 2198 133 1117 1704 1899 1346 1819 1820 2277 2304 1838 2413 2590 851 855 1520 1806 1885 140 2122 2384 1374 1678 1995 2266 1045 89 745 748 1371 1492 2135 2142 1011 999 1440 1679 871 1892 2160 2315 1037 1036 896 96 1530 1605 1682 1915 1181 1691 1834 2201 87 1034 96 930 1765 2445 2574 2605 1793 1757 2273 2404 1896 2079 2432 2490 940 945 947 1996 1479 1425 2126 2145 1369 1498 1814 2270 1244 1242 1249 1873 121 1280 120 2015 1039 923 98 97 1283 116 115 2127 1261 1215 1692 1775 2416 2136 2499 2531 1203 1217 1628 2024 750 922 86 749 1369 2288 2380 2408 149 167 1334 1503 2321 2159 2383 2456 1798 1183 1834 2201 1599 1588 2075 2095 1837 1732 2330 2499 1765 1823 2068 2095 97 1037 896 96 259 262 237 1772 1034 750 87 88 1034 1036 96 930 172 178 166 1772 1144 1142 1141 1773 97 1037 936 896 1172 1261 1215 2264 1614 1991 2356 2597 636 638 643 1486 1030 2087 2098 2439 1864 1547 2140 2153 253 1329 1947 2017 144 1847 1858 2065 1055 1064 1346 2277 1307 1780 1849 2255 1518 1879 2246 2338 879 877 878 1532 1266 1298 1851 2088 2145 1572 2243 2514 1659 812 1664 2476 1036 1034 922 930 1032 1021 1440 2133 1396 1730 1820 2277 1104 1582 2186 2438 1250 109 2070 2345 1222 1229 1221 1813 1792 1633 1926 2076 956 1014 995 1470 1950 1340 2152 2461 1300 1306 1301 2266 278 279 15 1475 1386 1419 1504 1753 1708 1487 2054 2567 1470 1366 1869 2407 489 498 499 1774 811 746 85 749 483 1477 1566 1818 1528 1583 2143 2539 332 348 1442 2104 115 2051 2168 2265 285 1431 1830 1947 199 211 195 1467 1845 1488 1990 1993 1953 1955 2368 2454 614 600 611 1967 331 350 349 1442 1102 1099 1105 2391 770 297 769 1364 2335 2268 2409 2601 1244 1205 1206 1811 2368 491 584 2454 1268 1243 1237 2083 807 811 86 749 922 807 86 749 231 256 1876 2180 1441 1427 1742 2157 202 204 207 1731 2136 2089 2562 2601 129 1309 1304 2200 1849 1299 1982 2458 999 1021 1013 1440 1036 922 96 930 86 750 87 930 1034 750 922 930 590 588 618 1770 517 500 523 1742 903 895 1390 1907 690 1335 1544 1744 132 1133 1119 2230 1117 132 1119 2230 1000 961 1475 2428 750 1038 748 88 1153 1157 1649 1960 1507 1491 1605 2331 1045 89 748 88 1038 1045 748 88 857 1053 1520 1806 1819 1462 1906 2320 719 798 1370 1886 1127 1126 1125 2244 1539 1480 1626 1925 529 544 537 1785 908 907 904 1881 607 594 1423 2420 2270 1695 2514 2555 1423 1637 1817 2420 909 908 59 1881 1438 1553 1757 2349 630 629 1771 2034 1695 1750 2514 2555 1050 1056 1051 1806 746 719 1567 1886 1797 1591 1824 1896 1373 875 1466 1886 447 438 1403 2001 1435 1692 1712 1867 126 127 1895 1963 857 100 1053 1806 1128 1585 1893 2093 978 980 974 2182 900 100 857 1806 2150 1439 2567 2608 1845 1946 1979 2397 256 253 1329 1947 140 1885 2253 2384 349 359 1405 2030 1543 1431 1764 1947 1357 1845 2170 2399 1184 1324 1683 2478 2018 1500 2071 2478 1106 135 2020 2274 1573 1613 2113 2228 366 382 390 1881 1738 1337 1865 2000 1575 1683 2071 2478 1313 1325 1324 2478 1636 1500 1743 2478 1497 799 813 2522 188 199 1467 2012 267 175 1483 1790 268 267 1483 1790 154 159 161 1790 176 154 161 1790 176 161 160 1790 176 268 154 1790 181 154 268 1790 175 268 176 1790 175 267 268 1790 738 1554 1749 2109 1143 1141 1147 2501 1253 1273 1252 1961 1136 1134 1135 1904 1340 1528 2293 2405 1788 1585 1918 2297 294 285 1658 1830 284 294 1353 1830 1243 1656 2083 2189 1625 1480 1732 1829 1119 1545 1739 2361 237 260 1670 2109 114 1271 2004 2381 1421 186 1448 2111 844 924 1676 2315 1702 1499 1955 2368 375 336 1741 1857 119 118 2064 2433 265 237 1772 2109 133 2159 2456 2538 2043 1902 2258 2342 1653 1457 2514 2555 2020 135 2107 2274 2091 2366 2388 2393 1295 1293 1666 2165 1494 1408 2431 2597 1798 1834 1853 2172 1174 1180 145 2583 1397 1776 2164 2494 277 276 1716 2210 1805 1964 2242 2298 1839 111 2040 2424 114 113 2031 2588 1365 1498 2135 2380 1358 1609 1742 1898 1300 1297 1666 2255 1609 1344 1630 1898 1137 1138 1505 1944 1137 1125 1139 1944 429 392 1358 1898 1247 1244 1249 2559 699 751 722 1795 752 722 751 1795 2110 1752 2168 2263 1178 1173 144 1833 1520 2140 2149 2446 1331 1447 1592 2491 477 1844 1955 2368 1284 1285 1279 2080 1539 135 2259 2319 972 944 1902 2342 837 833 834 1796 835 834 832 1796 834 835 837 1796 2091 1945 2366 2393 840 834 833 1796 135 1862 2282 2319 835 829 837 1796 838 834 840 1796 2306 1992 2387 2612 2149 2110 2329 2446 170 169 1463 1994 1191 1559 1569 1798 1410 1423 2420 2503 1966 1693 2063 2202 1402 1708 2128 2202 1393 516 1565 1835 114 115 2381 2541 1516 1395 1772 1800 1331 1405 1910 2030 1974 1661 2374 2526 520 522 508 1835 288 287 263 1800 262 264 265 1800 1201 1207 1197 2480 362 361 359 1801 2103 1842 2108 2406 361 362 364 1801 361 331 359 1801 364 360 361 1801 331 361 365 1801 1147 1788 1141 1143 1788 1147 1141 1802 1141 1147 1799 1802 1035 1373 1466 1815 1201 1197 1277 2422 1306 1300 1297 2266 1803 1342 1920 2407 1842 2271 2311 2406 2271 1452 2311 2406 1647 1141 1773 1802 1773 1141 1799 1802 1647 1773 1799 1802 1154 1763 1799 1802 1154 1162 1763 1802 1162 1154 1147 1802 1147 1154 1799 1802 1752 2141 2291 2440 1038 1035 1466 1815 1802 1788 2124 2297 1035 1040 1373 1815 394 381 370 1921 1315 1302 1794 2458 965 973 983 1922 1840 1326 2376 2388 1969 1729 2170 2414 1251 1254 1673 1961 1210 1251 1538 1961 393 1328 1584 2412 1253 1254 1251 1961 1018 1028 1600 1848 2183 1909 2570 2576 1972 2053 2134 2191 1789 1258 2222 2236 309 305 307 2034 1158 1259 1129 2028 1157 1649 1791 2028 1003 1042 1815 2262 1470 956 1560 2139 1288 127 126 1963 795 799 1497 1980 1824 1851 1890 2237 1182 1124 2072 2209 1978 1608 2116 2542 1205 1248 1709 2099 1248 1205 1208 2099 1357 1550 1937 2311 2122 2186 2243 2247 1239 1242 1970 2213 1533 1952 2051 2351 1608 1469 2137 2236 1551 1753 2037 2299 1549 2251 2267 2271 1211 1209 1210 2048 1244 1206 1200 1811 1200 1206 1684 1811 1242 1244 1200 1811 1242 1200 1656 1811 1656 1200 1684 1811 2383 2121 2413 2481 1421 2121 2383 2481 2159 1421 2383 2481 1145 1124 1139 1944 1505 1548 1618 1944 1225 1281 1229 1813 1424 1593 1657 1813 1377 1424 1657 1813 1224 1424 1756 1813 1224 1222 1424 1813 1222 1224 1229 1813 1229 1224 1756 1813 1222 1226 1593 1813 1226 1222 1221 1813 1157 1165 1129 1814 1512 2048 2108 2406 1199 1198 2222 2422 936 1373 1037 2239 1165 1212 1129 1814 1041 1035 1373 2239 973 937 1922 2125 937 990 989 2125 2121 2084 2413 2481 702 703 2224 2403 703 702 1619 2403 1550 1640 2046 2516 1123 1122 1126 2039 711 648 2260 2437 745 1045 748 1815 1045 1038 748 1815 748 1038 1466 1815 1991 1333 2356 2597 1746 2004 2374 2556 1042 1040 1003 1815 1003 1040 1045 1815 1123 1126 1118 2039 1040 1035 1038 1815 744 696 745 1815 745 721 744 1815 696 747 745 1815 2235 2046 2308 2516 2212 1527 2466 2518 1045 1040 1038 1815 122 1706 1723 1932 748 721 745 1815 1757 1904 2273 2404 545 542 550 1817 1492 1371 1766 1821 1220 1170 2250 2278 1593 1220 2250 2278 1170 1220 2022 2278 1578 1974 2362 2484 1434 1496 1505 2100 1618 1126 2039 2100 1062 1063 1351 1819 384 895 1881 1907 1068 1064 1061 1819 1066 1064 1068 1819 378 384 1710 1907 1061 1064 1063 1819 1885 2122 2243 2384 1062 1061 1063 1819 1058 1064 1066 1820 588 564 591 1820 1292 1305 1599 2365 657 678 1523 1846 1381 1674 1755 2205 762 777 1456 2390 1722 1375 2056 2487 599 1482 1854 1988 2268 2089 2560 2601 969 1468 1929 2448 1373 1567 1815 2536 1679 1012 1878 2069 119 1230 1233 2096 2445 2550 2574 2605 1991 1338 2287 2523 1414 375 1741 1857 323 327 1650 2123 113 1672 2054 2588 1649 1164 1804 2331 1113 1103 1149 1891 1591 1568 1648 1824 1648 1568 1657 1824 1575 1453 1691 1973 1866 2242 2400 2474 1728 1487 2213 2608 1098 1750 1826 2438 1101 2247 1109 2438 627 741 649 1825 648 649 741 1825 632 627 634 1825 634 627 649 1825 1425 2241 2269 2312 1351 1396 1819 2277 634 649 633 1825 1109 1108 1101 1894 763 1748 2482 2495 1354 1373 1927 2053 127 1305 1290 2365 1528 1352 1583 2083 1419 1785 1924 2232 576 577 243 2196 1459 1934 1962 2533 1223 1228 1234 2022 1143 1685 1863 2501 1142 1793 2419 2501 1404 1329 1633 2464 1597 1419 1924 2232 1894 1903 1908 2296 1860 1473 2327 2400 1530 1605 1915 2505 1605 1530 1682 2296 1530 1908 2229 2296 2218 1530 2229 2296 1713 1478 1792 2464 1465 1889 1916 2468 1914 1602 2058 2138 1186 1187 1683 2154 1574 1827 2364 2500 1262 1183 1853 2430 1602 1583 2058 2138 2284 1498 2357 2380 1220 1687 2130 2430 1739 133 132 1117 1850 2197 2199 2345 1926 2059 2383 2456 1583 1340 1939 2138 1538 1761 2070 2496 726 756 2193 2204 1550 1934 2261 2350 1146 1685 1861 1863 1107 1146 1861 1863 1146 1143 1685 1863 2261 1640 2350 2358 2001 1786 2529 2535 1993 1969 2170 2551 1103 1319 1903 2218 1730 1396 1948 2277 1511 2114 2278 2293 1747 661 664 1868 664 663 659 1868 661 662 664 1868 1644 1173 1663 1833 1334 149 1503 2303 1644 1663 1671 1833 664 662 663 1868 305 309 1526 2034 116 117 2085 2141 1819 1396 1820 2277 1631 1534 1838 2073 1457 1631 1838 2073 1137 1126 1904 2273 1008 1069 1547 2087 1927 1042 1945 2262 1422 1015 1596 2442 1388 1559 1812 2130 1871 1665 2016 2553 126 127 1860 1895 1098 1120 1680 1837 524 556 1427 2157 1395 1667 2304 2341 1507 1682 1847 2331 1706 1556 1723 1932 825 897 899 2134 1155 1555 1804 2331 1167 1166 1847 2331 1166 1159 1507 2331 1624 1711 2479 2509 1180 1278 1827 2074 699 709 1521 2333 707 705 704 2333 709 729 1736 2333 2146 2468 2531 2564 1525 1843 2520 2614 2311 2261 2461 2557 1234 1323 1268 2305 2156 1895 2353 2579 2168 2110 2217 2265 1588 1292 1599 2365 2469 1495 2489 2509 1433 2110 2168 2265 1430 1344 1532 1881 1392 2300 2605 2611 2476 1515 2522 2566 904 905 1344 1881 2093 1695 2214 2297 1384 1376 1702 1955 544 541 532 1924 2140 2051 2334 2351 1333 1465 1916 2511 1320 1321 1875 2374 1834 1635 1853 1923 1193 1195 1217 2132 326 1398 1639 1930 895 909 384 1881 1430 382 1699 1881 366 1344 1699 1881 2462 2370 2472 2540 257 236 1913 2180 1454 2059 2068 2590 1484 1706 2144 2469 1119 1115 2230 2517 1827 1286 1969 2080 1471 1432 1494 2344 216 225 1513 1938 1326 1521 1840 2376 454 453 398 1844 42 478 474 1844 1443 216 1513 1938 169 203 1463 1994 1322 1602 2189 2314 124 1293 123 2177 1979 1845 1990 1993 984 992 1389 2041 1130 1663 2124 2214 2235 1934 2441 2533 1242 1244 1249 1970 682 714 657 1846 657 714 678 1846 682 657 680 1846 1283 115 2221 2381 1354 1373 2053 2134 897 828 2053 2134 828 825 2053 2134 1972 825 2008 2134 1028 1018 1029 1848 610 596 609 1848 1029 1018 1021 1848 601 596 610 1848 1691 1798 1834 2201 825 828 897 2134 1211 1274 1275 2047 897 1373 2134 2053 1444 1343 2014 2283 1611 1729 2021 2077 1852 1354 1927 2191 1280 1267 120 2453 2089 2268 2279 2335 135 1862 2107 2282 1496 1434 1505 2071 1963 2228 2317 2579 1752 1864 2168 2217 1125 1142 1139 1944 1897 1294 1982 2165 1677 1611 2108 2398 1294 1315 1302 1897 1548 1647 1788 1944 2103 1842 2398 2584 1127 1585 1788 2039 1499 1778 1953 2368 1966 1870 2202 2280 1860 1329 1949 2180 1508 1560 1869 2436 1266 121 1797 1851 121 1266 1298 1851 1890 1851 2223 2237 2098 1057 2329 2446 1623 1868 2026 2444 1912 1638 2301 2376 1126 1137 1135 2100 2173 1880 2388 2484 1676 1357 1753 2315 1355 1777 1951 2581 1570 1783 2222 2422 1044 1007 1048 1852 1044 1048 1049 1852 1046 1007 1044 1852 1367 1525 1646 2448 2378 2443 2491 2566 2212 2362 2388 2484 1638 1912 2318 2376 602 598 1482 1854 1777 1425 2312 2548 1808 1908 2078 2253 604 606 598 1854 117 118 2058 2467 603 604 598 1854 603 598 602 1854 1511 1469 1934 2486 1462 1769 1819 1906 1769 1819 2152 2153 1842 1946 2398 2584 2094 671 2444 2587 1952 2198 2292 2457 1808 1535 1958 2057 301 774 300 2390 203 205 1401 1994 1638 1912 2283 2318 1326 1880 2376 2388 1236 1170 1218 1855 1218 1170 1779 1855 109 2103 2256 2395 1651 1880 2091 2388 1923 1492 2132 2306 2279 1458 2434 2564 1726 1909 2043 2258 756 708 1525 2204 1174 1173 1159 1858 1159 1173 1507 1858 1911 127 1949 2075 1255 1789 2047 2512 2350 1408 2356 2597 1465 1471 2431 2597 2350 1333 2511 2597 1391 2371 2377 2378 1693 1745 2063 2128 1567 1619 1815 2536 1209 1211 1210 2473 438 445 1403 2001 563 543 540 1859 540 543 539 1859 538 563 540 1859 563 532 543 1859 540 539 545 1859 539 543 587 1859 1949 1754 2075 2082 445 441 1403 2001 1737 1864 1914 1957 111 112 2063 2513 1816 1958 2057 2178 821 805 1664 1870 610 600 1482 1967 1576 1515 2378 2392 1396 1504 1730 1948 500 1328 1742 1940 2101 1515 2322 2392 1190 1569 1973 2154 1210 1253 1251 1961 128 129 1856 2474 1394 1882 2231 2326 1700 1252 1775 1961 1345 1590 2050 2450 2045 2288 2408 2450 1590 2045 2050 2450 1360 1693 1870 2245 1693 1850 2010 2245 840 838 1693 2245 1552 1341 1716 1878 1026 1032 999 1878 1180 2074 2364 2583 2416 1916 2468 2502 1465 2416 2468 2502 2404 1757 2416 2502 1757 2404 2431 2502 1757 1877 2416 2502 1256 1212 1129 2512 1438 1757 2431 2502 1212 1177 1474 2512 440 2009 2081 2207 1030 988 1715 2439 1546 136 1862 2020 1461 764 1981 2336 1608 1791 2028 2137 1385 1669 2012 2052 2146 1606 2188 2434 2031 1952 2151 2292 1602 117 1957 2141 1640 549 1738 1865 511 549 1640 1865 509 528 1785 1865 515 1640 1686 1694 511 1640 515 1865 1403 1499 1778 2001 1443 1342 1552 2006 527 529 528 1865 2366 2254 2388 2393 511 527 528 1865 511 515 527 1865 511 528 549 1865 528 509 549 1865 881 1050 1806 2149 2008 881 2112 2149 973 1468 1922 1929 904 908 1344 2067 1368 1526 1579 2303 1503 1368 1577 2303 1373 898 2134 2239 1334 153 1577 2303 1173 1159 1833 1867 1174 1173 1833 1867 1173 1174 1159 1867 1368 1503 2275 2303 2034 2044 2147 2303 923 1039 1354 2239 1728 112 2054 2424 1577 1368 1579 2303 2044 1334 2147 2303 663 662 660 1868 1605 1530 2296 2504 2174 1489 2605 2611 661 1747 664 672 1212 1165 1129 1978 2054 2063 2202 2424 1750 1653 2243 2514 2135 1345 2286 2408 1365 1369 2380 2408 1379 1345 1522 2286 1640 1337 2261 2557 525 523 1328 2157 1797 1824 1851 1896 1165 1153 1157 1978 1745 2063 2151 2513 1153 1165 1649 1978 1784 2273 2404 2561 2013 1487 2527 2595 1283 1271 2381 2556 1443 1580 1598 1967 1482 602 1580 1967 1341 1580 1716 1967 1341 1482 1580 1967 897 880 899 2134 804 822 832 1870 804 841 823 1870 823 822 804 1870 144 1847 2065 2129 804 838 841 1870 821 822 823 1870 805 821 823 1870 1372 1777 2410 2581 1946 2256 2395 2397 1546 1534 1631 2020 1413 1336 1777 2123 1609 1332 1742 2190 1385 1629 2012 2465 502 507 2046 2470 1332 1609 2184 2190 1713 1473 1876 2400 1391 1447 1879 2233 1668 1267 2096 2453 1405 1394 1801 1874 365 331 1801 1874 350 368 1382 1874 331 350 1382 1874 331 1405 1801 1874 331 1382 1405 1874 368 365 363 1874 367 363 365 1874 372 368 363 1874 1430 1710 1907 2257 368 331 365 1874 374 363 367 1874 368 350 331 1874 212 1478 1617 1876 212 233 1478 1876 1577 172 1772 2498 232 231 233 1876 252 233 231 1876 231 256 252 1876 232 233 193 1876 212 193 233 1876 1359 1340 1939 2166 2153 1386 2351 2457 1664 1360 2060 2411 1439 1487 2526 2527 1342 1440 1869 2407 1272 1245 1239 1905 208 1501 2002 2005 1258 1198 1540 1971 1403 1702 2368 2375 1518 1450 1879 1917 1447 1518 1879 1917 105 1286 104 1917 104 2056 2220 2257 1242 1246 1239 1970 346 345 348 1935 1481 1446 1829 1877 1671 1867 2302 2357 1740 1600 1848 2442 1530 1915 1954 2504 130 131 1781 2062 845 836 1551 2245 1409 1360 1659 2245 241 184 1401 2005 1914 1939 2092 2152 1498 1766 2284 2357 1958 137 2178 2359 1976 255 2017 2452 973 1726 2125 2572 1925 1563 2169 2178 1419 1753 2037 2557 1600 1018 1848 2442 1446 1481 1829 2504 1760 2158 2228 2340 437 439 2375 2529 1344 461 1358 2067 1317 1316 1310 2062 1317 131 130 2062 1316 1317 130 2062 1781 1606 2105 2146 1360 1870 2280 2411 817 820 1665 2187 1581 1578 1711 2578 1336 1460 1930 2123 927 535 1565 1892 1460 322 1930 2123 1460 1336 1486 2123 2301 1912 2373 2554 329 323 1413 2123 1460 1486 1650 2123 811 807 816 1886 811 816 798 1886 816 807 875 1886 1568 1657 2143 2532 1473 1606 1617 2188 1895 126 1963 2156 127 1895 2324 2400 751 1001 1795 2336 1273 1274 1253 2417 1238 1235 1200 1992 1264 1191 1643 1888 1264 1643 1887 1888 1175 1264 1887 1888 1620 1175 1887 1888 1524 1432 1594 1888 1524 1594 1616 1888 1265 1303 1594 1888 1594 1303 1616 1888 1669 1595 1774 1889 1268 1323 1237 2372 1250 1538 2345 2473 2044 1526 2275 2303 477 475 1844 2368 2281 1986 2322 2352 1687 2306 2563 2577 1359 1377 1824 1890 1340 2350 2356 2358 1212 1165 1179 2238 1212 1129 1814 2238 1930 329 2104 2123 329 1413 2104 2123 1777 1930 2104 2123 1499 1953 1955 2368 475 1403 1844 2368 686 1642 1744 2094 1642 1522 1744 2094 2300 1343 2304 2445 1318 1572 1719 1891 1148 1318 1719 1891 1318 1319 1572 1891 1318 1148 1319 1891 535 65 530 1892 65 927 933 1892 871 927 926 1892 1112 1122 1121 1893 1246 112 1728 2040 1113 1120 1098 1893 1113 1098 1750 1893 1688 1519 1697 1893 1697 1519 1826 1893 1102 1121 1688 1893 1102 1697 1826 1893 1102 1688 1697 1893 1104 1099 1101 1894 1986 1576 2233 2392 105 104 1993 2392 1447 1917 2233 2392 1993 104 2056 2392 104 105 1917 2392 104 1917 2056 2392 1488 1515 2101 2392 2353 2188 2407 2544 1262 1176 1218 2430 146 1213 145 2086 726 763 1748 2482 1885 2122 2186 2243 1400 1416 1698 2284 1322 1282 1241 2189 1628 1511 1783 2024 2259 2136 2369 2385 1287 1305 1290 1964 2235 2206 2441 2516 146 1518 1561 2086 116 117 1746 2515 1910 1375 2056 2248 117 116 2085 2515 238 267 1421 2121 1239 1245 1872 2189 128 1856 1911 2474 1031 1030 1715 2087 2286 1365 2408 2565 131 130 1781 1983 1891 1572 2243 2247 1174 1214 1867 1933 1214 1180 1561 1933 1213 1180 145 1933 1417 1938 2196 2521 130 1792 1866 1983 1478 1606 1866 1983 2326 1451 2346 2354 366 386 1699 1898 2172 1923 2216 2519 2268 2259 2319 2409 1484 1380 1506 2574 1931 2330 2369 2499 391 380 392 1898 1369 1479 1671 2126 429 391 392 1898 386 392 380 1898 387 391 429 1898 386 366 392 1898 1111 1100 1116 1899 1526 1558 1639 2275 156 157 1490 2275 1368 1503 1621 2275 1116 1100 1118 1899 1118 1100 1688 1899 813 778 1497 2118 872 892 1722 2118 886 872 1375 2118 1595 554 1774 2249 1407 2092 2568 2569 1359 1449 1939 2427 1991 1420 2287 2427 194 203 201 1900 164 203 194 1900 2246 2241 2269 2379 1872 1656 1873 2492 778 1347 1497 2118 641 659 1689 2050 1115 1135 1118 1931 1526 318 1639 1901 1895 1860 2156 2353 1311 1119 2339 2517 307 306 53 2035 53 623 628 2035 312 630 631 1901 312 631 315 1901 315 631 632 1901 314 318 309 1901 309 312 314 1901 314 322 318 1901 312 315 314 1901 630 632 631 1901 1929 1521 2182 2336 1700 1673 1961 2343 1117 1115 1931 2230 1555 1680 2218 2449 959 943 2119 2219 1861 1804 1960 2449 943 964 2119 2219 1150 1151 1131 2449 1131 1151 1804 2449 1804 1151 1960 2449 173 1395 1660 2452 1134 1137 1135 1904 1840 2388 2484 2518 509 549 1865 2000 2212 2144 2484 2518 1738 550 1817 2000 1369 1365 2011 2594 1111 134 1106 2274 409 462 1427 2067 1110 1111 1106 2274 1899 2073 2272 2274 1899 1688 2073 2274 549 1738 1865 2000 550 546 1817 2000 1551 1693 2010 2245 2107 1899 2272 2274 135 134 2107 2274 134 135 1106 2274 1349 1388 2172 2552 1258 1163 1259 1971 1492 1498 1763 1971 1498 1492 1766 1971 1725 1836 2086 2171 1786 406 404 432 1090 1061 1069 1906 1762 1629 2335 2462 345 347 355 2451 1566 1418 1778 2472 1357 1551 1753 2037 1069 1061 1062 1906 1999 1936 2105 2528 905 907 877 1907 1602 1583 2189 2314 1850 108 2281 2352 1538 108 2345 2352 1382 2029 2497 2548 2029 1425 2360 2379 108 109 1250 2345 1469 1828 2024 2114 1862 1534 2107 2383 1628 1511 2024 2114 1869 1508 1977 2156 2270 2011 2297 2555 1235 1992 2387 2483 968 973 1726 2125 1889 1437 1916 2530 2217 2240 2263 2515 1272 1246 1239 2492 1705 1651 2173 2527 453 452 1702 2375 1429 1534 1546 2194 1395 1976 2341 2452 1562 1107 1861 2244 2217 2221 2240 2515 1854 1681 2252 2485 1932 1982 2165 1484 1369 1663 1814 2302 2104 1777 2312 2548 2188 1606 2242 2327 1508 1475 226 1714 1149 1131 2093 2367 1752 1914 2141 2440 107 1254 1251 1975 1652 1389 1715 2549 108 107 1251 1975 1497 1406 1544 1980 1387 1328 1584 1940 1543 1830 2215 2520 1864 1914 1957 2141 1328 1630 1742 1940 1454 1926 2042 2059 1364 771 1456 2226 1986 1576 2322 2352 1113 1131 1128 2093 1585 1128 1918 2093 1906 1509 2152 2153 1509 1547 1864 2153 517 1742 1835 1940 1286 147 1696 1969 1608 1934 1962 2441 1864 1752 1914 2141 1552 223 1679 2069 1654 1611 1962 2108 1169 1189 1973 2458 1819 1906 2152 2153 1452 1934 1962 2486 1250 108 1677 2103 1283 114 1271 2348 1515 1659 2060 2476 1392 2304 2316 2445 1454 1404 2084 2452 1354 1044 1852 1927 1467 1458 1478 1919 210 1458 1467 1919 1572 1891 2122 2247 1551 850 1720 2399 1660 1454 2084 2452 1041 1046 1044 1927 339 332 1741 2104 524 1427 1441 2157 195 1467 1478 1919 250 195 1478 1919 195 210 1467 1919 2074 1574 2364 2583 191 1448 1458 1919 210 191 1458 1919 1175 1181 1264 2201 1041 1043 1046 1927 1426 1717 2079 2313 1488 1532 1907 2257 1273 1253 1987 2417 251 210 250 1919 168 210 251 1919 1688 1118 1899 2100 2265 1433 2508 2600 210 195 250 1919 191 210 168 1919 1656 1352 2083 2189 1388 1687 1798 2430 1231 2143 2314 2539 862 847 1753 2315 973 982 983 1922 1452 1934 2261 2533 937 982 973 1922 2191 2013 2508 2534 1388 1517 2537 2563 2330 1102 2369 2391 2014 1638 2283 2318 1164 1166 1167 2331 1802 1788 1918 2124 533 559 541 1924 1468 1367 1902 2043 537 544 532 1924 559 560 541 1924 2292 1950 2455 2457 462 928 1427 2067 1725 1836 2360 2379 1338 1341 1803 2407 1551 1720 1845 2399 1118 1704 1899 2100 1137 1134 1135 2100 1535 1857 1958 2475 1526 309 1901 2034 1094 138 2025 2415 439 353 2081 2529 1678 1824 2088 2237 1360 1850 2197 2199 1272 1239 1872 2492 1822 1729 1979 2080 1925 1808 2019 2178 1312 1325 1134 1999 1134 1784 1904 1999 1746 1875 1974 2515 353 433 1786 2529 1294 1295 1982 2165 1471 1564 1620 2477 1784 1936 1999 2477 1682 2065 2129 2164 1186 1185 1187 2477 965 978 1929 2182 1134 1137 1505 2100 1258 1199 1198 2222 270 183 2084 2452 1511 1408 2114 2293 1894 1829 1903 2296 1908 1903 2078 2229 1509 1914 2092 2152 2443 1522 2444 2587 143 142 1847 2129 461 409 1358 2067 1372 1381 2571 2604 1785 509 1865 2000 183 1660 2084 2452 255 270 1404 2452 976 978 974 1929 1349 1912 2289 2577 971 965 969 1929 976 958 969 1929 1150 1128 1861 2449 971 973 965 1929 330 322 329 1930 225 243 2196 2521 330 317 326 1930 330 329 333 1930 1509 2087 2120 2447 1491 1507 1649 2331 2008 2265 1852 2110 1716 248 2069 2210 1993 1488 2056 2257 118 1581 1875 2234 2095 1392 2605 2611 1515 2378 2491 2566 1435 1529 2238 2357 1435 2238 2302 2357 1068 1066 1819 2320 1622 1338 1803 1991 1671 1369 2126 2288 1079 1072 2036 2320 1446 1480 1732 2136 1747 1522 1868 2050 1522 1345 1868 2050 1228 1234 2143 2532 1311 1317 1310 2062 1289 1963 125 2340 1345 1371 2377 2506 1310 1316 2033 2062 1415 1436 1760 2340 1289 1291 1436 2340 1444 1703 2050 2283 2041 1389 2079 2313 2238 1814 2302 2357 1669 1385 2012 2521 1333 1420 1437 1991 1534 1838 2073 2272 1004 1945 2182 2393 1404 1976 2017 2452 1184 1314 1308 1936 1184 1307 1675 1936 628 52 308 2034 538 540 509 2000 546 548 509 2000 1157 1158 1129 2028 1307 1184 1308 1936 545 1859 2000 540 1859 1769 1956 2000 1157 1129 1978 2028 1259 1257 1129 2028 995 956 1470 2139 1194 1217 1203 2024 1349 1388 1912 2577 1194 1203 1783 2024 221 228 216 1938 221 216 247 1938 212 213 221 1938 228 225 216 1938 2527 2013 2534 2567 1326 1619 1795 2224 2136 2089 2531 2562 1131 1113 1149 2093 987 990 1717 2125 671 672 684 2094 2007 1760 2223 2460 1132 1156 1151 1960 1685 1132 1861 1960 1113 1112 1893 2093 2004 114 2381 2588 1112 1128 1893 2093 1750 1113 1893 2093 1499 1403 1778 2368 517 500 1742 1940 517 510 519 1940 517 508 510 1940 512 510 508 1940 480 519 510 1940 2191 2240 2265 2508 505 480 510 1940 517 519 500 1940 133 2159 2268 2321 1079 1081 1085 1941 1077 1081 1079 1941 1077 1079 1078 1941 702 1619 1795 2262 1531 1371 1761 2554 493 481 503 1942 493 476 481 1942 545 1637 1817 1956 1462 539 1859 1956 503 481 480 1942 1225 1559 1812 1943 1225 1265 1559 1943 1265 1225 1303 1943 1265 1303 1794 1943 1559 1265 1794 1943 1026 1878 2069 2210 1026 1024 1878 2210 1409 848 1659 2101 1511 1934 2293 2405 1125 1143 1142 1944 1142 1143 1141 1944 1141 1143 1647 1944 1143 1618 1788 1944 1143 1125 1618 1944 1141 1647 1773 1944 1142 1141 1773 1944 873 1488 1722 2101 1496 1434 1838 2073 1688 1704 1899 2073 107 1673 1986 2352 182 239 1660 2121 1421 1483 1621 2121 1547 1509 1906 2153 979 980 1088 1945 1088 1043 979 1945 980 1004 1088 1945 980 979 1002 1945 1005 1043 1088 1945 279 1000 1475 2428 117 1965 2085 2291 2168 1752 2217 2263 1043 1042 979 1945 1822 1611 1987 2398 302 274 1679 2428 1807 1414 1857 2181 1554 646 2328 2495 283 257 235 1947 283 253 257 1947 285 283 235 1947 257 253 256 1947 1773 1145 1944 2072 1325 1312 1134 2018 1480 1539 1626 2385 1397 1499 2009 2547 2207 2009 2370 2547 2164 1954 1530 1915 1535 1808 2253 2547 1729 1827 1969 2080 1377 1756 1813 2088 1841 1611 2021 2077 1336 1590 1951 2437 1279 106 105 2080 1440 1679 1878 2069 1822 1284 2021 2080 1335 800 1514 2175 1521 1736 1840 2376 1193 1176 1853 2132 1217 1194 1203 2132 1624 1517 2509 2563 2369 1102 2385 2391 1099 1102 1098 2391 1690 1774 1889 2090 489 1681 1774 2090 1754 1392 2095 2611 1176 1218 1628 2250 2143 1583 2314 2539 1654 1276 1810 2047 1579 647 2260 2418 1395 1667 1767 2613 689 719 1370 2309 545 565 1637 1956 1403 1418 1501 2001 1794 1569 1973 2458 554 583 491 1953 502 554 491 1953 1110 1100 2330 2369 1778 1499 1953 2472 1628 2114 2155 2250 1787 1812 2479 2509 1338 1920 1991 2347 1763 1492 1799 2510 1852 2290 1007 2329 1931 1118 2049 2369 493 492 476 1955 493 491 492 1955 477 476 492 1955 1111 1106 2259 2369 1118 1931 2330 2369 2383 2159 2481 2599 1585 1695 1750 2093 1265 1169 1569 2458 1191 1224 1559 2130 1583 1914 1939 2058 2119 939 2219 2226 1919 168 2481 2599 2163 2289 2301 2554 939 1364 2219 2226 1456 771 1843 2226 2464 2084 1454 1404 2028 1608 2137 2236 694 689 1871 2309 1926 1454 2464 2599 1669 1920 2146 2468 942 939 2119 2226 939 942 1364 2226 1256 1257 1789 2236 1559 1388 1798 2130 1513 579 1580 2485 1944 1647 2072 2519 2188 1920 2347 2363 1805 2188 2347 2363 1274 1698 1775 1961 1273 1274 1775 1961 1464 1459 1608 1962 1464 1789 1810 1962 1291 124 1615 2177 1557 1397 2580 2607 977 765 1461 2336 1319 1108 1903 2229 141 140 1108 2229 1903 140 2078 2229 140 141 2181 2229 991 1031 1715 2087 1213 1561 1933 2086 1108 140 1903 2229 1319 1903 2218 2229 1332 910 1565 2160 1108 1101 2186 2247 1667 2300 2304 2341 1352 1583 2083 2189 1416 1698 1961 2325 1400 1391 2233 2325 1391 1400 1416 2325 1775 1700 1961 2325 1512 1811 2176 2267 2224 1638 2376 2403 1490 1558 1621 2275 1205 1207 1208 2099 1880 1840 2388 2484 1713 1792 1866 2474 496 490 1595 2097 1243 1239 1905 2213 1566 496 1595 2097 1560 2139 2183 2576 694 1871 1989 2309 2018 1683 2071 2209 1505 1138 2018 2209 1418 1566 1778 2097 1182 2072 2154 2209 1124 1185 1138 2209 1186 1182 2154 2209 1809 1751 1821 2099 600 615 602 1967 600 610 611 1967 512 510 1940 1968 1835 508 1940 1968 1393 1835 1940 1968 516 508 1835 1968 514 504 512 1968 504 505 512 1968 514 512 516 1968 515 504 514 1968 513 514 516 1968 512 505 510 1968 512 508 516 1968 1286 105 104 1969 1725 146 2003 2171 2074 1574 2596 2598 1564 1471 1782 2477 786 795 1544 1980 1605 1491 1804 2331 1587 1954 2308 2530 1696 1729 1827 1969 1286 1696 1827 1969 113 114 2031 2292 353 1786 2057 2081 2291 118 2389 2433 436 169 185 1994 1912 1880 2301 2484 1244 1242 1200 1970 205 435 1401 1994 436 185 422 1994 1247 1244 1709 1970 1244 1247 1249 1970 1365 1647 2216 2510 1416 1538 1961 2473 1651 1705 2388 2543 2016 2150 2179 2567 1578 1668 2212 2389 830 825 858 1972 830 827 825 1972 1355 1429 2410 2581 827 830 822 1972 825 827 828 1972 830 832 822 1972 1467 1458 2012 2434 1161 1494 1887 2155 751 764 765 2336 1313 1312 1325 2018 1228 1227 1226 2479 1325 1185 1683 2018 653 651 1767 2423 1488 873 1722 2487 1248 1208 2070 2099 1745 1693 1796 2128 1315 1303 1302 2458 1902 1367 2219 2342 1902 944 2258 2342 1578 1495 1668 2453 1667 2300 2611 2614 1415 1895 1963 2317 264 290 1800 1976 878 873 1488 2487 1267 1280 1227 2453 1267 1227 1711 2453 1207 1512 1654 2480 1395 1772 1800 1976 1201 1204 1207 2480 1787 1280 2015 2453 105 106 1979 2080 226 234 229 1977 234 230 229 1977 1590 1336 2276 2437 232 230 234 1977 230 224 229 1977 1873 1811 2267 2559 1569 1691 2201 2552 1620 1564 1782 2477 1188 1620 1782 2477 1764 2341 2611 2614 802 786 1514 1980 1746 1705 2526 2595 1784 1471 2102 2477 795 803 799 1980 1420 1724 1738 2523 795 802 803 1980 1471 1675 2102 2477 795 786 802 1980 1669 2052 2468 2562 1754 2075 2082 2459 1289 1588 1615 2459 1754 1489 2095 2459 1297 1295 1666 1982 1295 1297 1294 1982 2159 1448 2268 2282 1409 1850 2245 2256 2010 1551 2245 2256 1299 1306 1849 1982 1306 1299 1297 1982 1842 1551 2010 2256 2346 1630 2354 2396 1477 1731 2162 2465 1477 206 1731 2465 1385 206 1477 2465 1629 198 2012 2465 206 204 1731 2465 1731 192 2162 2465 1385 1477 2162 2465 1851 1678 2007 2237 2146 1617 2188 1920 1362 1543 2215 2520 2304 1395 2413 2613 1380 1484 2144 2489 1824 1851 1896 2490 1363 828 1972 2053 659 664 1868 2050 659 1590 1689 2050 648 1825 2260 2437 1329 1947 1949 2180 815 828 1363 2053 120 1267 1591 2211 248 276 277 2210 1323 1170 2022 2167 119 120 2208 2211 106 1673 1700 1986 106 1700 1758 1986 289 300 2032 2390 1437 1420 1889 1991 1251 1253 1677 1987 1254 1253 1251 1987 1254 1251 1975 1987 1664 2016 2355 2411 1148 1149 1555 2218 1170 1236 1218 2167 2230 2066 2517 2524 1931 1904 2416 2524 1115 2230 2517 2524 2064 1568 2394 2532 1904 2066 2416 2524 1117 2185 2230 2524 1803 1622 1854 1988 2089 1928 2185 2524 573 551 599 1988 599 551 601 1988 552 551 573 1988 2555 2565 2594 2602 1117 1931 2185 2524 1940 1393 1968 2310 1355 1689 2045 2565 249 274 2428 2436 1151 1150 1131 2214 1132 1151 2124 2214 1338 1803 1920 2407 1912 2301 2373 2484 2383 1926 2456 2538 1575 1506 1849 2307 1615 1666 2195 2307 1233 1230 2064 2532 1415 2188 2242 2327 1158 1157 1129 2401 2323 1570 2480 2486 2159 133 2268 2538 1681 1854 2090 2485 1512 2323 2480 2486 1647 1773 2072 2519 1227 1228 1648 2532 1232 1230 1233 2532 1802 1498 2270 2401 1463 203 1900 1994 203 1401 1900 1994 422 185 170 1994 435 205 436 1994 432 434 404 1994 404 434 422 1994 422 434 436 1994 169 205 203 1994 169 170 185 1994 436 434 435 1994 303 11 295 1996 945 12 947 1996 295 11 296 1996 303 293 12 1996 940 946 939 1996 294 293 303 1996 1924 861 1727 1597 861 1924 1727 1997 532 561 562 1997 562 561 67 1997 868 866 870 1997 67 870 866 1997 868 870 861 1997 541 561 532 1997 560 561 541 1997 189 1463 1900 2117 2137 1469 2222 2236 1464 1611 1841 2077 1311 1545 1743 1998 1311 1133 1545 1998 1119 1133 1739 1998 1133 1119 1545 1998 1545 1119 1739 1998 1344 1358 1427 2067 1358 409 1427 2067 1636 1314 1780 2478 1313 1545 2018 2478 1314 1184 1780 2478 1324 1185 1683 2478 1325 1185 1324 2478 1500 1545 1743 2478 1314 1324 1184 2478 1185 1325 1683 2478 917 915 1344 2067 928 915 1427 2067 1310 1314 1636 2478 1325 1313 2018 2478 509 548 549 2000 546 550 548 2000 546 540 545 2000 221 222 1617 2006 193 224 1718 2006 1916 1350 2505 2530 444 441 438 2001 1953 1587 2046 2530 445 438 441 2001 438 442 444 2001 1236 1238 1601 2167 1342 1718 1977 2006 207 208 202 2002 202 208 220 2002 1366 1422 1426 2313 116 1283 2217 2221 1283 115 2217 2221 1405 1725 1910 2003 1589 1405 1910 2003 1234 1223 2305 2578 2016 1363 2179 2553 1979 1946 2170 2589 438 442 2001 2005 1501 438 2001 2005 455 448 1501 2005 202 207 2002 2005 1477 202 2002 2005 202 1477 1731 2005 207 202 1731 2005 448 438 1501 2005 209 207 184 2005 208 207 209 2005 208 209 240 2005 241 209 184 2005 442 448 455 2005 438 448 442 2005 222 224 193 2006 212 222 193 2006 222 247 224 2006 221 247 222 2006 247 1552 224 2006 1295 1296 1678 2007 1296 1295 123 2007 1330 1985 2462 2540 1596 1338 1740 2503 1534 1421 1862 2194 125 126 1612 2113 1234 1323 2022 2539 1574 1451 2065 2609 106 1986 1990 2281 1768 1993 2257 2551 901 880 1354 2008 429 411 387 2157 126 125 1963 2113 1530 1682 2218 2229 1568 1267 2064 2211 175 186 1421 2111 1328 523 1742 2157 899 858 825 2008 2373 1661 2526 2585 881 858 899 2008 880 881 899 2008 880 901 881 2008 363 374 377 2009 1113 1750 1891 2093 2208 1959 2291 2433 1271 2004 2381 2556 1215 1179 1474 2596 1179 1174 1159 2596 1647 1548 1788 2011 353 1786 2081 2529 1434 2216 2519 2525 1119 1312 1136 2517 1498 1763 1802 2011 990 968 952 2125 937 985 1652 2125 2152 1337 2358 2603 2152 2358 2427 2603 198 200 197 2012 198 197 211 2012 217 197 200 2012 197 213 211 2012 1722 1515 2491 2522 188 198 199 2012 198 211 199 2012 2208 1389 2432 2466 232 231 1876 2180 160 1445 1455 2111 160 176 1790 2111 121 1851 2079 2432 2043 1367 2342 2520 1896 120 2208 2432 1469 1828 2137 2222 1199 1196 1783 2222 1494 1408 2114 2382 574 607 1423 2420 302 249 274 2428 961 1011 1679 2428 725 704 1638 2014 723 725 1735 2014 725 723 1703 2014 1703 723 1735 2014 1204 1206 1200 2483 726 729 727 2014 729 725 727 2014 727 725 715 2014 704 725 729 2014 1372 1558 2131 2581 2103 2176 2267 2406 1408 1511 1934 2293 1718 1860 1977 2180 1459 2116 2206 2598 649 633 1825 2437 1248 110 109 2176 1869 1366 2317 2407 1397 1915 1954 2164 2145 1741 2497 2548 1248 109 1208 2176 1871 1744 1989 2016 1393 1694 1968 2310 1455 1445 2205 2359 2216 2565 2602 1365 1878 1716 2069 2210 1159 1833 1867 2302 1517 1578 2509 2537 2064 1568 2211 2394 981 982 1652 2254 771 757 1843 2226 1843 758 2119 2226 1905 1487 2526 2585 1623 1413 2276 2312 135 136 1097 2020 662 1623 1868 2026 1708 1487 2013 2588 712 655 1721 2418 1172 1273 1261 2021 1261 1273 1284 2021 2136 1480 2462 2540 1840 1736 2318 2376 1252 1273 1987 2021 1273 1252 1284 2021 1284 1252 1822 2021 1822 1252 1987 2021 1745 1966 2063 2251 1238 1237 2083 2167 1218 1236 1601 2167 1436 1964 2023 2266 1752 1547 2110 2168 1807 1741 2145 2410 1547 1864 2140 2168 2084 2464 1454 2599 110 111 1966 2251 1417 1513 1681 2196 1407 2038 2490 2568 1513 581 1681 2196 110 109 2176 2267 2049 133 2185 2560 1415 1436 1964 2023 1805 1415 1964 2023 1508 1860 1977 2156 1259 1163 1158 2115 1763 1540 1971 2115 1163 1171 1158 2115 1522 1345 2443 2444 2381 114 2541 2588 1765 1392 2068 2445 667 1523 1623 2026 1175 1264 1190 2201 2409 2136 2562 2601 677 1348 1523 2026 674 677 1523 2026 667 674 1523 2026 677 665 1541 2026 1348 677 1541 2026 669 665 667 2026 673 665 669 2026 667 662 669 2026 1392 1754 1764 2611 1845 2170 2399 2551 674 667 665 2026 677 674 665 2026 1594 1678 2088 2237 1356 1890 2223 2237 1505 2018 2100 2361 1136 1115 1135 2361 1776 1382 1883 2029 1219 1222 1224 2130 978 974 1929 2182 1422 1338 1596 2337 182 239 2121 2498 1722 1488 2056 2392 139 1885 2019 2253 1633 1329 1713 2464 1661 2305 2372 2585 849 854 1753 2299 1415 1805 1964 2242 1693 1745 2198 2299 1606 1866 2148 2242 656 646 743 2328 357 354 352 2030 354 357 349 2030 111 1246 1873 2559 1246 111 1873 2492 354 349 345 2030 357 359 349 2030 1690 1437 1889 2249 1303 1315 1169 2458 2489 1453 2550 2574 122 1296 1897 2165 2281 108 107 2352 1521 1795 1945 2182 554 499 1774 2249 1976 1404 2341 2452 1516 1362 1800 2032 263 1516 1800 2032 299 289 287 2032 287 289 263 2032 263 289 300 2032 286 299 287 2032 1314 1310 2033 2528 1095 1099 1626 2391 1309 1308 1310 2033 1308 1314 1310 2033 1314 1308 1936 2033 1936 1308 2027 2033 1651 1927 2091 2536 1667 1395 2304 2613 1373 1815 1927 2536 623 629 630 2034 308 309 307 2034 623 630 628 2034 1309 2027 2033 2148 52 309 308 2034 312 309 52 2034 1033 619 2133 2203 628 630 52 2034 1345 1371 2163 2377 1885 1807 2253 2384 1899 2107 2272 2321 1070 1079 1072 2036 1070 1072 1090 2036 2059 1704 2272 2321 1078 1079 1070 2036 1446 1877 2136 2499 1359 1340 2356 2427 2235 2308 2310 2396 1003 775 1087 2262 1619 696 1815 2262 747 696 1619 2262 747 702 1795 2262 1693 1551 2010 2037 1745 1693 2010 2037 136 1563 1832 2319 1958 1535 2019 2604 1433 2008 2265 2508 1691 1453 2525 2552 1521 1461 1981 2336 2346 1451 2414 2575 1869 1560 2156 2606 2268 2259 2282 2319 2511 1437 2516 2530 2208 119 2211 2433 1330 1916 1985 2530 1939 2058 2092 2394 1578 1517 1974 2537 1421 267 1483 2121 1016 1422 1596 2041 998 1016 1596 2041 992 991 1715 2041 1525 708 1981 2448 984 1009 998 2041 998 992 984 2041 984 997 1009 2041 998 1009 1016 2041 998 1074 991 2041 991 992 998 2041 404 1816 2205 2475 2188 1473 2327 2353 2136 2089 2499 2531 1576 1673 1986 2343 228 213 217 2521 1614 1359 2344 2356 794 801 1335 2175 2283 2216 2286 2610 217 225 228 2521 217 243 225 2521 1269 1282 2004 2374 1538 1416 1673 2343 151 150 1334 2044 148 151 1334 2044 150 310 1510 2044 310 150 306 2044 129 1316 130 2148 1781 130 2062 2148 1316 2033 2062 2148 148 621 306 2044 306 621 2035 2044 310 307 305 2044 307 310 306 2044 148 150 151 2044 2150 2016 2411 2567 1737 1864 1957 2127 1761 1391 2377 2506 1805 1606 2148 2242 341 1413 1603 2451 1413 341 1935 2451 1592 1712 2288 2435 1823 2042 2076 2192 613 277 1716 2203 2049 2259 2560 2601 1403 470 1778 2368 1965 117 2085 2515 1391 1592 1879 2378 1438 1350 1916 2511 1791 1158 2028 2137 1406 1497 2443 2566 1163 1259 1158 2137 1301 1306 2023 2266 506 1645 2470 2471 1645 2046 2470 2471 526 515 1686 2046 507 526 1686 2046 502 507 484 2046 491 502 1953 2471 526 507 515 2046 1117 1114 133 2049 1116 1114 1117 2049 1116 1117 1931 2049 1480 1808 2169 2370 1653 1750 2247 2438 1098 1099 1101 2438 1425 2145 2497 2548 1155 1167 1555 2331 1159 1164 1649 2331 1808 1480 1908 2370 1118 1116 1931 2049 1155 1130 1167 2331 1980 2476 2522 2566 1487 2013 2527 2567 1496 1505 2100 2361 1864 1752 2085 2217 1236 1323 1237 2167 1550 2235 2311 2533 1550 1934 2235 2533 664 659 641 2050 683 664 641 2050 1158 1259 2028 2137 737 1554 1831 2495 489 580 1681 2090 1452 1962 2323 2486 580 571 606 2090 60 908 915 2067 1755 1421 2194 2591 1522 1642 1744 2163 1623 2026 2443 2444 1642 1379 1734 2163 1718 1473 1860 2180 115 2127 2334 2348 1567 1373 1886 2053 146 2364 2500 2507 1568 1657 1939 2143 828 825 1972 2053 1373 875 1886 2053 1430 1655 1768 2551 1736 1525 1840 2318 1974 1875 2234 2515 424 352 2055 2248 1560 1679 1869 2436 1525 1748 2300 2318 815 875 897 2053 815 897 828 2053 1985 1330 2052 2468 1606 2105 2146 2188 1404 1454 2341 2452 1454 1660 2341 2452 424 352 355 2055 342 424 355 2055 554 1595 1953 2249 402 424 342 2055 586 585 1690 2249 354 355 352 2055 944 954 1902 2258 983 965 1922 2393 1521 1326 1840 2393 1647 1434 2216 2519 1773 1647 2510 2519 952 1361 1726 2258 960 950 2183 2258 1909 1361 2183 2258 1499 1954 2370 2547 1397 2009 2207 2547 1499 1397 1954 2547 573 569 572 2523 353 406 403 2057 406 404 405 2057 406 1786 404 2057 1240 1243 1656 2083 556 412 1427 2157 405 403 406 2057 1590 1336 1777 2312 2013 1651 2191 2240 1705 1651 2527 2534 1305 1964 2298 2324 1611 1654 1677 2108 1581 1578 1974 2234 1327 2179 2534 2567 2371 2060 2377 2378 1946 2398 2584 2589 1753 1357 2311 2557 1724 572 1738 2523 1936 1784 2102 2477 1962 1654 2108 2323 2011 1548 2555 2602 1360 1659 1664 2060 1499 1778 2001 2535 1597 1419 2232 2557 824 1409 1659 2245 1326 1619 1880 2536 439 2081 2375 2529 444 441 2001 2529 669 2026 2444 2587 1920 1669 1617 2252 1909 1604 2113 2425 124 1615 2177 2425 1177 1256 1275 2512 122 1897 1932 2165 737 646 1554 2495 1932 1982 1666 2165 1883 1776 2029 2129 143 1883 2029 2129 1897 1484 1932 2165 142 143 2029 2129 1645 2046 2310 2470 1934 1459 2441 2533 1295 1666 1982 2165 1222 1624 1812 2130 1605 1682 1915 2065 1507 1605 1915 2065 1605 1507 1682 2065 1559 1229 1812 2130 1494 1408 2382 2431 1724 1410 2420 2503 586 489 1774 2090 1110 1106 2369 2385 1091 1076 1596 2106 1668 1495 2212 2488 1076 1070 1428 2106 2129 1682 2164 2573 1757 1793 1863 2501 2150 2016 2163 2411 2019 1807 2181 2253 1723 123 1932 2177 1074 1428 1596 2106 1348 1623 2026 2443 1436 1291 1995 2340 1493 1582 1653 2186 1112 1562 1837 2244 1877 1757 2061 2244 1406 1348 2026 2443 1080 1423 1637 2106 1760 2228 2317 2340 1423 1410 1428 2106 1394 1882 2171 2231 1840 1922 2393 2518 1451 1574 1882 2231 1963 1289 125 1288 1761 1538 2343 2496 1630 1921 2326 2354 1630 1387 1921 2354 1525 758 1843 2204 756 1525 2193 2204 1759 1525 1843 2204 248 275 272 2069 248 272 271 2069 120 1591 1896 2211 223 272 274 2069 223 271 272 2069 271 273 248 2069 1267 1568 1591 2211 1493 1429 1546 2415 1688 1704 2073 2100 1704 1496 2073 2100 1688 1548 2039 2100 1668 1578 2096 2389 1118 1115 1704 2100 1434 1505 1548 2100 1992 1531 2608 2612 1426 1573 2139 2606 1704 1688 1899 2100 1548 1688 2073 2100 276 248 1716 2210 1027 1024 1026 2210 1182 1181 1691 2072 1691 1181 1834 2072 1181 1144 1834 2072 1181 1182 1144 2072 1519 1688 1697 2073 1631 1519 1697 2073 1621 1503 1790 2275 305 1510 2044 2275 1613 125 2113 2228 1842 2103 2108 2584 1465 1333 1991 2597 1637 542 1817 2420 1711 1495 2453 2509 1764 1667 1976 2341 1588 1599 2075 2365 1305 128 1599 2365 1913 1431 1947 2546 118 1233 1581 2096 1404 242 1733 2464 1374 1415 1436 2460 1926 131 1983 2076 1792 1926 1983 2076 130 1792 1983 2076 131 130 1983 2076 1464 1459 1611 2077 1448 188 1629 2117 1474 1464 1841 2077 189 188 1448 2117 2116 1608 2441 2542 1465 2502 2511 2597 1836 145 2086 2171 1589 385 1710 2558 1463 189 1634 2117 1909 1949 2546 2570 1840 1912 2318 2489 140 1108 1903 2078 1108 140 1101 2078 1320 1322 1231 2314 1959 2211 2394 2433 2058 117 2141 2433 122 121 1851 2079 118 117 2058 2433 122 123 1723 2079 1723 123 1984 2079 123 122 2007 2079 1984 123 2007 2079 1521 1326 1795 2224 703 707 702 2224 2106 1596 2442 2503 702 699 1795 2224 2127 1864 2168 2334 1389 1717 2041 2079 1717 1389 1723 2079 118 119 2096 2389 1018 1740 1848 2442 1734 1326 1880 2376 1768 2003 2220 2507 2046 1587 2308 2530 1638 1736 2333 2376 1964 1301 2023 2266 2051 1433 2140 2168 1484 1706 1932 2144 1694 1968 2046 2470 1788 1918 2124 2297 1238 1240 1656 2083 1238 1237 1240 2083 1741 1372 2145 2410 2370 1330 2472 2540 1446 1330 2530 2540 2169 1480 2370 2540 1706 1556 1932 2144 1565 926 1892 2160 1392 1765 2068 2316 910 926 1565 2160 926 871 1892 2160 1708 2013 2508 2600 192 2117 2162 2465 183 168 269 2084 183 269 270 2084 269 242 270 2084 980 1004 1945 2182 2051 1433 2265 2600 1912 1638 2283 2289 1614 1356 1890 2287 1855 1687 2387 2563 2206 1350 2441 2516 239 183 1660 2121 1571 1361 1726 2125 1366 1426 2139 2606 1585 1750 1893 2093 1638 1736 2014 2333 173 1660 1772 2498 1008 1030 1031 2087 1008 1031 1071 2087 1207 1209 1208 2099 1457 1838 2565 2602 728 743 2328 2482 1031 991 1071 2087 1266 1302 1298 2088 1298 1302 1678 2088 1265 1225 1756 2088 1225 1265 1303 2088 1303 1265 1594 2088 1594 1265 1756 2088 1451 1915 2308 2354 629 1771 2034 2147 647 654 1579 2260 1653 1582 1826 2438 1758 1450 1917 2233 1762 1816 1900 2535 1380 2489 2550 2574 1306 1300 1301 2255 1719 1148 1891 2367 1155 1148 1719 2367 1695 1479 1891 2367 1677 1822 1987 2398 1695 2093 2214 2367 1451 2206 2235 2308 1479 1663 1719 2367 1148 1155 1149 2367 1849 1506 1982 2255 1479 1719 1891 2367 1509 1864 1914 2153 1850 2197 2345 2352 1386 1476 1948 2153 1850 2281 2322 2352 1653 1493 2243 2410 1950 2151 2198 2292 1682 1318 2218 2573 1704 133 2321 2456 1374 1995 1436 2266 1856 1599 2075 2095 1754 1856 2075 2095 1633 1823 1856 2095 1754 1633 1856 2095 2132 1923 2306 2545 1392 1633 1754 2095 1950 1872 2151 2455 1299 1315 1982 2458 497 584 490 2097 495 497 490 2097 497 470 584 2097 2151 1872 2292 2455 495 490 496 2097 495 483 497 2097 497 483 472 2097 1884 1737 2292 2455 1369 1479 1695 2270 2085 1752 2291 2439 1919 2159 2538 2599 1935 1442 2104 2241 1762 2409 2426 2592 1755 1445 1790 2111 1057 1008 1547 2098 1547 1008 2087 2098 1008 1030 2087 2098 1752 1509 1914 2440 1448 1458 2268 2335 1959 2291 2433 2440 1237 1268 2083 2539 1292 1287 1588 2255 1781 131 1928 2339 1100 1102 1110 2330 975 1030 1057 2098 1877 1837 2244 2330 141 142 2494 2573 1008 1057 1030 2098 1478 1473 1606 2434 1331 1405 1935 2241 580 1681 2090 2485 1134 1505 2018 2100 1136 1134 2018 2100 1434 1548 2073 2100 1496 1434 2073 2100 1965 2212 2234 2362 1705 1974 2173 2362 1737 1884 2292 2348 1597 869 1753 2315 1620 1471 1675 2102 1524 1620 1675 2102 1432 1524 1614 2102 1471 1432 1614 2102 1432 1471 1620 2102 1524 1432 1620 2102 1634 1463 2117 2426 1634 1448 1832 2426 738 1516 1554 2109 1516 265 1772 2109 1673 1700 1986 2343 1495 2144 2212 2488 1532 1488 1993 2257 2291 1965 2439 2549 1375 1910 2056 2257 339 333 332 2104 332 333 335 2104 335 348 332 2104 329 335 333 2104 329 323 335 2104 1963 1415 2317 2340 2228 1963 2317 2340 1291 1289 124 2340 1428 1070 2036 2106 1070 1078 2036 2106 1077 1637 1941 2106 1078 1077 1941 2106 1941 1428 2036 2106 1078 1941 2036 2106 1077 1080 1637 2106 1091 1080 1076 2106 1076 1078 1070 2106 1076 1080 1078 2106 1020 1080 1091 2106 1078 1080 1077 2106 1526 1368 1621 2275 156 154 1503 2275 1546 1534 2020 2107 1534 1546 1862 2107 1862 1546 2020 2107 1932 123 2165 2177 1677 2048 2103 2108 1677 1654 2048 2108 1654 1512 2048 2108 1670 733 1749 2109 261 734 260 2109 260 733 1670 2109 260 734 733 2109 261 237 266 2109 265 266 237 2109 710 734 739 2109 710 739 738 2109 266 32 261 2109 734 710 733 2109 32 739 734 2109 261 260 237 2109 1269 1271 116 2556 1148 1318 1319 2218 1318 1148 1682 2218 1121 1122 1837 2330 2225 2359 2415 2571 1682 1915 2065 2164 1123 1121 1100 2330 2240 2013 2265 2508 1123 1100 1118 2330 175 177 186 2111 176 160 177 2111 165 177 160 2111 1816 1463 1832 2426 1762 1629 2162 2426 412 409 1427 2157 409 411 429 2157 409 1358 1427 2157 523 524 1441 2157 1171 1154 1158 2115 1171 1635 1799 2115 1171 1163 1635 2115 1154 1171 1799 2115 1763 1154 1799 2115 1158 1154 1162 2115 1162 1154 1763 2115 1965 2263 2439 2543 1474 1649 1978 2116 1464 1474 1978 2116 1338 1622 1988 2523 1507 1491 1649 2116 1926 1983 2538 2599 1527 2290 2366 2543 2263 2290 2439 2543 2344 1614 2356 2597 2084 242 2464 2599 1874 1397 2009 2207 1664 1514 2060 2476 2343 2197 1761 2371 189 194 196 2117 196 194 192 2117 189 196 188 2117 192 194 201 2117 1644 1425 2029 2379 1338 1988 2287 2523 1420 570 1622 2523 572 570 1420 2523 1347 1412 1610 2118 784 886 1610 2118 1347 778 1412 2118 778 813 1412 2118 813 784 1412 2118 1412 784 1610 2118 887 892 886 2118 886 813 887 2118 892 872 886 2118 573 572 1724 2523 1724 1410 1988 2523 813 886 784 2118 753 1461 1981 2119 1562 1113 1680 2449 708 753 1981 2119 1178 144 1858 2227 1574 1858 2065 2227 1555 1131 1804 2449 963 958 1461 2119 147 146 2003 2220 766 753 767 2119 753 758 767 2119 963 943 964 2119 758 753 708 2119 942 939 943 2119 939 959 943 2119 2065 144 2129 2227 963 964 958 2119 2119 1367 2219 2448 141 1572 2122 2384 1660 182 2121 2498 1572 142 2029 2384 183 239 238 2121 238 239 267 2121 727 726 2014 2482 1877 1931 2416 2499 1413 1777 2104 2123 323 329 327 2123 327 329 313 2123 313 329 322 2123 1417 1385 1669 2521 1132 1156 1802 2124 1156 1132 1151 2124 1362 1543 2032 2215 289 298 1456 2215 295 284 1353 2215 297 1364 1456 2215 1199 1201 1198 2422 2213 1905 2372 2585 2176 1512 2267 2406 289 1456 2032 2215 1385 200 2012 2521 299 289 2032 2215 1153 1130 1663 2124 1130 1153 1151 2124 217 200 1385 2521 1543 1830 2032 2215 1364 1353 1456 2215 1456 1362 2032 2215 1498 1369 2011 2270 1811 1873 2267 2402 1853 1687 2306 2545 2136 1539 2259 2409 1176 1853 2132 2545 1656 1239 1872 2189 1923 2142 2216 2510 2015 1484 1706 1897 2143 1232 2467 2532 804 1693 1870 2128 804 834 1693 2128 834 832 1796 2128 832 1533 1796 2128 1708 1533 1972 2128 832 804 1870 2128 1533 832 1972 2128 1402 1708 1972 2128 1716 1878 2133 2203 832 1402 1972 2128 1402 832 1870 2128 832 834 804 2128 1191 1263 1224 2130 1224 1222 1229 2130 1229 1222 1812 2130 1222 1219 1220 2130 1222 1220 1779 2130 1901 1336 1930 2131 1526 1901 1930 2131 1553 1350 2505 2582 1757 1877 2502 2582 1438 1757 2502 2582 1540 1492 1542 2132 1391 1761 2496 2506 1931 2416 2499 2531 1489 1615 2195 2307 2183 1909 2258 2546 2082 1949 2285 2546 1909 2082 2285 2546 1202 1194 1542 2132 1194 1202 1203 2132 1880 1326 2091 2388 1194 1196 1540 2132 1540 1196 1635 2132 1199 1540 1542 2132 1194 1199 1542 2132 1199 1194 1540 2132 609 610 1848 2133 1024 1029 1032 2133 1032 1029 1021 2133 1033 1029 1024 2133 1033 77 1029 2133 611 610 619 2133 77 619 609 2133 619 610 609 2133 1431 1764 1947 2285 1349 1912 2283 2289 2142 2283 2286 2289 302 16 249 2428 1949 1754 2082 2285 1808 1535 2370 2547 1571 1604 2174 2285 1604 1909 2082 2285 2283 1379 2286 2289 1459 2206 2235 2575 1808 1908 2253 2547 1947 1329 1949 2285 2290 1527 2439 2543 1527 1965 2439 2543 1705 2362 2388 2543 1163 1171 1828 2137 1171 1163 1158 2137 1824 1377 2088 2237 1851 2007 2079 2223 1154 1162 1627 2137 1627 1162 1791 2137 1230 1232 1228 2532 1256 1529 1707 2238 960 987 1361 2139 1426 1361 1717 2139 987 1426 1717 2139 1361 987 1717 2139 993 995 996 2139 987 993 996 2139 996 995 994 2139 993 956 995 2139 993 987 960 2139 1262 1193 1183 2155 1189 1192 1973 2154 1187 1186 1188 2154 1386 1396 2152 2153 1691 1182 2072 2154 612 1027 277 2210 1542 1202 2387 2483 1188 1182 1691 2154 1184 1189 1973 2154 1192 1187 1188 2154 1190 1192 1188 2154 1186 1182 1188 2154 1446 1480 2136 2540 1985 1446 2136 2540 1330 1954 2530 2540 1551 1676 1753 2315 2235 1937 2311 2533 2305 1855 2372 2585 1624 1388 1687 2563 2363 1465 2416 2468 1508 1560 2183 2576 1855 2213 2372 2585 1954 2370 2504 2540 2169 2370 2462 2540 1234 1232 2143 2532 1228 1593 1648 2532 871 1597 1892 2315 925 871 2160 2315 924 925 2160 2315 1741 1372 1777 2145 1127 1125 1863 2244 1122 1112 1837 2244 1107 1122 1127 2244 1515 1488 1722 2392 239 180 1411 2498 1475 961 1560 2436 961 1475 2428 2436 1345 2288 2408 2435 2288 2284 2380 2435 1712 1592 1879 2435 1768 1696 2346 2507 2060 1360 2197 2411 1606 1781 2105 2148 1805 1606 2105 2148 116 1746 2221 2515 1781 1606 1866 2148 1049 1047 1354 2149 1047 901 1354 2149 1047 1050 901 2149 1213 1260 146 2500 1210 1253 1961 2473 1118 1931 2061 2330 1049 1056 1050 2149 1048 1056 1049 2149 1047 1049 1050 2149 1508 2183 2546 2570 1939 2092 2427 2568 611 1716 2133 2203 612 78 1027 2203 2095 1588 2307 2493 1272 113 112 2151 2126 1479 2145 2514 112 113 2063 2151 1958 2019 2571 2604 1508 1949 2180 2570 2052 1762 2162 2462 1764 1667 2341 2614 1950 1340 2138 2152 1914 1950 2138 2152 1340 1914 2138 2152 1958 1381 2475 2604 1769 1906 1956 2152 1386 1396 1769 2152 1187 1189 1184 2154 1769 1819 1906 2152 1262 1183 1643 2155 1687 2306 2387 2563 1832 1455 2359 1634 1624 1223 2479 2578 2359 137 2415 2571 1885 1807 2410 2571 1372 1381 2225 2571 1388 1687 2563 2577 1396 1386 1948 2153 1476 1351 1948 2153 1351 1396 1948 2153 1528 1511 2278 2293 1359 1340 2166 2293 1576 2197 2322 2352 1760 2223 2460 2463 2537 1388 2563 2577 1397 1915 2164 2580 1376 1384 1387 2607 107 1822 1975 2397 1630 2326 2346 2354 1958 137 2359 2571 2225 1381 2359 2571 1381 1958 2359 2571 525 556 524 2157 412 411 409 2157 523 525 524 2157 1030 1715 2087 2439 2022 1323 2167 2539 1268 1231 2314 2539 1950 1386 2152 2457 1737 2292 2455 2457 2142 1349 2216 2289 1395 1660 2413 2498 141 140 2181 2384 1368 1395 1411 2498 742 715 1703 2482 728 726 727 2482 743 742 1703 2482 2038 1389 2079 2432 712 711 740 2260 122 121 2079 2432 1104 139 1101 2186 1610 1347 2118 2248 139 1493 1885 2186 2018 1136 2100 2361 646 728 2328 2495 141 142 1572 2384 1703 715 2014 2482 1538 1416 2343 2496 1703 1444 2328 2482 1890 1356 2223 2463 1203 1217 2132 2545 1538 2070 2345 2473 1208 1210 1250 2473 1250 1210 1538 2473 1668 2212 2389 2466 2291 2208 2389 2466 2170 1969 2346 2551 1484 1453 1794 2489 2206 1451 2235 2575 1556 1389 1652 2466 2070 1250 2345 2473 1209 1210 1208 2473 1380 1840 2318 2489 1453 1388 1794 2489 1102 1121 1837 2330 1296 122 123 2165 123 122 1932 2165 1528 2022 2143 2166 2022 1593 2143 2166 1593 1657 2143 2166 1657 1939 2143 2166 1340 1528 1583 2166 1340 1583 1939 2166 1043 2091 2366 2386 2091 2290 2366 2386 2290 1007 2366 2386 1386 1950 2198 2457 1583 1528 2143 2166 1939 1583 2143 2166 1409 1360 1850 2322 1148 1319 1149 2218 1321 1269 116 2556 1268 1243 1241 2372 1425 1644 1671 2379 2197 1576 2322 2371 1576 2197 2352 2371 1539 1480 1925 2169 1563 1539 1925 2169 1760 1415 2317 2463 1916 1446 2505 2582 1355 1429 1653 2410 1671 1644 1833 2379 1237 1323 2305 2372 1937 1357 1946 2170 1454 2304 2413 2590 1969 1729 1979 2170 1979 1845 1993 2170 1969 1979 1993 2170 137 1094 1546 2415 1840 1922 2518 2572 1614 1465 2102 2347 1571 1717 2125 2572 1374 1356 1614 2347 1559 1569 1798 2552 1691 1569 1973 2552 1294 1297 1995 2266 1578 1974 2484 2537 1388 1559 1798 2552 1453 1691 1973 2552 1569 1453 1973 2552 1646 1367 2043 2520 1830 2043 2342 2520 1713 1329 1860 2180 1173 1159 1663 2302 1327 2150 2411 2567 1379 2050 2283 2286 1522 1345 2163 2377 1439 1734 2179 2301 1750 1653 2514 2555 1571 1646 1726 2174 1726 1646 2043 2174 1571 1726 2043 2174 1509 1752 2087 2440 2058 2394 2433 2440 1417 553 1641 2196 577 582 244 2196 1355 2045 2514 2594 2306 1855 2387 2563 2174 1764 2285 2611 1522 1345 2050 2286 1379 1522 2050 2286 2135 1371 2142 2286 1359 1614 1991 2356 814 796 801 2175 1474 1464 1978 2512 796 800 801 2175 801 793 814 2175 1755 1445 2111 2359 801 794 793 2175 1839 1728 2150 2280 976 977 1461 2336 1471 1784 2404 2561 669 673 2026 2587 1669 1920 1617 2146 123 1723 1984 2177 1293 1666 2165 2177 123 1293 2165 2177 1646 1571 1726 2572 138 137 1925 2178 1695 1585 1750 2555 1369 2011 2270 2555 1369 2270 2514 2555 808 796 814 2355 1271 114 1884 2348 1342 1617 1920 2188 1636 1500 1823 2192 1316 1310 1636 2192 1939 1449 2092 2568 1439 2016 2150 2179 1449 1890 2490 2568 1313 1311 1310 2528 2066 1999 2105 2528 1645 2046 2308 2310 502 506 2470 2471 2279 2089 2335 2564 1787 1388 1812 2509 1500 1636 1743 2192 1310 1311 2062 2528 2033 2062 2105 2528 1968 1694 2046 2310 1983 132 1926 2538 1517 1578 1711 2509 1679 229 1977 2436 1345 1391 2506 2377 1627 1438 2137 2542 234 231 232 2180 226 236 234 2180 256 236 257 2180 2394 1959 2433 2440 117 118 1965 2291 1821 1809 2099 2496 1759 761 1831 2495 1110 1105 1106 2385 1102 1105 1110 2385 1990 105 1993 2392 1133 132 1928 2230 1215 1474 1841 2264 1361 960 2139 2183 1530 1915 2504 2505 1171 1154 1160 2295 1573 1426 1984 2313 1833 1671 1867 2302 401 400 1381 2475 1426 1422 2041 2313 960 1560 2139 2183 1560 960 2139 993 950 957 960 2183 1422 1596 2041 2313 1592 2378 2443 2491 134 1111 1106 2259 2307 1765 2574 2605 1478 1473 1713 2400 910 912 913 2184 910 914 912 2184 912 1609 2399 2184 910 913 924 2184 1678 1995 2007 2460 1882 1574 2227 2231 139 1104 1493 2186 1493 1104 1582 2186 2056 1375 2118 2248 888 1610 2118 2248 1375 888 2118 2248 798 1370 1886 2187 798 817 1370 2187 816 798 1886 2187 816 875 815 2187 815 820 816 2187 816 820 817 2187 798 816 817 2187 1631 1697 2020 2274 1125 1793 1863 2244 1793 1757 1863 2244 1438 1608 2137 2542 2127 1737 2334 2348 1525 1736 2193 2318 1391 1345 1592 2377 1630 2170 2346 2551 2308 1645 2310 2354 2126 2045 2288 2408 1345 2045 2286 2408 1823 2042 2068 2316 1905 1661 2372 2585 2256 1845 2281 2397 1550 1357 1937 2190 2184 1676 2190 2399 1393 1332 1565 2190 1332 1393 1565 1835 2037 1753 2311 2557 1400 1391 1879 2233 1655 1630 1921 2326 2159 2383 2456 2538 1578 1495 1711 2509 1317 1316 130 2192 1317 130 2076 2192 1743 1317 2076 2192 1569 2154 1691 1973 1191 1263 1798 2201 1567 1370 2309 2553 1181 1175 1691 2201 420 404 1455 2205 2087 2291 2439 2549 708 1525 1981 2193 730 708 1981 2193 708 756 1525 2193 726 730 729 2193 726 756 730 2193 1445 420 1455 2205 1455 404 1816 2205 756 708 730 2193 1604 1489 1615 2195 1463 1900 2117 2426 1498 1814 2270 2401 1415 1895 2317 2327 1816 1762 1900 2426 1571 1613 1723 2195 1723 1613 2177 2195 1556 1723 1932 2195 1530 1682 2229 2573 1847 1682 2129 2573 142 1847 2129 2573 1646 1380 2174 2195 142 2129 2494 2573 1604 1571 2174 2195 1489 1604 2174 2195 214 576 243 2196 214 243 1417 2196 1399 214 1417 2196 1399 1417 1641 2196 575 576 1399 2196 575 1399 1641 2196 577 576 553 2196 577 553 582 2196 243 244 225 2196 553 576 575 2196 581 582 553 2196 1515 810 2476 2522 244 245 225 2196 810 803 2476 2522 1304 1599 1856 2200 1570 1789 2323 2422 109 110 2070 2199 1850 1966 2010 2199 109 1850 2010 2199 1691 1798 2201 2552 1655 1630 2326 2346 1768 1394 2231 2346 1966 110 2010 2199 110 109 2010 2199 1792 1823 2192 2200 1792 129 1856 2200 1823 1792 1856 2200 1316 129 130 2200 1316 130 2192 2200 130 1792 2192 2200 130 129 1792 2200 2154 1569 1691 2201 1175 1188 1691 2201 1691 1188 2154 2201 1175 1190 1188 2201 1188 1190 2154 2201 1183 1181 1834 2201 1181 1183 1264 2201 640 652 1579 2423 2170 1937 2190 2396 1375 1390 1907 2487 1409 1845 1990 2281 1488 2056 2257 2487 1452 1962 2108 2323 1471 1782 2477 2561 1033 78 619 2203 1560 1508 2156 2576 118 2064 2433 2467 1033 1024 1027 2203 78 612 611 2203 612 613 611 2203 1267 119 2064 2211 78 611 619 2203 78 1033 1027 2203 763 755 726 2204 400 419 1381 2205 399 1445 1674 2205 399 420 1445 2205 1381 419 1674 2205 419 399 1674 2205 420 405 404 2205 405 420 400 2205 419 400 420 2205 399 419 420 2205 1912 1388 2489 2537 1439 2150 2163 2554 2565 2216 2602 2610 1371 1766 1821 2506 1543 1362 1800 2614 1416 1391 2496 2506 1414 372 1857 2207 1535 1414 1857 2207 372 358 1857 2207 2343 1576 2352 2371 1833 1836 2246 2379 2197 2343 1761 1538 1576 1515 2322 2371 353 440 2081 2207 377 403 358 2207 363 377 372 2207 403 377 440 2207 377 358 372 2207 440 353 403 2207 1367 1353 2342 2520 1139 1138 1944 2209 1124 1139 1944 2209 1139 1124 1138 2209 1185 1683 2018 2209 1575 1683 2154 2209 1691 1575 2154 2209 1325 1185 2018 2209 1185 1325 1138 2209 1138 1325 2018 2209 18 275 277 2210 1026 1025 1027 2210 1012 1025 1026 2210 1027 1025 18 2210 2144 1484 2469 2489 1532 1845 2399 2551 2105 2146 2188 2363 1999 2066 2105 2363 1854 604 2090 2485 117 1320 118 2467 2146 1920 2188 2363 1777 1425 2126 2312 107 1975 2395 2397 1239 1272 1672 2213 1672 1272 1728 2213 1321 1746 1875 2374 1443 1513 1580 2586 1342 1580 1803 2586 1269 1322 1282 2374 1337 1419 2461 2557 1322 1231 1661 2374 1410 1738 1817 2603 1231 1320 1875 2374 1830 286 2032 2215 284 286 1830 2215 295 1353 1364 2215 1353 295 1364 1996 297 295 1364 2215 298 299 284 2215 295 298 284 2215 298 289 299 2215 284 299 286 2215 298 295 297 2215 1520 1060 1547 2446 1431 1543 1764 2520 1547 2098 2110 2446 1057 1048 2329 2446 1872 1270 1884 2429 1000 1010 961 2428 1048 1056 2149 2446 1520 1547 2140 2446 2127 1864 2141 2217 1864 2085 2141 2217 125 1963 2228 2340 1149 1103 1680 2218 1680 1103 1903 2218 1590 1623 2312 2450 2124 2214 2270 2297 1419 1337 1785 2557 1468 970 1902 2219 1367 1468 1902 2219 1268 1661 2305 2372 970 972 1902 2219 959 964 943 2219 959 970 964 2219 1416 1391 2325 2343 959 972 970 2219 2350 1934 2511 2516 1934 2441 2511 2516 1934 2235 2441 2516 2085 116 2217 2221 115 114 2348 2541 1550 1640 2261 2557 1410 1423 1428 2420 1437 1333 2511 2516 1333 1437 2046 2516 2416 1931 2524 2531 1140 1828 2295 2382 552 574 1600 2420 1828 1783 1196 2222 1570 1469 1608 2222 1377 1824 1890 2237 1570 1608 1789 2222 1851 2007 2223 2237 1377 1594 2088 2237 1356 1374 1614 2237 1374 1594 1614 2237 647 653 2418 2423 652 645 653 2423 640 645 652 2423 651 639 1577 2423 1592 1712 2269 2288 347 346 1935 2451 1369 2126 2408 2594 1480 2169 2462 2540 1760 1984 2079 2223 1471 1564 1782 2404 1864 2140 2168 2334 699 702 707 2224 1213 146 2364 2500 1840 1380 2144 2489 1446 1481 2505 2582 1446 1877 2349 2582 1546 1429 2194 2225 2064 2143 2467 2532 1784 1904 2066 2416 776 768 1364 2226 942 776 1364 2226 766 942 2119 2226 767 766 2119 2226 942 766 776 2226 758 757 767 2226 757 768 767 2226 771 768 757 2226 776 767 768 2226 776 766 767 2226 1785 529 1924 2232 1910 1375 2248 2558 516 1393 1565 2232 1525 1646 1840 2318 1646 1525 2300 2318 1613 1573 1984 2228 124 125 1613 2228 124 1613 1984 2228 2300 1380 2550 2574 1560 2139 2576 2606 1748 2328 2482 2495 1748 1759 1831 2495 761 737 1831 2495 737 761 763 2495 1289 1436 1964 2340 2144 1840 2484 2518 1556 2144 2488 2518 2144 2212 2488 2518 2365 1287 1289 1588 1599 1856 2075 2365 1288 127 1290 2365 1995 1374 1436 2460 1356 1374 2237 2460 385 408 1390 2558 128 127 2075 2365 1599 128 1856 2365 1856 128 2075 2365 1478 1919 1983 2464 513 1694 1968 2232 516 513 1968 2232 1589 1910 2030 2558 1375 407 2248 2558 2055 1910 2248 2558 1823 1633 2042 2316 407 426 2248 2558 2087 1715 2447 2549 1633 1454 2042 2316 530 516 1565 2232 2160 1565 2190 2232 1565 1393 2190 2232 530 1565 1892 2232 533 530 1892 2232 1710 1375 2257 2558 1375 1910 2257 2558 529 533 544 2232 513 533 529 2232 513 516 533 2232 527 513 529 2232 516 530 533 2232 2153 2140 2334 2351 1952 2292 2334 2351 1359 1377 1890 2237 1377 1359 1614 2237 1614 1359 1890 2237 2311 2261 2421 2461 1950 1386 2037 2461 408 407 1375 2558 385 426 408 2558 1340 2261 2358 2461 1386 1950 2152 2461 2037 2311 2421 2461 1177 1215 1435 2238 1373 936 1037 896 1037 97 936 2239 1039 923 97 2239 1039 1035 1041 2239 898 1373 936 2239 936 923 898 2239 1037 1035 1039 2239 1039 97 1037 2239 923 936 97 2239 1651 1852 2191 2240 1999 1784 2066 2363 1465 2102 2347 2363 1705 2013 2221 2240 1705 1651 2013 2240 964 2119 2219 2448 1278 1214 1215 2264 2143 1231 2314 2467 1301 1287 1292 2255 1451 1915 2206 2308 1506 1666 1982 2255 1300 1287 1301 2255 138 1493 2025 2415 1172 1215 1841 2264 1505 1496 2018 2361 1135 1115 2100 2361 1136 1135 2100 2361 1115 1704 2100 2361 1663 1369 1814 2270 1663 1814 2124 2270 1342 1341 1440 2407 2124 1802 2270 2401 1444 742 1703 2328 2027 1805 2033 2242 2033 1805 2148 2242 2027 2033 2148 2242 1796 1693 2198 2299 1504 1386 1753 2299 742 743 1703 2328 1700 1450 2233 2325 1959 1896 2208 2432 1212 1474 1978 2512 120 1668 2208 2432 1112 1107 1562 2244 1107 1112 1122 2244 1697 1631 2073 2274 1697 1106 2020 2274 1110 1106 1697 2274 1631 2020 2107 2274 840 836 838 2245 848 824 841 2245 848 841 845 2245 1561 1518 1879 2246 1880 1912 2301 2376 131 1781 2062 2339 1561 1933 2086 2246 1561 1712 1933 2246 1518 1561 2086 2246 1725 1518 2086 2246 2087 1752 2098 2439 1912 1349 2283 2550 1319 1103 2122 2247 1103 1319 1891 2247 1891 1319 2122 2247 1103 1113 1109 2247 1109 1113 1750 2247 1113 1103 1891 2247 1750 1113 1891 2247 1246 111 1249 2559 1249 1244 1873 2559 111 110 1247 2559 1244 1247 1811 2559 110 111 2251 2559 1549 2251 2513 2559 110 2251 2267 2559 407 426 424 2248 407 424 425 2248 424 426 352 2248 1549 1873 2267 2559 502 484 554 2249 554 484 499 2249 499 484 585 2249 586 499 585 2249 567 585 484 2249 1176 1262 1218 2250 1176 1628 2155 2250 1262 1176 2155 2250 2185 2089 2268 2279 1928 2089 2185 2279 1323 1237 2167 2539 2083 1528 2167 2539 1784 1471 2477 2561 1693 1745 2010 2251 1745 1693 1966 2251 1966 1693 2010 2251 370 395 1607 2412 1515 1659 2101 2322 1774 1669 1889 2252 1774 1889 2090 2252 1681 1774 2090 2252 1920 1803 1991 2252 1803 1622 1991 2252 1889 1920 1991 2252 1622 1889 1991 2252 2026 2443 2444 2587 1406 1544 1744 2587 1348 1406 2026 2587 1406 1541 1544 2587 1468 973 1922 2572 1689 1579 2260 2418 2021 1841 2077 2264 2092 1959 2394 2440 1089 983 981 2254 1089 981 1006 2254 981 983 982 2254 981 988 1006 2254 1525 1367 2119 2448 1367 1468 2219 2448 1666 1297 1982 2255 1615 1287 1588 1289 1287 1615 1588 2255 2181 142 2497 2494 1287 1291 1615 2255 1291 1287 1300 2255 1292 1588 1599 2255 1306 1849 1982 2255 1306 1307 1849 2255 1307 1306 1301 2255 1453 2525 2550 2574 141 2181 142 2384 1300 1306 1297 2255 1297 1306 1982 2255 2010 109 2103 2256 952 960 1361 2258 1361 960 2183 2258 950 954 951 2258 954 944 951 2258 954 960 952 2258 950 960 954 2258 1627 1154 2137 2295 2241 2104 2312 2548 1164 1130 1804 2331 2038 1389 2041 2313 1717 1426 2041 2313 1852 1046 1927 1044 1043 1927 2091 2386 1651 1880 2179 2536 2066 2416 2524 2531 1365 1369 2408 2594 1253 1210 1698 2473 1563 1094 1925 2294 1906 1956 2036 2320 385 1390 1710 2558 2051 1952 2334 2351 1386 1476 2153 2351 697 703 1619 2403 1642 1638 1735 2403 1094 1097 1626 2294 1189 1849 1973 2458 1094 1626 1925 2294 2091 1651 2290 2386 702 747 1619 2262 775 747 1087 2262 722 747 1795 2262 747 722 1087 2262 1087 722 1795 2262 775 1003 1045 2262 775 1045 745 2262 1045 1003 1815 2262 745 1045 1815 2262 747 745 1815 2262 1042 1003 979 2262 1003 1002 979 2262 1003 1087 1002 2262 747 775 745 2262 1827 1261 2021 2264 1214 1278 1180 2264 1180 1278 2074 2264 1214 1180 2074 2264 1465 2431 2502 2597 2431 1408 2511 2597 1388 1624 1812 2509 1928 1983 2279 2538 1812 1624 2479 2509 115 2217 2221 2265 1160 1140 2295 2382 2240 2217 2263 2265 2110 2240 2263 2265 2217 2110 2263 2265 2221 2217 2240 2265 2013 2221 2240 2265 1852 2191 2240 2265 2110 1852 2240 2265 1306 1189 2023 2266 1189 1306 1616 2266 1524 1189 1616 2266 1300 1287 1436 2266 1436 1287 1964 2266 1287 1301 1964 2266 1287 1300 1301 2266 1558 1526 1621 2275 1811 1248 1247 1205 1304 2148 129 2298 1248 1811 1247 2267 2268 134 2259 2560 1457 1548 2073 2602 1764 1754 2285 2611 1231 1234 2143 2539 2198 1950 2292 2457 1604 1612 2113 2425 391 380 1898 2412 1793 1782 2404 2561 1186 1185 2477 2561 1124 1185 1186 2561 1478 1733 1919 2464 1596 1407 2041 2313 1653 1355 2145 2514 2408 2045 2565 2594 2045 2126 2514 2594 1842 1551 2037 2271 1551 1842 2010 2271 1745 2010 2251 2271 2010 1745 2037 2271 2037 1745 2198 2271 1549 2037 2198 2271 1745 1549 2198 2271 1125 1137 1139 2273 1125 1139 1793 2273 2052 1985 2468 2562 2468 1985 2531 2562 2052 2335 2462 2562 2565 1365 2594 2602 2152 2427 2569 2603 1793 1757 2244 2273 1126 1125 2244 2273 1757 1904 2061 2273 1757 2061 2244 2273 1904 1126 2061 2273 2061 1126 2244 2273 1100 1110 1697 2274 1111 1100 1899 2274 1100 1111 1110 2274 1100 1688 1899 2274 1688 1100 1697 2274 1534 2107 2272 2274 1631 1534 2272 2274 1534 1631 2107 2274 1510 1334 2044 2275 340 305 1639 2275 1490 340 1639 2275 311 1490 1510 2275 305 311 1510 2275 1667 1764 1976 2614 1343 1667 2300 2304 154 1490 1790 2275 1503 154 1790 2275 149 156 1503 2275 1667 1343 1748 2304 149 1334 1510 2275 156 149 1510 2275 311 340 1490 2275 305 340 311 2275 660 650 663 2276 638 650 660 2276 660 637 638 2276 663 650 659 2276 1099 1098 1826 2438 839 859 1948 2277 1351 839 1586 2277 1586 839 1948 2277 1351 1586 1948 2277 902 865 934 2277 839 934 865 2277 839 863 934 2277 1064 1055 1063 2277 859 839 865 2277 1394 1768 2231 2507 2135 1345 2408 2435 1949 1860 2180 2570 380 370 1921 2412 1328 1630 1940 2412 1630 1898 1921 2412 1328 387 1898 2412 1630 1387 1940 2412 1613 1909 2113 2425 1604 1571 2195 2425 2070 2197 2199 2280 1839 2070 2199 2280 1607 1387 1921 2412 1761 1839 2150 2280 1839 1761 2070 2280 2070 1761 2197 2280 1937 1550 2190 2396 1940 1393 2310 2396 1922 1556 2518 2572 1822 1677 1975 2398 1646 1468 2448 2572 1969 1696 2170 2346 1453 2172 2525 2552 1768 1696 1969 2346 1638 1379 2014 2283 1236 1235 1238 2387 136 1832 1862 2319 1832 1448 2282 2319 2259 135 2282 2319 764 751 1521 2336 1638 1379 1912 2301 1862 1832 2282 2319 136 135 2294 2319 1880 2173 2179 2301 1379 1638 1734 2301 1621 1558 1755 2581 1698 1416 1766 2284 1529 1698 1766 2284 1271 1269 1957 2429 1825 1951 2260 2437 1640 1337 1738 2358 1431 2043 2174 2285 1909 1571 2043 2285 2043 1571 2174 2285 1487 1728 2054 2567 1605 1915 2206 2609 1406 2476 2060 1514 2174 1380 2300 2611 2050 1444 2283 2286 2378 2377 2443 2566 2060 1406 2377 2566 1491 2116 2441 2542 1369 1671 2302 2357 1435 1712 2284 2357 1814 1369 2302 2357 1419 1597 1753 2557 2159 1919 2481 2599 2350 1333 2356 2358 2142 2216 2283 2289 1666 1615 2255 2307 1489 1588 1615 2307 1397 1535 1776 2494 1937 2235 2396 2575 1588 1489 2095 2307 1663 1369 1671 2302 1159 1173 1833 2302 1345 1371 2286 2289 1371 1345 2163 2289 2163 1345 2286 2289 2235 1451 2396 2575 1506 1380 2195 2307 1895 1415 2324 2327 1506 1666 2255 2307 1780 1575 1849 2307 1663 1479 2270 2367 2058 2092 2394 2440 2087 1752 2291 2440 1122 1123 2061 2330 1123 1122 1121 2330 1007 1006 975 2290 1891 1149 2093 2367 1155 1131 1149 2367 1515 1576 2322 2392 1006 988 975 2290 1617 2146 2188 2434 1256 2028 2236 2512 2206 1459 2235 2441 1438 1408 1469 2441 1119 2230 2339 2517 117 2085 2141 2291 1617 1669 2146 2434 666 1642 1735 2403 2010 2103 2267 2406 2271 2267 2402 2406 1557 1537 2326 2580 108 1250 1538 2345 2267 1512 2402 2406 1326 2224 2376 2403 2224 705 2333 2403 726 1748 2193 2482 2156 1508 2570 2576 1574 1696 2346 2414 1696 1574 1827 2414 1451 1574 2346 2414 1421 1862 2159 2383 1827 1574 2074 2414 1696 1969 2170 2414 1682 1530 2218 2296 1555 1481 1605 2296 2334 115 2348 2541 1446 1605 2504 2505 2066 2363 2416 2531 1555 1682 2218 2296 1555 1605 1682 2296 1548 1788 2011 2297 2221 1283 2381 2556 1548 1585 1788 2297 1450 1700 1775 2325 1416 1400 1698 2325 1400 1450 1775 2325 1304 129 2242 2298 2148 2027 2242 2298 129 2148 2242 2298 2027 1304 2148 1309 1304 2148 1309 129 1304 2027 2148 2298 840 1551 1693 2299 1693 1551 2037 2299 840 847 1551 2299 854 846 1504 2299 1386 1504 1948 2299 1476 1386 1948 2299 1551 847 1753 2299 837 833 1796 2299 846 837 1476 2299 1476 837 1796 2299 1504 846 1948 2299 846 1476 1948 2299 862 849 1753 2299 847 862 1753 2299 840 833 849 2299 847 840 849 2299 849 833 846 2299 854 849 846 2299 837 846 833 2299 847 849 862 2299 135 1539 2294 2319 135 136 1862 2319 2012 213 1467 2521 1467 1617 2434 2521 2012 1467 2434 2521 1669 1617 1938 2521 1417 1669 1938 2521 228 225 1938 2521 197 217 213 2521 640 626 1577 2303 626 640 1334 2303 629 1771 2147 2303 629 640 1771 2303 640 622 1334 2303 1334 622 2147 2303 622 629 2147 2303 629 622 640 2303 1525 1759 1843 2614 2043 1646 2520 2614 1646 1525 2520 2614 1667 1543 1800 2614 1543 1667 1976 2614 1323 1223 1779 2305 1915 1954 2308 2607 1170 1779 1855 2305 1323 1170 1855 2305 1170 1323 1779 2305 2317 1869 2353 2579 1942 1387 2354 2607 1963 2113 2228 2579 1499 1384 1587 2607 1499 1587 1954 2607 1895 1963 2317 2579 1915 1397 1954 2607 2113 1963 2156 2579 2113 1573 2228 2579 1537 374 1874 2580 1954 1587 2308 2607 1231 1232 1234 2578 1581 1711 2096 2578 1711 1232 2096 2578 1232 1581 2096 2578 1228 1223 1234 2578 1517 1581 1661 2578 1492 1923 2142 2306 1371 1492 2142 2306 1661 1581 1875 2374 1282 1322 1241 2374 1695 2270 2297 2555 1515 2060 2378 2566 1241 1322 1661 2374 1282 1905 2004 2374 1322 1321 1320 2374 1439 2301 2373 2554 2163 1371 2289 2554 720 689 694 2309 720 700 689 2309 700 720 697 2309 1765 1636 1780 2478 1822 106 2080 2397 2030 1910 2055 2558 1426 1366 2313 2593 1629 1762 2052 2462 1223 1779 2305 2578 1762 2335 2409 2462 2013 1705 2527 2534 2173 2179 2527 2534 1449 1939 2427 2568 1651 1705 2013 2534 1651 2173 2527 2534 408 1375 1390 2558 352 357 2030 2558 1363 2053 2508 2534 2053 1363 2179 2534 2104 1935 2241 2312 1935 1331 2241 2312 1331 1603 1935 2451 2083 1241 2189 2314 1889 1465 1991 2468 1465 1920 1991 2468 1920 1889 1991 2468 2190 1597 2232 2315 1910 1589 2257 2558 357 1589 2030 2558 357 385 1589 2558 925 924 844 2315 925 844 869 2315 869 844 862 2315 844 847 862 2315 871 925 869 2315 1776 1394 1874 2580 1725 1910 2220 2338 1518 1447 1879 2338 1950 2037 2421 2461 402 1603 2055 2451 1369 2126 2288 2408 1365 2135 2286 2408 1557 1397 2009 2580 1792 1478 1983 2464 1478 1713 1733 2464 374 1397 1874 2580 1394 1537 1874 2580 1633 1713 1792 2464 1518 1725 2220 2338 1748 1525 2193 2318 2079 2038 2432 2490 1768 1969 1993 2551 1381 401 2475 2604 1885 1807 2243 2410 1890 1359 2287 2427 1819 1066 1820 2320 1065 1068 1085 2320 1065 1066 1068 2320 1085 1068 1072 2320 1079 1085 1072 2320 2292 1737 2334 2457 1950 2138 2455 2457 2138 1737 2455 2457 1914 1950 2152 2457 2268 2159 2282 2321 134 2268 2282 2321 1360 1659 2060 2322 1368 1579 2418 2423 652 647 1579 2423 626 640 1577 2423 1305 127 1290 2324 1158 1162 1152 2401 1153 1152 2124 2401 1290 1288 1289 2324 1290 1289 1964 2324 1495 1578 1711 2453 1289 1288 1963 2324 1129 1157 1814 2401 1152 1162 1802 2401 1970 1709 1992 2483 1200 1970 1992 2483 1664 821 1870 2355 1357 1937 1946 2584 1374 1614 2102 2347 1991 1356 1338 2347 2194 1755 2225 2581 1558 1372 1755 2581 1915 1451 2065 2326 1558 1621 2131 2581 1451 1882 2065 2326 1402 1327 1870 2355 821 1402 1870 2355 2145 1355 2410 2581 1755 1381 2205 2359 1381 1958 2205 2359 1858 1574 2074 2583 2272 2059 2383 2590 1429 1621 2194 2581 1429 2194 2225 2581 1777 1355 2145 2581 814 796 2175 2355 1630 1328 1898 2412 1048 1007 975 2329 1048 975 1057 2329 1912 1388 2537 2577 1260 147 146 2500 351 1382 1741 2548 1880 1734 2179 2536 1954 1915 2308 2505 2053 2191 2534 2536 1619 1734 1880 2536 1808 1535 2057 2370 2057 1535 2207 2370 1605 1555 1682 2331 1689 1355 1951 2332 1368 1689 1951 2332 1421 1621 2194 2332 1534 1421 2194 2332 1983 1919 2538 2599 1729 2021 2077 2414 1729 1827 2021 2414 1696 1729 1969 2414 709 707 704 2333 709 704 729 2333 709 699 707 2333 1491 1438 1553 2542 1438 1491 2441 2542 1791 1627 2137 2542 1481 1562 1861 2349 1988 1338 2287 2503 1863 1861 2244 2349 115 2127 2168 2334 1438 1627 1791 2542 1685 1861 1863 2349 1685 1553 1861 2349 1458 1629 2012 2335 2012 1629 2052 2335 1935 2030 2055 2451 1355 1653 2145 2410 1481 1446 2349 2582 2145 1653 2243 2410 1916 1438 2502 2582 1807 2145 2243 2410 1372 1777 2145 2410 765 91 751 2336 731 765 764 2336 1001 91 974 2336 974 91 977 2336 977 976 974 2336 2241 1725 2246 2338 1917 1518 2220 2338 1910 1917 2220 2338 1910 1447 1917 2338 1447 1518 1917 2338 2246 1592 2269 2338 1592 1331 2269 2338 2241 2246 2269 2338 1331 2241 2269 2338 1499 2001 2375 2529 1317 131 2062 2339 1311 1317 2062 2339 1317 1311 131 2339 1133 1119 2230 2339 1133 1311 1119 2339 1289 1964 2324 2340 1963 1289 2324 2340 1964 1415 2324 2340 1415 1963 2324 2340 1760 1436 1995 2340 1760 1995 2158 2340 1291 1293 1995 2340 1293 1291 124 2340 1293 124 2158 2340 1995 1293 2158 2340 951 944 1658 2342 949 947 1658 2342 959 972 2219 2342 1364 959 2219 2342 1536 2043 2258 2342 1658 1536 2258 2342 1431 1830 2043 2342 1431 1658 1830 2342 939 959 1364 2342 946 939 1364 2342 1536 1431 2043 2342 1431 1536 1658 2342 944 972 946 2342 944 946 949 2342 959 946 972 2342 947 949 946 2342 939 946 959 2342 1432 1424 1643 2344 1424 1359 2166 2344 2166 1359 2293 2344 1494 1643 2114 2344 1424 2166 2278 2344 2278 2166 2293 2344 2114 2278 2293 2344 2114 1643 2278 2344 1643 1424 2278 2344 1979 106 1990 2397 106 107 2281 2397 2172 1691 2525 2552 1798 1691 1834 2552 1394 1655 2326 2346 1655 1394 1768 2346 1946 1979 2397 2398 1729 1822 1979 2398 1363 1327 1402 2355 2306 1687 2387 2545 2008 1972 2134 2508 1793 1757 2419 2501 145 146 2171 2364 2108 1611 2533 2584 2132 2306 2387 2545 1203 2132 2387 2545 1805 1374 2102 2347 1553 1685 1757 2349 1174 1178 1858 2583 1481 1877 1562 2349 1877 1481 1562 1829 1837 1877 2244 2349 1562 1837 2244 2349 1837 1562 1877 2349 1174 1214 1180 2583 1416 1766 2284 2506 1766 1371 2135 2506 1391 1416 2284 2506 2163 1761 2377 2506 2230 2066 2339 2517 1640 1550 2261 2350 1784 1904 1999 2517 1608 1464 1789 2512 1761 1821 2496 2506 1464 1608 1978 2512 1433 1476 1533 2351 1476 1433 1586 2351 1586 1433 2140 2351 1351 2140 2153 2351 1351 1586 2140 2351 1476 1351 2153 2351 1351 1476 1586 2351 1855 1237 2305 2372 1538 2197 2343 2352 1673 1538 2343 2352 1576 1673 2343 2352 1539 1480 2169 2409 1890 2223 2337 2463 1473 1718 1860 2353 1860 1718 1977 2353 1645 1387 1940 2354 1645 1940 2310 2354 1387 1630 1940 2354 1979 1822 2080 2397 1487 1905 2213 2608 1355 1951 2332 2581 2213 1905 2585 2608 1607 1557 1921 2354 1387 1607 1921 2354 1531 1970 1992 2608 1621 1951 2131 2581 1970 1728 2213 2608 1487 1439 2585 2608 1343 2304 2610 2613 1487 1728 2567 2608 1444 1343 2610 2613 1388 1349 1912 2489 1816 1455 2205 2359 2169 2409 2462 2592 1832 1463 1455 1634 1832 1816 2178 2359 1445 1755 2205 2359 1420 1333 1640 2358 1420 1640 1738 2358 1445 1455 2111 2359 1634 1832 2111 2359 1455 1634 2111 2359 1369 1498 2011 2380 2208 1389 2466 2549 1715 2087 2439 2549 1382 1405 1874 2360 1874 1405 1883 2360 1382 1874 1883 2360 1119 1115 1136 2361 1117 1115 1119 2361 1117 1119 1739 2361 1356 1415 2460 2544 1338 1356 2337 2544 1550 2046 2235 2516 1415 2317 2463 2544 2337 1356 2463 2544 1578 1974 2234 2362 581 579 1513 2485 2212 1578 2234 2362 1805 2105 2188 2363 2102 1805 2347 2363 1805 2102 2105 2363 1611 1677 2047 2417 1274 1273 1172 2417 1253 1677 1987 2417 1936 1999 2105 2363 1936 1784 1999 2363 1471 1784 2102 2363 1465 1471 2102 2363 892 872 1722 2487 1784 1936 2102 2363 2102 1936 2105 2363 1789 1810 2323 2422 1684 1352 2402 2405 1201 1199 1783 2422 1273 1987 2021 2417 1274 1211 1253 2417 1172 1273 2021 2417 1842 1357 1946 2584 1685 1627 1757 2501 1147 1141 1627 2501 2311 2108 2533 2584 2108 2103 2398 2584 1374 1356 1415 2460 1287 1292 1588 2365 1292 1287 1305 2365 1945 1005 2091 2366 1855 1992 2213 2585 1822 1975 2397 2398 1007 1005 1089 2366 1238 1235 1992 2387 2146 1920 2363 2468 1089 1006 1007 2366 1459 2235 2441 2533 1536 2183 2258 2546 1959 1449 2092 2394 1155 1130 2214 2367 1130 1155 1663 2367 1583 1352 2138 2455 1352 1583 2189 2455 477 492 470 2368 584 470 492 2368 477 470 475 2368 1950 2151 2292 2455 1872 2189 2429 2455 1100 1111 1116 2369 1116 1111 2049 2369 1007 1043 1005 2386 1046 1043 1007 2386 1458 2268 2279 2538 1046 1852 1927 2386 1651 1927 2191 2386 2081 2057 2207 2370 2029 1425 2497 2548 1442 2104 2241 2548 332 1741 2104 2548 2414 2170 2575 2589 1356 1890 2337 2463 1415 1760 2460 2463 2009 2081 2207 2370 2009 1499 2081 2370 1218 1176 1203 2545 1236 1203 2387 2545 1342 1803 1920 2586 1580 1513 2485 2586 1854 1580 2485 2586 1744 690 2094 2587 603 604 1854 2485 2173 1439 2301 2373 690 670 2094 2587 2173 1439 2526 2527 2491 1497 2522 2566 2476 1406 2060 2566 1487 2004 2526 2595 1786 1816 2057 2535 1974 1705 2173 2527 1920 1803 2252 2586 1617 1342 1920 2586 1513 1443 1938 2586 1949 1508 2546 2570 1681 2252 2485 2586 1513 1681 2485 2586 1938 1617 2252 2586 1803 1580 1854 2586 451 440 2009 2375 2009 440 2081 2375 443 453 1844 2375 2046 2308 2516 2530 440 439 2081 2375 452 371 1384 2375 2308 1350 2516 2530 451 453 437 2375 451 452 453 2375 437 440 451 2375 443 437 453 2375 440 437 439 2375 452 451 371 2375 1330 1889 1916 2530 2016 1744 2163 2377 1744 2016 2060 2377 1328 1387 1584 2412 1270 114 2004 2588 1672 1270 2004 2588 111 1246 112 2492 1272 2151 1872 113 1515 2060 2371 2378 1576 1515 2371 2378 114 2031 2541 2588 1868 1623 2443 2444 1617 1920 2252 2586 1391 1576 2371 2378 1576 1391 2233 2378 1457 1355 1653 2514 1246 1272 112 2492 1239 1656 1872 2492 1239 1246 1873 2492 2081 2057 2370 2535 1791 1608 2028 2542 1553 1438 1791 2542 1608 1438 2441 2542 1608 1978 2028 2542 1611 1729 2077 2589 1937 2077 2575 2589 1946 1979 2398 2589 1937 1946 2584 2589 2398 1611 2584 2589 2077 2414 2575 2589 550 1724 1817 2420 594 542 1637 2420 574 1423 1600 2420 1452 1684 2402 2405 1340 1352 1528 2405 2024 1828 2155 2382 1828 2024 2114 2382 2114 2024 2155 2382 1140 1193 1828 2382 1193 1140 1161 2382 1193 1161 2155 2382 1828 1193 2155 2382 1862 2107 2282 2383 180 172 1411 2498 239 1411 2121 2498 1660 2121 2413 2498 1447 1515 2056 2392 1488 1990 2056 2392 1480 1732 2136 2385 1539 1480 2136 2385 1539 2259 2294 2385 1626 1539 2294 2385 1095 1626 2294 2385 135 1095 2294 2385 1095 135 1106 2385 1106 135 2259 2385 2259 135 2294 2385 1992 1531 2306 2387 1542 1202 2132 2387 1202 1203 2132 2387 1840 1912 2144 2484 1458 1919 2159 2538 1821 1542 2306 2387 1531 1821 2306 2387 2173 1974 2373 2484 132 133 2456 2538 2173 1705 2362 2388 1338 2337 2407 2544 1459 1608 1962 2441 108 2281 107 2395 2254 1527 2366 2388 2317 2188 2353 2544 2317 2353 2407 2544 1651 1705 2173 2388 1880 1651 2173 2388 304 777 34 2390 289 301 300 2390 301 289 304 2390 762 773 774 2390 774 777 762 2390 34 777 774 2390 301 304 34 2390 1732 2330 2369 2391 1732 2369 2385 2391 1680 1732 1894 2391 1732 1680 1837 2391 1120 1102 1837 2391 1102 1120 1098 2391 1098 1680 1894 2391 1680 1098 1837 2391 1098 1120 1837 2391 1990 2101 2322 2392 2233 1576 2378 2392 1447 2233 2378 2392 1758 1986 2233 2392 1917 1758 2233 2392 105 106 1758 2392 1758 106 1986 2392 106 105 1990 2392 1986 106 1990 2392 1089 2254 2366 2393 1089 983 2254 2393 1005 1089 2366 2393 1005 1088 1004 2393 1004 983 1005 2393 1004 965 983 2393 1005 983 1089 2393 1838 2332 2413 2590 1975 2395 2397 2398 1842 1946 2256 2395 1720 1532 1845 2399 2103 1842 2256 2395 2310 2308 2354 2396 2235 1451 2308 2396 2308 1451 2354 2396 1550 1937 2235 2396 1393 1550 2235 2396 1742 1393 1940 2396 1630 1742 1940 2396 1742 1609 2190 2396 1393 1742 2190 2396 1630 1609 1742 2396 1979 1822 2397 2398 1661 1905 2526 2585 1721 1689 1767 2613 1842 1946 2395 2398 2103 1842 2395 2398 876 879 1720 2399 850 876 1720 2399 906 2399 912 1609 826 906 1532 2399 1532 906 1609 2399 1609 2184 2190 2399 2170 1609 2190 2399 913 850 1676 2399 826 876 913 2399 876 826 879 2399 850 913 876 2399 1473 1478 1606 2400 1259 1158 1129 2401 1498 1763 1971 2401 1971 1763 2115 2401 1707 1498 1971 2401 1158 1259 2115 2401 1259 1971 2115 2401 1259 1707 1971 2401 1619 702 2224 2403 685 666 1989 2403 666 685 1642 2403 1642 685 1989 2403 720 697 2309 2403 720 1989 2403 2309 697 695 666 2403 697 666 703 2403 666 705 703 2403 720 695 697 2403 1934 2261 2350 2405 2293 1934 2350 2405 1528 1352 1684 2405 1511 1528 1684 2405 2103 2048 2176 2406 2048 2103 2108 2406 1440 1470 1869 2407 1176 1218 2430 2545 1218 1236 1855 2545 1855 1236 2387 2545 1923 1853 2306 2545 1440 1341 1740 2407 1341 1338 1740 2407 1470 1440 1740 2407 1366 1470 1740 2407 1366 1740 1338 2407 1740 1366 1338 1422 1124 1186 1782 2561 2287 1359 2356 2427 1509 1428 1906 2569 1420 1410 2287 2427 1381 1958 2571 2604 1556 2144 2518 2572 1652 1556 1922 2572 1493 1429 2225 2410 1429 1372 2225 2410 1652 1922 2125 2572 1761 2150 2163 2411 2163 2016 2377 2411 2016 2060 2377 2411 1761 2060 2197 2411 1761 2197 2280 2411 2150 1761 2280 2411 1761 2163 2377 2411 2060 1761 2377 2411 393 387 1328 2412 380 391 370 2412 370 391 393 2412 370 393 395 2412 393 391 387 2412 1546 137 2415 2591 137 1832 2359 2591 1421 1755 2111 2591 2359 2225 2415 2591 1454 1395 1660 2413 1931 1877 2061 2499 2304 1395 2341 2413 1454 2304 2341 2413 1395 1454 2341 2413 1748 2014 2193 2482 1444 1343 1748 2482 1454 1660 2084 2413 1454 2084 2383 2413 1546 1429 2225 2415 2409 2319 2426 2592 1563 1832 2319 2592 1380 2144 2195 2572 1646 1840 2144 2572 1468 1929 2448 2572 1832 1563 2178 2592 2319 1832 2426 2592 1563 2169 2178 2592 1762 2169 2462 2592 2169 1816 2178 2592 1877 1931 2061 2416 1600 1423 2442 2503 1757 1904 2404 2416 1757 1877 2061 2416 1904 1757 2061 2416 1596 1740 2442 2503 1851 121 1896 2432 1410 1988 2287 2503 655 712 653 2418 112 1728 2040 2424 647 653 712 2418 1728 2054 2280 2424 1161 1564 2382 2419 1161 1144 1564 2419 1144 1161 1160 2419 1160 1161 2382 2419 1145 1142 1793 2419 1142 1145 1144 2419 1144 1145 1782 2419 1782 1145 1793 2419 1446 1829 1908 2504 552 542 607 2420 607 542 594 2420 550 542 552 2420 574 552 607 2420 1549 1352 1872 2421 1872 1352 1950 2421 1549 1872 1950 2421 1277 1197 1810 2422 2031 2541 2588 2600 2013 1708 2588 2600 2084 2383 2413 2481 2051 2265 2541 2600 1197 1654 1810 2422 1810 1654 2323 2422 1234 2022 2143 2539 1708 2031 2588 2600 2084 2121 2413 1660 640 626 645 2423 653 647 652 2423 645 651 653 2423 645 639 651 2423 111 112 2040 2424 1966 110 2199 2424 110 1839 2199 2424 124 125 1615 2425 125 124 1613 2425 1613 124 2177 2425 1448 189 2117 2426 189 1448 1634 2426 1366 1426 1573 2593 2223 2337 2463 2593 1629 1762 2335 2426 2335 1762 2409 2426 1984 1573 2313 2593 1366 2317 2337 2593 1448 2268 2319 2426 2319 2268 2409 2426 1448 1629 2335 2426 1760 2223 2463 2593 1366 1573 2579 2593 2223 2313 2337 2593 2317 1366 2579 2593 2268 1448 2335 2426 2268 2335 2409 2426 336 401 1381 2604 401 336 1857 2604 1340 2152 2358 2427 1340 1939 2152 2427 1333 1991 2356 2427 1333 1420 1991 2427 336 1741 1857 2604 1381 1372 1741 2604 1739 1704 2059 2456 1269 1271 1270 2429 1270 1271 1884 2429 1220 1218 1687 2430 1263 2130 1219 1224 2130 1263 1219 2430 2130 1798 1191 2430 1191 1263 2130 2430 1798 2130 1191 1559 1263 1191 1798 2430 1408 1469 2382 2431 1471 1564 2404 2431 1438 1627 2382 2431 2382 1627 2419 2431 1789 1256 2236 2512 1627 1438 1757 2431 1564 2382 2419 2431 2404 1564 2419 2431 1793 2404 2419 2431 1757 1793 2419 2431 1793 1757 2404 2431 117 118 2291 2433 2141 117 2291 2433 1606 1473 1617 2434 803 799 1980 2522 1497 813 2118 2522 803 1980 2476 2522 2179 2527 2534 2567 2118 1722 2491 2522 1669 2012 2052 2434 1355 1457 1838 2565 1380 2174 2605 2611 2216 1365 2286 2565 1606 1781 2279 2434 2045 2050 2286 2565 887 1722 2118 2522 887 889 1722 2522 810 790 803 2522 1746 2004 2556 2595 2045 1689 2050 2565 1779 1687 1855 2563 2052 2012 2335 2434 2012 1458 2335 2434 1560 961 1679 2436 1679 961 2428 2436 229 226 1977 2436 274 229 1679 2436 229 249 226 2436 249 229 274 2436 1689 711 2260 2437 633 650 1486 2437 633 1460 1825 2437 1460 633 1486 2437 659 711 1689 2437 650 649 648 2437 650 648 659 2437 633 649 650 2437 659 648 711 2437 1527 2254 2290 2439 2085 1965 2263 2439 2098 1752 2263 2439 1752 2085 2263 2439 2290 988 2254 1006 988 2290 2254 2439 975 988 1030 2439 1468 964 2219 2448 964 958 2119 2448 2116 1459 2206 2441 1350 1438 1491 2441 1705 2240 2515 2543 1256 1255 2047 2512 1841 1275 2047 2512 1789 1464 2047 2512 1491 2116 2206 2441 1350 1491 2206 2441 1256 1177 1212 2512 1129 1978 2028 2512 2028 1608 2236 2512 1474 1177 1841 2512 1423 1020 1600 2442 2171 2003 2231 2507 1908 1829 2296 2504 1022 1019 1018 2442 1022 1015 1019 2442 1020 1091 1022 2442 1022 1091 1015 2442 1603 1413 1935 2451 347 341 1603 2451 345 354 1935 2451 1348 1603 1623 2443 1623 1345 1868 2443 1765 2068 2071 2445 2062 1311 2339 2528 671 669 661 2444 661 669 662 2444 672 671 661 2444 669 671 673 2444 1357 1550 2311 2557 1342 1443 1580 2586 2004 1746 2374 2526 1661 1974 2373 2526 2087 1071 2120 2447 2300 1343 2445 2550 2291 2087 2440 2447 2038 1959 2092 2447 2092 1959 2440 2447 1074 991 2041 2447 1071 1074 2120 2447 1959 2291 2440 2447 1389 1959 2038 2447 1715 1389 2038 2447 2216 1343 2283 2550 2318 1380 2489 2550 2283 1343 2318 2550 2300 1380 2318 2550 991 1074 1071 2447 1468 969 964 2448 1525 1736 1840 2448 1840 1736 1929 2448 958 964 969 2448 969 1468 964 971 1149 1555 2218 2449 1592 1345 2435 2450 2269 2126 2312 2450 2126 2269 2288 2450 1331 1592 2269 2450 1603 1623 2443 2450 1331 1603 2443 2450 1935 1331 2312 2450 2241 2269 2312 2450 1331 2241 2312 2450 2241 1331 2269 2450 1603 1331 1935 2450 1413 1935 2312 2450 1623 1413 2312 2450 1413 1603 1935 2450 1603 1413 1623 2450 342 347 343 2451 347 345 346 2451 1660 1395 2341 2452 183 173 1660 2452 290 255 1976 2452 264 290 1976 2452 1800 264 1976 2452 1395 173 1772 2452 1395 1772 1976 2452 262 264 1800 2452 1772 1800 1976 2452 173 262 1772 2452 1772 262 1800 2452 255 173 270 2452 173 255 264 2452 173 183 270 2452 290 264 255 2452 173 264 262 2452 2015 1668 2488 2453 2015 120 1668 2453 120 2015 1668 121 584 491 583 2454 491 2368 584 492 584 583 490 2454 555 490 583 2454 583 1953 555 2454 2189 1602 2429 2455 1602 1957 2429 2455 1957 1602 2138 2455 1737 1957 2138 2455 1583 1602 2189 2455 1602 1583 2138 2455 1237 2083 2167 2539 1528 2022 2167 2539 2370 1908 2504 2540 1985 2136 2462 2540 1583 2083 2314 2539 1480 1908 2370 2540 1950 1914 2138 2457 1914 1737 2138 2457 1864 2153 2334 2457 1737 1864 2334 2457 1864 1914 2153 2457 1864 1737 1914 2457 1265 1303 1169 2458 1303 1265 1794 2458 1794 1303 1302 1943 1303 1794 1302 2458 1559 1569 1794 2458 1265 1559 1794 2458 1559 1265 1569 2458 2075 1754 2095 2459 1489 1754 2285 2459 1604 1489 2285 2459 1288 1289 1612 2459 2082 1604 2285 2459 1754 2082 2285 2459 1290 1288 2365 2459 1288 1290 1289 2459 1289 1290 2365 2459 357 352 385 2558 352 426 385 2558 352 2030 2055 2558 352 2055 2248 2558 2152 1340 2358 2461 1337 2152 2358 2461 1419 1386 1769 2461 1769 1386 2152 2461 1337 1419 1769 2461 1337 1769 2152 2461 1425 1572 2029 2497 2029 1572 2384 2497 1952 2031 2051 2541 115 2051 2265 2541 2237 1356 2460 2463 2223 2237 2460 2463 2221 1746 2556 2595 2045 1355 2565 2594 1365 2408 2565 2594 2514 2555 2565 2594 1769 1337 2152 2603 1713 1329 1733 2464 1533 1708 1972 2600 1433 1533 2508 2600 2013 2265 2508 2600 242 251 1919 2464 2265 2013 2381 2600 1748 1343 2014 2482 715 727 2014 2482 2083 1268 2314 2539 200 192 206 2465 196 192 200 2465 192 204 206 2465 196 200 198 2465 2445 1343 2525 2550 1527 1965 2212 2466 1912 2283 2318 2550 2216 1349 2525 2550 2212 1965 2234 2466 2234 1965 2389 2466 2212 2234 2389 2466 2077 1451 2206 2575 2235 1937 2533 2575 1343 2216 2525 2550 1939 2058 2394 2467 2143 1939 2394 2467 2394 2058 2433 2467 2064 2394 2433 2467 1583 1939 2143 2467 1939 1583 2058 2467 1321 117 1602 2467 117 1321 1320 2467 1320 1321 1602 2467 1232 1231 2143 2467 1231 1232 1233 2467 1889 1330 1916 2468 1916 1330 1985 2468 1465 1920 2363 2347 1920 1465 2363 2468 1330 1953 1954 2472 1954 1499 2370 2472 1330 1954 2370 2472 505 1645 1940 2470 1940 1645 1968 2470 505 1940 1968 2470 515 504 1968 2470 1694 515 1968 2470 515 507 504 2470 504 507 505 2470 502 506 507 2470 505 507 506 2470 2046 1953 2249 2471 502 2046 2249 2471 1953 502 2249 2471 1955 491 2454 2471 1953 1955 2454 2471 491 1953 2454 2471 493 506 502 2471 493 503 506 2471 493 502 491 2471 1499 1587 1953 2472 1953 1587 1954 2472 1595 1330 2052 2472 1595 1566 1778 2472 2053 1927 2191 2536 1439 2163 2301 2554 1651 2179 2534 2536 1567 1373 2053 2536 1385 2052 2162 2472 1385 1595 2052 2472 1566 1385 2162 2472 1385 1566 1595 2472 1816 404 2057 2475 404 405 2057 2475 358 401 1857 2475 1535 2057 2207 2475 1857 1535 2207 2475 405 403 2057 2475 2057 403 2207 2475 358 1857 2207 2475 403 358 2207 2475 405 400 401 2475 405 401 358 2475 358 403 405 2475 806 802 1514 2476 806 1514 1664 2476 1622 1854 1988 2523 803 806 810 2476 812 810 806 2476 802 806 803 2476 1186 1188 1782 2477 1186 1187 1188 2477 1188 1187 1675 2477 2526 1705 2527 2595 2335 2409 2462 2562 1487 2526 2527 2595 1187 1185 1324 2477 1324 1185 1999 2477 1184 1324 1936 2477 1675 1184 1936 2477 1187 1324 1184 2477 1187 1184 1675 2477 1765 1575 2071 2478 1575 1765 1780 2478 1683 1575 1780 2478 1684 1601 1783 2480 1206 1684 1811 2480 1206 1204 1684 2480 1207 1204 1206 2480 1207 1206 1811 2480 1202 1201 1783 2480 1201 1202 1204 2480 1204 1202 1601 2480 1601 1202 1783 2480 186 1421 1448 2481 186 238 1421 2481 191 1448 1919 2481 1919 1448 2159 2481 191 186 1448 2481 238 168 183 2481 168 238 186 2481 168 186 191 2481 715 743 728 2482 763 726 728 2482 715 742 743 2482 1204 1207 1206 2483 1244 1206 1709 2483 1206 1244 1200 2483 1202 1235 2387 2483 1235 1202 1204 2483 1821 1709 2099 2483 1751 1821 2099 2483 1201 1542 1751 2483 1201 1204 1542 2483 1709 1206 2099 2483 1206 1207 2099 2483 1207 1751 2099 2483 1204 1201 1207 2483 1207 1201 1751 2483 1512 1452 2323 2486 1452 1512 1684 2486 1684 1512 2480 2486 1570 1511 1783 2486 1783 1511 2480 2486 1570 1783 2480 2486 1375 1907 2257 2487 1532 1488 1907 2487 878 1532 1907 2487 877 878 1907 2487 893 877 1907 2487 878 1488 1532 2487 1488 878 1532 1720 892 873 893 2487 893 873 878 2487 892 893 872 2487 893 890 872 2487 878 877 893 2487 121 1668 2432 2488 1668 121 1706 2488 1706 121 2432 2488 2208 1668 2466 2488 1668 2208 2432 2488 2432 2208 2466 2488 2015 1706 2469 2488 2453 2015 2469 2488 1484 1388 1787 2489 1484 1787 2469 2489 1824 1449 1890 2490 2079 2223 2313 2490 2038 2079 2313 2490 1741 1807 1857 2604 1939 2092 2152 2569 2223 1407 2313 2490 1407 2038 2313 2490 2223 1890 2337 2490 1407 2223 2337 2490 1890 1407 2337 2490 1447 1331 1910 2491 1331 1447 1910 2338 1447 1910 2056 2491 1910 1331 2055 2491 2118 2056 2248 2491 1347 2118 2248 2491 1722 2056 2118 2491 1447 1515 2378 2491 1515 1447 2056 2491 569 599 1622 2523 2055 1347 2248 2491 1722 1515 2056 2491 2056 1910 2248 2491 1910 2055 2248 2491 1292 1308 1780 2493 1308 1292 1599 2493 1636 2095 2200 1823 2095 1636 2200 2493 1309 1599 1636 2493 1308 1309 1636 2493 1309 1308 1599 2493 1395 1368 1577 2498 2029 142 2129 2494 1776 2029 2129 2494 182 173 1772 2498 178 182 1772 2498 1484 1453 2489 2574 2156 1560 2576 2606 1425 1777 2145 2548 1442 332 2104 2548 1741 1382 2497 2548 1741 1777 2104 2548 1416 1391 2343 2496 2231 1768 2346 2507 2384 2145 1572 2243 2181 1776 2494 2497 1776 2029 2494 2497 1414 1776 2181 2497 1414 1382 1776 2497 2181 141 142 2494 2029 142 2494 2497 142 2029 2384 2497 1741 1414 1807 2497 1807 1414 2181 2497 1382 1414 1741 2497 2121 1411 2413 2498 1411 1395 2413 2498 180 182 178 2498 180 239 182 2498 180 178 172 2498 2071 1765 2445 2525 1548 1457 2555 2602 2369 1732 2385 2499 2136 2369 2385 2499 1732 2136 2385 2499 1433 1972 2008 2508 1816 1786 1900 2535 1180 1213 2364 2500 1180 1260 1213 2500 1216 1260 1827 2500 1260 1216 147 2500 1216 1696 2500 1827 1827 1180 2074 2500 2074 1180 2364 2500 1827 2074 2364 2500 1757 1863 2349 2501 1685 1757 2349 2501 1143 1142 1141 2501 2419 1757 2431 2501 1627 2419 2431 2501 1757 1627 2431 2501 1125 1143 1863 2501 1143 1125 1142 2501 1142 1125 1793 2501 1793 1125 1863 2501 1471 1465 2431 2502 2404 1471 2431 2502 2363 2404 2416 2502 1465 2363 2416 2502 1465 1471 2363 2502 2363 1471 2404 2502 1988 1724 2420 2503 1740 1600 2442 2503 1341 1338 1988 2503 1600 1341 1988 2503 1410 1407 1428 2503 1428 1407 1596 2503 1407 1410 2287 2503 1341 1600 1740 2503 1338 1341 1740 2503 2287 1338 2337 2503 1407 2287 2337 2503 1596 1407 2337 2503 1338 1596 2337 2503 1178 1174 145 2583 1985 2416 2468 2531 1985 2136 2416 2531 2416 2363 2468 2531 1489 1754 2095 2611 2066 2146 2363 2531 2089 2066 2524 2531 2206 1350 2308 2505 1915 2206 2308 2505 1491 1350 2206 2505 1605 1491 2206 2505 1574 1858 2227 2583 1180 1214 2074 2583 1350 1491 1553 2505 1553 1491 1605 2505 1471 1465 1614 2597 1574 2227 2364 2583 1696 147 2500 2507 147 1768 1969 104 1768 147 1969 2507 2171 2231 2364 2507 146 2171 2364 2507 2265 2008 1852 2508 1708 1402 1972 2508 1499 2370 2472 2535 1327 1402 1708 2508 1402 1363 1972 2508 1778 1499 2472 2535 1499 2001 2529 2535 1972 1363 2053 2508 1972 2053 2191 2508 2089 2335 2562 2601 2136 2259 2369 2601 2185 2089 2524 2601 2089 2268 2335 2601 1433 1533 1972 2508 2185 2049 2560 2601 1786 2081 2529 2535 2081 1499 2529 2535 2453 1787 2479 2509 1711 2453 2479 2509 1365 1498 2011 2510 1498 1365 2142 2510 1492 1498 2142 2510 1498 1492 1763 2510 1635 1492 1923 2510 1492 1635 1799 2510 1799 1635 1923 2510 1855 2373 2563 2612 1830 1353 2215 2520 1543 1431 1830 2520 1916 1333 1437 1889 1784 1999 2066 2517 433 444 1786 2529 1904 1784 2066 2517 1362 1667 1800 2614 1434 1838 2602 2610 1838 2565 2602 2610 1649 1507 2116 2598 1115 1119 1136 2517 1115 1136 1904 2517 1474 1649 2116 2598 2216 1434 2602 2610 1649 1474 2596 2598 1464 1841 2047 2512 1275 1256 2047 2512 1640 1550 1865 2557 1269 1321 2374 2556 1695 1369 2270 2514 1321 1746 2374 2556 1550 1357 2190 2557 251 1919 2464 2599 1746 116 2221 2556 1572 1695 1891 2514 1572 1891 2243 2514 1695 1750 1891 2514 1891 1750 2243 2514 116 1283 2221 2556 1321 116 1746 2556 1974 2234 2362 2515 1705 1974 2362 2515 1640 1550 2350 2516 1333 1640 2350 2516 1312 1134 1136 2517 1136 1134 1904 2517 2254 2388 2393 2518 2254 1527 2388 2518 1922 2254 2393 2518 1652 1556 2466 2518 1527 1652 2466 2518 1922 1652 2254 2518 1652 1527 2254 2518 1773 1834 2072 2519 1834 1773 1923 2519 1923 1773 2510 2519 1505 2072 2209 2519 1434 1505 2209 2519 1505 1944 2072 2519 1505 1434 1944 2519 1456 1362 2215 2520 1362 1456 1843 2520 1367 1843 2226 2520 1353 1456 2215 2520 1364 1367 2226 2520 1364 1353 1367 2520 1353 1364 1456 2520 1456 1364 2226 2520 1843 1456 2226 2520 803 790 799 2522 790 887 799 2522 889 887 790 2522 813 799 887 2522 799 1497 813 791 1931 1115 2517 2524 1115 1931 2230 2524 1904 1931 2517 2524 2066 1904 2517 2524 1575 1765 2071 2525 1575 1453 1765 2525 2216 2172 2519 2525 1344 1430 1532 2551 1430 1768 2257 2551 1453 1575 1691 2525 1691 1575 2071 2525 1734 2016 2179 2553 2172 1691 2519 2525 1691 2071 2209 2525 2209 2071 2519 2525 1691 2209 2519 2525 2105 2062 2339 2528 1905 2004 2374 2526 1661 1905 2374 2526 2173 1439 2373 2526 1974 2173 2373 2526 1672 1487 2004 2526 1487 1672 1905 2526 1905 1672 2004 2526 1214 2074 2583 2596 1359 1449 2427 2568 2370 1762 2472 2535 2074 1214 2264 2596 2261 1337 2461 2557 1313 1314 1324 2528 1313 1324 1999 2528 2339 1311 2517 2528 1999 2339 2517 2528 1324 1936 1999 2528 1324 1314 1936 2528 1312 1999 2517 2528 1311 1312 2517 2528 441 437 2375 2529 1403 441 2375 2529 441 1403 2001 2529 2001 1403 2375 2529 353 439 433 2529 439 441 433 2529 444 433 441 2529 439 437 441 2529 1889 1330 1953 2530 1953 1330 1954 2530 1587 1953 1954 2530 2308 1954 2505 2530 1350 2308 2505 2530 1446 1916 2505 2530 1916 1446 1985 2530 1446 1330 1985 2530 114 1884 2348 2541 2292 2334 2348 2541 1230 1227 1568 2532 1568 1227 1648 2532 2022 1228 2143 2532 1593 2022 2143 2532 1648 1593 1657 2532 1657 1593 2143 2532 2022 1228 1593 1223 1228 2022 1593 2532 1937 1459 2077 2533 1534 1838 2272 2590 1459 1611 2077 2533 1934 1550 2261 2533 2261 1550 2311 2533 1708 1327 2508 2534 1890 1359 2427 2568 1880 1651 2179 2534 1651 1880 2173 2534 2173 1880 2179 2534 1363 1327 2179 2534 1327 1363 1402 2534 1402 1363 2508 2534 1327 1402 2508 2534 1816 1762 2169 2535 1418 1778 2472 2535 1778 1418 2001 2535 1808 2169 2370 2535 2057 1808 2370 2535 1808 2057 2169 2535 1401 1786 2001 2535 1731 1401 2001 2535 1418 1731 2001 2535 1762 2162 2472 2535 1900 1731 2162 2535 1762 1900 2162 2535 1401 1731 1900 2535 1786 1401 1900 2535 1731 1418 2162 2535 2162 1418 2472 2535 2185 1928 2279 2538 1972 1708 2508 2600 1533 1972 2508 2600 1533 1433 2051 2600 2031 1533 2051 2600 133 132 2185 2538 133 2185 2268 2538 2381 2013 2588 2600 1708 1533 2031 2600 115 2381 2541 2600 2541 2381 2588 2600 2265 115 2541 2600 1480 1446 1908 2540 1908 1446 2504 2540 2505 1446 2530 2540 1954 2505 2530 2540 2504 1446 2505 2540 1954 2504 2505 2540 1952 2051 2334 2541 2292 1952 2334 2541 2268 2259 2409 2601 2335 2409 2562 2601 1729 1611 2398 2589 2170 1937 2575 2589 2089 2185 2560 2601 2259 2268 2560 2601 1978 1649 2028 2542 1491 1649 2116 2542 1649 1491 1804 2542 1491 1553 1804 2542 1649 1804 1960 2542 1791 1649 1960 2542 1804 1553 1960 2542 1553 1791 1960 2542 2085 1965 2515 2543 1965 2085 2263 2543 2263 2085 2515 2543 2290 2091 2366 2543 2366 2091 2388 2543 2460 1415 2463 2544 1356 2460 2463 2544 1415 1805 2188 2544 2188 1805 2347 2544 1374 1356 2347 2544 1356 1374 1415 2544 1415 1374 1805 2544 1805 1374 2347 2544 1687 1218 1779 2545 1779 1218 1855 2545 1687 1779 1855 2545 1853 1176 2430 2545 1687 1853 2430 2545 1913 1508 2183 2546 1536 1913 2183 2546 1807 1885 2019 2571 1949 1508 2180 2546 1508 1913 2180 2546 1947 1949 2180 2546 1913 1947 2180 2546 1954 2164 1530 2547 1530 2164 2494 2547 2164 1397 2494 2547 1397 1535 2494 2547 1908 1530 2253 2547 2253 1530 2494 2547 1535 2253 2494 2547 2241 1425 2360 2548 1442 2241 2360 2548 2029 1382 2360 2548 1425 2029 2360 2548 1652 988 2254 2549 988 1652 1715 2549 1959 2291 2447 2549 1959 2208 2291 2549 1389 1959 2447 2549 1959 1389 2208 2549 1937 1459 2533 2575 1459 2235 2533 2575 1768 1655 2346 2551 1609 1532 2399 2551 2170 1609 2399 2551 1344 1532 1609 2551 1344 1609 1630 2551 1630 2170 1609 2396 2170 1630 1609 2551 1430 1630 1655 2551 1655 1630 2346 2551 1559 1388 1794 2552 1388 1453 1794 2552 1569 1559 1794 2552 1453 1569 1794 2552 2053 1363 2187 2553 1363 2053 2179 2553 1619 1734 2536 2553 1734 1619 2309 2553 1567 1619 2536 2553 1619 1567 2309 2553 2053 1567 2536 2553 1567 2053 2187 2553 1989 1734 2309 2553 1734 1989 2016 2553 1871 1989 2309 2553 1989 1871 2016 2553 2335 2089 2562 2564 2052 1669 2434 2564 2052 2335 2562 2564 2150 1761 2163 2554 1761 1371 2163 2554 2089 2531 2562 2564 1669 2052 2562 2564 1669 2146 2434 2564 2468 1669 2562 2564 1519 1457 1750 2555 1457 1519 1585 2555 1585 1519 1750 2555 1548 1457 1585 2555 1548 1585 2297 2555 2011 1548 2297 2555 2381 2004 2588 2595 2013 2381 2588 2595 2443 1497 2491 2566 1497 1980 2522 2566 1597 2232 2315 2557 1753 1597 2315 2557 1357 1753 2315 2557 1550 1694 1865 2557 1865 1694 2232 2557 1785 1865 2232 2557 1785 1337 1865 2557 2232 2190 2315 2557 2190 1357 2315 2557 1393 2190 2232 2557 1393 1550 2190 2557 1550 1393 1694 2557 1694 1393 2232 2557 426 407 408 2558 2251 1549 2267 2559 1548 1434 2073 2602 2300 1380 2605 2611 1434 1365 2216 2602 1365 1434 1647 2602 2273 1793 2404 2561 1999 1784 2477 2561 1185 1999 2477 2561 1325 1185 1138 2561 1134 1138 2273 2561 1124 1139 1138 2561 1138 1139 2273 2561 1139 1793 2273 2561 1139 1124 1793 2561 1325 1784 1999 2561 1185 1325 1999 2561 1325 1134 1784 2561 1134 1325 1138 2561 1784 1134 1904 2561 1904 1134 2273 2561 1784 1904 2273 2561 1517 1624 1779 2563 1779 1855 2305 2563 1517 1779 2305 2563 2305 1855 2373 2563 1517 2305 2373 2563 1223 1624 1779 2578 1517 1578 1581 2578 1517 2373 2537 2563 2537 2373 2554 2563 1228 1711 2479 2578 1578 1517 1711 2578 1458 2279 2335 2564 1781 2279 2434 2564 1928 2066 2089 2564 1928 1781 2066 2564 1928 2089 2279 2564 1781 1928 2279 2564 1606 1781 2434 2564 1781 1606 2146 2564 2146 1606 2434 2564 1759 1667 1831 2614 1817 1738 2000 2603 1817 1769 1956 2603 2004 2381 2556 2595 2004 1746 2526 2595 1956 1769 2152 2603 1457 2514 2555 2565 1457 1355 2514 2565 2150 1327 2280 2567 1327 2054 2280 2567 1728 2150 2280 2567 2054 1728 2280 2567 2038 1449 2490 2568 2092 2038 2447 2568 1407 2092 2447 2568 2038 1407 2447 2568 1959 2038 2092 2568 1449 1959 2092 2568 1959 1449 2038 2568 1857 1958 2475 2604 1509 1906 2152 2569 1509 2092 2120 2569 1428 1509 2120 2569 1407 1410 1428 2569 2287 1407 2568 2569 2427 2287 2568 2569 2092 1407 2447 2569 2120 2092 2447 2569 1410 1407 2287 2569 1410 2287 2427 2569 1407 1428 2120 2569 1407 2120 2447 2569 126 2082 2113 2570 137 138 2415 2571 1372 2225 2410 2571 1807 1372 2410 2571 138 1493 2415 2571 2225 1493 2410 2571 1493 1885 2410 2571 139 138 2019 2571 1885 139 2019 2571 1958 2019 2178 2571 137 1958 2178 2571 2019 138 2178 2571 138 137 2178 2571 138 139 1493 2571 1493 139 1885 2571 1380 1646 2144 2572 1646 1571 2195 2174 1571 1646 2195 2572 1723 1571 2195 2572 1556 1723 2195 2572 1717 1571 1723 2572 1556 1717 1723 2572 1922 1840 1929 2572 1840 1646 2448 2572 1929 1840 2448 2572 1453 1484 1506 2574 1453 1506 1575 2574 1453 1575 1765 2574 1575 1506 2307 2574 1765 1575 2307 2574 1470 1366 2139 2606 1560 1470 2139 2606 2308 1587 2354 2607 2113 2156 2570 2576 1909 2113 2570 2576 1587 1942 2354 2607 1587 1376 1942 2607 1912 2537 2554 2577 2554 2537 2563 2577 1687 1388 1798 2577 1798 1388 2172 2577 1349 1923 2172 2577 1371 2289 2306 2577 2142 1371 2306 2577 1371 2142 2289 2577 1923 2142 2306 2577 1923 1349 2142 2577 1687 1798 1853 2577 1853 1798 2172 2577 1853 1923 2306 2577 1687 1853 2306 2577 1923 1853 2172 2577 1226 1228 2479 2578 1228 1226 1223 2578 1223 1226 2479 2578 1231 1234 1268 2578 1268 1234 2305 2578 1231 1268 1661 2578 1661 1268 2305 2578 1624 1517 1779 2578 1779 1517 2305 2578 2065 1915 2326 2580 1882 2065 2326 2580 374 1557 2009 2580 374 1537 1557 2580 1397 374 2009 2580 2150 1531 2554 2608 1689 1368 1767 2613 1531 1728 1970 2608 1882 1776 2065 2580 2065 1776 2164 2580 1915 2065 2164 2580 1728 1839 2150 2608 1905 1487 2585 2608 1839 1531 2150 2608 1777 2145 2410 2581 1877 1757 2349 2582 2416 1916 2502 2582 1877 2416 2502 2582 1985 1916 2416 2582 1877 1985 2416 2582 1213 1180 2364 2583 1180 1213 145 2583 145 1213 2364 2583 1178 145 2227 2583 2227 145 2364 2583 1937 2311 2533 2584 1937 1357 2311 2584 1357 1842 2311 2584 2311 1842 2406 2584 2108 2311 2406 2584 1842 2108 2406 2584 1517 1661 2373 2585 1661 1517 2305 2585 2305 1517 2373 2585 1605 1507 1915 2609 1451 2077 2206 2609 2116 1491 2206 2609 1439 2373 2526 2585 1487 1439 2526 2585 1507 2116 2598 2609 1451 1574 2598 2609 1858 1507 2598 2609 1507 1491 2116 2609 1617 1938 2006 2586 1342 1617 2006 2586 1681 1938 2252 2586 1681 1513 1938 2586 1938 1443 2006 2586 1443 1342 2006 2586 1406 1348 1541 2587 1541 1348 2026 2587 2026 673 1541 2587 673 2026 1541 665 1544 690 1744 2587 1522 1406 2443 2377 1406 1522 2443 2587 679 673 1544 2587 673 679 1541 2587 1541 679 1544 2587 687 690 1544 2587 673 687 1544 2587 670 673 671 2587 690 673 670 2587 690 687 673 2587 2077 1937 2533 2589 1611 2077 2533 2589 2533 1937 2584 2589 1611 2533 2584 2589 2059 1496 2068 2590 1496 1838 2068 2590 2068 1838 2304 2590 1454 2068 2304 2590 2194 1546 2225 2591 2225 1546 2415 2591 1832 1421 2111 2591 1421 1832 1862 2591 137 136 1832 2591 1832 136 1862 2591 136 1546 1862 2591 136 137 1546 2591 1760 1984 2223 2593 2079 1984 2313 2593 1984 2079 2223 2593 2223 2079 2313 2593 2228 2317 2579 2593 1573 2228 2579 2593 2228 1760 2317 2593 2317 1760 2463 2593 1984 1760 2228 2593 1573 1984 2228 2593 2381 2221 2556 2595 1705 2013 2527 2595 2013 2221 2381 2595 1672 1487 2588 2595 1487 1672 2004 2595 2004 1672 2588 2595 2013 1705 2221 2595 1705 1746 2221 2595 1174 1214 2583 2596 1174 1179 1214 2596 168 2084 2599 269 2084 1454 2383 2599 2159 2383 2538 2599 1214 1179 1215 2596 1214 1215 2264 2596 1474 1165 1649 2596 1165 1159 1649 2596 1983 1926 2464 2599 1159 1507 1649 2596 1494 1471 2344 2597 1991 1614 2347 2597 1465 1991 2347 2597 1614 1465 2347 2597 1858 1507 2596 2598 1574 1858 2596 2598 2077 1574 2414 2598 1574 2074 2414 2598 2264 2074 2596 2598 1474 2264 2596 2598 2264 2077 2414 2598 2074 2264 2414 2598 1841 2077 2264 2598 1474 1841 2264 2598 1841 1474 2077 2598 251 168 1919 2599 269 242 2084 2599 269 168 251 2599 251 242 269 2599 115 2265 2381 2600 2049 2185 2524 2601 2089 2136 2499 2601 1931 2089 2499 2601 2049 1931 2499 2601 2089 1931 2524 2601 1931 2049 2524 2601 2369 2049 2499 2601 2136 2369 2499 2601 1365 1647 2011 2602 1434 1548 1647 2602 1647 1548 2011 2602 1738 1420 2358 2603 2358 1420 2427 2603 1410 1428 2569 2603 1428 1410 1817 2603 1428 1817 1956 2603 1420 1410 2427 2603 1410 1420 1738 2603 1906 2152 2569 2603 1428 1906 2569 2603 1906 1956 2152 2603 1906 1428 1956 2603 1857 1807 2181 2604 1535 1857 2181 2604 1807 1535 2181 2604 1489 2307 2574 2605 2095 1765 2307 2605 1489 2095 2307 2605 1573 1361 2139 2606 2139 1361 2576 2606 2113 1573 2579 2606 2156 2113 2579 2606 2113 2156 2576 2606 1470 1560 1869 2606 1366 1470 1869 2606 1361 1573 2113 2606 1361 2113 2576 2606 1915 2326 2580 2607 2326 1915 2354 2607 1384 1557 1607 2607 1607 1557 2354 2607 2326 1557 2580 2607 1557 2326 2354 2607 1557 1384 2009 2607 1397 1557 2009 2607 1499 1397 2009 2607 1384 1499 2009 2607 1387 1384 1607 2607 1387 1607 2354 2607 1992 1970 2213 2608 1574 1858 2598 2609 1858 1574 2065 2609 1507 1858 2065 2609 1444 2283 2286 2610 1444 1343 2283 2610 2050 2286 2565 2610 1444 2050 2565 2610 2050 1444 2286 2610 1343 2304 2445 2610 1343 2445 2525 2610 2216 1343 2525 2610 2445 1434 2525 2610 1434 2216 2525 2610 2068 1434 2445 2610 1838 2068 2304 2610 2304 2068 2445 2610 1496 1434 2068 2610 1434 1496 1838 2610 1838 1496 2068 2610 1489 2174 2285 2611 1754 1489 2285 2611 1855 2306 2387 2612 1992 1855 2387 2612 2373 2585 2608 2612 1439 2373 2608 2612 2373 1439 2554 2612 2554 1439 2608 2612 2213 1992 2608 2612 1992 2213 2585 2612 2585 2213 2608 2612 1748 1667 2304 2613 1721 1767 2328 2613 1444 1721 2328 2613 2332 1838 2413 2613 1368 2332 2413 2613 1355 1838 2332 2613 1689 1355 2332 2613 1355 1689 2565 2613 1838 1355 2565 2613 1689 1444 2050 2613 2050 1444 2565 2613 1689 2050 2565 2613 1343 1444 1748 2613 1343 1748 2304 2613 1748 1444 2328 2613 1667 1554 1767 2613 1554 1667 1748 2613 1554 1748 2328 2613 1767 1554 2328 2613 1646 2043 2174 2614 1431 2043 2520 2614 1764 1431 2520 2614 1431 1764 2174 2614 2043 1431 2174 2614 201 194 203 0 1 148 1 150 148 157 158 159 151 148 150 157 2 158 152 153 29 171 153 172 149 153 152 149 156 167 160 163 165 189 187 164 167 172 153 148 151 28 167 156 181 2 157 155 30 153 171 4 163 162 156 157 159 207 184 209 240 8 9 169 170 185 169 205 203 149 167 153 5 170 163 160 161 162 154 159 161 184 207 201 156 159 154 268 181 154 151 149 152 6 7 205 162 161 159 150 1 155 165 177 160 4 5 163 172 167 179 3 162 158 11 295 303 285 235 280 3 4 162 258 236 291 159 158 162 11 10 296 150 157 156 186 168 238 281 14 13 2 3 158 162 163 160 294 293 303 164 165 169 196 200 198 24 245 244 191 199 210 271 223 227 247 216 227 157 150 155 1 2 155 273 246 26 218 219 214 149 150 156 28 152 29 28 0 148 31 171 260 201 207 204 152 28 151 29 153 30 277 27 19 32 261 266 151 150 149 176 268 154 274 249 229 180 239 182 177 176 160 166 178 259 281 13 280 203 194 164 205 169 185 165 163 170 170 169 165 171 31 30 171 172 166 172 178 166 181 174 179 262 173 264 288 264 290 179 180 172 176 161 160 183 239 238 177 186 175 176 154 161 175 176 177 238 175 186 177 165 187 259 260 166 180 179 174 172 180 178 268 174 181 182 173 178 178 180 182 181 156 154 179 167 181 182 183 173 183 238 168 236 234 226 15 279 16 194 189 164 209 240 208 5 6 185 185 170 5 188 191 189 187 165 164 190 186 177 189 191 190 230 234 232 196 192 200 189 190 187 194 196 189 190 177 187 186 190 191 168 186 191 251 252 242 196 198 188 21 215 220 302 274 272 197 213 211 189 196 188 194 201 192 199 195 210 211 213 212 198 211 199 194 192 196 197 211 198 218 215 219 198 199 188 197 198 200 199 191 188 195 199 211 217 213 197 206 204 202 201 204 192 184 201 203 204 206 192 20 21 208 203 205 184 164 169 203 192 206 200 202 204 207 209 184 241 205 185 6 214 200 218 206 215 218 207 208 202 7 209 241 202 208 220 208 240 20 209 208 207 7 8 209 168 191 210 168 269 183 195 212 233 195 211 212 222 212 221 217 228 213 212 213 221 214 243 217 200 217 197 217 200 214 215 21 22 206 202 215 224 247 227 245 25 246 221 213 228 225 217 243 218 200 206 23 214 219 22 23 219 219 215 22 220 208 21 215 202 220 212 222 193 225 216 228 222 224 193 222 221 247 223 229 224 272 248 275 229 230 224 223 224 227 25 245 24 243 23 244 232 233 193 15 278 279 272 271 248 271 227 273 228 216 221 228 217 225 224 230 193 229 249 226 230 232 193 230 229 234 195 233 250 236 257 256 212 193 233 232 234 231 195 250 210 232 231 233 252 231 256 226 234 229 256 254 252 290 255 253 236 231 234 236 258 235 265 300 266 178 173 262 267 175 238 180 174 239 239 183 182 238 239 267 240 9 20 240 209 8 205 7 241 241 184 205 173 270 255 250 233 252 243 244 225 214 23 243 225 244 245 244 23 24 216 225 245 245 246 216 246 227 216 25 26 246 247 221 216 247 224 222 248 276 277 273 26 276 226 249 278 249 274 302 250 251 210 251 250 252 168 210 251 251 269 168 242 252 254 233 231 252 254 255 242 264 265 262 242 270 269 253 254 256 262 265 237 254 253 255 256 257 253 231 236 256 253 283 282 257 236 235 235 258 280 278 15 292 171 166 260 259 262 237 31 261 32 259 237 260 260 237 261 261 31 260 262 259 178 265 266 237 300 289 301 297 296 35 288 287 263 173 255 264 261 237 266 264 263 265 33 32 266 266 300 33 176 175 268 267 239 174 267 174 268 267 268 175 269 270 183 269 251 242 270 173 183 270 242 255 271 272 223 271 273 248 223 272 274 17 272 275 248 273 276 273 227 246 274 229 223 249 302 16 18 17 275 18 275 277 275 248 277 276 26 27 277 19 18 276 27 277 226 291 236 258 292 281 249 16 279 279 278 249 285 283 235 13 12 293 281 292 14 281 280 258 287 289 263 283 257 235 283 253 257 285 286 283 287 282 286 303 295 294 283 286 282 284 285 294 288 282 287 285 284 286 289 300 263 287 286 299 288 290 282 288 263 264 35 304 297 298 289 299 290 253 282 290 264 255 291 292 258 291 226 278 292 15 14 292 291 278 280 13 293 293 294 280 294 285 280 295 284 294 298 295 297 297 295 296 296 295 11 10 35 296 295 298 284 289 304 301 298 299 284 298 304 289 299 286 284 299 289 287 33 300 301 300 265 263 34 33 301 301 304 34 17 16 302 302 272 17 12 11 303 12 303 293 304 35 34 304 298 297 305 340 311 307 310 306 51 50 315 310 1 306 1 0 306 49 324 321 459 2 1 459 305 311 309 312 314 418 2 459 315 312 51 305 318 340 322 318 314 309 307 308 322 314 313 1 310 459 307 306 53 415 4 3 305 309 318 442 435 431 422 404 434 316 315 50 455 8 7 433 441 444 307 305 310 308 307 53 312 309 52 415 418 413 317 330 337 8 448 456 311 340 413 349 331 350 326 330 317 321 324 320 319 49 321 329 333 330 334 449 423 315 316 313 375 351 368 343 344 325 0 53 306 54 457 45 349 354 357 314 312 315 319 321 328 346 335 341 313 316 327 47 338 325 313 327 329 421 422 5 53 52 308 393 410 39 52 51 312 380 370 373 305 307 309 331 359 361 314 315 313 360 364 373 36 37 412 308 52 309 316 50 319 411 37 38 324 49 48 396 388 398 401 336 375 49 319 50 341 328 320 318 309 314 326 317 414 321 320 328 320 344 347 329 322 313 47 325 48 324 48 325 46 334 338 338 343 325 318 322 326 330 322 329 316 319 328 327 323 329 323 327 328 328 327 316 335 346 348 330 326 322 332 333 335 333 339 337 349 357 359 367 374 363 329 335 333 348 350 332 335 329 323 333 332 339 423 55 463 407 424 425 341 323 328 335 323 341 351 336 339 415 417 4 333 337 330 416 337 336 46 338 47 334 402 343 351 332 350 337 339 336 326 340 318 414 413 340 344 320 324 345 346 347 342 343 402 428 408 407 334 343 338 344 343 347 325 344 324 347 343 342 345 354 349 348 332 335 347 346 341 346 345 348 347 341 320 347 342 355 349 348 345 348 349 350 355 352 354 385 378 383 365 368 331 351 339 332 372 377 358 451 452 453 402 424 342 378 384 382 350 331 368 445 441 443 355 354 345 385 383 356 347 355 345 355 342 424 390 382 384 390 366 382 352 357 354 349 359 331 331 361 365 405 420 400 356 362 357 364 361 362 360 361 364 363 377 372 362 361 359 365 361 367 357 362 359 362 356 364 367 363 365 372 375 368 366 369 382 356 369 364 367 361 360 365 363 368 409 412 411 393 391 387 360 373 376 381 370 394 372 368 363 350 368 351 383 382 369 380 373 379 380 391 370 397 388 395 389 374 376 353 439 433 363 374 377 372 358 375 369 379 364 381 376 373 376 367 360 440 437 439 401 375 358 336 351 375 373 370 381 374 367 376 371 377 374 403 377 440 352 385 357 378 408 427 386 369 366 373 364 379 379 386 380 429 391 392 394 370 395 374 389 371 383 369 356 427 384 378 385 356 357 378 382 383 58 59 384 384 59 390 426 385 352 427 408 57 369 386 379 386 366 392 391 380 392 410 411 38 41 454 460 396 389 381 376 381 389 381 394 396 59 60 390 61 462 60 380 386 392 387 410 393 390 461 366 60 462 461 460 397 40 370 391 393 395 370 393 394 388 396 397 393 39 388 394 395 388 460 398 371 389 396 393 397 395 39 40 397 42 458 454 396 398 452 336 401 416 401 405 400 420 405 404 416 419 414 405 358 403 401 400 416 423 402 334 428 450 56 403 353 406 358 377 403 404 432 434 422 430 404 358 405 401 406 405 403 353 433 432 405 406 404 352 355 424 408 428 57 378 385 408 408 385 426 391 429 387 429 461 409 410 387 411 39 410 38 429 411 387 409 462 412 36 412 61 37 411 412 340 326 414 415 413 399 416 414 317 413 414 419 415 399 417 418 415 3 416 317 337 419 416 400 420 417 399 5 4 421 2 418 3 413 418 311 420 419 400 419 399 413 420 399 419 422 421 430 4 417 421 430 417 420 404 406 432 5 422 436 449 334 46 55 423 54 425 424 402 426 424 407 463 402 423 450 55 56 424 426 352 408 426 407 57 58 427 427 58 384 450 428 407 56 57 428 461 429 392 411 429 409 417 430 421 404 430 420 431 432 433 436 435 6 353 432 406 432 431 434 440 439 353 441 433 439 435 434 431 436 434 435 433 444 431 7 6 435 5 436 6 422 434 436 454 458 453 438 441 445 438 445 447 447 44 448 353 403 440 441 439 437 377 371 440 451 440 371 441 437 443 442 444 438 442 438 448 7 435 442 451 453 437 446 42 43 438 444 441 442 431 444 443 446 445 445 446 447 446 443 458 446 43 447 43 44 447 44 456 448 448 8 455 438 447 448 457 46 45 54 423 449 407 425 450 450 425 463 452 451 371 437 440 451 396 452 371 452 398 453 453 398 454 437 453 443 460 454 398 42 454 41 7 442 455 448 455 442 44 9 456 8 456 9 54 449 457 46 457 449 446 458 42 453 458 443 305 459 310 418 459 311 397 460 388 41 460 40 366 461 392 60 461 390 412 462 61 461 462 409 450 463 55 402 463 425 519 517 510 9 44 464 472 473 475 44 466 464 467 464 466 22 469 487 465 469 468 473 43 474 468 469 21 467 20 464 483 465 472 477 478 476 487 576 23 43 42 474 485 486 501 465 466 472 466 44 471 41 479 478 525 523 500 470 475 477 519 485 521 478 479 476 38 521 39 479 40 486 465 483 469 467 466 465 500 523 517 475 474 478 44 43 471 37 36 556 478 477 475 42 41 478 514 512 516 584 497 470 473 466 471 43 473 471 601 551 596 20 9 464 78 611 619 574 552 607 473 474 475 619 610 609 484 554 502 21 469 22 24 577 582 597 75 76 488 483 495 19 612 78 492 584 470 565 545 590 20 468 21 534 535 530 467 468 20 532 543 563 560 66 561 466 473 472 507 515 526 467 465 468 70 593 69 589 562 68 493 492 476 41 40 479 472 475 470 543 587 539 503 480 505 476 479 481 517 523 520 481 493 476 480 481 485 42 478 474 496 555 498 483 488 469 487 469 488 483 472 497 482 494 575 597 76 596 519 510 480 521 485 501 481 479 486 486 485 481 487 23 22 487 488 482 488 494 482 497 490 495 578 489 580 580 606 604 495 496 488 492 477 476 499 555 554 493 502 491 492 470 477 491 492 493 554 491 502 493 481 503 575 576 482 496 495 490 488 496 494 584 490 497 498 489 494 494 496 498 497 472 470 495 483 497 498 499 489 499 554 484 552 550 542 74 595 73 510 505 480 556 524 525 40 39 501 501 486 40 504 507 505 503 481 480 506 502 493 505 507 506 546 550 548 512 508 516 505 506 503 510 512 505 506 493 503 502 506 507 484 502 507 567 568 558 512 514 504 63 531 536 590 588 618 513 529 527 505 512 504 510 517 508 515 511 526 527 529 528 514 527 515 510 508 512 513 527 514 534 531 535 514 515 504 513 514 516 515 507 504 511 515 527 533 529 513 522 520 518 517 520 508 500 517 519 520 522 508 62 63 524 519 521 500 480 485 519 508 522 516 518 520 523 525 500 557 521 501 39 530 516 534 522 531 534 523 524 518 38 525 557 518 524 536 524 556 62 525 524 523 38 37 525 484 507 526 484 585 499 511 528 549 511 527 528 538 528 537 533 544 529 528 529 537 530 559 533 516 533 513 533 516 530 531 63 64 522 518 531 540 563 543 561 67 562 537 529 544 541 533 559 534 516 522 65 530 535 64 65 535 535 531 64 536 524 63 531 518 536 528 538 509 541 532 544 538 540 509 538 537 563 539 545 540 588 564 591 545 546 540 539 540 543 67 561 66 559 65 560 548 549 509 74 594 595 588 587 564 587 543 589 544 532 537 544 533 541 540 546 509 545 565 542 546 548 509 546 545 550 511 549 566 552 573 572 528 509 549 548 550 547 511 566 526 548 547 549 568 547 572 542 550 545 572 570 568 606 571 569 552 547 550 552 574 551 581 616 582 494 489 578 583 491 554 496 490 555 555 499 498 554 555 583 556 36 62 556 525 37 521 38 557 557 500 521 489 586 571 566 549 568 559 560 541 530 65 559 541 560 561 560 65 66 532 541 561 561 562 532 562 543 532 67 68 562 563 537 532 563 540 538 564 592 593 589 68 592 542 565 594 565 590 618 566 567 526 567 566 568 484 526 567 567 585 484 558 568 570 549 547 568 570 571 558 580 581 578 558 586 585 569 570 572 578 581 553 570 569 571 572 573 569 547 552 572 569 599 598 573 552 551 551 574 596 594 74 608 487 482 576 575 578 553 23 577 24 575 553 576 576 553 577 577 23 576 578 575 494 581 582 553 616 605 617 612 27 613 604 603 579 489 571 580 577 553 582 580 579 581 25 24 582 582 616 25 492 491 584 583 555 490 583 490 584 583 584 491 585 586 499 585 567 558 586 489 499 586 558 571 587 588 539 587 589 564 539 588 590 72 588 591 564 589 592 589 543 562 590 545 539 565 618 73 71 72 591 71 591 593 591 564 593 592 68 69 593 70 71 592 69 593 542 607 552 574 608 597 565 73 595 595 594 565 601 599 551 76 77 609 597 608 75 597 596 574 603 605 579 599 573 551 599 569 573 601 602 599 603 598 602 619 611 610 599 602 598 600 601 610 604 598 603 601 600 602 605 616 579 603 602 615 604 606 598 604 579 580 27 620 613 614 605 615 606 569 598 606 580 571 607 608 574 607 542 594 608 74 75 608 607 594 596 76 609 609 610 596 610 601 596 611 600 610 614 611 613 612 19 27 611 78 612 612 613 611 611 614 600 605 620 617 614 615 600 614 620 605 615 602 600 615 605 603 25 616 617 616 581 579 26 25 617 617 620 26 72 73 618 618 588 72 77 78 619 77 619 609 620 27 26 620 614 613 734 32 739 53 0 621 632 629 627 630 628 623 621 624 623 640 645 652 621 623 53 741 649 627 622 640 629 622 625 626 630 623 629 635 634 633 632 627 634 28 624 621 638 637 642 644 31 733 631 630 632 636 50 635 623 622 629 622 624 625 642 676 678 626 29 30 678 47 48 49 636 643 657 674 680 680 682 657 0 28 621 625 28 29 624 28 625 713 45 46 634 635 632 630 52 628 669 671 673 50 51 635 631 632 635 636 635 633 708 758 753 640 622 626 768 95 776 709 731 764 626 30 644 95 769 10 659 711 641 754 93 92 52 630 631 53 623 628 654 741 627 776 766 767 649 650 633 702 722 747 52 53 628 718 83 717 643 642 658 720 700 689 687 692 691 51 52 631 744 700 696 674 676 667 625 29 626 623 624 622 87 86 750 719 746 85 630 629 632 664 683 672 637 660 662 636 633 638 49 50 636 650 638 633 680 674 677 635 51 631 712 653 655 645 640 626 626 644 645 629 640 654 651 639 732 93 754 753 667 676 637 642 678 658 636 638 643 642 643 638 31 644 30 645 644 639 651 645 639 647 654 652 646 735 737 763 737 761 653 652 645 634 649 633 712 656 711 659 650 648 627 649 634 649 648 650 648 711 659 638 650 660 733 732 639 652 653 647 653 645 651 647 741 654 646 655 651 653 651 655 629 654 627 640 652 654 656 655 646 711 656 641 707 709 699 752 91 90 662 667 637 713 682 681 48 49 658 643 658 49 664 661 662 638 660 637 659 663 650 664 662 663 707 703 705 665 669 673 663 662 660 669 667 662 650 663 660 663 659 664 659 641 664 725 724 715 671 669 661 688 80 693 745 747 775 686 670 684 669 662 661 674 667 665 668 672 683 686 684 685 684 671 672 665 667 669 684 670 671 688 691 692 672 671 661 671 670 673 664 672 661 672 668 684 686 690 670 677 679 675 677 674 665 674 657 676 679 677 665 80 79 681 678 676 657 642 637 676 679 665 673 677 675 680 657 682 714 658 678 48 673 687 691 688 679 691 681 680 675 682 47 714 681 675 693 713 681 79 681 682 680 46 47 682 664 641 683 742 641 656 685 668 706 684 668 685 685 695 694 701 690 686 686 685 694 716 687 690 690 673 670 673 690 687 80 688 81 675 679 688 720 697 700 84 718 719 686 694 701 690 698 716 673 691 679 687 82 692 82 81 692 688 692 81 681 693 80 675 688 693 695 685 666 689 698 701 697 695 666 694 695 720 702 696 697 721 745 748 703 702 697 697 696 700 718 84 83 82 716 717 706 705 666 751 91 752 744 745 721 700 744 746 689 701 694 690 701 698 703 697 666 722 702 699 705 703 666 702 703 707 706 668 723 730 709 729 666 685 706 707 705 704 723 668 683 704 705 706 704 725 729 707 699 702 727 729 725 728 763 726 704 709 707 731 709 708 773 738 739 646 651 735 648 740 711 647 653 712 656 712 655 712 711 740 45 713 79 682 713 46 47 678 714 657 714 678 743 646 728 706 723 725 717 716 698 82 687 716 717 698 718 82 717 83 698 689 718 719 718 689 700 719 689 85 84 719 694 720 689 697 720 695 749 721 750 85 746 749 722 699 751 747 722 775 724 723 683 723 724 725 683 641 724 742 724 641 725 715 727 704 706 725 728 727 715 738 737 735 743 715 742 727 726 729 738 735 710 726 727 728 730 729 726 709 704 729 756 726 755 709 730 708 731 708 753 91 751 765 639 644 733 735 732 710 734 31 32 710 732 733 710 733 734 31 734 733 732 735 651 739 738 710 762 773 774 35 769 770 760 761 736 728 646 737 710 734 739 736 737 738 32 33 739 773 739 33 648 649 741 712 740 647 647 740 741 741 740 648 743 742 656 724 742 715 646 743 656 715 743 728 745 744 696 746 744 721 745 696 747 745 89 748 746 721 749 700 746 719 702 747 696 775 722 90 89 88 748 748 88 750 721 748 750 85 749 86 87 750 88 86 749 750 764 699 709 765 731 754 90 722 752 751 752 722 756 758 708 94 93 766 765 754 92 753 754 731 762 760 736 730 756 708 726 756 730 759 758 756 755 760 759 768 776 767 759 756 755 758 757 767 755 761 760 757 758 759 773 762 736 759 760 772 763 761 755 736 761 737 777 35 770 762 771 772 726 763 755 737 763 728 765 764 731 699 764 751 91 765 92 764 765 751 93 753 766 767 766 753 758 767 753 757 768 767 768 771 770 10 769 35 95 768 769 770 769 768 771 768 757 777 762 774 772 771 757 777 771 762 759 772 757 762 772 760 773 33 774 738 773 736 33 34 774 777 774 34 90 89 775 745 775 89 95 94 776 776 94 766 35 777 34 771 777 770 83 797 794 783 779 780 54 779 783 780 778 783 54 45 779 787 785 788 932 891 55 81 82 788 80 785 782 782 780 781 785 787 782 813 778 791 795 791 787 778 813 784 799 790 887 781 780 79 80 81 785 907 895 877 788 789 786 787 788 786 888 57 56 789 788 82 929 61 921 915 908 904 61 60 928 914 917 906 794 801 792 802 806 803 803 810 790 54 783 932 784 813 886 83 792 82 782 787 791 794 797 793 816 817 798 795 787 786 896 807 922 83 794 792 848 824 841 888 891 886 932 55 54 85 811 798 822 827 830 778 780 782 45 79 779 819 808 814 780 779 79 930 87 96 814 801 793 848 874 809 79 80 781 846 853 843 789 82 792 67 866 883 832 834 804 932 778 784 869 861 871 781 80 782 884 69 68 788 785 81 786 789 800 70 69 885 778 782 791 837 846 833 894 895 58 794 793 801 797 83 84 790 799 803 786 800 802 822 804 823 793 817 820 802 795 786 85 798 84 797 84 798 811 86 807 811 816 798 791 795 799 803 795 802 789 792 801 800 796 802 796 800 801 801 800 789 808 819 821 803 799 795 805 806 808 806 812 810 832 822 830 840 847 836 802 808 806 821 823 805 808 802 796 806 805 812 896 97 936 880 897 898 814 796 801 808 796 814 824 809 812 888 890 57 806 810 803 889 810 809 86 811 85 807 875 816 824 805 823 810 812 809 799 813 791 887 886 813 817 793 797 818 819 820 815 816 875 901 881 880 807 816 811 817 816 820 798 817 797 820 816 815 818 827 822 821 805 808 820 819 814 819 818 821 820 814 793 820 815 828 822 821 818 821 822 823 828 825 827 858 851 856 838 841 804 824 812 805 845 850 831 924 925 926 875 897 815 851 857 855 823 804 841 918 914 916 828 827 818 858 856 829 820 828 818 828 815 897 863 855 857 855 863 839 825 830 827 822 832 804 804 834 838 878 893 873 829 835 830 837 834 835 833 834 837 836 850 845 835 834 832 838 834 840 830 835 832 835 829 837 840 836 838 845 848 841 839 842 855 829 842 837 840 834 833 838 836 841 884 882 885 866 864 860 833 846 849 854 843 867 845 841 836 823 841 824 856 855 842 853 846 852 853 864 843 870 861 868 862 847 849 826 912 906 836 847 850 845 831 848 842 852 837 854 849 846 849 840 833 913 910 912 874 848 831 809 824 848 846 843 854 847 840 849 844 850 847 876 850 913 825 858 830 851 881 900 859 842 839 846 837 852 852 859 853 902 864 865 867 843 868 847 862 844 856 842 829 900 857 851 858 829 830 851 855 856 100 101 857 857 101 863 899 858 825 900 881 99 842 859 852 859 839 865 864 853 865 883 884 68 65 927 933 869 862 854 849 854 862 854 867 869 101 102 863 103 935 102 853 859 865 860 883 866 863 934 839 102 935 934 933 870 66 843 864 866 868 843 866 867 861 869 870 866 67 861 867 868 861 933 871 844 862 869 866 870 868 67 66 870 64 931 927 869 871 925 809 874 889 874 878 873 893 878 877 889 892 887 878 831 876 874 873 889 896 875 807 901 923 98 876 826 879 831 850 876 877 905 907 895 903 877 831 878 874 879 878 876 826 906 905 878 879 877 825 828 897 881 901 99 851 858 881 881 858 899 864 902 860 902 934 882 883 860 884 67 883 68 902 884 860 882 935 885 70 885 103 69 884 885 813 799 887 888 886 872 889 887 790 886 887 892 888 872 890 891 888 56 889 790 810 892 889 873 893 890 872 58 57 894 55 891 56 886 891 784 893 892 873 892 872 886 893 872 892 895 894 903 57 890 894 903 890 893 877 879 905 58 895 909 922 807 86 97 896 96 898 897 875 899 897 880 936 875 896 923 97 98 897 899 825 881 899 880 99 100 900 900 100 857 923 901 880 98 99 901 934 902 865 884 902 882 890 903 894 877 903 893 904 905 906 909 908 59 826 905 879 905 904 907 913 912 826 914 906 912 908 907 904 909 907 908 906 917 904 60 59 908 58 909 59 895 907 909 927 931 926 911 914 918 911 918 920 920 62 921 826 876 913 914 912 910 850 844 913 924 913 844 914 910 916 915 917 911 915 911 921 60 908 915 924 926 910 919 64 63 911 917 914 915 904 917 916 919 918 918 919 920 919 916 931 919 63 920 63 62 920 62 929 921 921 61 928 911 920 921 930 86 87 96 896 922 880 898 923 923 898 936 925 924 844 910 913 924 869 925 844 925 871 926 926 871 927 910 926 916 933 927 871 64 927 65 60 915 928 921 928 915 62 36 929 61 929 36 96 922 930 86 930 922 919 931 64 926 931 916 778 932 783 891 932 784 870 933 861 65 933 66 839 934 865 102 934 863 885 935 103 934 935 882 923 936 97 875 936 898 946 949 944 972 944 967 941 939 942 940 945 947 95 10 938 952 954 960 94 943 93 947 948 949 942 939 943 938 940 941 93 943 963 11 940 938 95 941 942 10 11 938 13 953 948 949 953 951 943 94 942 1000 16 1010 92 963 958 1027 18 19 17 1012 1010 947 12 948 950 957 960 950 951 953 943 959 964 1025 1027 1026 1010 16 17 944 949 951 958 969 976 15 962 955 941 95 938 946 947 949 1063 1064 1055 12 13 948 941 940 939 939 959 943 1039 1037 1035 1048 1044 1007 1034 1036 96 95 942 94 979 1042 1003 937 985 982 982 981 983 940 947 946 940 11 945 1007 1006 975 953 955 950 87 1034 96 954 951 950 937 982 973 1017 1013 1021 1059 102 1055 945 12 947 1071 1031 991 939 940 946 995 993 956 1069 1062 1060 11 12 945 70 1084 71 1058 1067 1073 14 955 953 951 954 944 1000 961 962 992 986 984 990 952 960 939 946 959 970 964 959 971 968 973 13 14 953 949 948 953 950 955 957 14 15 955 989 985 937 1013 1011 999 954 950 960 956 957 961 91 977 974 972 966 970 963 943 964 959 946 972 989 937 990 960 957 993 1010 1011 961 1010 961 1000 957 955 962 962 961 957 963 92 93 963 964 958 964 969 958 967 952 968 980 974 978 979 1003 1002 964 970 971 967 954 952 967 944 954 967 968 966 970 966 971 937 968 990 976 977 958 971 973 965 964 971 969 967 966 972 971 965 969 966 968 971 972 946 944 970 959 972 969 965 978 968 937 973 1001 974 980 978 976 969 1049 1047 1044 1053 100 1051 958 977 92 974 976 978 977 91 92 976 974 977 980 1002 1001 1004 980 978 1003 1087 1002 1005 983 1089 91 974 1001 1004 983 1005 983 973 982 1080 1078 1076 973 983 965 985 986 982 1004 965 983 1088 1004 1005 986 985 984 998 984 1009 982 986 981 989 997 984 981 988 1006 986 988 981 996 1009 997 993 957 956 988 1031 1030 992 1031 988 989 984 985 989 990 987 990 960 987 952 990 968 975 988 1030 76 75 1023 992 988 986 992 998 991 987 960 993 996 993 995 996 994 1009 1014 1013 1017 993 996 987 995 1014 994 996 997 987 995 994 996 997 989 987 998 992 984 1072 1061 1090 1015 1017 1019 1014 995 956 1027 1025 18 15 16 1000 1000 962 15 90 91 1001 1002 980 979 1087 90 1001 1045 89 1087 1045 1038 88 88 1034 87 1004 978 965 980 1088 979 1045 1003 1040 975 1006 988 981 1089 983 1089 1006 1007 1042 979 1043 1007 1044 1046 1056 1048 1057 1063 1055 1054 1009 984 997 1075 1074 998 961 1011 956 999 1010 1012 1011 1013 956 1010 999 1011 1026 1032 999 17 18 1025 994 1017 1016 1017 1021 1019 1009 994 1016 1014 956 1013 991 1074 1071 1022 1018 1023 1016 998 1009 1015 1016 1017 1014 1017 994 1019 1018 1022 1018 1028 1023 1033 1029 1024 1022 1091 1015 1018 1019 1021 1074 991 998 1082 1080 1092 1024 1029 1032 1013 999 1021 1022 1015 1019 1022 1023 1020 1020 1023 1092 76 1023 1028 1032 1021 999 1018 1021 1029 1012 17 1025 1025 1026 1012 1026 999 1012 1024 1026 1027 1027 1033 1024 1027 19 78 77 76 1028 1033 77 1029 1028 1018 1029 1029 77 1028 1048 975 1057 1030 1031 1008 1074 1070 1071 991 1031 992 1024 1032 1026 1029 1021 1032 78 77 1033 1033 1027 78 1037 96 1036 1038 1036 1034 1037 1039 97 88 1038 1034 96 1037 97 1035 1036 1038 97 1039 98 1036 1035 1037 1038 1040 1035 1040 1038 1045 1047 1039 1044 1041 1035 1040 1039 1035 1041 1040 1003 1042 1041 1044 1039 1043 1088 1005 1041 1040 1042 1041 1046 1044 1043 1041 1042 1005 1007 1043 1039 1047 98 1048 1007 975 1045 1087 1003 1045 88 89 1043 1007 1046 1046 1041 1043 99 98 1047 1049 1056 1050 1044 1048 1049 1056 1051 1050 1050 99 1047 1047 1049 1050 1051 100 99 99 1050 1051 100 1053 1054 1056 1053 1051 1053 1052 1054 1057 1030 1008 100 1054 101 1052 1053 1056 1055 102 101 101 1054 1055 1058 103 1059 1062 1063 1052 1060 1056 1057 1048 1056 1049 1057 975 1030 1056 1060 1052 1093 1067 1066 1068 1066 1064 1059 103 102 1058 1059 1064 1060 1062 1052 1060 1057 1069 1058 1066 1067 1079 1078 1077 1054 1052 1063 1062 1069 1061 1059 1055 1064 1062 1061 1063 1064 1066 1058 1063 1061 1064 1086 73 72 74 1082 1092 1073 103 1058 1066 1068 1065 72 71 1067 1086 72 1093 1081 1079 1077 1068 1064 1061 1090 1008 1071 1008 1069 1057 1061 1072 1068 1091 1076 1075 1008 1031 1071 1008 1090 1069 1068 1085 1065 1070 1090 1071 103 1084 70 1067 71 1073 1076 1074 1075 1075 1016 1015 1075 998 1016 1070 1074 1076 1070 1076 1078 1080 1076 1091 1079 1070 1078 1083 1082 74 1070 1079 1072 1078 1080 1077 1072 1085 1068 74 73 1083 1080 1082 1077 1020 1080 1091 1085 1079 1081 1093 1066 1065 1081 1077 1083 74 1092 75 1083 1077 1082 73 1081 1083 1073 71 1084 1084 103 1073 1085 1072 1079 1065 1085 1093 1081 73 1086 1085 1081 1093 1087 1001 1002 1087 89 90 1088 980 1004 1088 1043 979 1089 1007 1005 1089 981 1006 1090 1061 1069 1090 1070 1072 1091 1022 1020 1091 1075 1015 1092 1023 75 1092 1080 1020 1093 72 1067 1086 1093 1081 1097 135 1095 138 137 1094 134 1111 1106 1096 138 1094 1101 139 1104 1100 1110 1111 1096 1094 1097 137 136 1094 1104 1099 1101 1133 1119 132 1116 1117 1115 1102 1099 1105 1098 1099 1102 1108 140 1101 1112 1128 1113 1148 1319 1149 134 133 1114 136 1097 1094 1117 1119 1115 1096 1095 1099 135 1097 136 1168 1148 1167 1116 1111 1114 1179 1174 1159 146 1213 1260 141 140 1108 1174 1178 1173 1096 1097 1095 1099 1098 1101 104 147 1286 1260 147 146 1100 1116 1118 1098 1120 1113 1212 1165 1129 1166 1164 1159 139 1101 140 1174 1180 145 1122 1127 1107 1128 1131 1113 1105 1095 1106 1196 1171 1140 138 1096 1104 1134 1135 1136 1109 1113 1103 1291 1287 1289 1117 1116 1114 134 1114 1111 1289 1290 1288 1100 1121 1102 127 1288 1290 126 1288 127 1102 1110 1100 1101 1109 1108 1289 1287 1290 1295 1293 123 1108 1103 1319 1109 1101 1098 1160 1161 1140 1103 1108 1109 1190 1192 1169 1105 1106 1110 1113 1109 1098 1112 1122 1107 1258 1259 1163 1149 1113 1131 1235 1238 1200 1239 1243 1245 138 1104 139 1204 1200 1206 1102 1120 1098 1198 1201 1277 1116 1100 1111 1111 1110 1106 1161 1193 1140 113 1270 114 1102 1105 1110 1106 1095 135 114 1271 1283 135 134 1106 1239 1245 1272 1125 1139 1142 1099 1104 1096 1257 1255 1256 1193 1183 1262 1107 1128 1112 1105 1099 1095 1117 1114 133 1116 1115 1118 133 132 1117 1119 1117 132 1126 1118 1135 1122 1112 1121 1311 1317 1310 1175 1182 1188 1121 1120 1102 1113 1120 1112 1123 1100 1118 1120 1121 1112 1121 1123 1122 1137 1126 1135 1100 1123 1121 1126 1125 1127 129 1304 1309 1280 120 1267 1122 1123 1126 1146 1147 1156 1123 1118 1126 1135 1118 1115 1126 1127 1122 1125 1142 1143 1150 1151 1131 1151 1155 1131 1139 1125 1137 1251 1210 108 1128 1150 1131 1153 1164 1130 1107 1146 1150 1155 1167 1148 1143 1127 1125 1151 1130 1155 132 131 1133 131 1317 1311 1316 1310 1317 1137 1138 1139 1136 1135 1115 1137 1135 1134 1115 1119 1136 1312 1119 1311 1138 1137 1134 1125 1126 1137 1311 1119 1133 1138 1124 1139 1141 1142 1144 1145 1142 1139 1140 1171 1160 1232 1228 1230 1152 1158 1157 1150 1146 1132 1145 1139 1124 1143 1107 1127 1142 1141 1143 1147 1146 1143 1280 121 120 1223 1220 1222 1182 1145 1124 1142 1145 1144 1107 1143 1146 1147 1143 1141 1141 1160 1154 1156 1151 1132 141 1318 142 1113 1149 1103 1155 1149 1131 1319 1148 1318 1150 1128 1107 1151 1150 1132 1132 1146 1156 1151 1152 1153 1154 1147 1141 1151 1153 1130 1152 1157 1153 143 1166 1173 1158 1154 1171 1154 1158 1162 1130 1164 1167 1149 1155 1148 1162 1156 1147 1151 1156 1152 1152 1162 1158 1165 1157 1129 1154 1160 1171 1129 1157 1158 1164 1153 1165 1164 1165 1159 1141 1144 1160 1161 1160 1144 1144 1181 1161 1220 1170 1218 1156 1162 1152 1154 1162 1147 1140 1193 1195 1209 1197 1207 1153 1157 1165 1159 1173 1166 1258 1196 1199 1178 1174 145 143 142 1168 1164 1166 1167 1130 1167 1155 1168 1167 1166 143 1168 1166 1168 142 1318 1186 1188 1182 1185 1124 1138 1234 1228 1232 1200 1238 1242 1196 1140 1195 1158 1171 1163 1253 1273 1274 105 1286 1279 1173 1159 1174 143 1173 144 1179 1159 1165 1179 1214 1174 1181 1144 1182 1263 1219 1262 1161 1181 1183 1201 1199 1202 1277 1257 1198 1180 1260 1213 145 144 1178 1173 1178 144 1212 1179 1165 1177 1275 1215 1214 1215 1278 1261 1216 1278 1144 1145 1182 1175 1264 1181 1185 1186 1124 1175 1181 1182 1264 1190 1191 1264 1175 1190 1325 1312 1313 127 1305 128 1325 1138 1134 1124 1186 1182 1187 1185 1324 1185 1187 1186 1189 1187 1184 1190 1169 1265 1186 1187 1188 1187 1189 1192 128 1304 129 1293 1297 1291 1175 1188 1190 1192 1190 1188 1229 1221 1222 1176 1262 1218 1187 1192 1188 1169 1192 1189 1183 1193 1161 1195 1193 1217 1194 1203 1202 1207 1205 1208 1217 1193 1176 1196 1195 1194 1258 1199 1198 1171 1196 1163 1277 1201 1197 1208 1209 1207 1199 1196 1194 1211 1276 1197 1202 1203 1235 1198 1199 1201 1323 1236 1170 1248 1247 110 1202 1199 1194 1206 1207 1204 1194 1217 1203 1204 1202 1235 1176 1218 1203 1235 1200 1204 1244 1206 1200 1201 1202 1204 1248 109 1208 1201 1204 1207 1244 1200 1242 1206 1205 1207 1248 1205 1247 1201 1207 1197 1210 1250 108 1210 1209 1208 1208 109 1250 1209 1210 1211 1251 108 107 1209 1211 1197 1251 1254 1253 1172 1275 1274 1256 1255 1275 1179 1212 1177 146 145 1213 145 1180 1213 1215 1214 1179 1180 1174 1214 1177 1215 1179 1172 1261 1215 1261 1278 1215 1216 1279 1286 1195 1217 1194 1176 1203 1217 1262 1219 1218 1203 1236 1235 1219 1222 1220 1218 1219 1220 1229 1224 1225 1170 1220 1223 1191 1265 1225 1221 1227 1226 1224 1222 1219 1221 1226 1222 1226 1223 1222 1226 1228 1223 1263 1224 1219 1224 1191 1225 1296 1302 1294 1298 121 1266 1280 1221 1281 1226 1227 1228 1267 1227 1280 1230 1228 1227 1227 1267 1230 1320 118 117 1224 1229 1222 1281 1229 1225 118 1233 119 1233 1231 1232 1269 1321 116 1234 1223 1228 1233 1232 1230 1232 1231 1234 119 1233 1230 1233 118 1320 1243 1239 1240 1223 1234 1323 1236 1203 1218 1236 1237 1238 1218 1170 1236 1323 1237 1236 1234 1231 1268 1242 1238 1240 1236 1238 1235 1240 1238 1237 1237 1268 1243 1246 1242 1239 1268 1237 1323 1240 1239 1242 1269 1322 1321 1270 113 1245 1239 1272 1246 1206 1244 1205 1237 1243 1240 1245 1243 1241 1249 1242 1246 1247 111 110 1245 1241 1282 1245 113 1272 112 111 1246 111 1247 1249 1205 1244 1247 1247 1244 1249 109 1248 110 1205 1248 1208 1242 1249 1244 111 1249 1246 108 1250 109 1210 1208 1250 1254 1251 107 1253 1210 1251 1254 107 1285 1284 1279 1261 1273 1253 1252 1211 1210 1253 1285 107 106 1253 1254 1252 1211 1274 1275 1177 1212 1256 1212 1129 1256 1256 1129 1257 1259 1129 1158 1258 1257 1259 1258 1163 1196 1198 1257 1258 1129 1259 1257 1163 1259 1158 1278 1260 1180 147 1260 1216 1273 1261 1172 1285 1279 1284 1193 1262 1176 1263 1262 1183 1183 1181 1264 1224 1263 1191 1191 1263 1264 1183 1264 1263 1190 1265 1191 1303 1265 1169 1229 1281 1221 1315 1299 1294 120 119 1267 1230 1267 119 1322 1268 1231 1268 1241 1243 1320 1321 1322 1270 1271 114 1282 1270 1245 1271 1270 1269 1269 116 1271 1283 1271 116 113 112 1272 1272 112 1246 1273 1252 1284 1274 1273 1172 1215 1275 1172 1211 1253 1274 1256 1275 1177 1275 1255 1276 1275 1276 1211 1255 1257 1277 1197 1276 1277 1255 1277 1276 1260 1278 1216 1278 1180 1214 105 1279 106 1216 1261 1279 1221 1280 1227 121 1280 1266 1302 1281 1225 1280 1281 1266 1282 1241 1322 1270 1282 1269 116 115 1283 114 1283 115 1273 1284 1261 1285 1284 1252 1254 1285 1252 1279 1285 106 104 1286 105 1216 1286 147 1291 124 1293 1301 1292 1287 1289 1288 125 126 125 1288 125 124 1289 1291 1289 124 1305 1287 1292 127 1290 1305 1297 1293 1295 1291 1297 1300 1301 1287 1300 1308 1292 1301 124 123 1293 1296 1295 123 1298 1302 1296 1169 1189 1299 1296 123 122 1295 1294 1297 1298 1296 122 1294 1295 1296 1294 1299 1297 1291 1300 1287 121 1298 122 1298 1266 1302 1302 1303 1315 1307 1189 1184 1306 1297 1299 1184 1308 1307 1301 1300 1306 1301 1307 1308 1281 1302 1266 1225 1265 1303 1315 1169 1299 1225 1303 1302 1305 1304 128 1309 1292 1308 1287 1305 1290 1304 1305 1292 1297 1306 1300 1189 1306 1299 1301 1306 1307 1189 1307 1306 1324 1184 1187 1309 1304 1292 1310 1309 1308 129 1309 1316 1314 1313 1310 1133 131 1311 1311 1313 1312 1136 1312 1134 1119 1312 1136 1311 1310 1313 1310 1308 1314 1313 1324 1325 1308 1184 1314 1324 1314 1184 1302 1315 1294 1169 1315 1303 129 1316 130 1309 1310 1316 131 130 1317 1317 130 1316 1319 1318 141 1168 1318 1148 1108 1319 141 1149 1319 1103 1321 1320 117 1233 1320 1231 116 1321 117 1269 1282 1322 1268 1322 1241 1320 1322 1231 1223 1323 1170 1268 1323 1234 1325 1324 1185 1314 1324 1313 1138 1325 1185 1312 1325 1134
        </DataArray>
        <DataArray type="Int32" Name="offsets" format="ascii">
          4 8 12 16 20 24 28 32 36 40 44 48 52 56 60 64 68 72 76 80 84 88 92 96 100 104 108 112 116 120 124 128 132 136 140 144 148 152 156 160 164 168 172 176 180 184 188 192 196 200 204 208 212 216 220 224 228 232 236 240 244 248 252 256 260 264 268 272 276 280 284 288 292 296 300 304 308 312 316 320 324 328 332 336 340 344 348 352 356 360 364 368 372 376 380 384 388 392 396 400 404 408 412 416 420 424 428 432 436 440 444 448 452 456 460 464 468 472 476 480 484 488 492 496 500 504 508 512 516 520 524 528 532 536 540 544 548 552 556 560 564 568 572 576 580 584 588 592 596 600 604 608 612 616 620 624 628 632 636 640 644 648 652 656 660 664 668 672 676 680 684 688 692 696 700 704 708 712 716 720 724 728 732 736 740 744 748 752 756 760 764 768 772 776 780 784 788 792 796 800 804 808 812 816 820 824 828 832 836 840 844 848 852 856 860 864 868 872 876 880 884 888 892 896 900 904 908 912 916 920 924 928 932 936 940 944 948 952 956 960 964 968 972 976 980 984 988 992 996 1000 1004 1008 1012 1016 1020 1024 1028 1032 1036 1040 1044 1048 1052 1056 1060 1064 1068 1072 1076 1080 1084 1088 1092 1096 1100 1104 1108 1112 1116 1120 1124 1128 1132 1136 1140 1144 1148 1152 1156 1160 1164 1168 1172 1176 1180 1184 1188 1192 1196 1200 1204 1208 1212 1216 1220 1224 1228 1232 1236 1240 1244 1248 1252 1256 1260 1264 1268 1272 1276 1280 1284 1288 1292 1296 1300 1304 1308 1312 1316 1320 1324 1328 1332 1336 1340 1344 1348 1352 1356 1360 1364 1368 1372 1376 1380 1384 1388 1392 1396 1400 1404 1408 1412 1416 1420 1424 1428 1432 1436 1440 1444 1448 1452 1456 1460 1464 1468 1472 1476 1480 1484 1488 1492 1496 1500 1504 1508 1512 1516 1520 1524 1528 1532 1536 1540 1544 1548 1552 1556 1560 1564 1568 1572 1576 1580 1584 1588 1592 1596 1600 1604 1608 1612 1616 1620 1624 1628 1632 1636 1640 1644 1648 1652 1656 1660 1664 1668 1672 1676 1680 1684 1688 1692 1696 1700 1704 1708 1712 1716 1720 1724 1728 1732 1736 1740 1744 1748 1752 1756 1760 1764 1768 1772 1776 1780 1784 1788 1792 1796 1800 1804 1808 1812 1816 1820 1824 1828 1832 1836 1840 1844 1848 1852 1856 1860 1864 1868 1872 1876 1880 1884 1888 1892 1896 1900 1904 1908 1912 1916 1920 1924 1928 1932 1936 1940 1944 1948 1952 1956 1960 1964 1968 1972 1976 1980 1984 1988 1992 1996 2000 2004 2008 2012 2016 2020 2024 2028 2032 2036 2040 2044 2048 2052 2056 2060 2064 2068 2072 2076 2080 2084 2088 2092 2096 2100 2104 2108 2112 2116 2120 2124 2128 2132 2136 2140 2144 2148 2152 2156 2160 2164 2168 2172 2176 2180 2184 2188 2192 2196 2200 2204 2208 2212 2216 2220 2224 2228 2232 2236 2240 2244 2248 2252 2256 2260 2264 2268 2272 2276 2280 2284 2288 2292 2296 2300 2304 2308 2312 2316 2320 2324 2328 2332 2336 2340 2344 2348 2352 2356 2360 2364 2368 2372 2376 2380 2384 2388 2392 2396 2400 2404 2408 2412 2416 2420 2424 2428 2432 2436 2440 2444 2448 2452 2456 2460 2464 2468 2472 2476 2480 2484 2488 2492 2496 2500 2504 2508 2512 2516 2520 2524 2528 2532 2536 2540 2544 2548 2552 2556 2560 2564 2568 2572 2576 2580 2584 2588 2592 2596 2600 2604 2608 2612 2616 2620 2624 2628 2632 2636 2640 2644 2648 2652 2656 2660 2664 2668 2672 2676 2680 2684 2688 2692 2696 2700 2704 2708 2712 2716 2720 2724 2728 2732 2736 2740 2744 2748 2752 2756 2760 2764 2768 2772 2776 2780 2784 2788 2792 2796 2800 2804 2808 2812 2816 2820 2824 2828 2832 2836 2840 2844 2848 2852 2856 2860 2864 2868 2872 2876 2880 2884 2888 2892 2896 2900 2904 2908 2912 2916 2920 2924 2928 2932 2936 2940 2944 2948 2952 2956 2960 2964 2968 2972 2976 2980 2984 2988 2992 2996 3000 3004 3008 3012 3016 3020 3024 3028 3032 3036 3040 3044 3048 3052 3056 3060 3064 3068 3072 3076 3080 3084 3088 3092 3096 3100 3104 3108 3112 3116 3120 3124 3128 3132 3136 3140 3144 3148 3152 3156 3160 3164 3168 3172 3176 3180 3184 3188 3192 3196 3200 3204 3208 3212 3216 3220 3224 3228 3232 3236 3240 3244 3248 3252 3256 3260 3264 3268 3272 3276 3280 3284 3288 3292 3296 3300 3304 3308 3312 3316 3320 3324 3328 3332 3336 3340 3344 3348 3352 3356 3360 3364 3368 3372 3376 3380 3384 3388 3392 3396 3400 3404 3408 3412 3416 3420 3424 3428 3432 3436 3440 3444 3448 3452 3456 3460 3464 3468 3472 3476 3480 3484 3488 3492 3496 3500 3504 3508 3512 3516 3520 3524 3528 3532 3536 3540 3544 3548 3552 3556 3560 3564 3568 3572 3576 3580 3584 3588 3592 3596 3600 3604 3608 3612 3616 3620 3624 3628 3632 3636 3640 3644 3648 3652 3656 3660 3664 3668 3672 3676 3680 3684 3688 3692 3696 3700 3704 3708 3712 3716 3720 3724 3728 3732 3736 3740 3744 3748 3752 3756 3760 3764 3768 3772 3776 3780 3784 3788 3792 3796 3800 3804 3808 3812 3816 3820 3824 3828 3832 3836 3840 3844 3848 3852 3856 3860 3864 3868 3872 3876 3880 3884 3888 3892 3896 3900 3904 3908 3912 3916 3920 3924 3928 3932 3936 3940 3944 3948 3952 3956 3960 3964 3968 3972 3976 3980 3984 3988 3992 3996 4000 4004 4008 4012 4016 4020 4024 4028 4032 4036 4040 4044 4048 4052 4056 4060 4064 4068 4072 4076 4080 4084 4088 4092 4096 4100 4104 4108 4112 4116 4120 4124 4128 4132 4136 4140 4144 4148 4152 4156 4160 4164 4168 4172 4176 4180 4184 4188 4192 4196 4200 4204 4208 4212 4216 4220 4224 4228 4232 4236 4240 4244 4248 4252 4256 4260 4264 4268 4272 4276 4280 4284 4288 4292 4296 4300 4304 4308 4312 4316 4320 4324 4328 4332 4336 4340 4344 4348 4352 4356 4360 4364 4368 4372 4376 4380 4384 4388 4392 4396 4400 4404 4408 4412 4416 4420 4424 4428 4432 4436 4440 4444 4448 4452 4456 4460 4464 4468 4472 4476 4480 4484 4488 4492 4496 4500 4504 4508 4512 4516 4520 4524 4528 4532 4536 4540 4544 4548 4552 4556 4560 4564 4568 4572 4576 4580 4584 4588 4592 4596 4600 4604 4608 4612 4616 4620 4624 4628 4632 4636 4640 4644 4648 4652 4656 4660 4664 4668 4672 4676 4680 4684 4688 4692 4696 4700 4704 4708 4712 4716 4720 4724 4728 4732 4736 4740 4744 4748 4752 4756 4760 4764 4768 4772 4776 4780 4784 4788 4792 4796 4800 4804 4808 4812 4816 4820 4824 4828 4832 4836 4840 4844 4848 4852 4856 4860 4864 4868 4872 4876 4880 4884 4888 4892 4896 4900 4904 4908 4912 4916 4920 4924 4928 4932 4936 4940 4944 4948 4952 4956 4960 4964 4968 4972 4976 4980 4984 4988 4992 4996 5000 5004 5008 5012 5016 5020 5024 5028 5032 5036 5040 5044 5048 5052 5056 5060 5064 5068 5072 5076 5080 5084 5088 5092 5096 5100 5104 5108 5112 5116 5120 5124 5128 5132 5136 5140 5144 5148 5152 5156 5160 5164 5168 5172 5176 5180 5184 5188 5192 5196 5200 5204 5208 5212 5216 5220 5224 5228 5232 5236 5240 5244 5248 5252 5256 5260 5264 5268 5272 5276 5280 5284 5288 5292 5296 5300 5304 5308 5312 5316 5320 5324 5328 5332 5336 5340 5344 5348 5352 5356 5360 5364 5368 5372 5376 5380 5384 5388 5392 5396 5400 5404 5408 5412 5416 5420 5424 5428 5432 5436 5440 5444 5448 5452 5456 5460 5464 5468 5472 5476 5480 5484 5488 5492 5496 5500 5504 5508 5512 5516 5520 5524 5528 5532 5536 5540 5544 5548 5552 5556 5560 5564 5568 5572 5576 5580 5584 5588 5592 5596 5600 5604 5608 5612 5616 5620 5624 5628 5632 5636 5640 5644 5648 5652 5656 5660 5664 5668 5672 5676 5680 5684 5688 5692 5696 5700 5704 5708 5712 5716 5720 5724 5728 5732 5736 5740 5744 5748 5752 5756 5760 5764 5768 5772 5776 5780 5784 5788 5792 5796 5800 5804 5808 5812 5816 5820 5824 5828 5832 5836 5840 5844 5848 5852 5856 5860 5864 5868 5872 5876 5880 5884 5888 5892 5896 5900 5904 5908 5912 5916 5920 5924 5928 5932 5936 5940 5944 5948 5952 5956 5960 5964 5968 5972 5976 5980 5984 5988 5992 5996 6000 6004 6008 6012 6016 6020 6024 6028 6032 6036 6040 6044 6048 6052 6056 6060 6064 6068 6072 6076 6080 6084 6088 6092 6096 6100 6104 6108 6112 6116 6120 6124 6128 6132 6136 6140 6144 6148 6152 6156 6160 6164 6168 6172 6176 6180 6184 6188 6192 6196 6200 6204 6208 6212 6216 6220 6224 6228 6232 6236 6240 6244 6248 6252 6256 6260 6264 6268 6272 6276 6280 6284 6288 6292 6296 6300 6304 6308 6312 6316 6320 6324 6328 6332 6336 6340 6344 6348 6352 6356 6360 6364 6368 6372 6376 6380 6384 6388 6392 6396 6400 6404 6408 6412 6416 6420 6424 6428 6432 6436 6440 6444 6448 6452 6456 6460 6464 6468 6472 6476 6480 6484 6488 6492 6496 6500 6504 6508 6512 6516 6520 6524 6528 6532 6536 6540 6544 6548 6552 6556 6560 6564 6568 6572 6576 6580 6584 6588 6592 6596 6600 6604 6608 6612 6616 6620 6624 6628 6632 6636 6640 6644 6648 6652 6656 6660 6664 6668 6672 6676 6680 6684 6688 6692 6696 6700 6704 6708 6712 6716 6720 6724 6728 6732 6736 6740 6744 6748 6752 6756 6760 6764 6768 6772 6776 6780 6784 6788 6792 6796 6800 6804 6808 6812 6816 6820 6824 6828 6832 6836 6840 6844 6848 6852 6856 6860 6864 6868 6872 6876 6880 6884 6888 6892 6896 6900 6904 6908 6912 6916 6920 6924 6928 6932 6936 6940 6944 6948 6952 6956 6960 6964 6968 6972 6976 6980 6984 6988 6992 6996 7000 7004 7008 7012 7016 7020 7024 7028 7032 7036 7040 7044 7048 7052 7056 7060 7064 7068 7072 7076 7080 7084 7088 7092 7096 7100 7104 7108 7112 7116 7120 7124 7128 7132 7136 7140 7144 7148 7152 7156 7160 7164 7168 7172 7176 7180 7184 7188 7192 7196 7200 7204 7208 7212 7216 7220 7224 7228 7232 7236 7240 7244 7248 7252 7256 7260 7264 7268 7272 7276 7280 7284 7288 7292 7296 7300 7304 7308 7312 7316 7320 7324 7328 7332 7336 7340 7344 7348 7352 7356 7360 7364 7368 7372 7376 7380 7384 7388 7392 7396 7400 7404 7408 7412 7416 7420 7424 7428 7432 7436 7440 7444 7448 7452 7456 7460 7464 7468 7472 7476 7480 7484 7488 7492 7496 7500 7504 7508 7512 7516 7520 7524 7528 7532 7536 7540 7544 7548 7552 7556 7560 7564 7568 7572 7576 7580 7584 7588 7592 7596 7600 7604 7608 7612 7616 7620 7624 7628 7632 7636 7640 7644 7648 7652 7656 7660 7664 7668 7672 7676 7680 7684 7688 7692 7696 7700 7704 7708 7712 7716 7720 7724 7728 7732 7736 7740 7744 7748 7752 7756 7760 7764 7768 7772 7776 7780 7784 7788 7792 7796 7800 7804 7808 7812 7816 7820 7824 7828 7832 7836 7840 7844 7848 7852 7856 7860 7864 7868 7872 7876 7880 7884 7888 7892 7896 7900 7904 7908 7912 7916 7920 7924 7928 7932 7936 7940 7944 7948 7952 7956 7960 7964 7968 7972 7976 7980 7984 7988 7992 7996 8000 8004 8008 8012 8016 8020 8024 8028 8032 8036 8040 8044 8048 8052 8056 8060 8064 8068 8072 8076 8080 8084 8088 8092 8096 8100 8104 8108 8112 8116 8120 8124 8128 8132 8136 8140 8144 8148 8152 8156 8160 8164 8168 8172 8176 8180 8184 8188 8192 8196 8200 8204 8208 8212 8216 8220 8224 8228 8232 8236 8240 8244 8248 8252 8256 8260 8264 8268 8272 8276 8280 8284 8288 8292 8296 8300 8304 8308 8312 8316 8320 8324 8328 8332 8336 8340 8344 8348 8352 8356 8360 8364 8368 8372 8376 8380 8384 8388 8392 8396 8400 8404 8408 8412 8416 8420 8424 8428 8432 8436 8440 8444 8448 8452 8456 8460 8464 8468 8472 8476 8480 8484 8488 8492 8496 8500 8504 8508 8512 8516 8520 8524 8528 8532 8536 8540 8544 8548 8552 8556 8560 8564 8568 8572 8576 8580 8584 8588 8592 8596 8600 8604 8608 8612 8616 8620 8624 8628 8632 8636 8640 8644 8648 8652 8656 8660 8664 8668 8672 8676 8680 8684 8688 8692 8696 8700 8704 8708 8712 8716 8720 8724 8728 8732 8736 8740 8744 8748 8752 8756 8760 8764 8768 8772 8776 8780 8784 8788 8792 8796 8800 8804 8808 8812 8816 8820 8824 8828 8832 8836 8840 8844 8848 8852 8856 8860 8864 8868 8872 8876 8880 8884 8888 8892 8896 8900 8904 8908 8912 8916 8920 8924 8928 8932 8936 8940 8944 8948 8952 8956 8960 8964 8968 8972 8976 8980 8984 8988 8992 8996 9000 9004 9008 9012 9016 9020 9024 9028 9032 9036 9040 9044 9048 9052 9056 9060 9064 9068 9072 9076 9080 9084 9088 9092 9096 9100 9104 9108 9112 9116 9120 9124 9128 9132 9136 9140 9144 9148 9152 9156 9160 9164 9168 9172 9176 9180 9184 9188 9192 9196 9200 9204 9208 9212 9216 9220 9224 9228 9232 9236 9240 9244 9248 9252 9256 9260 9264 9268 9272 9276 9280 9284 9288 9292 9296 9300 9304 9308 9312 9316 9320 9324 9328 9332 9336 9340 9344 9348 9352 9356 9360 9364 9368 9372 9376 9380 9384 9388 9392 9396 9400 9404 9408 9412 9416 9420 9424 9428 9432 9436 9440 9444 9448 9452 9456 9460 9464 9468 9472 9476 9480 9484 9488 9492 9496 9500 9504 9508 9512 9516 9520 9524 9528 9532 9536 9540 9544 9548 9552 9556 9560 9564 9568 9572 9576 9580 9584 9588 9592 9596 9600 9604 9608 9612 9616 9620 9624 9628 9632 9636 9640 9644 9648 9652 9656 9660 9664 9668 9672 9676 9680 9684 9688 9692 9696 9700 9704 9708 9712 9716 9720 9724 9728 9732 9736 9740 9744 9748 9752 9756 9760 9764 9768 9772 9776 9780 9784 9788 9792 9796 9800 9804 9808 9812 9816 9820 9824 9828 9832 9836 9840 9844 9848 9852 9856 9860 9864 9868 9872 9876 9880 9884 9888 9892 9896 9900 9904 9908 9912 9916 9920 9924 9928 9932 9936 9940 9944 9948 9952 9956 9960 9964 9968 9972 9976 9980 9984 9988 9992 9996 10000 10004 10008 10012 10016 10020 10024 10028 10032 10036 10040 10044 10048 10052 10056 10060 10064 10068 10072 10076 10080 10084 10088 10092 10096 10100 10104 10108 10112 10116 10120 10124 10128 10132 10136 10140 10144 10148 10152 10156 10160 10164 10168 10172 10176 10180 10184 10188 10192 10196 10200 10204 10208 10212 10216 10220 10224 10228 10232 10236 10240 10244 10248 10252 10256 10260 10264 10268 10272 10276 10280 10284 10288 10292 10296 10300 10304 10308 10312 10316 10320 10324 10328 10332 10336 10340 10344 10348 10352 10356 10360 10364 10368 10372 10376 10380 10384 10388 10392 10396 10400 10404 10408 10412 10416 10420 10424 10428 10432 10436 10440 10444 10448 10452 10456 10460 10464 10468 10472 10476 10480 10484 10488 10492 10496 10500 10504 10508 10512 10516 10520 10524 10528 10532 10536 10540 10544 10548 10552 10556 10560 10564 10568 10572 10576 10580 10584 10588 10592 10596 10600 10604 10608 10612 10616 10620 10624 10628 10632 10636 10640 10644 10648 10652 10656 10660 10664 10668 10672 10676 10680 10684 10688 10692 10696 10700 10704 10708 10712 10716 10720 10724 10728 10732 10736 10740 10744 10748 10752 10756 10760 10764 10768 10772 10776 10780 10784 10788 10792 10796 10800 10804 10808 10812 10816 10820 10824 10828 10832 10836 10840 10844 10848 10852 10856 10860 10864 10868 10872 10876 10880 10884 10888 10892 10896 10900 10904 10908 10912 10916 10920 10924 10928 10932 10936 10940 10944 10948 10952 10956 10960 10964 10968 10972 10976 10980 10984 10988 10992 10996 11000 11004 11008 11012 11016 11020 11024 11028 11032 11036 11040 11044 11048 11052 11056 11060 11064 11068 11072 11076 11080 11084 11088 11092 11096 11100 11104 11108 11112 11116 11120 11124 11128 11132 11136 11140 11144 11148 11152 11156 11160 11164 11168 11172 11176 11180 11184 11188 11192 11196 11200 11204 11208 11212 11216 11220 11224 11228 11232 11236 11240 11244 11248 11252 11256 11260 11264 11268 11272 11276 11280 11284 11288 11292 11296 11300 11304 11308 11312 11316 11320 11324 11328 11332 11336 11340 11344 11348 11352 11356 11360 11364 11368 11372 11376 11380 11384 11388 11392 11396 11400 11404 11408 11412 11416 11420 11424 11428 11432 11436 11440 11444 11448 11452 11456 11460 11464 11468 11472 11476 11480 11484 11488 11492 11496 11500 11504 11508 11512 11516 11520 11524 11528 11532 11536 11540 11544 11548 11552 11556 11560 11564 11568 11572 11576 11580 11584 11588 11592 11596 11600 11604 11608 11612 11616 11620 11624 11628 11632 11636 11640 11644 11648 11652 11656 11660 11664 11668 11672 11676 11680 11684 11688 11692 11696 11700 11704 11708 11712 11716 11720 11724 11728 11732 11736 11740 11744 11748 11752 11756 11760 11764 11768 11772 11776 11780 11784 11788 11792 11796 11800 11804 11808 11812 11816 11820 11824 11828 11832 11836 11840 11844 11848 11852 11856 11860 11864 11868 11872 11876 11880 11884 11888 11892 11896 11900 11904 11908 11912 11916 11920 11924 11928 11932 11936 11940 11944 11948 11952 11956 11960 11964 11968 11972 11976 11980 11984 11988 11992 11996 12000 12004 12008 12012 12016 12020 12024 12028 12032 12036 12040 12044 12048 12052 12056 12060 12064 12068 12072 12076 12080 12084 12088 12092 12096 12100 12104 12108 12112 12116 12120 12124 12128 12132 12136 12140 12144 12148 12152 12156 12160 12164 12168 12172 12176 12180 12184 12188 12192 12196 12200 12204 12208 12212 12216 12220 12224 12228 12232 12236 12240 12244 12248 12252 12256 12260 12264 12268 12272 12276 12280 12284 12288 12292 12296 12300 12304 12308 12312 12316 12320 12324 12328 12332 12336 12340 12344 12348 12352 12356 12360 12364 12368 12372 12376 12380 12384 12388 12392 12396 12400 12404 12408 12412 12416 12420 12424 12428 12432 12436 12440 12444 12448 12452 12456 12460 12464 12468 12472 12476 12480 12484 12488 12492 12496 12500 12504 12508 12512 12516 12520 12524 12528 12532 12536 12540 12544 12548 12552 12556 12560 12564 12568 12572 12576 12580 12584 12588 12592 12596 12600 12604 12608 12612 12616 12620 12624 12628 12632 12636 12640 12644 12648 12652 12656 12660 12664 12668 12672 12676 12680 12684 12688 12692 12696 12700 12704 12708 12712 12716 12720 12724 12728 12732 12736 12740 12744 12748 12752 12756 12760 12764 12768 12772 12776 12780 12784 12788 12792 12796 12800 12804 12808 12812 12816 12820 12824 12828 12832 12836 12840 12844 12848 12852 12856 12860 12864 12868 12872 12876 12880 12884 12888 12892 12896 12900 12904 12908 12912 12916 12920 12924 12928 12932 12936 12940 12944 12948 12952 12956 12960 12964 12968 12972 12976 12980 12984 12988 12992 12996 13000 13004 13008 13012 13016 13020 13024 13028 13032 13036 13040 13044 13048 13052 13056 13060 13064 13068 13072 13076 13080 13084 13088 13092 13096 13100 13104 13108 13112 13116 13120 13124 13128 13132 13136 13140 13144 13148 13152 13156 13160 13164 13168 13172 13176 13180 13184 13188 13192 13196 13200 13204 13208 13212 13216 13220 13224 13228 13232 13236 13240 13244 13248 13252 13256 13260 13264 13268 13272 13276 13280 13284 13288 13292 13296 13300 13304 13308 13312 13316 13320 13324 13328 13332 13336 13340 13344 13348 13352 13356 13360 13364 13368 13372 13376 13380 13384 13388 13392 13396 13400 13404 13408 13412 13416 13420 13424 13428 13432 13436 13440 13444 13448 13452 13456 13460 13464 13468 13472 13476 13480 13484 13488 13492 13496 13500 13504 13508 13512 13516 13520 13524 13528 13532 13536 13540 13544 13548 13552 13556 13560 13564 13568 13572 13576 13580 13584 13588 13592 13596 13600 13604 13608 13612 13616 13620 13624 13628 13632 13636 13640 13644 13648 13652 13656 13660 13664 13668 13672 13676 13680 13684 13688 13692 13696 13700 13704 13708 13712 13716 13720 13724 13728 13732 13736 13740 13744 13748 13752 13756 13760 13764 13768 13772 13776 13780 13784 13788 13792 13796 13800 13804 13808 13812 13816 13820 13824 13828 13832 13836 13840 13844 13848 13852 13856 13860 13864 13868 13872 13876 13880 13884 13888 13892 13896 13900 13904 13908 13912 13916 13920 13924 13928 13932 13936 13940 13944 13948 13952 13956 13960 13964 13968 13972 13976 13980 13984 13988 13992 13996 14000 14004 14008 14012 14016 14020 14024 14028 14032 14036 14040 14044 14048 14052 14056 14060 14064 14068 14072 14076 14080 14084 14088 14092 14096 14100 14104 14108 14112 14116 14120 14124 14128 14132 14136 14140 14144 14148 14152 14156 14160 14164 14168 14172 14176 14180 14184 14188 14192 14196 14200 14204 14208 14212 14216 14220 14224 14228 14232 14236 14240 14244 14248 14252 14256 14260 14264 14268 14272 14276 14280 14284 14288 14292 14296 14300 14304 14308 14312 14316 14320 14324 14328 14332 14336 14340 14344 14348 14352 14356 14360 14364 14368 14372 14376 14380 14384 14388 14392 14396 14400 14404 14408 14412 14416 14420 14424 14428 14432 14436 14440 14444 14448 14452 14456 14460 14464 14468 14472 14476 14480 14484 14488 14492 14496 14500 14504 14508 14512 14516 14520 14524 14528 14532 14536 14540 14544 14548 14552 14556 14560 14564 14568 14572 14576 14580 14584 14588 14592 14596 14600 14604 14608 14612 14616 14620 14624 14628 14632 14636 14640 14644 14648 14652 14656 14660 14664 14668 14672 14676 14680 14684 14688 14692 14696 14700 14704 14708 14712 14716 14720 14724 14728 14732 14736 14740 14744 14748 14752 14756 14760 14764 14768 14772 14776 14780 14784 14788 14792 14796 14800 14804 14808 14812 14816 14820 14824 14828 14832 14836 14840 14844 14848 14852 14856 14860 14864 14868 14872 14876 14880 14884 14888 14892 14896 14900 14904 14908 14912 14916 14920 14924 14928 14932 14936 14940 14944 14948 14952 14956 14960 14964 14968 14972 14976 14980 14984 14988 14992 14996 15000 15004 15008 15012 15016 15020 15024 15028 15032 15036 15040 15044 15048 15052 15056 15060 15064 15068 15072 15076 15080 15084 15088 15092 15096 15100 15104 15108 15112 15116 15120 15124 15128 15132 15136 15140 15144 15148 15152 15156 15160 15164 15168 15172 15176 15180 15184 15188 15192 15196 15200 15204 15208 15212 15216 15220 15224 15228 15232 15236 15240 15244 15248 15252 15256 15260 15264 15268 15272 15276 15280 15284 15288 15292 15296 15300 15304 15308 15312 15316 15320 15324 15328 15332 15336 15340 15344 15348 15352 15356 15360 15364 15368 15372 15376 15380 15384 15388 15392 15396 15400 15404 15408 15412 15416 15420 15424 15428 15432 15436 15440 15444 15448 15452 15456 15460 15464 15468 15472 15476 15480 15484 15488 15492 15496 15500 15504 15508 15512 15516 15520 15524 15528 15532 15536 15540 15544 15548 15552 15556 15560 15564 15568 15572 15576 15580 15584 15588 15592 15596 15600 15604 15608 15612 15616 15620 15624 15628 15632 15636 15640 15644 15648 15652 15656 15660 15664 15668 15672 15676 15680 15684 15688 15692 15696 15700 15704 15708 15712 15716 15720 15724 15728 15732 15736 15740 15744 15748 15752 15756 15760 15764 15768 15772 15776 15780 15784 15788 15792 15796 15800 15804 15808 15812 15816 15820 15824 15828 15832 15836 15840 15844 15848 15852 15856 15860 15864 15868 15872 15876 15880 15884 15888 15892 15896 15900 15904 15908 15912 15916 15920 15924 15928 15932 15936 15940 15944 15948 15952 15956 15960 15964 15968 15972 15976 15980 15984 15988 15992 15996 16000 16004 16008 16012 16016 16020 16024 16028 16032 16036 16040 16044 16048 16052 16056 16060 16064 16068 16072 16076 16080 16084 16088 16092 16096 16100 16104 16108 16112 16116 16120 16124 16128 16132 16136 16140 16144 16148 16152 16156 16160 16164 16168 16172 16176 16180 16184 16188 16192 16196 16200 16204 16208 16212 16216 16220 16224 16228 16232 16236 16240 16244 16248 16252 16256 16260 16264 16268 16272 16276 16280 16284 16288 16292 16296 16300 16304 16308 16312 16316 16320 16324 16328 16332 16336 16340 16344 16348 16352 16356 16360 16364 16368 16372 16376 16380 16384 16388 16392 16396 16400 16404 16408 16412 16416 16420 16424 16428 16432 16436 16440 16444 16448 16452 16456 16460 16464 16468 16472 16476 16480 16484 16488 16492 16496 16500 16504 16508 16512 16516 16520 16524 16528 16532 16536 16540 16544 16548 16552 16556 16560 16564 16568 16572 16576 16580 16584 16588 16592 16596 16600 16604 16608 16612 16616 16620 16624 16628 16632 16636 16640 16644 16648 16652 16656 16660 16664 16668 16672 16676 16680 16684 16688 16692 16696 16700 16704 16708 16712 16716 16720 16724 16728 16732 16736 16740 16744 16748 16752 16756 16760 16764 16768 16772 16776 16780 16784 16788 16792 16796 16800 16804 16808 16812 16816 16820 16824 16828 16832 16836 16840 16844 16848 16852 16856 16860 16864 16868 16872 16876 16880 16884 16888 16892 16896 16900 16904 16908 16912 16916 16920 16924 16928 16932 16936 16940 16944 16948 16952 16956 16960 16964 16968 16972 16976 16980 16984 16988 16992 16996 17000 17004 17008 17012 17016 17020 17024 17028 17032 17036 17040 17044 17048 17052 17056 17060 17064 17068 17072 17076 17080 17084 17088 17092 17096 17100 17104 17108 17112 17116 17120 17124 17128 17132 17136 17140 17144 17148 17152 17156 17160 17164 17168 17172 17176 17180 17184 17188 17192 17196 17200 17204 17208 17212 17216 17220 17224 17228 17232 17236 17240 17244 17248 17252 17256 17260 17264 17268 17272 17276 17280 17284 17288 17292 17296 17300 17304 17308 17312 17316 17320 17324 17328 17332 17336 17340 17344 17348 17352 17356 17360 17364 17368 17372 17376 17380 17384 17388 17392 17396 17400 17404 17408 17412 17416 17420 17424 17428 17432 17436 17440 17444 17448 17452 17456 17460 17464 17468 17472 17476 17480 17484 17488 17492 17496 17500 17504 17508 17512 17516 17520 17524 17528 17532 17536 17540 17544 17548 17552 17556 17560 17564 17568 17572 17576 17580 17584 17588 17592 17596 17600 17604 17608 17612 17616 17620 17624 17628 17632 17636 17640 17644 17648 17652 17656 17660 17664 17668 17672 17676 17680 17684 17688 17692 17696 17700 17704 17708 17712 17716 17720 17724 17728 17732 17736 17740 17744 17748 17752 17756 17760 17764 17768 17772 17776 17780 17784 17788 17792 17796 17800 17804 17808 17812 17816 17820 17824 17828 17832 17836 17840 17844 17848 17852 17856 17860 17864 17868 17872 17876 17880 17884 17888 17892 17896 17900 17904 17908 17912 17916 17920 17924 17928 17932 17936 17940 17944 17948 17952 17956 17960 17964 17968 17972 17976 17980 17984 17988 17992 17996 18000 18004 18008 18012 18016 18020 18024 18028 18032 18036 18040 18044 18048 18052 18056 18060 18064 18068 18072 18076 18080 18084 18088 18092 18096 18100 18104 18108 18112 18116 18120 18124 18128 18132 18136 18140 18144 18148 18152 18156 18160 18164 18168 18172 18176 18180 18184 18188 18192 18196 18200 18204 18208 18212 18216 18220 18224 18228 18232 18236 18240 18244 18248 18252 18256 18260 18264 18268 18272 18276 18280 18284 18288 18292 18296 18300 18304 18308 18312 18316 18320 18324 18328 18332 18336 18340 18344 18348 18352 18356 18360 18364 18368 18372 18376 18380 18384 18388 18392 18396 18400 18404 18408 18412 18416 18420 18424 18428 18432 18436 18440 18444 18448 18452 18456 18460 18464 18468 18472 18476 18480 18484 18488 18492 18496 18500 18504 18508 18512 18516 18520 18524 18528 18532 18536 18540 18544 18548 18552 18556 18560 18564 18568 18572 18576 18580 18584 18588 18592 18596 18600 18604 18608 18612 18616 18620 18624 18628 18632 18636 18640 18644 18648 18652 18656 18660 18664 18668 18672 18676 18680 18684 18688 18692 18696 18700 18704 18708 18712 18716 18720 18724 18728 18732 18736 18740 18744 18748 18752 18756 18760 18764 18768 18772 18776 18780 18784 18788 18792 18796 18800 18804 18808 18812 18816 18820 18824 18828 18832 18836 18840 18844 18848 18852 18856 18860 18864 18868 18872 18876 18880 18884 18888 18892 18896 18900 18904 18908 18912 18916 18920 18924 18928 18932 18936 18940 18944 18948 18952 18956 18960 18964 18968 18972 18976 18980 18984 18988 18992 18996 19000 19004 19008 19012 19016 19020 19024 19028 19032 19036 19040 19044 19048 19052 19056 19060 19064 19068 19072 19076 19080 19084 19088 19092 19096 19100 19104 19108 19112 19116 19120 19124 19128 19132 19136 19140 19144 19148 19152 19156 19160 19164 19168 19172 19176 19180 19184 19188 19192 19196 19200 19204 19208 19212 19216 19220 19224 19228 19232 19236 19240 19244 19248 19252 19256 19260 19264 19268 19272 19276 19280 19284 19288 19292 19296 19300 19304 19308 19312 19316 19320 19324 19328 19332 19336 19340 19344 19348 19352 19356 19360 19364 19368 19372 19376 19380 19384 19388 19392 19396 19400 19404 19408 19412 19416 19420 19424 19428 19432 19436 19440 19444 19448 19452 19456 19460 19464 19468 19472 19476 19480 19484 19488 19492 19496 19500 19504 19508 19512 19516 19520 19524 19528 19532 19536 19540 19544 19548 19552 19556 19560 19564 19568 19572 19576 19580 19584 19588 19592 19596 19600 19604 19608 19612 19616 19620 19624 19628 19632 19636 19640 19644 19648 19652 19656 19660 19664 19668 19672 19676 19680 19684 19688 19692 19696 19700 19704 19708 19712 19716 19720 19724 19728 19732 19736 19740 19744 19748 19752 19756 19760 19764 19768 19772 19776 19780 19784 19788 19792 19796 19800 19804 19808 19812 19816 19820 19824 19828 19832 19836 19840 19844 19848 19852 19856 19860 19864 19868 19872 19876 19880 19884 19888 19892 19896 19900 19904 19908 19912 19916 19920 19924 19928 19932 19936 19940 19944 19948 19952 19956 19960 19964 19968 19972 19976 19980 19984 19988 19992 19996 20000 20004 20008 20012 20016 20020 20024 20028 20032 20036 20040 20044 20048 20052 20056 20060 20064 20068 20072 20076 20080 20084 20088 20092 20096 20100 20104 20108 20112 20116 20120 20124 20128 20132 20136 20140 20144 20148 20152 20156 20160 20164 20168 20172 20176 20180 20184 20188 20192 20196 20200 20204 20208 20212 20216 20220 20224 20228 20232 20236 20240 20244 20248 20252 20256 20260 20264 20268 20272 20276 20280 20284 20288 20292 20296 20300 20304 20308 20312 20316 20320 20324 20328 20332 20336 20340 20344 20348 20352 20356 20360 20364 20368 20372 20376 20380 20384 20388 20392 20396 20400 20404 20408 20412 20416 20420 20424 20428 20432 20436 20440 20444 20448 20452 20456 20460 20464 20468 20472 20476 20480 20484 20488 20492 20496 20500 20504 20508 20512 20516 20520 20524 20528 20532 20536 20540 20544 20548 20552 20556 20560 20564 20568 20572 20576 20580 20584 20588 20592 20596 20600 20604 20608 20612 20616 20620 20624 20628 20632 20636 20640 20644 20648 20652 20656 20660 20664 20668 20672 20676 20680 20684 20688 20692 20696 20700 20704 20708 20712 20716 20720 20724 20728 20732 20736 20740 20744 20748 20752 20756 20760 20764 20768 20772 20776 20780 20784 20788 20792 20796 20800 20804 20808 20812 20816 20820 20824 20828 20832 20836 20840 20844 20848 20852 20856 20860 20864 20868 20872 20876 20880 20884 20888 20892 20896 20900 20904 20908 20912 20916 20920 20924 20928 20932 20936 20940 20944 20948 20952 20956 20960 20964 20968 20972 20976 20980 20984 20988 20992 20996 21000 21004 21008 21012 21016 21020 21024 21028 21032 21036 21040 21044 21048 21052 21056 21060 21064 21068 21072 21076 21080 21084 21088 21092 21096 21100 21104 21108 21112 21116 21120 21124 21128 21132 21136 21140 21144 21148 21152 21156 21160 21164 21168 21172 21176 21180 21184 21188 21192 21196 21200 21204 21208 21212 21216 21220 21224 21228 21232 21236 21240 21244 21248 21252 21256 21260 21264 21268 21272 21276 21280 21284 21288 21292 21296 21300 21304 21308 21312 21316 21320 21324 21328 21332 21336 21340 21344 21348 21352 21356 21360 21364 21368 21372 21376 21380 21384 21388 21392 21396 21400 21404 21408 21412 21416 21420 21424 21428 21432 21436 21440 21444 21448 21452 21456 21460 21464 21468 21472 21476 21480 21484 21488 21492 21496 21500 21504 21508 21512 21516 21520 21524 21528 21532 21536 21540 21544 21548 21552 21556 21560 21564 21568 21572 21576 21580 21584 21588 21592 21596 21600 21604 21608 21612 21616 21620 21624 21628 21632 21636 21640 21644 21648 21652 21656 21660 21664 21668 21672 21676 21680 21684 21688 21692 21696 21700 21704 21708 21712 21716 21720 21724 21728 21732 21736 21740 21744 21748 21752 21756 21760 21764 21768 21772 21776 21780 21784 21788 21792 21796 21800 21804 21808 21812 21816 21820 21824 21828 21832 21836 21840 21844 21848 21852 21856 21860 21864 21868 21872 21876 21880 21884 21888 21892 21896 21900 21904 21908 21912 21916 21920 21924 21928 21932 21936 21940 21944 21948 21952 21956 21960 21964 21968 21972 21976 21980 21984 21988 21992 21996 22000 22004 22008 22012 22016 22020 22024 22028 22032 22036 22040 22044 22048 22052 22056 22060 22064 22068 22072 22076 22080 22084 22088 22092 22096 22100 22104 22108 22112 22116 22120 22124 22128 22132 22136 22140 22144 22148 22152 22156 22160 22164 22168 22172 22176 22180 22184 22188 22192 22196 22200 22204 22208 22212 22216 22220 22224 22228 22232 22236 22240 22244 22248 22252 22256 22260 22264 22268 22272 22276 22280 22284 22288 22292 22296 22300 22304 22308 22312 22316 22320 22324 22328 22332 22336 22340 22344 22348 22352 22356 22360 22364 22368 22372 22376 22380 22384 22388 22392 22396 22400 22404 22408 22412 22416 22420 22424 22428 22432 22436 22440 22444 22448 22452 22456 22460 22464 22468 22472 22476 22480 22484 22488 22492 22496 22500 22504 22508 22512 22516 22520 22524 22528 22532 22536 22540 22544 22548 22552 22556 22560 22564 22568 22572 22576 22580 22584 22588 22592 22596 22600 22604 22608 22612 22616 22620 22624 22628 22632 22636 22640 22644 22648 22652 22656 22660 22664 22668 22672 22676 22680 22684 22688 22692 22696 22700 22704 22708 22712 22716 22720 22724 22728 22732 22736 22740 22744 22748 22752 22756 22760 22764 22768 22772 22776 22780 22784 22788 22792 22796 22800 22804 22808 22812 22816 22820 22824 22828 22832 22836 22840 22844 22848 22852 22856 22860 22864 22868 22872 22876 22880 22884 22888 22892 22896 22900 22904 22908 22912 22916 22920 22924 22928 22932 22936 22940 22944 22948 22952 22956 22960 22964 22968 22972 22976 22980 22984 22988 22992 22996 23000 23004 23008 23012 23016 23020 23024 23028 23032 23036 23040 23044 23048 23052 23056 23060 23064 23068 23072 23076 23080 23084 23088 23092 23096 23100 23104 23108 23112 23116 23120 23124 23128 23132 23136 23140 23144 23148 23152 23156 23160 23164 23168 23172 23176 23180 23184 23188 23192 23196 23200 23204 23208 23212 23216 23220 23224 23228 23232 23236 23240 23244 23248 23252 23256 23260 23264 23268 23272 23276 23280 23284 23288 23292 23296 23300 23304 23308 23312 23316 23320 23324 23328 23332 23336 23340 23344 23348 23352 23356 23360 23364 23368 23372 23376 23380 23384 23388 23392 23396 23400 23404 23408 23412 23416 23420 23424 23428 23432 23436 23440 23444 23448 23452 23456 23460 23464 23468 23472 23476 23480 23484 23488 23492 23496 23500 23504 23508 23512 23516 23520 23524 23528 23532 23536 23540 23544 23548 23552 23556 23560 23564 23568 23572 23576 23580 23584 23588 23592 23596 23600 23604 23608 23612 23616 23620 23624 23628 23632 23636 23640 23644 23648 23652 23656 23660 23664 23668 23672 23676 23680 23684 23688 23692 23696 23700 23704 23708 23712 23716 23720 23724 23728 23732 23736 23740 23744 23748 23752 23756 23760 23764 23768 23772 23776 23780 23784 23788 23792 23796 23800 23804 23808 23812 23816 23820 23824 23828 23832 23836 23840 23844 23848 23852 23856 23860 23864 23868 23872 23876 23880 23884 23888 23892 23896 23900 23904 23908 23912 23916 23920 23924 23928 23932 23936 23940 23944 23948 23952 23956 23960 23964 23968 23972 23976 23980 23984 23988 23992 23996 24000 24004 24008 24012 24016 24020 24024 24028 24032 24036 24040 24044 24048 24052 24056 24060 24064 24068 24072 24076 24080 24084 24088 24092 24096 24100 24104 24108 24112 24116 24120 24124 24128 24132 24136 24140 24144 24148 24152 24156 24160 24164 24168 24172 24176 24180 24184 24188 24192 24196 24200 24204 24208 24212 24216 24220 24224 24228 24232 24236 24240 24244 24248 24252 24256 24260 24264 24268 24272 24276 24280 24284 24288 24292 24296 24300 24304 24308 24312 24316 24320 24324 24328 24332 24336 24340 24344 24348 24352 24356 24360 24364 24368 24372 24376 24380 24384 24388 24392 24396 24400 24404 24408 24412 24416 24420 24424 24428 24432 24436 24440 24444 24448 24452 24456 24460 24464 24468 24472 24476 24480 24484 24488 24492 24496 24500 24504 24508 24512 24516 24520 24524 24528 24532 24536 24540 24544 24548 24552 24556 24560 24564 24568 24572 24576 24580 24584 24588 24592 24596 24600 24604 24608 24612 24616 24620 24624 24628 24632 24636 24640 24644 24648 24652 24656 24660 24664 24668 24672 24676 24680 24684 24688 24692 24696 24700 24704 24708 24712 24716 24720 24724 24728 24732 24736 24740 24744 24748 24752 24756 24760 24764 24768 24772 24776 24780 24784 24788 24792 24796 24800 24804 24808 24812 24816 24820 24824 24828 24832 24836 24840 24844 24848 24852 24856 24860 24864 24868 24872 24876 24880 24884 24888 24892 24896 24900 24904 24908 24912 24916 24920 24924 24928 24932 24936 24940 24944 24948 24952 24956 24960 24964 24968 24972 24976 24980 24984 24988 24992 24996 25000 25004 25008 25012 25016 25020 25024 25028 25032 25036 25040 25044 25048 25052 25056 25060 25064 25068 25072 25076 25080 25084 25088 25092 25096 25100 25104 25108 25112 25116 25120 25124 25128 25132 25136 25140 25144 25148 25152 25156 25160 25164 25168 25172 25176 25180 25184 25188 25192 25196 25200 25204 25208 25212 25216 25220 25224 25228 25232 25236 25240 25244 25248 25252 25256 25260 25264 25268 25272 25276 25280 25284 25288 25292 25296 25300 25304 25308 25312 25316 25320 25324 25328 25332 25336 25340 25344 25348 25352 25356 25360 25364 25368 25372 25376 25380 25384 25388 25392 25396 25400 25404 25408 25412 25416 25420 25424 25428 25432 25436 25440 25444 25448 25452 25456 25460 25464 25468 25472 25476 25480 25484 25488 25492 25496 25500 25504 25508 25512 25516 25520 25524 25528 25532 25536 25540 25544 25548 25552 25556 25560 25564 25568 25572 25576 25580 25584 25588 25592 25596 25600 25604 25608 25612 25616 25620 25624 25628 25632 25636 25640 25644 25648 25652 25656 25660 25664 25668 25672 25676 25680 25684 25688 25692 25696 25700 25704 25708 25712 25716 25720 25724 25728 25732 25736 25740 25744 25748 25752 25756 25760 25764 25768 25772 25776 25780 25784 25788 25792 25796 25800 25804 25808 25812 25816 25820 25824 25828 25832 25836 25840 25844 25848 25852 25856 25860 25864 25868 25872 25876 25880 25884 25888 25892 25896 25900 25904 25908 25912 25916 25920 25924 25928 25932 25936 25940 25944 25948 25952 25956 25960 25964 25968 25972 25976 25980 25984 25988 25992 25996 26000 26004 26008 26012 26016 26020 26024 26028 26032 26036 26040 26044 26048 26052 26056 26060 26064 26068 26072 26076 26080 26084 26088 26092 26096 26100 26104 26108 26112 26116 26120 26124 26128 26132 26136 26140 26144 26148 26152 26156 26160 26164 26168 26172 26176 26180 26184 26188 26192 26196 26200 26204 26208 26212 26216 26220 26224 26228 26232 26236 26240 26244 26248 26252 26256 26260 26264 26268 26272 26276 26280 26284 26288 26292 26296 26300 26304 26308 26312 26316 26320 26324 26328 26332 26336 26340 26344 26348 26352 26356 26360 26364 26368 26372 26376 26380 26384 26388 26392 26396 26400 26404 26408 26412 26416 26420 26424 26428 26432 26436 26440 26444 26448 26452 26456 26460 26464 26468 26472 26476 26480 26484 26488 26492 26496 26500 26504 26508 26512 26516 26520 26524 26528 26532 26536 26540 26544 26548 26552 26556 26560 26564 26568 26572 26576 26580 26584 26588 26592 26596 26600 26604 26608 26612 26616 26620 26624 26628 26632 26636 26640 26644 26648 26652 26656 26660 26664 26668 26672 26676 26680 26684 26688 26692 26696 26700 26704 26708 26712 26716 26720 26724 26728 26732 26736 26740 26744 26748 26752 26756 26760 26764 26768 26772 26776 26780 26784 26788 26792 26796 26800 26804 26808 26812 26816 26820 26824 26828 26832 26836 26840 26844 26848 26852 26856 26860 26864 26868 26872 26876 26880 26884 26888 26892 26896 26900 26904 26908 26912 26916 26920 26924 26928 26932 26936 26940 26944 26948 26952 26956 26960 26964 26968 26972 26976 26980 26984 26988 26992 26996 27000 27004 27008 27012 27016 27020 27024 27028 27032 27036 27040 27044 27048 27052 27056 27060 27064 27068 27072 27076 27080 27084 27088 27092 27096 27100 27104 27108 27112 27116 27120 27124 27128 27132 27136 27140 27144 27148 27152 27156 27160 27164 27168 27172 27176 27180 27184 27188 27192 27196 27200 27204 27208 27212 27216 27220 27224 27228 27232 27236 27240 27244 27248 27252 27256 27260 27264 27268 27272 27276 27280 27284 27288 27292 27296 27300 27304 27308 27312 27316 27320 27324 27328 27332 27336 27340 27344 27348 27352 27356 27360 27364 27368 27372 27376 27380 27384 27388 27392 27396 27400 27404 27408 27412 27416 27420 27424 27428 27432 27436 27440 27444 27448 27452 27456 27460 27464 27468 27472 27476 27480 27484 27488 27492 27496 27500 27504 27508 27512 27516 27520 27524 27528 27532 27536 27540 27544 27548 27552 27556 27560 27564 27568 27572 27576 27580 27584 27588 27592 27596 27600 27604 27608 27612 27616 27620 27624 27628 27632 27636 27640 27644 27648 27652 27656 27660 27664 27668 27672 27676 27680 27684 27688 27692 27696 27700 27704 27708 27712 27716 27720 27724 27728 27732 27736 27740 27744 27748 27752 27756 27760 27764 27768 27772 27776 27780 27784 27788 27792 27796 27800 27804 27808 27812 27816 27820 27824 27828 27832 27836 27840 27844 27848 27852 27856 27860 27864 27868 27872 27876 27880 27884 27888 27892 27896 27900 27904 27908 27912 27916 27920 27924 27928 27932 27936 27940 27944 27948 27952 27956 27960 27964 27968 27972 27976 27980 27984 27988 27992 27996 28000 28004 28008 28012 28016 28020 28024 28028 28032 28036 28040 28044 28048 28052 28056 28060 28064 28068 28072 28076 28080 28084 28088 28092 28096 28100 28104 28108 28112 28116 28120 28124 28128 28132 28136 28140 28144 28148 28152 28156 28160 28164 28168 28172 28176 28180 28184 28188 28192 28196 28200 28204 28208 28212 28216 28220 28224 28228 28232 28236 28240 28244 28248 28252 28256 28260 28264 28268 28272 28276 28280 28284 28288 28292 28296 28300 28304 28308 28312 28316 28320 28324 28328 28332 28336 28340 28344 28348 28352 28356 28360 28364 28368 28372 28376 28380 28384 28388 28392 28396 28400 28404 28408 28412 28416 28420 28424 28428 28432 28436 28440 28444 28448 28452 28456 28460 28464 28468 28472 28476 28480 28484 28488 28492 28496 28500 28504 28508 28512 28516 28520 28524 28528 28532 28536 28540 28544 28548 28552 28556 28560 28564 28568 28572 28576 28580 28584 28588 28592 28596 28600 28604 28608 28612 28616 28620 28624 28628 28632 28636 28640 28644 28648 28652 28656 28660 28664 28668 28672 28676 28680 28684 28688 28692 28696 28700 28704 28708 28712 28716 28720 28724 28728 28732 28736 28740 28744 28748 28752 28756 28760 28764 28768 28772 28776 28780 28784 28788 28792 28796 28800 28804 28808 28812 28816 28820 28824 28828 28832 28836 28840 28844 28848 28852 28856 28860 28864 28868 28872 28876 28880 28884 28888 28892 28896 28900 28904 28908 28912 28916 28920 28924 28928 28932 28936 28940 28944 28948 28952 28956 28960 28964 28968 28972 28976 28980 28984 28988 28992 28996 29000 29004 29008 29012 29016 29020 29024 29028 29032 29036 29040 29044 29048 29052 29056 29060 29064 29068 29072 29076 29080 29084 29088 29092 29096 29100 29104 29108 29112 29116 29120 29124 29128 29132 29136 29140 29144 29148 29152 29156 29160 29164 29168 29172 29176 29180 29184 29188 29192 29196 29200 29204 29208 29212 29216 29220 29224 29228 29232 29236 29240 29244 29248 29252 29256 29260 29264 29268 29272 29276 29280 29284 29288 29292 29296 29300 29304 29308 29312 29316 29320 29324 29328 29332 29336 29340 29344 29348 29352 29356 29360 29364 29368 29372 29376 29380 29384 29388 29392 29396 29400 29404 29408 29412 29416 29420 29424 29428 29432 29436 29440 29444 29448 29452 29456 29460 29464 29468 29472 29476 29480 29484 29488 29492 29496 29500 29504 29508 29512 29516 29520 29524 29528 29532 29536 29540 29544 29548 29552 29556 29560 29564 29568 29572 29576 29580 29584 29588 29592 29596 29600 29604 29608 29612 29616 29620 29624 29628 29632 29636 29640 29644 29648 29652 29656 29660 29664 29668 29672 29676 29680 29684 29688 29692 29696 29700 29704 29708 29712 29716 29720 29724 29728 29732 29736 29740 29744 29748 29752 29756 29760 29764 29768 29772 29776 29780 29784 29788 29792 29796 29800 29804 29808 29812 29816 29820 29824 29828 29832 29836 29840 29844 29848 29852 29856 29860 29864 29868 29872 29876 29880 29884 29888 29892 29896 29900 29904 29908 29912 29916 29920 29924 29928 29932 29936 29940 29944 29948 29952 29956 29960 29964 29968 29972 29976 29980 29984 29988 29992 29996 30000 30004 30008 30012 30016 30020 30024 30028 30032 30036 30040 30044 30048 30052 30056 30060 30064 30068 30072 30076 30080 30084 30088 30092 30096 30100 30104 30108 30112 30116 30120 30124 30128 30132 30136 30140 30144 30148 30152 30156 30160 30164 30168 30172 30176 30180 30184 30188 30192 30196 30200 30204 30208 30212 30216 30220 30224 30228 30232 30236 30240 30244 30248 30252 30256 30260 30264 30268 30272 30276 30280 30284 30288 30292 30296 30300 30304 30308 30312 30316 30320 30324 30328 30332 30336 30340 30344 30348 30352 30356 30360 30364 30368 30372 30376 30380 30384 30388 30392 30396 30400 30404 30408 30412 30416 30420 30424 30428 30432 30436 30440 30444 30448 30452 30456 30460 30464 30468 30472 30476 30480 30484 30488 30492 30496 30500 30504 30508 30512 30516 30520 30524 30528 30532 30536 30540 30544 30548 30552 30556 30560 30564 30568 30572 30576 30580 30584 30588 30592 30596 30600 30604 30608 30612 30616 30620 30624 30628 30632 30636 30640 30644 30648 30652 30656 30660 30664 30668 30672 30676 30680 30684 30688 30692 30696 30700 30704 30708 30712 30716 30720 30724 30728 30732 30736 30740 30744 30748 30752 30756 30760 30764 30768 30772 30776 30780 30784 30788 30792 30796 30800 30804 30808 30812 30816 30820 30824 30828 30832 30836 30840 30844 30848 30852 30856 30860 30864 30868 30872 30876 30880 30884 30888 30892 30896 30900 30904 30908 30912 30916 30920 30924 30928 30932 30936 30940 30944 30948 30952 30956 30960 30964 30968 30972 30976 30980 30984 30988 30992 30996 31000 31004 31008 31012 31016 31020 31024 31028 31032 31036 31040 31044 31048 31052 31056 31060 31064 31068 31072 31076 31080 31084 31088 31092 31096 31100 31104 31108 31112 31116 31120 31124 31128 31132 31136 31140 31144 31148 31152 31156 31160 31164 31168 31172 31176 31180 31184 31188 31192 31196 31200 31204 31208 31212 31216 31220 31224 31228 31232 31236 31240 31244 31248 31252 31256 31260 31264 31268 31272 31276 31280 31284 31288 31292 31296 31300 31304 31308 31312 31316 31320 31324 31328 31332 31336 31340 31344 31348 31352 31356 31360 31364 31368 31372 31376 31380 31384 31388 31392 31396 31400 31404 31408 31412 31416 31420 31424 31428 31432 31436 31440 31444 31448 31452 31456 31460 31464 31468 31472 31476 31480 31484 31488 31492 31496 31500 31504 31508 31512 31516 31520 31524 31528 31532 31536 31540 31544 31548 31552 31556 31560 31564 31568 31572 31576 31580 31584 31588 31592 31596 31600 31604 31608 31612 31616 31620 31624 31628 31632 31636 31640 31644 31648 31652 31656 31660 31664 31668 31672 31676 31680 31684 31688 31692 31696 31700 31704 31708 31712 31716 31720 31724 31728 31732 31736 31740 31744 31748 31752 31756 31760 31764 31768 31772 31776 31780 31784 31788 31792 31796 31800 31804 31808 31812 31816 31820 31824 31828 31832 31836 31840 31844 31848 31852 31856 31860 31864 31868 31872 31876 31880 31884 31888 31892 31896 31900 31904 31908 31912 31916 31920 31924 31928 31932 31936 31940 31944 31948 31952 31956 31960 31964 31968 31972 31976 31980 31984 31988 31992 31996 32000 32004 32008 32012 32016 32020 32024 32028 32032 32036 32040 32044 32048 32052 32056 32060 32064 32068 32072 32076 32080 32084 32088 32092 32096 32100 32104 32108 32112 32116 32120 32124 32128 32132 32136 32140 32144 32148 32152 32156 32160 32164 32168 32172 32176 32180 32184 32188 32192 32196 32200 32204 32208 32212 32216 32220 32224 32228 32232 32236 32240 32244 32248 32252 32256 32260 32264 32268 32272 32276 32280 32284 32288 32292 32296 32300 32304 32308 32312 32316 32320 32324 32328 32332 32336 32340 32344 32348 32352 32356 32360 32364 32368 32372 32376 32380 32384 32388 32392 32396 32400 32404 32408 32412 32416 32420 32424 32428 32432 32436 32440 32444 32448 32452 32456 32460 32464 32468 32472 32476 32480 32484 32488 32492 32496 32500 32504 32508 32512 32516 32520 32524 32528 32532 32536 32540 32544 32548 32552 32556 32560 32564 32568 32572 32576 32580 32584 32588 32592 32596 32600 32604 32608 32612 32616 32620 32624 32628 32632 32636 32640 32644 32648 32652 32656 32660 32664 32668 32672 32676 32680 32684 32688 32692 32696 32700 32704 32708 32712 32716 32720 32724 32728 32732 32736 32740 32744 32748 32752 32756 32760 32764 32768 32772 32776 32780 32784 32788 32792 32796 32800 32804 32808 32812 32816 32820 32824 32828 32832 32836 32840 32844 32848 32852 32856 32860 32864 32868 32872 32876 32880 32884 32888 32892 32896 32900 32904 32908 32912 32916 32920 32924 32928 32932 32936 32940 32944 32948 32952 32956 32960 32964 32968 32972 32976 32980 32984 32988 32992 32996 33000 33004 33008 33012 33016 33020 33024 33028 33032 33036 33040 33044 33048 33052 33056 33060 33064 33068 33072 33076 33080 33084 33088 33092 33096 33100 33104 33108 33112 33116 33120 33124 33128 33132 33136 33140 33144 33148 33152 33156 33160 33164 33168 33172 33176 33180 33184 33188 33192 33196 33200 33204 33208 33212 33216 33220 33224 33228 33232 33236 33240 33244 33248 33252 33256 33260 33264 33268 33272 33276 33280 33284 33288 33292 33296 33300 33304 33308 33312 33316 33320 33324 33328 33332 33336 33340 33344 33348 33352 33356 33360 33364 33368 33372 33376 33380 33384 33388 33392 33396 33400 33404 33408 33412 33416 33420 33424 33428 33432 33436 33440 33444 33448 33452 33456 33460 33464 33468 33472 33476 33480 33484 33488 33492 33496 33500 33504 33508 33512 33516 33520 33524 33528 33532 33536 33540 33544 33548 33552 33556 33560 33564 33568 33572 33576 33580 33584 33588 33592 33596 33600 33604 33608 33612 33616 33620 33624 33628 33632 33636 33640 33644 33648 33652 33656 33660 33664 33668 33672 33676 33680 33684 33688 33692 33696 33700 33704 33708 33712 33716 33720 33724 33728 33732 33736 33740 33744 33748 33752 33756 33760 33764 33768 33772 33776 33780 33784 33788 33792 33796 33800 33804 33808 33812 33816 33820 33824 33828 33832 33836 33840 33844 33848 33852 33856 33860 33864 33868 33872 33876 33880 33884 33888 33892 33896 33900 33904 33908 33912 33916 33920 33924 33928 33932 33936 33940 33944 33948 33952 33956 33960 33964 33968 33972 33976 33980 33984 33988 33992 33996 34000 34004 34008 34012 34016 34020 34024 34028 34032 34036 34040 34044 34048 34052 34056 34060 34064 34068 34072 34076 34080 34084 34088 34092 34096 34100 34104 34108 34112 34116 34120 34124 34128 34132 34136 34140 34144 34148 34152 34156 34160 34164 34168 34172 34176 34180 34184 34188 34192 34196 34200 34204 34208 34212 34216 34220 34224 34228 34232 34236 34240 34244 34248 34252 34256 34260 34264 34268 34272 34276 34280 34284 34288 34292 34296 34300 34304 34308 34312 34316 34320 34324 34328 34332 34336 34340 34344 34348 34352 34356 34360 34364 34368 34372 34376 34380 34384 34388 34392 34396 34400 34404 34408 34412 34416 34420 34424 34428 34432 34436 34440 34444 34448 34452 34456 34460 34464 34468 34472 34476 34480 34484 34488 34492 34496 34500 34504 34508 34512 34516 34520 34524 34528 34532 34536 34540 34544 34548 34552 34556 34560 34564 34568 34572 34576 34580 34584 34588 34592 34596 34600 34604 34608 34612 34616 34620 34624 34628 34632 34636 34640 34644 34648 34652 34656 34660 34664 34668 34672 34676 34680 34684 34688 34692 34696 34700 34704 34708 34712 34716 34720 34724 34728 34732 34736 34740 34744 34748 34752 34756 34760 34764 34768 34772 34776 34780 34784 34788 34792 34796 34800 34804 34808 34812 34816 34820 34824 34828 34832 34836 34840 34844 34848 34852 34856 34860 34864 34868 34872 34876 34880 34884 34888 34892 34896 34900 34904 34908 34912 34916 34920 34924 34928 34932 34936 34940 34944 34948 34952 34956 34960 34964 34968 34972 34976 34980 34984 34988 34992 34996 35000 35004 35008 35012 35016 35020 35024 35028 35032 35036 35040 35044 35048 35052 35056 35060 35064 35068 35072 35076 35080 35084 35088 35092 35096 35100 35104 35108 35112 35116 35120 35124 35128 35132 35136 35140 35144 35148 35152 35156 35160 35164 35168 35172 35176 35180 35184 35188 35192 35196 35200 35204 35208 35212 35216 35220 35224 35228 35232 35236 35240 35244 35248 35252 35256 35260 35264 35268 35272 35276 35280 35284 35288 35292 35296 35300 35304 35308 35312 35316 35320 35324 35328 35332 35336 35340 35344 35348 35352 35356 35360 35364 35368 35372 35376 35380 35384 35388 35392 35396 35400 35404 35408 35412 35416 35420 35424 35428 35432 35436 35440 35444 35448 35452 35456 35460 35464 35468 35472 35476 35480 35484 35488 35492 35496 35500 35504 35508 35512 35516 35520 35524 35528 35532 35536 35540 35544 35548 35552 35556 35560 35564 35568 35572 35576 35580 35584 35588 35592 35596 35600 35604 35608 35612 35616 35620 35624 35628 35632 35636 35640 35644 35648 35652 35656 35660 35664 35668 35672 35676 35680 35684 35688 35692 35696 35700 35704 35708 35712 35716 35720 35724 35728 35732 35736 35740 35744 35748 35752 35756 35760 35764 35768 35772 35776 35780 35784 35788 35792 35796 35800 35804 35808 35812 35816 35820 35824 35828 35832 35836 35840 35844 35848 35852 35856 35860 35864 35868 35872 35876 35880 35884 35888 35892 35896 35900 35904 35908 35912 35916 35920 35924 35928 35932 35936 35940 35944 35948 35952 35956 35960 35964 35968 35972 35976 35980 35984 35988 35992 35996 36000 36004 36008 36012 36016 36020 36024 36028 36032 36036 36040 36044 36048 36052 36056 36060 36064 36068 36072 36076 36080 36084 36088 36092 36096 36100 36104 36108 36112 36116 36120 36124 36128 36132 36136 36140 36144 36148 36152 36156 36160 36164 36168 36172 36176 36180 36184 36188 36192 36196 36200 36204 36208 36212 36216 36220 36224 36228 36232 36236 36240 36244 36248 36252 36256 36260 36264 36268 36272 36276 36280 36284 36288 36292 36296 36300 36304 36308 36312 36316 36320 36324 36328 36332 36336 36340 36344 36348 36352 36356 36360 36364 36368 36372 36376 36380 36384 36388 36392 36396 36400 36404 36408 36412 36416 36420 36424 36428 36432 36436 36440 36444 36448 36452 36456 36460 36464 36468 36472 36476 36480 36484 36488 36492 36496 36500 36504 36508 36512 36516 36520 36524 36528 36532 36536 36540 36544 36548 36552 36556 36560 36564 36568 36572 36576 36580 36584 36588 36592 36596 36600 36604 36608 36612 36616 36620 36624 36628 36632 36636 36640 36644 36648 36652 36656 36660 36664 36668 36672 36676 36680 36684 36688 36692 36696 36700 36704 36708 36712 36716 36720 36724 36728 36732 36736 36740 36744 36748 36752 36756 36760 36764 36768 36772 36776 36780 36784 36788 36792 36796 36800 36804 36808 36812 36816 36820 36824 36828 36832 36836 36840 36844 36848 36852 36856 36860 36864 36868 36872 36876 36880 36884 36888 36892 36896 36900 36904 36908 36912 36916 36920 36924 36928 36932 36936 36940 36944 36948 36952 36956 36960 36964 36968 36972 36976 36980 36984 36988 36992 36996 37000 37004 37008 37012 37016 37020 37024 37028 37032 37036 37040 37044 37048 37052 37056 37060 37064 37068 37072 37076 37080 37084 37088 37092 37096 37100 37104 37108 37112 37116 37120 37124 37128 37132 37136 37140 37144 37148 37152 37156 37160 37164 37168 37172 37176 37180 37184 37188 37192 37196 37200 37204 37208 37212 37216 37220 37224 37228 37232 37236 37240 37244 37248 37252 37256 37260 37264 37268 37272 37276 37280 37284 37288 37292 37296 37300 37304 37308 37312 37316 37320 37324 37328 37332 37336 37340 37344 37348 37352 37356 37360 37364 37368 37372 37376 37380 37384 37388 37392 37396 37400 37404 37408 37412 37416 37420 37424 37428 37432 37436 37440 37444 37448 37452 37456 37460 37464 37468 37472 37476 37480 37484 37488 37492 37496 37500 37504 37508 37512 37516 37520 37524 37528 37532 37536 37540 37544 37548 37552 37556 37560 37564 37568 37572 37576 37580 37584 37588 37592 37596 37600 37604 37608 37612 37616 37620 37624 37628 37632 37636 37640 37644 37648 37652 37656 37660 37664 37668 37672 37676 37680 37684 37688 37692 37696 37700 37704 37708 37712 37716 37720 37724 37728 37732 37736 37740 37744 37748 37752 37756 37760 37764 37768 37772 37776 37780 37784 37788 37792 37796 37800 37804 37808 37812 37816 37820 37824 37828 37832 37836 37840 37844 37848 37852 37856 37860 37864 37868 37872 37876 37880 37884 37888 37892 37896 37900 37904 37908 37912 37916 37920 37924 37928 37932 37936 37940 37944 37948 37952 37956 37960 37964 37968 37972 37976 37980 37984 37988 37992 37996 38000 38004 38008 38012 38016 38020 38024 38028 38032 38036 38040 38044 38048 38052 38056 38060 38064 38068 38072 38076 38080 38084 38088 38092 38096 38100 38104 38108 38112 38116 38120 38124 38128 38132 38136 38140 38144 38148 38152 38156 38160 38164 38168 38172 38176 38180 38184 38188 38192 38196 38200 38204 38208 38212 38216 38220 38224 38228 38232 38236 38240 38244 38248 38252 38256 38260 38264 38268 38272 38276 38280 38284 38288 38292 38296 38300 38304 38308 38312 38316 38320 38324 38328 38332 38336 38340 38344 38348 38352 38356 38360 38364 38368 38372 38376 38380 38384 38388 38392 38396 38400 38404 38408 38412 38416 38420 38424 38428 38432 38436 38440 38444 38448 38452 38456 38460 38464 38468 38472 38476 38480 38484 38488 38492 38496 38500 38504 38508 38512 38516 38520 38524 38528 38532 38536 38540 38544 38548 38552 38556 38560 38564 38568 38572 38576 38580 38584 38588 38592 38596 38600 38604 38608 38612 38616 38620 38624 38628 38632 38636 38640 38644 38648 38652 38656 38660 38664 38668 38672 38676 38680 38684 38688 38692 38696 38700 38704 38708 38712 38716 38720 38724 38728 38732 38736 38740 38744 38748 38752 38756 38760 38764 38768 38772 38776 38780 38784 38788 38792 38796 38800 38804 38808 38812 38816 38820 38824 38828 38832 38836 38840 38844 38848 38852 38856 38860 38864 38868 38872 38876 38880 38884 38888 38892 38896 38900 38904 38908 38912 38916 38920 38924 38928 38932 38936 38940 38944 38948 38952 38956 38960 38964 38968 38972 38976 38980 38984 38988 38992 38996 39000 39004 39008 39012 39016 39020 39024 39028 39032 39036 39040 39044 39048 39052 39056 39060 39064 39068 39072 39076 39080 39084 39088 39092 39096 39100 39104 39108 39112 39116 39120 39124 39128 39132 39136 39140 39144 39148 39152 39156 39160 39164 39168 39172 39176 39180 39184 39188 39192 39196 39200 39204 39208 39212 39216 39220 39224 39228 39232 39236 39240 39244 39248 39252 39256 39260 39264 39268 39272 39276 39280 39284 39288 39292 39296 39300 39304 39308 39312 39316 39320 39324 39328 39332 39336 39340 39344 39348 39352 39356 39360 39364 39368 39372 39376 39380 39384 39388 39392 39396 39400 39404 39408 39412 39416 39420 39424 39428 39432 39436 39440 39444 39448 39452 39456 39460 39464 39468 39472 39476 39480 39484 39488 39492 39496 39500 39504 39508 39512 39516 39520 39524 39528 39532 39536 39540 39544 39548 39552 39556 39560 39564 39568 39572 39576 39580 39584 39588 39592 39596 39600 39604 39608 39612 39616 39620 39624 39628 39632 39636 39640 39644 39648 39652 39656 39660 39664 39668 39672 39676 39680 39684 39688 39692 39696 39700 39704 39708 39712 39716 39720 39724 39728 39732 39736 39740 39744 39748 39752 39756 39760 39764 39768 39772 39776 39780 39784 39788 39792 39796 39800 39804 39808 39812 39816 39820 39824 39828 39832 39836 39840 39844 39848 39852 39856 39860 39864 39868 39872 39876 39880 39884 39888 39892 39896 39900 39904 39908 39912 39916 39920 39924 39928 39932 39936 39940 39944 39948 39952 39956 39960 39964 39968 39972 39976 39980 39984 39988 39992 39996 40000 40004 40008 40012 40016 40020 40024 40028 40032 40036 40040 40044 40048 40052 40056 40060 40064 40068 40072 40076 40080 40084 40088 40092 40096 40100 40104 40108 40112 40116 40120 40124 40128 40132 40136 40140 40144 40148 40152 40156 40160 40164 40168 40172 40176 40180 40184 40188 40192 40196 40200 40204 40208 40212 40216 40220 40224 40228 40232 40236 40240 40244 40248 40252 40256 40260 40264 40268 40272 40276 40280 40284 40288 40292 40296 40300 40304 40308 40312 40316 40320 40324 40328 40332 40336 40340 40344 40348 40352 40356 40360 40364 40368 40372 40376 40380 40384 40388 40392 40396 40400 40404 40408 40412 40416 40420 40424 40428 40432 40436 40440 40444 40448 40452 40456 40460 40464 40468 40472 40476 40480 40484 40488 40492 40496 40500 40504 40508 40512 40516 40520 40524 40528 40532 40536 40540 40544 40548 40552 40556 40560 40564 40568 40572 40576 40580 40584 40588 40592 40596 40600 40604 40608 40612 40616 40620 40624 40628 40632 40636 40640 40644 40648 40652 40656 40660 40664 40668 40672 40676 40680 40684 40688 40692 40696 40700 40704 40708 40712 40716 40720 40724 40728 40732 40736 40740 40744 40748 40752 40756 40760 40764 40768 40772 40776 40780 40784 40788 40792 40796 40800 40804 40808 40812 40816 40820 40824 40828 40832 40836 40840 40844 40848 40852 40856 40860 40864 40868 40872 40876 40880 40884 40888 40892 40896 40900 40904 40908 40912 40916 40920 40924 40928 40932 40936 40940 40944 40948 40952 40956 40960 40964 40968 40972 40976 40980 40984 40988 40992 40996 41000 41004 41008 41012 41016 41020 41024 41028 41032 41036 41040 41044 41048 41052 41056 41060 41064 41068 41072 41076 41080 41084 41088 41092 41096 41100 41104 41108 41112 41116 41120 41124 41128 41132 41136 41140 41144 41148 41152 41156 41160 41164 41168 41172 41176 41180 41184 41188 41192 41196 41200 41204 41208 41212 41216 41220 41224 41228 41232 41236 41240 41244 41248 41252 41256 41260 41264 41268 41272 41276 41280 41284 41288 41292 41296 41300 41304 41308 41312 41316 41320 41324 41328 41332 41336 41340 41344 41348 41352 41356 41360 41364 41368 41372 41376 41380 41384 41388 41392 41396 41400 41404 41408 41412 41416 41420 41424 41428 41432 41436 41440 41444 41448 41452 41456 41460 41464 41468 41472 41476 41480 41484 41488 41492 41496 41500 41504 41508 41512 41516 41520 41524 41528 41532 41536 41540 41544 41548 41552 41556 41560 41564 41568 41572 41576 41580 41584 41588 41592 41596 41600 41604 41608 41612 41616 41620 41624 41628 41632 41636 41640 41644 41648 41652 41656 41660 41664 41668 41672 41676 41680 41684 41688 41692 41696 41700 41704 41708 41712 41716 41720 41724 41728 41732 41736 41740 41744 41748 41752 41756 41760 41764 41768 41772 41776 41780 41784 41788 41792 41796 41800 41804 41808 41812 41816 41820 41824 41828 41832 41836 41840 41844 41848 41852 41856 41860 41864 41868 41872 41876 41880 41884 41888 41892 41896 41900 41904 41908 41912 41916 41920 41924 41928 41932 41936 41940 41944 41948 41952 41956 41960 41964 41968 41972 41976 41980 41984 41988 41992 41996 42000 42004 42008 42012 42016 42020 42024 42028 42032 42036 42040 42044 42048 42052 42056 42060 42064 42068 42072 42076 42080 42084 42088 42092 42096 42100 42104 42108 42112 42116 42120 42124 42128 42132 42136 42140 42144 42148 42152 42156 42160 42164 42168 42172 42176 42180 42184 42188 42192 42196 42200 42204 42208 42212 42216 42220 42224 42228 42232 42236 42240 42244 42248 42252 42256 42260 42264 42268 42272 42276 42280 42284 42288 42292 42296 42300 42304 42308 42312 42316 42320 42324 42328 42332 42336 42340 42344 42348 42352 42356 42360 42364 42368 42372 42376 42380 42384 42388 42392 42396 42400 42404 42408 42412 42416 42420 42424 42428 42432 42436 42440 42444 42448 42452 42456 42460 42464 42468 42472 42476 42480 42484 42488 42492 42496 42500 42504 42508 42512 42516 42520 42524 42528 42532 42536 42540 42544 42548 42552 42556 42560 42564 42568 42572 42576 42580 42584 42588 42592 42596 42600 42604 42608 42612 42616 42620 42624 42628 42632 42636 42640 42644 42648 42652 42656 42660 42664 42668 42672 42676 42680 42684 42688 42692 42696 42700 42704 42708 42712 42716 42720 42724 42728 42732 42736 42740 42744 42748 42752 42756 42760 42764 42768 42772 42776 42780 42784 42788 42792 42796 42800 42804 42808 42812 42816 42820 42824 42828 42832 42836 42840 42844 42848 42852 42856 42860 42864 42868 42872 42876 42880 42884 42888 42892 42896 42900 42904 42908 42912 42916 42920 42924 42928 42932 42936 42940 42944 42948 42952 42956 42960 42964 42968 42972 42976 42980 42984 42988 42992 42996 43000 43004 43008 43012 43016 43020 43024 43028 43032 43036 43040 43044 43048 43052 43056 43060 43064 43068 43072 43076 43080 43084 43088 43092 43096 43100 43104 43108 43112 43116 43120 43124 43128 43132 43136 43140 43144 43148 43152 43156 43160 43164 43168 43172 43176 43180 43184 43188 43192 43196 43200 43204 43208 43212 43216 43220 43224 43228 43232 43236 43240 43244 43248 43252 43256 43260 43264 43268 43272 43276 43280 43284 43288 43292 43296 43300 43304 43308 43312 43316 43320 43324 43328 43332 43336 43340 43344 43348 43352 43356 43360 43364 43368 43372 43376 43380 43384 43388 43392 43396 43400 43404 43408 43412 43416 43420 43424 43428 43432 43436 43440 43444 43448 43452 43456 43460 43464 43468 43472 43476 43480 43484 43488 43492 43496 43500 43504 43508 43512 43516 43520 43524 43528 43532 43536 43540 43544 43548 43552 43556 43560 43564 43568 43572 43576 43580 43584 43588 43592 43596 43600 43604 43608 43612 43616 43620 43624 43628 43632 43636 43640 43644 43648 43652 43656 43660 43664 43668 43672 43676 43680 43684 43688 43692 43696 43700 43704 43708 43712 43716 43720 43724 43728 43732 43736 43740 43744 43748 43752 43756 43760 43764 43768 43772 43776 43780 43784 43788 43792 43796 43800 43804 43808 43812 43816 43820 43824 43828 43832 43836 43840 43844 43848 43852 43856 43860 43864 43868 43872 43876 43880 43884 43888 43892 43896 43900 43904 43908 43912 43916 43920 43924 43928 43932 43936 43940 43944 43948 43952 43956 43960 43964 43968 43972 43976 43980 43984 43988 43992 43996 44000 44004 44008 44012 44016 44020 44024 44028 44032 44036 44040 44044 44048 44052 44056 44060 44064 44068 44072 44076 44080 44084 44088 44092 44096 44100 44104 44108 44112 44116 44120 44124 44128 44132 44136 44140 44144 44148 44152 44156 44160 44164 44168 44172 44176 44180 44184 44188 44192 44196 44200 44204 44208 44212 44216 44220 44224 44228 44232 44236 44240 44244 44248 44252 44256 44260 44264 44268 44272 44276 44280 44284 44288 44292 44296 44300 44304 44308 44312 44316 44320 44324 44328 44332 44336 44340 44344 44348 44352 44356 44360 44364 44368 44372 44376 44380 44384 44388 44392 44396 44400 44404 44408 44412 44416 44420 44424 44428 44432 44436 44440 44444 44448 44452 44456 44460 44464 44468 44472 44476 44480 44484 44488 44492 44496 44500 44504 44508 44512 44516 44520 44524 44528 44532 44536 44540 44544 44548 44552 44556 44560 44564 44568 44572 44576 44580 44584 44588 44592 44596 44600 44604 44608 44612 44616 44620 44624 44628 44632 44636 44640 44644 44648 44652 44656 44660 44664 44668 44672 44676 44680 44684 44688 44692 44696 44700 44704 44708 44712 44716 44720 44724 44728 44732 44736 44740 44744 44748 44752 44756 44760 44764 44768 44772 44776 44780 44784 44788 44792 44796 44800 44804 44808 44812 44816 44820 44824 44828 44832 44836 44840 44844 44848 44852 44856 44860 44864 44868 44872 44876 44880 44884 44888 44892 44896 44900 44904 44908 44912 44916 44920 44924 44928 44932 44936 44940 44944 44948 44952 44956 44960 44964 44968 44972 44976 44980 44984 44988 44992 44996 45000 45004 45008 45012 45016 45020 45024 45028 45032 45036 45040 45044 45048 45052 45056 45060 45064 45068 45072 45076 45080 45084 45088 45092 45096 45100 45104 45108 45112 45116 45120 45124 45128 45132 45136 45140 45144 45148 45152 45156 45160 45164 45168 45172 45176 45180 45184 45188 45192 45196 45200 45204 45208 45212 45216 45220 45224 45228 45232 45236 45240 45244 45248 45252 45256 45260 45264 45268 45272 45276 45280 45284 45288 45292 45296 45300 45304 45308 45312 45316 45320 45324 45328 45332 45336 45340 45344 45348 45352 45356 45360 45364 45368 45372 45376 45380 45384 45388 45392 45396 45400 45404 45408 45412 45416 45420 45424 45428 45432 45436 45440 45444 45448 45452 45456 45460 45464 45468 45472 45476 45480 45484 45488 45492 45496 45500 45504 45508 45512 45516 45520 45524 45528 45532 45536 45540 45544 45548 45552 45556 45560 45564 45568 45572 45576 45580 45584 45588 45592 45596 45600 45604 45608 45612 45616 45620 45624 45628 45632 45636 45640 45644 45648 45652 45656 45660 45664 45668 45672 45676 45680 45684 45688 45692 45696 45700 45704 45708 45712 45716 45720 45724 45728 45732 45736 45740 45744 45748 45752 45756 45760 45764 45768 45772 45776 45780 45784 45788 45792 45796 45800 45804 45808 45812 45816 45820 45824 45828 45832 45836 45840 45844 45848 45852 45856 45860 45864 45868 45872 45876 45880 45884 45888 45892 45896 45900 45904 45908 45912 45916 45920 45924 45928 45932 45936 45940 45944 45948 45952 45956 45960 45964 45968 45972 45976 45980 45984 45988 45992 45996 46000 46004 46008 46012 46016 46020 46024 46028 46032 46036 46040 46044 46048 46052 46056 46060 46064 46068 46072 46076 46080 46084 46088 46092 46096 46100 46104 46108 46112 46116 46120 46124 46128 46132 46136 46140 46144 46148 46152 46156 46160 46164 46168 46172 46176 46180 46184 46188 46192 46196 46200 46204 46208 46212 46216 46220 46224 46228 46232 46236 46240 46244 46248 46252 46256 46260 46264 46268 46272 46276 46280 46284 46288 46292 46296 46300 46304 46308 46312 46316 46320 46324 46328 46332 46336 46340 46344 46348 46352 46356 46360 46364 46368 46372 46376 46380 46384 46388 46392 46396 46400 46404 46408 46412 46416 46420 46424 46428 46432 46436 46440 46444 46448 46452 46456 46460 46464 46468 46472 46476 46480 46484 46488 46492 46496 46500 46504 46508 46512 46516 46520 46524 46528 46532 46536 46540 46544 46548 46552 46556 46560 46564 46568 46572 46576 46580 46584 46588 46592 46596 46600 46604 46608 46612 46616 46620 46624 46628 46632 46636 46640 46644 46648 46652 46656 46660 46664 46668 46672 46676 46680 46684 46688 46692 46696 46700 46704 46708 46712 46716 46720 46724 46728 46732 46736 46740 46744 46748 46752 46756 46760 46764 46768 46772 46776 46780 46784 46788 46792 46796 46800 46804 46808 46812 46816 46820 46824 46828 46832 46836 46840 46844 46848 46852 46856 46860 46864 46868 46872 46876 46880 46884 46888 46892 46896 46900 46904 46908 46912 46916 46920 46924 46928 46932 46936 46940 46944 46948 46952 46956 46960 46964 46968 46972 46976 46980 46984 46988 46992 46996 47000 47004 47008 47012 47016 47020 47024 47028 47032 47036 47040 47044 47048 47052 47056 47060 47064 47068 47072 47076 47080 47084 47088 47092 47096 47100 47104 47108 47112 47116 47120 47124 47128 47132 47136 47140 47144 47148 47152 47156 47160 47164 47168 47172 47176 47180 47184 47188 47192 47196 47200 47204 47208 47212 47216 47220 47224 47228 47232 47236 47240 47244 47248 47252 47256 47260 47264 47268 47272 47276 47280 47284 47288 47292 47296 47300 47304 47308 47312 47316 47320 47324 47328 47332 47336 47340 47344 47348 47352 47356 47360 47364 47368 47372 47376 47380 47384 47388 47392 47396 47400 47404 47408 47412 47416 47420 47424 47428 47432 47436 47440 47444 47448 47452 47456 47460 47464 47468 47472 47476 47480 47484 47488 47492 47496 47500 47504 47508 47512 47516 47520 47524 47528 47532 47536 47540 47544 47548 47552 47556 47560 47564 47568 47572 47576 47580 47584 47588 47592 47596 47600 47604 47608 47612 47616 47620 47624 47628 47632 47636 47640 47644 47648 47652 47656 47660 47664 47668 47672 47676 47680 47684 47688 47692 47696 47700 47704 47708 47712 47716 47720 47724 47728 47732 47736 47740 47744 47748 47752 47756 47760 47764 47768 47772 47776 47780 47784 47788 47792 47796 47800 47804 47808 47812 47816 47820 47824 47828 47832 47836 47840 47844 47848 47852 47856 47860 47864 47868 47872 47876 47880 47884 47888 47892 47896 47900 47904 47908 47912 47916 47920 47924 47928 47932 47936 47940 47944 47948 47952 47956 47960 47964 47968 47972 47976 47980 47984 47988 47992 47996 48000 48004 48008 48012 48016 48020 48024 48028 48032 48036 48040 48044 48048 48052 48056 48060 48064 48068 48072 48076 48080 48084 48088 48092 48096 48100 48104 48108 48112 48116 48120 48124 48128 48132 48136 48140 48144 48148 48152 48156 48160 48164 48168 48172 48176 48180 48184 48188 48192 48196 48200 48204 48208 48212 48216 48220 48224 48228 48232 48236 48240 48244 48248 48252 48256 48260 48264 48268 48272 48276 48280 48284 48288 48292 48296 48300 48304 48308 48312 48316 48320 48324 48328 48332 48336 48340 48344 48348 48352 48356 48360 48364 48368 48372 48376 48380 48384 48388 48392 48396 48400 48404 48408 48412 48416 48420 48424 48428 48432 48436 48440 48444 48448 48452 48456 48460 48464 48468 48472 48476 48480 48484 48488 48492 48496 48500 48504 48508 48512 48516 48520 48524 48528 48532 48536 48540 48544 48548 48552 48556 48560 48564 48568 48572 48576 48580 48584 48588 48592 48596 48600 48604 48608 48612 48616 48620 48624 48628 48632 48636 48640 48644 48648 48652 48656 48660 48664 48668 48672 48676 48680 48684 48688 48692 48696 48700 48704 48708 48712 48716 48720 48724 48728 48732 48736 48740 48744 48748 48752 48756 48760 48764 48768 48772 48776 48780 48784 48788 48792 48796 48800 48804 48808 48812 48816 48820 48824 48828 48832 48836 48840 48844 48848 48852 48856 48860 48864 48868 48872 48876 48880 48884 48888 48892 48896 48900 48904 48908 48912 48916 48920 48924 48928 48932 48936 48940 48944 48948 48952 48956 48960 48964 48968 48972 48976 48980 48984 48988 48992 48996 49000 49004 49008 49012 49016 49020 49024 49028 49032 49036 49040 49044 49048 49052 49056 49060 49064 49068 49072 49076 49080 49084 49088 49092 49096 49100 49104 49108 49112 49116 49120 49124 49128 49132 49136 49140 49144 49148 49152 49156 49160 49164 49168 49172 49176 49180 49184 49188 49192 49196 49200 49204 49208 49212 49216 49220 49224 49228 49232 49236 49240 49244 49248 49252 49256 49260 49264 49268 49272 49276 49280 49284 49288 49292 49296 49300 49304 49308 49312 49316 49320 49324 49328 49332 49336 49340 49344 49348 49352 49356 49360 49364 49368 49372 49376 49380 49384 49388 49392 49396 49400 49404 49408 49412 49416 49420 49424 49428 49432 49436 49440 49444 49448 49452 49456 49460 49464 49468 49472 49476 49480 49484 49488 49492 49496 49500 49504 49508 49512 49516 49520 49524 49528 49532 49536 49540 49544 49548 49552 49556 49560 49564 49568 49572 49576 49580 49584 49588 49592 49596 49600 49604 49608 49612 49616 49620 49624 49628 49632 49636 49640 49644 49648 49652 49656 49660 49664 49668 49672 49676 49680 49684 49688 49692 49696 49700 49704 49708 49712 49716 49720 49724 49728 49732 49736 49740 49744 49748 49752 49756 49760 49764 49768 49772 49776 49780 49784 49788 49792 49796 49800 49804 49808 49812 49816 49820 49824 49828 49832 49836 49840 49844 49848 49852 49856 49860 49864 49868 49872 49876 49880 49884 49888 49892 49896 49900 49904 49908 49912 49916 49920 49924 49928 49932 49936 49940 49944 49948 49952 49956 49960 49964 49968 49972 49976 49980 49984 49988 49992 49996 50000 50004 50008 50012 50016 50020 50024 50028 50032 50036 50040 50044 50048 50052 50056 50060 50064 50068 50072 50076 50080 50084 50088 50092 50096 50100 50104 50108 50112 50116 50120 50124 50128 50132 50136 50140 50144 50148 50152 50156 50160 50164 50168 50172 50176 50180 50184 50188 50192 50196 50200 50204 50208 50212 50216 50220 50224 50228 50232 50236 50240 50244 50248 50252 50256 50260 50264 50268 50272 50276 50280 50284 50288 50292 50296 50300 50304 50308 50312 50316 50320 50324 50328 50332 50336 50340 50344 50348 50352 50356 50360 50364 50368 50372 50376 50380 50384 50388 50392 50396 50400 50404 50408 50412 50416 50420 50424 50428 50432 50436 50440 50444 50448 50452 50456 50460 50464 50468 50472 50476 50480 50484 50488 50492 50496 50500 50504 50508 50512 50516 50520 50524 50528 50532 50536 50540 50544 50548 50552 50556 50560 50564 50568 50572 50576 50580 50584 50588 50592 50596 50600 50604 50608 50612 50616 50620 50624 50628 50632 50636 50640 50644 50648 50652 50656 50660 50664 50668 50672 50676 50680 50684 50688 50692 50696 50700 50704 50708 50712 50716 50720 50724 50728 50732 50736 50740 50744 50748 50752 50756 50760 50764 50768 50772 50776 50780 50784 50788 50792 50796 50800 50804 50808 50812 50816 50820 50824 50828 50832 50836 50840 50844 50848 50852 50856 50860 50864 50868 50872 50876 50880 50884 50888 50892 50896 50900 50904 50908 50912 50916 50920 50924 50928 50932 50936 50940 50944 50948 50952 50956 50960 50964 50968 50972 50976 50980 50984 50988 50992 50996 51000 51004 51008 51012 51016 51020 51024 51028 51032 51036 51040 51044 51048 51052 51056 51060 51064 51068 51072 51076 51080 51084 51088 51092 51096 51100 51104 51108 51112 51116 51120 51124 51128 51132 51136 51140 51144 51148 51152 51156 51160 51164 51168 51172 51176 51180 51184 51188 51192 51196 51200 51204 51208 51212 51216 51220 51224 51228 51232 51236 51240 51244 51248 51252 51256 51260 51264 51268 51272 51276 51280 51284 51288 51292 51296 51300 51304 51308 51312 51316 51320 51324 51328 51332 51336 51340 51344 51348 51352 51356 51360 51364 51368 51372 51376 51380 51384 51388 51392 51396 51400 51404 51408 51412 51416 51420 51424 51428 51432 51436 51440 51444 51448 51452 51456 51460 51464 51468 51472 51476 51480 51484 51488 51492 51496 51500 51504 51508 51512 51516 51520 51524 51528 51532 51536 51540 51544 51548 51552 51556 51560 51564 51568 51572 51576 51580 51584 51588 51592 51596 51600 51604 51608 51612 51616 51620 51624 51628 51632 51636 51640 51644 51648 51652 51656 51660 51664 51668 51672 51676 51680 51684 51688 51692 51696 51700 51704 51708 51712 51716 51720 51724 51728 51732 51736 51740 51744 51748 51752 51756 51760 51764 51768 51772 51776 51780 51784 51788 51792 51796 51800 51804 51808 51811 51814 51817 51820 51823 51826 51829 51832 51835 51838 51841 51844 51847 51850 51853 51856 51859 51862 51865 51868 51871 51874 51877 51880 51883 51886 51889 51892 51895 51898 51901 51904 51907 51910 51913 51916 51919 51922 51925 51928 51931 51934 51937 51940 51943 51946 51949 51952 51955 51958 51961 51964 51967 51970 51973 51976 51979 51982 51985 51988 51991 51994 51997 52000 52003 52006 52009 52012 52015 52018 52021 52024 52027 52030 52033 52036 52039 52042 52045 52048 52051 52054 52057 52060 52063 52066 52069 52072 52075 52078 52081 52084 52087 52090 52093 52096 52099 52102 52105 52108 52111 52114 52117 52120 52123 52126 52129 52132 52135 52138 52141 52144 52147 52150 52153 52156 52159 52162 52165 52168 52171 52174 52177 52180 52183 52186 52189 52192 52195 52198 52201 52204 52207 52210 52213 52216 52219 52222 52225 52228 52231 52234 52237 52240 52243 52246 52249 52252 52255 52258 52261 52264 52267 52270 52273 52276 52279 52282 52285 52288 52291 52294 52297 52300 52303 52306 52309 52312 52315 52318 52321 52324 52327 52330 52333 52336 52339 52342 52345 52348 52351 52354 52357 52360 52363 52366 52369 52372 52375 52378 52381 52384 52387 52390 52393 52396 52399 52402 52405 52408 52411 52414 52417 52420 52423 52426 52429 52432 52435 52438 52441 52444 52447 52450 52453 52456 52459 52462 52465 52468 52471 52474 52477 52480 52483 52486 52489 52492 52495 52498 52501 52504 52507 52510 52513 52516 52519 52522 52525 52528 52531 52534 52537 52540 52543 52546 52549 52552 52555 52558 52561 52564 52567 52570 52573 52576 52579 52582 52585 52588 52591 52594 52597 52600 52603 52606 52609 52612 52615 52618 52621 52624 52627 52630 52633 52636 52639 52642 52645 52648 52651 52654 52657 52660 52663 52666 52669 52672 52675 52678 52681 52684 52687 52690 52693 52696 52699 52702 52705 52708 52711 52714 52717 52720 52723 52726 52729 52732 52735 52738 52741 52744 52747 52750 52753 52756 52759 52762 52765 52768 52771 52774 52777 52780 52783 52786 52789 52792 52795 52798 52801 52804 52807 52810 52813 52816 52819 52822 52825 52828 52831 52834 52837 52840 52843 52846 52849 52852 52855 52858 52861 52864 52867 52870 52873 52876 52879 52882 52885 52888 52891 52894 52897 52900 52903 52906 52909 52912 52915 52918 52921 52924 52927 52930 52933 52936 52939 52942 52945 52948 52951 52954 52957 52960 52963 52966 52969 52972 52975 52978 52981 52984 52987 52990 52993 52996 52999 53002 53005 53008 53011 53014 53017 53020 53023 53026 53029 53032 53035 53038 53041 53044 53047 53050 53053 53056 53059 53062 53065 53068 53071 53074 53077 53080 53083 53086 53089 53092 53095 53098 53101 53104 53107 53110 53113 53116 53119 53122 53125 53128 53131 53134 53137 53140 53143 53146 53149 53152 53155 53158 53161 53164 53167 53170 53173 53176 53179 53182 53185 53188 53191 53194 53197 53200 53203 53206 53209 53212 53215 53218 53221 53224 53227 53230 53233 53236 53239 53242 53245 53248 53251 53254 53257 53260 53263 53266 53269 53272 53275 53278 53281 53284 53287 53290 53293 53296 53299 53302 53305 53308 53311 53314 53317 53320 53323 53326 53329 53332 53335 53338 53341 53344 53347 53350 53353 53356 53359 53362 53365 53368 53371 53374 53377 53380 53383 53386 53389 53392 53395 53398 53401 53404 53407 53410 53413 53416 53419 53422 53425 53428 53431 53434 53437 53440 53443 53446 53449 53452 53455 53458 53461 53464 53467 53470 53473 53476 53479 53482 53485 53488 53491 53494 53497 53500 53503 53506 53509 53512 53515 53518 53521 53524 53527 53530 53533 53536 53539 53542 53545 53548 53551 53554 53557 53560 53563 53566 53569 53572 53575 53578 53581 53584 53587 53590 53593 53596 53599 53602 53605 53608 53611 53614 53617 53620 53623 53626 53629 53632 53635 53638 53641 53644 53647 53650 53653 53656 53659 53662 53665 53668 53671 53674 53677 53680 53683 53686 53689 53692 53695 53698 53701 53704 53707 53710 53713 53716 53719 53722 53725 53728 53731 53734 53737 53740 53743 53746 53749 53752 53755 53758 53761 53764 53767 53770 53773 53776 53779 53782 53785 53788 53791 53794 53797 53800 53803 53806 53809 53812 53815 53818 53821 53824 53827 53830 53833 53836 53839 53842 53845 53848 53851 53854 53857 53860 53863 53866 53869 53872 53875 53878 53881 53884 53887 53890 53893 53896 53899 53902 53905 53908 53911 53914 53917 53920 53923 53926 53929 53932 53935 53938 53941 53944 53947 53950 53953 53956 53959 53962 53965 53968 53971 53974 53977 53980 53983 53986 53989 53992 53995 53998 54001 54004 54007 54010 54013 54016 54019 54022 54025 54028 54031 54034 54037 54040 54043 54046 54049 54052 54055 54058 54061 54064 54067 54070 54073 54076 54079 54082 54085 54088 54091 54094 54097 54100 54103 54106 54109 54112 54115 54118 54121 54124 54127 54130 54133 54136 54139 54142 54145 54148 54151 54154 54157 54160 54163 54166 54169 54172 54175 54178 54181 54184 54187 54190 54193 54196 54199 54202 54205 54208 54211 54214 54217 54220 54223 54226 54229 54232 54235 54238 54241 54244 54247 54250 54253 54256 54259 54262 54265 54268 54271 54274 54277 54280 54283 54286 54289 54292 54295 54298 54301 54304 54307 54310 54313 54316 54319 54322 54325 54328 54331 54334 54337 54340 54343 54346 54349 54352 54355 54358 54361 54364 54367 54370 54373 54376 54379 54382 54385 54388 54391 54394 54397 54400 54403 54406 54409 54412 54415 54418 54421 54424 54427 54430 54433 54436 54439 54442 54445 54448 54451 54454 54457 54460 54463 54466 54469 54472 54475 54478 54481 54484 54487 54490 54493 54496 54499 54502 54505 54508 54511 54514 54517 54520 54523 54526 54529 54532 54535 54538 54541 54544 54547 54550 54553 54556 54559 54562 54565 54568 54571 54574 54577 54580 54583 54586 54589 54592 54595 54598 54601 54604 54607 54610 54613 54616 54619 54622 54625 54628 54631 54634 54637 54640 54643 54646 54649 54652 54655 54658 54661 54664 54667 54670 54673 54676 54679 54682 54685 54688 54691 54694 54697 54700 54703 54706 54709 54712 54715 54718 54721 54724 54727 54730 54733 54736 54739 54742 54745 54748 54751 54754 54757 54760 54763 54766 54769 54772 54775 54778 54781 54784 54787 54790 54793 54796 54799 54802 54805 54808 54811 54814 54817 54820 54823 54826 54829 54832 54835 54838 54841 54844 54847 54850 54853 54856 54859 54862 54865 54868 54871 54874 54877 54880 54883 54886 54889 54892 54895 54898 54901 54904 54907 54910 54913 54916 54919 54922 54925 54928 54931 54934 54937 54940 54943 54946 54949 54952 54955 54958 54961 54964 54967 54970 54973 54976 54979 54982 54985 54988 54991 54994 54997 55000 55003 55006 55009 55012 55015 55018 55021 55024 55027 55030 55033 55036 55039 55042 55045 55048 55051 55054 55057 55060 55063 55066 55069 55072 55075 55078 55081 55084 55087 55090 55093 55096 55099 55102 55105 55108 55111 55114 55117 55120 55123 55126 55129 55132 55135 55138 55141 55144 55147 55150 55153 55156 55159 55162 55165 55168 55171 55174 55177 55180 55183 55186 55189 55192 55195 55198 55201 55204 55207 55210 55213 55216 55219 55222 55225 55228 55231 55234 55237 55240 55243 55246 55249 55252 55255 55258 55261 55264 55267 55270 55273 55276 55279 55282 55285 55288 55291 55294 55297 55300 55303 55306 55309 55312 55315 55318 55321 55324 55327 55330 55333 55336 55339 55342 55345 55348 55351 55354 55357 55360 55363 55366 55369 55372 55375 55378 55381 55384 55387 55390 55393 55396 55399 55402 55405 55408 55411 55414 55417 55420 55423 55426 55429 55432 55435 55438 55441 55444 55447 55450 55453 55456 55459 55462 55465 55468 55471 55474 55477 55480 55483 55486 55489 55492 55495 55498 55501 55504 55507 55510 55513 55516 55519 55522 55525 55528 55531 55534 55537 55540 55543 55546 55549 55552 55555 55558 55561 55564 55567 55570 55573 55576 55579 55582 55585 55588 55591 55594 55597 55600 55603 55606 55609 55612 55615 55618 55621 55624 55627 55630 55633 55636 55639 55642 55645 55648 55651 55654 55657 55660 55663 55666 55669 55672 55675 55678 55681 55684 55687 55690 55693 55696 55699 55702 55705 55708 55711 55714 55717 55720 55723 55726 55729 55732 55735 55738 55741 55744 55747 55750 55753 55756 55759 55762 55765 55768 55771 55774 55777 55780 55783 55786 55789 55792 55795 55798 55801 55804 55807 55810 55813 55816 55819 55822 55825 55828 55831 55834 55837 55840 55843 55846 55849 55852 55855 55858 55861 55864 55867 55870 55873 55876 55879 55882 55885 55888 55891 55894 55897 55900 55903 55906 55909 55912 55915 55918 55921 55924 55927 55930 55933 55936 55939 55942 55945 55948 55951 55954 55957 55960 55963 55966 55969 55972 55975 55978 55981 55984 55987 55990 55993 55996 55999 56002 56005 56008 56011 56014 56017 56020 56023 56026 56029 56032 56035 56038 56041 56044 56047 56050 56053 56056 56059 56062 56065 56068 56071 56074 56077 56080 56083 56086 56089 56092 56095 56098 56101 56104 56107 56110 56113 56116 56119 56122 56125 56128 56131 56134 56137 56140 56143 56146 56149 56152 56155 56158 56161 56164 56167 56170 56173 56176 56179 56182 56185 56188 56191 56194 56197 56200 56203 56206 56209 56212 56215 56218 56221 56224 56227 56230 56233 56236 56239 56242 56245 56248 56251 56254 56257 56260 56263 56266 56269 56272 56275 56278 56281 56284 56287 56290 56293 56296 56299 56302 56305 56308 56311 56314 56317 56320 56323 56326 56329 56332 56335 56338 56341 56344 56347 56350 56353 56356 56359 56362 56365 56368 56371 56374 56377 56380 56383 56386 56389 56392 56395 56398 56401 56404 56407 56410 56413 56416 56419 56422 56425 56428 56431 56434 56437 56440 56443 56446 56449 56452 56455 56458 56461 56464 56467 56470 56473 56476 56479 56482 56485 56488 56491 56494 56497 56500 56503 56506 56509 56512 56515 56518 56521 56524 56527 56530 56533 56536 56539 56542 56545 56548 56551 56554 56557 56560 56563 56566 56569 56572 56575 56578 56581 56584 56587 56590 56593 56596 56599 56602 56605 56608 56611 56614 56617 56620 56623 56626 56629 56632 56635 56638 56641 56644 56647 56650 56653 56656 56659 56662 56665 56668 56671 56674 56677 56680 56683 56686 56689 56692 56695 56698 56701 56704 56707 56710 56713 56716 56719 56722 56725 56728 56731 56734 56737 56740 56743 56746 56749 56752 56755 56758 56761 56764 56767 56770 56773 56776 56779 56782 56785 56788 56791 56794 56797 56800 56803 56806 56809 56812 56815 56818 56821 56824 56827 56830 56833 56836 56839 56842 56845 56848 56851 56854 56857 56860 56863 56866 56869 56872 56875 56878 56881 56884 56887 56890 56893 56896 56899 56902 56905 56908 56911 56914 56917 56920 56923 56926 56929 56932 56935 56938 56941 56944 56947 56950 56953 56956 56959 56962 56965 56968 56971 56974 56977 56980 56983 56986 56989 56992 56995 56998 57001 57004 57007 57010 57013 57016 57019 57022 57025 57028 57031 57034 57037 57040 57043 57046 57049 57052 57055 57058 57061 57064 57067 57070 57073 57076 57079 57082 57085 57088 57091 57094 57097 57100 57103 57106 57109 57112 57115 57118 57121 57124 57127 57130 57133 57136 57139 57142 57145 57148 57151 57154 57157 57160 57163 57166 57169 57172 57175 57178 57181 57184 57187 57190 57193 57196 57199 57202 57205 57208 57211 57214 57217 57220 57223 57226 57229 57232 57235 57238 57241 57244 57247 57250 57253 57256 57259 57262 57265 57268 57271 57274 57277 57280 57283 57286 57289 57292 57295 57298 57301 57304 57307 57310 57313 57316 57319 57322 57325 57328 57331 57334 57337 57340 57343 57346 57349 57352 57355 57358 57361 57364 57367 57370 57373 57376 57379 57382 57385 57388 57391 57394 57397 57400 57403 57406 57409 57412 57415 57418 57421 57424 57427 57430 57433 57436 57439 57442 57445 57448 57451 57454 57457 57460 57463 57466 57469 57472 57475 57478 57481 57484 57487 57490 57493 57496 57499 57502 57505 57508 57511 57514 57517 57520 57523 57526 57529 57532 57535 57538 57541 57544 57547 57550 57553 57556 57559 57562 57565 57568 57571 57574 57577 57580 57583 57586 57589 57592 57595 57598 57601 57604 57607 57610 57613 57616 57619 57622 57625 57628 57631 57634 57637 57640 57643 57646 57649 57652 57655 57658 57661 57664 57667 57670 57673 57676 57679 57682 57685 57688 57691 57694 57697 57700 57703 57706 57709 57712 57715 57718 57721 57724 57727 57730 57733 57736 57739 57742 57745 57748 57751 57754 57757 57760 57763 57766 57769 57772 57775 57778 57781 57784 57787 57790 57793 57796 57799 57802 57805 57808 57811 57814 57817 57820 57823 57826 57829 57832 57835 57838 57841 57844 57847 57850 57853 57856 57859 57862 57865 57868 57871 57874 57877 57880 57883 57886 57889 57892 57895 57898 57901 57904 57907 57910 57913 57916 57919 57922 57925 57928 57931 57934 57937 57940 57943 57946 57949 57952 57955 57958 57961 57964 57967 57970 57973 57976 57979 57982 57985 57988 57991 57994 57997 58000 58003 58006 58009 58012 58015 58018 58021 58024 58027 58030 58033 58036 58039 58042 58045 58048 58051 58054 58057 58060 58063 58066 58069 58072 58075 58078 58081 58084 58087 58090 58093 58096 58099 58102 58105 58108 58111 58114 58117 58120 58123 58126 58129 58132 58135 58138 58141 58144 58147 58150 58153 58156 58159 58162 58165 58168 58171 58174 58177 58180 58183 58186 58189 58192 58195 58198 58201 58204 58207 58210 58213 58216 58219 58222 58225 58228 58231 58234 58237 58240 58243 58246 58249 58252 58255 58258 58261 58264 58267 58270 58273 58276 58279 58282 58285 58288 58291 58294 58297 58300 58303 58306 58309 58312 58315 58318 58321 58324 58327 58330 58333 58336 58339 58342 58345 58348 58351 58354 58357 58360 58363 58366 58369 58372 58375 58378 58381 58384 58387 58390 58393 58396 58399 58402 58405 58408 58411 58414 58417 58420 58423 58426 58429 58432 58435 58438 58441 58444 58447 58450 58453 58456 58459 58462 58465 58468 58471 58474 58477 58480 58483 58486 58489 58492 58495 58498 58501 58504 58507 58510 58513 58516 58519 58522 58525 58528 58531 58534 58537 58540 58543 58546 58549 58552 58555 58558 58561 58564 58567 58570 58573 58576 58579 58582 58585 58588 58591 58594 58597 58600 58603 58606 58609 58612 58615 58618 58621 58624 58627 58630 58633 58636 58639 58642 58645 58648 58651 58654 58657 58660 58663 58666 58669 58672 58675 58678 58681 58684 58687 58690 58693 58696 58699 58702 58705 58708 58711 58714 58717 58720 58723 58726 58729 58732 58735 58738 58741 58744 58747 58750 58753 58756 58759 58762 58765 58768 58771 58774 58777 58780 58783 58786 58789 58792 58795 58798 58801 58804 58807 58810 58813 58816 58819 58822 58825 58828 58831 58834 58837 58840 58843 58846 58849 58852 58855 58858 58861 58864 58867 58870 58873 58876 58879 58882 58885 58888 58891 58894 58897 58900 58903 58906 58909 58912 58915 58918 58921 58924 58927 58930 58933 58936 58939 58942 58945 58948 58951 58954 58957 58960 58963 58966 58969 58972 58975 58978 58981 58984 58987 58990 58993 58996 58999 59002 59005 59008 59011 59014 59017 59020 59023 59026 59029 59032 59035 59038 59041 59044 59047 59050 59053 59056 59059 59062 59065 59068 59071 59074 59077 59080 59083 59086 59089 59092 59095 59098 59101 59104 59107 59110 59113 59116 59119 59122 59125 59128 59131 59134 59137 59140 59143 59146 59149 59152 59155 59158 59161 59164 59167 59170 59173 59176 59179 59182 59185 59188 59191 59194 59197 59200 59203 59206 59209 59212 59215 59218 59221 59224 59227 59230 59233 59236 59239 59242 59245 59248 59251 59254 59257 59260 59263 59266 59269 59272 59275 59278 59281 59284 59287 59290 59293 59296 59299 59302 59305 59308 59311 59314 59317 59320 59323 59326 59329 59332 59335 59338 59341 59344 59347 59350 59353 59356 59359 59362 59365 59368 59371 59374 59377 59380 59383 59386 59389 59392 59395 59398 59401 59404 59407 59410 59413 59416 59419 59422 59425 59428 59431 59434 59437 59440 59443 59446 59449 59452 59455 59458 59461 59464 59467 59470 59473 59476 59479 59482 59485 59488 59491 59494 59497 59500 59503 59506 59509 59512 59515 59518 59521 59524 59527 59530 59533 59536 59539 59542 59545 59548 59551 59554 59557 59560 59563 59566 59569 59572 59575 59578 59581 59584 59587 59590 59593 59596 59599 59602 59605 59608 59611 59614
        </DataArray>
        <DataArray type="UInt8" Name="types" format="ascii">
          10 10 10 10 10 10 10 10 10 10 10 10 10 10 10 10 10 10 10 10 10 10 10 10 10 10 10 10 10 10 10 10 10 10 10 10 10 10 10 10 10 10 10 10 10 10 10 10 10 10 10 10 10 10 10 10 10 10 10 10 10 10 10 10 10 10 10 10 10 10 10 10 10 10 10 10 10 10 10 10 10 10 10 10 10 10 10 10 10 10 10 10 10 10 10 10 10 10 10 10 10 10 10 10 10 10 10 10 10 10 10 10 10 10 10 10 10 10 10 10 10 10 10 10 10 10 10 10 10 10 10 10 10 10 10 10 10 10 10 10 10 10 10 10 10 10 10 10 10 10 10 10 10 10 10 10 10 10 10 10 10 10 10 10 10 10 10 10 10 10 10 10 10 10 10 10 10 10 10 10 10 10 10 10 10 10 10 10 10 10 10 10 10 10 10 10 10 10 10 10 10 10 10 10 10 10 10 10 10 10 10 10 10 10 10 10 10 10 10 10 10 10 10 10 10 10 10 10 10 10 10 10 10 10 10 10 10 10 10 10 10 10 10 10 10 10 10 10 10 10 10 10 10 10 10 10 10 10 10 10 10 10 10 10 10 10 10 10 10 10 10 10 10 10 10 10 10 10 10 10 10 10 10 10 10 10 10 10 10 10 10 10 10 10 10 10 10 10 10 10 10 10 10 10 10 10 10 10 10 10 10 10 10 10 10 10 10 10 10 10 10 10 10 10 10 10 10 10 10 10 10 10 10 10 10 10 10 10 10 10 10 10 10 10 10 10 10 10 10 10 10 10 10 10 10 10 10 10 10 10 10 10 10 10 10 10 10 10 10 10 10 10 10 10 10 10 10 10 10 10 10 10 10 10 10 10 10 10 10 10 10 10 10 10 10 10 10 10 10 10 10 10 10 10 10 10 10 10 10 10 10 10 10 10 10 10 10 10 10 10 10 10 10 10 10 10 10 10 10 10 10 10 10 10 10 10 10 10 10 10 10 10 10 10 10 10 10 10 10 10 10 10 10 10 10 10 10 10 10 10 10 10 10 10 10 10 10 10 10 10 10 10 10 10 10 10 10 10 10 10 10 10 10 10 10 10 10 10 10 10 10 10 10 10 10 10 10 10 10 10 10 10 10 10 10 10 10 10 10 10 10 10 10 10 10 10 10 10 10 10 10 10 10 10 10 10 10 10 10 10 10 10 10 10 10 10 10 10 10 10 10 10 10 10 10 10 10 10 10 10 10 10 10 10 10 10 10 10 10 10 10 10 10 10 10 10 10 10 10 10 10 10 10 10 10 10 10 10 10 10 10 10 10 10 10 10 10 10 10 10 10 10 10 10 10 10 10 10 10 10 10 10 10 10 10 10 10 10 10 10 10 10 10 10 10 10 10 10 10 10 10 10 10 10 10 10 10 10 10 10 10 10 10 10 10 10 10 10 10 10 10 10 10 10 10 10 10 10 10 10 10 10 10 10 10 10 10 10 10 10 10 10 10 10 10 10 10 10 10 10 10 10 10 10 10 10 10 10 10 10 10 10 10 10 10 10 10 10 10 10 10 10 10 10 10 10 10 10 10 10 10 10 10 10 10 10 10 10 10 10 10 10 10 10 10 10 10 10 10 10 10 10 10 10 10 10 10 10 10 10 10 10 10 10 10 10 10 10 10 10 10 10 10 10 10 10 10 10 10 10 10 10 10 10 10 10 10 10 10 10 10 10 10 10 10 10 10 10 10 10 10 10 10 10 10 10 10 10 10 10 10 10 10 10 10 10 10 10 10 10 10 10 10 10 10 10 10 10 10 10 10 10 10 10 10 10 10 10 10 10 10 10 10 10 10 10 10 10 10 10 10 10 10 10 10 10 10 10 10 10 10 10 10 10 10 10 10 10 10 10 10 10 10 10 10 10 10 10 10 10 10 10 10 10 10 10 10 10 10 10 10 10 10 10 10 10 10 10 10 10 10 10 10 10 10 10 10 10 10 10 10 10 10 10 10 10 10 10 10 10 10 10 10 10 10 10 10 10 10 10 10 10 10 10 10 10 10 10 10 10 10 10 10 10 10 10 10 10 10 10 10 10 10 10 10 10 10 10 10 10 10 10 10 10 10 10 10 10 10 10 10 10 10 10 10 10 10 10 10 10 10 10 10 10 10 10 10 10 10 10 10 10 10 10 10 10 10 10 10 10 10 10 10 10 10 10 10 10 10 10 10 10 10 10 10 10 10 10 10 10 10 10 10 10 10 10 10 10 10 10 10 10 10 10 10 10 10 10 10 10 10 10 10 10 10 10 10 10 10 10 10 10 10 10 10 10 10 10 10 10 10 10 10 10 10 10 10 10 10 10 10 10 10 10 10 10 10 10 10 10 10 10 10 10 10 10 10 10 10 10 10 10 10 10 10 10 10 10 10 10 10 10 10 10 10 10 10 10 10 10 10 10 10 10 10 10 10 10 10 10 10 10 10 10 10 10 10 10 10 10 10 10 10 10 10 10 10 10 10 10 10 10 10 10 10 10 10 10 10 10 10 10 10 10 10 10 10 10 10 10 10 10 10 10 10 10 10 10 10 10 10 10 10 10 10 10 10 10 10 10 10 10 10 10 10 10 10 10 10 10 10 10 10 10 10 10 10 10 10 10 10 10 10 10 10 10 10 10 10 10 10 10 10 10 10 10 10 10 10 10 10 10 10 10 10 10 10 10 10 10 10 10 10 10 10 10 10 10 10 10 10 10 10 10 10 10 10 10 10 10 10 10 10 10 10 10 10 10 10 10 10 10 10 10 10 10 10 10 10 10 10 10 10 10 10 10 10 10 10 10 10 10 10 10 10 10 10 10 10 10 10 10 10 10 10 10 10 10 10 10 10 10 10 10 10 10 10 10 10 10 10 10 10 10 10 10 10 10 10 10 10 10 10 10 10 10 10 10 10 10 10 10 10 10 10 10 10 10 10 10 10 10 10 10 10 10 10 10 10 10 10 10 10 10 10 10 10 10 10 10 10 10 10 10 10 10 10 10 10 10 10 10 10 10 10 10 10 10 10 10 10 10 10 10 10 10 10 10 10 10 10 10 10 10 10 10 10 10 10 10 10 10 10 10 10 10 10 10 10 10 10 10 10 10 10 10 10 10 10 10 10 10 10 10 10 10 10 10 10 10 10 10 10 10 10 10 10 10 10 10 10 10 10 10 10 10 10 10 10 10 10 10 10 10 10 10 10 10 10 10 10 10 10 10 10 10 10 10 10 10 10 10 10 10 10 10 10 10 10 10 10 10 10 10 10 10 10 10 10 10 10 10 10 10 10 10 10 10 10 10 10 10 10 10 10 10 10 10 10 10 10 10 10 10 10 10 10 10 10 10 10 10 10 10 10 10 10 10 10 10 10 10 10 10 10 10 10 10 10 10 10 10 10 10 10 10 10 10 10 10 10 10 10 10 10 10 10 10 10 10 10 10 10 10 10 10 10 10 10 10 10 10 10 10 10 10 10 10 10 10 10 10 10 10 10 10 10 10 10 10 10 10 10 10 10 10 10 10 10 10 10 10 10 10 10 10 10 10 10 10 10 10 10 10 10 10 10 10 10 10 10 10 10 10 10 10 10 10 10 10 10 10 10 10 10 10 10 10 10 10 10 10 10 10 10 10 10 10 10 10 10 10 10 10 10 10 10 10 10 10 10 10 10 10 10 10 10 10 10 10 10 10 10 10 10 10 10 10 10 10 10 10 10 10 10 10 10 10 10 10 10 10 10 10 10 10 10 10 10 10 10 10 10 10 10 10 10 10 10 10 10 10 10 10 10 10 10 10 10 10 10 10 10 10 10 10 10 10 10 10 10 10 10 10 10 10 10 10 10 10 10 10 10 10 10 10 10 10 10 10 10 10 10 10 10 10 10 10 10 10 10 10 10 10 10 10 10 10 10 10 10 10 10 10 10 10 10 10 10 10 10 10 10 10 10 10 10 10 10 10 10 10 10 10 10 10 10 10 10 10 10 10 10 10 10 10 10 10 10 10 10 10 10 10 10 10 10 10 10 10 10 10 10 10 10 10 10 10 10 10 10 10 10 10 10 10 10 10 10 10 10 10 10 10 10 10 10 10 10 10 10 10 10 10 10 10 10 10 10 10 10 10 10 10 10 10 10 10 10 10 10 10 10 10 10 10 10 10 10 10 10 10 10 10 10 10 10 10 10 10 10 10 10 10 10 10 10 10 10 10 10 10 10 10 10 10 10 10 10 10 10 10 10 10 10 10 10 10 10 10 10 10 10 10 10 10 10 10 10 10 10 10 10 10 10 10 10 10 10 10 10 10 10 10 10 10 10 10 10 10 10 10 10 10 10 10 10 10 10 10 10 10 10 10 10 10 10 10 10 10 10 10 10 10 10 10 10 10 10 10 10 10 10 10 10 10 10 10 10 10 10 10 10 10 10 10 10 10 10 10 10 10 10 10 10 10 10 10 10 10 10 10 10 10 10 10 10 10 10 10 10 10 10 10 10 10 10 10 10 10 10 10 10 10 10 10 10 10 10 10 10 10 10 10 10 10 10 10 10 10 10 10 10 10 10 10 10 10 10 10 10 10 10 10 10 10 10 10 10 10 10 10 10 10 10 10 10 10 10 10 10 10 10 10 10 10 10 10 10 10 10 10 10 10 10 10 10 10 10 10 10 10 10 10 10 10 10 10 10 10 10 10 10 10 10 10 10 10 10 10 10 10 10 10 10 10 10 10 10 10 10 10 10 10 10 10 10 10 10 10 10 10 10 10 10 10 10 10 10 10 10 10 10 10 10 10 10 10 10 10 10 10 10 10 10 10 10 10 10 10 10 10 10 10 10 10 10 10 10 10 10 10 10 10 10 10 10 10 10 10 10 10 10 10 10 10 10 10 10 10 10 10 10 10 10 10 10 10 10 10 10 10 10 10 10 10 10 10 10 10 10 10 10 10 10 10 10 10 10 10 10 10 10 10 10 10 10 10 10 10 10 10 10 10 10 10 10 10 10 10 10 10 10 10 10 10 10 10 10 10 10 10 10 10 10 10 10 10 10 10 10 10 10 10 10 10 10 10 10 10 10 10 10 10 10 10 10 10 10 10 10 10 10 10 10 10 10 10 10 10 10 10 10 10 10 10 10 10 10 10 10 10 10 10 10 10 10 10 10 10 10 10 10 10 10 10 10 10 10 10 10 10 10 10 10 10 10 10 10 10 10 10 10 10 10 10 10 10 10 10 10 10 10 10 10 10 10 10 10 10 10 10 10 10 10 10 10 10 10 10 10 10 10 10 10 10 10 10 10 10 10 10 10 10 10 10 10 10 10 10 10 10 10 10 10 10 10 10 10 10 10 10 10 10 10 10 10 10 10 10 10 10 10 10 10 10 10 10 10 10 10 10 10 10 10 10 10 10 10 10 10 10 10 10 10 10 10 10 10 10 10 10 10 10 10 10 10 10 10 10 10 10 10 10 10 10 10 10 10 10 10 10 10 10 10 10 10 10 10 10 10 10 10 10 10 10 10 10 10 10 10 10 10 10 10 10 10 10 10 10 10 10 10 10 10 10 10 10 10 10 10 10 10 10 10 10 10 10 10 10 10 10 10 10 10 10 10 10 10 10 10 10 10 10 10 10 10 10 10 10 10 10 10 10 10 10 10 10 10 10 10 10 10 10 10 10 10 10 10 10 10 10 10 10 10 10 10 10 10 10 10 10 10 10 10 10 10 10 10 10 10 10 10 10 10 10 10 10 10 10 10 10 10 10 10 10 10 10 10 10 10 10 10 10 10 10 10 10 10 10 10 10 10 10 10 10 10 10 10 10 10 10 10 10 10 10 10 10 10 10 10 10 10 10 10 10 10 10 10 10 10 10 10 10 10 10 10 10 10 10 10 10 10 10 10 10 10 10 10 10 10 10 10 10 10 10 10 10 10 10 10 10 10 10 10 10 10 10 10 10 10 10 10 10 10 10 10 10 10 10 10 10 10 10 10 10 10 10 10 10 10 10 10 10 10 10 10 10 10 10 10 10 10 10 10 10 10 10 10 10 10 10 10 10 10 10 10 10 10 10 10 10 10 10 10 10 10 10 10 10 10 10 10 10 10 10 10 10 10 10 10 10 10 10 10 10 10 10 10 10 10 10 10 10 10 10 10 10 10 10 10 10 10 10 10 10 10 10 10 10 10 10 10 10 10 10 10 10 10 10 10 10 10 10 10 10 10 10 10 10 10 10 10 10 10 10 10 10 10 10 10 10 10 10 10 10 10 10 10 10 10 10 10 10 10 10 10 10 10 10 10 10 10 10 10 10 10 10 10 10 10 10 10 10 10 10 10 10 10 10 10 10 10 10 10 10 10 10 10 10 10 10 10 10 10 10 10 10 10 10 10 10 10 10 10 10 10 10 10 10 10 10 10 10 10 10 10 10 10 10 10 10 10 10 10 10 10 10 10 10 10 10 10 10 10 10 10 10 10 10 10 10 10 10 10 10 10 10 10 10 10 10 10 10 10 10 10 10 10 10 10 10 10 10 10 10 10 10 10 10 10 10 10 10 10 10 10 10 10 10 10 10 10 10 10 10 10 10 10 10 10 10 10 10 10 10 10 10 10 10 10 10 10 10 10 10 10 10 10 10 10 10 10 10 10 10 10 10 10 10 10 10 10 10 10 10 10 10 10 10 10 10 10 10 10 10 10 10 10 10 10 10 10 10 10 10 10 10 10 10 10 10 10 10 10 10 10 10 10 10 10 10 10 10 10 10 10 10 10 10 10 10 10 10 10 10 10 10 10 10 10 10 10 10 10 10 10 10 10 10 10 10 10 10 10 10 10 10 10 10 10 10 10 10 10 10 10 10 10 10 10 10 10 10 10 10 10 10 10 10 10 10 10 10 10 10 10 10 10 10 10 10 10 10 10 10 10 10 10 10 10 10 10 10 10 10 10 10 10 10 10 10 10 10 10 10 10 10 10 10 10 10 10 10 10 10 10 10 10 10 10 10 10 10 10 10 10 10 10 10 10 10 10 10 10 10 10 10 10 10 10 10 10 10 10 10 10 10 10 10 10 10 10 10 10 10 10 10 10 10 10 10 10 10 10 10 10 10 10 10 10 10 10 10 10 10 10 10 10 10 10 10 10 10 10 10 10 10 10 10 10 10 10 10 10 10 10 10 10 10 10 10 10 10 10 10 10 10 10 10 10 10 10 10 10 10 10 10 10 10 10 10 10 10 10 10 10 10 10 10 10 10 10 10 10 10 10 10 10 10 10 10 10 10 10 10 10 10 10 10 10 10 10 10 10 10 10 10 10 10 10 10 10 10 10 10 10 10 10 10 10 10 10 10 10 10 10 10 10 10 10 10 10 10 10 10 10 10 10 10 10 10 10 10 10 10 10 10 10 10 10 10 10 10 10 10 10 10 10 10 10 10 10 10 10 10 10 10 10 10 10 10 10 10 10 10 10 10 10 10 10 10 10 10 10 10 10 10 10 10 10 10 10 10 10 10 10 10 10 10 10 10 10 10 10 10 10 10 10 10 10 10 10 10 10 10 10 10 10 10 10 10 10 10 10 10 10 10 10 10 10 10 10 10 10 10 10 10 10 10 10 10 10 10 10 10 10 10 10 10 10 10 10 10 10 10 10 10 10 10 10 10 10 10 10 10 10 10 10 10 10 10 10 10 10 10 10 10 10 10 10 10 10 10 10 10 10 10 10 10 10 10 10 10 10 10 10 10 10 10 10 10 10 10 10 10 10 10 10 10 10 10 10 10 10 10 10 10 10 10 10 10 10 10 10 10 10 10 10 10 10 10 10 10 10 10 10 10 10 10 10 10 10 10 10 10 10 10 10 10 10 10 10 10 10 10 10 10 10 10 10 10 10 10 10 10 10 10 10 10 10 10 10 10 10 10 10 10 10 10 10 10 10 10 10 10 10 10 10 10 10 10 10 10 10 10 10 10 10 10 10 10 10 10 10 10 10 10 10 10 10 10 10 10 10 10 10 10 10 10 10 10 10 10 10 10 10 10 10 10 10 10 10 10 10 10 10 10 10 10 10 10 10 10 10 10 10 10 10 10 10 10 10 10 10 10 10 10 10 10 10 10 10 10 10 10 10 10 10 10 10 10 10 10 10 10 10 10 10 10 10 10 10 10 10 10 10 10 10 10 10 10 10 10 10 10 10 10 10 10 10 10 10 10 10 10 10 10 10 10 10 10 10 10 10 10 10 10 10 10 10 10 10 10 10 10 10 10 10 10 10 10 10 10 10 10 10 10 10 10 10 10 10 10 10 10 10 10 10 10 10 10 10 10 10 10 10 10 10 10 10 10 10 10 10 10 10 10 10 10 10 10 10 10 10 10 10 10 10 10 10 10 10 10 10 10 10 10 10 10 10 10 10 10 10 10 10 10 10 10 10 10 10 10 10 10 10 10 10 10 10 10 10 10 10 10 10 10 10 10 10 10 10 10 10 10 10 10 10 10 10 10 10 10 10 10 10 10 10 10 10 10 10 10 10 10 10 10 10 10 10 10 10 10 10 10 10 10 10 10 10 10 10 10 10 10 10 10 10 10 10 10 10 10 10 10 10 10 10 10 10 10 10 10 10 10 10 10 10 10 10 10 10 10 10 10 10 10 10 10 10 10 10 10 10 10 10 10 10 10 10 10 10 10 10 10 10 10 10 10 10 10 10 10 10 10 10 10 10 10 10 10 10 10 10 10 10 10 10 10 10 10 10 10 10 10 10 10 10 10 10 10 10 10 10 10 10 10 10 10 10 10 10 10 10 10 10 10 10 10 10 10 10 10 10 10 10 10 10 10 10 10 10 10 10 10 10 10 10 10 10 10 10 10 10 10 10 10 10 10 10 10 10 10 10 10 10 10 10 10 10 10 10 10 10 10 10 10 10 10 10 10 10 10 10 10 10 10 10 10 10 10 10 10 10 10 10 10 10 10 10 10 10 10 10 10 10 10 10 10 10 10 10 10 10 10 10 10 10 10 10 10 10 10 10 10 10 10 10 10 10 10 10 10 10 10 10 10 10 10 10 10 10 10 10 10 10 10 10 10 10 10 10 10 10 10 10 10 10 10 10 10 10 10 10 10 10 10 10 10 10 10 10 10 10 10 10 10 10 10 10 10 10 10 10 10 10 10 10 10 10 10 10 10 10 10 10 10 10 10 10 10 10 10 10 10 10 10 10 10 10 10 10 10 10 10 10 10 10 10 10 10 10 10 10 10 10 10 10 10 10 10 10 10 10 10 10 10 10 10 10 10 10 10 10 10 10 10 10 10 10 10 10 10 10 10 10 10 10 10 10 10 10 10 10 10 10 10 10 10 10 10 10 10 10 10 10 10 10 10 10 10 10 10 10 10 10 10 10 10 10 10 10 10 10 10 10 10 10 10 10 10 10 10 10 10 10 10 10 10 10 10 10 10 10 10 10 10 10 10 10 10 10 10 10 10 10 10 10 10 10 10 10 10 10 10 10 10 10 10 10 10 10 10 10 10 10 10 10 10 10 10 10 10 10 10 10 10 10 10 10 10 10 10 10 10 10 10 10 10 10 10 10 10 10 10 10 10 10 10 10 10 10 10 10 10 10 10 10 10 10 10 10 10 10 10 10 10 10 10 10 10 10 10 10 10 10 10 10 10 10 10 10 10 10 10 10 10 10 10 10 10 10 10 10 10 10 10 10 10 10 10 10 10 10 10 10 10 10 10 10 10 10 10 10 10 10 10 10 10 10 10 10 10 10 10 10 10 10 10 10 10 10 10 10 10 10 10 10 10 10 10 10 10 10 10 10 10 10 10 10 10 10 10 10 10 10 10 10 10 10 10 10 10 10 10 10 10 10 10 10 10 10 10 10 10 10 10 10 10 10 10 10 10 10 10 10 10 10 10 10 10 10 10 10 10 10 10 10 10 10 10 10 10 10 10 10 10 10 10 10 10 10 10 10 10 10 10 10 10 10 10 10 10 10 10 10 10 10 10 10 10 10 10 10 10 10 10 10 10 10 10 10 10 10 10 10 10 10 10 10 10 10 10 10 10 10 10 10 10 10 10 10 10 10 10 10 10 10 10 10 10 10 10 10 10 10 10 10 10 10 10 10 10 10 10 10 10 10 10 10 10 10 10 10 10 10 10 10 10 10 10 10 10 10 10 10 10 10 10 10 10 10 10 10 10 10 10 10 10 10 10 10 10 10 10 10 10 10 10 10 10 10 10 10 10 10 10 10 10 10 10 10 10 10 10 10 10 10 10 10 10 10 10 10 10 10 10 10 10 10 10 10 10 10 10 10 10 10 10 10 10 10 10 10 10 10 10 10 10 10 10 10 10 10 10 10 10 10 10 10 10 10 10 10 10 10 10 10 10 10 10 10 10 10 10 10 10 10 10 10 10 10 10 10 10 10 10 10 10 10 10 10 10 10 10 10 10 10 10 10 10 10 10 10 10 10 10 10 10 10 10 10 10 10 10 10 10 10 10 10 10 10 10 10 10 10 10 10 10 10 10 10 10 10 10 10 10 10 10 10 10 10 10 10 10 10 10 10 10 10 10 10 10 10 10 10 10 10 10 10 10 10 10 10 10 10 10 10 10 10 10 10 10 10 10 10 10 10 10 10 10 10 10 10 10 10 10 10 10 10 10 10 10 10 10 10 10 10 10 10 10 10 10 10 10 10 10 10 10 10 10 10 10 10 10 10 10 10 10 10 10 10 10 10 10 10 10 10 10 10 10 10 10 10 10 10 10 10 10 10 10 10 10 10 10 10 10 10 10 10 10 10 10 10 10 10 10 10 10 10 10 10 10 10 10 10 10 10 10 10 10 10 10 10 10 10 10 10 10 10 10 10 10 10 10 10 10 10 10 10 10 10 10 10 10 10 10 10 10 10 10 10 10 10 10 10 10 10 10 10 10 10 10 10 10 10 10 10 10 10 10 10 10 10 10 10 10 10 10 10 10 10 10 10 10 10 10 10 10 10 10 10 10 10 10 10 10 10 10 10 10 10 10 10 10 10 10 10 10 10 10 10 10 10 10 10 10 10 10 10 10 10 10 10 10 10 10 10 10 10 10 10 10 10 10 10 10 10 10 10 10 10 10 10 10 10 10 10 10 10 10 10 10 10 10 10 10 10 10 10 10 10 10 10 10 10 10 10 10 10 10 10 10 10 10 10 10 10 10 10 10 10 10 10 10 10 10 10 10 10 10 10 10 10 10 10 10 10 10 10 10 10 10 10 10 10 10 10 10 10 10 10 10 10 10 10 10 10 10 10 10 10 10 10 10 10 10 10 10 10 10 10 10 10 10 10 10 10 10 10 10 10 10 10 10 10 10 10 10 10 10 10 10 10 10 10 10 10 10 10 10 10 10 10 10 10 10 10 10 10 10 10 10 10 10 10 10 10 10 10 10 10 10 10 10 10 10 10 10 10 10 10 10 10 10 10 10 10 10 10 10 10 10 10 10 10 10 10 10 10 10 10 10 10 10 10 10 10 10 10 10 10 10 10 10 10 10 10 10 10 10 10 10 10 10 10 10 10 10 10 10 10 10 10 10 10 10 10 10 10 10 10 10 10 10 10 10 10 10 10 10 10 10 10 10 10 10 10 10 10 10 10 10 10 10 10 10 10 10 10 10 10 10 10 10 10 10 10 10 10 10 10 10 10 10 10 10 10 10 10 10 10 10 10 10 10 10 10 10 10 10 10 10 10 10 10 10 10 10 10 10 10 10 10 10 10 10 10 10 10 10 10 10 10 10 10 10 10 10 10 10 10 10 10 10 10 10 10 10 10 10 10 10 10 10 10 10 10 10 10 10 10 10 10 10 10 10 10 10 10 10 10 10 10 10 10 10 10 10 10 10 10 10 10 10 10 10 10 10 10 10 10 10 10 10 10 10 10 10 10 10 10 10 10 10 10 10 10 10 10 10 10 10 10 10 10 10 10 10 10 10 10 10 10 10 10 10 10 10 10 10 10 10 10 10 10 10 10 10 10 10 10 10 10 10 10 10 10 10 10 10 10 10 10 10 10 10 10 10 10 10 10 10 10 10 10 10 10 10 10 10 10 10 10 10 10 10 10 10 10 10 10 10 10 10 10 10 10 10 10 10 10 10 10 10 10 10 10 10 10 10 10 10 10 10 10 10 10 10 10 10 10 10 10 10 10 10 10 10 10 10 10 10 10 10 10 10 10 10 10 10 10 10 10 10 10 10 10 10 10 10 10 10 10 10 10 10 10 10 10 10 10 10 10 10 10 10 10 10 10 10 10 10 10 10 10 10 10 10 10 10 10 10 10 10 10 10 10 10 10 10 10 10 10 10 10 10 10 10 10 10 10 10 10 10 10 10 10 10 10 10 10 10 10 10 10 10 10 10 10 10 10 10 10 10 10 10 10 10 10 10 10 10 10 10 10 10 10 10 10 10 10 10 10 10 10 10 10 10 10 10 10 10 10 10 10 10 10 10 10 10 10 10 10 10 10 10 10 10 10 10 10 10 10 10 10 10 10 10 10 10 10 10 10 10 10 10 10 10 10 10 10 10 10 10 10 10 10 10 10 10 10 10 10 10 10 10 10 10 10 10 10 10 10 10 10 10 10 10 10 10 10 10 10 10 10 10 10 10 10 10 10 10 10 10 10 10 10 10 10 10 10 10 10 10 10 10 10 10 10 10 10 10 10 10 10 10 10 10 10 10 10 10 10 10 10 10 10 10 10 10 10 10 10 10 10 10 10 10 10 10 10 10 10 10 10 10 10 10 10 10 10 10 10 10 10 10 10 10 10 10 10 10 10 10 10 10 10 10 10 10 10 10 10 10 10 10 10 10 10 10 10 10 10 10 10 10 10 10 10 10 10 10 10 10 10 10 10 10 10 10 10 10 10 10 10 10 10 10 10 10 10 10 10 10 10 10 10 10 10 10 10 10 10 10 10 10 10 10 10 10 10 10 10 10 10 10 10 10 10 10 10 10 10 10 10 10 10 10 10 10 10 10 10 10 10 10 10 10 10 10 10 10 10 10 10 10 10 10 10 10 10 10 10 10 10 10 10 10 10 10 10 10 10 10 10 10 10 10 10 10 10 10 10 10 10 10 10 10 10 10 10 10 10 10 10 10 10 10 10 10 10 10 10 10 10 10 10 10 10 10 10 10 10 10 10 10 10 10 10 10 10 10 10 10 10 10 10 10 10 10 10 10 10 10 10 10 10 10 10 10 10 10 10 10 10 10 10 10 10 10 10 10 10 10 10 10 10 10 10 10 10 10 10 10 10 10 10 10 10 10 10 10 10 10 10 10 10 10 10 10 10 10 10 10 10 10 10 10 10 10 10 10 10 10 10 10 10 10 10 10 10 10 10 10 10 10 10 10 10 10 10 10 10 10 10 10 10 10 10 10 10 10 10 10 10 10 10 10 10 10 10 10 10 10 10 10 10 10 10 10 10 10 10 10 10 10 10 10 10 10 10 10 10 10 10 10 10 10 10 10 10 10 10 10 10 10 10 10 10 10 10 10 10 10 10 10 10 10 10 10 10 10 10 10 10 10 10 10 10 10 10 10 10 10 10 10 10 10 10 10 10 10 10 10 10 10 10 10 10 10 10 10 10 10 10 10 10 10 10 10 10 10 10 10 10 10 10 10 10 10 10 10 10 10 10 10 10 10 10 10 10 10 10 10 10 10 10 10 10 10 10 10 10 10 10 10 10 10 10 10 10 10 10 10 10 10 10 10 10 10 10 10 10 10 10 10 10 10 10 10 10 10 10 10 10 10 10 10 10 10 10 10 10 10 10 10 10 10 10 10 10 10 10 10 10 10 10 10 10 10 10 10 10 10 10 10 10 10 10 10 10 10 10 10 10 10 10 10 10 10 10 10 10 10 10 10 10 10 10 10 10 10 10 10 10 10 10 10 10 10 10 10 10 10 10 10 10 10 10 10 10 10 10 10 10 10 10 10 10 10 10 10 10 10 10 10 10 10 10 10 10 10 10 10 10 10 10 10 10 10 10 10 10 10 10 10 10 10 10 10 10 10 10 10 10 10 10 10 10 10 10 10 10 10 10 10 10 10 10 10 10 10 10 10 10 10 10 10 10 10 10 10 10 10 10 10 10 10 10 10 10 10 10 10 10 10 10 10 10 10 10 10 10 10 10 10 10 10 10 10 10 10 10 10 10 10 10 10 10 10 10 10 10 10 10 10 10 10 10 10 10 10 10 10 10 10 10 10 10 10 10 10 10 10 10 10 10 10 10 10 10 10 10 10 10 10 10 10 10 10 10 10 10 10 10 10 10 10 10 10 10 10 10 10 10 10 10 10 10 10 10 10 10 10 10 10 10 10 10 10 10 10 10 10 10 10 10 10 10 10 10 10 10 10 10 10 10 10 10 10 10 10 10 10 10 10 10 10 10 10 10 10 10 10 10 10 10 10 10 10 10 10 10 10 10 10 10 10 10 10 10 10 10 10 10 10 10 10 10 10 10 10 10 10 10 10 10 10 10 10 10 10 10 10 10 10 10 10 10 10 10 10 10 10 10 10 10 10 10 10 10 10 10 10 10 10 10 10 10 10 10 10 10 10 10 10 10 10 10 10 10 10 10 10 10 10 10 10 10 10 10 10 10 10 10 10 10 10 10 10 10 10 10 10 10 10 10 10 10 10 10 10 10 10 10 10 10 10 10 10 10 10 10 10 10 10 10 10 10 10 10 10 10 10 10 10 10 10 10 10 10 10 10 10 10 10 10 10 10 10 10 10 10 10 10 10 10 10 10 10 10 10 10 10 10 10 10 10 10 10 10 10 10 10 10 10 10 10 10 10 10 10 10 10 10 10 10 10 10 10 10 10 10 10 10 10 10 10 10 10 10 10 10 10 10 10 10 10 10 10 10 10 10 10 10 10 10 10 10 10 10 10 10 10 10 10 10 10 10 10 10 10 10 10 10 10 10 10 10 10 10 10 10 10 10 10 10 10 10 10 10 10 10 10 10 10 10 10 10 10 10 10 10 10 10 10 10 10 10 10 10 10 10 10 10 10 10 10 10 10 10 10 10 10 10 10 10 10 10 10 10 10 10 10 10 10 10 10 10 10 10 10 10 10 10 10 10 10 10 10 10 10 10 10 10 10 10 10 10 10 10 10 10 10 10 10 10 10 10 10 10 10 10 10 10 10 10 10 10 10 10 10 10 10 10 10 10 10 10 10 10 10 10 10 10 10 10 10 10 10 10 10 10 10 10 10 10 10 10 10 10 10 10 10 10 10 10 10 10 10 10 10 10 10 10 10 10 10 10 10 10 10 10 10 10 10 10 10 10 10 10 10 10 10 10 10 10 10 10 10 10 10 10 10 10 10 10 10 10 10 10 10 10 10 10 10 10 10 10 10 10 10 10 10 10 10 10 10 10 10 10 10 10 10 10 10 10 10 10 10 10 10 10 10 10 10 10 10 10 10 10 10 10 10 10 10 10 10 10 10 10 10 10 10 10 10 10 10 10 10 10 10 10 10 10 10 10 10 10 10 10 10 10 10 10 10 10 10 10 10 10 10 10 10 10 10 10 10 10 10 10 10 10 10 10 10 10 10 10 10 10 10 10 10 10 10 10 10 10 10 10 10 10 10 10 10 10 10 10 10 10 10 10 10 10 10 10 10 10 10 10 10 10 10 10 10 10 10 10 10 10 10 10 10 10 10 10 10 10 10 10 10 10 10 10 10 10 10 10 10 10 10 10 10 10 10 10 10 10 10 10 10 10 10 10 10 10 10 10 10 10 10 10 10 10 10 10 10 10 10 10 10 10 10 10 10 10 10 10 10 10 10 10 10 10 10 10 10 10 10 10 10 10 10 10 10 10 10 10 10 10 10 10 10 10 10 10 10 10 10 10 10 10 10 10 10 10 10 10 10 10 10 10 10 10 10 10 10 10 10 10 10 10 10 10 10 10 10 10 10 10 10 10 10 10 10 10 10 10 10 10 10 10 10 10 10 10 10 10 10 10 10 10 10 10 10 10 10 10 10 10 10 10 10 10 10 10 10 10 10 10 10 10 10 10 10 10 10 10 10 10 10 10 10 10 10 10 10 10 10 10 10 10 10 10 10 10 10 10 10 10 10 10 10 10 10 10 10 10 10 10 10 10 10 10 10 10 10 10 10 10 10 10 10 10 10 10 10 10 10 10 10 10 10 10 10 10 10 10 10 10 10 10 10 10 10 10 10 10 10 10 10 10 10 10 10 10 10 10 10 10 10 10 10 10 10 10 10 10 10 10 10 10 10 10 10 10 10 10 10 10 10 10 10 10 10 10 10 10 10 10 10 10 10 10 10 10 10 10 10 10 10 10 10 10 10 10 10 10 10 10 10 10 10 10 10 10 10 10 10 10 10 10 10 10 10 10 10 10 10 10 10 10 10 10 10 10 10 10 10 10 10 10 10 10 10 10 10 10 10 10 10 10 10 10 10 10 10 10 10 10 10 10 10 10 10 10 10 10 10 10 10 10 10 10 10 10 10 10 10 10 10 10 10 10 10 10 10 10 10 10 10 10 10 10 10 10 10 10 10 10 10 10 10 10 10 10 10 10 10 10 10 10 10 10 10 10 10 10 10 10 10 10 10 10 10 10 10 10 10 10 10 10 10 10 10 10 10 10 10 10 10 10 10 10 10 10 10 10 10 10 10 10 10 10 10 10 10 10 10 10 10 10 10 10 10 10 10 10 10 10 10 10 10 10 10 10 10 10 10 10 10 10 10 10 10 10 10 10 10 10 10 10 10 10 10 10 10 10 10 10 10 10 10 10 10 10 10 10 10 10 10 10 10 10 10 10 10 10 10 10 10 10 10 10 10 10 10 10 10 10 10 10 10 10 10 10 10 10 10 10 10 10 10 10 10 10 10 10 10 10 10 10 10 10 10 10 10 10 10 10 10 10 10 10 10 10 10 10 10 10 10 10 10 10 10 10 10 10 10 10 10 10 10 10 10 10 10 10 10 10 10 10 10 10 10 10 10 10 10 10 10 10 10 10 10 10 10 10 10 10 10 10 10 10 10 10 10 10 10 10 10 10 10 10 10 10 10 10 10 10 10 10 10 10 10 10 10 10 10 10 10 10 10 10 10 10 10 10 10 10 10 10 10 10 10 10 10 10 10 10 10 10 10 10 10 10 10 10 10 10 10 10 10 10 10 10 10 10 10 10 10 10 10 10 10 10 10 10 10 10 10 10 10 10 10 10 10 10 10 10 10 10 10 10 10 10 10 10 10 10 10 10 10 10 10 10 10 10 10 10 10 10 10 10 10 10 10 10 10 10 10 10 10 10 10 10 10 10 10 10 10 10 10 10 10 10 10 10 10 10 10 10 10 10 10 10 10 10 10 10 10 10 10 10 10 10 10 10 10 10 10 10 10 10 10 10 10 10 10 10 10 10 10 10 10 10 10 10 10 10 10 10 10 10 10 10 10 10 10 10 10 10 10 10 10 10 10 10 10 10 10 10 10 10 10 10 10 10 10 10 10 10 10 10 10 10 10 10 10 10 10 10 10 10 10 10 10 10 10 10 10 10 10 10 10 10 10 10 10 10 10 10 10 10 10 10 10 10 10 10 10 10 10 10 10 10 10 10 10 10 10 10 10 10 10 10 10 10 10 10 10 10 10 10 10 10 10 10 10 10 10 10 10 10 10 10 10 10 10 10 10 10 10 10 10 10 10 10 10 10 10 10 10 10 10 10 10 10 10 10 10 10 10 10 10 10 10 10 10 10 10 10 10 10 10 10 10 10 10 10 10 10 10 10 10 10 10 10 10 10 10 10 10 10 10 10 10 10 10 10 10 10 10 10 10 10 10 10 10 10 10 10 10 10 10 10 10 10 10 10 10 10 10 10 10 10 10 10 10 10 10 10 10 10 10 10 10 10 10 10 10 10 10 10 10 10 10 10 10 10 10 10 10 10 10 10 10 10 10 10 10 10 10 10 10 10 10 10 10 10 10 10 10 10 10 10 10 10 10 10 10 10 10 10 10 10 10 10 10 10 10 10 10 10 10 10 10 10 10 10 10 10 10 10 10 10 10 10 10 10 10 10 10 10 10 10 10 10 10 10 10 10 10 10 10 10 10 10 10 10 10 10 10 10 10 10 10 10 10 10 10 10 10 10 10 10 10 10 10 10 10 10 10 10 10 10 10 10 10 10 10 10 10 10 10 10 10 10 10 10 10 10 10 10 10 10 10 10 10 10 10 10 10 10 10 10 10 10 10 10 10 10 10 10 10 10 10 10 10 10 10 10 10 10 10 10 10 10 10 10 10 10 10 10 10 10 10 10 10 10 10 10 10 10 10 10 10 10 10 10 10 10 10 10 10 10 10 10 10 10 10 10 10 10 10 10 10 10 10 10 10 10 10 10 10 10 10 10 10 10 10 10 10 10 10 10 10 10 10 10 10 10 10 10 10 10 10 10 10 10 10 10 10 10 10 10 10 10 10 10 10 10 10 10 10 10 10 10 10 10 10 10 10 10 10 10 10 10 10 10 10 10 10 10 10 10 10 10 10 10 10 10 10 10 10 10 10 10 10 10 10 10 10 10 10 10 10 10 10 10 10 10 10 10 10 10 10 10 10 10 10 10 10 10 10 10 10 10 10 10 10 10 10 10 10 10 10 10 10 10 10 10 10 10 10 10 10 10 10 10 10 10 10 10 10 10 10 10 10 10 10 10 10 10 10 10 10 10 10 10 10 10 10 10 10 10 10 10 10 10 10 10 10 10 10 10 10 10 10 10 10 10 10 10 10 10 10 10 10 10 10 10 10 10 10 10 10 10 10 10 10 10 10 10 10 10 10 10 10 10 10 10 10 10 10 10 10 10 10 10 10 10 10 10 10 10 10 10 10 10 10 10 10 10 10 10 10 10 10 10 10 10 10 10 10 10 10 10 10 10 10 10 10 10 10 10 10 10 10 10 10 10 10 10 10 10 10 10 10 10 10 10 10 10 10 10 10 10 10 10 10 10 10 10 10 10 10 10 10 10 10 10 10 10 10 10 10 10 10 10 10 10 10 10 10 10 10 10 10 10 10 10 10 10 10 10 10 10 10 10 10 10 10 10 10 10 10 10 10 10 10 10 10 10 10 10 10 10 10 10 10 10 10 10 10 10 10 10 10 10 10 10 10 10 10 10 10 10 10 10 10 10 10 10 10 10 10 10 10 10 10 10 10 10 10 10 10 10 10 10 10 10 10 10 10 10 10 10 10 10 10 10 10 10 10 10 10 10 10 10 10 10 10 10 10 10 10 10 10 10 10 10 10 10 10 10 10 10 10 10 10 10 10 10 10 10 10 10 10 10 10 10 10 10 10 10 10 10 10 10 10 10 10 10 10 10 10 10 10 10 10 10 10 10 10 10 10 10 10 10 10 10 10 10 10 10 10 10 10 10 10 10 10 10 10 10 10 10 10 10 10 10 10 10 10 10 10 10 10 10 10 10 10 10 10 10 10 10 10 10 10 10 10 10 10 10 10 10 10 10 10 10 10 10 10 10 10 10 10 10 10 10 10 10 10 10 10 10 10 10 10 10 10 10 10 10 10 10 10 10 10 10 10 10 10 10 10 10 10 10 10 10 10 10 10 10 10 10 10 10 10 10 10 10 10 10 10 10 10 10 10 10 10 10 10 10 10 10 10 10 10 10 10 10 10 10 10 10 10 10 10 10 10 10 10 10 10 10 10 10 10 10 10 10 10 10 10 10 10 10 10 10 10 10 10 10 10 10 10 10 10 10 10 10 10 10 10 10 10 10 10 10 10 10 10 10 10 10 10 10 10 10 10 10 10 10 10 10 10 10 10 10 10 10 10 10 10 10 10 10 10 10 10 10 10 10 10 10 10 10 10 10 10 10 10 10 10 10 10 10 10 10 10 10 10 10 10 10 10 10 10 10 10 10 10 10 10 10 10 10 10 10 10 10 10 10 10 10 10 10 10 10 10 10 10 10 10 10 10 10 10 10 10 10 10 10 10 10 10 10 10 10 10 10 10 10 10 10 10 10 10 10 10 10 10 10 10 10 10 10 10 10 10 10 10 10 10 10 10 10 10 10 10 10 10 10 10 10 10 10 10 10 10 10 10 10 10 10 10 10 10 10 10 10 10 10 10 10 10 10 10 10 10 10 10 10 10 10 10 10 10 10 10 10 10 10 10 10 10 10 10 10 10 10 10 10 10 10 10 10 10 10 10 10 10 10 10 10 10 10 10 10 10 10 10 10 10 10 10 10 10 10 10 10 10 10 10 10 10 10 10 10 10 10 10 10 10 10 10 10 10 10 10 10 10 10 10 10 10 10 10 10 10 10 10 10 10 10 10 10 10 10 10 10 10 10 10 10 10 10 10 10 10 10 10 10 10 10 10 10 10 10 10 10 10 10 10 10 10 10 10 10 10 10 10 10 10 10 10 10 10 10 10 10 10 10 10 10 10 10 10 10 10 10 10 10 10 10 10 10 10 10 10 10 10 10 10 10 10 10 10 10 10 10 10 10 10 10 10 10 10 10 10 10 10 10 10 10 10 10 10 10 10 10 10 10 10 10 10 10 10 10 10 10 10 10 10 10 10 10 10 10 10 10 10 10 10 10 10 10 10 10 10 10 10 10 10 10 10 10 10 10 10 10 10 10 10 10 10 10 10 10 10 10 10 10 10 10 10 10 10 10 10 10 10 10 10 10 10 10 10 10 10 10 10 10 10 10 10 10 10 10 10 10 10 10 10 10 10 10 10 10 10 10 10 10 10 10 10 10 10 10 10 10 10 10 10 10 10 10 10 10 10 10 10 10 10 10 10 10 10 10 10 10 10 10 10 10 10 10 10 10 10 10 10 10 10 10 10 10 10 10 10 10 10 10 10 10 10 10 10 10 10 10 10 10 10 10 10 10 10 10 10 10 10 10 10 10 10 10 10 10 10 10 10 10 10 10 10 10 10 10 10 10 10 10 10 10 10 10 10 10 10 10 10 10 10 10 10 10 10 10 10 10 10 10 10 10 10 10 10 10 10 10 10 10 10 10 10 10 10 10 10 10 10 10 10 10 10 10 10 10 10 10 10 10 10 10 10 10 10 10 10 10 10 10 10 10 10 10 10 10 10 10 10 10 10 10 10 10 10 10 10 10 10 10 10 10 10 10 10 10 10 10 10 10 10 10 10 10 10 10 10 10 10 10 10 10 10 10 10 10 10 10 10 10 10 10 10 10 10 10 10 10 10 10 10 10 10 10 10 10 10 10 10 10 10 10 10 10 10 10 10 10 10 10 10 10 10 10 10 10 10 10 10 10 10 10 10 10 10 10 10 10 10 10 10 10 10 10 10 10 10 10 10 10 10 10 10 10 10 10 10 10 10 10 10 10 10 10 10 10 10 10 10 10 10 10 10 10 10 10 10 10 10 10 10 10 10 10 10 10 10 10 10 10 10 10 10 10 10 10 10 10 10 10 10 10 10 10 10 10 10 10 10 10 10 10 10 10 10 10 10 10 10 10 10 10 10 10 10 10 10 10 10 10 10 10 10 10 10 10 10 10 10 10 10 10 10 10 10 10 10 10 10 10 10 10 10 10 10 10 10 10 10 10 10 10 10 10 10 10 10 10 10 10 10 10 10 10 10 10 10 10 10 10 10 10 10 10 10 10 10 10 10 10 10 10 10 10 10 10 10 10 10 10 10 10 10 10 10 10 10 10 10 10 10 10 10 10 10 10 10 10 10 10 10 10 10 10 10 10 10 10 10 10 10 10 10 10 10 10 10 10 10 10 10 10 10 10 10 10 10 10 10 10 10 10 10 10 10 10 10 10 10 10 10 10 10 10 10 10 10 10 10 10 10 10 10 10 10 10 10 10 10 10 10 10 10 10 10 10 10 10 10 10 10 10 10 10 10 10 10 10 10 10 10 10 10 10 10 10 10 10 10 10 10 10 10 10 10 10 10 10 10 10 10 10 10 10 10 10 10 10 10 10 10 10 10 10 10 10 10 10 10 10 10 10 10 10 10 10 10 10 10 10 10 10 10 10 10 10 10 10 10 10 10 10 10 10 10 10 10 10 10 10 10 10 10 10 10 10 10 10 10 10 10 10 10 10 10 10 10 10 10 10 10 10 10 10 10 10 10 10 10 10 10 10 10 10 10 10 10 10 10 10 10 10 10 10 10 10 10 10 10 10 10 10 10 10 10 10 10 10 10 10 10 10 10 10 10 10 10 10 10 10 10 10 10 10 10 10 10 10 10 10 10 10 10 10 10 10 10 10 10 10 10 10 10 10 10 10 10 10 10 10 10 10 10 10 10 10 10 10 10 10 10 10 10 10 10 10 10 10 10 10 10 10 10 10 10 10 10 10 10 10 10 10 10 10 10 10 10 10 10 10 10 10 10 10 10 10 10 10 10 10 10 10 10 10 10 10 10 10 10 10 10 10 10 10 10 10 10 10 10 10 10 10 10 10 10 10 10 10 10 10 10 10 10 10 10 10 10 10 10 10 10 10 10 10 10 10 10 10 10 10 10 10 10 10 10 10 10 10 10 10 10 10 10 10 10 10 10 10 10 10 10 10 10 10 10 10 10 10 10 10 10 10 10 10 10 10 10 10 10 10 10 10 10 10 10 10 10 10 10 10 10 10 10 10 10 10 10 10 10 10 10 10 10 10 10 10 10 10 10 10 10 10 10 10 10 10 10 10 10 10 10 10 10 10 10 10 10 10 10 10 10 10 10 10 10 10 10 10 10 10 10 10 10 10 10 10 10 10 10 10 10 10 10 10 10 10 10 10 10 10 10 10 10 10 10 10 10 10 10 10 10 10 10 10 10 10 10 10 10 10 10 10 10 10 10 10 10 10 10 10 10 10 10 10 10 10 10 10 10 10 10 10 10 10 10 10 10 10 10 10 10 10 10 10 10 10 10 10 10 10 10 10 10 10 10 10 10 10 10 10 10 10 10 10 10 10 10 10 10 10 10 10 10 10 10 10 10 10 10 10 10 10 10 10 10 10 10 10 10 10 10 10 10 10 10 10 10 10 10 10 10 10 10 10 10 10 10 10 10 10 10 10 10 10 10 10 10 10 10 10 10 10 10 10 10 10 10 10 10 10 10 10 10 10 10 10 10 10 10 10 10 10 10 10 10 10 10 10 10 10 10 10 10 10 10 10 10 10 10 10 10 10 10 10 10 10 10 10 10 10 10 10 10 10 10 10 10 10 10 10 10 10 10 10 10 10 10 10 10 10 10 10 10 10 10 10 10 10 10 10 10 10 10 10 10 10 10 10 10 10 10 10 10 10 10 10 10 10 10 10 10 10 10 10 10 10 10 10 10 10 10 10 10 10 10 10 10 10 10 10 10 10 10 10 10 10 10 10 10 10 10 10 10 10 10 10 10 10 10 10 10 10 10 10 10 10 10 10 10 10 10 10 10 10 10 10 10 10 10 10 10 10 10 10 10 10 10 10 10 10 10 10 10 10 10 10 10 10 10 10 10 10 10 10 10 10 10 10 10 10 10 10 10 10 10 10 10 10 10 10 10 10 10 10 10 10 10 10 10 10 10 10 10 10 10 10 10 10 10 10 10 10 10 10 10 10 10 10 10 10 10 10 10 10 10 10 10 10 10 10 10 10 10 10 10 10 10 10 10 10 10 10 10 10 10 10 10 10 10 10 10 10 10 10 10 10 10 10 10 10 10 10 10 10 10 10 10 10 10 10 10 10 10 10 10 10 10 10 10 10 10 10 10 10 10 10 10 10 10 10 10 10 10 10 10 10 10 10 10 10 10 10 10 10 10 10 10 10 10 10 10 10 10 10 10 10 10 10 10 10 10 10 10 10 10 10 10 10 10 10 10 10 10 10 10 10 10 10 10 10 10 10 10 10 10 10 10 10 10 10 10 10 10 10 10 10 10 10 10 10 10 10 10 10 10 10 10 10 10 10 10 10 10 10 10 10 10 10 10 10 10 10 10 10 10 10 10 10 10 10 10 10 10 10 10 10 10 10 10 10 10 10 10 10 10 10 10 10 10 10 10 10 10 10 10 10 10 10 10 10 10 10 10 10 10 10 10 10 10 10 10 10 10 10 10 10 10 10 10 10 10 10 10 10 10 10 10 10 10 10 10 10 10 10 10 10 10 10 10 10 10 10 10 10 10 10 10 10 10 10 10 10 10 10 10 10 10 10 10 10 10 10 10 10 10 10 10 10 10 10 10 10 10 10 10 10 10 10 10 10 10 10 10 10 10 10 10 10 10 10 10 10 10 10 10 10 10 10 10 10 10 10 10 10 10 10 10 10 10 10 10 10 10 10 10 10 10 10 10 10 10 10 10 10 10 10 10 10 10 10 10 10 10 10 10 10 10 10 10 10 10 10 10 10 10 10 10 10 10 10 10 10 10 10 10 10 10 10 10 10 10 10 10 10 10 10 10 10 10 10 10 10 10 10 10 10 10 10 10 10 10 10 10 10 10 10 10 10 10 10 10 10 10 10 10 10 10 10 10 10 10 10 10 10 10 10 10 10 10 10 10 10 10 10 10 10 10 10 10 10 10 10 10 10 10 10 10 10 10 10 10 10 10 10 10 10 10 10 10 10 10 10 10 10 10 10 10 10 10 10 10 10 10 10 10 10 10 10 10 10 10 10 10 10 10 10 10 10 10 10 10 10 10 10 10 10 10 10 10 10 10 10 10 10 10 10 10 10 10 10 10 10 10 10 10 10 10 10 10 10 10 10 10 10 10 10 10 10 10 10 10 10 10 10 10 10 10 10 10 10 10 10 10 10 10 10 10 10 10 10 10 10 10 10 10 10 10 10 10 10 10 10 10 10 10 10 10 10 10 10 10 10 10 10 10 10 10 10 10 10 10 10 10 10 10 10 10 10 10 10 10 10 10 10 10 10 10 10 10 10 10 10 10 10 10 10 10 10 10 10 10 10 10 10 10 10 10 10 10 10 10 10 10 10 10 10 10 10 10 10 10 10 10 10 10 10 10 10 10 10 10 10 10 10 10 10 10 10 10 10 10 10 10 10 10 10 10 10 10 10 10 10 10 10 10 10 10 10 10 10 10 10 10 10 10 10 10 10 10 10 10 10 10 10 10 10 10 10 10 10 10 10 10 10 10 10 10 10 10 10 10 10 10 10 10 10 10 10 10 10 10 10 10 10 10 10 10 10 10 10 10 10 10 10 10 10 10 10 10 10 10 10 10 10 10 10 10 10 10 10 10 10 10 10 10 10 10 10 10 10 10 10 10 10 10 10 10 10 10 10 10 10 10 10 10 10 10 10 10 10 10 10 10 10 10 10 10 10 10 10 10 10 10 10 10 10 10 10 10 10 10 10 10 10 10 10 10 10 10 10 10 10 10 10 10 10 10 10 10 10 10 10 10 10 10 10 10 10 10 10 10 10 10 10 10 10 10 10 10 10 10 10 10 10 10 10 10 10 10 10 10 10 10 10 10 10 10 10 10 10 10 10 10 10 10 10 10 10 10 10 10 10 10 10 10 10 10 10 10 10 10 10 10 10 10 10 10 10 10 10 10 10 10 10 10 10 10 10 10 10 10 10 10 10 10 10 10 10 10 10 10 10 10 10 10 10 10 10 10 10 10 10 10 10 10 10 10 10 10 10 10 10 10 10 10 10 10 10 10 10 10 10 10 10 10 10 10 10 10 10 10 10 10 10 10 10 10 10 10 10 10 10 10 10 10 10 10 10 10 10 10 10 10 10 10 10 10 10 10 10 10 10 10 10 10 10 10 10 10 10 10 10 10 10 10 10 10 10 10 10 10 10 10 10 10 10 10 10 10 10 10 10 10 10 10 10 10 10 10 10 10 10 10 10 10 10 10 10 10 10 10 10 10 10 10 10 10 10 10 10 10 10 10 10 10 10 10 10 10 10 10 10 10 10 10 10 10 10 10 10 10 10 10 10 10 10 10 10 10 10 10 10 10 10 10 10 10 10 10 10 10 10 10 10 10 10 10 10 10 10 10 10 10 10 10 10 10 10 10 10 10 10 10 10 10 10 10 10 10 10 10 10 10 10 10 10 10 10 10 10 10 10 10 10 10 10 10 10 10 10 10 10 10 10 10 10 10 10 10 10 10 10 10 10 10 10 10 10 10 10 10 10 10 10 10 10 10 10 10 10 10 10 10 10 10 10 10 10 10 10 10 10 10 10 10 10 10 10 10 10 10 10 10 10 10 10 10 10 10 10 10 10 10 10 10 10 10 10 10 10 10 10 10 10 10 10 10 10 10 10 10 10 10 10 10 10 10 10 10 10 10 10 10 10 10 10 10 10 10 10 10 10 10 10 10 10 10 10 10 10 10 10 10 10 10 10 10 10 10 10 10 10 10 10 10 10 10 10 10 10 10 10 10 10 10 10 10 10 10 10 10 10 10 10 10 10 10 10 10 10 10 10 10 10 10 10 10 10 10 10 10 10 10 10 10 10 10 10 10 10 10 10 10 10 10 10 10 10 10 10 10 10 10 10 10 10 10 10 10 10 10 10 10 10 10 10 10 10 10 10 10 10 10 10 10 10 10 10 10 10 10 10 10 10 10 10 10 10 10 10 10 10 10 10 10 10 10 10 10 10 10 10 10 10 10 10 10 10 10 10 10 10 10 10 10 10 10 10 10 10 10 10 10 10 10 10 10 10 10 10 10 10 10 10 10 10 10 10 10 10 10 10 10 10 10 10 10 10 10 10 10 10 10 10 10 10 10 10 10 10 10 10 10 10 10 10 10 10 10 10 10 10 10 10 10 10 10 10 10 10 10 10 10 10 10 10 10 10 10 10 10 10 10 10 10 10 10 10 10 10 10 10 10 10 10 10 10 10 10 10 10 10 10 10 10 10 10 10 10 10 10 10 10 10 10 10 10 10 10 10 10 10 10 10 10 10 10 10 10 10 10 10 10 10 10 10 10 10 10 10 10 10 10 10 10 10 10 10 10 10 10 10 10 10 10 10 10 10 10 10 10 10 10 10 10 10 10 10 10 10 10 10 10 10 10 10 10 10 10 10 10 10 10 10 10 10 10 10 10 10 10 10 10 10 10 10 10 10 10 10 10 10 10 10 10 10 10 10 10 10 10 10 10 10 10 10 10 10 10 10 10 10 10 10 10 10 10 10 10 10 10 10 10 10 10 10 10 10 10 10 10 10 10 10 10 10 10 10 10 10 10 10 10 10 10 10 10 10 10 10 10 10 10 10 10 10 10 10 10 10 10 10 10 10 10 10 10 10 10 10 10 10 10 10 10 10 10 10 10 10 10 10 10 10 10 10 10 10 10 10 10 10 10 10 10 10 10 10 10 10 10 10 10 10 10 10 10 10 10 10 10 10 10 10 10 10 10 10 10 10 10 10 10 10 10 10 10 10 10 10 10 10 10 10 10 10 10 10 10 10 10 10 10 10 10 10 10 10 10 10 10 10 10 10 10 10 10 10 10 10 10 10 10 10 10 10 10 10 10 10 10 10 10 10 10 10 10 10 10 10 10 10 10 10 10 10 10 10 10 10 10 10 10 10 10 10 10 10 10 10 10 10 10 10 10 10 10 10 10 10 10 10 10 10 10 10 10 10 10 10 10 10 10 10 10 10 10 10 10 10 10 10 10 10 10 10 10 10 10 10 10 10 10 10 10 10 10 10 10 10 10 10 10 10 10 10 10 10 10 10 10 10 10 10 10 10 10 10 10 10 10 10 10 10 10 10 10 10 10 10 10 10 10 10 10 10 10 10 10 10 10 10 10 10 10 10 10 10 10 10 10 10 10 10 10 10 10 10 10 10 10 10 10 10 10 10 10 10 10 10 10 10 10 10 10 10 10 10 10 10 10 10 10 10 10 10 10 10 10 10 10 10 10 10 10 10 10 10 10 10 10 10 10 10 10 10 10 10 10 10 10 10 10 10 10 10 10 10 10 10 10 10 10 10 10 10 10 10 10 10 10 10 10 10 10 10 10 10 10 10 10 10 10 10 10 10 10 10 10 10 10 10 10 10 10 10 10 10 10 10 10 10 10 10 10 10 10 10 10 10 10 10 10 10 10 10 10 10 10 10 10 10 10 10 10 10 10 10 10 10 10 10 10 10 10 10 10 10 10 10 10 10 10 10 10 10 10 10 10 10 10 10 10 10 10 10 10 10 10 10 10 10 10 10 10 10 10 10 10 10 10 10 10 10 10 10 10 10 10 10 10 10 10 10 10 10 10 10 10 10 10 10 10 10 10 10 10 10 10 10 10 10 10 10 10 10 10 10 10 10 10 10 10 10 10 10 10 10 10 10 10 10 10 10 10 10 10 10 10 10 10 10 10 10 10 10 10 10 10 10 10 10 10 10 10 10 10 10 10 10 10 10 10 10 10 10 10 10 10 10 10 10 10 10 10 10 10 10 10 10 10 10 10 10 10 10 10 10 10 10 10 10 10 10 10 10 10 10 10 10 10 10 10 10 10 10 10 10 10 10 10 10 10 10 10 10 10 10 10 10 10 10 10 10 10 10 10 10 10 10 10 10 10 10 10 10 10 10 10 10 10 10 10 10 10 10 10 10 10 10 10 10 10 10 10 10 10 10 10 10 10 10 10 10 10 10 10 10 10 10 10 10 10 10 10 10 10 10 10 10 10 10 10 10 10 10 10 10 10 10 10 10 10 10 10 10 10 10 10 10 10 10 10 10 10 10 10 10 10 10 10 10 10 10 10 10 10 10 10 10 10 10 10 10 10 10 10 10 10 10 10 10 10 10 10 10 10 10 10 10 10 10 10 10 10 10 10 10 10 10 10 10 10 10 10 10 10 10 10 10 10 10 10 10 10 10 10 10 10 10 10 10 10 10 10 10 10 10 10 10 10 10 10 10 10 10 10 10 10 10 10 10 10 10 10 10 10 10 10 10 10 10 10 10 10 10 10 10 10 10 10 10 10 10 10 10 10 10 10 10 10 10 10 10 10 10 10 10 10 10 10 10 10 10 10 10 10 10 10 10 10 10 10 10 10 10 10 10 10 10 10 10 10 10 10 10 10 10 10 10 10 10 10 10 10 10 10 10 10 10 10 10 10 10 10 10 10 10 10 10 10 10 10 10 10 10 10 10 10 10 10 10 10 10 10 10 10 10 10 10 10 10 10 10 10 10 10 10 10 10 10 10 10 10 10 10 10 10 10 10 10 10 10 10 10 10 10 10 10 10 10 10 10 5 5 5 5 5 5 5 5 5 5 5 5 5 5 5 5 5 5 5 5 5 5 5 5 5 5 5 5 5 5 5 5 5 5 5 5 5 5 5 5 5 5 5 5 5 5 5 5 5 5 5 5 5 5 5 5 5 5 5 5 5 5 5 5 5 5 5 5 5 5 5 5 5 5 5 5 5 5 5 5 5 5 5 5 5 5 5 5 5 5 5 5 5 5 5 5 5 5 5 5 5 5 5 5 5 5 5 5 5 5 5 5 5 5 5 5 5 5 5 5 5 5 5 5 5 5 5 5 5 5 5 5 5 5 5 5 5 5 5 5 5 5 5 5 5 5 5 5 5 5 5 5 5 5 5 5 5 5 5 5 5 5 5 5 5 5 5 5 5 5 5 5 5 5 5 5 5 5 5 5 5 5 5 5 5 5 5 5 5 5 5 5 5 5 5 5 5 5 5 5 5 5 5 5 5 5 5 5 5 5 5 5 5 5 5 5 5 5 5 5 5 5 5 5 5 5 5 5 5 5 5 5 5 5 5 5 5 5 5 5 5 5 5 5 5 5 5 5 5 5 5 5 5 5 5 5 5 5 5 5 5 5 5 5 5 5 5 5 5 5 5 5 5 5 5 5 5 5 5 5 5 5 5 5 5 5 5 5 5 5 5 5 5 5 5 5 5 5 5 5 5 5 5 5 5 5 5 5 5 5 5 5 5 5 5 5 5 5 5 5 5 5 5 5 5 5 5 5 5 5 5 5 5 5 5 5 5 5 5 5 5 5 5 5 5 5 5 5 5 5 5 5 5 5 5 5 5 5 5 5 5 5 5 5 5 5 5 5 5 5 5 5 5 5 5 5 5 5 5 5 5 5 5 5 5 5 5 5 5 5 5 5 5 5 5 5 5 5 5 5 5 5 5 5 5 5 5 5 5 5 5 5 5 5 5 5 5 5 5 5 5 5 5 5 5 5 5 5 5 5 5 5 5 5 5 5 5 5 5 5 5 5 5 5 5 5 5 5 5 5 5 5 5 5 5 5 5 5 5 5 5 5 5 5 5 5 5 5 5 5 5 5 5 5 5 5 5 5 5 5 5 5 5 5 5 5 5 5 5 5 5 5 5 5 5 5 5 5 5 5 5 5 5 5 5 5 5 5 5 5 5 5 5 5 5 5 5 5 5 5 5 5 5 5 5 5 5 5 5 5 5 5 5 5 5 5 5 5 5 5 5 5 5 5 5 5 5 5 5 5 5 5 5 5 5 5 5 5 5 5 5 5 5 5 5 5 5 5 5 5 5 5 5 5 5 5 5 5 5 5 5 5 5 5 5 5 5 5 5 5 5 5 5 5 5 5 5 5 5 5 5 5 5 5 5 5 5 5 5 5 5 5 5 5 5 5 5 5 5 5 5 5 5 5 5 5 5 5 5 5 5 5 5 5 5 5 5 5 5 5 5 5 5 5 5 5 5 5 5 5 5 5 5 5 5 5 5 5 5 5 5 5 5 5 5 5 5 5 5 5 5 5 5 5 5 5 5 5 5 5 5 5 5 5 5 5 5 5 5 5 5 5 5 5 5 5 5 5 5 5 5 5 5 5 5 5 5 5 5 5 5 5 5 5 5 5 5 5 5 5 5 5 5 5 5 5 5 5 5 5 5 5 5 5 5 5 5 5 5 5 5 5 5 5 5 5 5 5 5 5 5 5 5 5 5 5 5 5 5 5 5 5 5 5 5 5 5 5 5 5 5 5 5 5 5 5 5 5 5 5 5 5 5 5 5 5 5 5 5 5 5 5 5 5 5 5 5 5 5 5 5 5 5 5 5 5 5 5 5 5 5 5 5 5 5 5 5 5 5 5 5 5 5 5 5 5 5 5 5 5 5 5 5 5 5 5 5 5 5 5 5 5 5 5 5 5 5 5 5 5 5 5 5 5 5 5 5 5 5 5 5 5 5 5 5 5 5 5 5 5 5 5 5 5 5 5 5 5 5 5 5 5 5 5 5 5 5 5 5 5 5 5 5 5 5 5 5 5 5 5 5 5 5 5 5 5 5 5 5 5 5 5 5 5 5 5 5 5 5 5 5 5 5 5 5 5 5 5 5 5 5 5 5 5 5 5 5 5 5 5 5 5 5 5 5 5 5 5 5 5 5 5 5 5 5 5 5 5 5 5 5 5 5 5 5 5 5 5 5 5 5 5 5 5 5 5 5 5 5 5 5 5 5 5 5 5 5 5 5 5 5 5 5 5 5 5 5 5 5 5 5 5 5 5 5 5 5 5 5 5 5 5 5 5 5 5 5 5 5 5 5 5 5 5 5 5 5 5 5 5 5 5 5 5 5 5 5 5 5 5 5 5 5 5 5 5 5 5 5 5 5 5 5 5 5 5 5 5 5 5 5 5 5 5 5 5 5 5 5 5 5 5 5 5 5 5 5 5 5 5 5 5 5 5 5 5 5 5 5 5 5 5 5 5 5 5 5 5 5 5 5 5 5 5 5 5 5 5 5 5 5 5 5 5 5 5 5 5 5 5 5 5 5 5 5 5 5 5 5 5 5 5 5 5 5 5 5 5 5 5 5 5 5 5 5 5 5 5 5 5 5 5 5 5 5 5 5 5 5 5 5 5 5 5 5 5 5 5 5 5 5 5 5 5 5 5 5 5 5 5 5 5 5 5 5 5 5 5 5 5 5 5 5 5 5 5 5 5 5 5 5 5 5 5 5 5 5 5 5 5 5 5 5 5 5 5 5 5 5 5 5 5 5 5 5 5 5 5 5 5 5 5 5 5 5 5 5 5 5 5 5 5 5 5 5 5 5 5 5 5 5 5 5 5 5 5 5 5 5 5 5 5 5 5 5 5 5 5 5 5 5 5 5 5 5 5 5 5 5 5 5 5 5 5 5 5 5 5 5 5 5 5 5 5 5 5 5 5 5 5 5 5 5 5 5 5 5 5 5 5 5 5 5 5 5 5 5 5 5 5 5 5 5 5 5 5 5 5 5 5 5 5 5 5 5 5 5 5 5 5 5 5 5 5 5 5 5 5 5 5 5 5 5 5 5 5 5 5 5 5 5 5 5 5 5 5 5 5 5 5 5 5 5 5 5 5 5 5 5 5 5 5 5 5 5 5 5 5 5 5 5 5 5 5 5 5 5 5 5 5 5 5 5 5 5 5 5 5 5 5 5 5 5 5 5 5 5 5 5 5 5 5 5 5 5 5 5 5 5 5 5 5 5 5 5 5 5 5 5 5 5 5 5 5 5 5 5 5 5 5 5 5 5 5 5 5 5 5 5 5 5 5 5 5 5 5 5 5 5 5 5 5 5 5 5 5 5 5 5 5 5 5 5 5 5 5 5 5 5 5 5 5 5 5 5 5 5 5 5 5 5 5 5 5 5 5 5 5 5 5 5 5 5 5 5 5 5 5 5 5 5 5 5 5 5 5 5 5 5 5 5 5 5 5 5 5 5 5 5 5 5 5 5 5 5 5 5 5 5 5 5 5 5 5 5 5 5 5 5 5 5 5 5 5 5 5 5 5 5 5 5 5 5 5 5 5 5 5 5 5 5 5 5 5 5 5 5 5 5 5 5 5 5 5 5 5 5 5 5 5 5 5 5 5 5 5 5 5 5 5 5 5 5 5 5 5 5 5 5 5 5 5 5 5 5 5 5 5 5 5 5 5 5 5 5 5 5 5 5 5 5 5 5 5 5 5 5 5 5 5 5 5 5 5 5 5 5 5 5 5 5 5 5 5 5 5 5 5 5 5 5 5 5 5 5 5 5 5 5 5 5 5 5 5 5 5 5 5 5 5 5 5 5 5 5 5 5 5 5 5 5 5 5 5 5 5 5 5 5 5 5 5 5 5 5 5 5 5 5 5 5 5 5 5 5 5 5 5 5 5 5 5 5 5 5 5 5 5 5 5 5 5 5 5 5 5 5 5 5 5 5 5 5 5 5 5 5 5 5 5 5 5 5 5 5 5 5 5 5 5 5 5 5 5 5 5 5 5 5 5 5 5 5 5 5 5 5 5 5 5 5 5 5 5 5 5 5 5 5 5 5 5 5 5 5 5 5 5 5 5 5 5 5 5 5 5 5 5 5 5 5 5 5 5 5 5 5 5 5 5 5 5 5 5 5 5 5 5 5 5 5 5 5 5 5 5 5 5 5 5 5 5 5 5 5 5 5 5 5 5 5 5 5 5 5 5 5 5 5 5 5 5 5 5 5 5 5 5 5 5 5 5 5 5 5 5 5 5 5 5 5 5 5 5 5 5 5 5 5 5 5 5 5 5 5 5 5 5 5 5 5 5 5 5 5 5 5 5 5 5 5 5 5 5 5 5 5 5 5 5 5 5 5 5 5 5 5 5 5 5 5 5 5 5 5 5 5 5 5 5 5 5 5 5 5 5 5 5 5 5 5 5 5 5 5 5 5 5 5 5 5 5 5 5 5 5 5 5 5 5 5 5 5 5 5 5 5 5 5 5 5 5 5 5 5 5 5 5 5 5 5 5 5 5 5 5 5 5 5 5 5 5 5 5 5 5 5 5 5 5 5 5 5 5 5 5 5 5 5 5 5 5 5 5 5 5 5 5 5 5 5 5 5 5 5 5 5 5 5 5 5 5 5 5 5 5 5 5 5 5 5 5 5 5 5 5 5 5 5 5 5 5 5 5 5 5 5 5 5 5 5 5 5 5 5 5 5 5 5 5 5 5 5 5 5 5 5 5 5 5 5 5 5 5 5 5 5 5 5 5 5 5 5 5 5 5 5 5 5 5 5 5 5 5 5 5 5 5 5 5 5 5 5 5 5 5 5 5 5 5 5 5 5 5 5 5 5 5 5 5 5 5 5 5 5 5 5 5 5 5 5 5 5 5 5 5 5 5 5 5 5 5 5 5 5 5 5 5 5 5 5 5 5 5 5 5 5 5 5 5 5 5 5 5 5 5 5 5 5 5 5 5 5 5 5 5 5 5 5 5 5 5 5 5 5 5 5 5 5 5 5 5 5 5 5 5 5 5 5 5 5 5 5 5 5 5 5 5 5 5 5 5 5 5 5 5 5 5 5 5 5 5 5 5 5 5 5 5 5 5 5 5 5 5 5 5 5 5 5 5 5 5 5 5 5 5 5 5 5 5 5 5 5 5 5 5 5 5 5 5 5 5 5 5 5 5 5 5 5 5 5 5 5 5 5 5 5 5 5 5 5 5 5 5 5 5 5 5 5 5 5 5 5 5 5 5 5 5 5 5 5 5 5 5 5 5 5 5 5 5 5 5 5 5 5 5 5 5 5 5 5 5 5 5 5 5 5 5 5 5 5 5 5 5 5 5 5 5 5 5 5 5 5 5 5 5 5 5 5 5 5 5 5 5 5 5 5 5 5 5 5 5 5 5 5 5 5 5 5 5 5 5 5 5 5 5 5 5 5 5 5 5 5 5 5 5 5 5 5 5 5 5 5 5 5 5 5 5 5 5 5 5 5 5 5 5 5 5 5 5 5 5 5 5 5 5 5 5 5 5 5 5 5 5 5 5 5 5 5 5 5 5 5 5 5 5 5 5 5 5 5 5 5 5 5 5 5 5 5 5 5 5 5 5 5 5 5 5 5 5 5 5 5 5 5 5 5 5 5 5 5 5 5 5 5 5 5 5 5 5 5 5 5 5 5 5 5 5 5 5 5 5 5 5 5 5 5 5 5 5 5 5 5 5 5 5 5 5 5 5 5 5 5 5 5 5 5 5 5 5 5 5 5 5 5 5 5 5 5 5 5 5 5 5 5 5 5 5 5 5 5 5 5 5 5 5 5 5 5 5 5 5 5 5 5 5 5 5 5 5 5 5 5 5 5 5 5 5 5 5 5 5
        </DataArray>
      </Cells>
      <PointData>
        <DataArray type="Int32" Name="pointData" format="ascii">
          0 0 0 0 0 0 0 0 0 0 0 0 0 0 0 0 0 0 0 0 0 0 0 0 0 0 0 0 0 0 0 0 0 0 0 0 0 0 0 0 0 0 0 0 0 0 0 0 0 0 0 0 0 0 0 0 0 0 0 0 0 0 0 0 0 0 0 0 0 0 0 0 0 0 0 0 0 0 0 0 0 0 0 0 0 0 0 0 0 0 0 0 0 0 0 0 0 0 0 0 0 0 0 0 0 0 0 0 0 0 0 0 0 0 0 0 0 0 0 0 0 0 0 0 0 0 0 0 0 0 0 0 0 0 0 0 0 0 0 0 0 0 0 0 0 0 0 0 0 0 0 0 0 0 0 0 0 0 0 0 0 0 0 0 0 0 0 0 0 0 0 0 0 0 0 0 0 0 0 0 0 0 0 0 0 0 0 0 0 0 0 0 0 0 0 0 0 0 0 0 0 0 0 0 0 0 0 0 0 0 0 0 0 0 0 0 0 0 0 0 0 0 0 0 0 0 0 0 0 0 0 0 0 0 0 0 0 0 0 0 0 0 0 0 0 0 0 0 0 0 0 0 0 0 0 0 0 0 0 0 0 0 0 0 0 0 0 0 0 0 0 0 0 0 0 0 0 0 0 0 0 0 0 0 0 0 0 0 0 0 0 0 0 0 0 0 0 0 0 0 0 0 0 0 0 0 0 0 0 0 0 0 0 0 0 0 0 0 0 0 0 0 0 0 0 0 0 0 0 0 0 0 0 0 0 0 0 0 0 0 0 0 0 0 0 0 0 0 0 0 0 0 0 0 0 0 0 0 0 0 0 0 0 0 0 0 0 0 0 0 0 0 0 0 0 0 0 0 0 0 0 0 0 0 0 0 0 0 0 0 0 0 0 0 0 0 0 0 0 0 0 0 0 0 0 0 0 0 0 0 0 0 0 0 0 0 0 0 0 0 0 0 0 0 0 0 0 0 0 0 0 0 0 0 0 0 0 0 0 0 0 0 0 0 0 0 0 0 0 0 0 0 0 0 0 0 0 0 0 0 0 0 0 0 0 0 0 0 0 0 0 0 0 0 0 0 0 0 0 0 0 0 0 0 0 0 0 0 0 0 0 0 0 0 0 0 0 0 0 0 0 0 0 0 0 0 0 0 0 0 0 0 0 0 0 0 0 0 0 0 0 0 0 0 0 0 0 0 0 0 0 0 0 0 0 0 0 0 0 0 0 0 0 0 0 0 0 0 0 0 0 0 0 0 0 0 0 0 0 0 0 0 0 0 0 0 0 0 0 0 0 0 0 0 0 0 0 0 0 0 0 0 0 0 0 0 0 0 0 0 0 0 0 0 0 0 0 0 0 0 0 0 0 0 0 0 0 0 0 0 0 0 0 0 0 0 0 0 0 0 0 0 0 0 0 0 0 0 0 0 0 0 0 0 0 0 0 0 0 0 0 0 0 0 0 0 0 0 0 0 0 0 0 0 0 0 0 0 0 0 0 0 0 0 0 0 0 0 0 0 0 0 0 0 0 0 0 0 0 0 0 0 0 0 0 0 0 0 0 0 0 0 0 0 0 0 0 0 0 0 0 0 0 0 0 0 0 0 0 0 0 0 0 0 0 0 0 0 0 0 0 0 0 0 0 0 0 0 0 0 0 0 0 0 0 0 0 0 0 0 0 0 0 0 0 0 0 0 0 0 0 0 0 0 0 0 0 0 0 0 0 0 0 0 0 0 0 0 0 0 0 0 0 0 0 0 0 0 0 0 0 0 0 0 0 0 0 0 0 0 0 0 0 0 0 0 0 0 0 0 0 0 0 0 0 0 0 0 0 0 0 0 0 0 0 0 0 0 0 0 0 0 0 0 0 0 0 0 0 0 0 0 0 0 0 0 0 0 0 0 0 0 0 0 0 0 0 0 0 0 0 0 0 0 0 0 0 0 0 0 0 0 0 0 0 0 0 0 0 0 0 0 0 0 0 0 0 0 0 0 0 0 0 0 0 0 0 0 0 0 0 0 0 0 0 0 0 0 0 0 0 0 0 0 0 0 0 0 0 0 0 0 0 0 0 0 0 0 0 0 0 0 0 0 0 0 0 0 0 0 0 0 0 0 0 0 0 0 0 0 0 0 0 0 0 0 0 0 0 0 0 0 0 0 0 0 0 0 0 0 0 0 0 0 0 0 0 0 0 0 0 0 0 0 0 0 0 0 0 0 0 0 0 0 0 0 0 0 0 0 0 0 0 0 0 0 0 0 0 0 0 0 0 0 0 0 0 0 0 0 0 0 0 0 0 0 0 0 0 0 0 0 0 0 0 0 0 0 0 0 0 0 0 0 0 0 0 0 0 0 0 0 0 0 0 0 0 0 0 0 0 0 0 0 0 0 0 0 0 0 0 0 0 0 0 0 0 0 0 0 0 0 0 0 0 0 0 0 0 0 0 0 0 0 0 0 0 0 0 0 0 0 0 0 0 0 0 0 0 0 0 0 0 0 0 0 0 0 0 0 0 0 0 0 0 0 0 0 0 0 0 0 0 0 0 0 0 0 0 0 0 0 0 0 0 0 0 0 0 0 0 0 0 0 0 0 0 0 0 0 0 0 0 0 0 0 0 0 0 0 0 0 0 0 0 0 0 0 0 0 0 0 0 0 0 0 0 0 0 0 0 0 0 0 0 0 0 0 0 0 0 0 0 0 0 0 0 0 0 0 0 0 0 0 0 0 0 0 0 0 0 0 0 0 0 0 0 0 0 0 0 0 0 0 0 0 0 0 0 0 0 0 0 0 0 0 0 0 0 0 0 0 0 0 0 0 0 0 0 0 0 0 0 0 0 0 0 0 0 0 0 0 0 0 0 0 0 0 0 0 0 0 0 0 0 0 0 0 0 0 0 0 0 0 0 0 0 0 0 0 0 0 0 0 0 0 0 0 0 0 0 0 0 0 0 0 0 0 0 0 0 0 0 0 0 0 0 0 0 0 0 0 0 0 0 0 0 0 0 0 0 0 0 0 0 0 0 0 0 0 0 0 0 0 0 0 0 0 0 0 0 0 0 0 0 0 0 0 0 0 0 0 0 0 0 0 0 0 0 0 0 0 0 0 0 0 0 0 0 0 0 0 0 0 0 0 0 0 0 0 0 0 0 0 0 0 0 0 0 0 0 0 0 0 0 0 0 0 0 0 0 0 0 0 0 0 0 0 0 0 0 0 0 0 0 0 0 0 0 0 0 0 0 0 0 0 0 0 0 0 0 0 0 0 0 0 0 0 0 0 0 0 0 0 0 0 0 0 0 0 0 0 0 0 0 0 0 0 0 0 0 0 0 0 0 0 0 0 0 0 0 0 0 0 0 0 0 0 0 0 0 0 0 0 0 0 0 0 0 0 0 0 0 0 0 0 0 0 0 0 0 0 0 0 0 0 0 0 0 0 0 0 0 0 0 0 0 0 0 0 0 0 0 0 0 0 0 0 0 0 0 0 0 0 0 0 0 0 0 0 0 0 0 0 0 0 0 0 0 0 0 0 0 0 0 0 0 0 0 0 0 0 0 0 0 0 0 0 0 0 0 0 0 0 0 0 0 0 0 0 0 0 0 0 0 0 0 0 0 0 0 0 0 0 0 0 0 0 0 0 0 0 0 0 0 0 0 0 0 0 0 0 0 0 0 0 0 0 0 0 0 0 0 0 0 0 0 0 0 0 0 0 0 0 0 0 0 0 0 0 0 0 0 0 0 0 0 0 0 0 0 0 0 0 0 0 0 0 0 0 0 0 0 0 0 0 0 0 0 0 0 0 0 0 0 0 0 0 0 0 0 0 0 0 0 0 0 0 0 0 0 0 0 0 0 0 0 0 0 0 0 0 0 0 0 0 0 0 0 0 0 0 0 0 0 0 0 0 0 0 0 0 0 0 0 0 0 0 0 0 0 0 0 0 0 0 0 0 0 0 0 0 0 0 0 0 0 0 0 0 0 0 0 0 0 0 0 0 0 0 0 0 0 0 0 0 0 0 0 0 0 0 0 0 0 0 0 0 0 0 0 0 0 0 0 0 0 0 0 0 0 0 0 0 0 0 0 0 0 0 0 0 0 0 0 0 0 0 0 0 0 0 0 0 0 0 0 0 0 0 0 0 0 0 0 0 0 0 0 0 0 0 0 0 0 0 0 0 0 0 0 0 0 0 0 0 0 0 0 0 0 0 0 0 0 0 0 0 0 0 0 0 0 0 0 0 0 0 0 0 0 0 0 0 0 0 0 0 0 0 0 0 0 0 0 0 0 0 0 0 0 0 0 0 0 0 0 0 0 0 0 0 0 0 0 0 0 0 0 0 0 0 0 0 0 0 0 0 0 0 0 0 0 0 0 0 0 0 0 0 0 0 0 0 0 0 0 0 0 0 0 0 0 0 0 0 0 0 0 0 0 0 0 0 0 0 0 0 0 0 0 0 0 0 0 0 0 0 0 0 0 0 0 0 0 0 0 0 0 0 0 0 0 0 0 0 0 0 0 0 0 0 0 0 0 0 0 0 0 0 0 0 0 0 0 0 0 0 0 0 0 0 0 0 0 0 0 0 0 0 0 0 0 0 0 0 0 0 0 0 0 0 0 0 0 0 0 0 0 0 0 0 0 0 0 0 0 0 0 0 0 0 0 0 0 0 0 0 0 0 0 0 0 0 0 0 0 0 0 0 0 0 0 0 0 0 0 0 0 0 0 0 0 0 0 0 0 0 0 0 0 0 0 0 0 0 0 0 0 0 0 0 0 0 0 0 0 0 0 0 0 0 0 0 0 0 0 0 0 0 0 0 0 0 0 0 0 0 0 0 0 0 0 0 0 0 0 0 0 0 0 0 0 0 0 0 0 0 0 0 0 0 0 0 0 0 0 0 0 0 0 0 0 0 0 0 0 0 0 0 0 0 0 0 0 0 0 0 0 0 0 0 0 0 0 0 0 0 0 0 0 0 0 0 0 0 0 0 0 0 0 0 0 0 0 0 0 0 0 0 0 0 0 0 0 0 0 0 0 0 0 0 0 0 0 0 0 0 0 0 0 0 0 0 0 0 0 0 0 0 0 0 0 0 0 0 0 0 0 0 0 0 0 0 0 0 0 0 0 0 0 0 0 0 0 0 0 0 0 0 0 0 0 0 0 0 0 0 0 0 0 0 0 0 0 0 0 0 0 0 0 0 0 0 0 0 0 0 0 0 0 0 0 0 0 0 0 0 0 0 0 0 0 0 0 0 0 0 0 0 0 0 0 0 0 0 0 0 0 0 0 0 0 0 0 0 0 0 0 0 0 0 0 0 0 0 0 0 0 0 0 0 0 0 0 0 0 0 0 0 0 0 0 0 0 0 0 0 0 0 0 0 0 0 0 0 0 0 0 0 0 0 0 0 0 0 0 0 0 0 0 0 0 0 0 0 0 0 0 0 0 0 0 0 0 0 0 0 0 0 0 0 0 0 0 0 0 0 0 0 0 0 0 0 0 0 0 0 0 0 0 0 0 0 0 0 0 0 0 0 0 0 0 0 0 0 0 0 0 0 0 0 0 0 0 0 0 0 0 0 0 0 0 0 0 0 0 0 0 0 0 0 0 0 0 0 0 0 0 0 0 0 0 0 0 0 0 0 0 0 0 0 0 0 0 0 0 0 0 0 0 0 0 0 0 0 0 0 0 0 0 0 0 0 0 0 0 0 0 0 0 0 0 0 0 0 0 0 0 0 0 0 0 0 0 0 0 0 0 0 0 0 0 0 0 0 0 0 0 0 0 0 0 0 0 0 0 0 0 0 0 0 0 0 0 0 0 0 0 0 0 0 0 0 0 0 0 0 0 0 0 0 0 0 0 0 0 0 0 0 0 0 0 0 0 0 0 0 0 0 0 0 0 0 0
        </DataArray>
      </PointData>
      <CellData>
        <DataArray type="Int32" Name="matType" format="ascii">
          0 0 0 0 0 0 0 0 0 0 0 0 0 0 0 0 0 0 0 0 0 0 0 0 0 0 0 0 0 0 0 0 0 0 0 0 0 0 0 0 0 0 0 0 0 0 0 0 0 0 0 0 0 0 0 0 0 0 0 0 0 0 0 0 0 0 0 0 0 0 0 0 0 0 0 0 0 0 0 0 0 0 0 0 0 0 0 0 0 0 0 0 0 0 0 0 0 0 0 0 0 0 0 0 0 0 0 0 0 0 0 0 0 0 0 0 0 0 0 0 0 0 0 0 0 0 0 0 0 0 0 0 0 0 0 0 0 0 0 0 0 0 0 0 0 0 0 0 0 0 0 0 0 0 0 0 0 0 0 0 0 0 0 0 0 0 0 0 0 0 0 0 0 0 0 0 0 0 0 0 0 0 0 0 0 0 0 0 0 0 0 0 0 0 0 0 0 0 0 0 0 0 0 0 0 0 0 0 0 0 0 0 0 0 0 0 0 0 0 0 0 0 0 0 0 0 0 0 0 0 0 0 0 0 0 0 0 0 0 0 0 0 0 0 0 0 0 0 0 0 0 0 0 0 0 0 0 0 0 0 0 0 0 0 0 0 0 0 0 0 0 0 0 0 0 0 0 0 0 0 0 0 0 0 0 0 0 0 0 0 0 0 0 0 0 0 0 0 0 0 0 0 0 0 0 0 0 0 0 0 0 0 0 0 0 0 0 0 0 0 0 0 0 0 0 0 0 0 0 0 0 0 0 0 0 0 0 0 0 0 0 0 0 0 0 0 0 0 0 0 0 0 0 0 0 0 0 0 0 0 0 0 0 0 0 0 0 0 0 0 0 0 0 0 0 0 0 0 0 0 0 0 0 0 0 0 0 0 0 0 0 0 0 0 0 0 0 0 0 0 0 0 0 0 0 0 0 0 0 0 0 0 0 0 0 0 0 0 0 0 0 0 0 0 0 0 0 0 0 0 0 0 0 0 0 0 0 0 0 0 0 0 0 0 0 0 0 0 0 0 0 0 0 0 0 0 0 0 0 0 0 0 0 0 0 0 0 0 0 0 0 0 0 0 0 0 0 0 0 0 0 0 0 0 0 0 0 0 0 0 0 0 0 0 0 0 0 0 0 0 0 0 0 0 0 0 0 0 0 0 0 0 0 0 0 0 0 0 0 0 0 0 0 0 0 0 0 0 0 0 0 0 0 0 0 0 0 0 0 0 0 0 0 0 0 0 0 0 0 0 0 0 0 0 0 0 0 0 0 0 0 0 0 0 0 0 0 0 0 0 0 0 0 0 0 0 0 0 0 0 0 0 0 0 0 0 0 0 0 0 0 0 0 0 0 0 0 0 0 0 0 0 0 0 0 0 0 0 0 0 0 0 0 0 0 0 0 0 0 0 0 0 0 0 0 0 0 0 0 0 0 0 0 0 0 0 0 0 0 0 0 0 0 0 0 0 0 0 0 0 0 0 0 0 0 0 0 0 0 0 0 0 0 0 0 0 0 0 0 0 0 0 0 0 0 0 0 0 0 0 0 0 0 0 0 0 0 0 0 0 0 0 0 0 0 0 0 0 0 0 0 0 0 0 0 0 0 0 0 0 0 0 0 0 0 0 0 0 0 0 0 0 0 0 0 0 0 0 0 0 0 0 0 0 0 0 0 0 0 0 0 0 0 0 0 0 0 0 0 0 0 0 0 0 0 0 0 0 0 0 0 0 0 0 0 0 0 0 0 0 0 0 0 0 0 0 0 0 0 0 0 0 0 0 0 0 0 0 0 0 0 0 0 0 0 0 0 0 0 0 0 0 0 0 0 0 0 0 0 0 0 0 0 0 0 0 0 0 0 0 0 0 0 0 0 0 0 0 0 0 0 0 0 0 0 0 0 0 0 0 0 0 0 0 0 0 0 0 0 0 0 0 0 0 0 0 0 0 0 0 0 0 0 0 0 0 0 0 0 0 0 0 0 0 0 0 0 0 0 0 0 0 0 0 0 0 0 0 0 0 0 0 0 0 0 0 0 0 0 0 0 0 0 0 0 0 0 0 0 0 0 0 0 0 0 0 0 0 0 0 0 0 0 0 0 0 0 0 0 0 0 0 0 0 0 0 0 0 0 0 0 0 0 0 0 0 0 0 0 0 0 0 0 0 0 0 0 0 0 0 0 0 0 0 0 0 0 0 0 0 0 0 0 0 0 0 0 0 0 0 0 0 0 0 0 0 0 0 0 0 0 0 0 0 0 0 0 0 0 0 0 0 0 0 0 0 0 0 0 0 0 0 0 0 0 0 0 0 0 0 0 0 0 0 0 0 0 0 0 0 0 0 0 0 0 0 0 0 0 0 0 0 0 0 0 0 0 0 0 0 0 0 0 0 0 0 0 0 0 0 0 0 0 0 0 0 0 0 0 0 0 0 0 0 0 0 0 0 0 0 0 0 0 0 0 0 0 0 0 0 0 0 0 0 0 0 0 0 0 0 0 0 0 0 0 0 0 0 0 0 0 0 0 0 0 0 0 0 0 0 0 0 0 0 0 0 0 0 0 0 0 0 0 0 0 0 0 0 0 0 0 0 0 0 0 0 0 0 0 0 0 0 0 0 0 0 0 0 0 0 0 0 0 0 0 0 0 0 0 0 0 0 0 0 0 0 0 0 0 0 0 0 0 0 0 0 0 0 0 0 0 0 0 0 0 0 0 0 0 0 0 0 0 0 0 0 0 0 0 0 0 0 0 0 0 0 0 0 0 0 0 0 0 0 0 0 0 0 0 0 0 0 0 0 0 0 0 0 0 0 0 0 0 0 0 0 0 0 0 0 0 0 0 0 0 0 0 0 0 0 0 0 0 0 0 0 0 0 0 0 0 0 0 0 0 0 0 0 0 0 0 0 0 0 0 0 0 0 0 0 0 0 0 0 0 0 0 0 0 0 0 0 0 0 0 0 0 0 0 0 0 0 0 0 0 0 0 0 0 0 0 0 0 0 0 0 0 0 0 0 0 0 0 0 0 0 0 0 0 0 0 0 0 0 0 0 0 0 0 0 0 0 0 0 0 0 0 0 0 0 0 0 0 0 0 0 0 0 0 0 0 0 0 0 0 0 0 0 0 0 0 0 0 0 0 0 0 0 0 0 0 0 0 0 0 0 0 0 0 0 0 0 0 0 0 0 0 0 0 0 0 0 0 0 0 0 0 0 0 0 0 0 0 0 0 0 0 0 0 0 0 0 0 0 0 0 0 0 0 0 0 0 0 0 0 0 0 0 0 0 0 0 0 0 0 0 0 0 0 0 0 0 0 0 0 0 0 0 0 0 0 0 0 0 0 0 0 0 0 0 0 0 0 0 0 0 0 0 0 0 0 0 0 0 0 0 0 0 0 0 0 0 0 0 0 0 0 0 0 0 0 0 0 0 0 0 0 0 0 0 0 0 0 0 0 0 0 0 0 0 0 0 0 0 0 0 0 0 0 0 0 0 0 0 0 0 0 0 0 0 0 0 0 0 0 0 0 0 0 0 0 0 0 0 0 0 0 0 0 0 0 0 0 0 0 0 0 0 0 0 0 0 0 0 0 0 0 0 0 0 0 0 0 0 0 0 0 0 0 0 0 0 0 0 0 0 0 0 0 0 0 0 0 0 0 0 0 0 0 0 0 0 0 0 0 0 0 0 0 0 0 0 0 0 0 0 0 0 0 0 0 0 0 0 0 0 0 0 0 0 0 0 0 0 0 0 0 0 0 0 0 0 0 0 0 0 0 0 0 0 0 0 0 0 0 0 0 0 0 0 0 0 0 0 0 0 0 0 0 0 0 0 0 0 0 0 0 0 0 0 0 0 0 0 0 0 0 0 0 0 0 0 0 0 0 0 0 0 0 0 0 0 0 0 0 0 0 0 0 0 0 0 0 0 0 0 0 0 0 0 0 0 0 0 0 0 0 0 0 0 0 0 0 0 0 0 0 0 0 0 0 0 0 0 0 0 0 0 0 0 0 0 0 0 0 0 0 0 0 0 0 0 0 0 0 0 0 0 0 0 0 0 0 0 0 0 0 0 0 0 0 0 0 0 0 0 0 0 0 0 0 0 0 0 0 0 0 0 0 0 0 0 0 0 0 0 0 0 0 0 0 0 0 0 0 0 0 0 0 0 0 0 0 0 0 0 0 0 0 0 0 0 0 0 0 0 0 0 0 0 0 0 0 0 0 0 0 0 0 0 0 0 0 0 0 0 0 0 0 0 0 0 0 0 0 0 0 0 0 0 0 0 0 0 0 0 0 0 0 0 0 0 0 0 0 0 0 0 0 0 0 0 0 0 0 0 0 0 0 0 0 0 0 0 0 0 0 0 0 0 0 0 0 0 0 0 0 0 0 0 0 0 0 0 0 0 0 0 0 0 0 0 0 0 0 0 0 0 0 0 0 0 0 0 0 0 0 0 0 0 0 0 0 0 0 0 0 0 0 0 0 0 0 0 0 0 0 0 0 0 0 0 0 0 0 0 0 0 0 0 0 0 0 0 0 0 0 0 0 0 0 0 0 0 0 0 0 0 0 0 0 0 0 0 0 0 0 0 0 0 0 0 0 0 0 0 0 0 0 0 0 0 0 0 0 0 0 0 0 0 0 0 0 0 0 0 0 0 0 0 0 0 0 0 0 0 0 0 0 0 0 0 0 0 0 0 0 0 0 0 0 0 0 0 0 0 0 0 0 0 0 0 0 0 0 0 0 0 0 0 0 0 0 0 0 0 0 0 0 0 0 0 0 0 0 0 0 0 0 0 0 0 0 0 0 0 0 0 0 0 0 0 0 0 0 0 0 0 0 0 0 0 0 0 0 0 0 0 0 0 0 0 0 0 0 0 0 0 0 0 0 0 0 0 0 0 0 0 0 0 0 0 0 0 0 0 0 0 0 0 0 0 0 0 0 0 0 0 0 0 0 0 0 0 0 0 0 0 0 0 0 0 0 0 0 0 0 0 0 0 0 0 0 0 0 0 0 0 0 0 0 0 0 0 0 0 0 0 0 0 0 0 0 0 0 0 0 0 0 0 0 0 0 0 0 0 0 0 0 0 0 0 0 0 0 0 0 0 0 0 0 0 0 0 0 0 0 0 0 0 0 0 0 0 0 0 0 0 0 0 0 0 0 0 0 0 0 0 0 0 0 0 0 0 0 0 0 0 0 0 0 0 0 0 0 0 0 0 0 0 0 0 0 0 0 0 0 0 0 0 0 0 0 0 0 0 0 0 0 0 0 0 0 0 0 0 0 0 0 0 0 0 0 0 0 0 0 0 0 0 0 0 0 0 0 0 0 0 0 0 0 0 0 0 0 0 0 0 0 0 0 0 0 0 0 0 0 0 0 0 0 0 0 0 0 0 0 0 0 0 0 0 0 0 0 0 0 0 0 0 0 0 0 0 0 0 0 0 0 0 0 0 0 0 0 0 0 0 0 0 0 0 0 0 0 0 0 0 0 0 0 0 0 0 0 0 0 0 0 0 0 0 0 0 0 0 0 0 0 0 0 0 0 0 0 0 0 0 0 0 0 0 0 0 0 0 0 0 0 0 0 0 0 0 0 0 0 0 0 0 0 0 0 0 0 0 0 0 0 0 0 0 0 0 0 0 0 0 0 0 0 0 0 0 0 0 0 0 0 0 0 0 0 0 0 0 0 0 0 0 0 0 0 0 0 0 0 0 0 0 0 0 0 0 0 0 0 0 0 0 0 0 0 0 0 0 0 0 0 0 0 0 0 0 0 0 0 0 0 0 0 0 0 0 0 0 0 0 0 0 0 0 0 0 0 0 0 0 0 0 0 0 0 0 0 0 0 0 0 0 0 0 0 0 0 0 0 0 0 0 0 0 0 0 0 0 0 0 0 0 0 0 0 0 0 0 0 0 0 0 0 0 0 0 0 0 0 0 0 0 0 0 0 0 0 0 0 0 0 0 0 0 0 0 0 0 0 0 0 0 0 0 0 0 0 0 0 0 0 0 0 0 0 0 0 0 0 0 0 0 0 0 0 0 0 0 0 0 0 0 0 0 0 0 0 0 0 0 0 0 0 0 0 0 0 0 0 0 0 0 0 0 0 0 0 0 0 0 0 0 0 0 0 0 0 0 0 0 0 0 0 0 0 0 0 0 0 0 0 0 0 0 0 0 0 0 0 0 0 0 0 0 0 0 0 0 0 0 0 0 0 0 0 0 0 0 0 0 0 0 0 0 0 0 0 0 0 0 0 0 0 0 0 0 0 0 0 0 0 0 0 0 0 0 0 0 0 0 0 0 0 0 0 0 0 0 0 0 0 0 0 0 0 0 0 0 0 0 0 0 0 0 0 0 0 0 0 0 0 0 0 0 0 0 0 0 0 0 0 0 0 0 0 0 0 0 0 0 0 0 0 0 0 0 0 0 0 0 0 0 0 0 0 0 0 0 0 0 0 0 0 0 0 0 0 0 0 0 0 0 0 0 0 0 0 0 0 0 0 0 0 0 0 0 0 0 0 0 0 0 0 0 0 0 0 0 0 0 0 0 0 0 0 0 0 0 0 0 0 0 0 0 0 0 0 0 0 0 0 0 0 0 0 0 0 0 0 0 0 0 0 0 0 0 0 0 0 0 0 0 0 0 0 0 0 0 0 0 0 0 0 0 0 0 0 0 0 0 0 0 0 0 0 0 0 0 0 0 0 0 0 0 0 0 0 0 0 0 0 0 0 0 0 0 0 0 0 0 0 0 0 0 0 0 0 0 0 0 0 0 0 0 0 0 0 0 0 0 0 0 0 0 0 0 0 0 0 0 0 0 0 0 0 0 0 0 0 0 0 0 0 0 0 0 0 0 0 0 0 0 0 0 0 0 0 0 0 0 0 0 0 0 0 0 0 0 0 0 0 0 0 0 0 0 0 0 0 0 0 0 0 0 0 0 0 0 0 0 0 0 0 0 0 0 0 0 0 0 0 0 0 0 0 0 0 0 0 0 0 0 0 0 0 0 0 0 0 0 0 0 0 0 0 0 0 0 0 0 0 0 0 0 0 0 0 0 0 0 0 0 0 0 0 0 0 0 0 0 0 0 0 0 0 0 0 0 0 0 0 0 0 0 0 0 0 0 0 0 0 0 0 0 0 0 0 0 0 0 0 0 0 0 0 0 0 0 0 0 0 0 0 0 0 0 0 0 0 0 0 0 0 0 0 0 0 0 0 0 0 0 0 0 0 0 0 0 0 0 0 0 0 0 0 0 0 0 0 0 0 0 0 0 0 0 0 0 0 0 0 0 0 0 0 0 0 0 0 0 0 0 0 0 0 0 0 0 0 0 0 0 0 0 0 0 0 0 0 0 0 0 0 0 0 0 0 0 0 0 0 0 0 0 0 0 0 0 0 0 0 0 0 0 0 0 0 0 0 0 0 0 0 0 0 0 0 0 0 0 0 0 0 0 0 0 0 0 0 0 0 0 0 0 0 0 0 0 0 0 0 0 0 0 0 0 0 0 0 0 0 0 0 0 0 0 0 0 0 0 0 0 0 0 0 0 0 0 0 0 0 0 0 0 0 0 0 0 0 0 0 0 0 0 0 0 0 0 0 0 0 0 0 0 0 0 0 0 0 0 0 0 0 0 0 0 0 0 0 0 0 0 0 0 0 0 0 0 0 0 0 0 0 0 0 0 0 0 0 0 0 0 0 0 0 0 0 0 0 0 0 0 0 0 0 0 0 0 0 0 0 0 0 0 0 0 0 0 0 0 0 0 0 0 0 0 0 0 0 0 0 0 0 0 0 0 0 0 0 0 0 0 0 0 0 0 0 0 0 0 0 0 0 0 0 0 0 0 0 0 0 0 0 0 0 0 0 0 0 0 0 0 0 0 0 0 0 0 0 0 0 0 0 0 0 0 0 0 0 0 0 0 0 0 0 0 0 0 0 0 0 0 0 0 0 0 0 0 0 0 0 0 0 0 0 0 0 0 0 0 0 0 0 0 0 0 0 0 0 0 0 0 0 0 0 0 0 0 0 0 0 0 0 0 0 0 0 0 0 0 0 0 0 0 0 0 0 0 0 0 0 0 0 0 0 0 0 0 0 0 0 0 0 0 0 0 0 0 0 0 0 0 0 0 0 0 0 0 0 0 0 0 0 0 0 0 0 0 0 0 0 0 0 0 0 0 0 0 0 0 0 0 0 0 0 0 0 0 0 0 0 0 0 0 0 0 0 0 0 0 0 0 0 0 0 0 0 0 0 0 0 0 0 0 0 0 0 0 0 0 0 0 0 0 0 0 0 0 0 0 0 0 0 0 0 0 0 0 0 0 0 0 0 0 0 0 0 0 0 0 0 0 0 0 0 0 0 0 0 0 0 0 0 0 0 0 0 0 0 0 0 0 0 0 0 0 0 0 0 0 0 0 0 0 0 0 0 0 0 0 0 0 0 0 0 0 0 0 0 0 0 0 0 0 0 0 0 0 0 0 0 0 0 0 0 0 0 0 0 0 0 0 0 0 0 0 0 0 0 0 0 0 0 0 0 0 0 0 0 0 0 0 0 0 0 0 0 0 0 0 0 0 0 0 0 0 0 0 0 0 0 0 0 0 0 0 0 0 0 0 0 0 0 0 0 0 0 0 0 0 0 0 0 0 0 0 0 0 0 0 0 0 0 0 0 0 0 0 0 0 0 0 0 0 0 0 0 0 0 0 0 0 0 0 0 0 0 0 0 0 0 0 0 0 0 0 0 0 0 0 0 0 0 0 0 0 0 0 0 0 0 0 0 0 0 0 0 0 0 0 0 0 0 0 0 0 0 0 0 0 0 0 0 0 0 0 0 0 0 0 0 0 0 0 0 0 0 0 0 0 0 0 0 0 0 0 0 0 0 0 0 0 0 0 0 0 0 0 0 0 0 0 0 0 0 0 0 0 0 0 0 0 0 0 0 0 0 0 0 0 0 0 0 0 0 0 0 0 0 0 0 0 0 0 0 0 0 0 0 0 0 0 0 0 0 0 0 0 0 0 0 0 0 0 0 0 0 0 0 0 0 0 0 0 0 0 0 0 0 0 0 0 0 0 0 0 0 0 0 0 0 0 0 0 0 0 0 0 0 0 0 0 0 0 0 0 0 0 0 0 0 0 0 0 0 0 0 0 0 0 0 0 0 0 0 0 0 0 0 0 0 0 0 0 0 0 0 0 0 0 0 0 0 0 0 0 0 0 0 0 0 0 0 0 0 0 0 0 0 0 0 0 0 0 0 0 0 0 0 0 0 0 0 0 0 0 0 0 0 0 0 0 0 0 0 0 0 0 0 0 0 0 0 0 0 0 0 0 0 0 0 0 0 0 0 0 0 0 0 0 0 0 0 0 0 0 0 0 0 0 0 0 0 0 0 0 0 0 0 0 0 0 0 0 0 0 0 0 0 0 0 0 0 0 0 0 0 0 0 0 0 0 0 0 0 0 0 0 0 0 0 0 0 0 0 0 0 0 0 0 0 0 0 0 0 0 0 0 0 0 0 0 0 0 0 0 0 0 0 0 0 0 0 0 0 0 0 0 0 0 0 0 0 0 0 0 0 0 0 0 0 0 0 0 0 0 0 0 0 0 0 0 0 0 0 0 0 0 0 0 0 0 0 0 0 0 0 0 0 0 0 0 0 0 0 0 0 0 0 0 0 0 0 0 0 0 0 0 0 0 0 0 0 0 0 0 0 0 0 0 0 0 0 0 0 0 0 0 0 0 0 0 0 0 0 0 0 0 0 0 0 0 0 0 0 0 0 0 0 0 0 0 0 0 0 0 0 0 0 0 0 0 0 0 0 0 0 0 0 0 0 0 0 0 0 0 0 0 0 0 0 0 0 0 0 0 0 0 0 0 0 0 0 0 0 0 0 0 0 0 0 0 0 0 0 0 0 0 0 0 0 0 0 0 0 0 0 0 0 0 0 0 0 0 0 0 0 0 0 0 0 0 0 0 0 0 0 0 0 0 0 0 0 0 0 0 0 0 0 0 0 0 0 0 0 0 0 0 0 0 0 0 0 0 0 0 0 0 0 0 0 0 0 0 0 0 0 0 0 0 0 0 0 0 0 0 0 0 0 0 0 0 0 0 0 0 0 0 0 0 0 0 0 0 0 0 0 0 0 0 0 0 0 0 0 0 0 0 0 0 0 0 0 0 0 0 0 0 0 0 0 0 0 0 0 0 0 0 0 0 0 0 0 0 0 0 0 0 0 0 0 0 0 0 0 0 0 0 0 0 0 0 0 0 0 0 0 0 0 0 0 0 0 0 0 0 0 0 0 0 0 0 0 0 0 0 0 0 0 0 0 0 0 0 0 0 0 0 0 0 0 0 0 0 0 0 0 0 0 0 0 0 0 0 0 0 0 0 0 0 0 0 0 0 0 0 0 0 0 0 0 0 0 0 0 0 0 0 0 0 0 0 0 0 0 0 0 0 0 0 0 0 0 0 0 0 0 0 0 0 0 0 0 0 0 0 0 0 0 0 0 0 0 0 0 0 0 0 0 0 0 0 0 0 0 0 0 0 0 0 0 0 0 0 0 0 0 0 0 0 0 0 0 0 0 0 0 0 0 0 0 0 0 0 0 0 0 0 0 0 0 0 0 0 0 0 0 0 0 0 0 0 0 0 0 0 0 0 0 0 0 0 0 0 0 0 0 0 0 0 0 0 0 0 0 0 0 0 0 0 0 0 0 0 0 0 0 0 0 0 0 0 0 0 0 0 0 0 0 0 0 0 0 0 0 0 0 0 0 0 0 0 0 0 0 0 0 0 0 0 0 0 0 0 0 0 0 0 0 0 0 0 0 0 0 0 0 0 0 0 0 0 0 0 0 0 0 0 0 0 0 0 0 0 0 0 0 0 0 0 0 0 0 0 0 0 0 0 0 0 0 0 0 0 0 0 0 0 0 0 0 0 0 0 0 0 0 0 0 0 0 0 0 0 0 0 0 0 0 0 0 0 0 0 0 0 0 0 0 0 0 0 0 0 0 0 0 0 0 0 0 0 0 0 0 0 0 0 0 0 0 0 0 0 0 0 0 0 0 0 0 0 0 0 0 0 0 0 0 0 0 0 0 0 0 0 0 0 0 0 0 0 0 0 0 0 0 0 0 0 0 0 0 0 0 0 0 0 0 0 0 0 0 0 0 0 0 0 0 0 0 0 0 0 0 0 0 0 0 0 0 0 0 0 0 0 0 0 0 0 0 0 0 0 0 0 0 0 0 0 0 0 0 0 0 0 0 0 0 0 0 0 0 0 0 0 0 0 0 0 0 0 0 0 0 0 0 0 0 0 0 0 0 0 0 0 0 0 0 0 0 0 0 0 0 0 0 0 0 0 0 0 0 0 0 0 0 0 0 0 0 0 0 0 0 0 0 0 0 0 0 0 0 0 0 0 0 0 0 0 0 0 0 0 0 0 0 0 0 0 0 0 0 0 0 0 0 0 0 0 0 0 0 0 0 0 0 0 0 0 0 0 0 0 0 0 0 0 0 0 0 0 0 0 0 0 0 0 0 0 0 0 0 0 0 0 0 0 0 0 0 0 0 0 0 0 0 0 0 0 0 0 0 0 0 0 0 0 0 0 0 0 0 0 0 0 0 0 0 0 0 0 0 0 0 0 0 0 0 0 0 0 0 0 0 0 0 0 0 0 0 0 0 0 0 0 0 0 0 0 0 0 0 0 0 0 0 0 0 0 0 0 0 0 0 0 0 0 0 0 0 0 0 0 0 0 0 0 0 0 0 0 0 0 0 0 0 0 0 0 0 0 0 0 0 0 0 0 0 0 0 0 0 0 0 0 0 0 0 0 0 0 0 0 0 0 0 0 0 0 0 0 0 0 0 0 0 0 0 0 0 0 0 0 0 0 0 0 0 0 0 0 0 0 0 0 0 0 0 0 0 0 0 0 0 0 0 0 0 0 0 0 0 0 0 0 0 0 0 0 0 0 0 0 0 0 0 0 0 0 0 0 0 0 0 0 0 0 0 0 0 0 0 0 0 0 0 0 0 0 0 0 0 0 0 0 0 0 0 0 0 0 0 0 0 0 0 0 0 0 0 0 0 0 0 0 0 0 0 0 0 0 0 0 0 0 0 0 0 0 0 0 0 0 0 0 0 0 0 0 0 0 0 0 0 0 0 0 0 0 0 0 0 0 0 0 0 0 0 0 0 0 0 0 0 0 0 0 0 0 0 0 0 0 0 0 0 0 0 0 0 0 0 0 0 0 0 0 0 0 0 0 0 0 0 0 0 0 0 0 0 0 0 0 0 0 0 0 0 0 0 0 0 0 0 0 0 0 0 0 0 0 0 0 0 0 0 0 0 0 0 0 0 0 0 0 0 0 0 0 0 0 0 0 0 0 0 0 0 0 0 0 0 0 0 0 0 0 0 0 0 0 0 0 0 0 0 0 0 0 0 0 0 0 0 0 0 0 0 0 0 0 0 0 0 0 0 0 0 0 0 0 0 0 0 0 0 0 0 0 0 0 0 0 0 0 0 0 0 0 0 0 0 0 0 0 0 0 0 0 0 0 0 0 0 0 0 0 0 0 0 0 0 0 0 0 0 0 0 0 0 0 0 0 0 0 0 0 0 0 0 0 0 0 0 0 0 0 0 0 0 0 0 0 0 0 0 0 0 0 0 0 0 0 0 0 0 0 0 0 0 0 0 0 0 0 0 0 0 0 0 0 0 0 0 0 0 0 0 0 0 0 0 0 0 0 0 0 0 0 0 0 0 0 0 0 0 0 0 0 0 0 0 0 0 0 0 0 0 0 0 0 0 0 0 0 0 0 0 0 0 0 0 0 0 0 0 0 0 0 0 0 0 0 0 0 0 0 0 0 0 0 0 0 0 0 0 0 0 0 0 0 0 0 0 0 0 0 0 0 0 0 0 0 0 0 0 0 0 0 0 0 0 0 0 0 0 0 0 0 0 0 0 0 0 0 0 0 0 0 0 0 0 0 0 0 0 0 0 0 0 0 0 0 0 0 0 0 0 0 0 0 0 0 0 0 0 0 0 0 0 0 0 0 0 0 0 0 0 0 0 0 0 0 0 0 0 0 0 0 0 0 0 0 0 0 0 0 0 0 0 0 0 0 0 0 0 0 0 0 0 0 0 0 0 0 0 0 0 0 0 0 0 0 0 0 0 0 0 0 0 0 0 0 0 0 0 0 0 0 0 0 0 0 0 0 0 0 0 0 0 0 0 0 0 0 0 0 0 0 0 0 0 0 0 0 0 0 0 0 0 0 0 0 0 0 0 0 0 0 0 0 0 0 0 0 0 0 0 0 0 0 0 0 0 0 0 0 0 0 0 0 0 0 0 0 0 0 0 0 0 0 0 0 0 0 0 0 0 0 0 0 0 0 0 0 0 0 0 0 0 0 0 0 0 0 0 0 0 0 0 0 0 0 0 0 0 0 0 0 0 0 0 0 0 0 0 0 0 0 0 0 0 0 0 0 0 0 0 0 0 0 0 0 0 0 0 0 0 0 0 0 0 0 0 0 0 0 0 0 0 0 0 0 0 0 0 0 0 0 0 0 0 0 0 0 0 0 0 0 0 0 0 0 0 0 0 0 0 0 0 0 0 0 0 0 0 0 0 0 0 0 0 0 0 0 0 0 0 0 0 0 0 0 0 0 0 0 0 0 0 0 0 0 0 0 0 0 0 0 0 0 0 0 0 0 0 0 0 0 0 0 0 0 0 0 0 0 0 0 0 0 0 0 0 0 0 0 0 0 0 0 0 0 0 0 0 0 0 0 0 0 0 0 0 0 0 0 0 0 0 0 0 0 0 0 0 0 0 0 0 0 0 0 0 0 0 0 0 0 0 0 0 0 0 0 0 0 0 0 0 0 0 0 0 0 0 0 0 0 0 0 0 0 0 0 0 0 0 0 0 0 0 0 0 0 0 0 0 0 0 0 0 0 0 0 0 0 0 0 0 0 0 0 0 0 0 0 0 0 0 0 0 0 0 0 0 0 0 0 0 0 0 0 0 0 0 0 0 0 0 0 0 0 0 0 0 0 0 0 0 0 0 0 0 0 0 0 0 0 0 0 0 0 0 0 0 0 0 0 0 0 0 0 0 0 0 0 0 0 0 0 0 0 0 0 0 0 0 0 0 0 0 0 0 0 0 0 0 0 0 0 0 0 0 0 0 0 0 0 0 0 0 0 0 0 0 0 0 0 0 0 0 0 0 0 0 0 0 0 0 0 0 0 0 0 0 0 0 0 0 0 0 0 0 0 0 0 0 0 0 0 0 0 0 0 0 0 0 0 0 0 0 0 0 0 0 0 0 0 0 0 0 0 0 0 0 0 0 0 0 0 0 0 0 0 0 0 0 0 0 0 0 0 0 0 0 0 0 0 0 0 0 0 0 0 0 0 0 0 0 0 0 0 0 0 0 0 0 0 0 0 0 0 0 0 0 0 0 0 0 0 0 0 0 0 0 0 0 0 0 0 0 0 0 0 0 0 0 0 0 0 0 0 0 0 0 0 0 0 0 0 0 0 0 0 0 0 0 0 0 0 0 0 0 0 0 0 0 0 0 0 0 0 0 0 0 0 0 0 0 0 0 0 0 0 0 0 0 0 0 0 0 0 0 0 0 0 0 0 0 0 0 0 0 0 0 0 0 0 0 0 0 0 0 0 0 0 0 0 0 0 0 0 0 0 0 0 0 0 0 0 0 0 0 0 0 0 0 0 0 0 0 0 0 0 0 0 0 0 0 0 0 0 0 0 0 0 0 0 0 0 0 0 0 0 0 0 0 0 0 0 0 0 0 0 0 0 0 0 0 0 0 0 0 0 0 0 0 0 0 0 0 0 0 0 0 0 0 0 0 0 0 0 0 0 0 0 0 0 0 0 0 0 0 0 0 0 0 0 0 0 0 0 0 0 0 0 0 0 0 0 0 0 0 0 0 0 0 0 0 0 0 0 0 0 0 0 0 0 0 0 0 0 0 0 0 0 0 0 0 0 0 0 0 0 0 0 0 0 0 0 0 0 0 0 0 0 0 0 0 0 0 0 0 0 0 0 0 0 0 0 0 0 0 0 0 0 0 0 0 0 0 0 0 0 0 0 0 0 0 0 0 0 0 0 0 0 0 0 0 0 0 0 0 0 0 0 0 0 0 0 0 0 0 0 0 0 0 0 0 0 0 0 0 0 0 0 0 0 0 0 0 0 0 0 0 0 0 0 0 0 0 0 0 0 0 0 0 0 0 0 0 0 0 0 0 0 0 0 0 0 0 0 0 0 0 0 0 0 0 0 0 0 0 0 0 0 0 0 0 0 0 0 0 0 0 0 0 0 0 0 0 0 0 0 0 0 0 0 0 0 0 0 0 0 0 0 0 0 0 0 0 0 0 0 0 0 0 0 0 0 0 0 0 0 0 0 0 0 0 0 0 0 0 0 0 0 0 0 0 0 0 0 0 0 0 0 0 0 0 0 0 0 0 0 0 0 0 0 0 0 0 0 0 0 0 0 0 0 0 0 0 0 0 0 0 0 0 0 0 0 0 0 0 0 0 0 0 0 0 0 0 0 0 0 0 0 0 0 0 0 0 0 0 0 0 0 0 0 0 0 0 0 0 0 0 0 0 0 0 0 0 0 0 0 0 0 0 0 0 0 0 0 0 0 0 0 0 0 0 0 0 0 0 0 0 0 0 0 0 0 0 0 0 0 0 0 0 0 0 0 0 0 0 0 0 0 0 0 0 0 0 0 0 0 0 0 0 0 0 0 0 0 0 0 0 0 0 0 0 0 0 0 0 0 0 0 0 0 0 0 0 0 0 0 0 0 0 0 0 0 0 0 0 0 0 0 0 0 0 0 0 0 0 0 0 0 0 0 0 0 0 0 0 0 0 0 0 0 0 0 0 0 0 0 0 0 0 0 0 0 0 0 0 0 0 0 0 0 0 0 0 0 0 0 0 0 0 0 0 0 0 0 0 0 0 0 0 0 0 0 0 0 0 0 0 0 0 0 0 0 0 0 0 0 0 0 0 0 0 0 0 0 0 0 0 0 0 0 0 0 0 0 0 0 0 0 0 0 0 0 0 0 0 0 0 0 0 0 0 0 0 0 0 0 0 0 0 0 0 0 0 0 0 0 0 0 0 0 0 0 0 0 0 0 0 0 0 0 0 0 0 0 0 0 0 0 0 0 0 0 0 0 0 0 0 0 0 0 0 0 0 0 0 0 0 0 0 0 0 0 0 0 0 0 0 0 0 0 0 0 0 0 0 0 0 0 0 0 0 0 0 0 0 0 0 0 0 0 0 0 0 0 0 0 0 0 0 0 0 0 0 0 0 0 0 0 0 0 0 0 0 0 0 0 0 0 0 0 0 0 0 0 0 0 0 0 0 0 0 0 0 0 0 0 0 0 0 0 0 0 0 0 0 0 0 0 0 0 0 0 0 0 0 0 0 0 0 0 0 0 0 0 0 0 0 0 0 0 0 0 0 0 0 0 0 0 0 0 0 0 0 0 0 0 0 0 0 0 0 0 0 0 0 0 0 0 0 0 0 0 0 0 0 0 0 0 0 0 0 0 0 0 0 0 0 0 0 0 0 0 0 0 0 0 0 0 0 0 0 0 0 0 0 0 0 0 0 0 0 0 0 0 0 0 0 0 0 0 0 0 0 0 0 0 0 0 0 0 0 0 0 0 0 0 0 0 0 0 0 0 0 0 0 0 0 0 0 0 0 0 0 0 0 0 0 0 0 0 0 0 0 0 0 0 0 0 0 0 0 0 0 0 0 0 0 0 0 0 0 0 0 0 0 0 0 0 0 0 0 0 0 0 0 0 0 0 0 0 0 0 0 0 0 0 0 0 0 0 0 0 0 0 0 0 0 0 0 0 0 0 0 0 0 0 0 0 0 0 0 0 0 0 0 0 0 0 0 0 0 0 0 0 0 0 0 0 0 0 0 0 0 0 0 0 0 0 0 0 0 0 0 0 0 0 0 0 0 0 0 0 0 0 0 0 0 0 0 0 0 0 0 0 0 0 0 0 0 0 0 0 0 0 0 0 0 0 0 0 0 0 0 0 0 0 0 0 0 0 0 0 0 0 0 0 0 0 0 0 0 0 0 0 0 0 0 0 0 0 0 0 0 0 0 0 0 0 0 0 0 0 0 0 0 0 0 0 0 0 0 0 0 0 0 0 0 0 0 0 0 0 0 0 0 0 0 0 0 0 0 0 0 0 0 0 0 0 0 0 0 0 0 0 0 0 0 0 0 0 0 0 0 0 0 0 0 0 0 0 0 0 0 0 0 0 0 0 0 0 0 0 0 0 0 0 0 0 0 0 0 0 0 0 0 0 0 0 0 0 0 0 0 0 0 0 0 0 0 0 0 0 0 0 0 0 0 0 0 0 0 0 0 0 0 0 0 0 0 0 0 0 0 0 0 0 0 0 0 0 0 0 0 0 0 0 0 0 0 0 0 0 0 0 0 0 0 0 0 0 0 0 0 0 0 0 0 0 0 0 0 0 0 0 0 0 0 0 0 0 0 0 0 0 0 0 0 0 0 0 0 0 0 0 0 0 0 0 0 0 0 0 0 0 0 0 0 0 0 0 0 0 0 0 0 0 0 0 0 0 0 0 0 0 0 0 0 0 0 0 0 0 0 0 0 0 0 0 0 0 0 0 0 0 0 0 0 0 0 0 0 0 0 0 0 0 0 0 0 0 0 0 0 0 0 0 0 0 0 0 0 0 0 0 0 0 0 0 0 0 0 0 0 0 0 0 0 0 0 0 0 0 0 0 0 0 0 0 0 0 0 0 0 0 0 0 0 0 0 0 0 0 0 0 0 0 0 0 0 0 0 0 0 0 0 0 0 0 0 0 0 0 0 0 0 0 0 0 0 0 0 0 0 0 0 0 0 0 0 0 0 0 0 0 0 0 0 0 0 0 0 0 0 0 0 0 0 0 0 0 0 0 0 0 0 0 0 0 0 0 0 0 0 0 0 0 0 0 0 0 0 0 0 0 0 0 0 0 0 0 0 0 0 0 0 0 0 0 0 0 0 0 0 0 0 0 0 0 0 0 0 0 0 0 0 0 0 0 0 0 0 0 0 0 0 0 0 0 0 0 0 0 0 0 0 0 0 0 0 0 0 0 0 0 0 0 0 0 0 0 0 0 0 0 0 0 0 0 0 0 0 0 0 0 0 0 0 0 0 0 0 0 0 0 0 0 0 0 0 0 0 0 0 0 0 0 0 0 0 0 0 0 0 0 0 0 0 0 0 0 0 0 0 0 0 0 0 0 0 0 0 0 0 0 0 0 0 0 0 0 0 0 0 0 0 0 0 0 0 0 0 0 0 0 0 0 0 0 0 0 0 0 0 0 0 0 0 0 0 0 0 0 0 0 0 0 0 0 0 0 0 0 0 0 0 0 0 0 0 0 0 0 0 0 0 0 0 0 0 0 0 0 0 0 0 0 0 0 0 0 0 0 0 0 0 0 0 0 0 0 0 0 0 0 0 0 0 0 0 0 0 0 0 0 0 0 0 0 0 0 0 0 0 0 0 0 0 0 0 0 0 0 0 0 0 0 0 0 0 0 0 0 0 0 0 0 0 0 0 0 0 0 0 0 0 0 0 0 0 0 0 0 0 0 0 0 0 0 0 0 0 0 0 0 0 0 0 0 0 0 0 0 0 0 0 0 0 0 0 0 0 0 0 0 0 0 0 0 0 0 0 0 0 0 0 0 0 0 0 0 0 0 0 0 0 0 0 0 0 0 0 0 0 0 0 0 0 0 0 0 0 0 0 0 0 0 0 0 0 0 0 0 0 0 0 0 0 0 0 0 0 0 0 0 0 0 0 0 0 0 0 0 0 0 0 0 0 0 0 0 0 0 0 0 0 0 0 0 0 0 0 0 0 0 0 0 0 0 0 0 0 0 0 0 0 0 0 0 0 0 0 0 0 0 0 0 0 0 0 0 0 0 0 0 0 0 0 0 0 0 0 0 0 0 0 0 0 0 0 0 0 0 0 0 0 0 0 0 0 0 0 0 0 0 0 0 0 0 0 0 0 0 0 0 0 0 0 0 0 0 0 0 0 0 0 0 0 0 0 0 0 0 0 0 0 0 0 0 0 0 0 0 0 0 0 0 0 0 0 0 0 0 0 0 0 0 0 0 0 0 0 0 0 0 0 0 0 0 0 0 0 0 0 0 0 0 0 0 0 0 0 0 0 0 0 0 0 0 0 0 0 0 0 0 0 0 0 0 0 0 0 0 0 0 0 0 0 0 0 0 0 0 0 0 0 0 0 0 0 0 0 0 0 0 0 0 0 0 0 0 0 0 0 0 0 0 0 0 0 0 0 0 0 0 0 0 0 0 0 0 0 0 0 0 0 0 0 0 0 0 0 0 0 0 0 0 0 0 0 0 0 0 0 0 0 0 0 0 0 0 0 0 0 0 0 0 0 0 0 0 0 0 0 0 0 0 0 0 0 0 0 0 0 0 0 0 0 0 0 0 0 0 0 0 0 0 0 0 0 0 0 0 0 0 0 0 0 0 0 0 0 0 0 0 0 0 0 0 0 0 0 0 0 0 0 0 0 0 0 0 0 0 0 0 0 0 0 0 0 0 0 0 0 0 0 0 0 0 0 0 0 0 0 0 0 0 0 0 0 0 0 0 0 0 0 0 0 0 0 0 0 0 0 0 0 0 0 0 0 0 0 0 0 0 0 0 0 0 0 0 0 0 0 0 0 0 0 0 0 0 0 0 0 0 0 0 0 0 0 0 0 0 0 0 0 0 0 0 0 0 0 0 0 0 0 0 0 0 0 0 0 0 0 0 0 0 0 0 0 0 0 0 0 0 0 0 0 0 0 0 0 0 0 0 0 0 0 0 0 0 0 0 0 0 0 0 0 0 0 0 0 0 0 0 0 0 0 0 0 0 0 0 0 0 0 0 0 0 0 0 0 0 0 0 0 0 0 0 0 0 0 0 0 0 0 0 0 0 0 0 0 0 0 0 0 0 0 0 0 0 0 0 0 0 0 0 0 0 0 0 0 0 0 0 0 0 0 0 0 0 0 0 0 0 0 0 0 0 0 0 0 0 0 0 0 0 0 0 0 0 0 0 0 0 0 0 0 0 0 0 0 0 0 0 0 0 0 0 0 0 0 0 0 0 0 0 0 0 0 0 0 0 0 0 0 0 0 0 0 0 0 0 0 0 0 0 0 0 0 0 0 0 0 0 0 0 0 0 0 0 0 0 0 0 0 0 0 0 0 0 0 0 0 0 0 0 0 0 0 0 0 0 0 0 0 0 0 0 0 0 0 0 0 0 0 0 0 0 0 0 0 0 0 0 0 0 0 0 0 0 0 0 0 0 0 0 0 0 0 0 0 0 0 0 0 0 0 0 0 0 0 0 0 0 0 0 0 0 0 0 0 0 0 0 0 0 0 0 0 0 0 0 0 0 0 0 0 0 0 0 0 0 0 0 0 0 0 0 0 0 0 0 0 0 0 0 0 0 0 0 0 0 0 0 0 0 0 0 0 0 0 0 0 0 0 0 0 0 0 0 0 0 0 0 0 0 0 0 0 0 0 0 0 0 0 0 0 0 0 0 0 0 0 0 0 0 0 0 0 0 0 0 0 0 0 0 0 0 0 0 0 0 0 0 0 0 0 0 0 0 0 0 0 0 0 0 0 0 0 0 0 0 0 0 0 0 0 0 0 0 0 0 0 0 0 0 0 0 0 0 0 0 0 0 0 0 0 0 0 0 0 0 0 0 0 0 0 0 0 0 0 0 0 0 0 0 0 0 0 0 0 0 0 0 0 0 0 0 0 0 0 0 0 0 0 0 0 0 0 0 0 0 0 0 0 0 0 0 0 0 0 0 0 0 0 0 0 0 0 0 0 0 0 0 0 0 0 0 0 0 0 0 0 0 0 0 0 0 0 0 0 0 0 0 0 0 0 0 0 0 0 0 0 0 0 0 0 0 0 0 0 0 0 0 0 0 0 0 0 0 0 0 0 0 0 0 0 0 0 0 0 0 0 0 0 0 0 0 0 0 0 0 0 0 0 0 0 0 0 0 0 0 0 0 0 0 0 0 0 0 0 0 0 0 0 0 0 0 0 0 0 0 0 0 0 0 0 0 0 0 0 0 0 0 0 0 0 0 0 0 0 0 0 0 0 0 0 0 0 0 0 0 0 0 0 0 0 0 0 0 0 0 0 0 0 0 0 0 0 0 0 0 0 0 0 0 0 0 0 0 0 0 0 0 0 0 0 0 0 0 0 0 0 0 0 0 0 0 0 0 0 0 0 0 0 0 0 0 0 0 0 0 0 0 0 0 0 0 0 0 0 0 0 0 0 0 0 0 0 0 0 0 0 0 0 0 0 0 0 0 0 0 0 0 0 0 0 0 0 0 0 0 0 0 0 0 0 0 0 0 0 0 0 0 0 0 0 0 0 0 0 0 0 0 0 0 0 0 0 0 0 0 0 0 0 0 0 0 0 0 0 0 0 0 0 0 0 0 0 0 0 0 0 0 0 0 0 0 0 0 0 0 0 0 0 0 0 0 0 0 0 0 0 0 0 0 0 0 0 0 0 0 0 0 0 0 0 0 0 0 0 0 0 0 0 0 0 0 0 0 0 0 0 0 0 0 0 0 0 0 0 0 0 0 0 0 0 0 0 0 0 0 0 0 0 0 0 0 0 0 0 0 0 0 0 0 0 0 0 0 0 0 0 0 0 0 0 0 0 0 0 0 0 0 0 0 0 0 0 0 0 0 0 0 0 0 0 0 0 0 0 0 0 0 0 0 0 0 0 0 0 0 0 0 0 0 0 0 0 0 0 0 0 0 0 0 0 0 0 0 0 0 0 0 0 0 0 0 0 0 0 0 0 0 0 0 0 0 0 0 0 0 0 0 0 0 0 0 0 0 0 0 0 0 0 0 0 0 0 0 0 0 0 0 0 0 0 0 0 0 0 0 0 0 0 0 0 0 0 0 0 0 0 0 0 0 0 0 0 0 0 0 0 0 0 0 0 0 0 0 0 0 0 0 0 0 0 0 0 0 0 0 0 0 0 0 0 0 0 0 0 0 0 0 0 0 0 0 0 0 0 0 0 0 0 0 0 0 0 0 0 0 0 0 0 0 0 0 0 0 0 0 0 0 0 0 0 0 0 0 0 0 0 0 0 0 0 0 0 0 0 0 0 0 0 0 0 0 0 0 0 0 0 0 0 0 0 0 0 0 0 0 0 0 0 0 0 0 0 0 0 0 0 0 0 0 0 0 0 0 0 0 0 0 0 0 0 0 0 0 0 0 0 0 0 0 0 0 0 0 0 0 0 0 0 0 0 0 0 0 0 0 0 0 0 0 0 0 0 0 0 0 0 0 0 0 0 0 0 0 0 0 0 0 0 0 0 0 0 0 0 0 0 0 0 0 0 0 0 0 0 0 0 0 0 0 0 0 0 0 0 0 0 0 0 0 0 0 0 0 0 0 0 0 0 0 0 0 0 0 0 0 0 0 0 0 0 0 0 0 0 0 0 0 0 0 0 0 0 0 0 0 0 0 0 0 0 0 0 0 0 0 0 0 0 0 0 0 0 0 0 0 0 0 0 0 0 0 0 0 0 0 0 0 0 0 0 0 0 0 0 0 0 0 0 0 0 0 0 0 0 0 0 0 0 0 0 0 0 0 0 0 0 0 0 0 0 0 0 0 0 0 0 0 0 0 0 0 0 0 0 0 0 0 0 0 0 0 0 0 0 0 0 0 0 0 0 0 0 0 0 0 0 0 0 0 0 0 0 0 0 0 0 0 0 0 0 0 0 0 0 0 0 0 0 0 0 0 0 0 0 0 0 0 0 0 0 0 0 0 0 0 0 0 0 0 0 0 0 0 0 0 0 0 0 0 0 0 0 0 0 0 0 0 0 0 0 0 0 0 0 0 0 0 0 0 0 0 0 0 0 0 0 0 0 0 0 0 0 0 0 0 0 0 0 0 0 0 0 0 0 0 0 0 0 0 0 0 0 0 0 0 0 0 0 0 0 0 0 0 0 0 0 0 0 0 0 0 0 0 0 0 0 0 0 0 0 0 0 0 0 0 0 0 0 0 0 0 0 0 0 0 0 0 0 0 0 0 0 0 0 0 0 0 0 0 0 0 0 0 0 0 0 0 0 0 0 0 0 0 0 0 0 0 0 0 0 0 0 0 0 0 0 0 0 0 0 0 0 0 0 0 0 0 0 0 0 0 0 0 0 0 0 0 0 0 0 0 0 0 0 0 0 0 0 0 0 0 0 0 0 0 0 0 0 0 0 0 0 0 0 0 0 0 0 0 0 0 0 0 0 0 0 0 0 0 0 0 0 0 0 0 0 0 0 0 0 0 0 0 0 0 0 0 0 0 0 0 0 0 0 0 0 0 0 0 0 0 0 0 0 0 0 0 0 0 0 0 0 0 0 0 0 0 0 0 0 0 0 0 0 0 0 0 0 0 0 0 0 0 0 0 0 0 0 0 0 0 0 0 0 0 0 0 0 0 0 0 0 0 0 0 0 0 0 0 0 0 0 0 0 0 0 0 0 0 0 0 0 0 0 0 0 0 0 0 0 0 0 0 0 0 0 0 0 0 0 0 0 0 0 0 0 0 0 0 0 0 0 0 0 0 0 0 0 0 0 0 0 0 0 0 0 0 0 0 0 0 0 0 0 0 0 0 0 0 0 0 0 0 0 0 0 0 0 0 0 0 0 0 0 0 0 0 0 0 0 0 0 0 0 0 0 0 0 0 0 0 0 0 0 0 0 0 0 0 0 0 0 0 0 0 0 0 0 0 0 0 0 0 0 0 0 0 0 0 0 0 0 0 0 0 0 0 0 0 0 0 0 0 0 0 0 0 0 0 0 0 0 0 0 0 0 0 0 0 0 0 0 0 0 0 0 0 0 0 0 0 0 0 0 0 0 0 0 0 0 0 0 0 0 0 0 0 0 0 0 0 0 0 0 0 0 0 0 0 0 0 0 0 0 0 0 0 0 0 0 0 0 0 0 0 0 0 0 0 0 0 0 0 0 0 0 0 0 0 0 0 0 0 0 0 0 0 0 0 0 0 0 0 0 0 0 0 0 0 0 0 0 0 0 0 0 0 0 0 0 0 0 0 0 0 0 0 0 0 0 0 0 0 0 0 0 0 0 0 0 0 0 0 0 0 0 0 0 0 0 0 0 0 0 0 0 0 0 0 0 0 0 0 0 0 0 0 0 0 0 0 0 0 0 0 0 0 0 0 0 0 0 0 0 0 0 0 0 0 0 0 0 0 0 0 0 0 0 0 0 0 0 0 0 0 0 0 0 0 0 0 0 0 0 0 0 0 0 0 0 0 0 0 0 0 0 0 0 0 0 0 0 0 0 0 0 0 0 0 0 0 0 0 0 0 0 0 0 0 0 0 0 0 0 0 0 0 0 0 0 0 0 0 0 0 0 0 0 0 0 0 0 0 0 0 0 0 0 0 0 0 0 0 0 0 0 0 0 0 0 0 0 0 0 0 0 0 0 0 0 0 0 0 0 0 0 0 0 0 0 0 0 0 0 0 0 0 0 0 0 0 0 0 0 0 0 0 0 0 0 0 0 0 0 0 0 0 0 0 0 0 0 0 0 0 0 0 0 0 0 0 0 0 0 0 0 0 0 0 0 0 0 0 0 0 0 0 0 0 0 0 0 0 0 0 0 0 0 0 0 0 0 0 0 0 0 0 0 0 0 0 0 0 0 0 0 0 0 0 0 0 0 0 0 0 0 0 0 0 0 0 0 0 0 0 0 0 0 0 0 0 0 0 0 0 0 0 0 0 0 0 0 0 0 0 0 0 0 0 0 0 0 0 0 0 0 0 0 0 0 0 0 0 0 0 0 0 0 0 0 0 0 0 0 0 0 0 0 0 0 0 0 0 0 0 0 0 0 0 0 0 0 0 0 0 0 0 0 0 0 0 0 0 0 0 0 0 0 0 0 0 0 0 0 0 0 0 0 0 0 0 0 0 0 0 0 0 0 0 0 0 0 0 0 0 0 0 0 0 0 0 0 0 0 0 0 0 0 0 0 0 0 0 0 0 0 0 0 0 0 0 0 0 0 0 0 0 0 0 0 0 0 0 0 0 0 0 0 0 0 0 0 0 0 0 0 0 0 0 0 0 0 0 0 0 0 0 0 0 0 0 0 0 0 0 0 0 0 0 0 0 0 0 0 0 0 0 0 0 0 0 0 0 0 0 0 0 0 0 0 0 0 0 0 0 0 0 0 0 0 0 0 0 0 0 0 0 0 0 0 0 0 0 0 0 0 0 0 0 0 0 0 0 0 0 0 0 0 0 0 0 0 0 0 0 0 0 0 0 0 0 0 0 0 0 0 0 0 0 0 0 0 0 0 0 0 0 0 0 0 0 0 0 0 0 0 0 0 0 0 0 0 0 0 0 0 0 0 0 0 0 0 0 0 0 0 0 0 0 0 0 0 0 0 0 0 0 0 0 0 0 0 0 0 0 0 0 0 0 0 0 0 0 0 0 0 0 0 0 0 0 0 0 0 0 0 0 0 0 0 0 0 0 0 0 0 0 0 0 0 0 0 0 0 0 0 0 0 0 0 0 0 0 0 0 0 0 0 0 0 0 0 0 0 0 0 0 0 0 0 0 0 0 0 0 0 0 0 0 0 0 0 0 0 0 0 0 0 0 0 0 0 0 0 0 0 0 0 0 0 0 0 0 0 0 0 0 0 0 0 0 0 0 0 0 0 0 0 0 0 0 0 0 0 0 0 0 0 0 0 0 0 0 0 0 0 0 0 0 0 0 0 0 0 0 0 0 0 0 0 0 0 0 0 0 0 0 0 0 0 0 0 0 0 0 0 0 0 0 0 0 0 0 0 0 0 0 0 0 0 0 0 0 0 0 0 0 0 0 0 0 0 0 0 0 0 0 0 0 0 0 0 0 0 0 0 0 0 0 0 0 0 0 0 0 0 0 0 0 0 0 0 0 0 0 0 0 0 0 0 0 0 0 0 0 0 0 0 0 0 0 0 0 0 0 0 0 0 0 0 0 0 0 0 0 0 0 0 0 0 0 0 0 0 0 0 0 0 0 0 0 0 0 0 0 0 0 0 0 0 0 0 0 0 0 0 0 0 0 0 0 0 0 0 0 0 0 0 0 0 0 0 0 0 0 0 0 0 0 0 0 0 0 0 0 0 0 0 0 0 0 0 0 0 0 0 0 0 0 0 0 0 0 0 0 0 0 0 0 0 0 0 0 0 0 0 0 0 0 0 0 0 0 0 0 0 0 0 0 0 0 0 0 0 0 0 0 0 0 0 0 0 0 0 0 0 0 0 0 0 0 0 0 0 0 0 0 0 0 0 0 0 0 0 0 0 0 0 0 0 0 0 0 0 0 0 0 0 0 0 0 0 0 0 0 0 0 0 0 0 0 0 0 0 0 0 0 0 0 0 0 0 0 0 0 0 0 0 0 0 0 0 0 0 0 0 0 0 0 0 0 0 0 0 0 0 0 0 0 0 0 0 0 0 0 0 0 0 0 0 0 0 0 0 0 0 0 0 0 0 0 0 0 0 0 0 0 0 0 0 0 0 0 0 0 0 0 0 0 0 0 0 0 0 0 0 0 0 0 0 0 0 0 0 0 0 0 0 0 0 0 0 0 0 0 0 0 0 0 0 0 0 0 0 0 0 0 0 0 0 0 0 0 0 0 0 0 0 0 0 0 0 0 0 0 0 0 0 0 0 0 0 0 0 0 0 0 0 0 0 0 0 0 0 0 0 0 0 0 0 0 0 0 0 0 0 0 0 0 0 0 0 0 0 0 0 0 0 0 0 0 0 0 0 0 0 0 0 0 0 0 0 0 0 0 0 0 0 0 0 0 0 0 0 0 0 0 0 0 0 0 0 0 0 0 0 0 0 0 0 0 0 0 0 0 0 0 0 0 0 0 0 0 0 0 0 0 0 0 0 0 0 0 0 0 0 0 0 0 0 0 0 0 0 0 0 0 0 0 0 0 0 0 0 0 0 0 0 0 0 0 0 0 0 0 0 0 0 0 0 0 0 0 0 0 0 0 0 0 0 0 0 0 0 0 0 0 0 0 0 0 0 0 0 0 0 0 0 0 0 0 0 0 0 0 0 0 0 0 0 0 0 0 0 0 0 0 0 0 0 0 0 0 0 0 0 0 0 0 0 0 0 0 0 0 0 0 0 0 0 0 0 0 0 0 0 0 0 0 0 0 0 0 0 0 0 0 0 0 0 0 0 0 0 0 0 0 0 0 0 0 0 0 0 0 0 0 0 0 0 0 0 0 0 0 0 0 0 0 0 0 0 0 0 0 0 0 0 0 0 0 0 0 0 0 0 0 0 0 0 0 0 0 0 0 0 0 0 0 0 0 0 0 0 0 0 0 0 0 0 0 0 0 0 0 0 0 0 0 0 0 0 0 0 0 0 0 0 0 0 0 0 0 0 0 0 0 0 0 0 0 0 0 0 0 0 0 0 0 0 0 0 0 0 0 0 0 0 0 0 0 0 0 0 0 0 0 0 0 0 0 0 0 0 0 0 0 0 0 0 0 0 0 0 0 0 0 0 0 0 0 0 0 0 0 0 0 0 0 0 0 0 0 0 0 0 0 0 0 0 0 0 0 0 0 0 0 0 0 0 0 0 0 0 0 0 0 0 0 0 0 0 0 0 0 0 0 0 0 0 0 0 0 0 0 0 0 0 0 0 0 0 0 0 0 0 0 0 0 0 0 0 0 0 0 0 0 0 0 0 0 0 0 0 0 0 0 0 0 0 0 0 0 0 0 0 0 0 0 0 0 0 0 0 0 0 0 0 0 0 0 0 0 0 0 0 0 0 0 0 0 0 0 0 0 0 0 0 0 0 0 0 0 0 0 0 0 0 0 0 0 0 0 0 0 0 0 0 0 0 0 0 0 0 0 0 0 0 0 0 0 0 0 0 0 0 0 0 0 0 0 0 0 0 0 0 0 0 0 0 0 0 0 0 0 0 0 0 0 0 0 0 0 0 0 0 0 0 0 0 0 0 0 0 0 0 0 0 0 0 0 0 0 0 0 0 0 0 0 0 0 0 0 0 0 0 0 0 0 0 0 0 0 0 0 0 0 0 0 0 0 0 0 0 0 0 0 0 0 0 0 0 0 0 0 0 0 0 0 0 0 0 0 0 0 0 0 0 0 0 0 0 0 0 0 0 0 0 0 0 0 0 0 0 0 0 0 0 0 0 0 0 0 0 0 0 0 0 0 0 0 0 0 0 0 0 0 0 0 0 0 0 0 0 0 0 0 0 0 0 0 0 0 0 0 0 0 0 0 0 0 0 0 0 0 0 0 0 0 0 0 0 0 0 0 0 0 0 0 0 0 0 0 0 0 0 0 0 0 0 0 0 0 0 0 0 0 0 0 0 0 0 0 0 0 0 0 0 0 0 0 0 0 0 0 0 0 0 0 0 0 0 0 0 0 0 0 0 0 0 0 0 0 0 0 0 0 0 0 0 0 0 0 0 0 0 0 0 0 0 0 0 0 0 0 0 0 0 0 0 0 0 0 0 0 0 0 0 0 0 0 0 0 0 0 0 0 0 0 0 0 0 0 0 0 0 0 0 0 0 0 0 0 0 0 0 0 0 0 0 0 0 0 0 0 0 0 0 0 0 0 0 0 0 0 0 0 0 0 0 0 0 0 0 0 0 0 0 0 0 0 0 0 0 0 0 0 0 0 0 0 0 0 0 0 0 0 0 0 0 0 0 0 0 0 0 0 0 0 0 0 0 0 0 0 0 0 0 0 0 0 0 0 0 0 0 0 0 0 0 0 0 0 0 0 0 0 0 0 0 0 0 0 0 0 0 0 0 0 0 0 0 0 0 0 0 0 0 0 0 0 0 0 0 0 0 0 0 0 0 0 0 0 0 0 0 0 0 0 0 0 0 0 0 0 0 0 0 0 0 0 0 0 0 0 0 0 0 0 0 0 0 0 0 0 0 0 0 0 0 0 0 0 0 0 0 0 0 0 0 0 0 0 0 0 0 0 0 0 0 0 0 0 0 0 0 0 0 0 0 0 0 0 0 0 0 0 1 1 1 1 1 1 1 1 1 1 1 1 1 1 1 1 1 1 1 1 1 1 1 1 1 1 1 1 1 1 1 1 1 1 1 1 1 1 1 1 1 1 1 1 1 1 1 1 1 1 1 1 1 1 1 1 1 1 1 1 1 1 1 1 1 1 1 1 1 1 1 1 1 1 1 1 1 1 1 1 1 1 1 1 1 1 1 1 1 1 1 1 1 1 1 1 1 1 1 1 1 1 1 1 1 1 1 1 1 1 1 1 1 1 1 1 1 1 1 1 1 1 1 1 1 1 1 1 1 1 1 1 1 1 1 1 1 1 1 1 1 1 1 1 1 1 1 1 1 1 1 1 1 1 1 1 1 1 1 1 1 1 1 1 1 1 1 1 1 1 1 1 1 1 1 1 1 1 1 1 1 1 1 1 1 1 1 1 1 1 1 1 1 1 1 1 1 1 1 1 1 1 1 1 1 1 1 1 1 1 1 1 1 1 1 1 1 1 1 1 1 1 1 1 1 1 1 1 1 1 1 1 1 1 1 1 1 1 1 1 1 1 1 1 1 1 1 1 1 1 1 1 1 1 1 1 1 1 1 1 1 1 1 1 1 1 1 1 1 1 1 1 1 1 1 1 1 1 1 1 1 1 1 1 1 1 1 1 1 1 1 1 1 1 1 1 1 1 1 1 1 1 1 1 1 1 1 1 1 1 1 1 1 1 1 1 1 1 1 1 1 1 1 1 1 1 1 1 1 1 1 1 1 1 1 1 1 1 1 1 1 1 1 1 1 1 1 1 2 2 2 2 2 2 2 2 2 2 2 2 2 2 2 2 2 2 2 2 2 2 2 2 2 2 2 2 2 2 2 2 2 2 2 2 2 2 2 2 2 2 2 2 2 2 2 2 2 2 2 2 2 2 2 2 2 2 2 2 2 2 2 2 2 2 2 2 2 2 2 2 2 2 2 2 2 2 2 2 2 2 2 2 2 2 2 2 2 2 2 2 2 2 2 2 2 2 2 2 2 2 2 2 2 2 2 2 2 2 2 2 2 2 2 2 2 2 2 2 2 2 2 2 2 2 2 2 2 2 2 2 2 2 2 2 2 2 2 2 2 2 2 2 2 2 2 2 2 2 2 2 2 2 2 2 2 2 2 2 2 2 2 2 2 2 2 2 2 2 2 2 2 2 2 2 2 2 2 2 2 2 2 2 2 2 2 2 2 2 2 2 2 2 2 2 2 2 2 2 2 2 2 2 2 2 2 2 2 2 2 2 2 2 2 2 2 2 2 2 2 2 2 2 2 2 2 2 2 2 2 2 2 2 2 2 2 2 2 2 2 2 2 2 2 2 2 2 2 2 2 2 2 2 2 2 2 2 2 2 2 2 2 2 2 2 2 2 2 2 2 2 2 2 2 2 2 2 2 2 2 2 2 2 2 2 2 2 2 2 2 2 2 2 2 2 2 2 2 2 2 2 2 2 2 2 2 2 2 2 2 2 2 2 2 2 2 2 2 2 2 2 2 2 2 2 2 2 2 2 2 2 2 2 2 2 2 2 2 2 2 2 2 2 2 2 2 2 2 2 2 2 3 3 3 3 3 3 3 3 3 3 3 3 3 3 3 3 3 3 3 3 3 3 3 3 3 3 3 3 3 3 3 3 3 3 3 3 3 3 3 3 3 3 3 3 3 3 3 3 3 3 3 3 3 3 3 3 3 3 3 3 3 3 3 3 3 3 3 3 3 3 3 3 3 3 3 3 3 3 3 3 3 3 3 3 3 3 3 3 3 3 3 3 3 3 3 3 3 3 3 3 3 3 3 3 3 3 3 3 3 3 3 3 3 3 3 3 3 3 3 3 3 3 3 3 3 3 3 3 3 3 3 3 3 3 3 3 3 3 3 3 3 3 3 3 3 3 3 3 3 3 3 3 3 3 3 3 3 3 3 3 3 3 3 3 3 3 3 3 3 3 3 3 3 3 3 3 3 3 3 3 3 3 3 3 3 3 3 3 3 3 3 3 3 3 3 3 3 3 3 3 3 3 3 3 3 3 3 3 3 3 3 3 3 3 3 3 3 3 3 3 3 3 3 3 3 3 3 3 3 3 3 3 3 3 3 3 3 3 3 3 3 3 3 3 3 3 3 3 3 3 3 3 3 3 3 3 3 3 3 3 3 3 3 3 3 3 3 3 3 3 3 3 3 3 3 3 3 3 3 3 3 3 3 3 3 3 3 3 3 3 3 3 3 3 3 3 3 3 3 3 3 3 3 3 3 3 3 3 3 3 3 3 3 3 3 3 3 3 3 3 3 3 3 3 3 3 3 3 3 3 3 3 3 3 3 3 3 3 3 3 3 3 3 3 3 3 3 3 4 4 4 4 4 4 4 4 4 4 4 4 4 4 4 4 4 4 4 4 4 4 4 4 4 4 4 4 4 4 4 4 4 4 4 4 4 4 4 4 4 4 4 4 4 4 4 4 4 4 4 4 4 4 4 4 4 4 4 4 4 4 4 4 4 4 4 4 4 4 4 4 4 4 4 4 4 4 4 4 4 4 4 4 4 4 4 4 4 4 4 4 4 4 4 4 4 4 4 4 4 4 4 4 4 4 4 4 4 4 4 4 4 4 4 4 4 4 4 4 4 4 4 4 4 4 4 4 4 4 4 4 4 4 4 4 4 4 4 4 4 4 4 4 4 4 4 4 4 4 4 4 4 4 4 4 4 4 4 4 4 4 4 4 4 4 4 4 4 4 4 4 4 4 4 4 4 4 4 4 4 4 4 4 4 4 4 4 4 4 4 4 4 4 4 4 4 4 4 4 4 4 4 4 4 4 4 4 4 4 4 4 4 4 4 4 4 4 4 4 4 4 4 4 4 4 4 4 4 4 4 4 4 4 4 4 4 4 4 4 4 4 4 4 4 4 4 4 4 4 4 4 4 4 4 4 4 4 4 4 4 4 4 4 4 4 4 4 4 4 4 4 4 4 4 4 4 4 4 4 4 4 4 4 4 4 4 4 4 4 4 4 4 4 4 4 4 4 4 4 4 4 4 4 4 4 4 4 4 4 4 4 4 4 4 4 4 4 4 4 4 4 4 4 4 4 4 4 4 4 4 4 4 4 4 4 4 4 4 4 4 4 4 4 4 4 4 4 5 5 5 5 5 5 5 5 5 5 5 5 5 5 5 5 5 5 5 5 5 5 5 5 5 5 5 5 5 5 5 5 5 5 5 5 5 5 5 5 5 5 5 5 5 5 5 5 5 5 5 5 5 5 5 5 5 5 5 5 5 5 5 5 5 5 5 5 5 5 5 5 5 5 5 5 5 5 5 5 5 5 5 5 5 5 5 5 5 5 5 5 5 5 5 5 5 5 5 5 5 5 5 5 5 5 5 5 5 5 5 5 5 5 5 5 5 5 5 5 5 5 5 5 5 5 5 5 5 5 5 5 5 5 5 5 5 5 5 5 5 5 5 5 5 5 5 5 5 5 5 5 5 5 5 5 5 5 5 5 5 5 5 5 5 5 5 5 5 5 5 5 5 5 5 5 5 5 5 5 5 5 5 5 5 5 5 5 5 5 5 5 5 5 5 5 5 5 5 5 5 5 5 5 5 5 5 5 5 5 5 5 5 5 5 5 5 5 5 5 5 5 5 5 5 5 5 5 5 5 5 5 5 5 5 5 5 5 5 5 5 5 5 5 5 5 5 5 5 5 5 5 5 5 5 5 5 5 5 5 5 5 5 5 5 5 5 5 5 5 5 5 5 5 5 5 5 5 5 5 5 5 5 5 5 5 5 5 5 5 5 5 5 5 5 5 5 5 5 5 5 5 5 5 5 5 5 5 5 5 5 5 5 5 5 5 5 5 5 5 5 5 5 5 5 5 5 5 5 5 5 5 5 5 5 5 5 5 5 5 5 5 5 5 5 5 5 5 5 5 5 5 6 6 6 6 6 6 6 6 6 6 6 6 6 6 6 6 6 6 6 6 6 6 6 6 6 6 6 6 6 6 6 6 6 6 6 6 6 6 6 6 6 6 6 6 6 6 6 6 6 6 6 6 6 6 6 6 6 6 6 6 6 6 6 6 6 6 6 6 6 6 6 6 6 6 6 6 6 6 6 6 6 6 6 6 6 6 6 6 6 6 6 6 6 6 6 6 6 6 6 6 6 6 6 6 6 6 6 6 6 6 6 6 6 6 6 6 6 6 6 6 6 6 6 6 6 6 6 6 6 6 6 6 6 6 6 6 6 6 6 6 6 6 6 6 6 6 6 6 6 6 6 6 6 6 6 6 6 6 6 6 6 6 6 6 6 6 6 6 6 6 6 6 6 6 6 6 6 6 6 6 6 6 6 6 6 6 6 6 6 6 6 6 6 6 6 6 6 6 6 6 6 6 6 6 6 6 6 6 6 6 6 6 6 6 6 6 6 6 6 6 6 6 6 6 6 6 6 6 6 6 6 6 6 6 6 6 6 6 6 6 6 6 6 6 6 6 6 6 6 6 6 6 6 6 6 6 6 6 6 6 6 6 6 6 6 6 6 6 6 6 6 6 6 6 6 6 6 6 6 6 6 6 6 6 6 6 6 6 6 6 6 6 6 6 6 6 6 6 6 6 6 6 6 6 6 6 6 6 6 6 6 6 6 6 6 6 6 6 6 6 6 6 6 6 6 6 6 6 6 6 6 6 6 6 6 6 6 6 6 6 6 6 6 6 6 6 6 6 7 7 7 7 7 7 7 7 7 7 7 7 7 7 7 7 7 7 7 7 7 7 7 7 7 7 7 7 7 7 7 7 7 7 7 7 7 7 7 7 7 7 7 7 7 7 7 7 7 7 7 7 7 7 7 7 7 7 7 7 7 7 7 7 7 7 7 7 7 7 7 7 7 7 7 7 7 7 7 7 7 7 7 7 7 7 7 7 7 7 7 7 7 7 7 7 7 7 7 7 7 7 7 7 7 7 7 7 7 7 7 7 7 7 7 7 7 7 7 7 7 7 7 7 7 7 7 7 7 7 7 7 7 7 7 7 7 7 7 7 7 7 7 7 7 7 7 7 7 7 7 7 7 7 7 7 7 7 7 7 7 7 7 7 7 7 7 7 7 7 7 7 7 7 7 7 7 7 7 7 7 7 7 7 7 7 7 7 7 7 7 7 7 7 7 7 7 7 7 7 7 7 7 7 7 7 7 7 7 7 7 7 7 7 7 7 7 7 7 7 7 7 7 7 7 7 7 7 7 7 7 7 7 7 7 7 7 7 7 7 7 7 7 7 7 7 7 7 7 7 7 7 7 7 7 7 7 7 7 7 7 7 7 7 7 7 7 7 7 7 7 7 7 7 7 7 7 7 7 7 7 7 7 7 7 7 7 7 7 7 7 7 7 7 7 7 7 7 7 7 7 7 7 7 7 7 7 7 7 7 7 7 7 7 7 7 7 7 7 7 7 7 7 7 7 7 7 7 7 7 7 7 7 7 7 7 7 7 7 7 7 7 7 7 7 7 7 7 7 7 7 7 7 7 7 7 7 7 7 7 7 7 7 7 7 7 7 7 7 7 7 7 7 7 7 7 7 7 7 7 7 7 7 7 7 7 7 7 7 7 7 7 7 7 7 7 7 7 7 7 7 7 7 7 7 7 7 7 7 7 7 7 7 7 7 7 7 7 7 7 7 7 7 7 7 7 7 7 7 7 7 7 7 7 7 7 7 7 7 7 7 7 7 7 7 7 7 7 7 7 7 7 7 7 7 7 7 7 7 7 7 7 7 7 7 7 7 7 7 7 7 7 7 7 7 7 7 7 7 7 7 7 7 7 7 7 7 7 7 7 7 7 7 7 7 7 7 7 7 7 7 7 7 7 7 7
        </DataArray>
      </CellData>
    </Piece>
  </UnstructuredGrid>
</VTKFile>
