darts-linear-solvers built on May  1 2023 11:41:06 by lorozco@login04 from GITDIR-NOTFOUND
darts-engines built on 15/05/2023, 14:52:47 by lorozco@login03 from 8e8f836-dirty
darts-package built on 15/05/2023 14:56:21 by lorozco@login03 from 8e8f836-dirty
Building connection list...
Processing mesh: 1000 reservoir blocks, 4 well blocks, 1003 connections
2-phase 4-component isothermal flow with kinetic reaction and diffusion CPU engine
Sim params: 
	First ts: 	0.001
	Max ts: 	1
	Mult ts: 	2
	Max i newton: 	10
	Max i linear: 	50
	Tol newton: 	1e-05
	Tol linear: 	1e-06

START SIMULATION
-------------------------------------------------------------------------------------------------------------
Well I1 initialized with gas rate injector
Well P1 initialized with BHP producer
	 #1 (4.8407e+08, 3.0217e+15): lin 1 (0.0e+00)
Composition correction applied in 420 block(s)
	 #2 (5.7785e-02, 1.2935e+04): lin 1 (0.0e+00)
Composition correction applied in 406 block(s)
	 #3 (2.6698e-05, 1.4631e+00): lin 1 (0.0e+00)
Composition correction applied in 406 block(s)
-------------------------------------------------------------------------------------------------------------
 T = 0.001, DT = 0.001, NI = 3, LI = 3, RES = 7.1e-12 (4.7e-04), CFL=0.002 (ELAPSED 00:00:00 )
-------------------------------------------------------------------------------------------------------------
	 #1 (2.0000e+00, 1.6887e+02): lin 1 (0.0e+00)
Composition correction applied in 378 block(s)
	 #2 (1.2972e-06, 6.1812e-03): lin 1 (0.0e+00)
Composition correction applied in 378 block(s)
-------------------------------------------------------------------------------------------------------------
 T = 0.003, DT = 0.002, NI = 2, LI = 2, RES = 4.7e-12 (3.1e-04), CFL=0.002 (ELAPSED 00:00:00 )
-------------------------------------------------------------------------------------------------------------
	 #1 (1.3323e+00, 2.3255e+02): lin 1 (0.0e+00)
Composition correction applied in 338 block(s)
	 #2 (8.6165e-07, 4.3938e-03): lin 1 (0.0e+00)
Composition correction applied in 338 block(s)
-------------------------------------------------------------------------------------------------------------
 T = 0.007, DT = 0.004, NI = 2, LI = 2, RES = 1.5e-12 (2.7e-04), CFL=0.003 (ELAPSED 00:00:00 )
-------------------------------------------------------------------------------------------------------------
	 #1 (1.1433e+00, 1.2082e+02): lin 1 (0.0e+00)
Composition correction applied in 278 block(s)
	 #2 (1.3048e-06, 3.0374e-03): lin 1 (0.0e+00)
Composition correction applied in 278 block(s)
-------------------------------------------------------------------------------------------------------------
 T = 0.015, DT = 0.008, NI = 2, LI = 2, RES = 2.3e-13 (2.5e-04), CFL=0.003 (ELAPSED 00:00:00 )
-------------------------------------------------------------------------------------------------------------
	 #1 (1.0672e+00, 6.4837e+01): lin 1 (0.0e+00)
Composition correction applied in 149 block(s)
	 #2 (3.5229e-06, 1.2215e-03): lin 1 (0.0e+00)
Composition correction applied in 149 block(s)
-------------------------------------------------------------------------------------------------------------
 T = 0.031, DT = 0.016, NI = 2, LI = 2, RES = 3.1e-12 (2.4e-04), CFL=0.005 (ELAPSED 00:00:00 )
-------------------------------------------------------------------------------------------------------------
	 #1 (1.0326e+00, 1.3569e+01): lin 1 (0.0e+00)
Composition correction applied in 2 block(s)
	 #2 (9.3637e-06, 4.6681e-03): lin 1 (0.0e+00)
Composition correction applied in 2 block(s)
-------------------------------------------------------------------------------------------------------------
 T = 0.063, DT = 0.032, NI = 2, LI = 2, RES = 3.9e-12 (2.4e-04), CFL=0.007 (ELAPSED 00:00:00 )
-------------------------------------------------------------------------------------------------------------
	 #1 (1.0154e+00, 2.5510e+01): lin 1 (0.0e+00)
Composition correction applied in 2 block(s)
	 #2 (2.4459e-05, 2.8480e-03): lin 1 (0.0e+00)
Composition correction applied in 2 block(s)
-------------------------------------------------------------------------------------------------------------
 T = 0.127, DT = 0.064, NI = 2, LI = 2, RES = 2.1e-11 (2.4e-04), CFL=0.758 (ELAPSED 00:00:00 )
-------------------------------------------------------------------------------------------------------------
	 #1 (1.0053e+00, 3.3818e+01): lin 1 (0.0e+00)
Composition correction applied in 2 block(s)
	 #2 (7.0500e-05, 4.4110e-03): lin 1 (0.0e+00)
Composition correction applied in 2 block(s)
	 #3 (1.7357e-10, 1.1914e-03): lin 1 (0.0e+00)
Composition correction applied in 2 block(s)
-------------------------------------------------------------------------------------------------------------
 T = 0.255, DT = 0.128, NI = 3, LI = 3, RES = 1.1e-12 (2.3e-04), CFL=0.761 (ELAPSED 00:00:00 )
-------------------------------------------------------------------------------------------------------------
	 #1 (9.9781e-01, 2.1508e+01): lin 1 (0.0e+00)
Composition correction applied in 2 block(s)
	 #2 (2.5569e-04, 5.0570e-03): lin 1 (0.0e+00)
Composition correction applied in 2 block(s)
	 #3 (3.2418e-09, 1.1892e-03): lin 1 (0.0e+00)
Composition correction applied in 2 block(s)
-------------------------------------------------------------------------------------------------------------
 T = 0.511, DT = 0.256, NI = 3, LI = 3, RES = 3.5e-12 (2.3e-04), CFL=0.894 (ELAPSED 00:00:00 )
-------------------------------------------------------------------------------------------------------------
	 #1 (9.8966e-01, 8.0413e+00): lin 1 (0.0e+00)
Composition correction applied in 2 block(s)
	 #2 (7.3975e-03, 4.3477e-04): lin 1 (0.0e+00)
Composition correction applied in 2 block(s)
-------------------------------------------------------------------------------------------------------------
 T = 1.023, DT = 0.512, NI = 2, LI = 2, RES = 2.3e-07 (2.3e-04), CFL=0.912 (ELAPSED 00:00:00 )
-------------------------------------------------------------------------------------------------------------
	 #1 (9.5433e-01, 1.3856e+00): lin 1 (0.0e+00)
Composition correction applied in 2 block(s)
	 #2 (5.0646e-02, 1.1354e-03): lin 1 (0.0e+00)
Composition correction applied in 2 block(s)
	 #3 (1.3298e-03, 1.3161e-03): lin 1 (0.0e+00)
Composition correction applied in 2 block(s)
-------------------------------------------------------------------------------------------------------------
 T = 2.023, DT = 1, NI = 3, LI = 3, RES = 1.6e-07 (2.3e-04), CFL=1.101 (ELAPSED 00:00:00, REMAINING 00:00:28 )
-------------------------------------------------------------------------------------------------------------
	 #1 (4.5749e-01, 2.1425e+00): lin 1 (0.0e+00)
Composition correction applied in 132 block(s)
	 #2 (3.0367e-01, 1.3138e-03): lin 1 (0.0e+00)
Composition correction applied in 446 block(s)
	 #3 (1.1776e-01, 9.6810e-03): lin 1 (0.0e+00)
Composition correction applied in 509 block(s)
	 #4 (1.9565e-02, 1.3080e-03): lin 1 (0.0e+00)
Composition correction applied in 501 block(s)
	 #5 (7.2857e-05, 1.1248e-03): lin 1 (0.0e+00)
Composition correction applied in 501 block(s)
-------------------------------------------------------------------------------------------------------------
 T = 3.023, DT = 1, NI = 5, LI = 5, RES = 2.8e-09 (7.9e-04), CFL=1.285 (ELAPSED 00:00:00, REMAINING 00:00:36 )
-------------------------------------------------------------------------------------------------------------
	 #1 (4.0040e-01, 6.8453e+00): lin 1 (0.0e+00)
Composition correction applied in 2 block(s)
	 #2 (7.3254e-02, 2.1735e-02): lin 1 (0.0e+00)
Composition correction applied in 2 block(s)
	 #3 (6.9007e-03, 8.1772e-04): lin 1 (0.0e+00)
Composition correction applied in 2 block(s)
	 #4 (2.5636e-05, 5.8441e-04): lin 1 (0.0e+00)
Composition correction applied in 2 block(s)
-------------------------------------------------------------------------------------------------------------
 T = 4.023, DT = 1, NI = 4, LI = 4, RES = 2.2e-10 (5.9e-04), CFL=0.892 (ELAPSED 00:00:00, REMAINING 00:00:31 )
-------------------------------------------------------------------------------------------------------------
	 #1 (3.0030e-01, 1.6847e+00): lin 1 (0.0e+00)
Composition correction applied in 2 block(s)
	 #2 (1.5865e-01, 6.0805e-04): lin 1 (0.0e+00)
Composition correction applied in 534 block(s)
	 #3 (4.3535e-02, 8.0970e-03): lin 1 (0.0e+00)
Composition correction applied in 564 block(s)
	 #4 (2.1160e-03, 1.0586e-03): lin 1 (0.0e+00)
Composition correction applied in 562 block(s)
-------------------------------------------------------------------------------------------------------------
 T = 5.023, DT = 1, NI = 4, LI = 4, RES = 2.2e-06 (4.7e-04), CFL=1.172 (ELAPSED 00:00:00, REMAINING 00:00:31 )
-------------------------------------------------------------------------------------------------------------
	 #1 (2.4466e-01, 2.3110e+00): lin 1 (0.0e+00)
Composition correction applied in 2 block(s)
	 #2 (5.1663e-02, 7.1115e-03): lin 1 (0.0e+00)
Composition correction applied in 2 block(s)
	 #3 (5.7926e-04, 4.2928e-05): lin 1 (0.0e+00)
Composition correction applied in 2 block(s)
-------------------------------------------------------------------------------------------------------------
 T = 6.023, DT = 1, NI = 3, LI = 3, RES = 8.8e-07 (5.5e-04), CFL=0.924 (ELAPSED 00:00:00, REMAINING 00:00:27 )
-------------------------------------------------------------------------------------------------------------
	 #1 (2.2360e-01, 8.3592e-01): lin 1 (0.0e+00)
Composition correction applied in 2 block(s)
	 #2 (1.1568e-01, 5.7625e-04): lin 1 (0.0e+00)
Composition correction applied in 573 block(s)
	 #3 (2.9501e-02, 4.7961e-03): lin 1 (0.0e+00)
Composition correction applied in 592 block(s)
	 #4 (2.3942e-03, 1.6054e-04): lin 1 (0.0e+00)
Composition correction applied in 591 block(s)
-------------------------------------------------------------------------------------------------------------
 T = 7.023, DT = 1, NI = 4, LI = 4, RES = 9.9e-07 (3.4e-04), CFL=1.102 (ELAPSED 00:00:00, REMAINING 00:00:26 )
-------------------------------------------------------------------------------------------------------------
	 #1 (1.9616e-01, 1.1746e+00): lin 1 (0.0e+00)
Composition correction applied in 2 block(s)
	 #2 (4.5934e-02, 4.9251e-03): lin 1 (0.0e+00)
Composition correction applied in 2 block(s)
	 #3 (4.2512e-04, 9.0397e-04): lin 1 (0.0e+00)
Composition correction applied in 2 block(s)
-------------------------------------------------------------------------------------------------------------
 T = 8.023, DT = 1, NI = 3, LI = 3, RES = 1.0e-06 (4.1e-04), CFL=0.904 (ELAPSED 00:00:00, REMAINING 00:00:24 )
-------------------------------------------------------------------------------------------------------------
	 #1 (1.8032e-01, 6.1556e-01): lin 1 (0.0e+00)
Composition correction applied in 2 block(s)
	 #2 (1.2727e-01, 2.2910e-04): lin 1 (0.0e+00)
Composition correction applied in 591 block(s)
	 #3 (1.8766e-02, 3.1385e-03): lin 1 (0.0e+00)
Composition correction applied in 611 block(s)
	 #4 (7.7304e-04, 6.1322e-05): lin 1 (0.0e+00)
Composition correction applied in 611 block(s)
-------------------------------------------------------------------------------------------------------------
 T = 9.023, DT = 1, NI = 4, LI = 4, RES = 3.3e-07 (2.6e-04), CFL=1.063 (ELAPSED 00:00:00, REMAINING 00:00:24 )
-------------------------------------------------------------------------------------------------------------
	 #1 (1.7388e-01, 8.2533e-01): lin 1 (0.0e+00)
Composition correction applied in 2 block(s)
	 #2 (2.9310e-02, 3.6396e-03): lin 1 (0.0e+00)
Composition correction applied in 2 block(s)
	 #3 (6.6540e-04, 4.8508e-04): lin 1 (0.0e+00)
Composition correction applied in 2 block(s)
-------------------------------------------------------------------------------------------------------------
 T = 10.023, DT = 1, NI = 3, LI = 3, RES = 5.8e-07 (2.4e-04), CFL=0.918 (ELAPSED 00:00:00, REMAINING 00:00:23 )
-------------------------------------------------------------------------------------------------------------
	 #1 (1.4650e-01, 3.7109e-01): lin 1 (0.0e+00)
Composition correction applied in 636 block(s)
	 #2 (3.8239e-02, 1.9140e-03): lin 1 (0.0e+00)
Composition correction applied in 612 block(s)
	 #3 (3.2554e-03, 1.2100e-05): lin 1 (0.0e+00)
Composition correction applied in 612 block(s)
-------------------------------------------------------------------------------------------------------------
 T = 11.023, DT = 1, NI = 3, LI = 3, RES = 3.7e-06 (2.2e-04), CFL=0.995 (ELAPSED 00:00:00, REMAINING 00:00:22 )
-------------------------------------------------------------------------------------------------------------
	 #1 (1.5444e-01, 3.6843e-01): lin 1 (0.0e+00)
Composition correction applied in 2 block(s)
	 #2 (4.4461e-02, 2.6228e-03): lin 1 (0.0e+00)
Composition correction applied in 2 block(s)
	 #3 (2.5420e-03, 1.0799e-03): lin 1 (0.0e+00)
Composition correction applied in 2 block(s)
-------------------------------------------------------------------------------------------------------------
 T = 12.023, DT = 1, NI = 3, LI = 3, RES = 4.5e-06 (2.8e-04), CFL=0.941 (ELAPSED 00:00:00, REMAINING 00:00:22 )
-------------------------------------------------------------------------------------------------------------
	 #1 (1.2402e-01, 6.3017e-02): lin 1 (0.0e+00)
Composition correction applied in 2 block(s)
	 #2 (3.0708e-02, 1.7791e-04): lin 1 (0.0e+00)
Composition correction applied in 2 block(s)
	 #3 (1.6551e-03, 1.8398e-04): lin 1 (0.0e+00)
Composition correction applied in 2 block(s)
-------------------------------------------------------------------------------------------------------------
 T = 13.023, DT = 1, NI = 3, LI = 3, RES = 1.7e-06 (1.8e-04), CFL=0.923 (ELAPSED 00:00:00, REMAINING 00:00:21 )
-------------------------------------------------------------------------------------------------------------
	 #1 (1.3603e-01, 2.0340e-03): lin 1 (0.0e+00)
Composition correction applied in 2 block(s)
	 #2 (5.6636e-02, 8.3478e-04): lin 1 (0.0e+00)
Composition correction applied in 616 block(s)
	 #3 (6.2625e-03, 1.2900e-03): lin 1 (0.0e+00)
Composition correction applied in 620 block(s)
	 #4 (5.5126e-05, 1.5830e-04): lin 1 (0.0e+00)
Composition correction applied in 620 block(s)
-------------------------------------------------------------------------------------------------------------
 T = 14.023, DT = 1, NI = 4, LI = 4, RES = 2.4e-09 (2.4e-04), CFL=0.950 (ELAPSED 00:00:00, REMAINING 00:00:21 )
-------------------------------------------------------------------------------------------------------------
	 #1 (1.1427e-01, 1.4968e-01): lin 1 (0.0e+00)
Composition correction applied in 2 block(s)
	 #2 (3.2712e-02, 8.1156e-04): lin 1 (0.0e+00)
Composition correction applied in 2 block(s)
	 #3 (1.3731e-03, 3.1889e-04): lin 1 (0.0e+00)
Composition correction applied in 2 block(s)
-------------------------------------------------------------------------------------------------------------
 T = 15.023, DT = 1, NI = 3, LI = 3, RES = 1.8e-06 (1.6e-04), CFL=0.871 (ELAPSED 00:00:00, REMAINING 00:00:20 )
-------------------------------------------------------------------------------------------------------------
	 #1 (1.2105e-01, 1.7606e-01): lin 1 (0.0e+00)
Composition correction applied in 2 block(s)
	 #2 (6.5360e-02, 2.6630e-04): lin 1 (0.0e+00)
Composition correction applied in 617 block(s)
	 #3 (7.2786e-03, 1.3281e-03): lin 1 (0.0e+00)
Composition correction applied in 630 block(s)
	 #4 (1.9640e-04, 2.5593e-04): lin 1 (0.0e+00)
Composition correction applied in 630 block(s)
-------------------------------------------------------------------------------------------------------------
 T = 16.023, DT = 1, NI = 4, LI = 4, RES = 2.9e-08 (1.5e-04), CFL=0.940 (ELAPSED 00:00:00, REMAINING 00:00:20 )
-------------------------------------------------------------------------------------------------------------
	 #1 (1.1319e-01, 2.7442e-01): lin 1 (0.0e+00)
Composition correction applied in 2 block(s)
	 #2 (2.0874e-02, 1.5410e-03): lin 1 (0.0e+00)
Composition correction applied in 2 block(s)
	 #3 (2.3935e-04, 1.2166e-04): lin 1 (0.0e+00)
Composition correction applied in 2 block(s)
-------------------------------------------------------------------------------------------------------------
 T = 17.023, DT = 1, NI = 3, LI = 3, RES = 6.9e-08 (1.9e-04), CFL=0.848 (ELAPSED 00:00:00, REMAINING 00:00:19 )
-------------------------------------------------------------------------------------------------------------
	 #1 (1.0550e-01, 1.9593e-01): lin 1 (0.0e+00)
Composition correction applied in 640 block(s)
	 #2 (2.8913e-02, 5.9250e-04): lin 1 (0.0e+00)
Composition correction applied in 627 block(s)
	 #3 (9.7485e-04, 8.5536e-05): lin 1 (0.0e+00)
Composition correction applied in 627 block(s)
-------------------------------------------------------------------------------------------------------------
 T = 18.023, DT = 1, NI = 3, LI = 3, RES = 1.1e-06 (1.8e-04), CFL=0.914 (ELAPSED 00:00:00, REMAINING 00:00:19 )
-------------------------------------------------------------------------------------------------------------
	 #1 (1.1150e-01, 1.8852e-01): lin 1 (0.0e+00)
Composition correction applied in 2 block(s)
	 #2 (3.6283e-02, 1.5160e-03): lin 1 (0.0e+00)
Composition correction applied in 2 block(s)
	 #3 (2.3550e-03, 5.6699e-04): lin 1 (0.0e+00)
Composition correction applied in 2 block(s)
-------------------------------------------------------------------------------------------------------------
 T = 19.023, DT = 1, NI = 3, LI = 3, RES = 7.4e-06 (1.8e-04), CFL=0.878 (ELAPSED 00:00:00, REMAINING 00:00:19 )
-------------------------------------------------------------------------------------------------------------
	 #1 (9.3513e-02, 4.4221e-02): lin 1 (0.0e+00)
Composition correction applied in 2 block(s)
	 #2 (2.5881e-02, 9.3207e-05): lin 1 (0.0e+00)
Composition correction applied in 2 block(s)
	 #3 (3.0152e-04, 1.8882e-04): lin 1 (0.0e+00)
Composition correction applied in 2 block(s)
-------------------------------------------------------------------------------------------------------------
 T = 20.023, DT = 1, NI = 3, LI = 3, RES = 8.3e-08 (1.7e-04), CFL=0.852 (ELAPSED 00:00:00, REMAINING 00:00:18 )
-------------------------------------------------------------------------------------------------------------
	 #1 (1.0234e-01, 4.4939e-02): lin 1 (0.0e+00)
Composition correction applied in 2 block(s)
	 #2 (4.8594e-02, 4.5284e-04): lin 1 (0.0e+00)
Composition correction applied in 2 block(s)
	 #3 (3.6768e-03, 7.9233e-04): lin 1 (0.0e+00)
Composition correction applied in 632 block(s)
	 #4 (6.8817e-05, 9.1207e-05): lin 1 (0.0e+00)
Composition correction applied in 632 block(s)
-------------------------------------------------------------------------------------------------------------
 T = 21.023, DT = 1, NI = 4, LI = 4, RES = 4.2e-09 (1.1e-04), CFL=0.882 (ELAPSED 00:00:00, REMAINING 00:00:18 )
-------------------------------------------------------------------------------------------------------------
	 #1 (9.1895e-02, 1.1796e-01): lin 1 (0.0e+00)
Composition correction applied in 2 block(s)
	 #2 (1.3979e-02, 6.3640e-04): lin 1 (0.0e+00)
Composition correction applied in 2 block(s)
	 #3 (1.1128e-03, 7.5466e-05): lin 1 (0.0e+00)
Composition correction applied in 2 block(s)
-------------------------------------------------------------------------------------------------------------
 T = 22.023, DT = 1, NI = 3, LI = 3, RES = 3.2e-06 (1.1e-04), CFL=0.801 (ELAPSED 00:00:00, REMAINING 00:00:18 )
-------------------------------------------------------------------------------------------------------------
	 #1 (9.3662e-02, 1.6037e-01): lin 1 (0.0e+00)
Composition correction applied in 651 block(s)
	 #2 (2.7503e-02, 8.2063e-04): lin 1 (0.0e+00)
Composition correction applied in 638 block(s)
	 #3 (1.0504e-03, 4.7970e-05): lin 1 (0.0e+00)
Composition correction applied in 637 block(s)
-------------------------------------------------------------------------------------------------------------
 T = 23.023, DT = 1, NI = 3, LI = 3, RES = 1.5e-06 (1.4e-04), CFL=0.893 (ELAPSED 00:00:00, REMAINING 00:00:18 )
-------------------------------------------------------------------------------------------------------------
	 #1 (9.5856e-02, 2.0460e-01): lin 1 (0.0e+00)
Composition correction applied in 2 block(s)
	 #2 (2.8935e-02, 1.3190e-03): lin 1 (0.0e+00)
Composition correction applied in 2 block(s)
	 #3 (1.4562e-03, 5.6008e-04): lin 1 (0.0e+00)
Composition correction applied in 2 block(s)
-------------------------------------------------------------------------------------------------------------
 T = 24.023, DT = 1, NI = 3, LI = 3, RES = 2.1e-06 (1.4e-04), CFL=0.839 (ELAPSED 00:00:00, REMAINING 00:00:17 )
-------------------------------------------------------------------------------------------------------------
	 #1 (8.1915e-02, 8.1376e-02): lin 1 (0.0e+00)
Composition correction applied in 2 block(s)
	 #2 (2.3458e-02, 1.0809e-04): lin 1 (0.0e+00)
Composition correction applied in 2 block(s)
	 #3 (1.8051e-04, 1.4502e-04): lin 1 (0.0e+00)
Composition correction applied in 2 block(s)
-------------------------------------------------------------------------------------------------------------
 T = 25.023, DT = 1, NI = 3, LI = 3, RES = 6.0e-08 (9.5e-05), CFL=0.832 (ELAPSED 00:00:00, REMAINING 00:00:17 )
-------------------------------------------------------------------------------------------------------------
	 #1 (8.9609e-02, 1.0008e-02): lin 1 (0.0e+00)
Composition correction applied in 2 block(s)
	 #2 (4.0723e-02, 4.2005e-04): lin 1 (0.0e+00)
Composition correction applied in 2 block(s)
	 #3 (2.5328e-03, 7.7678e-04): lin 1 (0.0e+00)
Composition correction applied in 2 block(s)
	 #4 (4.0217e-05, 7.7929e-05): lin 1 (0.0e+00)
Composition correction applied in 2 block(s)
-------------------------------------------------------------------------------------------------------------
 T = 26.023, DT = 1, NI = 4, LI = 4, RES = 1.5e-09 (1.3e-04), CFL=0.848 (ELAPSED 00:00:00, REMAINING 00:00:17 )
-------------------------------------------------------------------------------------------------------------
	 #1 (8.0111e-02, 6.4321e-02): lin 1 (0.0e+00)
Composition correction applied in 2 block(s)
	 #2 (1.1632e-02, 2.2086e-04): lin 1 (0.0e+00)
Composition correction applied in 2 block(s)
	 #3 (1.1049e-04, 1.4134e-04): lin 1 (0.0e+00)
Composition correction applied in 2 block(s)
-------------------------------------------------------------------------------------------------------------
 T = 27.023, DT = 1, NI = 3, LI = 3, RES = 1.5e-08 (8.8e-05), CFL=0.778 (ELAPSED 00:00:00, REMAINING 00:00:17 )
-------------------------------------------------------------------------------------------------------------
	 #1 (8.3587e-02, 1.2211e-01): lin 1 (0.0e+00)
Composition correction applied in 2 block(s)
	 #2 (4.9051e-02, 6.5268e-05): lin 1 (0.0e+00)
Composition correction applied in 2 block(s)
	 #3 (6.8543e-03, 9.5277e-04): lin 1 (0.0e+00)
Composition correction applied in 638 block(s)
	 #4 (1.7818e-04, 1.3756e-04): lin 1 (0.0e+00)
Composition correction applied in 638 block(s)
-------------------------------------------------------------------------------------------------------------
 T = 28.023, DT = 1, NI = 4, LI = 4, RES = 2.0e-08 (8.5e-05), CFL=0.865 (ELAPSED 00:00:00, REMAINING 00:00:17 )
-------------------------------------------------------------------------------------------------------------
	 #1 (8.4894e-02, 1.6136e-01): lin 1 (0.0e+00)
Composition correction applied in 2 block(s)
	 #2 (2.5307e-02, 8.0822e-04): lin 1 (0.0e+00)
Composition correction applied in 2 block(s)
	 #3 (1.1383e-03, 2.3158e-04): lin 1 (0.0e+00)
Composition correction applied in 2 block(s)
-------------------------------------------------------------------------------------------------------------
 T = 29.023, DT = 1, NI = 3, LI = 3, RES = 1.8e-06 (8.1e-05), CFL=0.815 (ELAPSED 00:00:00, REMAINING 00:00:17 )
-------------------------------------------------------------------------------------------------------------
	 #1 (7.3540e-02, 6.7773e-02): lin 1 (0.0e+00)
Composition correction applied in 2 block(s)
	 #2 (2.1735e-02, 9.9918e-05): lin 1 (0.0e+00)
Composition correction applied in 2 block(s)
	 #3 (1.4947e-04, 6.4048e-05): lin 1 (0.0e+00)
Composition correction applied in 2 block(s)
-------------------------------------------------------------------------------------------------------------
 T = 30.023, DT = 1, NI = 3, LI = 3, RES = 5.3e-08 (7.9e-05), CFL=0.800 (ELAPSED 00:00:00, REMAINING 00:00:17 )
-------------------------------------------------------------------------------------------------------------
	 #1 (8.0337e-02, 9.8138e-03): lin 1 (0.0e+00)
Composition correction applied in 2 block(s)
	 #2 (3.7426e-02, 3.0939e-04): lin 1 (0.0e+00)
Composition correction applied in 2 block(s)
	 #3 (2.2162e-03, 4.3985e-04): lin 1 (0.0e+00)
Composition correction applied in 2 block(s)
	 #4 (2.9814e-05, 1.1748e-04): lin 1 (0.0e+00)
Composition correction applied in 2 block(s)
-------------------------------------------------------------------------------------------------------------
 T = 31.023, DT = 1, NI = 4, LI = 4, RES = 8.8e-10 (7.7e-05), CFL=0.827 (ELAPSED 00:00:00, REMAINING 00:00:17 )
-------------------------------------------------------------------------------------------------------------
	 #1 (7.2543e-02, 5.1139e-02): lin 1 (0.0e+00)
Composition correction applied in 2 block(s)
	 #2 (1.0374e-02, 3.6074e-04): lin 1 (0.0e+00)
Composition correction applied in 2 block(s)
	 #3 (6.2932e-05, 4.3085e-05): lin 1 (0.0e+00)
Composition correction applied in 2 block(s)
-------------------------------------------------------------------------------------------------------------
 T = 32.023, DT = 1, NI = 3, LI = 3, RES = 1.9e-08 (7.4e-05), CFL=0.767 (ELAPSED 00:00:00, REMAINING 00:00:16 )
-------------------------------------------------------------------------------------------------------------
	 #1 (7.4939e-02, 9.2086e-02): lin 1 (0.0e+00)
Composition correction applied in 644 block(s)
	 #2 (2.1957e-02, 4.9012e-04): lin 1 (0.0e+00)
Composition correction applied in 634 block(s)
	 #3 (6.6736e-04, 5.1620e-05): lin 1 (0.0e+00)
Composition correction applied in 634 block(s)
-------------------------------------------------------------------------------------------------------------
 T = 33.023, DT = 1, NI = 3, LI = 3, RES = 7.1e-07 (7.2e-05), CFL=0.829 (ELAPSED 00:00:00, REMAINING 00:00:16 )
-------------------------------------------------------------------------------------------------------------
	 #1 (7.6934e-02, 1.1309e-01): lin 1 (0.0e+00)
Composition correction applied in 2 block(s)
	 #2 (2.4527e-02, 5.8983e-04): lin 1 (0.0e+00)
Composition correction applied in 2 block(s)
	 #3 (1.2498e-03, 1.8818e-04): lin 1 (0.0e+00)
Composition correction applied in 2 block(s)
-------------------------------------------------------------------------------------------------------------
 T = 34.023, DT = 1, NI = 3, LI = 3, RES = 2.8e-06 (6.9e-05), CFL=0.792 (ELAPSED 00:00:00, REMAINING 00:00:16 )
-------------------------------------------------------------------------------------------------------------
	 #1 (6.7052e-02, 4.4279e-02): lin 1 (0.0e+00)
Composition correction applied in 2 block(s)
	 #2 (2.0603e-02, 5.4516e-05): lin 1 (0.0e+00)
Composition correction applied in 2 block(s)
	 #3 (1.1603e-04, 4.8004e-05): lin 1 (0.0e+00)
Composition correction applied in 2 block(s)
-------------------------------------------------------------------------------------------------------------
 T = 35.023, DT = 1, NI = 3, LI = 3, RES = 5.3e-08 (9.5e-05), CFL=0.780 (ELAPSED 00:00:00, REMAINING 00:00:16 )
-------------------------------------------------------------------------------------------------------------
	 #1 (7.3226e-02, 1.9654e-02): lin 1 (0.0e+00)
Composition correction applied in 2 block(s)
	 #2 (3.5779e-02, 3.8401e-04): lin 1 (0.0e+00)
Composition correction applied in 2 block(s)
	 #3 (3.3623e-03, 4.1210e-04): lin 1 (0.0e+00)
Composition correction applied in 2 block(s)
	 #4 (4.4889e-05, 9.4950e-05): lin 1 (0.0e+00)
Composition correction applied in 2 block(s)
-------------------------------------------------------------------------------------------------------------
 T = 36.023, DT = 1, NI = 4, LI = 4, RES = 1.5e-09 (9.2e-05), CFL=0.813 (ELAPSED 00:00:00, REMAINING 00:00:16 )
-------------------------------------------------------------------------------------------------------------
	 #1 (6.7370e-02, 5.2540e-02): lin 1 (0.0e+00)
Composition correction applied in 2 block(s)
	 #2 (1.2138e-02, 1.9234e-04): lin 1 (0.0e+00)
Composition correction applied in 2 block(s)
	 #3 (8.4046e-05, 1.3775e-04): lin 1 (0.0e+00)
Composition correction applied in 2 block(s)
-------------------------------------------------------------------------------------------------------------
 T = 37.023, DT = 1, NI = 3, LI = 3, RES = 4.4e-09 (6.4e-05), CFL=0.755 (ELAPSED 00:00:00, REMAINING 00:00:16 )
-------------------------------------------------------------------------------------------------------------
	 #1 (6.7499e-02, 6.7716e-02): lin 1 (0.0e+00)
Composition correction applied in 635 block(s)
	 #2 (1.9521e-02, 8.8851e-05): lin 1 (0.0e+00)
Composition correction applied in 2 block(s)
	 #3 (4.2473e-04, 5.9375e-05): lin 1 (0.0e+00)
Composition correction applied in 2 block(s)
-------------------------------------------------------------------------------------------------------------
 T = 38.023, DT = 1, NI = 3, LI = 3, RES = 3.1e-07 (8.7e-05), CFL=0.803 (ELAPSED 00:00:00, REMAINING 00:00:16 )
-------------------------------------------------------------------------------------------------------------
	 #1 (7.0711e-02, 6.7888e-02): lin 1 (0.0e+00)
Composition correction applied in 2 block(s)
	 #2 (2.5095e-02, 5.4576e-04): lin 1 (0.0e+00)
Composition correction applied in 2 block(s)
	 #3 (9.2530e-04, 1.8459e-04): lin 1 (0.0e+00)
Composition correction applied in 2 block(s)
-------------------------------------------------------------------------------------------------------------
 T = 39.023, DT = 1, NI = 3, LI = 3, RES = 5.3e-06 (8.6e-05), CFL=0.784 (ELAPSED 00:00:00, REMAINING 00:00:16 )
-------------------------------------------------------------------------------------------------------------
	 #1 (6.2011e-02, 1.8482e-02): lin 1 (0.0e+00)
Composition correction applied in 2 block(s)
	 #2 (1.0583e-02, 1.0446e-04): lin 1 (0.0e+00)
Composition correction applied in 2 block(s)
	 #3 (4.6770e-05, 5.4366e-05): lin 1 (0.0e+00)
Composition correction applied in 2 block(s)
-------------------------------------------------------------------------------------------------------------
 T = 40.023, DT = 1, NI = 3, LI = 3, RES = 5.6e-09 (8.3e-05), CFL=0.753 (ELAPSED 00:00:00, REMAINING 00:00:16 )
-------------------------------------------------------------------------------------------------------------
	 #1 (6.7642e-02, 3.3502e-02): lin 1 (0.0e+00)
Composition correction applied in 2 block(s)
	 #2 (3.5421e-02, 2.6959e-04): lin 1 (0.0e+00)
Composition correction applied in 2 block(s)
	 #3 (3.6506e-03, 3.6792e-04): lin 1 (0.0e+00)
Composition correction applied in 631 block(s)
	 #4 (5.7097e-05, 8.3806e-05): lin 1 (0.0e+00)
Composition correction applied in 630 block(s)
-------------------------------------------------------------------------------------------------------------
 T = 41.023, DT = 1, NI = 4, LI = 4, RES = 2.3e-09 (5.8e-05), CFL=0.796 (ELAPSED 00:00:00, REMAINING 00:00:16 )
-------------------------------------------------------------------------------------------------------------
	 #1 (6.3888e-02, 5.8854e-02): lin 1 (0.0e+00)
Composition correction applied in 2 block(s)
	 #2 (1.4561e-02, 3.6863e-04): lin 1 (0.0e+00)
Composition correction applied in 2 block(s)
	 #3 (2.5882e-04, 1.5571e-04): lin 1 (0.0e+00)
Composition correction applied in 2 block(s)
-------------------------------------------------------------------------------------------------------------
 T = 42.023, DT = 1, NI = 3, LI = 3, RES = 8.3e-08 (7.9e-05), CFL=0.754 (ELAPSED 00:00:00, REMAINING 00:00:16 )
-------------------------------------------------------------------------------------------------------------
	 #1 (6.1390e-02, 4.9405e-02): lin 1 (0.0e+00)
Composition correction applied in 2 block(s)
	 #2 (1.7890e-02, 1.0847e-04): lin 1 (0.0e+00)
Composition correction applied in 2 block(s)
	 #3 (2.5020e-04, 7.7114e-05): lin 1 (0.0e+00)
Composition correction applied in 2 block(s)
-------------------------------------------------------------------------------------------------------------
 T = 43.023, DT = 1, NI = 3, LI = 3, RES = 1.2e-07 (5.5e-05), CFL=0.773 (ELAPSED 00:00:00, REMAINING 00:00:16 )
-------------------------------------------------------------------------------------------------------------
	 #1 (6.5707e-02, 3.1077e-02): lin 1 (0.0e+00)
Composition correction applied in 2 block(s)
	 #2 (2.6280e-02, 2.6775e-04): lin 1 (0.0e+00)
Composition correction applied in 2 block(s)
	 #3 (1.1039e-03, 1.8916e-04): lin 1 (0.0e+00)
Composition correction applied in 2 block(s)
-------------------------------------------------------------------------------------------------------------
 T = 44.023, DT = 1, NI = 3, LI = 3, RES = 8.2e-06 (7.7e-05), CFL=0.773 (ELAPSED 00:00:00, REMAINING 00:00:16 )
-------------------------------------------------------------------------------------------------------------
	 #1 (5.8279e-02, 3.4642e-03): lin 1 (0.0e+00)
Composition correction applied in 2 block(s)
	 #2 (9.2353e-03, 5.2539e-06): lin 1 (0.0e+00)
Composition correction applied in 2 block(s)
	 #3 (2.1981e-05, 7.9808e-05): lin 1 (0.0e+00)
Composition correction applied in 2 block(s)
-------------------------------------------------------------------------------------------------------------
 T = 45.023, DT = 1, NI = 3, LI = 3, RES = 1.8e-09 (5.3e-05), CFL=0.736 (ELAPSED 00:00:00, REMAINING 00:00:15 )
-------------------------------------------------------------------------------------------------------------
	 #1 (6.3034e-02, 4.5630e-02): lin 1 (0.0e+00)
Composition correction applied in 2 block(s)
	 #2 (3.4559e-02, 6.6099e-05): lin 1 (0.0e+00)
Composition correction applied in 2 block(s)
	 #3 (3.7787e-03, 4.6136e-04): lin 1 (0.0e+00)
Composition correction applied in 631 block(s)
	 #4 (6.7190e-05, 7.7262e-05): lin 1 (0.0e+00)
Composition correction applied in 631 block(s)
-------------------------------------------------------------------------------------------------------------
 T = 46.023, DT = 1, NI = 4, LI = 4, RES = 2.8e-09 (5.2e-05), CFL=0.790 (ELAPSED 00:00:00, REMAINING 00:00:15 )
-------------------------------------------------------------------------------------------------------------
	 #1 (6.1618e-02, 6.4593e-02): lin 1 (0.0e+00)
Composition correction applied in 2 block(s)
	 #2 (1.7220e-02, 3.8923e-04): lin 1 (0.0e+00)
Composition correction applied in 2 block(s)
	 #3 (5.6707e-04, 6.3307e-05): lin 1 (0.0e+00)
Composition correction applied in 2 block(s)
-------------------------------------------------------------------------------------------------------------
 T = 47.023, DT = 1, NI = 3, LI = 3, RES = 6.7e-07 (5.0e-05), CFL=0.749 (ELAPSED 00:00:00, REMAINING 00:00:15 )
-------------------------------------------------------------------------------------------------------------
	 #1 (5.6636e-02, 3.5807e-02): lin 1 (0.0e+00)
Composition correction applied in 2 block(s)
	 #2 (1.7201e-02, 6.6136e-05): lin 1 (0.0e+00)
Composition correction applied in 2 block(s)
	 #3 (1.4260e-04, 7.4739e-05): lin 1 (0.0e+00)
Composition correction applied in 2 block(s)
-------------------------------------------------------------------------------------------------------------
 T = 48.023, DT = 1, NI = 3, LI = 3, RES = 5.0e-08 (6.9e-05), CFL=0.754 (ELAPSED 00:00:00, REMAINING 00:00:15 )
-------------------------------------------------------------------------------------------------------------
	 #1 (6.1560e-02, 3.6555e-03): lin 1 (0.0e+00)
Composition correction applied in 2 block(s)
	 #2 (2.7778e-02, 1.8181e-04): lin 1 (0.0e+00)
Composition correction applied in 2 block(s)
	 #3 (2.1633e-03, 3.2538e-04): lin 1 (0.0e+00)
Composition correction applied in 2 block(s)
	 #4 (2.1125e-05, 6.8435e-05): lin 1 (0.0e+00)
Composition correction applied in 2 block(s)
-------------------------------------------------------------------------------------------------------------
 T = 49.023, DT = 1, NI = 4, LI = 4, RES = 3.3e-10 (4.9e-05), CFL=0.770 (ELAPSED 00:00:00, REMAINING 00:00:15 )
-------------------------------------------------------------------------------------------------------------
	 #1 (5.5714e-02, 2.0217e-02): lin 1 (0.0e+00)
Composition correction applied in 2 block(s)
	 #2 (8.4183e-03, 1.7437e-04): lin 1 (0.0e+00)
Composition correction applied in 2 block(s)
	 #3 (2.5971e-05, 8.1820e-05): lin 1 (0.0e+00)
Composition correction applied in 2 block(s)
-------------------------------------------------------------------------------------------------------------
 T = 50.023, DT = 1, NI = 3, LI = 3, RES = 4.8e-08 (4.8e-05), CFL=0.720 (ELAPSED 00:00:00, REMAINING 00:00:15 )
-------------------------------------------------------------------------------------------------------------
	 #1 (5.8648e-02, 4.9020e-02): lin 1 (0.0e+00)
Composition correction applied in 635 block(s)
	 #2 (1.7220e-02, 2.0965e-04): lin 1 (0.0e+00)
Composition correction applied in 2 block(s)
	 #3 (4.5239e-04, 3.9314e-05): lin 1 (0.0e+00)
Composition correction applied in 2 block(s)
-------------------------------------------------------------------------------------------------------------
 T = 51.023, DT = 1, NI = 3, LI = 3, RES = 4.4e-07 (6.5e-05), CFL=0.772 (ELAPSED 00:00:00, REMAINING 00:00:15 )
-------------------------------------------------------------------------------------------------------------
	 #1 (5.9456e-02, 5.5260e-02): lin 1 (0.0e+00)
Composition correction applied in 2 block(s)
	 #2 (1.9417e-02, 2.7248e-04): lin 1 (0.0e+00)
Composition correction applied in 2 block(s)
	 #3 (6.0806e-04, 8.7492e-05): lin 1 (0.0e+00)
Composition correction applied in 2 block(s)
-------------------------------------------------------------------------------------------------------------
 T = 52.023, DT = 1, NI = 3, LI = 3, RES = 2.3e-06 (4.6e-05), CFL=0.744 (ELAPSED 00:00:00, REMAINING 00:00:15 )
-------------------------------------------------------------------------------------------------------------
	 #1 (5.2698e-02, 2.5339e-02): lin 1 (0.0e+00)
Composition correction applied in 2 block(s)
	 #2 (9.3594e-03, 4.4980e-05): lin 1 (0.0e+00)
Composition correction applied in 2 block(s)
	 #3 (6.0940e-05, 4.3015e-05): lin 1 (0.0e+00)
Composition correction applied in 2 block(s)
-------------------------------------------------------------------------------------------------------------
 T = 53.023, DT = 1, NI = 3, LI = 3, RES = 9.2e-09 (6.2e-05), CFL=0.728 (ELAPSED 00:00:00, REMAINING 00:00:15 )
-------------------------------------------------------------------------------------------------------------
	 #1 (5.7712e-02, 1.4222e-02): lin 1 (0.0e+00)
Composition correction applied in 2 block(s)
	 #2 (2.8796e-02, 1.0203e-04): lin 1 (0.0e+00)
Composition correction applied in 2 block(s)
	 #3 (2.5752e-03, 3.2904e-04): lin 1 (0.0e+00)
Composition correction applied in 2 block(s)
	 #4 (3.1687e-05, 4.2657e-05): lin 1 (0.0e+00)
Composition correction applied in 2 block(s)
-------------------------------------------------------------------------------------------------------------
 T = 54.023, DT = 1, NI = 4, LI = 4, RES = 6.8e-10 (4.4e-05), CFL=0.759 (ELAPSED 00:00:00, REMAINING 00:00:15 )
-------------------------------------------------------------------------------------------------------------
	 #1 (5.3636e-02, 3.2553e-02): lin 1 (0.0e+00)
Composition correction applied in 2 block(s)
	 #2 (1.1020e-02, 2.0130e-04): lin 1 (0.0e+00)
Composition correction applied in 2 block(s)
	 #3 (1.1478e-04, 1.1039e-05): lin 1 (0.0e+00)
Composition correction applied in 2 block(s)
-------------------------------------------------------------------------------------------------------------
 T = 55.023, DT = 1, NI = 3, LI = 3, RES = 1.4e-08 (6.0e-05), CFL=0.723 (ELAPSED 00:00:00, REMAINING 00:00:15 )
-------------------------------------------------------------------------------------------------------------
	 #1 (5.3720e-02, 3.5443e-02): lin 1 (0.0e+00)
Composition correction applied in 2 block(s)
	 #2 (1.5931e-02, 5.3437e-07): lin 1 (0.0e+00)
Composition correction applied in 2 block(s)
	 #3 (2.9916e-04, 5.9624e-05): lin 1 (0.0e+00)
Composition correction applied in 2 block(s)
-------------------------------------------------------------------------------------------------------------
 T = 56.023, DT = 1, NI = 3, LI = 3, RES = 1.5e-07 (5.9e-05), CFL=0.751 (ELAPSED 00:00:00, REMAINING 00:00:15 )
-------------------------------------------------------------------------------------------------------------
	 #1 (5.6594e-02, 3.2196e-02): lin 1 (0.0e+00)
Composition correction applied in 2 block(s)
	 #2 (2.1544e-02, 1.9470e-04): lin 1 (0.0e+00)
Composition correction applied in 2 block(s)
	 #3 (8.1114e-04, 2.0177e-04): lin 1 (0.0e+00)
Composition correction applied in 2 block(s)
-------------------------------------------------------------------------------------------------------------
 T = 57.023, DT = 1, NI = 3, LI = 3, RES = 4.2e-06 (5.8e-05), CFL=0.744 (ELAPSED 00:00:01, REMAINING 00:00:15 )
-------------------------------------------------------------------------------------------------------------
	 #1 (5.0399e-02, 3.8567e-03): lin 1 (0.0e+00)
Composition correction applied in 2 block(s)
	 #2 (8.3085e-03, 1.8639e-05): lin 1 (0.0e+00)
Composition correction applied in 2 block(s)
	 #3 (3.0763e-05, 3.8106e-05): lin 1 (0.0e+00)
Composition correction applied in 2 block(s)
-------------------------------------------------------------------------------------------------------------
 T = 58.023, DT = 1, NI = 3, LI = 3, RES = 2.8e-09 (4.1e-05), CFL=0.718 (ELAPSED 00:00:01, REMAINING 00:00:15 )
-------------------------------------------------------------------------------------------------------------
	 #1 (5.5037e-02, 2.6982e-02): lin 1 (0.0e+00)
Composition correction applied in 2 block(s)
	 #2 (2.9229e-02, 1.4798e-04): lin 1 (0.0e+00)
Composition correction applied in 2 block(s)
	 #3 (2.8840e-03, 2.1611e-04): lin 1 (0.0e+00)
Composition correction applied in 623 block(s)
	 #4 (4.3297e-05, 3.7360e-05): lin 1 (0.0e+00)
Composition correction applied in 623 block(s)
-------------------------------------------------------------------------------------------------------------
 T = 59.023, DT = 1, NI = 4, LI = 4, RES = 1.1e-09 (4.0e-05), CFL=0.756 (ELAPSED 00:00:01, REMAINING 00:00:15 )
-------------------------------------------------------------------------------------------------------------
	 #1 (5.2931e-02, 4.0442e-02): lin 1 (0.0e+00)
Composition correction applied in 2 block(s)
	 #2 (1.4335e-02, 2.4212e-04): lin 1 (0.0e+00)
Composition correction applied in 2 block(s)
	 #3 (3.9120e-04, 2.5136e-05): lin 1 (0.0e+00)
Composition correction applied in 2 block(s)
-------------------------------------------------------------------------------------------------------------
 T = 60.023, DT = 1, NI = 3, LI = 3, RES = 3.7e-07 (4.0e-05), CFL=0.726 (ELAPSED 00:00:01, REMAINING 00:00:15 )
-------------------------------------------------------------------------------------------------------------
	 #1 (4.9940e-02, 2.5824e-02): lin 1 (0.0e+00)
Composition correction applied in 2 block(s)
	 #2 (1.5613e-02, 3.9829e-05): lin 1 (0.0e+00)
Composition correction applied in 2 block(s)
	 #3 (2.4952e-04, 3.7679e-05): lin 1 (0.0e+00)
Composition correction applied in 2 block(s)
-------------------------------------------------------------------------------------------------------------
 T = 61.023, DT = 1, NI = 3, LI = 3, RES = 1.1e-07 (3.9e-05), CFL=0.735 (ELAPSED 00:00:01, REMAINING 00:00:15 )
-------------------------------------------------------------------------------------------------------------
	 #1 (5.4006e-02, 6.7386e-03): lin 1 (0.0e+00)
Composition correction applied in 2 block(s)
	 #2 (2.3900e-02, 1.3225e-04): lin 1 (0.0e+00)
Composition correction applied in 2 block(s)
	 #3 (1.7117e-03, 1.3406e-04): lin 1 (0.0e+00)
Composition correction applied in 2 block(s)
	 #4 (1.4457e-05, 3.7722e-05): lin 1 (0.0e+00)
Composition correction applied in 2 block(s)
-------------------------------------------------------------------------------------------------------------
 T = 62.023, DT = 1, NI = 4, LI = 4, RES = 1.4e-10 (3.8e-05), CFL=0.742 (ELAPSED 00:00:01, REMAINING 00:00:15 )
-------------------------------------------------------------------------------------------------------------
	 #1 (4.8796e-02, 1.1259e-02): lin 1 (0.0e+00)
Composition correction applied in 2 block(s)
	 #2 (7.3890e-03, 1.1245e-04): lin 1 (0.0e+00)
Composition correction applied in 2 block(s)
	 #3 (3.6690e-04, 3.1540e-05): lin 1 (0.0e+00)
Composition correction applied in 2 block(s)
-------------------------------------------------------------------------------------------------------------
 T = 63.023, DT = 1, NI = 3, LI = 3, RES = 3.7e-07 (5.3e-05), CFL=0.702 (ELAPSED 00:00:01, REMAINING 00:00:14 )
-------------------------------------------------------------------------------------------------------------
	 #1 (5.2202e-02, 3.6251e-02): lin 1 (0.0e+00)
Composition correction applied in 630 block(s)
	 #2 (1.4993e-02, 1.5842e-04): lin 1 (0.0e+00)
Composition correction applied in 623 block(s)
	 #3 (3.3728e-04, 5.5541e-05): lin 1 (0.0e+00)
Composition correction applied in 623 block(s)
-------------------------------------------------------------------------------------------------------------
 T = 64.023, DT = 1, NI = 3, LI = 3, RES = 2.3e-07 (3.7e-05), CFL=0.754 (ELAPSED 00:00:01, REMAINING 00:00:14 )
-------------------------------------------------------------------------------------------------------------
	 #1 (5.2605e-02, 4.4993e-02): lin 1 (0.0e+00)
Composition correction applied in 2 block(s)
	 #2 (1.7446e-02, 1.7839e-04): lin 1 (0.0e+00)
Composition correction applied in 2 block(s)
	 #3 (4.6933e-04, 1.4125e-04): lin 1 (0.0e+00)
Composition correction applied in 2 block(s)
-------------------------------------------------------------------------------------------------------------
 T = 65.023, DT = 1, NI = 3, LI = 3, RES = 1.8e-06 (5.1e-05), CFL=0.727 (ELAPSED 00:00:01, REMAINING 00:00:14 )
-------------------------------------------------------------------------------------------------------------
	 #1 (4.7199e-02, 1.6449e-02): lin 1 (0.0e+00)
Composition correction applied in 2 block(s)
	 #2 (8.4118e-03, 3.5081e-05): lin 1 (0.0e+00)
Composition correction applied in 2 block(s)
	 #3 (5.5301e-05, 5.1303e-05): lin 1 (0.0e+00)
Composition correction applied in 2 block(s)
-------------------------------------------------------------------------------------------------------------
 T = 66.023, DT = 1, NI = 3, LI = 3, RES = 8.0e-09 (3.6e-05), CFL=0.716 (ELAPSED 00:00:01, REMAINING 00:00:14 )
-------------------------------------------------------------------------------------------------------------
	 #1 (5.1635e-02, 1.2273e-02): lin 1 (0.0e+00)
Composition correction applied in 2 block(s)
	 #2 (2.5231e-02, 1.6088e-04): lin 1 (0.0e+00)
Composition correction applied in 2 block(s)
	 #3 (2.1418e-03, 1.4509e-04): lin 1 (0.0e+00)
Composition correction applied in 2 block(s)
	 #4 (2.4571e-05, 5.0128e-05): lin 1 (0.0e+00)
Composition correction applied in 2 block(s)
-------------------------------------------------------------------------------------------------------------
 T = 67.023, DT = 1, NI = 4, LI = 4, RES = 3.4e-10 (4.9e-05), CFL=0.743 (ELAPSED 00:00:01, REMAINING 00:00:14 )
-------------------------------------------------------------------------------------------------------------
	 #1 (4.8087e-02, 2.3517e-02): lin 1 (0.0e+00)
Composition correction applied in 2 block(s)
	 #2 (1.0855e-02, 1.5358e-04): lin 1 (0.0e+00)
Composition correction applied in 2 block(s)
	 #3 (1.5056e-04, 7.0679e-06): lin 1 (0.0e+00)
Composition correction applied in 2 block(s)
-------------------------------------------------------------------------------------------------------------
 T = 68.023, DT = 1, NI = 3, LI = 3, RES = 4.4e-08 (4.9e-05), CFL=0.708 (ELAPSED 00:00:01, REMAINING 00:00:14 )
-------------------------------------------------------------------------------------------------------------
	 #1 (4.7808e-02, 2.5499e-02): lin 1 (0.0e+00)
Composition correction applied in 2 block(s)
	 #2 (1.4214e-02, 6.2920e-05): lin 1 (0.0e+00)
Composition correction applied in 2 block(s)
	 #3 (2.1805e-04, 3.4479e-05): lin 1 (0.0e+00)
Composition correction applied in 2 block(s)
-------------------------------------------------------------------------------------------------------------
 T = 69.023, DT = 1, NI = 3, LI = 3, RES = 9.3e-08 (3.4e-05), CFL=0.732 (ELAPSED 00:00:01, REMAINING 00:00:14 )
-------------------------------------------------------------------------------------------------------------
	 #1 (5.0565e-02, 1.8217e-02): lin 1 (0.0e+00)
Composition correction applied in 2 block(s)
	 #2 (2.0284e-02, 2.0444e-04): lin 1 (0.0e+00)
Composition correction applied in 2 block(s)
	 #3 (1.1759e-03, 8.4021e-05): lin 1 (0.0e+00)
Composition correction applied in 2 block(s)
-------------------------------------------------------------------------------------------------------------
 T = 70.023, DT = 1, NI = 3, LI = 3, RES = 7.0e-06 (3.4e-05), CFL=0.730 (ELAPSED 00:00:01, REMAINING 00:00:14 )
-------------------------------------------------------------------------------------------------------------
	 #1 (4.5298e-02, 3.5353e-04): lin 1 (0.0e+00)
Composition correction applied in 2 block(s)
	 #2 (7.3193e-03, 9.4692e-06): lin 1 (0.0e+00)
Composition correction applied in 2 block(s)
	 #3 (2.3777e-05, 3.0480e-05): lin 1 (0.0e+00)
Composition correction applied in 2 block(s)
-------------------------------------------------------------------------------------------------------------
 T = 71.023, DT = 1, NI = 3, LI = 3, RES = 1.8e-09 (3.3e-05), CFL=0.699 (ELAPSED 00:00:01, REMAINING 00:00:14 )
-------------------------------------------------------------------------------------------------------------
	 #1 (4.9421e-02, 2.4422e-02): lin 1 (0.0e+00)
Composition correction applied in 2 block(s)
	 #2 (2.7170e-02, 1.1425e-04): lin 1 (0.0e+00)
Composition correction applied in 2 block(s)
	 #3 (2.6619e-03, 1.5862e-04): lin 1 (0.0e+00)
Composition correction applied in 616 block(s)
	 #4 (4.0192e-05, 4.8044e-05): lin 1 (0.0e+00)
Composition correction applied in 616 block(s)
-------------------------------------------------------------------------------------------------------------
 T = 72.023, DT = 1, NI = 4, LI = 4, RES = 7.3e-10 (3.3e-05), CFL=0.741 (ELAPSED 00:00:01, REMAINING 00:00:14 )
-------------------------------------------------------------------------------------------------------------
	 #1 (4.8083e-02, 3.3031e-02): lin 1 (0.0e+00)
Composition correction applied in 2 block(s)
	 #2 (1.4320e-02, 1.8977e-04): lin 1 (0.0e+00)
Composition correction applied in 2 block(s)
	 #3 (4.7748e-04, 2.3293e-05): lin 1 (0.0e+00)
Composition correction applied in 2 block(s)
-------------------------------------------------------------------------------------------------------------
 T = 73.023, DT = 1, NI = 3, LI = 3, RES = 6.5e-07 (3.3e-05), CFL=0.712 (ELAPSED 00:00:01, REMAINING 00:00:14 )
-------------------------------------------------------------------------------------------------------------
	 #1 (4.4756e-02, 1.7658e-02): lin 1 (0.0e+00)
Composition correction applied in 2 block(s)
	 #2 (1.4398e-02, 4.3708e-05): lin 1 (0.0e+00)
Composition correction applied in 2 block(s)
	 #3 (1.9676e-04, 2.8051e-05): lin 1 (0.0e+00)
Composition correction applied in 2 block(s)
-------------------------------------------------------------------------------------------------------------
 T = 74.023, DT = 1, NI = 3, LI = 3, RES = 8.1e-08 (4.5e-05), CFL=0.714 (ELAPSED 00:00:01, REMAINING 00:00:14 )
-------------------------------------------------------------------------------------------------------------
	 #1 (4.8630e-02, 6.9998e-04): lin 1 (0.0e+00)
Composition correction applied in 2 block(s)
	 #2 (2.2865e-02, 8.1586e-05): lin 1 (0.0e+00)
Composition correction applied in 2 block(s)
	 #3 (1.7290e-03, 1.7980e-04): lin 1 (0.0e+00)
Composition correction applied in 2 block(s)
	 #4 (1.5914e-05, 3.1356e-05): lin 1 (0.0e+00)
Composition correction applied in 2 block(s)
-------------------------------------------------------------------------------------------------------------
 T = 75.023, DT = 1, NI = 4, LI = 4, RES = 1.5e-10 (3.2e-05), CFL=0.730 (ELAPSED 00:00:01, REMAINING 00:00:14 )
-------------------------------------------------------------------------------------------------------------
	 #1 (4.4435e-02, 1.2784e-02): lin 1 (0.0e+00)
Composition correction applied in 2 block(s)
	 #2 (8.1310e-03, 2.9439e-05): lin 1 (0.0e+00)
Composition correction applied in 2 block(s)
	 #3 (3.8635e-05, 5.4090e-05): lin 1 (0.0e+00)
Composition correction applied in 2 block(s)
-------------------------------------------------------------------------------------------------------------
 T = 76.023, DT = 1, NI = 3, LI = 3, RES = 6.7e-10 (4.4e-05), CFL=0.694 (ELAPSED 00:00:01, REMAINING 00:00:14 )
-------------------------------------------------------------------------------------------------------------
	 #1 (4.6319e-02, 2.4878e-02): lin 1 (0.0e+00)
Composition correction applied in 618 block(s)
	 #2 (1.3291e-02, 1.0508e-05): lin 1 (0.0e+00)
Composition correction applied in 2 block(s)
	 #3 (2.3552e-04, 2.9976e-05): lin 1 (0.0e+00)
Composition correction applied in 2 block(s)
-------------------------------------------------------------------------------------------------------------
 T = 77.023, DT = 1, NI = 3, LI = 3, RES = 1.2e-07 (3.1e-05), CFL=0.730 (ELAPSED 00:00:01, REMAINING 00:00:14 )
-------------------------------------------------------------------------------------------------------------
	 #1 (4.7592e-02, 2.5678e-02): lin 1 (0.0e+00)
Composition correction applied in 2 block(s)
	 #2 (1.7388e-02, 1.1678e-04): lin 1 (0.0e+00)
Composition correction applied in 2 block(s)
	 #3 (5.9930e-04, 4.3755e-05): lin 1 (0.0e+00)
Composition correction applied in 2 block(s)
-------------------------------------------------------------------------------------------------------------
 T = 78.023, DT = 1, NI = 3, LI = 3, RES = 2.0e-06 (3.0e-05), CFL=0.718 (ELAPSED 00:00:01, REMAINING 00:00:14 )
-------------------------------------------------------------------------------------------------------------
	 #1 (4.2716e-02, 6.8124e-03): lin 1 (0.0e+00)
Composition correction applied in 2 block(s)
	 #2 (8.0718e-03, 4.9934e-05): lin 1 (0.0e+00)
Composition correction applied in 2 block(s)
	 #3 (1.9779e-04, 2.9178e-05): lin 1 (0.0e+00)
Composition correction applied in 2 block(s)
-------------------------------------------------------------------------------------------------------------
 T = 79.023, DT = 1, NI = 3, LI = 3, RES = 8.1e-08 (4.2e-05), CFL=0.694 (ELAPSED 00:00:01, REMAINING 00:00:14 )
-------------------------------------------------------------------------------------------------------------
	 #1 (4.6625e-02, 1.7361e-02): lin 1 (0.0e+00)
Composition correction applied in 2 block(s)
	 #2 (2.4013e-02, 3.0842e-05): lin 1 (0.0e+00)
Composition correction applied in 2 block(s)
	 #3 (2.0690e-03, 1.8757e-04): lin 1 (0.0e+00)
Composition correction applied in 2 block(s)
	 #4 (2.4797e-05, 4.2511e-05): lin 1 (0.0e+00)
Composition correction applied in 2 block(s)
-------------------------------------------------------------------------------------------------------------
 T = 80.023, DT = 1, NI = 4, LI = 4, RES = 2.6e-10 (3.0e-05), CFL=0.724 (ELAPSED 00:00:01, REMAINING 00:00:14 )
-------------------------------------------------------------------------------------------------------------
	 #1 (4.4003e-02, 2.1017e-02): lin 1 (0.0e+00)
Composition correction applied in 2 block(s)
	 #2 (1.1231e-02, 5.7440e-05): lin 1 (0.0e+00)
Composition correction applied in 2 block(s)
	 #3 (2.2482e-04, 7.1751e-05): lin 1 (0.0e+00)
Composition correction applied in 2 block(s)
-------------------------------------------------------------------------------------------------------------
 T = 81.023, DT = 1, NI = 3, LI = 3, RES = 1.4e-07 (2.9e-05), CFL=0.698 (ELAPSED 00:00:01, REMAINING 00:00:14 )
-------------------------------------------------------------------------------------------------------------
	 #1 (4.2840e-02, 1.7619e-02): lin 1 (0.0e+00)
Composition correction applied in 2 block(s)
	 #2 (1.2961e-02, 2.6376e-05): lin 1 (0.0e+00)
Composition correction applied in 2 block(s)
	 #3 (1.6832e-04, 4.0795e-05): lin 1 (0.0e+00)
Composition correction applied in 2 block(s)
-------------------------------------------------------------------------------------------------------------
 T = 82.023, DT = 1, NI = 3, LI = 3, RES = 6.2e-08 (4.0e-05), CFL=0.711 (ELAPSED 00:00:01, REMAINING 00:00:14 )
-------------------------------------------------------------------------------------------------------------
	 #1 (4.5878e-02, 9.3158e-03): lin 1 (0.0e+00)
Composition correction applied in 2 block(s)
	 #2 (1.9632e-02, 7.6591e-05): lin 1 (0.0e+00)
Composition correction applied in 2 block(s)
	 #3 (1.2144e-03, 7.0983e-05): lin 1 (0.0e+00)
Composition correction applied in 2 block(s)
-------------------------------------------------------------------------------------------------------------
 T = 83.023, DT = 1, NI = 3, LI = 3, RES = 8.0e-06 (4.0e-05), CFL=0.716 (ELAPSED 00:00:01, REMAINING 00:00:13 )
-------------------------------------------------------------------------------------------------------------
	 #1 (4.1397e-02, 4.9223e-03): lin 1 (0.0e+00)
Composition correction applied in 2 block(s)
	 #2 (6.5326e-03, 2.1948e-06): lin 1 (0.0e+00)
Composition correction applied in 2 block(s)
	 #3 (1.8162e-05, 4.2513e-05): lin 1 (0.0e+00)
Composition correction applied in 2 block(s)
-------------------------------------------------------------------------------------------------------------
 T = 84.023, DT = 1, NI = 3, LI = 3, RES = 1.1e-09 (3.9e-05), CFL=0.686 (ELAPSED 00:00:01, REMAINING 00:00:13 )
-------------------------------------------------------------------------------------------------------------
	 #1 (4.5139e-02, 2.1594e-02): lin 1 (0.0e+00)
Composition correction applied in 2 block(s)
	 #2 (2.5764e-02, 8.6714e-05): lin 1 (0.0e+00)
Composition correction applied in 2 block(s)
	 #3 (2.5095e-03, 1.2969e-04): lin 1 (0.0e+00)
Composition correction applied in 610 block(s)
	 #4 (3.8321e-05, 2.6972e-05): lin 1 (0.0e+00)
Composition correction applied in 610 block(s)
-------------------------------------------------------------------------------------------------------------
 T = 85.023, DT = 1, NI = 4, LI = 4, RES = 4.7e-10 (2.8e-05), CFL=0.727 (ELAPSED 00:00:01, REMAINING 00:00:13 )
-------------------------------------------------------------------------------------------------------------
	 #1 (4.4497e-02, 2.8668e-02): lin 1 (0.0e+00)
Composition correction applied in 2 block(s)
	 #2 (1.4334e-02, 9.1252e-05): lin 1 (0.0e+00)
Composition correction applied in 2 block(s)
	 #3 (3.5360e-04, 2.0675e-05): lin 1 (0.0e+00)
Composition correction applied in 2 block(s)
-------------------------------------------------------------------------------------------------------------
 T = 86.023, DT = 1, NI = 3, LI = 3, RES = 9.5e-07 (2.8e-05), CFL=0.706 (ELAPSED 00:00:01, REMAINING 00:00:13 )
-------------------------------------------------------------------------------------------------------------
	 #1 (4.0869e-02, 1.1681e-02): lin 1 (0.0e+00)
Composition correction applied in 2 block(s)
	 #2 (8.0016e-03, 3.7912e-05): lin 1 (0.0e+00)
Composition correction applied in 2 block(s)
	 #3 (1.4058e-04, 3.8008e-05): lin 1 (0.0e+00)
Composition correction applied in 2 block(s)
-------------------------------------------------------------------------------------------------------------
 T = 87.023, DT = 1, NI = 3, LI = 3, RES = 4.4e-08 (3.8e-05), CFL=0.701 (ELAPSED 00:00:01, REMAINING 00:00:13 )
-------------------------------------------------------------------------------------------------------------
	 #1 (4.4646e-02, 4.9062e-03): lin 1 (0.0e+00)
Composition correction applied in 2 block(s)
	 #2 (2.1297e-02, 1.1368e-04): lin 1 (0.0e+00)
Composition correction applied in 2 block(s)
	 #3 (1.6081e-03, 7.9848e-05): lin 1 (0.0e+00)
Composition correction applied in 2 block(s)
	 #4 (1.5158e-05, 3.8354e-05): lin 1 (0.0e+00)
Composition correction applied in 2 block(s)
-------------------------------------------------------------------------------------------------------------
 T = 88.023, DT = 1, NI = 4, LI = 4, RES = 9.0e-11 (2.7e-05), CFL=0.719 (ELAPSED 00:00:01, REMAINING 00:00:13 )
-------------------------------------------------------------------------------------------------------------
	 #1 (4.1187e-02, 1.3198e-02): lin 1 (0.0e+00)
Composition correction applied in 2 block(s)
	 #2 (8.8537e-03, 8.9392e-05): lin 1 (0.0e+00)
Composition correction applied in 2 block(s)
	 #3 (9.0516e-05, 5.1943e-05): lin 1 (0.0e+00)
Composition correction applied in 2 block(s)
-------------------------------------------------------------------------------------------------------------
 T = 89.023, DT = 1, NI = 3, LI = 3, RES = 1.6e-08 (2.7e-05), CFL=0.691 (ELAPSED 00:00:01, REMAINING 00:00:13 )
-------------------------------------------------------------------------------------------------------------
	 #1 (4.1982e-02, 1.7860e-02): lin 1 (0.0e+00)
Composition correction applied in 2 block(s)
	 #2 (1.2190e-02, 1.3893e-05): lin 1 (0.0e+00)
Composition correction applied in 2 block(s)
	 #3 (1.7646e-04, 3.6831e-05): lin 1 (0.0e+00)
Composition correction applied in 2 block(s)
-------------------------------------------------------------------------------------------------------------
 T = 90.023, DT = 1, NI = 3, LI = 3, RES = 7.3e-08 (2.6e-05), CFL=0.714 (ELAPSED 00:00:01, REMAINING 00:00:13 )
-------------------------------------------------------------------------------------------------------------
	 #1 (4.3808e-02, 1.4786e-02): lin 1 (0.0e+00)
Composition correction applied in 2 block(s)
	 #2 (1.7277e-02, 7.0200e-05): lin 1 (0.0e+00)
Composition correction applied in 2 block(s)
	 #3 (9.0405e-04, 4.2025e-05): lin 1 (0.0e+00)
Composition correction applied in 2 block(s)
-------------------------------------------------------------------------------------------------------------
 T = 91.023, DT = 1, NI = 3, LI = 3, RES = 4.4e-06 (3.6e-05), CFL=0.710 (ELAPSED 00:00:01, REMAINING 00:00:13 )
-------------------------------------------------------------------------------------------------------------
	 #1 (3.9412e-02, 1.2620e-03): lin 1 (0.0e+00)
Composition correction applied in 2 block(s)
	 #2 (7.2919e-03, 1.5087e-05): lin 1 (0.0e+00)
Composition correction applied in 2 block(s)
	 #3 (1.7174e-04, 3.7426e-05): lin 1 (0.0e+00)
Composition correction applied in 2 block(s)
-------------------------------------------------------------------------------------------------------------
 T = 92.023, DT = 1, NI = 3, LI = 3, RES = 6.9e-08 (2.6e-05), CFL=0.688 (ELAPSED 00:00:01, REMAINING 00:00:13 )
-------------------------------------------------------------------------------------------------------------
	 #1 (4.3267e-02, 1.5245e-02): lin 1 (0.0e+00)
Composition correction applied in 2 block(s)
	 #2 (2.3461e-02, 2.1658e-05): lin 1 (0.0e+00)
Composition correction applied in 2 block(s)
	 #3 (2.0894e-03, 1.5479e-04): lin 1 (0.0e+00)
Composition correction applied in 605 block(s)
	 #4 (2.6954e-05, 3.6119e-05): lin 1 (0.0e+00)
Composition correction applied in 605 block(s)
-------------------------------------------------------------------------------------------------------------
 T = 93.023, DT = 1, NI = 4, LI = 4, RES = 1.9e-10 (3.6e-05), CFL=0.719 (ELAPSED 00:00:01, REMAINING 00:00:13 )
-------------------------------------------------------------------------------------------------------------
	 #1 (4.1588e-02, 2.0738e-02): lin 1 (0.0e+00)
Composition correction applied in 2 block(s)
	 #2 (1.2305e-02, 1.1847e-04): lin 1 (0.0e+00)
Composition correction applied in 2 block(s)
	 #3 (3.6115e-04, 7.2013e-06): lin 1 (0.0e+00)
Composition correction applied in 2 block(s)
-------------------------------------------------------------------------------------------------------------
 T = 94.023, DT = 1, NI = 3, LI = 3, RES = 4.2e-07 (3.5e-05), CFL=0.698 (ELAPSED 00:00:01, REMAINING 00:00:13 )
-------------------------------------------------------------------------------------------------------------
	 #1 (3.9379e-02, 1.2034e-02): lin 1 (0.0e+00)
Composition correction applied in 2 block(s)
	 #2 (1.2545e-02, 3.4520e-05): lin 1 (0.0e+00)
Composition correction applied in 2 block(s)
	 #3 (1.4611e-04, 3.6863e-05): lin 1 (0.0e+00)
Composition correction applied in 2 block(s)
-------------------------------------------------------------------------------------------------------------
 T = 95.023, DT = 1, NI = 3, LI = 3, RES = 5.3e-08 (3.5e-05), CFL=0.701 (ELAPSED 00:00:01, REMAINING 00:00:13 )
-------------------------------------------------------------------------------------------------------------
	 #1 (4.2639e-02, 6.6120e-04): lin 1 (0.0e+00)
Composition correction applied in 2 block(s)
	 #2 (1.9957e-02, 1.1070e-04): lin 1 (0.0e+00)
Composition correction applied in 2 block(s)
	 #3 (1.3948e-03, 1.2268e-04): lin 1 (0.0e+00)
Composition correction applied in 2 block(s)
	 #4 (1.1141e-05, 2.4446e-05): lin 1 (0.0e+00)
Composition correction applied in 2 block(s)
-------------------------------------------------------------------------------------------------------------
 T = 96.023, DT = 1, NI = 4, LI = 4, RES = 4.9e-11 (2.5e-05), CFL=0.712 (ELAPSED 00:00:01, REMAINING 00:00:13 )
-------------------------------------------------------------------------------------------------------------
	 #1 (3.8874e-02, 7.8501e-03): lin 1 (0.0e+00)
Composition correction applied in 2 block(s)
	 #2 (7.0509e-03, 8.3031e-06): lin 1 (0.0e+00)
Composition correction applied in 2 block(s)
	 #3 (3.0743e-05, 1.7904e-05): lin 1 (0.0e+00)
Composition correction applied in 2 block(s)
-------------------------------------------------------------------------------------------------------------
 T = 97.023, DT = 1, NI = 3, LI = 3, RES = 1.1e-09 (2.4e-05), CFL=0.683 (ELAPSED 00:00:01, REMAINING 00:00:13 )
-------------------------------------------------------------------------------------------------------------
	 #1 (4.1041e-02, 1.7521e-02): lin 1 (0.0e+00)
Composition correction applied in 609 block(s)
	 #2 (1.1558e-02, 2.8621e-07): lin 1 (0.0e+00)
Composition correction applied in 2 block(s)
	 #3 (1.9202e-04, 2.3941e-05): lin 1 (0.0e+00)
Composition correction applied in 2 block(s)
-------------------------------------------------------------------------------------------------------------
 T = 98.023, DT = 1, NI = 3, LI = 3, RES = 8.8e-08 (2.4e-05), CFL=0.716 (ELAPSED 00:00:01, REMAINING 00:00:13 )
-------------------------------------------------------------------------------------------------------------
	 #1 (4.1781e-02, 1.8341e-02): lin 1 (0.0e+00)
Composition correction applied in 2 block(s)
	 #2 (1.5360e-02, 6.4853e-05): lin 1 (0.0e+00)
Composition correction applied in 2 block(s)
	 #3 (5.4641e-04, 8.1455e-05): lin 1 (0.0e+00)
Composition correction applied in 2 block(s)
-------------------------------------------------------------------------------------------------------------
 T = 99.023, DT = 1, NI = 3, LI = 3, RES = 1.2e-06 (3.4e-05), CFL=0.703 (ELAPSED 00:00:01, REMAINING 00:00:13 )
-------------------------------------------------------------------------------------------------------------
	 #1 (3.7760e-02, 4.7618e-03): lin 1 (0.0e+00)
Composition correction applied in 3 block(s)
	 #2 (7.0762e-03, 1.9373e-05): lin 1 (0.0e+00)
Composition correction applied in 3 block(s)
	 #3 (1.3515e-04, 2.3143e-05): lin 1 (0.0e+00)
Composition correction applied in 3 block(s)
-------------------------------------------------------------------------------------------------------------
 T = 100.023, DT = 1, NI = 3, LI = 3, RES = 4.6e-08 (2.4e-05), CFL=0.688 (ELAPSED 00:00:01, REMAINING 00:00:13 )
-------------------------------------------------------------------------------------------------------------
	 #1 (4.1519e-02, 1.0111e-02): lin 1 (0.0e+00)
Composition correction applied in 3 block(s)
	 #2 (2.1526e-02, 2.3851e-05): lin 1 (0.0e+00)
Composition correction applied in 3 block(s)
	 #3 (1.7571e-03, 7.1175e-05): lin 1 (0.0e+00)
Composition correction applied in 3 block(s)
	 #4 (1.9307e-05, 3.3200e-05): lin 1 (0.0e+00)
Composition correction applied in 3 block(s)
-------------------------------------------------------------------------------------------------------------
 T = 101.023, DT = 1, NI = 4, LI = 4, RES = 7.8e-11 (3.3e-05), CFL=0.713 (ELAPSED 00:00:01, REMAINING 00:00:13 )
-------------------------------------------------------------------------------------------------------------
	 #1 (3.9160e-02, 1.5198e-02): lin 1 (0.0e+00)
Composition correction applied in 3 block(s)
	 #2 (1.0557e-02, 8.9466e-05): lin 1 (0.0e+00)
Composition correction applied in 3 block(s)
	 #3 (2.2846e-04, 5.3070e-05): lin 1 (0.0e+00)
Composition correction applied in 3 block(s)
-------------------------------------------------------------------------------------------------------------
 T = 102.023, DT = 1, NI = 3, LI = 3, RES = 1.6e-07 (3.2e-05), CFL=0.691 (ELAPSED 00:00:01, REMAINING 00:00:13 )
-------------------------------------------------------------------------------------------------------------
	 #1 (3.8182e-02, 1.1759e-02): lin 1 (0.0e+00)
Composition correction applied in 3 block(s)
	 #2 (1.1707e-02, 3.2292e-05): lin 1 (0.0e+00)
Composition correction applied in 3 block(s)
	 #3 (1.3804e-04, 2.2857e-05): lin 1 (0.0e+00)
Composition correction applied in 3 block(s)
-------------------------------------------------------------------------------------------------------------
 T = 103.023, DT = 1, NI = 3, LI = 3, RES = 4.9e-08 (2.3e-05), CFL=0.701 (ELAPSED 00:00:01, REMAINING 00:00:13 )
-------------------------------------------------------------------------------------------------------------
	 #1 (4.0857e-02, 4.2760e-03): lin 1 (0.0e+00)
Composition correction applied in 3 block(s)
	 #2 (1.8108e-02, 4.7287e-05): lin 1 (0.0e+00)
Composition correction applied in 3 block(s)
	 #3 (1.1178e-03, 9.7711e-05): lin 1 (0.0e+00)
Composition correction applied in 3 block(s)
-------------------------------------------------------------------------------------------------------------
 T = 104.023, DT = 1, NI = 3, LI = 3, RES = 7.3e-06 (2.3e-05), CFL=0.705 (ELAPSED 00:00:01, REMAINING 00:00:13 )
-------------------------------------------------------------------------------------------------------------
	 #1 (3.6927e-02, 3.5176e-03): lin 1 (0.0e+00)
Composition correction applied in 3 block(s)
	 #2 (5.7520e-03, 1.0952e-07): lin 1 (0.0e+00)
Composition correction applied in 3 block(s)
	 #3 (1.6746e-05, 2.0760e-05): lin 1 (0.0e+00)
Composition correction applied in 3 block(s)
-------------------------------------------------------------------------------------------------------------
 T = 105.023, DT = 1, NI = 3, LI = 3, RES = 6.2e-09 (3.2e-05), CFL=0.678 (ELAPSED 00:00:01, REMAINING 00:00:13 )
-------------------------------------------------------------------------------------------------------------
	 #1 (4.0112e-02, 1.8869e-02): lin 1 (0.0e+00)
Composition correction applied in 3 block(s)
	 #2 (2.3391e-02, 5.4446e-06): lin 1 (0.0e+00)
Composition correction applied in 3 block(s)
	 #3 (2.1528e-03, 8.4120e-05): lin 1 (0.0e+00)
Composition correction applied in 3 block(s)
	 #4 (3.0584e-05, 2.1547e-05): lin 1 (0.0e+00)
Composition correction applied in 3 block(s)
-------------------------------------------------------------------------------------------------------------
 T = 106.023, DT = 1, NI = 4, LI = 4, RES = 1.4e-10 (2.2e-05), CFL=0.711 (ELAPSED 00:00:01, REMAINING 00:00:13 )
-------------------------------------------------------------------------------------------------------------
	 #1 (3.9612e-02, 2.0350e-02): lin 1 (0.0e+00)
Composition correction applied in 3 block(s)
	 #2 (1.3275e-02, 5.3005e-05): lin 1 (0.0e+00)
Composition correction applied in 3 block(s)
	 #3 (3.1102e-04, 6.2890e-05): lin 1 (0.0e+00)
Composition correction applied in 3 block(s)
-------------------------------------------------------------------------------------------------------------
 T = 107.023, DT = 1, NI = 3, LI = 3, RES = 7.7e-07 (2.2e-05), CFL=0.693 (ELAPSED 00:00:01, REMAINING 00:00:13 )
-------------------------------------------------------------------------------------------------------------
	 #1 (3.6290e-02, 7.4353e-03): lin 1 (0.0e+00)
Composition correction applied in 3 block(s)
	 #2 (6.9176e-03, 2.2281e-05): lin 1 (0.0e+00)
Composition correction applied in 3 block(s)
	 #3 (1.0608e-04, 2.1741e-05): lin 1 (0.0e+00)
Composition correction applied in 3 block(s)
-------------------------------------------------------------------------------------------------------------
 T = 108.023, DT = 1, NI = 3, LI = 3, RES = 3.0e-08 (2.2e-05), CFL=0.687 (ELAPSED 00:00:01, REMAINING 00:00:12 )
-------------------------------------------------------------------------------------------------------------
	 #1 (3.9780e-02, 4.5374e-03): lin 1 (0.0e+00)
Composition correction applied in 3 block(s)
	 #2 (1.9406e-02, 2.6855e-05): lin 1 (0.0e+00)
Composition correction applied in 3 block(s)
	 #3 (1.4076e-03, 4.9322e-05): lin 1 (0.0e+00)
Composition correction applied in 3 block(s)
	 #4 (1.2440e-05, 2.1583e-05): lin 1 (0.0e+00)
Composition correction applied in 3 block(s)
-------------------------------------------------------------------------------------------------------------
 T = 109.023, DT = 1, NI = 4, LI = 4, RES = 2.6e-11 (2.2e-05), CFL=0.707 (ELAPSED 00:00:01, REMAINING 00:00:12 )
-------------------------------------------------------------------------------------------------------------
	 #1 (3.6806e-02, 1.0487e-02): lin 1 (0.0e+00)
Composition correction applied in 3 block(s)
	 #2 (8.3928e-03, 1.4985e-05): lin 1 (0.0e+00)
Composition correction applied in 3 block(s)
	 #3 (1.0049e-04, 3.9697e-05): lin 1 (0.0e+00)
Composition correction applied in 3 block(s)
-------------------------------------------------------------------------------------------------------------
 T = 110.023, DT = 1, NI = 3, LI = 3, RES = 2.6e-08 (2.2e-05), CFL=0.682 (ELAPSED 00:00:01, REMAINING 00:00:12 )
-------------------------------------------------------------------------------------------------------------
	 #1 (3.7452e-02, 1.2032e-02): lin 1 (0.0e+00)
Composition correction applied in 3 block(s)
	 #2 (1.0888e-02, 1.5206e-05): lin 1 (0.0e+00)
Composition correction applied in 3 block(s)
	 #3 (1.4445e-04, 2.1448e-05): lin 1 (0.0e+00)
Composition correction applied in 3 block(s)
-------------------------------------------------------------------------------------------------------------
 T = 111.023, DT = 1, NI = 3, LI = 3, RES = 5.5e-08 (2.1e-05), CFL=0.702 (ELAPSED 00:00:01, REMAINING 00:00:12 )
-------------------------------------------------------------------------------------------------------------
	 #1 (3.9177e-02, 9.5874e-03): lin 1 (0.0e+00)
Composition correction applied in 3 block(s)
	 #2 (1.5953e-02, 9.3302e-05): lin 1 (0.0e+00)
Composition correction applied in 3 block(s)
	 #3 (8.2221e-04, 7.9088e-05): lin 1 (0.0e+00)
Composition correction applied in 3 block(s)
-------------------------------------------------------------------------------------------------------------
 T = 112.023, DT = 1, NI = 3, LI = 3, RES = 3.9e-06 (3.0e-05), CFL=0.699 (ELAPSED 00:00:01, REMAINING 00:00:12 )
-------------------------------------------------------------------------------------------------------------
	 #1 (3.5367e-02, 1.8068e-04): lin 1 (0.0e+00)
Composition correction applied in 3 block(s)
	 #2 (6.4460e-03, 1.1780e-05): lin 1 (0.0e+00)
Composition correction applied in 3 block(s)
	 #3 (1.3653e-04, 3.0080e-05): lin 1 (0.0e+00)
Composition correction applied in 3 block(s)
-------------------------------------------------------------------------------------------------------------
 T = 113.023, DT = 1, NI = 3, LI = 3, RES = 4.9e-08 (2.1e-05), CFL=0.678 (ELAPSED 00:00:01, REMAINING 00:00:12 )
-------------------------------------------------------------------------------------------------------------
	 #1 (3.8932e-02, 1.1772e-02): lin 1 (0.0e+00)
Composition correction applied in 3 block(s)
	 #2 (2.1485e-02, 6.2425e-05): lin 1 (0.0e+00)
Composition correction applied in 3 block(s)
	 #3 (1.8237e-03, 6.3137e-05): lin 1 (0.0e+00)
Composition correction applied in 598 block(s)
	 #4 (2.2000e-05, 2.0343e-05): lin 1 (0.0e+00)
Composition correction applied in 598 block(s)
-------------------------------------------------------------------------------------------------------------
 T = 114.023, DT = 1, NI = 4, LI = 4, RES = 7.5e-11 (2.9e-05), CFL=0.709 (ELAPSED 00:00:01, REMAINING 00:00:12 )
-------------------------------------------------------------------------------------------------------------
	 #1 (3.7486e-02, 1.5593e-02): lin 1 (0.0e+00)
Composition correction applied in 3 block(s)
	 #2 (1.1597e-02, 3.6967e-05): lin 1 (0.0e+00)
Composition correction applied in 3 block(s)
	 #3 (3.0959e-04, 1.3684e-06): lin 1 (0.0e+00)
Composition correction applied in 3 block(s)
-------------------------------------------------------------------------------------------------------------
 T = 115.023, DT = 1, NI = 3, LI = 3, RES = 4.9e-07 (2.9e-05), CFL=0.690 (ELAPSED 00:00:01, REMAINING 00:00:12 )
-------------------------------------------------------------------------------------------------------------
	 #1 (3.5428e-02, 8.0815e-03): lin 1 (0.0e+00)
Composition correction applied in 3 block(s)
	 #2 (6.9419e-03, 2.0734e-05): lin 1 (0.0e+00)
Composition correction applied in 3 block(s)
	 #3 (9.2011e-05, 2.0495e-05): lin 1 (0.0e+00)
Composition correction applied in 3 block(s)
-------------------------------------------------------------------------------------------------------------
 T = 116.023, DT = 1, NI = 3, LI = 3, RES = 2.3e-08 (2.0e-05), CFL=0.691 (ELAPSED 00:00:01, REMAINING 00:00:12 )
-------------------------------------------------------------------------------------------------------------
	 #1 (3.8442e-02, 7.4312e-04): lin 1 (0.0e+00)
Composition correction applied in 3 block(s)
	 #2 (1.8504e-02, 2.8436e-05): lin 1 (0.0e+00)
Composition correction applied in 3 block(s)
	 #3 (1.2729e-03, 4.0109e-05): lin 1 (0.0e+00)
Composition correction applied in 3 block(s)
-------------------------------------------------------------------------------------------------------------
 T = 117.023, DT = 1, NI = 3, LI = 3, RES = 9.8e-06 (2.0e-05), CFL=0.704 (ELAPSED 00:00:01, REMAINING 00:00:12 )
-------------------------------------------------------------------------------------------------------------
	 #1 (3.5160e-02, 6.5601e-03): lin 1 (0.0e+00)
Composition correction applied in 3 block(s)
	 #2 (6.9688e-03, 5.5089e-06): lin 1 (0.0e+00)
Composition correction applied in 3 block(s)
	 #3 (4.6665e-05, 3.3447e-05): lin 1 (0.0e+00)
Composition correction applied in 3 block(s)
-------------------------------------------------------------------------------------------------------------
 T = 118.023, DT = 1, NI = 3, LI = 3, RES = 3.6e-09 (2.8e-05), CFL=0.678 (ELAPSED 00:00:01, REMAINING 00:00:12 )
-------------------------------------------------------------------------------------------------------------
	 #1 (3.6870e-02, 1.2275e-02): lin 1 (0.0e+00)
Composition correction applied in 3 block(s)
	 #2 (1.0385e-02, 3.9790e-05): lin 1 (0.0e+00)
Composition correction applied in 3 block(s)
	 #3 (1.5360e-04, 1.9874e-05): lin 1 (0.0e+00)
Composition correction applied in 3 block(s)
-------------------------------------------------------------------------------------------------------------
 T = 119.023, DT = 1, NI = 3, LI = 3, RES = 6.1e-08 (2.0e-05), CFL=0.703 (ELAPSED 00:00:01, REMAINING 00:00:12 )
-------------------------------------------------------------------------------------------------------------
	 #1 (3.7728e-02, 1.1735e-02): lin 1 (0.0e+00)
Composition correction applied in 3 block(s)
	 #2 (1.4478e-02, 8.7526e-05): lin 1 (0.0e+00)
Composition correction applied in 3 block(s)
	 #3 (6.4735e-04, 6.3841e-05): lin 1 (0.0e+00)
Composition correction applied in 3 block(s)
-------------------------------------------------------------------------------------------------------------
 T = 120.023, DT = 1, NI = 3, LI = 3, RES = 2.4e-06 (2.8e-05), CFL=0.696 (ELAPSED 00:00:01, REMAINING 00:00:12 )
-------------------------------------------------------------------------------------------------------------
	 #1 (3.4166e-02, 2.2182e-03): lin 1 (0.0e+00)
Composition correction applied in 3 block(s)
	 #2 (6.3041e-03, 3.2191e-05): lin 1 (0.0e+00)
Composition correction applied in 3 block(s)
	 #3 (1.1275e-04, 1.9136e-05): lin 1 (0.0e+00)
Composition correction applied in 3 block(s)
-------------------------------------------------------------------------------------------------------------
 T = 121.023, DT = 1, NI = 3, LI = 3, RES = 3.6e-08 (2.0e-05), CFL=0.679 (ELAPSED 00:00:01, REMAINING 00:00:12 )
-------------------------------------------------------------------------------------------------------------
	 #1 (3.7656e-02, 8.6434e-03): lin 1 (0.0e+00)
Composition correction applied in 3 block(s)
	 #2 (2.0014e-02, 1.2059e-05): lin 1 (0.0e+00)
Composition correction applied in 3 block(s)
	 #3 (1.5849e-03, 4.7936e-05): lin 1 (0.0e+00)
Composition correction applied in 3 block(s)
	 #4 (1.6711e-05, 2.7572e-05): lin 1 (0.0e+00)
Composition correction applied in 3 block(s)
-------------------------------------------------------------------------------------------------------------
 T = 122.023, DT = 1, NI = 4, LI = 4, RES = 5.7e-11 (1.9e-05), CFL=0.706 (ELAPSED 00:00:01, REMAINING 00:00:12 )
-------------------------------------------------------------------------------------------------------------
	 #1 (3.5676e-02, 1.2021e-02): lin 1 (0.0e+00)
Composition correction applied in 3 block(s)
	 #2 (1.0270e-02, 6.9241e-05): lin 1 (0.0e+00)
Composition correction applied in 3 block(s)
	 #3 (2.4815e-04, 4.1696e-05): lin 1 (0.0e+00)
Composition correction applied in 3 block(s)
-------------------------------------------------------------------------------------------------------------
 T = 123.023, DT = 1, NI = 3, LI = 3, RES = 2.1e-07 (1.9e-05), CFL=0.686 (ELAPSED 00:00:01, REMAINING 00:00:12 )
-------------------------------------------------------------------------------------------------------------
	 #1 (3.4527e-02, 8.1953e-03): lin 1 (0.0e+00)
Composition correction applied in 3 block(s)
	 #2 (1.0779e-02, 2.6406e-05): lin 1 (0.0e+00)
Composition correction applied in 3 block(s)
	 #3 (1.1763e-04, 1.8746e-05): lin 1 (0.0e+00)
Composition correction applied in 3 block(s)
-------------------------------------------------------------------------------------------------------------
 T = 124.023, DT = 1, NI = 3, LI = 3, RES = 4.0e-08 (1.9e-05), CFL=0.691 (ELAPSED 00:00:01, REMAINING 00:00:12 )
-------------------------------------------------------------------------------------------------------------
	 #1 (3.7118e-02, 1.7220e-03): lin 1 (0.0e+00)
Composition correction applied in 3 block(s)
	 #2 (1.7106e-02, 2.6169e-05): lin 1 (0.0e+00)
Composition correction applied in 3 block(s)
	 #3 (1.0701e-03, 7.6077e-05): lin 1 (0.0e+00)
Composition correction applied in 3 block(s)
-------------------------------------------------------------------------------------------------------------
 T = 125.023, DT = 1, NI = 3, LI = 3, RES = 7.0e-06 (1.9e-05), CFL=0.700 (ELAPSED 00:00:01, REMAINING 00:00:12 )
-------------------------------------------------------------------------------------------------------------
	 #1 (3.3728e-02, 4.1770e-03): lin 1 (0.0e+00)
Composition correction applied in 3 block(s)
	 #2 (5.7794e-03, 4.3231e-05): lin 1 (0.0e+00)
Composition correction applied in 3 block(s)
	 #3 (2.1278e-05, 2.8360e-05): lin 1 (0.0e+00)
Composition correction applied in 3 block(s)
-------------------------------------------------------------------------------------------------------------
 T = 126.023, DT = 1, NI = 3, LI = 3, RES = 1.3e-09 (1.9e-05), CFL=0.679 (ELAPSED 00:00:01, REMAINING 00:00:12 )
-------------------------------------------------------------------------------------------------------------
	 #1 (3.6320e-02, 1.2165e-02): lin 1 (0.0e+00)
Composition correction applied in 601 block(s)
	 #2 (9.9822e-03, 4.3220e-05): lin 1 (0.0e+00)
Composition correction applied in 588 block(s)
	 #3 (1.6558e-04, 1.8545e-05): lin 1 (0.0e+00)
Composition correction applied in 3 block(s)
-------------------------------------------------------------------------------------------------------------
 T = 127.023, DT = 1, NI = 3, LI = 3, RES = 7.0e-08 (1.9e-05), CFL=0.704 (ELAPSED 00:00:01, REMAINING 00:00:12 )
-------------------------------------------------------------------------------------------------------------
	 #1 (3.6367e-02, 1.3427e-02): lin 1 (0.0e+00)
Composition correction applied in 3 block(s)
	 #2 (1.3190e-02, 7.7576e-05): lin 1 (0.0e+00)
Composition correction applied in 3 block(s)
	 #3 (4.3495e-04, 9.4723e-06): lin 1 (0.0e+00)
Composition correction applied in 3 block(s)
-------------------------------------------------------------------------------------------------------------
 T = 128.023, DT = 1, NI = 3, LI = 3, RES = 6.8e-07 (2.6e-05), CFL=0.693 (ELAPSED 00:00:01, REMAINING 00:00:12 )
-------------------------------------------------------------------------------------------------------------
	 #1 (3.3151e-02, 3.8122e-03): lin 1 (0.0e+00)
Composition correction applied in 3 block(s)
	 #2 (6.1938e-03, 2.7496e-05): lin 1 (0.0e+00)
Composition correction applied in 3 block(s)
	 #3 (1.0280e-04, 2.5936e-05): lin 1 (0.0e+00)
Composition correction applied in 3 block(s)
-------------------------------------------------------------------------------------------------------------
 T = 129.023, DT = 1, NI = 3, LI = 3, RES = 2.8e-07 (1.8e-05), CFL=0.679 (ELAPSED 00:00:01, REMAINING 00:00:12 )
-------------------------------------------------------------------------------------------------------------
	 #1 (3.6337e-02, 7.2690e-03): lin 1 (0.0e+00)
Composition correction applied in 3 block(s)
	 #2 (1.8560e-02, 8.4434e-06): lin 1 (0.0e+00)
Composition correction applied in 3 block(s)
	 #3 (1.3491e-03, 8.2031e-05): lin 1 (0.0e+00)
Composition correction applied in 3 block(s)
	 #4 (1.2160e-05, 1.7999e-05): lin 1 (0.0e+00)
Composition correction applied in 3 block(s)
-------------------------------------------------------------------------------------------------------------
 T = 130.023, DT = 1, NI = 4, LI = 4, RES = 4.5e-11 (1.8e-05), CFL=0.698 (ELAPSED 00:00:01, REMAINING 00:00:12 )
-------------------------------------------------------------------------------------------------------------
	 #1 (3.3839e-02, 8.1933e-03): lin 1 (0.0e+00)
Composition correction applied in 4 block(s)
	 #2 (8.6932e-03, 1.0232e-05): lin 1 (0.0e+00)
Composition correction applied in 4 block(s)
	 #3 (1.4738e-04, 3.5906e-05): lin 1 (0.0e+00)
Composition correction applied in 4 block(s)
-------------------------------------------------------------------------------------------------------------
 T = 131.023, DT = 1, NI = 3, LI = 3, RES = 7.0e-08 (1.8e-05), CFL=0.677 (ELAPSED 00:00:01, REMAINING 00:00:12 )
-------------------------------------------------------------------------------------------------------------
	 #1 (3.3690e-02, 8.5798e-03): lin 1 (0.0e+00)
Composition correction applied in 4 block(s)
	 #2 (1.0015e-02, 1.6603e-05): lin 1 (0.0e+00)
Composition correction applied in 4 block(s)
	 #3 (1.1705e-04, 1.7882e-05): lin 1 (0.0e+00)
Composition correction applied in 4 block(s)
-------------------------------------------------------------------------------------------------------------
 T = 132.023, DT = 1, NI = 3, LI = 3, RES = 4.0e-08 (1.8e-05), CFL=0.690 (ELAPSED 00:00:01, REMAINING 00:00:12 )
-------------------------------------------------------------------------------------------------------------
	 #1 (3.5705e-02, 4.7977e-03): lin 1 (0.0e+00)
Composition correction applied in 4 block(s)
	 #2 (1.5434e-02, 6.6535e-05): lin 1 (0.0e+00)
Composition correction applied in 4 block(s)
	 #3 (8.3527e-04, 6.2381e-05): lin 1 (0.0e+00)
Composition correction applied in 4 block(s)
-------------------------------------------------------------------------------------------------------------
 T = 133.023, DT = 1, NI = 3, LI = 3, RES = 4.3e-06 (1.8e-05), CFL=0.693 (ELAPSED 00:00:01, REMAINING 00:00:12 )
-------------------------------------------------------------------------------------------------------------
	 #1 (3.2319e-02, 1.9790e-03): lin 1 (0.0e+00)
Composition correction applied in 4 block(s)
	 #2 (5.7854e-03, 9.8889e-06): lin 1 (0.0e+00)
Composition correction applied in 4 block(s)
	 #3 (1.2271e-04, 1.6751e-05): lin 1 (0.0e+00)
Composition correction applied in 4 block(s)
-------------------------------------------------------------------------------------------------------------
 T = 134.023, DT = 1, NI = 3, LI = 3, RES = 4.3e-08 (1.8e-05), CFL=0.674 (ELAPSED 00:00:01, REMAINING 00:00:12 )
-------------------------------------------------------------------------------------------------------------
	 #1 (3.5628e-02, 1.0071e-02): lin 1 (0.0e+00)
Composition correction applied in 4 block(s)
	 #2 (2.0376e-02, 2.8055e-06): lin 1 (0.0e+00)
Composition correction applied in 4 block(s)
	 #3 (1.6881e-03, 8.9135e-05): lin 1 (0.0e+00)
Composition correction applied in 4 block(s)
	 #4 (2.0056e-05, 1.7059e-05): lin 1 (0.0e+00)
Composition correction applied in 4 block(s)
-------------------------------------------------------------------------------------------------------------
 T = 135.023, DT = 1, NI = 4, LI = 4, RES = 1.8e-10 (2.5e-05), CFL=0.702 (ELAPSED 00:00:01, REMAINING 00:00:12 )
-------------------------------------------------------------------------------------------------------------
	 #1 (3.4652e-02, 1.3187e-02): lin 1 (0.0e+00)
Composition correction applied in 4 block(s)
	 #2 (1.1480e-02, 2.4533e-05): lin 1 (0.0e+00)
Composition correction applied in 4 block(s)
	 #3 (2.4961e-04, 1.2709e-06): lin 1 (0.0e+00)
Composition correction applied in 4 block(s)
-------------------------------------------------------------------------------------------------------------
 T = 136.023, DT = 1, NI = 3, LI = 3, RES = 4.8e-07 (2.4e-05), CFL=0.688 (ELAPSED 00:00:01, REMAINING 00:00:12 )
-------------------------------------------------------------------------------------------------------------
	 #1 (3.2331e-02, 5.0924e-03): lin 1 (0.0e+00)
Composition correction applied in 4 block(s)
	 #2 (6.1762e-03, 2.4038e-05): lin 1 (0.0e+00)
Composition correction applied in 4 block(s)
	 #3 (7.9846e-05, 1.7139e-05): lin 1 (0.0e+00)
Composition correction applied in 4 block(s)
-------------------------------------------------------------------------------------------------------------
 T = 137.023, DT = 1, NI = 3, LI = 3, RES = 1.9e-08 (1.7e-05), CFL=0.683 (ELAPSED 00:00:02, REMAINING 00:00:12 )
-------------------------------------------------------------------------------------------------------------
	 #1 (3.5320e-02, 2.3855e-03): lin 1 (0.0e+00)
Composition correction applied in 4 block(s)
	 #2 (1.7073e-02, 5.4857e-05): lin 1 (0.0e+00)
Composition correction applied in 4 block(s)
	 #3 (1.1297e-03, 2.6357e-05): lin 1 (0.0e+00)
Composition correction applied in 4 block(s)
-------------------------------------------------------------------------------------------------------------
 T = 138.023, DT = 1, NI = 3, LI = 3, RES = 8.5e-06 (1.7e-05), CFL=0.698 (ELAPSED 00:00:02, REMAINING 00:00:12 )
-------------------------------------------------------------------------------------------------------------
	 #1 (3.2490e-02, 6.2458e-03): lin 1 (0.0e+00)
Composition correction applied in 4 block(s)
	 #2 (7.3189e-03, 4.4224e-05): lin 1 (0.0e+00)
Composition correction applied in 4 block(s)
	 #3 (7.8358e-05, 1.0912e-05): lin 1 (0.0e+00)
Composition correction applied in 4 block(s)
-------------------------------------------------------------------------------------------------------------
 T = 139.023, DT = 1, NI = 3, LI = 3, RES = 1.6e-08 (2.4e-05), CFL=0.676 (ELAPSED 00:00:02, REMAINING 00:00:12 )
-------------------------------------------------------------------------------------------------------------
	 #1 (3.3486e-02, 8.5451e-03): lin 1 (0.0e+00)
Composition correction applied in 4 block(s)
	 #2 (9.6090e-03, 1.2192e-05): lin 1 (0.0e+00)
Composition correction applied in 4 block(s)
	 #3 (1.2637e-04, 1.6997e-05): lin 1 (0.0e+00)
Composition correction applied in 4 block(s)
-------------------------------------------------------------------------------------------------------------
 T = 140.023, DT = 1, NI = 3, LI = 3, RES = 4.6e-08 (2.4e-05), CFL=0.695 (ELAPSED 00:00:02, REMAINING 00:00:12 )
-------------------------------------------------------------------------------------------------------------
	 #1 (3.4717e-02, 6.8849e-03): lin 1 (0.0e+00)
Composition correction applied in 4 block(s)
	 #2 (1.4150e-02, 2.1248e-05): lin 1 (0.0e+00)
Composition correction applied in 4 block(s)
	 #3 (6.7575e-04, 1.3443e-05): lin 1 (0.0e+00)
Composition correction applied in 4 block(s)
-------------------------------------------------------------------------------------------------------------
 T = 141.023, DT = 1, NI = 3, LI = 3, RES = 2.8e-06 (1.7e-05), CFL=0.693 (ELAPSED 00:00:02, REMAINING 00:00:11 )
-------------------------------------------------------------------------------------------------------------
	 #1 (3.1429e-02, 2.8395e-04): lin 1 (0.0e+00)
Composition correction applied in 4 block(s)
	 #2 (5.7088e-03, 2.7851e-05): lin 1 (0.0e+00)
Composition correction applied in 4 block(s)
	 #3 (1.0361e-04, 1.6110e-05): lin 1 (0.0e+00)
Composition correction applied in 4 block(s)
-------------------------------------------------------------------------------------------------------------
 T = 142.023, DT = 1, NI = 3, LI = 3, RES = 3.3e-08 (1.7e-05), CFL=0.674 (ELAPSED 00:00:02, REMAINING 00:00:11 )
-------------------------------------------------------------------------------------------------------------
	 #1 (3.4716e-02, 7.9940e-03): lin 1 (0.0e+00)
Composition correction applied in 4 block(s)
	 #2 (1.9148e-02, 2.7934e-06): lin 1 (0.0e+00)
Composition correction applied in 4 block(s)
	 #3 (1.4935e-03, 3.8120e-05): lin 1 (0.0e+00)
Composition correction applied in 586 block(s)
	 #4 (1.5711e-05, 2.3399e-05): lin 1 (0.0e+00)
Composition correction applied in 586 block(s)
-------------------------------------------------------------------------------------------------------------
 T = 143.023, DT = 1, NI = 4, LI = 4, RES = 1.4e-10 (1.7e-05), CFL=0.700 (ELAPSED 00:00:02, REMAINING 00:00:11 )
-------------------------------------------------------------------------------------------------------------
	 #1 (3.3203e-02, 1.0310e-02): lin 1 (0.0e+00)
Composition correction applied in 4 block(s)
	 #2 (1.0363e-02, 1.7499e-05): lin 1 (0.0e+00)
Composition correction applied in 4 block(s)
	 #3 (2.6034e-04, 2.4964e-06): lin 1 (0.0e+00)
Composition correction applied in 4 block(s)
-------------------------------------------------------------------------------------------------------------
 T = 144.023, DT = 1, NI = 3, LI = 3, RES = 3.6e-07 (1.7e-05), CFL=0.685 (ELAPSED 00:00:02, REMAINING 00:00:11 )
-------------------------------------------------------------------------------------------------------------
	 #1 (3.1646e-02, 5.5641e-03): lin 1 (0.0e+00)
Composition correction applied in 4 block(s)
	 #2 (6.1479e-03, 2.2743e-05): lin 1 (0.0e+00)
Composition correction applied in 4 block(s)
	 #3 (7.3707e-05, 2.2820e-05): lin 1 (0.0e+00)
Composition correction applied in 4 block(s)
-------------------------------------------------------------------------------------------------------------
 T = 145.023, DT = 1, NI = 3, LI = 3, RES = 1.6e-08 (2.3e-05), CFL=0.685 (ELAPSED 00:00:02, REMAINING 00:00:11 )
-------------------------------------------------------------------------------------------------------------
	 #1 (3.4279e-02, 4.0451e-04): lin 1 (0.0e+00)
Composition correction applied in 4 block(s)
	 #2 (1.6591e-02, 1.6967e-05): lin 1 (0.0e+00)
Composition correction applied in 4 block(s)
	 #3 (1.0704e-03, 2.5026e-05): lin 1 (0.0e+00)
Composition correction applied in 4 block(s)
-------------------------------------------------------------------------------------------------------------
 T = 146.023, DT = 1, NI = 3, LI = 3, RES = 7.3e-06 (1.6e-05), CFL=0.696 (ELAPSED 00:00:02, REMAINING 00:00:11 )
-------------------------------------------------------------------------------------------------------------
	 #1 (3.1314e-02, 4.4335e-03): lin 1 (0.0e+00)
Composition correction applied in 4 block(s)
	 #2 (6.2901e-03, 7.0243e-07): lin 1 (0.0e+00)
Composition correction applied in 4 block(s)
	 #3 (4.3934e-05, 1.2582e-05): lin 1 (0.0e+00)
Composition correction applied in 4 block(s)
-------------------------------------------------------------------------------------------------------------
 T = 147.023, DT = 1, NI = 3, LI = 3, RES = 3.9e-09 (2.3e-05), CFL=0.674 (ELAPSED 00:00:02, REMAINING 00:00:11 )
-------------------------------------------------------------------------------------------------------------
	 #1 (3.3055e-02, 8.5702e-03): lin 1 (0.0e+00)
Composition correction applied in 4 block(s)
	 #2 (9.2244e-03, 2.9504e-05): lin 1 (0.0e+00)
Composition correction applied in 4 block(s)
	 #3 (1.3224e-04, 1.6040e-05): lin 1 (0.0e+00)
Composition correction applied in 4 block(s)
-------------------------------------------------------------------------------------------------------------
 T = 148.023, DT = 1, NI = 3, LI = 3, RES = 4.9e-08 (2.2e-05), CFL=0.696 (ELAPSED 00:00:02, REMAINING 00:00:11 )
-------------------------------------------------------------------------------------------------------------
	 #1 (3.3650e-02, 8.1196e-03): lin 1 (0.0e+00)
Composition correction applied in 4 block(s)
	 #2 (1.3077e-02, 1.9286e-05): lin 1 (0.0e+00)
Composition correction applied in 4 block(s)
	 #3 (5.5584e-04, 4.5612e-05): lin 1 (0.0e+00)
Composition correction applied in 4 block(s)
-------------------------------------------------------------------------------------------------------------
 T = 149.023, DT = 1, NI = 3, LI = 3, RES = 1.9e-06 (1.6e-05), CFL=0.690 (ELAPSED 00:00:02, REMAINING 00:00:11 )
-------------------------------------------------------------------------------------------------------------
	 #1 (3.0583e-02, 1.4730e-03): lin 1 (0.0e+00)
Composition correction applied in 4 block(s)
	 #2 (5.6178e-03, 1.3058e-05): lin 1 (0.0e+00)
Composition correction applied in 4 block(s)
	 #3 (8.9453e-05, 2.2394e-05): lin 1 (0.0e+00)
Composition correction applied in 4 block(s)
-------------------------------------------------------------------------------------------------------------
 T = 150.023, DT = 1, NI = 3, LI = 3, RES = 2.6e-08 (2.2e-05), CFL=0.679 (ELAPSED 00:00:02, REMAINING 00:00:11 )
-------------------------------------------------------------------------------------------------------------
	 #1 (3.3787e-02, 6.0963e-03): lin 1 (0.0e+00)
Composition correction applied in 4 block(s)
	 #2 (1.8079e-02, 4.1781e-05): lin 1 (0.0e+00)
Composition correction applied in 4 block(s)
	 #3 (1.3295e-03, 6.8476e-05): lin 1 (0.0e+00)
Composition correction applied in 4 block(s)
	 #4 (1.2467e-05, 2.2068e-05): lin 1 (0.0e+00)
Composition correction applied in 4 block(s)
-------------------------------------------------------------------------------------------------------------
 T = 151.023, DT = 1, NI = 4, LI = 4, RES = 1.0e-10 (1.6e-05), CFL=0.698 (ELAPSED 00:00:02, REMAINING 00:00:11 )
-------------------------------------------------------------------------------------------------------------
	 #1 (3.1910e-02, 8.3397e-03): lin 1 (0.0e+00)
Composition correction applied in 4 block(s)
	 #2 (9.3590e-03, 4.8037e-05): lin 1 (0.0e+00)
Composition correction applied in 4 block(s)
	 #3 (2.2096e-04, 4.8274e-06): lin 1 (0.0e+00)
Composition correction applied in 4 block(s)
-------------------------------------------------------------------------------------------------------------
 T = 152.023, DT = 1, NI = 3, LI = 3, RES = 1.7e-07 (1.6e-05), CFL=0.684 (ELAPSED 00:00:02, REMAINING 00:00:11 )
-------------------------------------------------------------------------------------------------------------
	 #1 (3.1020e-02, 5.6429e-03): lin 1 (0.0e+00)
Composition correction applied in 4 block(s)
	 #2 (9.6880e-03, 1.6014e-05): lin 1 (0.0e+00)
Composition correction applied in 4 block(s)
	 #3 (1.1001e-04, 1.5013e-05): lin 1 (0.0e+00)
Composition correction applied in 4 block(s)
-------------------------------------------------------------------------------------------------------------
 T = 153.023, DT = 1, NI = 3, LI = 3, RES = 2.0e-07 (1.6e-05), CFL=0.684 (ELAPSED 00:00:02, REMAINING 00:00:11 )
-------------------------------------------------------------------------------------------------------------
	 #1 (3.3194e-02, 5.9978e-05): lin 1 (0.0e+00)
Composition correction applied in 4 block(s)
	 #2 (1.5391e-02, 1.4836e-05): lin 1 (0.0e+00)
Composition correction applied in 4 block(s)
	 #3 (9.2023e-04, 1.7308e-05): lin 1 (0.0e+00)
Composition correction applied in 4 block(s)
-------------------------------------------------------------------------------------------------------------
 T = 154.023, DT = 1, NI = 3, LI = 3, RES = 5.2e-06 (2.2e-05), CFL=0.690 (ELAPSED 00:00:02, REMAINING 00:00:11 )
-------------------------------------------------------------------------------------------------------------
	 #1 (3.0074e-02, 2.1889e-03): lin 1 (0.0e+00)
Composition correction applied in 4 block(s)
	 #2 (5.4673e-03, 5.3380e-06): lin 1 (0.0e+00)
Composition correction applied in 4 block(s)
	 #3 (1.2547e-04, 2.2371e-05): lin 1 (0.0e+00)
Composition correction applied in 4 block(s)
-------------------------------------------------------------------------------------------------------------
 T = 155.023, DT = 1, NI = 3, LI = 3, RES = 5.0e-08 (1.5e-05), CFL=0.675 (ELAPSED 00:00:02, REMAINING 00:00:11 )
-------------------------------------------------------------------------------------------------------------
	 #1 (3.2683e-02, 8.9367e-03): lin 1 (0.0e+00)
Composition correction applied in 582 block(s)
	 #2 (8.7742e-03, 3.3932e-06): lin 1 (0.0e+00)
Composition correction applied in 4 block(s)
	 #3 (1.4053e-04, 2.1340e-05): lin 1 (0.0e+00)
Composition correction applied in 4 block(s)
-------------------------------------------------------------------------------------------------------------
 T = 156.023, DT = 1, NI = 3, LI = 3, RES = 5.4e-08 (2.1e-05), CFL=0.695 (ELAPSED 00:00:02, REMAINING 00:00:11 )
-------------------------------------------------------------------------------------------------------------
	 #1 (3.2441e-02, 1.0057e-02): lin 1 (0.0e+00)
Composition correction applied in 4 block(s)
	 #2 (1.1678e-02, 5.4185e-05): lin 1 (0.0e+00)
Composition correction applied in 4 block(s)
	 #3 (3.5178e-04, 1.7799e-06): lin 1 (0.0e+00)
Composition correction applied in 4 block(s)
-------------------------------------------------------------------------------------------------------------
 T = 157.023, DT = 1, NI = 3, LI = 3, RES = 4.4e-07 (2.1e-05), CFL=0.685 (ELAPSED 00:00:02, REMAINING 00:00:11 )
-------------------------------------------------------------------------------------------------------------
	 #1 (2.9793e-02, 2.5936e-03): lin 1 (0.0e+00)
Composition correction applied in 4 block(s)
	 #2 (5.5566e-03, 1.4375e-05): lin 1 (0.0e+00)
Composition correction applied in 4 block(s)
	 #3 (7.4773e-05, 2.1150e-05): lin 1 (0.0e+00)
Composition correction applied in 4 block(s)
-------------------------------------------------------------------------------------------------------------
 T = 158.023, DT = 1, NI = 3, LI = 3, RES = 1.9e-08 (2.1e-05), CFL=0.676 (ELAPSED 00:00:02, REMAINING 00:00:11 )
-------------------------------------------------------------------------------------------------------------
	 #1 (3.2826e-02, 3.4628e-03): lin 1 (0.0e+00)
Composition correction applied in 5 block(s)
	 #2 (1.6700e-02, 4.1131e-05): lin 1 (0.0e+00)
Composition correction applied in 5 block(s)
	 #3 (1.1261e-03, 5.6301e-05): lin 1 (0.0e+00)
Composition correction applied in 5 block(s)
-------------------------------------------------------------------------------------------------------------
 T = 159.023, DT = 1, NI = 3, LI = 3, RES = 8.9e-06 (2.1e-05), CFL=0.694 (ELAPSED 00:00:02, REMAINING 00:00:11 )
-------------------------------------------------------------------------------------------------------------
	 #1 (3.0498e-02, 6.3401e-03): lin 1 (0.0e+00)
Composition correction applied in 5 block(s)
	 #2 (7.8736e-03, 3.8757e-05): lin 1 (0.0e+00)
Composition correction applied in 5 block(s)
	 #3 (1.2586e-04, 8.4950e-06): lin 1 (0.0e+00)
Composition correction applied in 5 block(s)
-------------------------------------------------------------------------------------------------------------
 T = 160.023, DT = 1, NI = 3, LI = 3, RES = 5.3e-08 (2.1e-05), CFL=0.677 (ELAPSED 00:00:02, REMAINING 00:00:11 )
-------------------------------------------------------------------------------------------------------------
	 #1 (3.0685e-02, 5.8605e-03): lin 1 (0.0e+00)
Composition correction applied in 5 block(s)
	 #2 (9.1045e-03, 2.1565e-05): lin 1 (0.0e+00)
Composition correction applied in 5 block(s)
	 #3 (1.0658e-04, 2.0766e-05): lin 1 (0.0e+00)
Composition correction applied in 5 block(s)
-------------------------------------------------------------------------------------------------------------
 T = 161.023, DT = 1, NI = 3, LI = 3, RES = 3.6e-08 (1.5e-05), CFL=0.688 (ELAPSED 00:00:02, REMAINING 00:00:11 )
-------------------------------------------------------------------------------------------------------------
	 #1 (3.2353e-02, 3.4402e-03): lin 1 (0.0e+00)
Composition correction applied in 5 block(s)
	 #2 (1.4101e-02, 4.9079e-05): lin 1 (0.0e+00)
Composition correction applied in 5 block(s)
	 #3 (7.2884e-04, 9.2567e-06): lin 1 (0.0e+00)
Composition correction applied in 5 block(s)
-------------------------------------------------------------------------------------------------------------
 T = 162.023, DT = 1, NI = 3, LI = 3, RES = 3.4e-06 (1.5e-05), CFL=0.690 (ELAPSED 00:00:02, REMAINING 00:00:11 )
-------------------------------------------------------------------------------------------------------------
	 #1 (2.9304e-02, 1.2010e-03): lin 1 (0.0e+00)
Composition correction applied in 5 block(s)
	 #2 (5.2438e-03, 8.4573e-06): lin 1 (0.0e+00)
Composition correction applied in 5 block(s)
	 #3 (1.0176e-04, 1.3968e-05): lin 1 (0.0e+00)
Composition correction applied in 5 block(s)
-------------------------------------------------------------------------------------------------------------
 T = 163.023, DT = 1, NI = 3, LI = 3, RES = 3.3e-08 (1.5e-05), CFL=0.674 (ELAPSED 00:00:02, REMAINING 00:00:11 )
-------------------------------------------------------------------------------------------------------------
	 #1 (3.2378e-02, 7.5843e-03): lin 1 (0.0e+00)
Composition correction applied in 5 block(s)
	 #2 (1.8641e-02, 3.4702e-05): lin 1 (0.0e+00)
Composition correction applied in 5 block(s)
	 #3 (1.4433e-03, 2.9830e-05): lin 1 (0.0e+00)
Composition correction applied in 578 block(s)
	 #4 (1.5521e-05, 2.0469e-05): lin 1 (0.0e+00)
Composition correction applied in 578 block(s)
-------------------------------------------------------------------------------------------------------------
 T = 164.023, DT = 1, NI = 4, LI = 4, RES = 2.4e-10 (1.4e-05), CFL=0.697 (ELAPSED 00:00:02, REMAINING 00:00:11 )
-------------------------------------------------------------------------------------------------------------
	 #1 (3.1387e-02, 9.2223e-03): lin 1 (0.0e+00)
Composition correction applied in 5 block(s)
	 #2 (1.0643e-02, 4.7499e-05): lin 1 (0.0e+00)
Composition correction applied in 5 block(s)
	 #3 (2.3513e-04, 2.1693e-06): lin 1 (0.0e+00)
Composition correction applied in 5 block(s)
-------------------------------------------------------------------------------------------------------------
 T = 165.023, DT = 1, NI = 3, LI = 3, RES = 3.6e-07 (2.0e-05), CFL=0.685 (ELAPSED 00:00:02, REMAINING 00:00:11 )
-------------------------------------------------------------------------------------------------------------
	 #1 (2.9319e-02, 3.5268e-03): lin 1 (0.0e+00)
Composition correction applied in 5 block(s)
	 #2 (5.5568e-03, 2.0075e-05): lin 1 (0.0e+00)
Composition correction applied in 5 block(s)
	 #3 (6.7284e-05, 2.0024e-05): lin 1 (0.0e+00)
Composition correction applied in 5 block(s)
-------------------------------------------------------------------------------------------------------------
 T = 166.023, DT = 1, NI = 3, LI = 3, RES = 1.5e-08 (2.0e-05), CFL=0.680 (ELAPSED 00:00:02, REMAINING 00:00:11 )
-------------------------------------------------------------------------------------------------------------
	 #1 (3.2067e-02, 2.0966e-03): lin 1 (0.0e+00)
Composition correction applied in 5 block(s)
	 #2 (1.5733e-02, 3.7879e-05): lin 1 (0.0e+00)
Composition correction applied in 5 block(s)
	 #3 (9.9275e-04, 1.7492e-05): lin 1 (0.0e+00)
Composition correction applied in 5 block(s)
-------------------------------------------------------------------------------------------------------------
 T = 167.023, DT = 1, NI = 3, LI = 3, RES = 6.9e-06 (1.4e-05), CFL=0.694 (ELAPSED 00:00:02, REMAINING 00:00:11 )
-------------------------------------------------------------------------------------------------------------
	 #1 (2.9505e-02, 4.6280e-03): lin 1 (0.0e+00)
Composition correction applied in 5 block(s)
	 #2 (6.9519e-03, 3.2875e-05): lin 1 (0.0e+00)
Composition correction applied in 5 block(s)
	 #3 (8.2739e-05, 2.3915e-05): lin 1 (0.0e+00)
Composition correction applied in 5 block(s)
-------------------------------------------------------------------------------------------------------------
 T = 168.023, DT = 1, NI = 3, LI = 3, RES = 2.0e-08 (1.4e-05), CFL=0.675 (ELAPSED 00:00:02, REMAINING 00:00:11 )
-------------------------------------------------------------------------------------------------------------
	 #1 (3.0353e-02, 6.1116e-03): lin 1 (0.0e+00)
Composition correction applied in 5 block(s)
	 #2 (8.7429e-03, 1.1745e-05): lin 1 (0.0e+00)
Composition correction applied in 5 block(s)
	 #3 (1.1001e-04, 1.9590e-05): lin 1 (0.0e+00)
Composition correction applied in 5 block(s)
-------------------------------------------------------------------------------------------------------------
 T = 169.023, DT = 1, NI = 3, LI = 3, RES = 3.7e-08 (2.0e-05), CFL=0.690 (ELAPSED 00:00:02, REMAINING 00:00:11 )
-------------------------------------------------------------------------------------------------------------
	 #1 (3.1516e-02, 4.4530e-03): lin 1 (0.0e+00)
Composition correction applied in 5 block(s)
	 #2 (1.3175e-02, 4.5567e-05): lin 1 (0.0e+00)
Composition correction applied in 5 block(s)
	 #3 (6.1880e-04, 4.0264e-05): lin 1 (0.0e+00)
Composition correction applied in 5 block(s)
-------------------------------------------------------------------------------------------------------------
 T = 170.023, DT = 1, NI = 3, LI = 3, RES = 2.4e-06 (1.4e-05), CFL=0.689 (ELAPSED 00:00:02, REMAINING 00:00:11 )
-------------------------------------------------------------------------------------------------------------
	 #1 (2.8570e-02, 1.4609e-04): lin 1 (0.0e+00)
Composition correction applied in 5 block(s)
	 #2 (5.1611e-03, 2.3450e-05): lin 1 (0.0e+00)
Composition correction applied in 5 block(s)
	 #3 (8.8882e-05, 1.9857e-05): lin 1 (0.0e+00)
Composition correction applied in 5 block(s)
-------------------------------------------------------------------------------------------------------------
 T = 171.023, DT = 1, NI = 3, LI = 3, RES = 2.7e-08 (1.9e-05), CFL=0.675 (ELAPSED 00:00:02, REMAINING 00:00:11 )
-------------------------------------------------------------------------------------------------------------
	 #1 (3.1632e-02, 6.1664e-03): lin 1 (0.0e+00)
Composition correction applied in 5 block(s)
	 #2 (1.7713e-02, 3.2436e-05): lin 1 (0.0e+00)
Composition correction applied in 5 block(s)
	 #3 (1.3082e-03, 2.3504e-05): lin 1 (0.0e+00)
Composition correction applied in 5 block(s)
	 #4 (1.2721e-05, 1.9514e-05): lin 1 (0.0e+00)
Composition correction applied in 5 block(s)
-------------------------------------------------------------------------------------------------------------
 T = 172.023, DT = 1, NI = 4, LI = 4, RES = 1.9e-10 (1.4e-05), CFL=0.696 (ELAPSED 00:00:02, REMAINING 00:00:11 )
-------------------------------------------------------------------------------------------------------------
	 #1 (3.0275e-02, 7.6825e-03): lin 1 (0.0e+00)
Composition correction applied in 5 block(s)
	 #2 (9.7832e-03, 8.3966e-06): lin 1 (0.0e+00)
Composition correction applied in 5 block(s)
	 #3 (2.1019e-04, 4.3878e-06): lin 1 (0.0e+00)
Composition correction applied in 5 block(s)
-------------------------------------------------------------------------------------------------------------
 T = 173.023, DT = 1, NI = 3, LI = 3, RES = 3.1e-07 (1.9e-05), CFL=0.682 (ELAPSED 00:00:02, REMAINING 00:00:11 )
-------------------------------------------------------------------------------------------------------------
	 #1 (2.8779e-02, 3.7502e-03): lin 1 (0.0e+00)
Composition correction applied in 5 block(s)
	 #2 (5.5171e-03, 1.3944e-05): lin 1 (0.0e+00)
Composition correction applied in 5 block(s)
	 #3 (6.2522e-05, 1.9087e-05): lin 1 (0.0e+00)
Composition correction applied in 5 block(s)
-------------------------------------------------------------------------------------------------------------
 T = 174.023, DT = 1, NI = 3, LI = 3, RES = 1.3e-08 (1.9e-05), CFL=0.681 (ELAPSED 00:00:02, REMAINING 00:00:11 )
-------------------------------------------------------------------------------------------------------------
	 #1 (3.1270e-02, 7.9372e-04): lin 1 (0.0e+00)
Composition correction applied in 5 block(s)
	 #2 (1.5476e-02, 3.8829e-05): lin 1 (0.0e+00)
Composition correction applied in 5 block(s)
	 #3 (9.6875e-04, 4.5501e-05): lin 1 (0.0e+00)
Composition correction applied in 5 block(s)
	 #4 (2.4073e-05, 1.3572e-05): lin 1 (0.0e+00)
Composition correction applied in 5 block(s)
-------------------------------------------------------------------------------------------------------------
 T = 175.023, DT = 1, NI = 4, LI = 4, RES = 2.6e-09 (1.9e-05), CFL=0.692 (ELAPSED 00:00:02, REMAINING 00:00:11 )
-------------------------------------------------------------------------------------------------------------
	 #1 (2.8587e-02, 3.5272e-03): lin 1 (0.0e+00)
Composition correction applied in 5 block(s)
	 #2 (6.4495e-03, 2.7159e-06): lin 1 (0.0e+00)
Composition correction applied in 5 block(s)
	 #3 (1.5221e-04, 2.1227e-05): lin 1 (0.0e+00)
Composition correction applied in 5 block(s)
-------------------------------------------------------------------------------------------------------------
 T = 176.023, DT = 1, NI = 3, LI = 3, RES = 5.2e-08 (1.3e-05), CFL=0.683 (ELAPSED 00:00:02, REMAINING 00:00:11 )
-------------------------------------------------------------------------------------------------------------
	 #1 (3.0009e-02, 6.3672e-03): lin 1 (0.0e+00)
Composition correction applied in 5 block(s)
	 #2 (8.3484e-03, 1.0465e-05): lin 1 (0.0e+00)
Composition correction applied in 5 block(s)
	 #3 (1.1439e-04, 1.8714e-05): lin 1 (0.0e+00)
Composition correction applied in 5 block(s)
-------------------------------------------------------------------------------------------------------------
 T = 177.023, DT = 1, NI = 3, LI = 3, RES = 4.1e-08 (1.3e-05), CFL=0.688 (ELAPSED 00:00:02, REMAINING 00:00:11 )
-------------------------------------------------------------------------------------------------------------
	 #1 (3.0552e-02, 4.4415e-03): lin 1 (0.0e+00)
Composition correction applied in 5 block(s)
	 #2 (1.2117e-02, 4.2020e-05): lin 1 (0.0e+00)
Composition correction applied in 5 block(s)
	 #3 (5.0156e-04, 2.6422e-06): lin 1 (0.0e+00)
Composition correction applied in 5 block(s)
-------------------------------------------------------------------------------------------------------------
 T = 178.023, DT = 1, NI = 3, LI = 3, RES = 1.6e-06 (1.3e-05), CFL=0.683 (ELAPSED 00:00:02, REMAINING 00:00:11 )
-------------------------------------------------------------------------------------------------------------
	 #1 (2.7743e-02, 1.1668e-03): lin 1 (0.0e+00)
Composition correction applied in 5 block(s)
	 #2 (5.0324e-03, 1.2146e-05): lin 1 (0.0e+00)
Composition correction applied in 5 block(s)
	 #3 (7.5441e-05, 1.8720e-05): lin 1 (0.0e+00)
Composition correction applied in 5 block(s)
-------------------------------------------------------------------------------------------------------------
 T = 179.023, DT = 1, NI = 3, LI = 3, RES = 2.0e-08 (1.3e-05), CFL=0.674 (ELAPSED 00:00:02, REMAINING 00:00:11 )
-------------------------------------------------------------------------------------------------------------
	 #1 (3.0749e-02, 4.5967e-03): lin 1 (0.0e+00)
Composition correction applied in 5 block(s)
	 #2 (1.6585e-02, 7.0628e-07): lin 1 (0.0e+00)
Composition correction applied in 5 block(s)
	 #3 (1.1441e-03, 4.9881e-05): lin 1 (0.0e+00)
Composition correction applied in 5 block(s)
-------------------------------------------------------------------------------------------------------------
 T = 180.023, DT = 1, NI = 3, LI = 3, RES = 9.6e-06 (1.9e-05), CFL=0.691 (ELAPSED 00:00:02, REMAINING 00:00:11 )
-------------------------------------------------------------------------------------------------------------
	 #1 (2.8993e-02, 6.3869e-03): lin 1 (0.0e+00)
Composition correction applied in 5 block(s)
	 #2 (8.5372e-03, 3.5326e-05): lin 1 (0.0e+00)
Composition correction applied in 5 block(s)
	 #3 (1.9081e-04, 6.6326e-06): lin 1 (0.0e+00)
Composition correction applied in 5 block(s)
-------------------------------------------------------------------------------------------------------------
 T = 181.023, DT = 1, NI = 3, LI = 3, RES = 1.4e-07 (1.3e-05), CFL=0.677 (ELAPSED 00:00:02, REMAINING 00:00:11 )
-------------------------------------------------------------------------------------------------------------
	 #1 (2.8339e-02, 3.8849e-03): lin 1 (0.0e+00)
Composition correction applied in 5 block(s)
	 #2 (8.8177e-03, 1.7915e-05): lin 1 (0.0e+00)
Composition correction applied in 5 block(s)
	 #3 (9.4552e-05, 1.8791e-05): lin 1 (0.0e+00)
Composition correction applied in 5 block(s)
-------------------------------------------------------------------------------------------------------------
 T = 182.023, DT = 1, NI = 3, LI = 3, RES = 3.1e-08 (1.8e-05), CFL=0.682 (ELAPSED 00:00:02, REMAINING 00:00:11 )
-------------------------------------------------------------------------------------------------------------
	 #1 (3.0413e-02, 1.1549e-03): lin 1 (0.0e+00)
Composition correction applied in 5 block(s)
	 #2 (1.4221e-02, 5.6559e-06): lin 1 (0.0e+00)
Composition correction applied in 5 block(s)
	 #3 (8.5049e-04, 9.8643e-06): lin 1 (0.0e+00)
Composition correction applied in 5 block(s)
-------------------------------------------------------------------------------------------------------------
 T = 183.023, DT = 1, NI = 3, LI = 3, RES = 4.3e-06 (1.8e-05), CFL=0.689 (ELAPSED 00:00:02, REMAINING 00:00:11 )
-------------------------------------------------------------------------------------------------------------
	 #1 (2.7639e-02, 2.3139e-03): lin 1 (0.0e+00)
Composition correction applied in 5 block(s)
	 #2 (5.1831e-03, 6.2997e-06): lin 1 (0.0e+00)
Composition correction applied in 5 block(s)
	 #3 (1.1126e-04, 1.1882e-05): lin 1 (0.0e+00)
Composition correction applied in 5 block(s)
-------------------------------------------------------------------------------------------------------------
 T = 184.023, DT = 1, NI = 3, LI = 3, RES = 4.2e-08 (1.3e-05), CFL=0.674 (ELAPSED 00:00:02, REMAINING 00:00:10 )
-------------------------------------------------------------------------------------------------------------
	 #1 (3.0084e-02, 6.3500e-03): lin 1 (0.0e+00)
Composition correction applied in 577 block(s)
	 #2 (8.0820e-03, 6.1843e-06): lin 1 (0.0e+00)
Composition correction applied in 5 block(s)
	 #3 (1.2398e-04, 1.2771e-05): lin 1 (0.0e+00)
Composition correction applied in 5 block(s)
-------------------------------------------------------------------------------------------------------------
 T = 185.023, DT = 1, NI = 3, LI = 3, RES = 4.4e-08 (1.3e-05), CFL=0.693 (ELAPSED 00:00:02, REMAINING 00:00:10 )
-------------------------------------------------------------------------------------------------------------
	 #1 (2.9831e-02, 7.0671e-03): lin 1 (0.0e+00)
Composition correction applied in 6 block(s)
	 #2 (1.1021e-02, 8.5076e-06): lin 1 (0.0e+00)
Composition correction applied in 6 block(s)
	 #3 (3.7775e-04, 1.7964e-06): lin 1 (0.0e+00)
Composition correction applied in 6 block(s)
-------------------------------------------------------------------------------------------------------------
 T = 186.023, DT = 1, NI = 3, LI = 3, RES = 3.3e-07 (1.3e-05), CFL=0.685 (ELAPSED 00:00:02, REMAINING 00:00:10 )
-------------------------------------------------------------------------------------------------------------
	 #1 (2.7402e-02, 1.8035e-03): lin 1 (0.0e+00)
Composition correction applied in 6 block(s)
	 #2 (5.0912e-03, 1.2453e-05): lin 1 (0.0e+00)
Composition correction applied in 6 block(s)
	 #3 (6.6162e-05, 1.7862e-05): lin 1 (0.0e+00)
Composition correction applied in 6 block(s)
-------------------------------------------------------------------------------------------------------------
 T = 187.023, DT = 1, NI = 3, LI = 3, RES = 1.6e-08 (1.3e-05), CFL=0.676 (ELAPSED 00:00:02, REMAINING 00:00:10 )
-------------------------------------------------------------------------------------------------------------
	 #1 (3.0231e-02, 3.1478e-03): lin 1 (0.0e+00)
Composition correction applied in 6 block(s)
	 #2 (1.5651e-02, 3.1844e-05): lin 1 (0.0e+00)
Composition correction applied in 6 block(s)
	 #3 (1.0164e-03, 1.2559e-05): lin 1 (0.0e+00)
Composition correction applied in 6 block(s)
-------------------------------------------------------------------------------------------------------------
 T = 188.023, DT = 1, NI = 3, LI = 3, RES = 7.5e-06 (1.2e-05), CFL=0.693 (ELAPSED 00:00:02, REMAINING 00:00:10 )
-------------------------------------------------------------------------------------------------------------
	 #1 (2.8123e-02, 4.7621e-03): lin 1 (0.0e+00)
Composition correction applied in 6 block(s)
	 #2 (7.6540e-03, 4.6457e-07): lin 1 (0.0e+00)
Composition correction applied in 6 block(s)
	 #3 (1.3570e-04, 2.2706e-05): lin 1 (0.0e+00)
Composition correction applied in 6 block(s)
-------------------------------------------------------------------------------------------------------------
 T = 189.023, DT = 1, NI = 3, LI = 3, RES = 6.6e-08 (1.8e-05), CFL=0.677 (ELAPSED 00:00:02, REMAINING 00:00:10 )
-------------------------------------------------------------------------------------------------------------
	 #1 (2.8117e-02, 4.2544e-03): lin 1 (0.0e+00)
Composition correction applied in 6 block(s)
	 #2 (8.4705e-03, 1.7566e-05): lin 1 (0.0e+00)
Composition correction applied in 6 block(s)
	 #3 (9.6336e-05, 1.7769e-05): lin 1 (0.0e+00)
Composition correction applied in 6 block(s)
-------------------------------------------------------------------------------------------------------------
 T = 190.023, DT = 1, NI = 3, LI = 3, RES = 3.2e-08 (1.3e-05), CFL=0.685 (ELAPSED 00:00:02, REMAINING 00:00:10 )
-------------------------------------------------------------------------------------------------------------
	 #1 (2.9771e-02, 1.9244e-03): lin 1 (0.0e+00)
Composition correction applied in 6 block(s)
	 #2 (1.3374e-02, 3.4775e-05): lin 1 (0.0e+00)
Composition correction applied in 6 block(s)
	 #3 (6.8996e-04, 6.7660e-06): lin 1 (0.0e+00)
Composition correction applied in 6 block(s)
-------------------------------------------------------------------------------------------------------------
 T = 191.023, DT = 1, NI = 3, LI = 3, RES = 3.1e-06 (1.7e-05), CFL=0.689 (ELAPSED 00:00:02, REMAINING 00:00:10 )
-------------------------------------------------------------------------------------------------------------
	 #1 (2.6989e-02, 1.2648e-03): lin 1 (0.0e+00)
Composition correction applied in 6 block(s)
	 #2 (4.8008e-03, 9.0398e-06): lin 1 (0.0e+00)
Composition correction applied in 6 block(s)
	 #3 (9.2030e-05, 1.1927e-05): lin 1 (0.0e+00)
Composition correction applied in 6 block(s)
-------------------------------------------------------------------------------------------------------------
 T = 192.023, DT = 1, NI = 3, LI = 3, RES = 2.9e-08 (1.2e-05), CFL=0.674 (ELAPSED 00:00:02, REMAINING 00:00:10 )
-------------------------------------------------------------------------------------------------------------
	 #1 (2.9848e-02, 6.2043e-03): lin 1 (0.0e+00)
Composition correction applied in 6 block(s)
	 #2 (1.7538e-02, 2.8361e-05): lin 1 (0.0e+00)
Composition correction applied in 6 block(s)
	 #3 (1.2939e-03, 1.8266e-05): lin 1 (0.0e+00)
Composition correction applied in 565 block(s)
	 #4 (1.3171e-05, 1.7656e-05): lin 1 (0.0e+00)
Composition correction applied in 566 block(s)
-------------------------------------------------------------------------------------------------------------
 T = 193.023, DT = 1, NI = 4, LI = 4, RES = 3.0e-10 (1.2e-05), CFL=0.695 (ELAPSED 00:00:02, REMAINING 00:00:10 )
-------------------------------------------------------------------------------------------------------------
	 #1 (2.9046e-02, 7.1863e-03): lin 1 (0.0e+00)
Composition correction applied in 6 block(s)
	 #2 (1.0242e-02, 3.6030e-05): lin 1 (0.0e+00)
Composition correction applied in 6 block(s)
	 #3 (2.6765e-04, 2.6185e-05): lin 1 (0.0e+00)
Composition correction applied in 6 block(s)
-------------------------------------------------------------------------------------------------------------
 T = 194.023, DT = 1, NI = 3, LI = 3, RES = 2.8e-07 (1.2e-05), CFL=0.684 (ELAPSED 00:00:02, REMAINING 00:00:10 )
-------------------------------------------------------------------------------------------------------------
	 #1 (2.6952e-02, 2.3465e-03): lin 1 (0.0e+00)
Composition correction applied in 6 block(s)
	 #2 (5.0572e-03, 1.7003e-05): lin 1 (0.0e+00)
Composition correction applied in 6 block(s)
	 #3 (6.0242e-05, 1.7061e-05): lin 1 (0.0e+00)
Composition correction applied in 6 block(s)
-------------------------------------------------------------------------------------------------------------
 T = 195.023, DT = 1, NI = 3, LI = 3, RES = 1.4e-08 (1.2e-05), CFL=0.678 (ELAPSED 00:00:02, REMAINING 00:00:10 )
-------------------------------------------------------------------------------------------------------------
	 #1 (2.9591e-02, 2.2231e-03): lin 1 (0.0e+00)
Composition correction applied in 6 block(s)
	 #2 (1.4895e-02, 3.0903e-07): lin 1 (0.0e+00)
Composition correction applied in 6 block(s)
	 #3 (9.1715e-04, 1.0022e-05): lin 1 (0.0e+00)
Composition correction applied in 6 block(s)
-------------------------------------------------------------------------------------------------------------
 T = 196.023, DT = 1, NI = 3, LI = 3, RES = 6.1e-06 (1.7e-05), CFL=0.692 (ELAPSED 00:00:02, REMAINING 00:00:10 )
-------------------------------------------------------------------------------------------------------------
	 #1 (2.7309e-02, 3.8376e-03): lin 1 (0.0e+00)
Composition correction applied in 6 block(s)
	 #2 (6.9069e-03, 1.0742e-06): lin 1 (0.0e+00)
Composition correction applied in 6 block(s)
	 #3 (9.8430e-05, 8.5750e-06): lin 1 (0.0e+00)
Composition correction applied in 6 block(s)
-------------------------------------------------------------------------------------------------------------
 T = 197.023, DT = 1, NI = 3, LI = 3, RES = 3.2e-08 (1.7e-05), CFL=0.681 (ELAPSED 00:00:02, REMAINING 00:00:10 )
-------------------------------------------------------------------------------------------------------------
	 #1 (2.7820e-02, 4.3285e-03): lin 1 (0.0e+00)
Composition correction applied in 6 block(s)
	 #2 (8.1544e-03, 1.7535e-05): lin 1 (0.0e+00)
Composition correction applied in 6 block(s)
	 #3 (9.8379e-05, 1.6827e-05): lin 1 (0.0e+00)
Composition correction applied in 6 block(s)
-------------------------------------------------------------------------------------------------------------
 T = 198.023, DT = 1, NI = 3, LI = 3, RES = 3.2e-08 (1.7e-05), CFL=0.687 (ELAPSED 00:00:02, REMAINING 00:00:10 )
-------------------------------------------------------------------------------------------------------------
	 #1 (2.9099e-02, 2.6486e-03): lin 1 (0.0e+00)
Composition correction applied in 6 block(s)
	 #2 (1.2611e-02, 3.2386e-06): lin 1 (0.0e+00)
Composition correction applied in 6 block(s)
	 #3 (6.0087e-04, 4.2084e-06): lin 1 (0.0e+00)
Composition correction applied in 6 block(s)
-------------------------------------------------------------------------------------------------------------
 T = 199.023, DT = 1, NI = 3, LI = 3, RES = 2.4e-06 (1.7e-05), CFL=0.687 (ELAPSED 00:00:02, REMAINING 00:00:10 )
-------------------------------------------------------------------------------------------------------------
	 #1 (2.6368e-02, 5.0009e-04): lin 1 (0.0e+00)
Composition correction applied in 6 block(s)
	 #2 (4.7065e-03, 1.9113e-05): lin 1 (0.0e+00)
Composition correction applied in 6 block(s)
	 #3 (8.3326e-05, 1.1559e-05): lin 1 (0.0e+00)
Composition correction applied in 6 block(s)
-------------------------------------------------------------------------------------------------------------
 T = 200.023, DT = 1, NI = 3, LI = 3, RES = 5.7e-08 (1.2e-05), CFL=0.680 (ELAPSED 00:00:02, REMAINING 00:00:10 )
-------------------------------------------------------------------------------------------------------------
	 #1 (2.9140e-02, 5.9118e-03): lin 1 (0.0e+00)
Composition correction applied in 6 block(s)
	 #2 (1.6651e-02, 2.6885e-06): lin 1 (0.0e+00)
Composition correction applied in 6 block(s)
	 #3 (1.1693e-03, 4.4269e-05): lin 1 (0.0e+00)
Composition correction applied in 6 block(s)
	 #4 (1.0672e-05, 1.1587e-05): lin 1 (0.0e+00)
Composition correction applied in 6 block(s)
-------------------------------------------------------------------------------------------------------------
 T = 201.023, DT = 1, NI = 4, LI = 4, RES = 2.1e-10 (1.2e-05), CFL=0.690 (ELAPSED 00:00:02, REMAINING 00:00:10 )
-------------------------------------------------------------------------------------------------------------
	 #1 (2.7938e-02, 5.6787e-03): lin 1 (0.0e+00)
Composition correction applied in 6 block(s)
	 #2 (9.2661e-03, 2.2663e-06): lin 1 (0.0e+00)
Composition correction applied in 6 block(s)
	 #3 (1.8782e-04, 4.9933e-06): lin 1 (0.0e+00)
Composition correction applied in 6 block(s)
-------------------------------------------------------------------------------------------------------------
 T = 202.023, DT = 1, NI = 3, LI = 3, RES = 2.5e-07 (1.6e-05), CFL=0.678 (ELAPSED 00:00:02, REMAINING 00:00:10 )
-------------------------------------------------------------------------------------------------------------
	 #1 (2.6411e-02, 2.6796e-03): lin 1 (0.0e+00)
Composition correction applied in 6 block(s)
	 #2 (4.9929e-03, 1.1970e-05): lin 1 (0.0e+00)
Composition correction applied in 6 block(s)
	 #3 (5.5420e-05, 1.1636e-05): lin 1 (0.0e+00)
Composition correction applied in 6 block(s)
-------------------------------------------------------------------------------------------------------------
 T = 203.023, DT = 1, NI = 3, LI = 3, RES = 1.1e-08 (1.2e-05), CFL=0.676 (ELAPSED 00:00:02, REMAINING 00:00:10 )
-------------------------------------------------------------------------------------------------------------
	 #1 (2.8802e-02, 7.9598e-04): lin 1 (0.0e+00)
Composition correction applied in 6 block(s)
	 #2 (1.3894e-02, 2.7769e-05): lin 1 (0.0e+00)
Composition correction applied in 6 block(s)
	 #3 (7.9171e-04, 3.5878e-05): lin 1 (0.0e+00)
Composition correction applied in 6 block(s)
-------------------------------------------------------------------------------------------------------------
 T = 204.023, DT = 1, NI = 3, LI = 3, RES = 4.5e-06 (1.2e-05), CFL=0.689 (ELAPSED 00:00:02, REMAINING 00:00:10 )
-------------------------------------------------------------------------------------------------------------
	 #1 (2.6357e-02, 3.0254e-03): lin 1 (0.0e+00)
Composition correction applied in 6 block(s)
	 #2 (6.0401e-03, 2.1749e-05): lin 1 (0.0e+00)
Composition correction applied in 6 block(s)
	 #3 (1.3855e-04, 1.7784e-05): lin 1 (0.0e+00)
Composition correction applied in 6 block(s)
-------------------------------------------------------------------------------------------------------------
 T = 205.023, DT = 1, NI = 3, LI = 3, RES = 4.0e-08 (1.2e-05), CFL=0.674 (ELAPSED 00:00:02, REMAINING 00:00:10 )
-------------------------------------------------------------------------------------------------------------
	 #1 (2.7731e-02, 4.4343e-03): lin 1 (0.0e+00)
Composition correction applied in 6 block(s)
	 #2 (7.7507e-03, 9.1779e-06): lin 1 (0.0e+00)
Composition correction applied in 6 block(s)
	 #3 (1.0306e-04, 1.6083e-05): lin 1 (0.0e+00)
Composition correction applied in 6 block(s)
-------------------------------------------------------------------------------------------------------------
 T = 206.023, DT = 1, NI = 3, LI = 3, RES = 3.4e-08 (1.6e-05), CFL=0.688 (ELAPSED 00:00:02, REMAINING 00:00:10 )
-------------------------------------------------------------------------------------------------------------
	 #1 (2.8345e-02, 4.1054e-03): lin 1 (0.0e+00)
Composition correction applied in 6 block(s)
	 #2 (1.1479e-02, 3.0920e-05): lin 1 (0.0e+00)
Composition correction applied in 6 block(s)
	 #3 (4.7282e-04, 2.7668e-05): lin 1 (0.0e+00)
Composition correction applied in 6 block(s)
-------------------------------------------------------------------------------------------------------------
 T = 207.023, DT = 1, NI = 3, LI = 3, RES = 1.4e-06 (1.6e-05), CFL=0.685 (ELAPSED 00:00:02, REMAINING 00:00:10 )
-------------------------------------------------------------------------------------------------------------
	 #1 (2.5812e-02, 2.7000e-04): lin 1 (0.0e+00)
Composition correction applied in 6 block(s)
	 #2 (4.7029e-03, 1.0371e-05): lin 1 (0.0e+00)
Composition correction applied in 6 block(s)
	 #3 (6.9055e-05, 1.1197e-05): lin 1 (0.0e+00)
Composition correction applied in 6 block(s)
-------------------------------------------------------------------------------------------------------------
 T = 208.023, DT = 1, NI = 3, LI = 3, RES = 1.9e-08 (1.6e-05), CFL=0.674 (ELAPSED 00:00:02, REMAINING 00:00:10 )
-------------------------------------------------------------------------------------------------------------
	 #1 (2.8657e-02, 3.6793e-03): lin 1 (0.0e+00)
Composition correction applied in 6 block(s)
	 #2 (1.5690e-02, 9.3266e-07): lin 1 (0.0e+00)
Composition correction applied in 6 block(s)
	 #3 (1.0431e-03, 3.7883e-05): lin 1 (0.0e+00)
Composition correction applied in 6 block(s)
-------------------------------------------------------------------------------------------------------------
 T = 209.023, DT = 1, NI = 3, LI = 3, RES = 8.4e-06 (1.1e-05), CFL=0.692 (ELAPSED 00:00:02, REMAINING 00:00:10 )
-------------------------------------------------------------------------------------------------------------
	 #1 (2.7068e-02, 4.9145e-03): lin 1 (0.0e+00)
Composition correction applied in 6 block(s)
	 #2 (8.3578e-03, 5.7442e-07): lin 1 (0.0e+00)
Composition correction applied in 6 block(s)
	 #3 (2.0224e-04, 6.0376e-06): lin 1 (0.0e+00)
Composition correction applied in 6 block(s)
-------------------------------------------------------------------------------------------------------------
 T = 210.023, DT = 1, NI = 3, LI = 3, RES = 1.6e-07 (1.6e-05), CFL=0.679 (ELAPSED 00:00:02, REMAINING 00:00:10 )
-------------------------------------------------------------------------------------------------------------
	 #1 (2.6270e-02, 2.8764e-03): lin 1 (0.0e+00)
Composition correction applied in 6 block(s)
	 #2 (8.3491e-03, 1.1459e-05): lin 1 (0.0e+00)
Composition correction applied in 6 block(s)
	 #3 (8.7889e-05, 1.0680e-05): lin 1 (0.0e+00)
Composition correction applied in 6 block(s)
-------------------------------------------------------------------------------------------------------------
 T = 211.023, DT = 1, NI = 3, LI = 3, RES = 2.9e-08 (1.1e-05), CFL=0.681 (ELAPSED 00:00:02, REMAINING 00:00:10 )
-------------------------------------------------------------------------------------------------------------
	 #1 (2.8295e-02, 1.9723e-04): lin 1 (0.0e+00)
Composition correction applied in 7 block(s)
	 #2 (1.3632e-02, 2.8641e-05): lin 1 (0.0e+00)
Composition correction applied in 7 block(s)
	 #3 (8.1160e-04, 5.7684e-06): lin 1 (0.0e+00)
Composition correction applied in 7 block(s)
-------------------------------------------------------------------------------------------------------------
 T = 212.023, DT = 1, NI = 3, LI = 3, RES = 4.1e-06 (1.1e-05), CFL=0.690 (ELAPSED 00:00:02, REMAINING 00:00:10 )
-------------------------------------------------------------------------------------------------------------
	 #1 (2.5756e-02, 1.9811e-03): lin 1 (0.0e+00)
Composition correction applied in 7 block(s)
	 #2 (5.2932e-03, 7.3606e-06): lin 1 (0.0e+00)
Composition correction applied in 7 block(s)
	 #3 (1.1212e-04, 1.0341e-05): lin 1 (0.0e+00)
Composition correction applied in 7 block(s)
-------------------------------------------------------------------------------------------------------------
 T = 213.023, DT = 1, NI = 3, LI = 3, RES = 3.7e-08 (1.6e-05), CFL=0.674 (ELAPSED 00:00:02, REMAINING 00:00:10 )
-------------------------------------------------------------------------------------------------------------
	 #1 (2.7690e-02, 4.6632e-03): lin 1 (0.0e+00)
Composition correction applied in 7 block(s)
	 #2 (7.5384e-03, 7.8986e-06): lin 1 (0.0e+00)
Composition correction applied in 7 block(s)
	 #3 (1.0766e-04, 1.1127e-05): lin 1 (0.0e+00)
Composition correction applied in 7 block(s)
-------------------------------------------------------------------------------------------------------------
 T = 214.023, DT = 1, NI = 3, LI = 3, RES = 3.6e-08 (1.1e-05), CFL=0.691 (ELAPSED 00:00:02, REMAINING 00:00:10 )
-------------------------------------------------------------------------------------------------------------
	 #1 (2.7758e-02, 4.6067e-03): lin 1 (0.0e+00)
Composition correction applied in 7 block(s)
	 #2 (1.0741e-02, 3.2139e-06): lin 1 (0.0e+00)
Composition correction applied in 7 block(s)
	 #3 (4.0004e-04, 2.4760e-05): lin 1 (0.0e+00)
Composition correction applied in 7 block(s)
-------------------------------------------------------------------------------------------------------------
 T = 215.023, DT = 1, NI = 3, LI = 3, RES = 1.0e-06 (1.5e-05), CFL=0.685 (ELAPSED 00:00:02, REMAINING 00:00:10 )
-------------------------------------------------------------------------------------------------------------
	 #1 (2.5406e-02, 9.2546e-04): lin 1 (0.0e+00)
Composition correction applied in 7 block(s)
	 #2 (4.6776e-03, 1.5814e-05): lin 1 (0.0e+00)
Composition correction applied in 7 block(s)
	 #3 (6.2007e-05, 1.0876e-05): lin 1 (0.0e+00)
Composition correction applied in 7 block(s)
-------------------------------------------------------------------------------------------------------------
 T = 216.023, DT = 1, NI = 3, LI = 3, RES = 1.5e-08 (1.5e-05), CFL=0.674 (ELAPSED 00:00:02, REMAINING 00:00:10 )
-------------------------------------------------------------------------------------------------------------
	 #1 (2.8139e-02, 2.9407e-03): lin 1 (0.0e+00)
Composition correction applied in 7 block(s)
	 #2 (1.4992e-02, 1.7803e-06): lin 1 (0.0e+00)
Composition correction applied in 7 block(s)
	 #3 (9.5316e-04, 1.0015e-05): lin 1 (0.0e+00)
Composition correction applied in 7 block(s)
-------------------------------------------------------------------------------------------------------------
 T = 217.023, DT = 1, NI = 3, LI = 3, RES = 6.9e-06 (1.1e-05), CFL=0.692 (ELAPSED 00:00:02, REMAINING 00:00:10 )
-------------------------------------------------------------------------------------------------------------
	 #1 (2.6318e-02, 4.0232e-03): lin 1 (0.0e+00)
Composition correction applied in 7 block(s)
	 #2 (7.6735e-03, 2.3846e-06): lin 1 (0.0e+00)
Composition correction applied in 7 block(s)
	 #3 (1.5769e-04, 1.9316e-05): lin 1 (0.0e+00)
Composition correction applied in 7 block(s)
-------------------------------------------------------------------------------------------------------------
 T = 218.023, DT = 1, NI = 3, LI = 3, RES = 9.3e-08 (1.1e-05), CFL=0.678 (ELAPSED 00:00:02, REMAINING 00:00:10 )
-------------------------------------------------------------------------------------------------------------
	 #1 (2.5981e-02, 3.0323e-03): lin 1 (0.0e+00)
Composition correction applied in 7 block(s)
	 #2 (8.0286e-03, 1.1058e-05): lin 1 (0.0e+00)
Composition correction applied in 7 block(s)
	 #3 (8.7921e-05, 1.5470e-05): lin 1 (0.0e+00)
Composition correction applied in 7 block(s)
-------------------------------------------------------------------------------------------------------------
 T = 219.023, DT = 1, NI = 3, LI = 3, RES = 2.8e-08 (1.5e-05), CFL=0.683 (ELAPSED 00:00:02, REMAINING 00:00:10 )
-------------------------------------------------------------------------------------------------------------
	 #1 (2.7734e-02, 8.3785e-04): lin 1 (0.0e+00)
Composition correction applied in 7 block(s)
	 #2 (1.2944e-02, 6.0580e-07): lin 1 (0.0e+00)
Composition correction applied in 7 block(s)
	 #3 (6.8108e-04, 2.9588e-06): lin 1 (0.0e+00)
Composition correction applied in 7 block(s)
-------------------------------------------------------------------------------------------------------------
 T = 220.023, DT = 1, NI = 3, LI = 3, RES = 3.1e-06 (1.5e-05), CFL=0.689 (ELAPSED 00:00:02, REMAINING 00:00:10 )
-------------------------------------------------------------------------------------------------------------
	 #1 (2.5179e-02, 1.4104e-03): lin 1 (0.0e+00)
Composition correction applied in 7 block(s)
	 #2 (4.6775e-03, 7.7579e-06): lin 1 (0.0e+00)
Composition correction applied in 7 block(s)
	 #3 (9.3584e-05, 1.0202e-05): lin 1 (0.0e+00)
Composition correction applied in 7 block(s)
-------------------------------------------------------------------------------------------------------------
 T = 221.023, DT = 1, NI = 3, LI = 3, RES = 3.3e-08 (1.1e-05), CFL=0.684 (ELAPSED 00:00:02, REMAINING 00:00:10 )
-------------------------------------------------------------------------------------------------------------
	 #1 (2.7561e-02, 4.7405e-03): lin 1 (0.0e+00)
Composition correction applied in 567 block(s)
	 #2 (7.3288e-03, 6.3411e-06): lin 1 (0.0e+00)
Composition correction applied in 7 block(s)
	 #3 (1.1035e-04, 1.0734e-05): lin 1 (0.0e+00)
Composition correction applied in 7 block(s)
-------------------------------------------------------------------------------------------------------------
 T = 222.023, DT = 1, NI = 3, LI = 3, RES = 3.7e-08 (1.1e-05), CFL=0.692 (ELAPSED 00:00:03, REMAINING 00:00:10 )
-------------------------------------------------------------------------------------------------------------
	 #1 (2.7145e-02, 4.9859e-03): lin 1 (0.0e+00)
Composition correction applied in 7 block(s)
	 #2 (1.0026e-02, 3.1220e-06): lin 1 (0.0e+00)
Composition correction applied in 7 block(s)
	 #3 (3.3487e-04, 2.2437e-05): lin 1 (0.0e+00)
Composition correction applied in 7 block(s)
-------------------------------------------------------------------------------------------------------------
 T = 223.023, DT = 1, NI = 3, LI = 3, RES = 3.7e-07 (1.1e-05), CFL=0.682 (ELAPSED 00:00:03, REMAINING 00:00:10 )
-------------------------------------------------------------------------------------------------------------
	 #1 (2.4931e-02, 2.0088e-03): lin 1 (0.0e+00)
Composition correction applied in 7 block(s)
	 #2 (4.5880e-03, 1.0607e-05): lin 1 (0.0e+00)
Composition correction applied in 7 block(s)
	 #3 (5.5668e-05, 1.0451e-05): lin 1 (0.0e+00)
Composition correction applied in 7 block(s)
-------------------------------------------------------------------------------------------------------------
 T = 224.023, DT = 1, NI = 3, LI = 3, RES = 1.3e-08 (1.1e-05), CFL=0.677 (ELAPSED 00:00:03, REMAINING 00:00:10 )
-------------------------------------------------------------------------------------------------------------
	 #1 (2.7467e-02, 2.5804e-03): lin 1 (0.0e+00)
Composition correction applied in 7 block(s)
	 #2 (1.4169e-02, 2.1766e-06): lin 1 (0.0e+00)
Composition correction applied in 7 block(s)
	 #3 (8.4853e-04, 6.7574e-06): lin 1 (0.0e+00)
Composition correction applied in 7 block(s)
-------------------------------------------------------------------------------------------------------------
 T = 225.023, DT = 1, NI = 3, LI = 3, RES = 5.4e-06 (1.0e-05), CFL=0.688 (ELAPSED 00:00:03, REMAINING 00:00:10 )
-------------------------------------------------------------------------------------------------------------
	 #1 (2.5420e-02, 3.2123e-03): lin 1 (0.0e+00)
Composition correction applied in 7 block(s)
	 #2 (6.7015e-03, 2.1202e-05): lin 1 (0.0e+00)
Composition correction applied in 7 block(s)
	 #3 (1.0414e-04, 1.7458e-05): lin 1 (0.0e+00)
Composition correction applied in 7 block(s)
-------------------------------------------------------------------------------------------------------------
 T = 226.023, DT = 1, NI = 3, LI = 3, RES = 3.8e-08 (1.1e-05), CFL=0.674 (ELAPSED 00:00:03, REMAINING 00:00:10 )
-------------------------------------------------------------------------------------------------------------
	 #1 (2.5732e-02, 3.1321e-03): lin 1 (0.0e+00)
Composition correction applied in 7 block(s)
	 #2 (7.5923e-03, 1.0140e-05): lin 1 (0.0e+00)
Composition correction applied in 7 block(s)
	 #3 (8.9000e-05, 1.4693e-05): lin 1 (0.0e+00)
Composition correction applied in 7 block(s)
-------------------------------------------------------------------------------------------------------------
 T = 227.023, DT = 1, NI = 3, LI = 3, RES = 2.8e-08 (1.0e-05), CFL=0.682 (ELAPSED 00:00:03, REMAINING 00:00:10 )
-------------------------------------------------------------------------------------------------------------
	 #1 (2.7061e-02, 1.9118e-03): lin 1 (0.0e+00)
Composition correction applied in 7 block(s)
	 #2 (1.1967e-02, 2.5593e-05): lin 1 (0.0e+00)
Composition correction applied in 7 block(s)
	 #3 (5.6202e-04, 8.6846e-07): lin 1 (0.0e+00)
Composition correction applied in 7 block(s)
-------------------------------------------------------------------------------------------------------------
 T = 228.023, DT = 1, NI = 3, LI = 3, RES = 2.1e-06 (1.5e-05), CFL=0.686 (ELAPSED 00:00:03, REMAINING 00:00:10 )
-------------------------------------------------------------------------------------------------------------
	 #1 (2.4552e-02, 8.2162e-04): lin 1 (0.0e+00)
Composition correction applied in 7 block(s)
	 #2 (4.3891e-03, 8.2965e-06): lin 1 (0.0e+00)
Composition correction applied in 7 block(s)
	 #3 (7.5062e-05, 1.4717e-05): lin 1 (0.0e+00)
Composition correction applied in 7 block(s)
-------------------------------------------------------------------------------------------------------------
 T = 229.023, DT = 1, NI = 3, LI = 3, RES = 2.2e-08 (1.0e-05), CFL=0.674 (ELAPSED 00:00:03, REMAINING 00:00:10 )
-------------------------------------------------------------------------------------------------------------
	 #1 (2.7296e-02, 4.0481e-03): lin 1 (0.0e+00)
Composition correction applied in 7 block(s)
	 #2 (1.5812e-02, 3.3559e-06): lin 1 (0.0e+00)
Composition correction applied in 7 block(s)
	 #3 (1.0687e-03, 9.5122e-06): lin 1 (0.0e+00)
Composition correction applied in 7 block(s)
-------------------------------------------------------------------------------------------------------------
 T = 230.023, DT = 1, NI = 3, LI = 3, RES = 9.3e-06 (1.0e-05), CFL=0.692 (ELAPSED 00:00:03, REMAINING 00:00:10 )
-------------------------------------------------------------------------------------------------------------
	 #1 (2.6276e-02, 4.9621e-03): lin 1 (0.0e+00)
Composition correction applied in 7 block(s)
	 #2 (9.0310e-03, 2.3777e-07): lin 1 (0.0e+00)
Composition correction applied in 7 block(s)
	 #3 (1.9510e-04, 4.5480e-06): lin 1 (0.0e+00)
Composition correction applied in 7 block(s)
-------------------------------------------------------------------------------------------------------------
 T = 231.023, DT = 1, NI = 3, LI = 3, RES = 2.1e-07 (1.0e-05), CFL=0.681 (ELAPSED 00:00:03, REMAINING 00:00:10 )
-------------------------------------------------------------------------------------------------------------
	 #1 (2.4734e-02, 1.7690e-03): lin 1 (0.0e+00)
Composition correction applied in 7 block(s)
	 #2 (4.6705e-03, 1.0398e-05): lin 1 (0.0e+00)
Composition correction applied in 7 block(s)
	 #3 (5.1881e-05, 1.0197e-05): lin 1 (0.0e+00)
Composition correction applied in 7 block(s)
-------------------------------------------------------------------------------------------------------------
 T = 232.023, DT = 1, NI = 3, LI = 3, RES = 1.1e-08 (1.4e-05), CFL=0.678 (ELAPSED 00:00:03, REMAINING 00:00:10 )
-------------------------------------------------------------------------------------------------------------
	 #1 (2.7061e-02, 1.0509e-03): lin 1 (0.0e+00)
Composition correction applied in 7 block(s)
	 #2 (1.3377e-02, 2.2873e-05): lin 1 (0.0e+00)
Composition correction applied in 7 block(s)
	 #3 (7.5388e-04, 2.8359e-05): lin 1 (0.0e+00)
Composition correction applied in 7 block(s)
-------------------------------------------------------------------------------------------------------------
 T = 233.023, DT = 1, NI = 3, LI = 3, RES = 4.2e-06 (1.4e-05), CFL=0.691 (ELAPSED 00:00:03, REMAINING 00:00:10 )
-------------------------------------------------------------------------------------------------------------
	 #1 (2.4824e-02, 2.5152e-03): lin 1 (0.0e+00)
Composition correction applied in 7 block(s)
	 #2 (6.1693e-03, 1.8858e-05): lin 1 (0.0e+00)
Composition correction applied in 7 block(s)
	 #3 (1.4555e-04, 8.5658e-06): lin 1 (0.0e+00)
Composition correction applied in 7 block(s)
-------------------------------------------------------------------------------------------------------------
 T = 234.023, DT = 1, NI = 3, LI = 3, RES = 3.1e-08 (1.0e-05), CFL=0.674 (ELAPSED 00:00:03, REMAINING 00:00:10 )
-------------------------------------------------------------------------------------------------------------
	 #1 (2.5759e-02, 3.3706e-03): lin 1 (0.0e+00)
Composition correction applied in 7 block(s)
	 #2 (7.3601e-03, 9.2821e-06): lin 1 (0.0e+00)
Composition correction applied in 7 block(s)
	 #3 (9.2304e-05, 1.0085e-05): lin 1 (0.0e+00)
Composition correction applied in 7 block(s)
-------------------------------------------------------------------------------------------------------------
 T = 235.023, DT = 1, NI = 3, LI = 3, RES = 2.9e-08 (1.0e-05), CFL=0.686 (ELAPSED 00:00:03, REMAINING 00:00:10 )
-------------------------------------------------------------------------------------------------------------
	 #1 (2.6604e-02, 2.4526e-03): lin 1 (0.0e+00)
Composition correction applied in 7 block(s)
	 #2 (1.1258e-02, 7.0535e-07): lin 1 (0.0e+00)
Composition correction applied in 7 block(s)
	 #3 (4.8476e-04, 4.2386e-07): lin 1 (0.0e+00)
Composition correction applied in 7 block(s)
-------------------------------------------------------------------------------------------------------------
 T = 236.023, DT = 1, NI = 3, LI = 3, RES = 1.6e-06 (1.4e-05), CFL=0.687 (ELAPSED 00:00:03, REMAINING 00:00:09 )
-------------------------------------------------------------------------------------------------------------
	 #1 (2.4173e-02, 1.3346e-04): lin 1 (0.0e+00)
Composition correction applied in 8 block(s)
	 #2 (4.3702e-03, 9.0482e-06): lin 1 (0.0e+00)
Composition correction applied in 8 block(s)
	 #3 (6.6953e-05, 1.4211e-05): lin 1 (0.0e+00)
Composition correction applied in 8 block(s)
-------------------------------------------------------------------------------------------------------------
 T = 237.023, DT = 1, NI = 3, LI = 3, RES = 1.8e-08 (1.4e-05), CFL=0.674 (ELAPSED 00:00:03, REMAINING 00:00:09 )
-------------------------------------------------------------------------------------------------------------
	 #1 (2.6880e-02, 3.4355e-03): lin 1 (0.0e+00)
Composition correction applied in 8 block(s)
	 #2 (1.5153e-02, 2.0381e-05): lin 1 (0.0e+00)
Composition correction applied in 8 block(s)
	 #3 (9.8658e-04, 3.2286e-05): lin 1 (0.0e+00)
Composition correction applied in 8 block(s)
-------------------------------------------------------------------------------------------------------------
 T = 238.023, DT = 1, NI = 3, LI = 3, RES = 7.8e-06 (9.8e-06), CFL=0.692 (ELAPSED 00:00:03, REMAINING 00:00:09 )
-------------------------------------------------------------------------------------------------------------
	 #1 (2.5577e-02, 4.1398e-03): lin 1 (0.0e+00)
Composition correction applied in 8 block(s)
	 #2 (8.4044e-03, 1.9019e-06): lin 1 (0.0e+00)
Composition correction applied in 8 block(s)
	 #3 (1.6992e-04, 1.8828e-05): lin 1 (0.0e+00)
Composition correction applied in 8 block(s)
-------------------------------------------------------------------------------------------------------------
 T = 239.023, DT = 1, NI = 3, LI = 3, RES = 2.0e-07 (1.4e-05), CFL=0.680 (ELAPSED 00:00:03, REMAINING 00:00:09 )
-------------------------------------------------------------------------------------------------------------
	 #1 (2.4466e-02, 1.9795e-03): lin 1 (0.0e+00)
Composition correction applied in 8 block(s)
	 #2 (4.6652e-03, 1.0065e-05): lin 1 (0.0e+00)
Composition correction applied in 8 block(s)
	 #3 (5.1238e-05, 9.8513e-06): lin 1 (0.0e+00)
Composition correction applied in 8 block(s)
-------------------------------------------------------------------------------------------------------------
 T = 240.023, DT = 1, NI = 3, LI = 3, RES = 9.8e-09 (9.9e-06), CFL=0.679 (ELAPSED 00:00:03, REMAINING 00:00:09 )
-------------------------------------------------------------------------------------------------------------
	 #1 (2.6569e-02, 5.1531e-04): lin 1 (0.0e+00)
Composition correction applied in 8 block(s)
	 #2 (1.2778e-02, 2.3244e-06): lin 1 (0.0e+00)
Composition correction applied in 8 block(s)
	 #3 (7.0862e-04, 3.2999e-06): lin 1 (0.0e+00)
Composition correction applied in 8 block(s)
-------------------------------------------------------------------------------------------------------------
 T = 241.023, DT = 1, NI = 3, LI = 3, RES = 3.5e-06 (1.4e-05), CFL=0.690 (ELAPSED 00:00:03, REMAINING 00:00:09 )
-------------------------------------------------------------------------------------------------------------
	 #1 (2.4260e-02, 1.9812e-03): lin 1 (0.0e+00)
Composition correction applied in 8 block(s)
	 #2 (5.5612e-03, 1.7081e-05): lin 1 (0.0e+00)
Composition correction applied in 8 block(s)
	 #3 (1.2198e-04, 1.4755e-05): lin 1 (0.0e+00)
Composition correction applied in 8 block(s)
-------------------------------------------------------------------------------------------------------------
 T = 242.023, DT = 1, NI = 3, LI = 3, RES = 3.2e-08 (1.4e-05), CFL=0.681 (ELAPSED 00:00:03, REMAINING 00:00:09 )
-------------------------------------------------------------------------------------------------------------
	 #1 (2.5626e-02, 3.4214e-03): lin 1 (0.0e+00)
Composition correction applied in 8 block(s)
	 #2 (7.1376e-03, 1.5183e-05): lin 1 (0.0e+00)
Composition correction applied in 8 block(s)
	 #3 (9.3753e-05, 9.7630e-06): lin 1 (0.0e+00)
Composition correction applied in 8 block(s)
-------------------------------------------------------------------------------------------------------------
 T = 243.023, DT = 1, NI = 3, LI = 3, RES = 2.9e-08 (1.4e-05), CFL=0.688 (ELAPSED 00:00:03, REMAINING 00:00:09 )
-------------------------------------------------------------------------------------------------------------
	 #1 (2.6091e-02, 2.9149e-03): lin 1 (0.0e+00)
Composition correction applied in 8 block(s)
	 #2 (1.0652e-02, 1.5833e-07): lin 1 (0.0e+00)
Composition correction applied in 8 block(s)
	 #3 (4.2249e-04, 2.1220e-05): lin 1 (0.0e+00)
Composition correction applied in 8 block(s)
-------------------------------------------------------------------------------------------------------------
 T = 244.023, DT = 1, NI = 3, LI = 3, RES = 1.2e-06 (9.7e-06), CFL=0.686 (ELAPSED 00:00:03, REMAINING 00:00:09 )
-------------------------------------------------------------------------------------------------------------
	 #1 (2.3779e-02, 3.0014e-04): lin 1 (0.0e+00)
Composition correction applied in 8 block(s)
	 #2 (4.3284e-03, 9.1417e-06): lin 1 (0.0e+00)
Composition correction applied in 8 block(s)
	 #3 (6.0950e-05, 1.3605e-05): lin 1 (0.0e+00)
Composition correction applied in 8 block(s)
-------------------------------------------------------------------------------------------------------------
 T = 245.023, DT = 1, NI = 3, LI = 3, RES = 1.6e-08 (9.7e-06), CFL=0.684 (ELAPSED 00:00:03, REMAINING 00:00:09 )
-------------------------------------------------------------------------------------------------------------
	 #1 (2.6409e-02, 2.9975e-03): lin 1 (0.0e+00)
Composition correction applied in 8 block(s)
	 #2 (1.4506e-02, 2.2241e-06): lin 1 (0.0e+00)
Composition correction applied in 8 block(s)
	 #3 (9.0004e-04, 6.2423e-06): lin 1 (0.0e+00)
Composition correction applied in 8 block(s)
-------------------------------------------------------------------------------------------------------------
 T = 246.023, DT = 1, NI = 3, LI = 3, RES = 6.5e-06 (1.4e-05), CFL=0.690 (ELAPSED 00:00:03, REMAINING 00:00:09 )
-------------------------------------------------------------------------------------------------------------
	 #1 (2.4812e-02, 3.0247e-03): lin 1 (0.0e+00)
Composition correction applied in 8 block(s)
	 #2 (7.6446e-03, 2.5508e-06): lin 1 (0.0e+00)
Composition correction applied in 8 block(s)
	 #3 (1.7549e-04, 6.3948e-06): lin 1 (0.0e+00)
Composition correction applied in 8 block(s)
-------------------------------------------------------------------------------------------------------------
 T = 247.023, DT = 1, NI = 3, LI = 3, RES = 1.2e-07 (1.3e-05), CFL=0.677 (ELAPSED 00:00:03, REMAINING 00:00:09 )
-------------------------------------------------------------------------------------------------------------
	 #1 (2.4117e-02, 2.4459e-03): lin 1 (0.0e+00)
Composition correction applied in 8 block(s)
	 #2 (7.5917e-03, 9.7564e-06): lin 1 (0.0e+00)
Composition correction applied in 8 block(s)
	 #3 (8.0262e-05, 9.1847e-06): lin 1 (0.0e+00)
Composition correction applied in 8 block(s)
-------------------------------------------------------------------------------------------------------------
 T = 248.023, DT = 1, NI = 3, LI = 3, RES = 2.5e-08 (9.6e-06), CFL=0.678 (ELAPSED 00:00:03, REMAINING 00:00:09 )
-------------------------------------------------------------------------------------------------------------
	 #1 (2.5936e-02, 1.7098e-04): lin 1 (0.0e+00)
Composition correction applied in 8 block(s)
	 #2 (1.2465e-02, 2.0330e-06): lin 1 (0.0e+00)
Composition correction applied in 8 block(s)
	 #3 (6.5384e-04, 2.4323e-05): lin 1 (0.0e+00)
Composition correction applied in 8 block(s)
-------------------------------------------------------------------------------------------------------------
 T = 249.023, DT = 1, NI = 3, LI = 3, RES = 3.0e-06 (9.5e-06), CFL=0.686 (ELAPSED 00:00:03, REMAINING 00:00:09 )
-------------------------------------------------------------------------------------------------------------
	 #1 (2.3584e-02, 1.4797e-03): lin 1 (0.0e+00)
Composition correction applied in 8 block(s)
	 #2 (4.6257e-03, 1.5765e-05): lin 1 (0.0e+00)
Composition correction applied in 8 block(s)
	 #3 (9.2583e-05, 1.3671e-05): lin 1 (0.0e+00)
Composition correction applied in 8 block(s)
-------------------------------------------------------------------------------------------------------------
 T = 250.023, DT = 1, NI = 3, LI = 3, RES = 3.0e-08 (9.5e-06), CFL=0.674 (ELAPSED 00:00:03, REMAINING 00:00:09 )
-------------------------------------------------------------------------------------------------------------
	 #1 (2.5648e-02, 3.4954e-03): lin 1 (0.0e+00)
Composition correction applied in 8 block(s)
	 #2 (6.8555e-03, 6.7643e-06): lin 1 (0.0e+00)
Composition correction applied in 8 block(s)
	 #3 (9.8852e-05, 1.3147e-05): lin 1 (0.0e+00)
Composition correction applied in 8 block(s)
-------------------------------------------------------------------------------------------------------------
 T = 251.023, DT = 1, NI = 3, LI = 3, RES = 3.1e-08 (9.5e-06), CFL=0.688 (ELAPSED 00:00:03, REMAINING 00:00:09 )
-------------------------------------------------------------------------------------------------------------
	 #1 (2.5469e-02, 3.8256e-03): lin 1 (0.0e+00)
Composition correction applied in 8 block(s)
	 #2 (9.6956e-03, 2.1879e-05): lin 1 (0.0e+00)
Composition correction applied in 8 block(s)
	 #3 (3.3130e-04, 3.1893e-06): lin 1 (0.0e+00)
Composition correction applied in 8 block(s)
-------------------------------------------------------------------------------------------------------------
 T = 252.023, DT = 1, NI = 3, LI = 3, RES = 7.1e-07 (9.4e-06), CFL=0.683 (ELAPSED 00:00:03, REMAINING 00:00:09 )
-------------------------------------------------------------------------------------------------------------
	 #1 (2.3437e-02, 7.3106e-04): lin 1 (0.0e+00)
Composition correction applied in 8 block(s)
	 #2 (4.3308e-03, 1.3282e-05): lin 1 (0.0e+00)
Composition correction applied in 8 block(s)
	 #3 (5.2899e-05, 1.3176e-05): lin 1 (0.0e+00)
Composition correction applied in 8 block(s)
-------------------------------------------------------------------------------------------------------------
 T = 253.023, DT = 1, NI = 3, LI = 3, RES = 1.2e-08 (9.4e-06), CFL=0.674 (ELAPSED 00:00:03, REMAINING 00:00:09 )
-------------------------------------------------------------------------------------------------------------
	 #1 (2.5952e-02, 1.9054e-03): lin 1 (0.0e+00)
Composition correction applied in 8 block(s)
	 #2 (1.3666e-02, 3.1400e-06): lin 1 (0.0e+00)
Composition correction applied in 8 block(s)
	 #3 (8.0669e-04, 2.6855e-05): lin 1 (0.0e+00)
Composition correction applied in 8 block(s)
-------------------------------------------------------------------------------------------------------------
 T = 254.023, DT = 1, NI = 3, LI = 3, RES = 5.1e-06 (9.2e-06), CFL=0.691 (ELAPSED 00:00:03, REMAINING 00:00:09 )
-------------------------------------------------------------------------------------------------------------
	 #1 (2.4125e-02, 2.8567e-03): lin 1 (0.0e+00)
Composition correction applied in 8 block(s)
	 #2 (6.8100e-03, 1.8109e-05): lin 1 (0.0e+00)
Composition correction applied in 8 block(s)
	 #3 (1.2306e-04, 7.0313e-06): lin 1 (0.0e+00)
Composition correction applied in 8 block(s)
-------------------------------------------------------------------------------------------------------------
 T = 255.023, DT = 1, NI = 3, LI = 3, RES = 5.7e-08 (9.3e-06), CFL=0.676 (ELAPSED 00:00:03, REMAINING 00:00:09 )
-------------------------------------------------------------------------------------------------------------
	 #1 (2.4138e-02, 2.3321e-03): lin 1 (0.0e+00)
Composition correction applied in 8 block(s)
	 #2 (7.3190e-03, 9.2945e-06): lin 1 (0.0e+00)
Composition correction applied in 8 block(s)
	 #3 (8.2882e-05, 1.3129e-05): lin 1 (0.0e+00)
Composition correction applied in 8 block(s)
-------------------------------------------------------------------------------------------------------------
 T = 256.023, DT = 1, NI = 3, LI = 3, RES = 2.6e-08 (9.3e-06), CFL=0.683 (ELAPSED 00:00:03, REMAINING 00:00:09 )
-------------------------------------------------------------------------------------------------------------
	 #1 (2.5584e-02, 9.3782e-04): lin 1 (0.0e+00)
Composition correction applied in 8 block(s)
	 #2 (1.1753e-02, 9.8861e-07): lin 1 (0.0e+00)
Composition correction applied in 8 block(s)
	 #3 (5.7083e-04, 1.8310e-07): lin 1 (0.0e+00)
Composition correction applied in 8 block(s)
-------------------------------------------------------------------------------------------------------------
 T = 257.023, DT = 1, NI = 3, LI = 3, RES = 2.2e-06 (9.1e-06), CFL=0.688 (ELAPSED 00:00:03, REMAINING 00:00:09 )
-------------------------------------------------------------------------------------------------------------
	 #1 (2.3209e-02, 8.4504e-04): lin 1 (0.0e+00)
Composition correction applied in 8 block(s)
	 #2 (4.1255e-03, 1.4727e-05): lin 1 (0.0e+00)
Composition correction applied in 8 block(s)
	 #3 (7.6615e-05, 1.3008e-05): lin 1 (0.0e+00)
Composition correction applied in 8 block(s)
-------------------------------------------------------------------------------------------------------------
 T = 258.023, DT = 1, NI = 3, LI = 3, RES = 1.7e-08 (9.2e-06), CFL=0.674 (ELAPSED 00:00:03, REMAINING 00:00:09 )
-------------------------------------------------------------------------------------------------------------
	 #1 (2.5767e-02, 3.7231e-03): lin 1 (0.0e+00)
Composition correction applied in 560 block(s)
	 #2 (6.7268e-03, 1.6224e-05): lin 1 (0.0e+00)
Composition correction applied in 8 block(s)
	 #3 (1.0304e-04, 1.2773e-05): lin 1 (0.0e+00)
Composition correction applied in 8 block(s)
-------------------------------------------------------------------------------------------------------------
 T = 259.023, DT = 1, NI = 3, LI = 3, RES = 3.3e-08 (9.2e-06), CFL=0.692 (ELAPSED 00:00:03, REMAINING 00:00:09 )
-------------------------------------------------------------------------------------------------------------
	 #1 (2.5028e-02, 4.1634e-03): lin 1 (0.0e+00)
Composition correction applied in 8 block(s)
	 #2 (9.0769e-03, 7.9406e-07): lin 1 (0.0e+00)
Composition correction applied in 8 block(s)
	 #3 (2.6603e-04, 4.3586e-06): lin 1 (0.0e+00)
Composition correction applied in 8 block(s)
-------------------------------------------------------------------------------------------------------------
 T = 260.023, DT = 1, NI = 3, LI = 3, RES = 3.0e-07 (9.1e-06), CFL=0.683 (ELAPSED 00:00:03, REMAINING 00:00:09 )
-------------------------------------------------------------------------------------------------------------
	 #1 (2.3220e-02, 1.1783e-03): lin 1 (0.0e+00)
Composition correction applied in 8 block(s)
	 #2 (4.3347e-03, 1.2594e-05): lin 1 (0.0e+00)
Composition correction applied in 8 block(s)
	 #3 (4.9102e-05, 1.2789e-05): lin 1 (0.0e+00)
Composition correction applied in 8 block(s)
-------------------------------------------------------------------------------------------------------------
 T = 261.023, DT = 1, NI = 3, LI = 3, RES = 1.1e-08 (1.3e-05), CFL=0.676 (ELAPSED 00:00:03, REMAINING 00:00:09 )
-------------------------------------------------------------------------------------------------------------
	 #1 (2.5568e-02, 1.4542e-03): lin 1 (0.0e+00)
Composition correction applied in 9 block(s)
	 #2 (1.3103e-02, 1.9268e-05): lin 1 (0.0e+00)
Composition correction applied in 9 block(s)
	 #3 (7.4068e-04, 2.6469e-06): lin 1 (0.0e+00)
Composition correction applied in 9 block(s)
-------------------------------------------------------------------------------------------------------------
 T = 262.023, DT = 1, NI = 3, LI = 3, RES = 4.2e-06 (1.3e-05), CFL=0.691 (ELAPSED 00:00:03, REMAINING 00:00:09 )
-------------------------------------------------------------------------------------------------------------
	 #1 (2.3588e-02, 2.3098e-03): lin 1 (0.0e+00)
Composition correction applied in 9 block(s)
	 #2 (6.2364e-03, 1.6572e-05): lin 1 (0.0e+00)
Composition correction applied in 9 block(s)
	 #3 (9.4374e-05, 1.4619e-05): lin 1 (0.0e+00)
Composition correction applied in 9 block(s)
-------------------------------------------------------------------------------------------------------------
 T = 263.023, DT = 1, NI = 3, LI = 3, RES = 3.1e-08 (9.0e-06), CFL=0.678 (ELAPSED 00:00:03, REMAINING 00:00:09 )
-------------------------------------------------------------------------------------------------------------
	 #1 (2.4001e-02, 2.4770e-03): lin 1 (0.0e+00)
Composition correction applied in 9 block(s)
	 #2 (7.0872e-03, 1.2740e-05): lin 1 (0.0e+00)
Composition correction applied in 9 block(s)
	 #3 (8.4145e-05, 8.9095e-06): lin 1 (0.0e+00)
Composition correction applied in 9 block(s)
-------------------------------------------------------------------------------------------------------------
 T = 264.023, DT = 1, NI = 3, LI = 3, RES = 2.6e-08 (9.0e-06), CFL=0.684 (ELAPSED 00:00:03, REMAINING 00:00:09 )
-------------------------------------------------------------------------------------------------------------
	 #1 (2.5152e-02, 1.3140e-03): lin 1 (0.0e+00)
Composition correction applied in 9 block(s)
	 #2 (1.1193e-02, 1.9529e-05): lin 1 (0.0e+00)
Composition correction applied in 9 block(s)
	 #3 (5.0917e-04, 1.3649e-06): lin 1 (0.0e+00)
Composition correction applied in 9 block(s)
-------------------------------------------------------------------------------------------------------------
 T = 265.023, DT = 1, NI = 3, LI = 3, RES = 1.8e-06 (8.9e-06), CFL=0.687 (ELAPSED 00:00:03, REMAINING 00:00:09 )
-------------------------------------------------------------------------------------------------------------
	 #1 (2.2814e-02, 4.6004e-04): lin 1 (0.0e+00)
Composition correction applied in 9 block(s)
	 #2 (4.0822e-03, 1.3797e-05): lin 1 (0.0e+00)
Composition correction applied in 9 block(s)
	 #3 (1.7025e-04, 8.7380e-06): lin 1 (0.0e+00)
Composition correction applied in 9 block(s)
-------------------------------------------------------------------------------------------------------------
 T = 266.023, DT = 1, NI = 3, LI = 3, RES = 2.6e-07 (1.2e-05), CFL=0.685 (ELAPSED 00:00:03, REMAINING 00:00:09 )
-------------------------------------------------------------------------------------------------------------
	 #1 (2.5391e-02, 3.1931e-03): lin 1 (0.0e+00)
Composition correction applied in 9 block(s)
	 #2 (1.4806e-02, 1.7072e-05): lin 1 (0.0e+00)
Composition correction applied in 9 block(s)
	 #3 (9.5635e-04, 6.1033e-06): lin 1 (0.0e+00)
Composition correction applied in 9 block(s)
-------------------------------------------------------------------------------------------------------------
 T = 267.023, DT = 1, NI = 3, LI = 3, RES = 7.7e-06 (1.3e-05), CFL=0.692 (ELAPSED 00:00:03, REMAINING 00:00:09 )
-------------------------------------------------------------------------------------------------------------
	 #1 (2.4418e-02, 3.6766e-03): lin 1 (0.0e+00)
Composition correction applied in 9 block(s)
	 #2 (8.5699e-03, 1.9579e-05): lin 1 (0.0e+00)
Composition correction applied in 9 block(s)
	 #3 (2.3792e-04, 5.2199e-06): lin 1 (0.0e+00)
Composition correction applied in 9 block(s)
-------------------------------------------------------------------------------------------------------------
 T = 268.023, DT = 1, NI = 3, LI = 3, RES = 1.4e-06 (8.8e-06), CFL=0.682 (ELAPSED 00:00:03, REMAINING 00:00:09 )
-------------------------------------------------------------------------------------------------------------
	 #1 (2.2906e-02, 1.6444e-03): lin 1 (0.0e+00)
Composition correction applied in 9 block(s)
	 #2 (4.2735e-03, 8.8859e-06): lin 1 (0.0e+00)
Composition correction applied in 9 block(s)
	 #3 (4.6663e-05, 1.2362e-05): lin 1 (0.0e+00)
Composition correction applied in 9 block(s)
-------------------------------------------------------------------------------------------------------------
 T = 269.023, DT = 1, NI = 3, LI = 3, RES = 9.5e-09 (8.8e-06), CFL=0.679 (ELAPSED 00:00:03, REMAINING 00:00:09 )
-------------------------------------------------------------------------------------------------------------
	 #1 (2.5032e-02, 1.3892e-03): lin 1 (0.0e+00)
Composition correction applied in 9 block(s)
	 #2 (1.2451e-02, 3.0987e-06): lin 1 (0.0e+00)
Composition correction applied in 9 block(s)
	 #3 (6.7488e-04, 6.8905e-07): lin 1 (0.0e+00)
Composition correction applied in 9 block(s)
-------------------------------------------------------------------------------------------------------------
 T = 270.023, DT = 1, NI = 3, LI = 3, RES = 3.4e-06 (1.2e-05), CFL=0.687 (ELAPSED 00:00:03, REMAINING 00:00:09 )
-------------------------------------------------------------------------------------------------------------
	 #1 (2.2917e-02, 1.7336e-03): lin 1 (0.0e+00)
Composition correction applied in 9 block(s)
	 #2 (5.6429e-03, 1.5284e-05): lin 1 (0.0e+00)
Composition correction applied in 9 block(s)
	 #3 (1.2927e-04, 7.7253e-06): lin 1 (0.0e+00)
Composition correction applied in 9 block(s)
-------------------------------------------------------------------------------------------------------------
 T = 271.023, DT = 1, NI = 3, LI = 3, RES = 2.5e-08 (8.8e-06), CFL=0.676 (ELAPSED 00:00:03, REMAINING 00:00:09 )
-------------------------------------------------------------------------------------------------------------
	 #1 (2.3866e-02, 2.5815e-03): lin 1 (0.0e+00)
Composition correction applied in 9 block(s)
	 #2 (6.7499e-03, 8.1003e-06): lin 1 (0.0e+00)
Composition correction applied in 9 block(s)
	 #3 (8.4791e-05, 1.2198e-05): lin 1 (0.0e+00)
Composition correction applied in 9 block(s)
-------------------------------------------------------------------------------------------------------------
 T = 272.023, DT = 1, NI = 3, LI = 3, RES = 2.6e-08 (1.2e-05), CFL=0.683 (ELAPSED 00:00:03, REMAINING 00:00:09 )
-------------------------------------------------------------------------------------------------------------
	 #1 (2.4586e-02, 2.0321e-03): lin 1 (0.0e+00)
Composition correction applied in 9 block(s)
	 #2 (1.0369e-02, 1.8754e-05): lin 1 (0.0e+00)
Composition correction applied in 9 block(s)
	 #3 (4.2171e-04, 2.3453e-06): lin 1 (0.0e+00)
Composition correction applied in 9 block(s)
-------------------------------------------------------------------------------------------------------------
 T = 273.023, DT = 1, NI = 3, LI = 3, RES = 1.2e-06 (8.7e-06), CFL=0.684 (ELAPSED 00:00:03, REMAINING 00:00:09 )
-------------------------------------------------------------------------------------------------------------
	 #1 (2.2378e-02, 1.5653e-04): lin 1 (0.0e+00)
Composition correction applied in 9 block(s)
	 #2 (4.0476e-03, 1.2799e-05): lin 1 (0.0e+00)
Composition correction applied in 9 block(s)
	 #3 (5.8154e-05, 1.2168e-05): lin 1 (0.0e+00)
Composition correction applied in 9 block(s)
-------------------------------------------------------------------------------------------------------------
 T = 274.023, DT = 1, NI = 3, LI = 3, RES = 1.5e-08 (1.2e-05), CFL=0.674 (ELAPSED 00:00:03, REMAINING 00:00:09 )
-------------------------------------------------------------------------------------------------------------
	 #1 (2.4945e-02, 2.3943e-03): lin 1 (0.0e+00)
Composition correction applied in 9 block(s)
	 #2 (1.3992e-02, 3.4305e-06): lin 1 (0.0e+00)
Composition correction applied in 9 block(s)
	 #3 (8.5475e-04, 2.4259e-05): lin 1 (0.0e+00)
Composition correction applied in 9 block(s)
-------------------------------------------------------------------------------------------------------------
 T = 275.023, DT = 1, NI = 3, LI = 3, RES = 6.1e-06 (8.5e-06), CFL=0.691 (ELAPSED 00:00:03, REMAINING 00:00:09 )
-------------------------------------------------------------------------------------------------------------
	 #1 (2.3620e-02, 3.1192e-03): lin 1 (0.0e+00)
Composition correction applied in 9 block(s)
	 #2 (7.6421e-03, 1.7517e-05): lin 1 (0.0e+00)
Composition correction applied in 9 block(s)
	 #3 (1.6343e-04, 1.5321e-05): lin 1 (0.0e+00)
Composition correction applied in 9 block(s)
-------------------------------------------------------------------------------------------------------------
 T = 276.023, DT = 1, NI = 3, LI = 3, RES = 1.6e-07 (1.2e-05), CFL=0.678 (ELAPSED 00:00:03, REMAINING 00:00:09 )
-------------------------------------------------------------------------------------------------------------
	 #1 (2.2794e-02, 1.4964e-03): lin 1 (0.0e+00)
Composition correction applied in 9 block(s)
	 #2 (4.3611e-03, 8.6342e-06): lin 1 (0.0e+00)
Composition correction applied in 9 block(s)
	 #3 (4.6288e-05, 8.5526e-06): lin 1 (0.0e+00)
Composition correction applied in 9 block(s)
-------------------------------------------------------------------------------------------------------------
 T = 277.023, DT = 1, NI = 3, LI = 3, RES = 8.7e-09 (1.2e-05), CFL=0.679 (ELAPSED 00:00:03, REMAINING 00:00:09 )
-------------------------------------------------------------------------------------------------------------
	 #1 (2.4672e-02, 1.1657e-04): lin 1 (0.0e+00)
Composition correction applied in 9 block(s)
	 #2 (1.2235e-02, 1.8416e-05): lin 1 (0.0e+00)
Composition correction applied in 9 block(s)
	 #3 (7.1487e-04, 2.1015e-05): lin 1 (0.0e+00)
Composition correction applied in 9 block(s)
-------------------------------------------------------------------------------------------------------------
 T = 278.023, DT = 1, NI = 3, LI = 3, RES = 3.3e-06 (1.2e-05), CFL=0.689 (ELAPSED 00:00:03, REMAINING 00:00:09 )
-------------------------------------------------------------------------------------------------------------
	 #1 (2.2484e-02, 1.4157e-03): lin 1 (0.0e+00)
Composition correction applied in 9 block(s)
	 #2 (4.9465e-03, 6.3159e-06): lin 1 (0.0e+00)
Composition correction applied in 9 block(s)
	 #3 (1.0271e-04, 7.8761e-06): lin 1 (0.0e+00)
Composition correction applied in 9 block(s)
-------------------------------------------------------------------------------------------------------------
 T = 279.023, DT = 1, NI = 3, LI = 3, RES = 2.8e-08 (8.5e-06), CFL=0.674 (ELAPSED 00:00:03, REMAINING 00:00:09 )
-------------------------------------------------------------------------------------------------------------
	 #1 (2.4015e-02, 2.7048e-03): lin 1 (0.0e+00)
Composition correction applied in 9 block(s)
	 #2 (6.5907e-03, 1.3107e-05): lin 1 (0.0e+00)
Composition correction applied in 9 block(s)
	 #3 (8.9026e-05, 8.4852e-06): lin 1 (0.0e+00)
Composition correction applied in 9 block(s)
-------------------------------------------------------------------------------------------------------------
 T = 280.023, DT = 1, NI = 3, LI = 3, RES = 2.7e-08 (8.5e-06), CFL=0.687 (ELAPSED 00:00:03, REMAINING 00:00:09 )
-------------------------------------------------------------------------------------------------------------
	 #1 (2.4228e-02, 2.4270e-03): lin 1 (0.0e+00)
Composition correction applied in 9 block(s)
	 #2 (9.7458e-03, 1.8684e-05): lin 1 (0.0e+00)
Composition correction applied in 9 block(s)
	 #3 (3.6136e-04, 3.3790e-06): lin 1 (0.0e+00)
Composition correction applied in 9 block(s)
-------------------------------------------------------------------------------------------------------------
 T = 281.023, DT = 1, NI = 3, LI = 3, RES = 8.7e-07 (1.2e-05), CFL=0.685 (ELAPSED 00:00:03, REMAINING 00:00:09 )
-------------------------------------------------------------------------------------------------------------
	 #1 (2.2155e-02, 2.8427e-04): lin 1 (0.0e+00)
Composition correction applied in 9 block(s)
	 #2 (4.0557e-03, 1.2208e-05): lin 1 (0.0e+00)
Composition correction applied in 9 block(s)
	 #3 (5.2724e-05, 8.2999e-06): lin 1 (0.0e+00)
Composition correction applied in 9 block(s)
-------------------------------------------------------------------------------------------------------------
 T = 282.023, DT = 1, NI = 3, LI = 3, RES = 1.3e-08 (8.4e-06), CFL=0.674 (ELAPSED 00:00:03, REMAINING 00:00:09 )
-------------------------------------------------------------------------------------------------------------
	 #1 (2.4632e-02, 2.0399e-03): lin 1 (0.0e+00)
Composition correction applied in 9 block(s)
	 #2 (1.3438e-02, 3.1208e-06): lin 1 (0.0e+00)
Composition correction applied in 9 block(s)
	 #3 (7.9219e-04, 2.4935e-06): lin 1 (0.0e+00)
Composition correction applied in 9 block(s)
-------------------------------------------------------------------------------------------------------------
 T = 283.023, DT = 1, NI = 3, LI = 3, RES = 5.1e-06 (8.3e-06), CFL=0.691 (ELAPSED 00:00:03, REMAINING 00:00:09 )
-------------------------------------------------------------------------------------------------------------
	 #1 (2.3092e-02, 2.5622e-03): lin 1 (0.0e+00)
Composition correction applied in 9 block(s)
	 #2 (7.0960e-03, 1.5840e-05): lin 1 (0.0e+00)
Composition correction applied in 9 block(s)
	 #3 (1.5538e-04, 5.9006e-06): lin 1 (0.0e+00)
Composition correction applied in 9 block(s)
-------------------------------------------------------------------------------------------------------------
 T = 284.023, DT = 1, NI = 3, LI = 3, RES = 9.3e-08 (8.4e-06), CFL=0.678 (ELAPSED 00:00:03, REMAINING 00:00:09 )
-------------------------------------------------------------------------------------------------------------
	 #1 (2.2650e-02, 1.6802e-03): lin 1 (0.0e+00)
Composition correction applied in 9 block(s)
	 #2 (7.1359e-03, 8.5019e-06): lin 1 (0.0e+00)
Composition correction applied in 9 block(s)
	 #3 (7.7244e-05, 8.1368e-06): lin 1 (0.0e+00)
Composition correction applied in 9 block(s)
-------------------------------------------------------------------------------------------------------------
 T = 285.023, DT = 1, NI = 3, LI = 3, RES = 2.4e-08 (8.3e-06), CFL=0.681 (ELAPSED 00:00:03, REMAINING 00:00:09 )
-------------------------------------------------------------------------------------------------------------
	 #1 (2.4296e-02, 1.8803e-04): lin 1 (0.0e+00)
Composition correction applied in 10 block(s)
	 #2 (1.1704e-02, 1.7379e-05): lin 1 (0.0e+00)
Composition correction applied in 10 block(s)
	 #3 (5.9488e-04, 5.5835e-07): lin 1 (0.0e+00)
Composition correction applied in 10 block(s)
-------------------------------------------------------------------------------------------------------------
 T = 286.023, DT = 1, NI = 3, LI = 3, RES = 2.5e-06 (1.2e-05), CFL=0.689 (ELAPSED 00:00:03, REMAINING 00:00:09 )
-------------------------------------------------------------------------------------------------------------
	 #1 (2.2082e-02, 1.0466e-03): lin 1 (0.0e+00)
Composition correction applied in 10 block(s)
	 #2 (4.4386e-03, 6.3246e-06): lin 1 (0.0e+00)
Composition correction applied in 10 block(s)
	 #3 (8.6344e-05, 7.8899e-06): lin 1 (0.0e+00)
Composition correction applied in 10 block(s)
-------------------------------------------------------------------------------------------------------------
 T = 287.023, DT = 1, NI = 3, LI = 3, RES = 2.6e-08 (8.3e-06), CFL=0.682 (ELAPSED 00:00:03, REMAINING 00:00:09 )
-------------------------------------------------------------------------------------------------------------
	 #1 (2.3979e-02, 2.7772e-03): lin 1 (0.0e+00)
Composition correction applied in 10 block(s)
	 #2 (6.4314e-03, 6.7233e-06): lin 1 (0.0e+00)
Composition correction applied in 10 block(s)
	 #3 (9.0533e-05, 1.1480e-05): lin 1 (0.0e+00)
Composition correction applied in 10 block(s)
-------------------------------------------------------------------------------------------------------------
 T = 288.023, DT = 1, NI = 3, LI = 3, RES = 2.7e-08 (8.3e-06), CFL=0.689 (ELAPSED 00:00:03, REMAINING 00:00:09 )
-------------------------------------------------------------------------------------------------------------
	 #1 (2.3819e-02, 2.7004e-03): lin 1 (0.0e+00)
Composition correction applied in 10 block(s)
	 #2 (9.2337e-03, 2.1339e-06): lin 1 (0.0e+00)
Composition correction applied in 10 block(s)
	 #3 (3.1519e-04, 1.5719e-05): lin 1 (0.0e+00)
Composition correction applied in 10 block(s)
-------------------------------------------------------------------------------------------------------------
 T = 289.023, DT = 1, NI = 3, LI = 3, RES = 6.6e-07 (8.2e-06), CFL=0.684 (ELAPSED 00:00:03, REMAINING 00:00:09 )
-------------------------------------------------------------------------------------------------------------
	 #1 (2.1896e-02, 5.5397e-04): lin 1 (0.0e+00)
Composition correction applied in 10 block(s)
	 #2 (4.0350e-03, 1.1623e-05): lin 1 (0.0e+00)
Composition correction applied in 10 block(s)
	 #3 (4.8742e-05, 8.1211e-06): lin 1 (0.0e+00)
Composition correction applied in 10 block(s)
-------------------------------------------------------------------------------------------------------------
 T = 290.023, DT = 1, NI = 3, LI = 3, RES = 1.1e-08 (8.2e-06), CFL=0.686 (ELAPSED 00:00:03, REMAINING 00:00:09 )
-------------------------------------------------------------------------------------------------------------
	 #1 (2.4269e-02, 1.7194e-03): lin 1 (0.0e+00)
Composition correction applied in 10 block(s)
	 #2 (1.2916e-02, 3.1435e-06): lin 1 (0.0e+00)
Composition correction applied in 10 block(s)
	 #3 (7.2714e-04, 9.4538e-07): lin 1 (0.0e+00)
Composition correction applied in 10 block(s)
-------------------------------------------------------------------------------------------------------------
 T = 291.023, DT = 1, NI = 3, LI = 3, RES = 4.3e-06 (8.1e-06), CFL=0.689 (ELAPSED 00:00:03, REMAINING 00:00:09 )
-------------------------------------------------------------------------------------------------------------
	 #1 (2.2514e-02, 1.7701e-03): lin 1 (0.0e+00)
Composition correction applied in 10 block(s)
	 #2 (6.4550e-03, 1.4757e-05): lin 1 (0.0e+00)
Composition correction applied in 10 block(s)
	 #3 (1.1818e-04, 6.3350e-06): lin 1 (0.0e+00)
Composition correction applied in 10 block(s)
-------------------------------------------------------------------------------------------------------------
 T = 292.023, DT = 1, NI = 3, LI = 3, RES = 5.3e-08 (8.1e-06), CFL=0.678 (ELAPSED 00:00:03, REMAINING 00:00:09 )
-------------------------------------------------------------------------------------------------------------
	 #1 (2.2422e-02, 2.0642e-03): lin 1 (0.0e+00)
Composition correction applied in 10 block(s)
	 #2 (6.7931e-03, 8.1769e-06): lin 1 (0.0e+00)
Composition correction applied in 10 block(s)
	 #3 (7.6141e-05, 1.1421e-05): lin 1 (0.0e+00)
Composition correction applied in 10 block(s)
-------------------------------------------------------------------------------------------------------------
 T = 293.023, DT = 1, NI = 3, LI = 3, RES = 2.3e-08 (8.1e-06), CFL=0.679 (ELAPSED 00:00:03, REMAINING 00:00:09 )
-------------------------------------------------------------------------------------------------------------
	 #1 (2.3790e-02, 5.5851e-04): lin 1 (0.0e+00)
Composition correction applied in 10 block(s)
	 #2 (1.1004e-02, 2.8438e-06): lin 1 (0.0e+00)
Composition correction applied in 10 block(s)
	 #3 (5.1521e-04, 1.5423e-06): lin 1 (0.0e+00)
Composition correction applied in 10 block(s)
-------------------------------------------------------------------------------------------------------------
 T = 294.023, DT = 1, NI = 3, LI = 3, RES = 1.9e-06 (8.0e-06), CFL=0.685 (ELAPSED 00:00:03, REMAINING 00:00:09 )
-------------------------------------------------------------------------------------------------------------
	 #1 (2.1582e-02, 7.3009e-04): lin 1 (0.0e+00)
Composition correction applied in 10 block(s)
	 #2 (3.8234e-03, 1.2245e-05): lin 1 (0.0e+00)
Composition correction applied in 10 block(s)
	 #3 (6.6297e-05, 7.8595e-06): lin 1 (0.0e+00)
Composition correction applied in 10 block(s)
-------------------------------------------------------------------------------------------------------------
 T = 295.023, DT = 1, NI = 3, LI = 3, RES = 1.9e-08 (1.1e-05), CFL=0.675 (ELAPSED 00:00:03, REMAINING 00:00:09 )
-------------------------------------------------------------------------------------------------------------
	 #1 (2.4034e-02, 2.7638e-03): lin 1 (0.0e+00)
Composition correction applied in 10 block(s)
	 #2 (1.4341e-02, 3.9411e-06): lin 1 (0.0e+00)
Composition correction applied in 10 block(s)
	 #3 (8.9474e-04, 2.8419e-06): lin 1 (0.0e+00)
Composition correction applied in 10 block(s)
-------------------------------------------------------------------------------------------------------------
 T = 296.023, DT = 1, NI = 3, LI = 3, RES = 7.1e-06 (7.9e-06), CFL=0.690 (ELAPSED 00:00:03, REMAINING 00:00:09 )
-------------------------------------------------------------------------------------------------------------
	 #1 (2.3282e-02, 3.2761e-03): lin 1 (0.0e+00)
Composition correction applied in 10 block(s)
	 #2 (8.4078e-03, 1.6920e-05): lin 1 (0.0e+00)
Composition correction applied in 10 block(s)
	 #3 (2.3177e-04, 4.9213e-06): lin 1 (0.0e+00)
Composition correction applied in 10 block(s)
-------------------------------------------------------------------------------------------------------------
 T = 297.023, DT = 1, NI = 3, LI = 3, RES = 2.9e-07 (8.0e-06), CFL=0.681 (ELAPSED 00:00:03, REMAINING 00:00:09 )
-------------------------------------------------------------------------------------------------------------
	 #1 (2.1686e-02, 8.1380e-04): lin 1 (0.0e+00)
Composition correction applied in 10 block(s)
	 #2 (4.0506e-03, 8.0239e-06): lin 1 (0.0e+00)
Composition correction applied in 10 block(s)
	 #3 (4.4591e-05, 7.9313e-06): lin 1 (0.0e+00)
Composition correction applied in 10 block(s)
-------------------------------------------------------------------------------------------------------------
 T = 298.023, DT = 1, NI = 3, LI = 3, RES = 9.3e-09 (8.0e-06), CFL=0.676 (ELAPSED 00:00:03, REMAINING 00:00:08 )
-------------------------------------------------------------------------------------------------------------
	 #1 (2.3877e-02, 9.9162e-04): lin 1 (0.0e+00)
Composition correction applied in 10 block(s)
	 #2 (1.2186e-02, 3.6506e-06): lin 1 (0.0e+00)
Composition correction applied in 10 block(s)
	 #3 (6.5557e-04, 6.1385e-07): lin 1 (0.0e+00)
Composition correction applied in 10 block(s)
-------------------------------------------------------------------------------------------------------------
 T = 299.023, DT = 1, NI = 3, LI = 3, RES = 3.4e-06 (7.9e-06), CFL=0.690 (ELAPSED 00:00:03, REMAINING 00:00:08 )
-------------------------------------------------------------------------------------------------------------
	 #1 (2.1977e-02, 1.7621e-03): lin 1 (0.0e+00)
Composition correction applied in 10 block(s)
	 #2 (5.8930e-03, 1.3947e-05): lin 1 (0.0e+00)
Composition correction applied in 10 block(s)
	 #3 (1.4352e-04, 6.6589e-06): lin 1 (0.0e+00)
Composition correction applied in 10 block(s)
-------------------------------------------------------------------------------------------------------------
 T = 300.023, DT = 1, NI = 3, LI = 3, RES = 2.1e-08 (7.9e-06), CFL=0.674 (ELAPSED 00:00:03, REMAINING 00:00:08 )
-------------------------------------------------------------------------------------------------------------
	 #1 (2.2536e-02, 1.9149e-03): lin 1 (0.0e+00)
Composition correction applied in 10 block(s)
	 #2 (6.5832e-03, 7.6820e-06): lin 1 (0.0e+00)
Composition correction applied in 10 block(s)
	 #3 (7.9591e-05, 7.8047e-06): lin 1 (0.0e+00)
Composition correction applied in 10 block(s)
-------------------------------------------------------------------------------------------------------------
 T = 301.023, DT = 1, NI = 3, LI = 3, RES = 2.4e-08 (1.1e-05), CFL=0.684 (ELAPSED 00:00:03, REMAINING 00:00:08 )
-------------------------------------------------------------------------------------------------------------
	 #1 (2.3503e-02, 1.1709e-03): lin 1 (0.0e+00)
Composition correction applied in 10 block(s)
	 #2 (1.0378e-02, 2.7873e-06): lin 1 (0.0e+00)
Composition correction applied in 10 block(s)
	 #3 (4.4827e-04, 2.5369e-06): lin 1 (0.0e+00)
Composition correction applied in 10 block(s)
-------------------------------------------------------------------------------------------------------------
 T = 302.023, DT = 1, NI = 3, LI = 3, RES = 1.4e-06 (7.8e-06), CFL=0.687 (ELAPSED 00:00:03, REMAINING 00:00:08 )
-------------------------------------------------------------------------------------------------------------
	 #1 (2.1336e-02, 3.1980e-04): lin 1 (0.0e+00)
Composition correction applied in 10 block(s)
	 #2 (3.8326e-03, 1.1514e-05): lin 1 (0.0e+00)
Composition correction applied in 10 block(s)
	 #3 (5.9304e-05, 7.7016e-06): lin 1 (0.0e+00)
Composition correction applied in 10 block(s)
-------------------------------------------------------------------------------------------------------------
 T = 303.023, DT = 1, NI = 3, LI = 3, RES = 1.6e-08 (1.1e-05), CFL=0.674 (ELAPSED 00:00:03, REMAINING 00:00:08 )
-------------------------------------------------------------------------------------------------------------
	 #1 (2.3789e-02, 2.4018e-03): lin 1 (0.0e+00)
Composition correction applied in 10 block(s)
	 #2 (1.3791e-02, 4.3847e-06): lin 1 (0.0e+00)
Composition correction applied in 10 block(s)
	 #3 (8.3579e-04, 2.5258e-06): lin 1 (0.0e+00)
Composition correction applied in 10 block(s)
-------------------------------------------------------------------------------------------------------------
 T = 304.023, DT = 1, NI = 3, LI = 3, RES = 6.1e-06 (1.1e-05), CFL=0.691 (ELAPSED 00:00:03, REMAINING 00:00:08 )
-------------------------------------------------------------------------------------------------------------
	 #1 (2.2762e-02, 2.7670e-03): lin 1 (0.0e+00)
Composition correction applied in 10 block(s)
	 #2 (7.8848e-03, 2.9861e-06): lin 1 (0.0e+00)
Composition correction applied in 10 block(s)
	 #3 (1.6729e-04, 1.3857e-05): lin 1 (0.0e+00)
Composition correction applied in 10 block(s)
-------------------------------------------------------------------------------------------------------------
 T = 305.023, DT = 1, NI = 3, LI = 3, RES = 1.9e-07 (7.8e-06), CFL=0.681 (ELAPSED 00:00:03, REMAINING 00:00:08 )
-------------------------------------------------------------------------------------------------------------
	 #1 (2.1538e-02, 1.0444e-03): lin 1 (0.0e+00)
Composition correction applied in 10 block(s)
	 #2 (4.0604e-03, 7.8321e-06): lin 1 (0.0e+00)
Composition correction applied in 10 block(s)
	 #3 (4.2935e-05, 7.7427e-06): lin 1 (0.0e+00)
Composition correction applied in 10 block(s)
-------------------------------------------------------------------------------------------------------------
 T = 306.023, DT = 1, NI = 3, LI = 3, RES = 8.4e-09 (1.1e-05), CFL=0.678 (ELAPSED 00:00:03, REMAINING 00:00:08 )
-------------------------------------------------------------------------------------------------------------
	 #1 (2.3552e-02, 6.4384e-04): lin 1 (0.0e+00)
Composition correction applied in 10 block(s)
	 #2 (1.1710e-02, 1.4805e-05): lin 1 (0.0e+00)
Composition correction applied in 10 block(s)
	 #3 (6.2276e-04, 8.8916e-07): lin 1 (0.0e+00)
Composition correction applied in 10 block(s)
-------------------------------------------------------------------------------------------------------------
 T = 307.023, DT = 1, NI = 3, LI = 3, RES = 2.9e-06 (7.7e-06), CFL=0.690 (ELAPSED 00:00:04, REMAINING 00:00:08 )
-------------------------------------------------------------------------------------------------------------
	 #1 (2.1565e-02, 1.4073e-03): lin 1 (0.0e+00)
Composition correction applied in 10 block(s)
	 #2 (5.3905e-03, 1.3069e-05): lin 1 (0.0e+00)
Composition correction applied in 10 block(s)
	 #3 (1.2160e-04, 6.7362e-06): lin 1 (0.0e+00)
Composition correction applied in 10 block(s)
-------------------------------------------------------------------------------------------------------------
 T = 308.023, DT = 1, NI = 3, LI = 3, RES = 2.1e-08 (1.1e-05), CFL=0.678 (ELAPSED 00:00:04, REMAINING 00:00:08 )
-------------------------------------------------------------------------------------------------------------
	 #1 (2.2480e-02, 2.0017e-03): lin 1 (0.0e+00)
Composition correction applied in 11 block(s)
	 #2 (6.4011e-03, 1.1137e-05): lin 1 (0.0e+00)
Composition correction applied in 11 block(s)
	 #3 (8.0404e-05, 1.0752e-05): lin 1 (0.0e+00)
Composition correction applied in 11 block(s)
-------------------------------------------------------------------------------------------------------------
 T = 309.023, DT = 1, NI = 3, LI = 3, RES = 2.4e-08 (1.1e-05), CFL=0.685 (ELAPSED 00:00:04, REMAINING 00:00:08 )
-------------------------------------------------------------------------------------------------------------
	 #1 (2.3149e-02, 1.4305e-03): lin 1 (0.0e+00)
Composition correction applied in 11 block(s)
	 #2 (9.8955e-03, 1.5777e-05): lin 1 (0.0e+00)
Composition correction applied in 11 block(s)
	 #3 (4.0012e-04, 1.5132e-05): lin 1 (0.0e+00)
Composition correction applied in 11 block(s)
-------------------------------------------------------------------------------------------------------------
 T = 310.023, DT = 1, NI = 3, LI = 3, RES = 1.1e-06 (7.6e-06), CFL=0.686 (ELAPSED 00:00:04, REMAINING 00:00:08 )
-------------------------------------------------------------------------------------------------------------
	 #1 (2.1054e-02, 6.7710e-05): lin 1 (0.0e+00)
Composition correction applied in 11 block(s)
	 #2 (3.8066e-03, 1.1189e-05): lin 1 (0.0e+00)
Composition correction applied in 11 block(s)
	 #3 (2.0120e-04, 7.5410e-06): lin 1 (0.0e+00)
Composition correction applied in 11 block(s)
-------------------------------------------------------------------------------------------------------------
 T = 311.023, DT = 1, NI = 3, LI = 3, RES = 3.6e-07 (1.1e-05), CFL=0.685 (ELAPSED 00:00:04, REMAINING 00:00:08 )
-------------------------------------------------------------------------------------------------------------
	 #1 (2.3481e-02, 2.0534e-03): lin 1 (0.0e+00)
Composition correction applied in 11 block(s)
	 #2 (1.3325e-02, 4.4430e-06): lin 1 (0.0e+00)
Composition correction applied in 11 block(s)
	 #3 (7.8709e-04, 1.8628e-06): lin 1 (0.0e+00)
Composition correction applied in 11 block(s)
-------------------------------------------------------------------------------------------------------------
 T = 312.023, DT = 1, NI = 3, LI = 3, RES = 5.4e-06 (1.1e-05), CFL=0.691 (ELAPSED 00:00:04, REMAINING 00:00:08 )
-------------------------------------------------------------------------------------------------------------
	 #1 (2.2275e-02, 2.4289e-03): lin 1 (0.0e+00)
Composition correction applied in 11 block(s)
	 #2 (7.4375e-03, 3.7959e-06): lin 1 (0.0e+00)
Composition correction applied in 11 block(s)
	 #3 (1.8780e-04, 5.6389e-06): lin 1 (0.0e+00)
Composition correction applied in 11 block(s)
-------------------------------------------------------------------------------------------------------------
 T = 313.023, DT = 1, NI = 3, LI = 3, RES = 9.1e-07 (7.6e-06), CFL=0.682 (ELAPSED 00:00:04, REMAINING 00:00:08 )
-------------------------------------------------------------------------------------------------------------
	 #1 (2.1326e-02, 1.4325e-03): lin 1 (0.0e+00)
Composition correction applied in 11 block(s)
	 #2 (4.0200e-03, 1.0432e-05): lin 1 (0.0e+00)
Composition correction applied in 11 block(s)
	 #3 (4.2722e-05, 7.5408e-06): lin 1 (0.0e+00)
Composition correction applied in 11 block(s)
-------------------------------------------------------------------------------------------------------------
 T = 314.023, DT = 1, NI = 3, LI = 3, RES = 7.8e-09 (7.6e-06), CFL=0.679 (ELAPSED 00:00:04, REMAINING 00:00:08 )
-------------------------------------------------------------------------------------------------------------
	 #1 (2.3110e-02, 6.5313e-04): lin 1 (0.0e+00)
Composition correction applied in 11 block(s)
	 #2 (1.1153e-02, 1.4067e-05): lin 1 (0.0e+00)
Composition correction applied in 11 block(s)
	 #3 (6.1258e-04, 1.6668e-06): lin 1 (0.0e+00)
Composition correction applied in 11 block(s)
-------------------------------------------------------------------------------------------------------------
 T = 315.023, DT = 1, NI = 3, LI = 3, RES = 2.5e-06 (7.5e-06), CFL=0.686 (ELAPSED 00:00:04, REMAINING 00:00:08 )
-------------------------------------------------------------------------------------------------------------
	 #1 (2.1039e-02, 1.0065e-03): lin 1 (0.0e+00)
Composition correction applied in 11 block(s)
	 #2 (4.6853e-03, 6.1053e-06): lin 1 (0.0e+00)
Composition correction applied in 11 block(s)
	 #3 (9.6532e-05, 1.1037e-05): lin 1 (0.0e+00)
Composition correction applied in 11 block(s)
-------------------------------------------------------------------------------------------------------------
 T = 316.023, DT = 1, NI = 3, LI = 3, RES = 2.4e-08 (7.5e-06), CFL=0.676 (ELAPSED 00:00:04, REMAINING 00:00:08 )
-------------------------------------------------------------------------------------------------------------
	 #1 (2.2434e-02, 2.1115e-03): lin 1 (0.0e+00)
Composition correction applied in 11 block(s)
	 #2 (6.1380e-03, 1.1355e-05): lin 1 (0.0e+00)
Composition correction applied in 11 block(s)
	 #3 (8.1594e-05, 7.4885e-06): lin 1 (0.0e+00)
Composition correction applied in 11 block(s)
-------------------------------------------------------------------------------------------------------------
 T = 317.023, DT = 1, NI = 3, LI = 3, RES = 2.4e-08 (7.5e-06), CFL=0.684 (ELAPSED 00:00:04, REMAINING 00:00:08 )
-------------------------------------------------------------------------------------------------------------
	 #1 (2.2669e-02, 1.9041e-03): lin 1 (0.0e+00)
Composition correction applied in 11 block(s)
	 #2 (9.1698e-03, 3.1764e-06): lin 1 (0.0e+00)
Composition correction applied in 11 block(s)
	 #3 (3.3077e-04, 3.3526e-06): lin 1 (0.0e+00)
Composition correction applied in 11 block(s)
-------------------------------------------------------------------------------------------------------------
 T = 318.023, DT = 1, NI = 3, LI = 3, RES = 7.4e-07 (1.0e-05), CFL=0.683 (ELAPSED 00:00:04, REMAINING 00:00:08 )
-------------------------------------------------------------------------------------------------------------
	 #1 (2.0746e-02, 1.0275e-04): lin 1 (0.0e+00)
Composition correction applied in 11 block(s)
	 #2 (3.7884e-03, 7.3249e-06): lin 1 (0.0e+00)
Composition correction applied in 11 block(s)
	 #3 (4.7866e-05, 7.3432e-06): lin 1 (0.0e+00)
Composition correction applied in 11 block(s)
-------------------------------------------------------------------------------------------------------------
 T = 319.023, DT = 1, NI = 3, LI = 3, RES = 1.2e-08 (7.4e-06), CFL=0.674 (ELAPSED 00:00:04, REMAINING 00:00:08 )
-------------------------------------------------------------------------------------------------------------
	 #1 (2.3106e-02, 1.5114e-03): lin 1 (0.0e+00)
Composition correction applied in 11 block(s)
	 #2 (1.2622e-02, 4.2534e-06): lin 1 (0.0e+00)
Composition correction applied in 11 block(s)
	 #3 (7.1193e-04, 1.8599e-05): lin 1 (0.0e+00)
Composition correction applied in 11 block(s)
-------------------------------------------------------------------------------------------------------------
 T = 320.023, DT = 1, NI = 3, LI = 3, RES = 4.3e-06 (7.4e-06), CFL=0.690 (ELAPSED 00:00:04, REMAINING 00:00:08 )
-------------------------------------------------------------------------------------------------------------
	 #1 (2.1629e-02, 2.0597e-03): lin 1 (0.0e+00)
Composition correction applied in 11 block(s)
	 #2 (6.6130e-03, 4.5992e-06): lin 1 (0.0e+00)
Composition correction applied in 11 block(s)
	 #3 (1.3910e-04, 1.2146e-05): lin 1 (0.0e+00)
Composition correction applied in 11 block(s)
-------------------------------------------------------------------------------------------------------------
 T = 321.023, DT = 1, NI = 3, LI = 3, RES = 7.5e-08 (1.0e-05), CFL=0.677 (ELAPSED 00:00:04, REMAINING 00:00:08 )
-------------------------------------------------------------------------------------------------------------
	 #1 (2.1301e-02, 1.2522e-03): lin 1 (0.0e+00)
Composition correction applied in 11 block(s)
	 #2 (6.6740e-03, 1.0177e-05): lin 1 (0.0e+00)
Composition correction applied in 11 block(s)
	 #3 (7.3240e-05, 7.1869e-06): lin 1 (0.0e+00)
Composition correction applied in 11 block(s)
-------------------------------------------------------------------------------------------------------------
 T = 322.023, DT = 1, NI = 3, LI = 3, RES = 2.3e-08 (7.4e-06), CFL=0.680 (ELAPSED 00:00:04, REMAINING 00:00:08 )
-------------------------------------------------------------------------------------------------------------
	 #1 (2.2819e-02, 2.4156e-04): lin 1 (0.0e+00)
Composition correction applied in 11 block(s)
	 #2 (1.0967e-02, 3.3729e-06): lin 1 (0.0e+00)
Composition correction applied in 11 block(s)
	 #3 (5.3519e-04, 1.3489e-06): lin 1 (0.0e+00)
Composition correction applied in 11 block(s)
-------------------------------------------------------------------------------------------------------------
 T = 323.023, DT = 1, NI = 3, LI = 3, RES = 2.1e-06 (7.3e-06), CFL=0.688 (ELAPSED 00:00:04, REMAINING 00:00:08 )
-------------------------------------------------------------------------------------------------------------
	 #1 (2.0731e-02, 8.0581e-04): lin 1 (0.0e+00)
Composition correction applied in 11 block(s)
	 #2 (4.0790e-03, 6.2224e-06): lin 1 (0.0e+00)
Composition correction applied in 11 block(s)
	 #3 (7.6631e-05, 7.1057e-06): lin 1 (0.0e+00)
Composition correction applied in 11 block(s)
-------------------------------------------------------------------------------------------------------------
 T = 324.023, DT = 1, NI = 3, LI = 3, RES = 2.3e-08 (7.3e-06), CFL=0.674 (ELAPSED 00:00:04, REMAINING 00:00:08 )
-------------------------------------------------------------------------------------------------------------
	 #1 (2.2636e-02, 2.2122e-03): lin 1 (0.0e+00)
Composition correction applied in 11 block(s)
	 #2 (6.0242e-03, 6.0008e-06): lin 1 (0.0e+00)
Composition correction applied in 11 block(s)
	 #3 (8.5370e-05, 1.0175e-05): lin 1 (0.0e+00)
Composition correction applied in 11 block(s)
-------------------------------------------------------------------------------------------------------------
 T = 325.023, DT = 1, NI = 3, LI = 3, RES = 2.5e-08 (7.3e-06), CFL=0.688 (ELAPSED 00:00:04, REMAINING 00:00:08 )
-------------------------------------------------------------------------------------------------------------
	 #1 (2.2374e-02, 2.2043e-03): lin 1 (0.0e+00)
Composition correction applied in 11 block(s)
	 #2 (8.6199e-03, 3.1177e-06): lin 1 (0.0e+00)
Composition correction applied in 11 block(s)
	 #3 (2.8270e-04, 1.3457e-05): lin 1 (0.0e+00)
Composition correction applied in 11 block(s)
-------------------------------------------------------------------------------------------------------------
 T = 326.023, DT = 1, NI = 3, LI = 3, RES = 5.4e-07 (1.0e-05), CFL=0.684 (ELAPSED 00:00:04, REMAINING 00:00:08 )
-------------------------------------------------------------------------------------------------------------
	 #1 (2.0618e-02, 4.2028e-04): lin 1 (0.0e+00)
Composition correction applied in 11 block(s)
	 #2 (3.8100e-03, 1.0107e-05): lin 1 (0.0e+00)
Composition correction applied in 11 block(s)
	 #3 (4.4412e-05, 7.1951e-06): lin 1 (0.0e+00)
Composition correction applied in 11 block(s)
-------------------------------------------------------------------------------------------------------------
 T = 327.023, DT = 1, NI = 3, LI = 3, RES = 1.0e-08 (7.3e-06), CFL=0.675 (ELAPSED 00:00:04, REMAINING 00:00:08 )
-------------------------------------------------------------------------------------------------------------
	 #1 (2.2856e-02, 1.2612e-03): lin 1 (0.0e+00)
Composition correction applied in 11 block(s)
	 #2 (1.2146e-02, 3.8346e-06): lin 1 (0.0e+00)
Composition correction applied in 11 block(s)
	 #3 (6.6294e-04, 3.9779e-07): lin 1 (0.0e+00)
Composition correction applied in 11 block(s)
-------------------------------------------------------------------------------------------------------------
 T = 328.023, DT = 1, NI = 3, LI = 3, RES = 3.7e-06 (7.1e-06), CFL=0.691 (ELAPSED 00:00:04, REMAINING 00:00:08 )
-------------------------------------------------------------------------------------------------------------
	 #1 (2.1217e-02, 1.6789e-03): lin 1 (0.0e+00)
Composition correction applied in 11 block(s)
	 #2 (6.1317e-03, 4.5241e-06): lin 1 (0.0e+00)
Composition correction applied in 11 block(s)
	 #3 (1.1156e-04, 5.7623e-06): lin 1 (0.0e+00)
Composition correction applied in 11 block(s)
-------------------------------------------------------------------------------------------------------------
 T = 329.023, DT = 1, NI = 3, LI = 3, RES = 4.7e-08 (7.2e-06), CFL=0.677 (ELAPSED 00:00:04, REMAINING 00:00:08 )
-------------------------------------------------------------------------------------------------------------
	 #1 (2.1233e-02, 1.4025e-03): lin 1 (0.0e+00)
Composition correction applied in 11 block(s)
	 #2 (6.4763e-03, 7.2518e-06): lin 1 (0.0e+00)
Composition correction applied in 11 block(s)
	 #3 (7.3661e-05, 1.0136e-05): lin 1 (0.0e+00)
Composition correction applied in 11 block(s)
-------------------------------------------------------------------------------------------------------------
 T = 330.023, DT = 1, NI = 3, LI = 3, RES = 2.2e-08 (7.2e-06), CFL=0.682 (ELAPSED 00:00:04, REMAINING 00:00:08 )
-------------------------------------------------------------------------------------------------------------
	 #1 (2.2519e-02, 4.4721e-04): lin 1 (0.0e+00)
Composition correction applied in 11 block(s)
	 #2 (1.0506e-02, 3.0593e-06): lin 1 (0.0e+00)
Composition correction applied in 11 block(s)
	 #3 (4.8719e-04, 2.3595e-06): lin 1 (0.0e+00)
Composition correction applied in 11 block(s)
-------------------------------------------------------------------------------------------------------------
 T = 331.023, DT = 1, NI = 3, LI = 3, RES = 1.7e-06 (7.2e-06), CFL=0.688 (ELAPSED 00:00:04, REMAINING 00:00:08 )
-------------------------------------------------------------------------------------------------------------
	 #1 (2.0433e-02, 5.5870e-04): lin 1 (0.0e+00)
Composition correction applied in 12 block(s)
	 #2 (3.6484e-03, 6.1600e-06): lin 1 (0.0e+00)
Composition correction applied in 12 block(s)
	 #3 (6.4335e-05, 7.0183e-06): lin 1 (0.0e+00)
Composition correction applied in 12 block(s)
-------------------------------------------------------------------------------------------------------------
 T = 332.023, DT = 1, NI = 3, LI = 3, RES = 2.0e-08 (7.2e-06), CFL=0.683 (ELAPSED 00:00:04, REMAINING 00:00:08 )
-------------------------------------------------------------------------------------------------------------
	 #1 (2.2656e-02, 2.2843e-03): lin 1 (0.0e+00)
Composition correction applied in 527 block(s)
	 #2 (5.9048e-03, 1.1419e-05): lin 1 (0.0e+00)
Composition correction applied in 12 block(s)
	 #3 (8.6374e-05, 7.1359e-06): lin 1 (0.0e+00)
Composition correction applied in 12 block(s)
-------------------------------------------------------------------------------------------------------------
 T = 333.023, DT = 1, NI = 3, LI = 3, RES = 2.5e-08 (9.9e-06), CFL=0.691 (ELAPSED 00:00:04, REMAINING 00:00:08 )
-------------------------------------------------------------------------------------------------------------
	 #1 (2.2037e-02, 2.4144e-03): lin 1 (0.0e+00)
Composition correction applied in 12 block(s)
	 #2 (8.1775e-03, 1.4091e-05): lin 1 (0.0e+00)
Composition correction applied in 12 block(s)
	 #3 (2.6462e-04, 4.5915e-06): lin 1 (0.0e+00)
Composition correction applied in 12 block(s)
-------------------------------------------------------------------------------------------------------------
 T = 334.023, DT = 1, NI = 3, LI = 3, RES = 3.7e-07 (7.1e-06), CFL=0.685 (ELAPSED 00:00:04, REMAINING 00:00:08 )
-------------------------------------------------------------------------------------------------------------
	 #1 (2.0441e-02, 6.2218e-04): lin 1 (0.0e+00)
Composition correction applied in 12 block(s)
	 #2 (3.8003e-03, 7.1759e-06): lin 1 (0.0e+00)
Composition correction applied in 12 block(s)
	 #3 (4.2477e-05, 9.9278e-06): lin 1 (0.0e+00)
Composition correction applied in 12 block(s)
-------------------------------------------------------------------------------------------------------------
 T = 335.023, DT = 1, NI = 3, LI = 3, RES = 9.4e-09 (7.1e-06), CFL=0.685 (ELAPSED 00:00:04, REMAINING 00:00:08 )
-------------------------------------------------------------------------------------------------------------
	 #1 (2.2548e-02, 1.1018e-03): lin 1 (0.0e+00)
Composition correction applied in 12 block(s)
	 #2 (1.1689e-02, 3.9410e-06): lin 1 (0.0e+00)
Composition correction applied in 12 block(s)
	 #3 (6.1243e-04, 5.9382e-07): lin 1 (0.0e+00)
Composition correction applied in 12 block(s)
-------------------------------------------------------------------------------------------------------------
 T = 336.023, DT = 1, NI = 3, LI = 3, RES = 3.1e-06 (7.0e-06), CFL=0.688 (ELAPSED 00:00:04, REMAINING 00:00:08 )
-------------------------------------------------------------------------------------------------------------
	 #1 (2.0745e-02, 1.0893e-03): lin 1 (0.0e+00)
Composition correction applied in 12 block(s)
	 #2 (5.7228e-03, 1.1968e-05): lin 1 (0.0e+00)
Composition correction applied in 12 block(s)
	 #3 (1.4189e-04, 1.0893e-05): lin 1 (0.0e+00)
Composition correction applied in 12 block(s)
-------------------------------------------------------------------------------------------------------------
 T = 337.023, DT = 1, NI = 3, LI = 3, RES = 2.1e-08 (7.0e-06), CFL=0.679 (ELAPSED 00:00:04, REMAINING 00:00:08 )
-------------------------------------------------------------------------------------------------------------
	 #1 (2.1093e-02, 1.6776e-03): lin 1 (0.0e+00)
Composition correction applied in 12 block(s)
	 #2 (6.1944e-03, 6.9429e-06): lin 1 (0.0e+00)
Composition correction applied in 12 block(s)
	 #3 (7.3154e-05, 6.9436e-06): lin 1 (0.0e+00)
Composition correction applied in 12 block(s)
-------------------------------------------------------------------------------------------------------------
 T = 338.023, DT = 1, NI = 3, LI = 3, RES = 2.2e-08 (7.0e-06), CFL=0.680 (ELAPSED 00:00:04, REMAINING 00:00:08 )
-------------------------------------------------------------------------------------------------------------
	 #1 (2.2091e-02, 7.3164e-04): lin 1 (0.0e+00)
Composition correction applied in 12 block(s)
	 #2 (9.8877e-03, 3.1688e-06): lin 1 (0.0e+00)
Composition correction applied in 12 block(s)
	 #3 (4.2152e-04, 2.6227e-06): lin 1 (0.0e+00)
Composition correction applied in 12 block(s)
-------------------------------------------------------------------------------------------------------------
 T = 339.023, DT = 1, NI = 3, LI = 3, RES = 1.3e-06 (7.0e-06), CFL=0.684 (ELAPSED 00:00:04, REMAINING 00:00:08 )
-------------------------------------------------------------------------------------------------------------
	 #1 (2.0049e-02, 3.6070e-04): lin 1 (0.0e+00)
Composition correction applied in 12 block(s)
	 #2 (3.5830e-03, 6.4614e-06): lin 1 (0.0e+00)
Composition correction applied in 12 block(s)
	 #3 (5.5019e-05, 9.8000e-06): lin 1 (0.0e+00)
Composition correction applied in 12 block(s)
-------------------------------------------------------------------------------------------------------------
 T = 340.023, DT = 1, NI = 3, LI = 3, RES = 1.5e-08 (7.0e-06), CFL=0.675 (ELAPSED 00:00:04, REMAINING 00:00:08 )
-------------------------------------------------------------------------------------------------------------
	 #1 (2.2395e-02, 1.8972e-03): lin 1 (0.0e+00)
Composition correction applied in 12 block(s)
	 #2 (1.3065e-02, 1.2478e-05): lin 1 (0.0e+00)
Composition correction applied in 12 block(s)
	 #3 (7.6194e-04, 5.5443e-07): lin 1 (0.0e+00)
Composition correction applied in 12 block(s)
-------------------------------------------------------------------------------------------------------------
 T = 341.023, DT = 1, NI = 3, LI = 3, RES = 5.3e-06 (6.9e-06), CFL=0.690 (ELAPSED 00:00:04, REMAINING 00:00:08 )
-------------------------------------------------------------------------------------------------------------
	 #1 (2.1435e-02, 2.2613e-03): lin 1 (0.0e+00)
Composition correction applied in 12 block(s)
	 #2 (7.4554e-03, 3.6441e-06): lin 1 (0.0e+00)
Composition correction applied in 12 block(s)
	 #3 (1.5980e-04, 1.1951e-05): lin 1 (0.0e+00)
Composition correction applied in 12 block(s)
-------------------------------------------------------------------------------------------------------------
 T = 342.023, DT = 1, NI = 3, LI = 3, RES = 2.0e-07 (6.9e-06), CFL=0.680 (ELAPSED 00:00:04, REMAINING 00:00:08 )
-------------------------------------------------------------------------------------------------------------
	 #1 (2.0292e-02, 7.3083e-04): lin 1 (0.0e+00)
Composition correction applied in 12 block(s)
	 #2 (3.8181e-03, 9.6154e-06): lin 1 (0.0e+00)
Composition correction applied in 12 block(s)
	 #3 (4.0022e-05, 6.8894e-06): lin 1 (0.0e+00)
Composition correction applied in 12 block(s)
-------------------------------------------------------------------------------------------------------------
 T = 343.023, DT = 1, NI = 3, LI = 3, RES = 7.6e-09 (6.9e-06), CFL=0.677 (ELAPSED 00:00:04, REMAINING 00:00:08 )
-------------------------------------------------------------------------------------------------------------
	 #1 (2.2208e-02, 4.7871e-04): lin 1 (0.0e+00)
Composition correction applied in 12 block(s)
	 #2 (1.1062e-02, 3.8848e-06): lin 1 (0.0e+00)
Composition correction applied in 12 block(s)
	 #3 (5.8034e-04, 1.4987e-05): lin 1 (0.0e+00)
Composition correction applied in 12 block(s)
-------------------------------------------------------------------------------------------------------------
 T = 344.023, DT = 1, NI = 3, LI = 3, RES = 2.5e-06 (9.7e-06), CFL=0.689 (ELAPSED 00:00:04, REMAINING 00:00:08 )
-------------------------------------------------------------------------------------------------------------
	 #1 (2.0325e-02, 1.1748e-03): lin 1 (0.0e+00)
Composition correction applied in 12 block(s)
	 #2 (5.0577e-03, 5.2896e-06): lin 1 (0.0e+00)
Composition correction applied in 12 block(s)
	 #3 (1.1204e-04, 6.3078e-06): lin 1 (0.0e+00)
Composition correction applied in 12 block(s)
-------------------------------------------------------------------------------------------------------------
 T = 345.023, DT = 1, NI = 3, LI = 3, RES = 1.9e-08 (6.9e-06), CFL=0.674 (ELAPSED 00:00:04, REMAINING 00:00:08 )
-------------------------------------------------------------------------------------------------------------
	 #1 (2.1251e-02, 1.5785e-03): lin 1 (0.0e+00)
Composition correction applied in 12 block(s)
	 #2 (6.0266e-03, 6.5645e-06): lin 1 (0.0e+00)
Composition correction applied in 12 block(s)
	 #3 (7.5949e-05, 6.8344e-06): lin 1 (0.0e+00)
Composition correction applied in 12 block(s)
-------------------------------------------------------------------------------------------------------------
 T = 346.023, DT = 1, NI = 3, LI = 3, RES = 2.2e-08 (6.9e-06), CFL=0.685 (ELAPSED 00:00:04, REMAINING 00:00:08 )
-------------------------------------------------------------------------------------------------------------
	 #1 (2.1843e-02, 1.1553e-03): lin 1 (0.0e+00)
Composition correction applied in 12 block(s)
	 #2 (9.3329e-03, 3.5708e-06): lin 1 (0.0e+00)
Composition correction applied in 12 block(s)
	 #3 (3.6674e-04, 1.3368e-05): lin 1 (0.0e+00)
Composition correction applied in 12 block(s)
-------------------------------------------------------------------------------------------------------------
 T = 347.023, DT = 1, NI = 3, LI = 3, RES = 9.4e-07 (6.8e-06), CFL=0.686 (ELAPSED 00:00:04, REMAINING 00:00:08 )
-------------------------------------------------------------------------------------------------------------
	 #1 (1.9883e-02, 7.9394e-05): lin 1 (0.0e+00)
Composition correction applied in 12 block(s)
	 #2 (3.6015e-03, 9.8554e-06): lin 1 (0.0e+00)
Composition correction applied in 12 block(s)
	 #3 (4.9792e-05, 6.7641e-06): lin 1 (0.0e+00)
Composition correction applied in 12 block(s)
-------------------------------------------------------------------------------------------------------------
 T = 348.023, DT = 1, NI = 3, LI = 3, RES = 1.3e-08 (6.8e-06), CFL=0.674 (ELAPSED 00:00:04, REMAINING 00:00:08 )
-------------------------------------------------------------------------------------------------------------
	 #1 (2.2193e-02, 1.6413e-03): lin 1 (0.0e+00)
Composition correction applied in 12 block(s)
	 #2 (1.2587e-02, 1.2349e-05): lin 1 (0.0e+00)
Composition correction applied in 12 block(s)
	 #3 (7.1434e-04, 2.5440e-07): lin 1 (0.0e+00)
Composition correction applied in 12 block(s)
-------------------------------------------------------------------------------------------------------------
 T = 349.023, DT = 1, NI = 3, LI = 3, RES = 4.6e-06 (9.6e-06), CFL=0.691 (ELAPSED 00:00:04, REMAINING 00:00:08 )
-------------------------------------------------------------------------------------------------------------
	 #1 (2.1011e-02, 1.9086e-03): lin 1 (0.0e+00)
Composition correction applied in 12 block(s)
	 #2 (6.9860e-03, 1.2181e-05): lin 1 (0.0e+00)
Composition correction applied in 12 block(s)
	 #3 (1.3530e-04, 1.1144e-05): lin 1 (0.0e+00)
Composition correction applied in 12 block(s)
-------------------------------------------------------------------------------------------------------------
 T = 350.023, DT = 1, NI = 3, LI = 3, RES = 1.2e-07 (9.5e-06), CFL=0.679 (ELAPSED 00:00:04, REMAINING 00:00:08 )
-------------------------------------------------------------------------------------------------------------
	 #1 (2.0212e-02, 8.9274e-04): lin 1 (0.0e+00)
Composition correction applied in 12 block(s)
	 #2 (3.8419e-03, 9.3740e-06): lin 1 (0.0e+00)
Composition correction applied in 12 block(s)
	 #3 (4.0956e-05, 9.4449e-06): lin 1 (0.0e+00)
Composition correction applied in 12 block(s)
-------------------------------------------------------------------------------------------------------------
 T = 351.023, DT = 1, NI = 3, LI = 3, RES = 7.3e-09 (9.4e-06), CFL=0.679 (ELAPSED 00:00:04, REMAINING 00:00:08 )
-------------------------------------------------------------------------------------------------------------
	 #1 (2.1939e-02, 2.3579e-04): lin 1 (0.0e+00)
Composition correction applied in 12 block(s)
	 #2 (1.0645e-02, 3.6617e-06): lin 1 (0.0e+00)
Composition correction applied in 12 block(s)
	 #3 (5.8346e-04, 1.3813e-05): lin 1 (0.0e+00)
Composition correction applied in 12 block(s)
-------------------------------------------------------------------------------------------------------------
 T = 352.023, DT = 1, NI = 3, LI = 3, RES = 2.3e-06 (6.7e-06), CFL=0.689 (ELAPSED 00:00:04, REMAINING 00:00:08 )
-------------------------------------------------------------------------------------------------------------
	 #1 (2.0001e-02, 9.0480e-04): lin 1 (0.0e+00)
Composition correction applied in 12 block(s)
	 #2 (4.6128e-03, 1.0529e-05): lin 1 (0.0e+00)
Composition correction applied in 12 block(s)
	 #3 (9.4998e-05, 9.8931e-06): lin 1 (0.0e+00)
Composition correction applied in 12 block(s)
-------------------------------------------------------------------------------------------------------------
 T = 353.023, DT = 1, NI = 3, LI = 3, RES = 2.1e-08 (9.4e-06), CFL=0.680 (ELAPSED 00:00:04, REMAINING 00:00:08 )
-------------------------------------------------------------------------------------------------------------
	 #1 (2.1249e-02, 1.6448e-03): lin 1 (0.0e+00)
Composition correction applied in 12 block(s)
	 #2 (5.8866e-03, 6.2730e-06): lin 1 (0.0e+00)
Composition correction applied in 12 block(s)
	 #3 (7.7376e-05, 6.7017e-06): lin 1 (0.0e+00)
Composition correction applied in 12 block(s)
-------------------------------------------------------------------------------------------------------------
 T = 354.023, DT = 1, NI = 3, LI = 3, RES = 2.3e-08 (9.3e-06), CFL=0.686 (ELAPSED 00:00:04, REMAINING 00:00:08 )
-------------------------------------------------------------------------------------------------------------
	 #1 (2.1546e-02, 1.3493e-03): lin 1 (0.0e+00)
Composition correction applied in 13 block(s)
	 #2 (8.9058e-03, 1.2344e-05): lin 1 (0.0e+00)
Composition correction applied in 13 block(s)
	 #3 (3.2817e-04, 3.3827e-06): lin 1 (0.0e+00)
Composition correction applied in 13 block(s)
-------------------------------------------------------------------------------------------------------------
 T = 355.023, DT = 1, NI = 3, LI = 3, RES = 7.5e-07 (6.7e-06), CFL=0.685 (ELAPSED 00:00:04, REMAINING 00:00:08 )
-------------------------------------------------------------------------------------------------------------
	 #1 (1.9678e-02, 8.6482e-05): lin 1 (0.0e+00)
Composition correction applied in 13 block(s)
	 #2 (3.5920e-03, 9.3998e-06): lin 1 (0.0e+00)
Composition correction applied in 13 block(s)
	 #3 (4.6308e-05, 9.3434e-06): lin 1 (0.0e+00)
Composition correction applied in 13 block(s)
-------------------------------------------------------------------------------------------------------------
 T = 356.023, DT = 1, NI = 3, LI = 3, RES = 1.2e-08 (6.7e-06), CFL=0.686 (ELAPSED 00:00:04, REMAINING 00:00:08 )
-------------------------------------------------------------------------------------------------------------
	 #1 (2.1936e-02, 1.4200e-03): lin 1 (0.0e+00)
Composition correction applied in 13 block(s)
	 #2 (1.2181e-02, 1.1613e-05): lin 1 (0.0e+00)
Composition correction applied in 13 block(s)
	 #3 (6.7439e-04, 6.8462e-07): lin 1 (0.0e+00)
Composition correction applied in 13 block(s)
-------------------------------------------------------------------------------------------------------------
 T = 357.023, DT = 1, NI = 3, LI = 3, RES = 4.0e-06 (6.6e-06), CFL=0.691 (ELAPSED 00:00:04, REMAINING 00:00:08 )
-------------------------------------------------------------------------------------------------------------
	 #1 (2.0605e-02, 1.6228e-03): lin 1 (0.0e+00)
Composition correction applied in 13 block(s)
	 #2 (6.5417e-03, 1.1777e-05): lin 1 (0.0e+00)
Composition correction applied in 13 block(s)
	 #3 (1.4673e-04, 5.4591e-06): lin 1 (0.0e+00)
Composition correction applied in 13 block(s)
-------------------------------------------------------------------------------------------------------------
 T = 358.023, DT = 1, NI = 3, LI = 3, RES = 1.5e-07 (6.6e-06), CFL=0.682 (ELAPSED 00:00:04, REMAINING 00:00:08 )
-------------------------------------------------------------------------------------------------------------
	 #1 (2.0050e-02, 1.2998e-03): lin 1 (0.0e+00)
Composition correction applied in 13 block(s)
	 #2 (6.3687e-03, 9.1499e-06): lin 1 (0.0e+00)
Composition correction applied in 13 block(s)
	 #3 (6.8451e-05, 9.3556e-06): lin 1 (0.0e+00)
Composition correction applied in 13 block(s)
-------------------------------------------------------------------------------------------------------------
 T = 359.023, DT = 1, NI = 3, LI = 3, RES = 2.1e-08 (9.2e-06), CFL=0.678 (ELAPSED 00:00:04, REMAINING 00:00:08 )
-------------------------------------------------------------------------------------------------------------
	 #1 (2.1551e-02, 1.9427e-04): lin 1 (0.0e+00)
Composition correction applied in 13 block(s)
	 #2 (1.0552e-02, 3.5461e-06): lin 1 (0.0e+00)
Composition correction applied in 13 block(s)
	 #3 (5.1250e-04, 2.3300e-06): lin 1 (0.0e+00)
Composition correction applied in 13 block(s)
-------------------------------------------------------------------------------------------------------------
 T = 360.023, DT = 1, NI = 3, LI = 3, RES = 2.0e-06 (6.5e-06), CFL=0.685 (ELAPSED 00:00:04, REMAINING 00:00:08 )
-------------------------------------------------------------------------------------------------------------
	 #1 (1.9576e-02, 6.5084e-04): lin 1 (0.0e+00)
Composition correction applied in 13 block(s)
	 #2 (3.9765e-03, 5.5914e-06): lin 1 (0.0e+00)
Composition correction applied in 13 block(s)
	 #3 (7.5204e-05, 9.4640e-06): lin 1 (0.0e+00)
Composition correction applied in 13 block(s)
-------------------------------------------------------------------------------------------------------------
 T = 361.023, DT = 1, NI = 3, LI = 3, RES = 2.1e-08 (9.2e-06), CFL=0.677 (ELAPSED 00:00:04, REMAINING 00:00:08 )
-------------------------------------------------------------------------------------------------------------
	 #1 (2.1272e-02, 1.7105e-03): lin 1 (0.0e+00)
Composition correction applied in 13 block(s)
	 #2 (5.6734e-03, 5.7153e-06): lin 1 (0.0e+00)
Composition correction applied in 13 block(s)
	 #3 (7.8527e-05, 9.1305e-06): lin 1 (0.0e+00)
Composition correction applied in 13 block(s)
-------------------------------------------------------------------------------------------------------------
 T = 362.023, DT = 1, NI = 3, LI = 3, RES = 2.2e-08 (6.6e-06), CFL=0.685 (ELAPSED 00:00:04, REMAINING 00:00:08 )
-------------------------------------------------------------------------------------------------------------
	 #1 (2.1134e-02, 1.7187e-03): lin 1 (0.0e+00)
Composition correction applied in 13 block(s)
	 #2 (8.2476e-03, 3.8527e-06): lin 1 (0.0e+00)
Composition correction applied in 13 block(s)
	 #3 (2.6966e-04, 1.1567e-05): lin 1 (0.0e+00)
Composition correction applied in 13 block(s)
-------------------------------------------------------------------------------------------------------------
 T = 363.023, DT = 1, NI = 3, LI = 3, RES = 5.0e-07 (6.5e-06), CFL=0.682 (ELAPSED 00:00:04, REMAINING 00:00:08 )
-------------------------------------------------------------------------------------------------------------
	 #1 (1.9460e-02, 2.2782e-04): lin 1 (0.0e+00)
Composition correction applied in 13 block(s)
	 #2 (3.5809e-03, 6.5414e-06): lin 1 (0.0e+00)
Composition correction applied in 13 block(s)
	 #3 (4.1413e-05, 9.1257e-06): lin 1 (0.0e+00)
Composition correction applied in 13 block(s)
-------------------------------------------------------------------------------------------------------------
 T = 364.023, DT = 1, NI = 3, LI = 3, RES = 9.2e-09 (9.1e-06), CFL=0.674 (ELAPSED 00:00:04, REMAINING 00:00:08 )
-------------------------------------------------------------------------------------------------------------
	 #1 (2.1619e-02, 9.7183e-04): lin 1 (0.0e+00)
Composition correction applied in 13 block(s)
	 #2 (1.1559e-02, 3.8444e-06): lin 1 (0.0e+00)
Composition correction applied in 13 block(s)
	 #3 (6.1300e-04, 1.4486e-05): lin 1 (0.0e+00)
Composition correction applied in 13 block(s)
-------------------------------------------------------------------------------------------------------------
 T = 365.023, DT = 1, NI = 3, LI = 3, RES = 3.2e-06 (9.1e-06), CFL=0.689 (ELAPSED 00:00:04, REMAINING 00:00:08 )
-------------------------------------------------------------------------------------------------------------
	 #1 (2.0079e-02, 1.4339e-03): lin 1 (0.0e+00)
Composition correction applied in 13 block(s)
	 #2 (5.8385e-03, 4.5594e-06): lin 1 (0.0e+00)
Composition correction applied in 13 block(s)
	 #3 (1.0597e-04, 9.9160e-06): lin 1 (0.0e+00)
Composition correction applied in 13 block(s)
-------------------------------------------------------------------------------------------------------------
 T = 366.023, DT = 1, NI = 3, LI = 3, RES = 4.4e-08 (9.0e-06), CFL=0.676 (ELAPSED 00:00:04, REMAINING 00:00:07 )
-------------------------------------------------------------------------------------------------------------
	 #1 (2.0098e-02, 1.0510e-03): lin 1 (0.0e+00)
Composition correction applied in 13 block(s)
	 #2 (6.1336e-03, 8.9868e-06): lin 1 (0.0e+00)
Composition correction applied in 13 block(s)
	 #3 (6.9947e-05, 9.0787e-06): lin 1 (0.0e+00)
Composition correction applied in 13 block(s)
-------------------------------------------------------------------------------------------------------------
 T = 367.023, DT = 1, NI = 3, LI = 3, RES = 2.1e-08 (6.5e-06), CFL=0.681 (ELAPSED 00:00:04, REMAINING 00:00:07 )
-------------------------------------------------------------------------------------------------------------
	 #1 (2.1329e-02, 3.8093e-04): lin 1 (0.0e+00)
Composition correction applied in 13 block(s)
	 #2 (9.9879e-03, 3.5276e-06): lin 1 (0.0e+00)
Composition correction applied in 13 block(s)
	 #3 (4.5306e-04, 1.2865e-05): lin 1 (0.0e+00)
Composition correction applied in 13 block(s)
-------------------------------------------------------------------------------------------------------------
 T = 368.023, DT = 1, NI = 3, LI = 3, RES = 1.5e-06 (6.4e-06), CFL=0.687 (ELAPSED 00:00:04, REMAINING 00:00:07 )
-------------------------------------------------------------------------------------------------------------
	 #1 (1.9354e-02, 4.8096e-04): lin 1 (0.0e+00)
Composition correction applied in 13 block(s)
	 #2 (3.4556e-03, 9.4705e-06): lin 1 (0.0e+00)
Composition correction applied in 13 block(s)
	 #3 (5.9699e-05, 6.2986e-06): lin 1 (0.0e+00)
Composition correction applied in 13 block(s)
-------------------------------------------------------------------------------------------------------------
 T = 369.023, DT = 1, NI = 3, LI = 3, RES = 1.8e-08 (6.4e-06), CFL=0.675 (ELAPSED 00:00:04, REMAINING 00:00:07 )
-------------------------------------------------------------------------------------------------------------
	 #1 (2.1490e-02, 1.8325e-03): lin 1 (0.0e+00)
Composition correction applied in 445 block(s)
	 #2 (5.5904e-03, 1.0041e-05): lin 1 (0.0e+00)
Composition correction applied in 13 block(s)
	 #3 (8.1800e-05, 6.4392e-06): lin 1 (0.0e+00)
Composition correction applied in 13 block(s)
-------------------------------------------------------------------------------------------------------------
 T = 370.023, DT = 1, NI = 3, LI = 3, RES = 2.3e-08 (6.4e-06), CFL=0.690 (ELAPSED 00:00:04, REMAINING 00:00:07 )
-------------------------------------------------------------------------------------------------------------
	 #1 (2.0883e-02, 1.9250e-03): lin 1 (0.0e+00)
Composition correction applied in 13 block(s)
	 #2 (7.7643e-03, 3.5787e-06): lin 1 (0.0e+00)
Composition correction applied in 13 block(s)
	 #3 (2.5164e-04, 4.5861e-06): lin 1 (0.0e+00)
Composition correction applied in 13 block(s)
-------------------------------------------------------------------------------------------------------------
 T = 371.023, DT = 1, NI = 3, LI = 3, RES = 3.8e-07 (6.4e-06), CFL=0.683 (ELAPSED 00:00:04, REMAINING 00:00:07 )
-------------------------------------------------------------------------------------------------------------
	 #1 (1.9387e-02, 4.5202e-04): lin 1 (0.0e+00)
Composition correction applied in 13 block(s)
	 #2 (3.6072e-03, 6.4040e-06): lin 1 (0.0e+00)
Composition correction applied in 13 block(s)
	 #3 (3.9323e-05, 8.9317e-06): lin 1 (0.0e+00)
Composition correction applied in 13 block(s)
-------------------------------------------------------------------------------------------------------------
 T = 372.023, DT = 1, NI = 3, LI = 3, RES = 8.2e-09 (6.4e-06), CFL=0.676 (ELAPSED 00:00:04, REMAINING 00:00:07 )
-------------------------------------------------------------------------------------------------------------
	 #1 (2.1409e-02, 8.1740e-04): lin 1 (0.0e+00)
Composition correction applied in 13 block(s)
	 #2 (1.1145e-02, 1.0872e-05): lin 1 (0.0e+00)
Composition correction applied in 13 block(s)
	 #3 (5.7568e-04, 1.3484e-06): lin 1 (0.0e+00)
Composition correction applied in 13 block(s)
-------------------------------------------------------------------------------------------------------------
 T = 373.023, DT = 1, NI = 3, LI = 3, RES = 2.8e-06 (8.9e-06), CFL=0.690 (ELAPSED 00:00:04, REMAINING 00:00:07 )
-------------------------------------------------------------------------------------------------------------
	 #1 (1.9748e-02, 1.1689e-03): lin 1 (0.0e+00)
Composition correction applied in 13 block(s)
	 #2 (5.5641e-03, 5.0868e-06): lin 1 (0.0e+00)
Composition correction applied in 13 block(s)
	 #3 (1.3848e-04, 5.4707e-06): lin 1 (0.0e+00)
Composition correction applied in 13 block(s)
-------------------------------------------------------------------------------------------------------------
 T = 374.023, DT = 1, NI = 3, LI = 3, RES = 2.3e-08 (8.9e-06), CFL=0.677 (ELAPSED 00:00:04, REMAINING 00:00:07 )
-------------------------------------------------------------------------------------------------------------
	 #1 (2.0076e-02, 1.1638e-03): lin 1 (0.0e+00)
Composition correction applied in 13 block(s)
	 #2 (5.9719e-03, 6.3095e-06): lin 1 (0.0e+00)
Composition correction applied in 13 block(s)
	 #3 (7.0588e-05, 8.8608e-06): lin 1 (0.0e+00)
Composition correction applied in 13 block(s)
-------------------------------------------------------------------------------------------------------------
 T = 375.023, DT = 1, NI = 3, LI = 3, RES = 2.1e-08 (8.8e-06), CFL=0.683 (ELAPSED 00:00:04, REMAINING 00:00:07 )
-------------------------------------------------------------------------------------------------------------
	 #1 (2.1076e-02, 5.4363e-04): lin 1 (0.0e+00)
Composition correction applied in 13 block(s)
	 #2 (9.5867e-03, 3.6623e-06): lin 1 (0.0e+00)
Composition correction applied in 13 block(s)
	 #3 (4.1273e-04, 3.2770e-06): lin 1 (0.0e+00)
Composition correction applied in 13 block(s)
-------------------------------------------------------------------------------------------------------------
 T = 376.023, DT = 1, NI = 3, LI = 3, RES = 1.2e-06 (6.3e-06), CFL=0.687 (ELAPSED 00:00:04, REMAINING 00:00:07 )
-------------------------------------------------------------------------------------------------------------
	 #1 (1.9125e-02, 3.0823e-04): lin 1 (0.0e+00)
Composition correction applied in 13 block(s)
	 #2 (3.4214e-03, 9.2881e-06): lin 1 (0.0e+00)
Composition correction applied in 13 block(s)
	 #3 (5.3516e-05, 6.2257e-06): lin 1 (0.0e+00)
Composition correction applied in 13 block(s)
-------------------------------------------------------------------------------------------------------------
 T = 377.023, DT = 1, NI = 3, LI = 3, RES = 1.5e-08 (8.8e-06), CFL=0.684 (ELAPSED 00:00:04, REMAINING 00:00:07 )
-------------------------------------------------------------------------------------------------------------
	 #1 (2.1348e-02, 1.7007e-03): lin 1 (0.0e+00)
Composition correction applied in 13 block(s)
	 #2 (1.2640e-02, 4.4315e-06): lin 1 (0.0e+00)
Composition correction applied in 13 block(s)
	 #3 (7.5963e-04, 8.5309e-08): lin 1 (0.0e+00)
Composition correction applied in 13 block(s)
-------------------------------------------------------------------------------------------------------------
 T = 378.023, DT = 1, NI = 3, LI = 3, RES = 4.9e-06 (8.8e-06), CFL=0.691 (ELAPSED 00:00:04, REMAINING 00:00:07 )
-------------------------------------------------------------------------------------------------------------
	 #1 (2.0525e-02, 1.8309e-03): lin 1 (0.0e+00)
Composition correction applied in 14 block(s)
	 #2 (7.3776e-03, 3.9106e-06): lin 1 (0.0e+00)
Composition correction applied in 14 block(s)
	 #3 (1.9306e-04, 4.5790e-06): lin 1 (0.0e+00)
Composition correction applied in 14 block(s)
-------------------------------------------------------------------------------------------------------------
 T = 379.023, DT = 1, NI = 3, LI = 3, RES = 2.8e-07 (8.7e-06), CFL=0.686 (ELAPSED 00:00:04, REMAINING 00:00:07 )
-------------------------------------------------------------------------------------------------------------
	 #1 (1.9249e-02, 5.3893e-04): lin 1 (0.0e+00)
Composition correction applied in 14 block(s)
	 #2 (3.6008e-03, 6.3240e-06): lin 1 (0.0e+00)
Composition correction applied in 14 block(s)
	 #3 (5.7654e-05, 6.2384e-06): lin 1 (0.0e+00)
Composition correction applied in 14 block(s)
-------------------------------------------------------------------------------------------------------------
 T = 380.023, DT = 1, NI = 3, LI = 3, RES = 1.2e-07 (6.2e-06), CFL=0.682 (ELAPSED 00:00:04, REMAINING 00:00:07 )
-------------------------------------------------------------------------------------------------------------
	 #1 (2.1110e-02, 8.7533e-04): lin 1 (0.0e+00)
Composition correction applied in 14 block(s)
	 #2 (1.0722e-02, 1.1014e-05): lin 1 (0.0e+00)
Composition correction applied in 14 block(s)
	 #3 (5.4968e-04, 1.3208e-05): lin 1 (0.0e+00)
Composition correction applied in 14 block(s)
-------------------------------------------------------------------------------------------------------------
 T = 381.023, DT = 1, NI = 3, LI = 3, RES = 2.4e-06 (8.7e-06), CFL=0.687 (ELAPSED 00:00:04, REMAINING 00:00:07 )
-------------------------------------------------------------------------------------------------------------
	 #1 (1.9331e-02, 7.8179e-04): lin 1 (0.0e+00)
Composition correction applied in 14 block(s)
	 #2 (5.0161e-03, 9.9399e-06): lin 1 (0.0e+00)
Composition correction applied in 14 block(s)
	 #3 (1.1459e-04, 5.6747e-06): lin 1 (0.0e+00)
Composition correction applied in 14 block(s)
-------------------------------------------------------------------------------------------------------------
 T = 382.023, DT = 1, NI = 3, LI = 3, RES = 1.6e-08 (6.2e-06), CFL=0.678 (ELAPSED 00:00:04, REMAINING 00:00:07 )
-------------------------------------------------------------------------------------------------------------
	 #1 (1.9997e-02, 1.3233e-03): lin 1 (0.0e+00)
Composition correction applied in 14 block(s)
	 #2 (5.7266e-03, 6.0590e-06): lin 1 (0.0e+00)
Composition correction applied in 14 block(s)
	 #3 (7.0071e-05, 8.6776e-06): lin 1 (0.0e+00)
Composition correction applied in 14 block(s)
-------------------------------------------------------------------------------------------------------------
 T = 383.023, DT = 1, NI = 3, LI = 3, RES = 2.0e-08 (6.2e-06), CFL=0.682 (ELAPSED 00:00:04, REMAINING 00:00:07 )
-------------------------------------------------------------------------------------------------------------
	 #1 (2.0703e-02, 7.9173e-04): lin 1 (0.0e+00)
Composition correction applied in 14 block(s)
	 #2 (9.0136e-03, 1.1279e-05): lin 1 (0.0e+00)
Composition correction applied in 14 block(s)
	 #3 (3.5620e-04, 1.1603e-05): lin 1 (0.0e+00)
Composition correction applied in 14 block(s)
-------------------------------------------------------------------------------------------------------------
 T = 384.023, DT = 1, NI = 3, LI = 3, RES = 9.1e-07 (8.6e-06), CFL=0.684 (ELAPSED 00:00:04, REMAINING 00:00:07 )
-------------------------------------------------------------------------------------------------------------
	 #1 (1.8825e-02, 1.9750e-04): lin 1 (0.0e+00)
Composition correction applied in 14 block(s)
	 #2 (3.3878e-03, 5.9996e-06): lin 1 (0.0e+00)
Composition correction applied in 14 block(s)
	 #3 (4.7294e-05, 6.1123e-06): lin 1 (0.0e+00)
Composition correction applied in 14 block(s)
-------------------------------------------------------------------------------------------------------------
 T = 385.023, DT = 1, NI = 3, LI = 3, RES = 1.2e-08 (8.6e-06), CFL=0.675 (ELAPSED 00:00:04, REMAINING 00:00:07 )
-------------------------------------------------------------------------------------------------------------
	 #1 (2.1049e-02, 1.3265e-03): lin 1 (0.0e+00)
Composition correction applied in 14 block(s)
	 #2 (1.2059e-02, 1.0241e-05): lin 1 (0.0e+00)
Composition correction applied in 14 block(s)
	 #3 (6.9836e-04, 1.0643e-06): lin 1 (0.0e+00)
Composition correction applied in 14 block(s)
-------------------------------------------------------------------------------------------------------------
 T = 386.023, DT = 1, NI = 3, LI = 3, RES = 4.1e-06 (8.6e-06), CFL=0.689 (ELAPSED 00:00:04, REMAINING 00:00:07 )
-------------------------------------------------------------------------------------------------------------
	 #1 (1.9973e-02, 1.6344e-03): lin 1 (0.0e+00)
Composition correction applied in 14 block(s)
	 #2 (6.7218e-03, 1.0498e-05): lin 1 (0.0e+00)
Composition correction applied in 14 block(s)
	 #3 (1.3136e-04, 1.0036e-05): lin 1 (0.0e+00)
Composition correction applied in 14 block(s)
-------------------------------------------------------------------------------------------------------------
 T = 387.023, DT = 1, NI = 3, LI = 3, RES = 1.4e-07 (6.1e-06), CFL=0.679 (ELAPSED 00:00:04, REMAINING 00:00:07 )
-------------------------------------------------------------------------------------------------------------
	 #1 (1.9161e-02, 6.4348e-04): lin 1 (0.0e+00)
Composition correction applied in 14 block(s)
	 #2 (3.6272e-03, 6.1404e-06): lin 1 (0.0e+00)
Composition correction applied in 14 block(s)
	 #3 (3.7423e-05, 6.0998e-06): lin 1 (0.0e+00)
Composition correction applied in 14 block(s)
-------------------------------------------------------------------------------------------------------------
 T = 388.023, DT = 1, NI = 3, LI = 3, RES = 6.7e-09 (6.1e-06), CFL=0.678 (ELAPSED 00:00:04, REMAINING 00:00:07 )
-------------------------------------------------------------------------------------------------------------
	 #1 (2.0844e-02, 2.1137e-04): lin 1 (0.0e+00)
Composition correction applied in 14 block(s)
	 #2 (1.0181e-02, 1.0590e-05): lin 1 (0.0e+00)
Composition correction applied in 14 block(s)
	 #3 (5.5388e-04, 2.5505e-06): lin 1 (0.0e+00)
Composition correction applied in 14 block(s)
-------------------------------------------------------------------------------------------------------------
 T = 389.023, DT = 1, NI = 3, LI = 3, RES = 2.2e-06 (8.6e-06), CFL=0.688 (ELAPSED 00:00:04, REMAINING 00:00:07 )
-------------------------------------------------------------------------------------------------------------
	 #1 (1.9012e-02, 8.0609e-04): lin 1 (0.0e+00)
Composition correction applied in 14 block(s)
	 #2 (4.4361e-03, 5.1706e-06): lin 1 (0.0e+00)
Composition correction applied in 14 block(s)
	 #3 (9.1235e-05, 5.6630e-06): lin 1 (0.0e+00)
Composition correction applied in 14 block(s)
-------------------------------------------------------------------------------------------------------------
 T = 390.023, DT = 1, NI = 3, LI = 3, RES = 1.9e-08 (8.5e-06), CFL=0.674 (ELAPSED 00:00:04, REMAINING 00:00:07 )
-------------------------------------------------------------------------------------------------------------
	 #1 (2.0179e-02, 1.3002e-03): lin 1 (0.0e+00)
Composition correction applied in 14 block(s)
	 #2 (5.5988e-03, 8.8010e-06): lin 1 (0.0e+00)
Composition correction applied in 14 block(s)
	 #3 (7.3102e-05, 8.4712e-06): lin 1 (0.0e+00)
Composition correction applied in 14 block(s)
-------------------------------------------------------------------------------------------------------------
 T = 391.023, DT = 1, NI = 3, LI = 3, RES = 2.1e-08 (6.1e-06), CFL=0.686 (ELAPSED 00:00:04, REMAINING 00:00:07 )
-------------------------------------------------------------------------------------------------------------
	 #1 (2.0488e-02, 1.0597e-03): lin 1 (0.0e+00)
Composition correction applied in 14 block(s)
	 #2 (8.5240e-03, 3.8557e-06): lin 1 (0.0e+00)
Composition correction applied in 14 block(s)
	 #3 (3.1097e-04, 3.5576e-06): lin 1 (0.0e+00)
Composition correction applied in 14 block(s)
-------------------------------------------------------------------------------------------------------------
 T = 392.023, DT = 1, NI = 3, LI = 3, RES = 6.9e-07 (8.5e-06), CFL=0.685 (ELAPSED 00:00:04, REMAINING 00:00:07 )
-------------------------------------------------------------------------------------------------------------
	 #1 (1.8710e-02, 1.1460e-05): lin 1 (0.0e+00)
Composition correction applied in 14 block(s)
	 #2 (3.4090e-03, 8.4986e-06): lin 1 (0.0e+00)
Composition correction applied in 14 block(s)
	 #3 (4.3318e-05, 8.4919e-06): lin 1 (0.0e+00)
Composition correction applied in 14 block(s)
-------------------------------------------------------------------------------------------------------------
 T = 393.023, DT = 1, NI = 3, LI = 3, RES = 1.1e-08 (6.0e-06), CFL=0.674 (ELAPSED 00:00:05, REMAINING 00:00:07 )
-------------------------------------------------------------------------------------------------------------
	 #1 (2.0876e-02, 1.1634e-03): lin 1 (0.0e+00)
Composition correction applied in 14 block(s)
	 #2 (1.1641e-02, 4.0094e-06): lin 1 (0.0e+00)
Composition correction applied in 14 block(s)
	 #3 (6.5946e-04, 1.4087e-06): lin 1 (0.0e+00)
Composition correction applied in 14 block(s)
-------------------------------------------------------------------------------------------------------------
 T = 394.023, DT = 1, NI = 3, LI = 3, RES = 3.6e-06 (8.5e-06), CFL=0.691 (ELAPSED 00:00:05, REMAINING 00:00:07 )
-------------------------------------------------------------------------------------------------------------
	 #1 (1.9620e-02, 1.3653e-03): lin 1 (0.0e+00)
Composition correction applied in 14 block(s)
	 #2 (6.3013e-03, 1.0145e-05): lin 1 (0.0e+00)
Composition correction applied in 14 block(s)
	 #3 (1.4072e-04, 4.9657e-06): lin 1 (0.0e+00)
Composition correction applied in 14 block(s)
-------------------------------------------------------------------------------------------------------------
 T = 395.023, DT = 1, NI = 3, LI = 3, RES = 6.5e-06 (8.4e-06), CFL=0.678 (ELAPSED 00:00:05, REMAINING 00:00:07 )
-------------------------------------------------------------------------------------------------------------
	 #1 (1.9122e-02, 7.5808e-04): lin 1 (0.0e+00)
Composition correction applied in 14 block(s)
	 #2 (6.1437e-03, 8.2766e-06): lin 1 (0.0e+00)
Composition correction applied in 14 block(s)
	 #3 (6.6539e-05, 5.8677e-06): lin 1 (0.0e+00)
Composition correction applied in 14 block(s)
-------------------------------------------------------------------------------------------------------------
 T = 396.023, DT = 1, NI = 3, LI = 3, RES = 2.1e-08 (6.0e-06), CFL=0.680 (ELAPSED 00:00:05, REMAINING 00:00:07 )
-------------------------------------------------------------------------------------------------------------
	 #1 (2.0611e-02, 5.7239e-05): lin 1 (0.0e+00)
Composition correction applied in 14 block(s)
	 #2 (1.0211e-02, 3.5025e-06): lin 1 (0.0e+00)
Composition correction applied in 14 block(s)
	 #3 (4.9719e-04, 2.5223e-06): lin 1 (0.0e+00)
Composition correction applied in 14 block(s)
-------------------------------------------------------------------------------------------------------------
 T = 397.023, DT = 1, NI = 3, LI = 3, RES = 1.9e-06 (8.4e-06), CFL=0.688 (ELAPSED 00:00:05, REMAINING 00:00:07 )
-------------------------------------------------------------------------------------------------------------
	 #1 (1.8751e-02, 6.1878e-04): lin 1 (0.0e+00)
Composition correction applied in 14 block(s)
	 #2 (4.0437e-03, 5.3229e-06): lin 1 (0.0e+00)
Composition correction applied in 14 block(s)
	 #3 (7.7687e-05, 5.6773e-06): lin 1 (0.0e+00)
Composition correction applied in 14 block(s)
-------------------------------------------------------------------------------------------------------------
 T = 398.023, DT = 1, NI = 3, LI = 3, RES = 1.9e-08 (8.3e-06), CFL=0.682 (ELAPSED 00:00:05, REMAINING 00:00:07 )
-------------------------------------------------------------------------------------------------------------
	 #1 (2.0206e-02, 1.3613e-03): lin 1 (0.0e+00)
Composition correction applied in 15 block(s)
	 #2 (5.4852e-03, 5.4500e-06): lin 1 (0.0e+00)
Composition correction applied in 15 block(s)
	 #3 (7.4406e-05, 8.2917e-06): lin 1 (0.0e+00)
Composition correction applied in 15 block(s)
-------------------------------------------------------------------------------------------------------------
 T = 399.023, DT = 1, NI = 3, LI = 3, RES = 2.1e-08 (6.0e-06), CFL=0.687 (ELAPSED 00:00:05, REMAINING 00:00:07 )
-------------------------------------------------------------------------------------------------------------
	 #1 (2.0233e-02, 1.1836e-03): lin 1 (0.0e+00)
Composition correction applied in 15 block(s)
	 #2 (8.1465e-03, 3.9198e-06): lin 1 (0.0e+00)
Composition correction applied in 15 block(s)
	 #3 (2.7842e-04, 4.0353e-06): lin 1 (0.0e+00)
Composition correction applied in 15 block(s)
-------------------------------------------------------------------------------------------------------------
 T = 400.023, DT = 1, NI = 3, LI = 3, RES = 5.5e-07 (5.9e-06), CFL=0.685 (ELAPSED 00:00:05, REMAINING 00:00:07 )
-------------------------------------------------------------------------------------------------------------
	 #1 (1.8556e-02, 1.3651e-04): lin 1 (0.0e+00)
Composition correction applied in 15 block(s)
	 #2 (3.4020e-03, 5.8098e-06): lin 1 (0.0e+00)
Composition correction applied in 15 block(s)
	 #3 (4.0497e-05, 8.3140e-06): lin 1 (0.0e+00)
Composition correction applied in 15 block(s)
-------------------------------------------------------------------------------------------------------------
 T = 401.023, DT = 1, NI = 3, LI = 3, RES = 2.3e-08 (5.9e-06), CFL=0.688 (ELAPSED 00:00:05, REMAINING 00:00:07 )
-------------------------------------------------------------------------------------------------------------
	 #1 (2.0660e-02, 9.9905e-04): lin 1 (0.0e+00)
Composition correction applied in 15 block(s)
	 #2 (1.1288e-02, 4.0274e-06): lin 1 (0.0e+00)
Composition correction applied in 15 block(s)
	 #3 (6.3071e-04, 2.1767e-06): lin 1 (0.0e+00)
Composition correction applied in 15 block(s)
-------------------------------------------------------------------------------------------------------------
 T = 402.023, DT = 1, NI = 3, LI = 3, RES = 3.1e-06 (5.8e-06), CFL=0.689 (ELAPSED 00:00:05, REMAINING 00:00:07 )
-------------------------------------------------------------------------------------------------------------
	 #1 (1.9248e-02, 9.7397e-04): lin 1 (0.0e+00)
Composition correction applied in 15 block(s)
	 #2 (5.8562e-03, 4.1972e-06): lin 1 (0.0e+00)
Composition correction applied in 15 block(s)
	 #3 (1.1714e-04, 5.0368e-06): lin 1 (0.0e+00)
Composition correction applied in 15 block(s)
-------------------------------------------------------------------------------------------------------------
 T = 403.023, DT = 1, NI = 3, LI = 3, RES = 5.5e-08 (5.9e-06), CFL=0.680 (ELAPSED 00:00:05, REMAINING 00:00:07 )
-------------------------------------------------------------------------------------------------------------
	 #1 (1.8986e-02, 1.0490e-03): lin 1 (0.0e+00)
Composition correction applied in 15 block(s)
	 #2 (5.8944e-03, 5.9363e-06): lin 1 (0.0e+00)
Composition correction applied in 15 block(s)
	 #3 (6.5152e-05, 5.7939e-06): lin 1 (0.0e+00)
Composition correction applied in 15 block(s)
-------------------------------------------------------------------------------------------------------------
 T = 404.023, DT = 1, NI = 3, LI = 3, RES = 1.9e-08 (8.2e-06), CFL=0.678 (ELAPSED 00:00:05, REMAINING 00:00:07 )
-------------------------------------------------------------------------------------------------------------
	 #1 (2.0278e-02, 5.9303e-05): lin 1 (0.0e+00)
Composition correction applied in 15 block(s)
	 #2 (9.7154e-03, 1.0403e-05): lin 1 (0.0e+00)
Composition correction applied in 15 block(s)
	 #3 (4.4451e-04, 2.8996e-06): lin 1 (0.0e+00)
Composition correction applied in 15 block(s)
-------------------------------------------------------------------------------------------------------------
 T = 405.023, DT = 1, NI = 3, LI = 3, RES = 1.5e-06 (8.2e-06), CFL=0.685 (ELAPSED 00:00:05, REMAINING 00:00:07 )
-------------------------------------------------------------------------------------------------------------
	 #1 (1.8401e-02, 4.7541e-04): lin 1 (0.0e+00)
Composition correction applied in 15 block(s)
	 #2 (3.4529e-03, 5.3903e-06): lin 1 (0.0e+00)
Composition correction applied in 15 block(s)
	 #3 (6.0823e-05, 5.7541e-06): lin 1 (0.0e+00)
Composition correction applied in 15 block(s)
-------------------------------------------------------------------------------------------------------------
 T = 406.023, DT = 1, NI = 3, LI = 3, RES = 1.8e-08 (5.8e-06), CFL=0.677 (ELAPSED 00:00:05, REMAINING 00:00:07 )
-------------------------------------------------------------------------------------------------------------
	 #1 (2.0286e-02, 1.4205e-03): lin 1 (0.0e+00)
Composition correction applied in 15 block(s)
	 #2 (5.3092e-03, 5.1146e-06): lin 1 (0.0e+00)
Composition correction applied in 15 block(s)
	 #3 (7.5640e-05, 5.8509e-06): lin 1 (0.0e+00)
Composition correction applied in 15 block(s)
-------------------------------------------------------------------------------------------------------------
 T = 407.023, DT = 1, NI = 3, LI = 3, RES = 2.1e-08 (5.8e-06), CFL=0.687 (ELAPSED 00:00:05, REMAINING 00:00:07 )
-------------------------------------------------------------------------------------------------------------
	 #1 (1.9877e-02, 1.5008e-03): lin 1 (0.0e+00)
Composition correction applied in 15 block(s)
	 #2 (7.5320e-03, 3.7334e-06): lin 1 (0.0e+00)
Composition correction applied in 15 block(s)
	 #3 (2.2786e-04, 9.5947e-06): lin 1 (0.0e+00)
Composition correction applied in 15 block(s)
-------------------------------------------------------------------------------------------------------------
 T = 408.023, DT = 1, NI = 3, LI = 3, RES = 3.6e-07 (8.1e-06), CFL=0.682 (ELAPSED 00:00:05, REMAINING 00:00:07 )
-------------------------------------------------------------------------------------------------------------
	 #1 (1.8406e-02, 2.3933e-04): lin 1 (0.0e+00)
Composition correction applied in 15 block(s)
	 #2 (3.4072e-03, 5.8522e-06): lin 1 (0.0e+00)
Composition correction applied in 15 block(s)
	 #3 (3.7239e-05, 5.7642e-06): lin 1 (0.0e+00)
Composition correction applied in 15 block(s)
-------------------------------------------------------------------------------------------------------------
 T = 409.023, DT = 1, NI = 3, LI = 3, RES = 7.8e-09 (8.1e-06), CFL=0.675 (ELAPSED 00:00:05, REMAINING 00:00:07 )
-------------------------------------------------------------------------------------------------------------
	 #1 (2.0386e-02, 6.6135e-04): lin 1 (0.0e+00)
Composition correction applied in 15 block(s)
	 #2 (1.0719e-02, 9.7262e-06): lin 1 (0.0e+00)
Composition correction applied in 15 block(s)
	 #3 (5.6673e-04, 2.2936e-06): lin 1 (0.0e+00)
Composition correction applied in 15 block(s)
-------------------------------------------------------------------------------------------------------------
 T = 410.023, DT = 1, NI = 3, LI = 3, RES = 2.6e-06 (5.7e-06), CFL=0.689 (ELAPSED 00:00:05, REMAINING 00:00:07 )
-------------------------------------------------------------------------------------------------------------
	 #1 (1.8836e-02, 1.0161e-03): lin 1 (0.0e+00)
Composition correction applied in 15 block(s)
	 #2 (5.3946e-03, 4.6986e-06): lin 1 (0.0e+00)
Composition correction applied in 15 block(s)
	 #3 (1.3545e-04, 5.1125e-06): lin 1 (0.0e+00)
Composition correction applied in 15 block(s)
-------------------------------------------------------------------------------------------------------------
 T = 411.023, DT = 1, NI = 3, LI = 3, RES = 2.5e-08 (8.1e-06), CFL=0.675 (ELAPSED 00:00:05, REMAINING 00:00:07 )
-------------------------------------------------------------------------------------------------------------
	 #1 (1.9090e-02, 8.8748e-04): lin 1 (0.0e+00)
Composition correction applied in 15 block(s)
	 #2 (5.7117e-03, 8.0411e-06): lin 1 (0.0e+00)
Composition correction applied in 15 block(s)
	 #3 (6.7172e-05, 5.7238e-06): lin 1 (0.0e+00)
Composition correction applied in 15 block(s)
-------------------------------------------------------------------------------------------------------------
 T = 412.023, DT = 1, NI = 3, LI = 3, RES = 2.0e-08 (8.0e-06), CFL=0.682 (ELAPSED 00:00:05, REMAINING 00:00:07 )
-------------------------------------------------------------------------------------------------------------
	 #1 (2.0097e-02, 4.2217e-04): lin 1 (0.0e+00)
Composition correction applied in 15 block(s)
	 #2 (9.2237e-03, 3.9224e-06): lin 1 (0.0e+00)
Composition correction applied in 15 block(s)
	 #3 (3.9530e-04, 1.0541e-05): lin 1 (0.0e+00)
Composition correction applied in 15 block(s)
-------------------------------------------------------------------------------------------------------------
 T = 413.023, DT = 1, NI = 3, LI = 3, RES = 1.2e-06 (8.0e-06), CFL=0.687 (ELAPSED 00:00:05, REMAINING 00:00:07 )
-------------------------------------------------------------------------------------------------------------
	 #1 (1.8235e-02, 3.1042e-04): lin 1 (0.0e+00)
Composition correction applied in 15 block(s)
	 #2 (3.2561e-03, 8.2823e-06): lin 1 (0.0e+00)
Composition correction applied in 15 block(s)
	 #3 (5.0796e-05, 5.6828e-06): lin 1 (0.0e+00)
Composition correction applied in 15 block(s)
-------------------------------------------------------------------------------------------------------------
 T = 414.023, DT = 1, NI = 3, LI = 3, RES = 1.4e-08 (5.7e-06), CFL=0.675 (ELAPSED 00:00:05, REMAINING 00:00:07 )
-------------------------------------------------------------------------------------------------------------
	 #1 (2.0369e-02, 1.4198e-03): lin 1 (0.0e+00)
Composition correction applied in 15 block(s)
	 #2 (1.2129e-02, 9.4163e-06): lin 1 (0.0e+00)
Composition correction applied in 15 block(s)
	 #3 (7.7091e-04, 1.2732e-05): lin 1 (0.0e+00)
Composition correction applied in 15 block(s)
-------------------------------------------------------------------------------------------------------------
 T = 415.023, DT = 1, NI = 3, LI = 3, RES = 4.5e-06 (5.7e-06), CFL=0.691 (ELAPSED 00:00:05, REMAINING 00:00:07 )
-------------------------------------------------------------------------------------------------------------
	 #1 (1.9609e-02, 1.5011e-03): lin 1 (0.0e+00)
Composition correction applied in 15 block(s)
	 #2 (7.1140e-03, 3.7771e-06): lin 1 (0.0e+00)
Composition correction applied in 15 block(s)
	 #3 (2.0255e-04, 4.2897e-06): lin 1 (0.0e+00)
Composition correction applied in 15 block(s)
-------------------------------------------------------------------------------------------------------------
 T = 416.023, DT = 1, NI = 3, LI = 3, RES = 3.1e-07 (5.7e-06), CFL=0.682 (ELAPSED 00:00:05, REMAINING 00:00:07 )
-------------------------------------------------------------------------------------------------------------
	 #1 (1.8351e-02, 4.1092e-04): lin 1 (0.0e+00)
Composition correction applied in 15 block(s)
	 #2 (3.4296e-03, 5.7009e-06): lin 1 (0.0e+00)
Composition correction applied in 15 block(s)
	 #3 (3.5909e-05, 7.9615e-06): lin 1 (0.0e+00)
Composition correction applied in 15 block(s)
-------------------------------------------------------------------------------------------------------------
 T = 417.023, DT = 1, NI = 3, LI = 3, RES = 7.0e-09 (5.7e-06), CFL=0.677 (ELAPSED 00:00:05, REMAINING 00:00:07 )
-------------------------------------------------------------------------------------------------------------
	 #1 (2.0199e-02, 5.3753e-04): lin 1 (0.0e+00)
Composition correction applied in 15 block(s)
	 #2 (1.0359e-02, 4.0411e-06): lin 1 (0.0e+00)
Composition correction applied in 15 block(s)
	 #3 (5.3544e-04, 2.1209e-06): lin 1 (0.0e+00)
Composition correction applied in 15 block(s)
-------------------------------------------------------------------------------------------------------------
 T = 418.023, DT = 1, NI = 3, LI = 3, RES = 2.3e-06 (5.6e-06), CFL=0.690 (ELAPSED 00:00:05, REMAINING 00:00:07 )
-------------------------------------------------------------------------------------------------------------
	 #1 (1.8558e-02, 8.2346e-04): lin 1 (0.0e+00)
Composition correction applied in 15 block(s)
	 #2 (5.0092e-03, 4.7748e-06): lin 1 (0.0e+00)
Composition correction applied in 15 block(s)
	 #3 (1.1714e-04, 8.3628e-06): lin 1 (0.0e+00)
Composition correction applied in 15 block(s)
-------------------------------------------------------------------------------------------------------------
 T = 419.023, DT = 1, NI = 3, LI = 3, RES = 1.6e-08 (5.7e-06), CFL=0.679 (ELAPSED 00:00:05, REMAINING 00:00:07 )
-------------------------------------------------------------------------------------------------------------
	 #1 (1.9090e-02, 9.8641e-04): lin 1 (0.0e+00)
Composition correction applied in 15 block(s)
	 #2 (5.5765e-03, 5.5936e-06): lin 1 (0.0e+00)
Composition correction applied in 15 block(s)
	 #3 (6.8037e-05, 5.6107e-06): lin 1 (0.0e+00)
Composition correction applied in 15 block(s)
-------------------------------------------------------------------------------------------------------------
 T = 420.023, DT = 1, NI = 3, LI = 3, RES = 2.0e-08 (7.9e-06), CFL=0.684 (ELAPSED 00:00:05, REMAINING 00:00:07 )
-------------------------------------------------------------------------------------------------------------
	 #1 (1.9877e-02, 5.4168e-04): lin 1 (0.0e+00)
Composition correction applied in 15 block(s)
	 #2 (8.8654e-03, 9.8462e-06): lin 1 (0.0e+00)
Composition correction applied in 15 block(s)
	 #3 (3.6091e-04, 3.5145e-06): lin 1 (0.0e+00)
Composition correction applied in 15 block(s)
-------------------------------------------------------------------------------------------------------------
 T = 421.023, DT = 1, NI = 3, LI = 3, RES = 9.7e-07 (5.6e-06), CFL=0.687 (ELAPSED 00:00:05, REMAINING 00:00:07 )
-------------------------------------------------------------------------------------------------------------
	 #1 (1.8050e-02, 1.6556e-04): lin 1 (0.0e+00)
Composition correction applied in 15 block(s)
	 #2 (3.2449e-03, 5.3382e-06): lin 1 (0.0e+00)
Composition correction applied in 15 block(s)
	 #3 (4.7138e-05, 7.9167e-06): lin 1 (0.0e+00)
Composition correction applied in 15 block(s)
-------------------------------------------------------------------------------------------------------------
 T = 422.023, DT = 1, NI = 3, LI = 3, RES = 1.3e-08 (7.8e-06), CFL=0.686 (ELAPSED 00:00:05, REMAINING 00:00:07 )
-------------------------------------------------------------------------------------------------------------
	 #1 (2.0177e-02, 1.2483e-03): lin 1 (0.0e+00)
Composition correction applied in 16 block(s)
	 #2 (1.1787e-02, 3.9821e-06): lin 1 (0.0e+00)
Composition correction applied in 16 block(s)
	 #3 (7.3983e-04, 1.7020e-06): lin 1 (0.0e+00)
Composition correction applied in 16 block(s)
-------------------------------------------------------------------------------------------------------------
 T = 423.023, DT = 1, NI = 3, LI = 3, RES = 4.1e-06 (5.5e-06), CFL=0.691 (ELAPSED 00:00:05, REMAINING 00:00:07 )
-------------------------------------------------------------------------------------------------------------
	 #1 (1.9272e-02, 1.3438e-03): lin 1 (0.0e+00)
Composition correction applied in 16 block(s)
	 #2 (6.7830e-03, 3.9182e-06): lin 1 (0.0e+00)
Composition correction applied in 16 block(s)
	 #3 (2.1544e-04, 4.6277e-06): lin 1 (0.0e+00)
Composition correction applied in 16 block(s)
-------------------------------------------------------------------------------------------------------------
 T = 424.023, DT = 1, NI = 3, LI = 3, RES = 8.3e-07 (5.6e-06), CFL=0.683 (ELAPSED 00:00:05, REMAINING 00:00:07 )
-------------------------------------------------------------------------------------------------------------
	 #1 (1.8218e-02, 6.5710e-04): lin 1 (0.0e+00)
Composition correction applied in 16 block(s)
	 #2 (3.4017e-03, 5.6475e-06): lin 1 (0.0e+00)
Composition correction applied in 16 block(s)
	 #3 (3.5066e-05, 7.7978e-06): lin 1 (0.0e+00)
Composition correction applied in 16 block(s)
-------------------------------------------------------------------------------------------------------------
 T = 425.023, DT = 1, NI = 3, LI = 3, RES = 6.5e-09 (7.8e-06), CFL=0.680 (ELAPSED 00:00:05, REMAINING 00:00:07 )
-------------------------------------------------------------------------------------------------------------
	 #1 (1.9907e-02, 5.7216e-04): lin 1 (0.0e+00)
Composition correction applied in 16 block(s)
	 #2 (9.9522e-03, 3.8451e-06): lin 1 (0.0e+00)
Composition correction applied in 16 block(s)
	 #3 (5.2118e-04, 1.0518e-05): lin 1 (0.0e+00)
Composition correction applied in 16 block(s)
-------------------------------------------------------------------------------------------------------------
 T = 426.023, DT = 1, NI = 3, LI = 3, RES = 2.1e-06 (7.8e-06), CFL=0.687 (ELAPSED 00:00:05, REMAINING 00:00:07 )
-------------------------------------------------------------------------------------------------------------
	 #1 (1.8183e-02, 6.2656e-04): lin 1 (0.0e+00)
Composition correction applied in 16 block(s)
	 #2 (4.4788e-03, 8.5132e-06): lin 1 (0.0e+00)
Composition correction applied in 16 block(s)
	 #3 (9.5844e-05, 5.1833e-06): lin 1 (0.0e+00)
Composition correction applied in 16 block(s)
-------------------------------------------------------------------------------------------------------------
 T = 427.023, DT = 1, NI = 3, LI = 3, RES = 1.5e-08 (5.6e-06), CFL=0.677 (ELAPSED 00:00:05, REMAINING 00:00:07 )
-------------------------------------------------------------------------------------------------------------
	 #1 (1.9066e-02, 1.0479e-03): lin 1 (0.0e+00)
Composition correction applied in 16 block(s)
	 #2 (5.3609e-03, 7.8921e-06): lin 1 (0.0e+00)
Composition correction applied in 16 block(s)
	 #3 (6.7715e-05, 7.7376e-06): lin 1 (0.0e+00)
Composition correction applied in 16 block(s)
-------------------------------------------------------------------------------------------------------------
 T = 428.023, DT = 1, NI = 3, LI = 3, RES = 1.9e-08 (7.7e-06), CFL=0.683 (ELAPSED 00:00:05, REMAINING 00:00:07 )
-------------------------------------------------------------------------------------------------------------
	 #1 (1.9550e-02, 7.7844e-04): lin 1 (0.0e+00)
Composition correction applied in 16 block(s)
	 #2 (8.3247e-03, 3.8626e-06): lin 1 (0.0e+00)
Composition correction applied in 16 block(s)
	 #3 (3.1025e-04, 9.7030e-06): lin 1 (0.0e+00)
Composition correction applied in 16 block(s)
-------------------------------------------------------------------------------------------------------------
 T = 429.023, DT = 1, NI = 3, LI = 3, RES = 7.1e-07 (5.5e-06), CFL=0.684 (ELAPSED 00:00:05, REMAINING 00:00:07 )
-------------------------------------------------------------------------------------------------------------
	 #1 (1.7817e-02, 8.9155e-05): lin 1 (0.0e+00)
Composition correction applied in 16 block(s)
	 #2 (3.2231e-03, 7.8699e-06): lin 1 (0.0e+00)
Composition correction applied in 16 block(s)
	 #3 (4.1853e-05, 5.4794e-06): lin 1 (0.0e+00)
Composition correction applied in 16 block(s)
-------------------------------------------------------------------------------------------------------------
 T = 430.023, DT = 1, NI = 3, LI = 3, RES = 1.0e-08 (5.5e-06), CFL=0.675 (ELAPSED 00:00:05, REMAINING 00:00:07 )
-------------------------------------------------------------------------------------------------------------
	 #1 (1.9920e-02, 9.8659e-04): lin 1 (0.0e+00)
Composition correction applied in 16 block(s)
	 #2 (1.1253e-02, 3.9030e-06): lin 1 (0.0e+00)
Composition correction applied in 16 block(s)
	 #3 (6.7893e-04, 1.9173e-06): lin 1 (0.0e+00)
Composition correction applied in 16 block(s)
-------------------------------------------------------------------------------------------------------------
 T = 431.023, DT = 1, NI = 3, LI = 3, RES = 3.5e-06 (5.5e-06), CFL=0.689 (ELAPSED 00:00:05, REMAINING 00:00:07 )
-------------------------------------------------------------------------------------------------------------
	 #1 (1.8788e-02, 1.1969e-03): lin 1 (0.0e+00)
Composition correction applied in 16 block(s)
	 #2 (6.1560e-03, 9.0424e-06): lin 1 (0.0e+00)
Composition correction applied in 16 block(s)
	 #3 (1.2426e-04, 8.4443e-06): lin 1 (0.0e+00)
Composition correction applied in 16 block(s)
-------------------------------------------------------------------------------------------------------------
 T = 432.023, DT = 1, NI = 3, LI = 3, RES = 1.0e-07 (7.7e-06), CFL=0.678 (ELAPSED 00:00:05, REMAINING 00:00:07 )
-------------------------------------------------------------------------------------------------------------
	 #1 (1.8209e-02, 5.3959e-04): lin 1 (0.0e+00)
Composition correction applied in 16 block(s)
	 #2 (3.4680e-03, 5.4946e-06): lin 1 (0.0e+00)
Composition correction applied in 16 block(s)
	 #3 (3.5672e-05, 7.6512e-06): lin 1 (0.0e+00)
Composition correction applied in 16 block(s)
-------------------------------------------------------------------------------------------------------------
 T = 433.023, DT = 1, NI = 3, LI = 3, RES = 6.2e-09 (7.6e-06), CFL=0.679 (ELAPSED 00:00:05, REMAINING 00:00:07 )
-------------------------------------------------------------------------------------------------------------
	 #1 (1.9704e-02, 6.9072e-05): lin 1 (0.0e+00)
Composition correction applied in 16 block(s)
	 #2 (9.8735e-03, 3.8426e-06): lin 1 (0.0e+00)
Composition correction applied in 16 block(s)
	 #3 (4.8028e-04, 1.0455e-05): lin 1 (0.0e+00)
Composition correction applied in 16 block(s)
-------------------------------------------------------------------------------------------------------------
 T = 434.023, DT = 1, NI = 3, LI = 3, RES = 1.8e-06 (5.5e-06), CFL=0.688 (ELAPSED 00:00:05, REMAINING 00:00:07 )
-------------------------------------------------------------------------------------------------------------
	 #1 (1.7940e-02, 5.6033e-04): lin 1 (0.0e+00)
Composition correction applied in 16 block(s)
	 #2 (3.9770e-03, 8.0701e-06): lin 1 (0.0e+00)
Composition correction applied in 16 block(s)
	 #3 (7.7245e-05, 5.2489e-06): lin 1 (0.0e+00)
Composition correction applied in 16 block(s)
-------------------------------------------------------------------------------------------------------------
 T = 435.023, DT = 1, NI = 3, LI = 3, RES = 1.8e-08 (7.6e-06), CFL=0.675 (ELAPSED 00:00:05, REMAINING 00:00:07 )
-------------------------------------------------------------------------------------------------------------
	 #1 (1.9248e-02, 1.0882e-03): lin 1 (0.0e+00)
Composition correction applied in 16 block(s)
	 #2 (5.2577e-03, 5.0876e-06): lin 1 (0.0e+00)
Composition correction applied in 16 block(s)
	 #3 (7.0100e-05, 5.4442e-06): lin 1 (0.0e+00)
Composition correction applied in 16 block(s)
-------------------------------------------------------------------------------------------------------------
 T = 436.023, DT = 1, NI = 3, LI = 3, RES = 2.0e-08 (5.4e-06), CFL=0.686 (ELAPSED 00:00:05, REMAINING 00:00:07 )
-------------------------------------------------------------------------------------------------------------
	 #1 (1.9361e-02, 9.3398e-04): lin 1 (0.0e+00)
Composition correction applied in 16 block(s)
	 #2 (7.8940e-03, 9.3625e-06): lin 1 (0.0e+00)
Composition correction applied in 16 block(s)
	 #3 (2.7256e-04, 3.6483e-06): lin 1 (0.0e+00)
Composition correction applied in 16 block(s)
-------------------------------------------------------------------------------------------------------------
 T = 437.023, DT = 1, NI = 3, LI = 3, RES = 5.4e-07 (7.6e-06), CFL=0.685 (ELAPSED 00:00:05, REMAINING 00:00:07 )
-------------------------------------------------------------------------------------------------------------
	 #1 (1.7732e-02, 5.6252e-05): lin 1 (0.0e+00)
Composition correction applied in 16 block(s)
	 #2 (3.2439e-03, 5.3335e-06): lin 1 (0.0e+00)
Composition correction applied in 16 block(s)
	 #3 (3.8890e-05, 5.3736e-06): lin 1 (0.0e+00)
Composition correction applied in 16 block(s)
-------------------------------------------------------------------------------------------------------------
 T = 438.023, DT = 1, NI = 3, LI = 3, RES = 9.0e-09 (5.4e-06), CFL=0.674 (ELAPSED 00:00:05, REMAINING 00:00:07 )
-------------------------------------------------------------------------------------------------------------
	 #1 (1.9766e-02, 8.6709e-04): lin 1 (0.0e+00)
Composition correction applied in 16 block(s)
	 #2 (1.0886e-02, 8.9241e-06): lin 1 (0.0e+00)
Composition correction applied in 16 block(s)
	 #3 (6.4305e-04, 1.8513e-06): lin 1 (0.0e+00)
Composition correction applied in 16 block(s)
-------------------------------------------------------------------------------------------------------------
 T = 439.023, DT = 1, NI = 3, LI = 3, RES = 3.2e-06 (7.6e-06), CFL=0.690 (ELAPSED 00:00:05, REMAINING 00:00:06 )
-------------------------------------------------------------------------------------------------------------
	 #1 (1.8488e-02, 1.0210e-03): lin 1 (0.0e+00)
Composition correction applied in 16 block(s)
	 #2 (5.7831e-03, 4.2023e-06): lin 1 (0.0e+00)
Composition correction applied in 16 block(s)
	 #3 (1.2210e-04, 8.3309e-06): lin 1 (0.0e+00)
Composition correction applied in 16 block(s)
-------------------------------------------------------------------------------------------------------------
 T = 440.023, DT = 1, NI = 3, LI = 3, RES = 6.3e-08 (7.5e-06), CFL=0.678 (ELAPSED 00:00:05, REMAINING 00:00:06 )
-------------------------------------------------------------------------------------------------------------
	 #1 (1.8183e-02, 6.3612e-04): lin 1 (0.0e+00)
Composition correction applied in 16 block(s)
	 #2 (5.7519e-03, 5.4076e-06): lin 1 (0.0e+00)
Composition correction applied in 16 block(s)
	 #3 (6.3428e-05, 7.5879e-06): lin 1 (0.0e+00)
Composition correction applied in 16 block(s)
-------------------------------------------------------------------------------------------------------------
 T = 441.023, DT = 1, NI = 3, LI = 3, RES = 1.9e-08 (5.4e-06), CFL=0.681 (ELAPSED 00:00:05, REMAINING 00:00:06 )
-------------------------------------------------------------------------------------------------------------
	 #1 (1.9508e-02, 2.0668e-05): lin 1 (0.0e+00)
Composition correction applied in 16 block(s)
	 #2 (9.5265e-03, 9.1736e-06): lin 1 (0.0e+00)
Composition correction applied in 16 block(s)
	 #3 (4.4466e-04, 9.6904e-06): lin 1 (0.0e+00)
Composition correction applied in 16 block(s)
-------------------------------------------------------------------------------------------------------------
 T = 442.023, DT = 1, NI = 3, LI = 3, RES = 1.6e-06 (7.5e-06), CFL=0.688 (ELAPSED 00:00:05, REMAINING 00:00:06 )
-------------------------------------------------------------------------------------------------------------
	 #1 (1.7727e-02, 4.4671e-04): lin 1 (0.0e+00)
Composition correction applied in 16 block(s)
	 #2 (3.6299e-03, 7.9369e-06): lin 1 (0.0e+00)
Composition correction applied in 16 block(s)
	 #3 (6.6066e-05, 5.2115e-06): lin 1 (0.0e+00)
Composition correction applied in 16 block(s)
-------------------------------------------------------------------------------------------------------------
 T = 443.023, DT = 1, NI = 3, LI = 3, RES = 1.7e-08 (5.4e-06), CFL=0.684 (ELAPSED 00:00:05, REMAINING 00:00:06 )
-------------------------------------------------------------------------------------------------------------
	 #1 (1.9289e-02, 1.1596e-03): lin 1 (0.0e+00)
Composition correction applied in 16 block(s)
	 #2 (5.1609e-03, 7.8523e-06): lin 1 (0.0e+00)
Composition correction applied in 16 block(s)
	 #3 (1.9748e-04, 7.4511e-06): lin 1 (0.0e+00)
Composition correction applied in 16 block(s)
-------------------------------------------------------------------------------------------------------------
 T = 444.023, DT = 1, NI = 3, LI = 3, RES = 3.3e-07 (5.3e-06), CFL=0.688 (ELAPSED 00:00:05, REMAINING 00:00:06 )
-------------------------------------------------------------------------------------------------------------
	 #1 (1.9142e-02, 1.0394e-03): lin 1 (0.0e+00)
Composition correction applied in 16 block(s)
	 #2 (7.5552e-03, 3.6714e-06): lin 1 (0.0e+00)
Composition correction applied in 16 block(s)
	 #3 (5.6548e-04, 3.9251e-06): lin 1 (0.0e+00)
Composition correction applied in 16 block(s)
-------------------------------------------------------------------------------------------------------------
 T = 445.023, DT = 1, NI = 3, LI = 3, RES = 4.9e-06 (7.4e-06), CFL=0.686 (ELAPSED 00:00:05, REMAINING 00:00:06 )
-------------------------------------------------------------------------------------------------------------
	 #1 (1.7612e-02, 1.4256e-04): lin 1 (0.0e+00)
Composition correction applied in 16 block(s)
	 #2 (3.2626e-03, 5.3426e-06): lin 1 (0.0e+00)
Composition correction applied in 16 block(s)
	 #3 (1.5207e-04, 7.4241e-06): lin 1 (0.0e+00)
Composition correction applied in 16 block(s)
-------------------------------------------------------------------------------------------------------------
 T = 446.023, DT = 1, NI = 3, LI = 3, RES = 1.0e-06 (7.4e-06), CFL=0.684 (ELAPSED 00:00:05, REMAINING 00:00:06 )
-------------------------------------------------------------------------------------------------------------
	 #1 (1.9550e-02, 8.8179e-04): lin 1 (0.0e+00)
Composition correction applied in 16 block(s)
	 #2 (1.0533e-02, 8.8378e-06): lin 1 (0.0e+00)
Composition correction applied in 16 block(s)
	 #3 (6.0493e-04, 2.3611e-06): lin 1 (0.0e+00)
Composition correction applied in 16 block(s)
	 #4 (1.0495e-05, 5.2624e-06): lin 1 (0.0e+00)
Composition correction applied in 16 block(s)
-------------------------------------------------------------------------------------------------------------
 T = 447.023, DT = 1, NI = 4, LI = 4, RES = 9.1e-10 (5.3e-06), CFL=0.688 (ELAPSED 00:00:05, REMAINING 00:00:06 )
-------------------------------------------------------------------------------------------------------------
	 #1 (1.8131e-02, 6.9177e-04): lin 1 (0.0e+00)
Composition correction applied in 17 block(s)
	 #2 (5.4639e-03, 8.1311e-06): lin 1 (0.0e+00)
Composition correction applied in 17 block(s)
	 #3 (1.4501e-04, 4.6418e-06): lin 1 (0.0e+00)
Composition correction applied in 17 block(s)
-------------------------------------------------------------------------------------------------------------
 T = 448.023, DT = 1, NI = 3, LI = 3, RES = 3.9e-08 (5.3e-06), CFL=0.678 (ELAPSED 00:00:05, REMAINING 00:00:06 )
-------------------------------------------------------------------------------------------------------------
	 #1 (1.8086e-02, 7.9103e-04): lin 1 (0.0e+00)
Composition correction applied in 17 block(s)
	 #2 (5.5221e-03, 5.3208e-06): lin 1 (0.0e+00)
Composition correction applied in 17 block(s)
	 #3 (6.2650e-05, 7.4083e-06): lin 1 (0.0e+00)
Composition correction applied in 17 block(s)
-------------------------------------------------------------------------------------------------------------
 T = 449.023, DT = 1, NI = 3, LI = 3, RES = 1.8e-08 (7.4e-06), CFL=0.679 (ELAPSED 00:00:05, REMAINING 00:00:06 )
-------------------------------------------------------------------------------------------------------------
	 #1 (1.9214e-02, 1.8845e-04): lin 1 (0.0e+00)
Composition correction applied in 17 block(s)
	 #2 (9.0506e-03, 8.7571e-06): lin 1 (0.0e+00)
Composition correction applied in 17 block(s)
	 #3 (3.9680e-04, 9.4359e-06): lin 1 (0.0e+00)
Composition correction applied in 17 block(s)
-------------------------------------------------------------------------------------------------------------
 T = 450.023, DT = 1, NI = 3, LI = 3, RES = 1.2e-06 (5.3e-06), CFL=0.685 (ELAPSED 00:00:05, REMAINING 00:00:06 )
-------------------------------------------------------------------------------------------------------------
	 #1 (1.7432e-02, 3.4259e-04): lin 1 (0.0e+00)
Composition correction applied in 17 block(s)
	 #2 (3.0856e-03, 5.0757e-06): lin 1 (0.0e+00)
Composition correction applied in 17 block(s)
	 #3 (1.0209e-04, 5.2277e-06): lin 1 (0.0e+00)
Composition correction applied in 17 block(s)
-------------------------------------------------------------------------------------------------------------
 T = 451.023, DT = 1, NI = 3, LI = 3, RES = 4.1e-08 (5.3e-06), CFL=0.676 (ELAPSED 00:00:05, REMAINING 00:00:06 )
-------------------------------------------------------------------------------------------------------------
	 #1 (1.9416e-02, 1.1821e-03): lin 1 (0.0e+00)
Composition correction applied in 17 block(s)
	 #2 (5.0162e-03, 4.6220e-06): lin 1 (0.0e+00)
Composition correction applied in 17 block(s)
	 #3 (7.2781e-05, 5.2526e-06): lin 1 (0.0e+00)
Composition correction applied in 17 block(s)
-------------------------------------------------------------------------------------------------------------
 T = 452.023, DT = 1, NI = 3, LI = 3, RES = 2.0e-08 (5.3e-06), CFL=0.689 (ELAPSED 00:00:05, REMAINING 00:00:06 )
-------------------------------------------------------------------------------------------------------------
	 #1 (1.8826e-02, 1.2791e-03): lin 1 (0.0e+00)
Composition correction applied in 17 block(s)
	 #2 (6.9801e-03, 8.6083e-06): lin 1 (0.0e+00)
Composition correction applied in 17 block(s)
	 #3 (2.2628e-04, 8.5060e-06): lin 1 (0.0e+00)
Composition correction applied in 17 block(s)
-------------------------------------------------------------------------------------------------------------
 T = 453.023, DT = 1, NI = 3, LI = 3, RES = 3.8e-07 (5.2e-06), CFL=0.682 (ELAPSED 00:00:05, REMAINING 00:00:06 )
-------------------------------------------------------------------------------------------------------------
	 #1 (1.7512e-02, 2.4036e-04): lin 1 (0.0e+00)
Composition correction applied in 17 block(s)
	 #2 (3.2547e-03, 5.2419e-06): lin 1 (0.0e+00)
Composition correction applied in 17 block(s)
	 #3 (3.4320e-05, 5.2094e-06): lin 1 (0.0e+00)
Composition correction applied in 17 block(s)
-------------------------------------------------------------------------------------------------------------
 T = 454.023, DT = 1, NI = 3, LI = 3, RES = 6.8e-09 (5.2e-06), CFL=0.676 (ELAPSED 00:00:05, REMAINING 00:00:06 )
-------------------------------------------------------------------------------------------------------------
	 #1 (1.9345e-02, 4.8235e-04): lin 1 (0.0e+00)
Composition correction applied in 17 block(s)
	 #2 (1.0051e-02, 8.5234e-06): lin 1 (0.0e+00)
Composition correction applied in 17 block(s)
	 #3 (5.5483e-04, 2.6026e-06): lin 1 (0.0e+00)
Composition correction applied in 17 block(s)
-------------------------------------------------------------------------------------------------------------
 T = 455.023, DT = 1, NI = 3, LI = 3, RES = 2.4e-06 (5.2e-06), CFL=0.689 (ELAPSED 00:00:05, REMAINING 00:00:06 )
-------------------------------------------------------------------------------------------------------------
	 #1 (1.7816e-02, 7.4828e-04): lin 1 (0.0e+00)
Composition correction applied in 17 block(s)
	 #2 (4.9463e-03, 7.9393e-06): lin 1 (0.0e+00)
Composition correction applied in 17 block(s)
	 #3 (1.1846e-04, 4.7241e-06): lin 1 (0.0e+00)
Composition correction applied in 17 block(s)
-------------------------------------------------------------------------------------------------------------
 T = 456.023, DT = 1, NI = 3, LI = 3, RES = 1.8e-08 (5.2e-06), CFL=0.675 (ELAPSED 00:00:05, REMAINING 00:00:06 )
-------------------------------------------------------------------------------------------------------------
	 #1 (1.8213e-02, 7.6057e-04): lin 1 (0.0e+00)
Composition correction applied in 17 block(s)
	 #2 (5.3764e-03, 5.1707e-06): lin 1 (0.0e+00)
Composition correction applied in 17 block(s)
	 #3 (6.4631e-05, 7.2660e-06): lin 1 (0.0e+00)
Composition correction applied in 17 block(s)
-------------------------------------------------------------------------------------------------------------
 T = 457.023, DT = 1, NI = 3, LI = 3, RES = 1.9e-08 (5.2e-06), CFL=0.683 (ELAPSED 00:00:05, REMAINING 00:00:06 )
-------------------------------------------------------------------------------------------------------------
	 #1 (1.9059e-02, 3.7990e-04): lin 1 (0.0e+00)
Composition correction applied in 17 block(s)
	 #2 (8.6221e-03, 8.6285e-06): lin 1 (0.0e+00)
Composition correction applied in 17 block(s)
	 #3 (3.5530e-04, 3.5406e-06): lin 1 (0.0e+00)
Composition correction applied in 17 block(s)
-------------------------------------------------------------------------------------------------------------
 T = 458.023, DT = 1, NI = 3, LI = 3, RES = 9.7e-07 (7.2e-06), CFL=0.686 (ELAPSED 00:00:05, REMAINING 00:00:06 )
-------------------------------------------------------------------------------------------------------------
	 #1 (1.7301e-02, 2.1167e-04): lin 1 (0.0e+00)
Composition correction applied in 17 block(s)
	 #2 (3.0991e-03, 4.9707e-06): lin 1 (0.0e+00)
Composition correction applied in 17 block(s)
	 #3 (4.5663e-05, 5.1009e-06): lin 1 (0.0e+00)
Composition correction applied in 17 block(s)
-------------------------------------------------------------------------------------------------------------
 T = 459.023, DT = 1, NI = 3, LI = 3, RES = 1.2e-08 (7.2e-06), CFL=0.675 (ELAPSED 00:00:05, REMAINING 00:00:06 )
-------------------------------------------------------------------------------------------------------------
	 #1 (1.9345e-02, 1.0832e-03): lin 1 (0.0e+00)
Composition correction applied in 17 block(s)
	 #2 (1.1411e-02, 8.3841e-06): lin 1 (0.0e+00)
Composition correction applied in 17 block(s)
	 #3 (7.5939e-04, 1.5900e-06): lin 1 (0.0e+00)
Composition correction applied in 17 block(s)
-------------------------------------------------------------------------------------------------------------
 T = 460.023, DT = 1, NI = 3, LI = 3, RES = 4.3e-06 (5.1e-06), CFL=0.691 (ELAPSED 00:00:05, REMAINING 00:00:06 )
-------------------------------------------------------------------------------------------------------------
	 #1 (1.8534e-02, 1.1362e-03): lin 1 (0.0e+00)
Composition correction applied in 17 block(s)
	 #2 (6.6157e-03, 8.2570e-06): lin 1 (0.0e+00)
Composition correction applied in 17 block(s)
	 #3 (1.8649e-04, 7.9902e-06): lin 1 (0.0e+00)
Composition correction applied in 17 block(s)
-------------------------------------------------------------------------------------------------------------
 T = 461.023, DT = 1, NI = 3, LI = 3, RES = 2.7e-07 (5.1e-06), CFL=0.681 (ELAPSED 00:00:05, REMAINING 00:00:06 )
-------------------------------------------------------------------------------------------------------------
	 #1 (1.7463e-02, 3.4588e-04): lin 1 (0.0e+00)
Composition correction applied in 17 block(s)
	 #2 (3.2740e-03, 5.1938e-06): lin 1 (0.0e+00)
Composition correction applied in 17 block(s)
	 #3 (3.3772e-05, 5.1234e-06): lin 1 (0.0e+00)
Composition correction applied in 17 block(s)
-------------------------------------------------------------------------------------------------------------
 T = 462.023, DT = 1, NI = 3, LI = 3, RES = 6.3e-09 (7.2e-06), CFL=0.678 (ELAPSED 00:00:05, REMAINING 00:00:06 )
-------------------------------------------------------------------------------------------------------------
	 #1 (1.9172e-02, 3.6842e-04): lin 1 (0.0e+00)
Composition correction applied in 17 block(s)
	 #2 (9.7316e-03, 3.8268e-06): lin 1 (0.0e+00)
Composition correction applied in 17 block(s)
	 #3 (5.2786e-04, 2.5244e-06): lin 1 (0.0e+00)
Composition correction applied in 17 block(s)
-------------------------------------------------------------------------------------------------------------
 T = 463.023, DT = 1, NI = 3, LI = 3, RES = 2.1e-06 (7.2e-06), CFL=0.690 (ELAPSED 00:00:05, REMAINING 00:00:06 )
-------------------------------------------------------------------------------------------------------------
	 #1 (1.7574e-02, 6.2555e-04): lin 1 (0.0e+00)
Composition correction applied in 17 block(s)
	 #2 (4.6001e-03, 4.6409e-06): lin 1 (0.0e+00)
Composition correction applied in 17 block(s)
	 #3 (1.0282e-04, 4.7667e-06): lin 1 (0.0e+00)
Composition correction applied in 17 block(s)
-------------------------------------------------------------------------------------------------------------
 T = 464.023, DT = 1, NI = 3, LI = 3, RES = 1.4e-08 (7.1e-06), CFL=0.682 (ELAPSED 00:00:05, REMAINING 00:00:06 )
-------------------------------------------------------------------------------------------------------------
	 #1 (1.8224e-02, 7.9987e-04): lin 1 (0.0e+00)
Composition correction applied in 17 block(s)
	 #2 (5.2594e-03, 7.1693e-06): lin 1 (0.0e+00)
Composition correction applied in 17 block(s)
	 #3 (6.5514e-05, 5.0786e-06): lin 1 (0.0e+00)
Composition correction applied in 17 block(s)
-------------------------------------------------------------------------------------------------------------
 T = 465.023, DT = 1, NI = 3, LI = 3, RES = 1.9e-08 (7.1e-06), CFL=0.684 (ELAPSED 00:00:05, REMAINING 00:00:06 )
-------------------------------------------------------------------------------------------------------------
	 #1 (1.8864e-02, 4.7576e-04): lin 1 (0.0e+00)
Composition correction applied in 17 block(s)
	 #2 (8.3023e-03, 3.6764e-06): lin 1 (0.0e+00)
Composition correction applied in 18 block(s)
	 #3 (3.2544e-04, 3.3316e-06): lin 1 (0.0e+00)
Composition correction applied in 18 block(s)
-------------------------------------------------------------------------------------------------------------
 T = 466.023, DT = 1, NI = 3, LI = 3, RES = 8.1e-07 (5.1e-06), CFL=0.686 (ELAPSED 00:00:05, REMAINING 00:00:06 )
-------------------------------------------------------------------------------------------------------------
	 #1 (1.7149e-02, 1.1998e-04): lin 1 (0.0e+00)
Composition correction applied in 18 block(s)
	 #2 (3.0896e-03, 4.9784e-06): lin 1 (0.0e+00)
Composition correction applied in 18 block(s)
	 #3 (6.0381e-04, 5.0472e-06): lin 1 (0.0e+00)
Composition correction applied in 18 block(s)
-------------------------------------------------------------------------------------------------------------
 T = 467.023, DT = 1, NI = 3, LI = 3, RES = 6.4e-06 (7.1e-06), CFL=0.689 (ELAPSED 00:00:05, REMAINING 00:00:06 )
-------------------------------------------------------------------------------------------------------------
	 #1 (1.9177e-02, 9.7163e-04): lin 1 (0.0e+00)
Composition correction applied in 18 block(s)
	 #2 (1.1113e-02, 4.0865e-06): lin 1 (0.0e+00)
Composition correction applied in 18 block(s)
	 #3 (7.4082e-04, 2.1857e-06): lin 1 (0.0e+00)
Composition correction applied in 18 block(s)
-------------------------------------------------------------------------------------------------------------
 T = 468.023, DT = 1, NI = 3, LI = 3, RES = 4.2e-06 (7.1e-06), CFL=0.690 (ELAPSED 00:00:05, REMAINING 00:00:06 )
-------------------------------------------------------------------------------------------------------------
	 #1 (1.8212e-02, 8.8956e-04): lin 1 (0.0e+00)
Composition correction applied in 18 block(s)
	 #2 (6.2515e-03, 8.3643e-06): lin 1 (0.0e+00)
Composition correction applied in 18 block(s)
	 #3 (1.5031e-04, 4.3185e-06): lin 1 (0.0e+00)
Composition correction applied in 18 block(s)
-------------------------------------------------------------------------------------------------------------
 T = 469.023, DT = 1, NI = 3, LI = 3, RES = 1.8e-07 (7.1e-06), CFL=0.681 (ELAPSED 00:00:05, REMAINING 00:00:06 )
-------------------------------------------------------------------------------------------------------------
	 #1 (1.7334e-02, 5.7552e-04): lin 1 (0.0e+00)
Composition correction applied in 18 block(s)
	 #2 (3.2451e-03, 7.0023e-06): lin 1 (0.0e+00)
Composition correction applied in 18 block(s)
	 #3 (3.2802e-05, 5.0435e-06): lin 1 (0.0e+00)
Composition correction applied in 18 block(s)
-------------------------------------------------------------------------------------------------------------
 T = 470.023, DT = 1, NI = 3, LI = 3, RES = 5.7e-09 (7.0e-06), CFL=0.678 (ELAPSED 00:00:05, REMAINING 00:00:06 )
-------------------------------------------------------------------------------------------------------------
	 #1 (1.8896e-02, 3.1110e-04): lin 1 (0.0e+00)
Composition correction applied in 18 block(s)
	 #2 (9.3361e-03, 8.1694e-06): lin 1 (0.0e+00)
Composition correction applied in 18 block(s)
	 #3 (5.0818e-04, 9.1155e-06): lin 1 (0.0e+00)
Composition correction applied in 18 block(s)
-------------------------------------------------------------------------------------------------------------
 T = 471.023, DT = 1, NI = 3, LI = 3, RES = 1.9e-06 (7.1e-06), CFL=0.686 (ELAPSED 00:00:05, REMAINING 00:00:06 )
-------------------------------------------------------------------------------------------------------------
	 #1 (1.7238e-02, 5.2582e-04): lin 1 (0.0e+00)
Composition correction applied in 18 block(s)
	 #2 (4.0804e-03, 4.6698e-06): lin 1 (0.0e+00)
Composition correction applied in 18 block(s)
	 #3 (8.3123e-05, 7.1922e-06): lin 1 (0.0e+00)
Composition correction applied in 18 block(s)
-------------------------------------------------------------------------------------------------------------
 T = 472.023, DT = 1, NI = 3, LI = 3, RES = 1.5e-08 (7.0e-06), CFL=0.677 (ELAPSED 00:00:05, REMAINING 00:00:06 )
-------------------------------------------------------------------------------------------------------------
	 #1 (1.8250e-02, 8.3369e-04): lin 1 (0.0e+00)
Composition correction applied in 18 block(s)
	 #2 (5.0683e-03, 7.1762e-06): lin 1 (0.0e+00)
Composition correction applied in 18 block(s)
	 #3 (6.5495e-05, 6.9970e-06): lin 1 (0.0e+00)
Composition correction applied in 18 block(s)
-------------------------------------------------------------------------------------------------------------
 T = 473.023, DT = 1, NI = 3, LI = 3, RES = 1.8e-08 (7.0e-06), CFL=0.684 (ELAPSED 00:00:05, REMAINING 00:00:06 )
-------------------------------------------------------------------------------------------------------------
	 #1 (1.8577e-02, 6.9711e-04): lin 1 (0.0e+00)
Composition correction applied in 18 block(s)
	 #2 (7.7843e-03, 8.0408e-06): lin 1 (0.0e+00)
Composition correction applied in 18 block(s)
	 #3 (2.7846e-04, 3.7006e-06): lin 1 (0.0e+00)
Composition correction applied in 18 block(s)
-------------------------------------------------------------------------------------------------------------
 T = 474.023, DT = 1, NI = 3, LI = 3, RES = 5.8e-07 (5.0e-06), CFL=0.684 (ELAPSED 00:00:05, REMAINING 00:00:06 )
-------------------------------------------------------------------------------------------------------------
	 #1 (1.6963e-02, 4.1720e-05): lin 1 (0.0e+00)
Composition correction applied in 18 block(s)
	 #2 (3.0799e-03, 4.9459e-06): lin 1 (0.0e+00)
Composition correction applied in 18 block(s)
	 #3 (3.8012e-05, 7.0116e-06): lin 1 (0.0e+00)
Composition correction applied in 18 block(s)
-------------------------------------------------------------------------------------------------------------
 T = 475.023, DT = 1, NI = 3, LI = 3, RES = 9.0e-09 (5.0e-06), CFL=0.675 (ELAPSED 00:00:05, REMAINING 00:00:06 )
-------------------------------------------------------------------------------------------------------------
	 #1 (1.8955e-02, 7.5717e-04): lin 1 (0.0e+00)
Composition correction applied in 18 block(s)
	 #2 (1.0607e-02, 8.0155e-06): lin 1 (0.0e+00)
Composition correction applied in 18 block(s)
	 #3 (6.6959e-04, 2.1964e-06): lin 1 (0.0e+00)
Composition correction applied in 18 block(s)
-------------------------------------------------------------------------------------------------------------
 T = 476.023, DT = 1, NI = 3, LI = 3, RES = 3.4e-06 (5.0e-06), CFL=0.690 (ELAPSED 00:00:05, REMAINING 00:00:06 )
-------------------------------------------------------------------------------------------------------------
	 #1 (1.7812e-02, 9.1516e-04): lin 1 (0.0e+00)
Composition correction applied in 18 block(s)
	 #2 (5.7280e-03, 7.8932e-06): lin 1 (0.0e+00)
Composition correction applied in 18 block(s)
	 #3 (1.2725e-04, 4.3759e-06): lin 1 (0.0e+00)
Composition correction applied in 18 block(s)
-------------------------------------------------------------------------------------------------------------
 T = 477.023, DT = 1, NI = 3, LI = 3, RES = 9.1e-06 (6.9e-06), CFL=0.677 (ELAPSED 00:00:06, REMAINING 00:00:06 )
-------------------------------------------------------------------------------------------------------------
	 #1 (1.7383e-02, 4.6156e-04): lin 1 (0.0e+00)
Composition correction applied in 18 block(s)
	 #2 (5.5761e-03, 6.8617e-06): lin 1 (0.0e+00)
Composition correction applied in 18 block(s)
	 #3 (6.0658e-05, 4.9212e-06): lin 1 (0.0e+00)
Composition correction applied in 18 block(s)
-------------------------------------------------------------------------------------------------------------
 T = 478.023, DT = 1, NI = 3, LI = 3, RES = 1.8e-08 (6.9e-06), CFL=0.680 (ELAPSED 00:00:06, REMAINING 00:00:06 )
-------------------------------------------------------------------------------------------------------------
	 #1 (1.8738e-02, 1.6510e-05): lin 1 (0.0e+00)
Composition correction applied in 18 block(s)
	 #2 (9.2947e-03, 8.0710e-06): lin 1 (0.0e+00)
Composition correction applied in 18 block(s)
	 #3 (4.6235e-04, 2.9092e-06): lin 1 (0.0e+00)
Composition correction applied in 18 block(s)
-------------------------------------------------------------------------------------------------------------
 T = 479.023, DT = 1, NI = 3, LI = 3, RES = 1.6e-06 (6.9e-06), CFL=0.688 (ELAPSED 00:00:06, REMAINING 00:00:06 )
-------------------------------------------------------------------------------------------------------------
	 #1 (1.7044e-02, 4.2400e-04): lin 1 (0.0e+00)
Composition correction applied in 18 block(s)
	 #2 (3.6455e-03, 7.2275e-06): lin 1 (0.0e+00)
Composition correction applied in 18 block(s)
	 #3 (6.7811e-05, 4.7603e-06): lin 1 (0.0e+00)
Composition correction applied in 18 block(s)
-------------------------------------------------------------------------------------------------------------
 T = 480.023, DT = 1, NI = 3, LI = 3, RES = 1.6e-08 (6.9e-06), CFL=0.675 (ELAPSED 00:00:06, REMAINING 00:00:06 )
-------------------------------------------------------------------------------------------------------------
	 #1 (1.8415e-02, 9.0463e-04): lin 1 (0.0e+00)
Composition correction applied in 18 block(s)
	 #2 (4.9833e-03, 7.1127e-06): lin 1 (0.0e+00)
Composition correction applied in 18 block(s)
	 #3 (6.7614e-05, 4.9373e-06): lin 1 (0.0e+00)
Composition correction applied in 18 block(s)
-------------------------------------------------------------------------------------------------------------
 T = 481.023, DT = 1, NI = 3, LI = 3, RES = 1.9e-08 (4.9e-06), CFL=0.687 (ELAPSED 00:00:06, REMAINING 00:00:06 )
-------------------------------------------------------------------------------------------------------------
	 #1 (1.8409e-02, 7.9258e-04): lin 1 (0.0e+00)
Composition correction applied in 18 block(s)
	 #2 (7.4063e-03, 7.9390e-06): lin 1 (0.0e+00)
Composition correction applied in 18 block(s)
	 #3 (2.4643e-04, 3.6131e-06): lin 1 (0.0e+00)
Composition correction applied in 18 block(s)
-------------------------------------------------------------------------------------------------------------
 T = 482.023, DT = 1, NI = 3, LI = 3, RES = 4.6e-07 (6.9e-06), CFL=0.684 (ELAPSED 00:00:06, REMAINING 00:00:06 )
-------------------------------------------------------------------------------------------------------------
	 #1 (1.6893e-02, 7.0403e-05): lin 1 (0.0e+00)
Composition correction applied in 18 block(s)
	 #2 (3.0963e-03, 4.8958e-06): lin 1 (0.0e+00)
Composition correction applied in 18 block(s)
	 #3 (3.5539e-05, 6.8786e-06): lin 1 (0.0e+00)
Composition correction applied in 18 block(s)
-------------------------------------------------------------------------------------------------------------
 T = 483.023, DT = 1, NI = 3, LI = 3, RES = 7.9e-09 (4.9e-06), CFL=0.675 (ELAPSED 00:00:06, REMAINING 00:00:06 )
-------------------------------------------------------------------------------------------------------------
	 #1 (1.8817e-02, 6.6537e-04): lin 1 (0.0e+00)
Composition correction applied in 18 block(s)
	 #2 (1.0285e-02, 4.0601e-06): lin 1 (0.0e+00)
Composition correction applied in 18 block(s)
	 #3 (6.3600e-04, 9.1129e-06): lin 1 (0.0e+00)
Composition correction applied in 18 block(s)
-------------------------------------------------------------------------------------------------------------
 T = 484.023, DT = 1, NI = 3, LI = 3, RES = 3.1e-06 (4.9e-06), CFL=0.690 (ELAPSED 00:00:06, REMAINING 00:00:06 )
-------------------------------------------------------------------------------------------------------------
	 #1 (1.7551e-02, 7.7095e-04): lin 1 (0.0e+00)
Composition correction applied in 18 block(s)
	 #2 (5.3909e-03, 7.5589e-06): lin 1 (0.0e+00)
Composition correction applied in 18 block(s)
	 #3 (1.0813e-04, 4.3418e-06): lin 1 (0.0e+00)
Composition correction applied in 18 block(s)
-------------------------------------------------------------------------------------------------------------
 T = 485.023, DT = 1, NI = 3, LI = 3, RES = 5.6e-08 (6.8e-06), CFL=0.679 (ELAPSED 00:00:06, REMAINING 00:00:06 )
-------------------------------------------------------------------------------------------------------------
	 #1 (1.7362e-02, 5.3134e-04): lin 1 (0.0e+00)
Composition correction applied in 18 block(s)
	 #2 (5.4400e-03, 4.9042e-06): lin 1 (0.0e+00)
Composition correction applied in 18 block(s)
	 #3 (6.0864e-05, 6.8561e-06): lin 1 (0.0e+00)
Composition correction applied in 18 block(s)
-------------------------------------------------------------------------------------------------------------
 T = 486.023, DT = 1, NI = 3, LI = 3, RES = 1.8e-08 (6.8e-06), CFL=0.681 (ELAPSED 00:00:06, REMAINING 00:00:06 )
-------------------------------------------------------------------------------------------------------------
	 #1 (1.8570e-02, 6.6850e-05): lin 1 (0.0e+00)
Composition correction applied in 18 block(s)
	 #2 (8.9844e-03, 3.7465e-06): lin 1 (0.0e+00)
Composition correction applied in 18 block(s)
	 #3 (4.3123e-04, 3.2910e-06): lin 1 (0.0e+00)
Composition correction applied in 18 block(s)
-------------------------------------------------------------------------------------------------------------
 T = 487.023, DT = 1, NI = 3, LI = 3, RES = 1.4e-06 (4.8e-06), CFL=0.688 (ELAPSED 00:00:06, REMAINING 00:00:06 )
-------------------------------------------------------------------------------------------------------------
	 #1 (1.6863e-02, 3.1232e-04): lin 1 (0.0e+00)
Composition correction applied in 18 block(s)
	 #2 (3.3376e-03, 7.0612e-06): lin 1 (0.0e+00)
Composition correction applied in 18 block(s)
	 #3 (5.8414e-05, 6.8439e-06): lin 1 (0.0e+00)
Composition correction applied in 18 block(s)
-------------------------------------------------------------------------------------------------------------
 T = 488.023, DT = 1, NI = 3, LI = 3, RES = 1.6e-08 (4.9e-06), CFL=0.687 (ELAPSED 00:00:06, REMAINING 00:00:06 )
-------------------------------------------------------------------------------------------------------------
	 #1 (1.8464e-02, 9.4970e-04): lin 1 (0.0e+00)
Composition correction applied in 18 block(s)
	 #2 (4.9021e-03, 4.4909e-06): lin 1 (0.0e+00)
Composition correction applied in 18 block(s)
	 #3 (6.8388e-05, 6.7568e-06): lin 1 (0.0e+00)
Composition correction applied in 18 block(s)
-------------------------------------------------------------------------------------------------------------
 T = 489.023, DT = 1, NI = 3, LI = 3, RES = 2.3e-08 (6.8e-06), CFL=0.688 (ELAPSED 00:00:06, REMAINING 00:00:06 )
-------------------------------------------------------------------------------------------------------------
	 #1 (1.8217e-02, 8.7636e-04): lin 1 (0.0e+00)
Composition correction applied in 19 block(s)
	 #2 (7.1062e-03, 7.7776e-06): lin 1 (0.0e+00)
Composition correction applied in 19 block(s)
	 #3 (2.5000e-04, 4.0363e-06): lin 1 (0.0e+00)
Composition correction applied in 19 block(s)
-------------------------------------------------------------------------------------------------------------
 T = 490.023, DT = 1, NI = 3, LI = 3, RES = 7.7e-07 (6.8e-06), CFL=0.683 (ELAPSED 00:00:06, REMAINING 00:00:06 )
-------------------------------------------------------------------------------------------------------------
	 #1 (1.6771e-02, 2.8012e-04): lin 1 (0.0e+00)
Composition correction applied in 19 block(s)
	 #2 (3.0727e-03, 6.7747e-06): lin 1 (0.0e+00)
Composition correction applied in 19 block(s)
	 #3 (3.3730e-05, 4.8238e-06): lin 1 (0.0e+00)
Composition correction applied in 19 block(s)
-------------------------------------------------------------------------------------------------------------
 T = 491.023, DT = 1, NI = 3, LI = 3, RES = 7.1e-09 (4.8e-06), CFL=0.681 (ELAPSED 00:00:06, REMAINING 00:00:06 )
-------------------------------------------------------------------------------------------------------------
	 #1 (1.8591e-02, 7.2726e-04): lin 1 (0.0e+00)
Composition correction applied in 19 block(s)
	 #2 (9.9312e-03, 3.9981e-06): lin 1 (0.0e+00)
Composition correction applied in 19 block(s)
	 #3 (5.9562e-04, 9.0476e-06): lin 1 (0.0e+00)
Composition correction applied in 19 block(s)
-------------------------------------------------------------------------------------------------------------
 T = 492.023, DT = 1, NI = 3, LI = 3, RES = 2.7e-06 (6.8e-06), CFL=0.688 (ELAPSED 00:00:06, REMAINING 00:00:06 )
-------------------------------------------------------------------------------------------------------------
	 #1 (1.7210e-02, 6.1887e-04): lin 1 (0.0e+00)
Composition correction applied in 19 block(s)
	 #2 (5.0609e-03, 7.2668e-06): lin 1 (0.0e+00)
Composition correction applied in 19 block(s)
	 #3 (1.2886e-04, 7.1209e-06): lin 1 (0.0e+00)
Composition correction applied in 19 block(s)
-------------------------------------------------------------------------------------------------------------
 T = 493.023, DT = 1, NI = 3, LI = 3, RES = 3.0e-08 (6.7e-06), CFL=0.677 (ELAPSED 00:00:06, REMAINING 00:00:06 )
-------------------------------------------------------------------------------------------------------------
	 #1 (1.7305e-02, 5.8291e-04): lin 1 (0.0e+00)
Composition correction applied in 19 block(s)
	 #2 (5.2259e-03, 4.8174e-06): lin 1 (0.0e+00)
Composition correction applied in 19 block(s)
	 #3 (6.0439e-05, 4.7528e-06): lin 1 (0.0e+00)
Composition correction applied in 19 block(s)
-------------------------------------------------------------------------------------------------------------
 T = 494.023, DT = 1, NI = 3, LI = 3, RES = 1.7e-08 (6.7e-06), CFL=0.680 (ELAPSED 00:00:06, REMAINING 00:00:06 )
-------------------------------------------------------------------------------------------------------------
	 #1 (1.8310e-02, 2.2766e-04): lin 1 (0.0e+00)
Composition correction applied in 19 block(s)
	 #2 (8.5242e-03, 7.6091e-06): lin 1 (0.0e+00)
Composition correction applied in 19 block(s)
	 #3 (3.8096e-04, 8.0337e-06): lin 1 (0.0e+00)
Composition correction applied in 19 block(s)
-------------------------------------------------------------------------------------------------------------
 T = 495.023, DT = 1, NI = 3, LI = 3, RES = 1.1e-06 (4.8e-06), CFL=0.685 (ELAPSED 00:00:06, REMAINING 00:00:06 )
-------------------------------------------------------------------------------------------------------------
	 #1 (1.6613e-02, 2.6032e-04): lin 1 (0.0e+00)
Composition correction applied in 19 block(s)
	 #2 (2.9493e-03, 6.8863e-06): lin 1 (0.0e+00)
Composition correction applied in 19 block(s)
	 #3 (4.5630e-05, 6.7168e-06): lin 1 (0.0e+00)
Composition correction applied in 19 block(s)
-------------------------------------------------------------------------------------------------------------
 T = 496.023, DT = 1, NI = 3, LI = 3, RES = 1.2e-08 (4.8e-06), CFL=0.676 (ELAPSED 00:00:06, REMAINING 00:00:06 )
-------------------------------------------------------------------------------------------------------------
	 #1 (1.8574e-02, 9.5895e-04): lin 1 (0.0e+00)
Composition correction applied in 19 block(s)
	 #2 (1.1153e-02, 4.0629e-06): lin 1 (0.0e+00)
Composition correction applied in 19 block(s)
	 #3 (7.9243e-04, 2.0641e-06): lin 1 (0.0e+00)
Composition correction applied in 19 block(s)
-------------------------------------------------------------------------------------------------------------
 T = 497.023, DT = 1, NI = 3, LI = 3, RES = 4.7e-06 (4.7e-06), CFL=0.690 (ELAPSED 00:00:06, REMAINING 00:00:06 )
-------------------------------------------------------------------------------------------------------------
	 #1 (1.7918e-02, 1.0287e-03): lin 1 (0.0e+00)
Composition correction applied in 19 block(s)
	 #2 (6.5577e-03, 7.6586e-06): lin 1 (0.0e+00)
Composition correction applied in 19 block(s)
	 #3 (2.1490e-04, 3.8621e-06): lin 1 (0.0e+00)
Composition correction applied in 19 block(s)
-------------------------------------------------------------------------------------------------------------
 T = 498.023, DT = 1, NI = 3, LI = 3, RES = 3.4e-07 (6.7e-06), CFL=0.681 (ELAPSED 00:00:06, REMAINING 00:00:06 )
-------------------------------------------------------------------------------------------------------------
	 #1 (1.6730e-02, 1.9242e-04): lin 1 (0.0e+00)
Composition correction applied in 19 block(s)
	 #2 (3.1172e-03, 4.7477e-06): lin 1 (0.0e+00)
Composition correction applied in 19 block(s)
	 #3 (3.2273e-05, 4.7380e-06): lin 1 (0.0e+00)
Composition correction applied in 19 block(s)
-------------------------------------------------------------------------------------------------------------
 T = 499.023, DT = 1, NI = 3, LI = 3, RES = 6.2e-09 (6.6e-06), CFL=0.676 (ELAPSED 00:00:06, REMAINING 00:00:06 )
-------------------------------------------------------------------------------------------------------------
	 #1 (1.8447e-02, 3.5802e-04): lin 1 (0.0e+00)
Composition correction applied in 19 block(s)
	 #2 (9.5155e-03, 3.9331e-06): lin 1 (0.0e+00)
Composition correction applied in 19 block(s)
	 #3 (5.5215e-04, 2.9126e-06): lin 1 (0.0e+00)
Composition correction applied in 19 block(s)
-------------------------------------------------------------------------------------------------------------
 T = 500.023, DT = 1, NI = 3, LI = 3, RES = 2.3e-06 (6.6e-06), CFL=0.689 (ELAPSED 00:00:06, REMAINING 00:00:06 )
-------------------------------------------------------------------------------------------------------------
	 #1 (1.6960e-02, 5.8314e-04): lin 1 (0.0e+00)
Composition correction applied in 19 block(s)
	 #2 (4.6159e-03, 4.3499e-06): lin 1 (0.0e+00)
Composition correction applied in 19 block(s)
	 #3 (1.0698e-04, 6.8820e-06): lin 1 (0.0e+00)
Composition correction applied in 19 block(s)
-------------------------------------------------------------------------------------------------------------
 T = 501.023, DT = 1, NI = 3, LI = 3, RES = 1.5e-08 (4.7e-06), CFL=0.675 (ELAPSED 00:00:06, REMAINING 00:00:06 )
-------------------------------------------------------------------------------------------------------------
	 #1 (1.7429e-02, 6.3820e-04): lin 1 (0.0e+00)
Composition correction applied in 19 block(s)
	 #2 (5.1049e-03, 4.6911e-06): lin 1 (0.0e+00)
Composition correction applied in 19 block(s)
	 #3 (6.2172e-05, 6.6064e-06): lin 1 (0.0e+00)
Composition correction applied in 19 block(s)
-------------------------------------------------------------------------------------------------------------
 T = 502.023, DT = 1, NI = 3, LI = 3, RES = 1.8e-08 (6.6e-06), CFL=0.683 (ELAPSED 00:00:06, REMAINING 00:00:06 )
-------------------------------------------------------------------------------------------------------------
	 #1 (1.8173e-02, 3.4444e-04): lin 1 (0.0e+00)
Composition correction applied in 19 block(s)
	 #2 (8.1515e-03, 7.5055e-06): lin 1 (0.0e+00)
Composition correction applied in 19 block(s)
	 #3 (3.4382e-04, 7.8685e-06): lin 1 (0.0e+00)
Composition correction applied in 19 block(s)
-------------------------------------------------------------------------------------------------------------
 T = 503.023, DT = 1, NI = 3, LI = 3, RES = 9.2e-07 (4.7e-06), CFL=0.686 (ELAPSED 00:00:06, REMAINING 00:00:06 )
-------------------------------------------------------------------------------------------------------------
	 #1 (1.6503e-02, 1.4300e-04): lin 1 (0.0e+00)
Composition correction applied in 19 block(s)
	 #2 (2.9597e-03, 6.7215e-06): lin 1 (0.0e+00)
Composition correction applied in 19 block(s)
	 #3 (4.1893e-05, 6.6160e-06): lin 1 (0.0e+00)
Composition correction applied in 19 block(s)
-------------------------------------------------------------------------------------------------------------
 T = 504.023, DT = 1, NI = 3, LI = 3, RES = 1.1e-08 (4.7e-06), CFL=0.675 (ELAPSED 00:00:06, REMAINING 00:00:06 )
-------------------------------------------------------------------------------------------------------------
	 #1 (1.8459e-02, 8.7904e-04): lin 1 (0.0e+00)
Composition correction applied in 19 block(s)
	 #2 (1.0828e-02, 3.8437e-06): lin 1 (0.0e+00)
Composition correction applied in 19 block(s)
	 #3 (7.5802e-04, 2.3742e-06): lin 1 (0.0e+00)
Composition correction applied in 19 block(s)
-------------------------------------------------------------------------------------------------------------
 T = 505.023, DT = 1, NI = 3, LI = 3, RES = 4.3e-06 (6.6e-06), CFL=0.691 (ELAPSED 00:00:06, REMAINING 00:00:06 )
-------------------------------------------------------------------------------------------------------------
	 #1 (1.7641e-02, 9.0389e-04): lin 1 (0.0e+00)
Composition correction applied in 19 block(s)
	 #2 (6.2381e-03, 7.3032e-06): lin 1 (0.0e+00)
Composition correction applied in 19 block(s)
	 #3 (1.7870e-04, 4.1035e-06): lin 1 (0.0e+00)
Composition correction applied in 19 block(s)
-------------------------------------------------------------------------------------------------------------
 T = 506.023, DT = 1, NI = 3, LI = 3, RES = 2.5e-07 (4.7e-06), CFL=0.681 (ELAPSED 00:00:06, REMAINING 00:00:06 )
-------------------------------------------------------------------------------------------------------------
	 #1 (1.6686e-02, 2.8985e-04): lin 1 (0.0e+00)
Composition correction applied in 19 block(s)
	 #2 (3.1314e-03, 4.6970e-06): lin 1 (0.0e+00)
Composition correction applied in 19 block(s)
	 #3 (3.1825e-05, 6.5329e-06): lin 1 (0.0e+00)
Composition correction applied in 19 block(s)
-------------------------------------------------------------------------------------------------------------
 T = 507.023, DT = 1, NI = 3, LI = 3, RES = 5.7e-09 (6.5e-06), CFL=0.679 (ELAPSED 00:00:06, REMAINING 00:00:06 )
-------------------------------------------------------------------------------------------------------------
	 #1 (1.8290e-02, 2.8041e-04): lin 1 (0.0e+00)
Composition correction applied in 19 block(s)
	 #2 (9.2320e-03, 3.8942e-06): lin 1 (0.0e+00)
Composition correction applied in 19 block(s)
	 #3 (5.2858e-04, 8.3557e-06): lin 1 (0.0e+00)
Composition correction applied in 19 block(s)
-------------------------------------------------------------------------------------------------------------
 T = 508.023, DT = 1, NI = 3, LI = 3, RES = 2.1e-06 (6.5e-06), CFL=0.689 (ELAPSED 00:00:06, REMAINING 00:00:06 )
-------------------------------------------------------------------------------------------------------------
	 #1 (1.6749e-02, 4.9371e-04): lin 1 (0.0e+00)
Composition correction applied in 19 block(s)
	 #2 (4.3041e-03, 4.2138e-06): lin 1 (0.0e+00)
Composition correction applied in 19 block(s)
	 #3 (9.3377e-05, 4.4435e-06): lin 1 (0.0e+00)
Composition correction applied in 19 block(s)
-------------------------------------------------------------------------------------------------------------
 T = 509.023, DT = 1, NI = 3, LI = 3, RES = 1.3e-08 (4.7e-06), CFL=0.684 (ELAPSED 00:00:06, REMAINING 00:00:06 )
-------------------------------------------------------------------------------------------------------------
	 #1 (1.7444e-02, 6.8253e-04): lin 1 (0.0e+00)
Composition correction applied in 19 block(s)
	 #2 (5.0003e-03, 4.6020e-06): lin 1 (0.0e+00)
Composition correction applied in 19 block(s)
	 #3 (6.2537e-05, 4.6473e-06): lin 1 (0.0e+00)
Composition correction applied in 19 block(s)
-------------------------------------------------------------------------------------------------------------
 T = 510.023, DT = 1, NI = 3, LI = 3, RES = 1.8e-08 (4.7e-06), CFL=0.685 (ELAPSED 00:00:06, REMAINING 00:00:06 )
-------------------------------------------------------------------------------------------------------------
	 #1 (1.8001e-02, 4.0774e-04): lin 1 (0.0e+00)
Composition correction applied in 19 block(s)
	 #2 (7.8605e-03, 3.5697e-06): lin 1 (0.0e+00)
Composition correction applied in 19 block(s)
	 #3 (3.1744e-04, 3.4881e-06): lin 1 (0.0e+00)
Composition correction applied in 19 block(s)
-------------------------------------------------------------------------------------------------------------
 T = 511.023, DT = 1, NI = 3, LI = 3, RES = 7.8e-07 (4.6e-06), CFL=0.686 (ELAPSED 00:00:06, REMAINING 00:00:06 )
-------------------------------------------------------------------------------------------------------------
	 #1 (1.6373e-02, 7.7278e-05): lin 1 (0.0e+00)
Composition correction applied in 19 block(s)
	 #2 (2.9581e-03, 4.4796e-06): lin 1 (0.0e+00)
Composition correction applied in 19 block(s)
	 #3 (8.7843e-05, 4.6141e-06): lin 1 (0.0e+00)
Composition correction applied in 19 block(s)
-------------------------------------------------------------------------------------------------------------
 T = 512.023, DT = 1, NI = 3, LI = 3, RES = 3.0e-07 (6.5e-06), CFL=0.684 (ELAPSED 00:00:06, REMAINING 00:00:06 )
-------------------------------------------------------------------------------------------------------------
	 #1 (1.8281e-02, 9.2787e-04): lin 1 (0.0e+00)
Composition correction applied in 19 block(s)
	 #2 (1.0515e-02, 7.1134e-06): lin 1 (0.0e+00)
Composition correction applied in 19 block(s)
	 #3 (7.2054e-04, 2.2963e-06): lin 1 (0.0e+00)
Composition correction applied in 19 block(s)
-------------------------------------------------------------------------------------------------------------
 T = 513.023, DT = 1, NI = 3, LI = 3, RES = 3.9e-06 (6.5e-06), CFL=0.689 (ELAPSED 00:00:06, REMAINING 00:00:06 )
-------------------------------------------------------------------------------------------------------------
	 #1 (1.7313e-02, 6.7097e-04): lin 1 (0.0e+00)
Composition correction applied in 19 block(s)
	 #2 (5.8573e-03, 7.2477e-06): lin 1 (0.0e+00)
Composition correction applied in 19 block(s)
	 #3 (1.3932e-04, 3.9688e-06): lin 1 (0.0e+00)
Composition correction applied in 19 block(s)
-------------------------------------------------------------------------------------------------------------
 T = 514.023, DT = 1, NI = 3, LI = 3, RES = 1.5e-07 (6.4e-06), CFL=0.678 (ELAPSED 00:00:06, REMAINING 00:00:06 )
-------------------------------------------------------------------------------------------------------------
	 #1 (1.6575e-02, 3.9107e-04): lin 1 (0.0e+00)
Composition correction applied in 19 block(s)
	 #2 (3.1134e-03, 4.6259e-06): lin 1 (0.0e+00)
Composition correction applied in 19 block(s)
	 #3 (3.1317e-05, 6.4263e-06): lin 1 (0.0e+00)
Composition correction applied in 19 block(s)
-------------------------------------------------------------------------------------------------------------
 T = 515.023, DT = 1, NI = 3, LI = 3, RES = 5.3e-09 (6.4e-06), CFL=0.676 (ELAPSED 00:00:06, REMAINING 00:00:06 )
-------------------------------------------------------------------------------------------------------------
	 #1 (1.8040e-02, 1.5819e-04): lin 1 (0.0e+00)
Composition correction applied in 19 block(s)
	 #2 (8.8430e-03, 3.6944e-06): lin 1 (0.0e+00)
Composition correction applied in 20 block(s)
	 #3 (4.7198e-04, 3.1456e-06): lin 1 (0.0e+00)
Composition correction applied in 20 block(s)
-------------------------------------------------------------------------------------------------------------
 T = 516.023, DT = 1, NI = 3, LI = 3, RES = 1.7e-06 (6.4e-06), CFL=0.687 (ELAPSED 00:00:06, REMAINING 00:00:06 )
-------------------------------------------------------------------------------------------------------------
	 #1 (1.6446e-02, 4.3706e-04): lin 1 (0.0e+00)
Composition correction applied in 20 block(s)
	 #2 (3.7949e-03, 4.2407e-06): lin 1 (0.0e+00)
Composition correction applied in 20 block(s)
	 #3 (7.4726e-05, 4.4360e-06): lin 1 (0.0e+00)
Composition correction applied in 20 block(s)
-------------------------------------------------------------------------------------------------------------
 T = 517.023, DT = 1, NI = 3, LI = 3, RES = 1.4e-08 (6.4e-06), CFL=0.676 (ELAPSED 00:00:06, REMAINING 00:00:05 )
-------------------------------------------------------------------------------------------------------------
	 #1 (1.7512e-02, 6.8610e-04): lin 1 (0.0e+00)
Composition correction applied in 20 block(s)
	 #2 (4.8301e-03, 6.5256e-06): lin 1 (0.0e+00)
Composition correction applied in 20 block(s)
	 #3 (6.3233e-05, 4.5772e-06): lin 1 (0.0e+00)
Composition correction applied in 20 block(s)
-------------------------------------------------------------------------------------------------------------
 T = 518.023, DT = 1, NI = 3, LI = 3, RES = 1.7e-08 (6.4e-06), CFL=0.684 (ELAPSED 00:00:06, REMAINING 00:00:05 )
-------------------------------------------------------------------------------------------------------------
	 #1 (1.7746e-02, 5.9395e-04): lin 1 (0.0e+00)
Composition correction applied in 19 block(s)
	 #2 (7.3647e-03, 7.1000e-06): lin 1 (0.0e+00)
Composition correction applied in 20 block(s)
	 #3 (2.6815e-04, 3.5518e-06): lin 1 (0.0e+00)
Composition correction applied in 20 block(s)
-------------------------------------------------------------------------------------------------------------
 T = 519.023, DT = 1, NI = 3, LI = 3, RES = 5.6e-07 (6.4e-06), CFL=0.684 (ELAPSED 00:00:06, REMAINING 00:00:05 )
-------------------------------------------------------------------------------------------------------------
	 #1 (1.6223e-02, 3.2720e-05): lin 1 (0.0e+00)
Composition correction applied in 20 block(s)
	 #2 (2.9512e-03, 4.5421e-06): lin 1 (0.0e+00)
Composition correction applied in 20 block(s)
	 #3 (3.5243e-05, 4.5281e-06): lin 1 (0.0e+00)
Composition correction applied in 20 block(s)
-------------------------------------------------------------------------------------------------------------
 T = 520.023, DT = 1, NI = 3, LI = 3, RES = 8.1e-09 (4.6e-06), CFL=0.675 (ELAPSED 00:00:06, REMAINING 00:00:05 )
-------------------------------------------------------------------------------------------------------------
	 #1 (1.8121e-02, 6.0243e-04): lin 1 (0.0e+00)
Composition correction applied in 19 block(s)
	 #2 (1.0087e-02, 7.1113e-06): lin 1 (0.0e+00)
Composition correction applied in 20 block(s)
	 #3 (6.6947e-04, 2.5803e-06): lin 1 (0.0e+00)
Composition correction applied in 20 block(s)
-------------------------------------------------------------------------------------------------------------
 T = 521.023, DT = 1, NI = 3, LI = 3, RES = 3.4e-06 (6.4e-06), CFL=0.690 (ELAPSED 00:00:06, REMAINING 00:00:05 )
-------------------------------------------------------------------------------------------------------------
	 #1 (1.6995e-02, 7.2388e-04): lin 1 (0.0e+00)
Composition correction applied in 20 block(s)
	 #2 (5.4090e-03, 7.0413e-06): lin 1 (0.0e+00)
Composition correction applied in 20 block(s)
	 #3 (1.1745e-04, 4.1173e-06): lin 1 (0.0e+00)
Composition correction applied in 20 block(s)
-------------------------------------------------------------------------------------------------------------
 T = 522.023, DT = 1, NI = 3, LI = 3, RES = 7.4e-08 (4.5e-06), CFL=0.677 (ELAPSED 00:00:06, REMAINING 00:00:05 )
-------------------------------------------------------------------------------------------------------------
	 #1 (1.6641e-02, 3.9509e-04): lin 1 (0.0e+00)
Composition correction applied in 20 block(s)
	 #2 (5.3111e-03, 4.5836e-06): lin 1 (0.0e+00)
Composition correction applied in 20 block(s)
	 #3 (5.8198e-05, 6.3944e-06): lin 1 (0.0e+00)
Composition correction applied in 20 block(s)
-------------------------------------------------------------------------------------------------------------
 T = 523.023, DT = 1, NI = 3, LI = 3, RES = 1.7e-08 (4.5e-06), CFL=0.680 (ELAPSED 00:00:06, REMAINING 00:00:05 )
-------------------------------------------------------------------------------------------------------------
	 #1 (1.7909e-02, 1.6490e-05): lin 1 (0.0e+00)
Composition correction applied in 19 block(s)
	 #2 (8.8375e-03, 7.1734e-06): lin 1 (0.0e+00)
Composition correction applied in 20 block(s)
	 #3 (4.6099e-04, 3.1977e-06): lin 1 (0.0e+00)
Composition correction applied in 20 block(s)
-------------------------------------------------------------------------------------------------------------
 T = 524.023, DT = 1, NI = 3, LI = 3, RES = 1.6e-06 (4.5e-06), CFL=0.688 (ELAPSED 00:00:06, REMAINING 00:00:05 )
-------------------------------------------------------------------------------------------------------------
	 #1 (1.6284e-02, 3.2264e-04): lin 1 (0.0e+00)
Composition correction applied in 20 block(s)
	 #2 (3.4217e-03, 6.5348e-06): lin 1 (0.0e+00)
Composition correction applied in 20 block(s)
	 #3 (6.1953e-05, 6.3730e-06): lin 1 (0.0e+00)
Composition correction applied in 20 block(s)
-------------------------------------------------------------------------------------------------------------
 T = 525.023, DT = 1, NI = 3, LI = 3, RES = 1.5e-08 (6.3e-06), CFL=0.675 (ELAPSED 00:00:06, REMAINING 00:00:05 )
-------------------------------------------------------------------------------------------------------------
	 #1 (1.7652e-02, 7.5490e-04): lin 1 (0.0e+00)
Composition correction applied in 20 block(s)
	 #2 (4.7563e-03, 4.2916e-06): lin 1 (0.0e+00)
Composition correction applied in 20 block(s)
	 #3 (6.5012e-05, 6.2864e-06): lin 1 (0.0e+00)
Composition correction applied in 20 block(s)
-------------------------------------------------------------------------------------------------------------
 T = 526.023, DT = 1, NI = 3, LI = 3, RES = 1.8e-08 (4.5e-06), CFL=0.687 (ELAPSED 00:00:06, REMAINING 00:00:05 )
-------------------------------------------------------------------------------------------------------------
	 #1 (1.7594e-02, 6.4750e-04): lin 1 (0.0e+00)
Composition correction applied in 19 block(s)
	 #2 (7.0315e-03, 3.6161e-06): lin 1 (0.0e+00)
Composition correction applied in 20 block(s)
	 #3 (2.3946e-04, 3.6902e-06): lin 1 (0.0e+00)
Composition correction applied in 20 block(s)
-------------------------------------------------------------------------------------------------------------
 T = 527.023, DT = 1, NI = 3, LI = 3, RES = 4.5e-07 (4.5e-06), CFL=0.684 (ELAPSED 00:00:06, REMAINING 00:00:05 )
-------------------------------------------------------------------------------------------------------------
	 #1 (1.6161e-02, 6.4761e-05): lin 1 (0.0e+00)
Composition correction applied in 20 block(s)
	 #2 (2.9645e-03, 4.4560e-06): lin 1 (0.0e+00)
Composition correction applied in 20 block(s)
	 #3 (3.3295e-05, 4.4685e-06): lin 1 (0.0e+00)
Composition correction applied in 20 block(s)
-------------------------------------------------------------------------------------------------------------
 T = 528.023, DT = 1, NI = 3, LI = 3, RES = 7.2e-09 (6.3e-06), CFL=0.678 (ELAPSED 00:00:06, REMAINING 00:00:05 )
-------------------------------------------------------------------------------------------------------------
	 #1 (1.7994e-02, 5.2891e-04): lin 1 (0.0e+00)
Composition correction applied in 19 block(s)
	 #2 (9.8004e-03, 6.9547e-06): lin 1 (0.0e+00)
Composition correction applied in 20 block(s)
	 #3 (6.3831e-04, 2.7593e-06): lin 1 (0.0e+00)
Composition correction applied in 20 block(s)
	 #4 (1.2818e-05, 6.2790e-06): lin 1 (0.0e+00)
Composition correction applied in 20 block(s)
-------------------------------------------------------------------------------------------------------------
 T = 529.023, DT = 1, NI = 4, LI = 4, RES = 1.5e-09 (6.3e-06), CFL=0.690 (ELAPSED 00:00:06, REMAINING 00:00:05 )
-------------------------------------------------------------------------------------------------------------
	 #1 (1.6763e-02, 6.1965e-04): lin 1 (0.0e+00)
Composition correction applied in 20 block(s)
	 #2 (5.2217e-03, 6.8360e-06): lin 1 (0.0e+00)
Composition correction applied in 20 block(s)
	 #3 (1.4206e-04, 6.6295e-06): lin 1 (0.0e+00)
Composition correction applied in 20 block(s)
-------------------------------------------------------------------------------------------------------------
 T = 530.023, DT = 1, NI = 3, LI = 3, RES = 4.9e-08 (4.5e-06), CFL=0.682 (ELAPSED 00:00:06, REMAINING 00:00:05 )
-------------------------------------------------------------------------------------------------------------
	 #1 (1.6628e-02, 4.4288e-04): lin 1 (0.0e+00)
Composition correction applied in 20 block(s)
	 #2 (5.1889e-03, 6.2038e-06): lin 1 (0.0e+00)
Composition correction applied in 20 block(s)
	 #3 (5.8369e-05, 6.2752e-06): lin 1 (0.0e+00)
Composition correction applied in 20 block(s)
-------------------------------------------------------------------------------------------------------------
 T = 531.023, DT = 1, NI = 3, LI = 3, RES = 1.7e-08 (4.5e-06), CFL=0.682 (ELAPSED 00:00:06, REMAINING 00:00:05 )
-------------------------------------------------------------------------------------------------------------
	 #1 (1.7760e-02, 4.3803e-05): lin 1 (0.0e+00)
Composition correction applied in 19 block(s)
	 #2 (8.5609e-03, 7.0534e-06): lin 1 (0.0e+00)
Composition correction applied in 20 block(s)
	 #3 (4.3170e-04, 2.9916e-06): lin 1 (0.0e+00)
Composition correction applied in 20 block(s)
-------------------------------------------------------------------------------------------------------------
 T = 532.023, DT = 1, NI = 3, LI = 3, RES = 1.4e-06 (4.4e-06), CFL=0.688 (ELAPSED 00:00:06, REMAINING 00:00:05 )
-------------------------------------------------------------------------------------------------------------
	 #1 (1.6126e-02, 2.5417e-04): lin 1 (0.0e+00)
Composition correction applied in 21 block(s)
	 #2 (3.1393e-03, 4.3238e-06): lin 1 (0.0e+00)
Composition correction applied in 21 block(s)
	 #3 (5.3493e-05, 4.3993e-06): lin 1 (0.0e+00)
Composition correction applied in 21 block(s)
-------------------------------------------------------------------------------------------------------------
 T = 533.023, DT = 1, NI = 3, LI = 3, RES = 1.4e-08 (6.2e-06), CFL=0.689 (ELAPSED 00:00:06, REMAINING 00:00:05 )
-------------------------------------------------------------------------------------------------------------
	 #1 (1.7699e-02, 7.9274e-04): lin 1 (0.0e+00)
Composition correction applied in 21 block(s)
	 #2 (4.6783e-03, 4.2071e-06): lin 1 (0.0e+00)
Composition correction applied in 21 block(s)
	 #3 (6.7715e-05, 6.1917e-06): lin 1 (0.0e+00)
Composition correction applied in 21 block(s)
-------------------------------------------------------------------------------------------------------------
 T = 534.023, DT = 1, NI = 3, LI = 3, RES = 7.3e-08 (6.2e-06), CFL=0.687 (ELAPSED 00:00:06, REMAINING 00:00:05 )
-------------------------------------------------------------------------------------------------------------
	 #1 (1.7390e-02, 5.6376e-04): lin 1 (0.0e+00)
Composition correction applied in 20 block(s)
	 #2 (6.7009e-03, 6.9987e-06): lin 1 (0.0e+00)
Composition correction applied in 21 block(s)
	 #3 (2.1166e-04, 6.9423e-06): lin 1 (0.0e+00)
Composition correction applied in 21 block(s)
-------------------------------------------------------------------------------------------------------------
 T = 535.023, DT = 1, NI = 3, LI = 3, RES = 3.5e-07 (4.4e-06), CFL=0.681 (ELAPSED 00:00:06, REMAINING 00:00:05 )
-------------------------------------------------------------------------------------------------------------
	 #1 (1.6028e-02, 2.4565e-04): lin 1 (0.0e+00)
Composition correction applied in 21 block(s)
	 #2 (2.9374e-03, 4.4663e-06): lin 1 (0.0e+00)
Composition correction applied in 21 block(s)
	 #3 (3.1248e-05, 4.4023e-06): lin 1 (0.0e+00)
Composition correction applied in 21 block(s)
-------------------------------------------------------------------------------------------------------------
 T = 536.023, DT = 1, NI = 3, LI = 3, RES = 6.3e-09 (4.4e-06), CFL=0.678 (ELAPSED 00:00:06, REMAINING 00:00:05 )
-------------------------------------------------------------------------------------------------------------
	 #1 (1.7775e-02, 4.9319e-04): lin 1 (0.0e+00)
Composition correction applied in 20 block(s)
	 #2 (9.4481e-03, 6.6804e-06): lin 1 (0.0e+00)
Composition correction applied in 21 block(s)
	 #3 (5.9544e-04, 7.9521e-06): lin 1 (0.0e+00)
Composition correction applied in 21 block(s)
-------------------------------------------------------------------------------------------------------------
 T = 537.023, DT = 1, NI = 3, LI = 3, RES = 2.7e-06 (6.2e-06), CFL=0.688 (ELAPSED 00:00:06, REMAINING 00:00:05 )
-------------------------------------------------------------------------------------------------------------
	 #1 (1.6442e-02, 5.4546e-04): lin 1 (0.0e+00)
Composition correction applied in 21 block(s)
	 #2 (4.7692e-03, 3.9324e-06): lin 1 (0.0e+00)
Composition correction applied in 21 block(s)
	 #3 (1.1834e-04, 6.4777e-06): lin 1 (0.0e+00)
Composition correction applied in 21 block(s)
-------------------------------------------------------------------------------------------------------------
 T = 538.023, DT = 1, NI = 3, LI = 3, RES = 2.7e-08 (4.4e-06), CFL=0.676 (ELAPSED 00:00:06, REMAINING 00:00:05 )
-------------------------------------------------------------------------------------------------------------
	 #1 (1.6608e-02, 4.6532e-04): lin 1 (0.0e+00)
Composition correction applied in 21 block(s)
	 #2 (4.9887e-03, 4.4059e-06): lin 1 (0.0e+00)
Composition correction applied in 21 block(s)
	 #3 (5.8338e-05, 6.1664e-06): lin 1 (0.0e+00)
Composition correction applied in 21 block(s)
-------------------------------------------------------------------------------------------------------------
 T = 539.023, DT = 1, NI = 3, LI = 3, RES = 1.7e-08 (4.4e-06), CFL=0.681 (ELAPSED 00:00:06, REMAINING 00:00:05 )
-------------------------------------------------------------------------------------------------------------
	 #1 (1.7531e-02, 1.9950e-04): lin 1 (0.0e+00)
Composition correction applied in 20 block(s)
	 #2 (8.1121e-03, 6.7534e-06): lin 1 (0.0e+00)
Composition correction applied in 21 block(s)
	 #3 (3.7958e-04, 3.3049e-06): lin 1 (0.0e+00)
Composition correction applied in 21 block(s)
-------------------------------------------------------------------------------------------------------------
 T = 540.023, DT = 1, NI = 3, LI = 3, RES = 1.1e-06 (4.4e-06), CFL=0.686 (ELAPSED 00:00:06, REMAINING 00:00:05 )
-------------------------------------------------------------------------------------------------------------
	 #1 (1.5909e-02, 2.0396e-04): lin 1 (0.0e+00)
Composition correction applied in 21 block(s)
	 #2 (2.8275e-03, 6.2845e-06): lin 1 (0.0e+00)
Composition correction applied in 21 block(s)
	 #3 (4.2393e-05, 6.1505e-06): lin 1 (0.0e+00)
Composition correction applied in 21 block(s)
-------------------------------------------------------------------------------------------------------------
 T = 541.023, DT = 1, NI = 3, LI = 3, RES = 1.1e-08 (6.1e-06), CFL=0.676 (ELAPSED 00:00:06, REMAINING 00:00:05 )
-------------------------------------------------------------------------------------------------------------
	 #1 (1.7792e-02, 7.6858e-04): lin 1 (0.0e+00)
Composition correction applied in 20 block(s)
	 #2 (1.0648e-02, 3.7506e-06): lin 1 (0.0e+00)
Composition correction applied in 21 block(s)
	 #3 (7.9773e-04, 8.1214e-06): lin 1 (0.0e+00)
Composition correction applied in 21 block(s)
-------------------------------------------------------------------------------------------------------------
 T = 542.023, DT = 1, NI = 3, LI = 3, RES = 4.7e-06 (6.1e-06), CFL=0.690 (ELAPSED 00:00:06, REMAINING 00:00:05 )
-------------------------------------------------------------------------------------------------------------
	 #1 (1.7140e-02, 8.2818e-04): lin 1 (0.0e+00)
Composition correction applied in 20 block(s)
	 #2 (6.2433e-03, 6.8495e-06): lin 1 (0.0e+00)
Composition correction applied in 21 block(s)
	 #3 (2.1269e-04, 3.8443e-06): lin 1 (0.0e+00)
Composition correction applied in 21 block(s)
-------------------------------------------------------------------------------------------------------------
 T = 543.023, DT = 1, NI = 3, LI = 3, RES = 3.4e-07 (4.4e-06), CFL=0.681 (ELAPSED 00:00:06, REMAINING 00:00:05 )
-------------------------------------------------------------------------------------------------------------
	 #1 (1.6034e-02, 1.6968e-04): lin 1 (0.0e+00)
Composition correction applied in 21 block(s)
	 #2 (2.9891e-03, 6.0662e-06): lin 1 (0.0e+00)
Composition correction applied in 21 block(s)
	 #3 (3.0569e-05, 6.0961e-06): lin 1 (0.0e+00)
Composition correction applied in 21 block(s)
-------------------------------------------------------------------------------------------------------------
 T = 544.023, DT = 1, NI = 3, LI = 3, RES = 5.7e-09 (4.4e-06), CFL=0.677 (ELAPSED 00:00:06, REMAINING 00:00:05 )
-------------------------------------------------------------------------------------------------------------
	 #1 (1.7667e-02, 3.0325e-04): lin 1 (0.0e+00)
Composition correction applied in 20 block(s)
	 #2 (9.0897e-03, 6.8656e-06): lin 1 (0.0e+00)
Composition correction applied in 21 block(s)
	 #3 (5.5765e-04, 2.8128e-06): lin 1 (0.0e+00)
Composition correction applied in 21 block(s)
-------------------------------------------------------------------------------------------------------------
 T = 545.023, DT = 1, NI = 3, LI = 3, RES = 2.3e-06 (4.3e-06), CFL=0.689 (ELAPSED 00:00:06, REMAINING 00:00:05 )
-------------------------------------------------------------------------------------------------------------
	 #1 (1.6234e-02, 4.5228e-04): lin 1 (0.0e+00)
Composition correction applied in 21 block(s)
	 #2 (4.3859e-03, 3.9961e-06): lin 1 (0.0e+00)
Composition correction applied in 21 block(s)
	 #3 (9.9868e-05, 6.2973e-06): lin 1 (0.0e+00)
Composition correction applied in 21 block(s)
-------------------------------------------------------------------------------------------------------------
 T = 546.023, DT = 1, NI = 3, LI = 3, RES = 1.5e-08 (4.3e-06), CFL=0.675 (ELAPSED 00:00:06, REMAINING 00:00:05 )
-------------------------------------------------------------------------------------------------------------
	 #1 (1.6714e-02, 5.2603e-04): lin 1 (0.0e+00)
Composition correction applied in 21 block(s)
	 #2 (4.8846e-03, 6.0681e-06): lin 1 (0.0e+00)
Composition correction applied in 21 block(s)
	 #3 (5.9812e-05, 6.0602e-06): lin 1 (0.0e+00)
Composition correction applied in 21 block(s)
-------------------------------------------------------------------------------------------------------------
 T = 547.023, DT = 1, NI = 3, LI = 3, RES = 1.7e-08 (4.3e-06), CFL=0.684 (ELAPSED 00:00:06, REMAINING 00:00:05 )
-------------------------------------------------------------------------------------------------------------
	 #1 (1.7407e-02, 2.6857e-04): lin 1 (0.0e+00)
Composition correction applied in 20 block(s)
	 #2 (7.7866e-03, 6.6831e-06): lin 1 (0.0e+00)
Composition correction applied in 21 block(s)
	 #3 (3.4566e-04, 6.9282e-06): lin 1 (0.0e+00)
Composition correction applied in 21 block(s)
-------------------------------------------------------------------------------------------------------------
 T = 548.023, DT = 1, NI = 3, LI = 3, RES = 9.1e-07 (4.3e-06), CFL=0.686 (ELAPSED 00:00:06, REMAINING 00:00:05 )
-------------------------------------------------------------------------------------------------------------
	 #1 (1.5808e-02, 1.0858e-04): lin 1 (0.0e+00)
Composition correction applied in 21 block(s)
	 #2 (2.8343e-03, 6.1173e-06): lin 1 (0.0e+00)
Composition correction applied in 21 block(s)
	 #3 (3.9198e-05, 4.2857e-06): lin 1 (0.0e+00)
Composition correction applied in 21 block(s)
-------------------------------------------------------------------------------------------------------------
 T = 549.023, DT = 1, NI = 3, LI = 3, RES = 1.0e-08 (4.3e-06), CFL=0.677 (ELAPSED 00:00:06, REMAINING 00:00:05 )
-------------------------------------------------------------------------------------------------------------
	 #1 (1.7685e-02, 7.1612e-04): lin 1 (0.0e+00)
Composition correction applied in 20 block(s)
	 #2 (1.0362e-02, 3.7360e-06): lin 1 (0.0e+00)
Composition correction applied in 21 block(s)
	 #3 (7.6573e-04, 2.6284e-06): lin 1 (0.0e+00)
Composition correction applied in 21 block(s)
-------------------------------------------------------------------------------------------------------------
 T = 550.023, DT = 1, NI = 3, LI = 3, RES = 4.3e-06 (4.3e-06), CFL=0.691 (ELAPSED 00:00:06, REMAINING 00:00:05 )
-------------------------------------------------------------------------------------------------------------
	 #1 (1.6893e-02, 7.1091e-04): lin 1 (0.0e+00)
Composition correction applied in 20 block(s)
	 #2 (5.9570e-03, 3.6095e-06): lin 1 (0.0e+00)
Composition correction applied in 21 block(s)
	 #3 (1.7880e-04, 3.7456e-06): lin 1 (0.0e+00)
Composition correction applied in 21 block(s)
-------------------------------------------------------------------------------------------------------------
 T = 551.023, DT = 1, NI = 3, LI = 3, RES = 2.4e-07 (6.0e-06), CFL=0.681 (ELAPSED 00:00:06, REMAINING 00:00:05 )
-------------------------------------------------------------------------------------------------------------
	 #1 (1.5993e-02, 2.2192e-04): lin 1 (0.0e+00)
Composition correction applied in 21 block(s)
	 #2 (3.0018e-03, 5.9865e-06): lin 1 (0.0e+00)
Composition correction applied in 21 block(s)
	 #3 (3.0326e-05, 4.2936e-06): lin 1 (0.0e+00)
Composition correction applied in 21 block(s)
-------------------------------------------------------------------------------------------------------------
 T = 552.023, DT = 1, NI = 3, LI = 3, RES = 5.4e-09 (6.0e-06), CFL=0.681 (ELAPSED 00:00:06, REMAINING 00:00:05 )
-------------------------------------------------------------------------------------------------------------
	 #1 (1.7526e-02, 2.2788e-04): lin 1 (0.0e+00)
Composition correction applied in 20 block(s)
	 #2 (8.8356e-03, 6.5798e-06): lin 1 (0.0e+00)
Composition correction applied in 21 block(s)
	 #3 (5.3633e-04, 2.9486e-06): lin 1 (0.0e+00)
Composition correction applied in 21 block(s)
-------------------------------------------------------------------------------------------------------------
 T = 553.023, DT = 1, NI = 3, LI = 3, RES = 2.1e-06 (4.3e-06), CFL=0.689 (ELAPSED 00:00:06, REMAINING 00:00:05 )
-------------------------------------------------------------------------------------------------------------
	 #1 (1.6046e-02, 3.8493e-04): lin 1 (0.0e+00)
Composition correction applied in 21 block(s)
	 #2 (4.1072e-03, 6.2956e-06): lin 1 (0.0e+00)
Composition correction applied in 21 block(s)
	 #3 (8.7858e-05, 4.1421e-06): lin 1 (0.0e+00)
Composition correction applied in 21 block(s)
-------------------------------------------------------------------------------------------------------------
 T = 554.023, DT = 1, NI = 3, LI = 3, RES = 1.2e-08 (4.3e-06), CFL=0.687 (ELAPSED 00:00:06, REMAINING 00:00:05 )
-------------------------------------------------------------------------------------------------------------
	 #1 (1.6730e-02, 5.5979e-04): lin 1 (0.0e+00)
Composition correction applied in 21 block(s)
	 #2 (4.7871e-03, 6.0121e-06): lin 1 (0.0e+00)
Composition correction applied in 21 block(s)
	 #3 (5.9797e-05, 4.2589e-06): lin 1 (0.0e+00)
Composition correction applied in 21 block(s)
-------------------------------------------------------------------------------------------------------------
 T = 555.023, DT = 1, NI = 3, LI = 3, RES = 1.7e-08 (4.3e-06), CFL=0.685 (ELAPSED 00:00:06, REMAINING 00:00:05 )
-------------------------------------------------------------------------------------------------------------
	 #1 (1.7250e-02, 3.0837e-04): lin 1 (0.0e+00)
Composition correction applied in 20 block(s)
	 #2 (7.5095e-03, 3.4437e-06): lin 1 (0.0e+00)
Composition correction applied in 21 block(s)
	 #3 (3.2398e-04, 3.3023e-06): lin 1 (0.0e+00)
Composition correction applied in 21 block(s)
-------------------------------------------------------------------------------------------------------------
 T = 556.023, DT = 1, NI = 3, LI = 3, RES = 7.8e-07 (4.3e-06), CFL=0.685 (ELAPSED 00:00:06, REMAINING 00:00:05 )
-------------------------------------------------------------------------------------------------------------
	 #1 (1.5661e-02, 9.1456e-05): lin 1 (0.0e+00)
Composition correction applied in 21 block(s)
	 #2 (2.8040e-03, 6.0312e-06): lin 1 (0.0e+00)
Composition correction applied in 21 block(s)
	 #3 (3.6350e-05, 4.2303e-06): lin 1 (0.0e+00)
Composition correction applied in 21 block(s)
-------------------------------------------------------------------------------------------------------------
 T = 557.023, DT = 1, NI = 3, LI = 3, RES = 8.8e-09 (4.3e-06), CFL=0.681 (ELAPSED 00:00:06, REMAINING 00:00:05 )
-------------------------------------------------------------------------------------------------------------
	 #1 (1.7493e-02, 7.5006e-04): lin 1 (0.0e+00)
Composition correction applied in 21 block(s)
	 #2 (1.0041e-02, 3.6535e-06): lin 1 (0.0e+00)
Composition correction applied in 22 block(s)
	 #3 (7.2460e-04, 7.5262e-06): lin 1 (0.0e+00)
Composition correction applied in 22 block(s)
-------------------------------------------------------------------------------------------------------------
 T = 558.023, DT = 1, NI = 3, LI = 3, RES = 3.9e-06 (6.0e-06), CFL=0.689 (ELAPSED 00:00:07, REMAINING 00:00:05 )
-------------------------------------------------------------------------------------------------------------
	 #1 (1.6564e-02, 6.1788e-04): lin 1 (0.0e+00)
Composition correction applied in 22 block(s)
	 #2 (5.5674e-03, 3.8340e-06): lin 1 (0.0e+00)
Composition correction applied in 22 block(s)
	 #3 (1.3558e-04, 6.4035e-06): lin 1 (0.0e+00)
Composition correction applied in 22 block(s)
-------------------------------------------------------------------------------------------------------------
 T = 559.023, DT = 1, NI = 3, LI = 3, RES = 1.5e-07 (4.2e-06), CFL=0.677 (ELAPSED 00:00:07, REMAINING 00:00:05 )
-------------------------------------------------------------------------------------------------------------
	 #1 (1.5910e-02, 2.7605e-04): lin 1 (0.0e+00)
Composition correction applied in 22 block(s)
	 #2 (2.9959e-03, 4.2573e-06): lin 1 (0.0e+00)
Composition correction applied in 22 block(s)
	 #3 (3.1720e-05, 5.9135e-06): lin 1 (0.0e+00)
Composition correction applied in 22 block(s)
-------------------------------------------------------------------------------------------------------------
 T = 560.023, DT = 1, NI = 3, LI = 3, RES = 5.2e-09 (5.9e-06), CFL=0.677 (ELAPSED 00:00:07, REMAINING 00:00:05 )
-------------------------------------------------------------------------------------------------------------
	 #1 (1.7303e-02, 9.5740e-05): lin 1 (0.0e+00)
Composition correction applied in 21 block(s)
	 #2 (8.4530e-03, 3.7567e-06): lin 1 (0.0e+00)
Composition correction applied in 22 block(s)
	 #3 (4.7476e-04, 7.0951e-06): lin 1 (0.0e+00)
Composition correction applied in 22 block(s)
-------------------------------------------------------------------------------------------------------------
 T = 561.023, DT = 1, NI = 3, LI = 3, RES = 1.7e-06 (5.9e-06), CFL=0.687 (ELAPSED 00:00:07, REMAINING 00:00:05 )
-------------------------------------------------------------------------------------------------------------
	 #1 (1.5772e-02, 3.5947e-04): lin 1 (0.0e+00)
Composition correction applied in 22 block(s)
	 #2 (3.6063e-03, 6.0962e-06): lin 1 (0.0e+00)
Composition correction applied in 22 block(s)
	 #3 (6.9651e-05, 4.1123e-06): lin 1 (0.0e+00)
Composition correction applied in 22 block(s)
-------------------------------------------------------------------------------------------------------------
 T = 562.023, DT = 1, NI = 3, LI = 3, RES = 1.3e-08 (5.9e-06), CFL=0.676 (ELAPSED 00:00:07, REMAINING 00:00:05 )
-------------------------------------------------------------------------------------------------------------
	 #1 (1.6827e-02, 5.6878e-04): lin 1 (0.0e+00)
Composition correction applied in 22 block(s)
	 #2 (4.6346e-03, 4.1278e-06): lin 1 (0.0e+00)
Composition correction applied in 22 block(s)
	 #3 (6.0972e-05, 4.2121e-06): lin 1 (0.0e+00)
Composition correction applied in 22 block(s)
-------------------------------------------------------------------------------------------------------------
 T = 563.023, DT = 1, NI = 3, LI = 3, RES = 1.7e-08 (5.9e-06), CFL=0.685 (ELAPSED 00:00:07, REMAINING 00:00:05 )
-------------------------------------------------------------------------------------------------------------
	 #1 (1.7029e-02, 4.8820e-04): lin 1 (0.0e+00)
Composition correction applied in 21 block(s)
	 #2 (7.0486e-03, 3.6970e-06): lin 1 (0.0e+00)
Composition correction applied in 22 block(s)
	 #3 (2.7026e-04, 6.6643e-06): lin 1 (0.0e+00)
Composition correction applied in 22 block(s)
-------------------------------------------------------------------------------------------------------------
 T = 564.023, DT = 1, NI = 3, LI = 3, RES = 5.6e-07 (4.2e-06), CFL=0.684 (ELAPSED 00:00:07, REMAINING 00:00:05 )
-------------------------------------------------------------------------------------------------------------
	 #1 (1.5571e-02, 1.8421e-05): lin 1 (0.0e+00)
Composition correction applied in 22 block(s)
	 #2 (2.8325e-03, 4.1819e-06): lin 1 (0.0e+00)
Composition correction applied in 22 block(s)
	 #3 (3.3201e-05, 4.1704e-06): lin 1 (0.0e+00)
Composition correction applied in 22 block(s)
-------------------------------------------------------------------------------------------------------------
 T = 565.023, DT = 1, NI = 3, LI = 3, RES = 7.5e-09 (4.2e-06), CFL=0.675 (ELAPSED 00:00:07, REMAINING 00:00:05 )
-------------------------------------------------------------------------------------------------------------
	 #1 (1.7389e-02, 5.0397e-04): lin 1 (0.0e+00)
Composition correction applied in 21 block(s)
	 #2 (9.6711e-03, 3.6433e-06): lin 1 (0.0e+00)
Composition correction applied in 22 block(s)
	 #3 (6.7845e-04, 7.3856e-06): lin 1 (0.0e+00)
Composition correction applied in 22 block(s)
-------------------------------------------------------------------------------------------------------------
 T = 566.023, DT = 1, NI = 3, LI = 3, RES = 3.4e-06 (5.9e-06), CFL=0.690 (ELAPSED 00:00:07, REMAINING 00:00:05 )
-------------------------------------------------------------------------------------------------------------
	 #1 (1.6306e-02, 5.7989e-04): lin 1 (0.0e+00)
Composition correction applied in 22 block(s)
	 #2 (5.1835e-03, 6.2806e-06): lin 1 (0.0e+00)
Composition correction applied in 22 block(s)
	 #3 (1.1203e-04, 3.8894e-06): lin 1 (0.0e+00)
Composition correction applied in 22 block(s)
-------------------------------------------------------------------------------------------------------------
 T = 567.023, DT = 1, NI = 3, LI = 3, RES = 7.5e-08 (5.8e-06), CFL=0.677 (ELAPSED 00:00:07, REMAINING 00:00:05 )
-------------------------------------------------------------------------------------------------------------
	 #1 (1.5971e-02, 3.1476e-04): lin 1 (0.0e+00)
Composition correction applied in 22 block(s)
	 #2 (5.0976e-03, 5.7988e-06): lin 1 (0.0e+00)
Composition correction applied in 22 block(s)
	 #3 (5.5860e-05, 4.1194e-06): lin 1 (0.0e+00)
Composition correction applied in 22 block(s)
-------------------------------------------------------------------------------------------------------------
 T = 568.023, DT = 1, NI = 3, LI = 3, RES = 1.7e-08 (5.8e-06), CFL=0.680 (ELAPSED 00:00:07, REMAINING 00:00:05 )
-------------------------------------------------------------------------------------------------------------
	 #1 (1.7187e-02, 1.0755e-05): lin 1 (0.0e+00)
Composition correction applied in 21 block(s)
	 #2 (8.4811e-03, 3.5296e-06): lin 1 (0.0e+00)
Composition correction applied in 22 block(s)
	 #3 (4.6792e-04, 3.1403e-06): lin 1 (0.0e+00)
Composition correction applied in 22 block(s)
-------------------------------------------------------------------------------------------------------------
 T = 569.023, DT = 1, NI = 3, LI = 3, RES = 1.6e-06 (4.2e-06), CFL=0.688 (ELAPSED 00:00:07, REMAINING 00:00:05 )
-------------------------------------------------------------------------------------------------------------
	 #1 (1.5628e-02, 2.5906e-04): lin 1 (0.0e+00)
Composition correction applied in 22 block(s)
	 #2 (3.2798e-03, 3.9835e-06): lin 1 (0.0e+00)
Composition correction applied in 22 block(s)
	 #3 (5.8635e-05, 4.0776e-06): lin 1 (0.0e+00)
Composition correction applied in 22 block(s)
-------------------------------------------------------------------------------------------------------------
 T = 570.023, DT = 1, NI = 3, LI = 3, RES = 1.4e-08 (4.2e-06), CFL=0.675 (ELAPSED 00:00:07, REMAINING 00:00:05 )
-------------------------------------------------------------------------------------------------------------
	 #1 (1.6940e-02, 6.3837e-04): lin 1 (0.0e+00)
Composition correction applied in 22 block(s)
	 #2 (4.5685e-03, 5.9353e-06): lin 1 (0.0e+00)
Composition correction applied in 22 block(s)
	 #3 (6.2552e-05, 5.7891e-06): lin 1 (0.0e+00)
Composition correction applied in 22 block(s)
-------------------------------------------------------------------------------------------------------------
 T = 571.023, DT = 1, NI = 3, LI = 3, RES = 1.7e-08 (5.8e-06), CFL=0.687 (ELAPSED 00:00:07, REMAINING 00:00:05 )
-------------------------------------------------------------------------------------------------------------
	 #1 (1.6890e-02, 5.3571e-04): lin 1 (0.0e+00)
Composition correction applied in 21 block(s)
	 #2 (6.7549e-03, 6.3353e-06): lin 1 (0.0e+00)
Composition correction applied in 22 block(s)
	 #3 (2.4345e-04, 3.5384e-06): lin 1 (0.0e+00)
Composition correction applied in 22 block(s)
-------------------------------------------------------------------------------------------------------------
 T = 572.023, DT = 1, NI = 3, LI = 3, RES = 4.6e-07 (4.1e-06), CFL=0.684 (ELAPSED 00:00:07, REMAINING 00:00:05 )
-------------------------------------------------------------------------------------------------------------
	 #1 (1.5511e-02, 5.0906e-05): lin 1 (0.0e+00)
Composition correction applied in 22 block(s)
	 #2 (2.8418e-03, 5.7848e-06): lin 1 (0.0e+00)
Composition correction applied in 22 block(s)
	 #3 (3.1452e-05, 4.1237e-06): lin 1 (0.0e+00)
Composition correction applied in 22 block(s)
-------------------------------------------------------------------------------------------------------------
 T = 573.023, DT = 1, NI = 3, LI = 3, RES = 6.7e-09 (4.1e-06), CFL=0.681 (ELAPSED 00:00:07, REMAINING 00:00:05 )
-------------------------------------------------------------------------------------------------------------
	 #1 (1.7272e-02, 4.5078e-04): lin 1 (0.0e+00)
Composition correction applied in 21 block(s)
	 #2 (9.4163e-03, 3.6658e-06): lin 1 (0.0e+00)
Composition correction applied in 22 block(s)
	 #3 (6.4923e-04, 2.6420e-06): lin 1 (0.0e+00)
Composition correction applied in 22 block(s)
-------------------------------------------------------------------------------------------------------------
 T = 574.023, DT = 1, NI = 3, LI = 3, RES = 3.1e-06 (4.1e-06), CFL=0.691 (ELAPSED 00:00:07, REMAINING 00:00:05 )
-------------------------------------------------------------------------------------------------------------
	 #1 (1.6099e-02, 4.9392e-04): lin 1 (0.0e+00)
Composition correction applied in 22 block(s)
	 #2 (5.0174e-03, 6.1584e-06): lin 1 (0.0e+00)
Composition correction applied in 22 block(s)
	 #3 (1.3590e-04, 3.8526e-06): lin 1 (0.0e+00)
Composition correction applied in 22 block(s)
-------------------------------------------------------------------------------------------------------------
 T = 575.023, DT = 1, NI = 3, LI = 3, RES = 5.0e-08 (4.1e-06), CFL=0.685 (ELAPSED 00:00:07, REMAINING 00:00:05 )
-------------------------------------------------------------------------------------------------------------
	 #1 (1.5958e-02, 3.5922e-04): lin 1 (0.0e+00)
Composition correction applied in 22 block(s)
	 #2 (4.9891e-03, 5.7321e-06): lin 1 (0.0e+00)
Composition correction applied in 22 block(s)
	 #3 (5.6265e-05, 5.7609e-06): lin 1 (0.0e+00)
Composition correction applied in 22 block(s)
-------------------------------------------------------------------------------------------------------------
 T = 576.023, DT = 1, NI = 3, LI = 3, RES = 1.6e-08 (4.1e-06), CFL=0.685 (ELAPSED 00:00:07, REMAINING 00:00:05 )
-------------------------------------------------------------------------------------------------------------
	 #1 (1.7052e-02, 2.2070e-05): lin 1 (0.0e+00)
Composition correction applied in 21 block(s)
	 #2 (8.2267e-03, 3.4844e-06): lin 1 (0.0e+00)
Composition correction applied in 22 block(s)
	 #3 (4.3927e-04, 3.2038e-06): lin 1 (0.0e+00)
Composition correction applied in 22 block(s)
-------------------------------------------------------------------------------------------------------------
 T = 577.023, DT = 1, NI = 3, LI = 3, RES = 1.4e-06 (4.1e-06), CFL=0.688 (ELAPSED 00:00:07, REMAINING 00:00:05 )
-------------------------------------------------------------------------------------------------------------
	 #1 (1.5479e-02, 1.7907e-04): lin 1 (0.0e+00)
Composition correction applied in 22 block(s)
	 #2 (2.9970e-03, 3.9571e-06): lin 1 (0.0e+00)
Composition correction applied in 22 block(s)
	 #3 (5.0808e-05, 4.0495e-06): lin 1 (0.0e+00)
Composition correction applied in 22 block(s)
-------------------------------------------------------------------------------------------------------------
 T = 578.023, DT = 1, NI = 3, LI = 3, RES = 3.8e-08 (5.7e-06), CFL=0.684 (ELAPSED 00:00:07, REMAINING 00:00:05 )
-------------------------------------------------------------------------------------------------------------
	 #1 (1.6965e-02, 8.0334e-04): lin 1 (0.0e+00)
Composition correction applied in 22 block(s)
	 #2 (4.4627e-03, 5.8681e-06): lin 1 (0.0e+00)
Composition correction applied in 22 block(s)
	 #3 (6.2568e-05, 5.7048e-06): lin 1 (0.0e+00)
Composition correction applied in 22 block(s)
-------------------------------------------------------------------------------------------------------------
 T = 579.023, DT = 1, NI = 3, LI = 3, RES = 1.7e-08 (5.7e-06), CFL=0.686 (ELAPSED 00:00:07, REMAINING 00:00:05 )
-------------------------------------------------------------------------------------------------------------
	 #1 (1.6671e-02, 4.9709e-04): lin 1 (0.0e+00)
Composition correction applied in 21 block(s)
	 #2 (6.4070e-03, 3.5585e-06): lin 1 (0.0e+00)
Composition correction applied in 22 block(s)
	 #3 (2.1234e-04, 6.2365e-06): lin 1 (0.0e+00)
Composition correction applied in 22 block(s)
-------------------------------------------------------------------------------------------------------------
 T = 580.023, DT = 1, NI = 3, LI = 3, RES = 3.5e-07 (5.7e-06), CFL=0.681 (ELAPSED 00:00:07, REMAINING 00:00:05 )
-------------------------------------------------------------------------------------------------------------
	 #1 (1.5386e-02, 1.0962e-04): lin 1 (0.0e+00)
Composition correction applied in 23 block(s)
	 #2 (2.8231e-03, 4.1063e-06): lin 1 (0.0e+00)
Composition correction applied in 23 block(s)
	 #3 (2.9614e-05, 4.0662e-06): lin 1 (0.0e+00)
Composition correction applied in 23 block(s)
-------------------------------------------------------------------------------------------------------------
 T = 581.023, DT = 1, NI = 3, LI = 3, RES = 5.9e-09 (5.7e-06), CFL=0.677 (ELAPSED 00:00:07, REMAINING 00:00:05 )
-------------------------------------------------------------------------------------------------------------
	 #1 (1.7073e-02, 3.4792e-04): lin 1 (0.0e+00)
Composition correction applied in 22 block(s)
	 #2 (9.0632e-03, 6.2524e-06): lin 1 (0.0e+00)
Composition correction applied in 23 block(s)
	 #3 (6.0373e-04, 6.8039e-06): lin 1 (0.0e+00)
Composition correction applied in 23 block(s)
-------------------------------------------------------------------------------------------------------------
 T = 582.023, DT = 1, NI = 3, LI = 3, RES = 2.7e-06 (5.7e-06), CFL=0.688 (ELAPSED 00:00:07, REMAINING 00:00:05 )
-------------------------------------------------------------------------------------------------------------
	 #1 (1.5796e-02, 4.6396e-04): lin 1 (0.0e+00)
Composition correction applied in 23 block(s)
	 #2 (4.5700e-03, 5.9862e-06): lin 1 (0.0e+00)
Composition correction applied in 23 block(s)
	 #3 (1.1226e-04, 5.8938e-06): lin 1 (0.0e+00)
Composition correction applied in 23 block(s)
-------------------------------------------------------------------------------------------------------------
 T = 583.023, DT = 1, NI = 3, LI = 3, RES = 2.7e-08 (5.7e-06), CFL=0.675 (ELAPSED 00:00:07, REMAINING 00:00:05 )
-------------------------------------------------------------------------------------------------------------
	 #1 (1.5969e-02, 3.6620e-04): lin 1 (0.0e+00)
Composition correction applied in 23 block(s)
	 #2 (4.7982e-03, 4.0657e-06): lin 1 (0.0e+00)
Composition correction applied in 23 block(s)
	 #3 (5.6255e-05, 5.6909e-06): lin 1 (0.0e+00)
Composition correction applied in 23 block(s)
-------------------------------------------------------------------------------------------------------------
 T = 584.023, DT = 1, NI = 3, LI = 3, RES = 1.6e-08 (4.1e-06), CFL=0.681 (ELAPSED 00:00:07, REMAINING 00:00:05 )
-------------------------------------------------------------------------------------------------------------
	 #1 (1.6853e-02, 1.5884e-04): lin 1 (0.0e+00)
Composition correction applied in 22 block(s)
	 #2 (7.7959e-03, 6.0861e-06): lin 1 (0.0e+00)
Composition correction applied in 23 block(s)
	 #3 (3.8606e-04, 6.6147e-06): lin 1 (0.0e+00)
Composition correction applied in 23 block(s)
-------------------------------------------------------------------------------------------------------------
 T = 585.023, DT = 1, NI = 3, LI = 3, RES = 1.1e-06 (4.0e-06), CFL=0.686 (ELAPSED 00:00:07, REMAINING 00:00:05 )
-------------------------------------------------------------------------------------------------------------
	 #1 (1.5294e-02, 1.6967e-04): lin 1 (0.0e+00)
Composition correction applied in 23 block(s)
	 #2 (2.7169e-03, 3.9914e-06): lin 1 (0.0e+00)
Composition correction applied in 23 block(s)
	 #3 (4.0185e-05, 4.0339e-06): lin 1 (0.0e+00)
Composition correction applied in 23 block(s)
-------------------------------------------------------------------------------------------------------------
 T = 586.023, DT = 1, NI = 3, LI = 3, RES = 1.1e-08 (5.6e-06), CFL=0.676 (ELAPSED 00:00:07, REMAINING 00:00:05 )
-------------------------------------------------------------------------------------------------------------
	 #1 (1.7102e-02, 6.4311e-04): lin 1 (0.0e+00)
Composition correction applied in 22 block(s)
	 #2 (1.0243e-02, 3.6803e-06): lin 1 (0.0e+00)
Composition correction applied in 23 block(s)
	 #3 (8.1266e-04, 2.9209e-06): lin 1 (0.0e+00)
Composition correction applied in 23 block(s)
-------------------------------------------------------------------------------------------------------------
 T = 587.023, DT = 1, NI = 3, LI = 3, RES = 4.8e-06 (4.0e-06), CFL=0.691 (ELAPSED 00:00:07, REMAINING 00:00:05 )
-------------------------------------------------------------------------------------------------------------
	 #1 (1.6484e-02, 6.5895e-04): lin 1 (0.0e+00)
Composition correction applied in 23 block(s)
	 #2 (6.0152e-03, 6.1224e-06): lin 1 (0.0e+00)
Composition correction applied in 23 block(s)
	 #3 (2.1891e-04, 6.0666e-06): lin 1 (0.0e+00)
Composition correction applied in 23 block(s)
-------------------------------------------------------------------------------------------------------------
 T = 588.023, DT = 1, NI = 3, LI = 3, RES = 3.5e-07 (4.0e-06), CFL=0.682 (ELAPSED 00:00:07, REMAINING 00:00:05 )
-------------------------------------------------------------------------------------------------------------
	 #1 (1.5407e-02, 1.3379e-04): lin 1 (0.0e+00)
Composition correction applied in 23 block(s)
	 #2 (2.8692e-03, 4.0449e-06): lin 1 (0.0e+00)
Composition correction applied in 23 block(s)
	 #3 (2.9072e-05, 5.6207e-06): lin 1 (0.0e+00)
Composition correction applied in 23 block(s)
-------------------------------------------------------------------------------------------------------------
 T = 589.023, DT = 1, NI = 3, LI = 3, RES = 5.4e-09 (4.0e-06), CFL=0.677 (ELAPSED 00:00:07, REMAINING 00:00:05 )
-------------------------------------------------------------------------------------------------------------
	 #1 (1.6983e-02, 2.6443e-04): lin 1 (0.0e+00)
Composition correction applied in 22 block(s)
	 #2 (8.7542e-03, 3.6089e-06): lin 1 (0.0e+00)
Composition correction applied in 23 block(s)
	 #3 (5.7042e-04, 2.9654e-06): lin 1 (0.0e+00)
Composition correction applied in 23 block(s)
-------------------------------------------------------------------------------------------------------------
 T = 590.023, DT = 1, NI = 3, LI = 3, RES = 2.4e-06 (4.0e-06), CFL=0.690 (ELAPSED 00:00:07, REMAINING 00:00:05 )
-------------------------------------------------------------------------------------------------------------
	 #1 (1.5615e-02, 3.7094e-04): lin 1 (0.0e+00)
Composition correction applied in 23 block(s)
	 #2 (4.2397e-03, 3.7312e-06): lin 1 (0.0e+00)
Composition correction applied in 23 block(s)
	 #3 (9.6310e-05, 5.7281e-06): lin 1 (0.0e+00)
Composition correction applied in 23 block(s)
-------------------------------------------------------------------------------------------------------------
 T = 591.023, DT = 1, NI = 3, LI = 3, RES = 1.6e-08 (4.0e-06), CFL=0.675 (ELAPSED 00:00:07, REMAINING 00:00:05 )
-------------------------------------------------------------------------------------------------------------
	 #1 (1.6051e-02, 4.3547e-04): lin 1 (0.0e+00)
Composition correction applied in 23 block(s)
	 #2 (4.7043e-03, 5.5951e-06): lin 1 (0.0e+00)
Composition correction applied in 23 block(s)
	 #3 (5.7339e-05, 3.9905e-06): lin 1 (0.0e+00)
Composition correction applied in 23 block(s)
-------------------------------------------------------------------------------------------------------------
 T = 592.023, DT = 1, NI = 3, LI = 3, RES = 1.6e-08 (5.6e-06), CFL=0.684 (ELAPSED 00:00:07, REMAINING 00:00:05 )
-------------------------------------------------------------------------------------------------------------
	 #1 (1.6738e-02, 2.1303e-04): lin 1 (0.0e+00)
Composition correction applied in 22 block(s)
	 #2 (7.5116e-03, 3.4671e-06): lin 1 (0.0e+00)
Composition correction applied in 23 block(s)
	 #3 (3.5485e-04, 6.4643e-06): lin 1 (0.0e+00)
Composition correction applied in 23 block(s)
-------------------------------------------------------------------------------------------------------------
 T = 593.023, DT = 1, NI = 3, LI = 3, RES = 9.5e-07 (4.0e-06), CFL=0.686 (ELAPSED 00:00:07, REMAINING 00:00:05 )
-------------------------------------------------------------------------------------------------------------
	 #1 (1.5199e-02, 9.9150e-05): lin 1 (0.0e+00)
Composition correction applied in 23 block(s)
	 #2 (2.7194e-03, 5.6578e-06): lin 1 (0.0e+00)
Composition correction applied in 23 block(s)
	 #3 (3.7334e-05, 3.9690e-06): lin 1 (0.0e+00)
Composition correction applied in 23 block(s)
-------------------------------------------------------------------------------------------------------------
 T = 594.023, DT = 1, NI = 3, LI = 3, RES = 9.4e-09 (4.0e-06), CFL=0.680 (ELAPSED 00:00:07, REMAINING 00:00:05 )
-------------------------------------------------------------------------------------------------------------
	 #1 (1.7001e-02, 6.1005e-04): lin 1 (0.0e+00)
Composition correction applied in 22 block(s)
	 #2 (9.9872e-03, 3.5715e-06): lin 1 (0.0e+00)
Composition correction applied in 23 block(s)
	 #3 (7.8315e-04, 2.7539e-06): lin 1 (0.0e+00)
Composition correction applied in 23 block(s)
-------------------------------------------------------------------------------------------------------------
 T = 595.023, DT = 1, NI = 3, LI = 3, RES = 4.5e-06 (4.0e-06), CFL=0.691 (ELAPSED 00:00:07, REMAINING 00:00:05 )
-------------------------------------------------------------------------------------------------------------
	 #1 (1.6261e-02, 5.8497e-04): lin 1 (0.0e+00)
Composition correction applied in 23 block(s)
	 #2 (5.7603e-03, 5.9449e-06): lin 1 (0.0e+00)
Composition correction applied in 23 block(s)
	 #3 (1.8673e-04, 6.0277e-06): lin 1 (0.0e+00)
Composition correction applied in 23 block(s)
-------------------------------------------------------------------------------------------------------------
 T = 596.023, DT = 1, NI = 3, LI = 3, RES = 2.6e-07 (4.0e-06), CFL=0.682 (ELAPSED 00:00:07, REMAINING 00:00:05 )
-------------------------------------------------------------------------------------------------------------
	 #1 (1.5367e-02, 1.8232e-04): lin 1 (0.0e+00)
Composition correction applied in 23 block(s)
	 #2 (2.8786e-03, 5.5317e-06): lin 1 (0.0e+00)
Composition correction applied in 23 block(s)
	 #3 (4.1609e-05, 5.5480e-06): lin 1 (0.0e+00)
Composition correction applied in 23 block(s)
-------------------------------------------------------------------------------------------------------------
 T = 597.023, DT = 1, NI = 3, LI = 3, RES = 1.3e-08 (5.5e-06), CFL=0.685 (ELAPSED 00:00:07, REMAINING 00:00:04 )
-------------------------------------------------------------------------------------------------------------
	 #1 (1.6856e-02, 1.9945e-04): lin 1 (0.0e+00)
Composition correction applied in 22 block(s)
	 #2 (8.5260e-03, 3.3970e-06): lin 1 (0.0e+00)
Composition correction applied in 23 block(s)
	 #3 (5.5014e-04, 2.9349e-06): lin 1 (0.0e+00)
Composition correction applied in 23 block(s)
-------------------------------------------------------------------------------------------------------------
 T = 598.023, DT = 1, NI = 3, LI = 3, RES = 2.2e-06 (4.0e-06), CFL=0.690 (ELAPSED 00:00:07, REMAINING 00:00:04 )
-------------------------------------------------------------------------------------------------------------
	 #1 (1.5443e-02, 3.1085e-04): lin 1 (0.0e+00)
Composition correction applied in 24 block(s)
	 #2 (4.6350e-03, 3.7771e-06): lin 1 (0.0e+00)
Composition correction applied in 23 block(s)
	 #3 (8.5786e-05, 3.8547e-06): lin 1 (0.0e+00)
Composition correction applied in 23 block(s)
-------------------------------------------------------------------------------------------------------------
 T = 599.023, DT = 1, NI = 3, LI = 3, RES = 8.6e-08 (5.5e-06), CFL=0.686 (ELAPSED 00:00:07, REMAINING 00:00:04 )
-------------------------------------------------------------------------------------------------------------
	 #1 (1.6057e-02, 4.9659e-04): lin 1 (0.0e+00)
Composition correction applied in 24 block(s)
	 #2 (4.5947e-03, 3.9475e-06): lin 1 (0.0e+00)
Composition correction applied in 24 block(s)
	 #3 (5.7382e-05, 3.9494e-06): lin 1 (0.0e+00)
Composition correction applied in 24 block(s)
-------------------------------------------------------------------------------------------------------------
 T = 600.023, DT = 1, NI = 3, LI = 3, RES = 1.6e-08 (5.5e-06), CFL=0.683 (ELAPSED 00:00:07, REMAINING 00:00:04 )
-------------------------------------------------------------------------------------------------------------
	 #1 (1.6558e-02, 1.2393e-04): lin 1 (0.0e+00)
Composition correction applied in 23 block(s)
	 #2 (7.2121e-03, 3.4252e-06): lin 1 (0.0e+00)
Composition correction applied in 24 block(s)
	 #3 (3.2207e-04, 6.1341e-06): lin 1 (0.0e+00)
Composition correction applied in 24 block(s)
-------------------------------------------------------------------------------------------------------------
 T = 601.023, DT = 1, NI = 3, LI = 3, RES = 7.8e-07 (3.9e-06), CFL=0.684 (ELAPSED 00:00:07, REMAINING 00:00:04 )
-------------------------------------------------------------------------------------------------------------
	 #1 (1.5037e-02, 1.6405e-05): lin 1 (0.0e+00)
Composition correction applied in 24 block(s)
	 #2 (2.6890e-03, 3.9118e-06): lin 1 (0.0e+00)
Composition correction applied in 24 block(s)
	 #3 (3.4269e-05, 3.9269e-06): lin 1 (0.0e+00)
Composition correction applied in 24 block(s)
-------------------------------------------------------------------------------------------------------------
 T = 602.023, DT = 1, NI = 3, LI = 3, RES = 8.2e-09 (3.9e-06), CFL=0.678 (ELAPSED 00:00:07, REMAINING 00:00:04 )
-------------------------------------------------------------------------------------------------------------
	 #1 (1.6816e-02, 5.5300e-04): lin 1 (0.0e+00)
Composition correction applied in 23 block(s)
	 #2 (9.6616e-03, 3.4684e-06): lin 1 (0.0e+00)
Composition correction applied in 24 block(s)
	 #3 (7.3786e-04, 6.3832e-06): lin 1 (0.0e+00)
Composition correction applied in 24 block(s)
-------------------------------------------------------------------------------------------------------------
 T = 603.023, DT = 1, NI = 3, LI = 3, RES = 4.0e-06 (5.5e-06), CFL=0.689 (ELAPSED 00:00:07, REMAINING 00:00:04 )
-------------------------------------------------------------------------------------------------------------
	 #1 (1.5941e-02, 5.4689e-04): lin 1 (0.0e+00)
Composition correction applied in 24 block(s)
	 #2 (5.3656e-03, 3.5136e-06): lin 1 (0.0e+00)
Composition correction applied in 24 block(s)
	 #3 (1.3912e-04, 3.6216e-06): lin 1 (0.0e+00)
Composition correction applied in 24 block(s)
-------------------------------------------------------------------------------------------------------------
 T = 604.023, DT = 1, NI = 3, LI = 3, RES = 1.5e-07 (3.9e-06), CFL=0.677 (ELAPSED 00:00:07, REMAINING 00:00:04 )
-------------------------------------------------------------------------------------------------------------
	 #1 (1.5310e-02, 2.0198e-04): lin 1 (0.0e+00)
Composition correction applied in 24 block(s)
	 #2 (2.8845e-03, 5.4592e-06): lin 1 (0.0e+00)
Composition correction applied in 24 block(s)
	 #3 (2.8883e-05, 5.4721e-06): lin 1 (0.0e+00)
Composition correction applied in 24 block(s)
-------------------------------------------------------------------------------------------------------------
 T = 605.023, DT = 1, NI = 3, LI = 3, RES = 4.8e-09 (5.5e-06), CFL=0.677 (ELAPSED 00:00:07, REMAINING 00:00:04 )
-------------------------------------------------------------------------------------------------------------
	 #1 (1.6658e-02, 8.1891e-05): lin 1 (0.0e+00)
Composition correction applied in 23 block(s)
	 #2 (8.1500e-03, 3.5048e-06): lin 1 (0.0e+00)
Composition correction applied in 24 block(s)
	 #3 (4.8571e-04, 3.0772e-06): lin 1 (0.0e+00)
Composition correction applied in 24 block(s)
-------------------------------------------------------------------------------------------------------------
 T = 606.023, DT = 1, NI = 3, LI = 3, RES = 1.8e-06 (3.9e-06), CFL=0.688 (ELAPSED 00:00:07, REMAINING 00:00:04 )
-------------------------------------------------------------------------------------------------------------
	 #1 (1.5191e-02, 2.8914e-04): lin 1 (0.0e+00)
Composition correction applied in 24 block(s)
	 #2 (3.4988e-03, 3.7435e-06): lin 1 (0.0e+00)
Composition correction applied in 24 block(s)
	 #3 (6.7251e-05, 3.8287e-06): lin 1 (0.0e+00)
Composition correction applied in 24 block(s)
-------------------------------------------------------------------------------------------------------------
 T = 607.023, DT = 1, NI = 3, LI = 3, RES = 1.2e-08 (3.9e-06), CFL=0.676 (ELAPSED 00:00:07, REMAINING 00:00:04 )
-------------------------------------------------------------------------------------------------------------
	 #1 (1.6180e-02, 4.7650e-04): lin 1 (0.0e+00)
Composition correction applied in 24 block(s)
	 #2 (4.4743e-03, 3.8273e-06): lin 1 (0.0e+00)
Composition correction applied in 24 block(s)
	 #3 (5.8807e-05, 3.9008e-06): lin 1 (0.0e+00)
Composition correction applied in 24 block(s)
-------------------------------------------------------------------------------------------------------------
 T = 608.023, DT = 1, NI = 3, LI = 3, RES = 1.6e-08 (3.9e-06), CFL=0.685 (ELAPSED 00:00:07, REMAINING 00:00:04 )
-------------------------------------------------------------------------------------------------------------
	 #1 (1.6403e-02, 3.7548e-04): lin 1 (0.0e+00)
Composition correction applied in 24 block(s)
	 #2 (6.8176e-03, 5.8153e-06): lin 1 (0.0e+00)
Composition correction applied in 24 block(s)
	 #3 (2.7912e-04, 3.2509e-06): lin 1 (0.0e+00)
Composition correction applied in 24 block(s)
-------------------------------------------------------------------------------------------------------------
 T = 609.023, DT = 1, NI = 3, LI = 3, RES = 5.9e-07 (3.9e-06), CFL=0.684 (ELAPSED 00:00:07, REMAINING 00:00:04 )
-------------------------------------------------------------------------------------------------------------
	 #1 (1.4987e-02, 1.9914e-05): lin 1 (0.0e+00)
Composition correction applied in 24 block(s)
	 #2 (2.7217e-03, 5.4076e-06): lin 1 (0.0e+00)
Composition correction applied in 24 block(s)
	 #3 (3.1740e-05, 3.8708e-06): lin 1 (0.0e+00)
Composition correction applied in 24 block(s)
-------------------------------------------------------------------------------------------------------------
 T = 610.023, DT = 1, NI = 3, LI = 3, RES = 7.1e-09 (5.4e-06), CFL=0.675 (ELAPSED 00:00:07, REMAINING 00:00:04 )
-------------------------------------------------------------------------------------------------------------
	 #1 (1.6739e-02, 4.2759e-04): lin 1 (0.0e+00)
Composition correction applied in 23 block(s)
	 #2 (9.3418e-03, 5.7171e-06): lin 1 (0.0e+00)
Composition correction applied in 24 block(s)
	 #3 (6.9658e-04, 6.4203e-06): lin 1 (0.0e+00)
Composition correction applied in 24 block(s)
-------------------------------------------------------------------------------------------------------------
 T = 611.023, DT = 1, NI = 3, LI = 3, RES = 3.5e-06 (3.9e-06), CFL=0.690 (ELAPSED 00:00:07, REMAINING 00:00:04 )
-------------------------------------------------------------------------------------------------------------
	 #1 (1.5720e-02, 4.6865e-04): lin 1 (0.0e+00)
Composition correction applied in 24 block(s)
	 #2 (5.0367e-03, 5.7082e-06): lin 1 (0.0e+00)
Composition correction applied in 24 block(s)
	 #3 (1.1102e-04, 3.5570e-06): lin 1 (0.0e+00)
Composition correction applied in 24 block(s)
-------------------------------------------------------------------------------------------------------------
 T = 612.023, DT = 1, NI = 3, LI = 3, RES = 8.1e-08 (3.9e-06), CFL=0.678 (ELAPSED 00:00:07, REMAINING 00:00:04 )
-------------------------------------------------------------------------------------------------------------
	 #1 (1.5357e-02, 2.5987e-04): lin 1 (0.0e+00)
Composition correction applied in 24 block(s)
	 #2 (4.9276e-03, 3.8879e-06): lin 1 (0.0e+00)
Composition correction applied in 24 block(s)
	 #3 (5.3660e-05, 3.8505e-06): lin 1 (0.0e+00)
Composition correction applied in 24 block(s)
-------------------------------------------------------------------------------------------------------------
 T = 613.023, DT = 1, NI = 3, LI = 3, RES = 1.6e-08 (5.4e-06), CFL=0.680 (ELAPSED 00:00:07, REMAINING 00:00:04 )
-------------------------------------------------------------------------------------------------------------
	 #1 (1.6550e-02, 3.2235e-05): lin 1 (0.0e+00)
Composition correction applied in 23 block(s)
	 #2 (8.2069e-03, 3.3201e-06): lin 1 (0.0e+00)
Composition correction applied in 24 block(s)
	 #3 (4.8320e-04, 6.1315e-06): lin 1 (0.0e+00)
Composition correction applied in 24 block(s)
-------------------------------------------------------------------------------------------------------------
 T = 614.023, DT = 1, NI = 3, LI = 3, RES = 1.7e-06 (3.9e-06), CFL=0.688 (ELAPSED 00:00:07, REMAINING 00:00:04 )
-------------------------------------------------------------------------------------------------------------
	 #1 (1.5058e-02, 2.2045e-04): lin 1 (0.0e+00)
Composition correction applied in 24 block(s)
	 #2 (3.2131e-03, 5.4990e-06): lin 1 (0.0e+00)
Composition correction applied in 24 block(s)
	 #3 (5.7553e-05, 5.4311e-06): lin 1 (0.0e+00)
Composition correction applied in 24 block(s)
-------------------------------------------------------------------------------------------------------------
 T = 615.023, DT = 1, NI = 3, LI = 3, RES = 1.3e-08 (3.9e-06), CFL=0.678 (ELAPSED 00:00:07, REMAINING 00:00:04 )
-------------------------------------------------------------------------------------------------------------
	 #1 (1.6270e-02, 5.2373e-04): lin 1 (0.0e+00)
Composition correction applied in 24 block(s)
	 #2 (4.4110e-03, 3.7335e-06): lin 1 (0.0e+00)
Composition correction applied in 24 block(s)
	 #3 (6.0017e-05, 5.3668e-06): lin 1 (0.0e+00)
Composition correction applied in 24 block(s)
-------------------------------------------------------------------------------------------------------------
 T = 616.023, DT = 1, NI = 3, LI = 3, RES = 1.7e-08 (3.9e-06), CFL=0.687 (ELAPSED 00:00:07, REMAINING 00:00:04 )
-------------------------------------------------------------------------------------------------------------
	 #1 (1.6275e-02, 4.0635e-04): lin 1 (0.0e+00)
Composition correction applied in 24 block(s)
	 #2 (6.5569e-03, 3.4829e-06): lin 1 (0.0e+00)
Composition correction applied in 24 block(s)
	 #3 (2.5389e-04, 3.3952e-06): lin 1 (0.0e+00)
Composition correction applied in 24 block(s)
-------------------------------------------------------------------------------------------------------------
 T = 617.023, DT = 1, NI = 3, LI = 3, RES = 4.9e-07 (3.8e-06), CFL=0.684 (ELAPSED 00:00:07, REMAINING 00:00:04 )
-------------------------------------------------------------------------------------------------------------
	 #1 (1.4927e-02, 2.4459e-05): lin 1 (0.0e+00)
Composition correction applied in 24 block(s)
	 #2 (2.7286e-03, 5.3821e-06): lin 1 (0.0e+00)
Composition correction applied in 24 block(s)
	 #3 (3.0262e-05, 5.3678e-06): lin 1 (0.0e+00)
Composition correction applied in 24 block(s)
-------------------------------------------------------------------------------------------------------------
 T = 618.023, DT = 1, NI = 3, LI = 3, RES = 6.5e-09 (5.3e-06), CFL=0.683 (ELAPSED 00:00:07, REMAINING 00:00:04 )
-------------------------------------------------------------------------------------------------------------
	 #1 (1.6632e-02, 3.8866e-04): lin 1 (0.0e+00)
Composition correction applied in 23 block(s)
	 #2 (9.1111e-03, 3.3296e-06): lin 1 (0.0e+00)
Composition correction applied in 24 block(s)
	 #3 (6.9415e-04, 3.0323e-06): lin 1 (0.0e+00)
Composition correction applied in 24 block(s)
	 #4 (2.2869e-05, 3.8111e-06): lin 1 (0.0e+00)
Composition correction applied in 24 block(s)
-------------------------------------------------------------------------------------------------------------
 T = 619.023, DT = 1, NI = 4, LI = 4, RES = 5.0e-09 (3.8e-06), CFL=0.691 (ELAPSED 00:00:07, REMAINING 00:00:04 )
-------------------------------------------------------------------------------------------------------------
	 #1 (1.5531e-02, 4.1884e-04): lin 1 (0.0e+00)
Composition correction applied in 24 block(s)
	 #2 (4.8934e-03, 3.5731e-06): lin 1 (0.0e+00)
Composition correction applied in 24 block(s)
	 #3 (3.7673e-04, 3.6202e-06): lin 1 (0.0e+00)
Composition correction applied in 24 block(s)
-------------------------------------------------------------------------------------------------------------
 T = 620.023, DT = 1, NI = 3, LI = 3, RES = 2.4e-06 (3.8e-06), CFL=0.688 (ELAPSED 00:00:07, REMAINING 00:00:04 )
-------------------------------------------------------------------------------------------------------------
	 #1 (1.5343e-02, 2.8903e-04): lin 1 (0.0e+00)
Composition correction applied in 24 block(s)
	 #2 (4.8406e-03, 5.3064e-06): lin 1 (0.0e+00)
Composition correction applied in 24 block(s)
	 #3 (1.8809e-04, 3.8035e-06): lin 1 (0.0e+00)
Composition correction applied in 24 block(s)
-------------------------------------------------------------------------------------------------------------
 T = 621.023, DT = 1, NI = 3, LI = 3, RES = 1.5e-06 (5.3e-06), CFL=0.683 (ELAPSED 00:00:07, REMAINING 00:00:04 )
-------------------------------------------------------------------------------------------------------------
	 #1 (1.6412e-02, 7.5976e-05): lin 1 (0.0e+00)
Composition correction applied in 23 block(s)
	 #2 (7.9490e-03, 5.7333e-06): lin 1 (0.0e+00)
Composition correction applied in 24 block(s)
	 #3 (4.5042e-04, 3.1475e-06): lin 1 (0.0e+00)
Composition correction applied in 24 block(s)
-------------------------------------------------------------------------------------------------------------
 T = 622.023, DT = 1, NI = 3, LI = 3, RES = 1.5e-06 (5.3e-06), CFL=0.686 (ELAPSED 00:00:07, REMAINING 00:00:04 )
-------------------------------------------------------------------------------------------------------------
	 #1 (1.4881e-02, 6.9105e-05): lin 1 (0.0e+00)
Composition correction applied in 24 block(s)
	 #2 (2.8905e-03, 3.6795e-06): lin 1 (0.0e+00)
Composition correction applied in 24 block(s)
	 #3 (4.8472e-05, 3.7494e-06): lin 1 (0.0e+00)
Composition correction applied in 24 block(s)
-------------------------------------------------------------------------------------------------------------
 T = 623.023, DT = 1, NI = 3, LI = 3, RES = 1.2e-08 (3.8e-06), CFL=0.680 (ELAPSED 00:00:07, REMAINING 00:00:04 )
-------------------------------------------------------------------------------------------------------------
	 #1 (1.6296e-02, 6.0791e-04): lin 1 (0.0e+00)
Composition correction applied in 24 block(s)
	 #2 (4.3005e-03, 5.4287e-06): lin 1 (0.0e+00)
Composition correction applied in 24 block(s)
	 #3 (6.0153e-05, 5.2947e-06): lin 1 (0.0e+00)
Composition correction applied in 24 block(s)
-------------------------------------------------------------------------------------------------------------
 T = 624.023, DT = 1, NI = 3, LI = 3, RES = 1.6e-08 (3.8e-06), CFL=0.686 (ELAPSED 00:00:07, REMAINING 00:00:04 )
-------------------------------------------------------------------------------------------------------------
	 #1 (1.6062e-02, 4.5675e-04): lin 1 (0.0e+00)
Composition correction applied in 24 block(s)
	 #2 (6.1977e-03, 5.7060e-06): lin 1 (0.0e+00)
Composition correction applied in 24 block(s)
	 #3 (2.1893e-04, 3.3304e-06): lin 1 (0.0e+00)
Composition correction applied in 24 block(s)
-------------------------------------------------------------------------------------------------------------
 T = 625.023, DT = 1, NI = 3, LI = 3, RES = 3.6e-07 (5.3e-06), CFL=0.681 (ELAPSED 00:00:07, REMAINING 00:00:04 )
-------------------------------------------------------------------------------------------------------------
	 #1 (1.4820e-02, 4.2072e-05): lin 1 (0.0e+00)
Composition correction applied in 24 block(s)
	 #2 (2.7189e-03, 5.2890e-06): lin 1 (0.0e+00)
Composition correction applied in 24 block(s)
	 #3 (2.8383e-05, 3.7772e-06): lin 1 (0.0e+00)
Composition correction applied in 24 block(s)
-------------------------------------------------------------------------------------------------------------
 T = 626.023, DT = 1, NI = 3, LI = 3, RES = 5.6e-09 (5.3e-06), CFL=0.675 (ELAPSED 00:00:07, REMAINING 00:00:04 )
-------------------------------------------------------------------------------------------------------------
	 #1 (1.6458e-02, 2.8351e-04): lin 1 (0.0e+00)
Composition correction applied in 23 block(s)
	 #2 (8.7617e-03, 5.6165e-06): lin 1 (0.0e+00)
Composition correction applied in 24 block(s)
	 #3 (6.2048e-04, 6.0747e-06): lin 1 (0.0e+00)
Composition correction applied in 24 block(s)
-------------------------------------------------------------------------------------------------------------
 T = 627.023, DT = 1, NI = 3, LI = 3, RES = 2.8e-06 (5.3e-06), CFL=0.689 (ELAPSED 00:00:07, REMAINING 00:00:04 )
-------------------------------------------------------------------------------------------------------------
	 #1 (1.5246e-02, 3.9026e-04): lin 1 (0.0e+00)
Composition correction applied in 24 block(s)
	 #2 (4.4504e-03, 3.5775e-06): lin 1 (0.0e+00)
Composition correction applied in 24 block(s)
	 #3 (1.0991e-04, 3.5788e-06): lin 1 (0.0e+00)
Composition correction applied in 24 block(s)
-------------------------------------------------------------------------------------------------------------
 T = 628.023, DT = 1, NI = 3, LI = 3, RES = 3.0e-08 (3.8e-06), CFL=0.675 (ELAPSED 00:00:07, REMAINING 00:00:04 )
-------------------------------------------------------------------------------------------------------------
	 #1 (1.5372e-02, 3.0435e-04): lin 1 (0.0e+00)
Composition correction applied in 24 block(s)
	 #2 (4.6459e-03, 3.7748e-06): lin 1 (0.0e+00)
Composition correction applied in 24 block(s)
	 #3 (5.4172e-05, 5.2735e-06): lin 1 (0.0e+00)
Composition correction applied in 24 block(s)
-------------------------------------------------------------------------------------------------------------
 T = 629.023, DT = 1, NI = 3, LI = 3, RES = 1.6e-08 (5.3e-06), CFL=0.681 (ELAPSED 00:00:07, REMAINING 00:00:04 )
-------------------------------------------------------------------------------------------------------------
	 #1 (1.6256e-02, 1.2262e-04): lin 1 (0.0e+00)
Composition correction applied in 23 block(s)
	 #2 (7.5618e-03, 5.6428e-06): lin 1 (0.0e+00)
Composition correction applied in 25 block(s)
	 #3 (4.0055e-04, 3.2648e-06): lin 1 (0.0e+00)
Composition correction applied in 25 block(s)
-------------------------------------------------------------------------------------------------------------
 T = 630.023, DT = 1, NI = 3, LI = 3, RES = 1.2e-06 (5.3e-06), CFL=0.686 (ELAPSED 00:00:07, REMAINING 00:00:04 )
-------------------------------------------------------------------------------------------------------------
	 #1 (1.4752e-02, 1.5370e-04): lin 1 (0.0e+00)
Composition correction applied in 24 block(s)
	 #2 (2.6137e-03, 3.7270e-06): lin 1 (0.0e+00)
Composition correction applied in 24 block(s)
	 #3 (3.8708e-05, 3.7267e-06): lin 1 (0.0e+00)
Composition correction applied in 24 block(s)
-------------------------------------------------------------------------------------------------------------
 T = 631.023, DT = 1, NI = 3, LI = 3, RES = 1.0e-08 (3.8e-06), CFL=0.676 (ELAPSED 00:00:07, REMAINING 00:00:04 )
-------------------------------------------------------------------------------------------------------------
	 #1 (1.6485e-02, 5.6341e-04): lin 1 (0.0e+00)
Composition correction applied in 23 block(s)
	 #2 (9.9209e-03, 3.3231e-06): lin 1 (0.0e+00)
Composition correction applied in 25 block(s)
	 #3 (8.3726e-04, 2.9425e-06): lin 1 (0.0e+00)
Composition correction applied in 25 block(s)
-------------------------------------------------------------------------------------------------------------
 T = 632.023, DT = 1, NI = 3, LI = 3, RES = 5.0e-06 (5.2e-06), CFL=0.691 (ELAPSED 00:00:07, REMAINING 00:00:04 )
-------------------------------------------------------------------------------------------------------------
	 #1 (1.5930e-02, 5.4983e-04): lin 1 (0.0e+00)
Composition correction applied in 24 block(s)
	 #2 (5.8600e-03, 3.4049e-06): lin 1 (0.0e+00)
Composition correction applied in 24 block(s)
	 #3 (2.3387e-04, 3.4105e-06): lin 1 (0.0e+00)
Composition correction applied in 25 block(s)
-------------------------------------------------------------------------------------------------------------
 T = 633.023, DT = 1, NI = 3, LI = 3, RES = 3.9e-07 (3.7e-06), CFL=0.682 (ELAPSED 00:00:07, REMAINING 00:00:04 )
-------------------------------------------------------------------------------------------------------------
	 #1 (1.4837e-02, 9.5097e-05): lin 1 (0.0e+00)
Composition correction applied in 24 block(s)
	 #2 (2.7569e-03, 3.7540e-06): lin 1 (0.0e+00)
Composition correction applied in 24 block(s)
	 #3 (2.7882e-05, 5.2227e-06): lin 1 (0.0e+00)
Composition correction applied in 24 block(s)
-------------------------------------------------------------------------------------------------------------
 T = 634.023, DT = 1, NI = 3, LI = 3, RES = 5.1e-09 (5.2e-06), CFL=0.677 (ELAPSED 00:00:07, REMAINING 00:00:04 )
-------------------------------------------------------------------------------------------------------------
	 #1 (1.6377e-02, 2.3382e-04): lin 1 (0.0e+00)
Composition correction applied in 23 block(s)
	 #2 (8.4938e-03, 3.4089e-06): lin 1 (0.0e+00)
Composition correction applied in 25 block(s)
	 #3 (5.9027e-04, 5.7621e-06): lin 1 (0.0e+00)
Composition correction applied in 25 block(s)
-------------------------------------------------------------------------------------------------------------
 T = 635.023, DT = 1, NI = 3, LI = 3, RES = 2.5e-06 (5.2e-06), CFL=0.690 (ELAPSED 00:00:07, REMAINING 00:00:04 )
-------------------------------------------------------------------------------------------------------------
	 #1 (1.5082e-02, 3.1546e-04): lin 1 (0.0e+00)
Composition correction applied in 24 block(s)
	 #2 (4.1620e-03, 5.3218e-06): lin 1 (0.0e+00)
Composition correction applied in 24 block(s)
	 #3 (9.5737e-05, 5.3448e-06): lin 1 (0.0e+00)
Composition correction applied in 24 block(s)
-------------------------------------------------------------------------------------------------------------
 T = 636.023, DT = 1, NI = 3, LI = 3, RES = 1.8e-08 (3.7e-06), CFL=0.676 (ELAPSED 00:00:07, REMAINING 00:00:04 )
-------------------------------------------------------------------------------------------------------------
	 #1 (1.5432e-02, 3.5031e-04): lin 1 (0.0e+00)
Composition correction applied in 25 block(s)
	 #2 (4.5601e-03, 5.1945e-06): lin 1 (0.0e+00)
Composition correction applied in 25 block(s)
	 #3 (5.5093e-05, 5.2012e-06): lin 1 (0.0e+00)
Composition correction applied in 25 block(s)
-------------------------------------------------------------------------------------------------------------
 T = 637.023, DT = 1, NI = 3, LI = 3, RES = 1.6e-08 (3.7e-06), CFL=0.684 (ELAPSED 00:00:07, REMAINING 00:00:04 )
-------------------------------------------------------------------------------------------------------------
	 #1 (1.6149e-02, 1.4173e-04): lin 1 (0.0e+00)
Composition correction applied in 23 block(s)
	 #2 (7.3099e-03, 3.3758e-06): lin 1 (0.0e+00)
Composition correction applied in 25 block(s)
	 #3 (3.7149e-04, 3.2959e-06): lin 1 (0.0e+00)
Composition correction applied in 25 block(s)
-------------------------------------------------------------------------------------------------------------
 T = 638.023, DT = 1, NI = 3, LI = 3, RES = 1.0e-06 (5.2e-06), CFL=0.687 (ELAPSED 00:00:07, REMAINING 00:00:04 )
-------------------------------------------------------------------------------------------------------------
	 #1 (1.4659e-02, 9.9651e-05): lin 1 (0.0e+00)
Composition correction applied in 24 block(s)
	 #2 (2.6138e-03, 3.6655e-06): lin 1 (0.0e+00)
Composition correction applied in 24 block(s)
	 #3 (3.6164e-05, 3.6865e-06): lin 1 (0.0e+00)
Composition correction applied in 24 block(s)
-------------------------------------------------------------------------------------------------------------
 T = 639.023, DT = 1, NI = 3, LI = 3, RES = 9.1e-09 (3.7e-06), CFL=0.683 (ELAPSED 00:00:07, REMAINING 00:00:04 )
-------------------------------------------------------------------------------------------------------------
	 #1 (1.6392e-02, 5.2366e-04): lin 1 (0.0e+00)
Composition correction applied in 23 block(s)
	 #2 (9.6929e-03, 5.6089e-06): lin 1 (0.0e+00)
Composition correction applied in 25 block(s)
	 #3 (8.0966e-04, 5.9415e-06): lin 1 (0.0e+00)
Composition correction applied in 25 block(s)
-------------------------------------------------------------------------------------------------------------
 T = 640.023, DT = 1, NI = 3, LI = 3, RES = 4.7e-06 (3.7e-06), CFL=0.691 (ELAPSED 00:00:07, REMAINING 00:00:04 )
-------------------------------------------------------------------------------------------------------------
	 #1 (1.5727e-02, 4.8235e-04): lin 1 (0.0e+00)
Composition correction applied in 24 block(s)
	 #2 (5.6329e-03, 3.4204e-06): lin 1 (0.0e+00)
Composition correction applied in 24 block(s)
	 #3 (2.0292e-04, 5.3227e-06): lin 1 (0.0e+00)
Composition correction applied in 25 block(s)
-------------------------------------------------------------------------------------------------------------
 T = 641.023, DT = 1, NI = 3, LI = 3, RES = 3.0e-07 (3.7e-06), CFL=0.685 (ELAPSED 00:00:07, REMAINING 00:00:04 )
-------------------------------------------------------------------------------------------------------------
	 #1 (1.4797e-02, 1.2816e-04): lin 1 (0.0e+00)
Composition correction applied in 24 block(s)
	 #2 (2.7639e-03, 5.1386e-06): lin 1 (0.0e+00)
Composition correction applied in 24 block(s)
	 #3 (2.7568e-05, 3.6892e-06): lin 1 (0.0e+00)
Composition correction applied in 24 block(s)
-------------------------------------------------------------------------------------------------------------
 T = 642.023, DT = 1, NI = 3, LI = 3, RES = 1.9e-08 (3.7e-06), CFL=0.688 (ELAPSED 00:00:08, REMAINING 00:00:04 )
-------------------------------------------------------------------------------------------------------------
	 #1 (1.6262e-02, 2.0419e-04): lin 1 (0.0e+00)
Composition correction applied in 23 block(s)
	 #2 (8.2837e-03, 3.3253e-06): lin 1 (0.0e+00)
Composition correction applied in 25 block(s)
	 #3 (5.7325e-04, 3.1805e-06): lin 1 (0.0e+00)
Composition correction applied in 25 block(s)
-------------------------------------------------------------------------------------------------------------
 T = 643.023, DT = 1, NI = 3, LI = 3, RES = 2.3e-06 (5.2e-06), CFL=0.689 (ELAPSED 00:00:08, REMAINING 00:00:04 )
-------------------------------------------------------------------------------------------------------------
	 #1 (1.4901e-02, 1.6805e-04): lin 1 (0.0e+00)
Composition correction applied in 24 block(s)
	 #2 (3.8788e-03, 3.5655e-06): lin 1 (0.0e+00)
Composition correction applied in 24 block(s)
	 #3 (8.3682e-05, 5.2727e-06): lin 1 (0.0e+00)
Composition correction applied in 24 block(s)
-------------------------------------------------------------------------------------------------------------
 T = 644.023, DT = 1, NI = 3, LI = 3, RES = 1.1e-08 (5.1e-06), CFL=0.681 (ELAPSED 00:00:08, REMAINING 00:00:04 )
-------------------------------------------------------------------------------------------------------------
	 #1 (1.5414e-02, 4.6496e-04): lin 1 (0.0e+00)
Composition correction applied in 26 block(s)
	 #2 (4.4326e-03, 5.1397e-06): lin 1 (0.0e+00)
Composition correction applied in 26 block(s)
	 #3 (5.4836e-05, 5.1411e-06): lin 1 (0.0e+00)
Composition correction applied in 26 block(s)
-------------------------------------------------------------------------------------------------------------
 T = 645.023, DT = 1, NI = 3, LI = 3, RES = 1.5e-08 (3.7e-06), CFL=0.682 (ELAPSED 00:00:08, REMAINING 00:00:04 )
-------------------------------------------------------------------------------------------------------------
	 #1 (1.5960e-02, 1.5014e-04): lin 1 (0.0e+00)
Composition correction applied in 25 block(s)
	 #2 (6.9962e-03, 3.3336e-06): lin 1 (0.0e+00)
Composition correction applied in 26 block(s)
	 #3 (3.3387e-04, 5.4923e-06): lin 1 (0.0e+00)
Composition correction applied in 26 block(s)
-------------------------------------------------------------------------------------------------------------
 T = 646.023, DT = 1, NI = 3, LI = 3, RES = 8.2e-07 (3.7e-06), CFL=0.684 (ELAPSED 00:00:08, REMAINING 00:00:04 )
-------------------------------------------------------------------------------------------------------------
	 #1 (1.4501e-02, 5.5783e-05): lin 1 (0.0e+00)
Composition correction applied in 25 block(s)
	 #2 (2.5902e-03, 3.6206e-06): lin 1 (0.0e+00)
Composition correction applied in 25 block(s)
	 #3 (3.2995e-05, 5.1230e-06): lin 1 (0.0e+00)
Composition correction applied in 25 block(s)
-------------------------------------------------------------------------------------------------------------
 T = 647.023, DT = 1, NI = 3, LI = 3, RES = 7.9e-09 (3.7e-06), CFL=0.677 (ELAPSED 00:00:08, REMAINING 00:00:04 )
-------------------------------------------------------------------------------------------------------------
	 #1 (1.6226e-02, 4.4193e-04): lin 1 (0.0e+00)
Composition correction applied in 24 block(s)
	 #2 (9.3624e-03, 3.3127e-06): lin 1 (0.0e+00)
Composition correction applied in 26 block(s)
	 #3 (7.6079e-04, 5.7879e-06): lin 1 (0.0e+00)
Composition correction applied in 26 block(s)
-------------------------------------------------------------------------------------------------------------
 T = 648.023, DT = 1, NI = 3, LI = 3, RES = 4.1e-06 (3.6e-06), CFL=0.689 (ELAPSED 00:00:08, REMAINING 00:00:04 )
-------------------------------------------------------------------------------------------------------------
	 #1 (1.5419e-02, 4.5931e-04): lin 1 (0.0e+00)
Composition correction applied in 25 block(s)
	 #2 (5.2378e-03, 3.3222e-06): lin 1 (0.0e+00)
Composition correction applied in 25 block(s)
	 #3 (1.5030e-04, 5.2178e-06): lin 1 (0.0e+00)
Composition correction applied in 25 block(s)
-------------------------------------------------------------------------------------------------------------
 T = 649.023, DT = 1, NI = 3, LI = 3, RES = 1.7e-07 (3.7e-06), CFL=0.678 (ELAPSED 00:00:08, REMAINING 00:00:04 )
-------------------------------------------------------------------------------------------------------------
	 #1 (1.4759e-02, 1.5088e-04): lin 1 (0.0e+00)
Composition correction applied in 25 block(s)
	 #2 (2.7774e-03, 3.6659e-06): lin 1 (0.0e+00)
Composition correction applied in 26 block(s)
	 #3 (2.7635e-05, 3.6480e-06): lin 1 (0.0e+00)
Composition correction applied in 26 block(s)
-------------------------------------------------------------------------------------------------------------
 T = 650.023, DT = 1, NI = 3, LI = 3, RES = 4.6e-09 (5.1e-06), CFL=0.678 (ELAPSED 00:00:08, REMAINING 00:00:04 )
-------------------------------------------------------------------------------------------------------------
	 #1 (1.6089e-02, 8.6824e-05): lin 1 (0.0e+00)
Composition correction applied in 24 block(s)
	 #2 (7.9210e-03, 3.3708e-06): lin 1 (0.0e+00)
Composition correction applied in 26 block(s)
	 #3 (5.0513e-04, 3.1935e-06): lin 1 (0.0e+00)
Composition correction applied in 26 block(s)
-------------------------------------------------------------------------------------------------------------
 T = 651.023, DT = 1, NI = 3, LI = 3, RES = 1.9e-06 (3.6e-06), CFL=0.688 (ELAPSED 00:00:08, REMAINING 00:00:04 )
-------------------------------------------------------------------------------------------------------------
	 #1 (1.4689e-02, 2.4620e-04): lin 1 (0.0e+00)
Composition correction applied in 25 block(s)
	 #2 (3.4623e-03, 3.4937e-06): lin 1 (0.0e+00)
Composition correction applied in 25 block(s)
	 #3 (6.7300e-05, 3.5271e-06): lin 1 (0.0e+00)
Composition correction applied in 25 block(s)
-------------------------------------------------------------------------------------------------------------
 T = 652.023, DT = 1, NI = 3, LI = 3, RES = 1.1e-08 (3.6e-06), CFL=0.675 (ELAPSED 00:00:08, REMAINING 00:00:04 )
-------------------------------------------------------------------------------------------------------------
	 #1 (1.5565e-02, 3.9333e-04): lin 1 (0.0e+00)
Composition correction applied in 26 block(s)
	 #2 (4.3418e-03, 5.1236e-06): lin 1 (0.0e+00)
Composition correction applied in 26 block(s)
	 #3 (5.6519e-05, 5.0682e-06): lin 1 (0.0e+00)
Composition correction applied in 26 block(s)
-------------------------------------------------------------------------------------------------------------
 T = 653.023, DT = 1, NI = 3, LI = 3, RES = 1.6e-08 (3.6e-06), CFL=0.685 (ELAPSED 00:00:08, REMAINING 00:00:04 )
-------------------------------------------------------------------------------------------------------------
	 #1 (1.5851e-02, 2.8077e-04): lin 1 (0.0e+00)
Composition correction applied in 25 block(s)
	 #2 (6.6589e-03, 3.3223e-06): lin 1 (0.0e+00)
Composition correction applied in 26 block(s)
	 #3 (2.9498e-04, 5.3766e-06): lin 1 (0.0e+00)
Composition correction applied in 26 block(s)
-------------------------------------------------------------------------------------------------------------
 T = 654.023, DT = 1, NI = 3, LI = 3, RES = 6.4e-07 (3.6e-06), CFL=0.685 (ELAPSED 00:00:08, REMAINING 00:00:04 )
-------------------------------------------------------------------------------------------------------------
	 #1 (1.4462e-02, 2.6787e-05): lin 1 (0.0e+00)
Composition correction applied in 25 block(s)
	 #2 (2.6171e-03, 3.6344e-06): lin 1 (0.0e+00)
Composition correction applied in 25 block(s)
	 #3 (3.0740e-05, 5.0560e-06): lin 1 (0.0e+00)
Composition correction applied in 25 block(s)
-------------------------------------------------------------------------------------------------------------
 T = 655.023, DT = 1, NI = 3, LI = 3, RES = 6.9e-09 (5.0e-06), CFL=0.675 (ELAPSED 00:00:08, REMAINING 00:00:04 )
-------------------------------------------------------------------------------------------------------------
	 #1 (1.6159e-02, 3.7717e-04): lin 1 (0.0e+00)
Composition correction applied in 24 block(s)
	 #2 (9.0875e-03, 5.4490e-06): lin 1 (0.0e+00)
Composition correction applied in 26 block(s)
	 #3 (7.2388e-04, 2.8685e-06): lin 1 (0.0e+00)
Composition correction applied in 26 block(s)
-------------------------------------------------------------------------------------------------------------
 T = 656.023, DT = 1, NI = 3, LI = 3, RES = 3.7e-06 (5.1e-06), CFL=0.691 (ELAPSED 00:00:08, REMAINING 00:00:04 )
-------------------------------------------------------------------------------------------------------------
	 #1 (1.5223e-02, 4.0020e-04): lin 1 (0.0e+00)
Composition correction applied in 25 block(s)
	 #2 (4.9554e-03, 5.2197e-06): lin 1 (0.0e+00)
Composition correction applied in 25 block(s)
	 #3 (1.1734e-04, 3.5323e-06): lin 1 (0.0e+00)
Composition correction applied in 25 block(s)
-------------------------------------------------------------------------------------------------------------
 T = 657.023, DT = 1, NI = 3, LI = 3, RES = 1.1e-07 (3.6e-06), CFL=0.678 (ELAPSED 00:00:08, REMAINING 00:00:04 )
-------------------------------------------------------------------------------------------------------------
	 #1 (1.4787e-02, 2.0568e-04): lin 1 (0.0e+00)
Composition correction applied in 26 block(s)
	 #2 (2.8157e-03, 5.0116e-06): lin 1 (0.0e+00)
Composition correction applied in 26 block(s)
	 #3 (2.8524e-05, 5.0274e-06): lin 1 (0.0e+00)
Composition correction applied in 26 block(s)
-------------------------------------------------------------------------------------------------------------
 T = 658.023, DT = 1, NI = 3, LI = 3, RES = 4.6e-09 (3.6e-06), CFL=0.680 (ELAPSED 00:00:08, REMAINING 00:00:04 )
-------------------------------------------------------------------------------------------------------------
	 #1 (1.5988e-02, 5.9377e-05): lin 1 (0.0e+00)
Composition correction applied in 24 block(s)
	 #2 (8.0056e-03, 3.2715e-06): lin 1 (0.0e+00)
Composition correction applied in 26 block(s)
	 #3 (5.0731e-04, 3.0133e-06): lin 1 (0.0e+00)
Composition correction applied in 26 block(s)
-------------------------------------------------------------------------------------------------------------
 T = 659.023, DT = 1, NI = 3, LI = 3, RES = 1.9e-06 (5.0e-06), CFL=0.689 (ELAPSED 00:00:08, REMAINING 00:00:04 )
-------------------------------------------------------------------------------------------------------------
	 #1 (1.4560e-02, 1.9959e-04): lin 1 (0.0e+00)
Composition correction applied in 25 block(s)
	 #2 (3.2068e-03, 3.4615e-06): lin 1 (0.0e+00)
Composition correction applied in 25 block(s)
	 #3 (5.8270e-05, 3.5638e-06): lin 1 (0.0e+00)
Composition correction applied in 25 block(s)
-------------------------------------------------------------------------------------------------------------
 T = 660.023, DT = 1, NI = 3, LI = 3, RES = 1.2e-08 (3.6e-06), CFL=0.681 (ELAPSED 00:00:08, REMAINING 00:00:04 )
-------------------------------------------------------------------------------------------------------------
	 #1 (1.5632e-02, 4.2679e-04): lin 1 (0.0e+00)
Composition correction applied in 26 block(s)
	 #2 (4.2819e-03, 5.0880e-06): lin 1 (0.0e+00)
Composition correction applied in 26 block(s)
	 #3 (5.7597e-05, 5.0025e-06): lin 1 (0.0e+00)
Composition correction applied in 26 block(s)
-------------------------------------------------------------------------------------------------------------
 T = 661.023, DT = 1, NI = 3, LI = 3, RES = 1.6e-08 (5.0e-06), CFL=0.687 (ELAPSED 00:00:08, REMAINING 00:00:04 )
-------------------------------------------------------------------------------------------------------------
	 #1 (1.5734e-02, 3.1736e-04): lin 1 (0.0e+00)
Composition correction applied in 25 block(s)
	 #2 (6.4257e-03, 3.1879e-06): lin 1 (0.0e+00)
Composition correction applied in 26 block(s)
	 #3 (2.7100e-04, 5.3254e-06): lin 1 (0.0e+00)
Composition correction applied in 26 block(s)
-------------------------------------------------------------------------------------------------------------
 T = 662.023, DT = 1, NI = 3, LI = 3, RES = 5.4e-07 (5.0e-06), CFL=0.685 (ELAPSED 00:00:08, REMAINING 00:00:04 )
-------------------------------------------------------------------------------------------------------------
	 #1 (1.4400e-02, 1.8706e-06): lin 1 (0.0e+00)
Composition correction applied in 25 block(s)
	 #2 (2.6234e-03, 3.5755e-06): lin 1 (0.0e+00)
Composition correction applied in 25 block(s)
	 #3 (2.9412e-05, 3.5659e-06): lin 1 (0.0e+00)
Composition correction applied in 25 block(s)
-------------------------------------------------------------------------------------------------------------
 T = 663.023, DT = 1, NI = 3, LI = 3, RES = 6.4e-09 (5.0e-06), CFL=0.687 (ELAPSED 00:00:08, REMAINING 00:00:04 )
-------------------------------------------------------------------------------------------------------------
	 #1 (1.6061e-02, 3.4502e-04): lin 1 (0.0e+00)
Composition correction applied in 24 block(s)
	 #2 (8.8784e-03, 5.3229e-06): lin 1 (0.0e+00)
Composition correction applied in 26 block(s)
	 #3 (6.9752e-04, 3.0366e-06): lin 1 (0.0e+00)
Composition correction applied in 26 block(s)
	 #4 (1.1680e-05, 4.9910e-06): lin 1 (0.0e+00)
Composition correction applied in 26 block(s)
-------------------------------------------------------------------------------------------------------------
 T = 664.023, DT = 1, NI = 4, LI = 4, RES = 1.4e-09 (5.0e-06), CFL=0.691 (ELAPSED 00:00:08, REMAINING 00:00:04 )
-------------------------------------------------------------------------------------------------------------
	 #1 (1.5044e-02, 3.4349e-04): lin 1 (0.0e+00)
Composition correction applied in 25 block(s)
	 #2 (4.8134e-03, 3.2715e-06): lin 1 (0.0e+00)
Composition correction applied in 25 block(s)
	 #3 (1.3445e-04, 5.1017e-06): lin 1 (0.0e+00)
Composition correction applied in 25 block(s)
-------------------------------------------------------------------------------------------------------------
 T = 665.023, DT = 1, NI = 3, LI = 3, RES = 1.4e-07 (3.6e-06), CFL=0.683 (ELAPSED 00:00:08, REMAINING 00:00:04 )
-------------------------------------------------------------------------------------------------------------
	 #1 (1.4747e-02, 3.4628e-04): lin 1 (0.0e+00)
Composition correction applied in 26 block(s)
	 #2 (4.6622e-03, 3.5886e-06): lin 1 (0.0e+00)
Composition correction applied in 26 block(s)
	 #3 (5.0884e-05, 3.5284e-06): lin 1 (0.0e+00)
Composition correction applied in 26 block(s)
-------------------------------------------------------------------------------------------------------------
 T = 666.023, DT = 1, NI = 3, LI = 3, RES = 1.5e-08 (5.0e-06), CFL=0.679 (ELAPSED 00:00:08, REMAINING 00:00:04 )
-------------------------------------------------------------------------------------------------------------
	 #1 (1.5824e-02, 9.3480e-05): lin 1 (0.0e+00)
Composition correction applied in 25 block(s)
	 #2 (7.7291e-03, 3.3155e-06): lin 1 (0.0e+00)
Composition correction applied in 27 block(s)
	 #3 (4.6870e-04, 3.0224e-06): lin 1 (0.0e+00)
Composition correction applied in 27 block(s)
-------------------------------------------------------------------------------------------------------------
 T = 667.023, DT = 1, NI = 3, LI = 3, RES = 1.6e-06 (3.5e-06), CFL=0.686 (ELAPSED 00:00:08, REMAINING 00:00:04 )
-------------------------------------------------------------------------------------------------------------
	 #1 (1.4369e-02, 1.3216e-04): lin 1 (0.0e+00)
Composition correction applied in 26 block(s)
	 #2 (2.8590e-03, 5.0523e-06): lin 1 (0.0e+00)
Composition correction applied in 26 block(s)
	 #3 (4.8231e-05, 4.9423e-06): lin 1 (0.0e+00)
Composition correction applied in 26 block(s)
-------------------------------------------------------------------------------------------------------------
 T = 668.023, DT = 1, NI = 3, LI = 3, RES = 1.2e-08 (3.6e-06), CFL=0.678 (ELAPSED 00:00:08, REMAINING 00:00:04 )
-------------------------------------------------------------------------------------------------------------
	 #1 (1.5682e-02, 4.5009e-04): lin 1 (0.0e+00)
Composition correction applied in 27 block(s)
	 #2 (4.1724e-03, 3.4878e-06): lin 1 (0.0e+00)
Composition correction applied in 27 block(s)
	 #3 (5.8094e-05, 4.9415e-06): lin 1 (0.0e+00)
Composition correction applied in 27 block(s)
-------------------------------------------------------------------------------------------------------------
 T = 669.023, DT = 1, NI = 3, LI = 3, RES = 1.6e-08 (4.9e-06), CFL=0.686 (ELAPSED 00:00:08, REMAINING 00:00:04 )
-------------------------------------------------------------------------------------------------------------
	 #1 (1.5538e-02, 3.9188e-04): lin 1 (0.0e+00)
Composition correction applied in 26 block(s)
	 #2 (6.0609e-03, 3.3025e-06): lin 1 (0.0e+00)
Composition correction applied in 27 block(s)
	 #3 (2.3194e-04, 3.2425e-06): lin 1 (0.0e+00)
Composition correction applied in 27 block(s)
-------------------------------------------------------------------------------------------------------------
 T = 670.023, DT = 1, NI = 3, LI = 3, RES = 4.0e-07 (3.5e-06), CFL=0.682 (ELAPSED 00:00:08, REMAINING 00:00:04 )
-------------------------------------------------------------------------------------------------------------
	 #1 (1.4310e-02, 1.8525e-05): lin 1 (0.0e+00)
Composition correction applied in 26 block(s)
	 #2 (2.6201e-03, 4.9369e-06): lin 1 (0.0e+00)
Composition correction applied in 26 block(s)
	 #3 (2.7435e-05, 3.5413e-06): lin 1 (0.0e+00)
Composition correction applied in 26 block(s)
-------------------------------------------------------------------------------------------------------------
 T = 671.023, DT = 1, NI = 3, LI = 3, RES = 5.4e-09 (3.5e-06), CFL=0.675 (ELAPSED 00:00:08, REMAINING 00:00:04 )
-------------------------------------------------------------------------------------------------------------
	 #1 (1.5909e-02, 2.6124e-04): lin 1 (0.0e+00)
Composition correction applied in 25 block(s)
	 #2 (8.5318e-03, 5.1173e-06): lin 1 (0.0e+00)
Composition correction applied in 27 block(s)
	 #3 (6.4607e-04, 2.9413e-06): lin 1 (0.0e+00)
Composition correction applied in 27 block(s)
-------------------------------------------------------------------------------------------------------------
 T = 672.023, DT = 1, NI = 3, LI = 3, RES = 3.0e-06 (3.5e-06), CFL=0.690 (ELAPSED 00:00:08, REMAINING 00:00:04 )
-------------------------------------------------------------------------------------------------------------
	 #1 (1.4777e-02, 3.2421e-04): lin 1 (0.0e+00)
Composition correction applied in 26 block(s)
	 #2 (4.3989e-03, 5.0710e-06): lin 1 (0.0e+00)
Composition correction applied in 26 block(s)
	 #3 (1.1098e-04, 3.4166e-06): lin 1 (0.0e+00)
Composition correction applied in 26 block(s)
-------------------------------------------------------------------------------------------------------------
 T = 673.023, DT = 1, NI = 3, LI = 3, RES = 3.6e-08 (4.9e-06), CFL=0.675 (ELAPSED 00:00:08, REMAINING 00:00:04 )
-------------------------------------------------------------------------------------------------------------
	 #1 (1.4811e-02, 2.3441e-04): lin 1 (0.0e+00)
Composition correction applied in 26 block(s)
	 #2 (4.5259e-03, 3.5294e-06): lin 1 (0.0e+00)
Composition correction applied in 27 block(s)
	 #3 (5.1997e-05, 3.5002e-06): lin 1 (0.0e+00)
Composition correction applied in 27 block(s)
-------------------------------------------------------------------------------------------------------------
 T = 674.023, DT = 1, NI = 3, LI = 3, RES = 1.5e-08 (3.5e-06), CFL=0.681 (ELAPSED 00:00:08, REMAINING 00:00:04 )
-------------------------------------------------------------------------------------------------------------
	 #1 (1.5724e-02, 6.3497e-05): lin 1 (0.0e+00)
Composition correction applied in 26 block(s)
	 #2 (7.3958e-03, 3.2643e-06): lin 1 (0.0e+00)
Composition correction applied in 27 block(s)
	 #3 (4.2340e-04, 3.1677e-06): lin 1 (0.0e+00)
Composition correction applied in 27 block(s)
-------------------------------------------------------------------------------------------------------------
 T = 675.023, DT = 1, NI = 3, LI = 3, RES = 1.3e-06 (3.5e-06), CFL=0.687 (ELAPSED 00:00:08, REMAINING 00:00:04 )
-------------------------------------------------------------------------------------------------------------
	 #1 (1.4272e-02, 1.2827e-04): lin 1 (0.0e+00)
Composition correction applied in 26 block(s)
	 #2 (2.5340e-03, 3.4824e-06): lin 1 (0.0e+00)
Composition correction applied in 26 block(s)
	 #3 (3.8973e-05, 4.8865e-06): lin 1 (0.0e+00)
Composition correction applied in 26 block(s)
-------------------------------------------------------------------------------------------------------------
 T = 676.023, DT = 1, NI = 3, LI = 3, RES = 1.0e-08 (3.5e-06), CFL=0.676 (ELAPSED 00:00:08, REMAINING 00:00:04 )
-------------------------------------------------------------------------------------------------------------
	 #1 (1.5869e-02, 4.7398e-04): lin 1 (0.0e+00)
Composition correction applied in 197 block(s)
	 #2 (4.1350e-03, 3.4303e-06): lin 1 (0.0e+00)
Composition correction applied in 27 block(s)
	 #3 (6.0259e-05, 3.5075e-06): lin 1 (0.0e+00)
Composition correction applied in 27 block(s)
-------------------------------------------------------------------------------------------------------------
 T = 677.023, DT = 1, NI = 3, LI = 3, RES = 1.7e-08 (3.5e-06), CFL=0.691 (ELAPSED 00:00:08, REMAINING 00:00:03 )
-------------------------------------------------------------------------------------------------------------
	 #1 (1.5436e-02, 4.3046e-04): lin 1 (0.0e+00)
Composition correction applied in 26 block(s)
	 #2 (5.7712e-03, 5.1970e-06): lin 1 (0.0e+00)
Composition correction applied in 27 block(s)
	 #3 (2.5899e-04, 3.2782e-06): lin 1 (0.0e+00)
Composition correction applied in 27 block(s)
-------------------------------------------------------------------------------------------------------------
 T = 678.023, DT = 1, NI = 3, LI = 3, RES = 4.6e-07 (4.9e-06), CFL=0.683 (ELAPSED 00:00:08, REMAINING 00:00:03 )
-------------------------------------------------------------------------------------------------------------
	 #1 (1.4314e-02, 5.6316e-05): lin 1 (0.0e+00)
Composition correction applied in 26 block(s)
	 #2 (2.6479e-03, 3.4924e-06): lin 1 (0.0e+00)
Composition correction applied in 26 block(s)
	 #3 (2.6775e-05, 4.8639e-06): lin 1 (0.0e+00)
Composition correction applied in 26 block(s)
-------------------------------------------------------------------------------------------------------------
 T = 679.023, DT = 1, NI = 3, LI = 3, RES = 5.0e-09 (4.9e-06), CFL=0.676 (ELAPSED 00:00:08, REMAINING 00:00:03 )
-------------------------------------------------------------------------------------------------------------
	 #1 (1.5834e-02, 2.2377e-04): lin 1 (0.0e+00)
Composition correction applied in 25 block(s)
	 #2 (8.2992e-03, 5.2842e-06): lin 1 (0.0e+00)
Composition correction applied in 27 block(s)
	 #3 (6.1818e-04, 2.9361e-06): lin 1 (0.0e+00)
Composition correction applied in 27 block(s)
-------------------------------------------------------------------------------------------------------------
 T = 680.023, DT = 1, NI = 3, LI = 3, RES = 2.7e-06 (4.9e-06), CFL=0.690 (ELAPSED 00:00:08, REMAINING 00:00:03 )
-------------------------------------------------------------------------------------------------------------
	 #1 (1.4625e-02, 2.7515e-04): lin 1 (0.0e+00)
Composition correction applied in 26 block(s)
	 #2 (4.1479e-03, 4.9921e-06): lin 1 (0.0e+00)
Composition correction applied in 26 block(s)
	 #3 (9.8100e-05, 3.4408e-06): lin 1 (0.0e+00)
Composition correction applied in 26 block(s)
-------------------------------------------------------------------------------------------------------------
 T = 681.023, DT = 1, NI = 3, LI = 3, RES = 2.4e-08 (4.9e-06), CFL=0.679 (ELAPSED 00:00:08, REMAINING 00:00:03 )
-------------------------------------------------------------------------------------------------------------
	 #1 (1.4849e-02, 2.7488e-04): lin 1 (0.0e+00)
Composition correction applied in 27 block(s)
	 #2 (4.4445e-03, 4.8468e-06): lin 1 (0.0e+00)
Composition correction applied in 27 block(s)
	 #3 (5.2584e-05, 4.8439e-06): lin 1 (0.0e+00)
Composition correction applied in 27 block(s)
-------------------------------------------------------------------------------------------------------------
 T = 682.023, DT = 1, NI = 3, LI = 3, RES = 1.5e-08 (4.8e-06), CFL=0.683 (ELAPSED 00:00:08, REMAINING 00:00:03 )
-------------------------------------------------------------------------------------------------------------
	 #1 (1.5626e-02, 9.7064e-05): lin 1 (0.0e+00)
Composition correction applied in 26 block(s)
	 #2 (7.1736e-03, 3.2532e-06): lin 1 (0.0e+00)
Composition correction applied in 27 block(s)
	 #3 (3.9613e-04, 5.1766e-06): lin 1 (0.0e+00)
Composition correction applied in 27 block(s)
-------------------------------------------------------------------------------------------------------------
 T = 683.023, DT = 1, NI = 3, LI = 3, RES = 1.1e-06 (4.8e-06), CFL=0.687 (ELAPSED 00:00:08, REMAINING 00:00:03 )
-------------------------------------------------------------------------------------------------------------
	 #1 (1.4180e-02, 9.7164e-05): lin 1 (0.0e+00)
Composition correction applied in 26 block(s)
	 #2 (2.5144e-03, 4.8796e-06): lin 1 (0.0e+00)
Composition correction applied in 26 block(s)
	 #3 (3.5714e-05, 4.8314e-06): lin 1 (0.0e+00)
Composition correction applied in 26 block(s)
-------------------------------------------------------------------------------------------------------------
 T = 684.023, DT = 1, NI = 3, LI = 3, RES = 9.0e-09 (4.8e-06), CFL=0.686 (ELAPSED 00:00:08, REMAINING 00:00:03 )
-------------------------------------------------------------------------------------------------------------
	 #1 (1.5843e-02, 4.5178e-04): lin 1 (0.0e+00)
Composition correction applied in 25 block(s)
	 #2 (9.4656e-03, 2.9614e-06): lin 1 (0.0e+00)
Composition correction applied in 27 block(s)
	 #3 (8.4602e-04, 2.7493e-06): lin 1 (0.0e+00)
Composition correction applied in 27 block(s)
-------------------------------------------------------------------------------------------------------------
 T = 685.023, DT = 1, NI = 3, LI = 3, RES = 5.0e-06 (3.5e-06), CFL=0.692 (ELAPSED 00:00:08, REMAINING 00:00:03 )
-------------------------------------------------------------------------------------------------------------
	 #1 (1.5277e-02, 4.0373e-04): lin 1 (0.0e+00)
Composition correction applied in 26 block(s)
	 #2 (5.5581e-03, 3.1958e-06): lin 1 (0.0e+00)
Composition correction applied in 26 block(s)
	 #3 (2.2741e-04, 4.9868e-06): lin 1 (0.0e+00)
Composition correction applied in 27 block(s)
-------------------------------------------------------------------------------------------------------------
 T = 686.023, DT = 1, NI = 3, LI = 3, RES = 3.6e-07 (4.8e-06), CFL=0.685 (ELAPSED 00:00:08, REMAINING 00:00:03 )
-------------------------------------------------------------------------------------------------------------
	 #1 (1.4266e-02, 1.1477e-04): lin 1 (0.0e+00)
Composition correction applied in 26 block(s)
	 #2 (2.6430e-03, 4.8502e-06): lin 1 (0.0e+00)
Composition correction applied in 26 block(s)
	 #3 (2.6487e-05, 4.8135e-06): lin 1 (0.0e+00)
Composition correction applied in 26 block(s)
-------------------------------------------------------------------------------------------------------------
 T = 687.023, DT = 1, NI = 3, LI = 3, RES = 9.2e-09 (4.8e-06), CFL=0.682 (ELAPSED 00:00:08, REMAINING 00:00:03 )
-------------------------------------------------------------------------------------------------------------
	 #1 (1.5698e-02, 3.0054e-04): lin 1 (0.0e+00)
Composition correction applied in 25 block(s)
	 #2 (8.0660e-03, 5.2775e-06): lin 1 (0.0e+00)
Composition correction applied in 27 block(s)
	 #3 (5.9031e-04, 5.3010e-06): lin 1 (0.0e+00)
Composition correction applied in 27 block(s)
-------------------------------------------------------------------------------------------------------------
 T = 688.023, DT = 1, NI = 3, LI = 3, RES = 2.4e-06 (3.4e-06), CFL=0.688 (ELAPSED 00:00:08, REMAINING 00:00:03 )
-------------------------------------------------------------------------------------------------------------
	 #1 (1.4418e-02, 1.7272e-04): lin 1 (0.0e+00)
Composition correction applied in 26 block(s)
	 #2 (3.8355e-03, 3.2047e-06): lin 1 (0.0e+00)
Composition correction applied in 26 block(s)
	 #3 (8.4250e-05, 3.3710e-06): lin 1 (0.0e+00)
Composition correction applied in 26 block(s)
-------------------------------------------------------------------------------------------------------------
 T = 689.023, DT = 1, NI = 3, LI = 3, RES = 1.4e-08 (3.4e-06), CFL=0.678 (ELAPSED 00:00:08, REMAINING 00:00:03 )
-------------------------------------------------------------------------------------------------------------
	 #1 (1.4838e-02, 3.1989e-04): lin 1 (0.0e+00)
Composition correction applied in 27 block(s)
	 #2 (4.3118e-03, 4.7960e-06): lin 1 (0.0e+00)
Composition correction applied in 27 block(s)
	 #3 (5.2743e-05, 4.7878e-06): lin 1 (0.0e+00)
Composition correction applied in 27 block(s)
-------------------------------------------------------------------------------------------------------------
 T = 690.023, DT = 1, NI = 3, LI = 3, RES = 1.5e-08 (4.8e-06), CFL=0.682 (ELAPSED 00:00:08, REMAINING 00:00:03 )
-------------------------------------------------------------------------------------------------------------
	 #1 (1.5449e-02, 1.5045e-04): lin 1 (0.0e+00)
Composition correction applied in 26 block(s)
	 #2 (6.8497e-03, 3.0563e-06): lin 1 (0.0e+00)
Composition correction applied in 27 block(s)
	 #3 (3.5361e-04, 5.0252e-06): lin 1 (0.0e+00)
Composition correction applied in 27 block(s)
-------------------------------------------------------------------------------------------------------------
 T = 691.023, DT = 1, NI = 3, LI = 3, RES = 9.0e-07 (3.4e-06), CFL=0.684 (ELAPSED 00:00:08, REMAINING 00:00:03 )
-------------------------------------------------------------------------------------------------------------
	 #1 (1.4032e-02, 7.7493e-05): lin 1 (0.0e+00)
Composition correction applied in 26 block(s)
	 #2 (2.4990e-03, 3.3725e-06): lin 1 (0.0e+00)
Composition correction applied in 26 block(s)
	 #3 (3.2328e-05, 4.7767e-06): lin 1 (0.0e+00)
Composition correction applied in 26 block(s)
-------------------------------------------------------------------------------------------------------------
 T = 692.023, DT = 1, NI = 3, LI = 3, RES = 7.7e-09 (3.4e-06), CFL=0.676 (ELAPSED 00:00:08, REMAINING 00:00:03 )
-------------------------------------------------------------------------------------------------------------
	 #1 (1.5700e-02, 3.8271e-04): lin 1 (0.0e+00)
Composition correction applied in 25 block(s)
	 #2 (9.1339e-03, 5.1909e-06): lin 1 (0.0e+00)
Composition correction applied in 27 block(s)
	 #3 (7.9406e-04, 2.9045e-06): lin 1 (0.0e+00)
Composition correction applied in 27 block(s)
-------------------------------------------------------------------------------------------------------------
 T = 693.023, DT = 1, NI = 3, LI = 3, RES = 4.4e-06 (4.8e-06), CFL=0.690 (ELAPSED 00:00:08, REMAINING 00:00:03 )
-------------------------------------------------------------------------------------------------------------
	 #1 (1.4980e-02, 3.9706e-04): lin 1 (0.0e+00)
Composition correction applied in 26 block(s)
	 #2 (5.1748e-03, 3.1232e-06): lin 1 (0.0e+00)
Composition correction applied in 27 block(s)
	 #3 (1.7023e-04, 3.3208e-06): lin 1 (0.0e+00)
Composition correction applied in 27 block(s)
-------------------------------------------------------------------------------------------------------------
 T = 694.023, DT = 1, NI = 3, LI = 3, RES = 2.1e-07 (3.4e-06), CFL=0.679 (ELAPSED 00:00:08, REMAINING 00:00:03 )
-------------------------------------------------------------------------------------------------------------
	 #1 (1.4247e-02, 1.0701e-04): lin 1 (0.0e+00)
Composition correction applied in 26 block(s)
	 #2 (2.6731e-03, 3.3975e-06): lin 1 (0.0e+00)
Composition correction applied in 27 block(s)
	 #3 (2.6414e-05, 3.4142e-06): lin 1 (0.0e+00)
Composition correction applied in 27 block(s)
-------------------------------------------------------------------------------------------------------------
 T = 695.023, DT = 1, NI = 3, LI = 3, RES = 4.4e-09 (3.4e-06), CFL=0.678 (ELAPSED 00:00:08, REMAINING 00:00:03 )
-------------------------------------------------------------------------------------------------------------
	 #1 (1.5581e-02, 1.0939e-04): lin 1 (0.0e+00)
Composition correction applied in 26 block(s)
	 #2 (7.7552e-03, 5.1888e-06): lin 1 (0.0e+00)
Composition correction applied in 27 block(s)
	 #3 (5.3351e-04, 5.2133e-06): lin 1 (0.0e+00)
Composition correction applied in 27 block(s)
-------------------------------------------------------------------------------------------------------------
 T = 696.023, DT = 1, NI = 3, LI = 3, RES = 2.0e-06 (4.8e-06), CFL=0.689 (ELAPSED 00:00:08, REMAINING 00:00:03 )
-------------------------------------------------------------------------------------------------------------
	 #1 (1.4252e-02, 2.1862e-04): lin 1 (0.0e+00)
Composition correction applied in 26 block(s)
	 #2 (3.4852e-03, 3.2655e-06): lin 1 (0.0e+00)
Composition correction applied in 26 block(s)
	 #3 (6.9593e-05, 4.7688e-06): lin 1 (0.0e+00)
Composition correction applied in 26 block(s)
-------------------------------------------------------------------------------------------------------------
 T = 697.023, DT = 1, NI = 3, LI = 3, RES = 9.9e-09 (3.4e-06), CFL=0.675 (ELAPSED 00:00:08, REMAINING 00:00:03 )
-------------------------------------------------------------------------------------------------------------
	 #1 (1.4975e-02, 3.2075e-04): lin 1 (0.0e+00)
Composition correction applied in 27 block(s)
	 #2 (4.2342e-03, 4.7460e-06): lin 1 (0.0e+00)
Composition correction applied in 27 block(s)
	 #3 (5.4050e-05, 3.3978e-06): lin 1 (0.0e+00)
Composition correction applied in 27 block(s)
-------------------------------------------------------------------------------------------------------------
 T = 698.023, DT = 1, NI = 3, LI = 3, RES = 1.5e-08 (3.4e-06), CFL=0.685 (ELAPSED 00:00:08, REMAINING 00:00:03 )
-------------------------------------------------------------------------------------------------------------
	 #1 (1.5360e-02, 2.0026e-04): lin 1 (0.0e+00)
Composition correction applied in 26 block(s)
	 #2 (6.5625e-03, 2.9336e-06): lin 1 (0.0e+00)
Composition correction applied in 27 block(s)
	 #3 (3.1847e-04, 4.9691e-06): lin 1 (0.0e+00)
Composition correction applied in 27 block(s)
-------------------------------------------------------------------------------------------------------------
 T = 699.023, DT = 1, NI = 3, LI = 3, RES = 7.3e-07 (3.4e-06), CFL=0.685 (ELAPSED 00:00:08, REMAINING 00:00:03 )
-------------------------------------------------------------------------------------------------------------
	 #1 (1.3989e-02, 3.7566e-05): lin 1 (0.0e+00)
Composition correction applied in 26 block(s)
	 #2 (2.5183e-03, 3.3434e-06): lin 1 (0.0e+00)
Composition correction applied in 26 block(s)
	 #3 (3.0232e-05, 3.3945e-06): lin 1 (0.0e+00)
Composition correction applied in 26 block(s)
-------------------------------------------------------------------------------------------------------------
 T = 700.023, DT = 1, NI = 3, LI = 3, RES = 6.9e-09 (4.7e-06), CFL=0.675 (ELAPSED 00:00:08, REMAINING 00:00:03 )
-------------------------------------------------------------------------------------------------------------
	 #1 (1.5636e-02, 3.4539e-04): lin 1 (0.0e+00)
Composition correction applied in 25 block(s)
	 #2 (8.8949e-03, 3.0210e-06): lin 1 (0.0e+00)
Composition correction applied in 27 block(s)
	 #3 (7.6119e-04, 5.3401e-06): lin 1 (0.0e+00)
Composition correction applied in 27 block(s)
-------------------------------------------------------------------------------------------------------------
 T = 701.023, DT = 1, NI = 3, LI = 3, RES = 4.0e-06 (3.4e-06), CFL=0.691 (ELAPSED 00:00:08, REMAINING 00:00:03 )
-------------------------------------------------------------------------------------------------------------
	 #1 (1.4801e-02, 3.3483e-04): lin 1 (0.0e+00)
Composition correction applied in 26 block(s)
	 #2 (4.9321e-03, 3.0648e-06): lin 1 (0.0e+00)
Composition correction applied in 26 block(s)
	 #3 (1.3883e-04, 4.8272e-06): lin 1 (0.0e+00)
Composition correction applied in 26 block(s)
-------------------------------------------------------------------------------------------------------------
 T = 702.023, DT = 1, NI = 3, LI = 3, RES = 1.4e-07 (3.4e-06), CFL=0.679 (ELAPSED 00:00:08, REMAINING 00:00:03 )
-------------------------------------------------------------------------------------------------------------
	 #1 (1.4257e-02, 1.5108e-04): lin 1 (0.0e+00)
Composition correction applied in 26 block(s)
	 #2 (2.6966e-03, 3.3771e-06): lin 1 (0.0e+00)
Composition correction applied in 27 block(s)
	 #3 (2.8301e-05, 4.7004e-06): lin 1 (0.0e+00)
Composition correction applied in 27 block(s)
-------------------------------------------------------------------------------------------------------------
 T = 703.023, DT = 1, NI = 3, LI = 3, RES = 4.6e-09 (4.7e-06), CFL=0.679 (ELAPSED 00:00:08, REMAINING 00:00:03 )
-------------------------------------------------------------------------------------------------------------
	 #1 (1.5488e-02, 7.8859e-05): lin 1 (0.0e+00)
Composition correction applied in 26 block(s)
	 #2 (7.5506e-03, 2.9848e-06): lin 1 (0.0e+00)
Composition correction applied in 27 block(s)
	 #3 (5.0638e-04, 5.0731e-06): lin 1 (0.0e+00)
Composition correction applied in 27 block(s)
-------------------------------------------------------------------------------------------------------------
 T = 704.023, DT = 1, NI = 3, LI = 3, RES = 1.8e-06 (3.4e-06), CFL=0.689 (ELAPSED 00:00:08, REMAINING 00:00:03 )
-------------------------------------------------------------------------------------------------------------
	 #1 (1.4129e-02, 1.7473e-04): lin 1 (0.0e+00)
Composition correction applied in 26 block(s)
	 #2 (3.2580e-03, 3.1986e-06): lin 1 (0.0e+00)
Composition correction applied in 26 block(s)
	 #3 (6.1155e-05, 3.3509e-06): lin 1 (0.0e+00)
Composition correction applied in 26 block(s)
-------------------------------------------------------------------------------------------------------------
 T = 705.023, DT = 1, NI = 3, LI = 3, RES = 1.1e-08 (4.7e-06), CFL=0.684 (ELAPSED 00:00:08, REMAINING 00:00:03 )
-------------------------------------------------------------------------------------------------------------
	 #1 (1.5023e-02, 3.4005e-04): lin 1 (0.0e+00)
Composition correction applied in 27 block(s)
	 #2 (4.1744e-03, 4.6860e-06): lin 1 (0.0e+00)
Composition correction applied in 27 block(s)
	 #3 (2.1859e-04, 3.3601e-06): lin 1 (0.0e+00)
Composition correction applied in 27 block(s)
-------------------------------------------------------------------------------------------------------------
 T = 706.023, DT = 1, NI = 3, LI = 3, RES = 3.7e-07 (3.4e-06), CFL=0.687 (ELAPSED 00:00:08, REMAINING 00:00:03 )
-------------------------------------------------------------------------------------------------------------
	 #1 (1.5255e-02, 2.2743e-04): lin 1 (0.0e+00)
Composition correction applied in 26 block(s)
	 #2 (6.3544e-03, 5.0444e-06): lin 1 (0.0e+00)
Composition correction applied in 27 block(s)
	 #3 (6.4863e-04, 3.0911e-06): lin 1 (0.0e+00)
Composition correction applied in 27 block(s)
-------------------------------------------------------------------------------------------------------------
 T = 707.023, DT = 1, NI = 3, LI = 3, RES = 5.4e-06 (4.7e-06), CFL=0.687 (ELAPSED 00:00:08, REMAINING 00:00:03 )
-------------------------------------------------------------------------------------------------------------
	 #1 (1.3925e-02, 2.0105e-05): lin 1 (0.0e+00)
Composition correction applied in 26 block(s)
	 #2 (2.5362e-03, 4.6964e-06): lin 1 (0.0e+00)
Composition correction applied in 26 block(s)
	 #3 (1.6629e-04, 4.6701e-06): lin 1 (0.0e+00)
Composition correction applied in 26 block(s)
-------------------------------------------------------------------------------------------------------------
 T = 708.023, DT = 1, NI = 3, LI = 3, RES = 1.1e-06 (3.4e-06), CFL=0.685 (ELAPSED 00:00:08, REMAINING 00:00:03 )
-------------------------------------------------------------------------------------------------------------
	 #1 (1.5530e-02, 3.9779e-04): lin 1 (0.0e+00)
Composition correction applied in 25 block(s)
	 #2 (8.7060e-03, 2.8593e-06): lin 1 (0.0e+00)
Composition correction applied in 27 block(s)
	 #3 (7.2949e-04, 2.8617e-06): lin 1 (0.0e+00)
Composition correction applied in 27 block(s)
-------------------------------------------------------------------------------------------------------------
 T = 709.023, DT = 1, NI = 3, LI = 3, RES = 3.7e-06 (4.7e-06), CFL=0.690 (ELAPSED 00:00:08, REMAINING 00:00:03 )
-------------------------------------------------------------------------------------------------------------
	 #1 (1.4595e-02, 2.1486e-04): lin 1 (0.0e+00)
Composition correction applied in 27 block(s)
	 #2 (4.6622e-03, 4.8703e-06): lin 1 (0.0e+00)
Composition correction applied in 27 block(s)
	 #3 (1.0844e-04, 3.2489e-06): lin 1 (0.0e+00)
Composition correction applied in 27 block(s)
-------------------------------------------------------------------------------------------------------------
 T = 710.023, DT = 1, NI = 3, LI = 3, RES = 5.3e-06 (3.3e-06), CFL=0.679 (ELAPSED 00:00:08, REMAINING 00:00:03 )
-------------------------------------------------------------------------------------------------------------
	 #1 (1.4206e-02, 2.1957e-04): lin 1 (0.0e+00)
Composition correction applied in 27 block(s)
	 #2 (4.5448e-03, 3.3339e-06): lin 1 (0.0e+00)
Composition correction applied in 28 block(s)
	 #3 (4.8617e-05, 3.3430e-06): lin 1 (0.0e+00)
Composition correction applied in 28 block(s)
-------------------------------------------------------------------------------------------------------------
 T = 711.023, DT = 1, NI = 3, LI = 3, RES = 1.4e-08 (3.3e-06), CFL=0.678 (ELAPSED 00:00:08, REMAINING 00:00:03 )
-------------------------------------------------------------------------------------------------------------
	 #1 (1.5318e-02, 4.9142e-05): lin 1 (0.0e+00)
Composition correction applied in 27 block(s)
	 #2 (7.5737e-03, 5.0418e-06): lin 1 (0.0e+00)
Composition correction applied in 28 block(s)
	 #3 (4.9602e-04, 2.9379e-06): lin 1 (0.0e+00)
Composition correction applied in 28 block(s)
-------------------------------------------------------------------------------------------------------------
 T = 712.023, DT = 1, NI = 3, LI = 3, RES = 1.7e-06 (4.6e-06), CFL=0.686 (ELAPSED 00:00:08, REMAINING 00:00:03 )
-------------------------------------------------------------------------------------------------------------
	 #1 (1.3936e-02, 1.6288e-04): lin 1 (0.0e+00)
Composition correction applied in 27 block(s)
	 #2 (2.8911e-03, 4.7507e-06): lin 1 (0.0e+00)
Composition correction applied in 27 block(s)
	 #3 (4.9848e-05, 4.6530e-06): lin 1 (0.0e+00)
Composition correction applied in 27 block(s)
-------------------------------------------------------------------------------------------------------------
 T = 713.023, DT = 1, NI = 3, LI = 3, RES = 1.1e-08 (4.6e-06), CFL=0.677 (ELAPSED 00:00:08, REMAINING 00:00:03 )
-------------------------------------------------------------------------------------------------------------
	 #1 (1.5098e-02, 3.4316e-04): lin 1 (0.0e+00)
Composition correction applied in 28 block(s)
	 #2 (4.0690e-03, 3.2831e-06): lin 1 (0.0e+00)
Composition correction applied in 28 block(s)
	 #3 (5.5931e-05, 3.3215e-06): lin 1 (0.0e+00)
Composition correction applied in 28 block(s)
-------------------------------------------------------------------------------------------------------------
 T = 714.023, DT = 1, NI = 3, LI = 3, RES = 1.6e-08 (3.3e-06), CFL=0.686 (ELAPSED 00:00:08, REMAINING 00:00:03 )
-------------------------------------------------------------------------------------------------------------
	 #1 (1.5078e-02, 2.9646e-04): lin 1 (0.0e+00)
Composition correction applied in 27 block(s)
	 #2 (5.9875e-03, 3.0095e-06): lin 1 (0.0e+00)
Composition correction applied in 28 block(s)
	 #3 (2.5216e-04, 3.1332e-06): lin 1 (0.0e+00)
Composition correction applied in 28 block(s)
-------------------------------------------------------------------------------------------------------------
 T = 715.023, DT = 1, NI = 3, LI = 3, RES = 4.6e-07 (4.6e-06), CFL=0.683 (ELAPSED 00:00:08, REMAINING 00:00:03 )
-------------------------------------------------------------------------------------------------------------
	 #1 (1.3843e-02, 9.7472e-06): lin 1 (0.0e+00)
Composition correction applied in 27 block(s)
	 #2 (2.5244e-03, 4.6660e-06): lin 1 (0.0e+00)
Composition correction applied in 27 block(s)
	 #3 (2.6768e-05, 4.6150e-06): lin 1 (0.0e+00)
Composition correction applied in 27 block(s)
-------------------------------------------------------------------------------------------------------------
 T = 716.023, DT = 1, NI = 3, LI = 3, RES = 5.4e-09 (4.6e-06), CFL=0.675 (ELAPSED 00:00:08, REMAINING 00:00:03 )
-------------------------------------------------------------------------------------------------------------
	 #1 (1.5415e-02, 2.3494e-04): lin 1 (0.0e+00)
Composition correction applied in 27 block(s)
	 #2 (8.4507e-03, 2.9245e-06): lin 1 (0.0e+00)
Composition correction applied in 28 block(s)
	 #3 (6.8119e-04, 5.1165e-06): lin 1 (0.0e+00)
Composition correction applied in 28 block(s)
-------------------------------------------------------------------------------------------------------------
 T = 717.023, DT = 1, NI = 3, LI = 3, RES = 3.2e-06 (3.3e-06), CFL=0.690 (ELAPSED 00:00:08, REMAINING 00:00:03 )
-------------------------------------------------------------------------------------------------------------
	 #1 (1.4376e-02, 2.7695e-04): lin 1 (0.0e+00)
Composition correction applied in 27 block(s)
	 #2 (4.4040e-03, 3.0716e-06): lin 1 (0.0e+00)
Composition correction applied in 27 block(s)
	 #3 (1.1532e-04, 3.2090e-06): lin 1 (0.0e+00)
Composition correction applied in 27 block(s)
-------------------------------------------------------------------------------------------------------------
 T = 718.023, DT = 1, NI = 3, LI = 3, RES = 4.6e-08 (3.3e-06), CFL=0.676 (ELAPSED 00:00:08, REMAINING 00:00:03 )
-------------------------------------------------------------------------------------------------------------
	 #1 (1.4280e-02, 1.9164e-04): lin 1 (0.0e+00)
Composition correction applied in 27 block(s)
	 #2 (4.4345e-03, 3.3016e-06): lin 1 (0.0e+00)
Composition correction applied in 28 block(s)
	 #3 (4.9778e-05, 3.3076e-06): lin 1 (0.0e+00)
Composition correction applied in 28 block(s)
-------------------------------------------------------------------------------------------------------------
 T = 719.023, DT = 1, NI = 3, LI = 3, RES = 1.5e-08 (3.3e-06), CFL=0.681 (ELAPSED 00:00:08, REMAINING 00:00:03 )
-------------------------------------------------------------------------------------------------------------
	 #1 (1.5246e-02, 1.8742e-05): lin 1 (0.0e+00)
Composition correction applied in 27 block(s)
	 #2 (7.2896e-03, 4.9320e-06): lin 1 (0.0e+00)
Composition correction applied in 28 block(s)
	 #3 (4.5519e-04, 2.9129e-06): lin 1 (0.0e+00)
Composition correction applied in 28 block(s)
-------------------------------------------------------------------------------------------------------------
 T = 720.023, DT = 1, NI = 3, LI = 3, RES = 1.4e-06 (3.3e-06), CFL=0.688 (ELAPSED 00:00:08, REMAINING 00:00:03 )
-------------------------------------------------------------------------------------------------------------
	 #1 (1.3847e-02, 1.2038e-04): lin 1 (0.0e+00)
Composition correction applied in 27 block(s)
	 #2 (2.6125e-03, 3.1881e-06): lin 1 (0.0e+00)
Composition correction applied in 27 block(s)
	 #3 (4.1520e-05, 4.5979e-06): lin 1 (0.0e+00)
Composition correction applied in 27 block(s)
-------------------------------------------------------------------------------------------------------------
 T = 721.023, DT = 1, NI = 3, LI = 3, RES = 1.1e-08 (3.3e-06), CFL=0.676 (ELAPSED 00:00:08, REMAINING 00:00:03 )
-------------------------------------------------------------------------------------------------------------
	 #1 (1.5244e-02, 3.8513e-04): lin 1 (0.0e+00)
Composition correction applied in 73 block(s)
	 #2 (4.0308e-03, 4.6231e-06): lin 1 (0.0e+00)
Composition correction applied in 28 block(s)
	 #3 (5.7727e-05, 4.5797e-06): lin 1 (0.0e+00)
Composition correction applied in 28 block(s)
-------------------------------------------------------------------------------------------------------------
 T = 722.023, DT = 1, NI = 3, LI = 3, RES = 1.6e-08 (4.6e-06), CFL=0.689 (ELAPSED 00:00:08, REMAINING 00:00:03 )
-------------------------------------------------------------------------------------------------------------
	 #1 (1.4986e-02, 3.2584e-04): lin 1 (0.0e+00)
Composition correction applied in 27 block(s)
	 #2 (5.7378e-03, 4.9181e-06): lin 1 (0.0e+00)
Composition correction applied in 28 block(s)
	 #3 (2.2629e-04, 3.1434e-06): lin 1 (0.0e+00)
Composition correction applied in 28 block(s)
-------------------------------------------------------------------------------------------------------------
 T = 723.023, DT = 1, NI = 3, LI = 3, RES = 3.6e-07 (3.3e-06), CFL=0.683 (ELAPSED 00:00:08, REMAINING 00:00:03 )
-------------------------------------------------------------------------------------------------------------
	 #1 (1.3831e-02, 3.3490e-05): lin 1 (0.0e+00)
Composition correction applied in 27 block(s)
	 #2 (2.5435e-03, 3.2467e-06): lin 1 (0.0e+00)
Composition correction applied in 27 block(s)
	 #3 (2.5954e-05, 4.5696e-06): lin 1 (0.0e+00)
Composition correction applied in 27 block(s)
-------------------------------------------------------------------------------------------------------------
 T = 724.023, DT = 1, NI = 3, LI = 3, RES = 4.9e-09 (3.3e-06), CFL=0.678 (ELAPSED 00:00:08, REMAINING 00:00:03 )
-------------------------------------------------------------------------------------------------------------
	 #1 (1.5342e-02, 2.2444e-04): lin 1 (0.0e+00)
Composition correction applied in 27 block(s)
	 #2 (8.3112e-03, 2.9244e-06): lin 1 (0.0e+00)
Composition correction applied in 28 block(s)
	 #3 (6.5494e-04, 4.9052e-06): lin 1 (0.0e+00)
Composition correction applied in 28 block(s)
-------------------------------------------------------------------------------------------------------------
 T = 725.023, DT = 1, NI = 3, LI = 3, RES = 2.9e-06 (3.3e-06), CFL=0.691 (ELAPSED 00:00:08, REMAINING 00:00:03 )
-------------------------------------------------------------------------------------------------------------
	 #1 (1.4232e-02, 2.3289e-04): lin 1 (0.0e+00)
Composition correction applied in 27 block(s)
	 #2 (4.1834e-03, 4.7861e-06): lin 1 (0.0e+00)
Composition correction applied in 27 block(s)
	 #3 (1.0325e-04, 3.2315e-06): lin 1 (0.0e+00)
Composition correction applied in 27 block(s)
-------------------------------------------------------------------------------------------------------------
 T = 726.023, DT = 1, NI = 3, LI = 3, RES = 3.3e-08 (3.3e-06), CFL=0.682 (ELAPSED 00:00:09, REMAINING 00:00:03 )
-------------------------------------------------------------------------------------------------------------
	 #1 (1.4300e-02, 2.1778e-04): lin 1 (0.0e+00)
Composition correction applied in 27 block(s)
	 #2 (4.3578e-03, 3.2652e-06): lin 1 (0.0e+00)
Composition correction applied in 28 block(s)
	 #3 (5.0297e-05, 3.2603e-06): lin 1 (0.0e+00)
Composition correction applied in 28 block(s)
-------------------------------------------------------------------------------------------------------------
 T = 727.023, DT = 1, NI = 3, LI = 3, RES = 1.5e-08 (3.3e-06), CFL=0.683 (ELAPSED 00:00:09, REMAINING 00:00:03 )
-------------------------------------------------------------------------------------------------------------
	 #1 (1.5156e-02, 3.7525e-05): lin 1 (0.0e+00)
Composition correction applied in 27 block(s)
	 #2 (7.0910e-03, 2.9616e-06): lin 1 (0.0e+00)
Composition correction applied in 28 block(s)
	 #3 (4.2938e-04, 2.9915e-06): lin 1 (0.0e+00)
Composition correction applied in 28 block(s)
-------------------------------------------------------------------------------------------------------------
 T = 728.023, DT = 1, NI = 3, LI = 3, RES = 1.3e-06 (3.3e-06), CFL=0.688 (ELAPSED 00:00:09, REMAINING 00:00:03 )
-------------------------------------------------------------------------------------------------------------
	 #1 (1.3756e-02, 9.2423e-05): lin 1 (0.0e+00)
Composition correction applied in 27 block(s)
	 #2 (2.4228e-03, 3.1433e-06): lin 1 (0.0e+00)
Composition correction applied in 27 block(s)
	 #3 (7.9600e-05, 3.2558e-06): lin 1 (0.0e+00)
Composition correction applied in 27 block(s)
-------------------------------------------------------------------------------------------------------------
 T = 729.023, DT = 1, NI = 3, LI = 3, RES = 3.3e-08 (3.3e-06), CFL=0.689 (ELAPSED 00:00:09, REMAINING 00:00:03 )
-------------------------------------------------------------------------------------------------------------
	 #1 (1.5301e-02, 4.0794e-04): lin 1 (0.0e+00)
Composition correction applied in 189 block(s)
	 #2 (3.9866e-03, 3.2260e-06): lin 1 (0.0e+00)
Composition correction applied in 28 block(s)
	 #3 (5.9687e-05, 4.5299e-06): lin 1 (0.0e+00)
Composition correction applied in 28 block(s)
-------------------------------------------------------------------------------------------------------------
 T = 730.023, DT = 1, NI = 3, LI = 3, RES = 7.2e-08 (4.5e-06), CFL=0.691 (ELAPSED 00:00:09, REMAINING 00:00:03 )
-------------------------------------------------------------------------------------------------------------
	 #1 (1.4856e-02, 2.4832e-04): lin 1 (0.0e+00)
Composition correction applied in 27 block(s)
	 #2 (5.5030e-03, 2.8689e-06): lin 1 (0.0e+00)
Composition correction applied in 27 block(s)
	 #3 (2.5642e-04, 4.6507e-06): lin 1 (0.0e+00)
Composition correction applied in 27 block(s)
-------------------------------------------------------------------------------------------------------------
 T = 731.023, DT = 1, NI = 3, LI = 3, RES = 4.3e-07 (3.2e-06), CFL=0.681 (ELAPSED 00:00:09, REMAINING 00:00:03 )
-------------------------------------------------------------------------------------------------------------
	 #1 (1.3756e-02, 1.3079e-04): lin 1 (0.0e+00)
Composition correction applied in 27 block(s)
	 #2 (2.5283e-03, 3.2141e-06): lin 1 (0.0e+00)
Composition correction applied in 27 block(s)
	 #3 (2.4999e-05, 3.2375e-06): lin 1 (0.0e+00)
Composition correction applied in 27 block(s)
-------------------------------------------------------------------------------------------------------------
 T = 732.023, DT = 1, NI = 3, LI = 3, RES = 4.5e-09 (4.5e-06), CFL=0.678 (ELAPSED 00:00:09, REMAINING 00:00:03 )
-------------------------------------------------------------------------------------------------------------
	 #1 (1.5196e-02, 2.1062e-04): lin 1 (0.0e+00)
Composition correction applied in 27 block(s)
	 #2 (8.0962e-03, 4.8349e-06): lin 1 (0.0e+00)
Composition correction applied in 28 block(s)
	 #3 (6.2047e-04, 2.8960e-06): lin 1 (0.0e+00)
Composition correction applied in 28 block(s)
-------------------------------------------------------------------------------------------------------------
 T = 733.023, DT = 1, NI = 3, LI = 3, RES = 2.6e-06 (4.5e-06), CFL=0.688 (ELAPSED 00:00:09, REMAINING 00:00:03 )
-------------------------------------------------------------------------------------------------------------
	 #1 (1.4016e-02, 2.1380e-04): lin 1 (0.0e+00)
Composition correction applied in 27 block(s)
	 #2 (3.8523e-03, 3.1064e-06): lin 1 (0.0e+00)
Composition correction applied in 28 block(s)
	 #3 (8.7468e-05, 3.2221e-06): lin 1 (0.0e+00)
Composition correction applied in 28 block(s)
-------------------------------------------------------------------------------------------------------------
 T = 734.023, DT = 1, NI = 3, LI = 3, RES = 1.8e-08 (4.5e-06), CFL=0.676 (ELAPSED 00:00:09, REMAINING 00:00:03 )
-------------------------------------------------------------------------------------------------------------
	 #1 (1.4307e-02, 2.1974e-04): lin 1 (0.0e+00)
Composition correction applied in 29 block(s)
	 #2 (4.2217e-03, 4.4976e-06): lin 1 (0.0e+00)
Composition correction applied in 29 block(s)
	 #3 (5.0632e-05, 4.4934e-06): lin 1 (0.0e+00)
Composition correction applied in 29 block(s)
-------------------------------------------------------------------------------------------------------------
 T = 735.023, DT = 1, NI = 3, LI = 3, RES = 1.4e-08 (3.2e-06), CFL=0.682 (ELAPSED 00:00:09, REMAINING 00:00:03 )
-------------------------------------------------------------------------------------------------------------
	 #1 (1.4998e-02, 1.0268e-04): lin 1 (0.0e+00)
Composition correction applied in 28 block(s)
	 #2 (6.7616e-03, 4.8415e-06): lin 1 (0.0e+00)
Composition correction applied in 29 block(s)
	 #3 (3.8195e-04, 4.7668e-06): lin 1 (0.0e+00)
Composition correction applied in 29 block(s)
-------------------------------------------------------------------------------------------------------------
 T = 736.023, DT = 1, NI = 3, LI = 3, RES = 1.0e-06 (3.2e-06), CFL=0.685 (ELAPSED 00:00:09, REMAINING 00:00:03 )
-------------------------------------------------------------------------------------------------------------
	 #1 (1.3615e-02, 8.2097e-05): lin 1 (0.0e+00)
Composition correction applied in 28 block(s)
	 #2 (2.4130e-03, 3.1525e-06): lin 1 (0.0e+00)
Composition correction applied in 28 block(s)
	 #3 (3.2161e-05, 4.4774e-06): lin 1 (0.0e+00)
Composition correction applied in 28 block(s)
-------------------------------------------------------------------------------------------------------------
 T = 737.023, DT = 1, NI = 3, LI = 3, RES = 7.8e-09 (3.2e-06), CFL=0.676 (ELAPSED 00:00:09, REMAINING 00:00:03 )
-------------------------------------------------------------------------------------------------------------
	 #1 (1.5222e-02, 3.4330e-04): lin 1 (0.0e+00)
Composition correction applied in 27 block(s)
	 #2 (9.2736e-03, 2.9395e-06): lin 1 (0.0e+00)
Composition correction applied in 29 block(s)
	 #3 (8.3817e-04, 5.0360e-06): lin 1 (0.0e+00)
Composition correction applied in 29 block(s)
-------------------------------------------------------------------------------------------------------------
 T = 738.023, DT = 1, NI = 3, LI = 3, RES = 4.7e-06 (3.2e-06), CFL=0.691 (ELAPSED 00:00:09, REMAINING 00:00:03 )
-------------------------------------------------------------------------------------------------------------
	 #1 (1.4612e-02, 3.3290e-04): lin 1 (0.0e+00)
Composition correction applied in 28 block(s)
	 #2 (5.1659e-03, 4.7830e-06): lin 1 (0.0e+00)
Composition correction applied in 29 block(s)
	 #3 (1.9998e-04, 3.0801e-06): lin 1 (0.0e+00)
Composition correction applied in 29 block(s)
-------------------------------------------------------------------------------------------------------------
 T = 739.023, DT = 1, NI = 3, LI = 3, RES = 2.8e-07 (3.2e-06), CFL=0.680 (ELAPSED 00:00:09, REMAINING 00:00:03 )
-------------------------------------------------------------------------------------------------------------
	 #1 (1.3772e-02, 7.3004e-05): lin 1 (0.0e+00)
Composition correction applied in 28 block(s)
	 #2 (2.5705e-03, 3.1992e-06): lin 1 (0.0e+00)
Composition correction applied in 29 block(s)
	 #3 (2.5209e-05, 3.2088e-06): lin 1 (0.0e+00)
Composition correction applied in 28 block(s)
-------------------------------------------------------------------------------------------------------------
 T = 740.023, DT = 1, NI = 3, LI = 3, RES = 4.3e-09 (3.2e-06), CFL=0.677 (ELAPSED 00:00:09, REMAINING 00:00:03 )
-------------------------------------------------------------------------------------------------------------
	 #1 (1.5122e-02, 1.2630e-04): lin 1 (0.0e+00)
Composition correction applied in 28 block(s)
	 #2 (7.8777e-03, 2.9389e-06): lin 1 (0.0e+00)
Composition correction applied in 29 block(s)
	 #3 (5.8983e-04, 4.7549e-06): lin 1 (0.0e+00)
Composition correction applied in 29 block(s)
-------------------------------------------------------------------------------------------------------------
 T = 741.023, DT = 1, NI = 3, LI = 3, RES = 2.3e-06 (4.5e-06), CFL=0.690 (ELAPSED 00:00:09, REMAINING 00:00:03 )
-------------------------------------------------------------------------------------------------------------
	 #1 (1.3876e-02, 1.9181e-04): lin 1 (0.0e+00)
Composition correction applied in 28 block(s)
	 #2 (3.5586e-03, 4.6032e-06): lin 1 (0.0e+00)
Composition correction applied in 28 block(s)
	 #3 (7.4189e-05, 3.1683e-06): lin 1 (0.0e+00)
Composition correction applied in 28 block(s)
-------------------------------------------------------------------------------------------------------------
 T = 742.023, DT = 1, NI = 3, LI = 3, RES = 1.0e-08 (3.2e-06), CFL=0.675 (ELAPSED 00:00:09, REMAINING 00:00:03 )
-------------------------------------------------------------------------------------------------------------
	 #1 (1.4413e-02, 2.5417e-04): lin 1 (0.0e+00)
Composition correction applied in 29 block(s)
	 #2 (4.1542e-03, 4.4560e-06): lin 1 (0.0e+00)
Composition correction applied in 29 block(s)
	 #3 (5.2160e-05, 4.4455e-06): lin 1 (0.0e+00)
Composition correction applied in 29 block(s)
-------------------------------------------------------------------------------------------------------------
 T = 743.023, DT = 1, NI = 3, LI = 3, RES = 1.5e-08 (4.4e-06), CFL=0.685 (ELAPSED 00:00:09, REMAINING 00:00:03 )
-------------------------------------------------------------------------------------------------------------
	 #1 (1.4921e-02, 1.3628e-04): lin 1 (0.0e+00)
Composition correction applied in 28 block(s)
	 #2 (6.5170e-03, 4.7635e-06): lin 1 (0.0e+00)
Composition correction applied in 29 block(s)
	 #3 (3.5014e-04, 3.0139e-06): lin 1 (0.0e+00)
Composition correction applied in 29 block(s)
-------------------------------------------------------------------------------------------------------------
 T = 744.023, DT = 1, NI = 3, LI = 3, RES = 8.5e-07 (4.4e-06), CFL=0.686 (ELAPSED 00:00:09, REMAINING 00:00:03 )
-------------------------------------------------------------------------------------------------------------
	 #1 (1.3563e-02, 5.1719e-05): lin 1 (0.0e+00)
Composition correction applied in 28 block(s)
	 #2 (2.4247e-03, 4.5144e-06): lin 1 (0.0e+00)
Composition correction applied in 28 block(s)
	 #3 (3.0148e-05, 4.4325e-06): lin 1 (0.0e+00)
Composition correction applied in 28 block(s)
-------------------------------------------------------------------------------------------------------------
 T = 745.023, DT = 1, NI = 3, LI = 3, RES = 7.0e-09 (3.2e-06), CFL=0.678 (ELAPSED 00:00:09, REMAINING 00:00:03 )
-------------------------------------------------------------------------------------------------------------
	 #1 (1.5160e-02, 3.2303e-04): lin 1 (0.0e+00)
Composition correction applied in 27 block(s)
	 #2 (9.1465e-03, 2.9270e-06): lin 1 (0.0e+00)
Composition correction applied in 29 block(s)
	 #3 (8.0863e-04, 2.7939e-06): lin 1 (0.0e+00)
Composition correction applied in 29 block(s)
-------------------------------------------------------------------------------------------------------------
 T = 746.023, DT = 1, NI = 3, LI = 3, RES = 4.4e-06 (3.2e-06), CFL=0.692 (ELAPSED 00:00:09, REMAINING 00:00:03 )
-------------------------------------------------------------------------------------------------------------
	 #1 (1.4446e-02, 2.8724e-04): lin 1 (0.0e+00)
Composition correction applied in 28 block(s)
	 #2 (4.9534e-03, 2.8879e-06): lin 1 (0.0e+00)
Composition correction applied in 29 block(s)
	 #3 (1.6952e-04, 4.5570e-06): lin 1 (0.0e+00)
Composition correction applied in 29 block(s)
-------------------------------------------------------------------------------------------------------------
 T = 747.023, DT = 1, NI = 3, LI = 3, RES = 2.0e-07 (3.2e-06), CFL=0.680 (ELAPSED 00:00:09, REMAINING 00:00:03 )
-------------------------------------------------------------------------------------------------------------
	 #1 (1.3764e-02, 1.0397e-04): lin 1 (0.0e+00)
Composition correction applied in 28 block(s)
	 #2 (2.5872e-03, 4.4194e-06): lin 1 (0.0e+00)
Composition correction applied in 29 block(s)
	 #3 (2.5468e-05, 4.4171e-06): lin 1 (0.0e+00)
Composition correction applied in 29 block(s)
-------------------------------------------------------------------------------------------------------------
 T = 748.023, DT = 1, NI = 3, LI = 3, RES = 4.2e-09 (4.4e-06), CFL=0.682 (ELAPSED 00:00:09, REMAINING 00:00:03 )
-------------------------------------------------------------------------------------------------------------
	 #1 (1.5035e-02, 9.8735e-05): lin 1 (0.0e+00)
Composition correction applied in 28 block(s)
	 #2 (7.7457e-03, 4.6539e-06): lin 1 (0.0e+00)
Composition correction applied in 29 block(s)
	 #3 (5.4612e-04, 4.6970e-06): lin 1 (0.0e+00)
Composition correction applied in 29 block(s)
-------------------------------------------------------------------------------------------------------------
 T = 749.023, DT = 1, NI = 3, LI = 3, RES = 2.0e-06 (4.4e-06), CFL=0.690 (ELAPSED 00:00:09, REMAINING 00:00:03 )
-------------------------------------------------------------------------------------------------------------
	 #1 (1.3756e-02, 1.6596e-04): lin 1 (0.0e+00)
Composition correction applied in 28 block(s)
	 #2 (3.3581e-03, 4.5094e-06): lin 1 (0.0e+00)
Composition correction applied in 28 block(s)
	 #3 (6.6121e-05, 4.4116e-06): lin 1 (0.0e+00)
Composition correction applied in 28 block(s)
-------------------------------------------------------------------------------------------------------------
 T = 750.023, DT = 1, NI = 3, LI = 3, RES = 9.3e-09 (4.4e-06), CFL=0.687 (ELAPSED 00:00:09, REMAINING 00:00:03 )
-------------------------------------------------------------------------------------------------------------
	 #1 (1.4443e-02, 2.6913e-04): lin 1 (0.0e+00)
Composition correction applied in 29 block(s)
	 #2 (4.0919e-03, 4.4100e-06): lin 1 (0.0e+00)
Composition correction applied in 29 block(s)
	 #3 (5.2537e-05, 4.3999e-06): lin 1 (0.0e+00)
Composition correction applied in 29 block(s)
-------------------------------------------------------------------------------------------------------------
 T = 751.023, DT = 1, NI = 3, LI = 3, RES = 1.5e-08 (4.4e-06), CFL=0.686 (ELAPSED 00:00:09, REMAINING 00:00:03 )
-------------------------------------------------------------------------------------------------------------
	 #1 (1.4819e-02, 1.3259e-04): lin 1 (0.0e+00)
Composition correction applied in 28 block(s)
	 #2 (6.3134e-03, 2.8760e-06): lin 1 (0.0e+00)
Composition correction applied in 29 block(s)
	 #3 (3.2616e-04, 4.6271e-06): lin 1 (0.0e+00)
Composition correction applied in 29 block(s)
-------------------------------------------------------------------------------------------------------------
 T = 752.023, DT = 1, NI = 3, LI = 3, RES = 7.3e-07 (3.2e-06), CFL=0.685 (ELAPSED 00:00:09, REMAINING 00:00:03 )
-------------------------------------------------------------------------------------------------------------
	 #1 (1.3469e-02, 7.2874e-05): lin 1 (0.0e+00)
Composition correction applied in 28 block(s)
	 #2 (2.4051e-03, 4.4560e-06): lin 1 (0.0e+00)
Composition correction applied in 28 block(s)
	 #3 (2.8311e-05, 3.1510e-06): lin 1 (0.0e+00)
Composition correction applied in 28 block(s)
-------------------------------------------------------------------------------------------------------------
 T = 753.023, DT = 1, NI = 3, LI = 3, RES = 6.3e-09 (3.1e-06), CFL=0.681 (ELAPSED 00:00:09, REMAINING 00:00:03 )
-------------------------------------------------------------------------------------------------------------
	 #1 (1.5030e-02, 3.5347e-04): lin 1 (0.0e+00)
Composition correction applied in 27 block(s)
	 #2 (8.9650e-03, 4.6443e-06): lin 1 (0.0e+00)
Composition correction applied in 29 block(s)
	 #3 (7.7116e-04, 2.7197e-06): lin 1 (0.0e+00)
Composition correction applied in 29 block(s)
-------------------------------------------------------------------------------------------------------------
 T = 754.023, DT = 1, NI = 3, LI = 3, RES = 4.0e-06 (4.4e-06), CFL=0.690 (ELAPSED 00:00:09, REMAINING 00:00:03 )
-------------------------------------------------------------------------------------------------------------
	 #1 (1.4219e-02, 2.5358e-04): lin 1 (0.0e+00)
Composition correction applied in 28 block(s)
	 #2 (4.6648e-03, 2.9674e-06): lin 1 (0.0e+00)
Composition correction applied in 28 block(s)
	 #3 (1.3102e-04, 3.0923e-06): lin 1 (0.0e+00)
Composition correction applied in 28 block(s)
-------------------------------------------------------------------------------------------------------------
 T = 755.023, DT = 1, NI = 3, LI = 3, RES = 1.2e-07 (3.1e-06), CFL=0.677 (ELAPSED 00:00:09, REMAINING 00:00:03 )
-------------------------------------------------------------------------------------------------------------
	 #1 (1.3718e-02, 1.2332e-04): lin 1 (0.0e+00)
Composition correction applied in 29 block(s)
	 #2 (2.5897e-03, 3.1376e-06): lin 1 (0.0e+00)
Composition correction applied in 29 block(s)
	 #3 (2.5723e-05, 4.3704e-06): lin 1 (0.0e+00)
Composition correction applied in 29 block(s)
-------------------------------------------------------------------------------------------------------------
 T = 756.023, DT = 1, NI = 3, LI = 3, RES = 4.1e-09 (4.4e-06), CFL=0.678 (ELAPSED 00:00:09, REMAINING 00:00:03 )
-------------------------------------------------------------------------------------------------------------
	 #1 (1.4881e-02, 4.1551e-05): lin 1 (0.0e+00)
Composition correction applied in 28 block(s)
	 #2 (7.6882e-03, 4.6626e-06): lin 1 (0.0e+00)
Composition correction applied in 29 block(s)
	 #3 (5.3422e-04, 2.9019e-06): lin 1 (0.0e+00)
Composition correction applied in 29 block(s)
-------------------------------------------------------------------------------------------------------------
 T = 757.023, DT = 1, NI = 3, LI = 3, RES = 1.9e-06 (3.1e-06), CFL=0.687 (ELAPSED 00:00:09, REMAINING 00:00:03 )
-------------------------------------------------------------------------------------------------------------
	 #1 (1.3565e-02, 1.4996e-04): lin 1 (0.0e+00)
Composition correction applied in 28 block(s)
	 #2 (2.9802e-03, 3.0223e-06): lin 1 (0.0e+00)
Composition correction applied in 28 block(s)
	 #3 (5.3360e-05, 3.1069e-06): lin 1 (0.0e+00)
Composition correction applied in 28 block(s)
-------------------------------------------------------------------------------------------------------------
 T = 758.023, DT = 1, NI = 3, LI = 3, RES = 1.0e-08 (3.1e-06), CFL=0.676 (ELAPSED 00:00:09, REMAINING 00:00:02 )
-------------------------------------------------------------------------------------------------------------
	 #1 (1.4534e-02, 2.7874e-04): lin 1 (0.0e+00)
Composition correction applied in 29 block(s)
	 #2 (3.9867e-03, 4.3600e-06): lin 1 (0.0e+00)
Composition correction applied in 29 block(s)
	 #3 (5.3559e-05, 4.3545e-06): lin 1 (0.0e+00)
Composition correction applied in 29 block(s)
-------------------------------------------------------------------------------------------------------------
 T = 759.023, DT = 1, NI = 3, LI = 3, RES = 1.5e-08 (4.4e-06), CFL=0.686 (ELAPSED 00:00:09, REMAINING 00:00:02 )
-------------------------------------------------------------------------------------------------------------
	 #1 (1.4669e-02, 2.2388e-04): lin 1 (0.0e+00)
Composition correction applied in 28 block(s)
	 #2 (5.9701e-03, 2.8925e-06): lin 1 (0.0e+00)
Composition correction applied in 29 block(s)
	 #3 (2.8069e-04, 4.5507e-06): lin 1 (0.0e+00)
Composition correction applied in 29 block(s)
-------------------------------------------------------------------------------------------------------------
 T = 760.023, DT = 1, NI = 3, LI = 3, RES = 5.5e-07 (3.1e-06), CFL=0.684 (ELAPSED 00:00:09, REMAINING 00:00:02 )
-------------------------------------------------------------------------------------------------------------
	 #1 (1.3418e-02, 1.6647e-05): lin 1 (0.0e+00)
Composition correction applied in 28 block(s)
	 #2 (2.4312e-03, 4.3692e-06): lin 1 (0.0e+00)
Composition correction applied in 28 block(s)
	 #3 (2.6412e-05, 4.3456e-06): lin 1 (0.0e+00)
Composition correction applied in 28 block(s)
-------------------------------------------------------------------------------------------------------------
 T = 761.023, DT = 1, NI = 3, LI = 3, RES = 5.5e-09 (4.3e-06), CFL=0.675 (ELAPSED 00:00:09, REMAINING 00:00:02 )
-------------------------------------------------------------------------------------------------------------
	 #1 (1.4965e-02, 2.2806e-04): lin 1 (0.0e+00)
Composition correction applied in 28 block(s)
	 #2 (8.7579e-03, 2.8791e-06): lin 1 (0.0e+00)
Composition correction applied in 29 block(s)
	 #3 (7.2728e-04, 2.7873e-06): lin 1 (0.0e+00)
Composition correction applied in 29 block(s)
-------------------------------------------------------------------------------------------------------------
 T = 762.023, DT = 1, NI = 3, LI = 3, RES = 3.5e-06 (3.1e-06), CFL=0.691 (ELAPSED 00:00:09, REMAINING 00:00:02 )
-------------------------------------------------------------------------------------------------------------
	 #1 (1.4038e-02, 2.3921e-04): lin 1 (0.0e+00)
Composition correction applied in 28 block(s)
	 #2 (4.4584e-03, 2.9681e-06): lin 1 (0.0e+00)
Composition correction applied in 28 block(s)
	 #3 (1.2323e-04, 4.4219e-06): lin 1 (0.0e+00)
Composition correction applied in 28 block(s)
-------------------------------------------------------------------------------------------------------------
 T = 763.023, DT = 1, NI = 3, LI = 3, RES = 6.3e-08 (4.3e-06), CFL=0.677 (ELAPSED 00:00:09, REMAINING 00:00:02 )
-------------------------------------------------------------------------------------------------------------
	 #1 (1.3781e-02, 1.3710e-04): lin 1 (0.0e+00)
Composition correction applied in 28 block(s)
	 #2 (4.3709e-03, 3.0911e-06): lin 1 (0.0e+00)
Composition correction applied in 29 block(s)
	 #3 (4.7524e-05, 4.3315e-06): lin 1 (0.0e+00)
Composition correction applied in 29 block(s)
-------------------------------------------------------------------------------------------------------------
 T = 764.023, DT = 1, NI = 3, LI = 3, RES = 1.4e-08 (3.1e-06), CFL=0.681 (ELAPSED 00:00:09, REMAINING 00:00:02 )
-------------------------------------------------------------------------------------------------------------
	 #1 (1.4814e-02, 1.7393e-05): lin 1 (0.0e+00)
Composition correction applied in 28 block(s)
	 #2 (7.4728e-03, 4.6561e-06): lin 1 (0.0e+00)
Composition correction applied in 29 block(s)
	 #3 (4.9705e-04, 2.8902e-06): lin 1 (0.0e+00)
Composition correction applied in 29 block(s)
-------------------------------------------------------------------------------------------------------------
 T = 765.023, DT = 1, NI = 3, LI = 3, RES = 1.7e-06 (4.3e-06), CFL=0.688 (ELAPSED 00:00:09, REMAINING 00:00:02 )
-------------------------------------------------------------------------------------------------------------
	 #1 (1.3474e-02, 1.1859e-04): lin 1 (0.0e+00)
Composition correction applied in 28 block(s)
	 #2 (2.7375e-03, 4.4224e-06): lin 1 (0.0e+00)
Composition correction applied in 28 block(s)
	 #3 (4.5533e-05, 3.0984e-06): lin 1 (0.0e+00)
Composition correction applied in 28 block(s)
-------------------------------------------------------------------------------------------------------------
 T = 766.023, DT = 1, NI = 3, LI = 3, RES = 1.1e-08 (4.3e-06), CFL=0.676 (ELAPSED 00:00:09, REMAINING 00:00:02 )
-------------------------------------------------------------------------------------------------------------
	 #1 (1.4639e-02, 3.0094e-04): lin 1 (0.0e+00)
Composition correction applied in 29 block(s)
	 #2 (3.9470e-03, 4.3370e-06): lin 1 (0.0e+00)
Composition correction applied in 29 block(s)
	 #3 (5.5152e-05, 3.0914e-06): lin 1 (0.0e+00)
Composition correction applied in 29 block(s)
-------------------------------------------------------------------------------------------------------------
 T = 767.023, DT = 1, NI = 3, LI = 3, RES = 1.6e-08 (3.1e-06), CFL=0.688 (ELAPSED 00:00:09, REMAINING 00:00:02 )
-------------------------------------------------------------------------------------------------------------
	 #1 (1.4584e-02, 2.2900e-04): lin 1 (0.0e+00)
Composition correction applied in 28 block(s)
	 #2 (5.7543e-03, 4.5246e-06): lin 1 (0.0e+00)
Composition correction applied in 29 block(s)
	 #3 (2.5600e-04, 2.9296e-06): lin 1 (0.0e+00)
Composition correction applied in 29 block(s)
-------------------------------------------------------------------------------------------------------------
 T = 768.023, DT = 1, NI = 3, LI = 3, RES = 4.5e-07 (3.1e-06), CFL=0.684 (ELAPSED 00:00:09, REMAINING 00:00:02 )
-------------------------------------------------------------------------------------------------------------
	 #1 (1.3389e-02, 1.4460e-05): lin 1 (0.0e+00)
Composition correction applied in 28 block(s)
	 #2 (2.4432e-03, 3.0536e-06): lin 1 (0.0e+00)
Composition correction applied in 28 block(s)
	 #3 (2.5449e-05, 4.3018e-06): lin 1 (0.0e+00)
Composition correction applied in 28 block(s)
-------------------------------------------------------------------------------------------------------------
 T = 769.023, DT = 1, NI = 3, LI = 3, RES = 5.0e-09 (3.1e-06), CFL=0.682 (ELAPSED 00:00:09, REMAINING 00:00:02 )
-------------------------------------------------------------------------------------------------------------
	 #1 (1.4895e-02, 2.1625e-04): lin 1 (0.0e+00)
Composition correction applied in 28 block(s)
	 #2 (8.6361e-03, 2.8204e-06): lin 1 (0.0e+00)
Composition correction applied in 29 block(s)
	 #3 (7.0197e-04, 2.6928e-06): lin 1 (0.0e+00)
Composition correction applied in 29 block(s)
-------------------------------------------------------------------------------------------------------------
 T = 770.023, DT = 1, NI = 3, LI = 3, RES = 3.3e-06 (3.1e-06), CFL=0.691 (ELAPSED 00:00:09, REMAINING 00:00:02 )
-------------------------------------------------------------------------------------------------------------
	 #1 (1.3900e-02, 2.0477e-04): lin 1 (0.0e+00)
Composition correction applied in 28 block(s)
	 #2 (4.2612e-03, 4.4541e-06): lin 1 (0.0e+00)
Composition correction applied in 28 block(s)
	 #3 (2.0079e-04, 3.0049e-06): lin 1 (0.0e+00)
Composition correction applied in 28 block(s)
-------------------------------------------------------------------------------------------------------------
 T = 771.023, DT = 1, NI = 3, LI = 3, RES = 2.6e-07 (4.3e-06), CFL=0.686 (ELAPSED 00:00:09, REMAINING 00:00:02 )
-------------------------------------------------------------------------------------------------------------
	 #1 (1.3785e-02, 1.5298e-04): lin 1 (0.0e+00)
Composition correction applied in 28 block(s)
	 #2 (4.2967e-03, 4.2808e-06): lin 1 (0.0e+00)
Composition correction applied in 29 block(s)
	 #3 (3.0630e-04, 4.2794e-06): lin 1 (0.0e+00)
Composition correction applied in 29 block(s)
-------------------------------------------------------------------------------------------------------------
 T = 772.023, DT = 1, NI = 3, LI = 3, RES = 1.7e-06 (3.1e-06), CFL=0.687 (ELAPSED 00:00:09, REMAINING 00:00:02 )
-------------------------------------------------------------------------------------------------------------
	 #1 (1.4731e-02, 2.3553e-06): lin 1 (0.0e+00)
Composition correction applied in 28 block(s)
	 #2 (7.7092e-03, 2.8311e-06): lin 1 (0.0e+00)
Composition correction applied in 29 block(s)
	 #3 (5.2191e-04, 2.9181e-06): lin 1 (0.0e+00)
Composition correction applied in 29 block(s)
-------------------------------------------------------------------------------------------------------------
 T = 773.023, DT = 1, NI = 3, LI = 3, RES = 2.5e-06 (4.3e-06), CFL=0.688 (ELAPSED 00:00:09, REMAINING 00:00:02 )
-------------------------------------------------------------------------------------------------------------
	 #1 (1.3370e-02, 4.0109e-05): lin 1 (0.0e+00)
Composition correction applied in 28 block(s)
	 #2 (2.5227e-03, 4.3884e-06): lin 1 (0.0e+00)
Composition correction applied in 28 block(s)
	 #3 (3.9857e-05, 3.0562e-06): lin 1 (0.0e+00)
Composition correction applied in 28 block(s)
-------------------------------------------------------------------------------------------------------------
 T = 774.023, DT = 1, NI = 3, LI = 3, RES = 1.0e-08 (4.3e-06), CFL=0.683 (ELAPSED 00:00:09, REMAINING 00:00:02 )
-------------------------------------------------------------------------------------------------------------
	 #1 (1.4666e-02, 4.0279e-04): lin 1 (0.0e+00)
Composition correction applied in 30 block(s)
	 #2 (3.8722e-03, 4.2829e-06): lin 1 (0.0e+00)
Composition correction applied in 30 block(s)
	 #3 (5.5257e-05, 3.0578e-06): lin 1 (0.0e+00)
Composition correction applied in 30 block(s)
-------------------------------------------------------------------------------------------------------------
 T = 775.023, DT = 1, NI = 3, LI = 3, RES = 1.6e-08 (4.3e-06), CFL=0.688 (ELAPSED 00:00:09, REMAINING 00:00:02 )
-------------------------------------------------------------------------------------------------------------
	 #1 (1.4433e-02, 2.1643e-04): lin 1 (0.0e+00)
Composition correction applied in 29 block(s)
	 #2 (5.4948e-03, 4.5017e-06): lin 1 (0.0e+00)
Composition correction applied in 30 block(s)
	 #3 (2.2685e-04, 2.9323e-06): lin 1 (0.0e+00)
Composition correction applied in 30 block(s)
-------------------------------------------------------------------------------------------------------------
 T = 776.023, DT = 1, NI = 3, LI = 3, RES = 3.5e-07 (4.3e-06), CFL=0.681 (ELAPSED 00:00:09, REMAINING 00:00:02 )
-------------------------------------------------------------------------------------------------------------
	 #1 (1.3306e-02, 2.9566e-05): lin 1 (0.0e+00)
Composition correction applied in 29 block(s)
	 #2 (2.4319e-03, 4.2821e-06): lin 1 (0.0e+00)
Composition correction applied in 29 block(s)
	 #3 (2.4276e-05, 3.0539e-06): lin 1 (0.0e+00)
Composition correction applied in 29 block(s)
-------------------------------------------------------------------------------------------------------------
 T = 777.023, DT = 1, NI = 3, LI = 3, RES = 4.5e-09 (3.1e-06), CFL=0.677 (ELAPSED 00:00:09, REMAINING 00:00:02 )
-------------------------------------------------------------------------------------------------------------
	 #1 (1.4757e-02, 1.7528e-04): lin 1 (0.0e+00)
Composition correction applied in 29 block(s)
	 #2 (8.3965e-03, 4.5071e-06): lin 1 (0.0e+00)
Composition correction applied in 30 block(s)
	 #3 (6.6084e-04, 2.7849e-06): lin 1 (0.0e+00)
Composition correction applied in 30 block(s)
-------------------------------------------------------------------------------------------------------------
 T = 778.023, DT = 1, NI = 3, LI = 3, RES = 2.9e-06 (4.2e-06), CFL=0.689 (ELAPSED 00:00:09, REMAINING 00:00:02 )
-------------------------------------------------------------------------------------------------------------
	 #1 (1.3681e-02, 2.0647e-04): lin 1 (0.0e+00)
Composition correction applied in 29 block(s)
	 #2 (3.9230e-03, 2.9267e-06): lin 1 (0.0e+00)
Composition correction applied in 29 block(s)
	 #3 (9.3607e-05, 3.0076e-06): lin 1 (0.0e+00)
Composition correction applied in 29 block(s)
-------------------------------------------------------------------------------------------------------------
 T = 779.023, DT = 1, NI = 3, LI = 3, RES = 2.7e-08 (4.2e-06), CFL=0.675 (ELAPSED 00:00:09, REMAINING 00:00:02 )
-------------------------------------------------------------------------------------------------------------
	 #1 (1.3804e-02, 1.6178e-04): lin 1 (0.0e+00)
Composition correction applied in 30 block(s)
	 #2 (4.1579e-03, 4.2376e-06): lin 1 (0.0e+00)
Composition correction applied in 30 block(s)
	 #3 (4.8360e-05, 3.0478e-06): lin 1 (0.0e+00)
Composition correction applied in 30 block(s)
-------------------------------------------------------------------------------------------------------------
 T = 780.023, DT = 1, NI = 3, LI = 3, RES = 1.4e-08 (4.2e-06), CFL=0.682 (ELAPSED 00:00:09, REMAINING 00:00:02 )
-------------------------------------------------------------------------------------------------------------
	 #1 (1.4593e-02, 6.4730e-05): lin 1 (0.0e+00)
Composition correction applied in 29 block(s)
	 #2 (6.9752e-03, 2.7728e-06): lin 1 (0.0e+00)
Composition correction applied in 30 block(s)
	 #3 (4.2032e-04, 4.4373e-06): lin 1 (0.0e+00)
Composition correction applied in 30 block(s)
-------------------------------------------------------------------------------------------------------------
 T = 781.023, DT = 1, NI = 3, LI = 3, RES = 1.2e-06 (3.0e-06), CFL=0.686 (ELAPSED 00:00:09, REMAINING 00:00:02 )
-------------------------------------------------------------------------------------------------------------
	 #1 (1.3245e-02, 8.4296e-05): lin 1 (0.0e+00)
Composition correction applied in 29 block(s)
	 #2 (2.3312e-03, 2.9914e-06): lin 1 (0.0e+00)
Composition correction applied in 29 block(s)
	 #3 (3.2567e-05, 3.0327e-06): lin 1 (0.0e+00)
Composition correction applied in 29 block(s)
-------------------------------------------------------------------------------------------------------------
 T = 782.023, DT = 1, NI = 3, LI = 3, RES = 8.0e-09 (3.0e-06), CFL=0.676 (ELAPSED 00:00:09, REMAINING 00:00:02 )
-------------------------------------------------------------------------------------------------------------
	 #1 (1.4784e-02, 3.1683e-04): lin 1 (0.0e+00)
Composition correction applied in 29 block(s)
	 #2 (9.5983e-03, 2.7254e-06): lin 1 (0.0e+00)
Composition correction applied in 30 block(s)
	 #3 (8.9415e-04, 2.6980e-06): lin 1 (0.0e+00)
Composition correction applied in 30 block(s)
-------------------------------------------------------------------------------------------------------------
 T = 783.023, DT = 1, NI = 3, LI = 3, RES = 5.2e-06 (3.0e-06), CFL=0.692 (ELAPSED 00:00:09, REMAINING 00:00:02 )
-------------------------------------------------------------------------------------------------------------
	 #1 (1.4308e-02, 2.8515e-04): lin 1 (0.0e+00)
Composition correction applied in 29 block(s)
	 #2 (5.2017e-03, 4.4084e-06): lin 1 (0.0e+00)
Composition correction applied in 30 block(s)
	 #3 (2.4134e-04, 4.2792e-06): lin 1 (0.0e+00)
Composition correction applied in 30 block(s)
-------------------------------------------------------------------------------------------------------------
 T = 784.023, DT = 1, NI = 3, LI = 3, RES = 3.8e-07 (4.2e-06), CFL=0.682 (ELAPSED 00:00:09, REMAINING 00:00:02 )
-------------------------------------------------------------------------------------------------------------
	 #1 (1.3330e-02, 3.4602e-05): lin 1 (0.0e+00)
Composition correction applied in 29 block(s)
	 #2 (2.4705e-03, 3.0073e-06): lin 1 (0.0e+00)
Composition correction applied in 29 block(s)
	 #3 (2.4163e-05, 4.2108e-06): lin 1 (0.0e+00)
Composition correction applied in 29 block(s)
-------------------------------------------------------------------------------------------------------------
 T = 785.023, DT = 1, NI = 3, LI = 3, RES = 4.2e-09 (4.2e-06), CFL=0.676 (ELAPSED 00:00:09, REMAINING 00:00:02 )
-------------------------------------------------------------------------------------------------------------
	 #1 (1.4704e-02, 1.3177e-04): lin 1 (0.0e+00)
Composition correction applied in 29 block(s)
	 #2 (8.2133e-03, 2.7270e-06): lin 1 (0.0e+00)
Composition correction applied in 30 block(s)
	 #3 (6.3115e-04, 2.7048e-06): lin 1 (0.0e+00)
Composition correction applied in 30 block(s)
-------------------------------------------------------------------------------------------------------------
 T = 786.023, DT = 1, NI = 3, LI = 3, RES = 2.6e-06 (4.2e-06), CFL=0.690 (ELAPSED 00:00:09, REMAINING 00:00:02 )
-------------------------------------------------------------------------------------------------------------
	 #1 (1.3555e-02, 1.7150e-04): lin 1 (0.0e+00)
Composition correction applied in 29 block(s)
	 #2 (3.6759e-03, 2.8967e-06): lin 1 (0.0e+00)
Composition correction applied in 29 block(s)
	 #3 (8.1466e-05, 4.2032e-06): lin 1 (0.0e+00)
Composition correction applied in 29 block(s)
-------------------------------------------------------------------------------------------------------------
 T = 787.023, DT = 1, NI = 3, LI = 3, RES = 1.7e-08 (4.2e-06), CFL=0.675 (ELAPSED 00:00:09, REMAINING 00:00:02 )
-------------------------------------------------------------------------------------------------------------
	 #1 (1.3877e-02, 1.9418e-04): lin 1 (0.0e+00)
Composition correction applied in 30 block(s)
	 #2 (4.0929e-03, 3.0093e-06): lin 1 (0.0e+00)
Composition correction applied in 30 block(s)
	 #3 (4.9455e-05, 4.1923e-06): lin 1 (0.0e+00)
Composition correction applied in 30 block(s)
-------------------------------------------------------------------------------------------------------------
 T = 788.023, DT = 1, NI = 3, LI = 3, RES = 1.4e-08 (3.0e-06), CFL=0.684 (ELAPSED 00:00:09, REMAINING 00:00:02 )
-------------------------------------------------------------------------------------------------------------
	 #1 (1.4523e-02, 7.2539e-05): lin 1 (0.0e+00)
Composition correction applied in 29 block(s)
	 #2 (6.7799e-03, 2.7812e-06): lin 1 (0.0e+00)
Composition correction applied in 30 block(s)
	 #3 (3.9122e-04, 2.8468e-06): lin 1 (0.0e+00)
Composition correction applied in 30 block(s)
-------------------------------------------------------------------------------------------------------------
 T = 789.023, DT = 1, NI = 3, LI = 3, RES = 1.0e-06 (3.0e-06), CFL=0.687 (ELAPSED 00:00:09, REMAINING 00:00:02 )
-------------------------------------------------------------------------------------------------------------
	 #1 (1.3184e-02, 5.1778e-05): lin 1 (0.0e+00)
Composition correction applied in 29 block(s)
	 #2 (2.3358e-03, 2.9416e-06): lin 1 (0.0e+00)
Composition correction applied in 29 block(s)
	 #3 (3.0554e-05, 4.1839e-06): lin 1 (0.0e+00)
Composition correction applied in 29 block(s)
-------------------------------------------------------------------------------------------------------------
 T = 790.023, DT = 1, NI = 3, LI = 3, RES = 7.3e-09 (3.0e-06), CFL=0.681 (ELAPSED 00:00:09, REMAINING 00:00:02 )
-------------------------------------------------------------------------------------------------------------
	 #1 (1.4723e-02, 3.0273e-04): lin 1 (0.0e+00)
Composition correction applied in 29 block(s)
	 #2 (9.4894e-03, 2.7094e-06): lin 1 (0.0e+00)
Composition correction applied in 30 block(s)
	 #3 (8.6761e-04, 2.6032e-06): lin 1 (0.0e+00)
Composition correction applied in 30 block(s)
-------------------------------------------------------------------------------------------------------------
 T = 791.023, DT = 1, NI = 3, LI = 3, RES = 4.9e-06 (3.0e-06), CFL=0.692 (ELAPSED 00:00:09, REMAINING 00:00:02 )
-------------------------------------------------------------------------------------------------------------
	 #1 (1.4154e-02, 2.5353e-04): lin 1 (0.0e+00)
Composition correction applied in 29 block(s)
	 #2 (5.0173e-03, 4.3864e-06): lin 1 (0.0e+00)
Composition correction applied in 30 block(s)
	 #3 (2.1157e-04, 2.9462e-06): lin 1 (0.0e+00)
Composition correction applied in 30 block(s)
-------------------------------------------------------------------------------------------------------------
 T = 792.023, DT = 1, NI = 3, LI = 3, RES = 2.9e-07 (3.0e-06), CFL=0.683 (ELAPSED 00:00:09, REMAINING 00:00:02 )
-------------------------------------------------------------------------------------------------------------
	 #1 (1.3310e-02, 6.6448e-05): lin 1 (0.0e+00)
Composition correction applied in 29 block(s)
	 #2 (2.4828e-03, 2.9905e-06): lin 1 (0.0e+00)
Composition correction applied in 29 block(s)
	 #3 (2.4209e-05, 4.1653e-06): lin 1 (0.0e+00)
Composition correction applied in 29 block(s)
-------------------------------------------------------------------------------------------------------------
 T = 793.023, DT = 1, NI = 3, LI = 3, RES = 4.1e-09 (4.2e-06), CFL=0.686 (ELAPSED 00:00:09, REMAINING 00:00:02 )
-------------------------------------------------------------------------------------------------------------
	 #1 (1.4624e-02, 1.1446e-04): lin 1 (0.0e+00)
Composition correction applied in 29 block(s)
	 #2 (8.0912e-03, 2.7536e-06): lin 1 (0.0e+00)
Composition correction applied in 30 block(s)
	 #3 (6.1456e-04, 2.7372e-06): lin 1 (0.0e+00)
Composition correction applied in 30 block(s)
-------------------------------------------------------------------------------------------------------------
 T = 794.023, DT = 1, NI = 3, LI = 3, RES = 2.4e-06 (4.2e-06), CFL=0.690 (ELAPSED 00:00:09, REMAINING 00:00:02 )
-------------------------------------------------------------------------------------------------------------
	 #1 (1.3438e-02, 1.4636e-04): lin 1 (0.0e+00)
Composition correction applied in 29 block(s)
	 #2 (3.4874e-03, 4.2948e-06): lin 1 (0.0e+00)
Composition correction applied in 29 block(s)
	 #3 (7.3531e-05, 2.9648e-06): lin 1 (0.0e+00)
Composition correction applied in 29 block(s)
-------------------------------------------------------------------------------------------------------------
 T = 795.023, DT = 1, NI = 3, LI = 3, RES = 1.1e-07 (3.0e-06), CFL=0.684 (ELAPSED 00:00:09, REMAINING 00:00:02 )
-------------------------------------------------------------------------------------------------------------
	 #1 (1.3880e-02, 2.9864e-04): lin 1 (0.0e+00)
Composition correction applied in 29 block(s)
	 #2 (4.0098e-03, 4.1506e-06): lin 1 (0.0e+00)
Composition correction applied in 30 block(s)
	 #3 (4.9638e-05, 2.9823e-06): lin 1 (0.0e+00)
Composition correction applied in 30 block(s)
-------------------------------------------------------------------------------------------------------------
 T = 796.023, DT = 1, NI = 3, LI = 3, RES = 1.4e-08 (3.0e-06), CFL=0.683 (ELAPSED 00:00:09, REMAINING 00:00:02 )
-------------------------------------------------------------------------------------------------------------
	 #1 (1.4394e-02, 2.1427e-05): lin 1 (0.0e+00)
Composition correction applied in 29 block(s)
	 #2 (6.5479e-03, 2.7012e-06): lin 1 (0.0e+00)
Composition correction applied in 30 block(s)
	 #3 (3.5947e-04, 4.3505e-06): lin 1 (0.0e+00)
Composition correction applied in 30 block(s)
-------------------------------------------------------------------------------------------------------------
 T = 797.023, DT = 1, NI = 3, LI = 3, RES = 8.6e-07 (3.0e-06), CFL=0.684 (ELAPSED 00:00:09, REMAINING 00:00:02 )
-------------------------------------------------------------------------------------------------------------
	 #1 (1.3065e-02, 1.1021e-05): lin 1 (0.0e+00)
Composition correction applied in 29 block(s)
	 #2 (2.3146e-03, 4.1903e-06): lin 1 (0.0e+00)
Composition correction applied in 29 block(s)
	 #3 (2.8331e-05, 2.9729e-06): lin 1 (0.0e+00)
Composition correction applied in 29 block(s)
-------------------------------------------------------------------------------------------------------------
 T = 798.023, DT = 1, NI = 3, LI = 3, RES = 6.4e-09 (3.0e-06), CFL=0.678 (ELAPSED 00:00:09, REMAINING 00:00:02 )
-------------------------------------------------------------------------------------------------------------
	 #1 (1.4594e-02, 2.7249e-04): lin 1 (0.0e+00)
Composition correction applied in 29 block(s)
	 #2 (9.2842e-03, 4.3974e-06): lin 1 (0.0e+00)
Composition correction applied in 30 block(s)
	 #3 (8.2420e-04, 4.4805e-06): lin 1 (0.0e+00)
Composition correction applied in 30 block(s)
-------------------------------------------------------------------------------------------------------------
 T = 799.023, DT = 1, NI = 3, LI = 3, RES = 4.4e-06 (3.0e-06), CFL=0.690 (ELAPSED 00:00:09, REMAINING 00:00:02 )
-------------------------------------------------------------------------------------------------------------
	 #1 (1.3917e-02, 2.4206e-04): lin 1 (0.0e+00)
Composition correction applied in 29 block(s)
	 #2 (4.7164e-03, 2.8079e-06): lin 1 (0.0e+00)
Composition correction applied in 30 block(s)
	 #3 (1.6407e-04, 2.8861e-06): lin 1 (0.0e+00)
Composition correction applied in 30 block(s)
-------------------------------------------------------------------------------------------------------------
 T = 800.023, DT = 1, NI = 3, LI = 3, RES = 1.8e-07 (4.1e-06), CFL=0.678 (ELAPSED 00:00:09, REMAINING 00:00:02 )
-------------------------------------------------------------------------------------------------------------
	 #1 (1.3272e-02, 6.4703e-05): lin 1 (0.0e+00)
Composition correction applied in 30 block(s)
	 #2 (2.4885e-03, 4.1342e-06): lin 1 (0.0e+00)
Composition correction applied in 30 block(s)
	 #3 (2.4287e-05, 4.1245e-06): lin 1 (0.0e+00)
Composition correction applied in 30 block(s)
-------------------------------------------------------------------------------------------------------------
 T = 801.023, DT = 1, NI = 3, LI = 3, RES = 3.9e-09 (3.0e-06), CFL=0.677 (ELAPSED 00:00:09, REMAINING 00:00:02 )
-------------------------------------------------------------------------------------------------------------
	 #1 (1.4488e-02, 6.7117e-05): lin 1 (0.0e+00)
Composition correction applied in 29 block(s)
	 #2 (7.8011e-03, 2.7449e-06): lin 1 (0.0e+00)
Composition correction applied in 30 block(s)
	 #3 (5.4589e-04, 2.7576e-06): lin 1 (0.0e+00)
Composition correction applied in 30 block(s)
-------------------------------------------------------------------------------------------------------------
 T = 802.023, DT = 1, NI = 3, LI = 3, RES = 2.0e-06 (4.1e-06), CFL=0.689 (ELAPSED 00:00:09, REMAINING 00:00:02 )
-------------------------------------------------------------------------------------------------------------
	 #1 (1.3249e-02, 1.4622e-04): lin 1 (0.0e+00)
Composition correction applied in 29 block(s)
	 #2 (3.1200e-03, 4.1783e-06): lin 1 (0.0e+00)
Composition correction applied in 29 block(s)
	 #3 (5.9023e-05, 2.9294e-06): lin 1 (0.0e+00)
Composition correction applied in 29 block(s)
-------------------------------------------------------------------------------------------------------------
 T = 803.023, DT = 1, NI = 3, LI = 3, RES = 8.9e-09 (3.0e-06), CFL=0.675 (ELAPSED 00:00:09, REMAINING 00:00:02 )
-------------------------------------------------------------------------------------------------------------
	 #1 (1.3988e-02, 2.1835e-04): lin 1 (0.0e+00)
Composition correction applied in 30 block(s)
	 #2 (3.9255e-03, 4.1229e-06): lin 1 (0.0e+00)
Composition correction applied in 30 block(s)
	 #3 (5.1099e-05, 4.1100e-06): lin 1 (0.0e+00)
Composition correction applied in 30 block(s)
-------------------------------------------------------------------------------------------------------------
 T = 804.023, DT = 1, NI = 3, LI = 3, RES = 1.5e-08 (4.1e-06), CFL=0.686 (ELAPSED 00:00:09, REMAINING 00:00:02 )
-------------------------------------------------------------------------------------------------------------
	 #1 (1.4300e-02, 1.4976e-04): lin 1 (0.0e+00)
Composition correction applied in 29 block(s)
	 #2 (6.2322e-03, 4.2918e-06): lin 1 (0.0e+00)
Composition correction applied in 30 block(s)
	 #3 (3.1851e-04, 2.7705e-06): lin 1 (0.0e+00)
Composition correction applied in 30 block(s)
-------------------------------------------------------------------------------------------------------------
 T = 805.023, DT = 1, NI = 3, LI = 3, RES = 6.8e-07 (4.1e-06), CFL=0.685 (ELAPSED 00:00:09, REMAINING 00:00:02 )
-------------------------------------------------------------------------------------------------------------
	 #1 (1.3032e-02, 3.3616e-05): lin 1 (0.0e+00)
Composition correction applied in 29 block(s)
	 #2 (2.3410e-03, 4.1354e-06): lin 1 (0.0e+00)
Composition correction applied in 29 block(s)
	 #3 (2.6486e-05, 4.0960e-06): lin 1 (0.0e+00)
Composition correction applied in 29 block(s)
-------------------------------------------------------------------------------------------------------------
 T = 806.023, DT = 1, NI = 3, LI = 3, RES = 5.7e-09 (4.1e-06), CFL=0.675 (ELAPSED 00:00:09, REMAINING 00:00:02 )
-------------------------------------------------------------------------------------------------------------
	 #1 (1.4551e-02, 2.2213e-04): lin 1 (0.0e+00)
Composition correction applied in 29 block(s)
	 #2 (9.1132e-03, 4.3651e-06): lin 1 (0.0e+00)
Composition correction applied in 30 block(s)
	 #3 (7.8566e-04, 4.4377e-06): lin 1 (0.0e+00)
Composition correction applied in 30 block(s)
-------------------------------------------------------------------------------------------------------------
 T = 807.023, DT = 1, NI = 3, LI = 3, RES = 4.0e-06 (4.1e-06), CFL=0.692 (ELAPSED 00:00:10, REMAINING 00:00:02 )
-------------------------------------------------------------------------------------------------------------
	 #1 (1.3758e-02, 2.1895e-04): lin 1 (0.0e+00)
Composition correction applied in 29 block(s)
	 #2 (4.4740e-03, 2.7511e-06): lin 1 (0.0e+00)
Composition correction applied in 30 block(s)
	 #3 (1.2916e-04, 4.1247e-06): lin 1 (0.0e+00)
Composition correction applied in 30 block(s)
-------------------------------------------------------------------------------------------------------------
 T = 808.023, DT = 1, NI = 3, LI = 3, RES = 1.2e-07 (2.9e-06), CFL=0.678 (ELAPSED 00:00:10, REMAINING 00:00:02 )
-------------------------------------------------------------------------------------------------------------
	 #1 (1.3312e-02, 1.0425e-04): lin 1 (0.0e+00)
Composition correction applied in 30 block(s)
	 #2 (2.5266e-03, 2.9293e-06): lin 1 (0.0e+00)
Composition correction applied in 30 block(s)
	 #3 (2.5171e-05, 2.9331e-06): lin 1 (0.0e+00)
Composition correction applied in 30 block(s)
-------------------------------------------------------------------------------------------------------------
 T = 809.023, DT = 1, NI = 3, LI = 3, RES = 4.0e-09 (4.1e-06), CFL=0.680 (ELAPSED 00:00:10, REMAINING 00:00:02 )
-------------------------------------------------------------------------------------------------------------
	 #1 (1.4423e-02, 4.4778e-05): lin 1 (0.0e+00)
Composition correction applied in 29 block(s)
	 #2 (7.8611e-03, 4.3422e-06): lin 1 (0.0e+00)
Composition correction applied in 30 block(s)
	 #3 (5.5044e-04, 2.7795e-06): lin 1 (0.0e+00)
Composition correction applied in 30 block(s)
-------------------------------------------------------------------------------------------------------------
 T = 810.023, DT = 1, NI = 3, LI = 3, RES = 2.0e-06 (2.9e-06), CFL=0.689 (ELAPSED 00:00:10, REMAINING 00:00:02 )
-------------------------------------------------------------------------------------------------------------
	 #1 (1.3153e-02, 1.0885e-04): lin 1 (0.0e+00)
Composition correction applied in 29 block(s)
	 #2 (2.9072e-03, 2.8447e-06): lin 1 (0.0e+00)
Composition correction applied in 29 block(s)
	 #3 (5.1490e-05, 4.0830e-06): lin 1 (0.0e+00)
Composition correction applied in 29 block(s)
-------------------------------------------------------------------------------------------------------------
 T = 811.023, DT = 1, NI = 3, LI = 3, RES = 9.6e-09 (4.1e-06), CFL=0.679 (ELAPSED 00:00:10, REMAINING 00:00:02 )
-------------------------------------------------------------------------------------------------------------
	 #1 (1.4059e-02, 2.3740e-04): lin 1 (0.0e+00)
Composition correction applied in 30 block(s)
	 #2 (3.8815e-03, 2.9121e-06): lin 1 (0.0e+00)
Composition correction applied in 30 block(s)
	 #3 (5.2173e-05, 4.0707e-06): lin 1 (0.0e+00)
Composition correction applied in 30 block(s)
-------------------------------------------------------------------------------------------------------------
 T = 812.023, DT = 1, NI = 3, LI = 3, RES = 1.5e-08 (2.9e-06), CFL=0.688 (ELAPSED 00:00:10, REMAINING 00:00:02 )
-------------------------------------------------------------------------------------------------------------
	 #1 (1.4221e-02, 1.5390e-04): lin 1 (0.0e+00)
Composition correction applied in 29 block(s)
	 #2 (6.0458e-03, 4.2909e-06): lin 1 (0.0e+00)
Composition correction applied in 30 block(s)
	 #3 (2.9502e-04, 4.1682e-06): lin 1 (0.0e+00)
Composition correction applied in 30 block(s)
-------------------------------------------------------------------------------------------------------------
 T = 813.023, DT = 1, NI = 3, LI = 3, RES = 5.8e-07 (2.9e-06), CFL=0.685 (ELAPSED 00:00:10, REMAINING 00:00:02 )
-------------------------------------------------------------------------------------------------------------
	 #1 (1.2991e-02, 5.2631e-06): lin 1 (0.0e+00)
Composition correction applied in 29 block(s)
	 #2 (2.3470e-03, 2.8701e-06): lin 1 (0.0e+00)
Composition correction applied in 29 block(s)
	 #3 (2.5317e-05, 4.0624e-06): lin 1 (0.0e+00)
Composition correction applied in 29 block(s)
-------------------------------------------------------------------------------------------------------------
 T = 814.023, DT = 1, NI = 3, LI = 3, RES = 5.2e-09 (4.1e-06), CFL=0.686 (ELAPSED 00:00:10, REMAINING 00:00:02 )
-------------------------------------------------------------------------------------------------------------
	 #1 (1.4484e-02, 2.0537e-04): lin 1 (0.0e+00)
Composition correction applied in 29 block(s)
	 #2 (9.0326e-03, 4.2489e-06): lin 1 (0.0e+00)
Composition correction applied in 30 block(s)
	 #3 (7.6122e-04, 2.6359e-06): lin 1 (0.0e+00)
Composition correction applied in 30 block(s)
-------------------------------------------------------------------------------------------------------------
 T = 815.023, DT = 1, NI = 3, LI = 3, RES = 3.7e-06 (4.1e-06), CFL=0.692 (ELAPSED 00:00:10, REMAINING 00:00:02 )
-------------------------------------------------------------------------------------------------------------
	 #1 (1.3625e-02, 1.9016e-04): lin 1 (0.0e+00)
Composition correction applied in 29 block(s)
	 #2 (4.3784e-03, 4.2006e-06): lin 1 (0.0e+00)
Composition correction applied in 29 block(s)
	 #3 (1.2345e-04, 2.8589e-06): lin 1 (0.0e+00)
Composition correction applied in 29 block(s)
-------------------------------------------------------------------------------------------------------------
 T = 816.023, DT = 1, NI = 3, LI = 3, RES = 7.0e-08 (2.9e-06), CFL=0.686 (ELAPSED 00:00:10, REMAINING 00:00:02 )
-------------------------------------------------------------------------------------------------------------
	 #1 (1.3300e-02, 1.4118e-04): lin 1 (0.0e+00)
Composition correction applied in 29 block(s)
	 #2 (4.2474e-03, 4.0481e-06): lin 1 (0.0e+00)
Composition correction applied in 29 block(s)
	 #3 (4.5423e-05, 2.8991e-06): lin 1 (0.0e+00)
Composition correction applied in 29 block(s)
-------------------------------------------------------------------------------------------------------------
 T = 817.023, DT = 1, NI = 3, LI = 3, RES = 2.0e-08 (2.9e-06), CFL=0.682 (ELAPSED 00:00:10, REMAINING 00:00:02 )
-------------------------------------------------------------------------------------------------------------
	 #1 (1.4314e-02, 1.2160e-04): lin 1 (0.0e+00)
Composition correction applied in 29 block(s)
	 #2 (7.6778e-03, 2.6178e-06): lin 1 (0.0e+00)
Composition correction applied in 30 block(s)
	 #3 (5.1749e-04, 2.7173e-06): lin 1 (0.0e+00)
Composition correction applied in 30 block(s)
-------------------------------------------------------------------------------------------------------------
 T = 818.023, DT = 1, NI = 3, LI = 3, RES = 1.7e-06 (2.9e-06), CFL=0.687 (ELAPSED 00:00:10, REMAINING 00:00:02 )
-------------------------------------------------------------------------------------------------------------
	 #1 (1.3013e-02, 4.1028e-05): lin 1 (0.0e+00)
Composition correction applied in 29 block(s)
	 #2 (2.6522e-03, 4.1184e-06): lin 1 (0.0e+00)
Composition correction applied in 29 block(s)
	 #3 (4.4042e-05, 4.0328e-06): lin 1 (0.0e+00)
Composition correction applied in 29 block(s)
-------------------------------------------------------------------------------------------------------------
 T = 819.023, DT = 1, NI = 3, LI = 3, RES = 9.8e-09 (4.0e-06), CFL=0.679 (ELAPSED 00:00:10, REMAINING 00:00:02 )
-------------------------------------------------------------------------------------------------------------
	 #1 (1.4085e-02, 2.6484e-04): lin 1 (0.0e+00)
Composition correction applied in 30 block(s)
	 #2 (3.7974e-03, 4.0391e-06): lin 1 (0.0e+00)
Composition correction applied in 30 block(s)
	 #3 (5.2722e-05, 4.0303e-06): lin 1 (0.0e+00)
Composition correction applied in 30 block(s)
-------------------------------------------------------------------------------------------------------------
 T = 820.023, DT = 1, NI = 3, LI = 3, RES = 1.5e-08 (2.9e-06), CFL=0.687 (ELAPSED 00:00:10, REMAINING 00:00:02 )
-------------------------------------------------------------------------------------------------------------
	 #1 (1.4071e-02, 1.8183e-04): lin 1 (0.0e+00)
Composition correction applied in 29 block(s)
	 #2 (5.7306e-03, 4.1711e-06): lin 1 (0.0e+00)
Composition correction applied in 30 block(s)
	 #3 (2.5948e-04, 4.1543e-06): lin 1 (0.0e+00)
Composition correction applied in 30 block(s)
-------------------------------------------------------------------------------------------------------------
 T = 821.023, DT = 1, NI = 3, LI = 3, RES = 4.5e-07 (2.9e-06), CFL=0.682 (ELAPSED 00:00:10, REMAINING 00:00:02 )
-------------------------------------------------------------------------------------------------------------
	 #1 (1.2909e-02, 3.8458e-06): lin 1 (0.0e+00)
Composition correction applied in 29 block(s)
	 #2 (2.3425e-03, 2.8779e-06): lin 1 (0.0e+00)
Composition correction applied in 29 block(s)
	 #3 (2.3926e-05, 2.8866e-06): lin 1 (0.0e+00)
Composition correction applied in 29 block(s)
-------------------------------------------------------------------------------------------------------------
 T = 822.023, DT = 1, NI = 3, LI = 3, RES = 4.6e-09 (2.9e-06), CFL=0.676 (ELAPSED 00:00:10, REMAINING 00:00:02 )
-------------------------------------------------------------------------------------------------------------
	 #1 (1.4363e-02, 1.6575e-04): lin 1 (0.0e+00)
Composition correction applied in 29 block(s)
	 #2 (8.7502e-03, 2.6913e-06): lin 1 (0.0e+00)
Composition correction applied in 30 block(s)
	 #3 (7.1319e-04, 2.6620e-06): lin 1 (0.0e+00)
Composition correction applied in 30 block(s)
-------------------------------------------------------------------------------------------------------------
 T = 823.023, DT = 1, NI = 3, LI = 3, RES = 3.2e-06 (2.9e-06), CFL=0.690 (ELAPSED 00:00:10, REMAINING 00:00:02 )
-------------------------------------------------------------------------------------------------------------
	 #1 (1.3405e-02, 1.8109e-04): lin 1 (0.0e+00)
Composition correction applied in 29 block(s)
	 #2 (4.0390e-03, 2.7829e-06): lin 1 (0.0e+00)
Composition correction applied in 29 block(s)
	 #3 (1.0321e-04, 2.8348e-06): lin 1 (0.0e+00)
Composition correction applied in 29 block(s)
-------------------------------------------------------------------------------------------------------------
 T = 824.023, DT = 1, NI = 3, LI = 3, RES = 4.2e-08 (2.9e-06), CFL=0.675 (ELAPSED 00:00:10, REMAINING 00:00:02 )
-------------------------------------------------------------------------------------------------------------
	 #1 (1.3328e-02, 1.2285e-04): lin 1 (0.0e+00)
Composition correction applied in 30 block(s)
	 #2 (4.1195e-03, 4.0095e-06): lin 1 (0.0e+00)
Composition correction applied in 30 block(s)
	 #3 (4.6001e-05, 2.8801e-06): lin 1 (0.0e+00)
Composition correction applied in 30 block(s)
-------------------------------------------------------------------------------------------------------------
 T = 825.023, DT = 1, NI = 3, LI = 3, RES = 1.3e-08 (4.0e-06), CFL=0.681 (ELAPSED 00:00:10, REMAINING 00:00:02 )
-------------------------------------------------------------------------------------------------------------
	 #1 (1.4223e-02, 2.2590e-05): lin 1 (0.0e+00)
Composition correction applied in 29 block(s)
	 #2 (7.3705e-03, 2.6597e-06): lin 1 (0.0e+00)
Composition correction applied in 30 block(s)
	 #3 (4.6984e-04, 4.1164e-06): lin 1 (0.0e+00)
Composition correction applied in 30 block(s)
-------------------------------------------------------------------------------------------------------------
 T = 826.023, DT = 1, NI = 3, LI = 3, RES = 1.4e-06 (4.0e-06), CFL=0.687 (ELAPSED 00:00:10, REMAINING 00:00:02 )
-------------------------------------------------------------------------------------------------------------
	 #1 (1.2920e-02, 8.8556e-05): lin 1 (0.0e+00)
Composition correction applied in 29 block(s)
	 #2 (2.3638e-03, 2.8137e-06): lin 1 (0.0e+00)
Composition correction applied in 29 block(s)
	 #3 (3.5913e-05, 4.0005e-06): lin 1 (0.0e+00)
Composition correction applied in 29 block(s)
-------------------------------------------------------------------------------------------------------------
 T = 827.023, DT = 1, NI = 3, LI = 3, RES = 9.1e-09 (4.0e-06), CFL=0.676 (ELAPSED 00:00:10, REMAINING 00:00:02 )
-------------------------------------------------------------------------------------------------------------
	 #1 (1.4252e-02, 2.6061e-04): lin 1 (0.0e+00)
Composition correction applied in 95 block(s)
	 #2 (3.7669e-03, 2.8476e-06): lin 1 (0.0e+00)
Composition correction applied in 30 block(s)
	 #3 (5.4973e-05, 2.8642e-06): lin 1 (0.0e+00)
Composition correction applied in 30 block(s)
-------------------------------------------------------------------------------------------------------------
 T = 828.023, DT = 1, NI = 3, LI = 3, RES = 1.6e-08 (2.9e-06), CFL=0.691 (ELAPSED 00:00:10, REMAINING 00:00:02 )
-------------------------------------------------------------------------------------------------------------
	 #1 (1.3999e-02, 2.1678e-04): lin 1 (0.0e+00)
Composition correction applied in 29 block(s)
	 #2 (5.4526e-03, 4.1954e-06): lin 1 (0.0e+00)
Composition correction applied in 30 block(s)
	 #3 (2.2924e-04, 2.7487e-06): lin 1 (0.0e+00)
Composition correction applied in 30 block(s)
-------------------------------------------------------------------------------------------------------------
 T = 829.023, DT = 1, NI = 3, LI = 3, RES = 3.5e-07 (2.9e-06), CFL=0.683 (ELAPSED 00:00:10, REMAINING 00:00:02 )
-------------------------------------------------------------------------------------------------------------
	 #1 (1.2920e-02, 1.6529e-05): lin 1 (0.0e+00)
Composition correction applied in 29 block(s)
	 #2 (2.3716e-03, 3.9878e-06): lin 1 (0.0e+00)
Composition correction applied in 29 block(s)
	 #3 (2.3434e-05, 3.9791e-06): lin 1 (0.0e+00)
Composition correction applied in 29 block(s)
-------------------------------------------------------------------------------------------------------------
 T = 830.023, DT = 1, NI = 3, LI = 3, RES = 4.2e-09 (2.9e-06), CFL=0.675 (ELAPSED 00:00:10, REMAINING 00:00:02 )
-------------------------------------------------------------------------------------------------------------
	 #1 (1.4316e-02, 1.5210e-04): lin 1 (0.0e+00)
Composition correction applied in 29 block(s)
	 #2 (8.5976e-03, 4.1918e-06): lin 1 (0.0e+00)
Composition correction applied in 30 block(s)
	 #3 (6.8502e-04, 2.6309e-06): lin 1 (0.0e+00)
Composition correction applied in 31 block(s)
-------------------------------------------------------------------------------------------------------------
 T = 831.023, DT = 1, NI = 3, LI = 3, RES = 3.0e-06 (2.9e-06), CFL=0.691 (ELAPSED 00:00:10, REMAINING 00:00:02 )
-------------------------------------------------------------------------------------------------------------
	 #1 (1.3285e-02, 1.4955e-04): lin 1 (0.0e+00)
Composition correction applied in 29 block(s)
	 #2 (3.8308e-03, 2.7177e-06): lin 1 (0.0e+00)
Composition correction applied in 29 block(s)
	 #3 (9.1777e-05, 3.9849e-06): lin 1 (0.0e+00)
Composition correction applied in 29 block(s)
-------------------------------------------------------------------------------------------------------------
 T = 832.023, DT = 1, NI = 3, LI = 3, RES = 2.9e-08 (2.8e-06), CFL=0.677 (ELAPSED 00:00:10, REMAINING 00:00:02 )
-------------------------------------------------------------------------------------------------------------
	 #1 (1.3370e-02, 1.4998e-04): lin 1 (0.0e+00)
Composition correction applied in 30 block(s)
	 #2 (4.0558e-03, 3.9685e-06): lin 1 (0.0e+00)
Composition correction applied in 30 block(s)
	 #3 (4.6803e-05, 2.8508e-06): lin 1 (0.0e+00)
Composition correction applied in 30 block(s)
-------------------------------------------------------------------------------------------------------------
 T = 833.023, DT = 1, NI = 3, LI = 3, RES = 1.4e-08 (4.0e-06), CFL=0.683 (ELAPSED 00:00:10, REMAINING 00:00:02 )
-------------------------------------------------------------------------------------------------------------
	 #1 (1.4157e-02, 2.8575e-05): lin 1 (0.0e+00)
Composition correction applied in 29 block(s)
	 #2 (7.2007e-03, 2.6067e-06): lin 1 (0.0e+00)
Composition correction applied in 30 block(s)
	 #3 (4.4298e-04, 4.0823e-06): lin 1 (0.0e+00)
Composition correction applied in 31 block(s)
-------------------------------------------------------------------------------------------------------------
 T = 834.023, DT = 1, NI = 3, LI = 3, RES = 1.3e-06 (4.0e-06), CFL=0.688 (ELAPSED 00:00:10, REMAINING 00:00:02 )
-------------------------------------------------------------------------------------------------------------
	 #1 (1.2851e-02, 6.7277e-05): lin 1 (0.0e+00)
Composition correction applied in 29 block(s)
	 #2 (2.2533e-03, 2.7683e-06): lin 1 (0.0e+00)
Composition correction applied in 29 block(s)
	 #3 (3.1620e-05, 3.9545e-06): lin 1 (0.0e+00)
Composition correction applied in 29 block(s)
-------------------------------------------------------------------------------------------------------------
 T = 835.023, DT = 1, NI = 3, LI = 3, RES = 7.7e-09 (2.8e-06), CFL=0.684 (ELAPSED 00:00:10, REMAINING 00:00:02 )
-------------------------------------------------------------------------------------------------------------
	 #1 (1.4318e-02, 2.8632e-04): lin 1 (0.0e+00)
Composition correction applied in 29 block(s)
	 #2 (9.8909e-03, 4.1265e-06): lin 1 (0.0e+00)
Composition correction applied in 30 block(s)
	 #3 (9.6793e-04, 2.4938e-06): lin 1 (0.0e+00)
Composition correction applied in 46 block(s)
-------------------------------------------------------------------------------------------------------------
 T = 836.023, DT = 1, NI = 3, LI = 3, RES = 5.5e-06 (2.8e-06), CFL=0.693 (ELAPSED 00:00:10, REMAINING 00:00:02 )
-------------------------------------------------------------------------------------------------------------
	 #1 (1.3918e-02, 2.2765e-04): lin 1 (0.0e+00)
Composition correction applied in 29 block(s)
	 #2 (5.2902e-03, 4.1206e-06): lin 1 (0.0e+00)
Composition correction applied in 30 block(s)
	 #3 (6.6910e-04, 2.7534e-06): lin 1 (0.0e+00)
Composition correction applied in 30 block(s)
-------------------------------------------------------------------------------------------------------------
 T = 837.023, DT = 1, NI = 3, LI = 3, RES = 5.8e-06 (2.8e-06), CFL=0.687 (ELAPSED 00:00:10, REMAINING 00:00:02 )
-------------------------------------------------------------------------------------------------------------
	 #1 (1.2896e-02, 3.0304e-05): lin 1 (0.0e+00)
Composition correction applied in 29 block(s)
	 #2 (2.3948e-03, 3.9539e-06): lin 1 (0.0e+00)
Composition correction applied in 29 block(s)
	 #3 (1.7417e-04, 2.8295e-06): lin 1 (0.0e+00)
Composition correction applied in 29 block(s)
-------------------------------------------------------------------------------------------------------------
 T = 838.023, DT = 1, NI = 3, LI = 3, RES = 1.1e-06 (3.9e-06), CFL=0.684 (ELAPSED 00:00:10, REMAINING 00:00:02 )
-------------------------------------------------------------------------------------------------------------
	 #1 (1.4233e-02, 1.8887e-04): lin 1 (0.0e+00)
Composition correction applied in 29 block(s)
	 #2 (8.4622e-03, 4.2058e-06): lin 1 (0.0e+00)
Composition correction applied in 30 block(s)
	 #3 (6.6104e-04, 4.0835e-06): lin 1 (0.0e+00)
Composition correction applied in 30 block(s)
-------------------------------------------------------------------------------------------------------------
 T = 839.023, DT = 1, NI = 3, LI = 3, RES = 2.7e-06 (2.8e-06), CFL=0.690 (ELAPSED 00:00:10, REMAINING 00:00:01 )
-------------------------------------------------------------------------------------------------------------
	 #1 (1.3139e-02, 5.7882e-05): lin 1 (0.0e+00)
Composition correction applied in 30 block(s)
	 #2 (3.6042e-03, 4.0500e-06): lin 1 (0.0e+00)
Composition correction applied in 30 block(s)
	 #3 (8.1090e-05, 3.9532e-06): lin 1 (0.0e+00)
Composition correction applied in 30 block(s)
-------------------------------------------------------------------------------------------------------------
 T = 840.023, DT = 1, NI = 3, LI = 3, RES = 1.9e-08 (2.8e-06), CFL=0.679 (ELAPSED 00:00:10, REMAINING 00:00:01 )
-------------------------------------------------------------------------------------------------------------
	 #1 (1.3354e-02, 1.9644e-04): lin 1 (0.0e+00)
Composition correction applied in 31 block(s)
	 #2 (3.9535e-03, 3.9298e-06): lin 1 (0.0e+00)
Composition correction applied in 31 block(s)
	 #3 (4.6848e-05, 3.9260e-06): lin 1 (0.0e+00)
Composition correction applied in 31 block(s)
-------------------------------------------------------------------------------------------------------------
 T = 841.023, DT = 1, NI = 3, LI = 3, RES = 1.4e-08 (3.9e-06), CFL=0.682 (ELAPSED 00:00:10, REMAINING 00:00:01 )
-------------------------------------------------------------------------------------------------------------
	 #1 (1.4025e-02, 4.4420e-05): lin 1 (0.0e+00)
Composition correction applied in 30 block(s)
	 #2 (6.9315e-03, 2.6493e-06): lin 1 (0.0e+00)
Composition correction applied in 31 block(s)
	 #3 (4.0420e-04, 4.0565e-06): lin 1 (0.0e+00)
Composition correction applied in 31 block(s)
-------------------------------------------------------------------------------------------------------------
 T = 842.023, DT = 1, NI = 3, LI = 3, RES = 1.0e-06 (3.9e-06), CFL=0.685 (ELAPSED 00:00:10, REMAINING 00:00:01 )
-------------------------------------------------------------------------------------------------------------
	 #1 (1.2726e-02, 5.8820e-05): lin 1 (0.0e+00)
Composition correction applied in 30 block(s)
	 #2 (2.2363e-03, 3.9693e-06): lin 1 (0.0e+00)
Composition correction applied in 30 block(s)
	 #3 (2.9009e-05, 2.8112e-06): lin 1 (0.0e+00)
Composition correction applied in 30 block(s)
-------------------------------------------------------------------------------------------------------------
 T = 843.023, DT = 1, NI = 3, LI = 3, RES = 6.7e-09 (3.9e-06), CFL=0.677 (ELAPSED 00:00:10, REMAINING 00:00:01 )
-------------------------------------------------------------------------------------------------------------
	 #1 (1.4205e-02, 2.3377e-04): lin 1 (0.0e+00)
Composition correction applied in 30 block(s)
	 #2 (9.6549e-03, 4.1584e-06): lin 1 (0.0e+00)
Composition correction applied in 31 block(s)
	 #3 (8.9032e-04, 2.5184e-06): lin 1 (0.0e+00)
Composition correction applied in 31 block(s)
-------------------------------------------------------------------------------------------------------------
 T = 844.023, DT = 1, NI = 3, LI = 3, RES = 4.9e-06 (3.9e-06), CFL=0.691 (ELAPSED 00:00:10, REMAINING 00:00:01 )
-------------------------------------------------------------------------------------------------------------
	 #1 (1.3678e-02, 2.2487e-04): lin 1 (0.0e+00)
Composition correction applied in 30 block(s)
	 #2 (4.8824e-03, 2.6325e-06): lin 1 (0.0e+00)
Composition correction applied in 31 block(s)
	 #3 (2.1030e-04, 3.9774e-06): lin 1 (0.0e+00)
Composition correction applied in 31 block(s)
-------------------------------------------------------------------------------------------------------------
 T = 845.023, DT = 1, NI = 3, LI = 3, RES = 2.8e-07 (2.8e-06), CFL=0.680 (ELAPSED 00:00:10, REMAINING 00:00:01 )
-------------------------------------------------------------------------------------------------------------
	 #1 (1.2861e-02, 3.7066e-05): lin 1 (0.0e+00)
Composition correction applied in 30 block(s)
	 #2 (2.3919e-03, 2.7954e-06): lin 1 (0.0e+00)
Composition correction applied in 31 block(s)
	 #3 (2.3018e-05, 2.8024e-06): lin 1 (0.0e+00)
Composition correction applied in 31 block(s)
-------------------------------------------------------------------------------------------------------------
 T = 846.023, DT = 1, NI = 3, LI = 3, RES = 3.8e-09 (2.8e-06), CFL=0.676 (ELAPSED 00:00:10, REMAINING 00:00:01 )
-------------------------------------------------------------------------------------------------------------
	 #1 (1.4129e-02, 8.6341e-05): lin 1 (0.0e+00)
Composition correction applied in 30 block(s)
	 #2 (8.1946e-03, 4.1067e-06): lin 1 (0.0e+00)
Composition correction applied in 32 block(s)
	 #3 (6.0298e-04, 4.1084e-06): lin 1 (0.0e+00)
Composition correction applied in 32 block(s)
-------------------------------------------------------------------------------------------------------------
 T = 847.023, DT = 1, NI = 3, LI = 3, RES = 2.3e-06 (2.8e-06), CFL=0.690 (ELAPSED 00:00:10, REMAINING 00:00:01 )
-------------------------------------------------------------------------------------------------------------
	 #1 (1.2983e-02, 1.2557e-04): lin 1 (0.0e+00)
Composition correction applied in 30 block(s)
	 #2 (3.3002e-03, 3.9638e-06): lin 1 (0.0e+00)
Composition correction applied in 30 block(s)
	 #3 (6.7339e-05, 2.7806e-06): lin 1 (0.0e+00)
Composition correction applied in 30 block(s)
-------------------------------------------------------------------------------------------------------------
 T = 848.023, DT = 1, NI = 3, LI = 3, RES = 9.6e-09 (3.9e-06), CFL=0.675 (ELAPSED 00:00:10, REMAINING 00:00:01 )
-------------------------------------------------------------------------------------------------------------
	 #1 (1.3464e-02, 1.6325e-04): lin 1 (0.0e+00)
Composition correction applied in 31 block(s)
	 #2 (3.8867e-03, 2.7928e-06): lin 1 (0.0e+00)
Composition correction applied in 31 block(s)
	 #3 (4.8736e-05, 2.7940e-06): lin 1 (0.0e+00)
Composition correction applied in 31 block(s)
-------------------------------------------------------------------------------------------------------------
 T = 849.023, DT = 1, NI = 3, LI = 3, RES = 1.4e-08 (2.8e-06), CFL=0.685 (ELAPSED 00:00:10, REMAINING 00:00:01 )
-------------------------------------------------------------------------------------------------------------
	 #1 (1.3963e-02, 8.1524e-05): lin 1 (0.0e+00)
Composition correction applied in 30 block(s)
	 #2 (6.6699e-03, 2.6072e-06): lin 1 (0.0e+00)
Composition correction applied in 32 block(s)
	 #3 (3.6699e-04, 2.7177e-06): lin 1 (0.0e+00)
Composition correction applied in 32 block(s)
-------------------------------------------------------------------------------------------------------------
 T = 850.023, DT = 1, NI = 3, LI = 3, RES = 8.6e-07 (2.8e-06), CFL=0.686 (ELAPSED 00:00:10, REMAINING 00:00:01 )
-------------------------------------------------------------------------------------------------------------
	 #1 (1.2688e-02, 3.6177e-05): lin 1 (0.0e+00)
Composition correction applied in 30 block(s)
	 #2 (2.2551e-03, 3.9279e-06): lin 1 (0.0e+00)
Composition correction applied in 30 block(s)
	 #3 (2.7126e-05, 2.7839e-06): lin 1 (0.0e+00)
Composition correction applied in 30 block(s)
-------------------------------------------------------------------------------------------------------------
 T = 851.023, DT = 1, NI = 3, LI = 3, RES = 6.0e-09 (2.8e-06), CFL=0.676 (ELAPSED 00:00:10, REMAINING 00:00:01 )
-------------------------------------------------------------------------------------------------------------
	 #1 (1.4166e-02, 2.2327e-04): lin 1 (0.0e+00)
Composition correction applied in 30 block(s)
	 #2 (9.5151e-03, 4.1172e-06): lin 1 (0.0e+00)
Composition correction applied in 31 block(s)
	 #3 (8.5688e-04, 2.5940e-06): lin 1 (0.0e+00)
Composition correction applied in 32 block(s)
-------------------------------------------------------------------------------------------------------------
 T = 852.023, DT = 1, NI = 3, LI = 3, RES = 4.5e-06 (2.8e-06), CFL=0.692 (ELAPSED 00:00:10, REMAINING 00:00:01 )
-------------------------------------------------------------------------------------------------------------
	 #1 (1.3532e-02, 1.8537e-04): lin 1 (0.0e+00)
Composition correction applied in 30 block(s)
	 #2 (4.6334e-03, 2.6780e-06): lin 1 (0.0e+00)
Composition correction applied in 31 block(s)
	 #3 (1.7657e-04, 3.9363e-06): lin 1 (0.0e+00)
Composition correction applied in 31 block(s)
-------------------------------------------------------------------------------------------------------------
 T = 853.023, DT = 1, NI = 3, LI = 3, RES = 2.0e-07 (2.8e-06), CFL=0.680 (ELAPSED 00:00:10, REMAINING 00:00:01 )
-------------------------------------------------------------------------------------------------------------
	 #1 (1.2874e-02, 6.3704e-05): lin 1 (0.0e+00)
Composition correction applied in 31 block(s)
	 #2 (2.4156e-03, 2.7674e-06): lin 1 (0.0e+00)
Composition correction applied in 31 block(s)
	 #3 (2.3422e-05, 3.8685e-06): lin 1 (0.0e+00)
Composition correction applied in 31 block(s)
-------------------------------------------------------------------------------------------------------------
 T = 854.023, DT = 1, NI = 3, LI = 3, RES = 3.8e-09 (3.9e-06), CFL=0.678 (ELAPSED 00:00:10, REMAINING 00:00:01 )
-------------------------------------------------------------------------------------------------------------
	 #1 (1.4067e-02, 7.1909e-05): lin 1 (0.0e+00)
Composition correction applied in 30 block(s)
	 #2 (8.0524e-03, 4.0411e-06): lin 1 (0.0e+00)
Composition correction applied in 31 block(s)
	 #3 (5.7626e-04, 3.9802e-06): lin 1 (0.0e+00)
Composition correction applied in 32 block(s)
-------------------------------------------------------------------------------------------------------------
 T = 855.023, DT = 1, NI = 3, LI = 3, RES = 2.1e-06 (3.9e-06), CFL=0.690 (ELAPSED 00:00:10, REMAINING 00:00:01 )
-------------------------------------------------------------------------------------------------------------
	 #1 (1.2885e-02, 1.0869e-04): lin 1 (0.0e+00)
Composition correction applied in 30 block(s)
	 #2 (3.1155e-03, 2.6872e-06): lin 1 (0.0e+00)
Composition correction applied in 30 block(s)
	 #3 (5.9822e-05, 2.7692e-06): lin 1 (0.0e+00)
Composition correction applied in 30 block(s)
-------------------------------------------------------------------------------------------------------------
 T = 856.023, DT = 1, NI = 3, LI = 3, RES = 8.0e-09 (3.9e-06), CFL=0.683 (ELAPSED 00:00:10, REMAINING 00:00:01 )
-------------------------------------------------------------------------------------------------------------
	 #1 (1.3507e-02, 1.7965e-04): lin 1 (0.0e+00)
Composition correction applied in 31 block(s)
	 #2 (3.8388e-03, 2.7619e-06): lin 1 (0.0e+00)
Composition correction applied in 31 block(s)
	 #3 (4.9251e-05, 3.8564e-06): lin 1 (0.0e+00)
Composition correction applied in 31 block(s)
-------------------------------------------------------------------------------------------------------------
 T = 857.023, DT = 1, NI = 3, LI = 3, RES = 1.4e-08 (3.9e-06), CFL=0.686 (ELAPSED 00:00:10, REMAINING 00:00:01 )
-------------------------------------------------------------------------------------------------------------
	 #1 (1.3889e-02, 9.6470e-05): lin 1 (0.0e+00)
Composition correction applied in 30 block(s)
	 #2 (6.5238e-03, 2.5994e-06): lin 1 (0.0e+00)
Composition correction applied in 31 block(s)
	 #3 (3.4459e-04, 2.7019e-06): lin 1 (0.0e+00)
Composition correction applied in 32 block(s)
-------------------------------------------------------------------------------------------------------------
 T = 858.023, DT = 1, NI = 3, LI = 3, RES = 7.5e-07 (2.8e-06), CFL=0.686 (ELAPSED 00:00:10, REMAINING 00:00:01 )
-------------------------------------------------------------------------------------------------------------
	 #1 (1.2637e-02, 2.0441e-05): lin 1 (0.0e+00)
Composition correction applied in 30 block(s)
	 #2 (2.2565e-03, 3.8719e-06): lin 1 (0.0e+00)
Composition correction applied in 30 block(s)
	 #3 (2.5865e-05, 2.7584e-06): lin 1 (0.0e+00)
Composition correction applied in 30 block(s)
-------------------------------------------------------------------------------------------------------------
 T = 859.023, DT = 1, NI = 3, LI = 3, RES = 5.5e-09 (2.8e-06), CFL=0.688 (ELAPSED 00:00:10, REMAINING 00:00:01 )
-------------------------------------------------------------------------------------------------------------
	 #1 (1.4101e-02, 2.1704e-04): lin 1 (0.0e+00)
Composition correction applied in 30 block(s)
	 #2 (9.4849e-03, 4.0377e-06): lin 1 (0.0e+00)
Composition correction applied in 31 block(s)
	 #3 (8.3346e-04, 2.6077e-06): lin 1 (0.0e+00)
Composition correction applied in 31 block(s)
-------------------------------------------------------------------------------------------------------------
 T = 860.023, DT = 1, NI = 3, LI = 3, RES = 4.2e-06 (2.8e-06), CFL=0.692 (ELAPSED 00:00:10, REMAINING 00:00:01 )
-------------------------------------------------------------------------------------------------------------
	 #1 (1.3385e-02, 9.0655e-05): lin 1 (0.0e+00)
Composition correction applied in 30 block(s)
	 #2 (4.4136e-03, 3.9319e-06): lin 1 (0.0e+00)
Composition correction applied in 30 block(s)
	 #3 (1.4802e-04, 3.8697e-06): lin 1 (0.0e+00)
Composition correction applied in 30 block(s)
-------------------------------------------------------------------------------------------------------------
 T = 861.023, DT = 1, NI = 3, LI = 3, RES = 1.4e-07 (2.8e-06), CFL=0.680 (ELAPSED 00:00:10, REMAINING 00:00:01 )
-------------------------------------------------------------------------------------------------------------
	 #1 (1.2830e-02, 1.3575e-04): lin 1 (0.0e+00)
Composition correction applied in 30 block(s)
	 #2 (2.4073e-03, 2.7495e-06): lin 1 (0.0e+00)
Composition correction applied in 31 block(s)
	 #3 (2.4691e-05, 2.7518e-06): lin 1 (0.0e+00)
Composition correction applied in 31 block(s)
-------------------------------------------------------------------------------------------------------------
 T = 862.023, DT = 1, NI = 3, LI = 3, RES = 3.9e-09 (2.8e-06), CFL=0.678 (ELAPSED 00:00:10, REMAINING 00:00:01 )
-------------------------------------------------------------------------------------------------------------
	 #1 (1.3942e-02, 7.9545e-05): lin 1 (0.0e+00)
Composition correction applied in 30 block(s)
	 #2 (7.8364e-03, 2.5703e-06): lin 1 (0.0e+00)
Composition correction applied in 31 block(s)
	 #3 (5.3975e-04, 2.6353e-06): lin 1 (0.0e+00)
Composition correction applied in 31 block(s)
-------------------------------------------------------------------------------------------------------------
 T = 863.023, DT = 1, NI = 3, LI = 3, RES = 1.8e-06 (3.8e-06), CFL=0.688 (ELAPSED 00:00:10, REMAINING 00:00:01 )
-------------------------------------------------------------------------------------------------------------
	 #1 (1.2726e-02, 9.6624e-05): lin 1 (0.0e+00)
Composition correction applied in 30 block(s)
	 #2 (2.8322e-03, 3.8862e-06): lin 1 (0.0e+00)
Composition correction applied in 30 block(s)
	 #3 (5.0298e-05, 3.8308e-06): lin 1 (0.0e+00)
Composition correction applied in 30 block(s)
-------------------------------------------------------------------------------------------------------------
 T = 864.023, DT = 1, NI = 3, LI = 3, RES = 8.9e-09 (3.8e-06), CFL=0.677 (ELAPSED 00:00:10, REMAINING 00:00:01 )
-------------------------------------------------------------------------------------------------------------
	 #1 (1.3546e-02, 1.8334e-04): lin 1 (0.0e+00)
Composition correction applied in 31 block(s)
	 #2 (3.7479e-03, 3.8241e-06): lin 1 (0.0e+00)
Composition correction applied in 31 block(s)
	 #3 (5.0100e-05, 3.8202e-06): lin 1 (0.0e+00)
Composition correction applied in 31 block(s)
-------------------------------------------------------------------------------------------------------------
 T = 865.023, DT = 1, NI = 3, LI = 3, RES = 1.5e-08 (2.7e-06), CFL=0.686 (ELAPSED 00:00:10, REMAINING 00:00:01 )
-------------------------------------------------------------------------------------------------------------
	 #1 (1.3753e-02, 1.3005e-04): lin 1 (0.0e+00)
Composition correction applied in 30 block(s)
	 #2 (6.1650e-03, 3.9739e-06): lin 1 (0.0e+00)
Composition correction applied in 31 block(s)
	 #3 (3.0253e-04, 3.8763e-06): lin 1 (0.0e+00)
Composition correction applied in 31 block(s)
-------------------------------------------------------------------------------------------------------------
 T = 866.023, DT = 1, NI = 3, LI = 3, RES = 5.8e-07 (3.8e-06), CFL=0.684 (ELAPSED 00:00:10, REMAINING 00:00:01 )
-------------------------------------------------------------------------------------------------------------
	 #1 (1.2555e-02, 2.7856e-05): lin 1 (0.0e+00)
Composition correction applied in 30 block(s)
	 #2 (2.2567e-03, 2.7226e-06): lin 1 (0.0e+00)
Composition correction applied in 30 block(s)
	 #3 (2.4022e-05, 2.7335e-06): lin 1 (0.0e+00)
Composition correction applied in 30 block(s)
-------------------------------------------------------------------------------------------------------------
 T = 867.023, DT = 1, NI = 3, LI = 3, RES = 4.8e-09 (3.8e-06), CFL=0.675 (ELAPSED 00:00:10, REMAINING 00:00:01 )
-------------------------------------------------------------------------------------------------------------
	 #1 (1.4000e-02, 1.5794e-04): lin 1 (0.0e+00)
Composition correction applied in 30 block(s)
	 #2 (9.1593e-03, 2.5813e-06): lin 1 (0.0e+00)
Composition correction applied in 31 block(s)
	 #3 (7.8025e-04, 2.5302e-06): lin 1 (0.0e+00)
Composition correction applied in 32 block(s)
-------------------------------------------------------------------------------------------------------------
 T = 868.023, DT = 1, NI = 3, LI = 3, RES = 3.7e-06 (2.7e-06), CFL=0.691 (ELAPSED 00:00:10, REMAINING 00:00:01 )
-------------------------------------------------------------------------------------------------------------
	 #1 (1.3184e-02, 1.6353e-04): lin 1 (0.0e+00)
Composition correction applied in 30 block(s)
	 #2 (4.1946e-03, 3.9216e-06): lin 1 (0.0e+00)
Composition correction applied in 31 block(s)
	 #3 (1.1703e-04, 2.7132e-06): lin 1 (0.0e+00)
Composition correction applied in 31 block(s)
-------------------------------------------------------------------------------------------------------------
 T = 869.023, DT = 1, NI = 3, LI = 3, RES = 6.6e-08 (3.8e-06), CFL=0.676 (ELAPSED 00:00:10, REMAINING 00:00:01 )
-------------------------------------------------------------------------------------------------------------
	 #1 (1.2881e-02, 8.1788e-05): lin 1 (0.0e+00)
Composition correction applied in 30 block(s)
	 #2 (4.1056e-03, 2.7254e-06): lin 1 (0.0e+00)
Composition correction applied in 31 block(s)
	 #3 (4.3536e-05, 3.7948e-06): lin 1 (0.0e+00)
Composition correction applied in 31 block(s)
-------------------------------------------------------------------------------------------------------------
 T = 870.023, DT = 1, NI = 3, LI = 3, RES = 1.3e-08 (3.8e-06), CFL=0.680 (ELAPSED 00:00:10, REMAINING 00:00:01 )
-------------------------------------------------------------------------------------------------------------
	 #1 (1.3881e-02, 1.4579e-05): lin 1 (0.0e+00)
Composition correction applied in 30 block(s)
	 #2 (7.8245e-03, 3.9711e-06): lin 1 (0.0e+00)
Composition correction applied in 32 block(s)
	 #3 (5.3219e-04, 3.8958e-06): lin 1 (0.0e+00)
Composition correction applied in 32 block(s)
-------------------------------------------------------------------------------------------------------------
 T = 871.023, DT = 1, NI = 3, LI = 3, RES = 1.7e-06 (3.8e-06), CFL=0.689 (ELAPSED 00:00:10, REMAINING 00:00:01 )
-------------------------------------------------------------------------------------------------------------
	 #1 (1.2641e-02, 8.6875e-05): lin 1 (0.0e+00)
Composition correction applied in 30 block(s)
	 #2 (2.5865e-03, 2.6686e-06): lin 1 (0.0e+00)
Composition correction applied in 30 block(s)
	 #3 (4.2365e-05, 2.7168e-06): lin 1 (0.0e+00)
Composition correction applied in 30 block(s)
-------------------------------------------------------------------------------------------------------------
 T = 872.023, DT = 1, NI = 3, LI = 3, RES = 9.3e-09 (2.7e-06), CFL=0.675 (ELAPSED 00:00:10, REMAINING 00:00:01 )
-------------------------------------------------------------------------------------------------------------
	 #1 (1.3673e-02, 2.0762e-04): lin 1 (0.0e+00)
Composition correction applied in 32 block(s)
	 #2 (3.7157e-03, 3.7870e-06): lin 1 (0.0e+00)
Composition correction applied in 31 block(s)
	 #3 (5.2066e-05, 2.7154e-06): lin 1 (0.0e+00)
Composition correction applied in 31 block(s)
-------------------------------------------------------------------------------------------------------------
 T = 873.023, DT = 1, NI = 3, LI = 3, RES = 1.5e-08 (3.8e-06), CFL=0.689 (ELAPSED 00:00:10, REMAINING 00:00:01 )
-------------------------------------------------------------------------------------------------------------
	 #1 (1.3691e-02, 1.4824e-04): lin 1 (0.0e+00)
Composition correction applied in 30 block(s)
	 #2 (5.9323e-03, 2.5743e-06): lin 1 (0.0e+00)
Composition correction applied in 31 block(s)
	 #3 (2.7456e-04, 3.8372e-06): lin 1 (0.0e+00)
Composition correction applied in 32 block(s)
-------------------------------------------------------------------------------------------------------------
 T = 874.023, DT = 1, NI = 3, LI = 3, RES = 4.7e-07 (3.8e-06), CFL=0.684 (ELAPSED 00:00:10, REMAINING 00:00:01 )
-------------------------------------------------------------------------------------------------------------
	 #1 (1.2544e-02, 6.0646e-06): lin 1 (0.0e+00)
Composition correction applied in 30 block(s)
	 #2 (2.2753e-03, 3.8034e-06): lin 1 (0.0e+00)
Composition correction applied in 30 block(s)
	 #3 (2.3192e-05, 2.7119e-06): lin 1 (0.0e+00)
Composition correction applied in 30 block(s)
-------------------------------------------------------------------------------------------------------------
 T = 875.023, DT = 1, NI = 3, LI = 3, RES = 4.4e-09 (2.7e-06), CFL=0.677 (ELAPSED 00:00:10, REMAINING 00:00:01 )
-------------------------------------------------------------------------------------------------------------
	 #1 (1.3953e-02, 1.5674e-04): lin 1 (0.0e+00)
Composition correction applied in 30 block(s)
	 #2 (9.0314e-03, 2.5107e-06): lin 1 (0.0e+00)
Composition correction applied in 31 block(s)
	 #3 (7.5330e-04, 2.4928e-06): lin 1 (0.0e+00)
Composition correction applied in 32 block(s)
-------------------------------------------------------------------------------------------------------------
 T = 876.023, DT = 1, NI = 3, LI = 3, RES = 3.4e-06 (2.7e-06), CFL=0.692 (ELAPSED 00:00:10, REMAINING 00:00:01 )
-------------------------------------------------------------------------------------------------------------
	 #1 (1.3066e-02, 1.3534e-04): lin 1 (0.0e+00)
Composition correction applied in 30 block(s)
	 #2 (4.0140e-03, 3.8773e-06): lin 1 (0.0e+00)
Composition correction applied in 30 block(s)
	 #3 (1.0581e-04, 2.6894e-06): lin 1 (0.0e+00)
Composition correction applied in 30 block(s)
-------------------------------------------------------------------------------------------------------------
 T = 877.023, DT = 1, NI = 3, LI = 3, RES = 5.0e-08 (2.7e-06), CFL=0.681 (ELAPSED 00:00:10, REMAINING 00:00:01 )
-------------------------------------------------------------------------------------------------------------
	 #1 (1.2897e-02, 1.0601e-04): lin 1 (0.0e+00)
Composition correction applied in 30 block(s)
	 #2 (4.0425e-03, 3.7730e-06): lin 1 (0.0e+00)
Composition correction applied in 31 block(s)
	 #3 (4.4075e-05, 2.7019e-06): lin 1 (0.0e+00)
Composition correction applied in 31 block(s)
-------------------------------------------------------------------------------------------------------------
 T = 878.023, DT = 1, NI = 3, LI = 3, RES = 1.3e-08 (2.7e-06), CFL=0.682 (ELAPSED 00:00:10, REMAINING 00:00:01 )
-------------------------------------------------------------------------------------------------------------
	 #1 (1.3819e-02, 1.5436e-05): lin 1 (0.0e+00)
Composition correction applied in 30 block(s)
	 #2 (7.6905e-03, 2.5351e-06): lin 1 (0.0e+00)
Composition correction applied in 31 block(s)
	 #3 (5.0938e-04, 3.8683e-06): lin 1 (0.0e+00)
Composition correction applied in 32 block(s)
-------------------------------------------------------------------------------------------------------------
 T = 879.023, DT = 1, NI = 3, LI = 3, RES = 1.6e-06 (2.7e-06), CFL=0.689 (ELAPSED 00:00:10, REMAINING 00:00:01 )
-------------------------------------------------------------------------------------------------------------
	 #1 (1.2566e-02, 6.5934e-05): lin 1 (0.0e+00)
Composition correction applied in 30 block(s)
	 #2 (2.4281e-03, 2.6582e-06): lin 1 (0.0e+00)
Composition correction applied in 30 block(s)
	 #3 (3.7824e-05, 3.7520e-06): lin 1 (0.0e+00)
Composition correction applied in 30 block(s)
-------------------------------------------------------------------------------------------------------------
 T = 880.023, DT = 1, NI = 3, LI = 3, RES = 9.0e-09 (2.7e-06), CFL=0.688 (ELAPSED 00:00:10, REMAINING 00:00:01 )
-------------------------------------------------------------------------------------------------------------
	 #1 (1.3719e-02, 2.2473e-04): lin 1 (0.0e+00)
Composition correction applied in 53 block(s)
	 #2 (4.5876e-03, 2.6856e-06): lin 1 (0.0e+00)
Composition correction applied in 31 block(s)
	 #3 (5.4304e-05, 3.7555e-06): lin 1 (0.0e+00)
Composition correction applied in 31 block(s)
-------------------------------------------------------------------------------------------------------------
 T = 881.023, DT = 1, NI = 3, LI = 3, RES = 7.7e-08 (2.7e-06), CFL=0.690 (ELAPSED 00:00:10, REMAINING 00:00:01 )
-------------------------------------------------------------------------------------------------------------
	 #1 (1.3609e-02, 1.2285e-04): lin 1 (0.0e+00)
Composition correction applied in 30 block(s)
	 #2 (5.7817e-03, 3.8845e-06): lin 1 (0.0e+00)
Composition correction applied in 31 block(s)
	 #3 (2.5377e-04, 3.8103e-06): lin 1 (0.0e+00)
Composition correction applied in 31 block(s)
-------------------------------------------------------------------------------------------------------------
 T = 882.023, DT = 1, NI = 3, LI = 3, RES = 4.0e-07 (3.7e-06), CFL=0.683 (ELAPSED 00:00:10, REMAINING 00:00:01 )
-------------------------------------------------------------------------------------------------------------
	 #1 (1.2487e-02, 8.0315e-05): lin 1 (0.0e+00)
Composition correction applied in 30 block(s)
	 #2 (2.2632e-03, 2.6709e-06): lin 1 (0.0e+00)
Composition correction applied in 30 block(s)
	 #3 (2.2299e-05, 3.7442e-06): lin 1 (0.0e+00)
Composition correction applied in 30 block(s)
-------------------------------------------------------------------------------------------------------------
 T = 883.023, DT = 1, NI = 3, LI = 3, RES = 4.0e-09 (2.7e-06), CFL=0.680 (ELAPSED 00:00:10, REMAINING 00:00:01 )
-------------------------------------------------------------------------------------------------------------
	 #1 (1.3847e-02, 1.8267e-04): lin 1 (0.0e+00)
Composition correction applied in 30 block(s)
	 #2 (8.8520e-03, 2.4867e-06): lin 1 (0.0e+00)
Composition correction applied in 31 block(s)
	 #3 (7.2091e-04, 2.5229e-06): lin 1 (0.0e+00)
Composition correction applied in 31 block(s)
-------------------------------------------------------------------------------------------------------------
 T = 884.023, DT = 1, NI = 3, LI = 3, RES = 3.1e-06 (3.7e-06), CFL=0.690 (ELAPSED 00:00:10, REMAINING 00:00:01 )
-------------------------------------------------------------------------------------------------------------
	 #1 (1.2893e-02, 1.1907e-04): lin 1 (0.0e+00)
Composition correction applied in 31 block(s)
	 #2 (3.7639e-03, 2.5754e-06): lin 1 (0.0e+00)
Composition correction applied in 31 block(s)
	 #3 (9.2024e-05, 2.6702e-06): lin 1 (0.0e+00)
Composition correction applied in 31 block(s)
-------------------------------------------------------------------------------------------------------------
 T = 885.023, DT = 1, NI = 3, LI = 3, RES = 3.3e-08 (2.7e-06), CFL=0.677 (ELAPSED 00:00:10, REMAINING 00:00:01 )
-------------------------------------------------------------------------------------------------------------
	 #1 (1.2881e-02, 1.1423e-04): lin 1 (0.0e+00)
Composition correction applied in 32 block(s)
	 #2 (3.9283e-03, 2.6778e-06): lin 1 (0.0e+00)
Composition correction applied in 32 block(s)
	 #3 (4.4255e-05, 2.6758e-06): lin 1 (0.0e+00)
Composition correction applied in 32 block(s)
-------------------------------------------------------------------------------------------------------------
 T = 886.023, DT = 1, NI = 3, LI = 3, RES = 1.3e-08 (3.7e-06), CFL=0.681 (ELAPSED 00:00:10, REMAINING 00:00:01 )
-------------------------------------------------------------------------------------------------------------
	 #1 (1.3697e-02, 2.5453e-05): lin 1 (0.0e+00)
Composition correction applied in 31 block(s)
	 #2 (7.3818e-03, 2.5249e-06): lin 1 (0.0e+00)
Composition correction applied in 32 block(s)
	 #3 (4.6105e-04, 2.5914e-06): lin 1 (0.0e+00)
Composition correction applied in 32 block(s)
-------------------------------------------------------------------------------------------------------------
 T = 887.023, DT = 1, NI = 3, LI = 3, RES = 1.3e-06 (3.7e-06), CFL=0.686 (ELAPSED 00:00:10, REMAINING 00:00:01 )
-------------------------------------------------------------------------------------------------------------
	 #1 (1.2437e-02, 6.9964e-05): lin 1 (0.0e+00)
Composition correction applied in 31 block(s)
	 #2 (2.1634e-03, 3.7467e-06): lin 1 (0.0e+00)
Composition correction applied in 31 block(s)
	 #3 (3.9978e-05, 2.6714e-06): lin 1 (0.0e+00)
Composition correction applied in 31 block(s)
-------------------------------------------------------------------------------------------------------------
 T = 888.023, DT = 1, NI = 3, LI = 3, RES = 5.3e-09 (2.7e-06), CFL=0.676 (ELAPSED 00:00:10, REMAINING 00:00:01 )
-------------------------------------------------------------------------------------------------------------
	 #1 (1.3831e-02, 2.2201e-04): lin 1 (0.0e+00)
Composition correction applied in 124 block(s)
	 #2 (3.6215e-03, 3.7347e-06): lin 1 (0.0e+00)
Composition correction applied in 33 block(s)
	 #3 (5.4704e-05, 3.7198e-06): lin 1 (0.0e+00)
Composition correction applied in 33 block(s)
-------------------------------------------------------------------------------------------------------------
 T = 889.023, DT = 1, NI = 3, LI = 3, RES = 1.6e-08 (2.7e-06), CFL=0.692 (ELAPSED 00:00:10, REMAINING 00:00:01 )
-------------------------------------------------------------------------------------------------------------
	 #1 (1.3485e-02, 1.9204e-04): lin 1 (0.0e+00)
Composition correction applied in 31 block(s)
	 #2 (5.3710e-03, 2.5473e-06): lin 1 (0.0e+00)
Composition correction applied in 32 block(s)
	 #3 (2.7264e-04, 2.5943e-06): lin 1 (0.0e+00)
Composition correction applied in 33 block(s)
-------------------------------------------------------------------------------------------------------------
 T = 890.023, DT = 1, NI = 3, LI = 3, RES = 4.3e-07 (3.7e-06), CFL=0.682 (ELAPSED 00:00:10, REMAINING 00:00:01 )
-------------------------------------------------------------------------------------------------------------
	 #1 (1.2484e-02, 4.3321e-06): lin 1 (0.0e+00)
Composition correction applied in 31 block(s)
	 #2 (2.2969e-03, 3.7228e-06): lin 1 (0.0e+00)
Composition correction applied in 31 block(s)
	 #3 (2.2028e-05, 3.7075e-06): lin 1 (0.0e+00)
Composition correction applied in 31 block(s)
-------------------------------------------------------------------------------------------------------------
 T = 891.023, DT = 1, NI = 3, LI = 3, RES = 3.8e-09 (2.7e-06), CFL=0.675 (ELAPSED 00:00:11, REMAINING 00:00:01 )
-------------------------------------------------------------------------------------------------------------
	 #1 (1.3795e-02, 1.0554e-04): lin 1 (0.0e+00)
Composition correction applied in 31 block(s)
	 #2 (8.6411e-03, 2.4965e-06): lin 1 (0.0e+00)
Composition correction applied in 33 block(s)
	 #3 (6.8457e-04, 2.4701e-06): lin 1 (0.0e+00)
Composition correction applied in 33 block(s)
-------------------------------------------------------------------------------------------------------------
 T = 892.023, DT = 1, NI = 3, LI = 3, RES = 2.8e-06 (3.7e-06), CFL=0.691 (ELAPSED 00:00:11, REMAINING 00:00:01 )
-------------------------------------------------------------------------------------------------------------
	 #1 (1.2766e-02, 1.1912e-04): lin 1 (0.0e+00)
Composition correction applied in 31 block(s)
	 #2 (3.5138e-03, 2.5788e-06): lin 1 (0.0e+00)
Composition correction applied in 31 block(s)
	 #3 (7.8995e-05, 3.7073e-06): lin 1 (0.0e+00)
Composition correction applied in 31 block(s)
-------------------------------------------------------------------------------------------------------------
 T = 893.023, DT = 1, NI = 3, LI = 3, RES = 1.9e-08 (3.7e-06), CFL=0.675 (ELAPSED 00:00:11, REMAINING 00:00:01 )
-------------------------------------------------------------------------------------------------------------
	 #1 (1.2968e-02, 1.2036e-04): lin 1 (0.0e+00)
Composition correction applied in 32 block(s)
	 #2 (3.8677e-03, 2.6531e-06): lin 1 (0.0e+00)
Composition correction applied in 32 block(s)
	 #3 (4.5757e-05, 3.6973e-06): lin 1 (0.0e+00)
Composition correction applied in 32 block(s)
-------------------------------------------------------------------------------------------------------------
 T = 894.023, DT = 1, NI = 3, LI = 3, RES = 1.4e-08 (2.7e-06), CFL=0.684 (ELAPSED 00:00:11, REMAINING 00:00:01 )
-------------------------------------------------------------------------------------------------------------
	 #1 (1.3650e-02, 3.3493e-05): lin 1 (0.0e+00)
Composition correction applied in 31 block(s)
	 #2 (7.1680e-03, 3.8306e-06): lin 1 (0.0e+00)
Composition correction applied in 32 block(s)
	 #3 (4.2766e-04, 2.5673e-06): lin 1 (0.0e+00)
Composition correction applied in 33 block(s)
-------------------------------------------------------------------------------------------------------------
 T = 895.023, DT = 1, NI = 3, LI = 3, RES = 1.1e-06 (2.6e-06), CFL=0.687 (ELAPSED 00:00:11, REMAINING 00:00:01 )
-------------------------------------------------------------------------------------------------------------
	 #1 (1.2389e-02, 3.9967e-05): lin 1 (0.0e+00)
Composition correction applied in 31 block(s)
	 #2 (2.1736e-03, 3.7102e-06): lin 1 (0.0e+00)
Composition correction applied in 31 block(s)
	 #3 (2.8329e-05, 2.6442e-06): lin 1 (0.0e+00)
Composition correction applied in 31 block(s)
-------------------------------------------------------------------------------------------------------------
 T = 896.023, DT = 1, NI = 3, LI = 3, RES = 6.5e-09 (2.6e-06), CFL=0.677 (ELAPSED 00:00:11, REMAINING 00:00:01 )
-------------------------------------------------------------------------------------------------------------
	 #1 (1.3807e-02, 2.1568e-04): lin 1 (0.0e+00)
Composition correction applied in 31 block(s)
	 #2 (9.9636e-03, 2.4941e-06): lin 1 (0.0e+00)
Composition correction applied in 32 block(s)
	 #3 (9.4232e-04, 2.5007e-06): lin 1 (0.0e+00)
Composition correction applied in 33 block(s)
-------------------------------------------------------------------------------------------------------------
 T = 897.023, DT = 1, NI = 3, LI = 3, RES = 5.2e-06 (3.7e-06), CFL=0.693 (ELAPSED 00:00:11, REMAINING 00:00:01 )
-------------------------------------------------------------------------------------------------------------
	 #1 (1.3358e-02, 1.7282e-04): lin 1 (0.0e+00)
Composition correction applied in 31 block(s)
	 #2 (5.1609e-03, 3.8214e-06): lin 1 (0.0e+00)
Composition correction applied in 32 block(s)
	 #3 (2.3994e-04, 2.5882e-06): lin 1 (0.0e+00)
Composition correction applied in 32 block(s)
-------------------------------------------------------------------------------------------------------------
 T = 898.023, DT = 1, NI = 3, LI = 3, RES = 3.4e-07 (2.6e-06), CFL=0.682 (ELAPSED 00:00:11, REMAINING 00:00:01 )
-------------------------------------------------------------------------------------------------------------
	 #1 (1.2475e-02, 3.3730e-05): lin 1 (0.0e+00)
Composition correction applied in 31 block(s)
	 #2 (2.3118e-03, 2.6329e-06): lin 1 (0.0e+00)
Composition correction applied in 32 block(s)
	 #3 (2.2031e-05, 3.6731e-06): lin 1 (0.0e+00)
Composition correction applied in 32 block(s)
-------------------------------------------------------------------------------------------------------------
 T = 899.023, DT = 1, NI = 3, LI = 3, RES = 3.6e-09 (3.7e-06), CFL=0.682 (ELAPSED 00:00:11, REMAINING 00:00:01 )
-------------------------------------------------------------------------------------------------------------
	 #1 (1.3736e-02, 9.0528e-05): lin 1 (0.0e+00)
Composition correction applied in 31 block(s)
	 #2 (8.5243e-03, 3.7875e-06): lin 1 (0.0e+00)
Composition correction applied in 32 block(s)
	 #3 (6.6704e-04, 2.5040e-06): lin 1 (0.0e+00)
Composition correction applied in 33 block(s)
-------------------------------------------------------------------------------------------------------------
 T = 900.023, DT = 1, NI = 3, LI = 3, RES = 2.6e-06 (2.6e-06), CFL=0.691 (ELAPSED 00:00:11, REMAINING 00:00:01 )
-------------------------------------------------------------------------------------------------------------
	 #1 (1.2668e-02, 9.4206e-05): lin 1 (0.0e+00)
Composition correction applied in 31 block(s)
	 #2 (3.3535e-03, 2.5567e-06): lin 1 (0.0e+00)
Composition correction applied in 31 block(s)
	 #3 (7.1371e-05, 2.6274e-06): lin 1 (0.0e+00)
Composition correction applied in 31 block(s)
-------------------------------------------------------------------------------------------------------------
 T = 901.023, DT = 1, NI = 3, LI = 3, RES = 1.4e-08 (3.7e-06), CFL=0.686 (ELAPSED 00:00:11, REMAINING 00:00:01 )
-------------------------------------------------------------------------------------------------------------
	 #1 (1.2989e-02, 1.3062e-04): lin 1 (0.0e+00)
Composition correction applied in 32 block(s)
	 #2 (3.8197e-03, 3.6628e-06): lin 1 (0.0e+00)
Composition correction applied in 32 block(s)
	 #3 (4.6385e-05, 2.6303e-06): lin 1 (0.0e+00)
Composition correction applied in 32 block(s)
-------------------------------------------------------------------------------------------------------------
 T = 902.023, DT = 1, NI = 3, LI = 3, RES = 2.6e-08 (3.7e-06), CFL=0.687 (ELAPSED 00:00:11, REMAINING 00:00:01 )
-------------------------------------------------------------------------------------------------------------
	 #1 (1.3583e-02, 4.6405e-05): lin 1 (0.0e+00)
Composition correction applied in 31 block(s)
	 #2 (7.2363e-03, 2.4899e-06): lin 1 (0.0e+00)
Composition correction applied in 32 block(s)
	 #3 (4.1759e-04, 2.5623e-06): lin 1 (0.0e+00)
Composition correction applied in 32 block(s)
-------------------------------------------------------------------------------------------------------------
 T = 903.023, DT = 1, NI = 3, LI = 3, RES = 1.1e-06 (3.7e-06), CFL=0.687 (ELAPSED 00:00:11, REMAINING 00:00:01 )
-------------------------------------------------------------------------------------------------------------
	 #1 (1.2317e-02, 2.8145e-05): lin 1 (0.0e+00)
Composition correction applied in 31 block(s)
	 #2 (2.1603e-03, 2.5774e-06): lin 1 (0.0e+00)
Composition correction applied in 31 block(s)
	 #3 (2.6880e-05, 2.6264e-06): lin 1 (0.0e+00)
Composition correction applied in 31 block(s)
-------------------------------------------------------------------------------------------------------------
 T = 904.023, DT = 1, NI = 3, LI = 3, RES = 6.0e-09 (3.7e-06), CFL=0.682 (ELAPSED 00:00:11, REMAINING 00:00:01 )
-------------------------------------------------------------------------------------------------------------
	 #1 (1.3715e-02, 2.5771e-04): lin 1 (0.0e+00)
Composition correction applied in 31 block(s)
	 #2 (9.8174e-03, 2.4407e-06): lin 1 (0.0e+00)
Composition correction applied in 32 block(s)
	 #3 (9.0928e-04, 3.7842e-06): lin 1 (0.0e+00)
Composition correction applied in 32 block(s)
-------------------------------------------------------------------------------------------------------------
 T = 905.023, DT = 1, NI = 3, LI = 3, RES = 4.8e-06 (2.6e-06), CFL=0.691 (ELAPSED 00:00:11, REMAINING 00:00:01 )
-------------------------------------------------------------------------------------------------------------
	 #1 (1.3179e-02, 1.2904e-04): lin 1 (0.0e+00)
Composition correction applied in 31 block(s)
	 #2 (4.8822e-03, 2.5414e-06): lin 1 (0.0e+00)
Composition correction applied in 32 block(s)
	 #3 (2.0087e-04, 3.7038e-06): lin 1 (0.0e+00)
Composition correction applied in 32 block(s)
-------------------------------------------------------------------------------------------------------------
 T = 906.023, DT = 1, NI = 3, LI = 3, RES = 2.4e-07 (2.6e-06), CFL=0.678 (ELAPSED 00:00:11, REMAINING 00:00:01 )
-------------------------------------------------------------------------------------------------------------
	 #1 (1.2420e-02, 4.7928e-05): lin 1 (0.0e+00)
Composition correction applied in 32 block(s)
	 #2 (2.3066e-03, 3.6480e-06): lin 1 (0.0e+00)
Composition correction applied in 32 block(s)
	 #3 (2.1900e-05, 2.6139e-06): lin 1 (0.0e+00)
Composition correction applied in 32 block(s)
-------------------------------------------------------------------------------------------------------------
 T = 907.023, DT = 1, NI = 3, LI = 3, RES = 3.5e-09 (2.6e-06), CFL=0.676 (ELAPSED 00:00:11, REMAINING 00:00:01 )
-------------------------------------------------------------------------------------------------------------
	 #1 (1.3617e-02, 6.9783e-05): lin 1 (0.0e+00)
Composition correction applied in 31 block(s)
	 #2 (8.2812e-03, 2.4456e-06): lin 1 (0.0e+00)
Composition correction applied in 32 block(s)
	 #3 (6.0566e-04, 2.5208e-06): lin 1 (0.0e+00)
Composition correction applied in 32 block(s)
-------------------------------------------------------------------------------------------------------------
 T = 908.023, DT = 1, NI = 3, LI = 3, RES = 2.2e-06 (2.6e-06), CFL=0.689 (ELAPSED 00:00:11, REMAINING 00:00:01 )
-------------------------------------------------------------------------------------------------------------
	 #1 (1.2500e-02, 9.7243e-05): lin 1 (0.0e+00)
Composition correction applied in 31 block(s)
	 #2 (3.0551e-03, 2.5543e-06): lin 1 (0.0e+00)
Composition correction applied in 31 block(s)
	 #3 (5.9270e-05, 2.5927e-06): lin 1 (0.0e+00)
Composition correction applied in 31 block(s)
-------------------------------------------------------------------------------------------------------------
 T = 909.023, DT = 1, NI = 3, LI = 3, RES = 7.4e-09 (2.6e-06), CFL=0.676 (ELAPSED 00:00:11, REMAINING 00:00:01 )
-------------------------------------------------------------------------------------------------------------
	 #1 (1.3036e-02, 1.3912e-04): lin 1 (0.0e+00)
Composition correction applied in 33 block(s)
	 #2 (3.7208e-03, 2.6028e-06): lin 1 (0.0e+00)
Composition correction applied in 33 block(s)
	 #3 (4.7162e-05, 2.6072e-06): lin 1 (0.0e+00)
Composition correction applied in 33 block(s)
-------------------------------------------------------------------------------------------------------------
 T = 910.023, DT = 1, NI = 3, LI = 3, RES = 1.4e-08 (2.6e-06), CFL=0.685 (ELAPSED 00:00:11, REMAINING 00:00:01 )
-------------------------------------------------------------------------------------------------------------
	 #1 (1.3464e-02, 7.8900e-05): lin 1 (0.0e+00)
Composition correction applied in 31 block(s)
	 #2 (6.6710e-03, 2.4870e-06): lin 1 (0.0e+00)
Composition correction applied in 33 block(s)
	 #3 (3.5803e-04, 2.5450e-06): lin 1 (0.0e+00)
Composition correction applied in 34 block(s)
-------------------------------------------------------------------------------------------------------------
 T = 911.023, DT = 1, NI = 3, LI = 3, RES = 7.7e-07 (2.6e-06), CFL=0.685 (ELAPSED 00:00:11, REMAINING 00:00:01 )
-------------------------------------------------------------------------------------------------------------
	 #1 (1.2244e-02, 3.1472e-05): lin 1 (0.0e+00)
Composition correction applied in 32 block(s)
	 #2 (2.1743e-03, 2.5691e-06): lin 1 (0.0e+00)
Composition correction applied in 32 block(s)
	 #3 (2.4757e-05, 3.6199e-06): lin 1 (0.0e+00)
Composition correction applied in 32 block(s)
-------------------------------------------------------------------------------------------------------------
 T = 912.023, DT = 1, NI = 3, LI = 3, RES = 5.2e-09 (3.6e-06), CFL=0.675 (ELAPSED 00:00:11, REMAINING 00:00:01 )
-------------------------------------------------------------------------------------------------------------
	 #1 (1.3660e-02, 1.6136e-04): lin 1 (0.0e+00)
Composition correction applied in 31 block(s)
	 #2 (9.6202e-03, 2.4799e-06): lin 1 (0.0e+00)
Composition correction applied in 33 block(s)
	 #3 (8.6387e-04, 3.7658e-06): lin 1 (0.0e+00)
Composition correction applied in 34 block(s)
-------------------------------------------------------------------------------------------------------------
 T = 913.023, DT = 1, NI = 3, LI = 3, RES = 4.3e-06 (2.6e-06), CFL=0.692 (ELAPSED 00:00:11, REMAINING 00:00:01 )
-------------------------------------------------------------------------------------------------------------
	 #1 (1.3014e-02, 1.4538e-04): lin 1 (0.0e+00)
Composition correction applied in 31 block(s)
	 #2 (4.5463e-03, 3.7059e-06): lin 1 (0.0e+00)
Composition correction applied in 33 block(s)
	 #3 (1.5737e-04, 2.5685e-06): lin 1 (0.0e+00)
Composition correction applied in 33 block(s)
-------------------------------------------------------------------------------------------------------------
 T = 914.023, DT = 1, NI = 3, LI = 3, RES = 1.5e-07 (3.6e-06), CFL=0.678 (ELAPSED 00:00:11, REMAINING 00:00:01 )
-------------------------------------------------------------------------------------------------------------
	 #1 (1.2462e-02, 4.9366e-05): lin 1 (0.0e+00)
Composition correction applied in 33 block(s)
	 #2 (2.3471e-03, 2.5866e-06): lin 1 (0.0e+00)
Composition correction applied in 33 block(s)
	 #3 (2.2826e-05, 3.6103e-06): lin 1 (0.0e+00)
Composition correction applied in 33 block(s)
-------------------------------------------------------------------------------------------------------------
 T = 915.023, DT = 1, NI = 3, LI = 3, RES = 3.6e-09 (3.6e-06), CFL=0.679 (ELAPSED 00:00:11, REMAINING 00:00:01 )
-------------------------------------------------------------------------------------------------------------
	 #1 (1.3571e-02, 4.4182e-05): lin 1 (0.0e+00)
Composition correction applied in 31 block(s)
	 #2 (8.0972e-03, 2.4554e-06): lin 1 (0.0e+00)
Composition correction applied in 33 block(s)
	 #3 (5.7131e-04, 2.4625e-06): lin 1 (0.0e+00)
Composition correction applied in 34 block(s)
-------------------------------------------------------------------------------------------------------------
 T = 916.023, DT = 1, NI = 3, LI = 3, RES = 1.9e-06 (2.6e-06), CFL=0.690 (ELAPSED 00:00:11, REMAINING 00:00:01 )
-------------------------------------------------------------------------------------------------------------
	 #1 (1.2413e-02, 7.7284e-05): lin 1 (0.0e+00)
Composition correction applied in 32 block(s)
	 #2 (2.8469e-03, 3.6618e-06): lin 1 (0.0e+00)
Composition correction applied in 32 block(s)
	 #3 (5.1313e-05, 2.5855e-06): lin 1 (0.0e+00)
Composition correction applied in 32 block(s)
-------------------------------------------------------------------------------------------------------------
 T = 917.023, DT = 1, NI = 3, LI = 3, RES = 8.0e-09 (2.6e-06), CFL=0.675 (ELAPSED 00:00:11, REMAINING 00:00:01 )
-------------------------------------------------------------------------------------------------------------
	 #1 (1.3120e-02, 1.5959e-04): lin 1 (0.0e+00)
Composition correction applied in 33 block(s)
	 #2 (3.6843e-03, 3.6018e-06): lin 1 (0.0e+00)
Composition correction applied in 33 block(s)
	 #3 (4.8716e-05, 2.5839e-06): lin 1 (0.0e+00)
Composition correction applied in 33 block(s)
-------------------------------------------------------------------------------------------------------------
 T = 918.023, DT = 1, NI = 3, LI = 3, RES = 1.5e-08 (2.6e-06), CFL=0.687 (ELAPSED 00:00:11, REMAINING 00:00:01 )
-------------------------------------------------------------------------------------------------------------
	 #1 (1.3408e-02, 8.4122e-05): lin 1 (0.0e+00)
Composition correction applied in 31 block(s)
	 #2 (6.4777e-03, 2.4405e-06): lin 1 (0.0e+00)
Composition correction applied in 33 block(s)
	 #3 (3.3210e-04, 2.5133e-06): lin 1 (0.0e+00)
Composition correction applied in 34 block(s)
-------------------------------------------------------------------------------------------------------------
 T = 919.023, DT = 1, NI = 3, LI = 3, RES = 6.6e-07 (2.6e-06), CFL=0.686 (ELAPSED 00:00:11, REMAINING 00:00:01 )
-------------------------------------------------------------------------------------------------------------
	 #1 (1.2213e-02, 1.1773e-05): lin 1 (0.0e+00)
Composition correction applied in 32 block(s)
	 #2 (2.1838e-03, 3.5994e-06): lin 1 (0.0e+00)
Composition correction applied in 32 block(s)
	 #3 (2.3609e-05, 3.5919e-06): lin 1 (0.0e+00)
Composition correction applied in 32 block(s)
-------------------------------------------------------------------------------------------------------------
 T = 920.023, DT = 1, NI = 3, LI = 3, RES = 4.8e-09 (3.6e-06), CFL=0.681 (ELAPSED 00:00:11, REMAINING 00:00:00 )
-------------------------------------------------------------------------------------------------------------
	 #1 (1.3613e-02, 1.5464e-04): lin 1 (0.0e+00)
Composition correction applied in 31 block(s)
	 #2 (9.5152e-03, 3.7488e-06): lin 1 (0.0e+00)
Composition correction applied in 33 block(s)
	 #3 (8.3884e-04, 2.3909e-06): lin 1 (0.0e+00)
Composition correction applied in 34 block(s)
	 #4 (1.3581e-05, 2.5745e-06): lin 1 (0.0e+00)
Composition correction applied in 34 block(s)
-------------------------------------------------------------------------------------------------------------
 T = 921.023, DT = 1, NI = 4, LI = 4, RES = 2.1e-09 (2.6e-06), CFL=0.693 (ELAPSED 00:00:11, REMAINING 00:00:00 )
-------------------------------------------------------------------------------------------------------------
	 #1 (1.2898e-02, 1.2603e-04): lin 1 (0.0e+00)
Composition correction applied in 31 block(s)
	 #2 (4.4030e-03, 3.6769e-06): lin 1 (0.0e+00)
Composition correction applied in 33 block(s)
	 #3 (1.2896e-04, 2.5634e-06): lin 1 (0.0e+00)
Composition correction applied in 33 block(s)
-------------------------------------------------------------------------------------------------------------
 T = 922.023, DT = 1, NI = 3, LI = 3, RES = 1.0e-07 (2.6e-06), CFL=0.684 (ELAPSED 00:00:11, REMAINING 00:00:00 )
-------------------------------------------------------------------------------------------------------------
	 #1 (1.2463e-02, 6.9843e-05): lin 1 (0.0e+00)
Composition correction applied in 33 block(s)
	 #2 (2.3675e-03, 2.5653e-06): lin 1 (0.0e+00)
Composition correction applied in 33 block(s)
	 #3 (2.3519e-05, 2.5691e-06): lin 1 (0.0e+00)
Composition correction applied in 33 block(s)
-------------------------------------------------------------------------------------------------------------
 T = 923.023, DT = 1, NI = 3, LI = 3, RES = 3.8e-09 (3.6e-06), CFL=0.686 (ELAPSED 00:00:11, REMAINING 00:00:00 )
-------------------------------------------------------------------------------------------------------------
	 #1 (1.3508e-02, 4.0109e-05): lin 1 (0.0e+00)
Composition correction applied in 31 block(s)
	 #2 (8.2254e-03, 2.3987e-06): lin 1 (0.0e+00)
Composition correction applied in 33 block(s)
	 #3 (5.8533e-04, 3.7138e-06): lin 1 (0.0e+00)
Composition correction applied in 33 block(s)
-------------------------------------------------------------------------------------------------------------
 T = 924.023, DT = 1, NI = 3, LI = 3, RES = 2.0e-06 (2.6e-06), CFL=0.690 (ELAPSED 00:00:11, REMAINING 00:00:00 )
-------------------------------------------------------------------------------------------------------------
	 #1 (1.2328e-02, 5.1991e-05): lin 1 (0.0e+00)
Composition correction applied in 32 block(s)
	 #2 (2.6858e-03, 2.5127e-06): lin 1 (0.0e+00)
Composition correction applied in 32 block(s)
	 #3 (4.6981e-05, 3.5660e-06): lin 1 (0.0e+00)
Composition correction applied in 32 block(s)
-------------------------------------------------------------------------------------------------------------
 T = 925.023, DT = 1, NI = 3, LI = 3, RES = 5.0e-08 (2.6e-06), CFL=0.684 (ELAPSED 00:00:11, REMAINING 00:00:00 )
-------------------------------------------------------------------------------------------------------------
	 #1 (1.3135e-02, 2.4027e-04): lin 1 (0.0e+00)
Composition correction applied in 33 block(s)
	 #2 (3.6242e-03, 2.5555e-06): lin 1 (0.0e+00)
Composition correction applied in 33 block(s)
	 #3 (4.9041e-05, 3.5676e-06): lin 1 (0.0e+00)
Composition correction applied in 33 block(s)
-------------------------------------------------------------------------------------------------------------
 T = 926.023, DT = 1, NI = 3, LI = 3, RES = 1.5e-08 (2.6e-06), CFL=0.687 (ELAPSED 00:00:11, REMAINING 00:00:00 )
-------------------------------------------------------------------------------------------------------------
	 #1 (1.3299e-02, 4.7573e-05): lin 1 (0.0e+00)
Composition correction applied in 31 block(s)
	 #2 (6.2453e-03, 2.4192e-06): lin 1 (0.0e+00)
Composition correction applied in 33 block(s)
	 #3 (3.0359e-04, 2.5286e-06): lin 1 (0.0e+00)
Composition correction applied in 33 block(s)
-------------------------------------------------------------------------------------------------------------
 T = 927.023, DT = 1, NI = 3, LI = 3, RES = 5.5e-07 (2.6e-06), CFL=0.683 (ELAPSED 00:00:11, REMAINING 00:00:00 )
-------------------------------------------------------------------------------------------------------------
	 #1 (1.2129e-02, 9.4867e-06): lin 1 (0.0e+00)
Composition correction applied in 32 block(s)
	 #2 (2.1703e-03, 2.5360e-06): lin 1 (0.0e+00)
Composition correction applied in 32 block(s)
	 #3 (2.2320e-05, 2.5541e-06): lin 1 (0.0e+00)
Composition correction applied in 32 block(s)
-------------------------------------------------------------------------------------------------------------
 T = 928.023, DT = 1, NI = 3, LI = 3, RES = 4.3e-09 (3.6e-06), CFL=0.677 (ELAPSED 00:00:11, REMAINING 00:00:00 )
-------------------------------------------------------------------------------------------------------------
	 #1 (1.3505e-02, 1.3547e-04): lin 1 (0.0e+00)
Composition correction applied in 31 block(s)
	 #2 (9.3088e-03, 2.4308e-06): lin 1 (0.0e+00)
Composition correction applied in 33 block(s)
	 #3 (7.9698e-04, 2.4573e-06): lin 1 (0.0e+00)
Composition correction applied in 33 block(s)
-------------------------------------------------------------------------------------------------------------
 T = 929.023, DT = 1, NI = 3, LI = 3, RES = 3.7e-06 (3.6e-06), CFL=0.691 (ELAPSED 00:00:11, REMAINING 00:00:00 )
-------------------------------------------------------------------------------------------------------------
	 #1 (1.2712e-02, 1.3021e-04): lin 1 (0.0e+00)
Composition correction applied in 32 block(s)
	 #2 (4.0291e-03, 2.4843e-06): lin 1 (0.0e+00)
Composition correction applied in 33 block(s)
	 #3 (1.0739e-04, 3.5805e-06): lin 1 (0.0e+00)
Composition correction applied in 33 block(s)
-------------------------------------------------------------------------------------------------------------
 T = 930.023, DT = 1, NI = 3, LI = 3, RES = 5.6e-08 (2.5e-06), CFL=0.675 (ELAPSED 00:00:11, REMAINING 00:00:00 )
-------------------------------------------------------------------------------------------------------------
	 #1 (1.2452e-02, 7.0656e-05): lin 1 (0.0e+00)
Composition correction applied in 33 block(s)
	 #2 (3.9308e-03, 2.5435e-06): lin 1 (0.0e+00)
Composition correction applied in 33 block(s)
	 #3 (4.1602e-05, 3.5525e-06): lin 1 (0.0e+00)
Composition correction applied in 33 block(s)
-------------------------------------------------------------------------------------------------------------
 T = 931.023, DT = 1, NI = 3, LI = 3, RES = 1.2e-08 (3.5e-06), CFL=0.680 (ELAPSED 00:00:11, REMAINING 00:00:00 )
-------------------------------------------------------------------------------------------------------------
	 #1 (1.3397e-02, 3.0116e-06): lin 1 (0.0e+00)
Composition correction applied in 31 block(s)
	 #2 (7.9008e-03, 3.6377e-06): lin 1 (0.0e+00)
Composition correction applied in 33 block(s)
	 #3 (5.3257e-04, 2.4520e-06): lin 1 (0.0e+00)
Composition correction applied in 34 block(s)
-------------------------------------------------------------------------------------------------------------
 T = 932.023, DT = 1, NI = 3, LI = 3, RES = 1.6e-06 (2.5e-06), CFL=0.688 (ELAPSED 00:00:11, REMAINING 00:00:00 )
-------------------------------------------------------------------------------------------------------------
	 #1 (1.2196e-02, 6.7362e-05): lin 1 (0.0e+00)
Composition correction applied in 32 block(s)
	 #2 (2.3828e-03, 2.4904e-06): lin 1 (0.0e+00)
Composition correction applied in 32 block(s)
	 #3 (3.7227e-05, 3.5376e-06): lin 1 (0.0e+00)
Composition correction applied in 32 block(s)
-------------------------------------------------------------------------------------------------------------
 T = 933.023, DT = 1, NI = 3, LI = 3, RES = 8.5e-09 (2.5e-06), CFL=0.676 (ELAPSED 00:00:11, REMAINING 00:00:00 )
-------------------------------------------------------------------------------------------------------------
	 #1 (1.3261e-02, 1.6967e-04): lin 1 (0.0e+00)
Composition correction applied in 34 block(s)
	 #2 (3.5802e-03, 2.5281e-06): lin 1 (0.0e+00)
Composition correction applied in 34 block(s)
	 #3 (5.1442e-05, 2.5387e-06): lin 1 (0.0e+00)
Composition correction applied in 34 block(s)
-------------------------------------------------------------------------------------------------------------
 T = 934.023, DT = 1, NI = 3, LI = 3, RES = 1.6e-08 (3.5e-06), CFL=0.689 (ELAPSED 00:00:11, REMAINING 00:00:00 )
-------------------------------------------------------------------------------------------------------------
	 #1 (1.3225e-02, 1.3070e-04): lin 1 (0.0e+00)
Composition correction applied in 31 block(s)
	 #2 (5.9308e-03, 2.4458e-06): lin 1 (0.0e+00)
Composition correction applied in 34 block(s)
	 #3 (2.6686e-04, 3.5602e-06): lin 1 (0.0e+00)
Composition correction applied in 34 block(s)
-------------------------------------------------------------------------------------------------------------
 T = 935.023, DT = 1, NI = 3, LI = 3, RES = 4.2e-07 (2.5e-06), CFL=0.683 (ELAPSED 00:00:11, REMAINING 00:00:00 )
-------------------------------------------------------------------------------------------------------------
	 #1 (1.2131e-02, 1.8317e-06): lin 1 (0.0e+00)
Composition correction applied in 32 block(s)
	 #2 (2.2008e-03, 3.5373e-06): lin 1 (0.0e+00)
Composition correction applied in 32 block(s)
	 #3 (2.1634e-05, 3.5267e-06): lin 1 (0.0e+00)
Composition correction applied in 32 block(s)
-------------------------------------------------------------------------------------------------------------
 T = 936.023, DT = 1, NI = 3, LI = 3, RES = 3.9e-09 (2.5e-06), CFL=0.675 (ELAPSED 00:00:11, REMAINING 00:00:00 )
-------------------------------------------------------------------------------------------------------------
	 #1 (1.3473e-02, 1.1764e-04): lin 1 (0.0e+00)
Composition correction applied in 31 block(s)
	 #2 (9.1402e-03, 2.3970e-06): lin 1 (0.0e+00)
Composition correction applied in 33 block(s)
	 #3 (7.6246e-04, 2.4080e-06): lin 1 (0.0e+00)
Composition correction applied in 34 block(s)
-------------------------------------------------------------------------------------------------------------
 T = 937.023, DT = 1, NI = 3, LI = 3, RES = 3.3e-06 (2.5e-06), CFL=0.692 (ELAPSED 00:00:11, REMAINING 00:00:00 )
-------------------------------------------------------------------------------------------------------------
	 #1 (1.2596e-02, 1.0579e-04): lin 1 (0.0e+00)
Composition correction applied in 32 block(s)
	 #2 (3.7532e-03, 2.4686e-06): lin 1 (0.0e+00)
Composition correction applied in 33 block(s)
	 #3 (9.4751e-05, 2.5208e-06): lin 1 (0.0e+00)
Composition correction applied in 33 block(s)
-------------------------------------------------------------------------------------------------------------
 T = 938.023, DT = 1, NI = 3, LI = 3, RES = 3.9e-08 (2.5e-06), CFL=0.675 (ELAPSED 00:00:11, REMAINING 00:00:00 )
-------------------------------------------------------------------------------------------------------------
	 #1 (1.2503e-02, 9.1394e-05): lin 1 (0.0e+00)
Composition correction applied in 33 block(s)
	 #2 (3.8710e-03, 2.5244e-06): lin 1 (0.0e+00)
Composition correction applied in 33 block(s)
	 #3 (4.2537e-05, 2.5261e-06): lin 1 (0.0e+00)
Composition correction applied in 33 block(s)
-------------------------------------------------------------------------------------------------------------
 T = 939.023, DT = 1, NI = 3, LI = 3, RES = 1.3e-08 (2.5e-06), CFL=0.682 (ELAPSED 00:00:11, REMAINING 00:00:00 )
-------------------------------------------------------------------------------------------------------------
	 #1 (1.3353e-02, 4.1239e-06): lin 1 (0.0e+00)
Composition correction applied in 31 block(s)
	 #2 (7.7278e-03, 2.3792e-06): lin 1 (0.0e+00)
Composition correction applied in 33 block(s)
	 #3 (5.0252e-04, 3.5648e-06): lin 1 (0.0e+00)
Composition correction applied in 34 block(s)
-------------------------------------------------------------------------------------------------------------
 T = 940.023, DT = 1, NI = 3, LI = 3, RES = 1.5e-06 (3.5e-06), CFL=0.689 (ELAPSED 00:00:11, REMAINING 00:00:00 )
-------------------------------------------------------------------------------------------------------------
	 #1 (1.2137e-02, 5.2808e-05): lin 1 (0.0e+00)
Composition correction applied in 32 block(s)
	 #2 (2.2169e-03, 2.4947e-06): lin 1 (0.0e+00)
Composition correction applied in 32 block(s)
	 #3 (3.2672e-05, 3.5051e-06): lin 1 (0.0e+00)
Composition correction applied in 32 block(s)
-------------------------------------------------------------------------------------------------------------
 T = 941.023, DT = 1, NI = 3, LI = 3, RES = 8.0e-09 (2.5e-06), CFL=0.680 (ELAPSED 00:00:11, REMAINING 00:00:00 )
-------------------------------------------------------------------------------------------------------------
	 #1 (1.3336e-02, 1.8796e-04): lin 1 (0.0e+00)
Composition correction applied in 93 block(s)
	 #2 (3.5592e-03, 2.5047e-06): lin 1 (0.0e+00)
Composition correction applied in 33 block(s)
	 #3 (5.2903e-05, 3.5092e-06): lin 1 (0.0e+00)
Composition correction applied in 33 block(s)
-------------------------------------------------------------------------------------------------------------
 T = 942.023, DT = 1, NI = 3, LI = 3, RES = 1.6e-08 (2.5e-06), CFL=0.692 (ELAPSED 00:00:11, REMAINING 00:00:00 )
-------------------------------------------------------------------------------------------------------------
	 #1 (1.3163e-02, 1.2842e-04): lin 1 (0.0e+00)
Composition correction applied in 31 block(s)
	 #2 (5.7569e-03, 3.6054e-06): lin 1 (0.0e+00)
Composition correction applied in 33 block(s)
	 #3 (2.4689e-04, 2.4519e-06): lin 1 (0.0e+00)
Composition correction applied in 33 block(s)
-------------------------------------------------------------------------------------------------------------
 T = 943.023, DT = 1, NI = 3, LI = 3, RES = 3.6e-07 (2.5e-06), CFL=0.683 (ELAPSED 00:00:11, REMAINING 00:00:00 )
-------------------------------------------------------------------------------------------------------------
	 #1 (1.2113e-02, 1.2468e-05): lin 1 (0.0e+00)
Composition correction applied in 32 block(s)
	 #2 (2.2103e-03, 3.5070e-06): lin 1 (0.0e+00)
Composition correction applied in 32 block(s)
	 #3 (2.1137e-04, 3.4986e-06): lin 1 (0.0e+00)
Composition correction applied in 32 block(s)
-------------------------------------------------------------------------------------------------------------
 T = 944.023, DT = 1, NI = 3, LI = 3, RES = 3.1e-07 (2.5e-06), CFL=0.686 (ELAPSED 00:00:11, REMAINING 00:00:00 )
-------------------------------------------------------------------------------------------------------------
	 #1 (1.3421e-02, 1.0824e-04): lin 1 (0.0e+00)
Composition correction applied in 31 block(s)
	 #2 (9.0503e-03, 3.6114e-06): lin 1 (0.0e+00)
Composition correction applied in 33 block(s)
	 #3 (8.5542e-04, 2.4420e-06): lin 1 (0.0e+00)
Composition correction applied in 34 block(s)
-------------------------------------------------------------------------------------------------------------
 T = 945.023, DT = 1, NI = 3, LI = 3, RES = 4.0e-06 (2.5e-06), CFL=0.692 (ELAPSED 00:00:11, REMAINING 00:00:00 )
-------------------------------------------------------------------------------------------------------------
	 #1 (1.2500e-02, 9.1388e-05): lin 1 (0.0e+00)
Composition correction applied in 32 block(s)
	 #2 (4.3379e-03, 3.5650e-06): lin 1 (0.0e+00)
Composition correction applied in 32 block(s)
	 #3 (2.3229e-04, 3.4971e-06): lin 1 (0.0e+00)
Composition correction applied in 32 block(s)
-------------------------------------------------------------------------------------------------------------
 T = 946.023, DT = 1, NI = 3, LI = 3, RES = 1.7e-06 (2.5e-06), CFL=0.685 (ELAPSED 00:00:11, REMAINING 00:00:00 )
-------------------------------------------------------------------------------------------------------------
	 #1 (1.2500e-02, 1.4536e-04): lin 1 (0.0e+00)
Composition correction applied in 32 block(s)
	 #2 (3.8053e-03, 2.5052e-06): lin 1 (0.0e+00)
Composition correction applied in 33 block(s)
	 #3 (4.2833e-05, 2.5058e-06): lin 1 (0.0e+00)
Composition correction applied in 33 block(s)
-------------------------------------------------------------------------------------------------------------
 T = 947.023, DT = 1, NI = 3, LI = 3, RES = 1.3e-08 (2.5e-06), CFL=0.682 (ELAPSED 00:00:11, REMAINING 00:00:00 )
-------------------------------------------------------------------------------------------------------------
	 #1 (1.3265e-02, 6.0514e-05): lin 1 (0.0e+00)
Composition correction applied in 31 block(s)
	 #2 (7.5384e-03, 2.4145e-06): lin 1 (0.0e+00)
Composition correction applied in 33 block(s)
	 #3 (4.7238e-04, 2.4273e-06): lin 1 (0.0e+00)
Composition correction applied in 33 block(s)
-------------------------------------------------------------------------------------------------------------
 T = 948.023, DT = 1, NI = 3, LI = 3, RES = 1.3e-06 (2.5e-06), CFL=0.687 (ELAPSED 00:00:11, REMAINING 00:00:00 )
-------------------------------------------------------------------------------------------------------------
	 #1 (1.2031e-02, 8.7256e-06): lin 1 (0.0e+00)
Composition correction applied in 33 block(s)
	 #2 (2.0778e-03, 3.5031e-06): lin 1 (0.0e+00)
Composition correction applied in 33 block(s)
	 #3 (2.8281e-05, 2.4950e-06): lin 1 (0.0e+00)
Composition correction applied in 33 block(s)
-------------------------------------------------------------------------------------------------------------
 T = 949.023, DT = 1, NI = 3, LI = 3, RES = 6.6e-09 (2.5e-06), CFL=0.679 (ELAPSED 00:00:11, REMAINING 00:00:00 )
-------------------------------------------------------------------------------------------------------------
	 #1 (1.3366e-02, 1.9955e-04): lin 1 (0.0e+00)
Composition correction applied in 32 block(s)
	 #2 (1.0284e-02, 2.4156e-06): lin 1 (0.0e+00)
Composition correction applied in 34 block(s)
	 #3 (1.0032e-03, 3.6464e-06): lin 1 (0.0e+00)
Composition correction applied in 34 block(s)
-------------------------------------------------------------------------------------------------------------
 T = 950.023, DT = 1, NI = 3, LI = 3, RES = 5.6e-06 (2.5e-06), CFL=0.692 (ELAPSED 00:00:11, REMAINING 00:00:00 )
-------------------------------------------------------------------------------------------------------------
	 #1 (1.3036e-02, 1.4479e-04): lin 1 (0.0e+00)
Composition correction applied in 32 block(s)
	 #2 (5.4353e-03, 2.3968e-06): lin 1 (0.0e+00)
Composition correction applied in 34 block(s)
	 #3 (2.7098e-04, 3.4955e-06): lin 1 (0.0e+00)
Composition correction applied in 34 block(s)
-------------------------------------------------------------------------------------------------------------
 T = 951.023, DT = 1, NI = 3, LI = 3, RES = 4.0e-07 (3.5e-06), CFL=0.681 (ELAPSED 00:00:11, REMAINING 00:00:00 )
-------------------------------------------------------------------------------------------------------------
	 #1 (1.2064e-02, 9.0483e-07): lin 1 (0.0e+00)
Composition correction applied in 33 block(s)
	 #2 (2.2132e-03, 2.4863e-06): lin 1 (0.0e+00)
Composition correction applied in 34 block(s)
	 #3 (2.0797e-05, 2.4919e-06): lin 1 (0.0e+00)
Composition correction applied in 34 block(s)
-------------------------------------------------------------------------------------------------------------
 T = 952.023, DT = 1, NI = 3, LI = 3, RES = 3.4e-09 (3.5e-06), CFL=0.675 (ELAPSED 00:00:11, REMAINING 00:00:00 )
-------------------------------------------------------------------------------------------------------------
	 #1 (1.3320e-02, 7.4143e-05): lin 1 (0.0e+00)
Composition correction applied in 32 block(s)
	 #2 (8.7843e-03, 2.3483e-06): lin 1 (0.0e+00)
Composition correction applied in 34 block(s)
	 #3 (7.0178e-04, 2.3797e-06): lin 1 (0.0e+00)
Composition correction applied in 35 block(s)
-------------------------------------------------------------------------------------------------------------
 T = 953.023, DT = 1, NI = 3, LI = 3, RES = 2.7e-06 (3.5e-06), CFL=0.691 (ELAPSED 00:00:11, REMAINING 00:00:00 )
-------------------------------------------------------------------------------------------------------------
	 #1 (1.2327e-02, 9.8645e-05): lin 1 (0.0e+00)
Composition correction applied in 33 block(s)
	 #2 (3.3107e-03, 2.4222e-06): lin 1 (0.0e+00)
Composition correction applied in 33 block(s)
	 #3 (7.1993e-05, 2.4837e-06): lin 1 (0.0e+00)
Composition correction applied in 33 block(s)
-------------------------------------------------------------------------------------------------------------
 T = 954.023, DT = 1, NI = 3, LI = 3, RES = 1.6e-08 (2.5e-06), CFL=0.675 (ELAPSED 00:00:11, REMAINING 00:00:00 )
-------------------------------------------------------------------------------------------------------------
	 #1 (1.2556e-02, 9.9909e-05): lin 1 (0.0e+00)
Composition correction applied in 34 block(s)
	 #2 (3.7191e-03, 3.4600e-06): lin 1 (0.0e+00)
Composition correction applied in 34 block(s)
	 #3 (4.4338e-05, 3.4603e-06): lin 1 (0.0e+00)
Composition correction applied in 34 block(s)
-------------------------------------------------------------------------------------------------------------
 T = 955.023, DT = 1, NI = 3, LI = 3, RES = 1.3e-08 (2.5e-06), CFL=0.684 (ELAPSED 00:00:11, REMAINING 00:00:00 )
-------------------------------------------------------------------------------------------------------------
	 #1 (1.3194e-02, 3.3669e-05): lin 1 (0.0e+00)
Composition correction applied in 32 block(s)
	 #2 (7.2432e-03, 2.3947e-06): lin 1 (0.0e+00)
Composition correction applied in 35 block(s)
	 #3 (4.2794e-04, 2.4210e-06): lin 1 (0.0e+00)
Composition correction applied in 35 block(s)
-------------------------------------------------------------------------------------------------------------
 T = 956.023, DT = 1, NI = 3, LI = 3, RES = 1.0e-06 (3.5e-06), CFL=0.687 (ELAPSED 00:00:11, REMAINING 00:00:00 )
-------------------------------------------------------------------------------------------------------------
	 #1 (1.1977e-02, 4.1357e-05): lin 1 (0.0e+00)
Composition correction applied in 33 block(s)
	 #2 (2.0958e-03, 2.4525e-06): lin 1 (0.0e+00)
Composition correction applied in 33 block(s)
	 #3 (2.6191e-05, 2.4774e-06): lin 1 (0.0e+00)
Composition correction applied in 33 block(s)
-------------------------------------------------------------------------------------------------------------
 T = 957.023, DT = 1, NI = 3, LI = 3, RES = 5.8e-09 (2.5e-06), CFL=0.676 (ELAPSED 00:00:11, REMAINING 00:00:00 )
-------------------------------------------------------------------------------------------------------------
	 #1 (1.3338e-02, 1.6900e-04): lin 1 (0.0e+00)
Composition correction applied in 32 block(s)
	 #2 (1.0131e-02, 2.3739e-06): lin 1 (0.0e+00)
Composition correction applied in 34 block(s)
	 #3 (9.6421e-04, 2.3884e-06): lin 1 (0.0e+00)
Composition correction applied in 35 block(s)
-------------------------------------------------------------------------------------------------------------
 T = 958.023, DT = 1, NI = 3, LI = 3, RES = 5.1e-06 (2.5e-06), CFL=0.694 (ELAPSED 00:00:11, REMAINING 00:00:00 )
-------------------------------------------------------------------------------------------------------------
	 #1 (1.2893e-02, 1.3063e-04): lin 1 (0.0e+00)
Composition correction applied in 32 block(s)
	 #2 (5.1632e-03, 2.3948e-06): lin 1 (0.0e+00)
Composition correction applied in 34 block(s)
	 #3 (2.2940e-04, 2.4517e-06): lin 1 (0.0e+00)
Composition correction applied in 34 block(s)
-------------------------------------------------------------------------------------------------------------
 T = 959.023, DT = 1, NI = 3, LI = 3, RES = 2.9e-07 (2.5e-06), CFL=0.681 (ELAPSED 00:00:11, REMAINING 00:00:00 )
-------------------------------------------------------------------------------------------------------------
	 #1 (1.2081e-02, 2.6650e-05): lin 1 (0.0e+00)
Composition correction applied in 33 block(s)
	 #2 (2.2411e-03, 3.4469e-06): lin 1 (0.0e+00)
Composition correction applied in 34 block(s)
	 #3 (2.1076e-05, 2.4698e-06): lin 1 (0.0e+00)
Composition correction applied in 34 block(s)
-------------------------------------------------------------------------------------------------------------
 T = 960.023, DT = 1, NI = 3, LI = 3, RES = 3.4e-09 (3.4e-06), CFL=0.677 (ELAPSED 00:00:11, REMAINING 00:00:00 )
-------------------------------------------------------------------------------------------------------------
	 #1 (1.3279e-02, 6.9458e-05): lin 1 (0.0e+00)
Composition correction applied in 32 block(s)
	 #2 (8.6389e-03, 3.5710e-06): lin 1 (0.0e+00)
Composition correction applied in 34 block(s)
	 #3 (6.5682e-04, 2.3571e-06): lin 1 (0.0e+00)
Composition correction applied in 35 block(s)
-------------------------------------------------------------------------------------------------------------
 T = 961.023, DT = 1, NI = 3, LI = 3, RES = 2.4e-06 (2.5e-06), CFL=0.691 (ELAPSED 00:00:11, REMAINING 00:00:00 )
-------------------------------------------------------------------------------------------------------------
	 #1 (1.2238e-02, 7.5033e-05): lin 1 (0.0e+00)
Composition correction applied in 33 block(s)
	 #2 (3.1369e-03, 2.4028e-06): lin 1 (0.0e+00)
Composition correction applied in 33 block(s)
	 #3 (6.3869e-05, 2.4487e-06): lin 1 (0.0e+00)
Composition correction applied in 33 block(s)
-------------------------------------------------------------------------------------------------------------
 T = 962.023, DT = 1, NI = 3, LI = 3, RES = 1.0e-08 (2.5e-06), CFL=0.678 (ELAPSED 00:00:11, REMAINING 00:00:00 )
-------------------------------------------------------------------------------------------------------------
	 #1 (1.2603e-02, 1.1764e-04): lin 1 (0.0e+00)
Composition correction applied in 34 block(s)
	 #2 (3.6777e-03, 3.4306e-06): lin 1 (0.0e+00)
Composition correction applied in 34 block(s)
	 #3 (4.5378e-05, 2.4628e-06): lin 1 (0.0e+00)
Composition correction applied in 34 block(s)
-------------------------------------------------------------------------------------------------------------
 T = 963.023, DT = 1, NI = 3, LI = 3, RES = 1.4e-08 (2.5e-06), CFL=0.686 (ELAPSED 00:00:11, REMAINING 00:00:00 )
-------------------------------------------------------------------------------------------------------------
	 #1 (1.3142e-02, 3.5756e-05): lin 1 (0.0e+00)
Composition correction applied in 32 block(s)
	 #2 (7.0846e-03, 3.5454e-06): lin 1 (0.0e+00)
Composition correction applied in 34 block(s)
	 #3 (4.0396e-04, 3.4619e-06): lin 1 (0.0e+00)
Composition correction applied in 35 block(s)
-------------------------------------------------------------------------------------------------------------
 T = 964.023, DT = 1, NI = 3, LI = 3, RES = 9.2e-07 (2.5e-06), CFL=0.687 (ELAPSED 00:00:11, REMAINING 00:00:00 )
-------------------------------------------------------------------------------------------------------------
	 #1 (1.1932e-02, 2.2610e-05): lin 1 (0.0e+00)
Composition correction applied in 33 block(s)
	 #2 (2.0996e-03, 2.4394e-06): lin 1 (0.0e+00)
Composition correction applied in 33 block(s)
	 #3 (2.4923e-05, 2.4606e-06): lin 1 (0.0e+00)
Composition correction applied in 33 block(s)
-------------------------------------------------------------------------------------------------------------
 T = 965.023, DT = 1, NI = 3, LI = 3, RES = 5.3e-09 (2.5e-06), CFL=0.685 (ELAPSED 00:00:11, REMAINING 00:00:00 )
-------------------------------------------------------------------------------------------------------------
	 #1 (1.3292e-02, 1.6310e-04): lin 1 (0.0e+00)
Composition correction applied in 32 block(s)
	 #2 (1.0059e-02, 2.3545e-06): lin 1 (0.0e+00)
Composition correction applied in 34 block(s)
	 #3 (9.4220e-04, 3.5774e-06): lin 1 (0.0e+00)
Composition correction applied in 34 block(s)
-------------------------------------------------------------------------------------------------------------
 T = 966.023, DT = 1, NI = 3, LI = 3, RES = 4.8e-06 (3.4e-06), CFL=0.694 (ELAPSED 00:00:11, REMAINING 00:00:00 )
-------------------------------------------------------------------------------------------------------------
	 #1 (1.2783e-02, 1.2148e-04): lin 1 (0.0e+00)
Composition correction applied in 32 block(s)
	 #2 (4.9925e-03, 3.5168e-06): lin 1 (0.0e+00)
Composition correction applied in 34 block(s)
	 #3 (2.0496e-04, 3.4310e-06): lin 1 (0.0e+00)
Composition correction applied in 34 block(s)
-------------------------------------------------------------------------------------------------------------
 T = 967.023, DT = 1, NI = 3, LI = 3, RES = 2.4e-07 (3.4e-06), CFL=0.687 (ELAPSED 00:00:11, REMAINING 00:00:00 )
-------------------------------------------------------------------------------------------------------------
	 #1 (1.2064e-02, 3.7870e-05): lin 1 (0.0e+00)
Composition correction applied in 33 block(s)
	 #2 (2.2476e-03, 2.4452e-06): lin 1 (0.0e+00)
Composition correction applied in 33 block(s)
	 #3 (6.9029e-05, 2.4488e-06): lin 1 (0.0e+00)
Composition correction applied in 33 block(s)
-------------------------------------------------------------------------------------------------------------
 T = 968.023, DT = 1, NI = 3, LI = 3, RES = 8.5e-08 (2.4e-06), CFL=0.683 (ELAPSED 00:00:11, REMAINING 00:00:00 )
-------------------------------------------------------------------------------------------------------------
	 #1 (1.3203e-02, 1.3349e-04): lin 1 (0.0e+00)
Composition correction applied in 32 block(s)
	 #2 (8.4950e-03, 3.5304e-06): lin 1 (0.0e+00)
Composition correction applied in 34 block(s)
	 #3 (6.2945e-04, 3.4668e-06): lin 1 (0.0e+00)
Composition correction applied in 34 block(s)
-------------------------------------------------------------------------------------------------------------
 T = 969.023, DT = 1, NI = 3, LI = 3, RES = 2.2e-06 (2.4e-06), CFL=0.690 (ELAPSED 00:00:11, REMAINING 00:00:00 )
-------------------------------------------------------------------------------------------------------------
	 #1 (1.2118e-02, 1.8278e-05): lin 1 (0.0e+00)
Composition correction applied in 33 block(s)
	 #2 (2.9395e-03, 3.4597e-06): lin 1 (0.0e+00)
Composition correction applied in 33 block(s)
	 #3 (5.6163e-05, 3.4027e-06): lin 1 (0.0e+00)
Composition correction applied in 33 block(s)
-------------------------------------------------------------------------------------------------------------
 T = 970.023, DT = 1, NI = 3, LI = 3, RES = 6.9e-09 (2.4e-06), CFL=0.679 (ELAPSED 00:00:11, REMAINING 00:00:00 )
-------------------------------------------------------------------------------------------------------------
	 #1 (1.2600e-02, 1.4089e-04): lin 1 (0.0e+00)
Composition correction applied in 34 block(s)
	 #2 (3.5979e-03, 2.4424e-06): lin 1 (0.0e+00)
Composition correction applied in 34 block(s)
	 #3 (4.5477e-05, 3.4022e-06): lin 1 (0.0e+00)
Composition correction applied in 34 block(s)
-------------------------------------------------------------------------------------------------------------
 T = 971.023, DT = 1, NI = 3, LI = 3, RES = 1.4e-08 (2.4e-06), CFL=0.685 (ELAPSED 00:00:11, REMAINING 00:00:00 )
-------------------------------------------------------------------------------------------------------------
	 #1 (1.3028e-02, 4.8299e-05): lin 1 (0.0e+00)
Composition correction applied in 32 block(s)
	 #2 (6.8128e-03, 3.4657e-06): lin 1 (0.0e+00)
Composition correction applied in 34 block(s)
	 #3 (3.6717e-04, 2.3700e-06): lin 1 (0.0e+00)
Composition correction applied in 34 block(s)
-------------------------------------------------------------------------------------------------------------
 T = 972.023, DT = 1, NI = 3, LI = 3, RES = 7.6e-07 (2.4e-06), CFL=0.684 (ELAPSED 00:00:12, REMAINING 00:00:00 )
-------------------------------------------------------------------------------------------------------------
	 #1 (1.1838e-02, 2.3288e-05): lin 1 (0.0e+00)
Composition correction applied in 33 block(s)
	 #2 (2.0891e-03, 2.4224e-06): lin 1 (0.0e+00)
Composition correction applied in 33 block(s)
	 #3 (2.3164e-05, 2.4371e-06): lin 1 (0.0e+00)
Composition correction applied in 33 block(s)
-------------------------------------------------------------------------------------------------------------
 T = 973.023, DT = 1, NI = 3, LI = 3, RES = 4.7e-09 (3.4e-06), CFL=0.676 (ELAPSED 00:00:12, REMAINING 00:00:00 )
-------------------------------------------------------------------------------------------------------------
	 #1 (1.3196e-02, 1.2804e-04): lin 1 (0.0e+00)
Composition correction applied in 32 block(s)
	 #2 (9.8234e-03, 2.3569e-06): lin 1 (0.0e+00)
Composition correction applied in 34 block(s)
	 #3 (8.9291e-04, 2.2963e-06): lin 1 (0.0e+00)
Composition correction applied in 34 block(s)
-------------------------------------------------------------------------------------------------------------
 T = 974.023, DT = 1, NI = 3, LI = 3, RES = 4.3e-06 (3.4e-06), CFL=0.692 (ELAPSED 00:00:12, REMAINING 00:00:00 )
-------------------------------------------------------------------------------------------------------------
	 #1 (1.2586e-02, 1.2292e-04): lin 1 (0.0e+00)
Composition correction applied in 33 block(s)
	 #2 (4.5992e-03, 2.3638e-06): lin 1 (0.0e+00)
Composition correction applied in 34 block(s)
	 #3 (1.5478e-04, 2.4289e-06): lin 1 (0.0e+00)
Composition correction applied in 34 block(s)
-------------------------------------------------------------------------------------------------------------
 T = 975.023, DT = 1, NI = 3, LI = 3, RES = 1.4e-07 (3.4e-06), CFL=0.677 (ELAPSED 00:00:12, REMAINING 00:00:00 )
-------------------------------------------------------------------------------------------------------------
	 #1 (1.2057e-02, 3.2757e-05): lin 1 (0.0e+00)
Composition correction applied in 34 block(s)
	 #2 (2.2694e-03, 3.3858e-06): lin 1 (0.0e+00)
Composition correction applied in 34 block(s)
	 #3 (2.1993e-05, 2.4291e-06): lin 1 (0.0e+00)
Composition correction applied in 34 block(s)
-------------------------------------------------------------------------------------------------------------
 T = 976.023, DT = 1, NI = 3, LI = 3, RES = 3.5e-09 (3.4e-06), CFL=0.678 (ELAPSED 00:00:12, REMAINING 00:00:00 )
-------------------------------------------------------------------------------------------------------------
	 #1 (1.3123e-02, 2.9628e-05): lin 1 (0.0e+00)
Composition correction applied in 32 block(s)
	 #2 (8.2405e-03, 3.4455e-06): lin 1 (0.0e+00)
Composition correction applied in 34 block(s)
	 #3 (5.8348e-04, 3.4834e-06): lin 1 (0.0e+00)
Composition correction applied in 35 block(s)
-------------------------------------------------------------------------------------------------------------
 T = 977.023, DT = 1, NI = 3, LI = 3, RES = 1.9e-06 (2.4e-06), CFL=0.690 (ELAPSED 00:00:12, REMAINING 00:00:00 )
-------------------------------------------------------------------------------------------------------------
	 #1 (1.2006e-02, 6.4440e-05): lin 1 (0.0e+00)
Composition correction applied in 33 block(s)
	 #2 (2.6838e-03, 3.4249e-06): lin 1 (0.0e+00)
Composition correction applied in 33 block(s)
	 #3 (4.6749e-05, 2.4288e-06): lin 1 (0.0e+00)
Composition correction applied in 33 block(s)
-------------------------------------------------------------------------------------------------------------
 T = 978.023, DT = 1, NI = 3, LI = 3, RES = 7.7e-09 (2.4e-06), CFL=0.675 (ELAPSED 00:00:12, REMAINING 00:00:00 )
-------------------------------------------------------------------------------------------------------------
	 #1 (1.2717e-02, 1.2803e-04): lin 1 (0.0e+00)
Composition correction applied in 34 block(s)
	 #2 (3.5595e-03, 2.4221e-06): lin 1 (0.0e+00)
Composition correction applied in 34 block(s)
	 #3 (4.7694e-05, 2.4215e-06): lin 1 (0.0e+00)
Composition correction applied in 34 block(s)
-------------------------------------------------------------------------------------------------------------
 T = 979.023, DT = 1, NI = 3, LI = 3, RES = 1.5e-08 (3.4e-06), CFL=0.688 (ELAPSED 00:00:12, REMAINING 00:00:00 )
-------------------------------------------------------------------------------------------------------------
	 #1 (1.2981e-02, 7.6435e-05): lin 1 (0.0e+00)
Composition correction applied in 32 block(s)
	 #2 (6.5588e-03, 2.3583e-06): lin 1 (0.0e+00)
Composition correction applied in 34 block(s)
	 #3 (3.3315e-04, 2.3779e-06): lin 1 (0.0e+00)
Composition correction applied in 35 block(s)
-------------------------------------------------------------------------------------------------------------
 T = 980.023, DT = 1, NI = 3, LI = 3, RES = 6.2e-07 (2.4e-06), CFL=0.685 (ELAPSED 00:00:12, REMAINING 00:00:00 )
-------------------------------------------------------------------------------------------------------------
	 #1 (1.1825e-02, 1.2699e-05): lin 1 (0.0e+00)
Composition correction applied in 33 block(s)
	 #2 (2.1105e-03, 3.3909e-06): lin 1 (0.0e+00)
Composition correction applied in 33 block(s)
	 #3 (2.2075e-05, 2.4151e-06): lin 1 (0.0e+00)
Composition correction applied in 33 block(s)
-------------------------------------------------------------------------------------------------------------
 T = 981.023, DT = 1, NI = 3, LI = 3, RES = 4.3e-09 (3.4e-06), CFL=0.675 (ELAPSED 00:00:12, REMAINING 00:00:00 )
-------------------------------------------------------------------------------------------------------------
	 #1 (1.3168e-02, 1.2203e-04): lin 1 (0.0e+00)
Composition correction applied in 32 block(s)
	 #2 (9.6912e-03, 2.3231e-06): lin 1 (0.0e+00)
Composition correction applied in 34 block(s)
	 #3 (8.6129e-04, 2.3013e-06): lin 1 (0.0e+00)
Composition correction applied in 35 block(s)
-------------------------------------------------------------------------------------------------------------
 T = 982.023, DT = 1, NI = 3, LI = 3, RES = 4.0e-06 (2.4e-06), CFL=0.693 (ELAPSED 00:00:12, REMAINING 00:00:00 )
-------------------------------------------------------------------------------------------------------------
	 #1 (1.2476e-02, 9.7241e-05): lin 1 (0.0e+00)
Composition correction applied in 33 block(s)
	 #2 (4.4083e-03, 2.3699e-06): lin 1 (0.0e+00)
Composition correction applied in 34 block(s)
	 #3 (1.2210e-04, 2.3938e-06): lin 1 (0.0e+00)
Composition correction applied in 34 block(s)
-------------------------------------------------------------------------------------------------------------
 T = 983.023, DT = 1, NI = 3, LI = 3, RES = 8.6e-08 (2.4e-06), CFL=0.677 (ELAPSED 00:00:12, REMAINING 00:00:00 )
-------------------------------------------------------------------------------------------------------------
	 #1 (1.2081e-02, 5.8165e-05): lin 1 (0.0e+00)
Composition correction applied in 34 block(s)
	 #2 (2.2990e-03, 2.4098e-06): lin 1 (0.0e+00)
Composition correction applied in 34 block(s)
	 #3 (2.2849e-05, 2.4083e-06): lin 1 (0.0e+00)
Composition correction applied in 34 block(s)
-------------------------------------------------------------------------------------------------------------
 T = 984.023, DT = 1, NI = 3, LI = 3, RES = 3.7e-09 (2.4e-06), CFL=0.680 (ELAPSED 00:00:12, REMAINING 00:00:00 )
-------------------------------------------------------------------------------------------------------------
	 #1 (1.3074e-02, 3.4846e-05): lin 1 (0.0e+00)
Composition correction applied in 32 block(s)
	 #2 (8.3433e-03, 2.2930e-06): lin 1 (0.0e+00)
Composition correction applied in 34 block(s)
	 #3 (5.9440e-04, 3.4304e-06): lin 1 (0.0e+00)
Composition correction applied in 35 block(s)
-------------------------------------------------------------------------------------------------------------
 T = 985.023, DT = 1, NI = 3, LI = 3, RES = 1.9e-06 (2.4e-06), CFL=0.690 (ELAPSED 00:00:12, REMAINING 00:00:00 )
-------------------------------------------------------------------------------------------------------------
	 #1 (1.1936e-02, 5.1114e-05): lin 1 (0.0e+00)
Composition correction applied in 33 block(s)
	 #2 (2.5360e-03, 2.3644e-06): lin 1 (0.0e+00)
Composition correction applied in 33 block(s)
	 #3 (4.1811e-05, 3.3460e-06): lin 1 (0.0e+00)
Composition correction applied in 33 block(s)
-------------------------------------------------------------------------------------------------------------
 T = 986.023, DT = 1, NI = 3, LI = 3, RES = 8.0e-09 (2.4e-06), CFL=0.684 (ELAPSED 00:00:12, REMAINING 00:00:00 )
-------------------------------------------------------------------------------------------------------------
	 #1 (1.2761e-02, 1.4068e-04): lin 1 (0.0e+00)
Composition correction applied in 34 block(s)
	 #2 (3.5314e-03, 2.3967e-06): lin 1 (0.0e+00)
Composition correction applied in 34 block(s)
	 #3 (8.7419e-05, 3.3474e-06): lin 1 (0.0e+00)
Composition correction applied in 34 block(s)
-------------------------------------------------------------------------------------------------------------
 T = 987.023, DT = 1, NI = 3, LI = 3, RES = 4.9e-08 (3.3e-06), CFL=0.689 (ELAPSED 00:00:12, REMAINING 00:00:00 )
-------------------------------------------------------------------------------------------------------------
	 #1 (1.2924e-02, 8.1096e-05): lin 1 (0.0e+00)
Composition correction applied in 32 block(s)
	 #2 (6.4104e-03, 2.3013e-06): lin 1 (0.0e+00)
Composition correction applied in 34 block(s)
	 #3 (3.1360e-04, 2.3527e-06): lin 1 (0.0e+00)
Composition correction applied in 34 block(s)
-------------------------------------------------------------------------------------------------------------
 T = 988.023, DT = 1, NI = 3, LI = 3, RES = 5.4e-07 (2.4e-06), CFL=0.686 (ELAPSED 00:00:12, REMAINING 00:00:00 )
-------------------------------------------------------------------------------------------------------------
	 #1 (1.1792e-02, 1.0773e-07): lin 1 (0.0e+00)
Composition correction applied in 34 block(s)
	 #2 (4.7329e-03, 2.3891e-06): lin 1 (0.0e+00)
Composition correction applied in 33 block(s)
	 #3 (3.0043e-05, 2.3974e-06): lin 1 (0.0e+00)
Composition correction applied in 33 block(s)
-------------------------------------------------------------------------------------------------------------
 T = 989.023, DT = 1, NI = 3, LI = 3, RES = 1.6e-07 (3.3e-06), CFL=0.686 (ELAPSED 00:00:12, REMAINING 00:00:00 )
-------------------------------------------------------------------------------------------------------------
	 #1 (1.3110e-02, 1.4149e-04): lin 1 (0.0e+00)
Composition correction applied in 32 block(s)
	 #2 (9.6013e-03, 2.2915e-06): lin 1 (0.0e+00)
Composition correction applied in 34 block(s)
	 #3 (8.3654e-04, 2.3234e-06): lin 1 (0.0e+00)
Composition correction applied in 34 block(s)
-------------------------------------------------------------------------------------------------------------
 T = 990.023, DT = 1, NI = 3, LI = 3, RES = 3.7e-06 (2.4e-06), CFL=0.692 (ELAPSED 00:00:12, REMAINING 00:00:00 )
-------------------------------------------------------------------------------------------------------------
	 #1 (1.2355e-02, 2.3822e-05): lin 1 (0.0e+00)
Composition correction applied in 33 block(s)
	 #2 (4.1932e-03, 2.3391e-06): lin 1 (0.0e+00)
Composition correction applied in 33 block(s)
	 #3 (1.0519e-04, 2.3899e-06): lin 1 (0.0e+00)
Composition correction applied in 33 block(s)
-------------------------------------------------------------------------------------------------------------
 T = 991.023, DT = 1, NI = 3, LI = 3, RES = 5.7e-08 (3.3e-06), CFL=0.679 (ELAPSED 00:00:12, REMAINING 00:00:00 )
-------------------------------------------------------------------------------------------------------------
	 #1 (1.2047e-02, 9.2990e-05): lin 1 (0.0e+00)
Composition correction applied in 33 block(s)
	 #2 (3.8102e-03, 2.3809e-06): lin 1 (0.0e+00)
Composition correction applied in 34 block(s)
	 #3 (3.9349e-05, 2.3899e-06): lin 1 (0.0e+00)
Composition correction applied in 34 block(s)
-------------------------------------------------------------------------------------------------------------
 T = 992.023, DT = 1, NI = 3, LI = 3, RES = 1.2e-08 (3.3e-06), CFL=0.679 (ELAPSED 00:00:12, REMAINING 00:00:00 )
-------------------------------------------------------------------------------------------------------------
	 #1 (1.2970e-02, 2.5744e-05): lin 1 (0.0e+00)
Composition correction applied in 32 block(s)
	 #2 (8.1131e-03, 3.4234e-06): lin 1 (0.0e+00)
Composition correction applied in 34 block(s)
	 #3 (5.5500e-04, 3.4056e-06): lin 1 (0.0e+00)
Composition correction applied in 34 block(s)
-------------------------------------------------------------------------------------------------------------
 T = 993.023, DT = 1, NI = 3, LI = 3, RES = 1.7e-06 (2.4e-06), CFL=0.688 (ELAPSED 00:00:12, REMAINING 00:00:00 )
-------------------------------------------------------------------------------------------------------------
	 #1 (1.1811e-02, 4.6797e-05): lin 1 (0.0e+00)
Composition correction applied in 33 block(s)
	 #2 (2.2937e-03, 2.3470e-06): lin 1 (0.0e+00)
Composition correction applied in 33 block(s)
	 #3 (3.5252e-05, 2.3849e-06): lin 1 (0.0e+00)
Composition correction applied in 33 block(s)
-------------------------------------------------------------------------------------------------------------
 T = 994.023, DT = 1, NI = 3, LI = 3, RES = 7.9e-09 (2.4e-06), CFL=0.677 (ELAPSED 00:00:12, REMAINING 00:00:00 )
-------------------------------------------------------------------------------------------------------------
	 #1 (1.2811e-02, 1.3817e-04): lin 1 (0.0e+00)
Composition correction applied in 34 block(s)
	 #2 (3.4680e-03, 2.3717e-06): lin 1 (0.0e+00)
Composition correction applied in 34 block(s)
	 #3 (5.0173e-05, 3.3213e-06): lin 1 (0.0e+00)
Composition correction applied in 34 block(s)
-------------------------------------------------------------------------------------------------------------
 T = 995.023, DT = 1, NI = 3, LI = 3, RES = 1.6e-08 (2.4e-06), CFL=0.689 (ELAPSED 00:00:12, REMAINING 00:00:00 )
-------------------------------------------------------------------------------------------------------------
	 #1 (1.2810e-02, 9.8861e-05): lin 1 (0.0e+00)
Composition correction applied in 32 block(s)
	 #2 (6.0650e-03, 2.3183e-06): lin 1 (0.0e+00)
Composition correction applied in 34 block(s)
	 #3 (2.7384e-04, 2.3338e-06): lin 1 (0.0e+00)
Composition correction applied in 34 block(s)
-------------------------------------------------------------------------------------------------------------
 T = 996.023, DT = 1, NI = 3, LI = 3, RES = 4.1e-07 (2.4e-06), CFL=0.683 (ELAPSED 00:00:12, REMAINING 00:00:00 )
-------------------------------------------------------------------------------------------------------------
	 #1 (1.1739e-02, 8.1700e-06): lin 1 (0.0e+00)
Composition correction applied in 33 block(s)
	 #2 (2.1203e-03, 2.3655e-06): lin 1 (0.0e+00)
Composition correction applied in 34 block(s)
	 #3 (2.0373e-05, 3.3129e-06): lin 1 (0.0e+00)
Composition correction applied in 34 block(s)
-------------------------------------------------------------------------------------------------------------
 T = 997.023, DT = 1, NI = 3, LI = 3, RES = 3.6e-09 (2.4e-06), CFL=0.675 (ELAPSED 00:00:12, REMAINING 00:00:00 )
-------------------------------------------------------------------------------------------------------------
	 #1 (1.3033e-02, 9.0688e-05): lin 1 (0.0e+00)
Composition correction applied in 32 block(s)
	 #2 (9.3458e-03, 2.2992e-06): lin 1 (0.0e+00)
Composition correction applied in 34 block(s)
	 #3 (7.9055e-04, 3.3642e-06): lin 1 (0.0e+00)
Composition correction applied in 35 block(s)
-------------------------------------------------------------------------------------------------------------
 T = 998.023, DT = 1, NI = 3, LI = 3, RES = 3.3e-06 (2.4e-06), CFL=0.692 (ELAPSED 00:00:12, REMAINING 00:00:00 )
-------------------------------------------------------------------------------------------------------------
	 #1 (1.2200e-02, 8.6649e-05): lin 1 (0.0e+00)
Composition correction applied in 33 block(s)
	 #2 (3.7939e-03, 2.3106e-06): lin 1 (0.0e+00)
Composition correction applied in 34 block(s)
	 #3 (8.9474e-05, 2.3631e-06): lin 1 (0.0e+00)
Composition correction applied in 34 block(s)
-------------------------------------------------------------------------------------------------------------
 T = 999.023, DT = 1, NI = 3, LI = 3, RES = 3.5e-08 (2.4e-06), CFL=0.675 (ELAPSED 00:00:12, REMAINING 00:00:00 )
-------------------------------------------------------------------------------------------------------------
	 #1 (1.1829e-02, 6.7497e-05): lin 1 (0.0e+00)
Composition correction applied in 34 block(s)
	 #2 (3.5615e-03, 3.2281e-06): lin 1 (0.0e+00)
Composition correction applied in 34 block(s)
	 #3 (3.8031e-05, 2.3168e-06): lin 1 (0.0e+00)
Composition correction applied in 34 block(s)
-------------------------------------------------------------------------------------------------------------
 T = 1000, DT = 0.977, NI = 3, LI = 3, RES = 1.1e-08 (3.2e-06), CFL=0.667 (ELAPSED 00:00:12, REMAINING 00:00:00 )
-------------------------------------------------------------------------------------------------------------

Total steps 1009 (0) newton 3066 (0) linear 3066 (0)
---OBL Statistics---
Number of operators: 34
Number of points: 101
Number of interpolations: 138584000 
Number of points used: 2062 (0.002%)
Total elapsed 12.345369 sec
	jacobian assembly 4.134803 sec
		interpolation 2.523534 sec
			reservoir 0 interpolation 3.278168 sec
				body generation 1.141640 sec
					point generation 1.137048 sec
			well controls interpolation 0.017610 sec
				body generation 0.010958 sec
					point generation 0.010807 sec
			wellbore interpolation 0.029424 sec
				body generation 0.018383 sec
					point generation 0.018260 sec
	linear solver setup 0.003613 sec
		SUPERLU 0.000810 sec
	linear solver solve 7.647318 sec
		SUPERLU 7.083677 sec
	newton update 0.284289 sec
		composition correction 0.105186 sec
