darts-linear-solvers built on May  1 2023 11:41:06 by lorozco@login04 from GITDIR-NOTFOUND
darts-engines built on 15/05/2023, 14:52:47 by lorozco@login03 from 8e8f836-dirty
darts-package built on 15/05/2023 14:56:21 by lorozco@login03 from 8e8f836-dirty
Building connection list...
Processing mesh: 1000 reservoir blocks, 4 well blocks, 1003 connections
2-phase 3-component isothermal flow with kinetic reaction and diffusion CPU engine
Sim params: 
	First ts: 	0.001
	Max ts: 	1
	Mult ts: 	2
	Max i newton: 	10
	Max i linear: 	50
	Tol newton: 	0.01
	Tol linear: 	0.001

START SIMULATION
-------------------------------------------------------------------------------------------------------------
Well I1 initialized with BHP injector
Well P1 initialized with BHP producer
	 #1 (7.9732e-02, 3.0267e+02): lin 1 (0.0e+00)
Composition correction applied in 2 block(s)
-------------------------------------------------------------------------------------------------------------
 T = 0.001, DT = 0.001, NI = 1, LI = 1, RES = 5.3e-05 (2.2e-04), CFL=0.023 (ELAPSED 00:00:00 )
-------------------------------------------------------------------------------------------------------------
	 #1 (4.9787e-03, 4.4694e-04): lin 1 (0.0e+00)
Composition correction applied in 2 block(s)
-------------------------------------------------------------------------------------------------------------
 T = 0.003, DT = 0.002, NI = 1, LI = 1, RES = 8.4e-05 (6.2e-06), CFL=0.021 (ELAPSED 00:00:00 )
-------------------------------------------------------------------------------------------------------------
	 #1 (4.0794e-03, 1.3540e-05): lin 1 (0.0e+00)
Composition correction applied in 2 block(s)
-------------------------------------------------------------------------------------------------------------
 T = 0.007, DT = 0.004, NI = 1, LI = 1, RES = 6.0e-05 (1.0e-06), CFL=0.027 (ELAPSED 00:00:00 )
-------------------------------------------------------------------------------------------------------------
	 #1 (4.8668e-03, 2.3407e-06): lin 1 (0.0e+00)
Composition correction applied in 2 block(s)
-------------------------------------------------------------------------------------------------------------
 T = 0.015, DT = 0.008, NI = 1, LI = 1, RES = 4.0e-04 (5.5e-07), CFL=0.038 (ELAPSED 00:00:00 )
-------------------------------------------------------------------------------------------------------------
	 #1 (6.3541e-03, 1.2692e-06): lin 1 (0.0e+00)
Composition correction applied in 2 block(s)
-------------------------------------------------------------------------------------------------------------
 T = 0.031, DT = 0.016, NI = 1, LI = 1, RES = 2.5e-04 (2.0e-06), CFL=0.055 (ELAPSED 00:00:00 )
-------------------------------------------------------------------------------------------------------------
	 #1 (2.4318e-03, 4.2524e-06): lin 1 (0.0e+00)
Composition correction applied in 2 block(s)
-------------------------------------------------------------------------------------------------------------
 T = 0.063, DT = 0.032, NI = 1, LI = 1, RES = 3.1e-04 (1.6e-07), CFL=0.086 (ELAPSED 00:00:00 )
-------------------------------------------------------------------------------------------------------------
	 #1 (3.4722e-03, 3.6755e-07): lin 1 (0.0e+00)
Composition correction applied in 2 block(s)
-------------------------------------------------------------------------------------------------------------
 T = 0.127, DT = 0.064, NI = 1, LI = 1, RES = 4.1e-04 (1.5e-07), CFL=0.134 (ELAPSED 00:00:00 )
-------------------------------------------------------------------------------------------------------------
	 #1 (4.8136e-03, 3.0202e-07): lin 1 (0.0e+00)
Composition correction applied in 2 block(s)
-------------------------------------------------------------------------------------------------------------
 T = 0.255, DT = 0.128, NI = 1, LI = 1, RES = 4.8e-04 (1.8e-06), CFL=0.205 (ELAPSED 00:00:00 )
-------------------------------------------------------------------------------------------------------------
	 #1 (7.8043e-03, 3.5777e-06): lin 1 (0.0e+00)
Composition correction applied in 2 block(s)
-------------------------------------------------------------------------------------------------------------
 T = 0.511, DT = 0.256, NI = 1, LI = 1, RES = 4.9e-03 (5.1e-06), CFL=0.343 (ELAPSED 00:00:00 )
-------------------------------------------------------------------------------------------------------------
	 #1 (1.6381e-02, 1.0188e-05): lin 1 (0.0e+00)
Composition correction applied in 2 block(s)
-------------------------------------------------------------------------------------------------------------
 T = 1.023, DT = 0.512, NI = 1, LI = 1, RES = 8.6e-03 (4.0e-06), CFL=0.523 (ELAPSED 00:00:00 )
-------------------------------------------------------------------------------------------------------------
	 #1 (2.3875e-02, 7.8545e-06): lin 1 (0.0e+00)
Composition correction applied in 2 block(s)
	 #2 (4.2905e-02, 8.8861e-07): lin 1 (0.0e+00)
Composition correction applied in 2 block(s)
	 #3 (1.0277e-02, 9.8115e-08): lin 1 (0.0e+00)
Composition correction applied in 2 block(s)
-------------------------------------------------------------------------------------------------------------
 T = 2.023, DT = 1, NI = 3, LI = 3, RES = 5.4e-04 (1.1e-07), CFL=0.698 (ELAPSED 00:00:00, REMAINING 00:00:29 )
-------------------------------------------------------------------------------------------------------------
	 #1 (8.5157e-03, 1.1175e-07): lin 1 (0.0e+00)
Composition correction applied in 2 block(s)
	 #2 (2.6441e-02, 4.4312e-08): lin 1 (0.0e+00)
Composition correction applied in 2 block(s)
-------------------------------------------------------------------------------------------------------------
 T = 3.023, DT = 1, NI = 2, LI = 2, RES = 2.3e-03 (1.1e-07), CFL=0.688 (ELAPSED 00:00:00, REMAINING 00:00:16 )
-------------------------------------------------------------------------------------------------------------
	 #1 (7.5855e-03, 1.1139e-07): lin 1 (0.0e+00)
Composition correction applied in 2 block(s)
	 #2 (1.6436e-02, 1.1854e-07): lin 1 (0.0e+00)
Composition correction applied in 2 block(s)
-------------------------------------------------------------------------------------------------------------
 T = 4.023, DT = 1, NI = 2, LI = 2, RES = 1.1e-03 (1.3e-07), CFL=0.666 (ELAPSED 00:00:00, REMAINING 00:00:14 )
-------------------------------------------------------------------------------------------------------------
	 #1 (6.8234e-03, 1.2978e-07): lin 1 (0.0e+00)
Composition correction applied in 2 block(s)
	 #2 (1.4659e-02, 1.5975e-07): lin 1 (0.0e+00)
Composition correction applied in 2 block(s)
-------------------------------------------------------------------------------------------------------------
 T = 5.023, DT = 1, NI = 2, LI = 2, RES = 7.5e-04 (1.8e-07), CFL=0.646 (ELAPSED 00:00:00, REMAINING 00:00:13 )
-------------------------------------------------------------------------------------------------------------
	 #1 (6.3434e-03, 1.8389e-07): lin 1 (0.0e+00)
Composition correction applied in 2 block(s)
	 #2 (1.3442e-02, 1.0541e-07): lin 1 (0.0e+00)
Composition correction applied in 2 block(s)
-------------------------------------------------------------------------------------------------------------
 T = 6.023, DT = 1, NI = 2, LI = 2, RES = 7.4e-04 (1.7e-07), CFL=0.638 (ELAPSED 00:00:00, REMAINING 00:00:12 )
-------------------------------------------------------------------------------------------------------------
	 #1 (6.0722e-03, 1.6557e-07): lin 1 (0.0e+00)
Composition correction applied in 2 block(s)
	 #2 (1.2271e-02, 7.8876e-08): lin 1 (0.0e+00)
Composition correction applied in 2 block(s)
-------------------------------------------------------------------------------------------------------------
 T = 7.023, DT = 1, NI = 2, LI = 2, RES = 7.1e-04 (1.8e-07), CFL=0.632 (ELAPSED 00:00:00, REMAINING 00:00:12 )
-------------------------------------------------------------------------------------------------------------
	 #1 (5.9065e-03, 1.8151e-07): lin 1 (0.0e+00)
Composition correction applied in 2 block(s)
	 #2 (1.5539e-02, 3.6391e-08): lin 1 (0.0e+00)
Composition correction applied in 2 block(s)
-------------------------------------------------------------------------------------------------------------
 T = 8.023, DT = 1, NI = 2, LI = 2, RES = 7.7e-04 (1.6e-07), CFL=0.628 (ELAPSED 00:00:00, REMAINING 00:00:11 )
-------------------------------------------------------------------------------------------------------------
	 #1 (5.7651e-03, 1.6015e-07): lin 1 (0.0e+00)
Composition correction applied in 2 block(s)
	 #2 (1.4805e-02, 1.6900e-07): lin 1 (0.0e+00)
Composition correction applied in 2 block(s)
-------------------------------------------------------------------------------------------------------------
 T = 9.023, DT = 1, NI = 2, LI = 2, RES = 7.3e-04 (3.5e-09), CFL=0.625 (ELAPSED 00:00:00, REMAINING 00:00:11 )
-------------------------------------------------------------------------------------------------------------
	 #1 (5.6571e-03, 3.4503e-09): lin 1 (0.0e+00)
Composition correction applied in 2 block(s)
	 #2 (1.4196e-02, 5.1985e-08): lin 1 (0.0e+00)
Composition correction applied in 2 block(s)
-------------------------------------------------------------------------------------------------------------
 T = 10.023, DT = 1, NI = 2, LI = 2, RES = 7.3e-04 (8.6e-08), CFL=0.622 (ELAPSED 00:00:00, REMAINING 00:00:11 )
-------------------------------------------------------------------------------------------------------------
	 #1 (5.5642e-03, 8.6116e-08): lin 1 (0.0e+00)
Composition correction applied in 2 block(s)
	 #2 (1.2716e-02, 1.6816e-07): lin 1 (0.0e+00)
Composition correction applied in 2 block(s)
-------------------------------------------------------------------------------------------------------------
 T = 11.023, DT = 1, NI = 2, LI = 2, RES = 6.9e-04 (5.7e-08), CFL=0.620 (ELAPSED 00:00:00, REMAINING 00:00:11 )
-------------------------------------------------------------------------------------------------------------
	 #1 (5.4788e-03, 5.6772e-08): lin 1 (0.0e+00)
Composition correction applied in 2 block(s)
	 #2 (1.2099e-02, 1.2702e-08): lin 1 (0.0e+00)
Composition correction applied in 2 block(s)
-------------------------------------------------------------------------------------------------------------
 T = 12.023, DT = 1, NI = 2, LI = 2, RES = 7.2e-04 (1.3e-07), CFL=0.618 (ELAPSED 00:00:00, REMAINING 00:00:11 )
-------------------------------------------------------------------------------------------------------------
	 #1 (5.4041e-03, 1.2935e-07): lin 1 (0.0e+00)
Composition correction applied in 2 block(s)
	 #2 (1.1657e-02, 1.4169e-07): lin 1 (0.0e+00)
Composition correction applied in 2 block(s)
-------------------------------------------------------------------------------------------------------------
 T = 13.023, DT = 1, NI = 2, LI = 2, RES = 4.4e-04 (1.5e-07), CFL=0.612 (ELAPSED 00:00:00, REMAINING 00:00:11 )
-------------------------------------------------------------------------------------------------------------
	 #1 (5.3403e-03, 1.5345e-07): lin 1 (0.0e+00)
Composition correction applied in 2 block(s)
	 #2 (1.1216e-02, 3.5495e-08): lin 1 (0.0e+00)
Composition correction applied in 2 block(s)
-------------------------------------------------------------------------------------------------------------
 T = 14.023, DT = 1, NI = 2, LI = 2, RES = 4.1e-04 (1.4e-07), CFL=0.611 (ELAPSED 00:00:00, REMAINING 00:00:11 )
-------------------------------------------------------------------------------------------------------------
	 #1 (5.2808e-03, 1.4431e-07): lin 1 (0.0e+00)
Composition correction applied in 2 block(s)
	 #2 (1.0795e-02, 1.9219e-08): lin 1 (0.0e+00)
Composition correction applied in 2 block(s)
-------------------------------------------------------------------------------------------------------------
 T = 15.023, DT = 1, NI = 2, LI = 2, RES = 3.9e-04 (1.5e-07), CFL=0.609 (ELAPSED 00:00:00, REMAINING 00:00:10 )
-------------------------------------------------------------------------------------------------------------
	 #1 (5.2286e-03, 1.4506e-07): lin 1 (0.0e+00)
Composition correction applied in 2 block(s)
	 #2 (1.0284e-02, 1.1970e-07): lin 1 (0.0e+00)
Composition correction applied in 2 block(s)
-------------------------------------------------------------------------------------------------------------
 T = 16.023, DT = 1, NI = 2, LI = 2, RES = 4.0e-04 (3.5e-08), CFL=0.608 (ELAPSED 00:00:00, REMAINING 00:00:10 )
-------------------------------------------------------------------------------------------------------------
	 #1 (5.1879e-03, 3.4731e-08): lin 1 (0.0e+00)
Composition correction applied in 2 block(s)
-------------------------------------------------------------------------------------------------------------
 T = 17.023, DT = 1, NI = 1, LI = 1, RES = 9.3e-03 (1.9e-07), CFL=0.751 (ELAPSED 00:00:00, REMAINING 00:00:10 )
-------------------------------------------------------------------------------------------------------------
	 #1 (1.1498e-02, 1.8707e-07): lin 1 (0.0e+00)
Composition correction applied in 2 block(s)
	 #2 (1.4493e-02, 1.1360e-07): lin 1 (0.0e+00)
Composition correction applied in 2 block(s)
-------------------------------------------------------------------------------------------------------------
 T = 18.023, DT = 1, NI = 2, LI = 2, RES = 1.1e-03 (1.1e-08), CFL=0.618 (ELAPSED 00:00:00, REMAINING 00:00:10 )
-------------------------------------------------------------------------------------------------------------
	 #1 (5.2140e-03, 1.1703e-08): lin 1 (0.0e+00)
Composition correction applied in 2 block(s)
	 #2 (1.1903e-02, 1.6612e-07): lin 1 (0.0e+00)
Composition correction applied in 2 block(s)
-------------------------------------------------------------------------------------------------------------
 T = 19.023, DT = 1, NI = 2, LI = 2, RES = 7.8e-04 (3.0e-08), CFL=0.616 (ELAPSED 00:00:00, REMAINING 00:00:10 )
-------------------------------------------------------------------------------------------------------------
	 #1 (5.1092e-03, 3.0167e-08): lin 1 (0.0e+00)
Composition correction applied in 2 block(s)
	 #2 (1.1192e-02, 1.8613e-07): lin 1 (0.0e+00)
Composition correction applied in 2 block(s)
-------------------------------------------------------------------------------------------------------------
 T = 20.023, DT = 1, NI = 2, LI = 2, RES = 7.8e-04 (1.1e-07), CFL=0.613 (ELAPSED 00:00:00, REMAINING 00:00:10 )
-------------------------------------------------------------------------------------------------------------
	 #1 (5.1182e-03, 1.1366e-07): lin 1 (0.0e+00)
Composition correction applied in 2 block(s)
	 #2 (1.0354e-02, 1.5282e-07): lin 1 (0.0e+00)
Composition correction applied in 2 block(s)
-------------------------------------------------------------------------------------------------------------
 T = 21.023, DT = 1, NI = 2, LI = 2, RES = 7.7e-04 (6.5e-08), CFL=0.617 (ELAPSED 00:00:00, REMAINING 00:00:10 )
-------------------------------------------------------------------------------------------------------------
	 #1 (5.0279e-03, 6.4923e-08): lin 1 (0.0e+00)
Composition correction applied in 2 block(s)
-------------------------------------------------------------------------------------------------------------
 T = 22.023, DT = 1, NI = 1, LI = 1, RES = 9.7e-03 (1.1e-07), CFL=0.775 (ELAPSED 00:00:00, REMAINING 00:00:10 )
-------------------------------------------------------------------------------------------------------------
	 #1 (1.2252e-02, 1.1109e-07): lin 1 (0.0e+00)
Composition correction applied in 2 block(s)
	 #2 (1.4766e-02, 4.6984e-08): lin 1 (0.0e+00)
Composition correction applied in 2 block(s)
-------------------------------------------------------------------------------------------------------------
 T = 23.023, DT = 1, NI = 2, LI = 2, RES = 3.7e-03 (1.3e-07), CFL=0.655 (ELAPSED 00:00:00, REMAINING 00:00:09 )
-------------------------------------------------------------------------------------------------------------
	 #1 (6.8489e-03, 1.2677e-07): lin 1 (0.0e+00)
Composition correction applied in 2 block(s)
	 #2 (1.5791e-02, 1.2947e-07): lin 1 (0.0e+00)
Composition correction applied in 2 block(s)
-------------------------------------------------------------------------------------------------------------
 T = 24.023, DT = 1, NI = 2, LI = 2, RES = 3.8e-03 (1.6e-08), CFL=0.654 (ELAPSED 00:00:00, REMAINING 00:00:09 )
-------------------------------------------------------------------------------------------------------------
	 #1 (6.7880e-03, 1.6389e-08): lin 1 (0.0e+00)
Composition correction applied in 2 block(s)
	 #2 (1.5418e-02, 7.3176e-08): lin 1 (0.0e+00)
Composition correction applied in 2 block(s)
-------------------------------------------------------------------------------------------------------------
 T = 25.023, DT = 1, NI = 2, LI = 2, RES = 3.6e-03 (1.7e-07), CFL=0.652 (ELAPSED 00:00:00, REMAINING 00:00:09 )
-------------------------------------------------------------------------------------------------------------
	 #1 (6.6415e-03, 1.7438e-07): lin 1 (0.0e+00)
Composition correction applied in 2 block(s)
	 #2 (1.4607e-02, 1.3500e-07): lin 1 (0.0e+00)
Composition correction applied in 2 block(s)
-------------------------------------------------------------------------------------------------------------
 T = 26.023, DT = 1, NI = 2, LI = 2, RES = 3.4e-03 (6.5e-09), CFL=0.649 (ELAPSED 00:00:00, REMAINING 00:00:09 )
-------------------------------------------------------------------------------------------------------------
	 #1 (6.4462e-03, 6.5317e-09): lin 1 (0.0e+00)
Composition correction applied in 2 block(s)
	 #2 (1.2678e-02, 6.0366e-08): lin 1 (0.0e+00)
Composition correction applied in 2 block(s)
-------------------------------------------------------------------------------------------------------------
 T = 27.023, DT = 1, NI = 2, LI = 2, RES = 3.1e-03 (1.3e-08), CFL=0.646 (ELAPSED 00:00:00, REMAINING 00:00:09 )
-------------------------------------------------------------------------------------------------------------
	 #1 (6.2452e-03, 1.3041e-08): lin 1 (0.0e+00)
Composition correction applied in 2 block(s)
	 #2 (1.1715e-02, 7.8569e-08): lin 1 (0.0e+00)
Composition correction applied in 2 block(s)
-------------------------------------------------------------------------------------------------------------
 T = 28.023, DT = 1, NI = 2, LI = 2, RES = 2.5e-03 (5.4e-08), CFL=0.635 (ELAPSED 00:00:00, REMAINING 00:00:09 )
-------------------------------------------------------------------------------------------------------------
	 #1 (5.7511e-03, 5.3832e-08): lin 1 (0.0e+00)
Composition correction applied in 2 block(s)
	 #2 (1.0858e-02, 4.5969e-08): lin 1 (0.0e+00)
Composition correction applied in 2 block(s)
-------------------------------------------------------------------------------------------------------------
 T = 29.023, DT = 1, NI = 2, LI = 2, RES = 2.3e-03 (5.9e-08), CFL=0.632 (ELAPSED 00:00:00, REMAINING 00:00:09 )
-------------------------------------------------------------------------------------------------------------
	 #1 (5.5865e-03, 5.8716e-08): lin 1 (0.0e+00)
Composition correction applied in 2 block(s)
-------------------------------------------------------------------------------------------------------------
 T = 30.023, DT = 1, NI = 1, LI = 1, RES = 9.9e-03 (8.8e-08), CFL=0.776 (ELAPSED 00:00:00, REMAINING 00:00:09 )
-------------------------------------------------------------------------------------------------------------
	 #1 (1.1530e-02, 8.9122e-08): lin 1 (0.0e+00)
Composition correction applied in 2 block(s)
-------------------------------------------------------------------------------------------------------------
 T = 31.023, DT = 1, NI = 1, LI = 1, RES = 8.0e-03 (1.6e-07), CFL=0.782 (ELAPSED 00:00:00, REMAINING 00:00:09 )
-------------------------------------------------------------------------------------------------------------
	 #1 (9.5115e-03, 1.6127e-07): lin 1 (0.0e+00)
Composition correction applied in 2 block(s)
-------------------------------------------------------------------------------------------------------------
 T = 32.023, DT = 1, NI = 1, LI = 1, RES = 9.4e-03 (1.7e-07), CFL=0.809 (ELAPSED 00:00:00, REMAINING 00:00:09 )
-------------------------------------------------------------------------------------------------------------
	 #1 (1.0593e-02, 1.6932e-07): lin 1 (0.0e+00)
Composition correction applied in 2 block(s)
-------------------------------------------------------------------------------------------------------------
 T = 33.023, DT = 1, NI = 1, LI = 1, RES = 9.3e-03 (1.4e-07), CFL=0.828 (ELAPSED 00:00:00, REMAINING 00:00:08 )
-------------------------------------------------------------------------------------------------------------
	 #1 (1.0661e-02, 1.4276e-07): lin 1 (0.0e+00)
Composition correction applied in 2 block(s)
	 #2 (1.0250e-02, 2.0377e-08): lin 1 (0.0e+00)
Composition correction applied in 2 block(s)
-------------------------------------------------------------------------------------------------------------
 T = 34.023, DT = 1, NI = 2, LI = 2, RES = 2.7e-03 (1.5e-07), CFL=0.655 (ELAPSED 00:00:00, REMAINING 00:00:08 )
-------------------------------------------------------------------------------------------------------------
	 #1 (6.3023e-03, 1.5054e-07): lin 1 (0.0e+00)
Composition correction applied in 2 block(s)
	 #2 (1.2880e-02, 1.1946e-07): lin 1 (0.0e+00)
Composition correction applied in 2 block(s)
-------------------------------------------------------------------------------------------------------------
 T = 35.023, DT = 1, NI = 2, LI = 2, RES = 3.0e-03 (1.5e-07), CFL=0.653 (ELAPSED 00:00:00, REMAINING 00:00:08 )
-------------------------------------------------------------------------------------------------------------
	 #1 (6.2830e-03, 1.5034e-07): lin 1 (0.0e+00)
Composition correction applied in 2 block(s)
	 #2 (1.2414e-02, 1.6186e-07): lin 1 (0.0e+00)
Composition correction applied in 2 block(s)
-------------------------------------------------------------------------------------------------------------
 T = 36.023, DT = 1, NI = 2, LI = 2, RES = 2.9e-03 (1.3e-07), CFL=0.650 (ELAPSED 00:00:00, REMAINING 00:00:08 )
-------------------------------------------------------------------------------------------------------------
	 #1 (6.1283e-03, 1.2981e-07): lin 1 (0.0e+00)
Composition correction applied in 2 block(s)
	 #2 (1.1560e-02, 5.9089e-08): lin 1 (0.0e+00)
Composition correction applied in 2 block(s)
-------------------------------------------------------------------------------------------------------------
 T = 37.023, DT = 1, NI = 2, LI = 2, RES = 2.3e-03 (5.9e-08), CFL=0.638 (ELAPSED 00:00:00, REMAINING 00:00:08 )
-------------------------------------------------------------------------------------------------------------
	 #1 (5.6261e-03, 5.9010e-08): lin 1 (0.0e+00)
Composition correction applied in 2 block(s)
	 #2 (1.0776e-02, 1.2749e-07): lin 1 (0.0e+00)
Composition correction applied in 2 block(s)
-------------------------------------------------------------------------------------------------------------
 T = 38.023, DT = 1, NI = 2, LI = 2, RES = 2.1e-03 (1.5e-07), CFL=0.635 (ELAPSED 00:00:00, REMAINING 00:00:08 )
-------------------------------------------------------------------------------------------------------------
	 #1 (5.4472e-03, 1.5418e-07): lin 1 (0.0e+00)
Composition correction applied in 2 block(s)
-------------------------------------------------------------------------------------------------------------
 T = 39.023, DT = 1, NI = 1, LI = 1, RES = 9.8e-03 (3.5e-08), CFL=0.779 (ELAPSED 00:00:00, REMAINING 00:00:08 )
-------------------------------------------------------------------------------------------------------------
	 #1 (1.1454e-02, 3.5942e-08): lin 1 (0.0e+00)
Composition correction applied in 2 block(s)
-------------------------------------------------------------------------------------------------------------
 T = 40.023, DT = 1, NI = 1, LI = 1, RES = 8.1e-03 (9.9e-08), CFL=0.784 (ELAPSED 00:00:00, REMAINING 00:00:08 )
-------------------------------------------------------------------------------------------------------------
	 #1 (9.4103e-03, 9.5962e-08): lin 1 (0.0e+00)
Composition correction applied in 2 block(s)
-------------------------------------------------------------------------------------------------------------
 T = 41.023, DT = 1, NI = 1, LI = 1, RES = 9.3e-03 (4.6e-08), CFL=0.810 (ELAPSED 00:00:00, REMAINING 00:00:08 )
-------------------------------------------------------------------------------------------------------------
	 #1 (1.0456e-02, 4.6480e-08): lin 1 (0.0e+00)
Composition correction applied in 2 block(s)
-------------------------------------------------------------------------------------------------------------
 T = 42.023, DT = 1, NI = 1, LI = 1, RES = 9.2e-03 (1.9e-07), CFL=0.828 (ELAPSED 00:00:00, REMAINING 00:00:08 )
-------------------------------------------------------------------------------------------------------------
	 #1 (1.0499e-02, 1.9078e-07): lin 1 (0.0e+00)
Composition correction applied in 2 block(s)
-------------------------------------------------------------------------------------------------------------
 T = 43.023, DT = 1, NI = 1, LI = 1, RES = 9.0e-03 (1.2e-07), CFL=0.831 (ELAPSED 00:00:00, REMAINING 00:00:08 )
-------------------------------------------------------------------------------------------------------------
	 #1 (9.8243e-03, 1.1775e-07): lin 1 (0.0e+00)
Composition correction applied in 2 block(s)
	 #2 (1.4177e-02, 2.0674e-07): lin 1 (0.0e+00)
Composition correction applied in 2 block(s)
-------------------------------------------------------------------------------------------------------------
 T = 44.023, DT = 1, NI = 2, LI = 2, RES = 4.0e-03 (1.9e-08), CFL=0.675 (ELAPSED 00:00:00, REMAINING 00:00:08 )
-------------------------------------------------------------------------------------------------------------
	 #1 (7.2495e-03, 2.1376e-08): lin 1 (0.0e+00)
Composition correction applied in 2 block(s)
	 #2 (1.7090e-02, 1.8027e-07): lin 1 (0.0e+00)
Composition correction applied in 2 block(s)
-------------------------------------------------------------------------------------------------------------
 T = 45.023, DT = 1, NI = 2, LI = 2, RES = 4.5e-03 (2.5e-08), CFL=0.674 (ELAPSED 00:00:00, REMAINING 00:00:08 )
-------------------------------------------------------------------------------------------------------------
	 #1 (7.3649e-03, 2.5228e-08): lin 1 (0.0e+00)
Composition correction applied in 2 block(s)
-------------------------------------------------------------------------------------------------------------
 T = 46.023, DT = 1, NI = 1, LI = 1, RES = 1.0e-02 (1.4e-07), CFL=0.782 (ELAPSED 00:00:00, REMAINING 00:00:07 )
-------------------------------------------------------------------------------------------------------------
	 #1 (1.2212e-02, 1.4152e-07): lin 1 (0.0e+00)
Composition correction applied in 2 block(s)
	 #2 (1.3095e-02, 8.1445e-08): lin 1 (0.0e+00)
Composition correction applied in 2 block(s)
-------------------------------------------------------------------------------------------------------------
 T = 47.023, DT = 1, NI = 2, LI = 2, RES = 3.2e-03 (1.1e-07), CFL=0.658 (ELAPSED 00:00:00, REMAINING 00:00:07 )
-------------------------------------------------------------------------------------------------------------
	 #1 (6.3706e-03, 1.1314e-07): lin 1 (0.0e+00)
Composition correction applied in 2 block(s)
	 #2 (1.3744e-02, 7.1720e-08): lin 1 (0.0e+00)
Composition correction applied in 2 block(s)
-------------------------------------------------------------------------------------------------------------
 T = 48.023, DT = 1, NI = 2, LI = 2, RES = 3.3e-03 (1.0e-07), CFL=0.657 (ELAPSED 00:00:00, REMAINING 00:00:07 )
-------------------------------------------------------------------------------------------------------------
	 #1 (6.3388e-03, 1.0308e-07): lin 1 (0.0e+00)
Composition correction applied in 2 block(s)
	 #2 (1.3263e-02, 3.9848e-08): lin 1 (0.0e+00)
Composition correction applied in 2 block(s)
-------------------------------------------------------------------------------------------------------------
 T = 49.023, DT = 1, NI = 2, LI = 2, RES = 2.9e-03 (1.8e-07), CFL=0.647 (ELAPSED 00:00:00, REMAINING 00:00:07 )
-------------------------------------------------------------------------------------------------------------
	 #1 (5.9273e-03, 1.8320e-07): lin 1 (0.0e+00)
Composition correction applied in 2 block(s)
	 #2 (1.2882e-02, 1.0652e-07): lin 1 (0.0e+00)
Composition correction applied in 2 block(s)
-------------------------------------------------------------------------------------------------------------
 T = 50.023, DT = 1, NI = 2, LI = 2, RES = 2.8e-03 (1.1e-07), CFL=0.645 (ELAPSED 00:00:00, REMAINING 00:00:07 )
-------------------------------------------------------------------------------------------------------------
	 #1 (5.8277e-03, 1.1215e-07): lin 1 (0.0e+00)
Composition correction applied in 2 block(s)
	 #2 (1.2634e-02, 8.5425e-08): lin 1 (0.0e+00)
Composition correction applied in 2 block(s)
-------------------------------------------------------------------------------------------------------------
 T = 51.023, DT = 1, NI = 2, LI = 2, RES = 2.7e-03 (6.5e-08), CFL=0.644 (ELAPSED 00:00:00, REMAINING 00:00:07 )
-------------------------------------------------------------------------------------------------------------
	 #1 (5.7044e-03, 6.5049e-08): lin 1 (0.0e+00)
Composition correction applied in 2 block(s)
	 #2 (1.2382e-02, 1.1734e-07): lin 1 (0.0e+00)
Composition correction applied in 2 block(s)
-------------------------------------------------------------------------------------------------------------
 T = 52.023, DT = 1, NI = 2, LI = 2, RES = 2.5e-03 (3.5e-08), CFL=0.642 (ELAPSED 00:00:00, REMAINING 00:00:07 )
-------------------------------------------------------------------------------------------------------------
	 #1 (5.5558e-03, 3.5286e-08): lin 1 (0.0e+00)
Composition correction applied in 2 block(s)
	 #2 (1.1017e-02, 1.9084e-07): lin 1 (0.0e+00)
Composition correction applied in 2 block(s)
-------------------------------------------------------------------------------------------------------------
 T = 53.023, DT = 1, NI = 2, LI = 2, RES = 2.2e-03 (1.6e-07), CFL=0.639 (ELAPSED 00:00:00, REMAINING 00:00:07 )
-------------------------------------------------------------------------------------------------------------
	 #1 (5.3864e-03, 1.5819e-07): lin 1 (0.0e+00)
Composition correction applied in 2 block(s)
	 #2 (1.0113e-02, 5.5812e-08): lin 1 (0.0e+00)
Composition correction applied in 2 block(s)
-------------------------------------------------------------------------------------------------------------
 T = 54.023, DT = 1, NI = 2, LI = 2, RES = 2.0e-03 (1.4e-07), CFL=0.637 (ELAPSED 00:00:00, REMAINING 00:00:07 )
-------------------------------------------------------------------------------------------------------------
	 #1 (5.2032e-03, 1.3716e-07): lin 1 (0.0e+00)
Composition correction applied in 2 block(s)
-------------------------------------------------------------------------------------------------------------
 T = 55.023, DT = 1, NI = 1, LI = 1, RES = 9.1e-03 (7.4e-08), CFL=0.772 (ELAPSED 00:00:00, REMAINING 00:00:07 )
-------------------------------------------------------------------------------------------------------------
	 #1 (1.0701e-02, 7.4526e-08): lin 1 (0.0e+00)
Composition correction applied in 2 block(s)
-------------------------------------------------------------------------------------------------------------
 T = 56.023, DT = 1, NI = 1, LI = 1, RES = 8.0e-03 (1.6e-07), CFL=0.780 (ELAPSED 00:00:00, REMAINING 00:00:07 )
-------------------------------------------------------------------------------------------------------------
	 #1 (9.2042e-03, 1.5879e-07): lin 1 (0.0e+00)
Composition correction applied in 2 block(s)
-------------------------------------------------------------------------------------------------------------
 T = 57.023, DT = 1, NI = 1, LI = 1, RES = 9.1e-03 (1.9e-07), CFL=0.806 (ELAPSED 00:00:00, REMAINING 00:00:07 )
-------------------------------------------------------------------------------------------------------------
	 #1 (1.0202e-02, 1.8922e-07): lin 1 (0.0e+00)
Composition correction applied in 2 block(s)
-------------------------------------------------------------------------------------------------------------
 T = 58.023, DT = 1, NI = 1, LI = 1, RES = 9.1e-03 (1.4e-07), CFL=0.824 (ELAPSED 00:00:00, REMAINING 00:00:07 )
-------------------------------------------------------------------------------------------------------------
	 #1 (1.0282e-02, 1.3957e-07): lin 1 (0.0e+00)
Composition correction applied in 2 block(s)
-------------------------------------------------------------------------------------------------------------
 T = 59.023, DT = 1, NI = 1, LI = 1, RES = 8.9e-03 (1.5e-07), CFL=0.828 (ELAPSED 00:00:00, REMAINING 00:00:07 )
-------------------------------------------------------------------------------------------------------------
	 #1 (9.6269e-03, 1.5062e-07): lin 1 (0.0e+00)
Composition correction applied in 2 block(s)
	 #2 (1.3466e-02, 3.2411e-08): lin 1 (0.0e+00)
Composition correction applied in 2 block(s)
-------------------------------------------------------------------------------------------------------------
 T = 60.023, DT = 1, NI = 2, LI = 2, RES = 3.8e-03 (2.8e-08), CFL=0.677 (ELAPSED 00:00:00, REMAINING 00:00:07 )
-------------------------------------------------------------------------------------------------------------
	 #1 (7.0123e-03, 3.0098e-08): lin 1 (0.0e+00)
Composition correction applied in 2 block(s)
	 #2 (1.6720e-02, 3.8189e-08): lin 1 (0.0e+00)
Composition correction applied in 2 block(s)
-------------------------------------------------------------------------------------------------------------
 T = 61.023, DT = 1, NI = 2, LI = 2, RES = 4.4e-03 (1.3e-07), CFL=0.676 (ELAPSED 00:00:00, REMAINING 00:00:07 )
-------------------------------------------------------------------------------------------------------------
	 #1 (7.1516e-03, 1.3159e-07): lin 1 (0.0e+00)
Composition correction applied in 2 block(s)
	 #2 (1.6150e-02, 8.1583e-08): lin 1 (0.0e+00)
Composition correction applied in 2 block(s)
-------------------------------------------------------------------------------------------------------------
 T = 62.023, DT = 1, NI = 2, LI = 2, RES = 4.5e-03 (8.9e-08), CFL=0.675 (ELAPSED 00:00:00, REMAINING 00:00:07 )
-------------------------------------------------------------------------------------------------------------
	 #1 (7.1545e-03, 8.9029e-08): lin 1 (0.0e+00)
Composition correction applied in 2 block(s)
-------------------------------------------------------------------------------------------------------------
 T = 63.023, DT = 1, NI = 1, LI = 1, RES = 9.6e-03 (5.1e-08), CFL=0.780 (ELAPSED 00:00:00, REMAINING 00:00:07 )
-------------------------------------------------------------------------------------------------------------
	 #1 (1.1725e-02, 5.1606e-08): lin 1 (0.0e+00)
Composition correction applied in 2 block(s)
	 #2 (1.2697e-02, 1.6863e-07): lin 1 (0.0e+00)
Composition correction applied in 2 block(s)
-------------------------------------------------------------------------------------------------------------
 T = 64.023, DT = 1, NI = 2, LI = 2, RES = 3.3e-03 (9.4e-08), CFL=0.663 (ELAPSED 00:00:00, REMAINING 00:00:07 )
-------------------------------------------------------------------------------------------------------------
	 #1 (6.3049e-03, 9.4092e-08): lin 1 (0.0e+00)
Composition correction applied in 2 block(s)
	 #2 (1.3567e-02, 1.4364e-07): lin 1 (0.0e+00)
Composition correction applied in 2 block(s)
-------------------------------------------------------------------------------------------------------------
 T = 65.023, DT = 1, NI = 2, LI = 2, RES = 3.5e-03 (4.1e-08), CFL=0.663 (ELAPSED 00:00:00, REMAINING 00:00:07 )
-------------------------------------------------------------------------------------------------------------
	 #1 (6.3088e-03, 4.0664e-08): lin 1 (0.0e+00)
Composition correction applied in 2 block(s)
	 #2 (1.3196e-02, 1.0934e-07): lin 1 (0.0e+00)
Composition correction applied in 2 block(s)
-------------------------------------------------------------------------------------------------------------
 T = 66.023, DT = 1, NI = 2, LI = 2, RES = 3.1e-03 (9.1e-08), CFL=0.653 (ELAPSED 00:00:00, REMAINING 00:00:06 )
-------------------------------------------------------------------------------------------------------------
	 #1 (5.9363e-03, 9.1482e-08): lin 1 (0.0e+00)
Composition correction applied in 2 block(s)
	 #2 (1.2936e-02, 1.8247e-07): lin 1 (0.0e+00)
Composition correction applied in 2 block(s)
-------------------------------------------------------------------------------------------------------------
 T = 67.023, DT = 1, NI = 2, LI = 2, RES = 3.1e-03 (1.4e-07), CFL=0.652 (ELAPSED 00:00:00, REMAINING 00:00:06 )
-------------------------------------------------------------------------------------------------------------
	 #1 (5.8970e-03, 1.4261e-07): lin 1 (0.0e+00)
Composition correction applied in 3 block(s)
	 #2 (1.2802e-02, 1.2302e-07): lin 1 (0.0e+00)
Composition correction applied in 3 block(s)
-------------------------------------------------------------------------------------------------------------
 T = 68.023, DT = 1, NI = 2, LI = 2, RES = 3.0e-03 (1.6e-07), CFL=0.652 (ELAPSED 00:00:00, REMAINING 00:00:06 )
-------------------------------------------------------------------------------------------------------------
	 #1 (5.8439e-03, 1.5545e-07): lin 1 (0.0e+00)
Composition correction applied in 3 block(s)
	 #2 (1.2676e-02, 1.1881e-07): lin 1 (0.0e+00)
Composition correction applied in 3 block(s)
-------------------------------------------------------------------------------------------------------------
 T = 69.023, DT = 1, NI = 2, LI = 2, RES = 2.9e-03 (8.5e-08), CFL=0.651 (ELAPSED 00:00:00, REMAINING 00:00:06 )
-------------------------------------------------------------------------------------------------------------
	 #1 (5.7771e-03, 8.4983e-08): lin 1 (0.0e+00)
Composition correction applied in 3 block(s)
	 #2 (1.2544e-02, 4.8517e-08): lin 1 (0.0e+00)
Composition correction applied in 3 block(s)
-------------------------------------------------------------------------------------------------------------
 T = 70.023, DT = 1, NI = 2, LI = 2, RES = 2.8e-03 (1.3e-07), CFL=0.650 (ELAPSED 00:00:00, REMAINING 00:00:06 )
-------------------------------------------------------------------------------------------------------------
	 #1 (5.6971e-03, 1.2677e-07): lin 1 (0.0e+00)
Composition correction applied in 3 block(s)
	 #2 (1.2405e-02, 1.5586e-08): lin 1 (0.0e+00)
Composition correction applied in 3 block(s)
-------------------------------------------------------------------------------------------------------------
 T = 71.023, DT = 1, NI = 2, LI = 2, RES = 2.7e-03 (1.3e-07), CFL=0.649 (ELAPSED 00:00:00, REMAINING 00:00:06 )
-------------------------------------------------------------------------------------------------------------
	 #1 (5.6039e-03, 1.2883e-07): lin 1 (0.0e+00)
Composition correction applied in 3 block(s)
	 #2 (1.2250e-02, 1.8989e-07): lin 1 (0.0e+00)
Composition correction applied in 3 block(s)
-------------------------------------------------------------------------------------------------------------
 T = 72.023, DT = 1, NI = 2, LI = 2, RES = 2.6e-03 (3.4e-09), CFL=0.648 (ELAPSED 00:00:00, REMAINING 00:00:06 )
-------------------------------------------------------------------------------------------------------------
	 #1 (5.4966e-03, 3.4459e-09): lin 1 (0.0e+00)
Composition correction applied in 4 block(s)
	 #2 (1.2076e-02, 7.1414e-08): lin 1 (0.0e+00)
Composition correction applied in 4 block(s)
-------------------------------------------------------------------------------------------------------------
 T = 73.023, DT = 1, NI = 2, LI = 2, RES = 2.4e-03 (1.0e-07), CFL=0.647 (ELAPSED 00:00:00, REMAINING 00:00:06 )
-------------------------------------------------------------------------------------------------------------
	 #1 (5.3773e-03, 1.0173e-07): lin 1 (0.0e+00)
Composition correction applied in 3 block(s)
	 #2 (1.0550e-02, 2.9995e-08): lin 1 (0.0e+00)
Composition correction applied in 4 block(s)
-------------------------------------------------------------------------------------------------------------
 T = 74.023, DT = 1, NI = 2, LI = 2, RES = 2.2e-03 (3.4e-08), CFL=0.645 (ELAPSED 00:00:00, REMAINING 00:00:06 )
-------------------------------------------------------------------------------------------------------------
	 #1 (5.2497e-03, 3.4213e-08): lin 1 (0.0e+00)
Composition correction applied in 4 block(s)
-------------------------------------------------------------------------------------------------------------
 T = 75.023, DT = 1, NI = 1, LI = 1, RES = 9.9e-03 (7.3e-08), CFL=0.793 (ELAPSED 00:00:00, REMAINING 00:00:06 )
-------------------------------------------------------------------------------------------------------------
	 #1 (1.1420e-02, 7.2977e-08): lin 1 (0.0e+00)
Composition correction applied in 4 block(s)
-------------------------------------------------------------------------------------------------------------
 T = 76.023, DT = 1, NI = 1, LI = 1, RES = 8.2e-03 (3.5e-08), CFL=0.785 (ELAPSED 00:00:00, REMAINING 00:00:06 )
-------------------------------------------------------------------------------------------------------------
	 #1 (8.9756e-03, 3.7463e-08): lin 1 (0.0e+00)
Composition correction applied in 4 block(s)
-------------------------------------------------------------------------------------------------------------
 T = 77.023, DT = 1, NI = 1, LI = 1, RES = 8.9e-03 (5.5e-08), CFL=0.811 (ELAPSED 00:00:00, REMAINING 00:00:06 )
-------------------------------------------------------------------------------------------------------------
	 #1 (9.9095e-03, 5.5306e-08): lin 1 (0.0e+00)
Composition correction applied in 4 block(s)
-------------------------------------------------------------------------------------------------------------
 T = 78.023, DT = 1, NI = 1, LI = 1, RES = 8.8e-03 (5.6e-08), CFL=0.829 (ELAPSED 00:00:00, REMAINING 00:00:06 )
-------------------------------------------------------------------------------------------------------------
	 #1 (9.9564e-03, 5.6277e-08): lin 1 (0.0e+00)
Composition correction applied in 5 block(s)
	 #2 (1.1006e-02, 1.1846e-07): lin 1 (0.0e+00)
Composition correction applied in 5 block(s)
-------------------------------------------------------------------------------------------------------------
 T = 79.023, DT = 1, NI = 2, LI = 2, RES = 3.1e-03 (2.0e-08), CFL=0.673 (ELAPSED 00:00:00, REMAINING 00:00:06 )
-------------------------------------------------------------------------------------------------------------
	 #1 (6.3371e-03, 2.1597e-08): lin 1 (0.0e+00)
Composition correction applied in 6 block(s)
	 #2 (1.4464e-02, 4.2213e-08): lin 1 (0.0e+00)
Composition correction applied in 6 block(s)
-------------------------------------------------------------------------------------------------------------
 T = 80.023, DT = 1, NI = 2, LI = 2, RES = 3.6e-03 (1.0e-07), CFL=0.673 (ELAPSED 00:00:00, REMAINING 00:00:06 )
-------------------------------------------------------------------------------------------------------------
	 #1 (6.4619e-03, 1.0031e-07): lin 1 (0.0e+00)
Composition correction applied in 6 block(s)
	 #2 (1.3921e-02, 1.7819e-07): lin 1 (0.0e+00)
Composition correction applied in 6 block(s)
-------------------------------------------------------------------------------------------------------------
 T = 81.023, DT = 1, NI = 2, LI = 2, RES = 3.7e-03 (1.2e-07), CFL=0.671 (ELAPSED 00:00:00, REMAINING 00:00:06 )
-------------------------------------------------------------------------------------------------------------
	 #1 (6.4618e-03, 1.2014e-07): lin 1 (0.0e+00)
Composition correction applied in 6 block(s)
	 #2 (1.3653e-02, 1.1137e-07): lin 1 (0.0e+00)
Composition correction applied in 6 block(s)
-------------------------------------------------------------------------------------------------------------
 T = 82.023, DT = 1, NI = 2, LI = 2, RES = 3.8e-03 (9.0e-08), CFL=0.671 (ELAPSED 00:00:00, REMAINING 00:00:06 )
-------------------------------------------------------------------------------------------------------------
	 #1 (6.4639e-03, 8.9591e-08): lin 1 (0.0e+00)
Composition correction applied in 6 block(s)
	 #2 (1.3509e-02, 4.4655e-08): lin 1 (0.0e+00)
Composition correction applied in 6 block(s)
-------------------------------------------------------------------------------------------------------------
 T = 83.023, DT = 1, NI = 2, LI = 2, RES = 3.8e-03 (1.7e-07), CFL=0.671 (ELAPSED 00:00:00, REMAINING 00:00:06 )
-------------------------------------------------------------------------------------------------------------
	 #1 (6.4650e-03, 1.7415e-07): lin 1 (0.0e+00)
Composition correction applied in 6 block(s)
	 #2 (1.3418e-02, 2.6509e-09): lin 1 (0.0e+00)
Composition correction applied in 5 block(s)
-------------------------------------------------------------------------------------------------------------
 T = 84.023, DT = 1, NI = 2, LI = 2, RES = 3.6e-03 (2.6e-08), CFL=0.663 (ELAPSED 00:00:00, REMAINING 00:00:06 )
-------------------------------------------------------------------------------------------------------------
	 #1 (6.1807e-03, 2.6315e-08): lin 1 (0.0e+00)
Composition correction applied in 7 block(s)
	 #2 (1.3334e-02, 9.7937e-08): lin 1 (0.0e+00)
Composition correction applied in 6 block(s)
-------------------------------------------------------------------------------------------------------------
 T = 85.023, DT = 1, NI = 2, LI = 2, RES = 3.7e-03 (1.7e-07), CFL=0.663 (ELAPSED 00:00:00, REMAINING 00:00:06 )
-------------------------------------------------------------------------------------------------------------
	 #1 (6.2411e-03, 1.6868e-07): lin 1 (0.0e+00)
Composition correction applied in 7 block(s)
	 #2 (1.3348e-02, 2.9266e-08): lin 1 (0.0e+00)
Composition correction applied in 6 block(s)
-------------------------------------------------------------------------------------------------------------
 T = 86.023, DT = 1, NI = 2, LI = 2, RES = 4.1e-03 (1.2e-07), CFL=0.673 (ELAPSED 00:00:00, REMAINING 00:00:06 )
-------------------------------------------------------------------------------------------------------------
	 #1 (6.5856e-03, 1.2296e-07): lin 1 (0.0e+00)
Composition correction applied in 7 block(s)
	 #2 (1.3444e-02, 5.9138e-08): lin 1 (0.0e+00)
Composition correction applied in 6 block(s)
-------------------------------------------------------------------------------------------------------------
 T = 87.023, DT = 1, NI = 2, LI = 2, RES = 4.1e-03 (8.1e-08), CFL=0.673 (ELAPSED 00:00:00, REMAINING 00:00:06 )
-------------------------------------------------------------------------------------------------------------
	 #1 (6.6069e-03, 8.1019e-08): lin 1 (0.0e+00)
Composition correction applied in 7 block(s)
	 #2 (1.3468e-02, 5.9209e-09): lin 1 (0.0e+00)
Composition correction applied in 6 block(s)
-------------------------------------------------------------------------------------------------------------
 T = 88.023, DT = 1, NI = 2, LI = 2, RES = 4.2e-03 (5.8e-08), CFL=0.674 (ELAPSED 00:00:00, REMAINING 00:00:06 )
-------------------------------------------------------------------------------------------------------------
	 #1 (6.6418e-03, 5.7766e-08): lin 1 (0.0e+00)
Composition correction applied in 8 block(s)
	 #2 (1.3494e-02, 1.1710e-07): lin 1 (0.0e+00)
Composition correction applied in 6 block(s)
-------------------------------------------------------------------------------------------------------------
 T = 89.023, DT = 1, NI = 2, LI = 2, RES = 4.2e-03 (1.8e-07), CFL=0.675 (ELAPSED 00:00:00, REMAINING 00:00:06 )
-------------------------------------------------------------------------------------------------------------
	 #1 (6.6898e-03, 1.7728e-07): lin 1 (0.0e+00)
Composition correction applied in 9 block(s)
	 #2 (1.3543e-02, 5.3271e-08): lin 1 (0.0e+00)
Composition correction applied in 6 block(s)
-------------------------------------------------------------------------------------------------------------
 T = 90.023, DT = 1, NI = 2, LI = 2, RES = 4.3e-03 (1.8e-08), CFL=0.676 (ELAPSED 00:00:00, REMAINING 00:00:06 )
-------------------------------------------------------------------------------------------------------------
	 #1 (6.7246e-03, 1.7688e-08): lin 1 (0.0e+00)
Composition correction applied in 10 block(s)
	 #2 (1.3611e-02, 1.1207e-07): lin 1 (0.0e+00)
Composition correction applied in 7 block(s)
-------------------------------------------------------------------------------------------------------------
 T = 91.023, DT = 1, NI = 2, LI = 2, RES = 4.4e-03 (1.8e-07), CFL=0.677 (ELAPSED 00:00:00, REMAINING 00:00:06 )
-------------------------------------------------------------------------------------------------------------
	 #1 (6.7600e-03, 1.8029e-07): lin 1 (0.0e+00)
Composition correction applied in 10 block(s)
-------------------------------------------------------------------------------------------------------------
 T = 92.023, DT = 1, NI = 1, LI = 1, RES = 8.1e-03 (1.9e-07), CFL=0.769 (ELAPSED 00:00:00, REMAINING 00:00:06 )
-------------------------------------------------------------------------------------------------------------
	 #1 (1.0257e-02, 1.8617e-07): lin 1 (0.0e+00)
Composition correction applied in 10 block(s)
	 #2 (1.2423e-02, 1.5073e-07): lin 1 (0.0e+00)
Composition correction applied in 7 block(s)
-------------------------------------------------------------------------------------------------------------
 T = 93.023, DT = 1, NI = 2, LI = 2, RES = 3.4e-03 (8.2e-08), CFL=0.671 (ELAPSED 00:00:00, REMAINING 00:00:06 )
-------------------------------------------------------------------------------------------------------------
	 #1 (6.1579e-03, 8.2027e-08): lin 1 (0.0e+00)
Composition correction applied in 10 block(s)
	 #2 (1.3151e-02, 9.6180e-08): lin 1 (0.0e+00)
Composition correction applied in 8 block(s)
-------------------------------------------------------------------------------------------------------------
 T = 94.023, DT = 1, NI = 2, LI = 2, RES = 3.2e-03 (8.3e-08), CFL=0.662 (ELAPSED 00:00:00, REMAINING 00:00:06 )
-------------------------------------------------------------------------------------------------------------
	 #1 (5.8943e-03, 8.3110e-08): lin 1 (0.0e+00)
Composition correction applied in 10 block(s)
	 #2 (1.2989e-02, 1.7743e-07): lin 1 (0.0e+00)
Composition correction applied in 8 block(s)
-------------------------------------------------------------------------------------------------------------
 T = 95.023, DT = 1, NI = 2, LI = 2, RES = 3.4e-03 (7.2e-09), CFL=0.663 (ELAPSED 00:00:00, REMAINING 00:00:06 )
-------------------------------------------------------------------------------------------------------------
	 #1 (5.9592e-03, 7.2218e-09): lin 1 (0.0e+00)
Composition correction applied in 10 block(s)
	 #2 (1.2980e-02, 1.7226e-07): lin 1 (0.0e+00)
Composition correction applied in 8 block(s)
-------------------------------------------------------------------------------------------------------------
 T = 96.023, DT = 1, NI = 2, LI = 2, RES = 3.5e-03 (1.3e-07), CFL=0.664 (ELAPSED 00:00:00, REMAINING 00:00:06 )
-------------------------------------------------------------------------------------------------------------
	 #1 (6.0259e-03, 1.3414e-07): lin 1 (0.0e+00)
Composition correction applied in 11 block(s)
	 #2 (1.3040e-02, 1.7531e-07): lin 1 (0.0e+00)
Composition correction applied in 9 block(s)
-------------------------------------------------------------------------------------------------------------
 T = 97.023, DT = 1, NI = 2, LI = 2, RES = 3.6e-03 (1.2e-07), CFL=0.665 (ELAPSED 00:00:00, REMAINING 00:00:06 )
-------------------------------------------------------------------------------------------------------------
	 #1 (6.1004e-03, 1.1634e-07): lin 1 (0.0e+00)
Composition correction applied in 11 block(s)
	 #2 (1.3128e-02, 4.3593e-09): lin 1 (0.0e+00)
Composition correction applied in 9 block(s)
-------------------------------------------------------------------------------------------------------------
 T = 98.023, DT = 1, NI = 2, LI = 2, RES = 3.7e-03 (7.0e-08), CFL=0.667 (ELAPSED 00:00:00, REMAINING 00:00:06 )
-------------------------------------------------------------------------------------------------------------
	 #1 (6.1865e-03, 6.9866e-08): lin 1 (0.0e+00)
Composition correction applied in 11 block(s)
	 #2 (1.3238e-02, 1.7512e-07): lin 1 (0.0e+00)
Composition correction applied in 9 block(s)
-------------------------------------------------------------------------------------------------------------
 T = 99.023, DT = 1, NI = 2, LI = 2, RES = 3.9e-03 (1.3e-07), CFL=0.668 (ELAPSED 00:00:00, REMAINING 00:00:06 )
-------------------------------------------------------------------------------------------------------------
	 #1 (6.2880e-03, 1.3129e-07): lin 1 (0.0e+00)
Composition correction applied in 11 block(s)
	 #2 (1.3389e-02, 8.6579e-08): lin 1 (0.0e+00)
Composition correction applied in 9 block(s)
-------------------------------------------------------------------------------------------------------------
 T = 100.023, DT = 1, NI = 2, LI = 2, RES = 4.3e-03 (1.7e-07), CFL=0.679 (ELAPSED 00:00:00, REMAINING 00:00:06 )
-------------------------------------------------------------------------------------------------------------
	 #1 (6.6771e-03, 1.7065e-07): lin 1 (0.0e+00)
Composition correction applied in 11 block(s)
-------------------------------------------------------------------------------------------------------------
 T = 101.023, DT = 1, NI = 1, LI = 1, RES = 8.0e-03 (5.9e-08), CFL=0.770 (ELAPSED 00:00:00, REMAINING 00:00:06 )
-------------------------------------------------------------------------------------------------------------
	 #1 (1.0111e-02, 5.8215e-08): lin 1 (0.0e+00)
Composition correction applied in 10 block(s)
	 #2 (1.2095e-02, 9.8676e-08): lin 1 (0.0e+00)
Composition correction applied in 9 block(s)
-------------------------------------------------------------------------------------------------------------
 T = 102.023, DT = 1, NI = 2, LI = 2, RES = 3.4e-03 (7.3e-08), CFL=0.673 (ELAPSED 00:00:00, REMAINING 00:00:06 )
-------------------------------------------------------------------------------------------------------------
	 #1 (6.1002e-03, 7.2731e-08): lin 1 (0.0e+00)
Composition correction applied in 12 block(s)
	 #2 (1.3129e-02, 6.9457e-08): lin 1 (0.0e+00)
Composition correction applied in 10 block(s)
-------------------------------------------------------------------------------------------------------------
 T = 103.023, DT = 1, NI = 2, LI = 2, RES = 3.2e-03 (7.8e-08), CFL=0.665 (ELAPSED 00:00:00, REMAINING 00:00:06 )
-------------------------------------------------------------------------------------------------------------
	 #1 (5.8881e-03, 7.7962e-08): lin 1 (0.0e+00)
Composition correction applied in 12 block(s)
	 #2 (1.3009e-02, 1.5427e-07): lin 1 (0.0e+00)
Composition correction applied in 9 block(s)
-------------------------------------------------------------------------------------------------------------
 T = 104.023, DT = 1, NI = 2, LI = 2, RES = 3.4e-03 (1.7e-07), CFL=0.666 (ELAPSED 00:00:00, REMAINING 00:00:06 )
-------------------------------------------------------------------------------------------------------------
	 #1 (5.9634e-03, 1.6586e-07): lin 1 (0.0e+00)
Composition correction applied in 12 block(s)
	 #2 (1.3041e-02, 1.7168e-07): lin 1 (0.0e+00)
Composition correction applied in 9 block(s)
-------------------------------------------------------------------------------------------------------------
 T = 105.023, DT = 1, NI = 2, LI = 2, RES = 3.6e-03 (3.8e-08), CFL=0.668 (ELAPSED 00:00:00, REMAINING 00:00:06 )
-------------------------------------------------------------------------------------------------------------
	 #1 (6.0575e-03, 3.7668e-08): lin 1 (0.0e+00)
Composition correction applied in 12 block(s)
	 #2 (1.3149e-02, 8.7729e-08): lin 1 (0.0e+00)
Composition correction applied in 10 block(s)
-------------------------------------------------------------------------------------------------------------
 T = 106.023, DT = 1, NI = 2, LI = 2, RES = 3.7e-03 (6.2e-08), CFL=0.669 (ELAPSED 00:00:00, REMAINING 00:00:05 )
-------------------------------------------------------------------------------------------------------------
	 #1 (6.1700e-03, 6.2218e-08): lin 1 (0.0e+00)
Composition correction applied in 12 block(s)
	 #2 (1.3294e-02, 1.3854e-07): lin 1 (0.0e+00)
Composition correction applied in 10 block(s)
-------------------------------------------------------------------------------------------------------------
 T = 107.023, DT = 1, NI = 2, LI = 2, RES = 4.2e-03 (1.5e-07), CFL=0.680 (ELAPSED 00:00:00, REMAINING 00:00:05 )
-------------------------------------------------------------------------------------------------------------
	 #1 (6.5850e-03, 1.4815e-07): lin 1 (0.0e+00)
Composition correction applied in 12 block(s)
	 #2 (1.3514e-02, 1.5024e-07): lin 1 (0.0e+00)
Composition correction applied in 10 block(s)
-------------------------------------------------------------------------------------------------------------
 T = 108.023, DT = 1, NI = 2, LI = 2, RES = 4.3e-03 (1.4e-07), CFL=0.682 (ELAPSED 00:00:00, REMAINING 00:00:05 )
-------------------------------------------------------------------------------------------------------------
	 #1 (6.6731e-03, 1.4225e-07): lin 1 (0.0e+00)
Composition correction applied in 13 block(s)
-------------------------------------------------------------------------------------------------------------
 T = 109.023, DT = 1, NI = 1, LI = 1, RES = 8.1e-03 (1.8e-08), CFL=0.774 (ELAPSED 00:00:00, REMAINING 00:00:05 )
-------------------------------------------------------------------------------------------------------------
	 #1 (1.0166e-02, 1.7775e-08): lin 1 (0.0e+00)
Composition correction applied in 13 block(s)
	 #2 (1.2466e-02, 1.6048e-07): lin 1 (0.0e+00)
Composition correction applied in 10 block(s)
-------------------------------------------------------------------------------------------------------------
 T = 110.023, DT = 1, NI = 2, LI = 2, RES = 3.5e-03 (1.6e-07), CFL=0.678 (ELAPSED 00:00:00, REMAINING 00:00:05 )
-------------------------------------------------------------------------------------------------------------
	 #1 (6.1756e-03, 1.6335e-07): lin 1 (0.0e+00)
Composition correction applied in 13 block(s)
	 #2 (1.3320e-02, 1.6733e-07): lin 1 (0.0e+00)
Composition correction applied in 11 block(s)
-------------------------------------------------------------------------------------------------------------
 T = 111.023, DT = 1, NI = 2, LI = 2, RES = 3.4e-03 (8.3e-08), CFL=0.670 (ELAPSED 00:00:00, REMAINING 00:00:05 )
-------------------------------------------------------------------------------------------------------------
	 #1 (5.9851e-03, 8.2909e-08): lin 1 (0.0e+00)
Composition correction applied in 13 block(s)
	 #2 (1.3230e-02, 8.7477e-08): lin 1 (0.0e+00)
Composition correction applied in 11 block(s)
-------------------------------------------------------------------------------------------------------------
 T = 112.023, DT = 1, NI = 2, LI = 2, RES = 3.7e-03 (2.6e-08), CFL=0.672 (ELAPSED 00:00:00, REMAINING 00:00:05 )
-------------------------------------------------------------------------------------------------------------
	 #1 (6.1349e-03, 2.6403e-08): lin 1 (0.0e+00)
Composition correction applied in 13 block(s)
	 #2 (1.3368e-02, 1.6343e-07): lin 1 (0.0e+00)
Composition correction applied in 11 block(s)
-------------------------------------------------------------------------------------------------------------
 T = 113.023, DT = 1, NI = 2, LI = 2, RES = 4.2e-03 (1.2e-07), CFL=0.683 (ELAPSED 00:00:00, REMAINING 00:00:05 )
-------------------------------------------------------------------------------------------------------------
	 #1 (6.5870e-03, 1.2425e-07): lin 1 (0.0e+00)
Composition correction applied in 14 block(s)
	 #2 (1.3611e-02, 1.3016e-08): lin 1 (0.0e+00)
Composition correction applied in 12 block(s)
-------------------------------------------------------------------------------------------------------------
 T = 114.023, DT = 1, NI = 2, LI = 2, RES = 4.4e-03 (3.2e-08), CFL=0.685 (ELAPSED 00:00:00, REMAINING 00:00:05 )
-------------------------------------------------------------------------------------------------------------
	 #1 (6.6962e-03, 3.1586e-08): lin 1 (0.0e+00)
Composition correction applied in 14 block(s)
-------------------------------------------------------------------------------------------------------------
 T = 115.023, DT = 1, NI = 1, LI = 1, RES = 8.2e-03 (4.5e-08), CFL=0.779 (ELAPSED 00:00:00, REMAINING 00:00:05 )
-------------------------------------------------------------------------------------------------------------
	 #1 (1.0285e-02, 4.5752e-08): lin 1 (0.0e+00)
Composition correction applied in 13 block(s)
	 #2 (1.3033e-02, 1.1495e-07): lin 1 (0.0e+00)
Composition correction applied in 12 block(s)
-------------------------------------------------------------------------------------------------------------
 T = 116.023, DT = 1, NI = 2, LI = 2, RES = 3.7e-03 (4.1e-08), CFL=0.682 (ELAPSED 00:00:00, REMAINING 00:00:05 )
-------------------------------------------------------------------------------------------------------------
	 #1 (6.2885e-03, 4.0871e-08): lin 1 (0.0e+00)
Composition correction applied in 14 block(s)
	 #2 (1.3524e-02, 2.3967e-08): lin 1 (0.0e+00)
Composition correction applied in 12 block(s)
-------------------------------------------------------------------------------------------------------------
 T = 117.023, DT = 1, NI = 2, LI = 2, RES = 4.0e-03 (7.2e-08), CFL=0.683 (ELAPSED 00:00:00, REMAINING 00:00:05 )
-------------------------------------------------------------------------------------------------------------
	 #1 (6.4628e-03, 7.2072e-08): lin 1 (0.0e+00)
Composition correction applied in 14 block(s)
	 #2 (1.3554e-02, 1.2773e-07): lin 1 (0.0e+00)
Composition correction applied in 10 block(s)
-------------------------------------------------------------------------------------------------------------
 T = 118.023, DT = 1, NI = 2, LI = 2, RES = 4.2e-03 (1.4e-07), CFL=0.685 (ELAPSED 00:00:00, REMAINING 00:00:05 )
-------------------------------------------------------------------------------------------------------------
	 #1 (6.5843e-03, 1.3628e-07): lin 1 (0.0e+00)
Composition correction applied in 15 block(s)
	 #2 (1.3697e-02, 1.5678e-07): lin 1 (0.0e+00)
Composition correction applied in 12 block(s)
-------------------------------------------------------------------------------------------------------------
 T = 119.023, DT = 1, NI = 2, LI = 2, RES = 4.4e-03 (5.0e-08), CFL=0.687 (ELAPSED 00:00:00, REMAINING 00:00:05 )
-------------------------------------------------------------------------------------------------------------
	 #1 (6.7137e-03, 4.9791e-08): lin 1 (0.0e+00)
Composition correction applied in 15 block(s)
-------------------------------------------------------------------------------------------------------------
 T = 120.023, DT = 1, NI = 1, LI = 1, RES = 8.3e-03 (1.7e-07), CFL=0.783 (ELAPSED 00:00:00, REMAINING 00:00:05 )
-------------------------------------------------------------------------------------------------------------
	 #1 (1.0381e-02, 1.7359e-07): lin 1 (0.0e+00)
Composition correction applied in 15 block(s)
	 #2 (1.3482e-02, 1.0959e-07): lin 1 (0.0e+00)
Composition correction applied in 11 block(s)
-------------------------------------------------------------------------------------------------------------
 T = 121.023, DT = 1, NI = 2, LI = 2, RES = 3.8e-03 (6.0e-08), CFL=0.685 (ELAPSED 00:00:00, REMAINING 00:00:05 )
-------------------------------------------------------------------------------------------------------------
	 #1 (6.3784e-03, 5.9923e-08): lin 1 (0.0e+00)
Composition correction applied in 15 block(s)
	 #2 (1.3732e-02, 3.2779e-08): lin 1 (0.0e+00)
Composition correction applied in 12 block(s)
-------------------------------------------------------------------------------------------------------------
 T = 122.023, DT = 1, NI = 2, LI = 2, RES = 4.2e-03 (1.8e-07), CFL=0.687 (ELAPSED 00:00:00, REMAINING 00:00:05 )
-------------------------------------------------------------------------------------------------------------
	 #1 (6.5587e-03, 1.8288e-07): lin 1 (0.0e+00)
Composition correction applied in 15 block(s)
	 #2 (1.3806e-02, 4.0201e-08): lin 1 (0.0e+00)
Composition correction applied in 13 block(s)
-------------------------------------------------------------------------------------------------------------
 T = 123.023, DT = 1, NI = 2, LI = 2, RES = 4.4e-03 (1.4e-07), CFL=0.689 (ELAPSED 00:00:00, REMAINING 00:00:05 )
-------------------------------------------------------------------------------------------------------------
	 #1 (6.7204e-03, 1.4064e-07): lin 1 (0.0e+00)
Composition correction applied in 16 block(s)
-------------------------------------------------------------------------------------------------------------
 T = 124.023, DT = 1, NI = 1, LI = 1, RES = 8.4e-03 (3.8e-08), CFL=0.786 (ELAPSED 00:00:00, REMAINING 00:00:05 )
-------------------------------------------------------------------------------------------------------------
	 #1 (1.0459e-02, 3.8003e-08): lin 1 (0.0e+00)
Composition correction applied in 16 block(s)
	 #2 (1.3789e-02, 1.2483e-07): lin 1 (0.0e+00)
Composition correction applied in 12 block(s)
-------------------------------------------------------------------------------------------------------------
 T = 125.023, DT = 1, NI = 2, LI = 2, RES = 3.9e-03 (2.9e-08), CFL=0.687 (ELAPSED 00:00:00, REMAINING 00:00:05 )
-------------------------------------------------------------------------------------------------------------
	 #1 (6.4438e-03, 2.9061e-08): lin 1 (0.0e+00)
Composition correction applied in 16 block(s)
	 #2 (1.3900e-02, 1.4525e-08): lin 1 (0.0e+00)
Composition correction applied in 14 block(s)
-------------------------------------------------------------------------------------------------------------
 T = 126.023, DT = 1, NI = 2, LI = 2, RES = 4.3e-03 (1.4e-07), CFL=0.689 (ELAPSED 00:00:00, REMAINING 00:00:05 )
-------------------------------------------------------------------------------------------------------------
	 #1 (6.6506e-03, 1.3681e-07): lin 1 (0.0e+00)
Composition correction applied in 16 block(s)
	 #2 (1.4006e-02, 1.1355e-07): lin 1 (0.0e+00)
Composition correction applied in 14 block(s)
-------------------------------------------------------------------------------------------------------------
 T = 127.023, DT = 1, NI = 2, LI = 2, RES = 4.6e-03 (1.2e-07), CFL=0.692 (ELAPSED 00:00:00, REMAINING 00:00:05 )
-------------------------------------------------------------------------------------------------------------
	 #1 (6.8147e-03, 1.2083e-07): lin 1 (0.0e+00)
Composition correction applied in 16 block(s)
-------------------------------------------------------------------------------------------------------------
 T = 128.023, DT = 1, NI = 1, LI = 1, RES = 9.4e-03 (1.4e-07), CFL=0.799 (ELAPSED 00:00:00, REMAINING 00:00:05 )
-------------------------------------------------------------------------------------------------------------
	 #1 (1.1357e-02, 1.3487e-07): lin 1 (0.0e+00)
Composition correction applied in 17 block(s)
	 #2 (1.6553e-02, 2.3498e-08): lin 1 (0.0e+00)
Composition correction applied in 14 block(s)
-------------------------------------------------------------------------------------------------------------
 T = 129.023, DT = 1, NI = 2, LI = 2, RES = 4.4e-03 (1.0e-07), CFL=0.694 (ELAPSED 00:00:00, REMAINING 00:00:05 )
-------------------------------------------------------------------------------------------------------------
	 #1 (6.7547e-03, 1.0430e-07): lin 1 (0.0e+00)
Composition correction applied in 16 block(s)
	 #2 (1.5358e-02, 1.5139e-08): lin 1 (0.0e+00)
Composition correction applied in 15 block(s)
-------------------------------------------------------------------------------------------------------------
 T = 130.023, DT = 1, NI = 2, LI = 2, RES = 4.7e-03 (1.1e-07), CFL=0.696 (ELAPSED 00:00:00, REMAINING 00:00:05 )
-------------------------------------------------------------------------------------------------------------
	 #1 (6.9250e-03, 1.0879e-07): lin 1 (0.0e+00)
Composition correction applied in 12 block(s)
-------------------------------------------------------------------------------------------------------------
 T = 131.023, DT = 1, NI = 1, LI = 1, RES = 9.8e-03 (7.9e-08), CFL=0.806 (ELAPSED 00:00:00, REMAINING 00:00:05 )
-------------------------------------------------------------------------------------------------------------
	 #1 (1.1706e-02, 7.9505e-08): lin 1 (0.0e+00)
Composition correction applied in 17 block(s)
	 #2 (1.6829e-02, 7.4350e-08): lin 1 (0.0e+00)
Composition correction applied in 15 block(s)
-------------------------------------------------------------------------------------------------------------
 T = 132.023, DT = 1, NI = 2, LI = 2, RES = 4.6e-03 (5.9e-08), CFL=0.698 (ELAPSED 00:00:00, REMAINING 00:00:05 )
-------------------------------------------------------------------------------------------------------------
	 #1 (6.9144e-03, 5.9242e-08): lin 1 (0.0e+00)
Composition correction applied in 18 block(s)
-------------------------------------------------------------------------------------------------------------
 T = 133.023, DT = 1, NI = 1, LI = 1, RES = 9.6e-03 (7.2e-08), CFL=0.807 (ELAPSED 00:00:00, REMAINING 00:00:05 )
-------------------------------------------------------------------------------------------------------------
	 #1 (1.1576e-02, 7.1386e-08): lin 1 (0.0e+00)
Composition correction applied in 18 block(s)
	 #2 (1.4941e-02, 2.2434e-08): lin 1 (0.0e+00)
Composition correction applied in 14 block(s)
-------------------------------------------------------------------------------------------------------------
 T = 134.023, DT = 1, NI = 2, LI = 2, RES = 4.3e-03 (1.6e-07), CFL=0.695 (ELAPSED 00:00:00, REMAINING 00:00:05 )
-------------------------------------------------------------------------------------------------------------
	 #1 (6.7349e-03, 1.5569e-07): lin 1 (0.0e+00)
Composition correction applied in 18 block(s)
	 #2 (1.5534e-02, 1.3987e-07): lin 1 (0.0e+00)
Composition correction applied in 15 block(s)
-------------------------------------------------------------------------------------------------------------
 T = 135.023, DT = 1, NI = 2, LI = 2, RES = 4.8e-03 (1.5e-07), CFL=0.699 (ELAPSED 00:00:00, REMAINING 00:00:05 )
-------------------------------------------------------------------------------------------------------------
	 #1 (6.9865e-03, 1.5062e-07): lin 1 (0.0e+00)
Composition correction applied in 18 block(s)
	 #2 (1.0047e-02, 8.3685e-08): lin 1 (0.0e+00)
Composition correction applied in 18 block(s)
-------------------------------------------------------------------------------------------------------------
 T = 136.023, DT = 1, NI = 2, LI = 2, RES = 5.3e-04 (1.1e-07), CFL=0.641 (ELAPSED 00:00:00, REMAINING 00:00:05 )
-------------------------------------------------------------------------------------------------------------
	 #1 (5.2129e-03, 1.1051e-07): lin 1 (0.0e+00)
Composition correction applied in 12 block(s)
-------------------------------------------------------------------------------------------------------------
 T = 137.023, DT = 1, NI = 1, LI = 1, RES = 9.3e-03 (1.7e-07), CFL=0.806 (ELAPSED 00:00:00, REMAINING 00:00:05 )
-------------------------------------------------------------------------------------------------------------
	 #1 (1.1388e-02, 1.6902e-07): lin 1 (0.0e+00)
Composition correction applied in 19 block(s)
	 #2 (1.7018e-02, 1.5639e-08): lin 1 (0.0e+00)
Composition correction applied in 17 block(s)
-------------------------------------------------------------------------------------------------------------
 T = 138.023, DT = 1, NI = 2, LI = 2, RES = 4.8e-03 (1.7e-07), CFL=0.703 (ELAPSED 00:00:00, REMAINING 00:00:05 )
-------------------------------------------------------------------------------------------------------------
	 #1 (7.0787e-03, 1.6771e-07): lin 1 (0.0e+00)
Composition correction applied in 14 block(s)
	 #2 (1.0205e-02, 7.2600e-08): lin 1 (0.0e+00)
Composition correction applied in 19 block(s)
-------------------------------------------------------------------------------------------------------------
 T = 139.023, DT = 1, NI = 2, LI = 2, RES = 5.5e-04 (4.9e-08), CFL=0.643 (ELAPSED 00:00:00, REMAINING 00:00:05 )
-------------------------------------------------------------------------------------------------------------
	 #1 (5.2559e-03, 4.9399e-08): lin 1 (0.0e+00)
Composition correction applied in 13 block(s)
-------------------------------------------------------------------------------------------------------------
 T = 140.023, DT = 1, NI = 1, LI = 1, RES = 9.4e-03 (3.4e-08), CFL=0.809 (ELAPSED 00:00:00, REMAINING 00:00:05 )
-------------------------------------------------------------------------------------------------------------
	 #1 (1.1509e-02, 3.3729e-08): lin 1 (0.0e+00)
Composition correction applied in 19 block(s)
	 #2 (1.7197e-02, 6.3704e-08): lin 1 (0.0e+00)
Composition correction applied in 17 block(s)
-------------------------------------------------------------------------------------------------------------
 T = 141.023, DT = 1, NI = 2, LI = 2, RES = 4.9e-03 (1.4e-07), CFL=0.706 (ELAPSED 00:00:00, REMAINING 00:00:05 )
-------------------------------------------------------------------------------------------------------------
	 #1 (7.1452e-03, 1.4212e-07): lin 1 (0.0e+00)
Composition correction applied in 15 block(s)
	 #2 (1.0413e-02, 1.0942e-07): lin 1 (0.0e+00)
Composition correction applied in 20 block(s)
-------------------------------------------------------------------------------------------------------------
 T = 142.023, DT = 1, NI = 2, LI = 2, RES = 5.7e-04 (6.7e-08), CFL=0.644 (ELAPSED 00:00:00, REMAINING 00:00:05 )
-------------------------------------------------------------------------------------------------------------
	 #1 (5.2780e-03, 6.6629e-08): lin 1 (0.0e+00)
Composition correction applied in 14 block(s)
-------------------------------------------------------------------------------------------------------------
 T = 143.023, DT = 1, NI = 1, LI = 1, RES = 9.6e-03 (1.8e-07), CFL=0.814 (ELAPSED 00:00:00, REMAINING 00:00:05 )
-------------------------------------------------------------------------------------------------------------
	 #1 (1.1694e-02, 1.7941e-07): lin 1 (0.0e+00)
Composition correction applied in 19 block(s)
	 #2 (1.7430e-02, 5.6872e-08): lin 1 (0.0e+00)
Composition correction applied in 18 block(s)
-------------------------------------------------------------------------------------------------------------
 T = 144.023, DT = 1, NI = 2, LI = 2, RES = 5.1e-03 (1.5e-07), CFL=0.709 (ELAPSED 00:00:00, REMAINING 00:00:05 )
-------------------------------------------------------------------------------------------------------------
	 #1 (7.2767e-03, 1.5341e-07): lin 1 (0.0e+00)
Composition correction applied in 14 block(s)
	 #2 (1.0779e-02, 1.7860e-07): lin 1 (0.0e+00)
Composition correction applied in 16 block(s)
-------------------------------------------------------------------------------------------------------------
 T = 145.023, DT = 1, NI = 2, LI = 2, RES = 9.5e-04 (1.4e-07), CFL=0.654 (ELAPSED 00:00:00, REMAINING 00:00:05 )
-------------------------------------------------------------------------------------------------------------
	 #1 (5.3153e-03, 1.3647e-07): lin 1 (0.0e+00)
Composition correction applied in 14 block(s)
	 #2 (1.0097e-02, 5.2109e-09): lin 1 (0.0e+00)
Composition correction applied in 20 block(s)
-------------------------------------------------------------------------------------------------------------
 T = 146.023, DT = 1, NI = 2, LI = 2, RES = 5.0e-04 (2.5e-08), CFL=0.646 (ELAPSED 00:00:00, REMAINING 00:00:05 )
-------------------------------------------------------------------------------------------------------------
	 #1 (5.2060e-03, 2.5269e-08): lin 1 (0.0e+00)
Composition correction applied in 15 block(s)
	 #2 (1.0098e-02, 1.6312e-08): lin 1 (0.0e+00)
Composition correction applied in 21 block(s)
-------------------------------------------------------------------------------------------------------------
 T = 147.023, DT = 1, NI = 2, LI = 2, RES = 5.0e-04 (1.2e-07), CFL=0.647 (ELAPSED 00:00:00, REMAINING 00:00:05 )
-------------------------------------------------------------------------------------------------------------
	 #1 (5.1964e-03, 1.1576e-07): lin 1 (0.0e+00)
Composition correction applied in 16 block(s)
	 #2 (1.0146e-02, 3.7762e-08): lin 1 (0.0e+00)
Composition correction applied in 21 block(s)
-------------------------------------------------------------------------------------------------------------
 T = 148.023, DT = 1, NI = 2, LI = 2, RES = 5.1e-04 (5.0e-08), CFL=0.647 (ELAPSED 00:00:00, REMAINING 00:00:05 )
-------------------------------------------------------------------------------------------------------------
	 #1 (5.1964e-03, 5.0393e-08): lin 1 (0.0e+00)
Composition correction applied in 17 block(s)
	 #2 (1.0191e-02, 1.2977e-07): lin 1 (0.0e+00)
Composition correction applied in 21 block(s)
-------------------------------------------------------------------------------------------------------------
 T = 149.023, DT = 1, NI = 2, LI = 2, RES = 5.2e-04 (1.5e-07), CFL=0.647 (ELAPSED 00:00:00, REMAINING 00:00:05 )
-------------------------------------------------------------------------------------------------------------
	 #1 (5.1993e-03, 1.5244e-07): lin 1 (0.0e+00)
Composition correction applied in 18 block(s)
	 #2 (1.0237e-02, 8.7795e-08): lin 1 (0.0e+00)
Composition correction applied in 20 block(s)
-------------------------------------------------------------------------------------------------------------
 T = 150.023, DT = 1, NI = 2, LI = 2, RES = 5.3e-04 (9.4e-08), CFL=0.648 (ELAPSED 00:00:00, REMAINING 00:00:05 )
-------------------------------------------------------------------------------------------------------------
	 #1 (5.2034e-03, 9.4267e-08): lin 1 (0.0e+00)
Composition correction applied in 19 block(s)
	 #2 (1.0287e-02, 4.7941e-08): lin 1 (0.0e+00)
Composition correction applied in 18 block(s)
-------------------------------------------------------------------------------------------------------------
 T = 151.023, DT = 1, NI = 2, LI = 2, RES = 5.4e-04 (1.4e-07), CFL=0.648 (ELAPSED 00:00:00, REMAINING 00:00:05 )
-------------------------------------------------------------------------------------------------------------
	 #1 (5.2083e-03, 1.3635e-07): lin 1 (0.0e+00)
Composition correction applied in 20 block(s)
	 #2 (1.0330e-02, 1.2278e-07): lin 1 (0.0e+00)
Composition correction applied in 16 block(s)
-------------------------------------------------------------------------------------------------------------
 T = 152.023, DT = 1, NI = 2, LI = 2, RES = 4.4e-04 (5.5e-08), CFL=0.652 (ELAPSED 00:00:01, REMAINING 00:00:05 )
-------------------------------------------------------------------------------------------------------------
	 #1 (5.1150e-03, 5.4635e-08): lin 1 (0.0e+00)
Composition correction applied in 20 block(s)
	 #2 (1.0522e-02, 1.8435e-07): lin 1 (0.0e+00)
Composition correction applied in 15 block(s)
-------------------------------------------------------------------------------------------------------------
 T = 153.023, DT = 1, NI = 2, LI = 2, RES = 4.7e-04 (5.8e-08), CFL=0.651 (ELAPSED 00:00:01, REMAINING 00:00:05 )
-------------------------------------------------------------------------------------------------------------
	 #1 (5.1372e-03, 5.7698e-08): lin 1 (0.0e+00)
Composition correction applied in 20 block(s)
	 #2 (1.0569e-02, 7.8922e-08): lin 1 (0.0e+00)
Composition correction applied in 15 block(s)
-------------------------------------------------------------------------------------------------------------
 T = 154.023, DT = 1, NI = 2, LI = 2, RES = 4.6e-04 (6.0e-08), CFL=0.651 (ELAPSED 00:00:01, REMAINING 00:00:05 )
-------------------------------------------------------------------------------------------------------------
	 #1 (5.1366e-03, 6.0075e-08): lin 1 (0.0e+00)
Composition correction applied in 20 block(s)
	 #2 (1.0647e-02, 2.8289e-08): lin 1 (0.0e+00)
Composition correction applied in 15 block(s)
-------------------------------------------------------------------------------------------------------------
 T = 155.023, DT = 1, NI = 2, LI = 2, RES = 4.7e-04 (1.0e-07), CFL=0.651 (ELAPSED 00:00:01, REMAINING 00:00:05 )
-------------------------------------------------------------------------------------------------------------
	 #1 (5.1379e-03, 1.0064e-07): lin 1 (0.0e+00)
Composition correction applied in 21 block(s)
	 #2 (1.0737e-02, 1.8073e-07): lin 1 (0.0e+00)
Composition correction applied in 16 block(s)
-------------------------------------------------------------------------------------------------------------
 T = 156.023, DT = 1, NI = 2, LI = 2, RES = 4.7e-04 (1.3e-07), CFL=0.651 (ELAPSED 00:00:01, REMAINING 00:00:05 )
-------------------------------------------------------------------------------------------------------------
	 #1 (5.1407e-03, 1.3310e-07): lin 1 (0.0e+00)
Composition correction applied in 21 block(s)
	 #2 (1.0835e-02, 1.2161e-08): lin 1 (0.0e+00)
Composition correction applied in 17 block(s)
-------------------------------------------------------------------------------------------------------------
 T = 157.023, DT = 1, NI = 2, LI = 2, RES = 4.7e-04 (4.3e-08), CFL=0.652 (ELAPSED 00:00:01, REMAINING 00:00:05 )
-------------------------------------------------------------------------------------------------------------
	 #1 (5.1447e-03, 4.2589e-08): lin 1 (0.0e+00)
Composition correction applied in 20 block(s)
	 #2 (1.0962e-02, 1.7916e-07): lin 1 (0.0e+00)
Composition correction applied in 21 block(s)
-------------------------------------------------------------------------------------------------------------
 T = 158.023, DT = 1, NI = 2, LI = 2, RES = 4.7e-04 (1.2e-07), CFL=0.652 (ELAPSED 00:00:01, REMAINING 00:00:05 )
-------------------------------------------------------------------------------------------------------------
	 #1 (5.1443e-03, 1.2244e-07): lin 1 (0.0e+00)
Composition correction applied in 21 block(s)
	 #2 (1.1048e-02, 7.0564e-08): lin 1 (0.0e+00)
Composition correction applied in 16 block(s)
-------------------------------------------------------------------------------------------------------------
 T = 159.023, DT = 1, NI = 2, LI = 2, RES = 4.8e-04 (5.4e-08), CFL=0.652 (ELAPSED 00:00:01, REMAINING 00:00:05 )
-------------------------------------------------------------------------------------------------------------
	 #1 (5.1504e-03, 5.4057e-08): lin 1 (0.0e+00)
Composition correction applied in 21 block(s)
	 #2 (1.1164e-02, 9.1079e-08): lin 1 (0.0e+00)
Composition correction applied in 17 block(s)
-------------------------------------------------------------------------------------------------------------
 T = 160.023, DT = 1, NI = 2, LI = 2, RES = 4.8e-04 (1.6e-07), CFL=0.653 (ELAPSED 00:00:01, REMAINING 00:00:05 )
-------------------------------------------------------------------------------------------------------------
	 #1 (5.1591e-03, 1.5750e-07): lin 1 (0.0e+00)
Composition correction applied in 21 block(s)
	 #2 (1.1285e-02, 4.0946e-08): lin 1 (0.0e+00)
Composition correction applied in 18 block(s)
-------------------------------------------------------------------------------------------------------------
 T = 161.023, DT = 1, NI = 2, LI = 2, RES = 4.8e-04 (1.4e-07), CFL=0.653 (ELAPSED 00:00:01, REMAINING 00:00:05 )
-------------------------------------------------------------------------------------------------------------
	 #1 (5.1681e-03, 1.3574e-07): lin 1 (0.0e+00)
Composition correction applied in 22 block(s)
	 #2 (1.1411e-02, 1.0538e-07): lin 1 (0.0e+00)
Composition correction applied in 19 block(s)
-------------------------------------------------------------------------------------------------------------
 T = 162.023, DT = 1, NI = 2, LI = 2, RES = 4.8e-04 (1.1e-07), CFL=0.654 (ELAPSED 00:00:01, REMAINING 00:00:05 )
-------------------------------------------------------------------------------------------------------------
	 #1 (5.1772e-03, 1.1351e-07): lin 1 (0.0e+00)
Composition correction applied in 22 block(s)
	 #2 (1.1541e-02, 1.6720e-07): lin 1 (0.0e+00)
Composition correction applied in 20 block(s)
-------------------------------------------------------------------------------------------------------------
 T = 163.023, DT = 1, NI = 2, LI = 2, RES = 4.9e-04 (6.0e-08), CFL=0.654 (ELAPSED 00:00:01, REMAINING 00:00:05 )
-------------------------------------------------------------------------------------------------------------
	 #1 (5.1864e-03, 6.0425e-08): lin 1 (0.0e+00)
Composition correction applied in 23 block(s)
	 #2 (1.1676e-02, 1.0974e-07): lin 1 (0.0e+00)
Composition correction applied in 18 block(s)
-------------------------------------------------------------------------------------------------------------
 T = 164.023, DT = 1, NI = 2, LI = 2, RES = 4.9e-04 (8.1e-09), CFL=0.655 (ELAPSED 00:00:01, REMAINING 00:00:05 )
-------------------------------------------------------------------------------------------------------------
	 #1 (5.1959e-03, 8.1463e-09): lin 1 (0.0e+00)
Composition correction applied in 23 block(s)
	 #2 (1.1823e-02, 3.8684e-08): lin 1 (0.0e+00)
Composition correction applied in 18 block(s)
-------------------------------------------------------------------------------------------------------------
 T = 165.023, DT = 1, NI = 2, LI = 2, RES = 7.9e-04 (1.2e-07), CFL=0.661 (ELAPSED 00:00:01, REMAINING 00:00:05 )
-------------------------------------------------------------------------------------------------------------
	 #1 (5.2036e-03, 1.1884e-07): lin 1 (0.0e+00)
Composition correction applied in 23 block(s)
	 #2 (1.1986e-02, 1.0117e-07): lin 1 (0.0e+00)
Composition correction applied in 18 block(s)
-------------------------------------------------------------------------------------------------------------
 T = 166.023, DT = 1, NI = 2, LI = 2, RES = 7.9e-04 (1.3e-07), CFL=0.661 (ELAPSED 00:00:01, REMAINING 00:00:05 )
-------------------------------------------------------------------------------------------------------------
	 #1 (5.2156e-03, 1.2512e-07): lin 1 (0.0e+00)
Composition correction applied in 23 block(s)
	 #2 (1.2117e-02, 1.1187e-07): lin 1 (0.0e+00)
Composition correction applied in 18 block(s)
-------------------------------------------------------------------------------------------------------------
 T = 167.023, DT = 1, NI = 2, LI = 2, RES = 7.7e-04 (1.7e-07), CFL=0.662 (ELAPSED 00:00:01, REMAINING 00:00:05 )
-------------------------------------------------------------------------------------------------------------
	 #1 (5.2272e-03, 1.7072e-07): lin 1 (0.0e+00)
Composition correction applied in 24 block(s)
-------------------------------------------------------------------------------------------------------------
 T = 168.023, DT = 1, NI = 1, LI = 1, RES = 9.4e-03 (1.2e-07), CFL=0.796 (ELAPSED 00:00:01, REMAINING 00:00:05 )
-------------------------------------------------------------------------------------------------------------
	 #1 (1.0713e-02, 1.1675e-07): lin 1 (0.0e+00)
Composition correction applied in 24 block(s)
	 #2 (1.1106e-02, 1.5658e-07): lin 1 (0.0e+00)
Composition correction applied in 19 block(s)
-------------------------------------------------------------------------------------------------------------
 T = 169.023, DT = 1, NI = 2, LI = 2, RES = 6.9e-04 (3.5e-08), CFL=0.665 (ELAPSED 00:00:01, REMAINING 00:00:05 )
-------------------------------------------------------------------------------------------------------------
	 #1 (5.3273e-03, 3.4864e-08): lin 1 (0.0e+00)
Composition correction applied in 24 block(s)
-------------------------------------------------------------------------------------------------------------
 T = 170.023, DT = 1, NI = 1, LI = 1, RES = 9.9e-03 (1.1e-07), CFL=0.807 (ELAPSED 00:00:01, REMAINING 00:00:05 )
-------------------------------------------------------------------------------------------------------------
	 #1 (1.1002e-02, 1.1245e-07): lin 1 (0.0e+00)
Composition correction applied in 23 block(s)
	 #2 (1.1644e-02, 1.1198e-07): lin 1 (0.0e+00)
Composition correction applied in 19 block(s)
-------------------------------------------------------------------------------------------------------------
 T = 171.023, DT = 1, NI = 2, LI = 2, RES = 6.4e-04 (1.3e-07), CFL=0.668 (ELAPSED 00:00:01, REMAINING 00:00:05 )
-------------------------------------------------------------------------------------------------------------
	 #1 (5.3659e-03, 1.3344e-07): lin 1 (0.0e+00)
Composition correction applied in 24 block(s)
-------------------------------------------------------------------------------------------------------------
 T = 172.023, DT = 1, NI = 1, LI = 1, RES = 9.9e-03 (5.7e-08), CFL=0.810 (ELAPSED 00:00:01, REMAINING 00:00:05 )
-------------------------------------------------------------------------------------------------------------
	 #1 (1.0860e-02, 5.7451e-08): lin 1 (0.0e+00)
Composition correction applied in 24 block(s)
	 #2 (1.1931e-02, 1.6926e-07): lin 1 (0.0e+00)
Composition correction applied in 20 block(s)
-------------------------------------------------------------------------------------------------------------
 T = 173.023, DT = 1, NI = 2, LI = 2, RES = 5.7e-04 (1.2e-07), CFL=0.672 (ELAPSED 00:00:01, REMAINING 00:00:05 )
-------------------------------------------------------------------------------------------------------------
	 #1 (5.4213e-03, 1.1894e-07): lin 1 (0.0e+00)
Composition correction applied in 24 block(s)
	 #2 (1.0260e-02, 1.0111e-07): lin 1 (0.0e+00)
Composition correction applied in 25 block(s)
-------------------------------------------------------------------------------------------------------------
 T = 174.023, DT = 1, NI = 2, LI = 2, RES = 3.0e-04 (6.5e-08), CFL=0.662 (ELAPSED 00:00:01, REMAINING 00:00:05 )
-------------------------------------------------------------------------------------------------------------
	 #1 (5.4617e-03, 6.5381e-08): lin 1 (0.0e+00)
Composition correction applied in 24 block(s)
	 #2 (1.0071e-02, 6.4318e-08): lin 1 (0.0e+00)
Composition correction applied in 27 block(s)
-------------------------------------------------------------------------------------------------------------
 T = 175.023, DT = 1, NI = 2, LI = 2, RES = 3.1e-04 (1.6e-07), CFL=0.660 (ELAPSED 00:00:01, REMAINING 00:00:05 )
-------------------------------------------------------------------------------------------------------------
	 #1 (5.4386e-03, 1.6296e-07): lin 1 (0.0e+00)
Composition correction applied in 25 block(s)
	 #2 (1.0026e-02, 1.0333e-07): lin 1 (0.0e+00)
Composition correction applied in 28 block(s)
-------------------------------------------------------------------------------------------------------------
 T = 176.023, DT = 1, NI = 2, LI = 2, RES = 3.2e-04 (9.7e-08), CFL=0.660 (ELAPSED 00:00:01, REMAINING 00:00:05 )
-------------------------------------------------------------------------------------------------------------
	 #1 (5.4296e-03, 9.7351e-08): lin 1 (0.0e+00)
Composition correction applied in 26 block(s)
	 #2 (1.0004e-02, 9.0481e-08): lin 1 (0.0e+00)
Composition correction applied in 25 block(s)
-------------------------------------------------------------------------------------------------------------
 T = 177.023, DT = 1, NI = 2, LI = 2, RES = 3.3e-04 (1.5e-07), CFL=0.660 (ELAPSED 00:00:01, REMAINING 00:00:05 )
-------------------------------------------------------------------------------------------------------------
	 #1 (5.4255e-03, 1.4631e-07): lin 1 (0.0e+00)
Composition correction applied in 26 block(s)
-------------------------------------------------------------------------------------------------------------
 T = 178.023, DT = 1, NI = 1, LI = 1, RES = 1.0e-02 (1.2e-07), CFL=0.820 (ELAPSED 00:00:01, REMAINING 00:00:05 )
-------------------------------------------------------------------------------------------------------------
	 #1 (1.0356e-02, 1.2500e-07): lin 1 (0.0e+00)
Composition correction applied in 26 block(s)
	 #2 (1.0062e-02, 1.8130e-07): lin 1 (0.0e+00)
Composition correction applied in 19 block(s)
-------------------------------------------------------------------------------------------------------------
 T = 179.023, DT = 1, NI = 2, LI = 2, RES = 5.4e-04 (8.2e-08), CFL=0.682 (ELAPSED 00:00:01, REMAINING 00:00:05 )
-------------------------------------------------------------------------------------------------------------
	 #1 (5.5447e-03, 8.2331e-08): lin 1 (0.0e+00)
Composition correction applied in 29 block(s)
-------------------------------------------------------------------------------------------------------------
 T = 180.023, DT = 1, NI = 1, LI = 1, RES = 4.6e-03 (1.1e-08), CFL=0.742 (ELAPSED 00:00:01, REMAINING 00:00:05 )
-------------------------------------------------------------------------------------------------------------
	 #1 (6.5121e-03, 1.0229e-08): lin 1 (0.0e+00)
Composition correction applied in 27 block(s)
-------------------------------------------------------------------------------------------------------------
 T = 181.023, DT = 1, NI = 1, LI = 1, RES = 8.7e-03 (2.0e-07), CFL=0.805 (ELAPSED 00:00:01, REMAINING 00:00:05 )
-------------------------------------------------------------------------------------------------------------
	 #1 (8.9439e-03, 1.9631e-07): lin 1 (0.0e+00)
Composition correction applied in 27 block(s)
-------------------------------------------------------------------------------------------------------------
 T = 182.023, DT = 1, NI = 1, LI = 1, RES = 9.1e-03 (6.6e-08), CFL=0.843 (ELAPSED 00:00:01, REMAINING 00:00:05 )
-------------------------------------------------------------------------------------------------------------
	 #1 (9.4392e-03, 6.6574e-08): lin 1 (0.0e+00)
Composition correction applied in 28 block(s)
-------------------------------------------------------------------------------------------------------------
 T = 183.023, DT = 1, NI = 1, LI = 1, RES = 9.4e-03 (1.2e-07), CFL=0.864 (ELAPSED 00:00:01, REMAINING 00:00:05 )
-------------------------------------------------------------------------------------------------------------
	 #1 (9.2975e-03, 1.1792e-07): lin 1 (0.0e+00)
Composition correction applied in 24 block(s)
	 #2 (1.5208e-02, 1.1561e-07): lin 1 (0.0e+00)
Composition correction applied in 23 block(s)
-------------------------------------------------------------------------------------------------------------
 T = 184.023, DT = 1, NI = 2, LI = 2, RES = 4.8e-03 (1.6e-07), CFL=0.731 (ELAPSED 00:00:01, REMAINING 00:00:05 )
-------------------------------------------------------------------------------------------------------------
	 #1 (7.3150e-03, 1.6227e-07): lin 1 (0.0e+00)
Composition correction applied in 27 block(s)
	 #2 (1.1881e-02, 1.1408e-07): lin 1 (0.0e+00)
Composition correction applied in 30 block(s)
-------------------------------------------------------------------------------------------------------------
 T = 185.023, DT = 1, NI = 2, LI = 2, RES = 1.0e-03 (6.5e-08), CFL=0.677 (ELAPSED 00:00:01, REMAINING 00:00:04 )
-------------------------------------------------------------------------------------------------------------
	 #1 (5.6939e-03, 6.4009e-08): lin 1 (0.0e+00)
Composition correction applied in 21 block(s)
	 #2 (1.1223e-02, 1.6700e-08): lin 1 (0.0e+00)
Composition correction applied in 30 block(s)
-------------------------------------------------------------------------------------------------------------
 T = 186.023, DT = 1, NI = 2, LI = 2, RES = 5.2e-04 (9.8e-08), CFL=0.671 (ELAPSED 00:00:01, REMAINING 00:00:04 )
-------------------------------------------------------------------------------------------------------------
	 #1 (5.4276e-03, 9.8182e-08): lin 1 (0.0e+00)
Composition correction applied in 21 block(s)
	 #2 (1.1551e-02, 7.8026e-08): lin 1 (0.0e+00)
Composition correction applied in 31 block(s)
-------------------------------------------------------------------------------------------------------------
 T = 187.023, DT = 1, NI = 2, LI = 2, RES = 8.8e-04 (1.0e-07), CFL=0.676 (ELAPSED 00:00:01, REMAINING 00:00:04 )
-------------------------------------------------------------------------------------------------------------
	 #1 (5.4172e-03, 1.0120e-07): lin 1 (0.0e+00)
Composition correction applied in 21 block(s)
	 #2 (1.1824e-02, 1.1556e-07): lin 1 (0.0e+00)
Composition correction applied in 31 block(s)
-------------------------------------------------------------------------------------------------------------
 T = 188.023, DT = 1, NI = 2, LI = 2, RES = 8.6e-04 (8.8e-08), CFL=0.675 (ELAPSED 00:00:01, REMAINING 00:00:04 )
-------------------------------------------------------------------------------------------------------------
	 #1 (5.4035e-03, 8.7691e-08): lin 1 (0.0e+00)
Composition correction applied in 22 block(s)
	 #2 (1.2084e-02, 3.1367e-08): lin 1 (0.0e+00)
Composition correction applied in 31 block(s)
-------------------------------------------------------------------------------------------------------------
 T = 189.023, DT = 1, NI = 2, LI = 2, RES = 8.4e-04 (7.9e-09), CFL=0.675 (ELAPSED 00:00:01, REMAINING 00:00:04 )
-------------------------------------------------------------------------------------------------------------
	 #1 (5.3990e-03, 7.9077e-09): lin 1 (0.0e+00)
Composition correction applied in 23 block(s)
	 #2 (1.2357e-02, 5.2553e-08): lin 1 (0.0e+00)
Composition correction applied in 31 block(s)
-------------------------------------------------------------------------------------------------------------
 T = 190.023, DT = 1, NI = 2, LI = 2, RES = 8.1e-04 (1.4e-07), CFL=0.675 (ELAPSED 00:00:01, REMAINING 00:00:04 )
-------------------------------------------------------------------------------------------------------------
	 #1 (5.4013e-03, 1.4028e-07): lin 1 (0.0e+00)
Composition correction applied in 25 block(s)
	 #2 (1.2646e-02, 6.0298e-08): lin 1 (0.0e+00)
Composition correction applied in 29 block(s)
-------------------------------------------------------------------------------------------------------------
 T = 191.023, DT = 1, NI = 2, LI = 2, RES = 7.6e-04 (1.7e-07), CFL=0.674 (ELAPSED 00:00:01, REMAINING 00:00:04 )
-------------------------------------------------------------------------------------------------------------
	 #1 (5.4153e-03, 1.6987e-07): lin 1 (0.0e+00)
Composition correction applied in 26 block(s)
-------------------------------------------------------------------------------------------------------------
 T = 192.023, DT = 1, NI = 1, LI = 1, RES = 9.8e-03 (1.2e-08), CFL=0.817 (ELAPSED 00:00:01, REMAINING 00:00:04 )
-------------------------------------------------------------------------------------------------------------
	 #1 (1.1028e-02, 1.2091e-08): lin 1 (0.0e+00)
Composition correction applied in 28 block(s)
	 #2 (1.1712e-02, 1.3246e-07): lin 1 (0.0e+00)
Composition correction applied in 22 block(s)
-------------------------------------------------------------------------------------------------------------
 T = 193.023, DT = 1, NI = 2, LI = 2, RES = 6.6e-04 (1.6e-07), CFL=0.679 (ELAPSED 00:00:01, REMAINING 00:00:04 )
-------------------------------------------------------------------------------------------------------------
	 #1 (5.4985e-03, 1.6411e-07): lin 1 (0.0e+00)
Composition correction applied in 29 block(s)
-------------------------------------------------------------------------------------------------------------
 T = 194.023, DT = 1, NI = 1, LI = 1, RES = 1.0e-02 (8.4e-08), CFL=0.823 (ELAPSED 00:00:01, REMAINING 00:00:04 )
-------------------------------------------------------------------------------------------------------------
	 #1 (1.0945e-02, 8.4696e-08): lin 1 (0.0e+00)
Composition correction applied in 31 block(s)
	 #2 (1.2119e-02, 9.7240e-08): lin 1 (0.0e+00)
Composition correction applied in 24 block(s)
-------------------------------------------------------------------------------------------------------------
 T = 195.023, DT = 1, NI = 2, LI = 2, RES = 5.7e-04 (1.6e-07), CFL=0.684 (ELAPSED 00:00:01, REMAINING 00:00:04 )
-------------------------------------------------------------------------------------------------------------
	 #1 (5.5637e-03, 1.6191e-07): lin 1 (0.0e+00)
Composition correction applied in 31 block(s)
	 #2 (1.0367e-02, 1.1457e-07): lin 1 (0.0e+00)
Composition correction applied in 28 block(s)
-------------------------------------------------------------------------------------------------------------
 T = 196.023, DT = 1, NI = 2, LI = 2, RES = 3.3e-04 (2.5e-08), CFL=0.673 (ELAPSED 00:00:01, REMAINING 00:00:04 )
-------------------------------------------------------------------------------------------------------------
	 #1 (5.5945e-03, 2.4921e-08): lin 1 (0.0e+00)
Composition correction applied in 30 block(s)
	 #2 (1.0185e-02, 3.8408e-08): lin 1 (0.0e+00)
Composition correction applied in 26 block(s)
-------------------------------------------------------------------------------------------------------------
 T = 197.023, DT = 1, NI = 2, LI = 2, RES = 3.5e-04 (2.6e-08), CFL=0.672 (ELAPSED 00:00:01, REMAINING 00:00:04 )
-------------------------------------------------------------------------------------------------------------
	 #1 (5.5675e-03, 2.6400e-08): lin 1 (0.0e+00)
Composition correction applied in 31 block(s)
	 #2 (1.0129e-02, 2.1017e-08): lin 1 (0.0e+00)
Composition correction applied in 24 block(s)
-------------------------------------------------------------------------------------------------------------
 T = 198.023, DT = 1, NI = 2, LI = 2, RES = 3.7e-04 (8.1e-08), CFL=0.671 (ELAPSED 00:00:01, REMAINING 00:00:04 )
-------------------------------------------------------------------------------------------------------------
	 #1 (5.5544e-03, 8.1281e-08): lin 1 (0.0e+00)
Composition correction applied in 31 block(s)
	 #2 (1.0095e-02, 3.1563e-08): lin 1 (0.0e+00)
Composition correction applied in 24 block(s)
-------------------------------------------------------------------------------------------------------------
 T = 199.023, DT = 1, NI = 2, LI = 2, RES = 5.7e-04 (3.8e-08), CFL=0.671 (ELAPSED 00:00:01, REMAINING 00:00:04 )
-------------------------------------------------------------------------------------------------------------
	 #1 (5.5456e-03, 3.8423e-08): lin 1 (0.0e+00)
Composition correction applied in 34 block(s)
-------------------------------------------------------------------------------------------------------------
 T = 200.023, DT = 1, NI = 1, LI = 1, RES = 4.8e-03 (1.2e-07), CFL=0.758 (ELAPSED 00:00:01, REMAINING 00:00:04 )
-------------------------------------------------------------------------------------------------------------
	 #1 (6.6631e-03, 1.1824e-07): lin 1 (0.0e+00)
Composition correction applied in 32 block(s)
-------------------------------------------------------------------------------------------------------------
 T = 201.023, DT = 1, NI = 1, LI = 1, RES = 8.8e-03 (6.5e-08), CFL=0.816 (ELAPSED 00:00:01, REMAINING 00:00:04 )
-------------------------------------------------------------------------------------------------------------
	 #1 (8.7262e-03, 6.5301e-08): lin 1 (0.0e+00)
Composition correction applied in 33 block(s)
-------------------------------------------------------------------------------------------------------------
 T = 202.023, DT = 1, NI = 1, LI = 1, RES = 9.2e-03 (6.0e-08), CFL=0.851 (ELAPSED 00:00:01, REMAINING 00:00:04 )
-------------------------------------------------------------------------------------------------------------
	 #1 (9.2628e-03, 6.0737e-08): lin 1 (0.0e+00)
Composition correction applied in 25 block(s)
	 #2 (1.0737e-02, 5.6340e-08): lin 1 (0.0e+00)
Composition correction applied in 25 block(s)
-------------------------------------------------------------------------------------------------------------
 T = 203.023, DT = 1, NI = 2, LI = 2, RES = 3.7e-03 (1.6e-07), CFL=0.721 (ELAPSED 00:00:01, REMAINING 00:00:04 )
-------------------------------------------------------------------------------------------------------------
	 #1 (6.3881e-03, 1.5629e-07): lin 1 (0.0e+00)
Composition correction applied in 35 block(s)
	 #2 (1.5834e-02, 1.7574e-07): lin 1 (0.0e+00)
Composition correction applied in 27 block(s)
-------------------------------------------------------------------------------------------------------------
 T = 204.023, DT = 1, NI = 2, LI = 2, RES = 4.9e-03 (1.1e-07), CFL=0.732 (ELAPSED 00:00:01, REMAINING 00:00:04 )
-------------------------------------------------------------------------------------------------------------
	 #1 (7.0712e-03, 1.0722e-07): lin 1 (0.0e+00)
Composition correction applied in 31 block(s)
	 #2 (1.1224e-02, 3.8005e-08): lin 1 (0.0e+00)
Composition correction applied in 35 block(s)
-------------------------------------------------------------------------------------------------------------
 T = 205.023, DT = 1, NI = 2, LI = 2, RES = 9.9e-04 (8.2e-08), CFL=0.681 (ELAPSED 00:00:01, REMAINING 00:00:04 )
-------------------------------------------------------------------------------------------------------------
	 #1 (5.6494e-03, 8.2728e-08): lin 1 (0.0e+00)
Composition correction applied in 25 block(s)
	 #2 (1.0971e-02, 1.5915e-07): lin 1 (0.0e+00)
Composition correction applied in 36 block(s)
-------------------------------------------------------------------------------------------------------------
 T = 206.023, DT = 1, NI = 2, LI = 2, RES = 5.0e-04 (1.3e-07), CFL=0.677 (ELAPSED 00:00:01, REMAINING 00:00:04 )
-------------------------------------------------------------------------------------------------------------
	 #1 (5.4471e-03, 1.3264e-07): lin 1 (0.0e+00)
Composition correction applied in 25 block(s)
	 #2 (1.1493e-02, 1.4739e-07): lin 1 (0.0e+00)
Composition correction applied in 36 block(s)
-------------------------------------------------------------------------------------------------------------
 T = 207.023, DT = 1, NI = 2, LI = 2, RES = 5.2e-04 (1.2e-07), CFL=0.676 (ELAPSED 00:00:01, REMAINING 00:00:04 )
-------------------------------------------------------------------------------------------------------------
	 #1 (5.4579e-03, 1.1838e-07): lin 1 (0.0e+00)
Composition correction applied in 26 block(s)
	 #2 (1.1917e-02, 9.1374e-08): lin 1 (0.0e+00)
Composition correction applied in 36 block(s)
-------------------------------------------------------------------------------------------------------------
 T = 208.023, DT = 1, NI = 2, LI = 2, RES = 8.5e-04 (4.2e-08), CFL=0.683 (ELAPSED 00:00:01, REMAINING 00:00:04 )
-------------------------------------------------------------------------------------------------------------
	 #1 (5.4639e-03, 4.2151e-08): lin 1 (0.0e+00)
Composition correction applied in 28 block(s)
	 #2 (1.2375e-02, 1.4581e-07): lin 1 (0.0e+00)
Composition correction applied in 26 block(s)
-------------------------------------------------------------------------------------------------------------
 T = 209.023, DT = 1, NI = 2, LI = 2, RES = 8.2e-04 (5.2e-08), CFL=0.683 (ELAPSED 00:00:01, REMAINING 00:00:04 )
-------------------------------------------------------------------------------------------------------------
	 #1 (5.4778e-03, 5.2443e-08): lin 1 (0.0e+00)
Composition correction applied in 29 block(s)
-------------------------------------------------------------------------------------------------------------
 T = 210.023, DT = 1, NI = 1, LI = 1, RES = 9.7e-03 (1.6e-07), CFL=0.824 (ELAPSED 00:00:01, REMAINING 00:00:04 )
-------------------------------------------------------------------------------------------------------------
	 #1 (1.0980e-02, 1.5699e-07): lin 1 (0.0e+00)
Composition correction applied in 32 block(s)
	 #2 (1.1658e-02, 1.0009e-07): lin 1 (0.0e+00)
Composition correction applied in 25 block(s)
-------------------------------------------------------------------------------------------------------------
 T = 211.023, DT = 1, NI = 2, LI = 2, RES = 6.8e-04 (9.5e-08), CFL=0.687 (ELAPSED 00:00:01, REMAINING 00:00:04 )
-------------------------------------------------------------------------------------------------------------
	 #1 (5.5760e-03, 9.4986e-08): lin 1 (0.0e+00)
Composition correction applied in 32 block(s)
	 #2 (1.0361e-02, 1.5193e-07): lin 1 (0.0e+00)
Composition correction applied in 26 block(s)
-------------------------------------------------------------------------------------------------------------
 T = 212.023, DT = 1, NI = 2, LI = 2, RES = 4.5e-04 (1.2e-07), CFL=0.681 (ELAPSED 00:00:01, REMAINING 00:00:04 )
-------------------------------------------------------------------------------------------------------------
	 #1 (5.5588e-03, 1.1889e-07): lin 1 (0.0e+00)
Composition correction applied in 34 block(s)
	 #2 (1.0002e-02, 6.2133e-08): lin 1 (0.0e+00)
Composition correction applied in 30 block(s)
-------------------------------------------------------------------------------------------------------------
 T = 213.023, DT = 1, NI = 2, LI = 2, RES = 3.9e-04 (1.4e-07), CFL=0.680 (ELAPSED 00:00:01, REMAINING 00:00:04 )
-------------------------------------------------------------------------------------------------------------
	 #1 (5.5619e-03, 1.4229e-07): lin 1 (0.0e+00)
Composition correction applied in 35 block(s)
	 #2 (1.0042e-02, 4.6565e-08): lin 1 (0.0e+00)
Composition correction applied in 32 block(s)
-------------------------------------------------------------------------------------------------------------
 T = 214.023, DT = 1, NI = 2, LI = 2, RES = 3.1e-04 (1.8e-07), CFL=0.678 (ELAPSED 00:00:01, REMAINING 00:00:04 )
-------------------------------------------------------------------------------------------------------------
	 #1 (5.6158e-03, 1.8258e-07): lin 1 (0.0e+00)
Composition correction applied in 35 block(s)
	 #2 (1.0032e-02, 1.1885e-07): lin 1 (0.0e+00)
Composition correction applied in 29 block(s)
-------------------------------------------------------------------------------------------------------------
 T = 215.023, DT = 1, NI = 2, LI = 2, RES = 3.5e-04 (4.0e-08), CFL=0.679 (ELAPSED 00:00:01, REMAINING 00:00:04 )
-------------------------------------------------------------------------------------------------------------
	 #1 (5.6164e-03, 3.9866e-08): lin 1 (0.0e+00)
Composition correction applied in 37 block(s)
	 #2 (1.0042e-02, 6.0350e-08): lin 1 (0.0e+00)
Composition correction applied in 27 block(s)
-------------------------------------------------------------------------------------------------------------
 T = 216.023, DT = 1, NI = 2, LI = 2, RES = 3.8e-04 (5.8e-08), CFL=0.679 (ELAPSED 00:00:01, REMAINING 00:00:04 )
-------------------------------------------------------------------------------------------------------------
	 #1 (5.6202e-03, 5.7828e-08): lin 1 (0.0e+00)
Composition correction applied in 39 block(s)
-------------------------------------------------------------------------------------------------------------
 T = 217.023, DT = 1, NI = 1, LI = 1, RES = 4.0e-03 (8.9e-08), CFL=0.745 (ELAPSED 00:00:01, REMAINING 00:00:04 )
-------------------------------------------------------------------------------------------------------------
	 #1 (5.9443e-03, 8.9186e-08): lin 1 (0.0e+00)
Composition correction applied in 37 block(s)
-------------------------------------------------------------------------------------------------------------
 T = 218.023, DT = 1, NI = 1, LI = 1, RES = 9.3e-03 (7.3e-08), CFL=0.835 (ELAPSED 00:00:01, REMAINING 00:00:04 )
-------------------------------------------------------------------------------------------------------------
	 #1 (9.4934e-03, 7.3819e-08): lin 1 (0.0e+00)
Composition correction applied in 37 block(s)
-------------------------------------------------------------------------------------------------------------
 T = 219.023, DT = 1, NI = 1, LI = 1, RES = 9.4e-03 (9.6e-08), CFL=0.860 (ELAPSED 00:00:01, REMAINING 00:00:04 )
-------------------------------------------------------------------------------------------------------------
	 #1 (9.4525e-03, 9.6668e-08): lin 1 (0.0e+00)
Composition correction applied in 29 block(s)
	 #2 (1.0691e-02, 9.0463e-08): lin 1 (0.0e+00)
Composition correction applied in 29 block(s)
-------------------------------------------------------------------------------------------------------------
 T = 220.023, DT = 1, NI = 2, LI = 2, RES = 3.8e-03 (4.3e-08), CFL=0.729 (ELAPSED 00:00:01, REMAINING 00:00:04 )
-------------------------------------------------------------------------------------------------------------
	 #1 (6.3998e-03, 4.3765e-08): lin 1 (0.0e+00)
Composition correction applied in 40 block(s)
	 #2 (1.6103e-02, 1.5421e-07): lin 1 (0.0e+00)
Composition correction applied in 30 block(s)
-------------------------------------------------------------------------------------------------------------
 T = 221.023, DT = 1, NI = 2, LI = 2, RES = 5.0e-03 (1.5e-08), CFL=0.741 (ELAPSED 00:00:01, REMAINING 00:00:04 )
-------------------------------------------------------------------------------------------------------------
	 #1 (7.1598e-03, 1.4638e-08): lin 1 (0.0e+00)
Composition correction applied in 34 block(s)
	 #2 (1.1684e-02, 3.8249e-08): lin 1 (0.0e+00)
Composition correction applied in 40 block(s)
-------------------------------------------------------------------------------------------------------------
 T = 222.023, DT = 1, NI = 2, LI = 2, RES = 1.0e-03 (2.3e-08), CFL=0.688 (ELAPSED 00:00:01, REMAINING 00:00:04 )
-------------------------------------------------------------------------------------------------------------
	 #1 (5.7472e-03, 2.2343e-08): lin 1 (0.0e+00)
Composition correction applied in 28 block(s)
	 #2 (1.1420e-02, 5.6754e-09): lin 1 (0.0e+00)
Composition correction applied in 29 block(s)
-------------------------------------------------------------------------------------------------------------
 T = 223.023, DT = 1, NI = 2, LI = 2, RES = 5.1e-04 (9.3e-08), CFL=0.685 (ELAPSED 00:00:01, REMAINING 00:00:04 )
-------------------------------------------------------------------------------------------------------------
	 #1 (5.5325e-03, 9.2975e-08): lin 1 (0.0e+00)
Composition correction applied in 30 block(s)
	 #2 (1.2079e-02, 3.4050e-08): lin 1 (0.0e+00)
Composition correction applied in 29 block(s)
-------------------------------------------------------------------------------------------------------------
 T = 224.023, DT = 1, NI = 2, LI = 2, RES = 8.7e-04 (1.5e-07), CFL=0.691 (ELAPSED 00:00:01, REMAINING 00:00:04 )
-------------------------------------------------------------------------------------------------------------
	 #1 (5.5565e-03, 1.4923e-07): lin 1 (0.0e+00)
Composition correction applied in 29 block(s)
	 #2 (1.2618e-02, 1.3555e-07): lin 1 (0.0e+00)
Composition correction applied in 41 block(s)
-------------------------------------------------------------------------------------------------------------
 T = 225.023, DT = 1, NI = 2, LI = 2, RES = 8.1e-04 (4.9e-08), CFL=0.691 (ELAPSED 00:00:01, REMAINING 00:00:04 )
-------------------------------------------------------------------------------------------------------------
	 #1 (5.5752e-03, 4.8530e-08): lin 1 (0.0e+00)
Composition correction applied in 31 block(s)
-------------------------------------------------------------------------------------------------------------
 T = 226.023, DT = 1, NI = 1, LI = 1, RES = 9.9e-03 (1.4e-07), CFL=0.836 (ELAPSED 00:00:01, REMAINING 00:00:04 )
-------------------------------------------------------------------------------------------------------------
	 #1 (1.1106e-02, 1.4404e-07): lin 1 (0.0e+00)
Composition correction applied in 35 block(s)
	 #2 (1.1950e-02, 1.4432e-08): lin 1 (0.0e+00)
Composition correction applied in 29 block(s)
-------------------------------------------------------------------------------------------------------------
 T = 227.023, DT = 1, NI = 2, LI = 2, RES = 6.6e-04 (1.8e-07), CFL=0.695 (ELAPSED 00:00:01, REMAINING 00:00:04 )
-------------------------------------------------------------------------------------------------------------
	 #1 (5.6775e-03, 1.7762e-07): lin 1 (0.0e+00)
Composition correction applied in 35 block(s)
	 #2 (1.0210e-02, 1.2528e-07): lin 1 (0.0e+00)
Composition correction applied in 34 block(s)
-------------------------------------------------------------------------------------------------------------
 T = 228.023, DT = 1, NI = 2, LI = 2, RES = 3.9e-04 (1.7e-07), CFL=0.689 (ELAPSED 00:00:01, REMAINING 00:00:04 )
-------------------------------------------------------------------------------------------------------------
	 #1 (5.6713e-03, 1.7275e-07): lin 1 (0.0e+00)
Composition correction applied in 36 block(s)
	 #2 (1.0179e-02, 6.6653e-08): lin 1 (0.0e+00)
Composition correction applied in 42 block(s)
-------------------------------------------------------------------------------------------------------------
 T = 229.023, DT = 1, NI = 2, LI = 2, RES = 3.3e-04 (5.6e-08), CFL=0.687 (ELAPSED 00:00:01, REMAINING 00:00:04 )
-------------------------------------------------------------------------------------------------------------
	 #1 (5.7164e-03, 5.5884e-08): lin 1 (0.0e+00)
Composition correction applied in 38 block(s)
	 #2 (1.0111e-02, 4.6379e-08): lin 1 (0.0e+00)
Composition correction applied in 42 block(s)
-------------------------------------------------------------------------------------------------------------
 T = 230.023, DT = 1, NI = 2, LI = 2, RES = 3.7e-04 (9.2e-08), CFL=0.687 (ELAPSED 00:00:01, REMAINING 00:00:04 )
-------------------------------------------------------------------------------------------------------------
	 #1 (5.7111e-03, 9.1528e-08): lin 1 (0.0e+00)
Composition correction applied in 40 block(s)
	 #2 (1.0098e-02, 1.2877e-07): lin 1 (0.0e+00)
Composition correction applied in 31 block(s)
-------------------------------------------------------------------------------------------------------------
 T = 231.023, DT = 1, NI = 2, LI = 2, RES = 6.3e-04 (7.0e-08), CFL=0.687 (ELAPSED 00:00:01, REMAINING 00:00:04 )
-------------------------------------------------------------------------------------------------------------
	 #1 (5.7060e-03, 7.0443e-08): lin 1 (0.0e+00)
Composition correction applied in 43 block(s)
-------------------------------------------------------------------------------------------------------------
 T = 232.023, DT = 1, NI = 1, LI = 1, RES = 5.3e-03 (1.7e-07), CFL=0.787 (ELAPSED 00:00:01, REMAINING 00:00:04 )
-------------------------------------------------------------------------------------------------------------
	 #1 (7.1316e-03, 1.6861e-07): lin 1 (0.0e+00)
Composition correction applied in 41 block(s)
-------------------------------------------------------------------------------------------------------------
 T = 233.023, DT = 1, NI = 1, LI = 1, RES = 9.2e-03 (9.3e-08), CFL=0.837 (ELAPSED 00:00:01, REMAINING 00:00:04 )
-------------------------------------------------------------------------------------------------------------
	 #1 (8.4503e-03, 9.2704e-08): lin 1 (0.0e+00)
Composition correction applied in 42 block(s)
-------------------------------------------------------------------------------------------------------------
 T = 234.023, DT = 1, NI = 1, LI = 1, RES = 9.5e-03 (9.3e-08), CFL=0.870 (ELAPSED 00:00:01, REMAINING 00:00:04 )
-------------------------------------------------------------------------------------------------------------
	 #1 (8.9959e-03, 9.3963e-08): lin 1 (0.0e+00)
Composition correction applied in 31 block(s)
	 #2 (1.4232e-02, 9.0060e-08): lin 1 (0.0e+00)
Composition correction applied in 31 block(s)
-------------------------------------------------------------------------------------------------------------
 T = 235.023, DT = 1, NI = 2, LI = 2, RES = 4.8e-03 (3.6e-08), CFL=0.749 (ELAPSED 00:00:01, REMAINING 00:00:04 )
-------------------------------------------------------------------------------------------------------------
	 #1 (7.1434e-03, 3.5626e-08): lin 1 (0.0e+00)
Composition correction applied in 33 block(s)
	 #2 (1.2272e-02, 1.5631e-07): lin 1 (0.0e+00)
Composition correction applied in 34 block(s)
-------------------------------------------------------------------------------------------------------------
 T = 236.023, DT = 1, NI = 2, LI = 2, RES = 1.1e-03 (2.7e-08), CFL=0.698 (ELAPSED 00:00:01, REMAINING 00:00:04 )
-------------------------------------------------------------------------------------------------------------
	 #1 (5.9244e-03, 2.6882e-08): lin 1 (0.0e+00)
Composition correction applied in 32 block(s)
	 #2 (1.1883e-02, 6.1452e-08): lin 1 (0.0e+00)
Composition correction applied in 40 block(s)
-------------------------------------------------------------------------------------------------------------
 T = 237.023, DT = 1, NI = 2, LI = 2, RES = 8.8e-04 (1.4e-07), CFL=0.701 (ELAPSED 00:00:01, REMAINING 00:00:04 )
-------------------------------------------------------------------------------------------------------------
	 #1 (5.6689e-03, 1.3769e-07): lin 1 (0.0e+00)
Composition correction applied in 31 block(s)
	 #2 (1.2657e-02, 4.5439e-08): lin 1 (0.0e+00)
Composition correction applied in 45 block(s)
-------------------------------------------------------------------------------------------------------------
 T = 238.023, DT = 1, NI = 2, LI = 2, RES = 8.7e-04 (1.5e-07), CFL=0.700 (ELAPSED 00:00:01, REMAINING 00:00:04 )
-------------------------------------------------------------------------------------------------------------
	 #1 (5.6823e-03, 1.5452e-07): lin 1 (0.0e+00)
Composition correction applied in 31 block(s)
	 #2 (1.3212e-02, 1.4732e-07): lin 1 (0.0e+00)
Composition correction applied in 45 block(s)
-------------------------------------------------------------------------------------------------------------
 T = 239.023, DT = 1, NI = 2, LI = 2, RES = 7.6e-04 (9.4e-08), CFL=0.699 (ELAPSED 00:00:01, REMAINING 00:00:04 )
-------------------------------------------------------------------------------------------------------------
	 #1 (5.7065e-03, 9.3779e-08): lin 1 (0.0e+00)
Composition correction applied in 34 block(s)
	 #2 (1.0237e-02, 8.6563e-08): lin 1 (0.0e+00)
Composition correction applied in 33 block(s)
-------------------------------------------------------------------------------------------------------------
 T = 240.023, DT = 1, NI = 2, LI = 2, RES = 4.7e-04 (2.4e-08), CFL=0.696 (ELAPSED 00:00:01, REMAINING 00:00:04 )
-------------------------------------------------------------------------------------------------------------
	 #1 (5.6898e-03, 2.3700e-08): lin 1 (0.0e+00)
Composition correction applied in 35 block(s)
	 #2 (1.0003e-02, 1.4612e-07): lin 1 (0.0e+00)
Composition correction applied in 33 block(s)
-------------------------------------------------------------------------------------------------------------
 T = 241.023, DT = 1, NI = 2, LI = 2, RES = 4.1e-04 (3.2e-08), CFL=0.694 (ELAPSED 00:00:01, REMAINING 00:00:04 )
-------------------------------------------------------------------------------------------------------------
	 #1 (5.7097e-03, 3.2273e-08): lin 1 (0.0e+00)
Composition correction applied in 37 block(s)
	 #2 (1.0105e-02, 3.0619e-08): lin 1 (0.0e+00)
Composition correction applied in 33 block(s)
-------------------------------------------------------------------------------------------------------------
 T = 242.023, DT = 1, NI = 2, LI = 2, RES = 3.2e-04 (9.7e-08), CFL=0.693 (ELAPSED 00:00:01, REMAINING 00:00:04 )
-------------------------------------------------------------------------------------------------------------
	 #1 (5.7722e-03, 9.6566e-08): lin 1 (0.0e+00)
Composition correction applied in 38 block(s)
	 #2 (1.0064e-02, 5.8078e-08): lin 1 (0.0e+00)
Composition correction applied in 32 block(s)
-------------------------------------------------------------------------------------------------------------
 T = 243.023, DT = 1, NI = 2, LI = 2, RES = 3.7e-04 (1.7e-07), CFL=0.694 (ELAPSED 00:00:01, REMAINING 00:00:04 )
-------------------------------------------------------------------------------------------------------------
	 #1 (5.7727e-03, 1.6807e-07): lin 1 (0.0e+00)
Composition correction applied in 41 block(s)
	 #2 (1.0091e-02, 1.7427e-07): lin 1 (0.0e+00)
Composition correction applied in 33 block(s)
-------------------------------------------------------------------------------------------------------------
 T = 244.023, DT = 1, NI = 2, LI = 2, RES = 7.1e-04 (7.3e-08), CFL=0.694 (ELAPSED 00:00:01, REMAINING 00:00:04 )
-------------------------------------------------------------------------------------------------------------
	 #1 (5.7727e-03, 7.2746e-08): lin 1 (0.0e+00)
Composition correction applied in 47 block(s)
-------------------------------------------------------------------------------------------------------------
 T = 245.023, DT = 1, NI = 1, LI = 1, RES = 5.8e-03 (8.3e-08), CFL=0.806 (ELAPSED 00:00:01, REMAINING 00:00:04 )
-------------------------------------------------------------------------------------------------------------
	 #1 (7.6093e-03, 8.2424e-08): lin 1 (0.0e+00)
Composition correction applied in 45 block(s)
-------------------------------------------------------------------------------------------------------------
 T = 246.023, DT = 1, NI = 1, LI = 1, RES = 9.4e-03 (1.1e-07), CFL=0.846 (ELAPSED 00:00:01, REMAINING 00:00:04 )
-------------------------------------------------------------------------------------------------------------
	 #1 (8.3439e-03, 1.1314e-07): lin 1 (0.0e+00)
Composition correction applied in 34 block(s)
-------------------------------------------------------------------------------------------------------------
 T = 247.023, DT = 1, NI = 1, LI = 1, RES = 9.5e-03 (3.1e-08), CFL=0.888 (ELAPSED 00:00:01, REMAINING 00:00:04 )
-------------------------------------------------------------------------------------------------------------
	 #1 (1.1198e-02, 3.0994e-08): lin 1 (0.0e+00)
Composition correction applied in 44 block(s)
	 #2 (1.0330e-02, 1.2923e-07): lin 1 (0.0e+00)
Composition correction applied in 34 block(s)
-------------------------------------------------------------------------------------------------------------
 T = 248.023, DT = 1, NI = 2, LI = 2, RES = 1.5e-03 (1.4e-07), CFL=0.712 (ELAPSED 00:00:01, REMAINING 00:00:04 )
-------------------------------------------------------------------------------------------------------------
	 #1 (6.6055e-03, 1.3986e-07): lin 1 (0.0e+00)
Composition correction applied in 38 block(s)
	 #2 (1.5559e-02, 1.5394e-07): lin 1 (0.0e+00)
Composition correction applied in 34 block(s)
-------------------------------------------------------------------------------------------------------------
 T = 249.023, DT = 1, NI = 2, LI = 2, RES = 4.9e-03 (5.0e-08), CFL=0.754 (ELAPSED 00:00:01, REMAINING 00:00:04 )
-------------------------------------------------------------------------------------------------------------
	 #1 (7.1494e-03, 5.0475e-08): lin 1 (0.0e+00)
Composition correction applied in 37 block(s)
	 #2 (1.2012e-02, 8.3780e-08): lin 1 (0.0e+00)
Composition correction applied in 39 block(s)
-------------------------------------------------------------------------------------------------------------
 T = 250.023, DT = 1, NI = 2, LI = 2, RES = 1.0e-03 (4.9e-08), CFL=0.702 (ELAPSED 00:00:01, REMAINING 00:00:04 )
-------------------------------------------------------------------------------------------------------------
	 #1 (5.9064e-03, 4.8546e-08): lin 1 (0.0e+00)
Composition correction applied in 34 block(s)
	 #2 (1.1845e-02, 3.7822e-08): lin 1 (0.0e+00)
Composition correction applied in 43 block(s)
-------------------------------------------------------------------------------------------------------------
 T = 251.023, DT = 1, NI = 2, LI = 2, RES = 8.7e-04 (7.8e-08), CFL=0.706 (ELAPSED 00:00:01, REMAINING 00:00:04 )
-------------------------------------------------------------------------------------------------------------
	 #1 (5.6988e-03, 7.8206e-08): lin 1 (0.0e+00)
Composition correction applied in 35 block(s)
	 #2 (1.2777e-02, 6.1897e-08): lin 1 (0.0e+00)
Composition correction applied in 46 block(s)
-------------------------------------------------------------------------------------------------------------
 T = 252.023, DT = 1, NI = 2, LI = 2, RES = 8.5e-04 (5.6e-08), CFL=0.706 (ELAPSED 00:00:01, REMAINING 00:00:04 )
-------------------------------------------------------------------------------------------------------------
	 #1 (5.7379e-03, 5.6360e-08): lin 1 (0.0e+00)
Composition correction applied in 38 block(s)
	 #2 (1.0057e-02, 1.3752e-07): lin 1 (0.0e+00)
Composition correction applied in 35 block(s)
-------------------------------------------------------------------------------------------------------------
 T = 253.023, DT = 1, NI = 2, LI = 2, RES = 2.6e-04 (1.0e-07), CFL=0.697 (ELAPSED 00:00:01, REMAINING 00:00:04 )
-------------------------------------------------------------------------------------------------------------
	 #1 (5.7438e-03, 1.0368e-07): lin 1 (0.0e+00)
Composition correction applied in 41 block(s)
	 #2 (1.0271e-02, 1.4980e-07): lin 1 (0.0e+00)
Composition correction applied in 36 block(s)
-------------------------------------------------------------------------------------------------------------
 T = 254.023, DT = 1, NI = 2, LI = 2, RES = 4.6e-04 (7.6e-08), CFL=0.701 (ELAPSED 00:00:01, REMAINING 00:00:04 )
-------------------------------------------------------------------------------------------------------------
	 #1 (5.7569e-03, 7.6394e-08): lin 1 (0.0e+00)
Composition correction applied in 44 block(s)
	 #2 (1.0099e-02, 8.7658e-08): lin 1 (0.0e+00)
Composition correction applied in 36 block(s)
-------------------------------------------------------------------------------------------------------------
 T = 255.023, DT = 1, NI = 2, LI = 2, RES = 3.2e-04 (6.3e-08), CFL=0.700 (ELAPSED 00:00:01, REMAINING 00:00:04 )
-------------------------------------------------------------------------------------------------------------
	 #1 (5.8346e-03, 6.2615e-08): lin 1 (0.0e+00)
Composition correction applied in 47 block(s)
	 #2 (1.0064e-02, 1.6935e-07): lin 1 (0.0e+00)
Composition correction applied in 35 block(s)
-------------------------------------------------------------------------------------------------------------
 T = 256.023, DT = 1, NI = 2, LI = 2, RES = 3.7e-04 (1.2e-07), CFL=0.700 (ELAPSED 00:00:01, REMAINING 00:00:04 )
-------------------------------------------------------------------------------------------------------------
	 #1 (5.8365e-03, 1.1953e-07): lin 1 (0.0e+00)
Composition correction applied in 49 block(s)
	 #2 (1.0142e-02, 1.3763e-07): lin 1 (0.0e+00)
Composition correction applied in 37 block(s)
-------------------------------------------------------------------------------------------------------------
 T = 257.023, DT = 1, NI = 2, LI = 2, RES = 7.6e-04 (5.6e-08), CFL=0.701 (ELAPSED 00:00:01, REMAINING 00:00:04 )
-------------------------------------------------------------------------------------------------------------
	 #1 (5.8390e-03, 5.5937e-08): lin 1 (0.0e+00)
Composition correction applied in 51 block(s)
-------------------------------------------------------------------------------------------------------------
 T = 258.023, DT = 1, NI = 1, LI = 1, RES = 6.1e-03 (1.0e-07), CFL=0.820 (ELAPSED 00:00:01, REMAINING 00:00:04 )
-------------------------------------------------------------------------------------------------------------
	 #1 (7.8981e-03, 1.0349e-07): lin 1 (0.0e+00)
Composition correction applied in 49 block(s)
-------------------------------------------------------------------------------------------------------------
 T = 259.023, DT = 1, NI = 1, LI = 1, RES = 9.6e-03 (1.6e-07), CFL=0.855 (ELAPSED 00:00:01, REMAINING 00:00:04 )
-------------------------------------------------------------------------------------------------------------
	 #1 (8.2612e-03, 1.6173e-07): lin 1 (0.0e+00)
Composition correction applied in 36 block(s)
	 #2 (1.0549e-02, 1.5701e-07): lin 1 (0.0e+00)
Composition correction applied in 37 block(s)
-------------------------------------------------------------------------------------------------------------
 T = 260.023, DT = 1, NI = 2, LI = 2, RES = 3.9e-03 (7.0e-08), CFL=0.746 (ELAPSED 00:00:01, REMAINING 00:00:04 )
-------------------------------------------------------------------------------------------------------------
	 #1 (6.3660e-03, 7.0212e-08): lin 1 (0.0e+00)
Composition correction applied in 39 block(s)
	 #2 (1.6399e-02, 8.2934e-08): lin 1 (0.0e+00)
Composition correction applied in 37 block(s)
-------------------------------------------------------------------------------------------------------------
 T = 261.023, DT = 1, NI = 2, LI = 2, RES = 5.3e-03 (1.3e-07), CFL=0.762 (ELAPSED 00:00:01, REMAINING 00:00:04 )
-------------------------------------------------------------------------------------------------------------
	 #1 (7.2893e-03, 1.2686e-07): lin 1 (0.0e+00)
Composition correction applied in 38 block(s)
	 #2 (1.2481e-02, 8.3469e-08): lin 1 (0.0e+00)
Composition correction applied in 40 block(s)
-------------------------------------------------------------------------------------------------------------
 T = 262.023, DT = 1, NI = 2, LI = 2, RES = 1.1e-03 (1.1e-08), CFL=0.711 (ELAPSED 00:00:01, REMAINING 00:00:04 )
-------------------------------------------------------------------------------------------------------------
	 #1 (5.8367e-03, 1.0753e-08): lin 1 (0.0e+00)
Composition correction applied in 36 block(s)
	 #2 (1.2495e-02, 1.4586e-07): lin 1 (0.0e+00)
Composition correction applied in 44 block(s)
-------------------------------------------------------------------------------------------------------------
 T = 263.023, DT = 1, NI = 2, LI = 2, RES = 9.0e-04 (8.3e-08), CFL=0.711 (ELAPSED 00:00:01, REMAINING 00:00:04 )
-------------------------------------------------------------------------------------------------------------
	 #1 (5.7828e-03, 8.2897e-08): lin 1 (0.0e+00)
Composition correction applied in 38 block(s)
	 #2 (1.3280e-02, 1.4394e-07): lin 1 (0.0e+00)
Composition correction applied in 49 block(s)
-------------------------------------------------------------------------------------------------------------
 T = 264.023, DT = 1, NI = 2, LI = 2, RES = 7.6e-04 (6.7e-08), CFL=0.711 (ELAPSED 00:00:01, REMAINING 00:00:04 )
-------------------------------------------------------------------------------------------------------------
	 #1 (5.8235e-03, 6.7311e-08): lin 1 (0.0e+00)
Composition correction applied in 40 block(s)
	 #2 (1.0347e-02, 1.6409e-07): lin 1 (0.0e+00)
Composition correction applied in 38 block(s)
-------------------------------------------------------------------------------------------------------------
 T = 265.023, DT = 1, NI = 2, LI = 2, RES = 4.7e-04 (4.5e-08), CFL=0.708 (ELAPSED 00:00:01, REMAINING 00:00:04 )
-------------------------------------------------------------------------------------------------------------
	 #1 (5.8131e-03, 4.4946e-08): lin 1 (0.0e+00)
Composition correction applied in 42 block(s)
	 #2 (1.0141e-02, 1.5697e-07): lin 1 (0.0e+00)
Composition correction applied in 38 block(s)
-------------------------------------------------------------------------------------------------------------
 T = 266.023, DT = 1, NI = 2, LI = 2, RES = 4.0e-04 (3.6e-08), CFL=0.707 (ELAPSED 00:00:01, REMAINING 00:00:04 )
-------------------------------------------------------------------------------------------------------------
	 #1 (5.8477e-03, 3.6365e-08): lin 1 (0.0e+00)
Composition correction applied in 46 block(s)
	 #2 (1.0137e-02, 5.6574e-08): lin 1 (0.0e+00)
Composition correction applied in 39 block(s)
-------------------------------------------------------------------------------------------------------------
 T = 267.023, DT = 1, NI = 2, LI = 2, RES = 3.7e-04 (4.9e-08), CFL=0.706 (ELAPSED 00:00:01, REMAINING 00:00:04 )
-------------------------------------------------------------------------------------------------------------
	 #1 (5.9020e-03, 4.9099e-08): lin 1 (0.0e+00)
Composition correction applied in 50 block(s)
	 #2 (1.0299e-02, 4.7563e-08): lin 1 (0.0e+00)
Composition correction applied in 38 block(s)
-------------------------------------------------------------------------------------------------------------
 T = 268.023, DT = 1, NI = 2, LI = 2, RES = 8.8e-04 (1.8e-07), CFL=0.707 (ELAPSED 00:00:01, REMAINING 00:00:04 )
-------------------------------------------------------------------------------------------------------------
	 #1 (5.9042e-03, 1.7739e-07): lin 1 (0.0e+00)
Composition correction applied in 54 block(s)
-------------------------------------------------------------------------------------------------------------
 T = 269.023, DT = 1, NI = 1, LI = 1, RES = 6.8e-03 (3.5e-08), CFL=0.842 (ELAPSED 00:00:01, REMAINING 00:00:04 )
-------------------------------------------------------------------------------------------------------------
	 #1 (8.5676e-03, 3.4687e-08): lin 1 (0.0e+00)
Composition correction applied in 53 block(s)
-------------------------------------------------------------------------------------------------------------
 T = 270.023, DT = 1, NI = 1, LI = 1, RES = 9.8e-03 (1.5e-07), CFL=0.864 (ELAPSED 00:00:01, REMAINING 00:00:04 )
-------------------------------------------------------------------------------------------------------------
	 #1 (8.1639e-03, 1.4855e-07): lin 1 (0.0e+00)
Composition correction applied in 39 block(s)
	 #2 (1.1926e-02, 4.7612e-08): lin 1 (0.0e+00)
Composition correction applied in 39 block(s)
-------------------------------------------------------------------------------------------------------------
 T = 271.023, DT = 1, NI = 2, LI = 2, RES = 4.4e-03 (1.5e-08), CFL=0.756 (ELAPSED 00:00:01, REMAINING 00:00:04 )
-------------------------------------------------------------------------------------------------------------
	 #1 (6.6872e-03, 1.4682e-08): lin 1 (0.0e+00)
Composition correction applied in 42 block(s)
	 #2 (1.7252e-02, 1.5827e-07): lin 1 (0.0e+00)
Composition correction applied in 41 block(s)
-------------------------------------------------------------------------------------------------------------
 T = 272.023, DT = 1, NI = 2, LI = 2, RES = 2.3e-03 (5.1e-08), CFL=0.737 (ELAPSED 00:00:01, REMAINING 00:00:04 )
-------------------------------------------------------------------------------------------------------------
	 #1 (5.8412e-03, 5.1733e-08): lin 1 (0.0e+00)
Composition correction applied in 39 block(s)
	 #2 (1.2363e-02, 5.1695e-08): lin 1 (0.0e+00)
Composition correction applied in 42 block(s)
-------------------------------------------------------------------------------------------------------------
 T = 273.023, DT = 1, NI = 2, LI = 2, RES = 9.8e-04 (1.5e-07), CFL=0.719 (ELAPSED 00:00:01, REMAINING 00:00:04 )
-------------------------------------------------------------------------------------------------------------
	 #1 (5.8624e-03, 1.4902e-07): lin 1 (0.0e+00)
Composition correction applied in 40 block(s)
	 #2 (1.2993e-02, 9.0958e-08): lin 1 (0.0e+00)
Composition correction applied in 44 block(s)
-------------------------------------------------------------------------------------------------------------
 T = 274.023, DT = 1, NI = 2, LI = 2, RES = 8.7e-04 (6.9e-08), CFL=0.718 (ELAPSED 00:00:01, REMAINING 00:00:04 )
-------------------------------------------------------------------------------------------------------------
	 #1 (5.8745e-03, 6.8752e-08): lin 1 (0.0e+00)
Composition correction applied in 42 block(s)
	 #2 (1.0229e-02, 9.9611e-08): lin 1 (0.0e+00)
Composition correction applied in 46 block(s)
-------------------------------------------------------------------------------------------------------------
 T = 275.023, DT = 1, NI = 2, LI = 2, RES = 5.1e-04 (4.6e-08), CFL=0.714 (ELAPSED 00:00:01, REMAINING 00:00:04 )
-------------------------------------------------------------------------------------------------------------
	 #1 (5.8727e-03, 4.6043e-08): lin 1 (0.0e+00)
Composition correction applied in 44 block(s)
	 #2 (1.0091e-02, 3.3268e-08): lin 1 (0.0e+00)
Composition correction applied in 47 block(s)
-------------------------------------------------------------------------------------------------------------
 T = 276.023, DT = 1, NI = 2, LI = 2, RES = 4.2e-04 (4.6e-08), CFL=0.713 (ELAPSED 00:00:01, REMAINING 00:00:04 )
-------------------------------------------------------------------------------------------------------------
	 #1 (5.9007e-03, 4.5638e-08): lin 1 (0.0e+00)
Composition correction applied in 47 block(s)
	 #2 (1.0181e-02, 6.0006e-08): lin 1 (0.0e+00)
Composition correction applied in 48 block(s)
-------------------------------------------------------------------------------------------------------------
 T = 277.023, DT = 1, NI = 2, LI = 2, RES = 3.6e-04 (5.4e-08), CFL=0.712 (ELAPSED 00:00:01, REMAINING 00:00:04 )
-------------------------------------------------------------------------------------------------------------
	 #1 (5.9657e-03, 5.3860e-08): lin 1 (0.0e+00)
Composition correction applied in 50 block(s)
	 #2 (1.0326e-02, 1.2838e-07): lin 1 (0.0e+00)
Composition correction applied in 41 block(s)
-------------------------------------------------------------------------------------------------------------
 T = 278.023, DT = 1, NI = 2, LI = 2, RES = 7.4e-04 (1.6e-07), CFL=0.713 (ELAPSED 00:00:01, REMAINING 00:00:04 )
-------------------------------------------------------------------------------------------------------------
	 #1 (5.9644e-03, 1.6415e-07): lin 1 (0.0e+00)
Composition correction applied in 57 block(s)
-------------------------------------------------------------------------------------------------------------
 T = 279.023, DT = 1, NI = 1, LI = 1, RES = 6.3e-03 (1.2e-08), CFL=0.836 (ELAPSED 00:00:01, REMAINING 00:00:04 )
-------------------------------------------------------------------------------------------------------------
	 #1 (8.0692e-03, 1.1760e-08): lin 1 (0.0e+00)
Composition correction applied in 56 block(s)
-------------------------------------------------------------------------------------------------------------
 T = 280.023, DT = 1, NI = 1, LI = 1, RES = 9.9e-03 (1.5e-07), CFL=0.869 (ELAPSED 00:00:01, REMAINING 00:00:04 )
-------------------------------------------------------------------------------------------------------------
	 #1 (8.1860e-03, 1.5332e-07): lin 1 (0.0e+00)
Composition correction applied in 41 block(s)
	 #2 (1.2218e-02, 1.0762e-07): lin 1 (0.0e+00)
Composition correction applied in 41 block(s)
-------------------------------------------------------------------------------------------------------------
 T = 281.023, DT = 1, NI = 2, LI = 2, RES = 4.5e-03 (8.5e-08), CFL=0.762 (ELAPSED 00:00:01, REMAINING 00:00:04 )
-------------------------------------------------------------------------------------------------------------
	 #1 (6.7619e-03, 8.5653e-08): lin 1 (0.0e+00)
Composition correction applied in 42 block(s)
	 #2 (1.0997e-02, 1.0214e-07): lin 1 (0.0e+00)
Composition correction applied in 43 block(s)
-------------------------------------------------------------------------------------------------------------
 T = 282.023, DT = 1, NI = 2, LI = 2, RES = 1.0e-03 (1.2e-07), CFL=0.717 (ELAPSED 00:00:01, REMAINING 00:00:04 )
-------------------------------------------------------------------------------------------------------------
	 #1 (6.1382e-03, 1.2283e-07): lin 1 (0.0e+00)
Composition correction applied in 42 block(s)
	 #2 (1.2072e-02, 1.2940e-07): lin 1 (0.0e+00)
Composition correction applied in 48 block(s)
-------------------------------------------------------------------------------------------------------------
 T = 283.023, DT = 1, NI = 2, LI = 2, RES = 9.1e-04 (1.2e-07), CFL=0.723 (ELAPSED 00:00:01, REMAINING 00:00:04 )
-------------------------------------------------------------------------------------------------------------
	 #1 (5.8990e-03, 1.2511e-07): lin 1 (0.0e+00)
Composition correction applied in 42 block(s)
	 #2 (1.3229e-02, 1.5538e-07): lin 1 (0.0e+00)
Composition correction applied in 53 block(s)
-------------------------------------------------------------------------------------------------------------
 T = 284.023, DT = 1, NI = 2, LI = 2, RES = 8.3e-04 (6.2e-08), CFL=0.723 (ELAPSED 00:00:01, REMAINING 00:00:04 )
-------------------------------------------------------------------------------------------------------------
	 #1 (5.9472e-03, 6.1694e-08): lin 1 (0.0e+00)
Composition correction applied in 43 block(s)
	 #2 (1.0408e-02, 7.0485e-08): lin 1 (0.0e+00)
Composition correction applied in 42 block(s)
-------------------------------------------------------------------------------------------------------------
 T = 285.023, DT = 1, NI = 2, LI = 2, RES = 4.9e-04 (1.5e-07), CFL=0.720 (ELAPSED 00:00:01, REMAINING 00:00:04 )
-------------------------------------------------------------------------------------------------------------
	 #1 (5.9351e-03, 1.5064e-07): lin 1 (0.0e+00)
Composition correction applied in 51 block(s)
	 #2 (1.0223e-02, 4.8130e-08): lin 1 (0.0e+00)
Composition correction applied in 43 block(s)
-------------------------------------------------------------------------------------------------------------
 T = 286.023, DT = 1, NI = 2, LI = 2, RES = 3.3e-04 (1.4e-07), CFL=0.718 (ELAPSED 00:00:01, REMAINING 00:00:04 )
-------------------------------------------------------------------------------------------------------------
	 #1 (6.0230e-03, 1.3631e-07): lin 1 (0.0e+00)
Composition correction applied in 53 block(s)
	 #2 (1.0249e-02, 1.0133e-07): lin 1 (0.0e+00)
Composition correction applied in 43 block(s)
-------------------------------------------------------------------------------------------------------------
 T = 287.023, DT = 1, NI = 2, LI = 2, RES = 4.1e-04 (1.4e-07), CFL=0.719 (ELAPSED 00:00:01, REMAINING 00:00:04 )
-------------------------------------------------------------------------------------------------------------
	 #1 (6.0257e-03, 1.3554e-07): lin 1 (0.0e+00)
Composition correction applied in 47 block(s)
-------------------------------------------------------------------------------------------------------------
 T = 288.023, DT = 1, NI = 1, LI = 1, RES = 4.7e-03 (1.4e-08), CFL=0.804 (ELAPSED 00:00:01, REMAINING 00:00:04 )
-------------------------------------------------------------------------------------------------------------
	 #1 (6.6833e-03, 1.4209e-08): lin 1 (0.0e+00)
Composition correction applied in 58 block(s)
-------------------------------------------------------------------------------------------------------------
 T = 289.023, DT = 1, NI = 1, LI = 1, RES = 9.9e-03 (1.5e-07), CFL=0.867 (ELAPSED 00:00:01, REMAINING 00:00:04 )
-------------------------------------------------------------------------------------------------------------
	 #1 (8.3223e-03, 1.4993e-07): lin 1 (0.0e+00)
Composition correction applied in 43 block(s)
	 #2 (1.1313e-02, 9.1280e-08): lin 1 (0.0e+00)
Composition correction applied in 43 block(s)
-------------------------------------------------------------------------------------------------------------
 T = 290.023, DT = 1, NI = 2, LI = 2, RES = 4.3e-03 (1.4e-07), CFL=0.764 (ELAPSED 00:00:01, REMAINING 00:00:04 )
-------------------------------------------------------------------------------------------------------------
	 #1 (6.6034e-03, 1.3935e-07): lin 1 (0.0e+00)
Composition correction applied in 47 block(s)
	 #2 (1.7533e-02, 9.5335e-08): lin 1 (0.0e+00)
Composition correction applied in 45 block(s)
-------------------------------------------------------------------------------------------------------------
 T = 291.023, DT = 1, NI = 2, LI = 2, RES = 2.4e-03 (1.6e-07), CFL=0.748 (ELAPSED 00:00:01, REMAINING 00:00:04 )
-------------------------------------------------------------------------------------------------------------
	 #1 (5.9643e-03, 1.5731e-07): lin 1 (0.0e+00)
Composition correction applied in 44 block(s)
	 #2 (1.2655e-02, 1.5048e-07): lin 1 (0.0e+00)
Composition correction applied in 52 block(s)
-------------------------------------------------------------------------------------------------------------
 T = 292.023, DT = 1, NI = 2, LI = 2, RES = 9.9e-04 (1.7e-07), CFL=0.730 (ELAPSED 00:00:01, REMAINING 00:00:04 )
-------------------------------------------------------------------------------------------------------------
	 #1 (5.9959e-03, 1.6893e-07): lin 1 (0.0e+00)
Composition correction applied in 44 block(s)
	 #2 (1.3422e-02, 4.5479e-08): lin 1 (0.0e+00)
Composition correction applied in 62 block(s)
-------------------------------------------------------------------------------------------------------------
 T = 293.023, DT = 1, NI = 2, LI = 2, RES = 8.3e-04 (3.6e-08), CFL=0.729 (ELAPSED 00:00:01, REMAINING 00:00:04 )
-------------------------------------------------------------------------------------------------------------
	 #1 (6.0220e-03, 3.6404e-08): lin 1 (0.0e+00)
Composition correction applied in 46 block(s)
	 #2 (1.0513e-02, 1.2996e-07): lin 1 (0.0e+00)
Composition correction applied in 45 block(s)
-------------------------------------------------------------------------------------------------------------
 T = 294.023, DT = 1, NI = 2, LI = 2, RES = 4.8e-04 (7.9e-08), CFL=0.725 (ELAPSED 00:00:01, REMAINING 00:00:04 )
-------------------------------------------------------------------------------------------------------------
	 #1 (6.0102e-03, 7.9014e-08): lin 1 (0.0e+00)
Composition correction applied in 49 block(s)
	 #2 (1.0287e-02, 1.7708e-07): lin 1 (0.0e+00)
Composition correction applied in 45 block(s)
-------------------------------------------------------------------------------------------------------------
 T = 295.023, DT = 1, NI = 2, LI = 2, RES = 3.4e-04 (8.2e-08), CFL=0.724 (ELAPSED 00:00:01, REMAINING 00:00:04 )
-------------------------------------------------------------------------------------------------------------
	 #1 (6.0932e-03, 8.1792e-08): lin 1 (0.0e+00)
Composition correction applied in 52 block(s)
	 #2 (1.0478e-02, 1.4396e-07): lin 1 (0.0e+00)
Composition correction applied in 45 block(s)
-------------------------------------------------------------------------------------------------------------
 T = 296.023, DT = 1, NI = 2, LI = 2, RES = 6.1e-04 (5.8e-08), CFL=0.724 (ELAPSED 00:00:01, REMAINING 00:00:04 )
-------------------------------------------------------------------------------------------------------------
	 #1 (6.0877e-03, 5.7699e-08): lin 1 (0.0e+00)
Composition correction applied in 62 block(s)
-------------------------------------------------------------------------------------------------------------
 T = 297.023, DT = 1, NI = 1, LI = 1, RES = 5.9e-03 (7.5e-08), CFL=0.839 (ELAPSED 00:00:01, REMAINING 00:00:04 )
-------------------------------------------------------------------------------------------------------------
	 #1 (7.7423e-03, 7.5018e-08): lin 1 (0.0e+00)
Composition correction applied in 60 block(s)
	 #2 (1.0159e-02, 1.7912e-07): lin 1 (0.0e+00)
Composition correction applied in 47 block(s)
-------------------------------------------------------------------------------------------------------------
 T = 298.023, DT = 1, NI = 2, LI = 2, RES = 1.1e-03 (1.4e-07), CFL=0.732 (ELAPSED 00:00:01, REMAINING 00:00:04 )
-------------------------------------------------------------------------------------------------------------
	 #1 (6.4427e-03, 1.4127e-07): lin 1 (0.0e+00)
Composition correction applied in 63 block(s)
	 #2 (1.4885e-02, 8.7788e-08): lin 1 (0.0e+00)
Composition correction applied in 50 block(s)
-------------------------------------------------------------------------------------------------------------
 T = 299.023, DT = 1, NI = 2, LI = 2, RES = 4.5e-03 (1.3e-07), CFL=0.772 (ELAPSED 00:00:01, REMAINING 00:00:04 )
-------------------------------------------------------------------------------------------------------------
	 #1 (6.6547e-03, 1.3324e-07): lin 1 (0.0e+00)
Composition correction applied in 50 block(s)
	 #2 (1.7124e-02, 1.2686e-07): lin 1 (0.0e+00)
Composition correction applied in 47 block(s)
-------------------------------------------------------------------------------------------------------------
 T = 300.023, DT = 1, NI = 2, LI = 2, RES = 2.4e-03 (1.3e-07), CFL=0.750 (ELAPSED 00:00:01, REMAINING 00:00:04 )
-------------------------------------------------------------------------------------------------------------
	 #1 (5.9437e-03, 1.2650e-07): lin 1 (0.0e+00)
Composition correction applied in 49 block(s)
	 #2 (1.2408e-02, 1.0225e-07): lin 1 (0.0e+00)
Composition correction applied in 49 block(s)
-------------------------------------------------------------------------------------------------------------
 T = 301.023, DT = 1, NI = 2, LI = 2, RES = 1.0e-03 (4.4e-08), CFL=0.733 (ELAPSED 00:00:01, REMAINING 00:00:04 )
-------------------------------------------------------------------------------------------------------------
	 #1 (5.9990e-03, 4.3891e-08): lin 1 (0.0e+00)
Composition correction applied in 54 block(s)
	 #2 (1.3288e-02, 6.0709e-08): lin 1 (0.0e+00)
Composition correction applied in 52 block(s)
-------------------------------------------------------------------------------------------------------------
 T = 302.023, DT = 1, NI = 2, LI = 2, RES = 8.4e-04 (4.8e-08), CFL=0.733 (ELAPSED 00:00:01, REMAINING 00:00:04 )
-------------------------------------------------------------------------------------------------------------
	 #1 (6.0381e-03, 4.7731e-08): lin 1 (0.0e+00)
Composition correction applied in 60 block(s)
	 #2 (1.0470e-02, 1.2157e-07): lin 1 (0.0e+00)
Composition correction applied in 46 block(s)
-------------------------------------------------------------------------------------------------------------
 T = 303.023, DT = 1, NI = 2, LI = 2, RES = 4.9e-04 (1.6e-07), CFL=0.730 (ELAPSED 00:00:01, REMAINING 00:00:04 )
-------------------------------------------------------------------------------------------------------------
	 #1 (6.0368e-03, 1.5521e-07): lin 1 (0.0e+00)
Composition correction applied in 62 block(s)
	 #2 (1.0250e-02, 6.4643e-08): lin 1 (0.0e+00)
Composition correction applied in 46 block(s)
-------------------------------------------------------------------------------------------------------------
 T = 304.023, DT = 1, NI = 2, LI = 2, RES = 3.5e-04 (1.1e-07), CFL=0.728 (ELAPSED 00:00:01, REMAINING 00:00:04 )
-------------------------------------------------------------------------------------------------------------
	 #1 (6.1259e-03, 1.1207e-07): lin 1 (0.0e+00)
Composition correction applied in 64 block(s)
	 #2 (1.0604e-02, 1.2120e-07): lin 1 (0.0e+00)
Composition correction applied in 49 block(s)
-------------------------------------------------------------------------------------------------------------
 T = 305.023, DT = 1, NI = 2, LI = 2, RES = 7.7e-04 (1.2e-07), CFL=0.729 (ELAPSED 00:00:01, REMAINING 00:00:04 )
-------------------------------------------------------------------------------------------------------------
	 #1 (6.1245e-03, 1.1504e-07): lin 1 (0.0e+00)
Composition correction applied in 63 block(s)
-------------------------------------------------------------------------------------------------------------
 T = 306.023, DT = 1, NI = 1, LI = 1, RES = 6.7e-03 (5.9e-08), CFL=0.863 (ELAPSED 00:00:01, REMAINING 00:00:04 )
-------------------------------------------------------------------------------------------------------------
	 #1 (8.4960e-03, 5.9232e-08): lin 1 (0.0e+00)
Composition correction applied in 64 block(s)
	 #2 (1.0336e-02, 2.0321e-07): lin 1 (0.0e+00)
Composition correction applied in 50 block(s)
-------------------------------------------------------------------------------------------------------------
 T = 307.023, DT = 1, NI = 2, LI = 2, RES = 1.1e-03 (1.8e-07), CFL=0.735 (ELAPSED 00:00:01, REMAINING 00:00:04 )
-------------------------------------------------------------------------------------------------------------
	 #1 (6.5173e-03, 1.7531e-07): lin 1 (0.0e+00)
Composition correction applied in 67 block(s)
	 #2 (1.5212e-02, 8.6192e-08): lin 1 (0.0e+00)
Composition correction applied in 60 block(s)
-------------------------------------------------------------------------------------------------------------
 T = 308.023, DT = 1, NI = 2, LI = 2, RES = 4.8e-03 (1.6e-07), CFL=0.780 (ELAPSED 00:00:01, REMAINING 00:00:04 )
-------------------------------------------------------------------------------------------------------------
	 #1 (6.8707e-03, 1.6286e-07): lin 1 (0.0e+00)
Composition correction applied in 47 block(s)
	 #2 (1.1192e-02, 1.1532e-07): lin 1 (0.0e+00)
Composition correction applied in 48 block(s)
-------------------------------------------------------------------------------------------------------------
 T = 309.023, DT = 1, NI = 2, LI = 2, RES = 1.0e-03 (8.9e-08), CFL=0.729 (ELAPSED 00:00:01, REMAINING 00:00:04 )
-------------------------------------------------------------------------------------------------------------
	 #1 (6.2187e-03, 8.8887e-08): lin 1 (0.0e+00)
Composition correction applied in 65 block(s)
	 #2 (1.2224e-02, 1.3892e-07): lin 1 (0.0e+00)
Composition correction applied in 59 block(s)
-------------------------------------------------------------------------------------------------------------
 T = 310.023, DT = 1, NI = 2, LI = 2, RES = 8.9e-04 (1.2e-07), CFL=0.737 (ELAPSED 00:00:01, REMAINING 00:00:03 )
-------------------------------------------------------------------------------------------------------------
	 #1 (6.0072e-03, 1.2184e-07): lin 1 (0.0e+00)
Composition correction applied in 65 block(s)
	 #2 (1.3707e-02, 7.2766e-08): lin 1 (0.0e+00)
Composition correction applied in 50 block(s)
-------------------------------------------------------------------------------------------------------------
 T = 311.023, DT = 1, NI = 2, LI = 2, RES = 7.7e-04 (4.1e-08), CFL=0.737 (ELAPSED 00:00:01, REMAINING 00:00:03 )
-------------------------------------------------------------------------------------------------------------
	 #1 (6.1045e-03, 4.0659e-08): lin 1 (0.0e+00)
Composition correction applied in 65 block(s)
	 #2 (1.0165e-02, 8.4735e-08): lin 1 (0.0e+00)
Composition correction applied in 49 block(s)
-------------------------------------------------------------------------------------------------------------
 T = 312.023, DT = 1, NI = 2, LI = 2, RES = 4.3e-04 (7.1e-08), CFL=0.735 (ELAPSED 00:00:01, REMAINING 00:00:03 )
-------------------------------------------------------------------------------------------------------------
	 #1 (6.1026e-03, 7.0721e-08): lin 1 (0.0e+00)
Composition correction applied in 65 block(s)
	 #2 (1.0489e-02, 5.5042e-08): lin 1 (0.0e+00)
Composition correction applied in 49 block(s)
-------------------------------------------------------------------------------------------------------------
 T = 313.023, DT = 1, NI = 2, LI = 2, RES = 4.1e-04 (1.7e-07), CFL=0.734 (ELAPSED 00:00:01, REMAINING 00:00:03 )
-------------------------------------------------------------------------------------------------------------
	 #1 (6.1762e-03, 1.7070e-07): lin 1 (0.0e+00)
Composition correction applied in 54 block(s)
-------------------------------------------------------------------------------------------------------------
 T = 314.023, DT = 1, NI = 1, LI = 1, RES = 4.9e-03 (8.0e-08), CFL=0.824 (ELAPSED 00:00:01, REMAINING 00:00:03 )
-------------------------------------------------------------------------------------------------------------
	 #1 (6.8629e-03, 8.0365e-08): lin 1 (0.0e+00)
Composition correction applied in 67 block(s)
	 #2 (1.0248e-02, 1.8636e-07): lin 1 (0.0e+00)
Composition correction applied in 54 block(s)
-------------------------------------------------------------------------------------------------------------
 T = 315.023, DT = 1, NI = 2, LI = 2, RES = 1.1e-03 (1.6e-07), CFL=0.741 (ELAPSED 00:00:01, REMAINING 00:00:03 )
-------------------------------------------------------------------------------------------------------------
	 #1 (6.5277e-03, 1.5745e-07): lin 1 (0.0e+00)
Composition correction applied in 69 block(s)
	 #2 (1.5168e-02, 8.2662e-08): lin 1 (0.0e+00)
Composition correction applied in 66 block(s)
-------------------------------------------------------------------------------------------------------------
 T = 316.023, DT = 1, NI = 2, LI = 2, RES = 4.6e-03 (1.3e-07), CFL=0.782 (ELAPSED 00:00:01, REMAINING 00:00:03 )
-------------------------------------------------------------------------------------------------------------
	 #1 (6.7443e-03, 1.3017e-07): lin 1 (0.0e+00)
Composition correction applied in 59 block(s)
	 #2 (1.7661e-02, 1.5063e-07): lin 1 (0.0e+00)
Composition correction applied in 51 block(s)
-------------------------------------------------------------------------------------------------------------
 T = 317.023, DT = 1, NI = 2, LI = 2, RES = 2.3e-03 (8.6e-08), CFL=0.759 (ELAPSED 00:00:01, REMAINING 00:00:03 )
-------------------------------------------------------------------------------------------------------------
	 #1 (6.0623e-03, 8.6149e-08): lin 1 (0.0e+00)
Composition correction applied in 68 block(s)
	 #2 (1.2808e-02, 8.0619e-08): lin 1 (0.0e+00)
Composition correction applied in 55 block(s)
-------------------------------------------------------------------------------------------------------------
 T = 318.023, DT = 1, NI = 2, LI = 2, RES = 9.8e-04 (1.1e-07), CFL=0.744 (ELAPSED 00:00:01, REMAINING 00:00:03 )
-------------------------------------------------------------------------------------------------------------
	 #1 (6.1025e-03, 1.0821e-07): lin 1 (0.0e+00)
Composition correction applied in 68 block(s)
	 #2 (1.3818e-02, 7.5095e-08): lin 1 (0.0e+00)
Composition correction applied in 56 block(s)
-------------------------------------------------------------------------------------------------------------
 T = 319.023, DT = 1, NI = 2, LI = 2, RES = 7.9e-04 (1.7e-07), CFL=0.743 (ELAPSED 00:00:01, REMAINING 00:00:03 )
-------------------------------------------------------------------------------------------------------------
	 #1 (6.1722e-03, 1.6563e-07): lin 1 (0.0e+00)
Composition correction applied in 69 block(s)
	 #2 (1.0645e-02, 1.5034e-07): lin 1 (0.0e+00)
Composition correction applied in 51 block(s)
-------------------------------------------------------------------------------------------------------------
 T = 320.023, DT = 1, NI = 2, LI = 2, RES = 4.6e-04 (1.4e-07), CFL=0.740 (ELAPSED 00:00:01, REMAINING 00:00:03 )
-------------------------------------------------------------------------------------------------------------
	 #1 (6.1639e-03, 1.3690e-07): lin 1 (0.0e+00)
Composition correction applied in 68 block(s)
	 #2 (1.0640e-02, 6.6979e-08): lin 1 (0.0e+00)
Composition correction applied in 69 block(s)
-------------------------------------------------------------------------------------------------------------
 T = 321.023, DT = 1, NI = 2, LI = 2, RES = 4.8e-04 (1.7e-07), CFL=0.739 (ELAPSED 00:00:01, REMAINING 00:00:03 )
-------------------------------------------------------------------------------------------------------------
	 #1 (6.2268e-03, 1.6518e-07): lin 1 (0.0e+00)
Composition correction applied in 69 block(s)
-------------------------------------------------------------------------------------------------------------
 T = 322.023, DT = 1, NI = 1, LI = 1, RES = 5.4e-03 (2.5e-08), CFL=0.842 (ELAPSED 00:00:01, REMAINING 00:00:03 )
-------------------------------------------------------------------------------------------------------------
	 #1 (7.3413e-03, 2.4741e-08): lin 1 (0.0e+00)
Composition correction applied in 69 block(s)
	 #2 (1.0430e-02, 2.0793e-07): lin 1 (0.0e+00)
Composition correction applied in 70 block(s)
-------------------------------------------------------------------------------------------------------------
 T = 323.023, DT = 1, NI = 2, LI = 2, RES = 1.2e-03 (1.8e-07), CFL=0.744 (ELAPSED 00:00:01, REMAINING 00:00:03 )
-------------------------------------------------------------------------------------------------------------
	 #1 (6.5983e-03, 1.8182e-07): lin 1 (0.0e+00)
Composition correction applied in 68 block(s)
	 #2 (1.5534e-02, 3.9576e-08): lin 1 (0.0e+00)
Composition correction applied in 69 block(s)
-------------------------------------------------------------------------------------------------------------
 T = 324.023, DT = 1, NI = 2, LI = 2, RES = 4.9e-03 (3.2e-08), CFL=0.790 (ELAPSED 00:00:01, REMAINING 00:00:03 )
-------------------------------------------------------------------------------------------------------------
	 #1 (6.9316e-03, 3.2337e-08): lin 1 (0.0e+00)
Composition correction applied in 51 block(s)
	 #2 (1.1572e-02, 7.6699e-08): lin 1 (0.0e+00)
Composition correction applied in 55 block(s)
-------------------------------------------------------------------------------------------------------------
 T = 325.023, DT = 1, NI = 2, LI = 2, RES = 1.1e-03 (9.6e-08), CFL=0.739 (ELAPSED 00:00:01, REMAINING 00:00:03 )
-------------------------------------------------------------------------------------------------------------
	 #1 (6.3455e-03, 9.6306e-08): lin 1 (0.0e+00)
Composition correction applied in 70 block(s)
	 #2 (1.2701e-02, 9.9308e-08): lin 1 (0.0e+00)
Composition correction applied in 59 block(s)
-------------------------------------------------------------------------------------------------------------
 T = 326.023, DT = 1, NI = 2, LI = 2, RES = 8.7e-04 (1.7e-07), CFL=0.747 (ELAPSED 00:00:01, REMAINING 00:00:03 )
-------------------------------------------------------------------------------------------------------------
	 #1 (6.1322e-03, 1.6816e-07): lin 1 (0.0e+00)
Composition correction applied in 71 block(s)
	 #2 (1.0454e-02, 8.5320e-08): lin 1 (0.0e+00)
Composition correction applied in 52 block(s)
-------------------------------------------------------------------------------------------------------------
 T = 327.023, DT = 1, NI = 2, LI = 2, RES = 2.8e-04 (5.3e-08), CFL=0.739 (ELAPSED 00:00:01, REMAINING 00:00:03 )
-------------------------------------------------------------------------------------------------------------
	 #1 (6.1831e-03, 5.3169e-08): lin 1 (0.0e+00)
Composition correction applied in 71 block(s)
	 #2 (1.0371e-02, 6.1113e-08): lin 1 (0.0e+00)
Composition correction applied in 52 block(s)
-------------------------------------------------------------------------------------------------------------
 T = 328.023, DT = 1, NI = 2, LI = 2, RES = 3.5e-04 (7.0e-08), CFL=0.743 (ELAPSED 00:00:01, REMAINING 00:00:03 )
-------------------------------------------------------------------------------------------------------------
	 #1 (6.2705e-03, 7.0480e-08): lin 1 (0.0e+00)
Composition correction applied in 72 block(s)
	 #2 (1.0953e-02, 1.2053e-07): lin 1 (0.0e+00)
Composition correction applied in 54 block(s)
-------------------------------------------------------------------------------------------------------------
 T = 329.023, DT = 1, NI = 2, LI = 2, RES = 1.0e-03 (1.0e-07), CFL=0.744 (ELAPSED 00:00:01, REMAINING 00:00:03 )
-------------------------------------------------------------------------------------------------------------
	 #1 (6.2777e-03, 1.0429e-07): lin 1 (0.0e+00)
Composition correction applied in 71 block(s)
-------------------------------------------------------------------------------------------------------------
 T = 330.023, DT = 1, NI = 1, LI = 1, RES = 8.2e-03 (9.5e-08), CFL=0.911 (ELAPSED 00:00:01, REMAINING 00:00:03 )
-------------------------------------------------------------------------------------------------------------
	 #1 (9.9097e-03, 9.5356e-08): lin 1 (0.0e+00)
Composition correction applied in 72 block(s)
	 #2 (1.0786e-02, 2.6769e-07): lin 1 (0.0e+00)
Composition correction applied in 53 block(s)
-------------------------------------------------------------------------------------------------------------
 T = 331.023, DT = 1, NI = 2, LI = 2, RES = 1.2e-03 (2.2e-07), CFL=0.745 (ELAPSED 00:00:01, REMAINING 00:00:03 )
-------------------------------------------------------------------------------------------------------------
	 #1 (6.7339e-03, 2.2411e-07): lin 1 (0.0e+00)
Composition correction applied in 58 block(s)
-------------------------------------------------------------------------------------------------------------
 T = 332.023, DT = 1, NI = 1, LI = 1, RES = 9.5e-03 (1.2e-07), CFL=0.919 (ELAPSED 00:00:01, REMAINING 00:00:03 )
-------------------------------------------------------------------------------------------------------------
	 #1 (1.1436e-02, 1.1529e-07): lin 1 (0.0e+00)
Composition correction applied in 74 block(s)
	 #2 (2.1868e-02, 1.0094e-07): lin 1 (0.0e+00)
Composition correction applied in 64 block(s)
-------------------------------------------------------------------------------------------------------------
 T = 333.023, DT = 1, NI = 2, LI = 2, RES = 3.0e-03 (9.0e-08), CFL=0.785 (ELAPSED 00:00:01, REMAINING 00:00:03 )
-------------------------------------------------------------------------------------------------------------
	 #1 (6.4161e-03, 8.9862e-08): lin 1 (0.0e+00)
Composition correction applied in 73 block(s)
	 #2 (1.4052e-02, 6.9093e-08): lin 1 (0.0e+00)
Composition correction applied in 73 block(s)
-------------------------------------------------------------------------------------------------------------
 T = 334.023, DT = 1, NI = 2, LI = 2, RES = 9.6e-04 (6.3e-08), CFL=0.757 (ELAPSED 00:00:01, REMAINING 00:00:03 )
-------------------------------------------------------------------------------------------------------------
	 #1 (6.3063e-03, 6.2974e-08): lin 1 (0.0e+00)
Composition correction applied in 73 block(s)
	 #2 (1.0824e-02, 6.9860e-08): lin 1 (0.0e+00)
Composition correction applied in 55 block(s)
-------------------------------------------------------------------------------------------------------------
 T = 335.023, DT = 1, NI = 2, LI = 2, RES = 5.0e-04 (7.1e-08), CFL=0.751 (ELAPSED 00:00:01, REMAINING 00:00:03 )
-------------------------------------------------------------------------------------------------------------
	 #1 (6.2851e-03, 7.1403e-08): lin 1 (0.0e+00)
Composition correction applied in 73 block(s)
	 #2 (1.0749e-02, 1.5512e-07): lin 1 (0.0e+00)
Composition correction applied in 55 block(s)
-------------------------------------------------------------------------------------------------------------
 T = 336.023, DT = 1, NI = 2, LI = 2, RES = 4.0e-04 (1.1e-07), CFL=0.749 (ELAPSED 00:00:01, REMAINING 00:00:03 )
-------------------------------------------------------------------------------------------------------------
	 #1 (6.3556e-03, 1.1322e-07): lin 1 (0.0e+00)
Composition correction applied in 73 block(s)
	 #2 (1.1287e-02, 1.5966e-07): lin 1 (0.0e+00)
Composition correction applied in 57 block(s)
-------------------------------------------------------------------------------------------------------------
 T = 337.023, DT = 1, NI = 2, LI = 2, RES = 6.8e-04 (1.7e-07), CFL=0.737 (ELAPSED 00:00:01, REMAINING 00:00:03 )
-------------------------------------------------------------------------------------------------------------
	 #1 (6.3877e-03, 1.7486e-07): lin 1 (0.0e+00)
Composition correction applied in 77 block(s)
	 #2 (1.1222e-02, 1.5952e-08): lin 1 (0.0e+00)
Composition correction applied in 57 block(s)
-------------------------------------------------------------------------------------------------------------
 T = 338.023, DT = 1, NI = 2, LI = 2, RES = 3.7e-03 (5.0e-08), CFL=0.773 (ELAPSED 00:00:02, REMAINING 00:00:03 )
-------------------------------------------------------------------------------------------------------------
	 #1 (6.1478e-03, 4.9860e-08): lin 1 (0.0e+00)
Composition correction applied in 69 block(s)
	 #2 (1.7090e-02, 1.7098e-08): lin 1 (0.0e+00)
Composition correction applied in 58 block(s)
-------------------------------------------------------------------------------------------------------------
 T = 339.023, DT = 1, NI = 2, LI = 2, RES = 2.4e-03 (1.5e-07), CFL=0.771 (ELAPSED 00:00:02, REMAINING 00:00:03 )
-------------------------------------------------------------------------------------------------------------
	 #1 (6.1571e-03, 1.4495e-07): lin 1 (0.0e+00)
Composition correction applied in 74 block(s)
	 #2 (1.2741e-02, 1.0223e-07): lin 1 (0.0e+00)
Composition correction applied in 62 block(s)
-------------------------------------------------------------------------------------------------------------
 T = 340.023, DT = 1, NI = 2, LI = 2, RES = 1.0e-03 (1.5e-07), CFL=0.756 (ELAPSED 00:00:02, REMAINING 00:00:03 )
-------------------------------------------------------------------------------------------------------------
	 #1 (6.2322e-03, 1.4505e-07): lin 1 (0.0e+00)
Composition correction applied in 76 block(s)
	 #2 (1.3904e-02, 4.7540e-08): lin 1 (0.0e+00)
Composition correction applied in 56 block(s)
-------------------------------------------------------------------------------------------------------------
 T = 341.023, DT = 1, NI = 2, LI = 2, RES = 8.1e-04 (1.2e-07), CFL=0.756 (ELAPSED 00:00:02, REMAINING 00:00:03 )
-------------------------------------------------------------------------------------------------------------
	 #1 (6.3070e-03, 1.2313e-07): lin 1 (0.0e+00)
Composition correction applied in 76 block(s)
	 #2 (1.0744e-02, 1.1983e-07): lin 1 (0.0e+00)
Composition correction applied in 58 block(s)
-------------------------------------------------------------------------------------------------------------
 T = 342.023, DT = 1, NI = 2, LI = 2, RES = 4.6e-04 (1.3e-07), CFL=0.754 (ELAPSED 00:00:02, REMAINING 00:00:03 )
-------------------------------------------------------------------------------------------------------------
	 #1 (6.3066e-03, 1.2665e-07): lin 1 (0.0e+00)
Composition correction applied in 76 block(s)
	 #2 (1.1056e-02, 9.7467e-08): lin 1 (0.0e+00)
Composition correction applied in 63 block(s)
-------------------------------------------------------------------------------------------------------------
 T = 343.023, DT = 1, NI = 2, LI = 2, RES = 8.6e-04 (8.4e-08), CFL=0.753 (ELAPSED 00:00:02, REMAINING 00:00:03 )
-------------------------------------------------------------------------------------------------------------
	 #1 (6.3701e-03, 8.3810e-08): lin 1 (0.0e+00)
Composition correction applied in 64 block(s)
-------------------------------------------------------------------------------------------------------------
 T = 344.023, DT = 1, NI = 1, LI = 1, RES = 7.5e-03 (1.1e-07), CFL=0.906 (ELAPSED 00:00:02, REMAINING 00:00:03 )
-------------------------------------------------------------------------------------------------------------
	 #1 (9.2626e-03, 1.0998e-07): lin 1 (0.0e+00)
Composition correction applied in 75 block(s)
	 #2 (1.0957e-02, 2.9338e-07): lin 1 (0.0e+00)
Composition correction applied in 77 block(s)
-------------------------------------------------------------------------------------------------------------
 T = 345.023, DT = 1, NI = 2, LI = 2, RES = 1.3e-03 (2.5e-07), CFL=0.753 (ELAPSED 00:00:02, REMAINING 00:00:03 )
-------------------------------------------------------------------------------------------------------------
	 #1 (6.8264e-03, 2.5422e-07): lin 1 (0.0e+00)
Composition correction applied in 77 block(s)
-------------------------------------------------------------------------------------------------------------
 T = 346.023, DT = 1, NI = 1, LI = 1, RES = 9.9e-03 (1.2e-07), CFL=0.934 (ELAPSED 00:00:02, REMAINING 00:00:03 )
-------------------------------------------------------------------------------------------------------------
	 #1 (1.1727e-02, 1.2340e-07): lin 1 (0.0e+00)
Composition correction applied in 61 block(s)
	 #2 (2.2629e-02, 7.3380e-08): lin 1 (0.0e+00)
Composition correction applied in 58 block(s)
-------------------------------------------------------------------------------------------------------------
 T = 347.023, DT = 1, NI = 2, LI = 2, RES = 2.9e-03 (7.2e-08), CFL=0.794 (ELAPSED 00:00:02, REMAINING 00:00:03 )
-------------------------------------------------------------------------------------------------------------
	 #1 (6.5487e-03, 7.2240e-08): lin 1 (0.0e+00)
Composition correction applied in 77 block(s)
	 #2 (1.4492e-02, 2.3965e-08): lin 1 (0.0e+00)
Composition correction applied in 59 block(s)
-------------------------------------------------------------------------------------------------------------
 T = 348.023, DT = 1, NI = 2, LI = 2, RES = 8.9e-04 (1.6e-07), CFL=0.767 (ELAPSED 00:00:02, REMAINING 00:00:03 )
-------------------------------------------------------------------------------------------------------------
	 #1 (6.4333e-03, 1.6041e-07): lin 1 (0.0e+00)
Composition correction applied in 77 block(s)
	 #2 (1.1106e-02, 6.6817e-08): lin 1 (0.0e+00)
Composition correction applied in 57 block(s)
-------------------------------------------------------------------------------------------------------------
 T = 349.023, DT = 1, NI = 2, LI = 2, RES = 4.7e-04 (1.2e-07), CFL=0.761 (ELAPSED 00:00:02, REMAINING 00:00:03 )
-------------------------------------------------------------------------------------------------------------
	 #1 (6.4096e-03, 1.2444e-07): lin 1 (0.0e+00)
Composition correction applied in 79 block(s)
	 #2 (1.1217e-02, 1.3316e-07): lin 1 (0.0e+00)
Composition correction applied in 59 block(s)
-------------------------------------------------------------------------------------------------------------
 T = 350.023, DT = 1, NI = 2, LI = 2, RES = 8.2e-04 (1.3e-07), CFL=0.759 (ELAPSED 00:00:02, REMAINING 00:00:03 )
-------------------------------------------------------------------------------------------------------------
	 #1 (6.4582e-03, 1.2701e-07): lin 1 (0.0e+00)
Composition correction applied in 65 block(s)
-------------------------------------------------------------------------------------------------------------
 T = 351.023, DT = 1, NI = 1, LI = 1, RES = 7.6e-03 (2.4e-08), CFL=0.912 (ELAPSED 00:00:02, REMAINING 00:00:03 )
-------------------------------------------------------------------------------------------------------------
	 #1 (9.3103e-03, 2.3955e-08): lin 1 (0.0e+00)
Composition correction applied in 79 block(s)
	 #2 (1.1162e-02, 3.1817e-07): lin 1 (0.0e+00)
Composition correction applied in 58 block(s)
-------------------------------------------------------------------------------------------------------------
 T = 352.023, DT = 1, NI = 2, LI = 2, RES = 1.6e-03 (2.9e-07), CFL=0.756 (ELAPSED 00:00:02, REMAINING 00:00:03 )
-------------------------------------------------------------------------------------------------------------
	 #1 (7.1110e-03, 2.8892e-07): lin 1 (0.0e+00)
Composition correction applied in 63 block(s)
	 #2 (1.0273e-02, 1.2075e-07): lin 1 (0.0e+00)
Composition correction applied in 68 block(s)
-------------------------------------------------------------------------------------------------------------
 T = 353.023, DT = 1, NI = 2, LI = 2, RES = 6.4e-04 (7.7e-08), CFL=0.746 (ELAPSED 00:00:02, REMAINING 00:00:03 )
-------------------------------------------------------------------------------------------------------------
	 #1 (6.4998e-03, 7.7188e-08): lin 1 (0.0e+00)
Composition correction applied in 79 block(s)
	 #2 (1.1929e-02, 7.6095e-08): lin 1 (0.0e+00)
Composition correction applied in 59 block(s)
-------------------------------------------------------------------------------------------------------------
 T = 354.023, DT = 1, NI = 2, LI = 2, RES = 5.2e-04 (1.5e-07), CFL=0.756 (ELAPSED 00:00:02, REMAINING 00:00:03 )
-------------------------------------------------------------------------------------------------------------
	 #1 (6.3353e-03, 1.4806e-07): lin 1 (0.0e+00)
Composition correction applied in 80 block(s)
	 #2 (1.0547e-02, 9.5984e-08): lin 1 (0.0e+00)
Composition correction applied in 61 block(s)
-------------------------------------------------------------------------------------------------------------
 T = 355.023, DT = 1, NI = 2, LI = 2, RES = 2.9e-04 (5.1e-08), CFL=0.757 (ELAPSED 00:00:02, REMAINING 00:00:03 )
-------------------------------------------------------------------------------------------------------------
	 #1 (6.3814e-03, 5.0505e-08): lin 1 (0.0e+00)
Composition correction applied in 81 block(s)
	 #2 (1.0863e-02, 7.9036e-08): lin 1 (0.0e+00)
Composition correction applied in 67 block(s)
-------------------------------------------------------------------------------------------------------------
 T = 356.023, DT = 1, NI = 2, LI = 2, RES = 3.9e-04 (8.2e-08), CFL=0.761 (ELAPSED 00:00:02, REMAINING 00:00:03 )
-------------------------------------------------------------------------------------------------------------
	 #1 (6.4709e-03, 8.2148e-08): lin 1 (0.0e+00)
Composition correction applied in 80 block(s)
	 #2 (1.1495e-02, 1.3635e-07): lin 1 (0.0e+00)
Composition correction applied in 81 block(s)
-------------------------------------------------------------------------------------------------------------
 T = 357.023, DT = 1, NI = 2, LI = 2, RES = 7.2e-04 (1.8e-07), CFL=0.750 (ELAPSED 00:00:02, REMAINING 00:00:03 )
-------------------------------------------------------------------------------------------------------------
	 #1 (6.5088e-03, 1.7986e-07): lin 1 (0.0e+00)
Composition correction applied in 74 block(s)
	 #2 (1.3153e-02, 1.5229e-07): lin 1 (0.0e+00)
Composition correction applied in 81 block(s)
-------------------------------------------------------------------------------------------------------------
 T = 358.023, DT = 1, NI = 2, LI = 2, RES = 4.0e-03 (1.1e-07), CFL=0.789 (ELAPSED 00:00:02, REMAINING 00:00:03 )
-------------------------------------------------------------------------------------------------------------
	 #1 (6.2616e-03, 1.1008e-07): lin 1 (0.0e+00)
Composition correction applied in 64 block(s)
	 #2 (1.8066e-02, 7.8307e-08): lin 1 (0.0e+00)
Composition correction applied in 62 block(s)
-------------------------------------------------------------------------------------------------------------
 T = 359.023, DT = 1, NI = 2, LI = 2, RES = 2.3e-03 (6.7e-08), CFL=0.784 (ELAPSED 00:00:02, REMAINING 00:00:03 )
-------------------------------------------------------------------------------------------------------------
	 #1 (6.3308e-03, 6.7282e-08): lin 1 (0.0e+00)
Composition correction applied in 81 block(s)
	 #2 (1.3380e-02, 9.2042e-08): lin 1 (0.0e+00)
Composition correction applied in 64 block(s)
-------------------------------------------------------------------------------------------------------------
 T = 360.023, DT = 1, NI = 2, LI = 2, RES = 9.8e-04 (3.4e-08), CFL=0.770 (ELAPSED 00:00:02, REMAINING 00:00:03 )
-------------------------------------------------------------------------------------------------------------
	 #1 (6.3854e-03, 3.3769e-08): lin 1 (0.0e+00)
Composition correction applied in 82 block(s)
	 #2 (1.0712e-02, 1.2796e-07): lin 1 (0.0e+00)
Composition correction applied in 62 block(s)
-------------------------------------------------------------------------------------------------------------
 T = 361.023, DT = 1, NI = 2, LI = 2, RES = 5.3e-04 (6.2e-08), CFL=0.766 (ELAPSED 00:00:02, REMAINING 00:00:03 )
-------------------------------------------------------------------------------------------------------------
	 #1 (6.4186e-03, 6.1867e-08): lin 1 (0.0e+00)
Composition correction applied in 83 block(s)
	 #2 (1.1062e-02, 8.7754e-08): lin 1 (0.0e+00)
Composition correction applied in 61 block(s)
-------------------------------------------------------------------------------------------------------------
 T = 362.023, DT = 1, NI = 2, LI = 2, RES = 4.6e-04 (1.7e-07), CFL=0.766 (ELAPSED 00:00:02, REMAINING 00:00:03 )
-------------------------------------------------------------------------------------------------------------
	 #1 (6.5079e-03, 1.6930e-07): lin 1 (0.0e+00)
Composition correction applied in 63 block(s)
-------------------------------------------------------------------------------------------------------------
 T = 363.023, DT = 1, NI = 1, LI = 1, RES = 5.8e-03 (7.3e-08), CFL=0.877 (ELAPSED 00:00:02, REMAINING 00:00:03 )
-------------------------------------------------------------------------------------------------------------
	 #1 (7.6631e-03, 7.2943e-08): lin 1 (0.0e+00)
Composition correction applied in 84 block(s)
	 #2 (1.1111e-02, 3.0689e-07): lin 1 (0.0e+00)
Composition correction applied in 64 block(s)
-------------------------------------------------------------------------------------------------------------
 T = 364.023, DT = 1, NI = 2, LI = 2, RES = 1.3e-03 (2.8e-07), CFL=0.765 (ELAPSED 00:00:02, REMAINING 00:00:03 )
-------------------------------------------------------------------------------------------------------------
	 #1 (6.9520e-03, 2.8413e-07): lin 1 (0.0e+00)
Composition correction applied in 67 block(s)
	 #2 (1.0138e-02, 8.8893e-08): lin 1 (0.0e+00)
Composition correction applied in 68 block(s)
-------------------------------------------------------------------------------------------------------------
 T = 365.023, DT = 1, NI = 2, LI = 2, RES = 6.4e-04 (1.4e-08), CFL=0.753 (ELAPSED 00:00:02, REMAINING 00:00:03 )
-------------------------------------------------------------------------------------------------------------
	 #1 (6.5671e-03, 1.4148e-08): lin 1 (0.0e+00)
Composition correction applied in 83 block(s)
	 #2 (1.1992e-02, 5.4097e-08): lin 1 (0.0e+00)
Composition correction applied in 69 block(s)
-------------------------------------------------------------------------------------------------------------
 T = 366.023, DT = 1, NI = 2, LI = 2, RES = 5.2e-04 (3.2e-08), CFL=0.763 (ELAPSED 00:00:02, REMAINING 00:00:03 )
-------------------------------------------------------------------------------------------------------------
	 #1 (6.4123e-03, 3.2216e-08): lin 1 (0.0e+00)
Composition correction applied in 85 block(s)
	 #2 (1.0619e-02, 6.1588e-08): lin 1 (0.0e+00)
Composition correction applied in 65 block(s)
-------------------------------------------------------------------------------------------------------------
 T = 367.023, DT = 1, NI = 2, LI = 2, RES = 5.4e-04 (7.9e-08), CFL=0.770 (ELAPSED 00:00:02, REMAINING 00:00:03 )
-------------------------------------------------------------------------------------------------------------
	 #1 (6.4568e-03, 7.9426e-08): lin 1 (0.0e+00)
Composition correction applied in 84 block(s)
	 #2 (1.1107e-02, 1.1688e-07): lin 1 (0.0e+00)
Composition correction applied in 85 block(s)
-------------------------------------------------------------------------------------------------------------
 T = 368.023, DT = 1, NI = 2, LI = 2, RES = 4.2e-04 (1.6e-07), CFL=0.770 (ELAPSED 00:00:02, REMAINING 00:00:03 )
-------------------------------------------------------------------------------------------------------------
	 #1 (6.5507e-03, 1.5753e-07): lin 1 (0.0e+00)
Composition correction applied in 85 block(s)
-------------------------------------------------------------------------------------------------------------
 T = 369.023, DT = 1, NI = 1, LI = 1, RES = 5.6e-03 (1.6e-07), CFL=0.877 (ELAPSED 00:00:02, REMAINING 00:00:03 )
-------------------------------------------------------------------------------------------------------------
	 #1 (7.5610e-03, 1.6431e-07): lin 1 (0.0e+00)
Composition correction applied in 85 block(s)
	 #2 (1.1202e-02, 3.1684e-07): lin 1 (0.0e+00)
Composition correction applied in 64 block(s)
-------------------------------------------------------------------------------------------------------------
 T = 370.023, DT = 1, NI = 2, LI = 2, RES = 1.3e-03 (3.0e-07), CFL=0.768 (ELAPSED 00:00:02, REMAINING 00:00:03 )
-------------------------------------------------------------------------------------------------------------
	 #1 (7.0001e-03, 2.9941e-07): lin 1 (0.0e+00)
Composition correction applied in 64 block(s)
	 #2 (1.0324e-02, 2.6265e-08): lin 1 (0.0e+00)
Composition correction applied in 66 block(s)
-------------------------------------------------------------------------------------------------------------
 T = 371.023, DT = 1, NI = 2, LI = 2, RES = 6.6e-04 (9.6e-08), CFL=0.757 (ELAPSED 00:00:02, REMAINING 00:00:03 )
-------------------------------------------------------------------------------------------------------------
	 #1 (6.6214e-03, 9.6565e-08): lin 1 (0.0e+00)
Composition correction applied in 85 block(s)
	 #2 (1.2183e-02, 3.6521e-08): lin 1 (0.0e+00)
Composition correction applied in 68 block(s)
-------------------------------------------------------------------------------------------------------------
 T = 372.023, DT = 1, NI = 2, LI = 2, RES = 5.1e-04 (4.4e-08), CFL=0.768 (ELAPSED 00:00:02, REMAINING 00:00:03 )
-------------------------------------------------------------------------------------------------------------
	 #1 (6.4686e-03, 4.3497e-08): lin 1 (0.0e+00)
Composition correction applied in 86 block(s)
	 #2 (1.0744e-02, 9.0023e-08): lin 1 (0.0e+00)
Composition correction applied in 64 block(s)
-------------------------------------------------------------------------------------------------------------
 T = 373.023, DT = 1, NI = 2, LI = 2, RES = 5.3e-04 (6.1e-08), CFL=0.774 (ELAPSED 00:00:02, REMAINING 00:00:03 )
-------------------------------------------------------------------------------------------------------------
	 #1 (6.5113e-03, 6.1374e-08): lin 1 (0.0e+00)
Composition correction applied in 87 block(s)
	 #2 (1.1318e-02, 1.0064e-07): lin 1 (0.0e+00)
Composition correction applied in 66 block(s)
-------------------------------------------------------------------------------------------------------------
 T = 374.023, DT = 1, NI = 2, LI = 2, RES = 6.3e-04 (1.5e-07), CFL=0.774 (ELAPSED 00:00:02, REMAINING 00:00:03 )
-------------------------------------------------------------------------------------------------------------
	 #1 (6.6002e-03, 1.5156e-07): lin 1 (0.0e+00)
Composition correction applied in 65 block(s)
-------------------------------------------------------------------------------------------------------------
 T = 375.023, DT = 1, NI = 1, LI = 1, RES = 6.8e-03 (2.9e-08), CFL=0.912 (ELAPSED 00:00:02, REMAINING 00:00:03 )
-------------------------------------------------------------------------------------------------------------
	 #1 (8.6541e-03, 2.9378e-08): lin 1 (0.0e+00)
Composition correction applied in 88 block(s)
	 #2 (1.1425e-02, 3.6330e-07): lin 1 (0.0e+00)
Composition correction applied in 66 block(s)
-------------------------------------------------------------------------------------------------------------
 T = 376.023, DT = 1, NI = 2, LI = 2, RES = 1.6e-03 (3.4e-07), CFL=0.770 (ELAPSED 00:00:02, REMAINING 00:00:03 )
-------------------------------------------------------------------------------------------------------------
	 #1 (7.2841e-03, 3.3967e-07): lin 1 (0.0e+00)
Composition correction applied in 75 block(s)
	 #2 (1.0883e-02, 2.2234e-09): lin 1 (0.0e+00)
Composition correction applied in 72 block(s)
-------------------------------------------------------------------------------------------------------------
 T = 377.023, DT = 1, NI = 2, LI = 2, RES = 7.2e-04 (9.4e-08), CFL=0.761 (ELAPSED 00:00:02, REMAINING 00:00:03 )
-------------------------------------------------------------------------------------------------------------
	 #1 (6.7040e-03, 9.3858e-08): lin 1 (0.0e+00)
Composition correction applied in 89 block(s)
	 #2 (1.2576e-02, 5.7441e-08): lin 1 (0.0e+00)
Composition correction applied in 66 block(s)
-------------------------------------------------------------------------------------------------------------
 T = 378.023, DT = 1, NI = 2, LI = 2, RES = 8.1e-04 (1.5e-07), CFL=0.780 (ELAPSED 00:00:02, REMAINING 00:00:03 )
-------------------------------------------------------------------------------------------------------------
	 #1 (6.5378e-03, 1.5408e-07): lin 1 (0.0e+00)
Composition correction applied in 89 block(s)
	 #2 (1.0984e-02, 1.0388e-07): lin 1 (0.0e+00)
Composition correction applied in 72 block(s)
-------------------------------------------------------------------------------------------------------------
 T = 379.023, DT = 1, NI = 2, LI = 2, RES = 5.1e-04 (7.4e-08), CFL=0.779 (ELAPSED 00:00:02, REMAINING 00:00:03 )
-------------------------------------------------------------------------------------------------------------
	 #1 (6.5812e-03, 7.3787e-08): lin 1 (0.0e+00)
Composition correction applied in 88 block(s)
	 #2 (1.1616e-02, 1.7436e-07): lin 1 (0.0e+00)
Composition correction applied in 89 block(s)
-------------------------------------------------------------------------------------------------------------
 T = 380.023, DT = 1, NI = 2, LI = 2, RES = 1.1e-03 (1.4e-07), CFL=0.779 (ELAPSED 00:00:02, REMAINING 00:00:03 )
-------------------------------------------------------------------------------------------------------------
	 #1 (6.6521e-03, 1.3950e-07): lin 1 (0.0e+00)
Composition correction applied in 67 block(s)
-------------------------------------------------------------------------------------------------------------
 T = 381.023, DT = 1, NI = 1, LI = 1, RES = 9.2e-03 (1.4e-08), CFL=0.970 (ELAPSED 00:00:02, REMAINING 00:00:03 )
-------------------------------------------------------------------------------------------------------------
	 #1 (1.0869e-02, 1.3886e-08): lin 1 (0.0e+00)
Composition correction applied in 89 block(s)
	 #2 (1.1667e-02, 4.3032e-07): lin 1 (0.0e+00)
Composition correction applied in 68 block(s)
-------------------------------------------------------------------------------------------------------------
 T = 382.023, DT = 1, NI = 2, LI = 2, RES = 1.5e-03 (4.1e-07), CFL=0.769 (ELAPSED 00:00:02, REMAINING 00:00:03 )
-------------------------------------------------------------------------------------------------------------
	 #1 (7.4220e-03, 4.1098e-07): lin 1 (0.0e+00)
Composition correction applied in 67 block(s)
	 #2 (1.1374e-02, 1.0862e-07): lin 1 (0.0e+00)
Composition correction applied in 70 block(s)
-------------------------------------------------------------------------------------------------------------
 T = 383.023, DT = 1, NI = 2, LI = 2, RES = 5.5e-04 (1.3e-08), CFL=0.771 (ELAPSED 00:00:02, REMAINING 00:00:03 )
-------------------------------------------------------------------------------------------------------------
	 #1 (6.6086e-03, 1.3131e-08): lin 1 (0.0e+00)
Composition correction applied in 81 block(s)
	 #2 (1.4208e-02, 4.2322e-08): lin 1 (0.0e+00)
Composition correction applied in 71 block(s)
-------------------------------------------------------------------------------------------------------------
 T = 384.023, DT = 1, NI = 2, LI = 2, RES = 8.5e-04 (1.5e-07), CFL=0.785 (ELAPSED 00:00:02, REMAINING 00:00:03 )
-------------------------------------------------------------------------------------------------------------
	 #1 (6.6547e-03, 1.5409e-07): lin 1 (0.0e+00)
Composition correction applied in 90 block(s)
	 #2 (1.1202e-02, 1.1093e-07): lin 1 (0.0e+00)
Composition correction applied in 68 block(s)
-------------------------------------------------------------------------------------------------------------
 T = 385.023, DT = 1, NI = 2, LI = 2, RES = 3.9e-04 (1.3e-07), CFL=0.783 (ELAPSED 00:00:02, REMAINING 00:00:03 )
-------------------------------------------------------------------------------------------------------------
	 #1 (6.7052e-03, 1.3059e-07): lin 1 (0.0e+00)
Composition correction applied in 91 block(s)
	 #2 (1.1922e-02, 1.2908e-07): lin 1 (0.0e+00)
Composition correction applied in 67 block(s)
-------------------------------------------------------------------------------------------------------------
 T = 386.023, DT = 1, NI = 2, LI = 2, RES = 7.9e-04 (1.7e-07), CFL=0.769 (ELAPSED 00:00:02, REMAINING 00:00:03 )
-------------------------------------------------------------------------------------------------------------
	 #1 (6.7570e-03, 1.6757e-07): lin 1 (0.0e+00)
Composition correction applied in 94 block(s)
	 #2 (1.3947e-02, 1.5039e-07): lin 1 (0.0e+00)
Composition correction applied in 74 block(s)
-------------------------------------------------------------------------------------------------------------
 T = 387.023, DT = 1, NI = 2, LI = 2, RES = 4.5e-03 (5.7e-08), CFL=0.814 (ELAPSED 00:00:02, REMAINING 00:00:03 )
-------------------------------------------------------------------------------------------------------------
	 #1 (6.5148e-03, 5.7368e-08): lin 1 (0.0e+00)
Composition correction applied in 83 block(s)
	 #2 (1.2357e-02, 9.7102e-08): lin 1 (0.0e+00)
Composition correction applied in 68 block(s)
-------------------------------------------------------------------------------------------------------------
 T = 388.023, DT = 1, NI = 2, LI = 2, RES = 1.2e-03 (1.5e-07), CFL=0.783 (ELAPSED 00:00:02, REMAINING 00:00:03 )
-------------------------------------------------------------------------------------------------------------
	 #1 (6.6572e-03, 1.4741e-07): lin 1 (0.0e+00)
Composition correction applied in 92 block(s)
	 #2 (1.4192e-02, 3.4207e-08): lin 1 (0.0e+00)
Composition correction applied in 69 block(s)
-------------------------------------------------------------------------------------------------------------
 T = 389.023, DT = 1, NI = 2, LI = 2, RES = 9.3e-04 (1.3e-07), CFL=0.789 (ELAPSED 00:00:02, REMAINING 00:00:03 )
-------------------------------------------------------------------------------------------------------------
	 #1 (6.6139e-03, 1.3079e-07): lin 1 (0.0e+00)
Composition correction applied in 93 block(s)
	 #2 (1.1459e-02, 1.2473e-07): lin 1 (0.0e+00)
Composition correction applied in 70 block(s)
-------------------------------------------------------------------------------------------------------------
 T = 390.023, DT = 1, NI = 2, LI = 2, RES = 4.0e-04 (1.3e-07), CFL=0.786 (ELAPSED 00:00:02, REMAINING 00:00:03 )
-------------------------------------------------------------------------------------------------------------
	 #1 (6.7227e-03, 1.2835e-07): lin 1 (0.0e+00)
Composition correction applied in 92 block(s)
	 #2 (1.1968e-02, 1.3588e-07): lin 1 (0.0e+00)
Composition correction applied in 93 block(s)
-------------------------------------------------------------------------------------------------------------
 T = 391.023, DT = 1, NI = 2, LI = 2, RES = 8.3e-04 (1.8e-07), CFL=0.771 (ELAPSED 00:00:02, REMAINING 00:00:03 )
-------------------------------------------------------------------------------------------------------------
	 #1 (6.7795e-03, 1.7928e-07): lin 1 (0.0e+00)
Composition correction applied in 72 block(s)
	 #2 (1.4077e-02, 1.6036e-07): lin 1 (0.0e+00)
Composition correction applied in 94 block(s)
-------------------------------------------------------------------------------------------------------------
 T = 392.023, DT = 1, NI = 2, LI = 2, RES = 4.7e-03 (8.7e-08), CFL=0.819 (ELAPSED 00:00:02, REMAINING 00:00:03 )
-------------------------------------------------------------------------------------------------------------
	 #1 (6.5725e-03, 8.6631e-08): lin 1 (0.0e+00)
Composition correction applied in 70 block(s)
	 #2 (1.2639e-02, 1.3700e-07): lin 1 (0.0e+00)
Composition correction applied in 70 block(s)
-------------------------------------------------------------------------------------------------------------
 T = 393.023, DT = 1, NI = 2, LI = 2, RES = 1.2e-03 (1.4e-07), CFL=0.787 (ELAPSED 00:00:02, REMAINING 00:00:03 )
-------------------------------------------------------------------------------------------------------------
	 #1 (6.6768e-03, 1.4026e-07): lin 1 (0.0e+00)
Composition correction applied in 93 block(s)
	 #2 (1.4374e-02, 3.9874e-08): lin 1 (0.0e+00)
Composition correction applied in 72 block(s)
-------------------------------------------------------------------------------------------------------------
 T = 394.023, DT = 1, NI = 2, LI = 2, RES = 9.1e-04 (1.0e-07), CFL=0.792 (ELAPSED 00:00:02, REMAINING 00:00:03 )
-------------------------------------------------------------------------------------------------------------
	 #1 (6.6500e-03, 1.0464e-07): lin 1 (0.0e+00)
Composition correction applied in 94 block(s)
	 #2 (1.1482e-02, 1.1214e-07): lin 1 (0.0e+00)
Composition correction applied in 70 block(s)
-------------------------------------------------------------------------------------------------------------
 T = 395.023, DT = 1, NI = 2, LI = 2, RES = 4.8e-04 (1.0e-07), CFL=0.789 (ELAPSED 00:00:02, REMAINING 00:00:03 )
-------------------------------------------------------------------------------------------------------------
	 #1 (6.7572e-03, 1.0165e-07): lin 1 (0.0e+00)
Composition correction applied in 75 block(s)
-------------------------------------------------------------------------------------------------------------
 T = 396.023, DT = 1, NI = 1, LI = 1, RES = 6.4e-03 (9.7e-08), CFL=0.915 (ELAPSED 00:00:02, REMAINING 00:00:03 )
-------------------------------------------------------------------------------------------------------------
	 #1 (8.2390e-03, 9.7510e-08): lin 1 (0.0e+00)
Composition correction applied in 95 block(s)
	 #2 (1.1740e-02, 4.1431e-07): lin 1 (0.0e+00)
Composition correction applied in 70 block(s)
-------------------------------------------------------------------------------------------------------------
 T = 397.023, DT = 1, NI = 2, LI = 2, RES = 1.6e-03 (4.3e-07), CFL=0.780 (ELAPSED 00:00:02, REMAINING 00:00:03 )
-------------------------------------------------------------------------------------------------------------
	 #1 (7.4962e-03, 4.2551e-07): lin 1 (0.0e+00)
Composition correction applied in 74 block(s)
	 #2 (1.1380e-02, 5.4960e-08): lin 1 (0.0e+00)
Composition correction applied in 78 block(s)
-------------------------------------------------------------------------------------------------------------
 T = 398.023, DT = 1, NI = 2, LI = 2, RES = 5.7e-04 (4.0e-08), CFL=0.781 (ELAPSED 00:00:02, REMAINING 00:00:03 )
-------------------------------------------------------------------------------------------------------------
	 #1 (6.7333e-03, 4.0160e-08): lin 1 (0.0e+00)
Composition correction applied in 95 block(s)
	 #2 (1.4306e-02, 1.0603e-07): lin 1 (0.0e+00)
Composition correction applied in 76 block(s)
-------------------------------------------------------------------------------------------------------------
 T = 399.023, DT = 1, NI = 2, LI = 2, RES = 8.8e-04 (5.6e-08), CFL=0.796 (ELAPSED 00:00:02, REMAINING 00:00:03 )
-------------------------------------------------------------------------------------------------------------
	 #1 (6.7742e-03, 5.5968e-08): lin 1 (0.0e+00)
Composition correction applied in 96 block(s)
	 #2 (1.1473e-02, 1.2914e-07): lin 1 (0.0e+00)
Composition correction applied in 74 block(s)
-------------------------------------------------------------------------------------------------------------
 T = 400.023, DT = 1, NI = 2, LI = 2, RES = 4.1e-04 (1.0e-07), CFL=0.794 (ELAPSED 00:00:02, REMAINING 00:00:03 )
-------------------------------------------------------------------------------------------------------------
	 #1 (6.8245e-03, 1.0420e-07): lin 1 (0.0e+00)
Composition correction applied in 97 block(s)
	 #2 (1.2160e-02, 1.4725e-07): lin 1 (0.0e+00)
Composition correction applied in 72 block(s)
-------------------------------------------------------------------------------------------------------------
 T = 401.023, DT = 1, NI = 2, LI = 2, RES = 1.1e-03 (2.1e-07), CFL=0.777 (ELAPSED 00:00:02, REMAINING 00:00:03 )
-------------------------------------------------------------------------------------------------------------
	 #1 (7.0238e-03, 2.0704e-07): lin 1 (0.0e+00)
Composition correction applied in 96 block(s)
	 #2 (1.6551e-02, 1.0577e-07): lin 1 (0.0e+00)
Composition correction applied in 97 block(s)
-------------------------------------------------------------------------------------------------------------
 T = 402.023, DT = 1, NI = 2, LI = 2, RES = 5.3e-03 (1.0e-07), CFL=0.844 (ELAPSED 00:00:02, REMAINING 00:00:03 )
-------------------------------------------------------------------------------------------------------------
	 #1 (7.1802e-03, 1.0093e-07): lin 1 (0.0e+00)
Composition correction applied in 98 block(s)
	 #2 (1.3272e-02, 1.0311e-07): lin 1 (0.0e+00)
Composition correction applied in 98 block(s)
-------------------------------------------------------------------------------------------------------------
 T = 403.023, DT = 1, NI = 2, LI = 2, RES = 1.2e-03 (7.2e-08), CFL=0.796 (ELAPSED 00:00:02, REMAINING 00:00:03 )
-------------------------------------------------------------------------------------------------------------
	 #1 (6.7927e-03, 7.2348e-08): lin 1 (0.0e+00)
Composition correction applied in 98 block(s)
	 #2 (1.4751e-02, 8.8395e-08): lin 1 (0.0e+00)
Composition correction applied in 73 block(s)
-------------------------------------------------------------------------------------------------------------
 T = 404.023, DT = 1, NI = 2, LI = 2, RES = 9.0e-04 (1.3e-07), CFL=0.801 (ELAPSED 00:00:02, REMAINING 00:00:03 )
-------------------------------------------------------------------------------------------------------------
	 #1 (6.7553e-03, 1.3413e-07): lin 1 (0.0e+00)
Composition correction applied in 97 block(s)
	 #2 (1.1887e-02, 1.3183e-07): lin 1 (0.0e+00)
Composition correction applied in 73 block(s)
-------------------------------------------------------------------------------------------------------------
 T = 405.023, DT = 1, NI = 2, LI = 2, RES = 9.4e-04 (1.2e-07), CFL=0.798 (ELAPSED 00:00:02, REMAINING 00:00:03 )
-------------------------------------------------------------------------------------------------------------
	 #1 (6.8504e-03, 1.1562e-07): lin 1 (0.0e+00)
Composition correction applied in 78 block(s)
-------------------------------------------------------------------------------------------------------------
 T = 406.023, DT = 1, NI = 1, LI = 1, RES = 8.9e-03 (1.6e-07), CFL=0.982 (ELAPSED 00:00:02, REMAINING 00:00:03 )
-------------------------------------------------------------------------------------------------------------
	 #1 (1.0579e-02, 1.5548e-07): lin 1 (0.0e+00)
Composition correction applied in 99 block(s)
	 #2 (1.2096e-02, 5.2224e-07): lin 1 (0.0e+00)
Composition correction applied in 80 block(s)
-------------------------------------------------------------------------------------------------------------
 T = 407.023, DT = 1, NI = 2, LI = 2, RES = 1.6e-03 (5.2e-07), CFL=0.785 (ELAPSED 00:00:02, REMAINING 00:00:03 )
-------------------------------------------------------------------------------------------------------------
	 #1 (7.6759e-03, 5.1623e-07): lin 1 (0.0e+00)
Composition correction applied in 76 block(s)
	 #2 (1.2066e-02, 7.3908e-08): lin 1 (0.0e+00)
Composition correction applied in 80 block(s)
-------------------------------------------------------------------------------------------------------------
 T = 408.023, DT = 1, NI = 2, LI = 2, RES = 5.7e-04 (1.0e-07), CFL=0.791 (ELAPSED 00:00:02, REMAINING 00:00:03 )
-------------------------------------------------------------------------------------------------------------
	 #1 (6.8292e-03, 1.0321e-07): lin 1 (0.0e+00)
Composition correction applied in 99 block(s)
	 #2 (1.4920e-02, 5.9132e-08): lin 1 (0.0e+00)
Composition correction applied in 74 block(s)
-------------------------------------------------------------------------------------------------------------
 T = 409.023, DT = 1, NI = 2, LI = 2, RES = 9.0e-04 (1.3e-07), CFL=0.807 (ELAPSED 00:00:02, REMAINING 00:00:03 )
-------------------------------------------------------------------------------------------------------------
	 #1 (6.8322e-03, 1.3362e-07): lin 1 (0.0e+00)
Composition correction applied in 100 block(s)
	 #2 (1.2076e-02, 1.4846e-07): lin 1 (0.0e+00)
Composition correction applied in 78 block(s)
-------------------------------------------------------------------------------------------------------------
 T = 410.023, DT = 1, NI = 2, LI = 2, RES = 1.1e-03 (1.4e-07), CFL=0.803 (ELAPSED 00:00:02, REMAINING 00:00:03 )
-------------------------------------------------------------------------------------------------------------
	 #1 (6.9212e-03, 1.3977e-07): lin 1 (0.0e+00)
Composition correction applied in 76 block(s)
-------------------------------------------------------------------------------------------------------------
 T = 411.023, DT = 1, NI = 1, LI = 1, RES = 9.8e-03 (1.2e-07), CFL=1.009 (ELAPSED 00:00:02, REMAINING 00:00:03 )
-------------------------------------------------------------------------------------------------------------
	 #1 (1.1507e-02, 1.2199e-07): lin 1 (0.0e+00)
Composition correction applied in 101 block(s)
	 #2 (1.2262e-02, 5.7067e-07): lin 1 (0.0e+00)
Composition correction applied in 75 block(s)
-------------------------------------------------------------------------------------------------------------
 T = 412.023, DT = 1, NI = 2, LI = 2, RES = 1.6e-03 (5.7e-07), CFL=0.788 (ELAPSED 00:00:02, REMAINING 00:00:03 )
-------------------------------------------------------------------------------------------------------------
	 #1 (7.7684e-03, 5.6705e-07): lin 1 (0.0e+00)
Composition correction applied in 97 block(s)
	 #2 (1.2379e-02, 6.5509e-08): lin 1 (0.0e+00)
Composition correction applied in 80 block(s)
-------------------------------------------------------------------------------------------------------------
 T = 413.023, DT = 1, NI = 2, LI = 2, RES = 5.5e-04 (1.3e-07), CFL=0.796 (ELAPSED 00:00:02, REMAINING 00:00:03 )
-------------------------------------------------------------------------------------------------------------
	 #1 (6.8886e-03, 1.2952e-07): lin 1 (0.0e+00)
Composition correction applied in 102 block(s)
	 #2 (1.1254e-02, 1.0940e-07): lin 1 (0.0e+00)
Composition correction applied in 102 block(s)
-------------------------------------------------------------------------------------------------------------
 T = 414.023, DT = 1, NI = 2, LI = 2, RES = 5.4e-04 (8.9e-08), CFL=0.805 (ELAPSED 00:00:02, REMAINING 00:00:03 )
-------------------------------------------------------------------------------------------------------------
	 #1 (6.8772e-03, 8.9050e-08): lin 1 (0.0e+00)
Composition correction applied in 101 block(s)
	 #2 (1.2299e-02, 1.5126e-07): lin 1 (0.0e+00)
Composition correction applied in 76 block(s)
-------------------------------------------------------------------------------------------------------------
 T = 415.023, DT = 1, NI = 2, LI = 2, RES = 1.7e-03 (1.7e-07), CFL=0.806 (ELAPSED 00:00:02, REMAINING 00:00:03 )
-------------------------------------------------------------------------------------------------------------
	 #1 (6.9851e-03, 1.6951e-07): lin 1 (0.0e+00)
Composition correction applied in 78 block(s)
	 #2 (1.2464e-02, 3.1912e-08): lin 1 (0.0e+00)
Composition correction applied in 102 block(s)
-------------------------------------------------------------------------------------------------------------
 T = 416.023, DT = 1, NI = 2, LI = 2, RES = 5.0e-03 (7.5e-08), CFL=0.845 (ELAPSED 00:00:02, REMAINING 00:00:03 )
-------------------------------------------------------------------------------------------------------------
	 #1 (7.1016e-03, 7.4635e-08): lin 1 (0.0e+00)
Composition correction applied in 102 block(s)
	 #2 (1.3041e-02, 1.2259e-07): lin 1 (0.0e+00)
Composition correction applied in 78 block(s)
-------------------------------------------------------------------------------------------------------------
 T = 417.023, DT = 1, NI = 2, LI = 2, RES = 1.3e-03 (3.4e-08), CFL=0.805 (ELAPSED 00:00:02, REMAINING 00:00:03 )
-------------------------------------------------------------------------------------------------------------
	 #1 (6.9263e-03, 3.3820e-08): lin 1 (0.0e+00)
Composition correction applied in 102 block(s)
	 #2 (1.4819e-02, 1.2810e-07): lin 1 (0.0e+00)
Composition correction applied in 79 block(s)
-------------------------------------------------------------------------------------------------------------
 T = 418.023, DT = 1, NI = 2, LI = 2, RES = 9.2e-04 (1.3e-07), CFL=0.812 (ELAPSED 00:00:02, REMAINING 00:00:03 )
-------------------------------------------------------------------------------------------------------------
	 #1 (6.8829e-03, 1.2524e-07): lin 1 (0.0e+00)
Composition correction applied in 103 block(s)
	 #2 (1.2134e-02, 1.5488e-07): lin 1 (0.0e+00)
Composition correction applied in 77 block(s)
-------------------------------------------------------------------------------------------------------------
 T = 419.023, DT = 1, NI = 2, LI = 2, RES = 1.1e-03 (1.7e-07), CFL=0.809 (ELAPSED 00:00:02, REMAINING 00:00:03 )
-------------------------------------------------------------------------------------------------------------
	 #1 (6.9798e-03, 1.6839e-07): lin 1 (0.0e+00)
Composition correction applied in 83 block(s)
-------------------------------------------------------------------------------------------------------------
 T = 420.023, DT = 1, NI = 1, LI = 1, RES = 9.8e-03 (1.3e-07), CFL=1.015 (ELAPSED 00:00:02, REMAINING 00:00:03 )
-------------------------------------------------------------------------------------------------------------
	 #1 (1.1493e-02, 1.2825e-07): lin 1 (0.0e+00)
Composition correction applied in 104 block(s)
	 #2 (1.2420e-02, 6.1498e-07): lin 1 (0.0e+00)
Composition correction applied in 85 block(s)
-------------------------------------------------------------------------------------------------------------
 T = 421.023, DT = 1, NI = 2, LI = 2, RES = 1.6e-03 (6.1e-07), CFL=0.794 (ELAPSED 00:00:02, REMAINING 00:00:03 )
-------------------------------------------------------------------------------------------------------------
	 #1 (7.8609e-03, 6.1249e-07): lin 1 (0.0e+00)
Composition correction applied in 90 block(s)
	 #2 (1.2605e-02, 1.5155e-07): lin 1 (0.0e+00)
Composition correction applied in 78 block(s)
-------------------------------------------------------------------------------------------------------------
 T = 422.023, DT = 1, NI = 2, LI = 2, RES = 5.4e-04 (6.8e-08), CFL=0.803 (ELAPSED 00:00:02, REMAINING 00:00:03 )
-------------------------------------------------------------------------------------------------------------
	 #1 (6.9787e-03, 6.8362e-08): lin 1 (0.0e+00)
Composition correction applied in 105 block(s)
	 #2 (1.1647e-02, 1.6738e-07): lin 1 (0.0e+00)
Composition correction applied in 81 block(s)
-------------------------------------------------------------------------------------------------------------
 T = 423.023, DT = 1, NI = 2, LI = 2, RES = 5.3e-04 (1.0e-07), CFL=0.813 (ELAPSED 00:00:02, REMAINING 00:00:03 )
-------------------------------------------------------------------------------------------------------------
	 #1 (6.9740e-03, 1.0357e-07): lin 1 (0.0e+00)
Composition correction applied in 104 block(s)
	 #2 (1.2505e-02, 1.7471e-07): lin 1 (0.0e+00)
Composition correction applied in 87 block(s)
-------------------------------------------------------------------------------------------------------------
 T = 424.023, DT = 1, NI = 2, LI = 2, RES = 8.6e-04 (2.2e-07), CFL=0.798 (ELAPSED 00:00:02, REMAINING 00:00:03 )
-------------------------------------------------------------------------------------------------------------
	 #1 (7.0929e-03, 2.2214e-07): lin 1 (0.0e+00)
Composition correction applied in 105 block(s)
	 #2 (1.5169e-02, 1.3265e-07): lin 1 (0.0e+00)
Composition correction applied in 106 block(s)
-------------------------------------------------------------------------------------------------------------
 T = 425.023, DT = 1, NI = 2, LI = 2, RES = 5.5e-03 (1.4e-07), CFL=0.860 (ELAPSED 00:00:02, REMAINING 00:00:03 )
-------------------------------------------------------------------------------------------------------------
	 #1 (7.2532e-03, 1.4093e-07): lin 1 (0.0e+00)
Composition correction applied in 82 block(s)
	 #2 (1.3865e-02, 8.1259e-08): lin 1 (0.0e+00)
Composition correction applied in 79 block(s)
-------------------------------------------------------------------------------------------------------------
 T = 426.023, DT = 1, NI = 2, LI = 2, RES = 1.3e-03 (7.8e-08), CFL=0.814 (ELAPSED 00:00:02, REMAINING 00:00:03 )
-------------------------------------------------------------------------------------------------------------
	 #1 (7.0101e-03, 7.8326e-08): lin 1 (0.0e+00)
Composition correction applied in 106 block(s)
	 #2 (1.1511e-02, 1.1161e-07): lin 1 (0.0e+00)
Composition correction applied in 81 block(s)
-------------------------------------------------------------------------------------------------------------
 T = 427.023, DT = 1, NI = 2, LI = 2, RES = 5.5e-04 (1.0e-07), CFL=0.814 (ELAPSED 00:00:02, REMAINING 00:00:03 )
-------------------------------------------------------------------------------------------------------------
	 #1 (6.9724e-03, 1.0311e-07): lin 1 (0.0e+00)
Composition correction applied in 106 block(s)
	 #2 (1.2496e-02, 1.7213e-07): lin 1 (0.0e+00)
Composition correction applied in 82 block(s)
-------------------------------------------------------------------------------------------------------------
 T = 428.023, DT = 1, NI = 2, LI = 2, RES = 8.2e-04 (2.2e-07), CFL=0.802 (ELAPSED 00:00:02, REMAINING 00:00:03 )
-------------------------------------------------------------------------------------------------------------
	 #1 (7.1061e-03, 2.1725e-07): lin 1 (0.0e+00)
Composition correction applied in 98 block(s)
	 #2 (1.5147e-02, 1.0754e-07): lin 1 (0.0e+00)
Composition correction applied in 79 block(s)
-------------------------------------------------------------------------------------------------------------
 T = 429.023, DT = 1, NI = 2, LI = 2, RES = 5.4e-03 (1.3e-07), CFL=0.862 (ELAPSED 00:00:02, REMAINING 00:00:03 )
-------------------------------------------------------------------------------------------------------------
	 #1 (7.1788e-03, 1.3014e-07): lin 1 (0.0e+00)
Composition correction applied in 84 block(s)
	 #2 (1.3779e-02, 6.7289e-08): lin 1 (0.0e+00)
Composition correction applied in 81 block(s)
-------------------------------------------------------------------------------------------------------------
 T = 430.023, DT = 1, NI = 2, LI = 2, RES = 1.3e-03 (1.2e-07), CFL=0.817 (ELAPSED 00:00:02, REMAINING 00:00:03 )
-------------------------------------------------------------------------------------------------------------
	 #1 (7.0503e-03, 1.2398e-07): lin 1 (0.0e+00)
Composition correction applied in 107 block(s)
	 #2 (1.1499e-02, 1.0888e-07): lin 1 (0.0e+00)
Composition correction applied in 80 block(s)
-------------------------------------------------------------------------------------------------------------
 T = 431.023, DT = 1, NI = 2, LI = 2, RES = 5.6e-04 (1.4e-07), CFL=0.817 (ELAPSED 00:00:02, REMAINING 00:00:03 )
-------------------------------------------------------------------------------------------------------------
	 #1 (7.0058e-03, 1.4366e-07): lin 1 (0.0e+00)
Composition correction applied in 109 block(s)
	 #2 (1.2542e-02, 1.7373e-07): lin 1 (0.0e+00)
Composition correction applied in 85 block(s)
-------------------------------------------------------------------------------------------------------------
 T = 432.023, DT = 1, NI = 2, LI = 2, RES = 8.2e-04 (2.2e-07), CFL=0.805 (ELAPSED 00:00:02, REMAINING 00:00:03 )
-------------------------------------------------------------------------------------------------------------
	 #1 (7.1392e-03, 2.2034e-07): lin 1 (0.0e+00)
Composition correction applied in 102 block(s)
	 #2 (1.5254e-02, 1.0285e-07): lin 1 (0.0e+00)
Composition correction applied in 86 block(s)
-------------------------------------------------------------------------------------------------------------
 T = 433.023, DT = 1, NI = 2, LI = 2, RES = 5.4e-03 (8.8e-08), CFL=0.866 (ELAPSED 00:00:02, REMAINING 00:00:03 )
-------------------------------------------------------------------------------------------------------------
	 #1 (7.2039e-03, 8.8064e-08): lin 1 (0.0e+00)
Composition correction applied in 97 block(s)
	 #2 (1.3894e-02, 7.0585e-08): lin 1 (0.0e+00)
Composition correction applied in 81 block(s)
-------------------------------------------------------------------------------------------------------------
 T = 434.023, DT = 1, NI = 2, LI = 2, RES = 1.3e-03 (1.1e-07), CFL=0.820 (ELAPSED 00:00:02, REMAINING 00:00:03 )
-------------------------------------------------------------------------------------------------------------
	 #1 (7.0892e-03, 1.1483e-07): lin 1 (0.0e+00)
Composition correction applied in 109 block(s)
	 #2 (1.1655e-02, 1.1699e-07): lin 1 (0.0e+00)
Composition correction applied in 103 block(s)
-------------------------------------------------------------------------------------------------------------
 T = 435.023, DT = 1, NI = 2, LI = 2, RES = 5.6e-04 (1.1e-07), CFL=0.821 (ELAPSED 00:00:02, REMAINING 00:00:03 )
-------------------------------------------------------------------------------------------------------------
	 #1 (7.0379e-03, 1.0755e-07): lin 1 (0.0e+00)
Composition correction applied in 110 block(s)
	 #2 (1.2627e-02, 1.8015e-07): lin 1 (0.0e+00)
Composition correction applied in 110 block(s)
-------------------------------------------------------------------------------------------------------------
 T = 436.023, DT = 1, NI = 2, LI = 2, RES = 8.7e-04 (2.4e-07), CFL=0.807 (ELAPSED 00:00:02, REMAINING 00:00:03 )
-------------------------------------------------------------------------------------------------------------
	 #1 (7.1747e-03, 2.3710e-07): lin 1 (0.0e+00)
Composition correction applied in 89 block(s)
	 #2 (1.5451e-02, 1.5446e-07): lin 1 (0.0e+00)
Composition correction applied in 83 block(s)
-------------------------------------------------------------------------------------------------------------
 T = 437.023, DT = 1, NI = 2, LI = 2, RES = 5.7e-03 (9.2e-08), CFL=0.871 (ELAPSED 00:00:02, REMAINING 00:00:03 )
-------------------------------------------------------------------------------------------------------------
	 #1 (7.3244e-03, 9.1793e-08): lin 1 (0.0e+00)
Composition correction applied in 110 block(s)
	 #2 (1.4216e-02, 5.6299e-08): lin 1 (0.0e+00)
Composition correction applied in 84 block(s)
-------------------------------------------------------------------------------------------------------------
 T = 438.023, DT = 1, NI = 2, LI = 2, RES = 1.2e-03 (1.3e-07), CFL=0.824 (ELAPSED 00:00:02, REMAINING 00:00:03 )
-------------------------------------------------------------------------------------------------------------
	 #1 (7.1242e-03, 1.3195e-07): lin 1 (0.0e+00)
Composition correction applied in 110 block(s)
	 #2 (1.2034e-02, 1.7659e-07): lin 1 (0.0e+00)
Composition correction applied in 85 block(s)
-------------------------------------------------------------------------------------------------------------
 T = 439.023, DT = 1, NI = 2, LI = 2, RES = 5.4e-04 (1.2e-07), CFL=0.825 (ELAPSED 00:00:02, REMAINING 00:00:03 )
-------------------------------------------------------------------------------------------------------------
	 #1 (7.0966e-03, 1.2064e-07): lin 1 (0.0e+00)
Composition correction applied in 111 block(s)
	 #2 (1.2742e-02, 1.9820e-07): lin 1 (0.0e+00)
Composition correction applied in 88 block(s)
-------------------------------------------------------------------------------------------------------------
 T = 440.023, DT = 1, NI = 2, LI = 2, RES = 1.2e-03 (2.8e-07), CFL=0.806 (ELAPSED 00:00:02, REMAINING 00:00:03 )
-------------------------------------------------------------------------------------------------------------
	 #1 (7.3802e-03, 2.7784e-07): lin 1 (0.0e+00)
Composition correction applied in 102 block(s)
	 #2 (1.8077e-02, 5.9795e-08): lin 1 (0.0e+00)
Composition correction applied in 94 block(s)
-------------------------------------------------------------------------------------------------------------
 T = 441.023, DT = 1, NI = 2, LI = 2, RES = 2.6e-03 (1.8e-08), CFL=0.847 (ELAPSED 00:00:02, REMAINING 00:00:03 )
-------------------------------------------------------------------------------------------------------------
	 #1 (7.0133e-03, 1.8372e-08): lin 1 (0.0e+00)
Composition correction applied in 86 block(s)
	 #2 (1.3838e-02, 5.3522e-08): lin 1 (0.0e+00)
Composition correction applied in 95 block(s)
-------------------------------------------------------------------------------------------------------------
 T = 442.023, DT = 1, NI = 2, LI = 2, RES = 1.0e-03 (7.1e-08), CFL=0.831 (ELAPSED 00:00:02, REMAINING 00:00:03 )
-------------------------------------------------------------------------------------------------------------
	 #1 (7.1405e-03, 7.0898e-08): lin 1 (0.0e+00)
Composition correction applied in 113 block(s)
	 #2 (1.2295e-02, 1.5943e-07): lin 1 (0.0e+00)
Composition correction applied in 85 block(s)
-------------------------------------------------------------------------------------------------------------
 T = 443.023, DT = 1, NI = 2, LI = 2, RES = 4.4e-04 (1.3e-07), CFL=0.829 (ELAPSED 00:00:02, REMAINING 00:00:03 )
-------------------------------------------------------------------------------------------------------------
	 #1 (7.2135e-03, 1.2898e-07): lin 1 (0.0e+00)
Composition correction applied in 113 block(s)
	 #2 (1.2828e-02, 2.2397e-07): lin 1 (0.0e+00)
Composition correction applied in 84 block(s)
-------------------------------------------------------------------------------------------------------------
 T = 444.023, DT = 1, NI = 2, LI = 2, RES = 1.2e-03 (3.1e-07), CFL=0.808 (ELAPSED 00:00:02, REMAINING 00:00:03 )
-------------------------------------------------------------------------------------------------------------
	 #1 (7.4401e-03, 3.1396e-07): lin 1 (0.0e+00)
Composition correction applied in 104 block(s)
	 #2 (1.8546e-02, 1.4258e-08): lin 1 (0.0e+00)
Composition correction applied in 88 block(s)
-------------------------------------------------------------------------------------------------------------
 T = 445.023, DT = 1, NI = 2, LI = 2, RES = 2.4e-03 (1.0e-08), CFL=0.849 (ELAPSED 00:00:02, REMAINING 00:00:03 )
-------------------------------------------------------------------------------------------------------------
	 #1 (7.0696e-03, 1.0183e-08): lin 1 (0.0e+00)
Composition correction applied in 104 block(s)
	 #2 (1.4931e-02, 1.2314e-07): lin 1 (0.0e+00)
Composition correction applied in 114 block(s)
-------------------------------------------------------------------------------------------------------------
 T = 446.023, DT = 1, NI = 2, LI = 2, RES = 1.0e-03 (5.0e-08), CFL=0.837 (ELAPSED 00:00:02, REMAINING 00:00:03 )
-------------------------------------------------------------------------------------------------------------
	 #1 (7.1888e-03, 5.0244e-08): lin 1 (0.0e+00)
Composition correction applied in 114 block(s)
	 #2 (1.2592e-02, 1.8515e-07): lin 1 (0.0e+00)
Composition correction applied in 114 block(s)
-------------------------------------------------------------------------------------------------------------
 T = 447.023, DT = 1, NI = 2, LI = 2, RES = 5.2e-04 (1.4e-07), CFL=0.834 (ELAPSED 00:00:02, REMAINING 00:00:03 )
-------------------------------------------------------------------------------------------------------------
	 #1 (7.2475e-03, 1.4117e-07): lin 1 (0.0e+00)
Composition correction applied in 86 block(s)
-------------------------------------------------------------------------------------------------------------
 T = 448.023, DT = 1, NI = 1, LI = 1, RES = 7.6e-03 (1.1e-07), CFL=0.990 (ELAPSED 00:00:02, REMAINING 00:00:03 )
-------------------------------------------------------------------------------------------------------------
	 #1 (9.4973e-03, 1.1294e-07): lin 1 (0.0e+00)
Composition correction applied in 114 block(s)
	 #2 (1.2905e-02, 7.0747e-07): lin 1 (0.0e+00)
Composition correction applied in 87 block(s)
-------------------------------------------------------------------------------------------------------------
 T = 449.023, DT = 1, NI = 2, LI = 2, RES = 1.7e-03 (7.6e-07), CFL=0.815 (ELAPSED 00:00:02, REMAINING 00:00:03 )
-------------------------------------------------------------------------------------------------------------
	 #1 (8.1487e-03, 7.6279e-07): lin 1 (0.0e+00)
Composition correction applied in 115 block(s)
	 #2 (1.3248e-02, 7.5583e-08): lin 1 (0.0e+00)
Composition correction applied in 89 block(s)
-------------------------------------------------------------------------------------------------------------
 T = 450.023, DT = 1, NI = 2, LI = 2, RES = 9.0e-04 (1.2e-07), CFL=0.836 (ELAPSED 00:00:02, REMAINING 00:00:03 )
-------------------------------------------------------------------------------------------------------------
	 #1 (7.2725e-03, 1.2202e-07): lin 1 (0.0e+00)
Composition correction applied in 115 block(s)
	 #2 (1.2643e-02, 1.7916e-07): lin 1 (0.0e+00)
Composition correction applied in 87 block(s)
-------------------------------------------------------------------------------------------------------------
 T = 451.023, DT = 1, NI = 2, LI = 2, RES = 4.8e-04 (1.5e-07), CFL=0.837 (ELAPSED 00:00:02, REMAINING 00:00:03 )
-------------------------------------------------------------------------------------------------------------
	 #1 (7.3211e-03, 1.4722e-07): lin 1 (0.0e+00)
Composition correction applied in 86 block(s)
-------------------------------------------------------------------------------------------------------------
 T = 452.023, DT = 1, NI = 1, LI = 1, RES = 7.6e-03 (9.7e-08), CFL=0.991 (ELAPSED 00:00:02, REMAINING 00:00:03 )
-------------------------------------------------------------------------------------------------------------
	 #1 (9.4261e-03, 9.7449e-08): lin 1 (0.0e+00)
Composition correction applied in 117 block(s)
	 #2 (1.3010e-02, 7.2908e-07): lin 1 (0.0e+00)
Composition correction applied in 87 block(s)
-------------------------------------------------------------------------------------------------------------
 T = 453.023, DT = 1, NI = 2, LI = 2, RES = 1.8e-03 (8.0e-07), CFL=0.818 (ELAPSED 00:00:02, REMAINING 00:00:03 )
-------------------------------------------------------------------------------------------------------------
	 #1 (8.2142e-03, 7.9993e-07): lin 1 (0.0e+00)
Composition correction applied in 116 block(s)
	 #2 (1.3417e-02, 1.0329e-07): lin 1 (0.0e+00)
Composition correction applied in 87 block(s)
-------------------------------------------------------------------------------------------------------------
 T = 454.023, DT = 1, NI = 2, LI = 2, RES = 8.8e-04 (8.1e-08), CFL=0.840 (ELAPSED 00:00:02, REMAINING 00:00:03 )
-------------------------------------------------------------------------------------------------------------
	 #1 (7.3321e-03, 8.0609e-08): lin 1 (0.0e+00)
Composition correction applied in 118 block(s)
	 #2 (1.2829e-02, 1.8241e-07): lin 1 (0.0e+00)
Composition correction applied in 99 block(s)
-------------------------------------------------------------------------------------------------------------
 T = 455.023, DT = 1, NI = 2, LI = 2, RES = 6.3e-04 (1.6e-07), CFL=0.841 (ELAPSED 00:00:02, REMAINING 00:00:03 )
-------------------------------------------------------------------------------------------------------------
	 #1 (7.3674e-03, 1.6315e-07): lin 1 (0.0e+00)
Composition correction applied in 88 block(s)
-------------------------------------------------------------------------------------------------------------
 T = 456.023, DT = 1, NI = 1, LI = 1, RES = 8.5e-03 (1.6e-07), CFL=1.019 (ELAPSED 00:00:02, REMAINING 00:00:03 )
-------------------------------------------------------------------------------------------------------------
	 #1 (1.0353e-02, 1.5803e-07): lin 1 (0.0e+00)
Composition correction applied in 117 block(s)
	 #2 (1.3230e-02, 8.0720e-07): lin 1 (0.0e+00)
Composition correction applied in 118 block(s)
-------------------------------------------------------------------------------------------------------------
 T = 457.023, DT = 1, NI = 2, LI = 2, RES = 1.8e-03 (8.7e-07), CFL=0.821 (ELAPSED 00:00:02, REMAINING 00:00:03 )
-------------------------------------------------------------------------------------------------------------
	 #1 (8.3036e-03, 8.7199e-07): lin 1 (0.0e+00)
Composition correction applied in 119 block(s)
	 #2 (1.3691e-02, 1.2486e-07): lin 1 (0.0e+00)
Composition correction applied in 89 block(s)
-------------------------------------------------------------------------------------------------------------
 T = 458.023, DT = 1, NI = 2, LI = 2, RES = 8.3e-04 (1.5e-07), CFL=0.844 (ELAPSED 00:00:02, REMAINING 00:00:03 )
-------------------------------------------------------------------------------------------------------------
	 #1 (7.3892e-03, 1.4867e-07): lin 1 (0.0e+00)
Composition correction applied in 118 block(s)
	 #2 (1.2854e-02, 2.1280e-07): lin 1 (0.0e+00)
Composition correction applied in 89 block(s)
-------------------------------------------------------------------------------------------------------------
 T = 459.023, DT = 1, NI = 2, LI = 2, RES = 1.0e-03 (1.7e-07), CFL=0.845 (ELAPSED 00:00:02, REMAINING 00:00:03 )
-------------------------------------------------------------------------------------------------------------
	 #1 (7.4133e-03, 1.7052e-07): lin 1 (0.0e+00)
Composition correction applied in 91 block(s)
	 #2 (1.0494e-02, 1.0435e-07): lin 1 (0.0e+00)
Composition correction applied in 89 block(s)
-------------------------------------------------------------------------------------------------------------
 T = 460.023, DT = 1, NI = 2, LI = 2, RES = 5.2e-03 (2.0e-08), CFL=0.877 (ELAPSED 00:00:02, REMAINING 00:00:03 )
-------------------------------------------------------------------------------------------------------------
	 #1 (7.7489e-03, 2.0017e-08): lin 1 (0.0e+00)
Composition correction applied in 100 block(s)
	 #2 (1.3987e-02, 2.4004e-08): lin 1 (0.0e+00)
Composition correction applied in 91 block(s)
-------------------------------------------------------------------------------------------------------------
 T = 461.023, DT = 1, NI = 2, LI = 2, RES = 1.4e-03 (4.6e-08), CFL=0.842 (ELAPSED 00:00:02, REMAINING 00:00:03 )
-------------------------------------------------------------------------------------------------------------
	 #1 (7.4124e-03, 4.5754e-08): lin 1 (0.0e+00)
Composition correction applied in 119 block(s)
	 #2 (1.5766e-02, 9.8019e-08): lin 1 (0.0e+00)
Composition correction applied in 92 block(s)
-------------------------------------------------------------------------------------------------------------
 T = 462.023, DT = 1, NI = 2, LI = 2, RES = 9.5e-04 (9.0e-08), CFL=0.851 (ELAPSED 00:00:02, REMAINING 00:00:03 )
-------------------------------------------------------------------------------------------------------------
	 #1 (7.3512e-03, 8.9793e-08): lin 1 (0.0e+00)
Composition correction applied in 121 block(s)
	 #2 (1.3243e-02, 2.5716e-07): lin 1 (0.0e+00)
Composition correction applied in 95 block(s)
-------------------------------------------------------------------------------------------------------------
 T = 463.023, DT = 1, NI = 2, LI = 2, RES = 1.3e-03 (3.4e-07), CFL=0.827 (ELAPSED 00:00:02, REMAINING 00:00:03 )
-------------------------------------------------------------------------------------------------------------
	 #1 (7.6593e-03, 3.4186e-07): lin 1 (0.0e+00)
Composition correction applied in 103 block(s)
	 #2 (1.9403e-02, 1.2236e-07): lin 1 (0.0e+00)
Composition correction applied in 99 block(s)
-------------------------------------------------------------------------------------------------------------
 T = 464.023, DT = 1, NI = 2, LI = 2, RES = 2.5e-03 (1.0e-07), CFL=0.867 (ELAPSED 00:00:02, REMAINING 00:00:03 )
-------------------------------------------------------------------------------------------------------------
	 #1 (7.3150e-03, 1.0076e-07): lin 1 (0.0e+00)
Composition correction applied in 100 block(s)
	 #2 (1.5532e-02, 8.2846e-08): lin 1 (0.0e+00)
Composition correction applied in 90 block(s)
-------------------------------------------------------------------------------------------------------------
 T = 465.023, DT = 1, NI = 2, LI = 2, RES = 1.0e-03 (9.1e-08), CFL=0.855 (ELAPSED 00:00:02, REMAINING 00:00:03 )
-------------------------------------------------------------------------------------------------------------
	 #1 (7.4401e-03, 9.0923e-08): lin 1 (0.0e+00)
Composition correction applied in 122 block(s)
	 #2 (1.3040e-02, 2.4474e-07): lin 1 (0.0e+00)
Composition correction applied in 95 block(s)
-------------------------------------------------------------------------------------------------------------
 T = 466.023, DT = 1, NI = 2, LI = 2, RES = 1.2e-03 (1.8e-07), CFL=0.852 (ELAPSED 00:00:02, REMAINING 00:00:03 )
-------------------------------------------------------------------------------------------------------------
	 #1 (7.4737e-03, 1.7870e-07): lin 1 (0.0e+00)
Composition correction applied in 90 block(s)
	 #2 (1.1467e-02, 1.3930e-07): lin 1 (0.0e+00)
Composition correction applied in 122 block(s)
-------------------------------------------------------------------------------------------------------------
 T = 467.023, DT = 1, NI = 2, LI = 2, RES = 5.5e-03 (1.1e-07), CFL=0.886 (ELAPSED 00:00:02, REMAINING 00:00:03 )
-------------------------------------------------------------------------------------------------------------
	 #1 (7.8000e-03, 1.0731e-07): lin 1 (0.0e+00)
Composition correction applied in 123 block(s)
	 #2 (1.4397e-02, 1.3785e-07): lin 1 (0.0e+00)
Composition correction applied in 123 block(s)
-------------------------------------------------------------------------------------------------------------
 T = 468.023, DT = 1, NI = 2, LI = 2, RES = 1.3e-03 (9.2e-08), CFL=0.849 (ELAPSED 00:00:02, REMAINING 00:00:03 )
-------------------------------------------------------------------------------------------------------------
	 #1 (7.4657e-03, 9.1957e-08): lin 1 (0.0e+00)
Composition correction applied in 122 block(s)
	 #2 (1.2714e-02, 1.7746e-07): lin 1 (0.0e+00)
Composition correction applied in 92 block(s)
-------------------------------------------------------------------------------------------------------------
 T = 469.023, DT = 1, NI = 2, LI = 2, RES = 4.8e-04 (1.5e-07), CFL=0.851 (ELAPSED 00:00:02, REMAINING 00:00:03 )
-------------------------------------------------------------------------------------------------------------
	 #1 (7.4754e-03, 1.4891e-07): lin 1 (0.0e+00)
Composition correction applied in 122 block(s)
	 #2 (1.3258e-02, 2.8074e-07): lin 1 (0.0e+00)
Composition correction applied in 94 block(s)
-------------------------------------------------------------------------------------------------------------
 T = 470.023, DT = 1, NI = 2, LI = 2, RES = 1.4e-03 (4.2e-07), CFL=0.827 (ELAPSED 00:00:02, REMAINING 00:00:03 )
-------------------------------------------------------------------------------------------------------------
	 #1 (7.7398e-03, 4.2122e-07): lin 1 (0.0e+00)
Composition correction applied in 94 block(s)
	 #2 (1.1786e-02, 1.2800e-07): lin 1 (0.0e+00)
Composition correction applied in 98 block(s)
-------------------------------------------------------------------------------------------------------------
 T = 471.023, DT = 1, NI = 2, LI = 2, RES = 6.7e-04 (1.4e-07), CFL=0.836 (ELAPSED 00:00:02, REMAINING 00:00:03 )
-------------------------------------------------------------------------------------------------------------
	 #1 (7.4082e-03, 1.4132e-07): lin 1 (0.0e+00)
Composition correction applied in 94 block(s)
	 #2 (1.4623e-02, 8.6101e-08): lin 1 (0.0e+00)
Composition correction applied in 98 block(s)
-------------------------------------------------------------------------------------------------------------
 T = 472.023, DT = 1, NI = 2, LI = 2, RES = 9.4e-04 (1.1e-07), CFL=0.858 (ELAPSED 00:00:02, REMAINING 00:00:03 )
-------------------------------------------------------------------------------------------------------------
	 #1 (7.4126e-03, 1.1092e-07): lin 1 (0.0e+00)
Composition correction applied in 124 block(s)
	 #2 (1.3298e-02, 2.7422e-07): lin 1 (0.0e+00)
Composition correction applied in 93 block(s)
-------------------------------------------------------------------------------------------------------------
 T = 473.023, DT = 1, NI = 2, LI = 2, RES = 8.9e-04 (3.0e-07), CFL=0.843 (ELAPSED 00:00:02, REMAINING 00:00:03 )
-------------------------------------------------------------------------------------------------------------
	 #1 (7.5696e-03, 2.9619e-07): lin 1 (0.0e+00)
Composition correction applied in 111 block(s)
	 #2 (1.6961e-02, 7.4732e-08): lin 1 (0.0e+00)
Composition correction applied in 99 block(s)
-------------------------------------------------------------------------------------------------------------
 T = 474.023, DT = 1, NI = 2, LI = 2, RES = 2.8e-03 (1.5e-07), CFL=0.876 (ELAPSED 00:00:02, REMAINING 00:00:03 )
-------------------------------------------------------------------------------------------------------------
	 #1 (7.3979e-03, 1.5406e-07): lin 1 (0.0e+00)
Composition correction applied in 98 block(s)
	 #2 (1.4643e-02, 6.2523e-08): lin 1 (0.0e+00)
Composition correction applied in 93 block(s)
-------------------------------------------------------------------------------------------------------------
 T = 475.023, DT = 1, NI = 2, LI = 2, RES = 1.0e-03 (9.3e-08), CFL=0.861 (ELAPSED 00:00:02, REMAINING 00:00:03 )
-------------------------------------------------------------------------------------------------------------
	 #1 (7.5214e-03, 9.2985e-08): lin 1 (0.0e+00)
Composition correction applied in 126 block(s)
	 #2 (1.3333e-02, 2.4872e-07): lin 1 (0.0e+00)
Composition correction applied in 98 block(s)
-------------------------------------------------------------------------------------------------------------
 T = 476.023, DT = 1, NI = 2, LI = 2, RES = 1.0e-03 (1.8e-07), CFL=0.861 (ELAPSED 00:00:02, REMAINING 00:00:03 )
-------------------------------------------------------------------------------------------------------------
	 #1 (7.5587e-03, 1.8391e-07): lin 1 (0.0e+00)
Composition correction applied in 95 block(s)
	 #2 (1.0765e-02, 1.5282e-07): lin 1 (0.0e+00)
Composition correction applied in 107 block(s)
-------------------------------------------------------------------------------------------------------------
 T = 477.023, DT = 1, NI = 2, LI = 2, RES = 5.5e-03 (3.0e-08), CFL=0.894 (ELAPSED 00:00:02, REMAINING 00:00:03 )
-------------------------------------------------------------------------------------------------------------
	 #1 (7.9585e-03, 3.0116e-08): lin 1 (0.0e+00)
Composition correction applied in 126 block(s)
	 #2 (1.4395e-02, 9.9235e-08): lin 1 (0.0e+00)
Composition correction applied in 127 block(s)
-------------------------------------------------------------------------------------------------------------
 T = 478.023, DT = 1, NI = 2, LI = 2, RES = 1.3e-03 (4.5e-08), CFL=0.858 (ELAPSED 00:00:02, REMAINING 00:00:03 )
-------------------------------------------------------------------------------------------------------------
	 #1 (7.5744e-03, 4.4693e-08): lin 1 (0.0e+00)
Composition correction applied in 127 block(s)
	 #2 (1.2973e-02, 1.9922e-07): lin 1 (0.0e+00)
Composition correction applied in 95 block(s)
-------------------------------------------------------------------------------------------------------------
 T = 479.023, DT = 1, NI = 2, LI = 2, RES = 4.9e-04 (1.7e-07), CFL=0.860 (ELAPSED 00:00:02, REMAINING 00:00:03 )
-------------------------------------------------------------------------------------------------------------
	 #1 (7.5763e-03, 1.6946e-07): lin 1 (0.0e+00)
Composition correction applied in 97 block(s)
-------------------------------------------------------------------------------------------------------------
 T = 480.023, DT = 1, NI = 1, LI = 1, RES = 7.9e-03 (4.0e-08), CFL=1.024 (ELAPSED 00:00:02, REMAINING 00:00:02 )
-------------------------------------------------------------------------------------------------------------
	 #1 (9.7405e-03, 4.0473e-08): lin 1 (0.0e+00)
Composition correction applied in 127 block(s)
	 #2 (1.3671e-02, 9.4701e-07): lin 1 (0.0e+00)
Composition correction applied in 98 block(s)
-------------------------------------------------------------------------------------------------------------
 T = 481.023, DT = 1, NI = 2, LI = 2, RES = 2.0e-03 (9.9e-07), CFL=0.845 (ELAPSED 00:00:02, REMAINING 00:00:02 )
-------------------------------------------------------------------------------------------------------------
	 #1 (8.4999e-03, 9.9423e-07): lin 1 (0.0e+00)
Composition correction applied in 99 block(s)
	 #2 (1.4554e-02, 6.3989e-08): lin 1 (0.0e+00)
Composition correction applied in 97 block(s)
-------------------------------------------------------------------------------------------------------------
 T = 482.023, DT = 1, NI = 2, LI = 2, RES = 9.6e-04 (6.9e-08), CFL=0.866 (ELAPSED 00:00:02, REMAINING 00:00:02 )
-------------------------------------------------------------------------------------------------------------
	 #1 (7.6164e-03, 6.9374e-08): lin 1 (0.0e+00)
Composition correction applied in 128 block(s)
	 #2 (1.3567e-02, 2.7934e-07): lin 1 (0.0e+00)
Composition correction applied in 96 block(s)
-------------------------------------------------------------------------------------------------------------
 T = 483.023, DT = 1, NI = 2, LI = 2, RES = 9.1e-04 (3.2e-07), CFL=0.853 (ELAPSED 00:00:02, REMAINING 00:00:02 )
-------------------------------------------------------------------------------------------------------------
	 #1 (7.7209e-03, 3.1668e-07): lin 1 (0.0e+00)
Composition correction applied in 107 block(s)
	 #2 (1.7577e-02, 7.1040e-08): lin 1 (0.0e+00)
Composition correction applied in 101 block(s)
-------------------------------------------------------------------------------------------------------------
 T = 484.023, DT = 1, NI = 2, LI = 2, RES = 2.8e-03 (8.9e-08), CFL=0.886 (ELAPSED 00:00:02, REMAINING 00:00:02 )
-------------------------------------------------------------------------------------------------------------
	 #1 (7.5460e-03, 8.8540e-08): lin 1 (0.0e+00)
Composition correction applied in 102 block(s)
	 #2 (1.5084e-02, 6.0594e-08): lin 1 (0.0e+00)
Composition correction applied in 103 block(s)
-------------------------------------------------------------------------------------------------------------
 T = 485.023, DT = 1, NI = 2, LI = 2, RES = 1.0e-03 (1.3e-07), CFL=0.871 (ELAPSED 00:00:02, REMAINING 00:00:02 )
-------------------------------------------------------------------------------------------------------------
	 #1 (7.6726e-03, 1.2886e-07): lin 1 (0.0e+00)
Composition correction applied in 130 block(s)
	 #2 (1.3530e-02, 2.9574e-07): lin 1 (0.0e+00)
Composition correction applied in 100 block(s)
-------------------------------------------------------------------------------------------------------------
 T = 486.023, DT = 1, NI = 2, LI = 2, RES = 1.6e-03 (2.1e-07), CFL=0.871 (ELAPSED 00:00:02, REMAINING 00:00:02 )
-------------------------------------------------------------------------------------------------------------
	 #1 (7.7127e-03, 2.1426e-07): lin 1 (0.0e+00)
Composition correction applied in 97 block(s)
	 #2 (1.3790e-02, 6.4237e-08): lin 1 (0.0e+00)
Composition correction applied in 110 block(s)
-------------------------------------------------------------------------------------------------------------
 T = 487.023, DT = 1, NI = 2, LI = 2, RES = 6.3e-03 (1.2e-07), CFL=0.912 (ELAPSED 00:00:02, REMAINING 00:00:02 )
-------------------------------------------------------------------------------------------------------------
	 #1 (8.0618e-03, 1.2401e-07): lin 1 (0.0e+00)
Composition correction applied in 130 block(s)
	 #2 (1.5573e-02, 1.9293e-08): lin 1 (0.0e+00)
Composition correction applied in 131 block(s)
-------------------------------------------------------------------------------------------------------------
 T = 488.023, DT = 1, NI = 2, LI = 2, RES = 1.3e-03 (9.6e-08), CFL=0.870 (ELAPSED 00:00:02, REMAINING 00:00:02 )
-------------------------------------------------------------------------------------------------------------
	 #1 (7.7152e-03, 9.5513e-08): lin 1 (0.0e+00)
Composition correction applied in 131 block(s)
	 #2 (1.3442e-02, 2.6407e-07): lin 1 (0.0e+00)
Composition correction applied in 131 block(s)
-------------------------------------------------------------------------------------------------------------
 T = 489.023, DT = 1, NI = 2, LI = 2, RES = 1.5e-03 (2.1e-07), CFL=0.872 (ELAPSED 00:00:02, REMAINING 00:00:02 )
-------------------------------------------------------------------------------------------------------------
	 #1 (7.7098e-03, 2.1054e-07): lin 1 (0.0e+00)
Composition correction applied in 100 block(s)
	 #2 (1.3139e-02, 4.0019e-08): lin 1 (0.0e+00)
Composition correction applied in 99 block(s)
-------------------------------------------------------------------------------------------------------------
 T = 490.023, DT = 1, NI = 2, LI = 2, RES = 6.2e-03 (5.1e-08), CFL=0.912 (ELAPSED 00:00:02, REMAINING 00:00:02 )
-------------------------------------------------------------------------------------------------------------
	 #1 (8.1021e-03, 5.1001e-08): lin 1 (0.0e+00)
Composition correction applied in 111 block(s)
	 #2 (1.5465e-02, 1.3377e-07): lin 1 (0.0e+00)
Composition correction applied in 100 block(s)
-------------------------------------------------------------------------------------------------------------
 T = 491.023, DT = 1, NI = 2, LI = 2, RES = 1.3e-03 (8.2e-08), CFL=0.872 (ELAPSED 00:00:02, REMAINING 00:00:02 )
-------------------------------------------------------------------------------------------------------------
	 #1 (7.7505e-03, 8.1766e-08): lin 1 (0.0e+00)
Composition correction applied in 132 block(s)
	 #2 (1.3712e-02, 2.5603e-07): lin 1 (0.0e+00)
Composition correction applied in 101 block(s)
-------------------------------------------------------------------------------------------------------------
 T = 492.023, DT = 1, NI = 2, LI = 2, RES = 1.4e-03 (2.1e-07), CFL=0.875 (ELAPSED 00:00:02, REMAINING 00:00:02 )
-------------------------------------------------------------------------------------------------------------
	 #1 (7.7438e-03, 2.0813e-07): lin 1 (0.0e+00)
Composition correction applied in 104 block(s)
	 #2 (1.2897e-02, 3.4905e-08): lin 1 (0.0e+00)
Composition correction applied in 100 block(s)
-------------------------------------------------------------------------------------------------------------
 T = 493.023, DT = 1, NI = 2, LI = 2, RES = 6.2e-03 (4.7e-08), CFL=0.915 (ELAPSED 00:00:02, REMAINING 00:00:02 )
-------------------------------------------------------------------------------------------------------------
	 #1 (8.1607e-03, 4.6875e-08): lin 1 (0.0e+00)
Composition correction applied in 117 block(s)
	 #2 (1.5508e-02, 1.3789e-08): lin 1 (0.0e+00)
Composition correction applied in 101 block(s)
-------------------------------------------------------------------------------------------------------------
 T = 494.023, DT = 1, NI = 2, LI = 2, RES = 1.3e-03 (1.2e-07), CFL=0.875 (ELAPSED 00:00:02, REMAINING 00:00:02 )
-------------------------------------------------------------------------------------------------------------
	 #1 (7.7901e-03, 1.1808e-07): lin 1 (0.0e+00)
Composition correction applied in 133 block(s)
	 #2 (1.3797e-02, 2.6751e-07): lin 1 (0.0e+00)
Composition correction applied in 100 block(s)
-------------------------------------------------------------------------------------------------------------
 T = 495.023, DT = 1, NI = 2, LI = 2, RES = 1.5e-03 (2.1e-07), CFL=0.878 (ELAPSED 00:00:02, REMAINING 00:00:02 )
-------------------------------------------------------------------------------------------------------------
	 #1 (7.7833e-03, 2.1236e-07): lin 1 (0.0e+00)
Composition correction applied in 106 block(s)
	 #2 (1.3340e-02, 1.2114e-07): lin 1 (0.0e+00)
Composition correction applied in 107 block(s)
-------------------------------------------------------------------------------------------------------------
 T = 496.023, DT = 1, NI = 2, LI = 2, RES = 6.4e-03 (5.8e-08), CFL=0.919 (ELAPSED 00:00:02, REMAINING 00:00:02 )
-------------------------------------------------------------------------------------------------------------
	 #1 (8.2023e-03, 5.8116e-08): lin 1 (0.0e+00)
Composition correction applied in 135 block(s)
	 #2 (1.5695e-02, 5.8158e-09): lin 1 (0.0e+00)
Composition correction applied in 101 block(s)
-------------------------------------------------------------------------------------------------------------
 T = 497.023, DT = 1, NI = 2, LI = 2, RES = 1.3e-03 (4.4e-08), CFL=0.879 (ELAPSED 00:00:02, REMAINING 00:00:02 )
-------------------------------------------------------------------------------------------------------------
	 #1 (7.8312e-03, 4.3713e-08): lin 1 (0.0e+00)
Composition correction applied in 134 block(s)
	 #2 (1.3693e-02, 2.9425e-07): lin 1 (0.0e+00)
Composition correction applied in 135 block(s)
-------------------------------------------------------------------------------------------------------------
 T = 498.023, DT = 1, NI = 2, LI = 2, RES = 1.8e-03 (2.3e-07), CFL=0.881 (ELAPSED 00:00:02, REMAINING 00:00:02 )
-------------------------------------------------------------------------------------------------------------
	 #1 (7.8285e-03, 2.3157e-07): lin 1 (0.0e+00)
Composition correction applied in 101 block(s)
	 #2 (1.4688e-02, 9.8479e-08): lin 1 (0.0e+00)
Composition correction applied in 135 block(s)
-------------------------------------------------------------------------------------------------------------
 T = 499.023, DT = 1, NI = 2, LI = 2, RES = 2.7e-03 (1.0e-07), CFL=0.894 (ELAPSED 00:00:02, REMAINING 00:00:02 )
-------------------------------------------------------------------------------------------------------------
	 #1 (7.8345e-03, 1.0454e-07): lin 1 (0.0e+00)
Composition correction applied in 102 block(s)
	 #2 (1.4938e-02, 1.1855e-07): lin 1 (0.0e+00)
Composition correction applied in 104 block(s)
-------------------------------------------------------------------------------------------------------------
 T = 500.023, DT = 1, NI = 2, LI = 2, RES = 1.0e-03 (7.3e-08), CFL=0.884 (ELAPSED 00:00:02, REMAINING 00:00:02 )
-------------------------------------------------------------------------------------------------------------
	 #1 (7.8282e-03, 7.2793e-08): lin 1 (0.0e+00)
Composition correction applied in 135 block(s)
	 #2 (1.3864e-02, 3.3155e-07): lin 1 (0.0e+00)
Composition correction applied in 107 block(s)
-------------------------------------------------------------------------------------------------------------
 T = 501.023, DT = 1, NI = 2, LI = 2, RES = 8.1e-04 (3.2e-07), CFL=0.875 (ELAPSED 00:00:02, REMAINING 00:00:02 )
-------------------------------------------------------------------------------------------------------------
	 #1 (7.9012e-03, 3.1744e-07): lin 1 (0.0e+00)
Composition correction applied in 115 block(s)
	 #2 (1.5821e-02, 3.8310e-08): lin 1 (0.0e+00)
Composition correction applied in 111 block(s)
-------------------------------------------------------------------------------------------------------------
 T = 502.023, DT = 1, NI = 2, LI = 2, RES = 2.8e-03 (8.4e-08), CFL=0.901 (ELAPSED 00:00:02, REMAINING 00:00:02 )
-------------------------------------------------------------------------------------------------------------
	 #1 (7.8371e-03, 8.3754e-08): lin 1 (0.0e+00)
Composition correction applied in 103 block(s)
	 #2 (1.5212e-02, 6.8844e-08): lin 1 (0.0e+00)
Composition correction applied in 113 block(s)
-------------------------------------------------------------------------------------------------------------
 T = 503.023, DT = 1, NI = 2, LI = 2, RES = 1.0e-03 (1.2e-07), CFL=0.889 (ELAPSED 00:00:02, REMAINING 00:00:02 )
-------------------------------------------------------------------------------------------------------------
	 #1 (7.8930e-03, 1.2455e-07): lin 1 (0.0e+00)
Composition correction applied in 137 block(s)
	 #2 (1.3991e-02, 3.6052e-07): lin 1 (0.0e+00)
Composition correction applied in 103 block(s)
-------------------------------------------------------------------------------------------------------------
 T = 504.023, DT = 1, NI = 2, LI = 2, RES = 8.8e-04 (3.4e-07), CFL=0.877 (ELAPSED 00:00:02, REMAINING 00:00:02 )
-------------------------------------------------------------------------------------------------------------
	 #1 (7.9580e-03, 3.4492e-07): lin 1 (0.0e+00)
Composition correction applied in 121 block(s)
	 #2 (1.8506e-02, 1.4790e-07): lin 1 (0.0e+00)
Composition correction applied in 103 block(s)
-------------------------------------------------------------------------------------------------------------
 T = 505.023, DT = 1, NI = 2, LI = 2, RES = 3.0e-03 (7.7e-08), CFL=0.909 (ELAPSED 00:00:02, REMAINING 00:00:02 )
-------------------------------------------------------------------------------------------------------------
	 #1 (7.8322e-03, 7.6878e-08): lin 1 (0.0e+00)
Composition correction applied in 110 block(s)
	 #2 (1.5733e-02, 8.9814e-08): lin 1 (0.0e+00)
Composition correction applied in 104 block(s)
-------------------------------------------------------------------------------------------------------------
 T = 506.023, DT = 1, NI = 2, LI = 2, RES = 1.0e-03 (9.2e-08), CFL=0.894 (ELAPSED 00:00:02, REMAINING 00:00:02 )
-------------------------------------------------------------------------------------------------------------
	 #1 (7.9614e-03, 9.2405e-08): lin 1 (0.0e+00)
Composition correction applied in 139 block(s)
	 #2 (1.4140e-02, 3.9415e-07): lin 1 (0.0e+00)
Composition correction applied in 107 block(s)
-------------------------------------------------------------------------------------------------------------
 T = 507.023, DT = 1, NI = 2, LI = 2, RES = 1.0e-03 (4.0e-07), CFL=0.878 (ELAPSED 00:00:02, REMAINING 00:00:02 )
-------------------------------------------------------------------------------------------------------------
	 #1 (8.0218e-03, 3.9535e-07): lin 1 (0.0e+00)
Composition correction applied in 119 block(s)
	 #2 (1.9033e-02, 5.8796e-08): lin 1 (0.0e+00)
Composition correction applied in 132 block(s)
-------------------------------------------------------------------------------------------------------------
 T = 508.023, DT = 1, NI = 2, LI = 2, RES = 2.7e-03 (4.1e-08), CFL=0.910 (ELAPSED 00:00:02, REMAINING 00:00:02 )
-------------------------------------------------------------------------------------------------------------
	 #1 (7.8688e-03, 4.0630e-08): lin 1 (0.0e+00)
Composition correction applied in 140 block(s)
	 #2 (1.6540e-02, 1.3484e-07): lin 1 (0.0e+00)
Composition correction applied in 140 block(s)
-------------------------------------------------------------------------------------------------------------
 T = 509.023, DT = 1, NI = 2, LI = 2, RES = 1.1e-03 (1.2e-07), CFL=0.902 (ELAPSED 00:00:02, REMAINING 00:00:02 )
-------------------------------------------------------------------------------------------------------------
	 #1 (7.9140e-03, 1.2248e-07): lin 1 (0.0e+00)
Composition correction applied in 139 block(s)
	 #2 (1.4310e-02, 4.0073e-07): lin 1 (0.0e+00)
Composition correction applied in 105 block(s)
-------------------------------------------------------------------------------------------------------------
 T = 510.023, DT = 1, NI = 2, LI = 2, RES = 1.2e-03 (4.7e-07), CFL=0.876 (ELAPSED 00:00:03, REMAINING 00:00:02 )
-------------------------------------------------------------------------------------------------------------
	 #1 (8.0955e-03, 4.7281e-07): lin 1 (0.0e+00)
Composition correction applied in 109 block(s)
	 #2 (1.9627e-02, 5.5174e-08): lin 1 (0.0e+00)
Composition correction applied in 108 block(s)
-------------------------------------------------------------------------------------------------------------
 T = 511.023, DT = 1, NI = 2, LI = 2, RES = 2.3e-03 (8.6e-08), CFL=0.910 (ELAPSED 00:00:03, REMAINING 00:00:02 )
-------------------------------------------------------------------------------------------------------------
	 #1 (7.9851e-03, 8.5601e-08): lin 1 (0.0e+00)
Composition correction applied in 114 block(s)
	 #2 (1.6638e-02, 2.1084e-07): lin 1 (0.0e+00)
Composition correction applied in 105 block(s)
-------------------------------------------------------------------------------------------------------------
 T = 512.023, DT = 1, NI = 2, LI = 2, RES = 1.0e-03 (1.6e-07), CFL=0.907 (ELAPSED 00:00:03, REMAINING 00:00:02 )
-------------------------------------------------------------------------------------------------------------
	 #1 (7.9533e-03, 1.5767e-07): lin 1 (0.0e+00)
Composition correction applied in 141 block(s)
	 #2 (1.4381e-02, 4.4260e-07): lin 1 (0.0e+00)
Composition correction applied in 105 block(s)
-------------------------------------------------------------------------------------------------------------
 T = 513.023, DT = 1, NI = 2, LI = 2, RES = 1.5e-03 (5.9e-07), CFL=0.872 (ELAPSED 00:00:03, REMAINING 00:00:02 )
-------------------------------------------------------------------------------------------------------------
	 #1 (8.3358e-03, 5.8689e-07): lin 1 (0.0e+00)
Composition correction applied in 109 block(s)
	 #2 (1.3218e-02, 6.2507e-08): lin 1 (0.0e+00)
Composition correction applied in 110 block(s)
-------------------------------------------------------------------------------------------------------------
 T = 514.023, DT = 1, NI = 2, LI = 2, RES = 7.2e-04 (6.9e-08), CFL=0.881 (ELAPSED 00:00:03, REMAINING 00:00:02 )
-------------------------------------------------------------------------------------------------------------
	 #1 (7.9942e-03, 6.9145e-08): lin 1 (0.0e+00)
Composition correction applied in 141 block(s)
	 #2 (1.6663e-02, 2.0437e-07): lin 1 (0.0e+00)
Composition correction applied in 108 block(s)
-------------------------------------------------------------------------------------------------------------
 T = 515.023, DT = 1, NI = 2, LI = 2, RES = 1.0e-03 (1.4e-07), CFL=0.906 (ELAPSED 00:00:03, REMAINING 00:00:02 )
-------------------------------------------------------------------------------------------------------------
	 #1 (7.9822e-03, 1.3972e-07): lin 1 (0.0e+00)
Composition correction applied in 112 block(s)
-------------------------------------------------------------------------------------------------------------
 T = 516.023, DT = 1, NI = 1, LI = 1, RES = 9.3e-03 (7.9e-08), CFL=1.097 (ELAPSED 00:00:03, REMAINING 00:00:02 )
-------------------------------------------------------------------------------------------------------------
	 #1 (1.1126e-02, 7.8792e-08): lin 1 (0.0e+00)
Composition correction applied in 143 block(s)
	 #2 (1.4771e-02, 1.4834e-06): lin 1 (0.0e+00)
Composition correction applied in 116 block(s)
-------------------------------------------------------------------------------------------------------------
 T = 517.023, DT = 1, NI = 2, LI = 2, RES = 2.9e-03 (1.6e-06), CFL=0.885 (ELAPSED 00:00:03, REMAINING 00:00:02 )
-------------------------------------------------------------------------------------------------------------
	 #1 (9.3941e-03, 1.5633e-06): lin 1 (0.0e+00)
Composition correction applied in 143 block(s)
	 #2 (1.6149e-02, 1.6204e-07): lin 1 (0.0e+00)
Composition correction applied in 144 block(s)
-------------------------------------------------------------------------------------------------------------
 T = 518.023, DT = 1, NI = 2, LI = 2, RES = 9.4e-04 (1.4e-07), CFL=0.908 (ELAPSED 00:00:03, REMAINING 00:00:02 )
-------------------------------------------------------------------------------------------------------------
	 #1 (8.0979e-03, 1.3957e-07): lin 1 (0.0e+00)
Composition correction applied in 144 block(s)
-------------------------------------------------------------------------------------------------------------
 T = 519.023, DT = 1, NI = 1, LI = 1, RES = 9.3e-03 (4.9e-08), CFL=1.101 (ELAPSED 00:00:03, REMAINING 00:00:02 )
-------------------------------------------------------------------------------------------------------------
	 #1 (1.1166e-02, 4.8972e-08): lin 1 (0.0e+00)
Composition correction applied in 144 block(s)
	 #2 (1.4892e-02, 1.5260e-06): lin 1 (0.0e+00)
Composition correction applied in 109 block(s)
-------------------------------------------------------------------------------------------------------------
 T = 520.023, DT = 1, NI = 2, LI = 2, RES = 3.0e-03 (1.6e-06), CFL=0.887 (ELAPSED 00:00:03, REMAINING 00:00:02 )
-------------------------------------------------------------------------------------------------------------
	 #1 (9.4587e-03, 1.6265e-06): lin 1 (0.0e+00)
Composition correction applied in 144 block(s)
	 #2 (1.3677e-02, 2.6007e-07): lin 1 (0.0e+00)
Composition correction applied in 109 block(s)
-------------------------------------------------------------------------------------------------------------
 T = 521.023, DT = 1, NI = 2, LI = 2, RES = 6.1e-04 (2.2e-07), CFL=0.903 (ELAPSED 00:00:03, REMAINING 00:00:02 )
-------------------------------------------------------------------------------------------------------------
	 #1 (8.1996e-03, 2.1767e-07): lin 1 (0.0e+00)
Composition correction applied in 109 block(s)
	 #2 (1.0690e-02, 7.4997e-08): lin 1 (0.0e+00)
Composition correction applied in 108 block(s)
-------------------------------------------------------------------------------------------------------------
 T = 522.023, DT = 1, NI = 2, LI = 2, RES = 6.3e-03 (6.5e-08), CFL=0.939 (ELAPSED 00:00:03, REMAINING 00:00:02 )
-------------------------------------------------------------------------------------------------------------
	 #1 (8.7782e-03, 6.5206e-08): lin 1 (0.0e+00)
Composition correction applied in 123 block(s)
	 #2 (1.6097e-02, 9.4328e-08): lin 1 (0.0e+00)
Composition correction applied in 109 block(s)
-------------------------------------------------------------------------------------------------------------
 T = 523.023, DT = 1, NI = 2, LI = 2, RES = 1.3e-03 (4.9e-08), CFL=0.907 (ELAPSED 00:00:03, REMAINING 00:00:02 )
-------------------------------------------------------------------------------------------------------------
	 #1 (8.2314e-03, 4.9234e-08): lin 1 (0.0e+00)
Composition correction applied in 145 block(s)
	 #2 (1.4411e-02, 4.1565e-07): lin 1 (0.0e+00)
Composition correction applied in 111 block(s)
-------------------------------------------------------------------------------------------------------------
 T = 524.023, DT = 1, NI = 2, LI = 2, RES = 1.0e-03 (4.3e-07), CFL=0.895 (ELAPSED 00:00:03, REMAINING 00:00:02 )
-------------------------------------------------------------------------------------------------------------
	 #1 (8.2405e-03, 4.3019e-07): lin 1 (0.0e+00)
Composition correction applied in 117 block(s)
	 #2 (1.9807e-02, 7.9020e-08): lin 1 (0.0e+00)
Composition correction applied in 115 block(s)
-------------------------------------------------------------------------------------------------------------
 T = 525.023, DT = 1, NI = 2, LI = 2, RES = 2.7e-03 (1.5e-07), CFL=0.929 (ELAPSED 00:00:03, REMAINING 00:00:02 )
-------------------------------------------------------------------------------------------------------------
	 #1 (8.1438e-03, 1.4956e-07): lin 1 (0.0e+00)
Composition correction applied in 125 block(s)
	 #2 (1.7087e-02, 1.8610e-07): lin 1 (0.0e+00)
Composition correction applied in 110 block(s)
-------------------------------------------------------------------------------------------------------------
 T = 526.023, DT = 1, NI = 2, LI = 2, RES = 1.1e-03 (1.1e-07), CFL=0.922 (ELAPSED 00:00:03, REMAINING 00:00:02 )
-------------------------------------------------------------------------------------------------------------
	 #1 (8.1649e-03, 1.1328e-07): lin 1 (0.0e+00)
Composition correction applied in 148 block(s)
	 #2 (1.4701e-02, 5.0167e-07): lin 1 (0.0e+00)
Composition correction applied in 111 block(s)
-------------------------------------------------------------------------------------------------------------
 T = 527.023, DT = 1, NI = 2, LI = 2, RES = 1.5e-03 (6.7e-07), CFL=0.887 (ELAPSED 00:00:03, REMAINING 00:00:02 )
-------------------------------------------------------------------------------------------------------------
	 #1 (8.5469e-03, 6.7075e-07): lin 1 (0.0e+00)
Composition correction applied in 116 block(s)
	 #2 (1.3704e-02, 1.1428e-07): lin 1 (0.0e+00)
Composition correction applied in 148 block(s)
-------------------------------------------------------------------------------------------------------------
 T = 528.023, DT = 1, NI = 2, LI = 2, RES = 1.2e-03 (1.4e-07), CFL=0.909 (ELAPSED 00:00:03, REMAINING 00:00:02 )
-------------------------------------------------------------------------------------------------------------
	 #1 (8.2077e-03, 1.4485e-07): lin 1 (0.0e+00)
Composition correction applied in 148 block(s)
	 #2 (1.4429e-02, 3.7821e-07): lin 1 (0.0e+00)
Composition correction applied in 148 block(s)
-------------------------------------------------------------------------------------------------------------
 T = 529.023, DT = 1, NI = 2, LI = 2, RES = 1.2e-03 (2.6e-07), CFL=0.915 (ELAPSED 00:00:03, REMAINING 00:00:02 )
-------------------------------------------------------------------------------------------------------------
	 #1 (8.2292e-03, 2.6023e-07): lin 1 (0.0e+00)
Composition correction applied in 112 block(s)
	 #2 (1.3169e-02, 2.7985e-08): lin 1 (0.0e+00)
Composition correction applied in 112 block(s)
-------------------------------------------------------------------------------------------------------------
 T = 530.023, DT = 1, NI = 2, LI = 2, RES = 2.6e-03 (3.5e-08), CFL=0.925 (ELAPSED 00:00:03, REMAINING 00:00:02 )
-------------------------------------------------------------------------------------------------------------
	 #1 (8.3844e-03, 3.4522e-08): lin 1 (0.0e+00)
Composition correction applied in 111 block(s)
	 #2 (1.5696e-02, 1.0662e-07): lin 1 (0.0e+00)
Composition correction applied in 114 block(s)
-------------------------------------------------------------------------------------------------------------
 T = 531.023, DT = 1, NI = 2, LI = 2, RES = 1.1e-03 (8.4e-08), CFL=0.919 (ELAPSED 00:00:03, REMAINING 00:00:02 )
-------------------------------------------------------------------------------------------------------------
	 #1 (8.2901e-03, 8.3642e-08): lin 1 (0.0e+00)
Composition correction applied in 149 block(s)
	 #2 (1.4715e-02, 5.2174e-07): lin 1 (0.0e+00)
Composition correction applied in 115 block(s)
-------------------------------------------------------------------------------------------------------------
 T = 532.023, DT = 1, NI = 2, LI = 2, RES = 1.2e-03 (5.4e-07), CFL=0.901 (ELAPSED 00:00:03, REMAINING 00:00:02 )
-------------------------------------------------------------------------------------------------------------
	 #1 (8.3818e-03, 5.4241e-07): lin 1 (0.0e+00)
Composition correction applied in 120 block(s)
	 #2 (2.0717e-02, 3.9903e-08): lin 1 (0.0e+00)
Composition correction applied in 119 block(s)
-------------------------------------------------------------------------------------------------------------
 T = 533.023, DT = 1, NI = 2, LI = 2, RES = 2.4e-03 (1.1e-07), CFL=0.936 (ELAPSED 00:00:03, REMAINING 00:00:02 )
-------------------------------------------------------------------------------------------------------------
	 #1 (8.3595e-03, 1.0735e-07): lin 1 (0.0e+00)
Composition correction applied in 150 block(s)
	 #2 (1.4200e-02, 4.4717e-07): lin 1 (0.0e+00)
Composition correction applied in 114 block(s)
-------------------------------------------------------------------------------------------------------------
 T = 534.023, DT = 1, NI = 2, LI = 2, RES = 5.9e-04 (2.4e-07), CFL=0.925 (ELAPSED 00:00:03, REMAINING 00:00:02 )
-------------------------------------------------------------------------------------------------------------
	 #1 (8.2611e-03, 2.3998e-07): lin 1 (0.0e+00)
Composition correction applied in 117 block(s)
-------------------------------------------------------------------------------------------------------------
 T = 535.023, DT = 1, NI = 1, LI = 1, RES = 9.6e-03 (1.4e-07), CFL=1.128 (ELAPSED 00:00:03, REMAINING 00:00:02 )
-------------------------------------------------------------------------------------------------------------
	 #1 (1.1491e-02, 1.3830e-07): lin 1 (0.0e+00)
Composition correction applied in 152 block(s)
	 #2 (1.5393e-02, 1.8075e-06): lin 1 (0.0e+00)
Composition correction applied in 121 block(s)
-------------------------------------------------------------------------------------------------------------
 T = 536.023, DT = 1, NI = 2, LI = 2, RES = 3.1e-03 (1.9e-06), CFL=0.904 (ELAPSED 00:00:03, REMAINING 00:00:02 )
-------------------------------------------------------------------------------------------------------------
	 #1 (9.7304e-03, 1.9096e-06): lin 1 (0.0e+00)
Composition correction applied in 152 block(s)
	 #2 (1.4391e-02, 3.3911e-07): lin 1 (0.0e+00)
Composition correction applied in 149 block(s)
-------------------------------------------------------------------------------------------------------------
 T = 537.023, DT = 1, NI = 2, LI = 2, RES = 1.5e-03 (2.6e-07), CFL=0.923 (ELAPSED 00:00:03, REMAINING 00:00:02 )
-------------------------------------------------------------------------------------------------------------
	 #1 (8.4346e-03, 2.6367e-07): lin 1 (0.0e+00)
Composition correction applied in 114 block(s)
	 #2 (1.5056e-02, 1.2835e-07): lin 1 (0.0e+00)
Composition correction applied in 152 block(s)
-------------------------------------------------------------------------------------------------------------
 T = 538.023, DT = 1, NI = 2, LI = 2, RES = 2.7e-03 (4.0e-08), CFL=0.935 (ELAPSED 00:00:03, REMAINING 00:00:02 )
-------------------------------------------------------------------------------------------------------------
	 #1 (8.5040e-03, 3.9828e-08): lin 1 (0.0e+00)
Composition correction applied in 153 block(s)
	 #2 (1.6189e-02, 1.5612e-07): lin 1 (0.0e+00)
Composition correction applied in 115 block(s)
-------------------------------------------------------------------------------------------------------------
 T = 539.023, DT = 1, NI = 2, LI = 2, RES = 1.1e-03 (9.7e-08), CFL=0.932 (ELAPSED 00:00:03, REMAINING 00:00:02 )
-------------------------------------------------------------------------------------------------------------
	 #1 (8.3471e-03, 9.7145e-08): lin 1 (0.0e+00)
Composition correction applied in 152 block(s)
	 #2 (1.5002e-02, 5.6830e-07): lin 1 (0.0e+00)
Composition correction applied in 116 block(s)
-------------------------------------------------------------------------------------------------------------
 T = 540.023, DT = 1, NI = 2, LI = 2, RES = 1.6e-03 (7.2e-07), CFL=0.903 (ELAPSED 00:00:03, REMAINING 00:00:02 )
-------------------------------------------------------------------------------------------------------------
	 #1 (8.7262e-03, 7.2373e-07): lin 1 (0.0e+00)
Composition correction applied in 116 block(s)
	 #2 (1.4070e-02, 1.4405e-07): lin 1 (0.0e+00)
Composition correction applied in 119 block(s)
-------------------------------------------------------------------------------------------------------------
 T = 541.023, DT = 1, NI = 2, LI = 2, RES = 1.3e-03 (5.7e-08), CFL=0.924 (ELAPSED 00:00:03, REMAINING 00:00:02 )
-------------------------------------------------------------------------------------------------------------
	 #1 (8.4271e-03, 5.6752e-08): lin 1 (0.0e+00)
Composition correction applied in 139 block(s)
	 #2 (1.4928e-02, 4.5241e-07): lin 1 (0.0e+00)
Composition correction applied in 115 block(s)
-------------------------------------------------------------------------------------------------------------
 T = 542.023, DT = 1, NI = 2, LI = 2, RES = 1.7e-03 (3.0e-07), CFL=0.931 (ELAPSED 00:00:03, REMAINING 00:00:02 )
-------------------------------------------------------------------------------------------------------------
	 #1 (8.4493e-03, 2.9805e-07): lin 1 (0.0e+00)
Composition correction applied in 119 block(s)
	 #2 (1.6090e-02, 8.4591e-08): lin 1 (0.0e+00)
Composition correction applied in 119 block(s)
-------------------------------------------------------------------------------------------------------------
 T = 543.023, DT = 1, NI = 2, LI = 2, RES = 2.7e-03 (1.8e-08), CFL=0.943 (ELAPSED 00:00:03, REMAINING 00:00:02 )
-------------------------------------------------------------------------------------------------------------
	 #1 (8.5453e-03, 1.7823e-08): lin 1 (0.0e+00)
Composition correction applied in 122 block(s)
	 #2 (1.6293e-02, 1.7530e-07): lin 1 (0.0e+00)
Composition correction applied in 116 block(s)
-------------------------------------------------------------------------------------------------------------
 T = 544.023, DT = 1, NI = 2, LI = 2, RES = 1.1e-03 (1.6e-07), CFL=0.939 (ELAPSED 00:00:03, REMAINING 00:00:02 )
-------------------------------------------------------------------------------------------------------------
	 #1 (8.4100e-03, 1.6182e-07): lin 1 (0.0e+00)
Composition correction applied in 155 block(s)
	 #2 (1.5088e-02, 6.1288e-07): lin 1 (0.0e+00)
Composition correction applied in 118 block(s)
-------------------------------------------------------------------------------------------------------------
 T = 545.023, DT = 1, NI = 2, LI = 2, RES = 1.6e-03 (8.3e-07), CFL=0.905 (ELAPSED 00:00:03, REMAINING 00:00:02 )
-------------------------------------------------------------------------------------------------------------
	 #1 (8.8264e-03, 8.3055e-07): lin 1 (0.0e+00)
Composition correction applied in 124 block(s)
	 #2 (1.4315e-02, 9.3656e-08): lin 1 (0.0e+00)
Composition correction applied in 118 block(s)
-------------------------------------------------------------------------------------------------------------
 T = 546.023, DT = 1, NI = 2, LI = 2, RES = 1.2e-03 (1.2e-07), CFL=0.931 (ELAPSED 00:00:03, REMAINING 00:00:02 )
-------------------------------------------------------------------------------------------------------------
	 #1 (8.4838e-03, 1.1812e-07): lin 1 (0.0e+00)
Composition correction applied in 155 block(s)
	 #2 (1.5203e-02, 5.2050e-07): lin 1 (0.0e+00)
Composition correction applied in 126 block(s)
-------------------------------------------------------------------------------------------------------------
 T = 547.023, DT = 1, NI = 2, LI = 2, RES = 9.3e-04 (4.6e-07), CFL=0.925 (ELAPSED 00:00:03, REMAINING 00:00:02 )
-------------------------------------------------------------------------------------------------------------
	 #1 (8.5505e-03, 4.5668e-07): lin 1 (0.0e+00)
Composition correction applied in 157 block(s)
	 #2 (2.1091e-02, 1.0077e-07): lin 1 (0.0e+00)
Composition correction applied in 157 block(s)
-------------------------------------------------------------------------------------------------------------
 T = 548.023, DT = 1, NI = 2, LI = 2, RES = 3.0e-03 (1.5e-07), CFL=0.960 (ELAPSED 00:00:03, REMAINING 00:00:02 )
-------------------------------------------------------------------------------------------------------------
	 #1 (8.5051e-03, 1.4487e-07): lin 1 (0.0e+00)
Composition correction applied in 157 block(s)
	 #2 (1.7694e-02, 2.7686e-07): lin 1 (0.0e+00)
Composition correction applied in 118 block(s)
-------------------------------------------------------------------------------------------------------------
 T = 549.023, DT = 1, NI = 2, LI = 2, RES = 1.2e-03 (1.5e-07), CFL=0.951 (ELAPSED 00:00:03, REMAINING 00:00:02 )
-------------------------------------------------------------------------------------------------------------
	 #1 (8.5045e-03, 1.4791e-07): lin 1 (0.0e+00)
Composition correction applied in 157 block(s)
	 #2 (1.5235e-02, 6.9134e-07): lin 1 (0.0e+00)
Composition correction applied in 120 block(s)
-------------------------------------------------------------------------------------------------------------
 T = 550.023, DT = 1, NI = 2, LI = 2, RES = 1.5e-03 (1.1e-06), CFL=0.903 (ELAPSED 00:00:03, REMAINING 00:00:02 )
-------------------------------------------------------------------------------------------------------------
	 #1 (9.0290e-03, 1.0592e-06): lin 1 (0.0e+00)
Composition correction applied in 118 block(s)
	 #2 (1.4658e-02, 1.2056e-07): lin 1 (0.0e+00)
Composition correction applied in 121 block(s)
-------------------------------------------------------------------------------------------------------------
 T = 551.023, DT = 1, NI = 2, LI = 2, RES = 1.0e-03 (9.7e-08), CFL=0.939 (ELAPSED 00:00:03, REMAINING 00:00:02 )
-------------------------------------------------------------------------------------------------------------
	 #1 (8.5600e-03, 9.7140e-08): lin 1 (0.0e+00)
Composition correction applied in 158 block(s)
	 #2 (1.5165e-02, 6.3820e-07): lin 1 (0.0e+00)
Composition correction applied in 119 block(s)
-------------------------------------------------------------------------------------------------------------
 T = 552.023, DT = 1, NI = 2, LI = 2, RES = 1.3e-03 (6.5e-07), CFL=0.924 (ELAPSED 00:00:03, REMAINING 00:00:02 )
-------------------------------------------------------------------------------------------------------------
	 #1 (8.6835e-03, 6.5407e-07): lin 1 (0.0e+00)
Composition correction applied in 125 block(s)
	 #2 (2.2006e-02, 5.9791e-08): lin 1 (0.0e+00)
Composition correction applied in 124 block(s)
-------------------------------------------------------------------------------------------------------------
 T = 553.023, DT = 1, NI = 2, LI = 2, RES = 2.5e-03 (1.3e-07), CFL=0.962 (ELAPSED 00:00:03, REMAINING 00:00:02 )
-------------------------------------------------------------------------------------------------------------
	 #1 (8.8173e-03, 1.3379e-07): lin 1 (0.0e+00)
Composition correction applied in 159 block(s)
	 #2 (1.5201e-02, 6.8513e-07): lin 1 (0.0e+00)
Composition correction applied in 122 block(s)
-------------------------------------------------------------------------------------------------------------
 T = 554.023, DT = 1, NI = 2, LI = 2, RES = 1.2e-03 (3.3e-07), CFL=0.951 (ELAPSED 00:00:03, REMAINING 00:00:02 )
-------------------------------------------------------------------------------------------------------------
	 #1 (8.6148e-03, 3.2764e-07): lin 1 (0.0e+00)
Composition correction applied in 124 block(s)
	 #2 (1.4659e-02, 7.6304e-08): lin 1 (0.0e+00)
Composition correction applied in 123 block(s)
-------------------------------------------------------------------------------------------------------------
 T = 555.023, DT = 1, NI = 2, LI = 2, RES = 2.6e-03 (1.2e-07), CFL=0.956 (ELAPSED 00:00:03, REMAINING 00:00:02 )
-------------------------------------------------------------------------------------------------------------
	 #1 (8.8370e-03, 1.1558e-07): lin 1 (0.0e+00)
Composition correction applied in 159 block(s)
	 #2 (1.6644e-02, 1.9476e-07): lin 1 (0.0e+00)
Composition correction applied in 127 block(s)
-------------------------------------------------------------------------------------------------------------
 T = 556.023, DT = 1, NI = 2, LI = 2, RES = 1.1e-03 (1.3e-07), CFL=0.955 (ELAPSED 00:00:03, REMAINING 00:00:02 )
-------------------------------------------------------------------------------------------------------------
	 #1 (8.6172e-03, 1.2587e-07): lin 1 (0.0e+00)
Composition correction applied in 160 block(s)
	 #2 (1.5420e-02, 7.1833e-07): lin 1 (0.0e+00)
Composition correction applied in 161 block(s)
-------------------------------------------------------------------------------------------------------------
 T = 557.023, DT = 1, NI = 2, LI = 2, RES = 1.4e-03 (1.0e-06), CFL=0.915 (ELAPSED 00:00:03, REMAINING 00:00:02 )
-------------------------------------------------------------------------------------------------------------
	 #1 (9.0974e-03, 1.0337e-06): lin 1 (0.0e+00)
Composition correction applied in 161 block(s)
	 #2 (1.4757e-02, 9.3973e-08): lin 1 (0.0e+00)
Composition correction applied in 161 block(s)
-------------------------------------------------------------------------------------------------------------
 T = 558.023, DT = 1, NI = 2, LI = 2, RES = 1.1e-03 (8.8e-08), CFL=0.947 (ELAPSED 00:00:03, REMAINING 00:00:02 )
-------------------------------------------------------------------------------------------------------------
	 #1 (8.6736e-03, 8.7929e-08): lin 1 (0.0e+00)
Composition correction applied in 161 block(s)
	 #2 (1.5669e-02, 6.5057e-07): lin 1 (0.0e+00)
Composition correction applied in 122 block(s)
-------------------------------------------------------------------------------------------------------------
 T = 559.023, DT = 1, NI = 2, LI = 2, RES = 1.2e-03 (6.5e-07), CFL=0.935 (ELAPSED 00:00:03, REMAINING 00:00:02 )
-------------------------------------------------------------------------------------------------------------
	 #1 (8.7854e-03, 6.4761e-07): lin 1 (0.0e+00)
Composition correction applied in 125 block(s)
	 #2 (2.2458e-02, 4.3475e-08): lin 1 (0.0e+00)
Composition correction applied in 124 block(s)
-------------------------------------------------------------------------------------------------------------
 T = 560.023, DT = 1, NI = 2, LI = 2, RES = 2.6e-03 (1.3e-07), CFL=0.973 (ELAPSED 00:00:03, REMAINING 00:00:02 )
-------------------------------------------------------------------------------------------------------------
	 #1 (8.9396e-03, 1.3499e-07): lin 1 (0.0e+00)
Composition correction applied in 162 block(s)
	 #2 (1.5495e-02, 7.5301e-07): lin 1 (0.0e+00)
Composition correction applied in 122 block(s)
-------------------------------------------------------------------------------------------------------------
 T = 561.023, DT = 1, NI = 2, LI = 2, RES = 1.4e-03 (3.5e-07), CFL=0.960 (ELAPSED 00:00:03, REMAINING 00:00:02 )
-------------------------------------------------------------------------------------------------------------
	 #1 (8.7365e-03, 3.5379e-07): lin 1 (0.0e+00)
Composition correction applied in 122 block(s)
	 #2 (1.6134e-02, 1.1056e-07): lin 1 (0.0e+00)
Composition correction applied in 122 block(s)
-------------------------------------------------------------------------------------------------------------
 T = 562.023, DT = 1, NI = 2, LI = 2, RES = 2.6e-03 (5.7e-08), CFL=0.966 (ELAPSED 00:00:03, REMAINING 00:00:02 )
-------------------------------------------------------------------------------------------------------------
	 #1 (8.9441e-03, 5.7083e-08): lin 1 (0.0e+00)
Composition correction applied in 163 block(s)
	 #2 (1.7344e-02, 2.6179e-07): lin 1 (0.0e+00)
Composition correction applied in 125 block(s)
-------------------------------------------------------------------------------------------------------------
 T = 563.023, DT = 1, NI = 2, LI = 2, RES = 1.1e-03 (1.5e-07), CFL=0.966 (ELAPSED 00:00:03, REMAINING 00:00:02 )
-------------------------------------------------------------------------------------------------------------
	 #1 (8.7322e-03, 1.4933e-07): lin 1 (0.0e+00)
Composition correction applied in 164 block(s)
	 #2 (1.5606e-02, 8.0040e-07): lin 1 (0.0e+00)
Composition correction applied in 126 block(s)
-------------------------------------------------------------------------------------------------------------
 T = 564.023, DT = 1, NI = 2, LI = 2, RES = 1.5e-03 (1.2e-06), CFL=0.919 (ELAPSED 00:00:03, REMAINING 00:00:02 )
-------------------------------------------------------------------------------------------------------------
	 #1 (9.2901e-03, 1.2495e-06): lin 1 (0.0e+00)
Composition correction applied in 164 block(s)
	 #2 (1.5357e-02, 1.7300e-07): lin 1 (0.0e+00)
Composition correction applied in 128 block(s)
-------------------------------------------------------------------------------------------------------------
 T = 565.023, DT = 1, NI = 2, LI = 2, RES = 1.1e-03 (1.4e-07), CFL=0.959 (ELAPSED 00:00:03, REMAINING 00:00:02 )
-------------------------------------------------------------------------------------------------------------
	 #1 (8.7285e-03, 1.4132e-07): lin 1 (0.0e+00)
Composition correction applied in 164 block(s)
	 #2 (1.5608e-02, 7.6140e-07): lin 1 (0.0e+00)
Composition correction applied in 164 block(s)
-------------------------------------------------------------------------------------------------------------
 T = 566.023, DT = 1, NI = 2, LI = 2, RES = 1.7e-03 (9.2e-07), CFL=0.934 (ELAPSED 00:00:03, REMAINING 00:00:02 )
-------------------------------------------------------------------------------------------------------------
	 #1 (9.1364e-03, 9.1984e-07): lin 1 (0.0e+00)
Composition correction applied in 165 block(s)
	 #2 (1.4940e-02, 7.8631e-08): lin 1 (0.0e+00)
Composition correction applied in 165 block(s)
-------------------------------------------------------------------------------------------------------------
 T = 567.023, DT = 1, NI = 2, LI = 2, RES = 1.3e-03 (7.2e-08), CFL=0.958 (ELAPSED 00:00:03, REMAINING 00:00:02 )
-------------------------------------------------------------------------------------------------------------
	 #1 (8.8390e-03, 7.1939e-08): lin 1 (0.0e+00)
Composition correction applied in 166 block(s)
	 #2 (1.5868e-02, 6.9486e-07): lin 1 (0.0e+00)
Composition correction applied in 125 block(s)
-------------------------------------------------------------------------------------------------------------
 T = 568.023, DT = 1, NI = 2, LI = 2, RES = 1.2e-03 (6.5e-07), CFL=0.948 (ELAPSED 00:00:03, REMAINING 00:00:02 )
-------------------------------------------------------------------------------------------------------------
	 #1 (8.9180e-03, 6.5441e-07): lin 1 (0.0e+00)
Composition correction applied in 127 block(s)
	 #2 (2.2939e-02, 6.2503e-08): lin 1 (0.0e+00)
Composition correction applied in 127 block(s)
-------------------------------------------------------------------------------------------------------------
 T = 569.023, DT = 1, NI = 2, LI = 2, RES = 2.7e-03 (7.3e-08), CFL=0.987 (ELAPSED 00:00:03, REMAINING 00:00:02 )
-------------------------------------------------------------------------------------------------------------
	 #1 (9.0748e-03, 7.3284e-08): lin 1 (0.0e+00)
Composition correction applied in 130 block(s)
	 #2 (1.5815e-02, 8.2533e-07): lin 1 (0.0e+00)
Composition correction applied in 125 block(s)
-------------------------------------------------------------------------------------------------------------
 T = 570.023, DT = 1, NI = 2, LI = 2, RES = 1.7e-03 (3.8e-07), CFL=0.972 (ELAPSED 00:00:03, REMAINING 00:00:02 )
-------------------------------------------------------------------------------------------------------------
	 #1 (8.8946e-03, 3.8360e-07): lin 1 (0.0e+00)
Composition correction applied in 125 block(s)
	 #2 (1.7748e-02, 1.1872e-07): lin 1 (0.0e+00)
Composition correction applied in 125 block(s)
-------------------------------------------------------------------------------------------------------------
 T = 571.023, DT = 1, NI = 2, LI = 2, RES = 2.7e-03 (1.0e-07), CFL=0.980 (ELAPSED 00:00:03, REMAINING 00:00:02 )
-------------------------------------------------------------------------------------------------------------
	 #1 (9.1011e-03, 1.0373e-07): lin 1 (0.0e+00)
Composition correction applied in 135 block(s)
	 #2 (1.8196e-02, 3.6280e-07): lin 1 (0.0e+00)
Composition correction applied in 128 block(s)
-------------------------------------------------------------------------------------------------------------
 T = 572.023, DT = 1, NI = 2, LI = 2, RES = 1.1e-03 (1.9e-07), CFL=0.980 (ELAPSED 00:00:03, REMAINING 00:00:02 )
-------------------------------------------------------------------------------------------------------------
	 #1 (8.8788e-03, 1.8708e-07): lin 1 (0.0e+00)
Composition correction applied in 131 block(s)
	 #2 (1.2395e-02, 5.0109e-08): lin 1 (0.0e+00)
Composition correction applied in 129 block(s)
-------------------------------------------------------------------------------------------------------------
 T = 573.023, DT = 1, NI = 2, LI = 2, RES = 2.7e-03 (1.5e-07), CFL=0.974 (ELAPSED 00:00:03, REMAINING 00:00:02 )
-------------------------------------------------------------------------------------------------------------
	 #1 (9.2751e-03, 1.4576e-07): lin 1 (0.0e+00)
Composition correction applied in 154 block(s)
	 #2 (1.7183e-02, 2.3134e-07): lin 1 (0.0e+00)
Composition correction applied in 133 block(s)
-------------------------------------------------------------------------------------------------------------
 T = 574.023, DT = 1, NI = 2, LI = 2, RES = 1.2e-03 (1.4e-07), CFL=0.978 (ELAPSED 00:00:03, REMAINING 00:00:02 )
-------------------------------------------------------------------------------------------------------------
	 #1 (8.9366e-03, 1.4424e-07): lin 1 (0.0e+00)
Composition correction applied in 169 block(s)
	 #2 (1.5916e-02, 9.0776e-07): lin 1 (0.0e+00)
Composition correction applied in 133 block(s)
-------------------------------------------------------------------------------------------------------------
 T = 575.023, DT = 1, NI = 2, LI = 2, RES = 1.6e-03 (1.3e-06), CFL=0.935 (ELAPSED 00:00:03, REMAINING 00:00:02 )
-------------------------------------------------------------------------------------------------------------
	 #1 (9.4771e-03, 1.3469e-06): lin 1 (0.0e+00)
Composition correction applied in 168 block(s)
	 #2 (1.5861e-02, 1.8732e-07): lin 1 (0.0e+00)
Composition correction applied in 170 block(s)
-------------------------------------------------------------------------------------------------------------
 T = 576.023, DT = 1, NI = 2, LI = 2, RES = 1.1e-03 (1.3e-07), CFL=0.974 (ELAPSED 00:00:03, REMAINING 00:00:02 )
-------------------------------------------------------------------------------------------------------------
	 #1 (8.9156e-03, 1.3138e-07): lin 1 (0.0e+00)
Composition correction applied in 170 block(s)
	 #2 (1.5914e-02, 8.8262e-07): lin 1 (0.0e+00)
Composition correction applied in 128 block(s)
-------------------------------------------------------------------------------------------------------------
 T = 577.023, DT = 1, NI = 2, LI = 2, RES = 1.7e-03 (1.1e-06), CFL=0.945 (ELAPSED 00:00:03, REMAINING 00:00:02 )
-------------------------------------------------------------------------------------------------------------
	 #1 (9.3667e-03, 1.1170e-06): lin 1 (0.0e+00)
Composition correction applied in 129 block(s)
	 #2 (1.5425e-02, 1.3630e-07): lin 1 (0.0e+00)
Composition correction applied in 130 block(s)
-------------------------------------------------------------------------------------------------------------
 T = 578.023, DT = 1, NI = 2, LI = 2, RES = 1.2e-03 (1.2e-07), CFL=0.974 (ELAPSED 00:00:03, REMAINING 00:00:02 )
-------------------------------------------------------------------------------------------------------------
	 #1 (9.0427e-03, 1.2417e-07): lin 1 (0.0e+00)
Composition correction applied in 170 block(s)
	 #2 (1.5968e-02, 8.8390e-07): lin 1 (0.0e+00)
Composition correction applied in 130 block(s)
-------------------------------------------------------------------------------------------------------------
 T = 579.023, DT = 1, NI = 2, LI = 2, RES = 1.4e-03 (9.4e-07), CFL=0.955 (ELAPSED 00:00:03, REMAINING 00:00:02 )
-------------------------------------------------------------------------------------------------------------
	 #1 (9.1868e-03, 9.4454e-07): lin 1 (0.0e+00)
Composition correction applied in 128 block(s)
	 #2 (1.3806e-02, 8.1602e-08): lin 1 (0.0e+00)
Composition correction applied in 131 block(s)
-------------------------------------------------------------------------------------------------------------
 T = 580.023, DT = 1, NI = 2, LI = 2, RES = 6.2e-04 (1.4e-07), CFL=0.959 (ELAPSED 00:00:03, REMAINING 00:00:02 )
-------------------------------------------------------------------------------------------------------------
	 #1 (9.0752e-03, 1.4325e-07): lin 1 (0.0e+00)
Composition correction applied in 171 block(s)
	 #2 (1.6243e-02, 8.3213e-07): lin 1 (0.0e+00)
Composition correction applied in 129 block(s)
-------------------------------------------------------------------------------------------------------------
 T = 581.023, DT = 1, NI = 2, LI = 2, RES = 1.3e-03 (8.2e-07), CFL=0.962 (ELAPSED 00:00:03, REMAINING 00:00:02 )
-------------------------------------------------------------------------------------------------------------
	 #1 (9.1688e-03, 8.1523e-07): lin 1 (0.0e+00)
Composition correction applied in 132 block(s)
	 #2 (2.4108e-02, 3.5418e-08): lin 1 (0.0e+00)
Composition correction applied in 133 block(s)
-------------------------------------------------------------------------------------------------------------
 T = 582.023, DT = 1, NI = 2, LI = 2, RES = 2.8e-03 (6.4e-08), CFL=1.002 (ELAPSED 00:00:03, REMAINING 00:00:02 )
-------------------------------------------------------------------------------------------------------------
	 #1 (9.6405e-03, 6.3637e-08): lin 1 (0.0e+00)
Composition correction applied in 172 block(s)
	 #2 (1.6110e-02, 1.2365e-06): lin 1 (0.0e+00)
Composition correction applied in 132 block(s)
-------------------------------------------------------------------------------------------------------------
 T = 583.023, DT = 1, NI = 2, LI = 2, RES = 1.1e-03 (7.5e-07), CFL=0.977 (ELAPSED 00:00:03, REMAINING 00:00:02 )
-------------------------------------------------------------------------------------------------------------
	 #1 (9.1980e-03, 7.5022e-07): lin 1 (0.0e+00)
Composition correction applied in 130 block(s)
	 #2 (2.4606e-02, 1.2329e-07): lin 1 (0.0e+00)
Composition correction applied in 133 block(s)
-------------------------------------------------------------------------------------------------------------
 T = 584.023, DT = 1, NI = 2, LI = 2, RES = 3.0e-03 (7.3e-08), CFL=1.016 (ELAPSED 00:00:03, REMAINING 00:00:02 )
-------------------------------------------------------------------------------------------------------------
	 #1 (9.3968e-03, 7.3179e-08): lin 1 (0.0e+00)
Composition correction applied in 173 block(s)
	 #2 (1.6597e-02, 1.0190e-06): lin 1 (0.0e+00)
Composition correction applied in 174 block(s)
-------------------------------------------------------------------------------------------------------------
 T = 585.023, DT = 1, NI = 2, LI = 2, RES = 9.1e-04 (6.3e-07), CFL=0.984 (ELAPSED 00:00:03, REMAINING 00:00:02 )
-------------------------------------------------------------------------------------------------------------
	 #1 (9.2364e-03, 6.2715e-07): lin 1 (0.0e+00)
Composition correction applied in 174 block(s)
	 #2 (2.2470e-02, 8.5418e-08): lin 1 (0.0e+00)
Composition correction applied in 174 block(s)
-------------------------------------------------------------------------------------------------------------
 T = 586.023, DT = 1, NI = 2, LI = 2, RES = 3.0e-03 (1.1e-07), CFL=1.015 (ELAPSED 00:00:03, REMAINING 00:00:02 )
-------------------------------------------------------------------------------------------------------------
	 #1 (9.3960e-03, 1.1405e-07): lin 1 (0.0e+00)
Composition correction applied in 174 block(s)
	 #2 (1.6525e-02, 9.1927e-07): lin 1 (0.0e+00)
Composition correction applied in 132 block(s)
-------------------------------------------------------------------------------------------------------------
 T = 587.023, DT = 1, NI = 2, LI = 2, RES = 2.0e-03 (4.3e-07), CFL=0.996 (ELAPSED 00:00:03, REMAINING 00:00:02 )
-------------------------------------------------------------------------------------------------------------
	 #1 (9.2498e-03, 4.3497e-07): lin 1 (0.0e+00)
Composition correction applied in 131 block(s)
	 #2 (2.0052e-02, 1.0261e-07): lin 1 (0.0e+00)
Composition correction applied in 132 block(s)
-------------------------------------------------------------------------------------------------------------
 T = 588.023, DT = 1, NI = 2, LI = 2, RES = 2.7e-03 (1.2e-07), CFL=1.007 (ELAPSED 00:00:03, REMAINING 00:00:02 )
-------------------------------------------------------------------------------------------------------------
	 #1 (9.4799e-03, 1.2026e-07): lin 1 (0.0e+00)
Composition correction applied in 175 block(s)
	 #2 (1.6345e-02, 8.6692e-07): lin 1 (0.0e+00)
Composition correction applied in 132 block(s)
-------------------------------------------------------------------------------------------------------------
 T = 589.023, DT = 1, NI = 2, LI = 2, RES = 1.8e-03 (4.3e-07), CFL=0.997 (ELAPSED 00:00:03, REMAINING 00:00:02 )
-------------------------------------------------------------------------------------------------------------
	 #1 (9.2691e-03, 4.3305e-07): lin 1 (0.0e+00)
Composition correction applied in 133 block(s)
	 #2 (1.9372e-02, 1.2947e-07): lin 1 (0.0e+00)
Composition correction applied in 132 block(s)
-------------------------------------------------------------------------------------------------------------
 T = 590.023, DT = 1, NI = 2, LI = 2, RES = 2.7e-03 (6.0e-08), CFL=1.007 (ELAPSED 00:00:03, REMAINING 00:00:02 )
-------------------------------------------------------------------------------------------------------------
	 #1 (9.5228e-03, 5.9750e-08): lin 1 (0.0e+00)
Composition correction applied in 176 block(s)
	 #2 (2.0325e-02, 5.9798e-07): lin 1 (0.0e+00)
Composition correction applied in 138 block(s)
-------------------------------------------------------------------------------------------------------------
 T = 591.023, DT = 1, NI = 2, LI = 2, RES = 1.5e-03 (2.8e-07), CFL=1.010 (ELAPSED 00:00:03, REMAINING 00:00:02 )
-------------------------------------------------------------------------------------------------------------
	 #1 (9.2585e-03, 2.7851e-07): lin 1 (0.0e+00)
Composition correction applied in 153 block(s)
	 #2 (1.8499e-02, 8.8307e-08): lin 1 (0.0e+00)
Composition correction applied in 140 block(s)
-------------------------------------------------------------------------------------------------------------
 T = 592.023, DT = 1, NI = 2, LI = 2, RES = 2.6e-03 (1.3e-07), CFL=1.008 (ELAPSED 00:00:03, REMAINING 00:00:02 )
-------------------------------------------------------------------------------------------------------------
	 #1 (9.6110e-03, 1.3256e-07): lin 1 (0.0e+00)
Composition correction applied in 178 block(s)
	 #2 (1.9841e-02, 5.8255e-07): lin 1 (0.0e+00)
Composition correction applied in 177 block(s)
-------------------------------------------------------------------------------------------------------------
 T = 593.023, DT = 1, NI = 2, LI = 2, RES = 1.5e-03 (2.7e-07), CFL=1.012 (ELAPSED 00:00:03, REMAINING 00:00:02 )
-------------------------------------------------------------------------------------------------------------
	 #1 (9.2891e-03, 2.6574e-07): lin 1 (0.0e+00)
Composition correction applied in 176 block(s)
	 #2 (1.8722e-02, 6.8786e-08): lin 1 (0.0e+00)
Composition correction applied in 178 block(s)
-------------------------------------------------------------------------------------------------------------
 T = 594.023, DT = 1, NI = 2, LI = 2, RES = 2.6e-03 (1.0e-07), CFL=1.012 (ELAPSED 00:00:03, REMAINING 00:00:02 )
-------------------------------------------------------------------------------------------------------------
	 #1 (9.6506e-03, 1.0008e-07): lin 1 (0.0e+00)
Composition correction applied in 179 block(s)
	 #2 (2.0028e-02, 6.1598e-07): lin 1 (0.0e+00)
Composition correction applied in 179 block(s)
-------------------------------------------------------------------------------------------------------------
 T = 595.023, DT = 1, NI = 2, LI = 2, RES = 1.6e-03 (2.8e-07), CFL=1.015 (ELAPSED 00:00:03, REMAINING 00:00:02 )
-------------------------------------------------------------------------------------------------------------
	 #1 (9.3240e-03, 2.7730e-07): lin 1 (0.0e+00)
Composition correction applied in 135 block(s)
	 #2 (1.9537e-02, 6.2851e-08): lin 1 (0.0e+00)
Composition correction applied in 135 block(s)
-------------------------------------------------------------------------------------------------------------
 T = 596.023, DT = 1, NI = 2, LI = 2, RES = 2.7e-03 (8.1e-08), CFL=1.016 (ELAPSED 00:00:03, REMAINING 00:00:02 )
-------------------------------------------------------------------------------------------------------------
	 #1 (9.7053e-03, 8.0819e-08): lin 1 (0.0e+00)
Composition correction applied in 138 block(s)
	 #2 (1.6739e-02, 9.9428e-07): lin 1 (0.0e+00)
Composition correction applied in 136 block(s)
-------------------------------------------------------------------------------------------------------------
 T = 597.023, DT = 1, NI = 2, LI = 2, RES = 2.2e-03 (4.8e-07), CFL=1.009 (ELAPSED 00:00:03, REMAINING 00:00:02 )
-------------------------------------------------------------------------------------------------------------
	 #1 (9.4529e-03, 4.7971e-07): lin 1 (0.0e+00)
Composition correction applied in 137 block(s)
	 #2 (2.1689e-02, 1.4652e-07): lin 1 (0.0e+00)
Composition correction applied in 137 block(s)
-------------------------------------------------------------------------------------------------------------
 T = 598.023, DT = 1, NI = 2, LI = 2, RES = 2.9e-03 (9.1e-08), CFL=1.027 (ELAPSED 00:00:03, REMAINING 00:00:02 )
-------------------------------------------------------------------------------------------------------------
	 #1 (9.7510e-03, 9.0723e-08): lin 1 (0.0e+00)
Composition correction applied in 148 block(s)
	 #2 (1.6996e-02, 1.1023e-06): lin 1 (0.0e+00)
Composition correction applied in 136 block(s)
-------------------------------------------------------------------------------------------------------------
 T = 599.023, DT = 1, NI = 2, LI = 2, RES = 9.8e-04 (7.2e-07), CFL=1.001 (ELAPSED 00:00:03, REMAINING 00:00:02 )
-------------------------------------------------------------------------------------------------------------
	 #1 (9.5286e-03, 7.2440e-07): lin 1 (0.0e+00)
Composition correction applied in 140 block(s)
	 #2 (2.5980e-02, 2.0726e-07): lin 1 (0.0e+00)
Composition correction applied in 139 block(s)
-------------------------------------------------------------------------------------------------------------
 T = 600.023, DT = 1, NI = 2, LI = 2, RES = 3.3e-03 (1.9e-08), CFL=1.044 (ELAPSED 00:00:03, REMAINING 00:00:02 )
-------------------------------------------------------------------------------------------------------------
	 #1 (9.7463e-03, 1.9119e-08): lin 1 (0.0e+00)
Composition correction applied in 181 block(s)
	 #2 (1.7301e-02, 1.2436e-06): lin 1 (0.0e+00)
Composition correction applied in 139 block(s)
-------------------------------------------------------------------------------------------------------------
 T = 601.023, DT = 1, NI = 2, LI = 2, RES = 1.1e-03 (8.1e-07), CFL=1.004 (ELAPSED 00:00:03, REMAINING 00:00:02 )
-------------------------------------------------------------------------------------------------------------
	 #1 (9.6117e-03, 8.1302e-07): lin 1 (0.0e+00)
Composition correction applied in 137 block(s)
	 #2 (2.6466e-02, 1.6064e-07): lin 1 (0.0e+00)
Composition correction applied in 139 block(s)
-------------------------------------------------------------------------------------------------------------
 T = 602.023, DT = 1, NI = 2, LI = 2, RES = 3.2e-03 (2.7e-08), CFL=1.046 (ELAPSED 00:00:03, REMAINING 00:00:02 )
-------------------------------------------------------------------------------------------------------------
	 #1 (9.9245e-03, 2.7317e-08): lin 1 (0.0e+00)
Composition correction applied in 181 block(s)
	 #2 (1.7467e-02, 1.4667e-06): lin 1 (0.0e+00)
Composition correction applied in 183 block(s)
-------------------------------------------------------------------------------------------------------------
 T = 603.023, DT = 1, NI = 2, LI = 2, RES = 1.3e-03 (9.6e-07), CFL=1.006 (ELAPSED 00:00:03, REMAINING 00:00:02 )
-------------------------------------------------------------------------------------------------------------
	 #1 (9.6722e-03, 9.6134e-07): lin 1 (0.0e+00)
Composition correction applied in 183 block(s)
	 #2 (2.6909e-02, 1.0794e-07): lin 1 (0.0e+00)
Composition correction applied in 183 block(s)
-------------------------------------------------------------------------------------------------------------
 T = 604.023, DT = 1, NI = 2, LI = 2, RES = 3.2e-03 (8.2e-08), CFL=1.044 (ELAPSED 00:00:03, REMAINING 00:00:02 )
-------------------------------------------------------------------------------------------------------------
	 #1 (1.0316e-02, 8.2017e-08): lin 1 (0.0e+00)
Composition correction applied in 183 block(s)
	 #2 (1.7202e-02, 1.8096e-06): lin 1 (0.0e+00)
Composition correction applied in 139 block(s)
-------------------------------------------------------------------------------------------------------------
 T = 605.023, DT = 1, NI = 2, LI = 2, RES = 1.5e-03 (1.2e-06), CFL=1.005 (ELAPSED 00:00:03, REMAINING 00:00:02 )
-------------------------------------------------------------------------------------------------------------
	 #1 (9.7646e-03, 1.1932e-06): lin 1 (0.0e+00)
Composition correction applied in 138 block(s)
	 #2 (1.5351e-02, 7.7167e-08): lin 1 (0.0e+00)
Composition correction applied in 139 block(s)
-------------------------------------------------------------------------------------------------------------
 T = 606.023, DT = 1, NI = 2, LI = 2, RES = 1.2e-03 (8.2e-08), CFL=1.014 (ELAPSED 00:00:03, REMAINING 00:00:02 )
-------------------------------------------------------------------------------------------------------------
	 #1 (9.7676e-03, 8.2035e-08): lin 1 (0.0e+00)
Composition correction applied in 184 block(s)
	 #2 (1.7465e-02, 1.2546e-06): lin 1 (0.0e+00)
Composition correction applied in 141 block(s)
-------------------------------------------------------------------------------------------------------------
 T = 607.023, DT = 1, NI = 2, LI = 2, RES = 1.8e-03 (1.4e-06), CFL=0.994 (ELAPSED 00:00:03, REMAINING 00:00:02 )
-------------------------------------------------------------------------------------------------------------
	 #1 (1.0004e-02, 1.3985e-06): lin 1 (0.0e+00)
Composition correction applied in 141 block(s)
	 #2 (1.7026e-02, 1.3903e-07): lin 1 (0.0e+00)
Composition correction applied in 139 block(s)
-------------------------------------------------------------------------------------------------------------
 T = 608.023, DT = 1, NI = 2, LI = 2, RES = 1.2e-03 (1.5e-07), CFL=1.021 (ELAPSED 00:00:03, REMAINING 00:00:02 )
-------------------------------------------------------------------------------------------------------------
	 #1 (9.7404e-03, 1.5076e-07): lin 1 (0.0e+00)
Composition correction applied in 185 block(s)
	 #2 (1.6983e-02, 1.4144e-06): lin 1 (0.0e+00)
Composition correction applied in 140 block(s)
-------------------------------------------------------------------------------------------------------------
 T = 609.023, DT = 1, NI = 2, LI = 2, RES = 1.7e-03 (1.8e-06), CFL=0.987 (ELAPSED 00:00:03, REMAINING 00:00:02 )
-------------------------------------------------------------------------------------------------------------
	 #1 (1.0167e-02, 1.8216e-06): lin 1 (0.0e+00)
Composition correction applied in 151 block(s)
	 #2 (1.7898e-02, 3.1281e-07): lin 1 (0.0e+00)
Composition correction applied in 143 block(s)
-------------------------------------------------------------------------------------------------------------
 T = 610.023, DT = 1, NI = 2, LI = 2, RES = 1.2e-03 (2.0e-07), CFL=1.026 (ELAPSED 00:00:03, REMAINING 00:00:02 )
-------------------------------------------------------------------------------------------------------------
	 #1 (9.6289e-03, 2.0010e-07): lin 1 (0.0e+00)
Composition correction applied in 187 block(s)
	 #2 (1.7018e-02, 1.4664e-06): lin 1 (0.0e+00)
Composition correction applied in 145 block(s)
-------------------------------------------------------------------------------------------------------------
 T = 611.023, DT = 1, NI = 2, LI = 2, RES = 1.8e-03 (2.2e-06), CFL=0.983 (ELAPSED 00:00:03, REMAINING 00:00:02 )
-------------------------------------------------------------------------------------------------------------
	 #1 (1.0280e-02, 2.1673e-06): lin 1 (0.0e+00)
Composition correction applied in 185 block(s)
	 #2 (1.8765e-02, 5.3377e-07): lin 1 (0.0e+00)
Composition correction applied in 187 block(s)
-------------------------------------------------------------------------------------------------------------
 T = 612.023, DT = 1, NI = 2, LI = 2, RES = 1.2e-03 (2.7e-07), CFL=1.032 (ELAPSED 00:00:03, REMAINING 00:00:02 )
-------------------------------------------------------------------------------------------------------------
	 #1 (9.5856e-03, 2.6849e-07): lin 1 (0.0e+00)
Composition correction applied in 188 block(s)
	 #2 (1.5828e-02, 1.1811e-07): lin 1 (0.0e+00)
Composition correction applied in 188 block(s)
-------------------------------------------------------------------------------------------------------------
 T = 613.023, DT = 1, NI = 2, LI = 2, RES = 2.5e-03 (1.4e-07), CFL=1.035 (ELAPSED 00:00:03, REMAINING 00:00:02 )
-------------------------------------------------------------------------------------------------------------
	 #1 (1.0098e-02, 1.4020e-07): lin 1 (0.0e+00)
Composition correction applied in 184 block(s)
	 #2 (2.0564e-02, 7.5367e-07): lin 1 (0.0e+00)
Composition correction applied in 142 block(s)
-------------------------------------------------------------------------------------------------------------
 T = 614.023, DT = 1, NI = 2, LI = 2, RES = 1.9e-03 (3.2e-07), CFL=1.043 (ELAPSED 00:00:03, REMAINING 00:00:02 )
-------------------------------------------------------------------------------------------------------------
	 #1 (9.6948e-03, 3.1562e-07): lin 1 (0.0e+00)
Composition correction applied in 143 block(s)
	 #2 (2.1774e-02, 7.1548e-08): lin 1 (0.0e+00)
Composition correction applied in 143 block(s)
-------------------------------------------------------------------------------------------------------------
 T = 615.023, DT = 1, NI = 2, LI = 2, RES = 3.8e-03 (4.0e-08), CFL=1.075 (ELAPSED 00:00:03, REMAINING 00:00:02 )
-------------------------------------------------------------------------------------------------------------
	 #1 (1.0364e-02, 4.0161e-08): lin 1 (0.0e+00)
Composition correction applied in 188 block(s)
	 #2 (1.7731e-02, 1.5627e-06): lin 1 (0.0e+00)
Composition correction applied in 143 block(s)
-------------------------------------------------------------------------------------------------------------
 T = 616.023, DT = 1, NI = 2, LI = 2, RES = 1.3e-03 (1.0e-06), CFL=1.025 (ELAPSED 00:00:03, REMAINING 00:00:02 )
-------------------------------------------------------------------------------------------------------------
	 #1 (9.9286e-03, 1.0352e-06): lin 1 (0.0e+00)
Composition correction applied in 145 block(s)
	 #2 (2.7784e-02, 1.2112e-07): lin 1 (0.0e+00)
Composition correction applied in 146 block(s)
-------------------------------------------------------------------------------------------------------------
 T = 617.023, DT = 1, NI = 2, LI = 2, RES = 4.0e-03 (4.3e-09), CFL=1.088 (ELAPSED 00:00:03, REMAINING 00:00:02 )
-------------------------------------------------------------------------------------------------------------
	 #1 (1.0626e-02, 4.3250e-09): lin 1 (0.0e+00)
Composition correction applied in 189 block(s)
	 #2 (1.7721e-02, 2.2493e-06): lin 1 (0.0e+00)
Composition correction applied in 144 block(s)
-------------------------------------------------------------------------------------------------------------
 T = 618.023, DT = 1, NI = 2, LI = 2, RES = 1.6e-03 (1.6e-06), CFL=1.022 (ELAPSED 00:00:03, REMAINING 00:00:02 )
-------------------------------------------------------------------------------------------------------------
	 #1 (1.0107e-02, 1.5539e-06): lin 1 (0.0e+00)
Composition correction applied in 154 block(s)
	 #2 (1.6522e-02, 8.3340e-08): lin 1 (0.0e+00)
Composition correction applied in 148 block(s)
-------------------------------------------------------------------------------------------------------------
 T = 619.023, DT = 1, NI = 2, LI = 2, RES = 1.2e-03 (1.3e-07), CFL=1.037 (ELAPSED 00:00:03, REMAINING 00:00:02 )
-------------------------------------------------------------------------------------------------------------
	 #1 (1.0043e-02, 1.2833e-07): lin 1 (0.0e+00)
Composition correction applied in 191 block(s)
	 #2 (1.7415e-02, 1.6827e-06): lin 1 (0.0e+00)
Composition correction applied in 152 block(s)
-------------------------------------------------------------------------------------------------------------
 T = 620.023, DT = 1, NI = 2, LI = 2, RES = 1.8e-03 (2.2e-06), CFL=1.003 (ELAPSED 00:00:03, REMAINING 00:00:02 )
-------------------------------------------------------------------------------------------------------------
	 #1 (1.0474e-02, 2.1900e-06): lin 1 (0.0e+00)
Composition correction applied in 191 block(s)
	 #2 (1.9037e-02, 4.6653e-07): lin 1 (0.0e+00)
Composition correction applied in 192 block(s)
-------------------------------------------------------------------------------------------------------------
 T = 621.023, DT = 1, NI = 2, LI = 2, RES = 1.2e-03 (2.6e-07), CFL=1.046 (ELAPSED 00:00:03, REMAINING 00:00:02 )
-------------------------------------------------------------------------------------------------------------
	 #1 (9.8425e-03, 2.6334e-07): lin 1 (0.0e+00)
Composition correction applied in 192 block(s)
	 #2 (1.5203e-02, 7.9654e-08): lin 1 (0.0e+00)
Composition correction applied in 145 block(s)
-------------------------------------------------------------------------------------------------------------
 T = 622.023, DT = 1, NI = 2, LI = 2, RES = 2.5e-03 (8.7e-08), CFL=1.048 (ELAPSED 00:00:03, REMAINING 00:00:02 )
-------------------------------------------------------------------------------------------------------------
	 #1 (1.0379e-02, 8.6880e-08): lin 1 (0.0e+00)
Composition correction applied in 145 block(s)
	 #2 (2.1195e-02, 8.8047e-07): lin 1 (0.0e+00)
Composition correction applied in 146 block(s)
-------------------------------------------------------------------------------------------------------------
 T = 623.023, DT = 1, NI = 2, LI = 2, RES = 2.3e-03 (3.5e-07), CFL=1.059 (ELAPSED 00:00:03, REMAINING 00:00:02 )
-------------------------------------------------------------------------------------------------------------
	 #1 (9.9319e-03, 3.5164e-07): lin 1 (0.0e+00)
Composition correction applied in 146 block(s)
	 #2 (2.4375e-02, 1.0964e-07): lin 1 (0.0e+00)
Composition correction applied in 146 block(s)
-------------------------------------------------------------------------------------------------------------
 T = 624.023, DT = 1, NI = 2, LI = 2, RES = 3.9e-03 (6.6e-08), CFL=1.096 (ELAPSED 00:00:03, REMAINING 00:00:02 )
-------------------------------------------------------------------------------------------------------------
	 #1 (1.0636e-02, 6.6164e-08): lin 1 (0.0e+00)
Composition correction applied in 193 block(s)
	 #2 (1.8261e-02, 2.0401e-06): lin 1 (0.0e+00)
Composition correction applied in 147 block(s)
-------------------------------------------------------------------------------------------------------------
 T = 625.023, DT = 1, NI = 2, LI = 2, RES = 1.5e-03 (1.4e-06), CFL=1.036 (ELAPSED 00:00:03, REMAINING 00:00:02 )
-------------------------------------------------------------------------------------------------------------
	 #1 (1.0205e-02, 1.4188e-06): lin 1 (0.0e+00)
Composition correction applied in 149 block(s)
	 #2 (1.6456e-02, 4.8254e-08): lin 1 (0.0e+00)
Composition correction applied in 147 block(s)
-------------------------------------------------------------------------------------------------------------
 T = 626.023, DT = 1, NI = 2, LI = 2, RES = 1.2e-03 (1.3e-07), CFL=1.048 (ELAPSED 00:00:03, REMAINING 00:00:02 )
-------------------------------------------------------------------------------------------------------------
	 #1 (1.0224e-02, 1.2914e-07): lin 1 (0.0e+00)
Composition correction applied in 194 block(s)
	 #2 (1.7672e-02, 1.8328e-06): lin 1 (0.0e+00)
Composition correction applied in 149 block(s)
-------------------------------------------------------------------------------------------------------------
 T = 627.023, DT = 1, NI = 2, LI = 2, RES = 1.8e-03 (2.3e-06), CFL=1.015 (ELAPSED 00:00:03, REMAINING 00:00:02 )
-------------------------------------------------------------------------------------------------------------
	 #1 (1.0641e-02, 2.3428e-06): lin 1 (0.0e+00)
Composition correction applied in 194 block(s)
	 #2 (1.9524e-02, 5.1981e-07): lin 1 (0.0e+00)
Composition correction applied in 154 block(s)
-------------------------------------------------------------------------------------------------------------
 T = 628.023, DT = 1, NI = 2, LI = 2, RES = 1.3e-03 (2.9e-07), CFL=1.059 (ELAPSED 00:00:03, REMAINING 00:00:02 )
-------------------------------------------------------------------------------------------------------------
	 #1 (1.0015e-02, 2.9148e-07): lin 1 (0.0e+00)
Composition correction applied in 185 block(s)
	 #2 (1.6899e-02, 7.1724e-09): lin 1 (0.0e+00)
Composition correction applied in 195 block(s)
-------------------------------------------------------------------------------------------------------------
 T = 629.023, DT = 1, NI = 2, LI = 2, RES = 2.5e-03 (8.9e-08), CFL=1.062 (ELAPSED 00:00:03, REMAINING 00:00:02 )
-------------------------------------------------------------------------------------------------------------
	 #1 (1.0570e-02, 8.9407e-08): lin 1 (0.0e+00)
Composition correction applied in 196 block(s)
	 #2 (2.2046e-02, 1.1507e-06): lin 1 (0.0e+00)
Composition correction applied in 196 block(s)
-------------------------------------------------------------------------------------------------------------
 T = 630.023, DT = 1, NI = 2, LI = 2, RES = 3.3e-03 (4.4e-07), CFL=1.072 (ELAPSED 00:00:03, REMAINING 00:00:02 )
-------------------------------------------------------------------------------------------------------------
	 #1 (1.0195e-02, 4.3703e-07): lin 1 (0.0e+00)
Composition correction applied in 149 block(s)
	 #2 (3.0358e-02, 3.6371e-07): lin 1 (0.0e+00)
Composition correction applied in 149 block(s)
-------------------------------------------------------------------------------------------------------------
 T = 631.023, DT = 1, NI = 2, LI = 2, RES = 4.5e-03 (1.6e-08), CFL=1.120 (ELAPSED 00:00:03, REMAINING 00:00:02 )
-------------------------------------------------------------------------------------------------------------
	 #1 (1.1136e-02, 1.5656e-08): lin 1 (0.0e+00)
Composition correction applied in 149 block(s)
	 #2 (1.8315e-02, 2.9016e-06): lin 1 (0.0e+00)
Composition correction applied in 149 block(s)
-------------------------------------------------------------------------------------------------------------
 T = 632.023, DT = 1, NI = 2, LI = 2, RES = 1.9e-03 (2.1e-06), CFL=1.042 (ELAPSED 00:00:03, REMAINING 00:00:02 )
-------------------------------------------------------------------------------------------------------------
	 #1 (1.0686e-02, 2.0708e-06): lin 1 (0.0e+00)
Composition correction applied in 149 block(s)
	 #2 (1.9409e-02, 2.3490e-07): lin 1 (0.0e+00)
Composition correction applied in 150 block(s)
-------------------------------------------------------------------------------------------------------------
 T = 633.023, DT = 1, NI = 2, LI = 2, RES = 1.4e-03 (2.1e-07), CFL=1.069 (ELAPSED 00:00:03, REMAINING 00:00:02 )
-------------------------------------------------------------------------------------------------------------
	 #1 (1.0293e-02, 2.1482e-07): lin 1 (0.0e+00)
Composition correction applied in 161 block(s)
	 #2 (1.8047e-02, 2.0712e-06): lin 1 (0.0e+00)
Composition correction applied in 150 block(s)
-------------------------------------------------------------------------------------------------------------
 T = 634.023, DT = 1, NI = 2, LI = 2, RES = 2.1e-03 (3.1e-06), CFL=1.019 (ELAPSED 00:00:03, REMAINING 00:00:02 )
-------------------------------------------------------------------------------------------------------------
	 #1 (1.0960e-02, 3.1184e-06): lin 1 (0.0e+00)
Composition correction applied in 155 block(s)
	 #2 (2.1097e-02, 1.0318e-06): lin 1 (0.0e+00)
Composition correction applied in 151 block(s)
-------------------------------------------------------------------------------------------------------------
 T = 635.023, DT = 1, NI = 2, LI = 2, RES = 2.9e-03 (4.5e-07), CFL=1.074 (ELAPSED 00:00:03, REMAINING 00:00:02 )
-------------------------------------------------------------------------------------------------------------
	 #1 (1.0235e-02, 4.5147e-07): lin 1 (0.0e+00)
Composition correction applied in 151 block(s)
	 #2 (3.0234e-02, 4.1096e-07): lin 1 (0.0e+00)
Composition correction applied in 153 block(s)
-------------------------------------------------------------------------------------------------------------
 T = 636.023, DT = 1, NI = 2, LI = 2, RES = 4.6e-03 (1.2e-07), CFL=1.135 (ELAPSED 00:00:03, REMAINING 00:00:02 )
-------------------------------------------------------------------------------------------------------------
	 #1 (1.0935e-02, 1.1948e-07): lin 1 (0.0e+00)
Composition correction applied in 199 block(s)
	 #2 (1.8567e-02, 2.8191e-06): lin 1 (0.0e+00)
Composition correction applied in 156 block(s)
-------------------------------------------------------------------------------------------------------------
 T = 637.023, DT = 1, NI = 2, LI = 2, RES = 1.7e-03 (2.1e-06), CFL=1.051 (ELAPSED 00:00:03, REMAINING 00:00:02 )
-------------------------------------------------------------------------------------------------------------
	 #1 (1.0629e-02, 2.0962e-06): lin 1 (0.0e+00)
Composition correction applied in 172 block(s)
	 #2 (1.9617e-02, 2.5953e-07): lin 1 (0.0e+00)
Composition correction applied in 200 block(s)
-------------------------------------------------------------------------------------------------------------
 T = 638.023, DT = 1, NI = 2, LI = 2, RES = 1.4e-03 (2.3e-07), CFL=1.077 (ELAPSED 00:00:03, REMAINING 00:00:02 )
-------------------------------------------------------------------------------------------------------------
	 #1 (1.0383e-02, 2.3353e-07): lin 1 (0.0e+00)
Composition correction applied in 201 block(s)
	 #2 (1.8236e-02, 2.2375e-06): lin 1 (0.0e+00)
Composition correction applied in 201 block(s)
-------------------------------------------------------------------------------------------------------------
 T = 639.023, DT = 1, NI = 2, LI = 2, RES = 2.3e-03 (3.1e-06), CFL=1.033 (ELAPSED 00:00:03, REMAINING 00:00:02 )
-------------------------------------------------------------------------------------------------------------
	 #1 (1.0943e-02, 3.0908e-06): lin 1 (0.0e+00)
Composition correction applied in 151 block(s)
	 #2 (2.1844e-02, 8.9771e-07): lin 1 (0.0e+00)
Composition correction applied in 152 block(s)
-------------------------------------------------------------------------------------------------------------
 T = 640.023, DT = 1, NI = 2, LI = 2, RES = 1.3e-03 (7.9e-07), CFL=1.068 (ELAPSED 00:00:03, REMAINING 00:00:02 )
-------------------------------------------------------------------------------------------------------------
	 #1 (1.0457e-02, 7.8881e-07): lin 1 (0.0e+00)
Composition correction applied in 154 block(s)
	 #2 (3.0267e-02, 1.2131e-07): lin 1 (0.0e+00)
Composition correction applied in 154 block(s)
-------------------------------------------------------------------------------------------------------------
 T = 641.023, DT = 1, NI = 2, LI = 2, RES = 4.3e-03 (4.8e-08), CFL=1.138 (ELAPSED 00:00:03, REMAINING 00:00:02 )
-------------------------------------------------------------------------------------------------------------
	 #1 (1.1321e-02, 4.7678e-08): lin 1 (0.0e+00)
Composition correction applied in 156 block(s)
	 #2 (1.8617e-02, 3.5092e-06): lin 1 (0.0e+00)
Composition correction applied in 155 block(s)
-------------------------------------------------------------------------------------------------------------
 T = 642.023, DT = 1, NI = 2, LI = 2, RES = 1.9e-03 (2.7e-06), CFL=1.054 (ELAPSED 00:00:03, REMAINING 00:00:02 )
-------------------------------------------------------------------------------------------------------------
	 #1 (1.1064e-02, 2.7126e-06): lin 1 (0.0e+00)
Composition correction applied in 155 block(s)
	 #2 (2.0674e-02, 5.0473e-07): lin 1 (0.0e+00)
Composition correction applied in 153 block(s)
-------------------------------------------------------------------------------------------------------------
 T = 643.023, DT = 1, NI = 2, LI = 2, RES = 1.4e-03 (3.1e-07), CFL=1.089 (ELAPSED 00:00:03, REMAINING 00:00:02 )
-------------------------------------------------------------------------------------------------------------
	 #1 (1.0475e-02, 3.1280e-07): lin 1 (0.0e+00)
Composition correction applied in 156 block(s)
	 #2 (1.9059e-02, 5.7117e-08): lin 1 (0.0e+00)
Composition correction applied in 154 block(s)
-------------------------------------------------------------------------------------------------------------
 T = 644.023, DT = 1, NI = 2, LI = 2, RES = 2.5e-03 (1.3e-07), CFL=1.092 (ELAPSED 00:00:03, REMAINING 00:00:02 )
-------------------------------------------------------------------------------------------------------------
	 #1 (1.1098e-02, 1.3423e-07): lin 1 (0.0e+00)
Composition correction applied in 203 block(s)
	 #2 (1.8459e-02, 2.4028e-06): lin 1 (0.0e+00)
Composition correction applied in 158 block(s)
-------------------------------------------------------------------------------------------------------------
 T = 645.023, DT = 1, NI = 2, LI = 2, RES = 1.6e-03 (1.7e-06), CFL=1.069 (ELAPSED 00:00:03, REMAINING 00:00:02 )
-------------------------------------------------------------------------------------------------------------
	 #1 (1.0680e-02, 1.6749e-06): lin 1 (0.0e+00)
Composition correction applied in 177 block(s)
	 #2 (1.8256e-02, 1.1788e-07): lin 1 (0.0e+00)
Composition correction applied in 194 block(s)
-------------------------------------------------------------------------------------------------------------
 T = 646.023, DT = 1, NI = 2, LI = 2, RES = 1.3e-03 (1.7e-07), CFL=1.086 (ELAPSED 00:00:03, REMAINING 00:00:02 )
-------------------------------------------------------------------------------------------------------------
	 #1 (1.0755e-02, 1.7428e-07): lin 1 (0.0e+00)
Composition correction applied in 205 block(s)
	 #2 (1.8498e-02, 2.6660e-06): lin 1 (0.0e+00)
Composition correction applied in 205 block(s)
-------------------------------------------------------------------------------------------------------------
 T = 647.023, DT = 1, NI = 2, LI = 2, RES = 2.1e-03 (3.6e-06), CFL=1.045 (ELAPSED 00:00:03, REMAINING 00:00:02 )
-------------------------------------------------------------------------------------------------------------
	 #1 (1.1283e-02, 3.5973e-06): lin 1 (0.0e+00)
Composition correction applied in 156 block(s)
	 #2 (2.2025e-02, 1.2527e-06): lin 1 (0.0e+00)
Composition correction applied in 156 block(s)
-------------------------------------------------------------------------------------------------------------
 T = 648.023, DT = 1, NI = 2, LI = 2, RES = 1.2e-03 (8.9e-07), CFL=1.086 (ELAPSED 00:00:03, REMAINING 00:00:02 )
-------------------------------------------------------------------------------------------------------------
	 #1 (1.0642e-02, 8.9195e-07): lin 1 (0.0e+00)
Composition correction applied in 156 block(s)
	 #2 (3.1555e-02, 1.6900e-07): lin 1 (0.0e+00)
Composition correction applied in 156 block(s)
-------------------------------------------------------------------------------------------------------------
 T = 649.023, DT = 1, NI = 2, LI = 2, RES = 4.5e-03 (1.4e-07), CFL=1.159 (ELAPSED 00:00:03, REMAINING 00:00:02 )
-------------------------------------------------------------------------------------------------------------
	 #1 (1.1620e-02, 1.4357e-07): lin 1 (0.0e+00)
Composition correction applied in 158 block(s)
	 #2 (1.8994e-02, 4.0923e-06): lin 1 (0.0e+00)
Composition correction applied in 158 block(s)
-------------------------------------------------------------------------------------------------------------
 T = 650.023, DT = 1, NI = 2, LI = 2, RES = 2.0e-03 (3.2e-06), CFL=1.068 (ELAPSED 00:00:03, REMAINING 00:00:02 )
-------------------------------------------------------------------------------------------------------------
	 #1 (1.1343e-02, 3.1963e-06): lin 1 (0.0e+00)
Composition correction applied in 157 block(s)
	 #2 (2.1686e-02, 7.1575e-07): lin 1 (0.0e+00)
Composition correction applied in 156 block(s)
-------------------------------------------------------------------------------------------------------------
 T = 651.023, DT = 1, NI = 2, LI = 2, RES = 1.8e-03 (4.0e-07), CFL=1.106 (ELAPSED 00:00:03, REMAINING 00:00:02 )
-------------------------------------------------------------------------------------------------------------
	 #1 (1.0694e-02, 4.0092e-07): lin 1 (0.0e+00)
Composition correction applied in 159 block(s)
	 #2 (2.4136e-02, 6.0027e-08): lin 1 (0.0e+00)
Composition correction applied in 158 block(s)
-------------------------------------------------------------------------------------------------------------
 T = 652.023, DT = 1, NI = 2, LI = 2, RES = 3.9e-03 (1.4e-07), CFL=1.143 (ELAPSED 00:00:03, REMAINING 00:00:02 )
-------------------------------------------------------------------------------------------------------------
	 #1 (1.1778e-02, 1.4484e-07): lin 1 (0.0e+00)
Composition correction applied in 177 block(s)
	 #2 (1.9035e-02, 3.7265e-06): lin 1 (0.0e+00)
Composition correction applied in 160 block(s)
-------------------------------------------------------------------------------------------------------------
 T = 653.023, DT = 1, NI = 2, LI = 2, RES = 1.4e-03 (2.8e-06), CFL=1.077 (ELAPSED 00:00:03, REMAINING 00:00:02 )
-------------------------------------------------------------------------------------------------------------
	 #1 (1.1156e-02, 2.7736e-06): lin 1 (0.0e+00)
Composition correction applied in 171 block(s)
	 #2 (2.1156e-02, 5.1170e-07): lin 1 (0.0e+00)
Composition correction applied in 166 block(s)
-------------------------------------------------------------------------------------------------------------
 T = 654.023, DT = 1, NI = 2, LI = 2, RES = 1.5e-03 (3.4e-07), CFL=1.110 (ELAPSED 00:00:03, REMAINING 00:00:02 )
-------------------------------------------------------------------------------------------------------------
	 #1 (1.0795e-02, 3.3684e-07): lin 1 (0.0e+00)
Composition correction applied in 178 block(s)
	 #2 (2.0177e-02, 1.9214e-08): lin 1 (0.0e+00)
Composition correction applied in 209 block(s)
-------------------------------------------------------------------------------------------------------------
 T = 655.023, DT = 1, NI = 2, LI = 2, RES = 2.7e-03 (2.5e-07), CFL=1.111 (ELAPSED 00:00:03, REMAINING 00:00:02 )
-------------------------------------------------------------------------------------------------------------
	 #1 (1.1727e-02, 2.4881e-07): lin 1 (0.0e+00)
Composition correction applied in 210 block(s)
	 #2 (1.9003e-02, 3.3941e-06): lin 1 (0.0e+00)
Composition correction applied in 210 block(s)
-------------------------------------------------------------------------------------------------------------
 T = 656.023, DT = 1, NI = 2, LI = 2, RES = 1.7e-03 (2.3e-06), CFL=1.087 (ELAPSED 00:00:03, REMAINING 00:00:02 )
-------------------------------------------------------------------------------------------------------------
	 #1 (1.1060e-02, 2.3145e-06): lin 1 (0.0e+00)
Composition correction applied in 158 block(s)
	 #2 (1.9993e-02, 3.1573e-07): lin 1 (0.0e+00)
Composition correction applied in 158 block(s)
-------------------------------------------------------------------------------------------------------------
 T = 657.023, DT = 1, NI = 2, LI = 2, RES = 1.3e-03 (2.6e-07), CFL=1.112 (ELAPSED 00:00:03, REMAINING 00:00:02 )
-------------------------------------------------------------------------------------------------------------
	 #1 (1.0898e-02, 2.5589e-07): lin 1 (0.0e+00)
Composition correction applied in 159 block(s)
	 #2 (1.8684e-02, 1.1269e-07): lin 1 (0.0e+00)
Composition correction applied in 160 block(s)
-------------------------------------------------------------------------------------------------------------
 T = 658.023, DT = 1, NI = 2, LI = 2, RES = 2.6e-03 (3.2e-07), CFL=1.114 (ELAPSED 00:00:03, REMAINING 00:00:02 )
-------------------------------------------------------------------------------------------------------------
	 #1 (1.1834e-02, 3.2092e-07): lin 1 (0.0e+00)
Composition correction applied in 172 block(s)
	 #2 (1.9069e-02, 3.4387e-06): lin 1 (0.0e+00)
Composition correction applied in 160 block(s)
-------------------------------------------------------------------------------------------------------------
 T = 659.023, DT = 1, NI = 2, LI = 2, RES = 1.7e-03 (2.3e-06), CFL=1.093 (ELAPSED 00:00:03, REMAINING 00:00:02 )
-------------------------------------------------------------------------------------------------------------
	 #1 (1.1143e-02, 2.3259e-06): lin 1 (0.0e+00)
Composition correction applied in 165 block(s)
	 #2 (2.0144e-02, 3.1203e-07): lin 1 (0.0e+00)
Composition correction applied in 162 block(s)
-------------------------------------------------------------------------------------------------------------
 T = 660.023, DT = 1, NI = 2, LI = 2, RES = 1.3e-03 (2.5e-07), CFL=1.118 (ELAPSED 00:00:03, REMAINING 00:00:02 )
-------------------------------------------------------------------------------------------------------------
	 #1 (1.0998e-02, 2.5379e-07): lin 1 (0.0e+00)
Composition correction applied in 174 block(s)
	 #2 (1.9017e-02, 5.4365e-08): lin 1 (0.0e+00)
Composition correction applied in 164 block(s)
-------------------------------------------------------------------------------------------------------------
 T = 661.023, DT = 1, NI = 2, LI = 2, RES = 2.6e-03 (3.4e-07), CFL=1.120 (ELAPSED 00:00:04, REMAINING 00:00:02 )
-------------------------------------------------------------------------------------------------------------
	 #1 (1.1942e-02, 3.3847e-07): lin 1 (0.0e+00)
Composition correction applied in 212 block(s)
	 #2 (1.9241e-02, 3.6986e-06): lin 1 (0.0e+00)
Composition correction applied in 173 block(s)
-------------------------------------------------------------------------------------------------------------
 T = 662.023, DT = 1, NI = 2, LI = 2, RES = 1.7e-03 (2.5e-06), CFL=1.098 (ELAPSED 00:00:04, REMAINING 00:00:02 )
-------------------------------------------------------------------------------------------------------------
	 #1 (1.1260e-02, 2.5487e-06): lin 1 (0.0e+00)
Composition correction applied in 212 block(s)
	 #2 (2.0615e-02, 3.9501e-07): lin 1 (0.0e+00)
Composition correction applied in 214 block(s)
-------------------------------------------------------------------------------------------------------------
 T = 663.023, DT = 1, NI = 2, LI = 2, RES = 1.4e-03 (2.9e-07), CFL=1.125 (ELAPSED 00:00:04, REMAINING 00:00:02 )
-------------------------------------------------------------------------------------------------------------
	 #1 (1.1036e-02, 2.9223e-07): lin 1 (0.0e+00)
Composition correction applied in 214 block(s)
	 #2 (2.1292e-02, 5.1888e-09): lin 1 (0.0e+00)
Composition correction applied in 214 block(s)
-------------------------------------------------------------------------------------------------------------
 T = 664.023, DT = 1, NI = 2, LI = 2, RES = 3.6e-03 (3.0e-07), CFL=1.159 (ELAPSED 00:00:04, REMAINING 00:00:02 )
-------------------------------------------------------------------------------------------------------------
	 #1 (1.2199e-02, 3.0073e-07): lin 1 (0.0e+00)
Composition correction applied in 214 block(s)
	 #2 (1.9445e-02, 4.3798e-06): lin 1 (0.0e+00)
Composition correction applied in 163 block(s)
-------------------------------------------------------------------------------------------------------------
 T = 665.023, DT = 1, NI = 2, LI = 2, RES = 1.5e-03 (3.3e-06), CFL=1.100 (ELAPSED 00:00:04, REMAINING 00:00:02 )
-------------------------------------------------------------------------------------------------------------
	 #1 (1.1515e-02, 3.2808e-06): lin 1 (0.0e+00)
Composition correction applied in 162 block(s)
	 #2 (2.2326e-02, 7.3510e-07): lin 1 (0.0e+00)
Composition correction applied in 163 block(s)
-------------------------------------------------------------------------------------------------------------
 T = 666.023, DT = 1, NI = 2, LI = 2, RES = 1.8e-03 (4.3e-07), CFL=1.136 (ELAPSED 00:00:04, REMAINING 00:00:02 )
-------------------------------------------------------------------------------------------------------------
	 #1 (1.1141e-02, 4.3147e-07): lin 1 (0.0e+00)
Composition correction applied in 163 block(s)
	 #2 (2.5344e-02, 5.9048e-08): lin 1 (0.0e+00)
Composition correction applied in 164 block(s)
-------------------------------------------------------------------------------------------------------------
 T = 667.023, DT = 1, NI = 2, LI = 2, RES = 4.1e-03 (2.0e-07), CFL=1.178 (ELAPSED 00:00:04, REMAINING 00:00:01 )
-------------------------------------------------------------------------------------------------------------
	 #1 (1.2314e-02, 2.0094e-07): lin 1 (0.0e+00)
Composition correction applied in 179 block(s)
	 #2 (1.9681e-02, 5.1108e-06): lin 1 (0.0e+00)
Composition correction applied in 163 block(s)
-------------------------------------------------------------------------------------------------------------
 T = 668.023, DT = 1, NI = 2, LI = 2, RES = 2.1e-03 (4.0e-06), CFL=1.103 (ELAPSED 00:00:04, REMAINING 00:00:01 )
-------------------------------------------------------------------------------------------------------------
	 #1 (1.1886e-02, 3.9736e-06): lin 1 (0.0e+00)
Composition correction applied in 173 block(s)
	 #2 (2.3322e-02, 1.0899e-06): lin 1 (0.0e+00)
Composition correction applied in 168 block(s)
-------------------------------------------------------------------------------------------------------------
 T = 669.023, DT = 1, NI = 2, LI = 2, RES = 3.0e-03 (5.5e-07), CFL=1.144 (ELAPSED 00:00:04, REMAINING 00:00:01 )
-------------------------------------------------------------------------------------------------------------
	 #1 (1.1297e-02, 5.5052e-07): lin 1 (0.0e+00)
Composition correction applied in 177 block(s)
	 #2 (3.1727e-02, 2.3626e-07): lin 1 (0.0e+00)
Composition correction applied in 173 block(s)
-------------------------------------------------------------------------------------------------------------
 T = 670.023, DT = 1, NI = 2, LI = 2, RES = 4.8e-03 (1.1e-07), CFL=1.204 (ELAPSED 00:00:04, REMAINING 00:00:01 )
-------------------------------------------------------------------------------------------------------------
	 #1 (1.2474e-02, 1.0743e-07): lin 1 (0.0e+00)
Composition correction applied in 216 block(s)
	 #2 (1.9932e-02, 6.1683e-06): lin 1 (0.0e+00)
Composition correction applied in 218 block(s)
-------------------------------------------------------------------------------------------------------------
 T = 671.023, DT = 1, NI = 2, LI = 2, RES = 2.3e-03 (5.0e-06), CFL=1.106 (ELAPSED 00:00:04, REMAINING 00:00:01 )
-------------------------------------------------------------------------------------------------------------
	 #1 (1.2119e-02, 4.9727e-06): lin 1 (0.0e+00)
Composition correction applied in 218 block(s)
	 #2 (2.4110e-02, 1.6684e-06): lin 1 (0.0e+00)
Composition correction applied in 218 block(s)
-------------------------------------------------------------------------------------------------------------
 T = 672.023, DT = 1, NI = 2, LI = 2, RES = 1.6e-03 (1.4e-06), CFL=1.135 (ELAPSED 00:00:04, REMAINING 00:00:01 )
-------------------------------------------------------------------------------------------------------------
	 #1 (1.1495e-02, 1.4287e-06): lin 1 (0.0e+00)
Composition correction applied in 166 block(s)
	 #2 (3.4885e-02, 7.1174e-08): lin 1 (0.0e+00)
Composition correction applied in 166 block(s)
-------------------------------------------------------------------------------------------------------------
 T = 673.023, DT = 1, NI = 2, LI = 2, RES = 4.8e-03 (1.0e-07), CFL=1.228 (ELAPSED 00:00:04, REMAINING 00:00:01 )
-------------------------------------------------------------------------------------------------------------
	 #1 (1.1913e-02, 1.0335e-07): lin 1 (0.0e+00)
Composition correction applied in 169 block(s)
	 #2 (2.0444e-02, 5.3248e-06): lin 1 (0.0e+00)
Composition correction applied in 167 block(s)
-------------------------------------------------------------------------------------------------------------
 T = 674.023, DT = 1, NI = 2, LI = 2, RES = 2.8e-03 (5.3e-06), CFL=1.110 (ELAPSED 00:00:04, REMAINING 00:00:01 )
-------------------------------------------------------------------------------------------------------------
	 #1 (1.2197e-02, 5.3266e-06): lin 1 (0.0e+00)
Composition correction applied in 169 block(s)
	 #2 (1.9644e-02, 2.8200e-06): lin 1 (0.0e+00)
Composition correction applied in 167 block(s)
-------------------------------------------------------------------------------------------------------------
 T = 675.023, DT = 1, NI = 2, LI = 2, RES = 1.5e-03 (3.4e-06), CFL=1.112 (ELAPSED 00:00:04, REMAINING 00:00:01 )
-------------------------------------------------------------------------------------------------------------
	 #1 (1.1871e-02, 3.3912e-06): lin 1 (0.0e+00)
Composition correction applied in 170 block(s)
	 #2 (2.2019e-02, 9.7877e-07): lin 1 (0.0e+00)
Composition correction applied in 168 block(s)
-------------------------------------------------------------------------------------------------------------
 T = 676.023, DT = 1, NI = 2, LI = 2, RES = 2.5e-03 (4.7e-07), CFL=1.153 (ELAPSED 00:00:04, REMAINING 00:00:01 )
-------------------------------------------------------------------------------------------------------------
	 #1 (1.1427e-02, 4.6539e-07): lin 1 (0.0e+00)
Composition correction applied in 171 block(s)
	 #2 (2.9941e-02, 1.4340e-07): lin 1 (0.0e+00)
Composition correction applied in 170 block(s)
-------------------------------------------------------------------------------------------------------------
 T = 677.023, DT = 1, NI = 2, LI = 2, RES = 4.6e-03 (1.4e-07), CFL=1.215 (ELAPSED 00:00:04, REMAINING 00:00:01 )
-------------------------------------------------------------------------------------------------------------
	 #1 (1.2708e-02, 1.4282e-07): lin 1 (0.0e+00)
Composition correction applied in 221 block(s)
	 #2 (2.0171e-02, 6.8255e-06): lin 1 (0.0e+00)
Composition correction applied in 174 block(s)
-------------------------------------------------------------------------------------------------------------
 T = 678.023, DT = 1, NI = 2, LI = 2, RES = 2.4e-03 (5.5e-06), CFL=1.120 (ELAPSED 00:00:04, REMAINING 00:00:01 )
-------------------------------------------------------------------------------------------------------------
	 #1 (1.2359e-02, 5.4909e-06): lin 1 (0.0e+00)
Composition correction applied in 220 block(s)
	 #2 (2.4648e-02, 2.0349e-06): lin 1 (0.0e+00)
Composition correction applied in 221 block(s)
-------------------------------------------------------------------------------------------------------------
 T = 679.023, DT = 1, NI = 2, LI = 2, RES = 1.8e-03 (1.8e-06), CFL=1.148 (ELAPSED 00:00:04, REMAINING 00:00:01 )
-------------------------------------------------------------------------------------------------------------
	 #1 (1.1755e-02, 1.7841e-06): lin 1 (0.0e+00)
Composition correction applied in 223 block(s)
	 #2 (2.1629e-02, 2.9014e-07): lin 1 (0.0e+00)
Composition correction applied in 223 block(s)
-------------------------------------------------------------------------------------------------------------
 T = 680.023, DT = 1, NI = 2, LI = 2, RES = 1.6e-03 (2.7e-07), CFL=1.164 (ELAPSED 00:00:04, REMAINING 00:00:01 )
-------------------------------------------------------------------------------------------------------------
	 #1 (1.1716e-02, 2.6721e-07): lin 1 (0.0e+00)
Composition correction applied in 169 block(s)
	 #2 (2.2486e-02, 7.4166e-08): lin 1 (0.0e+00)
Composition correction applied in 169 block(s)
-------------------------------------------------------------------------------------------------------------
 T = 681.023, DT = 1, NI = 2, LI = 2, RES = 3.8e-03 (4.8e-07), CFL=1.200 (ELAPSED 00:00:04, REMAINING 00:00:01 )
-------------------------------------------------------------------------------------------------------------
	 #1 (1.2905e-02, 4.7579e-07): lin 1 (0.0e+00)
Composition correction applied in 169 block(s)
	 #2 (2.0269e-02, 6.4776e-06): lin 1 (0.0e+00)
Composition correction applied in 170 block(s)
-------------------------------------------------------------------------------------------------------------
 T = 682.023, DT = 1, NI = 2, LI = 2, RES = 2.2e-03 (5.1e-06), CFL=1.132 (ELAPSED 00:00:04, REMAINING 00:00:01 )
-------------------------------------------------------------------------------------------------------------
	 #1 (1.2407e-02, 5.0967e-06): lin 1 (0.0e+00)
Composition correction applied in 169 block(s)
	 #2 (2.4852e-02, 1.7420e-06): lin 1 (0.0e+00)
Composition correction applied in 170 block(s)
-------------------------------------------------------------------------------------------------------------
 T = 683.023, DT = 1, NI = 2, LI = 2, RES = 1.6e-03 (1.5e-06), CFL=1.162 (ELAPSED 00:00:04, REMAINING 00:00:01 )
-------------------------------------------------------------------------------------------------------------
	 #1 (1.1854e-02, 1.4634e-06): lin 1 (0.0e+00)
Composition correction applied in 170 block(s)
	 #2 (3.6492e-02, 1.1648e-07): lin 1 (0.0e+00)
Composition correction applied in 171 block(s)
-------------------------------------------------------------------------------------------------------------
 T = 684.023, DT = 1, NI = 2, LI = 2, RES = 5.0e-03 (9.0e-09), CFL=1.261 (ELAPSED 00:00:04, REMAINING 00:00:01 )
-------------------------------------------------------------------------------------------------------------
	 #1 (1.2360e-02, 8.9992e-09): lin 1 (0.0e+00)
Composition correction applied in 225 block(s)
	 #2 (2.1304e-02, 6.7221e-06): lin 1 (0.0e+00)
Composition correction applied in 174 block(s)
-------------------------------------------------------------------------------------------------------------
 T = 685.023, DT = 1, NI = 2, LI = 2, RES = 3.6e-03 (6.7e-06), CFL=1.133 (ELAPSED 00:00:04, REMAINING 00:00:01 )
-------------------------------------------------------------------------------------------------------------
	 #1 (1.2893e-02, 6.6833e-06): lin 1 (0.0e+00)
Composition correction applied in 225 block(s)
	 #2 (2.0289e-02, 3.8578e-06): lin 1 (0.0e+00)
Composition correction applied in 179 block(s)
-------------------------------------------------------------------------------------------------------------
 T = 686.023, DT = 1, NI = 2, LI = 2, RES = 2.1e-03 (4.8e-06), CFL=1.133 (ELAPSED 00:00:04, REMAINING 00:00:01 )
-------------------------------------------------------------------------------------------------------------
	 #1 (1.2534e-02, 4.8062e-06): lin 1 (0.0e+00)
Composition correction applied in 225 block(s)
	 #2 (2.4928e-02, 2.1048e-06): lin 1 (0.0e+00)
Composition correction applied in 227 block(s)
-------------------------------------------------------------------------------------------------------------
 T = 687.023, DT = 1, NI = 2, LI = 2, RES = 1.7e-03 (1.6e-06), CFL=1.169 (ELAPSED 00:00:04, REMAINING 00:00:01 )
-------------------------------------------------------------------------------------------------------------
	 #1 (1.1955e-02, 1.6248e-06): lin 1 (0.0e+00)
Composition correction applied in 227 block(s)
	 #2 (3.6673e-02, 1.1530e-07): lin 1 (0.0e+00)
Composition correction applied in 227 block(s)
-------------------------------------------------------------------------------------------------------------
 T = 688.023, DT = 1, NI = 2, LI = 2, RES = 5.0e-03 (6.3e-08), CFL=1.271 (ELAPSED 00:00:04, REMAINING 00:00:01 )
-------------------------------------------------------------------------------------------------------------
	 #1 (1.2464e-02, 6.2909e-08): lin 1 (0.0e+00)
Composition correction applied in 227 block(s)
	 #2 (2.1706e-02, 7.3597e-06): lin 1 (0.0e+00)
Composition correction applied in 172 block(s)
-------------------------------------------------------------------------------------------------------------
 T = 689.023, DT = 1, NI = 2, LI = 2, RES = 3.7e-03 (7.3e-06), CFL=1.142 (ELAPSED 00:00:04, REMAINING 00:00:01 )
-------------------------------------------------------------------------------------------------------------
	 #1 (1.3045e-02, 7.3364e-06): lin 1 (0.0e+00)
Composition correction applied in 173 block(s)
	 #2 (2.0443e-02, 4.4109e-06): lin 1 (0.0e+00)
Composition correction applied in 173 block(s)
-------------------------------------------------------------------------------------------------------------
 T = 690.023, DT = 1, NI = 2, LI = 2, RES = 2.3e-03 (5.6e-06), CFL=1.140 (ELAPSED 00:00:04, REMAINING 00:00:01 )
-------------------------------------------------------------------------------------------------------------
	 #1 (1.2726e-02, 5.5885e-06): lin 1 (0.0e+00)
Composition correction applied in 174 block(s)
	 #2 (2.5299e-02, 2.7934e-06): lin 1 (0.0e+00)
Composition correction applied in 174 block(s)
-------------------------------------------------------------------------------------------------------------
 T = 691.023, DT = 1, NI = 2, LI = 2, RES = 1.8e-03 (2.3e-06), CFL=1.174 (ELAPSED 00:00:04, REMAINING 00:00:01 )
-------------------------------------------------------------------------------------------------------------
	 #1 (1.2190e-02, 2.2783e-06): lin 1 (0.0e+00)
Composition correction applied in 176 block(s)
	 #2 (2.3035e-02, 5.6871e-07): lin 1 (0.0e+00)
Composition correction applied in 175 block(s)
-------------------------------------------------------------------------------------------------------------
 T = 692.023, DT = 1, NI = 2, LI = 2, RES = 2.1e-03 (3.8e-07), CFL=1.194 (ELAPSED 00:00:04, REMAINING 00:00:01 )
-------------------------------------------------------------------------------------------------------------
	 #1 (1.2111e-02, 3.8028e-07): lin 1 (0.0e+00)
Composition correction applied in 181 block(s)
	 #2 (2.9124e-02, 5.7243e-08): lin 1 (0.0e+00)
Composition correction applied in 179 block(s)
-------------------------------------------------------------------------------------------------------------
 T = 693.023, DT = 1, NI = 2, LI = 2, RES = 4.6e-03 (3.5e-07), CFL=1.252 (ELAPSED 00:00:04, REMAINING 00:00:01 )
-------------------------------------------------------------------------------------------------------------
	 #1 (1.3427e-02, 3.4507e-07): lin 1 (0.0e+00)
Composition correction applied in 230 block(s)
	 #2 (2.1587e-02, 9.5885e-06): lin 1 (0.0e+00)
Composition correction applied in 188 block(s)
-------------------------------------------------------------------------------------------------------------
 T = 694.023, DT = 1, NI = 2, LI = 2, RES = 3.0e-03 (7.0e-06), CFL=1.162 (ELAPSED 00:00:04, REMAINING 00:00:01 )
-------------------------------------------------------------------------------------------------------------
	 #1 (1.2867e-02, 6.9648e-06): lin 1 (0.0e+00)
Composition correction applied in 229 block(s)
	 #2 (2.6527e-02, 2.6071e-06): lin 1 (0.0e+00)
Composition correction applied in 231 block(s)
-------------------------------------------------------------------------------------------------------------
 T = 695.023, DT = 1, NI = 2, LI = 2, RES = 2.1e-03 (3.4e-06), CFL=1.177 (ELAPSED 00:00:04, REMAINING 00:00:01 )
-------------------------------------------------------------------------------------------------------------
	 #1 (1.2577e-02, 3.3535e-06): lin 1 (0.0e+00)
Composition correction applied in 232 block(s)
	 #2 (2.5729e-02, 1.8399e-06): lin 1 (0.0e+00)
Composition correction applied in 232 block(s)
-------------------------------------------------------------------------------------------------------------
 T = 696.023, DT = 1, NI = 2, LI = 2, RES = 1.7e-03 (1.5e-06), CFL=1.195 (ELAPSED 00:00:04, REMAINING 00:00:01 )
-------------------------------------------------------------------------------------------------------------
	 #1 (1.2335e-02, 1.5244e-06): lin 1 (0.0e+00)
Composition correction applied in 175 block(s)
	 #2 (3.8702e-02, 1.2485e-07): lin 1 (0.0e+00)
Composition correction applied in 175 block(s)
-------------------------------------------------------------------------------------------------------------
 T = 697.023, DT = 1, NI = 2, LI = 2, RES = 5.4e-03 (1.0e-07), CFL=1.302 (ELAPSED 00:00:04, REMAINING 00:00:01 )
-------------------------------------------------------------------------------------------------------------
	 #1 (1.2924e-02, 1.0401e-07): lin 1 (0.0e+00)
Composition correction applied in 181 block(s)
	 #2 (2.2567e-02, 9.0283e-06): lin 1 (0.0e+00)
Composition correction applied in 177 block(s)
-------------------------------------------------------------------------------------------------------------
 T = 698.023, DT = 1, NI = 2, LI = 2, RES = 3.9e-03 (8.8e-06), CFL=1.164 (ELAPSED 00:00:04, REMAINING 00:00:01 )
-------------------------------------------------------------------------------------------------------------
	 #1 (1.3463e-02, 8.7954e-06): lin 1 (0.0e+00)
Composition correction applied in 184 block(s)
	 #2 (2.0818e-02, 5.7594e-06): lin 1 (0.0e+00)
Composition correction applied in 176 block(s)
-------------------------------------------------------------------------------------------------------------
 T = 699.023, DT = 1, NI = 2, LI = 2, RES = 2.8e-03 (6.6e-06), CFL=1.164 (ELAPSED 00:00:04, REMAINING 00:00:01 )
-------------------------------------------------------------------------------------------------------------
	 #1 (1.2996e-02, 6.6225e-06): lin 1 (0.0e+00)
Composition correction applied in 194 block(s)
	 #2 (2.6608e-02, 3.1373e-06): lin 1 (0.0e+00)
Composition correction applied in 179 block(s)
-------------------------------------------------------------------------------------------------------------
 T = 700.023, DT = 1, NI = 2, LI = 2, RES = 2.1e-03 (3.6e-06), CFL=1.189 (ELAPSED 00:00:04, REMAINING 00:00:01 )
-------------------------------------------------------------------------------------------------------------
	 #1 (1.2752e-02, 3.6146e-06): lin 1 (0.0e+00)
Composition correction applied in 234 block(s)
	 #2 (2.4949e-02, 1.9299e-06): lin 1 (0.0e+00)
Composition correction applied in 188 block(s)
-------------------------------------------------------------------------------------------------------------
 T = 701.023, DT = 1, NI = 2, LI = 2, RES = 1.8e-03 (1.6e-06), CFL=1.204 (ELAPSED 00:00:04, REMAINING 00:00:01 )
-------------------------------------------------------------------------------------------------------------
	 #1 (1.2514e-02, 1.5608e-06): lin 1 (0.0e+00)
Composition correction applied in 234 block(s)
	 #2 (3.9198e-02, 1.0808e-07): lin 1 (0.0e+00)
Composition correction applied in 234 block(s)
-------------------------------------------------------------------------------------------------------------
 T = 702.023, DT = 1, NI = 2, LI = 2, RES = 5.3e-03 (6.2e-08), CFL=1.317 (ELAPSED 00:00:04, REMAINING 00:00:01 )
-------------------------------------------------------------------------------------------------------------
	 #1 (1.3117e-02, 6.2238e-08): lin 1 (0.0e+00)
Composition correction applied in 235 block(s)
	 #2 (2.3241e-02, 1.0181e-05): lin 1 (0.0e+00)
Composition correction applied in 236 block(s)
-------------------------------------------------------------------------------------------------------------
 T = 703.023, DT = 1, NI = 2, LI = 2, RES = 4.0e-03 (1.0e-05), CFL=1.176 (ELAPSED 00:00:04, REMAINING 00:00:01 )
-------------------------------------------------------------------------------------------------------------
	 #1 (1.3680e-02, 1.0024e-05): lin 1 (0.0e+00)
Composition correction applied in 179 block(s)
	 #2 (2.1671e-02, 6.8479e-06): lin 1 (0.0e+00)
Composition correction applied in 179 block(s)
-------------------------------------------------------------------------------------------------------------
 T = 704.023, DT = 1, NI = 2, LI = 2, RES = 3.1e-03 (7.9e-06), CFL=1.175 (ELAPSED 00:00:04, REMAINING 00:00:01 )
-------------------------------------------------------------------------------------------------------------
	 #1 (1.3232e-02, 7.8878e-06): lin 1 (0.0e+00)
Composition correction applied in 179 block(s)
	 #2 (2.1091e-02, 5.4842e-06): lin 1 (0.0e+00)
Composition correction applied in 180 block(s)
-------------------------------------------------------------------------------------------------------------
 T = 705.023, DT = 1, NI = 2, LI = 2, RES = 2.3e-03 (6.7e-06), CFL=1.179 (ELAPSED 00:00:04, REMAINING 00:00:01 )
-------------------------------------------------------------------------------------------------------------
	 #1 (1.3294e-02, 6.7002e-06): lin 1 (0.0e+00)
Composition correction applied in 180 block(s)
	 #2 (2.6589e-02, 3.7813e-06): lin 1 (0.0e+00)
Composition correction applied in 181 block(s)
-------------------------------------------------------------------------------------------------------------
 T = 706.023, DT = 1, NI = 2, LI = 2, RES = 2.0e-03 (3.2e-06), CFL=1.212 (ELAPSED 00:00:04, REMAINING 00:00:01 )
-------------------------------------------------------------------------------------------------------------
	 #1 (1.2849e-02, 3.2152e-06): lin 1 (0.0e+00)
Composition correction applied in 181 block(s)
	 #2 (2.5098e-02, 1.2331e-06): lin 1 (0.0e+00)
Composition correction applied in 181 block(s)
-------------------------------------------------------------------------------------------------------------
 T = 707.023, DT = 1, NI = 2, LI = 2, RES = 3.9e-03 (6.2e-07), CFL=1.234 (ELAPSED 00:00:04, REMAINING 00:00:01 )
-------------------------------------------------------------------------------------------------------------
	 #1 (1.2805e-02, 6.2315e-07): lin 1 (0.0e+00)
Composition correction applied in 184 block(s)
	 #2 (4.2680e-02, 8.8296e-07): lin 1 (0.0e+00)
Composition correction applied in 184 block(s)
-------------------------------------------------------------------------------------------------------------
 T = 708.023, DT = 1, NI = 2, LI = 2, RES = 6.2e-03 (5.5e-08), CFL=1.342 (ELAPSED 00:00:04, REMAINING 00:00:01 )
-------------------------------------------------------------------------------------------------------------
	 #1 (1.4376e-02, 5.5127e-08): lin 1 (0.0e+00)
Composition correction applied in 238 block(s)
	 #2 (2.4230e-02, 1.5896e-05): lin 1 (0.0e+00)
Composition correction applied in 189 block(s)
-------------------------------------------------------------------------------------------------------------
 T = 709.023, DT = 1, NI = 2, LI = 2, RES = 4.2e-03 (1.2e-05), CFL=1.198 (ELAPSED 00:00:04, REMAINING 00:00:01 )
-------------------------------------------------------------------------------------------------------------
	 #1 (1.4004e-02, 1.1586e-05): lin 1 (0.0e+00)
Composition correction applied in 238 block(s)
	 #2 (2.2134e-02, 7.1296e-06): lin 1 (0.0e+00)
Composition correction applied in 239 block(s)
-------------------------------------------------------------------------------------------------------------
 T = 710.023, DT = 1, NI = 2, LI = 2, RES = 3.2e-03 (8.7e-06), CFL=1.193 (ELAPSED 00:00:04, REMAINING 00:00:01 )
-------------------------------------------------------------------------------------------------------------
	 #1 (1.3546e-02, 8.7165e-06): lin 1 (0.0e+00)
Composition correction applied in 241 block(s)
	 #2 (2.1530e-02, 6.1894e-06): lin 1 (0.0e+00)
Composition correction applied in 241 block(s)
-------------------------------------------------------------------------------------------------------------
 T = 711.023, DT = 1, NI = 2, LI = 2, RES = 2.5e-03 (7.8e-06), CFL=1.195 (ELAPSED 00:00:04, REMAINING 00:00:01 )
-------------------------------------------------------------------------------------------------------------
	 #1 (1.3612e-02, 7.7827e-06): lin 1 (0.0e+00)
Composition correction applied in 182 block(s)
	 #2 (2.7236e-02, 4.7665e-06): lin 1 (0.0e+00)
Composition correction applied in 182 block(s)
-------------------------------------------------------------------------------------------------------------
 T = 712.023, DT = 1, NI = 2, LI = 2, RES = 2.1e-03 (4.3e-06), CFL=1.225 (ELAPSED 00:00:04, REMAINING 00:00:01 )
-------------------------------------------------------------------------------------------------------------
	 #1 (1.3201e-02, 4.2997e-06): lin 1 (0.0e+00)
Composition correction applied in 183 block(s)
	 #2 (2.6204e-02, 2.1161e-06): lin 1 (0.0e+00)
Composition correction applied in 184 block(s)
-------------------------------------------------------------------------------------------------------------
 T = 713.023, DT = 1, NI = 2, LI = 2, RES = 2.1e-03 (1.9e-06), CFL=1.237 (ELAPSED 00:00:04, REMAINING 00:00:01 )
-------------------------------------------------------------------------------------------------------------
	 #1 (1.3103e-02, 1.9414e-06): lin 1 (0.0e+00)
Composition correction applied in 183 block(s)
	 #2 (4.2081e-02, 4.5369e-08): lin 1 (0.0e+00)
Composition correction applied in 183 block(s)
-------------------------------------------------------------------------------------------------------------
 T = 714.023, DT = 1, NI = 2, LI = 2, RES = 5.5e-03 (5.2e-08), CFL=1.358 (ELAPSED 00:00:04, REMAINING 00:00:01 )
-------------------------------------------------------------------------------------------------------------
	 #1 (1.3666e-02, 5.2448e-08): lin 1 (0.0e+00)
Composition correction applied in 187 block(s)
	 #2 (3.0646e-02, 2.5929e-07): lin 1 (0.0e+00)
Composition correction applied in 186 block(s)
-------------------------------------------------------------------------------------------------------------
 T = 715.023, DT = 1, NI = 2, LI = 2, RES = 5.0e-03 (1.3e-06), CFL=1.319 (ELAPSED 00:00:04, REMAINING 00:00:01 )
-------------------------------------------------------------------------------------------------------------
	 #1 (1.4857e-02, 1.2584e-06): lin 1 (0.0e+00)
Composition correction applied in 243 block(s)
	 #2 (2.4621e-02, 1.7700e-05): lin 1 (0.0e+00)
Composition correction applied in 192 block(s)
-------------------------------------------------------------------------------------------------------------
 T = 716.023, DT = 1, NI = 2, LI = 2, RES = 4.4e-03 (1.3e-05), CFL=1.217 (ELAPSED 00:00:04, REMAINING 00:00:01 )
-------------------------------------------------------------------------------------------------------------
	 #1 (1.4354e-02, 1.2933e-05): lin 1 (0.0e+00)
Composition correction applied in 243 block(s)
	 #2 (2.2752e-02, 8.3343e-06): lin 1 (0.0e+00)
Composition correction applied in 243 block(s)
-------------------------------------------------------------------------------------------------------------
 T = 717.023, DT = 1, NI = 2, LI = 2, RES = 3.3e-03 (1.0e-05), CFL=1.213 (ELAPSED 00:00:04, REMAINING 00:00:01 )
-------------------------------------------------------------------------------------------------------------
	 #1 (1.3936e-02, 1.0084e-05): lin 1 (0.0e+00)
Composition correction applied in 244 block(s)
	 #2 (2.2001e-02, 7.5893e-06): lin 1 (0.0e+00)
Composition correction applied in 245 block(s)
-------------------------------------------------------------------------------------------------------------
 T = 718.023, DT = 1, NI = 2, LI = 2, RES = 2.7e-03 (9.6e-06), CFL=1.213 (ELAPSED 00:00:04, REMAINING 00:00:01 )
-------------------------------------------------------------------------------------------------------------
	 #1 (1.4030e-02, 9.6305e-06): lin 1 (0.0e+00)
Composition correction applied in 186 block(s)
	 #2 (2.1926e-02, 8.4693e-06): lin 1 (0.0e+00)
Composition correction applied in 186 block(s)
-------------------------------------------------------------------------------------------------------------
 T = 719.023, DT = 1, NI = 2, LI = 2, RES = 2.1e-03 (8.3e-06), CFL=1.216 (ELAPSED 00:00:04, REMAINING 00:00:01 )
-------------------------------------------------------------------------------------------------------------
	 #1 (1.3790e-02, 8.2791e-06): lin 1 (0.0e+00)
Composition correction applied in 186 block(s)
	 #2 (2.6867e-02, 4.2344e-06): lin 1 (0.0e+00)
Composition correction applied in 186 block(s)
-------------------------------------------------------------------------------------------------------------
 T = 720.023, DT = 1, NI = 2, LI = 2, RES = 2.2e-03 (4.0e-06), CFL=1.248 (ELAPSED 00:00:04, REMAINING 00:00:01 )
-------------------------------------------------------------------------------------------------------------
	 #1 (1.3535e-02, 3.9917e-06): lin 1 (0.0e+00)
Composition correction applied in 187 block(s)
	 #2 (2.7149e-02, 2.2400e-06): lin 1 (0.0e+00)
Composition correction applied in 187 block(s)
-------------------------------------------------------------------------------------------------------------
 T = 721.023, DT = 1, NI = 2, LI = 2, RES = 2.2e-03 (2.2e-06), CFL=1.262 (ELAPSED 00:00:04, REMAINING 00:00:01 )
-------------------------------------------------------------------------------------------------------------
	 #1 (1.3546e-02, 2.2285e-06): lin 1 (0.0e+00)
Composition correction applied in 189 block(s)
	 #2 (2.6658e-02, 9.5871e-07): lin 1 (0.0e+00)
Composition correction applied in 189 block(s)
-------------------------------------------------------------------------------------------------------------
 T = 722.023, DT = 1, NI = 2, LI = 2, RES = 3.9e-03 (5.7e-07), CFL=1.281 (ELAPSED 00:00:04, REMAINING 00:00:01 )
-------------------------------------------------------------------------------------------------------------
	 #1 (1.3638e-02, 5.7455e-07): lin 1 (0.0e+00)
Composition correction applied in 194 block(s)
	 #2 (4.6869e-02, 1.1688e-06): lin 1 (0.0e+00)
Composition correction applied in 194 block(s)
-------------------------------------------------------------------------------------------------------------
 T = 723.023, DT = 1, NI = 2, LI = 2, RES = 7.9e-03 (1.1e-07), CFL=1.442 (ELAPSED 00:00:04, REMAINING 00:00:01 )
-------------------------------------------------------------------------------------------------------------
	 #1 (1.4577e-02, 1.1086e-07): lin 1 (0.0e+00)
Composition correction applied in 247 block(s)
	 #2 (2.5427e-02, 1.8024e-05): lin 1 (0.0e+00)
Composition correction applied in 224 block(s)
-------------------------------------------------------------------------------------------------------------
 T = 724.023, DT = 1, NI = 2, LI = 2, RES = 4.6e-03 (1.6e-05), CFL=1.236 (ELAPSED 00:00:04, REMAINING 00:00:01 )
-------------------------------------------------------------------------------------------------------------
	 #1 (1.4855e-02, 1.5844e-05): lin 1 (0.0e+00)
Composition correction applied in 247 block(s)
	 #2 (2.4887e-02, 1.4099e-07): lin 1 (0.0e+00)
Composition correction applied in 249 block(s)
-------------------------------------------------------------------------------------------------------------
 T = 725.023, DT = 1, NI = 2, LI = 2, RES = 4.4e-03 (1.6e-06), CFL=1.329 (ELAPSED 00:00:04, REMAINING 00:00:01 )
-------------------------------------------------------------------------------------------------------------
	 #1 (1.5199e-02, 1.6482e-06): lin 1 (0.0e+00)
Composition correction applied in 250 block(s)
	 #2 (2.4688e-02, 2.0119e-05): lin 1 (0.0e+00)
Composition correction applied in 250 block(s)
-------------------------------------------------------------------------------------------------------------
 T = 726.023, DT = 1, NI = 2, LI = 2, RES = 3.7e-03 (1.4e-05), CFL=1.246 (ELAPSED 00:00:04, REMAINING 00:00:01 )
-------------------------------------------------------------------------------------------------------------
	 #1 (1.4446e-02, 1.4164e-05): lin 1 (0.0e+00)
Composition correction applied in 189 block(s)
	 #2 (2.3299e-02, 9.6957e-06): lin 1 (0.0e+00)
Composition correction applied in 189 block(s)
-------------------------------------------------------------------------------------------------------------
 T = 727.023, DT = 1, NI = 2, LI = 2, RES = 3.4e-03 (1.2e-05), CFL=1.244 (ELAPSED 00:00:04, REMAINING 00:00:01 )
-------------------------------------------------------------------------------------------------------------
	 #1 (1.4415e-02, 1.1649e-05): lin 1 (0.0e+00)
Composition correction applied in 190 block(s)
	 #2 (2.2705e-02, 9.8480e-06): lin 1 (0.0e+00)
Composition correction applied in 191 block(s)
-------------------------------------------------------------------------------------------------------------
 T = 728.023, DT = 1, NI = 2, LI = 2, RES = 3.2e-03 (1.1e-05), CFL=1.249 (ELAPSED 00:00:04, REMAINING 00:00:01 )
-------------------------------------------------------------------------------------------------------------
	 #1 (1.4398e-02, 1.0854e-05): lin 1 (0.0e+00)
Composition correction applied in 193 block(s)
	 #2 (2.9558e-02, 6.9685e-06): lin 1 (0.0e+00)
Composition correction applied in 190 block(s)
-------------------------------------------------------------------------------------------------------------
 T = 729.023, DT = 1, NI = 2, LI = 2, RES = 2.3e-03 (9.1e-06), CFL=1.266 (ELAPSED 00:00:04, REMAINING 00:00:01 )
-------------------------------------------------------------------------------------------------------------
	 #1 (1.4517e-02, 9.0721e-06): lin 1 (0.0e+00)
Composition correction applied in 217 block(s)
	 #2 (2.2704e-02, 1.1353e-05): lin 1 (0.0e+00)
Composition correction applied in 195 block(s)
-------------------------------------------------------------------------------------------------------------
 T = 730.023, DT = 1, NI = 2, LI = 2, RES = 2.2e-03 (1.1e-05), CFL=1.249 (ELAPSED 00:00:04, REMAINING 00:00:01 )
-------------------------------------------------------------------------------------------------------------
	 #1 (1.4430e-02, 1.0789e-05): lin 1 (0.0e+00)
Composition correction applied in 252 block(s)
	 #2 (2.9136e-02, 6.9884e-06): lin 1 (0.0e+00)
Composition correction applied in 252 block(s)
-------------------------------------------------------------------------------------------------------------
 T = 731.023, DT = 1, NI = 2, LI = 2, RES = 2.4e-03 (7.1e-06), CFL=1.280 (ELAPSED 00:00:04, REMAINING 00:00:01 )
-------------------------------------------------------------------------------------------------------------
	 #1 (1.4313e-02, 7.1398e-06): lin 1 (0.0e+00)
Composition correction applied in 251 block(s)
	 #2 (2.8563e-02, 5.1193e-06): lin 1 (0.0e+00)
Composition correction applied in 252 block(s)
-------------------------------------------------------------------------------------------------------------
 T = 732.023, DT = 1, NI = 2, LI = 2, RES = 2.4e-03 (5.1e-06), CFL=1.287 (ELAPSED 00:00:04, REMAINING 00:00:01 )
-------------------------------------------------------------------------------------------------------------
	 #1 (1.4264e-02, 5.1167e-06): lin 1 (0.0e+00)
Composition correction applied in 254 block(s)
	 #2 (2.8875e-02, 3.8053e-06): lin 1 (0.0e+00)
Composition correction applied in 254 block(s)
-------------------------------------------------------------------------------------------------------------
 T = 733.023, DT = 1, NI = 2, LI = 2, RES = 2.4e-03 (4.0e-06), CFL=1.296 (ELAPSED 00:00:04, REMAINING 00:00:01 )
-------------------------------------------------------------------------------------------------------------
	 #1 (1.4298e-02, 3.9896e-06): lin 1 (0.0e+00)
Composition correction applied in 193 block(s)
	 #2 (2.8935e-02, 2.8927e-06): lin 1 (0.0e+00)
Composition correction applied in 193 block(s)
-------------------------------------------------------------------------------------------------------------
 T = 734.023, DT = 1, NI = 2, LI = 2, RES = 2.3e-03 (3.2e-06), CFL=1.304 (ELAPSED 00:00:04, REMAINING 00:00:01 )
-------------------------------------------------------------------------------------------------------------
	 #1 (1.4369e-02, 3.1553e-06): lin 1 (0.0e+00)
Composition correction applied in 193 block(s)
	 #2 (2.8984e-02, 2.2172e-06): lin 1 (0.0e+00)
Composition correction applied in 193 block(s)
-------------------------------------------------------------------------------------------------------------
 T = 735.023, DT = 1, NI = 2, LI = 2, RES = 2.5e-03 (2.5e-06), CFL=1.311 (ELAPSED 00:00:04, REMAINING 00:00:01 )
-------------------------------------------------------------------------------------------------------------
	 #1 (1.4452e-02, 2.5125e-06): lin 1 (0.0e+00)
Composition correction applied in 195 block(s)
	 #2 (2.8996e-02, 1.7149e-06): lin 1 (0.0e+00)
Composition correction applied in 194 block(s)
-------------------------------------------------------------------------------------------------------------
 T = 736.023, DT = 1, NI = 2, LI = 2, RES = 5.7e-03 (8.4e-07), CFL=1.327 (ELAPSED 00:00:04, REMAINING 00:00:01 )
-------------------------------------------------------------------------------------------------------------
	 #1 (1.4677e-02, 8.4028e-07): lin 1 (0.0e+00)
Composition correction applied in 201 block(s)
	 #2 (5.0475e-02, 9.2787e-07): lin 1 (0.0e+00)
Composition correction applied in 202 block(s)
-------------------------------------------------------------------------------------------------------------
 T = 737.023, DT = 1, NI = 2, LI = 2, RES = 8.2e-03 (5.2e-08), CFL=1.496 (ELAPSED 00:00:04, REMAINING 00:00:01 )
-------------------------------------------------------------------------------------------------------------
	 #1 (1.5259e-02, 5.2267e-08): lin 1 (0.0e+00)
Composition correction applied in 256 block(s)
	 #2 (4.2227e-02, 2.6075e-07): lin 1 (0.0e+00)
Composition correction applied in 256 block(s)
-------------------------------------------------------------------------------------------------------------
 T = 738.023, DT = 1, NI = 2, LI = 2, RES = 7.1e-03 (5.2e-07), CFL=1.473 (ELAPSED 00:00:04, REMAINING 00:00:01 )
-------------------------------------------------------------------------------------------------------------
	 #1 (1.5809e-02, 5.2329e-07): lin 1 (0.0e+00)
Composition correction applied in 256 block(s)
	 #2 (3.8074e-02, 7.2787e-07): lin 1 (0.0e+00)
Composition correction applied in 257 block(s)
-------------------------------------------------------------------------------------------------------------
 T = 739.023, DT = 1, NI = 2, LI = 2, RES = 6.8e-03 (1.0e-06), CFL=1.461 (ELAPSED 00:00:04, REMAINING 00:00:01 )
-------------------------------------------------------------------------------------------------------------
	 #1 (1.6030e-02, 1.0249e-06): lin 1 (0.0e+00)
Composition correction applied in 258 block(s)
	 #2 (3.5360e-02, 1.0372e-06): lin 1 (0.0e+00)
Composition correction applied in 258 block(s)
-------------------------------------------------------------------------------------------------------------
 T = 740.023, DT = 1, NI = 2, LI = 2, RES = 6.8e-03 (1.4e-06), CFL=1.455 (ELAPSED 00:00:04, REMAINING 00:00:01 )
-------------------------------------------------------------------------------------------------------------
	 #1 (1.6207e-02, 1.3826e-06): lin 1 (0.0e+00)
Composition correction applied in 196 block(s)
	 #2 (2.7617e-02, 2.8299e-05): lin 1 (0.0e+00)
Composition correction applied in 196 block(s)
-------------------------------------------------------------------------------------------------------------
 T = 741.023, DT = 1, NI = 2, LI = 2, RES = 5.4e-03 (2.5e-05), CFL=1.289 (ELAPSED 00:00:04, REMAINING 00:00:01 )
-------------------------------------------------------------------------------------------------------------
	 #1 (1.5905e-02, 2.4790e-05): lin 1 (0.0e+00)
Composition correction applied in 197 block(s)
	 #2 (3.8800e-02, 6.1445e-08): lin 1 (0.0e+00)
Composition correction applied in 197 block(s)
-------------------------------------------------------------------------------------------------------------
 T = 742.023, DT = 1, NI = 2, LI = 2, RES = 5.7e-03 (3.4e-07), CFL=1.449 (ELAPSED 00:00:04, REMAINING 00:00:01 )
-------------------------------------------------------------------------------------------------------------
	 #1 (1.5711e-02, 3.4254e-07): lin 1 (0.0e+00)
Composition correction applied in 197 block(s)
	 #2 (3.2527e-02, 1.5426e-06): lin 1 (0.0e+00)
Composition correction applied in 197 block(s)
-------------------------------------------------------------------------------------------------------------
 T = 743.023, DT = 1, NI = 2, LI = 2, RES = 5.1e-03 (1.7e-06), CFL=1.426 (ELAPSED 00:00:04, REMAINING 00:00:01 )
-------------------------------------------------------------------------------------------------------------
	 #1 (1.6068e-02, 1.7479e-06): lin 1 (0.0e+00)
Composition correction applied in 206 block(s)
	 #2 (2.7774e-02, 2.9984e-05): lin 1 (0.0e+00)
Composition correction applied in 201 block(s)
-------------------------------------------------------------------------------------------------------------
 T = 744.023, DT = 1, NI = 2, LI = 2, RES = 5.4e-03 (2.6e-05), CFL=1.299 (ELAPSED 00:00:04, REMAINING 00:00:01 )
-------------------------------------------------------------------------------------------------------------
	 #1 (1.6062e-02, 2.6217e-05): lin 1 (0.0e+00)
Composition correction applied in 217 block(s)
	 #2 (3.8711e-02, 3.0168e-08): lin 1 (0.0e+00)
Composition correction applied in 215 block(s)
-------------------------------------------------------------------------------------------------------------
 T = 745.023, DT = 1, NI = 2, LI = 2, RES = 5.7e-03 (4.2e-07), CFL=1.460 (ELAPSED 00:00:04, REMAINING 00:00:01 )
-------------------------------------------------------------------------------------------------------------
	 #1 (1.5891e-02, 4.2176e-07): lin 1 (0.0e+00)
Composition correction applied in 260 block(s)
	 #2 (3.3756e-02, 1.6228e-06): lin 1 (0.0e+00)
Composition correction applied in 261 block(s)
-------------------------------------------------------------------------------------------------------------
 T = 746.023, DT = 1, NI = 2, LI = 2, RES = 5.2e-03 (1.8e-06), CFL=1.442 (ELAPSED 00:00:04, REMAINING 00:00:01 )
-------------------------------------------------------------------------------------------------------------
	 #1 (1.6218e-02, 1.7850e-06): lin 1 (0.0e+00)
Composition correction applied in 263 block(s)
	 #2 (3.4806e-02, 1.5367e-06): lin 1 (0.0e+00)
Composition correction applied in 263 block(s)
-------------------------------------------------------------------------------------------------------------
 T = 747.023, DT = 1, NI = 2, LI = 2, RES = 5.3e-03 (1.8e-06), CFL=1.451 (ELAPSED 00:00:04, REMAINING 00:00:01 )
-------------------------------------------------------------------------------------------------------------
	 #1 (1.6289e-02, 1.8109e-06): lin 1 (0.0e+00)
Composition correction applied in 200 block(s)
	 #2 (3.6188e-02, 1.4750e-06): lin 1 (0.0e+00)
Composition correction applied in 200 block(s)
-------------------------------------------------------------------------------------------------------------
 T = 748.023, DT = 1, NI = 2, LI = 2, RES = 7.1e-03 (1.8e-06), CFL=1.488 (ELAPSED 00:00:04, REMAINING 00:00:01 )
-------------------------------------------------------------------------------------------------------------
	 #1 (1.6712e-02, 1.7802e-06): lin 1 (0.0e+00)
Composition correction applied in 200 block(s)
	 #2 (3.7779e-02, 1.3753e-06): lin 1 (0.0e+00)
Composition correction applied in 200 block(s)
-------------------------------------------------------------------------------------------------------------
 T = 749.023, DT = 1, NI = 2, LI = 2, RES = 7.2e-03 (1.6e-06), CFL=1.499 (ELAPSED 00:00:04, REMAINING 00:00:01 )
-------------------------------------------------------------------------------------------------------------
	 #1 (1.6776e-02, 1.6420e-06): lin 1 (0.0e+00)
Composition correction applied in 201 block(s)
	 #2 (3.9847e-02, 1.2020e-06): lin 1 (0.0e+00)
Composition correction applied in 201 block(s)
-------------------------------------------------------------------------------------------------------------
 T = 750.023, DT = 1, NI = 2, LI = 2, RES = 7.4e-03 (1.4e-06), CFL=1.511 (ELAPSED 00:00:04, REMAINING 00:00:01 )
-------------------------------------------------------------------------------------------------------------
	 #1 (1.6814e-02, 1.4292e-06): lin 1 (0.0e+00)
Composition correction applied in 207 block(s)
	 #2 (4.2512e-02, 9.7561e-07): lin 1 (0.0e+00)
Composition correction applied in 206 block(s)
-------------------------------------------------------------------------------------------------------------
 T = 751.023, DT = 1, NI = 2, LI = 2, RES = 7.7e-03 (1.2e-06), CFL=1.525 (ELAPSED 00:00:04, REMAINING 00:00:01 )
-------------------------------------------------------------------------------------------------------------
	 #1 (1.6850e-02, 1.1559e-06): lin 1 (0.0e+00)
Composition correction applied in 265 block(s)
	 #2 (4.5772e-02, 7.2144e-07): lin 1 (0.0e+00)
Composition correction applied in 256 block(s)
-------------------------------------------------------------------------------------------------------------
 T = 752.023, DT = 1, NI = 2, LI = 2, RES = 8.1e-03 (8.5e-07), CFL=1.542 (ELAPSED 00:00:04, REMAINING 00:00:01 )
-------------------------------------------------------------------------------------------------------------
	 #1 (1.6900e-02, 8.5503e-07): lin 1 (0.0e+00)
Composition correction applied in 265 block(s)
	 #2 (4.9703e-02, 4.5261e-07): lin 1 (0.0e+00)
Composition correction applied in 266 block(s)
-------------------------------------------------------------------------------------------------------------
 T = 753.023, DT = 1, NI = 2, LI = 2, RES = 8.6e-03 (5.4e-07), CFL=1.562 (ELAPSED 00:00:04, REMAINING 00:00:01 )
-------------------------------------------------------------------------------------------------------------
	 #1 (1.6967e-02, 5.4991e-07): lin 1 (0.0e+00)
Composition correction applied in 268 block(s)
	 #2 (5.4387e-02, 2.0501e-07): lin 1 (0.0e+00)
Composition correction applied in 268 block(s)
-------------------------------------------------------------------------------------------------------------
 T = 754.023, DT = 1, NI = 2, LI = 2, RES = 9.7e-03 (2.5e-07), CFL=1.590 (ELAPSED 00:00:04, REMAINING 00:00:01 )
-------------------------------------------------------------------------------------------------------------
	 #1 (1.7127e-02, 2.8426e-07): lin 1 (0.0e+00)
Composition correction applied in 203 block(s)
	 #2 (5.9771e-02, 9.1279e-08): lin 1 (0.0e+00)
Composition correction applied in 203 block(s)
	 #3 (1.0606e-02, 6.8294e-08): lin 1 (0.0e+00)
Composition correction applied in 203 block(s)
-------------------------------------------------------------------------------------------------------------
 T = 755.023, DT = 1, NI = 3, LI = 3, RES = 1.2e-03 (1.3e-07), CFL=1.359 (ELAPSED 00:00:04, REMAINING 00:00:01 )
-------------------------------------------------------------------------------------------------------------
	 #1 (1.6985e-02, 2.1054e-07): lin 1 (0.0e+00)
Composition correction applied in 204 block(s)
	 #2 (3.2665e-02, 1.0035e-05): lin 1 (0.0e+00)
Composition correction applied in 204 block(s)
-------------------------------------------------------------------------------------------------------------
 T = 756.023, DT = 1, NI = 2, LI = 2, RES = 3.1e-03 (1.0e-05), CFL=1.378 (ELAPSED 00:00:04, REMAINING 00:00:01 )
-------------------------------------------------------------------------------------------------------------
	 #1 (1.6358e-02, 1.0583e-05): lin 1 (0.0e+00)
Composition correction applied in 207 block(s)
	 #2 (3.2258e-02, 1.4044e-05): lin 1 (0.0e+00)
Composition correction applied in 206 block(s)
-------------------------------------------------------------------------------------------------------------
 T = 757.023, DT = 1, NI = 2, LI = 2, RES = 2.5e-03 (1.7e-05), CFL=1.371 (ELAPSED 00:00:04, REMAINING 00:00:01 )
-------------------------------------------------------------------------------------------------------------
	 #1 (1.6633e-02, 1.7052e-05): lin 1 (0.0e+00)
Composition correction applied in 248 block(s)
	 #2 (2.5994e-02, 2.8519e-05): lin 1 (0.0e+00)
Composition correction applied in 216 block(s)
-------------------------------------------------------------------------------------------------------------
 T = 758.023, DT = 1, NI = 2, LI = 2, RES = 3.8e-03 (2.8e-05), CFL=1.346 (ELAPSED 00:00:04, REMAINING 00:00:01 )
-------------------------------------------------------------------------------------------------------------
	 #1 (1.6897e-02, 2.9411e-05): lin 1 (0.0e+00)
Composition correction applied in 270 block(s)
	 #2 (2.6954e-02, 3.2417e-05): lin 1 (0.0e+00)
Composition correction applied in 270 block(s)
-------------------------------------------------------------------------------------------------------------
 T = 759.023, DT = 1, NI = 2, LI = 2, RES = 4.5e-03 (2.9e-05), CFL=1.350 (ELAPSED 00:00:04, REMAINING 00:00:01 )
-------------------------------------------------------------------------------------------------------------
	 #1 (1.6676e-02, 3.1338e-05): lin 1 (0.0e+00)
Composition correction applied in 270 block(s)
	 #2 (2.7476e-02, 2.7708e-05): lin 1 (0.0e+00)
Composition correction applied in 272 block(s)
-------------------------------------------------------------------------------------------------------------
 T = 760.023, DT = 1, NI = 2, LI = 2, RES = 4.7e-03 (3.1e-05), CFL=1.359 (ELAPSED 00:00:04, REMAINING 00:00:01 )
-------------------------------------------------------------------------------------------------------------
	 #1 (1.6761e-02, 3.6278e-05): lin 1 (0.0e+00)
Composition correction applied in 272 block(s)
	 #2 (2.8329e-02, 3.5407e-05): lin 1 (0.0e+00)
Composition correction applied in 272 block(s)
-------------------------------------------------------------------------------------------------------------
 T = 761.023, DT = 1, NI = 2, LI = 2, RES = 5.0e-03 (3.6e-05), CFL=1.355 (ELAPSED 00:00:04, REMAINING 00:00:01 )
-------------------------------------------------------------------------------------------------------------
	 #1 (1.6821e-02, 4.8380e-05): lin 1 (0.0e+00)
Composition correction applied in 207 block(s)
	 #2 (3.7583e-02, 6.1043e-07): lin 1 (0.0e+00)
Composition correction applied in 207 block(s)
-------------------------------------------------------------------------------------------------------------
 T = 762.023, DT = 1, NI = 2, LI = 2, RES = 6.1e-03 (1.3e-06), CFL=1.525 (ELAPSED 00:00:04, REMAINING 00:00:01 )
-------------------------------------------------------------------------------------------------------------
	 #1 (1.7165e-02, 6.3047e-05): lin 1 (0.0e+00)
Composition correction applied in 208 block(s)
	 #2 (4.1468e-02, 4.8680e-06): lin 1 (0.0e+00)
Composition correction applied in 208 block(s)
-------------------------------------------------------------------------------------------------------------
 T = 763.023, DT = 1, NI = 2, LI = 2, RES = 8.3e-03 (2.1e-06), CFL=1.571 (ELAPSED 00:00:04, REMAINING 00:00:01 )
-------------------------------------------------------------------------------------------------------------
	 #1 (1.7727e-02, 1.4999e-04): lin 1 (0.0e+00)
Composition correction applied in 211 block(s)
	 #2 (5.1114e-02, 4.6611e-06): lin 1 (0.0e+00)
Composition correction applied in 211 block(s)
-------------------------------------------------------------------------------------------------------------
 T = 764.023, DT = 1, NI = 2, LI = 2, RES = 9.6e-03 (8.9e-07), CFL=1.615 (ELAPSED 00:00:04, REMAINING 00:00:01 )
-------------------------------------------------------------------------------------------------------------
	 #1 (1.7840e-02, 3.5522e-04): lin 1 (0.0e+00)
Composition correction applied in 274 block(s)
	 #2 (7.5343e-02, 6.9980e-06): lin 1 (0.0e+00)
Composition correction applied in 274 block(s)
	 #3 (1.4234e-02, 7.4824e-07): lin 1 (0.0e+00)
Composition correction applied in 274 block(s)
-------------------------------------------------------------------------------------------------------------
 T = 765.023, DT = 1, NI = 3, LI = 3, RES = 1.6e-03 (2.5e-07), CFL=1.410 (ELAPSED 00:00:04, REMAINING 00:00:01 )
-------------------------------------------------------------------------------------------------------------
	 #1 (1.7846e-02, 8.4452e-04): lin 1 (0.0e+00)
Composition correction applied in 275 block(s)
	 #2 (3.3680e-02, 1.1985e-04): lin 1 (0.0e+00)
Composition correction applied in 275 block(s)
-------------------------------------------------------------------------------------------------------------
 T = 766.023, DT = 1, NI = 2, LI = 2, RES = 2.7e-03 (2.5e-05), CFL=1.413 (ELAPSED 00:00:04, REMAINING 00:00:01 )
-------------------------------------------------------------------------------------------------------------
	 #1 (1.7493e-02, 1.9482e-03): lin 1 (0.0e+00)
Composition correction applied in 275 block(s)
	 #2 (2.7279e-02, 3.4380e-04): lin 1 (0.0e+00)
Composition correction applied in 276 block(s)
-------------------------------------------------------------------------------------------------------------
 T = 767.023, DT = 1, NI = 2, LI = 2, RES = 4.6e-03 (5.2e-05), CFL=1.384 (ELAPSED 00:00:04, REMAINING 00:00:01 )
-------------------------------------------------------------------------------------------------------------
	 #1 (1.7345e-02, 4.4397e-03): lin 1 (0.0e+00)
Composition correction applied in 210 block(s)
	 #2 (2.8287e-02, 6.6391e-04): lin 1 (0.0e+00)
Composition correction applied in 211 block(s)
-------------------------------------------------------------------------------------------------------------
 T = 768.023, DT = 1, NI = 2, LI = 2, RES = 5.1e-03 (1.1e-04), CFL=1.392 (ELAPSED 00:00:04, REMAINING 00:00:01 )
-------------------------------------------------------------------------------------------------------------
	 #1 (1.7499e-02, 1.0620e-02): lin 1 (0.0e+00)
Composition correction applied in 211 block(s)
	 #2 (2.9576e-02, 1.7470e-03): lin 1 (0.0e+00)
Composition correction applied in 211 block(s)
-------------------------------------------------------------------------------------------------------------
 T = 769.023, DT = 1, NI = 2, LI = 2, RES = 6.5e-03 (4.9e-04), CFL=1.388 (ELAPSED 00:00:04, REMAINING 00:00:01 )
-------------------------------------------------------------------------------------------------------------
	 #1 (1.7885e-02, 2.5633e-02): lin 1 (0.0e+00)
Composition correction applied in 211 block(s)
	 #2 (4.8250e-02, 5.6049e-04): lin 1 (0.0e+00)
Composition correction applied in 211 block(s)
-------------------------------------------------------------------------------------------------------------
 T = 770.023, DT = 1, NI = 2, LI = 2, RES = 9.3e-03 (1.9e-04), CFL=1.634 (ELAPSED 00:00:04, REMAINING 00:00:01 )
-------------------------------------------------------------------------------------------------------------
	 #1 (1.7958e-02, 5.6453e-02): lin 1 (0.0e+00)
Composition correction applied in 219 block(s)
	 #2 (5.7375e-02, 2.0973e-01): lin 1 (0.0e+00)
Composition correction applied in 218 block(s)
-------------------------------------------------------------------------------------------------------------
 T = 771.023, DT = 1, NI = 2, LI = 2, RES = 9.3e-03 (8.4e-02), CFL=1.668 (ELAPSED 00:00:04, REMAINING 00:00:01 )
-------------------------------------------------------------------------------------------------------------
	 #1 (1.7414e-02, 1.8198e-01): lin 1 (0.0e+00)
Composition correction applied in 279 block(s)
-------------------------------------------------------------------------------------------------------------
 T = 772.023, DT = 1, NI = 1, LI = 1, RES = 6.1e-03 (9.7e-03), CFL=1.401 (ELAPSED 00:00:04, REMAINING 00:00:01 )
-------------------------------------------------------------------------------------------------------------
	 #1 (1.0694e-02, 1.3703e-01): lin 1 (0.0e+00)
Composition correction applied in 278 block(s)
-------------------------------------------------------------------------------------------------------------
 T = 773.023, DT = 1, NI = 1, LI = 1, RES = 9.2e-04 (1.4e-02), CFL=1.410 (ELAPSED 00:00:04, REMAINING 00:00:01 )
-------------------------------------------------------------------------------------------------------------
	 #1 (4.5434e-03, 5.1030e-02): lin 1 (0.0e+00)
Composition correction applied in 280 block(s)
-------------------------------------------------------------------------------------------------------------
 T = 774.023, DT = 1, NI = 1, LI = 1, RES = 3.2e-04 (1.5e-03), CFL=1.405 (ELAPSED 00:00:04, REMAINING 00:00:01 )
-------------------------------------------------------------------------------------------------------------
	 #1 (3.5021e-03, 3.6735e-02): lin 1 (0.0e+00)
Composition correction applied in 213 block(s)
-------------------------------------------------------------------------------------------------------------
 T = 775.023, DT = 1, NI = 1, LI = 1, RES = 3.9e-04 (3.6e-03), CFL=1.404 (ELAPSED 00:00:04, REMAINING 00:00:01 )
-------------------------------------------------------------------------------------------------------------
	 #1 (3.4113e-03, 2.1796e-02): lin 1 (0.0e+00)
Composition correction applied in 216 block(s)
-------------------------------------------------------------------------------------------------------------
 T = 776.023, DT = 1, NI = 1, LI = 1, RES = 3.9e-04 (1.3e-03), CFL=1.404 (ELAPSED 00:00:04, REMAINING 00:00:01 )
-------------------------------------------------------------------------------------------------------------
	 #1 (3.3458e-03, 1.5958e-02): lin 1 (0.0e+00)
Composition correction applied in 282 block(s)
-------------------------------------------------------------------------------------------------------------
 T = 777.023, DT = 1, NI = 1, LI = 1, RES = 4.2e-04 (2.5e-03), CFL=1.405 (ELAPSED 00:00:04, REMAINING 00:00:01 )
-------------------------------------------------------------------------------------------------------------
	 #1 (3.3272e-03, 1.0169e-02): lin 1 (0.0e+00)
Composition correction applied in 283 block(s)
-------------------------------------------------------------------------------------------------------------
 T = 778.023, DT = 1, NI = 1, LI = 1, RES = 4.3e-04 (5.5e-05), CFL=1.406 (ELAPSED 00:00:04, REMAINING 00:00:01 )
-------------------------------------------------------------------------------------------------------------
	 #1 (3.3186e-03, 8.7994e-03): lin 1 (0.0e+00)
Composition correction applied in 284 block(s)
-------------------------------------------------------------------------------------------------------------
 T = 779.023, DT = 1, NI = 1, LI = 1, RES = 4.3e-04 (4.8e-05), CFL=1.407 (ELAPSED 00:00:04, REMAINING 00:00:01 )
-------------------------------------------------------------------------------------------------------------
	 #1 (3.3170e-03, 6.8846e-03): lin 1 (0.0e+00)
Composition correction applied in 283 block(s)
-------------------------------------------------------------------------------------------------------------
 T = 780.023, DT = 1, NI = 1, LI = 1, RES = 1.1e-03 (2.8e-05), CFL=1.408 (ELAPSED 00:00:04, REMAINING 00:00:01 )
-------------------------------------------------------------------------------------------------------------
	 #1 (3.3184e-03, 5.5499e-03): lin 1 (0.0e+00)
Composition correction applied in 284 block(s)
-------------------------------------------------------------------------------------------------------------
 T = 781.023, DT = 1, NI = 1, LI = 1, RES = 3.7e-04 (1.7e-05), CFL=1.410 (ELAPSED 00:00:04, REMAINING 00:00:01 )
-------------------------------------------------------------------------------------------------------------
	 #1 (3.3213e-03, 4.6030e-03): lin 1 (0.0e+00)
Composition correction applied in 217 block(s)
-------------------------------------------------------------------------------------------------------------
 T = 782.023, DT = 1, NI = 1, LI = 1, RES = 3.8e-04 (1.1e-05), CFL=1.411 (ELAPSED 00:00:04, REMAINING 00:00:01 )
-------------------------------------------------------------------------------------------------------------
	 #1 (3.3253e-03, 3.9117e-03): lin 1 (0.0e+00)
Composition correction applied in 218 block(s)
-------------------------------------------------------------------------------------------------------------
 T = 783.023, DT = 1, NI = 1, LI = 1, RES = 4.4e-04 (7.2e-06), CFL=1.413 (ELAPSED 00:00:04, REMAINING 00:00:01 )
-------------------------------------------------------------------------------------------------------------
	 #1 (3.3299e-03, 3.3928e-03): lin 1 (0.0e+00)
Composition correction applied in 222 block(s)
-------------------------------------------------------------------------------------------------------------
 T = 784.023, DT = 1, NI = 1, LI = 1, RES = 4.4e-04 (5.1e-06), CFL=1.414 (ELAPSED 00:00:04, REMAINING 00:00:01 )
-------------------------------------------------------------------------------------------------------------
	 #1 (3.3349e-03, 2.9937e-03): lin 1 (0.0e+00)
Composition correction applied in 288 block(s)
-------------------------------------------------------------------------------------------------------------
 T = 785.023, DT = 1, NI = 1, LI = 1, RES = 4.3e-04 (3.9e-06), CFL=1.416 (ELAPSED 00:00:04, REMAINING 00:00:01 )
-------------------------------------------------------------------------------------------------------------
	 #1 (3.3401e-03, 2.6800e-03): lin 1 (0.0e+00)
Composition correction applied in 289 block(s)
-------------------------------------------------------------------------------------------------------------
 T = 786.023, DT = 1, NI = 1, LI = 1, RES = 4.6e-04 (3.0e-06), CFL=1.418 (ELAPSED 00:00:04, REMAINING 00:00:01 )
-------------------------------------------------------------------------------------------------------------
	 #1 (3.3453e-03, 2.4332e-03): lin 1 (0.0e+00)
Composition correction applied in 288 block(s)
-------------------------------------------------------------------------------------------------------------
 T = 787.023, DT = 1, NI = 1, LI = 1, RES = 1.9e-03 (1.2e-03), CFL=1.419 (ELAPSED 00:00:04, REMAINING 00:00:01 )
-------------------------------------------------------------------------------------------------------------
	 #1 (3.3507e-03, 1.1389e-03): lin 1 (0.0e+00)
Composition correction applied in 289 block(s)
-------------------------------------------------------------------------------------------------------------
 T = 788.023, DT = 1, NI = 1, LI = 1, RES = 4.7e-04 (6.0e-06), CFL=1.421 (ELAPSED 00:00:04, REMAINING 00:00:01 )
-------------------------------------------------------------------------------------------------------------
	 #1 (3.3559e-03, 2.0277e-03): lin 1 (0.0e+00)
Composition correction applied in 290 block(s)
-------------------------------------------------------------------------------------------------------------
 T = 789.023, DT = 1, NI = 1, LI = 1, RES = 4.6e-04 (1.7e-06), CFL=1.423 (ELAPSED 00:00:04, REMAINING 00:00:01 )
-------------------------------------------------------------------------------------------------------------
	 #1 (3.3613e-03, 1.8480e-03): lin 1 (0.0e+00)
Composition correction applied in 290 block(s)
-------------------------------------------------------------------------------------------------------------
 T = 790.023, DT = 1, NI = 1, LI = 1, RES = 4.4e-04 (1.3e-06), CFL=1.425 (ELAPSED 00:00:04, REMAINING 00:00:01 )
-------------------------------------------------------------------------------------------------------------
	 #1 (3.3668e-03, 1.6966e-03): lin 1 (0.0e+00)
Composition correction applied in 292 block(s)
-------------------------------------------------------------------------------------------------------------
 T = 791.023, DT = 1, NI = 1, LI = 1, RES = 4.7e-04 (1.0e-06), CFL=1.426 (ELAPSED 00:00:04, REMAINING 00:00:01 )
-------------------------------------------------------------------------------------------------------------
	 #1 (3.3724e-03, 1.5698e-03): lin 1 (0.0e+00)
Composition correction applied in 293 block(s)
-------------------------------------------------------------------------------------------------------------
 T = 792.023, DT = 1, NI = 1, LI = 1, RES = 4.4e-04 (8.7e-07), CFL=1.428 (ELAPSED 00:00:04, REMAINING 00:00:01 )
-------------------------------------------------------------------------------------------------------------
	 #1 (3.3780e-03, 1.4625e-03): lin 1 (0.0e+00)
Composition correction applied in 294 block(s)
-------------------------------------------------------------------------------------------------------------
 T = 793.023, DT = 1, NI = 1, LI = 1, RES = 4.6e-04 (7.3e-07), CFL=1.430 (ELAPSED 00:00:04, REMAINING 00:00:01 )
-------------------------------------------------------------------------------------------------------------
	 #1 (3.3836e-03, 1.3710e-03): lin 1 (0.0e+00)
Composition correction applied in 293 block(s)
-------------------------------------------------------------------------------------------------------------
 T = 794.023, DT = 1, NI = 1, LI = 1, RES = 1.5e-03 (6.3e-07), CFL=1.432 (ELAPSED 00:00:04, REMAINING 00:00:01 )
-------------------------------------------------------------------------------------------------------------
	 #1 (3.3890e-03, 1.2926e-03): lin 1 (0.0e+00)
Composition correction applied in 224 block(s)
-------------------------------------------------------------------------------------------------------------
 T = 795.023, DT = 1, NI = 1, LI = 1, RES = 5.2e-04 (5.5e-07), CFL=1.433 (ELAPSED 00:00:04, REMAINING 00:00:01 )
-------------------------------------------------------------------------------------------------------------
	 #1 (3.3946e-03, 1.2251e-03): lin 1 (0.0e+00)
Composition correction applied in 225 block(s)
-------------------------------------------------------------------------------------------------------------
 T = 796.023, DT = 1, NI = 1, LI = 1, RES = 4.8e-04 (7.0e-04), CFL=1.435 (ELAPSED 00:00:04, REMAINING 00:00:01 )
-------------------------------------------------------------------------------------------------------------
	 #1 (3.4003e-03, 1.0154e-03): lin 1 (0.0e+00)
Composition correction applied in 228 block(s)
-------------------------------------------------------------------------------------------------------------
 T = 797.023, DT = 1, NI = 1, LI = 1, RES = 4.7e-04 (5.8e-07), CFL=1.437 (ELAPSED 00:00:04, REMAINING 00:00:01 )
-------------------------------------------------------------------------------------------------------------
	 #1 (3.4060e-03, 1.1133e-03): lin 1 (0.0e+00)
Composition correction applied in 234 block(s)
-------------------------------------------------------------------------------------------------------------
 T = 798.023, DT = 1, NI = 1, LI = 1, RES = 4.5e-04 (4.0e-07), CFL=1.439 (ELAPSED 00:00:04, REMAINING 00:00:01 )
-------------------------------------------------------------------------------------------------------------
	 #1 (3.4117e-03, 1.0658e-03): lin 1 (0.0e+00)
Composition correction applied in 298 block(s)
-------------------------------------------------------------------------------------------------------------
 T = 799.023, DT = 1, NI = 1, LI = 1, RES = 4.6e-04 (3.6e-07), CFL=1.440 (ELAPSED 00:00:04, REMAINING 00:00:01 )
-------------------------------------------------------------------------------------------------------------
	 #1 (3.4173e-03, 1.0234e-03): lin 1 (0.0e+00)
Composition correction applied in 297 block(s)
-------------------------------------------------------------------------------------------------------------
 T = 800.023, DT = 1, NI = 1, LI = 1, RES = 1.3e-03 (3.3e-07), CFL=1.442 (ELAPSED 00:00:05, REMAINING 00:00:01 )
-------------------------------------------------------------------------------------------------------------
	 #1 (3.4230e-03, 9.8587e-04): lin 1 (0.0e+00)
Composition correction applied in 298 block(s)
-------------------------------------------------------------------------------------------------------------
 T = 801.023, DT = 1, NI = 1, LI = 1, RES = 3.9e-04 (3.1e-07), CFL=1.444 (ELAPSED 00:00:05, REMAINING 00:00:01 )
-------------------------------------------------------------------------------------------------------------
	 #1 (3.4286e-03, 9.5254e-04): lin 1 (0.0e+00)
Composition correction applied in 228 block(s)
-------------------------------------------------------------------------------------------------------------
 T = 802.023, DT = 1, NI = 1, LI = 1, RES = 4.5e-04 (2.8e-07), CFL=1.446 (ELAPSED 00:00:05, REMAINING 00:00:01 )
-------------------------------------------------------------------------------------------------------------
	 #1 (3.4343e-03, 9.2286e-04): lin 1 (0.0e+00)
Composition correction applied in 230 block(s)
-------------------------------------------------------------------------------------------------------------
 T = 803.023, DT = 1, NI = 1, LI = 1, RES = 4.7e-04 (2.6e-07), CFL=1.447 (ELAPSED 00:00:05, REMAINING 00:00:01 )
-------------------------------------------------------------------------------------------------------------
	 #1 (3.4402e-03, 8.9634e-04): lin 1 (0.0e+00)
Composition correction applied in 231 block(s)
-------------------------------------------------------------------------------------------------------------
 T = 804.023, DT = 1, NI = 1, LI = 1, RES = 4.6e-04 (2.4e-07), CFL=1.449 (ELAPSED 00:00:05, REMAINING 00:00:01 )
-------------------------------------------------------------------------------------------------------------
	 #1 (3.4460e-03, 8.7258e-04): lin 1 (0.0e+00)
Composition correction applied in 236 block(s)
-------------------------------------------------------------------------------------------------------------
 T = 805.023, DT = 1, NI = 1, LI = 1, RES = 4.7e-04 (2.3e-07), CFL=1.451 (ELAPSED 00:00:05, REMAINING 00:00:01 )
-------------------------------------------------------------------------------------------------------------
	 #1 (3.4519e-03, 8.5122e-04): lin 1 (0.0e+00)
Composition correction applied in 303 block(s)
-------------------------------------------------------------------------------------------------------------
 T = 806.023, DT = 1, NI = 1, LI = 1, RES = 4.8e-04 (2.2e-07), CFL=1.452 (ELAPSED 00:00:05, REMAINING 00:00:01 )
-------------------------------------------------------------------------------------------------------------
	 #1 (3.4576e-03, 8.3197e-04): lin 1 (0.0e+00)
Composition correction applied in 303 block(s)
-------------------------------------------------------------------------------------------------------------
 T = 807.023, DT = 1, NI = 1, LI = 1, RES = 2.5e-03 (2.1e-07), CFL=1.454 (ELAPSED 00:00:05, REMAINING 00:00:01 )
-------------------------------------------------------------------------------------------------------------
	 #1 (3.4635e-03, 8.1456e-04): lin 1 (0.0e+00)
Composition correction applied in 304 block(s)
-------------------------------------------------------------------------------------------------------------
 T = 808.023, DT = 1, NI = 1, LI = 1, RES = 6.1e-04 (2.0e-07), CFL=2.282 (ELAPSED 00:00:05, REMAINING 00:00:01 )
-------------------------------------------------------------------------------------------------------------
	 #1 (3.4693e-03, 7.9880e-04): lin 1 (0.0e+00)
Composition correction applied in 304 block(s)
-------------------------------------------------------------------------------------------------------------
 T = 809.023, DT = 1, NI = 1, LI = 1, RES = 5.3e-04 (1.9e-07), CFL=1.458 (ELAPSED 00:00:05, REMAINING 00:00:01 )
-------------------------------------------------------------------------------------------------------------
	 #1 (3.4752e-03, 7.8448e-04): lin 1 (0.0e+00)
Composition correction applied in 305 block(s)
-------------------------------------------------------------------------------------------------------------
 T = 810.023, DT = 1, NI = 1, LI = 1, RES = 4.8e-04 (1.8e-07), CFL=1.459 (ELAPSED 00:00:05, REMAINING 00:00:01 )
-------------------------------------------------------------------------------------------------------------
	 #1 (3.4811e-03, 7.7145e-04): lin 1 (0.0e+00)
Composition correction applied in 306 block(s)
-------------------------------------------------------------------------------------------------------------
 T = 811.023, DT = 1, NI = 1, LI = 1, RES = 4.9e-04 (1.7e-07), CFL=1.461 (ELAPSED 00:00:05, REMAINING 00:00:01 )
-------------------------------------------------------------------------------------------------------------
	 #1 (3.4869e-03, 7.5956e-04): lin 1 (0.0e+00)
Composition correction applied in 307 block(s)
-------------------------------------------------------------------------------------------------------------
 T = 812.023, DT = 1, NI = 1, LI = 1, RES = 4.9e-04 (1.7e-07), CFL=1.463 (ELAPSED 00:00:05, REMAINING 00:00:01 )
-------------------------------------------------------------------------------------------------------------
	 #1 (3.4928e-03, 7.4871e-04): lin 1 (0.0e+00)
Composition correction applied in 306 block(s)
-------------------------------------------------------------------------------------------------------------
 T = 813.023, DT = 1, NI = 1, LI = 1, RES = 9.6e-04 (1.7e-07), CFL=1.465 (ELAPSED 00:00:05, REMAINING 00:00:01 )
-------------------------------------------------------------------------------------------------------------
	 #1 (3.4987e-03, 7.3877e-04): lin 1 (0.0e+00)
Composition correction applied in 307 block(s)
-------------------------------------------------------------------------------------------------------------
 T = 814.023, DT = 1, NI = 1, LI = 1, RES = 3.6e-04 (1.6e-07), CFL=1.466 (ELAPSED 00:00:05, REMAINING 00:00:01 )
-------------------------------------------------------------------------------------------------------------
	 #1 (3.5044e-03, 7.2964e-04): lin 1 (0.0e+00)
Composition correction applied in 235 block(s)
-------------------------------------------------------------------------------------------------------------
 T = 815.023, DT = 1, NI = 1, LI = 1, RES = 4.4e-04 (1.6e-07), CFL=1.468 (ELAPSED 00:00:05, REMAINING 00:00:01 )
-------------------------------------------------------------------------------------------------------------
	 #1 (3.5102e-03, 7.2125e-04): lin 1 (0.0e+00)
Composition correction applied in 238 block(s)
-------------------------------------------------------------------------------------------------------------
 T = 816.023, DT = 1, NI = 1, LI = 1, RES = 4.8e-04 (1.5e-07), CFL=1.470 (ELAPSED 00:00:05, REMAINING 00:00:01 )
-------------------------------------------------------------------------------------------------------------
	 #1 (3.5163e-03, 7.1354e-04): lin 1 (0.0e+00)
Composition correction applied in 237 block(s)
-------------------------------------------------------------------------------------------------------------
 T = 817.023, DT = 1, NI = 1, LI = 1, RES = 4.7e-04 (1.5e-07), CFL=1.472 (ELAPSED 00:00:05, REMAINING 00:00:01 )
-------------------------------------------------------------------------------------------------------------
	 #1 (3.5223e-03, 7.0645e-04): lin 1 (0.0e+00)
Composition correction applied in 240 block(s)
-------------------------------------------------------------------------------------------------------------
 T = 818.023, DT = 1, NI = 1, LI = 1, RES = 4.8e-04 (1.4e-07), CFL=1.473 (ELAPSED 00:00:05, REMAINING 00:00:01 )
-------------------------------------------------------------------------------------------------------------
	 #1 (3.5284e-03, 6.9991e-04): lin 1 (0.0e+00)
Composition correction applied in 246 block(s)
-------------------------------------------------------------------------------------------------------------
 T = 819.023, DT = 1, NI = 1, LI = 1, RES = 5.1e-04 (1.4e-07), CFL=1.475 (ELAPSED 00:00:05, REMAINING 00:00:01 )
-------------------------------------------------------------------------------------------------------------
	 #1 (3.5344e-03, 6.9390e-04): lin 1 (0.0e+00)
Composition correction applied in 263 block(s)
-------------------------------------------------------------------------------------------------------------
 T = 820.023, DT = 1, NI = 1, LI = 1, RES = 2.5e-03 (1.4e-07), CFL=1.477 (ELAPSED 00:00:05, REMAINING 00:00:01 )
-------------------------------------------------------------------------------------------------------------
	 #1 (3.5403e-03, 6.8836e-04): lin 1 (0.0e+00)
Composition correction applied in 313 block(s)
-------------------------------------------------------------------------------------------------------------
 T = 821.023, DT = 1, NI = 1, LI = 1, RES = 6.4e-04 (1.4e-07), CFL=2.299 (ELAPSED 00:00:05, REMAINING 00:00:01 )
-------------------------------------------------------------------------------------------------------------
	 #1 (3.5463e-03, 6.8326e-04): lin 1 (0.0e+00)
Composition correction applied in 314 block(s)
-------------------------------------------------------------------------------------------------------------
 T = 822.023, DT = 1, NI = 1, LI = 1, RES = 5.2e-04 (1.3e-07), CFL=1.480 (ELAPSED 00:00:05, REMAINING 00:00:01 )
-------------------------------------------------------------------------------------------------------------
	 #1 (3.5524e-03, 6.7858e-04): lin 1 (0.0e+00)
Composition correction applied in 315 block(s)
-------------------------------------------------------------------------------------------------------------
 T = 823.023, DT = 1, NI = 1, LI = 1, RES = 5.2e-04 (1.3e-07), CFL=1.482 (ELAPSED 00:00:05, REMAINING 00:00:01 )
-------------------------------------------------------------------------------------------------------------
	 #1 (3.5585e-03, 6.7427e-04): lin 1 (0.0e+00)
Composition correction applied in 316 block(s)
-------------------------------------------------------------------------------------------------------------
 T = 824.023, DT = 1, NI = 1, LI = 1, RES = 5.0e-04 (1.3e-07), CFL=1.484 (ELAPSED 00:00:05, REMAINING 00:00:01 )
-------------------------------------------------------------------------------------------------------------
	 #1 (3.5646e-03, 6.7033e-04): lin 1 (0.0e+00)
Composition correction applied in 316 block(s)
-------------------------------------------------------------------------------------------------------------
 T = 825.023, DT = 1, NI = 1, LI = 1, RES = 5.1e-04 (1.3e-07), CFL=1.485 (ELAPSED 00:00:05, REMAINING 00:00:01 )
-------------------------------------------------------------------------------------------------------------
	 #1 (3.5708e-03, 6.6676e-04): lin 1 (0.0e+00)
Composition correction applied in 317 block(s)
-------------------------------------------------------------------------------------------------------------
 T = 826.023, DT = 1, NI = 1, LI = 1, RES = 1.4e-03 (1.2e-07), CFL=1.487 (ELAPSED 00:00:05, REMAINING 00:00:01 )
-------------------------------------------------------------------------------------------------------------
	 #1 (3.5770e-03, 6.6360e-04): lin 1 (0.0e+00)
Composition correction applied in 317 block(s)
-------------------------------------------------------------------------------------------------------------
 T = 827.023, DT = 1, NI = 1, LI = 1, RES = 4.4e-04 (1.3e-07), CFL=1.489 (ELAPSED 00:00:05, REMAINING 00:00:01 )
-------------------------------------------------------------------------------------------------------------
	 #1 (3.5830e-03, 6.6078e-04): lin 1 (0.0e+00)
Composition correction applied in 243 block(s)
-------------------------------------------------------------------------------------------------------------
 T = 828.023, DT = 1, NI = 1, LI = 1, RES = 4.7e-04 (1.2e-07), CFL=1.490 (ELAPSED 00:00:05, REMAINING 00:00:01 )
-------------------------------------------------------------------------------------------------------------
	 #1 (3.5890e-03, 6.5804e-04): lin 1 (0.0e+00)
Composition correction applied in 244 block(s)
-------------------------------------------------------------------------------------------------------------
 T = 829.023, DT = 1, NI = 1, LI = 1, RES = 5.1e-04 (1.2e-07), CFL=1.492 (ELAPSED 00:00:05, REMAINING 00:00:01 )
-------------------------------------------------------------------------------------------------------------
	 #1 (3.5952e-03, 6.5525e-04): lin 1 (0.0e+00)
Composition correction applied in 245 block(s)
-------------------------------------------------------------------------------------------------------------
 T = 830.023, DT = 1, NI = 1, LI = 1, RES = 5.1e-04 (1.2e-07), CFL=1.494 (ELAPSED 00:00:05, REMAINING 00:00:01 )
-------------------------------------------------------------------------------------------------------------
	 #1 (3.6015e-03, 6.5263e-04): lin 1 (0.0e+00)
Composition correction applied in 251 block(s)
-------------------------------------------------------------------------------------------------------------
 T = 831.023, DT = 1, NI = 1, LI = 1, RES = 5.1e-04 (9.3e-04), CFL=1.496 (ELAPSED 00:00:05, REMAINING 00:00:01 )
-------------------------------------------------------------------------------------------------------------
	 #1 (3.6078e-03, 6.0930e-04): lin 1 (0.0e+00)
Composition correction applied in 303 block(s)
-------------------------------------------------------------------------------------------------------------
 T = 832.023, DT = 1, NI = 1, LI = 1, RES = 5.1e-04 (1.9e-06), CFL=1.497 (ELAPSED 00:00:05, REMAINING 00:00:01 )
-------------------------------------------------------------------------------------------------------------
	 #1 (3.6141e-03, 6.4353e-04): lin 1 (0.0e+00)
Composition correction applied in 322 block(s)
-------------------------------------------------------------------------------------------------------------
 T = 833.023, DT = 1, NI = 1, LI = 1, RES = 3.2e-04 (1.1e-07), CFL=1.499 (ELAPSED 00:00:05, REMAINING 00:00:01 )
-------------------------------------------------------------------------------------------------------------
	 #1 (3.6201e-03, 6.3058e-04): lin 1 (0.0e+00)
Composition correction applied in 248 block(s)
-------------------------------------------------------------------------------------------------------------
 T = 834.023, DT = 1, NI = 1, LI = 1, RES = 4.3e-04 (1.2e-07), CFL=1.501 (ELAPSED 00:00:05, REMAINING 00:00:01 )
-------------------------------------------------------------------------------------------------------------
	 #1 (3.6263e-03, 6.1782e-04): lin 1 (0.0e+00)
Composition correction applied in 251 block(s)
-------------------------------------------------------------------------------------------------------------
 T = 835.023, DT = 1, NI = 1, LI = 1, RES = 4.8e-04 (1.0e-07), CFL=1.502 (ELAPSED 00:00:05, REMAINING 00:00:01 )
-------------------------------------------------------------------------------------------------------------
	 #1 (3.6327e-03, 6.0685e-04): lin 1 (0.0e+00)
Composition correction applied in 253 block(s)
-------------------------------------------------------------------------------------------------------------
 T = 836.023, DT = 1, NI = 1, LI = 1, RES = 5.2e-04 (9.3e-08), CFL=1.504 (ELAPSED 00:00:05, REMAINING 00:00:01 )
-------------------------------------------------------------------------------------------------------------
	 #1 (3.6390e-03, 5.9721e-04): lin 1 (0.0e+00)
Composition correction applied in 250 block(s)
-------------------------------------------------------------------------------------------------------------
 T = 837.023, DT = 1, NI = 1, LI = 1, RES = 4.9e-04 (9.2e-08), CFL=1.506 (ELAPSED 00:00:05, REMAINING 00:00:01 )
-------------------------------------------------------------------------------------------------------------
	 #1 (3.6454e-03, 5.8869e-04): lin 1 (0.0e+00)
Composition correction applied in 253 block(s)
-------------------------------------------------------------------------------------------------------------
 T = 838.023, DT = 1, NI = 1, LI = 1, RES = 5.2e-04 (1.3e-07), CFL=1.508 (ELAPSED 00:00:05, REMAINING 00:00:00 )
-------------------------------------------------------------------------------------------------------------
	 #1 (3.6519e-03, 5.8113e-04): lin 1 (0.0e+00)
Composition correction applied in 258 block(s)
-------------------------------------------------------------------------------------------------------------
 T = 839.023, DT = 1, NI = 1, LI = 1, RES = 2.6e-03 (1.1e-07), CFL=1.509 (ELAPSED 00:00:05, REMAINING 00:00:00 )
-------------------------------------------------------------------------------------------------------------
	 #1 (3.6583e-03, 5.7440e-04): lin 1 (0.0e+00)
Composition correction applied in 263 block(s)
-------------------------------------------------------------------------------------------------------------
 T = 840.023, DT = 1, NI = 1, LI = 1, RES = 6.8e-04 (1.2e-07), CFL=2.331 (ELAPSED 00:00:05, REMAINING 00:00:00 )
-------------------------------------------------------------------------------------------------------------
	 #1 (3.6648e-03, 5.6838e-04): lin 1 (0.0e+00)
Composition correction applied in 273 block(s)
-------------------------------------------------------------------------------------------------------------
 T = 841.023, DT = 1, NI = 1, LI = 1, RES = 5.6e-04 (8.0e-08), CFL=1.513 (ELAPSED 00:00:05, REMAINING 00:00:00 )
-------------------------------------------------------------------------------------------------------------
	 #1 (3.6714e-03, 5.6300e-04): lin 1 (0.0e+00)
Composition correction applied in 310 block(s)
-------------------------------------------------------------------------------------------------------------
 T = 842.023, DT = 1, NI = 1, LI = 1, RES = 5.2e-04 (1.0e-07), CFL=1.514 (ELAPSED 00:00:05, REMAINING 00:00:00 )
-------------------------------------------------------------------------------------------------------------
	 #1 (3.6779e-03, 5.5817e-04): lin 1 (0.0e+00)
Composition correction applied in 330 block(s)
-------------------------------------------------------------------------------------------------------------
 T = 843.023, DT = 1, NI = 1, LI = 1, RES = 5.2e-04 (8.5e-08), CFL=1.516 (ELAPSED 00:00:05, REMAINING 00:00:00 )
-------------------------------------------------------------------------------------------------------------
	 #1 (3.6844e-03, 5.5384e-04): lin 1 (0.0e+00)
Composition correction applied in 331 block(s)
-------------------------------------------------------------------------------------------------------------
 T = 844.023, DT = 1, NI = 1, LI = 1, RES = 5.5e-04 (7.5e-08), CFL=1.518 (ELAPSED 00:00:05, REMAINING 00:00:00 )
-------------------------------------------------------------------------------------------------------------
	 #1 (3.6908e-03, 5.4993e-04): lin 1 (0.0e+00)
Composition correction applied in 330 block(s)
-------------------------------------------------------------------------------------------------------------
 T = 845.023, DT = 1, NI = 1, LI = 1, RES = 1.8e-03 (9.9e-08), CFL=1.520 (ELAPSED 00:00:05, REMAINING 00:00:00 )
-------------------------------------------------------------------------------------------------------------
	 #1 (3.6974e-03, 5.4641e-04): lin 1 (0.0e+00)
Composition correction applied in 332 block(s)
-------------------------------------------------------------------------------------------------------------
 T = 846.023, DT = 1, NI = 1, LI = 1, RES = 5.4e-04 (7.5e-08), CFL=1.521 (ELAPSED 00:00:05, REMAINING 00:00:00 )
-------------------------------------------------------------------------------------------------------------
	 #1 (3.7040e-03, 5.4323e-04): lin 1 (0.0e+00)
Composition correction applied in 254 block(s)
-------------------------------------------------------------------------------------------------------------
 T = 847.023, DT = 1, NI = 1, LI = 1, RES = 5.1e-04 (7.4e-08), CFL=1.523 (ELAPSED 00:00:05, REMAINING 00:00:00 )
-------------------------------------------------------------------------------------------------------------
	 #1 (3.7105e-03, 5.4036e-04): lin 1 (0.0e+00)
Composition correction applied in 256 block(s)
-------------------------------------------------------------------------------------------------------------
 T = 848.023, DT = 1, NI = 1, LI = 1, RES = 5.2e-04 (6.9e-08), CFL=1.525 (ELAPSED 00:00:05, REMAINING 00:00:00 )
-------------------------------------------------------------------------------------------------------------
	 #1 (3.7171e-03, 5.3776e-04): lin 1 (0.0e+00)
Composition correction applied in 266 block(s)
-------------------------------------------------------------------------------------------------------------
 T = 849.023, DT = 1, NI = 1, LI = 1, RES = 5.5e-04 (9.5e-08), CFL=1.526 (ELAPSED 00:00:05, REMAINING 00:00:00 )
-------------------------------------------------------------------------------------------------------------
	 #1 (3.7237e-03, 5.3541e-04): lin 1 (0.0e+00)
Composition correction applied in 335 block(s)
-------------------------------------------------------------------------------------------------------------
 T = 850.023, DT = 1, NI = 1, LI = 1, RES = 5.3e-04 (7.1e-08), CFL=1.528 (ELAPSED 00:00:05, REMAINING 00:00:00 )
-------------------------------------------------------------------------------------------------------------
	 #1 (3.7305e-03, 5.3330e-04): lin 1 (0.0e+00)
Composition correction applied in 336 block(s)
-------------------------------------------------------------------------------------------------------------
 T = 851.023, DT = 1, NI = 1, LI = 1, RES = 1.2e-03 (6.9e-08), CFL=1.530 (ELAPSED 00:00:05, REMAINING 00:00:00 )
-------------------------------------------------------------------------------------------------------------
	 #1 (3.7372e-03, 5.3138e-04): lin 1 (0.0e+00)
Composition correction applied in 337 block(s)
-------------------------------------------------------------------------------------------------------------
 T = 852.023, DT = 1, NI = 1, LI = 1, RES = 4.4e-04 (1.2e-07), CFL=1.532 (ELAPSED 00:00:05, REMAINING 00:00:00 )
-------------------------------------------------------------------------------------------------------------
	 #1 (3.7437e-03, 5.2964e-04): lin 1 (0.0e+00)
Composition correction applied in 259 block(s)
-------------------------------------------------------------------------------------------------------------
 T = 853.023, DT = 1, NI = 1, LI = 1, RES = 4.9e-04 (6.6e-08), CFL=1.533 (ELAPSED 00:00:05, REMAINING 00:00:00 )
-------------------------------------------------------------------------------------------------------------
	 #1 (3.7505e-03, 5.2806e-04): lin 1 (0.0e+00)
Composition correction applied in 261 block(s)
-------------------------------------------------------------------------------------------------------------
 T = 854.023, DT = 1, NI = 1, LI = 1, RES = 5.5e-04 (6.8e-08), CFL=1.535 (ELAPSED 00:00:05, REMAINING 00:00:00 )
-------------------------------------------------------------------------------------------------------------
	 #1 (3.7573e-03, 5.2664e-04): lin 1 (0.0e+00)
Composition correction applied in 261 block(s)
-------------------------------------------------------------------------------------------------------------
 T = 855.023, DT = 1, NI = 1, LI = 1, RES = 5.2e-04 (6.5e-08), CFL=1.537 (ELAPSED 00:00:05, REMAINING 00:00:00 )
-------------------------------------------------------------------------------------------------------------
	 #1 (3.7643e-03, 5.2537e-04): lin 1 (0.0e+00)
Composition correction applied in 264 block(s)
-------------------------------------------------------------------------------------------------------------
 T = 856.023, DT = 1, NI = 1, LI = 1, RES = 5.4e-04 (6.7e-08), CFL=1.538 (ELAPSED 00:00:05, REMAINING 00:00:00 )
-------------------------------------------------------------------------------------------------------------
	 #1 (3.7712e-03, 5.2423e-04): lin 1 (0.0e+00)
Composition correction applied in 271 block(s)
-------------------------------------------------------------------------------------------------------------
 T = 857.023, DT = 1, NI = 1, LI = 1, RES = 6.9e-04 (9.5e-08), CFL=1.540 (ELAPSED 00:00:05, REMAINING 00:00:00 )
-------------------------------------------------------------------------------------------------------------
	 #1 (3.7781e-03, 5.2321e-04): lin 1 (0.0e+00)
Composition correction applied in 341 block(s)
-------------------------------------------------------------------------------------------------------------
 T = 858.023, DT = 1, NI = 1, LI = 1, RES = 3.8e-04 (6.6e-08), CFL=1.542 (ELAPSED 00:00:05, REMAINING 00:00:00 )
-------------------------------------------------------------------------------------------------------------
	 #1 (3.7848e-03, 5.2229e-04): lin 1 (0.0e+00)
Composition correction applied in 263 block(s)
-------------------------------------------------------------------------------------------------------------
 T = 859.023, DT = 1, NI = 1, LI = 1, RES = 4.9e-04 (6.8e-08), CFL=1.543 (ELAPSED 00:00:05, REMAINING 00:00:00 )
-------------------------------------------------------------------------------------------------------------
	 #1 (3.7917e-03, 5.2147e-04): lin 1 (0.0e+00)
Composition correction applied in 266 block(s)
-------------------------------------------------------------------------------------------------------------
 T = 860.023, DT = 1, NI = 1, LI = 1, RES = 5.1e-04 (6.5e-08), CFL=1.545 (ELAPSED 00:00:05, REMAINING 00:00:00 )
-------------------------------------------------------------------------------------------------------------
	 #1 (3.7986e-03, 5.2075e-04): lin 1 (0.0e+00)
Composition correction applied in 267 block(s)
-------------------------------------------------------------------------------------------------------------
 T = 861.023, DT = 1, NI = 1, LI = 1, RES = 5.3e-04 (7.0e-08), CFL=1.547 (ELAPSED 00:00:05, REMAINING 00:00:00 )
-------------------------------------------------------------------------------------------------------------
	 #1 (3.8056e-03, 5.2012e-04): lin 1 (0.0e+00)
Composition correction applied in 267 block(s)
-------------------------------------------------------------------------------------------------------------
 T = 862.023, DT = 1, NI = 1, LI = 1, RES = 5.4e-04 (1.0e-07), CFL=1.549 (ELAPSED 00:00:05, REMAINING 00:00:00 )
-------------------------------------------------------------------------------------------------------------
	 #1 (3.8128e-03, 5.1959e-04): lin 1 (0.0e+00)
Composition correction applied in 269 block(s)
-------------------------------------------------------------------------------------------------------------
 T = 863.023, DT = 1, NI = 1, LI = 1, RES = 5.7e-04 (1.3e-07), CFL=1.550 (ELAPSED 00:00:05, REMAINING 00:00:00 )
-------------------------------------------------------------------------------------------------------------
	 #1 (3.8199e-03, 5.1913e-04): lin 1 (0.0e+00)
Composition correction applied in 347 block(s)
-------------------------------------------------------------------------------------------------------------
 T = 864.023, DT = 1, NI = 1, LI = 1, RES = 3.5e-04 (6.5e-08), CFL=1.552 (ELAPSED 00:00:05, REMAINING 00:00:00 )
-------------------------------------------------------------------------------------------------------------
	 #1 (3.8268e-03, 5.1874e-04): lin 1 (0.0e+00)
Composition correction applied in 267 block(s)
-------------------------------------------------------------------------------------------------------------
 T = 865.023, DT = 1, NI = 1, LI = 1, RES = 4.7e-04 (6.6e-08), CFL=1.554 (ELAPSED 00:00:05, REMAINING 00:00:00 )
-------------------------------------------------------------------------------------------------------------
	 #1 (3.8337e-03, 5.1841e-04): lin 1 (0.0e+00)
Composition correction applied in 270 block(s)
-------------------------------------------------------------------------------------------------------------
 T = 866.023, DT = 1, NI = 1, LI = 1, RES = 5.4e-04 (6.6e-08), CFL=1.555 (ELAPSED 00:00:05, REMAINING 00:00:00 )
-------------------------------------------------------------------------------------------------------------
	 #1 (3.8409e-03, 5.1815e-04): lin 1 (0.0e+00)
Composition correction applied in 272 block(s)
-------------------------------------------------------------------------------------------------------------
 T = 867.023, DT = 1, NI = 1, LI = 1, RES = 5.5e-04 (1.1e-07), CFL=1.557 (ELAPSED 00:00:05, REMAINING 00:00:00 )
-------------------------------------------------------------------------------------------------------------
	 #1 (3.8483e-03, 5.1796e-04): lin 1 (0.0e+00)
Composition correction applied in 269 block(s)
-------------------------------------------------------------------------------------------------------------
 T = 868.023, DT = 1, NI = 1, LI = 1, RES = 5.6e-04 (1.1e-07), CFL=1.559 (ELAPSED 00:00:05, REMAINING 00:00:00 )
-------------------------------------------------------------------------------------------------------------
	 #1 (3.8557e-03, 5.1783e-04): lin 1 (0.0e+00)
Composition correction applied in 272 block(s)
-------------------------------------------------------------------------------------------------------------
 T = 869.023, DT = 1, NI = 1, LI = 1, RES = 5.8e-04 (1.1e-07), CFL=1.560 (ELAPSED 00:00:05, REMAINING 00:00:00 )
-------------------------------------------------------------------------------------------------------------
	 #1 (3.8630e-03, 5.1775e-04): lin 1 (0.0e+00)
Composition correction applied in 352 block(s)
-------------------------------------------------------------------------------------------------------------
 T = 870.023, DT = 1, NI = 1, LI = 1, RES = 3.3e-04 (6.2e-08), CFL=1.562 (ELAPSED 00:00:05, REMAINING 00:00:00 )
-------------------------------------------------------------------------------------------------------------
	 #1 (3.8701e-03, 5.1772e-04): lin 1 (0.0e+00)
Composition correction applied in 271 block(s)
-------------------------------------------------------------------------------------------------------------
 T = 871.023, DT = 1, NI = 1, LI = 1, RES = 4.7e-04 (6.2e-08), CFL=1.564 (ELAPSED 00:00:05, REMAINING 00:00:00 )
-------------------------------------------------------------------------------------------------------------
	 #1 (3.8771e-03, 5.1772e-04): lin 1 (0.0e+00)
Composition correction applied in 274 block(s)
-------------------------------------------------------------------------------------------------------------
 T = 872.023, DT = 1, NI = 1, LI = 1, RES = 5.4e-04 (1.0e-07), CFL=1.566 (ELAPSED 00:00:05, REMAINING 00:00:00 )
-------------------------------------------------------------------------------------------------------------
	 #1 (3.8844e-03, 5.1778e-04): lin 1 (0.0e+00)
Composition correction applied in 275 block(s)
-------------------------------------------------------------------------------------------------------------
 T = 873.023, DT = 1, NI = 1, LI = 1, RES = 5.6e-04 (6.6e-08), CFL=1.567 (ELAPSED 00:00:05, REMAINING 00:00:00 )
-------------------------------------------------------------------------------------------------------------
	 #1 (3.8920e-03, 5.1790e-04): lin 1 (0.0e+00)
Composition correction applied in 273 block(s)
-------------------------------------------------------------------------------------------------------------
 T = 874.023, DT = 1, NI = 1, LI = 1, RES = 5.7e-04 (6.3e-08), CFL=1.569 (ELAPSED 00:00:05, REMAINING 00:00:00 )
-------------------------------------------------------------------------------------------------------------
	 #1 (3.8996e-03, 5.1805e-04): lin 1 (0.0e+00)
Composition correction applied in 275 block(s)
-------------------------------------------------------------------------------------------------------------
 T = 875.023, DT = 1, NI = 1, LI = 1, RES = 5.9e-04 (6.5e-08), CFL=1.571 (ELAPSED 00:00:05, REMAINING 00:00:00 )
-------------------------------------------------------------------------------------------------------------
	 #1 (3.9072e-03, 5.1824e-04): lin 1 (0.0e+00)
Composition correction applied in 357 block(s)
-------------------------------------------------------------------------------------------------------------
 T = 876.023, DT = 1, NI = 1, LI = 1, RES = 3.4e-04 (6.6e-08), CFL=1.572 (ELAPSED 00:00:05, REMAINING 00:00:00 )
-------------------------------------------------------------------------------------------------------------
	 #1 (3.9144e-03, 5.1847e-04): lin 1 (0.0e+00)
Composition correction applied in 275 block(s)
-------------------------------------------------------------------------------------------------------------
 T = 877.023, DT = 1, NI = 1, LI = 1, RES = 4.8e-04 (6.6e-08), CFL=1.574 (ELAPSED 00:00:05, REMAINING 00:00:00 )
-------------------------------------------------------------------------------------------------------------
	 #1 (3.9219e-03, 5.1871e-04): lin 1 (0.0e+00)
Composition correction applied in 277 block(s)
-------------------------------------------------------------------------------------------------------------
 T = 878.023, DT = 1, NI = 1, LI = 1, RES = 5.6e-04 (1.2e-07), CFL=1.576 (ELAPSED 00:00:05, REMAINING 00:00:00 )
-------------------------------------------------------------------------------------------------------------
	 #1 (3.9295e-03, 5.1900e-04): lin 1 (0.0e+00)
Composition correction applied in 279 block(s)
-------------------------------------------------------------------------------------------------------------
 T = 879.023, DT = 1, NI = 1, LI = 1, RES = 5.7e-04 (6.5e-08), CFL=1.577 (ELAPSED 00:00:05, REMAINING 00:00:00 )
-------------------------------------------------------------------------------------------------------------
	 #1 (3.9373e-03, 5.1932e-04): lin 1 (0.0e+00)
Composition correction applied in 277 block(s)
-------------------------------------------------------------------------------------------------------------
 T = 880.023, DT = 1, NI = 1, LI = 1, RES = 5.9e-04 (6.3e-08), CFL=1.579 (ELAPSED 00:00:05, REMAINING 00:00:00 )
-------------------------------------------------------------------------------------------------------------
	 #1 (3.9450e-03, 5.1968e-04): lin 1 (0.0e+00)
Composition correction applied in 279 block(s)
-------------------------------------------------------------------------------------------------------------
 T = 881.023, DT = 1, NI = 1, LI = 1, RES = 6.2e-04 (1.2e-07), CFL=1.581 (ELAPSED 00:00:05, REMAINING 00:00:00 )
-------------------------------------------------------------------------------------------------------------
	 #1 (3.9527e-03, 5.2007e-04): lin 1 (0.0e+00)
Composition correction applied in 362 block(s)
-------------------------------------------------------------------------------------------------------------
 T = 882.023, DT = 1, NI = 1, LI = 1, RES = 3.7e-04 (6.9e-08), CFL=1.583 (ELAPSED 00:00:05, REMAINING 00:00:00 )
-------------------------------------------------------------------------------------------------------------
	 #1 (3.9601e-03, 5.2048e-04): lin 1 (0.0e+00)
Composition correction applied in 278 block(s)
-------------------------------------------------------------------------------------------------------------
 T = 883.023, DT = 1, NI = 1, LI = 1, RES = 5.0e-04 (9.0e-08), CFL=1.584 (ELAPSED 00:00:05, REMAINING 00:00:00 )
-------------------------------------------------------------------------------------------------------------
	 #1 (3.9677e-03, 5.2091e-04): lin 1 (0.0e+00)
Composition correction applied in 281 block(s)
-------------------------------------------------------------------------------------------------------------
 T = 884.023, DT = 1, NI = 1, LI = 1, RES = 5.4e-04 (6.7e-08), CFL=1.586 (ELAPSED 00:00:05, REMAINING 00:00:00 )
-------------------------------------------------------------------------------------------------------------
	 #1 (3.9755e-03, 5.2138e-04): lin 1 (0.0e+00)
Composition correction applied in 283 block(s)
-------------------------------------------------------------------------------------------------------------
 T = 885.023, DT = 1, NI = 1, LI = 1, RES = 5.7e-04 (1.1e-07), CFL=1.588 (ELAPSED 00:00:05, REMAINING 00:00:00 )
-------------------------------------------------------------------------------------------------------------
	 #1 (3.9834e-03, 5.2187e-04): lin 1 (0.0e+00)
Composition correction applied in 281 block(s)
-------------------------------------------------------------------------------------------------------------
 T = 886.023, DT = 1, NI = 1, LI = 1, RES = 5.9e-04 (6.4e-08), CFL=1.589 (ELAPSED 00:00:05, REMAINING 00:00:00 )
-------------------------------------------------------------------------------------------------------------
	 #1 (3.9914e-03, 5.2239e-04): lin 1 (0.0e+00)
Composition correction applied in 284 block(s)
-------------------------------------------------------------------------------------------------------------
 T = 887.023, DT = 1, NI = 1, LI = 1, RES = 7.6e-04 (6.4e-08), CFL=1.591 (ELAPSED 00:00:05, REMAINING 00:00:00 )
-------------------------------------------------------------------------------------------------------------
	 #1 (3.9994e-03, 5.2295e-04): lin 1 (0.0e+00)
Composition correction applied in 367 block(s)
-------------------------------------------------------------------------------------------------------------
 T = 888.023, DT = 1, NI = 1, LI = 1, RES = 4.2e-04 (6.8e-08), CFL=1.593 (ELAPSED 00:00:05, REMAINING 00:00:00 )
-------------------------------------------------------------------------------------------------------------
	 #1 (4.0073e-03, 5.2352e-04): lin 1 (0.0e+00)
Composition correction applied in 282 block(s)
-------------------------------------------------------------------------------------------------------------
 T = 889.023, DT = 1, NI = 1, LI = 1, RES = 5.1e-04 (6.5e-08), CFL=1.594 (ELAPSED 00:00:05, REMAINING 00:00:00 )
-------------------------------------------------------------------------------------------------------------
	 #1 (4.0151e-03, 5.2411e-04): lin 1 (0.0e+00)
Composition correction applied in 285 block(s)
-------------------------------------------------------------------------------------------------------------
 T = 890.023, DT = 1, NI = 1, LI = 1, RES = 5.9e-04 (6.8e-08), CFL=1.596 (ELAPSED 00:00:05, REMAINING 00:00:00 )
-------------------------------------------------------------------------------------------------------------
	 #1 (4.0232e-03, 5.2472e-04): lin 1 (0.0e+00)
Composition correction applied in 286 block(s)
-------------------------------------------------------------------------------------------------------------
 T = 891.023, DT = 1, NI = 1, LI = 1, RES = 5.8e-04 (6.9e-08), CFL=1.598 (ELAPSED 00:00:05, REMAINING 00:00:00 )
-------------------------------------------------------------------------------------------------------------
	 #1 (4.0314e-03, 5.2537e-04): lin 1 (0.0e+00)
Composition correction applied in 286 block(s)
-------------------------------------------------------------------------------------------------------------
 T = 892.023, DT = 1, NI = 1, LI = 1, RES = 6.2e-04 (6.5e-08), CFL=1.600 (ELAPSED 00:00:05, REMAINING 00:00:00 )
-------------------------------------------------------------------------------------------------------------
	 #1 (4.0396e-03, 5.2604e-04): lin 1 (0.0e+00)
Composition correction applied in 289 block(s)
-------------------------------------------------------------------------------------------------------------
 T = 893.023, DT = 1, NI = 1, LI = 1, RES = 1.1e-03 (7.0e-08), CFL=1.601 (ELAPSED 00:00:05, REMAINING 00:00:00 )
-------------------------------------------------------------------------------------------------------------
	 #1 (4.0477e-03, 5.2674e-04): lin 1 (0.0e+00)
Composition correction applied in 372 block(s)
-------------------------------------------------------------------------------------------------------------
 T = 894.023, DT = 1, NI = 1, LI = 1, RES = 4.9e-04 (6.9e-08), CFL=1.603 (ELAPSED 00:00:05, REMAINING 00:00:00 )
-------------------------------------------------------------------------------------------------------------
	 #1 (4.0557e-03, 5.2745e-04): lin 1 (0.0e+00)
Composition correction applied in 285 block(s)
-------------------------------------------------------------------------------------------------------------
 T = 895.023, DT = 1, NI = 1, LI = 1, RES = 5.6e-04 (9.1e-08), CFL=1.605 (ELAPSED 00:00:05, REMAINING 00:00:00 )
-------------------------------------------------------------------------------------------------------------
	 #1 (4.0638e-03, 5.2817e-04): lin 1 (0.0e+00)
Composition correction applied in 288 block(s)
-------------------------------------------------------------------------------------------------------------
 T = 896.023, DT = 1, NI = 1, LI = 1, RES = 6.0e-04 (1.0e-07), CFL=1.606 (ELAPSED 00:00:05, REMAINING 00:00:00 )
-------------------------------------------------------------------------------------------------------------
	 #1 (4.0721e-03, 5.2892e-04): lin 1 (0.0e+00)
Composition correction applied in 288 block(s)
-------------------------------------------------------------------------------------------------------------
 T = 897.023, DT = 1, NI = 1, LI = 1, RES = 6.0e-04 (1.1e-07), CFL=1.608 (ELAPSED 00:00:05, REMAINING 00:00:00 )
-------------------------------------------------------------------------------------------------------------
	 #1 (4.0805e-03, 5.2968e-04): lin 1 (0.0e+00)
Composition correction applied in 291 block(s)
-------------------------------------------------------------------------------------------------------------
 T = 898.023, DT = 1, NI = 1, LI = 1, RES = 6.1e-04 (6.9e-08), CFL=1.610 (ELAPSED 00:00:05, REMAINING 00:00:00 )
-------------------------------------------------------------------------------------------------------------
	 #1 (4.0890e-03, 5.3047e-04): lin 1 (0.0e+00)
Composition correction applied in 296 block(s)
-------------------------------------------------------------------------------------------------------------
 T = 899.023, DT = 1, NI = 1, LI = 1, RES = 1.7e-03 (6.8e-08), CFL=1.612 (ELAPSED 00:00:05, REMAINING 00:00:00 )
-------------------------------------------------------------------------------------------------------------
	 #1 (4.0973e-03, 5.3126e-04): lin 1 (0.0e+00)
Composition correction applied in 376 block(s)
-------------------------------------------------------------------------------------------------------------
 T = 900.023, DT = 1, NI = 1, LI = 1, RES = 5.8e-04 (1.1e-07), CFL=1.613 (ELAPSED 00:00:05, REMAINING 00:00:00 )
-------------------------------------------------------------------------------------------------------------
	 #1 (4.1058e-03, 5.3206e-04): lin 1 (0.0e+00)
Composition correction applied in 289 block(s)
-------------------------------------------------------------------------------------------------------------
 T = 901.023, DT = 1, NI = 1, LI = 1, RES = 5.8e-04 (1.1e-07), CFL=1.615 (ELAPSED 00:00:05, REMAINING 00:00:00 )
-------------------------------------------------------------------------------------------------------------
	 #1 (4.1142e-03, 5.3282e-04): lin 1 (0.0e+00)
Composition correction applied in 291 block(s)
-------------------------------------------------------------------------------------------------------------
 T = 902.023, DT = 1, NI = 1, LI = 1, RES = 6.3e-04 (7.1e-08), CFL=1.617 (ELAPSED 00:00:05, REMAINING 00:00:00 )
-------------------------------------------------------------------------------------------------------------
	 #1 (4.1228e-03, 5.3351e-04): lin 1 (0.0e+00)
Composition correction applied in 293 block(s)
-------------------------------------------------------------------------------------------------------------
 T = 903.023, DT = 1, NI = 1, LI = 1, RES = 6.3e-04 (7.3e-08), CFL=1.618 (ELAPSED 00:00:05, REMAINING 00:00:00 )
-------------------------------------------------------------------------------------------------------------
	 #1 (4.1314e-03, 5.3424e-04): lin 1 (0.0e+00)
Composition correction applied in 301 block(s)
-------------------------------------------------------------------------------------------------------------
 T = 904.023, DT = 1, NI = 1, LI = 1, RES = 6.1e-04 (7.2e-08), CFL=1.620 (ELAPSED 00:00:05, REMAINING 00:00:00 )
-------------------------------------------------------------------------------------------------------------
	 #1 (4.1399e-03, 5.3489e-04): lin 1 (0.0e+00)
Composition correction applied in 380 block(s)
-------------------------------------------------------------------------------------------------------------
 T = 905.023, DT = 1, NI = 1, LI = 1, RES = 2.3e-03 (1.1e-07), CFL=1.622 (ELAPSED 00:00:05, REMAINING 00:00:00 )
-------------------------------------------------------------------------------------------------------------
	 #1 (4.1487e-03, 5.3497e-04): lin 1 (0.0e+00)
Composition correction applied in 381 block(s)
-------------------------------------------------------------------------------------------------------------
 T = 906.023, DT = 1, NI = 1, LI = 1, RES = 6.9e-04 (9.0e-04), CFL=1.623 (ELAPSED 00:00:05, REMAINING 00:00:00 )
-------------------------------------------------------------------------------------------------------------
	 #1 (4.1573e-03, 4.5201e-04): lin 1 (0.0e+00)
Composition correction applied in 293 block(s)
-------------------------------------------------------------------------------------------------------------
 T = 907.023, DT = 1, NI = 1, LI = 1, RES = 6.1e-04 (1.5e-06), CFL=1.625 (ELAPSED 00:00:05, REMAINING 00:00:00 )
-------------------------------------------------------------------------------------------------------------
	 #1 (4.1661e-03, 5.3447e-04): lin 1 (0.0e+00)
Composition correction applied in 308 block(s)
-------------------------------------------------------------------------------------------------------------
 T = 908.023, DT = 1, NI = 1, LI = 1, RES = 6.2e-04 (8.0e-08), CFL=1.627 (ELAPSED 00:00:05, REMAINING 00:00:00 )
-------------------------------------------------------------------------------------------------------------
	 #1 (4.1749e-03, 5.2940e-04): lin 1 (0.0e+00)
Composition correction applied in 384 block(s)
-------------------------------------------------------------------------------------------------------------
 T = 909.023, DT = 1, NI = 1, LI = 1, RES = 6.4e-04 (9.4e-08), CFL=1.629 (ELAPSED 00:00:05, REMAINING 00:00:00 )
-------------------------------------------------------------------------------------------------------------
	 #1 (4.1837e-03, 5.2300e-04): lin 1 (0.0e+00)
Composition correction applied in 385 block(s)
-------------------------------------------------------------------------------------------------------------
 T = 910.023, DT = 1, NI = 1, LI = 1, RES = 6.4e-04 (9.3e-08), CFL=1.630 (ELAPSED 00:00:05, REMAINING 00:00:00 )
-------------------------------------------------------------------------------------------------------------
	 #1 (4.1925e-03, 5.1754e-04): lin 1 (0.0e+00)
Composition correction applied in 386 block(s)
Local chop applied in 1 block(s)
-------------------------------------------------------------------------------------------------------------
 T = 911.023, DT = 1, NI = 1, LI = 1, RES = 3.0e-03 (5.8e-08), CFL=1.632 (ELAPSED 00:00:05, REMAINING 00:00:00 )
-------------------------------------------------------------------------------------------------------------
	 #1 (4.2016e-03, 5.1280e-04): lin 1 (0.0e+00)
Composition correction applied in 385 block(s)
-------------------------------------------------------------------------------------------------------------
 T = 912.023, DT = 1, NI = 1, LI = 1, RES = 7.7e-04 (6.0e-08), CFL=1.634 (ELAPSED 00:00:05, REMAINING 00:00:00 )
-------------------------------------------------------------------------------------------------------------
	 #1 (4.2106e-03, 5.0874e-04): lin 1 (0.0e+00)
Composition correction applied in 386 block(s)
-------------------------------------------------------------------------------------------------------------
 T = 913.023, DT = 1, NI = 1, LI = 1, RES = 6.7e-04 (1.3e-07), CFL=1.635 (ELAPSED 00:00:05, REMAINING 00:00:00 )
-------------------------------------------------------------------------------------------------------------
	 #1 (4.2195e-03, 5.0531e-04): lin 1 (0.0e+00)
Composition correction applied in 387 block(s)
-------------------------------------------------------------------------------------------------------------
 T = 914.023, DT = 1, NI = 1, LI = 1, RES = 6.7e-04 (9.1e-08), CFL=1.637 (ELAPSED 00:00:05, REMAINING 00:00:00 )
-------------------------------------------------------------------------------------------------------------
	 #1 (4.2286e-03, 5.0246e-04): lin 1 (0.0e+00)
Composition correction applied in 388 block(s)
-------------------------------------------------------------------------------------------------------------
 T = 915.023, DT = 1, NI = 1, LI = 1, RES = 6.6e-04 (3.4e-04), CFL=1.639 (ELAPSED 00:00:05, REMAINING 00:00:00 )
-------------------------------------------------------------------------------------------------------------
	 #1 (4.2378e-03, 4.4801e-04): lin 1 (0.0e+00)
Composition correction applied in 389 block(s)
-------------------------------------------------------------------------------------------------------------
 T = 916.023, DT = 1, NI = 1, LI = 1, RES = 6.8e-04 (4.7e-03), CFL=1.641 (ELAPSED 00:00:05, REMAINING 00:00:00 )
-------------------------------------------------------------------------------------------------------------
	 #1 (4.2470e-03, 5.0698e-03): lin 1 (0.0e+00)
Composition correction applied in 390 block(s)
-------------------------------------------------------------------------------------------------------------
 T = 917.023, DT = 1, NI = 1, LI = 1, RES = 2.8e-03 (3.0e-06), CFL=1.642 (ELAPSED 00:00:05, REMAINING 00:00:00 )
-------------------------------------------------------------------------------------------------------------
	 #1 (4.2562e-03, 4.9678e-04): lin 1 (0.0e+00)
Composition correction applied in 389 block(s)
-------------------------------------------------------------------------------------------------------------
 T = 918.023, DT = 1, NI = 1, LI = 1, RES = 8.0e-04 (7.4e-08), CFL=2.437 (ELAPSED 00:00:05, REMAINING 00:00:00 )
-------------------------------------------------------------------------------------------------------------
	 #1 (4.2655e-03, 4.9333e-04): lin 1 (0.0e+00)
Composition correction applied in 391 block(s)
-------------------------------------------------------------------------------------------------------------
 T = 919.023, DT = 1, NI = 1, LI = 1, RES = 6.9e-04 (9.7e-08), CFL=1.646 (ELAPSED 00:00:05, REMAINING 00:00:00 )
-------------------------------------------------------------------------------------------------------------
	 #1 (4.2748e-03, 4.9125e-04): lin 1 (0.0e+00)
Composition correction applied in 391 block(s)
-------------------------------------------------------------------------------------------------------------
 T = 920.023, DT = 1, NI = 1, LI = 1, RES = 6.5e-04 (5.7e-08), CFL=1.647 (ELAPSED 00:00:05, REMAINING 00:00:00 )
-------------------------------------------------------------------------------------------------------------
	 #1 (4.2842e-03, 4.8941e-04): lin 1 (0.0e+00)
Composition correction applied in 392 block(s)
-------------------------------------------------------------------------------------------------------------
 T = 921.023, DT = 1, NI = 1, LI = 1, RES = 6.6e-04 (1.0e-07), CFL=1.649 (ELAPSED 00:00:05, REMAINING 00:00:00 )
-------------------------------------------------------------------------------------------------------------
	 #1 (4.2936e-03, 4.8780e-04): lin 1 (0.0e+00)
Composition correction applied in 393 block(s)
-------------------------------------------------------------------------------------------------------------
 T = 922.023, DT = 1, NI = 1, LI = 1, RES = 6.9e-04 (1.1e-07), CFL=1.651 (ELAPSED 00:00:05, REMAINING 00:00:00 )
-------------------------------------------------------------------------------------------------------------
	 #1 (4.3032e-03, 4.8639e-04): lin 1 (0.0e+00)
Composition correction applied in 394 block(s)
-------------------------------------------------------------------------------------------------------------
 T = 923.023, DT = 1, NI = 1, LI = 1, RES = 2.0e-03 (5.8e-08), CFL=1.652 (ELAPSED 00:00:05, REMAINING 00:00:00 )
-------------------------------------------------------------------------------------------------------------
	 #1 (4.3126e-03, 4.8515e-04): lin 1 (0.0e+00)
Composition correction applied in 305 block(s)
-------------------------------------------------------------------------------------------------------------
 T = 924.023, DT = 1, NI = 1, LI = 1, RES = 7.3e-04 (5.9e-08), CFL=1.654 (ELAPSED 00:00:05, REMAINING 00:00:00 )
-------------------------------------------------------------------------------------------------------------
	 #1 (4.3220e-03, 4.8408e-04): lin 1 (0.0e+00)
Composition correction applied in 305 block(s)
-------------------------------------------------------------------------------------------------------------
 T = 925.023, DT = 1, NI = 1, LI = 1, RES = 6.9e-04 (6.0e-08), CFL=1.656 (ELAPSED 00:00:05, REMAINING 00:00:00 )
-------------------------------------------------------------------------------------------------------------
	 #1 (4.3318e-03, 4.8316e-04): lin 1 (0.0e+00)
Composition correction applied in 307 block(s)
-------------------------------------------------------------------------------------------------------------
 T = 926.023, DT = 1, NI = 1, LI = 1, RES = 6.7e-04 (1.2e-07), CFL=1.658 (ELAPSED 00:00:05, REMAINING 00:00:00 )
-------------------------------------------------------------------------------------------------------------
	 #1 (4.3416e-03, 4.8237e-04): lin 1 (0.0e+00)
Composition correction applied in 312 block(s)
-------------------------------------------------------------------------------------------------------------
 T = 927.023, DT = 1, NI = 1, LI = 1, RES = 6.7e-04 (9.2e-08), CFL=1.659 (ELAPSED 00:00:05, REMAINING 00:00:00 )
-------------------------------------------------------------------------------------------------------------
	 #1 (4.3514e-03, 4.8170e-04): lin 1 (0.0e+00)
Composition correction applied in 326 block(s)
-------------------------------------------------------------------------------------------------------------
 T = 928.023, DT = 1, NI = 1, LI = 1, RES = 1.1e-03 (5.7e-08), CFL=1.661 (ELAPSED 00:00:05, REMAINING 00:00:00 )
-------------------------------------------------------------------------------------------------------------
	 #1 (4.3612e-03, 4.8114e-04): lin 1 (0.0e+00)
Composition correction applied in 399 block(s)
-------------------------------------------------------------------------------------------------------------
 T = 929.023, DT = 1, NI = 1, LI = 1, RES = 5.3e-04 (1.2e-07), CFL=1.663 (ELAPSED 00:00:05, REMAINING 00:00:00 )
-------------------------------------------------------------------------------------------------------------
	 #1 (4.3709e-03, 4.8067e-04): lin 1 (0.0e+00)
Composition correction applied in 308 block(s)
-------------------------------------------------------------------------------------------------------------
 T = 930.023, DT = 1, NI = 1, LI = 1, RES = 5.8e-04 (8.1e-08), CFL=1.664 (ELAPSED 00:00:05, REMAINING 00:00:00 )
-------------------------------------------------------------------------------------------------------------
	 #1 (4.3809e-03, 4.8028e-04): lin 1 (0.0e+00)
Composition correction applied in 311 block(s)
-------------------------------------------------------------------------------------------------------------
 T = 931.023, DT = 1, NI = 1, LI = 1, RES = 6.5e-04 (5.6e-08), CFL=1.666 (ELAPSED 00:00:05, REMAINING 00:00:00 )
-------------------------------------------------------------------------------------------------------------
	 #1 (4.3910e-03, 4.7998e-04): lin 1 (0.0e+00)
Composition correction applied in 312 block(s)
-------------------------------------------------------------------------------------------------------------
 T = 932.023, DT = 1, NI = 1, LI = 1, RES = 6.7e-04 (6.8e-08), CFL=1.668 (ELAPSED 00:00:05, REMAINING 00:00:00 )
-------------------------------------------------------------------------------------------------------------
	 #1 (4.4009e-03, 4.7975e-04): lin 1 (0.0e+00)
Composition correction applied in 314 block(s)
-------------------------------------------------------------------------------------------------------------
 T = 933.023, DT = 1, NI = 1, LI = 1, RES = 6.7e-04 (5.7e-08), CFL=1.669 (ELAPSED 00:00:05, REMAINING 00:00:00 )
-------------------------------------------------------------------------------------------------------------
	 #1 (4.4112e-03, 4.7959e-04): lin 1 (0.0e+00)
Composition correction applied in 319 block(s)
Local chop applied in 1 block(s)
-------------------------------------------------------------------------------------------------------------
 T = 934.023, DT = 1, NI = 1, LI = 1, RES = 2.6e-03 (5.8e-08), CFL=1.671 (ELAPSED 00:00:05, REMAINING 00:00:00 )
-------------------------------------------------------------------------------------------------------------
	 #1 (4.4215e-03, 4.7949e-04): lin 1 (0.0e+00)
Composition correction applied in 404 block(s)
-------------------------------------------------------------------------------------------------------------
 T = 935.023, DT = 1, NI = 1, LI = 1, RES = 7.4e-04 (5.7e-08), CFL=1.673 (ELAPSED 00:00:05, REMAINING 00:00:00 )
-------------------------------------------------------------------------------------------------------------
	 #1 (4.4318e-03, 4.7945e-04): lin 1 (0.0e+00)
Composition correction applied in 405 block(s)
-------------------------------------------------------------------------------------------------------------
 T = 936.023, DT = 1, NI = 1, LI = 1, RES = 6.7e-04 (5.5e-08), CFL=1.675 (ELAPSED 00:00:05, REMAINING 00:00:00 )
-------------------------------------------------------------------------------------------------------------
	 #1 (4.4422e-03, 4.7945e-04): lin 1 (0.0e+00)
Composition correction applied in 407 block(s)
-------------------------------------------------------------------------------------------------------------
 T = 937.023, DT = 1, NI = 1, LI = 1, RES = 6.9e-04 (5.9e-08), CFL=1.676 (ELAPSED 00:00:05, REMAINING 00:00:00 )
-------------------------------------------------------------------------------------------------------------
	 #1 (4.4525e-03, 4.7950e-04): lin 1 (0.0e+00)
Composition correction applied in 408 block(s)
-------------------------------------------------------------------------------------------------------------
 T = 938.023, DT = 1, NI = 1, LI = 1, RES = 6.9e-04 (9.5e-08), CFL=1.678 (ELAPSED 00:00:05, REMAINING 00:00:00 )
-------------------------------------------------------------------------------------------------------------
	 #1 (4.4630e-03, 4.7960e-04): lin 1 (0.0e+00)
Composition correction applied in 411 block(s)
-------------------------------------------------------------------------------------------------------------
 T = 939.023, DT = 1, NI = 1, LI = 1, RES = 6.8e-04 (1.2e-07), CFL=1.680 (ELAPSED 00:00:05, REMAINING 00:00:00 )
-------------------------------------------------------------------------------------------------------------
	 #1 (4.4737e-03, 4.7973e-04): lin 1 (0.0e+00)
Composition correction applied in 412 block(s)
-------------------------------------------------------------------------------------------------------------
 T = 940.023, DT = 1, NI = 1, LI = 1, RES = 2.9e-03 (6.7e-08), CFL=1.681 (ELAPSED 00:00:05, REMAINING 00:00:00 )
-------------------------------------------------------------------------------------------------------------
	 #1 (4.4843e-03, 4.7990e-04): lin 1 (0.0e+00)
Composition correction applied in 411 block(s)
-------------------------------------------------------------------------------------------------------------
 T = 941.023, DT = 1, NI = 1, LI = 1, RES = 8.6e-04 (7.8e-08), CFL=2.462 (ELAPSED 00:00:05, REMAINING 00:00:00 )
-------------------------------------------------------------------------------------------------------------
	 #1 (4.4949e-03, 4.8011e-04): lin 1 (0.0e+00)
Composition correction applied in 412 block(s)
-------------------------------------------------------------------------------------------------------------
 T = 942.023, DT = 1, NI = 1, LI = 1, RES = 7.0e-04 (8.7e-08), CFL=1.685 (ELAPSED 00:00:05, REMAINING 00:00:00 )
-------------------------------------------------------------------------------------------------------------
	 #1 (4.5056e-03, 4.8035e-04): lin 1 (0.0e+00)
Composition correction applied in 413 block(s)
-------------------------------------------------------------------------------------------------------------
 T = 943.023, DT = 1, NI = 1, LI = 1, RES = 6.8e-04 (9.8e-08), CFL=1.687 (ELAPSED 00:00:05, REMAINING 00:00:00 )
-------------------------------------------------------------------------------------------------------------
	 #1 (4.5165e-03, 4.8062e-04): lin 1 (0.0e+00)
Composition correction applied in 414 block(s)
-------------------------------------------------------------------------------------------------------------
 T = 944.023, DT = 1, NI = 1, LI = 1, RES = 7.1e-04 (1.1e-07), CFL=1.688 (ELAPSED 00:00:05, REMAINING 00:00:00 )
-------------------------------------------------------------------------------------------------------------
	 #1 (4.5274e-03, 4.8092e-04): lin 1 (0.0e+00)
Composition correction applied in 414 block(s)
-------------------------------------------------------------------------------------------------------------
 T = 945.023, DT = 1, NI = 1, LI = 1, RES = 7.2e-04 (5.7e-08), CFL=1.690 (ELAPSED 00:00:05, REMAINING 00:00:00 )
-------------------------------------------------------------------------------------------------------------
	 #1 (4.5383e-03, 4.8125e-04): lin 1 (0.0e+00)
Composition correction applied in 414 block(s)
-------------------------------------------------------------------------------------------------------------
 T = 946.023, DT = 1, NI = 1, LI = 1, RES = 4.5e-04 (1.0e-07), CFL=1.692 (ELAPSED 00:00:05, REMAINING 00:00:00 )
-------------------------------------------------------------------------------------------------------------
	 #1 (4.5491e-03, 4.8160e-04): lin 1 (0.0e+00)
Composition correction applied in 321 block(s)
-------------------------------------------------------------------------------------------------------------
 T = 947.023, DT = 1, NI = 1, LI = 1, RES = 5.8e-04 (5.8e-08), CFL=1.693 (ELAPSED 00:00:05, REMAINING 00:00:00 )
-------------------------------------------------------------------------------------------------------------
	 #1 (4.5601e-03, 4.8196e-04): lin 1 (0.0e+00)
Composition correction applied in 324 block(s)
-------------------------------------------------------------------------------------------------------------
 T = 948.023, DT = 1, NI = 1, LI = 1, RES = 6.6e-04 (5.8e-08), CFL=1.695 (ELAPSED 00:00:05, REMAINING 00:00:00 )
-------------------------------------------------------------------------------------------------------------
	 #1 (4.5712e-03, 4.8235e-04): lin 1 (0.0e+00)
Composition correction applied in 326 block(s)
-------------------------------------------------------------------------------------------------------------
 T = 949.023, DT = 1, NI = 1, LI = 1, RES = 6.8e-04 (9.2e-08), CFL=1.697 (ELAPSED 00:00:05, REMAINING 00:00:00 )
-------------------------------------------------------------------------------------------------------------
	 #1 (4.5825e-03, 4.8278e-04): lin 1 (0.0e+00)
Composition correction applied in 324 block(s)
-------------------------------------------------------------------------------------------------------------
 T = 950.023, DT = 1, NI = 1, LI = 1, RES = 7.2e-04 (6.0e-08), CFL=1.698 (ELAPSED 00:00:05, REMAINING 00:00:00 )
-------------------------------------------------------------------------------------------------------------
	 #1 (4.5938e-03, 4.8324e-04): lin 1 (0.0e+00)
Composition correction applied in 326 block(s)
Local chop applied in 1 block(s)
-------------------------------------------------------------------------------------------------------------
 T = 951.023, DT = 1, NI = 1, LI = 1, RES = 2.4e-03 (5.8e-08), CFL=1.700 (ELAPSED 00:00:05, REMAINING 00:00:00 )
-------------------------------------------------------------------------------------------------------------
	 #1 (4.6053e-03, 4.8372e-04): lin 1 (0.0e+00)
Composition correction applied in 387 block(s)
-------------------------------------------------------------------------------------------------------------
 T = 952.023, DT = 1, NI = 1, LI = 1, RES = 7.3e-04 (5.8e-08), CFL=1.702 (ELAPSED 00:00:05, REMAINING 00:00:00 )
-------------------------------------------------------------------------------------------------------------
	 #1 (4.6169e-03, 4.8422e-04): lin 1 (0.0e+00)
Composition correction applied in 325 block(s)
-------------------------------------------------------------------------------------------------------------
 T = 953.023, DT = 1, NI = 1, LI = 1, RES = 6.8e-04 (6.1e-08), CFL=1.703 (ELAPSED 00:00:05, REMAINING 00:00:00 )
-------------------------------------------------------------------------------------------------------------
	 #1 (4.6284e-03, 4.8474e-04): lin 1 (0.0e+00)
Composition correction applied in 329 block(s)
-------------------------------------------------------------------------------------------------------------
 T = 954.023, DT = 1, NI = 1, LI = 1, RES = 7.1e-04 (5.8e-08), CFL=1.705 (ELAPSED 00:00:05, REMAINING 00:00:00 )
-------------------------------------------------------------------------------------------------------------
	 #1 (4.6400e-03, 4.8528e-04): lin 1 (0.0e+00)
Composition correction applied in 424 block(s)
-------------------------------------------------------------------------------------------------------------
 T = 955.023, DT = 1, NI = 1, LI = 1, RES = 7.2e-04 (1.1e-07), CFL=1.707 (ELAPSED 00:00:05, REMAINING 00:00:00 )
-------------------------------------------------------------------------------------------------------------
	 #1 (4.6518e-03, 4.8585e-04): lin 1 (0.0e+00)
Composition correction applied in 425 block(s)
-------------------------------------------------------------------------------------------------------------
 T = 956.023, DT = 1, NI = 1, LI = 1, RES = 7.2e-04 (5.8e-08), CFL=1.709 (ELAPSED 00:00:05, REMAINING 00:00:00 )
-------------------------------------------------------------------------------------------------------------
	 #1 (4.6638e-03, 4.8643e-04): lin 1 (0.0e+00)
Composition correction applied in 426 block(s)
-------------------------------------------------------------------------------------------------------------
 T = 957.023, DT = 1, NI = 1, LI = 1, RES = 2.1e-03 (6.3e-08), CFL=1.710 (ELAPSED 00:00:05, REMAINING 00:00:00 )
-------------------------------------------------------------------------------------------------------------
	 #1 (4.6755e-03, 4.8702e-04): lin 1 (0.0e+00)
Composition correction applied in 331 block(s)
-------------------------------------------------------------------------------------------------------------
 T = 958.023, DT = 1, NI = 1, LI = 1, RES = 8.2e-04 (6.2e-08), CFL=1.712 (ELAPSED 00:00:05, REMAINING 00:00:00 )
-------------------------------------------------------------------------------------------------------------
	 #1 (4.6873e-03, 4.8764e-04): lin 1 (0.0e+00)
Composition correction applied in 330 block(s)
-------------------------------------------------------------------------------------------------------------
 T = 959.023, DT = 1, NI = 1, LI = 1, RES = 7.3e-04 (8.4e-08), CFL=1.714 (ELAPSED 00:00:05, REMAINING 00:00:00 )
-------------------------------------------------------------------------------------------------------------
	 #1 (4.6994e-03, 4.8827e-04): lin 1 (0.0e+00)
Composition correction applied in 332 block(s)
-------------------------------------------------------------------------------------------------------------
 T = 960.023, DT = 1, NI = 1, LI = 1, RES = 7.4e-04 (5.8e-08), CFL=1.715 (ELAPSED 00:00:05, REMAINING 00:00:00 )
-------------------------------------------------------------------------------------------------------------
	 #1 (4.7117e-03, 4.8893e-04): lin 1 (0.0e+00)
Composition correction applied in 337 block(s)
-------------------------------------------------------------------------------------------------------------
 T = 961.023, DT = 1, NI = 1, LI = 1, RES = 7.2e-04 (6.0e-08), CFL=1.717 (ELAPSED 00:00:05, REMAINING 00:00:00 )
-------------------------------------------------------------------------------------------------------------
	 #1 (4.7239e-03, 4.8962e-04): lin 1 (0.0e+00)
Composition correction applied in 350 block(s)
Local chop applied in 1 block(s)
-------------------------------------------------------------------------------------------------------------
 T = 962.023, DT = 1, NI = 1, LI = 1, RES = 2.1e-03 (5.8e-08), CFL=1.719 (ELAPSED 00:00:05, REMAINING 00:00:00 )
-------------------------------------------------------------------------------------------------------------
	 #1 (4.7362e-03, 4.9032e-04): lin 1 (0.0e+00)
Composition correction applied in 429 block(s)
-------------------------------------------------------------------------------------------------------------
 T = 963.023, DT = 1, NI = 1, LI = 1, RES = 7.4e-04 (7.5e-08), CFL=1.721 (ELAPSED 00:00:05, REMAINING 00:00:00 )
-------------------------------------------------------------------------------------------------------------
	 #1 (4.7487e-03, 4.9103e-04): lin 1 (0.0e+00)
Composition correction applied in 332 block(s)
-------------------------------------------------------------------------------------------------------------
 T = 964.023, DT = 1, NI = 1, LI = 1, RES = 7.0e-04 (6.1e-08), CFL=1.722 (ELAPSED 00:00:05, REMAINING 00:00:00 )
-------------------------------------------------------------------------------------------------------------
	 #1 (4.7611e-03, 4.9176e-04): lin 1 (0.0e+00)
Composition correction applied in 334 block(s)
-------------------------------------------------------------------------------------------------------------
 T = 965.023, DT = 1, NI = 1, LI = 1, RES = 7.3e-04 (6.2e-08), CFL=1.724 (ELAPSED 00:00:05, REMAINING 00:00:00 )
-------------------------------------------------------------------------------------------------------------
	 #1 (4.7736e-03, 4.9251e-04): lin 1 (0.0e+00)
Composition correction applied in 339 block(s)
-------------------------------------------------------------------------------------------------------------
 T = 966.023, DT = 1, NI = 1, LI = 1, RES = 7.5e-04 (1.2e-07), CFL=1.726 (ELAPSED 00:00:05, REMAINING 00:00:00 )
-------------------------------------------------------------------------------------------------------------
	 #1 (4.7863e-03, 4.9329e-04): lin 1 (0.0e+00)
Composition correction applied in 434 block(s)
-------------------------------------------------------------------------------------------------------------
 T = 967.023, DT = 1, NI = 1, LI = 1, RES = 7.4e-04 (1.1e-07), CFL=1.727 (ELAPSED 00:00:05, REMAINING 00:00:00 )
-------------------------------------------------------------------------------------------------------------
	 #1 (4.7992e-03, 4.9408e-04): lin 1 (0.0e+00)
Composition correction applied in 436 block(s)
-------------------------------------------------------------------------------------------------------------
 T = 968.023, DT = 1, NI = 1, LI = 1, RES = 3.0e-03 (7.8e-08), CFL=1.729 (ELAPSED 00:00:05, REMAINING 00:00:00 )
-------------------------------------------------------------------------------------------------------------
	 #1 (4.8120e-03, 4.9488e-04): lin 1 (0.0e+00)
Composition correction applied in 436 block(s)
-------------------------------------------------------------------------------------------------------------
 T = 969.023, DT = 1, NI = 1, LI = 1, RES = 9.3e-04 (6.4e-08), CFL=2.502 (ELAPSED 00:00:05, REMAINING 00:00:00 )
-------------------------------------------------------------------------------------------------------------
	 #1 (4.8250e-03, 4.9572e-04): lin 1 (0.0e+00)
Composition correction applied in 437 block(s)
-------------------------------------------------------------------------------------------------------------
 T = 970.023, DT = 1, NI = 1, LI = 1, RES = 7.6e-04 (6.1e-08), CFL=1.733 (ELAPSED 00:00:05, REMAINING 00:00:00 )
-------------------------------------------------------------------------------------------------------------
	 #1 (4.8380e-03, 4.9657e-04): lin 1 (0.0e+00)
Composition correction applied in 437 block(s)
-------------------------------------------------------------------------------------------------------------
 T = 971.023, DT = 1, NI = 1, LI = 1, RES = 7.6e-04 (6.3e-08), CFL=1.734 (ELAPSED 00:00:05, REMAINING 00:00:00 )
-------------------------------------------------------------------------------------------------------------
	 #1 (4.8511e-03, 4.9744e-04): lin 1 (0.0e+00)
Composition correction applied in 438 block(s)
-------------------------------------------------------------------------------------------------------------
 T = 972.023, DT = 1, NI = 1, LI = 1, RES = 7.5e-04 (8.7e-08), CFL=1.736 (ELAPSED 00:00:05, REMAINING 00:00:00 )
-------------------------------------------------------------------------------------------------------------
	 #1 (4.8646e-03, 4.9832e-04): lin 1 (0.0e+00)
Composition correction applied in 438 block(s)
-------------------------------------------------------------------------------------------------------------
 T = 973.023, DT = 1, NI = 1, LI = 1, RES = 1.0e-03 (1.1e-07), CFL=1.738 (ELAPSED 00:00:05, REMAINING 00:00:00 )
-------------------------------------------------------------------------------------------------------------
	 #1 (4.8779e-03, 4.9922e-04): lin 1 (0.0e+00)
Composition correction applied in 439 block(s)
-------------------------------------------------------------------------------------------------------------
 T = 974.023, DT = 1, NI = 1, LI = 1, RES = 5.8e-04 (6.4e-08), CFL=1.739 (ELAPSED 00:00:05, REMAINING 00:00:00 )
-------------------------------------------------------------------------------------------------------------
	 #1 (4.8911e-03, 5.0011e-04): lin 1 (0.0e+00)
Composition correction applied in 340 block(s)
-------------------------------------------------------------------------------------------------------------
 T = 975.023, DT = 1, NI = 1, LI = 1, RES = 6.5e-04 (9.1e-08), CFL=1.741 (ELAPSED 00:00:05, REMAINING 00:00:00 )
-------------------------------------------------------------------------------------------------------------
	 #1 (4.9046e-03, 5.0102e-04): lin 1 (0.0e+00)
Composition correction applied in 344 block(s)
-------------------------------------------------------------------------------------------------------------
 T = 976.023, DT = 1, NI = 1, LI = 1, RES = 7.0e-04 (1.1e-07), CFL=1.743 (ELAPSED 00:00:05, REMAINING 00:00:00 )
-------------------------------------------------------------------------------------------------------------
	 #1 (4.9182e-03, 5.0194e-04): lin 1 (0.0e+00)
Composition correction applied in 345 block(s)
-------------------------------------------------------------------------------------------------------------
 T = 977.023, DT = 1, NI = 1, LI = 1, RES = 7.2e-04 (1.2e-07), CFL=1.744 (ELAPSED 00:00:05, REMAINING 00:00:00 )
-------------------------------------------------------------------------------------------------------------
	 #1 (4.9318e-03, 5.0287e-04): lin 1 (0.0e+00)
Composition correction applied in 345 block(s)
-------------------------------------------------------------------------------------------------------------
 T = 978.023, DT = 1, NI = 1, LI = 1, RES = 7.6e-04 (8.9e-08), CFL=1.746 (ELAPSED 00:00:05, REMAINING 00:00:00 )
-------------------------------------------------------------------------------------------------------------
	 #1 (4.9458e-03, 5.0381e-04): lin 1 (0.0e+00)
Composition correction applied in 351 block(s)
-------------------------------------------------------------------------------------------------------------
 T = 979.023, DT = 1, NI = 1, LI = 1, RES = 3.2e-03 (6.5e-08), CFL=1.748 (ELAPSED 00:00:05, REMAINING 00:00:00 )
-------------------------------------------------------------------------------------------------------------
	 #1 (4.9600e-03, 5.0474e-04): lin 1 (0.0e+00)
Composition correction applied in 359 block(s)
-------------------------------------------------------------------------------------------------------------
 T = 980.023, DT = 1, NI = 1, LI = 1, RES = 9.5e-04 (6.4e-08), CFL=2.528 (ELAPSED 00:00:05, REMAINING 00:00:00 )
-------------------------------------------------------------------------------------------------------------
	 #1 (4.9740e-03, 5.0566e-04): lin 1 (0.0e+00)
Composition correction applied in 400 block(s)
-------------------------------------------------------------------------------------------------------------
 T = 981.023, DT = 1, NI = 1, LI = 1, RES = 7.8e-04 (9.9e-08), CFL=1.751 (ELAPSED 00:00:05, REMAINING 00:00:00 )
-------------------------------------------------------------------------------------------------------------
	 #1 (4.9882e-03, 5.0656e-04): lin 1 (0.0e+00)
Composition correction applied in 447 block(s)
-------------------------------------------------------------------------------------------------------------
 T = 982.023, DT = 1, NI = 1, LI = 1, RES = 7.8e-04 (6.5e-08), CFL=1.753 (ELAPSED 00:00:05, REMAINING 00:00:00 )
-------------------------------------------------------------------------------------------------------------
	 #1 (5.0027e-03, 5.0742e-04): lin 1 (0.0e+00)
Composition correction applied in 448 block(s)
-------------------------------------------------------------------------------------------------------------
 T = 983.023, DT = 1, NI = 1, LI = 1, RES = 7.8e-04 (6.4e-08), CFL=1.755 (ELAPSED 00:00:05, REMAINING 00:00:00 )
-------------------------------------------------------------------------------------------------------------
	 #1 (5.0172e-03, 5.0825e-04): lin 1 (0.0e+00)
Composition correction applied in 448 block(s)
-------------------------------------------------------------------------------------------------------------
 T = 984.023, DT = 1, NI = 1, LI = 1, RES = 1.2e-03 (6.5e-08), CFL=1.756 (ELAPSED 00:00:05, REMAINING 00:00:00 )
-------------------------------------------------------------------------------------------------------------
	 #1 (5.0317e-03, 5.0903e-04): lin 1 (0.0e+00)
Composition correction applied in 450 block(s)
-------------------------------------------------------------------------------------------------------------
 T = 985.023, DT = 1, NI = 1, LI = 1, RES = 6.2e-04 (6.2e-08), CFL=1.758 (ELAPSED 00:00:05, REMAINING 00:00:00 )
-------------------------------------------------------------------------------------------------------------
	 #1 (5.0461e-03, 5.0973e-04): lin 1 (0.0e+00)
Composition correction applied in 348 block(s)
-------------------------------------------------------------------------------------------------------------
 T = 986.023, DT = 1, NI = 1, LI = 1, RES = 7.0e-04 (6.2e-08), CFL=1.760 (ELAPSED 00:00:05, REMAINING 00:00:00 )
-------------------------------------------------------------------------------------------------------------
	 #1 (5.0609e-03, 5.2922e-04): lin 1 (0.0e+00)
Composition correction applied in 351 block(s)
-------------------------------------------------------------------------------------------------------------
 T = 987.023, DT = 1, NI = 1, LI = 1, RES = 7.4e-04 (1.1e-07), CFL=1.761 (ELAPSED 00:00:05, REMAINING 00:00:00 )
-------------------------------------------------------------------------------------------------------------
	 #1 (5.0756e-03, 5.5498e-04): lin 1 (0.0e+00)
Composition correction applied in 353 block(s)
-------------------------------------------------------------------------------------------------------------
 T = 988.023, DT = 1, NI = 1, LI = 1, RES = 7.7e-04 (5.8e-08), CFL=1.763 (ELAPSED 00:00:05, REMAINING 00:00:00 )
-------------------------------------------------------------------------------------------------------------
	 #1 (5.0905e-03, 5.8749e-04): lin 1 (0.0e+00)
Composition correction applied in 354 block(s)
-------------------------------------------------------------------------------------------------------------
 T = 989.023, DT = 1, NI = 1, LI = 1, RES = 7.7e-04 (1.1e-07), CFL=1.765 (ELAPSED 00:00:05, REMAINING 00:00:00 )
-------------------------------------------------------------------------------------------------------------
	 #1 (5.1059e-03, 6.2442e-04): lin 1 (0.0e+00)
Composition correction applied in 360 block(s)
-------------------------------------------------------------------------------------------------------------
 T = 990.023, DT = 1, NI = 1, LI = 1, RES = 3.2e-03 (8.9e-04), CFL=1.767 (ELAPSED 00:00:05, REMAINING 00:00:00 )
-------------------------------------------------------------------------------------------------------------
	 #1 (5.1212e-03, 3.9099e-04): lin 1 (0.0e+00)
Composition correction applied in 372 block(s)
-------------------------------------------------------------------------------------------------------------
 T = 991.023, DT = 1, NI = 1, LI = 1, RES = 9.8e-04 (1.9e-06), CFL=2.538 (ELAPSED 00:00:05, REMAINING 00:00:00 )
-------------------------------------------------------------------------------------------------------------
	 #1 (5.1366e-03, 6.6206e-04): lin 1 (0.0e+00)
Composition correction applied in 456 block(s)
-------------------------------------------------------------------------------------------------------------
 T = 992.023, DT = 1, NI = 1, LI = 1, RES = 8.1e-04 (4.7e-08), CFL=1.770 (ELAPSED 00:00:05, REMAINING 00:00:00 )
-------------------------------------------------------------------------------------------------------------
	 #1 (5.1521e-03, 6.5097e-04): lin 1 (0.0e+00)
Composition correction applied in 458 block(s)
-------------------------------------------------------------------------------------------------------------
 T = 993.023, DT = 1, NI = 1, LI = 1, RES = 7.7e-04 (7.8e-08), CFL=1.772 (ELAPSED 00:00:05, REMAINING 00:00:00 )
-------------------------------------------------------------------------------------------------------------
	 #1 (5.1678e-03, 6.4470e-04): lin 1 (0.0e+00)
Composition correction applied in 459 block(s)
-------------------------------------------------------------------------------------------------------------
 T = 994.023, DT = 1, NI = 1, LI = 1, RES = 7.9e-04 (4.9e-08), CFL=1.773 (ELAPSED 00:00:05, REMAINING 00:00:00 )
-------------------------------------------------------------------------------------------------------------
	 #1 (5.1837e-03, 6.3914e-04): lin 1 (0.0e+00)
Composition correction applied in 460 block(s)
-------------------------------------------------------------------------------------------------------------
 T = 995.023, DT = 1, NI = 1, LI = 1, RES = 1.5e-03 (8.0e-08), CFL=1.775 (ELAPSED 00:00:05, REMAINING 00:00:00 )
-------------------------------------------------------------------------------------------------------------
	 #1 (5.1995e-03, 6.3419e-04): lin 1 (0.0e+00)
Composition correction applied in 460 block(s)
-------------------------------------------------------------------------------------------------------------
 T = 996.023, DT = 1, NI = 1, LI = 1, RES = 6.5e-04 (8.9e-08), CFL=1.777 (ELAPSED 00:00:05, REMAINING 00:00:00 )
-------------------------------------------------------------------------------------------------------------
	 #1 (5.2153e-03, 6.2985e-04): lin 1 (0.0e+00)
Composition correction applied in 356 block(s)
-------------------------------------------------------------------------------------------------------------
 T = 997.023, DT = 1, NI = 1, LI = 1, RES = 7.2e-04 (8.1e-08), CFL=1.778 (ELAPSED 00:00:05, REMAINING 00:00:00 )
-------------------------------------------------------------------------------------------------------------
	 #1 (5.2315e-03, 6.2600e-04): lin 1 (0.0e+00)
Composition correction applied in 359 block(s)
-------------------------------------------------------------------------------------------------------------
 T = 998.023, DT = 1, NI = 1, LI = 1, RES = 7.7e-04 (4.5e-08), CFL=1.780 (ELAPSED 00:00:05, REMAINING 00:00:00 )
-------------------------------------------------------------------------------------------------------------
	 #1 (5.2477e-03, 6.2262e-04): lin 1 (0.0e+00)
Composition correction applied in 359 block(s)
-------------------------------------------------------------------------------------------------------------
 T = 999.023, DT = 1, NI = 1, LI = 1, RES = 7.7e-04 (1.1e-07), CFL=1.782 (ELAPSED 00:00:05, REMAINING 00:00:00 )
-------------------------------------------------------------------------------------------------------------
	 #1 (5.1429e-03, 6.0542e-04): lin 1 (0.0e+00)
Composition correction applied in 364 block(s)
-------------------------------------------------------------------------------------------------------------
 T = 1000, DT = 0.977, NI = 1, LI = 1, RES = 7.5e-04 (4.5e-08), CFL=1.742 (ELAPSED 00:00:05, REMAINING 00:00:00 )
-------------------------------------------------------------------------------------------------------------

Total steps 1009 (0) newton 1692 (0) linear 1692 (0)
---OBL Statistics---
Number of operators: 28
Number of points: 200
Number of interpolations: 75656000 
Number of points used: 12071 (0.151%)
Total elapsed 5.994709 sec
	jacobian assembly 2.962167 sec
		interpolation 2.317917 sec
			reservoir 0 interpolation 3.083212 sec
				body generation 2.328983 sec
					point generation 2.310680 sec
			well controls interpolation 0.010907 sec
				body generation 0.008002 sec
					point generation 0.007872 sec
			wellbore interpolation 0.014360 sec
				body generation 0.011109 sec
					point generation 0.011003 sec
	linear solver setup 0.001911 sec
		SUPERLU 0.000473 sec
	linear solver solve 2.640867 sec
		SUPERLU 2.439195 sec
	newton update 0.166809 sec
		composition correction 0.069911 sec
