darts-linear-solvers built on May  1 2023 11:41:06 by lorozco@login04 from GITDIR-NOTFOUND
darts-engines built on 15/05/2023, 14:52:47 by lorozco@login03 from 8e8f836-dirty
darts-package built on 15/05/2023 14:56:21 by lorozco@login03 from 8e8f836-dirty
Building connection list...
Processing mesh: 1000 reservoir blocks, 4 well blocks, 1003 connections
2-phase 2-component non-isothermal flow with kinetic reaction and diffusion CPU engine
Sim params: 
	First ts: 	0.0001
	Max ts: 	5
	Mult ts: 	2
	Max i newton: 	20
	Max i linear: 	50
	Tol newton: 	0.001
	Tol linear: 	1e-06

START SIMULATION
-------------------------------------------------------------------------------------------------------------
Well I1 initialized with wat rate injector
Well P1 initialized with BHP producer
	 #1 (6.7283e+08, 2.7437e+17): lin 1 (0.0e+00)
Composition correction applied in 1004 block(s)
	 #2 (9.0020e-01, 2.0362e+11): lin 1 (0.0e+00)
Composition correction applied in 1004 block(s)
	 #3 (8.0967e+05, 1.8300e+11): lin 1 (0.0e+00)
Composition correction applied in 1003 block(s)
	 #4 (1.8491e-06, 1.5474e+00): lin 1 (0.0e+00)
Composition correction applied in 1003 block(s)
-------------------------------------------------------------------------------------------------------------
 T = 0.0001, DT = 0.0001, NI = 4, LI = 4, RES = 1.1e-07 (2.5e-04), CFL=0.002 (ELAPSED 00:00:00 )
-------------------------------------------------------------------------------------------------------------
	 #1 (2.0000e+00, 1.0876e+03): lin 1 (0.0e+00)
Composition correction applied in 19 block(s)
	 #2 (2.3519e-05, 1.0962e-01): lin 1 (0.0e+00)
Composition correction applied in 18 block(s)
-------------------------------------------------------------------------------------------------------------
 T = 0.0003, DT = 0.0002, NI = 2, LI = 2, RES = 1.4e-10 (6.7e-04), CFL=0.007 (ELAPSED 00:00:00 )
-------------------------------------------------------------------------------------------------------------
	 #1 (1.3330e+00, 2.8822e+00): lin 1 (0.0e+00)
Composition correction applied in 26 block(s)
	 #2 (3.0508e-05, 1.1665e-01): lin 1 (0.0e+00)
Composition correction applied in 25 block(s)
-------------------------------------------------------------------------------------------------------------
 T = 0.0007, DT = 0.0004, NI = 2, LI = 2, RES = 1.4e-10 (2.9e-04), CFL=0.014 (ELAPSED 00:00:00 )
-------------------------------------------------------------------------------------------------------------
	 #1 (1.1427e+00, 2.6261e+00): lin 1 (0.0e+00)
Composition correction applied in 36 block(s)
	 #2 (1.5924e-03, 7.9960e-02): lin 1 (0.0e+00)
Composition correction applied in 36 block(s)
-------------------------------------------------------------------------------------------------------------
 T = 0.0015, DT = 0.0008, NI = 2, LI = 2, RES = 2.7e-11 (2.7e-04), CFL=0.024 (ELAPSED 00:00:00 )
-------------------------------------------------------------------------------------------------------------
	 #1 (1.0666e+00, 2.7434e+00): lin 1 (0.0e+00)
Composition correction applied in 51 block(s)
	 #2 (1.8926e-03, 5.0244e-02): lin 1 (0.0e+00)
Composition correction applied in 49 block(s)
-------------------------------------------------------------------------------------------------------------
 T = 0.0031, DT = 0.0016, NI = 2, LI = 2, RES = 4.6e-11 (5.2e-04), CFL=0.037 (ELAPSED 00:00:00 )
-------------------------------------------------------------------------------------------------------------
	 #1 (1.0322e+00, 1.9385e+00): lin 1 (0.0e+00)
Composition correction applied in 72 block(s)
	 #2 (2.9629e-03, 3.7921e-02): lin 1 (0.0e+00)
Composition correction applied in 70 block(s)
-------------------------------------------------------------------------------------------------------------
 T = 0.0063, DT = 0.0032, NI = 2, LI = 2, RES = 1.1e-10 (2.6e-04), CFL=0.053 (ELAPSED 00:00:00 )
-------------------------------------------------------------------------------------------------------------
	 #1 (1.0159e+00, 8.2896e-01): lin 1 (0.0e+00)
Composition correction applied in 102 block(s)
	 #2 (7.0039e-03, 3.3610e-02): lin 1 (0.0e+00)
Composition correction applied in 98 block(s)
-------------------------------------------------------------------------------------------------------------
 T = 0.0127, DT = 0.0064, NI = 2, LI = 2, RES = 5.8e-10 (5.1e-04), CFL=0.076 (ELAPSED 00:00:00 )
-------------------------------------------------------------------------------------------------------------
	 #1 (1.0079e+00, 4.2765e-01): lin 1 (0.0e+00)
Composition correction applied in 145 block(s)
	 #2 (1.4732e-02, 3.1944e-02): lin 1 (0.0e+00)
Composition correction applied in 141 block(s)
-------------------------------------------------------------------------------------------------------------
 T = 0.0255, DT = 0.0128, NI = 2, LI = 2, RES = 2.6e-09 (2.5e-04), CFL=0.108 (ELAPSED 00:00:00 )
-------------------------------------------------------------------------------------------------------------
	 #1 (1.0039e+00, 2.9988e-01): lin 1 (0.0e+00)
Composition correction applied in 207 block(s)
	 #2 (2.8638e-02, 3.1222e-02): lin 1 (0.0e+00)
Composition correction applied in 202 block(s)
-------------------------------------------------------------------------------------------------------------
 T = 0.0511, DT = 0.0256, NI = 2, LI = 2, RES = 7.3e-05 (5.1e-04), CFL=0.153 (ELAPSED 00:00:00 )
-------------------------------------------------------------------------------------------------------------
	 #1 (1.0019e+00, 2.1303e-01): lin 1 (0.0e+00)
Composition correction applied in 295 block(s)
Local chop applied in 1 block(s)
	 #2 (3.2641e-02, 3.0899e-02): lin 1 (0.0e+00)
Composition correction applied in 287 block(s)
-------------------------------------------------------------------------------------------------------------
 T = 0.1023, DT = 0.0512, NI = 2, LI = 2, RES = 2.4e-04 (5.1e-04), CFL=0.217 (ELAPSED 00:00:00 )
-------------------------------------------------------------------------------------------------------------
	 #1 (1.0007e+00, 1.5085e-01): lin 1 (0.0e+00)
Composition correction applied in 421 block(s)
Local chop applied in 1 block(s)
	 #2 (2.0461e-01, 3.0760e-02): lin 1 (0.0e+00)
Composition correction applied in 411 block(s)
	 #3 (1.0736e-02, 2.4948e-04): lin 1 (0.0e+00)
Composition correction applied in 416 block(s)
-------------------------------------------------------------------------------------------------------------
 T = 0.2047, DT = 0.1024, NI = 3, LI = 3, RES = 5.5e-05 (5.1e-04), CFL=0.307 (ELAPSED 00:00:00 )
-------------------------------------------------------------------------------------------------------------
	 #1 (1.0003e+00, 1.3822e-01): lin 1 (0.0e+00)
Composition correction applied in 474 block(s)
Local chop applied in 1 block(s)
	 #2 (3.5159e-01, 3.0710e-02): lin 1 (0.0e+00)
Composition correction applied in 474 block(s)
	 #3 (4.0916e-02, 2.4184e-04): lin 1 (0.0e+00)
Composition correction applied in 474 block(s)
-------------------------------------------------------------------------------------------------------------
 T = 0.4095, DT = 0.2048, NI = 3, LI = 3, RES = 8.0e-04 (2.5e-04), CFL=0.435 (ELAPSED 00:00:00 )
-------------------------------------------------------------------------------------------------------------
	 #1 (9.9935e-01, 2.6631e-01): lin 1 (0.0e+00)
Composition correction applied in 467 block(s)
Local chop applied in 1 block(s)
	 #2 (3.8865e-01, 3.0702e-02): lin 1 (0.0e+00)
Composition correction applied in 467 block(s)
Local chop applied in 1 block(s)
	 #3 (5.4711e-02, 4.7854e-04): lin 1 (0.0e+00)
Composition correction applied in 467 block(s)
	 #4 (1.7548e-03, 2.5158e-04): lin 1 (0.0e+00)
Composition correction applied in 467 block(s)
-------------------------------------------------------------------------------------------------------------
 T = 0.8191, DT = 0.4096, NI = 4, LI = 4, RES = 3.2e-09 (2.5e-04), CFL=1.000 (ELAPSED 00:00:00 )
-------------------------------------------------------------------------------------------------------------
	 #1 (9.9857e-01, 4.9703e-01): lin 1 (0.0e+00)
Composition correction applied in 459 block(s)
Local chop applied in 1 block(s)
	 #2 (2.9153e-01, 3.0720e-02): lin 1 (0.0e+00)
Composition correction applied in 459 block(s)
	 #3 (5.8448e-02, 4.7948e-04): lin 1 (0.0e+00)
Composition correction applied in 459 block(s)
	 #4 (3.2895e-03, 2.5128e-04): lin 1 (0.0e+00)
Composition correction applied in 459 block(s)
-------------------------------------------------------------------------------------------------------------
 T = 1.6383, DT = 0.8192, NI = 4, LI = 4, RES = 6.1e-05 (2.5e-04), CFL=0.970 (ELAPSED 00:00:00 )
-------------------------------------------------------------------------------------------------------------
	 #1 (9.8293e-01, 8.7375e-01): lin 1 (0.0e+00)
Composition correction applied in 453 block(s)
Local chop applied in 2 block(s)
	 #2 (2.5005e-01, 3.0757e-02): lin 1 (0.0e+00)
Composition correction applied in 453 block(s)
Local chop applied in 1 block(s)
	 #3 (2.1480e-01, 3.0146e-04): lin 1 (0.0e+00)
Composition correction applied in 452 block(s)
Local chop applied in 1 block(s)
	 #4 (1.5132e-01, 2.8804e-04): lin 1 (0.0e+00)
Composition correction applied in 452 block(s)
Local chop applied in 1 block(s)
	 #5 (1.1102e-01, 2.7725e-04): lin 1 (0.0e+00)
Composition correction applied in 452 block(s)
Local chop applied in 1 block(s)
	 #6 (5.7566e-02, 2.6462e-04): lin 1 (0.0e+00)
Composition correction applied in 451 block(s)
	 #7 (1.1968e-02, 5.0115e-04): lin 1 (0.0e+00)
Composition correction applied in 451 block(s)
-------------------------------------------------------------------------------------------------------------
 T = 3.2767, DT = 1.6384, NI = 7, LI = 7, RES = 3.7e-04 (5.1e-04), CFL=1.232 (ELAPSED 00:00:00 )
-------------------------------------------------------------------------------------------------------------
	 #1 (8.8136e-01, 1.3894e+00): lin 1 (0.0e+00)
Composition correction applied in 444 block(s)
Local chop applied in 2 block(s)
	 #2 (9.8388e-01, 3.0797e-02): lin 1 (0.0e+00)
Composition correction applied in 444 block(s)
Local chop applied in 2 block(s)
	 #3 (5.3310e-01, 3.5132e-04): lin 1 (0.0e+00)
Composition correction applied in 445 block(s)
Local chop applied in 2 block(s)
	 #4 (3.1061e-01, 5.5549e-04): lin 1 (0.0e+00)
Composition correction applied in 444 block(s)
Local chop applied in 1 block(s)
	 #5 (1.5175e-01, 5.5506e-04): lin 1 (0.0e+00)
Composition correction applied in 444 block(s)
Local chop applied in 1 block(s)
	 #6 (1.2064e-01, 2.7250e-04): lin 1 (0.0e+00)
Composition correction applied in 443 block(s)
Local chop applied in 1 block(s)
	 #7 (8.1133e-02, 2.6556e-04): lin 1 (0.0e+00)
Composition correction applied in 442 block(s)
Local chop applied in 1 block(s)
	 #8 (2.1836e-02, 2.5568e-04): lin 1 (0.0e+00)
Composition correction applied in 442 block(s)
	 #9 (1.7082e-03, 2.5183e-04): lin 1 (0.0e+00)
Composition correction applied in 442 block(s)
-------------------------------------------------------------------------------------------------------------
 T = 6.5535, DT = 3.2768, NI = 9, LI = 9, RES = 2.1e-07 (2.5e-04), CFL=1.743 (ELAPSED 00:00:00 )
-------------------------------------------------------------------------------------------------------------
	 #1 (7.8268e-01, 1.4959e+00): lin 1 (0.0e+00)
Composition correction applied in 439 block(s)
Local chop applied in 2 block(s)
	 #2 (1.1608e+00, 4.6458e-02): lin 1 (0.0e+00)
Composition correction applied in 440 block(s)
Local chop applied in 2 block(s)
	 #3 (6.3027e-01, 2.9612e-04): lin 1 (0.0e+00)
Composition correction applied in 439 block(s)
Local chop applied in 1 block(s)
	 #4 (4.3427e-01, 5.3495e-04): lin 1 (0.0e+00)
Composition correction applied in 439 block(s)
Local chop applied in 1 block(s)
	 #5 (3.5571e-01, 2.6234e-04): lin 1 (0.0e+00)
Composition correction applied in 439 block(s)
Local chop applied in 1 block(s)
	 #6 (3.3302e-01, 2.5871e-04): lin 1 (0.0e+00)
Composition correction applied in 439 block(s)
Local chop applied in 1 block(s)
	 #7 (3.0043e-01, 2.5424e-04): lin 1 (0.0e+00)
Composition correction applied in 438 block(s)
Local chop applied in 1 block(s)
	 #8 (2.4812e-01, 2.4713e-04): lin 1 (0.0e+00)
Composition correction applied in 438 block(s)
Local chop applied in 2 block(s)
	 #9 (1.4844e-01, 2.3577e-04): lin 1 (0.0e+00)
Composition correction applied in 437 block(s)
Local chop applied in 2 block(s)
	 #10 (1.0582e-01, 2.1633e-04): lin 1 (0.0e+00)
Composition correction applied in 437 block(s)
Local chop applied in 1 block(s)
	 #11 (2.5907e-02, 2.1957e-04): lin 1 (0.0e+00)
Composition correction applied in 437 block(s)
Local chop applied in 1 block(s)
	 #12 (1.0693e-03, 2.1827e-04): lin 1 (0.0e+00)
Composition correction applied in 437 block(s)
-------------------------------------------------------------------------------------------------------------
 T = 11.5535, DT = 5, NI = 12, LI = 12, RES = 7.7e-06 (2.2e-04), CFL=2.237 (ELAPSED 00:00:00, REMAINING 00:00:16 )
-------------------------------------------------------------------------------------------------------------
	 #1 (4.8509e-01, 1.0137e+00): lin 1 (0.0e+00)
Composition correction applied in 438 block(s)
Local chop applied in 2 block(s)
	 #2 (7.3938e-01, 2.7618e-02): lin 1 (0.0e+00)
Composition correction applied in 436 block(s)
Local chop applied in 1 block(s)
	 #3 (4.3418e-01, 1.9374e-04): lin 1 (0.0e+00)
Composition correction applied in 436 block(s)
Local chop applied in 2 block(s)
	 #4 (6.2837e-01, 3.5090e-04): lin 1 (0.0e+00)
Composition correction applied in 437 block(s)
Local chop applied in 2 block(s)
	 #5 (2.0648e-01, 1.6934e-04): lin 1 (0.0e+00)
Composition correction applied in 436 block(s)
Local chop applied in 1 block(s)
	 #6 (1.8010e-01, 3.2293e-04): lin 1 (0.0e+00)
Composition correction applied in 436 block(s)
Local chop applied in 1 block(s)
	 #7 (1.0354e-01, 1.5939e-04): lin 1 (0.0e+00)
Composition correction applied in 436 block(s)
Local chop applied in 1 block(s)
	 #8 (8.1372e-02, 1.5773e-04): lin 1 (0.0e+00)
Composition correction applied in 434 block(s)
Local chop applied in 1 block(s)
	 #9 (4.7024e-02, 3.1194e-04): lin 1 (0.0e+00)
Composition correction applied in 434 block(s)
Local chop applied in 1 block(s)
	 #10 (1.1364e-02, 1.5170e-04): lin 1 (0.0e+00)
Composition correction applied in 434 block(s)
-------------------------------------------------------------------------------------------------------------
 T = 16.5535, DT = 5, NI = 10, LI = 10, RES = 5.9e-04 (1.5e-04), CFL=2.423 (ELAPSED 00:00:00, REMAINING 00:00:12 )
-------------------------------------------------------------------------------------------------------------
	 #1 (3.7258e-01, 7.1368e-01): lin 1 (0.0e+00)
Composition correction applied in 436 block(s)
Local chop applied in 2 block(s)
	 #2 (6.9732e-01, 1.7887e-02): lin 1 (0.0e+00)
Composition correction applied in 436 block(s)
Local chop applied in 2 block(s)
	 #3 (9.5638e-01, 1.2757e-04): lin 1 (0.0e+00)
Composition correction applied in 435 block(s)
Local chop applied in 1 block(s)
	 #4 (3.8308e-01, 2.5686e-04): lin 1 (0.0e+00)
Composition correction applied in 435 block(s)
Local chop applied in 1 block(s)
	 #5 (2.1883e-01, 2.5478e-04): lin 1 (0.0e+00)
Composition correction applied in 435 block(s)
Local chop applied in 1 block(s)
	 #6 (2.0261e-01, 1.2645e-04): lin 1 (0.0e+00)
Composition correction applied in 434 block(s)
Local chop applied in 1 block(s)
	 #7 (1.7460e-01, 2.5113e-04): lin 1 (0.0e+00)
Composition correction applied in 434 block(s)
Local chop applied in 2 block(s)
	 #8 (1.2549e-01, 1.2258e-04): lin 1 (0.0e+00)
Composition correction applied in 433 block(s)
Local chop applied in 2 block(s)
	 #9 (2.8610e-02, 1.1872e-04): lin 1 (0.0e+00)
Composition correction applied in 433 block(s)
Local chop applied in 1 block(s)
	 #10 (1.2939e-02, 2.3568e-04): lin 1 (0.0e+00)
Composition correction applied in 433 block(s)
Local chop applied in 1 block(s)
-------------------------------------------------------------------------------------------------------------
 T = 21.5535, DT = 5, NI = 10, LI = 10, RES = 1.8e-04 (1.2e-04), CFL=2.277 (ELAPSED 00:00:00, REMAINING 00:00:11 )
-------------------------------------------------------------------------------------------------------------
	 #1 (3.1537e-01, 5.0957e-01): lin 1 (0.0e+00)
Composition correction applied in 437 block(s)
Local chop applied in 2 block(s)
	 #2 (5.3799e-01, 1.1379e-02): lin 1 (0.0e+00)
Composition correction applied in 435 block(s)
Local chop applied in 1 block(s)
	 #3 (3.3195e-01, 1.0955e-04): lin 1 (0.0e+00)
Composition correction applied in 435 block(s)
Local chop applied in 2 block(s)
	 #4 (5.9447e-01, 2.0562e-04): lin 1 (0.0e+00)
Composition correction applied in 436 block(s)
Local chop applied in 2 block(s)
	 #5 (2.6915e-01, 1.0205e-04): lin 1 (0.0e+00)
Composition correction applied in 435 block(s)
Local chop applied in 2 block(s)
	 #6 (1.7976e-01, 1.9592e-04): lin 1 (0.0e+00)
Composition correction applied in 435 block(s)
Local chop applied in 1 block(s)
	 #7 (7.1744e-02, 9.7479e-05): lin 1 (0.0e+00)
Composition correction applied in 435 block(s)
Local chop applied in 1 block(s)
	 #8 (5.8139e-02, 9.6884e-05): lin 1 (0.0e+00)
Composition correction applied in 434 block(s)
Local chop applied in 1 block(s)
	 #9 (3.9333e-02, 1.9321e-04): lin 1 (0.0e+00)
Composition correction applied in 433 block(s)
Local chop applied in 1 block(s)
	 #10 (1.0195e-02, 9.5284e-05): lin 1 (0.0e+00)
Composition correction applied in 433 block(s)
-------------------------------------------------------------------------------------------------------------
 T = 26.5535, DT = 5, NI = 10, LI = 10, RES = 7.8e-04 (1.9e-04), CFL=2.409 (ELAPSED 00:00:00, REMAINING 00:00:10 )
-------------------------------------------------------------------------------------------------------------
	 #1 (2.7883e-01, 3.6608e-01): lin 1 (0.0e+00)
Composition correction applied in 437 block(s)
Local chop applied in 2 block(s)
	 #2 (5.7770e-01, 7.7228e-03): lin 1 (0.0e+00)
Composition correction applied in 437 block(s)
Local chop applied in 2 block(s)
	 #3 (4.1799e-01, 8.6590e-05): lin 1 (0.0e+00)
Composition correction applied in 436 block(s)
Local chop applied in 1 block(s)
	 #4 (2.2218e-01, 8.4174e-05): lin 1 (0.0e+00)
Composition correction applied in 436 block(s)
Local chop applied in 1 block(s)
	 #5 (1.5535e-01, 8.4055e-05): lin 1 (0.0e+00)
Composition correction applied in 436 block(s)
Local chop applied in 1 block(s)
	 #6 (1.4242e-01, 8.3635e-05): lin 1 (0.0e+00)
Composition correction applied in 435 block(s)
Local chop applied in 1 block(s)
	 #7 (1.2314e-01, 1.6682e-04): lin 1 (0.0e+00)
Composition correction applied in 435 block(s)
Local chop applied in 2 block(s)
	 #8 (9.1473e-02, 8.2207e-05): lin 1 (0.0e+00)
Composition correction applied in 434 block(s)
Local chop applied in 2 block(s)
	 #9 (3.1053e-02, 8.0764e-05): lin 1 (0.0e+00)
Composition correction applied in 434 block(s)
Local chop applied in 1 block(s)
	 #10 (6.3246e-03, 7.9857e-05): lin 1 (0.0e+00)
Composition correction applied in 434 block(s)
-------------------------------------------------------------------------------------------------------------
 T = 31.5535, DT = 5, NI = 10, LI = 10, RES = 8.3e-05 (8.0e-05), CFL=2.343 (ELAPSED 00:00:00, REMAINING 00:00:10 )
-------------------------------------------------------------------------------------------------------------
	 #1 (2.6085e-01, 2.6416e-01): lin 1 (0.0e+00)
Composition correction applied in 438 block(s)
Local chop applied in 2 block(s)
	 #2 (3.0860e-01, 5.0429e-03): lin 1 (0.0e+00)
Composition correction applied in 437 block(s)
Local chop applied in 1 block(s)
	 #3 (2.4664e-01, 1.4888e-04): lin 1 (0.0e+00)
Composition correction applied in 436 block(s)
Local chop applied in 1 block(s)
	 #4 (2.1707e-01, 7.3639e-05): lin 1 (0.0e+00)
Composition correction applied in 436 block(s)
Local chop applied in 2 block(s)
	 #5 (1.8601e-01, 7.2956e-05): lin 1 (0.0e+00)
Composition correction applied in 436 block(s)
Local chop applied in 2 block(s)
	 #6 (1.5186e-01, 7.1631e-05): lin 1 (0.0e+00)
Composition correction applied in 436 block(s)
Local chop applied in 2 block(s)
	 #7 (1.1510e-01, 6.9709e-05): lin 1 (0.0e+00)
Composition correction applied in 435 block(s)
Local chop applied in 1 block(s)
	 #8 (4.3596e-02, 1.3986e-04): lin 1 (0.0e+00)
Composition correction applied in 435 block(s)
Local chop applied in 1 block(s)
	 #9 (3.0233e-02, 1.3967e-04): lin 1 (0.0e+00)
Composition correction applied in 435 block(s)
Local chop applied in 1 block(s)
	 #10 (1.4634e-02, 6.9259e-05): lin 1 (0.0e+00)
Composition correction applied in 434 block(s)
	 #11 (2.8849e-03, 6.8891e-05): lin 1 (0.0e+00)
Composition correction applied in 434 block(s)
-------------------------------------------------------------------------------------------------------------
 T = 36.5535, DT = 5, NI = 11, LI = 11, RES = 8.1e-05 (6.9e-05), CFL=2.365 (ELAPSED 00:00:00, REMAINING 00:00:10 )
-------------------------------------------------------------------------------------------------------------
	 #1 (2.5012e-01, 1.9145e-01): lin 1 (0.0e+00)
Composition correction applied in 439 block(s)
Local chop applied in 2 block(s)
	 #2 (5.0327e-01, 3.4509e-03): lin 1 (0.0e+00)
Composition correction applied in 439 block(s)
Local chop applied in 2 block(s)
	 #3 (2.1202e-01, 6.5021e-05): lin 1 (0.0e+00)
Composition correction applied in 438 block(s)
Local chop applied in 1 block(s)
	 #4 (2.3154e-01, 6.2324e-05): lin 1 (0.0e+00)
Composition correction applied in 438 block(s)
Local chop applied in 1 block(s)
	 #5 (1.1555e-01, 6.2665e-05): lin 1 (0.0e+00)
Composition correction applied in 438 block(s)
Local chop applied in 1 block(s)
	 #6 (1.0113e-01, 1.2524e-04): lin 1 (0.0e+00)
Composition correction applied in 438 block(s)
Local chop applied in 1 block(s)
	 #7 (8.6103e-02, 6.2136e-05): lin 1 (0.0e+00)
Composition correction applied in 437 block(s)
Local chop applied in 1 block(s)
	 #8 (6.2525e-02, 6.1688e-05): lin 1 (0.0e+00)
Composition correction applied in 436 block(s)
Local chop applied in 2 block(s)
	 #9 (2.0541e-02, 1.2250e-04): lin 1 (0.0e+00)
Composition correction applied in 436 block(s)
	 #10 (3.3992e-03, 6.0616e-05): lin 1 (0.0e+00)
Composition correction applied in 436 block(s)
-------------------------------------------------------------------------------------------------------------
 T = 41.5535, DT = 5, NI = 10, LI = 10, RES = 4.0e-05 (6.1e-05), CFL=2.399 (ELAPSED 00:00:00, REMAINING 00:00:10 )
-------------------------------------------------------------------------------------------------------------
	 #1 (2.3959e-01, 1.3943e-01): lin 1 (0.0e+00)
Composition correction applied in 442 block(s)
Local chop applied in 2 block(s)
	 #2 (3.1485e-01, 2.3042e-03): lin 1 (0.0e+00)
Composition correction applied in 441 block(s)
Local chop applied in 1 block(s)
	 #3 (2.5020e-01, 5.7086e-05): lin 1 (0.0e+00)
Composition correction applied in 441 block(s)
Local chop applied in 1 block(s)
	 #4 (1.9412e-01, 1.1419e-04): lin 1 (0.0e+00)
Composition correction applied in 441 block(s)
Local chop applied in 1 block(s)
	 #5 (1.7013e-01, 5.6607e-05): lin 1 (0.0e+00)
Composition correction applied in 440 block(s)
Local chop applied in 1 block(s)
	 #6 (1.4537e-01, 5.6182e-05): lin 1 (0.0e+00)
Composition correction applied in 440 block(s)
Local chop applied in 2 block(s)
	 #7 (9.8469e-02, 5.5604e-05): lin 1 (0.0e+00)
Composition correction applied in 439 block(s)
Local chop applied in 2 block(s)
	 #8 (4.5979e-02, 5.4485e-05): lin 1 (0.0e+00)
Composition correction applied in 439 block(s)
Local chop applied in 1 block(s)
	 #9 (2.2552e-02, 1.0932e-04): lin 1 (0.0e+00)
Composition correction applied in 439 block(s)
Local chop applied in 1 block(s)
	 #10 (1.3014e-02, 1.0905e-04): lin 1 (0.0e+00)
Composition correction applied in 439 block(s)
Local chop applied in 1 block(s)
	 #11 (3.8002e-03, 5.4147e-05): lin 1 (0.0e+00)
Composition correction applied in 438 block(s)
-------------------------------------------------------------------------------------------------------------
 T = 46.5535, DT = 5, NI = 11, LI = 11, RES = 3.0e-06 (1.1e-04), CFL=2.283 (ELAPSED 00:00:00, REMAINING 00:00:09 )
-------------------------------------------------------------------------------------------------------------
	 #1 (2.3055e-01, 1.0214e-01): lin 1 (0.0e+00)
Composition correction applied in 443 block(s)
Local chop applied in 1 block(s)
	 #2 (4.5435e-01, 1.6197e-03): lin 1 (0.0e+00)
Composition correction applied in 442 block(s)
Local chop applied in 2 block(s)
	 #3 (2.6158e-01, 5.2249e-05): lin 1 (0.0e+00)
Composition correction applied in 443 block(s)
Local chop applied in 2 block(s)
	 #4 (2.2299e-01, 5.0534e-05): lin 1 (0.0e+00)
Composition correction applied in 442 block(s)
Local chop applied in 1 block(s)
	 #5 (1.0282e-01, 1.0028e-04): lin 1 (0.0e+00)
Composition correction applied in 442 block(s)
Local chop applied in 1 block(s)
	 #6 (7.3544e-02, 4.9840e-05): lin 1 (0.0e+00)
Composition correction applied in 442 block(s)
Local chop applied in 1 block(s)
	 #7 (6.1764e-02, 9.9617e-05): lin 1 (0.0e+00)
Composition correction applied in 441 block(s)
Local chop applied in 1 block(s)
	 #8 (4.4048e-02, 4.9422e-05): lin 1 (0.0e+00)
Composition correction applied in 440 block(s)
Local chop applied in 1 block(s)
	 #9 (1.4945e-02, 4.9075e-05): lin 1 (0.0e+00)
Composition correction applied in 440 block(s)
	 #10 (2.3316e-03, 9.8105e-05): lin 1 (0.0e+00)
Composition correction applied in 440 block(s)
-------------------------------------------------------------------------------------------------------------
 T = 51.5535, DT = 5, NI = 10, LI = 10, RES = 3.3e-05 (9.8e-05), CFL=2.425 (ELAPSED 00:00:00, REMAINING 00:00:09 )
-------------------------------------------------------------------------------------------------------------
	 #1 (2.2161e-01, 7.5378e-02): lin 1 (0.0e+00)
Composition correction applied in 447 block(s)
Local chop applied in 2 block(s)
	 #2 (3.9184e-01, 1.0847e-03): lin 1 (0.0e+00)
Composition correction applied in 447 block(s)
Local chop applied in 1 block(s)
	 #3 (7.3005e-01, 4.5761e-05): lin 1 (0.0e+00)
Composition correction applied in 446 block(s)
Local chop applied in 2 block(s)
	 #4 (2.8257e-01, 9.3761e-05): lin 1 (0.0e+00)
Composition correction applied in 446 block(s)
Local chop applied in 1 block(s)
	 #5 (2.4765e-01, 4.5874e-05): lin 1 (0.0e+00)
Composition correction applied in 446 block(s)
Local chop applied in 1 block(s)
	 #6 (1.3586e-01, 9.2068e-05): lin 1 (0.0e+00)
Composition correction applied in 445 block(s)
Local chop applied in 1 block(s)
	 #7 (1.0685e-01, 9.1676e-05): lin 1 (0.0e+00)
Composition correction applied in 445 block(s)
Local chop applied in 2 block(s)
	 #8 (6.6013e-02, 4.5271e-05): lin 1 (0.0e+00)
Composition correction applied in 444 block(s)
Local chop applied in 2 block(s)
	 #9 (3.9453e-02, 8.9417e-05): lin 1 (0.0e+00)
Composition correction applied in 444 block(s)
Local chop applied in 1 block(s)
	 #10 (9.7112e-03, 8.9594e-05): lin 1 (0.0e+00)
Composition correction applied in 444 block(s)
Local chop applied in 1 block(s)
-------------------------------------------------------------------------------------------------------------
 T = 56.5535, DT = 5, NI = 10, LI = 10, RES = 2.7e-04 (8.9e-05), CFL=2.252 (ELAPSED 00:00:00, REMAINING 00:00:09 )
-------------------------------------------------------------------------------------------------------------
	 #1 (2.1397e-01, 5.6127e-02): lin 1 (0.0e+00)
Composition correction applied in 450 block(s)
Local chop applied in 2 block(s)
	 #2 (3.8624e-01, 7.4157e-04): lin 1 (0.0e+00)
Composition correction applied in 448 block(s)
Local chop applied in 1 block(s)
	 #3 (2.1067e-01, 8.7047e-05): lin 1 (0.0e+00)
Composition correction applied in 448 block(s)
Local chop applied in 2 block(s)
	 #4 (3.5123e-01, 8.4815e-05): lin 1 (0.0e+00)
Composition correction applied in 449 block(s)
Local chop applied in 2 block(s)
	 #5 (1.7777e-01, 4.1971e-05): lin 1 (0.0e+00)
Composition correction applied in 448 block(s)
Local chop applied in 1 block(s)
	 #6 (8.9004e-02, 4.1459e-05): lin 1 (0.0e+00)
Composition correction applied in 448 block(s)
Local chop applied in 1 block(s)
	 #7 (4.4751e-02, 4.1368e-05): lin 1 (0.0e+00)
Composition correction applied in 447 block(s)
Local chop applied in 1 block(s)
	 #8 (3.2850e-02, 8.2789e-05): lin 1 (0.0e+00)
Composition correction applied in 446 block(s)
Local chop applied in 1 block(s)
	 #9 (1.4857e-02, 4.1083e-05): lin 1 (0.0e+00)
Composition correction applied in 446 block(s)
	 #10 (3.1048e-03, 4.0928e-05): lin 1 (0.0e+00)
Composition correction applied in 446 block(s)
-------------------------------------------------------------------------------------------------------------
 T = 61.5535, DT = 5, NI = 10, LI = 10, RES = 1.0e-04 (4.1e-05), CFL=2.412 (ELAPSED 00:00:00, REMAINING 00:00:09 )
-------------------------------------------------------------------------------------------------------------
	 #1 (2.0667e-01, 4.2308e-02): lin 1 (0.0e+00)
Composition correction applied in 452 block(s)
Local chop applied in 2 block(s)
	 #2 (4.2168e-01, 5.1754e-04): lin 1 (0.0e+00)
Composition correction applied in 452 block(s)
Local chop applied in 2 block(s)
	 #3 (3.1453e-01, 7.8820e-05): lin 1 (0.0e+00)
Composition correction applied in 451 block(s)
Local chop applied in 1 block(s)
	 #4 (1.5687e-01, 3.8762e-05): lin 1 (0.0e+00)
Composition correction applied in 451 block(s)
Local chop applied in 1 block(s)
	 #5 (1.1255e-01, 7.7780e-05): lin 1 (0.0e+00)
Composition correction applied in 451 block(s)
Local chop applied in 1 block(s)
	 #6 (1.0264e-01, 3.8684e-05): lin 1 (0.0e+00)
Composition correction applied in 450 block(s)
Local chop applied in 1 block(s)
	 #7 (8.7817e-02, 3.8559e-05): lin 1 (0.0e+00)
Composition correction applied in 450 block(s)
Local chop applied in 2 block(s)
	 #8 (6.3647e-02, 7.7001e-05): lin 1 (0.0e+00)
Composition correction applied in 449 block(s)
Local chop applied in 2 block(s)
	 #9 (2.1309e-02, 3.8038e-05): lin 1 (0.0e+00)
Composition correction applied in 449 block(s)
Local chop applied in 1 block(s)
	 #10 (2.7071e-03, 3.7878e-05): lin 1 (0.0e+00)
Composition correction applied in 449 block(s)
-------------------------------------------------------------------------------------------------------------
 T = 66.5535, DT = 5, NI = 10, LI = 10, RES = 3.1e-05 (7.6e-05), CFL=2.348 (ELAPSED 00:00:00, REMAINING 00:00:09 )
-------------------------------------------------------------------------------------------------------------
	 #1 (2.0008e-01, 3.2308e-02): lin 1 (0.0e+00)
Composition correction applied in 456 block(s)
Local chop applied in 2 block(s)
	 #2 (2.2542e-01, 3.6858e-04): lin 1 (0.0e+00)
Composition correction applied in 455 block(s)
Local chop applied in 1 block(s)
	 #3 (1.8305e-01, 7.3281e-05): lin 1 (0.0e+00)
Composition correction applied in 454 block(s)
Local chop applied in 1 block(s)
	 #4 (1.6479e-01, 7.3049e-05): lin 1 (0.0e+00)
Composition correction applied in 454 block(s)
Local chop applied in 2 block(s)
	 #5 (1.6131e-01, 3.6247e-05): lin 1 (0.0e+00)
Composition correction applied in 454 block(s)
Local chop applied in 2 block(s)
	 #6 (1.5943e-01, 7.2199e-05): lin 1 (0.0e+00)
Composition correction applied in 454 block(s)
Local chop applied in 2 block(s)
	 #7 (6.6536e-02, 3.5464e-05): lin 1 (0.0e+00)
Composition correction applied in 453 block(s)
Local chop applied in 1 block(s)
	 #8 (2.9898e-02, 3.5439e-05): lin 1 (0.0e+00)
Composition correction applied in 453 block(s)
Local chop applied in 1 block(s)
	 #9 (2.1308e-02, 7.1010e-05): lin 1 (0.0e+00)
Composition correction applied in 453 block(s)
Local chop applied in 1 block(s)
	 #10 (9.4498e-03, 7.0848e-05): lin 1 (0.0e+00)
Composition correction applied in 452 block(s)
	 #11 (1.5974e-03, 3.5220e-05): lin 1 (0.0e+00)
Composition correction applied in 452 block(s)
-------------------------------------------------------------------------------------------------------------
 T = 71.5535, DT = 5, NI = 11, LI = 11, RES = 3.5e-05 (3.5e-05), CFL=2.353 (ELAPSED 00:00:00, REMAINING 00:00:09 )
-------------------------------------------------------------------------------------------------------------
	 #1 (1.9438e-01, 2.5141e-02): lin 1 (0.0e+00)
Composition correction applied in 459 block(s)
Local chop applied in 2 block(s)
	 #2 (4.0184e-01, 2.5030e-04): lin 1 (0.0e+00)
Composition correction applied in 459 block(s)
Local chop applied in 2 block(s)
	 #3 (1.8862e-01, 3.4244e-05): lin 1 (0.0e+00)
Composition correction applied in 458 block(s)
Local chop applied in 2 block(s)
	 #4 (2.2914e-01, 6.6790e-05): lin 1 (0.0e+00)
Composition correction applied in 458 block(s)
Local chop applied in 1 block(s)
	 #5 (9.8317e-02, 3.3442e-05): lin 1 (0.0e+00)
Composition correction applied in 458 block(s)
Local chop applied in 1 block(s)
	 #6 (7.5912e-02, 6.7038e-05): lin 1 (0.0e+00)
Composition correction applied in 458 block(s)
Local chop applied in 1 block(s)
	 #7 (6.3500e-02, 3.3326e-05): lin 1 (0.0e+00)
Composition correction applied in 457 block(s)
Local chop applied in 1 block(s)
	 #8 (4.4783e-02, 3.3198e-05): lin 1 (0.0e+00)
Composition correction applied in 456 block(s)
Local chop applied in 1 block(s)
	 #9 (1.1878e-02, 3.3010e-05): lin 1 (0.0e+00)
Composition correction applied in 456 block(s)
	 #10 (1.2538e-03, 3.2927e-05): lin 1 (0.0e+00)
Composition correction applied in 456 block(s)
-------------------------------------------------------------------------------------------------------------
 T = 76.5535, DT = 5, NI = 10, LI = 10, RES = 5.2e-06 (6.6e-05), CFL=2.409 (ELAPSED 00:00:00, REMAINING 00:00:09 )
-------------------------------------------------------------------------------------------------------------
	 #1 (1.8849e-01, 1.9928e-02): lin 1 (0.0e+00)
Composition correction applied in 463 block(s)
Local chop applied in 2 block(s)
	 #2 (2.8177e-01, 1.7317e-04): lin 1 (0.0e+00)
Composition correction applied in 462 block(s)
Local chop applied in 1 block(s)
	 #3 (2.3840e-01, 3.1757e-05): lin 1 (0.0e+00)
Composition correction applied in 462 block(s)
Local chop applied in 1 block(s)
	 #4 (1.6202e-01, 3.1788e-05): lin 1 (0.0e+00)
Composition correction applied in 462 block(s)
Local chop applied in 1 block(s)
	 #5 (1.3328e-01, 3.1681e-05): lin 1 (0.0e+00)
Composition correction applied in 461 block(s)
Local chop applied in 1 block(s)
	 #6 (1.1599e-01, 3.1557e-05): lin 1 (0.0e+00)
Composition correction applied in 461 block(s)
Local chop applied in 2 block(s)
	 #7 (8.5564e-02, 6.3044e-05): lin 1 (0.0e+00)
Composition correction applied in 460 block(s)
Local chop applied in 2 block(s)
	 #8 (3.1381e-02, 3.1108e-05): lin 1 (0.0e+00)
Composition correction applied in 460 block(s)
Local chop applied in 1 block(s)
	 #9 (1.6954e-02, 6.2223e-05): lin 1 (0.0e+00)
Composition correction applied in 460 block(s)
Local chop applied in 1 block(s)
	 #10 (8.7924e-03, 3.0960e-05): lin 1 (0.0e+00)
Composition correction applied in 460 block(s)
Local chop applied in 1 block(s)
	 #11 (1.9841e-03, 3.0912e-05): lin 1 (0.0e+00)
Composition correction applied in 459 block(s)
-------------------------------------------------------------------------------------------------------------
 T = 81.5535, DT = 5, NI = 11, LI = 11, RES = 7.6e-06 (6.2e-05), CFL=2.247 (ELAPSED 00:00:00, REMAINING 00:00:08 )
-------------------------------------------------------------------------------------------------------------
	 #1 (1.8370e-01, 1.6177e-02): lin 1 (0.0e+00)
Composition correction applied in 466 block(s)
Local chop applied in 1 block(s)
	 #2 (3.6330e-01, 1.4073e-04): lin 1 (0.0e+00)
Composition correction applied in 465 block(s)
Local chop applied in 2 block(s)
	 #3 (2.7832e-01, 3.0235e-05): lin 1 (0.0e+00)
Composition correction applied in 466 block(s)
Local chop applied in 2 block(s)
	 #4 (2.8661e-01, 2.9766e-05): lin 1 (0.0e+00)
Composition correction applied in 465 block(s)
Local chop applied in 1 block(s)
	 #5 (1.4751e-01, 5.8999e-05): lin 1 (0.0e+00)
Composition correction applied in 465 block(s)
Local chop applied in 1 block(s)
	 #6 (5.8485e-02, 2.9445e-05): lin 1 (0.0e+00)
Composition correction applied in 465 block(s)
Local chop applied in 1 block(s)
	 #7 (4.7530e-02, 2.9368e-05): lin 1 (0.0e+00)
Composition correction applied in 464 block(s)
Local chop applied in 1 block(s)
	 #8 (3.5288e-02, 2.9305e-05): lin 1 (0.0e+00)
Composition correction applied in 463 block(s)
Local chop applied in 1 block(s)
	 #9 (1.6343e-02, 5.8632e-05): lin 1 (0.0e+00)
Composition correction applied in 463 block(s)
	 #10 (3.8376e-03, 2.9110e-05): lin 1 (0.0e+00)
Composition correction applied in 463 block(s)
-------------------------------------------------------------------------------------------------------------
 T = 86.5535, DT = 5, NI = 10, LI = 10, RES = 1.4e-04 (2.9e-05), CFL=2.425 (ELAPSED 00:00:00, REMAINING 00:00:08 )
-------------------------------------------------------------------------------------------------------------
	 #1 (1.7874e-01, 1.3515e-02): lin 1 (0.0e+00)
Composition correction applied in 468 block(s)
Local chop applied in 2 block(s)
	 #2 (3.5085e-01, 8.6294e-05): lin 1 (0.0e+00)
Composition correction applied in 469 block(s)
Local chop applied in 2 block(s)
	 #3 (5.2940e-01, 2.8103e-05): lin 1 (0.0e+00)
Composition correction applied in 468 block(s)
Local chop applied in 1 block(s)
	 #4 (2.1975e-01, 2.8129e-05): lin 1 (0.0e+00)
Composition correction applied in 468 block(s)
Local chop applied in 1 block(s)
	 #5 (1.0677e-01, 2.8025e-05): lin 1 (0.0e+00)
Composition correction applied in 468 block(s)
Local chop applied in 1 block(s)
	 #6 (1.0029e-01, 5.6216e-05): lin 1 (0.0e+00)
Composition correction applied in 467 block(s)
Local chop applied in 1 block(s)
	 #7 (8.4534e-02, 2.7929e-05): lin 1 (0.0e+00)
Composition correction applied in 467 block(s)
Local chop applied in 2 block(s)
	 #8 (5.7466e-02, 2.7808e-05): lin 1 (0.0e+00)
Composition correction applied in 466 block(s)
Local chop applied in 2 block(s)
	 #9 (1.0241e-02, 5.5373e-05): lin 1 (0.0e+00)
Composition correction applied in 466 block(s)
Local chop applied in 1 block(s)
	 #10 (3.9087e-03, 2.7557e-05): lin 1 (0.0e+00)
Composition correction applied in 466 block(s)
-------------------------------------------------------------------------------------------------------------
 T = 91.5535, DT = 5, NI = 10, LI = 10, RES = 4.0e-04 (5.5e-05), CFL=2.296 (ELAPSED 00:00:00, REMAINING 00:00:08 )
-------------------------------------------------------------------------------------------------------------
	 #1 (1.7444e-01, 1.1541e-02): lin 1 (0.0e+00)
Composition correction applied in 473 block(s)
Local chop applied in 2 block(s)
	 #2 (2.7024e-01, 7.5399e-05): lin 1 (0.0e+00)
Composition correction applied in 472 block(s)
Local chop applied in 1 block(s)
	 #3 (1.9273e-01, 2.6925e-05): lin 1 (0.0e+00)
Composition correction applied in 471 block(s)
Local chop applied in 2 block(s)
	 #4 (1.4543e-01, 5.3695e-05): lin 1 (0.0e+00)
Composition correction applied in 471 block(s)
Local chop applied in 2 block(s)
	 #5 (1.2706e-01, 2.6592e-05): lin 1 (0.0e+00)
Composition correction applied in 472 block(s)
Local chop applied in 2 block(s)
	 #6 (4.6130e-02, 5.2907e-05): lin 1 (0.0e+00)
Composition correction applied in 471 block(s)
Local chop applied in 1 block(s)
	 #7 (3.6912e-02, 2.6285e-05): lin 1 (0.0e+00)
Composition correction applied in 470 block(s)
Local chop applied in 1 block(s)
	 #8 (2.8250e-02, 2.6227e-05): lin 1 (0.0e+00)
Composition correction applied in 470 block(s)
Local chop applied in 1 block(s)
	 #9 (1.7765e-02, 2.6189e-05): lin 1 (0.0e+00)
Composition correction applied in 469 block(s)
Local chop applied in 1 block(s)
	 #10 (1.8418e-03, 2.6115e-05): lin 1 (0.0e+00)
Composition correction applied in 469 block(s)
-------------------------------------------------------------------------------------------------------------
 T = 96.5535, DT = 5, NI = 10, LI = 10, RES = 5.4e-05 (5.2e-05), CFL=2.390 (ELAPSED 00:00:01, REMAINING 00:00:08 )
-------------------------------------------------------------------------------------------------------------
	 #1 (1.7033e-01, 1.0169e-02): lin 1 (0.0e+00)
Composition correction applied in 476 block(s)
Local chop applied in 2 block(s)
	 #2 (3.6161e-01, 5.8960e-05): lin 1 (0.0e+00)
Composition correction applied in 476 block(s)
Local chop applied in 2 block(s)
	 #3 (1.7431e-01, 5.1180e-05): lin 1 (0.0e+00)
Composition correction applied in 475 block(s)
Local chop applied in 1 block(s)
	 #4 (1.4073e-01, 5.0533e-05): lin 1 (0.0e+00)
Composition correction applied in 475 block(s)
Local chop applied in 1 block(s)
	 #5 (8.5084e-02, 5.0487e-05): lin 1 (0.0e+00)
Composition correction applied in 475 block(s)
Local chop applied in 1 block(s)
	 #6 (7.7126e-02, 2.5131e-05): lin 1 (0.0e+00)
Composition correction applied in 474 block(s)
Local chop applied in 1 block(s)
	 #7 (6.5539e-02, 2.5085e-05): lin 1 (0.0e+00)
Composition correction applied in 474 block(s)
Local chop applied in 1 block(s)
	 #8 (4.7278e-02, 2.5001e-05): lin 1 (0.0e+00)
Composition correction applied in 473 block(s)
Local chop applied in 2 block(s)
	 #9 (1.8801e-02, 2.4880e-05): lin 1 (0.0e+00)
Composition correction applied in 473 block(s)
	 #10 (1.7165e-03, 4.9812e-05): lin 1 (0.0e+00)
Composition correction applied in 473 block(s)
-------------------------------------------------------------------------------------------------------------
 T = 101.553, DT = 5, NI = 10, LI = 10, RES = 3.0e-05 (2.5e-05), CFL=2.381 (ELAPSED 00:00:01, REMAINING 00:00:08 )
-------------------------------------------------------------------------------------------------------------
	 #1 (1.6634e-01, 9.1787e-03): lin 1 (0.0e+00)
Composition correction applied in 480 block(s)
Local chop applied in 2 block(s)
	 #2 (2.0170e-01, 2.9460e-05): lin 1 (0.0e+00)
Composition correction applied in 479 block(s)
Local chop applied in 1 block(s)
	 #3 (1.5657e-01, 4.8584e-05): lin 1 (0.0e+00)
Composition correction applied in 479 block(s)
Local chop applied in 1 block(s)
	 #4 (1.3635e-01, 2.4173e-05): lin 1 (0.0e+00)
Composition correction applied in 478 block(s)
Local chop applied in 1 block(s)
	 #5 (1.2190e-01, 4.8395e-05): lin 1 (0.0e+00)
Composition correction applied in 478 block(s)
Local chop applied in 2 block(s)
	 #6 (1.2229e-01, 4.8223e-05): lin 1 (0.0e+00)
Composition correction applied in 478 block(s)
Local chop applied in 2 block(s)
	 #7 (9.0753e-02, 2.3884e-05): lin 1 (0.0e+00)
Composition correction applied in 477 block(s)
Local chop applied in 1 block(s)
	 #8 (4.5616e-02, 2.3709e-05): lin 1 (0.0e+00)
Composition correction applied in 477 block(s)
Local chop applied in 1 block(s)
	 #9 (1.7179e-02, 2.3720e-05): lin 1 (0.0e+00)
Composition correction applied in 477 block(s)
Local chop applied in 1 block(s)
	 #10 (8.2027e-03, 4.7551e-05): lin 1 (0.0e+00)
Composition correction applied in 476 block(s)
	 #11 (1.4918e-03, 2.3656e-05): lin 1 (0.0e+00)
Composition correction applied in 476 block(s)
-------------------------------------------------------------------------------------------------------------
 T = 106.553, DT = 5, NI = 11, LI = 11, RES = 3.4e-05 (4.7e-05), CFL=2.302 (ELAPSED 00:00:01, REMAINING 00:00:08 )
-------------------------------------------------------------------------------------------------------------
	 #1 (1.6308e-01, 8.4632e-03): lin 1 (0.0e+00)
Composition correction applied in 483 block(s)
Local chop applied in 1 block(s)
	 #2 (3.3751e-01, 2.3095e-05): lin 1 (0.0e+00)
Composition correction applied in 483 block(s)
Local chop applied in 2 block(s)
	 #3 (2.5158e-01, 2.3215e-05): lin 1 (0.0e+00)
Composition correction applied in 483 block(s)
Local chop applied in 2 block(s)
	 #4 (1.4835e-01, 2.2888e-05): lin 1 (0.0e+00)
Composition correction applied in 482 block(s)
Local chop applied in 1 block(s)
	 #5 (6.6709e-02, 2.2867e-05): lin 1 (0.0e+00)
Composition correction applied in 482 block(s)
Local chop applied in 1 block(s)
	 #6 (5.4072e-02, 4.5735e-05): lin 1 (0.0e+00)
Composition correction applied in 482 block(s)
Local chop applied in 1 block(s)
	 #7 (4.3884e-02, 2.2748e-05): lin 1 (0.0e+00)
Composition correction applied in 480 block(s)
Local chop applied in 1 block(s)
	 #8 (2.8543e-02, 2.2698e-05): lin 1 (0.0e+00)
Composition correction applied in 480 block(s)
Local chop applied in 1 block(s)
	 #9 (2.3684e-03, 4.5385e-05): lin 1 (0.0e+00)
Composition correction applied in 480 block(s)
-------------------------------------------------------------------------------------------------------------
 T = 111.553, DT = 5, NI = 9, LI = 9, RES = 5.7e-05 (4.5e-05), CFL=2.422 (ELAPSED 00:00:01, REMAINING 00:00:08 )
-------------------------------------------------------------------------------------------------------------
	 #1 (1.5940e-01, 7.9904e-03): lin 1 (0.0e+00)
Composition correction applied in 486 block(s)
Local chop applied in 2 block(s)
	 #2 (2.8799e-01, 2.2019e-05): lin 1 (0.0e+00)
Composition correction applied in 486 block(s)
Local chop applied in 1 block(s)
	 #3 (5.4728e-01, 2.1904e-05): lin 1 (0.0e+00)
Composition correction applied in 485 block(s)
Local chop applied in 2 block(s)
	 #4 (2.0527e-01, 2.2123e-05): lin 1 (0.0e+00)
Composition correction applied in 485 block(s)
Local chop applied in 1 block(s)
	 #5 (1.8241e-01, 2.1934e-05): lin 1 (0.0e+00)
Composition correction applied in 484 block(s)
Local chop applied in 1 block(s)
	 #6 (1.0074e-01, 2.1924e-05): lin 1 (0.0e+00)
Composition correction applied in 484 block(s)
Local chop applied in 2 block(s)
	 #7 (9.3286e-02, 4.3903e-05): lin 1 (0.0e+00)
Composition correction applied in 484 block(s)
Local chop applied in 2 block(s)
	 #8 (7.0215e-02, 4.3718e-05): lin 1 (0.0e+00)
Composition correction applied in 483 block(s)
Local chop applied in 1 block(s)
	 #9 (3.2516e-02, 4.3389e-05): lin 1 (0.0e+00)
Composition correction applied in 483 block(s)
Local chop applied in 1 block(s)
	 #10 (5.7397e-03, 2.1639e-05): lin 1 (0.0e+00)
Composition correction applied in 483 block(s)
-------------------------------------------------------------------------------------------------------------
 T = 116.553, DT = 5, NI = 10, LI = 10, RES = 3.9e-04 (2.2e-05), CFL=2.246 (ELAPSED 00:00:01, REMAINING 00:00:08 )
-------------------------------------------------------------------------------------------------------------
	 #1 (1.5642e-01, 7.6675e-03): lin 1 (0.0e+00)
Composition correction applied in 490 block(s)
Local chop applied in 2 block(s)
	 #2 (2.9295e-01, 2.1098e-05): lin 1 (0.0e+00)
Composition correction applied in 488 block(s)
Local chop applied in 1 block(s)
	 #3 (1.5847e-01, 2.1320e-05): lin 1 (0.0e+00)
Composition correction applied in 488 block(s)
Local chop applied in 2 block(s)
	 #4 (2.7209e-01, 4.2289e-05): lin 1 (0.0e+00)
Composition correction applied in 489 block(s)
Local chop applied in 2 block(s)
	 #5 (1.6463e-01, 4.2123e-05): lin 1 (0.0e+00)
Composition correction applied in 488 block(s)
Local chop applied in 1 block(s)
	 #6 (5.8945e-02, 4.1865e-05): lin 1 (0.0e+00)
Composition correction applied in 488 block(s)
Local chop applied in 1 block(s)
	 #7 (3.2525e-02, 2.0831e-05): lin 1 (0.0e+00)
Composition correction applied in 487 block(s)
Local chop applied in 1 block(s)
	 #8 (2.3183e-02, 4.1764e-05): lin 1 (0.0e+00)
Composition correction applied in 486 block(s)
Local chop applied in 1 block(s)
	 #9 (8.7303e-03, 4.1683e-05): lin 1 (0.0e+00)
Composition correction applied in 486 block(s)
	 #10 (1.2798e-03, 2.0738e-05): lin 1 (0.0e+00)
Composition correction applied in 486 block(s)
-------------------------------------------------------------------------------------------------------------
 T = 121.553, DT = 5, NI = 10, LI = 10, RES = 1.4e-05 (2.1e-05), CFL=2.408 (ELAPSED 00:00:01, REMAINING 00:00:08 )
-------------------------------------------------------------------------------------------------------------
	 #1 (1.5328e-01, 7.4885e-03): lin 1 (0.0e+00)
Composition correction applied in 492 block(s)
Local chop applied in 2 block(s)
	 #2 (3.2174e-01, 2.0278e-05): lin 1 (0.0e+00)
Composition correction applied in 492 block(s)
Local chop applied in 2 block(s)
	 #3 (2.2782e-01, 2.0306e-05): lin 1 (0.0e+00)
Composition correction applied in 491 block(s)
Local chop applied in 1 block(s)
	 #4 (1.2392e-01, 2.0166e-05): lin 1 (0.0e+00)
Composition correction applied in 491 block(s)
Local chop applied in 1 block(s)
	 #5 (8.4861e-02, 2.0147e-05): lin 1 (0.0e+00)
Composition correction applied in 491 block(s)
Local chop applied in 1 block(s)
	 #6 (7.7052e-02, 2.0136e-05): lin 1 (0.0e+00)
Composition correction applied in 490 block(s)
Local chop applied in 1 block(s)
	 #7 (6.5612e-02, 4.0349e-05): lin 1 (0.0e+00)
Composition correction applied in 490 block(s)
Local chop applied in 2 block(s)
	 #8 (5.2039e-02, 4.0247e-05): lin 1 (0.0e+00)
Composition correction applied in 489 block(s)
Local chop applied in 2 block(s)
	 #9 (1.9239e-02, 1.9960e-05): lin 1 (0.0e+00)
Composition correction applied in 489 block(s)
Local chop applied in 1 block(s)
	 #10 (1.1848e-03, 3.9980e-05): lin 1 (0.0e+00)
Composition correction applied in 489 block(s)
-------------------------------------------------------------------------------------------------------------
 T = 126.553, DT = 5, NI = 10, LI = 10, RES = 2.4e-05 (2.0e-05), CFL=2.351 (ELAPSED 00:00:01, REMAINING 00:00:08 )
-------------------------------------------------------------------------------------------------------------
	 #1 (1.5042e-01, 7.3515e-03): lin 1 (0.0e+00)
Composition correction applied in 496 block(s)
Local chop applied in 2 block(s)
	 #2 (1.7224e-01, 1.9593e-05): lin 1 (0.0e+00)
Composition correction applied in 495 block(s)
Local chop applied in 1 block(s)
	 #3 (1.3960e-01, 1.9529e-05): lin 1 (0.0e+00)
Composition correction applied in 495 block(s)
Local chop applied in 1 block(s)
	 #4 (1.2672e-01, 1.9505e-05): lin 1 (0.0e+00)
Composition correction applied in 494 block(s)
Local chop applied in 1 block(s)
	 #5 (1.1107e-01, 1.9441e-05): lin 1 (0.0e+00)
Composition correction applied in 494 block(s)
Local chop applied in 2 block(s)
	 #6 (1.0044e-01, 3.8901e-05): lin 1 (0.0e+00)
Composition correction applied in 493 block(s)
Local chop applied in 2 block(s)
	 #7 (3.0454e-02, 3.8649e-05): lin 1 (0.0e+00)
Composition correction applied in 493 block(s)
Local chop applied in 1 block(s)
	 #8 (2.2357e-02, 1.9229e-05): lin 1 (0.0e+00)
Composition correction applied in 493 block(s)
Local chop applied in 1 block(s)
	 #9 (1.5624e-02, 1.9205e-05): lin 1 (0.0e+00)
Composition correction applied in 493 block(s)
Local chop applied in 1 block(s)
	 #10 (6.8326e-03, 3.8499e-05): lin 1 (0.0e+00)
Composition correction applied in 492 block(s)
	 #11 (1.3226e-03, 1.9164e-05): lin 1 (0.0e+00)
Composition correction applied in 492 block(s)
-------------------------------------------------------------------------------------------------------------
 T = 131.553, DT = 5, NI = 11, LI = 11, RES = 1.1e-05 (1.9e-05), CFL=2.338 (ELAPSED 00:00:01, REMAINING 00:00:07 )
-------------------------------------------------------------------------------------------------------------
	 #1 (1.4799e-01, 7.3121e-03): lin 1 (0.0e+00)
Composition correction applied in 498 block(s)
Local chop applied in 2 block(s)
	 #2 (3.1483e-01, 1.8608e-05): lin 1 (0.0e+00)
Composition correction applied in 498 block(s)
Local chop applied in 2 block(s)
	 #3 (2.1049e-01, 3.7878e-05): lin 1 (0.0e+00)
Composition correction applied in 497 block(s)
Local chop applied in 2 block(s)
	 #4 (1.4362e-01, 3.7328e-05): lin 1 (0.0e+00)
Composition correction applied in 497 block(s)
Local chop applied in 1 block(s)
	 #5 (6.3070e-02, 1.8646e-05): lin 1 (0.0e+00)
Composition correction applied in 497 block(s)
Local chop applied in 1 block(s)
	 #6 (5.5557e-02, 1.8597e-05): lin 1 (0.0e+00)
Composition correction applied in 497 block(s)
Local chop applied in 1 block(s)
	 #7 (4.6248e-02, 1.8576e-05): lin 1 (0.0e+00)
Composition correction applied in 496 block(s)
Local chop applied in 1 block(s)
	 #8 (3.1637e-02, 1.8542e-05): lin 1 (0.0e+00)
Composition correction applied in 495 block(s)
Local chop applied in 1 block(s)
	 #9 (6.2256e-03, 3.7092e-05): lin 1 (0.0e+00)
Composition correction applied in 495 block(s)
-------------------------------------------------------------------------------------------------------------
 T = 136.553, DT = 5, NI = 9, LI = 9, RES = 4.0e-04 (3.7e-05), CFL=2.411 (ELAPSED 00:00:01, REMAINING 00:00:07 )
-------------------------------------------------------------------------------------------------------------
	 #1 (1.4510e-01, 7.2978e-03): lin 1 (0.0e+00)
Composition correction applied in 501 block(s)
Local chop applied in 2 block(s)
	 #2 (2.3461e-01, 1.8117e-05): lin 1 (0.0e+00)
Composition correction applied in 500 block(s)
Local chop applied in 1 block(s)
	 #3 (2.2408e-01, 3.6254e-05): lin 1 (0.0e+00)
Composition correction applied in 500 block(s)
Local chop applied in 1 block(s)
	 #4 (1.3795e-01, 1.8072e-05): lin 1 (0.0e+00)
Composition correction applied in 500 block(s)
Local chop applied in 1 block(s)
	 #5 (1.0255e-01, 1.8045e-05): lin 1 (0.0e+00)
Composition correction applied in 499 block(s)
Local chop applied in 1 block(s)
	 #6 (9.0193e-02, 1.8018e-05): lin 1 (0.0e+00)
Composition correction applied in 499 block(s)
Local chop applied in 2 block(s)
	 #7 (8.9629e-02, 1.7965e-05): lin 1 (0.0e+00)
Composition correction applied in 499 block(s)
Local chop applied in 2 block(s)
	 #8 (4.8995e-02, 1.7893e-05): lin 1 (0.0e+00)
Composition correction applied in 498 block(s)
Local chop applied in 1 block(s)
	 #9 (1.5730e-02, 1.7832e-05): lin 1 (0.0e+00)
Composition correction applied in 498 block(s)
Local chop applied in 1 block(s)
	 #10 (5.7026e-03, 1.7822e-05): lin 1 (0.0e+00)
Composition correction applied in 498 block(s)
-------------------------------------------------------------------------------------------------------------
 T = 141.553, DT = 5, NI = 10, LI = 10, RES = 8.6e-04 (1.8e-05), CFL=2.214 (ELAPSED 00:00:01, REMAINING 00:00:07 )
-------------------------------------------------------------------------------------------------------------
	 #1 (1.4292e-01, 7.3457e-03): lin 1 (0.0e+00)
Composition correction applied in 504 block(s)
Local chop applied in 1 block(s)
	 #2 (2.8377e-01, 3.5051e-05): lin 1 (0.0e+00)
Composition correction applied in 503 block(s)
Local chop applied in 2 block(s)
	 #3 (2.7836e-01, 1.7603e-05): lin 1 (0.0e+00)
Composition correction applied in 504 block(s)
Local chop applied in 2 block(s)
	 #4 (3.2594e-01, 3.4953e-05): lin 1 (0.0e+00)
Composition correction applied in 503 block(s)
Local chop applied in 2 block(s)
	 #5 (8.2229e-02, 1.7302e-05): lin 1 (0.0e+00)
Composition correction applied in 503 block(s)
Local chop applied in 1 block(s)
	 #6 (4.1216e-02, 3.4722e-05): lin 1 (0.0e+00)
Composition correction applied in 503 block(s)
Local chop applied in 1 block(s)
	 #7 (3.5270e-02, 1.7275e-05): lin 1 (0.0e+00)
Composition correction applied in 502 block(s)
Local chop applied in 1 block(s)
	 #8 (2.6210e-02, 1.7259e-05): lin 1 (0.0e+00)
Composition correction applied in 501 block(s)
Local chop applied in 1 block(s)
	 #9 (1.2238e-02, 1.7227e-05): lin 1 (0.0e+00)
Composition correction applied in 501 block(s)
	 #10 (2.7374e-03, 1.7195e-05): lin 1 (0.0e+00)
Composition correction applied in 501 block(s)
-------------------------------------------------------------------------------------------------------------
 T = 146.553, DT = 5, NI = 10, LI = 10, RES = 8.1e-05 (1.7e-05), CFL=2.417 (ELAPSED 00:00:01, REMAINING 00:00:07 )
-------------------------------------------------------------------------------------------------------------
	 #1 (1.4025e-01, 7.4736e-03): lin 1 (0.0e+00)
Composition correction applied in 506 block(s)
Local chop applied in 2 block(s)
	 #2 (2.9086e-01, 1.6740e-05): lin 1 (0.0e+00)
Composition correction applied in 507 block(s)
Local chop applied in 2 block(s)
	 #3 (3.1285e-01, 3.3835e-05): lin 1 (0.0e+00)
Composition correction applied in 506 block(s)
Local chop applied in 1 block(s)
	 #4 (1.1891e-01, 1.6792e-05): lin 1 (0.0e+00)
Composition correction applied in 506 block(s)
Local chop applied in 1 block(s)
	 #5 (8.4677e-02, 1.6814e-05): lin 1 (0.0e+00)
Composition correction applied in 506 block(s)
Local chop applied in 1 block(s)
	 #6 (7.6296e-02, 1.6793e-05): lin 1 (0.0e+00)
Composition correction applied in 505 block(s)
Local chop applied in 1 block(s)
	 #7 (6.4670e-02, 1.6768e-05): lin 1 (0.0e+00)
Composition correction applied in 505 block(s)
Local chop applied in 2 block(s)
	 #8 (5.4213e-02, 3.3570e-05): lin 1 (0.0e+00)
Composition correction applied in 504 block(s)
Local chop applied in 2 block(s)
	 #9 (1.4430e-02, 1.6654e-05): lin 1 (0.0e+00)
Composition correction applied in 504 block(s)
Local chop applied in 1 block(s)
	 #10 (1.6123e-03, 1.6637e-05): lin 1 (0.0e+00)
Composition correction applied in 504 block(s)
-------------------------------------------------------------------------------------------------------------
 T = 151.553, DT = 5, NI = 10, LI = 10, RES = 5.6e-05 (1.7e-05), CFL=2.319 (ELAPSED 00:00:01, REMAINING 00:00:07 )
-------------------------------------------------------------------------------------------------------------
	 #1 (1.3824e-01, 7.5512e-03): lin 1 (0.0e+00)
Composition correction applied in 510 block(s)
Local chop applied in 2 block(s)
	 #2 (1.7783e-01, 3.2799e-05): lin 1 (0.0e+00)
Composition correction applied in 509 block(s)
Local chop applied in 1 block(s)
	 #3 (1.4036e-01, 3.2861e-05): lin 1 (0.0e+00)
Composition correction applied in 508 block(s)
Local chop applied in 1 block(s)
	 #4 (1.1763e-01, 3.2796e-05): lin 1 (0.0e+00)
Composition correction applied in 508 block(s)
Local chop applied in 2 block(s)
	 #5 (1.4920e-01, 3.2722e-05): lin 1 (0.0e+00)
Composition correction applied in 508 block(s)
Local chop applied in 2 block(s)
	 #6 (1.1519e-01, 3.2576e-05): lin 1 (0.0e+00)
Composition correction applied in 508 block(s)
Local chop applied in 1 block(s)
	 #7 (5.2552e-02, 1.6138e-05): lin 1 (0.0e+00)
Composition correction applied in 507 block(s)
Local chop applied in 1 block(s)
	 #8 (2.2773e-02, 1.6146e-05): lin 1 (0.0e+00)
Composition correction applied in 507 block(s)
Local chop applied in 1 block(s)
	 #9 (1.4974e-02, 1.6130e-05): lin 1 (0.0e+00)
Composition correction applied in 506 block(s)
Local chop applied in 1 block(s)
	 #10 (4.9747e-03, 1.6112e-05): lin 1 (0.0e+00)
Composition correction applied in 506 block(s)
-------------------------------------------------------------------------------------------------------------
 T = 156.553, DT = 5, NI = 10, LI = 10, RES = 5.3e-04 (1.6e-05), CFL=2.363 (ELAPSED 00:00:01, REMAINING 00:00:07 )
-------------------------------------------------------------------------------------------------------------
	 #1 (1.3630e-01, 7.6991e-03): lin 1 (0.0e+00)
Composition correction applied in 511 block(s)
Local chop applied in 2 block(s)
	 #2 (2.9681e-01, 1.5823e-05): lin 1 (0.0e+00)
Composition correction applied in 511 block(s)
Local chop applied in 2 block(s)
	 #3 (1.5664e-01, 3.1886e-05): lin 1 (0.0e+00)
Composition correction applied in 510 block(s)
Local chop applied in 1 block(s)
	 #4 (1.2444e-01, 3.1537e-05): lin 1 (0.0e+00)
Composition correction applied in 510 block(s)
Local chop applied in 1 block(s)
	 #5 (6.4521e-02, 1.5727e-05): lin 1 (0.0e+00)
Composition correction applied in 510 block(s)
Local chop applied in 1 block(s)
	 #6 (5.7231e-02, 1.5711e-05): lin 1 (0.0e+00)
Composition correction applied in 510 block(s)
Local chop applied in 1 block(s)
	 #7 (4.8363e-02, 1.5695e-05): lin 1 (0.0e+00)
Composition correction applied in 509 block(s)
Local chop applied in 1 block(s)
	 #8 (3.4338e-02, 1.5668e-05): lin 1 (0.0e+00)
Composition correction applied in 508 block(s)
Local chop applied in 1 block(s)
	 #9 (9.5657e-03, 3.1358e-05): lin 1 (0.0e+00)
Composition correction applied in 508 block(s)
	 #10 (1.1247e-03, 1.5603e-05): lin 1 (0.0e+00)
Composition correction applied in 508 block(s)
-------------------------------------------------------------------------------------------------------------
 T = 161.553, DT = 5, NI = 10, LI = 10, RES = 1.2e-05 (1.6e-05), CFL=2.395 (ELAPSED 00:00:01, REMAINING 00:00:07 )
-------------------------------------------------------------------------------------------------------------
	 #1 (1.3395e-01, 7.8620e-03): lin 1 (0.0e+00)
Composition correction applied in 514 block(s)
Local chop applied in 2 block(s)
	 #2 (1.9364e-01, 1.5301e-05): lin 1 (0.0e+00)
Composition correction applied in 513 block(s)
Local chop applied in 1 block(s)
	 #3 (1.6095e-01, 3.0806e-05): lin 1 (0.0e+00)
Composition correction applied in 513 block(s)
Local chop applied in 1 block(s)
	 #4 (1.1672e-01, 3.0760e-05): lin 1 (0.0e+00)
Composition correction applied in 513 block(s)
Local chop applied in 1 block(s)
	 #5 (9.8409e-02, 1.5313e-05): lin 1 (0.0e+00)
Composition correction applied in 512 block(s)
Local chop applied in 1 block(s)
	 #6 (8.4380e-02, 1.5279e-05): lin 1 (0.0e+00)
Composition correction applied in 512 block(s)
Local chop applied in 2 block(s)
	 #7 (7.7920e-02, 1.5247e-05): lin 1 (0.0e+00)
Composition correction applied in 511 block(s)
Local chop applied in 2 block(s)
	 #8 (1.8362e-02, 1.5168e-05): lin 1 (0.0e+00)
Composition correction applied in 511 block(s)
Local chop applied in 1 block(s)
	 #9 (1.1596e-02, 3.0423e-05): lin 1 (0.0e+00)
Composition correction applied in 511 block(s)
Local chop applied in 1 block(s)
	 #10 (6.1227e-03, 1.5145e-05): lin 1 (0.0e+00)
Composition correction applied in 511 block(s)
	 #11 (3.1303e-03, 1.5134e-05): lin 1 (0.0e+00)
Composition correction applied in 510 block(s)
-------------------------------------------------------------------------------------------------------------
 T = 166.553, DT = 5, NI = 11, LI = 11, RES = 2.3e-05 (3.0e-05), CFL=2.252 (ELAPSED 00:00:01, REMAINING 00:00:07 )
-------------------------------------------------------------------------------------------------------------
	 #1 (1.3236e-01, 7.9910e-03): lin 1 (0.0e+00)
Composition correction applied in 516 block(s)
Local chop applied in 1 block(s)
	 #2 (2.7277e-01, 2.9867e-05): lin 1 (0.0e+00)
Composition correction applied in 515 block(s)
Local chop applied in 2 block(s)
	 #3 (2.7804e-01, 3.0058e-05): lin 1 (0.0e+00)
Composition correction applied in 516 block(s)
Local chop applied in 2 block(s)
	 #4 (2.6637e-01, 2.9804e-05): lin 1 (0.0e+00)
Composition correction applied in 515 block(s)
Local chop applied in 1 block(s)
	 #5 (8.9239e-02, 2.9628e-05): lin 1 (0.0e+00)
Composition correction applied in 515 block(s)
Local chop applied in 1 block(s)
	 #6 (4.1837e-02, 2.9637e-05): lin 1 (0.0e+00)
Composition correction applied in 515 block(s)
Local chop applied in 1 block(s)
	 #7 (3.4989e-02, 2.9611e-05): lin 1 (0.0e+00)
Composition correction applied in 513 block(s)
Local chop applied in 1 block(s)
	 #8 (2.5493e-02, 2.9580e-05): lin 1 (0.0e+00)
Composition correction applied in 513 block(s)
Local chop applied in 1 block(s)
	 #9 (1.1456e-02, 5.8952e-05): lin 1 (0.0e+00)
Composition correction applied in 513 block(s)
	 #10 (2.0585e-03, 2.9486e-05): lin 1 (0.0e+00)
Composition correction applied in 513 block(s)
-------------------------------------------------------------------------------------------------------------
 T = 171.553, DT = 5, NI = 10, LI = 10, RES = 4.1e-05 (2.9e-05), CFL=2.418 (ELAPSED 00:00:01, REMAINING 00:00:07 )
-------------------------------------------------------------------------------------------------------------
	 #1 (1.3032e-01, 8.2279e-03): lin 1 (0.0e+00)
Composition correction applied in 517 block(s)
Local chop applied in 2 block(s)
	 #2 (2.6125e-01, 2.9059e-05): lin 1 (0.0e+00)
Composition correction applied in 518 block(s)
Local chop applied in 2 block(s)
	 #3 (3.9467e-01, 2.8963e-05): lin 1 (0.0e+00)
Composition correction applied in 517 block(s)
Local chop applied in 1 block(s)
	 #4 (1.5474e-01, 5.7765e-05): lin 1 (0.0e+00)
Composition correction applied in 517 block(s)
Local chop applied in 1 block(s)
	 #5 (8.0914e-02, 2.8916e-05): lin 1 (0.0e+00)
Composition correction applied in 517 block(s)
Local chop applied in 1 block(s)
	 #6 (7.4423e-02, 5.7705e-05): lin 1 (0.0e+00)
Composition correction applied in 516 block(s)
Local chop applied in 1 block(s)
	 #7 (6.2547e-02, 2.8867e-05): lin 1 (0.0e+00)
Composition correction applied in 516 block(s)
Local chop applied in 2 block(s)
	 #8 (5.3274e-02, 2.8791e-05): lin 1 (0.0e+00)
Composition correction applied in 515 block(s)
Local chop applied in 2 block(s)
	 #9 (7.7894e-03, 2.8684e-05): lin 1 (0.0e+00)
Composition correction applied in 515 block(s)
Local chop applied in 1 block(s)
	 #10 (2.4263e-03, 2.8668e-05): lin 1 (0.0e+00)
Composition correction applied in 515 block(s)
-------------------------------------------------------------------------------------------------------------
 T = 176.553, DT = 5, NI = 10, LI = 10, RES = 2.0e-04 (5.7e-05), CFL=2.291 (ELAPSED 00:00:01, REMAINING 00:00:07 )
-------------------------------------------------------------------------------------------------------------
	 #1 (1.2863e-01, 8.4765e-03): lin 1 (0.0e+00)
Composition correction applied in 521 block(s)
Local chop applied in 2 block(s)
	 #2 (1.9614e-01, 2.8217e-05): lin 1 (0.0e+00)
Composition correction applied in 520 block(s)
Local chop applied in 1 block(s)
	 #3 (1.4027e-01, 2.8294e-05): lin 1 (0.0e+00)
Composition correction applied in 519 block(s)
Local chop applied in 1 block(s)
	 #4 (1.0858e-01, 2.8215e-05): lin 1 (0.0e+00)
Composition correction applied in 519 block(s)
Local chop applied in 2 block(s)
	 #5 (1.3096e-01, 5.6194e-05): lin 1 (0.0e+00)
Composition correction applied in 520 block(s)
Local chop applied in 2 block(s)
	 #6 (5.8672e-02, 2.8018e-05): lin 1 (0.0e+00)
Composition correction applied in 519 block(s)
Local chop applied in 1 block(s)
	 #7 (2.8742e-02, 2.7961e-05): lin 1 (0.0e+00)
Composition correction applied in 518 block(s)
Local chop applied in 1 block(s)
	 #8 (2.0819e-02, 5.5772e-05): lin 1 (0.0e+00)
Composition correction applied in 518 block(s)
Local chop applied in 1 block(s)
	 #9 (1.3208e-02, 2.7914e-05): lin 1 (0.0e+00)
Composition correction applied in 517 block(s)
Local chop applied in 1 block(s)
	 #10 (1.7098e-03, 2.7879e-05): lin 1 (0.0e+00)
Composition correction applied in 517 block(s)
-------------------------------------------------------------------------------------------------------------
 T = 181.553, DT = 5, NI = 10, LI = 10, RES = 8.4e-05 (2.8e-05), CFL=2.378 (ELAPSED 00:00:01, REMAINING 00:00:07 )
-------------------------------------------------------------------------------------------------------------
	 #1 (1.2695e-01, 8.6928e-03): lin 1 (0.0e+00)
Composition correction applied in 522 block(s)
Local chop applied in 2 block(s)
	 #2 (2.7287e-01, 5.4761e-05): lin 1 (0.0e+00)
Composition correction applied in 522 block(s)
Local chop applied in 2 block(s)
	 #3 (1.2398e-01, 2.7547e-05): lin 1 (0.0e+00)
Composition correction applied in 521 block(s)
Local chop applied in 1 block(s)
	 #4 (1.0504e-01, 2.7323e-05): lin 1 (0.0e+00)
Composition correction applied in 521 block(s)
Local chop applied in 1 block(s)
	 #5 (6.2374e-02, 5.4541e-05): lin 1 (0.0e+00)
Composition correction applied in 521 block(s)
Local chop applied in 1 block(s)
	 #6 (5.6777e-02, 5.4489e-05): lin 1 (0.0e+00)
Composition correction applied in 520 block(s)
Local chop applied in 1 block(s)
	 #7 (4.7933e-02, 2.7264e-05): lin 1 (0.0e+00)
Composition correction applied in 520 block(s)
Local chop applied in 1 block(s)
	 #8 (4.4073e-02, 5.4350e-05): lin 1 (0.0e+00)
Composition correction applied in 519 block(s)
Local chop applied in 2 block(s)
	 #9 (1.6520e-02, 2.7152e-05): lin 1 (0.0e+00)
Composition correction applied in 519 block(s)
	 #10 (1.0825e-03, 2.7118e-05): lin 1 (0.0e+00)
Composition correction applied in 519 block(s)
-------------------------------------------------------------------------------------------------------------
 T = 186.553, DT = 5, NI = 10, LI = 10, RES = 1.8e-05 (5.4e-05), CFL=2.382 (ELAPSED 00:00:01, REMAINING 00:00:07 )
-------------------------------------------------------------------------------------------------------------
	 #1 (1.2514e-01, 9.0140e-03): lin 1 (0.0e+00)
Composition correction applied in 524 block(s)
Local chop applied in 2 block(s)
	 #2 (1.5842e-01, 2.6755e-05): lin 1 (0.0e+00)
Composition correction applied in 523 block(s)
Local chop applied in 1 block(s)
	 #3 (1.2417e-01, 2.6739e-05): lin 1 (0.0e+00)
Composition correction applied in 523 block(s)
Local chop applied in 1 block(s)
	 #4 (1.0336e-01, 2.6708e-05): lin 1 (0.0e+00)
Composition correction applied in 522 block(s)
Local chop applied in 1 block(s)
	 #5 (9.2631e-02, 5.3277e-05): lin 1 (0.0e+00)
Composition correction applied in 522 block(s)
Local chop applied in 2 block(s)
	 #6 (1.2667e-01, 2.6640e-05): lin 1 (0.0e+00)
Composition correction applied in 522 block(s)
Local chop applied in 2 block(s)
	 #7 (1.0750e-01, 2.6568e-05): lin 1 (0.0e+00)
Composition correction applied in 521 block(s)
Local chop applied in 2 block(s)
	 #8 (4.3895e-02, 5.2752e-05): lin 1 (0.0e+00)
Composition correction applied in 521 block(s)
Local chop applied in 1 block(s)
	 #9 (1.3081e-02, 2.6434e-05): lin 1 (0.0e+00)
Composition correction applied in 521 block(s)
Local chop applied in 1 block(s)
	 #10 (5.2536e-03, 2.6432e-05): lin 1 (0.0e+00)
Composition correction applied in 521 block(s)
	 #11 (4.4804e-03, 5.2731e-05): lin 1 (0.0e+00)
Composition correction applied in 520 block(s)
-------------------------------------------------------------------------------------------------------------
 T = 191.553, DT = 5, NI = 11, LI = 11, RES = 2.8e-05 (2.6e-05), CFL=2.274 (ELAPSED 00:00:01, REMAINING 00:00:07 )
-------------------------------------------------------------------------------------------------------------
	 #1 (1.2382e-01, 9.2332e-03): lin 1 (0.0e+00)
Composition correction applied in 526 block(s)
Local chop applied in 1 block(s)
	 #2 (2.6212e-01, 2.6079e-05): lin 1 (0.0e+00)
Composition correction applied in 525 block(s)
Local chop applied in 2 block(s)
	 #3 (2.6784e-01, 5.2250e-05): lin 1 (0.0e+00)
Composition correction applied in 526 block(s)
Local chop applied in 2 block(s)
	 #4 (2.0343e-01, 2.5941e-05): lin 1 (0.0e+00)
Composition correction applied in 525 block(s)
Local chop applied in 1 block(s)
	 #5 (5.9851e-02, 2.5856e-05): lin 1 (0.0e+00)
Composition correction applied in 525 block(s)
Local chop applied in 1 block(s)
	 #6 (3.9992e-02, 2.5868e-05): lin 1 (0.0e+00)
Composition correction applied in 525 block(s)
Local chop applied in 1 block(s)
	 #7 (3.3478e-02, 2.5838e-05): lin 1 (0.0e+00)
Composition correction applied in 523 block(s)
Local chop applied in 1 block(s)
	 #8 (2.3289e-02, 5.1527e-05): lin 1 (0.0e+00)
Composition correction applied in 523 block(s)
Local chop applied in 1 block(s)
	 #9 (7.6264e-03, 5.1434e-05): lin 1 (0.0e+00)
Composition correction applied in 523 block(s)
-------------------------------------------------------------------------------------------------------------
 T = 196.553, DT = 5, NI = 9, LI = 9, RES = 7.8e-04 (5.1e-05), CFL=2.416 (ELAPSED 00:00:01, REMAINING 00:00:06 )
-------------------------------------------------------------------------------------------------------------
	 #1 (1.2203e-01, 9.6556e-03): lin 1 (0.0e+00)
Composition correction applied in 528 block(s)
Local chop applied in 2 block(s)
	 #2 (2.3447e-01, 2.5422e-05): lin 1 (0.0e+00)
Composition correction applied in 528 block(s)
Local chop applied in 2 block(s)
	 #3 (4.2817e-01, 2.5283e-05): lin 1 (0.0e+00)
Composition correction applied in 527 block(s)
Local chop applied in 2 block(s)
	 #4 (1.6433e-01, 2.5423e-05): lin 1 (0.0e+00)
Composition correction applied in 527 block(s)
Local chop applied in 1 block(s)
	 #5 (1.4428e-01, 5.0495e-05): lin 1 (0.0e+00)
Composition correction applied in 527 block(s)
Local chop applied in 1 block(s)
	 #6 (7.7851e-02, 5.0502e-05): lin 1 (0.0e+00)
Composition correction applied in 526 block(s)
Local chop applied in 1 block(s)
	 #7 (6.0767e-02, 2.5268e-05): lin 1 (0.0e+00)
Composition correction applied in 526 block(s)
Local chop applied in 2 block(s)
	 #8 (5.2318e-02, 5.0332e-05): lin 1 (0.0e+00)
Composition correction applied in 525 block(s)
Local chop applied in 2 block(s)
	 #9 (1.3454e-02, 2.5113e-05): lin 1 (0.0e+00)
Composition correction applied in 525 block(s)
Local chop applied in 1 block(s)
	 #10 (3.3551e-03, 5.0130e-05): lin 1 (0.0e+00)
Composition correction applied in 525 block(s)
-------------------------------------------------------------------------------------------------------------
 T = 201.553, DT = 5, NI = 10, LI = 10, RES = 3.5e-04 (2.5e-05), CFL=2.267 (ELAPSED 00:00:01, REMAINING 00:00:06 )
-------------------------------------------------------------------------------------------------------------
	 #1 (1.2066e-01, 9.9415e-03): lin 1 (0.0e+00)
Composition correction applied in 530 block(s)
Local chop applied in 2 block(s)
	 #2 (2.1369e-01, 4.9406e-05): lin 1 (0.0e+00)
Composition correction applied in 528 block(s)
Local chop applied in 1 block(s)
	 #3 (1.3917e-01, 4.9637e-05): lin 1 (0.0e+00)
Composition correction applied in 528 block(s)
Local chop applied in 2 block(s)
	 #4 (2.3975e-01, 4.9489e-05): lin 1 (0.0e+00)
Composition correction applied in 529 block(s)
Local chop applied in 2 block(s)
	 #5 (2.3133e-01, 2.4698e-05): lin 1 (0.0e+00)
Composition correction applied in 528 block(s)
Local chop applied in 2 block(s)
	 #6 (6.5753e-02, 2.4561e-05): lin 1 (0.0e+00)
Composition correction applied in 528 block(s)
Local chop applied in 1 block(s)
	 #7 (2.6282e-02, 2.4553e-05): lin 1 (0.0e+00)
Composition correction applied in 527 block(s)
Local chop applied in 1 block(s)
	 #8 (2.0107e-02, 2.4547e-05): lin 1 (0.0e+00)
Composition correction applied in 526 block(s)
Local chop applied in 1 block(s)
	 #9 (1.1832e-02, 4.8961e-05): lin 1 (0.0e+00)
Composition correction applied in 526 block(s)
Local chop applied in 1 block(s)
-------------------------------------------------------------------------------------------------------------
 T = 206.553, DT = 5, NI = 9, LI = 9, RES = 8.9e-04 (2.4e-05), CFL=2.387 (ELAPSED 00:00:01, REMAINING 00:00:06 )
-------------------------------------------------------------------------------------------------------------
	 #1 (1.1920e-01, 1.0360e-02): lin 1 (0.0e+00)
Composition correction applied in 531 block(s)
Local chop applied in 2 block(s)
	 #2 (2.6045e-01, 2.5043e-05): lin 1 (0.0e+00)
Composition correction applied in 531 block(s)
Local chop applied in 2 block(s)
	 #3 (1.3988e-01, 4.8279e-05): lin 1 (0.0e+00)
Composition correction applied in 530 block(s)
Local chop applied in 1 block(s)
	 #4 (9.9428e-02, 2.4066e-05): lin 1 (0.0e+00)
Composition correction applied in 530 block(s)
Local chop applied in 1 block(s)
	 #5 (6.3253e-02, 2.4053e-05): lin 1 (0.0e+00)
Composition correction applied in 530 block(s)
Local chop applied in 1 block(s)
	 #6 (5.7311e-02, 2.4055e-05): lin 1 (0.0e+00)
Composition correction applied in 529 block(s)
Local chop applied in 1 block(s)
	 #7 (4.8980e-02, 2.4039e-05): lin 1 (0.0e+00)
Composition correction applied in 529 block(s)
Local chop applied in 1 block(s)
	 #8 (5.0381e-02, 2.4009e-05): lin 1 (0.0e+00)
Composition correction applied in 528 block(s)
Local chop applied in 2 block(s)
	 #9 (2.3136e-02, 2.3946e-05): lin 1 (0.0e+00)
Composition correction applied in 528 block(s)
	 #10 (2.3183e-03, 4.7733e-05): lin 1 (0.0e+00)
Composition correction applied in 528 block(s)
-------------------------------------------------------------------------------------------------------------
 T = 211.553, DT = 5, NI = 10, LI = 10, RES = 7.9e-05 (2.4e-05), CFL=2.365 (ELAPSED 00:00:01, REMAINING 00:00:06 )
-------------------------------------------------------------------------------------------------------------
	 #1 (1.1765e-01, 1.0795e-02): lin 1 (0.0e+00)
Composition correction applied in 532 block(s)
Local chop applied in 2 block(s)
	 #2 (1.4101e-01, 4.6999e-05): lin 1 (0.0e+00)
Composition correction applied in 531 block(s)
Local chop applied in 1 block(s)
	 #3 (1.1399e-01, 4.7148e-05): lin 1 (0.0e+00)
Composition correction applied in 531 block(s)
Local chop applied in 1 block(s)
	 #4 (9.9296e-02, 4.7143e-05): lin 1 (0.0e+00)
Composition correction applied in 530 block(s)
Local chop applied in 1 block(s)
	 #5 (8.8255e-02, 4.7061e-05): lin 1 (0.0e+00)
Composition correction applied in 530 block(s)
Local chop applied in 2 block(s)
	 #6 (1.1950e-01, 2.3546e-05): lin 1 (0.0e+00)
Composition correction applied in 530 block(s)
Local chop applied in 2 block(s)
	 #7 (8.1731e-02, 2.3477e-05): lin 1 (0.0e+00)
Composition correction applied in 529 block(s)
Local chop applied in 1 block(s)
	 #8 (2.6984e-02, 4.7418e-05): lin 1 (0.0e+00)
Composition correction applied in 529 block(s)
Local chop applied in 1 block(s)
	 #9 (1.1588e-02, 2.3704e-05): lin 1 (0.0e+00)
Composition correction applied in 529 block(s)
Local chop applied in 1 block(s)
	 #10 (5.2948e-03, 4.7470e-05): lin 1 (0.0e+00)
Composition correction applied in 528 block(s)
	 #11 (1.1229e-03, 4.7555e-05): lin 1 (0.0e+00)
Composition correction applied in 528 block(s)
-------------------------------------------------------------------------------------------------------------
 T = 216.553, DT = 5, NI = 11, LI = 11, RES = 1.3e-05 (4.8e-05), CFL=2.295 (ELAPSED 00:00:01, REMAINING 00:00:06 )
-------------------------------------------------------------------------------------------------------------
	 #1 (1.1669e-01, 1.1319e-02): lin 1 (0.0e+00)
Composition correction applied in 533 block(s)
Local chop applied in 1 block(s)
	 #2 (2.4743e-01, 2.7712e-05): lin 1 (0.0e+00)
Composition correction applied in 533 block(s)
Local chop applied in 2 block(s)
	 #3 (2.5270e-01, 2.3209e-05): lin 1 (0.0e+00)
Composition correction applied in 533 block(s)
Local chop applied in 2 block(s)
	 #4 (1.3788e-01, 2.3668e-05): lin 1 (0.0e+00)
Composition correction applied in 532 block(s)
Local chop applied in 1 block(s)
	 #5 (4.8024e-02, 2.2913e-05): lin 1 (0.0e+00)
Composition correction applied in 532 block(s)
Local chop applied in 1 block(s)
	 #6 (3.8819e-02, 4.9599e-05): lin 1 (0.0e+00)
Composition correction applied in 532 block(s)
Local chop applied in 1 block(s)
	 #7 (3.1336e-02, 2.4856e-05): lin 1 (0.0e+00)
Composition correction applied in 530 block(s)
Local chop applied in 1 block(s)
	 #8 (1.9838e-02, 2.4929e-05): lin 1 (0.0e+00)
Composition correction applied in 530 block(s)
Local chop applied in 1 block(s)
-------------------------------------------------------------------------------------------------------------
 T = 221.553, DT = 5, NI = 8, LI = 8, RES = 6.4e-04 (2.5e-05), CFL=2.413 (ELAPSED 00:00:01, REMAINING 00:00:06 )
-------------------------------------------------------------------------------------------------------------
	 #1 (1.1517e-01, 1.1810e-02): lin 1 (0.0e+00)
Composition correction applied in 535 block(s)
Local chop applied in 2 block(s)
	 #2 (2.2029e-01, 2.9375e-05): lin 1 (0.0e+00)
Composition correction applied in 535 block(s)
Local chop applied in 1 block(s)
	 #3 (4.0502e-01, 5.2817e-05): lin 1 (0.0e+00)
Composition correction applied in 534 block(s)
Local chop applied in 2 block(s)
	 #4 (1.5515e-01, 5.1060e-05): lin 1 (0.0e+00)
Composition correction applied in 534 block(s)
Local chop applied in 1 block(s)
	 #5 (1.2850e-01, 5.1879e-05): lin 1 (0.0e+00)
Composition correction applied in 534 block(s)
Local chop applied in 1 block(s)
	 #6 (7.4443e-02, 5.2103e-05): lin 1 (0.0e+00)
Composition correction applied in 533 block(s)
Local chop applied in 1 block(s)
	 #7 (6.0808e-02, 5.1975e-05): lin 1 (0.0e+00)
Composition correction applied in 533 block(s)
Local chop applied in 2 block(s)
	 #8 (6.0340e-02, 5.2290e-05): lin 1 (0.0e+00)
Composition correction applied in 532 block(s)
Local chop applied in 2 block(s)
	 #9 (9.2180e-03, 2.6445e-05): lin 1 (0.0e+00)
Composition correction applied in 532 block(s)
Local chop applied in 1 block(s)
	 #10 (4.0938e-03, 5.2908e-05): lin 1 (0.0e+00)
Composition correction applied in 532 block(s)
Local chop applied in 1 block(s)
-------------------------------------------------------------------------------------------------------------
 T = 226.553, DT = 5, NI = 10, LI = 10, RES = 4.1e-04 (2.7e-05), CFL=2.248 (ELAPSED 00:00:02, REMAINING 00:00:06 )
-------------------------------------------------------------------------------------------------------------
	 #1 (1.1428e-01, 1.2377e-02): lin 1 (0.0e+00)
Composition correction applied in 536 block(s)
Local chop applied in 2 block(s)
	 #2 (2.1333e-01, 5.0192e-05): lin 1 (0.0e+00)
Composition correction applied in 534 block(s)
Local chop applied in 1 block(s)
	 #3 (1.8325e-01, 2.2496e-05): lin 1 (0.0e+00)
Composition correction applied in 534 block(s)
Local chop applied in 2 block(s)
	 #4 (2.7299e-01, 2.7006e-05): lin 1 (0.0e+00)
Composition correction applied in 535 block(s)
Local chop applied in 2 block(s)
	 #5 (2.1824e-01, 2.7250e-05): lin 1 (0.0e+00)
Composition correction applied in 534 block(s)
Local chop applied in 1 block(s)
	 #6 (6.0699e-02, 2.7484e-05): lin 1 (0.0e+00)
Composition correction applied in 534 block(s)
Local chop applied in 1 block(s)
	 #7 (2.4799e-02, 2.7468e-05): lin 1 (0.0e+00)
Composition correction applied in 533 block(s)
Local chop applied in 1 block(s)
	 #8 (1.8081e-02, 2.7966e-05): lin 1 (0.0e+00)
Composition correction applied in 532 block(s)
Local chop applied in 1 block(s)
	 #9 (9.0026e-03, 2.8051e-05): lin 1 (0.0e+00)
Composition correction applied in 532 block(s)
	 #10 (2.2926e-03, 2.8171e-05): lin 1 (0.0e+00)
Composition correction applied in 532 block(s)
-------------------------------------------------------------------------------------------------------------
 T = 231.553, DT = 5, NI = 10, LI = 10, RES = 8.3e-05 (5.6e-05), CFL=2.391 (ELAPSED 00:00:02, REMAINING 00:00:06 )
-------------------------------------------------------------------------------------------------------------
	 #1 (1.1283e-01, 1.3187e-02): lin 1 (0.0e+00)
Composition correction applied in 537 block(s)
Local chop applied in 2 block(s)
	 #2 (2.4474e-01, 5.3970e-05): lin 1 (0.0e+00)
Composition correction applied in 537 block(s)
Local chop applied in 2 block(s)
	 #3 (1.3874e-01, 5.9433e-05): lin 1 (0.0e+00)
Composition correction applied in 536 block(s)
Local chop applied in 1 block(s)
	 #4 (9.5377e-02, 2.9066e-05): lin 1 (0.0e+00)
Composition correction applied in 536 block(s)
Local chop applied in 1 block(s)
	 #5 (6.0590e-02, 5.8923e-05): lin 1 (0.0e+00)
Composition correction applied in 536 block(s)
Local chop applied in 1 block(s)
	 #6 (5.4960e-02, 2.9335e-05): lin 1 (0.0e+00)
Composition correction applied in 535 block(s)
Local chop applied in 1 block(s)
	 #7 (4.6563e-02, 2.9384e-05): lin 1 (0.0e+00)
Composition correction applied in 535 block(s)
Local chop applied in 1 block(s)
	 #8 (4.8812e-02, 2.9564e-05): lin 1 (0.0e+00)
Composition correction applied in 534 block(s)
Local chop applied in 2 block(s)
	 #9 (1.8124e-02, 5.9617e-05): lin 1 (0.0e+00)
Composition correction applied in 534 block(s)
-------------------------------------------------------------------------------------------------------------
 T = 236.553, DT = 5, NI = 9, LI = 9, RES = 9.0e-04 (3.0e-05), CFL=2.358 (ELAPSED 00:00:02, REMAINING 00:00:06 )
-------------------------------------------------------------------------------------------------------------
	 #1 (1.1142e-01, 1.3894e-02): lin 1 (0.0e+00)
Composition correction applied in 538 block(s)
Local chop applied in 2 block(s)
	 #2 (1.2700e-01, 3.5318e-05): lin 1 (0.0e+00)
Composition correction applied in 537 block(s)
Local chop applied in 1 block(s)
	 #3 (1.0348e-01, 3.0697e-05): lin 1 (0.0e+00)
Composition correction applied in 537 block(s)
Local chop applied in 1 block(s)
	 #4 (9.4210e-02, 6.1621e-05): lin 1 (0.0e+00)
Composition correction applied in 536 block(s)
Local chop applied in 1 block(s)
	 #5 (8.3587e-02, 3.0826e-05): lin 1 (0.0e+00)
Composition correction applied in 536 block(s)
Local chop applied in 2 block(s)
	 #6 (1.1177e-01, 3.0959e-05): lin 1 (0.0e+00)
Composition correction applied in 536 block(s)
Local chop applied in 2 block(s)
	 #7 (5.9193e-02, 6.3149e-05): lin 1 (0.0e+00)
Composition correction applied in 535 block(s)
Local chop applied in 1 block(s)
	 #8 (1.8968e-02, 3.1803e-05): lin 1 (0.0e+00)
Composition correction applied in 535 block(s)
Local chop applied in 1 block(s)
	 #9 (1.0902e-02, 6.3720e-05): lin 1 (0.0e+00)
Composition correction applied in 535 block(s)
Local chop applied in 1 block(s)
	 #10 (4.8665e-03, 3.1992e-05): lin 1 (0.0e+00)
Composition correction applied in 534 block(s)
	 #11 (1.0864e-03, 3.2071e-05): lin 1 (0.0e+00)
Composition correction applied in 534 block(s)
-------------------------------------------------------------------------------------------------------------
 T = 241.553, DT = 5, NI = 11, LI = 11, RES = 1.2e-05 (3.2e-05), CFL=2.306 (ELAPSED 00:00:02, REMAINING 00:00:06 )
-------------------------------------------------------------------------------------------------------------
	 #1 (1.1056e-01, 1.4755e-02): lin 1 (0.0e+00)
Composition correction applied in 539 block(s)
Local chop applied in 2 block(s)
	 #2 (2.3972e-01, 3.6864e-05): lin 1 (0.0e+00)
Composition correction applied in 539 block(s)
Local chop applied in 2 block(s)
	 #3 (2.4287e-01, 3.0650e-05): lin 1 (0.0e+00)
Composition correction applied in 539 block(s)
Local chop applied in 2 block(s)
	 #4 (9.9830e-02, 3.2712e-05): lin 1 (0.0e+00)
Composition correction applied in 538 block(s)
Local chop applied in 1 block(s)
	 #5 (4.4014e-02, 7.0422e-05): lin 1 (0.0e+00)
Composition correction applied in 538 block(s)
Local chop applied in 1 block(s)
	 #6 (3.8410e-02, 6.7601e-05): lin 1 (0.0e+00)
Composition correction applied in 538 block(s)
Local chop applied in 1 block(s)
	 #7 (3.1203e-02, 3.3961e-05): lin 1 (0.0e+00)
Composition correction applied in 536 block(s)
Local chop applied in 1 block(s)
	 #8 (2.0137e-02, 3.4101e-05): lin 1 (0.0e+00)
Composition correction applied in 536 block(s)
Local chop applied in 1 block(s)
	 #9 (1.2653e-03, 3.4418e-05): lin 1 (0.0e+00)
Composition correction applied in 536 block(s)
-------------------------------------------------------------------------------------------------------------
 T = 246.553, DT = 5, NI = 9, LI = 9, RES = 3.0e-05 (3.4e-05), CFL=2.409 (ELAPSED 00:00:02, REMAINING 00:00:06 )
-------------------------------------------------------------------------------------------------------------
	 #1 (1.0929e-01, 1.5795e-02): lin 1 (0.0e+00)
Composition correction applied in 540 block(s)
Local chop applied in 2 block(s)
	 #2 (1.9925e-01, 4.0284e-05): lin 1 (0.0e+00)
Composition correction applied in 540 block(s)
Local chop applied in 1 block(s)
	 #3 (3.3954e-01, 7.7095e-05): lin 1 (0.0e+00)
Composition correction applied in 539 block(s)
Local chop applied in 2 block(s)
	 #4 (1.1437e-01, 3.4386e-05): lin 1 (0.0e+00)
Composition correction applied in 539 block(s)
Local chop applied in 1 block(s)
	 #5 (1.3117e-01, 3.5737e-05): lin 1 (0.0e+00)
Composition correction applied in 538 block(s)
Local chop applied in 1 block(s)
	 #6 (7.0925e-02, 3.5921e-05): lin 1 (0.0e+00)
Composition correction applied in 538 block(s)
Local chop applied in 2 block(s)
	 #7 (9.2129e-02, 3.6171e-05): lin 1 (0.0e+00)
Composition correction applied in 538 block(s)
Local chop applied in 2 block(s)
	 #8 (6.6573e-02, 3.6595e-05): lin 1 (0.0e+00)
Composition correction applied in 537 block(s)
Local chop applied in 1 block(s)
	 #9 (2.0086e-02, 3.7260e-05): lin 1 (0.0e+00)
Composition correction applied in 537 block(s)
Local chop applied in 1 block(s)
	 #10 (3.4457e-03, 3.7186e-05): lin 1 (0.0e+00)
Composition correction applied in 537 block(s)
-------------------------------------------------------------------------------------------------------------
 T = 251.553, DT = 5, NI = 10, LI = 10, RES = 2.0e-04 (3.7e-05), CFL=2.234 (ELAPSED 00:00:02, REMAINING 00:00:06 )
-------------------------------------------------------------------------------------------------------------
	 #1 (1.0842e-01, 1.6945e-02): lin 1 (0.0e+00)
Composition correction applied in 541 block(s)
Local chop applied in 2 block(s)
	 #2 (2.0673e-01, 4.4813e-05): lin 1 (0.0e+00)
Composition correction applied in 539 block(s)
Local chop applied in 1 block(s)
	 #3 (1.4192e-01, 3.7071e-05): lin 1 (0.0e+00)
Composition correction applied in 539 block(s)
Local chop applied in 2 block(s)
	 #4 (2.6188e-01, 8.0089e-05): lin 1 (0.0e+00)
Composition correction applied in 540 block(s)
Local chop applied in 2 block(s)
	 #5 (1.7582e-01, 7.8218e-05): lin 1 (0.0e+00)
Composition correction applied in 539 block(s)
Local chop applied in 1 block(s)
	 #6 (4.5772e-02, 8.0599e-05): lin 1 (0.0e+00)
Composition correction applied in 539 block(s)
Local chop applied in 1 block(s)
	 #7 (2.2685e-02, 3.9649e-05): lin 1 (0.0e+00)
Composition correction applied in 538 block(s)
Local chop applied in 1 block(s)
	 #8 (1.5985e-02, 8.0123e-05): lin 1 (0.0e+00)
Composition correction applied in 537 block(s)
Local chop applied in 1 block(s)
	 #9 (5.8537e-03, 8.0572e-05): lin 1 (0.0e+00)
Composition correction applied in 537 block(s)
	 #10 (1.0179e-03, 4.0505e-05): lin 1 (0.0e+00)
Composition correction applied in 537 block(s)
-------------------------------------------------------------------------------------------------------------
 T = 256.553, DT = 5, NI = 10, LI = 10, RES = 1.2e-05 (4.0e-05), CFL=2.395 (ELAPSED 00:00:02, REMAINING 00:00:06 )
-------------------------------------------------------------------------------------------------------------
	 #1 (1.0729e-01, 1.8392e-02): lin 1 (0.0e+00)
Composition correction applied in 541 block(s)
Local chop applied in 2 block(s)
	 #2 (2.3490e-01, 4.7627e-05): lin 1 (0.0e+00)
Composition correction applied in 541 block(s)
Local chop applied in 2 block(s)
	 #3 (1.4693e-01, 8.5980e-05): lin 1 (0.0e+00)
Composition correction applied in 540 block(s)
Local chop applied in 1 block(s)
	 #4 (9.1742e-02, 4.2380e-05): lin 1 (0.0e+00)
Composition correction applied in 540 block(s)
Local chop applied in 1 block(s)
	 #5 (5.9366e-02, 4.2324e-05): lin 1 (0.0e+00)
Composition correction applied in 540 block(s)
Local chop applied in 1 block(s)
	 #6 (5.3680e-02, 4.2975e-05): lin 1 (0.0e+00)
Composition correction applied in 539 block(s)
Local chop applied in 1 block(s)
	 #7 (4.5484e-02, 4.3124e-05): lin 1 (0.0e+00)
Composition correction applied in 539 block(s)
Local chop applied in 2 block(s)
	 #8 (5.0066e-02, 4.3512e-05): lin 1 (0.0e+00)
Composition correction applied in 538 block(s)
Local chop applied in 2 block(s)
	 #9 (1.7807e-02, 4.4143e-05): lin 1 (0.0e+00)
Composition correction applied in 538 block(s)
-------------------------------------------------------------------------------------------------------------
 T = 261.553, DT = 5, NI = 9, LI = 9, RES = 7.6e-04 (4.4e-05), CFL=2.349 (ELAPSED 00:00:02, REMAINING 00:00:06 )
-------------------------------------------------------------------------------------------------------------
	 #1 (1.0610e-01, 2.0074e-02): lin 1 (0.0e+00)
Composition correction applied in 542 block(s)
Local chop applied in 2 block(s)
	 #2 (1.2131e-01, 5.2808e-05): lin 1 (0.0e+00)
Composition correction applied in 541 block(s)
Local chop applied in 1 block(s)
	 #3 (9.9244e-02, 4.6028e-05): lin 1 (0.0e+00)
Composition correction applied in 541 block(s)
Local chop applied in 1 block(s)
	 #4 (9.0411e-02, 9.2505e-05): lin 1 (0.0e+00)
Composition correction applied in 540 block(s)
Local chop applied in 1 block(s)
	 #5 (7.9455e-02, 4.6417e-05): lin 1 (0.0e+00)
Composition correction applied in 540 block(s)
Local chop applied in 2 block(s)
	 #6 (1.0423e-01, 9.4525e-05): lin 1 (0.0e+00)
Composition correction applied in 540 block(s)
Local chop applied in 2 block(s)
	 #7 (3.9946e-02, 4.8079e-05): lin 1 (0.0e+00)
Composition correction applied in 539 block(s)
Local chop applied in 1 block(s)
	 #8 (1.5972e-02, 4.8531e-05): lin 1 (0.0e+00)
Composition correction applied in 539 block(s)
Local chop applied in 1 block(s)
	 #9 (1.0379e-02, 4.8781e-05): lin 1 (0.0e+00)
Composition correction applied in 539 block(s)
Local chop applied in 1 block(s)
	 #10 (4.2448e-03, 4.8988e-05): lin 1 (0.0e+00)
Composition correction applied in 538 block(s)
-------------------------------------------------------------------------------------------------------------
 T = 266.553, DT = 5, NI = 10, LI = 10, RES = 9.9e-04 (9.8e-05), CFL=2.313 (ELAPSED 00:00:02, REMAINING 00:00:06 )
-------------------------------------------------------------------------------------------------------------
	 #1 (1.0535e-01, 2.2222e-02): lin 1 (0.0e+00)
Composition correction applied in 543 block(s)
Local chop applied in 2 block(s)
	 #2 (2.2741e-01, 5.7352e-05): lin 1 (0.0e+00)
Composition correction applied in 543 block(s)
Local chop applied in 2 block(s)
	 #3 (2.2481e-01, 4.7532e-05): lin 1 (0.0e+00)
Composition correction applied in 542 block(s)
Local chop applied in 2 block(s)
	 #4 (9.6005e-02, 1.0692e-04): lin 1 (0.0e+00)
Composition correction applied in 542 block(s)
Local chop applied in 1 block(s)
	 #5 (4.3130e-02, 4.9014e-05): lin 1 (0.0e+00)
Composition correction applied in 542 block(s)
Local chop applied in 1 block(s)
	 #6 (3.8151e-02, 5.3415e-05): lin 1 (0.0e+00)
Composition correction applied in 542 block(s)
Local chop applied in 1 block(s)
	 #7 (3.1370e-02, 1.0722e-04): lin 1 (0.0e+00)
Composition correction applied in 540 block(s)
Local chop applied in 1 block(s)
	 #8 (2.0789e-02, 5.4095e-05): lin 1 (0.0e+00)
Composition correction applied in 540 block(s)
Local chop applied in 1 block(s)
	 #9 (3.1776e-03, 1.0956e-04): lin 1 (0.0e+00)
Composition correction applied in 540 block(s)
-------------------------------------------------------------------------------------------------------------
 T = 271.553, DT = 5, NI = 9, LI = 9, RES = 1.1e-04 (5.5e-05), CFL=2.405 (ELAPSED 00:00:02, REMAINING 00:00:05 )
-------------------------------------------------------------------------------------------------------------
	 #1 (1.0410e-01, 2.4652e-02): lin 1 (0.0e+00)
Composition correction applied in 544 block(s)
Local chop applied in 2 block(s)
	 #2 (1.8596e-01, 1.0854e-04): lin 1 (0.0e+00)
Composition correction applied in 544 block(s)
Local chop applied in 1 block(s)
	 #3 (3.2165e-01, 5.2734e-05): lin 1 (0.0e+00)
Composition correction applied in 543 block(s)
Local chop applied in 2 block(s)
	 #4 (1.1504e-01, 5.5738e-05): lin 1 (0.0e+00)
Composition correction applied in 543 block(s)
Local chop applied in 1 block(s)
	 #5 (1.2979e-01, 5.8718e-05): lin 1 (0.0e+00)
Composition correction applied in 542 block(s)
Local chop applied in 1 block(s)
	 #6 (6.8503e-02, 5.8988e-05): lin 1 (0.0e+00)
Composition correction applied in 542 block(s)
Local chop applied in 2 block(s)
	 #7 (9.1368e-02, 5.9640e-05): lin 1 (0.0e+00)
Composition correction applied in 542 block(s)
Local chop applied in 2 block(s)
	 #8 (6.0835e-02, 6.0845e-05): lin 1 (0.0e+00)
Composition correction applied in 541 block(s)
Local chop applied in 1 block(s)
	 #9 (1.4987e-02, 1.2457e-04): lin 1 (0.0e+00)
Composition correction applied in 541 block(s)
Local chop applied in 1 block(s)
	 #10 (3.0705e-03, 6.2330e-05): lin 1 (0.0e+00)
Composition correction applied in 541 block(s)
-------------------------------------------------------------------------------------------------------------
 T = 276.553, DT = 5, NI = 10, LI = 10, RES = 2.8e-04 (6.2e-05), CFL=2.219 (ELAPSED 00:00:02, REMAINING 00:00:05 )
-------------------------------------------------------------------------------------------------------------
	 #1 (1.0349e-01, 2.7790e-02): lin 1 (0.0e+00)
Composition correction applied in 544 block(s)
Local chop applied in 2 block(s)
	 #2 (2.0390e-01, 1.2498e-04): lin 1 (0.0e+00)
Composition correction applied in 542 block(s)
Local chop applied in 2 block(s)
	 #3 (1.3871e-01, 6.2813e-05): lin 1 (0.0e+00)
Composition correction applied in 542 block(s)
Local chop applied in 2 block(s)
	 #4 (2.4843e-01, 6.3237e-05): lin 1 (0.0e+00)
Composition correction applied in 543 block(s)
Local chop applied in 2 block(s)
	 #5 (1.3969e-01, 6.8468e-05): lin 1 (0.0e+00)
Composition correction applied in 542 block(s)
Local chop applied in 1 block(s)
	 #6 (3.4659e-02, 6.8449e-05): lin 1 (0.0e+00)
Composition correction applied in 542 block(s)
Local chop applied in 1 block(s)
	 #7 (2.2296e-02, 7.0388e-05): lin 1 (0.0e+00)
Composition correction applied in 541 block(s)
Local chop applied in 1 block(s)
	 #8 (1.5800e-02, 7.1123e-05): lin 1 (0.0e+00)
Composition correction applied in 540 block(s)
Local chop applied in 1 block(s)
	 #9 (5.6817e-03, 1.4346e-04): lin 1 (0.0e+00)
Composition correction applied in 540 block(s)
-------------------------------------------------------------------------------------------------------------
 T = 281.553, DT = 5, NI = 9, LI = 9, RES = 9.8e-04 (1.4e-04), CFL=2.397 (ELAPSED 00:00:02, REMAINING 00:00:05 )
-------------------------------------------------------------------------------------------------------------
	 #1 (1.0243e-01, 3.2319e-02): lin 1 (0.0e+00)
Composition correction applied in 544 block(s)
Local chop applied in 2 block(s)
	 #2 (2.1967e-01, 8.7095e-05): lin 1 (0.0e+00)
Composition correction applied in 544 block(s)
Local chop applied in 2 block(s)
	 #3 (1.6449e-01, 1.5799e-04): lin 1 (0.0e+00)
Composition correction applied in 543 block(s)
Local chop applied in 1 block(s)
	 #4 (8.3329e-02, 7.9120e-05): lin 1 (0.0e+00)
Composition correction applied in 543 block(s)
Local chop applied in 1 block(s)
	 #5 (5.8475e-02, 7.9604e-05): lin 1 (0.0e+00)
Composition correction applied in 543 block(s)
Local chop applied in 1 block(s)
	 #6 (5.3090e-02, 8.0550e-05): lin 1 (0.0e+00)
Composition correction applied in 542 block(s)
Local chop applied in 1 block(s)
	 #7 (4.5150e-02, 8.1156e-05): lin 1 (0.0e+00)
Composition correction applied in 542 block(s)
Local chop applied in 2 block(s)
	 #8 (5.2839e-02, 1.6492e-04): lin 1 (0.0e+00)
Composition correction applied in 541 block(s)
Local chop applied in 2 block(s)
	 #9 (1.9768e-02, 8.4794e-05): lin 1 (0.0e+00)
Composition correction applied in 541 block(s)
Local chop applied in 1 block(s)
-------------------------------------------------------------------------------------------------------------
 T = 286.553, DT = 5, NI = 9, LI = 9, RES = 8.6e-04 (8.6e-05), CFL=2.337 (ELAPSED 00:00:02, REMAINING 00:00:05 )
-------------------------------------------------------------------------------------------------------------
	 #1 (1.0130e-01, 3.8020e-02): lin 1 (0.0e+00)
Composition correction applied in 545 block(s)
Local chop applied in 2 block(s)
	 #2 (1.1803e-01, 1.0512e-04): lin 1 (0.0e+00)
Composition correction applied in 544 block(s)
Local chop applied in 1 block(s)
	 #3 (9.6557e-02, 1.8410e-04): lin 1 (0.0e+00)
Composition correction applied in 543 block(s)
Local chop applied in 1 block(s)
	 #4 (8.6914e-02, 9.3188e-05): lin 1 (0.0e+00)
Composition correction applied in 543 block(s)
Local chop applied in 2 block(s)
	 #5 (1.0389e-01, 1.8974e-04): lin 1 (0.0e+00)
Composition correction applied in 543 block(s)
Local chop applied in 2 block(s)
	 #6 (1.2159e-01, 1.9494e-04): lin 1 (0.0e+00)
Composition correction applied in 542 block(s)
Local chop applied in 2 block(s)
	 #7 (2.5050e-02, 1.0246e-04): lin 1 (0.0e+00)
Composition correction applied in 542 block(s)
Local chop applied in 1 block(s)
	 #8 (1.4259e-02, 1.0291e-04): lin 1 (0.0e+00)
Composition correction applied in 542 block(s)
Local chop applied in 1 block(s)
	 #9 (9.6414e-03, 1.0405e-04): lin 1 (0.0e+00)
Composition correction applied in 542 block(s)
Local chop applied in 1 block(s)
	 #10 (4.9917e-03, 1.0508e-04): lin 1 (0.0e+00)
Composition correction applied in 541 block(s)
-------------------------------------------------------------------------------------------------------------
 T = 291.553, DT = 5, NI = 10, LI = 10, RES = 7.0e-04 (1.1e-04), CFL=2.323 (ELAPSED 00:00:02, REMAINING 00:00:05 )
-------------------------------------------------------------------------------------------------------------
	 #1 (1.0076e-01, 4.6433e-02): lin 1 (0.0e+00)
Composition correction applied in 545 block(s)
Local chop applied in 2 block(s)
	 #2 (2.2184e-01, 1.3063e-04): lin 1 (0.0e+00)
Composition correction applied in 545 block(s)
Local chop applied in 2 block(s)
	 #3 (2.1546e-01, 2.2634e-04): lin 1 (0.0e+00)
Composition correction applied in 544 block(s)
Local chop applied in 2 block(s)
	 #4 (9.3691e-02, 1.2550e-04): lin 1 (0.0e+00)
Composition correction applied in 544 block(s)
Local chop applied in 1 block(s)
	 #5 (4.2231e-02, 1.1771e-04): lin 1 (0.0e+00)
Composition correction applied in 544 block(s)
Local chop applied in 1 block(s)
	 #6 (3.7754e-02, 1.2750e-04): lin 1 (0.0e+00)
Composition correction applied in 544 block(s)
Local chop applied in 1 block(s)
	 #7 (3.1193e-02, 2.5767e-04): lin 1 (0.0e+00)
Composition correction applied in 542 block(s)
Local chop applied in 1 block(s)
	 #8 (2.0916e-02, 1.3153e-04): lin 1 (0.0e+00)
Composition correction applied in 542 block(s)
Local chop applied in 1 block(s)
	 #9 (4.0665e-03, 1.3610e-04): lin 1 (0.0e+00)
Composition correction applied in 542 block(s)
-------------------------------------------------------------------------------------------------------------
 T = 296.553, DT = 5, NI = 9, LI = 9, RES = 1.5e-04 (1.4e-04), CFL=2.401 (ELAPSED 00:00:02, REMAINING 00:00:05 )
-------------------------------------------------------------------------------------------------------------
	 #1 (9.9711e-02, 6.0074e-02): lin 1 (0.0e+00)
Composition correction applied in 546 block(s)
Local chop applied in 2 block(s)
	 #2 (1.7489e-01, 1.7467e-04): lin 1 (0.0e+00)
Composition correction applied in 545 block(s)
Local chop applied in 1 block(s)
	 #3 (3.0253e-01, 1.5217e-04): lin 1 (0.0e+00)
Composition correction applied in 545 block(s)
Local chop applied in 1 block(s)
	 #4 (1.1806e-01, 1.4588e-04): lin 1 (0.0e+00)
Composition correction applied in 545 block(s)
Local chop applied in 1 block(s)
	 #5 (1.3641e-01, 3.3193e-04): lin 1 (0.0e+00)
Composition correction applied in 544 block(s)
Local chop applied in 1 block(s)
	 #6 (6.8207e-02, 1.6582e-04): lin 1 (0.0e+00)
Composition correction applied in 544 block(s)
Local chop applied in 2 block(s)
	 #7 (9.0182e-02, 3.4256e-04): lin 1 (0.0e+00)
Composition correction applied in 544 block(s)
Local chop applied in 2 block(s)
	 #8 (5.5077e-02, 3.6313e-04): lin 1 (0.0e+00)
Composition correction applied in 543 block(s)
Local chop applied in 1 block(s)
	 #9 (1.2034e-02, 1.9351e-04): lin 1 (0.0e+00)
Composition correction applied in 543 block(s)
Local chop applied in 1 block(s)
	 #10 (3.0793e-03, 1.9386e-04): lin 1 (0.0e+00)
Composition correction applied in 543 block(s)
-------------------------------------------------------------------------------------------------------------
 T = 301.553, DT = 5, NI = 10, LI = 10, RES = 3.4e-04 (3.9e-04), CFL=2.206 (ELAPSED 00:00:02, REMAINING 00:00:05 )
-------------------------------------------------------------------------------------------------------------
	 #1 (9.9174e-02, 8.5667e-02): lin 1 (0.0e+00)
Composition correction applied in 546 block(s)
Local chop applied in 2 block(s)
	 #2 (1.9809e-01, 4.7240e-04): lin 1 (0.0e+00)
Composition correction applied in 544 block(s)
Local chop applied in 2 block(s)
	 #3 (1.3404e-01, 2.0498e-04): lin 1 (0.0e+00)
Composition correction applied in 544 block(s)
Local chop applied in 2 block(s)
	 #4 (2.3410e-01, 5.1445e-04): lin 1 (0.0e+00)
Composition correction applied in 545 block(s)
Local chop applied in 2 block(s)
	 #5 (1.1018e-01, 2.7392e-04): lin 1 (0.0e+00)
Composition correction applied in 544 block(s)
Local chop applied in 1 block(s)
	 #6 (3.0624e-02, 5.9604e-04): lin 1 (0.0e+00)
Composition correction applied in 544 block(s)
Local chop applied in 1 block(s)
	 #7 (2.2452e-02, 3.0509e-04): lin 1 (0.0e+00)
Composition correction applied in 543 block(s)
Local chop applied in 1 block(s)
	 #8 (1.6125e-02, 3.1490e-04): lin 1 (0.0e+00)
Composition correction applied in 542 block(s)
Local chop applied in 1 block(s)
	 #9 (6.3995e-03, 3.2953e-04): lin 1 (0.0e+00)
Composition correction applied in 542 block(s)
	 #10 (1.3640e-03, 3.4198e-04): lin 1 (0.0e+00)
Composition correction applied in 542 block(s)
-------------------------------------------------------------------------------------------------------------
 T = 306.553, DT = 5, NI = 10, LI = 10, RES = 2.3e-05 (3.4e-04), CFL=2.398 (ELAPSED 00:00:02, REMAINING 00:00:05 )
-------------------------------------------------------------------------------------------------------------
	 #1 (9.8210e-02, 1.4790e-01): lin 1 (0.0e+00)
Composition correction applied in 546 block(s)
Local chop applied in 2 block(s)
	 #2 (2.1257e-01, 5.8976e-04): lin 1 (0.0e+00)
Composition correction applied in 546 block(s)
Local chop applied in 2 block(s)
	 #3 (1.6322e-01, 4.5404e-04): lin 1 (0.0e+00)
Composition correction applied in 545 block(s)
Local chop applied in 1 block(s)
	 #4 (8.0644e-02, 6.1459e-04): lin 1 (0.0e+00)
Composition correction applied in 545 block(s)
Local chop applied in 1 block(s)
	 #5 (5.6556e-02, 6.2211e-04): lin 1 (0.0e+00)
Composition correction applied in 545 block(s)
Local chop applied in 1 block(s)
	 #6 (5.1265e-02, 1.3102e-03): lin 1 (0.0e+00)
Composition correction applied in 544 block(s)
Local chop applied in 1 block(s)
	 #7 (4.4585e-02, 7.0929e-04): lin 1 (0.0e+00)
Composition correction applied in 544 block(s)
Local chop applied in 2 block(s)
	 #8 (5.1721e-02, 8.2610e-04): lin 1 (0.0e+00)
Composition correction applied in 543 block(s)
Local chop applied in 2 block(s)
	 #9 (1.6515e-02, 1.1386e-03): lin 1 (0.0e+00)
Composition correction applied in 543 block(s)
Local chop applied in 1 block(s)
-------------------------------------------------------------------------------------------------------------
 T = 311.553, DT = 5, NI = 9, LI = 9, RES = 5.0e-04 (2.7e-03), CFL=2.332 (ELAPSED 00:00:02, REMAINING 00:00:05 )
-------------------------------------------------------------------------------------------------------------
	 #1 (9.7378e-02, 5.7815e-01): lin 1 (0.0e+00)
Composition correction applied in 546 block(s)
Local chop applied in 2 block(s)
	 #2 (1.1384e-01, 5.3239e-03): lin 1 (0.0e+00)
Composition correction applied in 545 block(s)
Local chop applied in 1 block(s)
	 #3 (9.2972e-02, 2.1675e-02): lin 1 (0.0e+00)
Composition correction applied in 544 block(s)
Local chop applied in 1 block(s)
	 #4 (8.9872e-02, 5.8555e-03): lin 1 (0.0e+00)
Composition correction applied in 544 block(s)
Local chop applied in 2 block(s)
	 #5 (1.6008e-01, 2.8536e-03): lin 1 (0.0e+00)
Composition correction applied in 544 block(s)
Local chop applied in 2 block(s)
	 #6 (1.5674e-01, 3.1858e-03): lin 1 (0.0e+00)
Composition correction applied in 544 block(s)
Local chop applied in 2 block(s)
	 #7 (3.0129e-02, 1.7165e-03): lin 1 (0.0e+00)
Composition correction applied in 543 block(s)
Local chop applied in 1 block(s)
	 #8 (1.3796e-02, 8.1768e-04): lin 1 (0.0e+00)
Composition correction applied in 543 block(s)
Local chop applied in 1 block(s)
	 #9 (9.2671e-03, 1.5540e-03): lin 1 (0.0e+00)
Composition correction applied in 543 block(s)
Local chop applied in 1 block(s)
	 #10 (5.2970e-03, 1.4472e-03): lin 1 (0.0e+00)
Composition correction applied in 542 block(s)
-------------------------------------------------------------------------------------------------------------
 T = 316.553, DT = 5, NI = 10, LI = 10, RES = 6.9e-04 (7.0e-04), CFL=2.323 (ELAPSED 00:00:02, REMAINING 00:00:05 )
-------------------------------------------------------------------------------------------------------------
	 #1 (9.6795e-02, 3.0108e-01): lin 1 (0.0e+00)
Composition correction applied in 546 block(s)
Local chop applied in 2 block(s)
	 #2 (2.1403e-01, 7.5430e-04): lin 1 (0.0e+00)
Composition correction applied in 546 block(s)
Local chop applied in 2 block(s)
	 #3 (2.1319e-01, 5.0835e-04): lin 1 (0.0e+00)
Composition correction applied in 545 block(s)
Local chop applied in 2 block(s)
	 #4 (9.2315e-02, 3.2836e-04): lin 1 (0.0e+00)
Composition correction applied in 545 block(s)
Local chop applied in 1 block(s)
	 #5 (4.1058e-02, 6.8733e-04): lin 1 (0.0e+00)
Composition correction applied in 545 block(s)
Local chop applied in 1 block(s)
	 #6 (3.6510e-02, 3.2753e-04): lin 1 (0.0e+00)
Composition correction applied in 545 block(s)
Local chop applied in 1 block(s)
	 #7 (3.0182e-02, 3.1758e-04): lin 1 (0.0e+00)
Composition correction applied in 544 block(s)
Local chop applied in 1 block(s)
	 #8 (2.0264e-02, 3.0298e-04): lin 1 (0.0e+00)
Composition correction applied in 543 block(s)
Local chop applied in 1 block(s)
	 #9 (4.1964e-03, 2.8154e-04): lin 1 (0.0e+00)
Composition correction applied in 543 block(s)
-------------------------------------------------------------------------------------------------------------
 T = 321.553, DT = 5, NI = 9, LI = 9, RES = 1.6e-04 (2.8e-04), CFL=2.398 (ELAPSED 00:00:02, REMAINING 00:00:05 )
-------------------------------------------------------------------------------------------------------------
	 #1 (9.5816e-02, 1.1882e-01): lin 1 (0.0e+00)
Composition correction applied in 546 block(s)
Local chop applied in 2 block(s)
	 #2 (1.6770e-01, 2.4492e-04): lin 1 (0.0e+00)
Composition correction applied in 545 block(s)
Local chop applied in 1 block(s)
	 #3 (2.9165e-01, 1.8842e-04): lin 1 (0.0e+00)
Composition correction applied in 545 block(s)
Local chop applied in 1 block(s)
	 #4 (1.1819e-01, 2.3857e-04): lin 1 (0.0e+00)
Composition correction applied in 545 block(s)
Local chop applied in 1 block(s)
	 #5 (1.3158e-01, 2.0446e-04): lin 1 (0.0e+00)
Composition correction applied in 544 block(s)
Local chop applied in 1 block(s)
	 #6 (6.5682e-02, 4.0853e-04): lin 1 (0.0e+00)
Composition correction applied in 544 block(s)
Local chop applied in 2 block(s)
	 #7 (8.9863e-02, 1.9678e-04): lin 1 (0.0e+00)
Composition correction applied in 544 block(s)
Local chop applied in 2 block(s)
	 #8 (5.3840e-02, 1.8470e-04): lin 1 (0.0e+00)
Composition correction applied in 543 block(s)
Local chop applied in 1 block(s)
	 #9 (1.1683e-02, 3.4795e-04): lin 1 (0.0e+00)
Composition correction applied in 543 block(s)
Local chop applied in 1 block(s)
	 #10 (2.9362e-03, 1.7399e-04): lin 1 (0.0e+00)
Composition correction applied in 543 block(s)
-------------------------------------------------------------------------------------------------------------
 T = 326.553, DT = 5, NI = 10, LI = 10, RES = 3.1e-04 (1.7e-04), CFL=2.203 (ELAPSED 00:00:02, REMAINING 00:00:05 )
-------------------------------------------------------------------------------------------------------------
	 #1 (9.5355e-02, 7.3554e-02): lin 1 (0.0e+00)
Composition correction applied in 547 block(s)
Local chop applied in 2 block(s)
	 #2 (1.9122e-01, 1.6119e-04): lin 1 (0.0e+00)
Composition correction applied in 545 block(s)
Local chop applied in 2 block(s)
	 #3 (1.3489e-01, 1.6286e-04): lin 1 (0.0e+00)
Composition correction applied in 545 block(s)
Local chop applied in 2 block(s)
	 #4 (2.3419e-01, 1.3736e-04): lin 1 (0.0e+00)
Composition correction applied in 546 block(s)
Local chop applied in 2 block(s)
	 #5 (1.0929e-01, 1.3760e-04): lin 1 (0.0e+00)
Composition correction applied in 545 block(s)
Local chop applied in 1 block(s)
	 #6 (2.9546e-02, 1.3067e-04): lin 1 (0.0e+00)
Composition correction applied in 545 block(s)
Local chop applied in 1 block(s)
	 #7 (2.1638e-02, 1.3083e-04): lin 1 (0.0e+00)
Composition correction applied in 544 block(s)
Local chop applied in 1 block(s)
	 #8 (1.5533e-02, 1.2934e-04): lin 1 (0.0e+00)
Composition correction applied in 543 block(s)
Local chop applied in 1 block(s)
	 #9 (6.1528e-03, 1.2695e-04): lin 1 (0.0e+00)
Composition correction applied in 543 block(s)
	 #10 (1.3605e-03, 2.5007e-04): lin 1 (0.0e+00)
Composition correction applied in 543 block(s)
-------------------------------------------------------------------------------------------------------------
 T = 331.553, DT = 5, NI = 10, LI = 10, RES = 2.3e-05 (1.3e-04), CFL=2.396 (ELAPSED 00:00:02, REMAINING 00:00:05 )
-------------------------------------------------------------------------------------------------------------
	 #1 (9.4482e-02, 5.3380e-02): lin 1 (0.0e+00)
Composition correction applied in 546 block(s)
Local chop applied in 2 block(s)
	 #2 (2.0485e-01, 2.1024e-04): lin 1 (0.0e+00)
Composition correction applied in 546 block(s)
Local chop applied in 2 block(s)
	 #3 (1.5690e-01, 1.0836e-04): lin 1 (0.0e+00)
Composition correction applied in 545 block(s)
Local chop applied in 1 block(s)
	 #4 (7.7598e-02, 2.1564e-04): lin 1 (0.0e+00)
Composition correction applied in 545 block(s)
Local chop applied in 1 block(s)
	 #5 (5.4457e-02, 2.1486e-04): lin 1 (0.0e+00)
Composition correction applied in 545 block(s)
Local chop applied in 1 block(s)
	 #6 (4.9350e-02, 1.0652e-04): lin 1 (0.0e+00)
Composition correction applied in 544 block(s)
Local chop applied in 1 block(s)
	 #7 (4.4623e-02, 1.0509e-04): lin 1 (0.0e+00)
Composition correction applied in 544 block(s)
Local chop applied in 2 block(s)
	 #8 (5.1680e-02, 2.0580e-04): lin 1 (0.0e+00)
Composition correction applied in 543 block(s)
Local chop applied in 2 block(s)
	 #9 (1.6381e-02, 9.9634e-05): lin 1 (0.0e+00)
Composition correction applied in 543 block(s)
Local chop applied in 1 block(s)
-------------------------------------------------------------------------------------------------------------
 T = 336.553, DT = 5, NI = 9, LI = 9, RES = 5.5e-04 (2.0e-04), CFL=2.330 (ELAPSED 00:00:02, REMAINING 00:00:05 )
-------------------------------------------------------------------------------------------------------------
	 #1 (9.3709e-02, 4.1995e-02): lin 1 (0.0e+00)
Composition correction applied in 547 block(s)
Local chop applied in 2 block(s)
	 #2 (1.0980e-01, 9.9052e-05): lin 1 (0.0e+00)
Composition correction applied in 546 block(s)
Local chop applied in 1 block(s)
	 #3 (8.9623e-02, 9.1155e-05): lin 1 (0.0e+00)
Composition correction applied in 545 block(s)
Local chop applied in 1 block(s)
	 #4 (9.0054e-02, 9.0155e-05): lin 1 (0.0e+00)
Composition correction applied in 545 block(s)
Local chop applied in 2 block(s)
	 #5 (1.6027e-01, 8.8179e-05): lin 1 (0.0e+00)
Composition correction applied in 545 block(s)
Local chop applied in 2 block(s)
	 #6 (1.5672e-01, 1.7334e-04): lin 1 (0.0e+00)
Composition correction applied in 545 block(s)
Local chop applied in 2 block(s)
	 #7 (2.9039e-02, 8.2765e-05): lin 1 (0.0e+00)
Composition correction applied in 544 block(s)
Local chop applied in 1 block(s)
	 #8 (1.3251e-02, 1.6493e-04): lin 1 (0.0e+00)
Composition correction applied in 544 block(s)
Local chop applied in 1 block(s)
	 #9 (8.8745e-03, 8.1937e-05): lin 1 (0.0e+00)
Composition correction applied in 544 block(s)
Local chop applied in 1 block(s)
	 #10 (5.3426e-03, 1.6232e-04): lin 1 (0.0e+00)
Composition correction applied in 543 block(s)
-------------------------------------------------------------------------------------------------------------
 T = 341.553, DT = 5, NI = 10, LI = 10, RES = 6.6e-04 (8.1e-05), CFL=2.321 (ELAPSED 00:00:02, REMAINING 00:00:05 )
-------------------------------------------------------------------------------------------------------------
	 #1 (9.3210e-02, 3.4139e-02): lin 1 (0.0e+00)
Composition correction applied in 546 block(s)
Local chop applied in 2 block(s)
	 #2 (2.0630e-01, 1.4290e-04): lin 1 (0.0e+00)
Composition correction applied in 546 block(s)
Local chop applied in 2 block(s)
	 #3 (2.1587e-01, 7.5218e-05): lin 1 (0.0e+00)
Composition correction applied in 545 block(s)
Local chop applied in 2 block(s)
	 #4 (8.7932e-02, 7.1241e-05): lin 1 (0.0e+00)
Composition correction applied in 545 block(s)
Local chop applied in 1 block(s)
	 #5 (3.9369e-02, 6.7943e-05): lin 1 (0.0e+00)
Composition correction applied in 545 block(s)
Local chop applied in 1 block(s)
	 #6 (3.5073e-02, 1.4283e-04): lin 1 (0.0e+00)
Composition correction applied in 545 block(s)
Local chop applied in 1 block(s)
	 #7 (2.8963e-02, 7.1060e-05): lin 1 (0.0e+00)
Composition correction applied in 543 block(s)
Local chop applied in 1 block(s)
	 #8 (1.9386e-02, 7.0268e-05): lin 1 (0.0e+00)
Composition correction applied in 543 block(s)
Local chop applied in 1 block(s)
	 #9 (3.9575e-03, 6.9073e-05): lin 1 (0.0e+00)
Composition correction applied in 543 block(s)
-------------------------------------------------------------------------------------------------------------
 T = 346.553, DT = 5, NI = 9, LI = 9, RES = 1.4e-04 (6.9e-05), CFL=2.397 (ELAPSED 00:00:02, REMAINING 00:00:05 )
-------------------------------------------------------------------------------------------------------------
	 #1 (9.2326e-02, 2.8932e-02): lin 1 (0.0e+00)
Composition correction applied in 546 block(s)
Local chop applied in 2 block(s)
	 #2 (1.6230e-01, 1.2318e-04): lin 1 (0.0e+00)
Composition correction applied in 545 block(s)
Local chop applied in 1 block(s)
	 #3 (2.8138e-01, 5.8692e-05): lin 1 (0.0e+00)
Composition correction applied in 545 block(s)
Local chop applied in 1 block(s)
	 #4 (1.1893e-01, 1.3310e-04): lin 1 (0.0e+00)
Composition correction applied in 545 block(s)
Local chop applied in 1 block(s)
	 #5 (1.2603e-01, 6.3104e-05): lin 1 (0.0e+00)
Composition correction applied in 544 block(s)
Local chop applied in 1 block(s)
	 #6 (6.3767e-02, 6.3075e-05): lin 1 (0.0e+00)
Composition correction applied in 544 block(s)
Local chop applied in 2 block(s)
	 #7 (9.0300e-02, 1.2487e-04): lin 1 (0.0e+00)
Composition correction applied in 544 block(s)
Local chop applied in 2 block(s)
	 #8 (5.4991e-02, 6.1193e-05): lin 1 (0.0e+00)
Composition correction applied in 543 block(s)
Local chop applied in 1 block(s)
	 #9 (1.0957e-02, 6.0000e-05): lin 1 (0.0e+00)
Composition correction applied in 543 block(s)
Local chop applied in 1 block(s)
	 #10 (2.7633e-03, 5.9972e-05): lin 1 (0.0e+00)
Composition correction applied in 543 block(s)
-------------------------------------------------------------------------------------------------------------
 T = 351.553, DT = 5, NI = 10, LI = 10, RES = 2.9e-04 (6.0e-05), CFL=2.204 (ELAPSED 00:00:02, REMAINING 00:00:04 )
-------------------------------------------------------------------------------------------------------------
	 #1 (9.1933e-02, 2.4995e-02): lin 1 (0.0e+00)
Composition correction applied in 546 block(s)
Local chop applied in 2 block(s)
	 #2 (1.8344e-01, 6.2383e-05): lin 1 (0.0e+00)
Composition correction applied in 544 block(s)
Local chop applied in 2 block(s)
	 #3 (1.3600e-01, 5.8284e-05): lin 1 (0.0e+00)
Composition correction applied in 544 block(s)
Local chop applied in 2 block(s)
	 #4 (2.3851e-01, 1.1411e-04): lin 1 (0.0e+00)
Composition correction applied in 545 block(s)
Local chop applied in 2 block(s)
	 #5 (1.1619e-01, 1.0984e-04): lin 1 (0.0e+00)
Composition correction applied in 544 block(s)
Local chop applied in 1 block(s)
	 #6 (2.8718e-02, 1.0888e-04): lin 1 (0.0e+00)
Composition correction applied in 544 block(s)
Local chop applied in 1 block(s)
	 #7 (2.0563e-02, 5.3788e-05): lin 1 (0.0e+00)
Composition correction applied in 543 block(s)
Local chop applied in 1 block(s)
	 #8 (1.4685e-02, 5.3581e-05): lin 1 (0.0e+00)
Composition correction applied in 542 block(s)
Local chop applied in 1 block(s)
	 #9 (5.6199e-03, 1.0615e-04): lin 1 (0.0e+00)
Composition correction applied in 542 block(s)
	 #10 (1.2154e-03, 5.2882e-05): lin 1 (0.0e+00)
Composition correction applied in 542 block(s)
-------------------------------------------------------------------------------------------------------------
 T = 356.553, DT = 5, NI = 10, LI = 10, RES = 7.8e-06 (1.1e-04), CFL=2.394 (ELAPSED 00:00:02, REMAINING 00:00:04 )
-------------------------------------------------------------------------------------------------------------
	 #1 (9.1142e-02, 2.2237e-02): lin 1 (0.0e+00)
Composition correction applied in 546 block(s)
Local chop applied in 2 block(s)
	 #2 (1.9775e-01, 5.4350e-05): lin 1 (0.0e+00)
Composition correction applied in 546 block(s)
Local chop applied in 2 block(s)
	 #3 (1.4642e-01, 4.8637e-05): lin 1 (0.0e+00)
Composition correction applied in 545 block(s)
Local chop applied in 1 block(s)
	 #4 (7.4571e-02, 4.8983e-05): lin 1 (0.0e+00)
Composition correction applied in 545 block(s)
Local chop applied in 1 block(s)
	 #5 (5.2222e-02, 4.9155e-05): lin 1 (0.0e+00)
Composition correction applied in 545 block(s)
Local chop applied in 1 block(s)
	 #6 (4.7307e-02, 4.9193e-05): lin 1 (0.0e+00)
Composition correction applied in 544 block(s)
Local chop applied in 1 block(s)
	 #7 (4.4480e-02, 4.8866e-05): lin 1 (0.0e+00)
Composition correction applied in 544 block(s)
Local chop applied in 2 block(s)
	 #8 (5.1418e-02, 9.6749e-05): lin 1 (0.0e+00)
Composition correction applied in 543 block(s)
Local chop applied in 2 block(s)
	 #9 (1.6523e-02, 4.7688e-05): lin 1 (0.0e+00)
Composition correction applied in 543 block(s)
-------------------------------------------------------------------------------------------------------------
 T = 361.553, DT = 5, NI = 9, LI = 9, RES = 4.8e-04 (4.7e-05), CFL=2.331 (ELAPSED 00:00:02, REMAINING 00:00:04 )
-------------------------------------------------------------------------------------------------------------
	 #1 (9.0450e-02, 1.9708e-02): lin 1 (0.0e+00)
Composition correction applied in 546 block(s)
Local chop applied in 2 block(s)
	 #2 (1.0478e-01, 8.6222e-05): lin 1 (0.0e+00)
Composition correction applied in 545 block(s)
Local chop applied in 1 block(s)
	 #3 (8.6337e-02, 9.1132e-05): lin 1 (0.0e+00)
Composition correction applied in 544 block(s)
Local chop applied in 1 block(s)
	 #4 (9.0179e-02, 4.5383e-05): lin 1 (0.0e+00)
Composition correction applied in 544 block(s)
Local chop applied in 2 block(s)
	 #5 (1.6023e-01, 4.4786e-05): lin 1 (0.0e+00)
Composition correction applied in 544 block(s)
Local chop applied in 2 block(s)
	 #6 (1.5895e-01, 8.9003e-05): lin 1 (0.0e+00)
Composition correction applied in 544 block(s)
Local chop applied in 2 block(s)
	 #7 (2.6229e-02, 4.3458e-05): lin 1 (0.0e+00)
Composition correction applied in 543 block(s)
Local chop applied in 1 block(s)
	 #8 (1.2494e-02, 4.3140e-05): lin 1 (0.0e+00)
Composition correction applied in 543 block(s)
Local chop applied in 1 block(s)
	 #9 (8.3037e-03, 8.6258e-05): lin 1 (0.0e+00)
Composition correction applied in 543 block(s)
Local chop applied in 1 block(s)
	 #10 (5.2656e-03, 4.3034e-05): lin 1 (0.0e+00)
Composition correction applied in 542 block(s)
-------------------------------------------------------------------------------------------------------------
 T = 366.553, DT = 5, NI = 10, LI = 10, RES = 5.4e-04 (8.6e-05), CFL=2.316 (ELAPSED 00:00:02, REMAINING 00:00:04 )
-------------------------------------------------------------------------------------------------------------
	 #1 (8.9978e-02, 1.7894e-02): lin 1 (0.0e+00)
Composition correction applied in 545 block(s)
Local chop applied in 2 block(s)
	 #2 (1.9833e-01, 7.8887e-05): lin 1 (0.0e+00)
Composition correction applied in 545 block(s)
Local chop applied in 2 block(s)
	 #3 (2.2264e-01, 8.5494e-05): lin 1 (0.0e+00)
Composition correction applied in 544 block(s)
Local chop applied in 2 block(s)
	 #4 (8.0852e-02, 3.9938e-05): lin 1 (0.0e+00)
Composition correction applied in 544 block(s)
Local chop applied in 1 block(s)
	 #5 (3.7094e-02, 8.2343e-05): lin 1 (0.0e+00)
Composition correction applied in 544 block(s)
Local chop applied in 1 block(s)
	 #6 (3.3361e-02, 4.0113e-05): lin 1 (0.0e+00)
Composition correction applied in 544 block(s)
Local chop applied in 1 block(s)
	 #7 (2.7415e-02, 3.9959e-05): lin 1 (0.0e+00)
Composition correction applied in 542 block(s)
Local chop applied in 1 block(s)
	 #8 (1.8168e-02, 3.9710e-05): lin 1 (0.0e+00)
Composition correction applied in 542 block(s)
Local chop applied in 1 block(s)
	 #9 (3.1567e-03, 7.8531e-05): lin 1 (0.0e+00)
Composition correction applied in 542 block(s)
-------------------------------------------------------------------------------------------------------------
 T = 371.553, DT = 5, NI = 9, LI = 9, RES = 8.0e-05 (3.9e-05), CFL=2.397 (ELAPSED 00:00:02, REMAINING 00:00:04 )
-------------------------------------------------------------------------------------------------------------
	 #1 (8.9199e-02, 1.6200e-02): lin 1 (0.0e+00)
Composition correction applied in 545 block(s)
Local chop applied in 2 block(s)
	 #2 (1.5875e-01, 4.1146e-05): lin 1 (0.0e+00)
Composition correction applied in 545 block(s)
Local chop applied in 1 block(s)
	 #3 (2.7541e-01, 3.4854e-05): lin 1 (0.0e+00)
Composition correction applied in 544 block(s)
Local chop applied in 2 block(s)
	 #4 (1.1631e-01, 3.8054e-05): lin 1 (0.0e+00)
Composition correction applied in 544 block(s)
Local chop applied in 1 block(s)
	 #5 (1.1225e-01, 7.4821e-05): lin 1 (0.0e+00)
Composition correction applied in 543 block(s)
Local chop applied in 1 block(s)
	 #6 (6.4003e-02, 3.7301e-05): lin 1 (0.0e+00)
Composition correction applied in 543 block(s)
Local chop applied in 2 block(s)
	 #7 (9.0917e-02, 3.7069e-05): lin 1 (0.0e+00)
Composition correction applied in 543 block(s)
Local chop applied in 2 block(s)
	 #8 (5.7954e-02, 3.6647e-05): lin 1 (0.0e+00)
Composition correction applied in 542 block(s)
Local chop applied in 1 block(s)
	 #9 (1.2151e-02, 3.6192e-05): lin 1 (0.0e+00)
Composition correction applied in 542 block(s)
Local chop applied in 1 block(s)
	 #10 (2.5616e-03, 3.6201e-05): lin 1 (0.0e+00)
Composition correction applied in 542 block(s)
-------------------------------------------------------------------------------------------------------------
 T = 376.553, DT = 5, NI = 10, LI = 10, RES = 2.2e-04 (3.6e-05), CFL=2.209 (ELAPSED 00:00:02, REMAINING 00:00:04 )
-------------------------------------------------------------------------------------------------------------
	 #1 (8.8850e-02, 1.4834e-02): lin 1 (0.0e+00)
Composition correction applied in 545 block(s)
Local chop applied in 2 block(s)
	 #2 (1.7406e-01, 6.5707e-05): lin 1 (0.0e+00)
Composition correction applied in 543 block(s)
Local chop applied in 2 block(s)
	 #3 (1.3995e-01, 7.1735e-05): lin 1 (0.0e+00)
Composition correction applied in 543 block(s)
Local chop applied in 2 block(s)
	 #4 (2.4967e-01, 7.0525e-05): lin 1 (0.0e+00)
Composition correction applied in 544 block(s)
Local chop applied in 2 block(s)
	 #5 (1.3938e-01, 3.4384e-05): lin 1 (0.0e+00)
Composition correction applied in 543 block(s)
Local chop applied in 1 block(s)
	 #6 (2.9755e-02, 3.3470e-05): lin 1 (0.0e+00)
Composition correction applied in 543 block(s)
Local chop applied in 1 block(s)
	 #7 (1.9125e-02, 6.7689e-05): lin 1 (0.0e+00)
Composition correction applied in 542 block(s)
Local chop applied in 1 block(s)
	 #8 (1.3478e-02, 3.3757e-05): lin 1 (0.0e+00)
Composition correction applied in 541 block(s)
Local chop applied in 1 block(s)
	 #9 (4.6949e-03, 3.3596e-05): lin 1 (0.0e+00)
Composition correction applied in 541 block(s)
-------------------------------------------------------------------------------------------------------------
 T = 381.553, DT = 5, NI = 9, LI = 9, RES = 9.1e-04 (6.7e-05), CFL=2.390 (ELAPSED 00:00:02, REMAINING 00:00:04 )
-------------------------------------------------------------------------------------------------------------
	 #1 (8.8136e-02, 1.3822e-02): lin 1 (0.0e+00)
Composition correction applied in 544 block(s)
Local chop applied in 2 block(s)
	 #2 (1.9024e-01, 3.5054e-05): lin 1 (0.0e+00)
Composition correction applied in 544 block(s)
Local chop applied in 2 block(s)
	 #3 (1.3805e-01, 3.1425e-05): lin 1 (0.0e+00)
Composition correction applied in 543 block(s)
Local chop applied in 1 block(s)
	 #4 (7.1508e-02, 3.1834e-05): lin 1 (0.0e+00)
Composition correction applied in 543 block(s)
Local chop applied in 1 block(s)
	 #5 (5.0001e-02, 3.1896e-05): lin 1 (0.0e+00)
Composition correction applied in 543 block(s)
Local chop applied in 1 block(s)
	 #6 (4.5536e-02, 6.3806e-05): lin 1 (0.0e+00)
Composition correction applied in 542 block(s)
Local chop applied in 1 block(s)
	 #7 (4.4805e-02, 6.3607e-05): lin 1 (0.0e+00)
Composition correction applied in 542 block(s)
Local chop applied in 2 block(s)
	 #8 (5.2231e-02, 6.3211e-05): lin 1 (0.0e+00)
Composition correction applied in 541 block(s)
Local chop applied in 2 block(s)
	 #9 (1.9175e-02, 6.2570e-05): lin 1 (0.0e+00)
Composition correction applied in 541 block(s)
-------------------------------------------------------------------------------------------------------------
 T = 386.553, DT = 5, NI = 9, LI = 9, RES = 7.9e-04 (6.2e-05), CFL=2.333 (ELAPSED 00:00:03, REMAINING 00:00:04 )
-------------------------------------------------------------------------------------------------------------
	 #1 (8.7337e-02, 1.2852e-02): lin 1 (0.0e+00)
Composition correction applied in 544 block(s)
Local chop applied in 2 block(s)
	 #2 (1.0134e-01, 3.2949e-05): lin 1 (0.0e+00)
Composition correction applied in 543 block(s)
Local chop applied in 1 block(s)
	 #3 (8.3004e-02, 6.0733e-05): lin 1 (0.0e+00)
Composition correction applied in 543 block(s)
Local chop applied in 1 block(s)
	 #4 (7.5343e-02, 3.0274e-05): lin 1 (0.0e+00)
Composition correction applied in 542 block(s)
Local chop applied in 1 block(s)
	 #5 (7.0368e-02, 3.0078e-05): lin 1 (0.0e+00)
Composition correction applied in 542 block(s)
Local chop applied in 2 block(s)
	 #6 (9.9266e-02, 2.9792e-05): lin 1 (0.0e+00)
Composition correction applied in 541 block(s)
Local chop applied in 2 block(s)
	 #7 (2.5144e-02, 2.9458e-05): lin 1 (0.0e+00)
Composition correction applied in 541 block(s)
Local chop applied in 1 block(s)
	 #8 (1.2457e-02, 5.8698e-05): lin 1 (0.0e+00)
Composition correction applied in 541 block(s)
Local chop applied in 1 block(s)
	 #9 (8.4563e-03, 5.8549e-05): lin 1 (0.0e+00)
Composition correction applied in 541 block(s)
Local chop applied in 1 block(s)
	 #10 (3.9415e-03, 5.8395e-05): lin 1 (0.0e+00)
Composition correction applied in 540 block(s)
-------------------------------------------------------------------------------------------------------------
 T = 391.553, DT = 5, NI = 10, LI = 10, RES = 8.1e-04 (5.8e-05), CFL=2.310 (ELAPSED 00:00:03, REMAINING 00:00:04 )
-------------------------------------------------------------------------------------------------------------
	 #1 (8.7063e-02, 1.1966e-02): lin 1 (0.0e+00)
Composition correction applied in 543 block(s)
Local chop applied in 2 block(s)
	 #2 (1.9084e-01, 3.0249e-05): lin 1 (0.0e+00)
Composition correction applied in 543 block(s)
Local chop applied in 2 block(s)
	 #3 (2.2506e-01, 2.7940e-05): lin 1 (0.0e+00)
Composition correction applied in 542 block(s)
Local chop applied in 2 block(s)
	 #4 (8.0206e-02, 5.6015e-05): lin 1 (0.0e+00)
Composition correction applied in 542 block(s)
Local chop applied in 1 block(s)
	 #5 (3.5981e-02, 2.6714e-05): lin 1 (0.0e+00)
Composition correction applied in 542 block(s)
Local chop applied in 1 block(s)
	 #6 (3.1857e-02, 5.5615e-05): lin 1 (0.0e+00)
Composition correction applied in 542 block(s)
Local chop applied in 1 block(s)
	 #7 (2.6141e-02, 5.5462e-05): lin 1 (0.0e+00)
Composition correction applied in 540 block(s)
Local chop applied in 1 block(s)
	 #8 (1.7302e-02, 2.7655e-05): lin 1 (0.0e+00)
Composition correction applied in 540 block(s)
Local chop applied in 1 block(s)
	 #9 (2.7939e-03, 5.4857e-05): lin 1 (0.0e+00)
Composition correction applied in 540 block(s)
-------------------------------------------------------------------------------------------------------------
 T = 396.553, DT = 5, NI = 9, LI = 9, RES = 7.9e-05 (2.7e-05), CFL=2.396 (ELAPSED 00:00:03, REMAINING 00:00:04 )
-------------------------------------------------------------------------------------------------------------
	 #1 (8.6308e-02, 1.1137e-02): lin 1 (0.0e+00)
Composition correction applied in 543 block(s)
Local chop applied in 2 block(s)
	 #2 (1.5505e-01, 2.9064e-05): lin 1 (0.0e+00)
Composition correction applied in 543 block(s)
Local chop applied in 1 block(s)
	 #3 (2.6928e-01, 2.4857e-05): lin 1 (0.0e+00)
Composition correction applied in 542 block(s)
Local chop applied in 2 block(s)
	 #4 (1.1644e-01, 2.6791e-05): lin 1 (0.0e+00)
Composition correction applied in 542 block(s)
Local chop applied in 1 block(s)
	 #5 (1.0696e-01, 2.6438e-05): lin 1 (0.0e+00)
Composition correction applied in 541 block(s)
Local chop applied in 1 block(s)
	 #6 (6.4187e-02, 2.6458e-05): lin 1 (0.0e+00)
Composition correction applied in 541 block(s)
Local chop applied in 2 block(s)
	 #7 (9.1603e-02, 2.6345e-05): lin 1 (0.0e+00)
Composition correction applied in 541 block(s)
Local chop applied in 2 block(s)
	 #8 (6.0641e-02, 2.6144e-05): lin 1 (0.0e+00)
Composition correction applied in 540 block(s)
Local chop applied in 1 block(s)
	 #9 (1.2794e-02, 5.1703e-05): lin 1 (0.0e+00)
Composition correction applied in 540 block(s)
Local chop applied in 1 block(s)
	 #10 (2.3521e-03, 5.1728e-05): lin 1 (0.0e+00)
Composition correction applied in 540 block(s)
-------------------------------------------------------------------------------------------------------------
 T = 401.553, DT = 5, NI = 10, LI = 10, RES = 1.8e-04 (2.6e-05), CFL=2.214 (ELAPSED 00:00:03, REMAINING 00:00:04 )
-------------------------------------------------------------------------------------------------------------
	 #1 (8.6032e-02, 1.0447e-02): lin 1 (0.0e+00)
Composition correction applied in 543 block(s)
Local chop applied in 2 block(s)
	 #2 (1.6884e-01, 2.7559e-05): lin 1 (0.0e+00)
Composition correction applied in 541 block(s)
Local chop applied in 2 block(s)
	 #3 (1.4213e-01, 5.1481e-05): lin 1 (0.0e+00)
Composition correction applied in 541 block(s)
Local chop applied in 2 block(s)
	 #4 (2.5708e-01, 2.4297e-05): lin 1 (0.0e+00)
Composition correction applied in 542 block(s)
Local chop applied in 2 block(s)
	 #5 (1.5698e-01, 4.9873e-05): lin 1 (0.0e+00)
Composition correction applied in 541 block(s)
Local chop applied in 1 block(s)
	 #6 (3.0961e-02, 2.4429e-05): lin 1 (0.0e+00)
Composition correction applied in 541 block(s)
Local chop applied in 1 block(s)
	 #7 (1.7972e-02, 2.4628e-05): lin 1 (0.0e+00)
Composition correction applied in 540 block(s)
Local chop applied in 1 block(s)
	 #8 (1.2470e-02, 2.4629e-05): lin 1 (0.0e+00)
Composition correction applied in 539 block(s)
Local chop applied in 1 block(s)
	 #9 (3.9592e-03, 2.4541e-05): lin 1 (0.0e+00)
Composition correction applied in 539 block(s)
-------------------------------------------------------------------------------------------------------------
 T = 406.553, DT = 5, NI = 9, LI = 9, RES = 6.9e-04 (2.4e-05), CFL=2.386 (ELAPSED 00:00:03, REMAINING 00:00:04 )
-------------------------------------------------------------------------------------------------------------
	 #1 (8.5403e-02, 9.8662e-03): lin 1 (0.0e+00)
Composition correction applied in 542 block(s)
Local chop applied in 2 block(s)
	 #2 (1.8860e-01, 2.5553e-05): lin 1 (0.0e+00)
Composition correction applied in 542 block(s)
Local chop applied in 2 block(s)
	 #3 (1.2452e-01, 4.8722e-05): lin 1 (0.0e+00)
Composition correction applied in 541 block(s)
Local chop applied in 1 block(s)
	 #4 (7.3260e-02, 2.3594e-05): lin 1 (0.0e+00)
Composition correction applied in 541 block(s)
Local chop applied in 1 block(s)
	 #5 (4.7878e-02, 4.7425e-05): lin 1 (0.0e+00)
Composition correction applied in 541 block(s)
Local chop applied in 1 block(s)
	 #6 (4.3402e-02, 2.3657e-05): lin 1 (0.0e+00)
Composition correction applied in 540 block(s)
Local chop applied in 1 block(s)
	 #7 (4.4197e-02, 2.3575e-05): lin 1 (0.0e+00)
Composition correction applied in 540 block(s)
Local chop applied in 2 block(s)
	 #8 (5.1099e-02, 2.3477e-05): lin 1 (0.0e+00)
Composition correction applied in 539 block(s)
Local chop applied in 2 block(s)
	 #9 (1.8653e-02, 4.6554e-05): lin 1 (0.0e+00)
Composition correction applied in 539 block(s)
-------------------------------------------------------------------------------------------------------------
 T = 411.553, DT = 5, NI = 9, LI = 9, RES = 7.5e-04 (2.3e-05), CFL=2.337 (ELAPSED 00:00:03, REMAINING 00:00:04 )
-------------------------------------------------------------------------------------------------------------
	 #1 (8.4668e-02, 9.3441e-03): lin 1 (0.0e+00)
Composition correction applied in 542 block(s)
Local chop applied in 2 block(s)
	 #2 (9.7304e-02, 2.4561e-05): lin 1 (0.0e+00)
Composition correction applied in 541 block(s)
Local chop applied in 1 block(s)
	 #3 (7.9996e-02, 2.2792e-05): lin 1 (0.0e+00)
Composition correction applied in 541 block(s)
Local chop applied in 1 block(s)
	 #4 (7.2831e-02, 2.2720e-05): lin 1 (0.0e+00)
Composition correction applied in 540 block(s)
Local chop applied in 1 block(s)
	 #5 (7.2424e-02, 4.5292e-05): lin 1 (0.0e+00)
Composition correction applied in 540 block(s)
Local chop applied in 2 block(s)
	 #6 (1.0610e-01, 2.2456e-05): lin 1 (0.0e+00)
Composition correction applied in 540 block(s)
Local chop applied in 2 block(s)
	 #7 (4.1710e-02, 4.4572e-05): lin 1 (0.0e+00)
Composition correction applied in 539 block(s)
Local chop applied in 1 block(s)
	 #8 (1.2837e-02, 2.2200e-05): lin 1 (0.0e+00)
Composition correction applied in 539 block(s)
Local chop applied in 1 block(s)
	 #9 (8.1371e-03, 2.2187e-05): lin 1 (0.0e+00)
Composition correction applied in 539 block(s)
Local chop applied in 1 block(s)
	 #10 (3.2038e-03, 2.2148e-05): lin 1 (0.0e+00)
Composition correction applied in 538 block(s)
-------------------------------------------------------------------------------------------------------------
 T = 416.553, DT = 5, NI = 10, LI = 10, RES = 8.7e-04 (4.4e-05), CFL=2.300 (ELAPSED 00:00:03, REMAINING 00:00:04 )
-------------------------------------------------------------------------------------------------------------
	 #1 (8.4439e-02, 8.9109e-03): lin 1 (0.0e+00)
Composition correction applied in 541 block(s)
Local chop applied in 2 block(s)
	 #2 (1.8656e-01, 2.2929e-05): lin 1 (0.0e+00)
Composition correction applied in 541 block(s)
Local chop applied in 2 block(s)
	 #3 (2.3342e-01, 4.4255e-05): lin 1 (0.0e+00)
Composition correction applied in 541 block(s)
Local chop applied in 2 block(s)
	 #4 (7.5154e-02, 2.1181e-05): lin 1 (0.0e+00)
Composition correction applied in 540 block(s)
Local chop applied in 1 block(s)
	 #5 (3.3919e-02, 2.0491e-05): lin 1 (0.0e+00)
Composition correction applied in 540 block(s)
Local chop applied in 1 block(s)
	 #6 (3.0038e-02, 4.2581e-05): lin 1 (0.0e+00)
Composition correction applied in 540 block(s)
Local chop applied in 1 block(s)
	 #7 (2.4501e-02, 2.1283e-05): lin 1 (0.0e+00)
Composition correction applied in 538 block(s)
Local chop applied in 1 block(s)
	 #8 (1.6475e-02, 2.1206e-05): lin 1 (0.0e+00)
Composition correction applied in 538 block(s)
Local chop applied in 1 block(s)
	 #9 (1.6715e-03, 2.1105e-05): lin 1 (0.0e+00)
Composition correction applied in 538 block(s)
-------------------------------------------------------------------------------------------------------------
 T = 421.553, DT = 5, NI = 9, LI = 9, RES = 2.6e-05 (2.1e-05), CFL=2.396 (ELAPSED 00:00:03, REMAINING 00:00:04 )
-------------------------------------------------------------------------------------------------------------
	 #1 (8.3707e-02, 8.4202e-03): lin 1 (0.0e+00)
Composition correction applied in 541 block(s)
Local chop applied in 2 block(s)
	 #2 (1.5308e-01, 2.2273e-05): lin 1 (0.0e+00)
Composition correction applied in 541 block(s)
Local chop applied in 1 block(s)
	 #3 (2.6541e-01, 4.2115e-05): lin 1 (0.0e+00)
Composition correction applied in 540 block(s)
Local chop applied in 2 block(s)
	 #4 (1.1639e-01, 4.1757e-05): lin 1 (0.0e+00)
Composition correction applied in 540 block(s)
Local chop applied in 1 block(s)
	 #5 (1.0052e-01, 4.1068e-05): lin 1 (0.0e+00)
Composition correction applied in 539 block(s)
Local chop applied in 1 block(s)
	 #6 (6.4468e-02, 2.0492e-05): lin 1 (0.0e+00)
Composition correction applied in 539 block(s)
Local chop applied in 2 block(s)
	 #7 (9.2351e-02, 2.0426e-05): lin 1 (0.0e+00)
Composition correction applied in 539 block(s)
Local chop applied in 2 block(s)
	 #8 (6.5075e-02, 2.0322e-05): lin 1 (0.0e+00)
Composition correction applied in 538 block(s)
Local chop applied in 1 block(s)
	 #9 (1.3771e-02, 2.0152e-05): lin 1 (0.0e+00)
Composition correction applied in 538 block(s)
Local chop applied in 1 block(s)
	 #10 (2.0999e-03, 4.0267e-05): lin 1 (0.0e+00)
Composition correction applied in 538 block(s)
-------------------------------------------------------------------------------------------------------------
 T = 426.553, DT = 5, NI = 10, LI = 10, RES = 1.1e-04 (2.0e-05), CFL=2.224 (ELAPSED 00:00:03, REMAINING 00:00:04 )
-------------------------------------------------------------------------------------------------------------
	 #1 (8.3473e-02, 8.0066e-03): lin 1 (0.0e+00)
Composition correction applied in 540 block(s)
Local chop applied in 2 block(s)
	 #2 (1.6170e-01, 2.1426e-05): lin 1 (0.0e+00)
Composition correction applied in 538 block(s)
Local chop applied in 1 block(s)
	 #3 (1.4791e-01, 4.0170e-05): lin 1 (0.0e+00)
Composition correction applied in 538 block(s)
Local chop applied in 2 block(s)
	 #4 (2.7236e-01, 3.9897e-05): lin 1 (0.0e+00)
Composition correction applied in 539 block(s)
Local chop applied in 2 block(s)
	 #5 (1.9151e-01, 3.9204e-05): lin 1 (0.0e+00)
Composition correction applied in 538 block(s)
Local chop applied in 1 block(s)
	 #6 (3.9965e-02, 3.9095e-05): lin 1 (0.0e+00)
Composition correction applied in 538 block(s)
Local chop applied in 1 block(s)
	 #7 (1.7650e-02, 3.8859e-05): lin 1 (0.0e+00)
Composition correction applied in 537 block(s)
Local chop applied in 1 block(s)
	 #8 (1.2480e-02, 1.9390e-05): lin 1 (0.0e+00)
Composition correction applied in 536 block(s)
Local chop applied in 1 block(s)
	 #9 (5.0021e-03, 1.9338e-05): lin 1 (0.0e+00)
Composition correction applied in 536 block(s)
	 #10 (1.1857e-03, 1.9304e-05): lin 1 (0.0e+00)
Composition correction applied in 536 block(s)
-------------------------------------------------------------------------------------------------------------
 T = 431.553, DT = 5, NI = 10, LI = 10, RES = 8.7e-06 (3.9e-05), CFL=2.380 (ELAPSED 00:00:03, REMAINING 00:00:04 )
-------------------------------------------------------------------------------------------------------------
	 #1 (8.2932e-02, 7.7093e-03): lin 1 (0.0e+00)
Composition correction applied in 539 block(s)
Local chop applied in 2 block(s)
	 #2 (1.8281e-01, 2.0206e-05): lin 1 (0.0e+00)
Composition correction applied in 539 block(s)
Local chop applied in 2 block(s)
	 #3 (1.0434e-01, 3.8565e-05): lin 1 (0.0e+00)
Composition correction applied in 538 block(s)
Local chop applied in 1 block(s)
	 #4 (7.0288e-02, 1.8760e-05): lin 1 (0.0e+00)
Composition correction applied in 538 block(s)
Local chop applied in 1 block(s)
	 #5 (4.5285e-02, 3.7627e-05): lin 1 (0.0e+00)
Composition correction applied in 538 block(s)
Local chop applied in 1 block(s)
	 #6 (4.0755e-02, 1.8771e-05): lin 1 (0.0e+00)
Composition correction applied in 537 block(s)
Local chop applied in 1 block(s)
	 #7 (4.2845e-02, 1.8722e-05): lin 1 (0.0e+00)
Composition correction applied in 537 block(s)
Local chop applied in 1 block(s)
	 #8 (4.8654e-02, 1.8661e-05): lin 1 (0.0e+00)
Composition correction applied in 536 block(s)
Local chop applied in 2 block(s)
	 #9 (1.6879e-02, 1.8562e-05): lin 1 (0.0e+00)
Composition correction applied in 536 block(s)
-------------------------------------------------------------------------------------------------------------
 T = 436.553, DT = 5, NI = 9, LI = 9, RES = 5.7e-04 (1.9e-05), CFL=2.345 (ELAPSED 00:00:03, REMAINING 00:00:04 )
-------------------------------------------------------------------------------------------------------------
	 #1 (8.2297e-02, 7.3209e-03): lin 1 (0.0e+00)
Composition correction applied in 539 block(s)
Local chop applied in 2 block(s)
	 #2 (9.8450e-02, 1.9489e-05): lin 1 (0.0e+00)
Composition correction applied in 538 block(s)
Local chop applied in 1 block(s)
	 #3 (7.7274e-02, 3.6397e-05): lin 1 (0.0e+00)
Composition correction applied in 538 block(s)
Local chop applied in 1 block(s)
	 #4 (7.0062e-02, 1.8177e-05): lin 1 (0.0e+00)
Composition correction applied in 537 block(s)
Local chop applied in 1 block(s)
	 #5 (7.5065e-02, 1.8117e-05): lin 1 (0.0e+00)
Composition correction applied in 537 block(s)
Local chop applied in 2 block(s)
	 #6 (1.1532e-01, 3.6143e-05): lin 1 (0.0e+00)
Composition correction applied in 537 block(s)
Local chop applied in 2 block(s)
	 #7 (6.6532e-02, 1.7932e-05): lin 1 (0.0e+00)
Composition correction applied in 536 block(s)
Local chop applied in 1 block(s)
	 #8 (1.4921e-02, 1.7842e-05): lin 1 (0.0e+00)
Composition correction applied in 536 block(s)
Local chop applied in 1 block(s)
	 #9 (7.7319e-03, 1.7837e-05): lin 1 (0.0e+00)
Composition correction applied in 536 block(s)
Local chop applied in 1 block(s)
	 #10 (3.2447e-03, 3.5568e-05): lin 1 (0.0e+00)
Composition correction applied in 535 block(s)
-------------------------------------------------------------------------------------------------------------
 T = 441.553, DT = 5, NI = 10, LI = 10, RES = 8.6e-04 (3.6e-05), CFL=2.284 (ELAPSED 00:00:03, REMAINING 00:00:04 )
-------------------------------------------------------------------------------------------------------------
	 #1 (8.2045e-02, 7.0542e-03): lin 1 (0.0e+00)
Composition correction applied in 538 block(s)
Local chop applied in 2 block(s)
	 #2 (1.7725e-01, 1.8471e-05): lin 1 (0.0e+00)
Composition correction applied in 538 block(s)
Local chop applied in 2 block(s)
	 #3 (2.4906e-01, 3.5676e-05): lin 1 (0.0e+00)
Composition correction applied in 538 block(s)
Local chop applied in 2 block(s)
	 #4 (1.1706e-01, 1.7165e-05): lin 1 (0.0e+00)
Composition correction applied in 537 block(s)
Local chop applied in 1 block(s)
	 #5 (3.2960e-02, 3.5138e-05): lin 1 (0.0e+00)
Composition correction applied in 537 block(s)
Local chop applied in 1 block(s)
	 #6 (2.7798e-02, 1.7261e-05): lin 1 (0.0e+00)
Composition correction applied in 537 block(s)
Local chop applied in 1 block(s)
	 #7 (2.2312e-02, 1.7245e-05): lin 1 (0.0e+00)
Composition correction applied in 535 block(s)
Local chop applied in 1 block(s)
	 #8 (1.4858e-02, 3.4346e-05): lin 1 (0.0e+00)
Composition correction applied in 535 block(s)
Local chop applied in 1 block(s)
-------------------------------------------------------------------------------------------------------------
 T = 446.553, DT = 5, NI = 8, LI = 8, RES = 4.9e-04 (1.7e-05), CFL=2.398 (ELAPSED 00:00:03, REMAINING 00:00:04 )
-------------------------------------------------------------------------------------------------------------
	 #1 (8.1326e-02, 6.7314e-03): lin 1 (0.0e+00)
Composition correction applied in 537 block(s)
Local chop applied in 2 block(s)
	 #2 (1.5757e-01, 1.8046e-05): lin 1 (0.0e+00)
Composition correction applied in 537 block(s)
Local chop applied in 1 block(s)
	 #3 (2.9402e-01, 3.3641e-05): lin 1 (0.0e+00)
Composition correction applied in 536 block(s)
Local chop applied in 2 block(s)
	 #4 (1.2709e-01, 3.3753e-05): lin 1 (0.0e+00)
Composition correction applied in 536 block(s)
Local chop applied in 1 block(s)
	 #5 (9.0163e-02, 1.6725e-05): lin 1 (0.0e+00)
Composition correction applied in 536 block(s)
Local chop applied in 1 block(s)
	 #6 (5.3049e-02, 3.3533e-05): lin 1 (0.0e+00)
Composition correction applied in 535 block(s)
Local chop applied in 1 block(s)
	 #7 (5.1171e-02, 1.6707e-05): lin 1 (0.0e+00)
Composition correction applied in 535 block(s)
Local chop applied in 2 block(s)
	 #8 (6.1105e-02, 1.6639e-05): lin 1 (0.0e+00)
Composition correction applied in 534 block(s)
Local chop applied in 2 block(s)
	 #9 (9.7601e-03, 1.6537e-05): lin 1 (0.0e+00)
Composition correction applied in 534 block(s)
Local chop applied in 1 block(s)
	 #10 (2.5762e-03, 1.6523e-05): lin 1 (0.0e+00)
Composition correction applied in 534 block(s)
-------------------------------------------------------------------------------------------------------------
 T = 451.553, DT = 5, NI = 10, LI = 10, RES = 3.5e-04 (1.7e-05), CFL=2.239 (ELAPSED 00:00:03, REMAINING 00:00:03 )
-------------------------------------------------------------------------------------------------------------
	 #1 (8.1218e-02, 6.4563e-03): lin 1 (0.0e+00)
Composition correction applied in 537 block(s)
Local chop applied in 2 block(s)
	 #2 (1.4728e-01, 1.7528e-05): lin 1 (0.0e+00)
Composition correction applied in 535 block(s)
Local chop applied in 1 block(s)
	 #3 (1.3434e-01, 3.4101e-05): lin 1 (0.0e+00)
Composition correction applied in 535 block(s)
Local chop applied in 2 block(s)
	 #4 (2.3962e-01, 1.6116e-05): lin 1 (0.0e+00)
Composition correction applied in 536 block(s)
Local chop applied in 2 block(s)
	 #5 (2.1982e-01, 1.6161e-05): lin 1 (0.0e+00)
Composition correction applied in 535 block(s)
Local chop applied in 2 block(s)
	 #6 (5.0700e-02, 1.5958e-05): lin 1 (0.0e+00)
Composition correction applied in 535 block(s)
Local chop applied in 1 block(s)
	 #7 (1.8230e-02, 1.5904e-05): lin 1 (0.0e+00)
Composition correction applied in 534 block(s)
Local chop applied in 1 block(s)
	 #8 (1.3040e-02, 1.5990e-05): lin 1 (0.0e+00)
Composition correction applied in 533 block(s)
Local chop applied in 1 block(s)
	 #9 (8.4404e-03, 1.5963e-05): lin 1 (0.0e+00)
Composition correction applied in 533 block(s)
	 #10 (2.7578e-03, 1.5924e-05): lin 1 (0.0e+00)
Composition correction applied in 533 block(s)
-------------------------------------------------------------------------------------------------------------
 T = 456.553, DT = 5, NI = 10, LI = 10, RES = 8.6e-05 (1.6e-05), CFL=2.371 (ELAPSED 00:00:03, REMAINING 00:00:03 )
-------------------------------------------------------------------------------------------------------------
	 #1 (8.0619e-02, 6.2180e-03): lin 1 (0.0e+00)
Composition correction applied in 536 block(s)
Local chop applied in 2 block(s)
	 #2 (1.7964e-01, 3.0351e-05): lin 1 (0.0e+00)
Composition correction applied in 536 block(s)
Local chop applied in 2 block(s)
	 #3 (9.7172e-02, 3.1843e-05): lin 1 (0.0e+00)
Composition correction applied in 535 block(s)
Local chop applied in 1 block(s)
	 #4 (6.7059e-02, 3.1138e-05): lin 1 (0.0e+00)
Composition correction applied in 535 block(s)
Local chop applied in 1 block(s)
	 #5 (4.1841e-02, 1.5459e-05): lin 1 (0.0e+00)
Composition correction applied in 535 block(s)
Local chop applied in 1 block(s)
	 #6 (3.8050e-02, 3.1057e-05): lin 1 (0.0e+00)
Composition correction applied in 534 block(s)
Local chop applied in 1 block(s)
	 #7 (4.1396e-02, 3.1016e-05): lin 1 (0.0e+00)
Composition correction applied in 534 block(s)
Local chop applied in 1 block(s)
	 #8 (4.6139e-02, 1.5484e-05): lin 1 (0.0e+00)
Composition correction applied in 533 block(s)
Local chop applied in 2 block(s)
	 #9 (1.6279e-02, 3.0782e-05): lin 1 (0.0e+00)
Composition correction applied in 533 block(s)
-------------------------------------------------------------------------------------------------------------
 T = 461.553, DT = 5, NI = 9, LI = 9, RES = 6.0e-04 (3.1e-05), CFL=2.355 (ELAPSED 00:00:03, REMAINING 00:00:03 )
-------------------------------------------------------------------------------------------------------------
	 #1 (8.0010e-02, 6.0412e-03): lin 1 (0.0e+00)
Composition correction applied in 535 block(s)
Local chop applied in 2 block(s)
	 #2 (9.8998e-02, 1.6209e-05): lin 1 (0.0e+00)
Composition correction applied in 534 block(s)
Local chop applied in 1 block(s)
	 #3 (7.9074e-02, 3.0377e-05): lin 1 (0.0e+00)
Composition correction applied in 534 block(s)
Local chop applied in 1 block(s)
	 #4 (6.7996e-02, 3.0337e-05): lin 1 (0.0e+00)
Composition correction applied in 533 block(s)
Local chop applied in 1 block(s)
	 #5 (7.7596e-02, 3.0232e-05): lin 1 (0.0e+00)
Composition correction applied in 533 block(s)
Local chop applied in 2 block(s)
	 #6 (1.2385e-01, 1.5054e-05): lin 1 (0.0e+00)
Composition correction applied in 533 block(s)
Local chop applied in 2 block(s)
	 #7 (9.2679e-02, 1.5000e-05): lin 1 (0.0e+00)
Composition correction applied in 532 block(s)
Local chop applied in 1 block(s)
	 #8 (2.3732e-02, 1.4900e-05): lin 1 (0.0e+00)
Composition correction applied in 532 block(s)
Local chop applied in 1 block(s)
	 #9 (7.6679e-03, 2.9780e-05): lin 1 (0.0e+00)
Composition correction applied in 532 block(s)
Local chop applied in 1 block(s)
	 #10 (2.9835e-03, 1.4899e-05): lin 1 (0.0e+00)
Composition correction applied in 531 block(s)
-------------------------------------------------------------------------------------------------------------
 T = 466.553, DT = 5, NI = 10, LI = 10, RES = 7.2e-04 (1.5e-05), CFL=4.246 (ELAPSED 00:00:03, REMAINING 00:00:03 )
-------------------------------------------------------------------------------------------------------------
	 #1 (7.9825e-02, 5.7729e-03): lin 1 (0.0e+00)
Composition correction applied in 534 block(s)
Local chop applied in 1 block(s)
	 #2 (1.7390e-01, 1.5441e-05): lin 1 (0.0e+00)
Composition correction applied in 533 block(s)
Local chop applied in 2 block(s)
	 #3 (2.6403e-01, 2.9828e-05): lin 1 (0.0e+00)
Composition correction applied in 534 block(s)
Local chop applied in 2 block(s)
	 #4 (1.7572e-01, 1.4381e-05): lin 1 (0.0e+00)
Composition correction applied in 533 block(s)
Local chop applied in 1 block(s)
	 #5 (3.4781e-02, 1.4148e-05): lin 1 (0.0e+00)
Composition correction applied in 533 block(s)
Local chop applied in 1 block(s)
	 #6 (2.6123e-02, 2.9010e-05): lin 1 (0.0e+00)
Composition correction applied in 533 block(s)
Local chop applied in 1 block(s)
	 #7 (2.1352e-02, 1.4496e-05): lin 1 (0.0e+00)
Composition correction applied in 531 block(s)
Local chop applied in 1 block(s)
	 #8 (1.6620e-02, 1.4468e-05): lin 1 (0.0e+00)
Composition correction applied in 531 block(s)
Local chop applied in 1 block(s)
	 #9 (4.0569e-03, 2.8800e-05): lin 1 (0.0e+00)
Composition correction applied in 531 block(s)
-------------------------------------------------------------------------------------------------------------
 T = 471.553, DT = 5, NI = 9, LI = 9, RES = 1.3e-04 (1.4e-05), CFL=2.397 (ELAPSED 00:00:03, REMAINING 00:00:03 )
-------------------------------------------------------------------------------------------------------------
	 #1 (7.9155e-02, 5.5859e-03): lin 1 (0.0e+00)
Composition correction applied in 534 block(s)
Local chop applied in 2 block(s)
	 #2 (1.5584e-01, 1.5184e-05): lin 1 (0.0e+00)
Composition correction applied in 534 block(s)
Local chop applied in 2 block(s)
	 #3 (2.8380e-01, 2.8491e-05): lin 1 (0.0e+00)
Composition correction applied in 533 block(s)
Local chop applied in 2 block(s)
	 #4 (1.4669e-01, 2.8465e-05): lin 1 (0.0e+00)
Composition correction applied in 533 block(s)
Local chop applied in 1 block(s)
	 #5 (1.0351e-01, 1.4116e-05): lin 1 (0.0e+00)
Composition correction applied in 533 block(s)
Local chop applied in 1 block(s)
	 #6 (5.1426e-02, 1.4058e-05): lin 1 (0.0e+00)
Composition correction applied in 532 block(s)
Local chop applied in 1 block(s)
	 #7 (4.6742e-02, 2.8186e-05): lin 1 (0.0e+00)
Composition correction applied in 532 block(s)
Local chop applied in 2 block(s)
	 #8 (5.0897e-02, 1.4056e-05): lin 1 (0.0e+00)
Composition correction applied in 531 block(s)
Local chop applied in 2 block(s)
	 #9 (9.0498e-03, 1.3975e-05): lin 1 (0.0e+00)
Composition correction applied in 531 block(s)
Local chop applied in 1 block(s)
	 #10 (1.7690e-03, 1.3978e-05): lin 1 (0.0e+00)
Composition correction applied in 531 block(s)
-------------------------------------------------------------------------------------------------------------
 T = 476.553, DT = 5, NI = 10, LI = 10, RES = 1.2e-04 (1.4e-05), CFL=2.258 (ELAPSED 00:00:03, REMAINING 00:00:03 )
-------------------------------------------------------------------------------------------------------------
	 #1 (7.8922e-02, 5.3934e-03): lin 1 (0.0e+00)
Composition correction applied in 533 block(s)
Local chop applied in 2 block(s)
	 #2 (1.2894e-01, 1.4726e-05): lin 1 (0.0e+00)
Composition correction applied in 532 block(s)
Local chop applied in 1 block(s)
	 #3 (9.1604e-02, 2.7853e-05): lin 1 (0.0e+00)
Composition correction applied in 531 block(s)
Local chop applied in 2 block(s)
	 #4 (7.9226e-02, 1.3716e-05): lin 1 (0.0e+00)
Composition correction applied in 531 block(s)
Local chop applied in 2 block(s)
	 #5 (1.2803e-01, 1.3705e-05): lin 1 (0.0e+00)
Composition correction applied in 532 block(s)
Local chop applied in 2 block(s)
	 #6 (4.2080e-02, 1.3628e-05): lin 1 (0.0e+00)
Composition correction applied in 531 block(s)
Local chop applied in 1 block(s)
	 #7 (1.6637e-02, 2.7205e-05): lin 1 (0.0e+00)
Composition correction applied in 530 block(s)
Local chop applied in 1 block(s)
	 #8 (1.2551e-02, 1.3599e-05): lin 1 (0.0e+00)
Composition correction applied in 530 block(s)
Local chop applied in 1 block(s)
	 #9 (7.4401e-03, 2.7116e-05): lin 1 (0.0e+00)
Composition correction applied in 529 block(s)
Local chop applied in 1 block(s)
	 #10 (2.1778e-03, 2.7065e-05): lin 1 (0.0e+00)
Composition correction applied in 529 block(s)
-------------------------------------------------------------------------------------------------------------
 T = 481.553, DT = 5, NI = 10, LI = 10, RES = 7.9e-06 (1.4e-05), CFL=2.359 (ELAPSED 00:00:03, REMAINING 00:00:03 )
-------------------------------------------------------------------------------------------------------------
	 #1 (7.8536e-02, 5.2206e-03): lin 1 (0.0e+00)
Composition correction applied in 532 block(s)
Local chop applied in 2 block(s)
	 #2 (1.7646e-01, 1.4109e-05): lin 1 (0.0e+00)
Composition correction applied in 532 block(s)
Local chop applied in 2 block(s)
	 #3 (1.3106e-01, 2.7135e-05): lin 1 (0.0e+00)
Composition correction applied in 531 block(s)
Local chop applied in 1 block(s)
	 #4 (6.8914e-02, 2.6543e-05): lin 1 (0.0e+00)
Composition correction applied in 531 block(s)
Local chop applied in 1 block(s)
	 #5 (3.9124e-02, 1.3148e-05): lin 1 (0.0e+00)
Composition correction applied in 531 block(s)
Local chop applied in 1 block(s)
	 #6 (3.5226e-02, 1.3280e-05): lin 1 (0.0e+00)
Composition correction applied in 530 block(s)
Local chop applied in 1 block(s)
	 #7 (3.9496e-02, 2.6480e-05): lin 1 (0.0e+00)
Composition correction applied in 530 block(s)
Local chop applied in 1 block(s)
	 #8 (4.2881e-02, 1.3231e-05): lin 1 (0.0e+00)
Composition correction applied in 529 block(s)
Local chop applied in 1 block(s)
	 #9 (1.4259e-02, 1.3181e-05): lin 1 (0.0e+00)
Composition correction applied in 529 block(s)
-------------------------------------------------------------------------------------------------------------
 T = 486.553, DT = 5, NI = 9, LI = 9, RES = 4.3e-04 (1.3e-05), CFL=2.365 (ELAPSED 00:00:03, REMAINING 00:00:03 )
-------------------------------------------------------------------------------------------------------------
	 #1 (7.7950e-02, 5.0581e-03): lin 1 (0.0e+00)
Composition correction applied in 531 block(s)
Local chop applied in 2 block(s)
	 #2 (1.0255e-01, 2.5224e-05): lin 1 (0.0e+00)
Composition correction applied in 530 block(s)
Local chop applied in 1 block(s)
	 #3 (7.9929e-02, 1.2946e-05): lin 1 (0.0e+00)
Composition correction applied in 530 block(s)
Local chop applied in 1 block(s)
	 #4 (6.5663e-02, 1.2937e-05): lin 1 (0.0e+00)
Composition correction applied in 529 block(s)
Local chop applied in 1 block(s)
	 #5 (7.9294e-02, 1.2965e-05): lin 1 (0.0e+00)
Composition correction applied in 529 block(s)
Local chop applied in 2 block(s)
	 #6 (1.2969e-01, 1.2921e-05): lin 1 (0.0e+00)
Composition correction applied in 529 block(s)
Local chop applied in 2 block(s)
	 #7 (1.1519e-01, 1.2883e-05): lin 1 (0.0e+00)
Composition correction applied in 528 block(s)
Local chop applied in 2 block(s)
	 #8 (2.0214e-02, 1.2810e-05): lin 1 (0.0e+00)
Composition correction applied in 528 block(s)
Local chop applied in 1 block(s)
	 #9 (6.4292e-03, 1.2801e-05): lin 1 (0.0e+00)
Composition correction applied in 528 block(s)
Local chop applied in 1 block(s)
	 #10 (2.4540e-03, 2.5559e-05): lin 1 (0.0e+00)
Composition correction applied in 528 block(s)
	 #11 (2.9730e-03, 1.2794e-05): lin 1 (0.0e+00)
Composition correction applied in 527 block(s)
-------------------------------------------------------------------------------------------------------------
 T = 491.553, DT = 5, NI = 11, LI = 11, RES = 1.2e-05 (2.6e-05), CFL=2.238 (ELAPSED 00:00:03, REMAINING 00:00:03 )
-------------------------------------------------------------------------------------------------------------
	 #1 (7.7773e-02, 4.9327e-03): lin 1 (0.0e+00)
Composition correction applied in 530 block(s)
Local chop applied in 1 block(s)
	 #2 (1.6593e-01, 1.3160e-05): lin 1 (0.0e+00)
Composition correction applied in 529 block(s)
Local chop applied in 2 block(s)
	 #3 (2.8406e-01, 1.2536e-05): lin 1 (0.0e+00)
Composition correction applied in 530 block(s)
Local chop applied in 2 block(s)
	 #4 (2.6217e-01, 1.2385e-05): lin 1 (0.0e+00)
Composition correction applied in 529 block(s)
Local chop applied in 1 block(s)
	 #5 (4.9880e-02, 1.2312e-05): lin 1 (0.0e+00)
Composition correction applied in 529 block(s)
Local chop applied in 1 block(s)
	 #6 (2.4600e-02, 1.2426e-05): lin 1 (0.0e+00)
Composition correction applied in 529 block(s)
Local chop applied in 1 block(s)
	 #7 (2.0486e-02, 2.4965e-05): lin 1 (0.0e+00)
Composition correction applied in 527 block(s)
Local chop applied in 1 block(s)
	 #8 (1.8921e-02, 1.2485e-05): lin 1 (0.0e+00)
Composition correction applied in 527 block(s)
Local chop applied in 1 block(s)
	 #9 (9.5232e-03, 1.2461e-05): lin 1 (0.0e+00)
Composition correction applied in 527 block(s)
-------------------------------------------------------------------------------------------------------------
 T = 496.553, DT = 5, NI = 9, LI = 9, RES = 8.7e-04 (1.2e-05), CFL=2.396 (ELAPSED 00:00:03, REMAINING 00:00:03 )
-------------------------------------------------------------------------------------------------------------
	 #1 (7.7218e-02, 4.7553e-03): lin 1 (0.0e+00)
Composition correction applied in 529 block(s)
Local chop applied in 2 block(s)
	 #2 (1.5744e-01, 1.2983e-05): lin 1 (0.0e+00)
Composition correction applied in 530 block(s)
Local chop applied in 2 block(s)
	 #3 (2.3829e-01, 2.4685e-05): lin 1 (0.0e+00)
Composition correction applied in 529 block(s)
Local chop applied in 1 block(s)
	 #4 (9.5349e-02, 2.4555e-05): lin 1 (0.0e+00)
Composition correction applied in 529 block(s)
Local chop applied in 1 block(s)
	 #5 (4.8469e-02, 2.4876e-05): lin 1 (0.0e+00)
Composition correction applied in 529 block(s)
Local chop applied in 1 block(s)
	 #6 (4.4738e-02, 1.2238e-05): lin 1 (0.0e+00)
Composition correction applied in 528 block(s)
Local chop applied in 1 block(s)
	 #7 (4.7984e-02, 1.2209e-05): lin 1 (0.0e+00)
Composition correction applied in 528 block(s)
Local chop applied in 2 block(s)
	 #8 (5.5465e-02, 2.4331e-05): lin 1 (0.0e+00)
Composition correction applied in 527 block(s)
Local chop applied in 2 block(s)
	 #9 (9.5422e-03, 1.2125e-05): lin 1 (0.0e+00)
Composition correction applied in 527 block(s)
Local chop applied in 1 block(s)
	 #10 (1.0883e-03, 1.2116e-05): lin 1 (0.0e+00)
Composition correction applied in 527 block(s)
-------------------------------------------------------------------------------------------------------------
 T = 501.553, DT = 5, NI = 10, LI = 10, RES = 5.7e-05 (2.4e-05), CFL=2.277 (ELAPSED 00:00:03, REMAINING 00:00:03 )
-------------------------------------------------------------------------------------------------------------
	 #1 (7.6844e-02, 4.6545e-03): lin 1 (0.0e+00)
Composition correction applied in 529 block(s)
Local chop applied in 2 block(s)
	 #2 (1.0874e-01, 2.3148e-05): lin 1 (0.0e+00)
Composition correction applied in 528 block(s)
Local chop applied in 1 block(s)
	 #3 (8.2493e-02, 1.1991e-05): lin 1 (0.0e+00)
Composition correction applied in 527 block(s)
Local chop applied in 1 block(s)
	 #4 (8.6228e-02, 1.1975e-05): lin 1 (0.0e+00)
Composition correction applied in 527 block(s)
Local chop applied in 2 block(s)
	 #5 (1.4405e-01, 1.1906e-05): lin 1 (0.0e+00)
Composition correction applied in 527 block(s)
Local chop applied in 2 block(s)
	 #6 (9.1086e-02, 1.1865e-05): lin 1 (0.0e+00)
Composition correction applied in 527 block(s)
Local chop applied in 1 block(s)
	 #7 (2.1002e-02, 1.1830e-05): lin 1 (0.0e+00)
Composition correction applied in 526 block(s)
Local chop applied in 1 block(s)
	 #8 (1.2097e-02, 2.3623e-05): lin 1 (0.0e+00)
Composition correction applied in 526 block(s)
Local chop applied in 1 block(s)
	 #9 (7.7414e-03, 1.1819e-05): lin 1 (0.0e+00)
Composition correction applied in 525 block(s)
Local chop applied in 1 block(s)
	 #10 (1.3898e-03, 1.1802e-05): lin 1 (0.0e+00)
Composition correction applied in 525 block(s)
-------------------------------------------------------------------------------------------------------------
 T = 506.553, DT = 5, NI = 10, LI = 10, RES = 1.2e-04 (1.2e-05), CFL=2.343 (ELAPSED 00:00:03, REMAINING 00:00:03 )
-------------------------------------------------------------------------------------------------------------
	 #1 (7.6597e-02, 4.4864e-03): lin 1 (0.0e+00)
Composition correction applied in 528 block(s)
Local chop applied in 2 block(s)
	 #2 (1.7229e-01, 1.2233e-05): lin 1 (0.0e+00)
Composition correction applied in 528 block(s)
Local chop applied in 2 block(s)
	 #3 (1.6750e-01, 1.1508e-05): lin 1 (0.0e+00)
Composition correction applied in 527 block(s)
Local chop applied in 1 block(s)
	 #4 (7.2969e-02, 2.3125e-05): lin 1 (0.0e+00)
Composition correction applied in 527 block(s)
Local chop applied in 1 block(s)
	 #5 (3.6639e-02, 2.3313e-05): lin 1 (0.0e+00)
Composition correction applied in 527 block(s)
Local chop applied in 1 block(s)
	 #6 (3.2339e-02, 1.1583e-05): lin 1 (0.0e+00)
Composition correction applied in 526 block(s)
Local chop applied in 1 block(s)
	 #7 (3.7072e-02, 1.1565e-05): lin 1 (0.0e+00)
Composition correction applied in 526 block(s)
Local chop applied in 1 block(s)
	 #8 (3.8851e-02, 2.3055e-05): lin 1 (0.0e+00)
Composition correction applied in 525 block(s)
Local chop applied in 1 block(s)
	 #9 (1.1781e-02, 1.1512e-05): lin 1 (0.0e+00)
Composition correction applied in 525 block(s)
-------------------------------------------------------------------------------------------------------------
 T = 511.553, DT = 5, NI = 9, LI = 9, RES = 3.2e-04 (1.2e-05), CFL=2.375 (ELAPSED 00:00:03, REMAINING 00:00:03 )
-------------------------------------------------------------------------------------------------------------
	 #1 (7.6008e-02, 4.3634e-03): lin 1 (0.0e+00)
Composition correction applied in 527 block(s)
Local chop applied in 2 block(s)
	 #2 (1.1374e-01, 1.1991e-05): lin 1 (0.0e+00)
Composition correction applied in 526 block(s)
Local chop applied in 1 block(s)
	 #3 (1.0037e-01, 2.2995e-05): lin 1 (0.0e+00)
Composition correction applied in 526 block(s)
Local chop applied in 1 block(s)
	 #4 (6.9635e-02, 1.1199e-05): lin 1 (0.0e+00)
Composition correction applied in 526 block(s)
Local chop applied in 1 block(s)
	 #5 (5.6571e-02, 1.1338e-05): lin 1 (0.0e+00)
Composition correction applied in 525 block(s)
Local chop applied in 1 block(s)
	 #6 (6.2016e-02, 1.1326e-05): lin 1 (0.0e+00)
Composition correction applied in 525 block(s)
Local chop applied in 2 block(s)
	 #7 (8.2574e-02, 1.1290e-05): lin 1 (0.0e+00)
Composition correction applied in 524 block(s)
Local chop applied in 2 block(s)
	 #8 (2.5035e-02, 1.1246e-05): lin 1 (0.0e+00)
Composition correction applied in 524 block(s)
Local chop applied in 1 block(s)
	 #9 (6.1426e-03, 2.2426e-05): lin 1 (0.0e+00)
Composition correction applied in 524 block(s)
Local chop applied in 1 block(s)
	 #10 (2.8014e-03, 1.1225e-05): lin 1 (0.0e+00)
Composition correction applied in 524 block(s)
	 #11 (1.3128e-03, 2.2392e-05): lin 1 (0.0e+00)
Composition correction applied in 523 block(s)
-------------------------------------------------------------------------------------------------------------
 T = 516.553, DT = 5, NI = 11, LI = 11, RES = 4.2e-06 (2.2e-05), CFL=2.208 (ELAPSED 00:00:03, REMAINING 00:00:03 )
-------------------------------------------------------------------------------------------------------------
	 #1 (7.5858e-02, 4.2715e-03): lin 1 (0.0e+00)
Composition correction applied in 525 block(s)
Local chop applied in 1 block(s)
	 #2 (1.5990e-01, 1.1550e-05): lin 1 (0.0e+00)
Composition correction applied in 524 block(s)
Local chop applied in 2 block(s)
	 #3 (2.9211e-01, 1.1030e-05): lin 1 (0.0e+00)
Composition correction applied in 524 block(s)
Local chop applied in 2 block(s)
	 #4 (3.3078e-01, 1.0855e-05): lin 1 (0.0e+00)
Composition correction applied in 524 block(s)
Local chop applied in 2 block(s)
	 #5 (5.3620e-02, 1.0903e-05): lin 1 (0.0e+00)
Composition correction applied in 524 block(s)
Local chop applied in 1 block(s)
	 #6 (2.2314e-02, 1.0874e-05): lin 1 (0.0e+00)
Composition correction applied in 524 block(s)
Local chop applied in 1 block(s)
	 #7 (1.9040e-02, 1.0991e-05): lin 1 (0.0e+00)
Composition correction applied in 523 block(s)
Local chop applied in 1 block(s)
	 #8 (1.3931e-02, 2.1920e-05): lin 1 (0.0e+00)
Composition correction applied in 522 block(s)
Local chop applied in 1 block(s)
	 #9 (6.0117e-03, 1.0962e-05): lin 1 (0.0e+00)
Composition correction applied in 522 block(s)
	 #10 (2.1696e-03, 2.1853e-05): lin 1 (0.0e+00)
Composition correction applied in 522 block(s)
-------------------------------------------------------------------------------------------------------------
 T = 521.553, DT = 5, NI = 10, LI = 10, RES = 4.1e-05 (1.1e-05), CFL=2.391 (ELAPSED 00:00:03, REMAINING 00:00:03 )
-------------------------------------------------------------------------------------------------------------
	 #1 (7.5390e-02, 4.1324e-03): lin 1 (0.0e+00)
Composition correction applied in 524 block(s)
Local chop applied in 2 block(s)
	 #2 (1.6086e-01, 2.1074e-05): lin 1 (0.0e+00)
Composition correction applied in 525 block(s)
Local chop applied in 2 block(s)
	 #3 (1.6028e-01, 1.0658e-05): lin 1 (0.0e+00)
Composition correction applied in 524 block(s)
Local chop applied in 1 block(s)
	 #4 (6.5426e-02, 2.1566e-05): lin 1 (0.0e+00)
Composition correction applied in 524 block(s)
Local chop applied in 1 block(s)
	 #5 (4.5666e-02, 2.1565e-05): lin 1 (0.0e+00)
Composition correction applied in 524 block(s)
Local chop applied in 1 block(s)
	 #6 (4.1243e-02, 1.0781e-05): lin 1 (0.0e+00)
Composition correction applied in 523 block(s)
Local chop applied in 1 block(s)
	 #7 (4.6340e-02, 1.0762e-05): lin 1 (0.0e+00)
Composition correction applied in 523 block(s)
Local chop applied in 2 block(s)
	 #8 (5.3270e-02, 2.1453e-05): lin 1 (0.0e+00)
Composition correction applied in 522 block(s)
Local chop applied in 2 block(s)
	 #9 (1.3015e-02, 1.0701e-05): lin 1 (0.0e+00)
Composition correction applied in 522 block(s)
Local chop applied in 1 block(s)
-------------------------------------------------------------------------------------------------------------
 T = 526.553, DT = 5, NI = 9, LI = 9, RES = 3.3e-04 (1.1e-05), CFL=2.302 (ELAPSED 00:00:03, REMAINING 00:00:03 )
-------------------------------------------------------------------------------------------------------------
	 #1 (7.4998e-02, 4.0259e-03): lin 1 (0.0e+00)
Composition correction applied in 524 block(s)
Local chop applied in 2 block(s)
	 #2 (9.0977e-02, 2.0485e-05): lin 1 (0.0e+00)
Composition correction applied in 523 block(s)
Local chop applied in 1 block(s)
	 #3 (7.3770e-02, 2.1161e-05): lin 1 (0.0e+00)
Composition correction applied in 522 block(s)
Local chop applied in 1 block(s)
	 #4 (9.2368e-02, 1.0581e-05): lin 1 (0.0e+00)
Composition correction applied in 522 block(s)
Local chop applied in 2 block(s)
	 #5 (1.6409e-01, 1.0536e-05): lin 1 (0.0e+00)
Composition correction applied in 522 block(s)
Local chop applied in 2 block(s)
	 #6 (1.5555e-01, 1.0509e-05): lin 1 (0.0e+00)
Composition correction applied in 522 block(s)
Local chop applied in 2 block(s)
	 #7 (2.8247e-02, 1.0470e-05): lin 1 (0.0e+00)
Composition correction applied in 521 block(s)
Local chop applied in 1 block(s)
	 #8 (1.1350e-02, 1.0448e-05): lin 1 (0.0e+00)
Composition correction applied in 521 block(s)
Local chop applied in 1 block(s)
	 #9 (7.5157e-03, 2.0884e-05): lin 1 (0.0e+00)
Composition correction applied in 521 block(s)
Local chop applied in 1 block(s)
	 #10 (5.8800e-03, 1.0452e-05): lin 1 (0.0e+00)
Composition correction applied in 520 block(s)
-------------------------------------------------------------------------------------------------------------
 T = 531.553, DT = 5, NI = 10, LI = 10, RES = 7.8e-04 (1.0e-05), CFL=2.318 (ELAPSED 00:00:03, REMAINING 00:00:03 )
-------------------------------------------------------------------------------------------------------------
	 #1 (7.4866e-02, 3.9193e-03): lin 1 (0.0e+00)
Composition correction applied in 523 block(s)
Local chop applied in 2 block(s)
	 #2 (1.6588e-01, 1.0832e-05): lin 1 (0.0e+00)
Composition correction applied in 523 block(s)
Local chop applied in 2 block(s)
	 #3 (2.0712e-01, 2.0912e-05): lin 1 (0.0e+00)
Composition correction applied in 522 block(s)
Local chop applied in 2 block(s)
	 #4 (7.8155e-02, 1.0240e-05): lin 1 (0.0e+00)
Composition correction applied in 522 block(s)
Local chop applied in 1 block(s)
	 #5 (3.3630e-02, 2.0715e-05): lin 1 (0.0e+00)
Composition correction applied in 522 block(s)
Local chop applied in 1 block(s)
	 #6 (2.8877e-02, 2.0502e-05): lin 1 (0.0e+00)
Composition correction applied in 522 block(s)
Local chop applied in 1 block(s)
	 #7 (2.3883e-02, 2.0483e-05): lin 1 (0.0e+00)
Composition correction applied in 521 block(s)
Local chop applied in 1 block(s)
	 #8 (1.8999e-02, 1.0240e-05): lin 1 (0.0e+00)
Composition correction applied in 520 block(s)
Local chop applied in 1 block(s)
	 #9 (4.4698e-03, 1.0218e-05): lin 1 (0.0e+00)
Composition correction applied in 520 block(s)
-------------------------------------------------------------------------------------------------------------
 T = 536.553, DT = 5, NI = 9, LI = 9, RES = 1.7e-04 (1.0e-05), CFL=2.384 (ELAPSED 00:00:03, REMAINING 00:00:03 )
-------------------------------------------------------------------------------------------------------------
	 #1 (7.4212e-02, 3.8258e-03): lin 1 (0.0e+00)
Composition correction applied in 522 block(s)
Local chop applied in 2 block(s)
	 #2 (1.2991e-01, 1.0639e-05): lin 1 (0.0e+00)
Composition correction applied in 521 block(s)
Local chop applied in 1 block(s)
	 #3 (1.3153e-01, 9.8059e-06): lin 1 (0.0e+00)
Composition correction applied in 521 block(s)
Local chop applied in 1 block(s)
	 #4 (8.2267e-02, 2.0208e-05): lin 1 (0.0e+00)
Composition correction applied in 521 block(s)
Local chop applied in 1 block(s)
	 #5 (5.2652e-02, 2.0277e-05): lin 1 (0.0e+00)
Composition correction applied in 520 block(s)
Local chop applied in 1 block(s)
	 #6 (6.4394e-02, 2.0127e-05): lin 1 (0.0e+00)
Composition correction applied in 520 block(s)
Local chop applied in 2 block(s)
	 #7 (9.1639e-02, 1.0048e-05): lin 1 (0.0e+00)
Composition correction applied in 520 block(s)
Local chop applied in 2 block(s)
	 #8 (5.3308e-02, 1.0020e-05): lin 1 (0.0e+00)
Composition correction applied in 519 block(s)
Local chop applied in 1 block(s)
	 #9 (8.2921e-03, 9.9913e-06): lin 1 (0.0e+00)
Composition correction applied in 519 block(s)
Local chop applied in 1 block(s)
	 #10 (2.1025e-03, 9.9908e-06): lin 1 (0.0e+00)
Composition correction applied in 519 block(s)
-------------------------------------------------------------------------------------------------------------
 T = 541.553, DT = 5, NI = 10, LI = 10, RES = 2.1e-04 (2.0e-05), CFL=2.190 (ELAPSED 00:00:03, REMAINING 00:00:03 )
-------------------------------------------------------------------------------------------------------------
	 #1 (7.4077e-02, 3.7596e-03): lin 1 (0.0e+00)
Composition correction applied in 522 block(s)
Local chop applied in 2 block(s)
	 #2 (1.4918e-01, 1.0531e-05): lin 1 (0.0e+00)
Composition correction applied in 520 block(s)
Local chop applied in 2 block(s)
	 #3 (1.3892e-01, 1.9903e-05): lin 1 (0.0e+00)
Composition correction applied in 520 block(s)
Local chop applied in 2 block(s)
	 #4 (2.4277e-01, 9.7089e-06): lin 1 (0.0e+00)
Composition correction applied in 521 block(s)
Local chop applied in 2 block(s)
	 #5 (1.2159e-01, 9.8414e-06): lin 1 (0.0e+00)
Composition correction applied in 520 block(s)
Local chop applied in 1 block(s)
	 #6 (2.3544e-02, 9.7603e-06): lin 1 (0.0e+00)
Composition correction applied in 520 block(s)
Local chop applied in 1 block(s)
	 #7 (1.6339e-02, 9.7987e-06): lin 1 (0.0e+00)
Composition correction applied in 519 block(s)
Local chop applied in 1 block(s)
	 #8 (1.1554e-02, 1.9553e-05): lin 1 (0.0e+00)
Composition correction applied in 518 block(s)
Local chop applied in 1 block(s)
	 #9 (4.1632e-03, 9.7795e-06): lin 1 (0.0e+00)
Composition correction applied in 518 block(s)
	 #10 (1.0245e-03, 9.7714e-06): lin 1 (0.0e+00)
Composition correction applied in 518 block(s)
-------------------------------------------------------------------------------------------------------------
 T = 546.553, DT = 5, NI = 10, LI = 10, RES = 1.1e-05 (9.8e-06), CFL=2.381 (ELAPSED 00:00:03, REMAINING 00:00:03 )
-------------------------------------------------------------------------------------------------------------
	 #1 (7.3612e-02, 3.6474e-03): lin 1 (0.0e+00)
Composition correction applied in 520 block(s)
Local chop applied in 2 block(s)
	 #2 (1.6095e-01, 1.8858e-05): lin 1 (0.0e+00)
Composition correction applied in 520 block(s)
Local chop applied in 2 block(s)
	 #3 (1.1208e-01, 1.9507e-05): lin 1 (0.0e+00)
Composition correction applied in 519 block(s)
Local chop applied in 1 block(s)
	 #4 (6.0085e-02, 9.6181e-06): lin 1 (0.0e+00)
Composition correction applied in 519 block(s)
Local chop applied in 1 block(s)
	 #5 (4.1838e-02, 1.9267e-05): lin 1 (0.0e+00)
Composition correction applied in 519 block(s)
Local chop applied in 1 block(s)
	 #6 (3.7813e-02, 9.6343e-06): lin 1 (0.0e+00)
Composition correction applied in 518 block(s)
Local chop applied in 1 block(s)
	 #7 (4.4634e-02, 9.6211e-06): lin 1 (0.0e+00)
Composition correction applied in 518 block(s)
Local chop applied in 2 block(s)
	 #8 (5.1029e-02, 9.6058e-06): lin 1 (0.0e+00)
Composition correction applied in 517 block(s)
Local chop applied in 2 block(s)
	 #9 (1.6264e-02, 9.5765e-06): lin 1 (0.0e+00)
Composition correction applied in 517 block(s)
-------------------------------------------------------------------------------------------------------------
 T = 551.553, DT = 5, NI = 9, LI = 9, RES = 4.2e-04 (1.9e-05), CFL=2.326 (ELAPSED 00:00:03, REMAINING 00:00:03 )
-------------------------------------------------------------------------------------------------------------
	 #1 (7.3207e-02, 3.5932e-03): lin 1 (0.0e+00)
Composition correction applied in 519 block(s)
Local chop applied in 2 block(s)
	 #2 (8.4239e-02, 1.8451e-05): lin 1 (0.0e+00)
Composition correction applied in 518 block(s)
Local chop applied in 1 block(s)
	 #3 (6.9252e-02, 9.4871e-06): lin 1 (0.0e+00)
Composition correction applied in 518 block(s)
Local chop applied in 1 block(s)
	 #4 (6.3008e-02, 1.8928e-05): lin 1 (0.0e+00)
Composition correction applied in 517 block(s)
Local chop applied in 1 block(s)
	 #5 (7.2506e-02, 9.4541e-06): lin 1 (0.0e+00)
Composition correction applied in 517 block(s)
Local chop applied in 2 block(s)
	 #6 (1.0478e-01, 9.4242e-06): lin 1 (0.0e+00)
Composition correction applied in 517 block(s)
Local chop applied in 2 block(s)
	 #7 (3.6382e-02, 9.3980e-06): lin 1 (0.0e+00)
Composition correction applied in 516 block(s)
Local chop applied in 1 block(s)
	 #8 (1.0534e-02, 9.3851e-06): lin 1 (0.0e+00)
Composition correction applied in 516 block(s)
Local chop applied in 1 block(s)
	 #9 (6.8159e-03, 1.8729e-05): lin 1 (0.0e+00)
Composition correction applied in 516 block(s)
Local chop applied in 1 block(s)
	 #10 (3.3388e-03, 9.3744e-06): lin 1 (0.0e+00)
Composition correction applied in 515 block(s)
-------------------------------------------------------------------------------------------------------------
 T = 556.553, DT = 5, NI = 10, LI = 10, RES = 7.0e-04 (1.9e-05), CFL=2.292 (ELAPSED 00:00:03, REMAINING 00:00:03 )
-------------------------------------------------------------------------------------------------------------
	 #1 (7.3033e-02, 3.5081e-03): lin 1 (0.0e+00)
Composition correction applied in 518 block(s)
Local chop applied in 2 block(s)
	 #2 (1.6206e-01, 9.6304e-06): lin 1 (0.0e+00)
Composition correction applied in 518 block(s)
Local chop applied in 2 block(s)
	 #3 (2.4159e-01, 9.2070e-06): lin 1 (0.0e+00)
Composition correction applied in 515 block(s)
Local chop applied in 2 block(s)
	 #4 (8.2717e-02, 1.8493e-05): lin 1 (0.0e+00)
Composition correction applied in 517 block(s)
Local chop applied in 1 block(s)
	 #5 (2.9204e-02, 1.8614e-05): lin 1 (0.0e+00)
Composition correction applied in 517 block(s)
Local chop applied in 1 block(s)
	 #6 (2.5808e-02, 9.2218e-06): lin 1 (0.0e+00)
Composition correction applied in 517 block(s)
Local chop applied in 1 block(s)
	 #7 (2.0857e-02, 1.8399e-05): lin 1 (0.0e+00)
Composition correction applied in 515 block(s)
Local chop applied in 1 block(s)
	 #8 (1.6134e-02, 9.2001e-06): lin 1 (0.0e+00)
Composition correction applied in 515 block(s)
Local chop applied in 1 block(s)
-------------------------------------------------------------------------------------------------------------
 T = 561.553, DT = 5, NI = 8, LI = 8, RES = 8.5e-04 (9.2e-06), CFL=2.389 (ELAPSED 00:00:03, REMAINING 00:00:03 )
-------------------------------------------------------------------------------------------------------------
	 #1 (7.2533e-02, 3.4068e-03): lin 1 (0.0e+00)
Composition correction applied in 517 block(s)
Local chop applied in 2 block(s)
	 #2 (1.4107e-01, 9.5018e-06): lin 1 (0.0e+00)
Composition correction applied in 517 block(s)
Local chop applied in 1 block(s)
	 #3 (2.3234e-01, 1.8373e-05): lin 1 (0.0e+00)
Composition correction applied in 516 block(s)
Local chop applied in 2 block(s)
	 #4 (1.1809e-01, 9.0874e-06): lin 1 (0.0e+00)
Composition correction applied in 516 block(s)
Local chop applied in 1 block(s)
	 #5 (8.5545e-02, 1.8132e-05): lin 1 (0.0e+00)
Composition correction applied in 516 block(s)
Local chop applied in 1 block(s)
	 #6 (4.7740e-02, 1.8138e-05): lin 1 (0.0e+00)
Composition correction applied in 515 block(s)
Local chop applied in 1 block(s)
	 #7 (5.1224e-02, 9.0567e-06): lin 1 (0.0e+00)
Composition correction applied in 515 block(s)
Local chop applied in 2 block(s)
	 #8 (5.9707e-02, 9.0387e-06): lin 1 (0.0e+00)
Composition correction applied in 514 block(s)
Local chop applied in 2 block(s)
	 #9 (6.3049e-03, 1.7982e-05): lin 1 (0.0e+00)
Composition correction applied in 514 block(s)
Local chop applied in 1 block(s)
	 #10 (2.3379e-03, 9.0030e-06): lin 1 (0.0e+00)
Composition correction applied in 514 block(s)
-------------------------------------------------------------------------------------------------------------
 T = 566.553, DT = 5, NI = 10, LI = 10, RES = 3.1e-04 (1.8e-05), CFL=2.228 (ELAPSED 00:00:04, REMAINING 00:00:02 )
-------------------------------------------------------------------------------------------------------------
	 #1 (7.2564e-02, 3.3509e-03): lin 1 (0.0e+00)
Composition correction applied in 516 block(s)
Local chop applied in 2 block(s)
	 #2 (1.3430e-01, 9.4413e-06): lin 1 (0.0e+00)
Composition correction applied in 514 block(s)
Local chop applied in 1 block(s)
	 #3 (1.9057e-01, 8.9003e-06): lin 1 (0.0e+00)
Composition correction applied in 498 block(s)
Local chop applied in 2 block(s)
	 #4 (2.8397e-01, 8.9157e-06): lin 1 (0.0e+00)
Composition correction applied in 515 block(s)
Local chop applied in 2 block(s)
	 #5 (2.3588e-01, 8.8863e-06): lin 1 (0.0e+00)
Composition correction applied in 514 block(s)
Local chop applied in 1 block(s)
	 #6 (4.4065e-02, 1.7684e-05): lin 1 (0.0e+00)
Composition correction applied in 514 block(s)
Local chop applied in 1 block(s)
	 #7 (1.5966e-02, 8.8581e-06): lin 1 (0.0e+00)
Composition correction applied in 513 block(s)
Local chop applied in 1 block(s)
	 #8 (1.1255e-02, 1.7680e-05): lin 1 (0.0e+00)
Composition correction applied in 512 block(s)
Local chop applied in 1 block(s)
	 #9 (7.3596e-03, 8.8536e-06): lin 1 (0.0e+00)
Composition correction applied in 512 block(s)
	 #10 (2.1790e-03, 1.7667e-05): lin 1 (0.0e+00)
Composition correction applied in 512 block(s)
-------------------------------------------------------------------------------------------------------------
 T = 571.553, DT = 5, NI = 10, LI = 10, RES = 5.7e-05 (1.8e-05), CFL=2.365 (ELAPSED 00:00:04, REMAINING 00:00:02 )
-------------------------------------------------------------------------------------------------------------
	 #1 (7.2031e-02, 3.2820e-03): lin 1 (0.0e+00)
Composition correction applied in 515 block(s)
Local chop applied in 2 block(s)
	 #2 (1.6139e-01, 9.1291e-06): lin 1 (0.0e+00)
Composition correction applied in 515 block(s)
Local chop applied in 2 block(s)
	 #3 (9.7943e-02, 8.8136e-06): lin 1 (0.0e+00)
Composition correction applied in 514 block(s)
Local chop applied in 1 block(s)
	 #4 (6.0179e-02, 1.7558e-05): lin 1 (0.0e+00)
Composition correction applied in 514 block(s)
Local chop applied in 1 block(s)
	 #5 (3.7397e-02, 1.7556e-05): lin 1 (0.0e+00)
Composition correction applied in 514 block(s)
Local chop applied in 1 block(s)
	 #6 (3.3987e-02, 1.7551e-05): lin 1 (0.0e+00)
Composition correction applied in 513 block(s)
Local chop applied in 1 block(s)
	 #7 (4.1719e-02, 8.7893e-06): lin 1 (0.0e+00)
Composition correction applied in 513 block(s)
Local chop applied in 1 block(s)
	 #8 (4.6273e-02, 8.7830e-06): lin 1 (0.0e+00)
Composition correction applied in 512 block(s)
Local chop applied in 2 block(s)
	 #9 (1.5990e-02, 8.7759e-06): lin 1 (0.0e+00)
Composition correction applied in 512 block(s)
-------------------------------------------------------------------------------------------------------------
 T = 576.553, DT = 5, NI = 9, LI = 9, RES = 5.1e-04 (8.8e-06), CFL=2.349 (ELAPSED 00:00:04, REMAINING 00:00:02 )
-------------------------------------------------------------------------------------------------------------
	 #1 (7.1552e-02, 3.1907e-03): lin 1 (0.0e+00)
Composition correction applied in 514 block(s)
Local chop applied in 2 block(s)
	 #2 (8.9208e-02, 8.9559e-06): lin 1 (0.0e+00)
Composition correction applied in 513 block(s)
Local chop applied in 1 block(s)
	 #3 (7.0750e-02, 8.7329e-06): lin 1 (0.0e+00)
Composition correction applied in 513 block(s)
Local chop applied in 1 block(s)
	 #4 (6.0787e-02, 8.7295e-06): lin 1 (0.0e+00)
Composition correction applied in 512 block(s)
Local chop applied in 1 block(s)
	 #5 (7.8781e-02, 1.7421e-05): lin 1 (0.0e+00)
Composition correction applied in 512 block(s)
Local chop applied in 2 block(s)
	 #6 (1.2613e-01, 1.7412e-05): lin 1 (0.0e+00)
Composition correction applied in 512 block(s)
Local chop applied in 2 block(s)
	 #7 (9.7018e-02, 1.7394e-05): lin 1 (0.0e+00)
Composition correction applied in 511 block(s)
Local chop applied in 1 block(s)
	 #8 (2.1992e-02, 8.6997e-06): lin 1 (0.0e+00)
Composition correction applied in 511 block(s)
Local chop applied in 1 block(s)
	 #9 (6.9989e-03, 8.7016e-06): lin 1 (0.0e+00)
Composition correction applied in 511 block(s)
Local chop applied in 1 block(s)
	 #10 (2.5764e-03, 8.6994e-06): lin 1 (0.0e+00)
Composition correction applied in 510 block(s)
-------------------------------------------------------------------------------------------------------------
 T = 581.553, DT = 5, NI = 10, LI = 10, RES = 6.7e-04 (8.7e-06), CFL=6.636 (ELAPSED 00:00:04, REMAINING 00:00:02 )
-------------------------------------------------------------------------------------------------------------
	 #1 (7.1462e-02, 3.1220e-03): lin 1 (0.0e+00)
Composition correction applied in 512 block(s)
Local chop applied in 1 block(s)
	 #2 (1.5510e-01, 8.7031e-06): lin 1 (0.0e+00)
Composition correction applied in 511 block(s)
Local chop applied in 2 block(s)
	 #3 (2.7114e-01, 1.7307e-05): lin 1 (0.0e+00)
Composition correction applied in 474 block(s)
Local chop applied in 2 block(s)
	 #4 (1.9572e-01, 1.0135e-05): lin 1 (0.0e+00)
Composition correction applied in 511 block(s)
Local chop applied in 1 block(s)
	 #5 (3.3137e-02, 8.6350e-06): lin 1 (0.0e+00)
Composition correction applied in 511 block(s)
Local chop applied in 1 block(s)
	 #6 (2.3110e-02, 8.6349e-06): lin 1 (0.0e+00)
Composition correction applied in 511 block(s)
Local chop applied in 1 block(s)
	 #7 (1.8967e-02, 1.7236e-05): lin 1 (0.0e+00)
Composition correction applied in 509 block(s)
Local chop applied in 1 block(s)
	 #8 (1.7149e-02, 8.6302e-06): lin 1 (0.0e+00)
Composition correction applied in 509 block(s)
Local chop applied in 1 block(s)
	 #9 (5.0975e-03, 1.7219e-05): lin 1 (0.0e+00)
Composition correction applied in 509 block(s)
-------------------------------------------------------------------------------------------------------------
 T = 586.553, DT = 5, NI = 9, LI = 9, RES = 2.0e-04 (9.0e-06), CFL=2.391 (ELAPSED 00:00:04, REMAINING 00:00:02 )
-------------------------------------------------------------------------------------------------------------
	 #1 (7.0926e-02, 3.0638e-03): lin 1 (0.0e+00)
Composition correction applied in 512 block(s)
Local chop applied in 2 block(s)
	 #2 (1.4508e-01, 1.7148e-05): lin 1 (0.0e+00)
Composition correction applied in 512 block(s)
Local chop applied in 2 block(s)
	 #3 (2.4588e-01, 1.7120e-05): lin 1 (0.0e+00)
Composition correction applied in 420 block(s)
Local chop applied in 2 block(s)
	 #4 (3.4054e-01, 1.7143e-05): lin 1 (0.0e+00)
Composition correction applied in 511 block(s)
Local chop applied in 1 block(s)
	 #5 (6.0022e-02, 1.7132e-05): lin 1 (0.0e+00)
Composition correction applied in 511 block(s)
Local chop applied in 1 block(s)
	 #6 (4.2167e-02, 8.5738e-06): lin 1 (0.0e+00)
Composition correction applied in 510 block(s)
Local chop applied in 1 block(s)
	 #7 (4.7287e-02, 1.7106e-05): lin 1 (0.0e+00)
Composition correction applied in 510 block(s)
Local chop applied in 2 block(s)
	 #8 (5.2569e-02, 8.5621e-06): lin 1 (0.0e+00)
Composition correction applied in 509 block(s)
Local chop applied in 2 block(s)
	 #9 (6.1394e-03, 8.5516e-06): lin 1 (0.0e+00)
Composition correction applied in 509 block(s)
Local chop applied in 1 block(s)
	 #10 (1.2194e-03, 8.5508e-06): lin 1 (0.0e+00)
Composition correction applied in 509 block(s)
-------------------------------------------------------------------------------------------------------------
 T = 591.553, DT = 5, NI = 10, LI = 10, RES = 7.8e-05 (1.7e-05), CFL=2.260 (ELAPSED 00:00:04, REMAINING 00:00:02 )
-------------------------------------------------------------------------------------------------------------
	 #1 (7.0771e-02, 3.0261e-03): lin 1 (0.0e+00)
Composition correction applied in 511 block(s)
Local chop applied in 2 block(s)
	 #2 (1.0897e-01, 8.5219e-06): lin 1 (0.0e+00)
Composition correction applied in 510 block(s)
Local chop applied in 1 block(s)
	 #3 (7.9094e-02, 8.5159e-06): lin 1 (0.0e+00)
Composition correction applied in 509 block(s)
Local chop applied in 1 block(s)
	 #4 (8.4042e-02, 1.6993e-05): lin 1 (0.0e+00)
Composition correction applied in 509 block(s)
Local chop applied in 2 block(s)
	 #5 (1.3693e-01, 8.6656e-06): lin 1 (0.0e+00)
Composition correction applied in 510 block(s)
Local chop applied in 2 block(s)
	 #6 (6.6194e-02, 9.4038e-06): lin 1 (0.0e+00)
Composition correction applied in 509 block(s)
Local chop applied in 1 block(s)
	 #7 (1.6024e-02, 1.6943e-05): lin 1 (0.0e+00)
Composition correction applied in 508 block(s)
Local chop applied in 1 block(s)
	 #8 (1.1141e-02, 1.6938e-05): lin 1 (0.0e+00)
Composition correction applied in 508 block(s)
Local chop applied in 1 block(s)
	 #9 (6.8510e-03, 8.4821e-06): lin 1 (0.0e+00)
Composition correction applied in 507 block(s)
Local chop applied in 1 block(s)
-------------------------------------------------------------------------------------------------------------
 T = 596.553, DT = 5, NI = 9, LI = 9, RES = 7.3e-04 (1.7e-05), CFL=2.345 (ELAPSED 00:00:04, REMAINING 00:00:02 )
-------------------------------------------------------------------------------------------------------------
	 #1 (7.0538e-02, 2.9662e-03): lin 1 (0.0e+00)
Composition correction applied in 509 block(s)
Local chop applied in 2 block(s)
	 #2 (1.5783e-01, 1.6843e-05): lin 1 (0.0e+00)
Composition correction applied in 509 block(s)
Local chop applied in 2 block(s)
	 #3 (1.6280e-01, 1.6869e-05): lin 1 (0.0e+00)
Composition correction applied in 508 block(s)
Local chop applied in 1 block(s)
	 #4 (6.7172e-02, 8.4232e-06): lin 1 (0.0e+00)
Composition correction applied in 508 block(s)
Local chop applied in 1 block(s)
	 #5 (3.4245e-02, 9.5412e-06): lin 1 (0.0e+00)
Composition correction applied in 508 block(s)
Local chop applied in 1 block(s)
	 #6 (3.0440e-02, 8.4246e-06): lin 1 (0.0e+00)
Composition correction applied in 508 block(s)
Local chop applied in 1 block(s)
	 #7 (2.5684e-02, 8.4208e-06): lin 1 (0.0e+00)
Composition correction applied in 507 block(s)
Local chop applied in 1 block(s)
	 #8 (2.3338e-02, 1.6804e-05): lin 1 (0.0e+00)
Composition correction applied in 506 block(s)
Local chop applied in 1 block(s)
	 #9 (1.0234e-02, 1.6792e-05): lin 1 (0.0e+00)
Composition correction applied in 506 block(s)
-------------------------------------------------------------------------------------------------------------
 T = 601.553, DT = 5, NI = 9, LI = 9, RES = 7.6e-04 (9.1e-06), CFL=2.367 (ELAPSED 00:00:04, REMAINING 00:00:02 )
-------------------------------------------------------------------------------------------------------------
	 #1 (7.0134e-02, 2.8851e-03): lin 1 (0.0e+00)
Composition correction applied in 508 block(s)
Local chop applied in 2 block(s)
	 #2 (1.0332e-01, 8.3955e-06): lin 1 (0.0e+00)
Composition correction applied in 507 block(s)
Local chop applied in 1 block(s)
	 #3 (8.8829e-02, 8.3675e-06): lin 1 (0.0e+00)
Composition correction applied in 507 block(s)
Local chop applied in 1 block(s)
	 #4 (6.2731e-02, 1.6708e-05): lin 1 (0.0e+00)
Composition correction applied in 507 block(s)
Local chop applied in 1 block(s)
	 #5 (5.2633e-02, 8.3648e-06): lin 1 (0.0e+00)
Composition correction applied in 506 block(s)
Local chop applied in 1 block(s)
	 #6 (6.3065e-02, 9.4654e-06): lin 1 (0.0e+00)
Composition correction applied in 506 block(s)
Local chop applied in 2 block(s)
	 #7 (8.4144e-02, 1.6681e-05): lin 1 (0.0e+00)
Composition correction applied in 505 block(s)
Local chop applied in 2 block(s)
	 #8 (2.5035e-02, 1.6660e-05): lin 1 (0.0e+00)
Composition correction applied in 505 block(s)
Local chop applied in 1 block(s)
	 #9 (5.8808e-03, 1.6654e-05): lin 1 (0.0e+00)
Composition correction applied in 505 block(s)
Local chop applied in 1 block(s)
	 #10 (2.7599e-03, 8.3408e-06): lin 1 (0.0e+00)
Composition correction applied in 505 block(s)
	 #11 (1.6281e-03, 1.6649e-05): lin 1 (0.0e+00)
Composition correction applied in 504 block(s)
-------------------------------------------------------------------------------------------------------------
 T = 606.553, DT = 5, NI = 11, LI = 11, RES = 8.5e-06 (8.3e-06), CFL=2.207 (ELAPSED 00:00:04, REMAINING 00:00:02 )
-------------------------------------------------------------------------------------------------------------
	 #1 (6.9979e-02, 2.8283e-03): lin 1 (0.0e+00)
Composition correction applied in 507 block(s)
Local chop applied in 1 block(s)
	 #2 (1.4646e-01, 1.6538e-05): lin 1 (0.0e+00)
Composition correction applied in 506 block(s)
Local chop applied in 2 block(s)
	 #3 (2.9343e-01, 8.3177e-06): lin 1 (0.0e+00)
Composition correction applied in 438 block(s)
Local chop applied in 2 block(s)
	 #4 (3.2399e-01, 1.6558e-05): lin 1 (0.0e+00)
Composition correction applied in 506 block(s)
Local chop applied in 2 block(s)
	 #5 (4.4820e-02, 1.6535e-05): lin 1 (0.0e+00)
Composition correction applied in 506 block(s)
Local chop applied in 1 block(s)
	 #6 (2.0836e-02, 9.8992e-06): lin 1 (0.0e+00)
Composition correction applied in 506 block(s)
Local chop applied in 1 block(s)
	 #7 (1.7592e-02, 1.6529e-05): lin 1 (0.0e+00)
Composition correction applied in 504 block(s)
Local chop applied in 1 block(s)
	 #8 (1.2792e-02, 8.2767e-06): lin 1 (0.0e+00)
Composition correction applied in 504 block(s)
Local chop applied in 1 block(s)
	 #9 (7.0439e-03, 8.2744e-06): lin 1 (0.0e+00)
Composition correction applied in 504 block(s)
	 #10 (1.7520e-03, 8.2709e-06): lin 1 (0.0e+00)
Composition correction applied in 504 block(s)
-------------------------------------------------------------------------------------------------------------
 T = 611.553, DT = 5, NI = 10, LI = 10, RES = 3.6e-05 (8.3e-06), CFL=2.386 (ELAPSED 00:00:04, REMAINING 00:00:02 )
-------------------------------------------------------------------------------------------------------------
	 #1 (6.9576e-02, 2.7797e-03): lin 1 (0.0e+00)
Composition correction applied in 505 block(s)
Local chop applied in 2 block(s)
	 #2 (1.4886e-01, 8.6337e-06): lin 1 (0.0e+00)
Composition correction applied in 506 block(s)
Local chop applied in 2 block(s)
	 #3 (1.4927e-01, 8.2322e-06): lin 1 (0.0e+00)
Composition correction applied in 505 block(s)
Local chop applied in 1 block(s)
	 #4 (5.7948e-02, 1.6419e-05): lin 1 (0.0e+00)
Composition correction applied in 505 block(s)
Local chop applied in 1 block(s)
	 #5 (4.2255e-02, 8.2240e-06): lin 1 (0.0e+00)
Composition correction applied in 505 block(s)
Local chop applied in 1 block(s)
	 #6 (3.8132e-02, 8.2225e-06): lin 1 (0.0e+00)
Composition correction applied in 504 block(s)
Local chop applied in 1 block(s)
	 #7 (4.6739e-02, 1.6410e-05): lin 1 (0.0e+00)
Composition correction applied in 504 block(s)
Local chop applied in 2 block(s)
	 #8 (5.3587e-02, 8.2148e-06): lin 1 (0.0e+00)
Composition correction applied in 503 block(s)
Local chop applied in 2 block(s)
	 #9 (1.2738e-02, 8.2058e-06): lin 1 (0.0e+00)
Composition correction applied in 503 block(s)
Local chop applied in 1 block(s)
-------------------------------------------------------------------------------------------------------------
 T = 616.553, DT = 5, NI = 9, LI = 9, RES = 3.8e-04 (8.2e-06), CFL=2.297 (ELAPSED 00:00:04, REMAINING 00:00:02 )
-------------------------------------------------------------------------------------------------------------
	 #1 (6.9272e-02, 2.7292e-03): lin 1 (0.0e+00)
Composition correction applied in 505 block(s)
Local chop applied in 2 block(s)
	 #2 (8.3678e-02, 1.6287e-05): lin 1 (0.0e+00)
Composition correction applied in 504 block(s)
Local chop applied in 1 block(s)
	 #3 (6.8088e-02, 8.1712e-06): lin 1 (0.0e+00)
Composition correction applied in 503 block(s)
Local chop applied in 1 block(s)
	 #4 (9.3075e-02, 9.2272e-06): lin 1 (0.0e+00)
Composition correction applied in 503 block(s)
Local chop applied in 2 block(s)
	 #5 (1.6542e-01, 1.6298e-05): lin 1 (0.0e+00)
Composition correction applied in 503 block(s)
Local chop applied in 2 block(s)
	 #6 (1.5757e-01, 1.0330e-05): lin 1 (0.0e+00)
Composition correction applied in 503 block(s)
Local chop applied in 2 block(s)
	 #7 (2.5765e-02, 1.6258e-05): lin 1 (0.0e+00)
Composition correction applied in 502 block(s)
Local chop applied in 1 block(s)
	 #8 (1.0341e-02, 8.1441e-06): lin 1 (0.0e+00)
Composition correction applied in 502 block(s)
Local chop applied in 1 block(s)
	 #9 (6.7956e-03, 8.1428e-06): lin 1 (0.0e+00)
Composition correction applied in 502 block(s)
Local chop applied in 1 block(s)
	 #10 (5.9045e-03, 8.1393e-06): lin 1 (0.0e+00)
Composition correction applied in 501 block(s)
-------------------------------------------------------------------------------------------------------------
 T = 621.553, DT = 5, NI = 10, LI = 10, RES = 6.9e-04 (8.1e-06), CFL=2.311 (ELAPSED 00:00:04, REMAINING 00:00:02 )
-------------------------------------------------------------------------------------------------------------
	 #1 (6.9184e-02, 2.6777e-03): lin 1 (0.0e+00)
Composition correction applied in 503 block(s)
Local chop applied in 2 block(s)
	 #2 (1.5330e-01, 1.6165e-05): lin 1 (0.0e+00)
Composition correction applied in 495 block(s)
Local chop applied in 2 block(s)
	 #3 (2.1494e-01, 9.9423e-06): lin 1 (0.0e+00)
Composition correction applied in 462 block(s)
Local chop applied in 2 block(s)
	 #4 (6.9266e-02, 8.0858e-06): lin 1 (0.0e+00)
Composition correction applied in 502 block(s)
Local chop applied in 1 block(s)
	 #5 (3.0187e-02, 9.1711e-06): lin 1 (0.0e+00)
Composition correction applied in 502 block(s)
Local chop applied in 1 block(s)
	 #6 (2.6354e-02, 1.6142e-05): lin 1 (0.0e+00)
Composition correction applied in 502 block(s)
Local chop applied in 1 block(s)
	 #7 (2.1723e-02, 8.9069e-06): lin 1 (0.0e+00)
Composition correction applied in 500 block(s)
Local chop applied in 1 block(s)
	 #8 (1.8723e-02, 8.0804e-06): lin 1 (0.0e+00)
Composition correction applied in 500 block(s)
Local chop applied in 1 block(s)
	 #9 (3.8211e-03, 8.0736e-06): lin 1 (0.0e+00)
Composition correction applied in 500 block(s)
-------------------------------------------------------------------------------------------------------------
 T = 626.553, DT = 5, NI = 9, LI = 9, RES = 1.2e-04 (1.6e-05), CFL=2.380 (ELAPSED 00:00:04, REMAINING 00:00:02 )
-------------------------------------------------------------------------------------------------------------
	 #1 (6.8628e-02, 2.6537e-03): lin 1 (0.0e+00)
Composition correction applied in 503 block(s)
Local chop applied in 2 block(s)
	 #2 (1.2192e-01, 1.6033e-05): lin 1 (0.0e+00)
Composition correction applied in 465 block(s)
Local chop applied in 1 block(s)
	 #3 (2.0958e-01, 9.8675e-06): lin 1 (0.0e+00)
Composition correction applied in 502 block(s)
Local chop applied in 1 block(s)
	 #4 (1.2247e-01, 1.0481e-05): lin 1 (0.0e+00)
Composition correction applied in 502 block(s)
Local chop applied in 1 block(s)
	 #5 (9.4000e-02, 1.0332e-05): lin 1 (0.0e+00)
Composition correction applied in 501 block(s)
Local chop applied in 1 block(s)
	 #6 (6.5360e-02, 1.6030e-05): lin 1 (0.0e+00)
Composition correction applied in 501 block(s)
Local chop applied in 2 block(s)
	 #7 (9.2062e-02, 8.0254e-06): lin 1 (0.0e+00)
Composition correction applied in 501 block(s)
Local chop applied in 2 block(s)
	 #8 (5.6359e-02, 1.6007e-05): lin 1 (0.0e+00)
Composition correction applied in 500 block(s)
Local chop applied in 1 block(s)
	 #9 (8.1920e-03, 8.0102e-06): lin 1 (0.0e+00)
Composition correction applied in 500 block(s)
Local chop applied in 1 block(s)
	 #10 (1.8088e-03, 8.0103e-06): lin 1 (0.0e+00)
Composition correction applied in 500 block(s)
-------------------------------------------------------------------------------------------------------------
 T = 631.553, DT = 5, NI = 10, LI = 10, RES = 1.6e-04 (9.3e-06), CFL=2.193 (ELAPSED 00:00:04, REMAINING 00:00:02 )
-------------------------------------------------------------------------------------------------------------
	 #1 (6.8542e-02, 2.5844e-03): lin 1 (0.0e+00)
Composition correction applied in 502 block(s)
Local chop applied in 2 block(s)
	 #2 (1.3558e-01, 7.9714e-06): lin 1 (0.0e+00)
Composition correction applied in 500 block(s)
Local chop applied in 2 block(s)
	 #3 (1.4440e-01, 7.9871e-06): lin 1 (0.0e+00)
Composition correction applied in 455 block(s)
Local chop applied in 2 block(s)
	 #4 (2.5767e-01, 7.9706e-06): lin 1 (0.0e+00)
Composition correction applied in 462 block(s)
Local chop applied in 2 block(s)
	 #5 (1.4767e-01, 9.7520e-06): lin 1 (0.0e+00)
Composition correction applied in 500 block(s)
Local chop applied in 1 block(s)
	 #6 (2.3382e-02, 7.9538e-06): lin 1 (0.0e+00)
Composition correction applied in 500 block(s)
Local chop applied in 1 block(s)
	 #7 (1.4409e-02, 1.5878e-05): lin 1 (0.0e+00)
Composition correction applied in 499 block(s)
Local chop applied in 1 block(s)
	 #8 (9.9866e-03, 1.5874e-05): lin 1 (0.0e+00)
Composition correction applied in 498 block(s)
Local chop applied in 1 block(s)
	 #9 (3.1372e-03, 7.9486e-06): lin 1 (0.0e+00)
Composition correction applied in 498 block(s)
-------------------------------------------------------------------------------------------------------------
 T = 636.553, DT = 5, NI = 9, LI = 9, RES = 6.9e-04 (7.9e-06), CFL=2.373 (ELAPSED 00:00:04, REMAINING 00:00:02 )
-------------------------------------------------------------------------------------------------------------
	 #1 (6.8170e-02, 2.5429e-03): lin 1 (0.0e+00)
Composition correction applied in 500 block(s)
Local chop applied in 2 block(s)
	 #2 (1.5204e-01, 7.9306e-06): lin 1 (0.0e+00)
Composition correction applied in 479 block(s)
Local chop applied in 2 block(s)
	 #3 (9.8415e-02, 1.5799e-05): lin 1 (0.0e+00)
Composition correction applied in 499 block(s)
Local chop applied in 1 block(s)
	 #4 (5.5257e-02, 7.9020e-06): lin 1 (0.0e+00)
Composition correction applied in 499 block(s)
Local chop applied in 1 block(s)
	 #5 (3.7902e-02, 7.9024e-06): lin 1 (0.0e+00)
Composition correction applied in 499 block(s)
Local chop applied in 1 block(s)
	 #6 (3.4506e-02, 1.5773e-05): lin 1 (0.0e+00)
Composition correction applied in 498 block(s)
Local chop applied in 1 block(s)
	 #7 (4.4824e-02, 7.8990e-06): lin 1 (0.0e+00)
Composition correction applied in 498 block(s)
Local chop applied in 1 block(s)
	 #8 (5.1372e-02, 1.5759e-05): lin 1 (0.0e+00)
Composition correction applied in 497 block(s)
Local chop applied in 2 block(s)
	 #9 (1.8156e-02, 8.7912e-06): lin 1 (0.0e+00)
Composition correction applied in 497 block(s)
-------------------------------------------------------------------------------------------------------------
 T = 641.553, DT = 5, NI = 9, LI = 9, RES = 5.1e-04 (7.9e-06), CFL=2.327 (ELAPSED 00:00:04, REMAINING 00:00:02 )
-------------------------------------------------------------------------------------------------------------
	 #1 (6.7732e-02, 2.5032e-03): lin 1 (0.0e+00)
Composition correction applied in 499 block(s)
Local chop applied in 2 block(s)
	 #2 (7.7639e-02, 7.8697e-06): lin 1 (0.0e+00)
Composition correction applied in 498 block(s)
Local chop applied in 1 block(s)
	 #3 (6.3919e-02, 1.5676e-05): lin 1 (0.0e+00)
Composition correction applied in 498 block(s)
Local chop applied in 1 block(s)
	 #4 (5.8181e-02, 1.5673e-05): lin 1 (0.0e+00)
Composition correction applied in 497 block(s)
Local chop applied in 1 block(s)
	 #5 (7.5261e-02, 7.8472e-06): lin 1 (0.0e+00)
Composition correction applied in 497 block(s)
Local chop applied in 2 block(s)
	 #6 (1.1284e-01, 9.5089e-06): lin 1 (0.0e+00)
Composition correction applied in 497 block(s)
Local chop applied in 2 block(s)
	 #7 (5.5260e-02, 1.0074e-05): lin 1 (0.0e+00)
Composition correction applied in 496 block(s)
Local chop applied in 1 block(s)
	 #8 (1.0803e-02, 7.8275e-06): lin 1 (0.0e+00)
Composition correction applied in 496 block(s)
Local chop applied in 1 block(s)
	 #9 (6.2221e-03, 1.0358e-05): lin 1 (0.0e+00)
Composition correction applied in 496 block(s)
Local chop applied in 1 block(s)
	 #10 (2.3974e-03, 1.0149e-05): lin 1 (0.0e+00)
Composition correction applied in 495 block(s)
-------------------------------------------------------------------------------------------------------------
 T = 646.553, DT = 5, NI = 10, LI = 10, RES = 7.4e-04 (1.6e-05), CFL=2.276 (ELAPSED 00:00:04, REMAINING 00:00:02 )
-------------------------------------------------------------------------------------------------------------
	 #1 (6.7704e-02, 2.4804e-03): lin 1 (0.0e+00)
Composition correction applied in 497 block(s)
Local chop applied in 2 block(s)
	 #2 (1.4825e-01, 9.8356e-06): lin 1 (0.0e+00)
Composition correction applied in 468 block(s)
Local chop applied in 2 block(s)
	 #3 (2.5269e-01, 1.5571e-05): lin 1 (0.0e+00)
Composition correction applied in 412 block(s)
Local chop applied in 2 block(s)
	 #4 (1.1410e-01, 7.7770e-06): lin 1 (0.0e+00)
Composition correction applied in 496 block(s)
Local chop applied in 1 block(s)
	 #5 (2.6952e-02, 7.7794e-06): lin 1 (0.0e+00)
Composition correction applied in 496 block(s)
Local chop applied in 1 block(s)
	 #6 (2.2997e-02, 1.5520e-05): lin 1 (0.0e+00)
Composition correction applied in 496 block(s)
Local chop applied in 1 block(s)
	 #7 (1.8389e-02, 1.5516e-05): lin 1 (0.0e+00)
Composition correction applied in 494 block(s)
Local chop applied in 1 block(s)
	 #8 (1.4974e-02, 7.7685e-06): lin 1 (0.0e+00)
Composition correction applied in 494 block(s)
Local chop applied in 1 block(s)
-------------------------------------------------------------------------------------------------------------
 T = 651.553, DT = 5, NI = 8, LI = 8, RES = 7.9e-04 (8.4e-06), CFL=2.386 (ELAPSED 00:00:04, REMAINING 00:00:02 )
-------------------------------------------------------------------------------------------------------------
	 #1 (6.7220e-02, 2.4215e-03): lin 1 (0.0e+00)
Composition correction applied in 496 block(s)
Local chop applied in 2 block(s)
	 #2 (1.3115e-01, 9.6763e-06): lin 1 (0.0e+00)
Composition correction applied in 496 block(s)
Local chop applied in 1 block(s)
	 #3 (2.4435e-01, 1.5414e-05): lin 1 (0.0e+00)
Composition correction applied in 476 block(s)
Local chop applied in 2 block(s)
	 #4 (1.3118e-01, 7.7329e-06): lin 1 (0.0e+00)
Composition correction applied in 495 block(s)
Local chop applied in 1 block(s)
	 #5 (7.4640e-02, 1.5419e-05): lin 1 (0.0e+00)
Composition correction applied in 495 block(s)
Local chop applied in 1 block(s)
	 #6 (4.3797e-02, 1.5418e-05): lin 1 (0.0e+00)
Composition correction applied in 494 block(s)
Local chop applied in 1 block(s)
	 #7 (5.2089e-02, 7.7203e-06): lin 1 (0.0e+00)
Composition correction applied in 494 block(s)
Local chop applied in 2 block(s)
	 #8 (6.1716e-02, 7.7164e-06): lin 1 (0.0e+00)
Composition correction applied in 493 block(s)
Local chop applied in 2 block(s)
	 #9 (9.6697e-03, 1.5385e-05): lin 1 (0.0e+00)
Composition correction applied in 493 block(s)
Local chop applied in 1 block(s)
	 #10 (1.9780e-03, 7.7049e-06): lin 1 (0.0e+00)
Composition correction applied in 493 block(s)
-------------------------------------------------------------------------------------------------------------
 T = 656.553, DT = 5, NI = 10, LI = 10, RES = 2.5e-04 (7.7e-06), CFL=2.231 (ELAPSED 00:00:04, REMAINING 00:00:02 )
-------------------------------------------------------------------------------------------------------------
	 #1 (6.7220e-02, 2.3810e-03): lin 1 (0.0e+00)
Composition correction applied in 496 block(s)
Local chop applied in 2 block(s)
	 #2 (1.2007e-01, 1.5317e-05): lin 1 (0.0e+00)
Composition correction applied in 394 block(s)
Local chop applied in 1 block(s)
	 #3 (1.3693e-01, 7.6832e-06): lin 1 (0.0e+00)
Composition correction applied in 452 block(s)
Local chop applied in 2 block(s)
	 #4 (2.4820e-01, 7.6748e-06): lin 1 (0.0e+00)
Composition correction applied in 434 block(s)
Local chop applied in 2 block(s)
	 #5 (2.4057e-01, 7.6650e-06): lin 1 (0.0e+00)
Composition correction applied in 477 block(s)
Local chop applied in 2 block(s)
	 #6 (3.4172e-02, 7.6532e-06): lin 1 (0.0e+00)
Composition correction applied in 494 block(s)
Local chop applied in 1 block(s)
	 #7 (1.4126e-02, 1.5277e-05): lin 1 (0.0e+00)
Composition correction applied in 493 block(s)
Local chop applied in 1 block(s)
	 #8 (1.0716e-02, 7.6509e-06): lin 1 (0.0e+00)
Composition correction applied in 492 block(s)
Local chop applied in 1 block(s)
	 #9 (9.1558e-03, 7.6486e-06): lin 1 (0.0e+00)
Composition correction applied in 492 block(s)
Local chop applied in 1 block(s)
	 #10 (2.1895e-03, 7.6459e-06): lin 1 (0.0e+00)
Composition correction applied in 492 block(s)
-------------------------------------------------------------------------------------------------------------
 T = 661.553, DT = 5, NI = 10, LI = 10, RES = 7.0e-05 (7.6e-06), CFL=2.354 (ELAPSED 00:00:04, REMAINING 00:00:02 )
-------------------------------------------------------------------------------------------------------------
	 #1 (6.6886e-02, 2.3437e-03): lin 1 (0.0e+00)
Composition correction applied in 494 block(s)
Local chop applied in 2 block(s)
	 #2 (1.4915e-01, 1.5198e-05): lin 1 (0.0e+00)
Composition correction applied in 442 block(s)
Local chop applied in 2 block(s)
	 #3 (1.1786e-01, 7.6175e-06): lin 1 (0.0e+00)
Composition correction applied in 483 block(s)
Local chop applied in 1 block(s)
	 #4 (5.5710e-02, 7.6044e-06): lin 1 (0.0e+00)
Composition correction applied in 493 block(s)
Local chop applied in 1 block(s)
	 #5 (3.3684e-02, 7.6033e-06): lin 1 (0.0e+00)
Composition correction applied in 493 block(s)
Local chop applied in 1 block(s)
	 #6 (3.0604e-02, 7.6024e-06): lin 1 (0.0e+00)
Composition correction applied in 492 block(s)
Local chop applied in 1 block(s)
	 #7 (4.0874e-02, 7.6004e-06): lin 1 (0.0e+00)
Composition correction applied in 492 block(s)
Local chop applied in 1 block(s)
	 #8 (4.4585e-02, 7.5960e-06): lin 1 (0.0e+00)
Composition correction applied in 491 block(s)
Local chop applied in 1 block(s)
	 #9 (1.4889e-02, 7.5909e-06): lin 1 (0.0e+00)
Composition correction applied in 491 block(s)
-------------------------------------------------------------------------------------------------------------
 T = 666.553, DT = 5, NI = 9, LI = 9, RES = 3.6e-04 (1.5e-05), CFL=2.352 (ELAPSED 00:00:04, REMAINING 00:00:02 )
-------------------------------------------------------------------------------------------------------------
	 #1 (6.6479e-02, 2.3273e-03): lin 1 (0.0e+00)
Composition correction applied in 493 block(s)
Local chop applied in 2 block(s)
	 #2 (8.6230e-02, 7.5719e-06): lin 1 (0.0e+00)
Composition correction applied in 492 block(s)
Local chop applied in 1 block(s)
	 #3 (6.7142e-02, 7.5579e-06): lin 1 (0.0e+00)
Composition correction applied in 492 block(s)
Local chop applied in 1 block(s)
	 #4 (5.5832e-02, 1.5086e-05): lin 1 (0.0e+00)
Composition correction applied in 491 block(s)
Local chop applied in 1 block(s)
	 #5 (8.0436e-02, 7.5543e-06): lin 1 (0.0e+00)
Composition correction applied in 491 block(s)
Local chop applied in 2 block(s)
	 #6 (1.3056e-01, 1.5073e-05): lin 1 (0.0e+00)
Composition correction applied in 491 block(s)
Local chop applied in 2 block(s)
	 #7 (1.1193e-01, 9.4476e-06): lin 1 (0.0e+00)
Composition correction applied in 490 block(s)
Local chop applied in 2 block(s)
	 #8 (1.9931e-02, 1.5040e-05): lin 1 (0.0e+00)
Composition correction applied in 490 block(s)
Local chop applied in 1 block(s)
	 #9 (5.7694e-03, 7.5344e-06): lin 1 (0.0e+00)
Composition correction applied in 490 block(s)
Local chop applied in 1 block(s)
	 #10 (2.0283e-03, 7.5335e-06): lin 1 (0.0e+00)
Composition correction applied in 490 block(s)
	 #11 (2.9892e-03, 7.5319e-06): lin 1 (0.0e+00)
Composition correction applied in 489 block(s)
-------------------------------------------------------------------------------------------------------------
 T = 671.553, DT = 5, NI = 11, LI = 11, RES = 1.2e-05 (7.5e-06), CFL=2.229 (ELAPSED 00:00:04, REMAINING 00:00:02 )
-------------------------------------------------------------------------------------------------------------
	 #1 (6.6439e-02, 2.2697e-03): lin 1 (0.0e+00)
Composition correction applied in 491 block(s)
Local chop applied in 1 block(s)
	 #2 (1.4314e-01, 7.5184e-06): lin 1 (0.0e+00)
Composition correction applied in 439 block(s)
Local chop applied in 2 block(s)
	 #3 (2.8854e-01, 1.4996e-05): lin 1 (0.0e+00)
Composition correction applied in 363 block(s)
Local chop applied in 2 block(s)
	 #4 (2.6619e-01, 7.5158e-06): lin 1 (0.0e+00)
Composition correction applied in 454 block(s)
Local chop applied in 1 block(s)
	 #5 (4.2926e-02, 1.4945e-05): lin 1 (0.0e+00)
Composition correction applied in 490 block(s)
Local chop applied in 1 block(s)
	 #6 (2.0952e-02, 8.0237e-06): lin 1 (0.0e+00)
Composition correction applied in 490 block(s)
Local chop applied in 1 block(s)
	 #7 (1.7408e-02, 7.7396e-06): lin 1 (0.0e+00)
Composition correction applied in 488 block(s)
Local chop applied in 1 block(s)
	 #8 (1.9134e-02, 7.6627e-06): lin 1 (0.0e+00)
Composition correction applied in 488 block(s)
Local chop applied in 1 block(s)
	 #9 (9.5111e-03, 1.4930e-05): lin 1 (0.0e+00)
Composition correction applied in 488 block(s)
-------------------------------------------------------------------------------------------------------------
 T = 676.553, DT = 5, NI = 9, LI = 9, RES = 9.0e-04 (7.5e-06), CFL=2.385 (ELAPSED 00:00:04, REMAINING 00:00:02 )
-------------------------------------------------------------------------------------------------------------
	 #1 (6.6041e-02, 2.2368e-03): lin 1 (0.0e+00)
Composition correction applied in 489 block(s)
Local chop applied in 2 block(s)
	 #2 (1.3582e-01, 7.4581e-06): lin 1 (0.0e+00)
Composition correction applied in 445 block(s)
Local chop applied in 2 block(s)
	 #3 (1.9659e-01, 8.6086e-06): lin 1 (0.0e+00)
Composition correction applied in 425 block(s)
Local chop applied in 1 block(s)
	 #4 (7.4301e-02, 1.0112e-05): lin 1 (0.0e+00)
Composition correction applied in 489 block(s)
Local chop applied in 1 block(s)
	 #5 (4.1951e-02, 1.4852e-05): lin 1 (0.0e+00)
Composition correction applied in 489 block(s)
Local chop applied in 1 block(s)
	 #6 (3.8006e-02, 7.4374e-06): lin 1 (0.0e+00)
Composition correction applied in 488 block(s)
Local chop applied in 1 block(s)
	 #7 (4.8647e-02, 9.6904e-06): lin 1 (0.0e+00)
Composition correction applied in 488 block(s)
Local chop applied in 2 block(s)
	 #8 (5.6099e-02, 1.4836e-05): lin 1 (0.0e+00)
Composition correction applied in 487 block(s)
Local chop applied in 2 block(s)
	 #9 (1.0607e-02, 1.4821e-05): lin 1 (0.0e+00)
Composition correction applied in 487 block(s)
Local chop applied in 1 block(s)
-------------------------------------------------------------------------------------------------------------
 T = 681.553, DT = 5, NI = 9, LI = 9, RES = 7.3e-04 (7.4e-06), CFL=2.273 (ELAPSED 00:00:04, REMAINING 00:00:02 )
-------------------------------------------------------------------------------------------------------------
	 #1 (6.5783e-02, 2.2046e-03): lin 1 (0.0e+00)
Composition correction applied in 489 block(s)
Local chop applied in 2 block(s)
	 #2 (9.0166e-02, 1.4764e-05): lin 1 (0.0e+00)
Composition correction applied in 488 block(s)
Local chop applied in 1 block(s)
	 #3 (6.8870e-02, 9.0901e-06): lin 1 (0.0e+00)
Composition correction applied in 487 block(s)
Local chop applied in 1 block(s)
	 #4 (9.5194e-02, 1.4759e-05): lin 1 (0.0e+00)
Composition correction applied in 487 block(s)
Local chop applied in 2 block(s)
	 #5 (1.7036e-01, 7.3898e-06): lin 1 (0.0e+00)
Composition correction applied in 463 block(s)
Local chop applied in 2 block(s)
	 #6 (1.5844e-01, 7.3840e-06): lin 1 (0.0e+00)
Composition correction applied in 485 block(s)
Local chop applied in 2 block(s)
	 #7 (2.9677e-02, 1.4718e-05): lin 1 (0.0e+00)
Composition correction applied in 486 block(s)
Local chop applied in 1 block(s)
	 #8 (1.1142e-02, 1.4717e-05): lin 1 (0.0e+00)
Composition correction applied in 486 block(s)
Local chop applied in 1 block(s)
	 #9 (7.3146e-03, 8.4541e-06): lin 1 (0.0e+00)
Composition correction applied in 485 block(s)
Local chop applied in 1 block(s)
	 #10 (5.0991e-03, 7.3692e-06): lin 1 (0.0e+00)
Composition correction applied in 485 block(s)
	 #11 (1.1691e-03, 8.4395e-06): lin 1 (0.0e+00)
Composition correction applied in 485 block(s)
-------------------------------------------------------------------------------------------------------------
 T = 686.553, DT = 5, NI = 11, LI = 11, RES = 2.6e-06 (8.4e-06), CFL=2.320 (ELAPSED 00:00:04, REMAINING 00:00:02 )
-------------------------------------------------------------------------------------------------------------
	 #1 (6.5938e-02, 2.1693e-03): lin 1 (0.0e+00)
Composition correction applied in 487 block(s)
Local chop applied in 2 block(s)
	 #2 (1.4608e-01, 1.4633e-05): lin 1 (0.0e+00)
Composition correction applied in 408 block(s)
Local chop applied in 2 block(s)
	 #3 (2.0094e-01, 7.3468e-06): lin 1 (0.0e+00)
Composition correction applied in 388 block(s)
Local chop applied in 2 block(s)
	 #4 (7.7922e-02, 1.4620e-05): lin 1 (0.0e+00)
Composition correction applied in 486 block(s)
Local chop applied in 1 block(s)
	 #5 (3.3570e-02, 7.3240e-06): lin 1 (0.0e+00)
Composition correction applied in 486 block(s)
Local chop applied in 1 block(s)
	 #6 (2.6220e-02, 8.5956e-06): lin 1 (0.0e+00)
Composition correction applied in 486 block(s)
Local chop applied in 1 block(s)
	 #7 (2.1659e-02, 9.1268e-06): lin 1 (0.0e+00)
Composition correction applied in 485 block(s)
Local chop applied in 1 block(s)
	 #8 (1.9913e-02, 7.3212e-06): lin 1 (0.0e+00)
Composition correction applied in 484 block(s)
Local chop applied in 1 block(s)
	 #9 (4.8557e-03, 7.3161e-06): lin 1 (0.0e+00)
Composition correction applied in 484 block(s)
-------------------------------------------------------------------------------------------------------------
 T = 691.553, DT = 5, NI = 9, LI = 9, RES = 1.6e-04 (7.3e-06), CFL=2.372 (ELAPSED 00:00:04, REMAINING 00:00:02 )
-------------------------------------------------------------------------------------------------------------
	 #1 (6.5336e-02, 2.1367e-03): lin 1 (0.0e+00)
Composition correction applied in 487 block(s)
Local chop applied in 2 block(s)
	 #2 (1.0639e-01, 1.0317e-05): lin 1 (0.0e+00)
Composition correction applied in 389 block(s)
Local chop applied in 1 block(s)
	 #3 (1.0765e-01, 7.2846e-06): lin 1 (0.0e+00)
Composition correction applied in 486 block(s)
Local chop applied in 1 block(s)
	 #4 (6.8151e-02, 7.2852e-06): lin 1 (0.0e+00)
Composition correction applied in 486 block(s)
Local chop applied in 1 block(s)
	 #5 (4.7127e-02, 1.4537e-05): lin 1 (0.0e+00)
Composition correction applied in 485 block(s)
Local chop applied in 1 block(s)
	 #6 (6.5016e-02, 1.4533e-05): lin 1 (0.0e+00)
Composition correction applied in 485 block(s)
Local chop applied in 2 block(s)
	 #7 (9.0866e-02, 7.2752e-06): lin 1 (0.0e+00)
Composition correction applied in 485 block(s)
Local chop applied in 2 block(s)
	 #8 (4.7398e-02, 1.4511e-05): lin 1 (0.0e+00)
Composition correction applied in 484 block(s)
Local chop applied in 1 block(s)
	 #9 (6.1292e-03, 9.5116e-06): lin 1 (0.0e+00)
Composition correction applied in 484 block(s)
Local chop applied in 1 block(s)
	 #10 (1.8770e-03, 7.2636e-06): lin 1 (0.0e+00)
Composition correction applied in 484 block(s)
-------------------------------------------------------------------------------------------------------------
 T = 696.553, DT = 5, NI = 10, LI = 10, RES = 2.0e-04 (1.4e-05), CFL=2.175 (ELAPSED 00:00:04, REMAINING 00:00:02 )
-------------------------------------------------------------------------------------------------------------
	 #1 (6.5233e-02, 2.1219e-03): lin 1 (0.0e+00)
Composition correction applied in 486 block(s)
Local chop applied in 2 block(s)
	 #2 (1.3181e-01, 1.4422e-05): lin 1 (0.0e+00)
Composition correction applied in 484 block(s)
Local chop applied in 2 block(s)
	 #3 (1.3829e-01, 9.9817e-06): lin 1 (0.0e+00)
Composition correction applied in 375 block(s)
Local chop applied in 2 block(s)
	 #4 (2.3864e-01, 7.2321e-06): lin 1 (0.0e+00)
Composition correction applied in 397 block(s)
Local chop applied in 2 block(s)
	 #5 (1.0779e-01, 7.9479e-06): lin 1 (0.0e+00)
Composition correction applied in 484 block(s)
Local chop applied in 1 block(s)
	 #6 (1.9720e-02, 7.2168e-06): lin 1 (0.0e+00)
Composition correction applied in 484 block(s)
Local chop applied in 1 block(s)
	 #7 (1.4620e-02, 1.4407e-05): lin 1 (0.0e+00)
Composition correction applied in 483 block(s)
Local chop applied in 1 block(s)
	 #8 (1.0360e-02, 7.2152e-06): lin 1 (0.0e+00)
Composition correction applied in 482 block(s)
Local chop applied in 1 block(s)
	 #9 (4.1368e-03, 7.2115e-06): lin 1 (0.0e+00)
Composition correction applied in 482 block(s)
	 #10 (1.1270e-03, 1.0292e-05): lin 1 (0.0e+00)
Composition correction applied in 482 block(s)
-------------------------------------------------------------------------------------------------------------
 T = 701.553, DT = 5, NI = 10, LI = 10, RES = 5.0e-06 (1.0e-05), CFL=2.373 (ELAPSED 00:00:04, REMAINING 00:00:01 )
-------------------------------------------------------------------------------------------------------------
	 #1 (6.4869e-02, 2.0771e-03): lin 1 (0.0e+00)
Composition correction applied in 484 block(s)
Local chop applied in 2 block(s)
	 #2 (1.4278e-01, 1.4331e-05): lin 1 (0.0e+00)
Composition correction applied in 386 block(s)
Local chop applied in 2 block(s)
	 #3 (1.0094e-01, 7.1845e-06): lin 1 (0.0e+00)
Composition correction applied in 483 block(s)
Local chop applied in 1 block(s)
	 #4 (5.3383e-02, 7.1755e-06): lin 1 (0.0e+00)
Composition correction applied in 483 block(s)
Local chop applied in 1 block(s)
	 #5 (3.6907e-02, 7.1746e-06): lin 1 (0.0e+00)
Composition correction applied in 483 block(s)
Local chop applied in 1 block(s)
	 #6 (3.3350e-02, 9.9494e-06): lin 1 (0.0e+00)
Composition correction applied in 482 block(s)
Local chop applied in 1 block(s)
	 #7 (4.5279e-02, 7.1709e-06): lin 1 (0.0e+00)
Composition correction applied in 482 block(s)
Local chop applied in 2 block(s)
	 #8 (5.1547e-02, 9.2787e-06): lin 1 (0.0e+00)
Composition correction applied in 481 block(s)
Local chop applied in 2 block(s)
	 #9 (1.6102e-02, 7.1615e-06): lin 1 (0.0e+00)
Composition correction applied in 481 block(s)
-------------------------------------------------------------------------------------------------------------
 T = 706.553, DT = 5, NI = 9, LI = 9, RES = 4.0e-04 (7.2e-06), CFL=2.318 (ELAPSED 00:00:04, REMAINING 00:00:01 )
-------------------------------------------------------------------------------------------------------------
	 #1 (6.4570e-02, 2.0492e-03): lin 1 (0.0e+00)
Composition correction applied in 483 block(s)
Local chop applied in 2 block(s)
	 #2 (7.4345e-02, 7.1385e-06): lin 1 (0.0e+00)
Composition correction applied in 482 block(s)
Local chop applied in 1 block(s)
	 #3 (6.1012e-02, 1.4240e-05): lin 1 (0.0e+00)
Composition correction applied in 482 block(s)
Local chop applied in 1 block(s)
	 #4 (5.5520e-02, 9.7620e-06): lin 1 (0.0e+00)
Composition correction applied in 481 block(s)
Local chop applied in 1 block(s)
	 #5 (7.4312e-02, 1.4232e-05): lin 1 (0.0e+00)
Composition correction applied in 481 block(s)
Local chop applied in 2 block(s)
	 #6 (1.0794e-01, 1.4223e-05): lin 1 (0.0e+00)
Composition correction applied in 475 block(s)
Local chop applied in 2 block(s)
	 #7 (4.1395e-02, 7.1163e-06): lin 1 (0.0e+00)
Composition correction applied in 480 block(s)
Local chop applied in 1 block(s)
	 #8 (9.2895e-03, 7.2594e-06): lin 1 (0.0e+00)
Composition correction applied in 480 block(s)
Local chop applied in 1 block(s)
	 #9 (5.9353e-03, 7.1114e-06): lin 1 (0.0e+00)
Composition correction applied in 480 block(s)
Local chop applied in 1 block(s)
	 #10 (2.8776e-03, 7.1104e-06): lin 1 (0.0e+00)
Composition correction applied in 479 block(s)
-------------------------------------------------------------------------------------------------------------
 T = 711.553, DT = 5, NI = 10, LI = 10, RES = 7.0e-04 (1.4e-05), CFL=2.278 (ELAPSED 00:00:04, REMAINING 00:00:01 )
-------------------------------------------------------------------------------------------------------------
	 #1 (6.4498e-02, 2.0373e-03): lin 1 (0.0e+00)
Composition correction applied in 481 block(s)
Local chop applied in 2 block(s)
	 #2 (1.4272e-01, 1.4118e-05): lin 1 (0.0e+00)
Composition correction applied in 368 block(s)
Local chop applied in 2 block(s)
	 #3 (2.5030e-01, 1.4155e-05): lin 1 (0.0e+00)
Composition correction applied in 318 block(s)
Local chop applied in 2 block(s)
	 #4 (1.0019e-01, 7.6940e-06): lin 1 (0.0e+00)
Composition correction applied in 480 block(s)
Local chop applied in 1 block(s)
	 #5 (2.5580e-02, 9.5855e-06): lin 1 (0.0e+00)
Composition correction applied in 480 block(s)
Local chop applied in 1 block(s)
	 #6 (2.2152e-02, 7.0681e-06): lin 1 (0.0e+00)
Composition correction applied in 480 block(s)
Local chop applied in 1 block(s)
	 #7 (1.7847e-02, 7.0667e-06): lin 1 (0.0e+00)
Composition correction applied in 478 block(s)
Local chop applied in 1 block(s)
	 #8 (1.5534e-02, 7.0639e-06): lin 1 (0.0e+00)
Composition correction applied in 478 block(s)
Local chop applied in 1 block(s)
-------------------------------------------------------------------------------------------------------------
 T = 716.553, DT = 5, NI = 8, LI = 8, RES = 3.7e-04 (7.1e-06), CFL=2.382 (ELAPSED 00:00:04, REMAINING 00:00:01 )
-------------------------------------------------------------------------------------------------------------
	 #1 (6.4066e-02, 1.9941e-03): lin 1 (0.0e+00)
Composition correction applied in 480 block(s)
Local chop applied in 2 block(s)
	 #2 (1.2544e-01, 7.3610e-06): lin 1 (0.0e+00)
Composition correction applied in 412 block(s)
Local chop applied in 1 block(s)
	 #3 (2.3041e-01, 7.0246e-06): lin 1 (0.0e+00)
Composition correction applied in 373 block(s)
Local chop applied in 2 block(s)
	 #4 (1.3279e-01, 9.3274e-06): lin 1 (0.0e+00)
Composition correction applied in 479 block(s)
Local chop applied in 1 block(s)
	 #5 (7.1704e-02, 1.4028e-05): lin 1 (0.0e+00)
Composition correction applied in 479 block(s)
Local chop applied in 1 block(s)
	 #6 (4.1796e-02, 7.0251e-06): lin 1 (0.0e+00)
Composition correction applied in 478 block(s)
Local chop applied in 1 block(s)
	 #7 (5.2288e-02, 7.0243e-06): lin 1 (0.0e+00)
Composition correction applied in 478 block(s)
Local chop applied in 2 block(s)
	 #8 (6.1521e-02, 7.0197e-06): lin 1 (0.0e+00)
Composition correction applied in 477 block(s)
Local chop applied in 2 block(s)
	 #9 (8.3416e-03, 9.7655e-06): lin 1 (0.0e+00)
Composition correction applied in 477 block(s)
Local chop applied in 1 block(s)
	 #10 (1.8657e-03, 1.0058e-05): lin 1 (0.0e+00)
Composition correction applied in 477 block(s)
-------------------------------------------------------------------------------------------------------------
 T = 721.553, DT = 5, NI = 10, LI = 10, RES = 2.2e-04 (9.7e-06), CFL=2.227 (ELAPSED 00:00:04, REMAINING 00:00:01 )
-------------------------------------------------------------------------------------------------------------
	 #1 (6.4107e-02, 1.9658e-03): lin 1 (0.0e+00)
Composition correction applied in 479 block(s)
Local chop applied in 2 block(s)
	 #2 (1.1556e-01, 7.0001e-06): lin 1 (0.0e+00)
Composition correction applied in 293 block(s)
Local chop applied in 1 block(s)
	 #3 (1.3713e-01, 1.3960e-05): lin 1 (0.0e+00)
Composition correction applied in 347 block(s)
Local chop applied in 2 block(s)
	 #4 (2.4962e-01, 6.9842e-06): lin 1 (0.0e+00)
Composition correction applied in 330 block(s)
Local chop applied in 2 block(s)
	 #5 (2.4199e-01, 6.9782e-06): lin 1 (0.0e+00)
Composition correction applied in 370 block(s)
Local chop applied in 2 block(s)
	 #6 (3.2695e-02, 1.3912e-05): lin 1 (0.0e+00)
Composition correction applied in 477 block(s)
Local chop applied in 1 block(s)
	 #7 (1.3456e-02, 9.3709e-06): lin 1 (0.0e+00)
Composition correction applied in 476 block(s)
Local chop applied in 1 block(s)
	 #8 (1.0205e-02, 6.9664e-06): lin 1 (0.0e+00)
Composition correction applied in 475 block(s)
Local chop applied in 1 block(s)
	 #9 (9.2262e-03, 1.3905e-05): lin 1 (0.0e+00)
Composition correction applied in 475 block(s)
Local chop applied in 1 block(s)
	 #10 (2.1715e-03, 6.9622e-06): lin 1 (0.0e+00)
Composition correction applied in 475 block(s)
-------------------------------------------------------------------------------------------------------------
 T = 726.553, DT = 5, NI = 10, LI = 10, RES = 5.4e-05 (7.0e-06), CFL=2.350 (ELAPSED 00:00:04, REMAINING 00:00:01 )
-------------------------------------------------------------------------------------------------------------
	 #1 (6.3787e-02, 1.9402e-03): lin 1 (0.0e+00)
Composition correction applied in 477 block(s)
Local chop applied in 2 block(s)
	 #2 (1.4247e-01, 6.9375e-06): lin 1 (0.0e+00)
Composition correction applied in 334 block(s)
Local chop applied in 2 block(s)
	 #3 (1.1994e-01, 1.3857e-05): lin 1 (0.0e+00)
Composition correction applied in 369 block(s)
Local chop applied in 1 block(s)
	 #4 (5.3167e-02, 1.3831e-05): lin 1 (0.0e+00)
Composition correction applied in 476 block(s)
Local chop applied in 1 block(s)
	 #5 (3.1998e-02, 6.9283e-06): lin 1 (0.0e+00)
Composition correction applied in 476 block(s)
Local chop applied in 1 block(s)
	 #6 (2.9064e-02, 6.9262e-06): lin 1 (0.0e+00)
Composition correction applied in 475 block(s)
Local chop applied in 1 block(s)
	 #7 (4.0960e-02, 6.9246e-06): lin 1 (0.0e+00)
Composition correction applied in 475 block(s)
Local chop applied in 1 block(s)
	 #8 (4.4492e-02, 6.9216e-06): lin 1 (0.0e+00)
Composition correction applied in 474 block(s)
Local chop applied in 1 block(s)
	 #9 (1.4670e-02, 1.3809e-05): lin 1 (0.0e+00)
Composition correction applied in 474 block(s)
-------------------------------------------------------------------------------------------------------------
 T = 731.553, DT = 5, NI = 9, LI = 9, RES = 3.2e-04 (1.4e-05), CFL=2.349 (ELAPSED 00:00:04, REMAINING 00:00:01 )
-------------------------------------------------------------------------------------------------------------
	 #1 (6.3413e-02, 1.9321e-03): lin 1 (0.0e+00)
Composition correction applied in 476 block(s)
Local chop applied in 2 block(s)
	 #2 (8.3047e-02, 1.3764e-05): lin 1 (0.0e+00)
Composition correction applied in 475 block(s)
Local chop applied in 1 block(s)
	 #3 (6.5020e-02, 6.8891e-06): lin 1 (0.0e+00)
Composition correction applied in 475 block(s)
Local chop applied in 1 block(s)
	 #4 (5.3148e-02, 6.8876e-06): lin 1 (0.0e+00)
Composition correction applied in 474 block(s)
Local chop applied in 1 block(s)
	 #5 (8.1048e-02, 6.8864e-06): lin 1 (0.0e+00)
Composition correction applied in 474 block(s)
Local chop applied in 2 block(s)
	 #6 (1.3157e-01, 6.8841e-06): lin 1 (0.0e+00)
Composition correction applied in 401 block(s)
Local chop applied in 2 block(s)
	 #7 (1.1500e-01, 6.8793e-06): lin 1 (0.0e+00)
Composition correction applied in 418 block(s)
Local chop applied in 2 block(s)
	 #8 (1.7569e-02, 1.3715e-05): lin 1 (0.0e+00)
Composition correction applied in 473 block(s)
Local chop applied in 1 block(s)
	 #9 (5.2204e-03, 1.3715e-05): lin 1 (0.0e+00)
Composition correction applied in 473 block(s)
Local chop applied in 1 block(s)
	 #10 (1.8258e-03, 1.3713e-05): lin 1 (0.0e+00)
Composition correction applied in 473 block(s)
	 #11 (2.6108e-03, 1.3712e-05): lin 1 (0.0e+00)
Composition correction applied in 472 block(s)
-------------------------------------------------------------------------------------------------------------
 T = 736.553, DT = 5, NI = 11, LI = 11, RES = 8.4e-06 (7.0e-06), CFL=2.222 (ELAPSED 00:00:04, REMAINING 00:00:01 )
-------------------------------------------------------------------------------------------------------------
	 #1 (6.3391e-02, 1.8893e-03): lin 1 (0.0e+00)
Composition correction applied in 474 block(s)
Local chop applied in 1 block(s)
	 #2 (1.3588e-01, 7.4706e-06): lin 1 (0.0e+00)
Composition correction applied in 323 block(s)
Local chop applied in 2 block(s)
	 #3 (2.9074e-01, 6.8517e-06): lin 1 (0.0e+00)
Composition correction applied in 250 block(s)
Local chop applied in 2 block(s)
	 #4 (2.7934e-01, 9.3594e-06): lin 1 (0.0e+00)
Composition correction applied in 329 block(s)
Local chop applied in 1 block(s)
	 #5 (4.5129e-02, 1.3636e-05): lin 1 (0.0e+00)
Composition correction applied in 473 block(s)
Local chop applied in 1 block(s)
	 #6 (2.0002e-02, 1.3635e-05): lin 1 (0.0e+00)
Composition correction applied in 473 block(s)
Local chop applied in 1 block(s)
	 #7 (1.6391e-02, 6.8288e-06): lin 1 (0.0e+00)
Composition correction applied in 471 block(s)
Local chop applied in 1 block(s)
	 #8 (1.9104e-02, 6.8273e-06): lin 1 (0.0e+00)
Composition correction applied in 471 block(s)
Local chop applied in 1 block(s)
	 #9 (9.5145e-03, 1.0575e-05): lin 1 (0.0e+00)
Composition correction applied in 471 block(s)
-------------------------------------------------------------------------------------------------------------
 T = 741.553, DT = 5, NI = 9, LI = 9, RES = 8.7e-04 (1.4e-05), CFL=2.381 (ELAPSED 00:00:04, REMAINING 00:00:01 )
-------------------------------------------------------------------------------------------------------------
	 #1 (6.3033e-02, 1.8823e-03): lin 1 (0.0e+00)
Composition correction applied in 472 block(s)
Local chop applied in 2 block(s)
	 #2 (1.3029e-01, 1.3572e-05): lin 1 (0.0e+00)
Composition correction applied in 319 block(s)
Local chop applied in 2 block(s)
	 #3 (1.7662e-01, 6.7925e-06): lin 1 (0.0e+00)
Composition correction applied in 331 block(s)
Local chop applied in 1 block(s)
	 #4 (6.6493e-02, 6.7893e-06): lin 1 (0.0e+00)
Composition correction applied in 472 block(s)
Local chop applied in 1 block(s)
	 #5 (3.9875e-02, 1.3555e-05): lin 1 (0.0e+00)
Composition correction applied in 472 block(s)
Local chop applied in 1 block(s)
	 #6 (3.5891e-02, 1.3555e-05): lin 1 (0.0e+00)
Composition correction applied in 471 block(s)
Local chop applied in 1 block(s)
	 #7 (4.8727e-02, 6.7867e-06): lin 1 (0.0e+00)
Composition correction applied in 471 block(s)
Local chop applied in 2 block(s)
	 #8 (5.6186e-02, 6.7839e-06): lin 1 (0.0e+00)
Composition correction applied in 456 block(s)
Local chop applied in 2 block(s)
	 #9 (1.1861e-02, 1.3532e-05): lin 1 (0.0e+00)
Composition correction applied in 470 block(s)
Local chop applied in 1 block(s)
-------------------------------------------------------------------------------------------------------------
 T = 746.553, DT = 5, NI = 9, LI = 9, RES = 5.3e-04 (9.9e-06), CFL=2.275 (ELAPSED 00:00:04, REMAINING 00:00:01 )
-------------------------------------------------------------------------------------------------------------
	 #1 (6.2793e-02, 1.8439e-03): lin 1 (0.0e+00)
Composition correction applied in 472 block(s)
Local chop applied in 2 block(s)
	 #2 (8.2349e-02, 1.3484e-05): lin 1 (0.0e+00)
Composition correction applied in 471 block(s)
Local chop applied in 1 block(s)
	 #3 (6.5413e-02, 1.3484e-05): lin 1 (0.0e+00)
Composition correction applied in 470 block(s)
Local chop applied in 1 block(s)
	 #4 (9.5391e-02, 1.0856e-05): lin 1 (0.0e+00)
Composition correction applied in 470 block(s)
Local chop applied in 2 block(s)
	 #5 (1.7038e-01, 6.7489e-06): lin 1 (0.0e+00)
Composition correction applied in 329 block(s)
Local chop applied in 2 block(s)
	 #6 (1.5979e-01, 1.3463e-05): lin 1 (0.0e+00)
Composition correction applied in 346 block(s)
Local chop applied in 2 block(s)
	 #7 (2.6489e-02, 1.3445e-05): lin 1 (0.0e+00)
Composition correction applied in 469 block(s)
Local chop applied in 1 block(s)
	 #8 (1.0144e-02, 8.8699e-06): lin 1 (0.0e+00)
Composition correction applied in 469 block(s)
Local chop applied in 1 block(s)
	 #9 (6.6714e-03, 1.3443e-05): lin 1 (0.0e+00)
Composition correction applied in 469 block(s)
Local chop applied in 1 block(s)
	 #10 (5.9228e-03, 1.3441e-05): lin 1 (0.0e+00)
Composition correction applied in 468 block(s)
	 #11 (1.0333e-03, 6.7309e-06): lin 1 (0.0e+00)
Composition correction applied in 468 block(s)
-------------------------------------------------------------------------------------------------------------
 T = 751.553, DT = 5, NI = 11, LI = 11, RES = 4.0e-06 (1.0e-05), CFL=2.311 (ELAPSED 00:00:04, REMAINING 00:00:01 )
-------------------------------------------------------------------------------------------------------------
	 #1 (6.2922e-02, 1.8194e-03): lin 1 (0.0e+00)
Composition correction applied in 470 block(s)
Local chop applied in 2 block(s)
	 #2 (1.4156e-01, 1.3381e-05): lin 1 (0.0e+00)
Composition correction applied in 276 block(s)
Local chop applied in 2 block(s)
	 #3 (2.1069e-01, 6.7138e-06): lin 1 (0.0e+00)
Composition correction applied in 251 block(s)
Local chop applied in 2 block(s)
	 #4 (6.8156e-02, 6.6948e-06): lin 1 (0.0e+00)
Composition correction applied in 469 block(s)
Local chop applied in 1 block(s)
	 #5 (2.9543e-02, 6.6956e-06): lin 1 (0.0e+00)
Composition correction applied in 469 block(s)
Local chop applied in 1 block(s)
	 #6 (2.4454e-02, 8.1798e-06): lin 1 (0.0e+00)
Composition correction applied in 469 block(s)
Local chop applied in 1 block(s)
	 #7 (2.0128e-02, 6.6943e-06): lin 1 (0.0e+00)
Composition correction applied in 468 block(s)
Local chop applied in 1 block(s)
	 #8 (1.9346e-02, 6.6914e-06): lin 1 (0.0e+00)
Composition correction applied in 467 block(s)
Local chop applied in 1 block(s)
	 #9 (4.0455e-03, 6.6873e-06): lin 1 (0.0e+00)
Composition correction applied in 467 block(s)
-------------------------------------------------------------------------------------------------------------
 T = 756.553, DT = 5, NI = 9, LI = 9, RES = 1.3e-04 (6.7e-06), CFL=2.371 (ELAPSED 00:00:05, REMAINING 00:00:01 )
-------------------------------------------------------------------------------------------------------------
	 #1 (6.2399e-02, 1.7963e-03): lin 1 (0.0e+00)
Composition correction applied in 470 block(s)
Local chop applied in 2 block(s)
	 #2 (1.1009e-01, 6.6784e-06): lin 1 (0.0e+00)
Composition correction applied in 240 block(s)
Local chop applied in 1 block(s)
	 #3 (1.8574e-01, 1.3290e-05): lin 1 (0.0e+00)
Composition correction applied in 292 block(s)
Local chop applied in 1 block(s)
	 #4 (1.3270e-01, 1.0270e-05): lin 1 (0.0e+00)
Composition correction applied in 380 block(s)
Local chop applied in 1 block(s)
	 #5 (9.3913e-02, 6.6556e-06): lin 1 (0.0e+00)
Composition correction applied in 468 block(s)
Local chop applied in 1 block(s)
	 #6 (6.5935e-02, 6.9636e-06): lin 1 (0.0e+00)
Composition correction applied in 445 block(s)
Local chop applied in 2 block(s)
	 #7 (9.2330e-02, 1.3284e-05): lin 1 (0.0e+00)
Composition correction applied in 365 block(s)
Local chop applied in 2 block(s)
	 #8 (5.3789e-02, 6.6484e-06): lin 1 (0.0e+00)
Composition correction applied in 408 block(s)
Local chop applied in 1 block(s)
	 #9 (6.7781e-03, 6.6443e-06): lin 1 (0.0e+00)
Composition correction applied in 467 block(s)
Local chop applied in 1 block(s)
	 #10 (1.6541e-03, 8.9017e-06): lin 1 (0.0e+00)
Composition correction applied in 467 block(s)
-------------------------------------------------------------------------------------------------------------
 T = 761.553, DT = 5, NI = 10, LI = 10, RES = 1.5e-04 (1.3e-05), CFL=2.183 (ELAPSED 00:00:05, REMAINING 00:00:01 )
-------------------------------------------------------------------------------------------------------------
	 #1 (6.2326e-02, 1.7882e-03): lin 1 (0.0e+00)
Composition correction applied in 469 block(s)
Local chop applied in 2 block(s)
	 #2 (1.2472e-01, 6.6146e-06): lin 1 (0.0e+00)
Composition correction applied in 467 block(s)
Local chop applied in 2 block(s)
	 #3 (1.4408e-01, 1.3233e-05): lin 1 (0.0e+00)
Composition correction applied in 229 block(s)
Local chop applied in 2 block(s)
	 #4 (2.5647e-01, 6.6141e-06): lin 1 (0.0e+00)
Composition correction applied in 239 block(s)
Local chop applied in 2 block(s)
	 #5 (1.4284e-01, 6.6107e-06): lin 1 (0.0e+00)
Composition correction applied in 329 block(s)
Local chop applied in 1 block(s)
	 #6 (2.0876e-02, 6.6057e-06): lin 1 (0.0e+00)
Composition correction applied in 467 block(s)
Local chop applied in 1 block(s)
	 #7 (1.3148e-02, 1.3186e-05): lin 1 (0.0e+00)
Composition correction applied in 466 block(s)
Local chop applied in 1 block(s)
	 #8 (9.1144e-03, 6.8653e-06): lin 1 (0.0e+00)
Composition correction applied in 427 block(s)
Local chop applied in 1 block(s)
	 #9 (2.9134e-03, 1.3178e-05): lin 1 (0.0e+00)
Composition correction applied in 414 block(s)
-------------------------------------------------------------------------------------------------------------
 T = 766.553, DT = 5, NI = 9, LI = 9, RES = 7.0e-04 (6.6e-06), CFL=2.366 (ELAPSED 00:00:05, REMAINING 00:00:01 )
-------------------------------------------------------------------------------------------------------------
	 #1 (6.2020e-02, 1.7531e-03): lin 1 (0.0e+00)
Composition correction applied in 467 block(s)
Local chop applied in 2 block(s)
	 #2 (1.3580e-01, 6.5692e-06): lin 1 (0.0e+00)
Composition correction applied in 231 block(s)
Local chop applied in 2 block(s)
	 #3 (8.9351e-02, 6.5768e-06): lin 1 (0.0e+00)
Composition correction applied in 322 block(s)
Local chop applied in 1 block(s)
	 #4 (5.0506e-02, 1.3115e-05): lin 1 (0.0e+00)
Composition correction applied in 466 block(s)
Local chop applied in 1 block(s)
	 #5 (3.4570e-02, 1.3114e-05): lin 1 (0.0e+00)
Composition correction applied in 466 block(s)
Local chop applied in 1 block(s)
	 #6 (3.1283e-02, 1.3112e-05): lin 1 (0.0e+00)
Composition correction applied in 465 block(s)
Local chop applied in 1 block(s)
	 #7 (4.5249e-02, 7.9014e-06): lin 1 (0.0e+00)
Composition correction applied in 382 block(s)
Local chop applied in 1 block(s)
	 #8 (5.1596e-02, 6.5636e-06): lin 1 (0.0e+00)
Composition correction applied in 357 block(s)
Local chop applied in 2 block(s)
	 #9 (1.8027e-02, 1.3094e-05): lin 1 (0.0e+00)
Composition correction applied in 383 block(s)
-------------------------------------------------------------------------------------------------------------
 T = 771.553, DT = 5, NI = 9, LI = 9, RES = 4.3e-04 (1.3e-05), CFL=2.322 (ELAPSED 00:00:05, REMAINING 00:00:01 )
-------------------------------------------------------------------------------------------------------------
	 #1 (6.1654e-02, 1.7489e-03): lin 1 (0.0e+00)
Composition correction applied in 466 block(s)
Local chop applied in 2 block(s)
	 #2 (7.0975e-02, 6.5371e-06): lin 1 (0.0e+00)
Composition correction applied in 465 block(s)
Local chop applied in 1 block(s)
	 #3 (5.8011e-02, 1.0546e-05): lin 1 (0.0e+00)
Composition correction applied in 465 block(s)
Local chop applied in 1 block(s)
	 #4 (5.2846e-02, 6.5327e-06): lin 1 (0.0e+00)
Composition correction applied in 464 block(s)
Local chop applied in 1 block(s)
	 #5 (7.7023e-02, 6.5310e-06): lin 1 (0.0e+00)
Composition correction applied in 347 block(s)
Local chop applied in 2 block(s)
	 #6 (1.1634e-01, 1.3031e-05): lin 1 (0.0e+00)
Composition correction applied in 275 block(s)
Local chop applied in 2 block(s)
	 #7 (6.1883e-02, 9.9064e-06): lin 1 (0.0e+00)
Composition correction applied in 324 block(s)
Local chop applied in 1 block(s)
	 #8 (1.0304e-02, 6.5169e-06): lin 1 (0.0e+00)
Composition correction applied in 383 block(s)
Local chop applied in 1 block(s)
	 #9 (5.5935e-03, 6.5165e-06): lin 1 (0.0e+00)
Composition correction applied in 382 block(s)
Local chop applied in 1 block(s)
	 #10 (2.1983e-03, 1.3008e-05): lin 1 (0.0e+00)
Composition correction applied in 363 block(s)
-------------------------------------------------------------------------------------------------------------
 T = 776.553, DT = 5, NI = 10, LI = 10, RES = 7.2e-04 (6.5e-06), CFL=2.263 (ELAPSED 00:00:05, REMAINING 00:00:01 )
-------------------------------------------------------------------------------------------------------------
	 #1 (6.1682e-02, 1.7131e-03): lin 1 (0.0e+00)
Composition correction applied in 464 block(s)
Local chop applied in 1 block(s)
	 #2 (1.3433e-01, 6.4895e-06): lin 1 (0.0e+00)
Composition correction applied in 193 block(s)
Local chop applied in 2 block(s)
	 #3 (2.6188e-01, 6.4970e-06): lin 1 (0.0e+00)
Composition correction applied in 147 block(s)
Local chop applied in 2 block(s)
	 #4 (1.3623e-01, 6.4850e-06): lin 1 (0.0e+00)
Composition correction applied in 280 block(s)
Local chop applied in 1 block(s)
	 #5 (2.4906e-02, 6.4801e-06): lin 1 (0.0e+00)
Composition correction applied in 403 block(s)
Local chop applied in 1 block(s)
	 #6 (2.0299e-02, 1.2937e-05): lin 1 (0.0e+00)
Composition correction applied in 414 block(s)
Local chop applied in 1 block(s)
	 #7 (1.6218e-02, 1.2934e-05): lin 1 (0.0e+00)
Composition correction applied in 342 block(s)
Local chop applied in 1 block(s)
	 #8 (1.4490e-02, 6.4760e-06): lin 1 (0.0e+00)
Composition correction applied in 318 block(s)
Local chop applied in 1 block(s)
	 #9 (1.5587e-03, 6.4727e-06): lin 1 (0.0e+00)
Composition correction applied in 318 block(s)
-------------------------------------------------------------------------------------------------------------
 T = 781.553, DT = 5, NI = 9, LI = 9, RES = 1.6e-05 (6.5e-06), CFL=2.379 (ELAPSED 00:00:05, REMAINING 00:00:01 )
-------------------------------------------------------------------------------------------------------------
	 #1 (6.1283e-02, 1.6942e-03): lin 1 (0.0e+00)
Composition correction applied in 463 block(s)
Local chop applied in 2 block(s)
	 #2 (1.2162e-01, 1.0814e-05): lin 1 (0.0e+00)
Composition correction applied in 196 block(s)
Local chop applied in 2 block(s)
	 #3 (2.2106e-01, 1.2864e-05): lin 1 (0.0e+00)
Composition correction applied in 175 block(s)
Local chop applied in 2 block(s)
	 #4 (1.4444e-01, 1.2881e-05): lin 1 (0.0e+00)
Composition correction applied in 241 block(s)
Local chop applied in 1 block(s)
	 #5 (7.3198e-02, 1.2864e-05): lin 1 (0.0e+00)
Composition correction applied in 462 block(s)
Local chop applied in 1 block(s)
	 #6 (3.8751e-02, 6.4427e-06): lin 1 (0.0e+00)
Composition correction applied in 380 block(s)
Local chop applied in 1 block(s)
	 #7 (4.7735e-02, 6.4423e-06): lin 1 (0.0e+00)
Composition correction applied in 284 block(s)
Local chop applied in 2 block(s)
	 #8 (5.0542e-02, 1.2853e-05): lin 1 (0.0e+00)
Composition correction applied in 264 block(s)
Local chop applied in 2 block(s)
	 #9 (8.9352e-03, 6.4320e-06): lin 1 (0.0e+00)
Composition correction applied in 286 block(s)
Local chop applied in 1 block(s)
	 #10 (1.5439e-03, 6.4322e-06): lin 1 (0.0e+00)
Composition correction applied in 286 block(s)
-------------------------------------------------------------------------------------------------------------
 T = 786.553, DT = 5, NI = 10, LI = 10, RES = 9.4e-05 (6.4e-06), CFL=2.238 (ELAPSED 00:00:05, REMAINING 00:00:01 )
-------------------------------------------------------------------------------------------------------------
	 #1 (6.1249e-02, 1.6740e-03): lin 1 (0.0e+00)
Composition correction applied in 462 block(s)
Local chop applied in 2 block(s)
	 #2 (1.0265e-01, 6.3934e-06): lin 1 (0.0e+00)
Composition correction applied in 200 block(s)
Local chop applied in 1 block(s)
	 #3 (7.0938e-02, 6.4147e-06): lin 1 (0.0e+00)
Composition correction applied in 384 block(s)
Local chop applied in 1 block(s)
	 #4 (8.1968e-02, 6.4095e-06): lin 1 (0.0e+00)
Composition correction applied in 234 block(s)
Local chop applied in 2 block(s)
	 #5 (1.3162e-01, 6.4061e-06): lin 1 (0.0e+00)
Composition correction applied in 187 block(s)
Local chop applied in 2 block(s)
	 #6 (4.3388e-02, 1.0526e-05): lin 1 (0.0e+00)
Composition correction applied in 251 block(s)
Local chop applied in 1 block(s)
	 #7 (1.2664e-02, 7.5865e-06): lin 1 (0.0e+00)
Composition correction applied in 268 block(s)
Local chop applied in 1 block(s)
	 #8 (9.4749e-03, 6.3944e-06): lin 1 (0.0e+00)
Composition correction applied in 268 block(s)
Local chop applied in 1 block(s)
	 #9 (5.4996e-03, 6.7314e-06): lin 1 (0.0e+00)
Composition correction applied in 246 block(s)
Local chop applied in 1 block(s)
	 #10 (2.6409e-03, 1.2759e-05): lin 1 (0.0e+00)
Composition correction applied in 244 block(s)
-------------------------------------------------------------------------------------------------------------
 T = 791.553, DT = 5, NI = 10, LI = 10, RES = 9.7e-06 (7.1e-06), CFL=2.338 (ELAPSED 00:00:05, REMAINING 00:00:01 )
-------------------------------------------------------------------------------------------------------------
	 #1 (6.1070e-02, 1.6552e-03): lin 1 (0.0e+00)
Composition correction applied in 319 block(s)
Local chop applied in 2 block(s)
	 #2 (1.3806e-01, 6.3774e-06): lin 1 (0.0e+00)
Composition correction applied in 110 block(s)
Local chop applied in 2 block(s)
	 #3 (1.4625e-01, 1.2723e-05): lin 1 (0.0e+00)
Composition correction applied in 121 block(s)
Local chop applied in 1 block(s)
	 #4 (5.1739e-02, 6.3615e-06): lin 1 (0.0e+00)
Composition correction applied in 270 block(s)
Local chop applied in 1 block(s)
	 #5 (2.9526e-02, 1.1050e-05): lin 1 (0.0e+00)
Composition correction applied in 274 block(s)
Local chop applied in 1 block(s)
	 #6 (2.6703e-02, 1.2697e-05): lin 1 (0.0e+00)
Composition correction applied in 225 block(s)
Local chop applied in 1 block(s)
	 #7 (3.9591e-02, 1.2695e-05): lin 1 (0.0e+00)
Composition correction applied in 199 block(s)
Local chop applied in 1 block(s)
	 #8 (4.2000e-02, 6.3569e-06): lin 1 (0.0e+00)
Composition correction applied in 193 block(s)
Local chop applied in 1 block(s)
	 #9 (1.2998e-02, 6.3522e-06): lin 1 (0.0e+00)
Composition correction applied in 199 block(s)
-------------------------------------------------------------------------------------------------------------
 T = 796.553, DT = 5, NI = 9, LI = 9, RES = 2.6e-04 (8.2e-06), CFL=2.353 (ELAPSED 00:00:05, REMAINING 00:00:01 )
-------------------------------------------------------------------------------------------------------------
	 #1 (6.0715e-02, 1.6369e-03): lin 1 (0.0e+00)
Composition correction applied in 269 block(s)
Local chop applied in 2 block(s)
	 #2 (8.3763e-02, 6.3336e-06): lin 1 (0.0e+00)
Composition correction applied in 147 block(s)
Local chop applied in 1 block(s)
	 #3 (6.4944e-02, 7.3379e-06): lin 1 (0.0e+00)
Composition correction applied in 283 block(s)
Local chop applied in 1 block(s)
	 #4 (5.0588e-02, 6.3278e-06): lin 1 (0.0e+00)
Composition correction applied in 303 block(s)
Local chop applied in 1 block(s)
	 #5 (4.5274e-02, 9.1285e-06): lin 1 (0.0e+00)
Composition correction applied in 218 block(s)
Local chop applied in 1 block(s)
	 #6 (6.2728e-02, 6.3240e-06): lin 1 (0.0e+00)
Composition correction applied in 151 block(s)
Local chop applied in 2 block(s)
	 #7 (8.0639e-02, 1.2619e-05): lin 1 (0.0e+00)
Composition correction applied in 132 block(s)
Local chop applied in 2 block(s)
	 #8 (1.4862e-02, 1.2606e-05): lin 1 (0.0e+00)
Composition correction applied in 154 block(s)
Local chop applied in 1 block(s)
	 #9 (4.7722e-03, 1.2604e-05): lin 1 (0.0e+00)
Composition correction applied in 155 block(s)
Local chop applied in 1 block(s)
	 #10 (2.1923e-03, 1.2601e-05): lin 1 (0.0e+00)
Composition correction applied in 155 block(s)
	 #11 (1.4518e-03, 1.2600e-05): lin 1 (0.0e+00)
Composition correction applied in 154 block(s)
-------------------------------------------------------------------------------------------------------------
 T = 801.553, DT = 5, NI = 11, LI = 11, RES = 4.1e-06 (6.7e-06), CFL=2.197 (ELAPSED 00:00:05, REMAINING 00:00:01 )
-------------------------------------------------------------------------------------------------------------
	 #1 (6.0706e-02, 1.6171e-03): lin 1 (0.0e+00)
Composition correction applied in 162 block(s)
Local chop applied in 1 block(s)
	 #2 (1.2785e-01, 6.2890e-06): lin 1 (0.0e+00)
Composition correction applied in 43 block(s)
Local chop applied in 2 block(s)
	 #3 (2.9895e-01, 1.2572e-05): lin 1 (0.0e+00)
Composition correction applied in 4 block(s)
Local chop applied in 2 block(s)
	 #4 (3.3100e-01, 6.2861e-06): lin 1 (0.0e+00)
Composition correction applied in 34 block(s)
Local chop applied in 2 block(s)
	 #5 (4.3750e-02, 1.2537e-05): lin 1 (0.0e+00)
Composition correction applied in 113 block(s)
Local chop applied in 1 block(s)
	 #6 (1.7915e-02, 1.2535e-05): lin 1 (0.0e+00)
Composition correction applied in 117 block(s)
Local chop applied in 1 block(s)
	 #7 (1.5099e-02, 1.2532e-05): lin 1 (0.0e+00)
Composition correction applied in 116 block(s)
Local chop applied in 1 block(s)
	 #8 (1.0967e-02, 6.2755e-06): lin 1 (0.0e+00)
Composition correction applied in 102 block(s)
Local chop applied in 1 block(s)
	 #9 (5.4345e-03, 9.8930e-06): lin 1 (0.0e+00)
Composition correction applied in 99 block(s)
	 #10 (1.9276e-03, 8.2203e-06): lin 1 (0.0e+00)
Composition correction applied in 99 block(s)
-------------------------------------------------------------------------------------------------------------
 T = 806.553, DT = 5, NI = 10, LI = 10, RES = 3.1e-05 (1.3e-05), CFL=2.374 (ELAPSED 00:00:05, REMAINING 00:00:01 )
-------------------------------------------------------------------------------------------------------------
	 #1 (6.0420e-02, 1.6138e-03): lin 1 (0.0e+00)
Composition correction applied in 97 block(s)
Local chop applied in 2 block(s)
	 #2 (1.3038e-01, 7.9369e-06): lin 1 (0.0e+00)
Composition correction applied in 4 block(s)
Local chop applied in 2 block(s)
	 #3 (1.2418e-01, 1.2479e-05): lin 1 (0.0e+00)
Composition correction applied in 34 block(s)
Local chop applied in 1 block(s)
	 #4 (5.0068e-02, 6.2453e-06): lin 1 (0.0e+00)
Composition correction applied in 75 block(s)
Local chop applied in 1 block(s)
	 #5 (3.6267e-02, 6.2445e-06): lin 1 (0.0e+00)
Composition correction applied in 80 block(s)
Local chop applied in 1 block(s)
	 #6 (3.2724e-02, 1.2467e-05): lin 1 (0.0e+00)
Composition correction applied in 51 block(s)
Local chop applied in 1 block(s)
	 #7 (4.7305e-02, 1.2463e-05): lin 1 (0.0e+00)
Composition correction applied in 36 block(s)
Local chop applied in 2 block(s)
	 #8 (5.3935e-02, 6.2397e-06): lin 1 (0.0e+00)
Composition correction applied in 31 block(s)
Local chop applied in 2 block(s)
	 #9 (1.3426e-02, 6.2351e-06): lin 1 (0.0e+00)
Composition correction applied in 35 block(s)
Local chop applied in 1 block(s)
-------------------------------------------------------------------------------------------------------------
 T = 811.553, DT = 5, NI = 9, LI = 9, RES = 3.8e-04 (9.7e-06), CFL=2.293 (ELAPSED 00:00:05, REMAINING 00:00:01 )
-------------------------------------------------------------------------------------------------------------
	 #1 (6.0192e-02, 1.5826e-03): lin 1 (0.0e+00)
Composition correction applied in 5 block(s)
Local chop applied in 2 block(s)
	 #2 (7.1037e-02, 1.2384e-05): lin 1 (0.0e+00)
Composition correction applied in 3 block(s)
Local chop applied in 1 block(s)
	 #3 (5.8637e-02, 6.2141e-06): lin 1 (0.0e+00)
Composition correction applied in 3 block(s)
Local chop applied in 1 block(s)
	 #4 (9.4574e-02, 6.2121e-06): lin 1 (0.0e+00)
Composition correction applied in 3 block(s)
Local chop applied in 2 block(s)
	 #5 (1.6676e-01, 6.2672e-06): lin 1 (0.0e+00)
Composition correction applied in 3 block(s)
Local chop applied in 2 block(s)
	 #6 (1.5987e-01, 6.2056e-06): lin 1 (0.0e+00)
Composition correction applied in 3 block(s)
Local chop applied in 2 block(s)
	 #7 (2.0399e-02, 6.1978e-06): lin 1 (0.0e+00)
Composition correction applied in 2 block(s)
Local chop applied in 1 block(s)
	 #8 (8.4883e-03, 6.1985e-06): lin 1 (0.0e+00)
Composition correction applied in 2 block(s)
Local chop applied in 1 block(s)
	 #9 (5.5312e-03, 8.9274e-06): lin 1 (0.0e+00)
Composition correction applied in 2 block(s)
Local chop applied in 1 block(s)
	 #10 (5.5845e-03, 9.0842e-06): lin 1 (0.0e+00)
Composition correction applied in 2 block(s)
-------------------------------------------------------------------------------------------------------------
 T = 816.553, DT = 5, NI = 10, LI = 10, RES = 5.0e-04 (6.2e-06), CFL=2.291 (ELAPSED 00:00:05, REMAINING 00:00:01 )
-------------------------------------------------------------------------------------------------------------
	 #1 (6.0150e-02, 1.5652e-03): lin 1 (0.0e+00)
Composition correction applied in 4 block(s)
Local chop applied in 2 block(s)
	 #2 (1.3513e-01, 8.4849e-06): lin 1 (0.0e+00)
Composition correction applied in 4 block(s)
Local chop applied in 2 block(s)
	 #3 (2.3336e-01, 1.2340e-05): lin 1 (0.0e+00)
Composition correction applied in 3 block(s)
Local chop applied in 2 block(s)
	 #4 (5.3950e-02, 6.1665e-06): lin 1 (0.0e+00)
Composition correction applied in 3 block(s)
Local chop applied in 1 block(s)
	 #5 (2.4413e-02, 1.2310e-05): lin 1 (0.0e+00)
Composition correction applied in 3 block(s)
Local chop applied in 1 block(s)
	 #6 (2.1928e-02, 1.2307e-05): lin 1 (0.0e+00)
Composition correction applied in 3 block(s)
Local chop applied in 1 block(s)
	 #7 (1.7903e-02, 8.8987e-06): lin 1 (0.0e+00)
Composition correction applied in 2 block(s)
Local chop applied in 1 block(s)
	 #8 (1.7566e-02, 6.1616e-06): lin 1 (0.0e+00)
Composition correction applied in 2 block(s)
Local chop applied in 1 block(s)
	 #9 (1.8647e-03, 9.8694e-06): lin 1 (0.0e+00)
Composition correction applied in 2 block(s)
-------------------------------------------------------------------------------------------------------------
 T = 821.553, DT = 5, NI = 9, LI = 9, RES = 2.0e-05 (1.0e-05), CFL=2.373 (ELAPSED 00:00:05, REMAINING 00:00:01 )
-------------------------------------------------------------------------------------------------------------
	 #1 (5.9768e-02, 1.5488e-03): lin 1 (0.0e+00)
Composition correction applied in 4 block(s)
Local chop applied in 2 block(s)
	 #2 (1.1026e-01, 6.1277e-06): lin 1 (0.0e+00)
Composition correction applied in 4 block(s)
Local chop applied in 1 block(s)
	 #3 (1.8573e-01, 1.2239e-05): lin 1 (0.0e+00)
Composition correction applied in 3 block(s)
Local chop applied in 2 block(s)
	 #4 (1.2399e-01, 6.1421e-06): lin 1 (0.0e+00)
Composition correction applied in 3 block(s)
Local chop applied in 1 block(s)
	 #5 (7.3843e-02, 9.6950e-06): lin 1 (0.0e+00)
Composition correction applied in 3 block(s)
Local chop applied in 1 block(s)
	 #6 (6.6805e-02, 1.2242e-05): lin 1 (0.0e+00)
Composition correction applied in 3 block(s)
Local chop applied in 2 block(s)
	 #7 (9.4780e-02, 1.2238e-05): lin 1 (0.0e+00)
Composition correction applied in 3 block(s)
Local chop applied in 2 block(s)
	 #8 (6.5309e-02, 8.6803e-06): lin 1 (0.0e+00)
Composition correction applied in 2 block(s)
Local chop applied in 1 block(s)
	 #9 (9.6877e-03, 1.2220e-05): lin 1 (0.0e+00)
Composition correction applied in 2 block(s)
Local chop applied in 1 block(s)
	 #10 (1.8824e-03, 6.1208e-06): lin 1 (0.0e+00)
Composition correction applied in 2 block(s)
-------------------------------------------------------------------------------------------------------------
 T = 826.553, DT = 5, NI = 10, LI = 10, RES = 5.0e-05 (1.2e-05), CFL=2.205 (ELAPSED 00:00:05, REMAINING 00:00:01 )
-------------------------------------------------------------------------------------------------------------
	 #1 (5.9743e-02, 1.5449e-03): lin 1 (0.0e+00)
Composition correction applied in 4 block(s)
Local chop applied in 2 block(s)
	 #2 (1.1533e-01, 8.3778e-06): lin 1 (0.0e+00)
Composition correction applied in 3 block(s)
Local chop applied in 1 block(s)
	 #3 (1.5704e-01, 1.0244e-05): lin 1 (0.0e+00)
Composition correction applied in 3 block(s)
Local chop applied in 2 block(s)
	 #4 (2.9140e-01, 1.0729e-05): lin 1 (0.0e+00)
Composition correction applied in 4 block(s)
Local chop applied in 2 block(s)
	 #5 (2.2092e-01, 1.2168e-05): lin 1 (0.0e+00)
Composition correction applied in 3 block(s)
Local chop applied in 1 block(s)
	 #6 (3.2816e-02, 6.0877e-06): lin 1 (0.0e+00)
Composition correction applied in 3 block(s)
Local chop applied in 1 block(s)
	 #7 (1.2783e-02, 1.2153e-05): lin 1 (0.0e+00)
Composition correction applied in 2 block(s)
Local chop applied in 1 block(s)
	 #8 (9.0730e-03, 9.2362e-06): lin 1 (0.0e+00)
Composition correction applied in 2 block(s)
Local chop applied in 1 block(s)
	 #9 (6.5490e-03, 6.0851e-06): lin 1 (0.0e+00)
Composition correction applied in 2 block(s)
	 #10 (1.7988e-03, 1.0864e-05): lin 1 (0.0e+00)
Composition correction applied in 2 block(s)
-------------------------------------------------------------------------------------------------------------
 T = 831.553, DT = 5, NI = 10, LI = 10, RES = 4.2e-05 (1.1e-05), CFL=2.351 (ELAPSED 00:00:05, REMAINING 00:00:01 )
-------------------------------------------------------------------------------------------------------------
	 #1 (5.9540e-02, 1.5162e-03): lin 1 (0.0e+00)
Composition correction applied in 4 block(s)
Local chop applied in 2 block(s)
	 #2 (1.3209e-01, 1.2087e-05): lin 1 (0.0e+00)
Composition correction applied in 4 block(s)
Local chop applied in 2 block(s)
	 #3 (9.7188e-02, 1.2110e-05): lin 1 (0.0e+00)
Composition correction applied in 3 block(s)
Local chop applied in 1 block(s)
	 #4 (5.0328e-02, 6.0582e-06): lin 1 (0.0e+00)
Composition correction applied in 3 block(s)
Local chop applied in 1 block(s)
	 #5 (3.1090e-02, 1.2093e-05): lin 1 (0.0e+00)
Composition correction applied in 3 block(s)
Local chop applied in 1 block(s)
	 #6 (2.8013e-02, 6.0565e-06): lin 1 (0.0e+00)
Composition correction applied in 3 block(s)
Local chop applied in 1 block(s)
	 #7 (4.2676e-02, 1.2088e-05): lin 1 (0.0e+00)
Composition correction applied in 3 block(s)
Local chop applied in 1 block(s)
	 #8 (4.6951e-02, 1.2084e-05): lin 1 (0.0e+00)
Composition correction applied in 2 block(s)
Local chop applied in 2 block(s)
	 #9 (1.5626e-02, 7.0805e-06): lin 1 (0.0e+00)
Composition correction applied in 2 block(s)
-------------------------------------------------------------------------------------------------------------
 T = 836.553, DT = 5, NI = 9, LI = 9, RES = 4.0e-04 (6.0e-06), CFL=2.336 (ELAPSED 00:00:05, REMAINING 00:00:01 )
-------------------------------------------------------------------------------------------------------------
	 #1 (5.9195e-02, 1.5010e-03): lin 1 (0.0e+00)
Composition correction applied in 4 block(s)
Local chop applied in 2 block(s)
	 #2 (7.4580e-02, 6.0291e-06): lin 1 (0.0e+00)
Composition correction applied in 3 block(s)
Local chop applied in 1 block(s)
	 #3 (5.8963e-02, 6.0278e-06): lin 1 (0.0e+00)
Composition correction applied in 3 block(s)
Local chop applied in 1 block(s)
	 #4 (5.0096e-02, 6.0271e-06): lin 1 (0.0e+00)
Composition correction applied in 3 block(s)
Local chop applied in 1 block(s)
	 #5 (8.1326e-02, 6.0259e-06): lin 1 (0.0e+00)
Composition correction applied in 3 block(s)
Local chop applied in 2 block(s)
	 #6 (1.3067e-01, 6.0231e-06): lin 1 (0.0e+00)
Composition correction applied in 3 block(s)
Local chop applied in 2 block(s)
	 #7 (1.0527e-01, 6.0184e-06): lin 1 (0.0e+00)
Composition correction applied in 2 block(s)
Local chop applied in 1 block(s)
	 #8 (2.1356e-02, 1.1007e-05): lin 1 (0.0e+00)
Composition correction applied in 2 block(s)
Local chop applied in 1 block(s)
	 #9 (5.8579e-03, 1.2004e-05): lin 1 (0.0e+00)
Composition correction applied in 2 block(s)
Local chop applied in 1 block(s)
	 #10 (1.8911e-03, 6.0131e-06): lin 1 (0.0e+00)
Composition correction applied in 2 block(s)
	 #11 (2.0774e-03, 6.0115e-06): lin 1 (0.0e+00)
Composition correction applied in 2 block(s)
-------------------------------------------------------------------------------------------------------------
 T = 841.553, DT = 5, NI = 11, LI = 11, RES = 7.0e-06 (1.2e-05), CFL=2.227 (ELAPSED 00:00:05, REMAINING 00:00:01 )
-------------------------------------------------------------------------------------------------------------
	 #1 (5.9219e-02, 1.4979e-03): lin 1 (0.0e+00)
Composition correction applied in 4 block(s)
Local chop applied in 1 block(s)
	 #2 (1.2742e-01, 1.1966e-05): lin 1 (0.0e+00)
Composition correction applied in 3 block(s)
Local chop applied in 2 block(s)
	 #3 (2.9040e-01, 1.1977e-05): lin 1 (0.0e+00)
Composition correction applied in 4 block(s)
Local chop applied in 2 block(s)
	 #4 (2.5249e-01, 5.9878e-06): lin 1 (0.0e+00)
Composition correction applied in 3 block(s)
Local chop applied in 1 block(s)
	 #5 (3.4036e-02, 1.1943e-05): lin 1 (0.0e+00)
Composition correction applied in 3 block(s)
Local chop applied in 1 block(s)
	 #6 (1.8575e-02, 1.1942e-05): lin 1 (0.0e+00)
Composition correction applied in 3 block(s)
Local chop applied in 1 block(s)
	 #7 (1.5460e-02, 9.7168e-06): lin 1 (0.0e+00)
Composition correction applied in 2 block(s)
Local chop applied in 1 block(s)
	 #8 (1.8783e-02, 5.9790e-06): lin 1 (0.0e+00)
Composition correction applied in 2 block(s)
Local chop applied in 1 block(s)
	 #9 (8.1724e-03, 1.1933e-05): lin 1 (0.0e+00)
Composition correction applied in 2 block(s)
-------------------------------------------------------------------------------------------------------------
 T = 846.553, DT = 5, NI = 9, LI = 9, RES = 5.8e-04 (1.2e-05), CFL=2.376 (ELAPSED 00:00:05, REMAINING 00:00:01 )
-------------------------------------------------------------------------------------------------------------
	 #1 (5.8900e-02, 1.4834e-03): lin 1 (0.0e+00)
Composition correction applied in 3 block(s)
Local chop applied in 2 block(s)
	 #2 (1.2227e-01, 9.1579e-06): lin 1 (0.0e+00)
Composition correction applied in 4 block(s)
Local chop applied in 2 block(s)
	 #3 (1.7635e-01, 1.1886e-05): lin 1 (0.0e+00)
Composition correction applied in 3 block(s)
Local chop applied in 1 block(s)
	 #4 (6.8336e-02, 5.9524e-06): lin 1 (0.0e+00)
Composition correction applied in 3 block(s)
Local chop applied in 1 block(s)
	 #5 (3.7576e-02, 1.1884e-05): lin 1 (0.0e+00)
Composition correction applied in 3 block(s)
Local chop applied in 1 block(s)
	 #6 (3.3783e-02, 5.9518e-06): lin 1 (0.0e+00)
Composition correction applied in 3 block(s)
Local chop applied in 1 block(s)
	 #7 (4.9080e-02, 5.9492e-06): lin 1 (0.0e+00)
Composition correction applied in 3 block(s)
Local chop applied in 2 block(s)
	 #8 (5.5840e-02, 7.2363e-06): lin 1 (0.0e+00)
Composition correction applied in 2 block(s)
Local chop applied in 2 block(s)
	 #9 (8.7053e-03, 6.2879e-06): lin 1 (0.0e+00)
Composition correction applied in 2 block(s)
Local chop applied in 1 block(s)
-------------------------------------------------------------------------------------------------------------
 T = 851.553, DT = 5, NI = 9, LI = 9, RES = 5.5e-04 (5.9e-06), CFL=2.265 (ELAPSED 00:00:05, REMAINING 00:00:00 )
-------------------------------------------------------------------------------------------------------------
	 #1 (5.8738e-02, 1.4562e-03): lin 1 (0.0e+00)
Composition correction applied in 4 block(s)
Local chop applied in 2 block(s)
	 #2 (7.9787e-02, 5.9082e-06): lin 1 (0.0e+00)
Composition correction applied in 3 block(s)
Local chop applied in 1 block(s)
	 #3 (6.1190e-02, 6.6155e-06): lin 1 (0.0e+00)
Composition correction applied in 3 block(s)
Local chop applied in 1 block(s)
	 #4 (9.6494e-02, 7.4547e-06): lin 1 (0.0e+00)
Composition correction applied in 3 block(s)
Local chop applied in 2 block(s)
	 #5 (1.7193e-01, 1.0347e-05): lin 1 (0.0e+00)
Composition correction applied in 3 block(s)
Local chop applied in 2 block(s)
	 #6 (1.5944e-01, 8.2936e-06): lin 1 (0.0e+00)
Composition correction applied in 3 block(s)
Local chop applied in 2 block(s)
	 #7 (2.6370e-02, 1.1796e-05): lin 1 (0.0e+00)
Composition correction applied in 2 block(s)
Local chop applied in 1 block(s)
	 #8 (9.6824e-03, 1.0850e-05): lin 1 (0.0e+00)
Composition correction applied in 2 block(s)
Local chop applied in 1 block(s)
	 #9 (6.2459e-03, 1.1796e-05): lin 1 (0.0e+00)
Composition correction applied in 2 block(s)
Local chop applied in 1 block(s)
	 #10 (2.4113e-03, 6.9743e-06): lin 1 (0.0e+00)
Composition correction applied in 2 block(s)
-------------------------------------------------------------------------------------------------------------
 T = 856.553, DT = 5, NI = 10, LI = 10, RES = 7.5e-04 (1.2e-05), CFL=2.306 (ELAPSED 00:00:05, REMAINING 00:00:00 )
-------------------------------------------------------------------------------------------------------------
	 #1 (5.8875e-02, 1.4533e-03): lin 1 (0.0e+00)
Composition correction applied in 4 block(s)
Local chop applied in 2 block(s)
	 #2 (1.3016e-01, 5.9003e-06): lin 1 (0.0e+00)
Composition correction applied in 4 block(s)
Local chop applied in 2 block(s)
	 #3 (2.0362e-01, 5.8923e-06): lin 1 (0.0e+00)
Composition correction applied in 3 block(s)
Local chop applied in 2 block(s)
	 #4 (6.7476e-02, 1.1734e-05): lin 1 (0.0e+00)
Composition correction applied in 3 block(s)
Local chop applied in 1 block(s)
	 #5 (2.9459e-02, 1.1737e-05): lin 1 (0.0e+00)
Composition correction applied in 3 block(s)
Local chop applied in 1 block(s)
	 #6 (2.3078e-02, 9.1460e-06): lin 1 (0.0e+00)
Composition correction applied in 3 block(s)
Local chop applied in 1 block(s)
	 #7 (1.9035e-02, 6.7936e-06): lin 1 (0.0e+00)
Composition correction applied in 3 block(s)
Local chop applied in 1 block(s)
	 #8 (2.0048e-02, 5.8760e-06): lin 1 (0.0e+00)
Composition correction applied in 2 block(s)
Local chop applied in 1 block(s)
	 #9 (4.8266e-03, 8.1663e-06): lin 1 (0.0e+00)
Composition correction applied in 2 block(s)
-------------------------------------------------------------------------------------------------------------
 T = 861.553, DT = 5, NI = 9, LI = 9, RES = 1.5e-04 (6.5e-06), CFL=2.365 (ELAPSED 00:00:05, REMAINING 00:00:00 )
-------------------------------------------------------------------------------------------------------------
	 #1 (5.8337e-02, 1.4265e-03): lin 1 (0.0e+00)
Composition correction applied in 4 block(s)
Local chop applied in 2 block(s)
	 #2 (9.7709e-02, 7.4821e-06): lin 1 (0.0e+00)
Composition correction applied in 3 block(s)
Local chop applied in 1 block(s)
	 #3 (1.0245e-01, 8.4690e-06): lin 1 (0.0e+00)
Composition correction applied in 3 block(s)
Local chop applied in 1 block(s)
	 #4 (6.4383e-02, 5.8524e-06): lin 1 (0.0e+00)
Composition correction applied in 3 block(s)
Local chop applied in 1 block(s)
	 #5 (4.1166e-02, 5.8501e-06): lin 1 (0.0e+00)
Composition correction applied in 3 block(s)
Local chop applied in 1 block(s)
	 #6 (6.6503e-02, 1.1678e-05): lin 1 (0.0e+00)
Composition correction applied in 3 block(s)
Local chop applied in 2 block(s)
	 #7 (9.3610e-02, 1.1672e-05): lin 1 (0.0e+00)
Composition correction applied in 3 block(s)
Local chop applied in 2 block(s)
	 #8 (5.4149e-02, 9.4559e-06): lin 1 (0.0e+00)
Composition correction applied in 2 block(s)
Local chop applied in 1 block(s)
	 #9 (6.3079e-03, 5.8387e-06): lin 1 (0.0e+00)
Composition correction applied in 2 block(s)
Local chop applied in 1 block(s)
	 #10 (1.4655e-03, 1.1657e-05): lin 1 (0.0e+00)
Composition correction applied in 2 block(s)
-------------------------------------------------------------------------------------------------------------
 T = 866.553, DT = 5, NI = 10, LI = 10, RES = 1.2e-04 (1.2e-05), CFL=2.178 (ELAPSED 00:00:05, REMAINING 00:00:00 )
-------------------------------------------------------------------------------------------------------------
	 #1 (5.8330e-02, 1.4242e-03): lin 1 (0.0e+00)
Composition correction applied in 4 block(s)
Local chop applied in 2 block(s)
	 #2 (1.1672e-01, 8.9597e-06): lin 1 (0.0e+00)
Composition correction applied in 3 block(s)
Local chop applied in 2 block(s)
	 #3 (1.4636e-01, 1.1633e-05): lin 1 (0.0e+00)
Composition correction applied in 3 block(s)
Local chop applied in 2 block(s)
	 #4 (2.6181e-01, 5.8183e-06): lin 1 (0.0e+00)
Composition correction applied in 4 block(s)
Local chop applied in 2 block(s)
	 #5 (1.5048e-01, 5.8142e-06): lin 1 (0.0e+00)
Composition correction applied in 3 block(s)
Local chop applied in 1 block(s)
	 #6 (2.0029e-02, 5.8093e-06): lin 1 (0.0e+00)
Composition correction applied in 3 block(s)
Local chop applied in 1 block(s)
	 #7 (1.2110e-02, 5.8085e-06): lin 1 (0.0e+00)
Composition correction applied in 2 block(s)
Local chop applied in 1 block(s)
	 #8 (8.3228e-03, 5.8078e-06): lin 1 (0.0e+00)
Composition correction applied in 2 block(s)
Local chop applied in 1 block(s)
	 #9 (2.6045e-03, 1.1591e-05): lin 1 (0.0e+00)
Composition correction applied in 2 block(s)
-------------------------------------------------------------------------------------------------------------
 T = 871.553, DT = 5, NI = 9, LI = 9, RES = 6.0e-04 (1.2e-05), CFL=2.358 (ELAPSED 00:00:05, REMAINING 00:00:00 )
-------------------------------------------------------------------------------------------------------------
	 #1 (5.8080e-02, 1.4112e-03): lin 1 (0.0e+00)
Composition correction applied in 4 block(s)
Local chop applied in 2 block(s)
	 #2 (1.2740e-01, 9.1699e-06): lin 1 (0.0e+00)
Composition correction applied in 4 block(s)
Local chop applied in 2 block(s)
	 #3 (8.0053e-02, 6.7684e-06): lin 1 (0.0e+00)
Composition correction applied in 3 block(s)
Local chop applied in 1 block(s)
	 #4 (4.7300e-02, 1.0394e-05): lin 1 (0.0e+00)
Composition correction applied in 3 block(s)
Local chop applied in 1 block(s)
	 #5 (3.2075e-02, 1.1542e-05): lin 1 (0.0e+00)
Composition correction applied in 3 block(s)
Local chop applied in 1 block(s)
	 #6 (2.8928e-02, 1.1324e-05): lin 1 (0.0e+00)
Composition correction applied in 3 block(s)
Local chop applied in 1 block(s)
	 #7 (4.5215e-02, 5.7793e-06): lin 1 (0.0e+00)
Composition correction applied in 3 block(s)
Local chop applied in 1 block(s)
	 #8 (5.1084e-02, 1.1533e-05): lin 1 (0.0e+00)
Composition correction applied in 2 block(s)
Local chop applied in 2 block(s)
	 #9 (1.7789e-02, 1.1526e-05): lin 1 (0.0e+00)
Composition correction applied in 2 block(s)
-------------------------------------------------------------------------------------------------------------
 T = 876.553, DT = 5, NI = 9, LI = 9, RES = 4.4e-04 (1.2e-05), CFL=2.320 (ELAPSED 00:00:05, REMAINING 00:00:00 )
-------------------------------------------------------------------------------------------------------------
	 #1 (5.7748e-02, 1.3987e-03): lin 1 (0.0e+00)
Composition correction applied in 4 block(s)
Local chop applied in 2 block(s)
	 #2 (6.6802e-02, 5.7611e-06): lin 1 (0.0e+00)
Composition correction applied in 3 block(s)
Local chop applied in 1 block(s)
	 #3 (5.4107e-02, 5.7538e-06): lin 1 (0.0e+00)
Composition correction applied in 3 block(s)
Local chop applied in 1 block(s)
	 #4 (4.9285e-02, 5.7532e-06): lin 1 (0.0e+00)
Composition correction applied in 3 block(s)
Local chop applied in 1 block(s)
	 #5 (7.8955e-02, 8.3827e-06): lin 1 (0.0e+00)
Composition correction applied in 3 block(s)
Local chop applied in 2 block(s)
	 #6 (1.2144e-01, 5.7486e-06): lin 1 (0.0e+00)
Composition correction applied in 3 block(s)
Local chop applied in 2 block(s)
	 #7 (7.3996e-02, 5.7448e-06): lin 1 (0.0e+00)
Composition correction applied in 2 block(s)
Local chop applied in 1 block(s)
	 #8 (1.1005e-02, 1.1461e-05): lin 1 (0.0e+00)
Composition correction applied in 2 block(s)
Local chop applied in 1 block(s)
	 #9 (5.0857e-03, 1.1461e-05): lin 1 (0.0e+00)
Composition correction applied in 2 block(s)
Local chop applied in 1 block(s)
	 #10 (1.9488e-03, 9.2869e-06): lin 1 (0.0e+00)
Composition correction applied in 2 block(s)
-------------------------------------------------------------------------------------------------------------
 T = 881.553, DT = 5, NI = 10, LI = 10, RES = 6.6e-04 (1.0e-05), CFL=2.388 (ELAPSED 00:00:05, REMAINING 00:00:00 )
-------------------------------------------------------------------------------------------------------------
	 #1 (5.7810e-02, 1.3734e-03): lin 1 (0.0e+00)
Composition correction applied in 4 block(s)
Local chop applied in 1 block(s)
	 #2 (1.2693e-01, 1.1424e-05): lin 1 (0.0e+00)
Composition correction applied in 3 block(s)
Local chop applied in 2 block(s)
	 #3 (2.7106e-01, 7.3834e-06): lin 1 (0.0e+00)
Composition correction applied in 4 block(s)
Local chop applied in 2 block(s)
	 #4 (1.6423e-01, 1.0805e-05): lin 1 (0.0e+00)
Composition correction applied in 3 block(s)
Local chop applied in 1 block(s)
	 #5 (2.4630e-02, 1.1406e-05): lin 1 (0.0e+00)
Composition correction applied in 3 block(s)
Local chop applied in 1 block(s)
	 #6 (1.8751e-02, 1.1404e-05): lin 1 (0.0e+00)
Composition correction applied in 3 block(s)
Local chop applied in 1 block(s)
	 #7 (1.5262e-02, 1.1401e-05): lin 1 (0.0e+00)
Composition correction applied in 2 block(s)
Local chop applied in 1 block(s)
	 #8 (1.6303e-02, 5.7098e-06): lin 1 (0.0e+00)
Composition correction applied in 2 block(s)
Local chop applied in 1 block(s)
	 #9 (2.1229e-03, 8.9753e-06): lin 1 (0.0e+00)
Composition correction applied in 2 block(s)
-------------------------------------------------------------------------------------------------------------
 T = 886.553, DT = 5, NI = 9, LI = 9, RES = 2.6e-05 (1.1e-05), CFL=2.374 (ELAPSED 00:00:05, REMAINING 00:00:00 )
-------------------------------------------------------------------------------------------------------------
	 #1 (5.7452e-02, 1.3612e-03): lin 1 (0.0e+00)
Composition correction applied in 4 block(s)
Local chop applied in 2 block(s)
	 #2 (1.1528e-01, 1.1362e-05): lin 1 (0.0e+00)
Composition correction applied in 4 block(s)
Local chop applied in 2 block(s)
	 #3 (2.0535e-01, 9.5053e-06): lin 1 (0.0e+00)
Composition correction applied in 3 block(s)
Local chop applied in 2 block(s)
	 #4 (1.5990e-01, 1.1287e-05): lin 1 (0.0e+00)
Composition correction applied in 3 block(s)
Local chop applied in 1 block(s)
	 #5 (7.5354e-02, 1.0854e-05): lin 1 (0.0e+00)
Composition correction applied in 3 block(s)
Local chop applied in 1 block(s)
	 #6 (3.7003e-02, 5.6846e-06): lin 1 (0.0e+00)
Composition correction applied in 3 block(s)
Local chop applied in 1 block(s)
	 #7 (4.8504e-02, 9.4200e-06): lin 1 (0.0e+00)
Composition correction applied in 3 block(s)
Local chop applied in 2 block(s)
	 #8 (5.2523e-02, 1.1339e-05): lin 1 (0.0e+00)
Composition correction applied in 2 block(s)
Local chop applied in 2 block(s)
	 #9 (5.7357e-03, 1.1330e-05): lin 1 (0.0e+00)
Composition correction applied in 2 block(s)
Local chop applied in 1 block(s)
	 #10 (1.0095e-03, 6.5469e-06): lin 1 (0.0e+00)
Composition correction applied in 2 block(s)
-------------------------------------------------------------------------------------------------------------
 T = 891.553, DT = 5, NI = 10, LI = 10, RES = 5.0e-05 (8.3e-06), CFL=2.245 (ELAPSED 00:00:05, REMAINING 00:00:00 )
-------------------------------------------------------------------------------------------------------------
	 #1 (5.7423e-02, 1.3483e-03): lin 1 (0.0e+00)
Composition correction applied in 4 block(s)
Local chop applied in 2 block(s)
	 #2 (8.8270e-02, 1.1299e-05): lin 1 (0.0e+00)
Composition correction applied in 3 block(s)
Local chop applied in 1 block(s)
	 #3 (6.3856e-02, 1.1299e-05): lin 1 (0.0e+00)
Composition correction applied in 3 block(s)
Local chop applied in 1 block(s)
	 #4 (8.7686e-02, 1.1294e-05): lin 1 (0.0e+00)
Composition correction applied in 3 block(s)
Local chop applied in 2 block(s)
	 #5 (1.4382e-01, 5.6542e-06): lin 1 (0.0e+00)
Composition correction applied in 4 block(s)
Local chop applied in 2 block(s)
	 #6 (7.5887e-02, 5.6489e-06): lin 1 (0.0e+00)
Composition correction applied in 3 block(s)
Local chop applied in 1 block(s)
	 #7 (1.3441e-02, 1.0243e-05): lin 1 (0.0e+00)
Composition correction applied in 2 block(s)
Local chop applied in 1 block(s)
	 #8 (8.8500e-03, 7.0136e-06): lin 1 (0.0e+00)
Composition correction applied in 2 block(s)
Local chop applied in 1 block(s)
	 #9 (5.4799e-03, 1.1269e-05): lin 1 (0.0e+00)
Composition correction applied in 2 block(s)
Local chop applied in 1 block(s)
-------------------------------------------------------------------------------------------------------------
 T = 896.553, DT = 5, NI = 9, LI = 9, RES = 4.8e-04 (5.6e-06), CFL=2.322 (ELAPSED 00:00:05, REMAINING 00:00:00 )
-------------------------------------------------------------------------------------------------------------
	 #1 (5.7322e-02, 1.3356e-03): lin 1 (0.0e+00)
Composition correction applied in 4 block(s)
Local chop applied in 2 block(s)
	 #2 (1.2852e-01, 5.6334e-06): lin 1 (0.0e+00)
Composition correction applied in 4 block(s)
Local chop applied in 2 block(s)
	 #3 (1.8750e-01, 5.6316e-06): lin 1 (0.0e+00)
Composition correction applied in 3 block(s)
Local chop applied in 1 block(s)
	 #4 (5.9692e-02, 5.6181e-06): lin 1 (0.0e+00)
Composition correction applied in 3 block(s)
Local chop applied in 1 block(s)
	 #5 (2.8119e-02, 5.6184e-06): lin 1 (0.0e+00)
Composition correction applied in 3 block(s)
Local chop applied in 1 block(s)
	 #6 (2.3782e-02, 9.6093e-06): lin 1 (0.0e+00)
Composition correction applied in 3 block(s)
Local chop applied in 1 block(s)
	 #7 (1.9924e-02, 1.1215e-05): lin 1 (0.0e+00)
Composition correction applied in 3 block(s)
Local chop applied in 1 block(s)
	 #8 (2.2698e-02, 1.1211e-05): lin 1 (0.0e+00)
Composition correction applied in 2 block(s)
Local chop applied in 1 block(s)
	 #9 (8.6256e-03, 5.6133e-06): lin 1 (0.0e+00)
Composition correction applied in 2 block(s)
-------------------------------------------------------------------------------------------------------------
 T = 901.553, DT = 5, NI = 9, LI = 9, RES = 5.4e-04 (1.1e-05), CFL=2.357 (ELAPSED 00:00:05, REMAINING 00:00:00 )
-------------------------------------------------------------------------------------------------------------
	 #1 (5.7086e-02, 1.3346e-03): lin 1 (0.0e+00)
Composition correction applied in 4 block(s)
Local chop applied in 2 block(s)
	 #2 (9.0186e-02, 9.4726e-06): lin 1 (0.0e+00)
Composition correction applied in 3 block(s)
Local chop applied in 1 block(s)
	 #3 (7.9366e-02, 1.1166e-05): lin 1 (0.0e+00)
Composition correction applied in 3 block(s)
Local chop applied in 1 block(s)
	 #4 (5.3546e-02, 7.5949e-06): lin 1 (0.0e+00)
Composition correction applied in 3 block(s)
Local chop applied in 1 block(s)
	 #5 (4.1901e-02, 1.1165e-05): lin 1 (0.0e+00)
Composition correction applied in 3 block(s)
Local chop applied in 1 block(s)
	 #6 (6.6522e-02, 5.5914e-06): lin 1 (0.0e+00)
Composition correction applied in 3 block(s)
Local chop applied in 2 block(s)
	 #7 (9.1865e-02, 5.5885e-06): lin 1 (0.0e+00)
Composition correction applied in 2 block(s)
Local chop applied in 2 block(s)
	 #8 (4.3024e-02, 1.1245e-05): lin 1 (0.0e+00)
Composition correction applied in 2 block(s)
Local chop applied in 1 block(s)
	 #9 (5.0290e-03, 5.5820e-06): lin 1 (0.0e+00)
Composition correction applied in 2 block(s)
Local chop applied in 1 block(s)
	 #10 (1.7722e-03, 5.5819e-06): lin 1 (0.0e+00)
Composition correction applied in 2 block(s)
-------------------------------------------------------------------------------------------------------------
 T = 906.553, DT = 5, NI = 10, LI = 10, RES = 2.0e-04 (7.2e-06), CFL=2.161 (ELAPSED 00:00:05, REMAINING 00:00:00 )
-------------------------------------------------------------------------------------------------------------
	 #1 (5.7011e-02, 1.3101e-03): lin 1 (0.0e+00)
Composition correction applied in 4 block(s)
Local chop applied in 2 block(s)
	 #2 (1.1815e-01, 5.5622e-06): lin 1 (0.0e+00)
Composition correction applied in 3 block(s)
Local chop applied in 2 block(s)
	 #3 (1.3872e-01, 5.5718e-06): lin 1 (0.0e+00)
Composition correction applied in 3 block(s)
Local chop applied in 2 block(s)
	 #4 (2.3282e-01, 9.6319e-06): lin 1 (0.0e+00)
Composition correction applied in 4 block(s)
Local chop applied in 2 block(s)
	 #5 (8.8593e-02, 1.1095e-05): lin 1 (0.0e+00)
Composition correction applied in 3 block(s)
Local chop applied in 1 block(s)
	 #6 (1.6424e-02, 1.0962e-05): lin 1 (0.0e+00)
Composition correction applied in 3 block(s)
Local chop applied in 1 block(s)
	 #7 (1.3045e-02, 5.5538e-06): lin 1 (0.0e+00)
Composition correction applied in 2 block(s)
Local chop applied in 1 block(s)
	 #8 (9.2654e-03, 1.1086e-05): lin 1 (0.0e+00)
Composition correction applied in 2 block(s)
Local chop applied in 1 block(s)
	 #9 (4.6279e-03, 5.5515e-06): lin 1 (0.0e+00)
Composition correction applied in 2 block(s)
	 #10 (1.2940e-03, 5.5505e-06): lin 1 (0.0e+00)
Composition correction applied in 2 block(s)
-------------------------------------------------------------------------------------------------------------
 T = 911.553, DT = 5, NI = 10, LI = 10, RES = 1.8e-05 (5.6e-06), CFL=2.362 (ELAPSED 00:00:05, REMAINING 00:00:00 )
-------------------------------------------------------------------------------------------------------------
	 #1 (5.6719e-02, 1.2991e-03): lin 1 (0.0e+00)
Composition correction applied in 4 block(s)
Local chop applied in 2 block(s)
	 #2 (1.2579e-01, 7.4449e-06): lin 1 (0.0e+00)
Composition correction applied in 4 block(s)
Local chop applied in 2 block(s)
	 #3 (9.0433e-02, 5.5364e-06): lin 1 (0.0e+00)
Composition correction applied in 3 block(s)
Local chop applied in 1 block(s)
	 #4 (4.7205e-02, 5.5272e-06): lin 1 (0.0e+00)
Composition correction applied in 3 block(s)
Local chop applied in 1 block(s)
	 #5 (3.2207e-02, 9.6931e-06): lin 1 (0.0e+00)
Composition correction applied in 3 block(s)
Local chop applied in 1 block(s)
	 #6 (2.9155e-02, 1.1036e-05): lin 1 (0.0e+00)
Composition correction applied in 3 block(s)
Local chop applied in 1 block(s)
	 #7 (4.6316e-02, 5.5271e-06): lin 1 (0.0e+00)
Composition correction applied in 3 block(s)
Local chop applied in 2 block(s)
	 #8 (5.2494e-02, 6.0495e-06): lin 1 (0.0e+00)
Composition correction applied in 2 block(s)
Local chop applied in 2 block(s)
	 #9 (1.6125e-02, 9.3846e-06): lin 1 (0.0e+00)
Composition correction applied in 2 block(s)
-------------------------------------------------------------------------------------------------------------
 T = 916.553, DT = 5, NI = 9, LI = 9, RES = 3.8e-04 (5.5e-06), CFL=2.308 (ELAPSED 00:00:05, REMAINING 00:00:00 )
-------------------------------------------------------------------------------------------------------------
	 #1 (5.6501e-02, 1.2881e-03): lin 1 (0.0e+00)
Composition correction applied in 4 block(s)
Local chop applied in 2 block(s)
	 #2 (6.5319e-02, 1.0944e-05): lin 1 (0.0e+00)
Composition correction applied in 3 block(s)
Local chop applied in 1 block(s)
	 #3 (5.3182e-02, 5.5041e-06): lin 1 (0.0e+00)
Composition correction applied in 3 block(s)
Local chop applied in 1 block(s)
	 #4 (4.8495e-02, 1.0987e-05): lin 1 (0.0e+00)
Composition correction applied in 3 block(s)
Local chop applied in 1 block(s)
	 #5 (7.6747e-02, 5.5020e-06): lin 1 (0.0e+00)
Composition correction applied in 3 block(s)
Local chop applied in 2 block(s)
	 #6 (1.1249e-01, 9.1922e-06): lin 1 (0.0e+00)
Composition correction applied in 3 block(s)
Local chop applied in 2 block(s)
	 #7 (4.8067e-02, 5.4948e-06): lin 1 (0.0e+00)
Composition correction applied in 2 block(s)
Local chop applied in 1 block(s)
	 #8 (8.2826e-03, 1.0965e-05): lin 1 (0.0e+00)
Composition correction applied in 2 block(s)
Local chop applied in 1 block(s)
	 #9 (5.0762e-03, 1.0273e-05): lin 1 (0.0e+00)
Composition correction applied in 2 block(s)
Local chop applied in 1 block(s)
	 #10 (2.3344e-03, 1.0962e-05): lin 1 (0.0e+00)
Composition correction applied in 2 block(s)
-------------------------------------------------------------------------------------------------------------
 T = 921.553, DT = 5, NI = 10, LI = 10, RES = 6.6e-04 (7.2e-06), CFL=2.260 (ELAPSED 00:00:05, REMAINING 00:00:00 )
-------------------------------------------------------------------------------------------------------------
	 #1 (5.6510e-02, 1.2768e-03): lin 1 (0.0e+00)
Composition correction applied in 4 block(s)
Local chop applied in 2 block(s)
	 #2 (1.2450e-01, 5.4876e-06): lin 1 (0.0e+00)
Composition correction applied in 4 block(s)
Local chop applied in 2 block(s)
	 #3 (2.6299e-01, 9.3304e-06): lin 1 (0.0e+00)
Composition correction applied in 4 block(s)
Local chop applied in 2 block(s)
	 #4 (1.2547e-01, 8.9980e-06): lin 1 (0.0e+00)
Composition correction applied in 3 block(s)
Local chop applied in 1 block(s)
	 #5 (2.2423e-02, 1.0915e-05): lin 1 (0.0e+00)
Composition correction applied in 3 block(s)
Local chop applied in 1 block(s)
	 #6 (1.8803e-02, 1.0911e-05): lin 1 (0.0e+00)
Composition correction applied in 3 block(s)
Local chop applied in 1 block(s)
	 #7 (1.4964e-02, 8.4773e-06): lin 1 (0.0e+00)
Composition correction applied in 2 block(s)
Local chop applied in 1 block(s)
	 #8 (1.4792e-02, 6.2597e-06): lin 1 (0.0e+00)
Composition correction applied in 2 block(s)
Local chop applied in 1 block(s)
	 #9 (1.7102e-03, 1.0902e-05): lin 1 (0.0e+00)
Composition correction applied in 2 block(s)
-------------------------------------------------------------------------------------------------------------
 T = 926.553, DT = 5, NI = 9, LI = 9, RES = 7.7e-06 (5.5e-06), CFL=2.371 (ELAPSED 00:00:05, REMAINING 00:00:00 )
-------------------------------------------------------------------------------------------------------------
	 #1 (5.6163e-02, 1.2662e-03): lin 1 (0.0e+00)
Composition correction applied in 4 block(s)
Local chop applied in 2 block(s)
	 #2 (1.1187e-01, 1.0856e-05): lin 1 (0.0e+00)
Composition correction applied in 4 block(s)
Local chop applied in 2 block(s)
	 #3 (2.0442e-01, 5.4399e-06): lin 1 (0.0e+00)
Composition correction applied in 3 block(s)
Local chop applied in 2 block(s)
	 #4 (1.4563e-01, 1.0871e-05): lin 1 (0.0e+00)
Composition correction applied in 3 block(s)
Local chop applied in 1 block(s)
	 #5 (6.7839e-02, 1.0144e-05): lin 1 (0.0e+00)
Composition correction applied in 3 block(s)
Local chop applied in 1 block(s)
	 #6 (3.6154e-02, 1.0933e-05): lin 1 (0.0e+00)
Composition correction applied in 3 block(s)
Local chop applied in 1 block(s)
	 #7 (4.8387e-02, 7.2740e-06): lin 1 (0.0e+00)
Composition correction applied in 3 block(s)
Local chop applied in 2 block(s)
	 #8 (5.0817e-02, 8.7615e-06): lin 1 (0.0e+00)
Composition correction applied in 2 block(s)
Local chop applied in 2 block(s)
	 #9 (9.5381e-03, 8.9472e-06): lin 1 (0.0e+00)
Composition correction applied in 2 block(s)
Local chop applied in 1 block(s)
	 #10 (1.5384e-03, 5.4314e-06): lin 1 (0.0e+00)
Composition correction applied in 2 block(s)
-------------------------------------------------------------------------------------------------------------
 T = 931.553, DT = 5, NI = 10, LI = 10, RES = 7.0e-05 (5.4e-06), CFL=2.231 (ELAPSED 00:00:05, REMAINING 00:00:00 )
-------------------------------------------------------------------------------------------------------------
	 #1 (5.6157e-02, 1.2551e-03): lin 1 (0.0e+00)
Composition correction applied in 4 block(s)
Local chop applied in 2 block(s)
	 #2 (9.3963e-02, 5.4052e-06): lin 1 (0.0e+00)
Composition correction applied in 3 block(s)
Local chop applied in 1 block(s)
	 #3 (6.4814e-02, 9.2987e-06): lin 1 (0.0e+00)
Composition correction applied in 3 block(s)
Local chop applied in 1 block(s)
	 #4 (8.3977e-02, 5.4150e-06): lin 1 (0.0e+00)
Composition correction applied in 3 block(s)
Local chop applied in 2 block(s)
	 #5 (1.3570e-01, 1.0805e-05): lin 1 (0.0e+00)
Composition correction applied in 4 block(s)
Local chop applied in 2 block(s)
	 #6 (4.9387e-02, 5.4077e-06): lin 1 (0.0e+00)
Composition correction applied in 3 block(s)
Local chop applied in 1 block(s)
	 #7 (1.1841e-02, 5.4049e-06): lin 1 (0.0e+00)
Composition correction applied in 2 block(s)
Local chop applied in 1 block(s)
	 #8 (8.6084e-03, 1.0790e-05): lin 1 (0.0e+00)
Composition correction applied in 2 block(s)
Local chop applied in 1 block(s)
	 #9 (5.0374e-03, 1.0788e-05): lin 1 (0.0e+00)
Composition correction applied in 2 block(s)
Local chop applied in 1 block(s)
	 #10 (2.3064e-03, 7.9897e-06): lin 1 (0.0e+00)
Composition correction applied in 2 block(s)
-------------------------------------------------------------------------------------------------------------
 T = 936.553, DT = 5, NI = 10, LI = 10, RES = 7.6e-06 (1.1e-05), CFL=2.327 (ELAPSED 00:00:05, REMAINING 00:00:00 )
-------------------------------------------------------------------------------------------------------------
	 #1 (5.6032e-02, 1.2556e-03): lin 1 (0.0e+00)
Composition correction applied in 4 block(s)
Local chop applied in 2 block(s)
	 #2 (1.2668e-01, 5.3751e-06): lin 1 (0.0e+00)
Composition correction applied in 4 block(s)
Local chop applied in 2 block(s)
	 #3 (1.5590e-01, 1.0759e-05): lin 1 (0.0e+00)
Composition correction applied in 3 block(s)
Local chop applied in 1 block(s)
	 #4 (4.7971e-02, 1.1331e-05): lin 1 (0.0e+00)
Composition correction applied in 3 block(s)
Local chop applied in 1 block(s)
	 #5 (2.6695e-02, 9.3293e-06): lin 1 (0.0e+00)
Composition correction applied in 3 block(s)
Local chop applied in 1 block(s)
	 #6 (2.4045e-02, 1.0740e-05): lin 1 (0.0e+00)
Composition correction applied in 3 block(s)
Local chop applied in 1 block(s)
	 #7 (3.4737e-02, 6.2332e-06): lin 1 (0.0e+00)
Composition correction applied in 3 block(s)
Local chop applied in 1 block(s)
	 #8 (3.9042e-02, 1.0736e-05): lin 1 (0.0e+00)
Composition correction applied in 2 block(s)
Local chop applied in 1 block(s)
	 #9 (1.1713e-02, 5.3742e-06): lin 1 (0.0e+00)
Composition correction applied in 2 block(s)
-------------------------------------------------------------------------------------------------------------
 T = 941.553, DT = 5, NI = 9, LI = 9, RES = 2.4e-04 (5.4e-06), CFL=2.349 (ELAPSED 00:00:06, REMAINING 00:00:00 )
-------------------------------------------------------------------------------------------------------------
	 #1 (5.5715e-02, 1.2343e-03): lin 1 (0.0e+00)
Composition correction applied in 4 block(s)
Local chop applied in 2 block(s)
	 #2 (8.3005e-02, 1.0697e-05): lin 1 (0.0e+00)
Composition correction applied in 3 block(s)
Local chop applied in 1 block(s)
	 #3 (7.0250e-02, 1.0695e-05): lin 1 (0.0e+00)
Composition correction applied in 3 block(s)
Local chop applied in 1 block(s)
	 #4 (4.9319e-02, 7.7082e-06): lin 1 (0.0e+00)
Composition correction applied in 3 block(s)
Local chop applied in 1 block(s)
	 #5 (4.1456e-02, 9.4603e-06): lin 1 (0.0e+00)
Composition correction applied in 3 block(s)
Local chop applied in 1 block(s)
	 #6 (6.4872e-02, 1.0689e-05): lin 1 (0.0e+00)
Composition correction applied in 3 block(s)
Local chop applied in 2 block(s)
	 #7 (8.5625e-02, 1.0685e-05): lin 1 (0.0e+00)
Composition correction applied in 2 block(s)
Local chop applied in 2 block(s)
	 #8 (2.5332e-02, 7.7747e-06): lin 1 (0.0e+00)
Composition correction applied in 2 block(s)
Local chop applied in 1 block(s)
	 #9 (4.2816e-03, 1.0674e-05): lin 1 (0.0e+00)
Composition correction applied in 2 block(s)
Local chop applied in 1 block(s)
	 #10 (1.8462e-03, 1.0673e-05): lin 1 (0.0e+00)
Composition correction applied in 2 block(s)
-------------------------------------------------------------------------------------------------------------
 T = 946.553, DT = 5, NI = 10, LI = 10, RES = 4.4e-04 (1.1e-05), CFL=2.176 (ELAPSED 00:00:06, REMAINING 00:00:00 )
-------------------------------------------------------------------------------------------------------------
	 #1 (5.5741e-02, 1.2340e-03): lin 1 (0.0e+00)
Composition correction applied in 4 block(s)
Local chop applied in 1 block(s)
	 #2 (1.1704e-01, 5.3317e-06): lin 1 (0.0e+00)
Composition correction applied in 3 block(s)
Local chop applied in 2 block(s)
	 #3 (3.0125e-01, 6.0439e-06): lin 1 (0.0e+00)
Composition correction applied in 4 block(s)
Local chop applied in 2 block(s)
	 #4 (3.4870e-01, 1.0634e-05): lin 1 (0.0e+00)
Composition correction applied in 3 block(s)
Local chop applied in 2 block(s)
	 #5 (6.5095e-02, 7.3163e-06): lin 1 (0.0e+00)
Composition correction applied in 3 block(s)
Local chop applied in 1 block(s)
	 #6 (1.5780e-02, 1.0624e-05): lin 1 (0.0e+00)
Composition correction applied in 3 block(s)
Local chop applied in 1 block(s)
	 #7 (1.3423e-02, 5.3206e-06): lin 1 (0.0e+00)
Composition correction applied in 2 block(s)
Local chop applied in 1 block(s)
	 #8 (9.6701e-03, 1.0620e-05): lin 1 (0.0e+00)
Composition correction applied in 2 block(s)
Local chop applied in 1 block(s)
	 #9 (5.4005e-03, 5.3187e-06): lin 1 (0.0e+00)
Composition correction applied in 2 block(s)
	 #10 (1.6659e-03, 1.0615e-05): lin 1 (0.0e+00)
Composition correction applied in 2 block(s)
-------------------------------------------------------------------------------------------------------------
 T = 951.553, DT = 5, NI = 10, LI = 10, RES = 1.3e-05 (5.3e-06), CFL=2.364 (ELAPSED 00:00:06, REMAINING 00:00:00 )
-------------------------------------------------------------------------------------------------------------
	 #1 (5.5450e-02, 1.2137e-03): lin 1 (0.0e+00)
Composition correction applied in 3 block(s)
Local chop applied in 2 block(s)
	 #2 (1.2055e-01, 8.7882e-06): lin 1 (0.0e+00)
Composition correction applied in 4 block(s)
Local chop applied in 2 block(s)
	 #3 (1.0032e-01, 6.7803e-06): lin 1 (0.0e+00)
Composition correction applied in 3 block(s)
Local chop applied in 1 block(s)
	 #4 (4.4507e-02, 1.0597e-05): lin 1 (0.0e+00)
Composition correction applied in 3 block(s)
Local chop applied in 1 block(s)
	 #5 (3.2303e-02, 5.2971e-06): lin 1 (0.0e+00)
Composition correction applied in 3 block(s)
Local chop applied in 1 block(s)
	 #6 (2.9228e-02, 5.2968e-06): lin 1 (0.0e+00)
Composition correction applied in 3 block(s)
Local chop applied in 1 block(s)
	 #7 (4.7277e-02, 1.0572e-05): lin 1 (0.0e+00)
Composition correction applied in 3 block(s)
Local chop applied in 2 block(s)
	 #8 (5.3657e-02, 1.0568e-05): lin 1 (0.0e+00)
Composition correction applied in 2 block(s)
Local chop applied in 2 block(s)
	 #9 (1.5027e-02, 8.2792e-06): lin 1 (0.0e+00)
Composition correction applied in 2 block(s)
-------------------------------------------------------------------------------------------------------------
 T = 956.553, DT = 5, NI = 9, LI = 9, RES = 4.8e-04 (8.1e-06), CFL=2.297 (ELAPSED 00:00:06, REMAINING 00:00:00 )
-------------------------------------------------------------------------------------------------------------
	 #1 (5.5289e-02, 1.2040e-03): lin 1 (0.0e+00)
Composition correction applied in 4 block(s)
Local chop applied in 2 block(s)
	 #2 (6.4471e-02, 5.2682e-06): lin 1 (0.0e+00)
Composition correction applied in 3 block(s)
Local chop applied in 1 block(s)
	 #3 (5.2698e-02, 1.1212e-05): lin 1 (0.0e+00)
Composition correction applied in 3 block(s)
Local chop applied in 1 block(s)
	 #4 (4.7649e-02, 1.0529e-05): lin 1 (0.0e+00)
Composition correction applied in 3 block(s)
Local chop applied in 1 block(s)
	 #5 (7.4431e-02, 8.1800e-06): lin 1 (0.0e+00)
Composition correction applied in 3 block(s)
Local chop applied in 2 block(s)
	 #6 (1.0358e-01, 5.6886e-06): lin 1 (0.0e+00)
Composition correction applied in 2 block(s)
Local chop applied in 2 block(s)
	 #7 (2.4817e-02, 1.0511e-05): lin 1 (0.0e+00)
Composition correction applied in 2 block(s)
Local chop applied in 1 block(s)
	 #8 (7.4944e-03, 1.0509e-05): lin 1 (0.0e+00)
Composition correction applied in 2 block(s)
Local chop applied in 1 block(s)
	 #9 (4.9783e-03, 5.2639e-06): lin 1 (0.0e+00)
Composition correction applied in 2 block(s)
Local chop applied in 1 block(s)
	 #10 (3.6495e-03, 5.2623e-06): lin 1 (0.0e+00)
Composition correction applied in 2 block(s)
-------------------------------------------------------------------------------------------------------------
 T = 961.553, DT = 5, NI = 10, LI = 10, RES = 6.0e-04 (1.1e-05), CFL=2.268 (ELAPSED 00:00:06, REMAINING 00:00:00 )
-------------------------------------------------------------------------------------------------------------
	 #1 (5.5274e-02, 1.2047e-03): lin 1 (0.0e+00)
Composition correction applied in 4 block(s)
Local chop applied in 2 block(s)
	 #2 (1.2150e-01, 1.0464e-05): lin 1 (0.0e+00)
Composition correction applied in 4 block(s)
Local chop applied in 2 block(s)
	 #3 (2.5517e-01, 1.0483e-05): lin 1 (0.0e+00)
Composition correction applied in 4 block(s)
Local chop applied in 2 block(s)
	 #4 (9.4811e-02, 9.4192e-06): lin 1 (0.0e+00)
Composition correction applied in 3 block(s)
Local chop applied in 1 block(s)
	 #5 (2.1766e-02, 1.0463e-05): lin 1 (0.0e+00)
Composition correction applied in 3 block(s)
Local chop applied in 1 block(s)
	 #6 (1.8988e-02, 5.2392e-06): lin 1 (0.0e+00)
Composition correction applied in 3 block(s)
Local chop applied in 1 block(s)
	 #7 (1.5245e-02, 1.0458e-05): lin 1 (0.0e+00)
Composition correction applied in 2 block(s)
Local chop applied in 1 block(s)
	 #8 (1.5905e-02, 1.0456e-05): lin 1 (0.0e+00)
Composition correction applied in 2 block(s)
Local chop applied in 1 block(s)
-------------------------------------------------------------------------------------------------------------
 T = 966.553, DT = 5, NI = 8, LI = 8, RES = 5.0e-04 (9.7e-06), CFL=2.368 (ELAPSED 00:00:06, REMAINING 00:00:00 )
-------------------------------------------------------------------------------------------------------------
	 #1 (5.4944e-02, 1.1848e-03): lin 1 (0.0e+00)
Composition correction applied in 4 block(s)
Local chop applied in 2 block(s)
	 #2 (1.0854e-01, 1.0429e-05): lin 1 (0.0e+00)
Composition correction applied in 4 block(s)
Local chop applied in 1 block(s)
	 #3 (1.9813e-01, 1.0411e-05): lin 1 (0.0e+00)
Composition correction applied in 3 block(s)
Local chop applied in 2 block(s)
	 #4 (1.3948e-01, 8.4324e-06): lin 1 (0.0e+00)
Composition correction applied in 3 block(s)
Local chop applied in 1 block(s)
	 #5 (6.1763e-02, 9.1423e-06): lin 1 (0.0e+00)
Composition correction applied in 3 block(s)
Local chop applied in 1 block(s)
	 #6 (3.5659e-02, 8.3131e-06): lin 1 (0.0e+00)
Composition correction applied in 3 block(s)
Local chop applied in 1 block(s)
	 #7 (5.3854e-02, 8.0534e-06): lin 1 (0.0e+00)
Composition correction applied in 3 block(s)
Local chop applied in 2 block(s)
	 #8 (6.3446e-02, 8.9616e-06): lin 1 (0.0e+00)
Composition correction applied in 2 block(s)
Local chop applied in 2 block(s)
	 #9 (1.0082e-02, 5.2086e-06): lin 1 (0.0e+00)
Composition correction applied in 2 block(s)
Local chop applied in 1 block(s)
	 #10 (1.4502e-03, 1.0398e-05): lin 1 (0.0e+00)
Composition correction applied in 2 block(s)
-------------------------------------------------------------------------------------------------------------
 T = 971.553, DT = 5, NI = 10, LI = 10, RES = 1.6e-04 (5.2e-06), CFL=2.219 (ELAPSED 00:00:06, REMAINING 00:00:00 )
-------------------------------------------------------------------------------------------------------------
	 #1 (5.5015e-02, 1.1749e-03): lin 1 (0.0e+00)
Composition correction applied in 4 block(s)
Local chop applied in 2 block(s)
	 #2 (9.5675e-02, 8.1218e-06): lin 1 (0.0e+00)
Composition correction applied in 3 block(s)
Local chop applied in 1 block(s)
	 #3 (1.2841e-01, 5.1974e-06): lin 1 (0.0e+00)
Composition correction applied in 3 block(s)
Local chop applied in 2 block(s)
	 #4 (2.2777e-01, 9.6282e-06): lin 1 (0.0e+00)
Composition correction applied in 3 block(s)
Local chop applied in 2 block(s)
	 #5 (2.4670e-01, 1.0361e-05): lin 1 (0.0e+00)
Composition correction applied in 3 block(s)
Local chop applied in 2 block(s)
	 #6 (5.0683e-02, 5.1856e-06): lin 1 (0.0e+00)
Composition correction applied in 3 block(s)
Local chop applied in 1 block(s)
	 #7 (1.1128e-02, 6.5219e-06): lin 1 (0.0e+00)
Composition correction applied in 2 block(s)
Local chop applied in 1 block(s)
	 #8 (8.5740e-03, 1.0767e-05): lin 1 (0.0e+00)
Composition correction applied in 2 block(s)
Local chop applied in 1 block(s)
	 #9 (4.9660e-03, 1.0346e-05): lin 1 (0.0e+00)
Composition correction applied in 2 block(s)
Local chop applied in 1 block(s)
	 #10 (2.7973e-03, 7.4043e-06): lin 1 (0.0e+00)
Composition correction applied in 2 block(s)
-------------------------------------------------------------------------------------------------------------
 T = 976.553, DT = 5, NI = 10, LI = 10, RES = 1.0e-05 (5.2e-06), CFL=2.329 (ELAPSED 00:00:06, REMAINING 00:00:00 )
-------------------------------------------------------------------------------------------------------------
	 #1 (5.4833e-02, 1.1656e-03): lin 1 (0.0e+00)
Composition correction applied in 4 block(s)
Local chop applied in 2 block(s)
	 #2 (1.2219e-01, 5.5966e-06): lin 1 (0.0e+00)
Composition correction applied in 4 block(s)
Local chop applied in 2 block(s)
	 #3 (1.4548e-01, 5.1693e-06): lin 1 (0.0e+00)
Composition correction applied in 3 block(s)
Local chop applied in 1 block(s)
	 #4 (4.6455e-02, 1.0304e-05): lin 1 (0.0e+00)
Composition correction applied in 3 block(s)
Local chop applied in 1 block(s)
	 #5 (2.6436e-02, 5.1615e-06): lin 1 (0.0e+00)
Composition correction applied in 3 block(s)
Local chop applied in 1 block(s)
	 #6 (2.3945e-02, 5.1604e-06): lin 1 (0.0e+00)
Composition correction applied in 3 block(s)
Local chop applied in 1 block(s)
	 #7 (3.2579e-02, 1.0301e-05): lin 1 (0.0e+00)
Composition correction applied in 3 block(s)
Local chop applied in 1 block(s)
	 #8 (3.8936e-02, 5.1576e-06): lin 1 (0.0e+00)
Composition correction applied in 2 block(s)
Local chop applied in 1 block(s)
	 #9 (1.2034e-02, 7.5248e-06): lin 1 (0.0e+00)
Composition correction applied in 2 block(s)
-------------------------------------------------------------------------------------------------------------
 T = 981.553, DT = 5, NI = 9, LI = 9, RES = 2.4e-04 (5.2e-06), CFL=2.344 (ELAPSED 00:00:06, REMAINING 00:00:00 )
-------------------------------------------------------------------------------------------------------------
	 #1 (5.4528e-02, 1.1565e-03): lin 1 (0.0e+00)
Composition correction applied in 4 block(s)
Local chop applied in 2 block(s)
	 #2 (7.5659e-02, 1.0259e-05): lin 1 (0.0e+00)
Composition correction applied in 3 block(s)
Local chop applied in 1 block(s)
	 #3 (5.8247e-02, 5.2933e-06): lin 1 (0.0e+00)
Composition correction applied in 3 block(s)
Local chop applied in 1 block(s)
	 #4 (4.5240e-02, 1.0261e-05): lin 1 (0.0e+00)
Composition correction applied in 3 block(s)
Local chop applied in 1 block(s)
	 #5 (4.0545e-02, 5.1384e-06): lin 1 (0.0e+00)
Composition correction applied in 3 block(s)
Local chop applied in 1 block(s)
	 #6 (6.4495e-02, 5.1366e-06): lin 1 (0.0e+00)
Composition correction applied in 3 block(s)
Local chop applied in 2 block(s)
	 #7 (8.3466e-02, 1.0166e-05): lin 1 (0.0e+00)
Composition correction applied in 2 block(s)
Local chop applied in 2 block(s)
	 #8 (1.8611e-02, 1.0243e-05): lin 1 (0.0e+00)
Composition correction applied in 2 block(s)
Local chop applied in 1 block(s)
	 #9 (4.1550e-03, 1.1579e-05): lin 1 (0.0e+00)
Composition correction applied in 2 block(s)
Local chop applied in 1 block(s)
	 #10 (1.8483e-03, 1.0240e-05): lin 1 (0.0e+00)
Composition correction applied in 2 block(s)
-------------------------------------------------------------------------------------------------------------
 T = 986.553, DT = 5, NI = 10, LI = 10, RES = 8.6e-04 (7.1e-06), CFL=2.180 (ELAPSED 00:00:06, REMAINING 00:00:00 )
-------------------------------------------------------------------------------------------------------------
	 #1 (5.4569e-02, 1.1468e-03): lin 1 (0.0e+00)
Composition correction applied in 4 block(s)
Local chop applied in 1 block(s)
	 #2 (1.1395e-01, 1.1766e-05): lin 1 (0.0e+00)
Composition correction applied in 3 block(s)
Local chop applied in 2 block(s)
	 #3 (3.0005e-01, 1.0220e-05): lin 1 (0.0e+00)
Composition correction applied in 4 block(s)
Local chop applied in 2 block(s)
	 #4 (3.3464e-01, 1.0564e-05): lin 1 (0.0e+00)
Composition correction applied in 3 block(s)
Local chop applied in 2 block(s)
	 #5 (4.6365e-02, 5.1073e-06): lin 1 (0.0e+00)
Composition correction applied in 3 block(s)
Local chop applied in 1 block(s)
	 #6 (1.5729e-02, 1.0045e-05): lin 1 (0.0e+00)
Composition correction applied in 3 block(s)
Local chop applied in 1 block(s)
	 #7 (1.3244e-02, 5.1053e-06): lin 1 (0.0e+00)
Composition correction applied in 2 block(s)
Local chop applied in 1 block(s)
	 #8 (9.5347e-03, 5.1053e-06): lin 1 (0.0e+00)
Composition correction applied in 2 block(s)
Local chop applied in 1 block(s)
	 #9 (5.1288e-03, 9.0103e-06): lin 1 (0.0e+00)
Composition correction applied in 2 block(s)
	 #10 (1.6136e-03, 1.0187e-05): lin 1 (0.0e+00)
Composition correction applied in 2 block(s)
-------------------------------------------------------------------------------------------------------------
 T = 991.553, DT = 5, NI = 10, LI = 10, RES = 2.5e-05 (5.1e-06), CFL=2.362 (ELAPSED 00:00:06, REMAINING 00:00:00 )
-------------------------------------------------------------------------------------------------------------
	 #1 (5.4275e-02, 1.1384e-03): lin 1 (0.0e+00)
Composition correction applied in 3 block(s)
Local chop applied in 2 block(s)
	 #2 (1.1811e-01, 9.7929e-06): lin 1 (0.0e+00)
Composition correction applied in 4 block(s)
Local chop applied in 2 block(s)
	 #3 (1.0373e-01, 1.1719e-05): lin 1 (0.0e+00)
Composition correction applied in 3 block(s)
Local chop applied in 1 block(s)
	 #4 (4.4109e-02, 1.1178e-05): lin 1 (0.0e+00)
Composition correction applied in 3 block(s)
Local chop applied in 1 block(s)
	 #5 (3.1869e-02, 1.1407e-05): lin 1 (0.0e+00)
Composition correction applied in 3 block(s)
Local chop applied in 1 block(s)
	 #6 (2.8853e-02, 5.0845e-06): lin 1 (0.0e+00)
Composition correction applied in 3 block(s)
Local chop applied in 1 block(s)
	 #7 (4.7760e-02, 1.0946e-05): lin 1 (0.0e+00)
Composition correction applied in 3 block(s)
Local chop applied in 2 block(s)
	 #8 (5.4195e-02, 5.0811e-06): lin 1 (0.0e+00)
Composition correction applied in 2 block(s)
Local chop applied in 2 block(s)
	 #9 (1.4588e-02, 1.0985e-05): lin 1 (0.0e+00)
Composition correction applied in 2 block(s)
-------------------------------------------------------------------------------------------------------------
 T = 996.553, DT = 5, NI = 9, LI = 9, RES = 4.9e-04 (6.4e-06), CFL=2.291 (ELAPSED 00:00:06, REMAINING 00:00:00 )
-------------------------------------------------------------------------------------------------------------
	 #1 (3.7316e-02, 7.7887e-04): lin 1 (0.0e+00)
Composition correction applied in 4 block(s)
Local chop applied in 2 block(s)
	 #2 (3.1278e-02, 3.4959e-06): lin 1 (0.0e+00)
Composition correction applied in 3 block(s)
Local chop applied in 1 block(s)
	 #3 (2.5464e-02, 3.4917e-06): lin 1 (0.0e+00)
Composition correction applied in 3 block(s)
Local chop applied in 1 block(s)
	 #4 (2.0654e-02, 3.4912e-06): lin 1 (0.0e+00)
Composition correction applied in 3 block(s)
Local chop applied in 1 block(s)
	 #5 (1.9488e-02, 6.9679e-06): lin 1 (0.0e+00)
Composition correction applied in 2 block(s)
Local chop applied in 1 block(s)
	 #6 (9.2197e-03, 6.9646e-06): lin 1 (0.0e+00)
Composition correction applied in 2 block(s)
	 #7 (1.0277e-03, 6.9623e-06): lin 1 (0.0e+00)
Composition correction applied in 2 block(s)
-------------------------------------------------------------------------------------------------------------
 T = 1000, DT = 3.4465, NI = 7, LI = 7, RES = 2.3e-05 (3.5e-06), CFL=1.545 (ELAPSED 00:00:06, REMAINING 00:00:00 )
-------------------------------------------------------------------------------------------------------------

Total steps 215 (0) newton 1978 (0) linear 1978 (0)
---OBL Statistics---
Number of operators: 28
Number of points: 400
Number of interpolations: 61432000 
Number of points used: 17009 (0.027%)
Total elapsed 6.322348 sec
	jacobian assembly 3.618308 sec
		interpolation 2.986811 sec
			reservoir 0 interpolation 2.912832 sec
				body generation 2.360895 sec
					point generation 2.339391 sec
			well controls interpolation 0.021454 sec
				body generation 0.018876 sec
					point generation 0.018512 sec
			wellbore interpolation 0.074876 sec
				body generation 0.071426 sec
					point generation 0.070855 sec
	linear solver setup 0.002343 sec
		SUPERLU 0.000658 sec
	linear solver solve 2.442797 sec
		SUPERLU 2.296035 sec
	newton update 0.149632 sec
		composition correction 0.050811 sec
