darts-linear-solvers built on May  1 2023 11:41:06 by lorozco@login04 from GITDIR-NOTFOUND
darts-engines built on 15/05/2023, 14:52:47 by lorozco@login03 from 8e8f836-dirty
darts-package built on 15/05/2023 14:56:21 by lorozco@login03 from 8e8f836-dirty
Building connection list...
Processing mesh: 1000 reservoir blocks, 4 well blocks, 1003 connections
2-phase 4-component isothermal flow with kinetic reaction and diffusion CPU engine
Sim params: 
	First ts: 	0.001
	Max ts: 	0.1
	Mult ts: 	2
	Max i newton: 	10
	Max i linear: 	50
	Tol newton: 	0.001
	Tol linear: 	1e-05

START SIMULATION
-------------------------------------------------------------------------------------------------------------
Well INJ_GAS initialized with gas rate injector
Well PROD initialized with BHP producer
	 #1 (1.7816e+10, 2.9808e+15): lin 1 (0.0e+00)
Composition correction applied in 948 block(s)
	 #2 (1.0002e+00, 2.4755e+04): lin 1 (0.0e+00)
Composition correction applied in 963 block(s)
	 #3 (8.5625e+03, 1.6489e+08): lin 1 (0.0e+00)
Composition correction applied in 928 block(s)
	 #4 (9.5901e-04, 3.0990e+01): lin 1 (0.0e+00)
Composition correction applied in 929 block(s)
-------------------------------------------------------------------------------------------------------------
 T = 0.001, DT = 0.001, NI = 4, LI = 4, RES = 3.5e-10 (4.8e-04), CFL=0.000 (ELAPSED 00:00:00 )
-------------------------------------------------------------------------------------------------------------
	 #1 (2.0000e+00, 1.6822e+02): lin 1 (0.0e+00)
Composition correction applied in 996 block(s)
-------------------------------------------------------------------------------------------------------------
 T = 0.003, DT = 0.002, NI = 1, LI = 1, RES = 1.7e-06 (4.3e-03), CFL=0.000 (ELAPSED 00:00:00 )
-------------------------------------------------------------------------------------------------------------
	 #1 (1.3323e+00, 2.3260e+02): lin 1 (0.0e+00)
Composition correction applied in 996 block(s)
-------------------------------------------------------------------------------------------------------------
 T = 0.007, DT = 0.004, NI = 1, LI = 1, RES = 1.4e-06 (4.4e-03), CFL=0.000 (ELAPSED 00:00:00 )
-------------------------------------------------------------------------------------------------------------
	 #1 (1.1432e+00, 1.2208e+02): lin 1 (0.0e+00)
Composition correction applied in 996 block(s)
-------------------------------------------------------------------------------------------------------------
 T = 0.015, DT = 0.008, NI = 1, LI = 1, RES = 1.6e-06 (2.8e-03), CFL=0.001 (ELAPSED 00:00:00 )
-------------------------------------------------------------------------------------------------------------
	 #1 (1.0671e+00, 7.5910e+01): lin 1 (0.0e+00)
Composition correction applied in 996 block(s)
-------------------------------------------------------------------------------------------------------------
 T = 0.031, DT = 0.016, NI = 1, LI = 1, RES = 2.6e-06 (2.3e-03), CFL=0.001 (ELAPSED 00:00:00 )
-------------------------------------------------------------------------------------------------------------
	 #1 (1.0323e+00, 5.0587e+01): lin 1 (0.0e+00)
Composition correction applied in 997 block(s)
-------------------------------------------------------------------------------------------------------------
 T = 0.063, DT = 0.032, NI = 1, LI = 1, RES = 6.6e-06 (2.1e-03), CFL=0.002 (ELAPSED 00:00:00 )
-------------------------------------------------------------------------------------------------------------
	 #1 (1.0152e+00, 3.4468e+01): lin 1 (0.0e+00)
Composition correction applied in 996 block(s)
-------------------------------------------------------------------------------------------------------------
 T = 0.127, DT = 0.064, NI = 1, LI = 1, RES = 2.2e-05 (2.2e-03), CFL=0.759 (ELAPSED 00:00:00 )
-------------------------------------------------------------------------------------------------------------
	 #1 (7.8569e-01, 1.7488e+01): lin 1 (0.0e+00)
Composition correction applied in 995 block(s)
	 #2 (1.4335e-03, 1.2371e-03): lin 1 (0.0e+00)
Composition correction applied in 995 block(s)
-------------------------------------------------------------------------------------------------------------
 T = 0.227, DT = 0.1, NI = 2, LI = 2, RES = 3.3e-09 (2.0e-04), CFL=0.683 (ELAPSED 00:00:00, REMAINING 00:00:09 )
-------------------------------------------------------------------------------------------------------------
	 #1 (4.3846e-01, 5.9305e+00): lin 1 (0.0e+00)
Composition correction applied in 995 block(s)
-------------------------------------------------------------------------------------------------------------
 T = 0.327, DT = 0.1, NI = 1, LI = 1, RES = 8.6e-05 (2.2e-04), CFL=0.501 (ELAPSED 00:00:00, REMAINING 00:00:06 )
-------------------------------------------------------------------------------------------------------------
	 #1 (3.0345e-01, 2.5820e+00): lin 1 (0.0e+00)
Composition correction applied in 995 block(s)
-------------------------------------------------------------------------------------------------------------
 T = 0.427, DT = 0.1, NI = 1, LI = 1, RES = 2.4e-05 (1.3e-06), CFL=0.399 (ELAPSED 00:00:00, REMAINING 00:00:05 )
-------------------------------------------------------------------------------------------------------------
	 #1 (2.3161e-01, 1.2680e+00): lin 1 (0.0e+00)
Composition correction applied in 994 block(s)
-------------------------------------------------------------------------------------------------------------
 T = 0.527, DT = 0.1, NI = 1, LI = 1, RES = 4.0e-04 (4.9e-04), CFL=0.333 (ELAPSED 00:00:00, REMAINING 00:00:05 )
-------------------------------------------------------------------------------------------------------------
	 #1 (1.8709e-01, 6.7881e-01): lin 1 (0.0e+00)
Composition correction applied in 994 block(s)
-------------------------------------------------------------------------------------------------------------
 T = 0.627, DT = 0.1, NI = 1, LI = 1, RES = 3.7e-05 (6.2e-05), CFL=0.382 (ELAPSED 00:00:00, REMAINING 00:00:04 )
-------------------------------------------------------------------------------------------------------------
	 #1 (1.5669e-01, 3.8981e-01): lin 1 (0.0e+00)
Composition correction applied in 994 block(s)
-------------------------------------------------------------------------------------------------------------
 T = 0.727, DT = 0.1, NI = 1, LI = 1, RES = 5.3e-04 (3.3e-04), CFL=0.340 (ELAPSED 00:00:00, REMAINING 00:00:04 )
-------------------------------------------------------------------------------------------------------------
	 #1 (1.3473e-01, 2.4161e-01): lin 1 (0.0e+00)
Composition correction applied in 993 block(s)
-------------------------------------------------------------------------------------------------------------
 T = 0.827, DT = 0.1, NI = 1, LI = 1, RES = 8.0e-05 (2.9e-04), CFL=0.306 (ELAPSED 00:00:00, REMAINING 00:00:04 )
-------------------------------------------------------------------------------------------------------------
	 #1 (1.1801e-01, 1.5834e-01): lin 1 (0.0e+00)
Composition correction applied in 993 block(s)
-------------------------------------------------------------------------------------------------------------
 T = 0.927, DT = 0.1, NI = 1, LI = 1, RES = 3.7e-05 (5.0e-05), CFL=0.279 (ELAPSED 00:00:00, REMAINING 00:00:04 )
-------------------------------------------------------------------------------------------------------------
	 #1 (1.0490e-01, 1.1345e-01): lin 1 (0.0e+00)
Composition correction applied in 993 block(s)
-------------------------------------------------------------------------------------------------------------
 T = 1.027, DT = 0.1, NI = 1, LI = 1, RES = 2.3e-04 (2.3e-04), CFL=0.257 (ELAPSED 00:00:00, REMAINING 00:00:04 )
-------------------------------------------------------------------------------------------------------------
	 #1 (9.4357e-02, 8.6589e-02): lin 1 (0.0e+00)
Composition correction applied in 993 block(s)
-------------------------------------------------------------------------------------------------------------
 T = 1.127, DT = 0.1, NI = 1, LI = 1, RES = 3.8e-05 (4.0e-05), CFL=0.238 (ELAPSED 00:00:00, REMAINING 00:00:03 )
-------------------------------------------------------------------------------------------------------------
	 #1 (8.5672e-02, 6.8562e-02): lin 1 (0.0e+00)
Composition correction applied in 992 block(s)
-------------------------------------------------------------------------------------------------------------
 T = 1.227, DT = 0.1, NI = 1, LI = 1, RES = 2.9e-04 (3.9e-05), CFL=0.221 (ELAPSED 00:00:00, REMAINING 00:00:03 )
-------------------------------------------------------------------------------------------------------------
	 #1 (7.8427e-02, 5.8170e-02): lin 1 (0.0e+00)
Composition correction applied in 990 block(s)
-------------------------------------------------------------------------------------------------------------
 T = 1.327, DT = 0.1, NI = 1, LI = 1, RES = 7.1e-05 (3.5e-05), CFL=0.207 (ELAPSED 00:00:00, REMAINING 00:00:03 )
-------------------------------------------------------------------------------------------------------------
	 #1 (7.2255e-02, 4.9971e-02): lin 1 (0.0e+00)
Composition correction applied in 990 block(s)
-------------------------------------------------------------------------------------------------------------
 T = 1.427, DT = 0.1, NI = 1, LI = 1, RES = 3.6e-05 (3.3e-05), CFL=0.195 (ELAPSED 00:00:00, REMAINING 00:00:03 )
-------------------------------------------------------------------------------------------------------------
	 #1 (6.6951e-02, 4.3809e-02): lin 1 (0.0e+00)
Composition correction applied in 990 block(s)
-------------------------------------------------------------------------------------------------------------
 T = 1.527, DT = 0.1, NI = 1, LI = 1, RES = 1.4e-04 (3.2e-05), CFL=0.184 (ELAPSED 00:00:00, REMAINING 00:00:03 )
-------------------------------------------------------------------------------------------------------------
	 #1 (6.2349e-02, 3.9876e-02): lin 1 (0.0e+00)
Composition correction applied in 990 block(s)
-------------------------------------------------------------------------------------------------------------
 T = 1.627, DT = 0.1, NI = 1, LI = 1, RES = 3.6e-05 (2.8e-05), CFL=0.174 (ELAPSED 00:00:00, REMAINING 00:00:03 )
-------------------------------------------------------------------------------------------------------------
	 #1 (5.8308e-02, 3.6126e-02): lin 1 (0.0e+00)
Composition correction applied in 990 block(s)
-------------------------------------------------------------------------------------------------------------
 T = 1.727, DT = 0.1, NI = 1, LI = 1, RES = 1.8e-04 (1.4e-04), CFL=0.165 (ELAPSED 00:00:00, REMAINING 00:00:03 )
-------------------------------------------------------------------------------------------------------------
	 #1 (5.4747e-02, 3.3145e-02): lin 1 (0.0e+00)
Composition correction applied in 989 block(s)
-------------------------------------------------------------------------------------------------------------
 T = 1.827, DT = 0.1, NI = 1, LI = 1, RES = 3.2e-05 (2.5e-05), CFL=0.158 (ELAPSED 00:00:00, REMAINING 00:00:03 )
-------------------------------------------------------------------------------------------------------------
	 #1 (5.1568e-02, 3.0515e-02): lin 1 (0.0e+00)
Composition correction applied in 989 block(s)
	 #2 (2.3312e-02, 2.5389e-05): lin 1 (0.0e+00)
Composition correction applied in 992 block(s)
-------------------------------------------------------------------------------------------------------------
 T = 1.927, DT = 0.1, NI = 2, LI = 2, RES = 6.0e-04 (2.6e-02), CFL=0.668 (ELAPSED 00:00:00, REMAINING 00:00:04 )
-------------------------------------------------------------------------------------------------------------
	 #1 (3.8373e-02, 7.0219e+00): lin 1 (0.0e+00)
Composition correction applied in 991 block(s)
	 #2 (1.0726e-02, 6.2382e-03): lin 1 (0.0e+00)
Composition correction applied in 991 block(s)
-------------------------------------------------------------------------------------------------------------
 T = 2.027, DT = 0.1, NI = 2, LI = 2, RES = 1.2e-04 (4.7e-03), CFL=0.685 (ELAPSED 00:00:00, REMAINING 00:00:05 )
-------------------------------------------------------------------------------------------------------------
	 #1 (4.0435e-02, 6.4901e+00): lin 1 (0.0e+00)
Composition correction applied in 990 block(s)
	 #2 (1.3147e-03, 8.0257e-03): lin 1 (0.0e+00)
Composition correction applied in 989 block(s)
-------------------------------------------------------------------------------------------------------------
 T = 2.127, DT = 0.1, NI = 2, LI = 2, RES = 4.0e-06 (4.2e-04), CFL=0.675 (ELAPSED 00:00:00, REMAINING 00:00:05 )
-------------------------------------------------------------------------------------------------------------
	 #1 (5.5312e-02, 7.2678e+00): lin 1 (0.0e+00)
Composition correction applied in 988 block(s)
	 #2 (4.2373e-03, 6.1212e-03): lin 1 (0.0e+00)
Composition correction applied in 988 block(s)
-------------------------------------------------------------------------------------------------------------
 T = 2.227, DT = 0.1, NI = 2, LI = 2, RES = 1.2e-05 (1.3e-06), CFL=0.583 (ELAPSED 00:00:00, REMAINING 00:00:06 )
-------------------------------------------------------------------------------------------------------------
	 #1 (5.2936e-02, 1.5109e+00): lin 1 (0.0e+00)
Composition correction applied in 786 block(s)
-------------------------------------------------------------------------------------------------------------
 T = 2.327, DT = 0.1, NI = 1, LI = 1, RES = 4.8e-04 (6.9e-04), CFL=0.447 (ELAPSED 00:00:00, REMAINING 00:00:06 )
-------------------------------------------------------------------------------------------------------------
	 #1 (5.0914e-02, 5.9801e-01): lin 1 (0.0e+00)
Composition correction applied in 2 block(s)
	 #2 (1.6205e-03, 4.6006e-04): lin 1 (0.0e+00)
Composition correction applied in 2 block(s)
-------------------------------------------------------------------------------------------------------------
 T = 2.427, DT = 0.1, NI = 2, LI = 2, RES = 9.0e-06 (1.4e-04), CFL=0.364 (ELAPSED 00:00:00, REMAINING 00:00:06 )
-------------------------------------------------------------------------------------------------------------
	 #1 (4.9280e-02, 1.2990e+00): lin 1 (0.0e+00)
Composition correction applied in 2 block(s)
-------------------------------------------------------------------------------------------------------------
 T = 2.527, DT = 0.1, NI = 1, LI = 1, RES = 3.3e-04 (3.2e-04), CFL=0.300 (ELAPSED 00:00:00, REMAINING 00:00:06 )
-------------------------------------------------------------------------------------------------------------
	 #1 (4.7520e-02, 1.6194e+00): lin 1 (0.0e+00)
Composition correction applied in 2 block(s)
-------------------------------------------------------------------------------------------------------------
 T = 2.627, DT = 0.1, NI = 1, LI = 1, RES = 2.0e-04 (2.1e-04), CFL=0.293 (ELAPSED 00:00:00, REMAINING 00:00:06 )
-------------------------------------------------------------------------------------------------------------
	 #1 (4.6303e-02, 1.4614e+00): lin 1 (0.0e+00)
Composition correction applied in 2 block(s)
-------------------------------------------------------------------------------------------------------------
 T = 2.727, DT = 0.1, NI = 1, LI = 1, RES = 2.4e-04 (1.8e-04), CFL=0.255 (ELAPSED 00:00:00, REMAINING 00:00:06 )
-------------------------------------------------------------------------------------------------------------
	 #1 (4.4758e-02, 1.3216e+00): lin 1 (0.0e+00)
Composition correction applied in 2 block(s)
-------------------------------------------------------------------------------------------------------------
 T = 2.827, DT = 0.1, NI = 1, LI = 1, RES = 1.3e-04 (3.2e-05), CFL=0.227 (ELAPSED 00:00:00, REMAINING 00:00:06 )
-------------------------------------------------------------------------------------------------------------
	 #1 (4.3506e-02, 1.1085e+00): lin 1 (0.0e+00)
Composition correction applied in 2 block(s)
-------------------------------------------------------------------------------------------------------------
 T = 2.927, DT = 0.1, NI = 1, LI = 1, RES = 2.5e-04 (2.0e-04), CFL=0.205 (ELAPSED 00:00:00, REMAINING 00:00:06 )
-------------------------------------------------------------------------------------------------------------
	 #1 (4.2315e-02, 9.1832e-01): lin 1 (0.0e+00)
Composition correction applied in 2 block(s)
-------------------------------------------------------------------------------------------------------------
 T = 3.027, DT = 0.1, NI = 1, LI = 1, RES = 9.9e-05 (1.7e-04), CFL=0.187 (ELAPSED 00:00:00, REMAINING 00:00:06 )
-------------------------------------------------------------------------------------------------------------
	 #1 (4.0998e-02, 7.6113e-01): lin 1 (0.0e+00)
Composition correction applied in 2 block(s)
-------------------------------------------------------------------------------------------------------------
 T = 3.127, DT = 0.1, NI = 1, LI = 1, RES = 6.0e-05 (1.4e-04), CFL=0.173 (ELAPSED 00:00:00, REMAINING 00:00:06 )
-------------------------------------------------------------------------------------------------------------
	 #1 (3.9823e-02, 6.2573e-01): lin 1 (0.0e+00)
Composition correction applied in 2 block(s)
-------------------------------------------------------------------------------------------------------------
 T = 3.227, DT = 0.1, NI = 1, LI = 1, RES = 5.3e-05 (1.2e-04), CFL=0.160 (ELAPSED 00:00:00, REMAINING 00:00:06 )
-------------------------------------------------------------------------------------------------------------
	 #1 (3.8664e-02, 5.1492e-01): lin 1 (0.0e+00)
Composition correction applied in 2 block(s)
-------------------------------------------------------------------------------------------------------------
 T = 3.327, DT = 0.1, NI = 1, LI = 1, RES = 1.5e-04 (1.1e-04), CFL=0.150 (ELAPSED 00:00:00, REMAINING 00:00:06 )
-------------------------------------------------------------------------------------------------------------
	 #1 (3.7553e-02, 4.2475e-01): lin 1 (0.0e+00)
Composition correction applied in 2 block(s)
-------------------------------------------------------------------------------------------------------------
 T = 3.427, DT = 0.1, NI = 1, LI = 1, RES = 5.1e-05 (7.5e-05), CFL=0.142 (ELAPSED 00:00:00, REMAINING 00:00:05 )
-------------------------------------------------------------------------------------------------------------
	 #1 (3.6406e-02, 3.4454e-01): lin 1 (0.0e+00)
Composition correction applied in 2 block(s)
-------------------------------------------------------------------------------------------------------------
 T = 3.527, DT = 0.1, NI = 1, LI = 1, RES = 4.4e-05 (8.0e-05), CFL=0.134 (ELAPSED 00:00:00, REMAINING 00:00:05 )
-------------------------------------------------------------------------------------------------------------
	 #1 (3.5355e-02, 2.9258e-01): lin 1 (0.0e+00)
Composition correction applied in 2 block(s)
-------------------------------------------------------------------------------------------------------------
 T = 3.627, DT = 0.1, NI = 1, LI = 1, RES = 7.4e-05 (7.5e-05), CFL=0.127 (ELAPSED 00:00:00, REMAINING 00:00:05 )
-------------------------------------------------------------------------------------------------------------
	 #1 (3.4334e-02, 2.4747e-01): lin 1 (0.0e+00)
Composition correction applied in 2 block(s)
-------------------------------------------------------------------------------------------------------------
 T = 3.727, DT = 0.1, NI = 1, LI = 1, RES = 9.8e-05 (8.3e-05), CFL=0.121 (ELAPSED 00:00:00, REMAINING 00:00:05 )
-------------------------------------------------------------------------------------------------------------
	 #1 (3.3337e-02, 2.1017e-01): lin 1 (0.0e+00)
Composition correction applied in 2 block(s)
	 #2 (2.8980e-03, 6.8376e-05): lin 1 (0.0e+00)
Composition correction applied in 2 block(s)
-------------------------------------------------------------------------------------------------------------
 T = 3.827, DT = 0.1, NI = 2, LI = 2, RES = 8.7e-06 (4.3e-04), CFL=0.142 (ELAPSED 00:00:00, REMAINING 00:00:05 )
-------------------------------------------------------------------------------------------------------------
	 #1 (3.0497e-02, 3.9375e-01): lin 1 (0.0e+00)
Composition correction applied in 2 block(s)
	 #2 (1.5998e-03, 4.2039e-03): lin 1 (0.0e+00)
Composition correction applied in 2 block(s)
-------------------------------------------------------------------------------------------------------------
 T = 3.927, DT = 0.1, NI = 2, LI = 2, RES = 1.6e-06 (1.5e-04), CFL=0.266 (ELAPSED 00:00:00, REMAINING 00:00:05 )
-------------------------------------------------------------------------------------------------------------
	 #1 (2.5262e-02, 2.4087e+00): lin 1 (0.0e+00)
Composition correction applied in 2 block(s)
	 #2 (5.6779e-03, 1.6197e-03): lin 1 (0.0e+00)
Composition correction applied in 2 block(s)
-------------------------------------------------------------------------------------------------------------
 T = 4.027, DT = 0.1, NI = 2, LI = 2, RES = 2.0e-05 (1.1e-03), CFL=0.315 (ELAPSED 00:00:00, REMAINING 00:00:06 )
-------------------------------------------------------------------------------------------------------------
	 #1 (2.5739e-02, 2.2390e+00): lin 1 (0.0e+00)
Composition correction applied in 113 block(s)
-------------------------------------------------------------------------------------------------------------
 T = 4.127, DT = 0.1, NI = 1, LI = 1, RES = 7.3e-04 (5.0e-03), CFL=0.412 (ELAPSED 00:00:00, REMAINING 00:00:06 )
-------------------------------------------------------------------------------------------------------------
	 #1 (3.3963e-02, 3.4433e+00): lin 1 (0.0e+00)
Composition correction applied in 978 block(s)
	 #2 (1.3414e-03, 2.5577e-03): lin 1 (0.0e+00)
Composition correction applied in 978 block(s)
-------------------------------------------------------------------------------------------------------------
 T = 4.227, DT = 0.1, NI = 2, LI = 2, RES = 1.1e-06 (4.5e-05), CFL=0.351 (ELAPSED 00:00:00, REMAINING 00:00:06 )
-------------------------------------------------------------------------------------------------------------
	 #1 (3.3690e-02, 7.2966e-01): lin 1 (0.0e+00)
Composition correction applied in 791 block(s)
-------------------------------------------------------------------------------------------------------------
 T = 4.327, DT = 0.1, NI = 1, LI = 1, RES = 2.1e-04 (5.3e-04), CFL=0.298 (ELAPSED 00:00:00, REMAINING 00:00:06 )
-------------------------------------------------------------------------------------------------------------
	 #1 (3.3146e-02, 2.7031e-01): lin 1 (0.0e+00)
Composition correction applied in 2 block(s)
-------------------------------------------------------------------------------------------------------------
 T = 4.427, DT = 0.1, NI = 1, LI = 1, RES = 1.9e-04 (2.4e-04), CFL=0.259 (ELAPSED 00:00:00, REMAINING 00:00:06 )
-------------------------------------------------------------------------------------------------------------
	 #1 (3.2496e-02, 6.3628e-01): lin 1 (0.0e+00)
Composition correction applied in 2 block(s)
	 #2 (1.3807e-03, 7.8559e-05): lin 1 (0.0e+00)
Composition correction applied in 2 block(s)
-------------------------------------------------------------------------------------------------------------
 T = 4.527, DT = 0.1, NI = 2, LI = 2, RES = 8.8e-06 (5.0e-05), CFL=0.250 (ELAPSED 00:00:00, REMAINING 00:00:06 )
-------------------------------------------------------------------------------------------------------------
	 #1 (3.1944e-02, 8.1115e-01): lin 1 (0.0e+00)
Composition correction applied in 2 block(s)
-------------------------------------------------------------------------------------------------------------
 T = 4.627, DT = 0.1, NI = 1, LI = 1, RES = 1.5e-04 (1.3e-04), CFL=0.220 (ELAPSED 00:00:00, REMAINING 00:00:06 )
-------------------------------------------------------------------------------------------------------------
	 #1 (3.1260e-02, 8.4602e-01): lin 1 (0.0e+00)
Composition correction applied in 2 block(s)
-------------------------------------------------------------------------------------------------------------
 T = 4.727, DT = 0.1, NI = 1, LI = 1, RES = 1.1e-04 (1.3e-04), CFL=0.198 (ELAPSED 00:00:00, REMAINING 00:00:06 )
-------------------------------------------------------------------------------------------------------------
	 #1 (3.0652e-02, 7.5180e-01): lin 1 (0.0e+00)
Composition correction applied in 2 block(s)
-------------------------------------------------------------------------------------------------------------
 T = 4.827, DT = 0.1, NI = 1, LI = 1, RES = 5.3e-04 (1.2e-04), CFL=0.180 (ELAPSED 00:00:00, REMAINING 00:00:06 )
-------------------------------------------------------------------------------------------------------------
	 #1 (3.0299e-02, 6.5256e-01): lin 1 (0.0e+00)
Composition correction applied in 2 block(s)
-------------------------------------------------------------------------------------------------------------
 T = 4.927, DT = 0.1, NI = 1, LI = 1, RES = 1.0e-04 (1.1e-04), CFL=0.166 (ELAPSED 00:00:00, REMAINING 00:00:06 )
-------------------------------------------------------------------------------------------------------------
	 #1 (2.9388e-02, 5.6744e-01): lin 1 (0.0e+00)
Composition correction applied in 2 block(s)
-------------------------------------------------------------------------------------------------------------
 T = 5.027, DT = 0.1, NI = 1, LI = 1, RES = 7.6e-05 (9.9e-05), CFL=0.154 (ELAPSED 00:00:00, REMAINING 00:00:06 )
-------------------------------------------------------------------------------------------------------------
	 #1 (2.8816e-02, 4.8045e-01): lin 1 (0.0e+00)
Composition correction applied in 2 block(s)
-------------------------------------------------------------------------------------------------------------
 T = 5.127, DT = 0.1, NI = 1, LI = 1, RES = 5.5e-05 (8.4e-05), CFL=0.143 (ELAPSED 00:00:00, REMAINING 00:00:05 )
-------------------------------------------------------------------------------------------------------------
	 #1 (2.8241e-02, 4.0539e-01): lin 1 (0.0e+00)
Composition correction applied in 2 block(s)
-------------------------------------------------------------------------------------------------------------
 T = 5.227, DT = 0.1, NI = 1, LI = 1, RES = 5.6e-05 (7.6e-05), CFL=0.134 (ELAPSED 00:00:00, REMAINING 00:00:05 )
-------------------------------------------------------------------------------------------------------------
	 #1 (2.7655e-02, 3.4628e-01): lin 1 (0.0e+00)
Composition correction applied in 2 block(s)
-------------------------------------------------------------------------------------------------------------
 T = 5.327, DT = 0.1, NI = 1, LI = 1, RES = 4.9e-05 (4.1e-05), CFL=0.127 (ELAPSED 00:00:00, REMAINING 00:00:05 )
-------------------------------------------------------------------------------------------------------------
	 #1 (2.7097e-02, 2.9236e-01): lin 1 (0.0e+00)
Composition correction applied in 2 block(s)
-------------------------------------------------------------------------------------------------------------
 T = 5.427, DT = 0.1, NI = 1, LI = 1, RES = 4.8e-05 (5.9e-05), CFL=0.121 (ELAPSED 00:00:00, REMAINING 00:00:05 )
-------------------------------------------------------------------------------------------------------------
	 #1 (2.6543e-02, 2.4718e-01): lin 1 (0.0e+00)
Composition correction applied in 2 block(s)
-------------------------------------------------------------------------------------------------------------
 T = 5.527, DT = 0.1, NI = 1, LI = 1, RES = 1.4e-04 (4.9e-05), CFL=0.115 (ELAPSED 00:00:00, REMAINING 00:00:05 )
-------------------------------------------------------------------------------------------------------------
	 #1 (2.6001e-02, 2.0964e-01): lin 1 (0.0e+00)
Composition correction applied in 2 block(s)
-------------------------------------------------------------------------------------------------------------
 T = 5.627, DT = 0.1, NI = 1, LI = 1, RES = 5.6e-05 (5.1e-05), CFL=0.110 (ELAPSED 00:00:00, REMAINING 00:00:05 )
-------------------------------------------------------------------------------------------------------------
	 #1 (2.5467e-02, 1.7908e-01): lin 1 (0.0e+00)
Composition correction applied in 2 block(s)
	 #2 (8.3541e-03, 4.8086e-05): lin 1 (0.0e+00)
Composition correction applied in 2 block(s)
-------------------------------------------------------------------------------------------------------------
 T = 5.727, DT = 0.1, NI = 2, LI = 2, RES = 6.9e-05 (2.7e-03), CFL=0.169 (ELAPSED 00:00:00, REMAINING 00:00:05 )
-------------------------------------------------------------------------------------------------------------
	 #1 (2.0564e-02, 1.1176e+00): lin 1 (0.0e+00)
Composition correction applied in 2 block(s)
	 #2 (1.1009e-03, 3.5692e-04): lin 1 (0.0e+00)
Composition correction applied in 2 block(s)
-------------------------------------------------------------------------------------------------------------
 T = 5.827, DT = 0.1, NI = 2, LI = 2, RES = 8.6e-07 (8.1e-06), CFL=0.212 (ELAPSED 00:00:00, REMAINING 00:00:05 )
-------------------------------------------------------------------------------------------------------------
	 #1 (1.9669e-02, 1.0169e+00): lin 1 (0.0e+00)
Composition correction applied in 2 block(s)
	 #2 (9.7046e-03, 3.4179e-04): lin 1 (0.0e+00)
Composition correction applied in 2 block(s)
-------------------------------------------------------------------------------------------------------------
 T = 5.927, DT = 0.1, NI = 2, LI = 2, RES = 8.7e-05 (2.8e-03), CFL=0.283 (ELAPSED 00:00:00, REMAINING 00:00:05 )
-------------------------------------------------------------------------------------------------------------
	 #1 (2.2411e-02, 1.9059e+00): lin 1 (0.0e+00)
Composition correction applied in 2 block(s)
-------------------------------------------------------------------------------------------------------------
 T = 6.027, DT = 0.1, NI = 1, LI = 1, RES = 1.7e-04 (1.2e-03), CFL=0.302 (ELAPSED 00:00:00, REMAINING 00:00:05 )
-------------------------------------------------------------------------------------------------------------
	 #1 (2.5808e-02, 1.3926e+00): lin 1 (0.0e+00)
Composition correction applied in 968 block(s)
	 #2 (1.5555e-03, 6.6840e-04): lin 1 (0.0e+00)
Composition correction applied in 963 block(s)
-------------------------------------------------------------------------------------------------------------
 T = 6.127, DT = 0.1, NI = 2, LI = 2, RES = 2.4e-06 (2.3e-05), CFL=0.270 (ELAPSED 00:00:00, REMAINING 00:00:06 )
-------------------------------------------------------------------------------------------------------------
	 #1 (2.5914e-02, 2.6453e-01): lin 1 (0.0e+00)
Composition correction applied in 587 block(s)
-------------------------------------------------------------------------------------------------------------
 T = 6.227, DT = 0.1, NI = 1, LI = 1, RES = 2.6e-04 (3.7e-04), CFL=0.238 (ELAPSED 00:00:00, REMAINING 00:00:05 )
-------------------------------------------------------------------------------------------------------------
	 #1 (2.5834e-02, 2.4726e-01): lin 1 (0.0e+00)
Composition correction applied in 2 block(s)
-------------------------------------------------------------------------------------------------------------
 T = 6.327, DT = 0.1, NI = 1, LI = 1, RES = 1.2e-04 (2.2e-04), CFL=0.212 (ELAPSED 00:00:00, REMAINING 00:00:05 )
-------------------------------------------------------------------------------------------------------------
	 #1 (2.5543e-02, 4.4913e-01): lin 1 (0.0e+00)
Composition correction applied in 2 block(s)
	 #2 (1.1421e-03, 1.1828e-04): lin 1 (0.0e+00)
Composition correction applied in 2 block(s)
-------------------------------------------------------------------------------------------------------------
 T = 6.427, DT = 0.1, NI = 2, LI = 2, RES = 6.3e-06 (5.4e-05), CFL=0.190 (ELAPSED 00:00:00, REMAINING 00:00:05 )
-------------------------------------------------------------------------------------------------------------
	 #1 (2.5282e-02, 5.5080e-01): lin 1 (0.0e+00)
Composition correction applied in 2 block(s)
-------------------------------------------------------------------------------------------------------------
 T = 6.527, DT = 0.1, NI = 1, LI = 1, RES = 9.7e-05 (9.1e-06), CFL=0.185 (ELAPSED 00:00:00, REMAINING 00:00:05 )
-------------------------------------------------------------------------------------------------------------
	 #1 (2.4896e-02, 5.6906e-01): lin 1 (0.0e+00)
Composition correction applied in 2 block(s)
-------------------------------------------------------------------------------------------------------------
 T = 6.627, DT = 0.1, NI = 1, LI = 1, RES = 1.2e-04 (2.1e-06), CFL=0.169 (ELAPSED 00:00:00, REMAINING 00:00:05 )
-------------------------------------------------------------------------------------------------------------
	 #1 (2.4513e-02, 5.1067e-01): lin 1 (0.0e+00)
Composition correction applied in 2 block(s)
-------------------------------------------------------------------------------------------------------------
 T = 6.727, DT = 0.1, NI = 1, LI = 1, RES = 2.6e-04 (1.9e-06), CFL=0.156 (ELAPSED 00:00:00, REMAINING 00:00:05 )
-------------------------------------------------------------------------------------------------------------
	 #1 (2.4246e-02, 4.4717e-01): lin 1 (0.0e+00)
Composition correction applied in 2 block(s)
-------------------------------------------------------------------------------------------------------------
 T = 6.827, DT = 0.1, NI = 1, LI = 1, RES = 9.3e-05 (1.3e-05), CFL=0.144 (ELAPSED 00:00:00, REMAINING 00:00:05 )
-------------------------------------------------------------------------------------------------------------
	 #1 (2.3697e-02, 3.9445e-01): lin 1 (0.0e+00)
Composition correction applied in 2 block(s)
-------------------------------------------------------------------------------------------------------------
 T = 6.927, DT = 0.1, NI = 1, LI = 1, RES = 5.4e-05 (6.9e-05), CFL=0.135 (ELAPSED 00:00:00, REMAINING 00:00:05 )
-------------------------------------------------------------------------------------------------------------
	 #1 (2.3314e-02, 3.3723e-01): lin 1 (0.0e+00)
Composition correction applied in 2 block(s)
-------------------------------------------------------------------------------------------------------------
 T = 7.027, DT = 0.1, NI = 1, LI = 1, RES = 7.2e-05 (6.0e-05), CFL=0.127 (ELAPSED 00:00:01, REMAINING 00:00:05 )
-------------------------------------------------------------------------------------------------------------
	 #1 (2.2923e-02, 2.8673e-01): lin 1 (0.0e+00)
Composition correction applied in 2 block(s)
-------------------------------------------------------------------------------------------------------------
 T = 7.127, DT = 0.1, NI = 1, LI = 1, RES = 4.4e-05 (5.2e-05), CFL=0.120 (ELAPSED 00:00:01, REMAINING 00:00:05 )
-------------------------------------------------------------------------------------------------------------
	 #1 (2.2538e-02, 2.4317e-01): lin 1 (0.0e+00)
Composition correction applied in 2 block(s)
-------------------------------------------------------------------------------------------------------------
 T = 7.227, DT = 0.1, NI = 1, LI = 1, RES = 5.0e-05 (4.7e-05), CFL=0.115 (ELAPSED 00:00:01, REMAINING 00:00:05 )
-------------------------------------------------------------------------------------------------------------
	 #1 (2.2147e-02, 2.0960e-01): lin 1 (0.0e+00)
Composition correction applied in 2 block(s)
-------------------------------------------------------------------------------------------------------------
 T = 7.327, DT = 0.1, NI = 1, LI = 1, RES = 4.3e-05 (3.4e-05), CFL=0.109 (ELAPSED 00:00:01, REMAINING 00:00:05 )
-------------------------------------------------------------------------------------------------------------
	 #1 (2.1775e-02, 1.7925e-01): lin 1 (0.0e+00)
Composition correction applied in 2 block(s)
-------------------------------------------------------------------------------------------------------------
 T = 7.427, DT = 0.1, NI = 1, LI = 1, RES = 3.8e-05 (4.2e-05), CFL=0.105 (ELAPSED 00:00:01, REMAINING 00:00:05 )
-------------------------------------------------------------------------------------------------------------
	 #1 (2.1404e-02, 1.5386e-01): lin 1 (0.0e+00)
Composition correction applied in 2 block(s)
	 #2 (8.6485e-03, 3.8521e-05): lin 1 (0.0e+00)
Composition correction applied in 2 block(s)
-------------------------------------------------------------------------------------------------------------
 T = 7.527, DT = 0.1, NI = 2, LI = 2, RES = 7.0e-05 (2.5e-03), CFL=0.163 (ELAPSED 00:00:01, REMAINING 00:00:05 )
-------------------------------------------------------------------------------------------------------------
	 #1 (1.6737e-02, 9.5872e-01): lin 1 (0.0e+00)
Composition correction applied in 2 block(s)
-------------------------------------------------------------------------------------------------------------
 T = 7.627, DT = 0.1, NI = 1, LI = 1, RES = 8.8e-04 (4.3e-04), CFL=0.169 (ELAPSED 00:00:01, REMAINING 00:00:05 )
-------------------------------------------------------------------------------------------------------------
	 #1 (1.6727e-02, 5.2052e-01): lin 1 (0.0e+00)
Composition correction applied in 2 block(s)
	 #2 (8.8659e-03, 1.0031e-04): lin 1 (0.0e+00)
Composition correction applied in 2 block(s)
-------------------------------------------------------------------------------------------------------------
 T = 7.727, DT = 0.1, NI = 2, LI = 2, RES = 6.7e-05 (2.1e-03), CFL=0.230 (ELAPSED 00:00:01, REMAINING 00:00:05 )
-------------------------------------------------------------------------------------------------------------
	 #1 (1.8903e-02, 1.4149e+00): lin 1 (0.0e+00)
Composition correction applied in 2 block(s)
-------------------------------------------------------------------------------------------------------------
 T = 7.827, DT = 0.1, NI = 1, LI = 1, RES = 1.0e-04 (8.3e-04), CFL=0.261 (ELAPSED 00:00:01, REMAINING 00:00:05 )
-------------------------------------------------------------------------------------------------------------
	 #1 (2.1317e-02, 9.4371e-01): lin 1 (0.0e+00)
Composition correction applied in 863 block(s)
	 #2 (1.1710e-03, 4.4145e-04): lin 1 (0.0e+00)
Composition correction applied in 635 block(s)
-------------------------------------------------------------------------------------------------------------
 T = 7.927, DT = 0.1, NI = 2, LI = 2, RES = 1.3e-06 (2.1e-05), CFL=0.240 (ELAPSED 00:00:01, REMAINING 00:00:05 )
-------------------------------------------------------------------------------------------------------------
	 #1 (2.1674e-02, 2.2298e-01): lin 1 (0.0e+00)
Composition correction applied in 640 block(s)
-------------------------------------------------------------------------------------------------------------
 T = 8.027, DT = 0.1, NI = 1, LI = 1, RES = 1.3e-04 (1.0e-04), CFL=0.216 (ELAPSED 00:00:01, REMAINING 00:00:05 )
-------------------------------------------------------------------------------------------------------------
	 #1 (2.1835e-02, 1.5429e-01): lin 1 (0.0e+00)
Composition correction applied in 2 block(s)
-------------------------------------------------------------------------------------------------------------
 T = 8.127, DT = 0.1, NI = 1, LI = 1, RES = 1.5e-04 (9.2e-05), CFL=0.195 (ELAPSED 00:00:01, REMAINING 00:00:05 )
-------------------------------------------------------------------------------------------------------------
	 #1 (2.1741e-02, 3.1952e-01): lin 1 (0.0e+00)
Composition correction applied in 2 block(s)
-------------------------------------------------------------------------------------------------------------
 T = 8.227, DT = 0.1, NI = 1, LI = 1, RES = 7.4e-04 (2.9e-05), CFL=0.177 (ELAPSED 00:00:01, REMAINING 00:00:05 )
-------------------------------------------------------------------------------------------------------------
	 #1 (2.1950e-02, 3.8137e-01): lin 1 (0.0e+00)
Composition correction applied in 2 block(s)
-------------------------------------------------------------------------------------------------------------
 T = 8.327, DT = 0.1, NI = 1, LI = 1, RES = 1.1e-04 (8.8e-05), CFL=0.160 (ELAPSED 00:00:01, REMAINING 00:00:05 )
-------------------------------------------------------------------------------------------------------------
	 #1 (2.1328e-02, 4.2567e-01): lin 1 (0.0e+00)
Composition correction applied in 2 block(s)
-------------------------------------------------------------------------------------------------------------
 T = 8.427, DT = 0.1, NI = 1, LI = 1, RES = 6.3e-05 (1.1e-05), CFL=0.147 (ELAPSED 00:00:01, REMAINING 00:00:05 )
-------------------------------------------------------------------------------------------------------------
	 #1 (2.1075e-02, 3.9159e-01): lin 1 (0.0e+00)
Composition correction applied in 2 block(s)
-------------------------------------------------------------------------------------------------------------
 T = 8.527, DT = 0.1, NI = 1, LI = 1, RES = 7.8e-05 (5.7e-06), CFL=0.136 (ELAPSED 00:00:01, REMAINING 00:00:05 )
-------------------------------------------------------------------------------------------------------------
	 #1 (2.0803e-02, 3.5055e-01): lin 1 (0.0e+00)
Composition correction applied in 2 block(s)
-------------------------------------------------------------------------------------------------------------
 T = 8.627, DT = 0.1, NI = 1, LI = 1, RES = 5.7e-05 (5.3e-05), CFL=0.127 (ELAPSED 00:00:01, REMAINING 00:00:05 )
-------------------------------------------------------------------------------------------------------------
	 #1 (2.0484e-02, 3.1585e-01): lin 1 (0.0e+00)
Composition correction applied in 2 block(s)
-------------------------------------------------------------------------------------------------------------
 T = 8.727, DT = 0.1, NI = 1, LI = 1, RES = 4.4e-05 (1.1e-05), CFL=0.119 (ELAPSED 00:00:01, REMAINING 00:00:05 )
-------------------------------------------------------------------------------------------------------------
	 #1 (2.0188e-02, 2.7262e-01): lin 1 (0.0e+00)
Composition correction applied in 2 block(s)
-------------------------------------------------------------------------------------------------------------
 T = 8.827, DT = 0.1, NI = 1, LI = 1, RES = 1.1e-04 (4.8e-05), CFL=0.120 (ELAPSED 00:00:01, REMAINING 00:00:05 )
-------------------------------------------------------------------------------------------------------------
	 #1 (1.9887e-02, 2.3339e-01): lin 1 (0.0e+00)
Composition correction applied in 2 block(s)
-------------------------------------------------------------------------------------------------------------
 T = 8.927, DT = 0.1, NI = 1, LI = 1, RES = 3.6e-05 (4.2e-05), CFL=0.114 (ELAPSED 00:00:01, REMAINING 00:00:05 )
-------------------------------------------------------------------------------------------------------------
	 #1 (1.9581e-02, 1.9887e-01): lin 1 (0.0e+00)
Composition correction applied in 2 block(s)
-------------------------------------------------------------------------------------------------------------
 T = 9.027, DT = 0.1, NI = 1, LI = 1, RES = 9.7e-05 (3.9e-05), CFL=0.109 (ELAPSED 00:00:01, REMAINING 00:00:05 )
-------------------------------------------------------------------------------------------------------------
	 #1 (1.9286e-02, 1.6946e-01): lin 1 (0.0e+00)
Composition correction applied in 2 block(s)
-------------------------------------------------------------------------------------------------------------
 T = 9.127, DT = 0.1, NI = 1, LI = 1, RES = 3.0e-05 (2.8e-05), CFL=0.104 (ELAPSED 00:00:01, REMAINING 00:00:05 )
-------------------------------------------------------------------------------------------------------------
	 #1 (1.8986e-02, 1.4695e-01): lin 1 (0.0e+00)
Composition correction applied in 2 block(s)
	 #2 (3.8139e-03, 3.0355e-05): lin 1 (0.0e+00)
Composition correction applied in 2 block(s)
-------------------------------------------------------------------------------------------------------------
 T = 9.227, DT = 0.1, NI = 2, LI = 2, RES = 1.2e-05 (4.3e-04), CFL=0.127 (ELAPSED 00:00:01, REMAINING 00:00:05 )
-------------------------------------------------------------------------------------------------------------
	 #1 (1.6293e-02, 2.9018e-01): lin 1 (0.0e+00)
Composition correction applied in 2 block(s)
-------------------------------------------------------------------------------------------------------------
 T = 9.327, DT = 0.1, NI = 1, LI = 1, RES = 7.2e-04 (3.5e-04), CFL=0.153 (ELAPSED 00:00:01, REMAINING 00:00:05 )
-------------------------------------------------------------------------------------------------------------
	 #1 (1.4698e-02, 5.1951e-01): lin 1 (0.0e+00)
Composition correction applied in 2 block(s)
	 #2 (2.5864e-03, 1.0012e-04): lin 1 (0.0e+00)
Composition correction applied in 2 block(s)
-------------------------------------------------------------------------------------------------------------
 T = 9.427, DT = 0.1, NI = 2, LI = 2, RES = 4.9e-06 (1.3e-04), CFL=0.176 (ELAPSED 00:00:01, REMAINING 00:00:05 )
-------------------------------------------------------------------------------------------------------------
	 #1 (1.4433e-02, 6.2091e-01): lin 1 (0.0e+00)
Composition correction applied in 2 block(s)
-------------------------------------------------------------------------------------------------------------
 T = 9.527, DT = 0.1, NI = 1, LI = 1, RES = 3.1e-04 (1.6e-03), CFL=0.228 (ELAPSED 00:00:01, REMAINING 00:00:05 )
-------------------------------------------------------------------------------------------------------------
	 #1 (1.7863e-02, 1.1453e+00): lin 1 (0.0e+00)
Composition correction applied in 2 block(s)
-------------------------------------------------------------------------------------------------------------
 T = 9.627, DT = 0.1, NI = 1, LI = 1, RES = 1.8e-04 (8.5e-04), CFL=0.219 (ELAPSED 00:00:01, REMAINING 00:00:05 )
-------------------------------------------------------------------------------------------------------------
	 #1 (1.8711e-02, 4.4111e-01): lin 1 (0.0e+00)
Composition correction applied in 961 block(s)
	 #2 (1.6997e-03, 1.2155e-04): lin 1 (0.0e+00)
Composition correction applied in 950 block(s)
-------------------------------------------------------------------------------------------------------------
 T = 9.727, DT = 0.1, NI = 2, LI = 2, RES = 3.7e-06 (1.0e-05), CFL=0.201 (ELAPSED 00:00:01, REMAINING 00:00:05 )
-------------------------------------------------------------------------------------------------------------
	 #1 (1.9078e-02, 3.3871e-02): lin 1 (0.0e+00)
Composition correction applied in 2 block(s)
-------------------------------------------------------------------------------------------------------------
 T = 9.827, DT = 0.1, NI = 1, LI = 1, RES = 1.6e-04 (8.1e-05), CFL=0.183 (ELAPSED 00:00:01, REMAINING 00:00:05 )
-------------------------------------------------------------------------------------------------------------
	 #1 (1.9260e-02, 1.8057e-01): lin 1 (0.0e+00)
Composition correction applied in 2 block(s)
-------------------------------------------------------------------------------------------------------------
 T = 9.927, DT = 0.1, NI = 1, LI = 1, RES = 9.1e-05 (5.2e-05), CFL=0.177 (ELAPSED 00:00:01, REMAINING 00:00:05 )
-------------------------------------------------------------------------------------------------------------
	 #1 (1.9223e-02, 2.7746e-01): lin 1 (0.0e+00)
Composition correction applied in 2 block(s)
-------------------------------------------------------------------------------------------------------------
 T = 10.027, DT = 0.1, NI = 1, LI = 1, RES = 9.4e-05 (3.7e-05), CFL=0.161 (ELAPSED 00:00:01, REMAINING 00:00:05 )
-------------------------------------------------------------------------------------------------------------
	 #1 (1.9134e-02, 3.3980e-01): lin 1 (0.0e+00)
Composition correction applied in 2 block(s)
-------------------------------------------------------------------------------------------------------------
 T = 10.127, DT = 0.1, NI = 1, LI = 1, RES = 6.4e-05 (2.9e-05), CFL=0.147 (ELAPSED 00:00:01, REMAINING 00:00:05 )
-------------------------------------------------------------------------------------------------------------
	 #1 (1.8968e-02, 3.3383e-01): lin 1 (0.0e+00)
Composition correction applied in 2 block(s)
-------------------------------------------------------------------------------------------------------------
 T = 10.227, DT = 0.1, NI = 1, LI = 1, RES = 5.6e-05 (4.6e-05), CFL=0.136 (ELAPSED 00:00:01, REMAINING 00:00:05 )
-------------------------------------------------------------------------------------------------------------
	 #1 (1.8741e-02, 3.0745e-01): lin 1 (0.0e+00)
Composition correction applied in 2 block(s)
-------------------------------------------------------------------------------------------------------------
 T = 10.327, DT = 0.1, NI = 1, LI = 1, RES = 8.9e-05 (5.1e-05), CFL=0.127 (ELAPSED 00:00:01, REMAINING 00:00:05 )
-------------------------------------------------------------------------------------------------------------
	 #1 (1.8531e-02, 2.7335e-01): lin 1 (0.0e+00)
Composition correction applied in 2 block(s)
-------------------------------------------------------------------------------------------------------------
 T = 10.427, DT = 0.1, NI = 1, LI = 1, RES = 4.2e-05 (4.1e-05), CFL=0.119 (ELAPSED 00:00:01, REMAINING 00:00:05 )
-------------------------------------------------------------------------------------------------------------
	 #1 (1.8237e-02, 2.4499e-01): lin 1 (0.0e+00)
Composition correction applied in 2 block(s)
-------------------------------------------------------------------------------------------------------------
 T = 10.527, DT = 0.1, NI = 1, LI = 1, RES = 9.2e-05 (4.2e-05), CFL=0.112 (ELAPSED 00:00:01, REMAINING 00:00:05 )
-------------------------------------------------------------------------------------------------------------
	 #1 (1.7987e-02, 2.1224e-01): lin 1 (0.0e+00)
Composition correction applied in 2 block(s)
-------------------------------------------------------------------------------------------------------------
 T = 10.627, DT = 0.1, NI = 1, LI = 1, RES = 3.3e-05 (3.7e-05), CFL=0.107 (ELAPSED 00:00:01, REMAINING 00:00:05 )
-------------------------------------------------------------------------------------------------------------
	 #1 (1.7729e-02, 1.8226e-01): lin 1 (0.0e+00)
Composition correction applied in 2 block(s)
-------------------------------------------------------------------------------------------------------------
 T = 10.727, DT = 0.1, NI = 1, LI = 1, RES = 7.4e-05 (2.0e-05), CFL=0.102 (ELAPSED 00:00:01, REMAINING 00:00:05 )
-------------------------------------------------------------------------------------------------------------
	 #1 (1.7472e-02, 1.5585e-01): lin 1 (0.0e+00)
Composition correction applied in 2 block(s)
-------------------------------------------------------------------------------------------------------------
 T = 10.827, DT = 0.1, NI = 1, LI = 1, RES = 3.1e-05 (3.0e-05), CFL=0.098 (ELAPSED 00:00:01, REMAINING 00:00:05 )
-------------------------------------------------------------------------------------------------------------
	 #1 (1.7217e-02, 1.3344e-01): lin 1 (0.0e+00)
Composition correction applied in 2 block(s)
	 #2 (2.2725e-03, 2.8955e-05): lin 1 (0.0e+00)
Composition correction applied in 2 block(s)
-------------------------------------------------------------------------------------------------------------
 T = 10.927, DT = 0.1, NI = 2, LI = 2, RES = 4.8e-06 (1.2e-04), CFL=0.109 (ELAPSED 00:00:01, REMAINING 00:00:05 )
-------------------------------------------------------------------------------------------------------------
	 #1 (1.5440e-02, 9.9593e-02): lin 1 (0.0e+00)
Composition correction applied in 2 block(s)
-------------------------------------------------------------------------------------------------------------
 T = 11.027, DT = 0.1, NI = 1, LI = 1, RES = 6.0e-04 (4.4e-04), CFL=0.136 (ELAPSED 00:00:01, REMAINING 00:00:05 )
-------------------------------------------------------------------------------------------------------------
	 #1 (1.3204e-02, 4.3900e-01): lin 1 (0.0e+00)
Composition correction applied in 2 block(s)
-------------------------------------------------------------------------------------------------------------
 T = 11.127, DT = 0.1, NI = 1, LI = 1, RES = 6.3e-04 (1.4e-04), CFL=0.143 (ELAPSED 00:00:01, REMAINING 00:00:05 )
-------------------------------------------------------------------------------------------------------------
	 #1 (1.3116e-02, 3.1192e-01): lin 1 (0.0e+00)
Composition correction applied in 2 block(s)
	 #2 (8.6164e-03, 1.1662e-05): lin 1 (0.0e+00)
Composition correction applied in 2 block(s)
-------------------------------------------------------------------------------------------------------------
 T = 11.227, DT = 0.1, NI = 2, LI = 2, RES = 4.3e-05 (1.5e-03), CFL=0.206 (ELAPSED 00:00:01, REMAINING 00:00:05 )
-------------------------------------------------------------------------------------------------------------
	 #1 (1.5441e-02, 9.4787e-01): lin 1 (0.0e+00)
Composition correction applied in 2 block(s)
-------------------------------------------------------------------------------------------------------------
 T = 11.327, DT = 0.1, NI = 1, LI = 1, RES = 6.4e-05 (7.2e-04), CFL=0.209 (ELAPSED 00:00:01, REMAINING 00:00:05 )
-------------------------------------------------------------------------------------------------------------
	 #1 (1.6476e-02, 4.8967e-01): lin 1 (0.0e+00)
Composition correction applied in 281 block(s)
-------------------------------------------------------------------------------------------------------------
 T = 11.427, DT = 0.1, NI = 1, LI = 1, RES = 8.8e-04 (2.0e-04), CFL=0.199 (ELAPSED 00:00:01, REMAINING 00:00:05 )
-------------------------------------------------------------------------------------------------------------
	 #1 (1.7388e-02, 1.7560e-01): lin 1 (0.0e+00)
Composition correction applied in 617 block(s)
-------------------------------------------------------------------------------------------------------------
 T = 11.527, DT = 0.1, NI = 1, LI = 1, RES = 1.5e-04 (1.6e-04), CFL=0.182 (ELAPSED 00:00:01, REMAINING 00:00:05 )
-------------------------------------------------------------------------------------------------------------
	 #1 (1.7360e-02, 9.7334e-02): lin 1 (0.0e+00)
Composition correction applied in 2 block(s)
-------------------------------------------------------------------------------------------------------------
 T = 11.627, DT = 0.1, NI = 1, LI = 1, RES = 7.8e-05 (1.5e-04), CFL=0.167 (ELAPSED 00:00:01, REMAINING 00:00:05 )
-------------------------------------------------------------------------------------------------------------
	 #1 (1.7438e-02, 2.0076e-01): lin 1 (0.0e+00)
Composition correction applied in 2 block(s)
-------------------------------------------------------------------------------------------------------------
 T = 11.727, DT = 0.1, NI = 1, LI = 1, RES = 4.7e-04 (1.8e-05), CFL=0.153 (ELAPSED 00:00:01, REMAINING 00:00:05 )
-------------------------------------------------------------------------------------------------------------
	 #1 (1.7635e-02, 2.4778e-01): lin 1 (0.0e+00)
Composition correction applied in 2 block(s)
-------------------------------------------------------------------------------------------------------------
 T = 11.827, DT = 0.1, NI = 1, LI = 1, RES = 7.2e-05 (1.4e-05), CFL=0.140 (ELAPSED 00:00:01, REMAINING 00:00:05 )
-------------------------------------------------------------------------------------------------------------
	 #1 (1.7327e-02, 2.8198e-01): lin 1 (0.0e+00)
Composition correction applied in 2 block(s)
-------------------------------------------------------------------------------------------------------------
 T = 11.927, DT = 0.1, NI = 1, LI = 1, RES = 5.4e-05 (3.0e-05), CFL=0.130 (ELAPSED 00:00:01, REMAINING 00:00:05 )
-------------------------------------------------------------------------------------------------------------
	 #1 (1.7171e-02, 2.6744e-01): lin 1 (0.0e+00)
Composition correction applied in 2 block(s)
-------------------------------------------------------------------------------------------------------------
 T = 12.027, DT = 0.1, NI = 1, LI = 1, RES = 4.2e-05 (1.0e-05), CFL=0.121 (ELAPSED 00:00:01, REMAINING 00:00:05 )
-------------------------------------------------------------------------------------------------------------
	 #1 (1.6969e-02, 2.4361e-01): lin 1 (0.0e+00)
Composition correction applied in 2 block(s)
-------------------------------------------------------------------------------------------------------------
 T = 12.127, DT = 0.1, NI = 1, LI = 1, RES = 1.6e-04 (8.0e-06), CFL=0.114 (ELAPSED 00:00:01, REMAINING 00:00:05 )
-------------------------------------------------------------------------------------------------------------
	 #1 (1.6820e-02, 2.1577e-01): lin 1 (0.0e+00)
Composition correction applied in 2 block(s)
-------------------------------------------------------------------------------------------------------------
 T = 12.227, DT = 0.1, NI = 1, LI = 1, RES = 8.2e-05 (1.3e-05), CFL=0.107 (ELAPSED 00:00:01, REMAINING 00:00:05 )
-------------------------------------------------------------------------------------------------------------
	 #1 (1.6517e-02, 1.9236e-01): lin 1 (0.0e+00)
Composition correction applied in 2 block(s)
-------------------------------------------------------------------------------------------------------------
 T = 12.327, DT = 0.1, NI = 1, LI = 1, RES = 3.0e-05 (1.3e-05), CFL=0.101 (ELAPSED 00:00:01, REMAINING 00:00:05 )
-------------------------------------------------------------------------------------------------------------
	 #1 (1.6298e-02, 1.6718e-01): lin 1 (0.0e+00)
Composition correction applied in 2 block(s)
-------------------------------------------------------------------------------------------------------------
 T = 12.427, DT = 0.1, NI = 1, LI = 1, RES = 6.5e-05 (1.6e-05), CFL=0.102 (ELAPSED 00:00:01, REMAINING 00:00:05 )
-------------------------------------------------------------------------------------------------------------
	 #1 (1.6073e-02, 1.4416e-01): lin 1 (0.0e+00)
Composition correction applied in 2 block(s)
-------------------------------------------------------------------------------------------------------------
 T = 12.527, DT = 0.1, NI = 1, LI = 1, RES = 3.7e-05 (2.8e-05), CFL=0.098 (ELAPSED 00:00:01, REMAINING 00:00:05 )
-------------------------------------------------------------------------------------------------------------
	 #1 (1.5849e-02, 1.2396e-01): lin 1 (0.0e+00)
Composition correction applied in 2 block(s)
	 #2 (1.7940e-03, 1.9974e-05): lin 1 (0.0e+00)
Composition correction applied in 2 block(s)
-------------------------------------------------------------------------------------------------------------
 T = 12.627, DT = 0.1, NI = 2, LI = 2, RES = 2.5e-06 (6.6e-05), CFL=0.105 (ELAPSED 00:00:01, REMAINING 00:00:05 )
-------------------------------------------------------------------------------------------------------------
	 #1 (1.4360e-02, 4.6342e-02): lin 1 (0.0e+00)
Composition correction applied in 2 block(s)
-------------------------------------------------------------------------------------------------------------
 T = 12.727, DT = 0.1, NI = 1, LI = 1, RES = 5.5e-04 (3.8e-04), CFL=0.131 (ELAPSED 00:00:01, REMAINING 00:00:05 )
-------------------------------------------------------------------------------------------------------------
	 #1 (1.2066e-02, 3.5856e-01): lin 1 (0.0e+00)
Composition correction applied in 2 block(s)
-------------------------------------------------------------------------------------------------------------
 T = 12.827, DT = 0.1, NI = 1, LI = 1, RES = 5.6e-04 (6.5e-05), CFL=0.139 (ELAPSED 00:00:01, REMAINING 00:00:05 )
-------------------------------------------------------------------------------------------------------------
	 #1 (1.2001e-02, 2.5747e-01): lin 1 (0.0e+00)
Composition correction applied in 2 block(s)
	 #2 (7.0860e-03, 5.0832e-05): lin 1 (0.0e+00)
Composition correction applied in 2 block(s)
-------------------------------------------------------------------------------------------------------------
 T = 12.927, DT = 0.1, NI = 2, LI = 2, RES = 3.2e-05 (8.9e-04), CFL=0.181 (ELAPSED 00:00:01, REMAINING 00:00:05 )
-------------------------------------------------------------------------------------------------------------
	 #1 (1.3414e-02, 7.1588e-01): lin 1 (0.0e+00)
Composition correction applied in 2 block(s)
-------------------------------------------------------------------------------------------------------------
 T = 13.027, DT = 0.1, NI = 1, LI = 1, RES = 4.7e-05 (4.5e-04), CFL=0.190 (ELAPSED 00:00:01, REMAINING 00:00:05 )
-------------------------------------------------------------------------------------------------------------
	 #1 (1.4791e-02, 4.5349e-01): lin 1 (0.0e+00)
Composition correction applied in 2 block(s)
-------------------------------------------------------------------------------------------------------------
 T = 13.127, DT = 0.1, NI = 1, LI = 1, RES = 5.0e-04 (2.0e-04), CFL=0.184 (ELAPSED 00:00:01, REMAINING 00:00:05 )
-------------------------------------------------------------------------------------------------------------
	 #1 (1.5584e-02, 1.8282e-01): lin 1 (0.0e+00)
Composition correction applied in 623 block(s)
-------------------------------------------------------------------------------------------------------------
 T = 13.227, DT = 0.1, NI = 1, LI = 1, RES = 1.5e-04 (2.2e-05), CFL=0.170 (ELAPSED 00:00:01, REMAINING 00:00:05 )
-------------------------------------------------------------------------------------------------------------
	 #1 (1.5870e-02, 4.7720e-02): lin 1 (0.0e+00)
Composition correction applied in 2 block(s)
-------------------------------------------------------------------------------------------------------------
 T = 13.327, DT = 0.1, NI = 1, LI = 1, RES = 7.2e-05 (4.1e-05), CFL=0.156 (ELAPSED 00:00:01, REMAINING 00:00:05 )
-------------------------------------------------------------------------------------------------------------
	 #1 (1.6045e-02, 1.5145e-01): lin 1 (0.0e+00)
Composition correction applied in 2 block(s)
-------------------------------------------------------------------------------------------------------------
 T = 13.427, DT = 0.1, NI = 1, LI = 1, RES = 3.1e-04 (2.1e-05), CFL=0.145 (ELAPSED 00:00:01, REMAINING 00:00:05 )
-------------------------------------------------------------------------------------------------------------
	 #1 (1.6207e-02, 2.0151e-01): lin 1 (0.0e+00)
Composition correction applied in 2 block(s)
-------------------------------------------------------------------------------------------------------------
 T = 13.527, DT = 0.1, NI = 1, LI = 1, RES = 6.0e-05 (1.5e-05), CFL=0.139 (ELAPSED 00:00:01, REMAINING 00:00:05 )
-------------------------------------------------------------------------------------------------------------
	 #1 (1.6063e-02, 2.3727e-01): lin 1 (0.0e+00)
Composition correction applied in 2 block(s)
-------------------------------------------------------------------------------------------------------------
 T = 13.627, DT = 0.1, NI = 1, LI = 1, RES = 7.2e-05 (2.1e-05), CFL=0.129 (ELAPSED 00:00:01, REMAINING 00:00:05 )
-------------------------------------------------------------------------------------------------------------
	 #1 (1.5948e-02, 2.3123e-01): lin 1 (0.0e+00)
Composition correction applied in 2 block(s)
-------------------------------------------------------------------------------------------------------------
 T = 13.727, DT = 0.1, NI = 1, LI = 1, RES = 3.6e-05 (8.8e-06), CFL=0.120 (ELAPSED 00:00:01, REMAINING 00:00:05 )
-------------------------------------------------------------------------------------------------------------
	 #1 (1.5777e-02, 2.1361e-01): lin 1 (0.0e+00)
Composition correction applied in 2 block(s)
-------------------------------------------------------------------------------------------------------------
 T = 13.827, DT = 0.1, NI = 1, LI = 1, RES = 8.2e-05 (6.6e-06), CFL=0.113 (ELAPSED 00:00:01, REMAINING 00:00:05 )
-------------------------------------------------------------------------------------------------------------
	 #1 (1.5609e-02, 1.9112e-01): lin 1 (0.0e+00)
Composition correction applied in 2 block(s)
-------------------------------------------------------------------------------------------------------------
 T = 13.927, DT = 0.1, NI = 1, LI = 1, RES = 3.4e-05 (2.9e-05), CFL=0.107 (ELAPSED 00:00:01, REMAINING 00:00:05 )
-------------------------------------------------------------------------------------------------------------
	 #1 (1.5375e-02, 1.7209e-01): lin 1 (0.0e+00)
Composition correction applied in 2 block(s)
-------------------------------------------------------------------------------------------------------------
 T = 14.027, DT = 0.1, NI = 1, LI = 1, RES = 2.8e-05 (1.2e-05), CFL=0.101 (ELAPSED 00:00:02, REMAINING 00:00:05 )
-------------------------------------------------------------------------------------------------------------
	 #1 (1.5172e-02, 1.5021e-01): lin 1 (0.0e+00)
Composition correction applied in 2 block(s)
-------------------------------------------------------------------------------------------------------------
 T = 14.127, DT = 0.1, NI = 1, LI = 1, RES = 6.9e-05 (2.7e-05), CFL=0.096 (ELAPSED 00:00:02, REMAINING 00:00:05 )
-------------------------------------------------------------------------------------------------------------
	 #1 (1.4966e-02, 1.2991e-01): lin 1 (0.0e+00)
Composition correction applied in 2 block(s)
-------------------------------------------------------------------------------------------------------------
 T = 14.227, DT = 0.1, NI = 1, LI = 1, RES = 2.6e-05 (1.5e-05), CFL=0.092 (ELAPSED 00:00:02, REMAINING 00:00:04 )
-------------------------------------------------------------------------------------------------------------
	 #1 (1.4759e-02, 1.1186e-01): lin 1 (0.0e+00)
Composition correction applied in 2 block(s)
	 #2 (2.4055e-03, 1.7398e-05): lin 1 (0.0e+00)
Composition correction applied in 2 block(s)
-------------------------------------------------------------------------------------------------------------
 T = 14.327, DT = 0.1, NI = 2, LI = 2, RES = 4.3e-06 (1.2e-04), CFL=0.104 (ELAPSED 00:00:02, REMAINING 00:00:04 )
-------------------------------------------------------------------------------------------------------------
	 #1 (1.2858e-02, 8.7876e-02): lin 1 (0.0e+00)
Composition correction applied in 2 block(s)
-------------------------------------------------------------------------------------------------------------
 T = 14.427, DT = 0.1, NI = 1, LI = 1, RES = 4.9e-04 (2.1e-04), CFL=0.123 (ELAPSED 00:00:02, REMAINING 00:00:04 )
-------------------------------------------------------------------------------------------------------------
	 #1 (1.1141e-02, 2.8202e-01): lin 1 (0.0e+00)
Composition correction applied in 2 block(s)
-------------------------------------------------------------------------------------------------------------
 T = 14.527, DT = 0.1, NI = 1, LI = 1, RES = 5.1e-04 (7.6e-05), CFL=0.130 (ELAPSED 00:00:02, REMAINING 00:00:04 )
-------------------------------------------------------------------------------------------------------------
	 #1 (1.1094e-02, 2.1112e-01): lin 1 (0.0e+00)
Composition correction applied in 2 block(s)
	 #2 (7.0600e-03, 3.4653e-07): lin 1 (0.0e+00)
Composition correction applied in 2 block(s)
-------------------------------------------------------------------------------------------------------------
 T = 14.627, DT = 0.1, NI = 2, LI = 2, RES = 3.0e-05 (7.9e-04), CFL=0.170 (ELAPSED 00:00:02, REMAINING 00:00:04 )
-------------------------------------------------------------------------------------------------------------
	 #1 (1.2578e-02, 6.2185e-01): lin 1 (0.0e+00)
Composition correction applied in 2 block(s)
-------------------------------------------------------------------------------------------------------------
 T = 14.727, DT = 0.1, NI = 1, LI = 1, RES = 3.8e-05 (4.0e-04), CFL=0.175 (ELAPSED 00:00:02, REMAINING 00:00:04 )
-------------------------------------------------------------------------------------------------------------
	 #1 (1.3618e-02, 3.6299e-01): lin 1 (0.0e+00)
Composition correction applied in 2 block(s)
-------------------------------------------------------------------------------------------------------------
 T = 14.827, DT = 0.1, NI = 1, LI = 1, RES = 5.1e-04 (1.5e-04), CFL=0.170 (ELAPSED 00:00:02, REMAINING 00:00:04 )
-------------------------------------------------------------------------------------------------------------
	 #1 (1.4408e-02, 1.5367e-01): lin 1 (0.0e+00)
Composition correction applied in 2 block(s)
-------------------------------------------------------------------------------------------------------------
 T = 14.927, DT = 0.1, NI = 1, LI = 1, RES = 7.8e-05 (1.3e-05), CFL=0.166 (ELAPSED 00:00:02, REMAINING 00:00:04 )
-------------------------------------------------------------------------------------------------------------
	 #1 (1.4734e-02, 3.6558e-02): lin 1 (0.0e+00)
Composition correction applied in 2 block(s)
-------------------------------------------------------------------------------------------------------------
 T = 15.027, DT = 0.1, NI = 1, LI = 1, RES = 6.7e-05 (3.2e-05), CFL=0.154 (ELAPSED 00:00:02, REMAINING 00:00:04 )
-------------------------------------------------------------------------------------------------------------
	 #1 (1.4952e-02, 1.2619e-01): lin 1 (0.0e+00)
Composition correction applied in 2 block(s)
-------------------------------------------------------------------------------------------------------------
 T = 15.127, DT = 0.1, NI = 1, LI = 1, RES = 2.8e-04 (1.7e-05), CFL=0.143 (ELAPSED 00:00:02, REMAINING 00:00:04 )
-------------------------------------------------------------------------------------------------------------
	 #1 (1.5133e-02, 1.7135e-01): lin 1 (0.0e+00)
Composition correction applied in 2 block(s)
-------------------------------------------------------------------------------------------------------------
 T = 15.227, DT = 0.1, NI = 1, LI = 1, RES = 5.7e-05 (1.4e-05), CFL=0.131 (ELAPSED 00:00:02, REMAINING 00:00:04 )
-------------------------------------------------------------------------------------------------------------
	 #1 (1.5044e-02, 2.0406e-01): lin 1 (0.0e+00)
Composition correction applied in 2 block(s)
-------------------------------------------------------------------------------------------------------------
 T = 15.327, DT = 0.1, NI = 1, LI = 1, RES = 7.1e-05 (2.0e-05), CFL=0.122 (ELAPSED 00:00:02, REMAINING 00:00:04 )
-------------------------------------------------------------------------------------------------------------
	 #1 (1.4955e-02, 2.0123e-01): lin 1 (0.0e+00)
Composition correction applied in 2 block(s)
-------------------------------------------------------------------------------------------------------------
 T = 15.427, DT = 0.1, NI = 1, LI = 1, RES = 4.3e-05 (1.1e-05), CFL=0.114 (ELAPSED 00:00:02, REMAINING 00:00:04 )
-------------------------------------------------------------------------------------------------------------
	 #1 (1.4802e-02, 1.8768e-01): lin 1 (0.0e+00)
Composition correction applied in 2 block(s)
-------------------------------------------------------------------------------------------------------------
 T = 15.527, DT = 0.1, NI = 1, LI = 1, RES = 7.1e-05 (6.7e-06), CFL=0.107 (ELAPSED 00:00:02, REMAINING 00:00:04 )
-------------------------------------------------------------------------------------------------------------
	 #1 (1.4638e-02, 1.6886e-01): lin 1 (0.0e+00)
Composition correction applied in 2 block(s)
-------------------------------------------------------------------------------------------------------------
 T = 15.627, DT = 0.1, NI = 1, LI = 1, RES = 3.1e-05 (1.1e-05), CFL=0.101 (ELAPSED 00:00:02, REMAINING 00:00:04 )
-------------------------------------------------------------------------------------------------------------
	 #1 (1.4436e-02, 1.5279e-01): lin 1 (0.0e+00)
Composition correction applied in 2 block(s)
-------------------------------------------------------------------------------------------------------------
 T = 15.727, DT = 0.1, NI = 1, LI = 1, RES = 2.9e-05 (9.8e-06), CFL=0.096 (ELAPSED 00:00:02, REMAINING 00:00:04 )
-------------------------------------------------------------------------------------------------------------
	 #1 (1.4246e-02, 1.3390e-01): lin 1 (0.0e+00)
Composition correction applied in 2 block(s)
-------------------------------------------------------------------------------------------------------------
 T = 15.827, DT = 0.1, NI = 1, LI = 1, RES = 2.4e-05 (1.2e-05), CFL=0.092 (ELAPSED 00:00:02, REMAINING 00:00:04 )
-------------------------------------------------------------------------------------------------------------
	 #1 (1.4051e-02, 1.1615e-01): lin 1 (0.0e+00)
Composition correction applied in 2 block(s)
-------------------------------------------------------------------------------------------------------------
 T = 15.927, DT = 0.1, NI = 1, LI = 1, RES = 2.5e-05 (2.2e-05), CFL=0.088 (ELAPSED 00:00:02, REMAINING 00:00:04 )
-------------------------------------------------------------------------------------------------------------
	 #1 (1.3856e-02, 1.0022e-01): lin 1 (0.0e+00)
Composition correction applied in 2 block(s)
	 #2 (3.6665e-03, 1.5724e-05): lin 1 (0.0e+00)
Composition correction applied in 2 block(s)
-------------------------------------------------------------------------------------------------------------
 T = 16.027, DT = 0.1, NI = 2, LI = 2, RES = 9.5e-06 (3.1e-04), CFL=0.106 (ELAPSED 00:00:02, REMAINING 00:00:04 )
-------------------------------------------------------------------------------------------------------------
	 #1 (1.1182e-02, 1.6708e-01): lin 1 (0.0e+00)
Composition correction applied in 2 block(s)
-------------------------------------------------------------------------------------------------------------
 T = 16.127, DT = 0.1, NI = 1, LI = 1, RES = 4.6e-04 (3.3e-05), CFL=0.118 (ELAPSED 00:00:02, REMAINING 00:00:04 )
-------------------------------------------------------------------------------------------------------------
	 #1 (1.0415e-02, 2.1503e-01): lin 1 (0.0e+00)
Composition correction applied in 2 block(s)
	 #2 (1.4553e-03, 1.2249e-05): lin 1 (0.0e+00)
Composition correction applied in 2 block(s)
-------------------------------------------------------------------------------------------------------------
 T = 16.227, DT = 0.1, NI = 2, LI = 2, RES = 1.6e-06 (1.5e-05), CFL=0.136 (ELAPSED 00:00:02, REMAINING 00:00:04 )
-------------------------------------------------------------------------------------------------------------
	 #1 (1.0141e-02, 2.5258e-01): lin 1 (0.0e+00)
Composition correction applied in 2 block(s)
-------------------------------------------------------------------------------------------------------------
 T = 16.327, DT = 0.1, NI = 1, LI = 1, RES = 1.6e-04 (6.3e-04), CFL=0.170 (ELAPSED 00:00:02, REMAINING 00:00:04 )
-------------------------------------------------------------------------------------------------------------
	 #1 (1.1892e-02, 5.2093e-01): lin 1 (0.0e+00)
Composition correction applied in 2 block(s)
-------------------------------------------------------------------------------------------------------------
 T = 16.427, DT = 0.1, NI = 1, LI = 1, RES = 4.1e-05 (3.2e-04), CFL=0.171 (ELAPSED 00:00:02, REMAINING 00:00:04 )
-------------------------------------------------------------------------------------------------------------
	 #1 (1.2786e-02, 2.6351e-01): lin 1 (0.0e+00)
Composition correction applied in 219 block(s)
-------------------------------------------------------------------------------------------------------------
 T = 16.527, DT = 0.1, NI = 1, LI = 1, RES = 7.2e-04 (2.2e-05), CFL=0.166 (ELAPSED 00:00:02, REMAINING 00:00:04 )
-------------------------------------------------------------------------------------------------------------
	 #1 (1.3663e-02, 1.0727e-01): lin 1 (0.0e+00)
Composition correction applied in 624 block(s)
-------------------------------------------------------------------------------------------------------------
 T = 16.627, DT = 0.1, NI = 1, LI = 1, RES = 6.8e-05 (8.9e-05), CFL=0.155 (ELAPSED 00:00:02, REMAINING 00:00:04 )
-------------------------------------------------------------------------------------------------------------
	 #1 (1.3871e-02, 4.7368e-02): lin 1 (0.0e+00)
Composition correction applied in 2 block(s)
-------------------------------------------------------------------------------------------------------------
 T = 16.727, DT = 0.1, NI = 1, LI = 1, RES = 7.6e-05 (2.4e-05), CFL=0.144 (ELAPSED 00:00:02, REMAINING 00:00:04 )
-------------------------------------------------------------------------------------------------------------
	 #1 (1.4090e-02, 1.1723e-01): lin 1 (0.0e+00)
Composition correction applied in 2 block(s)
-------------------------------------------------------------------------------------------------------------
 T = 16.827, DT = 0.1, NI = 1, LI = 1, RES = 2.9e-04 (1.3e-05), CFL=0.134 (ELAPSED 00:00:02, REMAINING 00:00:04 )
-------------------------------------------------------------------------------------------------------------
	 #1 (1.4311e-02, 1.5340e-01): lin 1 (0.0e+00)
Composition correction applied in 2 block(s)
-------------------------------------------------------------------------------------------------------------
 T = 16.927, DT = 0.1, NI = 1, LI = 1, RES = 5.3e-05 (9.3e-06), CFL=0.124 (ELAPSED 00:00:02, REMAINING 00:00:04 )
-------------------------------------------------------------------------------------------------------------
	 #1 (1.4203e-02, 1.8032e-01): lin 1 (0.0e+00)
Composition correction applied in 2 block(s)
-------------------------------------------------------------------------------------------------------------
 T = 17.027, DT = 0.1, NI = 1, LI = 1, RES = 8.6e-05 (1.5e-05), CFL=0.115 (ELAPSED 00:00:02, REMAINING 00:00:04 )
-------------------------------------------------------------------------------------------------------------
	 #1 (1.4126e-02, 1.7745e-01): lin 1 (0.0e+00)
Composition correction applied in 2 block(s)
-------------------------------------------------------------------------------------------------------------
 T = 17.127, DT = 0.1, NI = 1, LI = 1, RES = 3.3e-05 (9.7e-06), CFL=0.108 (ELAPSED 00:00:02, REMAINING 00:00:04 )
-------------------------------------------------------------------------------------------------------------
	 #1 (1.3981e-02, 1.6573e-01): lin 1 (0.0e+00)
Composition correction applied in 2 block(s)
-------------------------------------------------------------------------------------------------------------
 T = 17.227, DT = 0.1, NI = 1, LI = 1, RES = 9.2e-05 (2.6e-05), CFL=0.102 (ELAPSED 00:00:02, REMAINING 00:00:04 )
-------------------------------------------------------------------------------------------------------------
	 #1 (1.3829e-02, 1.4949e-01): lin 1 (0.0e+00)
Composition correction applied in 2 block(s)
-------------------------------------------------------------------------------------------------------------
 T = 17.327, DT = 0.1, NI = 1, LI = 1, RES = 2.8e-05 (1.0e-05), CFL=0.096 (ELAPSED 00:00:02, REMAINING 00:00:04 )
-------------------------------------------------------------------------------------------------------------
	 #1 (1.3635e-02, 1.3538e-01): lin 1 (0.0e+00)
Composition correction applied in 2 block(s)
-------------------------------------------------------------------------------------------------------------
 T = 17.427, DT = 0.1, NI = 1, LI = 1, RES = 4.1e-05 (2.3e-05), CFL=0.091 (ELAPSED 00:00:02, REMAINING 00:00:04 )
-------------------------------------------------------------------------------------------------------------
	 #1 (1.3455e-02, 1.1900e-01): lin 1 (0.0e+00)
Composition correction applied in 2 block(s)
-------------------------------------------------------------------------------------------------------------
 T = 17.527, DT = 0.1, NI = 1, LI = 1, RES = 2.3e-05 (1.1e-05), CFL=0.091 (ELAPSED 00:00:02, REMAINING 00:00:04 )
-------------------------------------------------------------------------------------------------------------
	 #1 (1.3270e-02, 1.0342e-01): lin 1 (0.0e+00)
Composition correction applied in 2 block(s)
-------------------------------------------------------------------------------------------------------------
 T = 17.627, DT = 0.1, NI = 1, LI = 1, RES = 1.1e-04 (2.0e-05), CFL=0.087 (ELAPSED 00:00:02, REMAINING 00:00:04 )
-------------------------------------------------------------------------------------------------------------
	 #1 (1.3087e-02, 8.9418e-02): lin 1 (0.0e+00)
Composition correction applied in 2 block(s)
-------------------------------------------------------------------------------------------------------------
 T = 17.727, DT = 0.1, NI = 1, LI = 1, RES = 3.8e-04 (3.9e-04), CFL=0.112 (ELAPSED 00:00:02, REMAINING 00:00:04 )
-------------------------------------------------------------------------------------------------------------
	 #1 (9.7511e-03, 2.3221e-01): lin 1 (0.0e+00)
Composition correction applied in 2 block(s)
-------------------------------------------------------------------------------------------------------------
 T = 17.827, DT = 0.1, NI = 1, LI = 1, RES = 4.4e-04 (6.6e-05), CFL=0.119 (ELAPSED 00:00:02, REMAINING 00:00:04 )
-------------------------------------------------------------------------------------------------------------
	 #1 (9.7922e-03, 1.6941e-01): lin 1 (0.0e+00)
Composition correction applied in 2 block(s)
	 #2 (3.3291e-03, 3.1346e-05): lin 1 (0.0e+00)
Composition correction applied in 2 block(s)
-------------------------------------------------------------------------------------------------------------
 T = 17.927, DT = 0.1, NI = 2, LI = 2, RES = 5.5e-06 (1.4e-04), CFL=0.140 (ELAPSED 00:00:02, REMAINING 00:00:04 )
-------------------------------------------------------------------------------------------------------------
	 #1 (9.6584e-03, 3.1512e-01): lin 1 (0.0e+00)
Composition correction applied in 2 block(s)
-------------------------------------------------------------------------------------------------------------
 T = 18.027, DT = 0.1, NI = 1, LI = 1, RES = 8.9e-05 (1.1e-04), CFL=0.160 (ELAPSED 00:00:02, REMAINING 00:00:04 )
-------------------------------------------------------------------------------------------------------------
	 #1 (1.1348e-02, 3.7922e-01): lin 1 (0.0e+00)
Composition correction applied in 2 block(s)
-------------------------------------------------------------------------------------------------------------
 T = 18.127, DT = 0.1, NI = 1, LI = 1, RES = 5.7e-05 (1.3e-04), CFL=0.161 (ELAPSED 00:00:02, REMAINING 00:00:04 )
-------------------------------------------------------------------------------------------------------------
	 #1 (1.2098e-02, 1.9416e-01): lin 1 (0.0e+00)
Composition correction applied in 71 block(s)
-------------------------------------------------------------------------------------------------------------
 T = 18.227, DT = 0.1, NI = 1, LI = 1, RES = 9.9e-04 (5.3e-06), CFL=0.156 (ELAPSED 00:00:02, REMAINING 00:00:04 )
-------------------------------------------------------------------------------------------------------------
	 #1 (1.3131e-02, 7.2743e-02): lin 1 (0.0e+00)
Composition correction applied in 2 block(s)
-------------------------------------------------------------------------------------------------------------
 T = 18.327, DT = 0.1, NI = 1, LI = 1, RES = 5.8e-05 (2.4e-05), CFL=0.145 (ELAPSED 00:00:02, REMAINING 00:00:04 )
-------------------------------------------------------------------------------------------------------------
	 #1 (1.3164e-02, 5.6460e-02): lin 1 (0.0e+00)
Composition correction applied in 2 block(s)
-------------------------------------------------------------------------------------------------------------
 T = 18.427, DT = 0.1, NI = 1, LI = 1, RES = 9.5e-05 (1.7e-05), CFL=0.136 (ELAPSED 00:00:02, REMAINING 00:00:04 )
-------------------------------------------------------------------------------------------------------------
	 #1 (1.3370e-02, 1.0961e-01): lin 1 (0.0e+00)
Composition correction applied in 2 block(s)
-------------------------------------------------------------------------------------------------------------
 T = 18.527, DT = 0.1, NI = 1, LI = 1, RES = 3.8e-04 (7.2e-06), CFL=0.127 (ELAPSED 00:00:02, REMAINING 00:00:04 )
-------------------------------------------------------------------------------------------------------------
	 #1 (1.3642e-02, 1.3798e-01): lin 1 (0.0e+00)
Composition correction applied in 2 block(s)
-------------------------------------------------------------------------------------------------------------
 T = 18.627, DT = 0.1, NI = 1, LI = 1, RES = 5.7e-05 (3.7e-05), CFL=0.117 (ELAPSED 00:00:02, REMAINING 00:00:04 )
-------------------------------------------------------------------------------------------------------------
	 #1 (1.3489e-02, 1.5984e-01): lin 1 (0.0e+00)
Composition correction applied in 2 block(s)
-------------------------------------------------------------------------------------------------------------
 T = 18.727, DT = 0.1, NI = 1, LI = 1, RES = 3.7e-05 (1.6e-05), CFL=0.114 (ELAPSED 00:00:02, REMAINING 00:00:04 )
-------------------------------------------------------------------------------------------------------------
	 #1 (1.3412e-02, 1.5671e-01): lin 1 (0.0e+00)
Composition correction applied in 2 block(s)
-------------------------------------------------------------------------------------------------------------
 T = 18.827, DT = 0.1, NI = 1, LI = 1, RES = 3.4e-05 (9.1e-06), CFL=0.107 (ELAPSED 00:00:02, REMAINING 00:00:04 )
-------------------------------------------------------------------------------------------------------------
	 #1 (1.3275e-02, 1.4628e-01): lin 1 (0.0e+00)
Composition correction applied in 2 block(s)
-------------------------------------------------------------------------------------------------------------
 T = 18.927, DT = 0.1, NI = 1, LI = 1, RES = 7.1e-05 (7.4e-06), CFL=0.101 (ELAPSED 00:00:02, REMAINING 00:00:04 )
-------------------------------------------------------------------------------------------------------------
	 #1 (1.3140e-02, 1.3219e-01): lin 1 (0.0e+00)
Composition correction applied in 2 block(s)
-------------------------------------------------------------------------------------------------------------
 T = 19.027, DT = 0.1, NI = 1, LI = 1, RES = 3.3e-05 (9.9e-06), CFL=0.096 (ELAPSED 00:00:02, REMAINING 00:00:04 )
-------------------------------------------------------------------------------------------------------------
	 #1 (1.2943e-02, 1.1978e-01): lin 1 (0.0e+00)
Composition correction applied in 2 block(s)
-------------------------------------------------------------------------------------------------------------
 T = 19.127, DT = 0.1, NI = 1, LI = 1, RES = 5.8e-05 (2.0e-05), CFL=0.091 (ELAPSED 00:00:02, REMAINING 00:00:04 )
-------------------------------------------------------------------------------------------------------------
	 #1 (1.2771e-02, 1.0554e-01): lin 1 (0.0e+00)
Composition correction applied in 2 block(s)
-------------------------------------------------------------------------------------------------------------
 T = 19.227, DT = 0.1, NI = 1, LI = 1, RES = 2.2e-05 (1.9e-05), CFL=0.087 (ELAPSED 00:00:02, REMAINING 00:00:04 )
-------------------------------------------------------------------------------------------------------------
	 #1 (1.2594e-02, 9.2010e-02): lin 1 (0.0e+00)
Composition correction applied in 2 block(s)
	 #2 (2.0300e-03, 1.7632e-05): lin 1 (0.0e+00)
Composition correction applied in 2 block(s)
-------------------------------------------------------------------------------------------------------------
 T = 19.327, DT = 0.1, NI = 2, LI = 2, RES = 2.8e-06 (9.3e-05), CFL=0.095 (ELAPSED 00:00:02, REMAINING 00:00:04 )
-------------------------------------------------------------------------------------------------------------
	 #1 (1.0886e-02, 3.8415e-02): lin 1 (0.0e+00)
Composition correction applied in 2 block(s)
-------------------------------------------------------------------------------------------------------------
 T = 19.427, DT = 0.1, NI = 1, LI = 1, RES = 3.8e-04 (1.5e-04), CFL=0.110 (ELAPSED 00:00:02, REMAINING 00:00:04 )
-------------------------------------------------------------------------------------------------------------
	 #1 (9.2496e-03, 1.7489e-01): lin 1 (0.0e+00)
Composition correction applied in 2 block(s)
-------------------------------------------------------------------------------------------------------------
 T = 19.527, DT = 0.1, NI = 1, LI = 1, RES = 4.1e-04 (4.0e-05), CFL=0.116 (ELAPSED 00:00:02, REMAINING 00:00:04 )
-------------------------------------------------------------------------------------------------------------
	 #1 (9.2386e-03, 1.3780e-01): lin 1 (0.0e+00)
Composition correction applied in 2 block(s)
	 #2 (5.2083e-03, 5.9980e-06): lin 1 (0.0e+00)
Composition correction applied in 2 block(s)
-------------------------------------------------------------------------------------------------------------
 T = 19.627, DT = 0.1, NI = 2, LI = 2, RES = 1.2e-05 (3.4e-04), CFL=0.144 (ELAPSED 00:00:02, REMAINING 00:00:04 )
-------------------------------------------------------------------------------------------------------------
	 #1 (9.8253e-03, 3.6321e-01): lin 1 (0.0e+00)
Composition correction applied in 2 block(s)
-------------------------------------------------------------------------------------------------------------
 T = 19.727, DT = 0.1, NI = 1, LI = 1, RES = 3.7e-05 (1.5e-04), CFL=0.153 (ELAPSED 00:00:02, REMAINING 00:00:04 )
-------------------------------------------------------------------------------------------------------------
	 #1 (1.0960e-02, 2.6722e-01): lin 1 (0.0e+00)
Composition correction applied in 2 block(s)
-------------------------------------------------------------------------------------------------------------
 T = 19.827, DT = 0.1, NI = 1, LI = 1, RES = 9.9e-05 (1.1e-04), CFL=0.152 (ELAPSED 00:00:02, REMAINING 00:00:04 )
-------------------------------------------------------------------------------------------------------------
	 #1 (1.1577e-02, 1.3467e-01): lin 1 (0.0e+00)
Composition correction applied in 2 block(s)
-------------------------------------------------------------------------------------------------------------
 T = 19.927, DT = 0.1, NI = 1, LI = 1, RES = 7.3e-05 (3.7e-05), CFL=0.145 (ELAPSED 00:00:02, REMAINING 00:00:04 )
-------------------------------------------------------------------------------------------------------------
	 #1 (1.2229e-02, 1.2187e-02): lin 1 (0.0e+00)
Composition correction applied in 2 block(s)
-------------------------------------------------------------------------------------------------------------
 T = 20.027, DT = 0.1, NI = 1, LI = 1, RES = 6.8e-05 (1.4e-05), CFL=0.136 (ELAPSED 00:00:02, REMAINING 00:00:03 )
-------------------------------------------------------------------------------------------------------------
	 #1 (1.2597e-02, 6.2153e-02): lin 1 (0.0e+00)
Composition correction applied in 2 block(s)
-------------------------------------------------------------------------------------------------------------
 T = 20.127, DT = 0.1, NI = 1, LI = 1, RES = 5.1e-05 (1.3e-05), CFL=0.132 (ELAPSED 00:00:02, REMAINING 00:00:03 )
-------------------------------------------------------------------------------------------------------------
	 #1 (1.2781e-02, 1.0439e-01): lin 1 (0.0e+00)
Composition correction applied in 2 block(s)
-------------------------------------------------------------------------------------------------------------
 T = 20.227, DT = 0.1, NI = 1, LI = 1, RES = 5.3e-04 (2.7e-06), CFL=0.124 (ELAPSED 00:00:02, REMAINING 00:00:03 )
-------------------------------------------------------------------------------------------------------------
	 #1 (1.3120e-02, 1.2488e-01): lin 1 (0.0e+00)
Composition correction applied in 2 block(s)
-------------------------------------------------------------------------------------------------------------
 T = 20.327, DT = 0.1, NI = 1, LI = 1, RES = 7.2e-05 (2.5e-06), CFL=0.115 (ELAPSED 00:00:02, REMAINING 00:00:03 )
-------------------------------------------------------------------------------------------------------------
	 #1 (1.2873e-02, 1.4164e-01): lin 1 (0.0e+00)
Composition correction applied in 2 block(s)
-------------------------------------------------------------------------------------------------------------
 T = 20.427, DT = 0.1, NI = 1, LI = 1, RES = 3.3e-05 (1.3e-05), CFL=0.108 (ELAPSED 00:00:02, REMAINING 00:00:03 )
-------------------------------------------------------------------------------------------------------------
	 #1 (1.2789e-02, 1.3722e-01): lin 1 (0.0e+00)
Composition correction applied in 2 block(s)
-------------------------------------------------------------------------------------------------------------
 T = 20.527, DT = 0.1, NI = 1, LI = 1, RES = 5.1e-05 (1.9e-05), CFL=0.101 (ELAPSED 00:00:02, REMAINING 00:00:03 )
-------------------------------------------------------------------------------------------------------------
	 #1 (1.2654e-02, 1.2779e-01): lin 1 (0.0e+00)
Composition correction applied in 2 block(s)
-------------------------------------------------------------------------------------------------------------
 T = 20.627, DT = 0.1, NI = 1, LI = 1, RES = 1.1e-04 (8.2e-06), CFL=0.096 (ELAPSED 00:00:02, REMAINING 00:00:03 )
-------------------------------------------------------------------------------------------------------------
	 #1 (1.2542e-02, 1.1549e-01): lin 1 (0.0e+00)
Composition correction applied in 2 block(s)
-------------------------------------------------------------------------------------------------------------
 T = 20.727, DT = 0.1, NI = 1, LI = 1, RES = 3.2e-05 (9.2e-06), CFL=0.091 (ELAPSED 00:00:02, REMAINING 00:00:03 )
-------------------------------------------------------------------------------------------------------------
	 #1 (1.2329e-02, 1.0447e-01): lin 1 (0.0e+00)
Composition correction applied in 2 block(s)
-------------------------------------------------------------------------------------------------------------
 T = 20.827, DT = 0.1, NI = 1, LI = 1, RES = 2.1e-05 (1.8e-05), CFL=0.087 (ELAPSED 00:00:02, REMAINING 00:00:03 )
-------------------------------------------------------------------------------------------------------------
	 #1 (1.2165e-02, 9.2360e-02): lin 1 (0.0e+00)
Composition correction applied in 2 block(s)
-------------------------------------------------------------------------------------------------------------
 T = 20.927, DT = 0.1, NI = 1, LI = 1, RES = 2.4e-05 (1.0e-05), CFL=0.083 (ELAPSED 00:00:02, REMAINING 00:00:03 )
-------------------------------------------------------------------------------------------------------------
	 #1 (1.1995e-02, 8.0749e-02): lin 1 (0.0e+00)
Composition correction applied in 2 block(s)
	 #2 (4.3233e-03, 1.1644e-05): lin 1 (0.0e+00)
Composition correction applied in 2 block(s)
-------------------------------------------------------------------------------------------------------------
 T = 21.027, DT = 0.1, NI = 2, LI = 2, RES = 1.3e-05 (3.3e-04), CFL=0.103 (ELAPSED 00:00:02, REMAINING 00:00:03 )
-------------------------------------------------------------------------------------------------------------
	 #1 (8.9178e-03, 1.5943e-01): lin 1 (0.0e+00)
Composition correction applied in 2 block(s)
-------------------------------------------------------------------------------------------------------------
 T = 21.127, DT = 0.1, NI = 1, LI = 1, RES = 3.9e-04 (7.2e-06), CFL=0.110 (ELAPSED 00:00:02, REMAINING 00:00:03 )
-------------------------------------------------------------------------------------------------------------
	 #1 (8.8481e-03, 1.2847e-01): lin 1 (0.0e+00)
Composition correction applied in 2 block(s)
	 #2 (1.9316e-03, 4.8651e-06): lin 1 (0.0e+00)
Composition correction applied in 2 block(s)
-------------------------------------------------------------------------------------------------------------
 T = 21.227, DT = 0.1, NI = 2, LI = 2, RES = 1.4e-06 (5.7e-05), CFL=0.122 (ELAPSED 00:00:02, REMAINING 00:00:03 )
-------------------------------------------------------------------------------------------------------------
	 #1 (8.5323e-03, 1.9398e-01): lin 1 (0.0e+00)
Composition correction applied in 2 block(s)
-------------------------------------------------------------------------------------------------------------
 T = 21.327, DT = 0.1, NI = 1, LI = 1, RES = 9.4e-05 (2.6e-04), CFL=0.144 (ELAPSED 00:00:02, REMAINING 00:00:03 )
-------------------------------------------------------------------------------------------------------------
	 #1 (9.8965e-03, 3.1880e-01): lin 1 (0.0e+00)
Composition correction applied in 2 block(s)
-------------------------------------------------------------------------------------------------------------
 T = 21.427, DT = 0.1, NI = 1, LI = 1, RES = 3.8e-05 (1.6e-04), CFL=0.147 (ELAPSED 00:00:02, REMAINING 00:00:03 )
-------------------------------------------------------------------------------------------------------------
	 #1 (1.0671e-02, 1.7830e-01): lin 1 (0.0e+00)
Composition correction applied in 2 block(s)
-------------------------------------------------------------------------------------------------------------
 T = 21.527, DT = 0.1, NI = 1, LI = 1, RES = 5.6e-04 (5.9e-05), CFL=0.149 (ELAPSED 00:00:02, REMAINING 00:00:03 )
-------------------------------------------------------------------------------------------------------------
	 #1 (1.1489e-02, 8.2188e-02): lin 1 (0.0e+00)
Composition correction applied in 2 block(s)
-------------------------------------------------------------------------------------------------------------
 T = 21.627, DT = 0.1, NI = 1, LI = 1, RES = 5.7e-05 (8.3e-07), CFL=0.141 (ELAPSED 00:00:02, REMAINING 00:00:03 )
-------------------------------------------------------------------------------------------------------------
	 #1 (1.1826e-02, 1.9518e-02): lin 1 (0.0e+00)
Composition correction applied in 2 block(s)
-------------------------------------------------------------------------------------------------------------
 T = 21.727, DT = 0.1, NI = 1, LI = 1, RES = 9.2e-05 (1.2e-05), CFL=0.133 (ELAPSED 00:00:02, REMAINING 00:00:03 )
-------------------------------------------------------------------------------------------------------------
	 #1 (1.2130e-02, 7.2464e-02): lin 1 (0.0e+00)
Composition correction applied in 2 block(s)
-------------------------------------------------------------------------------------------------------------
 T = 21.827, DT = 0.1, NI = 1, LI = 1, RES = 2.0e-04 (8.7e-06), CFL=0.125 (ELAPSED 00:00:02, REMAINING 00:00:03 )
-------------------------------------------------------------------------------------------------------------
	 #1 (1.2376e-02, 1.0290e-01): lin 1 (0.0e+00)
Composition correction applied in 2 block(s)
-------------------------------------------------------------------------------------------------------------
 T = 21.927, DT = 0.1, NI = 1, LI = 1, RES = 5.1e-05 (7.7e-06), CFL=0.116 (ELAPSED 00:00:02, REMAINING 00:00:03 )
-------------------------------------------------------------------------------------------------------------
	 #1 (1.2393e-02, 1.2621e-01): lin 1 (0.0e+00)
Composition correction applied in 2 block(s)
-------------------------------------------------------------------------------------------------------------
 T = 22.027, DT = 0.1, NI = 1, LI = 1, RES = 3.4e-05 (1.8e-05), CFL=0.109 (ELAPSED 00:00:02, REMAINING 00:00:03 )
-------------------------------------------------------------------------------------------------------------
	 #1 (1.2366e-02, 1.2904e-01): lin 1 (0.0e+00)
Composition correction applied in 2 block(s)
-------------------------------------------------------------------------------------------------------------
 T = 22.127, DT = 0.1, NI = 1, LI = 1, RES = 3.4e-05 (1.5e-05), CFL=0.102 (ELAPSED 00:00:02, REMAINING 00:00:03 )
-------------------------------------------------------------------------------------------------------------
	 #1 (1.2262e-02, 1.2358e-01): lin 1 (0.0e+00)
Composition correction applied in 2 block(s)
-------------------------------------------------------------------------------------------------------------
 T = 22.227, DT = 0.1, NI = 1, LI = 1, RES = 2.9e-05 (1.8e-05), CFL=0.096 (ELAPSED 00:00:02, REMAINING 00:00:03 )
-------------------------------------------------------------------------------------------------------------
	 #1 (1.2118e-02, 1.1377e-01): lin 1 (0.0e+00)
Composition correction applied in 2 block(s)
-------------------------------------------------------------------------------------------------------------
 T = 22.327, DT = 0.1, NI = 1, LI = 1, RES = 1.6e-04 (8.0e-06), CFL=0.091 (ELAPSED 00:00:02, REMAINING 00:00:03 )
-------------------------------------------------------------------------------------------------------------
	 #1 (1.2026e-02, 1.0218e-01): lin 1 (0.0e+00)
Composition correction applied in 2 block(s)
-------------------------------------------------------------------------------------------------------------
 T = 22.427, DT = 0.1, NI = 1, LI = 1, RES = 5.3e-05 (1.6e-05), CFL=0.087 (ELAPSED 00:00:02, REMAINING 00:00:03 )
-------------------------------------------------------------------------------------------------------------
	 #1 (1.1786e-02, 9.1766e-02): lin 1 (0.0e+00)
Composition correction applied in 2 block(s)
-------------------------------------------------------------------------------------------------------------
 T = 22.527, DT = 0.1, NI = 1, LI = 1, RES = 2.5e-05 (1.6e-05), CFL=0.083 (ELAPSED 00:00:02, REMAINING 00:00:03 )
-------------------------------------------------------------------------------------------------------------
	 #1 (1.1625e-02, 8.1068e-02): lin 1 (0.0e+00)
Composition correction applied in 2 block(s)
	 #2 (1.9537e-03, 1.0347e-05): lin 1 (0.0e+00)
Composition correction applied in 2 block(s)
-------------------------------------------------------------------------------------------------------------
 T = 22.627, DT = 0.1, NI = 2, LI = 2, RES = 2.8e-06 (5.0e-05), CFL=0.090 (ELAPSED 00:00:02, REMAINING 00:00:03 )
-------------------------------------------------------------------------------------------------------------
	 #1 (9.9420e-03, 2.6223e-02): lin 1 (0.0e+00)
Composition correction applied in 2 block(s)
-------------------------------------------------------------------------------------------------------------
 T = 22.727, DT = 0.1, NI = 1, LI = 1, RES = 3.3e-04 (8.0e-05), CFL=0.103 (ELAPSED 00:00:02, REMAINING 00:00:03 )
-------------------------------------------------------------------------------------------------------------
	 #1 (8.4082e-03, 1.3313e-01): lin 1 (0.0e+00)
Composition correction applied in 2 block(s)
-------------------------------------------------------------------------------------------------------------
 T = 22.827, DT = 0.1, NI = 1, LI = 1, RES = 3.7e-04 (2.1e-06), CFL=0.108 (ELAPSED 00:00:02, REMAINING 00:00:03 )
-------------------------------------------------------------------------------------------------------------
	 #1 (8.4000e-03, 1.0828e-01): lin 1 (0.0e+00)
Composition correction applied in 2 block(s)
	 #2 (4.5248e-03, 7.0584e-06): lin 1 (0.0e+00)
Composition correction applied in 2 block(s)
-------------------------------------------------------------------------------------------------------------
 T = 22.927, DT = 0.1, NI = 2, LI = 2, RES = 8.2e-06 (2.0e-04), CFL=0.135 (ELAPSED 00:00:03, REMAINING 00:00:03 )
-------------------------------------------------------------------------------------------------------------
	 #1 (8.7278e-03, 2.7463e-01): lin 1 (0.0e+00)
Composition correction applied in 2 block(s)
-------------------------------------------------------------------------------------------------------------
 T = 23.027, DT = 0.1, NI = 1, LI = 1, RES = 3.9e-05 (8.9e-05), CFL=0.145 (ELAPSED 00:00:03, REMAINING 00:00:03 )
-------------------------------------------------------------------------------------------------------------
	 #1 (9.7911e-03, 2.1868e-01): lin 1 (0.0e+00)
Composition correction applied in 2 block(s)
-------------------------------------------------------------------------------------------------------------
 T = 23.127, DT = 0.1, NI = 1, LI = 1, RES = 7.3e-05 (8.7e-05), CFL=0.145 (ELAPSED 00:00:03, REMAINING 00:00:03 )
-------------------------------------------------------------------------------------------------------------
	 #1 (1.0394e-02, 1.1908e-01): lin 1 (0.0e+00)
Composition correction applied in 2 block(s)
	 #2 (1.0616e-03, 1.7127e-05): lin 1 (0.0e+00)
Composition correction applied in 2 block(s)
-------------------------------------------------------------------------------------------------------------
 T = 23.227, DT = 0.1, NI = 2, LI = 2, RES = 2.0e-06 (7.0e-06), CFL=0.140 (ELAPSED 00:00:03, REMAINING 00:00:03 )
-------------------------------------------------------------------------------------------------------------
	 #1 (1.1043e-02, 2.3246e-02): lin 1 (0.0e+00)
Composition correction applied in 2 block(s)
-------------------------------------------------------------------------------------------------------------
 T = 23.327, DT = 0.1, NI = 1, LI = 1, RES = 7.1e-05 (4.7e-06), CFL=0.133 (ELAPSED 00:00:03, REMAINING 00:00:03 )
-------------------------------------------------------------------------------------------------------------
	 #1 (1.1484e-02, 3.7798e-02): lin 1 (0.0e+00)
Composition correction applied in 2 block(s)
-------------------------------------------------------------------------------------------------------------
 T = 23.427, DT = 0.1, NI = 1, LI = 1, RES = 4.7e-05 (9.7e-06), CFL=0.125 (ELAPSED 00:00:03, REMAINING 00:00:03 )
-------------------------------------------------------------------------------------------------------------
	 #1 (1.1729e-02, 7.6845e-02): lin 1 (0.0e+00)
Composition correction applied in 2 block(s)
-------------------------------------------------------------------------------------------------------------
 T = 23.527, DT = 0.1, NI = 1, LI = 1, RES = 4.2e-04 (3.6e-06), CFL=0.118 (ELAPSED 00:00:03, REMAINING 00:00:03 )
-------------------------------------------------------------------------------------------------------------
	 #1 (1.2056e-02, 9.7831e-02): lin 1 (0.0e+00)
Composition correction applied in 2 block(s)
-------------------------------------------------------------------------------------------------------------
 T = 23.627, DT = 0.1, NI = 1, LI = 1, RES = 7.2e-05 (2.7e-05), CFL=0.110 (ELAPSED 00:00:03, REMAINING 00:00:03 )
-------------------------------------------------------------------------------------------------------------
	 #1 (1.1920e-02, 1.1487e-01): lin 1 (0.0e+00)
Composition correction applied in 2 block(s)
-------------------------------------------------------------------------------------------------------------
 T = 23.727, DT = 0.1, NI = 1, LI = 1, RES = 3.1e-05 (1.0e-05), CFL=0.103 (ELAPSED 00:00:03, REMAINING 00:00:03 )
-------------------------------------------------------------------------------------------------------------
	 #1 (1.1871e-02, 1.1449e-01): lin 1 (0.0e+00)
Composition correction applied in 2 block(s)
-------------------------------------------------------------------------------------------------------------
 T = 23.827, DT = 0.1, NI = 1, LI = 1, RES = 5.2e-05 (1.5e-05), CFL=0.097 (ELAPSED 00:00:03, REMAINING 00:00:03 )
-------------------------------------------------------------------------------------------------------------
	 #1 (1.1761e-02, 1.0861e-01): lin 1 (0.0e+00)
Composition correction applied in 2 block(s)
-------------------------------------------------------------------------------------------------------------
 T = 23.927, DT = 0.1, NI = 1, LI = 1, RES = 6.6e-05 (1.7e-05), CFL=0.092 (ELAPSED 00:00:03, REMAINING 00:00:03 )
-------------------------------------------------------------------------------------------------------------
	 #1 (1.1644e-02, 9.9587e-02): lin 1 (0.0e+00)
Composition correction applied in 2 block(s)
-------------------------------------------------------------------------------------------------------------
 T = 24.027, DT = 0.1, NI = 1, LI = 1, RES = 3.5e-05 (1.5e-05), CFL=0.087 (ELAPSED 00:00:03, REMAINING 00:00:03 )
-------------------------------------------------------------------------------------------------------------
	 #1 (1.1469e-02, 9.1148e-02): lin 1 (0.0e+00)
Composition correction applied in 2 block(s)
-------------------------------------------------------------------------------------------------------------
 T = 24.127, DT = 0.1, NI = 1, LI = 1, RES = 2.0e-05 (1.5e-05), CFL=0.083 (ELAPSED 00:00:03, REMAINING 00:00:03 )
-------------------------------------------------------------------------------------------------------------
	 #1 (1.1313e-02, 8.1208e-02): lin 1 (0.0e+00)
Composition correction applied in 2 block(s)
-------------------------------------------------------------------------------------------------------------
 T = 24.227, DT = 0.1, NI = 1, LI = 1, RES = 8.0e-05 (8.9e-06), CFL=0.082 (ELAPSED 00:00:03, REMAINING 00:00:03 )
-------------------------------------------------------------------------------------------------------------
	 #1 (1.1151e-02, 7.1417e-02): lin 1 (0.0e+00)
Composition correction applied in 2 block(s)
-------------------------------------------------------------------------------------------------------------
 T = 24.327, DT = 0.1, NI = 1, LI = 1, RES = 2.9e-04 (1.7e-04), CFL=0.101 (ELAPSED 00:00:03, REMAINING 00:00:03 )
-------------------------------------------------------------------------------------------------------------
	 #1 (8.0401e-03, 1.3163e-01): lin 1 (0.0e+00)
Composition correction applied in 2 block(s)
-------------------------------------------------------------------------------------------------------------
 T = 24.427, DT = 0.1, NI = 1, LI = 1, RES = 3.5e-04 (6.0e-06), CFL=0.106 (ELAPSED 00:00:03, REMAINING 00:00:03 )
-------------------------------------------------------------------------------------------------------------
	 #1 (8.0801e-03, 1.0348e-01): lin 1 (0.0e+00)
Composition correction applied in 2 block(s)
	 #2 (2.1922e-03, 1.7743e-05): lin 1 (0.0e+00)
Composition correction applied in 2 block(s)
-------------------------------------------------------------------------------------------------------------
 T = 24.527, DT = 0.1, NI = 2, LI = 2, RES = 1.6e-06 (3.6e-05), CFL=0.120 (ELAPSED 00:00:03, REMAINING 00:00:03 )
-------------------------------------------------------------------------------------------------------------
	 #1 (7.7869e-03, 1.7112e-01): lin 1 (0.0e+00)
Composition correction applied in 2 block(s)
-------------------------------------------------------------------------------------------------------------
 T = 24.627, DT = 0.1, NI = 1, LI = 1, RES = 7.0e-05 (1.4e-04), CFL=0.138 (ELAPSED 00:00:03, REMAINING 00:00:03 )
-------------------------------------------------------------------------------------------------------------
	 #1 (8.9951e-03, 2.4478e-01): lin 1 (0.0e+00)
Composition correction applied in 2 block(s)
-------------------------------------------------------------------------------------------------------------
 T = 24.727, DT = 0.1, NI = 1, LI = 1, RES = 5.1e-05 (1.1e-04), CFL=0.140 (ELAPSED 00:00:03, REMAINING 00:00:03 )
-------------------------------------------------------------------------------------------------------------
	 #1 (9.7000e-03, 1.4427e-01): lin 1 (0.0e+00)
Composition correction applied in 2 block(s)
-------------------------------------------------------------------------------------------------------------
 T = 24.827, DT = 0.1, NI = 1, LI = 1, RES = 5.1e-04 (6.8e-07), CFL=0.139 (ELAPSED 00:00:03, REMAINING 00:00:03 )
-------------------------------------------------------------------------------------------------------------
	 #1 (1.0486e-02, 7.1136e-02): lin 1 (0.0e+00)
Composition correction applied in 2 block(s)
-------------------------------------------------------------------------------------------------------------
 T = 24.927, DT = 0.1, NI = 1, LI = 1, RES = 5.3e-05 (4.5e-06), CFL=0.133 (ELAPSED 00:00:03, REMAINING 00:00:03 )
-------------------------------------------------------------------------------------------------------------
	 #1 (1.0861e-02, 9.1838e-03): lin 1 (0.0e+00)
Composition correction applied in 2 block(s)
-------------------------------------------------------------------------------------------------------------
 T = 25.027, DT = 0.1, NI = 1, LI = 1, RES = 9.4e-05 (7.1e-06), CFL=0.126 (ELAPSED 00:00:03, REMAINING 00:00:03 )
-------------------------------------------------------------------------------------------------------------
	 #1 (1.1200e-02, 5.3848e-02): lin 1 (0.0e+00)
Composition correction applied in 2 block(s)
-------------------------------------------------------------------------------------------------------------
 T = 25.127, DT = 0.1, NI = 1, LI = 1, RES = 1.7e-04 (2.9e-05), CFL=0.118 (ELAPSED 00:00:03, REMAINING 00:00:03 )
-------------------------------------------------------------------------------------------------------------
	 #1 (1.1463e-02, 8.0986e-02): lin 1 (0.0e+00)
Composition correction applied in 2 block(s)
-------------------------------------------------------------------------------------------------------------
 T = 25.227, DT = 0.1, NI = 1, LI = 1, RES = 5.5e-05 (2.9e-05), CFL=0.111 (ELAPSED 00:00:03, REMAINING 00:00:03 )
-------------------------------------------------------------------------------------------------------------
	 #1 (1.1533e-02, 1.0240e-01): lin 1 (0.0e+00)
Composition correction applied in 2 block(s)
-------------------------------------------------------------------------------------------------------------
 T = 25.327, DT = 0.1, NI = 1, LI = 1, RES = 3.1e-05 (5.5e-06), CFL=0.104 (ELAPSED 00:00:03, REMAINING 00:00:03 )
-------------------------------------------------------------------------------------------------------------
	 #1 (1.1536e-02, 1.0708e-01): lin 1 (0.0e+00)
Composition correction applied in 2 block(s)
-------------------------------------------------------------------------------------------------------------
 T = 25.427, DT = 0.1, NI = 1, LI = 1, RES = 3.6e-05 (1.2e-05), CFL=0.098 (ELAPSED 00:00:03, REMAINING 00:00:03 )
-------------------------------------------------------------------------------------------------------------
	 #1 (1.1456e-02, 1.0427e-01): lin 1 (0.0e+00)
Composition correction applied in 2 block(s)
-------------------------------------------------------------------------------------------------------------
 T = 25.527, DT = 0.1, NI = 1, LI = 1, RES = 2.5e-05 (8.1e-06), CFL=0.095 (ELAPSED 00:00:03, REMAINING 00:00:03 )
-------------------------------------------------------------------------------------------------------------
	 #1 (1.1328e-02, 9.7246e-02): lin 1 (0.0e+00)
Composition correction applied in 2 block(s)
-------------------------------------------------------------------------------------------------------------
 T = 25.627, DT = 0.1, NI = 1, LI = 1, RES = 1.3e-04 (7.1e-06), CFL=0.090 (ELAPSED 00:00:03, REMAINING 00:00:03 )
-------------------------------------------------------------------------------------------------------------
	 #1 (1.1234e-02, 8.8282e-02): lin 1 (0.0e+00)
Composition correction applied in 2 block(s)
-------------------------------------------------------------------------------------------------------------
 T = 25.727, DT = 0.1, NI = 1, LI = 1, RES = 5.7e-05 (1.4e-05), CFL=0.086 (ELAPSED 00:00:03, REMAINING 00:00:03 )
-------------------------------------------------------------------------------------------------------------
	 #1 (1.1018e-02, 7.9988e-02): lin 1 (0.0e+00)
Composition correction applied in 2 block(s)
-------------------------------------------------------------------------------------------------------------
 T = 25.827, DT = 0.1, NI = 1, LI = 1, RES = 2.1e-05 (1.4e-05), CFL=0.082 (ELAPSED 00:00:03, REMAINING 00:00:03 )
-------------------------------------------------------------------------------------------------------------
	 #1 (1.0864e-02, 7.1123e-02): lin 1 (0.0e+00)
Composition correction applied in 2 block(s)
	 #2 (2.6671e-03, 1.2982e-05): lin 1 (0.0e+00)
Composition correction applied in 2 block(s)
-------------------------------------------------------------------------------------------------------------
 T = 25.927, DT = 0.1, NI = 2, LI = 2, RES = 5.8e-06 (8.7e-05), CFL=0.092 (ELAPSED 00:00:03, REMAINING 00:00:03 )
-------------------------------------------------------------------------------------------------------------
	 #1 (8.6581e-03, 5.2159e-02): lin 1 (0.0e+00)
Composition correction applied in 2 block(s)
-------------------------------------------------------------------------------------------------------------
 T = 26.027, DT = 0.1, NI = 1, LI = 1, RES = 3.1e-04 (4.8e-05), CFL=0.102 (ELAPSED 00:00:03, REMAINING 00:00:03 )
-------------------------------------------------------------------------------------------------------------
	 #1 (7.7716e-03, 9.9696e-02): lin 1 (0.0e+00)
Composition correction applied in 2 block(s)
-------------------------------------------------------------------------------------------------------------
 T = 26.127, DT = 0.1, NI = 1, LI = 1, RES = 3.3e-04 (1.8e-05), CFL=0.106 (ELAPSED 00:00:03, REMAINING 00:00:03 )
-------------------------------------------------------------------------------------------------------------
	 #1 (7.7426e-03, 8.5188e-02): lin 1 (0.0e+00)
Composition correction applied in 2 block(s)
	 #2 (4.8096e-03, 1.3511e-05): lin 1 (0.0e+00)
Composition correction applied in 2 block(s)
-------------------------------------------------------------------------------------------------------------
 T = 26.227, DT = 0.1, NI = 2, LI = 2, RES = 8.5e-06 (1.9e-04), CFL=0.129 (ELAPSED 00:00:03, REMAINING 00:00:03 )
-------------------------------------------------------------------------------------------------------------
	 #1 (8.2663e-03, 2.4012e-01): lin 1 (0.0e+00)
Composition correction applied in 2 block(s)
-------------------------------------------------------------------------------------------------------------
 T = 26.327, DT = 0.1, NI = 1, LI = 1, RES = 2.3e-05 (9.9e-05), CFL=0.135 (ELAPSED 00:00:03, REMAINING 00:00:02 )
-------------------------------------------------------------------------------------------------------------
	 #1 (9.0229e-03, 1.6600e-01): lin 1 (0.0e+00)
Composition correction applied in 2 block(s)
-------------------------------------------------------------------------------------------------------------
 T = 26.427, DT = 0.1, NI = 1, LI = 1, RES = 4.6e-05 (5.9e-05), CFL=0.136 (ELAPSED 00:00:03, REMAINING 00:00:02 )
-------------------------------------------------------------------------------------------------------------
	 #1 (9.5717e-03, 9.3931e-02): lin 1 (0.0e+00)
Composition correction applied in 2 block(s)
	 #2 (1.0503e-03, 1.8775e-05): lin 1 (0.0e+00)
Composition correction applied in 2 block(s)
-------------------------------------------------------------------------------------------------------------
 T = 26.527, DT = 0.1, NI = 2, LI = 2, RES = 2.0e-06 (6.2e-06), CFL=0.131 (ELAPSED 00:00:03, REMAINING 00:00:02 )
-------------------------------------------------------------------------------------------------------------
	 #1 (1.0226e-02, 1.8375e-02): lin 1 (0.0e+00)
Composition correction applied in 2 block(s)
-------------------------------------------------------------------------------------------------------------
 T = 26.627, DT = 0.1, NI = 1, LI = 1, RES = 7.8e-05 (1.9e-06), CFL=0.125 (ELAPSED 00:00:03, REMAINING 00:00:02 )
-------------------------------------------------------------------------------------------------------------
	 #1 (1.0668e-02, 2.9920e-02): lin 1 (0.0e+00)
Composition correction applied in 2 block(s)
-------------------------------------------------------------------------------------------------------------
 T = 26.727, DT = 0.1, NI = 1, LI = 1, RES = 4.3e-05 (6.2e-06), CFL=0.118 (ELAPSED 00:00:03, REMAINING 00:00:02 )
-------------------------------------------------------------------------------------------------------------
	 #1 (1.0930e-02, 6.2222e-02): lin 1 (0.0e+00)
Composition correction applied in 2 block(s)
-------------------------------------------------------------------------------------------------------------
 T = 26.827, DT = 0.1, NI = 1, LI = 1, RES = 4.1e-04 (2.3e-06), CFL=0.112 (ELAPSED 00:00:03, REMAINING 00:00:02 )
-------------------------------------------------------------------------------------------------------------
	 #1 (1.1273e-02, 8.0523e-02): lin 1 (0.0e+00)
Composition correction applied in 2 block(s)
-------------------------------------------------------------------------------------------------------------
 T = 26.927, DT = 0.1, NI = 1, LI = 1, RES = 3.6e-05 (2.4e-05), CFL=0.108 (ELAPSED 00:00:03, REMAINING 00:00:02 )
-------------------------------------------------------------------------------------------------------------
	 #1 (1.1164e-02, 9.5727e-02): lin 1 (0.0e+00)
Composition correction applied in 2 block(s)
-------------------------------------------------------------------------------------------------------------
 T = 27.027, DT = 0.1, NI = 1, LI = 1, RES = 2.7e-05 (7.8e-06), CFL=0.101 (ELAPSED 00:00:03, REMAINING 00:00:02 )
-------------------------------------------------------------------------------------------------------------
	 #1 (1.1133e-02, 9.6663e-02): lin 1 (0.0e+00)
Composition correction applied in 2 block(s)
-------------------------------------------------------------------------------------------------------------
 T = 27.127, DT = 0.1, NI = 1, LI = 1, RES = 6.1e-05 (1.2e-05), CFL=0.096 (ELAPSED 00:00:03, REMAINING 00:00:02 )
-------------------------------------------------------------------------------------------------------------
	 #1 (1.1038e-02, 9.2726e-02): lin 1 (0.0e+00)
Composition correction applied in 2 block(s)
-------------------------------------------------------------------------------------------------------------
 T = 27.227, DT = 0.1, NI = 1, LI = 1, RES = 5.8e-05 (1.3e-05), CFL=0.091 (ELAPSED 00:00:03, REMAINING 00:00:02 )
-------------------------------------------------------------------------------------------------------------
	 #1 (1.0928e-02, 8.5834e-02): lin 1 (0.0e+00)
Composition correction applied in 2 block(s)
-------------------------------------------------------------------------------------------------------------
 T = 27.327, DT = 0.1, NI = 1, LI = 1, RES = 4.2e-05 (8.4e-06), CFL=0.086 (ELAPSED 00:00:03, REMAINING 00:00:02 )
-------------------------------------------------------------------------------------------------------------
	 #1 (1.0767e-02, 7.9111e-02): lin 1 (0.0e+00)
Composition correction applied in 2 block(s)
-------------------------------------------------------------------------------------------------------------
 T = 27.427, DT = 0.1, NI = 1, LI = 1, RES = 2.0e-05 (1.3e-05), CFL=0.082 (ELAPSED 00:00:03, REMAINING 00:00:02 )
-------------------------------------------------------------------------------------------------------------
	 #1 (1.0617e-02, 7.0994e-02): lin 1 (0.0e+00)
Composition correction applied in 2 block(s)
	 #2 (1.0970e-03, 1.2580e-05): lin 1 (0.0e+00)
Composition correction applied in 2 block(s)
-------------------------------------------------------------------------------------------------------------
 T = 27.527, DT = 0.1, NI = 2, LI = 2, RES = 1.0e-06 (2.8e-05), CFL=0.084 (ELAPSED 00:00:03, REMAINING 00:00:02 )
-------------------------------------------------------------------------------------------------------------
	 #1 (9.5439e-03, 1.8216e-02): lin 1 (0.0e+00)
Composition correction applied in 2 block(s)
-------------------------------------------------------------------------------------------------------------
 T = 27.627, DT = 0.1, NI = 1, LI = 1, RES = 2.7e-04 (7.9e-05), CFL=0.097 (ELAPSED 00:00:03, REMAINING 00:00:02 )
-------------------------------------------------------------------------------------------------------------
	 #1 (7.4800e-03, 9.7293e-02): lin 1 (0.0e+00)
Composition correction applied in 2 block(s)
-------------------------------------------------------------------------------------------------------------
 T = 27.727, DT = 0.1, NI = 1, LI = 1, RES = 3.2e-04 (1.9e-05), CFL=0.102 (ELAPSED 00:00:03, REMAINING 00:00:02 )
-------------------------------------------------------------------------------------------------------------
	 #1 (7.4835e-03, 8.1011e-02): lin 1 (0.0e+00)
Composition correction applied in 2 block(s)
	 #2 (3.0361e-03, 1.2883e-05): lin 1 (0.0e+00)
Composition correction applied in 2 block(s)
-------------------------------------------------------------------------------------------------------------
 T = 27.827, DT = 0.1, NI = 2, LI = 2, RES = 2.9e-06 (6.4e-05), CFL=0.118 (ELAPSED 00:00:03, REMAINING 00:00:02 )
-------------------------------------------------------------------------------------------------------------
	 #1 (7.3301e-03, 1.6938e-01): lin 1 (0.0e+00)
Composition correction applied in 2 block(s)
-------------------------------------------------------------------------------------------------------------
 T = 27.927, DT = 0.1, NI = 1, LI = 1, RES = 4.4e-05 (1.1e-05), CFL=0.130 (ELAPSED 00:00:03, REMAINING 00:00:02 )
-------------------------------------------------------------------------------------------------------------
	 #1 (8.3973e-03, 1.8156e-01): lin 1 (0.0e+00)
Composition correction applied in 2 block(s)
-------------------------------------------------------------------------------------------------------------
 T = 28.027, DT = 0.1, NI = 1, LI = 1, RES = 5.7e-05 (7.0e-05), CFL=0.132 (ELAPSED 00:00:03, REMAINING 00:00:02 )
-------------------------------------------------------------------------------------------------------------
	 #1 (9.0133e-03, 1.0978e-01): lin 1 (0.0e+00)
Composition correction applied in 2 block(s)
-------------------------------------------------------------------------------------------------------------
 T = 28.127, DT = 0.1, NI = 1, LI = 1, RES = 6.2e-04 (3.2e-05), CFL=0.131 (ELAPSED 00:00:03, REMAINING 00:00:02 )
-------------------------------------------------------------------------------------------------------------
	 #1 (9.8436e-03, 5.4362e-02): lin 1 (0.0e+00)
Composition correction applied in 2 block(s)
-------------------------------------------------------------------------------------------------------------
 T = 28.227, DT = 0.1, NI = 1, LI = 1, RES = 5.7e-05 (3.4e-06), CFL=0.125 (ELAPSED 00:00:03, REMAINING 00:00:02 )
-------------------------------------------------------------------------------------------------------------
	 #1 (1.0150e-02, 1.0017e-02): lin 1 (0.0e+00)
Composition correction applied in 2 block(s)
-------------------------------------------------------------------------------------------------------------
 T = 28.327, DT = 0.1, NI = 1, LI = 1, RES = 4.5e-05 (4.3e-06), CFL=0.122 (ELAPSED 00:00:03, REMAINING 00:00:02 )
-------------------------------------------------------------------------------------------------------------
	 #1 (1.0486e-02, 4.5494e-02): lin 1 (0.0e+00)
Composition correction applied in 2 block(s)
-------------------------------------------------------------------------------------------------------------
 T = 28.427, DT = 0.1, NI = 1, LI = 1, RES = 2.0e-04 (3.9e-06), CFL=0.116 (ELAPSED 00:00:03, REMAINING 00:00:02 )
-------------------------------------------------------------------------------------------------------------
	 #1 (1.0780e-02, 6.7917e-02): lin 1 (0.0e+00)
Composition correction applied in 2 block(s)
-------------------------------------------------------------------------------------------------------------
 T = 28.527, DT = 0.1, NI = 1, LI = 1, RES = 6.2e-05 (4.4e-06), CFL=0.109 (ELAPSED 00:00:03, REMAINING 00:00:02 )
-------------------------------------------------------------------------------------------------------------
	 #1 (1.0844e-02, 8.6178e-02): lin 1 (0.0e+00)
Composition correction applied in 2 block(s)
-------------------------------------------------------------------------------------------------------------
 T = 28.627, DT = 0.1, NI = 1, LI = 1, RES = 2.8e-05 (4.6e-06), CFL=0.102 (ELAPSED 00:00:03, REMAINING 00:00:02 )
-------------------------------------------------------------------------------------------------------------
	 #1 (1.0859e-02, 9.0759e-02): lin 1 (0.0e+00)
Composition correction applied in 2 block(s)
-------------------------------------------------------------------------------------------------------------
 T = 28.727, DT = 0.1, NI = 1, LI = 1, RES = 4.6e-05 (1.0e-05), CFL=0.096 (ELAPSED 00:00:03, REMAINING 00:00:02 )
-------------------------------------------------------------------------------------------------------------
	 #1 (1.0793e-02, 8.9115e-02): lin 1 (0.0e+00)
Composition correction applied in 2 block(s)
-------------------------------------------------------------------------------------------------------------
 T = 28.827, DT = 0.1, NI = 1, LI = 1, RES = 2.3e-05 (1.2e-05), CFL=0.091 (ELAPSED 00:00:03, REMAINING 00:00:02 )
-------------------------------------------------------------------------------------------------------------
	 #1 (1.0674e-02, 8.3819e-02): lin 1 (0.0e+00)
Composition correction applied in 2 block(s)
-------------------------------------------------------------------------------------------------------------
 T = 28.927, DT = 0.1, NI = 1, LI = 1, RES = 1.4e-04 (1.2e-05), CFL=0.087 (ELAPSED 00:00:03, REMAINING 00:00:02 )
-------------------------------------------------------------------------------------------------------------
	 #1 (1.0588e-02, 7.6655e-02): lin 1 (0.0e+00)
Composition correction applied in 2 block(s)
-------------------------------------------------------------------------------------------------------------
 T = 29.027, DT = 0.1, NI = 1, LI = 1, RES = 1.9e-05 (1.2e-05), CFL=0.082 (ELAPSED 00:00:03, REMAINING 00:00:02 )
-------------------------------------------------------------------------------------------------------------
	 #1 (1.0380e-02, 6.9812e-02): lin 1 (0.0e+00)
Composition correction applied in 2 block(s)
-------------------------------------------------------------------------------------------------------------
 T = 29.127, DT = 0.1, NI = 1, LI = 1, RES = 1.8e-05 (1.2e-05), CFL=0.079 (ELAPSED 00:00:03, REMAINING 00:00:02 )
-------------------------------------------------------------------------------------------------------------
	 #1 (1.0230e-02, 6.2414e-02): lin 1 (0.0e+00)
Composition correction applied in 2 block(s)
	 #2 (3.8570e-03, 8.3439e-06): lin 1 (0.0e+00)
Composition correction applied in 2 block(s)
-------------------------------------------------------------------------------------------------------------
 T = 29.227, DT = 0.1, NI = 2, LI = 2, RES = 1.4e-05 (1.8e-04), CFL=0.094 (ELAPSED 00:00:03, REMAINING 00:00:02 )
-------------------------------------------------------------------------------------------------------------
	 #1 (7.2971e-03, 8.9538e-02): lin 1 (0.0e+00)
Composition correction applied in 2 block(s)
-------------------------------------------------------------------------------------------------------------
 T = 29.327, DT = 0.1, NI = 1, LI = 1, RES = 3.1e-04 (1.8e-05), CFL=0.099 (ELAPSED 00:00:03, REMAINING 00:00:02 )
-------------------------------------------------------------------------------------------------------------
	 #1 (7.2778e-03, 7.3792e-02): lin 1 (0.0e+00)
Composition correction applied in 2 block(s)
	 #2 (1.2899e-03, 7.4126e-06): lin 1 (0.0e+00)
Composition correction applied in 2 block(s)
-------------------------------------------------------------------------------------------------------------
 T = 29.427, DT = 0.1, NI = 2, LI = 2, RES = 6.4e-07 (4.1e-06), CFL=0.107 (ELAPSED 00:00:03, REMAINING 00:00:02 )
-------------------------------------------------------------------------------------------------------------
	 #1 (6.9665e-03, 1.0473e-01): lin 1 (0.0e+00)
Composition correction applied in 2 block(s)
-------------------------------------------------------------------------------------------------------------
 T = 29.527, DT = 0.1, NI = 1, LI = 1, RES = 6.6e-05 (1.3e-04), CFL=0.125 (ELAPSED 00:00:03, REMAINING 00:00:02 )
-------------------------------------------------------------------------------------------------------------
	 #1 (7.8254e-03, 1.9082e-01): lin 1 (0.0e+00)
Composition correction applied in 2 block(s)
-------------------------------------------------------------------------------------------------------------
 T = 29.627, DT = 0.1, NI = 1, LI = 1, RES = 3.6e-05 (7.8e-05), CFL=0.129 (ELAPSED 00:00:03, REMAINING 00:00:02 )
-------------------------------------------------------------------------------------------------------------
	 #1 (8.4919e-03, 1.2114e-01): lin 1 (0.0e+00)
Composition correction applied in 2 block(s)
-------------------------------------------------------------------------------------------------------------
 T = 29.727, DT = 0.1, NI = 1, LI = 1, RES = 2.2e-04 (3.8e-05), CFL=0.129 (ELAPSED 00:00:03, REMAINING 00:00:02 )
-------------------------------------------------------------------------------------------------------------
	 #1 (9.1095e-03, 6.7872e-02): lin 1 (0.0e+00)
Composition correction applied in 2 block(s)
-------------------------------------------------------------------------------------------------------------
 T = 29.827, DT = 0.1, NI = 1, LI = 1, RES = 5.3e-05 (1.2e-05), CFL=0.128 (ELAPSED 00:00:03, REMAINING 00:00:02 )
-------------------------------------------------------------------------------------------------------------
	 #1 (9.6498e-03, 8.8916e-03): lin 1 (0.0e+00)
Composition correction applied in 2 block(s)
-------------------------------------------------------------------------------------------------------------
 T = 29.927, DT = 0.1, NI = 1, LI = 1, RES = 8.7e-05 (1.6e-06), CFL=0.122 (ELAPSED 00:00:03, REMAINING 00:00:02 )
-------------------------------------------------------------------------------------------------------------
	 #1 (1.0058e-02, 2.9856e-02): lin 1 (0.0e+00)
Composition correction applied in 2 block(s)
-------------------------------------------------------------------------------------------------------------
 T = 30.027, DT = 0.1, NI = 1, LI = 1, RES = 5.0e-05 (3.8e-06), CFL=0.116 (ELAPSED 00:00:03, REMAINING 00:00:02 )
-------------------------------------------------------------------------------------------------------------
	 #1 (1.0319e-02, 5.5215e-02): lin 1 (0.0e+00)
Composition correction applied in 2 block(s)
-------------------------------------------------------------------------------------------------------------
 T = 30.127, DT = 0.1, NI = 1, LI = 1, RES = 5.0e-05 (5.2e-06), CFL=0.109 (ELAPSED 00:00:03, REMAINING 00:00:02 )
-------------------------------------------------------------------------------------------------------------
	 #1 (1.0526e-02, 7.5669e-02): lin 1 (0.0e+00)
Composition correction applied in 2 block(s)
-------------------------------------------------------------------------------------------------------------
 T = 30.227, DT = 0.1, NI = 1, LI = 1, RES = 2.9e-05 (2.4e-06), CFL=0.102 (ELAPSED 00:00:03, REMAINING 00:00:02 )
-------------------------------------------------------------------------------------------------------------
	 #1 (1.0587e-02, 8.3407e-02): lin 1 (0.0e+00)
Composition correction applied in 2 block(s)
-------------------------------------------------------------------------------------------------------------
 T = 30.327, DT = 0.1, NI = 1, LI = 1, RES = 3.5e-05 (1.2e-05), CFL=0.096 (ELAPSED 00:00:03, REMAINING 00:00:02 )
-------------------------------------------------------------------------------------------------------------
	 #1 (1.0550e-02, 8.3994e-02): lin 1 (0.0e+00)
Composition correction applied in 2 block(s)
-------------------------------------------------------------------------------------------------------------
 T = 30.427, DT = 0.1, NI = 1, LI = 1, RES = 2.1e-05 (7.6e-06), CFL=0.091 (ELAPSED 00:00:03, REMAINING 00:00:02 )
-------------------------------------------------------------------------------------------------------------
	 #1 (1.0451e-02, 8.0353e-02): lin 1 (0.0e+00)
Composition correction applied in 2 block(s)
-------------------------------------------------------------------------------------------------------------
 T = 30.527, DT = 0.1, NI = 1, LI = 1, RES = 8.1e-05 (1.2e-05), CFL=0.087 (ELAPSED 00:00:03, REMAINING 00:00:02 )
-------------------------------------------------------------------------------------------------------------
	 #1 (1.0352e-02, 7.4404e-02): lin 1 (0.0e+00)
Composition correction applied in 2 block(s)
-------------------------------------------------------------------------------------------------------------
 T = 30.627, DT = 0.1, NI = 1, LI = 1, RES = 5.4e-05 (1.1e-05), CFL=0.082 (ELAPSED 00:00:03, REMAINING 00:00:02 )
-------------------------------------------------------------------------------------------------------------
	 #1 (1.0179e-02, 6.8530e-02): lin 1 (0.0e+00)
Composition correction applied in 2 block(s)
-------------------------------------------------------------------------------------------------------------
 T = 30.727, DT = 0.1, NI = 1, LI = 1, RES = 1.8e-05 (1.1e-05), CFL=0.079 (ELAPSED 00:00:03, REMAINING 00:00:02 )
-------------------------------------------------------------------------------------------------------------
	 #1 (1.0032e-02, 6.1659e-02): lin 1 (0.0e+00)
Composition correction applied in 2 block(s)
	 #2 (2.5884e-03, 1.1186e-05): lin 1 (0.0e+00)
Composition correction applied in 2 block(s)
-------------------------------------------------------------------------------------------------------------
 T = 30.827, DT = 0.1, NI = 2, LI = 2, RES = 6.9e-06 (8.5e-05), CFL=0.088 (ELAPSED 00:00:03, REMAINING 00:00:02 )
-------------------------------------------------------------------------------------------------------------
	 #1 (7.8282e-03, 3.7445e-02): lin 1 (0.0e+00)
Composition correction applied in 2 block(s)
-------------------------------------------------------------------------------------------------------------
 T = 30.927, DT = 0.1, NI = 1, LI = 1, RES = 2.8e-04 (1.4e-05), CFL=0.095 (ELAPSED 00:00:03, REMAINING 00:00:02 )
-------------------------------------------------------------------------------------------------------------
	 #1 (7.0297e-03, 7.2450e-02): lin 1 (0.0e+00)
Composition correction applied in 2 block(s)
-------------------------------------------------------------------------------------------------------------
 T = 31.027, DT = 0.1, NI = 1, LI = 1, RES = 3.0e-04 (1.2e-05), CFL=0.099 (ELAPSED 00:00:03, REMAINING 00:00:02 )
-------------------------------------------------------------------------------------------------------------
	 #1 (6.9939e-03, 6.4128e-02): lin 1 (0.0e+00)
Composition correction applied in 2 block(s)
	 #2 (4.2574e-03, 8.3889e-06): lin 1 (0.0e+00)
Composition correction applied in 2 block(s)
-------------------------------------------------------------------------------------------------------------
 T = 31.127, DT = 0.1, NI = 2, LI = 2, RES = 6.4e-06 (1.1e-04), CFL=0.118 (ELAPSED 00:00:03, REMAINING 00:00:02 )
-------------------------------------------------------------------------------------------------------------
	 #1 (7.3156e-03, 1.7747e-01): lin 1 (0.0e+00)
Composition correction applied in 2 block(s)
-------------------------------------------------------------------------------------------------------------
 T = 31.227, DT = 0.1, NI = 1, LI = 1, RES = 2.0e-05 (6.1e-05), CFL=0.124 (ELAPSED 00:00:03, REMAINING 00:00:02 )
-------------------------------------------------------------------------------------------------------------
	 #1 (8.0064e-03, 1.3013e-01): lin 1 (0.0e+00)
Composition correction applied in 2 block(s)
-------------------------------------------------------------------------------------------------------------
 T = 31.327, DT = 0.1, NI = 1, LI = 1, RES = 2.6e-05 (4.3e-05), CFL=0.129 (ELAPSED 00:00:03, REMAINING 00:00:02 )
-------------------------------------------------------------------------------------------------------------
	 #1 (8.5305e-03, 7.8949e-02): lin 1 (0.0e+00)
Composition correction applied in 2 block(s)
-------------------------------------------------------------------------------------------------------------
 T = 31.427, DT = 0.1, NI = 1, LI = 1, RES = 8.5e-04 (2.1e-05), CFL=0.127 (ELAPSED 00:00:03, REMAINING 00:00:02 )
-------------------------------------------------------------------------------------------------------------
	 #1 (9.4663e-03, 3.6921e-02): lin 1 (0.0e+00)
Composition correction applied in 2 block(s)
-------------------------------------------------------------------------------------------------------------
 T = 31.527, DT = 0.1, NI = 1, LI = 1, RES = 6.5e-05 (4.0e-07), CFL=0.122 (ELAPSED 00:00:03, REMAINING 00:00:02 )
-------------------------------------------------------------------------------------------------------------
	 #1 (9.6296e-03, 1.5663e-02): lin 1 (0.0e+00)
Composition correction applied in 2 block(s)
-------------------------------------------------------------------------------------------------------------
 T = 31.627, DT = 0.1, NI = 1, LI = 1, RES = 4.1e-05 (2.6e-06), CFL=0.116 (ELAPSED 00:00:03, REMAINING 00:00:02 )
-------------------------------------------------------------------------------------------------------------
	 #1 (9.9380e-03, 4.2604e-02): lin 1 (0.0e+00)
Composition correction applied in 2 block(s)
-------------------------------------------------------------------------------------------------------------
 T = 31.727, DT = 0.1, NI = 1, LI = 1, RES = 2.9e-04 (2.0e-05), CFL=0.110 (ELAPSED 00:00:03, REMAINING 00:00:02 )
-------------------------------------------------------------------------------------------------------------
	 #1 (1.0270e-02, 6.0184e-02): lin 1 (0.0e+00)
Composition correction applied in 2 block(s)
-------------------------------------------------------------------------------------------------------------
 T = 31.827, DT = 0.1, NI = 1, LI = 1, RES = 3.1e-05 (2.0e-05), CFL=0.104 (ELAPSED 00:00:03, REMAINING 00:00:02 )
-------------------------------------------------------------------------------------------------------------
	 #1 (1.0282e-02, 7.4906e-02): lin 1 (0.0e+00)
Composition correction applied in 2 block(s)
-------------------------------------------------------------------------------------------------------------
 T = 31.927, DT = 0.1, NI = 1, LI = 1, RES = 2.6e-05 (4.9e-06), CFL=0.098 (ELAPSED 00:00:03, REMAINING 00:00:02 )
-------------------------------------------------------------------------------------------------------------
	 #1 (1.0296e-02, 7.8438e-02): lin 1 (0.0e+00)
Composition correction applied in 2 block(s)
-------------------------------------------------------------------------------------------------------------
 T = 32.027, DT = 0.1, NI = 1, LI = 1, RES = 5.9e-05 (9.6e-06), CFL=0.092 (ELAPSED 00:00:03, REMAINING 00:00:02 )
-------------------------------------------------------------------------------------------------------------
	 #1 (1.0233e-02, 7.7085e-02): lin 1 (0.0e+00)
Composition correction applied in 2 block(s)
-------------------------------------------------------------------------------------------------------------
 T = 32.127, DT = 0.1, NI = 1, LI = 1, RES = 2.7e-05 (7.7e-06), CFL=0.087 (ELAPSED 00:00:03, REMAINING 00:00:02 )
-------------------------------------------------------------------------------------------------------------
	 #1 (1.0127e-02, 7.2719e-02): lin 1 (0.0e+00)
Composition correction applied in 2 block(s)
-------------------------------------------------------------------------------------------------------------
 T = 32.227, DT = 0.1, NI = 1, LI = 1, RES = 4.1e-05 (1.0e-05), CFL=0.083 (ELAPSED 00:00:03, REMAINING 00:00:02 )
-------------------------------------------------------------------------------------------------------------
	 #1 (1.0001e-02, 6.8098e-02): lin 1 (0.0e+00)
Composition correction applied in 2 block(s)
-------------------------------------------------------------------------------------------------------------
 T = 32.327, DT = 0.1, NI = 1, LI = 1, RES = 1.8e-05 (1.1e-05), CFL=0.079 (ELAPSED 00:00:03, REMAINING 00:00:02 )
-------------------------------------------------------------------------------------------------------------
	 #1 (9.8595e-03, 6.1825e-02): lin 1 (0.0e+00)
Composition correction applied in 2 block(s)
	 #2 (1.3043e-03, 1.0723e-05): lin 1 (0.0e+00)
Composition correction applied in 2 block(s)
-------------------------------------------------------------------------------------------------------------
 T = 32.427, DT = 0.1, NI = 2, LI = 2, RES = 1.8e-06 (2.8e-05), CFL=0.082 (ELAPSED 00:00:03, REMAINING 00:00:02 )
-------------------------------------------------------------------------------------------------------------
	 #1 (8.5946e-03, 1.0976e-02): lin 1 (0.0e+00)
Composition correction applied in 2 block(s)
-------------------------------------------------------------------------------------------------------------
 T = 32.527, DT = 0.1, NI = 1, LI = 1, RES = 2.5e-04 (4.4e-05), CFL=0.092 (ELAPSED 00:00:03, REMAINING 00:00:02 )
-------------------------------------------------------------------------------------------------------------
	 #1 (6.8163e-03, 6.9575e-02): lin 1 (0.0e+00)
Composition correction applied in 2 block(s)
-------------------------------------------------------------------------------------------------------------
 T = 32.627, DT = 0.1, NI = 1, LI = 1, RES = 2.9e-04 (1.2e-05), CFL=0.097 (ELAPSED 00:00:03, REMAINING 00:00:02 )
-------------------------------------------------------------------------------------------------------------
	 #1 (6.8003e-03, 6.0634e-02): lin 1 (0.0e+00)
Composition correction applied in 2 block(s)
	 #2 (2.8952e-03, 9.7790e-06): lin 1 (0.0e+00)
Composition correction applied in 2 block(s)
-------------------------------------------------------------------------------------------------------------
 T = 32.727, DT = 0.1, NI = 2, LI = 2, RES = 2.6e-06 (6.3e-05), CFL=0.113 (ELAPSED 00:00:03, REMAINING 00:00:02 )
-------------------------------------------------------------------------------------------------------------
	 #1 (6.6265e-03, 1.3181e-01): lin 1 (0.0e+00)
Composition correction applied in 2 block(s)
-------------------------------------------------------------------------------------------------------------
 T = 32.827, DT = 0.1, NI = 1, LI = 1, RES = 2.8e-05 (1.9e-06), CFL=0.123 (ELAPSED 00:00:03, REMAINING 00:00:02 )
-------------------------------------------------------------------------------------------------------------
	 #1 (7.5284e-03, 1.3773e-01): lin 1 (0.0e+00)
Composition correction applied in 2 block(s)
-------------------------------------------------------------------------------------------------------------
 T = 32.927, DT = 0.1, NI = 1, LI = 1, RES = 2.0e-05 (4.8e-05), CFL=0.126 (ELAPSED 00:00:04, REMAINING 00:00:02 )
-------------------------------------------------------------------------------------------------------------
	 #1 (8.0917e-03, 8.7845e-02): lin 1 (0.0e+00)
Composition correction applied in 2 block(s)
-------------------------------------------------------------------------------------------------------------
 T = 33.027, DT = 0.1, NI = 1, LI = 1, RES = 5.2e-04 (2.5e-05), CFL=0.125 (ELAPSED 00:00:04, REMAINING 00:00:02 )
-------------------------------------------------------------------------------------------------------------
	 #1 (8.8474e-03, 4.7331e-02): lin 1 (0.0e+00)
Composition correction applied in 2 block(s)
-------------------------------------------------------------------------------------------------------------
 T = 33.127, DT = 0.1, NI = 1, LI = 1, RES = 5.9e-05 (6.6e-06), CFL=0.121 (ELAPSED 00:00:04, REMAINING 00:00:02 )
-------------------------------------------------------------------------------------------------------------
	 #1 (9.2072e-03, 1.3367e-03): lin 1 (0.0e+00)
Composition correction applied in 2 block(s)
-------------------------------------------------------------------------------------------------------------
 T = 33.227, DT = 0.1, NI = 1, LI = 1, RES = 4.1e-05 (3.5e-05), CFL=0.116 (ELAPSED 00:00:04, REMAINING 00:00:02 )
-------------------------------------------------------------------------------------------------------------
	 #1 (9.5747e-03, 3.0515e-02): lin 1 (0.0e+00)
Composition correction applied in 2 block(s)
-------------------------------------------------------------------------------------------------------------
 T = 33.327, DT = 0.1, NI = 1, LI = 1, RES = 1.6e-04 (1.9e-05), CFL=0.110 (ELAPSED 00:00:04, REMAINING 00:00:02 )
-------------------------------------------------------------------------------------------------------------
	 #1 (9.8809e-03, 5.0115e-02): lin 1 (0.0e+00)
Composition correction applied in 2 block(s)
-------------------------------------------------------------------------------------------------------------
 T = 33.427, DT = 0.1, NI = 1, LI = 1, RES = 6.2e-05 (3.0e-06), CFL=0.104 (ELAPSED 00:00:04, REMAINING 00:00:01 )
-------------------------------------------------------------------------------------------------------------
	 #1 (1.0011e-02, 6.6522e-02): lin 1 (0.0e+00)
Composition correction applied in 2 block(s)
-------------------------------------------------------------------------------------------------------------
 T = 33.527, DT = 0.1, NI = 1, LI = 1, RES = 2.6e-05 (1.4e-05), CFL=0.098 (ELAPSED 00:00:04, REMAINING 00:00:01 )
-------------------------------------------------------------------------------------------------------------
	 #1 (1.0064e-02, 7.2340e-02): lin 1 (0.0e+00)
Composition correction applied in 2 block(s)
-------------------------------------------------------------------------------------------------------------
 T = 33.627, DT = 0.1, NI = 1, LI = 1, RES = 4.8e-05 (6.6e-06), CFL=0.093 (ELAPSED 00:00:04, REMAINING 00:00:01 )
-------------------------------------------------------------------------------------------------------------
	 #1 (1.0028e-02, 7.2736e-02): lin 1 (0.0e+00)
Composition correction applied in 2 block(s)
-------------------------------------------------------------------------------------------------------------
 T = 33.727, DT = 0.1, NI = 1, LI = 1, RES = 2.2e-05 (7.8e-06), CFL=0.088 (ELAPSED 00:00:04, REMAINING 00:00:01 )
-------------------------------------------------------------------------------------------------------------
	 #1 (9.9320e-03, 6.9668e-02): lin 1 (0.0e+00)
Composition correction applied in 2 block(s)
-------------------------------------------------------------------------------------------------------------
 T = 33.827, DT = 0.1, NI = 1, LI = 1, RES = 1.2e-04 (6.2e-06), CFL=0.083 (ELAPSED 00:00:04, REMAINING 00:00:01 )
-------------------------------------------------------------------------------------------------------------
	 #1 (9.8499e-03, 6.4691e-02): lin 1 (0.0e+00)
Composition correction applied in 2 block(s)
-------------------------------------------------------------------------------------------------------------
 T = 33.927, DT = 0.1, NI = 1, LI = 1, RES = 1.8e-05 (1.0e-05), CFL=0.080 (ELAPSED 00:00:04, REMAINING 00:00:01 )
-------------------------------------------------------------------------------------------------------------
	 #1 (9.6665e-03, 5.9692e-02): lin 1 (0.0e+00)
Composition correction applied in 2 block(s)
-------------------------------------------------------------------------------------------------------------
 T = 34.027, DT = 0.1, NI = 1, LI = 1, RES = 3.0e-04 (7.0e-06), CFL=0.076 (ELAPSED 00:00:04, REMAINING 00:00:01 )
-------------------------------------------------------------------------------------------------------------
	 #1 (9.5352e-03, 5.3895e-02): lin 1 (0.0e+00)
Composition correction applied in 2 block(s)
-------------------------------------------------------------------------------------------------------------
 T = 34.127, DT = 0.1, NI = 1, LI = 1, RES = 2.2e-04 (7.4e-05), CFL=0.089 (ELAPSED 00:00:04, REMAINING 00:00:01 )
-------------------------------------------------------------------------------------------------------------
	 #1 (6.5956e-03, 6.8603e-02): lin 1 (0.0e+00)
Composition correction applied in 2 block(s)
-------------------------------------------------------------------------------------------------------------
 T = 34.227, DT = 0.1, NI = 1, LI = 1, RES = 2.7e-04 (1.2e-05), CFL=0.096 (ELAPSED 00:00:04, REMAINING 00:00:01 )
-------------------------------------------------------------------------------------------------------------
	 #1 (6.6114e-03, 5.8687e-02): lin 1 (0.0e+00)
Composition correction applied in 2 block(s)
	 #2 (1.7259e-03, 9.6030e-06): lin 1 (0.0e+00)
Composition correction applied in 2 block(s)
-------------------------------------------------------------------------------------------------------------
 T = 34.327, DT = 0.1, NI = 2, LI = 2, RES = 8.3e-07 (1.1e-05), CFL=0.106 (ELAPSED 00:00:04, REMAINING 00:00:01 )
-------------------------------------------------------------------------------------------------------------
	 #1 (6.2935e-03, 9.6192e-02): lin 1 (0.0e+00)
Composition correction applied in 2 block(s)
-------------------------------------------------------------------------------------------------------------
 T = 34.427, DT = 0.1, NI = 1, LI = 1, RES = 4.6e-05 (5.5e-05), CFL=0.119 (ELAPSED 00:00:04, REMAINING 00:00:01 )
-------------------------------------------------------------------------------------------------------------
	 #1 (7.1111e-03, 1.4133e-01): lin 1 (0.0e+00)
Composition correction applied in 2 block(s)
-------------------------------------------------------------------------------------------------------------
 T = 34.527, DT = 0.1, NI = 1, LI = 1, RES = 1.8e-05 (5.0e-05), CFL=0.123 (ELAPSED 00:00:04, REMAINING 00:00:01 )
-------------------------------------------------------------------------------------------------------------
	 #1 (7.6989e-03, 9.3721e-02): lin 1 (0.0e+00)
Composition correction applied in 2 block(s)
-------------------------------------------------------------------------------------------------------------
 T = 34.627, DT = 0.1, NI = 1, LI = 1, RES = 2.5e-04 (2.7e-05), CFL=0.123 (ELAPSED 00:00:04, REMAINING 00:00:01 )
-------------------------------------------------------------------------------------------------------------
	 #1 (8.3027e-03, 5.5122e-02): lin 1 (0.0e+00)
Composition correction applied in 2 block(s)
-------------------------------------------------------------------------------------------------------------
 T = 34.727, DT = 0.1, NI = 1, LI = 1, RES = 6.1e-05 (1.1e-05), CFL=0.120 (ELAPSED 00:00:04, REMAINING 00:00:01 )
-------------------------------------------------------------------------------------------------------------
	 #1 (8.8142e-03, 1.0486e-02): lin 1 (0.0e+00)
Composition correction applied in 2 block(s)
-------------------------------------------------------------------------------------------------------------
 T = 34.827, DT = 0.1, NI = 1, LI = 1, RES = 4.2e-05 (9.3e-07), CFL=0.115 (ELAPSED 00:00:04, REMAINING 00:00:01 )
-------------------------------------------------------------------------------------------------------------
	 #1 (9.2313e-03, 1.9956e-02): lin 1 (0.0e+00)
Composition correction applied in 2 block(s)
-------------------------------------------------------------------------------------------------------------
 T = 34.927, DT = 0.1, NI = 1, LI = 1, RES = 4.7e-05 (1.6e-06), CFL=0.110 (ELAPSED 00:00:04, REMAINING 00:00:01 )
-------------------------------------------------------------------------------------------------------------
	 #1 (9.5139e-03, 4.0934e-02): lin 1 (0.0e+00)
Composition correction applied in 2 block(s)
-------------------------------------------------------------------------------------------------------------
 T = 35.027, DT = 0.1, NI = 1, LI = 1, RES = 5.2e-05 (3.3e-06), CFL=0.104 (ELAPSED 00:00:04, REMAINING 00:00:01 )
-------------------------------------------------------------------------------------------------------------
	 #1 (9.7494e-03, 5.8465e-02): lin 1 (0.0e+00)
Composition correction applied in 2 block(s)
-------------------------------------------------------------------------------------------------------------
 T = 35.127, DT = 0.1, NI = 1, LI = 1, RES = 2.5e-05 (1.5e-05), CFL=0.098 (ELAPSED 00:00:04, REMAINING 00:00:01 )
-------------------------------------------------------------------------------------------------------------
	 #1 (9.8407e-03, 6.6251e-02): lin 1 (0.0e+00)
Composition correction applied in 2 block(s)
-------------------------------------------------------------------------------------------------------------
 T = 35.227, DT = 0.1, NI = 1, LI = 1, RES = 3.8e-05 (5.4e-06), CFL=0.093 (ELAPSED 00:00:04, REMAINING 00:00:01 )
-------------------------------------------------------------------------------------------------------------
	 #1 (9.8305e-03, 6.8192e-02): lin 1 (0.0e+00)
Composition correction applied in 2 block(s)
-------------------------------------------------------------------------------------------------------------
 T = 35.327, DT = 0.1, NI = 1, LI = 1, RES = 2.0e-05 (8.1e-06), CFL=0.088 (ELAPSED 00:00:04, REMAINING 00:00:01 )
-------------------------------------------------------------------------------------------------------------
	 #1 (9.7532e-03, 6.6371e-02): lin 1 (0.0e+00)
Composition correction applied in 2 block(s)
-------------------------------------------------------------------------------------------------------------
 T = 35.427, DT = 0.1, NI = 1, LI = 1, RES = 7.4e-05 (7.1e-06), CFL=0.084 (ELAPSED 00:00:04, REMAINING 00:00:01 )
-------------------------------------------------------------------------------------------------------------
	 #1 (9.6650e-03, 6.2356e-02): lin 1 (0.0e+00)
Composition correction applied in 2 block(s)
-------------------------------------------------------------------------------------------------------------
 T = 35.527, DT = 0.1, NI = 1, LI = 1, RES = 1.8e-05 (7.1e-06), CFL=0.080 (ELAPSED 00:00:04, REMAINING 00:00:01 )
-------------------------------------------------------------------------------------------------------------
	 #1 (9.5098e-03, 5.8144e-02): lin 1 (0.0e+00)
Composition correction applied in 2 block(s)
-------------------------------------------------------------------------------------------------------------
 T = 35.627, DT = 0.1, NI = 1, LI = 1, RES = 1.7e-05 (9.6e-06), CFL=0.078 (ELAPSED 00:00:04, REMAINING 00:00:01 )
-------------------------------------------------------------------------------------------------------------
	 #1 (9.3701e-03, 5.2874e-02): lin 1 (0.0e+00)
Composition correction applied in 2 block(s)
	 #2 (3.2164e-03, 6.7498e-06): lin 1 (0.0e+00)
Composition correction applied in 2 block(s)
-------------------------------------------------------------------------------------------------------------
 T = 35.727, DT = 0.1, NI = 2, LI = 2, RES = 1.3e-05 (8.7e-05), CFL=0.089 (ELAPSED 00:00:04, REMAINING 00:00:01 )
-------------------------------------------------------------------------------------------------------------
	 #1 (6.7333e-03, 4.8932e-02): lin 1 (0.0e+00)
Composition correction applied in 2 block(s)
-------------------------------------------------------------------------------------------------------------
 T = 35.827, DT = 0.1, NI = 1, LI = 1, RES = 2.6e-04 (4.8e-06), CFL=0.094 (ELAPSED 00:00:04, REMAINING 00:00:01 )
-------------------------------------------------------------------------------------------------------------
	 #1 (6.4811e-03, 5.2556e-02): lin 1 (0.0e+00)
Composition correction applied in 2 block(s)
-------------------------------------------------------------------------------------------------------------
 T = 35.927, DT = 0.1, NI = 1, LI = 1, RES = 6.5e-04 (8.4e-06), CFL=0.097 (ELAPSED 00:00:04, REMAINING 00:00:01 )
-------------------------------------------------------------------------------------------------------------
	 #1 (6.4250e-03, 4.8678e-02): lin 1 (0.0e+00)
Composition correction applied in 2 block(s)
-------------------------------------------------------------------------------------------------------------
 T = 36.027, DT = 0.1, NI = 1, LI = 1, RES = 6.6e-05 (1.3e-04), CFL=0.115 (ELAPSED 00:00:04, REMAINING 00:00:01 )
-------------------------------------------------------------------------------------------------------------
	 #1 (6.7166e-03, 1.4388e-01): lin 1 (0.0e+00)
Composition correction applied in 2 block(s)
-------------------------------------------------------------------------------------------------------------
 T = 36.127, DT = 0.1, NI = 1, LI = 1, RES = 2.7e-05 (5.2e-05), CFL=0.119 (ELAPSED 00:00:04, REMAINING 00:00:01 )
-------------------------------------------------------------------------------------------------------------
	 #1 (7.3339e-03, 9.8011e-02): lin 1 (0.0e+00)
Composition correction applied in 2 block(s)
-------------------------------------------------------------------------------------------------------------
 T = 36.227, DT = 0.1, NI = 1, LI = 1, RES = 3.2e-05 (3.0e-05), CFL=0.121 (ELAPSED 00:00:04, REMAINING 00:00:01 )
-------------------------------------------------------------------------------------------------------------
	 #1 (7.8173e-03, 6.1296e-02): lin 1 (0.0e+00)
Composition correction applied in 2 block(s)
-------------------------------------------------------------------------------------------------------------
 T = 36.327, DT = 0.1, NI = 1, LI = 1, RES = 5.5e-05 (1.5e-05), CFL=0.118 (ELAPSED 00:00:04, REMAINING 00:00:01 )
-------------------------------------------------------------------------------------------------------------
	 #1 (8.4478e-03, 2.0402e-02): lin 1 (0.0e+00)
Composition correction applied in 2 block(s)
-------------------------------------------------------------------------------------------------------------
 T = 36.427, DT = 0.1, NI = 1, LI = 1, RES = 7.6e-05 (2.8e-05), CFL=0.114 (ELAPSED 00:00:04, REMAINING 00:00:01 )
-------------------------------------------------------------------------------------------------------------
	 #1 (8.9066e-03, 1.0557e-02): lin 1 (0.0e+00)
Composition correction applied in 2 block(s)
-------------------------------------------------------------------------------------------------------------
 T = 36.527, DT = 0.1, NI = 1, LI = 1, RES = 3.8e-05 (8.6e-07), CFL=0.110 (ELAPSED 00:00:04, REMAINING 00:00:01 )
-------------------------------------------------------------------------------------------------------------
	 #1 (9.2226e-03, 3.2508e-02): lin 1 (0.0e+00)
Composition correction applied in 2 block(s)
-------------------------------------------------------------------------------------------------------------
 T = 36.627, DT = 0.1, NI = 1, LI = 1, RES = 3.2e-04 (3.9e-07), CFL=0.105 (ELAPSED 00:00:04, REMAINING 00:00:01 )
-------------------------------------------------------------------------------------------------------------
	 #1 (9.5797e-03, 4.6871e-02): lin 1 (0.0e+00)
Composition correction applied in 2 block(s)
-------------------------------------------------------------------------------------------------------------
 T = 36.727, DT = 0.1, NI = 1, LI = 1, RES = 2.7e-05 (9.3e-07), CFL=0.099 (ELAPSED 00:00:04, REMAINING 00:00:01 )
-------------------------------------------------------------------------------------------------------------
	 #1 (9.5887e-03, 5.9261e-02): lin 1 (0.0e+00)
Composition correction applied in 2 block(s)
-------------------------------------------------------------------------------------------------------------
 T = 36.827, DT = 0.1, NI = 1, LI = 1, RES = 2.9e-05 (4.0e-06), CFL=0.093 (ELAPSED 00:00:04, REMAINING 00:00:01 )
-------------------------------------------------------------------------------------------------------------
	 #1 (9.6183e-03, 6.2943e-02): lin 1 (0.0e+00)
Composition correction applied in 2 block(s)
-------------------------------------------------------------------------------------------------------------
 T = 36.927, DT = 0.1, NI = 1, LI = 1, RES = 2.1e-05 (7.0e-06), CFL=0.089 (ELAPSED 00:00:04, REMAINING 00:00:01 )
-------------------------------------------------------------------------------------------------------------
	 #1 (9.5710e-03, 6.2760e-02): lin 1 (0.0e+00)
Composition correction applied in 2 block(s)
-------------------------------------------------------------------------------------------------------------
 T = 37.027, DT = 0.1, NI = 1, LI = 1, RES = 3.2e-05 (8.0e-06), CFL=0.084 (ELAPSED 00:00:04, REMAINING 00:00:01 )
-------------------------------------------------------------------------------------------------------------
	 #1 (9.4821e-03, 5.9969e-02): lin 1 (0.0e+00)
Composition correction applied in 2 block(s)
-------------------------------------------------------------------------------------------------------------
 T = 37.127, DT = 0.1, NI = 1, LI = 1, RES = 4.8e-05 (8.3e-06), CFL=0.082 (ELAPSED 00:00:04, REMAINING 00:00:01 )
-------------------------------------------------------------------------------------------------------------
	 #1 (9.3644e-03, 5.6729e-02): lin 1 (0.0e+00)
Composition correction applied in 2 block(s)
-------------------------------------------------------------------------------------------------------------
 T = 37.227, DT = 0.1, NI = 1, LI = 1, RES = 1.7e-05 (8.9e-06), CFL=0.078 (ELAPSED 00:00:04, REMAINING 00:00:01 )
-------------------------------------------------------------------------------------------------------------
	 #1 (9.2317e-03, 5.2055e-02): lin 1 (0.0e+00)
Composition correction applied in 2 block(s)
	 #2 (2.1806e-03, 8.7787e-06): lin 1 (0.0e+00)
Composition correction applied in 2 block(s)
-------------------------------------------------------------------------------------------------------------
 T = 37.327, DT = 0.1, NI = 2, LI = 2, RES = 6.6e-06 (5.0e-05), CFL=0.084 (ELAPSED 00:00:04, REMAINING 00:00:01 )
-------------------------------------------------------------------------------------------------------------
	 #1 (7.2695e-03, 1.5553e-02): lin 1 (0.0e+00)
Composition correction applied in 2 block(s)
-------------------------------------------------------------------------------------------------------------
 T = 37.427, DT = 0.1, NI = 1, LI = 1, RES = 2.4e-04 (2.8e-05), CFL=0.091 (ELAPSED 00:00:04, REMAINING 00:00:01 )
-------------------------------------------------------------------------------------------------------------
	 #1 (6.3128e-03, 5.0691e-02): lin 1 (0.0e+00)
Composition correction applied in 2 block(s)
-------------------------------------------------------------------------------------------------------------
 T = 37.527, DT = 0.1, NI = 1, LI = 1, RES = 2.6e-04 (8.5e-06), CFL=0.095 (ELAPSED 00:00:04, REMAINING 00:00:01 )
-------------------------------------------------------------------------------------------------------------
	 #1 (6.2707e-03, 4.6412e-02): lin 1 (0.0e+00)
Composition correction applied in 2 block(s)
	 #2 (3.4693e-03, 7.9385e-06): lin 1 (0.0e+00)
Composition correction applied in 2 block(s)
-------------------------------------------------------------------------------------------------------------
 T = 37.627, DT = 0.1, NI = 2, LI = 2, RES = 4.1e-06 (7.1e-05), CFL=0.110 (ELAPSED 00:00:04, REMAINING 00:00:01 )
-------------------------------------------------------------------------------------------------------------
	 #1 (6.3085e-03, 1.2041e-01): lin 1 (0.0e+00)
Composition correction applied in 2 block(s)
-------------------------------------------------------------------------------------------------------------
 T = 37.727, DT = 0.1, NI = 1, LI = 1, RES = 1.7e-05 (2.7e-05), CFL=0.117 (ELAPSED 00:00:04, REMAINING 00:00:01 )
-------------------------------------------------------------------------------------------------------------
	 #1 (6.9862e-03, 1.0087e-01): lin 1 (0.0e+00)
Composition correction applied in 2 block(s)
-------------------------------------------------------------------------------------------------------------
 T = 37.827, DT = 0.1, NI = 1, LI = 1, RES = 2.4e-05 (3.1e-05), CFL=0.119 (ELAPSED 00:00:04, REMAINING 00:00:01 )
-------------------------------------------------------------------------------------------------------------
	 #1 (7.4795e-03, 6.5932e-02): lin 1 (0.0e+00)
Composition correction applied in 2 block(s)
-------------------------------------------------------------------------------------------------------------
 T = 37.927, DT = 0.1, NI = 1, LI = 1, RES = 6.0e-04 (1.2e-05), CFL=0.118 (ELAPSED 00:00:04, REMAINING 00:00:01 )
-------------------------------------------------------------------------------------------------------------
	 #1 (8.2539e-03, 3.6126e-02): lin 1 (0.0e+00)
Composition correction applied in 2 block(s)
-------------------------------------------------------------------------------------------------------------
 T = 38.027, DT = 0.1, NI = 1, LI = 1, RES = 6.0e-05 (5.7e-06), CFL=0.115 (ELAPSED 00:00:04, REMAINING 00:00:01 )
-------------------------------------------------------------------------------------------------------------
	 #1 (8.5540e-03, 1.7529e-03): lin 1 (0.0e+00)
Composition correction applied in 2 block(s)
-------------------------------------------------------------------------------------------------------------
 T = 38.127, DT = 0.1, NI = 1, LI = 1, RES = 3.8e-05 (5.1e-07), CFL=0.110 (ELAPSED 00:00:04, REMAINING 00:00:01 )
-------------------------------------------------------------------------------------------------------------
	 #1 (8.9147e-03, 2.4445e-02): lin 1 (0.0e+00)
Composition correction applied in 2 block(s)
-------------------------------------------------------------------------------------------------------------
 T = 38.227, DT = 0.1, NI = 1, LI = 1, RES = 1.9e-04 (1.6e-05), CFL=0.105 (ELAPSED 00:00:04, REMAINING 00:00:01 )
-------------------------------------------------------------------------------------------------------------
	 #1 (9.2435e-03, 4.0328e-02): lin 1 (0.0e+00)
Composition correction applied in 2 block(s)
-------------------------------------------------------------------------------------------------------------
 T = 38.327, DT = 0.1, NI = 1, LI = 1, RES = 2.6e-05 (1.6e-06), CFL=0.100 (ELAPSED 00:00:04, REMAINING 00:00:01 )
-------------------------------------------------------------------------------------------------------------
	 #1 (9.3704e-03, 5.4004e-02): lin 1 (0.0e+00)
Composition correction applied in 2 block(s)
-------------------------------------------------------------------------------------------------------------
 T = 38.427, DT = 0.1, NI = 1, LI = 1, RES = 2.4e-05 (1.2e-05), CFL=0.094 (ELAPSED 00:00:04, REMAINING 00:00:01 )
-------------------------------------------------------------------------------------------------------------
	 #1 (9.4380e-03, 5.9395e-02): lin 1 (0.0e+00)
Composition correction applied in 2 block(s)
-------------------------------------------------------------------------------------------------------------
 T = 38.527, DT = 0.1, NI = 1, LI = 1, RES = 5.4e-05 (5.6e-06), CFL=0.091 (ELAPSED 00:00:04, REMAINING 00:00:01 )
-------------------------------------------------------------------------------------------------------------
	 #1 (9.4170e-03, 6.0429e-02): lin 1 (0.0e+00)
Composition correction applied in 2 block(s)
-------------------------------------------------------------------------------------------------------------
 T = 38.627, DT = 0.1, NI = 1, LI = 1, RES = 2.0e-05 (7.9e-06), CFL=0.087 (ELAPSED 00:00:04, REMAINING 00:00:01 )
-------------------------------------------------------------------------------------------------------------
	 #1 (9.3346e-03, 5.8553e-02): lin 1 (0.0e+00)
Composition correction applied in 2 block(s)
-------------------------------------------------------------------------------------------------------------
 T = 38.727, DT = 0.1, NI = 1, LI = 1, RES = 1.2e-04 (8.8e-06), CFL=0.082 (ELAPSED 00:00:04, REMAINING 00:00:01 )
-------------------------------------------------------------------------------------------------------------
	 #1 (9.2642e-03, 5.4933e-02): lin 1 (0.0e+00)
Composition correction applied in 2 block(s)
-------------------------------------------------------------------------------------------------------------
 T = 38.827, DT = 0.1, NI = 1, LI = 1, RES = 1.6e-05 (8.1e-06), CFL=0.079 (ELAPSED 00:00:04, REMAINING 00:00:01 )
-------------------------------------------------------------------------------------------------------------
	 #1 (9.0885e-03, 5.1079e-02): lin 1 (0.0e+00)
Composition correction applied in 2 block(s)
	 #2 (1.2242e-03, 6.3206e-06): lin 1 (0.0e+00)
Composition correction applied in 2 block(s)
-------------------------------------------------------------------------------------------------------------
 T = 38.927, DT = 0.1, NI = 2, LI = 2, RES = 2.1e-06 (6.4e-06), CFL=0.081 (ELAPSED 00:00:04, REMAINING 00:00:01 )
-------------------------------------------------------------------------------------------------------------
	 #1 (7.8764e-03, 1.2939e-02): lin 1 (0.0e+00)
Composition correction applied in 2 block(s)
-------------------------------------------------------------------------------------------------------------
 T = 39.027, DT = 0.1, NI = 1, LI = 1, RES = 2.2e-04 (4.1e-05), CFL=0.089 (ELAPSED 00:00:04, REMAINING 00:00:01 )
-------------------------------------------------------------------------------------------------------------
	 #1 (6.1667e-03, 4.7915e-02): lin 1 (0.0e+00)
Composition correction applied in 2 block(s)
-------------------------------------------------------------------------------------------------------------
 T = 39.127, DT = 0.1, NI = 1, LI = 1, RES = 2.5e-04 (8.1e-06), CFL=0.093 (ELAPSED 00:00:04, REMAINING 00:00:01 )
-------------------------------------------------------------------------------------------------------------
	 #1 (6.1349e-03, 4.3622e-02): lin 1 (0.0e+00)
Composition correction applied in 2 block(s)
	 #2 (2.4796e-03, 7.0899e-06): lin 1 (0.0e+00)
Composition correction applied in 2 block(s)
-------------------------------------------------------------------------------------------------------------
 T = 39.227, DT = 0.1, NI = 2, LI = 2, RES = 2.1e-06 (3.8e-05), CFL=0.104 (ELAPSED 00:00:04, REMAINING 00:00:01 )
-------------------------------------------------------------------------------------------------------------
	 #1 (5.8865e-03, 9.3229e-02): lin 1 (0.0e+00)
Composition correction applied in 2 block(s)
-------------------------------------------------------------------------------------------------------------
 T = 39.327, DT = 0.1, NI = 1, LI = 1, RES = 2.0e-05 (6.0e-06), CFL=0.114 (ELAPSED 00:00:04, REMAINING 00:00:01 )
-------------------------------------------------------------------------------------------------------------
	 #1 (6.6479e-03, 1.0319e-01): lin 1 (0.0e+00)
Composition correction applied in 2 block(s)
-------------------------------------------------------------------------------------------------------------
 T = 39.427, DT = 0.1, NI = 1, LI = 1, RES = 2.0e-05 (3.2e-05), CFL=0.116 (ELAPSED 00:00:04, REMAINING 00:00:01 )
-------------------------------------------------------------------------------------------------------------
	 #1 (7.1581e-03, 6.9769e-02): lin 1 (0.0e+00)
Composition correction applied in 2 block(s)
-------------------------------------------------------------------------------------------------------------
 T = 39.527, DT = 0.1, NI = 1, LI = 1, RES = 3.6e-04 (1.9e-05), CFL=0.117 (ELAPSED 00:00:04, REMAINING 00:00:01 )
-------------------------------------------------------------------------------------------------------------
	 #1 (7.7984e-03, 4.1305e-02): lin 1 (0.0e+00)
Composition correction applied in 2 block(s)
-------------------------------------------------------------------------------------------------------------
 T = 39.627, DT = 0.1, NI = 1, LI = 1, RES = 5.9e-05 (8.6e-06), CFL=0.114 (ELAPSED 00:00:04, REMAINING 00:00:01 )
-------------------------------------------------------------------------------------------------------------
	 #1 (8.2246e-03, 6.4125e-03): lin 1 (0.0e+00)
Composition correction applied in 2 block(s)
-------------------------------------------------------------------------------------------------------------
 T = 39.727, DT = 0.1, NI = 1, LI = 1, RES = 3.8e-05 (1.6e-06), CFL=0.110 (ELAPSED 00:00:04, REMAINING 00:00:01 )
-------------------------------------------------------------------------------------------------------------
	 #1 (8.6240e-03, 1.6968e-02): lin 1 (0.0e+00)
Composition correction applied in 2 block(s)
-------------------------------------------------------------------------------------------------------------
 T = 39.827, DT = 0.1, NI = 1, LI = 1, RES = 9.0e-05 (1.5e-05), CFL=0.105 (ELAPSED 00:00:04, REMAINING 00:00:01 )
-------------------------------------------------------------------------------------------------------------
	 #1 (8.9326e-03, 3.3645e-02): lin 1 (0.0e+00)
Composition correction applied in 2 block(s)
-------------------------------------------------------------------------------------------------------------
 T = 39.927, DT = 0.1, NI = 1, LI = 1, RES = 5.8e-05 (1.7e-06), CFL=0.100 (ELAPSED 00:00:04, REMAINING 00:00:01 )
-------------------------------------------------------------------------------------------------------------
	 #1 (9.1485e-03, 4.8078e-02): lin 1 (0.0e+00)
Composition correction applied in 2 block(s)
-------------------------------------------------------------------------------------------------------------
 T = 40.027, DT = 0.1, NI = 1, LI = 1, RES = 2.4e-05 (1.5e-06), CFL=0.097 (ELAPSED 00:00:04, REMAINING 00:00:01 )
-------------------------------------------------------------------------------------------------------------
	 #1 (9.2500e-03, 5.4835e-02): lin 1 (0.0e+00)
Composition correction applied in 2 block(s)
-------------------------------------------------------------------------------------------------------------
 T = 40.127, DT = 0.1, NI = 1, LI = 1, RES = 4.5e-05 (4.5e-06), CFL=0.091 (ELAPSED 00:00:04, REMAINING 00:00:01 )
-------------------------------------------------------------------------------------------------------------
	 #1 (9.2532e-03, 5.6960e-02): lin 1 (0.0e+00)
Composition correction applied in 2 block(s)
-------------------------------------------------------------------------------------------------------------
 T = 40.227, DT = 0.1, NI = 1, LI = 1, RES = 1.9e-05 (7.4e-06), CFL=0.087 (ELAPSED 00:00:04, REMAINING 00:00:01 )
-------------------------------------------------------------------------------------------------------------
	 #1 (9.1882e-03, 5.5983e-02): lin 1 (0.0e+00)
Composition correction applied in 2 block(s)
-------------------------------------------------------------------------------------------------------------
 T = 40.327, DT = 0.1, NI = 1, LI = 1, RES = 8.7e-05 (6.7e-06), CFL=0.083 (ELAPSED 00:00:04, REMAINING 00:00:01 )
-------------------------------------------------------------------------------------------------------------
	 #1 (9.1143e-03, 5.3091e-02): lin 1 (0.0e+00)
Composition correction applied in 2 block(s)
-------------------------------------------------------------------------------------------------------------
 T = 40.427, DT = 0.1, NI = 1, LI = 1, RES = 1.6e-05 (6.4e-06), CFL=0.079 (ELAPSED 00:00:04, REMAINING 00:00:01 )
-------------------------------------------------------------------------------------------------------------
	 #1 (8.9635e-03, 4.9860e-02): lin 1 (0.0e+00)
Composition correction applied in 2 block(s)
-------------------------------------------------------------------------------------------------------------
 T = 40.527, DT = 0.1, NI = 1, LI = 1, RES = 4.9e-04 (6.0e-06), CFL=0.075 (ELAPSED 00:00:04, REMAINING 00:00:01 )
-------------------------------------------------------------------------------------------------------------
	 #1 (8.8496e-03, 4.5678e-02): lin 1 (0.0e+00)
Composition correction applied in 2 block(s)
-------------------------------------------------------------------------------------------------------------
 T = 40.627, DT = 0.1, NI = 1, LI = 1, RES = 1.9e-04 (6.0e-05), CFL=0.087 (ELAPSED 00:00:04, REMAINING 00:00:01 )
-------------------------------------------------------------------------------------------------------------
	 #1 (5.9807e-03, 4.8261e-02): lin 1 (0.0e+00)
Composition correction applied in 2 block(s)
-------------------------------------------------------------------------------------------------------------
 T = 40.727, DT = 0.1, NI = 1, LI = 1, RES = 2.4e-04 (5.8e-06), CFL=0.091 (ELAPSED 00:00:04, REMAINING 00:00:01 )
-------------------------------------------------------------------------------------------------------------
	 #1 (5.9802e-03, 4.3191e-02): lin 1 (0.0e+00)
Composition correction applied in 2 block(s)
	 #2 (1.6902e-03, 6.9957e-06): lin 1 (0.0e+00)
Composition correction applied in 2 block(s)
-------------------------------------------------------------------------------------------------------------
 T = 40.827, DT = 0.1, NI = 2, LI = 2, RES = 9.2e-07 (7.4e-06), CFL=0.099 (ELAPSED 00:00:04, REMAINING 00:00:01 )
-------------------------------------------------------------------------------------------------------------
	 #1 (5.6591e-03, 7.3993e-02): lin 1 (0.0e+00)
Composition correction applied in 2 block(s)
-------------------------------------------------------------------------------------------------------------
 T = 40.927, DT = 0.1, NI = 1, LI = 1, RES = 3.1e-05 (4.4e-05), CFL=0.111 (ELAPSED 00:00:04, REMAINING 00:00:01 )
-------------------------------------------------------------------------------------------------------------
	 #1 (6.3482e-03, 1.0404e-01): lin 1 (0.0e+00)
Composition correction applied in 2 block(s)
-------------------------------------------------------------------------------------------------------------
 T = 41.027, DT = 0.1, NI = 1, LI = 1, RES = 1.7e-05 (1.8e-05), CFL=0.114 (ELAPSED 00:00:04, REMAINING 00:00:01 )
-------------------------------------------------------------------------------------------------------------
	 #1 (6.8673e-03, 7.2410e-02): lin 1 (0.0e+00)
Composition correction applied in 2 block(s)
-------------------------------------------------------------------------------------------------------------
 T = 41.127, DT = 0.1, NI = 1, LI = 1, RES = 1.8e-04 (2.0e-05), CFL=0.115 (ELAPSED 00:00:04, REMAINING 00:00:01 )
-------------------------------------------------------------------------------------------------------------
	 #1 (7.4020e-03, 4.5421e-02): lin 1 (0.0e+00)
Composition correction applied in 2 block(s)
-------------------------------------------------------------------------------------------------------------
 T = 41.227, DT = 0.1, NI = 1, LI = 1, RES = 5.4e-05 (1.1e-05), CFL=0.113 (ELAPSED 00:00:04, REMAINING 00:00:01 )
-------------------------------------------------------------------------------------------------------------
	 #1 (7.9237e-03, 1.3308e-02): lin 1 (0.0e+00)
Composition correction applied in 2 block(s)
-------------------------------------------------------------------------------------------------------------
 T = 41.327, DT = 0.1, NI = 1, LI = 1, RES = 3.8e-05 (3.1e-06), CFL=0.109 (ELAPSED 00:00:04, REMAINING 00:00:01 )
-------------------------------------------------------------------------------------------------------------
	 #1 (8.3537e-03, 1.0335e-02): lin 1 (0.0e+00)
Composition correction applied in 2 block(s)
-------------------------------------------------------------------------------------------------------------
 T = 41.427, DT = 0.1, NI = 1, LI = 1, RES = 3.7e-05 (3.0e-07), CFL=0.105 (ELAPSED 00:00:04, REMAINING 00:00:00 )
-------------------------------------------------------------------------------------------------------------
	 #1 (8.6601e-03, 2.7536e-02): lin 1 (0.0e+00)
Composition correction applied in 2 block(s)
-------------------------------------------------------------------------------------------------------------
 T = 41.527, DT = 0.1, NI = 1, LI = 1, RES = 3.6e-04 (1.3e-05), CFL=0.102 (ELAPSED 00:00:04, REMAINING 00:00:00 )
-------------------------------------------------------------------------------------------------------------
	 #1 (9.0365e-03, 3.9133e-02): lin 1 (0.0e+00)
Composition correction applied in 2 block(s)
-------------------------------------------------------------------------------------------------------------
 T = 41.627, DT = 0.1, NI = 1, LI = 1, RES = 2.5e-05 (1.4e-05), CFL=0.097 (ELAPSED 00:00:04, REMAINING 00:00:00 )
-------------------------------------------------------------------------------------------------------------
	 #1 (9.0328e-03, 4.9422e-02): lin 1 (0.0e+00)
Composition correction applied in 2 block(s)
-------------------------------------------------------------------------------------------------------------
 T = 41.727, DT = 0.1, NI = 1, LI = 1, RES = 3.6e-05 (3.8e-06), CFL=0.092 (ELAPSED 00:00:04, REMAINING 00:00:00 )
-------------------------------------------------------------------------------------------------------------
	 #1 (9.0714e-03, 5.2800e-02): lin 1 (0.0e+00)
Composition correction applied in 2 block(s)
-------------------------------------------------------------------------------------------------------------
 T = 41.827, DT = 0.1, NI = 1, LI = 1, RES = 1.9e-05 (7.7e-06), CFL=0.087 (ELAPSED 00:00:04, REMAINING 00:00:00 )
-------------------------------------------------------------------------------------------------------------
	 #1 (9.0341e-03, 5.3037e-02): lin 1 (0.0e+00)
Composition correction applied in 2 block(s)
-------------------------------------------------------------------------------------------------------------
 T = 41.927, DT = 0.1, NI = 1, LI = 1, RES = 4.8e-05 (6.8e-06), CFL=0.083 (ELAPSED 00:00:04, REMAINING 00:00:00 )
-------------------------------------------------------------------------------------------------------------
	 #1 (8.9617e-03, 5.1095e-02): lin 1 (0.0e+00)
Composition correction applied in 2 block(s)
-------------------------------------------------------------------------------------------------------------
 T = 42.027, DT = 0.1, NI = 1, LI = 1, RES = 1.7e-05 (6.4e-06), CFL=0.079 (ELAPSED 00:00:04, REMAINING 00:00:00 )
-------------------------------------------------------------------------------------------------------------
	 #1 (8.8445e-03, 4.8628e-02): lin 1 (0.0e+00)
Composition correction applied in 2 block(s)
-------------------------------------------------------------------------------------------------------------
 T = 42.127, DT = 0.1, NI = 1, LI = 1, RES = 1.5e-05 (7.5e-06), CFL=0.076 (ELAPSED 00:00:04, REMAINING 00:00:00 )
-------------------------------------------------------------------------------------------------------------
	 #1 (8.7190e-03, 4.4950e-02): lin 1 (0.0e+00)
Composition correction applied in 2 block(s)
	 #2 (3.2768e-03, 5.9662e-06): lin 1 (0.0e+00)
Composition correction applied in 2 block(s)
-------------------------------------------------------------------------------------------------------------
 T = 42.227, DT = 0.1, NI = 2, LI = 2, RES = 1.8e-05 (7.1e-05), CFL=0.086 (ELAPSED 00:00:04, REMAINING 00:00:00 )
-------------------------------------------------------------------------------------------------------------
	 #1 (6.0174e-03, 3.9370e-02): lin 1 (0.0e+00)
Composition correction applied in 2 block(s)
-------------------------------------------------------------------------------------------------------------
 T = 42.327, DT = 0.1, NI = 1, LI = 1, RES = 2.4e-04 (6.9e-06), CFL=0.090 (ELAPSED 00:00:04, REMAINING 00:00:00 )
-------------------------------------------------------------------------------------------------------------
	 #1 (5.9169e-03, 3.7332e-02): lin 1 (0.0e+00)
Composition correction applied in 2 block(s)
-------------------------------------------------------------------------------------------------------------
 T = 42.427, DT = 0.1, NI = 1, LI = 1, RES = 7.5e-04 (6.2e-06), CFL=0.093 (ELAPSED 00:00:04, REMAINING 00:00:00 )
-------------------------------------------------------------------------------------------------------------
	 #1 (5.8496e-03, 3.5779e-02): lin 1 (0.0e+00)
Composition correction applied in 2 block(s)
-------------------------------------------------------------------------------------------------------------
 T = 42.527, DT = 0.1, NI = 1, LI = 1, RES = 5.2e-05 (8.3e-05), CFL=0.107 (ELAPSED 00:00:04, REMAINING 00:00:00 )
-------------------------------------------------------------------------------------------------------------
	 #1 (6.0343e-03, 1.0551e-01): lin 1 (0.0e+00)
Composition correction applied in 2 block(s)
-------------------------------------------------------------------------------------------------------------
 T = 42.627, DT = 0.1, NI = 1, LI = 1, RES = 2.9e-05 (3.3e-05), CFL=0.112 (ELAPSED 00:00:04, REMAINING 00:00:00 )
-------------------------------------------------------------------------------------------------------------
	 #1 (6.5770e-03, 7.5032e-02): lin 1 (0.0e+00)
Composition correction applied in 2 block(s)
-------------------------------------------------------------------------------------------------------------
 T = 42.727, DT = 0.1, NI = 1, LI = 1, RES = 1.8e-05 (6.1e-06), CFL=0.113 (ELAPSED 00:00:04, REMAINING 00:00:00 )
-------------------------------------------------------------------------------------------------------------
	 #1 (7.0204e-03, 4.9333e-02): lin 1 (0.0e+00)
Composition correction applied in 2 block(s)
-------------------------------------------------------------------------------------------------------------
 T = 42.827, DT = 0.1, NI = 1, LI = 1, RES = 7.4e-04 (1.3e-05), CFL=0.113 (ELAPSED 00:00:04, REMAINING 00:00:00 )
-------------------------------------------------------------------------------------------------------------
	 #1 (7.8550e-03, 2.6696e-02): lin 1 (0.0e+00)
Composition correction applied in 2 block(s)
-------------------------------------------------------------------------------------------------------------
 T = 42.927, DT = 0.1, NI = 1, LI = 1, RES = 7.1e-05 (2.2e-05), CFL=0.110 (ELAPSED 00:00:04, REMAINING 00:00:00 )
-------------------------------------------------------------------------------------------------------------
	 #1 (8.0568e-03, 3.6288e-03): lin 1 (0.0e+00)
Composition correction applied in 2 block(s)
-------------------------------------------------------------------------------------------------------------
 T = 43.027, DT = 0.1, NI = 1, LI = 1, RES = 3.6e-05 (1.3e-06), CFL=0.107 (ELAPSED 00:00:04, REMAINING 00:00:00 )
-------------------------------------------------------------------------------------------------------------
	 #1 (8.3967e-03, 2.1142e-02): lin 1 (0.0e+00)
Composition correction applied in 2 block(s)
-------------------------------------------------------------------------------------------------------------
 T = 43.127, DT = 0.1, NI = 1, LI = 1, RES = 2.4e-04 (1.3e-05), CFL=0.103 (ELAPSED 00:00:04, REMAINING 00:00:00 )
-------------------------------------------------------------------------------------------------------------
	 #1 (8.7485e-03, 3.3783e-02): lin 1 (0.0e+00)
Composition correction applied in 2 block(s)
-------------------------------------------------------------------------------------------------------------
 T = 43.227, DT = 0.1, NI = 1, LI = 1, RES = 2.3e-05 (5.8e-07), CFL=0.098 (ELAPSED 00:00:04, REMAINING 00:00:00 )
-------------------------------------------------------------------------------------------------------------
	 #1 (8.8450e-03, 4.4998e-02): lin 1 (0.0e+00)
Composition correction applied in 2 block(s)
-------------------------------------------------------------------------------------------------------------
 T = 43.327, DT = 0.1, NI = 1, LI = 1, RES = 2.7e-05 (1.1e-05), CFL=0.093 (ELAPSED 00:00:04, REMAINING 00:00:00 )
-------------------------------------------------------------------------------------------------------------
	 #1 (8.9172e-03, 4.9617e-02): lin 1 (0.0e+00)
Composition correction applied in 2 block(s)
-------------------------------------------------------------------------------------------------------------
 T = 43.427, DT = 0.1, NI = 1, LI = 1, RES = 2.0e-05 (8.5e-06), CFL=0.088 (ELAPSED 00:00:04, REMAINING 00:00:00 )
-------------------------------------------------------------------------------------------------------------
	 #1 (8.9045e-03, 5.0820e-02): lin 1 (0.0e+00)
Composition correction applied in 2 block(s)
-------------------------------------------------------------------------------------------------------------
 T = 43.527, DT = 0.1, NI = 1, LI = 1, RES = 1.9e-05 (6.1e-06), CFL=0.084 (ELAPSED 00:00:04, REMAINING 00:00:00 )
-------------------------------------------------------------------------------------------------------------
	 #1 (8.8317e-03, 4.9626e-02): lin 1 (0.0e+00)
Composition correction applied in 2 block(s)
-------------------------------------------------------------------------------------------------------------
 T = 43.627, DT = 0.1, NI = 1, LI = 1, RES = 4.7e-05 (6.7e-06), CFL=0.080 (ELAPSED 00:00:04, REMAINING 00:00:00 )
-------------------------------------------------------------------------------------------------------------
	 #1 (8.7456e-03, 4.7806e-02): lin 1 (0.0e+00)
Composition correction applied in 2 block(s)
-------------------------------------------------------------------------------------------------------------
 T = 43.727, DT = 0.1, NI = 1, LI = 1, RES = 1.5e-05 (7.2e-06), CFL=0.076 (ELAPSED 00:00:04, REMAINING 00:00:00 )
-------------------------------------------------------------------------------------------------------------
	 #1 (8.6257e-03, 4.4540e-02): lin 1 (0.0e+00)
Composition correction applied in 2 block(s)
	 #2 (2.3181e-03, 7.2542e-06): lin 1 (0.0e+00)
Composition correction applied in 2 block(s)
-------------------------------------------------------------------------------------------------------------
 T = 43.827, DT = 0.1, NI = 2, LI = 2, RES = 9.4e-06 (4.4e-05), CFL=0.082 (ELAPSED 00:00:05, REMAINING 00:00:00 )
-------------------------------------------------------------------------------------------------------------
	 #1 (6.5343e-03, 1.3991e-02): lin 1 (0.0e+00)
Composition correction applied in 2 block(s)
-------------------------------------------------------------------------------------------------------------
 T = 43.927, DT = 0.1, NI = 1, LI = 1, RES = 2.2e-04 (4.2e-06), CFL=0.088 (ELAPSED 00:00:05, REMAINING 00:00:00 )
-------------------------------------------------------------------------------------------------------------
	 #1 (5.7920e-03, 3.5785e-02): lin 1 (0.0e+00)
Composition correction applied in 2 block(s)
-------------------------------------------------------------------------------------------------------------
 T = 44.027, DT = 0.1, NI = 1, LI = 1, RES = 2.3e-04 (6.0e-06), CFL=0.091 (ELAPSED 00:00:05, REMAINING 00:00:00 )
-------------------------------------------------------------------------------------------------------------
	 #1 (5.7332e-03, 3.4132e-02): lin 1 (0.0e+00)
Composition correction applied in 2 block(s)
	 #2 (3.3389e-03, 7.3428e-06): lin 1 (0.0e+00)
Composition correction applied in 2 block(s)
-------------------------------------------------------------------------------------------------------------
 T = 44.127, DT = 0.1, NI = 2, LI = 2, RES = 4.4e-06 (4.0e-05), CFL=0.104 (ELAPSED 00:00:05, REMAINING 00:00:00 )
-------------------------------------------------------------------------------------------------------------
	 #1 (5.7554e-03, 9.3021e-02): lin 1 (0.0e+00)
Composition correction applied in 2 block(s)
-------------------------------------------------------------------------------------------------------------
 T = 44.227, DT = 0.1, NI = 1, LI = 1, RES = 2.0e-05 (8.3e-06), CFL=0.110 (ELAPSED 00:00:05, REMAINING 00:00:00 )
-------------------------------------------------------------------------------------------------------------
	 #1 (6.3096e-03, 7.6237e-02): lin 1 (0.0e+00)
Composition correction applied in 2 block(s)
-------------------------------------------------------------------------------------------------------------
 T = 44.327, DT = 0.1, NI = 1, LI = 1, RES = 1.6e-05 (8.2e-06), CFL=0.112 (ELAPSED 00:00:05, REMAINING 00:00:00 )
-------------------------------------------------------------------------------------------------------------
	 #1 (6.7551e-03, 5.1927e-02): lin 1 (0.0e+00)
Composition correction applied in 2 block(s)
-------------------------------------------------------------------------------------------------------------
 T = 44.427, DT = 0.1, NI = 1, LI = 1, RES = 5.2e-04 (1.3e-05), CFL=0.112 (ELAPSED 00:00:05, REMAINING 00:00:00 )
-------------------------------------------------------------------------------------------------------------
	 #1 (7.4591e-03, 3.0330e-02): lin 1 (0.0e+00)
Composition correction applied in 2 block(s)
-------------------------------------------------------------------------------------------------------------
 T = 44.527, DT = 0.1, NI = 1, LI = 1, RES = 6.2e-05 (6.1e-06), CFL=0.111 (ELAPSED 00:00:05, REMAINING 00:00:00 )
-------------------------------------------------------------------------------------------------------------
	 #1 (7.7804e-03, 2.1628e-03): lin 1 (0.0e+00)
Composition correction applied in 2 block(s)
-------------------------------------------------------------------------------------------------------------
 T = 44.627, DT = 0.1, NI = 1, LI = 1, RES = 3.6e-05 (1.7e-06), CFL=0.107 (ELAPSED 00:00:05, REMAINING 00:00:00 )
-------------------------------------------------------------------------------------------------------------
	 #1 (8.1542e-03, 1.5878e-02): lin 1 (0.0e+00)
Composition correction applied in 2 block(s)
-------------------------------------------------------------------------------------------------------------
 T = 44.727, DT = 0.1, NI = 1, LI = 1, RES = 1.5e-04 (1.2e-05), CFL=0.103 (ELAPSED 00:00:05, REMAINING 00:00:00 )
-------------------------------------------------------------------------------------------------------------
	 #1 (8.4879e-03, 2.9122e-02): lin 1 (0.0e+00)
Composition correction applied in 2 block(s)
-------------------------------------------------------------------------------------------------------------
 T = 44.827, DT = 0.1, NI = 1, LI = 1, RES = 2.3e-05 (5.2e-07), CFL=0.098 (ELAPSED 00:00:05, REMAINING 00:00:00 )
-------------------------------------------------------------------------------------------------------------
	 #1 (8.6634e-03, 4.0897e-02): lin 1 (0.0e+00)
Composition correction applied in 2 block(s)
-------------------------------------------------------------------------------------------------------------
 T = 44.927, DT = 0.1, NI = 1, LI = 1, RES = 2.2e-05 (2.1e-06), CFL=0.093 (ELAPSED 00:00:05, REMAINING 00:00:00 )
-------------------------------------------------------------------------------------------------------------
	 #1 (8.7642e-03, 4.6481e-02): lin 1 (0.0e+00)
Composition correction applied in 2 block(s)
-------------------------------------------------------------------------------------------------------------
 T = 45.027, DT = 0.1, NI = 1, LI = 1, RES = 5.3e-05 (8.5e-06), CFL=0.089 (ELAPSED 00:00:05, REMAINING 00:00:00 )
-------------------------------------------------------------------------------------------------------------
	 #1 (8.7736e-03, 4.8416e-02): lin 1 (0.0e+00)
Composition correction applied in 2 block(s)
-------------------------------------------------------------------------------------------------------------
 T = 45.127, DT = 0.1, NI = 1, LI = 1, RES = 1.9e-05 (6.1e-06), CFL=0.084 (ELAPSED 00:00:05, REMAINING 00:00:00 )
-------------------------------------------------------------------------------------------------------------
	 #1 (8.7164e-03, 4.7858e-02): lin 1 (0.0e+00)
Composition correction applied in 2 block(s)
-------------------------------------------------------------------------------------------------------------
 T = 45.227, DT = 0.1, NI = 1, LI = 1, RES = 1.1e-04 (6.7e-06), CFL=0.080 (ELAPSED 00:00:05, REMAINING 00:00:00 )
-------------------------------------------------------------------------------------------------------------
	 #1 (8.6575e-03, 4.5699e-02): lin 1 (0.0e+00)
Composition correction applied in 2 block(s)
-------------------------------------------------------------------------------------------------------------
 T = 45.327, DT = 0.1, NI = 1, LI = 1, RES = 1.5e-05 (5.8e-06), CFL=0.077 (ELAPSED 00:00:05, REMAINING 00:00:00 )
-------------------------------------------------------------------------------------------------------------
	 #1 (8.5043e-03, 4.3124e-02): lin 1 (0.0e+00)
Composition correction applied in 2 block(s)
	 #2 (1.5870e-03, 6.9788e-06): lin 1 (0.0e+00)
Composition correction applied in 2 block(s)
-------------------------------------------------------------------------------------------------------------
 T = 45.427, DT = 0.1, NI = 2, LI = 2, RES = 4.7e-06 (1.1e-05), CFL=0.080 (ELAPSED 00:00:05, REMAINING 00:00:00 )
-------------------------------------------------------------------------------------------------------------
	 #1 (6.9772e-03, 3.7651e-03): lin 1 (0.0e+00)
Composition correction applied in 2 block(s)
-------------------------------------------------------------------------------------------------------------
 T = 45.527, DT = 0.1, NI = 1, LI = 1, RES = 2.1e-04 (1.1e-05), CFL=0.087 (ELAPSED 00:00:05, REMAINING 00:00:00 )
-------------------------------------------------------------------------------------------------------------
	 #1 (5.6821e-03, 3.3821e-02): lin 1 (0.0e+00)
Composition correction applied in 2 block(s)
-------------------------------------------------------------------------------------------------------------
 T = 45.627, DT = 0.1, NI = 1, LI = 1, RES = 2.3e-04 (6.7e-06), CFL=0.090 (ELAPSED 00:00:05, REMAINING 00:00:00 )
-------------------------------------------------------------------------------------------------------------
	 #1 (5.6293e-03, 3.2237e-02): lin 1 (0.0e+00)
Composition correction applied in 2 block(s)
	 #2 (2.6128e-03, 5.2770e-06): lin 1 (0.0e+00)
Composition correction applied in 2 block(s)
-------------------------------------------------------------------------------------------------------------
 T = 45.727, DT = 0.1, NI = 2, LI = 2, RES = 2.7e-06 (3.4e-05), CFL=0.100 (ELAPSED 00:00:05, REMAINING 00:00:00 )
-------------------------------------------------------------------------------------------------------------
	 #1 (5.4239e-03, 7.6295e-02): lin 1 (0.0e+00)
Composition correction applied in 2 block(s)
-------------------------------------------------------------------------------------------------------------
 T = 45.827, DT = 0.1, NI = 1, LI = 1, RES = 1.5e-05 (8.5e-06), CFL=0.108 (ELAPSED 00:00:05, REMAINING 00:00:00 )
-------------------------------------------------------------------------------------------------------------
	 #1 (6.0619e-03, 7.6762e-02): lin 1 (0.0e+00)
Composition correction applied in 2 block(s)
-------------------------------------------------------------------------------------------------------------
 T = 45.927, DT = 0.1, NI = 1, LI = 1, RES = 2.3e-05 (8.7e-06), CFL=0.110 (ELAPSED 00:00:05, REMAINING 00:00:00 )
-------------------------------------------------------------------------------------------------------------
	 #1 (6.5135e-03, 5.3610e-02): lin 1 (0.0e+00)
Composition correction applied in 2 block(s)
-------------------------------------------------------------------------------------------------------------
 T = 46.027, DT = 0.1, NI = 1, LI = 1, RES = 3.5e-04 (1.4e-05), CFL=0.112 (ELAPSED 00:00:05, REMAINING 00:00:00 )
-------------------------------------------------------------------------------------------------------------
	 #1 (7.1173e-03, 3.3116e-02): lin 1 (0.0e+00)
Composition correction applied in 2 block(s)
-------------------------------------------------------------------------------------------------------------
 T = 46.127, DT = 0.1, NI = 1, LI = 1, RES = 5.7e-05 (7.6e-06), CFL=0.110 (ELAPSED 00:00:05, REMAINING 00:00:00 )
-------------------------------------------------------------------------------------------------------------
	 #1 (7.5251e-03, 7.0417e-03): lin 1 (0.0e+00)
Composition correction applied in 2 block(s)
-------------------------------------------------------------------------------------------------------------
 T = 46.227, DT = 0.1, NI = 1, LI = 1, RES = 3.7e-05 (2.2e-05), CFL=0.107 (ELAPSED 00:00:05, REMAINING 00:00:00 )
-------------------------------------------------------------------------------------------------------------
	 #1 (7.9237e-03, 1.1128e-02): lin 1 (0.0e+00)
Composition correction applied in 2 block(s)
-------------------------------------------------------------------------------------------------------------
 T = 46.327, DT = 0.1, NI = 1, LI = 1, RES = 7.8e-05 (1.2e-05), CFL=0.103 (ELAPSED 00:00:05, REMAINING 00:00:00 )
-------------------------------------------------------------------------------------------------------------
	 #1 (8.2413e-03, 2.4757e-02): lin 1 (0.0e+00)
Composition correction applied in 2 block(s)
-------------------------------------------------------------------------------------------------------------
 T = 46.427, DT = 0.1, NI = 1, LI = 1, RES = 2.3e-05 (1.3e-05), CFL=0.098 (ELAPSED 00:00:05, REMAINING 00:00:00 )
-------------------------------------------------------------------------------------------------------------
	 #1 (8.4824e-03, 3.6787e-02): lin 1 (0.0e+00)
Composition correction applied in 2 block(s)
-------------------------------------------------------------------------------------------------------------
 T = 46.527, DT = 0.1, NI = 1, LI = 1, RES = 2.1e-05 (1.7e-06), CFL=0.094 (ELAPSED 00:00:05, REMAINING 00:00:00 )
-------------------------------------------------------------------------------------------------------------
	 #1 (8.6107e-03, 4.3090e-02): lin 1 (0.0e+00)
Composition correction applied in 2 block(s)
-------------------------------------------------------------------------------------------------------------
 T = 46.627, DT = 0.1, NI = 1, LI = 1, RES = 4.7e-05 (8.9e-06), CFL=0.089 (ELAPSED 00:00:05, REMAINING 00:00:00 )
-------------------------------------------------------------------------------------------------------------
	 #1 (8.6401e-03, 4.5741e-02): lin 1 (0.0e+00)
Composition correction applied in 2 block(s)
-------------------------------------------------------------------------------------------------------------
 T = 46.727, DT = 0.1, NI = 1, LI = 1, RES = 1.7e-05 (5.3e-06), CFL=0.085 (ELAPSED 00:00:05, REMAINING 00:00:00 )
-------------------------------------------------------------------------------------------------------------
	 #1 (8.5975e-03, 4.5814e-02): lin 1 (0.0e+00)
Composition correction applied in 2 block(s)
-------------------------------------------------------------------------------------------------------------
 T = 46.827, DT = 0.1, NI = 1, LI = 1, RES = 8.3e-05 (6.0e-06), CFL=0.081 (ELAPSED 00:00:05, REMAINING 00:00:00 )
-------------------------------------------------------------------------------------------------------------
	 #1 (8.5391e-03, 4.4110e-02): lin 1 (0.0e+00)
Composition correction applied in 2 block(s)
-------------------------------------------------------------------------------------------------------------
 T = 46.927, DT = 0.1, NI = 1, LI = 1, RES = 1.5e-05 (6.2e-06), CFL=0.077 (ELAPSED 00:00:05, REMAINING 00:00:00 )
-------------------------------------------------------------------------------------------------------------
	 #1 (8.4063e-03, 4.1978e-02): lin 1 (0.0e+00)
Composition correction applied in 2 block(s)
	 #2 (1.0126e-03, 6.6791e-06): lin 1 (0.0e+00)
Composition correction applied in 2 block(s)
-------------------------------------------------------------------------------------------------------------
 T = 47.027, DT = 0.1, NI = 2, LI = 2, RES = 1.9e-06 (1.4e-06), CFL=0.078 (ELAPSED 00:00:05, REMAINING 00:00:00 )
-------------------------------------------------------------------------------------------------------------
	 #1 (7.3599e-03, 1.6837e-02): lin 1 (0.0e+00)
Composition correction applied in 2 block(s)
-------------------------------------------------------------------------------------------------------------
 T = 47.127, DT = 0.1, NI = 1, LI = 1, RES = 1.9e-04 (1.6e-05), CFL=0.085 (ELAPSED 00:00:05, REMAINING 00:00:00 )
-------------------------------------------------------------------------------------------------------------
	 #1 (5.5838e-03, 3.1836e-02): lin 1 (0.0e+00)
Composition correction applied in 2 block(s)
-------------------------------------------------------------------------------------------------------------
 T = 47.227, DT = 0.1, NI = 1, LI = 1, RES = 2.2e-04 (5.6e-06), CFL=0.089 (ELAPSED 00:00:05, REMAINING 00:00:00 )
-------------------------------------------------------------------------------------------------------------
	 #1 (5.5328e-03, 3.0396e-02): lin 1 (0.0e+00)
Composition correction applied in 2 block(s)
	 #2 (2.0273e-03, 5.2082e-06): lin 1 (0.0e+00)
Composition correction applied in 2 block(s)
-------------------------------------------------------------------------------------------------------------
 T = 47.327, DT = 0.1, NI = 2, LI = 2, RES = 1.7e-06 (2.2e-05), CFL=0.097 (ELAPSED 00:00:05, REMAINING 00:00:00 )
-------------------------------------------------------------------------------------------------------------
	 #1 (5.2196e-03, 6.2980e-02): lin 1 (0.0e+00)
Composition correction applied in 2 block(s)
-------------------------------------------------------------------------------------------------------------
 T = 47.427, DT = 0.1, NI = 1, LI = 1, RES = 1.7e-05 (8.5e-06), CFL=0.106 (ELAPSED 00:00:05, REMAINING 00:00:00 )
-------------------------------------------------------------------------------------------------------------
	 #1 (5.8474e-03, 7.6225e-02): lin 1 (0.0e+00)
Composition correction applied in 2 block(s)
-------------------------------------------------------------------------------------------------------------
 T = 47.527, DT = 0.1, NI = 1, LI = 1, RES = 2.0e-05 (2.1e-05), CFL=0.110 (ELAPSED 00:00:05, REMAINING 00:00:00 )
-------------------------------------------------------------------------------------------------------------
	 #1 (6.3010e-03, 5.4314e-02): lin 1 (0.0e+00)
Composition correction applied in 2 block(s)
-------------------------------------------------------------------------------------------------------------
 T = 47.627, DT = 0.1, NI = 1, LI = 1, RES = 2.2e-04 (1.4e-05), CFL=0.111 (ELAPSED 00:00:05, REMAINING 00:00:00 )
-------------------------------------------------------------------------------------------------------------
	 #1 (6.8243e-03, 3.4841e-02): lin 1 (0.0e+00)
Composition correction applied in 2 block(s)
-------------------------------------------------------------------------------------------------------------
 T = 47.727, DT = 0.1, NI = 1, LI = 1, RES = 5.3e-05 (8.6e-06), CFL=0.109 (ELAPSED 00:00:05, REMAINING 00:00:00 )
-------------------------------------------------------------------------------------------------------------
	 #1 (7.2960e-03, 1.0798e-02): lin 1 (0.0e+00)
Composition correction applied in 2 block(s)
-------------------------------------------------------------------------------------------------------------
 T = 47.827, DT = 0.1, NI = 1, LI = 1, RES = 3.6e-05 (3.2e-06), CFL=0.107 (ELAPSED 00:00:05, REMAINING 00:00:00 )
-------------------------------------------------------------------------------------------------------------
	 #1 (7.7139e-03, 7.2939e-03): lin 1 (0.0e+00)
Composition correction applied in 2 block(s)
-------------------------------------------------------------------------------------------------------------
 T = 47.927, DT = 0.1, NI = 1, LI = 1, RES = 3.2e-05 (1.1e-06), CFL=0.103 (ELAPSED 00:00:05, REMAINING 00:00:00 )
-------------------------------------------------------------------------------------------------------------
	 #1 (8.0227e-03, 2.1011e-02): lin 1 (0.0e+00)
Composition correction applied in 2 block(s)
-------------------------------------------------------------------------------------------------------------
 T = 48.027, DT = 0.1, NI = 1, LI = 1, RES = 3.5e-04 (1.1e-05), CFL=0.099 (ELAPSED 00:00:05, REMAINING 00:00:00 )
-------------------------------------------------------------------------------------------------------------
	 #1 (8.4076e-03, 3.0573e-02): lin 1 (0.0e+00)
Composition correction applied in 2 block(s)
-------------------------------------------------------------------------------------------------------------
 T = 48.127, DT = 0.1, NI = 1, LI = 1, RES = 2.2e-05 (1.2e-05), CFL=0.094 (ELAPSED 00:00:05, REMAINING 00:00:00 )
-------------------------------------------------------------------------------------------------------------
	 #1 (8.4281e-03, 3.9284e-02): lin 1 (0.0e+00)
Composition correction applied in 2 block(s)
-------------------------------------------------------------------------------------------------------------
 T = 48.227, DT = 0.1, NI = 1, LI = 1, RES = 4.4e-05 (2.9e-06), CFL=0.089 (ELAPSED 00:00:05, REMAINING 00:00:00 )
-------------------------------------------------------------------------------------------------------------
	 #1 (8.4875e-03, 4.2690e-02): lin 1 (0.0e+00)
Composition correction applied in 2 block(s)
-------------------------------------------------------------------------------------------------------------
 T = 48.327, DT = 0.1, NI = 1, LI = 1, RES = 1.8e-05 (4.4e-06), CFL=0.085 (ELAPSED 00:00:05, REMAINING 00:00:00 )
-------------------------------------------------------------------------------------------------------------
	 #1 (8.4681e-03, 4.3634e-02): lin 1 (0.0e+00)
Composition correction applied in 2 block(s)
-------------------------------------------------------------------------------------------------------------
 T = 48.427, DT = 0.1, NI = 1, LI = 1, RES = 5.3e-05 (5.6e-06), CFL=0.081 (ELAPSED 00:00:05, REMAINING 00:00:00 )
-------------------------------------------------------------------------------------------------------------
	 #1 (8.4115e-03, 4.2635e-02): lin 1 (0.0e+00)
Composition correction applied in 2 block(s)
-------------------------------------------------------------------------------------------------------------
 T = 48.527, DT = 0.1, NI = 1, LI = 1, RES = 1.8e-05 (5.5e-06), CFL=0.078 (ELAPSED 00:00:05, REMAINING 00:00:00 )
-------------------------------------------------------------------------------------------------------------
	 #1 (8.3146e-03, 4.0629e-02): lin 1 (0.0e+00)
Composition correction applied in 2 block(s)
-------------------------------------------------------------------------------------------------------------
 T = 48.627, DT = 0.1, NI = 1, LI = 1, RES = 4.3e-04 (6.2e-06), CFL=0.074 (ELAPSED 00:00:05, REMAINING 00:00:00 )
-------------------------------------------------------------------------------------------------------------
	 #1 (8.2145e-03, 3.8258e-02): lin 1 (0.0e+00)
Composition correction applied in 2 block(s)
-------------------------------------------------------------------------------------------------------------
 T = 48.727, DT = 0.1, NI = 1, LI = 1, RES = 1.7e-04 (2.5e-05), CFL=0.084 (ELAPSED 00:00:05, REMAINING 00:00:00 )
-------------------------------------------------------------------------------------------------------------
	 #1 (5.4502e-03, 3.1418e-02): lin 1 (0.0e+00)
Composition correction applied in 2 block(s)
-------------------------------------------------------------------------------------------------------------
 T = 48.827, DT = 0.1, NI = 1, LI = 1, RES = 2.1e-04 (6.7e-06), CFL=0.086 (ELAPSED 00:00:05, REMAINING 00:00:00 )
-------------------------------------------------------------------------------------------------------------
	 #1 (5.3851e-03, 2.6342e-02): lin 1 (0.0e+00)
Composition correction applied in 2 block(s)
	 #2 (1.3911e-03, 4.5100e-06): lin 1 (0.0e+00)
Composition correction applied in 2 block(s)
-------------------------------------------------------------------------------------------------------------
 T = 48.927, DT = 0.1, NI = 2, LI = 2, RES = 7.8e-07 (1.8e-06), CFL=0.093 (ELAPSED 00:00:05, REMAINING 00:00:00 )
-------------------------------------------------------------------------------------------------------------
	 #1 (5.0540e-03, 4.8918e-02): lin 1 (0.0e+00)
Composition correction applied in 2 block(s)
-------------------------------------------------------------------------------------------------------------
 T = 49.027, DT = 0.1, NI = 1, LI = 1, RES = 2.4e-05 (2.1e-05), CFL=0.103 (ELAPSED 00:00:05, REMAINING 00:00:00 )
-------------------------------------------------------------------------------------------------------------
	 #1 (5.5802e-03, 7.4116e-02): lin 1 (0.0e+00)
Composition correction applied in 2 block(s)
-------------------------------------------------------------------------------------------------------------
 T = 49.127, DT = 0.1, NI = 1, LI = 1, RES = 1.7e-05 (8.4e-06), CFL=0.107 (ELAPSED 00:00:05, REMAINING 00:00:00 )
-------------------------------------------------------------------------------------------------------------
	 #1 (6.0229e-03, 5.3857e-02): lin 1 (0.0e+00)
Composition correction applied in 2 block(s)
-------------------------------------------------------------------------------------------------------------
 T = 49.227, DT = 0.1, NI = 1, LI = 1, RES = 6.2e-05 (1.4e-05), CFL=0.109 (ELAPSED 00:00:05, REMAINING 00:00:00 )
-------------------------------------------------------------------------------------------------------------
	 #1 (6.4399e-03, 3.5949e-02): lin 1 (0.0e+00)
Composition correction applied in 2 block(s)
-------------------------------------------------------------------------------------------------------------
 T = 49.327, DT = 0.1, NI = 1, LI = 1, RES = 4.6e-05 (9.0e-06), CFL=0.108 (ELAPSED 00:00:05, REMAINING 00:00:00 )
-------------------------------------------------------------------------------------------------------------
	 #1 (6.9673e-03, 1.4280e-02): lin 1 (0.0e+00)
Composition correction applied in 2 block(s)
-------------------------------------------------------------------------------------------------------------
 T = 49.427, DT = 0.1, NI = 1, LI = 1, RES = 3.9e-05 (4.1e-06), CFL=0.105 (ELAPSED 00:00:05, REMAINING 00:00:00 )
-------------------------------------------------------------------------------------------------------------
	 #1 (7.3958e-03, 3.1598e-03): lin 1 (0.0e+00)
Composition correction applied in 2 block(s)
-------------------------------------------------------------------------------------------------------------
 T = 49.527, DT = 0.1, NI = 1, LI = 1, RES = 3.4e-05 (9.7e-06), CFL=0.102 (ELAPSED 00:00:05, REMAINING 00:00:00 )
-------------------------------------------------------------------------------------------------------------
	 #1 (7.7227e-03, 1.6545e-02): lin 1 (0.0e+00)
Composition correction applied in 2 block(s)
-------------------------------------------------------------------------------------------------------------
 T = 49.627, DT = 0.1, NI = 1, LI = 1, RES = 2.6e-04 (1.0e-05), CFL=0.098 (ELAPSED 00:00:05, REMAINING 00:00:00 )
-------------------------------------------------------------------------------------------------------------
	 #1 (8.0771e-03, 2.6258e-02): lin 1 (0.0e+00)
Composition correction applied in 2 block(s)
-------------------------------------------------------------------------------------------------------------
 T = 49.727, DT = 0.1, NI = 1, LI = 1, RES = 2.2e-05 (5.9e-07), CFL=0.093 (ELAPSED 00:00:05, REMAINING 00:00:00 )
-------------------------------------------------------------------------------------------------------------
	 #1 (8.1692e-03, 3.5139e-02): lin 1 (0.0e+00)
Composition correction applied in 2 block(s)
-------------------------------------------------------------------------------------------------------------
 T = 49.827, DT = 0.1, NI = 1, LI = 1, RES = 3.0e-05 (2.7e-06), CFL=0.089 (ELAPSED 00:00:05, REMAINING 00:00:00 )
-------------------------------------------------------------------------------------------------------------
	 #1 (8.2545e-03, 3.9155e-02): lin 1 (0.0e+00)
Composition correction applied in 2 block(s)
-------------------------------------------------------------------------------------------------------------
 T = 49.927, DT = 0.1, NI = 1, LI = 1, RES = 1.8e-05 (3.9e-06), CFL=0.085 (ELAPSED 00:00:05, REMAINING 00:00:00 )
-------------------------------------------------------------------------------------------------------------
	 #1 (6.0295e-03, 2.9616e-02): lin 1 (0.0e+00)
Composition correction applied in 2 block(s)
-------------------------------------------------------------------------------------------------------------
 T = 50, DT = 0.073, NI = 1, LI = 1, RES = 8.5e-06 (4.9e-06), CFL=0.060 (ELAPSED 00:00:05, REMAINING 00:00:00 )
-------------------------------------------------------------------------------------------------------------

Total steps 506 (0) newton 574 (0) linear 574 (0)
---OBL Statistics---
Number of operators: 34
Number of points: 401
Number of interpolations: 36754000 
Number of points used: 17500 (0.000%)
Total elapsed 5.559221 sec
	jacobian assembly 3.906738 sec
		interpolation 3.306847 sec
			reservoir 0 interpolation 4.081880 sec
				body generation 3.557843 sec
					point generation 3.537794 sec
			reservoir 1 interpolation 0.000000 sec
			reservoir 2 interpolation 0.000000 sec
			well controls interpolation 0.046144 sec
				body generation 0.043596 sec
					point generation 0.043094 sec
			wellbore interpolation 0.081087 sec
				body generation 0.077756 sec
					point generation 0.077321 sec
	linear solver setup 0.000726 sec
		SUPERLU 0.000156 sec
	linear solver solve 1.510159 sec
		SUPERLU 1.397387 sec
	newton update 0.047348 sec
		composition correction 0.019820 sec
