darts-linear-solvers built on May  1 2023 11:41:06 by lorozco@login04 from GITDIR-NOTFOUND
darts-engines built on 15/05/2023, 14:52:47 by lorozco@login03 from 8e8f836-dirty
darts-package built on 15/05/2023 14:56:21 by lorozco@login03 from 8e8f836-dirty
Reading DX from /scratch/lorozco/experiment_open-darts/open-darts/darts-models/Uniform_Brugge/Brugge_struct/dxdydz.in... 60048 values have been read.
Reading DY from /scratch/lorozco/experiment_open-darts/open-darts/darts-models/Uniform_Brugge/Brugge_struct/dxdydz.in... 60048 values have been read.
Reading DZ from /scratch/lorozco/experiment_open-darts/open-darts/darts-models/Uniform_Brugge/Brugge_struct/dxdydz.in... 60048 values have been read.
Reading ACTNUM from /scratch/lorozco/experiment_open-darts/open-darts/darts-models/Uniform_Brugge/Brugge_struct/ACTNUM.in... 60048 values have been read.
Reading DEPTH from /scratch/lorozco/experiment_open-darts/open-darts/darts-models/Uniform_Brugge/Brugge_struct/depth.in... 60048 values have been read.
first and last Node: [ 0 71] [ 0 71]
Point tag generated:  1
first and last Node: [ 9 30] [ 9 97]
Point tag generated: 2
Point tag generated: 3
first and last Node: [18 11] [ 18 117]
Point tag generated: 4
Point tag generated: 5
first and last Node: [27  1] [ 27 130]
Point tag generated: 6
Point tag generated: 7
first and last Node: [36  5] [ 36 138]
Point tag generated: 8
Point tag generated: 9
first and last Node: [45  6] [ 45 136]
Point tag generated: 10
Point tag generated: 11
line 1 to 2 line tag 1:
line 2to4,line tag:2
line 4to6,line tag:3
line 6to8,line tag:4
line 8to10,line tag:5
line 10to11,line tag:6
line 11to9,line tag:7
line 9to7,line tag:8
line 7to5,line tag:9
line 5to3,line tag:10
line 3to1,line tag:11
--------------------------------------
number of lines: 11
--------------------------------------
Info    : Meshing 1D...
Info    : [  0%] Meshing curve 1 (Line)
Info    : [ 10%] Meshing curve 2 (Line)
Info    : [ 10%] Meshing curve 3 (Line)
Info    : [ 10%] Meshing curve 4 (Line)
Info    : [ 20%] Meshing curve 5 (Line)
Info    : [ 20%] Meshing curve 6 (Line)
Info    : [ 20%] Meshing curve 7 (Line)
Info    : [ 30%] Meshing curve 8 (Line)
Info    : [ 30%] Meshing curve 9 (Line)
Info    : [ 30%] Meshing curve 10 (Line)
Info    : [ 40%] Meshing curve 11 (Line)
Info    : [ 40%] Meshing curve 213 (Extruded)
Info    : [ 40%] Meshing curve 214 (Extruded)
Info    : [ 40%] Meshing curve 215 (Extruded)
Info    : [ 50%] Meshing curve 216 (Extruded)
Info    : [ 50%] Meshing curve 217 (Extruded)
Info    : [ 50%] Meshing curve 218 (Extruded)
Info    : [ 60%] Meshing curve 219 (Extruded)
Info    : [ 60%] Meshing curve 220 (Extruded)
Info    : [ 60%] Meshing curve 221 (Extruded)
Info    : [ 70%] Meshing curve 222 (Extruded)
Info    : [ 70%] Meshing curve 223 (Extruded)
Info    : [ 70%] Meshing curve 225 (Extruded)
Info    : [ 70%] Meshing curve 226 (Extruded)
Info    : [ 80%] Meshing curve 230 (Extruded)
Info    : [ 80%] Meshing curve 234 (Extruded)
Info    : [ 80%] Meshing curve 238 (Extruded)
Info    : [ 90%] Meshing curve 242 (Extruded)
Info    : [ 90%] Meshing curve 246 (Extruded)
Info    : [ 90%] Meshing curve 250 (Extruded)
Info    : [100%] Meshing curve 254 (Extruded)
Info    : [100%] Meshing curve 258 (Extruded)
Info    : [100%] Meshing curve 262 (Extruded)
Info    : Done meshing 1D (Wall 0.0370623s, CPU 0.002569s)
Info    : Meshing 2D...
Info    : [  0%] Meshing surface 1 (Plane, Frontal-Delaunay)
Info    : [ 10%] Meshing surface 227 (Extruded)
Info    : [ 20%] Meshing surface 231 (Extruded)
Info    : [ 30%] Meshing surface 235 (Extruded)
Info    : [ 40%] Meshing surface 239 (Extruded)
Info    : [ 40%] Meshing surface 243 (Extruded)
Info    : [ 50%] Meshing surface 247 (Extruded)
Info    : [ 60%] Meshing surface 251 (Extruded)
Info    : [ 70%] Meshing surface 255 (Extruded)
Info    : [ 70%] Meshing surface 259 (Extruded)
Info    : [ 80%] Meshing surface 263 (Extruded)
Info    : [ 90%] Meshing surface 267 (Extruded)
Info    : [100%] Meshing surface 268 (Extruded)
Info    : Done meshing 2D (Wall 0.0136039s, CPU 0.005528s)
Info    : Meshing 3D...
Info    : Meshing volume 1 (Extruded)
Info    : Done meshing 3D (Wall 0.0044646s, CPU 0.000972s)
Info    : Optimizing mesh...
Info    : Done optimizing mesh (Wall 9.71602e-06s, CPU 1e-05s)
Info    : 534 nodes 1569 elements
Info    : Writing 'Brugge_model.msh'...
Info    : Done writing 'Brugge_model.msh'































Processing mesh: 431 reservoir blocks, 60 well blocks, 671 connections
3-phase 3-component isothermal flow with kinetic reaction and diffusion CPU engine
Sim params: 
	First ts: 	0.0001
	Max ts: 	2
	Mult ts: 	2
	Max i newton: 	10
	Max i linear: 	50
	Tol newton: 	0.001
	Tol linear: 	0.001

START SIMULATION
-------------------------------------------------------------------------------------------------------------
Well I1 initialized with BHP injector
Well I2 initialized with BHP injector
Well I3 initialized with BHP injector
Well I4 initialized with BHP injector
Well I5 initialized with BHP injector
Well I6 initialized with BHP injector
Well I7 initialized with BHP injector
Well I8 initialized with BHP injector
Well I9 initialized with BHP injector
Well I10 initialized with BHP injector
Well P1 initialized with BHP producer
Well P2 initialized with BHP producer
Well P3 initialized with BHP producer
Well P4 initialized with BHP producer
Well P5 initialized with BHP producer
Well P6 initialized with BHP producer
Well P7 initialized with BHP producer
Well P8 initialized with BHP producer
Well P9 initialized with BHP producer
Well P10 initialized with BHP producer
Well P11 initialized with BHP producer
Well P12 initialized with BHP producer
Well P13 initialized with BHP producer
Well P14 initialized with BHP producer
Well P15 initialized with BHP producer
Well P16 initialized with BHP producer
Well P17 initialized with BHP producer
Well P18 initialized with BHP producer
Well P19 initialized with BHP producer
Well P20 initialized with BHP producer
	 #1 (2.5690e-06, 1.6557e+03): lin 1 (0.0e+00)
Local chop applied in 40 block(s)
	 #2 (4.5755e-10, 9.4722e+02): lin 1 (0.0e+00)
Composition correction applied in 40 block(s)
Local chop applied in 40 block(s)
	 #3 (1.5576e-10, 1.4925e+04): lin 1 (0.0e+00)
	 #4 (2.0459e-14, 8.9802e+01): lin 1 (0.0e+00)
	 #5 (1.4567e-16, 1.6663e+00): lin 1 (0.0e+00)
-------------------------------------------------------------------------------------------------------------
 T = 0.0001, DT = 0.0001, NI = 5, LI = 5, RES = 9.1e-17 (2.4e-03), CFL=0.000 (ELAPSED 00:00:00 )
-------------------------------------------------------------------------------------------------------------
	 #1 (5.1167e-06, 6.4431e-02): lin 1 (0.0e+00)
-------------------------------------------------------------------------------------------------------------
 T = 0.0003, DT = 0.0002, NI = 1, LI = 1, RES = 7.2e-11 (1.8e-03), CFL=0.000 (ELAPSED 00:00:00 )
-------------------------------------------------------------------------------------------------------------
	 #1 (1.0211e-05, 4.5239e-03): lin 1 (0.0e+00)
-------------------------------------------------------------------------------------------------------------
 T = 0.0007, DT = 0.0004, NI = 1, LI = 1, RES = 2.9e-10 (2.1e-04), CFL=0.000 (ELAPSED 00:00:00 )
-------------------------------------------------------------------------------------------------------------
	 #1 (2.0334e-05, 7.1634e-04): lin 1 (0.0e+00)
-------------------------------------------------------------------------------------------------------------
 T = 0.0015, DT = 0.0008, NI = 1, LI = 1, RES = 1.7e-09 (1.4e-03), CFL=0.000 (ELAPSED 00:00:00 )
-------------------------------------------------------------------------------------------------------------
	 #1 (4.0322e-05, 2.9906e-03): lin 1 (0.0e+00)
-------------------------------------------------------------------------------------------------------------
 T = 0.0031, DT = 0.0016, NI = 1, LI = 1, RES = 1.4e-08 (1.1e-02), CFL=0.000 (ELAPSED 00:00:00 )
-------------------------------------------------------------------------------------------------------------
	 #1 (7.9307e-05, 2.1974e-02): lin 1 (0.0e+00)
-------------------------------------------------------------------------------------------------------------
 T = 0.0063, DT = 0.0032, NI = 1, LI = 1, RES = 3.4e-08 (8.1e-02), CFL=0.000 (ELAPSED 00:00:00 )
-------------------------------------------------------------------------------------------------------------
	 #1 (1.5361e-04, 1.6206e-01): lin 1 (0.0e+00)
	 #2 (1.0592e-07, 5.5721e-01): lin 1 (0.0e+00)
-------------------------------------------------------------------------------------------------------------
 T = 0.0127, DT = 0.0064, NI = 2, LI = 2, RES = 1.4e-14 (2.7e-05), CFL=0.000 (ELAPSED 00:00:00 )
-------------------------------------------------------------------------------------------------------------
	 #1 (2.8953e-04, 1.0437e-02): lin 1 (0.0e+00)
	 #2 (4.0759e-06, 3.2695e+00): lin 1 (0.0e+00)
-------------------------------------------------------------------------------------------------------------
 T = 0.0255, DT = 0.0128, NI = 2, LI = 2, RES = 4.9e-10 (4.7e-04), CFL=0.001 (ELAPSED 00:00:00 )
-------------------------------------------------------------------------------------------------------------
	 #1 (5.2209e-04, 1.9022e-02): lin 1 (0.0e+00)
	 #2 (9.9980e-06, 1.5714e+01): lin 1 (0.0e+00)
-------------------------------------------------------------------------------------------------------------
 T = 0.0511, DT = 0.0256, NI = 2, LI = 2, RES = 2.2e-09 (3.4e-03), CFL=0.003 (ELAPSED 00:00:00 )
-------------------------------------------------------------------------------------------------------------
	 #1 (8.8536e-04, 3.2112e-02): lin 1 (0.0e+00)
	 #2 (1.1589e-05, 5.9422e+01): lin 1 (0.0e+00)
-------------------------------------------------------------------------------------------------------------
 T = 0.1023, DT = 0.0512, NI = 2, LI = 2, RES = 8.3e-10 (2.1e-02), CFL=0.007 (ELAPSED 00:00:00 )
-------------------------------------------------------------------------------------------------------------
	 #1 (1.4152e-03, 4.8528e-02): lin 1 (0.0e+00)
	 #2 (2.9324e-05, 1.8184e+02): lin 1 (0.0e+00)
	 #3 (7.8905e-08, 1.2637e-01): lin 1 (0.0e+00)
-------------------------------------------------------------------------------------------------------------
 T = 0.2047, DT = 0.1024, NI = 3, LI = 3, RES = 4.9e-13 (3.0e-07), CFL=0.015 (ELAPSED 00:00:00 )
-------------------------------------------------------------------------------------------------------------
	 #1 (2.1499e-03, 5.9754e-02): lin 1 (0.0e+00)
	 #2 (2.4237e-05, 5.2052e+02): lin 1 (0.0e+00)
	 #3 (7.5102e-09, 7.2988e-01): lin 1 (0.0e+00)
-------------------------------------------------------------------------------------------------------------
 T = 0.4095, DT = 0.2048, NI = 3, LI = 3, RES = 2.2e-16 (7.9e-07), CFL=0.030 (ELAPSED 00:00:00 )
-------------------------------------------------------------------------------------------------------------
	 #1 (3.1563e-03, 6.0138e-02): lin 1 (0.0e+00)
	 #2 (2.0036e-05, 1.6090e+03): lin 1 (0.0e+00)
	 #3 (1.1596e-07, 3.6660e+00): lin 1 (0.0e+00)
-------------------------------------------------------------------------------------------------------------
 T = 0.8191, DT = 0.4096, NI = 3, LI = 3, RES = 4.0e-13 (9.8e-06), CFL=0.057 (ELAPSED 00:00:00 )
-------------------------------------------------------------------------------------------------------------
	 #1 (4.6019e-03, 5.2303e-02): lin 1 (0.0e+00)
	 #2 (3.6970e-05, 5.0342e+03): lin 1 (0.0e+00)
	 #3 (9.4451e-08, 1.6460e+01): lin 1 (0.0e+00)
-------------------------------------------------------------------------------------------------------------
 T = 1.6383, DT = 0.8192, NI = 3, LI = 3, RES = 3.5e-13 (2.1e-04), CFL=0.111 (ELAPSED 00:00:00 )
-------------------------------------------------------------------------------------------------------------
	 #1 (6.8407e-03, 5.1327e-02): lin 1 (0.0e+00)
	 #2 (3.9590e-05, 1.5876e+04): lin 1 (0.0e+00)
	 #3 (8.3654e-09, 5.6228e+01): lin 1 (0.0e+00)
-------------------------------------------------------------------------------------------------------------
 T = 3.2767, DT = 1.6384, NI = 3, LI = 3, RES = 4.5e-16 (1.3e-03), CFL=0.231 (ELAPSED 00:00:00 )
-------------------------------------------------------------------------------------------------------------
	 #1 (6.2480e-03, 3.9041e-02): lin 1 (0.0e+00)
	 #2 (2.8774e-05, 1.6795e+04): lin 1 (0.0e+00)
	 #3 (3.0927e-09, 3.5878e+02): lin 1 (0.0e+00)
	 #4 (5.8355e-14, 1.5260e+02): lin 1 (0.0e+00)
-------------------------------------------------------------------------------------------------------------
 T = 5.2767, DT = 2, NI = 4, LI = 4, RES = 4.9e-16 (2.0e-04), CFL=0.288 (ELAPSED 00:00:00, REMAINING 00:00:49 )
-------------------------------------------------------------------------------------------------------------
	 #1 (4.9508e-03, 2.5946e-02): lin 1 (0.0e+00)
	 #2 (1.7873e-05, 1.2093e+04): lin 1 (0.0e+00)
	 #3 (9.5580e-10, 1.5627e+02): lin 1 (0.0e+00)
	 #4 (5.0559e-15, 2.9975e+01): lin 1 (0.0e+00)
-------------------------------------------------------------------------------------------------------------
 T = 7.2767, DT = 2, NI = 4, LI = 4, RES = 4.5e-16 (7.4e-06), CFL=0.291 (ELAPSED 00:00:00, REMAINING 00:00:38 )
-------------------------------------------------------------------------------------------------------------
	 #1 (4.1450e-03, 1.7525e-02): lin 1 (0.0e+00)
	 #2 (1.4362e-05, 9.0077e+03): lin 1 (0.0e+00)
	 #3 (1.0928e-09, 7.1307e+00): lin 1 (0.0e+00)
-------------------------------------------------------------------------------------------------------------
 T = 9.2767, DT = 2, NI = 3, LI = 3, RES = 4.9e-16 (1.9e-03), CFL=0.294 (ELAPSED 00:00:00, REMAINING 00:00:33 )
-------------------------------------------------------------------------------------------------------------
	 #1 (3.5965e-03, 1.5442e-02): lin 1 (0.0e+00)
	 #2 (9.7649e-06, 6.6971e+03): lin 1 (0.0e+00)
	 #3 (4.2850e-10, 3.4784e+00): lin 1 (0.0e+00)
-------------------------------------------------------------------------------------------------------------
 T = 11.2767, DT = 2, NI = 3, LI = 3, RES = 4.8e-16 (2.9e-03), CFL=0.295 (ELAPSED 00:00:00, REMAINING 00:00:30 )
-------------------------------------------------------------------------------------------------------------
	 #1 (3.1982e-03, 1.3666e-02): lin 1 (0.0e+00)
	 #2 (9.4570e-06, 4.9795e+03): lin 1 (0.0e+00)
	 #3 (6.2622e-10, 2.7996e+01): lin 1 (0.0e+00)
	 #4 (4.7110e-16, 7.4726e-01): lin 1 (0.0e+00)
-------------------------------------------------------------------------------------------------------------
 T = 13.2767, DT = 2, NI = 4, LI = 4, RES = 4.6e-16 (7.6e-06), CFL=0.296 (ELAPSED 00:00:00, REMAINING 00:00:27 )
-------------------------------------------------------------------------------------------------------------
	 #1 (2.8920e-03, 1.0346e-02): lin 1 (0.0e+00)
	 #2 (4.7576e-06, 3.6867e+03): lin 1 (0.0e+00)
	 #3 (1.6118e-11, 8.0916e-01): lin 1 (0.0e+00)
-------------------------------------------------------------------------------------------------------------
 T = 15.2767, DT = 2, NI = 3, LI = 3, RES = 4.4e-16 (6.1e-06), CFL=0.296 (ELAPSED 00:00:00, REMAINING 00:00:26 )
-------------------------------------------------------------------------------------------------------------
	 #1 (2.6445e-03, 8.5892e-03): lin 1 (0.0e+00)
	 #2 (3.6208e-06, 2.7371e+03): lin 1 (0.0e+00)
	 #3 (2.1044e-11, 5.7808e+01): lin 1 (0.0e+00)
	 #4 (2.0952e-14, 4.7397e+00): lin 1 (0.0e+00)
-------------------------------------------------------------------------------------------------------------
 T = 17.2767, DT = 2, NI = 4, LI = 4, RES = 5.0e-16 (2.4e-02), CFL=0.297 (ELAPSED 00:00:00, REMAINING 00:00:25 )
-------------------------------------------------------------------------------------------------------------
	 #1 (2.4361e-03, 2.5746e-02): lin 1 (0.0e+00)
	 #2 (3.8988e-06, 2.0491e+03): lin 1 (0.0e+00)
	 #3 (3.0524e-11, 1.4152e+01): lin 1 (0.0e+00)
	 #4 (4.8452e-16, 1.8413e-01): lin 1 (0.0e+00)
-------------------------------------------------------------------------------------------------------------
 T = 19.2767, DT = 2, NI = 4, LI = 4, RES = 4.7e-16 (6.7e-06), CFL=0.297 (ELAPSED 00:00:00, REMAINING 00:00:24 )
-------------------------------------------------------------------------------------------------------------
	 #1 (2.2549e-03, 5.9507e-03): lin 1 (0.0e+00)
	 #2 (6.3808e-06, 1.5575e+03): lin 1 (0.0e+00)
	 #3 (3.3275e-10, 3.1868e+01): lin 1 (0.0e+00)
	 #4 (4.0949e-14, 5.6455e+00): lin 1 (0.0e+00)
	 #5 (4.8172e-16, 2.1146e-01): lin 1 (0.0e+00)
-------------------------------------------------------------------------------------------------------------
 T = 21.2767, DT = 2, NI = 5, LI = 5, RES = 4.9e-16 (7.1e-06), CFL=0.297 (ELAPSED 00:00:00, REMAINING 00:00:24 )
-------------------------------------------------------------------------------------------------------------
	 #1 (2.0937e-03, 4.6255e-03): lin 1 (0.0e+00)
	 #2 (8.2529e-06, 1.1956e+03): lin 1 (0.0e+00)
	 #3 (4.3709e-10, 1.3983e-01): lin 1 (0.0e+00)
-------------------------------------------------------------------------------------------------------------
 T = 23.2767, DT = 2, NI = 3, LI = 3, RES = 4.9e-16 (6.6e-06), CFL=0.297 (ELAPSED 00:00:00, REMAINING 00:00:23 )
-------------------------------------------------------------------------------------------------------------
	 #1 (1.9479e-03, 4.1352e-03): lin 1 (0.0e+00)
	 #2 (2.1254e-06, 9.3883e+02): lin 1 (0.0e+00)
-------------------------------------------------------------------------------------------------------------
 T = 25.2767, DT = 2, NI = 2, LI = 2, RES = 1.8e-12 (5.6e-02), CFL=0.297 (ELAPSED 00:00:00, REMAINING 00:00:22 )
-------------------------------------------------------------------------------------------------------------
	 #1 (1.8148e-03, 5.9315e-02): lin 1 (0.0e+00)
	 #2 (2.8694e-06, 7.4929e+02): lin 1 (0.0e+00)
-------------------------------------------------------------------------------------------------------------
 T = 27.2767, DT = 2, NI = 2, LI = 2, RES = 4.6e-11 (3.7e-02), CFL=0.298 (ELAPSED 00:00:00, REMAINING 00:00:22 )
-------------------------------------------------------------------------------------------------------------
	 #1 (1.6923e-03, 3.9924e-02): lin 1 (0.0e+00)
	 #2 (1.8643e-06, 6.0718e+02): lin 1 (0.0e+00)
-------------------------------------------------------------------------------------------------------------
 T = 29.2767, DT = 2, NI = 2, LI = 2, RES = 1.5e-12 (3.4e-02), CFL=0.298 (ELAPSED 00:00:00, REMAINING 00:00:21 )
-------------------------------------------------------------------------------------------------------------
	 #1 (1.5791e-03, 3.5612e-02): lin 1 (0.0e+00)
	 #2 (1.5806e-06, 4.9932e+02): lin 1 (0.0e+00)
-------------------------------------------------------------------------------------------------------------
 T = 31.2767, DT = 2, NI = 2, LI = 2, RES = 1.4e-12 (2.4e-02), CFL=0.298 (ELAPSED 00:00:00, REMAINING 00:00:20 )
-------------------------------------------------------------------------------------------------------------
	 #1 (1.4743e-03, 2.6020e-02): lin 1 (0.0e+00)
	 #2 (2.8927e-06, 4.1499e+02): lin 1 (0.0e+00)
-------------------------------------------------------------------------------------------------------------
 T = 33.2767, DT = 2, NI = 2, LI = 2, RES = 6.4e-11 (1.7e-02), CFL=0.298 (ELAPSED 00:00:00, REMAINING 00:00:20 )
-------------------------------------------------------------------------------------------------------------
	 #1 (1.3769e-03, 1.8364e-02): lin 1 (0.0e+00)
	 #2 (9.9791e-07, 3.4856e+02): lin 1 (0.0e+00)
-------------------------------------------------------------------------------------------------------------
 T = 35.2767, DT = 2, NI = 2, LI = 2, RES = 1.3e-12 (1.5e-02), CFL=0.298 (ELAPSED 00:00:00, REMAINING 00:00:19 )
-------------------------------------------------------------------------------------------------------------
	 #1 (1.2865e-03, 1.5978e-02): lin 1 (0.0e+00)
	 #2 (1.1147e-06, 2.9522e+02): lin 1 (0.0e+00)
-------------------------------------------------------------------------------------------------------------
 T = 37.2767, DT = 2, NI = 2, LI = 2, RES = 1.6e-12 (1.1e-02), CFL=0.298 (ELAPSED 00:00:00, REMAINING 00:00:19 )
-------------------------------------------------------------------------------------------------------------
	 #1 (1.2025e-03, 1.2500e-02): lin 1 (0.0e+00)
	 #2 (8.9185e-07, 2.5147e+02): lin 1 (0.0e+00)
-------------------------------------------------------------------------------------------------------------
 T = 39.2767, DT = 2, NI = 2, LI = 2, RES = 1.4e-12 (2.9e-03), CFL=0.298 (ELAPSED 00:00:00, REMAINING 00:00:18 )
-------------------------------------------------------------------------------------------------------------
	 #1 (1.1245e-03, 4.4309e-03): lin 1 (0.0e+00)
	 #2 (8.4432e-07, 2.0979e+02): lin 1 (0.0e+00)
-------------------------------------------------------------------------------------------------------------
 T = 41.2767, DT = 2, NI = 2, LI = 2, RES = 1.1e-12 (3.8e-03), CFL=0.298 (ELAPSED 00:00:00, REMAINING 00:00:18 )
-------------------------------------------------------------------------------------------------------------
	 #1 (1.0520e-03, 5.1428e-03): lin 1 (0.0e+00)
	 #2 (7.0086e-07, 1.8350e+02): lin 1 (0.0e+00)
-------------------------------------------------------------------------------------------------------------
 T = 43.2767, DT = 2, NI = 2, LI = 2, RES = 1.1e-12 (2.8e-03), CFL=0.298 (ELAPSED 00:00:00, REMAINING 00:00:18 )
-------------------------------------------------------------------------------------------------------------
	 #1 (9.8470e-04, 3.9816e-03): lin 1 (0.0e+00)
	 #2 (7.3954e-07, 1.5971e+02): lin 1 (0.0e+00)
-------------------------------------------------------------------------------------------------------------
 T = 45.2767, DT = 2, NI = 2, LI = 2, RES = 1.0e-12 (1.9e-03), CFL=0.298 (ELAPSED 00:00:00, REMAINING 00:00:17 )
-------------------------------------------------------------------------------------------------------------
	 #1 (9.2222e-04, 3.0555e-03): lin 1 (0.0e+00)
	 #2 (5.9825e-07, 1.3844e+02): lin 1 (0.0e+00)
-------------------------------------------------------------------------------------------------------------
 T = 47.2767, DT = 2, NI = 2, LI = 2, RES = 9.5e-13 (1.1e-03), CFL=0.298 (ELAPSED 00:00:00, REMAINING 00:00:17 )
-------------------------------------------------------------------------------------------------------------
	 #1 (8.6425e-04, 2.2270e-03): lin 1 (0.0e+00)
	 #2 (5.6963e-07, 1.1980e+02): lin 1 (0.0e+00)
-------------------------------------------------------------------------------------------------------------
 T = 49.2767, DT = 2, NI = 2, LI = 2, RES = 8.2e-13 (1.2e-03), CFL=0.298 (ELAPSED 00:00:00, REMAINING 00:00:17 )
-------------------------------------------------------------------------------------------------------------
	 #1 (8.1049e-04, 2.1392e-03): lin 1 (0.0e+00)
	 #2 (8.8719e-07, 1.0426e+02): lin 1 (0.0e+00)
-------------------------------------------------------------------------------------------------------------
 T = 51.2767, DT = 2, NI = 2, LI = 2, RES = 2.6e-12 (7.9e-04), CFL=0.298 (ELAPSED 00:00:00, REMAINING 00:00:17 )
-------------------------------------------------------------------------------------------------------------
	 #1 (7.6067e-04, 1.7650e-03): lin 1 (0.0e+00)
	 #2 (5.5771e-07, 8.9782e+01): lin 1 (0.0e+00)
-------------------------------------------------------------------------------------------------------------
 T = 53.2767, DT = 2, NI = 2, LI = 2, RES = 8.2e-13 (5.5e-04), CFL=0.298 (ELAPSED 00:00:00, REMAINING 00:00:16 )
-------------------------------------------------------------------------------------------------------------
	 #1 (7.1451e-04, 1.4946e-03): lin 1 (0.0e+00)
	 #2 (8.1361e-07, 7.8149e+01): lin 1 (0.0e+00)
-------------------------------------------------------------------------------------------------------------
 T = 55.2767, DT = 2, NI = 2, LI = 2, RES = 7.1e-13 (4.4e-04), CFL=0.298 (ELAPSED 00:00:00, REMAINING 00:00:16 )
-------------------------------------------------------------------------------------------------------------
	 #1 (6.7178e-04, 1.3025e-03): lin 1 (0.0e+00)
	 #2 (5.2984e-07, 6.7115e+01): lin 1 (0.0e+00)
-------------------------------------------------------------------------------------------------------------
 T = 57.2767, DT = 2, NI = 2, LI = 2, RES = 7.3e-13 (4.3e-04), CFL=0.298 (ELAPSED 00:00:00, REMAINING 00:00:16 )
-------------------------------------------------------------------------------------------------------------
	 #1 (6.3226e-04, 1.1985e-03): lin 1 (0.0e+00)
	 #2 (4.9960e-07, 5.8048e+01): lin 1 (0.0e+00)
-------------------------------------------------------------------------------------------------------------
 T = 59.2767, DT = 2, NI = 2, LI = 2, RES = 6.3e-13 (2.5e-04), CFL=0.298 (ELAPSED 00:00:00, REMAINING 00:00:16 )
-------------------------------------------------------------------------------------------------------------
	 #1 (5.9575e-04, 1.0184e-03): lin 1 (0.0e+00)
	 #2 (5.0365e-07, 5.0120e+01): lin 1 (0.0e+00)
-------------------------------------------------------------------------------------------------------------
 T = 61.2767, DT = 2, NI = 2, LI = 2, RES = 6.7e-13 (1.5e-04), CFL=0.298 (ELAPSED 00:00:00, REMAINING 00:00:16 )
-------------------------------------------------------------------------------------------------------------
	 #1 (5.6204e-04, 8.8827e-04): lin 1 (0.0e+00)
	 #2 (1.3339e-06, 4.7781e+01): lin 1 (0.0e+00)
-------------------------------------------------------------------------------------------------------------
 T = 63.2767, DT = 2, NI = 2, LI = 2, RES = 5.1e-12 (2.0e-04), CFL=0.298 (ELAPSED 00:00:00, REMAINING 00:00:16 )
-------------------------------------------------------------------------------------------------------------
	 #1 (5.3092e-04, 8.4647e-04): lin 1 (0.0e+00)
	 #2 (4.7524e-07, 3.7312e+01): lin 1 (0.0e+00)
-------------------------------------------------------------------------------------------------------------
 T = 65.2767, DT = 2, NI = 2, LI = 2, RES = 6.7e-13 (7.5e-05), CFL=0.298 (ELAPSED 00:00:00, REMAINING 00:00:15 )
-------------------------------------------------------------------------------------------------------------
	 #1 (5.0226e-04, 7.3784e-04): lin 1 (0.0e+00)
	 #2 (4.6925e-07, 3.2442e+01): lin 1 (0.0e+00)
-------------------------------------------------------------------------------------------------------------
 T = 67.2767, DT = 2, NI = 2, LI = 2, RES = 9.0e-13 (9.3e-05), CFL=0.298 (ELAPSED 00:00:00, REMAINING 00:00:15 )
-------------------------------------------------------------------------------------------------------------
	 #1 (4.7589e-04, 7.0778e-04): lin 1 (0.0e+00)
	 #2 (4.5032e-07, 2.7707e+01): lin 1 (0.0e+00)
-------------------------------------------------------------------------------------------------------------
 T = 69.2767, DT = 2, NI = 2, LI = 2, RES = 5.2e-13 (1.5e-04), CFL=0.298 (ELAPSED 00:00:00, REMAINING 00:00:15 )
-------------------------------------------------------------------------------------------------------------
	 #1 (4.5164e-04, 7.0253e-04): lin 1 (0.0e+00)
	 #2 (4.5198e-07, 2.3779e+01): lin 1 (0.0e+00)
-------------------------------------------------------------------------------------------------------------
 T = 71.2767, DT = 2, NI = 2, LI = 2, RES = 5.4e-13 (3.3e-05), CFL=0.298 (ELAPSED 00:00:00, REMAINING 00:00:15 )
-------------------------------------------------------------------------------------------------------------
	 #1 (4.2937e-04, 6.0582e-04): lin 1 (0.0e+00)
	 #2 (4.3450e-07, 2.0377e+01): lin 1 (0.0e+00)
-------------------------------------------------------------------------------------------------------------
 T = 73.2767, DT = 2, NI = 2, LI = 2, RES = 5.8e-13 (5.3e-05), CFL=0.298 (ELAPSED 00:00:00, REMAINING 00:00:15 )
-------------------------------------------------------------------------------------------------------------
	 #1 (4.0894e-04, 5.8988e-04): lin 1 (0.0e+00)
	 #2 (4.2935e-07, 1.7597e+01): lin 1 (0.0e+00)
-------------------------------------------------------------------------------------------------------------
 T = 75.2767, DT = 2, NI = 2, LI = 2, RES = 4.9e-13 (2.1e-05), CFL=0.298 (ELAPSED 00:00:00, REMAINING 00:00:15 )
-------------------------------------------------------------------------------------------------------------
	 #1 (3.9024e-04, 5.5794e-04): lin 1 (0.0e+00)
	 #2 (4.0479e-07, 1.5022e+01): lin 1 (0.0e+00)
-------------------------------------------------------------------------------------------------------------
 T = 77.2767, DT = 2, NI = 2, LI = 2, RES = 4.1e-13 (1.7e-05), CFL=0.298 (ELAPSED 00:00:00, REMAINING 00:00:15 )
-------------------------------------------------------------------------------------------------------------
	 #1 (3.7314e-04, 5.3901e-04): lin 1 (0.0e+00)
	 #2 (4.1055e-07, 1.2877e+01): lin 1 (0.0e+00)
-------------------------------------------------------------------------------------------------------------
 T = 79.2767, DT = 2, NI = 2, LI = 2, RES = 4.5e-13 (1.2e-05), CFL=0.298 (ELAPSED 00:00:00, REMAINING 00:00:15 )
-------------------------------------------------------------------------------------------------------------
	 #1 (3.5754e-04, 5.2620e-04): lin 1 (0.0e+00)
	 #2 (3.9250e-07, 1.1278e+01): lin 1 (0.0e+00)
-------------------------------------------------------------------------------------------------------------
 T = 81.2767, DT = 2, NI = 2, LI = 2, RES = 3.8e-13 (1.1e-05), CFL=0.298 (ELAPSED 00:00:00, REMAINING 00:00:15 )
-------------------------------------------------------------------------------------------------------------
	 #1 (3.4331e-04, 5.1795e-04): lin 1 (0.0e+00)
	 #2 (3.9809e-07, 9.4690e+00): lin 1 (0.0e+00)
-------------------------------------------------------------------------------------------------------------
 T = 83.2767, DT = 2, NI = 2, LI = 2, RES = 4.1e-13 (2.3e-05), CFL=0.298 (ELAPSED 00:00:00, REMAINING 00:00:14 )
-------------------------------------------------------------------------------------------------------------
	 #1 (3.3036e-04, 5.1277e-04): lin 1 (0.0e+00)
	 #2 (3.8817e-07, 8.1404e+00): lin 1 (0.0e+00)
-------------------------------------------------------------------------------------------------------------
 T = 85.2767, DT = 2, NI = 2, LI = 2, RES = 3.9e-13 (7.1e-06), CFL=0.298 (ELAPSED 00:00:00, REMAINING 00:00:14 )
-------------------------------------------------------------------------------------------------------------
	 #1 (3.1859e-04, 5.0969e-04): lin 1 (0.0e+00)
	 #2 (3.7453e-07, 7.0118e+00): lin 1 (0.0e+00)
-------------------------------------------------------------------------------------------------------------
 T = 87.2767, DT = 2, NI = 2, LI = 2, RES = 3.6e-13 (9.1e-06), CFL=0.298 (ELAPSED 00:00:00, REMAINING 00:00:14 )
-------------------------------------------------------------------------------------------------------------
	 #1 (3.0790e-04, 5.0981e-04): lin 1 (0.0e+00)
	 #2 (4.1714e-07, 8.3405e+00): lin 1 (0.0e+00)
-------------------------------------------------------------------------------------------------------------
 T = 89.2767, DT = 2, NI = 2, LI = 2, RES = 4.5e-13 (9.8e-06), CFL=0.298 (ELAPSED 00:00:00, REMAINING 00:00:14 )
-------------------------------------------------------------------------------------------------------------
	 #1 (2.9820e-04, 5.0949e-04): lin 1 (0.0e+00)
	 #2 (3.6344e-07, 5.2556e+00): lin 1 (0.0e+00)
-------------------------------------------------------------------------------------------------------------
 T = 91.2767, DT = 2, NI = 2, LI = 2, RES = 3.4e-13 (1.4e-05), CFL=0.298 (ELAPSED 00:00:00, REMAINING 00:00:14 )
-------------------------------------------------------------------------------------------------------------
	 #1 (2.8942e-04, 5.1346e-04): lin 1 (0.0e+00)
	 #2 (3.6076e-07, 4.6878e+00): lin 1 (0.0e+00)
-------------------------------------------------------------------------------------------------------------
 T = 93.2767, DT = 2, NI = 2, LI = 2, RES = 3.3e-13 (6.6e-06), CFL=0.298 (ELAPSED 00:00:00, REMAINING 00:00:14 )
-------------------------------------------------------------------------------------------------------------
	 #1 (2.8148e-04, 5.1286e-04): lin 1 (0.0e+00)
	 #2 (3.4425e-07, 4.7035e+00): lin 1 (0.0e+00)
-------------------------------------------------------------------------------------------------------------
 T = 95.2767, DT = 2, NI = 2, LI = 2, RES = 3.2e-13 (7.8e-06), CFL=0.298 (ELAPSED 00:00:00, REMAINING 00:00:14 )
-------------------------------------------------------------------------------------------------------------
	 #1 (2.7430e-04, 5.1708e-04): lin 1 (0.0e+00)
	 #2 (3.4085e-07, 3.6790e+00): lin 1 (0.0e+00)
-------------------------------------------------------------------------------------------------------------
 T = 97.2767, DT = 2, NI = 2, LI = 2, RES = 2.9e-13 (8.1e-06), CFL=0.298 (ELAPSED 00:00:00, REMAINING 00:00:14 )
-------------------------------------------------------------------------------------------------------------
	 #1 (2.6782e-04, 5.2134e-04): lin 1 (0.0e+00)
	 #2 (3.4045e-07, 3.3428e+00): lin 1 (0.0e+00)
-------------------------------------------------------------------------------------------------------------
 T = 99.2767, DT = 2, NI = 2, LI = 2, RES = 2.9e-13 (7.2e-06), CFL=0.298 (ELAPSED 00:00:00, REMAINING 00:00:14 )
-------------------------------------------------------------------------------------------------------------
	 #1 (2.6193e-04, 5.2566e-04): lin 1 (0.0e+00)
	 #2 (3.1961e-07, 3.0494e+00): lin 1 (0.0e+00)
-------------------------------------------------------------------------------------------------------------
 T = 101.277, DT = 2, NI = 2, LI = 2, RES = 2.5e-13 (8.1e-06), CFL=0.298 (ELAPSED 00:00:00, REMAINING 00:00:14 )
-------------------------------------------------------------------------------------------------------------
	 #1 (2.5664e-04, 5.2799e-04): lin 1 (0.0e+00)
	 #2 (3.2651e-07, 2.8573e+00): lin 1 (0.0e+00)
-------------------------------------------------------------------------------------------------------------
 T = 103.277, DT = 2, NI = 2, LI = 2, RES = 2.7e-13 (7.9e-06), CFL=0.298 (ELAPSED 00:00:01, REMAINING 00:00:14 )
-------------------------------------------------------------------------------------------------------------
	 #1 (2.5185e-04, 5.3600e-04): lin 1 (0.0e+00)
	 #2 (3.1888e-07, 2.6867e+00): lin 1 (0.0e+00)
-------------------------------------------------------------------------------------------------------------
 T = 105.277, DT = 2, NI = 2, LI = 2, RES = 2.4e-13 (6.3e-06), CFL=0.298 (ELAPSED 00:00:01, REMAINING 00:00:14 )
-------------------------------------------------------------------------------------------------------------
	 #1 (2.4753e-04, 5.3921e-04): lin 1 (0.0e+00)
	 #2 (3.1460e-07, 2.5701e+00): lin 1 (0.0e+00)
-------------------------------------------------------------------------------------------------------------
 T = 107.277, DT = 2, NI = 2, LI = 2, RES = 2.5e-13 (8.2e-06), CFL=0.298 (ELAPSED 00:00:01, REMAINING 00:00:14 )
-------------------------------------------------------------------------------------------------------------
	 #1 (2.4361e-04, 5.4336e-04): lin 1 (0.0e+00)
	 #2 (3.0234e-07, 2.5930e+00): lin 1 (0.0e+00)
-------------------------------------------------------------------------------------------------------------
 T = 109.277, DT = 2, NI = 2, LI = 2, RES = 2.2e-13 (6.5e-06), CFL=0.298 (ELAPSED 00:00:01, REMAINING 00:00:13 )
-------------------------------------------------------------------------------------------------------------
	 #1 (2.4007e-04, 5.4811e-04): lin 1 (0.0e+00)
	 #2 (2.9921e-07, 2.3994e+00): lin 1 (0.0e+00)
-------------------------------------------------------------------------------------------------------------
 T = 111.277, DT = 2, NI = 2, LI = 2, RES = 2.3e-13 (7.8e-06), CFL=0.298 (ELAPSED 00:00:01, REMAINING 00:00:13 )
-------------------------------------------------------------------------------------------------------------
	 #1 (2.3685e-04, 5.5098e-04): lin 1 (0.0e+00)
	 #2 (2.9136e-07, 2.2934e+00): lin 1 (0.0e+00)
-------------------------------------------------------------------------------------------------------------
 T = 113.277, DT = 2, NI = 2, LI = 2, RES = 2.1e-13 (7.3e-06), CFL=0.298 (ELAPSED 00:00:01, REMAINING 00:00:13 )
-------------------------------------------------------------------------------------------------------------
	 #1 (2.3392e-04, 5.5692e-04): lin 1 (0.0e+00)
	 #2 (2.9555e-07, 2.3150e+00): lin 1 (0.0e+00)
-------------------------------------------------------------------------------------------------------------
 T = 115.277, DT = 2, NI = 2, LI = 2, RES = 2.1e-13 (8.9e-06), CFL=0.298 (ELAPSED 00:00:01, REMAINING 00:00:13 )
-------------------------------------------------------------------------------------------------------------
	 #1 (2.3125e-04, 5.5863e-04): lin 1 (0.0e+00)
	 #2 (2.9757e-07, 2.2846e+00): lin 1 (0.0e+00)
-------------------------------------------------------------------------------------------------------------
 T = 117.277, DT = 2, NI = 2, LI = 2, RES = 2.0e-13 (7.0e-06), CFL=0.298 (ELAPSED 00:00:01, REMAINING 00:00:13 )
-------------------------------------------------------------------------------------------------------------
	 #1 (2.2876e-04, 5.6374e-04): lin 1 (0.0e+00)
	 #2 (2.8612e-07, 2.2565e+00): lin 1 (0.0e+00)
-------------------------------------------------------------------------------------------------------------
 T = 119.277, DT = 2, NI = 2, LI = 2, RES = 2.0e-13 (9.0e-06), CFL=0.298 (ELAPSED 00:00:01, REMAINING 00:00:13 )
-------------------------------------------------------------------------------------------------------------
	 #1 (2.2650e-04, 5.6688e-04): lin 1 (0.0e+00)
	 #2 (2.8103e-07, 2.2123e+00): lin 1 (0.0e+00)
-------------------------------------------------------------------------------------------------------------
 T = 121.277, DT = 2, NI = 2, LI = 2, RES = 1.9e-13 (7.9e-06), CFL=0.298 (ELAPSED 00:00:01, REMAINING 00:00:13 )
-------------------------------------------------------------------------------------------------------------
	 #1 (2.2444e-04, 5.6864e-04): lin 1 (0.0e+00)
	 #2 (2.7049e-07, 2.2202e+00): lin 1 (0.0e+00)
-------------------------------------------------------------------------------------------------------------
 T = 123.277, DT = 2, NI = 2, LI = 2, RES = 1.6e-13 (6.6e-06), CFL=0.298 (ELAPSED 00:00:01, REMAINING 00:00:13 )
-------------------------------------------------------------------------------------------------------------
	 #1 (2.2254e-04, 5.7195e-04): lin 1 (0.0e+00)
	 #2 (2.6589e-07, 2.1692e+00): lin 1 (0.0e+00)
-------------------------------------------------------------------------------------------------------------
 T = 125.277, DT = 2, NI = 2, LI = 2, RES = 1.7e-13 (7.4e-06), CFL=0.298 (ELAPSED 00:00:01, REMAINING 00:00:13 )
-------------------------------------------------------------------------------------------------------------
	 #1 (2.2078e-04, 5.7343e-04): lin 1 (0.0e+00)
	 #2 (2.6029e-07, 2.1343e+00): lin 1 (0.0e+00)
-------------------------------------------------------------------------------------------------------------
 T = 127.277, DT = 2, NI = 2, LI = 2, RES = 1.6e-13 (8.3e-06), CFL=0.298 (ELAPSED 00:00:01, REMAINING 00:00:13 )
-------------------------------------------------------------------------------------------------------------
	 #1 (2.1914e-04, 5.7538e-04): lin 1 (0.0e+00)
	 #2 (2.6378e-07, 2.1187e+00): lin 1 (0.0e+00)
-------------------------------------------------------------------------------------------------------------
 T = 129.277, DT = 2, NI = 2, LI = 2, RES = 1.6e-13 (7.5e-06), CFL=0.298 (ELAPSED 00:00:01, REMAINING 00:00:13 )
-------------------------------------------------------------------------------------------------------------
	 #1 (2.1761e-04, 5.7872e-04): lin 1 (0.0e+00)
	 #2 (2.6003e-07, 2.0837e+00): lin 1 (0.0e+00)
-------------------------------------------------------------------------------------------------------------
 T = 131.277, DT = 2, NI = 2, LI = 2, RES = 1.6e-13 (8.2e-06), CFL=0.298 (ELAPSED 00:00:01, REMAINING 00:00:13 )
-------------------------------------------------------------------------------------------------------------
	 #1 (2.1618e-04, 5.7928e-04): lin 1 (0.0e+00)
	 #2 (2.5263e-07, 2.0657e+00): lin 1 (0.0e+00)
-------------------------------------------------------------------------------------------------------------
 T = 133.277, DT = 2, NI = 2, LI = 2, RES = 1.4e-13 (6.3e-06), CFL=0.298 (ELAPSED 00:00:01, REMAINING 00:00:13 )
-------------------------------------------------------------------------------------------------------------
	 #1 (2.1482e-04, 5.8058e-04): lin 1 (0.0e+00)
	 #2 (2.5106e-07, 2.0525e+00): lin 1 (0.0e+00)
-------------------------------------------------------------------------------------------------------------
 T = 135.277, DT = 2, NI = 2, LI = 2, RES = 1.4e-13 (7.8e-06), CFL=0.298 (ELAPSED 00:00:01, REMAINING 00:00:13 )
-------------------------------------------------------------------------------------------------------------
	 #1 (2.1354e-04, 5.8345e-04): lin 1 (0.0e+00)
	 #2 (2.4216e-07, 2.0250e+00): lin 1 (0.0e+00)
-------------------------------------------------------------------------------------------------------------
 T = 137.277, DT = 2, NI = 2, LI = 2, RES = 1.3e-13 (7.4e-06), CFL=0.298 (ELAPSED 00:00:01, REMAINING 00:00:13 )
-------------------------------------------------------------------------------------------------------------
	 #1 (2.1232e-04, 5.8535e-04): lin 1 (0.0e+00)
	 #2 (2.4152e-07, 2.2759e+00): lin 1 (0.0e+00)
-------------------------------------------------------------------------------------------------------------
 T = 139.277, DT = 2, NI = 2, LI = 2, RES = 1.3e-13 (6.7e-06), CFL=0.298 (ELAPSED 00:00:01, REMAINING 00:00:13 )
-------------------------------------------------------------------------------------------------------------
	 #1 (2.1116e-04, 5.8669e-04): lin 1 (0.0e+00)
	 #2 (2.3952e-07, 2.0112e+00): lin 1 (0.0e+00)
-------------------------------------------------------------------------------------------------------------
 T = 141.277, DT = 2, NI = 2, LI = 2, RES = 1.3e-13 (7.5e-06), CFL=0.298 (ELAPSED 00:00:01, REMAINING 00:00:13 )
-------------------------------------------------------------------------------------------------------------
	 #1 (2.1005e-04, 5.8461e-04): lin 1 (0.0e+00)
	 #2 (2.3244e-07, 1.9615e+00): lin 1 (0.0e+00)
-------------------------------------------------------------------------------------------------------------
 T = 143.277, DT = 2, NI = 2, LI = 2, RES = 1.1e-13 (9.8e-06), CFL=0.298 (ELAPSED 00:00:01, REMAINING 00:00:13 )
-------------------------------------------------------------------------------------------------------------
	 #1 (2.0899e-04, 5.8469e-04): lin 1 (0.0e+00)
	 #2 (2.3384e-07, 1.9604e+00): lin 1 (0.0e+00)
-------------------------------------------------------------------------------------------------------------
 T = 145.277, DT = 2, NI = 2, LI = 2, RES = 1.2e-13 (8.2e-06), CFL=0.298 (ELAPSED 00:00:01, REMAINING 00:00:13 )
-------------------------------------------------------------------------------------------------------------
	 #1 (2.0796e-04, 5.8485e-04): lin 1 (0.0e+00)
	 #2 (2.2963e-07, 1.9318e+00): lin 1 (0.0e+00)
-------------------------------------------------------------------------------------------------------------
 T = 147.277, DT = 2, NI = 2, LI = 2, RES = 1.1e-13 (9.0e-06), CFL=0.298 (ELAPSED 00:00:01, REMAINING 00:00:13 )
-------------------------------------------------------------------------------------------------------------
	 #1 (2.0696e-04, 5.8639e-04): lin 1 (0.0e+00)
	 #2 (2.2552e-07, 1.9267e+00): lin 1 (0.0e+00)
-------------------------------------------------------------------------------------------------------------
 T = 149.277, DT = 2, NI = 2, LI = 2, RES = 1.1e-13 (7.9e-06), CFL=0.298 (ELAPSED 00:00:01, REMAINING 00:00:13 )
-------------------------------------------------------------------------------------------------------------
	 #1 (2.0599e-04, 5.8791e-04): lin 1 (0.0e+00)
	 #2 (2.2382e-07, 1.9102e+00): lin 1 (0.0e+00)
-------------------------------------------------------------------------------------------------------------
 T = 151.277, DT = 2, NI = 2, LI = 2, RES = 1.1e-13 (6.0e-06), CFL=0.298 (ELAPSED 00:00:01, REMAINING 00:00:13 )
-------------------------------------------------------------------------------------------------------------
	 #1 (2.0506e-04, 5.8931e-04): lin 1 (0.0e+00)
	 #2 (2.1905e-07, 2.1120e+00): lin 1 (0.0e+00)
-------------------------------------------------------------------------------------------------------------
 T = 153.277, DT = 2, NI = 2, LI = 2, RES = 9.8e-14 (8.3e-06), CFL=0.298 (ELAPSED 00:00:01, REMAINING 00:00:13 )
-------------------------------------------------------------------------------------------------------------
	 #1 (2.0414e-04, 5.8644e-04): lin 1 (0.0e+00)
	 #2 (2.1815e-07, 1.8890e+00): lin 1 (0.0e+00)
-------------------------------------------------------------------------------------------------------------
 T = 155.277, DT = 2, NI = 2, LI = 2, RES = 9.9e-14 (8.4e-06), CFL=0.299 (ELAPSED 00:00:01, REMAINING 00:00:13 )
-------------------------------------------------------------------------------------------------------------
	 #1 (2.0324e-04, 5.8811e-04): lin 1 (0.0e+00)
	 #2 (2.1461e-07, 1.8707e+00): lin 1 (0.0e+00)
-------------------------------------------------------------------------------------------------------------
 T = 157.277, DT = 2, NI = 2, LI = 2, RES = 9.5e-14 (8.1e-06), CFL=0.299 (ELAPSED 00:00:01, REMAINING 00:00:13 )
-------------------------------------------------------------------------------------------------------------
	 #1 (2.0237e-04, 5.8704e-04): lin 1 (0.0e+00)
	 #2 (2.1127e-07, 1.8455e+00): lin 1 (0.0e+00)
-------------------------------------------------------------------------------------------------------------
 T = 159.277, DT = 2, NI = 2, LI = 2, RES = 8.6e-14 (6.5e-06), CFL=0.299 (ELAPSED 00:00:01, REMAINING 00:00:12 )
-------------------------------------------------------------------------------------------------------------
	 #1 (2.0151e-04, 5.8693e-04): lin 1 (0.0e+00)
	 #2 (2.0991e-07, 1.8372e+00): lin 1 (0.0e+00)
-------------------------------------------------------------------------------------------------------------
 T = 161.277, DT = 2, NI = 2, LI = 2, RES = 8.9e-14 (8.7e-06), CFL=0.299 (ELAPSED 00:00:01, REMAINING 00:00:12 )
-------------------------------------------------------------------------------------------------------------
	 #1 (2.0066e-04, 5.8606e-04): lin 1 (0.0e+00)
	 #2 (2.0166e-07, 1.8221e+00): lin 1 (0.0e+00)
-------------------------------------------------------------------------------------------------------------
 T = 163.277, DT = 2, NI = 2, LI = 2, RES = 8.4e-14 (7.9e-06), CFL=0.299 (ELAPSED 00:00:01, REMAINING 00:00:12 )
-------------------------------------------------------------------------------------------------------------
	 #1 (1.9983e-04, 5.8476e-04): lin 1 (0.0e+00)
	 #2 (1.9938e-07, 1.8054e+00): lin 1 (0.0e+00)
-------------------------------------------------------------------------------------------------------------
 T = 165.277, DT = 2, NI = 2, LI = 2, RES = 8.3e-14 (8.4e-06), CFL=0.299 (ELAPSED 00:00:01, REMAINING 00:00:12 )
-------------------------------------------------------------------------------------------------------------
	 #1 (1.9901e-04, 5.8356e-04): lin 1 (0.0e+00)
	 #2 (2.0025e-07, 1.9884e+00): lin 1 (0.0e+00)
-------------------------------------------------------------------------------------------------------------
 T = 167.277, DT = 2, NI = 2, LI = 2, RES = 7.9e-14 (7.5e-06), CFL=0.299 (ELAPSED 00:00:01, REMAINING 00:00:12 )
-------------------------------------------------------------------------------------------------------------
	 #1 (1.9820e-04, 5.8447e-04): lin 1 (0.0e+00)
	 #2 (1.9950e-07, 1.7814e+00): lin 1 (0.0e+00)
-------------------------------------------------------------------------------------------------------------
 T = 169.277, DT = 2, NI = 2, LI = 2, RES = 7.6e-14 (7.4e-06), CFL=0.299 (ELAPSED 00:00:01, REMAINING 00:00:12 )
-------------------------------------------------------------------------------------------------------------
	 #1 (1.9740e-04, 5.8285e-04): lin 1 (0.0e+00)
	 #2 (1.9538e-07, 1.7680e+00): lin 1 (0.0e+00)
-------------------------------------------------------------------------------------------------------------
 T = 171.277, DT = 2, NI = 2, LI = 2, RES = 7.3e-14 (8.4e-06), CFL=0.299 (ELAPSED 00:00:01, REMAINING 00:00:12 )
-------------------------------------------------------------------------------------------------------------
	 #1 (1.9661e-04, 5.7960e-04): lin 1 (0.0e+00)
	 #2 (1.9227e-07, 1.7560e+00): lin 1 (0.0e+00)
-------------------------------------------------------------------------------------------------------------
 T = 173.277, DT = 2, NI = 2, LI = 2, RES = 7.1e-14 (7.0e-06), CFL=0.299 (ELAPSED 00:00:01, REMAINING 00:00:12 )
-------------------------------------------------------------------------------------------------------------
	 #1 (1.9583e-04, 5.7980e-04): lin 1 (0.0e+00)
	 #2 (1.9067e-07, 1.7446e+00): lin 1 (0.0e+00)
-------------------------------------------------------------------------------------------------------------
 T = 175.277, DT = 2, NI = 2, LI = 2, RES = 6.8e-14 (7.1e-06), CFL=0.299 (ELAPSED 00:00:01, REMAINING 00:00:12 )
-------------------------------------------------------------------------------------------------------------
	 #1 (1.9506e-04, 5.8060e-04): lin 1 (0.0e+00)
	 #2 (1.8602e-07, 1.7311e+00): lin 1 (0.0e+00)
-------------------------------------------------------------------------------------------------------------
 T = 177.277, DT = 2, NI = 2, LI = 2, RES = 6.6e-14 (6.8e-06), CFL=0.299 (ELAPSED 00:00:01, REMAINING 00:00:12 )
-------------------------------------------------------------------------------------------------------------
	 #1 (1.9430e-04, 5.7689e-04): lin 1 (0.0e+00)
	 #2 (1.8469e-07, 1.7218e+00): lin 1 (0.0e+00)
-------------------------------------------------------------------------------------------------------------
 T = 179.277, DT = 2, NI = 2, LI = 2, RES = 6.5e-14 (7.7e-06), CFL=0.299 (ELAPSED 00:00:01, REMAINING 00:00:12 )
-------------------------------------------------------------------------------------------------------------
	 #1 (1.9354e-04, 5.7596e-04): lin 1 (0.0e+00)
	 #2 (1.8441e-07, 1.8732e+00): lin 1 (0.0e+00)
-------------------------------------------------------------------------------------------------------------
 T = 181.277, DT = 2, NI = 2, LI = 2, RES = 6.1e-14 (8.0e-06), CFL=0.299 (ELAPSED 00:00:01, REMAINING 00:00:12 )
-------------------------------------------------------------------------------------------------------------
	 #1 (1.9279e-04, 5.7539e-04): lin 1 (0.0e+00)
	 #2 (1.8365e-07, 1.6969e+00): lin 1 (0.0e+00)
-------------------------------------------------------------------------------------------------------------
 T = 183.277, DT = 2, NI = 2, LI = 2, RES = 6.1e-14 (7.2e-06), CFL=0.299 (ELAPSED 00:00:01, REMAINING 00:00:12 )
-------------------------------------------------------------------------------------------------------------
	 #1 (1.9205e-04, 5.7576e-04): lin 1 (0.0e+00)
	 #2 (1.7846e-07, 1.5974e+00): lin 1 (0.0e+00)
-------------------------------------------------------------------------------------------------------------
 T = 185.277, DT = 2, NI = 2, LI = 2, RES = 5.6e-14 (7.7e-06), CFL=0.299 (ELAPSED 00:00:01, REMAINING 00:00:12 )
-------------------------------------------------------------------------------------------------------------
	 #1 (1.9131e-04, 5.7175e-04): lin 1 (0.0e+00)
	 #2 (1.7933e-07, 1.6730e+00): lin 1 (0.0e+00)
-------------------------------------------------------------------------------------------------------------
 T = 187.277, DT = 2, NI = 2, LI = 2, RES = 5.6e-14 (6.8e-06), CFL=0.299 (ELAPSED 00:00:01, REMAINING 00:00:12 )
-------------------------------------------------------------------------------------------------------------
	 #1 (1.9058e-04, 5.7214e-04): lin 1 (0.0e+00)
	 #2 (1.7351e-07, 1.6723e+00): lin 1 (0.0e+00)
-------------------------------------------------------------------------------------------------------------
 T = 189.277, DT = 2, NI = 2, LI = 2, RES = 5.5e-14 (8.7e-06), CFL=0.299 (ELAPSED 00:00:01, REMAINING 00:00:12 )
-------------------------------------------------------------------------------------------------------------
	 #1 (1.8986e-04, 5.7232e-04): lin 1 (0.0e+00)
	 #2 (1.7482e-07, 1.6524e+00): lin 1 (0.0e+00)
-------------------------------------------------------------------------------------------------------------
 T = 191.277, DT = 2, NI = 2, LI = 2, RES = 5.3e-14 (7.4e-06), CFL=0.299 (ELAPSED 00:00:01, REMAINING 00:00:12 )
-------------------------------------------------------------------------------------------------------------
	 #1 (1.8914e-04, 5.6684e-04): lin 1 (0.0e+00)
	 #2 (1.7215e-07, 1.6476e+00): lin 1 (0.0e+00)
-------------------------------------------------------------------------------------------------------------
 T = 193.277, DT = 2, NI = 2, LI = 2, RES = 5.1e-14 (8.3e-06), CFL=0.299 (ELAPSED 00:00:01, REMAINING 00:00:12 )
-------------------------------------------------------------------------------------------------------------
	 #1 (1.8842e-04, 5.6632e-04): lin 1 (0.0e+00)
	 #2 (1.6020e-07, 1.7386e+00): lin 1 (0.0e+00)
-------------------------------------------------------------------------------------------------------------
 T = 195.277, DT = 2, NI = 2, LI = 2, RES = 4.9e-14 (7.4e-06), CFL=0.299 (ELAPSED 00:00:01, REMAINING 00:00:12 )
-------------------------------------------------------------------------------------------------------------
	 #1 (1.8772e-04, 5.6700e-04): lin 1 (0.0e+00)
	 #2 (1.6935e-07, 1.6219e+00): lin 1 (0.0e+00)
-------------------------------------------------------------------------------------------------------------
 T = 197.277, DT = 2, NI = 2, LI = 2, RES = 4.8e-14 (6.4e-06), CFL=0.299 (ELAPSED 00:00:01, REMAINING 00:00:12 )
-------------------------------------------------------------------------------------------------------------
	 #1 (1.8702e-04, 5.6485e-04): lin 1 (0.0e+00)
	 #2 (1.6720e-07, 1.6022e+00): lin 1 (0.0e+00)
-------------------------------------------------------------------------------------------------------------
 T = 199.277, DT = 2, NI = 2, LI = 2, RES = 4.5e-14 (7.3e-06), CFL=0.299 (ELAPSED 00:00:01, REMAINING 00:00:12 )
-------------------------------------------------------------------------------------------------------------
	 #1 (1.8632e-04, 5.6357e-04): lin 1 (0.0e+00)
	 #2 (1.6548e-07, 1.5976e+00): lin 1 (0.0e+00)
-------------------------------------------------------------------------------------------------------------
 T = 201.277, DT = 2, NI = 2, LI = 2, RES = 4.4e-14 (6.5e-06), CFL=0.299 (ELAPSED 00:00:01, REMAINING 00:00:12 )
-------------------------------------------------------------------------------------------------------------
	 #1 (1.8563e-04, 5.6113e-04): lin 1 (0.0e+00)
	 #2 (1.6009e-07, 1.5757e+00): lin 1 (0.0e+00)
-------------------------------------------------------------------------------------------------------------
 T = 203.277, DT = 2, NI = 2, LI = 2, RES = 4.3e-14 (7.0e-06), CFL=0.299 (ELAPSED 00:00:01, REMAINING 00:00:12 )
-------------------------------------------------------------------------------------------------------------
	 #1 (1.8495e-04, 5.5931e-04): lin 1 (0.0e+00)
	 #2 (1.6112e-07, 1.5791e+00): lin 1 (0.0e+00)
-------------------------------------------------------------------------------------------------------------
 T = 205.277, DT = 2, NI = 2, LI = 2, RES = 4.2e-14 (8.4e-06), CFL=0.299 (ELAPSED 00:00:01, REMAINING 00:00:12 )
-------------------------------------------------------------------------------------------------------------
	 #1 (1.8427e-04, 5.5831e-04): lin 1 (0.0e+00)
	 #2 (1.6026e-07, 1.5668e+00): lin 1 (0.0e+00)
-------------------------------------------------------------------------------------------------------------
 T = 207.277, DT = 2, NI = 2, LI = 2, RES = 4.0e-14 (6.4e-06), CFL=0.299 (ELAPSED 00:00:01, REMAINING 00:00:12 )
-------------------------------------------------------------------------------------------------------------
	 #1 (1.8359e-04, 5.5818e-04): lin 1 (0.0e+00)
	 #2 (1.5645e-07, 1.5858e+00): lin 1 (0.0e+00)
-------------------------------------------------------------------------------------------------------------
 T = 209.277, DT = 2, NI = 2, LI = 2, RES = 3.9e-14 (7.8e-06), CFL=0.299 (ELAPSED 00:00:01, REMAINING 00:00:12 )
-------------------------------------------------------------------------------------------------------------
	 #1 (1.8293e-04, 5.5531e-04): lin 1 (0.0e+00)
	 #2 (1.5774e-07, 1.5396e+00): lin 1 (0.0e+00)
-------------------------------------------------------------------------------------------------------------
 T = 211.277, DT = 2, NI = 2, LI = 2, RES = 3.9e-14 (7.5e-06), CFL=0.299 (ELAPSED 00:00:01, REMAINING 00:00:12 )
-------------------------------------------------------------------------------------------------------------
	 #1 (1.8226e-04, 5.5301e-04): lin 1 (0.0e+00)
	 #2 (1.5020e-07, 1.5372e+00): lin 1 (0.0e+00)
-------------------------------------------------------------------------------------------------------------
 T = 213.277, DT = 2, NI = 2, LI = 2, RES = 3.7e-14 (7.7e-06), CFL=0.299 (ELAPSED 00:00:01, REMAINING 00:00:12 )
-------------------------------------------------------------------------------------------------------------
	 #1 (1.8160e-04, 5.5100e-04): lin 1 (0.0e+00)
	 #2 (1.5499e-07, 1.5569e+00): lin 1 (0.0e+00)
-------------------------------------------------------------------------------------------------------------
 T = 215.277, DT = 2, NI = 2, LI = 2, RES = 3.5e-14 (7.0e-06), CFL=0.299 (ELAPSED 00:00:01, REMAINING 00:00:12 )
-------------------------------------------------------------------------------------------------------------
	 #1 (1.8095e-04, 5.4909e-04): lin 1 (0.0e+00)
	 #2 (1.4801e-07, 1.5150e+00): lin 1 (0.0e+00)
-------------------------------------------------------------------------------------------------------------
 T = 217.277, DT = 2, NI = 2, LI = 2, RES = 3.4e-14 (6.2e-06), CFL=0.299 (ELAPSED 00:00:01, REMAINING 00:00:12 )
-------------------------------------------------------------------------------------------------------------
	 #1 (1.8030e-04, 5.4770e-04): lin 1 (0.0e+00)
	 #2 (1.4860e-07, 1.5073e+00): lin 1 (0.0e+00)
-------------------------------------------------------------------------------------------------------------
 T = 219.277, DT = 2, NI = 2, LI = 2, RES = 3.4e-14 (7.2e-06), CFL=0.299 (ELAPSED 00:00:01, REMAINING 00:00:12 )
-------------------------------------------------------------------------------------------------------------
	 #1 (1.7966e-04, 5.4554e-04): lin 1 (0.0e+00)
	 #2 (1.4961e-07, 1.4959e+00): lin 1 (0.0e+00)
-------------------------------------------------------------------------------------------------------------
 T = 221.277, DT = 2, NI = 2, LI = 2, RES = 3.2e-14 (7.6e-06), CFL=0.299 (ELAPSED 00:00:01, REMAINING 00:00:12 )
-------------------------------------------------------------------------------------------------------------
	 #1 (1.7902e-04, 5.4425e-04): lin 1 (0.0e+00)
	 #2 (1.4727e-07, 1.4700e+00): lin 1 (0.0e+00)
-------------------------------------------------------------------------------------------------------------
 T = 223.277, DT = 2, NI = 2, LI = 2, RES = 3.2e-14 (6.8e-06), CFL=0.299 (ELAPSED 00:00:01, REMAINING 00:00:12 )
-------------------------------------------------------------------------------------------------------------
	 #1 (1.7839e-04, 5.4338e-04): lin 1 (0.0e+00)
	 #2 (1.4388e-07, 1.6906e+00): lin 1 (0.0e+00)
-------------------------------------------------------------------------------------------------------------
 T = 225.277, DT = 2, NI = 2, LI = 2, RES = 3.1e-14 (6.9e-06), CFL=0.299 (ELAPSED 00:00:01, REMAINING 00:00:12 )
-------------------------------------------------------------------------------------------------------------
	 #1 (1.7777e-04, 5.4190e-04): lin 1 (0.0e+00)
	 #2 (1.4574e-07, 1.4678e+00): lin 1 (0.0e+00)
-------------------------------------------------------------------------------------------------------------
 T = 227.277, DT = 2, NI = 2, LI = 2, RES = 3.0e-14 (7.1e-06), CFL=0.299 (ELAPSED 00:00:01, REMAINING 00:00:12 )
-------------------------------------------------------------------------------------------------------------
	 #1 (1.7714e-04, 5.4106e-04): lin 1 (0.0e+00)
	 #2 (1.4485e-07, 1.4559e+00): lin 1 (0.0e+00)
-------------------------------------------------------------------------------------------------------------
 T = 229.277, DT = 2, NI = 2, LI = 2, RES = 2.9e-14 (7.9e-06), CFL=0.299 (ELAPSED 00:00:01, REMAINING 00:00:11 )
-------------------------------------------------------------------------------------------------------------
	 #1 (1.7653e-04, 5.3612e-04): lin 1 (0.0e+00)
	 #2 (1.3263e-07, 1.4481e+00): lin 1 (0.0e+00)
-------------------------------------------------------------------------------------------------------------
 T = 231.277, DT = 2, NI = 2, LI = 2, RES = 2.8e-14 (7.2e-06), CFL=0.299 (ELAPSED 00:00:01, REMAINING 00:00:11 )
-------------------------------------------------------------------------------------------------------------
	 #1 (1.7592e-04, 5.3643e-04): lin 1 (0.0e+00)
	 #2 (1.4056e-07, 1.4345e+00): lin 1 (0.0e+00)
-------------------------------------------------------------------------------------------------------------
 T = 233.277, DT = 2, NI = 2, LI = 2, RES = 2.8e-14 (7.4e-06), CFL=0.299 (ELAPSED 00:00:01, REMAINING 00:00:11 )
-------------------------------------------------------------------------------------------------------------
	 #1 (1.7531e-04, 5.3533e-04): lin 1 (0.0e+00)
	 #2 (1.4042e-07, 1.4218e+00): lin 1 (0.0e+00)
-------------------------------------------------------------------------------------------------------------
 T = 235.277, DT = 2, NI = 2, LI = 2, RES = 2.7e-14 (6.4e-06), CFL=0.299 (ELAPSED 00:00:01, REMAINING 00:00:11 )
-------------------------------------------------------------------------------------------------------------
	 #1 (1.7471e-04, 5.3202e-04): lin 1 (0.0e+00)
	 #2 (1.3934e-07, 1.4170e+00): lin 1 (0.0e+00)
-------------------------------------------------------------------------------------------------------------
 T = 237.277, DT = 2, NI = 2, LI = 2, RES = 2.6e-14 (7.6e-06), CFL=0.299 (ELAPSED 00:00:01, REMAINING 00:00:11 )
-------------------------------------------------------------------------------------------------------------
	 #1 (1.7411e-04, 5.3172e-04): lin 1 (0.0e+00)
	 #2 (1.3778e-07, 1.4621e+00): lin 1 (0.0e+00)
-------------------------------------------------------------------------------------------------------------
 T = 239.277, DT = 2, NI = 2, LI = 2, RES = 2.6e-14 (6.7e-06), CFL=0.299 (ELAPSED 00:00:01, REMAINING 00:00:11 )
-------------------------------------------------------------------------------------------------------------
	 #1 (1.7352e-04, 5.2963e-04): lin 1 (0.0e+00)
	 #2 (1.3308e-07, 1.4002e+00): lin 1 (0.0e+00)
-------------------------------------------------------------------------------------------------------------
 T = 241.277, DT = 2, NI = 2, LI = 2, RES = 2.5e-14 (7.2e-06), CFL=0.299 (ELAPSED 00:00:01, REMAINING 00:00:11 )
-------------------------------------------------------------------------------------------------------------
	 #1 (1.7293e-04, 5.2679e-04): lin 1 (0.0e+00)
	 #2 (1.3543e-07, 1.4097e+00): lin 1 (0.0e+00)
-------------------------------------------------------------------------------------------------------------
 T = 243.277, DT = 2, NI = 2, LI = 2, RES = 2.4e-14 (6.4e-06), CFL=0.299 (ELAPSED 00:00:01, REMAINING 00:00:11 )
-------------------------------------------------------------------------------------------------------------
	 #1 (1.7235e-04, 5.2511e-04): lin 1 (0.0e+00)
	 #2 (1.3116e-07, 1.3876e+00): lin 1 (0.0e+00)
-------------------------------------------------------------------------------------------------------------
 T = 245.277, DT = 2, NI = 2, LI = 2, RES = 2.3e-14 (6.4e-06), CFL=0.299 (ELAPSED 00:00:01, REMAINING 00:00:11 )
-------------------------------------------------------------------------------------------------------------
	 #1 (1.7177e-04, 5.2526e-04): lin 1 (0.0e+00)
	 #2 (1.3517e-07, 1.3708e+00): lin 1 (0.0e+00)
-------------------------------------------------------------------------------------------------------------
 T = 247.277, DT = 2, NI = 2, LI = 2, RES = 8.7e-14 (7.2e-06), CFL=0.299 (ELAPSED 00:00:01, REMAINING 00:00:11 )
-------------------------------------------------------------------------------------------------------------
	 #1 (1.7120e-04, 5.2233e-04): lin 1 (0.0e+00)
	 #2 (1.2755e-07, 2.3015e+00): lin 1 (0.0e+00)
-------------------------------------------------------------------------------------------------------------
 T = 249.277, DT = 2, NI = 2, LI = 2, RES = 2.2e-14 (6.1e-06), CFL=0.299 (ELAPSED 00:00:01, REMAINING 00:00:11 )
-------------------------------------------------------------------------------------------------------------
	 #1 (1.7064e-04, 5.1937e-04): lin 1 (0.0e+00)
	 #2 (1.3074e-07, 1.3527e+00): lin 1 (0.0e+00)
-------------------------------------------------------------------------------------------------------------
 T = 251.277, DT = 2, NI = 2, LI = 2, RES = 2.2e-14 (6.4e-06), CFL=0.299 (ELAPSED 00:00:01, REMAINING 00:00:11 )
-------------------------------------------------------------------------------------------------------------
	 #1 (1.7008e-04, 5.1757e-04): lin 1 (0.0e+00)
	 #2 (1.2874e-07, 1.3444e+00): lin 1 (0.0e+00)
-------------------------------------------------------------------------------------------------------------
 T = 253.277, DT = 2, NI = 2, LI = 2, RES = 2.1e-14 (5.2e-06), CFL=0.299 (ELAPSED 00:00:01, REMAINING 00:00:11 )
-------------------------------------------------------------------------------------------------------------
	 #1 (1.6952e-04, 5.1710e-04): lin 1 (0.0e+00)
	 #2 (1.2793e-07, 1.4711e+00): lin 1 (0.0e+00)
-------------------------------------------------------------------------------------------------------------
 T = 255.277, DT = 2, NI = 2, LI = 2, RES = 2.1e-14 (7.5e-06), CFL=0.299 (ELAPSED 00:00:01, REMAINING 00:00:11 )
-------------------------------------------------------------------------------------------------------------
	 #1 (1.6896e-04, 5.1424e-04): lin 1 (0.0e+00)
	 #2 (1.2550e-07, 1.3311e+00): lin 1 (0.0e+00)
-------------------------------------------------------------------------------------------------------------
 T = 257.277, DT = 2, NI = 2, LI = 2, RES = 2.0e-14 (6.9e-06), CFL=0.299 (ELAPSED 00:00:01, REMAINING 00:00:11 )
-------------------------------------------------------------------------------------------------------------
	 #1 (1.6841e-04, 5.1264e-04): lin 1 (0.0e+00)
	 #2 (1.2322e-07, 1.3159e+00): lin 1 (0.0e+00)
-------------------------------------------------------------------------------------------------------------
 T = 259.277, DT = 2, NI = 2, LI = 2, RES = 1.9e-14 (8.1e-06), CFL=0.299 (ELAPSED 00:00:01, REMAINING 00:00:11 )
-------------------------------------------------------------------------------------------------------------
	 #1 (1.6787e-04, 5.1027e-04): lin 1 (0.0e+00)
	 #2 (1.2247e-07, 1.3000e+00): lin 1 (0.0e+00)
-------------------------------------------------------------------------------------------------------------
 T = 261.277, DT = 2, NI = 2, LI = 2, RES = 1.8e-14 (7.1e-06), CFL=0.299 (ELAPSED 00:00:01, REMAINING 00:00:11 )
-------------------------------------------------------------------------------------------------------------
	 #1 (1.6733e-04, 5.0803e-04): lin 1 (0.0e+00)
	 #2 (1.2435e-07, 1.3006e+00): lin 1 (0.0e+00)
-------------------------------------------------------------------------------------------------------------
 T = 263.277, DT = 2, NI = 2, LI = 2, RES = 1.9e-14 (7.5e-06), CFL=0.299 (ELAPSED 00:00:01, REMAINING 00:00:11 )
-------------------------------------------------------------------------------------------------------------
	 #1 (1.6680e-04, 5.0787e-04): lin 1 (0.0e+00)
	 #2 (1.2275e-07, 1.3022e+00): lin 1 (0.0e+00)
-------------------------------------------------------------------------------------------------------------
 T = 265.277, DT = 2, NI = 2, LI = 2, RES = 1.8e-14 (7.2e-06), CFL=0.299 (ELAPSED 00:00:02, REMAINING 00:00:11 )
-------------------------------------------------------------------------------------------------------------
	 #1 (1.6627e-04, 5.0498e-04): lin 1 (0.0e+00)
	 #2 (1.2040e-07, 1.2625e+00): lin 1 (0.0e+00)
-------------------------------------------------------------------------------------------------------------
 T = 267.277, DT = 2, NI = 2, LI = 2, RES = 1.8e-14 (6.4e-06), CFL=0.299 (ELAPSED 00:00:02, REMAINING 00:00:11 )
-------------------------------------------------------------------------------------------------------------
	 #1 (1.6574e-04, 5.0236e-04): lin 1 (0.0e+00)
	 #2 (1.2156e-07, 1.2937e+00): lin 1 (0.0e+00)
-------------------------------------------------------------------------------------------------------------
 T = 269.277, DT = 2, NI = 2, LI = 2, RES = 1.7e-14 (7.0e-06), CFL=0.299 (ELAPSED 00:00:02, REMAINING 00:00:11 )
-------------------------------------------------------------------------------------------------------------
	 #1 (1.6522e-04, 5.0209e-04): lin 1 (0.0e+00)
	 #2 (1.1935e-07, 1.4187e+00): lin 1 (0.0e+00)
-------------------------------------------------------------------------------------------------------------
 T = 271.277, DT = 2, NI = 2, LI = 2, RES = 1.7e-14 (6.3e-06), CFL=0.299 (ELAPSED 00:00:02, REMAINING 00:00:11 )
-------------------------------------------------------------------------------------------------------------
	 #1 (1.6470e-04, 5.0128e-04): lin 1 (0.0e+00)
	 #2 (1.1779e-07, 1.2542e+00): lin 1 (0.0e+00)
-------------------------------------------------------------------------------------------------------------
 T = 273.277, DT = 2, NI = 2, LI = 2, RES = 1.6e-14 (5.3e-06), CFL=0.299 (ELAPSED 00:00:02, REMAINING 00:00:11 )
-------------------------------------------------------------------------------------------------------------
	 #1 (1.6419e-04, 4.9755e-04): lin 1 (0.0e+00)
	 #2 (1.1745e-07, 1.2452e+00): lin 1 (0.0e+00)
-------------------------------------------------------------------------------------------------------------
 T = 275.277, DT = 2, NI = 2, LI = 2, RES = 1.6e-14 (7.4e-06), CFL=0.299 (ELAPSED 00:00:02, REMAINING 00:00:11 )
-------------------------------------------------------------------------------------------------------------
	 #1 (1.6368e-04, 4.9714e-04): lin 1 (0.0e+00)
	 #2 (1.1607e-07, 2.5191e+00): lin 1 (0.0e+00)
-------------------------------------------------------------------------------------------------------------
 T = 277.277, DT = 2, NI = 2, LI = 2, RES = 1.6e-14 (6.9e-06), CFL=0.299 (ELAPSED 00:00:02, REMAINING 00:00:11 )
-------------------------------------------------------------------------------------------------------------
	 #1 (1.6318e-04, 4.9275e-04): lin 1 (0.0e+00)
	 #2 (1.1648e-07, 1.2280e+00): lin 1 (0.0e+00)
-------------------------------------------------------------------------------------------------------------
 T = 279.277, DT = 2, NI = 2, LI = 2, RES = 1.6e-14 (6.1e-06), CFL=0.299 (ELAPSED 00:00:02, REMAINING 00:00:11 )
-------------------------------------------------------------------------------------------------------------
	 #1 (1.6268e-04, 4.9241e-04): lin 1 (0.0e+00)
	 #2 (1.1505e-07, 1.2182e+00): lin 1 (0.0e+00)
-------------------------------------------------------------------------------------------------------------
 T = 281.277, DT = 2, NI = 2, LI = 2, RES = 1.5e-14 (6.0e-06), CFL=0.299 (ELAPSED 00:00:02, REMAINING 00:00:11 )
-------------------------------------------------------------------------------------------------------------
	 #1 (1.6218e-04, 4.8971e-04): lin 1 (0.0e+00)
	 #2 (1.1454e-07, 1.7082e+00): lin 1 (0.0e+00)
-------------------------------------------------------------------------------------------------------------
 T = 283.277, DT = 2, NI = 2, LI = 2, RES = 1.5e-14 (6.4e-06), CFL=0.299 (ELAPSED 00:00:02, REMAINING 00:00:11 )
-------------------------------------------------------------------------------------------------------------
	 #1 (1.6169e-04, 4.8895e-04): lin 1 (0.0e+00)
	 #2 (1.1260e-07, 1.2028e+00): lin 1 (0.0e+00)
-------------------------------------------------------------------------------------------------------------
 T = 285.277, DT = 2, NI = 2, LI = 2, RES = 1.4e-14 (6.9e-06), CFL=0.299 (ELAPSED 00:00:02, REMAINING 00:00:11 )
-------------------------------------------------------------------------------------------------------------
	 #1 (1.6120e-04, 4.8749e-04): lin 1 (0.0e+00)
	 #2 (1.1020e-07, 1.3087e+00): lin 1 (0.0e+00)
-------------------------------------------------------------------------------------------------------------
 T = 287.277, DT = 2, NI = 2, LI = 2, RES = 1.4e-14 (6.5e-06), CFL=0.299 (ELAPSED 00:00:02, REMAINING 00:00:11 )
-------------------------------------------------------------------------------------------------------------
	 #1 (1.6072e-04, 4.8515e-04): lin 1 (0.0e+00)
	 #2 (1.1142e-07, 1.1776e+00): lin 1 (0.0e+00)
-------------------------------------------------------------------------------------------------------------
 T = 289.277, DT = 2, NI = 2, LI = 2, RES = 1.4e-14 (6.5e-06), CFL=0.299 (ELAPSED 00:00:02, REMAINING 00:00:11 )
-------------------------------------------------------------------------------------------------------------
	 #1 (1.6024e-04, 4.8220e-04): lin 1 (0.0e+00)
	 #2 (1.0650e-07, 1.1758e+00): lin 1 (0.0e+00)
-------------------------------------------------------------------------------------------------------------
 T = 291.277, DT = 2, NI = 2, LI = 2, RES = 1.3e-14 (5.9e-06), CFL=0.299 (ELAPSED 00:00:02, REMAINING 00:00:11 )
-------------------------------------------------------------------------------------------------------------
	 #1 (1.5976e-04, 4.8133e-04): lin 1 (0.0e+00)
	 #2 (1.1062e-07, 1.1720e+00): lin 1 (0.0e+00)
-------------------------------------------------------------------------------------------------------------
 T = 293.277, DT = 2, NI = 2, LI = 2, RES = 1.3e-14 (5.9e-06), CFL=0.299 (ELAPSED 00:00:02, REMAINING 00:00:11 )
-------------------------------------------------------------------------------------------------------------
	 #1 (1.5929e-04, 4.8086e-04): lin 1 (0.0e+00)
	 #2 (1.0926e-07, 1.3973e+00): lin 1 (0.0e+00)
-------------------------------------------------------------------------------------------------------------
 T = 295.277, DT = 2, NI = 2, LI = 2, RES = 1.3e-14 (6.9e-06), CFL=0.299 (ELAPSED 00:00:02, REMAINING 00:00:11 )
-------------------------------------------------------------------------------------------------------------
	 #1 (1.5883e-04, 4.7809e-04): lin 1 (0.0e+00)
	 #2 (1.0859e-07, 1.1517e+00): lin 1 (0.0e+00)
-------------------------------------------------------------------------------------------------------------
 T = 297.277, DT = 2, NI = 2, LI = 2, RES = 1.3e-14 (7.1e-06), CFL=0.299 (ELAPSED 00:00:02, REMAINING 00:00:11 )
-------------------------------------------------------------------------------------------------------------
	 #1 (1.5836e-04, 4.7646e-04): lin 1 (0.0e+00)
	 #2 (1.0754e-07, 1.1439e+00): lin 1 (0.0e+00)
-------------------------------------------------------------------------------------------------------------
 T = 299.277, DT = 2, NI = 2, LI = 2, RES = 1.2e-14 (7.4e-06), CFL=0.299 (ELAPSED 00:00:02, REMAINING 00:00:11 )
-------------------------------------------------------------------------------------------------------------
	 #1 (1.5790e-04, 4.7410e-04): lin 1 (0.0e+00)
	 #2 (1.0608e-07, 1.1357e+00): lin 1 (0.0e+00)
-------------------------------------------------------------------------------------------------------------
 T = 301.277, DT = 2, NI = 2, LI = 2, RES = 1.2e-14 (6.3e-06), CFL=0.299 (ELAPSED 00:00:02, REMAINING 00:00:11 )
-------------------------------------------------------------------------------------------------------------
	 #1 (1.5744e-04, 4.7195e-04): lin 1 (0.0e+00)
	 #2 (1.0635e-07, 1.1323e+00): lin 1 (0.0e+00)
-------------------------------------------------------------------------------------------------------------
 T = 303.277, DT = 2, NI = 2, LI = 2, RES = 1.2e-14 (6.1e-06), CFL=0.299 (ELAPSED 00:00:02, REMAINING 00:00:11 )
-------------------------------------------------------------------------------------------------------------
	 #1 (1.5699e-04, 4.7101e-04): lin 1 (0.0e+00)
	 #2 (1.0599e-07, 1.1189e+00): lin 1 (0.0e+00)
-------------------------------------------------------------------------------------------------------------
 T = 305.277, DT = 2, NI = 2, LI = 2, RES = 1.2e-14 (6.1e-06), CFL=0.299 (ELAPSED 00:00:02, REMAINING 00:00:11 )
-------------------------------------------------------------------------------------------------------------
	 #1 (1.5654e-04, 4.6986e-04): lin 1 (0.0e+00)
	 #2 (9.9971e-08, 1.1111e+00): lin 1 (0.0e+00)
-------------------------------------------------------------------------------------------------------------
 T = 307.277, DT = 2, NI = 2, LI = 2, RES = 1.1e-14 (5.9e-06), CFL=0.299 (ELAPSED 00:00:02, REMAINING 00:00:11 )
-------------------------------------------------------------------------------------------------------------
	 #1 (1.5610e-04, 4.6775e-04): lin 1 (0.0e+00)
	 #2 (1.0018e-07, 1.1036e+00): lin 1 (0.0e+00)
-------------------------------------------------------------------------------------------------------------
 T = 309.277, DT = 2, NI = 2, LI = 2, RES = 1.1e-14 (7.0e-06), CFL=0.299 (ELAPSED 00:00:02, REMAINING 00:00:11 )
-------------------------------------------------------------------------------------------------------------
	 #1 (1.5566e-04, 4.6536e-04): lin 1 (0.0e+00)
	 #2 (1.0241e-07, 1.1067e+00): lin 1 (0.0e+00)
-------------------------------------------------------------------------------------------------------------
 T = 311.277, DT = 2, NI = 2, LI = 2, RES = 1.1e-14 (7.3e-06), CFL=0.299 (ELAPSED 00:00:02, REMAINING 00:00:11 )
-------------------------------------------------------------------------------------------------------------
	 #1 (1.5522e-04, 4.6398e-04): lin 1 (0.0e+00)
	 #2 (1.0133e-07, 1.0877e+00): lin 1 (0.0e+00)
-------------------------------------------------------------------------------------------------------------
 T = 313.277, DT = 2, NI = 2, LI = 2, RES = 1.1e-14 (8.0e-06), CFL=0.299 (ELAPSED 00:00:02, REMAINING 00:00:11 )
-------------------------------------------------------------------------------------------------------------
	 #1 (1.5479e-04, 4.6168e-04): lin 1 (0.0e+00)
	 #2 (1.0150e-07, 1.9482e+00): lin 1 (0.0e+00)
-------------------------------------------------------------------------------------------------------------
 T = 315.277, DT = 2, NI = 2, LI = 2, RES = 1.1e-14 (7.1e-06), CFL=0.299 (ELAPSED 00:00:02, REMAINING 00:00:11 )
-------------------------------------------------------------------------------------------------------------
	 #1 (1.5436e-04, 4.6106e-04): lin 1 (0.0e+00)
	 #2 (1.0158e-07, 1.0723e+00): lin 1 (0.0e+00)
-------------------------------------------------------------------------------------------------------------
 T = 317.277, DT = 2, NI = 2, LI = 2, RES = 1.1e-14 (6.4e-06), CFL=0.299 (ELAPSED 00:00:02, REMAINING 00:00:10 )
-------------------------------------------------------------------------------------------------------------
	 #1 (1.5393e-04, 4.5786e-04): lin 1 (0.0e+00)
	 #2 (1.0015e-07, 1.0491e+00): lin 1 (0.0e+00)
-------------------------------------------------------------------------------------------------------------
 T = 319.277, DT = 2, NI = 2, LI = 2, RES = 1.0e-14 (7.9e-06), CFL=0.299 (ELAPSED 00:00:02, REMAINING 00:00:10 )
-------------------------------------------------------------------------------------------------------------
	 #1 (1.5350e-04, 4.5546e-04): lin 1 (0.0e+00)
	 #2 (9.9827e-08, 1.1304e+00): lin 1 (0.0e+00)
-------------------------------------------------------------------------------------------------------------
 T = 321.277, DT = 2, NI = 2, LI = 2, RES = 1.0e-14 (7.0e-06), CFL=0.299 (ELAPSED 00:00:02, REMAINING 00:00:10 )
-------------------------------------------------------------------------------------------------------------
	 #1 (1.5308e-04, 4.5422e-04): lin 1 (0.0e+00)
	 #2 (9.7508e-08, 1.0495e+00): lin 1 (0.0e+00)
-------------------------------------------------------------------------------------------------------------
 T = 323.277, DT = 2, NI = 2, LI = 2, RES = 9.8e-15 (6.8e-06), CFL=0.299 (ELAPSED 00:00:02, REMAINING 00:00:10 )
-------------------------------------------------------------------------------------------------------------
	 #1 (1.5266e-04, 4.5323e-04): lin 1 (0.0e+00)
	 #2 (9.6944e-08, 1.0417e+00): lin 1 (0.0e+00)
-------------------------------------------------------------------------------------------------------------
 T = 325.277, DT = 2, NI = 2, LI = 2, RES = 9.5e-15 (6.8e-06), CFL=0.299 (ELAPSED 00:00:02, REMAINING 00:00:10 )
-------------------------------------------------------------------------------------------------------------
	 #1 (1.5225e-04, 4.4991e-04): lin 1 (0.0e+00)
	 #2 (9.3791e-08, 1.0337e+00): lin 1 (0.0e+00)
-------------------------------------------------------------------------------------------------------------
 T = 327.277, DT = 2, NI = 2, LI = 2, RES = 9.3e-15 (7.9e-06), CFL=0.299 (ELAPSED 00:00:02, REMAINING 00:00:10 )
-------------------------------------------------------------------------------------------------------------
	 #1 (1.5184e-04, 4.5046e-04): lin 1 (0.0e+00)
	 #2 (9.7499e-08, 1.0267e+00): lin 1 (0.0e+00)
-------------------------------------------------------------------------------------------------------------
 T = 329.277, DT = 2, NI = 2, LI = 2, RES = 9.7e-15 (5.0e-06), CFL=0.299 (ELAPSED 00:00:02, REMAINING 00:00:10 )
-------------------------------------------------------------------------------------------------------------
	 #1 (1.5143e-04, 4.4643e-04): lin 1 (0.0e+00)
	 #2 (9.6686e-08, 1.0184e+00): lin 1 (0.0e+00)
-------------------------------------------------------------------------------------------------------------
 T = 331.277, DT = 2, NI = 2, LI = 2, RES = 9.5e-15 (7.3e-06), CFL=0.299 (ELAPSED 00:00:02, REMAINING 00:00:10 )
-------------------------------------------------------------------------------------------------------------
	 #1 (1.5103e-04, 4.4547e-04): lin 1 (0.0e+00)
	 #2 (9.6080e-08, 1.0145e+00): lin 1 (0.0e+00)
-------------------------------------------------------------------------------------------------------------
 T = 333.277, DT = 2, NI = 2, LI = 2, RES = 9.3e-15 (6.3e-06), CFL=0.299 (ELAPSED 00:00:02, REMAINING 00:00:10 )
-------------------------------------------------------------------------------------------------------------
	 #1 (1.5063e-04, 4.4379e-04): lin 1 (0.0e+00)
	 #2 (9.4787e-08, 1.0054e+00): lin 1 (0.0e+00)
-------------------------------------------------------------------------------------------------------------
 T = 335.277, DT = 2, NI = 2, LI = 2, RES = 9.1e-15 (6.2e-06), CFL=0.299 (ELAPSED 00:00:02, REMAINING 00:00:10 )
-------------------------------------------------------------------------------------------------------------
	 #1 (1.5023e-04, 4.4223e-04): lin 1 (0.0e+00)
	 #2 (9.4037e-08, 9.9775e-01): lin 1 (0.0e+00)
-------------------------------------------------------------------------------------------------------------
 T = 337.277, DT = 2, NI = 2, LI = 2, RES = 8.7e-15 (6.7e-06), CFL=0.299 (ELAPSED 00:00:02, REMAINING 00:00:10 )
-------------------------------------------------------------------------------------------------------------
	 #1 (1.4984e-04, 4.4097e-04): lin 1 (0.0e+00)
	 #2 (9.3070e-08, 1.0467e+00): lin 1 (0.0e+00)
-------------------------------------------------------------------------------------------------------------
 T = 339.277, DT = 2, NI = 2, LI = 2, RES = 8.7e-15 (7.7e-06), CFL=0.299 (ELAPSED 00:00:02, REMAINING 00:00:10 )
-------------------------------------------------------------------------------------------------------------
	 #1 (1.4944e-04, 4.3919e-04): lin 1 (0.0e+00)
	 #2 (9.3567e-08, 9.8337e-01): lin 1 (0.0e+00)
-------------------------------------------------------------------------------------------------------------
 T = 341.277, DT = 2, NI = 2, LI = 2, RES = 8.7e-15 (6.6e-06), CFL=0.299 (ELAPSED 00:00:02, REMAINING 00:00:10 )
-------------------------------------------------------------------------------------------------------------
	 #1 (1.4906e-04, 4.3556e-04): lin 1 (0.0e+00)
	 #2 (9.2056e-08, 1.0362e+00): lin 1 (0.0e+00)
-------------------------------------------------------------------------------------------------------------
 T = 343.277, DT = 2, NI = 2, LI = 2, RES = 8.6e-15 (6.5e-06), CFL=0.299 (ELAPSED 00:00:02, REMAINING 00:00:10 )
-------------------------------------------------------------------------------------------------------------
	 #1 (1.4867e-04, 4.3439e-04): lin 1 (0.0e+00)
	 #2 (9.1702e-08, 9.6998e-01): lin 1 (0.0e+00)
-------------------------------------------------------------------------------------------------------------
 T = 345.277, DT = 2, NI = 2, LI = 2, RES = 8.4e-15 (5.6e-06), CFL=0.299 (ELAPSED 00:00:02, REMAINING 00:00:10 )
-------------------------------------------------------------------------------------------------------------
	 #1 (1.4829e-04, 4.3237e-04): lin 1 (0.0e+00)
	 #2 (8.9695e-08, 9.6334e-01): lin 1 (0.0e+00)
-------------------------------------------------------------------------------------------------------------
 T = 347.277, DT = 2, NI = 2, LI = 2, RES = 8.3e-15 (6.5e-06), CFL=0.299 (ELAPSED 00:00:02, REMAINING 00:00:10 )
-------------------------------------------------------------------------------------------------------------
	 #1 (1.4791e-04, 4.3191e-04): lin 1 (0.0e+00)
	 #2 (9.1150e-08, 9.5661e-01): lin 1 (0.0e+00)
-------------------------------------------------------------------------------------------------------------
 T = 349.277, DT = 2, NI = 2, LI = 2, RES = 8.2e-15 (6.5e-06), CFL=0.299 (ELAPSED 00:00:02, REMAINING 00:00:10 )
-------------------------------------------------------------------------------------------------------------
	 #1 (1.4753e-04, 4.3153e-04): lin 1 (0.0e+00)
	 #2 (9.0162e-08, 9.4976e-01): lin 1 (0.0e+00)
-------------------------------------------------------------------------------------------------------------
 T = 351.277, DT = 2, NI = 2, LI = 2, RES = 8.0e-15 (6.2e-06), CFL=0.299 (ELAPSED 00:00:02, REMAINING 00:00:10 )
-------------------------------------------------------------------------------------------------------------
	 #1 (1.4716e-04, 4.2761e-04): lin 1 (0.0e+00)
	 #2 (9.0391e-08, 9.4058e-01): lin 1 (0.0e+00)
-------------------------------------------------------------------------------------------------------------
 T = 353.277, DT = 2, NI = 2, LI = 2, RES = 8.0e-15 (5.5e-06), CFL=0.299 (ELAPSED 00:00:02, REMAINING 00:00:10 )
-------------------------------------------------------------------------------------------------------------
	 #1 (1.4679e-04, 4.2596e-04): lin 1 (0.0e+00)
	 #2 (8.8301e-08, 9.3621e-01): lin 1 (0.0e+00)
-------------------------------------------------------------------------------------------------------------
 T = 355.277, DT = 2, NI = 2, LI = 2, RES = 7.7e-15 (6.5e-06), CFL=0.299 (ELAPSED 00:00:02, REMAINING 00:00:10 )
-------------------------------------------------------------------------------------------------------------
	 #1 (1.4642e-04, 4.2360e-04): lin 1 (0.0e+00)
	 #2 (8.5150e-08, 9.3586e-01): lin 1 (0.0e+00)
-------------------------------------------------------------------------------------------------------------
 T = 357.277, DT = 2, NI = 2, LI = 2, RES = 7.2e-15 (6.9e-06), CFL=0.299 (ELAPSED 00:00:02, REMAINING 00:00:10 )
-------------------------------------------------------------------------------------------------------------
	 #1 (1.4605e-04, 4.2217e-04): lin 1 (0.0e+00)
	 #2 (8.7923e-08, 1.0956e+00): lin 1 (0.0e+00)
-------------------------------------------------------------------------------------------------------------
 T = 359.277, DT = 2, NI = 2, LI = 2, RES = 7.7e-15 (7.4e-06), CFL=0.299 (ELAPSED 00:00:02, REMAINING 00:00:10 )
-------------------------------------------------------------------------------------------------------------
	 #1 (1.4569e-04, 4.2167e-04): lin 1 (0.0e+00)
	 #2 (8.7405e-08, 9.1678e-01): lin 1 (0.0e+00)
-------------------------------------------------------------------------------------------------------------
 T = 361.277, DT = 2, NI = 2, LI = 2, RES = 3.5e-12 (8.5e-06), CFL=0.299 (ELAPSED 00:00:02, REMAINING 00:00:10 )
-------------------------------------------------------------------------------------------------------------
	 #1 (1.4533e-04, 4.1915e-04): lin 1 (0.0e+00)
	 #2 (8.6458e-08, 9.0921e-01): lin 1 (0.0e+00)
-------------------------------------------------------------------------------------------------------------
 T = 363.277, DT = 2, NI = 2, LI = 2, RES = 7.0e-15 (7.0e-06), CFL=0.299 (ELAPSED 00:00:02, REMAINING 00:00:10 )
-------------------------------------------------------------------------------------------------------------
	 #1 (1.4497e-04, 4.1718e-04): lin 1 (0.0e+00)
	 #2 (8.6879e-08, 9.0261e-01): lin 1 (0.0e+00)
-------------------------------------------------------------------------------------------------------------
 T = 365.277, DT = 2, NI = 2, LI = 2, RES = 7.4e-15 (5.6e-06), CFL=0.299 (ELAPSED 00:00:02, REMAINING 00:00:10 )
-------------------------------------------------------------------------------------------------------------
	 #1 (1.4462e-04, 4.1589e-04): lin 1 (0.0e+00)
	 #2 (8.5895e-08, 9.7992e-01): lin 1 (0.0e+00)
-------------------------------------------------------------------------------------------------------------
 T = 367.277, DT = 2, NI = 2, LI = 2, RES = 7.2e-15 (6.5e-06), CFL=0.299 (ELAPSED 00:00:02, REMAINING 00:00:10 )
-------------------------------------------------------------------------------------------------------------
	 #1 (1.4426e-04, 4.1377e-04): lin 1 (0.0e+00)
	 #2 (8.1769e-08, 8.9090e-01): lin 1 (0.0e+00)
-------------------------------------------------------------------------------------------------------------
 T = 369.277, DT = 2, NI = 2, LI = 2, RES = 7.0e-15 (6.3e-06), CFL=0.299 (ELAPSED 00:00:02, REMAINING 00:00:10 )
-------------------------------------------------------------------------------------------------------------
	 #1 (1.4391e-04, 4.1309e-04): lin 1 (0.0e+00)
	 #2 (8.3935e-08, 8.8432e-01): lin 1 (0.0e+00)
-------------------------------------------------------------------------------------------------------------
 T = 371.277, DT = 2, NI = 2, LI = 2, RES = 6.8e-15 (5.7e-06), CFL=0.299 (ELAPSED 00:00:02, REMAINING 00:00:10 )
-------------------------------------------------------------------------------------------------------------
	 #1 (1.4357e-04, 4.0973e-04): lin 1 (0.0e+00)
	 #2 (8.4184e-08, 8.7377e-01): lin 1 (0.0e+00)
-------------------------------------------------------------------------------------------------------------
 T = 373.277, DT = 2, NI = 2, LI = 2, RES = 6.9e-15 (6.9e-06), CFL=0.299 (ELAPSED 00:00:02, REMAINING 00:00:10 )
-------------------------------------------------------------------------------------------------------------
	 #1 (1.4322e-04, 4.1000e-04): lin 1 (0.0e+00)
	 #2 (8.3238e-08, 8.7221e-01): lin 1 (0.0e+00)
-------------------------------------------------------------------------------------------------------------
 T = 375.277, DT = 2, NI = 2, LI = 2, RES = 6.6e-15 (6.4e-06), CFL=0.299 (ELAPSED 00:00:02, REMAINING 00:00:10 )
-------------------------------------------------------------------------------------------------------------
	 #1 (1.4288e-04, 4.0732e-04): lin 1 (0.0e+00)
	 #2 (8.3555e-08, 8.6632e-01): lin 1 (0.0e+00)
-------------------------------------------------------------------------------------------------------------
 T = 377.277, DT = 2, NI = 2, LI = 2, RES = 6.8e-15 (7.0e-06), CFL=0.299 (ELAPSED 00:00:02, REMAINING 00:00:10 )
-------------------------------------------------------------------------------------------------------------
	 #1 (1.4254e-04, 4.0692e-04): lin 1 (0.0e+00)
	 #2 (8.2562e-08, 1.0035e+00): lin 1 (0.0e+00)
-------------------------------------------------------------------------------------------------------------
 T = 379.277, DT = 2, NI = 2, LI = 2, RES = 6.7e-15 (5.7e-06), CFL=0.299 (ELAPSED 00:00:02, REMAINING 00:00:10 )
-------------------------------------------------------------------------------------------------------------
	 #1 (1.4221e-04, 4.0506e-04): lin 1 (0.0e+00)
	 #2 (8.0215e-08, 8.5354e-01): lin 1 (0.0e+00)
-------------------------------------------------------------------------------------------------------------
 T = 381.277, DT = 2, NI = 2, LI = 2, RES = 6.4e-15 (8.0e-06), CFL=0.299 (ELAPSED 00:00:02, REMAINING 00:00:10 )
-------------------------------------------------------------------------------------------------------------
	 #1 (1.4187e-04, 4.0264e-04): lin 1 (0.0e+00)
	 #2 (8.1720e-08, 8.4824e-01): lin 1 (0.0e+00)
-------------------------------------------------------------------------------------------------------------
 T = 383.277, DT = 2, NI = 2, LI = 2, RES = 6.5e-15 (8.3e-06), CFL=0.299 (ELAPSED 00:00:02, REMAINING 00:00:10 )
-------------------------------------------------------------------------------------------------------------
	 #1 (1.4154e-04, 3.9944e-04): lin 1 (0.0e+00)
	 #2 (8.0647e-08, 8.4184e-01): lin 1 (0.0e+00)
-------------------------------------------------------------------------------------------------------------
 T = 385.277, DT = 2, NI = 2, LI = 2, RES = 6.2e-15 (6.9e-06), CFL=0.299 (ELAPSED 00:00:02, REMAINING 00:00:10 )
-------------------------------------------------------------------------------------------------------------
	 #1 (1.4121e-04, 3.9905e-04): lin 1 (0.0e+00)
	 #2 (8.0977e-08, 8.3649e-01): lin 1 (0.0e+00)
-------------------------------------------------------------------------------------------------------------
 T = 387.277, DT = 2, NI = 2, LI = 2, RES = 6.4e-15 (7.5e-06), CFL=0.299 (ELAPSED 00:00:02, REMAINING 00:00:10 )
-------------------------------------------------------------------------------------------------------------
	 #1 (1.4088e-04, 3.9730e-04): lin 1 (0.0e+00)
	 #2 (7.8921e-08, 8.3140e-01): lin 1 (0.0e+00)
-------------------------------------------------------------------------------------------------------------
 T = 389.277, DT = 2, NI = 2, LI = 2, RES = 5.8e-15 (6.8e-06), CFL=0.299 (ELAPSED 00:00:02, REMAINING 00:00:10 )
-------------------------------------------------------------------------------------------------------------
	 #1 (1.4056e-04, 3.9696e-04): lin 1 (0.0e+00)
	 #2 (7.9700e-08, 8.2156e-01): lin 1 (0.0e+00)
-------------------------------------------------------------------------------------------------------------
 T = 391.277, DT = 2, NI = 2, LI = 2, RES = 6.2e-15 (7.9e-06), CFL=0.299 (ELAPSED 00:00:02, REMAINING 00:00:10 )
-------------------------------------------------------------------------------------------------------------
	 #1 (1.4023e-04, 3.9496e-04): lin 1 (0.0e+00)
	 #2 (8.0018e-08, 8.1934e-01): lin 1 (0.0e+00)
-------------------------------------------------------------------------------------------------------------
 T = 393.277, DT = 2, NI = 2, LI = 2, RES = 6.2e-15 (7.0e-06), CFL=0.299 (ELAPSED 00:00:02, REMAINING 00:00:10 )
-------------------------------------------------------------------------------------------------------------
	 #1 (1.3991e-04, 3.9305e-04): lin 1 (0.0e+00)
	 #2 (7.8800e-08, 8.1299e-01): lin 1 (0.0e+00)
-------------------------------------------------------------------------------------------------------------
 T = 395.277, DT = 2, NI = 2, LI = 2, RES = 6.0e-15 (6.4e-06), CFL=0.299 (ELAPSED 00:00:02, REMAINING 00:00:10 )
-------------------------------------------------------------------------------------------------------------
	 #1 (1.3960e-04, 3.9062e-04): lin 1 (0.0e+00)
	 #2 (7.8603e-08, 8.0818e-01): lin 1 (0.0e+00)
-------------------------------------------------------------------------------------------------------------
 T = 397.277, DT = 2, NI = 2, LI = 2, RES = 6.0e-15 (6.8e-06), CFL=0.299 (ELAPSED 00:00:02, REMAINING 00:00:10 )
-------------------------------------------------------------------------------------------------------------
	 #1 (1.3928e-04, 3.9005e-04): lin 1 (0.0e+00)
	 #2 (7.7881e-08, 8.9045e-01): lin 1 (0.0e+00)
-------------------------------------------------------------------------------------------------------------
 T = 399.277, DT = 2, NI = 2, LI = 2, RES = 5.9e-15 (6.7e-06), CFL=0.299 (ELAPSED 00:00:02, REMAINING 00:00:10 )
-------------------------------------------------------------------------------------------------------------
	 #1 (1.3897e-04, 3.8550e-04): lin 1 (0.0e+00)
	 #2 (7.6098e-08, 7.9680e-01): lin 1 (0.0e+00)
-------------------------------------------------------------------------------------------------------------
 T = 401.277, DT = 2, NI = 2, LI = 2, RES = 5.4e-15 (6.9e-06), CFL=0.299 (ELAPSED 00:00:02, REMAINING 00:00:10 )
-------------------------------------------------------------------------------------------------------------
	 #1 (1.3865e-04, 3.8590e-04): lin 1 (0.0e+00)
	 #2 (7.7526e-08, 7.9117e-01): lin 1 (0.0e+00)
-------------------------------------------------------------------------------------------------------------
 T = 403.277, DT = 2, NI = 2, LI = 2, RES = 5.8e-15 (7.0e-06), CFL=0.299 (ELAPSED 00:00:02, REMAINING 00:00:10 )
-------------------------------------------------------------------------------------------------------------
	 #1 (1.3834e-04, 3.8468e-04): lin 1 (0.0e+00)
	 #2 (7.6666e-08, 7.8494e-01): lin 1 (0.0e+00)
-------------------------------------------------------------------------------------------------------------
 T = 405.277, DT = 2, NI = 2, LI = 2, RES = 5.7e-15 (6.7e-06), CFL=0.299 (ELAPSED 00:00:02, REMAINING 00:00:10 )
-------------------------------------------------------------------------------------------------------------
	 #1 (1.3804e-04, 3.8420e-04): lin 1 (0.0e+00)
	 #2 (7.6384e-08, 7.8042e-01): lin 1 (0.0e+00)
-------------------------------------------------------------------------------------------------------------
 T = 407.277, DT = 2, NI = 2, LI = 2, RES = 5.6e-15 (5.6e-06), CFL=0.299 (ELAPSED 00:00:02, REMAINING 00:00:10 )
-------------------------------------------------------------------------------------------------------------
	 #1 (1.3773e-04, 3.8060e-04): lin 1 (0.0e+00)
	 #2 (7.5724e-08, 7.7487e-01): lin 1 (0.0e+00)
-------------------------------------------------------------------------------------------------------------
 T = 409.277, DT = 2, NI = 2, LI = 2, RES = 5.6e-15 (6.6e-06), CFL=0.299 (ELAPSED 00:00:02, REMAINING 00:00:10 )
-------------------------------------------------------------------------------------------------------------
	 #1 (1.3743e-04, 3.7837e-04): lin 1 (0.0e+00)
	 #2 (7.4204e-08, 7.6987e-01): lin 1 (0.0e+00)
-------------------------------------------------------------------------------------------------------------
 T = 411.277, DT = 2, NI = 2, LI = 2, RES = 5.5e-15 (5.5e-06), CFL=0.299 (ELAPSED 00:00:02, REMAINING 00:00:10 )
-------------------------------------------------------------------------------------------------------------
	 #1 (1.3713e-04, 3.7701e-04): lin 1 (0.0e+00)
	 #2 (7.4915e-08, 7.9204e-01): lin 1 (0.0e+00)
-------------------------------------------------------------------------------------------------------------
 T = 413.277, DT = 2, NI = 2, LI = 2, RES = 5.5e-15 (6.6e-06), CFL=0.299 (ELAPSED 00:00:02, REMAINING 00:00:10 )
-------------------------------------------------------------------------------------------------------------
	 #1 (1.3683e-04, 3.7486e-04): lin 1 (0.0e+00)
	 #2 (7.3355e-08, 7.5938e-01): lin 1 (0.0e+00)
-------------------------------------------------------------------------------------------------------------
 T = 415.277, DT = 2, NI = 2, LI = 2, RES = 4.9e-15 (5.7e-06), CFL=0.299 (ELAPSED 00:00:02, REMAINING 00:00:10 )
-------------------------------------------------------------------------------------------------------------
	 #1 (1.3653e-04, 3.7454e-04): lin 1 (0.0e+00)
	 #2 (7.4183e-08, 7.6532e-01): lin 1 (0.0e+00)
-------------------------------------------------------------------------------------------------------------
 T = 417.277, DT = 2, NI = 2, LI = 2, RES = 5.4e-15 (6.9e-06), CFL=0.299 (ELAPSED 00:00:02, REMAINING 00:00:09 )
-------------------------------------------------------------------------------------------------------------
	 #1 (1.3624e-04, 3.7293e-04): lin 1 (0.0e+00)
	 #2 (7.3608e-08, 7.4873e-01): lin 1 (0.0e+00)
-------------------------------------------------------------------------------------------------------------
 T = 419.277, DT = 2, NI = 2, LI = 2, RES = 5.3e-15 (5.3e-06), CFL=0.299 (ELAPSED 00:00:02, REMAINING 00:00:09 )
-------------------------------------------------------------------------------------------------------------
	 #1 (1.3595e-04, 3.7223e-04): lin 1 (0.0e+00)
	 #2 (7.2604e-08, 8.2565e-01): lin 1 (0.0e+00)
-------------------------------------------------------------------------------------------------------------
 T = 421.277, DT = 2, NI = 2, LI = 2, RES = 5.1e-15 (7.2e-06), CFL=0.299 (ELAPSED 00:00:02, REMAINING 00:00:09 )
-------------------------------------------------------------------------------------------------------------
	 #1 (1.3565e-04, 3.7122e-04): lin 1 (0.0e+00)
	 #2 (7.3039e-08, 7.3905e-01): lin 1 (0.0e+00)
-------------------------------------------------------------------------------------------------------------
 T = 423.277, DT = 2, NI = 2, LI = 2, RES = 5.2e-15 (6.7e-06), CFL=0.299 (ELAPSED 00:00:02, REMAINING 00:00:09 )
-------------------------------------------------------------------------------------------------------------
	 #1 (1.3537e-04, 3.6719e-04): lin 1 (0.0e+00)
	 #2 (7.2800e-08, 7.3368e-01): lin 1 (0.0e+00)
-------------------------------------------------------------------------------------------------------------
 T = 425.277, DT = 2, NI = 2, LI = 2, RES = 5.1e-15 (5.5e-06), CFL=0.299 (ELAPSED 00:00:02, REMAINING 00:00:09 )
-------------------------------------------------------------------------------------------------------------
	 #1 (1.3508e-04, 3.6799e-04): lin 1 (0.0e+00)
	 #2 (7.2153e-08, 7.2959e-01): lin 1 (0.0e+00)
-------------------------------------------------------------------------------------------------------------
 T = 427.277, DT = 2, NI = 2, LI = 2, RES = 5.0e-15 (7.1e-06), CFL=0.299 (ELAPSED 00:00:02, REMAINING 00:00:09 )
-------------------------------------------------------------------------------------------------------------
	 #1 (1.3479e-04, 3.6699e-04): lin 1 (0.0e+00)
	 #2 (7.0373e-08, 7.2379e-01): lin 1 (0.0e+00)
-------------------------------------------------------------------------------------------------------------
 T = 429.277, DT = 2, NI = 2, LI = 2, RES = 4.8e-15 (5.3e-06), CFL=0.299 (ELAPSED 00:00:02, REMAINING 00:00:09 )
-------------------------------------------------------------------------------------------------------------
	 #1 (1.3451e-04, 3.6377e-04): lin 1 (0.0e+00)
	 #2 (7.0296e-08, 7.2012e-01): lin 1 (0.0e+00)
-------------------------------------------------------------------------------------------------------------
 T = 431.277, DT = 2, NI = 2, LI = 2, RES = 4.7e-15 (7.7e-06), CFL=0.299 (ELAPSED 00:00:02, REMAINING 00:00:09 )
-------------------------------------------------------------------------------------------------------------
	 #1 (1.3423e-04, 3.6240e-04): lin 1 (0.0e+00)
	 #2 (7.0918e-08, 7.1469e-01): lin 1 (0.0e+00)
-------------------------------------------------------------------------------------------------------------
 T = 433.277, DT = 2, NI = 2, LI = 2, RES = 4.9e-15 (7.2e-06), CFL=0.299 (ELAPSED 00:00:02, REMAINING 00:00:09 )
-------------------------------------------------------------------------------------------------------------
	 #1 (1.3395e-04, 3.6073e-04): lin 1 (0.0e+00)
	 #2 (7.0558e-08, 7.0975e-01): lin 1 (0.0e+00)
-------------------------------------------------------------------------------------------------------------
 T = 435.277, DT = 2, NI = 2, LI = 2, RES = 4.8e-15 (6.3e-06), CFL=0.299 (ELAPSED 00:00:02, REMAINING 00:00:09 )
-------------------------------------------------------------------------------------------------------------
	 #1 (1.3367e-04, 3.5881e-04): lin 1 (0.0e+00)
	 #2 (6.9771e-08, 7.5777e-01): lin 1 (0.0e+00)
-------------------------------------------------------------------------------------------------------------
 T = 437.277, DT = 2, NI = 2, LI = 2, RES = 4.7e-15 (5.5e-06), CFL=0.299 (ELAPSED 00:00:02, REMAINING 00:00:09 )
-------------------------------------------------------------------------------------------------------------
	 #1 (1.3340e-04, 3.5937e-04): lin 1 (0.0e+00)
	 #2 (6.9050e-08, 7.0042e-01): lin 1 (0.0e+00)
-------------------------------------------------------------------------------------------------------------
 T = 439.277, DT = 2, NI = 2, LI = 2, RES = 4.7e-15 (6.6e-06), CFL=0.299 (ELAPSED 00:00:02, REMAINING 00:00:09 )
-------------------------------------------------------------------------------------------------------------
	 #1 (1.3312e-04, 3.5649e-04): lin 1 (0.0e+00)
	 #2 (6.9391e-08, 6.9590e-01): lin 1 (0.0e+00)
-------------------------------------------------------------------------------------------------------------
 T = 441.277, DT = 2, NI = 2, LI = 2, RES = 4.6e-15 (6.0e-06), CFL=0.299 (ELAPSED 00:00:03, REMAINING 00:00:09 )
-------------------------------------------------------------------------------------------------------------
	 #1 (1.3285e-04, 3.5442e-04): lin 1 (0.0e+00)
	 #2 (6.9292e-08, 6.8982e-01): lin 1 (0.0e+00)
-------------------------------------------------------------------------------------------------------------
 T = 443.277, DT = 2, NI = 2, LI = 2, RES = 4.7e-15 (7.0e-06), CFL=0.299 (ELAPSED 00:00:03, REMAINING 00:00:09 )
-------------------------------------------------------------------------------------------------------------
	 #1 (1.3258e-04, 3.5453e-04): lin 1 (0.0e+00)
	 #2 (6.8776e-08, 8.1471e-01): lin 1 (0.0e+00)
-------------------------------------------------------------------------------------------------------------
 T = 445.277, DT = 2, NI = 2, LI = 2, RES = 4.6e-15 (8.1e-06), CFL=0.299 (ELAPSED 00:00:03, REMAINING 00:00:09 )
-------------------------------------------------------------------------------------------------------------
	 #1 (1.3231e-04, 3.5195e-04): lin 1 (0.0e+00)
	 #2 (6.7147e-08, 6.8210e-01): lin 1 (0.0e+00)
-------------------------------------------------------------------------------------------------------------
 T = 447.277, DT = 2, NI = 2, LI = 2, RES = 4.3e-15 (6.4e-06), CFL=0.299 (ELAPSED 00:00:03, REMAINING 00:00:09 )
-------------------------------------------------------------------------------------------------------------
	 #1 (1.3204e-04, 3.4864e-04): lin 1 (0.0e+00)
	 #2 (6.7831e-08, 6.7775e-01): lin 1 (0.0e+00)
-------------------------------------------------------------------------------------------------------------
 T = 449.277, DT = 2, NI = 2, LI = 2, RES = 4.5e-15 (7.0e-06), CFL=0.299 (ELAPSED 00:00:03, REMAINING 00:00:09 )
-------------------------------------------------------------------------------------------------------------
	 #1 (1.3178e-04, 3.4902e-04): lin 1 (0.0e+00)
	 #2 (6.7883e-08, 6.7308e-01): lin 1 (0.0e+00)
-------------------------------------------------------------------------------------------------------------
 T = 451.277, DT = 2, NI = 2, LI = 2, RES = 4.4e-15 (6.8e-06), CFL=0.299 (ELAPSED 00:00:03, REMAINING 00:00:09 )
-------------------------------------------------------------------------------------------------------------
	 #1 (1.3152e-04, 3.4852e-04): lin 1 (0.0e+00)
	 #2 (6.7409e-08, 6.6891e-01): lin 1 (0.0e+00)
-------------------------------------------------------------------------------------------------------------
 T = 453.277, DT = 2, NI = 2, LI = 2, RES = 4.4e-15 (6.7e-06), CFL=0.299 (ELAPSED 00:00:03, REMAINING 00:00:09 )
-------------------------------------------------------------------------------------------------------------
	 #1 (1.3125e-04, 3.4756e-04): lin 1 (0.0e+00)
	 #2 (6.6832e-08, 6.6451e-01): lin 1 (0.0e+00)
-------------------------------------------------------------------------------------------------------------
 T = 455.277, DT = 2, NI = 2, LI = 2, RES = 4.2e-15 (8.0e-06), CFL=0.299 (ELAPSED 00:00:03, REMAINING 00:00:09 )
-------------------------------------------------------------------------------------------------------------
	 #1 (1.3099e-04, 3.4531e-04): lin 1 (0.0e+00)
	 #2 (6.3419e-08, 6.3123e-01): lin 1 (0.0e+00)
-------------------------------------------------------------------------------------------------------------
 T = 457.277, DT = 2, NI = 2, LI = 2, RES = 4.1e-15 (7.0e-06), CFL=0.299 (ELAPSED 00:00:03, REMAINING 00:00:09 )
-------------------------------------------------------------------------------------------------------------
	 #1 (1.3074e-04, 3.4308e-04): lin 1 (0.0e+00)
	 #2 (6.6530e-08, 6.5584e-01): lin 1 (0.0e+00)
-------------------------------------------------------------------------------------------------------------
 T = 459.277, DT = 2, NI = 2, LI = 2, RES = 4.3e-15 (6.2e-06), CFL=0.299 (ELAPSED 00:00:03, REMAINING 00:00:09 )
-------------------------------------------------------------------------------------------------------------
	 #1 (1.3048e-04, 3.4083e-04): lin 1 (0.0e+00)
	 #2 (6.5808e-08, 7.2125e-01): lin 1 (0.0e+00)
-------------------------------------------------------------------------------------------------------------
 T = 461.277, DT = 2, NI = 2, LI = 2, RES = 4.2e-15 (6.8e-06), CFL=0.299 (ELAPSED 00:00:03, REMAINING 00:00:09 )
-------------------------------------------------------------------------------------------------------------
	 #1 (1.3023e-04, 3.3885e-04): lin 1 (0.0e+00)
	 #2 (6.4963e-08, 6.4752e-01): lin 1 (0.0e+00)
-------------------------------------------------------------------------------------------------------------
 T = 463.277, DT = 2, NI = 2, LI = 2, RES = 4.0e-15 (7.6e-06), CFL=0.299 (ELAPSED 00:00:03, REMAINING 00:00:09 )
-------------------------------------------------------------------------------------------------------------
	 #1 (1.2997e-04, 3.3915e-04): lin 1 (0.0e+00)
	 #2 (6.5156e-08, 6.4335e-01): lin 1 (0.0e+00)
-------------------------------------------------------------------------------------------------------------
 T = 465.277, DT = 2, NI = 2, LI = 2, RES = 4.0e-15 (6.1e-06), CFL=0.299 (ELAPSED 00:00:03, REMAINING 00:00:09 )
-------------------------------------------------------------------------------------------------------------
	 #1 (1.2972e-04, 3.3666e-04): lin 1 (0.0e+00)
	 #2 (6.3731e-08, 6.3913e-01): lin 1 (0.0e+00)
-------------------------------------------------------------------------------------------------------------
 T = 467.277, DT = 2, NI = 2, LI = 2, RES = 4.0e-15 (8.0e-06), CFL=0.299 (ELAPSED 00:00:03, REMAINING 00:00:09 )
-------------------------------------------------------------------------------------------------------------
	 #1 (1.2947e-04, 3.3481e-04): lin 1 (0.0e+00)
	 #2 (6.4460e-08, 6.8173e-01): lin 1 (0.0e+00)
-------------------------------------------------------------------------------------------------------------
 T = 469.277, DT = 2, NI = 2, LI = 2, RES = 3.9e-15 (6.8e-06), CFL=0.299 (ELAPSED 00:00:03, REMAINING 00:00:09 )
-------------------------------------------------------------------------------------------------------------
	 #1 (1.2922e-04, 3.3563e-04): lin 1 (0.0e+00)
	 #2 (6.4175e-08, 6.3104e-01): lin 1 (0.0e+00)
-------------------------------------------------------------------------------------------------------------
 T = 471.277, DT = 2, NI = 2, LI = 2, RES = 4.0e-15 (7.2e-06), CFL=0.299 (ELAPSED 00:00:03, REMAINING 00:00:09 )
-------------------------------------------------------------------------------------------------------------
	 #1 (1.2897e-04, 3.3390e-04): lin 1 (0.0e+00)
	 #2 (6.3564e-08, 6.4548e-01): lin 1 (0.0e+00)
-------------------------------------------------------------------------------------------------------------
 T = 473.277, DT = 2, NI = 2, LI = 2, RES = 4.0e-15 (6.5e-06), CFL=0.299 (ELAPSED 00:00:03, REMAINING 00:00:09 )
-------------------------------------------------------------------------------------------------------------
	 #1 (1.2873e-04, 3.3141e-04): lin 1 (0.0e+00)
	 #2 (6.3636e-08, 6.2301e-01): lin 1 (0.0e+00)
-------------------------------------------------------------------------------------------------------------
 T = 475.277, DT = 2, NI = 2, LI = 2, RES = 3.9e-15 (7.1e-06), CFL=0.299 (ELAPSED 00:00:03, REMAINING 00:00:09 )
-------------------------------------------------------------------------------------------------------------
	 #1 (1.2848e-04, 3.3101e-04): lin 1 (0.0e+00)
	 #2 (6.3343e-08, 6.1907e-01): lin 1 (0.0e+00)
-------------------------------------------------------------------------------------------------------------
 T = 477.277, DT = 2, NI = 2, LI = 2, RES = 3.9e-15 (6.3e-06), CFL=0.299 (ELAPSED 00:00:03, REMAINING 00:00:09 )
-------------------------------------------------------------------------------------------------------------
	 #1 (1.2824e-04, 3.2751e-04): lin 1 (0.0e+00)
	 #2 (6.2220e-08, 6.1352e-01): lin 1 (0.0e+00)
-------------------------------------------------------------------------------------------------------------
 T = 479.277, DT = 2, NI = 2, LI = 2, RES = 3.7e-15 (5.9e-06), CFL=0.299 (ELAPSED 00:00:03, REMAINING 00:00:09 )
-------------------------------------------------------------------------------------------------------------
	 #1 (1.2800e-04, 3.2684e-04): lin 1 (0.0e+00)
	 #2 (6.1556e-08, 6.1085e-01): lin 1 (0.0e+00)
-------------------------------------------------------------------------------------------------------------
 T = 481.277, DT = 2, NI = 2, LI = 2, RES = 3.7e-15 (6.5e-06), CFL=0.299 (ELAPSED 00:00:03, REMAINING 00:00:09 )
-------------------------------------------------------------------------------------------------------------
	 #1 (1.2776e-04, 3.2348e-04): lin 1 (0.0e+00)
	 #2 (6.2133e-08, 6.0742e-01): lin 1 (0.0e+00)
-------------------------------------------------------------------------------------------------------------
 T = 483.277, DT = 2, NI = 2, LI = 2, RES = 3.7e-15 (6.0e-06), CFL=0.299 (ELAPSED 00:00:03, REMAINING 00:00:09 )
-------------------------------------------------------------------------------------------------------------
	 #1 (1.2752e-04, 3.2569e-04): lin 1 (0.0e+00)
	 #2 (6.1545e-08, 6.7586e-01): lin 1 (0.0e+00)
-------------------------------------------------------------------------------------------------------------
 T = 485.277, DT = 2, NI = 2, LI = 2, RES = 3.7e-15 (6.8e-06), CFL=0.299 (ELAPSED 00:00:03, REMAINING 00:00:09 )
-------------------------------------------------------------------------------------------------------------
	 #1 (1.2729e-04, 3.2438e-04): lin 1 (0.0e+00)
	 #2 (6.0970e-08, 5.9944e-01): lin 1 (0.0e+00)
-------------------------------------------------------------------------------------------------------------
 T = 487.277, DT = 2, NI = 2, LI = 2, RES = 3.6e-15 (6.6e-06), CFL=0.299 (ELAPSED 00:00:03, REMAINING 00:00:09 )
-------------------------------------------------------------------------------------------------------------
	 #1 (1.2705e-04, 3.2271e-04): lin 1 (0.0e+00)
	 #2 (6.1558e-08, 5.9611e-01): lin 1 (0.0e+00)
-------------------------------------------------------------------------------------------------------------
 T = 489.277, DT = 2, NI = 2, LI = 2, RES = 3.7e-15 (7.0e-06), CFL=0.299 (ELAPSED 00:00:03, REMAINING 00:00:09 )
-------------------------------------------------------------------------------------------------------------
	 #1 (1.2682e-04, 3.1945e-04): lin 1 (0.0e+00)
	 #2 (6.1216e-08, 5.9235e-01): lin 1 (0.0e+00)
-------------------------------------------------------------------------------------------------------------
 T = 491.277, DT = 2, NI = 2, LI = 2, RES = 3.6e-15 (7.0e-06), CFL=0.299 (ELAPSED 00:00:03, REMAINING 00:00:09 )
-------------------------------------------------------------------------------------------------------------
	 #1 (1.2658e-04, 3.1879e-04): lin 1 (0.0e+00)
	 #2 (6.0936e-08, 5.8999e-01): lin 1 (0.0e+00)
-------------------------------------------------------------------------------------------------------------
 T = 493.277, DT = 2, NI = 2, LI = 2, RES = 3.6e-15 (6.8e-06), CFL=0.299 (ELAPSED 00:00:03, REMAINING 00:00:09 )
-------------------------------------------------------------------------------------------------------------
	 #1 (1.2635e-04, 3.1861e-04): lin 1 (0.0e+00)
	 #2 (5.9606e-08, 5.8499e-01): lin 1 (0.0e+00)
-------------------------------------------------------------------------------------------------------------
 T = 495.277, DT = 2, NI = 2, LI = 2, RES = 3.3e-15 (6.6e-06), CFL=0.299 (ELAPSED 00:00:03, REMAINING 00:00:09 )
-------------------------------------------------------------------------------------------------------------
	 #1 (1.2612e-04, 3.1672e-04): lin 1 (0.0e+00)
	 #2 (6.0031e-08, 7.0086e-01): lin 1 (0.0e+00)
-------------------------------------------------------------------------------------------------------------
 T = 497.277, DT = 2, NI = 2, LI = 2, RES = 3.4e-15 (7.3e-06), CFL=0.299 (ELAPSED 00:00:03, REMAINING 00:00:09 )
-------------------------------------------------------------------------------------------------------------
	 #1 (1.2590e-04, 3.1403e-04): lin 1 (0.0e+00)
	 #2 (5.9833e-08, 5.7767e-01): lin 1 (0.0e+00)
-------------------------------------------------------------------------------------------------------------
 T = 499.277, DT = 2, NI = 2, LI = 2, RES = 3.5e-15 (7.4e-06), CFL=0.299 (ELAPSED 00:00:03, REMAINING 00:00:09 )
-------------------------------------------------------------------------------------------------------------
	 #1 (1.2567e-04, 3.1341e-04): lin 1 (0.0e+00)
	 #2 (5.9644e-08, 5.7400e-01): lin 1 (0.0e+00)
-------------------------------------------------------------------------------------------------------------
 T = 501.277, DT = 2, NI = 2, LI = 2, RES = 3.6e-15 (7.6e-06), CFL=0.299 (ELAPSED 00:00:03, REMAINING 00:00:09 )
-------------------------------------------------------------------------------------------------------------
	 #1 (1.2544e-04, 3.1076e-04): lin 1 (0.0e+00)
	 #2 (5.6881e-08, 5.7055e-01): lin 1 (0.0e+00)
-------------------------------------------------------------------------------------------------------------
 T = 503.277, DT = 2, NI = 2, LI = 2, RES = 3.3e-15 (7.1e-06), CFL=0.299 (ELAPSED 00:00:03, REMAINING 00:00:09 )
-------------------------------------------------------------------------------------------------------------
	 #1 (1.2522e-04, 3.1042e-04): lin 1 (0.0e+00)
	 #2 (5.8640e-08, 5.6762e-01): lin 1 (0.0e+00)
-------------------------------------------------------------------------------------------------------------
 T = 505.277, DT = 2, NI = 2, LI = 2, RES = 3.3e-15 (6.8e-06), CFL=0.299 (ELAPSED 00:00:03, REMAINING 00:00:09 )
-------------------------------------------------------------------------------------------------------------
	 #1 (1.2500e-04, 3.1003e-04): lin 1 (0.0e+00)
	 #2 (5.8403e-08, 5.6345e-01): lin 1 (0.0e+00)
-------------------------------------------------------------------------------------------------------------
 T = 507.277, DT = 2, NI = 2, LI = 2, RES = 3.3e-15 (6.7e-06), CFL=0.299 (ELAPSED 00:00:03, REMAINING 00:00:09 )
-------------------------------------------------------------------------------------------------------------
	 #1 (1.2477e-04, 3.0897e-04): lin 1 (0.0e+00)
	 #2 (5.8224e-08, 6.1802e-01): lin 1 (0.0e+00)
-------------------------------------------------------------------------------------------------------------
 T = 509.277, DT = 2, NI = 2, LI = 2, RES = 3.3e-15 (7.6e-06), CFL=0.299 (ELAPSED 00:00:03, REMAINING 00:00:09 )
-------------------------------------------------------------------------------------------------------------
	 #1 (1.2455e-04, 3.0872e-04): lin 1 (0.0e+00)
	 #2 (5.7276e-08, 5.5688e-01): lin 1 (0.0e+00)
-------------------------------------------------------------------------------------------------------------
 T = 511.277, DT = 2, NI = 2, LI = 2, RES = 3.1e-15 (7.3e-06), CFL=0.299 (ELAPSED 00:00:03, REMAINING 00:00:09 )
-------------------------------------------------------------------------------------------------------------
	 #1 (1.2433e-04, 3.0556e-04): lin 1 (0.0e+00)
	 #2 (5.7428e-08, 5.5349e-01): lin 1 (0.0e+00)
-------------------------------------------------------------------------------------------------------------
 T = 513.277, DT = 2, NI = 2, LI = 2, RES = 3.0e-15 (7.3e-06), CFL=0.299 (ELAPSED 00:00:03, REMAINING 00:00:09 )
-------------------------------------------------------------------------------------------------------------
	 #1 (1.2412e-04, 3.0575e-04): lin 1 (0.0e+00)
	 #2 (5.7678e-08, 5.5015e-01): lin 1 (0.0e+00)
-------------------------------------------------------------------------------------------------------------
 T = 515.277, DT = 2, NI = 2, LI = 2, RES = 3.2e-15 (7.3e-06), CFL=0.299 (ELAPSED 00:00:03, REMAINING 00:00:09 )
-------------------------------------------------------------------------------------------------------------
	 #1 (1.2390e-04, 3.0319e-04): lin 1 (0.0e+00)
	 #2 (5.7537e-08, 5.4682e-01): lin 1 (0.0e+00)
-------------------------------------------------------------------------------------------------------------
 T = 517.277, DT = 2, NI = 2, LI = 2, RES = 3.2e-15 (7.0e-06), CFL=0.299 (ELAPSED 00:00:03, REMAINING 00:00:09 )
-------------------------------------------------------------------------------------------------------------
	 #1 (1.2368e-04, 3.0092e-04): lin 1 (0.0e+00)
	 #2 (5.6953e-08, 5.4356e-01): lin 1 (0.0e+00)
-------------------------------------------------------------------------------------------------------------
 T = 519.277, DT = 2, NI = 2, LI = 2, RES = 3.2e-15 (6.2e-06), CFL=0.299 (ELAPSED 00:00:03, REMAINING 00:00:09 )
-------------------------------------------------------------------------------------------------------------
	 #1 (1.2347e-04, 3.0066e-04): lin 1 (0.0e+00)
	 #2 (5.6715e-08, 5.4029e-01): lin 1 (0.0e+00)
-------------------------------------------------------------------------------------------------------------
 T = 521.277, DT = 2, NI = 2, LI = 2, RES = 3.1e-15 (7.7e-06), CFL=0.299 (ELAPSED 00:00:03, REMAINING 00:00:09 )
-------------------------------------------------------------------------------------------------------------
	 #1 (1.2326e-04, 3.0005e-04): lin 1 (0.0e+00)
	 #2 (5.6252e-08, 5.3686e-01): lin 1 (0.0e+00)
-------------------------------------------------------------------------------------------------------------
 T = 523.277, DT = 2, NI = 2, LI = 2, RES = 3.0e-15 (5.7e-06), CFL=0.299 (ELAPSED 00:00:03, REMAINING 00:00:09 )
-------------------------------------------------------------------------------------------------------------
	 #1 (1.2304e-04, 2.9736e-04): lin 1 (0.0e+00)
	 #2 (5.4815e-08, 5.8048e-01): lin 1 (0.0e+00)
-------------------------------------------------------------------------------------------------------------
 T = 525.277, DT = 2, NI = 2, LI = 2, RES = 3.0e-15 (6.1e-06), CFL=0.299 (ELAPSED 00:00:03, REMAINING 00:00:09 )
-------------------------------------------------------------------------------------------------------------
	 #1 (1.2283e-04, 2.9516e-04): lin 1 (0.0e+00)
	 #2 (5.5871e-08, 5.3033e-01): lin 1 (0.0e+00)
-------------------------------------------------------------------------------------------------------------
 T = 527.277, DT = 2, NI = 2, LI = 2, RES = 2.9e-15 (5.2e-06), CFL=0.299 (ELAPSED 00:00:03, REMAINING 00:00:09 )
-------------------------------------------------------------------------------------------------------------
	 #1 (1.2262e-04, 2.9513e-04): lin 1 (0.0e+00)
	 #2 (5.3154e-08, 5.2734e-01): lin 1 (0.0e+00)
-------------------------------------------------------------------------------------------------------------
 T = 529.277, DT = 2, NI = 2, LI = 2, RES = 2.9e-15 (7.5e-06), CFL=0.299 (ELAPSED 00:00:03, REMAINING 00:00:09 )
-------------------------------------------------------------------------------------------------------------
	 #1 (1.2242e-04, 2.9420e-04): lin 1 (0.0e+00)
	 #2 (5.5680e-08, 5.2440e-01): lin 1 (0.0e+00)
-------------------------------------------------------------------------------------------------------------
 T = 531.277, DT = 2, NI = 2, LI = 2, RES = 3.0e-15 (6.7e-06), CFL=0.299 (ELAPSED 00:00:03, REMAINING 00:00:09 )
-------------------------------------------------------------------------------------------------------------
	 #1 (1.2221e-04, 2.9338e-04): lin 1 (0.0e+00)
	 #2 (5.5079e-08, 5.4218e-01): lin 1 (0.0e+00)
-------------------------------------------------------------------------------------------------------------
 T = 533.277, DT = 2, NI = 2, LI = 2, RES = 3.0e-15 (6.1e-06), CFL=0.299 (ELAPSED 00:00:03, REMAINING 00:00:09 )
-------------------------------------------------------------------------------------------------------------
	 #1 (1.2200e-04, 2.8971e-04): lin 1 (0.0e+00)
	 #2 (5.4549e-08, 5.1773e-01): lin 1 (0.0e+00)
-------------------------------------------------------------------------------------------------------------
 T = 535.277, DT = 2, NI = 2, LI = 2, RES = 2.9e-15 (6.5e-06), CFL=0.299 (ELAPSED 00:00:03, REMAINING 00:00:09 )
-------------------------------------------------------------------------------------------------------------
	 #1 (1.2180e-04, 2.9177e-04): lin 1 (0.0e+00)
	 #2 (5.4459e-08, 5.1509e-01): lin 1 (0.0e+00)
-------------------------------------------------------------------------------------------------------------
 T = 537.277, DT = 2, NI = 2, LI = 2, RES = 2.9e-15 (6.8e-06), CFL=0.299 (ELAPSED 00:00:03, REMAINING 00:00:08 )
-------------------------------------------------------------------------------------------------------------
	 #1 (1.2160e-04, 2.8761e-04): lin 1 (0.0e+00)
	 #2 (5.4436e-08, 5.1206e-01): lin 1 (0.0e+00)
-------------------------------------------------------------------------------------------------------------
 T = 539.277, DT = 2, NI = 2, LI = 2, RES = 2.8e-15 (5.5e-06), CFL=0.299 (ELAPSED 00:00:03, REMAINING 00:00:08 )
-------------------------------------------------------------------------------------------------------------
	 #1 (1.2139e-04, 2.8813e-04): lin 1 (0.0e+00)
	 #2 (5.4346e-08, 5.0900e-01): lin 1 (0.0e+00)
-------------------------------------------------------------------------------------------------------------
 T = 541.277, DT = 2, NI = 2, LI = 2, RES = 2.8e-15 (6.0e-06), CFL=0.299 (ELAPSED 00:00:03, REMAINING 00:00:08 )
-------------------------------------------------------------------------------------------------------------
	 #1 (1.2119e-04, 2.8660e-04): lin 1 (0.0e+00)
	 #2 (5.3871e-08, 5.0385e-01): lin 1 (0.0e+00)
-------------------------------------------------------------------------------------------------------------
 T = 543.277, DT = 2, NI = 2, LI = 2, RES = 2.7e-15 (7.1e-06), CFL=0.299 (ELAPSED 00:00:03, REMAINING 00:00:08 )
-------------------------------------------------------------------------------------------------------------
	 #1 (1.2099e-04, 2.8629e-04): lin 1 (0.0e+00)
	 #2 (5.3134e-08, 5.0313e-01): lin 1 (0.0e+00)
-------------------------------------------------------------------------------------------------------------
 T = 545.277, DT = 2, NI = 2, LI = 2, RES = 2.6e-15 (6.9e-06), CFL=0.299 (ELAPSED 00:00:03, REMAINING 00:00:08 )
-------------------------------------------------------------------------------------------------------------
	 #1 (1.2079e-04, 2.8341e-04): lin 1 (0.0e+00)
	 #2 (5.2538e-08, 4.9988e-01): lin 1 (0.0e+00)
-------------------------------------------------------------------------------------------------------------
 T = 547.277, DT = 2, NI = 2, LI = 2, RES = 2.6e-15 (7.6e-06), CFL=0.299 (ELAPSED 00:00:03, REMAINING 00:00:08 )
-------------------------------------------------------------------------------------------------------------
	 #1 (1.2059e-04, 2.8219e-04): lin 1 (0.0e+00)
	 #2 (5.3318e-08, 4.9652e-01): lin 1 (0.0e+00)
-------------------------------------------------------------------------------------------------------------
 T = 549.277, DT = 2, NI = 2, LI = 2, RES = 2.7e-15 (6.7e-06), CFL=0.299 (ELAPSED 00:00:03, REMAINING 00:00:08 )
-------------------------------------------------------------------------------------------------------------
	 #1 (1.2040e-04, 2.8142e-04): lin 1 (0.0e+00)
	 #2 (5.2808e-08, 4.9444e-01): lin 1 (0.0e+00)
-------------------------------------------------------------------------------------------------------------
 T = 551.277, DT = 2, NI = 2, LI = 2, RES = 2.7e-15 (6.5e-06), CFL=0.299 (ELAPSED 00:00:03, REMAINING 00:00:08 )
-------------------------------------------------------------------------------------------------------------
	 #1 (1.2020e-04, 2.8166e-04): lin 1 (0.0e+00)
	 #2 (5.1213e-08, 4.9149e-01): lin 1 (0.0e+00)
-------------------------------------------------------------------------------------------------------------
 T = 553.277, DT = 2, NI = 2, LI = 2, RES = 2.6e-15 (6.4e-06), CFL=0.299 (ELAPSED 00:00:03, REMAINING 00:00:08 )
-------------------------------------------------------------------------------------------------------------
	 #1 (1.2001e-04, 2.7841e-04): lin 1 (0.0e+00)
	 #2 (5.2606e-08, 4.8876e-01): lin 1 (0.0e+00)
-------------------------------------------------------------------------------------------------------------
 T = 555.277, DT = 2, NI = 2, LI = 2, RES = 2.7e-15 (7.4e-06), CFL=0.299 (ELAPSED 00:00:03, REMAINING 00:00:08 )
-------------------------------------------------------------------------------------------------------------
	 #1 (1.1981e-04, 2.7899e-04): lin 1 (0.0e+00)
	 #2 (5.2098e-08, 5.3928e-01): lin 1 (0.0e+00)
-------------------------------------------------------------------------------------------------------------
 T = 557.277, DT = 2, NI = 2, LI = 2, RES = 2.6e-15 (6.2e-06), CFL=0.299 (ELAPSED 00:00:03, REMAINING 00:00:08 )
-------------------------------------------------------------------------------------------------------------
	 #1 (1.1962e-04, 2.7872e-04): lin 1 (0.0e+00)
	 #2 (5.2079e-08, 5.7944e-01): lin 1 (0.0e+00)
-------------------------------------------------------------------------------------------------------------
 T = 559.277, DT = 2, NI = 2, LI = 2, RES = 2.6e-15 (6.9e-06), CFL=0.299 (ELAPSED 00:00:03, REMAINING 00:00:08 )
-------------------------------------------------------------------------------------------------------------
	 #1 (1.1943e-04, 2.7522e-04): lin 1 (0.0e+00)
	 #2 (5.1762e-08, 4.8040e-01): lin 1 (0.0e+00)
-------------------------------------------------------------------------------------------------------------
 T = 561.277, DT = 2, NI = 2, LI = 2, RES = 2.6e-15 (7.1e-06), CFL=0.299 (ELAPSED 00:00:03, REMAINING 00:00:08 )
-------------------------------------------------------------------------------------------------------------
	 #1 (1.1924e-04, 2.7569e-04): lin 1 (0.0e+00)
	 #2 (5.1510e-08, 4.7766e-01): lin 1 (0.0e+00)
-------------------------------------------------------------------------------------------------------------
 T = 563.277, DT = 2, NI = 2, LI = 2, RES = 2.5e-15 (6.1e-06), CFL=0.299 (ELAPSED 00:00:03, REMAINING 00:00:08 )
-------------------------------------------------------------------------------------------------------------
	 #1 (1.1905e-04, 2.7418e-04): lin 1 (0.0e+00)
	 #2 (5.0932e-08, 4.7488e-01): lin 1 (0.0e+00)
-------------------------------------------------------------------------------------------------------------
 T = 565.277, DT = 2, NI = 2, LI = 2, RES = 2.5e-15 (6.4e-06), CFL=0.299 (ELAPSED 00:00:03, REMAINING 00:00:08 )
-------------------------------------------------------------------------------------------------------------
	 #1 (1.1886e-04, 2.7239e-04): lin 1 (0.0e+00)
	 #2 (5.1358e-08, 4.7202e-01): lin 1 (0.0e+00)
-------------------------------------------------------------------------------------------------------------
 T = 567.277, DT = 2, NI = 2, LI = 2, RES = 2.5e-15 (6.8e-06), CFL=0.299 (ELAPSED 00:00:03, REMAINING 00:00:08 )
-------------------------------------------------------------------------------------------------------------
	 #1 (1.1867e-04, 2.7078e-04): lin 1 (0.0e+00)
	 #2 (5.0578e-08, 4.6945e-01): lin 1 (0.0e+00)
-------------------------------------------------------------------------------------------------------------
 T = 569.277, DT = 2, NI = 2, LI = 2, RES = 2.4e-15 (6.1e-06), CFL=0.299 (ELAPSED 00:00:03, REMAINING 00:00:08 )
-------------------------------------------------------------------------------------------------------------
	 #1 (1.1849e-04, 2.7207e-04): lin 1 (0.0e+00)
	 #2 (5.0394e-08, 4.6682e-01): lin 1 (0.0e+00)
-------------------------------------------------------------------------------------------------------------
 T = 571.277, DT = 2, NI = 2, LI = 2, RES = 2.4e-15 (8.0e-06), CFL=0.299 (ELAPSED 00:00:03, REMAINING 00:00:08 )
-------------------------------------------------------------------------------------------------------------
	 #1 (1.1830e-04, 2.6965e-04): lin 1 (0.0e+00)
	 #2 (5.0360e-08, 4.6421e-01): lin 1 (0.0e+00)
-------------------------------------------------------------------------------------------------------------
 T = 573.277, DT = 2, NI = 2, LI = 2, RES = 2.4e-15 (5.9e-06), CFL=0.299 (ELAPSED 00:00:03, REMAINING 00:00:08 )
-------------------------------------------------------------------------------------------------------------
	 #1 (1.1812e-04, 2.6603e-04): lin 1 (0.0e+00)
	 #2 (5.0409e-08, 4.6172e-01): lin 1 (0.0e+00)
-------------------------------------------------------------------------------------------------------------
 T = 575.277, DT = 2, NI = 2, LI = 2, RES = 2.4e-15 (5.6e-06), CFL=0.299 (ELAPSED 00:00:03, REMAINING 00:00:08 )
-------------------------------------------------------------------------------------------------------------
	 #1 (1.1793e-04, 2.6630e-04): lin 1 (0.0e+00)
	 #2 (4.9937e-08, 4.5913e-01): lin 1 (0.0e+00)
-------------------------------------------------------------------------------------------------------------
 T = 577.277, DT = 2, NI = 2, LI = 2, RES = 2.4e-15 (6.8e-06), CFL=0.299 (ELAPSED 00:00:03, REMAINING 00:00:08 )
-------------------------------------------------------------------------------------------------------------
	 #1 (1.1775e-04, 2.6722e-04): lin 1 (0.0e+00)
	 #2 (4.8058e-08, 4.8862e-01): lin 1 (0.0e+00)
-------------------------------------------------------------------------------------------------------------
 T = 579.277, DT = 2, NI = 2, LI = 2, RES = 2.2e-15 (7.5e-06), CFL=0.299 (ELAPSED 00:00:03, REMAINING 00:00:08 )
-------------------------------------------------------------------------------------------------------------
	 #1 (1.1757e-04, 2.6514e-04): lin 1 (0.0e+00)
	 #2 (4.9579e-08, 4.5425e-01): lin 1 (0.0e+00)
-------------------------------------------------------------------------------------------------------------
 T = 581.277, DT = 2, NI = 2, LI = 2, RES = 2.3e-15 (5.5e-06), CFL=0.299 (ELAPSED 00:00:03, REMAINING 00:00:08 )
-------------------------------------------------------------------------------------------------------------
	 #1 (1.1739e-04, 2.6389e-04): lin 1 (0.0e+00)
	 #2 (4.9274e-08, 4.5854e-01): lin 1 (0.0e+00)
-------------------------------------------------------------------------------------------------------------
 T = 583.277, DT = 2, NI = 2, LI = 2, RES = 2.3e-15 (7.7e-06), CFL=0.299 (ELAPSED 00:00:03, REMAINING 00:00:08 )
-------------------------------------------------------------------------------------------------------------
	 #1 (1.1721e-04, 2.6346e-04): lin 1 (0.0e+00)
	 #2 (4.9172e-08, 4.4901e-01): lin 1 (0.0e+00)
-------------------------------------------------------------------------------------------------------------
 T = 585.277, DT = 2, NI = 2, LI = 2, RES = 2.3e-15 (6.7e-06), CFL=0.299 (ELAPSED 00:00:03, REMAINING 00:00:08 )
-------------------------------------------------------------------------------------------------------------
	 #1 (1.1703e-04, 2.6204e-04): lin 1 (0.0e+00)
	 #2 (4.9510e-08, 4.4652e-01): lin 1 (0.0e+00)
-------------------------------------------------------------------------------------------------------------
 T = 587.277, DT = 2, NI = 2, LI = 2, RES = 2.9e-15 (4.6e-06), CFL=0.299 (ELAPSED 00:00:03, REMAINING 00:00:08 )
-------------------------------------------------------------------------------------------------------------
	 #1 (1.1685e-04, 2.5809e-04): lin 1 (0.0e+00)
	 #2 (4.8790e-08, 4.4394e-01): lin 1 (0.0e+00)
-------------------------------------------------------------------------------------------------------------
 T = 589.277, DT = 2, NI = 2, LI = 2, RES = 2.2e-15 (5.9e-06), CFL=0.299 (ELAPSED 00:00:03, REMAINING 00:00:08 )
-------------------------------------------------------------------------------------------------------------
	 #1 (1.1668e-04, 2.5886e-04): lin 1 (0.0e+00)
	 #2 (4.8603e-08, 4.4895e-01): lin 1 (0.0e+00)
-------------------------------------------------------------------------------------------------------------
 T = 591.277, DT = 2, NI = 2, LI = 2, RES = 2.2e-15 (6.4e-06), CFL=0.299 (ELAPSED 00:00:03, REMAINING 00:00:08 )
-------------------------------------------------------------------------------------------------------------
	 #1 (1.1650e-04, 2.5926e-04): lin 1 (0.0e+00)
	 #2 (4.7302e-08, 4.3888e-01): lin 1 (0.0e+00)
-------------------------------------------------------------------------------------------------------------
 T = 593.277, DT = 2, NI = 2, LI = 2, RES = 2.1e-15 (6.6e-06), CFL=0.299 (ELAPSED 00:00:03, REMAINING 00:00:08 )
-------------------------------------------------------------------------------------------------------------
	 #1 (1.1632e-04, 2.5789e-04): lin 1 (0.0e+00)
	 #2 (4.8111e-08, 4.3677e-01): lin 1 (0.0e+00)
-------------------------------------------------------------------------------------------------------------
 T = 595.277, DT = 2, NI = 2, LI = 2, RES = 2.2e-15 (6.8e-06), CFL=0.299 (ELAPSED 00:00:03, REMAINING 00:00:08 )
-------------------------------------------------------------------------------------------------------------
	 #1 (1.1615e-04, 2.5564e-04): lin 1 (0.0e+00)
	 #2 (4.6830e-08, 4.3438e-01): lin 1 (0.0e+00)
-------------------------------------------------------------------------------------------------------------
 T = 597.277, DT = 2, NI = 2, LI = 2, RES = 2.1e-15 (7.3e-06), CFL=0.299 (ELAPSED 00:00:03, REMAINING 00:00:08 )
-------------------------------------------------------------------------------------------------------------
	 #1 (1.1598e-04, 2.5414e-04): lin 1 (0.0e+00)
	 #2 (4.7743e-08, 4.3165e-01): lin 1 (0.0e+00)
-------------------------------------------------------------------------------------------------------------
 T = 599.277, DT = 2, NI = 2, LI = 2, RES = 2.2e-15 (5.9e-06), CFL=0.299 (ELAPSED 00:00:03, REMAINING 00:00:08 )
-------------------------------------------------------------------------------------------------------------
	 #1 (1.1581e-04, 2.5486e-04): lin 1 (0.0e+00)
	 #2 (4.7500e-08, 4.2971e-01): lin 1 (0.0e+00)
-------------------------------------------------------------------------------------------------------------
 T = 601.277, DT = 2, NI = 2, LI = 2, RES = 2.1e-15 (6.3e-06), CFL=0.299 (ELAPSED 00:00:03, REMAINING 00:00:08 )
-------------------------------------------------------------------------------------------------------------
	 #1 (1.1563e-04, 2.5323e-04): lin 1 (0.0e+00)
	 #2 (4.7477e-08, 4.2726e-01): lin 1 (0.0e+00)
-------------------------------------------------------------------------------------------------------------
 T = 603.277, DT = 2, NI = 2, LI = 2, RES = 2.1e-15 (5.6e-06), CFL=0.299 (ELAPSED 00:00:03, REMAINING 00:00:08 )
-------------------------------------------------------------------------------------------------------------
	 #1 (1.1546e-04, 2.5257e-04): lin 1 (0.0e+00)
	 #2 (4.4913e-08, 4.2504e-01): lin 1 (0.0e+00)
-------------------------------------------------------------------------------------------------------------
 T = 605.277, DT = 2, NI = 2, LI = 2, RES = 2.0e-15 (6.9e-06), CFL=0.299 (ELAPSED 00:00:03, REMAINING 00:00:08 )
-------------------------------------------------------------------------------------------------------------
	 #1 (1.1529e-04, 2.4983e-04): lin 1 (0.0e+00)
	 #2 (4.6940e-08, 4.2274e-01): lin 1 (0.0e+00)
-------------------------------------------------------------------------------------------------------------
 T = 607.277, DT = 2, NI = 2, LI = 2, RES = 2.1e-15 (6.2e-06), CFL=0.299 (ELAPSED 00:00:03, REMAINING 00:00:08 )
-------------------------------------------------------------------------------------------------------------
	 #1 (1.1512e-04, 2.5121e-04): lin 1 (0.0e+00)
	 #2 (4.6765e-08, 4.4493e-01): lin 1 (0.0e+00)
-------------------------------------------------------------------------------------------------------------
 T = 609.277, DT = 2, NI = 2, LI = 2, RES = 2.1e-15 (7.4e-06), CFL=0.299 (ELAPSED 00:00:03, REMAINING 00:00:08 )
-------------------------------------------------------------------------------------------------------------
	 #1 (1.1496e-04, 2.5071e-04): lin 1 (0.0e+00)
	 #2 (4.6727e-08, 4.1817e-01): lin 1 (0.0e+00)
-------------------------------------------------------------------------------------------------------------
 T = 611.277, DT = 2, NI = 2, LI = 2, RES = 2.1e-15 (6.8e-06), CFL=0.299 (ELAPSED 00:00:03, REMAINING 00:00:08 )
-------------------------------------------------------------------------------------------------------------
	 #1 (1.1479e-04, 2.4696e-04): lin 1 (0.0e+00)
	 #2 (4.6450e-08, 4.1618e-01): lin 1 (0.0e+00)
-------------------------------------------------------------------------------------------------------------
 T = 613.277, DT = 2, NI = 2, LI = 2, RES = 2.0e-15 (6.6e-06), CFL=0.299 (ELAPSED 00:00:03, REMAINING 00:00:08 )
-------------------------------------------------------------------------------------------------------------
	 #1 (1.1462e-04, 2.4634e-04): lin 1 (0.0e+00)
	 #2 (4.6012e-08, 4.1374e-01): lin 1 (0.0e+00)
-------------------------------------------------------------------------------------------------------------
 T = 615.277, DT = 2, NI = 2, LI = 2, RES = 2.0e-15 (5.8e-06), CFL=0.299 (ELAPSED 00:00:03, REMAINING 00:00:08 )
-------------------------------------------------------------------------------------------------------------
	 #1 (1.1446e-04, 2.4621e-04): lin 1 (0.0e+00)
	 #2 (4.5251e-08, 4.1120e-01): lin 1 (0.0e+00)
-------------------------------------------------------------------------------------------------------------
 T = 617.277, DT = 2, NI = 2, LI = 2, RES = 1.9e-15 (6.8e-06), CFL=0.299 (ELAPSED 00:00:03, REMAINING 00:00:08 )
-------------------------------------------------------------------------------------------------------------
	 #1 (1.1429e-04, 2.4471e-04): lin 1 (0.0e+00)
	 #2 (4.5358e-08, 4.0921e-01): lin 1 (0.0e+00)
-------------------------------------------------------------------------------------------------------------
 T = 619.277, DT = 2, NI = 2, LI = 2, RES = 1.9e-15 (5.7e-06), CFL=0.299 (ELAPSED 00:00:03, REMAINING 00:00:08 )
-------------------------------------------------------------------------------------------------------------
	 #1 (1.1413e-04, 2.4313e-04): lin 1 (0.0e+00)
	 #2 (4.5573e-08, 4.0717e-01): lin 1 (0.0e+00)
-------------------------------------------------------------------------------------------------------------
 T = 621.277, DT = 2, NI = 2, LI = 2, RES = 1.9e-15 (5.9e-06), CFL=0.299 (ELAPSED 00:00:03, REMAINING 00:00:08 )
-------------------------------------------------------------------------------------------------------------
	 #1 (1.1397e-04, 2.4265e-04): lin 1 (0.0e+00)
	 #2 (4.5289e-08, 4.0502e-01): lin 1 (0.0e+00)
-------------------------------------------------------------------------------------------------------------
 T = 623.277, DT = 2, NI = 2, LI = 2, RES = 1.9e-15 (6.7e-06), CFL=0.299 (ELAPSED 00:00:03, REMAINING 00:00:08 )
-------------------------------------------------------------------------------------------------------------
	 #1 (1.1380e-04, 2.4082e-04): lin 1 (0.0e+00)
	 #2 (4.5294e-08, 4.0284e-01): lin 1 (0.0e+00)
-------------------------------------------------------------------------------------------------------------
 T = 625.277, DT = 2, NI = 2, LI = 2, RES = 1.9e-15 (7.4e-06), CFL=0.299 (ELAPSED 00:00:04, REMAINING 00:00:08 )
-------------------------------------------------------------------------------------------------------------
	 #1 (1.1364e-04, 2.4167e-04): lin 1 (0.0e+00)
	 #2 (4.5175e-08, 4.0072e-01): lin 1 (0.0e+00)
-------------------------------------------------------------------------------------------------------------
 T = 627.277, DT = 2, NI = 2, LI = 2, RES = 1.9e-15 (5.9e-06), CFL=0.299 (ELAPSED 00:00:04, REMAINING 00:00:08 )
-------------------------------------------------------------------------------------------------------------
	 #1 (1.1348e-04, 2.4010e-04): lin 1 (0.0e+00)
	 #2 (4.4788e-08, 3.9996e-01): lin 1 (0.0e+00)
-------------------------------------------------------------------------------------------------------------
 T = 629.277, DT = 2, NI = 2, LI = 2, RES = 1.9e-15 (6.7e-06), CFL=0.299 (ELAPSED 00:00:04, REMAINING 00:00:08 )
-------------------------------------------------------------------------------------------------------------
	 #1 (1.1332e-04, 2.3889e-04): lin 1 (0.0e+00)
	 #2 (4.3609e-08, 4.2472e-01): lin 1 (0.0e+00)
-------------------------------------------------------------------------------------------------------------
 T = 631.277, DT = 2, NI = 2, LI = 2, RES = 1.8e-15 (7.8e-06), CFL=0.299 (ELAPSED 00:00:04, REMAINING 00:00:08 )
-------------------------------------------------------------------------------------------------------------
	 #1 (1.1316e-04, 2.3678e-04): lin 1 (0.0e+00)
	 #2 (4.4511e-08, 3.9448e-01): lin 1 (0.0e+00)
-------------------------------------------------------------------------------------------------------------
 T = 633.277, DT = 2, NI = 2, LI = 2, RES = 1.8e-15 (6.9e-06), CFL=0.299 (ELAPSED 00:00:04, REMAINING 00:00:08 )
-------------------------------------------------------------------------------------------------------------
	 #1 (1.1300e-04, 2.3804e-04): lin 1 (0.0e+00)
	 #2 (4.3917e-08, 4.0245e-01): lin 1 (0.0e+00)
-------------------------------------------------------------------------------------------------------------
 T = 635.277, DT = 2, NI = 2, LI = 2, RES = 1.7e-15 (7.3e-06), CFL=0.299 (ELAPSED 00:00:04, REMAINING 00:00:08 )
-------------------------------------------------------------------------------------------------------------
	 #1 (1.1285e-04, 2.3612e-04): lin 1 (0.0e+00)
	 #2 (4.4153e-08, 3.9037e-01): lin 1 (0.0e+00)
-------------------------------------------------------------------------------------------------------------
 T = 637.277, DT = 2, NI = 2, LI = 2, RES = 1.8e-15 (6.1e-06), CFL=0.299 (ELAPSED 00:00:04, REMAINING 00:00:08 )
-------------------------------------------------------------------------------------------------------------
	 #1 (1.1269e-04, 2.3421e-04): lin 1 (0.0e+00)
	 #2 (4.3806e-08, 3.8833e-01): lin 1 (0.0e+00)
-------------------------------------------------------------------------------------------------------------
 T = 639.277, DT = 2, NI = 2, LI = 2, RES = 1.7e-15 (7.0e-06), CFL=0.299 (ELAPSED 00:00:04, REMAINING 00:00:08 )
-------------------------------------------------------------------------------------------------------------
	 #1 (1.1253e-04, 2.3342e-04): lin 1 (0.0e+00)
	 #2 (4.3223e-08, 3.8609e-01): lin 1 (0.0e+00)
-------------------------------------------------------------------------------------------------------------
 T = 641.277, DT = 2, NI = 2, LI = 2, RES = 1.7e-15 (5.6e-06), CFL=0.299 (ELAPSED 00:00:04, REMAINING 00:00:08 )
-------------------------------------------------------------------------------------------------------------
	 #1 (1.1238e-04, 2.3305e-04): lin 1 (0.0e+00)
	 #2 (4.3567e-08, 3.8425e-01): lin 1 (0.0e+00)
-------------------------------------------------------------------------------------------------------------
 T = 643.277, DT = 2, NI = 2, LI = 2, RES = 1.8e-15 (7.6e-06), CFL=0.299 (ELAPSED 00:00:04, REMAINING 00:00:08 )
-------------------------------------------------------------------------------------------------------------
	 #1 (1.1222e-04, 2.3290e-04): lin 1 (0.0e+00)
	 #2 (4.3388e-08, 3.8220e-01): lin 1 (0.0e+00)
-------------------------------------------------------------------------------------------------------------
 T = 645.277, DT = 2, NI = 2, LI = 2, RES = 1.8e-15 (6.9e-06), CFL=0.299 (ELAPSED 00:00:04, REMAINING 00:00:08 )
-------------------------------------------------------------------------------------------------------------
	 #1 (1.1207e-04, 2.3136e-04): lin 1 (0.0e+00)
	 #2 (4.3082e-08, 3.7159e-01): lin 1 (0.0e+00)
-------------------------------------------------------------------------------------------------------------
 T = 647.277, DT = 2, NI = 2, LI = 2, RES = 1.7e-15 (5.9e-06), CFL=0.299 (ELAPSED 00:00:04, REMAINING 00:00:08 )
-------------------------------------------------------------------------------------------------------------
	 #1 (1.1192e-04, 2.3135e-04): lin 1 (0.0e+00)
	 #2 (4.2766e-08, 3.7841e-01): lin 1 (0.0e+00)
-------------------------------------------------------------------------------------------------------------
 T = 649.277, DT = 2, NI = 2, LI = 2, RES = 1.7e-15 (6.5e-06), CFL=0.299 (ELAPSED 00:00:04, REMAINING 00:00:08 )
-------------------------------------------------------------------------------------------------------------
	 #1 (1.1176e-04, 2.2918e-04): lin 1 (0.0e+00)
	 #2 (4.2817e-08, 3.7648e-01): lin 1 (0.0e+00)
-------------------------------------------------------------------------------------------------------------
 T = 651.277, DT = 2, NI = 2, LI = 2, RES = 1.7e-15 (7.3e-06), CFL=0.299 (ELAPSED 00:00:04, REMAINING 00:00:08 )
-------------------------------------------------------------------------------------------------------------
	 #1 (1.1161e-04, 2.3016e-04): lin 1 (0.0e+00)
	 #2 (4.2524e-08, 3.7454e-01): lin 1 (0.0e+00)
-------------------------------------------------------------------------------------------------------------
 T = 653.277, DT = 2, NI = 2, LI = 2, RES = 1.6e-15 (6.6e-06), CFL=0.299 (ELAPSED 00:00:04, REMAINING 00:00:08 )
-------------------------------------------------------------------------------------------------------------
	 #1 (1.1146e-04, 2.2920e-04): lin 1 (0.0e+00)
	 #2 (4.2090e-08, 3.7264e-01): lin 1 (0.0e+00)
-------------------------------------------------------------------------------------------------------------
 T = 655.277, DT = 2, NI = 2, LI = 2, RES = 1.7e-15 (6.4e-06), CFL=0.299 (ELAPSED 00:00:04, REMAINING 00:00:08 )
-------------------------------------------------------------------------------------------------------------
	 #1 (1.1131e-04, 2.2581e-04): lin 1 (0.0e+00)
	 #2 (4.2563e-08, 3.7069e-01): lin 1 (0.0e+00)
-------------------------------------------------------------------------------------------------------------
 T = 657.277, DT = 2, NI = 2, LI = 2, RES = 1.7e-15 (7.5e-06), CFL=0.299 (ELAPSED 00:00:04, REMAINING 00:00:08 )
-------------------------------------------------------------------------------------------------------------
	 #1 (1.1116e-04, 2.2686e-04): lin 1 (0.0e+00)
	 #2 (4.0508e-08, 3.6874e-01): lin 1 (0.0e+00)
-------------------------------------------------------------------------------------------------------------
 T = 659.277, DT = 2, NI = 2, LI = 2, RES = 1.6e-15 (6.9e-06), CFL=0.299 (ELAPSED 00:00:04, REMAINING 00:00:08 )
-------------------------------------------------------------------------------------------------------------
	 #1 (1.1101e-04, 2.2404e-04): lin 1 (0.0e+00)
	 #2 (4.2152e-08, 3.6689e-01): lin 1 (0.0e+00)
-------------------------------------------------------------------------------------------------------------
 T = 661.277, DT = 2, NI = 2, LI = 2, RES = 1.6e-15 (6.6e-06), CFL=0.299 (ELAPSED 00:00:04, REMAINING 00:00:08 )
-------------------------------------------------------------------------------------------------------------
	 #1 (1.1087e-04, 2.2496e-04): lin 1 (0.0e+00)
	 #2 (4.1802e-08, 4.6061e-01): lin 1 (0.0e+00)
-------------------------------------------------------------------------------------------------------------
 T = 663.277, DT = 2, NI = 2, LI = 2, RES = 1.6e-15 (7.4e-06), CFL=0.299 (ELAPSED 00:00:04, REMAINING 00:00:07 )
-------------------------------------------------------------------------------------------------------------
	 #1 (1.1072e-04, 2.2513e-04): lin 1 (0.0e+00)
	 #2 (4.1722e-08, 3.6315e-01): lin 1 (0.0e+00)
-------------------------------------------------------------------------------------------------------------
 T = 665.277, DT = 2, NI = 2, LI = 2, RES = 1.6e-15 (6.8e-06), CFL=0.299 (ELAPSED 00:00:04, REMAINING 00:00:07 )
-------------------------------------------------------------------------------------------------------------
	 #1 (1.1057e-04, 2.2251e-04): lin 1 (0.0e+00)
	 #2 (4.1166e-08, 3.6158e-01): lin 1 (0.0e+00)
-------------------------------------------------------------------------------------------------------------
 T = 667.277, DT = 2, NI = 2, LI = 2, RES = 1.5e-15 (6.3e-06), CFL=0.299 (ELAPSED 00:00:04, REMAINING 00:00:07 )
-------------------------------------------------------------------------------------------------------------
	 #1 (1.1043e-04, 2.2345e-04): lin 1 (0.0e+00)
	 #2 (4.1383e-08, 3.5963e-01): lin 1 (0.0e+00)
-------------------------------------------------------------------------------------------------------------
 T = 669.277, DT = 2, NI = 2, LI = 2, RES = 1.6e-15 (6.7e-06), CFL=0.299 (ELAPSED 00:00:04, REMAINING 00:00:07 )
-------------------------------------------------------------------------------------------------------------
	 #1 (1.1028e-04, 2.2112e-04): lin 1 (0.0e+00)
	 #2 (4.1242e-08, 3.5769e-01): lin 1 (0.0e+00)
-------------------------------------------------------------------------------------------------------------
 T = 671.277, DT = 2, NI = 2, LI = 2, RES = 1.6e-15 (5.2e-06), CFL=0.299 (ELAPSED 00:00:04, REMAINING 00:00:07 )
-------------------------------------------------------------------------------------------------------------
	 #1 (1.1013e-04, 2.1980e-04): lin 1 (0.0e+00)
	 #2 (4.0733e-08, 3.5603e-01): lin 1 (0.0e+00)
-------------------------------------------------------------------------------------------------------------
 T = 673.277, DT = 2, NI = 2, LI = 2, RES = 1.4e-15 (6.4e-06), CFL=0.299 (ELAPSED 00:00:04, REMAINING 00:00:07 )
-------------------------------------------------------------------------------------------------------------
	 #1 (1.0999e-04, 2.1847e-04): lin 1 (0.0e+00)
	 #2 (4.0791e-08, 3.6075e-01): lin 1 (0.0e+00)
-------------------------------------------------------------------------------------------------------------
 T = 675.277, DT = 2, NI = 2, LI = 2, RES = 1.5e-15 (5.9e-06), CFL=0.299 (ELAPSED 00:00:04, REMAINING 00:00:07 )
-------------------------------------------------------------------------------------------------------------
	 #1 (1.0985e-04, 2.1925e-04): lin 1 (0.0e+00)
	 #2 (4.0680e-08, 3.5250e-01): lin 1 (0.0e+00)
-------------------------------------------------------------------------------------------------------------
 T = 677.277, DT = 2, NI = 2, LI = 2, RES = 1.5e-15 (6.4e-06), CFL=0.299 (ELAPSED 00:00:04, REMAINING 00:00:07 )
-------------------------------------------------------------------------------------------------------------
	 #1 (1.0970e-04, 2.1630e-04): lin 1 (0.0e+00)
	 #2 (4.0757e-08, 3.5069e-01): lin 1 (0.0e+00)
-------------------------------------------------------------------------------------------------------------
 T = 679.277, DT = 2, NI = 2, LI = 2, RES = 1.5e-15 (5.8e-06), CFL=0.299 (ELAPSED 00:00:04, REMAINING 00:00:07 )
-------------------------------------------------------------------------------------------------------------
	 #1 (1.0956e-04, 2.1507e-04): lin 1 (0.0e+00)
	 #2 (4.0583e-08, 3.6267e-01): lin 1 (0.0e+00)
-------------------------------------------------------------------------------------------------------------
 T = 681.277, DT = 2, NI = 2, LI = 2, RES = 1.5e-15 (5.5e-06), CFL=0.299 (ELAPSED 00:00:04, REMAINING 00:00:07 )
-------------------------------------------------------------------------------------------------------------
	 #1 (1.0942e-04, 2.1464e-04): lin 1 (0.0e+00)
	 #2 (3.9478e-08, 3.4730e-01): lin 1 (0.0e+00)
-------------------------------------------------------------------------------------------------------------
 T = 683.277, DT = 2, NI = 2, LI = 2, RES = 1.5e-15 (5.4e-06), CFL=0.299 (ELAPSED 00:00:04, REMAINING 00:00:07 )
-------------------------------------------------------------------------------------------------------------
	 #1 (1.0928e-04, 2.1514e-04): lin 1 (0.0e+00)
	 #2 (4.0173e-08, 3.4554e-01): lin 1 (0.0e+00)
-------------------------------------------------------------------------------------------------------------
 T = 685.277, DT = 2, NI = 2, LI = 2, RES = 1.5e-15 (6.7e-06), CFL=0.299 (ELAPSED 00:00:04, REMAINING 00:00:07 )
-------------------------------------------------------------------------------------------------------------
	 #1 (1.0914e-04, 2.1460e-04): lin 1 (0.0e+00)
	 #2 (3.9896e-08, 3.4386e-01): lin 1 (0.0e+00)
-------------------------------------------------------------------------------------------------------------
 T = 687.277, DT = 2, NI = 2, LI = 2, RES = 1.4e-15 (7.1e-06), CFL=0.299 (ELAPSED 00:00:04, REMAINING 00:00:07 )
-------------------------------------------------------------------------------------------------------------
	 #1 (1.0900e-04, 2.1194e-04): lin 1 (0.0e+00)
	 #2 (3.9947e-08, 3.5283e-01): lin 1 (0.0e+00)
-------------------------------------------------------------------------------------------------------------
 T = 689.277, DT = 2, NI = 2, LI = 2, RES = 1.4e-15 (6.6e-06), CFL=0.299 (ELAPSED 00:00:04, REMAINING 00:00:07 )
-------------------------------------------------------------------------------------------------------------
	 #1 (1.0886e-04, 2.1292e-04): lin 1 (0.0e+00)
	 #2 (3.9362e-08, 3.4036e-01): lin 1 (0.0e+00)
-------------------------------------------------------------------------------------------------------------
 T = 691.277, DT = 2, NI = 2, LI = 2, RES = 1.3e-15 (5.8e-06), CFL=0.299 (ELAPSED 00:00:04, REMAINING 00:00:07 )
-------------------------------------------------------------------------------------------------------------
	 #1 (1.0872e-04, 2.1002e-04): lin 1 (0.0e+00)
	 #2 (3.9113e-08, 3.3863e-01): lin 1 (0.0e+00)
-------------------------------------------------------------------------------------------------------------
 T = 693.277, DT = 2, NI = 2, LI = 2, RES = 1.3e-15 (6.8e-06), CFL=0.299 (ELAPSED 00:00:04, REMAINING 00:00:07 )
-------------------------------------------------------------------------------------------------------------
	 #1 (1.0859e-04, 2.1126e-04): lin 1 (0.0e+00)
	 #2 (3.9456e-08, 3.3716e-01): lin 1 (0.0e+00)
-------------------------------------------------------------------------------------------------------------
 T = 695.277, DT = 2, NI = 2, LI = 2, RES = 1.4e-15 (6.4e-06), CFL=0.299 (ELAPSED 00:00:04, REMAINING 00:00:07 )
-------------------------------------------------------------------------------------------------------------
	 #1 (1.0845e-04, 2.0981e-04): lin 1 (0.0e+00)
	 #2 (3.9366e-08, 3.3541e-01): lin 1 (0.0e+00)
-------------------------------------------------------------------------------------------------------------
 T = 697.277, DT = 2, NI = 2, LI = 2, RES = 1.4e-15 (7.1e-06), CFL=0.299 (ELAPSED 00:00:04, REMAINING 00:00:07 )
-------------------------------------------------------------------------------------------------------------
	 #1 (1.0831e-04, 2.0865e-04): lin 1 (0.0e+00)
	 #2 (3.9245e-08, 3.3388e-01): lin 1 (0.0e+00)
-------------------------------------------------------------------------------------------------------------
 T = 699.277, DT = 2, NI = 2, LI = 2, RES = 1.4e-15 (6.0e-06), CFL=0.299 (ELAPSED 00:00:04, REMAINING 00:00:07 )
-------------------------------------------------------------------------------------------------------------
	 #1 (1.0818e-04, 2.0915e-04): lin 1 (0.0e+00)
	 #2 (3.8686e-08, 3.3226e-01): lin 1 (0.0e+00)
-------------------------------------------------------------------------------------------------------------
 T = 701.277, DT = 2, NI = 2, LI = 2, RES = 1.4e-15 (6.7e-06), CFL=0.299 (ELAPSED 00:00:04, REMAINING 00:00:07 )
-------------------------------------------------------------------------------------------------------------
	 #1 (1.0804e-04, 2.0721e-04): lin 1 (0.0e+00)
	 #2 (3.8342e-08, 3.3065e-01): lin 1 (0.0e+00)
-------------------------------------------------------------------------------------------------------------
 T = 703.277, DT = 2, NI = 2, LI = 2, RES = 1.4e-15 (7.6e-06), CFL=0.299 (ELAPSED 00:00:04, REMAINING 00:00:07 )
-------------------------------------------------------------------------------------------------------------
	 #1 (1.0791e-04, 2.0748e-04): lin 1 (0.0e+00)
	 #2 (3.8829e-08, 3.2905e-01): lin 1 (0.0e+00)
-------------------------------------------------------------------------------------------------------------
 T = 705.277, DT = 2, NI = 2, LI = 2, RES = 1.4e-15 (6.4e-06), CFL=0.299 (ELAPSED 00:00:04, REMAINING 00:00:07 )
-------------------------------------------------------------------------------------------------------------
	 #1 (1.0777e-04, 2.0684e-04): lin 1 (0.0e+00)
	 #2 (3.8631e-08, 3.2751e-01): lin 1 (0.0e+00)
-------------------------------------------------------------------------------------------------------------
 T = 707.277, DT = 2, NI = 2, LI = 2, RES = 1.3e-15 (6.9e-06), CFL=0.299 (ELAPSED 00:00:04, REMAINING 00:00:07 )
-------------------------------------------------------------------------------------------------------------
	 #1 (1.0764e-04, 2.0410e-04): lin 1 (0.0e+00)
	 #2 (3.8430e-08, 3.2588e-01): lin 1 (0.0e+00)
-------------------------------------------------------------------------------------------------------------
 T = 709.277, DT = 2, NI = 2, LI = 2, RES = 1.3e-15 (6.1e-06), CFL=0.299 (ELAPSED 00:00:04, REMAINING 00:00:07 )
-------------------------------------------------------------------------------------------------------------
	 #1 (1.0750e-04, 2.0588e-04): lin 1 (0.0e+00)
	 #2 (3.8387e-08, 3.2433e-01): lin 1 (0.0e+00)
-------------------------------------------------------------------------------------------------------------
 T = 711.277, DT = 2, NI = 2, LI = 2, RES = 1.3e-15 (7.1e-06), CFL=0.299 (ELAPSED 00:00:04, REMAINING 00:00:07 )
-------------------------------------------------------------------------------------------------------------
	 #1 (1.0737e-04, 2.0480e-04): lin 1 (0.0e+00)
	 #2 (3.8085e-08, 3.2277e-01): lin 1 (0.0e+00)
-------------------------------------------------------------------------------------------------------------
 T = 713.277, DT = 2, NI = 2, LI = 2, RES = 1.3e-15 (7.1e-06), CFL=0.299 (ELAPSED 00:00:04, REMAINING 00:00:07 )
-------------------------------------------------------------------------------------------------------------
	 #1 (1.0724e-04, 2.0369e-04): lin 1 (0.0e+00)
	 #2 (3.6972e-08, 3.2109e-01): lin 1 (0.0e+00)
-------------------------------------------------------------------------------------------------------------
 T = 715.277, DT = 2, NI = 2, LI = 2, RES = 1.2e-15 (5.5e-06), CFL=0.299 (ELAPSED 00:00:04, REMAINING 00:00:07 )
-------------------------------------------------------------------------------------------------------------
	 #1 (1.0711e-04, 2.0150e-04): lin 1 (0.0e+00)
	 #2 (3.7946e-08, 3.3958e-01): lin 1 (0.0e+00)
-------------------------------------------------------------------------------------------------------------
 T = 717.277, DT = 2, NI = 2, LI = 2, RES = 1.3e-15 (6.3e-06), CFL=0.299 (ELAPSED 00:00:04, REMAINING 00:00:07 )
-------------------------------------------------------------------------------------------------------------
	 #1 (1.0698e-04, 2.0251e-04): lin 1 (0.0e+00)
	 #2 (3.7492e-08, 3.1805e-01): lin 1 (0.0e+00)
-------------------------------------------------------------------------------------------------------------
 T = 719.277, DT = 2, NI = 2, LI = 2, RES = 1.2e-15 (6.3e-06), CFL=0.299 (ELAPSED 00:00:04, REMAINING 00:00:07 )
-------------------------------------------------------------------------------------------------------------
	 #1 (1.0685e-04, 2.0050e-04): lin 1 (0.0e+00)
	 #2 (3.7670e-08, 3.1665e-01): lin 1 (0.0e+00)
-------------------------------------------------------------------------------------------------------------
 T = 721.277, DT = 2, NI = 2, LI = 2, RES = 1.3e-15 (7.3e-06), CFL=0.299 (ELAPSED 00:00:04, REMAINING 00:00:07 )
-------------------------------------------------------------------------------------------------------------
	 #1 (1.0672e-04, 1.9996e-04): lin 1 (0.0e+00)
	 #2 (3.7091e-08, 3.1515e-01): lin 1 (0.0e+00)
-------------------------------------------------------------------------------------------------------------
 T = 723.277, DT = 2, NI = 2, LI = 2, RES = 1.3e-15 (4.9e-06), CFL=0.299 (ELAPSED 00:00:04, REMAINING 00:00:07 )
-------------------------------------------------------------------------------------------------------------
	 #1 (1.0659e-04, 2.0043e-04): lin 1 (0.0e+00)
	 #2 (3.6998e-08, 3.1355e-01): lin 1 (0.0e+00)
-------------------------------------------------------------------------------------------------------------
 T = 725.277, DT = 2, NI = 2, LI = 2, RES = 1.2e-15 (5.1e-06), CFL=0.299 (ELAPSED 00:00:04, REMAINING 00:00:07 )
-------------------------------------------------------------------------------------------------------------
	 #1 (1.0646e-04, 1.9786e-04): lin 1 (0.0e+00)
	 #2 (3.7191e-08, 3.1517e-01): lin 1 (0.0e+00)
-------------------------------------------------------------------------------------------------------------
 T = 727.277, DT = 2, NI = 2, LI = 2, RES = 1.2e-15 (5.6e-06), CFL=0.299 (ELAPSED 00:00:04, REMAINING 00:00:07 )
-------------------------------------------------------------------------------------------------------------
	 #1 (1.0633e-04, 1.9823e-04): lin 1 (0.0e+00)
	 #2 (3.6856e-08, 3.1071e-01): lin 1 (0.0e+00)
-------------------------------------------------------------------------------------------------------------
 T = 729.277, DT = 2, NI = 2, LI = 2, RES = 1.2e-15 (6.9e-06), CFL=0.299 (ELAPSED 00:00:04, REMAINING 00:00:07 )
-------------------------------------------------------------------------------------------------------------
	 #1 (1.0621e-04, 1.9709e-04): lin 1 (0.0e+00)
	 #2 (3.7039e-08, 3.0925e-01): lin 1 (0.0e+00)
-------------------------------------------------------------------------------------------------------------
 T = 731.277, DT = 2, NI = 2, LI = 2, RES = 1.2e-15 (6.1e-06), CFL=0.299 (ELAPSED 00:00:04, REMAINING 00:00:07 )
-------------------------------------------------------------------------------------------------------------
	 #1 (1.0608e-04, 1.9583e-04): lin 1 (0.0e+00)
	 #2 (3.6780e-08, 3.3921e-01): lin 1 (0.0e+00)
-------------------------------------------------------------------------------------------------------------
 T = 733.277, DT = 2, NI = 2, LI = 2, RES = 1.2e-15 (5.1e-06), CFL=0.299 (ELAPSED 00:00:04, REMAINING 00:00:07 )
-------------------------------------------------------------------------------------------------------------
	 #1 (1.0595e-04, 1.9591e-04): lin 1 (0.0e+00)
	 #2 (3.6587e-08, 3.0636e-01): lin 1 (0.0e+00)
-------------------------------------------------------------------------------------------------------------
 T = 735.277, DT = 2, NI = 2, LI = 2, RES = 1.2e-15 (5.7e-06), CFL=0.299 (ELAPSED 00:00:04, REMAINING 00:00:07 )
-------------------------------------------------------------------------------------------------------------
	 #1 (1.0583e-04, 1.9598e-04): lin 1 (0.0e+00)
	 #2 (3.6572e-08, 3.0493e-01): lin 1 (0.0e+00)
-------------------------------------------------------------------------------------------------------------
 T = 737.277, DT = 2, NI = 2, LI = 2, RES = 1.2e-15 (7.5e-06), CFL=0.299 (ELAPSED 00:00:04, REMAINING 00:00:07 )
-------------------------------------------------------------------------------------------------------------
	 #1 (1.0570e-04, 1.9582e-04): lin 1 (0.0e+00)
	 #2 (3.6298e-08, 3.0352e-01): lin 1 (0.0e+00)
-------------------------------------------------------------------------------------------------------------
 T = 739.277, DT = 2, NI = 2, LI = 2, RES = 1.2e-15 (8.1e-06), CFL=0.299 (ELAPSED 00:00:04, REMAINING 00:00:07 )
-------------------------------------------------------------------------------------------------------------
	 #1 (1.0558e-04, 1.9300e-04): lin 1 (0.0e+00)
	 #2 (3.6290e-08, 3.0209e-01): lin 1 (0.0e+00)
-------------------------------------------------------------------------------------------------------------
 T = 741.277, DT = 2, NI = 2, LI = 2, RES = 1.1e-15 (6.9e-06), CFL=0.299 (ELAPSED 00:00:04, REMAINING 00:00:07 )
-------------------------------------------------------------------------------------------------------------
	 #1 (1.0545e-04, 1.9233e-04): lin 1 (0.0e+00)
	 #2 (3.5877e-08, 3.0052e-01): lin 1 (0.0e+00)
-------------------------------------------------------------------------------------------------------------
 T = 743.277, DT = 2, NI = 2, LI = 2, RES = 1.1e-15 (5.5e-06), CFL=0.299 (ELAPSED 00:00:04, REMAINING 00:00:07 )
-------------------------------------------------------------------------------------------------------------
	 #1 (1.0533e-04, 1.9301e-04): lin 1 (0.0e+00)
	 #2 (3.6067e-08, 2.9990e-01): lin 1 (0.0e+00)
-------------------------------------------------------------------------------------------------------------
 T = 745.277, DT = 2, NI = 2, LI = 2, RES = 1.1e-15 (6.8e-06), CFL=0.299 (ELAPSED 00:00:04, REMAINING 00:00:07 )
-------------------------------------------------------------------------------------------------------------
	 #1 (1.0520e-04, 1.9330e-04): lin 1 (0.0e+00)
	 #2 (3.5522e-08, 4.1506e-01): lin 1 (0.0e+00)
-------------------------------------------------------------------------------------------------------------
 T = 747.277, DT = 2, NI = 2, LI = 2, RES = 1.1e-15 (6.1e-06), CFL=0.299 (ELAPSED 00:00:04, REMAINING 00:00:07 )
-------------------------------------------------------------------------------------------------------------
	 #1 (1.0508e-04, 1.9217e-04): lin 1 (0.0e+00)
	 #2 (3.5892e-08, 2.9653e-01): lin 1 (0.0e+00)
-------------------------------------------------------------------------------------------------------------
 T = 749.277, DT = 2, NI = 2, LI = 2, RES = 1.1e-15 (6.4e-06), CFL=0.299 (ELAPSED 00:00:04, REMAINING 00:00:07 )
-------------------------------------------------------------------------------------------------------------
	 #1 (1.0496e-04, 1.9117e-04): lin 1 (0.0e+00)
	 #2 (3.5808e-08, 2.9196e-01): lin 1 (0.0e+00)
-------------------------------------------------------------------------------------------------------------
 T = 751.277, DT = 2, NI = 2, LI = 2, RES = 1.1e-15 (7.6e-06), CFL=0.299 (ELAPSED 00:00:04, REMAINING 00:00:07 )
-------------------------------------------------------------------------------------------------------------
	 #1 (1.0484e-04, 1.9097e-04): lin 1 (0.0e+00)
	 #2 (3.4921e-08, 2.9369e-01): lin 1 (0.0e+00)
-------------------------------------------------------------------------------------------------------------
 T = 753.277, DT = 2, NI = 2, LI = 2, RES = 1.1e-15 (6.5e-06), CFL=0.299 (ELAPSED 00:00:04, REMAINING 00:00:07 )
-------------------------------------------------------------------------------------------------------------
	 #1 (1.0471e-04, 1.9138e-04): lin 1 (0.0e+00)
	 #2 (3.4662e-08, 2.9244e-01): lin 1 (0.0e+00)
-------------------------------------------------------------------------------------------------------------
 T = 755.277, DT = 2, NI = 2, LI = 2, RES = 1.0e-15 (7.7e-06), CFL=0.299 (ELAPSED 00:00:04, REMAINING 00:00:07 )
-------------------------------------------------------------------------------------------------------------
	 #1 (1.0459e-04, 1.9044e-04): lin 1 (0.0e+00)
	 #2 (3.5349e-08, 2.9111e-01): lin 1 (0.0e+00)
-------------------------------------------------------------------------------------------------------------
 T = 757.277, DT = 2, NI = 2, LI = 2, RES = 1.1e-15 (7.7e-06), CFL=0.299 (ELAPSED 00:00:04, REMAINING 00:00:07 )
-------------------------------------------------------------------------------------------------------------
	 #1 (1.0447e-04, 1.8694e-04): lin 1 (0.0e+00)
	 #2 (3.5264e-08, 2.8980e-01): lin 1 (0.0e+00)
-------------------------------------------------------------------------------------------------------------
 T = 759.277, DT = 2, NI = 2, LI = 2, RES = 1.1e-15 (6.7e-06), CFL=0.299 (ELAPSED 00:00:04, REMAINING 00:00:07 )
-------------------------------------------------------------------------------------------------------------
	 #1 (1.0435e-04, 1.8660e-04): lin 1 (0.0e+00)
	 #2 (3.5131e-08, 2.8846e-01): lin 1 (0.0e+00)
-------------------------------------------------------------------------------------------------------------
 T = 761.277, DT = 2, NI = 2, LI = 2, RES = 1.1e-15 (5.6e-06), CFL=0.299 (ELAPSED 00:00:04, REMAINING 00:00:07 )
-------------------------------------------------------------------------------------------------------------
	 #1 (1.0423e-04, 1.8911e-04): lin 1 (0.0e+00)
	 #2 (3.4936e-08, 2.8714e-01): lin 1 (0.0e+00)
-------------------------------------------------------------------------------------------------------------
 T = 763.277, DT = 2, NI = 2, LI = 2, RES = 1.1e-15 (7.3e-06), CFL=0.299 (ELAPSED 00:00:04, REMAINING 00:00:07 )
-------------------------------------------------------------------------------------------------------------
	 #1 (1.0412e-04, 1.8723e-04): lin 1 (0.0e+00)
	 #2 (3.4851e-08, 2.8609e-01): lin 1 (0.0e+00)
-------------------------------------------------------------------------------------------------------------
 T = 765.277, DT = 2, NI = 2, LI = 2, RES = 1.0e-15 (6.9e-06), CFL=0.299 (ELAPSED 00:00:04, REMAINING 00:00:07 )
-------------------------------------------------------------------------------------------------------------
	 #1 (1.0400e-04, 1.8543e-04): lin 1 (0.0e+00)
	 #2 (3.4786e-08, 2.8454e-01): lin 1 (0.0e+00)
-------------------------------------------------------------------------------------------------------------
 T = 767.277, DT = 2, NI = 2, LI = 2, RES = 1.0e-15 (6.5e-06), CFL=0.299 (ELAPSED 00:00:04, REMAINING 00:00:07 )
-------------------------------------------------------------------------------------------------------------
	 #1 (1.0388e-04, 1.8669e-04): lin 1 (0.0e+00)
	 #2 (3.4144e-08, 2.8321e-01): lin 1 (0.0e+00)
-------------------------------------------------------------------------------------------------------------
 T = 769.277, DT = 2, NI = 2, LI = 2, RES = 1.0e-15 (7.5e-06), CFL=0.299 (ELAPSED 00:00:04, REMAINING 00:00:07 )
-------------------------------------------------------------------------------------------------------------
	 #1 (1.0376e-04, 1.8514e-04): lin 1 (0.0e+00)
	 #2 (3.4486e-08, 2.8198e-01): lin 1 (0.0e+00)
-------------------------------------------------------------------------------------------------------------
 T = 771.277, DT = 2, NI = 2, LI = 2, RES = 1.0e-15 (6.8e-06), CFL=0.299 (ELAPSED 00:00:04, REMAINING 00:00:07 )
-------------------------------------------------------------------------------------------------------------
	 #1 (1.0364e-04, 1.8220e-04): lin 1 (0.0e+00)
	 #2 (3.4020e-08, 2.8067e-01): lin 1 (0.0e+00)
-------------------------------------------------------------------------------------------------------------
 T = 773.277, DT = 2, NI = 2, LI = 2, RES = 9.9e-16 (6.3e-06), CFL=0.299 (ELAPSED 00:00:04, REMAINING 00:00:07 )
-------------------------------------------------------------------------------------------------------------
	 #1 (1.0353e-04, 1.8344e-04): lin 1 (0.0e+00)
	 #2 (3.4092e-08, 3.2276e-01): lin 1 (0.0e+00)
-------------------------------------------------------------------------------------------------------------
 T = 775.277, DT = 2, NI = 2, LI = 2, RES = 9.7e-16 (6.0e-06), CFL=0.299 (ELAPSED 00:00:04, REMAINING 00:00:07 )
-------------------------------------------------------------------------------------------------------------
	 #1 (1.0341e-04, 1.8281e-04): lin 1 (0.0e+00)
	 #2 (3.4123e-08, 2.7811e-01): lin 1 (0.0e+00)
-------------------------------------------------------------------------------------------------------------
 T = 777.277, DT = 2, NI = 2, LI = 2, RES = 9.4e-16 (7.2e-06), CFL=0.299 (ELAPSED 00:00:04, REMAINING 00:00:07 )
-------------------------------------------------------------------------------------------------------------
	 #1 (1.0330e-04, 1.8295e-04): lin 1 (0.0e+00)
	 #2 (3.4011e-08, 2.7694e-01): lin 1 (0.0e+00)
-------------------------------------------------------------------------------------------------------------
 T = 779.277, DT = 2, NI = 2, LI = 2, RES = 9.7e-16 (5.4e-06), CFL=0.299 (ELAPSED 00:00:04, REMAINING 00:00:07 )
-------------------------------------------------------------------------------------------------------------
	 #1 (1.0318e-04, 1.8242e-04): lin 1 (0.0e+00)
	 #2 (3.4166e-08, 2.7568e-01): lin 1 (0.0e+00)
-------------------------------------------------------------------------------------------------------------
 T = 781.277, DT = 2, NI = 2, LI = 2, RES = 1.6e-15 (6.6e-06), CFL=0.299 (ELAPSED 00:00:04, REMAINING 00:00:07 )
-------------------------------------------------------------------------------------------------------------
	 #1 (1.0306e-04, 1.8112e-04): lin 1 (0.0e+00)
	 #2 (3.3743e-08, 2.7447e-01): lin 1 (0.0e+00)
-------------------------------------------------------------------------------------------------------------
 T = 783.277, DT = 2, NI = 2, LI = 2, RES = 9.7e-16 (6.6e-06), CFL=0.299 (ELAPSED 00:00:04, REMAINING 00:00:07 )
-------------------------------------------------------------------------------------------------------------
	 #1 (1.0295e-04, 1.8123e-04): lin 1 (0.0e+00)
	 #2 (3.3708e-08, 3.2076e-01): lin 1 (0.0e+00)
-------------------------------------------------------------------------------------------------------------
 T = 785.277, DT = 2, NI = 2, LI = 2, RES = 9.8e-16 (6.8e-06), CFL=0.299 (ELAPSED 00:00:04, REMAINING 00:00:07 )
-------------------------------------------------------------------------------------------------------------
	 #1 (1.0284e-04, 1.7789e-04): lin 1 (0.0e+00)
	 #2 (3.3300e-08, 2.7205e-01): lin 1 (0.0e+00)
-------------------------------------------------------------------------------------------------------------
 T = 787.277, DT = 2, NI = 2, LI = 2, RES = 9.4e-16 (6.7e-06), CFL=0.299 (ELAPSED 00:00:04, REMAINING 00:00:07 )
-------------------------------------------------------------------------------------------------------------
	 #1 (1.0272e-04, 1.7879e-04): lin 1 (0.0e+00)
	 #2 (3.3413e-08, 2.7106e-01): lin 1 (0.0e+00)
-------------------------------------------------------------------------------------------------------------
 T = 789.277, DT = 2, NI = 2, LI = 2, RES = 9.6e-16 (5.2e-06), CFL=0.299 (ELAPSED 00:00:04, REMAINING 00:00:07 )
-------------------------------------------------------------------------------------------------------------
	 #1 (1.0261e-04, 1.7732e-04): lin 1 (0.0e+00)
	 #2 (3.3379e-08, 2.8563e-01): lin 1 (0.0e+00)
-------------------------------------------------------------------------------------------------------------
 T = 791.277, DT = 2, NI = 2, LI = 2, RES = 9.6e-16 (6.3e-06), CFL=0.299 (ELAPSED 00:00:04, REMAINING 00:00:07 )
-------------------------------------------------------------------------------------------------------------
	 #1 (1.0250e-04, 1.7780e-04): lin 1 (0.0e+00)
	 #2 (3.3087e-08, 2.6846e-01): lin 1 (0.0e+00)
-------------------------------------------------------------------------------------------------------------
 T = 793.277, DT = 2, NI = 2, LI = 2, RES = 9.3e-16 (5.8e-06), CFL=0.299 (ELAPSED 00:00:04, REMAINING 00:00:07 )
-------------------------------------------------------------------------------------------------------------
	 #1 (1.0238e-04, 1.7803e-04): lin 1 (0.0e+00)
	 #2 (3.3200e-08, 2.6728e-01): lin 1 (0.0e+00)
-------------------------------------------------------------------------------------------------------------
 T = 795.277, DT = 2, NI = 2, LI = 2, RES = 9.2e-16 (6.1e-06), CFL=0.299 (ELAPSED 00:00:04, REMAINING 00:00:07 )
-------------------------------------------------------------------------------------------------------------
	 #1 (1.0227e-04, 1.7730e-04): lin 1 (0.0e+00)
	 #2 (3.3070e-08, 2.6615e-01): lin 1 (0.0e+00)
-------------------------------------------------------------------------------------------------------------
 T = 797.277, DT = 2, NI = 2, LI = 2, RES = 9.2e-16 (6.3e-06), CFL=0.299 (ELAPSED 00:00:04, REMAINING 00:00:07 )
-------------------------------------------------------------------------------------------------------------
	 #1 (1.0216e-04, 1.7891e-04): lin 1 (0.0e+00)
	 #2 (3.2766e-08, 2.6482e-01): lin 1 (0.0e+00)
-------------------------------------------------------------------------------------------------------------
 T = 799.277, DT = 2, NI = 2, LI = 2, RES = 8.8e-16 (7.8e-06), CFL=0.299 (ELAPSED 00:00:04, REMAINING 00:00:07 )
-------------------------------------------------------------------------------------------------------------
	 #1 (1.0205e-04, 1.7695e-04): lin 1 (0.0e+00)
	 #2 (3.2735e-08, 2.6387e-01): lin 1 (0.0e+00)
-------------------------------------------------------------------------------------------------------------
 T = 801.277, DT = 2, NI = 2, LI = 2, RES = 8.9e-16 (6.5e-06), CFL=0.299 (ELAPSED 00:00:04, REMAINING 00:00:07 )
-------------------------------------------------------------------------------------------------------------
	 #1 (1.0194e-04, 1.7623e-04): lin 1 (0.0e+00)
	 #2 (3.2637e-08, 2.6252e-01): lin 1 (0.0e+00)
-------------------------------------------------------------------------------------------------------------
 T = 803.277, DT = 2, NI = 2, LI = 2, RES = 8.9e-16 (7.3e-06), CFL=0.299 (ELAPSED 00:00:04, REMAINING 00:00:06 )
-------------------------------------------------------------------------------------------------------------
	 #1 (1.0183e-04, 1.7395e-04): lin 1 (0.0e+00)
	 #2 (3.1627e-08, 3.1415e-01): lin 1 (0.0e+00)
-------------------------------------------------------------------------------------------------------------
 T = 805.277, DT = 2, NI = 2, LI = 2, RES = 8.4e-16 (6.4e-06), CFL=0.299 (ELAPSED 00:00:04, REMAINING 00:00:06 )
-------------------------------------------------------------------------------------------------------------
	 #1 (1.0172e-04, 1.7387e-04): lin 1 (0.0e+00)
	 #2 (3.2527e-08, 2.6031e-01): lin 1 (0.0e+00)
-------------------------------------------------------------------------------------------------------------
 T = 807.277, DT = 2, NI = 2, LI = 2, RES = 8.9e-16 (6.1e-06), CFL=0.299 (ELAPSED 00:00:04, REMAINING 00:00:06 )
-------------------------------------------------------------------------------------------------------------
	 #1 (1.0161e-04, 1.7401e-04): lin 1 (0.0e+00)
	 #2 (3.2152e-08, 2.5921e-01): lin 1 (0.0e+00)
-------------------------------------------------------------------------------------------------------------
 T = 809.277, DT = 2, NI = 2, LI = 2, RES = 8.7e-16 (7.4e-06), CFL=0.299 (ELAPSED 00:00:04, REMAINING 00:00:06 )
-------------------------------------------------------------------------------------------------------------
	 #1 (1.0150e-04, 1.7408e-04): lin 1 (0.0e+00)
	 #2 (3.2050e-08, 2.5801e-01): lin 1 (0.0e+00)
-------------------------------------------------------------------------------------------------------------
 T = 811.277, DT = 2, NI = 2, LI = 2, RES = 8.7e-16 (7.0e-06), CFL=0.299 (ELAPSED 00:00:04, REMAINING 00:00:06 )
-------------------------------------------------------------------------------------------------------------
	 #1 (1.0139e-04, 1.7263e-04): lin 1 (0.0e+00)
	 #2 (3.1806e-08, 2.5697e-01): lin 1 (0.0e+00)
-------------------------------------------------------------------------------------------------------------
 T = 813.277, DT = 2, NI = 2, LI = 2, RES = 8.7e-16 (7.7e-06), CFL=0.299 (ELAPSED 00:00:04, REMAINING 00:00:06 )
-------------------------------------------------------------------------------------------------------------
	 #1 (1.0128e-04, 1.7371e-04): lin 1 (0.0e+00)
	 #2 (3.2163e-08, 2.5586e-01): lin 1 (0.0e+00)
-------------------------------------------------------------------------------------------------------------
 T = 815.277, DT = 2, NI = 2, LI = 2, RES = 8.6e-16 (6.1e-06), CFL=0.299 (ELAPSED 00:00:04, REMAINING 00:00:06 )
-------------------------------------------------------------------------------------------------------------
	 #1 (1.0118e-04, 1.7195e-04): lin 1 (0.0e+00)
	 #2 (3.2045e-08, 2.5476e-01): lin 1 (0.0e+00)
-------------------------------------------------------------------------------------------------------------
 T = 817.277, DT = 2, NI = 2, LI = 2, RES = 8.6e-16 (6.9e-06), CFL=0.299 (ELAPSED 00:00:04, REMAINING 00:00:06 )
-------------------------------------------------------------------------------------------------------------
	 #1 (1.0107e-04, 1.7228e-04): lin 1 (0.0e+00)
	 #2 (3.1903e-08, 2.4594e-01): lin 1 (0.0e+00)
-------------------------------------------------------------------------------------------------------------
 T = 819.277, DT = 2, NI = 2, LI = 2, RES = 8.4e-16 (5.9e-06), CFL=0.299 (ELAPSED 00:00:05, REMAINING 00:00:06 )
-------------------------------------------------------------------------------------------------------------
	 #1 (1.0096e-04, 1.6921e-04): lin 1 (0.0e+00)
	 #2 (3.1869e-08, 2.5256e-01): lin 1 (0.0e+00)
-------------------------------------------------------------------------------------------------------------
 T = 821.277, DT = 2, NI = 2, LI = 2, RES = 8.1e-16 (7.6e-06), CFL=0.299 (ELAPSED 00:00:05, REMAINING 00:00:06 )
-------------------------------------------------------------------------------------------------------------
	 #1 (1.0085e-04, 1.7105e-04): lin 1 (0.0e+00)
	 #2 (3.1746e-08, 2.5150e-01): lin 1 (0.0e+00)
-------------------------------------------------------------------------------------------------------------
 T = 823.277, DT = 2, NI = 2, LI = 2, RES = 8.2e-16 (6.1e-06), CFL=0.299 (ELAPSED 00:00:05, REMAINING 00:00:06 )
-------------------------------------------------------------------------------------------------------------
	 #1 (1.0075e-04, 1.6971e-04): lin 1 (0.0e+00)
	 #2 (3.1587e-08, 2.5043e-01): lin 1 (0.0e+00)
-------------------------------------------------------------------------------------------------------------
 T = 825.277, DT = 2, NI = 2, LI = 2, RES = 8.2e-16 (7.1e-06), CFL=0.299 (ELAPSED 00:00:05, REMAINING 00:00:06 )
-------------------------------------------------------------------------------------------------------------
	 #1 (1.0064e-04, 1.6930e-04): lin 1 (0.0e+00)
	 #2 (3.1497e-08, 2.4927e-01): lin 1 (0.0e+00)
-------------------------------------------------------------------------------------------------------------
 T = 827.277, DT = 2, NI = 2, LI = 2, RES = 8.1e-16 (7.3e-06), CFL=0.299 (ELAPSED 00:00:05, REMAINING 00:00:06 )
-------------------------------------------------------------------------------------------------------------
	 #1 (1.0054e-04, 1.6860e-04): lin 1 (0.0e+00)
	 #2 (3.1420e-08, 2.4830e-01): lin 1 (0.0e+00)
-------------------------------------------------------------------------------------------------------------
 T = 829.277, DT = 2, NI = 2, LI = 2, RES = 8.2e-16 (5.9e-06), CFL=0.299 (ELAPSED 00:00:05, REMAINING 00:00:06 )
-------------------------------------------------------------------------------------------------------------
	 #1 (1.0043e-04, 1.6847e-04): lin 1 (0.0e+00)
	 #2 (3.1244e-08, 2.4743e-01): lin 1 (0.0e+00)
-------------------------------------------------------------------------------------------------------------
 T = 831.277, DT = 2, NI = 2, LI = 2, RES = 8.0e-16 (6.0e-06), CFL=0.299 (ELAPSED 00:00:05, REMAINING 00:00:06 )
-------------------------------------------------------------------------------------------------------------
	 #1 (1.0033e-04, 1.6943e-04): lin 1 (0.0e+00)
	 #2 (3.0633e-08, 2.4612e-01): lin 1 (0.0e+00)
-------------------------------------------------------------------------------------------------------------
 T = 833.277, DT = 2, NI = 2, LI = 2, RES = 7.8e-16 (5.4e-06), CFL=0.299 (ELAPSED 00:00:05, REMAINING 00:00:06 )
-------------------------------------------------------------------------------------------------------------
	 #1 (1.0022e-04, 1.6692e-04): lin 1 (0.0e+00)
	 #2 (3.0832e-08, 2.6307e-01): lin 1 (0.0e+00)
-------------------------------------------------------------------------------------------------------------
 T = 835.277, DT = 2, NI = 2, LI = 2, RES = 7.7e-16 (6.8e-06), CFL=0.299 (ELAPSED 00:00:05, REMAINING 00:00:06 )
-------------------------------------------------------------------------------------------------------------
	 #1 (1.0012e-04, 1.6734e-04): lin 1 (0.0e+00)
	 #2 (3.1029e-08, 2.9745e-01): lin 1 (0.0e+00)
-------------------------------------------------------------------------------------------------------------
 T = 837.277, DT = 2, NI = 2, LI = 2, RES = 7.9e-16 (5.6e-06), CFL=0.299 (ELAPSED 00:00:05, REMAINING 00:00:06 )
-------------------------------------------------------------------------------------------------------------
	 #1 (1.0001e-04, 1.6659e-04): lin 1 (0.0e+00)
	 #2 (3.0837e-08, 2.4305e-01): lin 1 (0.0e+00)
-------------------------------------------------------------------------------------------------------------
 T = 839.277, DT = 2, NI = 2, LI = 2, RES = 7.8e-16 (7.0e-06), CFL=0.299 (ELAPSED 00:00:05, REMAINING 00:00:06 )
-------------------------------------------------------------------------------------------------------------
	 #1 (9.9911e-05, 1.6705e-04): lin 1 (0.0e+00)
	 #2 (3.0699e-08, 2.4201e-01): lin 1 (0.0e+00)
-------------------------------------------------------------------------------------------------------------
 T = 841.277, DT = 2, NI = 2, LI = 2, RES = 7.9e-16 (6.4e-06), CFL=0.299 (ELAPSED 00:00:05, REMAINING 00:00:06 )
-------------------------------------------------------------------------------------------------------------
	 #1 (9.9808e-05, 1.6664e-04): lin 1 (0.0e+00)
	 #2 (3.0649e-08, 2.4108e-01): lin 1 (0.0e+00)
-------------------------------------------------------------------------------------------------------------
 T = 843.277, DT = 2, NI = 2, LI = 2, RES = 7.8e-16 (7.8e-06), CFL=0.299 (ELAPSED 00:00:05, REMAINING 00:00:06 )
-------------------------------------------------------------------------------------------------------------
	 #1 (9.9705e-05, 1.6727e-04): lin 1 (0.0e+00)
	 #2 (3.0587e-08, 2.4007e-01): lin 1 (0.0e+00)
-------------------------------------------------------------------------------------------------------------
 T = 845.277, DT = 2, NI = 2, LI = 2, RES = 7.4e-16 (5.7e-06), CFL=0.299 (ELAPSED 00:00:05, REMAINING 00:00:06 )
-------------------------------------------------------------------------------------------------------------
	 #1 (9.9603e-05, 1.6563e-04): lin 1 (0.0e+00)
	 #2 (3.0610e-08, 2.3912e-01): lin 1 (0.0e+00)
-------------------------------------------------------------------------------------------------------------
 T = 847.277, DT = 2, NI = 2, LI = 2, RES = 7.7e-16 (6.1e-06), CFL=0.299 (ELAPSED 00:00:05, REMAINING 00:00:06 )
-------------------------------------------------------------------------------------------------------------
	 #1 (9.9501e-05, 1.6279e-04): lin 1 (0.0e+00)
	 #2 (3.0518e-08, 2.3851e-01): lin 1 (0.0e+00)
-------------------------------------------------------------------------------------------------------------
 T = 849.277, DT = 2, NI = 2, LI = 2, RES = 7.5e-16 (6.2e-06), CFL=0.299 (ELAPSED 00:00:05, REMAINING 00:00:06 )
-------------------------------------------------------------------------------------------------------------
	 #1 (9.9399e-05, 1.6438e-04): lin 1 (0.0e+00)
	 #2 (2.9841e-08, 2.3715e-01): lin 1 (0.0e+00)
-------------------------------------------------------------------------------------------------------------
 T = 851.277, DT = 2, NI = 2, LI = 2, RES = 7.4e-16 (5.9e-06), CFL=0.299 (ELAPSED 00:00:05, REMAINING 00:00:06 )
-------------------------------------------------------------------------------------------------------------
	 #1 (9.9298e-05, 1.6318e-04): lin 1 (0.0e+00)
	 #2 (2.9953e-08, 2.3618e-01): lin 1 (0.0e+00)
-------------------------------------------------------------------------------------------------------------
 T = 853.277, DT = 2, NI = 2, LI = 2, RES = 7.5e-16 (6.8e-06), CFL=0.299 (ELAPSED 00:00:05, REMAINING 00:00:06 )
-------------------------------------------------------------------------------------------------------------
	 #1 (9.9197e-05, 1.6448e-04): lin 1 (0.0e+00)
	 #2 (2.9816e-08, 2.3546e-01): lin 1 (0.0e+00)
-------------------------------------------------------------------------------------------------------------
 T = 855.277, DT = 2, NI = 2, LI = 2, RES = 7.4e-16 (6.7e-06), CFL=0.299 (ELAPSED 00:00:05, REMAINING 00:00:06 )
-------------------------------------------------------------------------------------------------------------
	 #1 (9.9097e-05, 1.6231e-04): lin 1 (0.0e+00)
	 #2 (3.0246e-08, 2.3415e-01): lin 1 (0.0e+00)
-------------------------------------------------------------------------------------------------------------
 T = 857.277, DT = 2, NI = 2, LI = 2, RES = 7.3e-16 (6.5e-06), CFL=0.299 (ELAPSED 00:00:05, REMAINING 00:00:06 )
-------------------------------------------------------------------------------------------------------------
	 #1 (9.8997e-05, 1.6147e-04): lin 1 (0.0e+00)
	 #2 (2.9842e-08, 2.3171e-01): lin 1 (0.0e+00)
-------------------------------------------------------------------------------------------------------------
 T = 859.277, DT = 2, NI = 2, LI = 2, RES = 7.4e-16 (6.0e-06), CFL=0.299 (ELAPSED 00:00:05, REMAINING 00:00:06 )
-------------------------------------------------------------------------------------------------------------
	 #1 (9.8897e-05, 1.6372e-04): lin 1 (0.0e+00)
	 #2 (2.9748e-08, 2.3231e-01): lin 1 (0.0e+00)
-------------------------------------------------------------------------------------------------------------
 T = 861.277, DT = 2, NI = 2, LI = 2, RES = 7.3e-16 (6.4e-06), CFL=0.299 (ELAPSED 00:00:05, REMAINING 00:00:06 )
-------------------------------------------------------------------------------------------------------------
	 #1 (9.8798e-05, 1.6065e-04): lin 1 (0.0e+00)
	 #2 (3.4726e-08, 2.3827e-01): lin 1 (0.0e+00)
-------------------------------------------------------------------------------------------------------------
 T = 863.277, DT = 2, NI = 2, LI = 2, RES = 2.8e-15 (5.9e-06), CFL=0.299 (ELAPSED 00:00:05, REMAINING 00:00:06 )
-------------------------------------------------------------------------------------------------------------
	 #1 (9.8693e-05, 1.6186e-04): lin 1 (0.0e+00)
	 #2 (2.9760e-08, 2.3042e-01): lin 1 (0.0e+00)
-------------------------------------------------------------------------------------------------------------
 T = 865.277, DT = 2, NI = 2, LI = 2, RES = 7.1e-16 (5.7e-06), CFL=0.299 (ELAPSED 00:00:05, REMAINING 00:00:06 )
-------------------------------------------------------------------------------------------------------------
	 #1 (9.8578e-05, 1.6111e-04): lin 1 (0.0e+00)
	 #2 (2.9487e-08, 2.8399e-01): lin 1 (0.0e+00)
-------------------------------------------------------------------------------------------------------------
 T = 867.277, DT = 2, NI = 2, LI = 2, RES = 7.1e-16 (6.4e-06), CFL=0.299 (ELAPSED 00:00:05, REMAINING 00:00:06 )
-------------------------------------------------------------------------------------------------------------
	 #1 (9.8475e-05, 1.5872e-04): lin 1 (0.0e+00)
	 #2 (2.9410e-08, 2.2855e-01): lin 1 (0.0e+00)
-------------------------------------------------------------------------------------------------------------
 T = 869.277, DT = 2, NI = 2, LI = 2, RES = 6.8e-16 (5.4e-06), CFL=0.299 (ELAPSED 00:00:05, REMAINING 00:00:06 )
-------------------------------------------------------------------------------------------------------------
	 #1 (9.8375e-05, 1.5980e-04): lin 1 (0.0e+00)
	 #2 (2.9527e-08, 2.4186e-01): lin 1 (0.0e+00)
-------------------------------------------------------------------------------------------------------------
 T = 871.277, DT = 2, NI = 2, LI = 2, RES = 7.0e-16 (6.6e-06), CFL=0.299 (ELAPSED 00:00:05, REMAINING 00:00:06 )
-------------------------------------------------------------------------------------------------------------
	 #1 (9.8276e-05, 1.5957e-04): lin 1 (0.0e+00)
	 #2 (2.9225e-08, 2.2666e-01): lin 1 (0.0e+00)
-------------------------------------------------------------------------------------------------------------
 T = 873.277, DT = 2, NI = 2, LI = 2, RES = 7.0e-16 (6.8e-06), CFL=0.299 (ELAPSED 00:00:05, REMAINING 00:00:06 )
-------------------------------------------------------------------------------------------------------------
	 #1 (9.8178e-05, 1.5814e-04): lin 1 (0.0e+00)
	 #2 (2.9328e-08, 2.2578e-01): lin 1 (0.0e+00)
-------------------------------------------------------------------------------------------------------------
 T = 875.277, DT = 2, NI = 2, LI = 2, RES = 7.0e-16 (4.8e-06), CFL=0.299 (ELAPSED 00:00:05, REMAINING 00:00:06 )
-------------------------------------------------------------------------------------------------------------
	 #1 (9.8081e-05, 1.5775e-04): lin 1 (0.0e+00)
	 #2 (2.9238e-08, 2.2488e-01): lin 1 (0.0e+00)
-------------------------------------------------------------------------------------------------------------
 T = 877.277, DT = 2, NI = 2, LI = 2, RES = 6.8e-16 (6.2e-06), CFL=0.299 (ELAPSED 00:00:05, REMAINING 00:00:06 )
-------------------------------------------------------------------------------------------------------------
	 #1 (9.7983e-05, 1.5892e-04): lin 1 (0.0e+00)
	 #2 (2.9034e-08, 2.2398e-01): lin 1 (0.0e+00)
-------------------------------------------------------------------------------------------------------------
 T = 879.277, DT = 2, NI = 2, LI = 2, RES = 6.8e-16 (5.6e-06), CFL=0.299 (ELAPSED 00:00:05, REMAINING 00:00:06 )
-------------------------------------------------------------------------------------------------------------
	 #1 (9.7887e-05, 1.5919e-04): lin 1 (0.0e+00)
	 #2 (2.8926e-08, 2.2308e-01): lin 1 (0.0e+00)
-------------------------------------------------------------------------------------------------------------
 T = 881.277, DT = 2, NI = 2, LI = 2, RES = 6.7e-16 (5.6e-06), CFL=0.299 (ELAPSED 00:00:05, REMAINING 00:00:06 )
-------------------------------------------------------------------------------------------------------------
	 #1 (9.7790e-05, 1.5736e-04): lin 1 (0.0e+00)
	 #2 (2.8925e-08, 2.2219e-01): lin 1 (0.0e+00)
-------------------------------------------------------------------------------------------------------------
 T = 883.277, DT = 2, NI = 2, LI = 2, RES = 6.6e-16 (5.4e-06), CFL=0.299 (ELAPSED 00:00:05, REMAINING 00:00:06 )
-------------------------------------------------------------------------------------------------------------
	 #1 (9.7694e-05, 1.5732e-04): lin 1 (0.0e+00)
	 #2 (2.8497e-08, 2.2130e-01): lin 1 (0.0e+00)
-------------------------------------------------------------------------------------------------------------
 T = 885.277, DT = 2, NI = 2, LI = 2, RES = 6.5e-16 (7.1e-06), CFL=0.299 (ELAPSED 00:00:05, REMAINING 00:00:06 )
-------------------------------------------------------------------------------------------------------------
	 #1 (9.7598e-05, 1.5710e-04): lin 1 (0.0e+00)
	 #2 (2.8440e-08, 2.2038e-01): lin 1 (0.0e+00)
-------------------------------------------------------------------------------------------------------------
 T = 887.277, DT = 2, NI = 2, LI = 2, RES = 6.5e-16 (7.3e-06), CFL=0.299 (ELAPSED 00:00:05, REMAINING 00:00:06 )
-------------------------------------------------------------------------------------------------------------
	 #1 (9.7503e-05, 1.5706e-04): lin 1 (0.0e+00)
	 #2 (2.8654e-08, 2.6133e-01): lin 1 (0.0e+00)
-------------------------------------------------------------------------------------------------------------
 T = 889.277, DT = 2, NI = 2, LI = 2, RES = 6.5e-16 (6.0e-06), CFL=0.299 (ELAPSED 00:00:05, REMAINING 00:00:06 )
-------------------------------------------------------------------------------------------------------------
	 #1 (9.7408e-05, 1.5654e-04): lin 1 (0.0e+00)
	 #2 (2.8526e-08, 2.1869e-01): lin 1 (0.0e+00)
-------------------------------------------------------------------------------------------------------------
 T = 891.277, DT = 2, NI = 2, LI = 2, RES = 6.6e-16 (5.7e-06), CFL=0.299 (ELAPSED 00:00:05, REMAINING 00:00:06 )
-------------------------------------------------------------------------------------------------------------
	 #1 (9.7313e-05, 1.5636e-04): lin 1 (0.0e+00)
	 #2 (2.8576e-08, 2.1782e-01): lin 1 (0.0e+00)
-------------------------------------------------------------------------------------------------------------
 T = 893.277, DT = 2, NI = 2, LI = 2, RES = 6.4e-16 (6.9e-06), CFL=0.299 (ELAPSED 00:00:05, REMAINING 00:00:06 )
-------------------------------------------------------------------------------------------------------------
	 #1 (9.7218e-05, 1.5698e-04): lin 1 (0.0e+00)
	 #2 (2.8211e-08, 2.1689e-01): lin 1 (0.0e+00)
-------------------------------------------------------------------------------------------------------------
 T = 895.277, DT = 2, NI = 2, LI = 2, RES = 6.2e-16 (6.0e-06), CFL=0.299 (ELAPSED 00:00:05, REMAINING 00:00:06 )
-------------------------------------------------------------------------------------------------------------
	 #1 (9.7124e-05, 1.5333e-04): lin 1 (0.0e+00)
	 #2 (2.8339e-08, 2.1729e-01): lin 1 (0.0e+00)
-------------------------------------------------------------------------------------------------------------
 T = 897.277, DT = 2, NI = 2, LI = 2, RES = 6.2e-16 (8.1e-06), CFL=0.299 (ELAPSED 00:00:05, REMAINING 00:00:06 )
-------------------------------------------------------------------------------------------------------------
	 #1 (9.7031e-05, 1.5551e-04): lin 1 (0.0e+00)
	 #2 (2.7694e-08, 2.5807e-01): lin 1 (0.0e+00)
-------------------------------------------------------------------------------------------------------------
 T = 899.277, DT = 2, NI = 2, LI = 2, RES = 6.2e-16 (6.5e-06), CFL=0.299 (ELAPSED 00:00:05, REMAINING 00:00:06 )
-------------------------------------------------------------------------------------------------------------
	 #1 (9.6937e-05, 1.5449e-04): lin 1 (0.0e+00)
	 #2 (2.7924e-08, 2.1435e-01): lin 1 (0.0e+00)
-------------------------------------------------------------------------------------------------------------
 T = 901.277, DT = 2, NI = 2, LI = 2, RES = 6.2e-16 (6.9e-06), CFL=0.299 (ELAPSED 00:00:05, REMAINING 00:00:06 )
-------------------------------------------------------------------------------------------------------------
	 #1 (9.6844e-05, 1.5477e-04): lin 1 (0.0e+00)
	 #2 (2.8168e-08, 2.1359e-01): lin 1 (0.0e+00)
-------------------------------------------------------------------------------------------------------------
 T = 903.277, DT = 2, NI = 2, LI = 2, RES = 6.3e-16 (6.7e-06), CFL=0.299 (ELAPSED 00:00:05, REMAINING 00:00:06 )
-------------------------------------------------------------------------------------------------------------
	 #1 (9.6751e-05, 1.5401e-04): lin 1 (0.0e+00)
	 #2 (2.8085e-08, 2.1270e-01): lin 1 (0.0e+00)
-------------------------------------------------------------------------------------------------------------
 T = 905.277, DT = 2, NI = 2, LI = 2, RES = 6.2e-16 (6.8e-06), CFL=0.299 (ELAPSED 00:00:05, REMAINING 00:00:06 )
-------------------------------------------------------------------------------------------------------------
	 #1 (9.6659e-05, 1.5302e-04): lin 1 (0.0e+00)
	 #2 (2.7634e-08, 2.1187e-01): lin 1 (0.0e+00)
-------------------------------------------------------------------------------------------------------------
 T = 907.277, DT = 2, NI = 2, LI = 2, RES = 6.0e-16 (7.4e-06), CFL=0.299 (ELAPSED 00:00:05, REMAINING 00:00:06 )
-------------------------------------------------------------------------------------------------------------
	 #1 (9.6567e-05, 1.5208e-04): lin 1 (0.0e+00)
	 #2 (2.7866e-08, 2.1117e-01): lin 1 (0.0e+00)
-------------------------------------------------------------------------------------------------------------
 T = 909.277, DT = 2, NI = 2, LI = 2, RES = 6.1e-16 (5.8e-06), CFL=0.299 (ELAPSED 00:00:05, REMAINING 00:00:06 )
-------------------------------------------------------------------------------------------------------------
	 #1 (9.6474e-05, 1.5212e-04): lin 1 (0.0e+00)
	 #2 (2.7755e-08, 2.1028e-01): lin 1 (0.0e+00)
-------------------------------------------------------------------------------------------------------------
 T = 911.277, DT = 2, NI = 2, LI = 2, RES = 6.0e-16 (5.7e-06), CFL=0.299 (ELAPSED 00:00:05, REMAINING 00:00:06 )
-------------------------------------------------------------------------------------------------------------
	 #1 (9.6383e-05, 1.5115e-04): lin 1 (0.0e+00)
	 #2 (2.7644e-08, 2.0947e-01): lin 1 (0.0e+00)
-------------------------------------------------------------------------------------------------------------
 T = 913.277, DT = 2, NI = 2, LI = 2, RES = 6.0e-16 (6.7e-06), CFL=0.299 (ELAPSED 00:00:05, REMAINING 00:00:06 )
-------------------------------------------------------------------------------------------------------------
	 #1 (9.6291e-05, 1.5161e-04): lin 1 (0.0e+00)
	 #2 (2.7612e-08, 2.0867e-01): lin 1 (0.0e+00)
-------------------------------------------------------------------------------------------------------------
 T = 915.277, DT = 2, NI = 2, LI = 2, RES = 6.2e-16 (6.7e-06), CFL=0.299 (ELAPSED 00:00:05, REMAINING 00:00:06 )
-------------------------------------------------------------------------------------------------------------
	 #1 (9.6200e-05, 1.5244e-04): lin 1 (0.0e+00)
	 #2 (2.7473e-08, 2.0780e-01): lin 1 (0.0e+00)
-------------------------------------------------------------------------------------------------------------
 T = 917.277, DT = 2, NI = 2, LI = 2, RES = 5.9e-16 (7.1e-06), CFL=0.299 (ELAPSED 00:00:05, REMAINING 00:00:06 )
-------------------------------------------------------------------------------------------------------------
	 #1 (9.6109e-05, 1.5200e-04): lin 1 (0.0e+00)
	 #2 (2.7390e-08, 2.0705e-01): lin 1 (0.0e+00)
-------------------------------------------------------------------------------------------------------------
 T = 919.277, DT = 2, NI = 2, LI = 2, RES = 5.9e-16 (6.8e-06), CFL=0.299 (ELAPSED 00:00:05, REMAINING 00:00:06 )
-------------------------------------------------------------------------------------------------------------
	 #1 (9.6019e-05, 1.5070e-04): lin 1 (0.0e+00)
	 #2 (2.7381e-08, 2.0631e-01): lin 1 (0.0e+00)
-------------------------------------------------------------------------------------------------------------
 T = 921.277, DT = 2, NI = 2, LI = 2, RES = 5.8e-16 (5.9e-06), CFL=0.299 (ELAPSED 00:00:05, REMAINING 00:00:06 )
-------------------------------------------------------------------------------------------------------------
	 #1 (9.5929e-05, 1.5097e-04): lin 1 (0.0e+00)
	 #2 (2.6841e-08, 2.0553e-01): lin 1 (0.0e+00)
-------------------------------------------------------------------------------------------------------------
 T = 923.277, DT = 2, NI = 2, LI = 2, RES = 5.9e-16 (6.3e-06), CFL=0.299 (ELAPSED 00:00:05, REMAINING 00:00:06 )
-------------------------------------------------------------------------------------------------------------
	 #1 (9.5840e-05, 1.5184e-04): lin 1 (0.0e+00)
	 #2 (2.7174e-08, 2.0474e-01): lin 1 (0.0e+00)
-------------------------------------------------------------------------------------------------------------
 T = 925.277, DT = 2, NI = 2, LI = 2, RES = 5.7e-16 (6.8e-06), CFL=0.299 (ELAPSED 00:00:05, REMAINING 00:00:06 )
-------------------------------------------------------------------------------------------------------------
	 #1 (9.5750e-05, 1.4870e-04): lin 1 (0.0e+00)
	 #2 (2.7155e-08, 2.0390e-01): lin 1 (0.0e+00)
-------------------------------------------------------------------------------------------------------------
 T = 927.277, DT = 2, NI = 2, LI = 2, RES = 5.7e-16 (6.7e-06), CFL=0.299 (ELAPSED 00:00:05, REMAINING 00:00:06 )
-------------------------------------------------------------------------------------------------------------
	 #1 (9.5661e-05, 1.4930e-04): lin 1 (0.0e+00)
	 #2 (2.7109e-08, 2.0320e-01): lin 1 (0.0e+00)
-------------------------------------------------------------------------------------------------------------
 T = 929.277, DT = 2, NI = 2, LI = 2, RES = 5.6e-16 (7.3e-06), CFL=0.299 (ELAPSED 00:00:05, REMAINING 00:00:06 )
-------------------------------------------------------------------------------------------------------------
	 #1 (9.5572e-05, 1.5073e-04): lin 1 (0.0e+00)
	 #2 (2.6924e-08, 2.0243e-01): lin 1 (0.0e+00)
-------------------------------------------------------------------------------------------------------------
 T = 931.277, DT = 2, NI = 2, LI = 2, RES = 5.8e-16 (8.0e-06), CFL=0.299 (ELAPSED 00:00:05, REMAINING 00:00:06 )
-------------------------------------------------------------------------------------------------------------
	 #1 (9.5483e-05, 1.4864e-04): lin 1 (0.0e+00)
	 #2 (2.6921e-08, 2.9524e-01): lin 1 (0.0e+00)
-------------------------------------------------------------------------------------------------------------
 T = 933.277, DT = 2, NI = 2, LI = 2, RES = 5.7e-16 (6.1e-06), CFL=0.299 (ELAPSED 00:00:05, REMAINING 00:00:06 )
-------------------------------------------------------------------------------------------------------------
	 #1 (9.5394e-05, 1.4819e-04): lin 1 (0.0e+00)
	 #2 (2.6706e-08, 2.0084e-01): lin 1 (0.0e+00)
-------------------------------------------------------------------------------------------------------------
 T = 935.277, DT = 2, NI = 2, LI = 2, RES = 5.5e-16 (6.7e-06), CFL=0.299 (ELAPSED 00:00:05, REMAINING 00:00:06 )
-------------------------------------------------------------------------------------------------------------
	 #1 (9.5306e-05, 1.4858e-04): lin 1 (0.0e+00)
	 #2 (2.6693e-08, 2.0202e-01): lin 1 (0.0e+00)
-------------------------------------------------------------------------------------------------------------
 T = 937.277, DT = 2, NI = 2, LI = 2, RES = 5.5e-16 (5.9e-06), CFL=0.299 (ELAPSED 00:00:05, REMAINING 00:00:06 )
-------------------------------------------------------------------------------------------------------------
	 #1 (9.5218e-05, 1.4867e-04): lin 1 (0.0e+00)
	 #2 (2.6625e-08, 1.9933e-01): lin 1 (0.0e+00)
-------------------------------------------------------------------------------------------------------------
 T = 939.277, DT = 2, NI = 2, LI = 2, RES = 5.6e-16 (6.8e-06), CFL=0.299 (ELAPSED 00:00:05, REMAINING 00:00:06 )
-------------------------------------------------------------------------------------------------------------
	 #1 (9.5130e-05, 1.4767e-04): lin 1 (0.0e+00)
	 #2 (2.6481e-08, 2.0986e-01): lin 1 (0.0e+00)
-------------------------------------------------------------------------------------------------------------
 T = 941.277, DT = 2, NI = 2, LI = 2, RES = 5.5e-16 (6.2e-06), CFL=0.299 (ELAPSED 00:00:05, REMAINING 00:00:06 )
-------------------------------------------------------------------------------------------------------------
	 #1 (9.5043e-05, 1.4756e-04): lin 1 (0.0e+00)
	 #2 (2.6261e-08, 1.9791e-01): lin 1 (0.0e+00)
-------------------------------------------------------------------------------------------------------------
 T = 943.277, DT = 2, NI = 2, LI = 2, RES = 5.7e-16 (7.4e-06), CFL=0.299 (ELAPSED 00:00:05, REMAINING 00:00:06 )
-------------------------------------------------------------------------------------------------------------
	 #1 (9.4955e-05, 1.4620e-04): lin 1 (0.0e+00)
	 #2 (2.6191e-08, 1.9720e-01): lin 1 (0.0e+00)
-------------------------------------------------------------------------------------------------------------
 T = 945.277, DT = 2, NI = 2, LI = 2, RES = 5.4e-16 (6.0e-06), CFL=0.299 (ELAPSED 00:00:05, REMAINING 00:00:06 )
-------------------------------------------------------------------------------------------------------------
	 #1 (9.4868e-05, 1.4748e-04): lin 1 (0.0e+00)
	 #2 (2.6393e-08, 1.9654e-01): lin 1 (0.0e+00)
-------------------------------------------------------------------------------------------------------------
 T = 947.277, DT = 2, NI = 2, LI = 2, RES = 5.7e-16 (7.8e-06), CFL=0.299 (ELAPSED 00:00:05, REMAINING 00:00:06 )
-------------------------------------------------------------------------------------------------------------
	 #1 (9.4782e-05, 1.4670e-04): lin 1 (0.0e+00)
	 #2 (2.5853e-08, 1.9581e-01): lin 1 (0.0e+00)
-------------------------------------------------------------------------------------------------------------
 T = 949.277, DT = 2, NI = 2, LI = 2, RES = 5.3e-16 (6.5e-06), CFL=0.299 (ELAPSED 00:00:05, REMAINING 00:00:06 )
-------------------------------------------------------------------------------------------------------------
	 #1 (9.4695e-05, 1.4536e-04): lin 1 (0.0e+00)
	 #2 (2.6228e-08, 1.9540e-01): lin 1 (0.0e+00)
-------------------------------------------------------------------------------------------------------------
 T = 951.277, DT = 2, NI = 2, LI = 2, RES = 5.4e-16 (7.1e-06), CFL=0.299 (ELAPSED 00:00:05, REMAINING 00:00:06 )
-------------------------------------------------------------------------------------------------------------
	 #1 (9.4609e-05, 1.4653e-04): lin 1 (0.0e+00)
	 #2 (2.6463e-08, 1.9424e-01): lin 1 (0.0e+00)
-------------------------------------------------------------------------------------------------------------
 T = 953.277, DT = 2, NI = 2, LI = 2, RES = 5.4e-16 (7.3e-06), CFL=0.300 (ELAPSED 00:00:05, REMAINING 00:00:05 )
-------------------------------------------------------------------------------------------------------------
	 #1 (9.4523e-05, 1.4303e-04): lin 1 (0.0e+00)
	 #2 (2.6053e-08, 1.9359e-01): lin 1 (0.0e+00)
-------------------------------------------------------------------------------------------------------------
 T = 955.277, DT = 2, NI = 2, LI = 2, RES = 5.7e-16 (6.4e-06), CFL=0.300 (ELAPSED 00:00:05, REMAINING 00:00:05 )
-------------------------------------------------------------------------------------------------------------
	 #1 (9.4437e-05, 1.4542e-04): lin 1 (0.0e+00)
	 #2 (2.5905e-08, 1.9289e-01): lin 1 (0.0e+00)
-------------------------------------------------------------------------------------------------------------
 T = 957.277, DT = 2, NI = 2, LI = 2, RES = 5.3e-16 (6.4e-06), CFL=0.300 (ELAPSED 00:00:05, REMAINING 00:00:05 )
-------------------------------------------------------------------------------------------------------------
	 #1 (9.4352e-05, 1.4480e-04): lin 1 (0.0e+00)
	 #2 (2.6030e-08, 1.9221e-01): lin 1 (0.0e+00)
-------------------------------------------------------------------------------------------------------------
 T = 959.277, DT = 2, NI = 2, LI = 2, RES = 5.2e-16 (7.4e-06), CFL=0.300 (ELAPSED 00:00:05, REMAINING 00:00:05 )
-------------------------------------------------------------------------------------------------------------
	 #1 (9.4266e-05, 1.4590e-04): lin 1 (0.0e+00)
	 #2 (2.6009e-08, 1.9143e-01): lin 1 (0.0e+00)
-------------------------------------------------------------------------------------------------------------
 T = 961.277, DT = 2, NI = 2, LI = 2, RES = 5.4e-16 (5.7e-06), CFL=0.300 (ELAPSED 00:00:05, REMAINING 00:00:05 )
-------------------------------------------------------------------------------------------------------------
	 #1 (9.4181e-05, 1.4462e-04): lin 1 (0.0e+00)
	 #2 (2.5928e-08, 1.9086e-01): lin 1 (0.0e+00)
-------------------------------------------------------------------------------------------------------------
 T = 963.277, DT = 2, NI = 2, LI = 2, RES = 5.1e-16 (6.7e-06), CFL=0.300 (ELAPSED 00:00:05, REMAINING 00:00:05 )
-------------------------------------------------------------------------------------------------------------
	 #1 (9.4097e-05, 1.4374e-04): lin 1 (0.0e+00)
	 #2 (2.5699e-08, 1.9010e-01): lin 1 (0.0e+00)
-------------------------------------------------------------------------------------------------------------
 T = 965.277, DT = 2, NI = 2, LI = 2, RES = 5.4e-16 (5.7e-06), CFL=0.300 (ELAPSED 00:00:05, REMAINING 00:00:05 )
-------------------------------------------------------------------------------------------------------------
	 #1 (9.4012e-05, 1.4521e-04): lin 1 (0.0e+00)
	 #2 (2.5510e-08, 2.8085e-01): lin 1 (0.0e+00)
-------------------------------------------------------------------------------------------------------------
 T = 967.277, DT = 2, NI = 2, LI = 2, RES = 5.3e-16 (7.9e-06), CFL=0.300 (ELAPSED 00:00:05, REMAINING 00:00:05 )
-------------------------------------------------------------------------------------------------------------
	 #1 (9.3928e-05, 1.4210e-04): lin 1 (0.0e+00)
	 #2 (2.5954e-08, 1.8870e-01): lin 1 (0.0e+00)
-------------------------------------------------------------------------------------------------------------
 T = 969.277, DT = 2, NI = 2, LI = 2, RES = 9.5e-16 (7.4e-06), CFL=0.300 (ELAPSED 00:00:05, REMAINING 00:00:05 )
-------------------------------------------------------------------------------------------------------------
	 #1 (9.3843e-05, 1.4465e-04): lin 1 (0.0e+00)
	 #2 (2.5811e-08, 1.8806e-01): lin 1 (0.0e+00)
-------------------------------------------------------------------------------------------------------------
 T = 971.277, DT = 2, NI = 2, LI = 2, RES = 5.2e-16 (5.9e-06), CFL=0.300 (ELAPSED 00:00:05, REMAINING 00:00:05 )
-------------------------------------------------------------------------------------------------------------
	 #1 (9.3759e-05, 1.4262e-04): lin 1 (0.0e+00)
	 #2 (2.5372e-08, 1.7152e-01): lin 1 (0.0e+00)
-------------------------------------------------------------------------------------------------------------
 T = 973.277, DT = 2, NI = 2, LI = 2, RES = 5.4e-16 (6.0e-06), CFL=0.300 (ELAPSED 00:00:05, REMAINING 00:00:05 )
-------------------------------------------------------------------------------------------------------------
	 #1 (9.3676e-05, 1.4369e-04): lin 1 (0.0e+00)
	 #2 (2.5663e-08, 1.8662e-01): lin 1 (0.0e+00)
-------------------------------------------------------------------------------------------------------------
 T = 975.277, DT = 2, NI = 2, LI = 2, RES = 5.5e-16 (7.1e-06), CFL=0.300 (ELAPSED 00:00:05, REMAINING 00:00:05 )
-------------------------------------------------------------------------------------------------------------
	 #1 (9.3592e-05, 1.4158e-04): lin 1 (0.0e+00)
	 #2 (2.5336e-08, 1.8608e-01): lin 1 (0.0e+00)
-------------------------------------------------------------------------------------------------------------
 T = 977.277, DT = 2, NI = 2, LI = 2, RES = 5.6e-16 (7.0e-06), CFL=0.300 (ELAPSED 00:00:05, REMAINING 00:00:05 )
-------------------------------------------------------------------------------------------------------------
	 #1 (9.3509e-05, 1.4357e-04): lin 1 (0.0e+00)
	 #2 (2.4995e-08, 1.8597e-01): lin 1 (0.0e+00)
-------------------------------------------------------------------------------------------------------------
 T = 979.277, DT = 2, NI = 2, LI = 2, RES = 5.3e-16 (7.0e-06), CFL=0.300 (ELAPSED 00:00:05, REMAINING 00:00:05 )
-------------------------------------------------------------------------------------------------------------
	 #1 (9.3426e-05, 1.4172e-04): lin 1 (0.0e+00)
	 #2 (2.5317e-08, 1.8474e-01): lin 1 (0.0e+00)
-------------------------------------------------------------------------------------------------------------
 T = 981.277, DT = 2, NI = 2, LI = 2, RES = 5.4e-16 (6.9e-06), CFL=0.300 (ELAPSED 00:00:05, REMAINING 00:00:05 )
-------------------------------------------------------------------------------------------------------------
	 #1 (9.3344e-05, 1.4175e-04): lin 1 (0.0e+00)
	 #2 (2.5089e-08, 1.8409e-01): lin 1 (0.0e+00)
-------------------------------------------------------------------------------------------------------------
 T = 983.277, DT = 2, NI = 2, LI = 2, RES = 5.5e-16 (6.4e-06), CFL=0.300 (ELAPSED 00:00:05, REMAINING 00:00:05 )
-------------------------------------------------------------------------------------------------------------
	 #1 (9.3261e-05, 1.4217e-04): lin 1 (0.0e+00)
	 #2 (2.4908e-08, 1.8344e-01): lin 1 (0.0e+00)
-------------------------------------------------------------------------------------------------------------
 T = 985.277, DT = 2, NI = 2, LI = 2, RES = 5.6e-16 (6.2e-06), CFL=0.300 (ELAPSED 00:00:05, REMAINING 00:00:05 )
-------------------------------------------------------------------------------------------------------------
	 #1 (9.3179e-05, 1.4110e-04): lin 1 (0.0e+00)
	 #2 (2.4799e-08, 1.8274e-01): lin 1 (0.0e+00)
-------------------------------------------------------------------------------------------------------------
 T = 987.277, DT = 2, NI = 2, LI = 2, RES = 5.6e-16 (7.1e-06), CFL=0.300 (ELAPSED 00:00:05, REMAINING 00:00:05 )
-------------------------------------------------------------------------------------------------------------
	 #1 (9.3097e-05, 1.4132e-04): lin 1 (0.0e+00)
	 #2 (2.4381e-08, 1.8119e-01): lin 1 (0.0e+00)
-------------------------------------------------------------------------------------------------------------
 T = 989.277, DT = 2, NI = 2, LI = 2, RES = 5.3e-16 (4.2e-06), CFL=0.300 (ELAPSED 00:00:05, REMAINING 00:00:05 )
-------------------------------------------------------------------------------------------------------------
	 #1 (9.3015e-05, 1.4041e-04): lin 1 (0.0e+00)
	 #2 (2.4961e-08, 1.8152e-01): lin 1 (0.0e+00)
-------------------------------------------------------------------------------------------------------------
 T = 991.277, DT = 2, NI = 2, LI = 2, RES = 5.8e-16 (6.7e-06), CFL=0.300 (ELAPSED 00:00:05, REMAINING 00:00:05 )
-------------------------------------------------------------------------------------------------------------
	 #1 (9.2934e-05, 1.4017e-04): lin 1 (0.0e+00)
	 #2 (2.4790e-08, 1.8080e-01): lin 1 (0.0e+00)
-------------------------------------------------------------------------------------------------------------
 T = 993.277, DT = 2, NI = 2, LI = 2, RES = 5.5e-16 (7.5e-06), CFL=0.300 (ELAPSED 00:00:05, REMAINING 00:00:05 )
-------------------------------------------------------------------------------------------------------------
	 #1 (9.2852e-05, 1.3905e-04): lin 1 (0.0e+00)
	 #2 (2.4902e-08, 2.0608e-01): lin 1 (0.0e+00)
-------------------------------------------------------------------------------------------------------------
 T = 995.277, DT = 2, NI = 2, LI = 2, RES = 4.9e-16 (6.1e-06), CFL=0.300 (ELAPSED 00:00:05, REMAINING 00:00:05 )
-------------------------------------------------------------------------------------------------------------
	 #1 (9.2771e-05, 1.3999e-04): lin 1 (0.0e+00)
	 #2 (2.4793e-08, 1.7965e-01): lin 1 (0.0e+00)
-------------------------------------------------------------------------------------------------------------
 T = 997.277, DT = 2, NI = 2, LI = 2, RES = 5.4e-16 (7.4e-06), CFL=0.300 (ELAPSED 00:00:05, REMAINING 00:00:05 )
-------------------------------------------------------------------------------------------------------------
	 #1 (9.2690e-05, 1.3962e-04): lin 1 (0.0e+00)
	 #2 (2.3713e-08, 1.7903e-01): lin 1 (0.0e+00)
-------------------------------------------------------------------------------------------------------------
 T = 999.277, DT = 2, NI = 2, LI = 2, RES = 5.4e-16 (6.6e-06), CFL=0.300 (ELAPSED 00:00:05, REMAINING 00:00:05 )
-------------------------------------------------------------------------------------------------------------
	 #1 (9.2610e-05, 1.3829e-04): lin 1 (0.0e+00)
	 #2 (2.4612e-08, 2.1685e-01): lin 1 (0.0e+00)
-------------------------------------------------------------------------------------------------------------
 T = 1001.28, DT = 2, NI = 2, LI = 2, RES = 5.2e-16 (7.3e-06), CFL=0.300 (ELAPSED 00:00:05, REMAINING 00:00:05 )
-------------------------------------------------------------------------------------------------------------
	 #1 (9.2529e-05, 1.3991e-04): lin 1 (0.0e+00)
	 #2 (2.4412e-08, 1.7780e-01): lin 1 (0.0e+00)
-------------------------------------------------------------------------------------------------------------
 T = 1003.28, DT = 2, NI = 2, LI = 2, RES = 5.5e-16 (6.3e-06), CFL=0.300 (ELAPSED 00:00:05, REMAINING 00:00:05 )
-------------------------------------------------------------------------------------------------------------
	 #1 (9.2449e-05, 1.3952e-04): lin 1 (0.0e+00)
	 #2 (2.4498e-08, 1.7717e-01): lin 1 (0.0e+00)
-------------------------------------------------------------------------------------------------------------
 T = 1005.28, DT = 2, NI = 2, LI = 2, RES = 5.2e-16 (7.0e-06), CFL=0.300 (ELAPSED 00:00:05, REMAINING 00:00:05 )
-------------------------------------------------------------------------------------------------------------
	 #1 (9.2369e-05, 1.3828e-04): lin 1 (0.0e+00)
	 #2 (2.4424e-08, 1.7659e-01): lin 1 (0.0e+00)
-------------------------------------------------------------------------------------------------------------
 T = 1007.28, DT = 2, NI = 2, LI = 2, RES = 5.4e-16 (5.3e-06), CFL=0.300 (ELAPSED 00:00:05, REMAINING 00:00:05 )
-------------------------------------------------------------------------------------------------------------
	 #1 (9.2290e-05, 1.3934e-04): lin 1 (0.0e+00)
	 #2 (2.4410e-08, 1.7597e-01): lin 1 (0.0e+00)
-------------------------------------------------------------------------------------------------------------
 T = 1009.28, DT = 2, NI = 2, LI = 2, RES = 5.5e-16 (6.3e-06), CFL=0.300 (ELAPSED 00:00:05, REMAINING 00:00:05 )
-------------------------------------------------------------------------------------------------------------
	 #1 (9.2210e-05, 1.3697e-04): lin 1 (0.0e+00)
	 #2 (2.4354e-08, 1.7536e-01): lin 1 (0.0e+00)
-------------------------------------------------------------------------------------------------------------
 T = 1011.28, DT = 2, NI = 2, LI = 2, RES = 5.8e-16 (6.7e-06), CFL=0.300 (ELAPSED 00:00:05, REMAINING 00:00:05 )
-------------------------------------------------------------------------------------------------------------
	 #1 (9.2131e-05, 1.3801e-04): lin 1 (0.0e+00)
	 #2 (2.4154e-08, 1.7480e-01): lin 1 (0.0e+00)
-------------------------------------------------------------------------------------------------------------
 T = 1013.28, DT = 2, NI = 2, LI = 2, RES = 5.6e-16 (7.7e-06), CFL=0.300 (ELAPSED 00:00:05, REMAINING 00:00:05 )
-------------------------------------------------------------------------------------------------------------
	 #1 (9.2052e-05, 1.3885e-04): lin 1 (0.0e+00)
	 #2 (2.3996e-08, 1.7676e-01): lin 1 (0.0e+00)
-------------------------------------------------------------------------------------------------------------
 T = 1015.28, DT = 2, NI = 2, LI = 2, RES = 4.8e-16 (6.0e-06), CFL=0.300 (ELAPSED 00:00:05, REMAINING 00:00:05 )
-------------------------------------------------------------------------------------------------------------
	 #1 (9.1973e-05, 1.3642e-04): lin 1 (0.0e+00)
	 #2 (2.3893e-08, 1.7363e-01): lin 1 (0.0e+00)
-------------------------------------------------------------------------------------------------------------
 T = 1017.28, DT = 2, NI = 2, LI = 2, RES = 5.4e-16 (7.3e-06), CFL=0.300 (ELAPSED 00:00:05, REMAINING 00:00:05 )
-------------------------------------------------------------------------------------------------------------
	 #1 (9.1894e-05, 1.3710e-04): lin 1 (0.0e+00)
	 #2 (2.4104e-08, 1.6699e-01): lin 1 (0.0e+00)
-------------------------------------------------------------------------------------------------------------
 T = 1019.28, DT = 2, NI = 2, LI = 2, RES = 4.9e-16 (6.0e-06), CFL=0.300 (ELAPSED 00:00:06, REMAINING 00:00:05 )
-------------------------------------------------------------------------------------------------------------
	 #1 (9.1816e-05, 1.3796e-04): lin 1 (0.0e+00)
	 #2 (2.4015e-08, 1.7247e-01): lin 1 (0.0e+00)
-------------------------------------------------------------------------------------------------------------
 T = 1021.28, DT = 2, NI = 2, LI = 2, RES = 5.1e-16 (7.4e-06), CFL=0.300 (ELAPSED 00:00:06, REMAINING 00:00:05 )
-------------------------------------------------------------------------------------------------------------
	 #1 (9.1737e-05, 1.3597e-04): lin 1 (0.0e+00)
	 #2 (2.4150e-08, 1.7186e-01): lin 1 (0.0e+00)
-------------------------------------------------------------------------------------------------------------
 T = 1023.28, DT = 2, NI = 2, LI = 2, RES = 5.2e-16 (7.0e-06), CFL=0.300 (ELAPSED 00:00:06, REMAINING 00:00:05 )
-------------------------------------------------------------------------------------------------------------
	 #1 (9.1659e-05, 1.3635e-04): lin 1 (0.0e+00)
	 #2 (2.3739e-08, 1.7132e-01): lin 1 (0.0e+00)
-------------------------------------------------------------------------------------------------------------
 T = 1025.28, DT = 2, NI = 2, LI = 2, RES = 5.2e-16 (7.3e-06), CFL=0.300 (ELAPSED 00:00:06, REMAINING 00:00:05 )
-------------------------------------------------------------------------------------------------------------
	 #1 (9.1582e-05, 1.3652e-04): lin 1 (0.0e+00)
	 #2 (2.3911e-08, 1.7076e-01): lin 1 (0.0e+00)
-------------------------------------------------------------------------------------------------------------
 T = 1027.28, DT = 2, NI = 2, LI = 2, RES = 5.4e-16 (7.3e-06), CFL=0.300 (ELAPSED 00:00:06, REMAINING 00:00:05 )
-------------------------------------------------------------------------------------------------------------
	 #1 (9.1504e-05, 1.3607e-04): lin 1 (0.0e+00)
	 #2 (2.3800e-08, 1.7019e-01): lin 1 (0.0e+00)
-------------------------------------------------------------------------------------------------------------
 T = 1029.28, DT = 2, NI = 2, LI = 2, RES = 5.6e-16 (5.0e-06), CFL=0.300 (ELAPSED 00:00:06, REMAINING 00:00:05 )
-------------------------------------------------------------------------------------------------------------
	 #1 (9.1426e-05, 1.3630e-04): lin 1 (0.0e+00)
	 #2 (2.3726e-08, 1.6959e-01): lin 1 (0.0e+00)
-------------------------------------------------------------------------------------------------------------
 T = 1031.28, DT = 2, NI = 2, LI = 2, RES = 5.8e-16 (5.5e-06), CFL=0.300 (ELAPSED 00:00:06, REMAINING 00:00:05 )
-------------------------------------------------------------------------------------------------------------
	 #1 (9.1349e-05, 1.3577e-04): lin 1 (0.0e+00)
	 #2 (2.3038e-08, 1.6908e-01): lin 1 (0.0e+00)
-------------------------------------------------------------------------------------------------------------
 T = 1033.28, DT = 2, NI = 2, LI = 2, RES = 5.5e-16 (6.6e-06), CFL=0.300 (ELAPSED 00:00:06, REMAINING 00:00:05 )
-------------------------------------------------------------------------------------------------------------
	 #1 (9.1272e-05, 1.3494e-04): lin 1 (0.0e+00)
	 #2 (2.3637e-08, 1.6856e-01): lin 1 (0.0e+00)
-------------------------------------------------------------------------------------------------------------
 T = 1035.28, DT = 2, NI = 2, LI = 2, RES = 5.4e-16 (7.1e-06), CFL=0.300 (ELAPSED 00:00:06, REMAINING 00:00:05 )
-------------------------------------------------------------------------------------------------------------
	 #1 (9.1196e-05, 1.3499e-04): lin 1 (0.0e+00)
	 #2 (2.3315e-08, 2.0674e-01): lin 1 (0.0e+00)
-------------------------------------------------------------------------------------------------------------
 T = 1037.28, DT = 2, NI = 2, LI = 2, RES = 5.4e-16 (7.0e-06), CFL=0.300 (ELAPSED 00:00:06, REMAINING 00:00:05 )
-------------------------------------------------------------------------------------------------------------
	 #1 (9.1119e-05, 1.3450e-04): lin 1 (0.0e+00)
	 #2 (2.3545e-08, 1.6743e-01): lin 1 (0.0e+00)
-------------------------------------------------------------------------------------------------------------
 T = 1039.28, DT = 2, NI = 2, LI = 2, RES = 5.2e-16 (6.8e-06), CFL=0.300 (ELAPSED 00:00:06, REMAINING 00:00:05 )
-------------------------------------------------------------------------------------------------------------
	 #1 (9.1043e-05, 1.3683e-04): lin 1 (0.0e+00)
	 #2 (2.3278e-08, 1.6688e-01): lin 1 (0.0e+00)
-------------------------------------------------------------------------------------------------------------
 T = 1041.28, DT = 2, NI = 2, LI = 2, RES = 5.1e-16 (7.0e-06), CFL=0.300 (ELAPSED 00:00:06, REMAINING 00:00:05 )
-------------------------------------------------------------------------------------------------------------
	 #1 (9.0966e-05, 1.3438e-04): lin 1 (0.0e+00)
	 #2 (2.3408e-08, 1.6712e-01): lin 1 (0.0e+00)
-------------------------------------------------------------------------------------------------------------
 T = 1043.28, DT = 2, NI = 2, LI = 2, RES = 5.3e-16 (6.3e-06), CFL=0.300 (ELAPSED 00:00:06, REMAINING 00:00:05 )
-------------------------------------------------------------------------------------------------------------
	 #1 (9.0890e-05, 1.3477e-04): lin 1 (0.0e+00)
	 #2 (2.3284e-08, 1.6581e-01): lin 1 (0.0e+00)
-------------------------------------------------------------------------------------------------------------
 T = 1045.28, DT = 2, NI = 2, LI = 2, RES = 5.5e-16 (6.7e-06), CFL=0.300 (ELAPSED 00:00:06, REMAINING 00:00:05 )
-------------------------------------------------------------------------------------------------------------
	 #1 (9.0815e-05, 1.3477e-04): lin 1 (0.0e+00)
	 #2 (2.3028e-08, 1.6523e-01): lin 1 (0.0e+00)
-------------------------------------------------------------------------------------------------------------
 T = 1047.28, DT = 2, NI = 2, LI = 2, RES = 5.6e-16 (7.5e-06), CFL=0.300 (ELAPSED 00:00:06, REMAINING 00:00:05 )
-------------------------------------------------------------------------------------------------------------
	 #1 (9.0739e-05, 1.3556e-04): lin 1 (0.0e+00)
	 #2 (2.3116e-08, 1.8101e-01): lin 1 (0.0e+00)
-------------------------------------------------------------------------------------------------------------
 T = 1049.28, DT = 2, NI = 2, LI = 2, RES = 5.0e-16 (5.8e-06), CFL=0.300 (ELAPSED 00:00:06, REMAINING 00:00:05 )
-------------------------------------------------------------------------------------------------------------
	 #1 (9.0664e-05, 1.3390e-04): lin 1 (0.0e+00)
	 #2 (2.3144e-08, 1.6422e-01): lin 1 (0.0e+00)
-------------------------------------------------------------------------------------------------------------
 T = 1051.28, DT = 2, NI = 2, LI = 2, RES = 5.4e-16 (6.8e-06), CFL=0.300 (ELAPSED 00:00:06, REMAINING 00:00:05 )
-------------------------------------------------------------------------------------------------------------
	 #1 (9.0589e-05, 1.3442e-04): lin 1 (0.0e+00)
	 #2 (2.3179e-08, 1.6370e-01): lin 1 (0.0e+00)
-------------------------------------------------------------------------------------------------------------
 T = 1053.28, DT = 2, NI = 2, LI = 2, RES = 5.7e-16 (7.2e-06), CFL=0.300 (ELAPSED 00:00:06, REMAINING 00:00:05 )
-------------------------------------------------------------------------------------------------------------
	 #1 (9.0514e-05, 1.3320e-04): lin 1 (0.0e+00)
	 #2 (2.3071e-08, 1.6318e-01): lin 1 (0.0e+00)
-------------------------------------------------------------------------------------------------------------
 T = 1055.28, DT = 2, NI = 2, LI = 2, RES = 5.5e-16 (6.1e-06), CFL=0.300 (ELAPSED 00:00:06, REMAINING 00:00:05 )
-------------------------------------------------------------------------------------------------------------
	 #1 (9.0439e-05, 1.3278e-04): lin 1 (0.0e+00)
	 #2 (2.3028e-08, 1.6296e-01): lin 1 (0.0e+00)
-------------------------------------------------------------------------------------------------------------
 T = 1057.28, DT = 2, NI = 2, LI = 2, RES = 5.1e-16 (6.4e-06), CFL=0.300 (ELAPSED 00:00:06, REMAINING 00:00:05 )
-------------------------------------------------------------------------------------------------------------
	 #1 (9.0364e-05, 1.3235e-04): lin 1 (0.0e+00)
	 #2 (2.2766e-08, 1.6211e-01): lin 1 (0.0e+00)
-------------------------------------------------------------------------------------------------------------
 T = 1059.28, DT = 2, NI = 2, LI = 2, RES = 5.1e-16 (7.0e-06), CFL=0.300 (ELAPSED 00:00:06, REMAINING 00:00:05 )
-------------------------------------------------------------------------------------------------------------
	 #1 (9.0289e-05, 1.3464e-04): lin 1 (0.0e+00)
	 #2 (2.2812e-08, 1.6164e-01): lin 1 (0.0e+00)
-------------------------------------------------------------------------------------------------------------
 T = 1061.28, DT = 2, NI = 2, LI = 2, RES = 5.4e-16 (6.4e-06), CFL=0.300 (ELAPSED 00:00:06, REMAINING 00:00:05 )
-------------------------------------------------------------------------------------------------------------
	 #1 (9.0215e-05, 1.3349e-04): lin 1 (0.0e+00)
	 #2 (2.2849e-08, 1.6114e-01): lin 1 (0.0e+00)
-------------------------------------------------------------------------------------------------------------
 T = 1063.28, DT = 2, NI = 2, LI = 2, RES = 5.4e-16 (6.7e-06), CFL=0.300 (ELAPSED 00:00:06, REMAINING 00:00:05 )
-------------------------------------------------------------------------------------------------------------
	 #1 (9.0141e-05, 1.3148e-04): lin 1 (0.0e+00)
	 #2 (2.2734e-08, 1.6063e-01): lin 1 (0.0e+00)
-------------------------------------------------------------------------------------------------------------
 T = 1065.28, DT = 2, NI = 2, LI = 2, RES = 5.4e-16 (6.2e-06), CFL=0.300 (ELAPSED 00:00:06, REMAINING 00:00:05 )
-------------------------------------------------------------------------------------------------------------
	 #1 (9.0067e-05, 1.3328e-04): lin 1 (0.0e+00)
	 #2 (2.2688e-08, 1.6009e-01): lin 1 (0.0e+00)
-------------------------------------------------------------------------------------------------------------
 T = 1067.28, DT = 2, NI = 2, LI = 2, RES = 5.7e-16 (6.6e-06), CFL=0.300 (ELAPSED 00:00:06, REMAINING 00:00:05 )
-------------------------------------------------------------------------------------------------------------
	 #1 (8.9993e-05, 1.3453e-04): lin 1 (0.0e+00)
	 #2 (2.2508e-08, 1.5963e-01): lin 1 (0.0e+00)
-------------------------------------------------------------------------------------------------------------
 T = 1069.28, DT = 2, NI = 2, LI = 2, RES = 5.6e-16 (6.3e-06), CFL=0.300 (ELAPSED 00:00:06, REMAINING 00:00:05 )
-------------------------------------------------------------------------------------------------------------
	 #1 (8.9920e-05, 1.3155e-04): lin 1 (0.0e+00)
	 #2 (2.2382e-08, 1.5914e-01): lin 1 (0.0e+00)
-------------------------------------------------------------------------------------------------------------
 T = 1071.28, DT = 2, NI = 2, LI = 2, RES = 5.6e-16 (7.6e-06), CFL=0.300 (ELAPSED 00:00:06, REMAINING 00:00:05 )
-------------------------------------------------------------------------------------------------------------
	 #1 (8.9846e-05, 1.3349e-04): lin 1 (0.0e+00)
	 #2 (2.2582e-08, 1.5865e-01): lin 1 (0.0e+00)
-------------------------------------------------------------------------------------------------------------
 T = 1073.28, DT = 2, NI = 2, LI = 2, RES = 5.7e-16 (6.8e-06), CFL=0.300 (ELAPSED 00:00:06, REMAINING 00:00:05 )
-------------------------------------------------------------------------------------------------------------
	 #1 (8.9773e-05, 1.3249e-04): lin 1 (0.0e+00)
	 #2 (2.2358e-08, 2.3587e-01): lin 1 (0.0e+00)
-------------------------------------------------------------------------------------------------------------
 T = 1075.28, DT = 2, NI = 2, LI = 2, RES = 5.0e-16 (6.0e-06), CFL=0.300 (ELAPSED 00:00:06, REMAINING 00:00:05 )
-------------------------------------------------------------------------------------------------------------
	 #1 (8.9700e-05, 1.3232e-04): lin 1 (0.0e+00)
	 #2 (2.2171e-08, 1.5767e-01): lin 1 (0.0e+00)
-------------------------------------------------------------------------------------------------------------
 T = 1077.28, DT = 2, NI = 2, LI = 2, RES = 5.4e-16 (6.3e-06), CFL=0.300 (ELAPSED 00:00:06, REMAINING 00:00:05 )
-------------------------------------------------------------------------------------------------------------
	 #1 (8.9627e-05, 1.3118e-04): lin 1 (0.0e+00)
	 #2 (2.2411e-08, 1.5719e-01): lin 1 (0.0e+00)
-------------------------------------------------------------------------------------------------------------
 T = 1079.28, DT = 2, NI = 2, LI = 2, RES = 5.4e-16 (7.1e-06), CFL=0.300 (ELAPSED 00:00:06, REMAINING 00:00:05 )
-------------------------------------------------------------------------------------------------------------
	 #1 (8.9555e-05, 1.3196e-04): lin 1 (0.0e+00)
	 #2 (2.2328e-08, 1.5668e-01): lin 1 (0.0e+00)
-------------------------------------------------------------------------------------------------------------
 T = 1081.28, DT = 2, NI = 2, LI = 2, RES = 5.4e-16 (6.5e-06), CFL=0.300 (ELAPSED 00:00:06, REMAINING 00:00:05 )
-------------------------------------------------------------------------------------------------------------
	 #1 (8.9483e-05, 1.3081e-04): lin 1 (0.0e+00)
	 #2 (2.2289e-08, 1.5624e-01): lin 1 (0.0e+00)
-------------------------------------------------------------------------------------------------------------
 T = 1083.28, DT = 2, NI = 2, LI = 2, RES = 4.9e-16 (7.1e-06), CFL=0.300 (ELAPSED 00:00:06, REMAINING 00:00:05 )
-------------------------------------------------------------------------------------------------------------
	 #1 (8.9410e-05, 1.3201e-04): lin 1 (0.0e+00)
	 #2 (2.2343e-08, 1.5572e-01): lin 1 (0.0e+00)
-------------------------------------------------------------------------------------------------------------
 T = 1085.28, DT = 2, NI = 2, LI = 2, RES = 5.7e-16 (5.3e-06), CFL=0.300 (ELAPSED 00:00:06, REMAINING 00:00:05 )
-------------------------------------------------------------------------------------------------------------
	 #1 (8.9338e-05, 1.2974e-04): lin 1 (0.0e+00)
	 #2 (2.2221e-08, 1.5529e-01): lin 1 (0.0e+00)
-------------------------------------------------------------------------------------------------------------
 T = 1087.28, DT = 2, NI = 2, LI = 2, RES = 5.5e-16 (6.8e-06), CFL=0.300 (ELAPSED 00:00:06, REMAINING 00:00:05 )
-------------------------------------------------------------------------------------------------------------
	 #1 (8.9266e-05, 1.3086e-04): lin 1 (0.0e+00)
	 #2 (2.2105e-08, 1.5805e-01): lin 1 (0.0e+00)
-------------------------------------------------------------------------------------------------------------
 T = 1089.28, DT = 2, NI = 2, LI = 2, RES = 5.2e-16 (7.3e-06), CFL=0.300 (ELAPSED 00:00:06, REMAINING 00:00:05 )
-------------------------------------------------------------------------------------------------------------
	 #1 (8.9195e-05, 1.3007e-04): lin 1 (0.0e+00)
	 #2 (2.1860e-08, 1.3584e-01): lin 1 (0.0e+00)
-------------------------------------------------------------------------------------------------------------
 T = 1091.28, DT = 2, NI = 2, LI = 2, RES = 5.5e-16 (6.4e-06), CFL=0.300 (ELAPSED 00:00:06, REMAINING 00:00:05 )
-------------------------------------------------------------------------------------------------------------
	 #1 (8.9123e-05, 1.3089e-04): lin 1 (0.0e+00)
	 #2 (2.2113e-08, 1.5390e-01): lin 1 (0.0e+00)
-------------------------------------------------------------------------------------------------------------
 T = 1093.28, DT = 2, NI = 2, LI = 2, RES = 5.5e-16 (7.1e-06), CFL=0.300 (ELAPSED 00:00:06, REMAINING 00:00:05 )
-------------------------------------------------------------------------------------------------------------
	 #1 (8.9052e-05, 1.2879e-04): lin 1 (0.0e+00)
	 #2 (2.1673e-08, 1.5366e-01): lin 1 (0.0e+00)
-------------------------------------------------------------------------------------------------------------
 T = 1095.28, DT = 2, NI = 2, LI = 2, RES = 5.0e-16 (5.1e-06), CFL=0.300 (ELAPSED 00:00:06, REMAINING 00:00:05 )
-------------------------------------------------------------------------------------------------------------
	 #1 (8.8981e-05, 1.3000e-04): lin 1 (0.0e+00)
	 #2 (2.1541e-08, 1.5295e-01): lin 1 (0.0e+00)
-------------------------------------------------------------------------------------------------------------
 T = 1097.28, DT = 2, NI = 2, LI = 2, RES = 5.2e-16 (6.1e-06), CFL=0.300 (ELAPSED 00:00:06, REMAINING 00:00:05 )
-------------------------------------------------------------------------------------------------------------
	 #1 (8.8910e-05, 1.2925e-04): lin 1 (0.0e+00)
	 #2 (2.1858e-08, 1.5253e-01): lin 1 (0.0e+00)
-------------------------------------------------------------------------------------------------------------
 T = 1099.28, DT = 2, NI = 2, LI = 2, RES = 5.5e-16 (6.6e-06), CFL=0.300 (ELAPSED 00:00:06, REMAINING 00:00:05 )
-------------------------------------------------------------------------------------------------------------
	 #1 (8.8839e-05, 1.2789e-04): lin 1 (0.0e+00)
	 #2 (2.1881e-08, 1.5208e-01): lin 1 (0.0e+00)
-------------------------------------------------------------------------------------------------------------
 T = 1101.28, DT = 2, NI = 2, LI = 2, RES = 4.9e-16 (6.1e-06), CFL=0.300 (ELAPSED 00:00:06, REMAINING 00:00:05 )
-------------------------------------------------------------------------------------------------------------
	 #1 (8.8768e-05, 1.3037e-04): lin 1 (0.0e+00)
	 #2 (2.1851e-08, 1.5163e-01): lin 1 (0.0e+00)
-------------------------------------------------------------------------------------------------------------
 T = 1103.28, DT = 2, NI = 2, LI = 2, RES = 5.4e-16 (6.7e-06), CFL=0.300 (ELAPSED 00:00:06, REMAINING 00:00:05 )
-------------------------------------------------------------------------------------------------------------
	 #1 (8.8698e-05, 1.2851e-04): lin 1 (0.0e+00)
	 #2 (2.1742e-08, 2.0416e-01): lin 1 (0.0e+00)
-------------------------------------------------------------------------------------------------------------
 T = 1105.28, DT = 2, NI = 2, LI = 2, RES = 5.5e-16 (6.7e-06), CFL=0.300 (ELAPSED 00:00:06, REMAINING 00:00:05 )
-------------------------------------------------------------------------------------------------------------
	 #1 (8.8627e-05, 1.3057e-04): lin 1 (0.0e+00)
	 #2 (2.1674e-08, 1.5028e-01): lin 1 (0.0e+00)
-------------------------------------------------------------------------------------------------------------
 T = 1107.28, DT = 2, NI = 2, LI = 2, RES = 5.9e-16 (6.7e-06), CFL=0.300 (ELAPSED 00:00:06, REMAINING 00:00:05 )
-------------------------------------------------------------------------------------------------------------
	 #1 (8.8557e-05, 1.2894e-04): lin 1 (0.0e+00)
	 #2 (2.1544e-08, 1.5030e-01): lin 1 (0.0e+00)
-------------------------------------------------------------------------------------------------------------
 T = 1109.28, DT = 2, NI = 2, LI = 2, RES = 5.6e-16 (6.4e-06), CFL=0.300 (ELAPSED 00:00:06, REMAINING 00:00:04 )
-------------------------------------------------------------------------------------------------------------
	 #1 (8.8486e-05, 1.2927e-04): lin 1 (0.0e+00)
	 #2 (2.1583e-08, 1.4987e-01): lin 1 (0.0e+00)
-------------------------------------------------------------------------------------------------------------
 T = 1111.28, DT = 2, NI = 2, LI = 2, RES = 5.4e-16 (7.4e-06), CFL=0.300 (ELAPSED 00:00:06, REMAINING 00:00:04 )
-------------------------------------------------------------------------------------------------------------
	 #1 (8.8416e-05, 1.2724e-04): lin 1 (0.0e+00)
	 #2 (2.1666e-08, 2.1069e-01): lin 1 (0.0e+00)
-------------------------------------------------------------------------------------------------------------
 T = 1113.28, DT = 2, NI = 2, LI = 2, RES = 5.4e-16 (7.2e-06), CFL=0.300 (ELAPSED 00:00:06, REMAINING 00:00:04 )
-------------------------------------------------------------------------------------------------------------
	 #1 (8.8346e-05, 1.2917e-04): lin 1 (0.0e+00)
	 #2 (2.1397e-08, 1.4901e-01): lin 1 (0.0e+00)
-------------------------------------------------------------------------------------------------------------
 T = 1115.28, DT = 2, NI = 2, LI = 2, RES = 5.3e-16 (6.5e-06), CFL=0.300 (ELAPSED 00:00:06, REMAINING 00:00:04 )
-------------------------------------------------------------------------------------------------------------
	 #1 (8.8276e-05, 1.2737e-04): lin 1 (0.0e+00)
	 #2 (2.1445e-08, 1.4858e-01): lin 1 (0.0e+00)
-------------------------------------------------------------------------------------------------------------
 T = 1117.28, DT = 2, NI = 2, LI = 2, RES = 5.3e-16 (5.8e-06), CFL=0.300 (ELAPSED 00:00:06, REMAINING 00:00:04 )
-------------------------------------------------------------------------------------------------------------
	 #1 (8.8207e-05, 1.2667e-04): lin 1 (0.0e+00)
	 #2 (2.6341e-08, 1.7046e-01): lin 1 (0.0e+00)
-------------------------------------------------------------------------------------------------------------
 T = 1119.28, DT = 2, NI = 2, LI = 2, RES = 4.6e-15 (5.5e-06), CFL=0.300 (ELAPSED 00:00:06, REMAINING 00:00:04 )
-------------------------------------------------------------------------------------------------------------
	 #1 (8.8135e-05, 1.2718e-04): lin 1 (0.0e+00)
	 #2 (2.1442e-08, 1.4773e-01): lin 1 (0.0e+00)
-------------------------------------------------------------------------------------------------------------
 T = 1121.28, DT = 2, NI = 2, LI = 2, RES = 5.2e-16 (5.3e-06), CFL=0.300 (ELAPSED 00:00:06, REMAINING 00:00:04 )
-------------------------------------------------------------------------------------------------------------
	 #1 (8.8065e-05, 1.2756e-04): lin 1 (0.0e+00)
	 #2 (2.0976e-08, 1.4734e-01): lin 1 (0.0e+00)
-------------------------------------------------------------------------------------------------------------
 T = 1123.28, DT = 2, NI = 2, LI = 2, RES = 5.2e-16 (8.1e-06), CFL=0.300 (ELAPSED 00:00:06, REMAINING 00:00:04 )
-------------------------------------------------------------------------------------------------------------
	 #1 (8.7996e-05, 1.2626e-04): lin 1 (0.0e+00)
	 #2 (2.1382e-08, 1.4687e-01): lin 1 (0.0e+00)
-------------------------------------------------------------------------------------------------------------
 T = 1125.28, DT = 2, NI = 2, LI = 2, RES = 5.1e-16 (5.1e-06), CFL=0.300 (ELAPSED 00:00:06, REMAINING 00:00:04 )
-------------------------------------------------------------------------------------------------------------
	 #1 (8.7927e-05, 1.2656e-04): lin 1 (0.0e+00)
	 #2 (2.1194e-08, 1.4648e-01): lin 1 (0.0e+00)
-------------------------------------------------------------------------------------------------------------
 T = 1127.28, DT = 2, NI = 2, LI = 2, RES = 5.0e-16 (6.0e-06), CFL=0.300 (ELAPSED 00:00:06, REMAINING 00:00:04 )
-------------------------------------------------------------------------------------------------------------
	 #1 (8.7858e-05, 1.2675e-04): lin 1 (0.0e+00)
	 #2 (2.1285e-08, 1.4824e-01): lin 1 (0.0e+00)
-------------------------------------------------------------------------------------------------------------
 T = 1129.28, DT = 2, NI = 2, LI = 2, RES = 5.5e-16 (6.9e-06), CFL=0.300 (ELAPSED 00:00:06, REMAINING 00:00:04 )
-------------------------------------------------------------------------------------------------------------
	 #1 (8.7789e-05, 1.2733e-04): lin 1 (0.0e+00)
	 #2 (2.0945e-08, 1.4566e-01): lin 1 (0.0e+00)
-------------------------------------------------------------------------------------------------------------
 T = 1131.28, DT = 2, NI = 2, LI = 2, RES = 5.5e-16 (5.8e-06), CFL=0.300 (ELAPSED 00:00:06, REMAINING 00:00:04 )
-------------------------------------------------------------------------------------------------------------
	 #1 (8.7721e-05, 1.2740e-04): lin 1 (0.0e+00)
	 #2 (2.1144e-08, 1.4525e-01): lin 1 (0.0e+00)
-------------------------------------------------------------------------------------------------------------
 T = 1133.28, DT = 2, NI = 2, LI = 2, RES = 5.2e-16 (5.7e-06), CFL=0.300 (ELAPSED 00:00:06, REMAINING 00:00:04 )
-------------------------------------------------------------------------------------------------------------
	 #1 (8.7653e-05, 1.2667e-04): lin 1 (0.0e+00)
	 #2 (2.1065e-08, 1.4484e-01): lin 1 (0.0e+00)
-------------------------------------------------------------------------------------------------------------
 T = 1135.28, DT = 2, NI = 2, LI = 2, RES = 5.5e-16 (5.7e-06), CFL=0.300 (ELAPSED 00:00:06, REMAINING 00:00:04 )
-------------------------------------------------------------------------------------------------------------
	 #1 (8.7585e-05, 1.2711e-04): lin 1 (0.0e+00)
	 #2 (2.1036e-08, 1.4440e-01): lin 1 (0.0e+00)
-------------------------------------------------------------------------------------------------------------
 T = 1137.28, DT = 2, NI = 2, LI = 2, RES = 5.5e-16 (6.2e-06), CFL=0.300 (ELAPSED 00:00:06, REMAINING 00:00:04 )
-------------------------------------------------------------------------------------------------------------
	 #1 (8.7517e-05, 1.2553e-04): lin 1 (0.0e+00)
	 #2 (2.0949e-08, 1.4404e-01): lin 1 (0.0e+00)
-------------------------------------------------------------------------------------------------------------
 T = 1139.28, DT = 2, NI = 2, LI = 2, RES = 5.6e-16 (6.6e-06), CFL=0.300 (ELAPSED 00:00:06, REMAINING 00:00:04 )
-------------------------------------------------------------------------------------------------------------
	 #1 (8.7450e-05, 1.2558e-04): lin 1 (0.0e+00)
	 #2 (2.0964e-08, 1.4365e-01): lin 1 (0.0e+00)
-------------------------------------------------------------------------------------------------------------
 T = 1141.28, DT = 2, NI = 2, LI = 2, RES = 5.8e-16 (6.7e-06), CFL=0.300 (ELAPSED 00:00:06, REMAINING 00:00:04 )
-------------------------------------------------------------------------------------------------------------
	 #1 (8.7382e-05, 1.2481e-04): lin 1 (0.0e+00)
	 #2 (2.0672e-08, 1.4325e-01): lin 1 (0.0e+00)
-------------------------------------------------------------------------------------------------------------
 T = 1143.28, DT = 2, NI = 2, LI = 2, RES = 5.1e-16 (5.9e-06), CFL=0.300 (ELAPSED 00:00:06, REMAINING 00:00:04 )
-------------------------------------------------------------------------------------------------------------
	 #1 (8.7315e-05, 1.2587e-04): lin 1 (0.0e+00)
	 #2 (2.1139e-08, 1.4282e-01): lin 1 (0.0e+00)
-------------------------------------------------------------------------------------------------------------
 T = 1145.28, DT = 2, NI = 2, LI = 2, RES = 5.5e-16 (6.9e-06), CFL=0.300 (ELAPSED 00:00:06, REMAINING 00:00:04 )
-------------------------------------------------------------------------------------------------------------
	 #1 (8.7248e-05, 1.2512e-04): lin 1 (0.0e+00)
	 #2 (2.1042e-08, 1.4247e-01): lin 1 (0.0e+00)
-------------------------------------------------------------------------------------------------------------
 T = 1147.28, DT = 2, NI = 2, LI = 2, RES = 3.3e-15 (6.7e-06), CFL=0.300 (ELAPSED 00:00:06, REMAINING 00:00:04 )
-------------------------------------------------------------------------------------------------------------
	 #1 (8.7180e-05, 1.2531e-04): lin 1 (0.0e+00)
	 #2 (2.0344e-08, 1.4208e-01): lin 1 (0.0e+00)
-------------------------------------------------------------------------------------------------------------
 T = 1149.28, DT = 2, NI = 2, LI = 2, RES = 5.0e-16 (6.6e-06), CFL=0.300 (ELAPSED 00:00:06, REMAINING 00:00:04 )
-------------------------------------------------------------------------------------------------------------
	 #1 (8.7113e-05, 1.2576e-04): lin 1 (0.0e+00)
	 #2 (2.0746e-08, 1.4170e-01): lin 1 (0.0e+00)
-------------------------------------------------------------------------------------------------------------
 T = 1151.28, DT = 2, NI = 2, LI = 2, RES = 5.6e-16 (6.0e-06), CFL=0.300 (ELAPSED 00:00:06, REMAINING 00:00:04 )
-------------------------------------------------------------------------------------------------------------
	 #1 (8.7047e-05, 1.2705e-04): lin 1 (0.0e+00)
	 #2 (2.0541e-08, 2.2102e-01): lin 1 (0.0e+00)
-------------------------------------------------------------------------------------------------------------
 T = 1153.28, DT = 2, NI = 2, LI = 2, RES = 5.4e-16 (7.3e-06), CFL=0.300 (ELAPSED 00:00:06, REMAINING 00:00:04 )
-------------------------------------------------------------------------------------------------------------
	 #1 (8.6980e-05, 1.2615e-04): lin 1 (0.0e+00)
	 #2 (2.0711e-08, 1.4093e-01): lin 1 (0.0e+00)
-------------------------------------------------------------------------------------------------------------
 T = 1155.28, DT = 2, NI = 2, LI = 2, RES = 5.6e-16 (6.3e-06), CFL=0.300 (ELAPSED 00:00:06, REMAINING 00:00:04 )
-------------------------------------------------------------------------------------------------------------
	 #1 (8.6914e-05, 1.2475e-04): lin 1 (0.0e+00)
	 #2 (2.0557e-08, 1.4056e-01): lin 1 (0.0e+00)
-------------------------------------------------------------------------------------------------------------
 T = 1157.28, DT = 2, NI = 2, LI = 2, RES = 5.7e-16 (6.7e-06), CFL=0.300 (ELAPSED 00:00:06, REMAINING 00:00:04 )
-------------------------------------------------------------------------------------------------------------
	 #1 (8.6847e-05, 1.2613e-04): lin 1 (0.0e+00)
	 #2 (2.0472e-08, 1.4013e-01): lin 1 (0.0e+00)
-------------------------------------------------------------------------------------------------------------
 T = 1159.28, DT = 2, NI = 2, LI = 2, RES = 5.2e-16 (6.2e-06), CFL=0.300 (ELAPSED 00:00:06, REMAINING 00:00:04 )
-------------------------------------------------------------------------------------------------------------
	 #1 (8.6781e-05, 1.2476e-04): lin 1 (0.0e+00)
	 #2 (2.0477e-08, 1.9866e-01): lin 1 (0.0e+00)
-------------------------------------------------------------------------------------------------------------
 T = 1161.28, DT = 2, NI = 2, LI = 2, RES = 5.2e-16 (7.3e-06), CFL=0.300 (ELAPSED 00:00:06, REMAINING 00:00:04 )
-------------------------------------------------------------------------------------------------------------
	 #1 (8.6715e-05, 1.2309e-04): lin 1 (0.0e+00)
	 #2 (2.0471e-08, 1.3943e-01): lin 1 (0.0e+00)
-------------------------------------------------------------------------------------------------------------
 T = 1163.28, DT = 2, NI = 2, LI = 2, RES = 5.5e-16 (5.9e-06), CFL=0.300 (ELAPSED 00:00:06, REMAINING 00:00:04 )
-------------------------------------------------------------------------------------------------------------
	 #1 (8.6650e-05, 1.2333e-04): lin 1 (0.0e+00)
	 #2 (2.0166e-08, 1.4233e-01): lin 1 (0.0e+00)
-------------------------------------------------------------------------------------------------------------
 T = 1165.28, DT = 2, NI = 2, LI = 2, RES = 5.4e-16 (7.0e-06), CFL=0.300 (ELAPSED 00:00:06, REMAINING 00:00:04 )
-------------------------------------------------------------------------------------------------------------
	 #1 (8.6584e-05, 1.2515e-04): lin 1 (0.0e+00)
	 #2 (2.0257e-08, 1.3869e-01): lin 1 (0.0e+00)
-------------------------------------------------------------------------------------------------------------
 T = 1167.28, DT = 2, NI = 2, LI = 2, RES = 5.0e-16 (7.0e-06), CFL=0.300 (ELAPSED 00:00:06, REMAINING 00:00:04 )
-------------------------------------------------------------------------------------------------------------
	 #1 (8.6519e-05, 1.2523e-04): lin 1 (0.0e+00)
	 #2 (2.0117e-08, 1.3782e-01): lin 1 (0.0e+00)
-------------------------------------------------------------------------------------------------------------
 T = 1169.28, DT = 2, NI = 2, LI = 2, RES = 5.0e-16 (5.1e-06), CFL=0.300 (ELAPSED 00:00:06, REMAINING 00:00:04 )
-------------------------------------------------------------------------------------------------------------
	 #1 (8.6453e-05, 1.2284e-04): lin 1 (0.0e+00)
	 #2 (2.0245e-08, 1.3797e-01): lin 1 (0.0e+00)
-------------------------------------------------------------------------------------------------------------
 T = 1171.28, DT = 2, NI = 2, LI = 2, RES = 5.2e-16 (5.6e-06), CFL=0.300 (ELAPSED 00:00:06, REMAINING 00:00:04 )
-------------------------------------------------------------------------------------------------------------
	 #1 (8.6388e-05, 1.2289e-04): lin 1 (0.0e+00)
	 #2 (2.0218e-08, 1.3760e-01): lin 1 (0.0e+00)
-------------------------------------------------------------------------------------------------------------
 T = 1173.28, DT = 2, NI = 2, LI = 2, RES = 5.4e-16 (5.4e-06), CFL=0.300 (ELAPSED 00:00:06, REMAINING 00:00:04 )
-------------------------------------------------------------------------------------------------------------
	 #1 (8.6323e-05, 1.2526e-04): lin 1 (0.0e+00)
	 #2 (2.0120e-08, 1.3725e-01): lin 1 (0.0e+00)
-------------------------------------------------------------------------------------------------------------
 T = 1175.28, DT = 2, NI = 2, LI = 2, RES = 5.5e-16 (6.0e-06), CFL=0.300 (ELAPSED 00:00:06, REMAINING 00:00:04 )
-------------------------------------------------------------------------------------------------------------
	 #1 (8.6258e-05, 1.2274e-04): lin 1 (0.0e+00)
	 #2 (2.0141e-08, 1.3689e-01): lin 1 (0.0e+00)
-------------------------------------------------------------------------------------------------------------
 T = 1177.28, DT = 2, NI = 2, LI = 2, RES = 5.3e-16 (7.3e-06), CFL=0.300 (ELAPSED 00:00:06, REMAINING 00:00:04 )
-------------------------------------------------------------------------------------------------------------
	 #1 (8.6193e-05, 1.2382e-04): lin 1 (0.0e+00)
	 #2 (2.0431e-08, 1.3652e-01): lin 1 (0.0e+00)
-------------------------------------------------------------------------------------------------------------
 T = 1179.28, DT = 2, NI = 2, LI = 2, RES = 5.6e-16 (6.8e-06), CFL=0.300 (ELAPSED 00:00:06, REMAINING 00:00:04 )
-------------------------------------------------------------------------------------------------------------
	 #1 (8.6129e-05, 1.2282e-04): lin 1 (0.0e+00)
	 #2 (1.9885e-08, 1.3619e-01): lin 1 (0.0e+00)
-------------------------------------------------------------------------------------------------------------
 T = 1181.28, DT = 2, NI = 2, LI = 2, RES = 5.4e-16 (6.3e-06), CFL=0.300 (ELAPSED 00:00:06, REMAINING 00:00:04 )
-------------------------------------------------------------------------------------------------------------
	 #1 (8.6064e-05, 1.2437e-04): lin 1 (0.0e+00)
	 #2 (2.0074e-08, 1.3584e-01): lin 1 (0.0e+00)
-------------------------------------------------------------------------------------------------------------
 T = 1183.28, DT = 2, NI = 2, LI = 2, RES = 5.5e-16 (7.2e-06), CFL=0.300 (ELAPSED 00:00:06, REMAINING 00:00:04 )
-------------------------------------------------------------------------------------------------------------
	 #1 (8.6000e-05, 1.2324e-04): lin 1 (0.0e+00)
	 #2 (2.0064e-08, 1.3626e-01): lin 1 (0.0e+00)
-------------------------------------------------------------------------------------------------------------
 T = 1185.28, DT = 2, NI = 2, LI = 2, RES = 5.6e-16 (5.3e-06), CFL=0.300 (ELAPSED 00:00:06, REMAINING 00:00:04 )
-------------------------------------------------------------------------------------------------------------
	 #1 (8.5936e-05, 1.2355e-04): lin 1 (0.0e+00)
	 #2 (1.9702e-08, 1.3514e-01): lin 1 (0.0e+00)
-------------------------------------------------------------------------------------------------------------
 T = 1187.28, DT = 2, NI = 2, LI = 2, RES = 5.0e-16 (6.3e-06), CFL=0.300 (ELAPSED 00:00:06, REMAINING 00:00:04 )
-------------------------------------------------------------------------------------------------------------
	 #1 (8.5872e-05, 1.2343e-04): lin 1 (0.0e+00)
	 #2 (1.9946e-08, 1.3480e-01): lin 1 (0.0e+00)
-------------------------------------------------------------------------------------------------------------
 T = 1189.28, DT = 2, NI = 2, LI = 2, RES = 5.3e-16 (7.6e-06), CFL=0.300 (ELAPSED 00:00:06, REMAINING 00:00:04 )
-------------------------------------------------------------------------------------------------------------
	 #1 (8.5808e-05, 1.2055e-04): lin 1 (0.0e+00)
	 #2 (1.9717e-08, 1.3435e-01): lin 1 (0.0e+00)
-------------------------------------------------------------------------------------------------------------
 T = 1191.28, DT = 2, NI = 2, LI = 2, RES = 5.6e-16 (5.7e-06), CFL=0.300 (ELAPSED 00:00:06, REMAINING 00:00:04 )
-------------------------------------------------------------------------------------------------------------
	 #1 (8.5744e-05, 1.2242e-04): lin 1 (0.0e+00)
	 #2 (1.9768e-08, 1.7356e-01): lin 1 (0.0e+00)
-------------------------------------------------------------------------------------------------------------
 T = 1193.28, DT = 2, NI = 2, LI = 2, RES = 5.2e-16 (5.7e-06), CFL=0.300 (ELAPSED 00:00:06, REMAINING 00:00:04 )
-------------------------------------------------------------------------------------------------------------
	 #1 (8.5680e-05, 1.2160e-04): lin 1 (0.0e+00)
	 #2 (1.9802e-08, 1.3378e-01): lin 1 (0.0e+00)
-------------------------------------------------------------------------------------------------------------
 T = 1195.28, DT = 2, NI = 2, LI = 2, RES = 5.5e-16 (6.9e-06), CFL=0.300 (ELAPSED 00:00:06, REMAINING 00:00:04 )
-------------------------------------------------------------------------------------------------------------
	 #1 (8.5617e-05, 1.2126e-04): lin 1 (0.0e+00)
	 #2 (1.9220e-08, 1.3626e-01): lin 1 (0.0e+00)
-------------------------------------------------------------------------------------------------------------
 T = 1197.28, DT = 2, NI = 2, LI = 2, RES = 5.0e-16 (5.2e-06), CFL=0.300 (ELAPSED 00:00:06, REMAINING 00:00:04 )
-------------------------------------------------------------------------------------------------------------
	 #1 (8.5554e-05, 1.1990e-04): lin 1 (0.0e+00)
	 #2 (1.9598e-08, 1.3311e-01): lin 1 (0.0e+00)
-------------------------------------------------------------------------------------------------------------
 T = 1199.28, DT = 2, NI = 2, LI = 2, RES = 5.3e-16 (5.7e-06), CFL=0.300 (ELAPSED 00:00:06, REMAINING 00:00:04 )
-------------------------------------------------------------------------------------------------------------
	 #1 (8.5490e-05, 1.2075e-04): lin 1 (0.0e+00)
	 #2 (1.9672e-08, 1.3187e-01): lin 1 (0.0e+00)
-------------------------------------------------------------------------------------------------------------
 T = 1201.28, DT = 2, NI = 2, LI = 2, RES = 4.9e-16 (6.1e-06), CFL=0.300 (ELAPSED 00:00:06, REMAINING 00:00:04 )
-------------------------------------------------------------------------------------------------------------
	 #1 (8.5427e-05, 1.2121e-04): lin 1 (0.0e+00)
	 #2 (1.9492e-08, 1.3245e-01): lin 1 (0.0e+00)
-------------------------------------------------------------------------------------------------------------
 T = 1203.28, DT = 2, NI = 2, LI = 2, RES = 5.5e-16 (6.6e-06), CFL=0.300 (ELAPSED 00:00:06, REMAINING 00:00:04 )
-------------------------------------------------------------------------------------------------------------
	 #1 (8.5365e-05, 1.2265e-04): lin 1 (0.0e+00)
	 #2 (1.9315e-08, 1.3212e-01): lin 1 (0.0e+00)
-------------------------------------------------------------------------------------------------------------
 T = 1205.28, DT = 2, NI = 2, LI = 2, RES = 5.4e-16 (8.1e-06), CFL=0.300 (ELAPSED 00:00:06, REMAINING 00:00:04 )
-------------------------------------------------------------------------------------------------------------
	 #1 (8.5302e-05, 1.2159e-04): lin 1 (0.0e+00)
	 #2 (1.9476e-08, 1.3179e-01): lin 1 (0.0e+00)
-------------------------------------------------------------------------------------------------------------
 T = 1207.28, DT = 2, NI = 2, LI = 2, RES = 5.1e-16 (5.4e-06), CFL=0.300 (ELAPSED 00:00:06, REMAINING 00:00:04 )
-------------------------------------------------------------------------------------------------------------
	 #1 (8.5239e-05, 1.2072e-04): lin 1 (0.0e+00)
	 #2 (1.9503e-08, 1.3147e-01): lin 1 (0.0e+00)
-------------------------------------------------------------------------------------------------------------
 T = 1209.28, DT = 2, NI = 2, LI = 2, RES = 5.3e-16 (5.5e-06), CFL=0.300 (ELAPSED 00:00:06, REMAINING 00:00:04 )
-------------------------------------------------------------------------------------------------------------
	 #1 (8.5177e-05, 1.2160e-04): lin 1 (0.0e+00)
	 #2 (1.9484e-08, 1.3115e-01): lin 1 (0.0e+00)
-------------------------------------------------------------------------------------------------------------
 T = 1211.28, DT = 2, NI = 2, LI = 2, RES = 5.6e-16 (6.7e-06), CFL=0.300 (ELAPSED 00:00:06, REMAINING 00:00:04 )
-------------------------------------------------------------------------------------------------------------
	 #1 (8.5114e-05, 1.2476e-04): lin 1 (0.0e+00)
	 #2 (1.9401e-08, 1.3047e-01): lin 1 (0.0e+00)
-------------------------------------------------------------------------------------------------------------
 T = 1213.28, DT = 2, NI = 2, LI = 2, RES = 5.5e-16 (6.5e-06), CFL=0.300 (ELAPSED 00:00:06, REMAINING 00:00:04 )
-------------------------------------------------------------------------------------------------------------
	 #1 (8.5052e-05, 1.2156e-04): lin 1 (0.0e+00)
	 #2 (1.9400e-08, 1.3051e-01): lin 1 (0.0e+00)
-------------------------------------------------------------------------------------------------------------
 T = 1215.28, DT = 2, NI = 2, LI = 2, RES = 5.5e-16 (6.9e-06), CFL=0.300 (ELAPSED 00:00:06, REMAINING 00:00:04 )
-------------------------------------------------------------------------------------------------------------
	 #1 (8.4990e-05, 1.2070e-04): lin 1 (0.0e+00)
	 #2 (1.9319e-08, 1.6785e-01): lin 1 (0.0e+00)
-------------------------------------------------------------------------------------------------------------
 T = 1217.28, DT = 2, NI = 2, LI = 2, RES = 5.0e-16 (6.3e-06), CFL=0.300 (ELAPSED 00:00:06, REMAINING 00:00:04 )
-------------------------------------------------------------------------------------------------------------
	 #1 (8.4928e-05, 1.2206e-04): lin 1 (0.0e+00)
	 #2 (1.9221e-08, 1.2988e-01): lin 1 (0.0e+00)
-------------------------------------------------------------------------------------------------------------
 T = 1219.28, DT = 2, NI = 2, LI = 2, RES = 5.4e-16 (7.1e-06), CFL=0.300 (ELAPSED 00:00:06, REMAINING 00:00:04 )
-------------------------------------------------------------------------------------------------------------
	 #1 (8.4866e-05, 1.2197e-04): lin 1 (0.0e+00)
	 #2 (1.9239e-08, 1.3054e-01): lin 1 (0.0e+00)
-------------------------------------------------------------------------------------------------------------
 T = 1221.28, DT = 2, NI = 2, LI = 2, RES = 5.2e-16 (6.3e-06), CFL=0.300 (ELAPSED 00:00:06, REMAINING 00:00:04 )
-------------------------------------------------------------------------------------------------------------
	 #1 (8.4804e-05, 1.2176e-04): lin 1 (0.0e+00)
	 #2 (1.9590e-08, 1.2929e-01): lin 1 (0.0e+00)
-------------------------------------------------------------------------------------------------------------
 T = 1223.28, DT = 2, NI = 2, LI = 2, RES = 5.3e-16 (6.7e-06), CFL=0.300 (ELAPSED 00:00:07, REMAINING 00:00:04 )
-------------------------------------------------------------------------------------------------------------
	 #1 (8.4743e-05, 1.1989e-04): lin 1 (0.0e+00)
	 #2 (1.9226e-08, 1.2893e-01): lin 1 (0.0e+00)
-------------------------------------------------------------------------------------------------------------
 T = 1225.28, DT = 2, NI = 2, LI = 2, RES = 5.5e-16 (6.4e-06), CFL=0.300 (ELAPSED 00:00:07, REMAINING 00:00:04 )
-------------------------------------------------------------------------------------------------------------
	 #1 (8.4681e-05, 1.2065e-04): lin 1 (0.0e+00)
	 #2 (1.9153e-08, 1.2864e-01): lin 1 (0.0e+00)
-------------------------------------------------------------------------------------------------------------
 T = 1227.28, DT = 2, NI = 2, LI = 2, RES = 5.7e-16 (4.5e-06), CFL=0.300 (ELAPSED 00:00:07, REMAINING 00:00:04 )
-------------------------------------------------------------------------------------------------------------
	 #1 (8.4620e-05, 1.2061e-04): lin 1 (0.0e+00)
	 #2 (1.9332e-08, 1.2833e-01): lin 1 (0.0e+00)
-------------------------------------------------------------------------------------------------------------
 T = 1229.28, DT = 2, NI = 2, LI = 2, RES = 5.2e-16 (5.8e-06), CFL=0.300 (ELAPSED 00:00:07, REMAINING 00:00:04 )
-------------------------------------------------------------------------------------------------------------
	 #1 (8.4559e-05, 1.2045e-04): lin 1 (0.0e+00)
	 #2 (1.9106e-08, 1.2803e-01): lin 1 (0.0e+00)
-------------------------------------------------------------------------------------------------------------
 T = 1231.28, DT = 2, NI = 2, LI = 2, RES = 5.8e-16 (5.0e-06), CFL=0.300 (ELAPSED 00:00:07, REMAINING 00:00:04 )
-------------------------------------------------------------------------------------------------------------
	 #1 (8.4497e-05, 1.2095e-04): lin 1 (0.0e+00)
	 #2 (2.1741e-08, 1.3582e-01): lin 1 (0.0e+00)
-------------------------------------------------------------------------------------------------------------
 T = 1233.28, DT = 2, NI = 2, LI = 2, RES = 1.8e-15 (6.2e-06), CFL=0.300 (ELAPSED 00:00:07, REMAINING 00:00:04 )
-------------------------------------------------------------------------------------------------------------
	 #1 (8.4435e-05, 1.1947e-04): lin 1 (0.0e+00)
	 #2 (1.9061e-08, 1.5422e-01): lin 1 (0.0e+00)
-------------------------------------------------------------------------------------------------------------
 T = 1235.28, DT = 2, NI = 2, LI = 2, RES = 5.6e-16 (7.7e-06), CFL=0.300 (ELAPSED 00:00:07, REMAINING 00:00:04 )
-------------------------------------------------------------------------------------------------------------
	 #1 (8.4373e-05, 1.2051e-04): lin 1 (0.0e+00)
	 #2 (1.8797e-08, 1.2713e-01): lin 1 (0.0e+00)
-------------------------------------------------------------------------------------------------------------
 T = 1237.28, DT = 2, NI = 2, LI = 2, RES = 5.3e-16 (7.1e-06), CFL=0.300 (ELAPSED 00:00:07, REMAINING 00:00:04 )
-------------------------------------------------------------------------------------------------------------
	 #1 (8.4312e-05, 1.2193e-04): lin 1 (0.0e+00)
	 #2 (1.8884e-08, 1.2683e-01): lin 1 (0.0e+00)
-------------------------------------------------------------------------------------------------------------
 T = 1239.28, DT = 2, NI = 2, LI = 2, RES = 5.6e-16 (6.8e-06), CFL=0.300 (ELAPSED 00:00:07, REMAINING 00:00:04 )
-------------------------------------------------------------------------------------------------------------
	 #1 (8.4251e-05, 1.1991e-04): lin 1 (0.0e+00)
	 #2 (1.8940e-08, 1.2654e-01): lin 1 (0.0e+00)
-------------------------------------------------------------------------------------------------------------
 T = 1241.28, DT = 2, NI = 2, LI = 2, RES = 5.4e-16 (6.0e-06), CFL=0.300 (ELAPSED 00:00:07, REMAINING 00:00:04 )
-------------------------------------------------------------------------------------------------------------
	 #1 (8.4191e-05, 1.2083e-04): lin 1 (0.0e+00)
	 #2 (1.8751e-08, 1.2621e-01): lin 1 (0.0e+00)
-------------------------------------------------------------------------------------------------------------
 T = 1243.28, DT = 2, NI = 2, LI = 2, RES = 5.6e-16 (6.3e-06), CFL=0.300 (ELAPSED 00:00:07, REMAINING 00:00:04 )
-------------------------------------------------------------------------------------------------------------
	 #1 (8.4130e-05, 1.2074e-04): lin 1 (0.0e+00)
	 #2 (1.8540e-08, 1.2596e-01): lin 1 (0.0e+00)
-------------------------------------------------------------------------------------------------------------
 T = 1245.28, DT = 2, NI = 2, LI = 2, RES = 5.4e-16 (8.0e-06), CFL=0.300 (ELAPSED 00:00:07, REMAINING 00:00:04 )
-------------------------------------------------------------------------------------------------------------
	 #1 (8.4070e-05, 1.1849e-04): lin 1 (0.0e+00)
	 #2 (1.9206e-08, 1.2566e-01): lin 1 (0.0e+00)
-------------------------------------------------------------------------------------------------------------
 T = 1247.28, DT = 2, NI = 2, LI = 2, RES = 5.6e-15 (6.6e-06), CFL=0.300 (ELAPSED 00:00:07, REMAINING 00:00:04 )
-------------------------------------------------------------------------------------------------------------
	 #1 (8.4010e-05, 1.1953e-04): lin 1 (0.0e+00)
	 #2 (1.8627e-08, 1.2536e-01): lin 1 (0.0e+00)
-------------------------------------------------------------------------------------------------------------
 T = 1249.28, DT = 2, NI = 2, LI = 2, RES = 5.9e-16 (7.2e-06), CFL=0.300 (ELAPSED 00:00:07, REMAINING 00:00:04 )
-------------------------------------------------------------------------------------------------------------
	 #1 (8.3950e-05, 1.2008e-04): lin 1 (0.0e+00)
	 #2 (1.8785e-08, 1.2509e-01): lin 1 (0.0e+00)
-------------------------------------------------------------------------------------------------------------
 T = 1251.28, DT = 2, NI = 2, LI = 2, RES = 5.4e-16 (5.8e-06), CFL=0.300 (ELAPSED 00:00:07, REMAINING 00:00:04 )
-------------------------------------------------------------------------------------------------------------
	 #1 (8.3890e-05, 1.1896e-04): lin 1 (0.0e+00)
	 #2 (1.8758e-08, 1.2482e-01): lin 1 (0.0e+00)
-------------------------------------------------------------------------------------------------------------
 T = 1253.28, DT = 2, NI = 2, LI = 2, RES = 5.1e-16 (5.9e-06), CFL=0.300 (ELAPSED 00:00:07, REMAINING 00:00:04 )
-------------------------------------------------------------------------------------------------------------
	 #1 (8.3830e-05, 1.1822e-04): lin 1 (0.0e+00)
	 #2 (1.8327e-08, 1.2453e-01): lin 1 (0.0e+00)
-------------------------------------------------------------------------------------------------------------
 T = 1255.28, DT = 2, NI = 2, LI = 2, RES = 5.7e-16 (5.9e-06), CFL=0.300 (ELAPSED 00:00:07, REMAINING 00:00:04 )
-------------------------------------------------------------------------------------------------------------
	 #1 (8.3770e-05, 1.2119e-04): lin 1 (0.0e+00)
	 #2 (1.8702e-08, 1.2422e-01): lin 1 (0.0e+00)
-------------------------------------------------------------------------------------------------------------
 T = 1257.28, DT = 2, NI = 2, LI = 2, RES = 5.3e-16 (6.6e-06), CFL=0.300 (ELAPSED 00:00:07, REMAINING 00:00:04 )
-------------------------------------------------------------------------------------------------------------
	 #1 (8.3711e-05, 1.1963e-04): lin 1 (0.0e+00)
	 #2 (1.8607e-08, 1.2397e-01): lin 1 (0.0e+00)
-------------------------------------------------------------------------------------------------------------
 T = 1259.28, DT = 2, NI = 2, LI = 2, RES = 5.4e-16 (5.5e-06), CFL=0.300 (ELAPSED 00:00:07, REMAINING 00:00:04 )
-------------------------------------------------------------------------------------------------------------
	 #1 (8.3651e-05, 1.1887e-04): lin 1 (0.0e+00)
	 #2 (1.8452e-08, 1.2388e-01): lin 1 (0.0e+00)
-------------------------------------------------------------------------------------------------------------
 T = 1261.28, DT = 2, NI = 2, LI = 2, RES = 5.3e-16 (5.7e-06), CFL=0.300 (ELAPSED 00:00:07, REMAINING 00:00:04 )
-------------------------------------------------------------------------------------------------------------
	 #1 (8.3592e-05, 1.2011e-04): lin 1 (0.0e+00)
	 #2 (1.8172e-08, 1.2342e-01): lin 1 (0.0e+00)
-------------------------------------------------------------------------------------------------------------
 T = 1263.28, DT = 2, NI = 2, LI = 2, RES = 5.5e-16 (5.8e-06), CFL=0.300 (ELAPSED 00:00:07, REMAINING 00:00:04 )
-------------------------------------------------------------------------------------------------------------
	 #1 (8.3533e-05, 1.1884e-04): lin 1 (0.0e+00)
	 #2 (1.8573e-08, 1.3329e-01): lin 1 (0.0e+00)
-------------------------------------------------------------------------------------------------------------
 T = 1265.28, DT = 2, NI = 2, LI = 2, RES = 5.3e-16 (5.9e-06), CFL=0.300 (ELAPSED 00:00:07, REMAINING 00:00:04 )
-------------------------------------------------------------------------------------------------------------
	 #1 (8.3474e-05, 1.1827e-04): lin 1 (0.0e+00)
	 #2 (1.9037e-08, 1.2285e-01): lin 1 (0.0e+00)
-------------------------------------------------------------------------------------------------------------
 T = 1267.28, DT = 2, NI = 2, LI = 2, RES = 1.4e-15 (5.5e-06), CFL=0.300 (ELAPSED 00:00:07, REMAINING 00:00:04 )
-------------------------------------------------------------------------------------------------------------
	 #1 (8.3415e-05, 1.1760e-04): lin 1 (0.0e+00)
	 #2 (1.8425e-08, 1.2252e-01): lin 1 (0.0e+00)
-------------------------------------------------------------------------------------------------------------
 T = 1269.28, DT = 2, NI = 2, LI = 2, RES = 5.5e-16 (5.3e-06), CFL=0.300 (ELAPSED 00:00:07, REMAINING 00:00:04 )
-------------------------------------------------------------------------------------------------------------
	 #1 (8.3356e-05, 1.1857e-04): lin 1 (0.0e+00)
	 #2 (1.8307e-08, 1.2232e-01): lin 1 (0.0e+00)
-------------------------------------------------------------------------------------------------------------
 T = 1271.28, DT = 2, NI = 2, LI = 2, RES = 5.1e-16 (6.0e-06), CFL=0.300 (ELAPSED 00:00:07, REMAINING 00:00:04 )
-------------------------------------------------------------------------------------------------------------
	 #1 (8.3297e-05, 1.1976e-04): lin 1 (0.0e+00)
	 #2 (1.8574e-08, 1.2205e-01): lin 1 (0.0e+00)
-------------------------------------------------------------------------------------------------------------
 T = 1273.28, DT = 2, NI = 2, LI = 2, RES = 5.3e-16 (6.4e-06), CFL=0.300 (ELAPSED 00:00:07, REMAINING 00:00:04 )
-------------------------------------------------------------------------------------------------------------
	 #1 (8.3238e-05, 1.1711e-04): lin 1 (0.0e+00)
	 #2 (1.8182e-08, 1.6058e-01): lin 1 (0.0e+00)
-------------------------------------------------------------------------------------------------------------
 T = 1275.28, DT = 2, NI = 2, LI = 2, RES = 5.7e-16 (6.9e-06), CFL=0.300 (ELAPSED 00:00:07, REMAINING 00:00:03 )
-------------------------------------------------------------------------------------------------------------
	 #1 (8.3179e-05, 1.1801e-04): lin 1 (0.0e+00)
	 #2 (1.8263e-08, 1.2158e-01): lin 1 (0.0e+00)
-------------------------------------------------------------------------------------------------------------
 T = 1277.28, DT = 2, NI = 2, LI = 2, RES = 5.8e-16 (7.0e-06), CFL=0.300 (ELAPSED 00:00:07, REMAINING 00:00:03 )
-------------------------------------------------------------------------------------------------------------
	 #1 (8.3121e-05, 1.1794e-04): lin 1 (0.0e+00)
	 #2 (1.8228e-08, 1.5422e-01): lin 1 (0.0e+00)
-------------------------------------------------------------------------------------------------------------
 T = 1279.28, DT = 2, NI = 2, LI = 2, RES = 5.7e-16 (7.1e-06), CFL=0.300 (ELAPSED 00:00:07, REMAINING 00:00:03 )
-------------------------------------------------------------------------------------------------------------
	 #1 (8.3063e-05, 1.1723e-04): lin 1 (0.0e+00)
	 #2 (1.7741e-08, 1.2101e-01): lin 1 (0.0e+00)
-------------------------------------------------------------------------------------------------------------
 T = 1281.28, DT = 2, NI = 2, LI = 2, RES = 5.4e-16 (5.8e-06), CFL=0.300 (ELAPSED 00:00:07, REMAINING 00:00:03 )
-------------------------------------------------------------------------------------------------------------
	 #1 (8.3005e-05, 1.1780e-04): lin 1 (0.0e+00)
	 #2 (1.8078e-08, 1.2075e-01): lin 1 (0.0e+00)
-------------------------------------------------------------------------------------------------------------
 T = 1283.28, DT = 2, NI = 2, LI = 2, RES = 5.4e-16 (6.2e-06), CFL=0.300 (ELAPSED 00:00:07, REMAINING 00:00:03 )
-------------------------------------------------------------------------------------------------------------
	 #1 (8.2947e-05, 1.1990e-04): lin 1 (0.0e+00)
	 #2 (2.4114e-08, 1.2059e-01): lin 1 (0.0e+00)
-------------------------------------------------------------------------------------------------------------
 T = 1285.28, DT = 2, NI = 2, LI = 2, RES = 7.3e-16 (6.3e-06), CFL=0.300 (ELAPSED 00:00:07, REMAINING 00:00:03 )
-------------------------------------------------------------------------------------------------------------
	 #1 (8.2889e-05, 1.1726e-04): lin 1 (0.0e+00)
	 #2 (1.8167e-08, 1.2193e-01): lin 1 (0.0e+00)
-------------------------------------------------------------------------------------------------------------
 T = 1287.28, DT = 2, NI = 2, LI = 2, RES = 5.4e-16 (7.8e-06), CFL=0.300 (ELAPSED 00:00:07, REMAINING 00:00:03 )
-------------------------------------------------------------------------------------------------------------
	 #1 (8.2831e-05, 1.1853e-04): lin 1 (0.0e+00)
	 #2 (1.8105e-08, 1.1997e-01): lin 1 (0.0e+00)
-------------------------------------------------------------------------------------------------------------
 T = 1289.28, DT = 2, NI = 2, LI = 2, RES = 5.3e-16 (6.9e-06), CFL=0.300 (ELAPSED 00:00:07, REMAINING 00:00:03 )
-------------------------------------------------------------------------------------------------------------
	 #1 (8.2773e-05, 1.1796e-04): lin 1 (0.0e+00)
	 #2 (1.8049e-08, 1.1971e-01): lin 1 (0.0e+00)
-------------------------------------------------------------------------------------------------------------
 T = 1291.28, DT = 2, NI = 2, LI = 2, RES = 5.1e-16 (6.6e-06), CFL=0.300 (ELAPSED 00:00:07, REMAINING 00:00:03 )
-------------------------------------------------------------------------------------------------------------
	 #1 (8.2715e-05, 1.1687e-04): lin 1 (0.0e+00)
	 #2 (1.8026e-08, 1.1946e-01): lin 1 (0.0e+00)
-------------------------------------------------------------------------------------------------------------
 T = 1293.28, DT = 2, NI = 2, LI = 2, RES = 5.5e-16 (6.5e-06), CFL=0.300 (ELAPSED 00:00:07, REMAINING 00:00:03 )
-------------------------------------------------------------------------------------------------------------
	 #1 (8.2658e-05, 1.1778e-04): lin 1 (0.0e+00)
	 #2 (1.7975e-08, 1.1921e-01): lin 1 (0.0e+00)
-------------------------------------------------------------------------------------------------------------
 T = 1295.28, DT = 2, NI = 2, LI = 2, RES = 5.3e-16 (6.6e-06), CFL=0.300 (ELAPSED 00:00:07, REMAINING 00:00:03 )
-------------------------------------------------------------------------------------------------------------
	 #1 (8.2601e-05, 1.1774e-04): lin 1 (0.0e+00)
	 #2 (1.7946e-08, 1.1896e-01): lin 1 (0.0e+00)
-------------------------------------------------------------------------------------------------------------
 T = 1297.28, DT = 2, NI = 2, LI = 2, RES = 6.1e-16 (7.3e-06), CFL=0.300 (ELAPSED 00:00:07, REMAINING 00:00:03 )
-------------------------------------------------------------------------------------------------------------
	 #1 (8.2543e-05, 1.1838e-04): lin 1 (0.0e+00)
	 #2 (1.7061e-08, 1.1871e-01): lin 1 (0.0e+00)
-------------------------------------------------------------------------------------------------------------
 T = 1299.28, DT = 2, NI = 2, LI = 2, RES = 5.5e-16 (7.3e-06), CFL=0.300 (ELAPSED 00:00:07, REMAINING 00:00:03 )
-------------------------------------------------------------------------------------------------------------
	 #1 (8.2486e-05, 1.1783e-04): lin 1 (0.0e+00)
	 #2 (1.7804e-08, 1.1846e-01): lin 1 (0.0e+00)
-------------------------------------------------------------------------------------------------------------
 T = 1301.28, DT = 2, NI = 2, LI = 2, RES = 5.2e-16 (5.9e-06), CFL=0.300 (ELAPSED 00:00:07, REMAINING 00:00:03 )
-------------------------------------------------------------------------------------------------------------
	 #1 (8.2430e-05, 1.1679e-04): lin 1 (0.0e+00)
	 #2 (1.7838e-08, 1.1819e-01): lin 1 (0.0e+00)
-------------------------------------------------------------------------------------------------------------
 T = 1303.28, DT = 2, NI = 2, LI = 2, RES = 5.3e-16 (5.9e-06), CFL=0.300 (ELAPSED 00:00:07, REMAINING 00:00:03 )
-------------------------------------------------------------------------------------------------------------
	 #1 (8.2373e-05, 1.1567e-04): lin 1 (0.0e+00)
	 #2 (1.7765e-08, 1.1797e-01): lin 1 (0.0e+00)
-------------------------------------------------------------------------------------------------------------
 T = 1305.28, DT = 2, NI = 2, LI = 2, RES = 4.9e-16 (7.2e-06), CFL=0.300 (ELAPSED 00:00:07, REMAINING 00:00:03 )
-------------------------------------------------------------------------------------------------------------
	 #1 (8.2316e-05, 1.1847e-04): lin 1 (0.0e+00)
	 #2 (1.7761e-08, 1.1934e-01): lin 1 (0.0e+00)
-------------------------------------------------------------------------------------------------------------
 T = 1307.28, DT = 2, NI = 2, LI = 2, RES = 5.3e-16 (5.5e-06), CFL=0.300 (ELAPSED 00:00:07, REMAINING 00:00:03 )
-------------------------------------------------------------------------------------------------------------
	 #1 (8.2259e-05, 1.1594e-04): lin 1 (0.0e+00)
	 #2 (1.7702e-08, 1.1748e-01): lin 1 (0.0e+00)
-------------------------------------------------------------------------------------------------------------
 T = 1309.28, DT = 2, NI = 2, LI = 2, RES = 6.0e-16 (6.4e-06), CFL=0.300 (ELAPSED 00:00:07, REMAINING 00:00:03 )
-------------------------------------------------------------------------------------------------------------
	 #1 (8.2203e-05, 1.1702e-04): lin 1 (0.0e+00)
	 #2 (1.7102e-08, 1.1773e-01): lin 1 (0.0e+00)
-------------------------------------------------------------------------------------------------------------
 T = 1311.28, DT = 2, NI = 2, LI = 2, RES = 5.1e-16 (6.6e-06), CFL=0.300 (ELAPSED 00:00:07, REMAINING 00:00:03 )
-------------------------------------------------------------------------------------------------------------
	 #1 (8.2146e-05, 1.1609e-04): lin 1 (0.0e+00)
	 #2 (1.7661e-08, 1.1700e-01): lin 1 (0.0e+00)
-------------------------------------------------------------------------------------------------------------
 T = 1313.28, DT = 2, NI = 2, LI = 2, RES = 5.4e-16 (7.1e-06), CFL=0.300 (ELAPSED 00:00:07, REMAINING 00:00:03 )
-------------------------------------------------------------------------------------------------------------
	 #1 (8.2090e-05, 1.1749e-04): lin 1 (0.0e+00)
	 #2 (1.7910e-08, 1.1675e-01): lin 1 (0.0e+00)
-------------------------------------------------------------------------------------------------------------
 T = 1315.28, DT = 2, NI = 2, LI = 2, RES = 5.4e-16 (7.0e-06), CFL=0.300 (ELAPSED 00:00:07, REMAINING 00:00:03 )
-------------------------------------------------------------------------------------------------------------
	 #1 (8.2034e-05, 1.1703e-04): lin 1 (0.0e+00)
	 #2 (1.7535e-08, 1.1652e-01): lin 1 (0.0e+00)
-------------------------------------------------------------------------------------------------------------
 T = 1317.28, DT = 2, NI = 2, LI = 2, RES = 5.5e-16 (5.2e-06), CFL=0.300 (ELAPSED 00:00:07, REMAINING 00:00:03 )
-------------------------------------------------------------------------------------------------------------
	 #1 (8.1977e-05, 1.1625e-04): lin 1 (0.0e+00)
	 #2 (1.7645e-08, 1.1627e-01): lin 1 (0.0e+00)
-------------------------------------------------------------------------------------------------------------
 T = 1319.28, DT = 2, NI = 2, LI = 2, RES = 5.6e-16 (8.2e-06), CFL=0.300 (ELAPSED 00:00:07, REMAINING 00:00:03 )
-------------------------------------------------------------------------------------------------------------
	 #1 (8.1921e-05, 1.1611e-04): lin 1 (0.0e+00)
	 #2 (1.7574e-08, 1.1543e-01): lin 1 (0.0e+00)
-------------------------------------------------------------------------------------------------------------
 T = 1321.28, DT = 2, NI = 2, LI = 2, RES = 5.5e-16 (6.6e-06), CFL=0.300 (ELAPSED 00:00:07, REMAINING 00:00:03 )
-------------------------------------------------------------------------------------------------------------
	 #1 (8.1866e-05, 1.1478e-04): lin 1 (0.0e+00)
	 #2 (1.7582e-08, 1.1581e-01): lin 1 (0.0e+00)
-------------------------------------------------------------------------------------------------------------
 T = 1323.28, DT = 2, NI = 2, LI = 2, RES = 5.7e-16 (6.7e-06), CFL=0.300 (ELAPSED 00:00:07, REMAINING 00:00:03 )
-------------------------------------------------------------------------------------------------------------
	 #1 (8.1810e-05, 1.1531e-04): lin 1 (0.0e+00)
	 #2 (1.7489e-08, 1.6786e-01): lin 1 (0.0e+00)
-------------------------------------------------------------------------------------------------------------
 T = 1325.28, DT = 2, NI = 2, LI = 2, RES = 5.8e-16 (6.1e-06), CFL=0.300 (ELAPSED 00:00:07, REMAINING 00:00:03 )
-------------------------------------------------------------------------------------------------------------
	 #1 (8.1754e-05, 1.1420e-04): lin 1 (0.0e+00)
	 #2 (1.7042e-08, 1.1534e-01): lin 1 (0.0e+00)
-------------------------------------------------------------------------------------------------------------
 T = 1327.28, DT = 2, NI = 2, LI = 2, RES = 5.6e-16 (7.1e-06), CFL=0.300 (ELAPSED 00:00:07, REMAINING 00:00:03 )
-------------------------------------------------------------------------------------------------------------
	 #1 (8.1698e-05, 1.1533e-04): lin 1 (0.0e+00)
	 #2 (1.7310e-08, 1.1511e-01): lin 1 (0.0e+00)
-------------------------------------------------------------------------------------------------------------
 T = 1329.28, DT = 2, NI = 2, LI = 2, RES = 5.2e-16 (4.9e-06), CFL=0.300 (ELAPSED 00:00:07, REMAINING 00:00:03 )
-------------------------------------------------------------------------------------------------------------
	 #1 (8.1643e-05, 1.1359e-04): lin 1 (0.0e+00)
	 #2 (1.7416e-08, 1.1488e-01): lin 1 (0.0e+00)
-------------------------------------------------------------------------------------------------------------
 T = 1331.28, DT = 2, NI = 2, LI = 2, RES = 5.5e-16 (6.1e-06), CFL=0.300 (ELAPSED 00:00:07, REMAINING 00:00:03 )
-------------------------------------------------------------------------------------------------------------
	 #1 (8.1588e-05, 1.1432e-04): lin 1 (0.0e+00)
	 #2 (1.7642e-08, 1.2720e-01): lin 1 (0.0e+00)
-------------------------------------------------------------------------------------------------------------
 T = 1333.28, DT = 2, NI = 2, LI = 2, RES = 5.4e-16 (6.6e-06), CFL=0.300 (ELAPSED 00:00:07, REMAINING 00:00:03 )
-------------------------------------------------------------------------------------------------------------
	 #1 (8.1532e-05, 1.1417e-04): lin 1 (0.0e+00)
	 #2 (1.7251e-08, 1.1443e-01): lin 1 (0.0e+00)
-------------------------------------------------------------------------------------------------------------
 T = 1335.28, DT = 2, NI = 2, LI = 2, RES = 5.5e-16 (4.6e-06), CFL=0.300 (ELAPSED 00:00:07, REMAINING 00:00:03 )
-------------------------------------------------------------------------------------------------------------
	 #1 (8.1477e-05, 1.1566e-04): lin 1 (0.0e+00)
	 #2 (1.7169e-08, 1.1420e-01): lin 1 (0.0e+00)
-------------------------------------------------------------------------------------------------------------
 T = 1337.28, DT = 2, NI = 2, LI = 2, RES = 5.7e-16 (7.9e-06), CFL=0.300 (ELAPSED 00:00:07, REMAINING 00:00:03 )
-------------------------------------------------------------------------------------------------------------
	 #1 (8.1422e-05, 1.1421e-04): lin 1 (0.0e+00)
	 #2 (1.7243e-08, 1.1398e-01): lin 1 (0.0e+00)
-------------------------------------------------------------------------------------------------------------
 T = 1339.28, DT = 2, NI = 2, LI = 2, RES = 5.5e-16 (6.1e-06), CFL=0.300 (ELAPSED 00:00:07, REMAINING 00:00:03 )
-------------------------------------------------------------------------------------------------------------
	 #1 (8.1367e-05, 1.1317e-04): lin 1 (0.0e+00)
	 #2 (1.7174e-08, 1.1375e-01): lin 1 (0.0e+00)
-------------------------------------------------------------------------------------------------------------
 T = 1341.28, DT = 2, NI = 2, LI = 2, RES = 5.6e-16 (7.3e-06), CFL=0.300 (ELAPSED 00:00:07, REMAINING 00:00:03 )
-------------------------------------------------------------------------------------------------------------
	 #1 (8.1312e-05, 1.1471e-04): lin 1 (0.0e+00)
	 #2 (1.6918e-08, 1.1353e-01): lin 1 (0.0e+00)
-------------------------------------------------------------------------------------------------------------
 T = 1343.28, DT = 2, NI = 2, LI = 2, RES = 5.3e-16 (5.4e-06), CFL=0.300 (ELAPSED 00:00:07, REMAINING 00:00:03 )
-------------------------------------------------------------------------------------------------------------
	 #1 (8.1257e-05, 1.1376e-04): lin 1 (0.0e+00)
-------------------------------------------------------------------------------------------------------------
 T = 1345.28, DT = 2, NI = 1, LI = 1, RES = 1.7e-08 (9.7e-02), CFL=0.300 (ELAPSED 00:00:07, REMAINING 00:00:03 )
-------------------------------------------------------------------------------------------------------------
	 #1 (8.1204e-05, 9.7220e-02): lin 1 (0.0e+00)
	 #2 (1.7159e-08, 1.1635e-01): lin 1 (0.0e+00)
-------------------------------------------------------------------------------------------------------------
 T = 1347.28, DT = 2, NI = 2, LI = 2, RES = 5.2e-16 (5.2e-06), CFL=0.300 (ELAPSED 00:00:07, REMAINING 00:00:03 )
-------------------------------------------------------------------------------------------------------------
	 #1 (8.1149e-05, 1.1444e-04): lin 1 (0.0e+00)
	 #2 (1.6936e-08, 1.1287e-01): lin 1 (0.0e+00)
-------------------------------------------------------------------------------------------------------------
 T = 1349.28, DT = 2, NI = 2, LI = 2, RES = 5.2e-16 (6.2e-06), CFL=0.300 (ELAPSED 00:00:07, REMAINING 00:00:03 )
-------------------------------------------------------------------------------------------------------------
	 #1 (8.1094e-05, 1.1429e-04): lin 1 (0.0e+00)
	 #2 (1.7107e-08, 1.1263e-01): lin 1 (0.0e+00)
-------------------------------------------------------------------------------------------------------------
 T = 1351.28, DT = 2, NI = 2, LI = 2, RES = 5.8e-16 (6.0e-06), CFL=0.300 (ELAPSED 00:00:07, REMAINING 00:00:03 )
-------------------------------------------------------------------------------------------------------------
	 #1 (8.1040e-05, 1.1425e-04): lin 1 (0.0e+00)
	 #2 (1.6988e-08, 1.1244e-01): lin 1 (0.0e+00)
-------------------------------------------------------------------------------------------------------------
 T = 1353.28, DT = 2, NI = 2, LI = 2, RES = 5.1e-16 (6.0e-06), CFL=0.300 (ELAPSED 00:00:07, REMAINING 00:00:03 )
-------------------------------------------------------------------------------------------------------------
	 #1 (8.0985e-05, 1.1461e-04): lin 1 (0.0e+00)
	 #2 (1.7024e-08, 1.1222e-01): lin 1 (0.0e+00)
-------------------------------------------------------------------------------------------------------------
 T = 1355.28, DT = 2, NI = 2, LI = 2, RES = 5.2e-16 (6.4e-06), CFL=0.300 (ELAPSED 00:00:07, REMAINING 00:00:03 )
-------------------------------------------------------------------------------------------------------------
	 #1 (8.0931e-05, 1.1299e-04): lin 1 (0.0e+00)
	 #2 (1.6873e-08, 1.1201e-01): lin 1 (0.0e+00)
-------------------------------------------------------------------------------------------------------------
 T = 1357.28, DT = 2, NI = 2, LI = 2, RES = 5.8e-16 (5.5e-06), CFL=0.300 (ELAPSED 00:00:07, REMAINING 00:00:03 )
-------------------------------------------------------------------------------------------------------------
	 #1 (8.0877e-05, 1.1419e-04): lin 1 (0.0e+00)
	 #2 (1.6617e-08, 1.2481e-01): lin 1 (0.0e+00)
-------------------------------------------------------------------------------------------------------------
 T = 1359.28, DT = 2, NI = 2, LI = 2, RES = 5.9e-16 (6.8e-06), CFL=0.300 (ELAPSED 00:00:07, REMAINING 00:00:03 )
-------------------------------------------------------------------------------------------------------------
	 #1 (8.0823e-05, 1.1373e-04): lin 1 (0.0e+00)
	 #2 (1.6824e-08, 1.1158e-01): lin 1 (0.0e+00)
-------------------------------------------------------------------------------------------------------------
 T = 1361.28, DT = 2, NI = 2, LI = 2, RES = 5.5e-16 (6.9e-06), CFL=0.300 (ELAPSED 00:00:07, REMAINING 00:00:03 )
-------------------------------------------------------------------------------------------------------------
	 #1 (8.0769e-05, 1.1276e-04): lin 1 (0.0e+00)
	 #2 (1.6986e-08, 1.1137e-01): lin 1 (0.0e+00)
-------------------------------------------------------------------------------------------------------------
 T = 1363.28, DT = 2, NI = 2, LI = 2, RES = 5.5e-16 (6.5e-06), CFL=0.300 (ELAPSED 00:00:07, REMAINING 00:00:03 )
-------------------------------------------------------------------------------------------------------------
	 #1 (8.0716e-05, 1.1506e-04): lin 1 (0.0e+00)
	 #2 (1.6935e-08, 1.1118e-01): lin 1 (0.0e+00)
-------------------------------------------------------------------------------------------------------------
 T = 1365.28, DT = 2, NI = 2, LI = 2, RES = 5.6e-16 (8.0e-06), CFL=0.300 (ELAPSED 00:00:07, REMAINING 00:00:03 )
-------------------------------------------------------------------------------------------------------------
	 #1 (8.0662e-05, 1.1550e-04): lin 1 (0.0e+00)
	 #2 (1.6997e-08, 1.1094e-01): lin 1 (0.0e+00)
-------------------------------------------------------------------------------------------------------------
 T = 1367.28, DT = 2, NI = 2, LI = 2, RES = 5.6e-16 (6.4e-06), CFL=0.300 (ELAPSED 00:00:07, REMAINING 00:00:03 )
-------------------------------------------------------------------------------------------------------------
	 #1 (8.0609e-05, 1.1467e-04): lin 1 (0.0e+00)
	 #2 (1.6819e-08, 1.1075e-01): lin 1 (0.0e+00)
-------------------------------------------------------------------------------------------------------------
 T = 1369.28, DT = 2, NI = 2, LI = 2, RES = 5.7e-16 (5.7e-06), CFL=0.300 (ELAPSED 00:00:07, REMAINING 00:00:03 )
-------------------------------------------------------------------------------------------------------------
	 #1 (8.0555e-05, 1.1265e-04): lin 1 (0.0e+00)
	 #2 (1.6808e-08, 1.2207e-01): lin 1 (0.0e+00)
-------------------------------------------------------------------------------------------------------------
 T = 1371.28, DT = 2, NI = 2, LI = 2, RES = 5.4e-16 (5.7e-06), CFL=0.300 (ELAPSED 00:00:07, REMAINING 00:00:03 )
-------------------------------------------------------------------------------------------------------------
	 #1 (8.0502e-05, 1.1323e-04): lin 1 (0.0e+00)
	 #2 (1.6794e-08, 1.1034e-01): lin 1 (0.0e+00)
-------------------------------------------------------------------------------------------------------------
 T = 1373.28, DT = 2, NI = 2, LI = 2, RES = 5.1e-16 (6.8e-06), CFL=0.300 (ELAPSED 00:00:07, REMAINING 00:00:03 )
-------------------------------------------------------------------------------------------------------------
	 #1 (8.0448e-05, 1.1362e-04): lin 1 (0.0e+00)
	 #2 (1.6789e-08, 1.1013e-01): lin 1 (0.0e+00)
-------------------------------------------------------------------------------------------------------------
 T = 1375.28, DT = 2, NI = 2, LI = 2, RES = 5.7e-16 (6.2e-06), CFL=0.300 (ELAPSED 00:00:07, REMAINING 00:00:03 )
-------------------------------------------------------------------------------------------------------------
	 #1 (8.0395e-05, 1.1425e-04): lin 1 (0.0e+00)
	 #2 (1.6661e-08, 1.0923e-01): lin 1 (0.0e+00)
-------------------------------------------------------------------------------------------------------------
 T = 1377.28, DT = 2, NI = 2, LI = 2, RES = 5.5e-16 (7.4e-06), CFL=0.300 (ELAPSED 00:00:07, REMAINING 00:00:03 )
-------------------------------------------------------------------------------------------------------------
	 #1 (8.0342e-05, 1.1352e-04): lin 1 (0.0e+00)
	 #2 (1.6615e-08, 1.0201e-01): lin 1 (0.0e+00)
-------------------------------------------------------------------------------------------------------------
 T = 1379.28, DT = 2, NI = 2, LI = 2, RES = 5.5e-16 (5.8e-06), CFL=0.300 (ELAPSED 00:00:07, REMAINING 00:00:03 )
-------------------------------------------------------------------------------------------------------------
	 #1 (8.0289e-05, 1.1270e-04): lin 1 (0.0e+00)
	 #2 (1.6671e-08, 1.0952e-01): lin 1 (0.0e+00)
-------------------------------------------------------------------------------------------------------------
 T = 1381.28, DT = 2, NI = 2, LI = 2, RES = 5.5e-16 (6.6e-06), CFL=0.300 (ELAPSED 00:00:07, REMAINING 00:00:03 )
-------------------------------------------------------------------------------------------------------------
	 #1 (8.0236e-05, 1.1300e-04): lin 1 (0.0e+00)
	 #2 (1.6616e-08, 1.0932e-01): lin 1 (0.0e+00)
-------------------------------------------------------------------------------------------------------------
 T = 1383.28, DT = 2, NI = 2, LI = 2, RES = 5.8e-16 (5.7e-06), CFL=0.300 (ELAPSED 00:00:07, REMAINING 00:00:03 )
-------------------------------------------------------------------------------------------------------------
	 #1 (8.0183e-05, 1.1265e-04): lin 1 (0.0e+00)
	 #2 (1.6491e-08, 1.0912e-01): lin 1 (0.0e+00)
-------------------------------------------------------------------------------------------------------------
 T = 1385.28, DT = 2, NI = 2, LI = 2, RES = 5.3e-16 (7.3e-06), CFL=0.300 (ELAPSED 00:00:07, REMAINING 00:00:03 )
-------------------------------------------------------------------------------------------------------------
	 #1 (8.0131e-05, 1.1414e-04): lin 1 (0.0e+00)
	 #2 (1.6438e-08, 1.0892e-01): lin 1 (0.0e+00)
-------------------------------------------------------------------------------------------------------------
 T = 1387.28, DT = 2, NI = 2, LI = 2, RES = 5.5e-16 (5.6e-06), CFL=0.300 (ELAPSED 00:00:07, REMAINING 00:00:03 )
-------------------------------------------------------------------------------------------------------------
	 #1 (8.0078e-05, 1.1318e-04): lin 1 (0.0e+00)
	 #2 (1.6496e-08, 1.0872e-01): lin 1 (0.0e+00)
-------------------------------------------------------------------------------------------------------------
 T = 1389.28, DT = 2, NI = 2, LI = 2, RES = 5.3e-16 (5.5e-06), CFL=0.300 (ELAPSED 00:00:07, REMAINING 00:00:03 )
-------------------------------------------------------------------------------------------------------------
	 #1 (8.0025e-05, 1.1388e-04): lin 1 (0.0e+00)
	 #2 (1.6464e-08, 1.0853e-01): lin 1 (0.0e+00)
-------------------------------------------------------------------------------------------------------------
 T = 1391.28, DT = 2, NI = 2, LI = 2, RES = 5.8e-16 (6.6e-06), CFL=0.300 (ELAPSED 00:00:07, REMAINING 00:00:03 )
-------------------------------------------------------------------------------------------------------------
	 #1 (7.9973e-05, 1.1241e-04): lin 1 (0.0e+00)
	 #2 (1.6479e-08, 1.3095e-01): lin 1 (0.0e+00)
-------------------------------------------------------------------------------------------------------------
 T = 1393.28, DT = 2, NI = 2, LI = 2, RES = 5.1e-16 (5.4e-06), CFL=0.300 (ELAPSED 00:00:07, REMAINING 00:00:03 )
-------------------------------------------------------------------------------------------------------------
	 #1 (7.9921e-05, 1.1339e-04): lin 1 (0.0e+00)
	 #2 (1.6475e-08, 1.0843e-01): lin 1 (0.0e+00)
-------------------------------------------------------------------------------------------------------------
 T = 1395.28, DT = 2, NI = 2, LI = 2, RES = 5.8e-16 (7.0e-06), CFL=0.300 (ELAPSED 00:00:07, REMAINING 00:00:03 )
-------------------------------------------------------------------------------------------------------------
	 #1 (7.9868e-05, 1.1217e-04): lin 1 (0.0e+00)
	 #2 (1.6510e-08, 1.0794e-01): lin 1 (0.0e+00)
-------------------------------------------------------------------------------------------------------------
 T = 1397.28, DT = 2, NI = 2, LI = 2, RES = 5.4e-16 (6.8e-06), CFL=0.300 (ELAPSED 00:00:07, REMAINING 00:00:03 )
-------------------------------------------------------------------------------------------------------------
	 #1 (7.9816e-05, 1.1222e-04): lin 1 (0.0e+00)
	 #2 (1.6272e-08, 1.0775e-01): lin 1 (0.0e+00)
-------------------------------------------------------------------------------------------------------------
 T = 1399.28, DT = 2, NI = 2, LI = 2, RES = 5.3e-16 (6.8e-06), CFL=0.300 (ELAPSED 00:00:07, REMAINING 00:00:03 )
-------------------------------------------------------------------------------------------------------------
	 #1 (7.9764e-05, 1.1311e-04): lin 1 (0.0e+00)
	 #2 (1.5969e-08, 1.0754e-01): lin 1 (0.0e+00)
-------------------------------------------------------------------------------------------------------------
 T = 1401.28, DT = 2, NI = 2, LI = 2, RES = 5.6e-16 (6.1e-06), CFL=0.300 (ELAPSED 00:00:07, REMAINING 00:00:03 )
-------------------------------------------------------------------------------------------------------------
	 #1 (7.9712e-05, 1.1315e-04): lin 1 (0.0e+00)
	 #2 (1.6340e-08, 1.0736e-01): lin 1 (0.0e+00)
-------------------------------------------------------------------------------------------------------------
 T = 1403.28, DT = 2, NI = 2, LI = 2, RES = 5.5e-16 (5.4e-06), CFL=0.300 (ELAPSED 00:00:07, REMAINING 00:00:03 )
-------------------------------------------------------------------------------------------------------------
	 #1 (7.9660e-05, 1.1165e-04): lin 1 (0.0e+00)
	 #2 (1.6318e-08, 1.0727e-01): lin 1 (0.0e+00)
-------------------------------------------------------------------------------------------------------------
 T = 1405.28, DT = 2, NI = 2, LI = 2, RES = 5.6e-16 (5.3e-06), CFL=0.300 (ELAPSED 00:00:07, REMAINING 00:00:03 )
-------------------------------------------------------------------------------------------------------------
	 #1 (7.9608e-05, 1.1173e-04): lin 1 (0.0e+00)
	 #2 (1.5942e-08, 1.0699e-01): lin 1 (0.0e+00)
-------------------------------------------------------------------------------------------------------------
 T = 1407.28, DT = 2, NI = 2, LI = 2, RES = 5.5e-16 (7.2e-06), CFL=0.300 (ELAPSED 00:00:07, REMAINING 00:00:03 )
-------------------------------------------------------------------------------------------------------------
	 #1 (7.9557e-05, 1.1109e-04): lin 1 (0.0e+00)
	 #2 (1.5949e-08, 1.0680e-01): lin 1 (0.0e+00)
-------------------------------------------------------------------------------------------------------------
 T = 1409.28, DT = 2, NI = 2, LI = 2, RES = 5.3e-16 (7.2e-06), CFL=0.300 (ELAPSED 00:00:07, REMAINING 00:00:03 )
-------------------------------------------------------------------------------------------------------------
	 #1 (7.9505e-05, 1.1250e-04): lin 1 (0.0e+00)
	 #2 (1.6219e-08, 1.0661e-01): lin 1 (0.0e+00)
-------------------------------------------------------------------------------------------------------------
 T = 1411.28, DT = 2, NI = 2, LI = 2, RES = 5.5e-16 (6.3e-06), CFL=0.300 (ELAPSED 00:00:07, REMAINING 00:00:03 )
-------------------------------------------------------------------------------------------------------------
	 #1 (7.9454e-05, 1.1157e-04): lin 1 (0.0e+00)
	 #2 (1.6185e-08, 1.0642e-01): lin 1 (0.0e+00)
-------------------------------------------------------------------------------------------------------------
 T = 1413.28, DT = 2, NI = 2, LI = 2, RES = 5.6e-16 (7.2e-06), CFL=0.300 (ELAPSED 00:00:07, REMAINING 00:00:03 )
-------------------------------------------------------------------------------------------------------------
	 #1 (7.9403e-05, 1.1127e-04): lin 1 (0.0e+00)
	 #2 (1.6127e-08, 1.0624e-01): lin 1 (0.0e+00)
-------------------------------------------------------------------------------------------------------------
 T = 1415.28, DT = 2, NI = 2, LI = 2, RES = 5.6e-16 (6.5e-06), CFL=0.300 (ELAPSED 00:00:07, REMAINING 00:00:03 )
-------------------------------------------------------------------------------------------------------------
	 #1 (7.9351e-05, 1.1136e-04): lin 1 (0.0e+00)
	 #2 (1.6476e-08, 1.0604e-01): lin 1 (0.0e+00)
-------------------------------------------------------------------------------------------------------------
 T = 1417.28, DT = 2, NI = 2, LI = 2, RES = 5.2e-16 (6.9e-06), CFL=0.300 (ELAPSED 00:00:07, REMAINING 00:00:03 )
-------------------------------------------------------------------------------------------------------------
	 #1 (7.9300e-05, 1.1174e-04): lin 1 (0.0e+00)
	 #2 (1.6111e-08, 1.0587e-01): lin 1 (0.0e+00)
-------------------------------------------------------------------------------------------------------------
 T = 1419.28, DT = 2, NI = 2, LI = 2, RES = 5.1e-16 (6.2e-06), CFL=0.300 (ELAPSED 00:00:07, REMAINING 00:00:03 )
-------------------------------------------------------------------------------------------------------------
	 #1 (7.9249e-05, 1.1009e-04): lin 1 (0.0e+00)
	 #2 (1.5961e-08, 1.4594e-01): lin 1 (0.0e+00)
-------------------------------------------------------------------------------------------------------------
 T = 1421.28, DT = 2, NI = 2, LI = 2, RES = 5.3e-16 (5.1e-06), CFL=0.300 (ELAPSED 00:00:07, REMAINING 00:00:03 )
-------------------------------------------------------------------------------------------------------------
	 #1 (7.9198e-05, 1.1209e-04): lin 1 (0.0e+00)
	 #2 (1.6076e-08, 1.0550e-01): lin 1 (0.0e+00)
-------------------------------------------------------------------------------------------------------------
 T = 1423.28, DT = 2, NI = 2, LI = 2, RES = 5.2e-16 (5.6e-06), CFL=0.300 (ELAPSED 00:00:07, REMAINING 00:00:03 )
-------------------------------------------------------------------------------------------------------------
	 #1 (7.9147e-05, 1.1142e-04): lin 1 (0.0e+00)
	 #2 (1.6002e-08, 1.0532e-01): lin 1 (0.0e+00)
-------------------------------------------------------------------------------------------------------------
 T = 1425.28, DT = 2, NI = 2, LI = 2, RES = 6.0e-16 (5.8e-06), CFL=0.300 (ELAPSED 00:00:07, REMAINING 00:00:03 )
-------------------------------------------------------------------------------------------------------------
	 #1 (7.9096e-05, 1.1121e-04): lin 1 (0.0e+00)
	 #2 (1.5937e-08, 1.0514e-01): lin 1 (0.0e+00)
-------------------------------------------------------------------------------------------------------------
 T = 1427.28, DT = 2, NI = 2, LI = 2, RES = 5.4e-16 (6.2e-06), CFL=0.300 (ELAPSED 00:00:07, REMAINING 00:00:03 )
-------------------------------------------------------------------------------------------------------------
	 #1 (7.9045e-05, 1.1070e-04): lin 1 (0.0e+00)
	 #2 (1.6312e-08, 1.0496e-01): lin 1 (0.0e+00)
-------------------------------------------------------------------------------------------------------------
 T = 1429.28, DT = 2, NI = 2, LI = 2, RES = 5.8e-16 (5.2e-06), CFL=0.300 (ELAPSED 00:00:07, REMAINING 00:00:03 )
-------------------------------------------------------------------------------------------------------------
	 #1 (7.8994e-05, 1.0994e-04): lin 1 (0.0e+00)
	 #2 (1.5996e-08, 1.0478e-01): lin 1 (0.0e+00)
-------------------------------------------------------------------------------------------------------------
 T = 1431.28, DT = 2, NI = 2, LI = 2, RES = 5.4e-16 (6.5e-06), CFL=0.300 (ELAPSED 00:00:07, REMAINING 00:00:03 )
-------------------------------------------------------------------------------------------------------------
	 #1 (7.8944e-05, 1.1191e-04): lin 1 (0.0e+00)
	 #2 (1.5971e-08, 1.0460e-01): lin 1 (0.0e+00)
-------------------------------------------------------------------------------------------------------------
 T = 1433.28, DT = 2, NI = 2, LI = 2, RES = 5.8e-16 (7.0e-06), CFL=0.300 (ELAPSED 00:00:07, REMAINING 00:00:03 )
-------------------------------------------------------------------------------------------------------------
	 #1 (7.8893e-05, 1.1245e-04): lin 1 (0.0e+00)
	 #2 (1.5723e-08, 1.0540e-01): lin 1 (0.0e+00)
-------------------------------------------------------------------------------------------------------------
 T = 1435.28, DT = 2, NI = 2, LI = 2, RES = 5.3e-16 (6.8e-06), CFL=0.300 (ELAPSED 00:00:08, REMAINING 00:00:03 )
-------------------------------------------------------------------------------------------------------------
	 #1 (7.8843e-05, 1.1062e-04): lin 1 (0.0e+00)
	 #2 (1.5899e-08, 1.0425e-01): lin 1 (0.0e+00)
-------------------------------------------------------------------------------------------------------------
 T = 1437.28, DT = 2, NI = 2, LI = 2, RES = 5.7e-16 (6.0e-06), CFL=0.300 (ELAPSED 00:00:08, REMAINING 00:00:03 )
-------------------------------------------------------------------------------------------------------------
	 #1 (7.8792e-05, 1.1102e-04): lin 1 (0.0e+00)
	 #2 (1.5630e-08, 1.0408e-01): lin 1 (0.0e+00)
-------------------------------------------------------------------------------------------------------------
 T = 1439.28, DT = 2, NI = 2, LI = 2, RES = 5.2e-16 (6.0e-06), CFL=0.301 (ELAPSED 00:00:08, REMAINING 00:00:03 )
-------------------------------------------------------------------------------------------------------------
	 #1 (7.8742e-05, 1.1114e-04): lin 1 (0.0e+00)
	 #2 (1.5649e-08, 1.0390e-01): lin 1 (0.0e+00)
-------------------------------------------------------------------------------------------------------------
 T = 1441.28, DT = 2, NI = 2, LI = 2, RES = 5.6e-16 (7.3e-06), CFL=0.301 (ELAPSED 00:00:08, REMAINING 00:00:03 )
-------------------------------------------------------------------------------------------------------------
	 #1 (7.8692e-05, 1.1171e-04): lin 1 (0.0e+00)
	 #2 (1.5834e-08, 1.0373e-01): lin 1 (0.0e+00)
-------------------------------------------------------------------------------------------------------------
 T = 1443.28, DT = 2, NI = 2, LI = 2, RES = 5.2e-16 (6.6e-06), CFL=0.301 (ELAPSED 00:00:08, REMAINING 00:00:03 )
-------------------------------------------------------------------------------------------------------------
	 #1 (7.8641e-05, 1.1098e-04): lin 1 (0.0e+00)
	 #2 (1.5807e-08, 1.0355e-01): lin 1 (0.0e+00)
-------------------------------------------------------------------------------------------------------------
 T = 1445.28, DT = 2, NI = 2, LI = 2, RES = 5.2e-16 (6.8e-06), CFL=0.301 (ELAPSED 00:00:08, REMAINING 00:00:03 )
-------------------------------------------------------------------------------------------------------------
	 #1 (7.8591e-05, 1.1059e-04): lin 1 (0.0e+00)
	 #2 (1.5667e-08, 1.0242e-01): lin 1 (0.0e+00)
-------------------------------------------------------------------------------------------------------------
 T = 1447.28, DT = 2, NI = 2, LI = 2, RES = 5.4e-16 (6.0e-06), CFL=0.301 (ELAPSED 00:00:08, REMAINING 00:00:02 )
-------------------------------------------------------------------------------------------------------------
	 #1 (7.8541e-05, 1.0991e-04): lin 1 (0.0e+00)
	 #2 (1.6034e-08, 1.1405e-01): lin 1 (0.0e+00)
-------------------------------------------------------------------------------------------------------------
 T = 1449.28, DT = 2, NI = 2, LI = 2, RES = 5.5e-16 (5.9e-06), CFL=0.301 (ELAPSED 00:00:08, REMAINING 00:00:02 )
-------------------------------------------------------------------------------------------------------------
	 #1 (7.8491e-05, 1.0887e-04): lin 1 (0.0e+00)
	 #2 (1.5621e-08, 1.0304e-01): lin 1 (0.0e+00)
-------------------------------------------------------------------------------------------------------------
 T = 1451.28, DT = 2, NI = 2, LI = 2, RES = 5.1e-16 (7.5e-06), CFL=0.301 (ELAPSED 00:00:08, REMAINING 00:00:02 )
-------------------------------------------------------------------------------------------------------------
	 #1 (7.8442e-05, 1.1118e-04): lin 1 (0.0e+00)
	 #2 (1.5609e-08, 1.0286e-01): lin 1 (0.0e+00)
-------------------------------------------------------------------------------------------------------------
 T = 1453.28, DT = 2, NI = 2, LI = 2, RES = 5.8e-16 (7.5e-06), CFL=0.301 (ELAPSED 00:00:08, REMAINING 00:00:02 )
-------------------------------------------------------------------------------------------------------------
	 #1 (7.8392e-05, 1.0976e-04): lin 1 (0.0e+00)
	 #2 (1.5628e-08, 1.7384e-01): lin 1 (0.0e+00)
-------------------------------------------------------------------------------------------------------------
 T = 1455.28, DT = 2, NI = 2, LI = 2, RES = 5.4e-16 (6.9e-06), CFL=0.301 (ELAPSED 00:00:08, REMAINING 00:00:02 )
-------------------------------------------------------------------------------------------------------------
	 #1 (7.8342e-05, 1.1179e-04): lin 1 (0.0e+00)
	 #2 (1.5447e-08, 1.0253e-01): lin 1 (0.0e+00)
-------------------------------------------------------------------------------------------------------------
 T = 1457.28, DT = 2, NI = 2, LI = 2, RES = 5.6e-16 (7.0e-06), CFL=0.301 (ELAPSED 00:00:08, REMAINING 00:00:02 )
-------------------------------------------------------------------------------------------------------------
	 #1 (7.8293e-05, 1.0967e-04): lin 1 (0.0e+00)
	 #2 (1.5436e-08, 1.0236e-01): lin 1 (0.0e+00)
-------------------------------------------------------------------------------------------------------------
 T = 1459.28, DT = 2, NI = 2, LI = 2, RES = 5.1e-16 (7.5e-06), CFL=0.301 (ELAPSED 00:00:08, REMAINING 00:00:02 )
-------------------------------------------------------------------------------------------------------------
	 #1 (7.8243e-05, 1.1004e-04): lin 1 (0.0e+00)
	 #2 (1.5558e-08, 1.0219e-01): lin 1 (0.0e+00)
-------------------------------------------------------------------------------------------------------------
 T = 1461.28, DT = 2, NI = 2, LI = 2, RES = 5.2e-16 (6.8e-06), CFL=0.301 (ELAPSED 00:00:08, REMAINING 00:00:02 )
-------------------------------------------------------------------------------------------------------------
	 #1 (7.8194e-05, 1.0885e-04): lin 1 (0.0e+00)
	 #2 (1.5589e-08, 1.0202e-01): lin 1 (0.0e+00)
-------------------------------------------------------------------------------------------------------------
 T = 1463.28, DT = 2, NI = 2, LI = 2, RES = 5.6e-16 (7.2e-06), CFL=0.301 (ELAPSED 00:00:08, REMAINING 00:00:02 )
-------------------------------------------------------------------------------------------------------------
	 #1 (7.8145e-05, 1.0946e-04): lin 1 (0.0e+00)
	 #2 (1.5562e-08, 1.0186e-01): lin 1 (0.0e+00)
-------------------------------------------------------------------------------------------------------------
 T = 1465.28, DT = 2, NI = 2, LI = 2, RES = 5.4e-16 (6.8e-06), CFL=0.301 (ELAPSED 00:00:08, REMAINING 00:00:02 )
-------------------------------------------------------------------------------------------------------------
	 #1 (7.8095e-05, 1.0897e-04): lin 1 (0.0e+00)
	 #2 (1.5512e-08, 1.0170e-01): lin 1 (0.0e+00)
-------------------------------------------------------------------------------------------------------------
 T = 1467.28, DT = 2, NI = 2, LI = 2, RES = 5.4e-16 (6.3e-06), CFL=0.301 (ELAPSED 00:00:08, REMAINING 00:00:02 )
-------------------------------------------------------------------------------------------------------------
	 #1 (7.8046e-05, 1.0966e-04): lin 1 (0.0e+00)
	 #2 (1.5188e-08, 1.0152e-01): lin 1 (0.0e+00)
-------------------------------------------------------------------------------------------------------------
 T = 1469.28, DT = 2, NI = 2, LI = 2, RES = 5.2e-16 (6.9e-06), CFL=0.301 (ELAPSED 00:00:08, REMAINING 00:00:02 )
-------------------------------------------------------------------------------------------------------------
	 #1 (7.7997e-05, 1.1021e-04): lin 1 (0.0e+00)
	 #2 (1.5456e-08, 1.0969e-01): lin 1 (0.0e+00)
-------------------------------------------------------------------------------------------------------------
 T = 1471.28, DT = 2, NI = 2, LI = 2, RES = 5.5e-16 (6.1e-06), CFL=0.301 (ELAPSED 00:00:08, REMAINING 00:00:02 )
-------------------------------------------------------------------------------------------------------------
	 #1 (7.7948e-05, 1.0848e-04): lin 1 (0.0e+00)
	 #2 (1.5462e-08, 1.0120e-01): lin 1 (0.0e+00)
-------------------------------------------------------------------------------------------------------------
 T = 1473.28, DT = 2, NI = 2, LI = 2, RES = 5.3e-16 (6.8e-06), CFL=0.301 (ELAPSED 00:00:08, REMAINING 00:00:02 )
-------------------------------------------------------------------------------------------------------------
	 #1 (7.7899e-05, 1.0978e-04): lin 1 (0.0e+00)
	 #2 (1.5274e-08, 1.0104e-01): lin 1 (0.0e+00)
-------------------------------------------------------------------------------------------------------------
 T = 1475.28, DT = 2, NI = 2, LI = 2, RES = 6.1e-16 (6.7e-06), CFL=0.301 (ELAPSED 00:00:08, REMAINING 00:00:02 )
-------------------------------------------------------------------------------------------------------------
	 #1 (7.7851e-05, 1.0968e-04): lin 1 (0.0e+00)
	 #2 (1.5358e-08, 1.0088e-01): lin 1 (0.0e+00)
-------------------------------------------------------------------------------------------------------------
 T = 1477.28, DT = 2, NI = 2, LI = 2, RES = 5.2e-16 (5.8e-06), CFL=0.301 (ELAPSED 00:00:08, REMAINING 00:00:02 )
-------------------------------------------------------------------------------------------------------------
	 #1 (7.7802e-05, 1.0832e-04): lin 1 (0.0e+00)
	 #2 (1.5620e-08, 1.0070e-01): lin 1 (0.0e+00)
-------------------------------------------------------------------------------------------------------------
 T = 1479.28, DT = 2, NI = 2, LI = 2, RES = 5.3e-16 (5.4e-06), CFL=0.301 (ELAPSED 00:00:08, REMAINING 00:00:02 )
-------------------------------------------------------------------------------------------------------------
	 #1 (7.7753e-05, 1.0922e-04): lin 1 (0.0e+00)
	 #2 (1.5333e-08, 1.0160e-01): lin 1 (0.0e+00)
-------------------------------------------------------------------------------------------------------------
 T = 1481.28, DT = 2, NI = 2, LI = 2, RES = 5.5e-16 (7.1e-06), CFL=0.301 (ELAPSED 00:00:08, REMAINING 00:00:02 )
-------------------------------------------------------------------------------------------------------------
	 #1 (7.7705e-05, 1.0748e-04): lin 1 (0.0e+00)
-------------------------------------------------------------------------------------------------------------
 T = 1483.28, DT = 2, NI = 1, LI = 1, RES = 1.5e-08 (8.6e-02), CFL=0.301 (ELAPSED 00:00:08, REMAINING 00:00:02 )
-------------------------------------------------------------------------------------------------------------
	 #1 (7.7657e-05, 8.5797e-02): lin 1 (0.0e+00)
	 #2 (1.5200e-08, 1.0024e-01): lin 1 (0.0e+00)
-------------------------------------------------------------------------------------------------------------
 T = 1485.28, DT = 2, NI = 2, LI = 2, RES = 5.5e-16 (6.9e-06), CFL=0.301 (ELAPSED 00:00:08, REMAINING 00:00:02 )
-------------------------------------------------------------------------------------------------------------
	 #1 (7.7608e-05, 1.0992e-04): lin 1 (0.0e+00)
	 #2 (1.5182e-08, 1.0008e-01): lin 1 (0.0e+00)
-------------------------------------------------------------------------------------------------------------
 T = 1487.28, DT = 2, NI = 2, LI = 2, RES = 5.3e-16 (6.7e-06), CFL=0.301 (ELAPSED 00:00:08, REMAINING 00:00:02 )
-------------------------------------------------------------------------------------------------------------
	 #1 (7.7560e-05, 1.0892e-04): lin 1 (0.0e+00)
-------------------------------------------------------------------------------------------------------------
 T = 1489.28, DT = 2, NI = 1, LI = 1, RES = 1.5e-08 (1.0e-01), CFL=0.301 (ELAPSED 00:00:08, REMAINING 00:00:02 )
-------------------------------------------------------------------------------------------------------------
	 #1 (7.7513e-05, 9.9827e-02): lin 1 (0.0e+00)
	 #2 (1.5139e-08, 1.0278e-01): lin 1 (0.0e+00)
-------------------------------------------------------------------------------------------------------------
 T = 1491.28, DT = 2, NI = 2, LI = 2, RES = 5.5e-16 (6.3e-06), CFL=0.301 (ELAPSED 00:00:08, REMAINING 00:00:02 )
-------------------------------------------------------------------------------------------------------------
	 #1 (7.7463e-05, 1.0835e-04): lin 1 (0.0e+00)
-------------------------------------------------------------------------------------------------------------
 T = 1493.28, DT = 2, NI = 1, LI = 1, RES = 1.5e-08 (1.0e-01), CFL=0.301 (ELAPSED 00:00:08, REMAINING 00:00:02 )
-------------------------------------------------------------------------------------------------------------
	 #1 (7.7417e-05, 9.9510e-02): lin 1 (0.0e+00)
-------------------------------------------------------------------------------------------------------------
 T = 1495.28, DT = 2, NI = 1, LI = 1, RES = 1.5e-08 (9.9e-02), CFL=0.301 (ELAPSED 00:00:08, REMAINING 00:00:02 )
-------------------------------------------------------------------------------------------------------------
	 #1 (7.7369e-05, 9.9357e-02): lin 1 (0.0e+00)
-------------------------------------------------------------------------------------------------------------
 T = 1497.28, DT = 2, NI = 1, LI = 1, RES = 1.5e-08 (9.9e-02), CFL=0.301 (ELAPSED 00:00:08, REMAINING 00:00:02 )
-------------------------------------------------------------------------------------------------------------
	 #1 (7.7321e-05, 9.9199e-02): lin 1 (0.0e+00)
-------------------------------------------------------------------------------------------------------------
 T = 1499.28, DT = 2, NI = 1, LI = 1, RES = 1.5e-08 (9.9e-02), CFL=0.301 (ELAPSED 00:00:08, REMAINING 00:00:02 )
-------------------------------------------------------------------------------------------------------------
	 #1 (7.7273e-05, 9.9043e-02): lin 1 (0.0e+00)
-------------------------------------------------------------------------------------------------------------
 T = 1501.28, DT = 2, NI = 1, LI = 1, RES = 1.5e-08 (9.9e-02), CFL=0.301 (ELAPSED 00:00:08, REMAINING 00:00:02 )
-------------------------------------------------------------------------------------------------------------
	 #1 (7.7226e-05, 9.8888e-02): lin 1 (0.0e+00)
	 #2 (1.1103e-07, 6.1667e-01): lin 1 (0.0e+00)
-------------------------------------------------------------------------------------------------------------
 T = 1503.28, DT = 2, NI = 2, LI = 2, RES = 6.7e-14 (6.1e-06), CFL=0.301 (ELAPSED 00:00:08, REMAINING 00:00:02 )
-------------------------------------------------------------------------------------------------------------
	 #1 (7.7177e-05, 1.0848e-04): lin 1 (0.0e+00)
-------------------------------------------------------------------------------------------------------------
 T = 1505.28, DT = 2, NI = 1, LI = 1, RES = 1.5e-08 (9.9e-02), CFL=0.301 (ELAPSED 00:00:08, REMAINING 00:00:02 )
-------------------------------------------------------------------------------------------------------------
	 #1 (7.7130e-05, 9.8562e-02): lin 1 (0.0e+00)
-------------------------------------------------------------------------------------------------------------
 T = 1507.28, DT = 2, NI = 1, LI = 1, RES = 1.4e-08 (9.9e-02), CFL=0.301 (ELAPSED 00:00:08, REMAINING 00:00:02 )
-------------------------------------------------------------------------------------------------------------
	 #1 (7.7083e-05, 9.8410e-02): lin 1 (0.0e+00)
-------------------------------------------------------------------------------------------------------------
 T = 1509.28, DT = 2, NI = 1, LI = 1, RES = 1.5e-08 (9.8e-02), CFL=0.301 (ELAPSED 00:00:08, REMAINING 00:00:02 )
-------------------------------------------------------------------------------------------------------------
	 #1 (7.7035e-05, 9.8279e-02): lin 1 (0.0e+00)
-------------------------------------------------------------------------------------------------------------
 T = 1511.28, DT = 2, NI = 1, LI = 1, RES = 1.5e-08 (9.8e-02), CFL=0.301 (ELAPSED 00:00:08, REMAINING 00:00:02 )
-------------------------------------------------------------------------------------------------------------
	 #1 (7.6988e-05, 9.8129e-02): lin 1 (0.0e+00)
-------------------------------------------------------------------------------------------------------------
 T = 1513.28, DT = 2, NI = 1, LI = 1, RES = 1.5e-08 (9.8e-02), CFL=0.301 (ELAPSED 00:00:08, REMAINING 00:00:02 )
-------------------------------------------------------------------------------------------------------------
	 #1 (7.6941e-05, 9.7983e-02): lin 1 (0.0e+00)
-------------------------------------------------------------------------------------------------------------
 T = 1515.28, DT = 2, NI = 1, LI = 1, RES = 1.5e-08 (9.8e-02), CFL=0.301 (ELAPSED 00:00:08, REMAINING 00:00:02 )
-------------------------------------------------------------------------------------------------------------
	 #1 (7.6894e-05, 9.7832e-02): lin 1 (0.0e+00)
	 #2 (1.4876e-08, 1.7171e-01): lin 1 (0.0e+00)
-------------------------------------------------------------------------------------------------------------
 T = 1517.28, DT = 2, NI = 2, LI = 2, RES = 5.2e-16 (6.4e-06), CFL=0.301 (ELAPSED 00:00:08, REMAINING 00:00:02 )
-------------------------------------------------------------------------------------------------------------
	 #1 (7.6845e-05, 1.0718e-04): lin 1 (0.0e+00)
-------------------------------------------------------------------------------------------------------------
 T = 1519.28, DT = 2, NI = 1, LI = 1, RES = 1.5e-08 (9.8e-02), CFL=0.301 (ELAPSED 00:00:08, REMAINING 00:00:02 )
-------------------------------------------------------------------------------------------------------------
	 #1 (7.6799e-05, 9.7549e-02): lin 1 (0.0e+00)
-------------------------------------------------------------------------------------------------------------
 T = 1521.28, DT = 2, NI = 1, LI = 1, RES = 1.5e-08 (9.7e-02), CFL=0.301 (ELAPSED 00:00:08, REMAINING 00:00:02 )
-------------------------------------------------------------------------------------------------------------
	 #1 (7.6752e-05, 9.7391e-02): lin 1 (0.0e+00)
-------------------------------------------------------------------------------------------------------------
 T = 1523.28, DT = 2, NI = 1, LI = 1, RES = 1.5e-08 (9.7e-02), CFL=0.301 (ELAPSED 00:00:08, REMAINING 00:00:02 )
-------------------------------------------------------------------------------------------------------------
	 #1 (7.6705e-05, 9.7240e-02): lin 1 (0.0e+00)
	 #2 (1.4949e-08, 1.2423e-01): lin 1 (0.0e+00)
-------------------------------------------------------------------------------------------------------------
 T = 1525.28, DT = 2, NI = 2, LI = 2, RES = 5.4e-16 (5.8e-06), CFL=0.301 (ELAPSED 00:00:08, REMAINING 00:00:02 )
-------------------------------------------------------------------------------------------------------------
	 #1 (7.6656e-05, 1.0753e-04): lin 1 (0.0e+00)
-------------------------------------------------------------------------------------------------------------
 T = 1527.28, DT = 2, NI = 1, LI = 1, RES = 1.5e-08 (9.8e-02), CFL=0.301 (ELAPSED 00:00:08, REMAINING 00:00:02 )
-------------------------------------------------------------------------------------------------------------
	 #1 (7.6610e-05, 9.8109e-02): lin 1 (0.0e+00)
-------------------------------------------------------------------------------------------------------------
 T = 1529.28, DT = 2, NI = 1, LI = 1, RES = 1.5e-08 (9.7e-02), CFL=0.301 (ELAPSED 00:00:08, REMAINING 00:00:02 )
-------------------------------------------------------------------------------------------------------------
	 #1 (7.6564e-05, 9.6800e-02): lin 1 (0.0e+00)
-------------------------------------------------------------------------------------------------------------
 T = 1531.28, DT = 2, NI = 1, LI = 1, RES = 1.5e-08 (9.7e-02), CFL=0.301 (ELAPSED 00:00:08, REMAINING 00:00:02 )
-------------------------------------------------------------------------------------------------------------
	 #1 (7.6517e-05, 9.6668e-02): lin 1 (0.0e+00)
-------------------------------------------------------------------------------------------------------------
 T = 1533.28, DT = 2, NI = 1, LI = 1, RES = 1.5e-08 (9.7e-02), CFL=0.301 (ELAPSED 00:00:08, REMAINING 00:00:02 )
-------------------------------------------------------------------------------------------------------------
	 #1 (7.6471e-05, 9.6506e-02): lin 1 (0.0e+00)
-------------------------------------------------------------------------------------------------------------
 T = 1535.28, DT = 2, NI = 1, LI = 1, RES = 1.4e-08 (9.6e-02), CFL=0.301 (ELAPSED 00:00:08, REMAINING 00:00:02 )
-------------------------------------------------------------------------------------------------------------
	 #1 (7.6424e-05, 9.6358e-02): lin 1 (0.0e+00)
	 #2 (1.4546e-08, 1.0770e-01): lin 1 (0.0e+00)
-------------------------------------------------------------------------------------------------------------
 T = 1537.28, DT = 2, NI = 2, LI = 2, RES = 5.5e-16 (6.6e-06), CFL=0.301 (ELAPSED 00:00:08, REMAINING 00:00:02 )
-------------------------------------------------------------------------------------------------------------
	 #1 (7.6377e-05, 1.0655e-04): lin 1 (0.0e+00)
-------------------------------------------------------------------------------------------------------------
 T = 1539.28, DT = 2, NI = 1, LI = 1, RES = 1.5e-08 (9.6e-02), CFL=0.301 (ELAPSED 00:00:08, REMAINING 00:00:02 )
-------------------------------------------------------------------------------------------------------------
	 #1 (7.6331e-05, 9.6074e-02): lin 1 (0.0e+00)
-------------------------------------------------------------------------------------------------------------
 T = 1541.28, DT = 2, NI = 1, LI = 1, RES = 1.5e-08 (9.6e-02), CFL=0.301 (ELAPSED 00:00:08, REMAINING 00:00:02 )
-------------------------------------------------------------------------------------------------------------
	 #1 (7.6285e-05, 9.5935e-02): lin 1 (0.0e+00)
-------------------------------------------------------------------------------------------------------------
 T = 1543.28, DT = 2, NI = 1, LI = 1, RES = 1.5e-08 (9.6e-02), CFL=0.301 (ELAPSED 00:00:08, REMAINING 00:00:02 )
-------------------------------------------------------------------------------------------------------------
	 #1 (7.6239e-05, 9.5889e-02): lin 1 (0.0e+00)
-------------------------------------------------------------------------------------------------------------
 T = 1545.28, DT = 2, NI = 1, LI = 1, RES = 1.5e-08 (9.6e-02), CFL=0.301 (ELAPSED 00:00:08, REMAINING 00:00:02 )
-------------------------------------------------------------------------------------------------------------
	 #1 (7.6193e-05, 9.5646e-02): lin 1 (0.0e+00)
-------------------------------------------------------------------------------------------------------------
 T = 1547.28, DT = 2, NI = 1, LI = 1, RES = 1.5e-08 (9.6e-02), CFL=0.301 (ELAPSED 00:00:08, REMAINING 00:00:02 )
-------------------------------------------------------------------------------------------------------------
	 #1 (7.6147e-05, 9.5421e-02): lin 1 (0.0e+00)
-------------------------------------------------------------------------------------------------------------
 T = 1549.28, DT = 2, NI = 1, LI = 1, RES = 1.5e-08 (9.5e-02), CFL=0.301 (ELAPSED 00:00:08, REMAINING 00:00:02 )
-------------------------------------------------------------------------------------------------------------
	 #1 (7.6101e-05, 9.5362e-02): lin 1 (0.0e+00)
-------------------------------------------------------------------------------------------------------------
 T = 1551.28, DT = 2, NI = 1, LI = 1, RES = 1.5e-08 (9.5e-02), CFL=0.301 (ELAPSED 00:00:08, REMAINING 00:00:02 )
-------------------------------------------------------------------------------------------------------------
	 #1 (7.6055e-05, 9.5221e-02): lin 1 (0.0e+00)
-------------------------------------------------------------------------------------------------------------
 T = 1553.28, DT = 2, NI = 1, LI = 1, RES = 1.4e-08 (9.5e-02), CFL=0.301 (ELAPSED 00:00:08, REMAINING 00:00:02 )
-------------------------------------------------------------------------------------------------------------
	 #1 (7.6009e-05, 9.5080e-02): lin 1 (0.0e+00)
-------------------------------------------------------------------------------------------------------------
 T = 1555.28, DT = 2, NI = 1, LI = 1, RES = 1.4e-08 (9.0e-02), CFL=0.301 (ELAPSED 00:00:08, REMAINING 00:00:02 )
-------------------------------------------------------------------------------------------------------------
	 #1 (7.5963e-05, 8.9651e-02): lin 1 (0.0e+00)
-------------------------------------------------------------------------------------------------------------
 T = 1557.28, DT = 2, NI = 1, LI = 1, RES = 1.4e-08 (9.5e-02), CFL=0.301 (ELAPSED 00:00:08, REMAINING 00:00:02 )
-------------------------------------------------------------------------------------------------------------
	 #1 (7.5917e-05, 9.4800e-02): lin 1 (0.0e+00)
-------------------------------------------------------------------------------------------------------------
 T = 1559.28, DT = 2, NI = 1, LI = 1, RES = 1.4e-08 (9.5e-02), CFL=0.301 (ELAPSED 00:00:08, REMAINING 00:00:02 )
-------------------------------------------------------------------------------------------------------------
	 #1 (7.5872e-05, 9.4659e-02): lin 1 (0.0e+00)
-------------------------------------------------------------------------------------------------------------
 T = 1561.28, DT = 2, NI = 1, LI = 1, RES = 1.4e-08 (9.5e-02), CFL=0.301 (ELAPSED 00:00:08, REMAINING 00:00:02 )
-------------------------------------------------------------------------------------------------------------
	 #1 (7.5826e-05, 9.4524e-02): lin 1 (0.0e+00)
-------------------------------------------------------------------------------------------------------------
 T = 1563.28, DT = 2, NI = 1, LI = 1, RES = 1.5e-08 (9.5e-02), CFL=0.301 (ELAPSED 00:00:08, REMAINING 00:00:02 )
-------------------------------------------------------------------------------------------------------------
	 #1 (7.5781e-05, 9.4410e-02): lin 1 (0.0e+00)
-------------------------------------------------------------------------------------------------------------
 T = 1565.28, DT = 2, NI = 1, LI = 1, RES = 1.4e-08 (9.4e-02), CFL=0.301 (ELAPSED 00:00:08, REMAINING 00:00:02 )
-------------------------------------------------------------------------------------------------------------
	 #1 (7.5736e-05, 9.4249e-02): lin 1 (0.0e+00)
	 #2 (1.4401e-08, 1.1203e-01): lin 1 (0.0e+00)
-------------------------------------------------------------------------------------------------------------
 T = 1567.28, DT = 2, NI = 2, LI = 2, RES = 5.1e-16 (6.6e-06), CFL=0.301 (ELAPSED 00:00:08, REMAINING 00:00:02 )
-------------------------------------------------------------------------------------------------------------
	 #1 (7.5689e-05, 1.0588e-04): lin 1 (0.0e+00)
-------------------------------------------------------------------------------------------------------------
 T = 1569.28, DT = 2, NI = 1, LI = 1, RES = 1.4e-08 (9.4e-02), CFL=0.301 (ELAPSED 00:00:08, REMAINING 00:00:02 )
-------------------------------------------------------------------------------------------------------------
	 #1 (7.5644e-05, 9.3976e-02): lin 1 (0.0e+00)
-------------------------------------------------------------------------------------------------------------
 T = 1571.28, DT = 2, NI = 1, LI = 1, RES = 1.4e-08 (9.3e-02), CFL=0.301 (ELAPSED 00:00:08, REMAINING 00:00:02 )
-------------------------------------------------------------------------------------------------------------
	 #1 (7.5599e-05, 9.2810e-02): lin 1 (0.0e+00)
-------------------------------------------------------------------------------------------------------------
 T = 1573.28, DT = 2, NI = 1, LI = 1, RES = 1.4e-08 (9.4e-02), CFL=0.301 (ELAPSED 00:00:08, REMAINING 00:00:02 )
-------------------------------------------------------------------------------------------------------------
	 #1 (7.5554e-05, 9.3705e-02): lin 1 (0.0e+00)
-------------------------------------------------------------------------------------------------------------
 T = 1575.28, DT = 2, NI = 1, LI = 1, RES = 1.4e-08 (9.4e-02), CFL=0.301 (ELAPSED 00:00:08, REMAINING 00:00:02 )
-------------------------------------------------------------------------------------------------------------
	 #1 (7.5509e-05, 9.3572e-02): lin 1 (0.0e+00)
-------------------------------------------------------------------------------------------------------------
 T = 1577.28, DT = 2, NI = 1, LI = 1, RES = 1.4e-08 (9.4e-02), CFL=0.301 (ELAPSED 00:00:08, REMAINING 00:00:02 )
-------------------------------------------------------------------------------------------------------------
	 #1 (7.5464e-05, 9.3563e-02): lin 1 (0.0e+00)
	 #2 (1.4185e-08, 1.2327e-01): lin 1 (0.0e+00)
-------------------------------------------------------------------------------------------------------------
 T = 1579.28, DT = 2, NI = 2, LI = 2, RES = 5.9e-16 (6.2e-06), CFL=0.301 (ELAPSED 00:00:08, REMAINING 00:00:02 )
-------------------------------------------------------------------------------------------------------------
	 #1 (7.5418e-05, 1.0546e-04): lin 1 (0.0e+00)
	 #2 (1.4202e-08, 1.2859e-01): lin 1 (0.0e+00)
-------------------------------------------------------------------------------------------------------------
 T = 1581.28, DT = 2, NI = 2, LI = 2, RES = 5.4e-16 (6.1e-06), CFL=0.301 (ELAPSED 00:00:08, REMAINING 00:00:02 )
-------------------------------------------------------------------------------------------------------------
	 #1 (7.5373e-05, 1.0391e-04): lin 1 (0.0e+00)
-------------------------------------------------------------------------------------------------------------
 T = 1583.28, DT = 2, NI = 1, LI = 1, RES = 1.4e-08 (9.3e-02), CFL=0.301 (ELAPSED 00:00:08, REMAINING 00:00:02 )
-------------------------------------------------------------------------------------------------------------
	 #1 (7.5329e-05, 9.3030e-02): lin 1 (0.0e+00)
-------------------------------------------------------------------------------------------------------------
 T = 1585.28, DT = 2, NI = 1, LI = 1, RES = 1.4e-08 (9.3e-02), CFL=0.301 (ELAPSED 00:00:08, REMAINING 00:00:02 )
-------------------------------------------------------------------------------------------------------------
	 #1 (7.5285e-05, 9.2894e-02): lin 1 (0.0e+00)
-------------------------------------------------------------------------------------------------------------
 T = 1587.28, DT = 2, NI = 1, LI = 1, RES = 1.4e-08 (9.3e-02), CFL=0.301 (ELAPSED 00:00:08, REMAINING 00:00:02 )
-------------------------------------------------------------------------------------------------------------
	 #1 (7.5240e-05, 9.2770e-02): lin 1 (0.0e+00)
-------------------------------------------------------------------------------------------------------------
 T = 1589.28, DT = 2, NI = 1, LI = 1, RES = 1.4e-08 (9.3e-02), CFL=0.301 (ELAPSED 00:00:08, REMAINING 00:00:02 )
-------------------------------------------------------------------------------------------------------------
	 #1 (7.5196e-05, 9.2636e-02): lin 1 (0.0e+00)
-------------------------------------------------------------------------------------------------------------
 T = 1591.28, DT = 2, NI = 1, LI = 1, RES = 1.4e-08 (9.3e-02), CFL=0.301 (ELAPSED 00:00:08, REMAINING 00:00:02 )
-------------------------------------------------------------------------------------------------------------
	 #1 (7.5151e-05, 9.2506e-02): lin 1 (0.0e+00)
-------------------------------------------------------------------------------------------------------------
 T = 1593.28, DT = 2, NI = 1, LI = 1, RES = 1.4e-08 (9.3e-02), CFL=0.301 (ELAPSED 00:00:08, REMAINING 00:00:02 )
-------------------------------------------------------------------------------------------------------------
	 #1 (7.5106e-05, 9.2413e-02): lin 1 (0.0e+00)
-------------------------------------------------------------------------------------------------------------
 T = 1595.28, DT = 2, NI = 1, LI = 1, RES = 1.4e-08 (9.2e-02), CFL=0.301 (ELAPSED 00:00:08, REMAINING 00:00:02 )
-------------------------------------------------------------------------------------------------------------
	 #1 (7.5062e-05, 9.2242e-02): lin 1 (0.0e+00)
-------------------------------------------------------------------------------------------------------------
 T = 1597.28, DT = 2, NI = 1, LI = 1, RES = 1.4e-08 (9.2e-02), CFL=0.301 (ELAPSED 00:00:08, REMAINING 00:00:02 )
-------------------------------------------------------------------------------------------------------------
	 #1 (7.5018e-05, 9.2112e-02): lin 1 (0.0e+00)
-------------------------------------------------------------------------------------------------------------
 T = 1599.28, DT = 2, NI = 1, LI = 1, RES = 1.4e-08 (9.2e-02), CFL=0.301 (ELAPSED 00:00:08, REMAINING 00:00:02 )
-------------------------------------------------------------------------------------------------------------
	 #1 (7.4973e-05, 9.1983e-02): lin 1 (0.0e+00)
-------------------------------------------------------------------------------------------------------------
 T = 1601.28, DT = 2, NI = 1, LI = 1, RES = 1.4e-08 (9.2e-02), CFL=0.301 (ELAPSED 00:00:08, REMAINING 00:00:02 )
-------------------------------------------------------------------------------------------------------------
	 #1 (7.4929e-05, 9.1853e-02): lin 1 (0.0e+00)
-------------------------------------------------------------------------------------------------------------
 T = 1603.28, DT = 2, NI = 1, LI = 1, RES = 1.4e-08 (9.2e-02), CFL=0.301 (ELAPSED 00:00:08, REMAINING 00:00:02 )
-------------------------------------------------------------------------------------------------------------
	 #1 (7.4885e-05, 9.1723e-02): lin 1 (0.0e+00)
-------------------------------------------------------------------------------------------------------------
 T = 1605.28, DT = 2, NI = 1, LI = 1, RES = 1.4e-08 (9.2e-02), CFL=0.301 (ELAPSED 00:00:08, REMAINING 00:00:02 )
-------------------------------------------------------------------------------------------------------------
	 #1 (7.4841e-05, 9.1596e-02): lin 1 (0.0e+00)
-------------------------------------------------------------------------------------------------------------
 T = 1607.28, DT = 2, NI = 1, LI = 1, RES = 1.4e-08 (9.1e-02), CFL=0.301 (ELAPSED 00:00:08, REMAINING 00:00:02 )
-------------------------------------------------------------------------------------------------------------
	 #1 (7.4797e-05, 9.1105e-02): lin 1 (0.0e+00)
-------------------------------------------------------------------------------------------------------------
 T = 1609.28, DT = 2, NI = 1, LI = 1, RES = 1.4e-08 (9.1e-02), CFL=0.301 (ELAPSED 00:00:08, REMAINING 00:00:02 )
-------------------------------------------------------------------------------------------------------------
	 #1 (7.4753e-05, 9.1339e-02): lin 1 (0.0e+00)
-------------------------------------------------------------------------------------------------------------
 T = 1611.28, DT = 2, NI = 1, LI = 1, RES = 1.4e-08 (9.1e-02), CFL=0.301 (ELAPSED 00:00:08, REMAINING 00:00:02 )
-------------------------------------------------------------------------------------------------------------
	 #1 (7.4709e-05, 9.1213e-02): lin 1 (0.0e+00)
-------------------------------------------------------------------------------------------------------------
 T = 1613.28, DT = 2, NI = 1, LI = 1, RES = 1.4e-08 (9.1e-02), CFL=0.301 (ELAPSED 00:00:08, REMAINING 00:00:02 )
-------------------------------------------------------------------------------------------------------------
	 #1 (7.4665e-05, 9.1087e-02): lin 1 (0.0e+00)
-------------------------------------------------------------------------------------------------------------
 T = 1615.28, DT = 2, NI = 1, LI = 1, RES = 1.4e-08 (9.1e-02), CFL=0.301 (ELAPSED 00:00:08, REMAINING 00:00:02 )
-------------------------------------------------------------------------------------------------------------
	 #1 (7.4621e-05, 9.0963e-02): lin 1 (0.0e+00)
-------------------------------------------------------------------------------------------------------------
 T = 1617.28, DT = 2, NI = 1, LI = 1, RES = 1.4e-08 (9.1e-02), CFL=0.301 (ELAPSED 00:00:08, REMAINING 00:00:01 )
-------------------------------------------------------------------------------------------------------------
	 #1 (7.4578e-05, 9.0833e-02): lin 1 (0.0e+00)
-------------------------------------------------------------------------------------------------------------
 T = 1619.28, DT = 2, NI = 1, LI = 1, RES = 1.4e-08 (9.1e-02), CFL=0.301 (ELAPSED 00:00:08, REMAINING 00:00:01 )
-------------------------------------------------------------------------------------------------------------
	 #1 (7.4534e-05, 9.0708e-02): lin 1 (0.0e+00)
-------------------------------------------------------------------------------------------------------------
 T = 1621.28, DT = 2, NI = 1, LI = 1, RES = 1.4e-08 (9.1e-02), CFL=0.301 (ELAPSED 00:00:08, REMAINING 00:00:01 )
-------------------------------------------------------------------------------------------------------------
	 #1 (7.4490e-05, 9.0582e-02): lin 1 (0.0e+00)
-------------------------------------------------------------------------------------------------------------
 T = 1623.28, DT = 2, NI = 1, LI = 1, RES = 1.4e-08 (9.9e-02), CFL=0.301 (ELAPSED 00:00:08, REMAINING 00:00:01 )
-------------------------------------------------------------------------------------------------------------
	 #1 (7.4447e-05, 9.8955e-02): lin 1 (0.0e+00)
-------------------------------------------------------------------------------------------------------------
 T = 1625.28, DT = 2, NI = 1, LI = 1, RES = 1.4e-08 (9.0e-02), CFL=0.301 (ELAPSED 00:00:08, REMAINING 00:00:01 )
-------------------------------------------------------------------------------------------------------------
	 #1 (7.4403e-05, 9.0335e-02): lin 1 (0.0e+00)
-------------------------------------------------------------------------------------------------------------
 T = 1627.28, DT = 2, NI = 1, LI = 1, RES = 1.4e-08 (9.0e-02), CFL=0.301 (ELAPSED 00:00:08, REMAINING 00:00:01 )
-------------------------------------------------------------------------------------------------------------
	 #1 (7.4360e-05, 9.0212e-02): lin 1 (0.0e+00)
-------------------------------------------------------------------------------------------------------------
 T = 1629.28, DT = 2, NI = 1, LI = 1, RES = 1.4e-08 (8.0e-02), CFL=0.301 (ELAPSED 00:00:08, REMAINING 00:00:01 )
-------------------------------------------------------------------------------------------------------------
	 #1 (7.4317e-05, 8.0236e-02): lin 1 (0.0e+00)
-------------------------------------------------------------------------------------------------------------
 T = 1631.28, DT = 2, NI = 1, LI = 1, RES = 1.4e-08 (9.1e-02), CFL=0.301 (ELAPSED 00:00:08, REMAINING 00:00:01 )
-------------------------------------------------------------------------------------------------------------
	 #1 (7.4273e-05, 9.1312e-02): lin 1 (0.0e+00)
-------------------------------------------------------------------------------------------------------------
 T = 1633.28, DT = 2, NI = 1, LI = 1, RES = 1.4e-08 (9.0e-02), CFL=0.301 (ELAPSED 00:00:08, REMAINING 00:00:01 )
-------------------------------------------------------------------------------------------------------------
	 #1 (7.4230e-05, 8.9843e-02): lin 1 (0.0e+00)
-------------------------------------------------------------------------------------------------------------
 T = 1635.28, DT = 2, NI = 1, LI = 1, RES = 1.4e-08 (9.0e-02), CFL=0.301 (ELAPSED 00:00:08, REMAINING 00:00:01 )
-------------------------------------------------------------------------------------------------------------
	 #1 (7.4187e-05, 8.9719e-02): lin 1 (0.0e+00)
-------------------------------------------------------------------------------------------------------------
 T = 1637.28, DT = 2, NI = 1, LI = 1, RES = 1.4e-08 (9.0e-02), CFL=0.301 (ELAPSED 00:00:08, REMAINING 00:00:01 )
-------------------------------------------------------------------------------------------------------------
	 #1 (7.4144e-05, 8.9596e-02): lin 1 (0.0e+00)
	 #2 (1.3605e-08, 1.1692e-01): lin 1 (0.0e+00)
-------------------------------------------------------------------------------------------------------------
 T = 1639.28, DT = 2, NI = 2, LI = 2, RES = 5.3e-16 (6.4e-06), CFL=0.301 (ELAPSED 00:00:08, REMAINING 00:00:01 )
-------------------------------------------------------------------------------------------------------------
	 #1 (7.4100e-05, 1.0415e-04): lin 1 (0.0e+00)
-------------------------------------------------------------------------------------------------------------
 T = 1641.28, DT = 2, NI = 1, LI = 1, RES = 1.4e-08 (8.9e-02), CFL=0.301 (ELAPSED 00:00:08, REMAINING 00:00:01 )
-------------------------------------------------------------------------------------------------------------
	 #1 (7.4058e-05, 8.9355e-02): lin 1 (0.0e+00)
	 #2 (1.4033e-08, 1.0911e-01): lin 1 (0.0e+00)
-------------------------------------------------------------------------------------------------------------
 T = 1643.28, DT = 2, NI = 2, LI = 2, RES = 5.4e-16 (6.7e-06), CFL=0.301 (ELAPSED 00:00:08, REMAINING 00:00:01 )
-------------------------------------------------------------------------------------------------------------
	 #1 (7.4014e-05, 1.0146e-04): lin 1 (0.0e+00)
-------------------------------------------------------------------------------------------------------------
 T = 1645.28, DT = 2, NI = 1, LI = 1, RES = 1.4e-08 (8.9e-02), CFL=0.301 (ELAPSED 00:00:08, REMAINING 00:00:01 )
-------------------------------------------------------------------------------------------------------------
	 #1 (7.3972e-05, 8.9149e-02): lin 1 (0.0e+00)
-------------------------------------------------------------------------------------------------------------
 T = 1647.28, DT = 2, NI = 1, LI = 1, RES = 1.4e-08 (8.9e-02), CFL=0.301 (ELAPSED 00:00:08, REMAINING 00:00:01 )
-------------------------------------------------------------------------------------------------------------
	 #1 (7.3929e-05, 8.8992e-02): lin 1 (0.0e+00)
-------------------------------------------------------------------------------------------------------------
 T = 1649.28, DT = 2, NI = 1, LI = 1, RES = 1.4e-08 (8.9e-02), CFL=0.301 (ELAPSED 00:00:08, REMAINING 00:00:01 )
-------------------------------------------------------------------------------------------------------------
	 #1 (7.3887e-05, 8.8870e-02): lin 1 (0.0e+00)
	 #2 (1.3509e-08, 1.1289e-01): lin 1 (0.0e+00)
-------------------------------------------------------------------------------------------------------------
 T = 1651.28, DT = 2, NI = 2, LI = 2, RES = 5.4e-16 (6.8e-06), CFL=0.301 (ELAPSED 00:00:08, REMAINING 00:00:01 )
-------------------------------------------------------------------------------------------------------------
	 #1 (7.3843e-05, 1.0244e-04): lin 1 (0.0e+00)
-------------------------------------------------------------------------------------------------------------
 T = 1653.28, DT = 2, NI = 1, LI = 1, RES = 1.3e-08 (8.9e-02), CFL=0.301 (ELAPSED 00:00:08, REMAINING 00:00:01 )
-------------------------------------------------------------------------------------------------------------
	 #1 (7.3801e-05, 8.8633e-02): lin 1 (0.0e+00)
-------------------------------------------------------------------------------------------------------------
 T = 1655.28, DT = 2, NI = 1, LI = 1, RES = 1.3e-08 (8.9e-02), CFL=0.301 (ELAPSED 00:00:08, REMAINING 00:00:01 )
-------------------------------------------------------------------------------------------------------------
	 #1 (7.3759e-05, 8.8516e-02): lin 1 (0.0e+00)
-------------------------------------------------------------------------------------------------------------
 T = 1657.28, DT = 2, NI = 1, LI = 1, RES = 1.3e-08 (8.8e-02), CFL=0.301 (ELAPSED 00:00:08, REMAINING 00:00:01 )
-------------------------------------------------------------------------------------------------------------
	 #1 (7.3716e-05, 8.8394e-02): lin 1 (0.0e+00)
-------------------------------------------------------------------------------------------------------------
 T = 1659.28, DT = 2, NI = 1, LI = 1, RES = 1.3e-08 (8.8e-02), CFL=0.301 (ELAPSED 00:00:08, REMAINING 00:00:01 )
-------------------------------------------------------------------------------------------------------------
	 #1 (7.3674e-05, 8.8324e-02): lin 1 (0.0e+00)
-------------------------------------------------------------------------------------------------------------
 T = 1661.28, DT = 2, NI = 1, LI = 1, RES = 1.3e-08 (8.8e-02), CFL=0.301 (ELAPSED 00:00:08, REMAINING 00:00:01 )
-------------------------------------------------------------------------------------------------------------
	 #1 (7.3632e-05, 8.8163e-02): lin 1 (0.0e+00)
-------------------------------------------------------------------------------------------------------------
 T = 1663.28, DT = 2, NI = 1, LI = 1, RES = 1.3e-08 (8.8e-02), CFL=0.301 (ELAPSED 00:00:08, REMAINING 00:00:01 )
-------------------------------------------------------------------------------------------------------------
	 #1 (7.3590e-05, 8.8041e-02): lin 1 (0.0e+00)
-------------------------------------------------------------------------------------------------------------
 T = 1665.28, DT = 2, NI = 1, LI = 1, RES = 1.7e-08 (8.8e-02), CFL=0.301 (ELAPSED 00:00:08, REMAINING 00:00:01 )
-------------------------------------------------------------------------------------------------------------
	 #1 (7.3548e-05, 8.7924e-02): lin 1 (0.0e+00)
-------------------------------------------------------------------------------------------------------------
 T = 1667.28, DT = 2, NI = 1, LI = 1, RES = 1.3e-08 (8.8e-02), CFL=0.301 (ELAPSED 00:00:08, REMAINING 00:00:01 )
-------------------------------------------------------------------------------------------------------------
	 #1 (7.3506e-05, 8.7802e-02): lin 1 (0.0e+00)
-------------------------------------------------------------------------------------------------------------
 T = 1669.28, DT = 2, NI = 1, LI = 1, RES = 1.3e-08 (8.8e-02), CFL=0.301 (ELAPSED 00:00:08, REMAINING 00:00:01 )
-------------------------------------------------------------------------------------------------------------
	 #1 (7.3463e-05, 8.7685e-02): lin 1 (0.0e+00)
-------------------------------------------------------------------------------------------------------------
 T = 1671.28, DT = 2, NI = 1, LI = 1, RES = 1.4e-08 (9.0e-02), CFL=0.301 (ELAPSED 00:00:08, REMAINING 00:00:01 )
-------------------------------------------------------------------------------------------------------------
	 #1 (7.3421e-05, 9.0146e-02): lin 1 (0.0e+00)
-------------------------------------------------------------------------------------------------------------
 T = 1673.28, DT = 2, NI = 1, LI = 1, RES = 1.3e-08 (8.8e-02), CFL=0.301 (ELAPSED 00:00:08, REMAINING 00:00:01 )
-------------------------------------------------------------------------------------------------------------
	 #1 (7.3379e-05, 8.7455e-02): lin 1 (0.0e+00)
-------------------------------------------------------------------------------------------------------------
 T = 1675.28, DT = 2, NI = 1, LI = 1, RES = 1.3e-08 (8.7e-02), CFL=0.301 (ELAPSED 00:00:08, REMAINING 00:00:01 )
-------------------------------------------------------------------------------------------------------------
	 #1 (7.3338e-05, 8.7340e-02): lin 1 (0.0e+00)
-------------------------------------------------------------------------------------------------------------
 T = 1677.28, DT = 2, NI = 1, LI = 1, RES = 1.3e-08 (8.7e-02), CFL=0.301 (ELAPSED 00:00:08, REMAINING 00:00:01 )
-------------------------------------------------------------------------------------------------------------
	 #1 (7.3296e-05, 8.7240e-02): lin 1 (0.0e+00)
-------------------------------------------------------------------------------------------------------------
 T = 1679.28, DT = 2, NI = 1, LI = 1, RES = 1.3e-08 (8.7e-02), CFL=0.301 (ELAPSED 00:00:08, REMAINING 00:00:01 )
-------------------------------------------------------------------------------------------------------------
	 #1 (7.3254e-05, 8.7111e-02): lin 1 (0.0e+00)
-------------------------------------------------------------------------------------------------------------
 T = 1681.28, DT = 2, NI = 1, LI = 1, RES = 1.3e-08 (8.7e-02), CFL=0.301 (ELAPSED 00:00:08, REMAINING 00:00:01 )
-------------------------------------------------------------------------------------------------------------
	 #1 (7.3212e-05, 8.6997e-02): lin 1 (0.0e+00)
-------------------------------------------------------------------------------------------------------------
 T = 1683.28, DT = 2, NI = 1, LI = 1, RES = 1.3e-08 (8.7e-02), CFL=0.301 (ELAPSED 00:00:08, REMAINING 00:00:01 )
-------------------------------------------------------------------------------------------------------------
	 #1 (7.3170e-05, 8.6883e-02): lin 1 (0.0e+00)
-------------------------------------------------------------------------------------------------------------
 T = 1685.28, DT = 2, NI = 1, LI = 1, RES = 1.3e-08 (8.7e-02), CFL=0.301 (ELAPSED 00:00:08, REMAINING 00:00:01 )
-------------------------------------------------------------------------------------------------------------
	 #1 (7.3129e-05, 8.6760e-02): lin 1 (0.0e+00)
-------------------------------------------------------------------------------------------------------------
 T = 1687.28, DT = 2, NI = 1, LI = 1, RES = 1.3e-08 (8.7e-02), CFL=0.301 (ELAPSED 00:00:08, REMAINING 00:00:01 )
-------------------------------------------------------------------------------------------------------------
	 #1 (7.3087e-05, 8.6618e-02): lin 1 (0.0e+00)
-------------------------------------------------------------------------------------------------------------
 T = 1689.28, DT = 2, NI = 1, LI = 1, RES = 1.3e-08 (8.4e-02), CFL=0.301 (ELAPSED 00:00:08, REMAINING 00:00:01 )
-------------------------------------------------------------------------------------------------------------
	 #1 (7.3046e-05, 8.4274e-02): lin 1 (0.0e+00)
-------------------------------------------------------------------------------------------------------------
 T = 1691.28, DT = 2, NI = 1, LI = 1, RES = 1.3e-08 (8.7e-02), CFL=0.301 (ELAPSED 00:00:08, REMAINING 00:00:01 )
-------------------------------------------------------------------------------------------------------------
	 #1 (7.3004e-05, 8.6429e-02): lin 1 (0.0e+00)
-------------------------------------------------------------------------------------------------------------
 T = 1693.28, DT = 2, NI = 1, LI = 1, RES = 1.3e-08 (8.6e-02), CFL=0.301 (ELAPSED 00:00:08, REMAINING 00:00:01 )
-------------------------------------------------------------------------------------------------------------
	 #1 (7.2963e-05, 8.6316e-02): lin 1 (0.0e+00)
-------------------------------------------------------------------------------------------------------------
 T = 1695.28, DT = 2, NI = 1, LI = 1, RES = 1.3e-08 (8.6e-02), CFL=0.301 (ELAPSED 00:00:08, REMAINING 00:00:01 )
-------------------------------------------------------------------------------------------------------------
	 #1 (7.2921e-05, 8.6203e-02): lin 1 (0.0e+00)
-------------------------------------------------------------------------------------------------------------
 T = 1697.28, DT = 2, NI = 1, LI = 1, RES = 1.3e-08 (8.6e-02), CFL=0.301 (ELAPSED 00:00:08, REMAINING 00:00:01 )
-------------------------------------------------------------------------------------------------------------
	 #1 (7.2880e-05, 8.6091e-02): lin 1 (0.0e+00)
-------------------------------------------------------------------------------------------------------------
 T = 1699.28, DT = 2, NI = 1, LI = 1, RES = 1.3e-08 (9.0e-02), CFL=0.301 (ELAPSED 00:00:08, REMAINING 00:00:01 )
-------------------------------------------------------------------------------------------------------------
	 #1 (7.2839e-05, 9.0248e-02): lin 1 (0.0e+00)
-------------------------------------------------------------------------------------------------------------
 T = 1701.28, DT = 2, NI = 1, LI = 1, RES = 1.3e-08 (8.6e-02), CFL=0.301 (ELAPSED 00:00:08, REMAINING 00:00:01 )
-------------------------------------------------------------------------------------------------------------
	 #1 (7.2798e-05, 8.5861e-02): lin 1 (0.0e+00)
-------------------------------------------------------------------------------------------------------------
 T = 1703.28, DT = 2, NI = 1, LI = 1, RES = 1.3e-08 (8.6e-02), CFL=0.301 (ELAPSED 00:00:08, REMAINING 00:00:01 )
-------------------------------------------------------------------------------------------------------------
	 #1 (7.2757e-05, 8.5759e-02): lin 1 (0.0e+00)
-------------------------------------------------------------------------------------------------------------
 T = 1705.28, DT = 2, NI = 1, LI = 1, RES = 1.3e-08 (8.6e-02), CFL=0.301 (ELAPSED 00:00:08, REMAINING 00:00:01 )
-------------------------------------------------------------------------------------------------------------
	 #1 (7.2715e-05, 8.5649e-02): lin 1 (0.0e+00)
-------------------------------------------------------------------------------------------------------------
 T = 1707.28, DT = 2, NI = 1, LI = 1, RES = 1.3e-08 (8.6e-02), CFL=0.301 (ELAPSED 00:00:08, REMAINING 00:00:01 )
-------------------------------------------------------------------------------------------------------------
	 #1 (7.2674e-05, 8.5538e-02): lin 1 (0.0e+00)
	 #2 (1.3210e-08, 1.3575e-01): lin 1 (0.0e+00)
-------------------------------------------------------------------------------------------------------------
 T = 1709.28, DT = 2, NI = 2, LI = 2, RES = 4.9e-16 (6.2e-06), CFL=0.301 (ELAPSED 00:00:08, REMAINING 00:00:01 )
-------------------------------------------------------------------------------------------------------------
	 #1 (7.2632e-05, 1.0054e-04): lin 1 (0.0e+00)
-------------------------------------------------------------------------------------------------------------
 T = 1711.28, DT = 2, NI = 1, LI = 1, RES = 1.3e-08 (8.5e-02), CFL=0.301 (ELAPSED 00:00:08, REMAINING 00:00:01 )
-------------------------------------------------------------------------------------------------------------
	 #1 (7.2592e-05, 8.5319e-02): lin 1 (0.0e+00)
-------------------------------------------------------------------------------------------------------------
 T = 1713.28, DT = 2, NI = 1, LI = 1, RES = 1.3e-08 (8.5e-02), CFL=0.301 (ELAPSED 00:00:08, REMAINING 00:00:01 )
-------------------------------------------------------------------------------------------------------------
	 #1 (7.2552e-05, 8.5213e-02): lin 1 (0.0e+00)
-------------------------------------------------------------------------------------------------------------
 T = 1715.28, DT = 2, NI = 1, LI = 1, RES = 1.3e-08 (8.5e-02), CFL=0.301 (ELAPSED 00:00:08, REMAINING 00:00:01 )
-------------------------------------------------------------------------------------------------------------
	 #1 (7.2511e-05, 8.5102e-02): lin 1 (0.0e+00)
-------------------------------------------------------------------------------------------------------------
 T = 1717.28, DT = 2, NI = 1, LI = 1, RES = 1.3e-08 (8.9e-02), CFL=0.301 (ELAPSED 00:00:08, REMAINING 00:00:01 )
-------------------------------------------------------------------------------------------------------------
	 #1 (7.2470e-05, 8.9409e-02): lin 1 (0.0e+00)
-------------------------------------------------------------------------------------------------------------
 T = 1719.28, DT = 2, NI = 1, LI = 1, RES = 1.3e-08 (8.5e-02), CFL=0.301 (ELAPSED 00:00:08, REMAINING 00:00:01 )
-------------------------------------------------------------------------------------------------------------
	 #1 (7.2430e-05, 8.4882e-02): lin 1 (0.0e+00)
-------------------------------------------------------------------------------------------------------------
 T = 1721.28, DT = 2, NI = 1, LI = 1, RES = 1.3e-08 (8.5e-02), CFL=0.301 (ELAPSED 00:00:08, REMAINING 00:00:01 )
-------------------------------------------------------------------------------------------------------------
	 #1 (7.2389e-05, 8.4774e-02): lin 1 (0.0e+00)
-------------------------------------------------------------------------------------------------------------
 T = 1723.28, DT = 2, NI = 1, LI = 1, RES = 1.2e-08 (8.5e-02), CFL=0.301 (ELAPSED 00:00:08, REMAINING 00:00:01 )
-------------------------------------------------------------------------------------------------------------
	 #1 (7.2348e-05, 8.4664e-02): lin 1 (0.0e+00)
-------------------------------------------------------------------------------------------------------------
 T = 1725.28, DT = 2, NI = 1, LI = 1, RES = 1.3e-08 (8.5e-02), CFL=0.301 (ELAPSED 00:00:08, REMAINING 00:00:01 )
-------------------------------------------------------------------------------------------------------------
	 #1 (7.2308e-05, 8.4556e-02): lin 1 (0.0e+00)
-------------------------------------------------------------------------------------------------------------
 T = 1727.28, DT = 2, NI = 1, LI = 1, RES = 1.3e-08 (8.5e-02), CFL=0.301 (ELAPSED 00:00:08, REMAINING 00:00:01 )
-------------------------------------------------------------------------------------------------------------
	 #1 (7.2268e-05, 8.4448e-02): lin 1 (0.0e+00)
-------------------------------------------------------------------------------------------------------------
 T = 1729.28, DT = 2, NI = 1, LI = 1, RES = 1.3e-08 (8.4e-02), CFL=0.301 (ELAPSED 00:00:08, REMAINING 00:00:01 )
-------------------------------------------------------------------------------------------------------------
	 #1 (7.2227e-05, 8.4359e-02): lin 1 (0.0e+00)
-------------------------------------------------------------------------------------------------------------
 T = 1731.28, DT = 2, NI = 1, LI = 1, RES = 1.3e-08 (8.4e-02), CFL=0.301 (ELAPSED 00:00:08, REMAINING 00:00:01 )
-------------------------------------------------------------------------------------------------------------
	 #1 (7.2187e-05, 8.4234e-02): lin 1 (0.0e+00)
-------------------------------------------------------------------------------------------------------------
 T = 1733.28, DT = 2, NI = 1, LI = 1, RES = 1.3e-08 (9.1e-02), CFL=0.301 (ELAPSED 00:00:08, REMAINING 00:00:01 )
-------------------------------------------------------------------------------------------------------------
	 #1 (7.2147e-05, 9.1307e-02): lin 1 (0.0e+00)
-------------------------------------------------------------------------------------------------------------
 T = 1735.28, DT = 2, NI = 1, LI = 1, RES = 1.3e-08 (8.1e-02), CFL=0.301 (ELAPSED 00:00:08, REMAINING 00:00:01 )
-------------------------------------------------------------------------------------------------------------
	 #1 (7.2107e-05, 8.1237e-02): lin 1 (0.0e+00)
-------------------------------------------------------------------------------------------------------------
 T = 1737.28, DT = 2, NI = 1, LI = 1, RES = 1.3e-08 (8.4e-02), CFL=0.301 (ELAPSED 00:00:08, REMAINING 00:00:01 )
-------------------------------------------------------------------------------------------------------------
	 #1 (7.2067e-05, 8.3911e-02): lin 1 (0.0e+00)
-------------------------------------------------------------------------------------------------------------
 T = 1739.28, DT = 2, NI = 1, LI = 1, RES = 1.3e-08 (8.4e-02), CFL=0.301 (ELAPSED 00:00:09, REMAINING 00:00:01 )
-------------------------------------------------------------------------------------------------------------
	 #1 (7.2026e-05, 8.3803e-02): lin 1 (0.0e+00)
-------------------------------------------------------------------------------------------------------------
 T = 1741.28, DT = 2, NI = 1, LI = 1, RES = 1.3e-08 (8.4e-02), CFL=0.301 (ELAPSED 00:00:09, REMAINING 00:00:01 )
-------------------------------------------------------------------------------------------------------------
	 #1 (7.1986e-05, 8.3698e-02): lin 1 (0.0e+00)
-------------------------------------------------------------------------------------------------------------
 T = 1743.28, DT = 2, NI = 1, LI = 1, RES = 1.3e-08 (8.4e-02), CFL=0.301 (ELAPSED 00:00:09, REMAINING 00:00:01 )
-------------------------------------------------------------------------------------------------------------
	 #1 (7.1946e-05, 8.3593e-02): lin 1 (0.0e+00)
-------------------------------------------------------------------------------------------------------------
 T = 1745.28, DT = 2, NI = 1, LI = 1, RES = 1.2e-08 (8.4e-02), CFL=0.301 (ELAPSED 00:00:09, REMAINING 00:00:01 )
-------------------------------------------------------------------------------------------------------------
	 #1 (7.1906e-05, 8.3486e-02): lin 1 (0.0e+00)
-------------------------------------------------------------------------------------------------------------
 T = 1747.28, DT = 2, NI = 1, LI = 1, RES = 1.3e-08 (8.3e-02), CFL=0.301 (ELAPSED 00:00:09, REMAINING 00:00:01 )
-------------------------------------------------------------------------------------------------------------
	 #1 (7.1867e-05, 8.3380e-02): lin 1 (0.0e+00)
	 #2 (5.5380e-08, 4.7201e-01): lin 1 (0.0e+00)
-------------------------------------------------------------------------------------------------------------
 T = 1749.28, DT = 2, NI = 2, LI = 2, RES = 2.4e-14 (5.7e-06), CFL=0.301 (ELAPSED 00:00:09, REMAINING 00:00:01 )
-------------------------------------------------------------------------------------------------------------
	 #1 (7.1826e-05, 9.8799e-05): lin 1 (0.0e+00)
-------------------------------------------------------------------------------------------------------------
 T = 1751.28, DT = 2, NI = 1, LI = 1, RES = 1.3e-08 (8.3e-02), CFL=0.301 (ELAPSED 00:00:09, REMAINING 00:00:01 )
-------------------------------------------------------------------------------------------------------------
	 #1 (7.1787e-05, 8.3166e-02): lin 1 (0.0e+00)
-------------------------------------------------------------------------------------------------------------
 T = 1753.28, DT = 2, NI = 1, LI = 1, RES = 1.3e-08 (8.3e-02), CFL=0.301 (ELAPSED 00:00:09, REMAINING 00:00:01 )
-------------------------------------------------------------------------------------------------------------
	 #1 (7.1748e-05, 8.3065e-02): lin 1 (0.0e+00)
-------------------------------------------------------------------------------------------------------------
 T = 1755.28, DT = 2, NI = 1, LI = 1, RES = 1.3e-08 (8.3e-02), CFL=0.301 (ELAPSED 00:00:09, REMAINING 00:00:01 )
-------------------------------------------------------------------------------------------------------------
	 #1 (7.1708e-05, 8.2453e-02): lin 1 (0.0e+00)
-------------------------------------------------------------------------------------------------------------
 T = 1757.28, DT = 2, NI = 1, LI = 1, RES = 1.3e-08 (8.3e-02), CFL=0.301 (ELAPSED 00:00:09, REMAINING 00:00:01 )
-------------------------------------------------------------------------------------------------------------
	 #1 (7.1668e-05, 8.2847e-02): lin 1 (0.0e+00)
-------------------------------------------------------------------------------------------------------------
 T = 1759.28, DT = 2, NI = 1, LI = 1, RES = 1.3e-08 (8.3e-02), CFL=0.301 (ELAPSED 00:00:09, REMAINING 00:00:01 )
-------------------------------------------------------------------------------------------------------------
	 #1 (7.1628e-05, 8.2748e-02): lin 1 (0.0e+00)
-------------------------------------------------------------------------------------------------------------
 T = 1761.28, DT = 2, NI = 1, LI = 1, RES = 1.2e-08 (8.1e-02), CFL=0.301 (ELAPSED 00:00:09, REMAINING 00:00:01 )
-------------------------------------------------------------------------------------------------------------
	 #1 (7.1589e-05, 8.0901e-02): lin 1 (0.0e+00)
-------------------------------------------------------------------------------------------------------------
 T = 1763.28, DT = 2, NI = 1, LI = 1, RES = 1.3e-08 (8.4e-02), CFL=0.301 (ELAPSED 00:00:09, REMAINING 00:00:01 )
-------------------------------------------------------------------------------------------------------------
	 #1 (7.1549e-05, 8.3843e-02): lin 1 (0.0e+00)
-------------------------------------------------------------------------------------------------------------
 T = 1765.28, DT = 2, NI = 1, LI = 1, RES = 1.2e-08 (8.3e-02), CFL=0.301 (ELAPSED 00:00:09, REMAINING 00:00:01 )
-------------------------------------------------------------------------------------------------------------
	 #1 (7.1509e-05, 8.2436e-02): lin 1 (0.0e+00)
-------------------------------------------------------------------------------------------------------------
 T = 1767.28, DT = 2, NI = 1, LI = 1, RES = 1.3e-08 (8.2e-02), CFL=0.301 (ELAPSED 00:00:09, REMAINING 00:00:01 )
-------------------------------------------------------------------------------------------------------------
	 #1 (7.1470e-05, 8.2334e-02): lin 1 (0.0e+00)
-------------------------------------------------------------------------------------------------------------
 T = 1769.28, DT = 2, NI = 1, LI = 1, RES = 1.2e-08 (8.4e-02), CFL=0.301 (ELAPSED 00:00:09, REMAINING 00:00:01 )
-------------------------------------------------------------------------------------------------------------
	 #1 (7.1431e-05, 8.3942e-02): lin 1 (0.0e+00)
-------------------------------------------------------------------------------------------------------------
 T = 1771.28, DT = 2, NI = 1, LI = 1, RES = 1.2e-08 (8.2e-02), CFL=0.301 (ELAPSED 00:00:09, REMAINING 00:00:01 )
-------------------------------------------------------------------------------------------------------------
	 #1 (7.1391e-05, 8.2126e-02): lin 1 (0.0e+00)
-------------------------------------------------------------------------------------------------------------
 T = 1773.28, DT = 2, NI = 1, LI = 1, RES = 1.2e-08 (8.1e-02), CFL=0.301 (ELAPSED 00:00:09, REMAINING 00:00:01 )
-------------------------------------------------------------------------------------------------------------
	 #1 (7.1352e-05, 8.0799e-02): lin 1 (0.0e+00)
-------------------------------------------------------------------------------------------------------------
 T = 1775.28, DT = 2, NI = 1, LI = 1, RES = 1.2e-08 (9.2e-02), CFL=0.301 (ELAPSED 00:00:09, REMAINING 00:00:01 )
-------------------------------------------------------------------------------------------------------------
	 #1 (7.1313e-05, 9.1813e-02): lin 1 (0.0e+00)
-------------------------------------------------------------------------------------------------------------
 T = 1777.28, DT = 2, NI = 1, LI = 1, RES = 1.2e-08 (8.2e-02), CFL=0.301 (ELAPSED 00:00:09, REMAINING 00:00:01 )
-------------------------------------------------------------------------------------------------------------
	 #1 (7.1274e-05, 8.1810e-02): lin 1 (0.0e+00)
-------------------------------------------------------------------------------------------------------------
 T = 1779.28, DT = 2, NI = 1, LI = 1, RES = 1.2e-08 (8.2e-02), CFL=0.301 (ELAPSED 00:00:09, REMAINING 00:00:01 )
-------------------------------------------------------------------------------------------------------------
	 #1 (7.1234e-05, 8.2100e-02): lin 1 (0.0e+00)
-------------------------------------------------------------------------------------------------------------
 T = 1781.28, DT = 2, NI = 1, LI = 1, RES = 1.2e-08 (8.2e-02), CFL=0.301 (ELAPSED 00:00:09, REMAINING 00:00:01 )
-------------------------------------------------------------------------------------------------------------
	 #1 (7.1195e-05, 8.1610e-02): lin 1 (0.0e+00)
-------------------------------------------------------------------------------------------------------------
 T = 1783.28, DT = 2, NI = 1, LI = 1, RES = 1.2e-08 (8.2e-02), CFL=0.301 (ELAPSED 00:00:09, REMAINING 00:00:01 )
-------------------------------------------------------------------------------------------------------------
	 #1 (7.1156e-05, 8.1568e-02): lin 1 (0.0e+00)
-------------------------------------------------------------------------------------------------------------
 T = 1785.28, DT = 2, NI = 1, LI = 1, RES = 1.2e-08 (7.0e-02), CFL=0.301 (ELAPSED 00:00:09, REMAINING 00:00:01 )
-------------------------------------------------------------------------------------------------------------
	 #1 (7.1117e-05, 7.0187e-02): lin 1 (0.0e+00)
-------------------------------------------------------------------------------------------------------------
 T = 1787.28, DT = 2, NI = 1, LI = 1, RES = 1.2e-08 (8.1e-02), CFL=0.301 (ELAPSED 00:00:09, REMAINING 00:00:01 )
-------------------------------------------------------------------------------------------------------------
	 #1 (7.1079e-05, 8.1306e-02): lin 1 (0.0e+00)
-------------------------------------------------------------------------------------------------------------
 T = 1789.28, DT = 2, NI = 1, LI = 1, RES = 1.2e-08 (8.2e-02), CFL=0.301 (ELAPSED 00:00:09, REMAINING 00:00:01 )
-------------------------------------------------------------------------------------------------------------
	 #1 (7.1040e-05, 8.2213e-02): lin 1 (0.0e+00)
-------------------------------------------------------------------------------------------------------------
 T = 1791.28, DT = 2, NI = 1, LI = 1, RES = 1.2e-08 (8.1e-02), CFL=0.301 (ELAPSED 00:00:09, REMAINING 00:00:01 )
-------------------------------------------------------------------------------------------------------------
	 #1 (7.1001e-05, 8.1097e-02): lin 1 (0.0e+00)
-------------------------------------------------------------------------------------------------------------
 T = 1793.28, DT = 2, NI = 1, LI = 1, RES = 1.2e-08 (9.5e-02), CFL=0.301 (ELAPSED 00:00:09, REMAINING 00:00:01 )
-------------------------------------------------------------------------------------------------------------
	 #1 (7.0962e-05, 9.4591e-02): lin 1 (0.0e+00)
-------------------------------------------------------------------------------------------------------------
 T = 1795.28, DT = 2, NI = 1, LI = 1, RES = 1.2e-08 (8.1e-02), CFL=0.301 (ELAPSED 00:00:09, REMAINING 00:00:01 )
-------------------------------------------------------------------------------------------------------------
	 #1 (7.0923e-05, 8.0895e-02): lin 1 (0.0e+00)
-------------------------------------------------------------------------------------------------------------
 T = 1797.28, DT = 2, NI = 1, LI = 1, RES = 1.2e-08 (8.1e-02), CFL=0.301 (ELAPSED 00:00:09, REMAINING 00:00:01 )
-------------------------------------------------------------------------------------------------------------
	 #1 (7.0885e-05, 8.0796e-02): lin 1 (0.0e+00)
-------------------------------------------------------------------------------------------------------------
 T = 1799.28, DT = 2, NI = 1, LI = 1, RES = 1.2e-08 (8.1e-02), CFL=0.301 (ELAPSED 00:00:09, REMAINING 00:00:01 )
-------------------------------------------------------------------------------------------------------------
	 #1 (7.0846e-05, 8.0697e-02): lin 1 (0.0e+00)
-------------------------------------------------------------------------------------------------------------
 T = 1801.28, DT = 2, NI = 1, LI = 1, RES = 1.2e-08 (8.1e-02), CFL=0.301 (ELAPSED 00:00:09, REMAINING 00:00:00 )
-------------------------------------------------------------------------------------------------------------
	 #1 (7.0808e-05, 8.0597e-02): lin 1 (0.0e+00)
-------------------------------------------------------------------------------------------------------------
 T = 1803.28, DT = 2, NI = 1, LI = 1, RES = 1.2e-08 (8.1e-02), CFL=0.301 (ELAPSED 00:00:09, REMAINING 00:00:00 )
-------------------------------------------------------------------------------------------------------------
	 #1 (7.0769e-05, 8.0496e-02): lin 1 (0.0e+00)
-------------------------------------------------------------------------------------------------------------
 T = 1805.28, DT = 2, NI = 1, LI = 1, RES = 1.2e-08 (8.1e-02), CFL=0.301 (ELAPSED 00:00:09, REMAINING 00:00:00 )
-------------------------------------------------------------------------------------------------------------
	 #1 (7.0731e-05, 8.0434e-02): lin 1 (0.0e+00)
-------------------------------------------------------------------------------------------------------------
 T = 1807.28, DT = 2, NI = 1, LI = 1, RES = 1.2e-08 (8.0e-02), CFL=0.301 (ELAPSED 00:00:09, REMAINING 00:00:00 )
-------------------------------------------------------------------------------------------------------------
	 #1 (7.0692e-05, 8.0295e-02): lin 1 (0.0e+00)
-------------------------------------------------------------------------------------------------------------
 T = 1809.28, DT = 2, NI = 1, LI = 1, RES = 1.2e-08 (8.0e-02), CFL=0.301 (ELAPSED 00:00:09, REMAINING 00:00:00 )
-------------------------------------------------------------------------------------------------------------
	 #1 (7.0654e-05, 8.0197e-02): lin 1 (0.0e+00)
-------------------------------------------------------------------------------------------------------------
 T = 1811.28, DT = 2, NI = 1, LI = 1, RES = 1.2e-08 (8.0e-02), CFL=0.301 (ELAPSED 00:00:09, REMAINING 00:00:00 )
-------------------------------------------------------------------------------------------------------------
	 #1 (7.0616e-05, 8.0097e-02): lin 1 (0.0e+00)
-------------------------------------------------------------------------------------------------------------
 T = 1813.28, DT = 2, NI = 1, LI = 1, RES = 1.2e-08 (8.5e-02), CFL=0.301 (ELAPSED 00:00:09, REMAINING 00:00:00 )
-------------------------------------------------------------------------------------------------------------
	 #1 (7.0577e-05, 8.4529e-02): lin 1 (0.0e+00)
-------------------------------------------------------------------------------------------------------------
 T = 1815.28, DT = 2, NI = 1, LI = 1, RES = 1.2e-08 (8.0e-02), CFL=0.301 (ELAPSED 00:00:09, REMAINING 00:00:00 )
-------------------------------------------------------------------------------------------------------------
	 #1 (7.0539e-05, 7.9899e-02): lin 1 (0.0e+00)
-------------------------------------------------------------------------------------------------------------
 T = 1817.28, DT = 2, NI = 1, LI = 1, RES = 1.2e-08 (9.9e-02), CFL=0.301 (ELAPSED 00:00:09, REMAINING 00:00:00 )
-------------------------------------------------------------------------------------------------------------
	 #1 (7.0501e-05, 9.8491e-02): lin 1 (0.0e+00)
-------------------------------------------------------------------------------------------------------------
 T = 1819.28, DT = 2, NI = 1, LI = 1, RES = 1.2e-08 (8.0e-02), CFL=0.301 (ELAPSED 00:00:09, REMAINING 00:00:00 )
-------------------------------------------------------------------------------------------------------------
	 #1 (7.0463e-05, 7.9701e-02): lin 1 (0.0e+00)
-------------------------------------------------------------------------------------------------------------
 T = 1821.28, DT = 2, NI = 1, LI = 1, RES = 1.2e-08 (8.0e-02), CFL=0.301 (ELAPSED 00:00:09, REMAINING 00:00:00 )
-------------------------------------------------------------------------------------------------------------
	 #1 (7.0425e-05, 7.9647e-02): lin 1 (0.0e+00)
-------------------------------------------------------------------------------------------------------------
 T = 1823.28, DT = 2, NI = 1, LI = 1, RES = 1.2e-08 (8.0e-02), CFL=0.301 (ELAPSED 00:00:09, REMAINING 00:00:00 )
-------------------------------------------------------------------------------------------------------------
	 #1 (7.0387e-05, 7.9507e-02): lin 1 (0.0e+00)
-------------------------------------------------------------------------------------------------------------
 T = 1825.28, DT = 2, NI = 1, LI = 1, RES = 1.2e-08 (7.9e-02), CFL=0.301 (ELAPSED 00:00:09, REMAINING 00:00:00 )
-------------------------------------------------------------------------------------------------------------
	 #1 (7.0349e-05, 7.9409e-02): lin 1 (0.0e+00)
-------------------------------------------------------------------------------------------------------------
 T = 1827.28, DT = 2, NI = 1, LI = 1, RES = 1.2e-08 (7.9e-02), CFL=0.301 (ELAPSED 00:00:09, REMAINING 00:00:00 )
-------------------------------------------------------------------------------------------------------------
	 #1 (7.0311e-05, 7.9309e-02): lin 1 (0.0e+00)
-------------------------------------------------------------------------------------------------------------
 T = 1829.28, DT = 2, NI = 1, LI = 1, RES = 1.2e-08 (7.9e-02), CFL=0.301 (ELAPSED 00:00:09, REMAINING 00:00:00 )
-------------------------------------------------------------------------------------------------------------
	 #1 (7.0273e-05, 7.9214e-02): lin 1 (0.0e+00)
-------------------------------------------------------------------------------------------------------------
 T = 1831.28, DT = 2, NI = 1, LI = 1, RES = 1.2e-08 (8.3e-02), CFL=0.301 (ELAPSED 00:00:09, REMAINING 00:00:00 )
-------------------------------------------------------------------------------------------------------------
	 #1 (7.0236e-05, 8.3297e-02): lin 1 (0.0e+00)
-------------------------------------------------------------------------------------------------------------
 T = 1833.28, DT = 2, NI = 1, LI = 1, RES = 1.2e-08 (7.9e-02), CFL=0.301 (ELAPSED 00:00:09, REMAINING 00:00:00 )
-------------------------------------------------------------------------------------------------------------
	 #1 (7.0198e-05, 7.9018e-02): lin 1 (0.0e+00)
-------------------------------------------------------------------------------------------------------------
 T = 1835.28, DT = 2, NI = 1, LI = 1, RES = 1.2e-08 (7.9e-02), CFL=0.301 (ELAPSED 00:00:09, REMAINING 00:00:00 )
-------------------------------------------------------------------------------------------------------------
	 #1 (7.0160e-05, 7.8921e-02): lin 1 (0.0e+00)
-------------------------------------------------------------------------------------------------------------
 T = 1837.28, DT = 2, NI = 1, LI = 1, RES = 1.2e-08 (7.9e-02), CFL=0.301 (ELAPSED 00:00:09, REMAINING 00:00:00 )
-------------------------------------------------------------------------------------------------------------
	 #1 (7.0123e-05, 7.8824e-02): lin 1 (0.0e+00)
-------------------------------------------------------------------------------------------------------------
 T = 1839.28, DT = 2, NI = 1, LI = 1, RES = 1.2e-08 (7.9e-02), CFL=0.301 (ELAPSED 00:00:09, REMAINING 00:00:00 )
-------------------------------------------------------------------------------------------------------------
	 #1 (7.0085e-05, 7.8728e-02): lin 1 (0.0e+00)
-------------------------------------------------------------------------------------------------------------
 T = 1841.28, DT = 2, NI = 1, LI = 1, RES = 1.2e-08 (7.9e-02), CFL=0.301 (ELAPSED 00:00:09, REMAINING 00:00:00 )
-------------------------------------------------------------------------------------------------------------
	 #1 (7.0048e-05, 7.8633e-02): lin 1 (0.0e+00)
-------------------------------------------------------------------------------------------------------------
 T = 1843.28, DT = 2, NI = 1, LI = 1, RES = 1.2e-08 (8.6e-02), CFL=0.301 (ELAPSED 00:00:09, REMAINING 00:00:00 )
-------------------------------------------------------------------------------------------------------------
	 #1 (7.0010e-05, 8.5466e-02): lin 1 (0.0e+00)
-------------------------------------------------------------------------------------------------------------
 T = 1845.28, DT = 2, NI = 1, LI = 1, RES = 1.2e-08 (7.9e-02), CFL=0.301 (ELAPSED 00:00:09, REMAINING 00:00:00 )
-------------------------------------------------------------------------------------------------------------
	 #1 (6.9973e-05, 7.8434e-02): lin 1 (0.0e+00)
-------------------------------------------------------------------------------------------------------------
 T = 1847.28, DT = 2, NI = 1, LI = 1, RES = 1.2e-08 (7.8e-02), CFL=0.301 (ELAPSED 00:00:09, REMAINING 00:00:00 )
-------------------------------------------------------------------------------------------------------------
	 #1 (6.9935e-05, 7.8343e-02): lin 1 (0.0e+00)
-------------------------------------------------------------------------------------------------------------
 T = 1849.28, DT = 2, NI = 1, LI = 1, RES = 1.2e-08 (7.8e-02), CFL=0.301 (ELAPSED 00:00:09, REMAINING 00:00:00 )
-------------------------------------------------------------------------------------------------------------
	 #1 (6.9898e-05, 7.8244e-02): lin 1 (0.0e+00)
-------------------------------------------------------------------------------------------------------------
 T = 1851.28, DT = 2, NI = 1, LI = 1, RES = 1.2e-08 (7.8e-02), CFL=0.301 (ELAPSED 00:00:09, REMAINING 00:00:00 )
-------------------------------------------------------------------------------------------------------------
	 #1 (6.9861e-05, 7.8150e-02): lin 1 (0.0e+00)
-------------------------------------------------------------------------------------------------------------
 T = 1853.28, DT = 2, NI = 1, LI = 1, RES = 1.2e-08 (8.3e-02), CFL=0.301 (ELAPSED 00:00:09, REMAINING 00:00:00 )
-------------------------------------------------------------------------------------------------------------
	 #1 (6.9823e-05, 8.3156e-02): lin 1 (0.0e+00)
-------------------------------------------------------------------------------------------------------------
 T = 1855.28, DT = 2, NI = 1, LI = 1, RES = 1.2e-08 (7.8e-02), CFL=0.301 (ELAPSED 00:00:09, REMAINING 00:00:00 )
-------------------------------------------------------------------------------------------------------------
	 #1 (6.9786e-05, 7.7959e-02): lin 1 (0.0e+00)
-------------------------------------------------------------------------------------------------------------
 T = 1857.28, DT = 2, NI = 1, LI = 1, RES = 1.2e-08 (7.8e-02), CFL=0.301 (ELAPSED 00:00:09, REMAINING 00:00:00 )
-------------------------------------------------------------------------------------------------------------
	 #1 (6.9749e-05, 7.7864e-02): lin 1 (0.0e+00)
-------------------------------------------------------------------------------------------------------------
 T = 1859.28, DT = 2, NI = 1, LI = 1, RES = 1.2e-08 (7.8e-02), CFL=0.301 (ELAPSED 00:00:09, REMAINING 00:00:00 )
-------------------------------------------------------------------------------------------------------------
	 #1 (6.9712e-05, 7.7769e-02): lin 1 (0.0e+00)
-------------------------------------------------------------------------------------------------------------
 T = 1861.28, DT = 2, NI = 1, LI = 1, RES = 1.2e-08 (7.8e-02), CFL=0.301 (ELAPSED 00:00:09, REMAINING 00:00:00 )
-------------------------------------------------------------------------------------------------------------
	 #1 (6.9675e-05, 7.7674e-02): lin 1 (0.0e+00)
-------------------------------------------------------------------------------------------------------------
 T = 1863.28, DT = 2, NI = 1, LI = 1, RES = 1.2e-08 (7.8e-02), CFL=0.301 (ELAPSED 00:00:09, REMAINING 00:00:00 )
-------------------------------------------------------------------------------------------------------------
	 #1 (6.9638e-05, 7.7579e-02): lin 1 (0.0e+00)
-------------------------------------------------------------------------------------------------------------
 T = 1865.28, DT = 2, NI = 1, LI = 1, RES = 1.2e-08 (7.8e-02), CFL=0.301 (ELAPSED 00:00:09, REMAINING 00:00:00 )
-------------------------------------------------------------------------------------------------------------
	 #1 (6.9601e-05, 7.7495e-02): lin 1 (0.0e+00)
-------------------------------------------------------------------------------------------------------------
 T = 1867.28, DT = 2, NI = 1, LI = 1, RES = 1.2e-08 (7.7e-02), CFL=0.301 (ELAPSED 00:00:09, REMAINING 00:00:00 )
-------------------------------------------------------------------------------------------------------------
	 #1 (6.9564e-05, 7.7390e-02): lin 1 (0.0e+00)
-------------------------------------------------------------------------------------------------------------
 T = 1869.28, DT = 2, NI = 1, LI = 1, RES = 1.2e-08 (7.7e-02), CFL=0.301 (ELAPSED 00:00:09, REMAINING 00:00:00 )
-------------------------------------------------------------------------------------------------------------
	 #1 (6.9527e-05, 7.7296e-02): lin 1 (0.0e+00)
-------------------------------------------------------------------------------------------------------------
 T = 1871.28, DT = 2, NI = 1, LI = 1, RES = 1.2e-08 (7.7e-02), CFL=0.301 (ELAPSED 00:00:09, REMAINING 00:00:00 )
-------------------------------------------------------------------------------------------------------------
	 #1 (6.9490e-05, 7.7204e-02): lin 1 (0.0e+00)
-------------------------------------------------------------------------------------------------------------
 T = 1873.28, DT = 2, NI = 1, LI = 1, RES = 1.2e-08 (7.7e-02), CFL=0.301 (ELAPSED 00:00:09, REMAINING 00:00:00 )
-------------------------------------------------------------------------------------------------------------
	 #1 (6.9453e-05, 7.7109e-02): lin 1 (0.0e+00)
-------------------------------------------------------------------------------------------------------------
 T = 1875.28, DT = 2, NI = 1, LI = 1, RES = 1.2e-08 (7.7e-02), CFL=0.301 (ELAPSED 00:00:09, REMAINING 00:00:00 )
-------------------------------------------------------------------------------------------------------------
	 #1 (6.9416e-05, 7.7018e-02): lin 1 (0.0e+00)
-------------------------------------------------------------------------------------------------------------
 T = 1877.28, DT = 2, NI = 1, LI = 1, RES = 1.2e-08 (9.2e-02), CFL=0.301 (ELAPSED 00:00:09, REMAINING 00:00:00 )
-------------------------------------------------------------------------------------------------------------
	 #1 (6.9380e-05, 9.1998e-02): lin 1 (0.0e+00)
-------------------------------------------------------------------------------------------------------------
 T = 1879.28, DT = 2, NI = 1, LI = 1, RES = 1.2e-08 (7.7e-02), CFL=0.301 (ELAPSED 00:00:09, REMAINING 00:00:00 )
-------------------------------------------------------------------------------------------------------------
	 #1 (6.9343e-05, 7.6829e-02): lin 1 (0.0e+00)
-------------------------------------------------------------------------------------------------------------
 T = 1881.28, DT = 2, NI = 1, LI = 1, RES = 1.1e-08 (7.7e-02), CFL=0.301 (ELAPSED 00:00:09, REMAINING 00:00:00 )
-------------------------------------------------------------------------------------------------------------
	 #1 (6.9306e-05, 7.6738e-02): lin 1 (0.0e+00)
-------------------------------------------------------------------------------------------------------------
 T = 1883.28, DT = 2, NI = 1, LI = 1, RES = 1.2e-08 (7.7e-02), CFL=0.301 (ELAPSED 00:00:09, REMAINING 00:00:00 )
-------------------------------------------------------------------------------------------------------------
	 #1 (6.9270e-05, 7.6647e-02): lin 1 (0.0e+00)
-------------------------------------------------------------------------------------------------------------
 T = 1885.28, DT = 2, NI = 1, LI = 1, RES = 1.2e-08 (7.7e-02), CFL=0.301 (ELAPSED 00:00:09, REMAINING 00:00:00 )
-------------------------------------------------------------------------------------------------------------
	 #1 (6.9233e-05, 7.6551e-02): lin 1 (0.0e+00)
-------------------------------------------------------------------------------------------------------------
 T = 1887.28, DT = 2, NI = 1, LI = 1, RES = 1.2e-08 (7.7e-02), CFL=0.301 (ELAPSED 00:00:09, REMAINING 00:00:00 )
-------------------------------------------------------------------------------------------------------------
	 #1 (6.9197e-05, 7.6461e-02): lin 1 (0.0e+00)
-------------------------------------------------------------------------------------------------------------
 T = 1889.28, DT = 2, NI = 1, LI = 1, RES = 1.2e-08 (7.6e-02), CFL=0.301 (ELAPSED 00:00:09, REMAINING 00:00:00 )
-------------------------------------------------------------------------------------------------------------
	 #1 (6.9160e-05, 7.6367e-02): lin 1 (0.0e+00)
-------------------------------------------------------------------------------------------------------------
 T = 1891.28, DT = 2, NI = 1, LI = 1, RES = 1.1e-08 (7.7e-02), CFL=0.301 (ELAPSED 00:00:09, REMAINING 00:00:00 )
-------------------------------------------------------------------------------------------------------------
	 #1 (6.9124e-05, 7.6558e-02): lin 1 (0.0e+00)
-------------------------------------------------------------------------------------------------------------
 T = 1893.28, DT = 2, NI = 1, LI = 1, RES = 1.2e-08 (7.6e-02), CFL=0.301 (ELAPSED 00:00:09, REMAINING 00:00:00 )
-------------------------------------------------------------------------------------------------------------
	 #1 (6.9088e-05, 7.6181e-02): lin 1 (0.0e+00)
-------------------------------------------------------------------------------------------------------------
 T = 1895.28, DT = 2, NI = 1, LI = 1, RES = 1.2e-08 (7.6e-02), CFL=0.301 (ELAPSED 00:00:09, REMAINING 00:00:00 )
-------------------------------------------------------------------------------------------------------------
	 #1 (6.9052e-05, 7.6119e-02): lin 1 (0.0e+00)
-------------------------------------------------------------------------------------------------------------
 T = 1897.28, DT = 2, NI = 1, LI = 1, RES = 1.2e-08 (7.6e-02), CFL=0.301 (ELAPSED 00:00:09, REMAINING 00:00:00 )
-------------------------------------------------------------------------------------------------------------
	 #1 (6.9015e-05, 7.6002e-02): lin 1 (0.0e+00)
-------------------------------------------------------------------------------------------------------------
 T = 1899.28, DT = 2, NI = 1, LI = 1, RES = 1.1e-08 (7.6e-02), CFL=0.301 (ELAPSED 00:00:09, REMAINING 00:00:00 )
-------------------------------------------------------------------------------------------------------------
	 #1 (6.8979e-05, 7.5910e-02): lin 1 (0.0e+00)
	 #2 (1.1489e-08, 1.0341e-01): lin 1 (0.0e+00)
-------------------------------------------------------------------------------------------------------------
 T = 1901.28, DT = 2, NI = 2, LI = 2, RES = 5.5e-16 (7.2e-06), CFL=0.301 (ELAPSED 00:00:09, REMAINING 00:00:00 )
-------------------------------------------------------------------------------------------------------------
	 #1 (6.8942e-05, 9.3246e-05): lin 1 (0.0e+00)
-------------------------------------------------------------------------------------------------------------
 T = 1903.28, DT = 2, NI = 1, LI = 1, RES = 1.1e-08 (8.2e-02), CFL=0.301 (ELAPSED 00:00:09, REMAINING 00:00:00 )
-------------------------------------------------------------------------------------------------------------
	 #1 (6.8907e-05, 8.1843e-02): lin 1 (0.0e+00)
-------------------------------------------------------------------------------------------------------------
 T = 1905.28, DT = 2, NI = 1, LI = 1, RES = 1.1e-08 (7.7e-02), CFL=0.301 (ELAPSED 00:00:09, REMAINING 00:00:00 )
-------------------------------------------------------------------------------------------------------------
	 #1 (6.8871e-05, 7.6441e-02): lin 1 (0.0e+00)
-------------------------------------------------------------------------------------------------------------
 T = 1907.28, DT = 2, NI = 1, LI = 1, RES = 1.1e-08 (7.6e-02), CFL=0.301 (ELAPSED 00:00:09, REMAINING 00:00:00 )
-------------------------------------------------------------------------------------------------------------
	 #1 (6.8835e-05, 7.5548e-02): lin 1 (0.0e+00)
-------------------------------------------------------------------------------------------------------------
 T = 1909.28, DT = 2, NI = 1, LI = 1, RES = 1.1e-08 (7.6e-02), CFL=0.301 (ELAPSED 00:00:09, REMAINING 00:00:00 )
-------------------------------------------------------------------------------------------------------------
	 #1 (6.8799e-05, 7.5454e-02): lin 1 (0.0e+00)
-------------------------------------------------------------------------------------------------------------
 T = 1911.28, DT = 2, NI = 1, LI = 1, RES = 1.1e-08 (7.5e-02), CFL=0.301 (ELAPSED 00:00:09, REMAINING 00:00:00 )
-------------------------------------------------------------------------------------------------------------
	 #1 (6.8763e-05, 7.5364e-02): lin 1 (0.0e+00)
-------------------------------------------------------------------------------------------------------------
 T = 1913.28, DT = 2, NI = 1, LI = 1, RES = 1.1e-08 (9.9e-02), CFL=0.301 (ELAPSED 00:00:09, REMAINING 00:00:00 )
-------------------------------------------------------------------------------------------------------------
	 #1 (6.8727e-05, 9.9187e-02): lin 1 (0.0e+00)
-------------------------------------------------------------------------------------------------------------
 T = 1915.28, DT = 2, NI = 1, LI = 1, RES = 1.1e-08 (7.5e-02), CFL=0.301 (ELAPSED 00:00:09, REMAINING 00:00:00 )
-------------------------------------------------------------------------------------------------------------
	 #1 (6.8691e-05, 7.5178e-02): lin 1 (0.0e+00)
-------------------------------------------------------------------------------------------------------------
 T = 1917.28, DT = 2, NI = 1, LI = 1, RES = 1.4e-08 (7.5e-02), CFL=0.301 (ELAPSED 00:00:09, REMAINING 00:00:00 )
-------------------------------------------------------------------------------------------------------------
	 #1 (6.8656e-05, 7.5091e-02): lin 1 (0.0e+00)
-------------------------------------------------------------------------------------------------------------
 T = 1919.28, DT = 2, NI = 1, LI = 1, RES = 1.1e-08 (7.5e-02), CFL=0.301 (ELAPSED 00:00:09, REMAINING 00:00:00 )
-------------------------------------------------------------------------------------------------------------
	 #1 (6.8617e-05, 7.5014e-02): lin 1 (0.0e+00)
-------------------------------------------------------------------------------------------------------------
 T = 1921.28, DT = 2, NI = 1, LI = 1, RES = 1.1e-08 (7.5e-02), CFL=0.301 (ELAPSED 00:00:09, REMAINING 00:00:00 )
-------------------------------------------------------------------------------------------------------------
	 #1 (6.8581e-05, 7.4893e-02): lin 1 (0.0e+00)
-------------------------------------------------------------------------------------------------------------
 T = 1923.28, DT = 2, NI = 1, LI = 1, RES = 1.2e-08 (7.2e-02), CFL=0.301 (ELAPSED 00:00:09, REMAINING 00:00:00 )
-------------------------------------------------------------------------------------------------------------
	 #1 (6.8545e-05, 7.2162e-02): lin 1 (0.0e+00)
	 #2 (5.2766e-08, 1.7585e-01): lin 1 (0.0e+00)
-------------------------------------------------------------------------------------------------------------
 T = 1925.28, DT = 2, NI = 2, LI = 2, RES = 1.8e-14 (6.2e-06), CFL=0.301 (ELAPSED 00:00:09, REMAINING 00:00:00 )
-------------------------------------------------------------------------------------------------------------
	 #1 (6.8507e-05, 9.3169e-05): lin 1 (0.0e+00)
-------------------------------------------------------------------------------------------------------------
 T = 1927.28, DT = 2, NI = 1, LI = 1, RES = 1.1e-08 (7.3e-02), CFL=0.301 (ELAPSED 00:00:09, REMAINING 00:00:00 )
-------------------------------------------------------------------------------------------------------------
	 #1 (6.8471e-05, 7.3155e-02): lin 1 (0.0e+00)
-------------------------------------------------------------------------------------------------------------
 T = 1929.28, DT = 2, NI = 1, LI = 1, RES = 1.1e-08 (7.3e-02), CFL=0.301 (ELAPSED 00:00:09, REMAINING 00:00:00 )
-------------------------------------------------------------------------------------------------------------
	 #1 (6.8435e-05, 7.2877e-02): lin 1 (0.0e+00)
-------------------------------------------------------------------------------------------------------------
 T = 1931.28, DT = 2, NI = 1, LI = 1, RES = 1.1e-08 (7.3e-02), CFL=0.301 (ELAPSED 00:00:09, REMAINING 00:00:00 )
-------------------------------------------------------------------------------------------------------------
	 #1 (6.8398e-05, 7.2680e-02): lin 1 (0.0e+00)
-------------------------------------------------------------------------------------------------------------
 T = 1933.28, DT = 2, NI = 1, LI = 1, RES = 1.4e-08 (9.5e-02), CFL=0.301 (ELAPSED 00:00:09, REMAINING 00:00:00 )
-------------------------------------------------------------------------------------------------------------
	 #1 (6.8363e-05, 9.4548e-02): lin 1 (0.0e+00)
-------------------------------------------------------------------------------------------------------------
 T = 1935.28, DT = 2, NI = 1, LI = 1, RES = 1.1e-08 (7.2e-02), CFL=0.301 (ELAPSED 00:00:09, REMAINING 00:00:00 )
-------------------------------------------------------------------------------------------------------------
	 #1 (6.8328e-05, 7.2390e-02): lin 1 (0.0e+00)
-------------------------------------------------------------------------------------------------------------
 T = 1937.28, DT = 2, NI = 1, LI = 1, RES = 1.1e-08 (7.2e-02), CFL=0.301 (ELAPSED 00:00:09, REMAINING 00:00:00 )
-------------------------------------------------------------------------------------------------------------
	 #1 (6.8292e-05, 7.2295e-02): lin 1 (0.0e+00)
-------------------------------------------------------------------------------------------------------------
 T = 1939.28, DT = 2, NI = 1, LI = 1, RES = 1.1e-08 (7.2e-02), CFL=0.301 (ELAPSED 00:00:09, REMAINING 00:00:00 )
-------------------------------------------------------------------------------------------------------------
	 #1 (6.8256e-05, 7.2210e-02): lin 1 (0.0e+00)
-------------------------------------------------------------------------------------------------------------
 T = 1941.28, DT = 2, NI = 1, LI = 1, RES = 1.1e-08 (7.2e-02), CFL=0.301 (ELAPSED 00:00:09, REMAINING 00:00:00 )
-------------------------------------------------------------------------------------------------------------
	 #1 (6.8221e-05, 7.2124e-02): lin 1 (0.0e+00)
-------------------------------------------------------------------------------------------------------------
 T = 1943.28, DT = 2, NI = 1, LI = 1, RES = 1.1e-08 (7.2e-02), CFL=0.301 (ELAPSED 00:00:09, REMAINING 00:00:00 )
-------------------------------------------------------------------------------------------------------------
	 #1 (6.8185e-05, 7.2046e-02): lin 1 (0.0e+00)
-------------------------------------------------------------------------------------------------------------
 T = 1945.28, DT = 2, NI = 1, LI = 1, RES = 1.1e-08 (7.2e-02), CFL=0.301 (ELAPSED 00:00:09, REMAINING 00:00:00 )
-------------------------------------------------------------------------------------------------------------
	 #1 (6.8150e-05, 7.1964e-02): lin 1 (0.0e+00)
-------------------------------------------------------------------------------------------------------------
 T = 1947.28, DT = 2, NI = 1, LI = 1, RES = 1.1e-08 (7.2e-02), CFL=0.301 (ELAPSED 00:00:09, REMAINING 00:00:00 )
-------------------------------------------------------------------------------------------------------------
	 #1 (6.8114e-05, 7.1885e-02): lin 1 (0.0e+00)
-------------------------------------------------------------------------------------------------------------
 T = 1949.28, DT = 2, NI = 1, LI = 1, RES = 1.1e-08 (7.2e-02), CFL=0.301 (ELAPSED 00:00:09, REMAINING 00:00:00 )
-------------------------------------------------------------------------------------------------------------
	 #1 (6.8079e-05, 7.1808e-02): lin 1 (0.0e+00)
-------------------------------------------------------------------------------------------------------------
 T = 1951.28, DT = 2, NI = 1, LI = 1, RES = 1.1e-08 (9.8e-02), CFL=0.301 (ELAPSED 00:00:09, REMAINING 00:00:00 )
-------------------------------------------------------------------------------------------------------------
	 #1 (6.8044e-05, 9.8346e-02): lin 1 (0.0e+00)
-------------------------------------------------------------------------------------------------------------
 T = 1953.28, DT = 2, NI = 1, LI = 1, RES = 1.1e-08 (7.3e-02), CFL=0.301 (ELAPSED 00:00:09, REMAINING 00:00:00 )
-------------------------------------------------------------------------------------------------------------
	 #1 (6.8009e-05, 7.3084e-02): lin 1 (0.0e+00)
-------------------------------------------------------------------------------------------------------------
 T = 1955.28, DT = 2, NI = 1, LI = 1, RES = 1.1e-08 (7.1e-02), CFL=0.301 (ELAPSED 00:00:09, REMAINING 00:00:00 )
-------------------------------------------------------------------------------------------------------------
	 #1 (6.7974e-05, 7.1369e-02): lin 1 (0.0e+00)
-------------------------------------------------------------------------------------------------------------
 T = 1957.28, DT = 2, NI = 1, LI = 1, RES = 1.1e-08 (7.1e-02), CFL=0.301 (ELAPSED 00:00:09, REMAINING 00:00:00 )
-------------------------------------------------------------------------------------------------------------
	 #1 (6.7939e-05, 7.1304e-02): lin 1 (0.0e+00)
	 #2 (7.6705e-08, 5.6903e-01): lin 1 (0.0e+00)
-------------------------------------------------------------------------------------------------------------
 T = 1959.28, DT = 2, NI = 2, LI = 2, RES = 4.8e-14 (7.4e-06), CFL=0.301 (ELAPSED 00:00:09, REMAINING 00:00:00 )
-------------------------------------------------------------------------------------------------------------
	 #1 (6.7904e-05, 9.1489e-05): lin 1 (0.0e+00)
-------------------------------------------------------------------------------------------------------------
 T = 1961.28, DT = 2, NI = 1, LI = 1, RES = 1.1e-08 (9.2e-02), CFL=0.301 (ELAPSED 00:00:09, REMAINING 00:00:00 )
-------------------------------------------------------------------------------------------------------------
	 #1 (6.7869e-05, 9.1569e-02): lin 1 (0.0e+00)
-------------------------------------------------------------------------------------------------------------
 T = 1963.28, DT = 2, NI = 1, LI = 1, RES = 1.1e-08 (7.1e-02), CFL=0.301 (ELAPSED 00:00:09, REMAINING 00:00:00 )
-------------------------------------------------------------------------------------------------------------
	 #1 (6.7835e-05, 7.1081e-02): lin 1 (0.0e+00)
-------------------------------------------------------------------------------------------------------------
 T = 1965.28, DT = 2, NI = 1, LI = 1, RES = 1.1e-08 (7.1e-02), CFL=0.301 (ELAPSED 00:00:09, REMAINING 00:00:00 )
-------------------------------------------------------------------------------------------------------------
	 #1 (6.7800e-05, 7.1003e-02): lin 1 (0.0e+00)
-------------------------------------------------------------------------------------------------------------
 T = 1967.28, DT = 2, NI = 1, LI = 1, RES = 1.1e-08 (7.1e-02), CFL=0.301 (ELAPSED 00:00:09, REMAINING 00:00:00 )
-------------------------------------------------------------------------------------------------------------
	 #1 (6.7765e-05, 7.0925e-02): lin 1 (0.0e+00)
-------------------------------------------------------------------------------------------------------------
 T = 1969.28, DT = 2, NI = 1, LI = 1, RES = 1.1e-08 (7.1e-02), CFL=0.301 (ELAPSED 00:00:09, REMAINING 00:00:00 )
-------------------------------------------------------------------------------------------------------------
	 #1 (6.7730e-05, 7.0849e-02): lin 1 (0.0e+00)
-------------------------------------------------------------------------------------------------------------
 T = 1971.28, DT = 2, NI = 1, LI = 1, RES = 1.1e-08 (7.1e-02), CFL=0.301 (ELAPSED 00:00:09, REMAINING 00:00:00 )
-------------------------------------------------------------------------------------------------------------
	 #1 (6.7696e-05, 7.0773e-02): lin 1 (0.0e+00)
-------------------------------------------------------------------------------------------------------------
 T = 1973.28, DT = 2, NI = 1, LI = 1, RES = 1.1e-08 (7.1e-02), CFL=0.301 (ELAPSED 00:00:09, REMAINING 00:00:00 )
-------------------------------------------------------------------------------------------------------------
	 #1 (6.7661e-05, 7.0694e-02): lin 1 (0.0e+00)
-------------------------------------------------------------------------------------------------------------
 T = 1975.28, DT = 2, NI = 1, LI = 1, RES = 1.1e-08 (7.2e-02), CFL=0.301 (ELAPSED 00:00:09, REMAINING 00:00:00 )
-------------------------------------------------------------------------------------------------------------
	 #1 (6.7626e-05, 7.2205e-02): lin 1 (0.0e+00)
-------------------------------------------------------------------------------------------------------------
 T = 1977.28, DT = 2, NI = 1, LI = 1, RES = 1.1e-08 (7.2e-02), CFL=0.301 (ELAPSED 00:00:09, REMAINING 00:00:00 )
-------------------------------------------------------------------------------------------------------------
	 #1 (6.7592e-05, 7.2407e-02): lin 1 (0.0e+00)
-------------------------------------------------------------------------------------------------------------
 T = 1979.28, DT = 2, NI = 1, LI = 1, RES = 1.1e-08 (7.4e-02), CFL=0.301 (ELAPSED 00:00:09, REMAINING 00:00:00 )
-------------------------------------------------------------------------------------------------------------
	 #1 (6.7557e-05, 7.3672e-02): lin 1 (0.0e+00)
-------------------------------------------------------------------------------------------------------------
 T = 1981.28, DT = 2, NI = 1, LI = 1, RES = 1.1e-08 (7.3e-02), CFL=0.301 (ELAPSED 00:00:09, REMAINING 00:00:00 )
-------------------------------------------------------------------------------------------------------------
	 #1 (6.7523e-05, 7.2442e-02): lin 1 (0.0e+00)
-------------------------------------------------------------------------------------------------------------
 T = 1983.28, DT = 2, NI = 1, LI = 1, RES = 1.1e-08 (7.2e-02), CFL=0.301 (ELAPSED 00:00:09, REMAINING 00:00:00 )
-------------------------------------------------------------------------------------------------------------
	 #1 (6.7489e-05, 7.2385e-02): lin 1 (0.0e+00)
	 #2 (1.0933e-08, 1.5298e-01): lin 1 (0.0e+00)
-------------------------------------------------------------------------------------------------------------
 T = 1985.28, DT = 2, NI = 2, LI = 2, RES = 9.8e-15 (5.6e-06), CFL=0.301 (ELAPSED 00:00:09, REMAINING 00:00:00 )
-------------------------------------------------------------------------------------------------------------
	 #1 (6.7453e-05, 9.1572e-05): lin 1 (0.0e+00)
-------------------------------------------------------------------------------------------------------------
 T = 1987.28, DT = 2, NI = 1, LI = 1, RES = 1.1e-08 (7.7e-02), CFL=0.302 (ELAPSED 00:00:09, REMAINING 00:00:00 )
-------------------------------------------------------------------------------------------------------------
	 #1 (6.7419e-05, 7.7207e-02): lin 1 (0.0e+00)
-------------------------------------------------------------------------------------------------------------
 T = 1989.28, DT = 2, NI = 1, LI = 1, RES = 1.1e-08 (7.2e-02), CFL=0.302 (ELAPSED 00:00:09, REMAINING 00:00:00 )
-------------------------------------------------------------------------------------------------------------
	 #1 (6.7385e-05, 7.2157e-02): lin 1 (0.0e+00)
-------------------------------------------------------------------------------------------------------------
 T = 1991.28, DT = 2, NI = 1, LI = 1, RES = 1.1e-08 (7.2e-02), CFL=0.302 (ELAPSED 00:00:09, REMAINING 00:00:00 )
-------------------------------------------------------------------------------------------------------------
	 #1 (6.7351e-05, 7.2043e-02): lin 1 (0.0e+00)
-------------------------------------------------------------------------------------------------------------
 T = 1993.28, DT = 2, NI = 1, LI = 1, RES = 1.2e-08 (7.2e-02), CFL=0.302 (ELAPSED 00:00:09, REMAINING 00:00:00 )
-------------------------------------------------------------------------------------------------------------
	 #1 (6.7317e-05, 7.1987e-02): lin 1 (0.0e+00)
-------------------------------------------------------------------------------------------------------------
 T = 1995.28, DT = 2, NI = 1, LI = 1, RES = 1.1e-08 (7.2e-02), CFL=0.302 (ELAPSED 00:00:09, REMAINING 00:00:00 )
-------------------------------------------------------------------------------------------------------------
	 #1 (6.7282e-05, 7.1939e-02): lin 1 (0.0e+00)
-------------------------------------------------------------------------------------------------------------
 T = 1997.28, DT = 2, NI = 1, LI = 1, RES = 1.1e-08 (7.2e-02), CFL=0.302 (ELAPSED 00:00:09, REMAINING 00:00:00 )
-------------------------------------------------------------------------------------------------------------
	 #1 (6.7247e-05, 7.1811e-02): lin 1 (0.0e+00)
-------------------------------------------------------------------------------------------------------------
 T = 1999.28, DT = 2, NI = 1, LI = 1, RES = 1.1e-08 (7.2e-02), CFL=0.302 (ELAPSED 00:00:09, REMAINING 00:00:00 )
-------------------------------------------------------------------------------------------------------------
	 #1 (2.4308e-05, 2.5938e-02): lin 1 (0.0e+00)
-------------------------------------------------------------------------------------------------------------
 T = 2000, DT = 0.7233, NI = 1, LI = 1, RES = 1.4e-09 (3.4e-03), CFL=0.109 (ELAPSED 00:00:09, REMAINING 00:00:00 )
-------------------------------------------------------------------------------------------------------------

Total steps 1014 (0) newton 1806 (0) linear 1806 (0)
---OBL Statistics---
Number of operators: 37
Number of points: 500
Number of interpolations: 44986487 
Number of points used: 6062 (0.005%)
Total elapsed 9.732892 sec
	jacobian assembly 3.255855 sec
		interpolation 2.619975 sec
			reservoir 0 interpolation 2.483865 sec
				body generation 1.999400 sec
					point generation 1.991341 sec
			well controls interpolation 0.083378 sec
				body generation 0.068303 sec
					point generation 0.067996 sec
			wellbore interpolation 0.139490 sec
				body generation 0.087541 sec
					point generation 0.087273 sec
	linear solver setup 0.002083 sec
		SUPERLU 0.000540 sec
	linear solver solve 6.039246 sec
		SUPERLU 5.857804 sec
	newton update 0.042486 sec
		composition correction 0.009045 sec
