darts-linear-solvers built on Sep  9 2024 00:22:26 by shahr@Calmking from 284e3ba9df2eae05aed557d46434851b3c7bbaec
darts-engines built on Sep  9 2024 00:22:25 by shahr@Calmking from 284e3ba9df2eae05aed557d46434851b3c7bbaec
darts-discretizer built on Sep  9 2024 00:22:25 by shahr@Calmking from 284e3ba9df2eae05aed557d46434851b3c7bbaec
darts-linear-solvers built on Sep  9 2024 00:22:26 by shahr@Calmking from 284e3ba9df2eae05aed557d46434851b3c7bbaec
darts-engines built on Sep  9 2024 00:22:25 by shahr@Calmking from 284e3ba9df2eae05aed557d46434851b3c7bbaec
darts-discretizer built on Sep  9 2024 00:22:25 by shahr@Calmking from 284e3ba9df2eae05aed557d46434851b3c7bbaec
Processing mesh: 20 reservoir blocks, 4 well blocks, 23 connections
2-phase 3-component isothermal flow with kinetic reaction and diffusion CPU engine
Sim params: 
	First ts: 	0.001
	Max ts: 	1
	Mult ts: 	2
	Max i newton: 	10
	Max i linear: 	50
	Tol newton: 	0.01
	Tol linear: 	0.001

START SIMULATION
-------------------------------------------------------------------------------------------------------------
Well I1 initialized with BHP injector
Well P1 initialized with BHP producer
Processing mesh: 20 reservoir blocks, 4 well blocks, 23 connections
2-phase 3-component isothermal flow with kinetic reaction and diffusion CPU engine
Sim params: 
	First ts: 	0.001
	Max ts: 	1
	Mult ts: 	2
	Max i newton: 	10
	Max i linear: 	50
	Tol newton: 	0.01
	Tol linear: 	0.001

START SIMULATION
-------------------------------------------------------------------------------------------------------------
Well I1 initialized with BHP injector
Well P1 initialized with BHP producer
csr_matrix_base::write_matrix_to_file will be deprecated in the future.
csr_matrix_base::write_matrix_to_file will be deprecated in the future.
	 #1 (1.2530e-01, 3.7641e+02): lin 1 (0.0e+00)
Composition correction applied in 2 block(s)
csr_matrix_base::write_matrix_to_file will be deprecated in the future.
csr_matrix_base::write_matrix_to_file will be deprecated in the future.
	 #2 (2.3513e-02, 2.3522e+02): lin 1 (0.0e+00)
Composition correction applied in 2 block(s)
csr_matrix_base::write_matrix_to_file will be deprecated in the future.
csr_matrix_base::write_matrix_to_file will be deprecated in the future.
-------------------------------------------------------------------------------------------------------------
 T = 0.001, DT = 0.001, NI = 2, LI = 2, RES = 3.7e-07 (1.9e-04), CFL=0.029 (ELAPSED 00:00:00 )
-------------------------------------------------------------------------------------------------------------
csr_matrix_base::write_matrix_to_file will be deprecated in the future.
	 #1 (6.6671e-03, 4.2845e-07): lin 1 (0.0e+00)
Composition correction applied in 1 block(s)
csr_matrix_base::write_matrix_to_file will be deprecated in the future.
-------------------------------------------------------------------------------------------------------------
 T = 0.001, DT = 0.001, NI = 1, LI = 1, RES = 1.4e-04 (1.6e-14), CFL=0.028 (ELAPSED 00:00:00 )
-------------------------------------------------------------------------------------------------------------
csr_matrix_base::write_matrix_to_file will be deprecated in the future.
csr_matrix_base::write_matrix_to_file will be deprecated in the future.
	 #1 (2.3604e-02, 3.8649e-04): lin 1 (0.0e+00)
Composition correction applied in 1 block(s)
csr_matrix_base::write_matrix_to_file will be deprecated in the future.
csr_matrix_base::write_matrix_to_file will be deprecated in the future.
-------------------------------------------------------------------------------------------------------------
 T = 0.003, DT = 0.002, NI = 1, LI = 1, RES = 8.8e-08 (1.1e-05), CFL=0.047 (ELAPSED 00:00:00 )
-------------------------------------------------------------------------------------------------------------
csr_matrix_base::write_matrix_to_file will be deprecated in the future.
	 #1 (9.3757e-03, 6.5031e-06): lin 1 (0.0e+00)
Composition correction applied in 1 block(s)
csr_matrix_base::write_matrix_to_file will be deprecated in the future.
-------------------------------------------------------------------------------------------------------------
 T = 0.003, DT = 0.002, NI = 1, LI = 1, RES = 1.9e-04 (1.8e-12), CFL=0.044 (ELAPSED 00:00:00 )
-------------------------------------------------------------------------------------------------------------
csr_matrix_base::write_matrix_to_file will be deprecated in the future.
csr_matrix_base::write_matrix_to_file will be deprecated in the future.
	 #1 (1.1142e-02, 6.3220e-05): lin 1 (0.0e+00)
Composition correction applied in 1 block(s)
csr_matrix_base::write_matrix_to_file will be deprecated in the future.
csr_matrix_base::write_matrix_to_file will be deprecated in the future.
-------------------------------------------------------------------------------------------------------------
 T = 0.007, DT = 0.004, NI = 1, LI = 1, RES = 2.9e-09 (6.8e-07), CFL=0.102 (ELAPSED 00:00:00 )
-------------------------------------------------------------------------------------------------------------
csr_matrix_base::write_matrix_to_file will be deprecated in the future.
	 #1 (1.7683e-02, 6.2914e-05): lin 1 (0.0e+00)
Composition correction applied in 2 block(s)
csr_matrix_base::write_matrix_to_file will be deprecated in the future.
	 #2 (2.0747e-02, 9.0217e-11): lin 1 (0.0e+00)
Composition correction applied in 2 block(s)
csr_matrix_base::write_matrix_to_file will be deprecated in the future.
-------------------------------------------------------------------------------------------------------------
 T = 0.007, DT = 0.004, NI = 2, LI = 2, RES = 3.9e-03 (2.3e-15), CFL=0.089 (ELAPSED 00:00:00 )
-------------------------------------------------------------------------------------------------------------
csr_matrix_base::write_matrix_to_file will be deprecated in the future.
csr_matrix_base::write_matrix_to_file will be deprecated in the future.
	 #1 (4.6425e-02, 4.3254e-04): lin 1 (0.0e+00)
Composition correction applied in 2 block(s)
csr_matrix_base::write_matrix_to_file will be deprecated in the future.
csr_matrix_base::write_matrix_to_file will be deprecated in the future.
-------------------------------------------------------------------------------------------------------------
 T = 0.015, DT = 0.008, NI = 1, LI = 1, RES = 6.9e-07 (2.7e-06), CFL=0.237 (ELAPSED 00:00:00 )
-------------------------------------------------------------------------------------------------------------
csr_matrix_base::write_matrix_to_file will be deprecated in the future.
	 #1 (3.9217e-02, 4.3683e-04): lin 1 (0.0e+00)
Composition correction applied in 1 block(s)
csr_matrix_base::write_matrix_to_file will be deprecated in the future.
-------------------------------------------------------------------------------------------------------------
 T = 0.015, DT = 0.008, NI = 1, LI = 1, RES = 9.9e-03 (2.2e-09), CFL=0.178 (ELAPSED 00:00:00 )
-------------------------------------------------------------------------------------------------------------
csr_matrix_base::write_matrix_to_file will be deprecated in the future.
csr_matrix_base::write_matrix_to_file will be deprecated in the future.
	 #1 (1.6854e-02, 2.9967e-03): lin 1 (0.0e+00)
Composition correction applied in 1 block(s)
csr_matrix_base::write_matrix_to_file will be deprecated in the future.
csr_matrix_base::write_matrix_to_file will be deprecated in the future.
-------------------------------------------------------------------------------------------------------------
 T = 0.031, DT = 0.016, NI = 1, LI = 1, RES = 1.2e-08 (4.0e-07), CFL=0.449 (ELAPSED 00:00:00 )
-------------------------------------------------------------------------------------------------------------
csr_matrix_base::write_matrix_to_file will be deprecated in the future.
	 #1 (6.6214e-02, 3.1293e-03): lin 1 (0.0e+00)
Composition correction applied in 1 block(s)
csr_matrix_base::write_matrix_to_file will be deprecated in the future.
	 #2 (6.0775e-02, 5.8488e-08): lin 1 (0.0e+00)
Composition correction applied in 1 block(s)
csr_matrix_base::write_matrix_to_file will be deprecated in the future.
	 #3 (2.5156e-02, 1.1303e-14): lin 1 (0.0e+00)
Composition correction applied in 1 block(s)
csr_matrix_base::write_matrix_to_file will be deprecated in the future.
-------------------------------------------------------------------------------------------------------------
 T = 0.031, DT = 0.016, NI = 3, LI = 3, RES = 2.1e-03 (5.7e-15), CFL=0.357 (ELAPSED 00:00:00 )
-------------------------------------------------------------------------------------------------------------
csr_matrix_base::write_matrix_to_file will be deprecated in the future.
csr_matrix_base::write_matrix_to_file will be deprecated in the future.
	 #1 (3.3349e-01, 2.0846e-02): lin 1 (0.0e+00)
Composition correction applied in 1 block(s)
csr_matrix_base::write_matrix_to_file will be deprecated in the future.
csr_matrix_base::write_matrix_to_file will be deprecated in the future.
-------------------------------------------------------------------------------------------------------------
 T = 0.063, DT = 0.032, NI = 1, LI = 1, RES = 1.3e-05 (2.8e-06), CFL=0.862 (ELAPSED 00:00:00 )
-------------------------------------------------------------------------------------------------------------
csr_matrix_base::write_matrix_to_file will be deprecated in the future.
	 #1 (1.3002e-01, 2.3070e-02): lin 1 (0.0e+00)
Composition correction applied in 2 block(s)
csr_matrix_base::write_matrix_to_file will be deprecated in the future.
	 #2 (1.2350e-01, 1.5836e-06): lin 1 (0.0e+00)
Composition correction applied in 2 block(s)
csr_matrix_base::write_matrix_to_file will be deprecated in the future.
	 #3 (1.0253e-01, 4.0863e-14): lin 1 (0.0e+00)
Composition correction applied in 2 block(s)
csr_matrix_base::write_matrix_to_file will be deprecated in the future.
	 #4 (1.6861e-02, 2.0562e-14): lin 1 (0.0e+00)
Composition correction applied in 2 block(s)
csr_matrix_base::write_matrix_to_file will be deprecated in the future.
-------------------------------------------------------------------------------------------------------------
 T = 0.063, DT = 0.032, NI = 4, LI = 4, RES = 8.6e-04 (4.1e-14), CFL=1.106 (ELAPSED 00:00:00 )
-------------------------------------------------------------------------------------------------------------
csr_matrix_base::write_matrix_to_file will be deprecated in the future.
csr_matrix_base::write_matrix_to_file will be deprecated in the future.
	 #1 (6.4196e-01, 1.4468e-01): lin 1 (0.0e+00)
Composition correction applied in 2 block(s)
csr_matrix_base::write_matrix_to_file will be deprecated in the future.
csr_matrix_base::write_matrix_to_file will be deprecated in the future.
-------------------------------------------------------------------------------------------------------------
 T = 0.127, DT = 0.064, NI = 1, LI = 1, RES = 3.9e-05 (1.6e-05), CFL=1.742 (ELAPSED 00:00:00 )
-------------------------------------------------------------------------------------------------------------
csr_matrix_base::write_matrix_to_file will be deprecated in the future.
	 #1 (2.7132e-01, 1.7631e-01): lin 1 (0.0e+00)
Composition correction applied in 2 block(s)
csr_matrix_base::write_matrix_to_file will be deprecated in the future.
	 #2 (2.8494e-01, 6.8940e-05): lin 1 (0.0e+00)
Composition correction applied in 2 block(s)
csr_matrix_base::write_matrix_to_file will be deprecated in the future.
	 #3 (2.0370e-01, 6.5440e-11): lin 1 (0.0e+00)
Composition correction applied in 2 block(s)
csr_matrix_base::write_matrix_to_file will be deprecated in the future.
	 #4 (1.9805e-01, 3.3776e-09): lin 1 (0.0e+00)
Composition correction applied in 2 block(s)
csr_matrix_base::write_matrix_to_file will be deprecated in the future.
	 #5 (2.3583e-01, 1.1030e-09): lin 1 (0.0e+00)
Composition correction applied in 2 block(s)
csr_matrix_base::write_matrix_to_file will be deprecated in the future.
	 #6 (1.9012e-01, 2.3321e-09): lin 1 (0.0e+00)
Composition correction applied in 2 block(s)
csr_matrix_base::write_matrix_to_file will be deprecated in the future.
	 #7 (2.1797e-01, 2.3193e-09): lin 1 (0.0e+00)
Composition correction applied in 2 block(s)
csr_matrix_base::write_matrix_to_file will be deprecated in the future.
	 #8 (4.8542e-02, 2.0646e-10): lin 1 (0.0e+00)
Composition correction applied in 2 block(s)
csr_matrix_base::write_matrix_to_file will be deprecated in the future.
-------------------------------------------------------------------------------------------------------------
 T = 0.127, DT = 0.064, NI = 8, LI = 8, RES = 1.7e-03 (7.0e-11), CFL=3.357 (ELAPSED 00:00:01 )
-------------------------------------------------------------------------------------------------------------
csr_matrix_base::write_matrix_to_file will be deprecated in the future.
csr_matrix_base::write_matrix_to_file will be deprecated in the future.
	 #1 (2.1970e+00, 9.8108e-01): lin 1 (0.0e+00)
Composition correction applied in 2 block(s)
csr_matrix_base::write_matrix_to_file will be deprecated in the future.
csr_matrix_base::write_matrix_to_file will be deprecated in the future.
-------------------------------------------------------------------------------------------------------------
 T = 0.255, DT = 0.128, NI = 1, LI = 1, RES = 2.8e-04 (1.4e-04), CFL=3.681 (ELAPSED 00:00:01 )
-------------------------------------------------------------------------------------------------------------
csr_matrix_base::write_matrix_to_file will be deprecated in the future.
	 #1 (5.3818e-01, 1.4435e+00): lin 1 (0.0e+00)
Composition correction applied in 2 block(s)
Local chop applied in 2 block(s)
csr_matrix_base::write_matrix_to_file will be deprecated in the future.
	 #2 (5.4831e-01, 5.5797e-02): lin 1 (0.0e+00)
Composition correction applied in 2 block(s)
Local chop applied in 2 block(s)
csr_matrix_base::write_matrix_to_file will be deprecated in the future.
	 #3 (5.2400e-01, 1.8620e-02): lin 1 (0.0e+00)
Composition correction applied in 2 block(s)
csr_matrix_base::write_matrix_to_file will be deprecated in the future.
	 #4 (4.8959e-01, 8.9980e-03): lin 1 (0.0e+00)
Composition correction applied in 2 block(s)
Local chop applied in 1 block(s)
csr_matrix_base::write_matrix_to_file will be deprecated in the future.
	 #5 (6.9163e-01, 2.2808e-05): lin 1 (0.0e+00)
Composition correction applied in 2 block(s)
csr_matrix_base::write_matrix_to_file will be deprecated in the future.
	 #6 (4.8619e-01, 5.4906e-07): lin 1 (0.0e+00)
Composition correction applied in 2 block(s)
Local chop applied in 1 block(s)
csr_matrix_base::write_matrix_to_file will be deprecated in the future.
	 #7 (7.2913e-01, 7.8037e-03): lin 1 (0.0e+00)
Composition correction applied in 2 block(s)
csr_matrix_base::write_matrix_to_file will be deprecated in the future.
	 #8 (4.8752e-01, 1.9677e-02): lin 1 (0.0e+00)
Composition correction applied in 2 block(s)
Local chop applied in 1 block(s)
csr_matrix_base::write_matrix_to_file will be deprecated in the future.
	 #9 (6.7903e-01, 1.9102e-02): lin 1 (0.0e+00)
Composition correction applied in 2 block(s)
csr_matrix_base::write_matrix_to_file will be deprecated in the future.
	 #10 (4.7406e-01, 1.9656e-02): lin 1 (0.0e+00)
Composition correction applied in 2 block(s)
Local chop applied in 1 block(s)
csr_matrix_base::write_matrix_to_file will be deprecated in the future.
FAILED TO CONVERGE WITH DT = 0.128 (newton residual reservoir) 
csr_matrix_base::write_matrix_to_file will be deprecated in the future.
csr_matrix_base::write_matrix_to_file will be deprecated in the future.
	 #1 (5.7948e-02, 1.3904e-03): lin 1 (0.0e+00)
Composition correction applied in 2 block(s)
csr_matrix_base::write_matrix_to_file will be deprecated in the future.
csr_matrix_base::write_matrix_to_file will be deprecated in the future.
-------------------------------------------------------------------------------------------------------------
 T = 0.191, DT = 0.064, NI = 1, LI = 1, RES = 2.9e-05 (3.0e-04), CFL=1.745 (ELAPSED 00:00:01 )
-------------------------------------------------------------------------------------------------------------
csr_matrix_base::write_matrix_to_file will be deprecated in the future.
	 #1 (2.1291e-01, 8.0044e-01): lin 1 (0.0e+00)
Composition correction applied in 1 block(s)
csr_matrix_base::write_matrix_to_file will be deprecated in the future.
	 #2 (1.7859e-01, 9.5696e-03): lin 1 (0.0e+00)
Composition correction applied in 1 block(s)
csr_matrix_base::write_matrix_to_file will be deprecated in the future.
	 #3 (1.6539e-01, 1.4158e-05): lin 1 (0.0e+00)
Composition correction applied in 1 block(s)
csr_matrix_base::write_matrix_to_file will be deprecated in the future.
	 #4 (1.8108e-01, 6.6656e-07): lin 1 (0.0e+00)
Composition correction applied in 1 block(s)
csr_matrix_base::write_matrix_to_file will be deprecated in the future.
	 #5 (1.9583e-01, 3.5250e-07): lin 1 (0.0e+00)
Composition correction applied in 1 block(s)
csr_matrix_base::write_matrix_to_file will be deprecated in the future.
	 #6 (9.6605e-02, 1.8902e-07): lin 1 (0.0e+00)
Composition correction applied in 1 block(s)
csr_matrix_base::write_matrix_to_file will be deprecated in the future.
	 #7 (3.1612e-02, 2.4330e-08): lin 1 (0.0e+00)
Composition correction applied in 1 block(s)
csr_matrix_base::write_matrix_to_file will be deprecated in the future.
-------------------------------------------------------------------------------------------------------------
 T = 0.191, DT = 0.064, NI = 7, LI = 7, RES = 2.4e-03 (4.2e-09), CFL=2.337 (ELAPSED 00:00:03 )
-------------------------------------------------------------------------------------------------------------
csr_matrix_base::write_matrix_to_file will be deprecated in the future.
csr_matrix_base::write_matrix_to_file will be deprecated in the future.
	 #1 (1.0458e+00, 3.7690e+00): lin 1 (0.0e+00)
Composition correction applied in 1 block(s)
csr_matrix_base::write_matrix_to_file will be deprecated in the future.
csr_matrix_base::write_matrix_to_file will be deprecated in the future.
-------------------------------------------------------------------------------------------------------------
 T = 0.319, DT = 0.128, NI = 1, LI = 1, RES = 1.1e-04 (7.6e-04), CFL=4.181 (ELAPSED 00:00:01 )
-------------------------------------------------------------------------------------------------------------
csr_matrix_base::write_matrix_to_file will be deprecated in the future.
	 #1 (4.7621e-01, 5.4948e+00): lin 1 (0.0e+00)
Composition correction applied in 1 block(s)
Local chop applied in 1 block(s)
csr_matrix_base::write_matrix_to_file will be deprecated in the future.
	 #2 (4.8526e-01, 1.0479e+01): lin 1 (0.0e+00)
Composition correction applied in 1 block(s)
Local chop applied in 1 block(s)
csr_matrix_base::write_matrix_to_file will be deprecated in the future.
	 #3 (4.7580e-01, 5.4005e+01): lin 1 (0.0e+00)
Composition correction applied in 1 block(s)
csr_matrix_base::write_matrix_to_file will be deprecated in the future.
	 #4 (3.9694e-01, 2.8877e+00): lin 1 (0.0e+00)
Composition correction applied in 1 block(s)
csr_matrix_base::write_matrix_to_file will be deprecated in the future.
	 #5 (4.2980e-01, 8.1000e+00): lin 1 (0.0e+00)
Composition correction applied in 1 block(s)
csr_matrix_base::write_matrix_to_file will be deprecated in the future.
	 #6 (4.3084e-01, 2.3154e+01): lin 1 (0.0e+00)
Composition correction applied in 1 block(s)
csr_matrix_base::write_matrix_to_file will be deprecated in the future.
	 #7 (4.4208e-01, 3.2729e+01): lin 1 (0.0e+00)
Composition correction applied in 1 block(s)
Local chop applied in 1 block(s)
csr_matrix_base::write_matrix_to_file will be deprecated in the future.
	 #8 (7.2692e-01, 5.2655e+00): lin 1 (0.0e+00)
Composition correction applied in 1 block(s)
Local chop applied in 1 block(s)
csr_matrix_base::write_matrix_to_file will be deprecated in the future.
	 #9 (5.1223e-01, 7.2764e-01): lin 1 (0.0e+00)
Composition correction applied in 1 block(s)
csr_matrix_base::write_matrix_to_file will be deprecated in the future.
	 #10 (1.5518e-01, 9.5571e-02): lin 1 (0.0e+00)
Composition correction applied in 1 block(s)
csr_matrix_base::write_matrix_to_file will be deprecated in the future.
FAILED TO CONVERGE WITH DT = 0.128 (newton residual reservoir) 
csr_matrix_base::write_matrix_to_file will be deprecated in the future.
csr_matrix_base::write_matrix_to_file will be deprecated in the future.
	 #1 (5.8222e-02, 6.7531e-03): lin 1 (0.0e+00)
Composition correction applied in 1 block(s)
csr_matrix_base::write_matrix_to_file will be deprecated in the future.
csr_matrix_base::write_matrix_to_file will be deprecated in the future.
-------------------------------------------------------------------------------------------------------------
 T = 0.255, DT = 0.064, NI = 1, LI = 1, RES = 3.4e-05 (1.4e-03), CFL=1.900 (ELAPSED 00:00:01 )
-------------------------------------------------------------------------------------------------------------
csr_matrix_base::write_matrix_to_file will be deprecated in the future.
	 #1 (2.0032e-01, 3.4487e+00): lin 1 (0.0e+00)
Composition correction applied in 1 block(s)
csr_matrix_base::write_matrix_to_file will be deprecated in the future.
	 #2 (1.7303e-01, 3.6384e-01): lin 1 (0.0e+00)
Composition correction applied in 1 block(s)
csr_matrix_base::write_matrix_to_file will be deprecated in the future.
	 #3 (1.1525e-01, 1.5295e+01): lin 1 (0.0e+00)
Composition correction applied in 1 block(s)
csr_matrix_base::write_matrix_to_file will be deprecated in the future.
	 #4 (4.4434e-02, 6.6103e+00): lin 1 (0.0e+00)
Composition correction applied in 1 block(s)
csr_matrix_base::write_matrix_to_file will be deprecated in the future.
	 #5 (1.3264e-02, 6.5908e+00): lin 1 (0.0e+00)
Composition correction applied in 1 block(s)
csr_matrix_base::write_matrix_to_file will be deprecated in the future.
-------------------------------------------------------------------------------------------------------------
 T = 0.255, DT = 0.064, NI = 5, LI = 5, RES = 5.1e-04 (2.5e-01), CFL=2.310 (ELAPSED 00:00:04 )
-------------------------------------------------------------------------------------------------------------
csr_matrix_base::write_matrix_to_file will be deprecated in the future.
csr_matrix_base::write_matrix_to_file will be deprecated in the future.
	 #1 (7.4285e-01, 1.6050e+00): lin 1 (0.0e+00)
Composition correction applied in 1 block(s)
csr_matrix_base::write_matrix_to_file will be deprecated in the future.
csr_matrix_base::write_matrix_to_file will be deprecated in the future.
-------------------------------------------------------------------------------------------------------------
 T = 0.383, DT = 0.128, NI = 1, LI = 1, RES = 8.6e-05 (5.2e-03), CFL=4.168 (ELAPSED 00:00:02 )
-------------------------------------------------------------------------------------------------------------
csr_matrix_base::write_matrix_to_file will be deprecated in the future.
	 #1 (4.3980e-01, 2.1591e+00): lin 1 (0.0e+00)
Composition correction applied in 1 block(s)
csr_matrix_base::write_matrix_to_file will be deprecated in the future.
	 #2 (3.8844e-01, 7.3343e+00): lin 1 (0.0e+00)
Composition correction applied in 1 block(s)
csr_matrix_base::write_matrix_to_file will be deprecated in the future.
	 #3 (8.3735e-02, 3.3224e+00): lin 1 (0.0e+00)
Composition correction applied in 1 block(s)
csr_matrix_base::write_matrix_to_file will be deprecated in the future.
-------------------------------------------------------------------------------------------------------------
 T = 0.383, DT = 0.128, NI = 3, LI = 3, RES = 9.9e-03 (2.3e-01), CFL=7.235 (ELAPSED 00:00:05 )
-------------------------------------------------------------------------------------------------------------
csr_matrix_base::write_matrix_to_file will be deprecated in the future.
csr_matrix_base::write_matrix_to_file will be deprecated in the future.
	 #1 (2.2914e+00, 8.0723e-01): lin 1 (0.0e+00)
Composition correction applied in 1 block(s)
csr_matrix_base::write_matrix_to_file will be deprecated in the future.
csr_matrix_base::write_matrix_to_file will be deprecated in the future.
-------------------------------------------------------------------------------------------------------------
 T = 0.639, DT = 0.256, NI = 1, LI = 1, RES = 1.4e-03 (2.4e-01), CFL=10.187 (ELAPSED 00:00:02 )
-------------------------------------------------------------------------------------------------------------
csr_matrix_base::write_matrix_to_file will be deprecated in the future.
	 #1 (1.1476e+00, 5.6519e+00): lin 1 (0.0e+00)
Composition correction applied in 1 block(s)
Local chop applied in 5 block(s)
csr_matrix_base::write_matrix_to_file will be deprecated in the future.
	 #2 (1.8764e+00, 7.1738e+01): lin 1 (0.0e+00)
Composition correction applied in 2 block(s)
Local chop applied in 7 block(s)
csr_matrix_base::write_matrix_to_file will be deprecated in the future.
	 #3 (1.2738e+00, 1.2897e+02): lin 1 (0.0e+00)
Composition correction applied in 2 block(s)
Local chop applied in 1 block(s)
csr_matrix_base::write_matrix_to_file will be deprecated in the future.
	 #4 (1.7428e-01, 4.9313e+01): lin 1 (0.0e+00)
Composition correction applied in 2 block(s)
csr_matrix_base::write_matrix_to_file will be deprecated in the future.
	 #5 (1.8679e-01, 3.8068e-02): lin 1 (0.0e+00)
Composition correction applied in 1 block(s)
csr_matrix_base::write_matrix_to_file will be deprecated in the future.
	 #6 (1.8667e-02, 4.2276e-05): lin 1 (0.0e+00)
Composition correction applied in 1 block(s)
csr_matrix_base::write_matrix_to_file will be deprecated in the future.
-------------------------------------------------------------------------------------------------------------
 T = 0.639, DT = 0.256, NI = 6, LI = 6, RES = 2.2e-03 (6.5e-07), CFL=24.205 (ELAPSED 00:00:06 )
-------------------------------------------------------------------------------------------------------------
csr_matrix_base::write_matrix_to_file will be deprecated in the future.
csr_matrix_base::write_matrix_to_file will be deprecated in the future.
	 #1 (6.0306e+00, 8.4504e+01): lin 1 (0.0e+00)
Composition correction applied in 1 block(s)
csr_matrix_base::write_matrix_to_file will be deprecated in the future.
csr_matrix_base::write_matrix_to_file will be deprecated in the future.
	 #2 (1.9702e-02, 1.0352e-01): lin 1 (0.0e+00)
Composition correction applied in 1 block(s)
csr_matrix_base::write_matrix_to_file will be deprecated in the future.
csr_matrix_base::write_matrix_to_file will be deprecated in the future.
-------------------------------------------------------------------------------------------------------------
 T = 1.151, DT = 0.512, NI = 2, LI = 2, RES = 1.2e-07 (2.3e-08), CFL=36.378 (ELAPSED 00:00:03 )
-------------------------------------------------------------------------------------------------------------
csr_matrix_base::write_matrix_to_file will be deprecated in the future.
	 #1 (5.7758e+00, 1.8263e+02): lin 1 (0.0e+00)
Composition correction applied in 12 block(s)
Local chop applied in 11 block(s)
csr_matrix_base::write_matrix_to_file will be deprecated in the future.
	 #2 (1.1678e+01, 6.7821e+01): lin 1 (0.0e+00)
Composition correction applied in 4 block(s)
Local chop applied in 3 block(s)
csr_matrix_base::write_matrix_to_file will be deprecated in the future.
	 #3 (5.3164e+00, 6.5745e+02): lin 1 (0.0e+00)
Composition correction applied in 4 block(s)
Local chop applied in 8 block(s)
csr_matrix_base::write_matrix_to_file will be deprecated in the future.
	 #4 (9.4812e-01, 1.9634e+02): lin 1 (0.0e+00)
Composition correction applied in 4 block(s)
Local chop applied in 6 block(s)
csr_matrix_base::write_matrix_to_file will be deprecated in the future.
	 #5 (1.3010e+00, 2.3507e+01): lin 1 (0.0e+00)
Composition correction applied in 4 block(s)
Local chop applied in 8 block(s)
csr_matrix_base::write_matrix_to_file will be deprecated in the future.
	 #6 (1.2349e+00, 8.3544e+00): lin 1 (0.0e+00)
Composition correction applied in 4 block(s)
Local chop applied in 8 block(s)
csr_matrix_base::write_matrix_to_file will be deprecated in the future.
	 #7 (1.9521e+00, 1.9742e-01): lin 1 (0.0e+00)
Composition correction applied in 4 block(s)
Local chop applied in 8 block(s)
csr_matrix_base::write_matrix_to_file will be deprecated in the future.
	 #8 (1.7672e+00, 6.8417e-01): lin 1 (0.0e+00)
Composition correction applied in 5 block(s)
Local chop applied in 8 block(s)
csr_matrix_base::write_matrix_to_file will be deprecated in the future.
	 #9 (2.7533e+00, 1.0494e-01): lin 1 (0.0e+00)
Composition correction applied in 4 block(s)
Local chop applied in 8 block(s)
csr_matrix_base::write_matrix_to_file will be deprecated in the future.
	 #10 (2.4211e+00, 3.8738e-01): lin 1 (0.0e+00)
Composition correction applied in 6 block(s)
Local chop applied in 7 block(s)
csr_matrix_base::write_matrix_to_file will be deprecated in the future.
FAILED TO CONVERGE WITH DT = 0.512 (newton residual reservoir) 
csr_matrix_base::write_matrix_to_file will be deprecated in the future.
csr_matrix_base::write_matrix_to_file will be deprecated in the future.
	 #1 (7.4161e-02, 5.6180e-02): lin 1 (0.0e+00)
Composition correction applied in 1 block(s)
csr_matrix_base::write_matrix_to_file will be deprecated in the future.
csr_matrix_base::write_matrix_to_file will be deprecated in the future.
-------------------------------------------------------------------------------------------------------------
 T = 0.895, DT = 0.256, NI = 1, LI = 1, RES = 2.0e-05 (1.4e-03), CFL=18.618 (ELAPSED 00:00:03 )
-------------------------------------------------------------------------------------------------------------
csr_matrix_base::write_matrix_to_file will be deprecated in the future.
	 #1 (2.9979e+00, 9.4295e+01): lin 1 (0.0e+00)
Composition correction applied in 4 block(s)
Local chop applied in 4 block(s)
csr_matrix_base::write_matrix_to_file will be deprecated in the future.
	 #2 (2.8806e+00, 6.1785e+01): lin 1 (0.0e+00)
Composition correction applied in 3 block(s)
Local chop applied in 2 block(s)
csr_matrix_base::write_matrix_to_file will be deprecated in the future.
	 #3 (7.3021e-01, 1.5855e+01): lin 1 (0.0e+00)
Composition correction applied in 3 block(s)
Local chop applied in 3 block(s)
csr_matrix_base::write_matrix_to_file will be deprecated in the future.
	 #4 (4.4959e-01, 3.4051e+00): lin 1 (0.0e+00)
Composition correction applied in 11 block(s)
Local chop applied in 15 block(s)
csr_matrix_base::write_matrix_to_file will be deprecated in the future.
	 #5 (1.4294e+00, 2.6926e+00): lin 1 (0.0e+00)
Composition correction applied in 3 block(s)
Local chop applied in 15 block(s)
csr_matrix_base::write_matrix_to_file will be deprecated in the future.
	 #6 (5.8605e-01, 2.5472e+00): lin 1 (0.0e+00)
Composition correction applied in 11 block(s)
Local chop applied in 15 block(s)
csr_matrix_base::write_matrix_to_file will be deprecated in the future.
	 #7 (1.6348e+00, 8.3673e+00): lin 1 (0.0e+00)
Composition correction applied in 3 block(s)
Local chop applied in 16 block(s)
csr_matrix_base::write_matrix_to_file will be deprecated in the future.
	 #8 (5.1206e-01, 9.9151e+00): lin 1 (0.0e+00)
Composition correction applied in 11 block(s)
Local chop applied in 16 block(s)
csr_matrix_base::write_matrix_to_file will be deprecated in the future.
	 #9 (1.7260e+00, 1.8149e+01): lin 1 (0.0e+00)
Composition correction applied in 3 block(s)
Local chop applied in 16 block(s)
csr_matrix_base::write_matrix_to_file will be deprecated in the future.
	 #10 (4.6227e-01, 1.2996e+01): lin 1 (0.0e+00)
Composition correction applied in 11 block(s)
Local chop applied in 16 block(s)
csr_matrix_base::write_matrix_to_file will be deprecated in the future.
FAILED TO CONVERGE WITH DT = 0.256 (newton residual reservoir) 
csr_matrix_base::write_matrix_to_file will be deprecated in the future.
csr_matrix_base::write_matrix_to_file will be deprecated in the future.
	 #1 (1.9969e-04, 7.1862e-04): lin 1 (0.0e+00)
Composition correction applied in 1 block(s)
csr_matrix_base::write_matrix_to_file will be deprecated in the future.
csr_matrix_base::write_matrix_to_file will be deprecated in the future.
-------------------------------------------------------------------------------------------------------------
 T = 0.767, DT = 0.128, NI = 1, LI = 1, RES = 4.5e-10 (3.1e-08), CFL=9.310 (ELAPSED 00:00:03 )
-------------------------------------------------------------------------------------------------------------
csr_matrix_base::write_matrix_to_file will be deprecated in the future.
	 #1 (1.4982e+00, 4.7157e+01): lin 1 (0.0e+00)
Composition correction applied in 3 block(s)
Local chop applied in 4 block(s)
csr_matrix_base::write_matrix_to_file will be deprecated in the future.
	 #2 (4.1075e-01, 8.9230e+01): lin 1 (0.0e+00)
Composition correction applied in 2 block(s)
Local chop applied in 1 block(s)
csr_matrix_base::write_matrix_to_file will be deprecated in the future.
	 #3 (6.9174e-02, 6.3994e+00): lin 1 (0.0e+00)
Composition correction applied in 3 block(s)
Local chop applied in 1 block(s)
csr_matrix_base::write_matrix_to_file will be deprecated in the future.
	 #4 (6.1122e-02, 2.5467e+00): lin 1 (0.0e+00)
Composition correction applied in 3 block(s)
Local chop applied in 1 block(s)
csr_matrix_base::write_matrix_to_file will be deprecated in the future.
	 #5 (1.5488e-01, 3.3511e-03): lin 1 (0.0e+00)
Composition correction applied in 2 block(s)
csr_matrix_base::write_matrix_to_file will be deprecated in the future.
	 #6 (2.5301e-02, 1.2475e-07): lin 1 (0.0e+00)
Composition correction applied in 2 block(s)
csr_matrix_base::write_matrix_to_file will be deprecated in the future.
-------------------------------------------------------------------------------------------------------------
 T = 0.767, DT = 0.128, NI = 6, LI = 6, RES = 3.3e-03 (5.8e-08), CFL=12.736 (ELAPSED 00:00:09 )
-------------------------------------------------------------------------------------------------------------
csr_matrix_base::write_matrix_to_file will be deprecated in the future.
csr_matrix_base::write_matrix_to_file will be deprecated in the future.
	 #1 (3.2668e+00, 7.7358e+01): lin 1 (0.0e+00)
Composition correction applied in 2 block(s)
csr_matrix_base::write_matrix_to_file will be deprecated in the future.
csr_matrix_base::write_matrix_to_file will be deprecated in the future.
	 #2 (5.8334e-03, 3.6046e+00): lin 1 (0.0e+00)
Composition correction applied in 2 block(s)
csr_matrix_base::write_matrix_to_file will be deprecated in the future.
csr_matrix_base::write_matrix_to_file will be deprecated in the future.
-------------------------------------------------------------------------------------------------------------
 T = 1.023, DT = 0.256, NI = 2, LI = 2, RES = 2.6e-08 (1.6e-05), CFL=21.992 (ELAPSED 00:00:03 )
-------------------------------------------------------------------------------------------------------------
csr_matrix_base::write_matrix_to_file will be deprecated in the future.
	 #1 (1.8517e+00, 5.4099e+01): lin 1 (0.0e+00)
Composition correction applied in 6 block(s)
Local chop applied in 2 block(s)
csr_matrix_base::write_matrix_to_file will be deprecated in the future.
	 #2 (1.3129e+00, 1.0956e+01): lin 1 (0.0e+00)
Composition correction applied in 4 block(s)
Local chop applied in 2 block(s)
csr_matrix_base::write_matrix_to_file will be deprecated in the future.
	 #3 (3.3984e-01, 2.3299e+01): lin 1 (0.0e+00)
Composition correction applied in 6 block(s)
Local chop applied in 5 block(s)
csr_matrix_base::write_matrix_to_file will be deprecated in the future.
	 #4 (5.0555e-01, 7.4240e-02): lin 1 (0.0e+00)
Composition correction applied in 5 block(s)
Local chop applied in 8 block(s)
csr_matrix_base::write_matrix_to_file will be deprecated in the future.
	 #5 (3.8848e-01, 8.8122e-01): lin 1 (0.0e+00)
Composition correction applied in 6 block(s)
Local chop applied in 7 block(s)
csr_matrix_base::write_matrix_to_file will be deprecated in the future.
	 #6 (5.0695e-01, 9.9319e-02): lin 1 (0.0e+00)
Composition correction applied in 5 block(s)
Local chop applied in 8 block(s)
csr_matrix_base::write_matrix_to_file will be deprecated in the future.
	 #7 (3.8973e-01, 8.5464e-01): lin 1 (0.0e+00)
Composition correction applied in 6 block(s)
Local chop applied in 8 block(s)
csr_matrix_base::write_matrix_to_file will be deprecated in the future.
	 #8 (5.0512e-01, 8.0035e-02): lin 1 (0.0e+00)
Composition correction applied in 5 block(s)
Local chop applied in 8 block(s)
csr_matrix_base::write_matrix_to_file will be deprecated in the future.
	 #9 (3.8921e-01, 8.6429e-01): lin 1 (0.0e+00)
Composition correction applied in 6 block(s)
Local chop applied in 8 block(s)
csr_matrix_base::write_matrix_to_file will be deprecated in the future.
	 #10 (5.0540e-01, 8.8549e-02): lin 1 (0.0e+00)
Composition correction applied in 5 block(s)
Local chop applied in 8 block(s)
csr_matrix_base::write_matrix_to_file will be deprecated in the future.
FAILED TO CONVERGE WITH DT = 0.256 (newton residual reservoir) 
csr_matrix_base::write_matrix_to_file will be deprecated in the future.
csr_matrix_base::write_matrix_to_file will be deprecated in the future.
	 #1 (1.6634e-02, 3.3273e-02): lin 1 (0.0e+00)
Composition correction applied in 2 block(s)
csr_matrix_base::write_matrix_to_file will be deprecated in the future.
csr_matrix_base::write_matrix_to_file will be deprecated in the future.
-------------------------------------------------------------------------------------------------------------
 T = 0.895, DT = 0.128, NI = 1, LI = 1, RES = 1.3e-06 (8.3e-04), CFL=11.061 (ELAPSED 00:00:03 )
-------------------------------------------------------------------------------------------------------------
csr_matrix_base::write_matrix_to_file will be deprecated in the future.
	 #1 (9.2615e-01, 2.7365e+01): lin 1 (0.0e+00)
Composition correction applied in 3 block(s)
Local chop applied in 1 block(s)
csr_matrix_base::write_matrix_to_file will be deprecated in the future.
	 #2 (2.6996e-01, 6.0454e+00): lin 1 (0.0e+00)
Composition correction applied in 3 block(s)
Local chop applied in 1 block(s)
csr_matrix_base::write_matrix_to_file will be deprecated in the future.
	 #3 (1.1635e-01, 2.4792e-01): lin 1 (0.0e+00)
Composition correction applied in 3 block(s)
Local chop applied in 1 block(s)
csr_matrix_base::write_matrix_to_file will be deprecated in the future.
	 #4 (1.3077e-01, 6.1174e-04): lin 1 (0.0e+00)
Composition correction applied in 3 block(s)
Local chop applied in 1 block(s)
csr_matrix_base::write_matrix_to_file will be deprecated in the future.
	 #5 (2.5694e-01, 6.7978e-07): lin 1 (0.0e+00)
Composition correction applied in 2 block(s)
csr_matrix_base::write_matrix_to_file will be deprecated in the future.
	 #6 (1.0093e-01, 6.6505e-06): lin 1 (0.0e+00)
Composition correction applied in 2 block(s)
csr_matrix_base::write_matrix_to_file will be deprecated in the future.
	 #7 (3.1942e-02, 1.1673e-06): lin 1 (0.0e+00)
Composition correction applied in 2 block(s)
csr_matrix_base::write_matrix_to_file will be deprecated in the future.
-------------------------------------------------------------------------------------------------------------
 T = 0.895, DT = 0.128, NI = 7, LI = 7, RES = 4.8e-03 (3.9e-08), CFL=16.542 (ELAPSED 00:00:10 )
-------------------------------------------------------------------------------------------------------------
csr_matrix_base::write_matrix_to_file will be deprecated in the future.
csr_matrix_base::write_matrix_to_file will be deprecated in the future.
	 #1 (3.0946e+00, 3.3977e+01): lin 1 (0.0e+00)
Composition correction applied in 2 block(s)
csr_matrix_base::write_matrix_to_file will be deprecated in the future.
csr_matrix_base::write_matrix_to_file will be deprecated in the future.
-------------------------------------------------------------------------------------------------------------
 T = 1.151, DT = 0.256, NI = 1, LI = 1, RES = 1.9e-03 (2.5e-01), CFL=22.678 (ELAPSED 00:00:04 )
-------------------------------------------------------------------------------------------------------------
csr_matrix_base::write_matrix_to_file will be deprecated in the future.
	 #1 (2.1230e+00, 8.5262e+01): lin 1 (0.0e+00)
Composition correction applied in 2 block(s)
Local chop applied in 1 block(s)
csr_matrix_base::write_matrix_to_file will be deprecated in the future.
	 #2 (2.2399e+00, 2.5288e+02): lin 1 (0.0e+00)
Composition correction applied in 3 block(s)
Local chop applied in 4 block(s)
csr_matrix_base::write_matrix_to_file will be deprecated in the future.
	 #3 (5.5109e-01, 5.4368e-01): lin 1 (0.0e+00)
Composition correction applied in 6 block(s)
Local chop applied in 9 block(s)
csr_matrix_base::write_matrix_to_file will be deprecated in the future.
	 #4 (5.0136e-01, 4.8071e-01): lin 1 (0.0e+00)
Composition correction applied in 3 block(s)
Local chop applied in 9 block(s)
csr_matrix_base::write_matrix_to_file will be deprecated in the future.
	 #5 (5.5816e-01, 4.2367e-01): lin 1 (0.0e+00)
Composition correction applied in 6 block(s)
Local chop applied in 9 block(s)
csr_matrix_base::write_matrix_to_file will be deprecated in the future.
	 #6 (5.0455e-01, 4.8242e-01): lin 1 (0.0e+00)
Composition correction applied in 3 block(s)
Local chop applied in 9 block(s)
csr_matrix_base::write_matrix_to_file will be deprecated in the future.
	 #7 (5.5877e-01, 4.1819e-01): lin 1 (0.0e+00)
Composition correction applied in 5 block(s)
Local chop applied in 9 block(s)
csr_matrix_base::write_matrix_to_file will be deprecated in the future.
	 #8 (5.0365e-01, 4.8554e-01): lin 1 (0.0e+00)
Composition correction applied in 3 block(s)
Local chop applied in 9 block(s)
csr_matrix_base::write_matrix_to_file will be deprecated in the future.
	 #9 (5.5793e-01, 4.1743e-01): lin 1 (0.0e+00)
Composition correction applied in 5 block(s)
Local chop applied in 9 block(s)
csr_matrix_base::write_matrix_to_file will be deprecated in the future.
	 #10 (5.0429e-01, 4.8596e-01): lin 1 (0.0e+00)
Composition correction applied in 3 block(s)
Local chop applied in 9 block(s)
csr_matrix_base::write_matrix_to_file will be deprecated in the future.
FAILED TO CONVERGE WITH DT = 0.256 (newton residual reservoir) 
csr_matrix_base::write_matrix_to_file will be deprecated in the future.
csr_matrix_base::write_matrix_to_file will be deprecated in the future.
	 #1 (1.0080e-02, 1.3066e-01): lin 1 (0.0e+00)
Composition correction applied in 2 block(s)
csr_matrix_base::write_matrix_to_file will be deprecated in the future.
csr_matrix_base::write_matrix_to_file will be deprecated in the future.
-------------------------------------------------------------------------------------------------------------
 T = 1.023, DT = 0.128, NI = 1, LI = 1, RES = 7.0e-07 (2.1e-04), CFL=11.394 (ELAPSED 00:00:04 )
-------------------------------------------------------------------------------------------------------------
csr_matrix_base::write_matrix_to_file will be deprecated in the future.
	 #1 (1.0695e+00, 4.3178e+01): lin 1 (0.0e+00)
Composition correction applied in 3 block(s)
Local chop applied in 1 block(s)
csr_matrix_base::write_matrix_to_file will be deprecated in the future.
	 #2 (3.7087e-01, 3.3451e+01): lin 1 (0.0e+00)
Composition correction applied in 3 block(s)
Local chop applied in 1 block(s)
csr_matrix_base::write_matrix_to_file will be deprecated in the future.
	 #3 (1.6542e-01, 8.2122e-01): lin 1 (0.0e+00)
Composition correction applied in 3 block(s)
Local chop applied in 1 block(s)
csr_matrix_base::write_matrix_to_file will be deprecated in the future.
	 #4 (2.0106e-01, 1.5441e-04): lin 1 (0.0e+00)
Composition correction applied in 2 block(s)
Local chop applied in 1 block(s)
csr_matrix_base::write_matrix_to_file will be deprecated in the future.
	 #5 (1.3444e-01, 5.0784e-07): lin 1 (0.0e+00)
Composition correction applied in 2 block(s)
Local chop applied in 1 block(s)
csr_matrix_base::write_matrix_to_file will be deprecated in the future.
	 #6 (7.0142e-02, 1.5227e-07): lin 1 (0.0e+00)
Composition correction applied in 2 block(s)
Local chop applied in 1 block(s)
csr_matrix_base::write_matrix_to_file will be deprecated in the future.
	 #7 (3.8800e-02, 1.5297e-08): lin 1 (0.0e+00)
Composition correction applied in 2 block(s)
Local chop applied in 1 block(s)
csr_matrix_base::write_matrix_to_file will be deprecated in the future.
	 #8 (3.0990e-02, 3.1459e-08): lin 1 (0.0e+00)
Composition correction applied in 3 block(s)
Local chop applied in 1 block(s)
csr_matrix_base::write_matrix_to_file will be deprecated in the future.
	 #9 (5.1581e-02, 7.0538e-08): lin 1 (0.0e+00)
Composition correction applied in 3 block(s)
csr_matrix_base::write_matrix_to_file will be deprecated in the future.
	 #10 (4.6715e-01, 4.6199e-08): lin 1 (0.0e+00)
Composition correction applied in 2 block(s)
csr_matrix_base::write_matrix_to_file will be deprecated in the future.
FAILED TO CONVERGE WITH DT = 0.128 (newton residual reservoir) 
csr_matrix_base::write_matrix_to_file will be deprecated in the future.
csr_matrix_base::write_matrix_to_file will be deprecated in the future.
	 #1 (3.8800e-05, 1.0728e-04): lin 1 (0.0e+00)
Composition correction applied in 2 block(s)
csr_matrix_base::write_matrix_to_file will be deprecated in the future.
csr_matrix_base::write_matrix_to_file will be deprecated in the future.
-------------------------------------------------------------------------------------------------------------
 T = 0.959, DT = 0.064, NI = 1, LI = 1, RES = 3.6e-11 (8.6e-09), CFL=5.697 (ELAPSED 00:00:04 )
-------------------------------------------------------------------------------------------------------------
csr_matrix_base::write_matrix_to_file will be deprecated in the future.
	 #1 (5.3579e-01, 2.1590e+01): lin 1 (0.0e+00)
Composition correction applied in 2 block(s)
Local chop applied in 1 block(s)
csr_matrix_base::write_matrix_to_file will be deprecated in the future.
	 #2 (6.4719e-02, 5.8077e+00): lin 1 (0.0e+00)
Composition correction applied in 2 block(s)
Local chop applied in 1 block(s)
csr_matrix_base::write_matrix_to_file will be deprecated in the future.
	 #3 (2.6806e-02, 4.3200e-01): lin 1 (0.0e+00)
Composition correction applied in 2 block(s)
Local chop applied in 1 block(s)
csr_matrix_base::write_matrix_to_file will be deprecated in the future.
	 #4 (1.7280e-02, 4.8469e-06): lin 1 (0.0e+00)
Composition correction applied in 2 block(s)
csr_matrix_base::write_matrix_to_file will be deprecated in the future.
-------------------------------------------------------------------------------------------------------------
 T = 0.959, DT = 0.064, NI = 4, LI = 4, RES = 9.1e-04 (2.5e-12), CFL=7.554 (ELAPSED 00:00:12 )
-------------------------------------------------------------------------------------------------------------
csr_matrix_base::write_matrix_to_file will be deprecated in the future.
csr_matrix_base::write_matrix_to_file will be deprecated in the future.
	 #1 (1.0246e+00, 2.2301e+01): lin 1 (0.0e+00)
Composition correction applied in 2 block(s)
csr_matrix_base::write_matrix_to_file will be deprecated in the future.
csr_matrix_base::write_matrix_to_file will be deprecated in the future.
-------------------------------------------------------------------------------------------------------------
 T = 1.087, DT = 0.128, NI = 1, LI = 1, RES = 4.3e-04 (2.1e-02), CFL=11.870 (ELAPSED 00:00:04 )
-------------------------------------------------------------------------------------------------------------
csr_matrix_base::write_matrix_to_file will be deprecated in the future.
	 #1 (1.3694e+00, 6.2074e+01): lin 1 (0.0e+00)
Composition correction applied in 3 block(s)
Local chop applied in 1 block(s)
csr_matrix_base::write_matrix_to_file will be deprecated in the future.
	 #2 (4.6450e-01, 1.0248e+02): lin 1 (0.0e+00)
Composition correction applied in 3 block(s)
Local chop applied in 1 block(s)
csr_matrix_base::write_matrix_to_file will be deprecated in the future.
	 #3 (1.6266e-01, 1.4016e+00): lin 1 (0.0e+00)
Composition correction applied in 3 block(s)
Local chop applied in 1 block(s)
csr_matrix_base::write_matrix_to_file will be deprecated in the future.
	 #4 (1.9533e-01, 1.7024e-05): lin 1 (0.0e+00)
Composition correction applied in 3 block(s)
Local chop applied in 1 block(s)
csr_matrix_base::write_matrix_to_file will be deprecated in the future.
	 #5 (3.7493e-01, 7.2155e-07): lin 1 (0.0e+00)
Composition correction applied in 2 block(s)
csr_matrix_base::write_matrix_to_file will be deprecated in the future.
	 #6 (1.9281e-01, 3.8167e-06): lin 1 (0.0e+00)
Composition correction applied in 2 block(s)
csr_matrix_base::write_matrix_to_file will be deprecated in the future.
	 #7 (7.3935e-02, 5.7467e-07): lin 1 (0.0e+00)
Composition correction applied in 2 block(s)
csr_matrix_base::write_matrix_to_file will be deprecated in the future.
	 #8 (1.8297e-02, 1.0373e-08): lin 1 (0.0e+00)
Composition correction applied in 2 block(s)
csr_matrix_base::write_matrix_to_file will be deprecated in the future.
-------------------------------------------------------------------------------------------------------------
 T = 1.087, DT = 0.128, NI = 8, LI = 8, RES = 2.5e-03 (4.5e-09), CFL=19.512 (ELAPSED 00:00:12 )
-------------------------------------------------------------------------------------------------------------
csr_matrix_base::write_matrix_to_file will be deprecated in the future.
csr_matrix_base::write_matrix_to_file will be deprecated in the future.
	 #1 (3.8963e+00, 6.5837e+01): lin 1 (0.0e+00)
Composition correction applied in 2 block(s)
csr_matrix_base::write_matrix_to_file will be deprecated in the future.
csr_matrix_base::write_matrix_to_file will be deprecated in the future.
-------------------------------------------------------------------------------------------------------------
 T = 1.343, DT = 0.256, NI = 1, LI = 1, RES = 4.6e-03 (2.7e-02), CFL=26.179 (ELAPSED 00:00:05 )
-------------------------------------------------------------------------------------------------------------
csr_matrix_base::write_matrix_to_file will be deprecated in the future.
	 #1 (4.1813e+00, 2.5995e+02): lin 1 (0.0e+00)
Composition correction applied in 2 block(s)
Local chop applied in 2 block(s)
csr_matrix_base::write_matrix_to_file will be deprecated in the future.
	 #2 (5.7417e+00, 3.1641e+03): lin 1 (0.0e+00)
Composition correction applied in 8 block(s)
Local chop applied in 10 block(s)
csr_matrix_base::write_matrix_to_file will be deprecated in the future.
	 #3 (1.1716e+00, 1.5678e+01): lin 1 (0.0e+00)
Composition correction applied in 4 block(s)
Local chop applied in 12 block(s)
csr_matrix_base::write_matrix_to_file will be deprecated in the future.
	 #4 (8.0187e-01, 3.0575e+00): lin 1 (0.0e+00)
Composition correction applied in 8 block(s)
Local chop applied in 13 block(s)
csr_matrix_base::write_matrix_to_file will be deprecated in the future.
	 #5 (1.3356e+00, 4.4916e+01): lin 1 (0.0e+00)
Composition correction applied in 4 block(s)
Local chop applied in 12 block(s)
csr_matrix_base::write_matrix_to_file will be deprecated in the future.
	 #6 (1.0571e+00, 3.2275e+00): lin 1 (0.0e+00)
Composition correction applied in 8 block(s)
Local chop applied in 12 block(s)
csr_matrix_base::write_matrix_to_file will be deprecated in the future.
	 #7 (1.8742e+00, 5.8123e+01): lin 1 (0.0e+00)
Composition correction applied in 4 block(s)
Local chop applied in 12 block(s)
csr_matrix_base::write_matrix_to_file will be deprecated in the future.
	 #8 (1.4992e+00, 7.0857e+00): lin 1 (0.0e+00)
Composition correction applied in 8 block(s)
Local chop applied in 12 block(s)
csr_matrix_base::write_matrix_to_file will be deprecated in the future.
	 #9 (2.6887e+00, 4.7100e+01): lin 1 (0.0e+00)
Composition correction applied in 3 block(s)
Local chop applied in 12 block(s)
csr_matrix_base::write_matrix_to_file will be deprecated in the future.
	 #10 (2.1239e+00, 1.4649e+01): lin 1 (0.0e+00)
Composition correction applied in 8 block(s)
Local chop applied in 12 block(s)
csr_matrix_base::write_matrix_to_file will be deprecated in the future.
FAILED TO CONVERGE WITH DT = 0.256 (newton residual reservoir) 
csr_matrix_base::write_matrix_to_file will be deprecated in the future.
csr_matrix_base::write_matrix_to_file will be deprecated in the future.
	 #1 (6.0996e-03, 1.9173e-02): lin 1 (0.0e+00)
Composition correction applied in 2 block(s)
csr_matrix_base::write_matrix_to_file will be deprecated in the future.
csr_matrix_base::write_matrix_to_file will be deprecated in the future.
-------------------------------------------------------------------------------------------------------------
 T = 1.215, DT = 0.128, NI = 1, LI = 1, RES = 4.0e-08 (6.6e-06), CFL=13.093 (ELAPSED 00:00:05 )
-------------------------------------------------------------------------------------------------------------
csr_matrix_base::write_matrix_to_file will be deprecated in the future.
	 #1 (2.0945e+00, 1.3017e+02): lin 1 (0.0e+00)
Composition correction applied in 3 block(s)
Local chop applied in 1 block(s)
csr_matrix_base::write_matrix_to_file will be deprecated in the future.
	 #2 (4.8896e-01, 3.9734e+02): lin 1 (0.0e+00)
Composition correction applied in 3 block(s)
Local chop applied in 2 block(s)
csr_matrix_base::write_matrix_to_file will be deprecated in the future.
	 #3 (3.0846e-01, 5.8982e+00): lin 1 (0.0e+00)
Composition correction applied in 3 block(s)
Local chop applied in 1 block(s)
csr_matrix_base::write_matrix_to_file will be deprecated in the future.
	 #4 (4.9590e-01, 3.6642e-03): lin 1 (0.0e+00)
Composition correction applied in 2 block(s)
Local chop applied in 2 block(s)
csr_matrix_base::write_matrix_to_file will be deprecated in the future.
	 #5 (2.9609e-01, 1.7011e-05): lin 1 (0.0e+00)
Composition correction applied in 2 block(s)
Local chop applied in 1 block(s)
csr_matrix_base::write_matrix_to_file will be deprecated in the future.
	 #6 (1.8408e-01, 5.0899e-06): lin 1 (0.0e+00)
Composition correction applied in 2 block(s)
Local chop applied in 1 block(s)
csr_matrix_base::write_matrix_to_file will be deprecated in the future.
	 #7 (1.2497e-01, 2.5062e-07): lin 1 (0.0e+00)
Composition correction applied in 3 block(s)
Local chop applied in 1 block(s)
csr_matrix_base::write_matrix_to_file will be deprecated in the future.
	 #8 (1.2403e-01, 4.1490e-07): lin 1 (0.0e+00)
Composition correction applied in 3 block(s)
Local chop applied in 1 block(s)
csr_matrix_base::write_matrix_to_file will be deprecated in the future.
	 #9 (2.9310e-01, 3.4744e-06): lin 1 (0.0e+00)
Composition correction applied in 3 block(s)
Local chop applied in 4 block(s)
csr_matrix_base::write_matrix_to_file will be deprecated in the future.
	 #10 (1.1336e+00, 3.8074e-04): lin 1 (0.0e+00)
Composition correction applied in 2 block(s)
csr_matrix_base::write_matrix_to_file will be deprecated in the future.
FAILED TO CONVERGE WITH DT = 0.128 (newton residual reservoir) 
csr_matrix_base::write_matrix_to_file will be deprecated in the future.
csr_matrix_base::write_matrix_to_file will be deprecated in the future.
	 #1 (3.5928e-06, 3.3075e-06): lin 1 (0.0e+00)
Composition correction applied in 2 block(s)
csr_matrix_base::write_matrix_to_file will be deprecated in the future.
csr_matrix_base::write_matrix_to_file will be deprecated in the future.
-------------------------------------------------------------------------------------------------------------
 T = 1.151, DT = 0.064, NI = 1, LI = 1, RES = 7.7e-14 (1.3e-09), CFL=6.546 (ELAPSED 00:00:05 )
-------------------------------------------------------------------------------------------------------------
csr_matrix_base::write_matrix_to_file will be deprecated in the future.
	 #1 (1.0474e+00, 6.5085e+01): lin 1 (0.0e+00)
Composition correction applied in 2 block(s)
Local chop applied in 1 block(s)
csr_matrix_base::write_matrix_to_file will be deprecated in the future.
	 #2 (9.6861e-02, 7.7124e+01): lin 1 (0.0e+00)
Composition correction applied in 3 block(s)
Local chop applied in 1 block(s)
csr_matrix_base::write_matrix_to_file will be deprecated in the future.
	 #3 (5.7195e-02, 3.2356e-01): lin 1 (0.0e+00)
Composition correction applied in 3 block(s)
Local chop applied in 1 block(s)
csr_matrix_base::write_matrix_to_file will be deprecated in the future.
	 #4 (9.5495e-02, 4.4458e-06): lin 1 (0.0e+00)
Composition correction applied in 2 block(s)
csr_matrix_base::write_matrix_to_file will be deprecated in the future.
	 #5 (1.0943e-02, 1.6333e-10): lin 1 (0.0e+00)
Composition correction applied in 2 block(s)
csr_matrix_base::write_matrix_to_file will be deprecated in the future.
-------------------------------------------------------------------------------------------------------------
 T = 1.151, DT = 0.064, NI = 5, LI = 5, RES = 5.7e-04 (1.9e-11), CFL=8.503 (ELAPSED 00:00:13 )
-------------------------------------------------------------------------------------------------------------
csr_matrix_base::write_matrix_to_file will be deprecated in the future.
csr_matrix_base::write_matrix_to_file will be deprecated in the future.
	 #1 (9.3501e-01, 4.3285e+01): lin 1 (0.0e+00)
Composition correction applied in 2 block(s)
csr_matrix_base::write_matrix_to_file will be deprecated in the future.
csr_matrix_base::write_matrix_to_file will be deprecated in the future.
-------------------------------------------------------------------------------------------------------------
 T = 1.279, DT = 0.128, NI = 1, LI = 1, RES = 7.4e-04 (7.4e-03), CFL=13.983 (ELAPSED 00:00:05 )
-------------------------------------------------------------------------------------------------------------
csr_matrix_base::write_matrix_to_file will be deprecated in the future.
	 #1 (2.4408e+00, 1.4911e+02): lin 1 (0.0e+00)
Composition correction applied in 2 block(s)
Local chop applied in 1 block(s)
csr_matrix_base::write_matrix_to_file will be deprecated in the future.
	 #2 (5.7242e-01, 4.5557e+02): lin 1 (0.0e+00)
Composition correction applied in 2 block(s)
Local chop applied in 2 block(s)
csr_matrix_base::write_matrix_to_file will be deprecated in the future.
	 #3 (2.6156e-01, 4.9288e+00): lin 1 (0.0e+00)
Composition correction applied in 2 block(s)
Local chop applied in 3 block(s)
csr_matrix_base::write_matrix_to_file will be deprecated in the future.
	 #4 (4.7527e-01, 1.3429e-04): lin 1 (0.0e+00)
Composition correction applied in 2 block(s)
Local chop applied in 3 block(s)
csr_matrix_base::write_matrix_to_file will be deprecated in the future.
	 #5 (1.3470e+00, 1.5910e-04): lin 1 (0.0e+00)
Composition correction applied in 1 block(s)
Local chop applied in 4 block(s)
csr_matrix_base::write_matrix_to_file will be deprecated in the future.
	 #6 (7.2718e-01, 2.2115e-03): lin 1 (0.0e+00)
Composition correction applied in 1 block(s)
Local chop applied in 2 block(s)
csr_matrix_base::write_matrix_to_file will be deprecated in the future.
	 #7 (3.5222e-01, 5.0338e-04): lin 1 (0.0e+00)
Composition correction applied in 1 block(s)
Local chop applied in 1 block(s)
csr_matrix_base::write_matrix_to_file will be deprecated in the future.
	 #8 (1.9188e-01, 4.6990e-05): lin 1 (0.0e+00)
Composition correction applied in 1 block(s)
Local chop applied in 1 block(s)
csr_matrix_base::write_matrix_to_file will be deprecated in the future.
	 #9 (1.1296e-01, 1.4980e-06): lin 1 (0.0e+00)
Composition correction applied in 1 block(s)
Local chop applied in 1 block(s)
csr_matrix_base::write_matrix_to_file will be deprecated in the future.
	 #10 (9.5050e-02, 5.9443e-07): lin 1 (0.0e+00)
Composition correction applied in 2 block(s)
Local chop applied in 1 block(s)
csr_matrix_base::write_matrix_to_file will be deprecated in the future.
FAILED TO CONVERGE WITH DT = 0.128 (newton residual reservoir) 
csr_matrix_base::write_matrix_to_file will be deprecated in the future.
csr_matrix_base::write_matrix_to_file will be deprecated in the future.
	 #1 (2.7059e-03, 3.5332e-03): lin 1 (0.0e+00)
Composition correction applied in 2 block(s)
csr_matrix_base::write_matrix_to_file will be deprecated in the future.
csr_matrix_base::write_matrix_to_file will be deprecated in the future.
-------------------------------------------------------------------------------------------------------------
 T = 1.215, DT = 0.064, NI = 1, LI = 1, RES = 4.4e-08 (1.0e-06), CFL=7.001 (ELAPSED 00:00:05 )
-------------------------------------------------------------------------------------------------------------
csr_matrix_base::write_matrix_to_file will be deprecated in the future.
	 #1 (1.2196e+00, 7.4504e+01): lin 1 (0.0e+00)
Composition correction applied in 2 block(s)
Local chop applied in 1 block(s)
csr_matrix_base::write_matrix_to_file will be deprecated in the future.
	 #2 (8.5872e-02, 9.5002e+01): lin 1 (0.0e+00)
Composition correction applied in 2 block(s)
Local chop applied in 1 block(s)
csr_matrix_base::write_matrix_to_file will be deprecated in the future.
	 #3 (5.6947e-02, 1.8935e-02): lin 1 (0.0e+00)
Composition correction applied in 2 block(s)
Local chop applied in 1 block(s)
csr_matrix_base::write_matrix_to_file will be deprecated in the future.
	 #4 (3.8219e-02, 5.2635e-08): lin 1 (0.0e+00)
Composition correction applied in 3 block(s)
Local chop applied in 1 block(s)
csr_matrix_base::write_matrix_to_file will be deprecated in the future.
	 #5 (1.8789e-01, 1.0503e-10): lin 1 (0.0e+00)
Composition correction applied in 2 block(s)
csr_matrix_base::write_matrix_to_file will be deprecated in the future.
-------------------------------------------------------------------------------------------------------------
 T = 1.215, DT = 0.064, NI = 5, LI = 5, RES = 5.3e-03 (6.5e-10), CFL=10.390 (ELAPSED 00:00:14 )
-------------------------------------------------------------------------------------------------------------
csr_matrix_base::write_matrix_to_file will be deprecated in the future.
csr_matrix_base::write_matrix_to_file will be deprecated in the future.
	 #1 (1.8598e+00, 5.4511e+01): lin 1 (0.0e+00)
Composition correction applied in 2 block(s)
csr_matrix_base::write_matrix_to_file will be deprecated in the future.
csr_matrix_base::write_matrix_to_file will be deprecated in the future.
-------------------------------------------------------------------------------------------------------------
 T = 1.343, DT = 0.128, NI = 1, LI = 1, RES = 1.4e-03 (2.7e-03), CFL=14.804 (ELAPSED 00:00:05 )
-------------------------------------------------------------------------------------------------------------
csr_matrix_base::write_matrix_to_file will be deprecated in the future.
	 #1 (2.7878e+00, 2.4198e+02): lin 1 (0.0e+00)
Composition correction applied in 2 block(s)
Local chop applied in 1 block(s)
csr_matrix_base::write_matrix_to_file will be deprecated in the future.
	 #2 (5.2588e-01, 8.1995e+02): lin 1 (0.0e+00)
Composition correction applied in 2 block(s)
Local chop applied in 2 block(s)
csr_matrix_base::write_matrix_to_file will be deprecated in the future.
	 #3 (2.8078e-01, 1.1979e+01): lin 1 (0.0e+00)
Composition correction applied in 2 block(s)
Local chop applied in 3 block(s)
csr_matrix_base::write_matrix_to_file will be deprecated in the future.
	 #4 (3.8441e-01, 6.1440e-03): lin 1 (0.0e+00)
Composition correction applied in 2 block(s)
Local chop applied in 5 block(s)
csr_matrix_base::write_matrix_to_file will be deprecated in the future.
	 #5 (9.2181e-01, 9.2717e-05): lin 1 (0.0e+00)
Composition correction applied in 2 block(s)
Local chop applied in 3 block(s)
csr_matrix_base::write_matrix_to_file will be deprecated in the future.
	 #6 (8.4495e-01, 4.2888e-04): lin 1 (0.0e+00)
Composition correction applied in 1 block(s)
Local chop applied in 2 block(s)
csr_matrix_base::write_matrix_to_file will be deprecated in the future.
	 #7 (2.7649e-01, 1.6044e-05): lin 1 (0.0e+00)
Composition correction applied in 1 block(s)
Local chop applied in 1 block(s)
csr_matrix_base::write_matrix_to_file will be deprecated in the future.
	 #8 (1.4833e-01, 1.1356e-06): lin 1 (0.0e+00)
Composition correction applied in 1 block(s)
Local chop applied in 1 block(s)
csr_matrix_base::write_matrix_to_file will be deprecated in the future.
	 #9 (8.1026e-02, 1.4481e-07): lin 1 (0.0e+00)
Composition correction applied in 1 block(s)
Local chop applied in 1 block(s)
csr_matrix_base::write_matrix_to_file will be deprecated in the future.
	 #10 (7.1599e-02, 3.0167e-07): lin 1 (0.0e+00)
Composition correction applied in 2 block(s)
Local chop applied in 1 block(s)
csr_matrix_base::write_matrix_to_file will be deprecated in the future.
FAILED TO CONVERGE WITH DT = 0.128 (newton residual reservoir) 
csr_matrix_base::write_matrix_to_file will be deprecated in the future.
csr_matrix_base::write_matrix_to_file will be deprecated in the future.
	 #1 (4.1448e-03, 1.6553e-03): lin 1 (0.0e+00)
Composition correction applied in 2 block(s)
csr_matrix_base::write_matrix_to_file will be deprecated in the future.
csr_matrix_base::write_matrix_to_file will be deprecated in the future.
-------------------------------------------------------------------------------------------------------------
 T = 1.279, DT = 0.064, NI = 1, LI = 1, RES = 8.0e-08 (3.4e-06), CFL=7.407 (ELAPSED 00:00:05 )
-------------------------------------------------------------------------------------------------------------
csr_matrix_base::write_matrix_to_file will be deprecated in the future.
	 #1 (1.3925e+00, 1.2090e+02): lin 1 (0.0e+00)
Composition correction applied in 2 block(s)
Local chop applied in 1 block(s)
csr_matrix_base::write_matrix_to_file will be deprecated in the future.
	 #2 (1.0230e-01, 1.7818e+02): lin 1 (0.0e+00)
Composition correction applied in 2 block(s)
Local chop applied in 1 block(s)
csr_matrix_base::write_matrix_to_file will be deprecated in the future.
	 #3 (6.1608e-02, 1.2119e+00): lin 1 (0.0e+00)
Composition correction applied in 2 block(s)
Local chop applied in 1 block(s)
csr_matrix_base::write_matrix_to_file will be deprecated in the future.
	 #4 (3.7779e-02, 5.4107e-06): lin 1 (0.0e+00)
Composition correction applied in 3 block(s)
Local chop applied in 1 block(s)
csr_matrix_base::write_matrix_to_file will be deprecated in the future.
	 #5 (2.3235e-02, 1.9315e-10): lin 1 (0.0e+00)
Composition correction applied in 2 block(s)
csr_matrix_base::write_matrix_to_file will be deprecated in the future.
	 #6 (4.2640e-02, 2.8036e-10): lin 1 (0.0e+00)
Composition correction applied in 2 block(s)
csr_matrix_base::write_matrix_to_file will be deprecated in the future.
-------------------------------------------------------------------------------------------------------------
 T = 1.279, DT = 0.064, NI = 6, LI = 6, RES = 1.9e-04 (2.2e-13), CFL=12.326 (ELAPSED 00:00:14 )
-------------------------------------------------------------------------------------------------------------
csr_matrix_base::write_matrix_to_file will be deprecated in the future.
csr_matrix_base::write_matrix_to_file will be deprecated in the future.
	 #1 (2.9426e+00, 7.4447e+01): lin 1 (0.0e+00)
Composition correction applied in 2 block(s)
csr_matrix_base::write_matrix_to_file will be deprecated in the future.
csr_matrix_base::write_matrix_to_file will be deprecated in the future.
-------------------------------------------------------------------------------------------------------------
 T = 1.407, DT = 0.128, NI = 1, LI = 1, RES = 2.0e-03 (4.1e-05), CFL=15.515 (ELAPSED 00:00:05 )
-------------------------------------------------------------------------------------------------------------
csr_matrix_base::write_matrix_to_file will be deprecated in the future.
	 #1 (3.2014e+00, 3.1306e+02): lin 1 (0.0e+00)
Composition correction applied in 3 block(s)
Local chop applied in 2 block(s)
csr_matrix_base::write_matrix_to_file will be deprecated in the future.
	 #2 (4.8549e-01, 1.2346e+03): lin 1 (0.0e+00)
Composition correction applied in 3 block(s)
Local chop applied in 2 block(s)
csr_matrix_base::write_matrix_to_file will be deprecated in the future.
	 #3 (3.2783e-01, 7.4848e-01): lin 1 (0.0e+00)
Composition correction applied in 3 block(s)
Local chop applied in 3 block(s)
csr_matrix_base::write_matrix_to_file will be deprecated in the future.
	 #4 (3.8873e-01, 9.7202e-05): lin 1 (0.0e+00)
Composition correction applied in 4 block(s)
Local chop applied in 5 block(s)
csr_matrix_base::write_matrix_to_file will be deprecated in the future.
	 #5 (8.6677e-01, 2.7214e-01): lin 1 (0.0e+00)
Composition correction applied in 3 block(s)
Local chop applied in 8 block(s)
csr_matrix_base::write_matrix_to_file will be deprecated in the future.
	 #6 (4.5926e-01, 6.1097e-01): lin 1 (0.0e+00)
Composition correction applied in 4 block(s)
Local chop applied in 8 block(s)
csr_matrix_base::write_matrix_to_file will be deprecated in the future.
	 #7 (8.7206e-01, 3.9224e-01): lin 1 (0.0e+00)
Composition correction applied in 3 block(s)
Local chop applied in 8 block(s)
csr_matrix_base::write_matrix_to_file will be deprecated in the future.
	 #8 (4.6044e-01, 4.2251e-01): lin 1 (0.0e+00)
Composition correction applied in 4 block(s)
Local chop applied in 8 block(s)
csr_matrix_base::write_matrix_to_file will be deprecated in the future.
	 #9 (8.7171e-01, 4.2329e-01): lin 1 (0.0e+00)
Composition correction applied in 3 block(s)
Local chop applied in 8 block(s)
csr_matrix_base::write_matrix_to_file will be deprecated in the future.
	 #10 (4.6044e-01, 4.2217e-01): lin 1 (0.0e+00)
Composition correction applied in 4 block(s)
Local chop applied in 8 block(s)
csr_matrix_base::write_matrix_to_file will be deprecated in the future.
FAILED TO CONVERGE WITH DT = 0.128 (newton residual reservoir) 
csr_matrix_base::write_matrix_to_file will be deprecated in the future.
csr_matrix_base::write_matrix_to_file will be deprecated in the future.
	 #1 (5.6089e-03, 1.7829e-03): lin 1 (0.0e+00)
Composition correction applied in 2 block(s)
csr_matrix_base::write_matrix_to_file will be deprecated in the future.
csr_matrix_base::write_matrix_to_file will be deprecated in the future.
-------------------------------------------------------------------------------------------------------------
 T = 1.343, DT = 0.064, NI = 1, LI = 1, RES = 1.1e-07 (4.3e-06), CFL=7.758 (ELAPSED 00:00:05 )
-------------------------------------------------------------------------------------------------------------
csr_matrix_base::write_matrix_to_file will be deprecated in the future.
	 #1 (1.5990e+00, 1.5640e+02): lin 1 (0.0e+00)
Composition correction applied in 3 block(s)
Local chop applied in 1 block(s)
csr_matrix_base::write_matrix_to_file will be deprecated in the future.
	 #2 (1.2417e-01, 2.5122e+02): lin 1 (0.0e+00)
Composition correction applied in 2 block(s)
Local chop applied in 1 block(s)
csr_matrix_base::write_matrix_to_file will be deprecated in the future.
	 #3 (7.3219e-02, 1.0516e-01): lin 1 (0.0e+00)
Composition correction applied in 2 block(s)
Local chop applied in 1 block(s)
csr_matrix_base::write_matrix_to_file will be deprecated in the future.
	 #4 (4.6365e-02, 2.3562e-08): lin 1 (0.0e+00)
Composition correction applied in 3 block(s)
Local chop applied in 1 block(s)
csr_matrix_base::write_matrix_to_file will be deprecated in the future.
	 #5 (3.2997e-02, 4.6985e-09): lin 1 (0.0e+00)
Composition correction applied in 3 block(s)
Local chop applied in 1 block(s)
csr_matrix_base::write_matrix_to_file will be deprecated in the future.
	 #6 (3.9720e-01, 3.1290e-09): lin 1 (0.0e+00)
Composition correction applied in 2 block(s)
csr_matrix_base::write_matrix_to_file will be deprecated in the future.
	 #7 (1.3477e-02, 2.4272e-08): lin 1 (0.0e+00)
Composition correction applied in 2 block(s)
csr_matrix_base::write_matrix_to_file will be deprecated in the future.
-------------------------------------------------------------------------------------------------------------
 T = 1.343, DT = 0.064, NI = 7, LI = 7, RES = 1.4e-04 (3.1e-10), CFL=13.787 (ELAPSED 00:00:15 )
-------------------------------------------------------------------------------------------------------------
csr_matrix_base::write_matrix_to_file will be deprecated in the future.
csr_matrix_base::write_matrix_to_file will be deprecated in the future.
	 #1 (3.6738e+00, 9.7770e+01): lin 1 (0.0e+00)
Composition correction applied in 2 block(s)
csr_matrix_base::write_matrix_to_file will be deprecated in the future.
csr_matrix_base::write_matrix_to_file will be deprecated in the future.
-------------------------------------------------------------------------------------------------------------
 T = 1.471, DT = 0.128, NI = 1, LI = 1, RES = 2.7e-03 (3.6e-04), CFL=16.189 (ELAPSED 00:00:06 )
-------------------------------------------------------------------------------------------------------------
csr_matrix_base::write_matrix_to_file will be deprecated in the future.
	 #1 (3.6497e+00, 5.3136e+02): lin 1 (0.0e+00)
Composition correction applied in 4 block(s)
Local chop applied in 2 block(s)
csr_matrix_base::write_matrix_to_file will be deprecated in the future.
	 #2 (5.4466e-01, 2.2618e+03): lin 1 (0.0e+00)
Composition correction applied in 3 block(s)
Local chop applied in 2 block(s)
csr_matrix_base::write_matrix_to_file will be deprecated in the future.
	 #3 (3.7880e-01, 4.0883e+01): lin 1 (0.0e+00)
Composition correction applied in 3 block(s)
Local chop applied in 3 block(s)
csr_matrix_base::write_matrix_to_file will be deprecated in the future.
	 #4 (4.3946e-01, 6.1751e-03): lin 1 (0.0e+00)
Composition correction applied in 6 block(s)
Local chop applied in 6 block(s)
csr_matrix_base::write_matrix_to_file will be deprecated in the future.
	 #5 (9.4020e-01, 2.8173e-01): lin 1 (0.0e+00)
Composition correction applied in 3 block(s)
Local chop applied in 8 block(s)
csr_matrix_base::write_matrix_to_file will be deprecated in the future.
	 #6 (5.0178e-01, 1.7320e+01): lin 1 (0.0e+00)
Composition correction applied in 6 block(s)
Local chop applied in 9 block(s)
csr_matrix_base::write_matrix_to_file will be deprecated in the future.
	 #7 (9.4055e-01, 8.4328e+00): lin 1 (0.0e+00)
Composition correction applied in 3 block(s)
Local chop applied in 8 block(s)
csr_matrix_base::write_matrix_to_file will be deprecated in the future.
	 #8 (5.0013e-01, 5.7289e+00): lin 1 (0.0e+00)
Composition correction applied in 6 block(s)
Local chop applied in 8 block(s)
csr_matrix_base::write_matrix_to_file will be deprecated in the future.
	 #9 (9.4082e-01, 5.2246e+01): lin 1 (0.0e+00)
Composition correction applied in 3 block(s)
Local chop applied in 8 block(s)
csr_matrix_base::write_matrix_to_file will be deprecated in the future.
	 #10 (5.0221e-01, 2.9100e+01): lin 1 (0.0e+00)
Composition correction applied in 6 block(s)
Local chop applied in 9 block(s)
csr_matrix_base::write_matrix_to_file will be deprecated in the future.
FAILED TO CONVERGE WITH DT = 0.128 (newton residual reservoir) 
csr_matrix_base::write_matrix_to_file will be deprecated in the future.
csr_matrix_base::write_matrix_to_file will be deprecated in the future.
	 #1 (6.4367e-03, 9.7365e-04): lin 1 (0.0e+00)
Composition correction applied in 2 block(s)
csr_matrix_base::write_matrix_to_file will be deprecated in the future.
csr_matrix_base::write_matrix_to_file will be deprecated in the future.
-------------------------------------------------------------------------------------------------------------
 T = 1.407, DT = 0.064, NI = 1, LI = 1, RES = 1.4e-07 (4.8e-06), CFL=8.091 (ELAPSED 00:00:06 )
-------------------------------------------------------------------------------------------------------------
csr_matrix_base::write_matrix_to_file will be deprecated in the future.
	 #1 (1.8230e+00, 2.6545e+02): lin 1 (0.0e+00)
Composition correction applied in 3 block(s)
Local chop applied in 1 block(s)
csr_matrix_base::write_matrix_to_file will be deprecated in the future.
	 #2 (1.4876e-01, 5.0464e+02): lin 1 (0.0e+00)
Composition correction applied in 2 block(s)
Local chop applied in 1 block(s)
csr_matrix_base::write_matrix_to_file will be deprecated in the future.
	 #3 (8.9070e-02, 3.7821e+00): lin 1 (0.0e+00)
Composition correction applied in 2 block(s)
Local chop applied in 1 block(s)
csr_matrix_base::write_matrix_to_file will be deprecated in the future.
	 #4 (5.9887e-02, 6.0776e-03): lin 1 (0.0e+00)
Composition correction applied in 3 block(s)
Local chop applied in 1 block(s)
csr_matrix_base::write_matrix_to_file will be deprecated in the future.
	 #5 (5.0584e-02, 7.3258e-09): lin 1 (0.0e+00)
Composition correction applied in 3 block(s)
Local chop applied in 1 block(s)
csr_matrix_base::write_matrix_to_file will be deprecated in the future.
	 #6 (3.8537e-01, 1.6465e-08): lin 1 (0.0e+00)
Composition correction applied in 2 block(s)
csr_matrix_base::write_matrix_to_file will be deprecated in the future.
-------------------------------------------------------------------------------------------------------------
 T = 1.407, DT = 0.064, NI = 6, LI = 6, RES = 9.8e-03 (1.2e-07), CFL=14.936 (ELAPSED 00:00:15 )
-------------------------------------------------------------------------------------------------------------
csr_matrix_base::write_matrix_to_file will be deprecated in the future.
csr_matrix_base::write_matrix_to_file will be deprecated in the future.
	 #1 (4.2079e+00, 1.4912e+02): lin 1 (0.0e+00)
Composition correction applied in 2 block(s)
csr_matrix_base::write_matrix_to_file will be deprecated in the future.
csr_matrix_base::write_matrix_to_file will be deprecated in the future.
-------------------------------------------------------------------------------------------------------------
 T = 1.535, DT = 0.128, NI = 1, LI = 1, RES = 3.3e-03 (9.6e-04), CFL=16.871 (ELAPSED 00:00:06 )
-------------------------------------------------------------------------------------------------------------
csr_matrix_base::write_matrix_to_file will be deprecated in the future.
	 #1 (4.1296e+00, 7.3145e+02): lin 1 (0.0e+00)
Composition correction applied in 4 block(s)
Local chop applied in 2 block(s)
csr_matrix_base::write_matrix_to_file will be deprecated in the future.
	 #2 (6.9121e-01, 3.5462e+03): lin 1 (0.0e+00)
Composition correction applied in 3 block(s)
Local chop applied in 2 block(s)
csr_matrix_base::write_matrix_to_file will be deprecated in the future.
	 #3 (4.3959e-01, 5.8668e-01): lin 1 (0.0e+00)
Composition correction applied in 3 block(s)
Local chop applied in 3 block(s)
csr_matrix_base::write_matrix_to_file will be deprecated in the future.
	 #4 (4.8592e-01, 1.3751e-04): lin 1 (0.0e+00)
Composition correction applied in 7 block(s)
Local chop applied in 7 block(s)
csr_matrix_base::write_matrix_to_file will be deprecated in the future.
	 #5 (9.8207e-01, 8.4116e-01): lin 1 (0.0e+00)
Composition correction applied in 3 block(s)
Local chop applied in 9 block(s)
csr_matrix_base::write_matrix_to_file will be deprecated in the future.
	 #6 (5.2950e-01, 1.2810e+02): lin 1 (0.0e+00)
Composition correction applied in 7 block(s)
Local chop applied in 9 block(s)
csr_matrix_base::write_matrix_to_file will be deprecated in the future.
	 #7 (9.7966e-01, 1.7186e+02): lin 1 (0.0e+00)
Composition correction applied in 3 block(s)
Local chop applied in 9 block(s)
csr_matrix_base::write_matrix_to_file will be deprecated in the future.
	 #8 (5.2629e-01, 1.0069e+02): lin 1 (0.0e+00)
Composition correction applied in 7 block(s)
Local chop applied in 9 block(s)
csr_matrix_base::write_matrix_to_file will be deprecated in the future.
	 #9 (9.8141e-01, 6.8249e+01): lin 1 (0.0e+00)
Composition correction applied in 3 block(s)
Local chop applied in 9 block(s)
csr_matrix_base::write_matrix_to_file will be deprecated in the future.
	 #10 (5.2950e-01, 1.2398e+02): lin 1 (0.0e+00)
Composition correction applied in 7 block(s)
Local chop applied in 9 block(s)
csr_matrix_base::write_matrix_to_file will be deprecated in the future.
FAILED TO CONVERGE WITH DT = 0.128 (newton residual reservoir) 
csr_matrix_base::write_matrix_to_file will be deprecated in the future.
csr_matrix_base::write_matrix_to_file will be deprecated in the future.
	 #1 (7.0497e-03, 2.5151e-03): lin 1 (0.0e+00)
Composition correction applied in 2 block(s)
csr_matrix_base::write_matrix_to_file will be deprecated in the future.
csr_matrix_base::write_matrix_to_file will be deprecated in the future.
-------------------------------------------------------------------------------------------------------------
 T = 1.471, DT = 0.064, NI = 1, LI = 1, RES = 1.7e-07 (5.2e-06), CFL=8.429 (ELAPSED 00:00:06 )
-------------------------------------------------------------------------------------------------------------
csr_matrix_base::write_matrix_to_file will be deprecated in the future.
	 #1 (2.0627e+00, 3.6541e+02): lin 1 (0.0e+00)
Composition correction applied in 3 block(s)
Local chop applied in 1 block(s)
csr_matrix_base::write_matrix_to_file will be deprecated in the future.
	 #2 (1.7786e-01, 7.0223e+02): lin 1 (0.0e+00)
Composition correction applied in 2 block(s)
Local chop applied in 1 block(s)
csr_matrix_base::write_matrix_to_file will be deprecated in the future.
	 #3 (1.0812e-01, 3.8319e+00): lin 1 (0.0e+00)
Composition correction applied in 2 block(s)
Local chop applied in 1 block(s)
csr_matrix_base::write_matrix_to_file will be deprecated in the future.
	 #4 (7.7231e-02, 1.1081e-04): lin 1 (0.0e+00)
Composition correction applied in 3 block(s)
Local chop applied in 1 block(s)
csr_matrix_base::write_matrix_to_file will be deprecated in the future.
	 #5 (7.1728e-02, 4.6059e-07): lin 1 (0.0e+00)
Composition correction applied in 3 block(s)
Local chop applied in 1 block(s)
csr_matrix_base::write_matrix_to_file will be deprecated in the future.
	 #6 (3.8307e-01, 7.1276e-07): lin 1 (0.0e+00)
Composition correction applied in 2 block(s)
csr_matrix_base::write_matrix_to_file will be deprecated in the future.
	 #7 (1.9244e-02, 5.0030e-06): lin 1 (0.0e+00)
Composition correction applied in 2 block(s)
csr_matrix_base::write_matrix_to_file will be deprecated in the future.
-------------------------------------------------------------------------------------------------------------
 T = 1.471, DT = 0.064, NI = 7, LI = 7, RES = 6.6e-04 (1.9e-07), CFL=16.056 (ELAPSED 00:00:16 )
-------------------------------------------------------------------------------------------------------------
csr_matrix_base::write_matrix_to_file will be deprecated in the future.
csr_matrix_base::write_matrix_to_file will be deprecated in the future.
	 #1 (4.6347e+00, 2.0041e+02): lin 1 (0.0e+00)
Composition correction applied in 2 block(s)
csr_matrix_base::write_matrix_to_file will be deprecated in the future.
csr_matrix_base::write_matrix_to_file will be deprecated in the future.
-------------------------------------------------------------------------------------------------------------
 T = 1.599, DT = 0.128, NI = 1, LI = 1, RES = 4.3e-03 (1.8e-03), CFL=17.565 (ELAPSED 00:00:06 )
-------------------------------------------------------------------------------------------------------------
csr_matrix_base::write_matrix_to_file will be deprecated in the future.
	 #1 (4.6509e+00, 1.3253e+03): lin 1 (0.0e+00)
Composition correction applied in 4 block(s)
Local chop applied in 2 block(s)
csr_matrix_base::write_matrix_to_file will be deprecated in the future.
	 #2 (1.0227e+00, 7.9856e+03): lin 1 (0.0e+00)
Composition correction applied in 3 block(s)
Local chop applied in 2 block(s)
csr_matrix_base::write_matrix_to_file will be deprecated in the future.
	 #3 (5.2962e-01, 2.5703e+02): lin 1 (0.0e+00)
Composition correction applied in 3 block(s)
Local chop applied in 3 block(s)
csr_matrix_base::write_matrix_to_file will be deprecated in the future.
	 #4 (5.4494e-01, 8.9809e-01): lin 1 (0.0e+00)
Composition correction applied in 9 block(s)
Local chop applied in 11 block(s)
csr_matrix_base::write_matrix_to_file will be deprecated in the future.
	 #5 (1.3508e+00, 8.4127e+02): lin 1 (0.0e+00)
Composition correction applied in 4 block(s)
Local chop applied in 11 block(s)
csr_matrix_base::write_matrix_to_file will be deprecated in the future.
	 #6 (5.4494e-01, 1.1283e+03): lin 1 (0.0e+00)
Composition correction applied in 9 block(s)
Local chop applied in 11 block(s)
csr_matrix_base::write_matrix_to_file will be deprecated in the future.
	 #7 (1.5764e+00, 6.3673e+02): lin 1 (0.0e+00)
Composition correction applied in 4 block(s)
Local chop applied in 11 block(s)
csr_matrix_base::write_matrix_to_file will be deprecated in the future.
	 #8 (5.4494e-01, 1.1393e+03): lin 1 (0.0e+00)
Composition correction applied in 9 block(s)
Local chop applied in 11 block(s)
csr_matrix_base::write_matrix_to_file will be deprecated in the future.
	 #9 (1.7850e+00, 7.0797e+02): lin 1 (0.0e+00)
Composition correction applied in 4 block(s)
Local chop applied in 11 block(s)
csr_matrix_base::write_matrix_to_file will be deprecated in the future.
	 #10 (5.7945e-01, 1.2148e+03): lin 1 (0.0e+00)
Composition correction applied in 9 block(s)
Local chop applied in 11 block(s)
csr_matrix_base::write_matrix_to_file will be deprecated in the future.
FAILED TO CONVERGE WITH DT = 0.128 (newton residual reservoir) 
csr_matrix_base::write_matrix_to_file will be deprecated in the future.
csr_matrix_base::write_matrix_to_file will be deprecated in the future.
	 #1 (7.5602e-03, 3.2377e-03): lin 1 (0.0e+00)
Composition correction applied in 2 block(s)
csr_matrix_base::write_matrix_to_file will be deprecated in the future.
csr_matrix_base::write_matrix_to_file will be deprecated in the future.
-------------------------------------------------------------------------------------------------------------
 T = 1.535, DT = 0.064, NI = 1, LI = 1, RES = 2.1e-07 (5.6e-06), CFL=8.774 (ELAPSED 00:00:06 )
-------------------------------------------------------------------------------------------------------------
csr_matrix_base::write_matrix_to_file will be deprecated in the future.
	 #1 (2.3232e+00, 6.6207e+02): lin 1 (0.0e+00)
Composition correction applied in 3 block(s)
Local chop applied in 1 block(s)
csr_matrix_base::write_matrix_to_file will be deprecated in the future.
	 #2 (2.0308e-01, 1.7810e+03): lin 1 (0.0e+00)
Composition correction applied in 2 block(s)
Local chop applied in 1 block(s)
csr_matrix_base::write_matrix_to_file will be deprecated in the future.
	 #3 (1.3032e-01, 3.9808e+01): lin 1 (0.0e+00)
Composition correction applied in 2 block(s)
Local chop applied in 1 block(s)
csr_matrix_base::write_matrix_to_file will be deprecated in the future.
	 #4 (1.0081e-01, 1.8478e-01): lin 1 (0.0e+00)
Composition correction applied in 3 block(s)
Local chop applied in 1 block(s)
csr_matrix_base::write_matrix_to_file will be deprecated in the future.
	 #5 (1.0001e-01, 4.7558e-06): lin 1 (0.0e+00)
Composition correction applied in 3 block(s)
Local chop applied in 1 block(s)
csr_matrix_base::write_matrix_to_file will be deprecated in the future.
	 #6 (4.6976e-01, 1.9204e-05): lin 1 (0.0e+00)
Composition correction applied in 2 block(s)
csr_matrix_base::write_matrix_to_file will be deprecated in the future.
	 #7 (4.4622e-02, 1.5648e-04): lin 1 (0.0e+00)
Composition correction applied in 2 block(s)
csr_matrix_base::write_matrix_to_file will be deprecated in the future.
-------------------------------------------------------------------------------------------------------------
 T = 1.535, DT = 0.064, NI = 7, LI = 7, RES = 4.9e-03 (8.8e-06), CFL=16.481 (ELAPSED 00:00:16 )
-------------------------------------------------------------------------------------------------------------
csr_matrix_base::write_matrix_to_file will be deprecated in the future.
csr_matrix_base::write_matrix_to_file will be deprecated in the future.
	 #1 (4.5891e+00, 3.7108e+02): lin 1 (0.0e+00)
Composition correction applied in 2 block(s)
csr_matrix_base::write_matrix_to_file will be deprecated in the future.
csr_matrix_base::write_matrix_to_file will be deprecated in the future.
-------------------------------------------------------------------------------------------------------------
 T = 1.663, DT = 0.128, NI = 1, LI = 1, RES = 5.0e-03 (2.2e-03), CFL=18.303 (ELAPSED 00:00:06 )
-------------------------------------------------------------------------------------------------------------
csr_matrix_base::write_matrix_to_file will be deprecated in the future.
	 #1 (5.2063e+00, 1.9460e+03): lin 1 (0.0e+00)
Composition correction applied in 4 block(s)
Local chop applied in 2 block(s)
csr_matrix_base::write_matrix_to_file will be deprecated in the future.
	 #2 (1.5865e+00, 1.0369e+04): lin 1 (0.0e+00)
Composition correction applied in 3 block(s)
Local chop applied in 2 block(s)
csr_matrix_base::write_matrix_to_file will be deprecated in the future.
	 #3 (8.5447e-01, 8.7380e+02): lin 1 (0.0e+00)
Composition correction applied in 3 block(s)
Local chop applied in 3 block(s)
csr_matrix_base::write_matrix_to_file will be deprecated in the future.
	 #4 (5.9640e-01, 5.9128e+00): lin 1 (0.0e+00)
Composition correction applied in 8 block(s)
Local chop applied in 10 block(s)
csr_matrix_base::write_matrix_to_file will be deprecated in the future.
	 #5 (1.4170e+00, 2.1761e+03): lin 1 (0.0e+00)
Composition correction applied in 3 block(s)
Local chop applied in 10 block(s)
csr_matrix_base::write_matrix_to_file will be deprecated in the future.
	 #6 (5.9640e-01, 7.3785e+02): lin 1 (0.0e+00)
Composition correction applied in 8 block(s)
Local chop applied in 10 block(s)
csr_matrix_base::write_matrix_to_file will be deprecated in the future.
	 #7 (1.3907e+00, 2.2053e+03): lin 1 (0.0e+00)
Composition correction applied in 3 block(s)
Local chop applied in 10 block(s)
csr_matrix_base::write_matrix_to_file will be deprecated in the future.
	 #8 (5.9640e-01, 7.1394e+02): lin 1 (0.0e+00)
Composition correction applied in 8 block(s)
Local chop applied in 10 block(s)
csr_matrix_base::write_matrix_to_file will be deprecated in the future.
	 #9 (1.3759e+00, 2.2616e+03): lin 1 (0.0e+00)
Composition correction applied in 3 block(s)
Local chop applied in 10 block(s)
csr_matrix_base::write_matrix_to_file will be deprecated in the future.
FAILED TO CONVERGE WITH DT = 0.128 (newton residual reservoir) 
csr_matrix_base::write_matrix_to_file will be deprecated in the future.
csr_matrix_base::write_matrix_to_file will be deprecated in the future.
	 #1 (7.5914e-03, 4.7404e-03): lin 1 (0.0e+00)
Composition correction applied in 2 block(s)
csr_matrix_base::write_matrix_to_file will be deprecated in the future.
csr_matrix_base::write_matrix_to_file will be deprecated in the future.
-------------------------------------------------------------------------------------------------------------
 T = 1.599, DT = 0.064, NI = 1, LI = 1, RES = 2.4e-07 (6.6e-06), CFL=9.141 (ELAPSED 00:00:06 )
-------------------------------------------------------------------------------------------------------------
csr_matrix_base::write_matrix_to_file will be deprecated in the future.
	 #1 (2.6006e+00, 9.7215e+02): lin 1 (0.0e+00)
Composition correction applied in 3 block(s)
Local chop applied in 1 block(s)
csr_matrix_base::write_matrix_to_file will be deprecated in the future.
	 #2 (2.3300e-01, 1.5954e+03): lin 1 (0.0e+00)
Composition correction applied in 2 block(s)
Local chop applied in 1 block(s)
csr_matrix_base::write_matrix_to_file will be deprecated in the future.
	 #3 (1.5698e-01, 3.1611e+02): lin 1 (0.0e+00)
Composition correction applied in 3 block(s)
Local chop applied in 1 block(s)
csr_matrix_base::write_matrix_to_file will be deprecated in the future.
	 #4 (1.2870e-01, 2.0888e+00): lin 1 (0.0e+00)
Composition correction applied in 3 block(s)
Local chop applied in 1 block(s)
csr_matrix_base::write_matrix_to_file will be deprecated in the future.
	 #5 (1.4100e-01, 4.8556e-02): lin 1 (0.0e+00)
Composition correction applied in 3 block(s)
Local chop applied in 1 block(s)
csr_matrix_base::write_matrix_to_file will be deprecated in the future.
	 #6 (6.0021e-01, 2.0421e-04): lin 1 (0.0e+00)
Composition correction applied in 2 block(s)
csr_matrix_base::write_matrix_to_file will be deprecated in the future.
	 #7 (7.6252e-02, 1.7625e-03): lin 1 (0.0e+00)
Composition correction applied in 2 block(s)
csr_matrix_base::write_matrix_to_file will be deprecated in the future.
	 #8 (1.2354e-02, 1.2922e-04): lin 1 (0.0e+00)
Composition correction applied in 2 block(s)
csr_matrix_base::write_matrix_to_file will be deprecated in the future.
-------------------------------------------------------------------------------------------------------------
 T = 1.599, DT = 0.064, NI = 8, LI = 8, RES = 7.7e-05 (7.0e-07), CFL=16.734 (ELAPSED 00:00:17 )
-------------------------------------------------------------------------------------------------------------
csr_matrix_base::write_matrix_to_file will be deprecated in the future.
csr_matrix_base::write_matrix_to_file will be deprecated in the future.
	 #1 (4.3915e+00, 4.7819e+02): lin 1 (0.0e+00)
Composition correction applied in 2 block(s)
csr_matrix_base::write_matrix_to_file will be deprecated in the future.
csr_matrix_base::write_matrix_to_file will be deprecated in the future.
-------------------------------------------------------------------------------------------------------------
 T = 1.727, DT = 0.128, NI = 1, LI = 1, RES = 5.8e-03 (3.0e-03), CFL=19.090 (ELAPSED 00:00:06 )
-------------------------------------------------------------------------------------------------------------
csr_matrix_base::write_matrix_to_file will be deprecated in the future.
	 #1 (5.7898e+00, 4.1055e+03): lin 1 (0.0e+00)
Composition correction applied in 8 block(s)
Local chop applied in 2 block(s)
csr_matrix_base::write_matrix_to_file will be deprecated in the future.
	 #2 (2.6883e+00, 1.4884e+04): lin 1 (0.0e+00)
Composition correction applied in 5 block(s)
Local chop applied in 2 block(s)
csr_matrix_base::write_matrix_to_file will be deprecated in the future.
	 #3 (1.5379e+00, 1.5151e+03): lin 1 (0.0e+00)
Composition correction applied in 7 block(s)
Local chop applied in 5 block(s)
csr_matrix_base::write_matrix_to_file will be deprecated in the future.
	 #4 (9.6105e-01, 4.8130e+02): lin 1 (0.0e+00)
Composition correction applied in 11 block(s)
Local chop applied in 9 block(s)
csr_matrix_base::write_matrix_to_file will be deprecated in the future.
	 #5 (1.2764e+00, 1.3115e+03): lin 1 (0.0e+00)
Composition correction applied in 7 block(s)
Local chop applied in 9 block(s)
csr_matrix_base::write_matrix_to_file will be deprecated in the future.
	 #6 (6.5632e-01, 2.2374e+03): lin 1 (0.0e+00)
Composition correction applied in 11 block(s)
Local chop applied in 9 block(s)
csr_matrix_base::write_matrix_to_file will be deprecated in the future.
	 #7 (1.0379e+00, 3.6804e+03): lin 1 (0.0e+00)
Composition correction applied in 7 block(s)
Local chop applied in 9 block(s)
csr_matrix_base::write_matrix_to_file will be deprecated in the future.
	 #8 (6.5632e-01, 3.7892e+03): lin 1 (0.0e+00)
Composition correction applied in 11 block(s)
Local chop applied in 9 block(s)
csr_matrix_base::write_matrix_to_file will be deprecated in the future.
	 #9 (9.9333e-01, 5.5100e+03): lin 1 (0.0e+00)
Composition correction applied in 7 block(s)
Local chop applied in 9 block(s)
csr_matrix_base::write_matrix_to_file will be deprecated in the future.
	 #10 (6.5632e-01, 4.9011e+03): lin 1 (0.0e+00)
Composition correction applied in 11 block(s)
Local chop applied in 9 block(s)
csr_matrix_base::write_matrix_to_file will be deprecated in the future.
FAILED TO CONVERGE WITH DT = 0.128 (newton residual reservoir) 
csr_matrix_base::write_matrix_to_file will be deprecated in the future.
csr_matrix_base::write_matrix_to_file will be deprecated in the future.
	 #1 (7.5268e-03, 8.2657e-03): lin 1 (0.0e+00)
Composition correction applied in 2 block(s)
csr_matrix_base::write_matrix_to_file will be deprecated in the future.
csr_matrix_base::write_matrix_to_file will be deprecated in the future.
-------------------------------------------------------------------------------------------------------------
 T = 1.663, DT = 0.064, NI = 1, LI = 1, RES = 2.6e-07 (8.4e-06), CFL=9.534 (ELAPSED 00:00:06 )
-------------------------------------------------------------------------------------------------------------
csr_matrix_base::write_matrix_to_file will be deprecated in the future.
	 #1 (2.8919e+00, 2.0508e+03): lin 1 (0.0e+00)
Composition correction applied in 3 block(s)
Local chop applied in 1 block(s)
csr_matrix_base::write_matrix_to_file will be deprecated in the future.
	 #2 (4.2774e-01, 6.8853e+03): lin 1 (0.0e+00)
Composition correction applied in 2 block(s)
Local chop applied in 1 block(s)
csr_matrix_base::write_matrix_to_file will be deprecated in the future.
	 #3 (2.2611e-01, 6.3021e+02): lin 1 (0.0e+00)
Composition correction applied in 3 block(s)
Local chop applied in 3 block(s)
csr_matrix_base::write_matrix_to_file will be deprecated in the future.
	 #4 (1.6612e-01, 3.4382e+01): lin 1 (0.0e+00)
Composition correction applied in 3 block(s)
Local chop applied in 3 block(s)
csr_matrix_base::write_matrix_to_file will be deprecated in the future.
	 #5 (1.9264e-01, 1.9099e+02): lin 1 (0.0e+00)
Composition correction applied in 3 block(s)
Local chop applied in 2 block(s)
csr_matrix_base::write_matrix_to_file will be deprecated in the future.
	 #6 (7.7764e-01, 3.5231e+02): lin 1 (0.0e+00)
Composition correction applied in 2 block(s)
Local chop applied in 2 block(s)
csr_matrix_base::write_matrix_to_file will be deprecated in the future.
	 #7 (1.1695e-01, 3.5720e+02): lin 1 (0.0e+00)
Composition correction applied in 2 block(s)
Local chop applied in 2 block(s)
csr_matrix_base::write_matrix_to_file will be deprecated in the future.
	 #8 (2.5569e-02, 4.4228e+02): lin 1 (0.0e+00)
Composition correction applied in 2 block(s)
Local chop applied in 2 block(s)
csr_matrix_base::write_matrix_to_file will be deprecated in the future.
	 #9 (1.2532e-03, 3.5760e+02): lin 1 (0.0e+00)
Composition correction applied in 2 block(s)
Local chop applied in 2 block(s)
csr_matrix_base::write_matrix_to_file will be deprecated in the future.
	 #10 (2.6027e-08, 4.5068e+02): lin 1 (0.0e+00)
Composition correction applied in 2 block(s)
Local chop applied in 2 block(s)
csr_matrix_base::write_matrix_to_file will be deprecated in the future.
FAILED TO CONVERGE WITH DT = 0.064 (newton residual wells) 
csr_matrix_base::write_matrix_to_file will be deprecated in the future.
csr_matrix_base::write_matrix_to_file will be deprecated in the future.
	 #1 (1.1254e-05, 4.1991e-06): lin 1 (0.0e+00)
Composition correction applied in 2 block(s)
csr_matrix_base::write_matrix_to_file will be deprecated in the future.
csr_matrix_base::write_matrix_to_file will be deprecated in the future.
-------------------------------------------------------------------------------------------------------------
 T = 1.631, DT = 0.032, NI = 1, LI = 1, RES = 7.2e-12 (1.9e-09), CFL=4.767 (ELAPSED 00:00:06 )
-------------------------------------------------------------------------------------------------------------
csr_matrix_base::write_matrix_to_file will be deprecated in the future.
	 #1 (1.4460e+00, 1.0254e+03): lin 1 (0.0e+00)
Composition correction applied in 2 block(s)
Local chop applied in 1 block(s)
csr_matrix_base::write_matrix_to_file will be deprecated in the future.
	 #2 (5.4111e-02, 1.8850e+03): lin 1 (0.0e+00)
Composition correction applied in 2 block(s)
csr_matrix_base::write_matrix_to_file will be deprecated in the future.
	 #3 (6.7140e-03, 1.1475e+02): lin 1 (0.0e+00)
Composition correction applied in 2 block(s)
Local chop applied in 2 block(s)
csr_matrix_base::write_matrix_to_file will be deprecated in the future.
	 #4 (1.0278e-04, 1.2125e+02): lin 1 (0.0e+00)
Composition correction applied in 2 block(s)
Local chop applied in 2 block(s)
csr_matrix_base::write_matrix_to_file will be deprecated in the future.
	 #5 (2.8634e-10, 1.3702e+02): lin 1 (0.0e+00)
Composition correction applied in 2 block(s)
Local chop applied in 2 block(s)
csr_matrix_base::write_matrix_to_file will be deprecated in the future.
	 #6 (1.9197e-15, 1.7047e+02): lin 1 (0.0e+00)
Composition correction applied in 2 block(s)
Local chop applied in 2 block(s)
csr_matrix_base::write_matrix_to_file will be deprecated in the future.
	 #7 (1.3864e-15, 1.4903e+02): lin 1 (0.0e+00)
Composition correction applied in 2 block(s)
Local chop applied in 2 block(s)
csr_matrix_base::write_matrix_to_file will be deprecated in the future.
	 #8 (6.4720e-16, 1.7282e+02): lin 1 (0.0e+00)
Composition correction applied in 2 block(s)
Local chop applied in 2 block(s)
csr_matrix_base::write_matrix_to_file will be deprecated in the future.
	 #9 (3.9035e-16, 1.4960e+02): lin 1 (0.0e+00)
Composition correction applied in 2 block(s)
Local chop applied in 2 block(s)
csr_matrix_base::write_matrix_to_file will be deprecated in the future.
	 #10 (3.8692e-16, 1.7293e+02): lin 1 (0.0e+00)
Composition correction applied in 2 block(s)
Local chop applied in 2 block(s)
csr_matrix_base::write_matrix_to_file will be deprecated in the future.
FAILED TO CONVERGE WITH DT = 0.032 (newton residual wells) 
csr_matrix_base::write_matrix_to_file will be deprecated in the future.
csr_matrix_base::write_matrix_to_file will be deprecated in the future.
	 #1 (2.2660e-07, 9.1001e-10): lin 1 (0.0e+00)
Composition correction applied in 2 block(s)
csr_matrix_base::write_matrix_to_file will be deprecated in the future.
csr_matrix_base::write_matrix_to_file will be deprecated in the future.
-------------------------------------------------------------------------------------------------------------
 T = 1.615, DT = 0.016, NI = 1, LI = 1, RES = 6.6e-15 (5.9e-10), CFL=2.383 (ELAPSED 00:00:06 )
-------------------------------------------------------------------------------------------------------------
csr_matrix_base::write_matrix_to_file will be deprecated in the future.
	 #1 (7.2310e-01, 5.1269e+02): lin 1 (0.0e+00)
Composition correction applied in 2 block(s)
csr_matrix_base::write_matrix_to_file will be deprecated in the future.
	 #2 (9.3574e-03, 5.5597e+02): lin 1 (0.0e+00)
Composition correction applied in 2 block(s)
csr_matrix_base::write_matrix_to_file will be deprecated in the future.
	 #3 (2.5302e-04, 1.4070e+01): lin 1 (0.0e+00)
Composition correction applied in 2 block(s)
csr_matrix_base::write_matrix_to_file will be deprecated in the future.
	 #4 (5.3357e-10, 6.5083e+01): lin 1 (0.0e+00)
Composition correction applied in 2 block(s)
Local chop applied in 2 block(s)
csr_matrix_base::write_matrix_to_file will be deprecated in the future.
	 #5 (5.1805e-16, 6.6871e+01): lin 1 (0.0e+00)
Composition correction applied in 2 block(s)
csr_matrix_base::write_matrix_to_file will be deprecated in the future.
	 #6 (3.4605e-16, 4.2699e+01): lin 1 (0.0e+00)
Composition correction applied in 2 block(s)
Local chop applied in 2 block(s)
csr_matrix_base::write_matrix_to_file will be deprecated in the future.
	 #7 (2.5010e-16, 8.3680e+01): lin 1 (0.0e+00)
Composition correction applied in 2 block(s)
csr_matrix_base::write_matrix_to_file will be deprecated in the future.
	 #8 (2.5010e-16, 3.3217e+01): lin 1 (0.0e+00)
Composition correction applied in 2 block(s)
Local chop applied in 2 block(s)
csr_matrix_base::write_matrix_to_file will be deprecated in the future.
	 #9 (2.5010e-16, 8.1059e+01): lin 1 (0.0e+00)
Composition correction applied in 2 block(s)
Local chop applied in 2 block(s)
csr_matrix_base::write_matrix_to_file will be deprecated in the future.
FAILED TO CONVERGE WITH DT = 0.016 (newton residual wells) 
csr_matrix_base::write_matrix_to_file will be deprecated in the future.
csr_matrix_base::write_matrix_to_file will be deprecated in the future.
	 #1 (8.8032e-09, 2.9378e-10): lin 1 (0.0e+00)
Composition correction applied in 2 block(s)
csr_matrix_base::write_matrix_to_file will be deprecated in the future.
csr_matrix_base::write_matrix_to_file will be deprecated in the future.
-------------------------------------------------------------------------------------------------------------
 T = 1.607, DT = 0.008, NI = 1, LI = 1, RES = 4.3e-15 (8.8e-10), CFL=1.192 (ELAPSED 00:00:06 )
-------------------------------------------------------------------------------------------------------------
csr_matrix_base::write_matrix_to_file will be deprecated in the future.
	 #1 (3.6164e-01, 2.5635e+02): lin 1 (0.0e+00)
Composition correction applied in 2 block(s)
csr_matrix_base::write_matrix_to_file will be deprecated in the future.
	 #2 (1.6373e-03, 1.8062e+02): lin 1 (0.0e+00)
Composition correction applied in 2 block(s)
csr_matrix_base::write_matrix_to_file will be deprecated in the future.
	 #3 (1.7601e-07, 1.9056e+00): lin 1 (0.0e+00)
Composition correction applied in 2 block(s)
csr_matrix_base::write_matrix_to_file will be deprecated in the future.
	 #4 (2.5635e-16, 1.1246e+01): lin 1 (0.0e+00)
Composition correction applied in 2 block(s)
Local chop applied in 2 block(s)
csr_matrix_base::write_matrix_to_file will be deprecated in the future.
	 #5 (9.9737e-17, 3.4218e+01): lin 1 (0.0e+00)
Composition correction applied in 2 block(s)
csr_matrix_base::write_matrix_to_file will be deprecated in the future.
	 #6 (9.9737e-17, 1.6804e+01): lin 1 (0.0e+00)
Composition correction applied in 4 block(s)
Local chop applied in 2 block(s)
csr_matrix_base::write_matrix_to_file will be deprecated in the future.
	 #7 (1.1576e-16, 3.7069e+01): lin 1 (0.0e+00)
Composition correction applied in 2 block(s)
csr_matrix_base::write_matrix_to_file will be deprecated in the future.
	 #8 (9.9737e-17, 1.3550e+01): lin 1 (0.0e+00)
Composition correction applied in 2 block(s)
csr_matrix_base::write_matrix_to_file will be deprecated in the future.
	 #9 (1.1576e-16, 1.1038e+01): lin 1 (0.0e+00)
Composition correction applied in 2 block(s)
Local chop applied in 2 block(s)
csr_matrix_base::write_matrix_to_file will be deprecated in the future.
FAILED TO CONVERGE WITH DT = 0.008 (newton residual wells) 
csr_matrix_base::write_matrix_to_file will be deprecated in the future.
csr_matrix_base::write_matrix_to_file will be deprecated in the future.
	 #1 (6.3410e-10, 4.3978e-10): lin 1 (0.0e+00)
Composition correction applied in 2 block(s)
csr_matrix_base::write_matrix_to_file will be deprecated in the future.
csr_matrix_base::write_matrix_to_file will be deprecated in the future.
-------------------------------------------------------------------------------------------------------------
 T = 1.603, DT = 0.004, NI = 1, LI = 1, RES = 2.3e-15 (1.2e-10), CFL=0.596 (ELAPSED 00:00:06 )
-------------------------------------------------------------------------------------------------------------
csr_matrix_base::write_matrix_to_file will be deprecated in the future.
	 #1 (1.8091e-01, 1.2817e+02): lin 1 (0.0e+00)
Composition correction applied in 2 block(s)
csr_matrix_base::write_matrix_to_file will be deprecated in the future.
	 #2 (2.8128e-04, 6.3976e+01): lin 1 (0.0e+00)
Composition correction applied in 2 block(s)
csr_matrix_base::write_matrix_to_file will be deprecated in the future.
	 #3 (1.9949e-08, 1.5167e+00): lin 1 (0.0e+00)
Composition correction applied in 2 block(s)
csr_matrix_base::write_matrix_to_file will be deprecated in the future.
	 #4 (1.7643e-16, 1.6498e+00): lin 1 (0.0e+00)
Composition correction applied in 2 block(s)
csr_matrix_base::write_matrix_to_file will be deprecated in the future.
-------------------------------------------------------------------------------------------------------------
 T = 1.603, DT = 0.004, NI = 4, LI = 4, RES = 1.8e-16 (2.4e-01), CFL=0.596 (ELAPSED 00:00:18 )
-------------------------------------------------------------------------------------------------------------
csr_matrix_base::write_matrix_to_file will be deprecated in the future.
csr_matrix_base::write_matrix_to_file will be deprecated in the future.
	 #1 (9.5737e-03, 7.0657e+01): lin 1 (0.0e+00)
Composition correction applied in 2 block(s)
csr_matrix_base::write_matrix_to_file will be deprecated in the future.
csr_matrix_base::write_matrix_to_file will be deprecated in the future.
-------------------------------------------------------------------------------------------------------------
 T = 1.611, DT = 0.008, NI = 1, LI = 1, RES = 1.1e-06 (7.8e-05), CFL=1.187 (ELAPSED 00:00:06 )
-------------------------------------------------------------------------------------------------------------
csr_matrix_base::write_matrix_to_file will be deprecated in the future.
	 #1 (3.6637e-01, 3.0275e+02): lin 1 (0.0e+00)
Composition correction applied in 5 block(s)
Local chop applied in 2 block(s)
csr_matrix_base::write_matrix_to_file will be deprecated in the future.
	 #2 (2.2396e-03, 4.0663e+01): lin 1 (0.0e+00)
Composition correction applied in 3 block(s)
Local chop applied in 2 block(s)
csr_matrix_base::write_matrix_to_file will be deprecated in the future.
	 #3 (3.2847e-05, 1.2150e+02): lin 1 (0.0e+00)
Composition correction applied in 3 block(s)
csr_matrix_base::write_matrix_to_file will be deprecated in the future.
	 #4 (3.1355e-12, 1.9722e+00): lin 1 (0.0e+00)
Composition correction applied in 3 block(s)
csr_matrix_base::write_matrix_to_file will be deprecated in the future.
-------------------------------------------------------------------------------------------------------------
 T = 1.611, DT = 0.008, NI = 4, LI = 4, RES = 1.1e-13 (9.5e-01), CFL=1.178 (ELAPSED 00:00:18 )
-------------------------------------------------------------------------------------------------------------
csr_matrix_base::write_matrix_to_file will be deprecated in the future.
csr_matrix_base::write_matrix_to_file will be deprecated in the future.
	 #1 (4.6795e-02, 1.2313e+02): lin 1 (0.0e+00)
Composition correction applied in 3 block(s)
csr_matrix_base::write_matrix_to_file will be deprecated in the future.
csr_matrix_base::write_matrix_to_file will be deprecated in the future.
-------------------------------------------------------------------------------------------------------------
 T = 1.627, DT = 0.016, NI = 1, LI = 1, RES = 3.5e-06 (5.0e-05), CFL=2.362 (ELAPSED 00:00:06 )
-------------------------------------------------------------------------------------------------------------
csr_matrix_base::write_matrix_to_file will be deprecated in the future.
	 #1 (7.5411e-01, 1.4783e+03): lin 1 (0.0e+00)
Composition correction applied in 6 block(s)
csr_matrix_base::write_matrix_to_file will be deprecated in the future.
	 #2 (1.1352e-02, 1.9415e+03): lin 1 (0.0e+00)
Composition correction applied in 4 block(s)
Local chop applied in 2 block(s)
csr_matrix_base::write_matrix_to_file will be deprecated in the future.
	 #3 (2.2729e-04, 4.7632e+02): lin 1 (0.0e+00)
Composition correction applied in 6 block(s)
Local chop applied in 2 block(s)
csr_matrix_base::write_matrix_to_file will be deprecated in the future.
	 #4 (4.8134e-10, 7.6046e+02): lin 1 (0.0e+00)
Composition correction applied in 4 block(s)
Local chop applied in 2 block(s)
csr_matrix_base::write_matrix_to_file will be deprecated in the future.
	 #5 (4.9784e-13, 6.1421e+02): lin 1 (0.0e+00)
Composition correction applied in 6 block(s)
Local chop applied in 2 block(s)
csr_matrix_base::write_matrix_to_file will be deprecated in the future.
	 #6 (4.9784e-13, 8.7150e+02): lin 1 (0.0e+00)
Composition correction applied in 4 block(s)
Local chop applied in 2 block(s)
csr_matrix_base::write_matrix_to_file will be deprecated in the future.
	 #7 (4.9784e-13, 6.9764e+02): lin 1 (0.0e+00)
Composition correction applied in 6 block(s)
Local chop applied in 2 block(s)
csr_matrix_base::write_matrix_to_file will be deprecated in the future.
FAILED TO CONVERGE WITH DT = 0.016 (newton residual wells) 
csr_matrix_base::write_matrix_to_file will be deprecated in the future.
csr_matrix_base::write_matrix_to_file will be deprecated in the future.
	 #1 (1.1540e-03, 1.8005e-02): lin 1 (0.0e+00)
Composition correction applied in 3 block(s)
csr_matrix_base::write_matrix_to_file will be deprecated in the future.
csr_matrix_base::write_matrix_to_file will be deprecated in the future.
-------------------------------------------------------------------------------------------------------------
 T = 1.619, DT = 0.008, NI = 1, LI = 1, RES = 2.5e-08 (1.5e-08), CFL=1.181 (ELAPSED 00:00:06 )
-------------------------------------------------------------------------------------------------------------
csr_matrix_base::write_matrix_to_file will be deprecated in the future.
	 #1 (3.7710e-01, 7.3945e+02): lin 1 (0.0e+00)
Composition correction applied in 3 block(s)
csr_matrix_base::write_matrix_to_file will be deprecated in the future.
	 #2 (2.4668e-03, 7.0676e+02): lin 1 (0.0e+00)
Composition correction applied in 3 block(s)
Local chop applied in 2 block(s)
csr_matrix_base::write_matrix_to_file will be deprecated in the future.
	 #3 (7.0241e-06, 1.1239e+02): lin 1 (0.0e+00)
Composition correction applied in 5 block(s)
Local chop applied in 2 block(s)
csr_matrix_base::write_matrix_to_file will be deprecated in the future.
	 #4 (5.0374e-13, 2.7753e+02): lin 1 (0.0e+00)
Composition correction applied in 3 block(s)
Local chop applied in 2 block(s)
csr_matrix_base::write_matrix_to_file will be deprecated in the future.
	 #5 (1.5326e-13, 2.2846e+02): lin 1 (0.0e+00)
Composition correction applied in 5 block(s)
Local chop applied in 2 block(s)
csr_matrix_base::write_matrix_to_file will be deprecated in the future.
	 #6 (1.5326e-13, 3.7114e+02): lin 1 (0.0e+00)
Composition correction applied in 3 block(s)
Local chop applied in 2 block(s)
csr_matrix_base::write_matrix_to_file will be deprecated in the future.
	 #7 (1.5326e-13, 2.9812e+02): lin 1 (0.0e+00)
Composition correction applied in 5 block(s)
Local chop applied in 2 block(s)
csr_matrix_base::write_matrix_to_file will be deprecated in the future.
FAILED TO CONVERGE WITH DT = 0.008 (newton residual wells) 
csr_matrix_base::write_matrix_to_file will be deprecated in the future.
csr_matrix_base::write_matrix_to_file will be deprecated in the future.
	 #1 (5.4270e-06, 7.6269e-09): lin 1 (0.0e+00)
Composition correction applied in 3 block(s)
csr_matrix_base::write_matrix_to_file will be deprecated in the future.
csr_matrix_base::write_matrix_to_file will be deprecated in the future.
-------------------------------------------------------------------------------------------------------------
 T = 1.615, DT = 0.004, NI = 1, LI = 1, RES = 8.6e-12 (1.0e-09), CFL=0.590 (ELAPSED 00:00:06 )
-------------------------------------------------------------------------------------------------------------
csr_matrix_base::write_matrix_to_file will be deprecated in the future.
	 #1 (1.8859e-01, 3.6974e+02): lin 1 (0.0e+00)
Composition correction applied in 3 block(s)
csr_matrix_base::write_matrix_to_file will be deprecated in the future.
	 #2 (5.0744e-04, 2.7113e+02): lin 1 (0.0e+00)
Composition correction applied in 3 block(s)
Local chop applied in 2 block(s)
csr_matrix_base::write_matrix_to_file will be deprecated in the future.
	 #3 (3.7543e-08, 2.5770e+01): lin 1 (0.0e+00)
Composition correction applied in 5 block(s)
Local chop applied in 2 block(s)
csr_matrix_base::write_matrix_to_file will be deprecated in the future.
	 #4 (7.7832e-14, 7.0275e+01): lin 1 (0.0e+00)
Composition correction applied in 3 block(s)
Local chop applied in 2 block(s)
csr_matrix_base::write_matrix_to_file will be deprecated in the future.
	 #5 (7.7832e-14, 6.2800e+01): lin 1 (0.0e+00)
Composition correction applied in 5 block(s)
Local chop applied in 2 block(s)
csr_matrix_base::write_matrix_to_file will be deprecated in the future.
	 #6 (7.7832e-14, 9.4074e+01): lin 1 (0.0e+00)
Composition correction applied in 3 block(s)
Local chop applied in 2 block(s)
csr_matrix_base::write_matrix_to_file will be deprecated in the future.
FAILED TO CONVERGE WITH DT = 0.004 (newton residual wells) 
csr_matrix_base::write_matrix_to_file will be deprecated in the future.
csr_matrix_base::write_matrix_to_file will be deprecated in the future.
	 #1 (6.4327e-07, 5.6608e-10): lin 1 (0.0e+00)
Composition correction applied in 3 block(s)
csr_matrix_base::write_matrix_to_file will be deprecated in the future.
csr_matrix_base::write_matrix_to_file will be deprecated in the future.
-------------------------------------------------------------------------------------------------------------
 T = 1.613, DT = 0.002, NI = 1, LI = 1, RES = 1.5e-13 (1.3e-10), CFL=0.295 (ELAPSED 00:00:06 )
-------------------------------------------------------------------------------------------------------------
csr_matrix_base::write_matrix_to_file will be deprecated in the future.
	 #1 (9.4326e-02, 1.8487e+02): lin 1 (0.0e+00)
Composition correction applied in 3 block(s)
csr_matrix_base::write_matrix_to_file will be deprecated in the future.
	 #2 (9.2019e-05, 1.0814e+02): lin 1 (0.0e+00)
Composition correction applied in 3 block(s)
csr_matrix_base::write_matrix_to_file will be deprecated in the future.
	 #3 (2.8684e-09, 5.1765e+00): lin 1 (0.0e+00)
Composition correction applied in 3 block(s)
Local chop applied in 2 block(s)
csr_matrix_base::write_matrix_to_file will be deprecated in the future.
	 #4 (1.2231e-14, 6.1754e+00): lin 1 (0.0e+00)
Composition correction applied in 3 block(s)
Local chop applied in 2 block(s)
csr_matrix_base::write_matrix_to_file will be deprecated in the future.
	 #5 (1.2230e-14, 1.0714e+01): lin 1 (0.0e+00)
Composition correction applied in 3 block(s)
Local chop applied in 2 block(s)
csr_matrix_base::write_matrix_to_file will be deprecated in the future.
	 #6 (1.2230e-14, 1.3131e+01): lin 1 (0.0e+00)
Composition correction applied in 3 block(s)
Local chop applied in 2 block(s)
csr_matrix_base::write_matrix_to_file will be deprecated in the future.
FAILED TO CONVERGE WITH DT = 0.002 (newton residual wells) 
csr_matrix_base::write_matrix_to_file will be deprecated in the future.
csr_matrix_base::write_matrix_to_file will be deprecated in the future.
	 #1 (1.2917e-07, 7.8000e-11): lin 1 (0.0e+00)
Composition correction applied in 3 block(s)
csr_matrix_base::write_matrix_to_file will be deprecated in the future.
csr_matrix_base::write_matrix_to_file will be deprecated in the future.
-------------------------------------------------------------------------------------------------------------
 T = 1.612, DT = 0.001, NI = 1, LI = 1, RES = 6.1e-15 (4.2e-11), CFL=0.148 (ELAPSED 00:00:06 )
-------------------------------------------------------------------------------------------------------------
csr_matrix_base::write_matrix_to_file will be deprecated in the future.
	 #1 (4.7194e-02, 9.2436e+01): lin 1 (0.0e+00)
Composition correction applied in 2 block(s)
csr_matrix_base::write_matrix_to_file will be deprecated in the future.
	 #2 (1.6900e-05, 4.1716e+01): lin 1 (0.0e+00)
Composition correction applied in 2 block(s)
csr_matrix_base::write_matrix_to_file will be deprecated in the future.
	 #3 (2.1308e-12, 1.3267e+00): lin 1 (0.0e+00)
Composition correction applied in 2 block(s)
csr_matrix_base::write_matrix_to_file will be deprecated in the future.
	 #4 (2.0686e-16, 1.0515e+00): lin 1 (0.0e+00)
Composition correction applied in 2 block(s)
csr_matrix_base::write_matrix_to_file will be deprecated in the future.
-------------------------------------------------------------------------------------------------------------
 T = 1.612, DT = 0.001, NI = 4, LI = 4, RES = 1.5e-16 (8.7e-02), CFL=0.148 (ELAPSED 00:00:18 )
-------------------------------------------------------------------------------------------------------------
csr_matrix_base::write_matrix_to_file will be deprecated in the future.
csr_matrix_base::write_matrix_to_file will be deprecated in the future.
	 #1 (6.2418e-04, 2.9793e+01): lin 1 (0.0e+00)
Composition correction applied in 2 block(s)
csr_matrix_base::write_matrix_to_file will be deprecated in the future.
csr_matrix_base::write_matrix_to_file will be deprecated in the future.
-------------------------------------------------------------------------------------------------------------
 T = 1.614, DT = 0.002, NI = 1, LI = 1, RES = 1.2e-08 (5.6e-05), CFL=0.295 (ELAPSED 00:00:07 )
-------------------------------------------------------------------------------------------------------------
csr_matrix_base::write_matrix_to_file will be deprecated in the future.
	 #1 (9.4715e-02, 9.9157e+01): lin 1 (0.0e+00)
Composition correction applied in 5 block(s)
Local chop applied in 2 block(s)
csr_matrix_base::write_matrix_to_file will be deprecated in the future.
	 #2 (2.5043e-04, 7.6739e+01): lin 1 (0.0e+00)
Composition correction applied in 3 block(s)
Local chop applied in 2 block(s)
csr_matrix_base::write_matrix_to_file will be deprecated in the future.
	 #3 (7.4458e-09, 4.4995e+01): lin 1 (0.0e+00)
Composition correction applied in 3 block(s)
csr_matrix_base::write_matrix_to_file will be deprecated in the future.
	 #4 (8.2199e-14, 1.7050e+00): lin 1 (0.0e+00)
Composition correction applied in 3 block(s)
csr_matrix_base::write_matrix_to_file will be deprecated in the future.
-------------------------------------------------------------------------------------------------------------
 T = 1.614, DT = 0.002, NI = 4, LI = 4, RES = 8.2e-14 (1.0e-01), CFL=0.294 (ELAPSED 00:00:18 )
-------------------------------------------------------------------------------------------------------------
csr_matrix_base::write_matrix_to_file will be deprecated in the future.
csr_matrix_base::write_matrix_to_file will be deprecated in the future.
	 #1 (2.6832e-03, 2.9434e+01): lin 1 (0.0e+00)
Composition correction applied in 2 block(s)
csr_matrix_base::write_matrix_to_file will be deprecated in the future.
csr_matrix_base::write_matrix_to_file will be deprecated in the future.
-------------------------------------------------------------------------------------------------------------
 T = 1.618, DT = 0.004, NI = 1, LI = 1, RES = 7.2e-08 (2.0e-05), CFL=0.590 (ELAPSED 00:00:07 )
-------------------------------------------------------------------------------------------------------------
csr_matrix_base::write_matrix_to_file will be deprecated in the future.
	 #1 (1.9102e-01, 3.2217e+02): lin 1 (0.0e+00)
Composition correction applied in 4 block(s)
csr_matrix_base::write_matrix_to_file will be deprecated in the future.
	 #2 (6.5961e-04, 1.9283e+02): lin 1 (0.0e+00)
Composition correction applied in 4 block(s)
csr_matrix_base::write_matrix_to_file will be deprecated in the future.
	 #3 (4.5768e-08, 5.4727e+00): lin 1 (0.0e+00)
Composition correction applied in 4 block(s)
Local chop applied in 2 block(s)
csr_matrix_base::write_matrix_to_file will be deprecated in the future.
	 #4 (1.4874e-13, 1.2880e+01): lin 1 (0.0e+00)
Composition correction applied in 4 block(s)
Local chop applied in 2 block(s)
csr_matrix_base::write_matrix_to_file will be deprecated in the future.
	 #5 (1.4874e-13, 2.0165e+01): lin 1 (0.0e+00)
Composition correction applied in 4 block(s)
Local chop applied in 2 block(s)
csr_matrix_base::write_matrix_to_file will be deprecated in the future.
	 #6 (1.4874e-13, 2.9095e+01): lin 1 (0.0e+00)
Composition correction applied in 4 block(s)
Local chop applied in 2 block(s)
csr_matrix_base::write_matrix_to_file will be deprecated in the future.
FAILED TO CONVERGE WITH DT = 0.004 (newton residual wells) 
csr_matrix_base::write_matrix_to_file will be deprecated in the future.
csr_matrix_base::write_matrix_to_file will be deprecated in the future.
	 #1 (2.3012e-04, 1.7260e-02): lin 1 (0.0e+00)
Composition correction applied in 2 block(s)
csr_matrix_base::write_matrix_to_file will be deprecated in the future.
csr_matrix_base::write_matrix_to_file will be deprecated in the future.
-------------------------------------------------------------------------------------------------------------
 T = 1.616, DT = 0.002, NI = 1, LI = 1, RES = 7.5e-10 (4.4e-08), CFL=0.295 (ELAPSED 00:00:07 )
-------------------------------------------------------------------------------------------------------------
csr_matrix_base::write_matrix_to_file will be deprecated in the future.
	 #1 (9.5467e-02, 1.6122e+02): lin 1 (0.0e+00)
Composition correction applied in 3 block(s)
csr_matrix_base::write_matrix_to_file will be deprecated in the future.
	 #2 (1.5299e-04, 7.5640e+01): lin 1 (0.0e+00)
Composition correction applied in 3 block(s)
csr_matrix_base::write_matrix_to_file will be deprecated in the future.
	 #3 (4.4304e-09, 1.0923e+00): lin 1 (0.0e+00)
Composition correction applied in 3 block(s)
csr_matrix_base::write_matrix_to_file will be deprecated in the future.
	 #4 (5.0541e-14, 6.7258e+00): lin 1 (0.0e+00)
Composition correction applied in 5 block(s)
Local chop applied in 2 block(s)
csr_matrix_base::write_matrix_to_file will be deprecated in the future.
	 #5 (5.0541e-14, 1.1778e+01): lin 1 (0.0e+00)
Composition correction applied in 3 block(s)
csr_matrix_base::write_matrix_to_file will be deprecated in the future.
	 #6 (5.0541e-14, 7.7746e+00): lin 1 (0.0e+00)
Composition correction applied in 3 block(s)
Local chop applied in 2 block(s)
csr_matrix_base::write_matrix_to_file will be deprecated in the future.
FAILED TO CONVERGE WITH DT = 0.002 (newton residual wells) 
csr_matrix_base::write_matrix_to_file will be deprecated in the future.
csr_matrix_base::write_matrix_to_file will be deprecated in the future.
	 #1 (2.4714e-06, 2.2056e-08): lin 1 (0.0e+00)
Composition correction applied in 2 block(s)
csr_matrix_base::write_matrix_to_file will be deprecated in the future.
csr_matrix_base::write_matrix_to_file will be deprecated in the future.
-------------------------------------------------------------------------------------------------------------
 T = 1.615, DT = 0.001, NI = 1, LI = 1, RES = 2.1e-12 (7.2e-10), CFL=0.148 (ELAPSED 00:00:07 )
-------------------------------------------------------------------------------------------------------------
csr_matrix_base::write_matrix_to_file will be deprecated in the future.
	 #1 (4.7732e-02, 8.0604e+01): lin 1 (0.0e+00)
Composition correction applied in 3 block(s)
csr_matrix_base::write_matrix_to_file will be deprecated in the future.
	 #2 (3.8268e-05, 2.8539e+01): lin 1 (0.0e+00)
Composition correction applied in 3 block(s)
csr_matrix_base::write_matrix_to_file will be deprecated in the future.
-------------------------------------------------------------------------------------------------------------
 T = 1.615, DT = 0.001, NI = 2, LI = 2, RES = 3.6e-10 (4.2e-01), CFL=0.148 (ELAPSED 00:00:18 )
-------------------------------------------------------------------------------------------------------------
csr_matrix_base::write_matrix_to_file will be deprecated in the future.
csr_matrix_base::write_matrix_to_file will be deprecated in the future.
	 #1 (6.1653e-04, 1.7374e+01): lin 1 (0.0e+00)
Composition correction applied in 3 block(s)
csr_matrix_base::write_matrix_to_file will be deprecated in the future.
csr_matrix_base::write_matrix_to_file will be deprecated in the future.
-------------------------------------------------------------------------------------------------------------
 T = 1.617, DT = 0.002, NI = 1, LI = 1, RES = 5.6e-09 (1.8e-05), CFL=0.295 (ELAPSED 00:00:07 )
-------------------------------------------------------------------------------------------------------------
csr_matrix_base::write_matrix_to_file will be deprecated in the future.
	 #1 (9.5927e-02, 6.9027e+01): lin 1 (0.0e+00)
Composition correction applied in 3 block(s)
Local chop applied in 2 block(s)
csr_matrix_base::write_matrix_to_file will be deprecated in the future.
	 #2 (1.1434e-04, 4.0861e+01): lin 1 (0.0e+00)
Composition correction applied in 3 block(s)
csr_matrix_base::write_matrix_to_file will be deprecated in the future.
	 #3 (3.2566e-09, 1.0364e+00): lin 1 (0.0e+00)
Composition correction applied in 3 block(s)
csr_matrix_base::write_matrix_to_file will be deprecated in the future.
-------------------------------------------------------------------------------------------------------------
 T = 1.617, DT = 0.002, NI = 3, LI = 3, RES = 8.1e-14 (6.2e-03), CFL=0.294 (ELAPSED 00:00:18 )
-------------------------------------------------------------------------------------------------------------
csr_matrix_base::write_matrix_to_file will be deprecated in the future.
csr_matrix_base::write_matrix_to_file will be deprecated in the future.
	 #1 (2.7392e-03, 1.7523e+01): lin 1 (0.0e+00)
Composition correction applied in 2 block(s)
csr_matrix_base::write_matrix_to_file will be deprecated in the future.
csr_matrix_base::write_matrix_to_file will be deprecated in the future.
-------------------------------------------------------------------------------------------------------------
 T = 1.621, DT = 0.004, NI = 1, LI = 1, RES = 7.4e-08 (7.5e-06), CFL=0.590 (ELAPSED 00:00:07 )
-------------------------------------------------------------------------------------------------------------
csr_matrix_base::write_matrix_to_file will be deprecated in the future.
	 #1 (1.9350e-01, 1.5085e+02): lin 1 (0.0e+00)
Composition correction applied in 4 block(s)
csr_matrix_base::write_matrix_to_file will be deprecated in the future.
	 #2 (8.7567e-04, 6.9308e+01): lin 1 (0.0e+00)
Composition correction applied in 4 block(s)
csr_matrix_base::write_matrix_to_file will be deprecated in the future.
	 #3 (5.8485e-08, 1.3420e+00): lin 1 (0.0e+00)
Composition correction applied in 4 block(s)
csr_matrix_base::write_matrix_to_file will be deprecated in the future.
	 #4 (2.3241e-13, 1.5069e+00): lin 1 (0.0e+00)
Composition correction applied in 4 block(s)
csr_matrix_base::write_matrix_to_file will be deprecated in the future.
-------------------------------------------------------------------------------------------------------------
 T = 1.621, DT = 0.004, NI = 4, LI = 4, RES = 2.3e-13 (1.1e-01), CFL=0.589 (ELAPSED 00:00:18 )
-------------------------------------------------------------------------------------------------------------
csr_matrix_base::write_matrix_to_file will be deprecated in the future.
csr_matrix_base::write_matrix_to_file will be deprecated in the future.
	 #1 (1.1303e-02, 6.6683e+01): lin 1 (0.0e+00)
Composition correction applied in 3 block(s)
csr_matrix_base::write_matrix_to_file will be deprecated in the future.
csr_matrix_base::write_matrix_to_file will be deprecated in the future.
-------------------------------------------------------------------------------------------------------------
 T = 1.629, DT = 0.008, NI = 1, LI = 1, RES = 7.6e-07 (6.6e-05), CFL=1.184 (ELAPSED 00:00:07 )
-------------------------------------------------------------------------------------------------------------
csr_matrix_base::write_matrix_to_file will be deprecated in the future.
	 #1 (3.9323e-01, 3.0602e+02): lin 1 (0.0e+00)
Composition correction applied in 6 block(s)
Local chop applied in 2 block(s)
csr_matrix_base::write_matrix_to_file will be deprecated in the future.
	 #2 (2.9239e-03, 3.6688e+01): lin 1 (0.0e+00)
Composition correction applied in 4 block(s)
Local chop applied in 2 block(s)
csr_matrix_base::write_matrix_to_file will be deprecated in the future.
	 #3 (2.9497e-07, 1.3095e+02): lin 1 (0.0e+00)
Composition correction applied in 4 block(s)
csr_matrix_base::write_matrix_to_file will be deprecated in the future.
	 #4 (3.9130e-13, 2.8542e+00): lin 1 (0.0e+00)
Composition correction applied in 4 block(s)
csr_matrix_base::write_matrix_to_file will be deprecated in the future.
	 #5 (3.9130e-13, 1.1186e+00): lin 1 (0.0e+00)
Composition correction applied in 4 block(s)
csr_matrix_base::write_matrix_to_file will be deprecated in the future.
-------------------------------------------------------------------------------------------------------------
 T = 1.629, DT = 0.008, NI = 5, LI = 5, RES = 3.9e-13 (4.6e-05), CFL=1.180 (ELAPSED 00:00:18 )
-------------------------------------------------------------------------------------------------------------
csr_matrix_base::write_matrix_to_file will be deprecated in the future.
csr_matrix_base::write_matrix_to_file will be deprecated in the future.
	 #1 (4.6197e-02, 1.1999e+02): lin 1 (0.0e+00)
Composition correction applied in 3 block(s)
csr_matrix_base::write_matrix_to_file will be deprecated in the future.
csr_matrix_base::write_matrix_to_file will be deprecated in the future.
-------------------------------------------------------------------------------------------------------------
 T = 1.645, DT = 0.016, NI = 1, LI = 1, RES = 7.3e-06 (6.7e-05), CFL=2.396 (ELAPSED 00:00:07 )
-------------------------------------------------------------------------------------------------------------
csr_matrix_base::write_matrix_to_file will be deprecated in the future.
	 #1 (8.0878e-01, 1.4556e+03): lin 1 (0.0e+00)
Composition correction applied in 5 block(s)
csr_matrix_base::write_matrix_to_file will be deprecated in the future.
	 #2 (1.2275e-02, 1.8926e+03): lin 1 (0.0e+00)
Composition correction applied in 5 block(s)
Local chop applied in 2 block(s)
csr_matrix_base::write_matrix_to_file will be deprecated in the future.
	 #3 (4.2119e-04, 3.0052e+02): lin 1 (0.0e+00)
Composition correction applied in 7 block(s)
Local chop applied in 2 block(s)
csr_matrix_base::write_matrix_to_file will be deprecated in the future.
	 #4 (2.1140e-09, 6.2556e+02): lin 1 (0.0e+00)
Composition correction applied in 5 block(s)
Local chop applied in 2 block(s)
csr_matrix_base::write_matrix_to_file will be deprecated in the future.
	 #5 (5.9516e-13, 5.0827e+02): lin 1 (0.0e+00)
Composition correction applied in 7 block(s)
Local chop applied in 2 block(s)
csr_matrix_base::write_matrix_to_file will be deprecated in the future.
	 #6 (5.9516e-13, 7.9316e+02): lin 1 (0.0e+00)
Composition correction applied in 5 block(s)
Local chop applied in 2 block(s)
csr_matrix_base::write_matrix_to_file will be deprecated in the future.
	 #7 (5.9516e-13, 6.3210e+02): lin 1 (0.0e+00)
Composition correction applied in 7 block(s)
Local chop applied in 2 block(s)
csr_matrix_base::write_matrix_to_file will be deprecated in the future.
FAILED TO CONVERGE WITH DT = 0.016 (newton residual wells) 
csr_matrix_base::write_matrix_to_file will be deprecated in the future.
csr_matrix_base::write_matrix_to_file will be deprecated in the future.
	 #1 (6.9163e-04, 1.7045e-02): lin 1 (0.0e+00)
Composition correction applied in 3 block(s)
csr_matrix_base::write_matrix_to_file will be deprecated in the future.
csr_matrix_base::write_matrix_to_file will be deprecated in the future.
-------------------------------------------------------------------------------------------------------------
 T = 1.637, DT = 0.008, NI = 1, LI = 1, RES = 3.5e-08 (2.6e-06), CFL=1.197 (ELAPSED 00:00:07 )
-------------------------------------------------------------------------------------------------------------
csr_matrix_base::write_matrix_to_file will be deprecated in the future.
	 #1 (4.0375e-01, 7.2691e+02): lin 1 (0.0e+00)
Composition correction applied in 4 block(s)
csr_matrix_base::write_matrix_to_file will be deprecated in the future.
	 #2 (3.0030e-03, 6.5696e+02): lin 1 (0.0e+00)
Composition correction applied in 4 block(s)
Local chop applied in 2 block(s)
csr_matrix_base::write_matrix_to_file will be deprecated in the future.
	 #3 (2.8333e-07, 9.5713e+01): lin 1 (0.0e+00)
Composition correction applied in 6 block(s)
Local chop applied in 2 block(s)
csr_matrix_base::write_matrix_to_file will be deprecated in the future.
	 #4 (6.4675e-14, 2.6933e+02): lin 1 (0.0e+00)
Composition correction applied in 4 block(s)
Local chop applied in 2 block(s)
csr_matrix_base::write_matrix_to_file will be deprecated in the future.
	 #5 (6.4675e-14, 2.2053e+02): lin 1 (0.0e+00)
Composition correction applied in 6 block(s)
Local chop applied in 2 block(s)
csr_matrix_base::write_matrix_to_file will be deprecated in the future.
	 #6 (6.4675e-14, 3.7018e+02): lin 1 (0.0e+00)
Composition correction applied in 4 block(s)
Local chop applied in 2 block(s)
csr_matrix_base::write_matrix_to_file will be deprecated in the future.
FAILED TO CONVERGE WITH DT = 0.008 (newton residual wells) 
csr_matrix_base::write_matrix_to_file will be deprecated in the future.
csr_matrix_base::write_matrix_to_file will be deprecated in the future.
	 #1 (1.7463e-05, 1.3145e-06): lin 1 (0.0e+00)
Composition correction applied in 3 block(s)
csr_matrix_base::write_matrix_to_file will be deprecated in the future.
csr_matrix_base::write_matrix_to_file will be deprecated in the future.
-------------------------------------------------------------------------------------------------------------
 T = 1.633, DT = 0.004, NI = 1, LI = 1, RES = 8.0e-11 (1.8e-08), CFL=0.599 (ELAPSED 00:00:07 )
-------------------------------------------------------------------------------------------------------------
csr_matrix_base::write_matrix_to_file will be deprecated in the future.
	 #1 (2.0184e-01, 3.6339e+02): lin 1 (0.0e+00)
Composition correction applied in 2 block(s)
csr_matrix_base::write_matrix_to_file will be deprecated in the future.
	 #2 (7.5800e-04, 2.4942e+02): lin 1 (0.0e+00)
Composition correction applied in 2 block(s)
Local chop applied in 2 block(s)
csr_matrix_base::write_matrix_to_file will be deprecated in the future.
	 #3 (4.1330e-08, 5.0429e+00): lin 1 (0.0e+00)
Composition correction applied in 4 block(s)
Local chop applied in 2 block(s)
csr_matrix_base::write_matrix_to_file will be deprecated in the future.
	 #4 (2.3082e-16, 3.6811e+01): lin 1 (0.0e+00)
Composition correction applied in 2 block(s)
Local chop applied in 2 block(s)
csr_matrix_base::write_matrix_to_file will be deprecated in the future.
	 #5 (1.1312e-16, 3.8316e+01): lin 1 (0.0e+00)
Composition correction applied in 4 block(s)
Local chop applied in 2 block(s)
csr_matrix_base::write_matrix_to_file will be deprecated in the future.
	 #6 (1.1312e-16, 6.0928e+01): lin 1 (0.0e+00)
Composition correction applied in 2 block(s)
Local chop applied in 2 block(s)
csr_matrix_base::write_matrix_to_file will be deprecated in the future.
	 #7 (1.1312e-16, 5.5824e+01): lin 1 (0.0e+00)
Composition correction applied in 4 block(s)
Local chop applied in 2 block(s)
csr_matrix_base::write_matrix_to_file will be deprecated in the future.
FAILED TO CONVERGE WITH DT = 0.004 (newton residual wells) 
csr_matrix_base::write_matrix_to_file will be deprecated in the future.
csr_matrix_base::write_matrix_to_file will be deprecated in the future.
	 #1 (2.1981e-06, 8.5286e-09): lin 1 (0.0e+00)
Composition correction applied in 3 block(s)
csr_matrix_base::write_matrix_to_file will be deprecated in the future.
csr_matrix_base::write_matrix_to_file will be deprecated in the future.
-------------------------------------------------------------------------------------------------------------
 T = 1.631, DT = 0.002, NI = 1, LI = 1, RES = 1.7e-12 (3.6e-10), CFL=0.299 (ELAPSED 00:00:07 )
-------------------------------------------------------------------------------------------------------------
csr_matrix_base::write_matrix_to_file will be deprecated in the future.
	 #1 (1.0092e-01, 1.8169e+02): lin 1 (0.0e+00)
Composition correction applied in 2 block(s)
csr_matrix_base::write_matrix_to_file will be deprecated in the future.
	 #2 (2.0131e-04, 9.8697e+01): lin 1 (0.0e+00)
Composition correction applied in 2 block(s)
csr_matrix_base::write_matrix_to_file will be deprecated in the future.
	 #3 (4.2171e-09, 2.9602e+00): lin 1 (0.0e+00)
Composition correction applied in 2 block(s)
Local chop applied in 2 block(s)
csr_matrix_base::write_matrix_to_file will be deprecated in the future.
	 #4 (1.9195e-16, 8.4926e+00): lin 1 (0.0e+00)
Composition correction applied in 2 block(s)
Local chop applied in 2 block(s)
csr_matrix_base::write_matrix_to_file will be deprecated in the future.
	 #5 (1.4819e-16, 1.2714e+01): lin 1 (0.0e+00)
Composition correction applied in 2 block(s)
Local chop applied in 2 block(s)
csr_matrix_base::write_matrix_to_file will be deprecated in the future.
	 #6 (1.4772e-16, 1.3605e+01): lin 1 (0.0e+00)
Composition correction applied in 2 block(s)
Local chop applied in 2 block(s)
csr_matrix_base::write_matrix_to_file will be deprecated in the future.
	 #7 (1.4819e-16, 1.6461e+01): lin 1 (0.0e+00)
Composition correction applied in 2 block(s)
Local chop applied in 2 block(s)
csr_matrix_base::write_matrix_to_file will be deprecated in the future.
	 #8 (1.4772e-16, 1.4827e+01): lin 1 (0.0e+00)
Composition correction applied in 2 block(s)
Local chop applied in 2 block(s)
csr_matrix_base::write_matrix_to_file will be deprecated in the future.
	 #9 (1.4819e-16, 1.7357e+01): lin 1 (0.0e+00)
Composition correction applied in 2 block(s)
Local chop applied in 2 block(s)
csr_matrix_base::write_matrix_to_file will be deprecated in the future.
	 #10 (1.4772e-16, 1.5119e+01): lin 1 (0.0e+00)
Composition correction applied in 2 block(s)
Local chop applied in 2 block(s)
csr_matrix_base::write_matrix_to_file will be deprecated in the future.
FAILED TO CONVERGE WITH DT = 0.002 (newton residual wells) 
csr_matrix_base::write_matrix_to_file will be deprecated in the future.
csr_matrix_base::write_matrix_to_file will be deprecated in the future.
	 #1 (4.4393e-07, 1.5719e-10): lin 1 (0.0e+00)
Composition correction applied in 3 block(s)
csr_matrix_base::write_matrix_to_file will be deprecated in the future.
csr_matrix_base::write_matrix_to_file will be deprecated in the future.
-------------------------------------------------------------------------------------------------------------
 T = 1.63, DT = 0.001, NI = 1, LI = 1, RES = 7.1e-14 (9.2e-11), CFL=0.150 (ELAPSED 00:00:07 )
-------------------------------------------------------------------------------------------------------------
csr_matrix_base::write_matrix_to_file will be deprecated in the future.
	 #1 (5.0468e-02, 9.0844e+01): lin 1 (0.0e+00)
Composition correction applied in 2 block(s)
csr_matrix_base::write_matrix_to_file will be deprecated in the future.
	 #2 (5.6535e-05, 3.7896e+01): lin 1 (0.0e+00)
Composition correction applied in 2 block(s)
csr_matrix_base::write_matrix_to_file will be deprecated in the future.
-------------------------------------------------------------------------------------------------------------
 T = 1.63, DT = 0.001, NI = 2, LI = 2, RES = 3.7e-10 (7.4e-01), CFL=0.149 (ELAPSED 00:00:18 )
-------------------------------------------------------------------------------------------------------------
csr_matrix_base::write_matrix_to_file will be deprecated in the future.
csr_matrix_base::write_matrix_to_file will be deprecated in the future.
	 #1 (5.5206e-04, 2.1265e+01): lin 1 (0.0e+00)
Composition correction applied in 2 block(s)
csr_matrix_base::write_matrix_to_file will be deprecated in the future.
csr_matrix_base::write_matrix_to_file will be deprecated in the future.
-------------------------------------------------------------------------------------------------------------
 T = 1.632, DT = 0.002, NI = 1, LI = 1, RES = 6.9e-09 (2.7e-05), CFL=0.300 (ELAPSED 00:00:07 )
-------------------------------------------------------------------------------------------------------------
csr_matrix_base::write_matrix_to_file will be deprecated in the future.
	 #1 (1.0149e-01, 8.2372e+01): lin 1 (0.0e+00)
Composition correction applied in 2 block(s)
Local chop applied in 2 block(s)
csr_matrix_base::write_matrix_to_file will be deprecated in the future.
	 #2 (2.0209e-04, 5.2602e+01): lin 1 (0.0e+00)
Composition correction applied in 2 block(s)
csr_matrix_base::write_matrix_to_file will be deprecated in the future.
-------------------------------------------------------------------------------------------------------------
 T = 1.632, DT = 0.002, NI = 2, LI = 2, RES = 4.1e-09 (5.9e-01), CFL=0.296 (ELAPSED 00:00:18 )
-------------------------------------------------------------------------------------------------------------
csr_matrix_base::write_matrix_to_file will be deprecated in the future.
csr_matrix_base::write_matrix_to_file will be deprecated in the future.
	 #1 (2.5544e-03, 1.9352e+01): lin 1 (0.0e+00)
Composition correction applied in 2 block(s)
csr_matrix_base::write_matrix_to_file will be deprecated in the future.
csr_matrix_base::write_matrix_to_file will be deprecated in the future.
-------------------------------------------------------------------------------------------------------------
 T = 1.636, DT = 0.004, NI = 1, LI = 1, RES = 7.2e-08 (9.1e-06), CFL=0.601 (ELAPSED 00:00:07 )
-------------------------------------------------------------------------------------------------------------
csr_matrix_base::write_matrix_to_file will be deprecated in the future.
	 #1 (2.0479e-01, 1.7827e+02): lin 1 (0.0e+00)
Composition correction applied in 3 block(s)
csr_matrix_base::write_matrix_to_file will be deprecated in the future.
	 #2 (8.1014e-04, 8.8633e+01): lin 1 (0.0e+00)
Composition correction applied in 3 block(s)
csr_matrix_base::write_matrix_to_file will be deprecated in the future.
	 #3 (4.0167e-08, 1.3313e+00): lin 1 (0.0e+00)
Composition correction applied in 3 block(s)
csr_matrix_base::write_matrix_to_file will be deprecated in the future.
	 #4 (9.9412e-15, 3.7480e+00): lin 1 (0.0e+00)
Composition correction applied in 3 block(s)
csr_matrix_base::write_matrix_to_file will be deprecated in the future.
	 #5 (9.9410e-15, 4.1416e+00): lin 1 (0.0e+00)
Composition correction applied in 3 block(s)
csr_matrix_base::write_matrix_to_file will be deprecated in the future.
	 #6 (9.9410e-15, 5.0281e+00): lin 1 (0.0e+00)
Composition correction applied in 3 block(s)
csr_matrix_base::write_matrix_to_file will be deprecated in the future.
FAILED TO CONVERGE WITH DT = 0.004 (newton residual wells) 
csr_matrix_base::write_matrix_to_file will be deprecated in the future.
csr_matrix_base::write_matrix_to_file will be deprecated in the future.
	 #1 (1.6298e-04, 1.0008e-02): lin 1 (0.0e+00)
Composition correction applied in 2 block(s)
csr_matrix_base::write_matrix_to_file will be deprecated in the future.
csr_matrix_base::write_matrix_to_file will be deprecated in the future.
-------------------------------------------------------------------------------------------------------------
 T = 1.634, DT = 0.002, NI = 1, LI = 1, RES = 5.8e-09 (3.4e-07), CFL=0.301 (ELAPSED 00:00:07 )
-------------------------------------------------------------------------------------------------------------
csr_matrix_base::write_matrix_to_file will be deprecated in the future.
	 #1 (1.0228e-01, 8.9133e+01): lin 1 (0.0e+00)
Composition correction applied in 2 block(s)
csr_matrix_base::write_matrix_to_file will be deprecated in the future.
	 #2 (2.1903e-04, 3.2387e+01): lin 1 (0.0e+00)
Composition correction applied in 2 block(s)
csr_matrix_base::write_matrix_to_file will be deprecated in the future.
-------------------------------------------------------------------------------------------------------------
 T = 1.634, DT = 0.002, NI = 2, LI = 2, RES = 4.1e-09 (4.3e-01), CFL=0.297 (ELAPSED 00:00:18 )
-------------------------------------------------------------------------------------------------------------
csr_matrix_base::write_matrix_to_file will be deprecated in the future.
csr_matrix_base::write_matrix_to_file will be deprecated in the future.
	 #1 (2.3538e-03, 2.5921e+01): lin 1 (0.0e+00)
Composition correction applied in 2 block(s)
csr_matrix_base::write_matrix_to_file will be deprecated in the future.
csr_matrix_base::write_matrix_to_file will be deprecated in the future.
-------------------------------------------------------------------------------------------------------------
 T = 1.638, DT = 0.004, NI = 1, LI = 1, RES = 3.2e-08 (1.9e-05), CFL=0.603 (ELAPSED 00:00:07 )
-------------------------------------------------------------------------------------------------------------
csr_matrix_base::write_matrix_to_file will be deprecated in the future.
	 #1 (2.0651e-01, 1.2786e+02): lin 1 (0.0e+00)
Composition correction applied in 4 block(s)
Local chop applied in 2 block(s)
csr_matrix_base::write_matrix_to_file will be deprecated in the future.
	 #2 (8.9103e-04, 6.7925e+01): lin 1 (0.0e+00)
Composition correction applied in 4 block(s)
csr_matrix_base::write_matrix_to_file will be deprecated in the future.
-------------------------------------------------------------------------------------------------------------
 T = 1.638, DT = 0.004, NI = 2, LI = 2, RES = 4.2e-08 (2.2e-01), CFL=0.594 (ELAPSED 00:00:18 )
-------------------------------------------------------------------------------------------------------------
csr_matrix_base::write_matrix_to_file will be deprecated in the future.
csr_matrix_base::write_matrix_to_file will be deprecated in the future.
	 #1 (1.0209e-02, 4.1112e+01): lin 1 (0.0e+00)
Composition correction applied in 3 block(s)
csr_matrix_base::write_matrix_to_file will be deprecated in the future.
csr_matrix_base::write_matrix_to_file will be deprecated in the future.
-------------------------------------------------------------------------------------------------------------
 T = 1.646, DT = 0.008, NI = 1, LI = 1, RES = 8.3e-07 (2.0e-05), CFL=1.213 (ELAPSED 00:00:07 )
-------------------------------------------------------------------------------------------------------------
csr_matrix_base::write_matrix_to_file will be deprecated in the future.
	 #1 (4.1959e-01, 4.0404e+02): lin 1 (0.0e+00)
Composition correction applied in 5 block(s)
csr_matrix_base::write_matrix_to_file will be deprecated in the future.
	 #2 (3.1185e-03, 3.0929e+02): lin 1 (0.0e+00)
Composition correction applied in 5 block(s)
csr_matrix_base::write_matrix_to_file will be deprecated in the future.
	 #3 (1.3325e-05, 4.2830e+00): lin 1 (0.0e+00)
Composition correction applied in 5 block(s)
Local chop applied in 2 block(s)
csr_matrix_base::write_matrix_to_file will be deprecated in the future.
	 #4 (5.2396e-13, 3.6455e+01): lin 1 (0.0e+00)
Composition correction applied in 5 block(s)
Local chop applied in 2 block(s)
csr_matrix_base::write_matrix_to_file will be deprecated in the future.
	 #5 (4.4015e-13, 4.2039e+01): lin 1 (0.0e+00)
Composition correction applied in 5 block(s)
Local chop applied in 2 block(s)
csr_matrix_base::write_matrix_to_file will be deprecated in the future.
	 #6 (4.4015e-13, 5.8640e+01): lin 1 (0.0e+00)
Composition correction applied in 5 block(s)
Local chop applied in 2 block(s)
csr_matrix_base::write_matrix_to_file will be deprecated in the future.
	 #7 (4.4015e-13, 5.2427e+01): lin 1 (0.0e+00)
Composition correction applied in 5 block(s)
Local chop applied in 2 block(s)
csr_matrix_base::write_matrix_to_file will be deprecated in the future.
FAILED TO CONVERGE WITH DT = 0.008 (newton residual wells) 
csr_matrix_base::write_matrix_to_file will be deprecated in the future.
csr_matrix_base::write_matrix_to_file will be deprecated in the future.
	 #1 (3.2749e-04, 1.0580e-02): lin 1 (0.0e+00)
Composition correction applied in 3 block(s)
csr_matrix_base::write_matrix_to_file will be deprecated in the future.
csr_matrix_base::write_matrix_to_file will be deprecated in the future.
-------------------------------------------------------------------------------------------------------------
 T = 1.642, DT = 0.004, NI = 1, LI = 1, RES = 1.6e-08 (1.3e-06), CFL=0.606 (ELAPSED 00:00:07 )
-------------------------------------------------------------------------------------------------------------
csr_matrix_base::write_matrix_to_file will be deprecated in the future.
	 #1 (2.0946e-01, 2.0182e+02): lin 1 (0.0e+00)
Composition correction applied in 5 block(s)
csr_matrix_base::write_matrix_to_file will be deprecated in the future.
	 #2 (7.8736e-04, 1.1118e+02): lin 1 (0.0e+00)
Composition correction applied in 5 block(s)
csr_matrix_base::write_matrix_to_file will be deprecated in the future.
	 #3 (3.2638e-08, 2.3019e+00): lin 1 (0.0e+00)
Composition correction applied in 5 block(s)
csr_matrix_base::write_matrix_to_file will be deprecated in the future.
	 #4 (1.0070e-13, 1.7745e+01): lin 1 (0.0e+00)
Composition correction applied in 5 block(s)
Local chop applied in 2 block(s)
csr_matrix_base::write_matrix_to_file will be deprecated in the future.
	 #5 (1.0070e-13, 2.0633e+01): lin 1 (0.0e+00)
Composition correction applied in 5 block(s)
csr_matrix_base::write_matrix_to_file will be deprecated in the future.
	 #6 (1.0070e-13, 1.4207e+01): lin 1 (0.0e+00)
Composition correction applied in 5 block(s)
Local chop applied in 2 block(s)
csr_matrix_base::write_matrix_to_file will be deprecated in the future.
FAILED TO CONVERGE WITH DT = 0.004 (newton residual wells) 
csr_matrix_base::write_matrix_to_file will be deprecated in the future.
csr_matrix_base::write_matrix_to_file will be deprecated in the future.
	 #1 (1.7399e-05, 6.5985e-07): lin 1 (0.0e+00)
Composition correction applied in 3 block(s)
csr_matrix_base::write_matrix_to_file will be deprecated in the future.
csr_matrix_base::write_matrix_to_file will be deprecated in the future.
-------------------------------------------------------------------------------------------------------------
 T = 1.64, DT = 0.002, NI = 1, LI = 1, RES = 9.9e-11 (2.3e-08), CFL=0.303 (ELAPSED 00:00:07 )
-------------------------------------------------------------------------------------------------------------
csr_matrix_base::write_matrix_to_file will be deprecated in the future.
	 #1 (1.0469e-01, 1.0088e+02): lin 1 (0.0e+00)
Composition correction applied in 2 block(s)
csr_matrix_base::write_matrix_to_file will be deprecated in the future.
	 #2 (1.9750e-04, 4.1487e+01): lin 1 (0.0e+00)
Composition correction applied in 2 block(s)
csr_matrix_base::write_matrix_to_file will be deprecated in the future.
-------------------------------------------------------------------------------------------------------------
 T = 1.64, DT = 0.002, NI = 2, LI = 2, RES = 3.0e-06 (8.0e-01), CFL=0.298 (ELAPSED 00:00:19 )
-------------------------------------------------------------------------------------------------------------
csr_matrix_base::write_matrix_to_file will be deprecated in the future.
csr_matrix_base::write_matrix_to_file will be deprecated in the future.
	 #1 (2.2695e-03, 3.1687e+01): lin 1 (0.0e+00)
Composition correction applied in 2 block(s)
csr_matrix_base::write_matrix_to_file will be deprecated in the future.
csr_matrix_base::write_matrix_to_file will be deprecated in the future.
-------------------------------------------------------------------------------------------------------------
 T = 1.644, DT = 0.004, NI = 1, LI = 1, RES = 1.4e-08 (2.8e-05), CFL=0.608 (ELAPSED 00:00:07 )
-------------------------------------------------------------------------------------------------------------
csr_matrix_base::write_matrix_to_file will be deprecated in the future.
	 #1 (2.1148e-01, 1.4990e+02): lin 1 (0.0e+00)
Composition correction applied in 5 block(s)
Local chop applied in 2 block(s)
csr_matrix_base::write_matrix_to_file will be deprecated in the future.
	 #2 (6.2243e-04, 8.4948e+01): lin 1 (0.0e+00)
Composition correction applied in 5 block(s)
csr_matrix_base::write_matrix_to_file will be deprecated in the future.
	 #3 (2.4775e-08, 5.7018e+00): lin 1 (0.0e+00)
Composition correction applied in 5 block(s)
csr_matrix_base::write_matrix_to_file will be deprecated in the future.
-------------------------------------------------------------------------------------------------------------
 T = 1.644, DT = 0.004, NI = 3, LI = 3, RES = 5.6e-14 (1.5e-02), CFL=0.597 (ELAPSED 00:00:19 )
-------------------------------------------------------------------------------------------------------------
csr_matrix_base::write_matrix_to_file will be deprecated in the future.
csr_matrix_base::write_matrix_to_file will be deprecated in the future.
	 #1 (9.8883e-03, 4.6640e+01): lin 1 (0.0e+00)
Composition correction applied in 3 block(s)
csr_matrix_base::write_matrix_to_file will be deprecated in the future.
csr_matrix_base::write_matrix_to_file will be deprecated in the future.
-------------------------------------------------------------------------------------------------------------
 T = 1.652, DT = 0.008, NI = 1, LI = 1, RES = 8.0e-07 (2.5e-05), CFL=1.223 (ELAPSED 00:00:07 )
-------------------------------------------------------------------------------------------------------------
csr_matrix_base::write_matrix_to_file will be deprecated in the future.
	 #1 (4.2955e-01, 4.8420e+02): lin 1 (0.0e+00)
Composition correction applied in 5 block(s)
csr_matrix_base::write_matrix_to_file will be deprecated in the future.
	 #2 (3.0049e-03, 3.9040e+02): lin 1 (0.0e+00)
Composition correction applied in 5 block(s)
csr_matrix_base::write_matrix_to_file will be deprecated in the future.
	 #3 (4.0266e-06, 7.9999e+00): lin 1 (0.0e+00)
Composition correction applied in 7 block(s)
Local chop applied in 2 block(s)
csr_matrix_base::write_matrix_to_file will be deprecated in the future.
	 #4 (4.4569e-13, 1.8732e+02): lin 1 (0.0e+00)
Composition correction applied in 5 block(s)
Local chop applied in 2 block(s)
csr_matrix_base::write_matrix_to_file will be deprecated in the future.
	 #5 (4.4569e-13, 1.2980e+02): lin 1 (0.0e+00)
Composition correction applied in 7 block(s)
Local chop applied in 2 block(s)
csr_matrix_base::write_matrix_to_file will be deprecated in the future.
	 #6 (4.4569e-13, 2.9819e+02): lin 1 (0.0e+00)
Composition correction applied in 5 block(s)
Local chop applied in 2 block(s)
csr_matrix_base::write_matrix_to_file will be deprecated in the future.
FAILED TO CONVERGE WITH DT = 0.008 (newton residual wells) 
csr_matrix_base::write_matrix_to_file will be deprecated in the future.
csr_matrix_base::write_matrix_to_file will be deprecated in the future.
	 #1 (3.2360e-04, 1.2288e-02): lin 1 (0.0e+00)
Composition correction applied in 3 block(s)
csr_matrix_base::write_matrix_to_file will be deprecated in the future.
csr_matrix_base::write_matrix_to_file will be deprecated in the future.
-------------------------------------------------------------------------------------------------------------
 T = 1.648, DT = 0.004, NI = 1, LI = 1, RES = 1.6e-08 (1.4e-06), CFL=0.611 (ELAPSED 00:00:07 )
-------------------------------------------------------------------------------------------------------------
csr_matrix_base::write_matrix_to_file will be deprecated in the future.
	 #1 (2.1442e-01, 2.4186e+02): lin 1 (0.0e+00)
Composition correction applied in 5 block(s)
csr_matrix_base::write_matrix_to_file will be deprecated in the future.
	 #2 (7.0547e-04, 1.4263e+02): lin 1 (0.0e+00)
Composition correction applied in 5 block(s)
csr_matrix_base::write_matrix_to_file will be deprecated in the future.
	 #3 (2.3087e-08, 2.4279e+00): lin 1 (0.0e+00)
Composition correction applied in 5 block(s)
Local chop applied in 2 block(s)
csr_matrix_base::write_matrix_to_file will be deprecated in the future.
	 #4 (1.3449e-13, 1.8229e+01): lin 1 (0.0e+00)
Composition correction applied in 5 block(s)
Local chop applied in 2 block(s)
csr_matrix_base::write_matrix_to_file will be deprecated in the future.
	 #5 (1.3449e-13, 2.2759e+01): lin 1 (0.0e+00)
Composition correction applied in 5 block(s)
Local chop applied in 2 block(s)
csr_matrix_base::write_matrix_to_file will be deprecated in the future.
	 #6 (1.3449e-13, 2.6837e+01): lin 1 (0.0e+00)
Composition correction applied in 5 block(s)
Local chop applied in 2 block(s)
csr_matrix_base::write_matrix_to_file will be deprecated in the future.
FAILED TO CONVERGE WITH DT = 0.004 (newton residual wells) 
csr_matrix_base::write_matrix_to_file will be deprecated in the future.
csr_matrix_base::write_matrix_to_file will be deprecated in the future.
	 #1 (1.7877e-05, 7.0222e-07): lin 1 (0.0e+00)
Composition correction applied in 3 block(s)
csr_matrix_base::write_matrix_to_file will be deprecated in the future.
csr_matrix_base::write_matrix_to_file will be deprecated in the future.
-------------------------------------------------------------------------------------------------------------
 T = 1.646, DT = 0.002, NI = 1, LI = 1, RES = 1.0e-10 (2.4e-08), CFL=0.306 (ELAPSED 00:00:07 )
-------------------------------------------------------------------------------------------------------------
csr_matrix_base::write_matrix_to_file will be deprecated in the future.
	 #1 (1.0717e-01, 1.2089e+02): lin 1 (0.0e+00)
Composition correction applied in 2 block(s)
csr_matrix_base::write_matrix_to_file will be deprecated in the future.
	 #2 (1.6172e-04, 5.4056e+01): lin 1 (0.0e+00)
Composition correction applied in 2 block(s)
csr_matrix_base::write_matrix_to_file will be deprecated in the future.
-------------------------------------------------------------------------------------------------------------
 T = 1.646, DT = 0.002, NI = 2, LI = 2, RES = 2.0e-09 (9.9e-01), CFL=0.300 (ELAPSED 00:00:19 )
-------------------------------------------------------------------------------------------------------------
csr_matrix_base::write_matrix_to_file will be deprecated in the future.
csr_matrix_base::write_matrix_to_file will be deprecated in the future.
	 #1 (2.2019e-03, 3.6141e+01): lin 1 (0.0e+00)
Composition correction applied in 2 block(s)
csr_matrix_base::write_matrix_to_file will be deprecated in the future.
csr_matrix_base::write_matrix_to_file will be deprecated in the future.
-------------------------------------------------------------------------------------------------------------
 T = 1.65, DT = 0.004, NI = 1, LI = 1, RES = 1.4e-08 (3.8e-05), CFL=0.613 (ELAPSED 00:00:07 )
-------------------------------------------------------------------------------------------------------------
csr_matrix_base::write_matrix_to_file will be deprecated in the future.
	 #1 (2.1644e-01, 1.6458e+02): lin 1 (0.0e+00)
Composition correction applied in 5 block(s)
Local chop applied in 2 block(s)
csr_matrix_base::write_matrix_to_file will be deprecated in the future.
	 #2 (8.9975e-04, 9.9511e+01): lin 1 (0.0e+00)
Composition correction applied in 5 block(s)
csr_matrix_base::write_matrix_to_file will be deprecated in the future.
	 #3 (2.4449e-08, 1.3513e+01): lin 1 (0.0e+00)
Composition correction applied in 5 block(s)
csr_matrix_base::write_matrix_to_file will be deprecated in the future.
-------------------------------------------------------------------------------------------------------------
 T = 1.65, DT = 0.004, NI = 3, LI = 3, RES = 7.1e-14 (3.5e-02), CFL=0.603 (ELAPSED 00:00:19 )
-------------------------------------------------------------------------------------------------------------
csr_matrix_base::write_matrix_to_file will be deprecated in the future.
csr_matrix_base::write_matrix_to_file will be deprecated in the future.
	 #1 (9.6287e-03, 4.9471e+01): lin 1 (0.0e+00)
Composition correction applied in 4 block(s)
csr_matrix_base::write_matrix_to_file will be deprecated in the future.
csr_matrix_base::write_matrix_to_file will be deprecated in the future.
-------------------------------------------------------------------------------------------------------------
 T = 1.658, DT = 0.008, NI = 1, LI = 1, RES = 8.0e-07 (2.8e-05), CFL=1.233 (ELAPSED 00:00:07 )
-------------------------------------------------------------------------------------------------------------
csr_matrix_base::write_matrix_to_file will be deprecated in the future.
	 #1 (4.3927e-01, 5.2608e+02): lin 1 (0.0e+00)
Composition correction applied in 7 block(s)
csr_matrix_base::write_matrix_to_file will be deprecated in the future.
	 #2 (3.3777e-03, 4.4558e+02): lin 1 (0.0e+00)
Composition correction applied in 7 block(s)
Local chop applied in 2 block(s)
csr_matrix_base::write_matrix_to_file will be deprecated in the future.
	 #3 (1.3793e-03, 1.6767e+01): lin 1 (0.0e+00)
Composition correction applied in 9 block(s)
Local chop applied in 2 block(s)
csr_matrix_base::write_matrix_to_file will be deprecated in the future.
	 #4 (1.3793e-03, 2.1172e+02): lin 1 (0.0e+00)
Composition correction applied in 7 block(s)
Local chop applied in 2 block(s)
csr_matrix_base::write_matrix_to_file will be deprecated in the future.
	 #5 (1.3793e-03, 1.4991e+02): lin 1 (0.0e+00)
Composition correction applied in 9 block(s)
Local chop applied in 2 block(s)
csr_matrix_base::write_matrix_to_file will be deprecated in the future.
FAILED TO CONVERGE WITH DT = 0.008 (newton residual wells) 
csr_matrix_base::write_matrix_to_file will be deprecated in the future.
csr_matrix_base::write_matrix_to_file will be deprecated in the future.
	 #1 (3.2113e-04, 1.3169e-02): lin 1 (0.0e+00)
Composition correction applied in 4 block(s)
csr_matrix_base::write_matrix_to_file will be deprecated in the future.
csr_matrix_base::write_matrix_to_file will be deprecated in the future.
-------------------------------------------------------------------------------------------------------------
 T = 1.654, DT = 0.004, NI = 1, LI = 1, RES = 1.7e-08 (1.5e-06), CFL=0.616 (ELAPSED 00:00:07 )
-------------------------------------------------------------------------------------------------------------
csr_matrix_base::write_matrix_to_file will be deprecated in the future.
	 #1 (2.1927e-01, 2.6277e+02): lin 1 (0.0e+00)
Composition correction applied in 6 block(s)
csr_matrix_base::write_matrix_to_file will be deprecated in the future.
	 #2 (8.5642e-04, 1.6416e+02): lin 1 (0.0e+00)
Composition correction applied in 6 block(s)
csr_matrix_base::write_matrix_to_file will be deprecated in the future.
	 #3 (2.4471e-04, 2.8561e+00): lin 1 (0.0e+00)
Composition correction applied in 6 block(s)
Local chop applied in 2 block(s)
csr_matrix_base::write_matrix_to_file will be deprecated in the future.
	 #4 (2.4475e-04, 1.7009e+01): lin 1 (0.0e+00)
Composition correction applied in 6 block(s)
Local chop applied in 2 block(s)
csr_matrix_base::write_matrix_to_file will be deprecated in the future.
	 #5 (2.4475e-04, 2.1590e+01): lin 1 (0.0e+00)
Composition correction applied in 6 block(s)
Local chop applied in 2 block(s)
csr_matrix_base::write_matrix_to_file will be deprecated in the future.
FAILED TO CONVERGE WITH DT = 0.004 (newton residual wells) 
csr_matrix_base::write_matrix_to_file will be deprecated in the future.
csr_matrix_base::write_matrix_to_file will be deprecated in the future.
	 #1 (1.8207e-05, 7.3642e-07): lin 1 (0.0e+00)
Composition correction applied in 4 block(s)
csr_matrix_base::write_matrix_to_file will be deprecated in the future.
csr_matrix_base::write_matrix_to_file will be deprecated in the future.
-------------------------------------------------------------------------------------------------------------
 T = 1.652, DT = 0.002, NI = 1, LI = 1, RES = 1.1e-10 (2.6e-08), CFL=0.308 (ELAPSED 00:00:07 )
-------------------------------------------------------------------------------------------------------------
csr_matrix_base::write_matrix_to_file will be deprecated in the future.
	 #1 (1.0959e-01, 1.3135e+02): lin 1 (0.0e+00)
Composition correction applied in 2 block(s)
csr_matrix_base::write_matrix_to_file will be deprecated in the future.
	 #2 (2.2406e-04, 6.2548e+01): lin 1 (0.0e+00)
Composition correction applied in 2 block(s)
csr_matrix_base::write_matrix_to_file will be deprecated in the future.
-------------------------------------------------------------------------------------------------------------
 T = 1.652, DT = 0.002, NI = 2, LI = 2, RES = 1.7e-09 (9.2e-01), CFL=0.301 (ELAPSED 00:00:19 )
-------------------------------------------------------------------------------------------------------------
csr_matrix_base::write_matrix_to_file will be deprecated in the future.
csr_matrix_base::write_matrix_to_file will be deprecated in the future.
	 #1 (2.1492e-03, 4.0113e+01): lin 1 (0.0e+00)
Composition correction applied in 2 block(s)
csr_matrix_base::write_matrix_to_file will be deprecated in the future.
csr_matrix_base::write_matrix_to_file will be deprecated in the future.
-------------------------------------------------------------------------------------------------------------
 T = 1.656, DT = 0.004, NI = 1, LI = 1, RES = 1.4e-08 (4.7e-05), CFL=0.618 (ELAPSED 00:00:07 )
-------------------------------------------------------------------------------------------------------------
csr_matrix_base::write_matrix_to_file will be deprecated in the future.
	 #1 (2.2122e-01, 1.7497e+02): lin 1 (0.0e+00)
Composition correction applied in 6 block(s)
Local chop applied in 2 block(s)
csr_matrix_base::write_matrix_to_file will be deprecated in the future.
	 #2 (8.7819e-04, 1.0968e+02): lin 1 (0.0e+00)
Composition correction applied in 6 block(s)
csr_matrix_base::write_matrix_to_file will be deprecated in the future.
	 #3 (5.9407e-04, 2.9098e+01): lin 1 (0.0e+00)
Composition correction applied in 6 block(s)
csr_matrix_base::write_matrix_to_file will be deprecated in the future.
-------------------------------------------------------------------------------------------------------------
 T = 1.656, DT = 0.004, NI = 3, LI = 3, RES = 5.9e-04 (2.9e-01), CFL=0.601 (ELAPSED 00:00:19 )
-------------------------------------------------------------------------------------------------------------
csr_matrix_base::write_matrix_to_file will be deprecated in the future.
csr_matrix_base::write_matrix_to_file will be deprecated in the future.
	 #1 (9.4354e-03, 5.4111e+01): lin 1 (0.0e+00)
Composition correction applied in 2 block(s)
csr_matrix_base::write_matrix_to_file will be deprecated in the future.
csr_matrix_base::write_matrix_to_file will be deprecated in the future.
-------------------------------------------------------------------------------------------------------------
 T = 1.664, DT = 0.008, NI = 1, LI = 1, RES = 8.0e-07 (3.3e-05), CFL=1.242 (ELAPSED 00:00:07 )
-------------------------------------------------------------------------------------------------------------
csr_matrix_base::write_matrix_to_file will be deprecated in the future.
	 #1 (4.4833e-01, 5.9503e+02): lin 1 (0.0e+00)
Composition correction applied in 8 block(s)
csr_matrix_base::write_matrix_to_file will be deprecated in the future.
	 #2 (3.5327e-03, 5.2528e+02): lin 1 (0.0e+00)
Composition correction applied in 8 block(s)
Local chop applied in 2 block(s)
csr_matrix_base::write_matrix_to_file will be deprecated in the future.
	 #3 (3.4670e-03, 4.3973e+01): lin 1 (0.0e+00)
Composition correction applied in 10 block(s)
Local chop applied in 2 block(s)
csr_matrix_base::write_matrix_to_file will be deprecated in the future.
	 #4 (3.4674e-03, 2.2317e+02): lin 1 (0.0e+00)
Composition correction applied in 8 block(s)
Local chop applied in 2 block(s)
csr_matrix_base::write_matrix_to_file will be deprecated in the future.
	 #5 (3.4674e-03, 1.6968e+02): lin 1 (0.0e+00)
Composition correction applied in 10 block(s)
Local chop applied in 2 block(s)
csr_matrix_base::write_matrix_to_file will be deprecated in the future.
FAILED TO CONVERGE WITH DT = 0.008 (newton residual wells) 
csr_matrix_base::write_matrix_to_file will be deprecated in the future.
csr_matrix_base::write_matrix_to_file will be deprecated in the future.
	 #1 (3.1943e-04, 1.4680e-02): lin 1 (0.0e+00)
Composition correction applied in 2 block(s)
csr_matrix_base::write_matrix_to_file will be deprecated in the future.
csr_matrix_base::write_matrix_to_file will be deprecated in the future.
-------------------------------------------------------------------------------------------------------------
 T = 1.66, DT = 0.004, NI = 1, LI = 1, RES = 1.7e-08 (1.5e-06), CFL=0.621 (ELAPSED 00:00:07 )
-------------------------------------------------------------------------------------------------------------
csr_matrix_base::write_matrix_to_file will be deprecated in the future.
	 #1 (2.2378e-01, 2.9720e+02): lin 1 (0.0e+00)
Composition correction applied in 6 block(s)
csr_matrix_base::write_matrix_to_file will be deprecated in the future.
	 #2 (7.8966e-04, 1.9685e+02): lin 1 (0.0e+00)
Composition correction applied in 6 block(s)
Local chop applied in 2 block(s)
csr_matrix_base::write_matrix_to_file will be deprecated in the future.
	 #3 (6.2652e-04, 3.8639e+00): lin 1 (0.0e+00)
Composition correction applied in 8 block(s)
Local chop applied in 2 block(s)
csr_matrix_base::write_matrix_to_file will be deprecated in the future.
	 #4 (6.2661e-04, 8.0487e+01): lin 1 (0.0e+00)
Composition correction applied in 6 block(s)
Local chop applied in 2 block(s)
csr_matrix_base::write_matrix_to_file will be deprecated in the future.
	 #5 (6.2661e-04, 6.1983e+01): lin 1 (0.0e+00)
Composition correction applied in 8 block(s)
Local chop applied in 2 block(s)
csr_matrix_base::write_matrix_to_file will be deprecated in the future.
FAILED TO CONVERGE WITH DT = 0.004 (newton residual wells) 
csr_matrix_base::write_matrix_to_file will be deprecated in the future.
csr_matrix_base::write_matrix_to_file will be deprecated in the future.
	 #1 (1.8373e-05, 7.5997e-07): lin 1 (0.0e+00)
Composition correction applied in 2 block(s)
csr_matrix_base::write_matrix_to_file will be deprecated in the future.
csr_matrix_base::write_matrix_to_file will be deprecated in the future.
-------------------------------------------------------------------------------------------------------------
 T = 1.658, DT = 0.002, NI = 1, LI = 1, RES = 1.1e-10 (2.6e-08), CFL=0.310 (ELAPSED 00:00:07 )
-------------------------------------------------------------------------------------------------------------
csr_matrix_base::write_matrix_to_file will be deprecated in the future.
	 #1 (1.1185e-01, 1.4856e+02): lin 1 (0.0e+00)
Composition correction applied in 3 block(s)
csr_matrix_base::write_matrix_to_file will be deprecated in the future.
	 #2 (2.6770e-04, 7.6085e+01): lin 1 (0.0e+00)
Composition correction applied in 3 block(s)
csr_matrix_base::write_matrix_to_file will be deprecated in the future.
	 #3 (2.5576e-04, 1.2751e+00): lin 1 (0.0e+00)
Composition correction applied in 3 block(s)
Local chop applied in 2 block(s)
csr_matrix_base::write_matrix_to_file will be deprecated in the future.
	 #4 (2.5576e-04, 9.2579e+00): lin 1 (0.0e+00)
Composition correction applied in 3 block(s)
Local chop applied in 2 block(s)
csr_matrix_base::write_matrix_to_file will be deprecated in the future.
	 #5 (2.5576e-04, 1.2407e+01): lin 1 (0.0e+00)
Composition correction applied in 3 block(s)
Local chop applied in 2 block(s)
csr_matrix_base::write_matrix_to_file will be deprecated in the future.
FAILED TO CONVERGE WITH DT = 0.002 (newton residual wells) 
csr_matrix_base::write_matrix_to_file will be deprecated in the future.
csr_matrix_base::write_matrix_to_file will be deprecated in the future.
	 #1 (3.6786e-06, 1.2720e-08): lin 1 (0.0e+00)
Composition correction applied in 2 block(s)
csr_matrix_base::write_matrix_to_file will be deprecated in the future.
csr_matrix_base::write_matrix_to_file will be deprecated in the future.
-------------------------------------------------------------------------------------------------------------
 T = 1.657, DT = 0.001, NI = 1, LI = 1, RES = 4.8e-12 (9.9e-10), CFL=0.155 (ELAPSED 00:00:07 )
-------------------------------------------------------------------------------------------------------------
csr_matrix_base::write_matrix_to_file will be deprecated in the future.
	 #1 (5.5915e-02, 7.4273e+01): lin 1 (0.0e+00)
Composition correction applied in 3 block(s)
csr_matrix_base::write_matrix_to_file will be deprecated in the future.
	 #2 (1.1499e-04, 2.8310e+01): lin 1 (0.0e+00)
Composition correction applied in 3 block(s)
csr_matrix_base::write_matrix_to_file will be deprecated in the future.
-------------------------------------------------------------------------------------------------------------
 T = 1.657, DT = 0.001, NI = 2, LI = 2, RES = 1.1e-04 (3.3e-01), CFL=0.151 (ELAPSED 00:00:19 )
-------------------------------------------------------------------------------------------------------------
csr_matrix_base::write_matrix_to_file will be deprecated in the future.
csr_matrix_base::write_matrix_to_file will be deprecated in the future.
	 #1 (4.8774e-04, 1.8030e+01): lin 1 (0.0e+00)
Composition correction applied in 2 block(s)
csr_matrix_base::write_matrix_to_file will be deprecated in the future.
csr_matrix_base::write_matrix_to_file will be deprecated in the future.
-------------------------------------------------------------------------------------------------------------
 T = 1.659, DT = 0.002, NI = 1, LI = 1, RES = 1.1e-08 (1.9e-05), CFL=0.311 (ELAPSED 00:00:07 )
-------------------------------------------------------------------------------------------------------------
csr_matrix_base::write_matrix_to_file will be deprecated in the future.
	 #1 (1.1241e-01, 7.5200e+01): lin 1 (0.0e+00)
Composition correction applied in 3 block(s)
Local chop applied in 2 block(s)
csr_matrix_base::write_matrix_to_file will be deprecated in the future.
	 #2 (2.7598e-04, 4.2625e+01): lin 1 (0.0e+00)
Composition correction applied in 3 block(s)
csr_matrix_base::write_matrix_to_file will be deprecated in the future.
-------------------------------------------------------------------------------------------------------------
 T = 1.659, DT = 0.002, NI = 2, LI = 2, RES = 2.6e-04 (7.5e-01), CFL=0.302 (ELAPSED 00:00:19 )
-------------------------------------------------------------------------------------------------------------
csr_matrix_base::write_matrix_to_file will be deprecated in the future.
csr_matrix_base::write_matrix_to_file will be deprecated in the future.
	 #1 (2.2760e-03, 1.8668e+01): lin 1 (0.0e+00)
Composition correction applied in 2 block(s)
csr_matrix_base::write_matrix_to_file will be deprecated in the future.
csr_matrix_base::write_matrix_to_file will be deprecated in the future.
-------------------------------------------------------------------------------------------------------------
 T = 1.663, DT = 0.004, NI = 1, LI = 1, RES = 6.8e-08 (8.6e-06), CFL=0.624 (ELAPSED 00:00:07 )
-------------------------------------------------------------------------------------------------------------
csr_matrix_base::write_matrix_to_file will be deprecated in the future.
	 #1 (2.2638e-01, 1.6783e+02): lin 1 (0.0e+00)
Composition correction applied in 7 block(s)
csr_matrix_base::write_matrix_to_file will be deprecated in the future.
	 #2 (2.6947e-03, 8.0968e+01): lin 1 (0.0e+00)
Composition correction applied in 7 block(s)
csr_matrix_base::write_matrix_to_file will be deprecated in the future.
	 #3 (2.6937e-03, 2.0273e+00): lin 1 (0.0e+00)
Composition correction applied in 7 block(s)
csr_matrix_base::write_matrix_to_file will be deprecated in the future.
	 #4 (2.6938e-03, 4.0426e+00): lin 1 (0.0e+00)
Composition correction applied in 7 block(s)
csr_matrix_base::write_matrix_to_file will be deprecated in the future.
FAILED TO CONVERGE WITH DT = 0.004 (newton residual wells) 
csr_matrix_base::write_matrix_to_file will be deprecated in the future.
csr_matrix_base::write_matrix_to_file will be deprecated in the future.
	 #1 (1.5597e-04, 9.4156e-03): lin 1 (0.0e+00)
Composition correction applied in 2 block(s)
csr_matrix_base::write_matrix_to_file will be deprecated in the future.
csr_matrix_base::write_matrix_to_file will be deprecated in the future.
-------------------------------------------------------------------------------------------------------------
 T = 1.661, DT = 0.002, NI = 1, LI = 1, RES = 6.2e-09 (4.6e-07), CFL=0.312 (ELAPSED 00:00:07 )
-------------------------------------------------------------------------------------------------------------
csr_matrix_base::write_matrix_to_file will be deprecated in the future.
	 #1 (1.1304e-01, 8.3899e+01): lin 1 (0.0e+00)
Composition correction applied in 6 block(s)
csr_matrix_base::write_matrix_to_file will be deprecated in the future.
	 #2 (6.5918e-04, 2.9561e+01): lin 1 (0.0e+00)
Composition correction applied in 6 block(s)
csr_matrix_base::write_matrix_to_file will be deprecated in the future.
-------------------------------------------------------------------------------------------------------------
 T = 1.661, DT = 0.002, NI = 2, LI = 2, RES = 6.6e-04 (7.1e-01), CFL=0.303 (ELAPSED 00:00:19 )
-------------------------------------------------------------------------------------------------------------
csr_matrix_base::write_matrix_to_file will be deprecated in the future.
csr_matrix_base::write_matrix_to_file will be deprecated in the future.
	 #1 (2.0978e-03, 2.5119e+01): lin 1 (0.0e+00)
Composition correction applied in 5 block(s)
csr_matrix_base::write_matrix_to_file will be deprecated in the future.
csr_matrix_base::write_matrix_to_file will be deprecated in the future.
-------------------------------------------------------------------------------------------------------------
 T = 1.665, DT = 0.004, NI = 1, LI = 1, RES = 1.9e-08 (1.8e-05), CFL=0.625 (ELAPSED 00:00:07 )
-------------------------------------------------------------------------------------------------------------
csr_matrix_base::write_matrix_to_file will be deprecated in the future.
	 #1 (2.2768e-01, 1.2285e+02): lin 1 (0.0e+00)
Composition correction applied in 8 block(s)
Local chop applied in 2 block(s)
csr_matrix_base::write_matrix_to_file will be deprecated in the future.
	 #2 (4.4053e-03, 5.6195e+01): lin 1 (0.0e+00)
Composition correction applied in 8 block(s)
csr_matrix_base::write_matrix_to_file will be deprecated in the future.
-------------------------------------------------------------------------------------------------------------
 T = 1.665, DT = 0.004, NI = 2, LI = 2, RES = 4.4e-03 (3.7e-01), CFL=0.608 (ELAPSED 00:00:19 )
-------------------------------------------------------------------------------------------------------------
csr_matrix_base::write_matrix_to_file will be deprecated in the future.
csr_matrix_base::write_matrix_to_file will be deprecated in the future.
	 #1 (9.2725e-03, 4.0683e+01): lin 1 (0.0e+00)
Composition correction applied in 4 block(s)
csr_matrix_base::write_matrix_to_file will be deprecated in the future.
csr_matrix_base::write_matrix_to_file will be deprecated in the future.
-------------------------------------------------------------------------------------------------------------
 T = 1.673, DT = 0.008, NI = 1, LI = 1, RES = 8.4e-07 (2.0e-05), CFL=1.257 (ELAPSED 00:00:08 )
-------------------------------------------------------------------------------------------------------------
csr_matrix_base::write_matrix_to_file will be deprecated in the future.
	 #1 (4.5944e-01, 3.7497e+02): lin 1 (0.0e+00)
Composition correction applied in 8 block(s)
csr_matrix_base::write_matrix_to_file will be deprecated in the future.
	 #2 (4.0226e-02, 2.8488e+02): lin 1 (0.0e+00)
Composition correction applied in 8 block(s)
csr_matrix_base::write_matrix_to_file will be deprecated in the future.
	 #3 (1.5367e-02, 4.7504e+00): lin 1 (0.0e+00)
Composition correction applied in 8 block(s)
Local chop applied in 2 block(s)
csr_matrix_base::write_matrix_to_file will be deprecated in the future.
	 #4 (1.5430e-02, 2.9399e+01): lin 1 (0.0e+00)
Composition correction applied in 8 block(s)
Local chop applied in 2 block(s)
csr_matrix_base::write_matrix_to_file will be deprecated in the future.
	 #5 (1.5431e-02, 3.5428e+01): lin 1 (0.0e+00)
Composition correction applied in 8 block(s)
Local chop applied in 2 block(s)
csr_matrix_base::write_matrix_to_file will be deprecated in the future.
	 #6 (1.5431e-02, 5.5050e+01): lin 1 (0.0e+00)
Composition correction applied in 8 block(s)
Local chop applied in 2 block(s)
csr_matrix_base::write_matrix_to_file will be deprecated in the future.
FAILED TO CONVERGE WITH DT = 0.008 (newton residual reservoir) 
csr_matrix_base::write_matrix_to_file will be deprecated in the future.
csr_matrix_base::write_matrix_to_file will be deprecated in the future.
	 #1 (3.1912e-04, 1.0267e-02): lin 1 (0.0e+00)
Composition correction applied in 3 block(s)
csr_matrix_base::write_matrix_to_file will be deprecated in the future.
csr_matrix_base::write_matrix_to_file will be deprecated in the future.
-------------------------------------------------------------------------------------------------------------
 T = 1.669, DT = 0.004, NI = 1, LI = 1, RES = 1.7e-08 (1.6e-06), CFL=0.628 (ELAPSED 00:00:08 )
-------------------------------------------------------------------------------------------------------------
csr_matrix_base::write_matrix_to_file will be deprecated in the future.
	 #1 (2.2932e-01, 1.8728e+02): lin 1 (0.0e+00)
Composition correction applied in 8 block(s)
csr_matrix_base::write_matrix_to_file will be deprecated in the future.
	 #2 (5.9312e-03, 1.0411e+02): lin 1 (0.0e+00)
Composition correction applied in 8 block(s)
csr_matrix_base::write_matrix_to_file will be deprecated in the future.
	 #3 (5.8431e-03, 2.3308e+00): lin 1 (0.0e+00)
Composition correction applied in 8 block(s)
Local chop applied in 2 block(s)
csr_matrix_base::write_matrix_to_file will be deprecated in the future.
	 #4 (5.8450e-03, 1.7757e+01): lin 1 (0.0e+00)
Composition correction applied in 8 block(s)
Local chop applied in 2 block(s)
csr_matrix_base::write_matrix_to_file will be deprecated in the future.
	 #5 (5.8450e-03, 1.8368e+01): lin 1 (0.0e+00)
Composition correction applied in 8 block(s)
Local chop applied in 2 block(s)
csr_matrix_base::write_matrix_to_file will be deprecated in the future.
FAILED TO CONVERGE WITH DT = 0.004 (newton residual wells) 
csr_matrix_base::write_matrix_to_file will be deprecated in the future.
csr_matrix_base::write_matrix_to_file will be deprecated in the future.
	 #1 (1.8667e-05, 7.9964e-07): lin 1 (0.0e+00)
Composition correction applied in 3 block(s)
csr_matrix_base::write_matrix_to_file will be deprecated in the future.
csr_matrix_base::write_matrix_to_file will be deprecated in the future.
-------------------------------------------------------------------------------------------------------------
 T = 1.667, DT = 0.002, NI = 1, LI = 1, RES = 1.2e-10 (2.7e-08), CFL=0.314 (ELAPSED 00:00:08 )
-------------------------------------------------------------------------------------------------------------
csr_matrix_base::write_matrix_to_file will be deprecated in the future.
	 #1 (1.1462e-01, 9.3610e+01): lin 1 (0.0e+00)
Composition correction applied in 4 block(s)
csr_matrix_base::write_matrix_to_file will be deprecated in the future.
	 #2 (2.5075e-03, 3.8832e+01): lin 1 (0.0e+00)
Composition correction applied in 4 block(s)
csr_matrix_base::write_matrix_to_file will be deprecated in the future.
-------------------------------------------------------------------------------------------------------------
 T = 1.667, DT = 0.002, NI = 2, LI = 2, RES = 2.5e-03 (7.7e-01), CFL=0.306 (ELAPSED 00:00:19 )
-------------------------------------------------------------------------------------------------------------
csr_matrix_base::write_matrix_to_file will be deprecated in the future.
csr_matrix_base::write_matrix_to_file will be deprecated in the future.
	 #1 (2.0788e-03, 3.1995e+01): lin 1 (0.0e+00)
Composition correction applied in 3 block(s)
csr_matrix_base::write_matrix_to_file will be deprecated in the future.
csr_matrix_base::write_matrix_to_file will be deprecated in the future.
-------------------------------------------------------------------------------------------------------------
 T = 1.671, DT = 0.004, NI = 1, LI = 1, RES = 1.7e-08 (2.9e-05), CFL=0.630 (ELAPSED 00:00:08 )
-------------------------------------------------------------------------------------------------------------
csr_matrix_base::write_matrix_to_file will be deprecated in the future.
	 #1 (2.3051e-01, 1.4115e+02): lin 1 (0.0e+00)
Composition correction applied in 7 block(s)
Local chop applied in 2 block(s)
csr_matrix_base::write_matrix_to_file will be deprecated in the future.
	 #2 (1.2135e-02, 7.1858e+01): lin 1 (0.0e+00)
Composition correction applied in 8 block(s)
csr_matrix_base::write_matrix_to_file will be deprecated in the future.
	 #3 (6.6993e-03, 7.9526e+00): lin 1 (0.0e+00)
Composition correction applied in 8 block(s)
csr_matrix_base::write_matrix_to_file will be deprecated in the future.
-------------------------------------------------------------------------------------------------------------
 T = 1.671, DT = 0.004, NI = 3, LI = 3, RES = 6.7e-03 (2.5e-02), CFL=0.635 (ELAPSED 00:00:19 )
-------------------------------------------------------------------------------------------------------------
csr_matrix_base::write_matrix_to_file will be deprecated in the future.
csr_matrix_base::write_matrix_to_file will be deprecated in the future.
	 #1 (7.8641e-03, 4.8083e+01): lin 1 (0.0e+00)
Composition correction applied in 3 block(s)
csr_matrix_base::write_matrix_to_file will be deprecated in the future.
csr_matrix_base::write_matrix_to_file will be deprecated in the future.
-------------------------------------------------------------------------------------------------------------
 T = 1.679, DT = 0.008, NI = 1, LI = 1, RES = 1.8e-06 (2.2e-05), CFL=1.255 (ELAPSED 00:00:08 )
-------------------------------------------------------------------------------------------------------------
csr_matrix_base::write_matrix_to_file will be deprecated in the future.
	 #1 (4.6123e-01, 4.4734e+02): lin 1 (0.0e+00)
Composition correction applied in 9 block(s)
csr_matrix_base::write_matrix_to_file will be deprecated in the future.
	 #2 (2.1624e-02, 3.5963e+02): lin 1 (0.0e+00)
Composition correction applied in 9 block(s)
Local chop applied in 2 block(s)
csr_matrix_base::write_matrix_to_file will be deprecated in the future.
	 #3 (2.1802e-02, 2.1553e+01): lin 1 (0.0e+00)
Composition correction applied in 11 block(s)
Local chop applied in 2 block(s)
csr_matrix_base::write_matrix_to_file will be deprecated in the future.
	 #4 (2.1812e-02, 1.8178e+02): lin 1 (0.0e+00)
Composition correction applied in 9 block(s)
Local chop applied in 2 block(s)
csr_matrix_base::write_matrix_to_file will be deprecated in the future.
	 #5 (2.1813e-02, 6.6583e+01): lin 1 (0.0e+00)
Composition correction applied in 11 block(s)
Local chop applied in 2 block(s)
csr_matrix_base::write_matrix_to_file will be deprecated in the future.
FAILED TO CONVERGE WITH DT = 0.008 (newton residual reservoir) 
csr_matrix_base::write_matrix_to_file will be deprecated in the future.
csr_matrix_base::write_matrix_to_file will be deprecated in the future.
	 #1 (9.5451e-04, 1.2541e-02): lin 1 (0.0e+00)
Composition correction applied in 2 block(s)
csr_matrix_base::write_matrix_to_file will be deprecated in the future.
csr_matrix_base::write_matrix_to_file will be deprecated in the future.
-------------------------------------------------------------------------------------------------------------
 T = 1.675, DT = 0.004, NI = 1, LI = 1, RES = 6.1e-08 (6.2e-07), CFL=0.626 (ELAPSED 00:00:08 )
-------------------------------------------------------------------------------------------------------------
csr_matrix_base::write_matrix_to_file will be deprecated in the future.
	 #1 (2.3082e-01, 2.2402e+02): lin 1 (0.0e+00)
Composition correction applied in 4 block(s)
csr_matrix_base::write_matrix_to_file will be deprecated in the future.
	 #2 (8.2214e-03, 1.3638e+02): lin 1 (0.0e+00)
Composition correction applied in 4 block(s)
csr_matrix_base::write_matrix_to_file will be deprecated in the future.
	 #3 (8.2336e-03, 2.8794e+00): lin 1 (0.0e+00)
Composition correction applied in 4 block(s)
Local chop applied in 2 block(s)
csr_matrix_base::write_matrix_to_file will be deprecated in the future.
	 #4 (8.2341e-03, 1.4842e+01): lin 1 (0.0e+00)
Composition correction applied in 4 block(s)
Local chop applied in 2 block(s)
csr_matrix_base::write_matrix_to_file will be deprecated in the future.
	 #5 (8.2341e-03, 1.8103e+01): lin 1 (0.0e+00)
Composition correction applied in 4 block(s)
Local chop applied in 2 block(s)
csr_matrix_base::write_matrix_to_file will be deprecated in the future.
FAILED TO CONVERGE WITH DT = 0.004 (newton residual wells) 
csr_matrix_base::write_matrix_to_file will be deprecated in the future.
csr_matrix_base::write_matrix_to_file will be deprecated in the future.
	 #1 (1.6511e-05, 3.1115e-07): lin 1 (0.0e+00)
Composition correction applied in 2 block(s)
csr_matrix_base::write_matrix_to_file will be deprecated in the future.
csr_matrix_base::write_matrix_to_file will be deprecated in the future.
-------------------------------------------------------------------------------------------------------------
 T = 1.673, DT = 0.002, NI = 1, LI = 1, RES = 9.2e-11 (1.9e-08), CFL=0.313 (ELAPSED 00:00:08 )
-------------------------------------------------------------------------------------------------------------
csr_matrix_base::write_matrix_to_file will be deprecated in the future.
	 #1 (1.1543e-01, 1.1204e+02): lin 1 (0.0e+00)
Composition correction applied in 4 block(s)
csr_matrix_base::write_matrix_to_file will be deprecated in the future.
	 #2 (3.5375e-03, 5.2301e+01): lin 1 (0.0e+00)
Composition correction applied in 4 block(s)
csr_matrix_base::write_matrix_to_file will be deprecated in the future.
-------------------------------------------------------------------------------------------------------------
 T = 1.673, DT = 0.002, NI = 2, LI = 2, RES = 3.5e-03 (8.9e-01), CFL=0.313 (ELAPSED 00:00:19 )
-------------------------------------------------------------------------------------------------------------
csr_matrix_base::write_matrix_to_file will be deprecated in the future.
csr_matrix_base::write_matrix_to_file will be deprecated in the future.
	 #1 (2.4185e-03, 3.9433e+01): lin 1 (0.0e+00)
Composition correction applied in 2 block(s)
csr_matrix_base::write_matrix_to_file will be deprecated in the future.
csr_matrix_base::write_matrix_to_file will be deprecated in the future.
-------------------------------------------------------------------------------------------------------------
 T = 1.677, DT = 0.004, NI = 1, LI = 1, RES = 3.3e-07 (4.7e-05), CFL=0.625 (ELAPSED 00:00:08 )
-------------------------------------------------------------------------------------------------------------
csr_matrix_base::write_matrix_to_file will be deprecated in the future.
	 #1 (2.3059e-01, 1.5218e+02): lin 1 (0.0e+00)
Composition correction applied in 8 block(s)
Local chop applied in 2 block(s)
csr_matrix_base::write_matrix_to_file will be deprecated in the future.
	 #2 (9.0753e-03, 8.5773e+01): lin 1 (0.0e+00)
Composition correction applied in 8 block(s)
csr_matrix_base::write_matrix_to_file will be deprecated in the future.
	 #3 (9.0807e-03, 2.7178e+01): lin 1 (0.0e+00)
Composition correction applied in 8 block(s)
csr_matrix_base::write_matrix_to_file will be deprecated in the future.
-------------------------------------------------------------------------------------------------------------
 T = 1.677, DT = 0.004, NI = 3, LI = 3, RES = 9.1e-03 (3.2e-01), CFL=0.620 (ELAPSED 00:00:19 )
-------------------------------------------------------------------------------------------------------------
csr_matrix_base::write_matrix_to_file will be deprecated in the future.
csr_matrix_base::write_matrix_to_file will be deprecated in the future.
	 #1 (8.5826e-03, 5.4777e+01): lin 1 (0.0e+00)
Composition correction applied in 4 block(s)
csr_matrix_base::write_matrix_to_file will be deprecated in the future.
csr_matrix_base::write_matrix_to_file will be deprecated in the future.
-------------------------------------------------------------------------------------------------------------
 T = 1.685, DT = 0.008, NI = 1, LI = 1, RES = 3.0e-07 (3.1e-05), CFL=1.243 (ELAPSED 00:00:08 )
-------------------------------------------------------------------------------------------------------------
csr_matrix_base::write_matrix_to_file will be deprecated in the future.
	 #1 (4.5984e-01, 5.0623e+02): lin 1 (0.0e+00)
Composition correction applied in 10 block(s)
csr_matrix_base::write_matrix_to_file will be deprecated in the future.
	 #2 (2.5858e-02, 4.0918e+02): lin 1 (0.0e+00)
Composition correction applied in 10 block(s)
Local chop applied in 2 block(s)
csr_matrix_base::write_matrix_to_file will be deprecated in the future.
	 #3 (2.5785e-02, 7.3757e+01): lin 1 (0.0e+00)
Composition correction applied in 12 block(s)
Local chop applied in 2 block(s)
csr_matrix_base::write_matrix_to_file will be deprecated in the future.
	 #4 (2.5790e-02, 1.7852e+02): lin 1 (0.0e+00)
Composition correction applied in 10 block(s)
Local chop applied in 2 block(s)
csr_matrix_base::write_matrix_to_file will be deprecated in the future.
	 #5 (2.5790e-02, 1.3716e+02): lin 1 (0.0e+00)
Composition correction applied in 12 block(s)
Local chop applied in 2 block(s)
csr_matrix_base::write_matrix_to_file will be deprecated in the future.
FAILED TO CONVERGE WITH DT = 0.008 (newton residual reservoir) 
csr_matrix_base::write_matrix_to_file will be deprecated in the future.
csr_matrix_base::write_matrix_to_file will be deprecated in the future.
	 #1 (8.0288e-04, 1.4780e-02): lin 1 (0.0e+00)
Composition correction applied in 4 block(s)
csr_matrix_base::write_matrix_to_file will be deprecated in the future.
csr_matrix_base::write_matrix_to_file will be deprecated in the future.
-------------------------------------------------------------------------------------------------------------
 T = 1.681, DT = 0.004, NI = 1, LI = 1, RES = 3.8e-08 (2.9e-07), CFL=0.620 (ELAPSED 00:00:08 )
-------------------------------------------------------------------------------------------------------------
csr_matrix_base::write_matrix_to_file will be deprecated in the future.
	 #1 (2.3008e-01, 2.5343e+02): lin 1 (0.0e+00)
Composition correction applied in 5 block(s)
csr_matrix_base::write_matrix_to_file will be deprecated in the future.
	 #2 (1.0217e-02, 1.6085e+02): lin 1 (0.0e+00)
Composition correction applied in 5 block(s)
Local chop applied in 2 block(s)
csr_matrix_base::write_matrix_to_file will be deprecated in the future.
	 #3 (1.0176e-02, 4.8162e+00): lin 1 (0.0e+00)
Composition correction applied in 7 block(s)
Local chop applied in 2 block(s)
csr_matrix_base::write_matrix_to_file will be deprecated in the future.
	 #4 (1.0176e-02, 7.0856e+01): lin 1 (0.0e+00)
Composition correction applied in 5 block(s)
Local chop applied in 2 block(s)
csr_matrix_base::write_matrix_to_file will be deprecated in the future.
	 #5 (1.0176e-02, 5.4917e+01): lin 1 (0.0e+00)
Composition correction applied in 7 block(s)
Local chop applied in 2 block(s)
csr_matrix_base::write_matrix_to_file will be deprecated in the future.
FAILED TO CONVERGE WITH DT = 0.004 (newton residual reservoir) 
csr_matrix_base::write_matrix_to_file will be deprecated in the future.
csr_matrix_base::write_matrix_to_file will be deprecated in the future.
	 #1 (1.2364e-05, 1.4495e-07): lin 1 (0.0e+00)
Composition correction applied in 5 block(s)
csr_matrix_base::write_matrix_to_file will be deprecated in the future.
csr_matrix_base::write_matrix_to_file will be deprecated in the future.
-------------------------------------------------------------------------------------------------------------
 T = 1.679, DT = 0.002, NI = 1, LI = 1, RES = 5.3e-11 (1.0e-08), CFL=0.310 (ELAPSED 00:00:08 )
-------------------------------------------------------------------------------------------------------------
csr_matrix_base::write_matrix_to_file will be deprecated in the future.
	 #1 (1.1509e-01, 1.2674e+02): lin 1 (0.0e+00)
Composition correction applied in 4 block(s)
csr_matrix_base::write_matrix_to_file will be deprecated in the future.
	 #2 (4.5730e-03, 6.3618e+01): lin 1 (0.0e+00)
Composition correction applied in 4 block(s)
csr_matrix_base::write_matrix_to_file will be deprecated in the future.
	 #3 (4.5687e-03, 1.4955e+00): lin 1 (0.0e+00)
Composition correction applied in 4 block(s)
Local chop applied in 2 block(s)
csr_matrix_base::write_matrix_to_file will be deprecated in the future.
	 #4 (4.5688e-03, 7.2121e+00): lin 1 (0.0e+00)
Composition correction applied in 4 block(s)
Local chop applied in 2 block(s)
csr_matrix_base::write_matrix_to_file will be deprecated in the future.
FAILED TO CONVERGE WITH DT = 0.002 (newton residual wells) 
csr_matrix_base::write_matrix_to_file will be deprecated in the future.
csr_matrix_base::write_matrix_to_file will be deprecated in the future.
	 #1 (2.4276e-06, 5.2463e-09): lin 1 (0.0e+00)
Composition correction applied in 4 block(s)
csr_matrix_base::write_matrix_to_file will be deprecated in the future.
csr_matrix_base::write_matrix_to_file will be deprecated in the future.
-------------------------------------------------------------------------------------------------------------
 T = 1.678, DT = 0.001, NI = 1, LI = 1, RES = 2.1e-12 (4.2e-10), CFL=0.155 (ELAPSED 00:00:08 )
-------------------------------------------------------------------------------------------------------------
csr_matrix_base::write_matrix_to_file will be deprecated in the future.
	 #1 (5.7568e-02, 6.3372e+01): lin 1 (0.0e+00)
Composition correction applied in 4 block(s)
csr_matrix_base::write_matrix_to_file will be deprecated in the future.
	 #2 (2.1141e-03, 2.3955e+01): lin 1 (0.0e+00)
Composition correction applied in 4 block(s)
csr_matrix_base::write_matrix_to_file will be deprecated in the future.
-------------------------------------------------------------------------------------------------------------
 T = 1.678, DT = 0.001, NI = 2, LI = 2, RES = 2.1e-03 (4.0e-01), CFL=0.155 (ELAPSED 00:00:20 )
-------------------------------------------------------------------------------------------------------------
csr_matrix_base::write_matrix_to_file will be deprecated in the future.
csr_matrix_base::write_matrix_to_file will be deprecated in the future.
	 #1 (6.4881e-04, 1.8334e+01): lin 1 (0.0e+00)
Composition correction applied in 2 block(s)
csr_matrix_base::write_matrix_to_file will be deprecated in the future.
csr_matrix_base::write_matrix_to_file will be deprecated in the future.
-------------------------------------------------------------------------------------------------------------
 T = 1.68, DT = 0.002, NI = 1, LI = 1, RES = 2.5e-08 (2.0e-05), CFL=0.310 (ELAPSED 00:00:08 )
-------------------------------------------------------------------------------------------------------------
csr_matrix_base::write_matrix_to_file will be deprecated in the future.
	 #1 (1.1483e-01, 6.3249e+01): lin 1 (0.0e+00)
Composition correction applied in 9 block(s)
Local chop applied in 2 block(s)
csr_matrix_base::write_matrix_to_file will be deprecated in the future.
	 #2 (4.7863e-03, 3.5495e+01): lin 1 (0.0e+00)
Composition correction applied in 9 block(s)
csr_matrix_base::write_matrix_to_file will be deprecated in the future.
-------------------------------------------------------------------------------------------------------------
 T = 1.68, DT = 0.002, NI = 2, LI = 2, RES = 4.8e-03 (6.5e-01), CFL=0.309 (ELAPSED 00:00:20 )
-------------------------------------------------------------------------------------------------------------
csr_matrix_base::write_matrix_to_file will be deprecated in the future.
csr_matrix_base::write_matrix_to_file will be deprecated in the future.
	 #1 (2.4190e-03, 1.8734e+01): lin 1 (0.0e+00)
Composition correction applied in 6 block(s)
csr_matrix_base::write_matrix_to_file will be deprecated in the future.
csr_matrix_base::write_matrix_to_file will be deprecated in the future.
-------------------------------------------------------------------------------------------------------------
 T = 1.684, DT = 0.004, NI = 1, LI = 1, RES = 7.1e-08 (8.9e-06), CFL=0.620 (ELAPSED 00:00:08 )
-------------------------------------------------------------------------------------------------------------
csr_matrix_base::write_matrix_to_file will be deprecated in the future.
	 #1 (2.2840e-01, 1.3528e+02): lin 1 (0.0e+00)
Composition correction applied in 10 block(s)
csr_matrix_base::write_matrix_to_file will be deprecated in the future.
	 #2 (1.2000e-02, 6.3745e+01): lin 1 (0.0e+00)
Composition correction applied in 10 block(s)
csr_matrix_base::write_matrix_to_file will be deprecated in the future.
	 #3 (1.1934e-02, 1.5380e+00): lin 1 (0.0e+00)
Composition correction applied in 10 block(s)
csr_matrix_base::write_matrix_to_file will be deprecated in the future.
	 #4 (1.1935e-02, 3.7907e+00): lin 1 (0.0e+00)
Composition correction applied in 10 block(s)
Local chop applied in 2 block(s)
csr_matrix_base::write_matrix_to_file will be deprecated in the future.
	 #5 (1.1935e-02, 1.1925e+01): lin 1 (0.0e+00)
Composition correction applied in 10 block(s)
csr_matrix_base::write_matrix_to_file will be deprecated in the future.
FAILED TO CONVERGE WITH DT = 0.004 (newton residual reservoir) 
csr_matrix_base::write_matrix_to_file will be deprecated in the future.
csr_matrix_base::write_matrix_to_file will be deprecated in the future.
	 #1 (2.8918e-04, 9.3565e-03): lin 1 (0.0e+00)
Composition correction applied in 5 block(s)
csr_matrix_base::write_matrix_to_file will be deprecated in the future.
csr_matrix_base::write_matrix_to_file will be deprecated in the future.
-------------------------------------------------------------------------------------------------------------
 T = 1.682, DT = 0.002, NI = 1, LI = 1, RES = 2.5e-09 (1.2e-08), CFL=0.310 (ELAPSED 00:00:08 )
-------------------------------------------------------------------------------------------------------------
csr_matrix_base::write_matrix_to_file will be deprecated in the future.
	 #1 (1.1417e-01, 6.7699e+01): lin 1 (0.0e+00)
Composition correction applied in 5 block(s)
csr_matrix_base::write_matrix_to_file will be deprecated in the future.
	 #2 (5.2553e-03, 2.3717e+01): lin 1 (0.0e+00)
Composition correction applied in 5 block(s)
csr_matrix_base::write_matrix_to_file will be deprecated in the future.
-------------------------------------------------------------------------------------------------------------
 T = 1.682, DT = 0.002, NI = 2, LI = 2, RES = 5.2e-03 (5.0e-01), CFL=0.310 (ELAPSED 00:00:20 )
-------------------------------------------------------------------------------------------------------------
csr_matrix_base::write_matrix_to_file will be deprecated in the future.
csr_matrix_base::write_matrix_to_file will be deprecated in the future.
	 #1 (2.4718e-03, 2.5632e+01): lin 1 (0.0e+00)
Composition correction applied in 3 block(s)
csr_matrix_base::write_matrix_to_file will be deprecated in the future.
csr_matrix_base::write_matrix_to_file will be deprecated in the future.
-------------------------------------------------------------------------------------------------------------
 T = 1.686, DT = 0.004, NI = 1, LI = 1, RES = 7.3e-08 (1.9e-05), CFL=0.619 (ELAPSED 00:00:08 )
-------------------------------------------------------------------------------------------------------------
csr_matrix_base::write_matrix_to_file will be deprecated in the future.
	 #1 (2.2649e-01, 9.7641e+01): lin 1 (0.0e+00)
Composition correction applied in 10 block(s)
Local chop applied in 2 block(s)
csr_matrix_base::write_matrix_to_file will be deprecated in the future.
	 #2 (1.3014e-02, 4.1182e+01): lin 1 (0.0e+00)
Composition correction applied in 10 block(s)
csr_matrix_base::write_matrix_to_file will be deprecated in the future.
	 #3 (1.2951e-02, 1.2299e-01): lin 1 (0.0e+00)
Composition correction applied in 10 block(s)
csr_matrix_base::write_matrix_to_file will be deprecated in the future.
	 #4 (1.2951e-02, 1.1990e-10): lin 1 (0.0e+00)
Composition correction applied in 10 block(s)
csr_matrix_base::write_matrix_to_file will be deprecated in the future.
	 #5 (1.2951e-02, 1.1474e-10): lin 1 (0.0e+00)
Composition correction applied in 10 block(s)
csr_matrix_base::write_matrix_to_file will be deprecated in the future.
FAILED TO CONVERGE WITH DT = 0.004 (newton residual reservoir) 
csr_matrix_base::write_matrix_to_file will be deprecated in the future.
csr_matrix_base::write_matrix_to_file will be deprecated in the future.
	 #1 (2.4412e-04, 9.5253e-03): lin 1 (0.0e+00)
Composition correction applied in 3 block(s)
csr_matrix_base::write_matrix_to_file will be deprecated in the future.
csr_matrix_base::write_matrix_to_file will be deprecated in the future.
-------------------------------------------------------------------------------------------------------------
 T = 1.684, DT = 0.002, NI = 1, LI = 1, RES = 1.1e-09 (6.7e-08), CFL=0.310 (ELAPSED 00:00:08 )
-------------------------------------------------------------------------------------------------------------
csr_matrix_base::write_matrix_to_file will be deprecated in the future.
	 #1 (1.1318e-01, 4.8836e+01): lin 1 (0.0e+00)
Composition correction applied in 10 block(s)
Local chop applied in 2 block(s)
csr_matrix_base::write_matrix_to_file will be deprecated in the future.
	 #2 (5.6985e-03, 2.7556e+01): lin 1 (0.0e+00)
Composition correction applied in 10 block(s)
csr_matrix_base::write_matrix_to_file will be deprecated in the future.
-------------------------------------------------------------------------------------------------------------
 T = 1.684, DT = 0.002, NI = 2, LI = 2, RES = 5.7e-03 (3.5e-01), CFL=0.310 (ELAPSED 00:00:20 )
-------------------------------------------------------------------------------------------------------------
csr_matrix_base::write_matrix_to_file will be deprecated in the future.
csr_matrix_base::write_matrix_to_file will be deprecated in the future.
	 #1 (2.5195e-03, 1.9172e+01): lin 1 (0.0e+00)
Composition correction applied in 6 block(s)
csr_matrix_base::write_matrix_to_file will be deprecated in the future.
csr_matrix_base::write_matrix_to_file will be deprecated in the future.
-------------------------------------------------------------------------------------------------------------
 T = 1.688, DT = 0.004, NI = 1, LI = 1, RES = 6.4e-08 (8.6e-06), CFL=0.620 (ELAPSED 00:00:08 )
-------------------------------------------------------------------------------------------------------------
csr_matrix_base::write_matrix_to_file will be deprecated in the future.
	 #1 (2.2384e-01, 1.2857e+02): lin 1 (0.0e+00)
Composition correction applied in 9 block(s)
csr_matrix_base::write_matrix_to_file will be deprecated in the future.
	 #2 (1.4070e-02, 6.0525e+01): lin 1 (0.0e+00)
Composition correction applied in 9 block(s)
csr_matrix_base::write_matrix_to_file will be deprecated in the future.
	 #3 (1.4002e-02, 1.5465e+00): lin 1 (0.0e+00)
Composition correction applied in 9 block(s)
csr_matrix_base::write_matrix_to_file will be deprecated in the future.
	 #4 (1.4002e-02, 4.5864e+00): lin 1 (0.0e+00)
Composition correction applied in 11 block(s)
Local chop applied in 2 block(s)
csr_matrix_base::write_matrix_to_file will be deprecated in the future.
	 #5 (1.4002e-02, 2.8307e+00): lin 1 (0.0e+00)
Composition correction applied in 9 block(s)
csr_matrix_base::write_matrix_to_file will be deprecated in the future.
FAILED TO CONVERGE WITH DT = 0.004 (newton residual reservoir) 
csr_matrix_base::write_matrix_to_file will be deprecated in the future.
csr_matrix_base::write_matrix_to_file will be deprecated in the future.
	 #1 (2.1418e-04, 9.5620e-03): lin 1 (0.0e+00)
Composition correction applied in 6 block(s)
csr_matrix_base::write_matrix_to_file will be deprecated in the future.
csr_matrix_base::write_matrix_to_file will be deprecated in the future.
-------------------------------------------------------------------------------------------------------------
 T = 1.686, DT = 0.002, NI = 1, LI = 1, RES = 3.0e-09 (1.3e-07), CFL=0.310 (ELAPSED 00:00:08 )
-------------------------------------------------------------------------------------------------------------
csr_matrix_base::write_matrix_to_file will be deprecated in the future.
	 #1 (1.1184e-01, 6.4307e+01): lin 1 (0.0e+00)
Composition correction applied in 10 block(s)
csr_matrix_base::write_matrix_to_file will be deprecated in the future.
	 #2 (6.1663e-03, 2.2728e+01): lin 1 (0.0e+00)
Composition correction applied in 10 block(s)
csr_matrix_base::write_matrix_to_file will be deprecated in the future.
-------------------------------------------------------------------------------------------------------------
 T = 1.686, DT = 0.002, NI = 2, LI = 2, RES = 6.2e-03 (5.1e-01), CFL=0.311 (ELAPSED 00:00:20 )
-------------------------------------------------------------------------------------------------------------
csr_matrix_base::write_matrix_to_file will be deprecated in the future.
csr_matrix_base::write_matrix_to_file will be deprecated in the future.
	 #1 (2.5497e-03, 2.6345e+01): lin 1 (0.0e+00)
Composition correction applied in 5 block(s)
csr_matrix_base::write_matrix_to_file will be deprecated in the future.
csr_matrix_base::write_matrix_to_file will be deprecated in the future.
-------------------------------------------------------------------------------------------------------------
 T = 1.69, DT = 0.004, NI = 1, LI = 1, RES = 5.9e-08 (2.0e-05), CFL=0.623 (ELAPSED 00:00:08 )
-------------------------------------------------------------------------------------------------------------
csr_matrix_base::write_matrix_to_file will be deprecated in the future.
	 #1 (2.2039e-01, 9.1372e+01): lin 1 (0.0e+00)
Composition correction applied in 9 block(s)
Local chop applied in 2 block(s)
csr_matrix_base::write_matrix_to_file will be deprecated in the future.
	 #2 (1.5167e-02, 4.0084e+01): lin 1 (0.0e+00)
Composition correction applied in 9 block(s)
csr_matrix_base::write_matrix_to_file will be deprecated in the future.
	 #3 (1.5091e-02, 4.6098e-01): lin 1 (0.0e+00)
Composition correction applied in 9 block(s)
csr_matrix_base::write_matrix_to_file will be deprecated in the future.
	 #4 (1.5092e-02, 1.3635e-04): lin 1 (0.0e+00)
Composition correction applied in 9 block(s)
csr_matrix_base::write_matrix_to_file will be deprecated in the future.
	 #5 (1.5092e-02, 1.6479e-10): lin 1 (0.0e+00)
Composition correction applied in 9 block(s)
csr_matrix_base::write_matrix_to_file will be deprecated in the future.
FAILED TO CONVERGE WITH DT = 0.004 (newton residual reservoir) 
csr_matrix_base::write_matrix_to_file will be deprecated in the future.
csr_matrix_base::write_matrix_to_file will be deprecated in the future.
	 #1 (1.9502e-04, 9.7332e-03): lin 1 (0.0e+00)
Composition correction applied in 5 block(s)
csr_matrix_base::write_matrix_to_file will be deprecated in the future.
csr_matrix_base::write_matrix_to_file will be deprecated in the future.
-------------------------------------------------------------------------------------------------------------
 T = 1.688, DT = 0.002, NI = 1, LI = 1, RES = 4.0e-09 (2.0e-07), CFL=0.312 (ELAPSED 00:00:08 )
-------------------------------------------------------------------------------------------------------------
csr_matrix_base::write_matrix_to_file will be deprecated in the future.
	 #1 (1.1010e-01, 4.5685e+01): lin 1 (0.0e+00)
Composition correction applied in 10 block(s)
Local chop applied in 2 block(s)
csr_matrix_base::write_matrix_to_file will be deprecated in the future.
	 #2 (6.6590e-03, 2.6852e+01): lin 1 (0.0e+00)
Composition correction applied in 10 block(s)
csr_matrix_base::write_matrix_to_file will be deprecated in the future.
-------------------------------------------------------------------------------------------------------------
 T = 1.688, DT = 0.002, NI = 2, LI = 2, RES = 6.6e-03 (3.0e-01), CFL=0.310 (ELAPSED 00:00:20 )
-------------------------------------------------------------------------------------------------------------
csr_matrix_base::write_matrix_to_file will be deprecated in the future.
csr_matrix_base::write_matrix_to_file will be deprecated in the future.
	 #1 (2.5626e-03, 1.9454e+01): lin 1 (0.0e+00)
Composition correction applied in 4 block(s)
csr_matrix_base::write_matrix_to_file will be deprecated in the future.
csr_matrix_base::write_matrix_to_file will be deprecated in the future.
-------------------------------------------------------------------------------------------------------------
 T = 1.692, DT = 0.004, NI = 1, LI = 1, RES = 5.2e-08 (8.6e-06), CFL=0.624 (ELAPSED 00:00:08 )
-------------------------------------------------------------------------------------------------------------
csr_matrix_base::write_matrix_to_file will be deprecated in the future.
	 #1 (2.1606e-01, 1.1895e+02): lin 1 (0.0e+00)
Composition correction applied in 9 block(s)
csr_matrix_base::write_matrix_to_file will be deprecated in the future.
	 #2 (1.6311e-02, 5.5022e+01): lin 1 (0.0e+00)
Composition correction applied in 10 block(s)
csr_matrix_base::write_matrix_to_file will be deprecated in the future.
	 #3 (1.6228e-02, 1.2916e+00): lin 1 (0.0e+00)
Composition correction applied in 10 block(s)
csr_matrix_base::write_matrix_to_file will be deprecated in the future.
	 #4 (1.6228e-02, 4.8587e+00): lin 1 (0.0e+00)
Composition correction applied in 10 block(s)
Local chop applied in 2 block(s)
csr_matrix_base::write_matrix_to_file will be deprecated in the future.
	 #5 (1.6228e-02, 1.3765e+01): lin 1 (0.0e+00)
Composition correction applied in 10 block(s)
csr_matrix_base::write_matrix_to_file will be deprecated in the future.
FAILED TO CONVERGE WITH DT = 0.004 (newton residual reservoir) 
csr_matrix_base::write_matrix_to_file will be deprecated in the future.
csr_matrix_base::write_matrix_to_file will be deprecated in the future.
	 #1 (1.8295e-04, 9.7022e-03): lin 1 (0.0e+00)
Composition correction applied in 5 block(s)
csr_matrix_base::write_matrix_to_file will be deprecated in the future.
csr_matrix_base::write_matrix_to_file will be deprecated in the future.
-------------------------------------------------------------------------------------------------------------
 T = 1.69, DT = 0.002, NI = 1, LI = 1, RES = 4.6e-09 (2.6e-07), CFL=0.312 (ELAPSED 00:00:08 )
-------------------------------------------------------------------------------------------------------------
csr_matrix_base::write_matrix_to_file will be deprecated in the future.
	 #1 (1.0792e-01, 5.9484e+01): lin 1 (0.0e+00)
Composition correction applied in 10 block(s)
csr_matrix_base::write_matrix_to_file will be deprecated in the future.
	 #2 (7.1705e-03, 2.0853e+01): lin 1 (0.0e+00)
Composition correction applied in 10 block(s)
csr_matrix_base::write_matrix_to_file will be deprecated in the future.
-------------------------------------------------------------------------------------------------------------
 T = 1.69, DT = 0.002, NI = 2, LI = 2, RES = 7.1e-03 (5.0e-01), CFL=0.310 (ELAPSED 00:00:20 )
-------------------------------------------------------------------------------------------------------------
csr_matrix_base::write_matrix_to_file will be deprecated in the future.
csr_matrix_base::write_matrix_to_file will be deprecated in the future.
	 #1 (2.5648e-03, 2.6614e+01): lin 1 (0.0e+00)
Composition correction applied in 5 block(s)
csr_matrix_base::write_matrix_to_file will be deprecated in the future.
csr_matrix_base::write_matrix_to_file will be deprecated in the future.
-------------------------------------------------------------------------------------------------------------
 T = 1.694, DT = 0.004, NI = 1, LI = 1, RES = 4.9e-08 (2.0e-05), CFL=0.626 (ELAPSED 00:00:08 )
-------------------------------------------------------------------------------------------------------------
csr_matrix_base::write_matrix_to_file will be deprecated in the future.
	 #1 (2.1080e-01, 8.3252e+01): lin 1 (0.0e+00)
Composition correction applied in 10 block(s)
Local chop applied in 2 block(s)
csr_matrix_base::write_matrix_to_file will be deprecated in the future.
	 #2 (1.7489e-02, 3.6581e+01): lin 1 (0.0e+00)
Composition correction applied in 10 block(s)
csr_matrix_base::write_matrix_to_file will be deprecated in the future.
	 #3 (1.7388e-02, 5.1864e-01): lin 1 (0.0e+00)
Composition correction applied in 10 block(s)
csr_matrix_base::write_matrix_to_file will be deprecated in the future.
	 #4 (1.7388e-02, 1.6164e-04): lin 1 (0.0e+00)
Composition correction applied in 10 block(s)
csr_matrix_base::write_matrix_to_file will be deprecated in the future.
	 #5 (1.7388e-02, 1.5953e-14): lin 1 (0.0e+00)
Composition correction applied in 10 block(s)
csr_matrix_base::write_matrix_to_file will be deprecated in the future.
FAILED TO CONVERGE WITH DT = 0.004 (newton residual reservoir) 
csr_matrix_base::write_matrix_to_file will be deprecated in the future.
csr_matrix_base::write_matrix_to_file will be deprecated in the future.
	 #1 (1.7569e-04, 9.7999e-03): lin 1 (0.0e+00)
Composition correction applied in 5 block(s)
csr_matrix_base::write_matrix_to_file will be deprecated in the future.
csr_matrix_base::write_matrix_to_file will be deprecated in the future.
-------------------------------------------------------------------------------------------------------------
 T = 1.692, DT = 0.002, NI = 1, LI = 1, RES = 5.1e-09 (3.2e-07), CFL=0.313 (ELAPSED 00:00:08 )
-------------------------------------------------------------------------------------------------------------
csr_matrix_base::write_matrix_to_file will be deprecated in the future.
	 #1 (1.0528e-01, 4.1616e+01): lin 1 (0.0e+00)
Composition correction applied in 10 block(s)
Local chop applied in 2 block(s)
csr_matrix_base::write_matrix_to_file will be deprecated in the future.
	 #2 (7.7105e-03, 2.4259e+01): lin 1 (0.0e+00)
Composition correction applied in 10 block(s)
csr_matrix_base::write_matrix_to_file will be deprecated in the future.
-------------------------------------------------------------------------------------------------------------
 T = 1.692, DT = 0.002, NI = 2, LI = 2, RES = 7.7e-03 (2.2e-01), CFL=0.310 (ELAPSED 00:00:20 )
-------------------------------------------------------------------------------------------------------------
csr_matrix_base::write_matrix_to_file will be deprecated in the future.
csr_matrix_base::write_matrix_to_file will be deprecated in the future.
	 #1 (2.5583e-03, 1.9610e+01): lin 1 (0.0e+00)
Composition correction applied in 3 block(s)
csr_matrix_base::write_matrix_to_file will be deprecated in the future.
csr_matrix_base::write_matrix_to_file will be deprecated in the future.
-------------------------------------------------------------------------------------------------------------
 T = 1.696, DT = 0.004, NI = 1, LI = 1, RES = 4.4e-08 (8.6e-06), CFL=0.628 (ELAPSED 00:00:08 )
-------------------------------------------------------------------------------------------------------------
csr_matrix_base::write_matrix_to_file will be deprecated in the future.
	 #1 (2.0456e-01, 1.0763e+02): lin 1 (0.0e+00)
Composition correction applied in 11 block(s)
csr_matrix_base::write_matrix_to_file will be deprecated in the future.
	 #2 (1.8684e-02, 4.9038e+01): lin 1 (0.0e+00)
Composition correction applied in 11 block(s)
csr_matrix_base::write_matrix_to_file will be deprecated in the future.
	 #3 (1.8565e-02, 1.3031e+00): lin 1 (0.0e+00)
Composition correction applied in 11 block(s)
csr_matrix_base::write_matrix_to_file will be deprecated in the future.
	 #4 (1.8566e-02, 4.8168e+00): lin 1 (0.0e+00)
Composition correction applied in 11 block(s)
Local chop applied in 2 block(s)
csr_matrix_base::write_matrix_to_file will be deprecated in the future.
	 #5 (1.8566e-02, 1.1948e+01): lin 1 (0.0e+00)
Composition correction applied in 11 block(s)
csr_matrix_base::write_matrix_to_file will be deprecated in the future.
FAILED TO CONVERGE WITH DT = 0.004 (newton residual reservoir) 
csr_matrix_base::write_matrix_to_file will be deprecated in the future.
csr_matrix_base::write_matrix_to_file will be deprecated in the future.
	 #1 (1.7108e-04, 9.7655e-03): lin 1 (0.0e+00)
Composition correction applied in 3 block(s)
csr_matrix_base::write_matrix_to_file will be deprecated in the future.
csr_matrix_base::write_matrix_to_file will be deprecated in the future.
-------------------------------------------------------------------------------------------------------------
 T = 1.694, DT = 0.002, NI = 1, LI = 1, RES = 5.3e-09 (3.6e-07), CFL=0.314 (ELAPSED 00:00:08 )
-------------------------------------------------------------------------------------------------------------
csr_matrix_base::write_matrix_to_file will be deprecated in the future.
	 #1 (1.0216e-01, 5.3814e+01): lin 1 (0.0e+00)
Composition correction applied in 10 block(s)
csr_matrix_base::write_matrix_to_file will be deprecated in the future.
	 #2 (8.2661e-03, 1.8759e+01): lin 1 (0.0e+00)
Composition correction applied in 10 block(s)
csr_matrix_base::write_matrix_to_file will be deprecated in the future.
-------------------------------------------------------------------------------------------------------------
 T = 1.694, DT = 0.002, NI = 2, LI = 2, RES = 8.2e-03 (3.5e-01), CFL=0.311 (ELAPSED 00:00:20 )
-------------------------------------------------------------------------------------------------------------
csr_matrix_base::write_matrix_to_file will be deprecated in the future.
csr_matrix_base::write_matrix_to_file will be deprecated in the future.
	 #1 (2.5424e-03, 2.7551e+01): lin 1 (0.0e+00)
Composition correction applied in 6 block(s)
csr_matrix_base::write_matrix_to_file will be deprecated in the future.
csr_matrix_base::write_matrix_to_file will be deprecated in the future.
-------------------------------------------------------------------------------------------------------------
 T = 1.698, DT = 0.004, NI = 1, LI = 1, RES = 4.3e-08 (2.1e-05), CFL=0.629 (ELAPSED 00:00:08 )
-------------------------------------------------------------------------------------------------------------
csr_matrix_base::write_matrix_to_file will be deprecated in the future.
	 #1 (1.9735e-01, 7.6194e+01): lin 1 (0.0e+00)
Composition correction applied in 10 block(s)
Local chop applied in 2 block(s)
csr_matrix_base::write_matrix_to_file will be deprecated in the future.
	 #2 (1.9901e-02, 3.5213e+01): lin 1 (0.0e+00)
Composition correction applied in 10 block(s)
csr_matrix_base::write_matrix_to_file will be deprecated in the future.
	 #3 (1.9754e-02, 1.3721e+00): lin 1 (0.0e+00)
Composition correction applied in 10 block(s)
csr_matrix_base::write_matrix_to_file will be deprecated in the future.
	 #4 (1.9754e-02, 1.7740e-03): lin 1 (0.0e+00)
Composition correction applied in 10 block(s)
csr_matrix_base::write_matrix_to_file will be deprecated in the future.
	 #5 (1.9754e-02, 5.0395e-11): lin 1 (0.0e+00)
Composition correction applied in 10 block(s)
csr_matrix_base::write_matrix_to_file will be deprecated in the future.
FAILED TO CONVERGE WITH DT = 0.004 (newton residual reservoir) 
csr_matrix_base::write_matrix_to_file will be deprecated in the future.
csr_matrix_base::write_matrix_to_file will be deprecated in the future.
	 #1 (1.6841e-04, 1.0090e-02): lin 1 (0.0e+00)
Composition correction applied in 6 block(s)
csr_matrix_base::write_matrix_to_file will be deprecated in the future.
csr_matrix_base::write_matrix_to_file will be deprecated in the future.
-------------------------------------------------------------------------------------------------------------
 T = 1.696, DT = 0.002, NI = 1, LI = 1, RES = 5.6e-09 (4.0e-07), CFL=0.315 (ELAPSED 00:00:08 )
-------------------------------------------------------------------------------------------------------------
csr_matrix_base::write_matrix_to_file will be deprecated in the future.
	 #1 (9.8550e-02, 3.8084e+01): lin 1 (0.0e+00)
Composition correction applied in 11 block(s)
Local chop applied in 2 block(s)
csr_matrix_base::write_matrix_to_file will be deprecated in the future.
	 #2 (8.8379e-03, 2.3136e+01): lin 1 (0.0e+00)
Composition correction applied in 11 block(s)
csr_matrix_base::write_matrix_to_file will be deprecated in the future.
-------------------------------------------------------------------------------------------------------------
 T = 1.696, DT = 0.002, NI = 2, LI = 2, RES = 8.8e-03 (5.5e-02), CFL=0.312 (ELAPSED 00:00:20 )
-------------------------------------------------------------------------------------------------------------
csr_matrix_base::write_matrix_to_file will be deprecated in the future.
csr_matrix_base::write_matrix_to_file will be deprecated in the future.
	 #1 (2.5258e-03, 2.0409e+01): lin 1 (0.0e+00)
Composition correction applied in 5 block(s)
csr_matrix_base::write_matrix_to_file will be deprecated in the future.
csr_matrix_base::write_matrix_to_file will be deprecated in the future.
-------------------------------------------------------------------------------------------------------------
 T = 1.7, DT = 0.004, NI = 1, LI = 1, RES = 3.9e-08 (9.3e-06), CFL=0.631 (ELAPSED 00:00:08 )
-------------------------------------------------------------------------------------------------------------
csr_matrix_base::write_matrix_to_file will be deprecated in the future.
	 #1 (1.8920e-01, 1.0008e+02): lin 1 (0.0e+00)
Composition correction applied in 11 block(s)
csr_matrix_base::write_matrix_to_file will be deprecated in the future.
	 #2 (2.0684e-02, 4.6117e+01): lin 1 (0.0e+00)
Composition correction applied in 11 block(s)
csr_matrix_base::write_matrix_to_file will be deprecated in the future.
	 #3 (2.0525e-02, 1.5022e+00): lin 1 (0.0e+00)
Composition correction applied in 11 block(s)
csr_matrix_base::write_matrix_to_file will be deprecated in the future.
	 #4 (2.0525e-02, 6.7493e+00): lin 1 (0.0e+00)
Composition correction applied in 11 block(s)
Local chop applied in 2 block(s)
csr_matrix_base::write_matrix_to_file will be deprecated in the future.
	 #5 (2.0525e-02, 8.8751e+00): lin 1 (0.0e+00)
Composition correction applied in 11 block(s)
csr_matrix_base::write_matrix_to_file will be deprecated in the future.
FAILED TO CONVERGE WITH DT = 0.004 (newton residual reservoir) 
csr_matrix_base::write_matrix_to_file will be deprecated in the future.
csr_matrix_base::write_matrix_to_file will be deprecated in the future.
	 #1 (1.6647e-04, 1.0211e-02): lin 1 (0.0e+00)
Composition correction applied in 5 block(s)
csr_matrix_base::write_matrix_to_file will be deprecated in the future.
csr_matrix_base::write_matrix_to_file will be deprecated in the future.
-------------------------------------------------------------------------------------------------------------
 T = 1.698, DT = 0.002, NI = 1, LI = 1, RES = 5.7e-09 (4.3e-07), CFL=0.316 (ELAPSED 00:00:08 )
-------------------------------------------------------------------------------------------------------------
csr_matrix_base::write_matrix_to_file will be deprecated in the future.
	 #1 (9.4477e-02, 5.0036e+01): lin 1 (0.0e+00)
Composition correction applied in 11 block(s)
csr_matrix_base::write_matrix_to_file will be deprecated in the future.
	 #2 (9.3925e-03, 1.7864e+01): lin 1 (0.0e+00)
Composition correction applied in 11 block(s)
csr_matrix_base::write_matrix_to_file will be deprecated in the future.
-------------------------------------------------------------------------------------------------------------
 T = 1.698, DT = 0.002, NI = 2, LI = 2, RES = 9.4e-03 (4.2e-01), CFL=0.312 (ELAPSED 00:00:20 )
-------------------------------------------------------------------------------------------------------------
csr_matrix_base::write_matrix_to_file will be deprecated in the future.
csr_matrix_base::write_matrix_to_file will be deprecated in the future.
	 #1 (2.5049e-03, 2.8892e+01): lin 1 (0.0e+00)
Composition correction applied in 4 block(s)
csr_matrix_base::write_matrix_to_file will be deprecated in the future.
csr_matrix_base::write_matrix_to_file will be deprecated in the future.
-------------------------------------------------------------------------------------------------------------
 T = 1.702, DT = 0.004, NI = 1, LI = 1, RES = 3.8e-08 (2.4e-05), CFL=0.633 (ELAPSED 00:00:08 )
-------------------------------------------------------------------------------------------------------------
csr_matrix_base::write_matrix_to_file will be deprecated in the future.
	 #1 (1.8021e-01, 6.9948e+01): lin 1 (0.0e+00)
Composition correction applied in 11 block(s)
Local chop applied in 2 block(s)
csr_matrix_base::write_matrix_to_file will be deprecated in the future.
	 #2 (2.1420e-02, 3.3301e+01): lin 1 (0.0e+00)
Composition correction applied in 11 block(s)
csr_matrix_base::write_matrix_to_file will be deprecated in the future.
	 #3 (2.1232e-02, 1.8503e+00): lin 1 (0.0e+00)
Composition correction applied in 11 block(s)
csr_matrix_base::write_matrix_to_file will be deprecated in the future.
	 #4 (2.1232e-02, 4.5902e-03): lin 1 (0.0e+00)
Composition correction applied in 11 block(s)
csr_matrix_base::write_matrix_to_file will be deprecated in the future.
	 #5 (2.1232e-02, 1.5600e-06): lin 1 (0.0e+00)
Composition correction applied in 11 block(s)
csr_matrix_base::write_matrix_to_file will be deprecated in the future.
FAILED TO CONVERGE WITH DT = 0.004 (newton residual reservoir) 
csr_matrix_base::write_matrix_to_file will be deprecated in the future.
csr_matrix_base::write_matrix_to_file will be deprecated in the future.
	 #1 (1.6539e-04, 1.0490e-02): lin 1 (0.0e+00)
Composition correction applied in 4 block(s)
csr_matrix_base::write_matrix_to_file will be deprecated in the future.
csr_matrix_base::write_matrix_to_file will be deprecated in the future.
-------------------------------------------------------------------------------------------------------------
 T = 1.7, DT = 0.002, NI = 1, LI = 1, RES = 5.9e-09 (4.6e-07), CFL=0.316 (ELAPSED 00:00:08 )
-------------------------------------------------------------------------------------------------------------
csr_matrix_base::write_matrix_to_file will be deprecated in the future.
	 #1 (8.9978e-02, 3.4959e+01): lin 1 (0.0e+00)
Composition correction applied in 10 block(s)
Local chop applied in 2 block(s)
csr_matrix_base::write_matrix_to_file will be deprecated in the future.
	 #2 (9.9835e-03, 2.1195e+01): lin 1 (0.0e+00)
Composition correction applied in 10 block(s)
csr_matrix_base::write_matrix_to_file will be deprecated in the future.
-------------------------------------------------------------------------------------------------------------
 T = 1.7, DT = 0.002, NI = 2, LI = 2, RES = 9.9e-03 (2.9e-01), CFL=0.314 (ELAPSED 00:00:20 )
-------------------------------------------------------------------------------------------------------------
csr_matrix_base::write_matrix_to_file will be deprecated in the future.
csr_matrix_base::write_matrix_to_file will be deprecated in the future.
	 #1 (2.4821e-03, 2.1079e+01): lin 1 (0.0e+00)
Composition correction applied in 6 block(s)
csr_matrix_base::write_matrix_to_file will be deprecated in the future.
csr_matrix_base::write_matrix_to_file will be deprecated in the future.
-------------------------------------------------------------------------------------------------------------
 T = 1.704, DT = 0.004, NI = 1, LI = 1, RES = 3.5e-08 (9.9e-06), CFL=0.635 (ELAPSED 00:00:08 )
-------------------------------------------------------------------------------------------------------------
csr_matrix_base::write_matrix_to_file will be deprecated in the future.
	 #1 (1.7047e-01, 9.1453e+01): lin 1 (0.0e+00)
Composition correction applied in 11 block(s)
csr_matrix_base::write_matrix_to_file will be deprecated in the future.
	 #2 (2.2785e-02, 4.0443e+01): lin 1 (0.0e+00)
Composition correction applied in 11 block(s)
csr_matrix_base::write_matrix_to_file will be deprecated in the future.
	 #3 (2.2623e-02, 1.8040e+00): lin 1 (0.0e+00)
Composition correction applied in 11 block(s)
Local chop applied in 2 block(s)
csr_matrix_base::write_matrix_to_file will be deprecated in the future.
	 #4 (2.2623e-02, 7.7007e+00): lin 1 (0.0e+00)
Composition correction applied in 11 block(s)
Local chop applied in 2 block(s)
csr_matrix_base::write_matrix_to_file will be deprecated in the future.
	 #5 (2.2623e-02, 7.9885e+00): lin 1 (0.0e+00)
Composition correction applied in 11 block(s)
Local chop applied in 2 block(s)
csr_matrix_base::write_matrix_to_file will be deprecated in the future.
FAILED TO CONVERGE WITH DT = 0.004 (newton residual reservoir) 
csr_matrix_base::write_matrix_to_file will be deprecated in the future.
csr_matrix_base::write_matrix_to_file will be deprecated in the future.
	 #1 (1.6435e-04, 1.0585e-02): lin 1 (0.0e+00)
Composition correction applied in 5 block(s)
csr_matrix_base::write_matrix_to_file will be deprecated in the future.
csr_matrix_base::write_matrix_to_file will be deprecated in the future.
-------------------------------------------------------------------------------------------------------------
 T = 1.702, DT = 0.002, NI = 1, LI = 1, RES = 5.9e-09 (4.8e-07), CFL=0.317 (ELAPSED 00:00:08 )
-------------------------------------------------------------------------------------------------------------
csr_matrix_base::write_matrix_to_file will be deprecated in the future.
	 #1 (8.5114e-02, 4.5719e+01): lin 1 (0.0e+00)
Composition correction applied in 11 block(s)
csr_matrix_base::write_matrix_to_file will be deprecated in the future.
	 #2 (1.0494e-02, 1.5985e+01): lin 1 (0.0e+00)
Composition correction applied in 11 block(s)
csr_matrix_base::write_matrix_to_file will be deprecated in the future.
	 #3 (1.0460e-02, 5.5239e-01): lin 1 (0.0e+00)
Composition correction applied in 11 block(s)
csr_matrix_base::write_matrix_to_file will be deprecated in the future.
	 #4 (1.0460e-02, 4.1645e-01): lin 1 (0.0e+00)
Composition correction applied in 11 block(s)
csr_matrix_base::write_matrix_to_file will be deprecated in the future.
	 #5 (1.0460e-02, 5.6883e-02): lin 1 (0.0e+00)
Composition correction applied in 11 block(s)
csr_matrix_base::write_matrix_to_file will be deprecated in the future.
FAILED TO CONVERGE WITH DT = 0.002 (newton residual reservoir) 
csr_matrix_base::write_matrix_to_file will be deprecated in the future.
csr_matrix_base::write_matrix_to_file will be deprecated in the future.
	 #1 (1.2287e-05, 2.3671e-07): lin 1 (0.0e+00)
Composition correction applied in 6 block(s)
csr_matrix_base::write_matrix_to_file will be deprecated in the future.
csr_matrix_base::write_matrix_to_file will be deprecated in the future.
-------------------------------------------------------------------------------------------------------------
 T = 1.701, DT = 0.001, NI = 1, LI = 1, RES = 4.7e-11 (1.4e-08), CFL=0.159 (ELAPSED 00:00:08 )
-------------------------------------------------------------------------------------------------------------
csr_matrix_base::write_matrix_to_file will be deprecated in the future.
	 #1 (4.2541e-02, 2.2853e+01): lin 1 (0.0e+00)
Composition correction applied in 5 block(s)
csr_matrix_base::write_matrix_to_file will be deprecated in the future.
	 #2 (5.0335e-03, 5.8367e+00): lin 1 (0.0e+00)
Composition correction applied in 5 block(s)
csr_matrix_base::write_matrix_to_file will be deprecated in the future.
-------------------------------------------------------------------------------------------------------------
 T = 1.701, DT = 0.001, NI = 2, LI = 2, RES = 5.0e-03 (1.1e-01), CFL=0.157 (ELAPSED 00:00:20 )
-------------------------------------------------------------------------------------------------------------
csr_matrix_base::write_matrix_to_file will be deprecated in the future.
csr_matrix_base::write_matrix_to_file will be deprecated in the future.
	 #1 (5.7021e-04, 1.1450e+01): lin 1 (0.0e+00)
Composition correction applied in 3 block(s)
csr_matrix_base::write_matrix_to_file will be deprecated in the future.
csr_matrix_base::write_matrix_to_file will be deprecated in the future.
-------------------------------------------------------------------------------------------------------------
 T = 1.703, DT = 0.002, NI = 1, LI = 1, RES = 6.4e-09 (7.2e-06), CFL=0.318 (ELAPSED 00:00:08 )
-------------------------------------------------------------------------------------------------------------
csr_matrix_base::write_matrix_to_file will be deprecated in the future.
	 #1 (8.2540e-02, 2.4859e+01): lin 1 (0.0e+00)
Composition correction applied in 11 block(s)
Local chop applied in 2 block(s)
csr_matrix_base::write_matrix_to_file will be deprecated in the future.
	 #2 (1.0916e-02, 1.0842e+01): lin 1 (0.0e+00)
Composition correction applied in 11 block(s)
csr_matrix_base::write_matrix_to_file will be deprecated in the future.
	 #3 (1.0868e-02, 4.7958e-01): lin 1 (0.0e+00)
Composition correction applied in 11 block(s)
csr_matrix_base::write_matrix_to_file will be deprecated in the future.
	 #4 (1.0868e-02, 4.7217e-02): lin 1 (0.0e+00)
Composition correction applied in 11 block(s)
csr_matrix_base::write_matrix_to_file will be deprecated in the future.
	 #5 (1.0868e-02, 3.0594e-06): lin 1 (0.0e+00)
Composition correction applied in 11 block(s)
csr_matrix_base::write_matrix_to_file will be deprecated in the future.
FAILED TO CONVERGE WITH DT = 0.002 (newton residual reservoir) 
csr_matrix_base::write_matrix_to_file will be deprecated in the future.
csr_matrix_base::write_matrix_to_file will be deprecated in the future.
	 #1 (7.8982e-05, 8.4475e-03): lin 1 (0.0e+00)
Composition correction applied in 2 block(s)
csr_matrix_base::write_matrix_to_file will be deprecated in the future.
csr_matrix_base::write_matrix_to_file will be deprecated in the future.
-------------------------------------------------------------------------------------------------------------
 T = 1.702, DT = 0.001, NI = 1, LI = 1, RES = 1.9e-09 (1.0e-07), CFL=0.159 (ELAPSED 00:00:08 )
-------------------------------------------------------------------------------------------------------------
csr_matrix_base::write_matrix_to_file will be deprecated in the future.
	 #1 (4.1232e-02, 1.2441e+01): lin 1 (0.0e+00)
Composition correction applied in 11 block(s)
csr_matrix_base::write_matrix_to_file will be deprecated in the future.
	 #2 (5.2248e-03, 3.1669e+00): lin 1 (0.0e+00)
Composition correction applied in 11 block(s)
csr_matrix_base::write_matrix_to_file will be deprecated in the future.
-------------------------------------------------------------------------------------------------------------
 T = 1.702, DT = 0.001, NI = 2, LI = 2, RES = 5.2e-03 (9.3e-02), CFL=0.158 (ELAPSED 00:00:20 )
-------------------------------------------------------------------------------------------------------------
csr_matrix_base::write_matrix_to_file will be deprecated in the future.
csr_matrix_base::write_matrix_to_file will be deprecated in the future.
	 #1 (5.6773e-04, 6.1272e+00): lin 1 (0.0e+00)
Composition correction applied in 7 block(s)
csr_matrix_base::write_matrix_to_file will be deprecated in the future.
csr_matrix_base::write_matrix_to_file will be deprecated in the future.
-------------------------------------------------------------------------------------------------------------
 T = 1.704, DT = 0.002, NI = 1, LI = 1, RES = 2.9e-09 (1.7e-06), CFL=0.318 (ELAPSED 00:00:08 )
-------------------------------------------------------------------------------------------------------------
csr_matrix_base::write_matrix_to_file will be deprecated in the future.
	 #1 (7.9793e-02, 1.9913e+01): lin 1 (0.0e+00)
Composition correction applied in 11 block(s)
csr_matrix_base::write_matrix_to_file will be deprecated in the future.
	 #2 (1.1239e-02, 4.0545e+00): lin 1 (0.0e+00)
Composition correction applied in 11 block(s)
csr_matrix_base::write_matrix_to_file will be deprecated in the future.
	 #3 (1.1173e-02, 3.5049e-02): lin 1 (0.0e+00)
Composition correction applied in 11 block(s)
csr_matrix_base::write_matrix_to_file will be deprecated in the future.
	 #4 (1.1173e-02, 2.0686e-04): lin 1 (0.0e+00)
Composition correction applied in 11 block(s)
csr_matrix_base::write_matrix_to_file will be deprecated in the future.
	 #5 (1.1173e-02, 1.4905e-11): lin 1 (0.0e+00)
Composition correction applied in 11 block(s)
csr_matrix_base::write_matrix_to_file will be deprecated in the future.
FAILED TO CONVERGE WITH DT = 0.002 (newton residual reservoir) 
csr_matrix_base::write_matrix_to_file will be deprecated in the future.
csr_matrix_base::write_matrix_to_file will be deprecated in the future.
	 #1 (7.9896e-05, 5.7334e-03): lin 1 (0.0e+00)
Composition correction applied in 7 block(s)
csr_matrix_base::write_matrix_to_file will be deprecated in the future.
csr_matrix_base::write_matrix_to_file will be deprecated in the future.
-------------------------------------------------------------------------------------------------------------
 T = 1.703, DT = 0.001, NI = 1, LI = 1, RES = 2.0e-09 (1.2e-07), CFL=0.159 (ELAPSED 00:00:08 )
-------------------------------------------------------------------------------------------------------------
csr_matrix_base::write_matrix_to_file will be deprecated in the future.
	 #1 (3.9853e-02, 9.9690e+00): lin 1 (0.0e+00)
Composition correction applied in 11 block(s)
csr_matrix_base::write_matrix_to_file will be deprecated in the future.
	 #2 (5.3890e-03, 1.3304e+00): lin 1 (0.0e+00)
Composition correction applied in 11 block(s)
csr_matrix_base::write_matrix_to_file will be deprecated in the future.
-------------------------------------------------------------------------------------------------------------
 T = 1.703, DT = 0.001, NI = 2, LI = 2, RES = 5.4e-03 (4.0e-03), CFL=0.158 (ELAPSED 00:00:20 )
-------------------------------------------------------------------------------------------------------------
csr_matrix_base::write_matrix_to_file will be deprecated in the future.
csr_matrix_base::write_matrix_to_file will be deprecated in the future.
	 #1 (5.6495e-04, 4.7842e+00): lin 1 (0.0e+00)
Composition correction applied in 6 block(s)
csr_matrix_base::write_matrix_to_file will be deprecated in the future.
csr_matrix_base::write_matrix_to_file will be deprecated in the future.
-------------------------------------------------------------------------------------------------------------
 T = 1.705, DT = 0.002, NI = 1, LI = 1, RES = 2.2e-09 (9.3e-07), CFL=0.319 (ELAPSED 00:00:08 )
-------------------------------------------------------------------------------------------------------------
csr_matrix_base::write_matrix_to_file will be deprecated in the future.
	 #1 (7.6977e-02, 1.0940e+01): lin 1 (0.0e+00)
Composition correction applied in 11 block(s)
csr_matrix_base::write_matrix_to_file will be deprecated in the future.
	 #2 (1.1511e-02, 1.2520e+00): lin 1 (0.0e+00)
Composition correction applied in 11 block(s)
csr_matrix_base::write_matrix_to_file will be deprecated in the future.
	 #3 (1.1478e-02, 2.1700e-02): lin 1 (0.0e+00)
Composition correction applied in 11 block(s)
csr_matrix_base::write_matrix_to_file will be deprecated in the future.
	 #4 (1.1478e-02, 7.5668e-06): lin 1 (0.0e+00)
Composition correction applied in 11 block(s)
csr_matrix_base::write_matrix_to_file will be deprecated in the future.
	 #5 (1.1478e-02, 3.1988e-14): lin 1 (0.0e+00)
Composition correction applied in 11 block(s)
csr_matrix_base::write_matrix_to_file will be deprecated in the future.
FAILED TO CONVERGE WITH DT = 0.002 (newton residual reservoir) 
csr_matrix_base::write_matrix_to_file will be deprecated in the future.
csr_matrix_base::write_matrix_to_file will be deprecated in the future.
	 #1 (7.9964e-05, 3.8296e-03): lin 1 (0.0e+00)
Composition correction applied in 6 block(s)
csr_matrix_base::write_matrix_to_file will be deprecated in the future.
csr_matrix_base::write_matrix_to_file will be deprecated in the future.
-------------------------------------------------------------------------------------------------------------
 T = 1.704, DT = 0.001, NI = 1, LI = 1, RES = 2.1e-09 (1.3e-07), CFL=0.159 (ELAPSED 00:00:08 )
-------------------------------------------------------------------------------------------------------------
csr_matrix_base::write_matrix_to_file will be deprecated in the future.
	 #1 (3.8444e-02, 5.4753e+00): lin 1 (0.0e+00)
Composition correction applied in 11 block(s)
csr_matrix_base::write_matrix_to_file will be deprecated in the future.
-------------------------------------------------------------------------------------------------------------
 T = 1.704, DT = 0.001, NI = 1, LI = 1, RES = 5.5e-03 (4.6e-01), CFL=0.156 (ELAPSED 00:00:20 )
-------------------------------------------------------------------------------------------------------------
csr_matrix_base::write_matrix_to_file will be deprecated in the future.
csr_matrix_base::write_matrix_to_file will be deprecated in the future.
	 #1 (5.5845e-04, 3.2769e+00): lin 1 (0.0e+00)
Composition correction applied in 7 block(s)
csr_matrix_base::write_matrix_to_file will be deprecated in the future.
csr_matrix_base::write_matrix_to_file will be deprecated in the future.
-------------------------------------------------------------------------------------------------------------
 T = 1.706, DT = 0.002, NI = 1, LI = 1, RES = 2.2e-09 (2.4e-07), CFL=0.319 (ELAPSED 00:00:08 )
-------------------------------------------------------------------------------------------------------------
csr_matrix_base::write_matrix_to_file will be deprecated in the future.
	 #1 (7.4114e-02, 8.4920e+00): lin 1 (0.0e+00)
Composition correction applied in 11 block(s)
csr_matrix_base::write_matrix_to_file will be deprecated in the future.
	 #2 (1.1830e-02, 1.4991e+00): lin 1 (0.0e+00)
Composition correction applied in 11 block(s)
csr_matrix_base::write_matrix_to_file will be deprecated in the future.
	 #3 (1.1784e-02, 9.1988e-03): lin 1 (0.0e+00)
Composition correction applied in 11 block(s)
csr_matrix_base::write_matrix_to_file will be deprecated in the future.
	 #4 (1.1784e-02, 7.5245e-06): lin 1 (0.0e+00)
Composition correction applied in 11 block(s)
csr_matrix_base::write_matrix_to_file will be deprecated in the future.
	 #5 (1.1784e-02, 4.8523e-11): lin 1 (0.0e+00)
Composition correction applied in 11 block(s)
csr_matrix_base::write_matrix_to_file will be deprecated in the future.
FAILED TO CONVERGE WITH DT = 0.002 (newton residual reservoir) 
csr_matrix_base::write_matrix_to_file will be deprecated in the future.
csr_matrix_base::write_matrix_to_file will be deprecated in the future.
	 #1 (7.9384e-05, 2.9085e-03): lin 1 (0.0e+00)
Composition correction applied in 7 block(s)
csr_matrix_base::write_matrix_to_file will be deprecated in the future.
csr_matrix_base::write_matrix_to_file will be deprecated in the future.
-------------------------------------------------------------------------------------------------------------
 T = 1.705, DT = 0.001, NI = 1, LI = 1, RES = 2.1e-09 (1.3e-07), CFL=0.160 (ELAPSED 00:00:08 )
-------------------------------------------------------------------------------------------------------------
csr_matrix_base::write_matrix_to_file will be deprecated in the future.
	 #1 (3.7014e-02, 4.2513e+00): lin 1 (0.0e+00)
Composition correction applied in 11 block(s)
csr_matrix_base::write_matrix_to_file will be deprecated in the future.
-------------------------------------------------------------------------------------------------------------
 T = 1.705, DT = 0.001, NI = 1, LI = 1, RES = 5.7e-03 (4.6e-01), CFL=0.156 (ELAPSED 00:00:21 )
-------------------------------------------------------------------------------------------------------------
csr_matrix_base::write_matrix_to_file will be deprecated in the future.
csr_matrix_base::write_matrix_to_file will be deprecated in the future.
	 #1 (5.5329e-04, 2.4026e+00): lin 1 (0.0e+00)
Composition correction applied in 5 block(s)
csr_matrix_base::write_matrix_to_file will be deprecated in the future.
csr_matrix_base::write_matrix_to_file will be deprecated in the future.
-------------------------------------------------------------------------------------------------------------
 T = 1.707, DT = 0.002, NI = 1, LI = 1, RES = 2.1e-09 (5.2e-08), CFL=0.320 (ELAPSED 00:00:09 )
-------------------------------------------------------------------------------------------------------------
csr_matrix_base::write_matrix_to_file will be deprecated in the future.
	 #1 (7.1224e-02, 6.1990e+00): lin 1 (0.0e+00)
Composition correction applied in 11 block(s)
csr_matrix_base::write_matrix_to_file will be deprecated in the future.
	 #2 (1.2151e-02, 6.3369e-02): lin 1 (0.0e+00)
Composition correction applied in 11 block(s)
csr_matrix_base::write_matrix_to_file will be deprecated in the future.
	 #3 (1.2093e-02, 1.7755e-04): lin 1 (0.0e+00)
Composition correction applied in 11 block(s)
csr_matrix_base::write_matrix_to_file will be deprecated in the future.
	 #4 (1.2093e-02, 3.4525e-11): lin 1 (0.0e+00)
Composition correction applied in 11 block(s)
csr_matrix_base::write_matrix_to_file will be deprecated in the future.
	 #5 (1.2093e-02, 3.4525e-11): lin 1 (0.0e+00)
Composition correction applied in 11 block(s)
csr_matrix_base::write_matrix_to_file will be deprecated in the future.
FAILED TO CONVERGE WITH DT = 0.002 (newton residual reservoir) 
csr_matrix_base::write_matrix_to_file will be deprecated in the future.
csr_matrix_base::write_matrix_to_file will be deprecated in the future.
	 #1 (7.8992e-05, 1.9852e-03): lin 1 (0.0e+00)
Composition correction applied in 5 block(s)
csr_matrix_base::write_matrix_to_file will be deprecated in the future.
csr_matrix_base::write_matrix_to_file will be deprecated in the future.
-------------------------------------------------------------------------------------------------------------
 T = 1.706, DT = 0.001, NI = 1, LI = 1, RES = 2.1e-09 (1.3e-07), CFL=0.160 (ELAPSED 00:00:09 )
-------------------------------------------------------------------------------------------------------------
csr_matrix_base::write_matrix_to_file will be deprecated in the future.
	 #1 (3.5569e-02, 3.1020e+00): lin 1 (0.0e+00)
Composition correction applied in 11 block(s)
csr_matrix_base::write_matrix_to_file will be deprecated in the future.
-------------------------------------------------------------------------------------------------------------
 T = 1.706, DT = 0.001, NI = 1, LI = 1, RES = 5.9e-03 (5.0e-02), CFL=0.156 (ELAPSED 00:00:21 )
-------------------------------------------------------------------------------------------------------------
csr_matrix_base::write_matrix_to_file will be deprecated in the future.
csr_matrix_base::write_matrix_to_file will be deprecated in the future.
	 #1 (5.4640e-04, 1.2056e+00): lin 1 (0.0e+00)
Composition correction applied in 6 block(s)
csr_matrix_base::write_matrix_to_file will be deprecated in the future.
csr_matrix_base::write_matrix_to_file will be deprecated in the future.
-------------------------------------------------------------------------------------------------------------
 T = 1.708, DT = 0.002, NI = 1, LI = 1, RES = 2.1e-09 (2.9e-07), CFL=0.320 (ELAPSED 00:00:09 )
-------------------------------------------------------------------------------------------------------------
csr_matrix_base::write_matrix_to_file will be deprecated in the future.
	 #1 (6.8323e-02, 2.9989e+00): lin 1 (0.0e+00)
Composition correction applied in 11 block(s)
csr_matrix_base::write_matrix_to_file will be deprecated in the future.
	 #2 (1.2449e-02, 2.5362e-01): lin 1 (0.0e+00)
Composition correction applied in 11 block(s)
csr_matrix_base::write_matrix_to_file will be deprecated in the future.
	 #3 (1.2403e-02, 1.5600e-04): lin 1 (0.0e+00)
Composition correction applied in 11 block(s)
csr_matrix_base::write_matrix_to_file will be deprecated in the future.
	 #4 (1.2403e-02, 6.9049e-15): lin 1 (0.0e+00)
Composition correction applied in 11 block(s)
csr_matrix_base::write_matrix_to_file will be deprecated in the future.
	 #5 (1.2403e-02, 2.6185e-15): lin 1 (0.0e+00)
Composition correction applied in 11 block(s)
csr_matrix_base::write_matrix_to_file will be deprecated in the future.
FAILED TO CONVERGE WITH DT = 0.002 (newton residual reservoir) 
csr_matrix_base::write_matrix_to_file will be deprecated in the future.
csr_matrix_base::write_matrix_to_file will be deprecated in the future.
	 #1 (7.8303e-05, 1.0288e-03): lin 1 (0.0e+00)
Composition correction applied in 6 block(s)
csr_matrix_base::write_matrix_to_file will be deprecated in the future.
csr_matrix_base::write_matrix_to_file will be deprecated in the future.
-------------------------------------------------------------------------------------------------------------
 T = 1.707, DT = 0.001, NI = 1, LI = 1, RES = 2.0e-09 (1.3e-07), CFL=0.160 (ELAPSED 00:00:09 )
-------------------------------------------------------------------------------------------------------------
csr_matrix_base::write_matrix_to_file will be deprecated in the future.
	 #1 (3.4119e-02, 1.5010e+00): lin 1 (0.0e+00)
Composition correction applied in 11 block(s)
csr_matrix_base::write_matrix_to_file will be deprecated in the future.
-------------------------------------------------------------------------------------------------------------
 T = 1.707, DT = 0.001, NI = 1, LI = 1, RES = 6.0e-03 (6.6e-02), CFL=0.157 (ELAPSED 00:00:21 )
-------------------------------------------------------------------------------------------------------------
csr_matrix_base::write_matrix_to_file will be deprecated in the future.
csr_matrix_base::write_matrix_to_file will be deprecated in the future.
	 #1 (5.5022e-04, 8.0829e-01): lin 1 (0.0e+00)
Composition correction applied in 8 block(s)
csr_matrix_base::write_matrix_to_file will be deprecated in the future.
csr_matrix_base::write_matrix_to_file will be deprecated in the future.
-------------------------------------------------------------------------------------------------------------
 T = 1.709, DT = 0.002, NI = 1, LI = 1, RES = 2.3e-09 (3.5e-07), CFL=0.321 (ELAPSED 00:00:09 )
-------------------------------------------------------------------------------------------------------------
csr_matrix_base::write_matrix_to_file will be deprecated in the future.
	 #1 (6.5430e-02, 1.7352e+00): lin 1 (0.0e+00)
Composition correction applied in 11 block(s)
csr_matrix_base::write_matrix_to_file will be deprecated in the future.
	 #2 (1.2784e-02, 5.0564e-02): lin 1 (0.0e+00)
Composition correction applied in 11 block(s)
csr_matrix_base::write_matrix_to_file will be deprecated in the future.
	 #3 (1.2719e-02, 1.7994e-10): lin 1 (0.0e+00)
Composition correction applied in 11 block(s)
csr_matrix_base::write_matrix_to_file will be deprecated in the future.
	 #4 (1.2719e-02, 2.3887e-14): lin 1 (0.0e+00)
Composition correction applied in 11 block(s)
csr_matrix_base::write_matrix_to_file will be deprecated in the future.
	 #5 (1.2719e-02, 1.1410e-14): lin 1 (0.0e+00)
Composition correction applied in 11 block(s)
csr_matrix_base::write_matrix_to_file will be deprecated in the future.
FAILED TO CONVERGE WITH DT = 0.002 (newton residual reservoir) 
csr_matrix_base::write_matrix_to_file will be deprecated in the future.
csr_matrix_base::write_matrix_to_file will be deprecated in the future.
	 #1 (7.8871e-05, 6.9358e-04): lin 1 (0.0e+00)
Composition correction applied in 8 block(s)
csr_matrix_base::write_matrix_to_file will be deprecated in the future.
csr_matrix_base::write_matrix_to_file will be deprecated in the future.
-------------------------------------------------------------------------------------------------------------
 T = 1.708, DT = 0.001, NI = 1, LI = 1, RES = 2.1e-09 (1.3e-07), CFL=0.160 (ELAPSED 00:00:09 )
-------------------------------------------------------------------------------------------------------------
csr_matrix_base::write_matrix_to_file will be deprecated in the future.
	 #1 (3.2673e-02, 8.6859e-01): lin 1 (0.0e+00)
Composition correction applied in 11 block(s)
csr_matrix_base::write_matrix_to_file will be deprecated in the future.
-------------------------------------------------------------------------------------------------------------
 T = 1.708, DT = 0.001, NI = 1, LI = 1, RES = 6.2e-03 (6.6e-03), CFL=0.157 (ELAPSED 00:00:21 )
-------------------------------------------------------------------------------------------------------------
csr_matrix_base::write_matrix_to_file will be deprecated in the future.
csr_matrix_base::write_matrix_to_file will be deprecated in the future.
	 #1 (5.4408e-04, 4.7264e-01): lin 1 (0.0e+00)
Composition correction applied in 4 block(s)
csr_matrix_base::write_matrix_to_file will be deprecated in the future.
csr_matrix_base::write_matrix_to_file will be deprecated in the future.
-------------------------------------------------------------------------------------------------------------
 T = 1.71, DT = 0.002, NI = 1, LI = 1, RES = 2.2e-09 (3.6e-07), CFL=0.321 (ELAPSED 00:00:09 )
-------------------------------------------------------------------------------------------------------------
csr_matrix_base::write_matrix_to_file will be deprecated in the future.
	 #1 (6.2560e-02, 1.2703e+00): lin 1 (0.0e+00)
Composition correction applied in 12 block(s)
csr_matrix_base::write_matrix_to_file will be deprecated in the future.
	 #2 (1.3072e-02, 5.5637e-02): lin 1 (0.0e+00)
Composition correction applied in 12 block(s)
csr_matrix_base::write_matrix_to_file will be deprecated in the future.
	 #3 (1.3038e-02, 4.7783e-10): lin 1 (0.0e+00)
Composition correction applied in 12 block(s)
csr_matrix_base::write_matrix_to_file will be deprecated in the future.
	 #4 (1.3038e-02, 7.8099e-11): lin 1 (0.0e+00)
Composition correction applied in 12 block(s)
csr_matrix_base::write_matrix_to_file will be deprecated in the future.
	 #5 (1.3038e-02, 7.8099e-11): lin 1 (0.0e+00)
Composition correction applied in 12 block(s)
csr_matrix_base::write_matrix_to_file will be deprecated in the future.
FAILED TO CONVERGE WITH DT = 0.002 (newton residual reservoir) 
csr_matrix_base::write_matrix_to_file will be deprecated in the future.
csr_matrix_base::write_matrix_to_file will be deprecated in the future.
	 #1 (7.8207e-05, 3.9024e-04): lin 1 (0.0e+00)
Composition correction applied in 5 block(s)
csr_matrix_base::write_matrix_to_file will be deprecated in the future.
csr_matrix_base::write_matrix_to_file will be deprecated in the future.
-------------------------------------------------------------------------------------------------------------
 T = 1.709, DT = 0.001, NI = 1, LI = 1, RES = 2.0e-09 (1.3e-07), CFL=0.160 (ELAPSED 00:00:09 )
-------------------------------------------------------------------------------------------------------------
csr_matrix_base::write_matrix_to_file will be deprecated in the future.
	 #1 (3.1239e-02, 6.3559e-01): lin 1 (0.0e+00)
Composition correction applied in 12 block(s)
csr_matrix_base::write_matrix_to_file will be deprecated in the future.
-------------------------------------------------------------------------------------------------------------
 T = 1.709, DT = 0.001, NI = 1, LI = 1, RES = 6.3e-03 (1.3e-02), CFL=0.157 (ELAPSED 00:00:21 )
-------------------------------------------------------------------------------------------------------------
csr_matrix_base::write_matrix_to_file will be deprecated in the future.
csr_matrix_base::write_matrix_to_file will be deprecated in the future.
	 #1 (5.4573e-04, 3.0521e-01): lin 1 (0.0e+00)
Composition correction applied in 6 block(s)
csr_matrix_base::write_matrix_to_file will be deprecated in the future.
csr_matrix_base::write_matrix_to_file will be deprecated in the future.
-------------------------------------------------------------------------------------------------------------
 T = 1.711, DT = 0.002, NI = 1, LI = 1, RES = 2.4e-09 (3.8e-07), CFL=0.321 (ELAPSED 00:00:09 )
-------------------------------------------------------------------------------------------------------------
csr_matrix_base::write_matrix_to_file will be deprecated in the future.
	 #1 (5.9733e-02, 4.8161e-01): lin 1 (0.0e+00)
Composition correction applied in 12 block(s)
csr_matrix_base::write_matrix_to_file will be deprecated in the future.
	 #2 (1.3410e-02, 2.4098e-02): lin 1 (0.0e+00)
Composition correction applied in 12 block(s)
csr_matrix_base::write_matrix_to_file will be deprecated in the future.
	 #3 (1.3363e-02, 1.1234e-10): lin 1 (0.0e+00)
Composition correction applied in 12 block(s)
csr_matrix_base::write_matrix_to_file will be deprecated in the future.
	 #4 (1.3363e-02, 1.1233e-10): lin 1 (0.0e+00)
Composition correction applied in 12 block(s)
csr_matrix_base::write_matrix_to_file will be deprecated in the future.
	 #5 (1.3363e-02, 1.1233e-10): lin 1 (0.0e+00)
Composition correction applied in 12 block(s)
csr_matrix_base::write_matrix_to_file will be deprecated in the future.
FAILED TO CONVERGE WITH DT = 0.002 (newton residual reservoir) 
csr_matrix_base::write_matrix_to_file will be deprecated in the future.
csr_matrix_base::write_matrix_to_file will be deprecated in the future.
	 #1 (7.8722e-05, 2.7235e-04): lin 1 (0.0e+00)
Composition correction applied in 7 block(s)
csr_matrix_base::write_matrix_to_file will be deprecated in the future.
csr_matrix_base::write_matrix_to_file will be deprecated in the future.
-------------------------------------------------------------------------------------------------------------
 T = 1.71, DT = 0.001, NI = 1, LI = 1, RES = 1.5e-09 (1.3e-07), CFL=0.161 (ELAPSED 00:00:09 )
-------------------------------------------------------------------------------------------------------------
csr_matrix_base::write_matrix_to_file will be deprecated in the future.
	 #1 (2.9826e-02, 2.4124e-01): lin 1 (0.0e+00)
Composition correction applied in 12 block(s)
csr_matrix_base::write_matrix_to_file will be deprecated in the future.
-------------------------------------------------------------------------------------------------------------
 T = 1.71, DT = 0.001, NI = 1, LI = 1, RES = 6.5e-03 (4.4e-03), CFL=0.157 (ELAPSED 00:00:21 )
-------------------------------------------------------------------------------------------------------------
csr_matrix_base::write_matrix_to_file will be deprecated in the future.
csr_matrix_base::write_matrix_to_file will be deprecated in the future.
	 #1 (5.3899e-04, 1.9397e-01): lin 1 (0.0e+00)
Composition correction applied in 5 block(s)
csr_matrix_base::write_matrix_to_file will be deprecated in the future.
csr_matrix_base::write_matrix_to_file will be deprecated in the future.
-------------------------------------------------------------------------------------------------------------
 T = 1.712, DT = 0.002, NI = 1, LI = 1, RES = 2.3e-09 (3.7e-07), CFL=0.322 (ELAPSED 00:00:09 )
-------------------------------------------------------------------------------------------------------------
csr_matrix_base::write_matrix_to_file will be deprecated in the future.
	 #1 (5.6962e-02, 5.9675e-01): lin 1 (0.0e+00)
Composition correction applied in 12 block(s)
csr_matrix_base::write_matrix_to_file will be deprecated in the future.
	 #2 (1.3727e-02, 1.8004e-02): lin 1 (0.0e+00)
Composition correction applied in 12 block(s)
csr_matrix_base::write_matrix_to_file will be deprecated in the future.
	 #3 (1.3693e-02, 6.7654e-11): lin 1 (0.0e+00)
Composition correction applied in 12 block(s)
csr_matrix_base::write_matrix_to_file will be deprecated in the future.
	 #4 (1.3693e-02, 6.7651e-11): lin 1 (0.0e+00)
Composition correction applied in 12 block(s)
csr_matrix_base::write_matrix_to_file will be deprecated in the future.
	 #5 (1.3693e-02, 6.7651e-11): lin 1 (0.0e+00)
Composition correction applied in 12 block(s)
csr_matrix_base::write_matrix_to_file will be deprecated in the future.
FAILED TO CONVERGE WITH DT = 0.002 (newton residual reservoir) 
csr_matrix_base::write_matrix_to_file will be deprecated in the future.
csr_matrix_base::write_matrix_to_file will be deprecated in the future.
	 #1 (7.8115e-05, 1.5071e-04): lin 1 (0.0e+00)
Composition correction applied in 4 block(s)
csr_matrix_base::write_matrix_to_file will be deprecated in the future.
csr_matrix_base::write_matrix_to_file will be deprecated in the future.
-------------------------------------------------------------------------------------------------------------
 T = 1.711, DT = 0.001, NI = 1, LI = 1, RES = 2.1e-09 (1.3e-07), CFL=0.161 (ELAPSED 00:00:09 )
-------------------------------------------------------------------------------------------------------------
csr_matrix_base::write_matrix_to_file will be deprecated in the future.
	 #1 (2.8441e-02, 2.9848e-01): lin 1 (0.0e+00)
Composition correction applied in 12 block(s)
csr_matrix_base::write_matrix_to_file will be deprecated in the future.
-------------------------------------------------------------------------------------------------------------
 T = 1.711, DT = 0.001, NI = 1, LI = 1, RES = 6.7e-03 (3.9e-03), CFL=0.157 (ELAPSED 00:00:21 )
-------------------------------------------------------------------------------------------------------------
csr_matrix_base::write_matrix_to_file will be deprecated in the future.
csr_matrix_base::write_matrix_to_file will be deprecated in the future.
	 #1 (5.4143e-04, 1.2421e-01): lin 1 (0.0e+00)
Composition correction applied in 7 block(s)
csr_matrix_base::write_matrix_to_file will be deprecated in the future.
csr_matrix_base::write_matrix_to_file will be deprecated in the future.
-------------------------------------------------------------------------------------------------------------
 T = 1.713, DT = 0.002, NI = 1, LI = 1, RES = 2.5e-09 (3.8e-07), CFL=0.322 (ELAPSED 00:00:09 )
-------------------------------------------------------------------------------------------------------------
csr_matrix_base::write_matrix_to_file will be deprecated in the future.
	 #1 (5.4265e-02, 8.5324e-02): lin 1 (0.0e+00)
Composition correction applied in 12 block(s)
csr_matrix_base::write_matrix_to_file will be deprecated in the future.
	 #2 (1.4084e-02, 9.5476e-03): lin 1 (0.0e+00)
Composition correction applied in 12 block(s)
csr_matrix_base::write_matrix_to_file will be deprecated in the future.
	 #3 (1.4031e-02, 2.4442e-13): lin 1 (0.0e+00)
Composition correction applied in 12 block(s)
csr_matrix_base::write_matrix_to_file will be deprecated in the future.
	 #4 (1.4031e-02, 8.9396e-15): lin 1 (0.0e+00)
Composition correction applied in 12 block(s)
csr_matrix_base::write_matrix_to_file will be deprecated in the future.
	 #5 (1.4031e-02, 4.8905e-15): lin 1 (0.0e+00)
Composition correction applied in 12 block(s)
csr_matrix_base::write_matrix_to_file will be deprecated in the future.
FAILED TO CONVERGE WITH DT = 0.002 (newton residual reservoir) 
csr_matrix_base::write_matrix_to_file will be deprecated in the future.
csr_matrix_base::write_matrix_to_file will be deprecated in the future.
	 #1 (7.8530e-05, 1.1982e-04): lin 1 (0.0e+00)
Composition correction applied in 5 block(s)
csr_matrix_base::write_matrix_to_file will be deprecated in the future.
csr_matrix_base::write_matrix_to_file will be deprecated in the future.
-------------------------------------------------------------------------------------------------------------
 T = 1.712, DT = 0.001, NI = 1, LI = 1, RES = 2.1e-09 (1.4e-07), CFL=0.161 (ELAPSED 00:00:09 )
-------------------------------------------------------------------------------------------------------------
csr_matrix_base::write_matrix_to_file will be deprecated in the future.
	 #1 (2.7092e-02, 4.2882e-02): lin 1 (0.0e+00)
Composition correction applied in 12 block(s)
csr_matrix_base::write_matrix_to_file will be deprecated in the future.
-------------------------------------------------------------------------------------------------------------
 T = 1.712, DT = 0.001, NI = 1, LI = 1, RES = 6.8e-03 (1.9e-03), CFL=0.157 (ELAPSED 00:00:21 )
-------------------------------------------------------------------------------------------------------------
csr_matrix_base::write_matrix_to_file will be deprecated in the future.
csr_matrix_base::write_matrix_to_file will be deprecated in the future.
	 #1 (5.3413e-04, 7.9157e-02): lin 1 (0.0e+00)
Composition correction applied in 8 block(s)
csr_matrix_base::write_matrix_to_file will be deprecated in the future.
csr_matrix_base::write_matrix_to_file will be deprecated in the future.
-------------------------------------------------------------------------------------------------------------
 T = 1.714, DT = 0.002, NI = 1, LI = 1, RES = 2.4e-09 (3.7e-07), CFL=0.323 (ELAPSED 00:00:09 )
-------------------------------------------------------------------------------------------------------------
csr_matrix_base::write_matrix_to_file will be deprecated in the future.
	 #1 (5.1652e-02, 3.2034e-01): lin 1 (0.0e+00)
Composition correction applied in 12 block(s)
csr_matrix_base::write_matrix_to_file will be deprecated in the future.
	 #2 (1.4424e-02, 6.0418e-03): lin 1 (0.0e+00)
Composition correction applied in 12 block(s)
csr_matrix_base::write_matrix_to_file will be deprecated in the future.
	 #3 (1.4374e-02, 5.2748e-14): lin 1 (0.0e+00)
Composition correction applied in 12 block(s)
csr_matrix_base::write_matrix_to_file will be deprecated in the future.
	 #4 (1.4374e-02, 1.8866e-14): lin 1 (0.0e+00)
Composition correction applied in 12 block(s)
csr_matrix_base::write_matrix_to_file will be deprecated in the future.
	 #5 (1.4374e-02, 1.8866e-14): lin 1 (0.0e+00)
Composition correction applied in 12 block(s)
csr_matrix_base::write_matrix_to_file will be deprecated in the future.
FAILED TO CONVERGE WITH DT = 0.002 (newton residual reservoir) 
csr_matrix_base::write_matrix_to_file will be deprecated in the future.
csr_matrix_base::write_matrix_to_file will be deprecated in the future.
	 #1 (7.7826e-05, 5.2603e-05): lin 1 (0.0e+00)
Composition correction applied in 8 block(s)
csr_matrix_base::write_matrix_to_file will be deprecated in the future.
csr_matrix_base::write_matrix_to_file will be deprecated in the future.
-------------------------------------------------------------------------------------------------------------
 T = 1.713, DT = 0.001, NI = 1, LI = 1, RES = 2.1e-09 (1.4e-07), CFL=0.161 (ELAPSED 00:00:09 )
-------------------------------------------------------------------------------------------------------------
csr_matrix_base::write_matrix_to_file will be deprecated in the future.
	 #1 (2.5787e-02, 1.6016e-01): lin 1 (0.0e+00)
Composition correction applied in 12 block(s)
csr_matrix_base::write_matrix_to_file will be deprecated in the future.
-------------------------------------------------------------------------------------------------------------
 T = 1.713, DT = 0.001, NI = 1, LI = 1, RES = 7.0e-03 (1.3e-03), CFL=0.157 (ELAPSED 00:00:21 )
-------------------------------------------------------------------------------------------------------------
csr_matrix_base::write_matrix_to_file will be deprecated in the future.
csr_matrix_base::write_matrix_to_file will be deprecated in the future.
	 #1 (5.3688e-04, 5.0389e-02): lin 1 (0.0e+00)
Composition correction applied in 9 block(s)
csr_matrix_base::write_matrix_to_file will be deprecated in the future.
csr_matrix_base::write_matrix_to_file will be deprecated in the future.
-------------------------------------------------------------------------------------------------------------
 T = 1.715, DT = 0.002, NI = 1, LI = 1, RES = 2.5e-09 (3.7e-07), CFL=0.323 (ELAPSED 00:00:09 )
-------------------------------------------------------------------------------------------------------------
csr_matrix_base::write_matrix_to_file will be deprecated in the future.
	 #1 (4.9140e-02, 5.3518e-02): lin 1 (0.0e+00)
Composition correction applied in 12 block(s)
csr_matrix_base::write_matrix_to_file will be deprecated in the future.
	 #2 (1.4752e-02, 3.9413e-03): lin 1 (0.0e+00)
Composition correction applied in 12 block(s)
csr_matrix_base::write_matrix_to_file will be deprecated in the future.
	 #3 (1.4727e-02, 4.8134e-08): lin 1 (0.0e+00)
Composition correction applied in 12 block(s)
csr_matrix_base::write_matrix_to_file will be deprecated in the future.
	 #4 (1.4727e-02, 4.3896e-15): lin 1 (0.0e+00)
Composition correction applied in 12 block(s)
csr_matrix_base::write_matrix_to_file will be deprecated in the future.
	 #5 (1.4727e-02, 5.5957e-15): lin 1 (0.0e+00)
Composition correction applied in 12 block(s)
csr_matrix_base::write_matrix_to_file will be deprecated in the future.
FAILED TO CONVERGE WITH DT = 0.002 (newton residual reservoir) 
csr_matrix_base::write_matrix_to_file will be deprecated in the future.
csr_matrix_base::write_matrix_to_file will be deprecated in the future.
	 #1 (7.8133e-05, 5.7476e-05): lin 1 (0.0e+00)
Composition correction applied in 10 block(s)
csr_matrix_base::write_matrix_to_file will be deprecated in the future.
csr_matrix_base::write_matrix_to_file will be deprecated in the future.
-------------------------------------------------------------------------------------------------------------
 T = 1.714, DT = 0.001, NI = 1, LI = 1, RES = 2.1e-09 (1.4e-07), CFL=0.162 (ELAPSED 00:00:09 )
-------------------------------------------------------------------------------------------------------------
csr_matrix_base::write_matrix_to_file will be deprecated in the future.
	 #1 (2.4531e-02, 2.6625e-02): lin 1 (0.0e+00)
Composition correction applied in 12 block(s)
csr_matrix_base::write_matrix_to_file will be deprecated in the future.
-------------------------------------------------------------------------------------------------------------
 T = 1.714, DT = 0.001, NI = 1, LI = 1, RES = 7.2e-03 (7.3e-04), CFL=0.157 (ELAPSED 00:00:21 )
-------------------------------------------------------------------------------------------------------------
csr_matrix_base::write_matrix_to_file will be deprecated in the future.
csr_matrix_base::write_matrix_to_file will be deprecated in the future.
	 #1 (5.3655e-04, 3.2171e-02): lin 1 (0.0e+00)
Composition correction applied in 5 block(s)
csr_matrix_base::write_matrix_to_file will be deprecated in the future.
csr_matrix_base::write_matrix_to_file will be deprecated in the future.
-------------------------------------------------------------------------------------------------------------
 T = 1.716, DT = 0.002, NI = 1, LI = 1, RES = 2.6e-09 (3.8e-07), CFL=0.324 (ELAPSED 00:00:09 )
-------------------------------------------------------------------------------------------------------------
csr_matrix_base::write_matrix_to_file will be deprecated in the future.
	 #1 (4.6738e-02, 2.0284e-01): lin 1 (0.0e+00)
Composition correction applied in 12 block(s)
csr_matrix_base::write_matrix_to_file will be deprecated in the future.
	 #2 (1.5127e-02, 1.0676e-03): lin 1 (0.0e+00)
Composition correction applied in 12 block(s)
csr_matrix_base::write_matrix_to_file will be deprecated in the future.
	 #3 (1.5091e-02, 2.4443e-08): lin 1 (0.0e+00)
Composition correction applied in 12 block(s)
csr_matrix_base::write_matrix_to_file will be deprecated in the future.
	 #4 (1.5091e-02, 4.0557e-15): lin 1 (0.0e+00)
Composition correction applied in 12 block(s)
csr_matrix_base::write_matrix_to_file will be deprecated in the future.
	 #5 (1.5091e-02, 7.0344e-15): lin 1 (0.0e+00)
Composition correction applied in 12 block(s)
csr_matrix_base::write_matrix_to_file will be deprecated in the future.
FAILED TO CONVERGE WITH DT = 0.002 (newton residual reservoir) 
csr_matrix_base::write_matrix_to_file will be deprecated in the future.
csr_matrix_base::write_matrix_to_file will be deprecated in the future.
	 #1 (7.8425e-05, 1.2485e-05): lin 1 (0.0e+00)
Composition correction applied in 4 block(s)
csr_matrix_base::write_matrix_to_file will be deprecated in the future.
csr_matrix_base::write_matrix_to_file will be deprecated in the future.
-------------------------------------------------------------------------------------------------------------
 T = 1.715, DT = 0.001, NI = 1, LI = 1, RES = 2.1e-09 (1.4e-07), CFL=0.162 (ELAPSED 00:00:09 )
-------------------------------------------------------------------------------------------------------------
csr_matrix_base::write_matrix_to_file will be deprecated in the future.
	 #1 (2.3330e-02, 1.0137e-01): lin 1 (0.0e+00)
Composition correction applied in 12 block(s)
csr_matrix_base::write_matrix_to_file will be deprecated in the future.
-------------------------------------------------------------------------------------------------------------
 T = 1.715, DT = 0.001, NI = 1, LI = 1, RES = 7.4e-03 (2.6e-04), CFL=0.157 (ELAPSED 00:00:21 )
-------------------------------------------------------------------------------------------------------------
csr_matrix_base::write_matrix_to_file will be deprecated in the future.
csr_matrix_base::write_matrix_to_file will be deprecated in the future.
	 #1 (5.2932e-04, 2.0457e-02): lin 1 (0.0e+00)
Composition correction applied in 6 block(s)
csr_matrix_base::write_matrix_to_file will be deprecated in the future.
csr_matrix_base::write_matrix_to_file will be deprecated in the future.
-------------------------------------------------------------------------------------------------------------
 T = 1.717, DT = 0.002, NI = 1, LI = 1, RES = 2.5e-09 (3.7e-07), CFL=0.324 (ELAPSED 00:00:09 )
-------------------------------------------------------------------------------------------------------------
csr_matrix_base::write_matrix_to_file will be deprecated in the future.
	 #1 (4.4455e-02, 9.5724e-02): lin 1 (0.0e+00)
Composition correction applied in 12 block(s)
csr_matrix_base::write_matrix_to_file will be deprecated in the future.
	 #2 (1.5489e-02, 1.5254e-03): lin 1 (0.0e+00)
Composition correction applied in 12 block(s)
csr_matrix_base::write_matrix_to_file will be deprecated in the future.
	 #3 (1.5462e-02, 3.5602e-11): lin 1 (0.0e+00)
Composition correction applied in 12 block(s)
csr_matrix_base::write_matrix_to_file will be deprecated in the future.
	 #4 (1.5462e-02, 3.5602e-11): lin 1 (0.0e+00)
Composition correction applied in 12 block(s)
csr_matrix_base::write_matrix_to_file will be deprecated in the future.
	 #5 (1.5462e-02, 3.5602e-11): lin 1 (0.0e+00)
Composition correction applied in 12 block(s)
csr_matrix_base::write_matrix_to_file will be deprecated in the future.
FAILED TO CONVERGE WITH DT = 0.002 (newton residual reservoir) 
csr_matrix_base::write_matrix_to_file will be deprecated in the future.
csr_matrix_base::write_matrix_to_file will be deprecated in the future.
	 #1 (7.7734e-05, 3.2162e-05): lin 1 (0.0e+00)
Composition correction applied in 5 block(s)
csr_matrix_base::write_matrix_to_file will be deprecated in the future.
csr_matrix_base::write_matrix_to_file will be deprecated in the future.
-------------------------------------------------------------------------------------------------------------
 T = 1.716, DT = 0.001, NI = 1, LI = 1, RES = 2.1e-09 (1.4e-07), CFL=0.162 (ELAPSED 00:00:09 )
-------------------------------------------------------------------------------------------------------------
csr_matrix_base::write_matrix_to_file will be deprecated in the future.
	 #1 (2.2189e-02, 4.7767e-02): lin 1 (0.0e+00)
Composition correction applied in 12 block(s)
csr_matrix_base::write_matrix_to_file will be deprecated in the future.
-------------------------------------------------------------------------------------------------------------
 T = 1.716, DT = 0.001, NI = 1, LI = 1, RES = 7.6e-03 (3.0e-04), CFL=0.157 (ELAPSED 00:00:21 )
-------------------------------------------------------------------------------------------------------------
csr_matrix_base::write_matrix_to_file will be deprecated in the future.
csr_matrix_base::write_matrix_to_file will be deprecated in the future.
	 #1 (5.3044e-04, 1.4396e-02): lin 1 (0.0e+00)
Composition correction applied in 6 block(s)
csr_matrix_base::write_matrix_to_file will be deprecated in the future.
csr_matrix_base::write_matrix_to_file will be deprecated in the future.
-------------------------------------------------------------------------------------------------------------
 T = 1.718, DT = 0.002, NI = 1, LI = 1, RES = 2.6e-09 (3.7e-07), CFL=0.324 (ELAPSED 00:00:09 )
-------------------------------------------------------------------------------------------------------------
csr_matrix_base::write_matrix_to_file will be deprecated in the future.
	 #1 (4.2302e-02, 1.5023e-01): lin 1 (0.0e+00)
Composition correction applied in 12 block(s)
csr_matrix_base::write_matrix_to_file will be deprecated in the future.
	 #2 (1.5876e-02, 6.1682e-04): lin 1 (0.0e+00)
Composition correction applied in 12 block(s)
csr_matrix_base::write_matrix_to_file will be deprecated in the future.
	 #3 (1.5844e-02, 2.0392e-13): lin 1 (0.0e+00)
Composition correction applied in 12 block(s)
csr_matrix_base::write_matrix_to_file will be deprecated in the future.
	 #4 (1.5844e-02, 8.1787e-15): lin 1 (0.0e+00)
Composition correction applied in 12 block(s)
csr_matrix_base::write_matrix_to_file will be deprecated in the future.
	 #5 (1.5844e-02, 1.7818e-14): lin 1 (0.0e+00)
Composition correction applied in 12 block(s)
csr_matrix_base::write_matrix_to_file will be deprecated in the future.
FAILED TO CONVERGE WITH DT = 0.002 (newton residual reservoir) 
csr_matrix_base::write_matrix_to_file will be deprecated in the future.
csr_matrix_base::write_matrix_to_file will be deprecated in the future.
	 #1 (7.7986e-05, 2.9542e-06): lin 1 (0.0e+00)
Composition correction applied in 5 block(s)
csr_matrix_base::write_matrix_to_file will be deprecated in the future.
csr_matrix_base::write_matrix_to_file will be deprecated in the future.
-------------------------------------------------------------------------------------------------------------
 T = 1.717, DT = 0.001, NI = 1, LI = 1, RES = 2.1e-09 (1.4e-07), CFL=0.162 (ELAPSED 00:00:09 )
-------------------------------------------------------------------------------------------------------------
csr_matrix_base::write_matrix_to_file will be deprecated in the future.
	 #1 (2.1113e-02, 7.5053e-02): lin 1 (0.0e+00)
Composition correction applied in 12 block(s)
csr_matrix_base::write_matrix_to_file will be deprecated in the future.
-------------------------------------------------------------------------------------------------------------
 T = 1.717, DT = 0.001, NI = 1, LI = 1, RES = 7.7e-03 (1.4e-04), CFL=0.158 (ELAPSED 00:00:21 )
-------------------------------------------------------------------------------------------------------------
csr_matrix_base::write_matrix_to_file will be deprecated in the future.
csr_matrix_base::write_matrix_to_file will be deprecated in the future.
	 #1 (5.3109e-04, 8.2788e-03): lin 1 (0.0e+00)
Composition correction applied in 6 block(s)
csr_matrix_base::write_matrix_to_file will be deprecated in the future.
csr_matrix_base::write_matrix_to_file will be deprecated in the future.
-------------------------------------------------------------------------------------------------------------
 T = 1.719, DT = 0.002, NI = 1, LI = 1, RES = 2.7e-09 (3.7e-07), CFL=0.325 (ELAPSED 00:00:09 )
-------------------------------------------------------------------------------------------------------------
csr_matrix_base::write_matrix_to_file will be deprecated in the future.
	 #1 (4.0284e-02, 1.0187e-01): lin 1 (0.0e+00)
Composition correction applied in 12 block(s)
csr_matrix_base::write_matrix_to_file will be deprecated in the future.
	 #2 (1.6275e-02, 6.4286e-04): lin 1 (0.0e+00)
Composition correction applied in 12 block(s)
csr_matrix_base::write_matrix_to_file will be deprecated in the future.
	 #3 (1.6239e-02, 5.5120e-11): lin 1 (0.0e+00)
Composition correction applied in 12 block(s)
csr_matrix_base::write_matrix_to_file will be deprecated in the future.
	 #4 (1.6239e-02, 5.5120e-11): lin 1 (0.0e+00)
Composition correction applied in 12 block(s)
csr_matrix_base::write_matrix_to_file will be deprecated in the future.
	 #5 (1.6239e-02, 5.5120e-11): lin 1 (0.0e+00)
Composition correction applied in 12 block(s)
csr_matrix_base::write_matrix_to_file will be deprecated in the future.
FAILED TO CONVERGE WITH DT = 0.002 (newton residual reservoir) 
csr_matrix_base::write_matrix_to_file will be deprecated in the future.
csr_matrix_base::write_matrix_to_file will be deprecated in the future.
	 #1 (7.8170e-05, 2.2279e-05): lin 1 (0.0e+00)
Composition correction applied in 5 block(s)
csr_matrix_base::write_matrix_to_file will be deprecated in the future.
csr_matrix_base::write_matrix_to_file will be deprecated in the future.
-------------------------------------------------------------------------------------------------------------
 T = 1.718, DT = 0.001, NI = 1, LI = 1, RES = 2.1e-09 (1.4e-07), CFL=0.162 (ELAPSED 00:00:09 )
-------------------------------------------------------------------------------------------------------------
csr_matrix_base::write_matrix_to_file will be deprecated in the future.
	 #1 (2.0104e-02, 5.0856e-02): lin 1 (0.0e+00)
Composition correction applied in 12 block(s)
csr_matrix_base::write_matrix_to_file will be deprecated in the future.
-------------------------------------------------------------------------------------------------------------
 T = 1.718, DT = 0.001, NI = 1, LI = 1, RES = 8.0e-03 (1.2e-04), CFL=0.158 (ELAPSED 00:00:21 )
-------------------------------------------------------------------------------------------------------------
csr_matrix_base::write_matrix_to_file will be deprecated in the future.
csr_matrix_base::write_matrix_to_file will be deprecated in the future.
	 #1 (5.3148e-04, 6.1085e-03): lin 1 (0.0e+00)
Composition correction applied in 10 block(s)
csr_matrix_base::write_matrix_to_file will be deprecated in the future.
csr_matrix_base::write_matrix_to_file will be deprecated in the future.
-------------------------------------------------------------------------------------------------------------
 T = 1.72, DT = 0.002, NI = 1, LI = 1, RES = 2.7e-09 (3.6e-07), CFL=0.325 (ELAPSED 00:00:09 )
-------------------------------------------------------------------------------------------------------------
csr_matrix_base::write_matrix_to_file will be deprecated in the future.
	 #1 (3.8408e-02, 1.1881e-01): lin 1 (0.0e+00)
Composition correction applied in 12 block(s)
csr_matrix_base::write_matrix_to_file will be deprecated in the future.
	 #2 (1.6671e-02, 1.1601e-04): lin 1 (0.0e+00)
Composition correction applied in 12 block(s)
csr_matrix_base::write_matrix_to_file will be deprecated in the future.
	 #3 (1.6647e-02, 6.0335e-11): lin 1 (0.0e+00)
Composition correction applied in 12 block(s)
csr_matrix_base::write_matrix_to_file will be deprecated in the future.
	 #4 (1.6647e-02, 6.0335e-11): lin 1 (0.0e+00)
Composition correction applied in 12 block(s)
csr_matrix_base::write_matrix_to_file will be deprecated in the future.
	 #5 (1.6647e-02, 6.0335e-11): lin 1 (0.0e+00)
Composition correction applied in 12 block(s)
csr_matrix_base::write_matrix_to_file will be deprecated in the future.
FAILED TO CONVERGE WITH DT = 0.002 (newton residual reservoir) 
csr_matrix_base::write_matrix_to_file will be deprecated in the future.
csr_matrix_base::write_matrix_to_file will be deprecated in the future.
	 #1 (7.8197e-05, 1.0171e-05): lin 1 (0.0e+00)
Composition correction applied in 9 block(s)
csr_matrix_base::write_matrix_to_file will be deprecated in the future.
csr_matrix_base::write_matrix_to_file will be deprecated in the future.
-------------------------------------------------------------------------------------------------------------
 T = 1.719, DT = 0.001, NI = 1, LI = 1, RES = 2.1e-09 (1.4e-07), CFL=0.163 (ELAPSED 00:00:09 )
-------------------------------------------------------------------------------------------------------------
csr_matrix_base::write_matrix_to_file will be deprecated in the future.
	 #1 (1.9167e-02, 5.9346e-02): lin 1 (0.0e+00)
Composition correction applied in 12 block(s)
csr_matrix_base::write_matrix_to_file will be deprecated in the future.
-------------------------------------------------------------------------------------------------------------
 T = 1.719, DT = 0.001, NI = 1, LI = 1, RES = 8.2e-03 (3.5e-05), CFL=0.158 (ELAPSED 00:00:21 )
-------------------------------------------------------------------------------------------------------------
csr_matrix_base::write_matrix_to_file will be deprecated in the future.
csr_matrix_base::write_matrix_to_file will be deprecated in the future.
	 #1 (5.2253e-04, 3.0028e-03): lin 1 (0.0e+00)
Composition correction applied in 7 block(s)
csr_matrix_base::write_matrix_to_file will be deprecated in the future.
csr_matrix_base::write_matrix_to_file will be deprecated in the future.
-------------------------------------------------------------------------------------------------------------
 T = 1.721, DT = 0.002, NI = 1, LI = 1, RES = 2.7e-09 (3.6e-07), CFL=0.326 (ELAPSED 00:00:09 )
-------------------------------------------------------------------------------------------------------------
csr_matrix_base::write_matrix_to_file will be deprecated in the future.
	 #1 (3.6677e-02, 9.6167e-02): lin 1 (0.0e+00)
Composition correction applied in 13 block(s)
csr_matrix_base::write_matrix_to_file will be deprecated in the future.
	 #2 (1.7041e-02, 3.1597e-04): lin 1 (0.0e+00)
Composition correction applied in 13 block(s)
csr_matrix_base::write_matrix_to_file will be deprecated in the future.
	 #3 (1.7021e-02, 3.1321e-11): lin 1 (0.0e+00)
Composition correction applied in 13 block(s)
csr_matrix_base::write_matrix_to_file will be deprecated in the future.
	 #4 (1.7021e-02, 3.1321e-11): lin 1 (0.0e+00)
Composition correction applied in 13 block(s)
csr_matrix_base::write_matrix_to_file will be deprecated in the future.
	 #5 (1.7021e-02, 3.1321e-11): lin 1 (0.0e+00)
Composition correction applied in 13 block(s)
csr_matrix_base::write_matrix_to_file will be deprecated in the future.
FAILED TO CONVERGE WITH DT = 0.002 (newton residual reservoir) 
csr_matrix_base::write_matrix_to_file will be deprecated in the future.
csr_matrix_base::write_matrix_to_file will be deprecated in the future.
	 #1 (7.7498e-05, 1.7992e-05): lin 1 (0.0e+00)
Composition correction applied in 7 block(s)
csr_matrix_base::write_matrix_to_file will be deprecated in the future.
csr_matrix_base::write_matrix_to_file will be deprecated in the future.
-------------------------------------------------------------------------------------------------------------
 T = 1.72, DT = 0.001, NI = 1, LI = 1, RES = 2.1e-09 (1.4e-07), CFL=0.163 (ELAPSED 00:00:09 )
-------------------------------------------------------------------------------------------------------------
csr_matrix_base::write_matrix_to_file will be deprecated in the future.
	 #1 (1.8301e-02, 4.8019e-02): lin 1 (0.0e+00)
Composition correction applied in 12 block(s)
csr_matrix_base::write_matrix_to_file will be deprecated in the future.
-------------------------------------------------------------------------------------------------------------
 T = 1.72, DT = 0.001, NI = 1, LI = 1, RES = 8.4e-03 (5.5e-05), CFL=0.158 (ELAPSED 00:00:21 )
-------------------------------------------------------------------------------------------------------------
csr_matrix_base::write_matrix_to_file will be deprecated in the future.
csr_matrix_base::write_matrix_to_file will be deprecated in the future.
	 #1 (5.2249e-04, 2.7677e-03): lin 1 (0.0e+00)
Composition correction applied in 8 block(s)
csr_matrix_base::write_matrix_to_file will be deprecated in the future.
csr_matrix_base::write_matrix_to_file will be deprecated in the future.
-------------------------------------------------------------------------------------------------------------
 T = 1.722, DT = 0.002, NI = 1, LI = 1, RES = 2.7e-09 (3.6e-07), CFL=0.326 (ELAPSED 00:00:09 )
-------------------------------------------------------------------------------------------------------------
csr_matrix_base::write_matrix_to_file will be deprecated in the future.
	 #1 (3.5094e-02, 9.8650e-02): lin 1 (0.0e+00)
Composition correction applied in 13 block(s)
csr_matrix_base::write_matrix_to_file will be deprecated in the future.
	 #2 (1.7459e-02, 4.6051e-05): lin 1 (0.0e+00)
Composition correction applied in 13 block(s)
csr_matrix_base::write_matrix_to_file will be deprecated in the future.
	 #3 (1.7444e-02, 1.4157e-14): lin 1 (0.0e+00)
Composition correction applied in 13 block(s)
csr_matrix_base::write_matrix_to_file will be deprecated in the future.
	 #4 (1.7444e-02, 6.8763e-15): lin 1 (0.0e+00)
Composition correction applied in 13 block(s)
csr_matrix_base::write_matrix_to_file will be deprecated in the future.
FAILED TO CONVERGE WITH DT = 0.002 (newton residual reservoir) 
csr_matrix_base::write_matrix_to_file will be deprecated in the future.
csr_matrix_base::write_matrix_to_file will be deprecated in the future.
	 #1 (7.7593e-05, 1.3193e-05): lin 1 (0.0e+00)
Composition correction applied in 7 block(s)
csr_matrix_base::write_matrix_to_file will be deprecated in the future.
csr_matrix_base::write_matrix_to_file will be deprecated in the future.
-------------------------------------------------------------------------------------------------------------
 T = 1.721, DT = 0.001, NI = 1, LI = 1, RES = 2.1e-09 (1.4e-07), CFL=0.163 (ELAPSED 00:00:09 )
-------------------------------------------------------------------------------------------------------------
csr_matrix_base::write_matrix_to_file will be deprecated in the future.
	 #1 (1.7510e-02, 4.9269e-02): lin 1 (0.0e+00)
Composition correction applied in 13 block(s)
csr_matrix_base::write_matrix_to_file will be deprecated in the future.
-------------------------------------------------------------------------------------------------------------
 T = 1.721, DT = 0.001, NI = 1, LI = 1, RES = 8.6e-03 (1.8e-07), CFL=0.158 (ELAPSED 00:00:21 )
-------------------------------------------------------------------------------------------------------------
csr_matrix_base::write_matrix_to_file will be deprecated in the future.
csr_matrix_base::write_matrix_to_file will be deprecated in the future.
	 #1 (5.2212e-04, 8.7427e-04): lin 1 (0.0e+00)
Composition correction applied in 8 block(s)
csr_matrix_base::write_matrix_to_file will be deprecated in the future.
csr_matrix_base::write_matrix_to_file will be deprecated in the future.
-------------------------------------------------------------------------------------------------------------
 T = 1.723, DT = 0.002, NI = 1, LI = 1, RES = 2.8e-09 (3.6e-07), CFL=0.327 (ELAPSED 00:00:09 )
-------------------------------------------------------------------------------------------------------------
csr_matrix_base::write_matrix_to_file will be deprecated in the future.
	 #1 (3.3658e-02, 8.6280e-02): lin 1 (0.0e+00)
Composition correction applied in 13 block(s)
csr_matrix_base::write_matrix_to_file will be deprecated in the future.
	 #2 (1.7950e-02, 1.8954e-04): lin 1 (0.0e+00)
Composition correction applied in 13 block(s)
csr_matrix_base::write_matrix_to_file will be deprecated in the future.
	 #3 (1.7929e-02, 8.7282e-11): lin 1 (0.0e+00)
Composition correction applied in 13 block(s)
csr_matrix_base::write_matrix_to_file will be deprecated in the future.
	 #4 (1.7929e-02, 8.7282e-11): lin 1 (0.0e+00)
Composition correction applied in 13 block(s)
csr_matrix_base::write_matrix_to_file will be deprecated in the future.
	 #5 (1.7929e-02, 8.7282e-11): lin 1 (0.0e+00)
Composition correction applied in 13 block(s)
csr_matrix_base::write_matrix_to_file will be deprecated in the future.
FAILED TO CONVERGE WITH DT = 0.002 (newton residual reservoir) 
csr_matrix_base::write_matrix_to_file will be deprecated in the future.
csr_matrix_base::write_matrix_to_file will be deprecated in the future.
	 #1 (7.7652e-05, 1.6377e-05): lin 1 (0.0e+00)
Composition correction applied in 8 block(s)
csr_matrix_base::write_matrix_to_file will be deprecated in the future.
csr_matrix_base::write_matrix_to_file will be deprecated in the future.
-------------------------------------------------------------------------------------------------------------
 T = 1.722, DT = 0.001, NI = 1, LI = 1, RES = 2.1e-09 (1.4e-07), CFL=0.163 (ELAPSED 00:00:09 )
-------------------------------------------------------------------------------------------------------------
csr_matrix_base::write_matrix_to_file will be deprecated in the future.
	 #1 (1.6792e-02, 4.3083e-02): lin 1 (0.0e+00)
Composition correction applied in 13 block(s)
csr_matrix_base::write_matrix_to_file will be deprecated in the future.
-------------------------------------------------------------------------------------------------------------
 T = 1.722, DT = 0.001, NI = 1, LI = 1, RES = 8.8e-03 (3.0e-05), CFL=0.158 (ELAPSED 00:00:21 )
-------------------------------------------------------------------------------------------------------------
csr_matrix_base::write_matrix_to_file will be deprecated in the future.
csr_matrix_base::write_matrix_to_file will be deprecated in the future.
	 #1 (5.2144e-04, 1.4300e-03): lin 1 (0.0e+00)
Composition correction applied in 5 block(s)
csr_matrix_base::write_matrix_to_file will be deprecated in the future.
csr_matrix_base::write_matrix_to_file will be deprecated in the future.
-------------------------------------------------------------------------------------------------------------
 T = 1.724, DT = 0.002, NI = 1, LI = 1, RES = 2.8e-09 (3.6e-07), CFL=0.327 (ELAPSED 00:00:09 )
-------------------------------------------------------------------------------------------------------------
csr_matrix_base::write_matrix_to_file will be deprecated in the future.
	 #1 (3.2327e-02, 8.3695e-02): lin 1 (0.0e+00)
Composition correction applied in 13 block(s)
csr_matrix_base::write_matrix_to_file will be deprecated in the future.
	 #2 (1.8408e-02, 9.0786e-05): lin 1 (0.0e+00)
Composition correction applied in 13 block(s)
csr_matrix_base::write_matrix_to_file will be deprecated in the future.
	 #3 (1.8380e-02, 1.3456e-14): lin 1 (0.0e+00)
Composition correction applied in 13 block(s)
csr_matrix_base::write_matrix_to_file will be deprecated in the future.
	 #4 (1.8380e-02, 4.3367e-15): lin 1 (0.0e+00)
Composition correction applied in 13 block(s)
csr_matrix_base::write_matrix_to_file will be deprecated in the future.
	 #5 (1.8380e-02, 1.0708e-14): lin 1 (0.0e+00)
Composition correction applied in 13 block(s)
csr_matrix_base::write_matrix_to_file will be deprecated in the future.
FAILED TO CONVERGE WITH DT = 0.002 (newton residual reservoir) 
csr_matrix_base::write_matrix_to_file will be deprecated in the future.
csr_matrix_base::write_matrix_to_file will be deprecated in the future.
	 #1 (7.7672e-05, 1.4521e-05): lin 1 (0.0e+00)
Composition correction applied in 5 block(s)
csr_matrix_base::write_matrix_to_file will be deprecated in the future.
csr_matrix_base::write_matrix_to_file will be deprecated in the future.
-------------------------------------------------------------------------------------------------------------
 T = 1.723, DT = 0.001, NI = 1, LI = 1, RES = 2.1e-09 (1.4e-07), CFL=0.163 (ELAPSED 00:00:09 )
-------------------------------------------------------------------------------------------------------------
csr_matrix_base::write_matrix_to_file will be deprecated in the future.
	 #1 (1.6127e-02, 4.1796e-02): lin 1 (0.0e+00)
Composition correction applied in 13 block(s)
csr_matrix_base::write_matrix_to_file will be deprecated in the future.
-------------------------------------------------------------------------------------------------------------
 T = 1.723, DT = 0.001, NI = 1, LI = 1, RES = 9.0e-03 (1.0e-05), CFL=0.158 (ELAPSED 00:00:21 )
-------------------------------------------------------------------------------------------------------------
csr_matrix_base::write_matrix_to_file will be deprecated in the future.
csr_matrix_base::write_matrix_to_file will be deprecated in the future.
	 #1 (5.2109e-04, 1.9156e-05): lin 1 (0.0e+00)
Composition correction applied in 5 block(s)
csr_matrix_base::write_matrix_to_file will be deprecated in the future.
csr_matrix_base::write_matrix_to_file will be deprecated in the future.
-------------------------------------------------------------------------------------------------------------
 T = 1.725, DT = 0.002, NI = 1, LI = 1, RES = 2.8e-09 (3.5e-07), CFL=0.328 (ELAPSED 00:00:09 )
-------------------------------------------------------------------------------------------------------------
csr_matrix_base::write_matrix_to_file will be deprecated in the future.
	 #1 (3.1145e-02, 7.5616e-02): lin 1 (0.0e+00)
Composition correction applied in 14 block(s)
csr_matrix_base::write_matrix_to_file will be deprecated in the future.
	 #2 (1.8851e-02, 3.2601e-04): lin 1 (0.0e+00)
Composition correction applied in 14 block(s)
csr_matrix_base::write_matrix_to_file will be deprecated in the future.
	 #3 (1.8846e-02, 2.6234e-08): lin 1 (0.0e+00)
Composition correction applied in 14 block(s)
csr_matrix_base::write_matrix_to_file will be deprecated in the future.
	 #4 (1.8846e-02, 1.0648e-14): lin 1 (0.0e+00)
Composition correction applied in 14 block(s)
csr_matrix_base::write_matrix_to_file will be deprecated in the future.
FAILED TO CONVERGE WITH DT = 0.002 (newton residual reservoir) 
csr_matrix_base::write_matrix_to_file will be deprecated in the future.
csr_matrix_base::write_matrix_to_file will be deprecated in the future.
	 #1 (7.7588e-05, 1.5850e-05): lin 1 (0.0e+00)
Composition correction applied in 6 block(s)
csr_matrix_base::write_matrix_to_file will be deprecated in the future.
csr_matrix_base::write_matrix_to_file will be deprecated in the future.
-------------------------------------------------------------------------------------------------------------
 T = 1.724, DT = 0.001, NI = 1, LI = 1, RES = 2.1e-09 (1.4e-07), CFL=0.164 (ELAPSED 00:00:09 )
-------------------------------------------------------------------------------------------------------------
csr_matrix_base::write_matrix_to_file will be deprecated in the future.
	 #1 (1.5536e-02, 3.7758e-02): lin 1 (0.0e+00)
Composition correction applied in 14 block(s)
csr_matrix_base::write_matrix_to_file will be deprecated in the future.
-------------------------------------------------------------------------------------------------------------
 T = 1.724, DT = 0.001, NI = 1, LI = 1, RES = 9.3e-03 (2.0e-05), CFL=0.158 (ELAPSED 00:00:22 )
-------------------------------------------------------------------------------------------------------------
csr_matrix_base::write_matrix_to_file will be deprecated in the future.
csr_matrix_base::write_matrix_to_file will be deprecated in the future.
	 #1 (5.1869e-04, 8.9684e-04): lin 1 (0.0e+00)
Composition correction applied in 5 block(s)
csr_matrix_base::write_matrix_to_file will be deprecated in the future.
csr_matrix_base::write_matrix_to_file will be deprecated in the future.
-------------------------------------------------------------------------------------------------------------
 T = 1.726, DT = 0.002, NI = 1, LI = 1, RES = 2.9e-09 (3.5e-07), CFL=0.328 (ELAPSED 00:00:09 )
-------------------------------------------------------------------------------------------------------------
csr_matrix_base::write_matrix_to_file will be deprecated in the future.
	 #1 (3.0114e-02, 7.1442e-02): lin 1 (0.0e+00)
Composition correction applied in 14 block(s)
csr_matrix_base::write_matrix_to_file will be deprecated in the future.
	 #2 (1.9333e-02, 8.6113e-04): lin 1 (0.0e+00)
Composition correction applied in 14 block(s)
csr_matrix_base::write_matrix_to_file will be deprecated in the future.
	 #3 (1.9336e-02, 8.6389e-08): lin 1 (0.0e+00)
Composition correction applied in 14 block(s)
csr_matrix_base::write_matrix_to_file will be deprecated in the future.
	 #4 (1.9336e-02, 1.4222e-10): lin 1 (0.0e+00)
Composition correction applied in 14 block(s)
csr_matrix_base::write_matrix_to_file will be deprecated in the future.
FAILED TO CONVERGE WITH DT = 0.002 (newton residual reservoir) 
csr_matrix_base::write_matrix_to_file will be deprecated in the future.
csr_matrix_base::write_matrix_to_file will be deprecated in the future.
	 #1 (7.7604e-05, 1.5170e-05): lin 1 (0.0e+00)
Composition correction applied in 8 block(s)
csr_matrix_base::write_matrix_to_file will be deprecated in the future.
csr_matrix_base::write_matrix_to_file will be deprecated in the future.
-------------------------------------------------------------------------------------------------------------
 T = 1.725, DT = 0.001, NI = 1, LI = 1, RES = 2.1e-09 (1.4e-07), CFL=0.164 (ELAPSED 00:00:09 )
-------------------------------------------------------------------------------------------------------------
csr_matrix_base::write_matrix_to_file will be deprecated in the future.
	 #1 (1.5021e-02, 3.5675e-02): lin 1 (0.0e+00)
Composition correction applied in 14 block(s)
csr_matrix_base::write_matrix_to_file will be deprecated in the future.
-------------------------------------------------------------------------------------------------------------
 T = 1.725, DT = 0.001, NI = 1, LI = 1, RES = 9.5e-03 (1.9e-04), CFL=0.158 (ELAPSED 00:00:22 )
-------------------------------------------------------------------------------------------------------------
csr_matrix_base::write_matrix_to_file will be deprecated in the future.
csr_matrix_base::write_matrix_to_file will be deprecated in the future.
	 #1 (5.1726e-04, 5.0428e-04): lin 1 (0.0e+00)
Composition correction applied in 8 block(s)
csr_matrix_base::write_matrix_to_file will be deprecated in the future.
csr_matrix_base::write_matrix_to_file will be deprecated in the future.
-------------------------------------------------------------------------------------------------------------
 T = 1.727, DT = 0.002, NI = 1, LI = 1, RES = 2.9e-09 (3.5e-07), CFL=0.328 (ELAPSED 00:00:09 )
-------------------------------------------------------------------------------------------------------------
csr_matrix_base::write_matrix_to_file will be deprecated in the future.
	 #1 (2.9230e-02, 6.5302e-02): lin 1 (0.0e+00)
Composition correction applied in 14 block(s)
csr_matrix_base::write_matrix_to_file will be deprecated in the future.
	 #2 (2.0059e-02, 1.6779e-05): lin 1 (0.0e+00)
Composition correction applied in 14 block(s)
csr_matrix_base::write_matrix_to_file will be deprecated in the future.
	 #3 (1.9865e-02, 3.4046e-14): lin 1 (0.0e+00)
Composition correction applied in 14 block(s)
csr_matrix_base::write_matrix_to_file will be deprecated in the future.
	 #4 (1.9863e-02, 3.1512e-14): lin 1 (0.0e+00)
Composition correction applied in 14 block(s)
csr_matrix_base::write_matrix_to_file will be deprecated in the future.
	 #5 (1.9863e-02, 1.8533e-14): lin 1 (0.0e+00)
Composition correction applied in 14 block(s)
csr_matrix_base::write_matrix_to_file will be deprecated in the future.
FAILED TO CONVERGE WITH DT = 0.002 (newton residual reservoir) 
csr_matrix_base::write_matrix_to_file will be deprecated in the future.
csr_matrix_base::write_matrix_to_file will be deprecated in the future.
	 #1 (7.7528e-05, 1.5498e-05): lin 1 (0.0e+00)
Composition correction applied in 9 block(s)
csr_matrix_base::write_matrix_to_file will be deprecated in the future.
csr_matrix_base::write_matrix_to_file will be deprecated in the future.
-------------------------------------------------------------------------------------------------------------
 T = 1.726, DT = 0.001, NI = 1, LI = 1, RES = 2.1e-09 (1.4e-07), CFL=0.164 (ELAPSED 00:00:09 )
-------------------------------------------------------------------------------------------------------------
csr_matrix_base::write_matrix_to_file will be deprecated in the future.
	 #1 (1.4580e-02, 3.2607e-02): lin 1 (0.0e+00)
Composition correction applied in 14 block(s)
csr_matrix_base::write_matrix_to_file will be deprecated in the future.
-------------------------------------------------------------------------------------------------------------
 T = 1.726, DT = 0.001, NI = 1, LI = 1, RES = 9.7e-03 (2.5e-06), CFL=0.159 (ELAPSED 00:00:22 )
-------------------------------------------------------------------------------------------------------------
csr_matrix_base::write_matrix_to_file will be deprecated in the future.
csr_matrix_base::write_matrix_to_file will be deprecated in the future.
	 #1 (5.1520e-04, 9.9278e-04): lin 1 (0.0e+00)
Composition correction applied in 8 block(s)
csr_matrix_base::write_matrix_to_file will be deprecated in the future.
csr_matrix_base::write_matrix_to_file will be deprecated in the future.
-------------------------------------------------------------------------------------------------------------
 T = 1.728, DT = 0.002, NI = 1, LI = 1, RES = 3.0e-09 (3.5e-07), CFL=0.329 (ELAPSED 00:00:09 )
-------------------------------------------------------------------------------------------------------------
csr_matrix_base::write_matrix_to_file will be deprecated in the future.
	 #1 (2.8494e-02, 5.8397e-02): lin 1 (0.0e+00)
Composition correction applied in 14 block(s)
csr_matrix_base::write_matrix_to_file will be deprecated in the future.
	 #2 (2.0902e-02, 9.1195e-05): lin 1 (0.0e+00)
Composition correction applied in 14 block(s)
csr_matrix_base::write_matrix_to_file will be deprecated in the future.
	 #3 (2.0135e-02, 3.7915e-11): lin 1 (0.0e+00)
Composition correction applied in 14 block(s)
csr_matrix_base::write_matrix_to_file will be deprecated in the future.
	 #4 (2.0135e-02, 3.7915e-11): lin 1 (0.0e+00)
Composition correction applied in 14 block(s)
csr_matrix_base::write_matrix_to_file will be deprecated in the future.
	 #5 (2.0135e-02, 3.7915e-11): lin 1 (0.0e+00)
Composition correction applied in 14 block(s)
csr_matrix_base::write_matrix_to_file will be deprecated in the future.
FAILED TO CONVERGE WITH DT = 0.002 (newton residual reservoir) 
csr_matrix_base::write_matrix_to_file will be deprecated in the future.
csr_matrix_base::write_matrix_to_file will be deprecated in the future.
	 #1 (7.7364e-05, 1.6801e-05): lin 1 (0.0e+00)
Composition correction applied in 7 block(s)
csr_matrix_base::write_matrix_to_file will be deprecated in the future.
csr_matrix_base::write_matrix_to_file will be deprecated in the future.
-------------------------------------------------------------------------------------------------------------
 T = 1.727, DT = 0.001, NI = 1, LI = 1, RES = 2.1e-09 (1.4e-07), CFL=0.164 (ELAPSED 00:00:09 )
-------------------------------------------------------------------------------------------------------------
csr_matrix_base::write_matrix_to_file will be deprecated in the future.
	 #1 (1.4212e-02, 2.9156e-02): lin 1 (0.0e+00)
Composition correction applied in 14 block(s)
csr_matrix_base::write_matrix_to_file will be deprecated in the future.
	 #2 (1.0131e-02, 1.7810e-05): lin 1 (0.0e+00)
Composition correction applied in 14 block(s)
csr_matrix_base::write_matrix_to_file will be deprecated in the future.
	 #3 (1.0024e-02, 7.4032e-15): lin 1 (0.0e+00)
Composition correction applied in 14 block(s)
csr_matrix_base::write_matrix_to_file will be deprecated in the future.
	 #4 (1.0024e-02, 1.5553e-14): lin 1 (0.0e+00)
Composition correction applied in 14 block(s)
csr_matrix_base::write_matrix_to_file will be deprecated in the future.
	 #5 (1.0024e-02, 6.8015e-15): lin 1 (0.0e+00)
Composition correction applied in 14 block(s)
csr_matrix_base::write_matrix_to_file will be deprecated in the future.
FAILED TO CONVERGE WITH DT = 0.001 (newton residual reservoir) 
csr_matrix_base::write_matrix_to_file will be deprecated in the future.
csr_matrix_base::write_matrix_to_file will be deprecated in the future.
	 #1 (8.8653e-06, 7.1174e-08): lin 1 (0.0e+00)
Composition correction applied in 8 block(s)
csr_matrix_base::write_matrix_to_file will be deprecated in the future.
csr_matrix_base::write_matrix_to_file will be deprecated in the future.
-------------------------------------------------------------------------------------------------------------
 T = 1.7265, DT = 0.0005, NI = 1, LI = 1, RES = 2.2e-11 (7.3e-09), CFL=0.082 (ELAPSED 00:00:09 )
-------------------------------------------------------------------------------------------------------------
csr_matrix_base::write_matrix_to_file will be deprecated in the future.
	 #1 (7.0984e-03, 1.4575e-02): lin 1 (0.0e+00)
Composition correction applied in 6 block(s)
csr_matrix_base::write_matrix_to_file will be deprecated in the future.
-------------------------------------------------------------------------------------------------------------
 T = 1.7265, DT = 0.0005, NI = 1, LI = 1, RES = 5.0e-03 (3.6e-06), CFL=0.080 (ELAPSED 00:00:22 )
-------------------------------------------------------------------------------------------------------------
csr_matrix_base::write_matrix_to_file will be deprecated in the future.
csr_matrix_base::write_matrix_to_file will be deprecated in the future.
	 #1 (1.4708e-04, 2.1518e-04): lin 1 (0.0e+00)
Composition correction applied in 3 block(s)
csr_matrix_base::write_matrix_to_file will be deprecated in the future.
csr_matrix_base::write_matrix_to_file will be deprecated in the future.
-------------------------------------------------------------------------------------------------------------
 T = 1.7275, DT = 0.001, NI = 1, LI = 1, RES = 2.0e-10 (4.7e-08), CFL=0.164 (ELAPSED 00:00:09 )
-------------------------------------------------------------------------------------------------------------
csr_matrix_base::write_matrix_to_file will be deprecated in the future.
	 #1 (1.4085e-02, 2.8970e-02): lin 1 (0.0e+00)
Composition correction applied in 14 block(s)
csr_matrix_base::write_matrix_to_file will be deprecated in the future.
	 #2 (1.0241e-02, 1.2634e-05): lin 1 (0.0e+00)
Composition correction applied in 14 block(s)
csr_matrix_base::write_matrix_to_file will be deprecated in the future.
	 #3 (1.0091e-02, 7.0124e-15): lin 1 (0.0e+00)
Composition correction applied in 14 block(s)
csr_matrix_base::write_matrix_to_file will be deprecated in the future.
	 #4 (1.0091e-02, 4.2574e-15): lin 1 (0.0e+00)
Composition correction applied in 14 block(s)
csr_matrix_base::write_matrix_to_file will be deprecated in the future.
	 #5 (1.0091e-02, 6.2126e-15): lin 1 (0.0e+00)
Composition correction applied in 14 block(s)
csr_matrix_base::write_matrix_to_file will be deprecated in the future.
FAILED TO CONVERGE WITH DT = 0.001 (newton residual reservoir) 
csr_matrix_base::write_matrix_to_file will be deprecated in the future.
csr_matrix_base::write_matrix_to_file will be deprecated in the future.
	 #1 (1.5159e-05, 7.6519e-06): lin 1 (0.0e+00)
Composition correction applied in 3 block(s)
csr_matrix_base::write_matrix_to_file will be deprecated in the future.
csr_matrix_base::write_matrix_to_file will be deprecated in the future.
-------------------------------------------------------------------------------------------------------------
 T = 1.727, DT = 0.0005, NI = 1, LI = 1, RES = 1.1e-10 (1.4e-08), CFL=0.082 (ELAPSED 00:00:10 )
-------------------------------------------------------------------------------------------------------------
csr_matrix_base::write_matrix_to_file will be deprecated in the future.
	 #1 (7.0327e-03, 1.4470e-02): lin 1 (0.0e+00)
Composition correction applied in 6 block(s)
csr_matrix_base::write_matrix_to_file will be deprecated in the future.
-------------------------------------------------------------------------------------------------------------
 T = 1.727, DT = 0.0005, NI = 1, LI = 1, RES = 5.1e-03 (2.8e-06), CFL=0.082 (ELAPSED 00:00:22 )
-------------------------------------------------------------------------------------------------------------
csr_matrix_base::write_matrix_to_file will be deprecated in the future.
csr_matrix_base::write_matrix_to_file will be deprecated in the future.
	 #1 (4.1597e-04, 4.3489e-05): lin 1 (0.0e+00)
Composition correction applied in 3 block(s)
csr_matrix_base::write_matrix_to_file will be deprecated in the future.
csr_matrix_base::write_matrix_to_file will be deprecated in the future.
-------------------------------------------------------------------------------------------------------------
 T = 1.728, DT = 0.001, NI = 1, LI = 1, RES = 4.0e-08 (4.7e-07), CFL=0.165 (ELAPSED 00:00:10 )
-------------------------------------------------------------------------------------------------------------
csr_matrix_base::write_matrix_to_file will be deprecated in the future.
	 #1 (1.3893e-02, 2.7632e-02): lin 1 (0.0e+00)
Composition correction applied in 14 block(s)
csr_matrix_base::write_matrix_to_file will be deprecated in the future.
	 #2 (1.0081e-02, 3.9196e-06): lin 1 (0.0e+00)
Composition correction applied in 14 block(s)
csr_matrix_base::write_matrix_to_file will be deprecated in the future.
	 #3 (1.0065e-02, 1.2444e-14): lin 1 (0.0e+00)
Composition correction applied in 14 block(s)
csr_matrix_base::write_matrix_to_file will be deprecated in the future.
	 #4 (1.0065e-02, 8.8936e-15): lin 1 (0.0e+00)
Composition correction applied in 14 block(s)
csr_matrix_base::write_matrix_to_file will be deprecated in the future.
	 #5 (1.0065e-02, 7.1861e-16): lin 1 (0.0e+00)
Composition correction applied in 14 block(s)
csr_matrix_base::write_matrix_to_file will be deprecated in the future.
FAILED TO CONVERGE WITH DT = 0.001 (newton residual reservoir) 
csr_matrix_base::write_matrix_to_file will be deprecated in the future.
csr_matrix_base::write_matrix_to_file will be deprecated in the future.
	 #1 (1.4188e-04, 7.8663e-06): lin 1 (0.0e+00)
Composition correction applied in 3 block(s)
csr_matrix_base::write_matrix_to_file will be deprecated in the future.
csr_matrix_base::write_matrix_to_file will be deprecated in the future.
-------------------------------------------------------------------------------------------------------------
 T = 1.7275, DT = 0.0005, NI = 1, LI = 1, RES = 4.2e-09 (1.8e-09), CFL=0.082 (ELAPSED 00:00:10 )
-------------------------------------------------------------------------------------------------------------
csr_matrix_base::write_matrix_to_file will be deprecated in the future.
	 #1 (6.9411e-03, 1.3804e-02): lin 1 (0.0e+00)
Composition correction applied in 6 block(s)
csr_matrix_base::write_matrix_to_file will be deprecated in the future.
-------------------------------------------------------------------------------------------------------------
 T = 1.7275, DT = 0.0005, NI = 1, LI = 1, RES = 5.0e-03 (1.1e-06), CFL=0.082 (ELAPSED 00:00:22 )
-------------------------------------------------------------------------------------------------------------
csr_matrix_base::write_matrix_to_file will be deprecated in the future.
csr_matrix_base::write_matrix_to_file will be deprecated in the future.
	 #1 (5.9882e-04, 3.3241e-04): lin 1 (0.0e+00)
Composition correction applied in 4 block(s)
csr_matrix_base::write_matrix_to_file will be deprecated in the future.
csr_matrix_base::write_matrix_to_file will be deprecated in the future.
-------------------------------------------------------------------------------------------------------------
 T = 1.7285, DT = 0.001, NI = 1, LI = 1, RES = 8.0e-08 (9.7e-07), CFL=0.165 (ELAPSED 00:00:10 )
-------------------------------------------------------------------------------------------------------------
csr_matrix_base::write_matrix_to_file will be deprecated in the future.
	 #1 (1.3732e-02, 2.5856e-02): lin 1 (0.0e+00)
Composition correction applied in 14 block(s)
csr_matrix_base::write_matrix_to_file will be deprecated in the future.
	 #2 (1.0044e-02, 6.8976e-06): lin 1 (0.0e+00)
Composition correction applied in 14 block(s)
csr_matrix_base::write_matrix_to_file will be deprecated in the future.
	 #3 (1.0044e-02, 4.4532e-15): lin 1 (0.0e+00)
Composition correction applied in 14 block(s)
csr_matrix_base::write_matrix_to_file will be deprecated in the future.
	 #4 (1.0044e-02, 8.1815e-15): lin 1 (0.0e+00)
Composition correction applied in 14 block(s)
csr_matrix_base::write_matrix_to_file will be deprecated in the future.
FAILED TO CONVERGE WITH DT = 0.001 (newton residual reservoir) 
csr_matrix_base::write_matrix_to_file will be deprecated in the future.
csr_matrix_base::write_matrix_to_file will be deprecated in the future.
	 #1 (2.4902e-04, 7.7064e-06): lin 1 (0.0e+00)
Composition correction applied in 4 block(s)
csr_matrix_base::write_matrix_to_file will be deprecated in the future.
csr_matrix_base::write_matrix_to_file will be deprecated in the future.
-------------------------------------------------------------------------------------------------------------
 T = 1.728, DT = 0.0005, NI = 1, LI = 1, RES = 1.6e-08 (5.3e-08), CFL=0.082 (ELAPSED 00:00:10 )
-------------------------------------------------------------------------------------------------------------
csr_matrix_base::write_matrix_to_file will be deprecated in the future.
	 #1 (6.8704e-03, 1.2921e-02): lin 1 (0.0e+00)
Composition correction applied in 6 block(s)
csr_matrix_base::write_matrix_to_file will be deprecated in the future.
-------------------------------------------------------------------------------------------------------------
 T = 1.728, DT = 0.0005, NI = 1, LI = 1, RES = 5.0e-03 (1.9e-06), CFL=0.082 (ELAPSED 00:00:22 )
-------------------------------------------------------------------------------------------------------------
csr_matrix_base::write_matrix_to_file will be deprecated in the future.
csr_matrix_base::write_matrix_to_file will be deprecated in the future.
	 #1 (5.3853e-04, 1.0255e-04): lin 1 (0.0e+00)
Composition correction applied in 3 block(s)
csr_matrix_base::write_matrix_to_file will be deprecated in the future.
csr_matrix_base::write_matrix_to_file will be deprecated in the future.
-------------------------------------------------------------------------------------------------------------
 T = 1.729, DT = 0.001, NI = 1, LI = 1, RES = 5.2e-08 (2.9e-07), CFL=0.165 (ELAPSED 00:00:10 )
-------------------------------------------------------------------------------------------------------------
csr_matrix_base::write_matrix_to_file will be deprecated in the future.
	 #1 (1.3642e-02, 2.5007e-02): lin 1 (0.0e+00)
Composition correction applied in 6 block(s)
csr_matrix_base::write_matrix_to_file will be deprecated in the future.
	 #2 (1.0053e-02, 9.8298e-06): lin 1 (0.0e+00)
Composition correction applied in 6 block(s)
csr_matrix_base::write_matrix_to_file will be deprecated in the future.
	 #3 (1.0054e-02, 5.0731e-15): lin 1 (0.0e+00)
Composition correction applied in 6 block(s)
csr_matrix_base::write_matrix_to_file will be deprecated in the future.
	 #4 (1.0054e-02, 1.6722e-15): lin 1 (0.0e+00)
Composition correction applied in 6 block(s)
csr_matrix_base::write_matrix_to_file will be deprecated in the future.
FAILED TO CONVERGE WITH DT = 0.001 (newton residual reservoir) 
csr_matrix_base::write_matrix_to_file will be deprecated in the future.
csr_matrix_base::write_matrix_to_file will be deprecated in the future.
	 #1 (2.3180e-04, 7.6213e-06): lin 1 (0.0e+00)
Composition correction applied in 5 block(s)
csr_matrix_base::write_matrix_to_file will be deprecated in the future.
csr_matrix_base::write_matrix_to_file will be deprecated in the future.
-------------------------------------------------------------------------------------------------------------
 T = 1.7285, DT = 0.0005, NI = 1, LI = 1, RES = 1.5e-08 (7.8e-08), CFL=0.082 (ELAPSED 00:00:10 )
-------------------------------------------------------------------------------------------------------------
csr_matrix_base::write_matrix_to_file will be deprecated in the future.
	 #1 (6.8322e-03, 1.2498e-02): lin 1 (0.0e+00)
Composition correction applied in 6 block(s)
csr_matrix_base::write_matrix_to_file will be deprecated in the future.
-------------------------------------------------------------------------------------------------------------
 T = 1.7285, DT = 0.0005, NI = 1, LI = 1, RES = 5.0e-03 (2.8e-06), CFL=0.082 (ELAPSED 00:00:22 )
-------------------------------------------------------------------------------------------------------------
csr_matrix_base::write_matrix_to_file will be deprecated in the future.
csr_matrix_base::write_matrix_to_file will be deprecated in the future.
	 #1 (4.9657e-04, 1.5304e-04): lin 1 (0.0e+00)
Composition correction applied in 3 block(s)
csr_matrix_base::write_matrix_to_file will be deprecated in the future.
csr_matrix_base::write_matrix_to_file will be deprecated in the future.
-------------------------------------------------------------------------------------------------------------
 T = 1.7295, DT = 0.001, NI = 1, LI = 1, RES = 3.9e-08 (1.2e-07), CFL=0.164 (ELAPSED 00:00:10 )
-------------------------------------------------------------------------------------------------------------
csr_matrix_base::write_matrix_to_file will be deprecated in the future.
	 #1 (1.3560e-02, 2.4380e-02): lin 1 (0.0e+00)
Composition correction applied in 6 block(s)
csr_matrix_base::write_matrix_to_file will be deprecated in the future.
	 #2 (1.0061e-02, 7.1900e-06): lin 1 (0.0e+00)
Composition correction applied in 6 block(s)
csr_matrix_base::write_matrix_to_file will be deprecated in the future.
	 #3 (1.0061e-02, 1.9842e-12): lin 1 (0.0e+00)
Composition correction applied in 6 block(s)
csr_matrix_base::write_matrix_to_file will be deprecated in the future.
	 #4 (1.0061e-02, 3.8084e-15): lin 1 (0.0e+00)
Composition correction applied in 6 block(s)
csr_matrix_base::write_matrix_to_file will be deprecated in the future.
FAILED TO CONVERGE WITH DT = 0.001 (newton residual reservoir) 
csr_matrix_base::write_matrix_to_file will be deprecated in the future.
csr_matrix_base::write_matrix_to_file will be deprecated in the future.
	 #1 (2.1522e-04, 7.7007e-06): lin 1 (0.0e+00)
Composition correction applied in 3 block(s)
csr_matrix_base::write_matrix_to_file will be deprecated in the future.
csr_matrix_base::write_matrix_to_file will be deprecated in the future.
-------------------------------------------------------------------------------------------------------------
 T = 1.729, DT = 0.0005, NI = 1, LI = 1, RES = 1.4e-08 (7.4e-08), CFL=0.082 (ELAPSED 00:00:10 )
-------------------------------------------------------------------------------------------------------------
csr_matrix_base::write_matrix_to_file will be deprecated in the future.
	 #1 (6.7903e-03, 1.2184e-02): lin 1 (0.0e+00)
Composition correction applied in 6 block(s)
csr_matrix_base::write_matrix_to_file will be deprecated in the future.
-------------------------------------------------------------------------------------------------------------
 T = 1.729, DT = 0.0005, NI = 1, LI = 1, RES = 5.0e-03 (2.4e-06), CFL=0.082 (ELAPSED 00:00:22 )
-------------------------------------------------------------------------------------------------------------
csr_matrix_base::write_matrix_to_file will be deprecated in the future.
csr_matrix_base::write_matrix_to_file will be deprecated in the future.
	 #1 (4.5993e-04, 6.4008e-05): lin 1 (0.0e+00)
Composition correction applied in 3 block(s)
csr_matrix_base::write_matrix_to_file will be deprecated in the future.
csr_matrix_base::write_matrix_to_file will be deprecated in the future.
-------------------------------------------------------------------------------------------------------------
 T = 1.73, DT = 0.001, NI = 1, LI = 1, RES = 3.1e-08 (6.0e-08), CFL=0.164 (ELAPSED 00:00:10 )
-------------------------------------------------------------------------------------------------------------
csr_matrix_base::write_matrix_to_file will be deprecated in the future.
	 #1 (1.3483e-02, 2.3314e-02): lin 1 (0.0e+00)
Composition correction applied in 6 block(s)
csr_matrix_base::write_matrix_to_file will be deprecated in the future.
	 #2 (1.0076e-02, 6.9707e-06): lin 1 (0.0e+00)
Composition correction applied in 6 block(s)
csr_matrix_base::write_matrix_to_file will be deprecated in the future.
	 #3 (1.0065e-02, 8.4770e-12): lin 1 (0.0e+00)
Composition correction applied in 6 block(s)
csr_matrix_base::write_matrix_to_file will be deprecated in the future.
	 #4 (1.0065e-02, 7.7984e-15): lin 1 (0.0e+00)
Composition correction applied in 6 block(s)
csr_matrix_base::write_matrix_to_file will be deprecated in the future.
	 #5 (1.0065e-02, 2.2875e-15): lin 1 (0.0e+00)
Composition correction applied in 6 block(s)
csr_matrix_base::write_matrix_to_file will be deprecated in the future.
FAILED TO CONVERGE WITH DT = 0.001 (newton residual reservoir) 
csr_matrix_base::write_matrix_to_file will be deprecated in the future.
csr_matrix_base::write_matrix_to_file will be deprecated in the future.
	 #1 (1.9967e-04, 8.0472e-06): lin 1 (0.0e+00)
Composition correction applied in 3 block(s)
csr_matrix_base::write_matrix_to_file will be deprecated in the future.
csr_matrix_base::write_matrix_to_file will be deprecated in the future.
-------------------------------------------------------------------------------------------------------------
 T = 1.7295, DT = 0.0005, NI = 1, LI = 1, RES = 1.2e-08 (6.1e-08), CFL=0.081 (ELAPSED 00:00:10 )
-------------------------------------------------------------------------------------------------------------
csr_matrix_base::write_matrix_to_file will be deprecated in the future.
	 #1 (6.7486e-03, 1.1649e-02): lin 1 (0.0e+00)
Composition correction applied in 6 block(s)
csr_matrix_base::write_matrix_to_file will be deprecated in the future.
-------------------------------------------------------------------------------------------------------------
 T = 1.7295, DT = 0.0005, NI = 1, LI = 1, RES = 5.0e-03 (2.3e-06), CFL=0.081 (ELAPSED 00:00:22 )
-------------------------------------------------------------------------------------------------------------
csr_matrix_base::write_matrix_to_file will be deprecated in the future.
csr_matrix_base::write_matrix_to_file will be deprecated in the future.
	 #1 (4.2723e-04, 6.2615e-05): lin 1 (0.0e+00)
Composition correction applied in 4 block(s)
csr_matrix_base::write_matrix_to_file will be deprecated in the future.
csr_matrix_base::write_matrix_to_file will be deprecated in the future.
-------------------------------------------------------------------------------------------------------------
 T = 1.7305, DT = 0.001, NI = 1, LI = 1, RES = 2.6e-08 (3.4e-08), CFL=0.163 (ELAPSED 00:00:10 )
-------------------------------------------------------------------------------------------------------------
csr_matrix_base::write_matrix_to_file will be deprecated in the future.
	 #1 (1.3409e-02, 2.2357e-02): lin 1 (0.0e+00)
Composition correction applied in 6 block(s)
csr_matrix_base::write_matrix_to_file will be deprecated in the future.
	 #2 (1.0090e-02, 6.7535e-06): lin 1 (0.0e+00)
Composition correction applied in 6 block(s)
csr_matrix_base::write_matrix_to_file will be deprecated in the future.
	 #3 (1.0064e-02, 1.4166e-11): lin 1 (0.0e+00)
Composition correction applied in 6 block(s)
csr_matrix_base::write_matrix_to_file will be deprecated in the future.
	 #4 (1.0064e-02, 1.4166e-11): lin 1 (0.0e+00)
Composition correction applied in 6 block(s)
csr_matrix_base::write_matrix_to_file will be deprecated in the future.
	 #5 (1.0064e-02, 1.4166e-11): lin 1 (0.0e+00)
Composition correction applied in 6 block(s)
csr_matrix_base::write_matrix_to_file will be deprecated in the future.
FAILED TO CONVERGE WITH DT = 0.001 (newton residual reservoir) 
csr_matrix_base::write_matrix_to_file will be deprecated in the future.
csr_matrix_base::write_matrix_to_file will be deprecated in the future.
	 #1 (1.8533e-04, 8.1428e-06): lin 1 (0.0e+00)
Composition correction applied in 2 block(s)
csr_matrix_base::write_matrix_to_file will be deprecated in the future.
csr_matrix_base::write_matrix_to_file will be deprecated in the future.
-------------------------------------------------------------------------------------------------------------
 T = 1.73, DT = 0.0005, NI = 1, LI = 1, RES = 1.0e-08 (4.8e-08), CFL=0.081 (ELAPSED 00:00:10 )
-------------------------------------------------------------------------------------------------------------
csr_matrix_base::write_matrix_to_file will be deprecated in the future.
	 #1 (6.7082e-03, 1.1170e-02): lin 1 (0.0e+00)
Composition correction applied in 6 block(s)
csr_matrix_base::write_matrix_to_file will be deprecated in the future.
-------------------------------------------------------------------------------------------------------------
 T = 1.73, DT = 0.0005, NI = 1, LI = 1, RES = 5.0e-03 (2.2e-06), CFL=0.081 (ELAPSED 00:00:22 )
-------------------------------------------------------------------------------------------------------------
csr_matrix_base::write_matrix_to_file will be deprecated in the future.
csr_matrix_base::write_matrix_to_file will be deprecated in the future.
	 #1 (3.9684e-04, 5.4845e-05): lin 1 (0.0e+00)
Composition correction applied in 3 block(s)
csr_matrix_base::write_matrix_to_file will be deprecated in the future.
csr_matrix_base::write_matrix_to_file will be deprecated in the future.
-------------------------------------------------------------------------------------------------------------
 T = 1.731, DT = 0.001, NI = 1, LI = 1, RES = 2.2e-08 (1.9e-08), CFL=0.163 (ELAPSED 00:00:10 )
-------------------------------------------------------------------------------------------------------------
csr_matrix_base::write_matrix_to_file will be deprecated in the future.
	 #1 (1.3337e-02, 2.1429e-02): lin 1 (0.0e+00)
Composition correction applied in 6 block(s)
csr_matrix_base::write_matrix_to_file will be deprecated in the future.
	 #2 (1.0058e-02, 6.7085e-06): lin 1 (0.0e+00)
Composition correction applied in 6 block(s)
csr_matrix_base::write_matrix_to_file will be deprecated in the future.
	 #3 (1.0059e-02, 4.9537e-13): lin 1 (0.0e+00)
Composition correction applied in 6 block(s)
csr_matrix_base::write_matrix_to_file will be deprecated in the future.
	 #4 (1.0059e-02, 4.9535e-13): lin 1 (0.0e+00)
Composition correction applied in 6 block(s)
csr_matrix_base::write_matrix_to_file will be deprecated in the future.
FAILED TO CONVERGE WITH DT = 0.001 (newton residual reservoir) 
csr_matrix_base::write_matrix_to_file will be deprecated in the future.
csr_matrix_base::write_matrix_to_file will be deprecated in the future.
	 #1 (1.7179e-04, 8.2067e-06): lin 1 (0.0e+00)
Composition correction applied in 5 block(s)
csr_matrix_base::write_matrix_to_file will be deprecated in the future.
csr_matrix_base::write_matrix_to_file will be deprecated in the future.
-------------------------------------------------------------------------------------------------------------
 T = 1.7305, DT = 0.0005, NI = 1, LI = 1, RES = 8.4e-09 (3.6e-08), CFL=0.081 (ELAPSED 00:00:10 )
-------------------------------------------------------------------------------------------------------------
csr_matrix_base::write_matrix_to_file will be deprecated in the future.
	 #1 (6.6691e-03, 1.0705e-02): lin 1 (0.0e+00)
Composition correction applied in 6 block(s)
csr_matrix_base::write_matrix_to_file will be deprecated in the future.
-------------------------------------------------------------------------------------------------------------
 T = 1.7305, DT = 0.0005, NI = 1, LI = 1, RES = 5.0e-03 (2.1e-06), CFL=0.081 (ELAPSED 00:00:22 )
-------------------------------------------------------------------------------------------------------------
csr_matrix_base::write_matrix_to_file will be deprecated in the future.
csr_matrix_base::write_matrix_to_file will be deprecated in the future.
	 #1 (3.6843e-04, 5.2956e-05): lin 1 (0.0e+00)
Composition correction applied in 4 block(s)
csr_matrix_base::write_matrix_to_file will be deprecated in the future.
csr_matrix_base::write_matrix_to_file will be deprecated in the future.
-------------------------------------------------------------------------------------------------------------
 T = 1.7315, DT = 0.001, NI = 1, LI = 1, RES = 1.8e-08 (8.7e-09), CFL=0.163 (ELAPSED 00:00:10 )
-------------------------------------------------------------------------------------------------------------
csr_matrix_base::write_matrix_to_file will be deprecated in the future.
	 #1 (1.3269e-02, 2.0542e-02): lin 1 (0.0e+00)
Composition correction applied in 6 block(s)
csr_matrix_base::write_matrix_to_file will be deprecated in the future.
	 #2 (1.0056e-02, 6.7152e-06): lin 1 (0.0e+00)
Composition correction applied in 6 block(s)
csr_matrix_base::write_matrix_to_file will be deprecated in the future.
	 #3 (1.0051e-02, 5.9664e-11): lin 1 (0.0e+00)
Composition correction applied in 6 block(s)
csr_matrix_base::write_matrix_to_file will be deprecated in the future.
	 #4 (1.0051e-02, 5.9664e-11): lin 1 (0.0e+00)
Composition correction applied in 6 block(s)
csr_matrix_base::write_matrix_to_file will be deprecated in the future.
FAILED TO CONVERGE WITH DT = 0.001 (newton residual reservoir) 
csr_matrix_base::write_matrix_to_file will be deprecated in the future.
csr_matrix_base::write_matrix_to_file will be deprecated in the future.
	 #1 (1.5889e-04, 8.2478e-06): lin 1 (0.0e+00)
Composition correction applied in 3 block(s)
csr_matrix_base::write_matrix_to_file will be deprecated in the future.
csr_matrix_base::write_matrix_to_file will be deprecated in the future.
-------------------------------------------------------------------------------------------------------------
 T = 1.731, DT = 0.0005, NI = 1, LI = 1, RES = 7.0e-09 (2.5e-08), CFL=0.081 (ELAPSED 00:00:10 )
-------------------------------------------------------------------------------------------------------------
csr_matrix_base::write_matrix_to_file will be deprecated in the future.
	 #1 (6.6310e-03, 1.0261e-02): lin 1 (0.0e+00)
Composition correction applied in 6 block(s)
csr_matrix_base::write_matrix_to_file will be deprecated in the future.
-------------------------------------------------------------------------------------------------------------
 T = 1.731, DT = 0.0005, NI = 1, LI = 1, RES = 5.0e-03 (2.1e-06), CFL=0.081 (ELAPSED 00:00:22 )
-------------------------------------------------------------------------------------------------------------
csr_matrix_base::write_matrix_to_file will be deprecated in the future.
csr_matrix_base::write_matrix_to_file will be deprecated in the future.
	 #1 (3.4514e-04, 5.4758e-05): lin 1 (0.0e+00)
Composition correction applied in 3 block(s)
csr_matrix_base::write_matrix_to_file will be deprecated in the future.
csr_matrix_base::write_matrix_to_file will be deprecated in the future.
-------------------------------------------------------------------------------------------------------------
 T = 1.732, DT = 0.001, NI = 1, LI = 1, RES = 1.6e-08 (4.3e-09), CFL=0.163 (ELAPSED 00:00:10 )
-------------------------------------------------------------------------------------------------------------
csr_matrix_base::write_matrix_to_file will be deprecated in the future.
	 #1 (1.3201e-02, 1.9694e-02): lin 1 (0.0e+00)
Composition correction applied in 6 block(s)
csr_matrix_base::write_matrix_to_file will be deprecated in the future.
	 #2 (1.0059e-02, 6.5790e-06): lin 1 (0.0e+00)
Composition correction applied in 6 block(s)
csr_matrix_base::write_matrix_to_file will be deprecated in the future.
	 #3 (1.0037e-02, 1.5213e-11): lin 1 (0.0e+00)
Composition correction applied in 6 block(s)
csr_matrix_base::write_matrix_to_file will be deprecated in the future.
	 #4 (1.0037e-02, 1.5213e-11): lin 1 (0.0e+00)
Composition correction applied in 6 block(s)
csr_matrix_base::write_matrix_to_file will be deprecated in the future.
	 #5 (1.0037e-02, 1.5213e-11): lin 1 (0.0e+00)
Composition correction applied in 6 block(s)
csr_matrix_base::write_matrix_to_file will be deprecated in the future.
FAILED TO CONVERGE WITH DT = 0.001 (newton residual reservoir) 
csr_matrix_base::write_matrix_to_file will be deprecated in the future.
csr_matrix_base::write_matrix_to_file will be deprecated in the future.
	 #1 (1.4807e-04, 8.2809e-06): lin 1 (0.0e+00)
Composition correction applied in 3 block(s)
csr_matrix_base::write_matrix_to_file will be deprecated in the future.
csr_matrix_base::write_matrix_to_file will be deprecated in the future.
-------------------------------------------------------------------------------------------------------------
 T = 1.7315, DT = 0.0005, NI = 1, LI = 1, RES = 5.8e-09 (1.8e-08), CFL=0.081 (ELAPSED 00:00:10 )
-------------------------------------------------------------------------------------------------------------
csr_matrix_base::write_matrix_to_file will be deprecated in the future.
	 #1 (6.5940e-03, 9.8364e-03): lin 1 (0.0e+00)
Composition correction applied in 6 block(s)
csr_matrix_base::write_matrix_to_file will be deprecated in the future.
-------------------------------------------------------------------------------------------------------------
 T = 1.7315, DT = 0.0005, NI = 1, LI = 1, RES = 5.0e-03 (2.0e-06), CFL=0.081 (ELAPSED 00:00:22 )
-------------------------------------------------------------------------------------------------------------
csr_matrix_base::write_matrix_to_file will be deprecated in the future.
csr_matrix_base::write_matrix_to_file will be deprecated in the future.
	 #1 (3.2283e-04, 4.8132e-05): lin 1 (0.0e+00)
Composition correction applied in 4 block(s)
csr_matrix_base::write_matrix_to_file will be deprecated in the future.
csr_matrix_base::write_matrix_to_file will be deprecated in the future.
-------------------------------------------------------------------------------------------------------------
 T = 1.7325, DT = 0.001, NI = 1, LI = 1, RES = 1.4e-08 (1.4e-09), CFL=0.163 (ELAPSED 00:00:10 )
-------------------------------------------------------------------------------------------------------------
csr_matrix_base::write_matrix_to_file will be deprecated in the future.
	 #1 (1.3135e-02, 1.8865e-02): lin 1 (0.0e+00)
Composition correction applied in 6 block(s)
csr_matrix_base::write_matrix_to_file will be deprecated in the future.
	 #2 (1.0021e-02, 6.5278e-06): lin 1 (0.0e+00)
Composition correction applied in 6 block(s)
csr_matrix_base::write_matrix_to_file will be deprecated in the future.
	 #3 (1.0021e-02, 6.5786e-11): lin 1 (0.0e+00)
Composition correction applied in 6 block(s)
csr_matrix_base::write_matrix_to_file will be deprecated in the future.
	 #4 (1.0021e-02, 6.5786e-11): lin 1 (0.0e+00)
Composition correction applied in 6 block(s)
csr_matrix_base::write_matrix_to_file will be deprecated in the future.
FAILED TO CONVERGE WITH DT = 0.001 (newton residual reservoir) 
csr_matrix_base::write_matrix_to_file will be deprecated in the future.
csr_matrix_base::write_matrix_to_file will be deprecated in the future.
	 #1 (1.3771e-04, 8.3160e-06): lin 1 (0.0e+00)
Composition correction applied in 2 block(s)
csr_matrix_base::write_matrix_to_file will be deprecated in the future.
csr_matrix_base::write_matrix_to_file will be deprecated in the future.
-------------------------------------------------------------------------------------------------------------
 T = 1.732, DT = 0.0005, NI = 1, LI = 1, RES = 4.9e-09 (1.2e-08), CFL=0.081 (ELAPSED 00:00:10 )
-------------------------------------------------------------------------------------------------------------
csr_matrix_base::write_matrix_to_file will be deprecated in the future.
	 #1 (6.5583e-03, 9.4215e-03): lin 1 (0.0e+00)
Composition correction applied in 6 block(s)
csr_matrix_base::write_matrix_to_file will be deprecated in the future.
-------------------------------------------------------------------------------------------------------------
 T = 1.732, DT = 0.0005, NI = 1, LI = 1, RES = 5.0e-03 (1.9e-06), CFL=0.081 (ELAPSED 00:00:22 )
-------------------------------------------------------------------------------------------------------------
csr_matrix_base::write_matrix_to_file will be deprecated in the future.
csr_matrix_base::write_matrix_to_file will be deprecated in the future.
	 #1 (3.0254e-04, 4.8550e-05): lin 1 (0.0e+00)
Composition correction applied in 3 block(s)
csr_matrix_base::write_matrix_to_file will be deprecated in the future.
csr_matrix_base::write_matrix_to_file will be deprecated in the future.
-------------------------------------------------------------------------------------------------------------
 T = 1.733, DT = 0.001, NI = 1, LI = 1, RES = 1.2e-08 (5.6e-11), CFL=0.162 (ELAPSED 00:00:10 )
-------------------------------------------------------------------------------------------------------------
csr_matrix_base::write_matrix_to_file will be deprecated in the future.
	 #1 (1.3070e-02, 1.8076e-02): lin 1 (0.0e+00)
Composition correction applied in 6 block(s)
csr_matrix_base::write_matrix_to_file will be deprecated in the future.
	 #2 (1.0008e-02, 6.4521e-06): lin 1 (0.0e+00)
Composition correction applied in 6 block(s)
csr_matrix_base::write_matrix_to_file will be deprecated in the future.
	 #3 (1.0002e-02, 4.7016e-12): lin 1 (0.0e+00)
Composition correction applied in 6 block(s)
csr_matrix_base::write_matrix_to_file will be deprecated in the future.
	 #4 (1.0002e-02, 4.7016e-12): lin 1 (0.0e+00)
Composition correction applied in 6 block(s)
csr_matrix_base::write_matrix_to_file will be deprecated in the future.
FAILED TO CONVERGE WITH DT = 0.001 (newton residual reservoir) 
csr_matrix_base::write_matrix_to_file will be deprecated in the future.
csr_matrix_base::write_matrix_to_file will be deprecated in the future.
	 #1 (1.2801e-04, 8.3409e-06): lin 1 (0.0e+00)
Composition correction applied in 3 block(s)
csr_matrix_base::write_matrix_to_file will be deprecated in the future.
csr_matrix_base::write_matrix_to_file will be deprecated in the future.
-------------------------------------------------------------------------------------------------------------
 T = 1.7325, DT = 0.0005, NI = 1, LI = 1, RES = 4.0e-09 (7.2e-09), CFL=0.081 (ELAPSED 00:00:10 )
-------------------------------------------------------------------------------------------------------------
csr_matrix_base::write_matrix_to_file will be deprecated in the future.
	 #1 (6.5231e-03, 9.0266e-03): lin 1 (0.0e+00)
Composition correction applied in 6 block(s)
csr_matrix_base::write_matrix_to_file will be deprecated in the future.
-------------------------------------------------------------------------------------------------------------
 T = 1.7325, DT = 0.0005, NI = 1, LI = 1, RES = 5.0e-03 (1.8e-06), CFL=0.081 (ELAPSED 00:00:22 )
-------------------------------------------------------------------------------------------------------------
csr_matrix_base::write_matrix_to_file will be deprecated in the future.
csr_matrix_base::write_matrix_to_file will be deprecated in the future.
	 #1 (2.8507e-04, 4.9102e-05): lin 1 (0.0e+00)
Composition correction applied in 3 block(s)
csr_matrix_base::write_matrix_to_file will be deprecated in the future.
csr_matrix_base::write_matrix_to_file will be deprecated in the future.
-------------------------------------------------------------------------------------------------------------
 T = 1.7335, DT = 0.001, NI = 1, LI = 1, RES = 9.9e-09 (2.7e-10), CFL=0.162 (ELAPSED 00:00:10 )
-------------------------------------------------------------------------------------------------------------
csr_matrix_base::write_matrix_to_file will be deprecated in the future.
	 #1 (1.3007e-02, 1.7318e-02): lin 1 (0.0e+00)
Composition correction applied in 6 block(s)
csr_matrix_base::write_matrix_to_file will be deprecated in the future.
	 #2 (1.0002e-02, 6.3082e-06): lin 1 (0.0e+00)
Composition correction applied in 6 block(s)
csr_matrix_base::write_matrix_to_file will be deprecated in the future.
-------------------------------------------------------------------------------------------------------------
 T = 1.7335, DT = 0.001, NI = 2, LI = 2, RES = 1.0e-02 (1.3e-11), CFL=0.161 (ELAPSED 00:00:22 )
-------------------------------------------------------------------------------------------------------------
csr_matrix_base::write_matrix_to_file will be deprecated in the future.
csr_matrix_base::write_matrix_to_file will be deprecated in the future.
	 #1 (5.4902e-04, 4.9691e-05): lin 1 (0.0e+00)
Composition correction applied in 4 block(s)
csr_matrix_base::write_matrix_to_file will be deprecated in the future.
csr_matrix_base::write_matrix_to_file will be deprecated in the future.
-------------------------------------------------------------------------------------------------------------
 T = 1.7355, DT = 0.002, NI = 1, LI = 1, RES = 7.8e-09 (3.8e-08), CFL=0.324 (ELAPSED 00:00:10 )
-------------------------------------------------------------------------------------------------------------
csr_matrix_base::write_matrix_to_file will be deprecated in the future.
	 #1 (2.5761e-02, 3.1670e-02): lin 1 (0.0e+00)
Composition correction applied in 7 block(s)
csr_matrix_base::write_matrix_to_file will be deprecated in the future.
	 #2 (2.0125e-02, 2.9061e-05): lin 1 (0.0e+00)
Composition correction applied in 7 block(s)
csr_matrix_base::write_matrix_to_file will be deprecated in the future.
	 #3 (2.0070e-02, 3.2421e-14): lin 1 (0.0e+00)
Composition correction applied in 7 block(s)
csr_matrix_base::write_matrix_to_file will be deprecated in the future.
	 #4 (2.0070e-02, 4.4110e-15): lin 1 (0.0e+00)
Composition correction applied in 7 block(s)
csr_matrix_base::write_matrix_to_file will be deprecated in the future.
	 #5 (2.0070e-02, 5.8811e-15): lin 1 (0.0e+00)
Composition correction applied in 7 block(s)
csr_matrix_base::write_matrix_to_file will be deprecated in the future.
FAILED TO CONVERGE WITH DT = 0.002 (newton residual reservoir) 
csr_matrix_base::write_matrix_to_file will be deprecated in the future.
csr_matrix_base::write_matrix_to_file will be deprecated in the future.
	 #1 (2.1257e-04, 1.6846e-05): lin 1 (0.0e+00)
Composition correction applied in 3 block(s)
csr_matrix_base::write_matrix_to_file will be deprecated in the future.
csr_matrix_base::write_matrix_to_file will be deprecated in the future.
-------------------------------------------------------------------------------------------------------------
 T = 1.7345, DT = 0.001, NI = 1, LI = 1, RES = 6.9e-09 (2.3e-08), CFL=0.162 (ELAPSED 00:00:10 )
-------------------------------------------------------------------------------------------------------------
csr_matrix_base::write_matrix_to_file will be deprecated in the future.
	 #1 (1.2852e-02, 1.5812e-02): lin 1 (0.0e+00)
Composition correction applied in 6 block(s)
csr_matrix_base::write_matrix_to_file will be deprecated in the future.
-------------------------------------------------------------------------------------------------------------
 T = 1.7345, DT = 0.001, NI = 1, LI = 1, RES = 9.9e-03 (7.9e-06), CFL=0.162 (ELAPSED 00:00:22 )
-------------------------------------------------------------------------------------------------------------
csr_matrix_base::write_matrix_to_file will be deprecated in the future.
csr_matrix_base::write_matrix_to_file will be deprecated in the future.
	 #1 (6.8872e-04, 4.2623e-04): lin 1 (0.0e+00)
Composition correction applied in 3 block(s)
csr_matrix_base::write_matrix_to_file will be deprecated in the future.
csr_matrix_base::write_matrix_to_file will be deprecated in the future.
-------------------------------------------------------------------------------------------------------------
 T = 1.7365, DT = 0.002, NI = 1, LI = 1, RES = 2.1e-08 (4.8e-08), CFL=0.323 (ELAPSED 00:00:10 )
-------------------------------------------------------------------------------------------------------------
csr_matrix_base::write_matrix_to_file will be deprecated in the future.
	 #1 (2.5520e-02, 2.9741e-02): lin 1 (0.0e+00)
Composition correction applied in 7 block(s)
csr_matrix_base::write_matrix_to_file will be deprecated in the future.
	 #2 (1.9991e-02, 1.8818e-05): lin 1 (0.0e+00)
Composition correction applied in 7 block(s)
csr_matrix_base::write_matrix_to_file will be deprecated in the future.
	 #3 (1.9949e-02, 1.1772e-10): lin 1 (0.0e+00)
Composition correction applied in 7 block(s)
csr_matrix_base::write_matrix_to_file will be deprecated in the future.
	 #4 (1.9949e-02, 1.1772e-10): lin 1 (0.0e+00)
Composition correction applied in 7 block(s)
csr_matrix_base::write_matrix_to_file will be deprecated in the future.
	 #5 (1.9949e-02, 1.1772e-10): lin 1 (0.0e+00)
Composition correction applied in 7 block(s)
csr_matrix_base::write_matrix_to_file will be deprecated in the future.
FAILED TO CONVERGE WITH DT = 0.002 (newton residual reservoir) 
csr_matrix_base::write_matrix_to_file will be deprecated in the future.
csr_matrix_base::write_matrix_to_file will be deprecated in the future.
	 #1 (1.8609e-04, 1.6718e-05): lin 1 (0.0e+00)
Composition correction applied in 3 block(s)
csr_matrix_base::write_matrix_to_file will be deprecated in the future.
csr_matrix_base::write_matrix_to_file will be deprecated in the future.
-------------------------------------------------------------------------------------------------------------
 T = 1.7355, DT = 0.001, NI = 1, LI = 1, RES = 3.9e-09 (1.7e-09), CFL=0.161 (ELAPSED 00:00:10 )
-------------------------------------------------------------------------------------------------------------
csr_matrix_base::write_matrix_to_file will be deprecated in the future.
	 #1 (1.2719e-02, 1.4847e-02): lin 1 (0.0e+00)
Composition correction applied in 6 block(s)
csr_matrix_base::write_matrix_to_file will be deprecated in the future.
-------------------------------------------------------------------------------------------------------------
 T = 1.7355, DT = 0.001, NI = 1, LI = 1, RES = 9.8e-03 (5.1e-06), CFL=0.161 (ELAPSED 00:00:22 )
-------------------------------------------------------------------------------------------------------------
csr_matrix_base::write_matrix_to_file will be deprecated in the future.
csr_matrix_base::write_matrix_to_file will be deprecated in the future.
	 #1 (6.7513e-04, 6.4217e-05): lin 1 (0.0e+00)
Composition correction applied in 3 block(s)
csr_matrix_base::write_matrix_to_file will be deprecated in the future.
csr_matrix_base::write_matrix_to_file will be deprecated in the future.
-------------------------------------------------------------------------------------------------------------
 T = 1.7375, DT = 0.002, NI = 1, LI = 1, RES = 1.8e-08 (6.8e-08), CFL=0.323 (ELAPSED 00:00:10 )
-------------------------------------------------------------------------------------------------------------
csr_matrix_base::write_matrix_to_file will be deprecated in the future.
	 #1 (2.5284e-02, 2.6738e-02): lin 1 (0.0e+00)
Composition correction applied in 7 block(s)
csr_matrix_base::write_matrix_to_file will be deprecated in the future.
	 #2 (1.9845e-02, 2.4786e-05): lin 1 (0.0e+00)
Composition correction applied in 7 block(s)
csr_matrix_base::write_matrix_to_file will be deprecated in the future.
	 #3 (1.9810e-02, 9.8741e-11): lin 1 (0.0e+00)
Composition correction applied in 7 block(s)
csr_matrix_base::write_matrix_to_file will be deprecated in the future.
	 #4 (1.9810e-02, 9.8741e-11): lin 1 (0.0e+00)
Composition correction applied in 7 block(s)
csr_matrix_base::write_matrix_to_file will be deprecated in the future.
	 #5 (1.9810e-02, 9.8741e-11): lin 1 (0.0e+00)
Composition correction applied in 7 block(s)
csr_matrix_base::write_matrix_to_file will be deprecated in the future.
FAILED TO CONVERGE WITH DT = 0.002 (newton residual reservoir) 
csr_matrix_base::write_matrix_to_file will be deprecated in the future.
csr_matrix_base::write_matrix_to_file will be deprecated in the future.
	 #1 (1.6596e-04, 1.7167e-05): lin 1 (0.0e+00)
Composition correction applied in 5 block(s)
csr_matrix_base::write_matrix_to_file will be deprecated in the future.
csr_matrix_base::write_matrix_to_file will be deprecated in the future.
-------------------------------------------------------------------------------------------------------------
 T = 1.7365, DT = 0.001, NI = 1, LI = 1, RES = 2.2e-09 (9.4e-10), CFL=0.161 (ELAPSED 00:00:10 )
-------------------------------------------------------------------------------------------------------------
csr_matrix_base::write_matrix_to_file will be deprecated in the future.
	 #1 (1.2594e-02, 1.3344e-02): lin 1 (0.0e+00)
Composition correction applied in 6 block(s)
csr_matrix_base::write_matrix_to_file will be deprecated in the future.
-------------------------------------------------------------------------------------------------------------
 T = 1.7365, DT = 0.001, NI = 1, LI = 1, RES = 9.7e-03 (6.0e-06), CFL=0.161 (ELAPSED 00:00:22 )
-------------------------------------------------------------------------------------------------------------
csr_matrix_base::write_matrix_to_file will be deprecated in the future.
csr_matrix_base::write_matrix_to_file will be deprecated in the future.
	 #1 (6.6639e-04, 2.4459e-04): lin 1 (0.0e+00)
Composition correction applied in 3 block(s)
csr_matrix_base::write_matrix_to_file will be deprecated in the future.
csr_matrix_base::write_matrix_to_file will be deprecated in the future.
-------------------------------------------------------------------------------------------------------------
 T = 1.7385, DT = 0.002, NI = 1, LI = 1, RES = 1.4e-08 (1.0e-07), CFL=0.323 (ELAPSED 00:00:10 )
-------------------------------------------------------------------------------------------------------------
csr_matrix_base::write_matrix_to_file will be deprecated in the future.
	 #1 (2.5050e-02, 2.4947e-02): lin 1 (0.0e+00)
Composition correction applied in 8 block(s)
csr_matrix_base::write_matrix_to_file will be deprecated in the future.
	 #2 (1.9760e-02, 2.0116e-05): lin 1 (0.0e+00)
Composition correction applied in 8 block(s)
csr_matrix_base::write_matrix_to_file will be deprecated in the future.
	 #3 (1.9655e-02, 5.4468e-11): lin 1 (0.0e+00)
Composition correction applied in 8 block(s)
csr_matrix_base::write_matrix_to_file will be deprecated in the future.
	 #4 (1.9655e-02, 5.4468e-11): lin 1 (0.0e+00)
Composition correction applied in 8 block(s)
csr_matrix_base::write_matrix_to_file will be deprecated in the future.
	 #5 (1.9655e-02, 5.4468e-11): lin 1 (0.0e+00)
Composition correction applied in 8 block(s)
csr_matrix_base::write_matrix_to_file will be deprecated in the future.
FAILED TO CONVERGE WITH DT = 0.002 (newton residual reservoir) 
csr_matrix_base::write_matrix_to_file will be deprecated in the future.
csr_matrix_base::write_matrix_to_file will be deprecated in the future.
	 #1 (1.4858e-04, 1.6972e-05): lin 1 (0.0e+00)
Composition correction applied in 3 block(s)
csr_matrix_base::write_matrix_to_file will be deprecated in the future.
csr_matrix_base::write_matrix_to_file will be deprecated in the future.
-------------------------------------------------------------------------------------------------------------
 T = 1.7375, DT = 0.001, NI = 1, LI = 1, RES = 1.0e-09 (8.0e-09), CFL=0.161 (ELAPSED 00:00:10 )
-------------------------------------------------------------------------------------------------------------
csr_matrix_base::write_matrix_to_file will be deprecated in the future.
	 #1 (1.2471e-02, 1.2449e-02): lin 1 (0.0e+00)
Composition correction applied in 6 block(s)
csr_matrix_base::write_matrix_to_file will be deprecated in the future.
-------------------------------------------------------------------------------------------------------------
 T = 1.7375, DT = 0.001, NI = 1, LI = 1, RES = 9.7e-03 (4.8e-06), CFL=0.161 (ELAPSED 00:00:22 )
-------------------------------------------------------------------------------------------------------------
csr_matrix_base::write_matrix_to_file will be deprecated in the future.
csr_matrix_base::write_matrix_to_file will be deprecated in the future.
	 #1 (6.5138e-04, 4.3930e-05): lin 1 (0.0e+00)
Composition correction applied in 2 block(s)
csr_matrix_base::write_matrix_to_file will be deprecated in the future.
csr_matrix_base::write_matrix_to_file will be deprecated in the future.
-------------------------------------------------------------------------------------------------------------
 T = 1.7395, DT = 0.002, NI = 1, LI = 1, RES = 1.2e-08 (1.3e-07), CFL=0.323 (ELAPSED 00:00:10 )
-------------------------------------------------------------------------------------------------------------
csr_matrix_base::write_matrix_to_file will be deprecated in the future.
	 #1 (2.4821e-02, 2.2689e-02): lin 1 (0.0e+00)
Composition correction applied in 8 block(s)
csr_matrix_base::write_matrix_to_file will be deprecated in the future.
	 #2 (1.9573e-02, 2.1169e-05): lin 1 (0.0e+00)
Composition correction applied in 8 block(s)
csr_matrix_base::write_matrix_to_file will be deprecated in the future.
	 #3 (1.9476e-02, 1.1409e-10): lin 1 (0.0e+00)
Composition correction applied in 8 block(s)
csr_matrix_base::write_matrix_to_file will be deprecated in the future.
	 #4 (1.9476e-02, 1.1409e-10): lin 1 (0.0e+00)
Composition correction applied in 8 block(s)
csr_matrix_base::write_matrix_to_file will be deprecated in the future.
	 #5 (1.9476e-02, 1.1409e-10): lin 1 (0.0e+00)
Composition correction applied in 8 block(s)
csr_matrix_base::write_matrix_to_file will be deprecated in the future.
FAILED TO CONVERGE WITH DT = 0.002 (newton residual reservoir) 
csr_matrix_base::write_matrix_to_file will be deprecated in the future.
csr_matrix_base::write_matrix_to_file will be deprecated in the future.
	 #1 (1.3475e-04, 1.7232e-05): lin 1 (0.0e+00)
Composition correction applied in 3 block(s)
csr_matrix_base::write_matrix_to_file will be deprecated in the future.
csr_matrix_base::write_matrix_to_file will be deprecated in the future.
-------------------------------------------------------------------------------------------------------------
 T = 1.7385, DT = 0.001, NI = 1, LI = 1, RES = 2.8e-10 (1.8e-08), CFL=0.161 (ELAPSED 00:00:10 )
-------------------------------------------------------------------------------------------------------------
csr_matrix_base::write_matrix_to_file will be deprecated in the future.
	 #1 (1.2354e-02, 1.1320e-02): lin 1 (0.0e+00)
Composition correction applied in 6 block(s)
csr_matrix_base::write_matrix_to_file will be deprecated in the future.
-------------------------------------------------------------------------------------------------------------
 T = 1.7385, DT = 0.001, NI = 1, LI = 1, RES = 9.6e-03 (4.8e-06), CFL=0.161 (ELAPSED 00:00:23 )
-------------------------------------------------------------------------------------------------------------
csr_matrix_base::write_matrix_to_file will be deprecated in the future.
csr_matrix_base::write_matrix_to_file will be deprecated in the future.
	 #1 (6.4989e-04, 1.5944e-04): lin 1 (0.0e+00)
Composition correction applied in 4 block(s)
csr_matrix_base::write_matrix_to_file will be deprecated in the future.
csr_matrix_base::write_matrix_to_file will be deprecated in the future.
-------------------------------------------------------------------------------------------------------------
 T = 1.7405, DT = 0.002, NI = 1, LI = 1, RES = 9.7e-09 (1.7e-07), CFL=0.322 (ELAPSED 00:00:10 )
-------------------------------------------------------------------------------------------------------------
csr_matrix_base::write_matrix_to_file will be deprecated in the future.
	 #1 (2.4598e-02, 2.0984e-02): lin 1 (0.0e+00)
Composition correction applied in 9 block(s)
csr_matrix_base::write_matrix_to_file will be deprecated in the future.
	 #2 (1.9411e-02, 1.8948e-05): lin 1 (0.0e+00)
Composition correction applied in 9 block(s)
csr_matrix_base::write_matrix_to_file will be deprecated in the future.
	 #3 (1.9319e-02, 1.8210e-12): lin 1 (0.0e+00)
Composition correction applied in 9 block(s)
csr_matrix_base::write_matrix_to_file will be deprecated in the future.
	 #4 (1.9319e-02, 2.2970e-14): lin 1 (0.0e+00)
Composition correction applied in 9 block(s)
csr_matrix_base::write_matrix_to_file will be deprecated in the future.
	 #5 (1.9319e-02, 9.9404e-15): lin 1 (0.0e+00)
Composition correction applied in 9 block(s)
csr_matrix_base::write_matrix_to_file will be deprecated in the future.
FAILED TO CONVERGE WITH DT = 0.002 (newton residual reservoir) 
csr_matrix_base::write_matrix_to_file will be deprecated in the future.
csr_matrix_base::write_matrix_to_file will be deprecated in the future.
	 #1 (1.2334e-04, 1.7212e-05): lin 1 (0.0e+00)
Composition correction applied in 3 block(s)
csr_matrix_base::write_matrix_to_file will be deprecated in the future.
csr_matrix_base::write_matrix_to_file will be deprecated in the future.
-------------------------------------------------------------------------------------------------------------
 T = 1.7395, DT = 0.001, NI = 1, LI = 1, RES = 3.6e-10 (3.1e-08), CFL=0.161 (ELAPSED 00:00:10 )
-------------------------------------------------------------------------------------------------------------
csr_matrix_base::write_matrix_to_file will be deprecated in the future.
	 #1 (1.2239e-02, 1.0468e-02): lin 1 (0.0e+00)
Composition correction applied in 7 block(s)
csr_matrix_base::write_matrix_to_file will be deprecated in the future.
-------------------------------------------------------------------------------------------------------------
 T = 1.7395, DT = 0.001, NI = 1, LI = 1, RES = 9.5e-03 (4.2e-06), CFL=0.161 (ELAPSED 00:00:23 )
-------------------------------------------------------------------------------------------------------------
csr_matrix_base::write_matrix_to_file will be deprecated in the future.
csr_matrix_base::write_matrix_to_file will be deprecated in the future.
	 #1 (6.5031e-04, 8.9073e-05): lin 1 (0.0e+00)
Composition correction applied in 2 block(s)
csr_matrix_base::write_matrix_to_file will be deprecated in the future.
csr_matrix_base::write_matrix_to_file will be deprecated in the future.
-------------------------------------------------------------------------------------------------------------
 T = 1.7415, DT = 0.002, NI = 1, LI = 1, RES = 8.3e-09 (2.0e-07), CFL=0.323 (ELAPSED 00:00:10 )
-------------------------------------------------------------------------------------------------------------
csr_matrix_base::write_matrix_to_file will be deprecated in the future.
	 #1 (2.4360e-02, 1.9200e-02): lin 1 (0.0e+00)
Composition correction applied in 9 block(s)
csr_matrix_base::write_matrix_to_file will be deprecated in the future.
	 #2 (1.9241e-02, 1.8066e-05): lin 1 (0.0e+00)
Composition correction applied in 9 block(s)
csr_matrix_base::write_matrix_to_file will be deprecated in the future.
	 #3 (1.9152e-02, 2.0656e-11): lin 1 (0.0e+00)
Composition correction applied in 9 block(s)
csr_matrix_base::write_matrix_to_file will be deprecated in the future.
	 #4 (1.9152e-02, 2.0656e-11): lin 1 (0.0e+00)
Composition correction applied in 9 block(s)
csr_matrix_base::write_matrix_to_file will be deprecated in the future.
	 #5 (1.9152e-02, 2.0656e-11): lin 1 (0.0e+00)
Composition correction applied in 9 block(s)
csr_matrix_base::write_matrix_to_file will be deprecated in the future.
FAILED TO CONVERGE WITH DT = 0.002 (newton residual reservoir) 
csr_matrix_base::write_matrix_to_file will be deprecated in the future.
csr_matrix_base::write_matrix_to_file will be deprecated in the future.
	 #1 (1.1501e-04, 1.7368e-05): lin 1 (0.0e+00)
Composition correction applied in 2 block(s)
csr_matrix_base::write_matrix_to_file will be deprecated in the future.
csr_matrix_base::write_matrix_to_file will be deprecated in the future.
-------------------------------------------------------------------------------------------------------------
 T = 1.7405, DT = 0.001, NI = 1, LI = 1, RES = 7.8e-10 (4.5e-08), CFL=0.161 (ELAPSED 00:00:10 )
-------------------------------------------------------------------------------------------------------------
csr_matrix_base::write_matrix_to_file will be deprecated in the future.
	 #1 (1.2117e-02, 9.5764e-03): lin 1 (0.0e+00)
Composition correction applied in 8 block(s)
csr_matrix_base::write_matrix_to_file will be deprecated in the future.
-------------------------------------------------------------------------------------------------------------
 T = 1.7405, DT = 0.001, NI = 1, LI = 1, RES = 9.4e-03 (3.9e-06), CFL=0.161 (ELAPSED 00:00:23 )
-------------------------------------------------------------------------------------------------------------
csr_matrix_base::write_matrix_to_file will be deprecated in the future.
csr_matrix_base::write_matrix_to_file will be deprecated in the future.
	 #1 (6.5064e-04, 1.2640e-04): lin 1 (0.0e+00)
Composition correction applied in 2 block(s)
csr_matrix_base::write_matrix_to_file will be deprecated in the future.
csr_matrix_base::write_matrix_to_file will be deprecated in the future.
-------------------------------------------------------------------------------------------------------------
 T = 1.7425, DT = 0.002, NI = 1, LI = 1, RES = 7.0e-09 (2.4e-07), CFL=0.323 (ELAPSED 00:00:10 )
-------------------------------------------------------------------------------------------------------------
csr_matrix_base::write_matrix_to_file will be deprecated in the future.
	 #1 (2.4122e-02, 1.7461e-02): lin 1 (0.0e+00)
Composition correction applied in 9 block(s)
csr_matrix_base::write_matrix_to_file will be deprecated in the future.
	 #2 (1.9061e-02, 1.6261e-05): lin 1 (0.0e+00)
Composition correction applied in 9 block(s)
csr_matrix_base::write_matrix_to_file will be deprecated in the future.
	 #3 (1.8971e-02, 2.9169e-14): lin 1 (0.0e+00)
Composition correction applied in 9 block(s)
csr_matrix_base::write_matrix_to_file will be deprecated in the future.
	 #4 (1.8971e-02, 1.0220e-14): lin 1 (0.0e+00)
Composition correction applied in 9 block(s)
csr_matrix_base::write_matrix_to_file will be deprecated in the future.
	 #5 (1.8971e-02, 9.1075e-15): lin 1 (0.0e+00)
Composition correction applied in 9 block(s)
csr_matrix_base::write_matrix_to_file will be deprecated in the future.
FAILED TO CONVERGE WITH DT = 0.002 (newton residual reservoir) 
csr_matrix_base::write_matrix_to_file will be deprecated in the future.
csr_matrix_base::write_matrix_to_file will be deprecated in the future.
	 #1 (1.0803e-04, 1.7427e-05): lin 1 (0.0e+00)
Composition correction applied in 4 block(s)
csr_matrix_base::write_matrix_to_file will be deprecated in the future.
csr_matrix_base::write_matrix_to_file will be deprecated in the future.
-------------------------------------------------------------------------------------------------------------
 T = 1.7415, DT = 0.001, NI = 1, LI = 1, RES = 1.1e-09 (6.0e-08), CFL=0.162 (ELAPSED 00:00:10 )
-------------------------------------------------------------------------------------------------------------
csr_matrix_base::write_matrix_to_file will be deprecated in the future.
	 #1 (1.1995e-02, 8.7074e-03): lin 1 (0.0e+00)
Composition correction applied in 8 block(s)
csr_matrix_base::write_matrix_to_file will be deprecated in the future.
-------------------------------------------------------------------------------------------------------------
 T = 1.7415, DT = 0.001, NI = 1, LI = 1, RES = 9.3e-03 (3.4e-06), CFL=0.161 (ELAPSED 00:00:23 )
-------------------------------------------------------------------------------------------------------------
csr_matrix_base::write_matrix_to_file will be deprecated in the future.
csr_matrix_base::write_matrix_to_file will be deprecated in the future.
	 #1 (6.5115e-04, 1.0091e-04): lin 1 (0.0e+00)
Composition correction applied in 5 block(s)
csr_matrix_base::write_matrix_to_file will be deprecated in the future.
csr_matrix_base::write_matrix_to_file will be deprecated in the future.
-------------------------------------------------------------------------------------------------------------
 T = 1.7435, DT = 0.002, NI = 1, LI = 1, RES = 6.0e-09 (2.7e-07), CFL=0.324 (ELAPSED 00:00:10 )
-------------------------------------------------------------------------------------------------------------
csr_matrix_base::write_matrix_to_file will be deprecated in the future.
	 #1 (2.3896e-02, 1.5678e-02): lin 1 (0.0e+00)
Composition correction applied in 10 block(s)
csr_matrix_base::write_matrix_to_file will be deprecated in the future.
	 #2 (1.8874e-02, 1.5139e-05): lin 1 (0.0e+00)
Composition correction applied in 10 block(s)
csr_matrix_base::write_matrix_to_file will be deprecated in the future.
	 #3 (1.8788e-02, 3.0505e-11): lin 1 (0.0e+00)
Composition correction applied in 10 block(s)
csr_matrix_base::write_matrix_to_file will be deprecated in the future.
	 #4 (1.8788e-02, 3.0505e-11): lin 1 (0.0e+00)
Composition correction applied in 10 block(s)
csr_matrix_base::write_matrix_to_file will be deprecated in the future.
	 #5 (1.8788e-02, 3.0505e-11): lin 1 (0.0e+00)
Composition correction applied in 10 block(s)
csr_matrix_base::write_matrix_to_file will be deprecated in the future.
FAILED TO CONVERGE WITH DT = 0.002 (newton residual reservoir) 
csr_matrix_base::write_matrix_to_file will be deprecated in the future.
csr_matrix_base::write_matrix_to_file will be deprecated in the future.
	 #1 (1.0264e-04, 1.7546e-05): lin 1 (0.0e+00)
Composition correction applied in 4 block(s)
csr_matrix_base::write_matrix_to_file will be deprecated in the future.
csr_matrix_base::write_matrix_to_file will be deprecated in the future.
-------------------------------------------------------------------------------------------------------------
 T = 1.7425, DT = 0.001, NI = 1, LI = 1, RES = 1.3e-09 (7.4e-08), CFL=0.162 (ELAPSED 00:00:10 )
-------------------------------------------------------------------------------------------------------------
csr_matrix_base::write_matrix_to_file will be deprecated in the future.
	 #1 (1.1880e-02, 7.8164e-03): lin 1 (0.0e+00)
Composition correction applied in 9 block(s)
csr_matrix_base::write_matrix_to_file will be deprecated in the future.
-------------------------------------------------------------------------------------------------------------
 T = 1.7425, DT = 0.001, NI = 1, LI = 1, RES = 9.3e-03 (3.1e-06), CFL=0.161 (ELAPSED 00:00:23 )
-------------------------------------------------------------------------------------------------------------
csr_matrix_base::write_matrix_to_file will be deprecated in the future.
csr_matrix_base::write_matrix_to_file will be deprecated in the future.
	 #1 (6.5014e-04, 1.1210e-04): lin 1 (0.0e+00)
Composition correction applied in 5 block(s)
csr_matrix_base::write_matrix_to_file will be deprecated in the future.
csr_matrix_base::write_matrix_to_file will be deprecated in the future.
-------------------------------------------------------------------------------------------------------------
 T = 1.7445, DT = 0.002, NI = 1, LI = 1, RES = 5.2e-09 (3.0e-07), CFL=0.324 (ELAPSED 00:00:10 )
-------------------------------------------------------------------------------------------------------------
csr_matrix_base::write_matrix_to_file will be deprecated in the future.
	 #1 (2.3681e-02, 1.4122e-02): lin 1 (0.0e+00)
Composition correction applied in 10 block(s)
csr_matrix_base::write_matrix_to_file will be deprecated in the future.
	 #2 (1.8694e-02, 1.3860e-05): lin 1 (0.0e+00)
Composition correction applied in 10 block(s)
csr_matrix_base::write_matrix_to_file will be deprecated in the future.
	 #3 (1.8605e-02, 3.8594e-11): lin 1 (0.0e+00)
Composition correction applied in 10 block(s)
csr_matrix_base::write_matrix_to_file will be deprecated in the future.
	 #4 (1.8605e-02, 3.8594e-11): lin 1 (0.0e+00)
Composition correction applied in 10 block(s)
csr_matrix_base::write_matrix_to_file will be deprecated in the future.
	 #5 (1.8605e-02, 3.8594e-11): lin 1 (0.0e+00)
Composition correction applied in 10 block(s)
csr_matrix_base::write_matrix_to_file will be deprecated in the future.
FAILED TO CONVERGE WITH DT = 0.002 (newton residual reservoir) 
csr_matrix_base::write_matrix_to_file will be deprecated in the future.
csr_matrix_base::write_matrix_to_file will be deprecated in the future.
	 #1 (9.8444e-05, 1.7632e-05): lin 1 (0.0e+00)
Composition correction applied in 6 block(s)
csr_matrix_base::write_matrix_to_file will be deprecated in the future.
csr_matrix_base::write_matrix_to_file will be deprecated in the future.
-------------------------------------------------------------------------------------------------------------
 T = 1.7435, DT = 0.001, NI = 1, LI = 1, RES = 1.5e-09 (8.7e-08), CFL=0.162 (ELAPSED 00:00:10 )
-------------------------------------------------------------------------------------------------------------
csr_matrix_base::write_matrix_to_file will be deprecated in the future.
	 #1 (1.1771e-02, 7.0391e-03): lin 1 (0.0e+00)
Composition correction applied in 9 block(s)
csr_matrix_base::write_matrix_to_file will be deprecated in the future.
-------------------------------------------------------------------------------------------------------------
 T = 1.7435, DT = 0.001, NI = 1, LI = 1, RES = 9.2e-03 (2.7e-06), CFL=0.161 (ELAPSED 00:00:23 )
-------------------------------------------------------------------------------------------------------------
csr_matrix_base::write_matrix_to_file will be deprecated in the future.
csr_matrix_base::write_matrix_to_file will be deprecated in the future.
	 #1 (6.4945e-04, 1.0326e-04): lin 1 (0.0e+00)
Composition correction applied in 3 block(s)
csr_matrix_base::write_matrix_to_file will be deprecated in the future.
csr_matrix_base::write_matrix_to_file will be deprecated in the future.
-------------------------------------------------------------------------------------------------------------
 T = 1.7455, DT = 0.002, NI = 1, LI = 1, RES = 4.5e-09 (3.2e-07), CFL=0.325 (ELAPSED 00:00:10 )
-------------------------------------------------------------------------------------------------------------
csr_matrix_base::write_matrix_to_file will be deprecated in the future.
	 #1 (2.3474e-02, 1.2713e-02): lin 1 (0.0e+00)
Composition correction applied in 10 block(s)
csr_matrix_base::write_matrix_to_file will be deprecated in the future.
	 #2 (1.8522e-02, 1.6843e-05): lin 1 (0.0e+00)
Composition correction applied in 10 block(s)
csr_matrix_base::write_matrix_to_file will be deprecated in the future.
	 #3 (1.8430e-02, 1.6878e-10): lin 1 (0.0e+00)
Composition correction applied in 10 block(s)
csr_matrix_base::write_matrix_to_file will be deprecated in the future.
	 #4 (1.8430e-02, 1.4635e-10): lin 1 (0.0e+00)
Composition correction applied in 10 block(s)
csr_matrix_base::write_matrix_to_file will be deprecated in the future.
	 #5 (1.8430e-02, 1.4635e-10): lin 1 (0.0e+00)
Composition correction applied in 10 block(s)
csr_matrix_base::write_matrix_to_file will be deprecated in the future.
FAILED TO CONVERGE WITH DT = 0.002 (newton residual reservoir) 
csr_matrix_base::write_matrix_to_file will be deprecated in the future.
csr_matrix_base::write_matrix_to_file will be deprecated in the future.
	 #1 (9.5177e-05, 1.7741e-05): lin 1 (0.0e+00)
Composition correction applied in 3 block(s)
csr_matrix_base::write_matrix_to_file will be deprecated in the future.
csr_matrix_base::write_matrix_to_file will be deprecated in the future.
-------------------------------------------------------------------------------------------------------------
 T = 1.7445, DT = 0.001, NI = 1, LI = 1, RES = 1.7e-09 (1.0e-07), CFL=0.162 (ELAPSED 00:00:10 )
-------------------------------------------------------------------------------------------------------------
csr_matrix_base::write_matrix_to_file will be deprecated in the future.
	 #1 (1.1666e-02, 6.3352e-03): lin 1 (0.0e+00)
Composition correction applied in 10 block(s)
csr_matrix_base::write_matrix_to_file will be deprecated in the future.
-------------------------------------------------------------------------------------------------------------
 T = 1.7445, DT = 0.001, NI = 1, LI = 1, RES = 9.1e-03 (2.5e-06), CFL=0.161 (ELAPSED 00:00:23 )
-------------------------------------------------------------------------------------------------------------
csr_matrix_base::write_matrix_to_file will be deprecated in the future.
csr_matrix_base::write_matrix_to_file will be deprecated in the future.
	 #1 (6.4817e-04, 1.0521e-04): lin 1 (0.0e+00)
Composition correction applied in 5 block(s)
csr_matrix_base::write_matrix_to_file will be deprecated in the future.
csr_matrix_base::write_matrix_to_file will be deprecated in the future.
-------------------------------------------------------------------------------------------------------------
 T = 1.7465, DT = 0.002, NI = 1, LI = 1, RES = 3.9e-09 (3.4e-07), CFL=0.325 (ELAPSED 00:00:10 )
-------------------------------------------------------------------------------------------------------------
csr_matrix_base::write_matrix_to_file will be deprecated in the future.
	 #1 (2.3276e-02, 1.1470e-02): lin 1 (0.0e+00)
Composition correction applied in 11 block(s)
csr_matrix_base::write_matrix_to_file will be deprecated in the future.
	 #2 (1.8362e-02, 5.8276e-04): lin 1 (0.0e+00)
Composition correction applied in 11 block(s)
csr_matrix_base::write_matrix_to_file will be deprecated in the future.
	 #3 (1.8266e-02, 7.8979e-10): lin 1 (0.0e+00)
Composition correction applied in 11 block(s)
csr_matrix_base::write_matrix_to_file will be deprecated in the future.
	 #4 (1.8266e-02, 2.0329e-14): lin 1 (0.0e+00)
Composition correction applied in 11 block(s)
csr_matrix_base::write_matrix_to_file will be deprecated in the future.
	 #5 (1.8266e-02, 9.6294e-15): lin 1 (0.0e+00)
Composition correction applied in 11 block(s)
csr_matrix_base::write_matrix_to_file will be deprecated in the future.
FAILED TO CONVERGE WITH DT = 0.002 (newton residual reservoir) 
csr_matrix_base::write_matrix_to_file will be deprecated in the future.
csr_matrix_base::write_matrix_to_file will be deprecated in the future.
	 #1 (9.2646e-05, 1.7841e-05): lin 1 (0.0e+00)
Composition correction applied in 6 block(s)
csr_matrix_base::write_matrix_to_file will be deprecated in the future.
csr_matrix_base::write_matrix_to_file will be deprecated in the future.
-------------------------------------------------------------------------------------------------------------
 T = 1.7455, DT = 0.001, NI = 1, LI = 1, RES = 1.8e-09 (1.1e-07), CFL=0.163 (ELAPSED 00:00:10 )
-------------------------------------------------------------------------------------------------------------
csr_matrix_base::write_matrix_to_file will be deprecated in the future.
	 #1 (1.1566e-02, 5.7141e-03): lin 1 (0.0e+00)
Composition correction applied in 10 block(s)
csr_matrix_base::write_matrix_to_file will be deprecated in the future.
-------------------------------------------------------------------------------------------------------------
 T = 1.7455, DT = 0.001, NI = 1, LI = 1, RES = 9.0e-03 (2.2e-06), CFL=0.162 (ELAPSED 00:00:23 )
-------------------------------------------------------------------------------------------------------------
csr_matrix_base::write_matrix_to_file will be deprecated in the future.
csr_matrix_base::write_matrix_to_file will be deprecated in the future.
	 #1 (6.4629e-04, 1.0123e-04): lin 1 (0.0e+00)
Composition correction applied in 4 block(s)
csr_matrix_base::write_matrix_to_file will be deprecated in the future.
csr_matrix_base::write_matrix_to_file will be deprecated in the future.
-------------------------------------------------------------------------------------------------------------
 T = 1.7475, DT = 0.002, NI = 1, LI = 1, RES = 3.4e-09 (3.6e-07), CFL=0.326 (ELAPSED 00:00:10 )
-------------------------------------------------------------------------------------------------------------
csr_matrix_base::write_matrix_to_file will be deprecated in the future.
	 #1 (2.3092e-02, 1.0356e-02): lin 1 (0.0e+00)
Composition correction applied in 11 block(s)
csr_matrix_base::write_matrix_to_file will be deprecated in the future.
	 #2 (1.8208e-02, 1.1703e-03): lin 1 (0.0e+00)
Composition correction applied in 11 block(s)
csr_matrix_base::write_matrix_to_file will be deprecated in the future.
	 #3 (1.8107e-02, 1.9047e-08): lin 1 (0.0e+00)
Composition correction applied in 11 block(s)
csr_matrix_base::write_matrix_to_file will be deprecated in the future.
	 #4 (1.8105e-02, 1.0527e-10): lin 1 (0.0e+00)
Composition correction applied in 11 block(s)
csr_matrix_base::write_matrix_to_file will be deprecated in the future.
	 #5 (1.8105e-02, 1.0527e-10): lin 1 (0.0e+00)
Composition correction applied in 11 block(s)
csr_matrix_base::write_matrix_to_file will be deprecated in the future.
FAILED TO CONVERGE WITH DT = 0.002 (newton residual reservoir) 
csr_matrix_base::write_matrix_to_file will be deprecated in the future.
csr_matrix_base::write_matrix_to_file will be deprecated in the future.
	 #1 (9.0636e-05, 1.7949e-05): lin 1 (0.0e+00)
Composition correction applied in 6 block(s)
csr_matrix_base::write_matrix_to_file will be deprecated in the future.
csr_matrix_base::write_matrix_to_file will be deprecated in the future.
-------------------------------------------------------------------------------------------------------------
 T = 1.7465, DT = 0.001, NI = 1, LI = 1, RES = 1.9e-09 (1.2e-07), CFL=0.163 (ELAPSED 00:00:10 )
-------------------------------------------------------------------------------------------------------------
csr_matrix_base::write_matrix_to_file will be deprecated in the future.
	 #1 (1.1474e-02, 5.1576e-03): lin 1 (0.0e+00)
Composition correction applied in 11 block(s)
csr_matrix_base::write_matrix_to_file will be deprecated in the future.
-------------------------------------------------------------------------------------------------------------
 T = 1.7465, DT = 0.001, NI = 1, LI = 1, RES = 8.9e-03 (2.9e-04), CFL=0.162 (ELAPSED 00:00:23 )
-------------------------------------------------------------------------------------------------------------
csr_matrix_base::write_matrix_to_file will be deprecated in the future.
csr_matrix_base::write_matrix_to_file will be deprecated in the future.
	 #1 (6.4382e-04, 1.9657e-04): lin 1 (0.0e+00)
Composition correction applied in 6 block(s)
csr_matrix_base::write_matrix_to_file will be deprecated in the future.
csr_matrix_base::write_matrix_to_file will be deprecated in the future.
-------------------------------------------------------------------------------------------------------------
 T = 1.7485, DT = 0.002, NI = 1, LI = 1, RES = 3.0e-09 (3.7e-07), CFL=0.326 (ELAPSED 00:00:10 )
-------------------------------------------------------------------------------------------------------------
csr_matrix_base::write_matrix_to_file will be deprecated in the future.
	 #1 (2.2920e-02, 9.4833e-03): lin 1 (0.0e+00)
Composition correction applied in 12 block(s)
csr_matrix_base::write_matrix_to_file will be deprecated in the future.
	 #2 (1.8067e-02, 2.7429e-05): lin 1 (0.0e+00)
Composition correction applied in 12 block(s)
csr_matrix_base::write_matrix_to_file will be deprecated in the future.
	 #3 (1.7948e-02, 2.7454e-14): lin 1 (0.0e+00)
Composition correction applied in 12 block(s)
csr_matrix_base::write_matrix_to_file will be deprecated in the future.
	 #4 (1.7948e-02, 7.7214e-15): lin 1 (0.0e+00)
Composition correction applied in 12 block(s)
csr_matrix_base::write_matrix_to_file will be deprecated in the future.
	 #5 (1.7948e-02, 1.2011e-14): lin 1 (0.0e+00)
Composition correction applied in 12 block(s)
csr_matrix_base::write_matrix_to_file will be deprecated in the future.
FAILED TO CONVERGE WITH DT = 0.002 (newton residual reservoir) 
csr_matrix_base::write_matrix_to_file will be deprecated in the future.
csr_matrix_base::write_matrix_to_file will be deprecated in the future.
	 #1 (8.9129e-05, 1.8056e-05): lin 1 (0.0e+00)
Composition correction applied in 7 block(s)
csr_matrix_base::write_matrix_to_file will be deprecated in the future.
csr_matrix_base::write_matrix_to_file will be deprecated in the future.
-------------------------------------------------------------------------------------------------------------
 T = 1.7475, DT = 0.001, NI = 1, LI = 1, RES = 1.9e-09 (1.3e-07), CFL=0.163 (ELAPSED 00:00:10 )
-------------------------------------------------------------------------------------------------------------
csr_matrix_base::write_matrix_to_file will be deprecated in the future.
	 #1 (1.1388e-02, 4.7219e-03): lin 1 (0.0e+00)
Composition correction applied in 11 block(s)
csr_matrix_base::write_matrix_to_file will be deprecated in the future.
-------------------------------------------------------------------------------------------------------------
 T = 1.7475, DT = 0.001, NI = 1, LI = 1, RES = 8.9e-03 (4.3e-06), CFL=0.162 (ELAPSED 00:00:23 )
-------------------------------------------------------------------------------------------------------------
csr_matrix_base::write_matrix_to_file will be deprecated in the future.
csr_matrix_base::write_matrix_to_file will be deprecated in the future.
	 #1 (6.4111e-04, 2.4514e-03): lin 1 (0.0e+00)
Composition correction applied in 4 block(s)
csr_matrix_base::write_matrix_to_file will be deprecated in the future.
csr_matrix_base::write_matrix_to_file will be deprecated in the future.
-------------------------------------------------------------------------------------------------------------
 T = 1.7495, DT = 0.002, NI = 1, LI = 1, RES = 2.6e-09 (3.8e-07), CFL=0.327 (ELAPSED 00:00:10 )
-------------------------------------------------------------------------------------------------------------
csr_matrix_base::write_matrix_to_file will be deprecated in the future.
	 #1 (2.2755e-02, 1.1515e-02): lin 1 (0.0e+00)
Composition correction applied in 13 block(s)
csr_matrix_base::write_matrix_to_file will be deprecated in the future.
	 #2 (1.7921e-02, 5.6323e-06): lin 1 (0.0e+00)
Composition correction applied in 13 block(s)
csr_matrix_base::write_matrix_to_file will be deprecated in the future.
	 #3 (1.7798e-02, 1.3639e-11): lin 1 (0.0e+00)
Composition correction applied in 13 block(s)
csr_matrix_base::write_matrix_to_file will be deprecated in the future.
	 #4 (1.7798e-02, 1.3639e-11): lin 1 (0.0e+00)
Composition correction applied in 13 block(s)
csr_matrix_base::write_matrix_to_file will be deprecated in the future.
	 #5 (1.7798e-02, 1.3639e-11): lin 1 (0.0e+00)
Composition correction applied in 13 block(s)
csr_matrix_base::write_matrix_to_file will be deprecated in the future.
FAILED TO CONVERGE WITH DT = 0.002 (newton residual reservoir) 
csr_matrix_base::write_matrix_to_file will be deprecated in the future.
csr_matrix_base::write_matrix_to_file will be deprecated in the future.
	 #1 (8.7878e-05, 1.6415e-05): lin 1 (0.0e+00)
Composition correction applied in 4 block(s)
csr_matrix_base::write_matrix_to_file will be deprecated in the future.
csr_matrix_base::write_matrix_to_file will be deprecated in the future.
-------------------------------------------------------------------------------------------------------------
 T = 1.7485, DT = 0.001, NI = 1, LI = 1, RES = 2.0e-09 (1.4e-07), CFL=0.163 (ELAPSED 00:00:10 )
-------------------------------------------------------------------------------------------------------------
csr_matrix_base::write_matrix_to_file will be deprecated in the future.
	 #1 (1.1305e-02, 5.7391e-03): lin 1 (0.0e+00)
Composition correction applied in 12 block(s)
csr_matrix_base::write_matrix_to_file will be deprecated in the future.
-------------------------------------------------------------------------------------------------------------
 T = 1.7485, DT = 0.001, NI = 1, LI = 1, RES = 8.8e-03 (1.2e-08), CFL=0.163 (ELAPSED 00:00:23 )
-------------------------------------------------------------------------------------------------------------
csr_matrix_base::write_matrix_to_file will be deprecated in the future.
csr_matrix_base::write_matrix_to_file will be deprecated in the future.
	 #1 (6.3566e-04, 5.1769e-04): lin 1 (0.0e+00)
Composition correction applied in 7 block(s)
csr_matrix_base::write_matrix_to_file will be deprecated in the future.
csr_matrix_base::write_matrix_to_file will be deprecated in the future.
-------------------------------------------------------------------------------------------------------------
 T = 1.7505, DT = 0.002, NI = 1, LI = 1, RES = 2.4e-09 (3.9e-07), CFL=0.327 (ELAPSED 00:00:10 )
-------------------------------------------------------------------------------------------------------------
csr_matrix_base::write_matrix_to_file will be deprecated in the future.
	 #1 (2.2594e-02, 7.0721e-03): lin 1 (0.0e+00)
Composition correction applied in 13 block(s)
csr_matrix_base::write_matrix_to_file will be deprecated in the future.
	 #2 (1.7717e-02, 1.7903e-05): lin 1 (0.0e+00)
Composition correction applied in 13 block(s)
csr_matrix_base::write_matrix_to_file will be deprecated in the future.
	 #3 (1.7656e-02, 2.7409e-11): lin 1 (0.0e+00)
Composition correction applied in 13 block(s)
csr_matrix_base::write_matrix_to_file will be deprecated in the future.
	 #4 (1.7656e-02, 7.0414e-15): lin 1 (0.0e+00)
Composition correction applied in 13 block(s)
csr_matrix_base::write_matrix_to_file will be deprecated in the future.
	 #5 (1.7656e-02, 7.6907e-15): lin 1 (0.0e+00)
Composition correction applied in 13 block(s)
csr_matrix_base::write_matrix_to_file will be deprecated in the future.
FAILED TO CONVERGE WITH DT = 0.002 (newton residual reservoir) 
csr_matrix_base::write_matrix_to_file will be deprecated in the future.
csr_matrix_base::write_matrix_to_file will be deprecated in the future.
	 #1 (8.6771e-05, 1.9012e-05): lin 1 (0.0e+00)
Composition correction applied in 7 block(s)
csr_matrix_base::write_matrix_to_file will be deprecated in the future.
csr_matrix_base::write_matrix_to_file will be deprecated in the future.
-------------------------------------------------------------------------------------------------------------
 T = 1.7495, DT = 0.001, NI = 1, LI = 1, RES = 2.0e-09 (1.5e-07), CFL=0.163 (ELAPSED 00:00:10 )
-------------------------------------------------------------------------------------------------------------
csr_matrix_base::write_matrix_to_file will be deprecated in the future.
	 #1 (1.1224e-02, 3.5164e-03): lin 1 (0.0e+00)
Composition correction applied in 12 block(s)
csr_matrix_base::write_matrix_to_file will be deprecated in the future.
-------------------------------------------------------------------------------------------------------------
 T = 1.7495, DT = 0.001, NI = 1, LI = 1, RES = 8.7e-03 (2.5e-06), CFL=0.163 (ELAPSED 00:00:23 )
-------------------------------------------------------------------------------------------------------------
csr_matrix_base::write_matrix_to_file will be deprecated in the future.
csr_matrix_base::write_matrix_to_file will be deprecated in the future.
	 #1 (6.4374e-04, 1.3995e-03): lin 1 (0.0e+00)
Composition correction applied in 5 block(s)
csr_matrix_base::write_matrix_to_file will be deprecated in the future.
csr_matrix_base::write_matrix_to_file will be deprecated in the future.
-------------------------------------------------------------------------------------------------------------
 T = 1.7515, DT = 0.002, NI = 1, LI = 1, RES = 2.1e-09 (4.1e-07), CFL=0.328 (ELAPSED 00:00:11 )
-------------------------------------------------------------------------------------------------------------
csr_matrix_base::write_matrix_to_file will be deprecated in the future.
	 #1 (2.2440e-02, 8.6539e-03): lin 1 (0.0e+00)
Composition correction applied in 14 block(s)
csr_matrix_base::write_matrix_to_file will be deprecated in the future.
	 #2 (1.7595e-02, 9.0279e-06): lin 1 (0.0e+00)
Composition correction applied in 14 block(s)
csr_matrix_base::write_matrix_to_file will be deprecated in the future.
	 #3 (1.7524e-02, 9.1607e-11): lin 1 (0.0e+00)
Composition correction applied in 14 block(s)
csr_matrix_base::write_matrix_to_file will be deprecated in the future.
	 #4 (1.7524e-02, 2.8621e-14): lin 1 (0.0e+00)
Composition correction applied in 14 block(s)
csr_matrix_base::write_matrix_to_file will be deprecated in the future.
	 #5 (1.7524e-02, 1.3342e-14): lin 1 (0.0e+00)
Composition correction applied in 14 block(s)
csr_matrix_base::write_matrix_to_file will be deprecated in the future.
FAILED TO CONVERGE WITH DT = 0.002 (newton residual reservoir) 
csr_matrix_base::write_matrix_to_file will be deprecated in the future.
csr_matrix_base::write_matrix_to_file will be deprecated in the future.
	 #1 (8.7184e-05, 1.7523e-05): lin 1 (0.0e+00)
Composition correction applied in 4 block(s)
csr_matrix_base::write_matrix_to_file will be deprecated in the future.
csr_matrix_base::write_matrix_to_file will be deprecated in the future.
-------------------------------------------------------------------------------------------------------------
 T = 1.7505, DT = 0.001, NI = 1, LI = 1, RES = 2.1e-09 (1.6e-07), CFL=0.164 (ELAPSED 00:00:11 )
-------------------------------------------------------------------------------------------------------------
csr_matrix_base::write_matrix_to_file will be deprecated in the future.
	 #1 (1.1147e-02, 4.3088e-03): lin 1 (0.0e+00)
Composition correction applied in 13 block(s)
csr_matrix_base::write_matrix_to_file will be deprecated in the future.
-------------------------------------------------------------------------------------------------------------
 T = 1.7505, DT = 0.001, NI = 1, LI = 1, RES = 8.6e-03 (7.7e-07), CFL=0.164 (ELAPSED 00:00:23 )
-------------------------------------------------------------------------------------------------------------
csr_matrix_base::write_matrix_to_file will be deprecated in the future.
csr_matrix_base::write_matrix_to_file will be deprecated in the future.
	 #1 (6.3906e-04, 1.7831e-04): lin 1 (0.0e+00)
Composition correction applied in 6 block(s)
csr_matrix_base::write_matrix_to_file will be deprecated in the future.
csr_matrix_base::write_matrix_to_file will be deprecated in the future.
-------------------------------------------------------------------------------------------------------------
 T = 1.7525, DT = 0.002, NI = 1, LI = 1, RES = 1.9e-09 (4.1e-07), CFL=0.328 (ELAPSED 00:00:11 )
-------------------------------------------------------------------------------------------------------------
csr_matrix_base::write_matrix_to_file will be deprecated in the future.
	 #1 (2.2292e-02, 6.5832e-03): lin 1 (0.0e+00)
Composition correction applied in 15 block(s)
csr_matrix_base::write_matrix_to_file will be deprecated in the future.
	 #2 (1.7482e-02, 1.2767e-05): lin 1 (0.0e+00)
Composition correction applied in 15 block(s)
csr_matrix_base::write_matrix_to_file will be deprecated in the future.
	 #3 (1.7401e-02, 9.8066e-13): lin 1 (0.0e+00)
Composition correction applied in 15 block(s)
csr_matrix_base::write_matrix_to_file will be deprecated in the future.
	 #4 (1.7400e-02, 7.5246e-15): lin 1 (0.0e+00)
Composition correction applied in 15 block(s)
csr_matrix_base::write_matrix_to_file will be deprecated in the future.
	 #5 (1.7400e-02, 8.7481e-15): lin 1 (0.0e+00)
Composition correction applied in 15 block(s)
csr_matrix_base::write_matrix_to_file will be deprecated in the future.
FAILED TO CONVERGE WITH DT = 0.002 (newton residual reservoir) 
csr_matrix_base::write_matrix_to_file will be deprecated in the future.
csr_matrix_base::write_matrix_to_file will be deprecated in the future.
	 #1 (8.6463e-05, 1.8673e-05): lin 1 (0.0e+00)
Composition correction applied in 6 block(s)
csr_matrix_base::write_matrix_to_file will be deprecated in the future.
csr_matrix_base::write_matrix_to_file will be deprecated in the future.
-------------------------------------------------------------------------------------------------------------
 T = 1.7515, DT = 0.001, NI = 1, LI = 1, RES = 2.1e-09 (1.6e-07), CFL=0.164 (ELAPSED 00:00:11 )
-------------------------------------------------------------------------------------------------------------
csr_matrix_base::write_matrix_to_file will be deprecated in the future.
	 #1 (1.1072e-02, 3.2730e-03): lin 1 (0.0e+00)
Composition correction applied in 14 block(s)
csr_matrix_base::write_matrix_to_file will be deprecated in the future.
-------------------------------------------------------------------------------------------------------------
 T = 1.7515, DT = 0.001, NI = 1, LI = 1, RES = 8.6e-03 (1.5e-06), CFL=0.162 (ELAPSED 00:00:23 )
-------------------------------------------------------------------------------------------------------------
csr_matrix_base::write_matrix_to_file will be deprecated in the future.
csr_matrix_base::write_matrix_to_file will be deprecated in the future.
	 #1 (6.3412e-04, 9.4953e-04): lin 1 (0.0e+00)
Composition correction applied in 9 block(s)
csr_matrix_base::write_matrix_to_file will be deprecated in the future.
csr_matrix_base::write_matrix_to_file will be deprecated in the future.
-------------------------------------------------------------------------------------------------------------
 T = 1.7535, DT = 0.002, NI = 1, LI = 1, RES = 1.8e-09 (4.2e-07), CFL=0.329 (ELAPSED 00:00:11 )
-------------------------------------------------------------------------------------------------------------
csr_matrix_base::write_matrix_to_file will be deprecated in the future.
	 #1 (2.2152e-02, 6.9479e-03): lin 1 (0.0e+00)
Composition correction applied in 16 block(s)
csr_matrix_base::write_matrix_to_file will be deprecated in the future.
	 #2 (1.7393e-02, 9.2336e-06): lin 1 (0.0e+00)
Composition correction applied in 16 block(s)
csr_matrix_base::write_matrix_to_file will be deprecated in the future.
	 #3 (1.7287e-02, 2.1639e-12): lin 1 (0.0e+00)
Composition correction applied in 16 block(s)
csr_matrix_base::write_matrix_to_file will be deprecated in the future.
	 #4 (1.7287e-02, 1.6606e-14): lin 1 (0.0e+00)
Composition correction applied in 16 block(s)
csr_matrix_base::write_matrix_to_file will be deprecated in the future.
	 #5 (1.7287e-02, 1.6821e-14): lin 1 (0.0e+00)
Composition correction applied in 16 block(s)
csr_matrix_base::write_matrix_to_file will be deprecated in the future.
FAILED TO CONVERGE WITH DT = 0.002 (newton residual reservoir) 
csr_matrix_base::write_matrix_to_file will be deprecated in the future.
csr_matrix_base::write_matrix_to_file will be deprecated in the future.
	 #1 (8.5827e-05, 1.8129e-05): lin 1 (0.0e+00)
Composition correction applied in 10 block(s)
csr_matrix_base::write_matrix_to_file will be deprecated in the future.
csr_matrix_base::write_matrix_to_file will be deprecated in the future.
-------------------------------------------------------------------------------------------------------------
 T = 1.7525, DT = 0.001, NI = 1, LI = 1, RES = 2.2e-09 (1.7e-07), CFL=0.164 (ELAPSED 00:00:11 )
-------------------------------------------------------------------------------------------------------------
csr_matrix_base::write_matrix_to_file will be deprecated in the future.
	 #1 (1.1003e-02, 3.4560e-03): lin 1 (0.0e+00)
Composition correction applied in 15 block(s)
csr_matrix_base::write_matrix_to_file will be deprecated in the future.
-------------------------------------------------------------------------------------------------------------
 T = 1.7525, DT = 0.001, NI = 1, LI = 1, RES = 8.5e-03 (8.8e-07), CFL=0.162 (ELAPSED 00:00:23 )
-------------------------------------------------------------------------------------------------------------
csr_matrix_base::write_matrix_to_file will be deprecated in the future.
csr_matrix_base::write_matrix_to_file will be deprecated in the future.
	 #1 (6.2904e-04, 4.6842e-04): lin 1 (0.0e+00)
Composition correction applied in 7 block(s)
csr_matrix_base::write_matrix_to_file will be deprecated in the future.
csr_matrix_base::write_matrix_to_file will be deprecated in the future.
-------------------------------------------------------------------------------------------------------------
 T = 1.7545, DT = 0.002, NI = 1, LI = 1, RES = 1.7e-09 (4.1e-07), CFL=0.329 (ELAPSED 00:00:11 )
-------------------------------------------------------------------------------------------------------------
csr_matrix_base::write_matrix_to_file will be deprecated in the future.
	 #1 (2.2020e-02, 5.8918e-03): lin 1 (0.0e+00)
Composition correction applied in 18 block(s)
csr_matrix_base::write_matrix_to_file will be deprecated in the future.
	 #2 (1.7302e-02, 6.3067e-02): lin 1 (0.0e+00)
Composition correction applied in 18 block(s)
csr_matrix_base::write_matrix_to_file will be deprecated in the future.
	 #3 (1.7188e-02, 6.4480e-02): lin 1 (0.0e+00)
Composition correction applied in 18 block(s)
csr_matrix_base::write_matrix_to_file will be deprecated in the future.
	 #4 (1.7188e-02, 6.4482e-02): lin 1 (0.0e+00)
Composition correction applied in 18 block(s)
csr_matrix_base::write_matrix_to_file will be deprecated in the future.
	 #5 (1.7188e-02, 6.4482e-02): lin 1 (0.0e+00)
Composition correction applied in 18 block(s)
csr_matrix_base::write_matrix_to_file will be deprecated in the future.
FAILED TO CONVERGE WITH DT = 0.002 (newton residual reservoir) 
csr_matrix_base::write_matrix_to_file will be deprecated in the future.
csr_matrix_base::write_matrix_to_file will be deprecated in the future.
	 #1 (8.5231e-05, 1.8652e-05): lin 1 (0.0e+00)
Composition correction applied in 8 block(s)
csr_matrix_base::write_matrix_to_file will be deprecated in the future.
csr_matrix_base::write_matrix_to_file will be deprecated in the future.
-------------------------------------------------------------------------------------------------------------
 T = 1.7535, DT = 0.001, NI = 1, LI = 1, RES = 2.2e-09 (1.7e-07), CFL=0.164 (ELAPSED 00:00:11 )
-------------------------------------------------------------------------------------------------------------
csr_matrix_base::write_matrix_to_file will be deprecated in the future.
	 #1 (1.0937e-02, 2.9278e-03): lin 1 (0.0e+00)
Composition correction applied in 16 block(s)
csr_matrix_base::write_matrix_to_file will be deprecated in the future.
-------------------------------------------------------------------------------------------------------------
 T = 1.7535, DT = 0.001, NI = 1, LI = 1, RES = 8.5e-03 (1.1e-06), CFL=0.162 (ELAPSED 00:00:23 )
-------------------------------------------------------------------------------------------------------------
csr_matrix_base::write_matrix_to_file will be deprecated in the future.
csr_matrix_base::write_matrix_to_file will be deprecated in the future.
	 #1 (6.2148e-04, 7.7958e-04): lin 1 (0.0e+00)
Composition correction applied in 7 block(s)
csr_matrix_base::write_matrix_to_file will be deprecated in the future.
csr_matrix_base::write_matrix_to_file will be deprecated in the future.
-------------------------------------------------------------------------------------------------------------
 T = 1.7555, DT = 0.002, NI = 1, LI = 1, RES = 1.6e-09 (4.2e-07), CFL=0.330 (ELAPSED 00:00:11 )
-------------------------------------------------------------------------------------------------------------
csr_matrix_base::write_matrix_to_file will be deprecated in the future.
	 #1 (2.1896e-02, 5.8293e-03): lin 1 (0.0e+00)
Composition correction applied in 19 block(s)
csr_matrix_base::write_matrix_to_file will be deprecated in the future.
	 #2 (1.7157e-02, 7.7945e-02): lin 1 (0.0e+00)
Composition correction applied in 19 block(s)
csr_matrix_base::write_matrix_to_file will be deprecated in the future.
	 #3 (1.7094e-02, 8.0184e-02): lin 1 (0.0e+00)
Composition correction applied in 19 block(s)
csr_matrix_base::write_matrix_to_file will be deprecated in the future.
	 #4 (1.7094e-02, 8.0184e-02): lin 1 (0.0e+00)
Composition correction applied in 19 block(s)
csr_matrix_base::write_matrix_to_file will be deprecated in the future.
	 #5 (1.7094e-02, 8.0184e-02): lin 1 (0.0e+00)
Composition correction applied in 19 block(s)
csr_matrix_base::write_matrix_to_file will be deprecated in the future.
FAILED TO CONVERGE WITH DT = 0.002 (newton residual reservoir) 
csr_matrix_base::write_matrix_to_file will be deprecated in the future.
csr_matrix_base::write_matrix_to_file will be deprecated in the future.
	 #1 (8.4512e-05, 1.8510e-05): lin 1 (0.0e+00)
Composition correction applied in 9 block(s)
csr_matrix_base::write_matrix_to_file will be deprecated in the future.
csr_matrix_base::write_matrix_to_file will be deprecated in the future.
-------------------------------------------------------------------------------------------------------------
 T = 1.7545, DT = 0.001, NI = 1, LI = 1, RES = 2.2e-09 (1.7e-07), CFL=0.165 (ELAPSED 00:00:11 )
-------------------------------------------------------------------------------------------------------------
csr_matrix_base::write_matrix_to_file will be deprecated in the future.
	 #1 (1.0876e-02, 2.9723e-03): lin 1 (0.0e+00)
Composition correction applied in 18 block(s)
csr_matrix_base::write_matrix_to_file will be deprecated in the future.
-------------------------------------------------------------------------------------------------------------
 T = 1.7545, DT = 0.001, NI = 1, LI = 1, RES = 8.4e-03 (2.2e-02), CFL=0.162 (ELAPSED 00:00:23 )
-------------------------------------------------------------------------------------------------------------
csr_matrix_base::write_matrix_to_file will be deprecated in the future.
csr_matrix_base::write_matrix_to_file will be deprecated in the future.
	 #1 (6.2707e-04, 8.6353e-04): lin 1 (0.0e+00)
Composition correction applied in 6 block(s)
csr_matrix_base::write_matrix_to_file will be deprecated in the future.
csr_matrix_base::write_matrix_to_file will be deprecated in the future.
-------------------------------------------------------------------------------------------------------------
 T = 1.7565, DT = 0.002, NI = 1, LI = 1, RES = 1.5e-09 (4.3e-07), CFL=0.330 (ELAPSED 00:00:11 )
-------------------------------------------------------------------------------------------------------------
csr_matrix_base::write_matrix_to_file will be deprecated in the future.
	 #1 (2.1783e-02, 4.7705e-02): lin 1 (0.0e+00)
Composition correction applied in 19 block(s)
csr_matrix_base::write_matrix_to_file will be deprecated in the future.
	 #2 (1.7109e-02, 8.2551e-02): lin 1 (0.0e+00)
Composition correction applied in 19 block(s)
csr_matrix_base::write_matrix_to_file will be deprecated in the future.
	 #3 (1.7030e-02, 8.2553e-02): lin 1 (0.0e+00)
Composition correction applied in 19 block(s)
csr_matrix_base::write_matrix_to_file will be deprecated in the future.
	 #4 (1.7030e-02, 8.2553e-02): lin 1 (0.0e+00)
Composition correction applied in 19 block(s)
csr_matrix_base::write_matrix_to_file will be deprecated in the future.
	 #5 (1.7030e-02, 8.2553e-02): lin 1 (0.0e+00)
Composition correction applied in 19 block(s)
csr_matrix_base::write_matrix_to_file will be deprecated in the future.
FAILED TO CONVERGE WITH DT = 0.002 (newton residual reservoir) 
csr_matrix_base::write_matrix_to_file will be deprecated in the future.
csr_matrix_base::write_matrix_to_file will be deprecated in the future.
	 #1 (8.5185e-05, 1.8395e-05): lin 1 (0.0e+00)
Composition correction applied in 7 block(s)
csr_matrix_base::write_matrix_to_file will be deprecated in the future.
csr_matrix_base::write_matrix_to_file will be deprecated in the future.
-------------------------------------------------------------------------------------------------------------
 T = 1.7555, DT = 0.001, NI = 1, LI = 1, RES = 2.2e-09 (1.8e-07), CFL=0.165 (ELAPSED 00:00:11 )
-------------------------------------------------------------------------------------------------------------
csr_matrix_base::write_matrix_to_file will be deprecated in the future.
	 #1 (1.0819e-02, 2.3813e-02): lin 1 (0.0e+00)
Composition correction applied in 19 block(s)
csr_matrix_base::write_matrix_to_file will be deprecated in the future.
-------------------------------------------------------------------------------------------------------------
 T = 1.7555, DT = 0.001, NI = 1, LI = 1, RES = 8.4e-03 (4.1e-02), CFL=0.162 (ELAPSED 00:00:23 )
-------------------------------------------------------------------------------------------------------------
csr_matrix_base::write_matrix_to_file will be deprecated in the future.
csr_matrix_base::write_matrix_to_file will be deprecated in the future.
	 #1 (6.2119e-04, 1.6259e-03): lin 1 (0.0e+00)
Composition correction applied in 8 block(s)
csr_matrix_base::write_matrix_to_file will be deprecated in the future.
csr_matrix_base::write_matrix_to_file will be deprecated in the future.
-------------------------------------------------------------------------------------------------------------
 T = 1.7575, DT = 0.002, NI = 1, LI = 1, RES = 1.4e-09 (4.3e-07), CFL=0.331 (ELAPSED 00:00:11 )
-------------------------------------------------------------------------------------------------------------
csr_matrix_base::write_matrix_to_file will be deprecated in the future.
	 #1 (2.1680e-02, 8.1519e-02): lin 1 (0.0e+00)
Composition correction applied in 18 block(s)
csr_matrix_base::write_matrix_to_file will be deprecated in the future.
	 #2 (1.7080e-02, 7.8746e-02): lin 1 (0.0e+00)
Composition correction applied in 18 block(s)
csr_matrix_base::write_matrix_to_file will be deprecated in the future.
	 #3 (1.6982e-02, 7.8749e-02): lin 1 (0.0e+00)
Composition correction applied in 18 block(s)
csr_matrix_base::write_matrix_to_file will be deprecated in the future.
	 #4 (1.6982e-02, 7.8749e-02): lin 1 (0.0e+00)
Composition correction applied in 18 block(s)
csr_matrix_base::write_matrix_to_file will be deprecated in the future.
	 #5 (1.6982e-02, 7.8749e-02): lin 1 (0.0e+00)
Composition correction applied in 18 block(s)
csr_matrix_base::write_matrix_to_file will be deprecated in the future.
FAILED TO CONVERGE WITH DT = 0.002 (newton residual reservoir) 
csr_matrix_base::write_matrix_to_file will be deprecated in the future.
csr_matrix_base::write_matrix_to_file will be deprecated in the future.
	 #1 (8.4703e-05, 2.0558e-05): lin 1 (0.0e+00)
Composition correction applied in 8 block(s)
csr_matrix_base::write_matrix_to_file will be deprecated in the future.
csr_matrix_base::write_matrix_to_file will be deprecated in the future.
-------------------------------------------------------------------------------------------------------------
 T = 1.7565, DT = 0.001, NI = 1, LI = 1, RES = 2.2e-09 (1.8e-07), CFL=0.165 (ELAPSED 00:00:11 )
-------------------------------------------------------------------------------------------------------------
csr_matrix_base::write_matrix_to_file will be deprecated in the future.
	 #1 (1.0768e-02, 4.0700e-02): lin 1 (0.0e+00)
Composition correction applied in 19 block(s)
csr_matrix_base::write_matrix_to_file will be deprecated in the future.
-------------------------------------------------------------------------------------------------------------
 T = 1.7565, DT = 0.001, NI = 1, LI = 1, RES = 8.4e-03 (4.0e-02), CFL=0.162 (ELAPSED 00:00:23 )
-------------------------------------------------------------------------------------------------------------
csr_matrix_base::write_matrix_to_file will be deprecated in the future.
csr_matrix_base::write_matrix_to_file will be deprecated in the future.
	 #1 (6.1429e-04, 1.2438e-03): lin 1 (0.0e+00)
Composition correction applied in 10 block(s)
csr_matrix_base::write_matrix_to_file will be deprecated in the future.
csr_matrix_base::write_matrix_to_file will be deprecated in the future.
-------------------------------------------------------------------------------------------------------------
 T = 1.7585, DT = 0.002, NI = 1, LI = 1, RES = 1.4e-09 (4.3e-07), CFL=0.331 (ELAPSED 00:00:11 )
-------------------------------------------------------------------------------------------------------------
csr_matrix_base::write_matrix_to_file will be deprecated in the future.
	 #1 (2.1588e-02, 8.2130e-02): lin 1 (0.0e+00)
Composition correction applied in 18 block(s)
csr_matrix_base::write_matrix_to_file will be deprecated in the future.
	 #2 (1.7004e-02, 8.1219e-02): lin 1 (0.0e+00)
Composition correction applied in 18 block(s)
csr_matrix_base::write_matrix_to_file will be deprecated in the future.
	 #3 (1.6940e-02, 8.1221e-02): lin 1 (0.0e+00)
Composition correction applied in 18 block(s)
csr_matrix_base::write_matrix_to_file will be deprecated in the future.
	 #4 (1.6940e-02, 8.1221e-02): lin 1 (0.0e+00)
Composition correction applied in 18 block(s)
csr_matrix_base::write_matrix_to_file will be deprecated in the future.
	 #5 (1.6940e-02, 8.1221e-02): lin 1 (0.0e+00)
Composition correction applied in 18 block(s)
csr_matrix_base::write_matrix_to_file will be deprecated in the future.
FAILED TO CONVERGE WITH DT = 0.002 (newton residual reservoir) 
csr_matrix_base::write_matrix_to_file will be deprecated in the future.
csr_matrix_base::write_matrix_to_file will be deprecated in the future.
	 #1 (8.4083e-05, 1.8309e-05): lin 1 (0.0e+00)
Composition correction applied in 11 block(s)
csr_matrix_base::write_matrix_to_file will be deprecated in the future.
csr_matrix_base::write_matrix_to_file will be deprecated in the future.
-------------------------------------------------------------------------------------------------------------
 T = 1.7575, DT = 0.001, NI = 1, LI = 1, RES = 2.2e-09 (1.9e-07), CFL=0.165 (ELAPSED 00:00:11 )
-------------------------------------------------------------------------------------------------------------
csr_matrix_base::write_matrix_to_file will be deprecated in the future.
	 #1 (1.0723e-02, 4.1008e-02): lin 1 (0.0e+00)
Composition correction applied in 19 block(s)
csr_matrix_base::write_matrix_to_file will be deprecated in the future.
-------------------------------------------------------------------------------------------------------------
 T = 1.7575, DT = 0.001, NI = 1, LI = 1, RES = 8.4e-03 (4.1e-02), CFL=0.163 (ELAPSED 00:00:23 )
-------------------------------------------------------------------------------------------------------------
csr_matrix_base::write_matrix_to_file will be deprecated in the future.
csr_matrix_base::write_matrix_to_file will be deprecated in the future.
	 #1 (6.1806e-04, 6.8136e-04): lin 1 (0.0e+00)
Composition correction applied in 6 block(s)
csr_matrix_base::write_matrix_to_file will be deprecated in the future.
csr_matrix_base::write_matrix_to_file will be deprecated in the future.
-------------------------------------------------------------------------------------------------------------
 T = 1.7595, DT = 0.002, NI = 1, LI = 1, RES = 1.4e-09 (4.4e-07), CFL=0.332 (ELAPSED 00:00:11 )
-------------------------------------------------------------------------------------------------------------
csr_matrix_base::write_matrix_to_file will be deprecated in the future.
	 #1 (2.1509e-02, 8.1664e-02): lin 1 (0.0e+00)
Composition correction applied in 19 block(s)
csr_matrix_base::write_matrix_to_file will be deprecated in the future.
	 #2 (1.7010e-02, 7.9479e-02): lin 1 (0.0e+00)
Composition correction applied in 19 block(s)
csr_matrix_base::write_matrix_to_file will be deprecated in the future.
	 #3 (1.6918e-02, 7.9482e-02): lin 1 (0.0e+00)
Composition correction applied in 19 block(s)
csr_matrix_base::write_matrix_to_file will be deprecated in the future.
	 #4 (1.6918e-02, 7.9482e-02): lin 1 (0.0e+00)
Composition correction applied in 19 block(s)
csr_matrix_base::write_matrix_to_file will be deprecated in the future.
	 #5 (1.6918e-02, 7.9482e-02): lin 1 (0.0e+00)
Composition correction applied in 19 block(s)
csr_matrix_base::write_matrix_to_file will be deprecated in the future.
FAILED TO CONVERGE WITH DT = 0.002 (newton residual reservoir) 
csr_matrix_base::write_matrix_to_file will be deprecated in the future.
csr_matrix_base::write_matrix_to_file will be deprecated in the future.
	 #1 (8.4623e-05, 2.0019e-05): lin 1 (0.0e+00)
Composition correction applied in 7 block(s)
csr_matrix_base::write_matrix_to_file will be deprecated in the future.
csr_matrix_base::write_matrix_to_file will be deprecated in the future.
-------------------------------------------------------------------------------------------------------------
 T = 1.7585, DT = 0.001, NI = 1, LI = 1, RES = 2.3e-09 (1.9e-07), CFL=0.166 (ELAPSED 00:00:11 )
-------------------------------------------------------------------------------------------------------------
csr_matrix_base::write_matrix_to_file will be deprecated in the future.
	 #1 (1.0684e-02, 4.0773e-02): lin 1 (0.0e+00)
Composition correction applied in 19 block(s)
csr_matrix_base::write_matrix_to_file will be deprecated in the future.
-------------------------------------------------------------------------------------------------------------
 T = 1.7585, DT = 0.001, NI = 1, LI = 1, RES = 8.4e-03 (4.0e-02), CFL=0.163 (ELAPSED 00:00:24 )
-------------------------------------------------------------------------------------------------------------
csr_matrix_base::write_matrix_to_file will be deprecated in the future.
csr_matrix_base::write_matrix_to_file will be deprecated in the future.
	 #1 (6.1242e-04, 6.1147e-04): lin 1 (0.0e+00)
Composition correction applied in 6 block(s)
csr_matrix_base::write_matrix_to_file will be deprecated in the future.
csr_matrix_base::write_matrix_to_file will be deprecated in the future.
-------------------------------------------------------------------------------------------------------------
 T = 1.7605, DT = 0.002, NI = 1, LI = 1, RES = 1.3e-09 (4.3e-07), CFL=0.332 (ELAPSED 00:00:11 )
-------------------------------------------------------------------------------------------------------------
csr_matrix_base::write_matrix_to_file will be deprecated in the future.
	 #1 (2.1440e-02, 8.1918e-02): lin 1 (0.0e+00)
Composition correction applied in 19 block(s)
csr_matrix_base::write_matrix_to_file will be deprecated in the future.
	 #2 (1.7009e-02, 8.0571e-02): lin 1 (0.0e+00)
Composition correction applied in 19 block(s)
csr_matrix_base::write_matrix_to_file will be deprecated in the future.
	 #3 (1.6914e-02, 8.0573e-02): lin 1 (0.0e+00)
Composition correction applied in 19 block(s)
csr_matrix_base::write_matrix_to_file will be deprecated in the future.
	 #4 (1.6914e-02, 8.0573e-02): lin 1 (0.0e+00)
Composition correction applied in 19 block(s)
csr_matrix_base::write_matrix_to_file will be deprecated in the future.
	 #5 (1.6914e-02, 8.0573e-02): lin 1 (0.0e+00)
Composition correction applied in 19 block(s)
csr_matrix_base::write_matrix_to_file will be deprecated in the future.
FAILED TO CONVERGE WITH DT = 0.002 (newton residual reservoir) 
csr_matrix_base::write_matrix_to_file will be deprecated in the future.
csr_matrix_base::write_matrix_to_file will be deprecated in the future.
	 #1 (8.4080e-05, 1.9085e-05): lin 1 (0.0e+00)
Composition correction applied in 7 block(s)
csr_matrix_base::write_matrix_to_file will be deprecated in the future.
csr_matrix_base::write_matrix_to_file will be deprecated in the future.
-------------------------------------------------------------------------------------------------------------
 T = 1.7595, DT = 0.001, NI = 1, LI = 1, RES = 2.3e-09 (1.9e-07), CFL=0.166 (ELAPSED 00:00:11 )
-------------------------------------------------------------------------------------------------------------
csr_matrix_base::write_matrix_to_file will be deprecated in the future.
	 #1 (1.0650e-02, 4.0901e-02): lin 1 (0.0e+00)
Composition correction applied in 19 block(s)
csr_matrix_base::write_matrix_to_file will be deprecated in the future.
-------------------------------------------------------------------------------------------------------------
 T = 1.7595, DT = 0.001, NI = 1, LI = 1, RES = 8.4e-03 (4.0e-02), CFL=0.163 (ELAPSED 00:00:24 )
-------------------------------------------------------------------------------------------------------------
csr_matrix_base::write_matrix_to_file will be deprecated in the future.
csr_matrix_base::write_matrix_to_file will be deprecated in the future.
	 #1 (6.0314e-04, 2.6010e-04): lin 1 (0.0e+00)
Composition correction applied in 6 block(s)
csr_matrix_base::write_matrix_to_file will be deprecated in the future.
csr_matrix_base::write_matrix_to_file will be deprecated in the future.
-------------------------------------------------------------------------------------------------------------
 T = 1.7615, DT = 0.002, NI = 1, LI = 1, RES = 1.4e-09 (4.3e-07), CFL=0.332 (ELAPSED 00:00:11 )
-------------------------------------------------------------------------------------------------------------
csr_matrix_base::write_matrix_to_file will be deprecated in the future.
	 #1 (2.1383e-02, 8.1683e-02): lin 1 (0.0e+00)
Composition correction applied in 19 block(s)
csr_matrix_base::write_matrix_to_file will be deprecated in the future.
	 #2 (1.6991e-02, 7.9755e-02): lin 1 (0.0e+00)
Composition correction applied in 19 block(s)
csr_matrix_base::write_matrix_to_file will be deprecated in the future.
	 #3 (1.6929e-02, 7.9756e-02): lin 1 (0.0e+00)
Composition correction applied in 19 block(s)
csr_matrix_base::write_matrix_to_file will be deprecated in the future.
	 #4 (1.6929e-02, 7.9756e-02): lin 1 (0.0e+00)
Composition correction applied in 19 block(s)
csr_matrix_base::write_matrix_to_file will be deprecated in the future.
	 #5 (1.6929e-02, 7.9756e-02): lin 1 (0.0e+00)
Composition correction applied in 19 block(s)
csr_matrix_base::write_matrix_to_file will be deprecated in the future.
FAILED TO CONVERGE WITH DT = 0.002 (newton residual reservoir) 
csr_matrix_base::write_matrix_to_file will be deprecated in the future.
csr_matrix_base::write_matrix_to_file will be deprecated in the future.
	 #1 (8.3424e-05, 1.9930e-05): lin 1 (0.0e+00)
Composition correction applied in 7 block(s)
csr_matrix_base::write_matrix_to_file will be deprecated in the future.
csr_matrix_base::write_matrix_to_file will be deprecated in the future.
-------------------------------------------------------------------------------------------------------------
 T = 1.7605, DT = 0.001, NI = 1, LI = 1, RES = 1.2e-09 (1.9e-07), CFL=0.166 (ELAPSED 00:00:11 )
-------------------------------------------------------------------------------------------------------------
csr_matrix_base::write_matrix_to_file will be deprecated in the future.
	 #1 (1.0623e-02, 4.0782e-02): lin 1 (0.0e+00)
Composition correction applied in 19 block(s)
csr_matrix_base::write_matrix_to_file will be deprecated in the future.
-------------------------------------------------------------------------------------------------------------
 T = 1.7605, DT = 0.001, NI = 1, LI = 1, RES = 8.4e-03 (4.0e-02), CFL=0.163 (ELAPSED 00:00:24 )
-------------------------------------------------------------------------------------------------------------
csr_matrix_base::write_matrix_to_file will be deprecated in the future.
csr_matrix_base::write_matrix_to_file will be deprecated in the future.
	 #1 (6.0684e-04, 3.2321e-04): lin 1 (0.0e+00)
Composition correction applied in 7 block(s)
csr_matrix_base::write_matrix_to_file will be deprecated in the future.
csr_matrix_base::write_matrix_to_file will be deprecated in the future.
-------------------------------------------------------------------------------------------------------------
 T = 1.7625, DT = 0.002, NI = 1, LI = 1, RES = 1.4e-09 (4.3e-07), CFL=0.333 (ELAPSED 00:00:11 )
-------------------------------------------------------------------------------------------------------------
csr_matrix_base::write_matrix_to_file will be deprecated in the future.
	 #1 (2.1341e-02, 8.1774e-02): lin 1 (0.0e+00)
Composition correction applied in 19 block(s)
csr_matrix_base::write_matrix_to_file will be deprecated in the future.
	 #2 (1.7048e-02, 8.0208e-02): lin 1 (0.0e+00)
Composition correction applied in 19 block(s)
csr_matrix_base::write_matrix_to_file will be deprecated in the future.
	 #3 (1.6966e-02, 8.0211e-02): lin 1 (0.0e+00)
Composition correction applied in 19 block(s)
csr_matrix_base::write_matrix_to_file will be deprecated in the future.
	 #4 (1.6966e-02, 8.0211e-02): lin 1 (0.0e+00)
Composition correction applied in 19 block(s)
csr_matrix_base::write_matrix_to_file will be deprecated in the future.
	 #5 (1.6966e-02, 8.0211e-02): lin 1 (0.0e+00)
Composition correction applied in 19 block(s)
csr_matrix_base::write_matrix_to_file will be deprecated in the future.
FAILED TO CONVERGE WITH DT = 0.002 (newton residual reservoir) 
csr_matrix_base::write_matrix_to_file will be deprecated in the future.
csr_matrix_base::write_matrix_to_file will be deprecated in the future.
	 #1 (8.4020e-05, 1.9572e-05): lin 1 (0.0e+00)
Composition correction applied in 8 block(s)
csr_matrix_base::write_matrix_to_file will be deprecated in the future.
csr_matrix_base::write_matrix_to_file will be deprecated in the future.
-------------------------------------------------------------------------------------------------------------
 T = 1.7615, DT = 0.001, NI = 1, LI = 1, RES = 2.3e-09 (2.0e-07), CFL=0.166 (ELAPSED 00:00:11 )
-------------------------------------------------------------------------------------------------------------
csr_matrix_base::write_matrix_to_file will be deprecated in the future.
	 #1 (1.0602e-02, 4.0828e-02): lin 1 (0.0e+00)
Composition correction applied in 19 block(s)
csr_matrix_base::write_matrix_to_file will be deprecated in the future.
-------------------------------------------------------------------------------------------------------------
 T = 1.7615, DT = 0.001, NI = 1, LI = 1, RES = 8.4e-03 (4.0e-02), CFL=0.163 (ELAPSED 00:00:24 )
-------------------------------------------------------------------------------------------------------------
csr_matrix_base::write_matrix_to_file will be deprecated in the future.
csr_matrix_base::write_matrix_to_file will be deprecated in the future.
	 #1 (5.9923e-04, 6.2493e-05): lin 1 (0.0e+00)
Composition correction applied in 7 block(s)
csr_matrix_base::write_matrix_to_file will be deprecated in the future.
csr_matrix_base::write_matrix_to_file will be deprecated in the future.
-------------------------------------------------------------------------------------------------------------
 T = 1.7635, DT = 0.002, NI = 1, LI = 1, RES = 1.4e-09 (4.2e-07), CFL=0.333 (ELAPSED 00:00:11 )
-------------------------------------------------------------------------------------------------------------
csr_matrix_base::write_matrix_to_file will be deprecated in the future.
	 #1 (2.1311e-02, 8.1646e-02): lin 1 (0.0e+00)
Composition correction applied in 19 block(s)
csr_matrix_base::write_matrix_to_file will be deprecated in the future.
	 #2 (1.7087e-02, 7.9824e-02): lin 1 (0.0e+00)
Composition correction applied in 19 block(s)
csr_matrix_base::write_matrix_to_file will be deprecated in the future.
	 #3 (1.7022e-02, 7.9826e-02): lin 1 (0.0e+00)
Composition correction applied in 19 block(s)
csr_matrix_base::write_matrix_to_file will be deprecated in the future.
	 #4 (1.7022e-02, 7.9826e-02): lin 1 (0.0e+00)
Composition correction applied in 19 block(s)
csr_matrix_base::write_matrix_to_file will be deprecated in the future.
	 #5 (1.7022e-02, 7.9826e-02): lin 1 (0.0e+00)
Composition correction applied in 19 block(s)
csr_matrix_base::write_matrix_to_file will be deprecated in the future.
FAILED TO CONVERGE WITH DT = 0.002 (newton residual reservoir) 
csr_matrix_base::write_matrix_to_file will be deprecated in the future.
csr_matrix_base::write_matrix_to_file will be deprecated in the future.
	 #1 (8.3374e-05, 2.0029e-05): lin 1 (0.0e+00)
Composition correction applied in 8 block(s)
csr_matrix_base::write_matrix_to_file will be deprecated in the future.
csr_matrix_base::write_matrix_to_file will be deprecated in the future.
-------------------------------------------------------------------------------------------------------------
 T = 1.7625, DT = 0.001, NI = 1, LI = 1, RES = 2.3e-09 (2.0e-07), CFL=0.167 (ELAPSED 00:00:11 )
-------------------------------------------------------------------------------------------------------------
csr_matrix_base::write_matrix_to_file will be deprecated in the future.
	 #1 (1.0588e-02, 4.0763e-02): lin 1 (0.0e+00)
Composition correction applied in 19 block(s)
csr_matrix_base::write_matrix_to_file will be deprecated in the future.
-------------------------------------------------------------------------------------------------------------
 T = 1.7625, DT = 0.001, NI = 1, LI = 1, RES = 8.4e-03 (4.0e-02), CFL=0.163 (ELAPSED 00:00:24 )
-------------------------------------------------------------------------------------------------------------
csr_matrix_base::write_matrix_to_file will be deprecated in the future.
csr_matrix_base::write_matrix_to_file will be deprecated in the future.
	 #1 (6.0180e-04, 1.8759e-04): lin 1 (0.0e+00)
Composition correction applied in 6 block(s)
csr_matrix_base::write_matrix_to_file will be deprecated in the future.
csr_matrix_base::write_matrix_to_file will be deprecated in the future.
-------------------------------------------------------------------------------------------------------------
 T = 1.7645, DT = 0.002, NI = 1, LI = 1, RES = 1.4e-09 (4.3e-07), CFL=0.334 (ELAPSED 00:00:11 )
-------------------------------------------------------------------------------------------------------------
csr_matrix_base::write_matrix_to_file will be deprecated in the future.
	 #1 (2.1297e-02, 8.1657e-02): lin 1 (0.0e+00)
Composition correction applied in 19 block(s)
csr_matrix_base::write_matrix_to_file will be deprecated in the future.
	 #2 (1.7193e-02, 7.9981e-02): lin 1 (0.0e+00)
Composition correction applied in 19 block(s)
csr_matrix_base::write_matrix_to_file will be deprecated in the future.
	 #3 (1.7102e-02, 7.9984e-02): lin 1 (0.0e+00)
Composition correction applied in 19 block(s)
csr_matrix_base::write_matrix_to_file will be deprecated in the future.
	 #4 (1.7102e-02, 7.9984e-02): lin 1 (0.0e+00)
Composition correction applied in 19 block(s)
csr_matrix_base::write_matrix_to_file will be deprecated in the future.
	 #5 (1.7102e-02, 7.9984e-02): lin 1 (0.0e+00)
Composition correction applied in 19 block(s)
csr_matrix_base::write_matrix_to_file will be deprecated in the future.
FAILED TO CONVERGE WITH DT = 0.002 (newton residual reservoir) 
csr_matrix_base::write_matrix_to_file will be deprecated in the future.
csr_matrix_base::write_matrix_to_file will be deprecated in the future.
	 #1 (8.3827e-05, 1.9947e-05): lin 1 (0.0e+00)
Composition correction applied in 6 block(s)
csr_matrix_base::write_matrix_to_file will be deprecated in the future.
csr_matrix_base::write_matrix_to_file will be deprecated in the future.
-------------------------------------------------------------------------------------------------------------
 T = 1.7635, DT = 0.001, NI = 1, LI = 1, RES = 2.3e-09 (2.0e-07), CFL=0.167 (ELAPSED 00:00:11 )
-------------------------------------------------------------------------------------------------------------
csr_matrix_base::write_matrix_to_file will be deprecated in the future.
	 #1 (1.0582e-02, 4.0769e-02): lin 1 (0.0e+00)
Composition correction applied in 19 block(s)
csr_matrix_base::write_matrix_to_file will be deprecated in the future.
-------------------------------------------------------------------------------------------------------------
 T = 1.7635, DT = 0.001, NI = 1, LI = 1, RES = 8.5e-03 (4.0e-02), CFL=0.163 (ELAPSED 00:00:24 )
-------------------------------------------------------------------------------------------------------------
csr_matrix_base::write_matrix_to_file will be deprecated in the future.
csr_matrix_base::write_matrix_to_file will be deprecated in the future.
	 #1 (5.9453e-04, 2.5559e-05): lin 1 (0.0e+00)
Composition correction applied in 8 block(s)
csr_matrix_base::write_matrix_to_file will be deprecated in the future.
csr_matrix_base::write_matrix_to_file will be deprecated in the future.
-------------------------------------------------------------------------------------------------------------
 T = 1.7655, DT = 0.002, NI = 1, LI = 1, RES = 1.3e-09 (4.2e-07), CFL=0.334 (ELAPSED 00:00:11 )
-------------------------------------------------------------------------------------------------------------
csr_matrix_base::write_matrix_to_file will be deprecated in the future.
	 #1 (2.1297e-02, 8.1575e-02): lin 1 (0.0e+00)
Composition correction applied in 19 block(s)
csr_matrix_base::write_matrix_to_file will be deprecated in the future.
	 #2 (1.7255e-02, 7.9790e-02): lin 1 (0.0e+00)
Composition correction applied in 19 block(s)
csr_matrix_base::write_matrix_to_file will be deprecated in the future.
	 #3 (1.7202e-02, 7.9792e-02): lin 1 (0.0e+00)
Composition correction applied in 19 block(s)
csr_matrix_base::write_matrix_to_file will be deprecated in the future.
	 #4 (1.7202e-02, 7.9792e-02): lin 1 (0.0e+00)
Composition correction applied in 19 block(s)
csr_matrix_base::write_matrix_to_file will be deprecated in the future.
	 #5 (1.7202e-02, 7.9792e-02): lin 1 (0.0e+00)
Composition correction applied in 19 block(s)
csr_matrix_base::write_matrix_to_file will be deprecated in the future.
FAILED TO CONVERGE WITH DT = 0.002 (newton residual reservoir) 
csr_matrix_base::write_matrix_to_file will be deprecated in the future.
csr_matrix_base::write_matrix_to_file will be deprecated in the future.
	 #1 (8.3085e-05, 2.0223e-05): lin 1 (0.0e+00)
Composition correction applied in 7 block(s)
csr_matrix_base::write_matrix_to_file will be deprecated in the future.
csr_matrix_base::write_matrix_to_file will be deprecated in the future.
-------------------------------------------------------------------------------------------------------------
 T = 1.7645, DT = 0.001, NI = 1, LI = 1, RES = 2.3e-09 (2.0e-07), CFL=0.167 (ELAPSED 00:00:11 )
-------------------------------------------------------------------------------------------------------------
csr_matrix_base::write_matrix_to_file will be deprecated in the future.
	 #1 (1.0583e-02, 4.0727e-02): lin 1 (0.0e+00)
Composition correction applied in 19 block(s)
csr_matrix_base::write_matrix_to_file will be deprecated in the future.
-------------------------------------------------------------------------------------------------------------
 T = 1.7645, DT = 0.001, NI = 1, LI = 1, RES = 8.5e-03 (4.0e-02), CFL=0.163 (ELAPSED 00:00:24 )
-------------------------------------------------------------------------------------------------------------
csr_matrix_base::write_matrix_to_file will be deprecated in the future.
csr_matrix_base::write_matrix_to_file will be deprecated in the future.
	 #1 (5.9547e-04, 1.2563e-04): lin 1 (0.0e+00)
Composition correction applied in 10 block(s)
csr_matrix_base::write_matrix_to_file will be deprecated in the future.
csr_matrix_base::write_matrix_to_file will be deprecated in the future.
-------------------------------------------------------------------------------------------------------------
 T = 1.7665, DT = 0.002, NI = 1, LI = 1, RES = 1.4e-09 (4.3e-07), CFL=0.335 (ELAPSED 00:00:11 )
-------------------------------------------------------------------------------------------------------------
csr_matrix_base::write_matrix_to_file will be deprecated in the future.
	 #1 (2.1315e-02, 8.1548e-02): lin 1 (0.0e+00)
Composition correction applied in 19 block(s)
csr_matrix_base::write_matrix_to_file will be deprecated in the future.
	 #2 (1.7398e-02, 7.9808e-02): lin 1 (0.0e+00)
Composition correction applied in 19 block(s)
csr_matrix_base::write_matrix_to_file will be deprecated in the future.
	 #3 (1.7328e-02, 7.9810e-02): lin 1 (0.0e+00)
Composition correction applied in 19 block(s)
csr_matrix_base::write_matrix_to_file will be deprecated in the future.
	 #4 (1.7328e-02, 7.9810e-02): lin 1 (0.0e+00)
Composition correction applied in 19 block(s)
csr_matrix_base::write_matrix_to_file will be deprecated in the future.
	 #5 (1.7328e-02, 7.9810e-02): lin 1 (0.0e+00)
Composition correction applied in 19 block(s)
csr_matrix_base::write_matrix_to_file will be deprecated in the future.
FAILED TO CONVERGE WITH DT = 0.002 (newton residual reservoir) 
csr_matrix_base::write_matrix_to_file will be deprecated in the future.
csr_matrix_base::write_matrix_to_file will be deprecated in the future.
	 #1 (8.3582e-05, 2.0263e-05): lin 1 (0.0e+00)
Composition correction applied in 9 block(s)
csr_matrix_base::write_matrix_to_file will be deprecated in the future.
csr_matrix_base::write_matrix_to_file will be deprecated in the future.
-------------------------------------------------------------------------------------------------------------
 T = 1.7655, DT = 0.001, NI = 1, LI = 1, RES = 2.3e-09 (2.0e-07), CFL=0.167 (ELAPSED 00:00:11 )
-------------------------------------------------------------------------------------------------------------
csr_matrix_base::write_matrix_to_file will be deprecated in the future.
	 #1 (1.0592e-02, 4.0714e-02): lin 1 (0.0e+00)
Composition correction applied in 19 block(s)
csr_matrix_base::write_matrix_to_file will be deprecated in the future.
-------------------------------------------------------------------------------------------------------------
 T = 1.7655, DT = 0.001, NI = 1, LI = 1, RES = 8.6e-03 (4.0e-02), CFL=0.163 (ELAPSED 00:00:24 )
-------------------------------------------------------------------------------------------------------------
csr_matrix_base::write_matrix_to_file will be deprecated in the future.
csr_matrix_base::write_matrix_to_file will be deprecated in the future.
	 #1 (5.8702e-04, 6.6743e-05): lin 1 (0.0e+00)
Composition correction applied in 10 block(s)
csr_matrix_base::write_matrix_to_file will be deprecated in the future.
csr_matrix_base::write_matrix_to_file will be deprecated in the future.
-------------------------------------------------------------------------------------------------------------
 T = 1.7675, DT = 0.002, NI = 1, LI = 1, RES = 1.4e-09 (4.2e-07), CFL=0.335 (ELAPSED 00:00:11 )
-------------------------------------------------------------------------------------------------------------
csr_matrix_base::write_matrix_to_file will be deprecated in the future.
	 #1 (2.1347e-02, 8.1486e-02): lin 1 (0.0e+00)
Composition correction applied in 19 block(s)
csr_matrix_base::write_matrix_to_file will be deprecated in the future.
	 #2 (1.7527e-02, 7.9704e-02): lin 1 (0.0e+00)
Composition correction applied in 19 block(s)
csr_matrix_base::write_matrix_to_file will be deprecated in the future.
	 #3 (1.7474e-02, 7.9706e-02): lin 1 (0.0e+00)
Composition correction applied in 19 block(s)
csr_matrix_base::write_matrix_to_file will be deprecated in the future.
	 #4 (1.7474e-02, 7.9706e-02): lin 1 (0.0e+00)
Composition correction applied in 19 block(s)
csr_matrix_base::write_matrix_to_file will be deprecated in the future.
	 #5 (1.7474e-02, 7.9706e-02): lin 1 (0.0e+00)
Composition correction applied in 19 block(s)
csr_matrix_base::write_matrix_to_file will be deprecated in the future.
FAILED TO CONVERGE WITH DT = 0.002 (newton residual reservoir) 
csr_matrix_base::write_matrix_to_file will be deprecated in the future.
csr_matrix_base::write_matrix_to_file will be deprecated in the future.
	 #1 (8.2820e-05, 2.0456e-05): lin 1 (0.0e+00)
Composition correction applied in 10 block(s)
csr_matrix_base::write_matrix_to_file will be deprecated in the future.
csr_matrix_base::write_matrix_to_file will be deprecated in the future.
-------------------------------------------------------------------------------------------------------------
 T = 1.7665, DT = 0.001, NI = 1, LI = 1, RES = 2.3e-09 (2.0e-07), CFL=0.168 (ELAPSED 00:00:11 )
-------------------------------------------------------------------------------------------------------------
csr_matrix_base::write_matrix_to_file will be deprecated in the future.
	 #1 (1.0610e-02, 4.0682e-02): lin 1 (0.0e+00)
Composition correction applied in 19 block(s)
csr_matrix_base::write_matrix_to_file will be deprecated in the future.
-------------------------------------------------------------------------------------------------------------
 T = 1.7665, DT = 0.001, NI = 1, LI = 1, RES = 8.7e-03 (4.0e-02), CFL=0.164 (ELAPSED 00:00:24 )
-------------------------------------------------------------------------------------------------------------
csr_matrix_base::write_matrix_to_file will be deprecated in the future.
csr_matrix_base::write_matrix_to_file will be deprecated in the future.
	 #1 (5.8910e-04, 9.7349e-05): lin 1 (0.0e+00)
Composition correction applied in 8 block(s)
csr_matrix_base::write_matrix_to_file will be deprecated in the future.
csr_matrix_base::write_matrix_to_file will be deprecated in the future.
-------------------------------------------------------------------------------------------------------------
 T = 1.7685, DT = 0.002, NI = 1, LI = 1, RES = 1.4e-09 (4.2e-07), CFL=0.336 (ELAPSED 00:00:11 )
-------------------------------------------------------------------------------------------------------------
csr_matrix_base::write_matrix_to_file will be deprecated in the future.
	 #1 (2.1399e-02, 8.1440e-02): lin 1 (0.0e+00)
Composition correction applied in 19 block(s)
csr_matrix_base::write_matrix_to_file will be deprecated in the future.
	 #2 (1.7696e-02, 7.9661e-02): lin 1 (0.0e+00)
Composition correction applied in 19 block(s)
csr_matrix_base::write_matrix_to_file will be deprecated in the future.
	 #3 (1.7646e-02, 7.9670e-02): lin 1 (0.0e+00)
Composition correction applied in 19 block(s)
csr_matrix_base::write_matrix_to_file will be deprecated in the future.
	 #4 (1.7646e-02, 7.9670e-02): lin 1 (0.0e+00)
Composition correction applied in 19 block(s)
csr_matrix_base::write_matrix_to_file will be deprecated in the future.
	 #5 (1.7646e-02, 7.9670e-02): lin 1 (0.0e+00)
Composition correction applied in 19 block(s)
csr_matrix_base::write_matrix_to_file will be deprecated in the future.
FAILED TO CONVERGE WITH DT = 0.002 (newton residual reservoir) 
csr_matrix_base::write_matrix_to_file will be deprecated in the future.
csr_matrix_base::write_matrix_to_file will be deprecated in the future.
	 #1 (8.3230e-05, 2.0559e-05): lin 1 (0.0e+00)
Composition correction applied in 7 block(s)
csr_matrix_base::write_matrix_to_file will be deprecated in the future.
csr_matrix_base::write_matrix_to_file will be deprecated in the future.
-------------------------------------------------------------------------------------------------------------
 T = 1.7675, DT = 0.001, NI = 1, LI = 1, RES = 2.3e-09 (2.1e-07), CFL=0.168 (ELAPSED 00:00:11 )
-------------------------------------------------------------------------------------------------------------
csr_matrix_base::write_matrix_to_file will be deprecated in the future.
	 #1 (1.0637e-02, 4.0659e-02): lin 1 (0.0e+00)
Composition correction applied in 19 block(s)
csr_matrix_base::write_matrix_to_file will be deprecated in the future.
-------------------------------------------------------------------------------------------------------------
 T = 1.7675, DT = 0.001, NI = 1, LI = 1, RES = 8.7e-03 (4.0e-02), CFL=0.164 (ELAPSED 00:00:24 )
-------------------------------------------------------------------------------------------------------------
csr_matrix_base::write_matrix_to_file will be deprecated in the future.
csr_matrix_base::write_matrix_to_file will be deprecated in the future.
	 #1 (5.8960e-04, 8.1563e-05): lin 1 (0.0e+00)
Composition correction applied in 12 block(s)
csr_matrix_base::write_matrix_to_file will be deprecated in the future.
csr_matrix_base::write_matrix_to_file will be deprecated in the future.
-------------------------------------------------------------------------------------------------------------
 T = 1.7695, DT = 0.002, NI = 1, LI = 1, RES = 1.5e-09 (4.2e-07), CFL=0.336 (ELAPSED 00:00:11 )
-------------------------------------------------------------------------------------------------------------
csr_matrix_base::write_matrix_to_file will be deprecated in the future.
	 #1 (2.1471e-02, 8.1384e-02): lin 1 (0.0e+00)
Composition correction applied in 19 block(s)
csr_matrix_base::write_matrix_to_file will be deprecated in the future.
	 #2 (1.7919e-02, 7.9582e-02): lin 1 (0.0e+00)
Composition correction applied in 19 block(s)
csr_matrix_base::write_matrix_to_file will be deprecated in the future.
	 #3 (1.7843e-02, 7.9600e-02): lin 1 (0.0e+00)
Composition correction applied in 19 block(s)
csr_matrix_base::write_matrix_to_file will be deprecated in the future.
	 #4 (1.7843e-02, 7.9600e-02): lin 1 (0.0e+00)
Composition correction applied in 19 block(s)
csr_matrix_base::write_matrix_to_file will be deprecated in the future.
	 #5 (1.7843e-02, 7.9600e-02): lin 1 (0.0e+00)
Composition correction applied in 19 block(s)
csr_matrix_base::write_matrix_to_file will be deprecated in the future.
FAILED TO CONVERGE WITH DT = 0.002 (newton residual reservoir) 
csr_matrix_base::write_matrix_to_file will be deprecated in the future.
csr_matrix_base::write_matrix_to_file will be deprecated in the future.
	 #1 (8.3443e-05, 2.0710e-05): lin 1 (0.0e+00)
Composition correction applied in 10 block(s)
csr_matrix_base::write_matrix_to_file will be deprecated in the future.
csr_matrix_base::write_matrix_to_file will be deprecated in the future.
-------------------------------------------------------------------------------------------------------------
 T = 1.7685, DT = 0.001, NI = 1, LI = 1, RES = 2.3e-09 (2.1e-07), CFL=0.168 (ELAPSED 00:00:11 )
-------------------------------------------------------------------------------------------------------------
csr_matrix_base::write_matrix_to_file will be deprecated in the future.
	 #1 (1.0673e-02, 4.0630e-02): lin 1 (0.0e+00)
Composition correction applied in 19 block(s)
csr_matrix_base::write_matrix_to_file will be deprecated in the future.
-------------------------------------------------------------------------------------------------------------
 T = 1.7685, DT = 0.001, NI = 1, LI = 1, RES = 8.9e-03 (4.0e-02), CFL=0.164 (ELAPSED 00:00:24 )
-------------------------------------------------------------------------------------------------------------
csr_matrix_base::write_matrix_to_file will be deprecated in the future.
csr_matrix_base::write_matrix_to_file will be deprecated in the future.
	 #1 (5.8189e-04, 9.0109e-05): lin 1 (0.0e+00)
Composition correction applied in 6 block(s)
csr_matrix_base::write_matrix_to_file will be deprecated in the future.
csr_matrix_base::write_matrix_to_file will be deprecated in the future.
-------------------------------------------------------------------------------------------------------------
 T = 1.7705, DT = 0.002, NI = 1, LI = 1, RES = 1.4e-09 (4.0e-07), CFL=0.337 (ELAPSED 00:00:11 )
-------------------------------------------------------------------------------------------------------------
csr_matrix_base::write_matrix_to_file will be deprecated in the future.
	 #1 (2.1557e-02, 8.1328e-02): lin 1 (0.0e+00)
Composition correction applied in 20 block(s)
csr_matrix_base::write_matrix_to_file will be deprecated in the future.
	 #2 (1.8104e-02, 7.9558e-02): lin 1 (0.0e+00)
Composition correction applied in 20 block(s)
csr_matrix_base::write_matrix_to_file will be deprecated in the future.
	 #3 (1.8061e-02, 7.9560e-02): lin 1 (0.0e+00)
Composition correction applied in 20 block(s)
csr_matrix_base::write_matrix_to_file will be deprecated in the future.
	 #4 (1.8061e-02, 7.9560e-02): lin 1 (0.0e+00)
Composition correction applied in 20 block(s)
csr_matrix_base::write_matrix_to_file will be deprecated in the future.
	 #5 (1.8061e-02, 7.9560e-02): lin 1 (0.0e+00)
Composition correction applied in 20 block(s)
csr_matrix_base::write_matrix_to_file will be deprecated in the future.
FAILED TO CONVERGE WITH DT = 0.002 (newton residual reservoir) 
csr_matrix_base::write_matrix_to_file will be deprecated in the future.
csr_matrix_base::write_matrix_to_file will be deprecated in the future.
	 #1 (8.2595e-05, 2.0850e-05): lin 1 (0.0e+00)
Composition correction applied in 7 block(s)
csr_matrix_base::write_matrix_to_file will be deprecated in the future.
csr_matrix_base::write_matrix_to_file will be deprecated in the future.
-------------------------------------------------------------------------------------------------------------
 T = 1.7695, DT = 0.001, NI = 1, LI = 1, RES = 2.3e-09 (2.1e-07), CFL=0.168 (ELAPSED 00:00:11 )
-------------------------------------------------------------------------------------------------------------
csr_matrix_base::write_matrix_to_file will be deprecated in the future.
	 #1 (1.0718e-02, 4.0603e-02): lin 1 (0.0e+00)
Composition correction applied in 20 block(s)
csr_matrix_base::write_matrix_to_file will be deprecated in the future.
-------------------------------------------------------------------------------------------------------------
 T = 1.7695, DT = 0.001, NI = 1, LI = 1, RES = 8.9e-03 (4.0e-02), CFL=0.164 (ELAPSED 00:00:24 )
-------------------------------------------------------------------------------------------------------------
csr_matrix_base::write_matrix_to_file will be deprecated in the future.
csr_matrix_base::write_matrix_to_file will be deprecated in the future.
	 #1 (5.8148e-04, 5.9294e-05): lin 1 (0.0e+00)
Composition correction applied in 4 block(s)
csr_matrix_base::write_matrix_to_file will be deprecated in the future.
csr_matrix_base::write_matrix_to_file will be deprecated in the future.
-------------------------------------------------------------------------------------------------------------
 T = 1.7715, DT = 0.002, NI = 1, LI = 1, RES = 1.5e-09 (4.1e-07), CFL=0.337 (ELAPSED 00:00:11 )
-------------------------------------------------------------------------------------------------------------
csr_matrix_base::write_matrix_to_file will be deprecated in the future.
	 #1 (2.1665e-02, 8.1256e-02): lin 1 (0.0e+00)
Composition correction applied in 20 block(s)
csr_matrix_base::write_matrix_to_file will be deprecated in the future.
	 #2 (1.8341e-02, 7.9852e-02): lin 1 (0.0e+00)
Composition correction applied in 20 block(s)
csr_matrix_base::write_matrix_to_file will be deprecated in the future.
	 #3 (1.8307e-02, 7.8913e-02): lin 1 (0.0e+00)
Composition correction applied in 20 block(s)
csr_matrix_base::write_matrix_to_file will be deprecated in the future.
	 #4 (1.8307e-02, 7.8913e-02): lin 1 (0.0e+00)
Composition correction applied in 20 block(s)
csr_matrix_base::write_matrix_to_file will be deprecated in the future.
	 #5 (1.8307e-02, 7.8913e-02): lin 1 (0.0e+00)
Composition correction applied in 20 block(s)
csr_matrix_base::write_matrix_to_file will be deprecated in the future.
FAILED TO CONVERGE WITH DT = 0.002 (newton residual reservoir) 
csr_matrix_base::write_matrix_to_file will be deprecated in the future.
csr_matrix_base::write_matrix_to_file will be deprecated in the future.
	 #1 (8.2934e-05, 2.0967e-05): lin 1 (0.0e+00)
Composition correction applied in 4 block(s)
csr_matrix_base::write_matrix_to_file will be deprecated in the future.
csr_matrix_base::write_matrix_to_file will be deprecated in the future.
-------------------------------------------------------------------------------------------------------------
 T = 1.7705, DT = 0.001, NI = 1, LI = 1, RES = 2.3e-09 (2.1e-07), CFL=0.169 (ELAPSED 00:00:11 )
-------------------------------------------------------------------------------------------------------------
csr_matrix_base::write_matrix_to_file will be deprecated in the future.
	 #1 (1.0773e-02, 4.0566e-02): lin 1 (0.0e+00)
Composition correction applied in 20 block(s)
csr_matrix_base::write_matrix_to_file will be deprecated in the future.
-------------------------------------------------------------------------------------------------------------
 T = 1.7705, DT = 0.001, NI = 1, LI = 1, RES = 9.1e-03 (4.0e-02), CFL=0.164 (ELAPSED 00:00:24 )
-------------------------------------------------------------------------------------------------------------
csr_matrix_base::write_matrix_to_file will be deprecated in the future.
csr_matrix_base::write_matrix_to_file will be deprecated in the future.
	 #1 (5.8184e-04, 1.0205e-04): lin 1 (0.0e+00)
Composition correction applied in 11 block(s)
csr_matrix_base::write_matrix_to_file will be deprecated in the future.
csr_matrix_base::write_matrix_to_file will be deprecated in the future.
-------------------------------------------------------------------------------------------------------------
 T = 1.7725, DT = 0.002, NI = 1, LI = 1, RES = 1.5e-09 (4.1e-07), CFL=0.338 (ELAPSED 00:00:11 )
-------------------------------------------------------------------------------------------------------------
csr_matrix_base::write_matrix_to_file will be deprecated in the future.
	 #1 (2.1793e-02, 8.1207e-02): lin 1 (0.0e+00)
Composition correction applied in 20 block(s)
csr_matrix_base::write_matrix_to_file will be deprecated in the future.
	 #2 (1.8606e-02, 8.0445e-02): lin 1 (0.0e+00)
Composition correction applied in 20 block(s)
csr_matrix_base::write_matrix_to_file will be deprecated in the future.
	 #3 (1.8578e-02, 7.8111e-02): lin 1 (0.0e+00)
Composition correction applied in 20 block(s)
csr_matrix_base::write_matrix_to_file will be deprecated in the future.
	 #4 (1.8578e-02, 7.8111e-02): lin 1 (0.0e+00)
Composition correction applied in 20 block(s)
csr_matrix_base::write_matrix_to_file will be deprecated in the future.
	 #5 (1.8578e-02, 7.8111e-02): lin 1 (0.0e+00)
Composition correction applied in 20 block(s)
csr_matrix_base::write_matrix_to_file will be deprecated in the future.
FAILED TO CONVERGE WITH DT = 0.002 (newton residual reservoir) 
csr_matrix_base::write_matrix_to_file will be deprecated in the future.
csr_matrix_base::write_matrix_to_file will be deprecated in the future.
	 #1 (8.3144e-05, 2.1068e-05): lin 1 (0.0e+00)
Composition correction applied in 10 block(s)
csr_matrix_base::write_matrix_to_file will be deprecated in the future.
csr_matrix_base::write_matrix_to_file will be deprecated in the future.
-------------------------------------------------------------------------------------------------------------
 T = 1.7715, DT = 0.001, NI = 1, LI = 1, RES = 2.3e-09 (2.1e-07), CFL=0.169 (ELAPSED 00:00:11 )
-------------------------------------------------------------------------------------------------------------
csr_matrix_base::write_matrix_to_file will be deprecated in the future.
	 #1 (1.0838e-02, 4.0541e-02): lin 1 (0.0e+00)
Composition correction applied in 20 block(s)
csr_matrix_base::write_matrix_to_file will be deprecated in the future.
-------------------------------------------------------------------------------------------------------------
 T = 1.7715, DT = 0.001, NI = 1, LI = 1, RES = 9.2e-03 (4.0e-02), CFL=0.164 (ELAPSED 00:00:24 )
-------------------------------------------------------------------------------------------------------------
csr_matrix_base::write_matrix_to_file will be deprecated in the future.
csr_matrix_base::write_matrix_to_file will be deprecated in the future.
	 #1 (5.8129e-04, 1.6669e-04): lin 1 (0.0e+00)
Composition correction applied in 7 block(s)
csr_matrix_base::write_matrix_to_file will be deprecated in the future.
csr_matrix_base::write_matrix_to_file will be deprecated in the future.
-------------------------------------------------------------------------------------------------------------
 T = 1.7735, DT = 0.002, NI = 1, LI = 1, RES = 1.5e-09 (4.1e-07), CFL=0.338 (ELAPSED 00:00:11 )
-------------------------------------------------------------------------------------------------------------
csr_matrix_base::write_matrix_to_file will be deprecated in the future.
	 #1 (2.1942e-02, 8.1227e-02): lin 1 (0.0e+00)
Composition correction applied in 20 block(s)
csr_matrix_base::write_matrix_to_file will be deprecated in the future.
	 #2 (1.8924e-02, 7.6760e-02): lin 1 (0.0e+00)
Composition correction applied in 20 block(s)
csr_matrix_base::write_matrix_to_file will be deprecated in the future.
	 #3 (1.8873e-02, 7.6763e-02): lin 1 (0.0e+00)
Composition correction applied in 20 block(s)
csr_matrix_base::write_matrix_to_file will be deprecated in the future.
	 #4 (1.8873e-02, 7.6763e-02): lin 1 (0.0e+00)
Composition correction applied in 20 block(s)
csr_matrix_base::write_matrix_to_file will be deprecated in the future.
	 #5 (1.8873e-02, 7.6763e-02): lin 1 (0.0e+00)
Composition correction applied in 20 block(s)
csr_matrix_base::write_matrix_to_file will be deprecated in the future.
FAILED TO CONVERGE WITH DT = 0.002 (newton residual reservoir) 
csr_matrix_base::write_matrix_to_file will be deprecated in the future.
csr_matrix_base::write_matrix_to_file will be deprecated in the future.
	 #1 (8.3216e-05, 2.1225e-05): lin 1 (0.0e+00)
Composition correction applied in 8 block(s)
csr_matrix_base::write_matrix_to_file will be deprecated in the future.
csr_matrix_base::write_matrix_to_file will be deprecated in the future.
-------------------------------------------------------------------------------------------------------------
 T = 1.7725, DT = 0.001, NI = 1, LI = 1, RES = 2.3e-09 (2.1e-07), CFL=0.169 (ELAPSED 00:00:11 )
-------------------------------------------------------------------------------------------------------------
csr_matrix_base::write_matrix_to_file will be deprecated in the future.
	 #1 (1.0914e-02, 4.0551e-02): lin 1 (0.0e+00)
Composition correction applied in 20 block(s)
csr_matrix_base::write_matrix_to_file will be deprecated in the future.
-------------------------------------------------------------------------------------------------------------
 T = 1.7725, DT = 0.001, NI = 1, LI = 1, RES = 9.3e-03 (3.9e-02), CFL=0.164 (ELAPSED 00:00:24 )
-------------------------------------------------------------------------------------------------------------
csr_matrix_base::write_matrix_to_file will be deprecated in the future.
csr_matrix_base::write_matrix_to_file will be deprecated in the future.
	 #1 (5.7236e-04, 2.3496e-03): lin 1 (0.0e+00)
Composition correction applied in 13 block(s)
csr_matrix_base::write_matrix_to_file will be deprecated in the future.
csr_matrix_base::write_matrix_to_file will be deprecated in the future.
-------------------------------------------------------------------------------------------------------------
 T = 1.7745, DT = 0.002, NI = 1, LI = 1, RES = 1.4e-09 (3.9e-07), CFL=0.339 (ELAPSED 00:00:11 )
-------------------------------------------------------------------------------------------------------------
csr_matrix_base::write_matrix_to_file will be deprecated in the future.
	 #1 (2.2108e-02, 8.2786e-02): lin 1 (0.0e+00)
Composition correction applied in 20 block(s)
csr_matrix_base::write_matrix_to_file will be deprecated in the future.
	 #2 (1.9241e-02, 8.0958e-02): lin 1 (0.0e+00)
Composition correction applied in 20 block(s)
csr_matrix_base::write_matrix_to_file will be deprecated in the future.
	 #3 (1.9188e-02, 8.0961e-02): lin 1 (0.0e+00)
Composition correction applied in 20 block(s)
csr_matrix_base::write_matrix_to_file will be deprecated in the future.
	 #4 (1.9188e-02, 8.0961e-02): lin 1 (0.0e+00)
Composition correction applied in 20 block(s)
csr_matrix_base::write_matrix_to_file will be deprecated in the future.
	 #5 (1.9188e-02, 8.0961e-02): lin 1 (0.0e+00)
Composition correction applied in 20 block(s)
csr_matrix_base::write_matrix_to_file will be deprecated in the future.
FAILED TO CONVERGE WITH DT = 0.002 (newton residual reservoir) 
csr_matrix_base::write_matrix_to_file will be deprecated in the future.
csr_matrix_base::write_matrix_to_file will be deprecated in the future.
	 #1 (8.2369e-05, 1.9715e-05): lin 1 (0.0e+00)
Composition correction applied in 11 block(s)
csr_matrix_base::write_matrix_to_file will be deprecated in the future.
csr_matrix_base::write_matrix_to_file will be deprecated in the future.
-------------------------------------------------------------------------------------------------------------
 T = 1.7735, DT = 0.001, NI = 1, LI = 1, RES = 2.3e-09 (2.1e-07), CFL=0.169 (ELAPSED 00:00:11 )
-------------------------------------------------------------------------------------------------------------
csr_matrix_base::write_matrix_to_file will be deprecated in the future.
	 #1 (1.0999e-02, 4.1332e-02): lin 1 (0.0e+00)
Composition correction applied in 20 block(s)
csr_matrix_base::write_matrix_to_file will be deprecated in the future.
-------------------------------------------------------------------------------------------------------------
 T = 1.7735, DT = 0.001, NI = 1, LI = 1, RES = 9.5e-03 (4.1e-02), CFL=0.164 (ELAPSED 00:00:24 )
-------------------------------------------------------------------------------------------------------------
csr_matrix_base::write_matrix_to_file will be deprecated in the future.
csr_matrix_base::write_matrix_to_file will be deprecated in the future.
	 #1 (5.7263e-04, 3.3563e-04): lin 1 (0.0e+00)
Composition correction applied in 5 block(s)
csr_matrix_base::write_matrix_to_file will be deprecated in the future.
csr_matrix_base::write_matrix_to_file will be deprecated in the future.
-------------------------------------------------------------------------------------------------------------
 T = 1.7755, DT = 0.002, NI = 1, LI = 1, RES = 1.5e-09 (3.9e-07), CFL=0.339 (ELAPSED 00:00:11 )
-------------------------------------------------------------------------------------------------------------
csr_matrix_base::write_matrix_to_file will be deprecated in the future.
	 #1 (2.2295e-02, 8.2834e-02): lin 1 (0.0e+00)
Composition correction applied in 20 block(s)
csr_matrix_base::write_matrix_to_file will be deprecated in the future.
	 #2 (1.9556e-02, 7.9252e-02): lin 1 (0.0e+00)
Composition correction applied in 20 block(s)
csr_matrix_base::write_matrix_to_file will be deprecated in the future.
	 #3 (1.9529e-02, 7.9255e-02): lin 1 (0.0e+00)
Composition correction applied in 20 block(s)
csr_matrix_base::write_matrix_to_file will be deprecated in the future.
	 #4 (1.9529e-02, 7.9255e-02): lin 1 (0.0e+00)
Composition correction applied in 20 block(s)
csr_matrix_base::write_matrix_to_file will be deprecated in the future.
	 #5 (1.9529e-02, 7.9255e-02): lin 1 (0.0e+00)
Composition correction applied in 20 block(s)
csr_matrix_base::write_matrix_to_file will be deprecated in the future.
FAILED TO CONVERGE WITH DT = 0.002 (newton residual reservoir) 
csr_matrix_base::write_matrix_to_file will be deprecated in the future.
csr_matrix_base::write_matrix_to_file will be deprecated in the future.
	 #1 (8.2389e-05, 2.2069e-05): lin 1 (0.0e+00)
Composition correction applied in 5 block(s)
csr_matrix_base::write_matrix_to_file will be deprecated in the future.
csr_matrix_base::write_matrix_to_file will be deprecated in the future.
-------------------------------------------------------------------------------------------------------------
 T = 1.7745, DT = 0.001, NI = 1, LI = 1, RES = 2.3e-09 (2.1e-07), CFL=0.170 (ELAPSED 00:00:12 )
-------------------------------------------------------------------------------------------------------------
csr_matrix_base::write_matrix_to_file will be deprecated in the future.
	 #1 (1.1094e-02, 4.1353e-02): lin 1 (0.0e+00)
Composition correction applied in 20 block(s)
csr_matrix_base::write_matrix_to_file will be deprecated in the future.
-------------------------------------------------------------------------------------------------------------
 T = 1.7745, DT = 0.001, NI = 1, LI = 1, RES = 9.7e-03 (4.0e-02), CFL=0.164 (ELAPSED 00:00:24 )
-------------------------------------------------------------------------------------------------------------
csr_matrix_base::write_matrix_to_file will be deprecated in the future.
csr_matrix_base::write_matrix_to_file will be deprecated in the future.
	 #1 (5.7060e-04, 1.4269e-03): lin 1 (0.0e+00)
Composition correction applied in 8 block(s)
csr_matrix_base::write_matrix_to_file will be deprecated in the future.
csr_matrix_base::write_matrix_to_file will be deprecated in the future.
-------------------------------------------------------------------------------------------------------------
 T = 1.7765, DT = 0.002, NI = 1, LI = 1, RES = 1.5e-09 (3.9e-07), CFL=0.340 (ELAPSED 00:00:12 )
-------------------------------------------------------------------------------------------------------------
csr_matrix_base::write_matrix_to_file will be deprecated in the future.
	 #1 (2.2505e-02, 8.3874e-02): lin 1 (0.0e+00)
Composition correction applied in 20 block(s)
csr_matrix_base::write_matrix_to_file will be deprecated in the future.
	 #2 (1.9918e-02, 8.1404e-02): lin 1 (0.0e+00)
Composition correction applied in 20 block(s)
csr_matrix_base::write_matrix_to_file will be deprecated in the future.
	 #3 (1.9896e-02, 8.1407e-02): lin 1 (0.0e+00)
Composition correction applied in 20 block(s)
csr_matrix_base::write_matrix_to_file will be deprecated in the future.
	 #4 (1.9896e-02, 8.1407e-02): lin 1 (0.0e+00)
Composition correction applied in 20 block(s)
csr_matrix_base::write_matrix_to_file will be deprecated in the future.
	 #5 (1.9896e-02, 8.1407e-02): lin 1 (0.0e+00)
Composition correction applied in 20 block(s)
csr_matrix_base::write_matrix_to_file will be deprecated in the future.
FAILED TO CONVERGE WITH DT = 0.002 (newton residual reservoir) 
csr_matrix_base::write_matrix_to_file will be deprecated in the future.
csr_matrix_base::write_matrix_to_file will be deprecated in the future.
	 #1 (8.2515e-05, 2.0750e-05): lin 1 (0.0e+00)
Composition correction applied in 8 block(s)
csr_matrix_base::write_matrix_to_file will be deprecated in the future.
csr_matrix_base::write_matrix_to_file will be deprecated in the future.
-------------------------------------------------------------------------------------------------------------
 T = 1.7755, DT = 0.001, NI = 1, LI = 1, RES = 2.3e-09 (2.1e-07), CFL=0.170 (ELAPSED 00:00:12 )
-------------------------------------------------------------------------------------------------------------
csr_matrix_base::write_matrix_to_file will be deprecated in the future.
	 #1 (1.1200e-02, 4.1874e-02): lin 1 (0.0e+00)
Composition correction applied in 20 block(s)
csr_matrix_base::write_matrix_to_file will be deprecated in the future.
-------------------------------------------------------------------------------------------------------------
 T = 1.7755, DT = 0.001, NI = 1, LI = 1, RES = 9.8e-03 (4.1e-02), CFL=0.165 (ELAPSED 00:00:24 )
-------------------------------------------------------------------------------------------------------------
csr_matrix_base::write_matrix_to_file will be deprecated in the future.
csr_matrix_base::write_matrix_to_file will be deprecated in the future.
	 #1 (5.6953e-04, 2.8817e-04): lin 1 (0.0e+00)
Composition correction applied in 9 block(s)
csr_matrix_base::write_matrix_to_file will be deprecated in the future.
csr_matrix_base::write_matrix_to_file will be deprecated in the future.
-------------------------------------------------------------------------------------------------------------
 T = 1.7775, DT = 0.002, NI = 1, LI = 1, RES = 1.6e-09 (3.9e-07), CFL=0.340 (ELAPSED 00:00:12 )
-------------------------------------------------------------------------------------------------------------
csr_matrix_base::write_matrix_to_file will be deprecated in the future.
	 #1 (2.2735e-02, 8.4276e-02): lin 1 (0.0e+00)
Composition correction applied in 20 block(s)
csr_matrix_base::write_matrix_to_file will be deprecated in the future.
	 #2 (2.0304e-02, 8.1055e-02): lin 1 (0.0e+00)
Composition correction applied in 20 block(s)
csr_matrix_base::write_matrix_to_file will be deprecated in the future.
	 #3 (2.0287e-02, 8.1058e-02): lin 1 (0.0e+00)
Composition correction applied in 20 block(s)
csr_matrix_base::write_matrix_to_file will be deprecated in the future.
	 #4 (2.0287e-02, 8.1058e-02): lin 1 (0.0e+00)
Composition correction applied in 20 block(s)
csr_matrix_base::write_matrix_to_file will be deprecated in the future.
FAILED TO CONVERGE WITH DT = 0.002 (newton residual reservoir) 
csr_matrix_base::write_matrix_to_file will be deprecated in the future.
csr_matrix_base::write_matrix_to_file will be deprecated in the future.
	 #1 (8.2530e-05, 2.1836e-05): lin 1 (0.0e+00)
Composition correction applied in 10 block(s)
csr_matrix_base::write_matrix_to_file will be deprecated in the future.
csr_matrix_base::write_matrix_to_file will be deprecated in the future.
-------------------------------------------------------------------------------------------------------------
 T = 1.7765, DT = 0.001, NI = 1, LI = 1, RES = 2.3e-09 (2.1e-07), CFL=0.170 (ELAPSED 00:00:12 )
-------------------------------------------------------------------------------------------------------------
csr_matrix_base::write_matrix_to_file will be deprecated in the future.
	 #1 (1.1317e-02, 4.2073e-02): lin 1 (0.0e+00)
Composition correction applied in 20 block(s)
csr_matrix_base::write_matrix_to_file will be deprecated in the future.
	 #2 (1.0029e-02, 4.1197e-02): lin 1 (0.0e+00)
Composition correction applied in 20 block(s)
csr_matrix_base::write_matrix_to_file will be deprecated in the future.
	 #3 (1.0024e-02, 4.1197e-02): lin 1 (0.0e+00)
Composition correction applied in 20 block(s)
csr_matrix_base::write_matrix_to_file will be deprecated in the future.
	 #4 (1.0024e-02, 4.1197e-02): lin 1 (0.0e+00)
Composition correction applied in 20 block(s)
csr_matrix_base::write_matrix_to_file will be deprecated in the future.
FAILED TO CONVERGE WITH DT = 0.001 (newton residual reservoir) 
csr_matrix_base::write_matrix_to_file will be deprecated in the future.
csr_matrix_base::write_matrix_to_file will be deprecated in the future.
	 #1 (9.0531e-06, 1.0526e-07): lin 1 (0.0e+00)
Composition correction applied in 9 block(s)
csr_matrix_base::write_matrix_to_file will be deprecated in the future.
csr_matrix_base::write_matrix_to_file will be deprecated in the future.
-------------------------------------------------------------------------------------------------------------
 T = 1.776, DT = 0.0005, NI = 1, LI = 1, RES = 2.3e-11 (9.0e-09), CFL=0.085 (ELAPSED 00:00:12 )
-------------------------------------------------------------------------------------------------------------
csr_matrix_base::write_matrix_to_file will be deprecated in the future.
	 #1 (5.6495e-03, 2.1032e-02): lin 1 (0.0e+00)
Composition correction applied in 9 block(s)
csr_matrix_base::write_matrix_to_file will be deprecated in the future.
-------------------------------------------------------------------------------------------------------------
 T = 1.776, DT = 0.0005, NI = 1, LI = 1, RES = 5.0e-03 (2.1e-02), CFL=0.082 (ELAPSED 00:00:25 )
-------------------------------------------------------------------------------------------------------------
csr_matrix_base::write_matrix_to_file will be deprecated in the future.
csr_matrix_base::write_matrix_to_file will be deprecated in the future.
	 #1 (1.2902e-04, 9.6982e-05): lin 1 (0.0e+00)
Composition correction applied in 5 block(s)
csr_matrix_base::write_matrix_to_file will be deprecated in the future.
csr_matrix_base::write_matrix_to_file will be deprecated in the future.
-------------------------------------------------------------------------------------------------------------
 T = 1.777, DT = 0.001, NI = 1, LI = 1, RES = 2.0e-09 (1.8e-07), CFL=0.170 (ELAPSED 00:00:12 )
-------------------------------------------------------------------------------------------------------------
csr_matrix_base::write_matrix_to_file will be deprecated in the future.
	 #1 (1.1428e-02, 4.2233e-02): lin 1 (0.0e+00)
Composition correction applied in 18 block(s)
csr_matrix_base::write_matrix_to_file will be deprecated in the future.
	 #2 (1.0158e-02, 4.1095e-02): lin 1 (0.0e+00)
Composition correction applied in 18 block(s)
csr_matrix_base::write_matrix_to_file will be deprecated in the future.
	 #3 (1.0153e-02, 4.1095e-02): lin 1 (0.0e+00)
Composition correction applied in 18 block(s)
csr_matrix_base::write_matrix_to_file will be deprecated in the future.
	 #4 (1.0153e-02, 4.1095e-02): lin 1 (0.0e+00)
Composition correction applied in 18 block(s)
csr_matrix_base::write_matrix_to_file will be deprecated in the future.
FAILED TO CONVERGE WITH DT = 0.001 (newton residual reservoir) 
csr_matrix_base::write_matrix_to_file will be deprecated in the future.
csr_matrix_base::write_matrix_to_file will be deprecated in the future.
	 #1 (3.9390e-05, 1.0843e-05): lin 1 (0.0e+00)
Composition correction applied in 2 block(s)
csr_matrix_base::write_matrix_to_file will be deprecated in the future.
csr_matrix_base::write_matrix_to_file will be deprecated in the future.
-------------------------------------------------------------------------------------------------------------
 T = 1.7765, DT = 0.0005, NI = 1, LI = 1, RES = 6.4e-10 (3.7e-08), CFL=0.085 (ELAPSED 00:00:12 )
-------------------------------------------------------------------------------------------------------------
csr_matrix_base::write_matrix_to_file will be deprecated in the future.
	 #1 (5.6945e-03, 2.1091e-02): lin 1 (0.0e+00)
Composition correction applied in 16 block(s)
csr_matrix_base::write_matrix_to_file will be deprecated in the future.
-------------------------------------------------------------------------------------------------------------
 T = 1.7765, DT = 0.0005, NI = 1, LI = 1, RES = 5.0e-03 (2.1e-02), CFL=0.082 (ELAPSED 00:00:25 )
-------------------------------------------------------------------------------------------------------------
csr_matrix_base::write_matrix_to_file will be deprecated in the future.
csr_matrix_base::write_matrix_to_file will be deprecated in the future.
	 #1 (1.2699e-04, 3.3999e-04): lin 1 (0.0e+00)
Composition correction applied in 6 block(s)
csr_matrix_base::write_matrix_to_file will be deprecated in the future.
csr_matrix_base::write_matrix_to_file will be deprecated in the future.
-------------------------------------------------------------------------------------------------------------
 T = 1.7775, DT = 0.001, NI = 1, LI = 1, RES = 1.3e-09 (1.1e-07), CFL=0.170 (ELAPSED 00:00:12 )
-------------------------------------------------------------------------------------------------------------
csr_matrix_base::write_matrix_to_file will be deprecated in the future.
	 #1 (1.1493e-02, 4.2485e-02): lin 1 (0.0e+00)
Composition correction applied in 20 block(s)
csr_matrix_base::write_matrix_to_file will be deprecated in the future.
	 #2 (1.0261e-02, 4.1514e-02): lin 1 (0.0e+00)
Composition correction applied in 20 block(s)
csr_matrix_base::write_matrix_to_file will be deprecated in the future.
	 #3 (1.0257e-02, 4.1514e-02): lin 1 (0.0e+00)
Composition correction applied in 20 block(s)
csr_matrix_base::write_matrix_to_file will be deprecated in the future.
	 #4 (1.0257e-02, 4.1514e-02): lin 1 (0.0e+00)
Composition correction applied in 20 block(s)
csr_matrix_base::write_matrix_to_file will be deprecated in the future.
FAILED TO CONVERGE WITH DT = 0.001 (newton residual reservoir) 
csr_matrix_base::write_matrix_to_file will be deprecated in the future.
csr_matrix_base::write_matrix_to_file will be deprecated in the future.
	 #1 (4.0169e-05, 1.0758e-05): lin 1 (0.0e+00)
Composition correction applied in 8 block(s)
csr_matrix_base::write_matrix_to_file will be deprecated in the future.
csr_matrix_base::write_matrix_to_file will be deprecated in the future.
-------------------------------------------------------------------------------------------------------------
 T = 1.777, DT = 0.0005, NI = 1, LI = 1, RES = 7.0e-10 (4.5e-08), CFL=0.085 (ELAPSED 00:00:12 )
-------------------------------------------------------------------------------------------------------------
csr_matrix_base::write_matrix_to_file will be deprecated in the future.
	 #1 (5.7253e-03, 2.1217e-02): lin 1 (0.0e+00)
Composition correction applied in 20 block(s)
csr_matrix_base::write_matrix_to_file will be deprecated in the future.
-------------------------------------------------------------------------------------------------------------
 T = 1.777, DT = 0.0005, NI = 1, LI = 1, RES = 5.1e-03 (2.1e-02), CFL=0.082 (ELAPSED 00:00:25 )
-------------------------------------------------------------------------------------------------------------
csr_matrix_base::write_matrix_to_file will be deprecated in the future.
csr_matrix_base::write_matrix_to_file will be deprecated in the future.
	 #1 (1.2667e-04, 1.5681e-04): lin 1 (0.0e+00)
Composition correction applied in 9 block(s)
csr_matrix_base::write_matrix_to_file will be deprecated in the future.
csr_matrix_base::write_matrix_to_file will be deprecated in the future.
-------------------------------------------------------------------------------------------------------------
 T = 1.778, DT = 0.001, NI = 1, LI = 1, RES = 1.1e-09 (9.6e-08), CFL=0.170 (ELAPSED 00:00:12 )
-------------------------------------------------------------------------------------------------------------
csr_matrix_base::write_matrix_to_file will be deprecated in the future.
	 #1 (1.1561e-02, 4.2630e-02): lin 1 (0.0e+00)
Composition correction applied in 20 block(s)
csr_matrix_base::write_matrix_to_file will be deprecated in the future.
	 #2 (1.0372e-02, 4.1525e-02): lin 1 (0.0e+00)
Composition correction applied in 20 block(s)
csr_matrix_base::write_matrix_to_file will be deprecated in the future.
	 #3 (1.0362e-02, 4.1676e-02): lin 1 (0.0e+00)
Composition correction applied in 20 block(s)
csr_matrix_base::write_matrix_to_file will be deprecated in the future.
	 #4 (1.0362e-02, 4.1676e-02): lin 1 (0.0e+00)
Composition correction applied in 20 block(s)
csr_matrix_base::write_matrix_to_file will be deprecated in the future.
FAILED TO CONVERGE WITH DT = 0.001 (newton residual reservoir) 
csr_matrix_base::write_matrix_to_file will be deprecated in the future.
csr_matrix_base::write_matrix_to_file will be deprecated in the future.
	 #1 (4.0342e-05, 1.1021e-05): lin 1 (0.0e+00)
Composition correction applied in 9 block(s)
csr_matrix_base::write_matrix_to_file will be deprecated in the future.
csr_matrix_base::write_matrix_to_file will be deprecated in the future.
-------------------------------------------------------------------------------------------------------------
 T = 1.7775, DT = 0.0005, NI = 1, LI = 1, RES = 7.2e-10 (4.7e-08), CFL=0.085 (ELAPSED 00:00:12 )
-------------------------------------------------------------------------------------------------------------
csr_matrix_base::write_matrix_to_file will be deprecated in the future.
	 #1 (5.7589e-03, 2.1288e-02): lin 1 (0.0e+00)
Composition correction applied in 20 block(s)
csr_matrix_base::write_matrix_to_file will be deprecated in the future.
-------------------------------------------------------------------------------------------------------------
 T = 1.7775, DT = 0.0005, NI = 1, LI = 1, RES = 5.1e-03 (2.1e-02), CFL=0.082 (ELAPSED 00:00:25 )
-------------------------------------------------------------------------------------------------------------
csr_matrix_base::write_matrix_to_file will be deprecated in the future.
csr_matrix_base::write_matrix_to_file will be deprecated in the future.
	 #1 (1.2646e-04, 1.9949e-04): lin 1 (0.0e+00)
Composition correction applied in 7 block(s)
csr_matrix_base::write_matrix_to_file will be deprecated in the future.
csr_matrix_base::write_matrix_to_file will be deprecated in the future.
-------------------------------------------------------------------------------------------------------------
 T = 1.7785, DT = 0.001, NI = 1, LI = 1, RES = 1.1e-09 (9.0e-08), CFL=0.171 (ELAPSED 00:00:12 )
-------------------------------------------------------------------------------------------------------------
csr_matrix_base::write_matrix_to_file will be deprecated in the future.
	 #1 (1.1631e-02, 4.2798e-02): lin 1 (0.0e+00)
Composition correction applied in 20 block(s)
csr_matrix_base::write_matrix_to_file will be deprecated in the future.
	 #2 (1.0485e-02, 4.1534e-02): lin 1 (0.0e+00)
Composition correction applied in 20 block(s)
csr_matrix_base::write_matrix_to_file will be deprecated in the future.
	 #3 (1.0470e-02, 4.1985e-02): lin 1 (0.0e+00)
Composition correction applied in 20 block(s)
csr_matrix_base::write_matrix_to_file will be deprecated in the future.
	 #4 (1.0470e-02, 4.1985e-02): lin 1 (0.0e+00)
Composition correction applied in 20 block(s)
csr_matrix_base::write_matrix_to_file will be deprecated in the future.
	 #5 (1.0470e-02, 4.1985e-02): lin 1 (0.0e+00)
Composition correction applied in 20 block(s)
csr_matrix_base::write_matrix_to_file will be deprecated in the future.
FAILED TO CONVERGE WITH DT = 0.001 (newton residual reservoir) 
csr_matrix_base::write_matrix_to_file will be deprecated in the future.
csr_matrix_base::write_matrix_to_file will be deprecated in the future.
	 #1 (4.0392e-05, 1.0967e-05): lin 1 (0.0e+00)
Composition correction applied in 7 block(s)
csr_matrix_base::write_matrix_to_file will be deprecated in the future.
csr_matrix_base::write_matrix_to_file will be deprecated in the future.
-------------------------------------------------------------------------------------------------------------
 T = 1.778, DT = 0.0005, NI = 1, LI = 1, RES = 7.2e-10 (4.7e-08), CFL=0.085 (ELAPSED 00:00:12 )
-------------------------------------------------------------------------------------------------------------
csr_matrix_base::write_matrix_to_file will be deprecated in the future.
	 #1 (5.7942e-03, 2.1372e-02): lin 1 (0.0e+00)
Composition correction applied in 20 block(s)
csr_matrix_base::write_matrix_to_file will be deprecated in the future.
-------------------------------------------------------------------------------------------------------------
 T = 1.778, DT = 0.0005, NI = 1, LI = 1, RES = 5.2e-03 (2.1e-02), CFL=0.082 (ELAPSED 00:00:25 )
-------------------------------------------------------------------------------------------------------------
csr_matrix_base::write_matrix_to_file will be deprecated in the future.
csr_matrix_base::write_matrix_to_file will be deprecated in the future.
	 #1 (1.2625e-04, 2.4668e-04): lin 1 (0.0e+00)
Composition correction applied in 10 block(s)
csr_matrix_base::write_matrix_to_file will be deprecated in the future.
csr_matrix_base::write_matrix_to_file will be deprecated in the future.
-------------------------------------------------------------------------------------------------------------
 T = 1.779, DT = 0.001, NI = 1, LI = 1, RES = 1.0e-09 (8.7e-08), CFL=0.171 (ELAPSED 00:00:12 )
-------------------------------------------------------------------------------------------------------------
csr_matrix_base::write_matrix_to_file will be deprecated in the future.
	 #1 (1.1704e-02, 4.2944e-02): lin 1 (0.0e+00)
Composition correction applied in 20 block(s)
csr_matrix_base::write_matrix_to_file will be deprecated in the future.
	 #2 (1.0584e-02, 4.2366e-02): lin 1 (0.0e+00)
Composition correction applied in 20 block(s)
csr_matrix_base::write_matrix_to_file will be deprecated in the future.
	 #3 (1.0580e-02, 4.2367e-02): lin 1 (0.0e+00)
Composition correction applied in 20 block(s)
csr_matrix_base::write_matrix_to_file will be deprecated in the future.
	 #4 (1.0580e-02, 4.2367e-02): lin 1 (0.0e+00)
Composition correction applied in 20 block(s)
csr_matrix_base::write_matrix_to_file will be deprecated in the future.
FAILED TO CONVERGE WITH DT = 0.001 (newton residual reservoir) 
csr_matrix_base::write_matrix_to_file will be deprecated in the future.
csr_matrix_base::write_matrix_to_file will be deprecated in the future.
	 #1 (4.0367e-05, 1.0862e-05): lin 1 (0.0e+00)
Composition correction applied in 9 block(s)
csr_matrix_base::write_matrix_to_file will be deprecated in the future.
csr_matrix_base::write_matrix_to_file will be deprecated in the future.
-------------------------------------------------------------------------------------------------------------
 T = 1.7785, DT = 0.0005, NI = 1, LI = 1, RES = 7.3e-10 (4.8e-08), CFL=0.085 (ELAPSED 00:00:12 )
-------------------------------------------------------------------------------------------------------------
csr_matrix_base::write_matrix_to_file will be deprecated in the future.
	 #1 (5.8308e-03, 2.1445e-02): lin 1 (0.0e+00)
Composition correction applied in 20 block(s)
csr_matrix_base::write_matrix_to_file will be deprecated in the future.
-------------------------------------------------------------------------------------------------------------
 T = 1.7785, DT = 0.0005, NI = 1, LI = 1, RES = 5.3e-03 (2.1e-02), CFL=0.082 (ELAPSED 00:00:25 )
-------------------------------------------------------------------------------------------------------------
csr_matrix_base::write_matrix_to_file will be deprecated in the future.
csr_matrix_base::write_matrix_to_file will be deprecated in the future.
	 #1 (1.2578e-04, 1.9665e-04): lin 1 (0.0e+00)
Composition correction applied in 9 block(s)
csr_matrix_base::write_matrix_to_file will be deprecated in the future.
csr_matrix_base::write_matrix_to_file will be deprecated in the future.
-------------------------------------------------------------------------------------------------------------
 T = 1.7795, DT = 0.001, NI = 1, LI = 1, RES = 1.1e-09 (8.7e-08), CFL=0.171 (ELAPSED 00:00:12 )
-------------------------------------------------------------------------------------------------------------
csr_matrix_base::write_matrix_to_file will be deprecated in the future.
	 #1 (1.1779e-02, 4.2794e-02): lin 1 (0.0e+00)
Composition correction applied in 20 block(s)
csr_matrix_base::write_matrix_to_file will be deprecated in the future.
	 #2 (1.0695e-02, 4.1931e-02): lin 1 (0.0e+00)
Composition correction applied in 20 block(s)
csr_matrix_base::write_matrix_to_file will be deprecated in the future.
	 #3 (1.0694e-02, 4.1931e-02): lin 1 (0.0e+00)
Composition correction applied in 20 block(s)
csr_matrix_base::write_matrix_to_file will be deprecated in the future.
	 #4 (1.0694e-02, 4.1931e-02): lin 1 (0.0e+00)
Composition correction applied in 20 block(s)
csr_matrix_base::write_matrix_to_file will be deprecated in the future.
FAILED TO CONVERGE WITH DT = 0.001 (newton residual reservoir) 
csr_matrix_base::write_matrix_to_file will be deprecated in the future.
csr_matrix_base::write_matrix_to_file will be deprecated in the future.
	 #1 (4.0364e-05, 1.1571e-05): lin 1 (0.0e+00)
Composition correction applied in 9 block(s)
csr_matrix_base::write_matrix_to_file will be deprecated in the future.
csr_matrix_base::write_matrix_to_file will be deprecated in the future.
-------------------------------------------------------------------------------------------------------------
 T = 1.779, DT = 0.0005, NI = 1, LI = 1, RES = 7.3e-10 (4.8e-08), CFL=0.085 (ELAPSED 00:00:12 )
-------------------------------------------------------------------------------------------------------------
csr_matrix_base::write_matrix_to_file will be deprecated in the future.
	 #1 (5.8688e-03, 2.1369e-02): lin 1 (0.0e+00)
Composition correction applied in 20 block(s)
csr_matrix_base::write_matrix_to_file will be deprecated in the future.
-------------------------------------------------------------------------------------------------------------
 T = 1.779, DT = 0.0005, NI = 1, LI = 1, RES = 5.3e-03 (2.1e-02), CFL=0.083 (ELAPSED 00:00:25 )
-------------------------------------------------------------------------------------------------------------
csr_matrix_base::write_matrix_to_file will be deprecated in the future.
csr_matrix_base::write_matrix_to_file will be deprecated in the future.
	 #1 (1.2704e-04, 6.6434e-05): lin 1 (0.0e+00)
Composition correction applied in 12 block(s)
csr_matrix_base::write_matrix_to_file will be deprecated in the future.
csr_matrix_base::write_matrix_to_file will be deprecated in the future.
-------------------------------------------------------------------------------------------------------------
 T = 1.78, DT = 0.001, NI = 1, LI = 1, RES = 1.1e-09 (8.9e-08), CFL=0.171 (ELAPSED 00:00:12 )
-------------------------------------------------------------------------------------------------------------
csr_matrix_base::write_matrix_to_file will be deprecated in the future.
	 #1 (1.1858e-02, 4.2794e-02): lin 1 (0.0e+00)
Composition correction applied in 20 block(s)
csr_matrix_base::write_matrix_to_file will be deprecated in the future.
	 #2 (1.0812e-02, 4.1970e-02): lin 1 (0.0e+00)
Composition correction applied in 20 block(s)
csr_matrix_base::write_matrix_to_file will be deprecated in the future.
	 #3 (1.0811e-02, 4.1970e-02): lin 1 (0.0e+00)
Composition correction applied in 20 block(s)
csr_matrix_base::write_matrix_to_file will be deprecated in the future.
	 #4 (1.0811e-02, 4.1970e-02): lin 1 (0.0e+00)
Composition correction applied in 20 block(s)
csr_matrix_base::write_matrix_to_file will be deprecated in the future.
FAILED TO CONVERGE WITH DT = 0.001 (newton residual reservoir) 
csr_matrix_base::write_matrix_to_file will be deprecated in the future.
csr_matrix_base::write_matrix_to_file will be deprecated in the future.
	 #1 (4.0730e-05, 1.1174e-05): lin 1 (0.0e+00)
Composition correction applied in 12 block(s)
csr_matrix_base::write_matrix_to_file will be deprecated in the future.
csr_matrix_base::write_matrix_to_file will be deprecated in the future.
-------------------------------------------------------------------------------------------------------------
 T = 1.7795, DT = 0.0005, NI = 1, LI = 1, RES = 7.4e-10 (4.8e-08), CFL=0.085 (ELAPSED 00:00:12 )
-------------------------------------------------------------------------------------------------------------
csr_matrix_base::write_matrix_to_file will be deprecated in the future.
	 #1 (5.9088e-03, 2.1370e-02): lin 1 (0.0e+00)
Composition correction applied in 20 block(s)
csr_matrix_base::write_matrix_to_file will be deprecated in the future.
-------------------------------------------------------------------------------------------------------------
 T = 1.7795, DT = 0.0005, NI = 1, LI = 1, RES = 5.4e-03 (2.1e-02), CFL=0.083 (ELAPSED 00:00:25 )
-------------------------------------------------------------------------------------------------------------
csr_matrix_base::write_matrix_to_file will be deprecated in the future.
csr_matrix_base::write_matrix_to_file will be deprecated in the future.
	 #1 (1.2672e-04, 2.6784e-05): lin 1 (0.0e+00)
Composition correction applied in 8 block(s)
csr_matrix_base::write_matrix_to_file will be deprecated in the future.
csr_matrix_base::write_matrix_to_file will be deprecated in the future.
-------------------------------------------------------------------------------------------------------------
 T = 1.7805, DT = 0.001, NI = 1, LI = 1, RES = 1.1e-09 (8.7e-08), CFL=0.171 (ELAPSED 00:00:12 )
-------------------------------------------------------------------------------------------------------------
csr_matrix_base::write_matrix_to_file will be deprecated in the future.
	 #1 (1.1940e-02, 4.2772e-02): lin 1 (0.0e+00)
Composition correction applied in 20 block(s)
csr_matrix_base::write_matrix_to_file will be deprecated in the future.
	 #2 (1.0932e-02, 4.1940e-02): lin 1 (0.0e+00)
Composition correction applied in 20 block(s)
csr_matrix_base::write_matrix_to_file will be deprecated in the future.
	 #3 (1.0932e-02, 4.1940e-02): lin 1 (0.0e+00)
Composition correction applied in 20 block(s)
csr_matrix_base::write_matrix_to_file will be deprecated in the future.
	 #4 (1.0932e-02, 4.1940e-02): lin 1 (0.0e+00)
Composition correction applied in 20 block(s)
csr_matrix_base::write_matrix_to_file will be deprecated in the future.
FAILED TO CONVERGE WITH DT = 0.001 (newton residual reservoir) 
csr_matrix_base::write_matrix_to_file will be deprecated in the future.
csr_matrix_base::write_matrix_to_file will be deprecated in the future.
	 #1 (4.0695e-05, 1.1276e-05): lin 1 (0.0e+00)
Composition correction applied in 8 block(s)
csr_matrix_base::write_matrix_to_file will be deprecated in the future.
csr_matrix_base::write_matrix_to_file will be deprecated in the future.
-------------------------------------------------------------------------------------------------------------
 T = 1.78, DT = 0.0005, NI = 1, LI = 1, RES = 7.4e-10 (4.9e-08), CFL=0.085 (ELAPSED 00:00:12 )
-------------------------------------------------------------------------------------------------------------
csr_matrix_base::write_matrix_to_file will be deprecated in the future.
	 #1 (5.9500e-03, 2.1358e-02): lin 1 (0.0e+00)
Composition correction applied in 20 block(s)
csr_matrix_base::write_matrix_to_file will be deprecated in the future.
-------------------------------------------------------------------------------------------------------------
 T = 1.78, DT = 0.0005, NI = 1, LI = 1, RES = 5.4e-03 (2.1e-02), CFL=0.083 (ELAPSED 00:00:25 )
-------------------------------------------------------------------------------------------------------------
csr_matrix_base::write_matrix_to_file will be deprecated in the future.
csr_matrix_base::write_matrix_to_file will be deprecated in the future.
	 #1 (1.2639e-04, 3.1329e-05): lin 1 (0.0e+00)
Composition correction applied in 10 block(s)
csr_matrix_base::write_matrix_to_file will be deprecated in the future.
csr_matrix_base::write_matrix_to_file will be deprecated in the future.
-------------------------------------------------------------------------------------------------------------
 T = 1.781, DT = 0.001, NI = 1, LI = 1, RES = 1.1e-09 (8.7e-08), CFL=0.171 (ELAPSED 00:00:12 )
-------------------------------------------------------------------------------------------------------------
csr_matrix_base::write_matrix_to_file will be deprecated in the future.
	 #1 (1.2024e-02, 4.2751e-02): lin 1 (0.0e+00)
Composition correction applied in 20 block(s)
csr_matrix_base::write_matrix_to_file will be deprecated in the future.
	 #2 (1.1073e-02, 4.1916e-02): lin 1 (0.0e+00)
Composition correction applied in 20 block(s)
csr_matrix_base::write_matrix_to_file will be deprecated in the future.
	 #3 (1.1073e-02, 4.1917e-02): lin 1 (0.0e+00)
Composition correction applied in 20 block(s)
csr_matrix_base::write_matrix_to_file will be deprecated in the future.
	 #4 (1.1073e-02, 4.1917e-02): lin 1 (0.0e+00)
Composition correction applied in 20 block(s)
csr_matrix_base::write_matrix_to_file will be deprecated in the future.
FAILED TO CONVERGE WITH DT = 0.001 (newton residual reservoir) 
csr_matrix_base::write_matrix_to_file will be deprecated in the future.
csr_matrix_base::write_matrix_to_file will be deprecated in the future.
	 #1 (4.0649e-05, 1.1303e-05): lin 1 (0.0e+00)
Composition correction applied in 8 block(s)
csr_matrix_base::write_matrix_to_file will be deprecated in the future.
csr_matrix_base::write_matrix_to_file will be deprecated in the future.
-------------------------------------------------------------------------------------------------------------
 T = 1.7805, DT = 0.0005, NI = 1, LI = 1, RES = 7.4e-10 (4.9e-08), CFL=0.086 (ELAPSED 00:00:12 )
-------------------------------------------------------------------------------------------------------------
csr_matrix_base::write_matrix_to_file will be deprecated in the future.
	 #1 (5.9926e-03, 2.1348e-02): lin 1 (0.0e+00)
Composition correction applied in 20 block(s)
csr_matrix_base::write_matrix_to_file will be deprecated in the future.
-------------------------------------------------------------------------------------------------------------
 T = 1.7805, DT = 0.0005, NI = 1, LI = 1, RES = 5.5e-03 (2.1e-02), CFL=0.083 (ELAPSED 00:00:25 )
-------------------------------------------------------------------------------------------------------------
csr_matrix_base::write_matrix_to_file will be deprecated in the future.
csr_matrix_base::write_matrix_to_file will be deprecated in the future.
	 #1 (1.2605e-04, 3.0723e-05): lin 1 (0.0e+00)
Composition correction applied in 10 block(s)
csr_matrix_base::write_matrix_to_file will be deprecated in the future.
csr_matrix_base::write_matrix_to_file will be deprecated in the future.
-------------------------------------------------------------------------------------------------------------
 T = 1.7815, DT = 0.001, NI = 1, LI = 1, RES = 1.1e-09 (8.6e-08), CFL=0.171 (ELAPSED 00:00:12 )
-------------------------------------------------------------------------------------------------------------
csr_matrix_base::write_matrix_to_file will be deprecated in the future.
	 #1 (1.2112e-02, 4.2730e-02): lin 1 (0.0e+00)
Composition correction applied in 20 block(s)
csr_matrix_base::write_matrix_to_file will be deprecated in the future.
	 #2 (1.1289e-02, 4.1888e-02): lin 1 (0.0e+00)
Composition correction applied in 20 block(s)
csr_matrix_base::write_matrix_to_file will be deprecated in the future.
	 #3 (1.1239e-02, 4.1888e-02): lin 1 (0.0e+00)
Composition correction applied in 20 block(s)
csr_matrix_base::write_matrix_to_file will be deprecated in the future.
	 #4 (1.1239e-02, 4.1888e-02): lin 1 (0.0e+00)
Composition correction applied in 20 block(s)
csr_matrix_base::write_matrix_to_file will be deprecated in the future.
	 #5 (1.1239e-02, 4.1888e-02): lin 1 (0.0e+00)
Composition correction applied in 20 block(s)
csr_matrix_base::write_matrix_to_file will be deprecated in the future.
FAILED TO CONVERGE WITH DT = 0.001 (newton residual reservoir) 
csr_matrix_base::write_matrix_to_file will be deprecated in the future.
csr_matrix_base::write_matrix_to_file will be deprecated in the future.
	 #1 (4.0598e-05, 1.1339e-05): lin 1 (0.0e+00)
Composition correction applied in 10 block(s)
csr_matrix_base::write_matrix_to_file will be deprecated in the future.
csr_matrix_base::write_matrix_to_file will be deprecated in the future.
-------------------------------------------------------------------------------------------------------------
 T = 1.781, DT = 0.0005, NI = 1, LI = 1, RES = 7.4e-10 (4.9e-08), CFL=0.086 (ELAPSED 00:00:12 )
-------------------------------------------------------------------------------------------------------------
csr_matrix_base::write_matrix_to_file will be deprecated in the future.
	 #1 (6.0365e-03, 2.1338e-02): lin 1 (0.0e+00)
Composition correction applied in 20 block(s)
csr_matrix_base::write_matrix_to_file will be deprecated in the future.
-------------------------------------------------------------------------------------------------------------
 T = 1.781, DT = 0.0005, NI = 1, LI = 1, RES = 5.6e-03 (2.1e-02), CFL=0.083 (ELAPSED 00:00:25 )
-------------------------------------------------------------------------------------------------------------
csr_matrix_base::write_matrix_to_file will be deprecated in the future.
csr_matrix_base::write_matrix_to_file will be deprecated in the future.
	 #1 (1.2571e-04, 3.0768e-05): lin 1 (0.0e+00)
Composition correction applied in 7 block(s)
csr_matrix_base::write_matrix_to_file will be deprecated in the future.
csr_matrix_base::write_matrix_to_file will be deprecated in the future.
-------------------------------------------------------------------------------------------------------------
 T = 1.782, DT = 0.001, NI = 1, LI = 1, RES = 1.1e-09 (8.6e-08), CFL=0.171 (ELAPSED 00:00:12 )
-------------------------------------------------------------------------------------------------------------
csr_matrix_base::write_matrix_to_file will be deprecated in the future.
	 #1 (1.2213e-02, 4.2708e-02): lin 1 (0.0e+00)
Composition correction applied in 20 block(s)
csr_matrix_base::write_matrix_to_file will be deprecated in the future.
	 #2 (1.1527e-02, 4.1859e-02): lin 1 (0.0e+00)
Composition correction applied in 20 block(s)
csr_matrix_base::write_matrix_to_file will be deprecated in the future.
	 #3 (1.1298e-02, 4.1860e-02): lin 1 (0.0e+00)
Composition correction applied in 20 block(s)
csr_matrix_base::write_matrix_to_file will be deprecated in the future.
	 #4 (1.1298e-02, 4.1860e-02): lin 1 (0.0e+00)
Composition correction applied in 20 block(s)
csr_matrix_base::write_matrix_to_file will be deprecated in the future.
	 #5 (1.1298e-02, 4.1860e-02): lin 1 (0.0e+00)
Composition correction applied in 20 block(s)
csr_matrix_base::write_matrix_to_file will be deprecated in the future.
FAILED TO CONVERGE WITH DT = 0.001 (newton residual reservoir) 
csr_matrix_base::write_matrix_to_file will be deprecated in the future.
csr_matrix_base::write_matrix_to_file will be deprecated in the future.
	 #1 (4.0543e-05, 1.1374e-05): lin 1 (0.0e+00)
Composition correction applied in 7 block(s)
csr_matrix_base::write_matrix_to_file will be deprecated in the future.
csr_matrix_base::write_matrix_to_file will be deprecated in the future.
-------------------------------------------------------------------------------------------------------------
 T = 1.7815, DT = 0.0005, NI = 1, LI = 1, RES = 7.3e-10 (4.9e-08), CFL=0.086 (ELAPSED 00:00:12 )
-------------------------------------------------------------------------------------------------------------
csr_matrix_base::write_matrix_to_file will be deprecated in the future.
	 #1 (6.0875e-03, 2.1326e-02): lin 1 (0.0e+00)
Composition correction applied in 20 block(s)
csr_matrix_base::write_matrix_to_file will be deprecated in the future.
-------------------------------------------------------------------------------------------------------------
 T = 1.7815, DT = 0.0005, NI = 1, LI = 1, RES = 5.7e-03 (2.1e-02), CFL=0.086 (ELAPSED 00:00:25 )
-------------------------------------------------------------------------------------------------------------
csr_matrix_base::write_matrix_to_file will be deprecated in the future.
csr_matrix_base::write_matrix_to_file will be deprecated in the future.
	 #1 (2.4480e-04, 3.0678e-05): lin 1 (0.0e+00)
Composition correction applied in 6 block(s)
csr_matrix_base::write_matrix_to_file will be deprecated in the future.
csr_matrix_base::write_matrix_to_file will be deprecated in the future.
-------------------------------------------------------------------------------------------------------------
 T = 1.7825, DT = 0.001, NI = 1, LI = 1, RES = 1.1e-08 (7.6e-08), CFL=0.171 (ELAPSED 00:00:12 )
-------------------------------------------------------------------------------------------------------------
csr_matrix_base::write_matrix_to_file will be deprecated in the future.
	 #1 (1.2302e-02, 4.2638e-02): lin 1 (0.0e+00)
Composition correction applied in 21 block(s)
csr_matrix_base::write_matrix_to_file will be deprecated in the future.
	 #2 (1.1528e-02, 4.2019e-02): lin 1 (0.0e+00)
Composition correction applied in 21 block(s)
csr_matrix_base::write_matrix_to_file will be deprecated in the future.
	 #3 (1.1287e-02, 4.2021e-02): lin 1 (0.0e+00)
Composition correction applied in 21 block(s)
csr_matrix_base::write_matrix_to_file will be deprecated in the future.
	 #4 (1.1287e-02, 4.2021e-02): lin 1 (0.0e+00)
Composition correction applied in 21 block(s)
csr_matrix_base::write_matrix_to_file will be deprecated in the future.
	 #5 (1.1287e-02, 4.2021e-02): lin 1 (0.0e+00)
Composition correction applied in 21 block(s)
csr_matrix_base::write_matrix_to_file will be deprecated in the future.
FAILED TO CONVERGE WITH DT = 0.001 (newton residual reservoir) 
csr_matrix_base::write_matrix_to_file will be deprecated in the future.
csr_matrix_base::write_matrix_to_file will be deprecated in the future.
	 #1 (4.4016e-05, 1.1415e-05): lin 1 (0.0e+00)
Composition correction applied in 5 block(s)
csr_matrix_base::write_matrix_to_file will be deprecated in the future.
csr_matrix_base::write_matrix_to_file will be deprecated in the future.
-------------------------------------------------------------------------------------------------------------
 T = 1.782, DT = 0.0005, NI = 1, LI = 1, RES = 6.1e-11 (6.9e-09), CFL=0.086 (ELAPSED 00:00:12 )
-------------------------------------------------------------------------------------------------------------
csr_matrix_base::write_matrix_to_file will be deprecated in the future.
	 #1 (6.1424e-03, 2.1299e-02): lin 1 (0.0e+00)
Composition correction applied in 9 block(s)
csr_matrix_base::write_matrix_to_file will be deprecated in the future.
-------------------------------------------------------------------------------------------------------------
 T = 1.782, DT = 0.0005, NI = 1, LI = 1, RES = 5.7e-03 (2.1e-02), CFL=0.086 (ELAPSED 00:00:25 )
-------------------------------------------------------------------------------------------------------------
csr_matrix_base::write_matrix_to_file will be deprecated in the future.
csr_matrix_base::write_matrix_to_file will be deprecated in the future.
	 #1 (6.6695e-04, 1.6910e-04): lin 1 (0.0e+00)
Composition correction applied in 3 block(s)
csr_matrix_base::write_matrix_to_file will be deprecated in the future.
csr_matrix_base::write_matrix_to_file will be deprecated in the future.
-------------------------------------------------------------------------------------------------------------
 T = 1.783, DT = 0.001, NI = 1, LI = 1, RES = 1.1e-07 (2.8e-06), CFL=0.172 (ELAPSED 00:00:12 )
-------------------------------------------------------------------------------------------------------------
csr_matrix_base::write_matrix_to_file will be deprecated in the future.
	 #1 (1.2306e-02, 4.2357e-02): lin 1 (0.0e+00)
Composition correction applied in 21 block(s)
csr_matrix_base::write_matrix_to_file will be deprecated in the future.
	 #2 (1.1220e-02, 4.2155e-02): lin 1 (0.0e+00)
Composition correction applied in 21 block(s)
csr_matrix_base::write_matrix_to_file will be deprecated in the future.
	 #3 (1.1205e-02, 4.2156e-02): lin 1 (0.0e+00)
Composition correction applied in 21 block(s)
csr_matrix_base::write_matrix_to_file will be deprecated in the future.
	 #4 (1.1205e-02, 4.2156e-02): lin 1 (0.0e+00)
Composition correction applied in 21 block(s)
csr_matrix_base::write_matrix_to_file will be deprecated in the future.
	 #5 (1.1205e-02, 4.2156e-02): lin 1 (0.0e+00)
Composition correction applied in 21 block(s)
csr_matrix_base::write_matrix_to_file will be deprecated in the future.
FAILED TO CONVERGE WITH DT = 0.001 (newton residual reservoir) 
csr_matrix_base::write_matrix_to_file will be deprecated in the future.
csr_matrix_base::write_matrix_to_file will be deprecated in the future.
	 #1 (2.6753e-04, 1.0112e-05): lin 1 (0.0e+00)
Composition correction applied in 3 block(s)
csr_matrix_base::write_matrix_to_file will be deprecated in the future.
csr_matrix_base::write_matrix_to_file will be deprecated in the future.
-------------------------------------------------------------------------------------------------------------
 T = 1.7825, DT = 0.0005, NI = 1, LI = 1, RES = 1.7e-08 (1.2e-07), CFL=0.085 (ELAPSED 00:00:12 )
-------------------------------------------------------------------------------------------------------------
csr_matrix_base::write_matrix_to_file will be deprecated in the future.
	 #1 (6.1679e-03, 2.1183e-02): lin 1 (0.0e+00)
Composition correction applied in 9 block(s)
csr_matrix_base::write_matrix_to_file will be deprecated in the future.
-------------------------------------------------------------------------------------------------------------
 T = 1.7825, DT = 0.0005, NI = 1, LI = 1, RES = 5.6e-03 (2.1e-02), CFL=0.085 (ELAPSED 00:00:25 )
-------------------------------------------------------------------------------------------------------------
csr_matrix_base::write_matrix_to_file will be deprecated in the future.
csr_matrix_base::write_matrix_to_file will be deprecated in the future.
	 #1 (5.7997e-04, 4.5818e-04): lin 1 (0.0e+00)
Composition correction applied in 2 block(s)
csr_matrix_base::write_matrix_to_file will be deprecated in the future.
csr_matrix_base::write_matrix_to_file will be deprecated in the future.
-------------------------------------------------------------------------------------------------------------
 T = 1.7835, DT = 0.001, NI = 1, LI = 1, RES = 6.3e-08 (7.7e-07), CFL=0.172 (ELAPSED 00:00:12 )
-------------------------------------------------------------------------------------------------------------
csr_matrix_base::write_matrix_to_file will be deprecated in the future.
	 #1 (1.2445e-02, 4.2024e-02): lin 1 (0.0e+00)
Composition correction applied in 11 block(s)
csr_matrix_base::write_matrix_to_file will be deprecated in the future.
	 #2 (1.1199e-02, 4.1192e-02): lin 1 (0.0e+00)
Composition correction applied in 11 block(s)
csr_matrix_base::write_matrix_to_file will be deprecated in the future.
	 #3 (1.1199e-02, 4.1194e-02): lin 1 (0.0e+00)
Composition correction applied in 11 block(s)
csr_matrix_base::write_matrix_to_file will be deprecated in the future.
	 #4 (1.1199e-02, 4.1194e-02): lin 1 (0.0e+00)
Composition correction applied in 11 block(s)
csr_matrix_base::write_matrix_to_file will be deprecated in the future.
FAILED TO CONVERGE WITH DT = 0.001 (newton residual reservoir) 
csr_matrix_base::write_matrix_to_file will be deprecated in the future.
csr_matrix_base::write_matrix_to_file will be deprecated in the future.
	 #1 (2.4721e-04, 1.0968e-05): lin 1 (0.0e+00)
Composition correction applied in 4 block(s)
csr_matrix_base::write_matrix_to_file will be deprecated in the future.
csr_matrix_base::write_matrix_to_file will be deprecated in the future.
-------------------------------------------------------------------------------------------------------------
 T = 1.783, DT = 0.0005, NI = 1, LI = 1, RES = 1.7e-08 (1.8e-07), CFL=0.085 (ELAPSED 00:00:12 )
-------------------------------------------------------------------------------------------------------------
csr_matrix_base::write_matrix_to_file will be deprecated in the future.
	 #1 (6.2428e-03, 2.1019e-02): lin 1 (0.0e+00)
Composition correction applied in 9 block(s)
csr_matrix_base::write_matrix_to_file will be deprecated in the future.
-------------------------------------------------------------------------------------------------------------
 T = 1.783, DT = 0.0005, NI = 1, LI = 1, RES = 5.6e-03 (2.1e-02), CFL=0.085 (ELAPSED 00:00:25 )
-------------------------------------------------------------------------------------------------------------
csr_matrix_base::write_matrix_to_file will be deprecated in the future.
csr_matrix_base::write_matrix_to_file will be deprecated in the future.
	 #1 (5.3196e-04, 2.9210e-04): lin 1 (0.0e+00)
Composition correction applied in 3 block(s)
csr_matrix_base::write_matrix_to_file will be deprecated in the future.
csr_matrix_base::write_matrix_to_file will be deprecated in the future.
-------------------------------------------------------------------------------------------------------------
 T = 1.784, DT = 0.001, NI = 1, LI = 1, RES = 4.6e-08 (3.6e-07), CFL=0.171 (ELAPSED 00:00:12 )
-------------------------------------------------------------------------------------------------------------
csr_matrix_base::write_matrix_to_file will be deprecated in the future.
	 #1 (1.2566e-02, 4.2151e-02): lin 1 (0.0e+00)
Composition correction applied in 9 block(s)
csr_matrix_base::write_matrix_to_file will be deprecated in the future.
	 #2 (1.1190e-02, 4.1593e-02): lin 1 (0.0e+00)
Composition correction applied in 9 block(s)
csr_matrix_base::write_matrix_to_file will be deprecated in the future.
	 #3 (1.1190e-02, 4.1593e-02): lin 1 (0.0e+00)
Composition correction applied in 9 block(s)
csr_matrix_base::write_matrix_to_file will be deprecated in the future.
	 #4 (1.1190e-02, 4.1593e-02): lin 1 (0.0e+00)
Composition correction applied in 9 block(s)
csr_matrix_base::write_matrix_to_file will be deprecated in the future.
FAILED TO CONVERGE WITH DT = 0.001 (newton residual reservoir) 
csr_matrix_base::write_matrix_to_file will be deprecated in the future.
csr_matrix_base::write_matrix_to_file will be deprecated in the future.
	 #1 (2.2879e-04, 1.0626e-05): lin 1 (0.0e+00)
Composition correction applied in 3 block(s)
csr_matrix_base::write_matrix_to_file will be deprecated in the future.
csr_matrix_base::write_matrix_to_file will be deprecated in the future.
-------------------------------------------------------------------------------------------------------------
 T = 1.7835, DT = 0.0005, NI = 1, LI = 1, RES = 1.5e-08 (1.7e-07), CFL=0.085 (ELAPSED 00:00:12 )
-------------------------------------------------------------------------------------------------------------
csr_matrix_base::write_matrix_to_file will be deprecated in the future.
	 #1 (6.3001e-03, 2.1083e-02): lin 1 (0.0e+00)
Composition correction applied in 9 block(s)
csr_matrix_base::write_matrix_to_file will be deprecated in the future.
-------------------------------------------------------------------------------------------------------------
 T = 1.7835, DT = 0.0005, NI = 1, LI = 1, RES = 5.6e-03 (2.1e-02), CFL=0.085 (ELAPSED 00:00:25 )
-------------------------------------------------------------------------------------------------------------
csr_matrix_base::write_matrix_to_file will be deprecated in the future.
csr_matrix_base::write_matrix_to_file will be deprecated in the future.
	 #1 (4.9057e-04, 6.4387e-05): lin 1 (0.0e+00)
Composition correction applied in 5 block(s)
csr_matrix_base::write_matrix_to_file will be deprecated in the future.
csr_matrix_base::write_matrix_to_file will be deprecated in the future.
-------------------------------------------------------------------------------------------------------------
 T = 1.7845, DT = 0.001, NI = 1, LI = 1, RES = 3.7e-08 (2.1e-07), CFL=0.171 (ELAPSED 00:00:12 )
-------------------------------------------------------------------------------------------------------------
csr_matrix_base::write_matrix_to_file will be deprecated in the future.
	 #1 (1.2673e-02, 4.2157e-02): lin 1 (0.0e+00)
Composition correction applied in 9 block(s)
csr_matrix_base::write_matrix_to_file will be deprecated in the future.
	 #2 (1.1180e-02, 4.1583e-02): lin 1 (0.0e+00)
Composition correction applied in 9 block(s)
csr_matrix_base::write_matrix_to_file will be deprecated in the future.
	 #3 (1.1179e-02, 4.1583e-02): lin 1 (0.0e+00)
Composition correction applied in 9 block(s)
csr_matrix_base::write_matrix_to_file will be deprecated in the future.
	 #4 (1.1179e-02, 4.1583e-02): lin 1 (0.0e+00)
Composition correction applied in 9 block(s)
csr_matrix_base::write_matrix_to_file will be deprecated in the future.
FAILED TO CONVERGE WITH DT = 0.001 (newton residual reservoir) 
csr_matrix_base::write_matrix_to_file will be deprecated in the future.
csr_matrix_base::write_matrix_to_file will be deprecated in the future.
	 #1 (2.1150e-04, 1.1298e-05): lin 1 (0.0e+00)
Composition correction applied in 4 block(s)
csr_matrix_base::write_matrix_to_file will be deprecated in the future.
csr_matrix_base::write_matrix_to_file will be deprecated in the future.
-------------------------------------------------------------------------------------------------------------
 T = 1.784, DT = 0.0005, NI = 1, LI = 1, RES = 1.3e-08 (1.4e-07), CFL=0.085 (ELAPSED 00:00:12 )
-------------------------------------------------------------------------------------------------------------
csr_matrix_base::write_matrix_to_file will be deprecated in the future.
	 #1 (6.3487e-03, 2.1083e-02): lin 1 (0.0e+00)
Composition correction applied in 9 block(s)
csr_matrix_base::write_matrix_to_file will be deprecated in the future.
-------------------------------------------------------------------------------------------------------------
 T = 1.784, DT = 0.0005, NI = 1, LI = 1, RES = 5.6e-03 (2.1e-02), CFL=0.085 (ELAPSED 00:00:25 )
-------------------------------------------------------------------------------------------------------------
csr_matrix_base::write_matrix_to_file will be deprecated in the future.
csr_matrix_base::write_matrix_to_file will be deprecated in the future.
	 #1 (4.5351e-04, 7.3093e-05): lin 1 (0.0e+00)
Composition correction applied in 2 block(s)
csr_matrix_base::write_matrix_to_file will be deprecated in the future.
csr_matrix_base::write_matrix_to_file will be deprecated in the future.
-------------------------------------------------------------------------------------------------------------
 T = 1.785, DT = 0.001, NI = 1, LI = 1, RES = 3.0e-08 (1.3e-07), CFL=0.170 (ELAPSED 00:00:12 )
-------------------------------------------------------------------------------------------------------------
csr_matrix_base::write_matrix_to_file will be deprecated in the future.
	 #1 (1.2768e-02, 4.2170e-02): lin 1 (0.0e+00)
Composition correction applied in 9 block(s)
csr_matrix_base::write_matrix_to_file will be deprecated in the future.
	 #2 (1.1178e-02, 4.1586e-02): lin 1 (0.0e+00)
Composition correction applied in 9 block(s)
csr_matrix_base::write_matrix_to_file will be deprecated in the future.
	 #3 (1.1163e-02, 4.1587e-02): lin 1 (0.0e+00)
Composition correction applied in 9 block(s)
csr_matrix_base::write_matrix_to_file will be deprecated in the future.
	 #4 (1.1163e-02, 4.1587e-02): lin 1 (0.0e+00)
Composition correction applied in 9 block(s)
csr_matrix_base::write_matrix_to_file will be deprecated in the future.
	 #5 (1.1163e-02, 4.1587e-02): lin 1 (0.0e+00)
Composition correction applied in 9 block(s)
csr_matrix_base::write_matrix_to_file will be deprecated in the future.
FAILED TO CONVERGE WITH DT = 0.001 (newton residual reservoir) 
csr_matrix_base::write_matrix_to_file will be deprecated in the future.
csr_matrix_base::write_matrix_to_file will be deprecated in the future.
	 #1 (1.9544e-04, 1.1426e-05): lin 1 (0.0e+00)
Composition correction applied in 3 block(s)
csr_matrix_base::write_matrix_to_file will be deprecated in the future.
csr_matrix_base::write_matrix_to_file will be deprecated in the future.
-------------------------------------------------------------------------------------------------------------
 T = 1.7845, DT = 0.0005, NI = 1, LI = 1, RES = 1.1e-08 (1.1e-07), CFL=0.085 (ELAPSED 00:00:12 )
-------------------------------------------------------------------------------------------------------------
csr_matrix_base::write_matrix_to_file will be deprecated in the future.
	 #1 (6.3904e-03, 2.1086e-02): lin 1 (0.0e+00)
Composition correction applied in 9 block(s)
csr_matrix_base::write_matrix_to_file will be deprecated in the future.
-------------------------------------------------------------------------------------------------------------
 T = 1.7845, DT = 0.0005, NI = 1, LI = 1, RES = 5.6e-03 (2.1e-02), CFL=0.085 (ELAPSED 00:00:25 )
-------------------------------------------------------------------------------------------------------------
csr_matrix_base::write_matrix_to_file will be deprecated in the future.
csr_matrix_base::write_matrix_to_file will be deprecated in the future.
	 #1 (4.1792e-04, 6.2757e-05): lin 1 (0.0e+00)
Composition correction applied in 3 block(s)
csr_matrix_base::write_matrix_to_file will be deprecated in the future.
csr_matrix_base::write_matrix_to_file will be deprecated in the future.
-------------------------------------------------------------------------------------------------------------
 T = 1.7855, DT = 0.001, NI = 1, LI = 1, RES = 2.5e-08 (8.2e-08), CFL=0.170 (ELAPSED 00:00:12 )
-------------------------------------------------------------------------------------------------------------
csr_matrix_base::write_matrix_to_file will be deprecated in the future.
	 #1 (1.2849e-02, 4.2177e-02): lin 1 (0.0e+00)
Composition correction applied in 9 block(s)
csr_matrix_base::write_matrix_to_file will be deprecated in the future.
	 #2 (1.1175e-02, 4.1571e-02): lin 1 (0.0e+00)
Composition correction applied in 9 block(s)
csr_matrix_base::write_matrix_to_file will be deprecated in the future.
	 #3 (1.1143e-02, 4.1571e-02): lin 1 (0.0e+00)
Composition correction applied in 9 block(s)
csr_matrix_base::write_matrix_to_file will be deprecated in the future.
	 #4 (1.1143e-02, 4.1571e-02): lin 1 (0.0e+00)
Composition correction applied in 9 block(s)
csr_matrix_base::write_matrix_to_file will be deprecated in the future.
	 #5 (1.1143e-02, 4.1571e-02): lin 1 (0.0e+00)
Composition correction applied in 9 block(s)
csr_matrix_base::write_matrix_to_file will be deprecated in the future.
FAILED TO CONVERGE WITH DT = 0.001 (newton residual reservoir) 
csr_matrix_base::write_matrix_to_file will be deprecated in the future.
csr_matrix_base::write_matrix_to_file will be deprecated in the future.
	 #1 (1.7975e-04, 1.1531e-05): lin 1 (0.0e+00)
Composition correction applied in 4 block(s)
csr_matrix_base::write_matrix_to_file will be deprecated in the future.
csr_matrix_base::write_matrix_to_file will be deprecated in the future.
-------------------------------------------------------------------------------------------------------------
 T = 1.785, DT = 0.0005, NI = 1, LI = 1, RES = 9.2e-09 (7.9e-08), CFL=0.085 (ELAPSED 00:00:12 )
-------------------------------------------------------------------------------------------------------------
csr_matrix_base::write_matrix_to_file will be deprecated in the future.
	 #1 (6.4261e-03, 2.1088e-02): lin 1 (0.0e+00)
Composition correction applied in 9 block(s)
csr_matrix_base::write_matrix_to_file will be deprecated in the future.
-------------------------------------------------------------------------------------------------------------
 T = 1.785, DT = 0.0005, NI = 1, LI = 1, RES = 5.6e-03 (2.1e-02), CFL=0.085 (ELAPSED 00:00:25 )
-------------------------------------------------------------------------------------------------------------
csr_matrix_base::write_matrix_to_file will be deprecated in the future.
csr_matrix_base::write_matrix_to_file will be deprecated in the future.
	 #1 (3.8873e-04, 6.1556e-05): lin 1 (0.0e+00)
Composition correction applied in 2 block(s)
csr_matrix_base::write_matrix_to_file will be deprecated in the future.
csr_matrix_base::write_matrix_to_file will be deprecated in the future.
-------------------------------------------------------------------------------------------------------------
 T = 1.786, DT = 0.001, NI = 1, LI = 1, RES = 2.1e-08 (5.8e-08), CFL=0.170 (ELAPSED 00:00:12 )
-------------------------------------------------------------------------------------------------------------
csr_matrix_base::write_matrix_to_file will be deprecated in the future.
	 #1 (1.2918e-02, 4.2183e-02): lin 1 (0.0e+00)
Composition correction applied in 9 block(s)
csr_matrix_base::write_matrix_to_file will be deprecated in the future.
	 #2 (1.1118e-02, 4.1561e-02): lin 1 (0.0e+00)
Composition correction applied in 9 block(s)
csr_matrix_base::write_matrix_to_file will be deprecated in the future.
	 #3 (1.1119e-02, 4.1561e-02): lin 1 (0.0e+00)
Composition correction applied in 9 block(s)
csr_matrix_base::write_matrix_to_file will be deprecated in the future.
	 #4 (1.1119e-02, 4.1561e-02): lin 1 (0.0e+00)
Composition correction applied in 9 block(s)
csr_matrix_base::write_matrix_to_file will be deprecated in the future.
FAILED TO CONVERGE WITH DT = 0.001 (newton residual reservoir) 
csr_matrix_base::write_matrix_to_file will be deprecated in the future.
csr_matrix_base::write_matrix_to_file will be deprecated in the future.
	 #1 (1.6656e-04, 1.1594e-05): lin 1 (0.0e+00)
Composition correction applied in 3 block(s)
csr_matrix_base::write_matrix_to_file will be deprecated in the future.
csr_matrix_base::write_matrix_to_file will be deprecated in the future.
-------------------------------------------------------------------------------------------------------------
 T = 1.7855, DT = 0.0005, NI = 1, LI = 1, RES = 7.7e-09 (5.9e-08), CFL=0.085 (ELAPSED 00:00:12 )
-------------------------------------------------------------------------------------------------------------
csr_matrix_base::write_matrix_to_file will be deprecated in the future.
	 #1 (6.4559e-03, 2.1088e-02): lin 1 (0.0e+00)
Composition correction applied in 9 block(s)
csr_matrix_base::write_matrix_to_file will be deprecated in the future.
-------------------------------------------------------------------------------------------------------------
 T = 1.7855, DT = 0.0005, NI = 1, LI = 1, RES = 5.5e-03 (2.1e-02), CFL=0.085 (ELAPSED 00:00:25 )
-------------------------------------------------------------------------------------------------------------
csr_matrix_base::write_matrix_to_file will be deprecated in the future.
csr_matrix_base::write_matrix_to_file will be deprecated in the future.
	 #1 (3.6330e-04, 5.2959e-05): lin 1 (0.0e+00)
Composition correction applied in 4 block(s)
csr_matrix_base::write_matrix_to_file will be deprecated in the future.
csr_matrix_base::write_matrix_to_file will be deprecated in the future.
-------------------------------------------------------------------------------------------------------------
 T = 1.7865, DT = 0.001, NI = 1, LI = 1, RES = 1.8e-08 (3.5e-08), CFL=0.170 (ELAPSED 00:00:12 )
-------------------------------------------------------------------------------------------------------------
csr_matrix_base::write_matrix_to_file will be deprecated in the future.
	 #1 (1.2977e-02, 4.2183e-02): lin 1 (0.0e+00)
Composition correction applied in 9 block(s)
csr_matrix_base::write_matrix_to_file will be deprecated in the future.
	 #2 (1.1105e-02, 4.1535e-02): lin 1 (0.0e+00)
Composition correction applied in 9 block(s)
csr_matrix_base::write_matrix_to_file will be deprecated in the future.
	 #3 (1.1091e-02, 4.1535e-02): lin 1 (0.0e+00)
Composition correction applied in 9 block(s)
csr_matrix_base::write_matrix_to_file will be deprecated in the future.
	 #4 (1.1091e-02, 4.1535e-02): lin 1 (0.0e+00)
Composition correction applied in 9 block(s)
csr_matrix_base::write_matrix_to_file will be deprecated in the future.
	 #5 (1.1091e-02, 4.1535e-02): lin 1 (0.0e+00)
Composition correction applied in 9 block(s)
csr_matrix_base::write_matrix_to_file will be deprecated in the future.
FAILED TO CONVERGE WITH DT = 0.001 (newton residual reservoir) 
csr_matrix_base::write_matrix_to_file will be deprecated in the future.
csr_matrix_base::write_matrix_to_file will be deprecated in the future.
	 #1 (1.5480e-04, 1.1652e-05): lin 1 (0.0e+00)
Composition correction applied in 4 block(s)
csr_matrix_base::write_matrix_to_file will be deprecated in the future.
csr_matrix_base::write_matrix_to_file will be deprecated in the future.
-------------------------------------------------------------------------------------------------------------
 T = 1.786, DT = 0.0005, NI = 1, LI = 1, RES = 6.4e-09 (4.1e-08), CFL=0.084 (ELAPSED 00:00:12 )
-------------------------------------------------------------------------------------------------------------
csr_matrix_base::write_matrix_to_file will be deprecated in the future.
	 #1 (6.4808e-03, 2.1086e-02): lin 1 (0.0e+00)
Composition correction applied in 9 block(s)
csr_matrix_base::write_matrix_to_file will be deprecated in the future.
-------------------------------------------------------------------------------------------------------------
 T = 1.786, DT = 0.0005, NI = 1, LI = 1, RES = 5.5e-03 (2.1e-02), CFL=0.084 (ELAPSED 00:00:25 )
-------------------------------------------------------------------------------------------------------------
csr_matrix_base::write_matrix_to_file will be deprecated in the future.
csr_matrix_base::write_matrix_to_file will be deprecated in the future.
	 #1 (3.3899e-04, 5.6360e-05): lin 1 (0.0e+00)
Composition correction applied in 4 block(s)
csr_matrix_base::write_matrix_to_file will be deprecated in the future.
csr_matrix_base::write_matrix_to_file will be deprecated in the future.
-------------------------------------------------------------------------------------------------------------
 T = 1.787, DT = 0.001, NI = 1, LI = 1, RES = 1.5e-08 (2.1e-08), CFL=0.169 (ELAPSED 00:00:12 )
-------------------------------------------------------------------------------------------------------------
csr_matrix_base::write_matrix_to_file will be deprecated in the future.
	 #1 (1.3025e-02, 4.2185e-02): lin 1 (0.0e+00)
Composition correction applied in 9 block(s)
csr_matrix_base::write_matrix_to_file will be deprecated in the future.
	 #2 (1.1091e-02, 4.1518e-02): lin 1 (0.0e+00)
Composition correction applied in 9 block(s)
csr_matrix_base::write_matrix_to_file will be deprecated in the future.
	 #3 (1.1059e-02, 4.1518e-02): lin 1 (0.0e+00)
Composition correction applied in 9 block(s)
csr_matrix_base::write_matrix_to_file will be deprecated in the future.
	 #4 (1.1059e-02, 4.1518e-02): lin 1 (0.0e+00)
Composition correction applied in 9 block(s)
csr_matrix_base::write_matrix_to_file will be deprecated in the future.
	 #5 (1.1059e-02, 4.1518e-02): lin 1 (0.0e+00)
Composition correction applied in 9 block(s)
csr_matrix_base::write_matrix_to_file will be deprecated in the future.
FAILED TO CONVERGE WITH DT = 0.001 (newton residual reservoir) 
csr_matrix_base::write_matrix_to_file will be deprecated in the future.
csr_matrix_base::write_matrix_to_file will be deprecated in the future.
	 #1 (1.4352e-04, 1.1692e-05): lin 1 (0.0e+00)
Composition correction applied in 4 block(s)
csr_matrix_base::write_matrix_to_file will be deprecated in the future.
csr_matrix_base::write_matrix_to_file will be deprecated in the future.
-------------------------------------------------------------------------------------------------------------
 T = 1.7865, DT = 0.0005, NI = 1, LI = 1, RES = 5.2e-09 (2.8e-08), CFL=0.084 (ELAPSED 00:00:12 )
-------------------------------------------------------------------------------------------------------------
csr_matrix_base::write_matrix_to_file will be deprecated in the future.
	 #1 (6.5011e-03, 2.1085e-02): lin 1 (0.0e+00)
Composition correction applied in 9 block(s)
csr_matrix_base::write_matrix_to_file will be deprecated in the future.
-------------------------------------------------------------------------------------------------------------
 T = 1.7865, DT = 0.0005, NI = 1, LI = 1, RES = 5.5e-03 (2.1e-02), CFL=0.084 (ELAPSED 00:00:25 )
-------------------------------------------------------------------------------------------------------------
csr_matrix_base::write_matrix_to_file will be deprecated in the future.
csr_matrix_base::write_matrix_to_file will be deprecated in the future.
	 #1 (3.1619e-04, 5.3030e-05): lin 1 (0.0e+00)
Composition correction applied in 4 block(s)
csr_matrix_base::write_matrix_to_file will be deprecated in the future.
csr_matrix_base::write_matrix_to_file will be deprecated in the future.
-------------------------------------------------------------------------------------------------------------
 T = 1.7875, DT = 0.001, NI = 1, LI = 1, RES = 1.3e-08 (1.1e-08), CFL=0.169 (ELAPSED 00:00:12 )
-------------------------------------------------------------------------------------------------------------
csr_matrix_base::write_matrix_to_file will be deprecated in the future.
	 #1 (1.3062e-02, 4.2183e-02): lin 1 (0.0e+00)
Composition correction applied in 9 block(s)
csr_matrix_base::write_matrix_to_file will be deprecated in the future.
	 #2 (1.1024e-02, 4.1499e-02): lin 1 (0.0e+00)
Composition correction applied in 9 block(s)
csr_matrix_base::write_matrix_to_file will be deprecated in the future.
	 #3 (1.1024e-02, 4.1499e-02): lin 1 (0.0e+00)
Composition correction applied in 9 block(s)
csr_matrix_base::write_matrix_to_file will be deprecated in the future.
	 #4 (1.1024e-02, 4.1499e-02): lin 1 (0.0e+00)
Composition correction applied in 9 block(s)
csr_matrix_base::write_matrix_to_file will be deprecated in the future.
FAILED TO CONVERGE WITH DT = 0.001 (newton residual reservoir) 
csr_matrix_base::write_matrix_to_file will be deprecated in the future.
csr_matrix_base::write_matrix_to_file will be deprecated in the future.
	 #1 (1.3288e-04, 1.1738e-05): lin 1 (0.0e+00)
Composition correction applied in 2 block(s)
csr_matrix_base::write_matrix_to_file will be deprecated in the future.
csr_matrix_base::write_matrix_to_file will be deprecated in the future.
-------------------------------------------------------------------------------------------------------------
 T = 1.787, DT = 0.0005, NI = 1, LI = 1, RES = 4.3e-09 (1.8e-08), CFL=0.084 (ELAPSED 00:00:12 )
-------------------------------------------------------------------------------------------------------------
csr_matrix_base::write_matrix_to_file will be deprecated in the future.
	 #1 (6.5170e-03, 2.1083e-02): lin 1 (0.0e+00)
Composition correction applied in 9 block(s)
csr_matrix_base::write_matrix_to_file will be deprecated in the future.
-------------------------------------------------------------------------------------------------------------
 T = 1.787, DT = 0.0005, NI = 1, LI = 1, RES = 5.5e-03 (2.1e-02), CFL=0.084 (ELAPSED 00:00:26 )
-------------------------------------------------------------------------------------------------------------
csr_matrix_base::write_matrix_to_file will be deprecated in the future.
csr_matrix_base::write_matrix_to_file will be deprecated in the future.
	 #1 (2.9799e-04, 5.0894e-05): lin 1 (0.0e+00)
Composition correction applied in 3 block(s)
csr_matrix_base::write_matrix_to_file will be deprecated in the future.
csr_matrix_base::write_matrix_to_file will be deprecated in the future.
-------------------------------------------------------------------------------------------------------------
 T = 1.788, DT = 0.001, NI = 1, LI = 1, RES = 1.1e-08 (4.3e-09), CFL=0.169 (ELAPSED 00:00:12 )
-------------------------------------------------------------------------------------------------------------
csr_matrix_base::write_matrix_to_file will be deprecated in the future.
	 #1 (1.3093e-02, 4.2180e-02): lin 1 (0.0e+00)
Composition correction applied in 9 block(s)
csr_matrix_base::write_matrix_to_file will be deprecated in the future.
	 #2 (1.1005e-02, 4.1475e-02): lin 1 (0.0e+00)
Composition correction applied in 9 block(s)
csr_matrix_base::write_matrix_to_file will be deprecated in the future.
	 #3 (1.0987e-02, 4.1476e-02): lin 1 (0.0e+00)
Composition correction applied in 9 block(s)
csr_matrix_base::write_matrix_to_file will be deprecated in the future.
	 #4 (1.0987e-02, 4.1476e-02): lin 1 (0.0e+00)
Composition correction applied in 9 block(s)
csr_matrix_base::write_matrix_to_file will be deprecated in the future.
	 #5 (1.0987e-02, 4.1476e-02): lin 1 (0.0e+00)
Composition correction applied in 9 block(s)
csr_matrix_base::write_matrix_to_file will be deprecated in the future.
FAILED TO CONVERGE WITH DT = 0.001 (newton residual reservoir) 
csr_matrix_base::write_matrix_to_file will be deprecated in the future.
csr_matrix_base::write_matrix_to_file will be deprecated in the future.
	 #1 (1.2390e-04, 1.1778e-05): lin 1 (0.0e+00)
Composition correction applied in 5 block(s)
csr_matrix_base::write_matrix_to_file will be deprecated in the future.
csr_matrix_base::write_matrix_to_file will be deprecated in the future.
-------------------------------------------------------------------------------------------------------------
 T = 1.7875, DT = 0.0005, NI = 1, LI = 1, RES = 3.5e-09 (1.1e-08), CFL=0.084 (ELAPSED 00:00:12 )
-------------------------------------------------------------------------------------------------------------
csr_matrix_base::write_matrix_to_file will be deprecated in the future.
	 #1 (6.5287e-03, 2.1079e-02): lin 1 (0.0e+00)
Composition correction applied in 9 block(s)
csr_matrix_base::write_matrix_to_file will be deprecated in the future.
-------------------------------------------------------------------------------------------------------------
 T = 1.7875, DT = 0.0005, NI = 1, LI = 1, RES = 5.5e-03 (2.1e-02), CFL=0.084 (ELAPSED 00:00:26 )
-------------------------------------------------------------------------------------------------------------
csr_matrix_base::write_matrix_to_file will be deprecated in the future.
csr_matrix_base::write_matrix_to_file will be deprecated in the future.
	 #1 (2.8007e-04, 5.1838e-05): lin 1 (0.0e+00)
Composition correction applied in 2 block(s)
csr_matrix_base::write_matrix_to_file will be deprecated in the future.
csr_matrix_base::write_matrix_to_file will be deprecated in the future.
-------------------------------------------------------------------------------------------------------------
 T = 1.7885, DT = 0.001, NI = 1, LI = 1, RES = 9.4e-09 (9.4e-10), CFL=0.169 (ELAPSED 00:00:12 )
-------------------------------------------------------------------------------------------------------------
csr_matrix_base::write_matrix_to_file will be deprecated in the future.
	 #1 (1.3114e-02, 4.2177e-02): lin 1 (0.0e+00)
Composition correction applied in 9 block(s)
csr_matrix_base::write_matrix_to_file will be deprecated in the future.
	 #2 (1.0985e-02, 4.1456e-02): lin 1 (0.0e+00)
Composition correction applied in 9 block(s)
csr_matrix_base::write_matrix_to_file will be deprecated in the future.
	 #3 (1.0947e-02, 4.1456e-02): lin 1 (0.0e+00)
Composition correction applied in 9 block(s)
csr_matrix_base::write_matrix_to_file will be deprecated in the future.
	 #4 (1.0947e-02, 4.1456e-02): lin 1 (0.0e+00)
Composition correction applied in 9 block(s)
csr_matrix_base::write_matrix_to_file will be deprecated in the future.
	 #5 (1.0947e-02, 4.1456e-02): lin 1 (0.0e+00)
Composition correction applied in 9 block(s)
csr_matrix_base::write_matrix_to_file will be deprecated in the future.
FAILED TO CONVERGE WITH DT = 0.001 (newton residual reservoir) 
csr_matrix_base::write_matrix_to_file will be deprecated in the future.
csr_matrix_base::write_matrix_to_file will be deprecated in the future.
	 #1 (1.1516e-04, 1.1814e-05): lin 1 (0.0e+00)
Composition correction applied in 3 block(s)
csr_matrix_base::write_matrix_to_file will be deprecated in the future.
csr_matrix_base::write_matrix_to_file will be deprecated in the future.
-------------------------------------------------------------------------------------------------------------
 T = 1.788, DT = 0.0005, NI = 1, LI = 1, RES = 2.8e-09 (5.6e-09), CFL=0.084 (ELAPSED 00:00:12 )
-------------------------------------------------------------------------------------------------------------
csr_matrix_base::write_matrix_to_file will be deprecated in the future.
	 #1 (6.5370e-03, 2.1076e-02): lin 1 (0.0e+00)
Composition correction applied in 9 block(s)
csr_matrix_base::write_matrix_to_file will be deprecated in the future.
-------------------------------------------------------------------------------------------------------------
 T = 1.788, DT = 0.0005, NI = 1, LI = 1, RES = 5.4e-03 (2.1e-02), CFL=0.084 (ELAPSED 00:00:26 )
-------------------------------------------------------------------------------------------------------------
csr_matrix_base::write_matrix_to_file will be deprecated in the future.
csr_matrix_base::write_matrix_to_file will be deprecated in the future.
	 #1 (2.6434e-04, 4.9787e-05): lin 1 (0.0e+00)
Composition correction applied in 3 block(s)
csr_matrix_base::write_matrix_to_file will be deprecated in the future.
csr_matrix_base::write_matrix_to_file will be deprecated in the future.
-------------------------------------------------------------------------------------------------------------
 T = 1.789, DT = 0.001, NI = 1, LI = 1, RES = 8.2e-09 (7.3e-11), CFL=0.169 (ELAPSED 00:00:12 )
-------------------------------------------------------------------------------------------------------------
csr_matrix_base::write_matrix_to_file will be deprecated in the future.
	 #1 (1.3128e-02, 4.2171e-02): lin 1 (0.0e+00)
Composition correction applied in 9 block(s)
csr_matrix_base::write_matrix_to_file will be deprecated in the future.
	 #2 (1.0911e-02, 4.1438e-02): lin 1 (0.0e+00)
Composition correction applied in 9 block(s)
csr_matrix_base::write_matrix_to_file will be deprecated in the future.
	 #3 (1.0903e-02, 4.1438e-02): lin 1 (0.0e+00)
Composition correction applied in 9 block(s)
csr_matrix_base::write_matrix_to_file will be deprecated in the future.
	 #4 (1.0903e-02, 4.1438e-02): lin 1 (0.0e+00)
Composition correction applied in 9 block(s)
csr_matrix_base::write_matrix_to_file will be deprecated in the future.
FAILED TO CONVERGE WITH DT = 0.001 (newton residual reservoir) 
csr_matrix_base::write_matrix_to_file will be deprecated in the future.
csr_matrix_base::write_matrix_to_file will be deprecated in the future.
	 #1 (1.0746e-04, 1.1853e-05): lin 1 (0.0e+00)
Composition correction applied in 3 block(s)
csr_matrix_base::write_matrix_to_file will be deprecated in the future.
csr_matrix_base::write_matrix_to_file will be deprecated in the future.
-------------------------------------------------------------------------------------------------------------
 T = 1.7885, DT = 0.0005, NI = 1, LI = 1, RES = 2.3e-09 (2.6e-09), CFL=0.084 (ELAPSED 00:00:12 )
-------------------------------------------------------------------------------------------------------------
csr_matrix_base::write_matrix_to_file will be deprecated in the future.
	 #1 (6.5418e-03, 2.1072e-02): lin 1 (0.0e+00)
Composition correction applied in 9 block(s)
csr_matrix_base::write_matrix_to_file will be deprecated in the future.
-------------------------------------------------------------------------------------------------------------
 T = 1.7885, DT = 0.0005, NI = 1, LI = 1, RES = 5.4e-03 (2.1e-02), CFL=0.084 (ELAPSED 00:00:26 )
-------------------------------------------------------------------------------------------------------------
csr_matrix_base::write_matrix_to_file will be deprecated in the future.
csr_matrix_base::write_matrix_to_file will be deprecated in the future.
	 #1 (2.5168e-04, 4.5529e-05): lin 1 (0.0e+00)
Composition correction applied in 4 block(s)
csr_matrix_base::write_matrix_to_file will be deprecated in the future.
csr_matrix_base::write_matrix_to_file will be deprecated in the future.
-------------------------------------------------------------------------------------------------------------
 T = 1.7895, DT = 0.001, NI = 1, LI = 1, RES = 6.9e-09 (8.5e-10), CFL=0.169 (ELAPSED 00:00:12 )
-------------------------------------------------------------------------------------------------------------
csr_matrix_base::write_matrix_to_file will be deprecated in the future.
	 #1 (1.3136e-02, 4.2163e-02): lin 1 (0.0e+00)
Composition correction applied in 9 block(s)
csr_matrix_base::write_matrix_to_file will be deprecated in the future.
	 #2 (1.0888e-02, 4.1409e-02): lin 1 (0.0e+00)
Composition correction applied in 9 block(s)
csr_matrix_base::write_matrix_to_file will be deprecated in the future.
	 #3 (1.0859e-02, 4.1409e-02): lin 1 (0.0e+00)
Composition correction applied in 9 block(s)
csr_matrix_base::write_matrix_to_file will be deprecated in the future.
	 #4 (1.0859e-02, 4.1409e-02): lin 1 (0.0e+00)
Composition correction applied in 9 block(s)
csr_matrix_base::write_matrix_to_file will be deprecated in the future.
	 #5 (1.0859e-02, 4.1409e-02): lin 1 (0.0e+00)
Composition correction applied in 9 block(s)
csr_matrix_base::write_matrix_to_file will be deprecated in the future.
FAILED TO CONVERGE WITH DT = 0.001 (newton residual reservoir) 
csr_matrix_base::write_matrix_to_file will be deprecated in the future.
csr_matrix_base::write_matrix_to_file will be deprecated in the future.
	 #1 (1.0065e-04, 1.1890e-05): lin 1 (0.0e+00)
Composition correction applied in 2 block(s)
csr_matrix_base::write_matrix_to_file will be deprecated in the future.
csr_matrix_base::write_matrix_to_file will be deprecated in the future.
-------------------------------------------------------------------------------------------------------------
 T = 1.789, DT = 0.0005, NI = 1, LI = 1, RES = 1.8e-09 (6.7e-10), CFL=0.084 (ELAPSED 00:00:12 )
-------------------------------------------------------------------------------------------------------------
csr_matrix_base::write_matrix_to_file will be deprecated in the future.
	 #1 (6.5435e-03, 2.1067e-02): lin 1 (0.0e+00)
Composition correction applied in 9 block(s)
csr_matrix_base::write_matrix_to_file will be deprecated in the future.
-------------------------------------------------------------------------------------------------------------
 T = 1.789, DT = 0.0005, NI = 1, LI = 1, RES = 5.4e-03 (2.1e-02), CFL=0.084 (ELAPSED 00:00:26 )
-------------------------------------------------------------------------------------------------------------
csr_matrix_base::write_matrix_to_file will be deprecated in the future.
csr_matrix_base::write_matrix_to_file will be deprecated in the future.
	 #1 (2.3924e-04, 5.0630e-05): lin 1 (0.0e+00)
Composition correction applied in 2 block(s)
csr_matrix_base::write_matrix_to_file will be deprecated in the future.
csr_matrix_base::write_matrix_to_file will be deprecated in the future.
-------------------------------------------------------------------------------------------------------------
 T = 1.79, DT = 0.001, NI = 1, LI = 1, RES = 5.9e-09 (2.6e-09), CFL=0.168 (ELAPSED 00:00:13 )
-------------------------------------------------------------------------------------------------------------
csr_matrix_base::write_matrix_to_file will be deprecated in the future.
	 #1 (1.3138e-02, 4.2157e-02): lin 1 (0.0e+00)
Composition correction applied in 10 block(s)
csr_matrix_base::write_matrix_to_file will be deprecated in the future.
	 #2 (1.0813e-02, 4.1394e-02): lin 1 (0.0e+00)
Composition correction applied in 10 block(s)
csr_matrix_base::write_matrix_to_file will be deprecated in the future.
	 #3 (1.0812e-02, 4.1394e-02): lin 1 (0.0e+00)
Composition correction applied in 10 block(s)
csr_matrix_base::write_matrix_to_file will be deprecated in the future.
	 #4 (1.0812e-02, 4.1394e-02): lin 1 (0.0e+00)
Composition correction applied in 10 block(s)
csr_matrix_base::write_matrix_to_file will be deprecated in the future.
FAILED TO CONVERGE WITH DT = 0.001 (newton residual reservoir) 
csr_matrix_base::write_matrix_to_file will be deprecated in the future.
csr_matrix_base::write_matrix_to_file will be deprecated in the future.
	 #1 (9.4251e-05, 1.1921e-05): lin 1 (0.0e+00)
Composition correction applied in 3 block(s)
csr_matrix_base::write_matrix_to_file will be deprecated in the future.
csr_matrix_base::write_matrix_to_file will be deprecated in the future.
-------------------------------------------------------------------------------------------------------------
 T = 1.7895, DT = 0.0005, NI = 1, LI = 1, RES = 1.4e-09 (5.7e-11), CFL=0.084 (ELAPSED 00:00:13 )
-------------------------------------------------------------------------------------------------------------
csr_matrix_base::write_matrix_to_file will be deprecated in the future.
	 #1 (6.5425e-03, 2.1062e-02): lin 1 (0.0e+00)
Composition correction applied in 9 block(s)
csr_matrix_base::write_matrix_to_file will be deprecated in the future.
-------------------------------------------------------------------------------------------------------------
 T = 1.7895, DT = 0.0005, NI = 1, LI = 1, RES = 5.4e-03 (2.1e-02), CFL=0.084 (ELAPSED 00:00:26 )
-------------------------------------------------------------------------------------------------------------
csr_matrix_base::write_matrix_to_file will be deprecated in the future.
csr_matrix_base::write_matrix_to_file will be deprecated in the future.
	 #1 (2.2943e-04, 4.5014e-05): lin 1 (0.0e+00)
Composition correction applied in 4 block(s)
csr_matrix_base::write_matrix_to_file will be deprecated in the future.
csr_matrix_base::write_matrix_to_file will be deprecated in the future.
-------------------------------------------------------------------------------------------------------------
 T = 1.7905, DT = 0.001, NI = 1, LI = 1, RES = 5.1e-09 (6.2e-09), CFL=0.168 (ELAPSED 00:00:13 )
-------------------------------------------------------------------------------------------------------------
csr_matrix_base::write_matrix_to_file will be deprecated in the future.
	 #1 (1.3134e-02, 4.2147e-02): lin 1 (0.0e+00)
Composition correction applied in 10 block(s)
csr_matrix_base::write_matrix_to_file will be deprecated in the future.
	 #2 (1.0787e-02, 4.1368e-02): lin 1 (0.0e+00)
Composition correction applied in 10 block(s)
csr_matrix_base::write_matrix_to_file will be deprecated in the future.
	 #3 (1.0764e-02, 4.1368e-02): lin 1 (0.0e+00)
Composition correction applied in 10 block(s)
csr_matrix_base::write_matrix_to_file will be deprecated in the future.
	 #4 (1.0764e-02, 4.1368e-02): lin 1 (0.0e+00)
Composition correction applied in 10 block(s)
csr_matrix_base::write_matrix_to_file will be deprecated in the future.
	 #5 (1.0764e-02, 4.1368e-02): lin 1 (0.0e+00)
Composition correction applied in 10 block(s)
csr_matrix_base::write_matrix_to_file will be deprecated in the future.
FAILED TO CONVERGE WITH DT = 0.001 (newton residual reservoir) 
csr_matrix_base::write_matrix_to_file will be deprecated in the future.
csr_matrix_base::write_matrix_to_file will be deprecated in the future.
	 #1 (8.8646e-05, 1.1961e-05): lin 1 (0.0e+00)
Composition correction applied in 3 block(s)
csr_matrix_base::write_matrix_to_file will be deprecated in the future.
csr_matrix_base::write_matrix_to_file will be deprecated in the future.
-------------------------------------------------------------------------------------------------------------
 T = 1.79, DT = 0.0005, NI = 1, LI = 1, RES = 1.1e-09 (2.9e-10), CFL=0.084 (ELAPSED 00:00:13 )
-------------------------------------------------------------------------------------------------------------
csr_matrix_base::write_matrix_to_file will be deprecated in the future.
	 #1 (6.5385e-03, 2.1056e-02): lin 1 (0.0e+00)
Composition correction applied in 9 block(s)
csr_matrix_base::write_matrix_to_file will be deprecated in the future.
-------------------------------------------------------------------------------------------------------------
 T = 1.79, DT = 0.0005, NI = 1, LI = 1, RES = 5.3e-03 (2.1e-02), CFL=0.084 (ELAPSED 00:00:26 )
-------------------------------------------------------------------------------------------------------------
csr_matrix_base::write_matrix_to_file will be deprecated in the future.
csr_matrix_base::write_matrix_to_file will be deprecated in the future.
	 #1 (2.1976e-04, 4.7350e-05): lin 1 (0.0e+00)
Composition correction applied in 3 block(s)
csr_matrix_base::write_matrix_to_file will be deprecated in the future.
csr_matrix_base::write_matrix_to_file will be deprecated in the future.
-------------------------------------------------------------------------------------------------------------
 T = 1.791, DT = 0.001, NI = 1, LI = 1, RES = 4.3e-09 (1.0e-08), CFL=0.168 (ELAPSED 00:00:13 )
-------------------------------------------------------------------------------------------------------------
csr_matrix_base::write_matrix_to_file will be deprecated in the future.
	 #1 (1.3125e-02, 4.2138e-02): lin 1 (0.0e+00)
Composition correction applied in 10 block(s)
csr_matrix_base::write_matrix_to_file will be deprecated in the future.
	 #2 (1.0714e-02, 4.1348e-02): lin 1 (0.0e+00)
Composition correction applied in 10 block(s)
csr_matrix_base::write_matrix_to_file will be deprecated in the future.
	 #3 (1.0714e-02, 4.1348e-02): lin 1 (0.0e+00)
Composition correction applied in 10 block(s)
csr_matrix_base::write_matrix_to_file will be deprecated in the future.
	 #4 (1.0714e-02, 4.1348e-02): lin 1 (0.0e+00)
Composition correction applied in 10 block(s)
csr_matrix_base::write_matrix_to_file will be deprecated in the future.
FAILED TO CONVERGE WITH DT = 0.001 (newton residual reservoir) 
csr_matrix_base::write_matrix_to_file will be deprecated in the future.
csr_matrix_base::write_matrix_to_file will be deprecated in the future.
	 #1 (8.3393e-05, 1.1992e-05): lin 1 (0.0e+00)
Composition correction applied in 5 block(s)
csr_matrix_base::write_matrix_to_file will be deprecated in the future.
csr_matrix_base::write_matrix_to_file will be deprecated in the future.
-------------------------------------------------------------------------------------------------------------
 T = 1.7905, DT = 0.0005, NI = 1, LI = 1, RES = 8.1e-10 (1.3e-09), CFL=0.084 (ELAPSED 00:00:13 )
-------------------------------------------------------------------------------------------------------------
csr_matrix_base::write_matrix_to_file will be deprecated in the future.
	 #1 (6.5325e-03, 2.1051e-02): lin 1 (0.0e+00)
Composition correction applied in 9 block(s)
csr_matrix_base::write_matrix_to_file will be deprecated in the future.
-------------------------------------------------------------------------------------------------------------
 T = 1.7905, DT = 0.0005, NI = 1, LI = 1, RES = 5.3e-03 (2.1e-02), CFL=0.084 (ELAPSED 00:00:26 )
-------------------------------------------------------------------------------------------------------------
csr_matrix_base::write_matrix_to_file will be deprecated in the future.
csr_matrix_base::write_matrix_to_file will be deprecated in the future.
	 #1 (2.1220e-04, 4.5090e-05): lin 1 (0.0e+00)
Composition correction applied in 2 block(s)
csr_matrix_base::write_matrix_to_file will be deprecated in the future.
csr_matrix_base::write_matrix_to_file will be deprecated in the future.
-------------------------------------------------------------------------------------------------------------
 T = 1.7915, DT = 0.001, NI = 1, LI = 1, RES = 3.7e-09 (1.5e-08), CFL=0.168 (ELAPSED 00:00:13 )
-------------------------------------------------------------------------------------------------------------
csr_matrix_base::write_matrix_to_file will be deprecated in the future.
	 #1 (1.3110e-02, 4.2127e-02): lin 1 (0.0e+00)
Composition correction applied in 10 block(s)
csr_matrix_base::write_matrix_to_file will be deprecated in the future.
	 #2 (1.0680e-02, 4.1326e-02): lin 1 (0.0e+00)
Composition correction applied in 10 block(s)
csr_matrix_base::write_matrix_to_file will be deprecated in the future.
	 #3 (1.0663e-02, 4.1326e-02): lin 1 (0.0e+00)
Composition correction applied in 10 block(s)
csr_matrix_base::write_matrix_to_file will be deprecated in the future.
	 #4 (1.0663e-02, 4.1326e-02): lin 1 (0.0e+00)
Composition correction applied in 10 block(s)
csr_matrix_base::write_matrix_to_file will be deprecated in the future.
	 #5 (1.0663e-02, 4.1326e-02): lin 1 (0.0e+00)
Composition correction applied in 10 block(s)
csr_matrix_base::write_matrix_to_file will be deprecated in the future.
FAILED TO CONVERGE WITH DT = 0.001 (newton residual reservoir) 
csr_matrix_base::write_matrix_to_file will be deprecated in the future.
csr_matrix_base::write_matrix_to_file will be deprecated in the future.
	 #1 (7.8886e-05, 1.2029e-05): lin 1 (0.0e+00)
Composition correction applied in 4 block(s)
csr_matrix_base::write_matrix_to_file will be deprecated in the future.
csr_matrix_base::write_matrix_to_file will be deprecated in the future.
-------------------------------------------------------------------------------------------------------------
 T = 1.791, DT = 0.0005, NI = 1, LI = 1, RES = 5.8e-10 (2.9e-09), CFL=0.084 (ELAPSED 00:00:13 )
-------------------------------------------------------------------------------------------------------------
csr_matrix_base::write_matrix_to_file will be deprecated in the future.
	 #1 (6.5238e-03, 2.1044e-02): lin 1 (0.0e+00)
Composition correction applied in 9 block(s)
csr_matrix_base::write_matrix_to_file will be deprecated in the future.
-------------------------------------------------------------------------------------------------------------
 T = 1.791, DT = 0.0005, NI = 1, LI = 1, RES = 5.3e-03 (2.1e-02), CFL=0.084 (ELAPSED 00:00:26 )
-------------------------------------------------------------------------------------------------------------
csr_matrix_base::write_matrix_to_file will be deprecated in the future.
csr_matrix_base::write_matrix_to_file will be deprecated in the future.
	 #1 (2.0488e-04, 4.4763e-05): lin 1 (0.0e+00)
Composition correction applied in 2 block(s)
csr_matrix_base::write_matrix_to_file will be deprecated in the future.
csr_matrix_base::write_matrix_to_file will be deprecated in the future.
-------------------------------------------------------------------------------------------------------------
 T = 1.792, DT = 0.001, NI = 1, LI = 1, RES = 3.2e-09 (2.0e-08), CFL=0.168 (ELAPSED 00:00:13 )
-------------------------------------------------------------------------------------------------------------
csr_matrix_base::write_matrix_to_file will be deprecated in the future.
	 #1 (1.3092e-02, 4.2116e-02): lin 1 (0.0e+00)
Composition correction applied in 10 block(s)
csr_matrix_base::write_matrix_to_file will be deprecated in the future.
	 #2 (1.0649e-02, 4.1303e-02): lin 1 (0.0e+00)
Composition correction applied in 10 block(s)
csr_matrix_base::write_matrix_to_file will be deprecated in the future.
	 #3 (1.0611e-02, 4.1303e-02): lin 1 (0.0e+00)
Composition correction applied in 10 block(s)
csr_matrix_base::write_matrix_to_file will be deprecated in the future.
	 #4 (1.0611e-02, 4.1303e-02): lin 1 (0.0e+00)
Composition correction applied in 10 block(s)
csr_matrix_base::write_matrix_to_file will be deprecated in the future.
	 #5 (1.0611e-02, 4.1303e-02): lin 1 (0.0e+00)
Composition correction applied in 10 block(s)
csr_matrix_base::write_matrix_to_file will be deprecated in the future.
FAILED TO CONVERGE WITH DT = 0.001 (newton residual reservoir) 
csr_matrix_base::write_matrix_to_file will be deprecated in the future.
csr_matrix_base::write_matrix_to_file will be deprecated in the future.
	 #1 (7.4746e-05, 1.2062e-05): lin 1 (0.0e+00)
Composition correction applied in 3 block(s)
csr_matrix_base::write_matrix_to_file will be deprecated in the future.
csr_matrix_base::write_matrix_to_file will be deprecated in the future.
-------------------------------------------------------------------------------------------------------------
 T = 1.7915, DT = 0.0005, NI = 1, LI = 1, RES = 3.9e-10 (4.8e-09), CFL=0.084 (ELAPSED 00:00:13 )
-------------------------------------------------------------------------------------------------------------
csr_matrix_base::write_matrix_to_file will be deprecated in the future.
	 #1 (6.5136e-03, 2.1038e-02): lin 1 (0.0e+00)
Composition correction applied in 9 block(s)
csr_matrix_base::write_matrix_to_file will be deprecated in the future.
-------------------------------------------------------------------------------------------------------------
 T = 1.7915, DT = 0.0005, NI = 1, LI = 1, RES = 5.3e-03 (2.1e-02), CFL=0.084 (ELAPSED 00:00:26 )
-------------------------------------------------------------------------------------------------------------
csr_matrix_base::write_matrix_to_file will be deprecated in the future.
csr_matrix_base::write_matrix_to_file will be deprecated in the future.
	 #1 (1.9733e-04, 4.4075e-05): lin 1 (0.0e+00)
Composition correction applied in 5 block(s)
csr_matrix_base::write_matrix_to_file will be deprecated in the future.
csr_matrix_base::write_matrix_to_file will be deprecated in the future.
-------------------------------------------------------------------------------------------------------------
 T = 1.7925, DT = 0.001, NI = 1, LI = 1, RES = 2.8e-09 (2.3e-08), CFL=0.168 (ELAPSED 00:00:13 )
-------------------------------------------------------------------------------------------------------------
csr_matrix_base::write_matrix_to_file will be deprecated in the future.
	 #1 (1.3069e-02, 4.2103e-02): lin 1 (0.0e+00)
Composition correction applied in 10 block(s)
csr_matrix_base::write_matrix_to_file will be deprecated in the future.
	 #2 (1.0571e-02, 4.1354e-02): lin 1 (0.0e+00)
Composition correction applied in 10 block(s)
csr_matrix_base::write_matrix_to_file will be deprecated in the future.
	 #3 (1.0557e-02, 4.1220e-02): lin 1 (0.0e+00)
Composition correction applied in 10 block(s)
csr_matrix_base::write_matrix_to_file will be deprecated in the future.
	 #4 (1.0557e-02, 4.1220e-02): lin 1 (0.0e+00)
Composition correction applied in 10 block(s)
csr_matrix_base::write_matrix_to_file will be deprecated in the future.
	 #5 (1.0557e-02, 4.1220e-02): lin 1 (0.0e+00)
Composition correction applied in 10 block(s)
csr_matrix_base::write_matrix_to_file will be deprecated in the future.
FAILED TO CONVERGE WITH DT = 0.001 (newton residual reservoir) 
csr_matrix_base::write_matrix_to_file will be deprecated in the future.
csr_matrix_base::write_matrix_to_file will be deprecated in the future.
	 #1 (7.0724e-05, 1.2098e-05): lin 1 (0.0e+00)
Composition correction applied in 3 block(s)
csr_matrix_base::write_matrix_to_file will be deprecated in the future.
csr_matrix_base::write_matrix_to_file will be deprecated in the future.
-------------------------------------------------------------------------------------------------------------
 T = 1.792, DT = 0.0005, NI = 1, LI = 1, RES = 2.3e-10 (6.9e-09), CFL=0.084 (ELAPSED 00:00:13 )
-------------------------------------------------------------------------------------------------------------
csr_matrix_base::write_matrix_to_file will be deprecated in the future.
	 #1 (6.5018e-03, 2.1030e-02): lin 1 (0.0e+00)
Composition correction applied in 10 block(s)
csr_matrix_base::write_matrix_to_file will be deprecated in the future.
-------------------------------------------------------------------------------------------------------------
 T = 1.792, DT = 0.0005, NI = 1, LI = 1, RES = 5.2e-03 (2.1e-02), CFL=0.084 (ELAPSED 00:00:26 )
-------------------------------------------------------------------------------------------------------------
csr_matrix_base::write_matrix_to_file will be deprecated in the future.
csr_matrix_base::write_matrix_to_file will be deprecated in the future.
	 #1 (1.9329e-04, 4.1597e-05): lin 1 (0.0e+00)
Composition correction applied in 4 block(s)
csr_matrix_base::write_matrix_to_file will be deprecated in the future.
csr_matrix_base::write_matrix_to_file will be deprecated in the future.
-------------------------------------------------------------------------------------------------------------
 T = 1.793, DT = 0.001, NI = 1, LI = 1, RES = 2.3e-09 (3.1e-08), CFL=0.168 (ELAPSED 00:00:13 )
-------------------------------------------------------------------------------------------------------------
csr_matrix_base::write_matrix_to_file will be deprecated in the future.
	 #1 (1.3045e-02, 4.2088e-02): lin 1 (0.0e+00)
Composition correction applied in 10 block(s)
csr_matrix_base::write_matrix_to_file will be deprecated in the future.
	 #2 (1.0541e-02, 4.1506e-02): lin 1 (0.0e+00)
Composition correction applied in 10 block(s)
csr_matrix_base::write_matrix_to_file will be deprecated in the future.
	 #3 (1.0505e-02, 4.1035e-02): lin 1 (0.0e+00)
Composition correction applied in 10 block(s)
csr_matrix_base::write_matrix_to_file will be deprecated in the future.
	 #4 (1.0505e-02, 4.1035e-02): lin 1 (0.0e+00)
Composition correction applied in 10 block(s)
csr_matrix_base::write_matrix_to_file will be deprecated in the future.
	 #5 (1.0505e-02, 4.1035e-02): lin 1 (0.0e+00)
Composition correction applied in 10 block(s)
csr_matrix_base::write_matrix_to_file will be deprecated in the future.
FAILED TO CONVERGE WITH DT = 0.001 (newton residual reservoir) 
csr_matrix_base::write_matrix_to_file will be deprecated in the future.
csr_matrix_base::write_matrix_to_file will be deprecated in the future.
	 #1 (6.7589e-05, 1.2131e-05): lin 1 (0.0e+00)
Composition correction applied in 4 block(s)
csr_matrix_base::write_matrix_to_file will be deprecated in the future.
csr_matrix_base::write_matrix_to_file will be deprecated in the future.
-------------------------------------------------------------------------------------------------------------
 T = 1.7925, DT = 0.0005, NI = 1, LI = 1, RES = 8.5e-11 (9.6e-09), CFL=0.084 (ELAPSED 00:00:13 )
-------------------------------------------------------------------------------------------------------------
csr_matrix_base::write_matrix_to_file will be deprecated in the future.
	 #1 (6.4882e-03, 2.1022e-02): lin 1 (0.0e+00)
Composition correction applied in 10 block(s)
csr_matrix_base::write_matrix_to_file will be deprecated in the future.
-------------------------------------------------------------------------------------------------------------
 T = 1.7925, DT = 0.0005, NI = 1, LI = 1, RES = 5.2e-03 (2.1e-02), CFL=0.084 (ELAPSED 00:00:26 )
-------------------------------------------------------------------------------------------------------------
csr_matrix_base::write_matrix_to_file will be deprecated in the future.
csr_matrix_base::write_matrix_to_file will be deprecated in the future.
	 #1 (1.8772e-04, 5.4386e-06): lin 1 (0.0e+00)
Composition correction applied in 2 block(s)
csr_matrix_base::write_matrix_to_file will be deprecated in the future.
csr_matrix_base::write_matrix_to_file will be deprecated in the future.
-------------------------------------------------------------------------------------------------------------
 T = 1.7935, DT = 0.001, NI = 1, LI = 1, RES = 2.0e-09 (3.4e-08), CFL=0.168 (ELAPSED 00:00:13 )
-------------------------------------------------------------------------------------------------------------
csr_matrix_base::write_matrix_to_file will be deprecated in the future.
	 #1 (1.3016e-02, 4.2091e-02): lin 1 (0.0e+00)
Composition correction applied in 11 block(s)
csr_matrix_base::write_matrix_to_file will be deprecated in the future.
	 #2 (1.0463e-02, 4.0801e-02): lin 1 (0.0e+00)
Composition correction applied in 11 block(s)
csr_matrix_base::write_matrix_to_file will be deprecated in the future.
	 #3 (1.0450e-02, 4.0801e-02): lin 1 (0.0e+00)
Composition correction applied in 11 block(s)
csr_matrix_base::write_matrix_to_file will be deprecated in the future.
	 #4 (1.0450e-02, 4.0801e-02): lin 1 (0.0e+00)
Composition correction applied in 11 block(s)
csr_matrix_base::write_matrix_to_file will be deprecated in the future.
	 #5 (1.0450e-02, 4.0801e-02): lin 1 (0.0e+00)
Composition correction applied in 11 block(s)
csr_matrix_base::write_matrix_to_file will be deprecated in the future.
FAILED TO CONVERGE WITH DT = 0.001 (newton residual reservoir) 
csr_matrix_base::write_matrix_to_file will be deprecated in the future.
csr_matrix_base::write_matrix_to_file will be deprecated in the future.
	 #1 (6.4552e-05, 1.2164e-05): lin 1 (0.0e+00)
Composition correction applied in 3 block(s)
csr_matrix_base::write_matrix_to_file will be deprecated in the future.
csr_matrix_base::write_matrix_to_file will be deprecated in the future.
-------------------------------------------------------------------------------------------------------------
 T = 1.793, DT = 0.0005, NI = 1, LI = 1, RES = 5.0e-11 (1.2e-08), CFL=0.084 (ELAPSED 00:00:13 )
-------------------------------------------------------------------------------------------------------------
csr_matrix_base::write_matrix_to_file will be deprecated in the future.
	 #1 (6.4733e-03, 2.1023e-02): lin 1 (0.0e+00)
Composition correction applied in 10 block(s)
csr_matrix_base::write_matrix_to_file will be deprecated in the future.
-------------------------------------------------------------------------------------------------------------
 T = 1.793, DT = 0.0005, NI = 1, LI = 1, RES = 5.2e-03 (2.1e-02), CFL=0.084 (ELAPSED 00:00:26 )
-------------------------------------------------------------------------------------------------------------
csr_matrix_base::write_matrix_to_file will be deprecated in the future.
csr_matrix_base::write_matrix_to_file will be deprecated in the future.
	 #1 (1.8517e-04, 4.2044e-04): lin 1 (0.0e+00)
Composition correction applied in 4 block(s)
csr_matrix_base::write_matrix_to_file will be deprecated in the future.
csr_matrix_base::write_matrix_to_file will be deprecated in the future.
-------------------------------------------------------------------------------------------------------------
 T = 1.794, DT = 0.001, NI = 1, LI = 1, RES = 1.7e-09 (4.1e-08), CFL=0.168 (ELAPSED 00:00:13 )
-------------------------------------------------------------------------------------------------------------
csr_matrix_base::write_matrix_to_file will be deprecated in the future.
	 #1 (1.2986e-02, 4.2395e-02): lin 1 (0.0e+00)
Composition correction applied in 11 block(s)
csr_matrix_base::write_matrix_to_file will be deprecated in the future.
	 #2 (1.0431e-02, 4.1334e-02): lin 1 (0.0e+00)
Composition correction applied in 11 block(s)
csr_matrix_base::write_matrix_to_file will be deprecated in the future.
	 #3 (1.0397e-02, 4.1335e-02): lin 1 (0.0e+00)
Composition correction applied in 11 block(s)
csr_matrix_base::write_matrix_to_file will be deprecated in the future.
	 #4 (1.0397e-02, 4.1335e-02): lin 1 (0.0e+00)
Composition correction applied in 11 block(s)
csr_matrix_base::write_matrix_to_file will be deprecated in the future.
	 #5 (1.0397e-02, 4.1335e-02): lin 1 (0.0e+00)
Composition correction applied in 11 block(s)
csr_matrix_base::write_matrix_to_file will be deprecated in the future.
FAILED TO CONVERGE WITH DT = 0.001 (newton residual reservoir) 
csr_matrix_base::write_matrix_to_file will be deprecated in the future.
csr_matrix_base::write_matrix_to_file will be deprecated in the future.
	 #1 (6.2254e-05, 1.1698e-05): lin 1 (0.0e+00)
Composition correction applied in 3 block(s)
csr_matrix_base::write_matrix_to_file will be deprecated in the future.
csr_matrix_base::write_matrix_to_file will be deprecated in the future.
-------------------------------------------------------------------------------------------------------------
 T = 1.7935, DT = 0.0005, NI = 1, LI = 1, RES = 1.4e-10 (1.5e-08), CFL=0.084 (ELAPSED 00:00:13 )
-------------------------------------------------------------------------------------------------------------
csr_matrix_base::write_matrix_to_file will be deprecated in the future.
	 #1 (6.4570e-03, 2.1175e-02): lin 1 (0.0e+00)
Composition correction applied in 10 block(s)
csr_matrix_base::write_matrix_to_file will be deprecated in the future.
-------------------------------------------------------------------------------------------------------------
 T = 1.7935, DT = 0.0005, NI = 1, LI = 1, RES = 5.2e-03 (2.1e-02), CFL=0.084 (ELAPSED 00:00:26 )
-------------------------------------------------------------------------------------------------------------
csr_matrix_base::write_matrix_to_file will be deprecated in the future.
csr_matrix_base::write_matrix_to_file will be deprecated in the future.
	 #1 (1.8043e-04, 2.0043e-04): lin 1 (0.0e+00)
Composition correction applied in 5 block(s)
csr_matrix_base::write_matrix_to_file will be deprecated in the future.
csr_matrix_base::write_matrix_to_file will be deprecated in the future.
-------------------------------------------------------------------------------------------------------------
 T = 1.7945, DT = 0.001, NI = 1, LI = 1, RES = 1.5e-09 (4.4e-08), CFL=0.168 (ELAPSED 00:00:13 )
-------------------------------------------------------------------------------------------------------------
csr_matrix_base::write_matrix_to_file will be deprecated in the future.
	 #1 (1.2952e-02, 4.2573e-02): lin 1 (0.0e+00)
Composition correction applied in 11 block(s)
csr_matrix_base::write_matrix_to_file will be deprecated in the future.
	 #2 (1.0354e-02, 4.1473e-02): lin 1 (0.0e+00)
Composition correction applied in 11 block(s)
csr_matrix_base::write_matrix_to_file will be deprecated in the future.
	 #3 (1.0342e-02, 4.1473e-02): lin 1 (0.0e+00)
Composition correction applied in 11 block(s)
csr_matrix_base::write_matrix_to_file will be deprecated in the future.
	 #4 (1.0342e-02, 4.1473e-02): lin 1 (0.0e+00)
Composition correction applied in 11 block(s)
csr_matrix_base::write_matrix_to_file will be deprecated in the future.
	 #5 (1.0342e-02, 4.1473e-02): lin 1 (0.0e+00)
Composition correction applied in 11 block(s)
csr_matrix_base::write_matrix_to_file will be deprecated in the future.
FAILED TO CONVERGE WITH DT = 0.001 (newton residual reservoir) 
csr_matrix_base::write_matrix_to_file will be deprecated in the future.
csr_matrix_base::write_matrix_to_file will be deprecated in the future.
	 #1 (5.9688e-05, 1.2100e-05): lin 1 (0.0e+00)
Composition correction applied in 4 block(s)
csr_matrix_base::write_matrix_to_file will be deprecated in the future.
csr_matrix_base::write_matrix_to_file will be deprecated in the future.
-------------------------------------------------------------------------------------------------------------
 T = 1.794, DT = 0.0005, NI = 1, LI = 1, RES = 2.2e-10 (1.8e-08), CFL=0.084 (ELAPSED 00:00:13 )
-------------------------------------------------------------------------------------------------------------
csr_matrix_base::write_matrix_to_file will be deprecated in the future.
	 #1 (6.4397e-03, 2.1263e-02): lin 1 (0.0e+00)
Composition correction applied in 10 block(s)
csr_matrix_base::write_matrix_to_file will be deprecated in the future.
-------------------------------------------------------------------------------------------------------------
 T = 1.794, DT = 0.0005, NI = 1, LI = 1, RES = 5.1e-03 (2.1e-02), CFL=0.084 (ELAPSED 00:00:26 )
-------------------------------------------------------------------------------------------------------------
csr_matrix_base::write_matrix_to_file will be deprecated in the future.
csr_matrix_base::write_matrix_to_file will be deprecated in the future.
	 #1 (1.7886e-04, 2.2821e-04): lin 1 (0.0e+00)
Composition correction applied in 4 block(s)
csr_matrix_base::write_matrix_to_file will be deprecated in the future.
csr_matrix_base::write_matrix_to_file will be deprecated in the future.
-------------------------------------------------------------------------------------------------------------
 T = 1.795, DT = 0.001, NI = 1, LI = 1, RES = 1.2e-09 (5.1e-08), CFL=0.168 (ELAPSED 00:00:13 )
-------------------------------------------------------------------------------------------------------------
csr_matrix_base::write_matrix_to_file will be deprecated in the future.
	 #1 (1.2917e-02, 4.2766e-02): lin 1 (0.0e+00)
Composition correction applied in 11 block(s)
csr_matrix_base::write_matrix_to_file will be deprecated in the future.
	 #2 (1.0322e-02, 4.1658e-02): lin 1 (0.0e+00)
Composition correction applied in 11 block(s)
csr_matrix_base::write_matrix_to_file will be deprecated in the future.
	 #3 (1.0288e-02, 4.1658e-02): lin 1 (0.0e+00)
Composition correction applied in 11 block(s)
csr_matrix_base::write_matrix_to_file will be deprecated in the future.
	 #4 (1.0288e-02, 4.1658e-02): lin 1 (0.0e+00)
Composition correction applied in 11 block(s)
csr_matrix_base::write_matrix_to_file will be deprecated in the future.
	 #5 (1.0288e-02, 4.1658e-02): lin 1 (0.0e+00)
Composition correction applied in 11 block(s)
csr_matrix_base::write_matrix_to_file will be deprecated in the future.
FAILED TO CONVERGE WITH DT = 0.001 (newton residual reservoir) 
csr_matrix_base::write_matrix_to_file will be deprecated in the future.
csr_matrix_base::write_matrix_to_file will be deprecated in the future.
	 #1 (5.7960e-05, 1.2088e-05): lin 1 (0.0e+00)
Composition correction applied in 5 block(s)
csr_matrix_base::write_matrix_to_file will be deprecated in the future.
csr_matrix_base::write_matrix_to_file will be deprecated in the future.
-------------------------------------------------------------------------------------------------------------
 T = 1.7945, DT = 0.0005, NI = 1, LI = 1, RES = 3.0e-10 (2.1e-08), CFL=0.084 (ELAPSED 00:00:13 )
-------------------------------------------------------------------------------------------------------------
csr_matrix_base::write_matrix_to_file will be deprecated in the future.
	 #1 (6.4213e-03, 2.1359e-02): lin 1 (0.0e+00)
Composition correction applied in 11 block(s)
csr_matrix_base::write_matrix_to_file will be deprecated in the future.
-------------------------------------------------------------------------------------------------------------
 T = 1.7945, DT = 0.0005, NI = 1, LI = 1, RES = 5.1e-03 (2.1e-02), CFL=0.084 (ELAPSED 00:00:26 )
-------------------------------------------------------------------------------------------------------------
csr_matrix_base::write_matrix_to_file will be deprecated in the future.
csr_matrix_base::write_matrix_to_file will be deprecated in the future.
	 #1 (1.7477e-04, 2.2808e-04): lin 1 (0.0e+00)
Composition correction applied in 4 block(s)
csr_matrix_base::write_matrix_to_file will be deprecated in the future.
csr_matrix_base::write_matrix_to_file will be deprecated in the future.
-------------------------------------------------------------------------------------------------------------
 T = 1.7955, DT = 0.001, NI = 1, LI = 1, RES = 1.1e-09 (5.4e-08), CFL=0.168 (ELAPSED 00:00:13 )
-------------------------------------------------------------------------------------------------------------
csr_matrix_base::write_matrix_to_file will be deprecated in the future.
	 #1 (1.2879e-02, 4.2959e-02): lin 1 (0.0e+00)
Composition correction applied in 11 block(s)
csr_matrix_base::write_matrix_to_file will be deprecated in the future.
	 #2 (1.0247e-02, 4.1845e-02): lin 1 (0.0e+00)
Composition correction applied in 11 block(s)
csr_matrix_base::write_matrix_to_file will be deprecated in the future.
	 #3 (1.0233e-02, 4.1846e-02): lin 1 (0.0e+00)
Composition correction applied in 11 block(s)
csr_matrix_base::write_matrix_to_file will be deprecated in the future.
	 #4 (1.0233e-02, 4.1846e-02): lin 1 (0.0e+00)
Composition correction applied in 11 block(s)
csr_matrix_base::write_matrix_to_file will be deprecated in the future.
	 #5 (1.0233e-02, 4.1846e-02): lin 1 (0.0e+00)
Composition correction applied in 11 block(s)
csr_matrix_base::write_matrix_to_file will be deprecated in the future.
FAILED TO CONVERGE WITH DT = 0.001 (newton residual reservoir) 
csr_matrix_base::write_matrix_to_file will be deprecated in the future.
csr_matrix_base::write_matrix_to_file will be deprecated in the future.
	 #1 (5.5814e-05, 1.2130e-05): lin 1 (0.0e+00)
Composition correction applied in 4 block(s)
csr_matrix_base::write_matrix_to_file will be deprecated in the future.
csr_matrix_base::write_matrix_to_file will be deprecated in the future.
-------------------------------------------------------------------------------------------------------------
 T = 1.795, DT = 0.0005, NI = 1, LI = 1, RES = 3.6e-10 (2.3e-08), CFL=0.084 (ELAPSED 00:00:13 )
-------------------------------------------------------------------------------------------------------------
csr_matrix_base::write_matrix_to_file will be deprecated in the future.
	 #1 (6.4022e-03, 2.1454e-02): lin 1 (0.0e+00)
Composition correction applied in 11 block(s)
csr_matrix_base::write_matrix_to_file will be deprecated in the future.
-------------------------------------------------------------------------------------------------------------
 T = 1.795, DT = 0.0005, NI = 1, LI = 1, RES = 5.1e-03 (2.1e-02), CFL=0.084 (ELAPSED 00:00:26 )
-------------------------------------------------------------------------------------------------------------
csr_matrix_base::write_matrix_to_file will be deprecated in the future.
csr_matrix_base::write_matrix_to_file will be deprecated in the future.
	 #1 (1.7413e-04, 2.2552e-04): lin 1 (0.0e+00)
Composition correction applied in 5 block(s)
csr_matrix_base::write_matrix_to_file will be deprecated in the future.
csr_matrix_base::write_matrix_to_file will be deprecated in the future.
-------------------------------------------------------------------------------------------------------------
 T = 1.796, DT = 0.001, NI = 1, LI = 1, RES = 9.0e-10 (6.0e-08), CFL=0.168 (ELAPSED 00:00:13 )
-------------------------------------------------------------------------------------------------------------
csr_matrix_base::write_matrix_to_file will be deprecated in the future.
	 #1 (1.2840e-02, 4.3151e-02): lin 1 (0.0e+00)
Composition correction applied in 12 block(s)
csr_matrix_base::write_matrix_to_file will be deprecated in the future.
	 #2 (1.0215e-02, 4.2026e-02): lin 1 (0.0e+00)
Composition correction applied in 12 block(s)
csr_matrix_base::write_matrix_to_file will be deprecated in the future.
	 #3 (1.0180e-02, 4.2026e-02): lin 1 (0.0e+00)
Composition correction applied in 12 block(s)
csr_matrix_base::write_matrix_to_file will be deprecated in the future.
	 #4 (1.0180e-02, 4.2026e-02): lin 1 (0.0e+00)
Composition correction applied in 12 block(s)
csr_matrix_base::write_matrix_to_file will be deprecated in the future.
	 #5 (1.0180e-02, 4.2026e-02): lin 1 (0.0e+00)
Composition correction applied in 12 block(s)
csr_matrix_base::write_matrix_to_file will be deprecated in the future.
FAILED TO CONVERGE WITH DT = 0.001 (newton residual reservoir) 
csr_matrix_base::write_matrix_to_file will be deprecated in the future.
csr_matrix_base::write_matrix_to_file will be deprecated in the future.
	 #1 (5.4661e-05, 1.2168e-05): lin 1 (0.0e+00)
Composition correction applied in 6 block(s)
csr_matrix_base::write_matrix_to_file will be deprecated in the future.
csr_matrix_base::write_matrix_to_file will be deprecated in the future.
-------------------------------------------------------------------------------------------------------------
 T = 1.7955, DT = 0.0005, NI = 1, LI = 1, RES = 4.2e-10 (2.6e-08), CFL=0.084 (ELAPSED 00:00:13 )
-------------------------------------------------------------------------------------------------------------
csr_matrix_base::write_matrix_to_file will be deprecated in the future.
	 #1 (6.3821e-03, 2.1550e-02): lin 1 (0.0e+00)
Composition correction applied in 11 block(s)
csr_matrix_base::write_matrix_to_file will be deprecated in the future.
-------------------------------------------------------------------------------------------------------------
 T = 1.7955, DT = 0.0005, NI = 1, LI = 1, RES = 5.0e-03 (2.1e-02), CFL=0.084 (ELAPSED 00:00:26 )
-------------------------------------------------------------------------------------------------------------
csr_matrix_base::write_matrix_to_file will be deprecated in the future.
csr_matrix_base::write_matrix_to_file will be deprecated in the future.
	 #1 (1.7062e-04, 2.2899e-04): lin 1 (0.0e+00)
Composition correction applied in 4 block(s)
csr_matrix_base::write_matrix_to_file will be deprecated in the future.
csr_matrix_base::write_matrix_to_file will be deprecated in the future.
-------------------------------------------------------------------------------------------------------------
 T = 1.7965, DT = 0.001, NI = 1, LI = 1, RES = 7.9e-10 (6.2e-08), CFL=0.169 (ELAPSED 00:00:13 )
-------------------------------------------------------------------------------------------------------------
csr_matrix_base::write_matrix_to_file will be deprecated in the future.
	 #1 (1.2799e-02, 4.3344e-02): lin 1 (0.0e+00)
Composition correction applied in 12 block(s)
csr_matrix_base::write_matrix_to_file will be deprecated in the future.
	 #2 (1.0141e-02, 4.2215e-02): lin 1 (0.0e+00)
Composition correction applied in 12 block(s)
csr_matrix_base::write_matrix_to_file will be deprecated in the future.
	 #3 (1.0125e-02, 4.2215e-02): lin 1 (0.0e+00)
Composition correction applied in 12 block(s)
csr_matrix_base::write_matrix_to_file will be deprecated in the future.
	 #4 (1.0125e-02, 4.2215e-02): lin 1 (0.0e+00)
Composition correction applied in 12 block(s)
csr_matrix_base::write_matrix_to_file will be deprecated in the future.
	 #5 (1.0125e-02, 4.2215e-02): lin 1 (0.0e+00)
Composition correction applied in 12 block(s)
csr_matrix_base::write_matrix_to_file will be deprecated in the future.
FAILED TO CONVERGE WITH DT = 0.001 (newton residual reservoir) 
csr_matrix_base::write_matrix_to_file will be deprecated in the future.
csr_matrix_base::write_matrix_to_file will be deprecated in the future.
	 #1 (5.2962e-05, 1.2205e-05): lin 1 (0.0e+00)
Composition correction applied in 4 block(s)
csr_matrix_base::write_matrix_to_file will be deprecated in the future.
csr_matrix_base::write_matrix_to_file will be deprecated in the future.
-------------------------------------------------------------------------------------------------------------
 T = 1.796, DT = 0.0005, NI = 1, LI = 1, RES = 4.5e-10 (2.8e-08), CFL=0.084 (ELAPSED 00:00:13 )
-------------------------------------------------------------------------------------------------------------
csr_matrix_base::write_matrix_to_file will be deprecated in the future.
	 #1 (6.3616e-03, 2.1646e-02): lin 1 (0.0e+00)
Composition correction applied in 11 block(s)
csr_matrix_base::write_matrix_to_file will be deprecated in the future.
-------------------------------------------------------------------------------------------------------------
 T = 1.796, DT = 0.0005, NI = 1, LI = 1, RES = 5.0e-03 (2.1e-02), CFL=0.084 (ELAPSED 00:00:26 )
-------------------------------------------------------------------------------------------------------------
csr_matrix_base::write_matrix_to_file will be deprecated in the future.
csr_matrix_base::write_matrix_to_file will be deprecated in the future.
	 #1 (1.7050e-04, 2.2600e-04): lin 1 (0.0e+00)
Composition correction applied in 3 block(s)
csr_matrix_base::write_matrix_to_file will be deprecated in the future.
csr_matrix_base::write_matrix_to_file will be deprecated in the future.
-------------------------------------------------------------------------------------------------------------
 T = 1.797, DT = 0.001, NI = 1, LI = 1, RES = 6.5e-10 (6.9e-08), CFL=0.169 (ELAPSED 00:00:13 )
-------------------------------------------------------------------------------------------------------------
csr_matrix_base::write_matrix_to_file will be deprecated in the future.
	 #1 (1.2758e-02, 4.3537e-02): lin 1 (0.0e+00)
Composition correction applied in 12 block(s)
csr_matrix_base::write_matrix_to_file will be deprecated in the future.
	 #2 (1.0112e-02, 4.2395e-02): lin 1 (0.0e+00)
Composition correction applied in 12 block(s)
csr_matrix_base::write_matrix_to_file will be deprecated in the future.
	 #3 (1.0072e-02, 4.2397e-02): lin 1 (0.0e+00)
Composition correction applied in 12 block(s)
csr_matrix_base::write_matrix_to_file will be deprecated in the future.
	 #4 (1.0072e-02, 4.2397e-02): lin 1 (0.0e+00)
Composition correction applied in 12 block(s)
csr_matrix_base::write_matrix_to_file will be deprecated in the future.
	 #5 (1.0072e-02, 4.2397e-02): lin 1 (0.0e+00)
Composition correction applied in 12 block(s)
csr_matrix_base::write_matrix_to_file will be deprecated in the future.
FAILED TO CONVERGE WITH DT = 0.001 (newton residual reservoir) 
csr_matrix_base::write_matrix_to_file will be deprecated in the future.
csr_matrix_base::write_matrix_to_file will be deprecated in the future.
	 #1 (5.2139e-05, 1.2245e-05): lin 1 (0.0e+00)
Composition correction applied in 6 block(s)
csr_matrix_base::write_matrix_to_file will be deprecated in the future.
csr_matrix_base::write_matrix_to_file will be deprecated in the future.
-------------------------------------------------------------------------------------------------------------
 T = 1.7965, DT = 0.0005, NI = 1, LI = 1, RES = 5.0e-10 (3.1e-08), CFL=0.084 (ELAPSED 00:00:13 )
-------------------------------------------------------------------------------------------------------------
csr_matrix_base::write_matrix_to_file will be deprecated in the future.
	 #1 (6.3404e-03, 2.1742e-02): lin 1 (0.0e+00)
Composition correction applied in 11 block(s)
csr_matrix_base::write_matrix_to_file will be deprecated in the future.
-------------------------------------------------------------------------------------------------------------
 T = 1.7965, DT = 0.0005, NI = 1, LI = 1, RES = 5.0e-03 (2.1e-02), CFL=0.084 (ELAPSED 00:00:26 )
-------------------------------------------------------------------------------------------------------------
csr_matrix_base::write_matrix_to_file will be deprecated in the future.
csr_matrix_base::write_matrix_to_file will be deprecated in the future.
	 #1 (1.6719e-04, 2.3053e-04): lin 1 (0.0e+00)
Composition correction applied in 5 block(s)
csr_matrix_base::write_matrix_to_file will be deprecated in the future.
csr_matrix_base::write_matrix_to_file will be deprecated in the future.
-------------------------------------------------------------------------------------------------------------
 T = 1.7975, DT = 0.001, NI = 1, LI = 1, RES = 5.8e-10 (7.0e-08), CFL=0.169 (ELAPSED 00:00:13 )
-------------------------------------------------------------------------------------------------------------
csr_matrix_base::write_matrix_to_file will be deprecated in the future.
	 #1 (1.2715e-02, 4.3731e-02): lin 1 (0.0e+00)
Composition correction applied in 12 block(s)
csr_matrix_base::write_matrix_to_file will be deprecated in the future.
	 #2 (1.0038e-02, 4.2587e-02): lin 1 (0.0e+00)
Composition correction applied in 12 block(s)
csr_matrix_base::write_matrix_to_file will be deprecated in the future.
	 #3 (1.0018e-02, 4.2591e-02): lin 1 (0.0e+00)
Composition correction applied in 12 block(s)
csr_matrix_base::write_matrix_to_file will be deprecated in the future.
	 #4 (1.0018e-02, 4.2591e-02): lin 1 (0.0e+00)
Composition correction applied in 12 block(s)
csr_matrix_base::write_matrix_to_file will be deprecated in the future.
	 #5 (1.0018e-02, 4.2591e-02): lin 1 (0.0e+00)
Composition correction applied in 12 block(s)
csr_matrix_base::write_matrix_to_file will be deprecated in the future.
FAILED TO CONVERGE WITH DT = 0.001 (newton residual reservoir) 
csr_matrix_base::write_matrix_to_file will be deprecated in the future.
csr_matrix_base::write_matrix_to_file will be deprecated in the future.
	 #1 (5.0686e-05, 1.2282e-05): lin 1 (0.0e+00)
Composition correction applied in 5 block(s)
csr_matrix_base::write_matrix_to_file will be deprecated in the future.
csr_matrix_base::write_matrix_to_file will be deprecated in the future.
-------------------------------------------------------------------------------------------------------------
 T = 1.797, DT = 0.0005, NI = 1, LI = 1, RES = 5.3e-10 (3.3e-08), CFL=0.084 (ELAPSED 00:00:13 )
-------------------------------------------------------------------------------------------------------------
csr_matrix_base::write_matrix_to_file will be deprecated in the future.
	 #1 (6.3189e-03, 2.1839e-02): lin 1 (0.0e+00)
Composition correction applied in 12 block(s)
csr_matrix_base::write_matrix_to_file will be deprecated in the future.
-------------------------------------------------------------------------------------------------------------
 T = 1.797, DT = 0.0005, NI = 1, LI = 1, RES = 5.0e-03 (2.1e-02), CFL=0.084 (ELAPSED 00:00:26 )
-------------------------------------------------------------------------------------------------------------
csr_matrix_base::write_matrix_to_file will be deprecated in the future.
csr_matrix_base::write_matrix_to_file will be deprecated in the future.
	 #1 (1.6747e-04, 2.2649e-04): lin 1 (0.0e+00)
Composition correction applied in 4 block(s)
csr_matrix_base::write_matrix_to_file will be deprecated in the future.
csr_matrix_base::write_matrix_to_file will be deprecated in the future.
-------------------------------------------------------------------------------------------------------------
 T = 1.798, DT = 0.001, NI = 1, LI = 1, RES = 4.9e-10 (7.7e-08), CFL=0.169 (ELAPSED 00:00:13 )
-------------------------------------------------------------------------------------------------------------
csr_matrix_base::write_matrix_to_file will be deprecated in the future.
	 #1 (1.2673e-02, 4.3924e-02): lin 1 (0.0e+00)
Composition correction applied in 12 block(s)
csr_matrix_base::write_matrix_to_file will be deprecated in the future.
	 #2 (1.0008e-02, 4.2774e-02): lin 1 (0.0e+00)
Composition correction applied in 12 block(s)
csr_matrix_base::write_matrix_to_file will be deprecated in the future.
-------------------------------------------------------------------------------------------------------------
 T = 1.798, DT = 0.001, NI = 2, LI = 2, RES = 1.0e-02 (4.3e-02), CFL=0.168 (ELAPSED 00:00:26 )
-------------------------------------------------------------------------------------------------------------
csr_matrix_base::write_matrix_to_file will be deprecated in the future.
csr_matrix_base::write_matrix_to_file will be deprecated in the future.
	 #1 (7.9737e-04, 1.4716e-03): lin 1 (0.0e+00)
Composition correction applied in 3 block(s)
csr_matrix_base::write_matrix_to_file will be deprecated in the future.
csr_matrix_base::write_matrix_to_file will be deprecated in the future.
-------------------------------------------------------------------------------------------------------------
 T = 1.8, DT = 0.002, NI = 1, LI = 1, RES = 1.7e-08 (4.5e-08), CFL=0.339 (ELAPSED 00:00:13 )
-------------------------------------------------------------------------------------------------------------
csr_matrix_base::write_matrix_to_file will be deprecated in the future.
	 #1 (2.5164e-02, 8.9027e-02): lin 1 (0.0e+00)
Composition correction applied in 14 block(s)
csr_matrix_base::write_matrix_to_file will be deprecated in the future.
	 #2 (1.9983e-02, 8.5199e-02): lin 1 (0.0e+00)
Composition correction applied in 14 block(s)
csr_matrix_base::write_matrix_to_file will be deprecated in the future.
	 #3 (1.9922e-02, 8.7992e-02): lin 1 (0.0e+00)
Composition correction applied in 14 block(s)
csr_matrix_base::write_matrix_to_file will be deprecated in the future.
	 #4 (1.9922e-02, 8.7992e-02): lin 1 (0.0e+00)
Composition correction applied in 14 block(s)
csr_matrix_base::write_matrix_to_file will be deprecated in the future.
	 #5 (1.9922e-02, 8.7992e-02): lin 1 (0.0e+00)
Composition correction applied in 14 block(s)
csr_matrix_base::write_matrix_to_file will be deprecated in the future.
FAILED TO CONVERGE WITH DT = 0.002 (newton residual reservoir) 
csr_matrix_base::write_matrix_to_file will be deprecated in the future.
csr_matrix_base::write_matrix_to_file will be deprecated in the future.
	 #1 (1.0049e-04, 2.4465e-05): lin 1 (0.0e+00)
Composition correction applied in 4 block(s)
csr_matrix_base::write_matrix_to_file will be deprecated in the future.
csr_matrix_base::write_matrix_to_file will be deprecated in the future.
-------------------------------------------------------------------------------------------------------------
 T = 1.799, DT = 0.001, NI = 1, LI = 1, RES = 2.2e-09 (2.0e-07), CFL=0.169 (ELAPSED 00:00:13 )
-------------------------------------------------------------------------------------------------------------
csr_matrix_base::write_matrix_to_file will be deprecated in the future.
	 #1 (1.2493e-02, 4.4444e-02): lin 1 (0.0e+00)
Composition correction applied in 13 block(s)
csr_matrix_base::write_matrix_to_file will be deprecated in the future.
-------------------------------------------------------------------------------------------------------------
 T = 1.799, DT = 0.001, NI = 1, LI = 1, RES = 9.8e-03 (4.4e-02), CFL=0.169 (ELAPSED 00:00:26 )
-------------------------------------------------------------------------------------------------------------
csr_matrix_base::write_matrix_to_file will be deprecated in the future.
csr_matrix_base::write_matrix_to_file will be deprecated in the future.
	 #1 (7.0527e-04, 3.3698e-04): lin 1 (0.0e+00)
Composition correction applied in 3 block(s)
csr_matrix_base::write_matrix_to_file will be deprecated in the future.
csr_matrix_base::write_matrix_to_file will be deprecated in the future.
-------------------------------------------------------------------------------------------------------------
 T = 1.801, DT = 0.002, NI = 1, LI = 1, RES = 6.5e-09 (3.1e-07), CFL=0.339 (ELAPSED 00:00:13 )
-------------------------------------------------------------------------------------------------------------
csr_matrix_base::write_matrix_to_file will be deprecated in the future.
	 #1 (2.4986e-02, 8.9202e-02): lin 1 (0.0e+00)
Composition correction applied in 15 block(s)
csr_matrix_base::write_matrix_to_file will be deprecated in the future.
	 #2 (1.9795e-02, 8.8414e-02): lin 1 (0.0e+00)
Composition correction applied in 15 block(s)
csr_matrix_base::write_matrix_to_file will be deprecated in the future.
	 #3 (1.9723e-02, 8.8415e-02): lin 1 (0.0e+00)
Composition correction applied in 15 block(s)
csr_matrix_base::write_matrix_to_file will be deprecated in the future.
	 #4 (1.9723e-02, 8.8415e-02): lin 1 (0.0e+00)
Composition correction applied in 15 block(s)
csr_matrix_base::write_matrix_to_file will be deprecated in the future.
	 #5 (1.9723e-02, 8.8415e-02): lin 1 (0.0e+00)
Composition correction applied in 15 block(s)
csr_matrix_base::write_matrix_to_file will be deprecated in the future.
FAILED TO CONVERGE WITH DT = 0.002 (newton residual reservoir) 
csr_matrix_base::write_matrix_to_file will be deprecated in the future.
csr_matrix_base::write_matrix_to_file will be deprecated in the future.
	 #1 (9.6734e-05, 2.4846e-05): lin 1 (0.0e+00)
Composition correction applied in 4 block(s)
csr_matrix_base::write_matrix_to_file will be deprecated in the future.
csr_matrix_base::write_matrix_to_file will be deprecated in the future.
-------------------------------------------------------------------------------------------------------------
 T = 1.8, DT = 0.001, NI = 1, LI = 1, RES = 2.1e-09 (1.8e-07), CFL=0.170 (ELAPSED 00:00:13 )
-------------------------------------------------------------------------------------------------------------
csr_matrix_base::write_matrix_to_file will be deprecated in the future.
	 #1 (1.2409e-02, 4.4532e-02): lin 1 (0.0e+00)
Composition correction applied in 13 block(s)
csr_matrix_base::write_matrix_to_file will be deprecated in the future.
-------------------------------------------------------------------------------------------------------------
 T = 1.8, DT = 0.001, NI = 1, LI = 1, RES = 9.7e-03 (4.4e-02), CFL=0.169 (ELAPSED 00:00:27 )
-------------------------------------------------------------------------------------------------------------
csr_matrix_base::write_matrix_to_file will be deprecated in the future.
csr_matrix_base::write_matrix_to_file will be deprecated in the future.
	 #1 (7.0186e-04, 1.2848e-03): lin 1 (0.0e+00)
Composition correction applied in 5 block(s)
csr_matrix_base::write_matrix_to_file will be deprecated in the future.
csr_matrix_base::write_matrix_to_file will be deprecated in the future.
-------------------------------------------------------------------------------------------------------------
 T = 1.802, DT = 0.002, NI = 1, LI = 1, RES = 5.3e-09 (3.6e-07), CFL=0.340 (ELAPSED 00:00:13 )
-------------------------------------------------------------------------------------------------------------
csr_matrix_base::write_matrix_to_file will be deprecated in the future.
	 #1 (2.4816e-02, 8.8282e-02): lin 1 (0.0e+00)
Composition correction applied in 15 block(s)
csr_matrix_base::write_matrix_to_file will be deprecated in the future.
	 #2 (1.9617e-02, 8.5121e-02): lin 1 (0.0e+00)
Composition correction applied in 15 block(s)
csr_matrix_base::write_matrix_to_file will be deprecated in the future.
	 #3 (1.9534e-02, 8.5123e-02): lin 1 (0.0e+00)
Composition correction applied in 15 block(s)
csr_matrix_base::write_matrix_to_file will be deprecated in the future.
	 #4 (1.9534e-02, 8.5123e-02): lin 1 (0.0e+00)
Composition correction applied in 15 block(s)
csr_matrix_base::write_matrix_to_file will be deprecated in the future.
	 #5 (1.9534e-02, 8.5123e-02): lin 1 (0.0e+00)
Composition correction applied in 15 block(s)
csr_matrix_base::write_matrix_to_file will be deprecated in the future.
FAILED TO CONVERGE WITH DT = 0.002 (newton residual reservoir) 
csr_matrix_base::write_matrix_to_file will be deprecated in the future.
csr_matrix_base::write_matrix_to_file will be deprecated in the future.
	 #1 (9.5017e-05, 2.6414e-05): lin 1 (0.0e+00)
Composition correction applied in 6 block(s)
csr_matrix_base::write_matrix_to_file will be deprecated in the future.
csr_matrix_base::write_matrix_to_file will be deprecated in the future.
-------------------------------------------------------------------------------------------------------------
 T = 1.801, DT = 0.001, NI = 1, LI = 1, RES = 2.1e-09 (1.9e-07), CFL=0.170 (ELAPSED 00:00:13 )
-------------------------------------------------------------------------------------------------------------
csr_matrix_base::write_matrix_to_file will be deprecated in the future.
	 #1 (1.2324e-02, 4.4069e-02): lin 1 (0.0e+00)
Composition correction applied in 14 block(s)
csr_matrix_base::write_matrix_to_file will be deprecated in the future.
-------------------------------------------------------------------------------------------------------------
 T = 1.801, DT = 0.001, NI = 1, LI = 1, RES = 9.6e-03 (4.3e-02), CFL=0.169 (ELAPSED 00:00:27 )
-------------------------------------------------------------------------------------------------------------
csr_matrix_base::write_matrix_to_file will be deprecated in the future.
csr_matrix_base::write_matrix_to_file will be deprecated in the future.
	 #1 (6.9783e-04, 1.0672e-03): lin 1 (0.0e+00)
Composition correction applied in 6 block(s)
csr_matrix_base::write_matrix_to_file will be deprecated in the future.
csr_matrix_base::write_matrix_to_file will be deprecated in the future.
-------------------------------------------------------------------------------------------------------------
 T = 1.803, DT = 0.002, NI = 1, LI = 1, RES = 4.7e-09 (3.9e-07), CFL=0.340 (ELAPSED 00:00:13 )
-------------------------------------------------------------------------------------------------------------
csr_matrix_base::write_matrix_to_file will be deprecated in the future.
	 #1 (2.4648e-02, 8.8754e-02): lin 1 (0.0e+00)
Composition correction applied in 16 block(s)
csr_matrix_base::write_matrix_to_file will be deprecated in the future.
	 #2 (1.9454e-02, 8.7190e-02): lin 1 (0.0e+00)
Composition correction applied in 16 block(s)
csr_matrix_base::write_matrix_to_file will be deprecated in the future.
	 #3 (1.9354e-02, 8.7192e-02): lin 1 (0.0e+00)
Composition correction applied in 16 block(s)
csr_matrix_base::write_matrix_to_file will be deprecated in the future.
	 #4 (1.9354e-02, 8.7192e-02): lin 1 (0.0e+00)
Composition correction applied in 16 block(s)
csr_matrix_base::write_matrix_to_file will be deprecated in the future.
	 #5 (1.9354e-02, 8.7192e-02): lin 1 (0.0e+00)
Composition correction applied in 16 block(s)
csr_matrix_base::write_matrix_to_file will be deprecated in the future.
FAILED TO CONVERGE WITH DT = 0.002 (newton residual reservoir) 
csr_matrix_base::write_matrix_to_file will be deprecated in the future.
csr_matrix_base::write_matrix_to_file will be deprecated in the future.
	 #1 (9.3646e-05, 2.4676e-05): lin 1 (0.0e+00)
Composition correction applied in 6 block(s)
csr_matrix_base::write_matrix_to_file will be deprecated in the future.
csr_matrix_base::write_matrix_to_file will be deprecated in the future.
-------------------------------------------------------------------------------------------------------------
 T = 1.802, DT = 0.001, NI = 1, LI = 1, RES = 2.2e-09 (2.1e-07), CFL=0.170 (ELAPSED 00:00:13 )
-------------------------------------------------------------------------------------------------------------
csr_matrix_base::write_matrix_to_file will be deprecated in the future.
	 #1 (1.2239e-02, 4.4306e-02): lin 1 (0.0e+00)
Composition correction applied in 15 block(s)
csr_matrix_base::write_matrix_to_file will be deprecated in the future.
-------------------------------------------------------------------------------------------------------------
 T = 1.802, DT = 0.001, NI = 1, LI = 1, RES = 9.5e-03 (4.4e-02), CFL=0.170 (ELAPSED 00:00:27 )
-------------------------------------------------------------------------------------------------------------
csr_matrix_base::write_matrix_to_file will be deprecated in the future.
csr_matrix_base::write_matrix_to_file will be deprecated in the future.
	 #1 (6.9332e-04, 5.5597e-04): lin 1 (0.0e+00)
Composition correction applied in 6 block(s)
csr_matrix_base::write_matrix_to_file will be deprecated in the future.
csr_matrix_base::write_matrix_to_file will be deprecated in the future.
-------------------------------------------------------------------------------------------------------------
 T = 1.804, DT = 0.002, NI = 1, LI = 1, RES = 3.9e-09 (4.0e-07), CFL=0.341 (ELAPSED 00:00:13 )
-------------------------------------------------------------------------------------------------------------
csr_matrix_base::write_matrix_to_file will be deprecated in the future.
	 #1 (2.4482e-02, 8.8264e-02): lin 1 (0.0e+00)
Composition correction applied in 17 block(s)
csr_matrix_base::write_matrix_to_file will be deprecated in the future.
	 #2 (1.9309e-02, 8.5562e-02): lin 1 (0.0e+00)
Composition correction applied in 17 block(s)
csr_matrix_base::write_matrix_to_file will be deprecated in the future.
	 #3 (1.9185e-02, 8.5565e-02): lin 1 (0.0e+00)
Composition correction applied in 17 block(s)
csr_matrix_base::write_matrix_to_file will be deprecated in the future.
	 #4 (1.9185e-02, 8.5565e-02): lin 1 (0.0e+00)
Composition correction applied in 17 block(s)
csr_matrix_base::write_matrix_to_file will be deprecated in the future.
	 #5 (1.9185e-02, 8.5565e-02): lin 1 (0.0e+00)
Composition correction applied in 17 block(s)
csr_matrix_base::write_matrix_to_file will be deprecated in the future.
FAILED TO CONVERGE WITH DT = 0.002 (newton residual reservoir) 
csr_matrix_base::write_matrix_to_file will be deprecated in the future.
csr_matrix_base::write_matrix_to_file will be deprecated in the future.
	 #1 (9.2545e-05, 2.6159e-05): lin 1 (0.0e+00)
Composition correction applied in 7 block(s)
csr_matrix_base::write_matrix_to_file will be deprecated in the future.
csr_matrix_base::write_matrix_to_file will be deprecated in the future.
-------------------------------------------------------------------------------------------------------------
 T = 1.803, DT = 0.001, NI = 1, LI = 1, RES = 2.2e-09 (2.2e-07), CFL=0.170 (ELAPSED 00:00:13 )
-------------------------------------------------------------------------------------------------------------
csr_matrix_base::write_matrix_to_file will be deprecated in the future.
	 #1 (1.2156e-02, 4.4059e-02): lin 1 (0.0e+00)
Composition correction applied in 16 block(s)
csr_matrix_base::write_matrix_to_file will be deprecated in the future.
-------------------------------------------------------------------------------------------------------------
 T = 1.803, DT = 0.001, NI = 1, LI = 1, RES = 9.5e-03 (4.3e-02), CFL=0.169 (ELAPSED 00:00:27 )
-------------------------------------------------------------------------------------------------------------
csr_matrix_base::write_matrix_to_file will be deprecated in the future.
csr_matrix_base::write_matrix_to_file will be deprecated in the future.
	 #1 (6.8898e-04, 5.5598e-04): lin 1 (0.0e+00)
Composition correction applied in 7 block(s)
csr_matrix_base::write_matrix_to_file will be deprecated in the future.
csr_matrix_base::write_matrix_to_file will be deprecated in the future.
-------------------------------------------------------------------------------------------------------------
 T = 1.805, DT = 0.002, NI = 1, LI = 1, RES = 4.0e-09 (4.0e-07), CFL=0.341 (ELAPSED 00:00:13 )
-------------------------------------------------------------------------------------------------------------
csr_matrix_base::write_matrix_to_file will be deprecated in the future.
	 #1 (2.4320e-02, 8.8428e-02): lin 1 (0.0e+00)
Composition correction applied in 18 block(s)
csr_matrix_base::write_matrix_to_file will be deprecated in the future.
	 #2 (1.9161e-02, 8.6467e-02): lin 1 (0.0e+00)
Composition correction applied in 18 block(s)
csr_matrix_base::write_matrix_to_file will be deprecated in the future.
	 #3 (1.9028e-02, 8.6471e-02): lin 1 (0.0e+00)
Composition correction applied in 18 block(s)
csr_matrix_base::write_matrix_to_file will be deprecated in the future.
	 #4 (1.9028e-02, 8.6471e-02): lin 1 (0.0e+00)
Composition correction applied in 18 block(s)
csr_matrix_base::write_matrix_to_file will be deprecated in the future.
	 #5 (1.9028e-02, 8.6471e-02): lin 1 (0.0e+00)
Composition correction applied in 18 block(s)
csr_matrix_base::write_matrix_to_file will be deprecated in the future.
FAILED TO CONVERGE WITH DT = 0.002 (newton residual reservoir) 
csr_matrix_base::write_matrix_to_file will be deprecated in the future.
csr_matrix_base::write_matrix_to_file will be deprecated in the future.
	 #1 (9.1569e-05, 2.5427e-05): lin 1 (0.0e+00)
Composition correction applied in 6 block(s)
csr_matrix_base::write_matrix_to_file will be deprecated in the future.
csr_matrix_base::write_matrix_to_file will be deprecated in the future.
-------------------------------------------------------------------------------------------------------------
 T = 1.804, DT = 0.001, NI = 1, LI = 1, RES = 2.2e-09 (2.3e-07), CFL=0.171 (ELAPSED 00:00:13 )
-------------------------------------------------------------------------------------------------------------
csr_matrix_base::write_matrix_to_file will be deprecated in the future.
	 #1 (1.2076e-02, 4.4141e-02): lin 1 (0.0e+00)
Composition correction applied in 17 block(s)
csr_matrix_base::write_matrix_to_file will be deprecated in the future.
-------------------------------------------------------------------------------------------------------------
 T = 1.804, DT = 0.001, NI = 1, LI = 1, RES = 9.4e-03 (4.3e-02), CFL=0.169 (ELAPSED 00:00:27 )
-------------------------------------------------------------------------------------------------------------
csr_matrix_base::write_matrix_to_file will be deprecated in the future.
csr_matrix_base::write_matrix_to_file will be deprecated in the future.
	 #1 (6.8092e-04, 2.0834e-04): lin 1 (0.0e+00)
Composition correction applied in 6 block(s)
csr_matrix_base::write_matrix_to_file will be deprecated in the future.
csr_matrix_base::write_matrix_to_file will be deprecated in the future.
-------------------------------------------------------------------------------------------------------------
 T = 1.806, DT = 0.002, NI = 1, LI = 1, RES = 3.7e-09 (4.1e-07), CFL=0.342 (ELAPSED 00:00:13 )
-------------------------------------------------------------------------------------------------------------
csr_matrix_base::write_matrix_to_file will be deprecated in the future.
	 #1 (2.4163e-02, 8.8138e-02): lin 1 (0.0e+00)
Composition correction applied in 19 block(s)
csr_matrix_base::write_matrix_to_file will be deprecated in the future.
	 #2 (1.8960e-02, 8.5631e-02): lin 1 (0.0e+00)
Composition correction applied in 19 block(s)
csr_matrix_base::write_matrix_to_file will be deprecated in the future.
	 #3 (1.8886e-02, 8.5633e-02): lin 1 (0.0e+00)
Composition correction applied in 19 block(s)
csr_matrix_base::write_matrix_to_file will be deprecated in the future.
	 #4 (1.8886e-02, 8.5633e-02): lin 1 (0.0e+00)
Composition correction applied in 19 block(s)
csr_matrix_base::write_matrix_to_file will be deprecated in the future.
	 #5 (1.8886e-02, 8.5633e-02): lin 1 (0.0e+00)
Composition correction applied in 19 block(s)
csr_matrix_base::write_matrix_to_file will be deprecated in the future.
FAILED TO CONVERGE WITH DT = 0.002 (newton residual reservoir) 
csr_matrix_base::write_matrix_to_file will be deprecated in the future.
csr_matrix_base::write_matrix_to_file will be deprecated in the future.
	 #1 (9.0654e-05, 2.6216e-05): lin 1 (0.0e+00)
Composition correction applied in 6 block(s)
csr_matrix_base::write_matrix_to_file will be deprecated in the future.
csr_matrix_base::write_matrix_to_file will be deprecated in the future.
-------------------------------------------------------------------------------------------------------------
 T = 1.805, DT = 0.001, NI = 1, LI = 1, RES = 2.3e-09 (2.4e-07), CFL=0.171 (ELAPSED 00:00:13 )
-------------------------------------------------------------------------------------------------------------
csr_matrix_base::write_matrix_to_file will be deprecated in the future.
	 #1 (1.1998e-02, 4.3994e-02): lin 1 (0.0e+00)
Composition correction applied in 18 block(s)
csr_matrix_base::write_matrix_to_file will be deprecated in the future.
-------------------------------------------------------------------------------------------------------------
 T = 1.805, DT = 0.001, NI = 1, LI = 1, RES = 9.3e-03 (4.3e-02), CFL=0.169 (ELAPSED 00:00:27 )
-------------------------------------------------------------------------------------------------------------
csr_matrix_base::write_matrix_to_file will be deprecated in the future.
csr_matrix_base::write_matrix_to_file will be deprecated in the future.
	 #1 (6.8753e-04, 3.1533e-04): lin 1 (0.0e+00)
Composition correction applied in 9 block(s)
csr_matrix_base::write_matrix_to_file will be deprecated in the future.
csr_matrix_base::write_matrix_to_file will be deprecated in the future.
-------------------------------------------------------------------------------------------------------------
 T = 1.807, DT = 0.002, NI = 1, LI = 1, RES = 3.4e-09 (4.4e-07), CFL=0.342 (ELAPSED 00:00:13 )
-------------------------------------------------------------------------------------------------------------
csr_matrix_base::write_matrix_to_file will be deprecated in the future.
	 #1 (2.4014e-02, 8.8156e-02): lin 1 (0.0e+00)
Composition correction applied in 20 block(s)
csr_matrix_base::write_matrix_to_file will be deprecated in the future.
	 #2 (1.8851e-02, 8.5978e-02): lin 1 (0.0e+00)
Composition correction applied in 20 block(s)
csr_matrix_base::write_matrix_to_file will be deprecated in the future.
	 #3 (1.8759e-02, 8.5980e-02): lin 1 (0.0e+00)
Composition correction applied in 20 block(s)
csr_matrix_base::write_matrix_to_file will be deprecated in the future.
	 #4 (1.8759e-02, 8.5980e-02): lin 1 (0.0e+00)
Composition correction applied in 20 block(s)
csr_matrix_base::write_matrix_to_file will be deprecated in the future.
	 #5 (1.8759e-02, 8.5980e-02): lin 1 (0.0e+00)
Composition correction applied in 20 block(s)
csr_matrix_base::write_matrix_to_file will be deprecated in the future.
FAILED TO CONVERGE WITH DT = 0.002 (newton residual reservoir) 
csr_matrix_base::write_matrix_to_file will be deprecated in the future.
csr_matrix_base::write_matrix_to_file will be deprecated in the future.
	 #1 (9.1234e-05, 2.5959e-05): lin 1 (0.0e+00)
Composition correction applied in 9 block(s)
csr_matrix_base::write_matrix_to_file will be deprecated in the future.
csr_matrix_base::write_matrix_to_file will be deprecated in the future.
-------------------------------------------------------------------------------------------------------------
 T = 1.806, DT = 0.001, NI = 1, LI = 1, RES = 2.3e-09 (2.5e-07), CFL=0.171 (ELAPSED 00:00:13 )
-------------------------------------------------------------------------------------------------------------
csr_matrix_base::write_matrix_to_file will be deprecated in the future.
	 #1 (1.1922e-02, 4.4003e-02): lin 1 (0.0e+00)
Composition correction applied in 19 block(s)
csr_matrix_base::write_matrix_to_file will be deprecated in the future.
-------------------------------------------------------------------------------------------------------------
 T = 1.806, DT = 0.001, NI = 1, LI = 1, RES = 9.3e-03 (4.3e-02), CFL=0.169 (ELAPSED 00:00:27 )
-------------------------------------------------------------------------------------------------------------
csr_matrix_base::write_matrix_to_file will be deprecated in the future.
csr_matrix_base::write_matrix_to_file will be deprecated in the future.
	 #1 (6.8126e-04, 3.7157e-05): lin 1 (0.0e+00)
Composition correction applied in 8 block(s)
csr_matrix_base::write_matrix_to_file will be deprecated in the future.
csr_matrix_base::write_matrix_to_file will be deprecated in the future.
-------------------------------------------------------------------------------------------------------------
 T = 1.808, DT = 0.002, NI = 1, LI = 1, RES = 3.2e-09 (4.4e-07), CFL=0.343 (ELAPSED 00:00:13 )
-------------------------------------------------------------------------------------------------------------
csr_matrix_base::write_matrix_to_file will be deprecated in the future.
	 #1 (2.3871e-02, 8.7963e-02): lin 1 (0.0e+00)
Composition correction applied in 20 block(s)
csr_matrix_base::write_matrix_to_file will be deprecated in the future.
	 #2 (1.8765e-02, 8.5527e-02): lin 1 (0.0e+00)
Composition correction applied in 20 block(s)
csr_matrix_base::write_matrix_to_file will be deprecated in the future.
	 #3 (1.8647e-02, 8.5530e-02): lin 1 (0.0e+00)
Composition correction applied in 20 block(s)
csr_matrix_base::write_matrix_to_file will be deprecated in the future.
	 #4 (1.8647e-02, 8.5530e-02): lin 1 (0.0e+00)
Composition correction applied in 20 block(s)
csr_matrix_base::write_matrix_to_file will be deprecated in the future.
	 #5 (1.8647e-02, 8.5530e-02): lin 1 (0.0e+00)
Composition correction applied in 20 block(s)
csr_matrix_base::write_matrix_to_file will be deprecated in the future.
FAILED TO CONVERGE WITH DT = 0.002 (newton residual reservoir) 
csr_matrix_base::write_matrix_to_file will be deprecated in the future.
csr_matrix_base::write_matrix_to_file will be deprecated in the future.
	 #1 (9.0606e-05, 2.6431e-05): lin 1 (0.0e+00)
Composition correction applied in 7 block(s)
csr_matrix_base::write_matrix_to_file will be deprecated in the future.
csr_matrix_base::write_matrix_to_file will be deprecated in the future.
-------------------------------------------------------------------------------------------------------------
 T = 1.807, DT = 0.001, NI = 1, LI = 1, RES = 2.4e-09 (2.6e-07), CFL=0.171 (ELAPSED 00:00:13 )
-------------------------------------------------------------------------------------------------------------
csr_matrix_base::write_matrix_to_file will be deprecated in the future.
	 #1 (1.1852e-02, 4.3905e-02): lin 1 (0.0e+00)
Composition correction applied in 20 block(s)
csr_matrix_base::write_matrix_to_file will be deprecated in the future.
-------------------------------------------------------------------------------------------------------------
 T = 1.807, DT = 0.001, NI = 1, LI = 1, RES = 9.2e-03 (4.3e-02), CFL=0.169 (ELAPSED 00:00:27 )
-------------------------------------------------------------------------------------------------------------
csr_matrix_base::write_matrix_to_file will be deprecated in the future.
csr_matrix_base::write_matrix_to_file will be deprecated in the future.
	 #1 (6.7408e-04, 1.9606e-04): lin 1 (0.0e+00)
Composition correction applied in 5 block(s)
csr_matrix_base::write_matrix_to_file will be deprecated in the future.
csr_matrix_base::write_matrix_to_file will be deprecated in the future.
-------------------------------------------------------------------------------------------------------------
 T = 1.809, DT = 0.002, NI = 1, LI = 1, RES = 3.1e-09 (4.3e-07), CFL=0.344 (ELAPSED 00:00:13 )
-------------------------------------------------------------------------------------------------------------
csr_matrix_base::write_matrix_to_file will be deprecated in the future.
	 #1 (2.3738e-02, 8.7904e-02): lin 1 (0.0e+00)
Composition correction applied in 21 block(s)
csr_matrix_base::write_matrix_to_file will be deprecated in the future.
	 #2 (1.8631e-02, 8.5608e-02): lin 1 (0.0e+00)
Composition correction applied in 21 block(s)
csr_matrix_base::write_matrix_to_file will be deprecated in the future.
	 #3 (1.8552e-02, 8.5617e-02): lin 1 (0.0e+00)
Composition correction applied in 21 block(s)
csr_matrix_base::write_matrix_to_file will be deprecated in the future.
	 #4 (1.8552e-02, 8.5617e-02): lin 1 (0.0e+00)
Composition correction applied in 21 block(s)
csr_matrix_base::write_matrix_to_file will be deprecated in the future.
