0.001,129.7268723047481,118.86367596639211,108.13368392059496,97.51614094365463,86.99050932419998,140.0,139.99752445041514,50.0,50.008913895805
0.002,134.6028077597575,121.22328661365593,110.32874840477692,99.43514726265619,88.54221655460503,140.0,139.99869939625515,50.0,50.00929139715474
0.003,134.40676750384168,120.910189029882,110.06763146124793,99.22377432142302,88.37864122735118,140.0,139.9986521560224,50.0,50.009251948139905
0.004,135.00200585703772,127.50216171083675,114.40469268283888,101.53251809830736,90.1783572782292,140.0,139.99879559505064,50.0,50.009685981808296
0.005,134.98592350082905,130.1255293771213,122.37363367246815,111.4338079186304,98.18662868520816,140.0,139.9987917195684,50.0,50.01168259417878
0.006,131.522764948066,126.62846940737772,119.29760673764265,109.90021668295067,98.41657284105457,140.0,139.99795717721892,50.0,50.01189200781007
0.007,125.12595568450159,120.73228120769085,113.33918732008054,104.07231847177155,93.26586902158698,140.0,139.9964156950597,50.0,50.01068918623883
0.007,125.12595568450159,120.73228120769085,113.33918732008054,104.07231847177155,93.26586902158698,140.0,139.9964156950597,50.0,50.01068918623883
0.007,125.12595568450159,120.73228120769085,113.33918732008054,104.07231847177155,93.26586902158698,140.0,139.9964156950597,50.0,50.01068918623883
0.008,122.1456243266259,117.017905719265,111.31113521764019,102.38251081377399,91.86769929060159,140.0,139.99569750598832,50.0,50.010365916163494
0.009000000000000001,116.57651991100498,109.816355110741,102.997500122309,96.02647834569844,88.48463541283283,140.0,139.99435548652295,50.0,50.009560001640615
0.010000000000000002,112.18285561441525,104.12400558857604,96.0055718788311,87.82606953861581,79.57745180276423,140.0,139.99329672192636,50.0,50.007328618013915
0.011000000000000003,112.11805679118245,104.04050543769114,95.90379700414225,87.70661448565434,79.4475916845424,140.0,139.99328110702425,50.0,50.00729532473409
0.012000000000000004,112.11800589927078,104.04044345202853,95.90372903263882,87.70654708181101,79.44753261474146,140.0,139.99328109476056,50.0,50.00729530970102
0.013000000000000005,112.11800585574713,104.04044339719266,95.90372896858644,87.70654701215392,79.44753254700011,140.0,139.99328109475007,50.0,50.007295309683705
0.014000000000000005,112.1180058556552,104.0404433970742,95.90372896844273,87.7065470119899,79.44753254683266,140.0,139.99328109475005,50.0,50.007295309683656
0.015000000000000006,112.11800585565494,104.04044339707386,95.90372896844231,87.70654701198941,79.44753254683216,140.0,139.99328109475005,50.0,50.007295309683656
0.016000000000000007,112.11800585565494,104.04044339707386,95.90372896844231,87.70654701198941,79.44753254683216,140.0,139.99328109475005,50.0,50.007295309683656
0.017000000000000008,112.11800585565494,104.04044339707386,95.90372896844231,87.70654701198941,79.44753254683216,140.0,139.99328109475005,50.0,50.007295309683656
0.01800000000000001,112.11800585565494,104.04044339707386,95.90372896844231,87.70654701198941,79.44753254683216,140.0,139.99328109475005,50.0,50.007295309683656
0.01900000000000001,112.11800585565494,104.04044339707386,95.90372896844231,87.70654701198941,79.44753254683216,140.0,139.99328109475005,50.0,50.007295309683656
0.02000000000000001,112.11800585565494,104.04044339707386,95.90372896844231,87.70654701198941,79.44753254683216,140.0,139.99328109475005,50.0,50.007295309683656
0.02100000000000001,112.11800585565494,104.04044339707386,95.90372896844231,87.70654701198941,79.44753254683216,140.0,139.99328109475005,50.0,50.007295309683656
0.022000000000000013,112.11800585565494,104.04044339707386,95.90372896844231,87.70654701198941,79.44753254683216,140.0,139.99328109475005,50.0,50.007295309683656
0.023000000000000013,112.11800585565494,104.04044339707386,95.90372896844231,87.70654701198941,79.44753254683216,140.0,139.99328109475005,50.0,50.007295309683656
0.024000000000000014,112.11800585565494,104.04044339707386,95.90372896844231,87.70654701198941,79.44753254683216,140.0,139.99328109475005,50.0,50.007295309683656
0.025000000000000015,112.11800585565494,104.04044339707386,95.90372896844231,87.70654701198941,79.44753254683216,140.0,139.99328109475005,50.0,50.007295309683656
0.026000000000000016,112.11800585565494,104.04044339707386,95.90372896844231,87.70654701198941,79.44753254683216,140.0,139.99328109475005,50.0,50.007295309683656
0.027000000000000017,112.11800585565494,104.04044339707386,95.90372896844231,87.70654701198941,79.44753254683216,140.0,139.99328109475005,50.0,50.007295309683656
0.028000000000000018,112.11800585565494,104.04044339707386,95.90372896844231,87.70654701198941,79.44753254683216,140.0,139.99328109475005,50.0,50.007295309683656
0.02900000000000002,112.11800585565494,104.04044339707386,95.90372896844231,87.70654701198941,79.44753254683216,140.0,139.99328109475005,50.0,50.007295309683656
0.03000000000000002,112.11800585565494,104.04044339707386,95.90372896844231,87.70654701198941,79.44753254683216,140.0,139.99328109475005,50.0,50.007295309683656
0.03100000000000002,112.11800585565494,104.04044339707386,95.90372896844231,87.70654701198941,79.44753254683216,140.0,139.99328109475005,50.0,50.007295309683656
0.03200000000000002,112.11800585565494,104.04044339707386,95.90372896844231,87.70654701198941,79.44753254683216,140.0,139.99328109475005,50.0,50.007295309683656
0.03300000000000002,112.11800585565494,104.04044339707386,95.90372896844231,87.70654701198941,79.44753254683216,140.0,139.99328109475005,50.0,50.007295309683656
0.03400000000000002,112.11800585565494,104.04044339707386,95.90372896844231,87.70654701198941,79.44753254683216,140.0,139.99328109475005,50.0,50.007295309683656
0.035000000000000024,112.11800585565494,104.04044339707386,95.90372896844231,87.70654701198941,79.44753254683216,140.0,139.99328109475005,50.0,50.007295309683656
0.036000000000000025,112.11800585565494,104.04044339707386,95.90372896844231,87.70654701198941,79.44753254683216,140.0,139.99328109475005,50.0,50.007295309683656
0.037000000000000026,112.11800585565494,104.04044339707386,95.90372896844231,87.70654701198941,79.44753254683216,140.0,139.99328109475005,50.0,50.007295309683656
0.03800000000000003,112.11800585565494,104.04044339707386,95.90372896844231,87.70654701198941,79.44753254683216,140.0,139.99328109475005,50.0,50.007295309683656
0.03900000000000003,112.11800585565494,104.04044339707386,95.90372896844231,87.70654701198941,79.44753254683216,140.0,139.99328109475005,50.0,50.007295309683656
0.04000000000000003,112.11800585565494,104.04044339707386,95.90372896844231,87.70654701198941,79.44753254683216,140.0,139.99328109475005,50.0,50.007295309683656
0.04100000000000003,112.11800585565494,104.04044339707386,95.90372896844231,87.70654701198941,79.44753254683216,140.0,139.99328109475005,50.0,50.007295309683656
0.04200000000000003,112.11800585565494,104.04044339707386,95.90372896844231,87.70654701198941,79.44753254683216,140.0,139.99328109475005,50.0,50.007295309683656
0.04300000000000003,112.11800585565494,104.04044339707386,95.90372896844231,87.70654701198941,79.44753254683216,140.0,139.99328109475005,50.0,50.007295309683656
0.04400000000000003,112.11800585565494,104.04044339707386,95.90372896844231,87.70654701198941,79.44753254683216,140.0,139.99328109475005,50.0,50.007295309683656
0.04500000000000003,112.11800585565494,104.04044339707386,95.90372896844231,87.70654701198941,79.44753254683216,140.0,139.99328109475005,50.0,50.007295309683656
0.046000000000000034,112.11800585565494,104.04044339707386,95.90372896844231,87.70654701198941,79.44753254683216,140.0,139.99328109475005,50.0,50.007295309683656
0.047000000000000035,112.11800585565494,104.04044339707386,95.90372896844231,87.70654701198941,79.44753254683216,140.0,139.99328109475005,50.0,50.007295309683656
0.048000000000000036,112.11800585565494,104.04044339707386,95.90372896844231,87.70654701198941,79.44753254683216,140.0,139.99328109475005,50.0,50.007295309683656
0.04900000000000004,112.11800585565494,104.04044339707386,95.90372896844231,87.70654701198941,79.44753254683216,140.0,139.99328109475005,50.0,50.007295309683656
0.05000000000000004,112.11800585565494,104.04044339707386,95.90372896844231,87.70654701198941,79.44753254683216,140.0,139.99328109475005,50.0,50.007295309683656
0.05100000000000004,112.11800585565494,104.04044339707386,95.90372896844231,87.70654701198941,79.44753254683216,140.0,139.99328109475005,50.0,50.007295309683656
0.05200000000000004,112.11800585565494,104.04044339707386,95.90372896844231,87.70654701198941,79.44753254683216,140.0,139.99328109475005,50.0,50.007295309683656
0.05300000000000004,112.11800585565494,104.04044339707386,95.90372896844231,87.70654701198941,79.44753254683216,140.0,139.99328109475005,50.0,50.007295309683656
0.05400000000000004,112.11800585565494,104.04044339707386,95.90372896844231,87.70654701198941,79.44753254683216,140.0,139.99328109475005,50.0,50.007295309683656
0.05500000000000004,112.11800585565494,104.04044339707386,95.90372896844231,87.70654701198941,79.44753254683216,140.0,139.99328109475005,50.0,50.007295309683656
0.05600000000000004,112.11800585565494,104.04044339707386,95.90372896844231,87.70654701198941,79.44753254683216,140.0,139.99328109475005,50.0,50.007295309683656
0.057000000000000044,112.11800585565494,104.04044339707386,95.90372896844231,87.70654701198941,79.44753254683216,140.0,139.99328109475005,50.0,50.007295309683656
0.058000000000000045,112.11800585565494,104.04044339707386,95.90372896844231,87.70654701198941,79.44753254683216,140.0,139.99328109475005,50.0,50.007295309683656
0.059000000000000045,112.11800585565494,104.04044339707386,95.90372896844231,87.70654701198941,79.44753254683216,140.0,139.99328109475005,50.0,50.007295309683656
0.060000000000000046,112.11800585565494,104.04044339707386,95.90372896844231,87.70654701198941,79.44753254683216,140.0,139.99328109475005,50.0,50.007295309683656
0.06100000000000005,112.11800585565494,104.04044339707386,95.90372896844231,87.70654701198941,79.44753254683216,140.0,139.99328109475005,50.0,50.007295309683656
0.06200000000000005,112.11800585565494,104.04044339707386,95.90372896844231,87.70654701198941,79.44753254683216,140.0,139.99328109475005,50.0,50.007295309683656
0.06300000000000004,112.11800585565494,104.04044339707386,95.90372896844231,87.70654701198941,79.44753254683216,140.0,139.99328109475005,50.0,50.007295309683656
0.06400000000000004,112.11800585565494,104.04044339707386,95.90372896844231,87.70654701198941,79.44753254683216,140.0,139.99328109475005,50.0,50.007295309683656
0.06500000000000004,112.11800585565494,104.04044339707386,95.90372896844231,87.70654701198941,79.44753254683216,140.0,139.99328109475005,50.0,50.007295309683656
0.06600000000000004,112.11800585565494,104.04044339707386,95.90372896844231,87.70654701198941,79.44753254683216,140.0,139.99328109475005,50.0,50.007295309683656
0.06700000000000005,112.11800585565494,104.04044339707386,95.90372896844231,87.70654701198941,79.44753254683216,140.0,139.99328109475005,50.0,50.007295309683656
0.06800000000000005,112.11800585565494,104.04044339707386,95.90372896844231,87.70654701198941,79.44753254683216,140.0,139.99328109475005,50.0,50.007295309683656
0.06900000000000005,112.11800585565494,104.04044339707386,95.90372896844231,87.70654701198941,79.44753254683216,140.0,139.99328109475005,50.0,50.007295309683656
0.07000000000000005,112.11800585565494,104.04044339707386,95.90372896844231,87.70654701198941,79.44753254683216,140.0,139.99328109475005,50.0,50.007295309683656
0.07100000000000005,112.11800585565494,104.04044339707386,95.90372896844231,87.70654701198941,79.44753254683216,140.0,139.99328109475005,50.0,50.007295309683656
0.07200000000000005,112.11800585565494,104.04044339707386,95.90372896844231,87.70654701198941,79.44753254683216,140.0,139.99328109475005,50.0,50.007295309683656
0.07300000000000005,112.11800585565494,104.04044339707386,95.90372896844231,87.70654701198941,79.44753254683216,140.0,139.99328109475005,50.0,50.007295309683656
0.07400000000000005,112.11800585565494,104.04044339707386,95.90372896844231,87.70654701198941,79.44753254683216,140.0,139.99328109475005,50.0,50.007295309683656
0.07500000000000005,112.11800585565494,104.04044339707386,95.90372896844231,87.70654701198941,79.44753254683216,140.0,139.99328109475005,50.0,50.007295309683656
0.07600000000000005,112.11800585565494,104.04044339707386,95.90372896844231,87.70654701198941,79.44753254683216,140.0,139.99328109475005,50.0,50.007295309683656
0.07700000000000005,112.11800585565494,104.04044339707386,95.90372896844231,87.70654701198941,79.44753254683216,140.0,139.99328109475005,50.0,50.007295309683656
0.07800000000000006,112.11800585565494,104.04044339707386,95.90372896844231,87.70654701198941,79.44753254683216,140.0,139.99328109475005,50.0,50.007295309683656
0.07900000000000006,112.11800585565494,104.04044339707386,95.90372896844231,87.70654701198941,79.44753254683216,140.0,139.99328109475005,50.0,50.007295309683656
0.08000000000000006,112.11800585565494,104.04044339707386,95.90372896844231,87.70654701198941,79.44753254683216,140.0,139.99328109475005,50.0,50.007295309683656
0.08100000000000006,112.11800585565494,104.04044339707386,95.90372896844231,87.70654701198941,79.44753254683216,140.0,139.99328109475005,50.0,50.007295309683656
0.08200000000000006,112.11800585565494,104.04044339707386,95.90372896844231,87.70654701198941,79.44753254683216,140.0,139.99328109475005,50.0,50.007295309683656
0.08300000000000006,112.11800585565494,104.04044339707386,95.90372896844231,87.70654701198941,79.44753254683216,140.0,139.99328109475005,50.0,50.007295309683656
0.08400000000000006,112.11800585565494,104.04044339707386,95.90372896844231,87.70654701198941,79.44753254683216,140.0,139.99328109475005,50.0,50.007295309683656
0.08500000000000006,112.11800585565494,104.04044339707386,95.90372896844231,87.70654701198941,79.44753254683216,140.0,139.99328109475005,50.0,50.007295309683656
0.08600000000000006,112.11800585565494,104.04044339707386,95.90372896844231,87.70654701198941,79.44753254683216,140.0,139.99328109475005,50.0,50.007295309683656
0.08700000000000006,112.11800585565494,104.04044339707386,95.90372896844231,87.70654701198941,79.44753254683216,140.0,139.99328109475005,50.0,50.007295309683656
0.08800000000000006,112.11800585565494,104.04044339707386,95.90372896844231,87.70654701198941,79.44753254683216,140.0,139.99328109475005,50.0,50.007295309683656
0.08900000000000007,112.11800585565494,104.04044339707386,95.90372896844231,87.70654701198941,79.44753254683216,140.0,139.99328109475005,50.0,50.007295309683656
0.09000000000000007,112.11800585565494,104.04044339707386,95.90372896844231,87.70654701198941,79.44753254683216,140.0,139.99328109475005,50.0,50.007295309683656
0.09100000000000007,112.11800585565494,104.04044339707386,95.90372896844231,87.70654701198941,79.44753254683216,140.0,139.99328109475005,50.0,50.007295309683656
0.09200000000000007,112.11800585565494,104.04044339707386,95.90372896844231,87.70654701198941,79.44753254683216,140.0,139.99328109475005,50.0,50.007295309683656
0.09300000000000007,112.11800585565494,104.04044339707386,95.90372896844231,87.70654701198941,79.44753254683216,140.0,139.99328109475005,50.0,50.007295309683656
0.09400000000000007,112.11800585565494,104.04044339707386,95.90372896844231,87.70654701198941,79.44753254683216,140.0,139.99328109475005,50.0,50.007295309683656
0.09500000000000007,112.11800585565494,104.04044339707386,95.90372896844231,87.70654701198941,79.44753254683216,140.0,139.99328109475005,50.0,50.007295309683656
0.09600000000000007,112.11800585565494,104.04044339707386,95.90372896844231,87.70654701198941,79.44753254683216,140.0,139.99328109475005,50.0,50.007295309683656
0.09700000000000007,112.11800585565494,104.04044339707386,95.90372896844231,87.70654701198941,79.44753254683216,140.0,139.99328109475005,50.0,50.007295309683656
0.09800000000000007,112.11800585565494,104.04044339707386,95.90372896844231,87.70654701198941,79.44753254683216,140.0,139.99328109475005,50.0,50.007295309683656
0.09900000000000007,112.11800585565494,104.04044339707386,95.90372896844231,87.70654701198941,79.44753254683216,140.0,139.99328109475005,50.0,50.007295309683656
0.10000000000000007,112.11800585565494,104.04044339707386,95.90372896844231,87.70654701198941,79.44753254683216,140.0,139.99328109475005,50.0,50.007295309683656
0.10100000000000008,112.11800585565494,104.04044339707386,95.90372896844231,87.70654701198941,79.44753254683216,140.0,139.99328109475005,50.0,50.007295309683656
0.10200000000000008,112.11800585565494,104.04044339707386,95.90372896844231,87.70654701198941,79.44753254683216,140.0,139.99328109475005,50.0,50.007295309683656
0.10300000000000008,112.11800585565494,104.04044339707386,95.90372896844231,87.70654701198941,79.44753254683216,140.0,139.99328109475005,50.0,50.007295309683656
0.10400000000000008,112.11800585565494,104.04044339707386,95.90372896844231,87.70654701198941,79.44753254683216,140.0,139.99328109475005,50.0,50.007295309683656
0.10500000000000008,112.11800585565494,104.04044339707386,95.90372896844231,87.70654701198941,79.44753254683216,140.0,139.99328109475005,50.0,50.007295309683656
0.10600000000000008,112.11800585565494,104.04044339707386,95.90372896844231,87.70654701198941,79.44753254683216,140.0,139.99328109475005,50.0,50.007295309683656
0.10700000000000008,112.11800585565494,104.04044339707386,95.90372896844231,87.70654701198941,79.44753254683216,140.0,139.99328109475005,50.0,50.007295309683656
0.10800000000000008,112.11800585565494,104.04044339707386,95.90372896844231,87.70654701198941,79.44753254683216,140.0,139.99328109475005,50.0,50.007295309683656
0.10900000000000008,112.11800585565494,104.04044339707386,95.90372896844231,87.70654701198941,79.44753254683216,140.0,139.99328109475005,50.0,50.007295309683656
0.11000000000000008,112.11800585565494,104.04044339707386,95.90372896844231,87.70654701198941,79.44753254683216,140.0,139.99328109475005,50.0,50.007295309683656
0.11100000000000008,112.11800585565494,104.04044339707386,95.90372896844231,87.70654701198941,79.44753254683216,140.0,139.99328109475005,50.0,50.007295309683656
0.11200000000000009,112.11800585565494,104.04044339707386,95.90372896844231,87.70654701198941,79.44753254683216,140.0,139.99328109475005,50.0,50.007295309683656
0.11300000000000009,112.11800585565494,104.04044339707386,95.90372896844231,87.70654701198941,79.44753254683216,140.0,139.99328109475005,50.0,50.007295309683656
0.11400000000000009,112.11800585565494,104.04044339707386,95.90372896844231,87.70654701198941,79.44753254683216,140.0,139.99328109475005,50.0,50.007295309683656
0.11500000000000009,112.11800585565494,104.04044339707386,95.90372896844231,87.70654701198941,79.44753254683216,140.0,139.99328109475005,50.0,50.007295309683656
0.11600000000000009,112.11800585565494,104.04044339707386,95.90372896844231,87.70654701198941,79.44753254683216,140.0,139.99328109475005,50.0,50.007295309683656
0.11700000000000009,112.11800585565494,104.04044339707386,95.90372896844231,87.70654701198941,79.44753254683216,140.0,139.99328109475005,50.0,50.007295309683656
0.11800000000000009,112.11800585565494,104.04044339707386,95.90372896844231,87.70654701198941,79.44753254683216,140.0,139.99328109475005,50.0,50.007295309683656
0.11900000000000009,112.11800585565494,104.04044339707386,95.90372896844231,87.70654701198941,79.44753254683216,140.0,139.99328109475005,50.0,50.007295309683656
0.12000000000000009,112.11800585565494,104.04044339707386,95.90372896844231,87.70654701198941,79.44753254683216,140.0,139.99328109475005,50.0,50.007295309683656
0.1210000000000001,112.11800585565494,104.04044339707386,95.90372896844231,87.70654701198941,79.44753254683216,140.0,139.99328109475005,50.0,50.007295309683656
0.1220000000000001,112.11800585565494,104.04044339707386,95.90372896844231,87.70654701198941,79.44753254683216,140.0,139.99328109475005,50.0,50.007295309683656
0.1230000000000001,112.11800585565494,104.04044339707386,95.90372896844231,87.70654701198941,79.44753254683216,140.0,139.99328109475005,50.0,50.007295309683656
0.1240000000000001,112.11800585565494,104.04044339707386,95.90372896844231,87.70654701198941,79.44753254683216,140.0,139.99328109475005,50.0,50.007295309683656
0.12500000000000008,112.11800585565494,104.04044339707386,95.90372896844231,87.70654701198941,79.44753254683216,140.0,139.99328109475005,50.0,50.007295309683656
0.12600000000000008,112.11800585565494,104.04044339707386,95.90372896844231,87.70654701198941,79.44753254683216,140.0,139.99328109475005,50.0,50.007295309683656
0.12700000000000009,112.11800585565494,104.04044339707386,95.90372896844231,87.70654701198941,79.44753254683216,140.0,139.99328109475005,50.0,50.007295309683656
0.12800000000000009,112.11800585565494,104.04044339707386,95.90372896844231,87.70654701198941,79.44753254683216,140.0,139.99328109475005,50.0,50.007295309683656
0.1290000000000001,112.11800585565494,104.04044339707386,95.90372896844231,87.70654701198941,79.44753254683216,140.0,139.99328109475005,50.0,50.007295309683656
0.1300000000000001,112.11800585565494,104.04044339707386,95.90372896844231,87.70654701198941,79.44753254683216,140.0,139.99328109475005,50.0,50.007295309683656
0.1310000000000001,112.11800585565494,104.04044339707386,95.90372896844231,87.70654701198941,79.44753254683216,140.0,139.99328109475005,50.0,50.007295309683656
0.1320000000000001,112.11800585565494,104.04044339707386,95.90372896844231,87.70654701198941,79.44753254683216,140.0,139.99328109475005,50.0,50.007295309683656
0.1330000000000001,112.11800585565494,104.04044339707386,95.90372896844231,87.70654701198941,79.44753254683216,140.0,139.99328109475005,50.0,50.007295309683656
0.1340000000000001,112.11800585565494,104.04044339707386,95.90372896844231,87.70654701198941,79.44753254683216,140.0,139.99328109475005,50.0,50.007295309683656
0.1350000000000001,112.11800585565494,104.04044339707386,95.90372896844231,87.70654701198941,79.44753254683216,140.0,139.99328109475005,50.0,50.007295309683656
0.1360000000000001,112.11800585565494,104.04044339707386,95.90372896844231,87.70654701198941,79.44753254683216,140.0,139.99328109475005,50.0,50.007295309683656
0.1370000000000001,112.11800585565494,104.04044339707386,95.90372896844231,87.70654701198941,79.44753254683216,140.0,139.99328109475005,50.0,50.007295309683656
0.1380000000000001,112.11800585565494,104.04044339707386,95.90372896844231,87.70654701198941,79.44753254683216,140.0,139.99328109475005,50.0,50.007295309683656
0.1390000000000001,112.11800585565494,104.04044339707386,95.90372896844231,87.70654701198941,79.44753254683216,140.0,139.99328109475005,50.0,50.007295309683656
0.1400000000000001,112.11800585565494,104.04044339707386,95.90372896844231,87.70654701198941,79.44753254683216,140.0,139.99328109475005,50.0,50.007295309683656
0.1410000000000001,112.11800585565494,104.04044339707386,95.90372896844231,87.70654701198941,79.44753254683216,140.0,139.99328109475005,50.0,50.007295309683656
0.1420000000000001,112.11800585565494,104.04044339707386,95.90372896844231,87.70654701198941,79.44753254683216,140.0,139.99328109475005,50.0,50.007295309683656
0.1430000000000001,112.11800585565494,104.04044339707386,95.90372896844231,87.70654701198941,79.44753254683216,140.0,139.99328109475005,50.0,50.007295309683656
0.1440000000000001,112.11800585565494,104.04044339707386,95.90372896844231,87.70654701198941,79.44753254683216,140.0,139.99328109475005,50.0,50.007295309683656
0.1450000000000001,112.11800585565494,104.04044339707386,95.90372896844231,87.70654701198941,79.44753254683216,140.0,139.99328109475005,50.0,50.007295309683656
0.1460000000000001,112.11800585565494,104.04044339707386,95.90372896844231,87.70654701198941,79.44753254683216,140.0,139.99328109475005,50.0,50.007295309683656
0.1470000000000001,112.11800585565494,104.04044339707386,95.90372896844231,87.70654701198941,79.44753254683216,140.0,139.99328109475005,50.0,50.007295309683656
0.1480000000000001,112.11800585565494,104.04044339707386,95.90372896844231,87.70654701198941,79.44753254683216,140.0,139.99328109475005,50.0,50.007295309683656
0.1490000000000001,112.11800585565494,104.04044339707386,95.90372896844231,87.70654701198941,79.44753254683216,140.0,139.99328109475005,50.0,50.007295309683656
0.1500000000000001,112.11800585565494,104.04044339707386,95.90372896844231,87.70654701198941,79.44753254683216,140.0,139.99328109475005,50.0,50.007295309683656
0.1510000000000001,112.11800585565494,104.04044339707386,95.90372896844231,87.70654701198941,79.44753254683216,140.0,139.99328109475005,50.0,50.007295309683656
0.1520000000000001,112.11800585565494,104.04044339707386,95.90372896844231,87.70654701198941,79.44753254683216,140.0,139.99328109475005,50.0,50.007295309683656
0.1530000000000001,112.11800585565494,104.04044339707386,95.90372896844231,87.70654701198941,79.44753254683216,140.0,139.99328109475005,50.0,50.007295309683656
0.1540000000000001,112.11800585565494,104.04044339707386,95.90372896844231,87.70654701198941,79.44753254683216,140.0,139.99328109475005,50.0,50.007295309683656
0.1550000000000001,112.11800585565494,104.04044339707386,95.90372896844231,87.70654701198941,79.44753254683216,140.0,139.99328109475005,50.0,50.007295309683656
0.1560000000000001,112.11800585565494,104.04044339707386,95.90372896844231,87.70654701198941,79.44753254683216,140.0,139.99328109475005,50.0,50.007295309683656
0.1570000000000001,112.11800585565494,104.04044339707386,95.90372896844231,87.70654701198941,79.44753254683216,140.0,139.99328109475005,50.0,50.007295309683656
0.1580000000000001,112.11800585565494,104.04044339707386,95.90372896844231,87.70654701198941,79.44753254683216,140.0,139.99328109475005,50.0,50.007295309683656
0.1590000000000001,112.11800585565494,104.04044339707386,95.90372896844231,87.70654701198941,79.44753254683216,140.0,139.99328109475005,50.0,50.007295309683656
0.16000000000000011,112.11800585565494,104.04044339707386,95.90372896844231,87.70654701198941,79.44753254683216,140.0,139.99328109475005,50.0,50.007295309683656
0.16100000000000012,112.11800585565494,104.04044339707386,95.90372896844231,87.70654701198941,79.44753254683216,140.0,139.99328109475005,50.0,50.007295309683656
0.16200000000000012,112.11800585565494,104.04044339707386,95.90372896844231,87.70654701198941,79.44753254683216,140.0,139.99328109475005,50.0,50.007295309683656
0.16300000000000012,112.11800585565494,104.04044339707386,95.90372896844231,87.70654701198941,79.44753254683216,140.0,139.99328109475005,50.0,50.007295309683656
0.16400000000000012,112.11800585565494,104.04044339707386,95.90372896844231,87.70654701198941,79.44753254683216,140.0,139.99328109475005,50.0,50.007295309683656
0.16500000000000012,112.11800585565494,104.04044339707386,95.90372896844231,87.70654701198941,79.44753254683216,140.0,139.99328109475005,50.0,50.007295309683656
0.16600000000000012,112.11800585565494,104.04044339707386,95.90372896844231,87.70654701198941,79.44753254683216,140.0,139.99328109475005,50.0,50.007295309683656
0.16700000000000012,112.11800585565494,104.04044339707386,95.90372896844231,87.70654701198941,79.44753254683216,140.0,139.99328109475005,50.0,50.007295309683656
0.16800000000000012,112.11800585565494,104.04044339707386,95.90372896844231,87.70654701198941,79.44753254683216,140.0,139.99328109475005,50.0,50.007295309683656
0.16900000000000012,112.11800585565494,104.04044339707386,95.90372896844231,87.70654701198941,79.44753254683216,140.0,139.99328109475005,50.0,50.007295309683656
0.17000000000000012,112.11800585565494,104.04044339707386,95.90372896844231,87.70654701198941,79.44753254683216,140.0,139.99328109475005,50.0,50.007295309683656
0.17100000000000012,112.11800585565494,104.04044339707386,95.90372896844231,87.70654701198941,79.44753254683216,140.0,139.99328109475005,50.0,50.007295309683656
0.17200000000000013,112.11800585565494,104.04044339707386,95.90372896844231,87.70654701198941,79.44753254683216,140.0,139.99328109475005,50.0,50.007295309683656
0.17300000000000013,112.11800585565494,104.04044339707386,95.90372896844231,87.70654701198941,79.44753254683216,140.0,139.99328109475005,50.0,50.007295309683656
0.17400000000000013,112.11800585565494,104.04044339707386,95.90372896844231,87.70654701198941,79.44753254683216,140.0,139.99328109475005,50.0,50.007295309683656
0.17500000000000013,112.11800585565494,104.04044339707386,95.90372896844231,87.70654701198941,79.44753254683216,140.0,139.99328109475005,50.0,50.007295309683656
0.17600000000000013,112.11800585565494,104.04044339707386,95.90372896844231,87.70654701198941,79.44753254683216,140.0,139.99328109475005,50.0,50.007295309683656
0.17700000000000013,112.11800585565494,104.04044339707386,95.90372896844231,87.70654701198941,79.44753254683216,140.0,139.99328109475005,50.0,50.007295309683656
0.17800000000000013,112.11800585565494,104.04044339707386,95.90372896844231,87.70654701198941,79.44753254683216,140.0,139.99328109475005,50.0,50.007295309683656
0.17900000000000013,112.11800585565494,104.04044339707386,95.90372896844231,87.70654701198941,79.44753254683216,140.0,139.99328109475005,50.0,50.007295309683656
0.18000000000000013,112.11800585565494,104.04044339707386,95.90372896844231,87.70654701198941,79.44753254683216,140.0,139.99328109475005,50.0,50.007295309683656
0.18100000000000013,112.11800585565494,104.04044339707386,95.90372896844231,87.70654701198941,79.44753254683216,140.0,139.99328109475005,50.0,50.007295309683656
0.18200000000000013,112.11800585565494,104.04044339707386,95.90372896844231,87.70654701198941,79.44753254683216,140.0,139.99328109475005,50.0,50.007295309683656
0.18300000000000013,112.11800585565494,104.04044339707386,95.90372896844231,87.70654701198941,79.44753254683216,140.0,139.99328109475005,50.0,50.007295309683656
0.18400000000000014,112.11800585565494,104.04044339707386,95.90372896844231,87.70654701198941,79.44753254683216,140.0,139.99328109475005,50.0,50.007295309683656
0.18500000000000014,112.11800585565494,104.04044339707386,95.90372896844231,87.70654701198941,79.44753254683216,140.0,139.99328109475005,50.0,50.007295309683656
0.18600000000000014,112.11800585565494,104.04044339707386,95.90372896844231,87.70654701198941,79.44753254683216,140.0,139.99328109475005,50.0,50.007295309683656
0.18700000000000014,112.11800585565494,104.04044339707386,95.90372896844231,87.70654701198941,79.44753254683216,140.0,139.99328109475005,50.0,50.007295309683656
0.18800000000000014,112.11800585565494,104.04044339707386,95.90372896844231,87.70654701198941,79.44753254683216,140.0,139.99328109475005,50.0,50.007295309683656
0.18900000000000014,112.11800585565494,104.04044339707386,95.90372896844231,87.70654701198941,79.44753254683216,140.0,139.99328109475005,50.0,50.007295309683656
0.19000000000000014,112.11800585565494,104.04044339707386,95.90372896844231,87.70654701198941,79.44753254683216,140.0,139.99328109475005,50.0,50.007295309683656
0.19100000000000014,112.11800585565494,104.04044339707386,95.90372896844231,87.70654701198941,79.44753254683216,140.0,139.99328109475005,50.0,50.007295309683656
0.19200000000000014,112.11800585565494,104.04044339707386,95.90372896844231,87.70654701198941,79.44753254683216,140.0,139.99328109475005,50.0,50.007295309683656
0.19300000000000014,112.11800585565494,104.04044339707386,95.90372896844231,87.70654701198941,79.44753254683216,140.0,139.99328109475005,50.0,50.007295309683656
0.19400000000000014,112.11800585565494,104.04044339707386,95.90372896844231,87.70654701198941,79.44753254683216,140.0,139.99328109475005,50.0,50.007295309683656
0.19500000000000015,112.11800585565494,104.04044339707386,95.90372896844231,87.70654701198941,79.44753254683216,140.0,139.99328109475005,50.0,50.007295309683656
0.19600000000000015,112.11800585565494,104.04044339707386,95.90372896844231,87.70654701198941,79.44753254683216,140.0,139.99328109475005,50.0,50.007295309683656
0.19700000000000015,112.11800585565494,104.04044339707386,95.90372896844231,87.70654701198941,79.44753254683216,140.0,139.99328109475005,50.0,50.007295309683656
0.19800000000000015,112.11800585565494,104.04044339707386,95.90372896844231,87.70654701198941,79.44753254683216,140.0,139.99328109475005,50.0,50.007295309683656
0.19900000000000015,112.11800585565494,104.04044339707386,95.90372896844231,87.70654701198941,79.44753254683216,140.0,139.99328109475005,50.0,50.007295309683656
0.20000000000000015,112.11800585565494,104.04044339707386,95.90372896844231,87.70654701198941,79.44753254683216,140.0,139.99328109475005,50.0,50.007295309683656
0.20100000000000015,112.11800585565494,104.04044339707386,95.90372896844231,87.70654701198941,79.44753254683216,140.0,139.99328109475005,50.0,50.007295309683656
0.20200000000000015,112.11800585565494,104.04044339707386,95.90372896844231,87.70654701198941,79.44753254683216,140.0,139.99328109475005,50.0,50.007295309683656
0.20300000000000015,112.11800585565494,104.04044339707386,95.90372896844231,87.70654701198941,79.44753254683216,140.0,139.99328109475005,50.0,50.007295309683656
0.20400000000000015,112.11800585565494,104.04044339707386,95.90372896844231,87.70654701198941,79.44753254683216,140.0,139.99328109475005,50.0,50.007295309683656
0.20500000000000015,112.11800585565494,104.04044339707386,95.90372896844231,87.70654701198941,79.44753254683216,140.0,139.99328109475005,50.0,50.007295309683656
0.20600000000000016,112.11800585565494,104.04044339707386,95.90372896844231,87.70654701198941,79.44753254683216,140.0,139.99328109475005,50.0,50.007295309683656
0.20700000000000016,112.11800585565494,104.04044339707386,95.90372896844231,87.70654701198941,79.44753254683216,140.0,139.99328109475005,50.0,50.007295309683656
0.20800000000000016,112.11800585565494,104.04044339707386,95.90372896844231,87.70654701198941,79.44753254683216,140.0,139.99328109475005,50.0,50.007295309683656
0.20900000000000016,112.11800585565494,104.04044339707386,95.90372896844231,87.70654701198941,79.44753254683216,140.0,139.99328109475005,50.0,50.007295309683656
0.21000000000000016,112.11800585565494,104.04044339707386,95.90372896844231,87.70654701198941,79.44753254683216,140.0,139.99328109475005,50.0,50.007295309683656
0.21100000000000016,112.11800585565494,104.04044339707386,95.90372896844231,87.70654701198941,79.44753254683216,140.0,139.99328109475005,50.0,50.007295309683656
0.21200000000000016,112.11800585565494,104.04044339707386,95.90372896844231,87.70654701198941,79.44753254683216,140.0,139.99328109475005,50.0,50.007295309683656
0.21300000000000016,112.11800585565494,104.04044339707386,95.90372896844231,87.70654701198941,79.44753254683216,140.0,139.99328109475005,50.0,50.007295309683656
0.21400000000000016,112.11800585565494,104.04044339707386,95.90372896844231,87.70654701198941,79.44753254683216,140.0,139.99328109475005,50.0,50.007295309683656
0.21500000000000016,112.11800585565494,104.04044339707386,95.90372896844231,87.70654701198941,79.44753254683216,140.0,139.99328109475005,50.0,50.007295309683656
0.21600000000000016,112.11800585565494,104.04044339707386,95.90372896844231,87.70654701198941,79.44753254683216,140.0,139.99328109475005,50.0,50.007295309683656
0.21700000000000016,112.11800585565494,104.04044339707386,95.90372896844231,87.70654701198941,79.44753254683216,140.0,139.99328109475005,50.0,50.007295309683656
0.21800000000000017,112.11800585565494,104.04044339707386,95.90372896844231,87.70654701198941,79.44753254683216,140.0,139.99328109475005,50.0,50.007295309683656
0.21900000000000017,112.11800585565494,104.04044339707386,95.90372896844231,87.70654701198941,79.44753254683216,140.0,139.99328109475005,50.0,50.007295309683656
0.22000000000000017,112.11800585565494,104.04044339707386,95.90372896844231,87.70654701198941,79.44753254683216,140.0,139.99328109475005,50.0,50.007295309683656
0.22100000000000017,112.11800585565494,104.04044339707386,95.90372896844231,87.70654701198941,79.44753254683216,140.0,139.99328109475005,50.0,50.007295309683656
0.22200000000000017,112.11800585565494,104.04044339707386,95.90372896844231,87.70654701198941,79.44753254683216,140.0,139.99328109475005,50.0,50.007295309683656
0.22300000000000017,112.11800585565494,104.04044339707386,95.90372896844231,87.70654701198941,79.44753254683216,140.0,139.99328109475005,50.0,50.007295309683656
0.22400000000000017,112.11800585565494,104.04044339707386,95.90372896844231,87.70654701198941,79.44753254683216,140.0,139.99328109475005,50.0,50.007295309683656
0.22500000000000017,112.11800585565494,104.04044339707386,95.90372896844231,87.70654701198941,79.44753254683216,140.0,139.99328109475005,50.0,50.007295309683656
0.22600000000000017,112.11800585565494,104.04044339707386,95.90372896844231,87.70654701198941,79.44753254683216,140.0,139.99328109475005,50.0,50.007295309683656
0.22700000000000017,112.11800585565494,104.04044339707386,95.90372896844231,87.70654701198941,79.44753254683216,140.0,139.99328109475005,50.0,50.007295309683656
0.22800000000000017,112.11800585565494,104.04044339707386,95.90372896844231,87.70654701198941,79.44753254683216,140.0,139.99328109475005,50.0,50.007295309683656
0.22900000000000018,112.11800585565494,104.04044339707386,95.90372896844231,87.70654701198941,79.44753254683216,140.0,139.99328109475005,50.0,50.007295309683656
0.23000000000000018,112.11800585565494,104.04044339707386,95.90372896844231,87.70654701198941,79.44753254683216,140.0,139.99328109475005,50.0,50.007295309683656
0.23100000000000018,112.11800585565494,104.04044339707386,95.90372896844231,87.70654701198941,79.44753254683216,140.0,139.99328109475005,50.0,50.007295309683656
0.23200000000000018,112.11800585565494,104.04044339707386,95.90372896844231,87.70654701198941,79.44753254683216,140.0,139.99328109475005,50.0,50.007295309683656
0.23300000000000018,112.11800585565494,104.04044339707386,95.90372896844231,87.70654701198941,79.44753254683216,140.0,139.99328109475005,50.0,50.007295309683656
0.23400000000000018,112.11800585565494,104.04044339707386,95.90372896844231,87.70654701198941,79.44753254683216,140.0,139.99328109475005,50.0,50.007295309683656
0.23500000000000018,112.11800585565494,104.04044339707386,95.90372896844231,87.70654701198941,79.44753254683216,140.0,139.99328109475005,50.0,50.007295309683656
0.23600000000000018,112.11800585565494,104.04044339707386,95.90372896844231,87.70654701198941,79.44753254683216,140.0,139.99328109475005,50.0,50.007295309683656
0.23700000000000018,112.11800585565494,104.04044339707386,95.90372896844231,87.70654701198941,79.44753254683216,140.0,139.99328109475005,50.0,50.007295309683656
0.23800000000000018,112.11800585565494,104.04044339707386,95.90372896844231,87.70654701198941,79.44753254683216,140.0,139.99328109475005,50.0,50.007295309683656
0.23900000000000018,112.11800585565494,104.04044339707386,95.90372896844231,87.70654701198941,79.44753254683216,140.0,139.99328109475005,50.0,50.007295309683656
0.24000000000000019,112.11800585565494,104.04044339707386,95.90372896844231,87.70654701198941,79.44753254683216,140.0,139.99328109475005,50.0,50.007295309683656
0.2410000000000002,112.11800585565494,104.04044339707386,95.90372896844231,87.70654701198941,79.44753254683216,140.0,139.99328109475005,50.0,50.007295309683656
0.2420000000000002,112.11800585565494,104.04044339707386,95.90372896844231,87.70654701198941,79.44753254683216,140.0,139.99328109475005,50.0,50.007295309683656
0.2430000000000002,112.11800585565494,104.04044339707386,95.90372896844231,87.70654701198941,79.44753254683216,140.0,139.99328109475005,50.0,50.007295309683656
0.2440000000000002,112.11800585565494,104.04044339707386,95.90372896844231,87.70654701198941,79.44753254683216,140.0,139.99328109475005,50.0,50.007295309683656
0.2450000000000002,112.11800585565494,104.04044339707386,95.90372896844231,87.70654701198941,79.44753254683216,140.0,139.99328109475005,50.0,50.007295309683656
0.2460000000000002,112.11800585565494,104.04044339707386,95.90372896844231,87.70654701198941,79.44753254683216,140.0,139.99328109475005,50.0,50.007295309683656
0.2470000000000002,112.11800585565494,104.04044339707386,95.90372896844231,87.70654701198941,79.44753254683216,140.0,139.99328109475005,50.0,50.007295309683656
0.2480000000000002,112.11800585565494,104.04044339707386,95.90372896844231,87.70654701198941,79.44753254683216,140.0,139.99328109475005,50.0,50.007295309683656
0.2490000000000002,112.11800585565494,104.04044339707386,95.90372896844231,87.70654701198941,79.44753254683216,140.0,139.99328109475005,50.0,50.007295309683656
0.25000000000000017,112.11800585565494,104.04044339707386,95.90372896844231,87.70654701198941,79.44753254683216,140.0,139.99328109475005,50.0,50.007295309683656
0.25100000000000017,112.11800585565494,104.04044339707386,95.90372896844231,87.70654701198941,79.44753254683216,140.0,139.99328109475005,50.0,50.007295309683656
0.25200000000000017,112.11800585565494,104.04044339707386,95.90372896844231,87.70654701198941,79.44753254683216,140.0,139.99328109475005,50.0,50.007295309683656
0.25300000000000017,112.11800585565494,104.04044339707386,95.90372896844231,87.70654701198941,79.44753254683216,140.0,139.99328109475005,50.0,50.007295309683656
0.25400000000000017,112.11800585565494,104.04044339707386,95.90372896844231,87.70654701198941,79.44753254683216,140.0,139.99328109475005,50.0,50.007295309683656
0.25500000000000017,112.11800585565494,104.04044339707386,95.90372896844231,87.70654701198941,79.44753254683216,140.0,139.99328109475005,50.0,50.007295309683656
0.25600000000000017,112.11800585565494,104.04044339707386,95.90372896844231,87.70654701198941,79.44753254683216,140.0,139.99328109475005,50.0,50.007295309683656
0.2570000000000002,112.11800585565494,104.04044339707386,95.90372896844231,87.70654701198941,79.44753254683216,140.0,139.99328109475005,50.0,50.007295309683656
0.2580000000000002,112.11800585565494,104.04044339707386,95.90372896844231,87.70654701198941,79.44753254683216,140.0,139.99328109475005,50.0,50.007295309683656
0.2590000000000002,112.11800585565494,104.04044339707386,95.90372896844231,87.70654701198941,79.44753254683216,140.0,139.99328109475005,50.0,50.007295309683656
0.2600000000000002,112.11800585565494,104.04044339707386,95.90372896844231,87.70654701198941,79.44753254683216,140.0,139.99328109475005,50.0,50.007295309683656
0.2610000000000002,112.11800585565494,104.04044339707386,95.90372896844231,87.70654701198941,79.44753254683216,140.0,139.99328109475005,50.0,50.007295309683656
0.2620000000000002,112.11800585565494,104.04044339707386,95.90372896844231,87.70654701198941,79.44753254683216,140.0,139.99328109475005,50.0,50.007295309683656
0.2630000000000002,112.11800585565494,104.04044339707386,95.90372896844231,87.70654701198941,79.44753254683216,140.0,139.99328109475005,50.0,50.007295309683656
0.2640000000000002,112.11800585565494,104.04044339707386,95.90372896844231,87.70654701198941,79.44753254683216,140.0,139.99328109475005,50.0,50.007295309683656
0.2650000000000002,112.11800585565494,104.04044339707386,95.90372896844231,87.70654701198941,79.44753254683216,140.0,139.99328109475005,50.0,50.007295309683656
0.2660000000000002,112.11800585565494,104.04044339707386,95.90372896844231,87.70654701198941,79.44753254683216,140.0,139.99328109475005,50.0,50.007295309683656
0.2670000000000002,112.11800585565494,104.04044339707386,95.90372896844231,87.70654701198941,79.44753254683216,140.0,139.99328109475005,50.0,50.007295309683656
0.2680000000000002,112.11800585565494,104.04044339707386,95.90372896844231,87.70654701198941,79.44753254683216,140.0,139.99328109475005,50.0,50.007295309683656
0.2690000000000002,112.11800585565494,104.04044339707386,95.90372896844231,87.70654701198941,79.44753254683216,140.0,139.99328109475005,50.0,50.007295309683656
0.2700000000000002,112.11800585565494,104.04044339707386,95.90372896844231,87.70654701198941,79.44753254683216,140.0,139.99328109475005,50.0,50.007295309683656
0.2710000000000002,112.11800585565494,104.04044339707386,95.90372896844231,87.70654701198941,79.44753254683216,140.0,139.99328109475005,50.0,50.007295309683656
0.2720000000000002,112.11800585565494,104.04044339707386,95.90372896844231,87.70654701198941,79.44753254683216,140.0,139.99328109475005,50.0,50.007295309683656
0.2730000000000002,112.11800585565494,104.04044339707386,95.90372896844231,87.70654701198941,79.44753254683216,140.0,139.99328109475005,50.0,50.007295309683656
0.2740000000000002,112.11800585565494,104.04044339707386,95.90372896844231,87.70654701198941,79.44753254683216,140.0,139.99328109475005,50.0,50.007295309683656
0.2750000000000002,112.11800585565494,104.04044339707386,95.90372896844231,87.70654701198941,79.44753254683216,140.0,139.99328109475005,50.0,50.007295309683656
0.2760000000000002,112.11800585565494,104.04044339707386,95.90372896844231,87.70654701198941,79.44753254683216,140.0,139.99328109475005,50.0,50.007295309683656
0.2770000000000002,112.11800585565494,104.04044339707386,95.90372896844231,87.70654701198941,79.44753254683216,140.0,139.99328109475005,50.0,50.007295309683656
0.2780000000000002,112.11800585565494,104.04044339707386,95.90372896844231,87.70654701198941,79.44753254683216,140.0,139.99328109475005,50.0,50.007295309683656
0.2790000000000002,112.11800585565494,104.04044339707386,95.90372896844231,87.70654701198941,79.44753254683216,140.0,139.99328109475005,50.0,50.007295309683656
0.2800000000000002,112.11800585565494,104.04044339707386,95.90372896844231,87.70654701198941,79.44753254683216,140.0,139.99328109475005,50.0,50.007295309683656
0.2810000000000002,112.11800585565494,104.04044339707386,95.90372896844231,87.70654701198941,79.44753254683216,140.0,139.99328109475005,50.0,50.007295309683656
0.2820000000000002,112.11800585565494,104.04044339707386,95.90372896844231,87.70654701198941,79.44753254683216,140.0,139.99328109475005,50.0,50.007295309683656
0.2830000000000002,112.11800585565494,104.04044339707386,95.90372896844231,87.70654701198941,79.44753254683216,140.0,139.99328109475005,50.0,50.007295309683656
0.2840000000000002,112.11800585565494,104.04044339707386,95.90372896844231,87.70654701198941,79.44753254683216,140.0,139.99328109475005,50.0,50.007295309683656
0.2850000000000002,112.11800585565494,104.04044339707386,95.90372896844231,87.70654701198941,79.44753254683216,140.0,139.99328109475005,50.0,50.007295309683656
0.2860000000000002,112.11800585565494,104.04044339707386,95.90372896844231,87.70654701198941,79.44753254683216,140.0,139.99328109475005,50.0,50.007295309683656
0.2870000000000002,112.11800585565494,104.04044339707386,95.90372896844231,87.70654701198941,79.44753254683216,140.0,139.99328109475005,50.0,50.007295309683656
0.2880000000000002,112.11800585565494,104.04044339707386,95.90372896844231,87.70654701198941,79.44753254683216,140.0,139.99328109475005,50.0,50.007295309683656
0.2890000000000002,112.11800585565494,104.04044339707386,95.90372896844231,87.70654701198941,79.44753254683216,140.0,139.99328109475005,50.0,50.007295309683656
0.2900000000000002,112.11800585565494,104.04044339707386,95.90372896844231,87.70654701198941,79.44753254683216,140.0,139.99328109475005,50.0,50.007295309683656
0.2910000000000002,112.11800585565494,104.04044339707386,95.90372896844231,87.70654701198941,79.44753254683216,140.0,139.99328109475005,50.0,50.007295309683656
0.2920000000000002,112.11800585565494,104.04044339707386,95.90372896844231,87.70654701198941,79.44753254683216,140.0,139.99328109475005,50.0,50.007295309683656
0.2930000000000002,112.11800585565494,104.04044339707386,95.90372896844231,87.70654701198941,79.44753254683216,140.0,139.99328109475005,50.0,50.007295309683656
0.2940000000000002,112.11800585565494,104.04044339707386,95.90372896844231,87.70654701198941,79.44753254683216,140.0,139.99328109475005,50.0,50.007295309683656
0.2950000000000002,112.11800585565494,104.04044339707386,95.90372896844231,87.70654701198941,79.44753254683216,140.0,139.99328109475005,50.0,50.007295309683656
0.2960000000000002,112.11800585565494,104.04044339707386,95.90372896844231,87.70654701198941,79.44753254683216,140.0,139.99328109475005,50.0,50.007295309683656
0.2970000000000002,112.11800585565494,104.04044339707386,95.90372896844231,87.70654701198941,79.44753254683216,140.0,139.99328109475005,50.0,50.007295309683656
0.2980000000000002,112.11800585565494,104.04044339707386,95.90372896844231,87.70654701198941,79.44753254683216,140.0,139.99328109475005,50.0,50.007295309683656
0.2990000000000002,112.11800585565494,104.04044339707386,95.90372896844231,87.70654701198941,79.44753254683216,140.0,139.99328109475005,50.0,50.007295309683656
0.3000000000000002,112.11800585565494,104.04044339707386,95.90372896844231,87.70654701198941,79.44753254683216,140.0,139.99328109475005,50.0,50.007295309683656
0.3010000000000002,112.11800585565494,104.04044339707386,95.90372896844231,87.70654701198941,79.44753254683216,140.0,139.99328109475005,50.0,50.007295309683656
0.3020000000000002,112.11800585565494,104.04044339707386,95.90372896844231,87.70654701198941,79.44753254683216,140.0,139.99328109475005,50.0,50.007295309683656
0.3030000000000002,112.11800585565494,104.04044339707386,95.90372896844231,87.70654701198941,79.44753254683216,140.0,139.99328109475005,50.0,50.007295309683656
0.3040000000000002,112.11800585565494,104.04044339707386,95.90372896844231,87.70654701198941,79.44753254683216,140.0,139.99328109475005,50.0,50.007295309683656
0.3050000000000002,112.11800585565494,104.04044339707386,95.90372896844231,87.70654701198941,79.44753254683216,140.0,139.99328109475005,50.0,50.007295309683656
0.3060000000000002,112.11800585565494,104.04044339707386,95.90372896844231,87.70654701198941,79.44753254683216,140.0,139.99328109475005,50.0,50.007295309683656
0.3070000000000002,112.11800585565494,104.04044339707386,95.90372896844231,87.70654701198941,79.44753254683216,140.0,139.99328109475005,50.0,50.007295309683656
0.3080000000000002,112.11800585565494,104.04044339707386,95.90372896844231,87.70654701198941,79.44753254683216,140.0,139.99328109475005,50.0,50.007295309683656
0.3090000000000002,112.11800585565494,104.04044339707386,95.90372896844231,87.70654701198941,79.44753254683216,140.0,139.99328109475005,50.0,50.007295309683656
0.3100000000000002,112.11800585565494,104.04044339707386,95.90372896844231,87.70654701198941,79.44753254683216,140.0,139.99328109475005,50.0,50.007295309683656
0.3110000000000002,112.11800585565494,104.04044339707386,95.90372896844231,87.70654701198941,79.44753254683216,140.0,139.99328109475005,50.0,50.007295309683656
0.3120000000000002,112.11800585565494,104.04044339707386,95.90372896844231,87.70654701198941,79.44753254683216,140.0,139.99328109475005,50.0,50.007295309683656
0.3130000000000002,112.11800585565494,104.04044339707386,95.90372896844231,87.70654701198941,79.44753254683216,140.0,139.99328109475005,50.0,50.007295309683656
0.3140000000000002,112.11800585565494,104.04044339707386,95.90372896844231,87.70654701198941,79.44753254683216,140.0,139.99328109475005,50.0,50.007295309683656
0.3150000000000002,112.11800585565494,104.04044339707386,95.90372896844231,87.70654701198941,79.44753254683216,140.0,139.99328109475005,50.0,50.007295309683656
0.3160000000000002,112.11800585565494,104.04044339707386,95.90372896844231,87.70654701198941,79.44753254683216,140.0,139.99328109475005,50.0,50.007295309683656
0.3170000000000002,112.11800585565494,104.04044339707386,95.90372896844231,87.70654701198941,79.44753254683216,140.0,139.99328109475005,50.0,50.007295309683656
0.3180000000000002,112.11800585565494,104.04044339707386,95.90372896844231,87.70654701198941,79.44753254683216,140.0,139.99328109475005,50.0,50.007295309683656
0.31900000000000023,112.11800585565494,104.04044339707386,95.90372896844231,87.70654701198941,79.44753254683216,140.0,139.99328109475005,50.0,50.007295309683656
0.32000000000000023,112.11800585565494,104.04044339707386,95.90372896844231,87.70654701198941,79.44753254683216,140.0,139.99328109475005,50.0,50.007295309683656
0.32100000000000023,112.11800585565494,104.04044339707386,95.90372896844231,87.70654701198941,79.44753254683216,140.0,139.99328109475005,50.0,50.007295309683656
0.32200000000000023,112.11800585565494,104.04044339707386,95.90372896844231,87.70654701198941,79.44753254683216,140.0,139.99328109475005,50.0,50.007295309683656
0.32300000000000023,112.11800585565494,104.04044339707386,95.90372896844231,87.70654701198941,79.44753254683216,140.0,139.99328109475005,50.0,50.007295309683656
0.32400000000000023,112.11800585565494,104.04044339707386,95.90372896844231,87.70654701198941,79.44753254683216,140.0,139.99328109475005,50.0,50.007295309683656
0.32500000000000023,112.11800585565494,104.04044339707386,95.90372896844231,87.70654701198941,79.44753254683216,140.0,139.99328109475005,50.0,50.007295309683656
0.32600000000000023,112.11800585565494,104.04044339707386,95.90372896844231,87.70654701198941,79.44753254683216,140.0,139.99328109475005,50.0,50.007295309683656
0.32700000000000023,112.11800585565494,104.04044339707386,95.90372896844231,87.70654701198941,79.44753254683216,140.0,139.99328109475005,50.0,50.007295309683656
0.32800000000000024,112.11800585565494,104.04044339707386,95.90372896844231,87.70654701198941,79.44753254683216,140.0,139.99328109475005,50.0,50.007295309683656
0.32900000000000024,112.11800585565494,104.04044339707386,95.90372896844231,87.70654701198941,79.44753254683216,140.0,139.99328109475005,50.0,50.007295309683656
0.33000000000000024,112.11800585565494,104.04044339707386,95.90372896844231,87.70654701198941,79.44753254683216,140.0,139.99328109475005,50.0,50.007295309683656
0.33100000000000024,112.11800585565494,104.04044339707386,95.90372896844231,87.70654701198941,79.44753254683216,140.0,139.99328109475005,50.0,50.007295309683656
0.33200000000000024,112.11800585565494,104.04044339707386,95.90372896844231,87.70654701198941,79.44753254683216,140.0,139.99328109475005,50.0,50.007295309683656
0.33300000000000024,112.11800585565494,104.04044339707386,95.90372896844231,87.70654701198941,79.44753254683216,140.0,139.99328109475005,50.0,50.007295309683656
0.33400000000000024,112.11800585565494,104.04044339707386,95.90372896844231,87.70654701198941,79.44753254683216,140.0,139.99328109475005,50.0,50.007295309683656
0.33500000000000024,112.11800585565494,104.04044339707386,95.90372896844231,87.70654701198941,79.44753254683216,140.0,139.99328109475005,50.0,50.007295309683656
0.33600000000000024,112.11800585565494,104.04044339707386,95.90372896844231,87.70654701198941,79.44753254683216,140.0,139.99328109475005,50.0,50.007295309683656
0.33700000000000024,112.11800585565494,104.04044339707386,95.90372896844231,87.70654701198941,79.44753254683216,140.0,139.99328109475005,50.0,50.007295309683656
0.33800000000000024,112.11800585565494,104.04044339707386,95.90372896844231,87.70654701198941,79.44753254683216,140.0,139.99328109475005,50.0,50.007295309683656
0.33900000000000025,112.11800585565494,104.04044339707386,95.90372896844231,87.70654701198941,79.44753254683216,140.0,139.99328109475005,50.0,50.007295309683656
0.34000000000000025,112.11800585565494,104.04044339707386,95.90372896844231,87.70654701198941,79.44753254683216,140.0,139.99328109475005,50.0,50.007295309683656
0.34100000000000025,112.11800585565494,104.04044339707386,95.90372896844231,87.70654701198941,79.44753254683216,140.0,139.99328109475005,50.0,50.007295309683656
0.34200000000000025,112.11800585565494,104.04044339707386,95.90372896844231,87.70654701198941,79.44753254683216,140.0,139.99328109475005,50.0,50.007295309683656
0.34300000000000025,112.11800585565494,104.04044339707386,95.90372896844231,87.70654701198941,79.44753254683216,140.0,139.99328109475005,50.0,50.007295309683656
0.34400000000000025,112.11800585565494,104.04044339707386,95.90372896844231,87.70654701198941,79.44753254683216,140.0,139.99328109475005,50.0,50.007295309683656
0.34500000000000025,112.11800585565494,104.04044339707386,95.90372896844231,87.70654701198941,79.44753254683216,140.0,139.99328109475005,50.0,50.007295309683656
0.34600000000000025,112.11800585565494,104.04044339707386,95.90372896844231,87.70654701198941,79.44753254683216,140.0,139.99328109475005,50.0,50.007295309683656
0.34700000000000025,112.11800585565494,104.04044339707386,95.90372896844231,87.70654701198941,79.44753254683216,140.0,139.99328109475005,50.0,50.007295309683656
0.34800000000000025,112.11800585565494,104.04044339707386,95.90372896844231,87.70654701198941,79.44753254683216,140.0,139.99328109475005,50.0,50.007295309683656
0.34900000000000025,112.11800585565494,104.04044339707386,95.90372896844231,87.70654701198941,79.44753254683216,140.0,139.99328109475005,50.0,50.007295309683656
0.35000000000000026,112.11800585565494,104.04044339707386,95.90372896844231,87.70654701198941,79.44753254683216,140.0,139.99328109475005,50.0,50.007295309683656
0.35100000000000026,112.11800585565494,104.04044339707386,95.90372896844231,87.70654701198941,79.44753254683216,140.0,139.99328109475005,50.0,50.007295309683656
0.35200000000000026,112.11800585565494,104.04044339707386,95.90372896844231,87.70654701198941,79.44753254683216,140.0,139.99328109475005,50.0,50.007295309683656
0.35300000000000026,112.11800585565494,104.04044339707386,95.90372896844231,87.70654701198941,79.44753254683216,140.0,139.99328109475005,50.0,50.007295309683656
0.35400000000000026,112.11800585565494,104.04044339707386,95.90372896844231,87.70654701198941,79.44753254683216,140.0,139.99328109475005,50.0,50.007295309683656
0.35500000000000026,112.11800585565494,104.04044339707386,95.90372896844231,87.70654701198941,79.44753254683216,140.0,139.99328109475005,50.0,50.007295309683656
0.35600000000000026,112.11800585565494,104.04044339707386,95.90372896844231,87.70654701198941,79.44753254683216,140.0,139.99328109475005,50.0,50.007295309683656
0.35700000000000026,112.11800585565494,104.04044339707386,95.90372896844231,87.70654701198941,79.44753254683216,140.0,139.99328109475005,50.0,50.007295309683656
0.35800000000000026,112.11800585565494,104.04044339707386,95.90372896844231,87.70654701198941,79.44753254683216,140.0,139.99328109475005,50.0,50.007295309683656
0.35900000000000026,112.11800585565494,104.04044339707386,95.90372896844231,87.70654701198941,79.44753254683216,140.0,139.99328109475005,50.0,50.007295309683656
0.36000000000000026,112.11800585565494,104.04044339707386,95.90372896844231,87.70654701198941,79.44753254683216,140.0,139.99328109475005,50.0,50.007295309683656
0.36100000000000027,112.11800585565494,104.04044339707386,95.90372896844231,87.70654701198941,79.44753254683216,140.0,139.99328109475005,50.0,50.007295309683656
0.36200000000000027,112.11800585565494,104.04044339707386,95.90372896844231,87.70654701198941,79.44753254683216,140.0,139.99328109475005,50.0,50.007295309683656
0.36300000000000027,112.11800585565494,104.04044339707386,95.90372896844231,87.70654701198941,79.44753254683216,140.0,139.99328109475005,50.0,50.007295309683656
0.36400000000000027,112.11800585565494,104.04044339707386,95.90372896844231,87.70654701198941,79.44753254683216,140.0,139.99328109475005,50.0,50.007295309683656
0.36500000000000027,112.11800585565494,104.04044339707386,95.90372896844231,87.70654701198941,79.44753254683216,140.0,139.99328109475005,50.0,50.007295309683656
0.36600000000000027,112.11800585565494,104.04044339707386,95.90372896844231,87.70654701198941,79.44753254683216,140.0,139.99328109475005,50.0,50.007295309683656
0.36700000000000027,112.11800585565494,104.04044339707386,95.90372896844231,87.70654701198941,79.44753254683216,140.0,139.99328109475005,50.0,50.007295309683656
0.36800000000000027,112.11800585565494,104.04044339707386,95.90372896844231,87.70654701198941,79.44753254683216,140.0,139.99328109475005,50.0,50.007295309683656
0.36900000000000027,112.11800585565494,104.04044339707386,95.90372896844231,87.70654701198941,79.44753254683216,140.0,139.99328109475005,50.0,50.007295309683656
0.3700000000000003,112.11800585565494,104.04044339707386,95.90372896844231,87.70654701198941,79.44753254683216,140.0,139.99328109475005,50.0,50.007295309683656
0.3710000000000003,112.11800585565494,104.04044339707386,95.90372896844231,87.70654701198941,79.44753254683216,140.0,139.99328109475005,50.0,50.007295309683656
0.3720000000000003,112.11800585565494,104.04044339707386,95.90372896844231,87.70654701198941,79.44753254683216,140.0,139.99328109475005,50.0,50.007295309683656
0.3730000000000003,112.11800585565494,104.04044339707386,95.90372896844231,87.70654701198941,79.44753254683216,140.0,139.99328109475005,50.0,50.007295309683656
0.3740000000000003,112.11800585565494,104.04044339707386,95.90372896844231,87.70654701198941,79.44753254683216,140.0,139.99328109475005,50.0,50.007295309683656
0.3750000000000003,112.11800585565494,104.04044339707386,95.90372896844231,87.70654701198941,79.44753254683216,140.0,139.99328109475005,50.0,50.007295309683656
0.3760000000000003,112.11800585565494,104.04044339707386,95.90372896844231,87.70654701198941,79.44753254683216,140.0,139.99328109475005,50.0,50.007295309683656
0.3770000000000003,112.11800585565494,104.04044339707386,95.90372896844231,87.70654701198941,79.44753254683216,140.0,139.99328109475005,50.0,50.007295309683656
0.3780000000000003,112.11800585565494,104.04044339707386,95.90372896844231,87.70654701198941,79.44753254683216,140.0,139.99328109475005,50.0,50.007295309683656
0.3790000000000003,112.11800585565494,104.04044339707386,95.90372896844231,87.70654701198941,79.44753254683216,140.0,139.99328109475005,50.0,50.007295309683656
0.3800000000000003,112.11800585565494,104.04044339707386,95.90372896844231,87.70654701198941,79.44753254683216,140.0,139.99328109475005,50.0,50.007295309683656
0.3810000000000003,112.11800585565494,104.04044339707386,95.90372896844231,87.70654701198941,79.44753254683216,140.0,139.99328109475005,50.0,50.007295309683656
0.3820000000000003,112.11800585565494,104.04044339707386,95.90372896844231,87.70654701198941,79.44753254683216,140.0,139.99328109475005,50.0,50.007295309683656
0.3830000000000003,112.11800585565494,104.04044339707386,95.90372896844231,87.70654701198941,79.44753254683216,140.0,139.99328109475005,50.0,50.007295309683656
0.3840000000000003,112.11800585565494,104.04044339707386,95.90372896844231,87.70654701198941,79.44753254683216,140.0,139.99328109475005,50.0,50.007295309683656
0.3850000000000003,112.11800585565494,104.04044339707386,95.90372896844231,87.70654701198941,79.44753254683216,140.0,139.99328109475005,50.0,50.007295309683656
0.3860000000000003,112.11800585565494,104.04044339707386,95.90372896844231,87.70654701198941,79.44753254683216,140.0,139.99328109475005,50.0,50.007295309683656
0.3870000000000003,112.11800585565494,104.04044339707386,95.90372896844231,87.70654701198941,79.44753254683216,140.0,139.99328109475005,50.0,50.007295309683656
0.3880000000000003,112.11800585565494,104.04044339707386,95.90372896844231,87.70654701198941,79.44753254683216,140.0,139.99328109475005,50.0,50.007295309683656
0.3890000000000003,112.11800585565494,104.04044339707386,95.90372896844231,87.70654701198941,79.44753254683216,140.0,139.99328109475005,50.0,50.007295309683656
0.3900000000000003,112.11800585565494,104.04044339707386,95.90372896844231,87.70654701198941,79.44753254683216,140.0,139.99328109475005,50.0,50.007295309683656
0.3910000000000003,112.11800585565494,104.04044339707386,95.90372896844231,87.70654701198941,79.44753254683216,140.0,139.99328109475005,50.0,50.007295309683656
0.3920000000000003,112.11800585565494,104.04044339707386,95.90372896844231,87.70654701198941,79.44753254683216,140.0,139.99328109475005,50.0,50.007295309683656
0.3930000000000003,112.11800585565494,104.04044339707386,95.90372896844231,87.70654701198941,79.44753254683216,140.0,139.99328109475005,50.0,50.007295309683656
0.3940000000000003,112.11800585565494,104.04044339707386,95.90372896844231,87.70654701198941,79.44753254683216,140.0,139.99328109475005,50.0,50.007295309683656
0.3950000000000003,112.11800585565494,104.04044339707386,95.90372896844231,87.70654701198941,79.44753254683216,140.0,139.99328109475005,50.0,50.007295309683656
0.3960000000000003,112.11800585565494,104.04044339707386,95.90372896844231,87.70654701198941,79.44753254683216,140.0,139.99328109475005,50.0,50.007295309683656
0.3970000000000003,112.11800585565494,104.04044339707386,95.90372896844231,87.70654701198941,79.44753254683216,140.0,139.99328109475005,50.0,50.007295309683656
0.3980000000000003,112.11800585565494,104.04044339707386,95.90372896844231,87.70654701198941,79.44753254683216,140.0,139.99328109475005,50.0,50.007295309683656
0.3990000000000003,112.11800585565494,104.04044339707386,95.90372896844231,87.70654701198941,79.44753254683216,140.0,139.99328109475005,50.0,50.007295309683656
0.4000000000000003,112.11800585565494,104.04044339707386,95.90372896844231,87.70654701198941,79.44753254683216,140.0,139.99328109475005,50.0,50.007295309683656
0.4010000000000003,112.11800585565494,104.04044339707386,95.90372896844231,87.70654701198941,79.44753254683216,140.0,139.99328109475005,50.0,50.007295309683656
0.4020000000000003,112.11800585565494,104.04044339707386,95.90372896844231,87.70654701198941,79.44753254683216,140.0,139.99328109475005,50.0,50.007295309683656
0.4030000000000003,112.11800585565494,104.04044339707386,95.90372896844231,87.70654701198941,79.44753254683216,140.0,139.99328109475005,50.0,50.007295309683656
0.4040000000000003,112.11800585565494,104.04044339707386,95.90372896844231,87.70654701198941,79.44753254683216,140.0,139.99328109475005,50.0,50.007295309683656
0.4050000000000003,112.11800585565494,104.04044339707386,95.90372896844231,87.70654701198941,79.44753254683216,140.0,139.99328109475005,50.0,50.007295309683656
0.4060000000000003,112.11800585565494,104.04044339707386,95.90372896844231,87.70654701198941,79.44753254683216,140.0,139.99328109475005,50.0,50.007295309683656
0.4070000000000003,112.11800585565494,104.04044339707386,95.90372896844231,87.70654701198941,79.44753254683216,140.0,139.99328109475005,50.0,50.007295309683656
0.4080000000000003,112.11800585565494,104.04044339707386,95.90372896844231,87.70654701198941,79.44753254683216,140.0,139.99328109475005,50.0,50.007295309683656
0.4090000000000003,112.11800585565494,104.04044339707386,95.90372896844231,87.70654701198941,79.44753254683216,140.0,139.99328109475005,50.0,50.007295309683656
0.4100000000000003,112.11800585565494,104.04044339707386,95.90372896844231,87.70654701198941,79.44753254683216,140.0,139.99328109475005,50.0,50.007295309683656
0.4110000000000003,112.11800585565494,104.04044339707386,95.90372896844231,87.70654701198941,79.44753254683216,140.0,139.99328109475005,50.0,50.007295309683656
0.4120000000000003,112.11800585565494,104.04044339707386,95.90372896844231,87.70654701198941,79.44753254683216,140.0,139.99328109475005,50.0,50.007295309683656
0.4130000000000003,112.11800585565494,104.04044339707386,95.90372896844231,87.70654701198941,79.44753254683216,140.0,139.99328109475005,50.0,50.007295309683656
0.4140000000000003,112.11800585565494,104.04044339707386,95.90372896844231,87.70654701198941,79.44753254683216,140.0,139.99328109475005,50.0,50.007295309683656
0.4150000000000003,112.11800585565494,104.04044339707386,95.90372896844231,87.70654701198941,79.44753254683216,140.0,139.99328109475005,50.0,50.007295309683656
0.4160000000000003,112.11800585565494,104.04044339707386,95.90372896844231,87.70654701198941,79.44753254683216,140.0,139.99328109475005,50.0,50.007295309683656
0.4170000000000003,112.11800585565494,104.04044339707386,95.90372896844231,87.70654701198941,79.44753254683216,140.0,139.99328109475005,50.0,50.007295309683656
0.4180000000000003,112.11800585565494,104.04044339707386,95.90372896844231,87.70654701198941,79.44753254683216,140.0,139.99328109475005,50.0,50.007295309683656
0.4190000000000003,112.11800585565494,104.04044339707386,95.90372896844231,87.70654701198941,79.44753254683216,140.0,139.99328109475005,50.0,50.007295309683656
0.4200000000000003,112.11800585565494,104.04044339707386,95.90372896844231,87.70654701198941,79.44753254683216,140.0,139.99328109475005,50.0,50.007295309683656
0.4210000000000003,112.11800585565494,104.04044339707386,95.90372896844231,87.70654701198941,79.44753254683216,140.0,139.99328109475005,50.0,50.007295309683656
0.4220000000000003,112.11800585565494,104.04044339707386,95.90372896844231,87.70654701198941,79.44753254683216,140.0,139.99328109475005,50.0,50.007295309683656
0.4230000000000003,112.11800585565494,104.04044339707386,95.90372896844231,87.70654701198941,79.44753254683216,140.0,139.99328109475005,50.0,50.007295309683656
0.4240000000000003,112.11800585565494,104.04044339707386,95.90372896844231,87.70654701198941,79.44753254683216,140.0,139.99328109475005,50.0,50.007295309683656
0.4250000000000003,112.11800585565494,104.04044339707386,95.90372896844231,87.70654701198941,79.44753254683216,140.0,139.99328109475005,50.0,50.007295309683656
0.4260000000000003,112.11800585565494,104.04044339707386,95.90372896844231,87.70654701198941,79.44753254683216,140.0,139.99328109475005,50.0,50.007295309683656
0.4270000000000003,112.11800585565494,104.04044339707386,95.90372896844231,87.70654701198941,79.44753254683216,140.0,139.99328109475005,50.0,50.007295309683656
0.4280000000000003,112.11800585565494,104.04044339707386,95.90372896844231,87.70654701198941,79.44753254683216,140.0,139.99328109475005,50.0,50.007295309683656
0.4290000000000003,112.11800585565494,104.04044339707386,95.90372896844231,87.70654701198941,79.44753254683216,140.0,139.99328109475005,50.0,50.007295309683656
0.4300000000000003,112.11800585565494,104.04044339707386,95.90372896844231,87.70654701198941,79.44753254683216,140.0,139.99328109475005,50.0,50.007295309683656
0.4310000000000003,112.11800585565494,104.04044339707386,95.90372896844231,87.70654701198941,79.44753254683216,140.0,139.99328109475005,50.0,50.007295309683656
0.43200000000000033,112.11800585565494,104.04044339707386,95.90372896844231,87.70654701198941,79.44753254683216,140.0,139.99328109475005,50.0,50.007295309683656
0.43300000000000033,112.11800585565494,104.04044339707386,95.90372896844231,87.70654701198941,79.44753254683216,140.0,139.99328109475005,50.0,50.007295309683656
0.43400000000000033,112.11800585565494,104.04044339707386,95.90372896844231,87.70654701198941,79.44753254683216,140.0,139.99328109475005,50.0,50.007295309683656
0.43500000000000033,112.11800585565494,104.04044339707386,95.90372896844231,87.70654701198941,79.44753254683216,140.0,139.99328109475005,50.0,50.007295309683656
0.43600000000000033,112.11800585565494,104.04044339707386,95.90372896844231,87.70654701198941,79.44753254683216,140.0,139.99328109475005,50.0,50.007295309683656
0.43700000000000033,112.11800585565494,104.04044339707386,95.90372896844231,87.70654701198941,79.44753254683216,140.0,139.99328109475005,50.0,50.007295309683656
0.43800000000000033,112.11800585565494,104.04044339707386,95.90372896844231,87.70654701198941,79.44753254683216,140.0,139.99328109475005,50.0,50.007295309683656
0.43900000000000033,112.11800585565494,104.04044339707386,95.90372896844231,87.70654701198941,79.44753254683216,140.0,139.99328109475005,50.0,50.007295309683656
0.44000000000000034,112.11800585565494,104.04044339707386,95.90372896844231,87.70654701198941,79.44753254683216,140.0,139.99328109475005,50.0,50.007295309683656
0.44100000000000034,112.11800585565494,104.04044339707386,95.90372896844231,87.70654701198941,79.44753254683216,140.0,139.99328109475005,50.0,50.007295309683656
0.44200000000000034,112.11800585565494,104.04044339707386,95.90372896844231,87.70654701198941,79.44753254683216,140.0,139.99328109475005,50.0,50.007295309683656
0.44300000000000034,112.11800585565494,104.04044339707386,95.90372896844231,87.70654701198941,79.44753254683216,140.0,139.99328109475005,50.0,50.007295309683656
0.44400000000000034,112.11800585565494,104.04044339707386,95.90372896844231,87.70654701198941,79.44753254683216,140.0,139.99328109475005,50.0,50.007295309683656
0.44500000000000034,112.11800585565494,104.04044339707386,95.90372896844231,87.70654701198941,79.44753254683216,140.0,139.99328109475005,50.0,50.007295309683656
0.44600000000000034,112.11800585565494,104.04044339707386,95.90372896844231,87.70654701198941,79.44753254683216,140.0,139.99328109475005,50.0,50.007295309683656
0.44700000000000034,112.11800585565494,104.04044339707386,95.90372896844231,87.70654701198941,79.44753254683216,140.0,139.99328109475005,50.0,50.007295309683656
0.44800000000000034,112.11800585565494,104.04044339707386,95.90372896844231,87.70654701198941,79.44753254683216,140.0,139.99328109475005,50.0,50.007295309683656
0.44900000000000034,112.11800585565494,104.04044339707386,95.90372896844231,87.70654701198941,79.44753254683216,140.0,139.99328109475005,50.0,50.007295309683656
0.45000000000000034,112.11800585565494,104.04044339707386,95.90372896844231,87.70654701198941,79.44753254683216,140.0,139.99328109475005,50.0,50.007295309683656
0.45100000000000035,112.11800585565494,104.04044339707386,95.90372896844231,87.70654701198941,79.44753254683216,140.0,139.99328109475005,50.0,50.007295309683656
0.45200000000000035,112.11800585565494,104.04044339707386,95.90372896844231,87.70654701198941,79.44753254683216,140.0,139.99328109475005,50.0,50.007295309683656
0.45300000000000035,112.11800585565494,104.04044339707386,95.90372896844231,87.70654701198941,79.44753254683216,140.0,139.99328109475005,50.0,50.007295309683656
0.45400000000000035,112.11800585565494,104.04044339707386,95.90372896844231,87.70654701198941,79.44753254683216,140.0,139.99328109475005,50.0,50.007295309683656
0.45500000000000035,112.11800585565494,104.04044339707386,95.90372896844231,87.70654701198941,79.44753254683216,140.0,139.99328109475005,50.0,50.007295309683656
0.45600000000000035,112.11800585565494,104.04044339707386,95.90372896844231,87.70654701198941,79.44753254683216,140.0,139.99328109475005,50.0,50.007295309683656
0.45700000000000035,112.11800585565494,104.04044339707386,95.90372896844231,87.70654701198941,79.44753254683216,140.0,139.99328109475005,50.0,50.007295309683656
0.45800000000000035,112.11800585565494,104.04044339707386,95.90372896844231,87.70654701198941,79.44753254683216,140.0,139.99328109475005,50.0,50.007295309683656
0.45900000000000035,112.11800585565494,104.04044339707386,95.90372896844231,87.70654701198941,79.44753254683216,140.0,139.99328109475005,50.0,50.007295309683656
0.46000000000000035,112.11800585565494,104.04044339707386,95.90372896844231,87.70654701198941,79.44753254683216,140.0,139.99328109475005,50.0,50.007295309683656
0.46100000000000035,112.11800585565494,104.04044339707386,95.90372896844231,87.70654701198941,79.44753254683216,140.0,139.99328109475005,50.0,50.007295309683656
0.46200000000000035,112.11800585565494,104.04044339707386,95.90372896844231,87.70654701198941,79.44753254683216,140.0,139.99328109475005,50.0,50.007295309683656
0.46300000000000036,112.11800585565494,104.04044339707386,95.90372896844231,87.70654701198941,79.44753254683216,140.0,139.99328109475005,50.0,50.007295309683656
0.46400000000000036,112.11800585565494,104.04044339707386,95.90372896844231,87.70654701198941,79.44753254683216,140.0,139.99328109475005,50.0,50.007295309683656
0.46500000000000036,112.11800585565494,104.04044339707386,95.90372896844231,87.70654701198941,79.44753254683216,140.0,139.99328109475005,50.0,50.007295309683656
0.46600000000000036,112.11800585565494,104.04044339707386,95.90372896844231,87.70654701198941,79.44753254683216,140.0,139.99328109475005,50.0,50.007295309683656
0.46700000000000036,112.11800585565494,104.04044339707386,95.90372896844231,87.70654701198941,79.44753254683216,140.0,139.99328109475005,50.0,50.007295309683656
0.46800000000000036,112.11800585565494,104.04044339707386,95.90372896844231,87.70654701198941,79.44753254683216,140.0,139.99328109475005,50.0,50.007295309683656
0.46900000000000036,112.11800585565494,104.04044339707386,95.90372896844231,87.70654701198941,79.44753254683216,140.0,139.99328109475005,50.0,50.007295309683656
0.47000000000000036,112.11800585565494,104.04044339707386,95.90372896844231,87.70654701198941,79.44753254683216,140.0,139.99328109475005,50.0,50.007295309683656
0.47100000000000036,112.11800585565494,104.04044339707386,95.90372896844231,87.70654701198941,79.44753254683216,140.0,139.99328109475005,50.0,50.007295309683656
0.47200000000000036,112.11800585565494,104.04044339707386,95.90372896844231,87.70654701198941,79.44753254683216,140.0,139.99328109475005,50.0,50.007295309683656
0.47300000000000036,112.11800585565494,104.04044339707386,95.90372896844231,87.70654701198941,79.44753254683216,140.0,139.99328109475005,50.0,50.007295309683656
0.47400000000000037,112.11800585565494,104.04044339707386,95.90372896844231,87.70654701198941,79.44753254683216,140.0,139.99328109475005,50.0,50.007295309683656
0.47500000000000037,112.11800585565494,104.04044339707386,95.90372896844231,87.70654701198941,79.44753254683216,140.0,139.99328109475005,50.0,50.007295309683656
0.47600000000000037,112.11800585565494,104.04044339707386,95.90372896844231,87.70654701198941,79.44753254683216,140.0,139.99328109475005,50.0,50.007295309683656
0.47700000000000037,112.11800585565494,104.04044339707386,95.90372896844231,87.70654701198941,79.44753254683216,140.0,139.99328109475005,50.0,50.007295309683656
0.47800000000000037,112.11800585565494,104.04044339707386,95.90372896844231,87.70654701198941,79.44753254683216,140.0,139.99328109475005,50.0,50.007295309683656
0.47900000000000037,112.11800585565494,104.04044339707386,95.90372896844231,87.70654701198941,79.44753254683216,140.0,139.99328109475005,50.0,50.007295309683656
0.48000000000000037,112.11800585565494,104.04044339707386,95.90372896844231,87.70654701198941,79.44753254683216,140.0,139.99328109475005,50.0,50.007295309683656
0.48100000000000037,112.11800585565494,104.04044339707386,95.90372896844231,87.70654701198941,79.44753254683216,140.0,139.99328109475005,50.0,50.007295309683656
0.4820000000000004,112.11800585565494,104.04044339707386,95.90372896844231,87.70654701198941,79.44753254683216,140.0,139.99328109475005,50.0,50.007295309683656
0.4830000000000004,112.11800585565494,104.04044339707386,95.90372896844231,87.70654701198941,79.44753254683216,140.0,139.99328109475005,50.0,50.007295309683656
0.4840000000000004,112.11800585565494,104.04044339707386,95.90372896844231,87.70654701198941,79.44753254683216,140.0,139.99328109475005,50.0,50.007295309683656
0.4850000000000004,112.11800585565494,104.04044339707386,95.90372896844231,87.70654701198941,79.44753254683216,140.0,139.99328109475005,50.0,50.007295309683656
0.4860000000000004,112.11800585565494,104.04044339707386,95.90372896844231,87.70654701198941,79.44753254683216,140.0,139.99328109475005,50.0,50.007295309683656
0.4870000000000004,112.11800585565494,104.04044339707386,95.90372896844231,87.70654701198941,79.44753254683216,140.0,139.99328109475005,50.0,50.007295309683656
0.4880000000000004,112.11800585565494,104.04044339707386,95.90372896844231,87.70654701198941,79.44753254683216,140.0,139.99328109475005,50.0,50.007295309683656
0.4890000000000004,112.11800585565494,104.04044339707386,95.90372896844231,87.70654701198941,79.44753254683216,140.0,139.99328109475005,50.0,50.007295309683656
0.4900000000000004,112.11800585565494,104.04044339707386,95.90372896844231,87.70654701198941,79.44753254683216,140.0,139.99328109475005,50.0,50.007295309683656
0.4910000000000004,112.11800585565494,104.04044339707386,95.90372896844231,87.70654701198941,79.44753254683216,140.0,139.99328109475005,50.0,50.007295309683656
0.4920000000000004,112.11800585565494,104.04044339707386,95.90372896844231,87.70654701198941,79.44753254683216,140.0,139.99328109475005,50.0,50.007295309683656
0.4930000000000004,112.11800585565494,104.04044339707386,95.90372896844231,87.70654701198941,79.44753254683216,140.0,139.99328109475005,50.0,50.007295309683656
0.4940000000000004,112.11800585565494,104.04044339707386,95.90372896844231,87.70654701198941,79.44753254683216,140.0,139.99328109475005,50.0,50.007295309683656
0.4950000000000004,112.11800585565494,104.04044339707386,95.90372896844231,87.70654701198941,79.44753254683216,140.0,139.99328109475005,50.0,50.007295309683656
0.4960000000000004,112.11800585565494,104.04044339707386,95.90372896844231,87.70654701198941,79.44753254683216,140.0,139.99328109475005,50.0,50.007295309683656
0.4970000000000004,112.11800585565494,104.04044339707386,95.90372896844231,87.70654701198941,79.44753254683216,140.0,139.99328109475005,50.0,50.007295309683656
0.4980000000000004,112.11800585565494,104.04044339707386,95.90372896844231,87.70654701198941,79.44753254683216,140.0,139.99328109475005,50.0,50.007295309683656
0.4990000000000004,112.11800585565494,104.04044339707386,95.90372896844231,87.70654701198941,79.44753254683216,140.0,139.99328109475005,50.0,50.007295309683656
0.5000000000000003,112.11800585565494,104.04044339707386,95.90372896844231,87.70654701198941,79.44753254683216,140.0,139.99328109475005,50.0,50.007295309683656
0.5010000000000003,112.11800585565494,104.04044339707386,95.90372896844231,87.70654701198941,79.44753254683216,140.0,139.99328109475005,50.0,50.007295309683656
0.5020000000000003,112.11800585565494,104.04044339707386,95.90372896844231,87.70654701198941,79.44753254683216,140.0,139.99328109475005,50.0,50.007295309683656
0.5030000000000003,112.11800585565494,104.04044339707386,95.90372896844231,87.70654701198941,79.44753254683216,140.0,139.99328109475005,50.0,50.007295309683656
0.5040000000000003,112.11800585565494,104.04044339707386,95.90372896844231,87.70654701198941,79.44753254683216,140.0,139.99328109475005,50.0,50.007295309683656
0.5050000000000003,112.11800585565494,104.04044339707386,95.90372896844231,87.70654701198941,79.44753254683216,140.0,139.99328109475005,50.0,50.007295309683656
0.5060000000000003,112.11800585565494,104.04044339707386,95.90372896844231,87.70654701198941,79.44753254683216,140.0,139.99328109475005,50.0,50.007295309683656
0.5070000000000003,112.11800585565494,104.04044339707386,95.90372896844231,87.70654701198941,79.44753254683216,140.0,139.99328109475005,50.0,50.007295309683656
0.5080000000000003,112.11800585565494,104.04044339707386,95.90372896844231,87.70654701198941,79.44753254683216,140.0,139.99328109475005,50.0,50.007295309683656
0.5090000000000003,112.11800585565494,104.04044339707386,95.90372896844231,87.70654701198941,79.44753254683216,140.0,139.99328109475005,50.0,50.007295309683656
0.5100000000000003,112.11800585565494,104.04044339707386,95.90372896844231,87.70654701198941,79.44753254683216,140.0,139.99328109475005,50.0,50.007295309683656
0.5110000000000003,112.11800585565494,104.04044339707386,95.90372896844231,87.70654701198941,79.44753254683216,140.0,139.99328109475005,50.0,50.007295309683656
0.5120000000000003,112.11800585565494,104.04044339707386,95.90372896844231,87.70654701198941,79.44753254683216,140.0,139.99328109475005,50.0,50.007295309683656
0.5130000000000003,112.11800585565494,104.04044339707386,95.90372896844231,87.70654701198941,79.44753254683216,140.0,139.99328109475005,50.0,50.007295309683656
0.5140000000000003,112.11800585565494,104.04044339707386,95.90372896844231,87.70654701198941,79.44753254683216,140.0,139.99328109475005,50.0,50.007295309683656
0.5150000000000003,112.11800585565494,104.04044339707386,95.90372896844231,87.70654701198941,79.44753254683216,140.0,139.99328109475005,50.0,50.007295309683656
0.5160000000000003,112.11800585565494,104.04044339707386,95.90372896844231,87.70654701198941,79.44753254683216,140.0,139.99328109475005,50.0,50.007295309683656
0.5170000000000003,112.11800585565494,104.04044339707386,95.90372896844231,87.70654701198941,79.44753254683216,140.0,139.99328109475005,50.0,50.007295309683656
0.5180000000000003,112.11800585565494,104.04044339707386,95.90372896844231,87.70654701198941,79.44753254683216,140.0,139.99328109475005,50.0,50.007295309683656
0.5190000000000003,112.11800585565494,104.04044339707386,95.90372896844231,87.70654701198941,79.44753254683216,140.0,139.99328109475005,50.0,50.007295309683656
0.5200000000000004,112.11800585565494,104.04044339707386,95.90372896844231,87.70654701198941,79.44753254683216,140.0,139.99328109475005,50.0,50.007295309683656
0.5210000000000004,112.11800585565494,104.04044339707386,95.90372896844231,87.70654701198941,79.44753254683216,140.0,139.99328109475005,50.0,50.007295309683656
0.5220000000000004,112.11800585565494,104.04044339707386,95.90372896844231,87.70654701198941,79.44753254683216,140.0,139.99328109475005,50.0,50.007295309683656
0.5230000000000004,112.11800585565494,104.04044339707386,95.90372896844231,87.70654701198941,79.44753254683216,140.0,139.99328109475005,50.0,50.007295309683656
0.5240000000000004,112.11800585565494,104.04044339707386,95.90372896844231,87.70654701198941,79.44753254683216,140.0,139.99328109475005,50.0,50.007295309683656
0.5250000000000004,112.11800585565494,104.04044339707386,95.90372896844231,87.70654701198941,79.44753254683216,140.0,139.99328109475005,50.0,50.007295309683656
0.5260000000000004,112.11800585565494,104.04044339707386,95.90372896844231,87.70654701198941,79.44753254683216,140.0,139.99328109475005,50.0,50.007295309683656
0.5270000000000004,112.11800585565494,104.04044339707386,95.90372896844231,87.70654701198941,79.44753254683216,140.0,139.99328109475005,50.0,50.007295309683656
0.5280000000000004,112.11800585565494,104.04044339707386,95.90372896844231,87.70654701198941,79.44753254683216,140.0,139.99328109475005,50.0,50.007295309683656
0.5290000000000004,112.11800585565494,104.04044339707386,95.90372896844231,87.70654701198941,79.44753254683216,140.0,139.99328109475005,50.0,50.007295309683656
0.5300000000000004,112.11800585565494,104.04044339707386,95.90372896844231,87.70654701198941,79.44753254683216,140.0,139.99328109475005,50.0,50.007295309683656
0.5310000000000004,112.11800585565494,104.04044339707386,95.90372896844231,87.70654701198941,79.44753254683216,140.0,139.99328109475005,50.0,50.007295309683656
0.5320000000000004,112.11800585565494,104.04044339707386,95.90372896844231,87.70654701198941,79.44753254683216,140.0,139.99328109475005,50.0,50.007295309683656
0.5330000000000004,112.11800585565494,104.04044339707386,95.90372896844231,87.70654701198941,79.44753254683216,140.0,139.99328109475005,50.0,50.007295309683656
0.5340000000000004,112.11800585565494,104.04044339707386,95.90372896844231,87.70654701198941,79.44753254683216,140.0,139.99328109475005,50.0,50.007295309683656
0.5350000000000004,112.11800585565494,104.04044339707386,95.90372896844231,87.70654701198941,79.44753254683216,140.0,139.99328109475005,50.0,50.007295309683656
0.5360000000000004,112.11800585565494,104.04044339707386,95.90372896844231,87.70654701198941,79.44753254683216,140.0,139.99328109475005,50.0,50.007295309683656
0.5370000000000004,112.11800585565494,104.04044339707386,95.90372896844231,87.70654701198941,79.44753254683216,140.0,139.99328109475005,50.0,50.007295309683656
0.5380000000000004,112.11800585565494,104.04044339707386,95.90372896844231,87.70654701198941,79.44753254683216,140.0,139.99328109475005,50.0,50.007295309683656
0.5390000000000004,112.11800585565494,104.04044339707386,95.90372896844231,87.70654701198941,79.44753254683216,140.0,139.99328109475005,50.0,50.007295309683656
0.5400000000000004,112.11800585565494,104.04044339707386,95.90372896844231,87.70654701198941,79.44753254683216,140.0,139.99328109475005,50.0,50.007295309683656
0.5410000000000004,112.11800585565494,104.04044339707386,95.90372896844231,87.70654701198941,79.44753254683216,140.0,139.99328109475005,50.0,50.007295309683656
0.5420000000000004,112.11800585565494,104.04044339707386,95.90372896844231,87.70654701198941,79.44753254683216,140.0,139.99328109475005,50.0,50.007295309683656
0.5430000000000004,112.11800585565494,104.04044339707386,95.90372896844231,87.70654701198941,79.44753254683216,140.0,139.99328109475005,50.0,50.007295309683656
0.5440000000000004,112.11800585565494,104.04044339707386,95.90372896844231,87.70654701198941,79.44753254683216,140.0,139.99328109475005,50.0,50.007295309683656
0.5450000000000004,112.11800585565494,104.04044339707386,95.90372896844231,87.70654701198941,79.44753254683216,140.0,139.99328109475005,50.0,50.007295309683656
0.5460000000000004,112.11800585565494,104.04044339707386,95.90372896844231,87.70654701198941,79.44753254683216,140.0,139.99328109475005,50.0,50.007295309683656
0.5470000000000004,112.11800585565494,104.04044339707386,95.90372896844231,87.70654701198941,79.44753254683216,140.0,139.99328109475005,50.0,50.007295309683656
0.5480000000000004,112.11800585565494,104.04044339707386,95.90372896844231,87.70654701198941,79.44753254683216,140.0,139.99328109475005,50.0,50.007295309683656
0.5490000000000004,112.11800585565494,104.04044339707386,95.90372896844231,87.70654701198941,79.44753254683216,140.0,139.99328109475005,50.0,50.007295309683656
0.5500000000000004,112.11800585565494,104.04044339707386,95.90372896844231,87.70654701198941,79.44753254683216,140.0,139.99328109475005,50.0,50.007295309683656
0.5510000000000004,112.11800585565494,104.04044339707386,95.90372896844231,87.70654701198941,79.44753254683216,140.0,139.99328109475005,50.0,50.007295309683656
0.5520000000000004,112.11800585565494,104.04044339707386,95.90372896844231,87.70654701198941,79.44753254683216,140.0,139.99328109475005,50.0,50.007295309683656
0.5530000000000004,112.11800585565494,104.04044339707386,95.90372896844231,87.70654701198941,79.44753254683216,140.0,139.99328109475005,50.0,50.007295309683656
0.5540000000000004,112.11800585565494,104.04044339707386,95.90372896844231,87.70654701198941,79.44753254683216,140.0,139.99328109475005,50.0,50.007295309683656
0.5550000000000004,112.11800585565494,104.04044339707386,95.90372896844231,87.70654701198941,79.44753254683216,140.0,139.99328109475005,50.0,50.007295309683656
0.5560000000000004,112.11800585565494,104.04044339707386,95.90372896844231,87.70654701198941,79.44753254683216,140.0,139.99328109475005,50.0,50.007295309683656
0.5570000000000004,112.11800585565494,104.04044339707386,95.90372896844231,87.70654701198941,79.44753254683216,140.0,139.99328109475005,50.0,50.007295309683656
0.5580000000000004,112.11800585565494,104.04044339707386,95.90372896844231,87.70654701198941,79.44753254683216,140.0,139.99328109475005,50.0,50.007295309683656
0.5590000000000004,112.11800585565494,104.04044339707386,95.90372896844231,87.70654701198941,79.44753254683216,140.0,139.99328109475005,50.0,50.007295309683656
0.5600000000000004,112.11800585565494,104.04044339707386,95.90372896844231,87.70654701198941,79.44753254683216,140.0,139.99328109475005,50.0,50.007295309683656
0.5610000000000004,112.11800585565494,104.04044339707386,95.90372896844231,87.70654701198941,79.44753254683216,140.0,139.99328109475005,50.0,50.007295309683656
0.5620000000000004,112.11800585565494,104.04044339707386,95.90372896844231,87.70654701198941,79.44753254683216,140.0,139.99328109475005,50.0,50.007295309683656
0.5630000000000004,112.11800585565494,104.04044339707386,95.90372896844231,87.70654701198941,79.44753254683216,140.0,139.99328109475005,50.0,50.007295309683656
0.5640000000000004,112.11800585565494,104.04044339707386,95.90372896844231,87.70654701198941,79.44753254683216,140.0,139.99328109475005,50.0,50.007295309683656
0.5650000000000004,112.11800585565494,104.04044339707386,95.90372896844231,87.70654701198941,79.44753254683216,140.0,139.99328109475005,50.0,50.007295309683656
0.5660000000000004,112.11800585565494,104.04044339707386,95.90372896844231,87.70654701198941,79.44753254683216,140.0,139.99328109475005,50.0,50.007295309683656
0.5670000000000004,112.11800585565494,104.04044339707386,95.90372896844231,87.70654701198941,79.44753254683216,140.0,139.99328109475005,50.0,50.007295309683656
0.5680000000000004,112.11800585565494,104.04044339707386,95.90372896844231,87.70654701198941,79.44753254683216,140.0,139.99328109475005,50.0,50.007295309683656
0.5690000000000004,112.11800585565494,104.04044339707386,95.90372896844231,87.70654701198941,79.44753254683216,140.0,139.99328109475005,50.0,50.007295309683656
0.5700000000000004,112.11800585565494,104.04044339707386,95.90372896844231,87.70654701198941,79.44753254683216,140.0,139.99328109475005,50.0,50.007295309683656
0.5710000000000004,112.11800585565494,104.04044339707386,95.90372896844231,87.70654701198941,79.44753254683216,140.0,139.99328109475005,50.0,50.007295309683656
0.5720000000000004,112.11800585565494,104.04044339707386,95.90372896844231,87.70654701198941,79.44753254683216,140.0,139.99328109475005,50.0,50.007295309683656
0.5730000000000004,112.11800585565494,104.04044339707386,95.90372896844231,87.70654701198941,79.44753254683216,140.0,139.99328109475005,50.0,50.007295309683656
0.5740000000000004,112.11800585565494,104.04044339707386,95.90372896844231,87.70654701198941,79.44753254683216,140.0,139.99328109475005,50.0,50.007295309683656
0.5750000000000004,112.11800585565494,104.04044339707386,95.90372896844231,87.70654701198941,79.44753254683216,140.0,139.99328109475005,50.0,50.007295309683656
0.5760000000000004,112.11800585565494,104.04044339707386,95.90372896844231,87.70654701198941,79.44753254683216,140.0,139.99328109475005,50.0,50.007295309683656
0.5770000000000004,112.11800585565494,104.04044339707386,95.90372896844231,87.70654701198941,79.44753254683216,140.0,139.99328109475005,50.0,50.007295309683656
0.5780000000000004,112.11800585565494,104.04044339707386,95.90372896844231,87.70654701198941,79.44753254683216,140.0,139.99328109475005,50.0,50.007295309683656
0.5790000000000004,112.11800585565494,104.04044339707386,95.90372896844231,87.70654701198941,79.44753254683216,140.0,139.99328109475005,50.0,50.007295309683656
0.5800000000000004,112.11800585565494,104.04044339707386,95.90372896844231,87.70654701198941,79.44753254683216,140.0,139.99328109475005,50.0,50.007295309683656
0.5810000000000004,112.11800585565494,104.04044339707386,95.90372896844231,87.70654701198941,79.44753254683216,140.0,139.99328109475005,50.0,50.007295309683656
0.5820000000000004,112.11800585565494,104.04044339707386,95.90372896844231,87.70654701198941,79.44753254683216,140.0,139.99328109475005,50.0,50.007295309683656
0.5830000000000004,112.11800585565494,104.04044339707386,95.90372896844231,87.70654701198941,79.44753254683216,140.0,139.99328109475005,50.0,50.007295309683656
0.5840000000000004,112.11800585565494,104.04044339707386,95.90372896844231,87.70654701198941,79.44753254683216,140.0,139.99328109475005,50.0,50.007295309683656
0.5850000000000004,112.11800585565494,104.04044339707386,95.90372896844231,87.70654701198941,79.44753254683216,140.0,139.99328109475005,50.0,50.007295309683656
0.5860000000000004,112.11800585565494,104.04044339707386,95.90372896844231,87.70654701198941,79.44753254683216,140.0,139.99328109475005,50.0,50.007295309683656
0.5870000000000004,112.11800585565494,104.04044339707386,95.90372896844231,87.70654701198941,79.44753254683216,140.0,139.99328109475005,50.0,50.007295309683656
0.5880000000000004,112.11800585565494,104.04044339707386,95.90372896844231,87.70654701198941,79.44753254683216,140.0,139.99328109475005,50.0,50.007295309683656
0.5890000000000004,112.11800585565494,104.04044339707386,95.90372896844231,87.70654701198941,79.44753254683216,140.0,139.99328109475005,50.0,50.007295309683656
0.5900000000000004,112.11800585565494,104.04044339707386,95.90372896844231,87.70654701198941,79.44753254683216,140.0,139.99328109475005,50.0,50.007295309683656
0.5910000000000004,112.11800585565494,104.04044339707386,95.90372896844231,87.70654701198941,79.44753254683216,140.0,139.99328109475005,50.0,50.007295309683656
0.5920000000000004,112.11800585565494,104.04044339707386,95.90372896844231,87.70654701198941,79.44753254683216,140.0,139.99328109475005,50.0,50.007295309683656
0.5930000000000004,112.11800585565494,104.04044339707386,95.90372896844231,87.70654701198941,79.44753254683216,140.0,139.99328109475005,50.0,50.007295309683656
0.5940000000000004,112.11800585565494,104.04044339707386,95.90372896844231,87.70654701198941,79.44753254683216,140.0,139.99328109475005,50.0,50.007295309683656
0.5950000000000004,112.11800585565494,104.04044339707386,95.90372896844231,87.70654701198941,79.44753254683216,140.0,139.99328109475005,50.0,50.007295309683656
0.5960000000000004,112.11800585565494,104.04044339707386,95.90372896844231,87.70654701198941,79.44753254683216,140.0,139.99328109475005,50.0,50.007295309683656
0.5970000000000004,112.11800585565494,104.04044339707386,95.90372896844231,87.70654701198941,79.44753254683216,140.0,139.99328109475005,50.0,50.007295309683656
0.5980000000000004,112.11800585565494,104.04044339707386,95.90372896844231,87.70654701198941,79.44753254683216,140.0,139.99328109475005,50.0,50.007295309683656
0.5990000000000004,112.11800585565494,104.04044339707386,95.90372896844231,87.70654701198941,79.44753254683216,140.0,139.99328109475005,50.0,50.007295309683656
0.6000000000000004,112.11800585565494,104.04044339707386,95.90372896844231,87.70654701198941,79.44753254683216,140.0,139.99328109475005,50.0,50.007295309683656
0.6010000000000004,112.11800585565494,104.04044339707386,95.90372896844231,87.70654701198941,79.44753254683216,140.0,139.99328109475005,50.0,50.007295309683656
0.6020000000000004,112.11800585565494,104.04044339707386,95.90372896844231,87.70654701198941,79.44753254683216,140.0,139.99328109475005,50.0,50.007295309683656
0.6030000000000004,112.11800585565494,104.04044339707386,95.90372896844231,87.70654701198941,79.44753254683216,140.0,139.99328109475005,50.0,50.007295309683656
0.6040000000000004,112.11800585565494,104.04044339707386,95.90372896844231,87.70654701198941,79.44753254683216,140.0,139.99328109475005,50.0,50.007295309683656
0.6050000000000004,112.11800585565494,104.04044339707386,95.90372896844231,87.70654701198941,79.44753254683216,140.0,139.99328109475005,50.0,50.007295309683656
0.6060000000000004,112.11800585565494,104.04044339707386,95.90372896844231,87.70654701198941,79.44753254683216,140.0,139.99328109475005,50.0,50.007295309683656
0.6070000000000004,112.11800585565494,104.04044339707386,95.90372896844231,87.70654701198941,79.44753254683216,140.0,139.99328109475005,50.0,50.007295309683656
0.6080000000000004,112.11800585565494,104.04044339707386,95.90372896844231,87.70654701198941,79.44753254683216,140.0,139.99328109475005,50.0,50.007295309683656
0.6090000000000004,112.11800585565494,104.04044339707386,95.90372896844231,87.70654701198941,79.44753254683216,140.0,139.99328109475005,50.0,50.007295309683656
0.6100000000000004,112.11800585565494,104.04044339707386,95.90372896844231,87.70654701198941,79.44753254683216,140.0,139.99328109475005,50.0,50.007295309683656
0.6110000000000004,112.11800585565494,104.04044339707386,95.90372896844231,87.70654701198941,79.44753254683216,140.0,139.99328109475005,50.0,50.007295309683656
0.6120000000000004,112.11800585565494,104.04044339707386,95.90372896844231,87.70654701198941,79.44753254683216,140.0,139.99328109475005,50.0,50.007295309683656
0.6130000000000004,112.11800585565494,104.04044339707386,95.90372896844231,87.70654701198941,79.44753254683216,140.0,139.99328109475005,50.0,50.007295309683656
0.6140000000000004,112.11800585565494,104.04044339707386,95.90372896844231,87.70654701198941,79.44753254683216,140.0,139.99328109475005,50.0,50.007295309683656
0.6150000000000004,112.11800585565494,104.04044339707386,95.90372896844231,87.70654701198941,79.44753254683216,140.0,139.99328109475005,50.0,50.007295309683656
0.6160000000000004,112.11800585565494,104.04044339707386,95.90372896844231,87.70654701198941,79.44753254683216,140.0,139.99328109475005,50.0,50.007295309683656
0.6170000000000004,112.11800585565494,104.04044339707386,95.90372896844231,87.70654701198941,79.44753254683216,140.0,139.99328109475005,50.0,50.007295309683656
0.6180000000000004,112.11800585565494,104.04044339707386,95.90372896844231,87.70654701198941,79.44753254683216,140.0,139.99328109475005,50.0,50.007295309683656
0.6190000000000004,112.11800585565494,104.04044339707386,95.90372896844231,87.70654701198941,79.44753254683216,140.0,139.99328109475005,50.0,50.007295309683656
0.6200000000000004,112.11800585565494,104.04044339707386,95.90372896844231,87.70654701198941,79.44753254683216,140.0,139.99328109475005,50.0,50.007295309683656
0.6210000000000004,112.11800585565494,104.04044339707386,95.90372896844231,87.70654701198941,79.44753254683216,140.0,139.99328109475005,50.0,50.007295309683656
0.6220000000000004,112.11800585565494,104.04044339707386,95.90372896844231,87.70654701198941,79.44753254683216,140.0,139.99328109475005,50.0,50.007295309683656
0.6230000000000004,112.11800585565494,104.04044339707386,95.90372896844231,87.70654701198941,79.44753254683216,140.0,139.99328109475005,50.0,50.007295309683656
0.6240000000000004,112.11800585565494,104.04044339707386,95.90372896844231,87.70654701198941,79.44753254683216,140.0,139.99328109475005,50.0,50.007295309683656
0.6250000000000004,112.11800585565494,104.04044339707386,95.90372896844231,87.70654701198941,79.44753254683216,140.0,139.99328109475005,50.0,50.007295309683656
0.6260000000000004,112.11800585565494,104.04044339707386,95.90372896844231,87.70654701198941,79.44753254683216,140.0,139.99328109475005,50.0,50.007295309683656
0.6270000000000004,112.11800585565494,104.04044339707386,95.90372896844231,87.70654701198941,79.44753254683216,140.0,139.99328109475005,50.0,50.007295309683656
0.6280000000000004,112.11800585565494,104.04044339707386,95.90372896844231,87.70654701198941,79.44753254683216,140.0,139.99328109475005,50.0,50.007295309683656
0.6290000000000004,112.11800585565494,104.04044339707386,95.90372896844231,87.70654701198941,79.44753254683216,140.0,139.99328109475005,50.0,50.007295309683656
0.6300000000000004,112.11800585565494,104.04044339707386,95.90372896844231,87.70654701198941,79.44753254683216,140.0,139.99328109475005,50.0,50.007295309683656
0.6310000000000004,112.11800585565494,104.04044339707386,95.90372896844231,87.70654701198941,79.44753254683216,140.0,139.99328109475005,50.0,50.007295309683656
0.6320000000000005,112.11800585565494,104.04044339707386,95.90372896844231,87.70654701198941,79.44753254683216,140.0,139.99328109475005,50.0,50.007295309683656
0.6330000000000005,112.11800585565494,104.04044339707386,95.90372896844231,87.70654701198941,79.44753254683216,140.0,139.99328109475005,50.0,50.007295309683656
0.6340000000000005,112.11800585565494,104.04044339707386,95.90372896844231,87.70654701198941,79.44753254683216,140.0,139.99328109475005,50.0,50.007295309683656
0.6350000000000005,112.11800585565494,104.04044339707386,95.90372896844231,87.70654701198941,79.44753254683216,140.0,139.99328109475005,50.0,50.007295309683656
0.6360000000000005,112.11800585565494,104.04044339707386,95.90372896844231,87.70654701198941,79.44753254683216,140.0,139.99328109475005,50.0,50.007295309683656
0.6370000000000005,112.11800585565494,104.04044339707386,95.90372896844231,87.70654701198941,79.44753254683216,140.0,139.99328109475005,50.0,50.007295309683656
0.6380000000000005,112.11800585565494,104.04044339707386,95.90372896844231,87.70654701198941,79.44753254683216,140.0,139.99328109475005,50.0,50.007295309683656
0.6390000000000005,112.11800585565494,104.04044339707386,95.90372896844231,87.70654701198941,79.44753254683216,140.0,139.99328109475005,50.0,50.007295309683656
0.6400000000000005,112.11800585565494,104.04044339707386,95.90372896844231,87.70654701198941,79.44753254683216,140.0,139.99328109475005,50.0,50.007295309683656
0.6410000000000005,112.11800585565494,104.04044339707386,95.90372896844231,87.70654701198941,79.44753254683216,140.0,139.99328109475005,50.0,50.007295309683656
0.6420000000000005,112.11800585565494,104.04044339707386,95.90372896844231,87.70654701198941,79.44753254683216,140.0,139.99328109475005,50.0,50.007295309683656
0.6430000000000005,112.11800585565494,104.04044339707386,95.90372896844231,87.70654701198941,79.44753254683216,140.0,139.99328109475005,50.0,50.007295309683656
0.6440000000000005,112.11800585565494,104.04044339707386,95.90372896844231,87.70654701198941,79.44753254683216,140.0,139.99328109475005,50.0,50.007295309683656
0.6450000000000005,112.11800585565494,104.04044339707386,95.90372896844231,87.70654701198941,79.44753254683216,140.0,139.99328109475005,50.0,50.007295309683656
0.6460000000000005,112.11800585565494,104.04044339707386,95.90372896844231,87.70654701198941,79.44753254683216,140.0,139.99328109475005,50.0,50.007295309683656
0.6470000000000005,112.11800585565494,104.04044339707386,95.90372896844231,87.70654701198941,79.44753254683216,140.0,139.99328109475005,50.0,50.007295309683656
0.6480000000000005,112.11800585565494,104.04044339707386,95.90372896844231,87.70654701198941,79.44753254683216,140.0,139.99328109475005,50.0,50.007295309683656
0.6490000000000005,112.11800585565494,104.04044339707386,95.90372896844231,87.70654701198941,79.44753254683216,140.0,139.99328109475005,50.0,50.007295309683656
0.6500000000000005,112.11800585565494,104.04044339707386,95.90372896844231,87.70654701198941,79.44753254683216,140.0,139.99328109475005,50.0,50.007295309683656
0.6510000000000005,112.11800585565494,104.04044339707386,95.90372896844231,87.70654701198941,79.44753254683216,140.0,139.99328109475005,50.0,50.007295309683656
0.6520000000000005,112.11800585565494,104.04044339707386,95.90372896844231,87.70654701198941,79.44753254683216,140.0,139.99328109475005,50.0,50.007295309683656
0.6530000000000005,112.11800585565494,104.04044339707386,95.90372896844231,87.70654701198941,79.44753254683216,140.0,139.99328109475005,50.0,50.007295309683656
0.6540000000000005,112.11800585565494,104.04044339707386,95.90372896844231,87.70654701198941,79.44753254683216,140.0,139.99328109475005,50.0,50.007295309683656
0.6550000000000005,112.11800585565494,104.04044339707386,95.90372896844231,87.70654701198941,79.44753254683216,140.0,139.99328109475005,50.0,50.007295309683656
0.6560000000000005,112.11800585565494,104.04044339707386,95.90372896844231,87.70654701198941,79.44753254683216,140.0,139.99328109475005,50.0,50.007295309683656
0.6570000000000005,112.11800585565494,104.04044339707386,95.90372896844231,87.70654701198941,79.44753254683216,140.0,139.99328109475005,50.0,50.007295309683656
0.6580000000000005,112.11800585565494,104.04044339707386,95.90372896844231,87.70654701198941,79.44753254683216,140.0,139.99328109475005,50.0,50.007295309683656
0.6590000000000005,112.11800585565494,104.04044339707386,95.90372896844231,87.70654701198941,79.44753254683216,140.0,139.99328109475005,50.0,50.007295309683656
0.6600000000000005,112.11800585565494,104.04044339707386,95.90372896844231,87.70654701198941,79.44753254683216,140.0,139.99328109475005,50.0,50.007295309683656
0.6610000000000005,112.11800585565494,104.04044339707386,95.90372896844231,87.70654701198941,79.44753254683216,140.0,139.99328109475005,50.0,50.007295309683656
0.6620000000000005,112.11800585565494,104.04044339707386,95.90372896844231,87.70654701198941,79.44753254683216,140.0,139.99328109475005,50.0,50.007295309683656
0.6630000000000005,112.11800585565494,104.04044339707386,95.90372896844231,87.70654701198941,79.44753254683216,140.0,139.99328109475005,50.0,50.007295309683656
0.6640000000000005,112.11800585565494,104.04044339707386,95.90372896844231,87.70654701198941,79.44753254683216,140.0,139.99328109475005,50.0,50.007295309683656
0.6650000000000005,112.11800585565494,104.04044339707386,95.90372896844231,87.70654701198941,79.44753254683216,140.0,139.99328109475005,50.0,50.007295309683656
0.6660000000000005,112.11800585565494,104.04044339707386,95.90372896844231,87.70654701198941,79.44753254683216,140.0,139.99328109475005,50.0,50.007295309683656
0.6670000000000005,112.11800585565494,104.04044339707386,95.90372896844231,87.70654701198941,79.44753254683216,140.0,139.99328109475005,50.0,50.007295309683656
0.6680000000000005,112.11800585565494,104.04044339707386,95.90372896844231,87.70654701198941,79.44753254683216,140.0,139.99328109475005,50.0,50.007295309683656
0.6690000000000005,112.11800585565494,104.04044339707386,95.90372896844231,87.70654701198941,79.44753254683216,140.0,139.99328109475005,50.0,50.007295309683656
0.6700000000000005,112.11800585565494,104.04044339707386,95.90372896844231,87.70654701198941,79.44753254683216,140.0,139.99328109475005,50.0,50.007295309683656
0.6710000000000005,112.11800585565494,104.04044339707386,95.90372896844231,87.70654701198941,79.44753254683216,140.0,139.99328109475005,50.0,50.007295309683656
0.6720000000000005,112.11800585565494,104.04044339707386,95.90372896844231,87.70654701198941,79.44753254683216,140.0,139.99328109475005,50.0,50.007295309683656
0.6730000000000005,112.11800585565494,104.04044339707386,95.90372896844231,87.70654701198941,79.44753254683216,140.0,139.99328109475005,50.0,50.007295309683656
0.6740000000000005,112.11800585565494,104.04044339707386,95.90372896844231,87.70654701198941,79.44753254683216,140.0,139.99328109475005,50.0,50.007295309683656
0.6750000000000005,112.11800585565494,104.04044339707386,95.90372896844231,87.70654701198941,79.44753254683216,140.0,139.99328109475005,50.0,50.007295309683656
0.6760000000000005,112.11800585565494,104.04044339707386,95.90372896844231,87.70654701198941,79.44753254683216,140.0,139.99328109475005,50.0,50.007295309683656
0.6770000000000005,112.11800585565494,104.04044339707386,95.90372896844231,87.70654701198941,79.44753254683216,140.0,139.99328109475005,50.0,50.007295309683656
0.6780000000000005,112.11800585565494,104.04044339707386,95.90372896844231,87.70654701198941,79.44753254683216,140.0,139.99328109475005,50.0,50.007295309683656
0.6790000000000005,112.11800585565494,104.04044339707386,95.90372896844231,87.70654701198941,79.44753254683216,140.0,139.99328109475005,50.0,50.007295309683656
0.6800000000000005,112.11800585565494,104.04044339707386,95.90372896844231,87.70654701198941,79.44753254683216,140.0,139.99328109475005,50.0,50.007295309683656
0.6810000000000005,112.11800585565494,104.04044339707386,95.90372896844231,87.70654701198941,79.44753254683216,140.0,139.99328109475005,50.0,50.007295309683656
0.6820000000000005,112.11800585565494,104.04044339707386,95.90372896844231,87.70654701198941,79.44753254683216,140.0,139.99328109475005,50.0,50.007295309683656
0.6830000000000005,112.11800585565494,104.04044339707386,95.90372896844231,87.70654701198941,79.44753254683216,140.0,139.99328109475005,50.0,50.007295309683656
0.6840000000000005,112.11800585565494,104.04044339707386,95.90372896844231,87.70654701198941,79.44753254683216,140.0,139.99328109475005,50.0,50.007295309683656
0.6850000000000005,112.11800585565494,104.04044339707386,95.90372896844231,87.70654701198941,79.44753254683216,140.0,139.99328109475005,50.0,50.007295309683656
0.6860000000000005,112.11800585565494,104.04044339707386,95.90372896844231,87.70654701198941,79.44753254683216,140.0,139.99328109475005,50.0,50.007295309683656
0.6870000000000005,112.11800585565494,104.04044339707386,95.90372896844231,87.70654701198941,79.44753254683216,140.0,139.99328109475005,50.0,50.007295309683656
0.6880000000000005,112.11800585565494,104.04044339707386,95.90372896844231,87.70654701198941,79.44753254683216,140.0,139.99328109475005,50.0,50.007295309683656
0.6890000000000005,112.11800585565494,104.04044339707386,95.90372896844231,87.70654701198941,79.44753254683216,140.0,139.99328109475005,50.0,50.007295309683656
0.6900000000000005,112.11800585565494,104.04044339707386,95.90372896844231,87.70654701198941,79.44753254683216,140.0,139.99328109475005,50.0,50.007295309683656
0.6910000000000005,112.11800585565494,104.04044339707386,95.90372896844231,87.70654701198941,79.44753254683216,140.0,139.99328109475005,50.0,50.007295309683656
0.6920000000000005,112.11800585565494,104.04044339707386,95.90372896844231,87.70654701198941,79.44753254683216,140.0,139.99328109475005,50.0,50.007295309683656
0.6930000000000005,112.11800585565494,104.04044339707386,95.90372896844231,87.70654701198941,79.44753254683216,140.0,139.99328109475005,50.0,50.007295309683656
0.6940000000000005,112.11800585565494,104.04044339707386,95.90372896844231,87.70654701198941,79.44753254683216,140.0,139.99328109475005,50.0,50.007295309683656
0.6950000000000005,112.11800585565494,104.04044339707386,95.90372896844231,87.70654701198941,79.44753254683216,140.0,139.99328109475005,50.0,50.007295309683656
0.6960000000000005,112.11800585565494,104.04044339707386,95.90372896844231,87.70654701198941,79.44753254683216,140.0,139.99328109475005,50.0,50.007295309683656
0.6970000000000005,112.11800585565494,104.04044339707386,95.90372896844231,87.70654701198941,79.44753254683216,140.0,139.99328109475005,50.0,50.007295309683656
0.6980000000000005,112.11800585565494,104.04044339707386,95.90372896844231,87.70654701198941,79.44753254683216,140.0,139.99328109475005,50.0,50.007295309683656
0.6990000000000005,112.11800585565494,104.04044339707386,95.90372896844231,87.70654701198941,79.44753254683216,140.0,139.99328109475005,50.0,50.007295309683656
0.7000000000000005,112.11800585565494,104.04044339707386,95.90372896844231,87.70654701198941,79.44753254683216,140.0,139.99328109475005,50.0,50.007295309683656
0.7010000000000005,112.11800585565494,104.04044339707386,95.90372896844231,87.70654701198941,79.44753254683216,140.0,139.99328109475005,50.0,50.007295309683656
0.7020000000000005,112.11800585565494,104.04044339707386,95.90372896844231,87.70654701198941,79.44753254683216,140.0,139.99328109475005,50.0,50.007295309683656
0.7030000000000005,112.11800585565494,104.04044339707386,95.90372896844231,87.70654701198941,79.44753254683216,140.0,139.99328109475005,50.0,50.007295309683656
0.7040000000000005,112.11800585565494,104.04044339707386,95.90372896844231,87.70654701198941,79.44753254683216,140.0,139.99328109475005,50.0,50.007295309683656
0.7050000000000005,112.11800585565494,104.04044339707386,95.90372896844231,87.70654701198941,79.44753254683216,140.0,139.99328109475005,50.0,50.007295309683656
0.7060000000000005,112.11800585565494,104.04044339707386,95.90372896844231,87.70654701198941,79.44753254683216,140.0,139.99328109475005,50.0,50.007295309683656
0.7070000000000005,112.11800585565494,104.04044339707386,95.90372896844231,87.70654701198941,79.44753254683216,140.0,139.99328109475005,50.0,50.007295309683656
0.7080000000000005,112.11800585565494,104.04044339707386,95.90372896844231,87.70654701198941,79.44753254683216,140.0,139.99328109475005,50.0,50.007295309683656
0.7090000000000005,112.11800585565494,104.04044339707386,95.90372896844231,87.70654701198941,79.44753254683216,140.0,139.99328109475005,50.0,50.007295309683656
0.7100000000000005,112.11800585565494,104.04044339707386,95.90372896844231,87.70654701198941,79.44753254683216,140.0,139.99328109475005,50.0,50.007295309683656
0.7110000000000005,112.11800585565494,104.04044339707386,95.90372896844231,87.70654701198941,79.44753254683216,140.0,139.99328109475005,50.0,50.007295309683656
0.7120000000000005,112.11800585565494,104.04044339707386,95.90372896844231,87.70654701198941,79.44753254683216,140.0,139.99328109475005,50.0,50.007295309683656
0.7130000000000005,112.11800585565494,104.04044339707386,95.90372896844231,87.70654701198941,79.44753254683216,140.0,139.99328109475005,50.0,50.007295309683656
0.7140000000000005,112.11800585565494,104.04044339707386,95.90372896844231,87.70654701198941,79.44753254683216,140.0,139.99328109475005,50.0,50.007295309683656
0.7150000000000005,112.11800585565494,104.04044339707386,95.90372896844231,87.70654701198941,79.44753254683216,140.0,139.99328109475005,50.0,50.007295309683656
0.7160000000000005,112.11800585565494,104.04044339707386,95.90372896844231,87.70654701198941,79.44753254683216,140.0,139.99328109475005,50.0,50.007295309683656
0.7170000000000005,112.11800585565494,104.04044339707386,95.90372896844231,87.70654701198941,79.44753254683216,140.0,139.99328109475005,50.0,50.007295309683656
0.7180000000000005,112.11800585565494,104.04044339707386,95.90372896844231,87.70654701198941,79.44753254683216,140.0,139.99328109475005,50.0,50.007295309683656
0.7190000000000005,112.11800585565494,104.04044339707386,95.90372896844231,87.70654701198941,79.44753254683216,140.0,139.99328109475005,50.0,50.007295309683656
0.7200000000000005,112.11800585565494,104.04044339707386,95.90372896844231,87.70654701198941,79.44753254683216,140.0,139.99328109475005,50.0,50.007295309683656
0.7210000000000005,112.11800585565494,104.04044339707386,95.90372896844231,87.70654701198941,79.44753254683216,140.0,139.99328109475005,50.0,50.007295309683656
0.7220000000000005,112.11800585565494,104.04044339707386,95.90372896844231,87.70654701198941,79.44753254683216,140.0,139.99328109475005,50.0,50.007295309683656
0.7230000000000005,112.11800585565494,104.04044339707386,95.90372896844231,87.70654701198941,79.44753254683216,140.0,139.99328109475005,50.0,50.007295309683656
0.7240000000000005,112.11800585565494,104.04044339707386,95.90372896844231,87.70654701198941,79.44753254683216,140.0,139.99328109475005,50.0,50.007295309683656
0.7250000000000005,112.11800585565494,104.04044339707386,95.90372896844231,87.70654701198941,79.44753254683216,140.0,139.99328109475005,50.0,50.007295309683656
0.7260000000000005,112.11800585565494,104.04044339707386,95.90372896844231,87.70654701198941,79.44753254683216,140.0,139.99328109475005,50.0,50.007295309683656
0.7270000000000005,112.11800585565494,104.04044339707386,95.90372896844231,87.70654701198941,79.44753254683216,140.0,139.99328109475005,50.0,50.007295309683656
0.7280000000000005,112.11800585565494,104.04044339707386,95.90372896844231,87.70654701198941,79.44753254683216,140.0,139.99328109475005,50.0,50.007295309683656
0.7290000000000005,112.11800585565494,104.04044339707386,95.90372896844231,87.70654701198941,79.44753254683216,140.0,139.99328109475005,50.0,50.007295309683656
0.7300000000000005,112.11800585565494,104.04044339707386,95.90372896844231,87.70654701198941,79.44753254683216,140.0,139.99328109475005,50.0,50.007295309683656
0.7310000000000005,112.11800585565494,104.04044339707386,95.90372896844231,87.70654701198941,79.44753254683216,140.0,139.99328109475005,50.0,50.007295309683656
0.7320000000000005,112.11800585565494,104.04044339707386,95.90372896844231,87.70654701198941,79.44753254683216,140.0,139.99328109475005,50.0,50.007295309683656
0.7330000000000005,112.11800585565494,104.04044339707386,95.90372896844231,87.70654701198941,79.44753254683216,140.0,139.99328109475005,50.0,50.007295309683656
0.7340000000000005,112.11800585565494,104.04044339707386,95.90372896844231,87.70654701198941,79.44753254683216,140.0,139.99328109475005,50.0,50.007295309683656
0.7350000000000005,112.11800585565494,104.04044339707386,95.90372896844231,87.70654701198941,79.44753254683216,140.0,139.99328109475005,50.0,50.007295309683656
0.7360000000000005,112.11800585565494,104.04044339707386,95.90372896844231,87.70654701198941,79.44753254683216,140.0,139.99328109475005,50.0,50.007295309683656
0.7370000000000005,112.11800585565494,104.04044339707386,95.90372896844231,87.70654701198941,79.44753254683216,140.0,139.99328109475005,50.0,50.007295309683656
0.7380000000000005,112.11800585565494,104.04044339707386,95.90372896844231,87.70654701198941,79.44753254683216,140.0,139.99328109475005,50.0,50.007295309683656
0.7390000000000005,112.11800585565494,104.04044339707386,95.90372896844231,87.70654701198941,79.44753254683216,140.0,139.99328109475005,50.0,50.007295309683656
0.7400000000000005,112.11800585565494,104.04044339707386,95.90372896844231,87.70654701198941,79.44753254683216,140.0,139.99328109475005,50.0,50.007295309683656
0.7410000000000005,112.11800585565494,104.04044339707386,95.90372896844231,87.70654701198941,79.44753254683216,140.0,139.99328109475005,50.0,50.007295309683656
0.7420000000000005,112.11800585565494,104.04044339707386,95.90372896844231,87.70654701198941,79.44753254683216,140.0,139.99328109475005,50.0,50.007295309683656
0.7430000000000005,112.11800585565494,104.04044339707386,95.90372896844231,87.70654701198941,79.44753254683216,140.0,139.99328109475005,50.0,50.007295309683656
0.7440000000000005,112.11800585565494,104.04044339707386,95.90372896844231,87.70654701198941,79.44753254683216,140.0,139.99328109475005,50.0,50.007295309683656
0.7450000000000006,112.11800585565494,104.04044339707386,95.90372896844231,87.70654701198941,79.44753254683216,140.0,139.99328109475005,50.0,50.007295309683656
0.7460000000000006,112.11800585565494,104.04044339707386,95.90372896844231,87.70654701198941,79.44753254683216,140.0,139.99328109475005,50.0,50.007295309683656
0.7470000000000006,112.11800585565494,104.04044339707386,95.90372896844231,87.70654701198941,79.44753254683216,140.0,139.99328109475005,50.0,50.007295309683656
0.7480000000000006,112.11800585565494,104.04044339707386,95.90372896844231,87.70654701198941,79.44753254683216,140.0,139.99328109475005,50.0,50.007295309683656
0.7490000000000006,112.11800585565494,104.04044339707386,95.90372896844231,87.70654701198941,79.44753254683216,140.0,139.99328109475005,50.0,50.007295309683656
0.7500000000000006,112.11800585565494,104.04044339707386,95.90372896844231,87.70654701198941,79.44753254683216,140.0,139.99328109475005,50.0,50.007295309683656
0.7510000000000006,112.11800585565494,104.04044339707386,95.90372896844231,87.70654701198941,79.44753254683216,140.0,139.99328109475005,50.0,50.007295309683656
0.7520000000000006,112.11800585565494,104.04044339707386,95.90372896844231,87.70654701198941,79.44753254683216,140.0,139.99328109475005,50.0,50.007295309683656
0.7530000000000006,112.11800585565494,104.04044339707386,95.90372896844231,87.70654701198941,79.44753254683216,140.0,139.99328109475005,50.0,50.007295309683656
0.7540000000000006,112.11800585565494,104.04044339707386,95.90372896844231,87.70654701198941,79.44753254683216,140.0,139.99328109475005,50.0,50.007295309683656
0.7550000000000006,112.11800585565494,104.04044339707386,95.90372896844231,87.70654701198941,79.44753254683216,140.0,139.99328109475005,50.0,50.007295309683656
0.7560000000000006,112.11800585565494,104.04044339707386,95.90372896844231,87.70654701198941,79.44753254683216,140.0,139.99328109475005,50.0,50.007295309683656
0.7570000000000006,112.11800585565494,104.04044339707386,95.90372896844231,87.70654701198941,79.44753254683216,140.0,139.99328109475005,50.0,50.007295309683656
0.7580000000000006,112.11800585565494,104.04044339707386,95.90372896844231,87.70654701198941,79.44753254683216,140.0,139.99328109475005,50.0,50.007295309683656
0.7590000000000006,112.11800585565494,104.04044339707386,95.90372896844231,87.70654701198941,79.44753254683216,140.0,139.99328109475005,50.0,50.007295309683656
0.7600000000000006,112.11800585565494,104.04044339707386,95.90372896844231,87.70654701198941,79.44753254683216,140.0,139.99328109475005,50.0,50.007295309683656
0.7610000000000006,112.11800585565494,104.04044339707386,95.90372896844231,87.70654701198941,79.44753254683216,140.0,139.99328109475005,50.0,50.007295309683656
0.7620000000000006,112.11800585565494,104.04044339707386,95.90372896844231,87.70654701198941,79.44753254683216,140.0,139.99328109475005,50.0,50.007295309683656
0.7630000000000006,112.11800585565494,104.04044339707386,95.90372896844231,87.70654701198941,79.44753254683216,140.0,139.99328109475005,50.0,50.007295309683656
0.7640000000000006,112.11800585565494,104.04044339707386,95.90372896844231,87.70654701198941,79.44753254683216,140.0,139.99328109475005,50.0,50.007295309683656
0.7650000000000006,112.11800585565494,104.04044339707386,95.90372896844231,87.70654701198941,79.44753254683216,140.0,139.99328109475005,50.0,50.007295309683656
0.7660000000000006,112.11800585565494,104.04044339707386,95.90372896844231,87.70654701198941,79.44753254683216,140.0,139.99328109475005,50.0,50.007295309683656
0.7670000000000006,112.11800585565494,104.04044339707386,95.90372896844231,87.70654701198941,79.44753254683216,140.0,139.99328109475005,50.0,50.007295309683656
0.7680000000000006,112.11800585565494,104.04044339707386,95.90372896844231,87.70654701198941,79.44753254683216,140.0,139.99328109475005,50.0,50.007295309683656
0.7690000000000006,112.11800585565494,104.04044339707386,95.90372896844231,87.70654701198941,79.44753254683216,140.0,139.99328109475005,50.0,50.007295309683656
0.7700000000000006,112.11800585565494,104.04044339707386,95.90372896844231,87.70654701198941,79.44753254683216,140.0,139.99328109475005,50.0,50.007295309683656
0.7710000000000006,112.11800585565494,104.04044339707386,95.90372896844231,87.70654701198941,79.44753254683216,140.0,139.99328109475005,50.0,50.007295309683656
0.7720000000000006,112.11800585565494,104.04044339707386,95.90372896844231,87.70654701198941,79.44753254683216,140.0,139.99328109475005,50.0,50.007295309683656
0.7730000000000006,112.11800585565494,104.04044339707386,95.90372896844231,87.70654701198941,79.44753254683216,140.0,139.99328109475005,50.0,50.007295309683656
0.7740000000000006,112.11800585565494,104.04044339707386,95.90372896844231,87.70654701198941,79.44753254683216,140.0,139.99328109475005,50.0,50.007295309683656
0.7750000000000006,112.11800585565494,104.04044339707386,95.90372896844231,87.70654701198941,79.44753254683216,140.0,139.99328109475005,50.0,50.007295309683656
0.7760000000000006,112.11800585565494,104.04044339707386,95.90372896844231,87.70654701198941,79.44753254683216,140.0,139.99328109475005,50.0,50.007295309683656
0.7770000000000006,112.11800585565494,104.04044339707386,95.90372896844231,87.70654701198941,79.44753254683216,140.0,139.99328109475005,50.0,50.007295309683656
0.7780000000000006,112.11800585565494,104.04044339707386,95.90372896844231,87.70654701198941,79.44753254683216,140.0,139.99328109475005,50.0,50.007295309683656
0.7790000000000006,112.11800585565494,104.04044339707386,95.90372896844231,87.70654701198941,79.44753254683216,140.0,139.99328109475005,50.0,50.007295309683656
0.7800000000000006,112.11800585565494,104.04044339707386,95.90372896844231,87.70654701198941,79.44753254683216,140.0,139.99328109475005,50.0,50.007295309683656
0.7810000000000006,112.11800585565494,104.04044339707386,95.90372896844231,87.70654701198941,79.44753254683216,140.0,139.99328109475005,50.0,50.007295309683656
0.7820000000000006,112.11800585565494,104.04044339707386,95.90372896844231,87.70654701198941,79.44753254683216,140.0,139.99328109475005,50.0,50.007295309683656
0.7830000000000006,112.11800585565494,104.04044339707386,95.90372896844231,87.70654701198941,79.44753254683216,140.0,139.99328109475005,50.0,50.007295309683656
0.7840000000000006,112.11800585565494,104.04044339707386,95.90372896844231,87.70654701198941,79.44753254683216,140.0,139.99328109475005,50.0,50.007295309683656
0.7850000000000006,112.11800585565494,104.04044339707386,95.90372896844231,87.70654701198941,79.44753254683216,140.0,139.99328109475005,50.0,50.007295309683656
0.7860000000000006,112.11800585565494,104.04044339707386,95.90372896844231,87.70654701198941,79.44753254683216,140.0,139.99328109475005,50.0,50.007295309683656
0.7870000000000006,112.11800585565494,104.04044339707386,95.90372896844231,87.70654701198941,79.44753254683216,140.0,139.99328109475005,50.0,50.007295309683656
0.7880000000000006,112.11800585565494,104.04044339707386,95.90372896844231,87.70654701198941,79.44753254683216,140.0,139.99328109475005,50.0,50.007295309683656
0.7890000000000006,112.11800585565494,104.04044339707386,95.90372896844231,87.70654701198941,79.44753254683216,140.0,139.99328109475005,50.0,50.007295309683656
0.7900000000000006,112.11800585565494,104.04044339707386,95.90372896844231,87.70654701198941,79.44753254683216,140.0,139.99328109475005,50.0,50.007295309683656
0.7910000000000006,112.11800585565494,104.04044339707386,95.90372896844231,87.70654701198941,79.44753254683216,140.0,139.99328109475005,50.0,50.007295309683656
0.7920000000000006,112.11800585565494,104.04044339707386,95.90372896844231,87.70654701198941,79.44753254683216,140.0,139.99328109475005,50.0,50.007295309683656
0.7930000000000006,112.11800585565494,104.04044339707386,95.90372896844231,87.70654701198941,79.44753254683216,140.0,139.99328109475005,50.0,50.007295309683656
0.7940000000000006,112.11800585565494,104.04044339707386,95.90372896844231,87.70654701198941,79.44753254683216,140.0,139.99328109475005,50.0,50.007295309683656
0.7950000000000006,112.11800585565494,104.04044339707386,95.90372896844231,87.70654701198941,79.44753254683216,140.0,139.99328109475005,50.0,50.007295309683656
0.7960000000000006,112.11800585565494,104.04044339707386,95.90372896844231,87.70654701198941,79.44753254683216,140.0,139.99328109475005,50.0,50.007295309683656
0.7970000000000006,112.11800585565494,104.04044339707386,95.90372896844231,87.70654701198941,79.44753254683216,140.0,139.99328109475005,50.0,50.007295309683656
0.7980000000000006,112.11800585565494,104.04044339707386,95.90372896844231,87.70654701198941,79.44753254683216,140.0,139.99328109475005,50.0,50.007295309683656
0.7990000000000006,112.11800585565494,104.04044339707386,95.90372896844231,87.70654701198941,79.44753254683216,140.0,139.99328109475005,50.0,50.007295309683656
0.8000000000000006,112.11800585565494,104.04044339707386,95.90372896844231,87.70654701198941,79.44753254683216,140.0,139.99328109475005,50.0,50.007295309683656
0.8010000000000006,112.11800585565494,104.04044339707386,95.90372896844231,87.70654701198941,79.44753254683216,140.0,139.99328109475005,50.0,50.007295309683656
0.8020000000000006,112.11800585565494,104.04044339707386,95.90372896844231,87.70654701198941,79.44753254683216,140.0,139.99328109475005,50.0,50.007295309683656
0.8030000000000006,112.11800585565494,104.04044339707386,95.90372896844231,87.70654701198941,79.44753254683216,140.0,139.99328109475005,50.0,50.007295309683656
0.8040000000000006,112.11800585565494,104.04044339707386,95.90372896844231,87.70654701198941,79.44753254683216,140.0,139.99328109475005,50.0,50.007295309683656
0.8050000000000006,112.11800585565494,104.04044339707386,95.90372896844231,87.70654701198941,79.44753254683216,140.0,139.99328109475005,50.0,50.007295309683656
0.8060000000000006,112.11800585565494,104.04044339707386,95.90372896844231,87.70654701198941,79.44753254683216,140.0,139.99328109475005,50.0,50.007295309683656
0.8070000000000006,112.11800585565494,104.04044339707386,95.90372896844231,87.70654701198941,79.44753254683216,140.0,139.99328109475005,50.0,50.007295309683656
0.8080000000000006,112.11800585565494,104.04044339707386,95.90372896844231,87.70654701198941,79.44753254683216,140.0,139.99328109475005,50.0,50.007295309683656
0.8090000000000006,112.11800585565494,104.04044339707386,95.90372896844231,87.70654701198941,79.44753254683216,140.0,139.99328109475005,50.0,50.007295309683656
0.8100000000000006,112.11800585565494,104.04044339707386,95.90372896844231,87.70654701198941,79.44753254683216,140.0,139.99328109475005,50.0,50.007295309683656
0.8110000000000006,112.11800585565494,104.04044339707386,95.90372896844231,87.70654701198941,79.44753254683216,140.0,139.99328109475005,50.0,50.007295309683656
0.8120000000000006,112.11800585565494,104.04044339707386,95.90372896844231,87.70654701198941,79.44753254683216,140.0,139.99328109475005,50.0,50.007295309683656
0.8130000000000006,112.11800585565494,104.04044339707386,95.90372896844231,87.70654701198941,79.44753254683216,140.0,139.99328109475005,50.0,50.007295309683656
0.8140000000000006,112.11800585565494,104.04044339707386,95.90372896844231,87.70654701198941,79.44753254683216,140.0,139.99328109475005,50.0,50.007295309683656
0.8150000000000006,112.11800585565494,104.04044339707386,95.90372896844231,87.70654701198941,79.44753254683216,140.0,139.99328109475005,50.0,50.007295309683656
0.8160000000000006,112.11800585565494,104.04044339707386,95.90372896844231,87.70654701198941,79.44753254683216,140.0,139.99328109475005,50.0,50.007295309683656
0.8170000000000006,112.11800585565494,104.04044339707386,95.90372896844231,87.70654701198941,79.44753254683216,140.0,139.99328109475005,50.0,50.007295309683656
0.8180000000000006,112.11800585565494,104.04044339707386,95.90372896844231,87.70654701198941,79.44753254683216,140.0,139.99328109475005,50.0,50.007295309683656
0.8190000000000006,112.11800585565494,104.04044339707386,95.90372896844231,87.70654701198941,79.44753254683216,140.0,139.99328109475005,50.0,50.007295309683656
0.8200000000000006,112.11800585565494,104.04044339707386,95.90372896844231,87.70654701198941,79.44753254683216,140.0,139.99328109475005,50.0,50.007295309683656
0.8210000000000006,112.11800585565494,104.04044339707386,95.90372896844231,87.70654701198941,79.44753254683216,140.0,139.99328109475005,50.0,50.007295309683656
0.8220000000000006,112.11800585565494,104.04044339707386,95.90372896844231,87.70654701198941,79.44753254683216,140.0,139.99328109475005,50.0,50.007295309683656
0.8230000000000006,112.11800585565494,104.04044339707386,95.90372896844231,87.70654701198941,79.44753254683216,140.0,139.99328109475005,50.0,50.007295309683656
0.8240000000000006,112.11800585565494,104.04044339707386,95.90372896844231,87.70654701198941,79.44753254683216,140.0,139.99328109475005,50.0,50.007295309683656
0.8250000000000006,112.11800585565494,104.04044339707386,95.90372896844231,87.70654701198941,79.44753254683216,140.0,139.99328109475005,50.0,50.007295309683656
0.8260000000000006,112.11800585565494,104.04044339707386,95.90372896844231,87.70654701198941,79.44753254683216,140.0,139.99328109475005,50.0,50.007295309683656
0.8270000000000006,112.11800585565494,104.04044339707386,95.90372896844231,87.70654701198941,79.44753254683216,140.0,139.99328109475005,50.0,50.007295309683656
0.8280000000000006,112.11800585565494,104.04044339707386,95.90372896844231,87.70654701198941,79.44753254683216,140.0,139.99328109475005,50.0,50.007295309683656
0.8290000000000006,112.11800585565494,104.04044339707386,95.90372896844231,87.70654701198941,79.44753254683216,140.0,139.99328109475005,50.0,50.007295309683656
0.8300000000000006,112.11800585565494,104.04044339707386,95.90372896844231,87.70654701198941,79.44753254683216,140.0,139.99328109475005,50.0,50.007295309683656
0.8310000000000006,112.11800585565494,104.04044339707386,95.90372896844231,87.70654701198941,79.44753254683216,140.0,139.99328109475005,50.0,50.007295309683656
0.8320000000000006,112.11800585565494,104.04044339707386,95.90372896844231,87.70654701198941,79.44753254683216,140.0,139.99328109475005,50.0,50.007295309683656
0.8330000000000006,112.11800585565494,104.04044339707386,95.90372896844231,87.70654701198941,79.44753254683216,140.0,139.99328109475005,50.0,50.007295309683656
0.8340000000000006,112.11800585565494,104.04044339707386,95.90372896844231,87.70654701198941,79.44753254683216,140.0,139.99328109475005,50.0,50.007295309683656
0.8350000000000006,112.11800585565494,104.04044339707386,95.90372896844231,87.70654701198941,79.44753254683216,140.0,139.99328109475005,50.0,50.007295309683656
0.8360000000000006,112.11800585565494,104.04044339707386,95.90372896844231,87.70654701198941,79.44753254683216,140.0,139.99328109475005,50.0,50.007295309683656
0.8370000000000006,112.11800585565494,104.04044339707386,95.90372896844231,87.70654701198941,79.44753254683216,140.0,139.99328109475005,50.0,50.007295309683656
0.8380000000000006,112.11800585565494,104.04044339707386,95.90372896844231,87.70654701198941,79.44753254683216,140.0,139.99328109475005,50.0,50.007295309683656
0.8390000000000006,112.11800585565494,104.04044339707386,95.90372896844231,87.70654701198941,79.44753254683216,140.0,139.99328109475005,50.0,50.007295309683656
0.8400000000000006,112.11800585565494,104.04044339707386,95.90372896844231,87.70654701198941,79.44753254683216,140.0,139.99328109475005,50.0,50.007295309683656
0.8410000000000006,112.11800585565494,104.04044339707386,95.90372896844231,87.70654701198941,79.44753254683216,140.0,139.99328109475005,50.0,50.007295309683656
0.8420000000000006,112.11800585565494,104.04044339707386,95.90372896844231,87.70654701198941,79.44753254683216,140.0,139.99328109475005,50.0,50.007295309683656
0.8430000000000006,112.11800585565494,104.04044339707386,95.90372896844231,87.70654701198941,79.44753254683216,140.0,139.99328109475005,50.0,50.007295309683656
0.8440000000000006,112.11800585565494,104.04044339707386,95.90372896844231,87.70654701198941,79.44753254683216,140.0,139.99328109475005,50.0,50.007295309683656
0.8450000000000006,112.11800585565494,104.04044339707386,95.90372896844231,87.70654701198941,79.44753254683216,140.0,139.99328109475005,50.0,50.007295309683656
0.8460000000000006,112.11800585565494,104.04044339707386,95.90372896844231,87.70654701198941,79.44753254683216,140.0,139.99328109475005,50.0,50.007295309683656
0.8470000000000006,112.11800585565494,104.04044339707386,95.90372896844231,87.70654701198941,79.44753254683216,140.0,139.99328109475005,50.0,50.007295309683656
0.8480000000000006,112.11800585565494,104.04044339707386,95.90372896844231,87.70654701198941,79.44753254683216,140.0,139.99328109475005,50.0,50.007295309683656
0.8490000000000006,112.11800585565494,104.04044339707386,95.90372896844231,87.70654701198941,79.44753254683216,140.0,139.99328109475005,50.0,50.007295309683656
0.8500000000000006,112.11800585565494,104.04044339707386,95.90372896844231,87.70654701198941,79.44753254683216,140.0,139.99328109475005,50.0,50.007295309683656
0.8510000000000006,112.11800585565494,104.04044339707386,95.90372896844231,87.70654701198941,79.44753254683216,140.0,139.99328109475005,50.0,50.007295309683656
0.8520000000000006,112.11800585565494,104.04044339707386,95.90372896844231,87.70654701198941,79.44753254683216,140.0,139.99328109475005,50.0,50.007295309683656
0.8530000000000006,112.11800585565494,104.04044339707386,95.90372896844231,87.70654701198941,79.44753254683216,140.0,139.99328109475005,50.0,50.007295309683656
0.8540000000000006,112.11800585565494,104.04044339707386,95.90372896844231,87.70654701198941,79.44753254683216,140.0,139.99328109475005,50.0,50.007295309683656
0.8550000000000006,112.11800585565494,104.04044339707386,95.90372896844231,87.70654701198941,79.44753254683216,140.0,139.99328109475005,50.0,50.007295309683656
0.8560000000000006,112.11800585565494,104.04044339707386,95.90372896844231,87.70654701198941,79.44753254683216,140.0,139.99328109475005,50.0,50.007295309683656
0.8570000000000007,112.11800585565494,104.04044339707386,95.90372896844231,87.70654701198941,79.44753254683216,140.0,139.99328109475005,50.0,50.007295309683656
0.8580000000000007,112.11800585565494,104.04044339707386,95.90372896844231,87.70654701198941,79.44753254683216,140.0,139.99328109475005,50.0,50.007295309683656
0.8590000000000007,112.11800585565494,104.04044339707386,95.90372896844231,87.70654701198941,79.44753254683216,140.0,139.99328109475005,50.0,50.007295309683656
0.8600000000000007,112.11800585565494,104.04044339707386,95.90372896844231,87.70654701198941,79.44753254683216,140.0,139.99328109475005,50.0,50.007295309683656
0.8610000000000007,112.11800585565494,104.04044339707386,95.90372896844231,87.70654701198941,79.44753254683216,140.0,139.99328109475005,50.0,50.007295309683656
0.8620000000000007,112.11800585565494,104.04044339707386,95.90372896844231,87.70654701198941,79.44753254683216,140.0,139.99328109475005,50.0,50.007295309683656
0.8630000000000007,112.11800585565494,104.04044339707386,95.90372896844231,87.70654701198941,79.44753254683216,140.0,139.99328109475005,50.0,50.007295309683656
0.8640000000000007,112.11800585565494,104.04044339707386,95.90372896844231,87.70654701198941,79.44753254683216,140.0,139.99328109475005,50.0,50.007295309683656
0.8650000000000007,112.11800585565494,104.04044339707386,95.90372896844231,87.70654701198941,79.44753254683216,140.0,139.99328109475005,50.0,50.007295309683656
0.8660000000000007,112.11800585565494,104.04044339707386,95.90372896844231,87.70654701198941,79.44753254683216,140.0,139.99328109475005,50.0,50.007295309683656
0.8670000000000007,112.11800585565494,104.04044339707386,95.90372896844231,87.70654701198941,79.44753254683216,140.0,139.99328109475005,50.0,50.007295309683656
0.8680000000000007,112.11800585565494,104.04044339707386,95.90372896844231,87.70654701198941,79.44753254683216,140.0,139.99328109475005,50.0,50.007295309683656
0.8690000000000007,112.11800585565494,104.04044339707386,95.90372896844231,87.70654701198941,79.44753254683216,140.0,139.99328109475005,50.0,50.007295309683656
0.8700000000000007,112.11800585565494,104.04044339707386,95.90372896844231,87.70654701198941,79.44753254683216,140.0,139.99328109475005,50.0,50.007295309683656
0.8710000000000007,112.11800585565494,104.04044339707386,95.90372896844231,87.70654701198941,79.44753254683216,140.0,139.99328109475005,50.0,50.007295309683656
0.8720000000000007,112.11800585565494,104.04044339707386,95.90372896844231,87.70654701198941,79.44753254683216,140.0,139.99328109475005,50.0,50.007295309683656
0.8730000000000007,112.11800585565494,104.04044339707386,95.90372896844231,87.70654701198941,79.44753254683216,140.0,139.99328109475005,50.0,50.007295309683656
0.8740000000000007,112.11800585565494,104.04044339707386,95.90372896844231,87.70654701198941,79.44753254683216,140.0,139.99328109475005,50.0,50.007295309683656
0.8750000000000007,112.11800585565494,104.04044339707386,95.90372896844231,87.70654701198941,79.44753254683216,140.0,139.99328109475005,50.0,50.007295309683656
0.8760000000000007,112.11800585565494,104.04044339707386,95.90372896844231,87.70654701198941,79.44753254683216,140.0,139.99328109475005,50.0,50.007295309683656
0.8770000000000007,112.11800585565494,104.04044339707386,95.90372896844231,87.70654701198941,79.44753254683216,140.0,139.99328109475005,50.0,50.007295309683656
0.8780000000000007,112.11800585565494,104.04044339707386,95.90372896844231,87.70654701198941,79.44753254683216,140.0,139.99328109475005,50.0,50.007295309683656
0.8790000000000007,112.11800585565494,104.04044339707386,95.90372896844231,87.70654701198941,79.44753254683216,140.0,139.99328109475005,50.0,50.007295309683656
0.8800000000000007,112.11800585565494,104.04044339707386,95.90372896844231,87.70654701198941,79.44753254683216,140.0,139.99328109475005,50.0,50.007295309683656
0.8810000000000007,112.11800585565494,104.04044339707386,95.90372896844231,87.70654701198941,79.44753254683216,140.0,139.99328109475005,50.0,50.007295309683656
0.8820000000000007,112.11800585565494,104.04044339707386,95.90372896844231,87.70654701198941,79.44753254683216,140.0,139.99328109475005,50.0,50.007295309683656
0.8830000000000007,112.11800585565494,104.04044339707386,95.90372896844231,87.70654701198941,79.44753254683216,140.0,139.99328109475005,50.0,50.007295309683656
0.8840000000000007,112.11800585565494,104.04044339707386,95.90372896844231,87.70654701198941,79.44753254683216,140.0,139.99328109475005,50.0,50.007295309683656
0.8850000000000007,112.11800585565494,104.04044339707386,95.90372896844231,87.70654701198941,79.44753254683216,140.0,139.99328109475005,50.0,50.007295309683656
0.8860000000000007,112.11800585565494,104.04044339707386,95.90372896844231,87.70654701198941,79.44753254683216,140.0,139.99328109475005,50.0,50.007295309683656
0.8870000000000007,112.11800585565494,104.04044339707386,95.90372896844231,87.70654701198941,79.44753254683216,140.0,139.99328109475005,50.0,50.007295309683656
0.8880000000000007,112.11800585565494,104.04044339707386,95.90372896844231,87.70654701198941,79.44753254683216,140.0,139.99328109475005,50.0,50.007295309683656
0.8890000000000007,112.11800585565494,104.04044339707386,95.90372896844231,87.70654701198941,79.44753254683216,140.0,139.99328109475005,50.0,50.007295309683656
0.8900000000000007,112.11800585565494,104.04044339707386,95.90372896844231,87.70654701198941,79.44753254683216,140.0,139.99328109475005,50.0,50.007295309683656
0.8910000000000007,112.11800585565494,104.04044339707386,95.90372896844231,87.70654701198941,79.44753254683216,140.0,139.99328109475005,50.0,50.007295309683656
0.8920000000000007,112.11800585565494,104.04044339707386,95.90372896844231,87.70654701198941,79.44753254683216,140.0,139.99328109475005,50.0,50.007295309683656
0.8930000000000007,112.11800585565494,104.04044339707386,95.90372896844231,87.70654701198941,79.44753254683216,140.0,139.99328109475005,50.0,50.007295309683656
0.8940000000000007,112.11800585565494,104.04044339707386,95.90372896844231,87.70654701198941,79.44753254683216,140.0,139.99328109475005,50.0,50.007295309683656
0.8950000000000007,112.11800585565494,104.04044339707386,95.90372896844231,87.70654701198941,79.44753254683216,140.0,139.99328109475005,50.0,50.007295309683656
0.8960000000000007,112.11800585565494,104.04044339707386,95.90372896844231,87.70654701198941,79.44753254683216,140.0,139.99328109475005,50.0,50.007295309683656
0.8970000000000007,112.11800585565494,104.04044339707386,95.90372896844231,87.70654701198941,79.44753254683216,140.0,139.99328109475005,50.0,50.007295309683656
0.8980000000000007,112.11800585565494,104.04044339707386,95.90372896844231,87.70654701198941,79.44753254683216,140.0,139.99328109475005,50.0,50.007295309683656
0.8990000000000007,112.11800585565494,104.04044339707386,95.90372896844231,87.70654701198941,79.44753254683216,140.0,139.99328109475005,50.0,50.007295309683656
0.9000000000000007,112.11800585565494,104.04044339707386,95.90372896844231,87.70654701198941,79.44753254683216,140.0,139.99328109475005,50.0,50.007295309683656
0.9010000000000007,112.11800585565494,104.04044339707386,95.90372896844231,87.70654701198941,79.44753254683216,140.0,139.99328109475005,50.0,50.007295309683656
0.9020000000000007,112.11800585565494,104.04044339707386,95.90372896844231,87.70654701198941,79.44753254683216,140.0,139.99328109475005,50.0,50.007295309683656
0.9030000000000007,112.11800585565494,104.04044339707386,95.90372896844231,87.70654701198941,79.44753254683216,140.0,139.99328109475005,50.0,50.007295309683656
0.9040000000000007,112.11800585565494,104.04044339707386,95.90372896844231,87.70654701198941,79.44753254683216,140.0,139.99328109475005,50.0,50.007295309683656
0.9050000000000007,112.11800585565494,104.04044339707386,95.90372896844231,87.70654701198941,79.44753254683216,140.0,139.99328109475005,50.0,50.007295309683656
0.9060000000000007,112.11800585565494,104.04044339707386,95.90372896844231,87.70654701198941,79.44753254683216,140.0,139.99328109475005,50.0,50.007295309683656
0.9070000000000007,112.11800585565494,104.04044339707386,95.90372896844231,87.70654701198941,79.44753254683216,140.0,139.99328109475005,50.0,50.007295309683656
0.9080000000000007,112.11800585565494,104.04044339707386,95.90372896844231,87.70654701198941,79.44753254683216,140.0,139.99328109475005,50.0,50.007295309683656
0.9090000000000007,112.11800585565494,104.04044339707386,95.90372896844231,87.70654701198941,79.44753254683216,140.0,139.99328109475005,50.0,50.007295309683656
0.9100000000000007,112.11800585565494,104.04044339707386,95.90372896844231,87.70654701198941,79.44753254683216,140.0,139.99328109475005,50.0,50.007295309683656
0.9110000000000007,112.11800585565494,104.04044339707386,95.90372896844231,87.70654701198941,79.44753254683216,140.0,139.99328109475005,50.0,50.007295309683656
0.9120000000000007,112.11800585565494,104.04044339707386,95.90372896844231,87.70654701198941,79.44753254683216,140.0,139.99328109475005,50.0,50.007295309683656
0.9130000000000007,112.11800585565494,104.04044339707386,95.90372896844231,87.70654701198941,79.44753254683216,140.0,139.99328109475005,50.0,50.007295309683656
0.9140000000000007,112.11800585565494,104.04044339707386,95.90372896844231,87.70654701198941,79.44753254683216,140.0,139.99328109475005,50.0,50.007295309683656
0.9150000000000007,112.11800585565494,104.04044339707386,95.90372896844231,87.70654701198941,79.44753254683216,140.0,139.99328109475005,50.0,50.007295309683656
0.9160000000000007,112.11800585565494,104.04044339707386,95.90372896844231,87.70654701198941,79.44753254683216,140.0,139.99328109475005,50.0,50.007295309683656
0.9170000000000007,112.11800585565494,104.04044339707386,95.90372896844231,87.70654701198941,79.44753254683216,140.0,139.99328109475005,50.0,50.007295309683656
0.9180000000000007,112.11800585565494,104.04044339707386,95.90372896844231,87.70654701198941,79.44753254683216,140.0,139.99328109475005,50.0,50.007295309683656
0.9190000000000007,112.11800585565494,104.04044339707386,95.90372896844231,87.70654701198941,79.44753254683216,140.0,139.99328109475005,50.0,50.007295309683656
0.9200000000000007,112.11800585565494,104.04044339707386,95.90372896844231,87.70654701198941,79.44753254683216,140.0,139.99328109475005,50.0,50.007295309683656
0.9210000000000007,112.11800585565494,104.04044339707386,95.90372896844231,87.70654701198941,79.44753254683216,140.0,139.99328109475005,50.0,50.007295309683656
0.9220000000000007,112.11800585565494,104.04044339707386,95.90372896844231,87.70654701198941,79.44753254683216,140.0,139.99328109475005,50.0,50.007295309683656
0.9230000000000007,112.11800585565494,104.04044339707386,95.90372896844231,87.70654701198941,79.44753254683216,140.0,139.99328109475005,50.0,50.007295309683656
0.9240000000000007,112.11800585565494,104.04044339707386,95.90372896844231,87.70654701198941,79.44753254683216,140.0,139.99328109475005,50.0,50.007295309683656
0.9250000000000007,112.11800585565494,104.04044339707386,95.90372896844231,87.70654701198941,79.44753254683216,140.0,139.99328109475005,50.0,50.007295309683656
0.9260000000000007,112.11800585565494,104.04044339707386,95.90372896844231,87.70654701198941,79.44753254683216,140.0,139.99328109475005,50.0,50.007295309683656
0.9270000000000007,112.11800585565494,104.04044339707386,95.90372896844231,87.70654701198941,79.44753254683216,140.0,139.99328109475005,50.0,50.007295309683656
0.9280000000000007,112.11800585565494,104.04044339707386,95.90372896844231,87.70654701198941,79.44753254683216,140.0,139.99328109475005,50.0,50.007295309683656
0.9290000000000007,112.11800585565494,104.04044339707386,95.90372896844231,87.70654701198941,79.44753254683216,140.0,139.99328109475005,50.0,50.007295309683656
0.9300000000000007,112.11800585565494,104.04044339707386,95.90372896844231,87.70654701198941,79.44753254683216,140.0,139.99328109475005,50.0,50.007295309683656
0.9310000000000007,112.11800585565494,104.04044339707386,95.90372896844231,87.70654701198941,79.44753254683216,140.0,139.99328109475005,50.0,50.007295309683656
0.9320000000000007,112.11800585565494,104.04044339707386,95.90372896844231,87.70654701198941,79.44753254683216,140.0,139.99328109475005,50.0,50.007295309683656
0.9330000000000007,112.11800585565494,104.04044339707386,95.90372896844231,87.70654701198941,79.44753254683216,140.0,139.99328109475005,50.0,50.007295309683656
0.9340000000000007,112.11800585565494,104.04044339707386,95.90372896844231,87.70654701198941,79.44753254683216,140.0,139.99328109475005,50.0,50.007295309683656
0.9350000000000007,112.11800585565494,104.04044339707386,95.90372896844231,87.70654701198941,79.44753254683216,140.0,139.99328109475005,50.0,50.007295309683656
0.9360000000000007,112.11800585565494,104.04044339707386,95.90372896844231,87.70654701198941,79.44753254683216,140.0,139.99328109475005,50.0,50.007295309683656
0.9370000000000007,112.11800585565494,104.04044339707386,95.90372896844231,87.70654701198941,79.44753254683216,140.0,139.99328109475005,50.0,50.007295309683656
0.9380000000000007,112.11800585565494,104.04044339707386,95.90372896844231,87.70654701198941,79.44753254683216,140.0,139.99328109475005,50.0,50.007295309683656
0.9390000000000007,112.11800585565494,104.04044339707386,95.90372896844231,87.70654701198941,79.44753254683216,140.0,139.99328109475005,50.0,50.007295309683656
0.9400000000000007,112.11800585565494,104.04044339707386,95.90372896844231,87.70654701198941,79.44753254683216,140.0,139.99328109475005,50.0,50.007295309683656
0.9410000000000007,112.11800585565494,104.04044339707386,95.90372896844231,87.70654701198941,79.44753254683216,140.0,139.99328109475005,50.0,50.007295309683656
0.9420000000000007,112.11800585565494,104.04044339707386,95.90372896844231,87.70654701198941,79.44753254683216,140.0,139.99328109475005,50.0,50.007295309683656
0.9430000000000007,112.11800585565494,104.04044339707386,95.90372896844231,87.70654701198941,79.44753254683216,140.0,139.99328109475005,50.0,50.007295309683656
0.9440000000000007,112.11800585565494,104.04044339707386,95.90372896844231,87.70654701198941,79.44753254683216,140.0,139.99328109475005,50.0,50.007295309683656
0.9450000000000007,112.11800585565494,104.04044339707386,95.90372896844231,87.70654701198941,79.44753254683216,140.0,139.99328109475005,50.0,50.007295309683656
0.9460000000000007,112.11800585565494,104.04044339707386,95.90372896844231,87.70654701198941,79.44753254683216,140.0,139.99328109475005,50.0,50.007295309683656
0.9470000000000007,112.11800585565494,104.04044339707386,95.90372896844231,87.70654701198941,79.44753254683216,140.0,139.99328109475005,50.0,50.007295309683656
0.9480000000000007,112.11800585565494,104.04044339707386,95.90372896844231,87.70654701198941,79.44753254683216,140.0,139.99328109475005,50.0,50.007295309683656
0.9490000000000007,112.11800585565494,104.04044339707386,95.90372896844231,87.70654701198941,79.44753254683216,140.0,139.99328109475005,50.0,50.007295309683656
0.9500000000000007,112.11800585565494,104.04044339707386,95.90372896844231,87.70654701198941,79.44753254683216,140.0,139.99328109475005,50.0,50.007295309683656
0.9510000000000007,112.11800585565494,104.04044339707386,95.90372896844231,87.70654701198941,79.44753254683216,140.0,139.99328109475005,50.0,50.007295309683656
0.9520000000000007,112.11800585565494,104.04044339707386,95.90372896844231,87.70654701198941,79.44753254683216,140.0,139.99328109475005,50.0,50.007295309683656
0.9530000000000007,112.11800585565494,104.04044339707386,95.90372896844231,87.70654701198941,79.44753254683216,140.0,139.99328109475005,50.0,50.007295309683656
0.9540000000000007,112.11800585565494,104.04044339707386,95.90372896844231,87.70654701198941,79.44753254683216,140.0,139.99328109475005,50.0,50.007295309683656
0.9550000000000007,112.11800585565494,104.04044339707386,95.90372896844231,87.70654701198941,79.44753254683216,140.0,139.99328109475005,50.0,50.007295309683656
0.9560000000000007,112.11800585565494,104.04044339707386,95.90372896844231,87.70654701198941,79.44753254683216,140.0,139.99328109475005,50.0,50.007295309683656
0.9570000000000007,112.11800585565494,104.04044339707386,95.90372896844231,87.70654701198941,79.44753254683216,140.0,139.99328109475005,50.0,50.007295309683656
0.9580000000000007,112.11800585565494,104.04044339707386,95.90372896844231,87.70654701198941,79.44753254683216,140.0,139.99328109475005,50.0,50.007295309683656
0.9590000000000007,112.11800585565494,104.04044339707386,95.90372896844231,87.70654701198941,79.44753254683216,140.0,139.99328109475005,50.0,50.007295309683656
0.9600000000000007,112.11800585565494,104.04044339707386,95.90372896844231,87.70654701198941,79.44753254683216,140.0,139.99328109475005,50.0,50.007295309683656
0.9610000000000007,112.11800585565494,104.04044339707386,95.90372896844231,87.70654701198941,79.44753254683216,140.0,139.99328109475005,50.0,50.007295309683656
0.9620000000000007,112.11800585565494,104.04044339707386,95.90372896844231,87.70654701198941,79.44753254683216,140.0,139.99328109475005,50.0,50.007295309683656
0.9630000000000007,112.11800585565494,104.04044339707386,95.90372896844231,87.70654701198941,79.44753254683216,140.0,139.99328109475005,50.0,50.007295309683656
0.9640000000000007,112.11800585565494,104.04044339707386,95.90372896844231,87.70654701198941,79.44753254683216,140.0,139.99328109475005,50.0,50.007295309683656
0.9650000000000007,112.11800585565494,104.04044339707386,95.90372896844231,87.70654701198941,79.44753254683216,140.0,139.99328109475005,50.0,50.007295309683656
0.9660000000000007,112.11800585565494,104.04044339707386,95.90372896844231,87.70654701198941,79.44753254683216,140.0,139.99328109475005,50.0,50.007295309683656
0.9670000000000007,112.11800585565494,104.04044339707386,95.90372896844231,87.70654701198941,79.44753254683216,140.0,139.99328109475005,50.0,50.007295309683656
0.9680000000000007,112.11800585565494,104.04044339707386,95.90372896844231,87.70654701198941,79.44753254683216,140.0,139.99328109475005,50.0,50.007295309683656
0.9690000000000007,112.11800585565494,104.04044339707386,95.90372896844231,87.70654701198941,79.44753254683216,140.0,139.99328109475005,50.0,50.007295309683656
0.9700000000000008,112.11800585565494,104.04044339707386,95.90372896844231,87.70654701198941,79.44753254683216,140.0,139.99328109475005,50.0,50.007295309683656
0.9710000000000008,112.11800585565494,104.04044339707386,95.90372896844231,87.70654701198941,79.44753254683216,140.0,139.99328109475005,50.0,50.007295309683656
0.9720000000000008,112.11800585565494,104.04044339707386,95.90372896844231,87.70654701198941,79.44753254683216,140.0,139.99328109475005,50.0,50.007295309683656
0.9730000000000008,112.11800585565494,104.04044339707386,95.90372896844231,87.70654701198941,79.44753254683216,140.0,139.99328109475005,50.0,50.007295309683656
0.9740000000000008,112.11800585565494,104.04044339707386,95.90372896844231,87.70654701198941,79.44753254683216,140.0,139.99328109475005,50.0,50.007295309683656
0.9750000000000008,112.11800585565494,104.04044339707386,95.90372896844231,87.70654701198941,79.44753254683216,140.0,139.99328109475005,50.0,50.007295309683656
0.9760000000000008,112.11800585565494,104.04044339707386,95.90372896844231,87.70654701198941,79.44753254683216,140.0,139.99328109475005,50.0,50.007295309683656
0.9770000000000008,112.11800585565494,104.04044339707386,95.90372896844231,87.70654701198941,79.44753254683216,140.0,139.99328109475005,50.0,50.007295309683656
0.9780000000000008,112.11800585565494,104.04044339707386,95.90372896844231,87.70654701198941,79.44753254683216,140.0,139.99328109475005,50.0,50.007295309683656
0.9790000000000008,112.11800585565494,104.04044339707386,95.90372896844231,87.70654701198941,79.44753254683216,140.0,139.99328109475005,50.0,50.007295309683656
0.9800000000000008,112.11800585565494,104.04044339707386,95.90372896844231,87.70654701198941,79.44753254683216,140.0,139.99328109475005,50.0,50.007295309683656
0.9810000000000008,112.11800585565494,104.04044339707386,95.90372896844231,87.70654701198941,79.44753254683216,140.0,139.99328109475005,50.0,50.007295309683656
0.9820000000000008,112.11800585565494,104.04044339707386,95.90372896844231,87.70654701198941,79.44753254683216,140.0,139.99328109475005,50.0,50.007295309683656
0.9830000000000008,112.11800585565494,104.04044339707386,95.90372896844231,87.70654701198941,79.44753254683216,140.0,139.99328109475005,50.0,50.007295309683656
0.9840000000000008,112.11800585565494,104.04044339707386,95.90372896844231,87.70654701198941,79.44753254683216,140.0,139.99328109475005,50.0,50.007295309683656
0.9850000000000008,112.11800585565494,104.04044339707386,95.90372896844231,87.70654701198941,79.44753254683216,140.0,139.99328109475005,50.0,50.007295309683656
0.9860000000000008,112.11800585565494,104.04044339707386,95.90372896844231,87.70654701198941,79.44753254683216,140.0,139.99328109475005,50.0,50.007295309683656
0.9870000000000008,112.11800585565494,104.04044339707386,95.90372896844231,87.70654701198941,79.44753254683216,140.0,139.99328109475005,50.0,50.007295309683656
0.9880000000000008,112.11800585565494,104.04044339707386,95.90372896844231,87.70654701198941,79.44753254683216,140.0,139.99328109475005,50.0,50.007295309683656
0.9890000000000008,112.11800585565494,104.04044339707386,95.90372896844231,87.70654701198941,79.44753254683216,140.0,139.99328109475005,50.0,50.007295309683656
0.9900000000000008,112.11800585565494,104.04044339707386,95.90372896844231,87.70654701198941,79.44753254683216,140.0,139.99328109475005,50.0,50.007295309683656
0.9910000000000008,112.11800585565494,104.04044339707386,95.90372896844231,87.70654701198941,79.44753254683216,140.0,139.99328109475005,50.0,50.007295309683656
0.9920000000000008,112.11800585565494,104.04044339707386,95.90372896844231,87.70654701198941,79.44753254683216,140.0,139.99328109475005,50.0,50.007295309683656
0.9930000000000008,112.11800585565494,104.04044339707386,95.90372896844231,87.70654701198941,79.44753254683216,140.0,139.99328109475005,50.0,50.007295309683656
0.9940000000000008,112.11800585565494,104.04044339707386,95.90372896844231,87.70654701198941,79.44753254683216,140.0,139.99328109475005,50.0,50.007295309683656
0.9950000000000008,112.11800585565494,104.04044339707386,95.90372896844231,87.70654701198941,79.44753254683216,140.0,139.99328109475005,50.0,50.007295309683656
0.9960000000000008,112.11800585565494,104.04044339707386,95.90372896844231,87.70654701198941,79.44753254683216,140.0,139.99328109475005,50.0,50.007295309683656
0.9970000000000008,112.11800585565494,104.04044339707386,95.90372896844231,87.70654701198941,79.44753254683216,140.0,139.99328109475005,50.0,50.007295309683656
0.9980000000000008,112.11800585565494,104.04044339707386,95.90372896844231,87.70654701198941,79.44753254683216,140.0,139.99328109475005,50.0,50.007295309683656
0.9990000000000008,112.11800585565494,104.04044339707386,95.90372896844231,87.70654701198941,79.44753254683216,140.0,139.99328109475005,50.0,50.007295309683656
1.0000000000000007,112.11800585565494,104.04044339707386,95.90372896844231,87.70654701198941,79.44753254683216,140.0,139.99328109475005,50.0,50.007295309683656
1.0010000000000006,112.11800585565494,104.04044339707386,95.90372896844231,87.70654701198941,79.44753254683216,140.0,139.99328109475005,50.0,50.007295309683656
1.0020000000000004,112.11800585565494,104.04044339707386,95.90372896844231,87.70654701198941,79.44753254683216,140.0,139.99328109475005,50.0,50.007295309683656
1.0030000000000003,112.11800585565494,104.04044339707386,95.90372896844231,87.70654701198941,79.44753254683216,140.0,139.99328109475005,50.0,50.007295309683656
1.0040000000000002,112.11800585565494,104.04044339707386,95.90372896844231,87.70654701198941,79.44753254683216,140.0,139.99328109475005,50.0,50.007295309683656
1.0050000000000001,112.11800585565494,104.04044339707386,95.90372896844231,87.70654701198941,79.44753254683216,140.0,139.99328109475005,50.0,50.007295309683656
1.006,112.11800585565494,104.04044339707386,95.90372896844231,87.70654701198941,79.44753254683216,140.0,139.99328109475005,50.0,50.007295309683656
1.007,112.11800585565494,104.04044339707386,95.90372896844231,87.70654701198941,79.44753254683216,140.0,139.99328109475005,50.0,50.007295309683656
1.0079999999999998,112.11800585565494,104.04044339707386,95.90372896844231,87.70654701198941,79.44753254683216,140.0,139.99328109475005,50.0,50.007295309683656
1.0089999999999997,112.11800585565494,104.04044339707386,95.90372896844231,87.70654701198941,79.44753254683216,140.0,139.99328109475005,50.0,50.007295309683656
1.0099999999999996,112.11800585565494,104.04044339707386,95.90372896844231,87.70654701198941,79.44753254683216,140.0,139.99328109475005,50.0,50.007295309683656
1.0109999999999995,112.11800585565494,104.04044339707386,95.90372896844231,87.70654701198941,79.44753254683216,140.0,139.99328109475005,50.0,50.007295309683656
0.001,129.7268723,118.86367596639211,108.13368392059496,97.51614094365463,86.99050932419998,140.0,139.99752445041514,50.0,50.008913895805
0.001,129.7268723,118.86367596639211,108.13368392059496,97.51614094365463,86.99050932419998,140.0,139.99752445041514,50.0,50.008913895805
0.001,129.7268723,118.86367596639211,108.13368392059496,97.51614094365463,86.99050932419998,140.0,139.99752445041514,50.0,50.008913895805
0.002,129.7268723,119.45513722074757,108.8294362656329,98.20529712772246,87.5826947851177,140.0,139.99760998524965,50.0,50.00905999907024
0.002,129.7268723,119.45513722074757,108.8294362656329,98.20529712772246,87.5826947851177,140.0,139.99760998524965,50.0,50.00905999907024
0.002,129.7268723,119.45513722074757,108.8294362656329,98.20529712772246,87.5826947851177,140.0,139.99760998524965,50.0,50.00905999907024
0.002,129.7268723,119.45513722074757,108.8294362656329,98.20529712772246,87.5826947851177,140.0,139.99760998524965,50.0,50.00905999907024
0.002,129.7268723,119.45513722074757,108.8294362656329,98.20529712772246,87.5826947851177,140.0,139.99760998524965,50.0,50.00905999907024
0.002,129.7268723,119.45513722074757,108.8294362656329,98.20529712772246,87.5826947851177,140.0,139.99760998524965,50.0,50.00905999907024
0.003,129.7268723,122.83365155647036,111.42676819264024,100.1792839172455,89.0526777177306,140.0,139.9987336049989,50.0,50.00941449923466
0.003,129.7268723,122.83365155647036,111.42676819264024,100.1792839172455,89.0526777177306,140.0,139.9987336049989,50.0,50.00941449923466
0.004,129.7268723,123.19575975518183,111.93841224635807,100.7114522220724,89.51615916529066,140.0,139.99874500638887,50.0,50.009526280456235
0.005,129.7268723,123.18659375274989,111.99117249259797,100.79613130635315,89.60245773850761,140.0,139.9987442403347,50.0,50.00954709348788
0.005,129.7268723,123.18659375274989,111.99117249259797,100.79613130635315,89.60245773850761,140.0,139.9987442403347,50.0,50.00954709348788
0.006,129.7268723,123.09982798090354,111.92563849547726,100.74817458481195,89.5679789645661,140.0,139.9987280289478,50.0,50.009538778299834
0.006,129.7268723,123.09982798090354,111.92563849547726,100.74817458481195,89.5679789645661,140.0,139.9987280289478,50.0,50.009538778299834
0.007,129.7268723,122.90234136720096,111.7637001582526,100.61881033176684,89.46867761552016,140.0,139.9986887959124,50.0,50.00951482995448
0.007,129.7268723,122.90234136720096,111.7637001582526,100.61881033176684,89.46867761552016,140.0,139.9986887959124,50.0,50.00951482995448
0.007,129.7268723,122.90234136720096,111.7637001582526,100.61881033176684,89.46867761552016,140.0,139.9986887959124,50.0,50.00951482995448
0.008,129.7268723,123.77173391093584,112.42338803932849,101.1145690917358,89.835146721546,140.0,139.99898665014922,50.0,50.0096032105515
0.008,129.7268723,123.77173391093584,112.42338803932849,101.1145690917358,89.835146721546,140.0,139.99898665014922,50.0,50.0096032105515
0.009000000000000001,129.7268723,123.83266750440372,112.52913116755624,101.23086050990213,89.93850980830729,140.0,139.99898761035638,50.0,50.00962813894106
0.009000000000000001,129.7268723,123.83266750440372,112.52913116755624,101.23086050990213,89.93850980830729,140.0,139.99898761035638,50.0,50.00962813894106
0.010000000000000002,129.7268723,123.796825570668,112.51360042751918,101.22814276133558,89.94124460342812,140.0,139.99898337420552,50.0,50.009628798525455
0.010000000000000002,129.7268723,123.796825570668,112.51360042751918,101.22814276133558,89.94124460342812,140.0,139.99898337420552,50.0,50.009628798525455
0.011000000000000003,129.7268723,123.74216225730791,112.47088875160036,101.1957038174481,89.91724178792069,140.0,139.998978168338,50.0,50.009623009762954
0.011000000000000003,129.7268723,123.74216225730791,112.47088875160036,101.1957038174481,89.91724178792069,140.0,139.998978168338,50.0,50.009623009762954
0.012000000000000004,129.7268723,123.68295992058631,112.4216171916012,101.15595942808746,89.88657470790507,140.0,139.99897277084418,50.0,50.00961561378167
0.012000000000000004,129.7268723,123.68295992058631,112.4216171916012,101.15595942808746,89.88657470790507,140.0,139.99897277084418,50.0,50.00961561378167
0.013000000000000005,129.7268723,123.62237218680637,112.37052952108988,101.11426159798485,89.85414796522065,140.0,139.99896735367952,50.0,50.009607793427634
0.013000000000000005,129.7268723,123.62237218680637,112.37052952108988,101.11426159798485,89.85414796522065,140.0,139.99896735367952,50.0,50.009607793427634
0.014000000000000005,129.7268723,123.56112570290554,112.31873263821379,101.07187256037881,89.82112611952967,140.0,139.99896195686478,50.0,50.00959982955796
0.014000000000000005,129.7268723,123.56112570290554,112.31873263821379,101.07187256037881,89.82112611952967,140.0,139.99896195686478,50.0,50.00959982955796
0.015000000000000006,129.7268723,123.49938447197549,112.26648158604408,101.02908571721427,89.78778099636281,140.0,139.99895658996599,50.0,50.0095917877289
0.015000000000000006,129.7268723,123.49938447197549,112.26648158604408,101.02908571721427,89.78778099636281,140.0,139.99895658996599,50.0,50.0095917877289
0.016000000000000007,129.7268723,123.43717985388012,112.21383038248733,100.98596531270242,89.75417288995719,140.0,139.99895125541062,50.0,50.009583682481704
0.016000000000000007,129.7268723,123.43717985388012,112.21383038248733,100.98596531270242,89.75417288995719,140.0,139.99895125541062,50.0,50.009583682481704
0.017000000000000008,129.7268723,123.37451164751717,112.16078536559611,100.94252127567393,89.72031196006286,140.0,139.99894595394397,50.0,50.009575516266715
0.017000000000000008,129.7268723,123.37451164751717,112.16078536559611,100.94252127567393,89.72031196006286,140.0,139.99894595394397,50.0,50.009575516266715
0.01800000000000001,129.7268723,123.31137196876993,112.10734140855826,100.89875053693157,89.68619639129697,140.0,139.99894068591232,50.0,50.009567288646245
0.01800000000000001,129.7268723,123.31137196876993,112.10734140855826,100.89875053693157,89.68619639129697,140.0,139.99894068591232,50.0,50.009567288646245
0.01900000000000001,129.7268723,123.2477509273614,112.05349053274482,100.85464683545246,89.65182144309797,140.0,139.99893545156678,50.0,50.00955899847715
0.01900000000000001,129.7268723,123.2477509273614,112.05349053274482,100.85464683545246,89.65182144309797,140.0,139.99893545156678,50.0,50.00955899847715
0.02000000000000001,129.7268723,123.18363792606799,111.99922386767378,100.81020298162396,89.61718154959998,140.0,139.998930251133,50.0,50.009550644417224
0.02000000000000001,129.7268723,123.18363792606799,111.99922386767378,100.81020298162396,89.61718154959998,140.0,139.998930251133,50.0,50.009550644417224
0.02100000000000001,129.7268723,123.12631036250143,111.9501254140184,100.76965521400867,89.58542743768521,140.0,139.99892352765391,50.0,50.009542986323
0.02100000000000001,129.7268723,123.12631036250143,111.9501254140184,100.76965521400867,89.58542743768521,140.0,139.99892352765391,50.0,50.009542986323
0.022000000000000013,129.7268723,123.0681442909208,111.90084638181551,100.72925403099708,89.55391515447124,140.0,139.99891728336482,50.0,50.00953538655482
0.022000000000000013,129.7268723,123.0681442909208,111.90084638181551,100.72925403099708,89.55391515447124,140.0,139.99891728336482,50.0,50.00953538655482
0.023000000000000013,129.7268723,123.00968631193771,111.8513465202931,100.68870062054668,89.5223007710193,140.0,139.9989110772295,50.0,50.00952776216808
0.023000000000000013,129.7268723,123.00968631193771,111.8513465202931,100.68870062054668,89.5223007710193,140.0,139.9989110772295,50.0,50.00952776216808
0.024000000000000014,129.7268723,122.95094334785865,111.80160925965045,100.64795638079887,89.49053974844993,140.0,139.9989049100969,50.0,50.00952010242147
0.024000000000000014,129.7268723,122.95094334785865,111.80160925965045,100.64795638079887,89.49053974844993,140.0,139.9989049100969,50.0,50.00952010242147
0.025000000000000015,129.7268723,122.89190600574655,111.75162402216542,100.6070099196711,89.45862156366084,140.0,139.99889878198817,50.0,50.00951240477723
0.025000000000000015,129.7268723,122.89190600574655,111.75162402216542,100.6070099196711,89.45862156366084,140.0,139.99889878198817,50.0,50.00951240477723
0.026000000000000016,129.7268723,122.83256585388101,111.70138314304505,100.56585451965638,89.42654073584518,140.0,139.99889269297955,50.0,50.009504667913646
0.026000000000000016,129.7268723,122.83256585388101,111.70138314304505,100.56585451965638,89.42654073584518,140.0,139.99889269297955,50.0,50.009504667913646
0.027000000000000017,129.7268723,122.77291480306684,111.65087966200336,100.5244843931878,89.39429270792766,140.0,139.99888664316993,50.0,50.00949689073177
0.027000000000000017,129.7268723,122.77291480306684,111.65087966200336,100.5244843931878,89.39429270792766,140.0,139.99888664316993,50.0,50.00949689073177
0.028000000000000018,129.7268723,122.71294471526092,111.60010667293713,100.48289386970018,89.36187305236786,140.0,139.9988806326609,50.0,50.0094890721639
0.028000000000000018,129.7268723,122.71294471526092,111.60010667293713,100.48289386970018,89.36187305236786,140.0,139.9988806326609,50.0,50.0094890721639
0.02900000000000002,129.7268723,122.65264729399307,111.54905715841917,100.44107720417746,89.32927729220903,140.0,139.99887466155155,50.0,50.00948121113043
0.02900000000000002,129.7268723,122.65264729399307,111.54905715841917,100.44107720417746,89.32927729220903,140.0,139.99887466155155,50.0,50.00948121113043
0.03000000000000002,129.7268723,122.59201404409629,111.49772393925151,100.39902852364482,89.29650085304341,140.0,139.99886872993653,50.0,50.00947330652823
0.03000000000000002,129.7268723,122.59201404409629,111.49772393925151,100.39902852364482,89.29650085304341,140.0,139.99886872993653,50.0,50.00947330652823
0.03100000000000002,129.7268723,122.53103630161095,111.44609969180668,100.35674183613811,89.26353906747353,140.0,139.99886283790806,50.0,50.00946535723177
0.03100000000000002,129.7268723,122.53103630161095,111.44609969180668,100.35674183613811,89.26353906747353,140.0,139.99886283790806,50.0,50.00946535723177
0.03200000000000002,129.7268723,122.46970517144123,111.39417690144958,100.31421099594029,89.23038714945977,140.0,139.998856985553,50.0,50.00945736208691
0.03200000000000002,129.7268723,122.46970517144123,111.39417690144958,100.31421099594029,89.23038714945977,140.0,139.998856985553,50.0,50.00945736208691
0.03300000000000002,129.7268723,122.40801155678818,111.3419478809754,100.2714297150437,89.19704020166591,140.0,139.99885117295477,50.0,50.00944931991266
0.03300000000000002,129.7268723,122.40801155678818,111.3419478809754,100.2714297150437,89.19704020166591,140.0,139.99885117295477,50.0,50.00944931991266
0.03400000000000002,129.7268723,122.35314582505926,111.29492994242489,100.2325836966775,89.16661139457084,140.0,139.9988439667076,50.0,50.00944198150177
0.03400000000000002,129.7268723,122.35314582505926,111.29492994242489,100.2325836966775,89.16661139457084,140.0,139.9988439667076,50.0,50.00944198150177
0.035000000000000024,129.7268723,122.29825417955936,111.24835934070686,100.19436365013634,89.13678247763306,140.0,139.9988371753043,50.0,50.00943478776848
0.035000000000000024,129.7268723,122.29825417955936,111.24835934070686,100.19436365013634,89.13678247763306,140.0,139.9988371753043,50.0,50.00943478776848
0.036000000000000025,129.7268723,122.24328017742141,111.20178538136012,100.15619137761524,89.10701670141006,140.0,139.99883043643464,50.0,50.00942760926683
0.036000000000000025,129.7268723,122.24328017742141,111.20178538136012,100.15619137761524,89.10701670141006,140.0,139.99883043643464,50.0,50.00942760926683
0.037000000000000026,129.7268723,122.18815650875453,111.15509981571083,100.11793886892322,89.07719415073844,140.0,139.99882374706812,50.0,50.00942041707737
0.037000000000000026,129.7268723,122.18815650875453,111.15509981571083,100.11793886892322,89.07719415073844,140.0,139.99882374706812,50.0,50.00942041707737
0.03800000000000003,129.7268723,122.13285946149,111.10827149457337,100.07957230604352,89.04728415320751,140.0,139.9988171063396,50.0,50.009413203803
0.03800000000000003,129.7268723,122.13285946149,111.10827149457337,100.07957230604352,89.04728415320751,140.0,139.9988171063396,50.0,50.009413203803
0.03900000000000003,129.7268723,122.07737766326242,111.06128816898422,100.0410797325125,89.01727640398988,140.0,139.99881051399979,50.0,50.00940596695856
0.03900000000000003,129.7268723,122.07737766326242,111.06128816898422,100.0410797325125,89.01727640398988,140.0,139.99881051399979,50.0,50.00940596695856
0.04000000000000003,129.7268723,122.02170270746524,111.0141420995995,100.00245435537833,88.98716537619983,140.0,139.99880396994865,50.0,50.00939870521122
0.04000000000000003,129.7268723,122.02170270746524,111.0141420995995,100.00245435537833,88.98716537619983,140.0,139.99880396994865,50.0,50.00939870521122
0.04100000000000003,129.7268723,121.9658267982501,110.96682654375019,99.96369054702802,88.95694662961252,140.0,139.99879747411893,50.0,50.009391417490185
0.04100000000000003,129.7268723,121.9658267982501,110.96682654375019,99.96369054702802,88.95694662961252,140.0,139.99879747411893,50.0,50.009391417490185
0.04200000000000003,129.7268723,121.90974217595758,110.91933490491823,99.92478288336534,88.92661592538676,140.0,139.9987910264476,50.0,50.00938410277325
0.04200000000000003,129.7268723,121.90974217595758,110.91933490491823,99.92478288336534,88.92661592538676,140.0,139.9987910264476,50.0,50.00938410277325
0.04300000000000003,129.7268723,121.85344097657345,110.87166052616303,99.8857259110322,88.89616901218346,140.0,139.9987846268694,50.0,50.00937676003518
0.04300000000000003,129.7268723,121.85344097657345,110.87166052616303,99.8857259110322,88.89616901218346,140.0,139.9987846268694,50.0,50.00937676003518
0.04400000000000003,129.7268723,121.79691519610256,110.82379663886482,99.84651409012741,88.86560157371694,140.0,139.9987782753152,50.0,50.009369388235086
0.04400000000000003,129.7268723,121.79691519610256,110.82379663886482,99.84651409012741,88.86560157371694,140.0,139.9987782753152,50.0,50.009369388235086
0.04500000000000003,129.7268723,121.74015668021934,110.77573634888209,99.8071417791846,88.8349092151678,140.0,139.99877197171185,50.0,50.00936198631316
0.04500000000000003,129.7268723,121.74015668021934,110.77573634888209,99.8071417791846,88.8349092151678,140.0,139.99877197171185,50.0,50.00936198631316
0.046000000000000034,129.7268723,121.68923974315823,110.73214055460137,99.77114493618477,88.80672183697556,140.0,139.99876447189456,50.0,50.00935518850893
0.046000000000000034,129.7268723,121.68923974315823,110.73214055460137,99.77114493618477,88.80672183697556,140.0,139.99876447189456,50.0,50.00935518850893
0.047000000000000035,129.7268723,121.63975079936789,110.69004119320677,99.73652935339786,88.77967713279277,140.0,139.9987572764938,50.0,50.009348666280985
0.047000000000000035,129.7268723,121.63975079936789,110.69004119320677,99.73652935339786,88.77967713279277,140.0,139.9987572764938,50.0,50.009348666280985
0.048000000000000036,129.7268723,121.59045708828137,110.64824303510453,99.70224702059531,88.75293288766832,140.0,139.99875015353837,50.0,50.00934221651657
0.048000000000000036,129.7268723,121.59045708828137,110.64824303510453,99.70224702059531,88.75293288766832,140.0,139.99875015353837,50.0,50.00934221651657
0.04900000000000004,129.7268723,121.54114930289033,110.60646841774918,99.6680086793989,88.72623519104772,140.0,139.99874309284368,50.0,50.00933577798143
0.04900000000000004,129.7268723,121.54114930289033,110.60646841774918,99.6680086793989,88.72623519104772,140.0,139.99874309284368,50.0,50.00933577798143
0.05000000000000004,129.7268723,121.49177570648928,110.56464725148355,99.6337387111205,88.69951611253296,140.0,139.99873609198175,50.0,50.00932933429316
0.05000000000000004,129.7268723,121.49177570648928,110.56464725148355,99.6337387111205,88.69951611253296,140.0,139.99873609198175,50.0,50.00932933429316
0.05100000000000004,129.7268723,121.44231833307089,110.52275787402509,99.59941475953255,88.67275589730548,140.0,139.9987291501771,50.0,50.009322880687634
0.05100000000000004,129.7268723,121.44231833307089,110.52275787402509,99.59941475953255,88.67275589730548,140.0,139.9987291501771,50.0,50.009322880687634
0.05200000000000004,129.7268723,121.39276711902976,110.4807901999781,99.56502743367044,88.64594665117747,140.0,139.99872226704065,50.0,50.00931641526107
0.05200000000000004,129.7268723,121.39276711902976,110.4807901999781,99.56502743367044,88.64594665117747,140.0,139.99872226704065,50.0,50.00931641526107
0.05300000000000004,129.7268723,121.34311383739063,110.43873688748627,99.53057044671802,88.61908333465892,140.0,139.99871544227364,50.0,50.00930993679814
0.05300000000000004,129.7268723,121.34311383739063,110.43873688748627,99.53057044671802,88.61908333465892,140.0,139.99871544227364,50.0,50.00930993679814
0.05400000000000004,129.7268723,121.29335063556381,110.39659120047315,99.49603821682503,88.59216156398791,140.0,139.99870867559662,50.0,50.00930344424167
0.05400000000000004,129.7268723,121.29335063556381,110.39659120047315,99.49603821682503,88.59216156398791,140.0,139.99870867559662,50.0,50.00930344424167
0.05500000000000004,129.7268723,121.24346967975362,110.35434648898988,99.46142528346672,88.56517707582108,140.0,139.99870196673234,50.0,50.0092969365635
0.05500000000000004,129.7268723,121.24346967975362,110.35434648898988,99.46142528346672,88.56517707582108,140.0,139.99870196673234,50.0,50.0092969365635
0.05600000000000004,129.7268723,121.19346306773102,110.31199606225428,99.42672616503556,88.53812559667513,140.0,139.99869531540168,50.0,50.00929041273306
0.05600000000000004,129.7268723,121.19346306773102,110.31199606225428,99.42672616503556,88.53812559667513,140.0,139.99869531540168,50.0,50.00929041273306
0.057000000000000044,129.7268723,121.143322797836,110.26953315021134,99.3919353184347,88.51100280686406,140.0,139.99868872132245,50.0,50.00928387170863
0.057000000000000044,129.7268723,121.143322797836,110.26953315021134,99.3919353184347,88.51100280686406,140.0,139.99868872132245,50.0,50.00928387170863
0.058000000000000045,129.7268723,121.10424166885278,110.23554667748195,99.36356902455732,88.48865541961793,140.0,139.9986807599407,50.0,50.00927848233943
0.058000000000000045,129.7268723,121.10424166885278,110.23554667748195,99.36356902455732,88.48865541961793,140.0,139.9986807599407,50.0,50.00927848233943
0.059000000000000045,129.7268723,121.06251112091824,110.20028860195436,99.33470615445552,88.46615841831276,140.0,139.99867342755488,50.0,50.009273056891026
0.059000000000000045,129.7268723,121.06251112091824,110.20028860195436,99.33470615445552,88.46615841831276,140.0,139.99867342755488,50.0,50.009273056891026
0.060000000000000046,129.7268723,121.0205106794624,110.16474115734242,99.30559520278786,88.443470006044,140.0,139.99866615251474,50.0,50.009267585283816
0.060000000000000046,129.7268723,121.0205106794624,110.16474115734242,99.30559520278786,88.443470006044,140.0,139.99866615251474,50.0,50.009267585283816
0.06100000000000005,129.7268723,120.97845015400037,110.12911980876312,99.27640985371538,88.42071744839636,140.0,139.9986589451824,50.0,50.0092620982096
0.06100000000000005,129.7268723,120.97845015400037,110.12911980876312,99.27640985371538,88.42071744839636,140.0,139.9986589451824,50.0,50.0092620982096
0.06200000000000005,129.7268723,120.93761649694552,110.09443207773747,99.24792714010566,88.39848457081841,140.0,139.99865185192445,50.0,50.00925673646539
0.06300000000000004,129.7268723,121.26735586510769,110.35616181450132,99.4518748236028,88.55270941510412,140.0,139.99876581167982,50.0,50.009293929811314
0.06300000000000004,129.7268723,121.26735586510769,110.35616181450132,99.4518748236028,88.55270941510412,140.0,139.99876581167982,50.0,50.009293929811314
0.06400000000000004,129.7268723,121.26199744437298,110.36465879389596,99.46639676608103,88.56739744439868,140.0,139.99876272609256,50.0,50.009297472034255
0.06400000000000004,129.7268723,121.26199744437298,110.36465879389596,99.46639676608103,88.56739744439868,140.0,139.99876272609256,50.0,50.009297472034255
0.06500000000000004,129.7268723,121.19854722288578,110.31433583004033,99.42738439075407,88.53804195131706,140.0,139.99875208790473,50.0,50.00929039255961
0.06500000000000004,129.7268723,121.19854722288578,110.31433583004033,99.42738439075407,88.53804195131706,140.0,139.99875208790473,50.0,50.00929039255961
0.06600000000000004,129.7268723,121.13779196677747,110.26301159922704,99.38546225891672,88.50543394273613,140.0,139.99873976790596,50.0,50.00928252870121
0.06600000000000004,129.7268723,121.13779196677747,110.26301159922704,99.38546225891672,88.50543394273613,140.0,139.99873976790596,50.0,50.00928252870121
0.06700000000000005,129.7268723,121.08069021557215,110.21449573731162,99.3456210230561,88.47433359222511,140.0,139.9987275081814,50.0,50.00927502844006
0.06700000000000005,129.7268723,121.08069021557215,110.21449573731162,99.3456210230561,88.47433359222511,140.0,139.9987275081814,50.0,50.00927502844006
0.06800000000000005,129.7268723,121.02375545023102,110.16624731830476,99.3060691071316,88.44348901685477,140.0,139.99871547534798,50.0,50.00926758986692
0.06800000000000005,129.7268723,121.02375545023102,110.16624731830476,99.3060691071316,88.44348901685477,140.0,139.99871547534798,50.0,50.00926758986692
0.06900000000000005,129.7268723,120.96667795245287,110.11790022812804,99.26645126397825,88.41260027361729,140.0,139.99870365099713,50.0,50.00926014064668
0.06900000000000005,129.7268723,120.96667795245287,110.11790022812804,99.26645126397825,88.41260027361729,140.0,139.99870365099713,50.0,50.00926014064668
0.07000000000000005,129.7268723,120.909383837929,110.06937449422729,99.22669028294868,88.38160151587444,140.0,139.99869203073501,50.0,50.00925266489963
0.07000000000000005,129.7268723,120.909383837929,110.06937449422729,99.22669028294868,88.38160151587444,140.0,139.99869203073501,50.0,50.00925266489963
0.07100000000000005,129.7268723,120.8518272661973,110.0206287592737,99.18675048531871,88.35046402957668,140.0,139.9986806117463,50.0,50.009245155701066
0.07100000000000005,129.7268723,120.8518272661973,110.0206287592737,99.18675048531871,88.35046402957668,140.0,139.9986806117463,50.0,50.009245155701066
0.07200000000000005,129.7268723,120.80405785192438,109.9797445461223,99.15299614899682,88.32403246949542,140.0,139.9986679573296,50.0,50.00923878140027
0.07200000000000005,129.7268723,120.80405785192438,109.9797445461223,99.15299614899682,88.32403246949542,140.0,139.9986679573296,50.0,50.00923878140027
0.07300000000000005,129.7268723,120.75939296668571,109.94174449633448,99.12175159315846,88.29962251213767,140.0,139.9986555548183,50.0,50.00923289463694
0.07300000000000005,129.7268723,120.75939296668571,109.94174449633448,99.12175159315846,88.29962251213767,140.0,139.9986555548183,50.0,50.00923289463694
0.07400000000000005,129.7268723,120.71486233136547,109.90400351100536,99.09080973777584,88.27549062005136,140.0,139.9986434084659,50.0,50.009227074935154
0.07400000000000005,129.7268723,120.71486233136547,109.90400351100536,99.09080973777584,88.27549062005136,140.0,139.9986434084659,50.0,50.009227074935154
0.07500000000000005,129.7268723,120.67015648278392,109.86613811284725,99.05978241753371,88.25130020998654,140.0,139.99863149764775,50.0,50.00922124112384
0.07500000000000005,129.7268723,120.67015648278392,109.86613811284725,99.05978241753371,88.25130020998654,140.0,139.99863149764775,50.0,50.00922124112384
0.07600000000000005,129.7268723,120.62520183288112,109.82806694417357,99.02858984920064,88.22698261382597,140.0,139.99861981605315,50.0,50.00921537664288
0.07600000000000005,129.7268723,120.62520183288112,109.82806694417357,99.02858984920064,88.22698261382597,140.0,139.99861981605315,50.0,50.00921537664288
0.07700000000000005,129.7268723,120.57995517788775,109.78975064160532,98.99719780965054,88.20251015926915,140.0,139.9986083591749,50.0,50.00920947481883
0.07700000000000005,129.7268723,120.57995517788775,109.78975064160532,98.99719780965054,88.20251015926915,140.0,139.9986083591749,50.0,50.00920947481883
0.07800000000000006,129.7268723,120.54716018396994,109.76143785020241,98.97367763439397,88.1840271624545,140.0,139.99859572197477,50.0,50.009205017426204
0.07800000000000006,129.7268723,120.54716018396994,109.76143785020241,98.97367763439397,88.1840271624545,140.0,139.99859572197477,50.0,50.009205017426204
0.07900000000000006,129.7268723,120.51437652063515,109.7336265965155,98.95085537570007,88.16621656476528,140.0,139.99858352949954,50.0,50.009200722191764
0.07900000000000006,129.7268723,120.51437652063515,109.7336265965155,98.95085537570007,88.16621656476528,140.0,139.99858352949954,50.0,50.009200722191764
0.08000000000000006,129.7268723,120.48137664880211,109.70567761065004,98.92795410225067,88.14836164610263,140.0,139.99857159582606,50.0,50.0091964162703
0.08000000000000006,129.7268723,120.48137664880211,109.70567761065004,98.92795410225067,88.14836164610263,140.0,139.99857159582606,50.0,50.0091964162703
0.08100000000000006,129.7268723,120.4497579483,109.67883397202074,98.90592074550386,88.13116645696519,140.0,139.99855997040993,50.0,50.00919226945177
0.08100000000000006,129.7268723,120.4497579483,109.67883397202074,98.90592074550386,88.13116645696519,140.0,139.99855997040993,50.0,50.00919226945177
0.08200000000000006,129.7268723,120.41735868310005,109.65141680833607,98.88346901320286,88.11366828102022,140.0,139.99854843145926,50.0,50.00918804956589
0.08200000000000006,129.7268723,120.41735868310005,109.65141680833607,98.88346901320286,88.11366828102022,140.0,139.99854843145926,50.0,50.00918804956589
0.08300000000000006,129.7268723,120.38454104089364,109.62363612983906,98.86071513600173,88.09593293856476,140.0,139.99853713328113,50.0,50.0091837724861
0.08300000000000006,129.7268723,120.38454104089364,109.62363612983906,98.86071513600173,88.09593293856476,140.0,139.99853713328113,50.0,50.0091837724861
0.08400000000000006,129.7268723,120.36732781676072,109.6083887778065,98.84782178462338,88.08569914648443,140.0,139.99852472694704,50.0,50.00918130449152
0.08400000000000006,129.7268723,120.36732781676072,109.6083887778065,98.84782178462338,88.08569914648443,140.0,139.99852472694704,50.0,50.00918130449152
0.08500000000000006,129.7268723,120.3463195771184,109.59070567988145,98.83338919538768,88.0744701454917,140.0,139.99851292176345,50.0,50.00917859649139
0.08500000000000006,129.7268723,120.3463195771184,109.59070567988145,98.83338919538768,88.0744701454917,140.0,139.99851292176345,50.0,50.00917859649139
0.08600000000000006,129.7268723,120.32464851284963,109.57238382591112,98.81839751164053,88.0627920508006,140.0,139.99850136636124,50.0,50.0091757801879
0.08600000000000006,129.7268723,120.32464851284963,109.57238382591112,98.81839751164053,88.0627920508006,140.0,139.99850136636124,50.0,50.0091757801879
0.08700000000000006,129.7268723,120.30249421265816,109.55363972587742,98.80305128209345,88.0508334529676,140.0,139.9984900676121,50.0,50.00917289623862
0.08700000000000006,129.7268723,120.30249421265816,109.55363972587742,98.80305128209345,88.0508334529676,140.0,139.9984900676121,50.0,50.00917289623862
0.08800000000000006,129.7268723,120.27985420669133,109.53448330150371,98.78736643207215,88.03861044679344,140.0,139.99847902004032,50.0,50.00916994852503
0.08800000000000006,129.7268723,120.27985420669133,109.53448330150371,98.78736643207215,88.03861044679344,140.0,139.99847902004032,50.0,50.00916994852503
0.08900000000000007,129.7268723,120.2646477310295,109.52128539741229,98.77636185168514,88.02994445336286,140.0,139.99846723545872,50.0,50.00916785862502
0.08900000000000007,129.7268723,120.2646477310295,109.52128539741229,98.77636185168514,88.02994445336286,140.0,139.99846723545872,50.0,50.00916785862502
0.09000000000000007,129.7268723,120.25213531785373,109.5105475174347,98.76747498417252,88.02297451081351,140.0,139.99845578543187,50.0,50.009166177746636
0.09000000000000007,129.7268723,120.25213531785373,109.5105475174347,98.76747498417252,88.02297451081351,140.0,139.99845578543187,50.0,50.009166177746636
0.09100000000000007,129.7268723,120.23937125452557,109.49973520340349,98.75861253554892,88.01606310142691,140.0,139.99844462380375,50.0,50.0091645109844
0.09100000000000007,129.7268723,120.23937125452557,109.49973520340349,98.75861253554892,88.01606310142691,140.0,139.99844462380375,50.0,50.0091645109844
0.09200000000000007,129.7268723,120.22607559443011,109.48849478546288,98.74941455752861,88.00889762128173,140.0,139.99843372476425,50.0,50.009162782950455
0.09200000000000007,129.7268723,120.22607559443011,109.48849478546288,98.74941455752861,88.00889762128173,140.0,139.99843372476425,50.0,50.009162782950455
0.09300000000000007,129.7268723,120.21219779299224,109.4767650935468,98.73981830048146,88.00142293521407,140.0,139.99842307830122,50.0,50.00916098034838
0.09300000000000007,129.7268723,120.21219779299224,109.4767650935468,98.73981830048146,88.00142293521407,140.0,139.99842307830122,50.0,50.00916098034838
0.09400000000000007,129.7268723,120.19771682919152,109.46452564534123,98.72980507954223,87.99362351940493,140.0,139.99841267656635,50.0,50.00915909943448
0.09400000000000007,129.7268723,120.19771682919152,109.46452564534123,98.72980507954223,87.99362351940493,140.0,139.99841267656635,50.0,50.00915909943448
0.09500000000000007,129.7268723,120.19661100108644,109.4630191436758,98.72822983230354,87.99224055584897,140.0,139.9984016572226,50.0,50.00915876591771
0.09500000000000007,129.7268723,120.19661100108644,109.4630191436758,98.72822983230354,87.99224055584897,140.0,139.9984016572226,50.0,50.00915876591771
0.09600000000000007,129.7268723,120.1928586548311,109.45991187760946,98.72571826652545,87.99029585138388,140.0,139.998390926315,50.0,50.00915829693117
0.09600000000000007,129.7268723,120.1928586548311,109.45991187760946,98.72571826652545,87.99029585138388,140.0,139.998390926315,50.0,50.00915829693117
0.09700000000000007,129.7268723,120.18828937750423,109.45608094545804,98.7226034518609,87.98787864514941,140.0,139.99838044692487,50.0,50.00915771399572
0.09700000000000007,129.7268723,120.18828937750423,109.45608094545804,98.7226034518609,87.98787864514941,140.0,139.99838044692487,50.0,50.00915771399572
0.09800000000000007,129.7268723,120.18299767677078,109.45163204358398,98.7189784131542,87.9850618615343,140.0,139.9983702183251,50.0,50.00915703469789
0.09800000000000007,129.7268723,120.18299767677078,109.45163204358398,98.7189784131542,87.9850618615343,140.0,139.9983702183251,50.0,50.00915703469789
0.09900000000000007,129.7268723,120.17698614643608,109.44657279812041,98.71485277622517,87.98185454636787,140.0,139.99836023316107,50.0,50.009156261219196
0.09900000000000007,129.7268723,120.17698614643608,109.44657279812041,98.71485277622517,87.98185454636787,140.0,139.99836023316107,50.0,50.009156261219196
0.10000000000000007,129.7268723,120.17694942950628,109.44628873351347,98.71446902682284,87.98148685289969,140.0,139.99834972497572,50.0,50.00915617254587
0.10000000000000007,129.7268723,120.17694942950628,109.44628873351347,98.71446902682284,87.98148685289969,140.0,139.99834972497572,50.0,50.00915617254587
0.10100000000000008,129.7268723,120.17890728410642,109.44784351544185,98.7156775327485,87.98239826791036,140.0,139.9983395618633,50.0,50.009156392343385
0.10100000000000008,129.7268723,120.17890728410642,109.44784351544185,98.7156775327485,87.98239826791036,140.0,139.9983395618633,50.0,50.009156392343385
0.10200000000000008,129.7268723,120.1803272151467,109.44906162472026,98.71668336234242,87.98318550214714,140.0,139.99832966620045,50.0,50.009156582193434
0.10200000000000008,129.7268723,120.1803272151467,109.44906162472026,98.71668336234242,87.98318550214714,140.0,139.99832966620045,50.0,50.009156582193434
0.10300000000000008,129.7268723,120.18098521237842,109.4496526539294,98.71718801102091,87.98358824683109,140.0,139.99832001334158,50.0,50.00915667931968
0.10300000000000008,129.7268723,120.18098521237842,109.4496526539294,98.71718801102091,87.98358824683109,140.0,139.99832001334158,50.0,50.00915667931968
0.10400000000000008,129.7268723,120.18085276409928,109.44957671333403,98.71714795811363,87.98356723797008,140.0,139.99831059315588,50.0,50.00915667425318
0.10400000000000008,129.7268723,120.18085276409928,109.44957671333403,98.71714795811363,87.98356723797008,140.0,139.99831059315588,50.0,50.00915667425318
0.10500000000000008,129.7268723,120.17992597962778,109.44882824270066,98.7165570354283,87.98311685484902,140.0,139.998301397568,50.0,50.00915656563844
0.10500000000000008,129.7268723,120.17992597962778,109.44882824270066,98.7165570354283,87.98311685484902,140.0,139.998301397568,50.0,50.00915656563844
0.10600000000000008,129.7268723,120.18863184672504,109.45579411941245,98.72202118518494,87.98726628040161,140.0,139.99829174027647,50.0,50.00915756631706
0.10600000000000008,129.7268723,120.18863184672504,109.45579411941245,98.72202118518494,87.98726628040161,140.0,139.99829174027647,50.0,50.00915756631706
0.10700000000000008,129.7268723,120.19708226957668,109.46293367737138,98.72785496986242,87.99180544710826,140.0,139.9982825652847,50.0,50.00915866098626
0.10700000000000008,129.7268723,120.19708226957668,109.46293367737138,98.72785496986242,87.99180544710826,140.0,139.9982825652847,50.0,50.00915866098626
0.10800000000000008,129.7268723,120.20381919077174,109.46871231130935,98.7326330121219,87.99555002178512,140.0,139.99827344320818,50.0,50.00915956403112
0.10800000000000008,129.7268723,120.20381919077174,109.46871231130935,98.7326330121219,87.99555002178512,140.0,139.99827344320818,50.0,50.00915956403112
0.10900000000000008,129.7268723,120.20961282017771,109.47366579136654,98.73672063729849,87.99875024706895,140.0,139.99826453902276,50.0,50.00916033580026
0.10900000000000008,129.7268723,120.20961282017771,109.47366579136654,98.73672063729849,87.99875024706895,140.0,139.99826453902276,50.0,50.00916033580026
0.11000000000000008,129.7268723,120.21452557511374,109.47786854319804,98.74019001068014,88.00146695795532,140.0,139.99825584924224,50.0,50.00916099096468
0.11000000000000008,129.7268723,120.21452557511374,109.47786854319804,98.74019001068014,88.00146695795532,140.0,139.99825584924224,50.0,50.00916099096468
0.11100000000000008,129.7268723,120.22483682281774,109.48637571319547,98.74702586933743,88.00673529510814,140.0,139.99824678327047,50.0,50.00916226148148
0.11100000000000008,129.7268723,120.22483682281774,109.48637571319547,98.74702586933743,88.00673529510814,140.0,139.99824678327047,50.0,50.00916226148148
0.11200000000000009,129.7268723,120.2359046535473,109.49570255951356,98.75463671371736,88.01265374496123,140.0,139.99823804407072,50.0,50.0091636887803
0.11200000000000009,129.7268723,120.2359046535473,109.49570255951356,98.75463671371736,88.01265374496123,140.0,139.99823804407072,50.0,50.0091636887803
0.11300000000000009,129.7268723,120.24620813002677,109.50445984943818,98.76182986665728,88.01826950322757,140.0,139.99822953101415,50.0,50.00916504308196
0.11300000000000009,129.7268723,120.24620813002677,109.50445984943818,98.76182986665728,88.01826950322757,140.0,139.99822953101415,50.0,50.00916504308196
0.11400000000000009,129.7268723,120.2556191111275,109.51247236992947,98.7684205877162,88.02341948239213,140.0,139.99822122575333,50.0,50.009166285056025
0.11400000000000009,129.7268723,120.2556191111275,109.51247236992947,98.7684205877162,88.02341948239213,140.0,139.99822122575333,50.0,50.009166285056025
0.11500000000000009,129.7268723,120.26413167205136,109.51972494434781,98.77438939701383,88.02808501105454,140.0,139.99821311965013,50.0,50.00916741019964
0.11500000000000009,129.7268723,120.26413167205136,109.51972494434781,98.77438939701383,88.02808501105454,140.0,139.99821311965013,50.0,50.00916741019964
0.11600000000000009,129.7268723,123.69270895603543,112.24539999142337,100.9215881877238,89.66292618645264,140.0,139.998447224915,50.0,50.0095616701001
0.11600000000000009,129.7268723,123.69270895603543,112.24539999142337,100.9215881877238,89.66292618645264,140.0,139.998447224915,50.0,50.0095616701001
0.11700000000000009,129.7268723,123.96559510038999,112.56911837974812,101.2592127293617,89.95847382790787,140.0,139.9984612336195,50.0,50.009632953481045
0.11700000000000009,129.7268723,123.96559510038999,112.56911837974812,101.2592127293617,89.95847382790787,140.0,139.9984612336195,50.0,50.009632953481045
0.11800000000000009,129.7268723,124.05932554357075,112.63478622329905,101.32464463938553,90.01524934728792,140.0,139.99846113432946,50.0,50.00964664627001
0.11800000000000009,129.7268723,124.05932554357075,112.63478622329905,101.32464463938553,90.01524934728792,140.0,139.99846113432946,50.0,50.00964664627001
0.11900000000000009,129.7268723,124.13255398871634,112.66779182598104,101.35328970898112,90.03839486223842,140.0,139.9984595806807,50.0,50.00965222829643
0.11900000000000009,129.7268723,124.13255398871634,112.66779182598104,101.35328970898112,90.03839486223842,140.0,139.9984595806807,50.0,50.00965222829643
0.12000000000000009,129.7268723,124.20243500056525,112.69538833223834,101.37615421061331,90.05634746154635,140.0,139.9984579851778,50.0,50.009656557938804
0.12000000000000009,129.7268723,124.20243500056525,112.69538833223834,101.37615421061331,90.05634746154635,140.0,139.9984579851778,50.0,50.009656557938804
0.1210000000000001,129.7268723,124.27102929089065,112.720968682889,101.39719348081782,90.07278815872449,140.0,139.99845649730156,50.0,50.00966052295545
0.1210000000000001,129.7268723,124.27102929089065,112.720968682889,101.39719348081782,90.07278815872449,140.0,139.99845649730156,50.0,50.00966052295545
0.1220000000000001,129.7268723,124.33858726855122,112.74495082994338,101.41690136220139,90.08817961937038,140.0,139.9984551288804,50.0,50.00966423492798
0.1220000000000001,129.7268723,124.33858726855122,112.74495082994338,101.41690136220139,90.08817961937038,140.0,139.9984551288804,50.0,50.00966423492798
0.1230000000000001,129.7268723,124.4095268202316,112.77089314815272,101.43810134994351,90.10468236317716,140.0,139.9984536478679,50.0,50.0096682149107
0.1230000000000001,129.7268723,124.4095268202316,112.77089314815272,101.43810134994351,90.10468236317716,140.0,139.9984536478679,50.0,50.0096682149107
0.1240000000000001,129.7268723,124.4803491885304,112.7961565183618,101.45882350079592,90.12084748391308,140.0,139.99845235016116,50.0,50.009672113469954
0.1240000000000001,129.7268723,124.4803491885304,112.7961565183618,101.45882350079592,90.12084748391308,140.0,139.99845235016116,50.0,50.009672113469954
0.12500000000000008,129.7268723,124.55004425051465,112.81980250996979,101.47825376215494,90.13602109402932,140.0,139.99845116452687,50.0,50.009675772906775
0.12500000000000008,129.7268723,124.55004425051465,112.81980250996979,101.47825376215494,90.13602109402932,140.0,139.99845116452687,50.0,50.009675772906775
0.12600000000000008,129.7268723,127.55288391522242,115.14291286791206,103.30889140455474,91.53010604880049,140.0,139.99866757048932,50.0,50.010011985951174
0.12600000000000008,129.7268723,127.55288391522242,115.14291286791206,103.30889140455474,91.53010604880049,140.0,139.99866757048932,50.0,50.010011985951174
0.12700000000000009,129.7268723,127.78416496140092,115.38695455436773,103.57157580765254,91.76292862948799,140.0,139.99868155363006,50.0,50.010068142329764
0.12700000000000009,129.7268723,127.78416496140092,115.38695455436773,103.57157580765254,91.76292862948799,140.0,139.99868155363006,50.0,50.010068142329764
0.12800000000000009,129.7268723,127.83557167221323,115.38719376659367,103.58248127251008,91.77671406119262,140.0,139.99868083941683,50.0,50.01007146722512
0.12800000000000009,129.7268723,127.83557167221323,115.38719376659367,103.58248127251008,91.77671406119262,140.0,139.99868083941683,50.0,50.01007146722512
0.1290000000000001,129.7268723,127.86927925840241,115.35764540979122,103.55972766657501,91.75971554548308,140.0,139.9986786116361,50.0,50.01006736754057
0.1290000000000001,129.7268723,127.86927925840241,115.35764540979122,103.55972766657501,91.75971554548308,140.0,139.9986786116361,50.0,50.01006736754057
0.1300000000000001,129.7268723,127.90311730538873,115.32555458723297,103.53358050260145,91.73940845817933,140.0,139.99867642714736,50.0,50.010062469898685
0.1300000000000001,129.7268723,127.90311730538873,115.32555458723297,103.53358050260145,91.73940845817933,140.0,139.99867642714736,50.0,50.010062469898685
0.1310000000000001,129.7268723,127.93569671557917,115.29160146339456,103.50582239308663,91.71779698598192,140.0,139.9986741336995,50.0,50.01005725766891
0.1310000000000001,129.7268723,127.93569671557917,115.29160146339456,103.50582239308663,91.71779698598192,140.0,139.9986741336995,50.0,50.01005725766891
0.1320000000000001,129.7268723,127.96713550814853,115.25597449980765,103.47668238315953,91.69510270625912,140.0,139.99867185427894,50.0,50.01005178429131
0.1320000000000001,129.7268723,127.96713550814853,115.25597449980765,103.47668238315953,91.69510270625912,140.0,139.99867185427894,50.0,50.01005178429131
0.1330000000000001,129.7268723,127.99748097984053,115.21872455265127,103.4462102210046,91.67136871215526,140.0,139.99866958901052,50.0,50.01004606015937
0.1330000000000001,129.7268723,127.99748097984053,115.21872455265127,103.4462102210046,91.67136871215526,140.0,139.99866958901052,50.0,50.01004606015937
0.1340000000000001,129.7268723,128.02676855659243,115.17988249985164,103.4144322401277,91.64661606722035,140.0,139.99866733725548,50.0,50.01004009035351
0.1340000000000001,129.7268723,128.02676855659243,115.17988249985164,103.4144322401277,91.64661606722035,140.0,139.99866733725548,50.0,50.01004009035351
0.1350000000000001,129.7268723,128.05503061411565,115.1394752164569,103.38137064204575,91.62086217039491,140.0,139.9986650982962,50.0,50.010033879070356
0.1350000000000001,129.7268723,128.05503061411565,115.1394752164569,103.38137064204575,91.62086217039491,140.0,139.9986650982962,50.0,50.010033879070356
0.1360000000000001,129.7268723,128.08325120484392,115.098280780321,103.34763917406751,91.59457469957363,140.0,139.9986627623401,50.0,50.010027539104016
0.1360000000000001,129.7268723,128.08325120484392,115.098280780321,103.34763917406751,91.59457469957363,140.0,139.9986627623401,50.0,50.010027539104016
0.1370000000000001,129.7268723,128.09502110255644,115.05815335822835,103.3147219686524,91.5688945919763,140.0,139.9986591321071,50.0,50.01002134562379
0.1370000000000001,129.7268723,128.09502110255644,115.05815335822835,103.3147219686524,91.5688945919763,140.0,139.9986591321071,50.0,50.01002134562379
0.1380000000000001,129.7268723,128.1088761728215,115.01746407413384,103.28139329259534,91.54291552054288,140.0,139.9986557355387,50.0,50.01001508004318
0.1380000000000001,129.7268723,128.1088761728215,115.01746407413384,103.28139329259534,91.54291552054288,140.0,139.9986557355387,50.0,50.01001508004318
0.1390000000000001,129.7268723,128.1220753170371,114.97588663292413,103.24734945782032,91.51638493341913,140.0,139.99865236931532,50.0,50.01000868145245
0.1390000000000001,129.7268723,128.1220753170371,114.97588663292413,103.24734945782032,91.51638493341913,140.0,139.99865236931532,50.0,50.01000868145245
0.1400000000000001,129.7268723,128.1343918153618,114.93323368558781,103.21243080962768,91.48917533239097,140.0,139.99864901183346,50.0,50.01000211910209
0.1400000000000001,129.7268723,128.1343918153618,114.93323368558781,103.21243080962768,91.48917533239097,140.0,139.99864901183346,50.0,50.01000211910209
0.1410000000000001,129.7268723,128.14582353977116,114.8894945587865,103.17662268691082,91.46127255302463,140.0,139.99864566035774,50.0,50.00999538957624
0.1410000000000001,129.7268723,128.14582353977116,114.8894945587865,103.17662268691082,91.46127255302463,140.0,139.99864566035774,50.0,50.00999538957624
0.1420000000000001,129.7268723,128.15639352436415,114.8446876623335,103.13993897115076,91.4326868303018,140.0,139.99864231434233,50.0,50.00998849534363
0.1420000000000001,129.7268723,128.15639352436415,114.8446876623335,103.13993897115076,91.4326868303018,140.0,139.99864231434233,50.0,50.00998849534363
0.1430000000000001,129.7268723,128.16710973196783,114.79960713896745,103.10300572545592,91.40389504971165,140.0,139.9986388857706,50.0,50.00998155141852
0.1430000000000001,129.7268723,128.16710973196783,114.79960713896745,103.10300572545592,91.40389504971165,140.0,139.9986388857706,50.0,50.00998155141852
0.1440000000000001,129.7268723,128.17867311416356,114.75483479312648,103.0663053316629,91.37527569616549,140.0,139.99863549955148,50.0,50.009974649082906
0.1440000000000001,129.7268723,128.17867311416356,114.75483479312648,103.0663053316629,91.37527569616549,140.0,139.99863549955148,50.0,50.009974649082906
0.1450000000000001,129.7268723,128.19028701876235,114.70977731708794,103.02938921617805,91.34649616744429,140.0,139.99863224982263,50.0,50.009967708120634
0.1450000000000001,129.7268723,128.19028701876235,114.70977731708794,103.02938921617805,91.34649616744429,140.0,139.99863224982263,50.0,50.009967708120634
0.1460000000000001,129.7268723,128.20086631818825,114.6635549552129,102.99154730912373,91.31700802937019,140.0,139.9986288954962,50.0,50.00996059626211
0.1460000000000001,129.7268723,128.20086631818825,114.6635549552129,102.99154730912373,91.31700802937019,140.0,139.9986288954962,50.0,50.00996059626211
0.1470000000000001,129.7268723,128.21060272259032,114.61627007629268,102.95283277596106,91.28683884362356,140.0,139.99862554471193,50.0,50.00995332015494
0.1470000000000001,129.7268723,128.21060272259032,114.61627007629268,102.95283277596106,91.28683884362356,140.0,139.99862554471193,50.0,50.00995332015494
0.1480000000000001,129.7268723,128.2040980269363,114.57104343847038,102.91570560909426,91.25786213971183,140.0,139.9986209520941,50.0,50.00994633165103
0.1480000000000001,129.7268723,128.2040980269363,114.57104343847038,102.91570560909426,91.25786213971183,140.0,139.9986209520941,50.0,50.00994633165103
0.1490000000000001,129.7268723,128.19912372122587,114.52499394909506,102.87799107927913,91.22846633835238,140.0,139.99861640002592,50.0,50.009939242074566
0.1490000000000001,129.7268723,128.19912372122587,114.52499394909506,102.87799107927913,91.22846633835238,140.0,139.99861640002592,50.0,50.009939242074566
0.1500000000000001,129.7268723,128.19578373930528,114.48007245614586,102.84114297979896,91.19972031305063,140.0,139.9986119357214,50.0,50.00993230921295
0.1500000000000001,129.7268723,128.19578373930528,114.48007245614586,102.84114297979896,91.19972031305063,140.0,139.9986119357214,50.0,50.00993230921295
0.1510000000000001,129.7268723,128.19216026139753,114.4348929391307,102.80412479766669,91.17086010046086,140.0,139.99860751137507,50.0,50.009925348815976
0.1510000000000001,129.7268723,128.19216026139753,114.4348929391307,102.80412479766669,91.17086010046086,140.0,139.99860751137507,50.0,50.009925348815976
0.1520000000000001,129.7268723,128.18798285964579,114.38916980960698,102.76667215891374,91.14166643253193,140.0,139.99860310239055,50.0,50.009918308001566
0.1520000000000001,129.7268723,128.18798285964579,114.38916980960698,102.76667215891374,91.14166643253193,140.0,139.99860310239055,50.0,50.009918308001566
0.1530000000000001,129.7268723,128.1832255598114,114.34286328330062,102.72874321744399,91.11210228487256,140.0,139.99859870491358,50.0,50.00991117784049
0.1530000000000001,129.7268723,128.1832255598114,114.34286328330062,102.72874321744399,91.11210228487256,140.0,139.99859870491358,50.0,50.00991117784049
0.1540000000000001,129.7268723,128.17790221461587,114.29597925057864,102.69034090999762,91.08216902524906,140.0,139.99859431852983,50.0,50.009903958662775
0.1540000000000001,129.7268723,128.17790221461587,114.29597925057864,102.69034090999762,91.08216902524906,140.0,139.99859431852983,50.0,50.009903958662775
0.1550000000000001,129.7268723,128.17203304408451,114.24853121298763,102.65147596708962,91.05187485355688,140.0,139.9985899434378,50.0,50.009896652446194
0.1550000000000001,129.7268723,128.17203304408451,114.24853121298763,102.65147596708962,91.05187485355688,140.0,139.9985899434378,50.0,50.009896652446194
0.1560000000000001,129.7268723,128.166067996874,114.20086669812505,102.61242254569295,91.02142868840198,140.0,139.9985854887365,50.0,50.00988930957697
0.1560000000000001,129.7268723,128.166067996874,114.20086669812505,102.61242254569295,91.02142868840198,140.0,139.9985854887365,50.0,50.00988930957697
0.1570000000000001,129.7268723,128.16115690567347,114.15388722853329,102.57390131796517,90.9913841230132,140.0,139.9985810847983,50.0,50.0098820635682
0.1570000000000001,129.7268723,128.16115690567347,114.15388722853329,102.57390131796517,90.9913841230132,140.0,139.9985810847983,50.0,50.0098820635682
0.1580000000000001,129.7268723,128.15651110592952,114.10702825714053,102.5354954202883,90.96143682094394,140.0,139.99857682445946,50.0,50.009874841021244
0.1580000000000001,129.7268723,128.15651110592952,114.10702825714053,102.5354954202883,90.96143682094394,140.0,139.99857682445946,50.0,50.009874841021244
0.1590000000000001,129.7268723,128.1339376156147,114.06857073887487,102.50371186273132,90.93653363304968,140.0,139.99857101925977,50.0,50.009868834993355
0.1590000000000001,129.7268723,128.1339376156147,114.06857073887487,102.50371186273132,90.93653363304968,140.0,139.99857101925977,50.0,50.009868834993355
0.16000000000000011,129.7268723,128.11599042782458,114.02473656330433,102.46794805574906,90.90871892591746,140.0,139.99856563992023,50.0,50.009862126782366
0.16000000000000011,129.7268723,128.11599042782458,114.02473656330433,102.46794805574906,90.90871892591746,140.0,139.99856563992023,50.0,50.009862126782366
0.16100000000000012,129.7268723,128.09840498611322,113.98088152785245,102.43201685768581,90.88070821491594,140.0,139.99856034160737,50.0,50.00985537130416
0.16100000000000012,129.7268723,128.09840498611322,113.98088152785245,102.43201685768581,90.88070821491594,140.0,139.99856034160737,50.0,50.00985537130416
0.16200000000000012,129.7268723,128.08066089594152,113.93690532131376,102.39598250334421,90.85261435256533,140.0,139.99855507756635,50.0,50.00984859577575
0.16200000000000012,129.7268723,128.08066089594152,113.93690532131376,102.39598250334421,90.85261435256533,140.0,139.99855507756635,50.0,50.00984859577575
0.16300000000000012,129.7268723,128.06326159666364,113.89319325276591,102.36015215387847,90.82467384914476,140.0,139.99854977261933,50.0,50.009841857237426
0.16300000000000012,129.7268723,128.06326159666364,113.89319325276591,102.36015215387847,90.82467384914476,140.0,139.99854977261933,50.0,50.009841857237426
0.16400000000000012,129.7268723,128.04686395703348,113.85026265737731,102.32494517710533,90.79721155381928,140.0,139.99854451368086,50.0,50.00983523403441
0.16400000000000012,129.7268723,128.04686395703348,113.85026265737731,102.32494517710533,90.79721155381928,140.0,139.99854451368086,50.0,50.00983523403441
0.16500000000000012,129.7268723,128.03045856516312,113.80735790565485,102.28978261390262,90.76979433448905,140.0,139.9985393028591,50.0,50.00982862170616
0.16500000000000012,129.7268723,128.03045856516312,113.80735790565485,102.28978261390262,90.76979433448905,140.0,139.9985393028591,50.0,50.00982862170616
0.16600000000000012,129.7268723,128.01386565598028,113.76429085600645,102.25449413024285,90.74228230989958,140.0,139.99853412344936,50.0,50.00982198651694
0.16600000000000012,129.7268723,128.01386565598028,113.76429085600645,102.25449413024285,90.74228230989958,140.0,139.99853412344936,50.0,50.00982198651694
0.16700000000000012,129.7268723,127.99706111808985,113.72102376807747,102.21904325468891,90.71464441896116,140.0,139.99852897242948,50.0,50.009815320975676
0.16700000000000012,129.7268723,127.99706111808985,113.72102376807747,102.21904325468891,90.71464441896116,140.0,139.99852897242948,50.0,50.009815320975676
0.16800000000000012,129.7268723,127.98005179402234,113.67755191857617,102.18342480222424,90.68687598268244,140.0,139.99852384953317,50.0,50.00980862395397
0.16800000000000012,129.7268723,127.98005179402234,113.67755191857617,102.18342480222424,90.68687598268244,140.0,139.99852384953317,50.0,50.00980862395397
0.16900000000000012,129.7268723,127.94980318184733,113.64274615893594,102.15462601922475,90.66429652727388,140.0,139.99851751267514,50.0,50.009803178382136
0.16900000000000012,129.7268723,127.94980318184733,113.64274615893594,102.15462601922475,90.66429652727388,140.0,139.99851751267514,50.0,50.009803178382136
0.17000000000000012,129.7268723,127.92370929925463,113.60499526763815,102.12376976698413,90.64027284591226,140.0,139.99851149090586,50.0,50.00979738450304
0.17000000000000012,129.7268723,127.92370929925463,113.60499526763815,102.12376976698413,90.64027284591226,140.0,139.99851149090586,50.0,50.00979738450304
0.17100000000000012,129.7268723,127.89882139626829,113.56800914547468,102.09343900716554,90.61661523054893,140.0,139.9985056773335,50.0,50.00979167891227
0.17100000000000012,129.7268723,127.89882139626829,113.56800914547468,102.09343900716554,90.61661523054893,140.0,139.9985056773335,50.0,50.00979167891227
0.17200000000000013,129.7268723,127.87393745707091,113.53106287796729,102.06315923251394,90.5930050532666,140.0,139.99849981571862,50.0,50.009785984764974
0.17200000000000013,129.7268723,127.87393745707091,113.53106287796729,102.06315923251394,90.5930050532666,140.0,139.99849981571862,50.0,50.009785984764974
0.17300000000000013,129.7268723,127.84908383713062,113.49412964716086,102.03289184981325,90.5694054282275,140.0,139.9984939981161,50.0,50.00978029316528
0.17300000000000013,129.7268723,127.84908383713062,113.49412964716086,102.03289184981325,90.5694054282275,140.0,139.9984939981161,50.0,50.00978029316528
0.17400000000000013,129.7268723,127.82427132090785,113.45720576505548,102.00263232978823,90.5458120384942,140.0,139.99848822500647,50.0,50.009774603072046
0.17400000000000013,129.7268723,127.82427132090785,113.45720576505548,102.00263232978823,90.5458120384942,140.0,139.99848822500647,50.0,50.009774603072046
0.17500000000000013,129.7268723,127.79950846516678,113.4202878472656,101.97237781619754,90.52222260784818,140.0,139.99848249668676,50.0,50.00976891393632
0.17500000000000013,129.7268723,127.79950846516678,113.4202878472656,101.97237781619754,90.52222260784818,140.0,139.99848249668676,50.0,50.00976891393632
0.17600000000000013,129.7268723,127.77523519040973,113.38370464110783,101.94238714731524,90.49883414531503,140.0,139.99847675141496,50.0,50.00976327327136
0.17600000000000013,129.7268723,127.77523519040973,113.38370464110783,101.94238714731524,90.49883414531503,140.0,139.99847675141496,50.0,50.00976327327136
0.17700000000000013,129.7268723,127.75206265815144,113.34793198830873,101.91304509702843,90.47594423212381,140.0,139.99847106712392,50.0,50.009757752845594
0.17700000000000013,129.7268723,127.75206265815144,113.34793198830873,101.91304509702843,90.47594423212381,140.0,139.99847106712392,50.0,50.009757752845594
0.17800000000000013,129.7268723,127.72917265635273,113.31236019642775,101.88388631105221,90.45320558562771,140.0,139.9984654496998,50.0,50.00975226890372
0.17800000000000013,129.7268723,127.72917265635273,113.31236019642775,101.88388631105221,90.45320558562771,140.0,139.9984654496998,50.0,50.00975226890372
0.17900000000000013,129.7268723,127.69511975659924,113.28648901460522,101.86237584190363,90.43629343243039,140.0,139.99845887637684,50.0,50.00974819015519
0.17900000000000013,129.7268723,127.69511975659924,113.28648901460522,101.86237584190363,90.43629343243039,140.0,139.99845887637684,50.0,50.00974819015519
0.18000000000000013,129.7268723,127.66373786845493,113.25621547079331,101.83769207456297,90.41710254759492,140.0,139.99845257135541,50.0,50.00974356184013
0.18000000000000013,129.7268723,127.66373786845493,113.25621547079331,101.83769207456297,90.41710254759492,140.0,139.99845257135541,50.0,50.00974356184013
0.18100000000000013,129.7268723,127.63299875291139,113.226098919302,101.81301240022115,90.39786111654973,140.0,139.9984463612355,50.0,50.0097389213366
0.18100000000000013,129.7268723,127.63299875291139,113.226098919302,101.81301240022115,90.39786111654973,140.0,139.9984463612355,50.0,50.0097389213366
0.18200000000000013,129.7268723,127.60290516249881,113.19638428186585,101.78864847145496,90.3788588837045,140.0,139.9984401430993,50.0,50.00973433852285
0.18200000000000013,129.7268723,127.60290516249881,113.19638428186585,101.78864847145496,90.3788588837045,140.0,139.9984401430993,50.0,50.00973433852285
0.18300000000000013,129.7268723,127.57459769687789,113.16795548858515,101.76530951450168,90.36064263099023,140.0,139.9984341172113,50.0,50.009729945267466
0.18300000000000013,129.7268723,127.57459769687789,113.16795548858515,101.76530951450168,90.36064263099023,140.0,139.9984341172113,50.0,50.009729945267466
0.18400000000000014,129.7268723,127.54665042337159,113.13976182731822,101.7421953156941,90.34261600427385,140.0,139.99842807456426,50.0,50.009725597746154
0.18400000000000014,129.7268723,127.54665042337159,113.13976182731822,101.7421953156941,90.34261600427385,140.0,139.99842807456426,50.0,50.009725597746154
0.18500000000000014,129.7268723,127.51898766216758,113.11167469002662,101.71917401747852,90.32466457199621,140.0,139.99842209546415,50.0,50.009721268361204
0.18500000000000014,129.7268723,127.51898766216758,113.11167469002662,101.71917401747852,90.32466457199621,140.0,139.99842209546415,50.0,50.009721268361204
0.18600000000000014,129.7268723,127.49159006424102,113.08366044035837,101.6962137903885,90.30676140646895,140.0,139.99841617787845,50.0,50.0097169506184
0.18600000000000014,129.7268723,127.49159006424102,113.08366044035837,101.6962137903885,90.30676140646895,140.0,139.99841617787845,50.0,50.0097169506184
0.18700000000000014,129.7268723,127.46445318486055,113.0557036814975,101.67330123172252,90.2888956696137,140.0,139.99841032114773,50.0,50.00971264190387
0.18700000000000014,129.7268723,127.46445318486055,113.0557036814975,101.67330123172252,90.2888956696137,140.0,139.99841032114773,50.0,50.00971264190387
0.18800000000000014,129.7268723,127.43757622791823,113.027793120383,101.65042691856294,90.27105993220272,140.0,139.9984045249517,50.0,50.0097083404259
0.18800000000000014,129.7268723,127.43757622791823,113.027793120383,101.65042691856294,90.27105993220272,140.0,139.9984045249517,50.0,50.0097083404259
0.18900000000000014,129.7268723,127.40144930886481,113.01154514064065,101.63674055441415,90.26022000576539,140.0,139.99839783152666,50.0,50.00970572614165
0.18900000000000014,129.7268723,127.40144930886481,113.01154514064065,101.63674055441415,90.26022000576539,140.0,139.99839783152666,50.0,50.00970572614165
0.19000000000000014,129.7268723,127.36903813919606,112.99011578483753,101.61932647039039,90.24670678497093,140.0,139.9983914354914,50.0,50.00970246713472
0.19000000000000014,129.7268723,127.36903813919606,112.99011578483753,101.61932647039039,90.24670678497093,140.0,139.9983914354914,50.0,50.00970246713472
0.19100000000000014,129.7268723,127.33763054021736,112.96895145939399,101.60198075449365,90.2331826606992,140.0,139.99838516810715,50.0,50.00969920549912
0.19100000000000014,129.7268723,127.33763054021736,112.96895145939399,101.60198075449365,90.2331826606992,140.0,139.99838516810715,50.0,50.00969920549912
0.19200000000000014,129.7268723,127.30677797334931,112.94799779846971,101.58480244001302,90.21978572835897,140.0,139.99837898680929,50.0,50.009695974539476
0.19200000000000014,129.7268723,127.30677797334931,112.94799779846971,101.58480244001302,90.21978572835897,140.0,139.99837898680929,50.0,50.009695974539476
0.19300000000000014,129.7268723,127.27637870731738,112.92717186439329,101.56773117178952,90.20647328956443,140.0,139.9983728819413,50.0,50.009692763958135
0.19300000000000014,129.7268723,127.27637870731738,112.92717186439329,101.56773117178952,90.20647328956443,140.0,139.9983728819413,50.0,50.009692763958135
0.19400000000000014,129.7268723,127.2464036755611,112.90643879476056,101.55073722691294,90.19322170970644,140.0,139.99836685068243,50.0,50.00968956805509
0.19400000000000014,129.7268723,127.2464036755611,112.90643879476056,101.55073722691294,90.19322170970644,140.0,139.99836685068243,50.0,50.00968956805509
0.19500000000000015,129.7268723,127.2176050312914,112.88636546940286,101.53426596663644,90.18036950111923,140.0,139.99836092800928,50.0,50.00968646846981
0.19500000000000015,129.7268723,127.2176050312914,112.88636546940286,101.53426596663644,90.18036950111923,140.0,139.99836092800928,50.0,50.00968646846981
0.19600000000000015,129.7268723,127.18985756692436,112.86688218155251,101.51827961173467,90.1678958729565,140.0,139.9983549992078,50.0,50.00968346018807
0.19600000000000015,129.7268723,127.18985756692436,112.86688218155251,101.51827961173467,90.1678958729565,140.0,139.9983549992078,50.0,50.00968346018807
0.19700000000000015,129.7268723,127.1626679698428,112.84759927416108,101.50246992856727,90.15556566666972,140.0,139.9983491585722,50.0,50.00968048649631
0.19700000000000015,129.7268723,127.1626679698428,112.84759927416108,101.50246992856727,90.15556566666972,140.0,139.9983491585722,50.0,50.00968048649631
0.19800000000000015,129.7268723,127.12948998359421,112.83440829305025,101.49146573845123,90.1468974258865,140.0,139.99834279092013,50.0,50.00967839596597
0.19800000000000015,129.7268723,127.12948998359421,112.83440829305025,101.49146573845123,90.1468974258865,140.0,139.99834279092013,50.0,50.00967839596597
0.19900000000000015,129.7268723,127.0972504407788,112.82048038492876,101.4800660669826,90.13801432919996,140.0,139.99833654102076,50.0,50.0096762536189
0.19900000000000015,129.7268723,127.0972504407788,112.82048038492876,101.4800660669826,90.13801432919996,140.0,139.99833654102076,50.0,50.0096762536189
0.20000000000000015,129.7268723,127.06561379540358,112.80664277812474,101.46872390538903,90.12916995711426,140.0,139.99833038090006,50.0,50.00967412061147
0.20000000000000015,129.7268723,127.06561379540358,112.80664277812474,101.46872390538903,90.12916995711426,140.0,139.99833038090006,50.0,50.00967412061147
0.20100000000000015,129.7268723,127.03476921872162,112.79307482287565,101.45759626411433,90.12048981878954,140.0,139.99832423445463,50.0,50.009672027212844
0.20100000000000015,129.7268723,127.03476921872162,112.79307482287565,101.45759626411433,90.12048981878954,140.0,139.99832423445463,50.0,50.009672027212844
0.20200000000000015,129.7268723,127.00520131561518,112.78015612784445,101.44698830855967,90.11220920285066,140.0,139.99831819730477,50.0,50.009670030167825
0.20200000000000015,129.7268723,127.00520131561518,112.78015612784445,101.44698830855967,90.11220920285066,140.0,139.99831819730477,50.0,50.009670030167825
0.20300000000000015,129.7268723,126.97632002064525,112.76745137291455,101.43656894100594,90.10408157411823,140.0,139.9983122592897,50.0,50.00966807001921
0.20300000000000015,129.7268723,126.97632002064525,112.76745137291455,101.43656894100594,90.10408157411823,140.0,139.9983122592897,50.0,50.00966807001921
0.20400000000000015,129.7268723,126.94796761240406,112.75480941492701,101.42620646957968,90.09600086523163,140.0,139.99830640512954,50.0,50.00966612118661
0.20400000000000015,129.7268723,126.94796761240406,112.75480941492701,101.42620646957968,90.09600086523163,140.0,139.99830640512954,50.0,50.00966612118661
0.20500000000000015,129.7268723,126.92009539854865,112.7421787105027,101.41585511885519,90.08792972794012,140.0,139.99830063003503,50.0,50.009664174662724
0.20500000000000015,129.7268723,126.92009539854865,112.7421787105027,101.41585511885519,90.08792972794012,140.0,139.99830063003503,50.0,50.009664174662724
0.20600000000000016,129.7268723,126.89311650922554,112.72986944147499,101.40575740702782,90.0800519201652,140.0,139.99829502603305,50.0,50.00966227476461
0.20600000000000016,129.7268723,126.89311650922554,112.72986944147499,101.40575740702782,90.0800519201652,140.0,139.99829502603305,50.0,50.00966227476461
0.20700000000000016,129.7268723,126.86642799940556,112.71743192584795,101.39556844186744,90.072109190987,140.0,139.99828940513814,50.0,50.00966035920963
0.20700000000000016,129.7268723,126.86642799940556,112.71743192584795,101.39556844186744,90.072109190987,140.0,139.99828940513814,50.0,50.00966035920963
0.20800000000000016,129.7268723,126.83439390121112,112.71368203992463,101.3922191778937,90.06937223303167,140.0,139.99828323360464,50.0,50.009659699135085
0.20800000000000016,129.7268723,126.83439390121112,112.71368203992463,101.3922191778937,90.06937223303167,140.0,139.99828323360464,50.0,50.009659699135085
0.20900000000000016,129.7268723,126.80456718112143,112.707025535865,101.38684358542412,90.0652151551642,140.0,139.99827724197527,50.0,50.00965869656917
0.20900000000000016,129.7268723,126.80456718112143,112.707025535865,101.38684358542412,90.0652151551642,140.0,139.99827724197527,50.0,50.00965869656917
0.21000000000000016,129.7268723,126.77560357006845,112.70043665985996,101.38144555963218,90.06100755483095,140.0,139.99827136662523,50.0,50.009657681818766
0.21000000000000016,129.7268723,126.77560357006845,112.70043665985996,101.38144555963218,90.06100755483095,140.0,139.99827136662523,50.0,50.009657681818766
0.21100000000000016,129.7268723,126.74724913440895,112.69387278197905,101.37606574106246,90.05681262651895,140.0,139.9982655824598,50.0,50.00965667012456
0.21100000000000016,129.7268723,126.74724913440895,112.69387278197905,101.37606574106246,90.05681262651895,140.0,139.9982655824598,50.0,50.00965667012456
0.21200000000000016,129.7268723,126.75569274624684,112.79455974603108,101.45430318396477,90.11627869545424,140.0,139.99826340108137,50.0,50.00967101160079
0.21200000000000016,129.7268723,126.75569274624684,112.79455974603108,101.45430318396477,90.11627869545424,140.0,139.99826340108137,50.0,50.00967101160079
0.21300000000000016,129.7268723,126.74555322564234,112.81880337079892,101.47541975894939,90.13375587678492,140.0,139.99825947369135,50.0,50.00967522660143
0.21300000000000016,129.7268723,126.74555322564234,112.81880337079892,101.47541975894939,90.13375587678492,140.0,139.99825947369135,50.0,50.00967522660143
0.21400000000000016,129.7268723,126.72947029238357,112.83404299225397,101.4871573011296,90.14310365276049,140.0,139.99825492125518,50.0,50.00967748101641
0.21400000000000016,129.7268723,126.72947029238357,112.83404299225397,101.4871573011296,90.14310365276049,140.0,139.99825492125518,50.0,50.00967748101641
0.21500000000000016,129.7268723,126.71271831729264,112.84794705858167,101.49734300956052,90.15107852031343,140.0,139.9982502877867,50.0,50.00967940432506
0.21500000000000016,129.7268723,126.71271831729264,112.84794705858167,101.49734300956052,90.15107852031343,140.0,139.9982502877867,50.0,50.00967940432506
0.21600000000000016,129.7268723,126.69626954470735,112.86177578832691,101.50728291595384,90.15883391897206,140.0,139.9982457182893,50.0,50.00968127470433
0.21600000000000016,129.7268723,126.69626954470735,112.86177578832691,101.50728291595384,90.15883391897206,140.0,139.9982457182893,50.0,50.00968127470433
0.21700000000000016,129.7268723,126.67661765181867,112.88102341841473,101.52135361474645,90.16972906424267,140.0,139.9982409187664,50.0,50.00968390230045
0.21700000000000016,129.7268723,126.67661765181867,112.88102341841473,101.52135361474645,90.16972906424267,140.0,139.9982409187664,50.0,50.00968390230045
0.21800000000000017,129.7268723,126.65778301293767,112.90046130276804,101.53560297805625,90.18083417284343,140.0,139.99823615764336,50.0,50.009686580534535
0.21800000000000017,129.7268723,126.65778301293767,112.90046130276804,101.53560297805625,90.18083417284343,140.0,139.99823615764336,50.0,50.009686580534535
0.21900000000000017,129.7268723,126.63973514878548,112.92021815409221,101.54997927006818,90.19204086133792,140.0,139.99823150739363,50.0,50.00968928326739
0.21900000000000017,129.7268723,126.63973514878548,112.92021815409221,101.54997927006818,90.19204086133792,140.0,139.99823150739363,50.0,50.00968928326739
0.22000000000000017,129.7268723,126.62266919717389,112.94043614284085,101.56458867801675,90.20342742137157,140.0,139.99822690755096,50.0,50.00969202938073
0.22000000000000017,129.7268723,126.62266919717389,112.94043614284085,101.56458867801675,90.20342742137157,140.0,139.99822690755096,50.0,50.00969202938073
0.22100000000000017,129.7268723,126.60691324321225,112.96137027689075,101.5796336586353,90.2151498340026,140.0,139.99822243660438,50.0,50.00969485649277
0.22100000000000017,129.7268723,126.60691324321225,112.96137027689075,101.5796336586353,90.2151498340026,140.0,139.99822243660438,50.0,50.00969485649277
0.22200000000000017,129.7268723,126.59202360615916,112.98268307740696,101.59485400126125,90.22701366514906,140.0,139.99821808562783,50.0,50.00969771771162
0.22200000000000017,129.7268723,126.59202360615916,112.98268307740696,101.59485400126125,90.22701366514906,140.0,139.99821808562783,50.0,50.00969771771162
0.22300000000000017,129.7268723,128.26950225111415,117.8788035928304,105.41289196140855,93.13409754870418,140.0,139.9983818482595,50.0,50.010398823690025
0.22300000000000017,129.7268723,128.26950225111415,117.8788035928304,105.41289196140855,93.13409754870418,140.0,139.9983818482595,50.0,50.010398823690025
0.22400000000000017,129.7268723,128.8362292254539,118.60943902022814,106.09062584515438,93.71854862008506,140.0,139.99843649541677,50.0,50.01053980530638
0.22400000000000017,129.7268723,128.8362292254539,118.60943902022814,106.09062584515438,93.71854862008506,140.0,139.99843649541677,50.0,50.01053980530638
0.22500000000000017,129.7268723,129.02919747981693,118.88105290072554,106.28935819829385,93.88361398691194,140.0,139.99845355596406,50.0,50.01057961799888
0.22500000000000017,129.7268723,129.02919747981693,118.88105290072554,106.28935819829385,93.88361398691194,140.0,139.99845355596406,50.0,50.01057961799888
0.22600000000000017,129.7268723,129.1119361224307,119.03776411212992,106.37703634768755,93.95425380571821,140.0,139.9984595098078,50.0,50.010596655630195
0.22600000000000017,129.7268723,129.1119361224307,119.03776411212992,106.37703634768755,93.95425380571821,140.0,139.9984595098078,50.0,50.010596655630195
0.22700000000000017,129.7268723,129.16270823071218,119.16156899911337,106.433328140204,93.99877440209355,140.0,139.9984622565325,50.0,50.010607393545854
0.22700000000000017,129.7268723,129.16270823071218,119.16156899911337,106.433328140204,93.99877440209355,140.0,139.9984622565325,50.0,50.010607393545854
0.22800000000000017,129.7268723,129.2034928862668,119.28199209479203,106.48463007540995,94.0388809605016,140.0,139.99846400785387,50.0,50.010617066842215
0.22800000000000017,129.7268723,129.2034928862668,119.28199209479203,106.48463007540995,94.0388809605016,140.0,139.99846400785387,50.0,50.010617066842215
0.22900000000000018,129.7268723,129.2423768017286,119.39781918621614,106.53103254963669,94.07515342597992,140.0,139.99846554266477,50.0,50.01062581540069
0.22900000000000018,129.7268723,129.2423768017286,119.39781918621614,106.53103254963669,94.07515342597992,140.0,139.99846554266477,50.0,50.01062581540069
0.23000000000000018,129.7268723,129.2807204430783,119.51219817227944,106.57500930474713,94.10948881109687,140.0,139.99846706235425,50.0,50.01063409676005
0.23000000000000018,129.7268723,129.2807204430783,119.51219817227944,106.57500930474713,94.10948881109687,140.0,139.99846706235425,50.0,50.01063409676005
0.23100000000000018,129.7268723,129.31895383399453,119.62564874866118,106.61704883979749,94.14230370084762,140.0,139.9984686100038,50.0,50.01064201139601
0.23100000000000018,129.7268723,129.31895383399453,119.62564874866118,106.61704883979749,94.14230370084762,140.0,139.9984686100038,50.0,50.01064201139601
0.23200000000000018,129.7268723,129.35719193842863,119.73829728306056,106.6572560056711,94.1736877320557,140.0,139.99847019668226,50.0,50.01064958092748
0.23200000000000018,129.7268723,129.35719193842863,119.73829728306056,106.6572560056711,94.1736877320557,140.0,139.99847019668226,50.0,50.01064958092748
0.23300000000000018,129.7268723,129.39536887330067,119.85010804872292,106.69559293555231,94.2036141839432,140.0,139.9984718000961,50.0,50.010656798909025
0.23300000000000018,129.7268723,129.39536887330067,119.85010804872292,106.69559293555231,94.2036141839432,140.0,139.9984718000961,50.0,50.010656798909025
0.23400000000000018,129.7268723,129.43405689791066,119.96152710902868,106.73239103146126,94.23233474043671,140.0,139.99847343951654,50.0,50.010663726043845
0.23400000000000018,129.7268723,129.43405689791066,119.96152710902868,106.73239103146126,94.23233474043671,140.0,139.99847343951654,50.0,50.010663726043845
0.23500000000000018,129.7268723,129.4728824539141,120.07229467867356,106.76744516628672,94.25969915483485,140.0,139.99847513150556,50.0,50.010670326093354
0.23500000000000018,129.7268723,129.4728824539141,120.07229467867356,106.76744516628672,94.25969915483485,140.0,139.99847513150556,50.0,50.010670326093354
0.23600000000000018,129.7268723,129.51172673913183,120.1822990790806,106.80064533848412,94.28562014041859,140.0,139.9984768631357,50.0,50.010676578004215
0.23600000000000018,129.7268723,129.51172673913183,120.1822990790806,106.80064533848412,94.28562014041859,140.0,139.9984768631357,50.0,50.010676578004215
0.23700000000000018,129.7268723,129.76269647655306,120.89549356337943,107.30679112670583,94.67157925407592,140.0,139.9985003273724,50.0,50.0107696679136
0.23700000000000018,129.7268723,129.76269647655306,120.89549356337943,107.30679112670583,94.67157925407592,140.0,139.9985003273724,50.0,50.0107696679136
0.23800000000000018,129.7268723,127.36787368471153,118.99551180414663,105.80386329391207,93.53642907264415,140.0,139.99865275303026,50.0,50.01049587804563
0.23800000000000018,129.7268723,127.36787368471153,118.99551180414663,105.80386329391207,93.53642907264415,140.0,139.99865275303026,50.0,50.01049587804563
0.23900000000000018,129.7268723,129.1516167286384,120.30394303170122,106.70874879599123,94.19862314579136,140.0,139.99843050255024,50.0,50.01065559403963
0.23900000000000018,129.7268723,129.1516167286384,120.30394303170122,106.70874879599123,94.19862314579136,140.0,139.99843050255024,50.0,50.01065559403963
0.24000000000000019,129.7268723,129.6805420634233,120.86414571996528,107.12654244739224,94.53230023695545,140.0,139.99848362151104,50.0,50.01073607492813
0.24000000000000019,129.7268723,129.6805420634233,120.86414571996528,107.12654244739224,94.53230023695545,140.0,139.99848362151104,50.0,50.01073607492813
0.2410000000000002,129.7268723,129.84703635000776,121.06765659285242,107.24930822103661,94.63362425755952,140.0,139.99849896241963,50.0,50.01076051378197
0.2410000000000002,129.7268723,129.84703635000776,121.06765659285242,107.24930822103661,94.63362425755952,140.0,139.99849896241963,50.0,50.01076051378197
0.2420000000000002,129.7268723,127.44036956036575,119.14973298052654,105.7229650240174,93.4739444179916,140.0,139.99864890622933,50.0,50.01048080740031
0.2420000000000002,129.7268723,127.44036956036575,119.14973298052654,105.7229650240174,93.4739444179916,140.0,139.99864890622933,50.0,50.01048080740031
0.2430000000000002,129.7268723,129.17990990828466,120.37634820778189,106.55747299640224,94.08197958946042,140.0,139.99842283971697,50.0,50.01062746089577
0.2430000000000002,129.7268723,129.17990990828466,120.37634820778189,106.55747299640224,94.08197958946042,140.0,139.99842283971697,50.0,50.01062746089577
0.2440000000000002,129.7268723,129.6976817180858,120.93384109835979,106.96811936721315,94.40893971698655,140.0,139.99847533564952,50.0,50.0107063213639
0.2440000000000002,129.7268723,129.6976817180858,120.93384109835979,106.96811936721315,94.40893971698655,140.0,139.99847533564952,50.0,50.0107063213639
0.2450000000000002,129.7268723,129.86247916049004,121.14319162227268,107.09376433323924,94.51229758517567,140.0,139.99849064748403,50.0,50.01073125069378
0.2450000000000002,129.7268723,129.86247916049004,121.14319162227268,107.09376433323924,94.51229758517567,140.0,139.99849064748403,50.0,50.01073125069378
0.2460000000000002,129.7268723,127.48048762074079,119.2722335499943,105.6092873745612,93.38454029382928,140.0,139.99864262493873,50.0,50.010459244460314
0.2460000000000002,129.7268723,127.48048762074079,119.2722335499943,105.6092873745612,93.38454029382928,140.0,139.99864262493873,50.0,50.010459244460314
0.2470000000000002,129.7268723,129.1968750225882,120.44080541984913,106.39504569721744,93.95621205042242,140.0,139.9984141860825,50.0,50.01059712714483
0.2470000000000002,129.7268723,129.1968750225882,120.44080541984913,106.39504569721744,93.95621205042242,140.0,139.9984141860825,50.0,50.01059712714483
0.2480000000000002,129.7268723,129.70927438576487,120.9954681744729,106.79935102720684,94.27748808698104,140.0,139.99846666779038,50.0,50.01067461636713
0.2480000000000002,129.7268723,129.70927438576487,120.9954681744729,106.79935102720684,94.27748808698104,140.0,139.99846666779038,50.0,50.01067461636713
0.2490000000000002,129.7268723,129.87415725936694,121.20753896379821,106.9255475494234,94.38113202185075,140.0,139.99848223333964,50.0,50.01069961461924
0.2490000000000002,129.7268723,129.87415725936694,121.20753896379821,106.9255475494234,94.38113202185075,140.0,139.99848223333964,50.0,50.01069961461924
0.25000000000000017,129.7268723,127.51371729493317,119.37944247753325,105.47955355741318,93.28268030896535,140.0,139.9986362274525,50.0,50.01043467735662
0.25000000000000017,129.7268723,127.51371729493317,119.37944247753325,105.47955355741318,93.28268030896535,140.0,139.9986362274525,50.0,50.01043467735662
0.25100000000000017,129.7268723,129.19989898019193,120.4686087839234,106.22290634812745,93.82275704387983,140.0,139.99840442482932,50.0,50.01056493931904
0.25100000000000017,129.7268723,129.19989898019193,120.4686087839234,106.22290634812745,93.82275704387983,140.0,139.99840442482932,50.0,50.01056493931904
0.25200000000000017,129.7268723,129.6986588051291,120.99983870052041,106.6177248193497,94.13606625226275,140.0,139.9984560017452,50.0,50.01064050673879
0.25200000000000017,129.7268723,129.6986588051291,120.99983870052041,106.6177248193497,94.13606625226275,140.0,139.9984560017452,50.0,50.01064050673879
0.25300000000000017,129.7268723,129.85561419761376,121.1958791210821,106.74237283314564,94.23834364120545,140.0,139.99847090299735,50.0,50.0106651753101
0.25300000000000017,129.7268723,129.85561419761376,121.1958791210821,106.74237283314564,94.23834364120545,140.0,139.99847090299735,50.0,50.0106651753101
0.25400000000000017,129.7268723,127.4953482173528,119.38268529392103,105.32357399776969,93.16056473862714,140.0,139.99862708407593,50.0,50.010405224895294
0.25400000000000017,129.7268723,127.4953482173528,119.38268529392103,105.32357399776969,93.16056473862714,140.0,139.99862708407593,50.0,50.010405224895294
0.25500000000000017,129.7268723,129.17312052684497,120.43758847379624,106.02745636266116,93.67107777303262,140.0,139.99839177375605,50.0,50.01052835609105
0.25500000000000017,129.7268723,129.17312052684497,120.43758847379624,106.02745636266116,93.67107777303262,140.0,139.99839177375605,50.0,50.01052835609105
0.25600000000000017,129.7268723,129.6703061766442,120.96878669185061,106.41970024547669,93.98173057023476,140.0,139.99844361550393,50.0,50.010603282511205
0.25600000000000017,129.7268723,129.6703061766442,120.96878669185061,106.41970024547669,93.98173057023476,140.0,139.99844361550393,50.0,50.010603282511205
0.2570000000000002,129.7268723,129.82862465157888,121.16882817995175,106.54715437506462,94.08608180560987,140.0,139.99845884054287,50.0,50.010628451192716
0.2570000000000002,129.7268723,129.82862465157888,121.16882817995175,106.54715437506462,94.08608180560987,140.0,139.99845884054287,50.0,50.010628451192716
0.2580000000000002,129.7268723,127.47523037273137,119.38585691418464,105.15657349522915,93.02983536999888,140.0,139.99861793561865,50.0,50.01037369498807
0.2580000000000002,129.7268723,127.47523037273137,119.38585691418464,105.15657349522915,93.02983536999888,140.0,139.99861793561865,50.0,50.01037369498807
0.2590000000000002,129.7268723,129.14511271068434,120.4023332178721,105.82915927816651,93.51702807383319,140.0,139.99837911457095,50.0,50.01049120123728
0.2590000000000002,129.7268723,129.14511271068434,120.4023332178721,105.82915927816651,93.51702807383319,140.0,139.99837911457095,50.0,50.01049120123728
0.2600000000000002,129.7268723,129.6389909289087,120.93468546991755,106.22011798943694,93.82615317361282,140.0,139.99843108076283,50.0,50.01056575890874
0.2600000000000002,129.7268723,129.6389909289087,120.93468546991755,106.22011798943694,93.82615317361282,140.0,139.99843108076283,50.0,50.01056575890874
0.2610000000000002,129.7268723,129.79774410389447,121.14121011526639,106.35231826901743,93.93408185690431,140.0,139.99844652760763,50.0,50.01059179035046
0.2610000000000002,129.7268723,129.79774410389447,121.14121011526639,106.35231826901743,93.93408185690431,140.0,139.99844652760763,50.0,50.01059179035046
0.2620000000000002,129.7268723,127.45305768146314,119.38790998985229,104.98945474060979,92.89902222456872,140.0,139.9986084165217,50.0,50.01034214495352
0.2620000000000002,129.7268723,127.45305768146314,119.38790998985229,104.98945474060979,92.89902222456872,140.0,139.9986084165217,50.0,50.01034214495352
0.2630000000000002,129.7268723,129.11372714729922,120.37187074038803,105.63545570027331,93.3664736401961,140.0,139.99836624882914,50.0,50.0104548894986
0.2630000000000002,129.7268723,129.11372714729922,120.37187074038803,105.63545570027331,93.3664736401961,140.0,139.99836624882914,50.0,50.0104548894986
0.2640000000000002,129.7268723,129.59895176454026,120.881863294519,106.0271152468549,93.6756673532649,140.0,139.99841779280234,50.0,50.01052946344847
0.2640000000000002,129.7268723,129.59895176454026,120.881863294519,106.0271152468549,93.6756673532649,140.0,139.99841779280234,50.0,50.01052946344847
0.2650000000000002,129.7268723,129.7512349720089,121.07436010599847,106.16071224352105,93.78466102081929,140.0,139.99843273612504,50.0,50.01055575167371
0.2650000000000002,129.7268723,129.7512349720089,121.07436010599847,106.16071224352105,93.78466102081929,140.0,139.99843273612504,50.0,50.01055575167371
0.2660000000000002,129.7268723,127.39983190311601,119.3277385297062,104.81803522026154,92.76499548799536,140.0,139.9985970935338,50.0,50.01030981990484
0.2660000000000002,129.7268723,127.39983190311601,119.3277385297062,104.81803522026154,92.76499548799536,140.0,139.9985970935338,50.0,50.01030981990484
0.2670000000000002,129.7268723,129.05122342901814,120.2666243803327,105.44016753433118,93.21463714834422,140.0,139.99835023317812,50.0,50.01041826864844
0.2670000000000002,129.7268723,129.05122342901814,120.2666243803327,105.44016753433118,93.21463714834422,140.0,139.99835023317812,50.0,50.01041826864844
0.2680000000000002,129.7268723,129.5357214949409,120.7794757790033,105.82524583305984,93.5184008334563,140.0,139.99840208866806,50.0,50.010491532685826
0.2680000000000002,129.7268723,129.5357214949409,120.7794757790033,105.82524583305984,93.5184008334563,140.0,139.99840208866806,50.0,50.010491532685826
0.2690000000000002,129.7268723,129.68960706109692,120.97623083799445,105.96205158686551,93.62970957242518,140.0,139.99841736748309,50.0,50.0105183791864
0.2690000000000002,129.7268723,129.68960706109692,120.97623083799445,105.96205158686551,93.62970957242518,140.0,139.99841736748309,50.0,50.0105183791864
0.2700000000000002,129.7268723,129.73381576359688,121.03875459674457,105.9865827577426,93.65100725892019,140.0,139.99842052149592,50.0,50.01052351596577
0.2700000000000002,129.7268723,129.73381576359688,121.03875459674457,105.9865827577426,93.65100725892019,140.0,139.99842052149592,50.0,50.01052351596577
0.2710000000000002,129.7268723,127.35217941190162,119.27348630023221,104.62978386164649,92.61852534246873,140.0,139.99858402166834,50.0,50.010274493663665
0.2710000000000002,129.7268723,127.35217941190162,119.27348630023221,104.62978386164649,92.61852534246873,140.0,139.99858402166834,50.0,50.010274493663665
0.2720000000000002,129.7268723,128.98116879821362,120.15702549618221,105.20754845921607,93.03408625939885,140.0,139.99833158872966,50.0,50.01037472245426
0.2720000000000002,129.7268723,128.98116879821362,120.15702549618221,105.20754845921607,93.03408625939885,140.0,139.99833158872966,50.0,50.01037472245426
0.2730000000000002,129.7268723,129.45833711109293,120.65947183830427,105.5826986952691,93.3294886471676,140.0,139.99838315088772,50.0,50.010445969535105
0.2730000000000002,129.7268723,129.45833711109293,120.65947183830427,105.5826986952691,93.3294886471676,140.0,139.99838315088772,50.0,50.010445969535105
0.2740000000000002,129.7268723,129.6116117873672,120.85725105299676,105.72031651982415,93.44121873728591,140.0,139.9983985574041,50.0,50.010472917546274
0.2740000000000002,129.7268723,129.6116117873672,120.85725105299676,105.72031651982415,93.44121873728591,140.0,139.9983985574041,50.0,50.010472917546274
0.2750000000000002,129.7268723,129.65674088631266,120.9217222425503,105.74703457347941,93.46419130564487,140.0,139.99840190295345,50.0,50.01047845826636
0.2750000000000002,129.7268723,129.65674088631266,120.9217222425503,105.74703457347941,93.46419130564487,140.0,139.99840190295345,50.0,50.01047845826636
0.2760000000000002,129.7268723,129.66187974703493,120.93660007850636,105.73149457832959,93.45290108141674,140.0,139.99840082942393,50.0,50.01047573521144
0.2760000000000002,129.7268723,129.66187974703493,120.93660007850636,105.73149457832959,93.45290108141674,140.0,139.99840082942393,50.0,50.01047573521144
0.2770000000000002,129.7268723,129.6471459614425,120.91472114249136,105.70577096901093,93.43305084100223,140.0,139.9983975125207,50.0,50.01047094758941
0.2770000000000002,129.7268723,129.6471459614425,120.91472114249136,105.70577096901093,93.43305084100223,140.0,139.9983975125207,50.0,50.01047094758941
0.2780000000000002,129.7268723,129.6270472989019,120.88823337382279,105.66746204871035,93.4034173445772,140.0,139.99839355794919,50.0,50.01046380037538
0.2780000000000002,129.7268723,129.6270472989019,120.88823337382279,105.66746204871035,93.4034173445772,140.0,139.99839355794919,50.0,50.01046380037538
0.2790000000000002,129.7268723,129.60515551228008,120.85937809814024,105.6269532873811,93.37187864434601,140.0,139.99838941184237,50.0,50.01045619365625
0.2790000000000002,129.7268723,129.60515551228008,120.85937809814024,105.6269532873811,93.37187864434601,140.0,139.99838941184237,50.0,50.01045619365625
0.2800000000000002,129.7268723,129.58266202822264,120.82961532462916,105.58581641581087,93.33981687604135,140.0,139.99838520787205,50.0,50.01044846078506
0.2800000000000002,129.7268723,129.58266202822264,120.82961532462916,105.58581641581087,93.33981687604135,140.0,139.99838520787205,50.0,50.01044846078506
0.2810000000000002,129.7268723,129.5600062371707,120.79954572530994,105.54457296306502,93.30766164713572,140.0,139.99838099531587,50.0,50.010440705377434
0.2810000000000002,129.7268723,129.5600062371707,120.79954572530994,105.54457296306502,93.30766164713572,140.0,139.99838099531587,50.0,50.010440705377434
0.2820000000000002,129.7268723,129.53735623796697,120.76940594012795,105.50341959572202,93.27557280407648,140.0,139.99837679301848,50.0,50.01043296598616
0.2820000000000002,129.7268723,129.53735623796697,120.76940594012795,105.50341959572202,93.27557280407648,140.0,139.99837679301848,50.0,50.01043296598616
0.2830000000000002,129.7268723,129.51469634656988,120.7392307232897,105.4623861675315,93.2435768398156,140.0,139.99837259568773,50.0,50.010425249000924
0.2830000000000002,129.7268723,129.51469634656988,120.7392307232897,105.4623861675315,93.2435768398156,140.0,139.99837259568773,50.0,50.010425249000924
0.2840000000000002,129.7268723,129.492384440989,120.70928451909474,105.4216668029692,93.2118221725843,140.0,139.99836841483,50.0,50.0104175902181
0.2840000000000002,129.7268723,129.492384440989,120.70928451909474,105.4216668029692,93.2118221725843,140.0,139.99836841483,50.0,50.0104175902181
0.2850000000000002,129.7268723,129.47026143832062,120.67950632443093,105.38121892579149,93.18027988247835,140.0,139.998364265035,50.0,50.01040998266247
0.2850000000000002,129.7268723,129.47026143832062,120.67950632443093,105.38121892579149,93.18027988247835,140.0,139.998364265035,50.0,50.01040998266247
0.2860000000000002,129.7268723,129.44828316051442,120.64985397636882,105.3410034557994,93.14891953520849,140.0,139.99836014124355,50.0,50.010402418993635
0.2860000000000002,129.7268723,129.44828316051442,120.64985397636882,105.3410034557994,93.14891953520849,140.0,139.99836014124355,50.0,50.010402418993635
0.2870000000000002,129.7268723,129.4264361270293,120.6203107031347,105.30100036818978,93.11772516842413,140.0,139.99835604188206,50.0,50.01039489536163
0.2870000000000002,129.7268723,129.4264361270293,120.6203107031347,105.30100036818978,93.11772516842413,140.0,139.99835604188206,50.0,50.01039489536163
0.2880000000000002,129.7268723,129.40375080990535,120.59281046671525,105.26264731868874,93.08779094814457,140.0,139.99835185760992,50.0,50.01038767566333
0.2880000000000002,129.7268723,129.40375080990535,120.59281046671525,105.26264731868874,93.08779094814457,140.0,139.99835185760992,50.0,50.01038767566333
0.2890000000000002,129.7268723,129.37810063764212,120.55644915787266,105.22765519569789,93.06044520463503,140.0,139.99834733432402,50.0,50.01038108027187
0.2890000000000002,129.7268723,129.37810063764212,120.55644915787266,105.22765519569789,93.06044520463503,140.0,139.99834733432402,50.0,50.01038108027187
0.2900000000000002,129.7268723,129.35218122373678,120.51994303508421,105.19245037282305,93.03299848072076,140.0,139.99834280095556,50.0,50.010374460528766
0.2900000000000002,129.7268723,129.35218122373678,120.51994303508421,105.19245037282305,93.03299848072076,140.0,139.99834280095556,50.0,50.010374460528766
0.2910000000000002,129.7268723,129.32618349565288,120.48348636293153,105.15735630099782,93.0056336987638,140.0,139.99833822727996,50.0,50.01036786055247
0.2910000000000002,129.7268723,129.32618349565288,120.48348636293153,105.15735630099782,93.0056336987638,140.0,139.99833822727996,50.0,50.01036786055247
0.2920000000000002,129.7268723,129.30031105157687,120.44726171872361,105.1225166359322,92.97846453683856,140.0,139.9983336763519,50.0,50.010361307760384
0.2920000000000002,129.7268723,129.30031105157687,120.44726171872361,105.1225166359322,92.97846453683856,140.0,139.9983336763519,50.0,50.010361307760384
0.2930000000000002,129.7268723,129.27463389906166,120.41135241722115,105.08799392702541,92.95154129311997,140.0,139.99832915618973,50.0,50.01035481428357
0.2930000000000002,129.7268723,129.27463389906166,120.41135241722115,105.08799392702541,92.95154129311997,140.0,139.99832915618973,50.0,50.01035481428357
0.2940000000000002,129.7268723,129.24917839251552,120.37579062745809,105.05380872753807,92.92488080001542,140.0,139.9983246698241,50.0,50.010348384181654
0.2940000000000002,129.7268723,129.24917839251552,120.37579062745809,105.05380872753807,92.92488080001542,140.0,139.9983246698241,50.0,50.010348384181654
0.2950000000000002,129.7268723,129.22395471769786,120.34058663908334,105.01996329937309,92.89848517595334,140.0,139.99832021843784,50.0,50.010342017965456
0.2950000000000002,129.7268723,129.22395471769786,120.34058663908334,105.01996329937309,92.89848517595334,140.0,139.99832021843784,50.0,50.010342017965456
0.2960000000000002,129.7268723,129.1988784004782,120.30567842157718,104.98640501828244,92.87231440596905,140.0,139.99831580002623,50.0,50.01033570598389
0.2960000000000002,129.7268723,129.1988784004782,120.30567842157718,104.98640501828244,92.87231440596905,140.0,139.99831580002623,50.0,50.01033570598389
0.2970000000000002,129.7268723,129.17426869048217,120.27127357346257,104.95328034875779,92.84647905667963,140.0,139.998311403369,50.0,50.010329474903806
0.2970000000000002,129.7268723,129.17426869048217,120.27127357346257,104.95328034875779,92.84647905667963,140.0,139.998311403369,50.0,50.010329474903806
0.2980000000000002,129.7268723,129.15030553023797,120.23799673220957,104.92105664237613,92.82133754411747,140.0,139.99830708938725,50.0,50.01032341116935
0.2980000000000002,129.7268723,129.15030553023797,120.23799673220957,104.92105664237613,92.82133754411747,140.0,139.99830708938725,50.0,50.01032341116935
0.2990000000000002,129.7268723,129.12633191225734,120.20503334272831,104.88914040098118,92.7964464559789,140.0,139.99830278315966,50.0,50.01031740783626
0.2990000000000002,129.7268723,129.12633191225734,120.20503334272831,104.88914040098118,92.7964464559789,140.0,139.99830278315966,50.0,50.01031740783626
0.3000000000000002,129.7268723,129.1025283228594,120.17235395847221,104.85747651423515,92.7717533928681,140.0,139.99829850498668,50.0,50.010311452266585
0.3000000000000002,129.7268723,129.1025283228594,120.17235395847221,104.85747651423515,92.7717533928681,140.0,139.99829850498668,50.0,50.010311452266585
0.3010000000000002,129.7268723,129.07783993277886,120.1423732557665,104.8278596943903,92.74862350270816,140.0,139.99829413397316,50.0,50.01030587371186
0.3010000000000002,129.7268723,129.07783993277886,120.1423732557665,104.8278596943903,92.74862350270816,140.0,139.99829413397316,50.0,50.01030587371186
0.3020000000000002,129.7268723,129.05079652577945,120.10435933236775,104.80301568676529,92.7291641451884,140.0,139.99828949733063,50.0,50.01030118043226
0.3020000000000002,129.7268723,129.05079652577945,120.10435933236775,104.80301568676529,92.7291641451884,140.0,139.99828949733063,50.0,50.01030118043226
0.3030000000000002,129.7268723,129.02388364317784,120.06702094283821,104.77661007543487,92.70860231722786,140.0,139.998284885904,50.0,50.01029622125644
0.3030000000000002,129.7268723,129.02388364317784,120.06702094283821,104.77661007543487,92.70860231722786,140.0,139.998284885904,50.0,50.01029622125644
0.3040000000000002,129.7268723,128.9971117478329,120.03008993464321,104.7503984512634,92.6881622176558,140.0,139.9982802617646,50.0,50.0102912914416
0.3040000000000002,129.7268723,128.9971117478329,120.03008993464321,104.7503984512634,92.6881622176558,140.0,139.9982802617646,50.0,50.0102912914416
0.3050000000000002,129.7268723,128.97060053609908,119.9936234160676,104.72449663571747,92.66796085405923,140.0,139.99827567566942,50.0,50.01028641920792
0.3050000000000002,129.7268723,128.97060053609908,119.9936234160676,104.72449663571747,92.66796085405923,140.0,139.99827567566942,50.0,50.01028641920792
0.3060000000000002,129.7268723,128.9443861689693,119.95765354862742,104.69892965693572,92.64802003667774,140.0,139.9982711318698,50.0,50.01028160981559
0.3060000000000002,129.7268723,128.9443861689693,119.95765354862742,104.69892965693572,92.64802003667774,140.0,139.9982711318698,50.0,50.01028160981559
0.3070000000000002,129.7268723,128.91848017823042,119.92218835498112,104.67369980313002,92.62834201993414,140.0,139.99826663174986,50.0,50.01027686380827
0.3070000000000002,129.7268723,128.91848017823042,119.92218835498112,104.67369980313002,92.62834201993414,140.0,139.99826663174986,50.0,50.01027686380827
0.3080000000000002,129.7268723,128.89285732566083,119.88720504544723,104.64878528838084,92.60891027301055,140.0,139.99826215838388,50.0,50.01027217719893
0.3080000000000002,129.7268723,128.89285732566083,119.88720504544723,104.64878528838084,92.60891027301055,140.0,139.99826215838388,50.0,50.01027217719893
0.3090000000000002,129.7268723,128.86771364773585,119.85282624942054,104.62427201685131,92.58978980738202,140.0,139.9982577332411,50.0,50.01026756566716
0.3090000000000002,129.7268723,128.86771364773585,119.85282624942054,104.62427201685131,92.58978980738202,140.0,139.9982577332411,50.0,50.01026756566716
0.3100000000000002,129.7268723,128.84293231223913,119.81899265525169,104.60011485993635,92.57094779587148,140.0,139.99825335836363,50.0,50.01026302129551
0.3100000000000002,129.7268723,128.84293231223913,119.81899265525169,104.60011485993635,92.57094779587148,140.0,139.99825335836363,50.0,50.01026302129551
0.3110000000000002,129.7268723,128.81847619539528,119.78565905115089,104.57627326717501,92.55235259283849,140.0,139.99824902943936,50.0,50.01025853645153
0.3110000000000002,129.7268723,128.81847619539528,119.78565905115089,104.57627326717501,92.55235259283849,140.0,139.99824902943936,50.0,50.01025853645153
0.3120000000000002,129.7268723,128.79341356617036,119.7544714436158,104.55397202152491,92.53493592608307,140.0,139.99824463821406,50.0,50.01025433585184
0.3120000000000002,129.7268723,128.79341356617036,119.7544714436158,104.55397202152491,92.53493592608307,140.0,139.99824463821406,50.0,50.01025433585184
0.3130000000000002,129.7268723,128.76900628531166,119.72428119398398,104.53240390997196,92.51810517517677,140.0,139.99824033084775,50.0,50.0102502765663
0.3130000000000002,129.7268723,128.76900628531166,119.72428119398398,104.53240390997196,92.51810517517677,140.0,139.99824033084775,50.0,50.0102502765663
0.3140000000000002,129.7268723,128.74504562268,119.69474660176397,104.51127195830972,92.50162028704446,140.0,139.99823608369664,50.0,50.01024630069819
0.3140000000000002,129.7268723,128.74504562268,119.69474660176397,104.51127195830972,92.50162028704446,140.0,139.99823608369664,50.0,50.01024630069819
0.3150000000000002,129.7268723,128.7188469854391,119.65882037881278,104.49526873824549,92.48904823860727,140.0,139.99823158727867,50.0,50.01024326853991
0.3150000000000002,129.7268723,128.7188469854391,119.65882037881278,104.49526873824549,92.48904823860727,140.0,139.99823158727867,50.0,50.01024326853991
0.3160000000000002,129.7268723,128.69267991519516,119.62354404476574,104.47726936331041,92.47504858597873,140.0,139.99822706947873,50.0,50.01023989206917
0.3160000000000002,129.7268723,128.69267991519516,119.62354404476574,104.47726936331041,92.47504858597873,140.0,139.99822706947873,50.0,50.01023989206917
0.3170000000000002,129.7268723,128.66723856366448,119.58969439681164,104.46009575672093,92.46164400342728,140.0,139.99822267325706,50.0,50.01023665911984
0.3170000000000002,129.7268723,128.66723856366448,119.58969439681164,104.46009575672093,92.46164400342728,140.0,139.99822267325706,50.0,50.01023665911984
0.3180000000000002,129.7268723,128.64179973370702,119.55617883614418,104.4430534902164,92.44835342839112,140.0,139.998218250654,50.0,50.01023345366795
0.3180000000000002,129.7268723,128.64179973370702,119.55617883614418,104.4430534902164,92.44835342839112,140.0,139.998218250654,50.0,50.01023345366795
0.31900000000000023,129.7268723,128.61659701199665,119.5230906523586,104.42617860366263,92.43519297090694,140.0,139.99821386333915,50.0,50.01023027959896
0.31900000000000023,129.7268723,128.61659701199665,119.5230906523586,104.42617860366263,92.43519297090694,140.0,139.99821386333915,50.0,50.01023027959896
0.32000000000000023,129.7268723,128.5916979651828,119.49048842408737,104.40951383424232,92.42219554774697,140.0,139.99820951934106,50.0,50.010227144851775
0.32000000000000023,129.7268723,128.5916979651828,119.49048842408737,104.40951383424232,92.42219554774697,140.0,139.99820951934106,50.0,50.010227144851775
0.32100000000000023,129.7268723,128.60653674593763,119.56468602480464,104.66789354210931,92.61629183490165,140.0,139.99820983843614,50.0,50.010273957409055
0.32100000000000023,129.7268723,128.60653674593763,119.56468602480464,104.66789354210931,92.61629183490165,140.0,139.99820983843614,50.0,50.010273957409055
0.32200000000000023,129.7268723,128.60980358643152,119.58603268025355,104.71676234601496,92.65573559742917,140.0,139.9982088103817,50.0,50.010283470674835
0.32200000000000023,129.7268723,128.60980358643152,119.58603268025355,104.71676234601496,92.65573559742917,140.0,139.9982088103817,50.0,50.010283470674835
0.32300000000000023,129.7268723,128.60260359407417,119.5848915919193,104.73959855181697,92.67158309175039,140.0,139.9982065581538,50.0,50.01028729283043
0.32300000000000023,129.7268723,128.60260359407417,119.5848915919193,104.73959855181697,92.67158309175039,140.0,139.9982065581538,50.0,50.01028729283043
0.32400000000000023,129.7268723,128.58932463565563,119.57692926716307,104.75613631440243,92.6819337966721,140.0,139.99820359585487,50.0,50.01028978924919
0.32400000000000023,129.7268723,128.58932463565563,119.57692926716307,104.75613631440243,92.6819337966721,140.0,139.99820359585487,50.0,50.01028978924919
0.32500000000000023,129.7268723,128.57442057885132,119.56602971429162,104.77024241947484,92.6901551588924,140.0,139.9982004485765,50.0,50.01029177210583
0.32500000000000023,129.7268723,128.57442057885132,119.56602971429162,104.77024241947484,92.6901551588924,140.0,139.9982004485765,50.0,50.01029177210583
0.32600000000000023,129.7268723,128.55901701481545,119.5543321190975,104.783700166237,92.69768143525143,140.0,139.99819725044753,50.0,50.01029358731943
0.32600000000000023,129.7268723,128.55901701481545,119.5543321190975,104.783700166237,92.69768143525143,140.0,139.99819725044753,50.0,50.01029358731943
0.32700000000000023,129.7268723,128.54364962983936,119.5426966492629,104.79723003546921,92.70509222138948,140.0,139.9981940649888,50.0,50.01029537467892
0.32700000000000023,129.7268723,128.54364962983936,119.5426966492629,104.79723003546921,92.70509222138948,140.0,139.9981940649888,50.0,50.01029537467892
0.32800000000000024,129.7268723,128.52663743478624,119.52647724567616,104.81539081797105,92.71586479900037,140.0,139.9981906999064,50.0,50.01029797284729
0.32800000000000024,129.7268723,128.52663743478624,119.52647724567616,104.81539081797105,92.71586479900037,140.0,139.9981906999064,50.0,50.01029797284729
0.32900000000000024,129.7268723,128.50978723525157,119.51089816346213,104.83278444881695,92.72597007019829,140.0,139.9981873300581,50.0,50.01030041007317
0.32900000000000024,129.7268723,128.50978723525157,119.51089816346213,104.83278444881695,92.72597007019829,140.0,139.9981873300581,50.0,50.01030041007317
0.33000000000000024,129.7268723,128.49333398639422,119.49602548659324,104.8511980169929,92.73667036022206,140.0,139.9981840155909,50.0,50.01030299080826
0.33000000000000024,129.7268723,128.49333398639422,119.49602548659324,104.8511980169929,92.73667036022206,140.0,139.9981840155909,50.0,50.01030299080826
0.33100000000000024,129.7268723,128.47742060092693,119.48184306594159,104.86996118031313,92.74748258801432,140.0,139.99818080073885,50.0,50.010305598541514
0.33100000000000024,129.7268723,128.47742060092693,119.48184306594159,104.86996118031313,92.74748258801432,140.0,139.99818080073885,50.0,50.010305598541514
0.33200000000000024,129.7268723,128.46188399280416,119.46835038378966,104.8892323201581,92.75851332399235,140.0,139.99817760704795,50.0,50.010308258975954
0.33200000000000024,129.7268723,128.46188399280416,119.46835038378966,104.8892323201581,92.75851332399235,140.0,139.99817760704795,50.0,50.010308258975954
0.33300000000000024,129.7268723,128.57428679751027,119.79489672185109,105.77804785636846,93.42234749522906,140.0,139.99818963007922,50.0,50.0104683649958
0.33300000000000024,129.7268723,128.57428679751027,119.79489672185109,105.77804785636846,93.42234749522906,140.0,139.99818963007922,50.0,50.0104683649958
0.33400000000000024,129.7268723,129.40855277752158,121.97513657199616,111.18341033960967,97.48558917196355,140.0,139.9982876230995,50.0,50.01144836696016
0.33400000000000024,129.7268723,129.40855277752158,121.97513657199616,111.18341033960967,97.48558917196355,140.0,139.9982876230995,50.0,50.01144836696016
0.33500000000000024,129.7268723,129.92104746212618,122.92350068950773,112.16113485825299,98.26604367427629,140.0,139.9983477521672,50.0,50.01163665757109
0.33500000000000024,129.7268723,129.92104746212618,122.92350068950773,112.16113485825299,98.26604367427629,140.0,139.9983477521672,50.0,50.01163665757109
0.33600000000000024,129.7268723,128.3990124572473,122.1117266872232,111.56992991714812,97.78208299690068,140.0,139.99852961707637,50.0,50.01151992277886
0.33600000000000024,129.7268723,128.3990124572473,122.1117266872232,111.56992991714812,97.78208299690068,140.0,139.99852961707637,50.0,50.01151992277886
0.33700000000000024,129.7268723,129.6846945443274,122.80406173638873,112.14339577799284,98.15121650326259,140.0,139.99831561851616,50.0,50.01160896125886
0.33700000000000024,129.7268723,129.6846945443274,122.80406173638873,112.14339577799284,98.15121650326259,140.0,139.99831561851616,50.0,50.01160896125886
0.33800000000000024,129.7268723,130.1023740259443,123.27544530704208,112.5858873552127,98.43870274510115,140.0,139.99836491173744,50.0,50.01167830607712
0.33800000000000024,129.7268723,130.1023740259443,123.27544530704208,112.5858873552127,98.43870274510115,140.0,139.99836491173744,50.0,50.01167830607712
0.33900000000000025,129.7268723,128.52564609981764,122.31510025814593,111.86429440353292,97.84464330852143,140.0,139.9985351862202,50.0,50.01153501255319
0.33900000000000025,129.7268723,128.52564609981764,122.31510025814593,111.86429440353292,97.84464330852143,140.0,139.9985351862202,50.0,50.01153501255319
0.34000000000000025,129.7268723,129.74693215777452,122.91638875699799,112.34142000175143,98.13520678941865,140.0,139.99831847478174,50.0,50.01160509968798
0.34000000000000025,129.7268723,129.74693215777452,122.91638875699799,112.34142000175143,98.13520678941865,140.0,139.99831847478174,50.0,50.01160509968798
0.34100000000000025,129.7268723,128.34835632470876,122.11604545960816,111.75747944797541,97.64581118004715,140.0,139.99852013631855,50.0,50.01148705296111
0.34100000000000025,129.7268723,128.34835632470876,122.11604545960816,111.75747944797541,97.64581118004715,140.0,139.99852013631855,50.0,50.01148705296111
0.34200000000000025,129.7268723,129.67998467043128,122.8271723190333,112.31986663074112,98.00132684102546,140.0,139.99830697984368,50.0,50.01157280648788
0.34200000000000025,129.7268723,129.67998467043128,122.8271723190333,112.31986663074112,98.00132684102546,140.0,139.99830697984368,50.0,50.01157280648788
0.34300000000000025,129.7268723,130.11136453356582,123.31344950294238,112.7738509977337,98.2929965801073,140.0,139.99835832204033,50.0,50.01164316017158
0.34300000000000025,129.7268723,130.11136453356582,123.31344950294238,112.7738509977337,98.2929965801073,140.0,139.99835832204033,50.0,50.01164316017158
0.34400000000000025,129.7268723,128.54355398275854,122.37566316969635,112.09498582458926,97.73248151380758,140.0,139.99853087577003,50.0,50.01150795832152
0.34400000000000025,129.7268723,128.54355398275854,122.37566316969635,112.09498582458926,97.73248151380758,140.0,139.99853087577003,50.0,50.01150795832152
0.34500000000000025,129.7268723,129.7664919184075,122.96885742782226,112.54655057371332,97.99990596130728,140.0,139.9983129011269,50.0,50.01157246389426
0.34500000000000025,129.7268723,129.7664919184075,122.96885742782226,112.54655057371332,97.99990596130728,140.0,139.9983129011269,50.0,50.01157246389426
0.34600000000000025,129.7268723,128.37026239276526,122.17964333498406,111.9898983704988,97.53118215608897,140.0,139.9985161303401,50.0,50.011459403679325
0.34600000000000025,129.7268723,128.37026239276526,122.17964333498406,111.9898983704988,97.53118215608897,140.0,139.9985161303401,50.0,50.011459403679325
0.34700000000000025,129.7268723,129.69961280401267,122.87778566579834,112.52365671582066,97.86064343488704,140.0,139.99830143302628,50.0,50.01153887247048
0.34700000000000025,129.7268723,129.69961280401267,122.87778566579834,112.52365671582066,97.86064343488704,140.0,139.99830143302628,50.0,50.01153887247048
0.34800000000000025,129.7268723,130.12784112513313,123.35843722111014,112.97515901099185,98.14561237205635,140.0,139.99835278114108,50.0,50.01160760962348
0.34800000000000025,129.7268723,130.12784112513313,123.35843722111014,112.97515901099185,98.14561237205635,140.0,139.99835278114108,50.0,50.01160760962348
0.34900000000000025,129.7268723,128.56289815108246,122.43492103416324,112.32258688813889,97.60591093929837,140.0,139.998526776939,50.0,50.011477428611826
0.34900000000000025,129.7268723,128.56289815108246,122.43492103416324,112.32258688813889,97.60591093929837,140.0,139.998526776939,50.0,50.011477428611826
0.35000000000000026,129.7268723,129.77994369835332,123.00444901865664,112.70998242811032,97.84341759890381,140.0,139.99830682475636,50.0,50.0115347175845
0.35000000000000026,129.7268723,129.77994369835332,123.00444901865664,112.70998242811032,97.84341759890381,140.0,139.99830682475636,50.0,50.0115347175845
0.35100000000000026,129.7268723,128.37501689502602,122.20791506729373,112.14469880390081,97.37975706752695,140.0,139.99851096898175,50.0,50.01142287898862
0.35100000000000026,129.7268723,128.37501689502602,122.20791506729373,112.14469880390081,97.37975706752695,140.0,139.99851096898175,50.0,50.01142287898862
0.35200000000000026,129.7268723,129.6983850785427,122.88156486638046,112.62375015158679,97.67580002887155,140.0,139.99829360465753,50.0,50.01149428682947
0.35200000000000026,129.7268723,129.6983850785427,122.88156486638046,112.62375015158679,97.67580002887155,140.0,139.99829360465753,50.0,50.01149428682947
0.35300000000000026,129.7268723,130.11791508179283,123.34379051516656,113.0424581900818,97.94422329491965,140.0,139.9983442578811,50.0,50.01155903273842
0.35300000000000026,129.7268723,130.11791508179283,123.34379051516656,113.0424581900818,97.94422329491965,140.0,139.9983442578811,50.0,50.01155903273842
0.35400000000000026,129.7268723,128.53978114099814,122.4129544700986,112.38569529295543,97.41436564275287,140.0,139.99851976413993,50.0,50.01143122663319
0.35400000000000026,129.7268723,128.53978114099814,122.4129544700986,112.38569529295543,97.41436564275287,140.0,139.99851976413993,50.0,50.01143122663319
0.35500000000000026,129.7268723,129.76128014633633,122.97563973209915,112.75708553504569,97.62729952315577,140.0,139.99829702780994,50.0,50.011482588255795
0.35500000000000026,129.7268723,129.76128014633633,122.97563973209915,112.75708553504569,97.62729952315577,140.0,139.99829702780994,50.0,50.011482588255795
0.35600000000000026,129.7268723,128.34827157029204,122.18194356349535,112.20594778734453,97.17556916721084,140.0,139.99850368555175,50.0,50.01137362775902
0.35600000000000026,129.7268723,128.34827157029204,122.18194356349535,112.20594778734453,97.17556916721084,140.0,139.99850368555175,50.0,50.01137362775902
0.35700000000000026,129.7268723,129.67692186518846,122.84912670851348,112.6602874590797,97.45116615313164,140.0,139.99828347554134,50.0,50.01144010361098
0.35700000000000026,129.7268723,129.67692186518846,122.84912670851348,112.6602874590797,97.45116615313164,140.0,139.99828347554134,50.0,50.01144010361098
0.35800000000000026,129.7268723,130.09545208802376,123.3094320142724,113.07321378427156,97.71295998558377,140.0,139.99833437398516,50.0,50.011503250139214
0.35800000000000026,129.7268723,130.09545208802376,123.3094320142724,113.07321378427156,97.71295998558377,140.0,139.99833437398516,50.0,50.011503250139214
0.35900000000000026,129.7268723,128.510517454553,122.3843928674932,112.43582472819196,97.19985994377241,140.0,139.9985121628797,50.0,50.01137948667845
0.35900000000000026,129.7268723,128.510517454553,122.3843928674932,112.43582472819196,97.19985994377241,140.0,139.9985121628797,50.0,50.01137948667845
0.36000000000000026,129.7268723,129.73770223849152,122.94247939001161,112.7855056590839,97.395280422915,140.0,139.9982867917737,50.0,50.01142662371726
0.36000000000000026,129.7268723,129.73770223849152,122.94247939001161,112.7855056590839,97.395280422915,140.0,139.9982867917737,50.0,50.01142662371726
0.36100000000000027,129.7268723,128.31768713264694,122.15163452451482,112.2466890128268,96.95443578058118,140.0,139.99849589245255,50.0,50.011320289407585
0.36100000000000027,129.7268723,128.31768713264694,122.15163452451482,112.2466890128268,96.95443578058118,140.0,139.99849589245255,50.0,50.011320289407585
0.36200000000000027,129.7268723,129.6523617632735,122.81306354634226,112.67862416772881,97.21166570393495,140.0,139.998273128393,50.0,50.01138233473491
0.36200000000000027,129.7268723,129.6523617632735,122.81306354634226,112.67862416772881,97.21166570393495,140.0,139.998273128393,50.0,50.01138233473491
0.36300000000000027,129.7268723,130.0698979576705,123.26937720672773,113.0880736430782,97.46878985554444,140.0,139.99832423654382,50.0,50.01144435458572
0.36300000000000027,129.7268723,130.0698979576705,123.26937720672773,113.0880736430782,97.46878985554444,140.0,139.99832423654382,50.0,50.01144435458572
0.36400000000000027,129.7268723,128.4722247426485,122.33803426953642,112.44696434963421,96.97162290852708,140.0,139.99850387736873,50.0,50.01132443488717
0.36400000000000027,129.7268723,128.4722247426485,122.33803426953642,112.44696434963421,96.97162290852708,140.0,139.99850387736873,50.0,50.01132443488717
0.36500000000000027,129.7268723,129.70177930959113,122.88052276901053,112.75916551859417,97.14962911943762,140.0,139.9982751958032,50.0,50.01136737128119
0.36500000000000027,129.7268723,129.70177930959113,122.88052276901053,112.75916551859417,97.14962911943762,140.0,139.9982751958032,50.0,50.01136737128119
0.36600000000000027,129.7268723,130.07337134368296,123.26757588156897,113.08876995544347,97.35710697978315,140.0,139.9983207641538,50.0,50.01141741604054
0.36600000000000027,129.7268723,130.07337134368296,123.26757588156897,113.08876995544347,97.35710697978315,140.0,139.9983207641538,50.0,50.01141741604054
0.36700000000000027,129.7268723,128.45284760718735,122.30870885152657,112.4306236177804,96.84297770160096,140.0,139.99849915799436,50.0,50.01129340513762
0.36700000000000027,129.7268723,128.45284760718735,122.30870885152657,112.4306236177804,96.84297770160096,140.0,139.99849915799436,50.0,50.01129340513762
0.36800000000000027,129.7268723,129.67512679352214,122.83300940737558,112.71675007563799,97.00131648189081,140.0,139.9982678668264,50.0,50.01133159761046
0.36800000000000027,129.7268723,129.67512679352214,122.83300940737558,112.71675007563799,97.00131648189081,140.0,139.9982678668264,50.0,50.01133159761046
0.36900000000000027,129.7268723,130.04162125718122,123.21058312740377,113.03433967813088,97.19950426093084,140.0,139.9983129644093,50.0,50.01137940139849
0.36900000000000027,129.7268723,130.04162125718122,123.21058312740377,113.03433967813088,97.19950426093084,140.0,139.9983129644093,50.0,50.01137940139849
0.3700000000000003,129.7268723,128.4108615340567,122.24762378406126,112.37945882463552,96.68941282565811,140.0,139.9984927389506,50.0,50.01125636482476
0.3700000000000003,129.7268723,128.4108615340567,122.24762378406126,112.37945882463552,96.68941282565811,140.0,139.9984927389506,50.0,50.01125636482476
0.3710000000000003,129.7268723,129.638135851932,122.76882084147763,112.6542033123944,96.83951689995547,140.0,139.99825923777857,50.0,50.011292570937535
0.3710000000000003,129.7268723,129.638135851932,122.76882084147763,112.6542033123944,96.83951689995547,140.0,139.99825923777857,50.0,50.011292570937535
0.3720000000000003,129.7268723,130.00469579539353,123.14468100751118,112.96753256677069,97.03444892476003,140.0,139.9983045191075,50.0,50.01133958926573
0.3720000000000003,129.7268723,130.00469579539353,123.14468100751118,112.96753256677069,97.03444892476003,140.0,139.9983045191075,50.0,50.01133958926573
0.3730000000000003,129.7268723,128.36504098023912,122.18059046077904,112.31885177567358,96.53068549517513,140.0,139.9984860581157,50.0,50.011218079436645
0.3730000000000003,129.7268723,128.36504098023912,122.18059046077904,112.31885177567358,96.53068549517513,140.0,139.9984860581157,50.0,50.011218079436645
0.3740000000000003,129.7268723,129.59912557988366,122.70102290961383,112.58497198356956,96.67470141063843,140.0,139.99825038477394,50.0,50.011252816943895
0.3740000000000003,129.7268723,129.59912557988366,122.70102290961383,112.58497198356956,96.67470141063843,140.0,139.99825038477394,50.0,50.011252816943895
0.3750000000000003,129.7268723,129.9665938418885,123.07625354974087,112.89522527422011,96.86733954249672,140.0,139.99829594075547,50.0,50.011299281819895
0.3750000000000003,129.7268723,129.9665938418885,123.07625354974087,112.89522527422011,96.86733954249672,140.0,139.99829594075547,50.0,50.011299281819895
0.3760000000000003,129.7268723,128.31815393475998,122.1113727629042,112.25283964467866,96.36997444665136,140.0,139.99847932908682,50.0,50.01117931569466
0.3760000000000003,129.7268723,128.31815393475998,122.1113727629042,112.25283964467866,96.36997444665136,140.0,139.99847932908682,50.0,50.01117931569466
0.3770000000000003,129.7268723,129.55878955127707,122.63231848602355,112.51183609127645,96.5090546477626,140.0,139.99824145041674,50.0,50.01121286257534
0.3770000000000003,129.7268723,129.55878955127707,122.63231848602355,112.51183609127645,96.5090546477626,140.0,139.99824145041674,50.0,50.01121286257534
0.3780000000000003,129.7268723,129.92422048141324,123.0010637450113,112.80175070879196,96.7024782652639,140.0,139.99828690817594,50.0,50.011259516754706
0.3780000000000003,129.7268723,129.92422048141324,123.0010637450113,112.80175070879196,96.7024782652639,140.0,139.99828690817594,50.0,50.011259516754706
0.3790000000000003,129.7268723,128.26238620432474,122.02576030933488,112.14771711226912,96.20876117036792,140.0,139.9984718521452,50.0,50.01114043093288
0.3790000000000003,129.7268723,128.26238620432474,122.02576030933488,112.14771711226912,96.20876117036792,140.0,139.9984718521452,50.0,50.01114043093288
0.3800000000000003,129.7268723,129.50672116638512,122.5377163803812,112.38223982610931,96.34089665619234,140.0,139.99823101345294,50.0,50.01117230262915
0.3800000000000003,129.7268723,129.50672116638512,122.5377163803812,112.38223982610931,96.34089665619234,140.0,139.99823101345294,50.0,50.01117230262915
0.3810000000000003,129.7268723,129.87184256087585,122.9043276775856,112.67063490305605,96.52865821410607,140.0,139.99827659487877,50.0,50.01121759095265
0.3810000000000003,129.7268723,129.87184256087585,122.9043276775856,112.67063490305605,96.52865821410607,140.0,139.99827659487877,50.0,50.01121759095265
0.3820000000000003,129.7268723,128.19739099956433,121.92510079196332,112.02104441106913,96.03969078702539,140.0,139.99846363886977,50.0,50.01109965116756
0.3820000000000003,129.7268723,128.19739099956433,121.92510079196332,112.02104441106913,96.03969078702539,140.0,139.99846363886977,50.0,50.01109965116756
0.3830000000000003,129.7268723,129.45050296263747,122.43676947057058,112.25282494745163,96.17044364699036,140.0,139.99822008514317,50.0,50.01113118925646
0.3830000000000003,129.7268723,129.45050296263747,122.43676947057058,112.25282494745163,96.17044364699036,140.0,139.99822008514317,50.0,50.01113118925646
0.3840000000000003,129.7268723,129.81711743892123,122.803402534533,112.54305395857831,96.35998843331774,140.0,139.9982660097171,50.0,50.01117690753996
0.3840000000000003,129.7268723,129.81711743892123,122.803402534533,112.54305395857831,96.35998843331774,140.0,139.9982660097171,50.0,50.01117690753996
0.3850000000000003,129.7268723,128.13023308681102,121.82072768864225,111.90068106970507,95.87790044275397,140.0,139.9984552885192,50.0,50.0110606274813
0.3850000000000003,129.7268723,128.13023308681102,121.82072768864225,111.90068106970507,95.87790044275397,140.0,139.9984552885192,50.0,50.0110606274813
0.3860000000000003,129.7268723,129.39395166022888,122.3356486912551,112.12850413019443,96.00642725147624,140.0,139.99820913858846,50.0,50.01109162853168
0.3860000000000003,129.7268723,129.39395166022888,122.3356486912551,112.12850413019443,96.00642725147624,140.0,139.99820913858846,50.0,50.01109162853168
0.3870000000000003,129.7268723,129.7630406910837,122.70440696397958,112.4186964736788,96.19635055000766,140.0,139.9982555299612,50.0,50.01113743796094
0.3870000000000003,129.7268723,129.7630406910837,122.70440696397958,112.4186964736788,96.19635055000766,140.0,139.9982555299612,50.0,50.01113743796094
0.3880000000000003,129.7268723,128.06446582523432,121.7192362331717,111.78126179164676,95.71938309524828,140.0,139.99844701774106,50.0,50.01102239335729
0.3880000000000003,129.7268723,128.06446582523432,121.7192362331717,111.78126179164676,95.71938309524828,140.0,139.99844701774106,50.0,50.01102239335729
0.3890000000000003,129.7268723,129.33816904800472,122.23660957759378,112.0058175903569,95.84675584398431,140.0,139.9981983146395,50.0,50.01105311594097
0.3890000000000003,129.7268723,129.33816904800472,122.23660957759378,112.0058175903569,95.84675584398431,140.0,139.9981983146395,50.0,50.01105311594097
0.3900000000000003,129.7268723,129.7095129281857,122.60678405577332,112.29573119206196,96.03735244140378,140.0,139.9982451495801,50.0,50.01109908762223
0.3900000000000003,129.7268723,129.7095129281857,122.60678405577332,112.29573119206196,96.03735244140378,140.0,139.9982451495801,50.0,50.01109908762223
0.3910000000000003,129.7268723,129.84616908804426,122.79759794573187,112.47456486312603,96.14967645837368,140.0,139.99826178723208,50.0,50.01112618021847
0.3910000000000003,129.7268723,129.84616908804426,122.79759794573187,112.47456486312603,96.14967645837368,140.0,139.99826178723208,50.0,50.01112618021847
0.3920000000000003,129.7268723,128.07180939962285,121.71436082589105,111.7457434531869,95.62021292787568,140.0,139.99844308451188,50.0,50.01099847360473
0.3920000000000003,129.7268723,128.07180939962285,121.71436082589105,111.7457434531869,95.62021292787568,140.0,139.99844308451188,50.0,50.01099847360473
0.3930000000000003,129.7268723,129.3020670623085,122.1659152868971,111.89280413212951,95.69987750406187,140.0,139.9981890625082,50.0,50.01101768915918
0.3930000000000003,129.7268723,129.3020670623085,122.1659152868971,111.89280413212951,95.69987750406187,140.0,139.9981890625082,50.0,50.01101768915918
0.3940000000000003,129.7268723,129.64988465661727,122.49741237683013,112.1336075470867,95.86381432162145,140.0,139.9982330647127,50.0,50.011057230396666
0.3940000000000003,129.7268723,129.64988465661727,122.49741237683013,112.1336075470867,95.86381432162145,140.0,139.9982330647127,50.0,50.011057230396666
0.3950000000000003,129.7268723,129.7730409311048,122.66537829890765,112.28153422602993,95.96335054701393,140.0,139.99824804899978,50.0,50.01108123847649
0.3950000000000003,129.7268723,129.7730409311048,122.66537829890765,112.28153422602993,95.96335054701393,140.0,139.99824804899978,50.0,50.01108123847649
0.3960000000000003,129.7268723,127.97836638620655,121.56836679720301,111.54945248167454,95.4284841130749,140.0,139.9984313326733,50.0,50.01095222915483
0.3960000000000003,129.7268723,127.97836638620655,121.56836679720301,111.54945248167454,95.4284841130749,140.0,139.9984313326733,50.0,50.01095222915483
0.3970000000000003,129.7268723,129.21594965153486,122.01775981304557,111.68779214097148,95.50233985015517,140.0,139.9981734901989,50.0,50.010970043577075
0.3970000000000003,129.7268723,129.21594965153486,122.01775981304557,111.68779214097148,95.50233985015517,140.0,139.9981734901989,50.0,50.010970043577075
0.3980000000000003,129.7268723,129.56516829999464,122.3488467336872,111.92627469677835,95.66503865672965,140.0,139.99821784280067,50.0,50.01100928605177
0.3980000000000003,129.7268723,129.56516829999464,122.3488467336872,111.92627469677835,95.66503865672965,140.0,139.99821784280067,50.0,50.01100928605177
0.3990000000000003,129.7268723,129.68903862963032,122.51773352969954,112.07566158342195,95.7662425826392,140.0,139.99823298870808,50.0,50.011033696280926
0.3990000000000003,129.7268723,129.68903862963032,122.51773352969954,112.07566158342195,95.7662425826392,140.0,139.99823298870808,50.0,50.011033696280926
0.4000000000000003,129.7268723,129.73540921023647,122.59196742201753,112.14252124263461,95.80655210112404,140.0,139.99823811110707,50.0,50.011043418894225
0.4000000000000003,129.7268723,129.73540921023647,122.59196742201753,112.14252124263461,95.80655210112404,140.0,139.99823811110707,50.0,50.011043418894225
0.4010000000000003,129.7268723,127.90120836802174,121.44691615834728,111.37105110730356,95.24328023715579,140.0,139.99841948284694,50.0,50.01090755860901
0.4010000000000003,129.7268723,127.90120836802174,121.44691615834728,111.37105110730356,95.24328023715579,140.0,139.99841948284694,50.0,50.01090755860901
0.4020000000000003,129.7268723,129.12818864823456,121.8693753813967,111.47828698028212,95.29466239479056,140.0,139.99815681812012,50.0,50.010919952508246
0.4020000000000003,129.7268723,129.12818864823456,121.8693753813967,111.47828698028212,95.29466239479056,140.0,139.99815681812012,50.0,50.010919952508246
0.4030000000000003,129.7268723,129.47018713826506,122.18612324590669,111.70279298439736,95.4473131635935,140.0,139.9982004376758,50.0,50.010956771266436
0.4030000000000003,129.7268723,129.47018713826506,122.18612324590669,111.70279298439736,95.4473131635935,140.0,139.9982004376758,50.0,50.010956771266436
0.4040000000000003,129.7268723,129.59041136649105,122.34838644264232,111.84875474787648,95.54645729658397,140.0,139.99821519395348,50.0,50.010980684566235
0.4040000000000003,129.7268723,129.59041136649105,122.34838644264232,111.84875474787648,95.54645729658397,140.0,139.99821519395348,50.0,50.010980684566235
0.4050000000000003,129.7268723,129.63562047773792,122.42065516190588,111.91751005702358,95.58878784172803,140.0,139.99822020731915,50.0,50.01099089460174
0.4050000000000003,129.7268723,129.63562047773792,122.42065516190588,111.91751005702358,95.58878784172803,140.0,139.99822020731915,50.0,50.01099089460174
0.4060000000000003,129.7268723,129.64691876673635,122.44074174053004,111.92822273970766,95.59635253084875,140.0,139.998220824281,50.0,50.01099271919087
0.4060000000000003,129.7268723,129.64691876673635,122.44074174053004,111.92822273970766,95.59635253084875,140.0,139.998220824281,50.0,50.01099271919087
0.4070000000000003,129.7268723,129.64112527329587,122.43423873703173,111.91023774363438,95.58222147555945,140.0,139.99821922645418,50.0,50.0109893108172
0.4070000000000003,129.7268723,129.64112527329587,122.43423873703173,111.91023774363438,95.58222147555945,140.0,139.99821922645418,50.0,50.0109893108172
0.4080000000000003,129.7268723,129.6270096684096,122.4137595504364,111.8769401297393,95.55657006530315,140.0,139.99821656079382,50.0,50.010983123764916
0.4080000000000003,129.7268723,129.6270096684096,122.4137595504364,111.8769401297393,95.55657006530315,140.0,139.99821656079382,50.0,50.010983123764916
0.4090000000000003,129.7268723,129.60870544899754,122.3860912956727,111.83578237888798,95.52502821020887,140.0,139.9982133346639,50.0,50.0109755159575
0.4090000000000003,129.7268723,129.60870544899754,122.3860912956727,111.83578237888798,95.52502821020887,140.0,139.9982133346639,50.0,50.0109755159575
0.4100000000000003,129.7268723,129.5882727991587,122.35479968543886,111.79077258796531,95.49062568245886,140.0,139.99820983442518,50.0,50.010967218169576
0.4100000000000003,129.7268723,129.5882727991587,122.35479968543886,111.79077258796531,95.49062568245886,140.0,139.99820983442518,50.0,50.010967218169576
0.4110000000000003,129.7268723,129.56681553850436,122.32177976948826,111.7440503055625,95.45497804220024,140.0,139.99820620343556,50.0,50.01095862007041
0.4110000000000003,129.7268723,129.56681553850436,122.32177976948826,111.7440503055625,95.45497804220024,140.0,139.99820620343556,50.0,50.01095862007041
0.4120000000000003,129.7268723,129.54492358348838,122.28804088047794,111.69675399017507,95.41894265231615,140.0,139.9982025183781,50.0,50.010949928453584
0.4130000000000003,129.7268723,127.53426488799302,120.75129417077727,110.50991590328131,94.55206771019976,140.0,139.998500320655,50.0,50.01074084071838
0.4130000000000003,129.7268723,127.53426488799302,120.75129417077727,110.50991590328131,94.55206771019976,140.0,139.998500320655,50.0,50.01074084071838
0.4130000000000003,129.7268723,127.53426488799302,120.75129417077727,110.50991590328131,94.55206771019976,140.0,139.998500320655,50.0,50.01074084071838
0.4140000000000003,129.7268723,128.7864719433673,121.28720565418244,110.71247041416377,94.68436174002152,140.0,139.9980996855283,50.0,50.01077275128618
0.4140000000000003,129.7268723,128.7864719433673,121.28720565418244,110.71247041416377,94.68436174002152,140.0,139.9980996855283,50.0,50.01077275128618
0.4150000000000003,129.7268723,129.1522911749098,121.65388062804895,110.98712489187807,94.8842587599201,140.0,139.9981468753618,50.0,50.01082096510105
0.001,129.7268723047481,118.86367596639211,108.13368392059496,97.51614094365463,86.99050932419998,140.0,139.99752445041514,50.0,50.008913895805
0.002,134.6028077597575,121.22328661365593,110.32874840477692,99.43514726265619,88.54221655460503,140.0,139.99869939625515,50.0,50.00929139715474
0.003,134.40676750384168,120.910189029882,110.06763146124793,99.22377432142302,88.37864122735118,140.0,139.9986521560224,50.0,50.009251948139905
0.004,135.00200585703772,127.50216171083675,114.40469268283888,101.53251809830736,90.1783572782292,140.0,139.99879559505064,50.0,50.009685981808296
0.005,134.98592350082905,130.1255293771213,122.37363367246815,111.4338079186304,98.18662868520816,140.0,139.9987917195684,50.0,50.01168259417878
0.006,131.522764948066,126.62846940737772,119.29760673764265,109.90021668295067,98.41657284105457,140.0,139.99795717721892,50.0,50.01189200781007
0.007,125.12595568450159,120.73228120769085,113.33918732008054,104.07231847177155,93.26586902158698,140.0,139.9964156950597,50.0,50.01068918623883
