// N_ROWS	N_COLS	N_NON_ZEROS	N_BLOCK_SIZE
1004	1004	1004	3

// Rows pointer indices [1, ..., n_rows] (with 0)
0
1
2
3
4
5
6
7
8
9
10
11
12
13
14
15
16
17
18
19
20
21
22
23
24
25
26
27
28
29
30
31
32
33
34
35
36
37
38
39
40
41
42
43
44
45
46
47
48
49
50
51
52
53
54
55
56
57
58
59
60
61
62
63
64
65
66
67
68
69
70
71
72
73
74
75
76
77
78
79
80
81
82
83
84
85
86
87
88
89
90
91
92
93
94
95
96
97
98
99
100
101
102
103
104
105
106
107
108
109
110
111
112
113
114
115
116
117
118
119
120
121
122
123
124
125
126
127
128
129
130
131
132
133
134
135
136
137
138
139
140
141
142
143
144
145
146
147
148
149
150
151
152
153
154
155
156
157
158
159
160
161
162
163
164
165
166
167
168
169
170
171
172
173
174
175
176
177
178
179
180
181
182
183
184
185
186
187
188
189
190
191
192
193
194
195
196
197
198
199
200
201
202
203
204
205
206
207
208
209
210
211
212
213
214
215
216
217
218
219
220
221
222
223
224
225
226
227
228
229
230
231
232
233
234
235
236
237
238
239
240
241
242
243
244
245
246
247
248
249
250
251
252
253
254
255
256
257
258
259
260
261
262
263
264
265
266
267
268
269
270
271
272
273
274
275
276
277
278
279
280
281
282
283
284
285
286
287
288
289
290
291
292
293
294
295
296
297
298
299
300
301
302
303
304
305
306
307
308
309
310
311
312
313
314
315
316
317
318
319
320
321
322
323
324
325
326
327
328
329
330
331
332
333
334
335
336
337
338
339
340
341
342
343
344
345
346
347
348
349
350
351
352
353
354
355
356
357
358
359
360
361
362
363
364
365
366
367
368
369
370
371
372
373
374
375
376
377
378
379
380
381
382
383
384
385
386
387
388
389
390
391
392
393
394
395
396
397
398
399
400
401
402
403
404
405
406
407
408
409
410
411
412
413
414
415
416
417
418
419
420
421
422
423
424
425
426
427
428
429
430
431
432
433
434
435
436
437
438
439
440
441
442
443
444
445
446
447
448
449
450
451
452
453
454
455
456
457
458
459
460
461
462
463
464
465
466
467
468
469
470
471
472
473
474
475
476
477
478
479
480
481
482
483
484
485
486
487
488
489
490
491
492
493
494
495
496
497
498
499
500
501
502
503
504
505
506
507
508
509
510
511
512
513
514
515
516
517
518
519
520
521
522
523
524
525
526
527
528
529
530
531
532
533
534
535
536
537
538
539
540
541
542
543
544
545
546
547
548
549
550
551
552
553
554
555
556
557
558
559
560
561
562
563
564
565
566
567
568
569
570
571
572
573
574
575
576
577
578
579
580
581
582
583
584
585
586
587
588
589
590
591
592
593
594
595
596
597
598
599
600
601
602
603
604
605
606
607
608
609
610
611
612
613
614
615
616
617
618
619
620
621
622
623
624
625
626
627
628
629
630
631
632
633
634
635
636
637
638
639
640
641
642
643
644
645
646
647
648
649
650
651
652
653
654
655
656
657
658
659
660
661
662
663
664
665
666
667
668
669
670
671
672
673
674
675
676
677
678
679
680
681
682
683
684
685
686
687
688
689
690
691
692
693
694
695
696
697
698
699
700
701
702
703
704
705
706
707
708
709
710
711
712
713
714
715
716
717
718
719
720
721
722
723
724
725
726
727
728
729
730
731
732
733
734
735
736
737
738
739
740
741
742
743
744
745
746
747
748
749
750
751
752
753
754
755
756
757
758
759
760
761
762
763
764
765
766
767
768
769
770
771
772
773
774
775
776
777
778
779
780
781
782
783
784
785
786
787
788
789
790
791
792
793
794
795
796
797
798
799
800
801
802
803
804
805
806
807
808
809
810
811
812
813
814
815
816
817
818
819
820
821
822
823
824
825
826
827
828
829
830
831
832
833
834
835
836
837
838
839
840
841
842
843
844
845
846
847
848
849
850
851
852
853
854
855
856
857
858
859
860
861
862
863
864
865
866
867
868
869
870
871
872
873
874
875
876
877
878
879
880
881
882
883
884
885
886
887
888
889
890
891
892
893
894
895
896
897
898
899
900
901
902
903
904
905
906
907
908
909
910
911
912
913
914
915
916
917
918
919
920
921
922
923
924
925
926
927
928
929
930
931
932
933
934
935
936
937
938
939
940
941
942
943
944
945
946
947
948
949
950
951
952
953
954
955
956
957
958
959
960
961
962
963
964
965
966
967
968
969
970
971
972
973
974
975
976
977
978
979
980
981
982
983
984
985
986
987
988
989
990
991
992
993
994
995
996
997
998
999
1000
1001
1002
1003
1004
// END Rows points indices

// Values of n_non_zero_elements
// Column index		Block Values
// ROW 0
// 0	-6.4679e-05	-6.18652e-05	-0.000222722	0.968162	0.676988	2.17842	0.384444	0.646707	1.0459
// ROW 1
// 1	-8.15098e-06	-1.1296e-05	-3.85326e-05	1.20667	1.64588	5.59891	0.499383	0.733351	2.3248
// ROW 2
// 2	2.87187e-09	5.40828e-09	1.89007e-08	0.013255	-0.00389053	-0.0289174	0.000157899	0.01571	-0.0143734
// ROW 3
// 3	2.75326e-09	5.46828e-09	1.91371e-08	0.0134052	-0.00395285	-0.029229	0.000152093	0.0157875	-0.0144282
// ROW 4
// 4	2.73937e-09	5.47559e-09	1.91645e-08	0.0135577	-0.00400016	-0.0295594	0.000151191	0.0157741	-0.0144141
// ROW 5
// 5	2.73801e-09	5.47633e-09	1.91672e-08	0.0135359	-0.00399397	-0.0295117	0.000150884	0.0157499	-0.0143918
// ROW 6
// 6	2.73791e-09	5.47638e-09	1.91674e-08	0.0135142	-0.00398757	-0.0294642	0.000150636	0.0157247	-0.0143688
// ROW 7
// 7	2.73792e-09	5.47638e-09	1.91674e-08	0.0134924	-0.00398115	-0.0294168	0.000150394	0.0156994	-0.0143456
// ROW 8
// 8	2.73793e-09	5.47637e-09	1.91674e-08	0.0134707	-0.00397474	-0.0293695	0.000150153	0.0156741	-0.0143225
// ROW 9
// 9	2.73795e-09	5.47636e-09	1.91673e-08	0.013449	-0.00396834	-0.0293222	0.000149912	0.0156488	-0.0142995
// ROW 10
// 10	2.73796e-09	5.47636e-09	1.91673e-08	0.0134274	-0.00396195	-0.029275	0.000149671	0.0156236	-0.0142764
// ROW 11
// 11	2.73797e-09	5.47635e-09	1.91673e-08	0.0134057	-0.00395556	-0.0292278	0.00014943	0.0155985	-0.0142534
// ROW 12
// 12	2.73798e-09	5.47635e-09	1.91673e-08	0.0133841	-0.00394919	-0.0291807	0.00014919	0.0155733	-0.0142305
// ROW 13
// 13	2.73798e-09	5.47634e-09	1.91673e-08	0.0133625	-0.00394282	-0.0291337	0.000148949	0.0155482	-0.0142075
// ROW 14
// 14	2.73799e-09	5.47634e-09	1.91673e-08	0.013341	-0.00393646	-0.0290867	0.00014871	0.0155231	-0.0141846
// ROW 15
// 15	2.738e-09	5.47633e-09	1.91672e-08	0.0133195	-0.0039301	-0.0290398	0.00014847	0.0154981	-0.0141617
// ROW 16
// 16	2.738e-09	5.47633e-09	1.91672e-08	0.013298	-0.00392376	-0.0289929	0.000148231	0.015473	-0.0141388
// ROW 17
// 17	2.73801e-09	5.47633e-09	1.91672e-08	0.0132765	-0.00391743	-0.0289461	0.000147992	0.0154481	-0.014116
// ROW 18
// 18	2.73801e-09	5.47633e-09	1.91672e-08	0.0132551	-0.0039111	-0.0288993	0.000147753	0.0154231	-0.0140932
// ROW 19
// 19	2.73802e-09	5.47632e-09	1.91672e-08	0.0132337	-0.00390478	-0.0288526	0.000147514	0.0153982	-0.0140704
// ROW 20
// 20	2.73802e-09	5.47632e-09	1.91672e-08	0.0132123	-0.00389847	-0.028806	0.000147276	0.0153733	-0.0140477
// ROW 21
// 21	2.73802e-09	5.47632e-09	1.91672e-08	0.0131909	-0.00389216	-0.0287594	0.000147038	0.0153484	-0.014025
// ROW 22
// 22	2.73803e-09	5.47632e-09	1.91672e-08	0.0131696	-0.00388587	-0.0287129	0.0001468	0.0153236	-0.0140023
// ROW 23
// 23	2.73803e-09	5.47632e-09	1.91672e-08	0.0131483	-0.00387958	-0.0286665	0.000146563	0.0152988	-0.0139796
// ROW 24
// 24	2.73803e-09	5.47632e-09	1.91672e-08	0.013127	-0.0038733	-0.0286201	0.000146326	0.0152741	-0.013957
// ROW 25
// 25	2.73803e-09	5.47631e-09	1.91672e-08	0.0131057	-0.00386703	-0.0285738	0.000146089	0.0152493	-0.0139344
// ROW 26
// 26	2.73804e-09	5.47631e-09	1.91672e-08	0.0130845	-0.00386077	-0.0285275	0.000145853	0.0152246	-0.0139119
// ROW 27
// 27	2.73804e-09	5.47631e-09	1.91672e-08	0.0130633	-0.00385451	-0.0284813	0.000145616	0.0152	-0.0138893
// ROW 28
// 28	2.73804e-09	5.47631e-09	1.91672e-08	0.0130421	-0.00384826	-0.0284351	0.00014538	0.0151753	-0.0138668
// ROW 29
// 29	2.73804e-09	5.47631e-09	1.91672e-08	0.013021	-0.00384203	-0.028389	0.000145145	0.0151507	-0.0138443
// ROW 30
// 30	2.73804e-09	5.47631e-09	1.91672e-08	0.0129999	-0.00383579	-0.028343	0.00014491	0.0151261	-0.0138219
// ROW 31
// 31	2.73804e-09	5.47631e-09	1.91672e-08	0.0129788	-0.00382957	-0.028297	0.000144674	0.0151016	-0.0137994
// ROW 32
// 32	2.73805e-09	5.47631e-09	1.91671e-08	0.0129577	-0.00382335	-0.028251	0.00014444	0.0150771	-0.013777
// ROW 33
// 33	2.73805e-09	5.47631e-09	1.91671e-08	0.0129367	-0.00381715	-0.0282052	0.000144205	0.0150526	-0.0137547
// ROW 34
// 34	2.73805e-09	5.47631e-09	1.91671e-08	0.0129157	-0.00381095	-0.0281594	0.000143971	0.0150282	-0.0137323
// ROW 35
// 35	2.73805e-09	5.47631e-09	1.91671e-08	0.0128947	-0.00380475	-0.0281136	0.000143737	0.0150037	-0.01371
// ROW 36
// 36	2.73805e-09	5.47631e-09	1.91671e-08	0.0128737	-0.00379857	-0.0280679	0.000143504	0.0149794	-0.0136877
// ROW 37
// 37	2.73805e-09	5.47631e-09	1.91671e-08	0.0128528	-0.00379239	-0.0280223	0.00014327	0.014955	-0.0136655
// ROW 38
// 38	2.73805e-09	5.47631e-09	1.91671e-08	0.0128319	-0.00378622	-0.0279767	0.000143037	0.0149307	-0.0136432
// ROW 39
// 39	2.73805e-09	5.4763e-09	1.91671e-08	0.012811	-0.00378006	-0.0279312	0.000142804	0.0149064	-0.013621
// ROW 40
// 40	2.73805e-09	5.4763e-09	1.91671e-08	0.0127901	-0.00377391	-0.0278857	0.000142572	0.0148821	-0.0135989
// ROW 41
// 41	2.73805e-09	5.4763e-09	1.91671e-08	0.0127693	-0.00376776	-0.0278403	0.00014234	0.0148579	-0.0135767
// ROW 42
// 42	2.73805e-09	5.4763e-09	1.91671e-08	0.0127485	-0.00376163	-0.0277949	0.000142108	0.0148337	-0.0135546
// ROW 43
// 43	2.73805e-09	5.4763e-09	1.91671e-08	0.0127277	-0.00375549	-0.0277496	0.000141876	0.0148095	-0.0135325
// ROW 44
// 44	2.73805e-09	5.4763e-09	1.91671e-08	0.012707	-0.00374937	-0.0277044	0.000141645	0.0147853	-0.0135105
// ROW 45
// 45	2.73805e-09	5.4763e-09	1.91671e-08	0.0126863	-0.00374326	-0.0276592	0.000141414	0.0147612	-0.0134884
// ROW 46
// 46	2.73805e-09	5.4763e-09	1.91671e-08	0.0126656	-0.00373715	-0.0276141	0.000141183	0.0147372	-0.0134664
// ROW 47
// 47	2.73805e-09	5.4763e-09	1.91671e-08	0.0126449	-0.00373105	-0.027569	0.000140953	0.0147131	-0.0134444
// ROW 48
// 48	2.73805e-09	5.4763e-09	1.91671e-08	0.0126243	-0.00372496	-0.027524	0.000140723	0.0146891	-0.0134225
// ROW 49
// 49	2.73806e-09	5.4763e-09	1.91671e-08	0.0126036	-0.00371887	-0.027479	0.000140493	0.0146651	-0.0134006
// ROW 50
// 50	2.73806e-09	5.4763e-09	1.91671e-08	0.012583	-0.0037128	-0.0274341	0.000140264	0.0146411	-0.0133787
// ROW 51
// 51	2.73806e-09	5.4763e-09	1.91671e-08	0.0125625	-0.00370673	-0.0273893	0.000140034	0.0146172	-0.0133568
// ROW 52
// 52	2.73806e-09	5.4763e-09	1.91671e-08	0.0125419	-0.00370067	-0.0273445	0.000139805	0.0145933	-0.013335
// ROW 53
// 53	2.73806e-09	5.4763e-09	1.91671e-08	0.0125214	-0.00369461	-0.0272998	0.000139577	0.0145694	-0.0133131
// ROW 54
// 54	2.73806e-09	5.4763e-09	1.91671e-08	0.0125009	-0.00368857	-0.0272551	0.000139348	0.0145456	-0.0132913
// ROW 55
// 55	2.73806e-09	5.4763e-09	1.91671e-08	0.0124805	-0.00368253	-0.0272105	0.00013912	0.0145218	-0.0132696
// ROW 56
// 56	2.73806e-09	5.4763e-09	1.91671e-08	0.01246	-0.0036765	-0.0271659	0.000138892	0.014498	-0.0132479
// ROW 57
// 57	2.73806e-09	5.4763e-09	1.91671e-08	0.0124396	-0.00367047	-0.0271214	0.000138665	0.0144742	-0.0132262
// ROW 58
// 58	2.73806e-09	5.4763e-09	1.91671e-08	0.0124192	-0.00366446	-0.027077	0.000138437	0.0144505	-0.0132045
// ROW 59
// 59	2.73806e-09	5.4763e-09	1.91671e-08	0.0123988	-0.00365845	-0.0270326	0.00013821	0.0144268	-0.0131828
// ROW 60
// 60	2.73806e-09	5.4763e-09	1.91671e-08	0.0123785	-0.00365245	-0.0269882	0.000137984	0.0144031	-0.0131612
// ROW 61
// 61	2.73806e-09	5.4763e-09	1.91671e-08	0.0123582	-0.00364646	-0.0269439	0.000137757	0.0143795	-0.0131396
// ROW 62
// 62	2.73806e-09	5.4763e-09	1.91671e-08	0.0123379	-0.00364047	-0.0268997	0.000137531	0.0143559	-0.013118
// ROW 63
// 63	2.73806e-09	5.4763e-09	1.91671e-08	0.0123176	-0.00363449	-0.0268555	0.000137305	0.0143323	-0.0130965
// ROW 64
// 64	2.73806e-09	5.4763e-09	1.91671e-08	0.0122974	-0.00362852	-0.0268114	0.00013708	0.0143088	-0.013075
// ROW 65
// 65	2.73806e-09	5.4763e-09	1.91671e-08	0.0122772	-0.00362256	-0.0267673	0.000136854	0.0142853	-0.0130535
// ROW 66
// 66	2.73806e-09	5.4763e-09	1.91671e-08	0.012257	-0.0036166	-0.0267233	0.000136629	0.0142618	-0.013032
// ROW 67
// 67	2.73806e-09	5.4763e-09	1.91671e-08	0.0122369	-0.00361065	-0.0266794	0.000136405	0.0142383	-0.0130106
// ROW 68
// 68	2.73806e-09	5.4763e-09	1.91671e-08	0.0122167	-0.00360471	-0.0266355	0.00013618	0.0142149	-0.0129892
// ROW 69
// 69	2.73806e-09	5.4763e-09	1.91671e-08	0.0121966	-0.00359878	-0.0265916	0.000135956	0.0141915	-0.0129678
// ROW 70
// 70	2.73806e-09	5.4763e-09	1.91671e-08	0.0121765	-0.00359285	-0.0265478	0.000135732	0.0141681	-0.0129464
// ROW 71
// 71	2.73806e-09	5.4763e-09	1.91671e-08	0.0121565	-0.00358693	-0.0265041	0.000135509	0.0141448	-0.0129251
// ROW 72
// 72	2.73806e-09	5.4763e-09	1.91671e-08	0.0121364	-0.00358102	-0.0264604	0.000135285	0.0141215	-0.0129038
// ROW 73
// 73	2.73806e-09	5.4763e-09	1.91671e-08	0.0121164	-0.00357511	-0.0264168	0.000135062	0.0140982	-0.0128825
// ROW 74
// 74	2.73806e-09	5.4763e-09	1.91671e-08	0.0120964	-0.00356922	-0.0263732	0.000134839	0.0140749	-0.0128613
// ROW 75
// 75	2.73806e-09	5.4763e-09	1.91671e-08	0.0120765	-0.00356333	-0.0263297	0.000134617	0.0140517	-0.0128401
// ROW 76
// 76	2.73806e-09	5.4763e-09	1.91671e-08	0.0120565	-0.00355744	-0.0262862	0.000134395	0.0140285	-0.0128189
// ROW 77
// 77	2.73806e-09	5.4763e-09	1.91671e-08	0.0120366	-0.00355157	-0.0262428	0.000134173	0.0140053	-0.0127977
// ROW 78
// 78	2.73806e-09	5.4763e-09	1.91671e-08	0.0120167	-0.0035457	-0.0261994	0.000133951	0.0139822	-0.0127765
// ROW 79
// 79	2.73806e-09	5.4763e-09	1.91671e-08	0.0119969	-0.00353984	-0.0261561	0.00013373	0.0139591	-0.0127554
// ROW 80
// 80	2.73806e-09	5.4763e-09	1.91671e-08	0.011977	-0.00353399	-0.0261129	0.000133509	0.013936	-0.0127343
// ROW 81
// 81	2.73806e-09	5.4763e-09	1.91671e-08	0.0119572	-0.00352814	-0.0260697	0.000133288	0.0139129	-0.0127133
// ROW 82
// 82	2.73806e-09	5.4763e-09	1.91671e-08	0.0119374	-0.0035223	-0.0260265	0.000133067	0.0138899	-0.0126922
// ROW 83
// 83	2.73806e-09	5.4763e-09	1.91671e-08	0.0119177	-0.00351647	-0.0259835	0.000132847	0.0138669	-0.0126712
// ROW 84
// 84	2.73806e-09	5.4763e-09	1.91671e-08	0.0118979	-0.00351064	-0.0259404	0.000132627	0.0138439	-0.0126502
// ROW 85
// 85	2.73806e-09	5.4763e-09	1.91671e-08	0.0118782	-0.00350483	-0.0258974	0.000132407	0.013821	-0.0126293
// ROW 86
// 86	2.73806e-09	5.4763e-09	1.91671e-08	0.0118585	-0.00349902	-0.0258545	0.000132187	0.0137981	-0.0126083
// ROW 87
// 87	2.73806e-09	5.4763e-09	1.91671e-08	0.0118388	-0.00349321	-0.0258116	0.000131968	0.0137752	-0.0125874
// ROW 88
// 88	2.73806e-09	5.4763e-09	1.91671e-08	0.0118192	-0.00348742	-0.0257688	0.000131749	0.0137523	-0.0125665
// ROW 89
// 89	2.73806e-09	5.4763e-09	1.91671e-08	0.0117996	-0.00348163	-0.025726	0.000131531	0.0137295	-0.0125457
// ROW 90
// 90	2.73806e-09	5.4763e-09	1.91671e-08	0.01178	-0.00347585	-0.0256833	0.000131312	0.0137067	-0.0125248
// ROW 91
// 91	2.73806e-09	5.4763e-09	1.91671e-08	0.0117604	-0.00347007	-0.0256406	0.000131094	0.013684	-0.012504
// ROW 92
// 92	2.73806e-09	5.4763e-09	1.91671e-08	0.0117409	-0.00346431	-0.025598	0.000130876	0.0136612	-0.0124832
// ROW 93
// 93	2.73806e-09	5.4763e-09	1.91671e-08	0.0117214	-0.00345855	-0.0255555	0.000130659	0.0136385	-0.0124625
// ROW 94
// 94	2.73806e-09	5.4763e-09	1.91671e-08	0.0117019	-0.00345279	-0.025513	0.000130441	0.0136158	-0.0124418
// ROW 95
// 95	2.73806e-09	5.4763e-09	1.91671e-08	0.0116824	-0.00344705	-0.0254705	0.000130224	0.0135932	-0.0124211
// ROW 96
// 96	2.73806e-09	5.4763e-09	1.91671e-08	0.0116629	-0.00344131	-0.0254281	0.000130007	0.0135705	-0.0124004
// ROW 97
// 97	2.73806e-09	5.4763e-09	1.91671e-08	0.0116435	-0.00343558	-0.0253857	0.000129791	0.0135479	-0.0123797
// ROW 98
// 98	2.73806e-09	5.4763e-09	1.91671e-08	0.0116241	-0.00342985	-0.0253434	0.000129575	0.0135253	-0.0123591
// ROW 99
// 99	2.73806e-09	5.4763e-09	1.91671e-08	0.0116047	-0.00342413	-0.0253012	0.000129359	0.0135028	-0.0123385
// ROW 100
// 100	2.73806e-09	5.4763e-09	1.91671e-08	0.0115854	-0.00341842	-0.025259	0.000129143	0.0134803	-0.0123179
// ROW 101
// 101	2.73806e-09	5.4763e-09	1.91671e-08	0.011566	-0.00341272	-0.0252168	0.000128927	0.0134578	-0.0122974
// ROW 102
// 102	2.73806e-09	5.4763e-09	1.91671e-08	0.0115467	-0.00340702	-0.0251748	0.000128712	0.0134353	-0.0122768
// ROW 103
// 103	2.73806e-09	5.4763e-09	1.91671e-08	0.0115275	-0.00340133	-0.0251327	0.000128497	0.0134129	-0.0122563
// ROW 104
// 104	2.73806e-09	5.4763e-09	1.91671e-08	0.0115082	-0.00339565	-0.0250907	0.000128282	0.0133905	-0.0122359
// ROW 105
// 105	2.73806e-09	5.4763e-09	1.91671e-08	0.011489	-0.00338997	-0.0250488	0.000128068	0.0133681	-0.0122154
// ROW 106
// 106	2.73806e-09	5.4763e-09	1.91671e-08	0.0114697	-0.00338431	-0.0250069	0.000127854	0.0133457	-0.012195
// ROW 107
// 107	2.73806e-09	5.4763e-09	1.91671e-08	0.0114506	-0.00337864	-0.0249651	0.00012764	0.0133234	-0.0121746
// ROW 108
// 108	2.73806e-09	5.4763e-09	1.91671e-08	0.0114314	-0.00337299	-0.0249233	0.000127426	0.0133011	-0.0121542
// ROW 109
// 109	2.73806e-09	5.4763e-09	1.91671e-08	0.0114123	-0.00336734	-0.0248815	0.000127213	0.0132788	-0.0121338
// ROW 110
// 110	2.73806e-09	5.4763e-09	1.91671e-08	0.0113931	-0.0033617	-0.0248399	0.000127	0.0132566	-0.0121135
// ROW 111
// 111	2.73806e-09	5.4763e-09	1.91671e-08	0.011374	-0.00335607	-0.0247982	0.000126787	0.0132344	-0.0120932
// ROW 112
// 112	2.73806e-09	5.4763e-09	1.91671e-08	0.011355	-0.00335044	-0.0247567	0.000126574	0.0132122	-0.0120729
// ROW 113
// 113	2.73806e-09	5.4763e-09	1.91671e-08	0.0113359	-0.00334482	-0.0247151	0.000126362	0.01319	-0.0120527
// ROW 114
// 114	2.73806e-09	5.4763e-09	1.91671e-08	0.0113169	-0.0033392	-0.0246736	0.00012615	0.0131679	-0.0120325
// ROW 115
// 115	0	0	0	0.0112979	-0.0033336	-0.0246322	0.000125938	0.0131458	-0.0120123
// ROW 116
// 116	0	0	0	0.0112789	-0.003328	-0.0245908	0.000125727	0.0131237	-0.0119921
// ROW 117
// 117	0	0	0	0.01126	-0.00332241	-0.0245495	0.000125515	0.0131016	-0.0119719
// ROW 118
// 118	0	0	0	0.011241	-0.00331682	-0.0245082	0.000125304	0.0130796	-0.0119518
// ROW 119
// 119	0	0	0	0.0112221	-0.00331124	-0.024467	0.000125094	0.0130576	-0.0119317
// ROW 120
// 120	0	0	0	0.0112032	-0.00330567	-0.0244258	0.000124883	0.0130356	-0.0119116
// ROW 121
// 121	0	0	0	0.0111844	-0.0033001	-0.0243847	0.000124673	0.0130137	-0.0118916
// ROW 122
// 122	0	0	0	0.0111655	-0.00329454	-0.0243436	0.000124463	0.0129918	-0.0118715
// ROW 123
// 123	0	0	0	0.0111467	-0.00328899	-0.0243026	0.000124253	0.0129699	-0.0118515
// ROW 124
// 124	0	0	0	0.0111279	-0.00328345	-0.0242616	0.000124044	0.012948	-0.0118315
// ROW 125
// 125	0	0	0	0.0111092	-0.00327791	-0.0242207	0.000123834	0.0129262	-0.0118116
// ROW 126
// 126	0	0	0	0.0110904	-0.00327238	-0.0241798	0.000123625	0.0129044	-0.0117916
// ROW 127
// 127	0	0	0	0.0110717	-0.00326685	-0.024139	0.000123417	0.0128826	-0.0117717
// ROW 128
// 128	0	0	0	0.011053	-0.00326133	-0.0240982	0.000123208	0.0128608	-0.0117519
// ROW 129
// 129	0	0	0	0.0110343	-0.00325582	-0.0240575	0.000123	0.0128391	-0.011732
// ROW 130
// 130	0	0	0	0.0110156	-0.00325032	-0.0240168	0.000122792	0.0128174	-0.0117122
// ROW 131
// 131	0	0	0	0.010997	-0.00324482	-0.0239762	0.000122584	0.0127957	-0.0116923
// ROW 132
// 132	0	0	0	0.0109784	-0.00323933	-0.0239356	0.000122377	0.012774	-0.0116726
// ROW 133
// 133	0	0	0	0.0109598	-0.00323384	-0.0238951	0.00012217	0.0127524	-0.0116528
// ROW 134
// 134	0	0	0	0.0109412	-0.00322836	-0.0238546	0.000121963	0.0127308	-0.0116331
// ROW 135
// 135	0	0	0	0.0109227	-0.00322289	-0.0238142	0.000121756	0.0127092	-0.0116133
// ROW 136
// 136	0	0	0	0.0109042	-0.00321743	-0.0237738	0.00012155	0.0126877	-0.0115936
// ROW 137
// 137	0	0	0	0.0108857	-0.00321197	-0.0237335	0.000121343	0.0126661	-0.011574
// ROW 138
// 138	0	0	0	0.0108672	-0.00320652	-0.0236932	0.000121137	0.0126446	-0.0115543
// ROW 139
// 139	0	0	0	0.0108487	-0.00320107	-0.023653	0.000120932	0.0126232	-0.0115347
// ROW 140
// 140	0	0	0	0.0108303	-0.00319563	-0.0236128	0.000120726	0.0126017	-0.0115151
// ROW 141
// 141	0	0	0	0.0108119	-0.0031902	-0.0235726	0.000120521	0.0125803	-0.0114955
// ROW 142
// 142	0	0	0	0.0107935	-0.00318477	-0.0235325	0.000120316	0.0125589	-0.011476
// ROW 143
// 143	0	0	0	0.0107751	-0.00317935	-0.0234925	0.000120111	0.0125375	-0.0114565
// ROW 144
// 144	0	0	0	0.0107568	-0.00317394	-0.0234525	0.000119907	0.0125162	-0.011437
// ROW 145
// 145	0	0	0	0.0107385	-0.00316854	-0.0234126	0.000119703	0.0124949	-0.0114175
// ROW 146
// 146	0	0	0	0.0107202	-0.00316314	-0.0233727	0.000119499	0.0124736	-0.011398
// ROW 147
// 147	0	0	0	0.0107019	-0.00315774	-0.0233328	0.000119295	0.0124523	-0.0113786
// ROW 148
// 148	0	0	0	0.0106837	-0.00315236	-0.023293	0.000119091	0.0124311	-0.0113592
// ROW 149
// 149	0	0	0	0.0106654	-0.00314698	-0.0232533	0.000118888	0.0124099	-0.0113398
// ROW 150
// 150	0	0	0	0.0106472	-0.0031416	-0.0232136	0.000118685	0.0123887	-0.0113204
// ROW 151
// 151	0	0	0	0.010629	-0.00313624	-0.0231739	0.000118482	0.0123675	-0.0113011
// ROW 152
// 152	0	0	0	0.0106109	-0.00313088	-0.0231343	0.00011828	0.0123464	-0.0112818
// ROW 153
// 153	0	0	0	0.0105927	-0.00312552	-0.0230947	0.000118078	0.0123252	-0.0112625
// ROW 154
// 154	0	0	0	0.0105746	-0.00312017	-0.0230552	0.000117876	0.0123042	-0.0112432
// ROW 155
// 155	0	0	0	0.0105565	-0.00311483	-0.0230158	0.000117674	0.0122831	-0.011224
// ROW 156
// 156	0	0	0	0.0105384	-0.0031095	-0.0229763	0.000117472	0.0122621	-0.0112047
// ROW 157
// 157	0	0	0	0.0105203	-0.00310417	-0.022937	0.000117271	0.012241	-0.0111855
// ROW 158
// 158	0	0	0	0.0105023	-0.00309885	-0.0228976	0.00011707	0.0122201	-0.0111664
// ROW 159
// 159	0	0	0	0.0104843	-0.00309353	-0.0228584	0.000116869	0.0121991	-0.0111472
// ROW 160
// 160	0	0	0	0.0104663	-0.00308822	-0.0228191	0.000116668	0.0121782	-0.0111281
// ROW 161
// 161	0	0	0	0.0104483	-0.00308292	-0.0227799	0.000116468	0.0121572	-0.011109
// ROW 162
// 162	0	0	0	0.0104304	-0.00307762	-0.0227408	0.000116268	0.0121364	-0.0110899
// ROW 163
// 163	0	0	0	0.0104124	-0.00307233	-0.0227017	0.000116068	0.0121155	-0.0110708
// ROW 164
// 164	0	0	0	0.0103945	-0.00306705	-0.0226627	0.000115869	0.0120947	-0.0110518
// ROW 165
// 165	0	0	0	0.0103766	-0.00306177	-0.0226237	0.000115669	0.0120739	-0.0110328
// ROW 166
// 166	2.73807e-09	5.47632e-09	1.91671e-08	0.0103588	-0.0030565	-0.0225847	0.00011547	0.0120531	-0.0110138
// ROW 167
// 167	2.73807e-09	5.47632e-09	1.91671e-08	0.0103409	-0.00305124	-0.0225458	0.000115271	0.0120323	-0.0109948
// ROW 168
// 168	2.73807e-09	5.47632e-09	1.91671e-08	0.0103231	-0.00304598	-0.022507	0.000115072	0.0120116	-0.0109758
// ROW 169
// 169	2.73807e-09	5.47632e-09	1.91671e-08	0.0103053	-0.00304072	-0.0224681	0.000114874	0.0119908	-0.0109569
// ROW 170
// 170	2.73807e-09	5.47632e-09	1.91671e-08	0.0102875	-0.00303548	-0.0224294	0.000114676	0.0119702	-0.010938
// ROW 171
// 171	2.73807e-09	5.47632e-09	1.91671e-08	0.0102698	-0.00303024	-0.0223907	0.000114478	0.0119495	-0.0109191
// ROW 172
// 172	2.73807e-09	5.47632e-09	1.91671e-08	0.010252	-0.003025	-0.022352	0.00011428	0.0119289	-0.0109003
// ROW 173
// 173	2.73807e-09	5.47632e-09	1.91671e-08	0.0102343	-0.00301978	-0.0223134	0.000114083	0.0119082	-0.0108814
// ROW 174
// 174	2.73807e-09	5.47632e-09	1.91671e-08	0.0102166	-0.00301455	-0.0222748	0.000113885	0.0118877	-0.0108626
// ROW 175
// 175	2.73807e-09	5.47632e-09	1.91671e-08	0.010199	-0.00300934	-0.0222362	0.000113688	0.0118671	-0.0108438
// ROW 176
// 176	2.73807e-09	5.47632e-09	1.91671e-08	0.0101813	-0.00300413	-0.0221978	0.000113492	0.0118465	-0.0108251
// ROW 177
// 177	2.73807e-09	5.47632e-09	1.91671e-08	0.0101637	-0.00299893	-0.0221593	0.000113295	0.011826	-0.0108063
// ROW 178
// 178	2.73807e-09	5.47632e-09	1.91671e-08	0.0101461	-0.00299373	-0.0221209	0.000113099	0.0118055	-0.0107876
// ROW 179
// 179	2.73807e-09	5.47632e-09	1.91671e-08	0.0101285	-0.00298854	-0.0220826	0.000112903	0.0117851	-0.0107689
// ROW 180
// 180	2.73807e-09	5.47632e-09	1.91671e-08	0.0101109	-0.00298336	-0.0220443	0.000112707	0.0117646	-0.0107502
// ROW 181
// 181	2.73807e-09	5.47632e-09	1.91671e-08	0.0100933	-0.00297818	-0.022006	0.000112511	0.0117442	-0.0107315
// ROW 182
// 182	2.73807e-09	5.47632e-09	1.91671e-08	0.0100758	-0.00297301	-0.0219678	0.000112316	0.0117238	-0.0107129
// ROW 183
// 183	2.73807e-09	5.47632e-09	1.91671e-08	0.0100583	-0.00296784	-0.0219296	0.000112121	0.0117034	-0.0106943
// ROW 184
// 184	2.73807e-09	5.47631e-09	1.91671e-08	0.0100408	-0.00296268	-0.0218915	0.000111926	0.0116831	-0.0106757
// ROW 185
// 185	2.73807e-09	5.47631e-09	1.91671e-08	0.0100234	-0.00295753	-0.0218534	0.000111731	0.0116628	-0.0106571
// ROW 186
// 186	2.73807e-09	5.47631e-09	1.91671e-08	0.0100059	-0.00295238	-0.0218154	0.000111536	0.0116425	-0.0106386
// ROW 187
// 187	2.73807e-09	5.47631e-09	1.91671e-08	0.00998848	-0.00294724	-0.0217774	0.000111342	0.0116222	-0.01062
// ROW 188
// 188	2.73807e-09	5.47631e-09	1.91671e-08	0.00997108	-0.0029421	-0.0217394	0.000111148	0.0116019	-0.0106015
// ROW 189
// 189	2.73807e-09	5.47631e-09	1.91671e-08	0.00995369	-0.00293697	-0.0217015	0.000110954	0.0115817	-0.0105831
// ROW 190
// 190	2.73807e-09	5.47631e-09	1.91671e-08	0.00993633	-0.00293185	-0.0216637	0.000110761	0.0115615	-0.0105646
// ROW 191
// 191	2.73807e-09	5.47631e-09	1.91671e-08	0.00991899	-0.00292673	-0.0216259	0.000110568	0.0115413	-0.0105462
// ROW 192
// 192	2.73807e-09	5.47631e-09	1.91671e-08	0.00990166	-0.00292162	-0.0215881	0.000110374	0.0115212	-0.0105277
// ROW 193
// 193	2.73807e-09	5.47631e-09	1.91671e-08	0.00988436	-0.00291652	-0.0215504	0.000110182	0.011501	-0.0105093
// ROW 194
// 194	2.73807e-09	5.47631e-09	1.91671e-08	0.00986708	-0.00291142	-0.0215127	0.000109989	0.0114809	-0.010491
// ROW 195
// 195	2.73807e-09	5.47631e-09	1.91671e-08	0.00984982	-0.00290632	-0.0214751	0.000109797	0.0114609	-0.0104726
// ROW 196
// 196	2.73807e-09	5.47631e-09	1.91671e-08	0.00983258	-0.00290124	-0.0214375	0.000109604	0.0114408	-0.0104543
// ROW 197
// 197	2.73807e-09	5.47631e-09	1.91671e-08	0.00981535	-0.00289615	-0.0213999	0.000109412	0.0114208	-0.010436
// ROW 198
// 198	2.73807e-09	5.47631e-09	1.91671e-08	0.00979815	-0.00289108	-0.0213624	0.000109221	0.0114007	-0.0104177
// ROW 199
// 199	2.73807e-09	5.47631e-09	1.91671e-08	0.00978097	-0.00288601	-0.021325	0.000109029	0.0113807	-0.0103994
// ROW 200
// 200	2.73807e-09	5.47631e-09	1.91671e-08	0.00976381	-0.00288095	-0.0212875	0.000108838	0.0113608	-0.0103812
// ROW 201
// 201	2.73807e-09	5.47631e-09	1.91671e-08	0.00974667	-0.00287589	-0.0212502	0.000108647	0.0113408	-0.010363
// ROW 202
// 202	2.73807e-09	5.47631e-09	1.91671e-08	0.00972955	-0.00287084	-0.0212128	0.000108456	0.0113209	-0.0103447
// ROW 203
// 203	2.73807e-09	5.47631e-09	1.91671e-08	0.00971245	-0.00286579	-0.0211756	0.000108265	0.011301	-0.0103266
// ROW 204
// 204	2.73807e-09	5.47631e-09	1.91671e-08	0.00969537	-0.00286075	-0.0211383	0.000108075	0.0112811	-0.0103084
// ROW 205
// 205	2.73807e-09	5.47631e-09	1.91671e-08	0.00967831	-0.00285572	-0.0211011	0.000107885	0.0112613	-0.0102903
// ROW 206
// 206	2.73807e-09	5.47631e-09	1.91671e-08	0.00966127	-0.00285069	-0.021064	0.000107695	0.0112415	-0.0102721
// ROW 207
// 207	2.73807e-09	5.47631e-09	1.91671e-08	0.00964425	-0.00284567	-0.0210269	0.000107505	0.0112217	-0.0102541
// ROW 208
// 208	2.73807e-09	5.47631e-09	1.91671e-08	0.00962725	-0.00284065	-0.0209898	0.000107316	0.0112019	-0.010236
// ROW 209
// 209	2.73807e-09	5.47631e-09	1.91671e-08	0.00961027	-0.00283564	-0.0209528	0.000107126	0.0111821	-0.0102179
// ROW 210
// 210	2.73807e-09	5.47631e-09	1.91671e-08	0.00959331	-0.00283064	-0.0209158	0.000106937	0.0111624	-0.0101999
// ROW 211
// 211	2.73807e-09	5.47631e-09	1.91671e-08	0.00957637	-0.00282564	-0.0208789	0.000106748	0.0111427	-0.0101819
// ROW 212
// 212	2.73807e-09	5.47631e-09	1.91671e-08	0.00955945	-0.00282065	-0.020842	0.00010656	0.011123	-0.0101639
// ROW 213
// 213	2.73807e-09	5.47631e-09	1.91671e-08	0.00954254	-0.00281566	-0.0208051	0.000106371	0.0111033	-0.0101459
// ROW 214
// 214	2.73807e-09	5.47631e-09	1.91671e-08	0.00952566	-0.00281068	-0.0207683	0.000106183	0.0110837	-0.010128
// ROW 215
// 215	2.73807e-09	5.47631e-09	1.91671e-08	0.0095088	-0.0028057	-0.0207315	0.000105995	0.0110641	-0.01011
// ROW 216
// 216	2.73807e-09	5.47631e-09	1.91671e-08	0.00949196	-0.00280073	-0.0206948	0.000105807	0.0110445	-0.0100921
// ROW 217
// 217	2.73807e-09	5.47631e-09	1.91671e-08	0.00947513	-0.00279577	-0.0206581	0.00010562	0.0110249	-0.0100742
// ROW 218
// 218	2.73807e-09	5.47631e-09	1.91671e-08	0.00945833	-0.00279081	-0.0206215	0.000105433	0.0110053	-0.0100564
// ROW 219
// 219	2.73807e-09	5.47631e-09	1.91671e-08	0.00944155	-0.00278586	-0.0205849	0.000105246	0.0109858	-0.0100385
// ROW 220
// 220	2.73807e-09	5.47631e-09	1.91671e-08	0.00942478	-0.00278091	-0.0205484	0.000105059	0.0109663	-0.0100207
// ROW 221
// 221	2.73807e-09	5.47631e-09	1.91671e-08	0.00940804	-0.00277597	-0.0205119	0.000104872	0.0109468	-0.0100029
// ROW 222
// 222	2.73807e-09	5.47631e-09	1.91671e-08	0.00939131	-0.00277103	-0.0204754	0.000104686	0.0109274	-0.00998512
// ROW 223
// 223	2.73807e-09	5.47631e-09	1.91671e-08	0.0093746	-0.0027661	-0.020439	0.000104499	0.0109079	-0.00996736
// ROW 224
// 224	2.73807e-09	5.47631e-09	1.91671e-08	0.00935792	-0.00276118	-0.0204026	0.000104313	0.0108885	-0.00994961
// ROW 225
// 225	2.73807e-09	5.47631e-09	1.91671e-08	0.00934125	-0.00275626	-0.0203662	0.000104128	0.0108691	-0.00993189
// ROW 226
// 226	2.73807e-09	5.47631e-09	1.91671e-08	0.0093246	-0.00275135	-0.0203299	0.000103942	0.0108497	-0.00991419
// ROW 227
// 227	2.73807e-09	5.47631e-09	1.91671e-08	0.00930797	-0.00274644	-0.0202937	0.000103757	0.0108304	-0.00989651
// ROW 228
// 228	2.73807e-09	5.47631e-09	1.91671e-08	0.00929136	-0.00274154	-0.0202575	0.000103571	0.0108111	-0.00987885
// ROW 229
// 229	2.73807e-09	5.47631e-09	1.91671e-08	0.00927477	-0.00273665	-0.0202213	0.000103386	0.0107917	-0.00986121
// ROW 230
// 230	2.73807e-09	5.47631e-09	1.91671e-08	0.0092582	-0.00273176	-0.0201852	0.000103202	0.0107725	-0.00984359
// ROW 231
// 231	2.73807e-09	5.47631e-09	1.91671e-08	0.00924165	-0.00272687	-0.0201491	0.000103017	0.0107532	-0.00982599
// ROW 232
// 232	2.73807e-09	5.47631e-09	1.91671e-08	0.00922511	-0.00272199	-0.020113	0.000102833	0.010734	-0.00980841
// ROW 233
// 233	2.73807e-09	5.47631e-09	1.91671e-08	0.0092086	-0.00271712	-0.020077	0.000102649	0.0107148	-0.00979085
// ROW 234
// 234	2.73807e-09	5.47631e-09	1.91671e-08	0.0091921	-0.00271225	-0.0200411	0.000102465	0.0106956	-0.00977331
// ROW 235
// 235	2.73807e-09	5.47631e-09	1.91671e-08	0.00917562	-0.00270739	-0.0200051	0.000102281	0.0106764	-0.00975579
// ROW 236
// 236	2.73807e-09	5.47631e-09	1.91671e-08	0.00915917	-0.00270254	-0.0199693	0.000102098	0.0106572	-0.0097383
// ROW 237
// 237	2.73807e-09	5.47631e-09	1.91671e-08	0.00914273	-0.00269769	-0.0199334	0.000101915	0.0106381	-0.00972082
// ROW 238
// 238	2.73807e-09	5.47631e-09	1.91671e-08	0.00912631	-0.00269284	-0.0198976	0.000101732	0.010619	-0.00970336
// ROW 239
// 239	2.73807e-09	5.47631e-09	1.91671e-08	0.00910991	-0.002688	-0.0198619	0.000101549	0.0105999	-0.00968592
// ROW 240
// 240	2.73807e-09	5.47631e-09	1.91671e-08	0.00909352	-0.00268317	-0.0198261	0.000101366	0.0105809	-0.0096685
// ROW 241
// 241	2.73807e-09	5.47631e-09	1.91671e-08	0.00907716	-0.00267834	-0.0197905	0.000101184	0.0105618	-0.0096511
// ROW 242
// 242	2.73807e-09	5.47631e-09	1.91671e-08	0.00906082	-0.00267352	-0.0197548	0.000101001	0.0105428	-0.00963373
// ROW 243
// 243	2.73807e-09	5.47631e-09	1.91671e-08	0.00904449	-0.0026687	-0.0197192	0.000100819	0.0105238	-0.00961637
// ROW 244
// 244	2.73807e-09	5.47631e-09	1.91671e-08	0.00902818	-0.00266389	-0.0196837	0.000100638	0.0105048	-0.00959903
// ROW 245
// 245	2.73807e-09	5.47631e-09	1.91671e-08	0.00901189	-0.00265908	-0.0196482	0.000100456	0.0104859	-0.00958171
// ROW 246
// 246	2.73807e-09	5.47631e-09	1.91671e-08	0.00899562	-0.00265428	-0.0196127	0.000100275	0.0104669	-0.00956441
// ROW 247
// 247	2.73807e-09	5.47631e-09	1.91671e-08	0.00897937	-0.00264949	-0.0195773	0.000100094	0.010448	-0.00954713
// ROW 248
// 248	2.73807e-09	5.47631e-09	1.91671e-08	0.00896314	-0.0026447	-0.0195419	9.99127e-05	0.0104291	-0.00952987
// ROW 249
// 249	2.73807e-09	5.47631e-09	1.91671e-08	0.00894692	-0.00263991	-0.0195065	9.97319e-05	0.0104103	-0.00951263
// ROW 250
// 250	2.73807e-09	5.47631e-09	1.91671e-08	0.00893073	-0.00263513	-0.0194712	9.95514e-05	0.0103914	-0.00949541
// ROW 251
// 251	2.73807e-09	5.47631e-09	1.91671e-08	0.00891455	-0.00263036	-0.0194359	9.9371e-05	0.0103726	-0.00947821
// ROW 252
// 252	2.73807e-09	5.47631e-09	1.91671e-08	0.00889839	-0.00262559	-0.0194007	9.91909e-05	0.0103538	-0.00946103
// ROW 253
// 253	2.73807e-09	5.47631e-09	1.91671e-08	0.00888225	-0.00262083	-0.0193655	9.9011e-05	0.010335	-0.00944387
// ROW 254
// 254	2.73807e-09	5.47631e-09	1.91671e-08	0.00886612	-0.00261607	-0.0193304	9.88313e-05	0.0103163	-0.00942672
// ROW 255
// 255	2.73807e-09	5.47631e-09	1.91671e-08	0.00885002	-0.00261132	-0.0192952	9.86517e-05	0.0102975	-0.0094096
// ROW 256
// 256	2.73807e-09	5.47631e-09	1.91671e-08	0.00883393	-0.00260657	-0.0192602	9.84724e-05	0.0102788	-0.0093925
// ROW 257
// 257	2.73807e-09	5.47631e-09	1.91671e-08	0.00881787	-0.00260183	-0.0192251	9.82933e-05	0.0102601	-0.00937541
// ROW 258
// 258	2.73807e-09	5.47631e-09	1.91671e-08	0.00880182	-0.0025971	-0.0191901	9.81144e-05	0.0102414	-0.00935835
// ROW 259
// 259	2.73807e-09	5.47631e-09	1.91671e-08	0.00878578	-0.00259237	-0.0191552	9.79357e-05	0.0102228	-0.0093413
// ROW 260
// 260	2.73807e-09	5.47631e-09	1.91671e-08	0.00876977	-0.00258764	-0.0191203	9.77572e-05	0.0102042	-0.00932428
// ROW 261
// 261	2.73807e-09	5.47631e-09	1.91671e-08	0.00875377	-0.00258292	-0.0190854	9.75789e-05	0.0101855	-0.00930727
// ROW 262
// 262	2.73807e-09	5.47631e-09	1.91671e-08	0.0087378	-0.00257821	-0.0190506	9.74008e-05	0.0101669	-0.00929028
// ROW 263
// 263	2.73807e-09	5.47631e-09	1.91671e-08	0.00872184	-0.0025735	-0.0190158	9.72229e-05	0.0101484	-0.00927332
// ROW 264
// 264	2.73807e-09	5.47631e-09	1.91671e-08	0.0087059	-0.00256879	-0.018981	9.70452e-05	0.0101298	-0.00925637
// ROW 265
// 265	2.73807e-09	5.47631e-09	1.91671e-08	0.00868997	-0.0025641	-0.0189463	9.68677e-05	0.0101113	-0.00923944
// ROW 266
// 266	2.73807e-09	5.47631e-09	1.91671e-08	0.00867407	-0.0025594	-0.0189116	9.66904e-05	0.0100928	-0.00922253
// ROW 267
// 267	2.73807e-09	5.47631e-09	1.91671e-08	0.00865818	-0.00255471	-0.018877	9.65133e-05	0.0100743	-0.00920563
// ROW 268
// 268	2.73807e-09	5.47631e-09	1.91671e-08	0.00864231	-0.00255003	-0.0188424	9.63364e-05	0.0100558	-0.00918876
// ROW 269
// 269	2.73807e-09	5.47631e-09	1.91671e-08	0.00862646	-0.00254535	-0.0188078	9.61597e-05	0.0100374	-0.00917191
// ROW 270
// 270	2.73807e-09	5.47631e-09	1.91671e-08	0.00861063	-0.00254068	-0.0187733	9.59832e-05	0.010019	-0.00915507
// ROW 271
// 271	2.73807e-09	5.47631e-09	1.91671e-08	0.00859481	-0.00253602	-0.0187388	9.58069e-05	0.0100006	-0.00913825
// ROW 272
// 272	2.73807e-09	5.47631e-09	1.91671e-08	0.00857901	-0.00253135	-0.0187044	9.56308e-05	0.00998219	-0.00912146
// ROW 273
// 273	2.73807e-09	5.47631e-09	1.91671e-08	0.00856323	-0.0025267	-0.01867	9.54549e-05	0.00996383	-0.00910468
// ROW 274
// 274	2.73807e-09	5.47631e-09	1.91671e-08	0.00854747	-0.00252205	-0.0186356	9.52792e-05	0.00994549	-0.00908792
// ROW 275
// 275	2.73807e-09	5.47631e-09	1.91671e-08	0.00853172	-0.0025174	-0.0186013	9.51036e-05	0.00992717	-0.00907118
// ROW 276
// 276	2.73807e-09	5.47631e-09	1.91671e-08	0.00851599	-0.00251276	-0.018567	9.49283e-05	0.00990887	-0.00905446
// ROW 277
// 277	2.73807e-09	5.47631e-09	1.91671e-08	0.00850028	-0.00250812	-0.0185327	9.47532e-05	0.00989059	-0.00903775
// ROW 278
// 278	2.73807e-09	5.47631e-09	1.91671e-08	0.00848459	-0.00250349	-0.0184985	9.45783e-05	0.00987233	-0.00902107
// ROW 279
// 279	2.73807e-09	5.47631e-09	1.91671e-08	0.00846892	-0.00249887	-0.0184643	9.44036e-05	0.00985409	-0.0090044
// ROW 280
// 280	2.73807e-09	5.47631e-09	1.91671e-08	0.00845326	-0.00249425	-0.0184302	9.4229e-05	0.00983587	-0.00898775
// ROW 281
// 281	2.73807e-09	5.47631e-09	1.91671e-08	0.00843762	-0.00248963	-0.0183961	9.40547e-05	0.00981767	-0.00897113
// ROW 282
// 282	2.73807e-09	5.47631e-09	1.91671e-08	0.008422	-0.00248502	-0.018362	9.38805e-05	0.00979949	-0.00895451
// ROW 283
// 283	2.73807e-09	5.47631e-09	1.91671e-08	0.00840639	-0.00248042	-0.018328	9.37066e-05	0.00978134	-0.00893792
// ROW 284
// 284	2.73807e-09	5.47631e-09	1.91671e-08	0.0083908	-0.00247582	-0.018294	9.35328e-05	0.0097632	-0.00892135
// ROW 285
// 285	2.73807e-09	5.47631e-09	1.91671e-08	0.00837523	-0.00247123	-0.0182601	9.33592e-05	0.00974508	-0.00890479
// ROW 286
// 286	2.73807e-09	5.47631e-09	1.91671e-08	0.00835968	-0.00246664	-0.0182262	9.31859e-05	0.00972699	-0.00888826
// ROW 287
// 287	2.73807e-09	5.47631e-09	1.91671e-08	0.00834414	-0.00246205	-0.0181923	9.30127e-05	0.00970891	-0.00887174
// ROW 288
// 288	2.73807e-09	5.47631e-09	1.91671e-08	0.00832862	-0.00245747	-0.0181585	9.28397e-05	0.00969085	-0.00885524
// ROW 289
// 289	2.73807e-09	5.47631e-09	1.91671e-08	0.00831312	-0.0024529	-0.0181247	9.26669e-05	0.00967281	-0.00883876
// ROW 290
// 290	2.73807e-09	5.47631e-09	1.91671e-08	0.00829764	-0.00244833	-0.0180909	9.24943e-05	0.0096548	-0.00882229
// ROW 291
// 291	2.73807e-09	5.47631e-09	1.91671e-08	0.00828217	-0.00244377	-0.0180572	9.23219e-05	0.0096368	-0.00880585
// ROW 292
// 292	2.73807e-09	5.47631e-09	1.91671e-08	0.00826672	-0.00243921	-0.0180235	9.21497e-05	0.00961882	-0.00878942
// ROW 293
// 293	2.73807e-09	5.47631e-09	1.91671e-08	0.00825129	-0.00243465	-0.0179899	9.19776e-05	0.00960087	-0.00877301
// ROW 294
// 294	2.73807e-09	5.47631e-09	1.91671e-08	0.00823587	-0.00243011	-0.0179562	9.18058e-05	0.00958293	-0.00875662
// ROW 295
// 295	2.73807e-09	5.47631e-09	1.91671e-08	0.00822047	-0.00242556	-0.0179227	9.16341e-05	0.00956501	-0.00874025
// ROW 296
// 296	2.73807e-09	5.47631e-09	1.91671e-08	0.00820509	-0.00242102	-0.0178891	9.14627e-05	0.00954711	-0.00872389
// ROW 297
// 297	2.73807e-09	5.47631e-09	1.91671e-08	0.00818973	-0.00241649	-0.0178556	9.12914e-05	0.00952923	-0.00870756
// ROW 298
// 298	2.73807e-09	5.47631e-09	1.91671e-08	0.00817438	-0.00241196	-0.0178222	9.11203e-05	0.00951138	-0.00869124
// ROW 299
// 299	2.73807e-09	5.47631e-09	1.91671e-08	0.00815905	-0.00240744	-0.0177888	9.09494e-05	0.00949354	-0.00867494
// ROW 300
// 300	2.73807e-09	5.47631e-09	1.91671e-08	0.00814373	-0.00240292	-0.0177554	9.07787e-05	0.00947572	-0.00865866
// ROW 301
// 301	2.73807e-09	5.47631e-09	1.91671e-08	0.00812843	-0.00239841	-0.017722	9.06082e-05	0.00945792	-0.00864239
// ROW 302
// 302	2.73807e-09	5.47631e-09	1.91671e-08	0.00811315	-0.0023939	-0.0176887	9.04379e-05	0.00944014	-0.00862614
// ROW 303
// 303	2.73807e-09	5.47631e-09	1.91671e-08	0.00809789	-0.00238939	-0.0176554	9.02677e-05	0.00942238	-0.00860992
// ROW 304
// 304	2.73807e-09	5.47631e-09	1.91671e-08	0.00808264	-0.00238489	-0.0176222	9.00977e-05	0.00940464	-0.0085937
// ROW 305
// 305	2.73807e-09	5.47631e-09	1.91671e-08	0.00806741	-0.0023804	-0.017589	8.9928e-05	0.00938692	-0.00857751
// ROW 306
// 306	2.73807e-09	5.47631e-09	1.91671e-08	0.0080522	-0.00237591	-0.0175558	8.97584e-05	0.00936921	-0.00856134
// ROW 307
// 307	2.73807e-09	5.47631e-09	1.91671e-08	0.008037	-0.00237143	-0.0175227	8.9589e-05	0.00935153	-0.00854518
// ROW 308
// 308	2.73807e-09	5.47631e-09	1.91671e-08	0.00802182	-0.00236695	-0.0174896	8.94198e-05	0.00933387	-0.00852904
// ROW 309
// 309	2.73807e-09	5.47631e-09	1.91671e-08	0.00800666	-0.00236247	-0.0174565	8.92507e-05	0.00931622	-0.00851291
// ROW 310
// 310	2.73807e-09	5.47631e-09	1.91671e-08	0.00799151	-0.002358	-0.0174235	8.90819e-05	0.0092986	-0.00849681
// ROW 311
// 311	2.73807e-09	5.47631e-09	1.91671e-08	0.00797638	-0.00235354	-0.0173905	8.89132e-05	0.00928099	-0.00848072
// ROW 312
// 312	2.73807e-09	5.47631e-09	1.91671e-08	0.00796126	-0.00234908	-0.0173575	8.87447e-05	0.00926341	-0.00846465
// ROW 313
// 313	2.73807e-09	5.47631e-09	1.91671e-08	0.00794617	-0.00234462	-0.0173246	8.85764e-05	0.00924584	-0.0084486
// ROW 314
// 314	2.73807e-09	5.47631e-09	1.91671e-08	0.00793109	-0.00234017	-0.0172917	8.84083e-05	0.00922829	-0.00843256
// ROW 315
// 315	2.73807e-09	5.47631e-09	1.91671e-08	0.00791602	-0.00233573	-0.0172589	8.82404e-05	0.00921076	-0.00841655
// ROW 316
// 316	2.73807e-09	5.47631e-09	1.91671e-08	0.00790097	-0.00233129	-0.0172261	8.80726e-05	0.00919325	-0.00840055
// ROW 317
// 317	2.73807e-09	5.47631e-09	1.91671e-08	0.00788594	-0.00232685	-0.0171933	8.79051e-05	0.00917576	-0.00838456
// ROW 318
// 318	2.73807e-09	5.47631e-09	1.91671e-08	0.00787092	-0.00232242	-0.0171606	8.77377e-05	0.00915829	-0.0083686
// ROW 319
// 319	2.73807e-09	5.47631e-09	1.91671e-08	0.00785592	-0.002318	-0.0171279	8.75705e-05	0.00914084	-0.00835265
// ROW 320
// 320	2.73807e-09	5.47631e-09	1.91671e-08	0.00784094	-0.00231358	-0.0170952	8.74035e-05	0.0091234	-0.00833672
// ROW 321
// 321	2.73807e-09	5.47631e-09	1.91671e-08	0.00782597	-0.00230916	-0.0170626	8.72366e-05	0.00910599	-0.00832081
// ROW 322
// 322	2.73807e-09	5.47631e-09	1.91671e-08	0.00781102	-0.00230475	-0.01703	8.707e-05	0.00908859	-0.00830491
// ROW 323
// 323	2.73807e-09	5.47631e-09	1.91671e-08	0.00779609	-0.00230034	-0.0169974	8.69035e-05	0.00907121	-0.00828903
// ROW 324
// 324	2.73807e-09	5.47631e-09	1.91671e-08	0.00778117	-0.00229594	-0.0169649	8.67372e-05	0.00905385	-0.00827317
// ROW 325
// 325	2.73807e-09	5.47631e-09	1.91671e-08	0.00776626	-0.00229154	-0.0169324	8.65711e-05	0.00903651	-0.00825732
// ROW 326
// 326	2.73807e-09	5.47631e-09	1.91671e-08	0.00775138	-0.00228715	-0.0168999	8.64051e-05	0.00901919	-0.00824149
// ROW 327
// 327	2.73807e-09	5.47631e-09	1.91671e-08	0.00773651	-0.00228276	-0.0168675	8.62394e-05	0.00900189	-0.00822568
// ROW 328
// 328	2.73807e-09	5.47631e-09	1.91671e-08	0.00772165	-0.00227838	-0.0168351	8.60738e-05	0.0089846	-0.00820989
// ROW 329
// 329	2.73807e-09	5.47631e-09	1.91671e-08	0.00770681	-0.002274	-0.0168028	8.59084e-05	0.00896734	-0.00819411
// ROW 330
// 330	2.73807e-09	5.47631e-09	1.91671e-08	0.00769199	-0.00226963	-0.0167705	8.57431e-05	0.00895009	-0.00817835
// ROW 331
// 331	2.73807e-09	5.47631e-09	1.91671e-08	0.00767719	-0.00226526	-0.0167382	8.55781e-05	0.00893286	-0.00816261
// ROW 332
// 332	2.73807e-09	5.47631e-09	1.91671e-08	0.00766239	-0.00226089	-0.0167059	8.54132e-05	0.00891565	-0.00814688
// ROW 333
// 333	2.73807e-09	5.47631e-09	1.91671e-08	0.00764762	-0.00225653	-0.0166737	8.52485e-05	0.00889846	-0.00813117
// ROW 334
// 334	2.73807e-09	5.47631e-09	1.91671e-08	0.00763286	-0.00225218	-0.0166415	8.5084e-05	0.00888129	-0.00811548
// ROW 335
// 335	2.73807e-09	5.47631e-09	1.91671e-08	0.00761812	-0.00224783	-0.0166094	8.49196e-05	0.00886413	-0.00809981
// ROW 336
// 336	2.73807e-09	5.47631e-09	1.91671e-08	0.00760339	-0.00224348	-0.0165773	8.47555e-05	0.008847	-0.00808415
// ROW 337
// 337	2.73807e-09	5.47631e-09	1.91671e-08	0.00758868	-0.00223914	-0.0165452	8.45915e-05	0.00882988	-0.00806851
// ROW 338
// 338	2.73807e-09	5.47631e-09	1.91671e-08	0.00757398	-0.00223481	-0.0165132	8.44276e-05	0.00881278	-0.00805288
// ROW 339
// 339	2.73807e-09	5.47631e-09	1.91671e-08	0.0075593	-0.00223047	-0.0164812	8.4264e-05	0.0087957	-0.00803727
// ROW 340
// 340	2.73807e-09	5.47631e-09	1.91671e-08	0.00754464	-0.00222615	-0.0164492	8.41005e-05	0.00877863	-0.00802168
// ROW 341
// 341	2.73807e-09	5.47631e-09	1.91671e-08	0.00752999	-0.00222183	-0.0164172	8.39372e-05	0.00876159	-0.0080061
// ROW 342
// 342	2.73807e-09	5.47631e-09	1.91671e-08	0.00751535	-0.00221751	-0.0163853	8.37741e-05	0.00874456	-0.00799054
// ROW 343
// 343	2.73807e-09	5.47631e-09	1.91671e-08	0.00750073	-0.00221319	-0.0163535	8.36112e-05	0.00872755	-0.007975
// ROW 344
// 344	2.73807e-09	5.47631e-09	1.91671e-08	0.00748613	-0.00220889	-0.0163216	8.34484e-05	0.00871056	-0.00795948
// ROW 345
// 345	2.73807e-09	5.47631e-09	1.91671e-08	0.00747154	-0.00220458	-0.0162898	8.32858e-05	0.00869359	-0.00794397
// ROW 346
// 346	2.73807e-09	5.47631e-09	1.91671e-08	0.00745697	-0.00220028	-0.0162581	8.31234e-05	0.00867663	-0.00792847
// ROW 347
// 347	2.73807e-09	5.47631e-09	1.91671e-08	0.00744242	-0.00219599	-0.0162263	8.29611e-05	0.0086597	-0.007913
// ROW 348
// 348	2.73807e-09	5.47631e-09	1.91671e-08	0.00742788	-0.0021917	-0.0161946	8.2799e-05	0.00864278	-0.00789754
// ROW 349
// 349	2.73807e-09	5.47631e-09	1.91671e-08	0.00741335	-0.00218741	-0.0161629	8.26371e-05	0.00862588	-0.00788209
// ROW 350
// 350	2.73807e-09	5.47631e-09	1.91671e-08	0.00739884	-0.00218313	-0.0161313	8.24754e-05	0.00860899	-0.00786667
// ROW 351
// 351	2.73807e-09	5.47631e-09	1.91671e-08	0.00738435	-0.00217885	-0.0160997	8.23138e-05	0.00859213	-0.00785125
// ROW 352
// 352	2.73807e-09	5.47631e-09	1.91671e-08	0.00736987	-0.00217458	-0.0160681	8.21524e-05	0.00857528	-0.00783586
// ROW 353
// 353	2.73807e-09	5.47631e-09	1.91671e-08	0.0073554	-0.00217031	-0.0160366	8.19911e-05	0.00855845	-0.00782048
// ROW 354
// 354	2.73807e-09	5.47631e-09	1.91671e-08	0.00734095	-0.00216605	-0.0160051	8.18301e-05	0.00854164	-0.00780512
// ROW 355
// 355	2.73807e-09	5.47631e-09	1.91671e-08	0.00732652	-0.00216179	-0.0159736	8.16692e-05	0.00852484	-0.00778977
// ROW 356
// 356	2.73807e-09	5.47631e-09	1.91671e-08	0.0073121	-0.00215753	-0.0159422	8.15085e-05	0.00850807	-0.00777444
// ROW 357
// 357	2.73807e-09	5.47631e-09	1.91671e-08	0.0072977	-0.00215328	-0.0159108	8.13479e-05	0.00849131	-0.00775913
// ROW 358
// 358	2.73807e-09	5.47631e-09	1.91671e-08	0.00728331	-0.00214904	-0.0158794	8.11875e-05	0.00847456	-0.00774383
// ROW 359
// 359	2.73807e-09	5.47631e-09	1.91671e-08	0.00726894	-0.0021448	-0.0158481	8.10273e-05	0.00845784	-0.00772855
// ROW 360
// 360	0	0	0	0.00725458	-0.00214056	-0.0158168	8.08672e-05	0.00844113	-0.00771328
// ROW 361
// 361	0	0	0	0.00724023	-0.00213633	-0.0157855	8.07074e-05	0.00842444	-0.00769803
// ROW 362
// 362	0	0	0	0.00722591	-0.0021321	-0.0157543	8.05476e-05	0.00840777	-0.0076828
// ROW 363
// 363	0	0	0	0.00721159	-0.00212788	-0.0157231	8.03881e-05	0.00839112	-0.00766758
// ROW 364
// 364	0	0	0	0.00719729	-0.00212366	-0.0156919	8.02287e-05	0.00837448	-0.00765238
// ROW 365
// 365	0	0	0	0.00718301	-0.00211945	-0.0156608	8.00695e-05	0.00835786	-0.00763719
// ROW 366
// 366	0	0	0	0.00716874	-0.00211524	-0.0156296	7.99104e-05	0.00834126	-0.00762202
// ROW 367
// 367	0	0	0	0.00715449	-0.00211103	-0.0155986	7.97516e-05	0.00832468	-0.00760686
// ROW 368
// 368	0	0	0	0.00714025	-0.00210683	-0.0155675	7.95928e-05	0.00830811	-0.00759173
// ROW 369
// 369	0	0	0	0.00712603	-0.00210263	-0.0155365	7.94343e-05	0.00829156	-0.0075766
// ROW 370
// 370	0	0	0	0.00711182	-0.00209844	-0.0155055	7.92759e-05	0.00827502	-0.00756149
// ROW 371
// 371	0	0	0	0.00709762	-0.00209425	-0.0154746	7.91177e-05	0.00825851	-0.0075464
// ROW 372
// 372	0	0	0	0.00708344	-0.00209007	-0.0154437	7.89596e-05	0.00824201	-0.00753133
// ROW 373
// 373	0	0	0	0.00706928	-0.00208589	-0.0154128	7.88017e-05	0.00822553	-0.00751627
// ROW 374
// 374	0	0	0	0.00705513	-0.00208171	-0.0153819	7.8644e-05	0.00820906	-0.00750122
// ROW 375
// 375	0	0	0	0.00704099	-0.00207754	-0.0153511	7.84864e-05	0.00819262	-0.00748619
// ROW 376
// 376	0	0	0	0.00702687	-0.00207337	-0.0153203	7.8329e-05	0.00817618	-0.00747118
// ROW 377
// 377	0	0	0	0.00701276	-0.00206921	-0.0152896	7.81717e-05	0.00815977	-0.00745618
// ROW 378
// 378	0	0	0	0.00699867	-0.00206505	-0.0152588	7.80147e-05	0.00814337	-0.0074412
// ROW 379
// 379	0	0	0	0.0069846	-0.0020609	-0.0152282	7.78577e-05	0.00812699	-0.00742623
// ROW 380
// 380	0	0	0	0.00697053	-0.00205675	-0.0151975	7.7701e-05	0.00811063	-0.00741128
// ROW 381
// 381	0	0	0	0.00695648	-0.00205261	-0.0151669	7.75444e-05	0.00809428	-0.00739634
// ROW 382
// 382	0	0	0	0.00694245	-0.00204846	-0.0151363	7.73879e-05	0.00807795	-0.00738142
// ROW 383
// 383	0	0	0	0.00692843	-0.00204433	-0.0151057	7.72317e-05	0.00806164	-0.00736651
// ROW 384
// 384	0	0	0	0.00691442	-0.00204019	-0.0150752	7.70755e-05	0.00804534	-0.00735162
// ROW 385
// 385	0	0	0	0.00690043	-0.00203607	-0.0150447	7.69196e-05	0.00802907	-0.00733674
// ROW 386
// 386	0	0	0	0.00688646	-0.00203194	-0.0150142	7.67638e-05	0.0080128	-0.00732188
// ROW 387
// 387	0	0	0	0.00687249	-0.00202782	-0.0149837	7.66081e-05	0.00799656	-0.00730704
// ROW 388
// 388	0	0	0	0.00685854	-0.00202371	-0.0149533	7.64526e-05	0.00798033	-0.00729221
// ROW 389
// 389	0	0	0	0.00684461	-0.0020196	-0.014923	7.62973e-05	0.00796411	-0.00727739
// ROW 390
// 390	0	0	0	0.00683069	-0.00201549	-0.0148926	7.61422e-05	0.00794792	-0.00726259
// ROW 391
// 391	0	0	0	0.00681678	-0.00201139	-0.0148623	7.59871e-05	0.00793174	-0.00724781
// ROW 392
// 392	0	0	0	0.00680289	-0.00200729	-0.014832	7.58323e-05	0.00791557	-0.00723304
// ROW 393
// 393	0	0	0	0.00678902	-0.00200319	-0.0148017	7.56776e-05	0.00789943	-0.00721828
// ROW 394
// 394	0	0	0	0.00677515	-0.0019991	-0.0147715	7.55231e-05	0.00788329	-0.00720354
// ROW 395
// 395	0	0	0	0.0067613	-0.00199501	-0.0147413	7.53687e-05	0.00786718	-0.00718882
// ROW 396
// 396	0	0	0	0.00674747	-0.00199093	-0.0147112	7.52145e-05	0.00785108	-0.00717411
// ROW 397
// 397	0	0	0	0.00673365	-0.00198685	-0.014681	7.50604e-05	0.007835	-0.00715941
// ROW 398
// 398	0	0	0	0.00671984	-0.00198278	-0.0146509	7.49065e-05	0.00781893	-0.00714473
// ROW 399
// 399	0	0	0	0.00670604	-0.00197871	-0.0146208	7.47527e-05	0.00780288	-0.00713006
// ROW 400
// 400	0	0	0	0.00669227	-0.00197464	-0.0145908	7.45991e-05	0.00778685	-0.00711541
// ROW 401
// 401	0	0	0	0.0066785	-0.00197058	-0.0145608	7.44457e-05	0.00777083	-0.00710078
// ROW 402
// 402	0	0	0	0.00666475	-0.00196652	-0.0145308	7.42924e-05	0.00775483	-0.00708616
// ROW 403
// 403	0	0	0	0.00665101	-0.00196247	-0.0145009	7.41392e-05	0.00773885	-0.00707155
// ROW 404
// 404	0	0	0	0.00663729	-0.00195842	-0.0144709	7.39862e-05	0.00772288	-0.00705696
// ROW 405
// 405	0	0	0	0.00662357	-0.00195438	-0.014441	7.38334e-05	0.00770692	-0.00704238
// ROW 406
// 406	0	0	0	0.00660988	-0.00195033	-0.0144112	7.36807e-05	0.00769099	-0.00702782
// ROW 407
// 407	0	0	0	0.00659619	-0.0019463	-0.0143813	7.35282e-05	0.00767507	-0.00701327
// ROW 408
// 408	0	0	0	0.00658253	-0.00194226	-0.0143515	7.33758e-05	0.00765916	-0.00699874
// ROW 409
// 409	0	0	0	0.00656887	-0.00193823	-0.0143218	7.32236e-05	0.00764327	-0.00698422
// ROW 410
// 410	0	0	0	0.00655523	-0.00193421	-0.014292	7.30715e-05	0.0076274	-0.00696971
// ROW 411
// 411	0	0	0	0.0065416	-0.00193019	-0.0142623	7.29196e-05	0.00761154	-0.00695522
// ROW 412
// 412	0	0	0	0.00652798	-0.00192617	-0.0142326	7.27679e-05	0.0075957	-0.00694075
// ROW 413
// 413	0	0	0	0.00651438	-0.00192216	-0.014203	7.26162e-05	0.00757987	-0.00692628
// ROW 414
// 414	0	0	0	0.00650079	-0.00191815	-0.0141733	7.24648e-05	0.00756406	-0.00691184
// ROW 415
// 415	0	0	0	0.00648722	-0.00191414	-0.0141438	7.23135e-05	0.00754827	-0.0068974
// ROW 416
// 416	0	0	0	0.00647366	-0.00191014	-0.0141142	7.21623e-05	0.00753249	-0.00688299
// ROW 417
// 417	0	0	0	0.00646011	-0.00190614	-0.0140847	7.20113e-05	0.00751673	-0.00686858
// ROW 418
// 418	0	0	0	0.00644658	-0.00190215	-0.0140551	7.18604e-05	0.00750098	-0.00685419
// ROW 419
// 419	0	0	0	0.00643306	-0.00189816	-0.0140257	7.17097e-05	0.00748525	-0.00683982
// ROW 420
// 420	0	0	0	0.00641955	-0.00189418	-0.0139962	7.15591e-05	0.00746953	-0.00682545
// ROW 421
// 421	0	0	0	0.00640606	-0.00189019	-0.0139668	7.14087e-05	0.00745383	-0.00681111
// ROW 422
// 422	0	0	0	0.00639257	-0.00188622	-0.0139374	7.12584e-05	0.00743814	-0.00679677
// ROW 423
// 423	0	0	0	0.00637911	-0.00188224	-0.013908	7.11083e-05	0.00742247	-0.00678246
// ROW 424
// 424	0	0	0	0.00636565	-0.00187827	-0.0138787	7.09583e-05	0.00740682	-0.00676815
// ROW 425
// 425	0	0	0	0.00635221	-0.00187431	-0.0138494	7.08085e-05	0.00739118	-0.00675386
// ROW 426
// 426	0	0	0	0.00633878	-0.00187034	-0.0138201	7.06588e-05	0.00737555	-0.00673958
// ROW 427
// 427	0	0	0	0.00632537	-0.00186639	-0.0137909	7.05093e-05	0.00735994	-0.00672532
// ROW 428
// 428	0	0	0	0.00631197	-0.00186243	-0.0137617	7.03599e-05	0.00734435	-0.00671107
// ROW 429
// 429	0	0	0	0.00629858	-0.00185848	-0.0137325	7.02107e-05	0.00732877	-0.00669684
// ROW 430
// 430	0	0	0	0.0062852	-0.00185453	-0.0137033	7.00616e-05	0.00731321	-0.00668261
// ROW 431
// 431	0	0	0	0.00627184	-0.00185059	-0.0136742	6.99126e-05	0.00729766	-0.00666841
// ROW 432
// 432	0	0	0	0.00625849	-0.00184665	-0.0136451	6.97638e-05	0.00728213	-0.00665421
// ROW 433
// 433	0	0	0	0.00624516	-0.00184272	-0.013616	6.96151e-05	0.00726661	-0.00664003
// ROW 434
// 434	0	0	0	0.00623183	-0.00183879	-0.0135869	6.94666e-05	0.00725111	-0.00662587
// ROW 435
// 435	0	0	0	0.00621852	-0.00183486	-0.0135579	6.93183e-05	0.00723562	-0.00661172
// ROW 436
// 436	0	0	0	0.00620522	-0.00183094	-0.0135289	6.917e-05	0.00722015	-0.00659758
// ROW 437
// 437	0	0	0	0.00619194	-0.00182702	-0.0135	6.90219e-05	0.00720469	-0.00658345
// ROW 438
// 438	0	0	0	0.00617867	-0.0018231	-0.013471	6.8874e-05	0.00718925	-0.00656934
// ROW 439
// 439	0	0	0	0.00616541	-0.00181919	-0.0134421	6.87262e-05	0.00717382	-0.00655524
// ROW 440
// 440	0	0	0	0.00615216	-0.00181528	-0.0134132	6.85785e-05	0.00715841	-0.00654116
// ROW 441
// 441	0	0	0	0.00613893	-0.00181137	-0.0133844	6.8431e-05	0.00714301	-0.00652709
// ROW 442
// 442	0	0	0	0.00612571	-0.00180747	-0.0133556	6.82837e-05	0.00712763	-0.00651303
// ROW 443
// 443	0	0	0	0.0061125	-0.00180358	-0.0133268	6.81364e-05	0.00711226	-0.00649899
// ROW 444
// 444	0	0	0	0.0060993	-0.00179968	-0.013298	6.79893e-05	0.0070969	-0.00648496
// ROW 445
// 445	0	0	0	0.00608612	-0.00179579	-0.0132693	6.78424e-05	0.00708157	-0.00647094
// ROW 446
// 446	0	0	0	0.00607295	-0.00179191	-0.0132405	6.76956e-05	0.00706624	-0.00645694
// ROW 447
// 447	0	0	0	0.00605979	-0.00178802	-0.0132119	6.75489e-05	0.00705093	-0.00644295
// ROW 448
// 448	0	0	0	0.00604665	-0.00178415	-0.0131832	6.74024e-05	0.00703564	-0.00642898
// ROW 449
// 449	0	0	0	0.00603352	-0.00178027	-0.0131546	6.7256e-05	0.00702036	-0.00641501
// ROW 450
// 450	0	0	0	0.0060204	-0.0017764	-0.013126	6.71098e-05	0.00700509	-0.00640106
// ROW 451
// 451	0	0	0	0.00600729	-0.00177253	-0.0130974	6.69636e-05	0.00698984	-0.00638713
// ROW 452
// 452	0	0	0	0.0059942	-0.00176867	-0.0130688	6.68177e-05	0.0069746	-0.00637321
// ROW 453
// 453	0	0	0	0.00598111	-0.00176481	-0.0130403	6.66719e-05	0.00695938	-0.0063593
// ROW 454
// 454	0	0	0	0.00596804	-0.00176095	-0.0130118	6.65262e-05	0.00694417	-0.0063454
// ROW 455
// 455	0	0	0	0.00595499	-0.0017571	-0.0129833	6.63806e-05	0.00692898	-0.00633152
// ROW 456
// 456	0	0	0	0.00594194	-0.00175325	-0.0129549	6.62352e-05	0.0069138	-0.00631765
// ROW 457
// 457	0	0	0	0.00592891	-0.00174941	-0.0129265	6.60899e-05	0.00689864	-0.00630379
// ROW 458
// 458	0	0	0	0.00591589	-0.00174556	-0.0128981	6.59448e-05	0.00688349	-0.00628995
// ROW 459
// 459	0	0	0	0.00590288	-0.00174172	-0.0128697	6.57998e-05	0.00686835	-0.00627612
// ROW 460
// 460	0	0	0	0.00588988	-0.00173789	-0.0128414	6.56549e-05	0.00685323	-0.0062623
// ROW 461
// 461	0	0	0	0.0058769	-0.00173406	-0.0128131	6.55102e-05	0.00683812	-0.00624849
// ROW 462
// 462	0	0	0	0.00586393	-0.00173023	-0.0127848	6.53656e-05	0.00682303	-0.0062347
// ROW 463
// 463	0	0	0	0.00585097	-0.00172641	-0.0127566	6.52211e-05	0.00680795	-0.00622092
// ROW 464
// 464	0	0	0	0.00583802	-0.00172259	-0.0127283	6.50768e-05	0.00679289	-0.00620716
// ROW 465
// 465	0	0	0	0.00582509	-0.00171877	-0.0127001	6.49326e-05	0.00677784	-0.0061934
// ROW 466
// 466	0	0	0	0.00581216	-0.00171496	-0.012672	6.47886e-05	0.0067628	-0.00617966
// ROW 467
// 467	0	0	0	0.00579925	-0.00171115	-0.0126438	6.46446e-05	0.00674778	-0.00616594
// ROW 468
// 468	0	0	0	0.00578635	-0.00170734	-0.0126157	6.45009e-05	0.00673277	-0.00615222
// ROW 469
// 469	0	0	0	0.00577347	-0.00170354	-0.0125876	6.43572e-05	0.00671777	-0.00613852
// ROW 470
// 470	0	0	0	0.00576059	-0.00169974	-0.0125595	6.42137e-05	0.00670279	-0.00612483
// ROW 471
// 471	0	0	0	0.00574773	-0.00169595	-0.0125315	6.40703e-05	0.00668783	-0.00611116
// ROW 472
// 472	0	0	0	0.00573488	-0.00169215	-0.0125035	6.39271e-05	0.00667287	-0.00609749
// ROW 473
// 473	0	0	0	0.00572204	-0.00168837	-0.0124755	6.37839e-05	0.00665793	-0.00608384
// ROW 474
// 474	0	0	0	0.00570921	-0.00168458	-0.0124475	6.3641e-05	0.00664301	-0.0060702
// ROW 475
// 475	0	0	0	0.0056964	-0.0016808	-0.0124196	6.34981e-05	0.0066281	-0.00605658
// ROW 476
// 476	0	0	0	0.00568359	-0.00167702	-0.0123916	6.33554e-05	0.0066132	-0.00604296
// ROW 477
// 477	0	0	0	0.0056708	-0.00167325	-0.0123638	6.32128e-05	0.00659832	-0.00602936
// ROW 478
// 478	0	0	0	0.00565802	-0.00166948	-0.0123359	6.30703e-05	0.00658345	-0.00601578
// ROW 479
// 479	0	0	0	0.00564525	-0.00166571	-0.0123081	6.2928e-05	0.00656859	-0.0060022
// ROW 480
// 480	0	0	0	0.0056325	-0.00166195	-0.0122802	6.27858e-05	0.00655375	-0.00598864
// ROW 481
// 481	0	0	0	0.00561975	-0.00165818	-0.0122525	6.26438e-05	0.00653892	-0.00597509
// ROW 482
// 482	0	0	0	0.00560702	-0.00165443	-0.0122247	6.25018e-05	0.0065241	-0.00596155
// ROW 483
// 483	0	0	0	0.0055943	-0.00165067	-0.012197	6.236e-05	0.0065093	-0.00594802
// ROW 484
// 484	0	0	0	0.00558159	-0.00164692	-0.0121693	6.22183e-05	0.00649451	-0.00593451
// ROW 485
// 485	0	0	0	0.00556889	-0.00164318	-0.0121416	6.20768e-05	0.00647974	-0.00592101
// ROW 486
// 486	0	0	0	0.00555621	-0.00163943	-0.0121139	6.19354e-05	0.00646498	-0.00590752
// ROW 487
// 487	0	0	0	0.00554353	-0.00163569	-0.0120863	6.17941e-05	0.00645023	-0.00589405
// ROW 488
// 488	0	0	0	0.00553087	-0.00163196	-0.0120587	6.16529e-05	0.00643549	-0.00588058
// ROW 489
// 489	0	0	0	0.00551822	-0.00162822	-0.0120311	6.15119e-05	0.00642077	-0.00586713
// ROW 490
// 490	0	0	0	0.00550558	-0.00162449	-0.0120035	6.1371e-05	0.00640607	-0.00585369
// ROW 491
// 491	0	0	0	0.00549295	-0.00162077	-0.011976	6.12302e-05	0.00639137	-0.00584026
// ROW 492
// 492	0	0	0	0.00548033	-0.00161705	-0.0119485	6.10896e-05	0.00637669	-0.00582685
// ROW 493
// 493	0	0	0	0.00546772	-0.00161333	-0.011921	6.09491e-05	0.00636202	-0.00581344
// ROW 494
// 494	0	0	0	0.00545513	-0.00160961	-0.0118935	6.08087e-05	0.00634737	-0.00580005
// ROW 495
// 495	0	0	0	0.00544254	-0.0016059	-0.0118661	6.06684e-05	0.00633273	-0.00578667
// ROW 496
// 496	0	0	0	0.00542997	-0.00160219	-0.0118387	6.05283e-05	0.0063181	-0.00577331
// ROW 497
// 497	0	0	0	0.00541741	-0.00159848	-0.0118113	6.03882e-05	0.00630348	-0.00575995
// ROW 498
// 498	0	0	0	0.00540486	-0.00159478	-0.0117839	6.02483e-05	0.00628888	-0.00574661
// ROW 499
// 499	0	0	0	0.00539232	-0.00159108	-0.0117566	6.01086e-05	0.00627429	-0.00573328
// ROW 500
// 500	0	0	0	0.0053798	-0.00158738	-0.0117293	5.99689e-05	0.00625971	-0.00571996
// ROW 501
// 501	0	0	0	0.00536728	-0.00158369	-0.011702	5.98294e-05	0.00624515	-0.00570665
// ROW 502
// 502	0	0	0	0.00535478	-0.00158	-0.0116747	5.969e-05	0.0062306	-0.00569336
// ROW 503
// 503	0	0	0	0.00534228	-0.00157631	-0.0116475	5.95508e-05	0.00621606	-0.00568007
// ROW 504
// 504	0	0	0	0.0053298	-0.00157263	-0.0116203	5.94116e-05	0.00620154	-0.0056668
// ROW 505
// 505	0	0	0	0.00531733	-0.00156895	-0.0115931	5.92726e-05	0.00618703	-0.00565354
// ROW 506
// 506	0	0	0	0.00530487	-0.00156527	-0.0115659	5.91337e-05	0.00617253	-0.00564029
// ROW 507
// 507	0	0	0	0.00529242	-0.0015616	-0.0115388	5.89949e-05	0.00615804	-0.00562706
// ROW 508
// 508	0	0	0	0.00527998	-0.00155793	-0.0115117	5.88563e-05	0.00614357	-0.00561383
// ROW 509
// 509	0	0	0	0.00526755	-0.00155426	-0.0114846	5.87178e-05	0.00612911	-0.00560062
// ROW 510
// 510	0	0	0	0.00525514	-0.0015506	-0.0114575	5.85793e-05	0.00611466	-0.00558742
// ROW 511
// 511	0	0	0	0.00524273	-0.00154694	-0.0114305	5.84411e-05	0.00610023	-0.00557423
// ROW 512
// 512	0	0	0	0.00523034	-0.00154328	-0.0114034	5.83029e-05	0.00608581	-0.00556105
// ROW 513
// 513	0	0	0	0.00521795	-0.00153963	-0.0113764	5.81649e-05	0.0060714	-0.00554788
// ROW 514
// 514	0	0	0	0.00520558	-0.00153598	-0.0113495	5.80269e-05	0.006057	-0.00553473
// ROW 515
// 515	0	0	0	0.00519322	-0.00153233	-0.0113225	5.78891e-05	0.00604262	-0.00552158
// ROW 516
// 516	0	0	0	0.00518087	-0.00152869	-0.0112956	5.77515e-05	0.00602825	-0.00550845
// ROW 517
// 517	2.73807e-09	5.47629e-09	1.91672e-08	0.00516853	-0.00152504	-0.0112687	5.76139e-05	0.00601389	-0.00549533
// ROW 518
// 518	2.73807e-09	5.47629e-09	1.91672e-08	0.0051562	-0.00152141	-0.0112418	5.74765e-05	0.00599954	-0.00548222
// ROW 519
// 519	2.73807e-09	5.47629e-09	1.91672e-08	0.00514388	-0.00151777	-0.0112149	5.73391e-05	0.00598521	-0.00546912
// ROW 520
// 520	2.73807e-09	5.47629e-09	1.91672e-08	0.00513157	-0.00151414	-0.0111881	5.72019e-05	0.00597089	-0.00545604
// ROW 521
// 521	2.73807e-09	5.47629e-09	1.91672e-08	0.00511927	-0.00151051	-0.0111613	5.70649e-05	0.00595658	-0.00544296
// ROW 522
// 522	2.73807e-09	5.47629e-09	1.91672e-08	0.00510698	-0.00150689	-0.0111345	5.69279e-05	0.00594228	-0.0054299
// ROW 523
// 523	2.73807e-09	5.47629e-09	1.91672e-08	0.00509471	-0.00150326	-0.0111077	5.6791e-05	0.005928	-0.00541684
// ROW 524
// 524	2.73807e-09	5.47629e-09	1.91672e-08	0.00508244	-0.00149964	-0.011081	5.66543e-05	0.00591373	-0.0054038
// ROW 525
// 525	2.73807e-09	5.47629e-09	1.91672e-08	0.00507019	-0.00149603	-0.0110543	5.65177e-05	0.00589947	-0.00539077
// ROW 526
// 526	2.73807e-09	5.47629e-09	1.91672e-08	0.00505794	-0.00149241	-0.0110276	5.63812e-05	0.00588522	-0.00537775
// ROW 527
// 527	2.73807e-09	5.47629e-09	1.91672e-08	0.00504571	-0.00148881	-0.0110009	5.62448e-05	0.00587098	-0.00536475
// ROW 528
// 528	2.73807e-09	5.47629e-09	1.91672e-08	0.00503348	-0.0014852	-0.0109742	5.61086e-05	0.00585676	-0.00535175
// ROW 529
// 529	2.73807e-09	5.47629e-09	1.91672e-08	0.00502127	-0.00148159	-0.0109476	5.59724e-05	0.00584255	-0.00533876
// ROW 530
// 530	2.73807e-09	5.47629e-09	1.91672e-08	0.00500907	-0.00147799	-0.010921	5.58364e-05	0.00582835	-0.00532579
// ROW 531
// 531	2.73807e-09	5.47629e-09	1.91672e-08	0.00499688	-0.0014744	-0.0108944	5.57005e-05	0.00581416	-0.00531283
// ROW 532
// 532	2.73807e-09	5.47629e-09	1.91672e-08	0.00498469	-0.0014708	-0.0108679	5.55647e-05	0.00579999	-0.00529987
// ROW 533
// 533	2.73807e-09	5.47629e-09	1.91672e-08	0.00497252	-0.00146721	-0.0108413	5.5429e-05	0.00578583	-0.00528693
// ROW 534
// 534	2.73807e-09	5.47629e-09	1.91672e-08	0.00496036	-0.00146362	-0.0108148	5.52935e-05	0.00577168	-0.005274
// ROW 535
// 535	2.73807e-09	5.47629e-09	1.91672e-08	0.00494821	-0.00146004	-0.0107883	5.5158e-05	0.00575754	-0.00526108
// ROW 536
// 536	2.73807e-09	5.47629e-09	1.91672e-08	0.00493607	-0.00145646	-0.0107619	5.50227e-05	0.00574341	-0.00524818
// ROW 537
// 537	2.73807e-09	5.47629e-09	1.91672e-08	0.00492394	-0.00145288	-0.0107354	5.48875e-05	0.0057293	-0.00523528
// ROW 538
// 538	2.73807e-09	5.47629e-09	1.91672e-08	0.00491182	-0.0014493	-0.010709	5.47524e-05	0.0057152	-0.00522239
// ROW 539
// 539	2.73807e-09	5.47629e-09	1.91672e-08	0.00489971	-0.00144573	-0.0106826	5.46174e-05	0.00570111	-0.00520952
// ROW 540
// 540	2.73807e-09	5.47629e-09	1.91672e-08	0.00488761	-0.00144216	-0.0106562	5.44825e-05	0.00568703	-0.00519665
// ROW 541
// 541	2.73807e-09	5.47629e-09	1.91672e-08	0.00487552	-0.00143859	-0.0106299	5.43478e-05	0.00567296	-0.0051838
// ROW 542
// 542	2.73807e-09	5.47629e-09	1.91672e-08	0.00486344	-0.00143503	-0.0106035	5.42131e-05	0.00565891	-0.00517096
// ROW 543
// 543	2.73807e-09	5.47629e-09	1.91672e-08	0.00485137	-0.00143146	-0.0105772	5.40786e-05	0.00564486	-0.00515812
// ROW 544
// 544	2.73807e-09	5.47629e-09	1.91672e-08	0.00483931	-0.00142791	-0.0105509	5.39442e-05	0.00563083	-0.0051453
// ROW 545
// 545	2.73807e-09	5.47629e-09	1.91672e-08	0.00482727	-0.00142435	-0.0105246	5.38098e-05	0.00561681	-0.00513249
// ROW 546
// 546	2.73807e-09	5.47629e-09	1.91672e-08	0.00481523	-0.0014208	-0.0104984	5.36756e-05	0.0056028	-0.00511969
// ROW 547
// 547	2.73807e-09	5.47629e-09	1.91672e-08	0.0048032	-0.00141725	-0.0104722	5.35416e-05	0.00558881	-0.0051069
// ROW 548
// 548	2.73807e-09	5.47629e-09	1.91672e-08	0.00479118	-0.0014137	-0.010446	5.34076e-05	0.00557482	-0.00509412
// ROW 549
// 549	2.73807e-09	5.47629e-09	1.91672e-08	0.00477917	-0.00141016	-0.0104198	5.32737e-05	0.00556085	-0.00508135
// ROW 550
// 550	2.73807e-09	5.47629e-09	1.91672e-08	0.00476717	-0.00140662	-0.0103936	5.314e-05	0.00554689	-0.0050686
// ROW 551
// 551	2.73807e-09	5.47629e-09	1.91672e-08	0.00475518	-0.00140308	-0.0103675	5.30063e-05	0.00553294	-0.00505585
// ROW 552
// 552	2.73807e-09	5.47629e-09	1.91672e-08	0.0047432	-0.00139955	-0.0103414	5.28728e-05	0.005519	-0.00504311
// ROW 553
// 553	2.73807e-09	5.47629e-09	1.91672e-08	0.00473123	-0.00139601	-0.0103153	5.27394e-05	0.00550507	-0.00503039
// ROW 554
// 554	2.73807e-09	5.47629e-09	1.91672e-08	0.00471927	-0.00139249	-0.0102892	5.26061e-05	0.00549116	-0.00501767
// ROW 555
// 555	2.73807e-09	5.47629e-09	1.91672e-08	0.00470732	-0.00138896	-0.0102631	5.24729e-05	0.00547725	-0.00500497
// ROW 556
// 556	2.73807e-09	5.47629e-09	1.91672e-08	0.00469538	-0.00138544	-0.0102371	5.23398e-05	0.00546336	-0.00499227
// ROW 557
// 557	2.73807e-09	5.47629e-09	1.91672e-08	0.00468345	-0.00138192	-0.0102111	5.22068e-05	0.00544948	-0.00497959
// ROW 558
// 558	2.73807e-09	5.47629e-09	1.91672e-08	0.00467153	-0.0013784	-0.0101851	5.20739e-05	0.00543561	-0.00496691
// ROW 559
// 559	2.73807e-09	5.47629e-09	1.91672e-08	0.00465962	-0.00137489	-0.0101591	5.19411e-05	0.00542175	-0.00495425
// ROW 560
// 560	2.73807e-09	5.47629e-09	1.91672e-08	0.00464772	-0.00137137	-0.0101332	5.18085e-05	0.0054079	-0.0049416
// ROW 561
// 561	2.73807e-09	5.47629e-09	1.91672e-08	0.00463583	-0.00136787	-0.0101073	5.16759e-05	0.00539407	-0.00492895
// ROW 562
// 562	2.73807e-09	5.47629e-09	1.91672e-08	0.00462395	-0.00136436	-0.0100814	5.15435e-05	0.00538024	-0.00491632
// ROW 563
// 563	2.73807e-09	5.47629e-09	1.91672e-08	0.00461208	-0.00136086	-0.0100555	5.14111e-05	0.00536643	-0.0049037
// ROW 564
// 564	2.73807e-09	5.47629e-09	1.91672e-08	0.00460022	-0.00135736	-0.0100296	5.12789e-05	0.00535263	-0.00489109
// ROW 565
// 565	2.73807e-09	5.47629e-09	1.91672e-08	0.00458836	-0.00135386	-0.0100038	5.11468e-05	0.00533884	-0.00487848
// ROW 566
// 566	2.73807e-09	5.47629e-09	1.91672e-08	0.00457652	-0.00135036	-0.00997795	5.10148e-05	0.00532506	-0.00486589
// ROW 567
// 567	2.73807e-09	5.47629e-09	1.91672e-08	0.00456469	-0.00134687	-0.00995215	5.08829e-05	0.00531129	-0.00485331
// ROW 568
// 568	2.73807e-09	5.47629e-09	1.91672e-08	0.00455286	-0.00134338	-0.00992637	5.07511e-05	0.00529753	-0.00484074
// ROW 569
// 569	2.73807e-09	5.47629e-09	1.91672e-08	0.00454105	-0.0013399	-0.00990061	5.06194e-05	0.00528378	-0.00482818
// ROW 570
// 570	2.73807e-09	5.47629e-09	1.91672e-08	0.00452924	-0.00133642	-0.00987488	5.04878e-05	0.00527005	-0.00481563
// ROW 571
// 571	2.73807e-09	5.47629e-09	1.91672e-08	0.00451745	-0.00133293	-0.00984916	5.03563e-05	0.00525632	-0.00480308
// ROW 572
// 572	2.73807e-09	5.47629e-09	1.91672e-08	0.00450566	-0.00132946	-0.00982346	5.02249e-05	0.00524261	-0.00479055
// ROW 573
// 573	2.73807e-09	5.47629e-09	1.91672e-08	0.00449388	-0.00132598	-0.00979779	5.00936e-05	0.0052289	-0.00477803
// ROW 574
// 574	2.73807e-09	5.47629e-09	1.91672e-08	0.00448212	-0.00132251	-0.00977213	4.99625e-05	0.00521521	-0.00476552
// ROW 575
// 575	2.73807e-09	5.47629e-09	1.91672e-08	0.00447036	-0.00131904	-0.00974649	4.98314e-05	0.00520153	-0.00475302
// ROW 576
// 576	2.73807e-09	5.47629e-09	1.91672e-08	0.00445861	-0.00131557	-0.00972088	4.97004e-05	0.00518786	-0.00474053
// ROW 577
// 577	2.73807e-09	5.47629e-09	1.91672e-08	0.00444687	-0.00131211	-0.00969528	4.95696e-05	0.0051742	-0.00472804
// ROW 578
// 578	2.73807e-09	5.47629e-09	1.91672e-08	0.00443514	-0.00130865	-0.00966971	4.94388e-05	0.00516055	-0.00471557
// ROW 579
// 579	2.73807e-09	5.47629e-09	1.91672e-08	0.00442342	-0.00130519	-0.00964415	4.93081e-05	0.00514691	-0.00470311
// ROW 580
// 580	2.73807e-09	5.47629e-09	1.91672e-08	0.00441171	-0.00130173	-0.00961862	4.91776e-05	0.00513328	-0.00469066
// ROW 581
// 581	2.73807e-09	5.47629e-09	1.91672e-08	0.0044	-0.00129828	-0.0095931	4.90471e-05	0.00511967	-0.00467821
// ROW 582
// 582	2.73807e-09	5.47629e-09	1.91672e-08	0.00438831	-0.00129483	-0.00956761	4.89168e-05	0.00510606	-0.00466578
// ROW 583
// 583	2.73807e-09	5.47629e-09	1.91672e-08	0.00437663	-0.00129138	-0.00954213	4.87865e-05	0.00509247	-0.00465336
// ROW 584
// 584	2.73807e-09	5.47629e-09	1.91672e-08	0.00436495	-0.00128794	-0.00951668	4.86564e-05	0.00507888	-0.00464095
// ROW 585
// 585	2.73807e-09	5.47629e-09	1.91672e-08	0.00435329	-0.0012845	-0.00949124	4.85264e-05	0.00506531	-0.00462854
// ROW 586
// 586	2.73807e-09	5.47629e-09	1.91672e-08	0.00434163	-0.00128106	-0.00946583	4.83964e-05	0.00505174	-0.00461615
// ROW 587
// 587	2.73807e-09	5.47629e-09	1.91672e-08	0.00432998	-0.00127762	-0.00944043	4.82666e-05	0.00503819	-0.00460376
// ROW 588
// 588	2.73807e-09	5.47629e-09	1.91672e-08	0.00431834	-0.00127419	-0.00941506	4.81368e-05	0.00502465	-0.00459139
// ROW 589
// 589	2.73807e-09	5.47629e-09	1.91672e-08	0.00430671	-0.00127075	-0.0093897	4.80072e-05	0.00501112	-0.00457902
// ROW 590
// 590	2.73807e-09	5.47629e-09	1.91672e-08	0.00429509	-0.00126732	-0.00936436	4.78776e-05	0.00499759	-0.00456667
// ROW 591
// 591	2.73807e-09	5.47629e-09	1.91672e-08	0.00428348	-0.0012639	-0.00933905	4.77482e-05	0.00498408	-0.00455432
// ROW 592
// 592	2.73807e-09	5.47629e-09	1.91672e-08	0.00427188	-0.00126047	-0.00931375	4.76189e-05	0.00497058	-0.00454198
// ROW 593
// 593	2.73807e-09	5.47629e-09	1.91672e-08	0.00426028	-0.00125705	-0.00928847	4.74896e-05	0.00495709	-0.00452966
// ROW 594
// 594	2.73807e-09	5.47629e-09	1.91672e-08	0.0042487	-0.00125364	-0.00926321	4.73605e-05	0.00494361	-0.00451734
// ROW 595
// 595	2.73807e-09	5.47629e-09	1.91672e-08	0.00423712	-0.00125022	-0.00923797	4.72314e-05	0.00493014	-0.00450503
// ROW 596
// 596	2.73807e-09	5.47629e-09	1.91672e-08	0.00422555	-0.00124681	-0.00921275	4.71025e-05	0.00491668	-0.00449273
// ROW 597
// 597	2.73807e-09	5.47629e-09	1.91672e-08	0.00421399	-0.0012434	-0.00918755	4.69736e-05	0.00490323	-0.00448044
// ROW 598
// 598	2.73807e-09	5.47629e-09	1.91672e-08	0.00420244	-0.00123999	-0.00916237	4.68449e-05	0.00488979	-0.00446816
// ROW 599
// 599	2.73807e-09	5.47629e-09	1.91672e-08	0.0041909	-0.00123658	-0.00913721	4.67162e-05	0.00487636	-0.00445589
// ROW 600
// 600	2.73807e-09	5.47629e-09	1.91672e-08	0.00417937	-0.00123318	-0.00911206	4.65877e-05	0.00486294	-0.00444363
// ROW 601
// 601	2.73807e-09	5.47629e-09	1.91672e-08	0.00416784	-0.00122978	-0.00908694	4.64592e-05	0.00484954	-0.00443138
// ROW 602
// 602	2.73807e-09	5.47629e-09	1.91672e-08	0.00415633	-0.00122638	-0.00906183	4.63309e-05	0.00483614	-0.00441913
// ROW 603
// 603	2.73807e-09	5.47629e-09	1.91672e-08	0.00414482	-0.00122299	-0.00903674	4.62026e-05	0.00482275	-0.0044069
// ROW 604
// 604	2.73807e-09	5.47629e-09	1.91672e-08	0.00413332	-0.00121959	-0.00901168	4.60744e-05	0.00480937	-0.00439467
// ROW 605
// 605	2.73807e-09	5.47629e-09	1.91672e-08	0.00412184	-0.0012162	-0.00898663	4.59464e-05	0.004796	-0.00438246
// ROW 606
// 606	2.73807e-09	5.47629e-09	1.91672e-08	0.00411036	-0.00121282	-0.0089616	4.58184e-05	0.00478264	-0.00437025
// ROW 607
// 607	2.73807e-09	5.47629e-09	1.91672e-08	0.00409888	-0.00120943	-0.00893658	4.56905e-05	0.0047693	-0.00435805
// ROW 608
// 608	2.73807e-09	5.47629e-09	1.91672e-08	0.00408742	-0.00120605	-0.00891159	4.55627e-05	0.00475596	-0.00434587
// ROW 609
// 609	2.73807e-09	5.47629e-09	1.91672e-08	0.00407596	-0.00120267	-0.00888662	4.5435e-05	0.00474263	-0.00433369
// ROW 610
// 610	2.73807e-09	5.47629e-09	1.91672e-08	0.00406452	-0.00119929	-0.00886166	4.53074e-05	0.00472931	-0.00432152
// ROW 611
// 611	2.73807e-09	5.47629e-09	1.91672e-08	0.00405308	-0.00119592	-0.00883672	4.51799e-05	0.004716	-0.00430935
// ROW 612
// 612	2.73807e-09	5.47629e-09	1.91672e-08	0.00404165	-0.00119254	-0.0088118	4.50525e-05	0.0047027	-0.0042972
// ROW 613
// 613	2.73807e-09	5.47629e-09	1.91672e-08	0.00403023	-0.00118917	-0.0087869	4.49252e-05	0.00468941	-0.00428506
// ROW 614
// 614	2.73807e-09	5.47629e-09	1.91672e-08	0.00401882	-0.00118581	-0.00876202	4.4798e-05	0.00467613	-0.00427292
// ROW 615
// 615	2.73807e-09	5.47629e-09	1.91672e-08	0.00400741	-0.00118244	-0.00873715	4.46709e-05	0.00466286	-0.0042608
// ROW 616
// 616	2.73807e-09	5.47629e-09	1.91672e-08	0.00399602	-0.00117908	-0.00871231	4.45439e-05	0.0046496	-0.00424868
// ROW 617
// 617	2.73807e-09	5.47629e-09	1.91672e-08	0.00398463	-0.00117572	-0.00868748	4.44169e-05	0.00463635	-0.00423657
// ROW 618
// 618	2.73807e-09	5.47629e-09	1.91672e-08	0.00397325	-0.00117236	-0.00866267	4.42901e-05	0.00462311	-0.00422448
// ROW 619
// 619	2.73807e-09	5.47629e-09	1.91672e-08	0.00396188	-0.00116901	-0.00863788	4.41633e-05	0.00460988	-0.00421239
// ROW 620
// 620	2.73807e-09	5.47629e-09	1.91672e-08	0.00395051	-0.00116565	-0.0086131	4.40366e-05	0.00459666	-0.0042003
// ROW 621
// 621	2.73807e-09	5.47629e-09	1.91672e-08	0.00393916	-0.0011623	-0.00858835	4.39101e-05	0.00458345	-0.00418823
// ROW 622
// 622	0	0	0	0.00392781	-0.00115896	-0.00856361	4.37836e-05	0.00457025	-0.00417617
// ROW 623
// 623	0	0	0	0.00391648	-0.00115561	-0.00853889	4.36572e-05	0.00455705	-0.00416411
// ROW 624
// 624	0	0	0	0.00390515	-0.00115227	-0.00851419	4.35309e-05	0.00454387	-0.00415207
// ROW 625
// 625	0	0	0	0.00389382	-0.00114893	-0.0084895	4.34047e-05	0.0045307	-0.00414003
// ROW 626
// 626	0	0	0	0.00388251	-0.00114559	-0.00846484	4.32786e-05	0.00451753	-0.004128
// ROW 627
// 627	0	0	0	0.00387121	-0.00114225	-0.00844019	4.31526e-05	0.00450438	-0.00411598
// ROW 628
// 628	0	0	0	0.00385991	-0.00113892	-0.00841556	4.30266e-05	0.00449123	-0.00410397
// ROW 629
// 629	0	0	0	0.00384862	-0.00113559	-0.00839094	4.29008e-05	0.0044781	-0.00409196
// ROW 630
// 630	0	0	0	0.00383734	-0.00113226	-0.00836635	4.2775e-05	0.00446497	-0.00407997
// ROW 631
// 631	0	0	0	0.00382606	-0.00112893	-0.00834177	4.26494e-05	0.00445185	-0.00406798
// ROW 632
// 632	0	0	0	0.0038148	-0.00112561	-0.00831721	4.25238e-05	0.00443875	-0.00405601
// ROW 633
// 633	0	0	0	0.00380354	-0.00112229	-0.00829266	4.23983e-05	0.00442565	-0.00404404
// ROW 634
// 634	0	0	0	0.00379229	-0.00111897	-0.00826814	4.22729e-05	0.00441256	-0.00403208
// ROW 635
// 635	0	0	0	0.00378105	-0.00111565	-0.00824363	4.21476e-05	0.00439948	-0.00402012
// ROW 636
// 636	0	0	0	0.00376982	-0.00111234	-0.00821914	4.20224e-05	0.00438641	-0.00400818
// ROW 637
// 637	0	0	0	0.00375859	-0.00110902	-0.00819466	4.18972e-05	0.00437334	-0.00399624
// ROW 638
// 638	0	0	0	0.00374737	-0.00110571	-0.0081702	4.17722e-05	0.00436029	-0.00398432
// ROW 639
// 639	0	0	0	0.00373616	-0.00110241	-0.00814576	4.16472e-05	0.00434725	-0.0039724
// ROW 640
// 640	0	0	0	0.00372496	-0.0010991	-0.00812134	4.15224e-05	0.00433421	-0.00396049
// ROW 641
// 641	0	0	0	0.00371376	-0.0010958	-0.00809693	4.13976e-05	0.00432119	-0.00394858
// ROW 642
// 642	0	0	0	0.00370258	-0.0010925	-0.00807254	4.12729e-05	0.00430817	-0.00393669
// ROW 643
// 643	0	0	0	0.0036914	-0.0010892	-0.00804817	4.11483e-05	0.00429516	-0.0039248
// ROW 644
// 644	0	0	0	0.00368023	-0.0010859	-0.00802381	4.10237e-05	0.00428216	-0.00391293
// ROW 645
// 645	0	0	0	0.00366906	-0.00108261	-0.00799947	4.08993e-05	0.00426917	-0.00390106
// ROW 646
// 646	0	0	0	0.00365791	-0.00107932	-0.00797515	4.07749e-05	0.00425619	-0.0038892
// ROW 647
// 647	0	0	0	0.00364676	-0.00107603	-0.00795084	4.06507e-05	0.00424322	-0.00387734
// ROW 648
// 648	0	0	0	0.00363562	-0.00107274	-0.00792655	4.05265e-05	0.00423026	-0.0038655
// ROW 649
// 649	0	0	0	0.00362449	-0.00106945	-0.00790228	4.04024e-05	0.0042173	-0.00385366
// ROW 650
// 650	0	0	0	0.00361336	-0.00106617	-0.00787802	4.02784e-05	0.00420436	-0.00384183
// ROW 651
// 651	0	0	0	0.00360224	-0.00106289	-0.00785378	4.01544e-05	0.00419142	-0.00383001
// ROW 652
// 652	0	0	0	0.00359113	-0.00105961	-0.00782956	4.00306e-05	0.00417849	-0.0038182
// ROW 653
// 653	0	0	0	0.00358003	-0.00105634	-0.00780535	3.99068e-05	0.00416558	-0.00380639
// ROW 654
// 654	0	0	0	0.00356893	-0.00105306	-0.00778116	3.97831e-05	0.00415267	-0.00379459
// ROW 655
// 655	0	0	0	0.00355784	-0.00104979	-0.00775698	3.96595e-05	0.00413976	-0.0037828
// ROW 656
// 656	0	0	0	0.00354676	-0.00104652	-0.00773282	3.9536e-05	0.00412687	-0.00377102
// ROW 657
// 657	0	0	0	0.00353569	-0.00104325	-0.00770868	3.94126e-05	0.00411399	-0.00375925
// ROW 658
// 658	0	0	0	0.00352462	-0.00103999	-0.00768456	3.92892e-05	0.00410111	-0.00374748
// ROW 659
// 659	0	0	0	0.00351356	-0.00103673	-0.00766044	3.91659e-05	0.00408824	-0.00373573
// ROW 660
// 660	0	0	0	0.00350251	-0.00103346	-0.00763635	3.90427e-05	0.00407538	-0.00372398
// ROW 661
// 661	0	0	0	0.00349147	-0.00103021	-0.00761227	3.89196e-05	0.00406253	-0.00371223
// ROW 662
// 662	0	0	0	0.00348043	-0.00102695	-0.00758821	3.87966e-05	0.00404969	-0.0037005
// ROW 663
// 663	0	0	0	0.0034694	-0.00102369	-0.00756416	3.86737e-05	0.00403686	-0.00368877
// ROW 664
// 664	0	0	0	0.00345838	-0.00102044	-0.00754013	3.85508e-05	0.00402403	-0.00367705
// ROW 665
// 665	0	0	0	0.00344737	-0.00101719	-0.00751611	3.8428e-05	0.00401122	-0.00366534
// ROW 666
// 666	0	0	0	0.00343636	-0.00101394	-0.00749212	3.83053e-05	0.00399841	-0.00365364
// ROW 667
// 667	0	0	0	0.00342536	-0.0010107	-0.00746813	3.81827e-05	0.00398561	-0.00364194
// ROW 668
// 668	0	0	0	0.00341436	-0.00100745	-0.00744416	3.80601e-05	0.00397282	-0.00363025
// ROW 669
// 669	0	0	0	0.00340338	-0.00100421	-0.00742021	3.79377e-05	0.00396003	-0.00361857
// ROW 670
// 670	0	0	0	0.0033924	-0.00100097	-0.00739627	3.78153e-05	0.00394726	-0.0036069
// ROW 671
// 671	0	0	0	0.00338143	-0.000997736	-0.00737235	3.7693e-05	0.00393449	-0.00359523
// ROW 672
// 672	0	0	0	0.00337046	-0.0009945	-0.00734844	3.75707e-05	0.00392173	-0.00358357
// ROW 673
// 673	0	0	0	0.0033595	-0.000991267	-0.00732455	3.74486e-05	0.00390898	-0.00357192
// ROW 674
// 674	0	0	0	0.00334855	-0.000988036	-0.00730068	3.73265e-05	0.00389624	-0.00356028
// ROW 675
// 675	0	0	0	0.00333761	-0.000984807	-0.00727681	3.72045e-05	0.00388351	-0.00354864
// ROW 676
// 676	0	0	0	0.00332667	-0.00098158	-0.00725297	3.70826e-05	0.00387078	-0.00353701
// ROW 677
// 677	0	0	0	0.00331574	-0.000978354	-0.00722914	3.69608e-05	0.00385806	-0.00352539
// ROW 678
// 678	0	0	0	0.00330482	-0.000975131	-0.00720532	3.6839e-05	0.00384535	-0.00351378
// ROW 679
// 679	0	0	0	0.0032939	-0.00097191	-0.00718152	3.67173e-05	0.00383265	-0.00350217
// ROW 680
// 680	0	0	0	0.00328299	-0.000968691	-0.00715774	3.65957e-05	0.00381996	-0.00349057
// ROW 681
// 681	0	0	0	0.00327209	-0.000965474	-0.00713397	3.64742e-05	0.00380727	-0.00347898
// ROW 682
// 682	0	0	0	0.00326119	-0.00096226	-0.00711021	3.63527e-05	0.00379459	-0.0034674
// ROW 683
// 683	0	0	0	0.0032503	-0.000959047	-0.00708647	3.62314e-05	0.00378192	-0.00345582
// ROW 684
// 684	0	0	0	0.00323942	-0.000955836	-0.00706275	3.61101e-05	0.00376926	-0.00344425
// ROW 685
// 685	0	0	0	0.00322855	-0.000952627	-0.00703903	3.59888e-05	0.00375661	-0.00343269
// ROW 686
// 686	0	0	0	0.00321768	-0.00094942	-0.00701534	3.58677e-05	0.00374396	-0.00342113
// ROW 687
// 687	0	0	0	0.00320682	-0.000946215	-0.00699166	3.57466e-05	0.00373132	-0.00340958
// ROW 688
// 688	0	0	0	0.00319596	-0.000943012	-0.00696799	3.56256e-05	0.00371869	-0.00339804
// ROW 689
// 689	0	0	0	0.00318511	-0.000939811	-0.00694434	3.55047e-05	0.00370607	-0.00338651
// ROW 690
// 690	0	0	0	0.00317427	-0.000936612	-0.0069207	3.53838e-05	0.00369345	-0.00337498
// ROW 691
// 691	0	0	0	0.00316344	-0.000933415	-0.00689708	3.5263e-05	0.00368085	-0.00336346
// ROW 692
// 692	0	0	0	0.00315261	-0.000930219	-0.00687347	3.51423e-05	0.00366825	-0.00335194
// ROW 693
// 693	0	0	0	0.00314178	-0.000927026	-0.00684987	3.50217e-05	0.00365565	-0.00334044
// ROW 694
// 694	0	0	0	0.00313097	-0.000923835	-0.00682629	3.49011e-05	0.00364307	-0.00332894
// ROW 695
// 695	0	0	0	0.00312016	-0.000920646	-0.00680272	3.47806e-05	0.00363049	-0.00331745
// ROW 696
// 696	0	0	0	0.00310936	-0.000917458	-0.00677917	3.46602e-05	0.00361792	-0.00330596
// ROW 697
// 697	0	0	0	0.00309856	-0.000914273	-0.00675563	3.45399e-05	0.00360536	-0.00329448
// ROW 698
// 698	0	0	0	0.00308777	-0.000911089	-0.00673211	3.44196e-05	0.00359281	-0.00328301
// ROW 699
// 699	0	0	0	0.00307699	-0.000907907	-0.0067086	3.42994e-05	0.00358026	-0.00327155
// ROW 700
// 700	0	0	0	0.00306621	-0.000904728	-0.0066851	3.41793e-05	0.00356772	-0.00326009
// ROW 701
// 701	0	0	0	0.00305544	-0.00090155	-0.00666162	3.40592e-05	0.00355519	-0.00324864
// ROW 702
// 702	0	0	0	0.00304468	-0.000898374	-0.00663816	3.39392e-05	0.00354266	-0.00323719
// ROW 703
// 703	0	0	0	0.00303392	-0.0008952	-0.0066147	3.38193e-05	0.00353015	-0.00322575
// ROW 704
// 704	0	0	0	0.00302317	-0.000892027	-0.00659126	3.36995e-05	0.00351764	-0.00321432
// ROW 705
// 705	0	0	0	0.00301242	-0.000888857	-0.00656783	3.35797e-05	0.00350514	-0.0032029
// ROW 706
// 706	0	0	0	0.00300169	-0.000885688	-0.00654442	3.346e-05	0.00349264	-0.00319148
// ROW 707
// 707	0	0	0	0.00299095	-0.000882522	-0.00652102	3.33404e-05	0.00348015	-0.00318007
// ROW 708
// 708	0	0	0	0.00298023	-0.000879357	-0.00649764	3.32208e-05	0.00346767	-0.00316867
// ROW 709
// 709	0	0	0	0.00296951	-0.000876194	-0.00647427	3.31013e-05	0.0034552	-0.00315727
// ROW 710
// 710	0	0	0	0.00295879	-0.000873033	-0.00645091	3.29819e-05	0.00344273	-0.00314588
// ROW 711
// 711	0	0	0	0.00294809	-0.000869873	-0.00642756	3.28625e-05	0.00343028	-0.00313449
// ROW 712
// 712	0	0	0	0.00293739	-0.000866716	-0.00640423	3.27432e-05	0.00341782	-0.00312312
// ROW 713
// 713	0	0	0	0.00292669	-0.00086356	-0.00638091	3.2624e-05	0.00340538	-0.00311174
// ROW 714
// 714	0	0	0	0.002916	-0.000860406	-0.00635761	3.25049e-05	0.00339294	-0.00310038
// ROW 715
// 715	0	0	0	0.00290532	-0.000857254	-0.00633432	3.23858e-05	0.00338051	-0.00308902
// ROW 716
// 716	0	0	0	0.00289464	-0.000854104	-0.00631104	3.22668e-05	0.00336809	-0.00307767
// ROW 717
// 717	0	0	0	0.00288397	-0.000850955	-0.00628777	3.21478e-05	0.00335567	-0.00306632
// ROW 718
// 718	0	0	0	0.00287331	-0.000847808	-0.00626452	3.20289e-05	0.00334326	-0.00305498
// ROW 719
// 719	0	0	0	0.00286265	-0.000844663	-0.00624128	3.19101e-05	0.00333086	-0.00304365
// ROW 720
// 720	0	0	0	0.00285199	-0.00084152	-0.00621806	3.17914e-05	0.00331847	-0.00303232
// ROW 721
// 721	0	0	0	0.00284135	-0.000838378	-0.00619484	3.16727e-05	0.00330608	-0.003021
// ROW 722
// 722	0	0	0	0.00283071	-0.000835239	-0.00617165	3.15541e-05	0.0032937	-0.00300969
// ROW 723
// 723	0	0	0	0.00282007	-0.000832101	-0.00614846	3.14355e-05	0.00328132	-0.00299838
// ROW 724
// 724	0	0	0	0.00280944	-0.000828964	-0.00612528	3.1317e-05	0.00326895	-0.00298708
// ROW 725
// 725	0	0	0	0.00279882	-0.00082583	-0.00610212	3.11986e-05	0.00325659	-0.00297579
// ROW 726
// 726	0	0	0	0.0027882	-0.000822697	-0.00607897	3.10803e-05	0.00324424	-0.0029645
// ROW 727
// 727	0	0	0	0.00277759	-0.000819566	-0.00605584	3.0962e-05	0.00323189	-0.00295322
// ROW 728
// 728	0	0	0	0.00276699	-0.000816437	-0.00603272	3.08438e-05	0.00321955	-0.00294194
// ROW 729
// 729	0	0	0	0.00275639	-0.000813309	-0.00600961	3.07256e-05	0.00320722	-0.00293067
// ROW 730
// 730	0	0	0	0.00274579	-0.000810183	-0.00598651	3.06075e-05	0.00319489	-0.00291941
// ROW 731
// 731	0	0	0	0.0027352	-0.000807059	-0.00596342	3.04895e-05	0.00318257	-0.00290815
// ROW 732
// 732	0	0	0	0.00272462	-0.000803936	-0.00594035	3.03715e-05	0.00317026	-0.0028969
// ROW 733
// 733	0	0	0	0.00271404	-0.000800815	-0.00591729	3.02536e-05	0.00315795	-0.00288565
// ROW 734
// 734	0	0	0	0.00270347	-0.000797696	-0.00589424	3.01358e-05	0.00314565	-0.00287441
// ROW 735
// 735	0	0	0	0.00269291	-0.000794579	-0.0058712	3.0018e-05	0.00313336	-0.00286318
// ROW 736
// 736	0	0	0	0.00268235	-0.000791463	-0.00584818	2.99003e-05	0.00312107	-0.00285195
// ROW 737
// 737	0	0	0	0.00267179	-0.000788348	-0.00582517	2.97826e-05	0.00310879	-0.00284073
// ROW 738
// 738	0	0	0	0.00266124	-0.000785236	-0.00580217	2.9665e-05	0.00309651	-0.00282951
// ROW 739
// 739	0	0	0	0.0026507	-0.000782125	-0.00577918	2.95475e-05	0.00308425	-0.0028183
// ROW 740
// 740	0	0	0	0.00264016	-0.000779016	-0.00575621	2.943e-05	0.00307199	-0.0028071
// ROW 741
// 741	0	0	0	0.00262963	-0.000775908	-0.00573324	2.93127e-05	0.00305973	-0.0027959
// ROW 742
// 742	0	0	0	0.0026191	-0.000772802	-0.00571029	2.91953e-05	0.00304748	-0.00278471
// ROW 743
// 743	0	0	0	0.00260858	-0.000769697	-0.00568735	2.9078e-05	0.00303524	-0.00277352
// ROW 744
// 744	0	0	0	0.00259807	-0.000766594	-0.00566443	2.89608e-05	0.003023	-0.00276234
// ROW 745
// 745	0	0	0	0.00258755	-0.000763493	-0.00564151	2.88436e-05	0.00301077	-0.00275116
// ROW 746
// 746	0	0	0	0.00257705	-0.000760394	-0.00561861	2.87265e-05	0.00299855	-0.00274
// ROW 747
// 747	0	0	0	0.00256655	-0.000757296	-0.00559572	2.86095e-05	0.00298633	-0.00272883
// ROW 748
// 748	0	0	0	0.00255606	-0.000754199	-0.00557284	2.84925e-05	0.00297412	-0.00271767
// ROW 749
// 749	0	0	0	0.00254557	-0.000751104	-0.00554997	2.83756e-05	0.00296192	-0.00270652
// ROW 750
// 750	0	0	0	0.00253508	-0.000748011	-0.00552711	2.82587e-05	0.00294972	-0.00269538
// ROW 751
// 751	0	0	0	0.0025246	-0.000744919	-0.00550427	2.81419e-05	0.00293753	-0.00268423
// ROW 752
// 752	0	0	0	0.00251413	-0.000741829	-0.00548143	2.80252e-05	0.00292534	-0.0026731
// ROW 753
// 753	0	0	0	0.00250366	-0.00073874	-0.00545861	2.79085e-05	0.00291316	-0.00266197
// ROW 754
// 754	0	0	0	0.0024932	-0.000735653	-0.0054358	2.77919e-05	0.00290099	-0.00265085
// ROW 755
// 755	0	0	0	0.00248274	-0.000732568	-0.005413	2.76753e-05	0.00288882	-0.00263973
// ROW 756
// 756	0	0	0	0.00247229	-0.000729484	-0.00539021	2.75588e-05	0.00287666	-0.00262861
// ROW 757
// 757	0	0	0	0.00246185	-0.000726401	-0.00536743	2.74423e-05	0.0028645	-0.00261751
// ROW 758
// 758	0	0	0	0.0024514	-0.00072332	-0.00534467	2.7326e-05	0.00285235	-0.0026064
// ROW 759
// 759	0	0	0	0.00244097	-0.000720241	-0.00532191	2.72096e-05	0.00284021	-0.00259531
// ROW 760
// 760	0	0	0	0.00243054	-0.000717163	-0.00529917	2.70933e-05	0.00282807	-0.00258422
// ROW 761
// 761	0	0	0	0.00242011	-0.000714086	-0.00527644	2.69771e-05	0.00281594	-0.00257313
// ROW 762
// 762	0	0	0	0.00240969	-0.000711011	-0.00525372	2.68609e-05	0.00280382	-0.00256205
// ROW 763
// 763	0	0	0	0.00239927	-0.000707938	-0.00523101	2.67448e-05	0.00279169	-0.00255098
// ROW 764
// 764	0	0	0	0.00238886	-0.000704866	-0.00520831	2.66288e-05	0.00277958	-0.00253991
// ROW 765
// 765	0	0	0	0.00237845	-0.000701795	-0.00518562	2.65128e-05	0.00276747	-0.00252884
// ROW 766
// 766	0	0	0	0.00236805	-0.000698726	-0.00516294	2.63968e-05	0.00275537	-0.00251778
// ROW 767
// 767	0	0	0	0.00235766	-0.000695658	-0.00514027	2.62809e-05	0.00274327	-0.00250673
// ROW 768
// 768	0	0	0	0.00234726	-0.000692592	-0.00511762	2.61651e-05	0.00273118	-0.00249568
// ROW 769
// 769	0	0	0	0.00233688	-0.000689527	-0.00509497	2.60493e-05	0.0027191	-0.00248464
// ROW 770
// 770	0	0	0	0.0023265	-0.000686464	-0.00507234	2.59336e-05	0.00270702	-0.0024736
// ROW 771
// 771	0	0	0	0.00231612	-0.000683402	-0.00504971	2.58179e-05	0.00269494	-0.00246257
// ROW 772
// 772	0	0	0	0.00230575	-0.000680342	-0.0050271	2.57023e-05	0.00268287	-0.00245154
// ROW 773
// 773	0	0	0	0.00229538	-0.000677283	-0.0050045	2.55867e-05	0.00267081	-0.00244052
// ROW 774
// 774	0	0	0	0.00228502	-0.000674225	-0.00498191	2.54712e-05	0.00265875	-0.0024295
// ROW 775
// 775	0	0	0	0.00227466	-0.000671169	-0.00495932	2.53558e-05	0.0026467	-0.00241848
// ROW 776
// 776	0	0	0	0.00226431	-0.000668114	-0.00493675	2.52404e-05	0.00263466	-0.00240748
// ROW 777
// 777	0	0	0	0.00225396	-0.000665061	-0.00491419	2.5125e-05	0.00262262	-0.00239648
// ROW 778
// 778	0	0	0	0.00224361	-0.000662009	-0.00489164	2.50097e-05	0.00261058	-0.00238548
// ROW 779
// 779	0	0	0	0.00223328	-0.000658959	-0.0048691	2.48945e-05	0.00259855	-0.00237449
// ROW 780
// 780	0	0	0	0.00222294	-0.000655909	-0.00484657	2.47793e-05	0.00258653	-0.0023635
// ROW 781
// 781	0	0	0	0.00221261	-0.000652862	-0.00482405	2.46641e-05	0.00257451	-0.00235252
// ROW 782
// 782	0	0	0	0.00220229	-0.000649815	-0.00480154	2.4549e-05	0.00256249	-0.00234154
// ROW 783
// 783	0	0	0	0.00219197	-0.00064677	-0.00477903	2.4434e-05	0.00255049	-0.00233056
// ROW 784
// 784	0	0	0	0.00218165	-0.000643726	-0.00475654	2.4319e-05	0.00253848	-0.0023196
// ROW 785
// 785	0	0	0	0.00217134	-0.000640684	-0.00473406	2.42041e-05	0.00252649	-0.00230863
// ROW 786
// 786	0	0	0	0.00216103	-0.000637643	-0.00471159	2.40892e-05	0.00251449	-0.00229768
// ROW 787
// 787	0	0	0	0.00215073	-0.000634603	-0.00468913	2.39744e-05	0.00250251	-0.00228672
// ROW 788
// 788	0	0	0	0.00214044	-0.000631565	-0.00466668	2.38596e-05	0.00249052	-0.00227577
// ROW 789
// 789	0	0	0	0.00213014	-0.000628528	-0.00464424	2.37448e-05	0.00247855	-0.00226483
// ROW 790
// 790	0	0	0	0.00211985	-0.000625492	-0.00462181	2.36301e-05	0.00246658	-0.00225389
// ROW 791
// 791	0	0	0	0.00210957	-0.000622457	-0.00459939	2.35155e-05	0.00245461	-0.00224296
// ROW 792
// 792	0	0	0	0.00209929	-0.000619424	-0.00457697	2.34009e-05	0.00244265	-0.00223203
// ROW 793
// 793	0	0	0	0.00208901	-0.000616392	-0.00455457	2.32864e-05	0.00243069	-0.0022211
// ROW 794
// 794	0	0	0	0.00207874	-0.000613362	-0.00453218	2.31719e-05	0.00241874	-0.00221018
// ROW 795
// 795	0	0	0	0.00206848	-0.000610332	-0.00450979	2.30574e-05	0.0024068	-0.00219927
// ROW 796
// 796	0	0	0	0.00205821	-0.000607304	-0.00448742	2.29431e-05	0.00239486	-0.00218835
// ROW 797
// 797	0	0	0	0.00204796	-0.000604278	-0.00446506	2.28287e-05	0.00238292	-0.00217745
// ROW 798
// 798	0	0	0	0.0020377	-0.000601252	-0.0044427	2.27144e-05	0.00237099	-0.00216655
// ROW 799
// 799	0	0	0	0.00202745	-0.000598228	-0.00442035	2.26002e-05	0.00235906	-0.00215565
// ROW 800
// 800	0	0	0	0.00201721	-0.000595205	-0.00439802	2.2486e-05	0.00234714	-0.00214476
// ROW 801
// 801	0	0	0	0.00200697	-0.000592183	-0.00437569	2.23718e-05	0.00233523	-0.00213387
// ROW 802
// 802	0	0	0	0.00199673	-0.000589163	-0.00435337	2.22577e-05	0.00232332	-0.00212298
// ROW 803
// 803	0	0	0	0.0019865	-0.000586143	-0.00433106	2.21436e-05	0.00231141	-0.0021121
// ROW 804
// 804	0	0	0	0.00197627	-0.000583125	-0.00430876	2.20296e-05	0.00229951	-0.00210123
// ROW 805
// 805	0	0	0	0.00196605	-0.000580109	-0.00428647	2.19156e-05	0.00228761	-0.00209036
// ROW 806
// 806	0	0	0	0.00195583	-0.000577093	-0.00426419	2.18017e-05	0.00227572	-0.00207949
// ROW 807
// 807	0	0	0	0.00194561	-0.000574079	-0.00424191	2.16878e-05	0.00226383	-0.00206863
// ROW 808
// 808	0	0	0	0.0019354	-0.000571065	-0.00421965	2.1574e-05	0.00225195	-0.00205777
// ROW 809
// 809	0	0	0	0.00192519	-0.000568053	-0.00419739	2.14602e-05	0.00224007	-0.00204692
// ROW 810
// 810	0	0	0	0.00191499	-0.000565043	-0.00417515	2.13465e-05	0.0022282	-0.00203607
// ROW 811
// 811	0	0	0	0.00190479	-0.000562033	-0.00415291	2.12328e-05	0.00221633	-0.00202522
// ROW 812
// 812	0	0	0	0.00189459	-0.000559025	-0.00413068	2.11191e-05	0.00220447	-0.00201438
// ROW 813
// 813	0	0	0	0.0018844	-0.000556017	-0.00410846	2.10055e-05	0.00219261	-0.00200355
// ROW 814
// 814	0	0	0	0.00187421	-0.000553011	-0.00408624	2.08919e-05	0.00218076	-0.00199272
// ROW 815
// 815	0	0	0	0.00186403	-0.000550006	-0.00406404	2.07784e-05	0.00216891	-0.00198189
// ROW 816
// 816	0	0	0	0.00185385	-0.000547002	-0.00404184	2.06649e-05	0.00215706	-0.00197106
// ROW 817
// 817	0	0	0	0.00184367	-0.000544	-0.00401966	2.05515e-05	0.00214522	-0.00196024
// ROW 818
// 818	0	0	0	0.0018335	-0.000540998	-0.00399748	2.04381e-05	0.00213338	-0.00194943
// ROW 819
// 819	0	0	0	0.00182333	-0.000537998	-0.00397531	2.03248e-05	0.00212155	-0.00193862
// ROW 820
// 820	0	0	0	0.00181316	-0.000534999	-0.00395315	2.02115e-05	0.00210972	-0.00192781
// ROW 821
// 821	0	0	0	0.001803	-0.000532	-0.00393099	2.00982e-05	0.0020979	-0.00191701
// ROW 822
// 822	0	0	0	0.00179285	-0.000529003	-0.00390885	1.9985e-05	0.00208608	-0.00190621
// ROW 823
// 823	0	0	0	0.00178269	-0.000526008	-0.00388671	1.98718e-05	0.00207427	-0.00189541
// ROW 824
// 824	0	0	0	0.00177254	-0.000523013	-0.00386458	1.97586e-05	0.00206246	-0.00188462
// ROW 825
// 825	0	0	0	0.0017624	-0.000520019	-0.00384246	1.96455e-05	0.00205065	-0.00187383
// ROW 826
// 826	0	0	0	0.00175225	-0.000517026	-0.00382035	1.95325e-05	0.00203885	-0.00186305
// ROW 827
// 827	0	0	0	0.00174211	-0.000514035	-0.00379824	1.94195e-05	0.00202705	-0.00185227
// ROW 828
// 828	0	0	0	0.00173198	-0.000511044	-0.00377615	1.93065e-05	0.00201526	-0.00184149
// ROW 829
// 829	0	0	0	0.00172185	-0.000508055	-0.00375406	1.91936e-05	0.00200347	-0.00183072
// ROW 830
// 830	0	0	0	0.00171172	-0.000505067	-0.00373198	1.90807e-05	0.00199169	-0.00181995
// ROW 831
// 831	0	0	0	0.0017016	-0.000502079	-0.0037099	1.89678e-05	0.00197991	-0.00180919
// ROW 832
// 832	0	0	0	0.00169148	-0.000499093	-0.00368784	1.8855e-05	0.00196813	-0.00179843
// ROW 833
// 833	0	0	0	0.00168136	-0.000496108	-0.00366578	1.87422e-05	0.00195636	-0.00178767
// ROW 834
// 834	0	0	0	0.00167124	-0.000493124	-0.00364373	1.86295e-05	0.00194459	-0.00177692
// ROW 835
// 835	0	0	0	0.00166113	-0.00049014	-0.00362169	1.85168e-05	0.00193283	-0.00176617
// ROW 836
// 836	0	0	0	0.00165103	-0.000487158	-0.00359965	1.84041e-05	0.00192107	-0.00175542
// ROW 837
// 837	0	0	0	0.00164093	-0.000484177	-0.00357762	1.82915e-05	0.00190931	-0.00174468
// ROW 838
// 838	0	0	0	0.00163083	-0.000481197	-0.0035556	1.81789e-05	0.00189756	-0.00173394
// ROW 839
// 839	0	0	0	0.00162073	-0.000478218	-0.00353359	1.80664e-05	0.00188581	-0.00172321
// ROW 840
// 840	0	0	0	0.00161064	-0.00047524	-0.00351159	1.79539e-05	0.00187407	-0.00171248
// ROW 841
// 841	0	0	0	0.00160055	-0.000472263	-0.00348959	1.78414e-05	0.00186233	-0.00170175
// ROW 842
// 842	0	0	0	0.00159046	-0.000469287	-0.0034676	1.7729e-05	0.0018506	-0.00169102
// ROW 843
// 843	0	0	0	0.00158038	-0.000466312	-0.00344562	1.76166e-05	0.00183886	-0.0016803
// ROW 844
// 844	0	0	0	0.0015703	-0.000463338	-0.00342364	1.75042e-05	0.00182714	-0.00166959
// ROW 845
// 845	0	0	0	0.00156022	-0.000460365	-0.00340167	1.73919e-05	0.00181541	-0.00165887
// ROW 846
// 846	0	0	0	0.00155015	-0.000457392	-0.00337971	1.72796e-05	0.00180369	-0.00164816
// ROW 847
// 847	0	0	0	0.00154008	-0.000454421	-0.00335775	1.71674e-05	0.00179197	-0.00163746
// ROW 848
// 848	0	0	0	0.00153001	-0.000451451	-0.00333581	1.70551e-05	0.00178026	-0.00162675
// ROW 849
// 849	0	0	0	0.00151995	-0.000448482	-0.00331387	1.6943e-05	0.00176855	-0.00161605
// ROW 850
// 850	0	0	0	0.00150989	-0.000445513	-0.00329193	1.68308e-05	0.00175685	-0.00160536
// ROW 851
// 851	0	0	0	0.00149983	-0.000442546	-0.00327001	1.67187e-05	0.00174514	-0.00159466
// ROW 852
// 852	0	0	0	0.00148978	-0.000439579	-0.00324809	1.66066e-05	0.00173344	-0.00158398
// ROW 853
// 853	0	0	0	0.00147973	-0.000436614	-0.00322617	1.64946e-05	0.00172175	-0.00157329
// ROW 854
// 854	0	0	0	0.00146968	-0.000433649	-0.00320427	1.63826e-05	0.00171006	-0.00156261
// ROW 855
// 855	0	0	0	0.00145963	-0.000430685	-0.00318237	1.62706e-05	0.00169837	-0.00155193
// ROW 856
// 856	0	0	0	0.00144959	-0.000427722	-0.00316047	1.61587e-05	0.00168669	-0.00154125
// ROW 857
// 857	0	0	0	0.00143955	-0.00042476	-0.00313859	1.60468e-05	0.00167501	-0.00153058
// ROW 858
// 858	0	0	0	0.00142952	-0.000421799	-0.00311671	1.59349e-05	0.00166333	-0.00151991
// ROW 859
// 859	0	0	0	0.00141949	-0.000418839	-0.00309483	1.58231e-05	0.00165166	-0.00150924
// ROW 860
// 860	0	0	0	0.00140946	-0.000415879	-0.00307297	1.57113e-05	0.00163999	-0.00149858
// ROW 861
// 861	0	0	0	0.00139943	-0.000412921	-0.00305111	1.55995e-05	0.00162832	-0.00148792
// ROW 862
// 862	0	0	0	0.00138941	-0.000409963	-0.00302925	1.54878e-05	0.00161666	-0.00147726
// ROW 863
// 863	0	0	0	0.00137939	-0.000407007	-0.0030074	1.53761e-05	0.001605	-0.0014666
// ROW 864
// 864	0	0	0	0.00136937	-0.000404051	-0.00298556	1.52644e-05	0.00159334	-0.00145595
// ROW 865
// 865	0	0	0	0.00135935	-0.000401096	-0.00296373	1.51528e-05	0.00158169	-0.0014453
// ROW 866
// 866	0	0	0	0.00134934	-0.000398141	-0.0029419	1.50412e-05	0.00157004	-0.00143466
// ROW 867
// 867	2.73807e-09	5.47632e-09	1.91671e-08	0.00133933	-0.000395188	-0.00292008	1.49296e-05	0.00155839	-0.00142402
// ROW 868
// 868	2.73807e-09	5.47632e-09	1.91671e-08	0.00132932	-0.000392235	-0.00289826	1.48181e-05	0.00154675	-0.00141338
// ROW 869
// 869	2.73807e-09	5.47632e-09	1.91671e-08	0.00131932	-0.000389284	-0.00287645	1.47066e-05	0.00153511	-0.00140274
// ROW 870
// 870	2.73807e-09	5.47632e-09	1.91671e-08	0.00130932	-0.000386333	-0.00285464	1.45951e-05	0.00152347	-0.00139211
// ROW 871
// 871	2.73807e-09	5.47632e-09	1.91671e-08	0.00129932	-0.000383383	-0.00283284	1.44836e-05	0.00151184	-0.00138148
// ROW 872
// 872	2.73807e-09	5.47632e-09	1.91671e-08	0.00128933	-0.000380433	-0.00281105	1.43722e-05	0.00150021	-0.00137085
// ROW 873
// 873	2.73807e-09	5.47632e-09	1.91671e-08	0.00127933	-0.000377485	-0.00278926	1.42608e-05	0.00148858	-0.00136022
// ROW 874
// 874	2.73807e-09	5.47632e-09	1.91671e-08	0.00126934	-0.000374537	-0.00276748	1.41494e-05	0.00147696	-0.0013496
// ROW 875
// 875	2.73807e-09	5.47632e-09	1.91671e-08	0.00125936	-0.00037159	-0.00274571	1.40381e-05	0.00146533	-0.00133898
// ROW 876
// 876	2.73807e-09	5.47632e-09	1.91671e-08	0.00124937	-0.000368644	-0.00272394	1.39268e-05	0.00145372	-0.00132837
// ROW 877
// 877	2.73807e-09	5.47632e-09	1.91671e-08	0.00123939	-0.000365698	-0.00270217	1.38155e-05	0.0014421	-0.00131775
// ROW 878
// 878	2.73807e-09	5.47632e-09	1.91671e-08	0.00122941	-0.000362754	-0.00268042	1.37043e-05	0.00143049	-0.00130714
// ROW 879
// 879	2.73807e-09	5.47632e-09	1.91671e-08	0.00121943	-0.00035981	-0.00265866	1.35931e-05	0.00141888	-0.00129654
// ROW 880
// 880	2.73807e-09	5.47632e-09	1.91671e-08	0.00120946	-0.000356867	-0.00263692	1.34819e-05	0.00140727	-0.00128593
// ROW 881
// 881	2.73807e-09	5.47632e-09	1.91671e-08	0.00119948	-0.000353924	-0.00261517	1.33707e-05	0.00139567	-0.00127533
// ROW 882
// 882	2.73807e-09	5.47632e-09	1.91671e-08	0.00118951	-0.000350983	-0.00259344	1.32596e-05	0.00138407	-0.00126473
// ROW 883
// 883	2.73807e-09	5.47632e-09	1.91671e-08	0.00117955	-0.000348042	-0.00257171	1.31485e-05	0.00137247	-0.00125413
// ROW 884
// 884	2.73807e-09	5.47632e-09	1.91671e-08	0.00116958	-0.000345101	-0.00254998	1.30374e-05	0.00136088	-0.00124354
// ROW 885
// 885	2.73807e-09	5.47632e-09	1.91671e-08	0.00115962	-0.000342162	-0.00252826	1.29264e-05	0.00134929	-0.00123294
// ROW 886
// 886	2.73807e-09	5.47632e-09	1.91671e-08	0.00114966	-0.000339223	-0.00250655	1.28153e-05	0.0013377	-0.00122235
// ROW 887
// 887	2.73807e-09	5.47632e-09	1.91671e-08	0.0011397	-0.000336285	-0.00248484	1.27043e-05	0.00132611	-0.00121177
// ROW 888
// 888	2.73807e-09	5.47632e-09	1.91671e-08	0.00112975	-0.000333348	-0.00246313	1.25934e-05	0.00131453	-0.00120118
// ROW 889
// 889	2.73807e-09	5.47632e-09	1.91671e-08	0.0011198	-0.000330411	-0.00244143	1.24824e-05	0.00130295	-0.0011906
// ROW 890
// 890	2.73807e-09	5.47632e-09	1.91671e-08	0.00110985	-0.000327475	-0.00241974	1.23715e-05	0.00129137	-0.00118002
// ROW 891
// 891	2.73807e-09	5.47632e-09	1.91671e-08	0.0010999	-0.00032454	-0.00239805	1.22606e-05	0.0012798	-0.00116944
// ROW 892
// 892	2.73807e-09	5.47632e-09	1.91671e-08	0.00108995	-0.000321605	-0.00237637	1.21498e-05	0.00126822	-0.00115887
// ROW 893
// 893	2.73807e-09	5.47632e-09	1.91671e-08	0.00108001	-0.000318671	-0.00235469	1.20389e-05	0.00125666	-0.0011483
// ROW 894
// 894	2.73807e-09	5.47632e-09	1.91671e-08	0.00107007	-0.000315738	-0.00233301	1.19281e-05	0.00124509	-0.00113773
// ROW 895
// 895	2.73807e-09	5.47632e-09	1.91671e-08	0.00106013	-0.000312806	-0.00231135	1.18173e-05	0.00123352	-0.00112716
// ROW 896
// 896	0	0	0	0.00105019	-0.000309874	-0.00228968	1.17066e-05	0.00122196	-0.0011166
// ROW 897
// 897	0	0	0	0.00104026	-0.000306942	-0.00226802	1.15958e-05	0.0012104	-0.00110603
// ROW 898
// 898	0	0	0	0.00103033	-0.000304012	-0.00224637	1.14851e-05	0.00119885	-0.00109547
// ROW 899
// 899	0	0	0	0.0010204	-0.000301082	-0.00222472	1.13744e-05	0.00118729	-0.00108492
// ROW 900
// 900	0	0	0	0.00101047	-0.000298153	-0.00220307	1.12638e-05	0.00117574	-0.00107436
// ROW 901
// 901	0	0	0	0.00100054	-0.000295224	-0.00218143	1.11531e-05	0.00116419	-0.00106381
// ROW 902
// 902	0	0	0	0.000990619	-0.000292296	-0.0021598	1.10425e-05	0.00115264	-0.00105326
// ROW 903
// 903	0	0	0	0.000980698	-0.000289368	-0.00213817	1.09319e-05	0.0011411	-0.00104271
// ROW 904
// 904	0	0	0	0.000970778	-0.000286441	-0.00211654	1.08213e-05	0.00112956	-0.00103216
// ROW 905
// 905	0	0	0	0.000960861	-0.000283515	-0.00209492	1.07108e-05	0.00111802	-0.00102162
// ROW 906
// 906	0	0	0	0.000950946	-0.000280589	-0.0020733	1.06002e-05	0.00110648	-0.00101107
// ROW 907
// 907	0	0	0	0.000941032	-0.000277664	-0.00205168	1.04897e-05	0.00109495	-0.00100053
// ROW 908
// 908	0	0	0	0.000931121	-0.00027474	-0.00203007	1.03793e-05	0.00108341	-0.000989995
// ROW 909
// 909	0	0	0	0.000921211	-0.000271816	-0.00200847	1.02688e-05	0.00107188	-0.000979459
// ROW 910
// 910	0	0	0	0.000911304	-0.000268893	-0.00198687	1.01584e-05	0.00106036	-0.000968925
// ROW 911
// 911	0	0	0	0.000901398	-0.00026597	-0.00196527	1.00479e-05	0.00104883	-0.000958393
// ROW 912
// 912	0	0	0	0.000891494	-0.000263047	-0.00194368	9.93754e-06	0.00103731	-0.000947863
// ROW 913
// 913	0	0	0	0.000881592	-0.000260126	-0.00192209	9.82716e-06	0.00102579	-0.000937335
// ROW 914
// 914	0	0	0	0.000871692	-0.000257205	-0.00190051	9.71681e-06	0.00101427	-0.000926809
// ROW 915
// 915	0	0	0	0.000861794	-0.000254284	-0.00187892	9.60647e-06	0.00100275	-0.000916285
// ROW 916
// 916	0	0	0	0.000851897	-0.000251364	-0.00185735	9.49615e-06	0.000991234	-0.000905763
// ROW 917
// 917	0	0	0	0.000842003	-0.000248444	-0.00183578	9.38586e-06	0.00097972	-0.000895242
// ROW 918
// 918	0	0	0	0.00083211	-0.000245525	-0.00181421	9.27558e-06	0.000968209	-0.000884724
// ROW 919
// 919	0	0	0	0.000822219	-0.000242607	-0.00179264	9.16532e-06	0.000956701	-0.000874207
// ROW 920
// 920	0	0	0	0.000812329	-0.000239689	-0.00177108	9.05509e-06	0.000945194	-0.000863693
// ROW 921
// 921	0	0	0	0.000802442	-0.000236771	-0.00174952	8.94487e-06	0.000933689	-0.00085318
// ROW 922
// 922	0	0	0	0.000792555	-0.000233854	-0.00172797	8.83467e-06	0.000922186	-0.000842668
// ROW 923
// 923	0	0	0	0.000782671	-0.000230938	-0.00170642	8.72449e-06	0.000910685	-0.000832159
// ROW 924
// 924	0	0	0	0.000772788	-0.000228022	-0.00168487	8.61432e-06	0.000899185	-0.000821651
// ROW 925
// 925	0	0	0	0.000762907	-0.000225106	-0.00166333	8.50418e-06	0.000887688	-0.000811145
// ROW 926
// 926	0	0	0	0.000753028	-0.000222191	-0.00164179	8.39405e-06	0.000876193	-0.000800641
// ROW 927
// 927	0	0	0	0.00074315	-0.000219276	-0.00162025	8.28394e-06	0.000864699	-0.000790139
// ROW 928
// 928	0	0	0	0.000733273	-0.000216362	-0.00159872	8.17384e-06	0.000853207	-0.000779638
// ROW 929
// 929	0	0	0	0.000723398	-0.000213449	-0.00157719	8.06377e-06	0.000841717	-0.000769139
// ROW 930
// 930	0	0	0	0.000713525	-0.000210535	-0.00155566	7.95371e-06	0.000830229	-0.000758641
// ROW 931
// 931	0	0	0	0.000703653	-0.000207622	-0.00153414	7.84367e-06	0.000818742	-0.000748145
// ROW 932
// 932	0	0	0	0.000693783	-0.00020471	-0.00151262	7.73364e-06	0.000807258	-0.00073765
// ROW 933
// 933	0	0	0	0.000683914	-0.000201798	-0.0014911	7.62363e-06	0.000795775	-0.000727157
// ROW 934
// 934	0	0	0	0.000674046	-0.000198887	-0.00146959	7.51364e-06	0.000784293	-0.000716666
// ROW 935
// 935	0	0	0	0.00066418	-0.000195975	-0.00144808	7.40366e-06	0.000772813	-0.000706176
// ROW 936
// 936	0	0	0	0.000654316	-0.000193065	-0.00142657	7.2937e-06	0.000761335	-0.000695688
// ROW 937
// 937	0	0	0	0.000644452	-0.000190154	-0.00140507	7.18375e-06	0.000749859	-0.000685201
// ROW 938
// 938	0	0	0	0.00063459	-0.000187244	-0.00138356	7.07382e-06	0.000738384	-0.000674715
// ROW 939
// 939	0	0	0	0.00062473	-0.000184335	-0.00136207	6.9639e-06	0.00072691	-0.000664231
// ROW 940
// 940	0	0	0	0.00061487	-0.000181426	-0.00134057	6.854e-06	0.000715438	-0.000653748
// ROW 941
// 941	0	0	0	0.000605012	-0.000178517	-0.00131908	6.74411e-06	0.000703968	-0.000643267
// ROW 942
// 942	0	0	0	0.000595155	-0.000175609	-0.00129759	6.63423e-06	0.000692499	-0.000632787
// ROW 943
// 943	0	0	0	0.0005853	-0.000172701	-0.0012761	6.52438e-06	0.000681031	-0.000622308
// ROW 944
// 944	0	0	0	0.000575446	-0.000169793	-0.00125461	6.41453e-06	0.000669565	-0.000611831
// ROW 945
// 945	0	0	0	0.000565592	-0.000166886	-0.00123313	6.3047e-06	0.000658101	-0.000601355
// ROW 946
// 946	0	0	0	0.00055574	-0.000163979	-0.00121165	6.19487e-06	0.000646637	-0.00059088
// ROW 947
// 947	0	0	0	0.00054589	-0.000161072	-0.00119018	6.08507e-06	0.000635175	-0.000580406
// ROW 948
// 948	0	0	0	0.00053604	-0.000158166	-0.0011687	5.97527e-06	0.000623715	-0.000569934
// ROW 949
// 949	0	0	0	0.000526192	-0.00015526	-0.00114723	5.86549e-06	0.000612255	-0.000559462
// ROW 950
// 950	0	0	0	0.000516344	-0.000152354	-0.00112576	5.75573e-06	0.000600797	-0.000548992
// ROW 951
// 951	0	0	0	0.000506498	-0.000149449	-0.00110429	5.64596e-06	0.00058934	-0.000538523
// ROW 952
// 952	0	0	0	0.000496653	-0.000146544	-0.00108283	5.53622e-06	0.000577885	-0.000528056
// ROW 953
// 953	0	0	0	0.000486808	-0.000143639	-0.00106136	5.42648e-06	0.000566431	-0.000517589
// ROW 954
// 954	0	0	0	0.000476965	-0.000140735	-0.0010399	5.31676e-06	0.000554977	-0.000507123
// ROW 955
// 955	0	0	0	0.000467123	-0.000137831	-0.00101844	5.20705e-06	0.000543525	-0.000496659
// ROW 956
// 956	0	0	0	0.000457282	-0.000134927	-0.000996988	5.09735e-06	0.000532075	-0.000486195
// ROW 957
// 957	0	0	0	0.000447441	-0.000132024	-0.000975534	4.98766e-06	0.000520625	-0.000475733
// ROW 958
// 958	0	0	0	0.000437602	-0.00012912	-0.000954081	4.87798e-06	0.000509176	-0.000465271
// ROW 959
// 959	0	0	0	0.000427764	-0.000126218	-0.000932631	4.76831e-06	0.000497729	-0.000454811
// ROW 960
// 960	0	0	0	0.000417926	-0.000123315	-0.000911183	4.65865e-06	0.000486282	-0.000444351
// ROW 961
// 961	0	0	0	0.00040809	-0.000120412	-0.000889737	4.549e-06	0.000474837	-0.000433893
// ROW 962
// 962	0	0	0	0.000398254	-0.00011751	-0.000868292	4.43936e-06	0.000463392	-0.000423435
// ROW 963
// 963	0	0	0	0.000388419	-0.000114608	-0.00084685	4.32973e-06	0.000451948	-0.000412978
// ROW 964
// 964	0	0	0	0.000378585	-0.000111707	-0.000825409	4.2201e-06	0.000440506	-0.000402522
// ROW 965
// 965	0	0	0	0.000368751	-0.000108805	-0.000803969	4.11049e-06	0.000429064	-0.000392067
// ROW 966
// 966	0	0	0	0.000358919	-0.000105904	-0.000782532	4.00089e-06	0.000417623	-0.000381613
// ROW 967
// 967	0	0	0	0.000349087	-0.000103003	-0.000761096	3.89129e-06	0.000406183	-0.000371159
// ROW 968
// 968	0	0	0	0.000339256	-0.000100102	-0.000739662	3.78171e-06	0.000394744	-0.000360707
// ROW 969
// 969	0	0	0	0.000329425	-9.72015e-05	-0.000718229	3.67212e-06	0.000383306	-0.000350255
// ROW 970
// 970	0	0	0	0.000319596	-9.43011e-05	-0.000696798	3.56255e-06	0.000371869	-0.000339804
// ROW 971
// 971	0	0	0	0.000309767	-9.14009e-05	-0.000675368	3.45299e-06	0.000360432	-0.000329353
// ROW 972
// 972	0	0	0	0.000299938	-8.85009e-05	-0.00065394	3.34343e-06	0.000348996	-0.000318903
// ROW 973
// 973	0	0	0	0.000290111	-8.56011e-05	-0.000632513	3.23388e-06	0.000337561	-0.000308454
// ROW 974
// 974	0	0	0	0.000280283	-8.27014e-05	-0.000611087	3.12434e-06	0.000326126	-0.000298006
// ROW 975
// 975	0	0	0	0.000270457	-7.9802e-05	-0.000589663	3.0148e-06	0.000314693	-0.000287558
// ROW 976
// 976	0	0	0	0.000260631	-7.69027e-05	-0.00056824	2.90526e-06	0.00030326	-0.00027711
// ROW 977
// 977	0	0	0	0.000250805	-7.40035e-05	-0.000546818	2.79575e-06	0.000291827	-0.000266664
// ROW 978
// 978	0	0	0	0.00024098	-7.11046e-05	-0.000525397	2.68622e-06	0.000280395	-0.000256218
// ROW 979
// 979	0	0	0	0.000231156	-6.82057e-05	-0.000503978	2.57671e-06	0.000268964	-0.000245772
// ROW 980
// 980	0	0	0	0.000221332	-6.53071e-05	-0.000482559	2.4672e-06	0.000257533	-0.000235327
// ROW 981
// 981	0	0	0	0.000211509	-6.24085e-05	-0.000461141	2.3577e-06	0.000246103	-0.000224882
// ROW 982
// 982	0	0	0	0.000201686	-5.95101e-05	-0.000439725	2.2482e-06	0.000234673	-0.000214438
// ROW 983
// 983	0	0	0	0.000191863	-5.66118e-05	-0.000418309	2.13871e-06	0.000223244	-0.000203994
// ROW 984
// 984	0	0	0	0.000182041	-5.37136e-05	-0.000396894	2.02922e-06	0.000211815	-0.000193551
// ROW 985
// 985	0	0	0	0.000172219	-5.08155e-05	-0.00037548	1.91974e-06	0.000200387	-0.000183108
// ROW 986
// 986	0	0	0	0.000162397	-4.79176e-05	-0.000354067	1.81025e-06	0.000188959	-0.000172666
// ROW 987
// 987	0	0	0	0.000152576	-4.50197e-05	-0.000332654	1.70078e-06	0.000177532	-0.000162224
// ROW 988
// 988	0	0	0	0.000142756	-4.2122e-05	-0.000311243	1.59131e-06	0.000166105	-0.000151782
// ROW 989
// 989	0	0	0	0.000132935	-3.92243e-05	-0.000289831	1.48183e-06	0.000154678	-0.00014134
// ROW 990
// 990	0	0	0	0.000123115	-3.63267e-05	-0.000268421	1.37237e-06	0.000143251	-0.000130899
// ROW 991
// 991	0	0	0	0.000113295	-3.34292e-05	-0.000247011	1.26291e-06	0.000131825	-0.000120458
// ROW 992
// 992	0	0	0	0.000103475	-3.05317e-05	-0.000225602	1.15344e-06	0.000120399	-0.000110018
// ROW 993
// 993	0	0	0	9.36556e-05	-2.76344e-05	-0.000204192	1.04399e-06	0.000108974	-9.95774e-05
// ROW 994
// 994	0	0	0	8.38363e-05	-2.4737e-05	-0.000182784	9.34529e-07	9.75485e-05	-8.91372e-05
// ROW 995
// 995	0	0	0	7.40171e-05	-2.18398e-05	-0.000161376	8.25075e-07	8.61234e-05	-7.86972e-05
// ROW 996
// 996	0	0	0	6.41981e-05	-1.89425e-05	-0.000139968	7.15624e-07	7.46984e-05	-6.82574e-05
// ROW 997
// 997	0	0	0	5.43793e-05	-1.60453e-05	-0.00011856	6.06172e-07	6.32735e-05	-5.78177e-05
// ROW 998
// 998	0	0	0	4.45605e-05	-1.31482e-05	-9.7153e-05	4.96718e-07	5.18488e-05	-4.73781e-05
// ROW 999
// 999	0	0	0	3.47419e-05	-1.02511e-05	-7.57459e-05	3.8727e-07	4.04242e-05	-3.69386e-05
// ROW 1000
// 1000	0	0	0	0	0	0	0	0	0
// ROW 1001
// 1001	0	1.11932e-23	-1.11838e-23	6.97944e-07	-1.3023e-15	-1.70502e-06	1.07839e-06	1.70538e-06	-1.70538e-06
// ROW 1002
// 1002	0	0	0	0	0	0	0	0	0
// ROW 1003
// 1003	0	0	0	4.9309e-11	-1.45333e-11	-1.07492e-10	5.43476e-13	5.7353e-11	-5.24294e-11
// END of Values

// END of File